{
  "amortized_improvement_vs_sequential": 1.1606984376766656,
  "batch_elapsed_runs_sec": [
    0.0003109639510512352,
    0.00030908104963600636,
    0.00030026002787053585,
    0.0003021161537617445,
    0.0003006500191986561,
    0.00030091102235019207,
    0.0002984169404953718,
    0.0003013450186699629,
    0.0002933479845523834,
    0.0002925179433077574,
    0.0002943540457636118
  ],
  "batch_median_sec": 0.0003006500191986561,
  "batch_per_request_median_sec": 7.516250479966402e-05,
  "batch_results": [
    {
      "bounded_neighbor_count": 37260,
      "kth_id_checksum": 537169174,
      "nearest_id_checksum": 536854528,
      "precision": "float32",
      "query_count": 32768,
      "query_resident": true,
      "sum_distance": 33.87553850945551
    },
    {
      "bounded_neighbor_count": 68270,
      "kth_id_checksum": 537137514,
      "nearest_id_checksum": 536854528,
      "precision": "float32",
      "query_count": 32768,
      "query_resident": true,
      "sum_distance": 532.354934536037
    },
    {
      "bounded_neighbor_count": 150950,
      "kth_id_checksum": 536948581,
      "nearest_id_checksum": 536854528,
      "precision": "float32",
      "query_count": 32768,
      "query_resident": true,
      "sum_distance": 2654.0831223354908
    },
    {
      "bounded_neighbor_count": 308758,
      "kth_id_checksum": 535305340,
      "nearest_id_checksum": 536854528,
      "precision": "float32",
      "query_count": 32768,
      "query_resident": true,
      "sum_distance": 8250.115642231074
    }
  ],
  "batch_results_match_sequential": true,
  "claim_boundary": {
    "heterogeneous_batch_internal_evidence_only": true,
    "public_speedup_claim_authorized": false,
    "rtdl_beats_rtnn_claim_authorized": false,
    "single_request_speedup_claim_authorized": false,
    "v2_5_release_claim_authorized": false,
    "whole_app_speedup_claim_authorized": false
  },
  "distribution": "uniform",
  "generated": {
    "dimension": 3,
    "format": "rtnn_csv_xyz",
    "path": "/tmp/goal2821_32768_bfyjw52k/uniform_32768.csv",
    "point_count": 32768,
    "seed": 35589
  },
  "goal": "Goal2821",
  "gpu": "NVIDIA RTX A5000, 570.211.01",
  "phase_summary_after_batch": {
    "candidate_count_pass": 0.00025976,
    "candidate_write_pass": 0.0,
    "count_download_and_prefix": 0.0,
    "emitted_count": 131072,
    "exact_refine": 0.0,
    "mode": "prepared_query_uniform_cell_ranked_summary_aggregate_f32_batch_block_partials",
    "prepare": 0.0,
    "raw_candidate_count": 565238,
    "row_download": 1.4789e-05,
    "row_offset_upload": 0.0,
    "upload": 0.0
  },
  "point_count": 32768,
  "requests": [
    {
      "k_max": 8,
      "radius": 0.01
    },
    {
      "k_max": 16,
      "radius": 0.02
    },
    {
      "k_max": 32,
      "radius": 0.03
    },
    {
      "k_max": 50,
      "radius": 0.04
    }
  ],
  "sequential_elapsed_runs_sec": [
    0.0003644349053502083,
    0.0003501218743622303,
    0.00034942314960062504,
    0.0003489640075713396,
    0.00034734606742858887,
    0.00034972093999385834,
    0.00034943013451993465,
    0.00034315604716539383,
    0.0003340821713209152,
    0.00033643096685409546,
    0.000336978817358613
  ],
  "sequential_per_request_median_sec": 8.72410018928349e-05,
  "sequential_total_median_sec": 0.0003489640075713396,
  "source_commit": "17302d0f02bc0630cd7f4993309727d1bd47ebb7",
  "source_dirty": [],
  "status": "pass"
}