{
  "claim_boundary": {
    "default_runtime_changed": false,
    "public_speedup_claim_authorized": false,
    "rtnn_paper_reproduction_claim_authorized": false,
    "same_shape_graph_request_update_probe": true,
    "v2_5_release_authorized": false,
    "whole_app_speedup_claim_authorized": false
  },
  "direct_a_matches_graph_a": true,
  "direct_b_matches_updated_graph_b": true,
  "goal": "Goal2827",
  "phase_after_update": {
    "candidate_count_pass": 0.000316169,
    "candidate_write_pass": 0.0,
    "count_download_and_prefix": 0.0,
    "emitted_count": 131072,
    "exact_refine": 0.0,
    "mode": "prepared_query_uniform_cell_ranked_summary_aggregate_f32_batch_cuda_graph_replay",
    "prepare": 0.0,
    "raw_candidate_count": 408686,
    "row_download": 1.3062e-05,
    "row_offset_upload": 0.0,
    "upload": 0.0
  },
  "point_count": 32768,
  "rebuild_replay_median_sec": 0.0003966710064560175,
  "rebuild_replay_sec": [
    0.0004169880412518978,
    0.000395813025534153,
    0.00040594302117824554,
    0.00038882484659552574,
    0.00040990300476551056,
    0.0003890430089086294,
    0.00040001911111176014,
    0.00038607395254075527,
    0.00040503707714378834,
    0.00038905791006982327,
    0.0004005609080195427,
    0.00038847210817039013,
    0.0004008358810096979,
    0.00038458104245364666,
    0.0003996628802269697,
    0.0003832310903817415,
    0.00040172901935875416,
    0.00038679689168930054,
    0.000397528987377882,
    0.00038467696867883205
  ],
  "request_buffer_update_count_after_b": 1,
  "request_count": 4,
  "same_shape_request_update": true,
  "update_replay_median_sec": 0.0003735420759767294,
  "update_replay_sec": [
    0.000393575057387352,
    0.0003787998575717211,
    0.00038000219501554966,
    0.00036625401116907597,
    0.00037432298995554447,
    0.0003628379199653864,
    0.00037539098411798477,
    0.0003646998666226864,
    0.0003774510696530342,
    0.0003636041656136513,
    0.000375513918697834,
    0.00036515691317617893,
    0.00037465011700987816,
    0.00036262208595871925,
    0.0003767011221498251,
    0.0003663238603621721,
    0.0003727611619979143,
    0.00036271102726459503,
    0.0003768429160118103,
    0.00036244792863726616
  ],
  "update_replay_vs_rebuild_replay": 1.0619178720865945
}
