{
  "baseline": {
    "name": "v1_8_one_shot_native_optix_road_hazard_rows",
    "query_samples_s": [
      0.032063630991615355,
      0.024734026053920388,
      0.024609062005765736
    ],
    "query_summary": {
      "max_s": 0.032063630991615355,
      "median_s": 0.024734026053920388,
      "min_s": 0.024609062005765736
    },
    "row_count": 256
  },
  "claim_boundary": {
    "broad_rt_core_speedup_claim_authorized": false,
    "package_install_claim_authorized": false,
    "partner_output_columns_true_zero_copy_authorized": true,
    "same_contract_timing_row": true,
    "v2_0_release_authorized": false,
    "whole_app_speedup_claim_authorized": false
  },
  "count": 256,
  "git_commit": "f01ec3f5bf660ae0ed841ca0455f91c99181cdd1",
  "goal": "Goal1869",
  "goal_extension": "Goal1889",
  "gpu": "NVIDIA GeForce GTX 1070, 580.126.09",
  "iterations": 3,
  "output_capacity": 98304,
  "parity": {
    "expected_row_count": 256,
    "strict_priority_flags_match": true
  },
  "partners": {
    "cupy": {
      "column_build_s": 0.002991201006807387,
      "goal1889_prepared_reuse": {
        "output_contract": "prepared_partner_owned_road_hazard_priority_columns",
        "prepared_scene_reused": true,
        "query_median_ratio_vs_goal1869_unprepared_partner": 0.5924392031536977,
        "query_median_ratio_vs_v1_8_one_shot_native": 0.05249816691010123,
        "query_median_ratio_vs_v1_8_prepared_native": 2.46392523455324,
        "query_samples_s": [
          0.0013785259798169136,
          0.001298491028137505,
          0.0012903920141980052
        ],
        "query_summary": {
          "max_s": 0.0013785259798169136,
          "median_s": 0.001298491028137505,
          "min_s": 0.0012903920141980052
        },
        "row_count": 256,
        "witness_output_columns_reused": true
      },
      "output_contract": "partner_owned_road_hazard_priority_columns",
      "query_median_ratio_vs_v1_8_one_shot_native": 0.08861359381796603,
      "query_median_ratio_vs_v1_8_prepared_native": 4.158950355474735,
      "query_samples_s": [
        0.2709933309815824,
        0.0021917709382250905,
        0.0019924549851566553
      ],
      "query_summary": {
        "max_s": 0.2709933309815824,
        "median_s": 0.0021917709382250905,
        "min_s": 0.0019924549851566553
      },
      "row_count": 256
    },
    "torch": {
      "column_build_s": 0.011881337035447359,
      "goal1889_prepared_reuse": {
        "output_contract": "prepared_partner_owned_road_hazard_priority_columns",
        "prepared_scene_reused": true,
        "query_median_ratio_vs_goal1869_unprepared_partner": 0.48271933665580863,
        "query_median_ratio_vs_v1_8_one_shot_native": 0.033534576213139426,
        "query_median_ratio_vs_v1_8_prepared_native": 1.573896641059762,
        "query_samples_s": [
          0.0008294450817629695,
          0.0008141039870679379,
          0.0008638310246169567
        ],
        "query_summary": {
          "max_s": 0.0008638310246169567,
          "median_s": 0.0008294450817629695,
          "min_s": 0.0008141039870679379
        },
        "row_count": 256,
        "witness_output_columns_reused": true
      },
      "output_contract": "partner_owned_road_hazard_priority_columns",
      "query_median_ratio_vs_v1_8_one_shot_native": 0.06947013236606771,
      "query_median_ratio_vs_v1_8_prepared_native": 3.2604797892776167,
      "query_samples_s": [
        0.10122891108039767,
        0.0017182760639116168,
        0.0014778940239921212
      ],
      "query_summary": {
        "max_s": 0.10122891108039767,
        "median_s": 0.0017182760639116168,
        "min_s": 0.0014778940239921212
      },
      "row_count": 256
    }
  },
  "prepared_baseline": {
    "name": "v1_8_prepared_native_optix_road_hazard_rows",
    "query_samples_s": [
      0.001416663988493383,
      0.0005270009860396385,
      0.0005029869498685002
    ],
    "query_summary": {
      "max_s": 0.001416663988493383,
      "median_s": 0.0005270009860396385,
      "min_s": 0.0005029869498685002
    },
    "row_count": 256
  },
  "source_commit_label": "a63c706b7a0488c161d6f8e090de5e441a710f7f",
  "status": "pass",
  "threshold": 2
}