{
  "baseline": {
    "name": "v1_8_one_shot_native_optix_hitcount_rows",
    "query_samples_s": [
      0.18525270372629166,
      0.17580929398536682,
      0.17593615502119064,
      0.17687513679265976,
      0.17643402516841888
    ],
    "query_summary": {
      "max_s": 0.18525270372629166,
      "median_s": 0.17643402516841888,
      "min_s": 0.17580929398536682
    },
    "row_count": 512
  },
  "claim_boundary": {
    "broad_rt_core_speedup_claim_authorized": false,
    "package_install_claim_authorized": false,
    "partner_output_columns_true_zero_copy_authorized": true,
    "same_contract_timing_row": true,
    "v2_0_release_authorized": false,
    "whole_app_speedup_claim_authorized": false
  },
  "count": 512,
  "git_commit": "1dd81ef7f567f55e0cb8ba1cae8a7b2dfa3f50dd",
  "goal": "Goal1863",
  "gpu": "NVIDIA RTX A4500, 550.127.05",
  "iterations": 5,
  "output_capacity": 1024,
  "parity": {
    "expected_row_count": 512,
    "strict_counts_match": true
  },
  "partners": {
    "cupy": {
      "column_build_s": 0.004370860755443573,
      "output_contract": "partner_owned_device_count_columns",
      "query_median_ratio_vs_v1_8_one_shot_native": 0.008409424535064058,
      "query_median_ratio_vs_v1_8_prepared_native": 1.5626667503688125,
      "query_samples_s": [
        0.24444687366485596,
        0.0016893520951271057,
        0.0014837086200714111,
        0.0013930872082710266,
        0.0014356225728988647
      ],
      "query_summary": {
        "max_s": 0.24444687366485596,
        "median_s": 0.0014837086200714111,
        "min_s": 0.0013930872082710266
      },
      "row_count": 512
    },
    "torch": {
      "column_build_s": 0.01469990611076355,
      "output_contract": "partner_owned_device_count_columns",
      "query_median_ratio_vs_v1_8_one_shot_native": 0.0062848138731772295,
      "query_median_ratio_vs_v1_8_prepared_native": 1.1678646536300574,
      "query_samples_s": [
        0.13062506914138794,
        0.001455463469028473,
        0.0011088550090789795,
        0.001071840524673462,
        0.0010632053017616272
      ],
      "query_summary": {
        "max_s": 0.13062506914138794,
        "median_s": 0.0011088550090789795,
        "min_s": 0.0010632053017616272
      },
      "row_count": 512
    }
  },
  "prepared_baseline": {
    "name": "v1_8_prepared_native_optix_hitcount_rows",
    "query_samples_s": [
      0.001466594636440277,
      0.0009820088744163513,
      0.0009094327688217163,
      0.0009245350956916809,
      0.000949472188949585
    ],
    "query_summary": {
      "max_s": 0.001466594636440277,
      "median_s": 0.000949472188949585,
      "min_s": 0.0009094327688217163
    },
    "row_count": 512
  },
  "status": "pass"
}