{
  "goal": 443,
  "postgresql_dsn": "dbname=postgres",
  "repeated_query_count": 10,
  "row_count": 200000,
  "transfer": "columnar",
  "workloads": {
    "conjunctive_scan": {
      "backends": {
        "embree": {
          "break_even_query_count": "wins_from_first_query",
          "embree_dataset_prepare_seconds": 0.8642526130424812,
          "embree_dataset_query_seconds_median": 0.016818356525618583,
          "embree_dataset_query_seconds_samples": [
            0.01630005508195609,
            0.016792734037153423,
            0.016771576018072665,
            0.016984196030534804,
            0.016858528018929064,
            0.016847815015353262,
            0.016822249977849424,
            0.017449647071771324,
            0.016814463073387742,
            0.016598309041000903
          ],
          "embree_dataset_total_repeated_seconds": 1.03249218640849,
          "embree_dataset_transfer": "columnar",
          "median_query_speedup_vs_postgresql": 1.636588328815367,
          "postgresql_query_seconds_median": 0.02752472599968314,
          "postgresql_query_seconds_samples": [
            0.026099356007762253,
            0.02790144190657884,
            0.029198623029515147,
            0.027950032032094896,
            0.028145688003860414,
            0.027409536996856332,
            0.02763991500250995,
            0.026861199992708862,
            0.026751694036647677,
            0.02709609502926469
          ],
          "postgresql_row_count": 22268,
          "postgresql_row_hash": "19461bddd250025c3d24a174f82e5f66046e40dded85ef27614143a08c9590c8",
          "postgresql_setup_seconds": 12.657078473013826,
          "postgresql_total_repeated_seconds": 12.932132055051625,
          "row_count": 22268,
          "row_hash": "19461bddd250025c3d24a174f82e5f66046e40dded85ef27614143a08c9590c8",
          "total_repeated_speedup_vs_postgresql": 12.52516215162448
        },
        "optix": {
          "break_even_query_count": "wins_from_first_query",
          "median_query_speedup_vs_postgresql": 2.4162076678221176,
          "optix_dataset_prepare_seconds": 0.9870572470827028,
          "optix_dataset_query_seconds_median": 0.011391705425921828,
          "optix_dataset_query_seconds_samples": [
            0.42022167902905494,
            0.013404033961705863,
            0.011927412007935345,
            0.011370753054507077,
            0.01137806090991944,
            0.011336805997416377,
            0.011405349941924214,
            0.011426090029999614,
            0.011357944924384356,
            0.011296903947368264
          ],
          "optix_dataset_total_repeated_seconds": 1.5121822808869183,
          "optix_dataset_transfer": "columnar",
          "postgresql_query_seconds_median": 0.02752472599968314,
          "postgresql_query_seconds_samples": [
            0.026099356007762253,
            0.02790144190657884,
            0.029198623029515147,
            0.027950032032094896,
            0.028145688003860414,
            0.027409536996856332,
            0.02763991500250995,
            0.026861199992708862,
            0.026751694036647677,
            0.02709609502926469
          ],
          "postgresql_row_count": 22268,
          "postgresql_row_hash": "19461bddd250025c3d24a174f82e5f66046e40dded85ef27614143a08c9590c8",
          "postgresql_setup_seconds": 12.657078473013826,
          "postgresql_total_repeated_seconds": 12.932132055051625,
          "row_count": 22268,
          "row_hash": "19461bddd250025c3d24a174f82e5f66046e40dded85ef27614143a08c9590c8",
          "total_repeated_speedup_vs_postgresql": 8.551966398830391
        },
        "vulkan": {
          "break_even_query_count": "wins_from_first_query",
          "median_query_speedup_vs_postgresql": 2.0120097451197654,
          "postgresql_query_seconds_median": 0.02752472599968314,
          "postgresql_query_seconds_samples": [
            0.026099356007762253,
            0.02790144190657884,
            0.029198623029515147,
            0.027950032032094896,
            0.028145688003860414,
            0.027409536996856332,
            0.02763991500250995,
            0.026861199992708862,
            0.026751694036647677,
            0.02709609502926469
          ],
          "postgresql_row_count": 22268,
          "postgresql_row_hash": "19461bddd250025c3d24a174f82e5f66046e40dded85ef27614143a08c9590c8",
          "postgresql_setup_seconds": 12.657078473013826,
          "postgresql_total_repeated_seconds": 12.932132055051625,
          "row_count": 22268,
          "row_hash": "19461bddd250025c3d24a174f82e5f66046e40dded85ef27614143a08c9590c8",
          "total_repeated_speedup_vs_postgresql": 9.004920065851104,
          "vulkan_dataset_prepare_seconds": 0.9910057389643043,
          "vulkan_dataset_query_seconds_median": 0.013680215051863343,
          "vulkan_dataset_query_seconds_samples": [
            0.32288029103074223,
            0.013728845049627125,
            0.013796103070490062,
            0.01363158505409956,
            0.0138098489260301,
            0.013494823011569679,
            0.013296026038005948,
            0.013338362914510071,
            0.013776612002402544,
            0.013360237004235387
          ],
          "vulkan_dataset_total_repeated_seconds": 1.436118473066017,
          "vulkan_dataset_transfer": "columnar"
        }
      },
      "postgresql": {
        "postgresql_query_seconds_median": 0.02752472599968314,
        "postgresql_query_seconds_samples": [
          0.026099356007762253,
          0.02790144190657884,
          0.029198623029515147,
          0.027950032032094896,
          0.028145688003860414,
          0.027409536996856332,
          0.02763991500250995,
          0.026861199992708862,
          0.026751694036647677,
          0.02709609502926469
        ],
        "postgresql_row_count": 22268,
        "postgresql_row_hash": "19461bddd250025c3d24a174f82e5f66046e40dded85ef27614143a08c9590c8",
        "postgresql_setup_seconds": 12.657078473013826,
        "postgresql_total_repeated_seconds": 12.932132055051625
      },
      "reference_row_count": 22268,
      "reference_row_hash": "19461bddd250025c3d24a174f82e5f66046e40dded85ef27614143a08c9590c8"
    },
    "grouped_count": {
      "backends": {
        "embree": {
          "break_even_query_count": "wins_from_first_query",
          "embree_dataset_prepare_seconds": 0.836521319928579,
          "embree_dataset_query_seconds_median": 0.014136107987724245,
          "embree_dataset_query_seconds_samples": [
            0.014423772925511003,
            0.014052590006031096,
            0.01417852402664721,
            0.014154301024973392,
            0.014081932022236288,
            0.014080214081332088,
            0.014236110029742122,
            0.014117914950475097,
            0.014058732078410685,
            0.014161395956762135
          ],
          "embree_dataset_total_repeated_seconds": 0.9780668070307001,
          "embree_dataset_transfer": "columnar",
          "median_query_speedup_vs_postgresql": 1.4374917044628572,
          "postgresql_query_seconds_median": 0.020320537965744734,
          "postgresql_query_seconds_samples": [
            0.02142542600631714,
            0.020280606928281486,
            0.02026397397276014,
            0.02032758598215878,
            0.020695341983810067,
            0.02035922696813941,
            0.020387464086525142,
            0.02024954406078905,
            0.020313489949330688,
            0.020219090045429766
          ],
          "postgresql_row_count": 8,
          "postgresql_row_hash": "869ed487d7eda66115bb00dceaf75df016fac2e2e0a6d75119f993d63137a77b",
          "postgresql_setup_seconds": 10.061095813987777,
          "postgresql_total_repeated_seconds": 10.265617563971318,
          "row_count": 8,
          "row_hash": "869ed487d7eda66115bb00dceaf75df016fac2e2e0a6d75119f993d63137a77b",