{
  "conjunctive_scan": {
    "embree_dataset_prepare_seconds": 2.927411004086025,
    "embree_dataset_query_seconds_median": 0.018752563453745097,
    "embree_dataset_query_seconds_samples": [
      0.01731707202270627,
      0.018746400950476527,
      0.018753879005089402,
      0.01875124790240079,
      0.018916965927928686,
      0.018715740996412933,
      0.018899354967288673,
      0.018791054957546294,
      0.018833145033568144,
      0.018697076942771673
    ],
    "embree_dataset_total_repeated_seconds": 3.1138329427922145,
    "embree_dataset_transfer_note": "Goal 434 reuses a native Embree scene across repeated queries; the initial Python-to-native table ingestion still uses the existing ctypes compatibility encoding path.",
    "postgresql_query_seconds_median": 0.029153040435630828,
    "postgresql_query_seconds_samples": [
      0.02809526596684009,
      0.02841534197796136,
      0.029143680934794247,
      0.02901239099446684,
      0.029220012947916985,
      0.02906898397486657,
      0.02916239993646741,
      0.02935885905753821,
      0.029167602071538568,
      0.02925859100650996
    ],
    "postgresql_row_count": 22268,
    "postgresql_row_hash": "19461bddd250025c3d24a174f82e5f66046e40dded85ef27614143a08c9590c8",
    "postgresql_setup_seconds": 12.259940404910594,
    "postgresql_total_repeated_seconds": 12.549843533779494,
    "row_count": 22268,
    "row_hash": "19461bddd250025c3d24a174f82e5f66046e40dded85ef27614143a08c9590c8"
  },
  "goal": 434,
  "grouped_count": {
    "embree_dataset_prepare_seconds": 2.914072341984138,
    "embree_dataset_query_seconds_median": 0.015879101993050426,
    "embree_dataset_query_seconds_samples": [
      0.016082847025245428,
      0.015842390013858676,
      0.01587315695360303,
      0.015887878951616585,
      0.01588081498630345,
      0.01589501602575183,
      0.01586218096781522,
      0.015853132004849613,
      0.01602200197521597,
      0.015877388999797404
    ],
    "embree_dataset_total_repeated_seconds": 3.073149149888195,
    "embree_dataset_transfer_note": "Goal 434 reuses a native Embree scene across repeated queries; the initial Python-to-native table ingestion still uses the existing ctypes compatibility encoding path.",
    "postgresql_query_seconds_median": 0.022301605495158583,
    "postgresql_query_seconds_samples": [
      0.023113157018087804,
      0.022334309993311763,
      0.022326373029500246,
      0.022266966057941318,
      0.02231429296080023,
      0.022180361091159284,
      0.022288918029516935,
      0.022263193037360907,
      0.0224260410759598,
      0.022245737025514245
    ],
    "postgresql_row_count": 8,
    "postgresql_row_hash": "869ed487d7eda66115bb00dceaf75df016fac2e2e0a6d75119f993d63137a77b",
    "postgresql_setup_seconds": 12.352186294039711,
    "postgresql_total_repeated_seconds": 12.575945643358864,
    "row_count": 8,
    "row_hash": "869ed487d7eda66115bb00dceaf75df016fac2e2e0a6d75119f993d63137a77b"
  },
  "grouped_sum": {
    "embree_dataset_prepare_seconds": 2.7748001689324155,
    "embree_dataset_query_seconds_median": 0.03532804304268211,
    "embree_dataset_query_seconds_samples": [
      0.035098055959679186,
      0.03508515108842403,
      0.03517700301017612,
      0.03531085106078535,
      0.03538202401250601,
      0.03548957605380565,
      0.03543812606949359,
      0.03534523502457887,
      0.035541840945370495,
      0.03508703806437552
    ],
    "embree_dataset_total_repeated_seconds": 3.1277550702216104,
    "embree_dataset_transfer_note": "Goal 434 reuses a native Embree scene across repeated queries; the initial Python-to-native table ingestion still uses the existing ctypes compatibility encoding path.",
    "postgresql_query_seconds_median": 0.03836574644083157,
    "postgresql_query_seconds_samples": [
      0.038848862051963806,
      0.03840114898048341,
      0.03842013096436858,
      0.03852250205818564,
      0.03829474397934973,
      0.03850751998834312,
      0.03833034390117973,
      0.03824433498084545,
      0.0382872229674831,
      0.03826318494975567
    ],
    "postgresql_row_count": 8,
    "postgresql_row_hash": "123b2f6fc6fa9f69e2df8da24441116549271314ef3b602482467c6ad47ed330",
    "postgresql_setup_seconds": 10.601886600954458,
    "postgresql_total_repeated_seconds": 10.986006595776416,
    "row_count": 8,
    "row_hash": "123b2f6fc6fa9f69e2df8da24441116549271314ef3b602482467c6ad47ed330"
  },
  "repeated_query_count": 10,
  "row_count": 200000
}
