{
  "cases": [
    {
      "auto_speedup_vs_1_thread_dict": 48.6332026072026,
      "embree_1_thread_dict": {
        "hashes": [
          "2f032c95fc7b597f"
        ],
        "median_sec": 13.314958700037096,
        "row_counts": [
          100000
        ],
        "samples_sec": [
          13.314958700037096
        ]
      },
      "embree_auto_dict": {
        "hashes": [
          "2f032c95fc7b597f",
          "2f032c95fc7b597f",
          "2f032c95fc7b597f"
        ],
        "median_sec": 0.27378330001374707,
        "row_counts": [
          100000,
          100000,
          100000
        ],
        "samples_sec": [
          0.28919790004147217,
          0.27378330001374707,
          0.26605959999142215
        ]
      },
      "embree_auto_prepared_raw": {
        "hashes": [
          "2f032c95fc7b597f",
          "2f032c95fc7b597f",
          "2f032c95fc7b597f"
        ],
        "median_sec": 0.04776560002937913,
        "row_counts": [
          100000,
          100000,
          100000
        ],
        "samples_sec": [
          0.04402460000710562,
          0.04776560002937913,
          0.04914910002844408
        ]
      },
      "expected_hash": "2f032c95fc7b597f",
      "expected_rows": 100000,
      "inputs": {
        "left": 100000,
        "right": 100000
      },
      "meaning": "many segment pairs in space, one expected hit per probe",
      "name": "lsi_sparse_large",
      "parity": {
        "auto_dict": true,
        "auto_prepared_raw": true,
        "one_thread_dict": true
      },
      "prepared_raw_speedup_vs_auto_dict": 5.731809081124314,
      "rows_per_sec_auto_dict": 365252.37293501414,
      "rows_per_sec_prepared_raw": 2093556.8680911183,
      "workload": "LSI sparse"
    },
    {
      "auto_speedup_vs_1_thread_dict": 0.9662560116042747,
      "embree_1_thread_dict": {
        "hashes": [
          "a6895d3ac9779be3"
        ],
        "median_sec": 1.7042037000064738,
        "row_counts": [
          1000000
        ],
        "samples_sec": [
          1.7042037000064738
        ]
      },
      "embree_auto_dict": {
        "hashes": [
          "a6895d3ac9779be3",
          "a6895d3ac9779be3",
          "a6895d3ac9779be3"
        ],
        "median_sec": 1.7637185999774374,
        "row_counts": [
          1000000,
          1000000,
          1000000
        ],
        "samples_sec": [
          1.8659802000038326,
          1.7637185999774374,
          1.7483365999651141
        ]
      },
      "embree_auto_prepared_raw": {
        "hashes": [
          "a6895d3ac9779be3",
          "a6895d3ac9779be3",
          "a6895d3ac9779be3"
        ],
        "median_sec": 0.05494520004140213,
        "row_counts": [
          1000000,
          1000000,
          1000000
        ],
        "samples_sec": [
          0.055287000024691224,
          0.05010459996992722,
          0.05494520004140213
        ]
      },
      "expected_hash": "a6895d3ac9779be3",
      "expected_rows": 1000000,
      "inputs": {
        "left": 1000,
        "right": 1000
      },
      "meaning": "all probes intersect all build segments; intentionally row-output-heavy",
      "name": "lsi_dense_large",
      "parity": {
        "auto_dict": true,
        "auto_prepared_raw": true,
        "one_thread_dict": true
      },
      "prepared_raw_speedup_vs_auto_dict": 32.099593752474206,
      "rows_per_sec_auto_dict": 566983.8714706488,
      "rows_per_sec_prepared_raw": 18199951.93841288,
      "workload": "LSI dense"
    },
    {
      "auto_speedup_vs_1_thread_dict": 3.102005253017895,
      "embree_1_thread_dict": {
        "hashes": [
          "38d9e5f0f0488443"
        ],
        "median_sec": 1.5689834000077099,
        "row_counts": [
          200000
        ],
        "samples_sec": [
          1.5689834000077099
        ]
      },
      "embree_auto_dict": {
        "hashes": [
          "38d9e5f0f0488443",
          "38d9e5f0f0488443",
          "38d9e5f0f0488443"
        ],
        "median_sec": 0.5057965000160038,
        "row_counts": [
          200000,
          200000,
          200000
        ],
        "samples_sec": [
          0.5021953999530524,
          0.5076855999650434,
          0.5057965000160038
        ]
      },
      "embree_auto_prepared_raw": {
        "hashes": [
          "38d9e5f0f0488443",
          "38d9e5f0f0488443",
          "38d9e5f0f0488443"
        ],
        "median_sec": 0.22169759997632354,
        "row_counts": [
          200000,
          200000,
          200000
        ],
        "samples_sec": [
          0.22923189995344728,
          0.22169759997632354,
          0.22010449995286763
        ]
      },
      "expected_hash": "38d9e5f0f0488443",
      "expected_rows": 200000,
      "inputs": {
        "points": 200000,
        "polygons": 100000
      },
      "meaning": "many point/polygon containment probes, one expected positive row per point",
      "name": "pip_positive_large",
      "parity": {
        "auto_dict": true,
        "auto_prepared_raw": true,
        "one_thread_dict": true
      },
      "prepared_raw_speedup_vs_auto_dict": 2.281470345506767,
      "rows_per_sec_auto_dict": 395415.9429606014,
      "rows_per_sec_prepared_raw": 902129.7480052073,
      "workload": "PIP positive"
    }
  ],
  "embree_thread_config": {
    "auto": true,
    "effective_threads": 32,
    "requested": "auto",
    "source": "api"
  },
  "generated_at": "2026-04-21T23:31:23Z",
  "host": "Li-1",
  "platform": "Windows-10-10.0.19045-SP0",
  "repeats": 3,
  "scale": "large"
}