{
  "baseline": {
    "name": "v1_8_native_optix_rows",
    "query_samples_s": [
      0.9111498631536961,
      0.10763257369399071,
      0.10505803301930428,
      0.10277780890464783,
      0.10263361036777496
    ],
    "query_summary": {
      "max_s": 0.9111498631536961,
      "median_s": 0.10505803301930428,
      "min_s": 0.10263361036777496
    },
    "row_count": 4096
  },
  "claim_boundary": {
    "broad_rt_core_speedup_claim_authorized": false,
    "package_install_claim_authorized": false,
    "same_contract_timing_row": true,
    "v2_0_release_authorized": false,
    "whole_app_speedup_claim_authorized": false,
    "whole_app_true_zero_copy_authorized": false
  },
  "count": 4096,
  "git_commit": "unknown",
  "goal": "Goal1856",
  "gpu": "NVIDIA L4, 570.195.03",
  "iterations": 5,
  "output_capacity": 16777216,
  "parity": {
    "expected_row_count": 4096,
    "strict_rows_match": true
  },
  "partners": {
    "cupy": {
      "column_build_s": 0.01458888128399849,
      "overflow_check": {
        "status": "skipped"
      },
      "query_median_ratio_vs_v1_8_native": 1.5619715913106278,
      "query_samples_s": [
        0.5308154821395874,
        0.16174260154366493,
        0.16409766301512718,
        0.17512544989585876,
        0.16339870542287827
      ],
      "query_summary": {
        "max_s": 0.5308154821395874,
        "median_s": 0.16409766301512718,
        "min_s": 0.16174260154366493
      },
      "row_count": 4096
    }
  },
  "source_commit_label": "unknown",
  "status": "pass"
}