{
  "baseline": {
    "name": "v1_8_native_optix_rows",
    "query_samples_s": [
      0.6149059012532234,
      0.007565319538116455,
      0.014253854751586914,
      0.006427749991416931,
      0.006345421075820923
    ],
    "query_summary": {
      "max_s": 0.6149059012532234,
      "median_s": 0.007565319538116455,
      "min_s": 0.006345421075820923
    },
    "row_count": 2048
  },
  "claim_boundary": {
    "broad_rt_core_speedup_claim_authorized": false,
    "package_install_claim_authorized": false,
    "same_contract_timing_row": true,
    "v2_0_release_authorized": false,
    "whole_app_speedup_claim_authorized": false
  },
  "count": 2048,
  "git_commit": "cb1937db4b36741897b3d0767ae15e147f0a6411",
  "goal": "Goal1856",
  "gpu": "NVIDIA RTX A4500, 550.127.05",
  "iterations": 5,
  "output_capacity": 4096,
  "parity": {
    "expected_row_count": 2048,
    "strict_rows_match": true
  },
  "partners": {
    "cupy": {
      "column_build_s": 0.007108539342880249,
      "overflow_check": {
        "elapsed_s": 0.13592620193958282,
        "message": "partner segment/polygon column adapter overflowed; increase output_capacity",
        "status": "pass",
        "tight_capacity": 1024
      },
      "query_median_ratio_vs_v1_8_native": 0.2809621823911759,
      "query_samples_s": [
        0.003028362989425659,
        0.002524174749851227,
        0.002125568687915802,
        0.002087607979774475,
        0.002092421054840088
      ],
      "query_summary": {
        "max_s": 0.003028362989425659,
        "median_s": 0.002125568687915802,
        "min_s": 0.002087607979774475
      },
      "row_count": 2048
    },
    "torch": {
      "column_build_s": 0.01843094825744629,
      "overflow_check": {
        "elapsed_s": 0.010625310242176056,
        "message": "partner segment/polygon column adapter overflowed; increase output_capacity",
        "status": "pass",
        "tight_capacity": 1024
      },
      "query_median_ratio_vs_v1_8_native": 0.2832952531022257,
      "query_samples_s": [
        0.0038638710975646973,
        0.0024564340710639954,
        0.002094052731990814,
        0.0021110251545906067,
        0.0021432191133499146
      ],
      "query_summary": {
        "max_s": 0.0038638710975646973,
        "median_s": 0.0021432191133499146,
        "min_s": 0.002094052731990814
      },
      "row_count": 2048
    }
  },
  "status": "pass"
}