{
  "conjunctive_scan": {
    "postgresql_query_seconds_median": 0.026498190534766763,
    "postgresql_query_seconds_samples": [
      0.026362997014075518,
      0.02561912906821817,
      0.026440405985340476,
      0.026501787011511624,
      0.026447987998835742,
      0.026519100065343082,
      0.026518441969528794,
      0.026494594058021903,
      0.02654501993674785,
      0.026938818977214396
    ],
    "postgresql_row_count": 22268,
    "postgresql_row_hash": "19461bddd250025c3d24a174f82e5f66046e40dded85ef27614143a08c9590c8",
    "postgresql_setup_seconds": 10.145429844036698,
    "postgresql_total_repeated_seconds": 10.409818126121536,
    "row_count": 22268,
    "row_hash": "19461bddd250025c3d24a174f82e5f66046e40dded85ef27614143a08c9590c8",
    "vulkan_dataset_prepare_seconds": 2.7648022329667583,
    "vulkan_dataset_query_seconds_median": 0.013603091530967504,
    "vulkan_dataset_query_seconds_samples": [
      0.3291110649006441,
      0.013614317052997649,
      0.013591866008937359,
      0.013327357941307127,
      0.013567219953984022,
      0.01330553402658552,
      0.01351600291673094,
      0.01411540899425745,
      0.014036984066478908,
      0.014015296939760447
    ],
    "vulkan_dataset_total_repeated_seconds": 3.217003285768442,
    "vulkan_dataset_transfer_note": "Goal 436 reuses a native Vulkan TLAS/BLAS across repeated queries; the initial Python-to-native table ingestion still uses the existing ctypes compatibility encoding path."
  },
  "goal": 436,
  "grouped_count": {
    "postgresql_query_seconds_median": 0.02044331352226436,
    "postgresql_query_seconds_samples": [
      0.02139394893310964,
      0.02045252500101924,
      0.020539009012281895,
      0.020419299020431936,
      0.0203746329061687,
      0.020189473987556994,
      0.02035644999705255,
      0.020522546023130417,
      0.020647936034947634,
      0.020434102043509483
    ],
    "postgresql_row_count": 8,
    "postgresql_row_hash": "869ed487d7eda66115bb00dceaf75df016fac2e2e0a6d75119f993d63137a77b",
    "postgresql_setup_seconds": 10.042244142969139,
    "postgresql_total_repeated_seconds": 10.247574065928347,
    "row_count": 8,
    "row_hash": "869ed487d7eda66115bb00dceaf75df016fac2e2e0a6d75119f993d63137a77b",
    "vulkan_dataset_prepare_seconds": 2.6066849830094725,
    "vulkan_dataset_query_seconds_median": 0.007031500514131039,
    "vulkan_dataset_query_seconds_samples": [
      0.007338566007092595,
      0.0071284560253843665,
      0.006913373013958335,
      0.008954553049989045,
      0.006899271043948829,
      0.0066465859999880195,
      0.006990768946707249,
      0.006955081014893949,
      0.00707223208155483,
      0.0070965070044621825
    ],
    "vulkan_dataset_total_repeated_seconds": 2.678680377197452,
    "vulkan_dataset_transfer_note": "Goal 436 reuses a native Vulkan TLAS/BLAS across repeated queries; the initial Python-to-native table ingestion still uses the existing ctypes compatibility encoding path."
  },
  "grouped_sum": {
    "postgresql_query_seconds_median": 0.035281770571600646,
    "postgresql_query_seconds_samples": [
      0.036396011011675,
      0.03551423002500087,
      0.03525396203622222,
      0.03530957910697907,
      0.035212166025303304,
      0.035239307093434036,
      0.035145478090271354,
      0.035364471026696265,
      0.03533497697208077,
      0.03521881706546992
    ],
    "postgresql_row_count": 8,
    "postgresql_row_hash": "123b2f6fc6fa9f69e2df8da24441116549271314ef3b602482467c6ad47ed330",
    "postgresql_setup_seconds": 12.660917158937082,
    "postgresql_total_repeated_seconds": 13.014906157390215,
    "row_count": 8,
    "row_hash": "123b2f6fc6fa9f69e2df8da24441116549271314ef3b602482467c6ad47ed330",
    "vulkan_dataset_prepare_seconds": 2.463052402017638,
    "vulkan_dataset_query_seconds_median": 0.013520832522772253,
    "vulkan_dataset_query_seconds_samples": [
      0.013516103033907712,
      0.01375871105119586,
      0.013463212992064655,
      0.013401350937783718,
      0.013416107976809144,
      0.013289925991557539,
      0.013525562011636794,
      0.013550254981964827,
      0.015846573980525136,
      0.014019971946254373
    ],
    "vulkan_dataset_total_repeated_seconds": 2.600840176921338,
    "vulkan_dataset_transfer_note": "Goal 436 reuses a native Vulkan TLAS/BLAS across repeated queries; the initial Python-to-native table ingestion still uses the existing ctypes compatibility encoding path."
  },
  "repeated_query_count": 10,
  "row_count": 200000
}
