{
  "baseline": {
    "name": "v1_8_one_shot_native_optix_hitcount_rows",
    "query_samples_s": [
      0.18738091737031937,
      0.17639732360839844,
      0.17791561037302017,
      0.17649441212415695,
      0.17580530792474747
    ],
    "query_summary": {
      "max_s": 0.18738091737031937,
      "median_s": 0.17649441212415695,
      "min_s": 0.17580530792474747
    },
    "row_count": 512
  },
  "claim_boundary": {
    "broad_rt_core_speedup_claim_authorized": false,
    "package_install_claim_authorized": false,
    "partner_output_columns_true_zero_copy_authorized": true,
    "same_contract_timing_row": true,
    "v2_0_release_authorized": false,
    "whole_app_speedup_claim_authorized": false
  },
  "count": 512,
  "git_commit": "77dd7eccf123c944fc549b698d820df1a6ab0d55",
  "goal": "Goal1863",
  "gpu": "NVIDIA RTX A4500, 550.127.05",
  "iterations": 5,
  "output_capacity": 1024,
  "parity": {
    "expected_row_count": 512,
    "strict_counts_match": true
  },
  "partners": {
    "cupy": {
      "column_build_s": 0.004403568804264069,
      "output_contract": "partner_owned_device_count_columns",
      "query_median_ratio_vs_v1_8_one_shot_native": 0.008485572369822733,
      "query_median_ratio_vs_v1_8_prepared_native": 1.58443093948781,
      "query_samples_s": [
        0.244706429541111,
        0.0016273558139801025,
        0.0014976561069488525,
        0.0013958737254142761,
        0.001390904188156128
      ],
      "query_summary": {
        "max_s": 0.244706429541111,
        "median_s": 0.0014976561069488525,
        "min_s": 0.001390904188156128
      },
      "row_count": 512
    },
    "torch": {
      "column_build_s": 0.014746688306331635,
      "output_contract": "partner_owned_device_count_columns",
      "query_median_ratio_vs_v1_8_one_shot_native": 0.007721747590906188,
      "query_median_ratio_vs_v1_8_prepared_native": 1.4418091387043124,
      "query_samples_s": [
        0.13260488212108612,
        0.0014715418219566345,
        0.0013628453016281128,
        0.0010844320058822632,
        0.001066654920578003
      ],
      "query_summary": {
        "max_s": 0.13260488212108612,
        "median_s": 0.0013628453016281128,
        "min_s": 0.001066654920578003
      },
      "row_count": 512
    }
  },
  "prepared_baseline": {
    "name": "v1_8_prepared_native_optix_hitcount_rows",
    "query_samples_s": [
      0.0014327093958854675,
      0.0009567514061927795,
      0.0008758604526519775,
      0.0008637756109237671,
      0.0009452328085899353
    ],
    "query_summary": {
      "max_s": 0.0014327093958854675,
      "median_s": 0.0009452328085899353,
      "min_s": 0.0008637756109237671
    },
    "row_count": 512
  },
  "status": "pass"
}