{
  "conjunctive_scan": {
    "optix_dataset_prepare_seconds": 2.693910773959942,
    "optix_dataset_query_seconds_median": 0.011617212556302547,
    "optix_dataset_query_seconds_samples": [
      0.43985639105085284,
      0.013338253018446267,
      0.011481442023068666,
      0.011541369021870196,
      0.011658199015073478,
      0.011618117103353143,
      0.011638961033895612,
      0.011616308009251952,
      0.011511740973219275,
      0.011427599005401134
    ],
    "optix_dataset_total_repeated_seconds": 3.2395991542143747,
    "optix_dataset_transfer_note": "Goal 435 reuses a native OptiX GAS/traversable across repeated queries; the initial Python-to-native table ingestion still uses the existing ctypes compatibility encoding path.",
    "postgresql_query_seconds_median": 0.026345059915911406,
    "postgresql_query_seconds_samples": [
      0.025988084031268954,
      0.02549323602579534,
      0.026377573958598077,
      0.026313946000300348,
      0.026581636047922075,
      0.026271533919498324,
      0.02634443889837712,
      0.026529724011197686,
      0.026345680933445692,
      0.026424905052408576
    ],
    "postgresql_row_count": 22268,
    "postgresql_row_hash": "19461bddd250025c3d24a174f82e5f66046e40dded85ef27614143a08c9590c8",
    "postgresql_setup_seconds": 10.121371102053672,
    "postgresql_total_repeated_seconds": 10.384041860932484,
    "row_count": 22268,
    "row_hash": "19461bddd250025c3d24a174f82e5f66046e40dded85ef27614143a08c9590c8"
  },
  "goal": 435,
  "grouped_count": {
    "optix_dataset_prepare_seconds": 2.548569131991826,
    "optix_dataset_query_seconds_median": 0.004478940449189395,
    "optix_dataset_query_seconds_samples": [
      0.005065015982836485,
      0.004829685087315738,
      0.0046616969630122185,
      0.004528964054770768,
      0.00448164192494005,
      0.00447623897343874,
      0.004414415918290615,
      0.004415009985677898,
      0.004374708980321884,
      0.004404002916999161
    ],
    "optix_dataset_total_repeated_seconds": 2.5942205127794296,
    "optix_dataset_transfer_note": "Goal 435 reuses a native OptiX GAS/traversable across repeated queries; the initial Python-to-native table ingestion still uses the existing ctypes compatibility encoding path.",
    "postgresql_query_seconds_median": 0.020238431519828737,
    "postgresql_query_seconds_samples": [
      0.021255614003166556,
      0.020233478979207575,
      0.020298928022384644,
      0.02023440704215318,
      0.020341999013908207,
      0.020230153924785554,
      0.020242455997504294,
      0.020264405058696866,
      0.020135442027822137,
      0.02018164494074881
    ],
    "postgresql_row_count": 8,
    "postgresql_row_hash": "869ed487d7eda66115bb00dceaf75df016fac2e2e0a6d75119f993d63137a77b",
    "postgresql_setup_seconds": 10.440232023014687,
    "postgresql_total_repeated_seconds": 10.643650552025065,
    "row_count": 8,
    "row_hash": "869ed487d7eda66115bb00dceaf75df016fac2e2e0a6d75119f993d63137a77b"
  },
  "grouped_sum": {
    "optix_dataset_prepare_seconds": 2.414290201035328,
    "optix_dataset_query_seconds_median": 0.010184271493926644,
    "optix_dataset_query_seconds_samples": [
      0.010544572956860065,
      0.010305357980541885,
      0.010371304000727832,
      0.01037865993566811,
      0.01017835398670286,
      0.010124985943548381,
      0.010156831936910748,
      0.01019018900115043,
      0.010162201942875981,
      0.0101584269432351
    ],
    "optix_dataset_total_repeated_seconds": 2.5168610856635496,
    "optix_dataset_transfer_note": "Goal 435 reuses a native OptiX GAS/traversable across repeated queries; the initial Python-to-native table ingestion still uses the existing ctypes compatibility encoding path.",
    "postgresql_query_seconds_median": 0.03504639002494514,
    "postgresql_query_seconds_samples": [
      0.035920488997362554,
      0.035078333923593163,
      0.034892656025476754,
      0.03505336702801287,
      0.03508763900026679,
      0.034971275948919356,
      0.03499093698337674,
      0.03503941302187741,
      0.03510312200523913,
      0.03502324305009097
    ],
    "postgresql_row_count": 8,
    "postgresql_row_hash": "123b2f6fc6fa9f69e2df8da24441116549271314ef3b602482467c6ad47ed330",
    "postgresql_setup_seconds": 12.867585464031436,
    "postgresql_total_repeated_seconds": 13.218745940015651,
    "row_count": 8,
    "row_hash": "123b2f6fc6fa9f69e2df8da24441116549271314ef3b602482467c6ad47ed330"
  },
  "repeated_query_count": 10,
  "row_count": 200000
}
