{
  "cases": {
    "lsi_county256_soil256_count192": {
      "backends": {
        "cpu": {
          "all_parity_vs_cpu_python_reference": true,
          "app_elapsed_sec_median": 0.016256045550107956,
          "app_elapsed_sec_values": [
            0.016256045550107956,
            0.01626931969076395,
            0.016177063807845116,
            0.016054983250796795,
            0.01654227916151285
          ],
          "elapsed_outer_sec": 59.35674778372049,
          "row_count_consistent": true,
          "row_counts": [
            85,
            85,
            85,
            85,
            85
          ],
          "rt_core_accelerated": false,
          "status": "ok"
        },
        "cupy_lsi_bruteforce": {
          "all_parity_vs_cpu_python_reference": true,
          "app_elapsed_sec_median": 0.010818828828632832,
          "app_elapsed_sec_values": [
            0.011186236515641212,
            0.010669904761016369,
            0.028284983709454536,
            0.010716193355619907,
            0.010818828828632832
          ],
          "baseline_kind": "cupy_rawkernel_cuda_core_bruteforce_lsi",
          "candidate_pair_count": 26016768,
          "elapsed_outer_sec": 10.82996793370694,
          "left_segment_count": 9216,
          "partner_accelerated": true,
          "right_segment_count": 2823,
          "row_count_consistent": true,
          "row_counts": [
            85,
            85,
            85,
            85,
            85
          ],
          "rt_core_accelerated": false,
          "status": "ok"
        },
        "embree": {
          "all_parity_vs_cpu_python_reference": true,
          "app_elapsed_sec_median": 0.030043737031519413,
          "app_elapsed_sec_values": [
            0.030043737031519413,
            0.029762541875243187,
            0.017822712659835815,
            0.031008771620690823,
            0.030273864045739174
          ],
          "elapsed_outer_sec": 59.39606952946633,
          "row_count_consistent": true,
          "row_counts": [
            85,
            85,
            85,
            85,
            85
          ],
          "rt_core_accelerated": false,
          "status": "ok"
        },
        "optix": {
          "all_parity_vs_cpu_python_reference": true,
          "app_elapsed_sec_median": 0.015249471180140972,
          "app_elapsed_sec_values": [
            0.015249471180140972,
            0.0030315425246953964,
            0.015422950498759747,
            0.015303484164178371,
            0.01512226928025484
          ],
          "elapsed_outer_sec": 60.284526674076915,
          "row_count_consistent": true,
          "row_counts": [
            85,
            85,
            85,
            85,
            85
          ],
          "rt_core_accelerated": true,
          "status": "ok"
        }
      },
      "dataset": "/root/rtdl_rayjoin_pod/data/rayjoin/br_county_start256_count192.cdb + /root/rtdl_rayjoin_pod/data/rayjoin/br_soil_start256_count192.cdb",
      "note": "Best Goal2157 bounded nonzero county/soil LSI slice.",
      "workload": "lsi"
    }
  },
  "claim_boundary": {
    "broad_rt_core_speedup_claim_authorized": false,
    "full_rayjoin_reproduction": false,
    "paper_scale_perf_claim_authorized": false,
    "v2_0_release_authorized": false,
    "whole_app_rayjoin_speedup_claim_authorized": false
  },
  "commit": "28f5c69cf4e84da93c3c01f03c00566a3a516909",
  "data_dir": "/root/rtdl_rayjoin_pod/data/rayjoin",
  "goal": "2159",
  "repeats": 5,
  "slices": {
    "county_256_192": {
      "bytes": 341418,
      "chains": 192,
      "count": 192,
      "path": "/root/rtdl_rayjoin_pod/data/rayjoin/br_county_start256_count192.cdb",
      "segments": 9216,
      "source": "br_county",
      "start": 256
    },
    "soil_256_192": {
      "bytes": 110218,
      "chains": 192,
      "count": 192,
      "path": "/root/rtdl_rayjoin_pod/data/rayjoin/br_soil_start256_count192.cdb",
      "segments": 2823,
      "source": "br_soil",
      "start": 256
    }
  },
  "step_timeout_sec": 360,
  "warmups": 1
}