{
  "cases": {
    "lsi_county256_soil256_count192": {
      "backends": {
        "cupy_lsi_bruteforce": {
          "all_parity_vs_cpu_python_reference": true,
          "app_elapsed_sec_median": 0.010710721835494041,
          "app_elapsed_sec_values": [
            0.011096125468611717,
            0.01071147434413433,
            0.010708237066864967,
            0.010710721835494041,
            0.010619067586958408
          ],
          "baseline_kind": "cupy_rawkernel_cuda_core_bruteforce_lsi",
          "candidate_pair_count": 26016768,
          "elapsed_outer_sec": 10.145462043583393,
          "left_segment_count": 9216,
          "partner_accelerated": true,
          "right_segment_count": 2823,
          "row_count_consistent": true,
          "row_counts": [
            85,
            85,
            85,
            85,
            85
          ],
          "rt_core_accelerated": false,
          "status": "ok"
        },
        "optix": {
          "all_parity_vs_cpu_python_reference": true,
          "app_elapsed_sec_median": 0.01525935996323824,
          "app_elapsed_sec_values": [
            0.015126586891710758,
            0.015580030158162117,
            0.01525935996323824,
            0.015192742459475994,
            0.015682633966207504
          ],
          "elapsed_outer_sec": 59.87702996004373,
          "row_count_consistent": true,
          "row_counts": [
            85,
            85,
            85,
            85,
            85
          ],
          "rt_core_accelerated": true,
          "status": "ok"
        },
        "optix_prepared_lsi": {
          "all_parity_vs_cpu_python_reference": true,
          "app_elapsed_sec_median": 0.010751510038971901,
          "app_elapsed_sec_values": [
            0.010819738730788231,
            0.010616813786327839,
            0.010700663551688194,
            0.022395475767552853,
            0.010751510038971901
          ],
          "baseline_kind": "prepared_optix_segment_pair_intersection_reused_build_side",
          "candidate_pair_count": 26016768,
          "elapsed_outer_sec": 9.957039047963917,
          "left_segment_count": 9216,
          "partner_accelerated": false,
          "prepare_elapsed_sec": 0.011712387204170227,
          "prepared_build_side_reused": true,
          "right_segment_count": 2823,
          "row_count_consistent": true,
          "row_counts": [
            85,
            85,
            85,
            85,
            85
          ],
          "rt_core_accelerated": true,
          "status": "ok"
        }
      },
      "dataset": "/root/rtdl_rayjoin_pod/data/rayjoin/br_county_start256_count192.cdb + /root/rtdl_rayjoin_pod/data/rayjoin/br_soil_start256_count192.cdb",
      "note": "Best Goal2157 bounded nonzero county/soil LSI slice.",
      "workload": "lsi"
    }
  },
  "claim_boundary": {
    "broad_rt_core_speedup_claim_authorized": false,
    "full_rayjoin_reproduction": false,
    "paper_scale_perf_claim_authorized": false,
    "v2_0_release_authorized": false,
    "whole_app_rayjoin_speedup_claim_authorized": false
  },
  "commit": "3b1e9d86d024497b7772b807ac309e6c41b65219",
  "data_dir": "/root/rtdl_rayjoin_pod/data/rayjoin",
  "goal": "2159",
  "repeats": 5,
  "slices": {
    "county_256_192": {
      "bytes": 341418,
      "chains": 192,
      "count": 192,
      "path": "/root/rtdl_rayjoin_pod/data/rayjoin/br_county_start256_count192.cdb",
      "segments": 9216,
      "source": "br_county",
      "start": 256
    },
    "soil_256_192": {
      "bytes": 110218,
      "chains": 192,
      "count": 192,
      "path": "/root/rtdl_rayjoin_pod/data/rayjoin/br_soil_start256_count192.cdb",
      "segments": 2823,
      "source": "br_soil",
      "start": 256
    }
  },
  "step_timeout_sec": 600,
  "warmups": 1
}