{
  "baseline": {
    "name": "v1_8_one_shot_native_optix_road_hazard_rows",
    "query_samples_s": [
      0.006976899923756719,
      0.0006253670435398817,
      0.0005974479718133807
    ],
    "query_summary": {
      "max_s": 0.006976899923756719,
      "median_s": 0.0006253670435398817,
      "min_s": 0.0005974479718133807
    },
    "row_count": 64
  },
  "claim_boundary": {
    "broad_rt_core_speedup_claim_authorized": false,
    "package_install_claim_authorized": false,
    "partner_output_columns_true_zero_copy_authorized": true,
    "same_contract_timing_row": true,
    "v2_0_release_authorized": false,
    "whole_app_speedup_claim_authorized": false
  },
  "count": 64,
  "git_commit": "f9d14d482ce4e8cf13ac7e7a6d5bf3969e3491a3",
  "goal": "Goal1869",
  "goal_extension": "Goal1889",
  "gpu": "NVIDIA GeForce GTX 1070, 580.126.09",
  "iterations": 3,
  "output_capacity": 6144,
  "parity": {
    "expected_row_count": 64,
    "strict_priority_flags_match": true
  },
  "partners": {
    "cupy": {
      "column_build_s": 0.002249273005872965,
      "goal1889_prepared_reuse": {
        "output_contract": "prepared_partner_owned_road_hazard_priority_columns",
        "prepared_scene_reused": true,
        "query_median_ratio_vs_goal1869_unprepared_partner": 0.607353055709719,
        "query_median_ratio_vs_v1_8_one_shot_native": 2.074474549048356,
        "query_median_ratio_vs_v1_8_prepared_native": 5.961509985074547,
        "query_samples_s": [
          0.0013069190317764878,
          0.0012973080156370997,
          0.001275273971259594
        ],
        "query_summary": {
          "max_s": 0.0013069190317764878,
          "median_s": 0.0012973080156370997,
          "min_s": 0.001275273971259594
        },
        "row_count": 64,
        "witness_output_columns_reused": true
      },
      "output_contract": "partner_owned_road_hazard_priority_columns",
      "query_median_ratio_vs_v1_8_one_shot_native": 3.4155990976685553,
      "query_median_ratio_vs_v1_8_prepared_native": 9.815559383509246,
      "query_samples_s": [
        0.27237545989919454,
        0.002136003109626472,
        0.0019019200699403882
      ],
      "query_summary": {
        "max_s": 0.27237545989919454,
        "median_s": 0.002136003109626472,
        "min_s": 0.0019019200699403882
      },
      "row_count": 64
    },
    "torch": {
      "column_build_s": 0.01109321799594909,
      "goal1889_prepared_reuse": {
        "output_contract": "prepared_partner_owned_road_hazard_priority_columns",
        "prepared_scene_reused": true,
        "query_median_ratio_vs_goal1869_unprepared_partner": 0.5022819449287628,
        "query_median_ratio_vs_v1_8_one_shot_native": 1.3109294319176479,
        "query_median_ratio_vs_v1_8_prepared_native": 3.7672763455643588,
        "query_samples_s": [
          0.0008362149819731712,
          0.0008198120631277561,
          0.0008112590294331312
        ],
        "query_summary": {
          "max_s": 0.0008362149819731712,
          "median_s": 0.0008198120631277561,
          "min_s": 0.0008112590294331312
        },
        "row_count": 64,
        "witness_output_columns_reused": true
      },
      "output_contract": "partner_owned_road_hazard_priority_columns",
      "query_median_ratio_vs_v1_8_one_shot_native": 2.6099473515887044,
      "query_median_ratio_vs_v1_8_prepared_native": 7.500322047408375,
      "query_samples_s": [
        0.08919251302722842,
        0.0016321750590577722,
        0.0014951510820537806
      ],
      "query_summary": {
        "max_s": 0.08919251302722842,
        "median_s": 0.0016321750590577722,
        "min_s": 0.0014951510820537806
      },
      "row_count": 64
    }
  },
  "prepared_baseline": {
    "name": "v1_8_prepared_native_optix_road_hazard_rows",
    "query_samples_s": [
      0.0003915090346708894,
      0.00021761399693787098,
      0.00020403298549354076
    ],
    "query_summary": {
      "max_s": 0.0003915090346708894,
      "median_s": 0.00021761399693787098,
      "min_s": 0.00020403298549354076
    },
    "row_count": 64
  },
  "status": "pass",
  "threshold": 2
}