{
  "baseline": {
    "name": "v1_8_native_optix_hitcount_rows",
    "query_samples_s": [
      15.446980737149715,
      14.846430100500584,
      14.84910873323679,
      14.80246065557003,
      14.941725008189678
    ],
    "query_summary": {
      "max_s": 15.446980737149715,
      "median_s": 14.84910873323679,
      "min_s": 14.80246065557003
    },
    "row_count": 2048
  },
  "claim_boundary": {
    "broad_rt_core_speedup_claim_authorized": false,
    "package_install_claim_authorized": false,
    "partner_output_columns_true_zero_copy_authorized": true,
    "same_contract_timing_row": true,
    "v2_0_release_authorized": false,
    "whole_app_speedup_claim_authorized": false
  },
  "count": 2048,
  "git_commit": "92ad75826216572fb4f2b4c6898b7a4f29f604a0",
  "goal": "Goal1863",
  "gpu": "NVIDIA RTX A4500, 550.127.05",
  "iterations": 5,
  "output_capacity": 4096,
  "parity": {
    "expected_row_count": 2048,
    "strict_counts_match": true
  },
  "partners": {
    "cupy": {
      "column_build_s": 0.11977940797805786,
      "output_contract": "partner_owned_device_count_columns",
      "query_median_ratio_vs_v1_8_native": 9.954171728529923e-05,
      "query_samples_s": [
        0.576878160238266,
        0.0017997696995735168,
        0.0014781057834625244,
        0.0014513581991195679,
        0.0014331936836242676
      ],
      "query_summary": {
        "max_s": 0.576878160238266,
        "median_s": 0.0014781057834625244,
        "min_s": 0.0014331936836242676
      },
      "row_count": 2048
    },
    "torch": {
      "column_build_s": 0.018709369003772736,
      "output_contract": "partner_owned_device_count_columns",
      "query_median_ratio_vs_v1_8_native": 9.475750516402513e-05,
      "query_samples_s": [
        0.12884589284658432,
        0.0015646964311599731,
        0.0012770742177963257,
        0.001241251826286316,
        0.0014070644974708557
      ],
      "query_summary": {
        "max_s": 0.12884589284658432,
        "median_s": 0.0014070644974708557,
        "min_s": 0.001241251826286316
      },
      "row_count": 2048
    }
  },
  "status": "pass"
}