{
  "description": "Embree fixed-radius count summary for event hotspot screening.",
  "goal": 723,
  "repeats": 3,
  "results": [
    {
      "app": "event_hotspot_screening",
      "copies": 1024,
      "count_summary_sec": 0.042891304998192936,
      "event_count": 6144,
      "row_count": 18426,
      "row_mode_sec": 0.058339824026916176,
      "summary_row_count": 6144,
      "summary_speedup_vs_rows": 1.3601783398610536
    },
    {
      "app": "event_hotspot_screening",
      "copies": 4096,
      "count_summary_sec": 0.17443020397331566,
      "event_count": 24576,
      "row_count": 73722,
      "row_mode_sec": 0.22627193800872192,
      "summary_row_count": 24576,
      "summary_speedup_vs_rows": 1.2972061767659058
    }
  ]
}
