{
  "goal": "2223",
  "status": "parsed",
  "pod": "root@69.30.85.202 -p 22064",
  "rtdl_commit": "7426c257674d32c4fb33567456c21683bf364ca4",
  "source_artifact_dir": "/root/goal2222_pip_one_pass_pod/artifacts",
  "workload": "pip",
  "query_count": 100000,
  "reference_backend": "cpu",
  "reference_row_count": 8686,
  "long_repeat_count": 10,
  "backends_long": {
    "embree": {
      "status": "ok",
      "elapsed_sec_values": [0.08596454560756683, 0.10694318450987339, 0.10928843729197979, 0.10835597850382328, 0.10970720835030079, 0.1098753809928894, 0.20294879004359245, 0.11124632321298122, 0.1120773795992136, 0.11513151228427887],
      "elapsed_sec_median": 0.1097912946715951,
      "row_counts": [8686, 8686, 8686, 8686, 8686, 8686, 8686, 8686, 8686, 8686],
      "row_count_consistent": true,
      "parity_reference_backend": "cpu",
      "all_parity_vs_reference": true,
      "rt_core_accelerated": false
    },
    "optix": {
      "status": "ok",
      "elapsed_sec_values": [0.09150171838700771, 0.08995992504060268, 0.09029180370271206, 0.08876570127904415, 0.09017800353467464, 0.09396947920322418, 0.09125220216810703, 0.08775477670133114, 0.08895538188517094, 0.09858652018010616],
      "elapsed_sec_median": 0.09023490361869335,
      "row_counts": [8686, 8686, 8686, 8686, 8686, 8686, 8686, 8686, 8686, 8686],
      "row_count_consistent": true,
      "parity_reference_backend": "cpu",
      "all_parity_vs_reference": true,
      "rt_core_accelerated": true
    }
  },
  "profile_repeat_medians": {
    "one_pass": 1,
    "fallback_chunks": 0,
    "candidates": 8793,
    "emitted": 8686,
    "count_pass_s": 0.0,
    "write_pass_s": 0.03759119,
    "compact_download_s": 0.000041413,
    "exact_refine_s": 0.022831292,
    "total_s": 0.064819951
  },
  "previous_baselines": {
    "goal2209_optix_pip_sec": 4.107544390484691,
    "goal2213_compact_optix_pip_sec": 0.6183945741504431,
    "goal2219_default_prefilter_optix_pip_sec": 0.12171008065342903,
    "goal2219_embree_pip_sec": 0.10955274850130081,
    "goal2213_candidates": 2797698
  },
  "derived": {
    "optix_speedup_over_goal2209": 45.520571598279896,
    "optix_speedup_over_goal2213_compact": 6.853170135799863,
    "optix_speedup_over_goal2219_two_pass_default": 1.348813751196496,
    "candidate_reduction_vs_goal2213": 318.15762538382807,
    "optix_vs_embree_ratio_long": 0.821879442872417,
    "optix_speedup_over_embree_long": 1.216723442903289
  },
  "claim_boundary": {
    "same_contract_with_rayjoin_query_exec": true,
    "rtdl_beats_rayjoin_claim_authorized": false,
    "broad_rt_core_speedup_claim_authorized": false,
    "v2_0_release_authorized": false
  }
}
