{
  "baseline": {
    "name": "v1_8_one_shot_native_optix_hitcount_rows",
    "query_samples_s": [
      15.208912648260593,
      14.931560762226582,
      15.10181387513876,
      15.303284659981728,
      15.009468957781792
    ],
    "query_summary": {
      "max_s": 15.303284659981728,
      "median_s": 15.10181387513876,
      "min_s": 14.931560762226582
    },
    "row_count": 2048
  },
  "claim_boundary": {
    "broad_rt_core_speedup_claim_authorized": false,
    "package_install_claim_authorized": false,
    "partner_output_columns_true_zero_copy_authorized": true,
    "same_contract_timing_row": true,
    "v2_0_release_authorized": false,
    "whole_app_speedup_claim_authorized": false
  },
  "count": 2048,
  "git_commit": "1dd81ef7f567f55e0cb8ba1cae8a7b2dfa3f50dd",
  "goal": "Goal1863",
  "gpu": "NVIDIA RTX A4500, 550.127.05",
  "iterations": 5,
  "output_capacity": 4096,
  "parity": {
    "expected_row_count": 2048,
    "strict_counts_match": true
  },
  "partners": {
    "cupy": {
      "column_build_s": 0.007150053977966309,
      "output_contract": "partner_owned_device_count_columns",
      "query_median_ratio_vs_v1_8_one_shot_native": 9.595787221873501e-05,
      "query_median_ratio_vs_v1_8_prepared_native": 0.4396533406872607,
      "query_samples_s": [
        0.25349555164575577,
        0.0018267259001731873,
        0.0014432817697525024,
        0.0014491379261016846,
        0.0014097467064857483
      ],
      "query_summary": {
        "max_s": 0.25349555164575577,
        "median_s": 0.0014491379261016846,
        "min_s": 0.0014097467064857483
      },
      "row_count": 2048
    },
    "torch": {
      "column_build_s": 0.01892300695180893,
      "output_contract": "partner_owned_device_count_columns",
      "query_median_ratio_vs_v1_8_one_shot_native": 8.379268346207914e-05,
      "query_median_ratio_vs_v1_8_prepared_native": 0.3839156950591554,
      "query_samples_s": [
        0.12974398583173752,
        0.0015882253646850586,
        0.0012654215097427368,
        0.0012362077832221985,
        0.0012119710445404053
      ],
      "query_summary": {
        "max_s": 0.12974398583173752,
        "median_s": 0.0012654215097427368,
        "min_s": 0.0012119710445404053
      },
      "row_count": 2048
    }
  },
  "prepared_baseline": {
    "name": "v1_8_prepared_native_optix_hitcount_rows",
    "query_samples_s": [
      0.012019000947475433,
      0.0036608949303627014,
      0.00329609215259552,
      0.003275245428085327,
      0.0032340064644813538
    ],
    "query_summary": {
      "max_s": 0.012019000947475433,
      "median_s": 0.00329609215259552,
      "min_s": 0.0032340064644813538
    },
    "row_count": 2048
  },
  "status": "pass"
}