{
  "goal": 443,
  "postgresql_dsn": "dbname=postgres",
  "repeated_query_count": 10,
  "row_count": 200000,
  "transfer": "columnar",
  "workloads": {
    "conjunctive_scan": {
      "backends": {
        "embree": {
          "break_even_query_count": "wins_from_first_query",
          "embree_dataset_prepare_seconds": 0.8689217560458928,
          "embree_dataset_query_seconds_median": 0.016723436943721026,
          "embree_dataset_query_seconds_samples": [
            0.016188298002816737,
            0.016660179942846298,
            0.016762736020609736,
            0.01675993704702705,
            0.01674303598701954,
            0.01671121595427394,
            0.016735657933168113,
            0.0169567329576239,
            0.01666592201218009,
            0.016533499932847917
          ],
          "embree_dataset_total_repeated_seconds": 1.0356389718363062,
          "embree_dataset_transfer": "columnar",
          "median_query_speedup_vs_postgresql": 1.6459998659480188,
          "postgresql_query_seconds_median": 0.027526774967554957,
          "postgresql_query_seconds_samples": [
            0.02658960991539061,
            0.028172685066238046,
            0.029219631920568645,
            0.028547852067276835,
            0.028037726995535195,
            0.027671928983181715,
            0.0273816209519282,
            0.026548910071142018,
            0.02656027500052005,
            0.02696952794212848
          ],
          "postgresql_row_count": 22268,
          "postgresql_row_hash": "19461bddd250025c3d24a174f82e5f66046e40dded85ef27614143a08c9590c8",
          "postgresql_setup_seconds": 10.095979111036286,
          "postgresql_total_repeated_seconds": 10.371678879950196,
          "row_count": 22268,
          "row_hash": "19461bddd250025c3d24a174f82e5f66046e40dded85ef27614143a08c9590c8",
          "total_repeated_speedup_vs_postgresql": 10.01476302263908
        },
        "optix": {
          "break_even_query_count": "wins_from_first_query",
          "median_query_speedup_vs_postgresql": 2.392033376047252,
          "optix_dataset_prepare_seconds": 0.9931614339584485,
          "optix_dataset_query_seconds_median": 0.011507688497658819,
          "optix_dataset_query_seconds_samples": [
            0.4178254170110449,
            0.012994575081393123,
            0.011755840037949383,
            0.01124468701891601,
            0.011607239954173565,
            0.011359884985722601,
            0.011433142935857177,
            0.011203972971998155,
            0.011582234059460461,
            0.011331071029417217
          ],
          "optix_dataset_total_repeated_seconds": 1.515499499044381,
          "optix_dataset_transfer": "columnar",
          "postgresql_query_seconds_median": 0.027526774967554957,
          "postgresql_query_seconds_samples": [
            0.02658960991539061,
            0.028172685066238046,
            0.029219631920568645,
            0.028547852067276835,
            0.028037726995535195,
            0.027671928983181715,
            0.0273816209519282,
            0.026548910071142018,
            0.02656027500052005,
            0.02696952794212848
          ],
          "postgresql_row_count": 22268,
          "postgresql_row_hash": "19461bddd250025c3d24a174f82e5f66046e40dded85ef27614143a08c9590c8",
          "postgresql_setup_seconds": 10.095979111036286,
          "postgresql_total_repeated_seconds": 10.371678879950196,
          "row_count": 22268,
          "row_hash": "19461bddd250025c3d24a174f82e5f66046e40dded85ef27614143a08c9590c8",
          "total_repeated_speedup_vs_postgresql": 6.843736264175738
        },
        "vulkan": {
          "break_even_query_count": "wins_from_first_query",
          "median_query_speedup_vs_postgresql": 2.0334982115885154,
          "postgresql_query_seconds_median": 0.027526774967554957,
          "postgresql_query_seconds_samples": [
            0.02658960991539061,
            0.028172685066238046,
            0.029219631920568645,
            0.028547852067276835,
            0.028037726995535195,
            0.027671928983181715,
            0.0273816209519282,
            0.026548910071142018,
            0.02656027500052005,
            0.02696952794212848
          ],
          "postgresql_row_count": 22268,
          "postgresql_row_hash": "19461bddd250025c3d24a174f82e5f66046e40dded85ef27614143a08c9590c8",
          "postgresql_setup_seconds": 10.095979111036286,
          "postgresql_total_repeated_seconds": 10.371678879950196,
          "row_count": 22268,
          "row_hash": "19461bddd250025c3d24a174f82e5f66046e40dded85ef27614143a08c9590c8",
          "total_repeated_speedup_vs_postgresql": 7.21025704500329,
          "vulkan_dataset_prepare_seconds": 0.9900113350013271,
          "vulkan_dataset_query_seconds_median": 0.013536660524550825,
          "vulkan_dataset_query_seconds_samples": [
            0.3267330719390884,
            0.013488120050169528,
            0.013585200998932123,
            0.01359481702093035,
            0.013651421060785651,
            0.013454091036692262,
            0.013473946950398386,
            0.013439518050290644,
            0.013651207904331386,
            0.013379007927142084
          ],
          "vulkan_dataset_total_repeated_seconds": 1.438461737940088,
          "vulkan_dataset_transfer": "columnar"
        }
      },
      "postgresql": {
        "postgresql_query_seconds_median": 0.027526774967554957,
        "postgresql_query_seconds_samples": [
          0.02658960991539061,
          0.028172685066238046,
          0.029219631920568645,
          0.028547852067276835,
          0.028037726995535195,
          0.027671928983181715,
          0.0273816209519282,
          0.026548910071142018,
          0.02656027500052005,
          0.02696952794212848
        ],
        "postgresql_row_count": 22268,
        "postgresql_row_hash": "19461bddd250025c3d24a174f82e5f66046e40dded85ef27614143a08c9590c8",
        "postgresql_setup_seconds": 10.095979111036286,
        "postgresql_total_repeated_seconds": 10.371678879950196
      },
      "reference_row_count": 22268,
      "reference_row_hash": "19461bddd250025c3d24a174f82e5f66046e40dded85ef27614143a08c9590c8"
    },
    "grouped_count": {
      "backends": {
        "embree": {
          "break_even_query_count": "wins_from_first_query",
          "embree_dataset_prepare_seconds": 0.8459440630394965,
          "embree_dataset_query_seconds_median": 0.013675122987478971,
          "embree_dataset_query_seconds_samples": [
            0.013996361987665296,
            0.014006903977133334,
            0.013544811052270234,
            0.01384900906123221,
            0.013455690001137555,
            0.013635581941343844,
            0.013504701084457338,
            0.013796075014397502,
            0.013439877075143158,
            0.013714664033614099
          ],
          "embree_dataset_total_repeated_seconds": 0.9828877382678911,
          "embree_dataset_transfer": "columnar",
          "median_query_speedup_vs_postgresql": 1.4898927040913774,
          "postgresql_query_seconds_median": 0.0203744659665972,
          "postgresql_query_seconds_samples": [
            0.021582329994998872,
            0.020353563013486564,
            0.02055917598772794,
            0.02056266798172146,
            0.020490787108428776,
            0.020385768031701446,
            0.020302115939557552,
            0.020304618985392153,
            0.020363163901492953,
            0.020269499975256622
          ],
          "postgresql_row_count": 8,
          "postgresql_row_hash": "869ed487d7eda66115bb00dceaf75df016fac2e2e0a6d75119f993d63137a77b",
          "postgresql_setup_seconds": 12.140906519955024,
          "postgresql_total_repeated_seconds": 12.346080210874788,
          "row_count": 8,
          "row_hash": "869ed487d7eda66115bb00dceaf75df016fac2e2e0a6d75119f993d63137a77b",