{
  "backend": "torch_cuda_extension_subtree_containment_resident_state",
  "benchmark": "barnes_hut_ppopp2025_style",
  "body_count": 32768,
  "bucket_size": 32,
  "contract": "generic_aggregate_frontier_weighted_vector_sum_2d_v1",
  "device": "NVIDIA RTX A5000",
  "last_result": {
    "aggregate_contribution_row_count": 1864577,
    "checksum_force_x": -52016.80966526557,
    "checksum_force_y": 105365.71026316495,
    "exact_contribution_row_count": 3831403,
    "visited_node_total": 2711968
  },
  "metadata": {
    "authors_code_comparison": false,
    "claim_boundary": "Resident-state repeated-launch timing for the generic 2-D fused vector-sum contract. This excludes tree rebuilds and host-to-device preparation after the first setup.",
    "native_engine_app_specific": false,
    "paper_reproduction": false,
    "partner_resident_kernel": true,
    "prepared_tensors_reused": true,
    "prepared_tree_reused": true,
    "public_speedup_claim_authorized": false
  },
  "softening": 0.05,
  "theta": 0.75,
  "timesteps": 100,
  "timing_ms": {
    "extension_compile": 41949.80563223362,
    "resident_event_mean": 3.69769823551178,
    "resident_event_min": 3.565279960632324,
    "resident_event_runs": [
      3.9766719341278076,
      3.9755520820617676,
      3.9768640995025635,
      3.972928047180176,
      3.972287893295288,
      3.972896099090576,
      3.973151922225952,
      3.9730560779571533,
      3.9724159240722656,
      3.971328020095825,
      3.9744319915771484,
      3.9698879718780518,
      3.9728639125823975,
      3.9765119552612305,
      3.971872091293335,
      3.971008062362671,
      3.9082560539245605,
      3.6837120056152344,
      3.6819519996643066,
      3.6832640171051025,
      3.6818881034851074,
      3.6862080097198486,
      3.6867520809173584,
      3.6897919178009033,
      3.6828479766845703,
      3.6837759017944336,
      3.6819519996643066,
      3.6835200786590576,
      3.6818559169769287,
      3.6831040382385254,
      3.680959939956665,
      3.6827199459075928,
      3.6816000938415527,
      3.6821439266204834,
      3.6818881034851074,
      3.682687997817993,
      3.681567907333374,
      3.6806399822235107,
      3.683135986328125,
      3.681504011154175,
      3.681119918823242,
      3.682368040084839,
      3.6816959381103516,
      3.6831040382385254,
      3.6836159229278564,
      3.6819839477539062,
      3.6822080612182617,
      3.682624101638794,
      3.68339204788208,
      3.6825919151306152,
      3.6918718814849854,
      3.681119918823242,
      3.6825599670410156,
      3.682015895843506,
      3.682687997817993,
      3.682687997817993,
      3.6817920207977295,
      3.6812479496002197,
      3.681407928466797,
      3.6827199459075928,
      3.680959939956665,
      3.6822080612182617,
      3.682176113128662,
      3.6823360919952393,
      3.681504011154175,
      3.681920051574707,
      3.6822080612182617,
      3.6903679370880127,
      3.680864095687866,
      3.681504011154175,
      3.6427841186523438,
      3.5664639472961426,
      3.5664639472961426,
      3.5682239532470703,
      3.5664000511169434,
      3.568160057067871,
      3.5666561126708984,
      3.5699520111083984,
      3.56713604927063,
      3.5675199031829834,
      3.5680959224700928,
      3.5670080184936523,
      3.5677120685577393,
      3.566848039627075,
      3.565279960632324,
      3.575040102005005,
      3.567487955093384,
      3.56659197807312,
      3.5663039684295654,
      3.566431999206543,
      3.566175937652588,
      3.5677759647369385,
      3.567807912826538,
      3.567647933959961,
      3.567552089691162,
      3.566783905029297,
      3.566943883895874,
      3.5672318935394287,
      3.5670080184936523,
      3.5660159587860107
    ],
    "resident_event_total": 369.769823551178,
    "resident_wall_per_timestep": 3.7206392735242844,
    "resident_wall_total": 372.06392735242844,
    "tensor_prepare_host_to_device": 196.76872342824936,
    "tree_prepare_cpu": 514.3193528056145
  },
  "warmups": 5
}
