{
  "baseline": {
    "name": "v1_8_native_optix_rows",
    "query_samples_s": [
      0.630815751850605,
      0.0020691528916358948,
      0.0018294453620910645,
      0.0017911270260810852,
      0.0019464492797851562
    ],
    "query_summary": {
      "max_s": 0.630815751850605,
      "median_s": 0.0019464492797851562,
      "min_s": 0.0017911270260810852
    },
    "row_count": 512
  },
  "claim_boundary": {
    "broad_rt_core_speedup_claim_authorized": false,
    "package_install_claim_authorized": false,
    "same_contract_timing_row": true,
    "v2_0_release_authorized": false,
    "whole_app_speedup_claim_authorized": false
  },
  "count": 512,
  "git_commit": "cb1937db4b36741897b3d0767ae15e147f0a6411",
  "goal": "Goal1856",
  "gpu": "NVIDIA RTX A4500, 550.127.05",
  "iterations": 5,
  "output_capacity": 1024,
  "parity": {
    "expected_row_count": 512,
    "strict_rows_match": true
  },
  "partners": {
    "cupy": {
      "column_build_s": 0.004222504794597626,
      "overflow_check": {
        "elapsed_s": 0.1348162442445755,
        "message": "partner segment/polygon column adapter overflowed; increase output_capacity",
        "status": "pass",
        "tight_capacity": 256
      },
      "query_median_ratio_vs_v1_8_native": 0.5791125673689368,
      "query_samples_s": [
        0.002563007175922394,
        0.0016504302620887756,
        0.0011272132396697998,
        0.0010762810707092285,
        0.0010645389556884766
      ],
      "query_summary": {
        "max_s": 0.002563007175922394,
        "median_s": 0.0011272132396697998,
        "min_s": 0.0010645389556884766
      },
      "row_count": 512
    },
    "torch": {
      "column_build_s": 0.015743911266326904,
      "overflow_check": {
        "elapsed_s": 0.01031426340341568,
        "message": "partner segment/polygon column adapter overflowed; increase output_capacity",
        "status": "pass",
        "tight_capacity": 256
      },
      "query_median_ratio_vs_v1_8_native": 0.5415046239588437,
      "query_samples_s": [
        0.001334555447101593,
        0.0011722743511199951,
        0.0010540112853050232,
        0.0010111182928085327,
        0.0010035261511802673
      ],
      "query_summary": {
        "max_s": 0.001334555447101593,
        "median_s": 0.0010540112853050232,
        "min_s": 0.0010035261511802673
      },
      "row_count": 512
    }
  },
  "status": "pass"
}