{
  "cases": [
    {
      "copies": 512,
      "dbscan": {
        "one_shot": {
          "label": "one_shot_summary_plus_core_flags",
          "max_sec": 0.025437926000449806,
          "median_sec": 0.019241131987655535,
          "min_sec": 0.01901399900089018,
          "repeat_count": 5,
          "row_count": 4096,
          "samples_sec": [
            0.01901399900089018,
            0.01917228999081999,
            0.019241131987655535,
            0.019352745002834126,
            0.025437926000449806
          ]
        },
        "prepare_sec": 0.006003789021633565,
        "prepared_run_only": {
          "label": "prepared_summary_plus_core_flags",
          "max_sec": 0.013483983988408,
          "median_sec": 0.011915267998119816,
          "min_sec": 0.011426037002820522,
          "repeat_count": 5,
          "row_count": 4096,
          "samples_sec": [
            0.013483983988408,
            0.011426037002820522,
            0.011808498995378613,
            0.011915267998119816,
            0.012072290002834052
          ]
        },
        "prepared_speedup_vs_one_shot": 1.6148299803824566
      },
      "dbscan_point_count": 4096,
      "outlier": {
        "one_shot": {
          "label": "one_shot_summary_plus_density",
          "max_sec": 0.02612638199934736,
          "median_sec": 0.019053616997553036,
          "min_sec": 0.018700799002544954,
          "repeat_count": 5,
          "row_count": 4096,
          "samples_sec": [
            0.019053616997553036,
            0.02612638199934736,
            0.01907101398683153,
            0.018700799002544954,
            0.019038832979276776
          ]
        },
        "prepare_sec": 0.005995208019157872,
        "prepared_run_only": {
          "label": "prepared_summary_plus_density",
          "max_sec": 0.01834129900089465,
          "median_sec": 0.011712311999872327,
          "min_sec": 0.01124048899509944,
          "repeat_count": 5,
          "row_count": 4096,
          "samples_sec": [
            0.011712311999872327,
            0.01834129900089465,
            0.01193031799630262,
            0.011626878986135125,
            0.01124048899509944
          ]
        },
        "prepared_speedup_vs_one_shot": 1.6268023766580615
      },
      "outlier_point_count": 4096
    },
    {
      "copies": 2048,
      "dbscan": {
        "one_shot": {
          "label": "one_shot_summary_plus_core_flags",
          "max_sec": 0.08659227401949465,
          "median_sec": 0.08406627702061087,
          "min_sec": 0.07548555298126303,
          "repeat_count": 5,
          "row_count": 16384,
          "samples_sec": [
            0.08406627702061087,
            0.08659227401949465,
            0.08457916299812496,
            0.07548555298126303,
            0.0837910309783183
          ]
        },
        "prepare_sec": 0.023385748005239293,
        "prepared_run_only": {
          "label": "prepared_summary_plus_core_flags",
          "max_sec": 0.05724926298717037,
          "median_sec": 0.05588508100481704,
          "min_sec": 0.04714383799000643,
          "repeat_count": 5,
          "row_count": 16384,
          "samples_sec": [
            0.05655954100075178,
            0.04768035598681308,
            0.05724926298717037,
            0.04714383799000643,
            0.05588508100481704
          ]
        },
        "prepared_speedup_vs_one_shot": 1.504270469132267
      },
      "dbscan_point_count": 16384,
      "outlier": {
        "one_shot": {
          "label": "one_shot_summary_plus_density",
          "max_sec": 0.0853732909890823,
          "median_sec": 0.08382843399886042,
          "min_sec": 0.07545645599020645,
          "repeat_count": 5,
          "row_count": 16384,
          "samples_sec": [
            0.07545645599020645,
            0.0853732909890823,
            0.08513432700419798,
            0.08382843399886042,
            0.08239706797758117
          ]
        },
        "prepare_sec": 0.023528502002591267,
        "prepared_run_only": {
          "label": "prepared_summary_plus_density",
          "max_sec": 0.05764122700202279,
          "median_sec": 0.05644604499684647,
          "min_sec": 0.04626090300735086,
          "repeat_count": 5,
          "row_count": 16384,
          "samples_sec": [
            0.04626090300735086,
            0.05764122700202279,
            0.05644604499684647,
            0.04643375301384367,
            0.0568794590071775
          ]
        },
        "prepared_speedup_vs_one_shot": 1.4851073091754037
      },
      "outlier_point_count": 16384
    },
    {
      "copies": 8192,
      "dbscan": {
        "one_shot": {
          "label": "one_shot_summary_plus_core_flags",
          "max_sec": 0.3357001969998237,
          "median_sec": 0.3271021129912697,
          "min_sec": 0.32495706700137816,
          "repeat_count": 5,
          "row_count": 65536,
          "samples_sec": [
            0.3271021129912697,
            0.3357001969998237,
            0.3276217709935736,
            0.32668348000152037,
            0.32495706700137816
          ]
        },
        "prepare_sec": 0.09187407200806774,
        "prepared_run_only": {
          "label": "prepared_summary_plus_core_flags",
          "max_sec": 0.23264281399315223,
          "median_sec": 0.2166606860118918,
          "min_sec": 0.21289325697580352,
          "repeat_count": 5,
          "row_count": 65536,
          "samples_sec": [
            0.21586359300999902,
            0.22161297997809015,
            0.2166606860118918,
            0.21289325697580352,
            0.23264281399315223
          ]
        },
        "prepared_speedup_vs_one_shot": 1.509743733449252
      },
      "dbscan_point_count": 65536,
      "outlier": {
        "one_shot": {
          "label": "one_shot_summary_plus_density",
          "max_sec": 0.3464483009884134,
          "median_sec": 0.3327136260049883,
          "min_sec": 0.3239035129954573,
          "repeat_count": 5,
          "row_count": 65536,
          "samples_sec": [
            0.33876684098504484,
            0.3464483009884134,
            0.3327136260049883,
            0.3261225580063183,
            0.3239035129954573
          ]
        },
        "prepare_sec": 0.09277626298717223,
        "prepared_run_only": {
          "label": "prepared_summary_plus_density",
          "max_sec": 0.22366927500115708,
          "median_sec": 0.21736398700159043,
          "min_sec": 0.21625033300369978,
          "repeat_count": 5,
          "row_count": 65536,
          "samples_sec": [
            0.2178730360174086,
            0.22366927500115708,
            0.21681134900427423,
            0.21736398700159043,
            0.21625033300369978
          ]
        },
        "prepared_speedup_vs_one_shot": 1.5306750239291198
      },
      "outlier_point_count": 65536
    }
  ],
  "claim_boundary": "Goal1517 records CPU Embree prepared-summary reuse timings for outlier and DBSCAN app summary phases. It does not authorize public speedup wording, broad RTX wording, whole-app claims, true zero-copy wording, stable COLLECT_K_BOUNDED promotion, or release action.",
  "claim_flags": {
    "broad_rtx_wording_authorized": false,
    "public_speedup_wording_authorized": false,
    "release_action_authorized": false,
    "stable_collect_k_promotion_authorized": false,
    "true_zero_copy_authorized": false,
    "whole_app_speedup_claim_authorized": false
  },
  "copies": [
    512,
    2048,
    8192
  ],
  "embree_threads": {
    "auto": true,
    "effective_threads": 8,
    "requested": "auto",
    "source": "api"
  },
  "embree_version": [
    4,
    3,
    0
  ],
  "git_commit": "f30e7d69afed2f0d23e87bc92c50cf899af7a956",
  "goal": "Goal1517",
  "host": "lx1",
  "platform": "Linux-6.17.0-20-generic-x86_64-with-glibc2.39",
  "python": "3.12.3",
  "repeats": 5,
  "source_goal": 718,
  "status": "goal1517_embree_prepared_summary_reuse_perf_recorded",