{
  "algorithm_classification": "row_width2_parallel_bitonic_sort_single_thread_compaction_with_dynamic_row_width_o_n2_fallback",
  "all_parity_passed": true,
  "cases": [
    {
      "all_ms": [
        0.12045353651046753,
        0.04639476537704468,
        0.039808452129364014,
        0.038780272006988525,
        0.03775209188461304,
        0.037632882595062256,
        0.03848224878311157
      ],
      "candidate_count": 8,
      "max_ms": 0.12045353651046753,
      "median_ms": 0.038780272006988525,
      "min_ms": 0.037632882595062256,
      "repeats": 7,
      "row_width": 2,
      "same_candidate_rows": true,
      "same_overflowed_flag": true,
      "same_valid_count": true,
      "transfer_accounting": {
        "allocation_only_transfers_distinguished_from_content_transfers": true,
        "device_to_host_transfers_after_backend_execution": 2,
        "host_to_device_transfers_before_backend_execution": 0,
        "internal_device_transfers_if_any": 0
      },
      "unique_count": 4
    },
    {
      "all_ms": [
        0.052712857723236084,
        0.0464320182800293,
        0.0444948673248291,
        0.04419684410095215,
        0.04392117261886597,
        0.043511390686035156,
        0.043898820877075195
      ],
      "candidate_count": 32,
      "max_ms": 0.052712857723236084,
      "median_ms": 0.04419684410095215,
      "min_ms": 0.043511390686035156,
      "repeats": 7,
      "row_width": 2,
      "same_candidate_rows": true,
      "same_overflowed_flag": true,
      "same_valid_count": true,
      "transfer_accounting": {
        "allocation_only_transfers_distinguished_from_content_transfers": true,
        "device_to_host_transfers_after_backend_execution": 2,
        "host_to_device_transfers_before_backend_execution": 0,
        "internal_device_transfers_if_any": 0
      },
      "unique_count": 16
    },
    {
      "all_ms": [
        0.06446242332458496,
        0.06417185068130493,
        0.06257742643356323,
        0.06289780139923096,
        0.06258487701416016,
        0.06302446126937866,
        0.06226450204849243
      ],
      "candidate_count": 128,
      "max_ms": 0.06446242332458496,
      "median_ms": 0.06289780139923096,
      "min_ms": 0.06226450204849243,
      "repeats": 7,
      "row_width": 2,
      "same_candidate_rows": true,
      "same_overflowed_flag": true,
      "same_valid_count": true,
      "transfer_accounting": {
        "allocation_only_transfers_distinguished_from_content_transfers": true,
        "device_to_host_transfers_after_backend_execution": 2,
        "host_to_device_transfers_before_backend_execution": 0,
        "internal_device_transfers_if_any": 0
      },
      "unique_count": 64
    },
    {
      "all_ms": [
        0.14136731624603271,
        0.1390501856803894,
        0.13802200555801392,
        0.1377016305923462,
        0.13758987188339233,
        0.13731420040130615,
        0.1382008194923401
      ],
      "candidate_count": 512,
      "max_ms": 0.14136731624603271,
      "median_ms": 0.13802200555801392,
      "min_ms": 0.13731420040130615,
      "repeats": 7,
      "row_width": 2,
      "same_candidate_rows": true,
      "same_overflowed_flag": true,
      "same_valid_count": true,
      "transfer_accounting": {
        "allocation_only_transfers_distinguished_from_content_transfers": true,
        "device_to_host_transfers_after_backend_execution": 2,
        "host_to_device_transfers_before_backend_execution": 0,
        "internal_device_transfers_if_any": 0
      },
      "unique_count": 256
    }
  ],
  "claim_boundary": "Goal1503 records scaling observations for the experimental Python OptiX COLLECT_K_BOUNDED device-pointer bridge only. It is not a speedup claim, does not prove true zero-copy, and does not authorize whole-app claims, partner tensor handoff, stable primitive promotion, or release action.",
  "claim_flags": {
    "partner_tensor_handoff_authorized": false,
    "public_speedup_wording_authorized": false,
    "release_action_authorized": false,
    "stable_public_primitive_authorized": false,
    "true_zero_copy_authorized": false,
    "whole_app_speedup_claim_authorized": false
  },
  "cuda_driver_version": 12040,
  "device_name": "NVIDIA RTX 4000 Ada Generation",
  "git_commit": "4610566ffed334396064bd2c61b5f591d9f4ffe3",
  "goal": "Goal1503",
  "library_path": "/root/rtdl_goal1498/rtdl/build/librtdl_optix.so",
  "measured_on_real_nvidia": true,
  "native_symbol": "rtdl_optix_collect_k_bounded_i64_device",
  "platform": "Linux-6.8.0-40-generic-x86_64-with-glibc2.35",
  "python_entry_point": "rtdsl.optix_runtime.collect_k_bounded_i64_device_optix",
  "status": "goal1503_optix_collect_k_scaling_probe_recorded",
  "timing_scope": "Python wrapper call around native OptiX/CUDA device-pointer execution, including launch and metadata copy overhead, excluding input setup H2D and output verification D2H."
}
