{
  "conjunctive_scan": {
    "columnar_prepare_seconds_median": 0.8169047429692,
    "columnar_prepare_seconds_samples": [
      0.8171309530735016,
      0.8169047429692,
      0.8176628350047395,
      0.8127559020649642,
      0.813133153016679
    ],
    "columnar_prepare_speedup_vs_row": 3.250592415949071,
    "row_count": 22268,
    "row_hash": "19461bddd250025c3d24a174f82e5f66046e40dded85ef27614143a08c9590c8",
    "row_prepare_seconds_median": 2.6554243620485067,
    "row_prepare_seconds_samples": [
      2.553096549003385,
      2.765270934905857,
      2.5536024631001055,
      2.6554243620485067,
      2.74212880700361
    ]
  },
  "goal": 440,
  "grouped_count": {
    "columnar_prepare_seconds_median": 0.8117725870106369,
    "columnar_prepare_seconds_samples": [
      0.8136850239243358,
      0.8146381340920925,
      0.8117725870106369,
      0.8110004200134426,
      0.8114353769924492
    ],
    "columnar_prepare_speedup_vs_row": 3.198278469267907,
    "row_count": 8,
    "row_hash": "869ed487d7eda66115bb00dceaf75df016fac2e2e0a6d75119f993d63137a77b",
    "row_prepare_seconds_median": 2.5962747869780287,
    "row_prepare_seconds_samples": [
      2.496788211981766,
      2.5962747869780287,
      2.632224850007333,
      2.7378370789811015,
      2.5394283309578896
    ]
  },
  "grouped_sum": {
    "columnar_prepare_seconds_median": 0.8045446129981428,
    "columnar_prepare_seconds_samples": [
      0.8058519219048321,
      0.806968122953549,
      0.8045446129981428,
      0.8035500040277839,
      0.8030931770335883
    ],
    "columnar_prepare_speedup_vs_row": 3.13973414540475,
    "row_count": 8,
    "row_hash": "123b2f6fc6fa9f69e2df8da24441116549271314ef3b602482467c6ad47ed330",
    "row_prepare_seconds_median": 2.526056192931719,
    "row_prepare_seconds_samples": [
      2.415356117999181,
      2.7415295689133927,
      2.526056192931719,
      2.7512977889273316,
      2.5220626230584458
    ]
  },
  "input_row_count": 200000,
  "prepare_repeats": 5
}
