{
  "algorithm_classification": "row_width2_parallel_bitonic_sort_with_bounded_multi_tile_merge_and_dynamic_row_width_o_n2_fallback",
  "all_parity_passed": true,
  "cases": [
    {
      "all_ms": [
        0.11705607175827026,
        0.04548579454421997,
        0.04104524850845337,
        0.03914535045623779,
        0.0391155481338501,
        0.0386163592338562,
        0.03845244646072388,
        0.037960708141326904,
        0.037923455238342285
      ],
      "candidate_count": 8,
      "expected_native_path": "row_width2_parallel_bitonic_sort",
      "max_ms": 0.11705607175827026,
      "median_ms": 0.0391155481338501,
      "min_ms": 0.037923455238342285,
      "repeats": 9,
      "row_width": 2,
      "same_candidate_rows": true,
      "same_overflowed_flag": true,
      "same_valid_count": true,
      "transfer_accounting": {
        "allocation_only_transfers_distinguished_from_content_transfers": true,
        "device_to_host_transfers_after_backend_execution": 2,
        "host_to_device_transfers_before_backend_execution": 0,
        "internal_device_transfers_if_any": 0
      },
      "unique_count": 4
    },
    {
      "all_ms": [
        0.04915893077850342,
        0.05072355270385742,
        0.049076974391937256,
        0.04519522190093994,
        0.04535168409347534,
        0.04480034112930298,
        0.04489719867706299,
        0.04459172487258911,
        0.04485994577407837
      ],
      "candidate_count": 32,
      "expected_native_path": "row_width2_parallel_bitonic_sort",
      "max_ms": 0.05072355270385742,
      "median_ms": 0.04519522190093994,
      "min_ms": 0.04459172487258911,
      "repeats": 9,
      "row_width": 2,
      "same_candidate_rows": true,
      "same_overflowed_flag": true,
      "same_valid_count": true,
      "transfer_accounting": {
        "allocation_only_transfers_distinguished_from_content_transfers": true,
        "device_to_host_transfers_after_backend_execution": 2,
        "host_to_device_transfers_before_backend_execution": 0,
        "internal_device_transfers_if_any": 0
      },
      "unique_count": 16
    },
    {
      "all_ms": [
        0.0673830509185791,
        0.06625056266784668,
        0.0645369291305542,
        0.06465613842010498,
        0.06441771984100342,
        0.06457418203353882,
        0.06387382745742798,
        0.06382912397384644,
        0.0642240047454834
      ],
      "candidate_count": 128,
      "expected_native_path": "row_width2_parallel_bitonic_sort",
      "max_ms": 0.0673830509185791,
      "median_ms": 0.0645369291305542,
      "min_ms": 0.06382912397384644,
      "repeats": 9,
      "row_width": 2,
      "same_candidate_rows": true,
      "same_overflowed_flag": true,
      "same_valid_count": true,
      "transfer_accounting": {
        "allocation_only_transfers_distinguished_from_content_transfers": true,
        "device_to_host_transfers_after_backend_execution": 2,
        "host_to_device_transfers_before_backend_execution": 0,
        "internal_device_transfers_if_any": 0
      },
      "unique_count": 64
    },
    {
      "all_ms": [
        0.14516711235046387,
        0.14301389455795288,
        0.14270097017288208,
        0.14510750770568848,
        0.1419559121131897,
        0.14327466487884521,
        0.14278292655944824,
        0.14428049325942993,
        0.14556199312210083
      ],
      "candidate_count": 512,
      "expected_native_path": "row_width2_parallel_bitonic_sort",
      "max_ms": 0.14556199312210083,
      "median_ms": 0.14327466487884521,
      "min_ms": 0.1419559121131897,
      "repeats": 9,
      "row_width": 2,
      "same_candidate_rows": true,
      "same_overflowed_flag": true,
      "same_valid_count": true,
      "transfer_accounting": {
        "allocation_only_transfers_distinguished_from_content_transfers": true,
        "device_to_host_transfers_after_backend_execution": 2,
        "host_to_device_transfers_before_backend_execution": 0,
        "internal_device_transfers_if_any": 0
      },
      "unique_count": 256
    },
    {
      "all_ms": [
        0.2525821328163147,
        0.2503693103790283,
        0.24874508380889893,
        0.24838000535964966,
        0.2489909529685974,
        0.24838000535964966,
        0.2476125955581665,
        0.2512931823730469,
        0.24940073490142822
      ],
      "candidate_count": 1024,
      "expected_native_path": "row_width2_parallel_bitonic_sort",
      "max_ms": 0.2525821328163147,
      "median_ms": 0.2489909529685974,
      "min_ms": 0.2476125955581665,
      "repeats": 9,
      "row_width": 2,
      "same_candidate_rows": true,
      "same_overflowed_flag": true,
      "same_valid_count": true,
      "transfer_accounting": {
        "allocation_only_transfers_distinguished_from_content_transfers": true,
        "device_to_host_transfers_after_backend_execution": 2,
        "host_to_device_transfers_before_backend_execution": 0,
        "internal_device_transfers_if_any": 0
      },
      "unique_count": 512
    },
    {
      "all_ms": [
        0.270843505859375,
        0.2679973840713501,
        0.26798248291015625,
        0.2664923667907715,
        0.26722252368927,
        0.26779621839523315,
        0.2670362591743469,
        0.26616454124450684,
        0.2663657069206238
      ],
      "candidate_count": 1025,
      "expected_native_path": "row_width2_parallel_bitonic_sort",
      "max_ms": 0.270843505859375,
      "median_ms": 0.26722252368927,
      "min_ms": 0.26616454124450684,
      "repeats": 9,
      "row_width": 2,
      "same_candidate_rows": true,
      "same_overflowed_flag": true,
      "same_valid_count": true,
      "transfer_accounting": {
        "allocation_only_transfers_distinguished_from_content_transfers": true,
        "device_to_host_transfers_after_backend_execution": 2,
        "host_to_device_transfers_before_backend_execution": 0,
        "internal_device_transfers_if_any": 0
      },
      "unique_count": 512
    },
    {
      "all_ms": [
        0.47007203102111816,
        0.46744197607040405,
        0.46628713607788086,
        0.4655420780181885,
        0.4655420780181885,
        0.4655495285987854,
        0.46493858098983765,
        0.46594440937042236,
        0.4654228687286377
      ],
      "candidate_count": 2048,
      "expected_native_path": "row_width2_parallel_bitonic_sort",
      "max_ms": 0.47007203102111816,
      "median_ms": 0.4655495285987854,
      "min_ms": 0.46493858098983765,
      "repeats": 9,
      "row_width": 2,
      "same_candidate_rows": true,
      "same_overflowed_flag": true,
      "same_valid_count": true,
      "transfer_accounting": {
        "allocation_only_transfers_distinguished_from_content_transfers": true,
        "device_to_host_transfers_after_backend_execution": 2,
        "host_to_device_transfers_before_backend_execution": 0,
        "internal_device_transfers_if_any": 0
      },
      "unique_count": 1024
    },
    {
      "all_ms": [
        0.5068406462669373,
        0.5039125680923462,
        0.504322350025177,
        0.5027875304222107,
        0.5036219954490662,
        0.5025714635848999,
        0.5034953355789185,
        0.5033761262893677,
        0.5031153559684753
      ],
      "candidate_count": 2049,
      "expected_native_path": "row_width2_parallel_bitonic_sort",
      "max_ms": 0.5068406462669373,
      "median_ms": 0.5034953355789185,
      "min_ms": 0.5025714635848999,
      "repeats": 9,
      "row_width": 2,
      "same_candidate_rows": true,
      "same_overflowed_flag": true,
      "same_valid_count": true,
      "transfer_accounting": {
        "allocation_only_transfers_distinguished_from_content_transfers": true,
        "device_to_host_transfers_after_backend_execution": 2,
        "host_to_device_transfers_before_backend_execution": 0,
        "internal_device_transfers_if_any": 0
      },