{
  "baseline": {
    "name": "v1_8_native_optix_hitcount_rows",
    "query_samples_s": [
      15.824708864092827,
      15.424518808722496,
      15.12516126036644,
      15.110043846070766,
      14.801279500126839
    ],
    "query_summary": {
      "max_s": 15.824708864092827,
      "median_s": 15.12516126036644,
      "min_s": 14.801279500126839
    },
    "row_count": 2048
  },
  "claim_boundary": {
    "broad_rt_core_speedup_claim_authorized": false,
    "package_install_claim_authorized": false,
    "partner_output_columns_true_zero_copy_authorized": true,
    "same_contract_timing_row": true,
    "v2_0_release_authorized": false,
    "whole_app_speedup_claim_authorized": false
  },
  "count": 2048,
  "git_commit": "77dd7eccf123c944fc549b698d820df1a6ab0d55",
  "goal": "Goal1863",
  "gpu": "NVIDIA RTX A4500, 550.127.05",
  "iterations": 5,
  "output_capacity": 4096,
  "parity": {
    "expected_row_count": 2048,
    "strict_counts_match": true
  },
  "partners": {
    "cupy": {
      "column_build_s": 0.12050410360097885,
      "output_contract": "partner_owned_device_count_columns",
      "query_median_ratio_vs_v1_8_native": 9.806583610597885e-05,
      "query_samples_s": [
        0.354454942047596,
        0.0017767846584320068,
        0.0014832615852355957,
        0.001463465392589569,
        0.0014538392424583435
      ],
      "query_summary": {
        "max_s": 0.354454942047596,
        "median_s": 0.0014832615852355957,
        "min_s": 0.0014538392424583435
      },
      "row_count": 2048
    },
    "torch": {
      "column_build_s": 0.01816605031490326,
      "output_contract": "partner_owned_device_count_columns",
      "query_median_ratio_vs_v1_8_native": 8.517856262695223e-05,
      "query_samples_s": [
        0.12953157722949982,
        0.001582816243171692,
        0.0012883394956588745,
        0.0012284442782402039,
        0.0011905506253242493
      ],
      "query_summary": {
        "max_s": 0.12953157722949982,
        "median_s": 0.0012883394956588745,
        "min_s": 0.0011905506253242493
      },
      "row_count": 2048
    }
  },
  "status": "pass"
}