{
  "backend": "embree",
  "boundary": "Measures app payload generation plus JSON serialization. Compact road-hazard modes do not change backend traversal; they avoid returning full per-road rows when only priority road ids/counts are needed.",
  "cases": [
    {
      "backend": "embree",
      "copies": 1024,
      "json_size_reduction": 16.349383667180277,
      "priority_segment_count": 1024,
      "priority_segments_all_sec": [
        0.012740889040287584,
        0.012736511998809874,
        0.012698145001195371
      ],
      "priority_segments_best_sec": 0.012698145001195371,
      "priority_segments_json_bytes": 7788,
      "row_count": 3072,
      "rows_all_sec": [
        0.03185534500516951,
        0.024880070996005088,
        0.02478934795362875
      ],
      "rows_best_sec": 0.02478934795362875,
      "rows_json_bytes": 127329,
      "speedup_vs_rows": 1.9522023060293565
    },
    {
      "backend": "embree",
      "copies": 4096,
      "json_size_reduction": 16.08360883670632,
      "priority_segment_count": 4096,
      "priority_segments_all_sec": [
        0.05951357900630683,
        0.05999377596890554,
        0.05923618603264913
      ],
      "priority_segments_best_sec": 0.05923618603264913,
      "priority_segments_json_bytes": 32365,
      "row_count": 12288,
      "rows_all_sec": [
        0.11498366697924212,
        0.10971837997203693,
        0.10828587302239612
      ],
      "rows_best_sec": 0.10828587302239612,
      "rows_json_bytes": 520546,
      "speedup_vs_rows": 1.8280358725781625
    },
    {
      "backend": "embree",
      "copies": 16384,
      "json_size_reduction": 15.460566925686768,
      "priority_segment_count": 16384,
      "priority_segments_all_sec": [
        0.2595391979557462,
        0.27624526200816035,
        0.2577187739661895
      ],
      "priority_segments_best_sec": 0.2577187739661895,
      "priority_segments_json_bytes": 137055,
      "row_count": 49152,
      "rows_all_sec": [
        0.5026968750171363,
        0.5220255649765022,
        0.5283610160113312
      ],
      "rows_best_sec": 0.5026968750171363,
      "rows_json_bytes": 2118948,
      "speedup_vs_rows": 1.9505636600734642
    }
  ],
  "geomean_json_size_reduction": 15.96014260885291,
  "geomean_speedup_vs_rows": 1.9093690917116508,
  "platform": "Linux-6.17.0-20-generic-x86_64-with-glibc2.39",
  "python": "3.12.3",
  "repeats": 3,
  "suite": "goal729_road_hazard_compact_output_perf"
}
