{
  "cases": {
    "lsi_county256_soil256_count128": {
      "backends": {
        "cupy_lsi_bruteforce": {
          "all_parity_vs_cpu_python_reference": true,
          "app_elapsed_sec_median": 0.00623213779181242,
          "app_elapsed_sec_values": [
            0.0064260875806212425,
            0.006281591951847076,
            0.006162935867905617,
            0.00623213779181242,
            0.006157516501843929
          ],
          "baseline_kind": "cupy_rawkernel_cuda_core_bruteforce_lsi",
          "candidate_pair_count": 12334176,
          "elapsed_outer_sec": 4.991658071987331,
          "left_segment_count": 6064,
          "partner_accelerated": true,
          "right_segment_count": 2034,
          "row_count_consistent": true,
          "row_counts": [
            56,
            56,
            56,
            56,
            56
          ],
          "rt_core_accelerated": false,
          "status": "ok"
        },
        "optix": {
          "all_parity_vs_cpu_python_reference": true,
          "app_elapsed_sec_median": 0.01040533185005188,
          "app_elapsed_sec_values": [
            0.010522324591875076,
            0.01040533185005188,
            0.020061449147760868,
            0.010389572009444237,
            0.0022851750254631042
          ],
          "elapsed_outer_sec": 28.97113654203713,
          "row_count_consistent": true,
          "row_counts": [
            56,
            56,
            56,
            56,
            56
          ],
          "rt_core_accelerated": true,
          "status": "ok"
        }
      },
      "dataset": "/root/rtdl_rayjoin_pod/data/rayjoin/br_county_start256_count128.cdb + /root/rtdl_rayjoin_pod/data/rayjoin/br_soil_start256_count128.cdb",
      "note": "Larger nonzero county/soil LSI slice with a mild warm OptiX win.",
      "workload": "lsi"
    },
    "lsi_county256_soil256_count192": {
      "backends": {
        "cupy_lsi_bruteforce": {
          "all_parity_vs_cpu_python_reference": true,
          "app_elapsed_sec_median": 0.010799230076372623,
          "app_elapsed_sec_values": [
            0.01086353324353695,
            0.010798660106956959,
            0.010803778655827045,
            0.010799230076372623,
            0.010763071477413177
          ],
          "baseline_kind": "cupy_rawkernel_cuda_core_bruteforce_lsi",
          "candidate_pair_count": 26016768,
          "elapsed_outer_sec": 9.997604427859187,
          "left_segment_count": 9216,
          "partner_accelerated": true,
          "right_segment_count": 2823,
          "row_count_consistent": true,
          "row_counts": [
            85,
            85,
            85,
            85,
            85
          ],
          "rt_core_accelerated": false,
          "status": "ok"
        },
        "optix": {
          "all_parity_vs_cpu_python_reference": true,
          "app_elapsed_sec_median": 0.015294295735657215,
          "app_elapsed_sec_values": [
            0.014893914572894573,
            0.015137597918510437,
            0.015658809803426266,
            0.015294295735657215,
            0.015414564870297909
          ],
          "elapsed_outer_sec": 59.18415648583323,
          "row_count_consistent": true,
          "row_counts": [
            85,
            85,
            85,
            85,
            85
          ],
          "rt_core_accelerated": true,
          "status": "ok"
        }
      },
      "dataset": "/root/rtdl_rayjoin_pod/data/rayjoin/br_county_start256_count192.cdb + /root/rtdl_rayjoin_pod/data/rayjoin/br_soil_start256_count192.cdb",
      "note": "Best Goal2157 bounded nonzero county/soil LSI slice.",
      "workload": "lsi"
    }
  },
  "claim_boundary": {
    "broad_rt_core_speedup_claim_authorized": false,
    "full_rayjoin_reproduction": false,
    "paper_scale_perf_claim_authorized": false,
    "v2_0_release_authorized": false,
    "whole_app_rayjoin_speedup_claim_authorized": false
  },
  "commit": "28f5c69cf4e84da93c3c01f03c00566a3a516909",
  "data_dir": "/root/rtdl_rayjoin_pod/data/rayjoin",
  "goal": "2159",
  "repeats": 5,
  "slices": {
    "county_256_128": {
      "bytes": 223955,
      "chains": 128,
      "count": 128,
      "path": "/root/rtdl_rayjoin_pod/data/rayjoin/br_county_start256_count128.cdb",
      "segments": 6064,
      "source": "br_county",
      "start": 256
    },
    "county_256_192": {
      "bytes": 341418,
      "chains": 192,
      "count": 192,
      "path": "/root/rtdl_rayjoin_pod/data/rayjoin/br_county_start256_count192.cdb",
      "segments": 9216,
      "source": "br_county",
      "start": 256
    },
    "soil_256_128": {
      "bytes": 78719,
      "chains": 128,
      "count": 128,
      "path": "/root/rtdl_rayjoin_pod/data/rayjoin/br_soil_start256_count128.cdb",
      "segments": 2034,
      "source": "br_soil",
      "start": 256
    },
    "soil_256_192": {
      "bytes": 110218,
      "chains": 192,
      "count": 192,
      "path": "/root/rtdl_rayjoin_pod/data/rayjoin/br_soil_start256_count192.cdb",
      "segments": 2823,
      "source": "br_soil",
      "start": 256
    }
  },
  "step_timeout_sec": 360,
  "warmups": 1
}