{
  "cases": [
    {
      "apple_rt_prepare_seconds": 0.037823667051270604,
      "case": "dense_blocked:small",
      "kind": "dense_blocked",
      "measurements": [
        {
          "backend": "apple_rt",
          "cold_seconds": 0.01313820795621723,
          "matches_oracle": true,
          "samples_seconds": [
            0.004559875000268221,
            0.014131875010207295,
            0.015639291028492153
          ],
          "stats": {
            "coefficient_of_variation": 0.5250938691162389,
            "count": 3,
            "max_seconds": 0.015639291028492153,
            "mean_seconds": 0.011443680346322557,
            "median_seconds": 0.014131875010207295,
            "min_seconds": 0.004559875000268221,
            "stdev_seconds": 0.006009006389979972
          },
          "status": "ok",
          "summary": {
            "blocked_count": 512,
            "clear_count": 0,
            "row_count": 512
          },
          "warmups": 1
        },
        {
          "backend": "apple_rt_prepared_query",
          "cold_seconds": 0.004134082933887839,
          "matches_oracle": true,
          "samples_seconds": [
            0.0016872499836608768,
            0.00890395906753838,
            0.0033232499845325947
          ],
          "stats": {
            "coefficient_of_variation": 0.8157933897276396,
            "count": 3,
            "max_seconds": 0.00890395906753838,
            "mean_seconds": 0.004638153011910617,
            "median_seconds": 0.0033232499845325947,
            "min_seconds": 0.0016872499836608768,
            "stdev_seconds": 0.003783774567662024
          },
          "status": "ok",
          "summary": {
            "blocked_count": 512,
            "clear_count": 0,
            "row_count": 512
          },
          "warmups": 1
        },
        {
          "backend": "embree",
          "cold_seconds": 0.024526707944460213,
          "matches_oracle": true,
          "samples_seconds": [
            0.0006392499199137092,
            0.00038679095450788736,
            0.0003718750085681677
          ],
          "stats": {
            "coefficient_of_variation": 0.3224407028209741,
            "count": 3,
            "max_seconds": 0.0006392499199137092,
            "mean_seconds": 0.00046597196099658805,
            "median_seconds": 0.00038679095450788736,
            "min_seconds": 0.0003718750085681677,
            "stdev_seconds": 0.0001502483265986074
          },
          "status": "ok",
          "summary": {
            "blocked_count": 512,
            "clear_count": 0,
            "row_count": 512
          },
          "warmups": 1
        },
        {
          "backend": "shapely_strtree",
          "cold_seconds": 0.05107591697014868,
          "matches_oracle": true,
          "samples_seconds": [
            0.004257582942955196,
            0.004404749954119325,
            0.004614582983776927
          ],
          "stats": {
            "coefficient_of_variation": 0.0405397655176174,
            "count": 3,
            "max_seconds": 0.004614582983776927,
            "mean_seconds": 0.004425638626950483,
            "median_seconds": 0.004404749954119325,
            "min_seconds": 0.004257582942955196,
            "stdev_seconds": 0.0001794143522022828
          },
          "status": "ok",
          "summary": {
            "blocked_count": 512,
            "clear_count": 0,
            "row_count": 512
          },
          "warmups": 1
        }
      ],
      "obstacle_rectangle_count": 64,
      "obstacle_triangle_count": 128,
      "oracle_summary": {
        "blocked_count": 512,
        "clear_count": 0,
        "row_count": 512
      },
      "ray_count": 512,
      "scale": "small"
    },
    {
      "apple_rt_prepare_seconds": 0.003907207981683314,
      "case": "dense_blocked:medium",
      "kind": "dense_blocked",
      "measurements": [
        {
          "backend": "apple_rt",
          "cold_seconds": 0.029652833007276058,
          "matches_oracle": true,
          "samples_seconds": [
            0.02163450000807643,
            0.02681008307263255,
            0.020637082983739674
          ],
          "stats": {
            "coefficient_of_variation": 0.14390772688718717,
            "count": 3,
            "max_seconds": 0.02681008307263255,
            "mean_seconds": 0.023027222021482885,
            "median_seconds": 0.02163450000807643,
            "min_seconds": 0.020637082983739674,
            "stdev_seconds": 0.003313795177638181
          },
          "status": "ok",
          "summary": {
            "blocked_count": 2048,
            "clear_count": 0,
            "row_count": 2048
          },
          "warmups": 1
        },
        {
          "backend": "apple_rt_prepared_query",
          "cold_seconds": 0.015204583061859012,
          "matches_oracle": true,
          "samples_seconds": [
            0.016466917004436255,
            0.008281791931949556,
            0.013301832950673997
          ],
          "stats": {
            "coefficient_of_variation": 0.3254181433624721,
            "count": 3,
            "max_seconds": 0.016466917004436255,
            "mean_seconds": 0.012683513962353269,
            "median_seconds": 0.013301832950673997,
            "min_seconds": 0.008281791931949556,
            "stdev_seconds": 0.004127445564940993
          },
          "status": "ok",
          "summary": {
            "blocked_count": 2048,
            "clear_count": 0,
            "row_count": 2048
          },
          "warmups": 1
        },
        {
          "backend": "embree",
          "cold_seconds": 0.002285208087414503,
          "matches_oracle": true,
          "samples_seconds": [
            0.0008059999672695994,
            0.0009649590356275439,
            0.0008442910620942712
          ],
          "stats": {
            "coefficient_of_variation": 0.09516579874233456,
            "count": 3,
            "max_seconds": 0.0009649590356275439,
            "mean_seconds": 0.0008717500216638049,
            "median_seconds": 0.0008442910620942712,
            "min_seconds": 0.0008059999672695994,
            "stdev_seconds": 8.296078711528345e-05
          },
          "status": "ok",
          "summary": {
            "blocked_count": 2048,
            "clear_count": 0,
            "row_count": 2048
          },
          "warmups": 1
        },
        {
          "backend": "shapely_strtree",
          "cold_seconds": 0.0190815000096336,
          "matches_oracle": true,
          "samples_seconds": [
            0.017839499982073903,
            0.017986749997362494,
            0.018354374915361404
          ],
          "stats": {
            "coefficient_of_variation": 0.014683182560533867,
            "count": 3,
            "max_seconds": 0.018354374915361404,
            "mean_seconds": 0.018060208298265934,
            "median_seconds": 0.017986749997362494,
            "min_seconds": 0.017839499982073903,
            "stdev_seconds": 0.0002651813355247074
          },
          "status": "ok",
          "summary": {
            "blocked_count": 2048,
            "clear_count": 0,
            "row_count": 2048
          },
          "warmups": 1
        }
      ],
      "obstacle_rectangle_count": 256,
      "obstacle_triangle_count": 512,
      "oracle_summary": {
        "blocked_count": 2048,
        "clear_count": 0,
        "row_count": 2048
      },
      "ray_count": 2048,
      "scale": "medium"
    },
    {
      "apple_rt_prepare_seconds": 0.0015957079594954848,
      "case": "sparse_clear:small",
      "kind": "sparse_clear",
      "measurements": [
        {
          "backend": "apple_rt",
          "cold_seconds": 0.013246749993413687,
          "matches_oracle": true,
          "samples_seconds": [
            0.007902791956439614,
            0.004912958014756441,
            0.011290249996818602
          ],