{
  "goal": 443,
  "postgresql_dsn": "dbname=postgres",
  "repeated_query_count": 10,
  "row_count": 200000,
  "transfer": "columnar",
  "workloads": {
    "conjunctive_scan": {
      "backends": {
        "embree": {
          "break_even_query_count": "wins_from_first_query",
          "embree_dataset_prepare_seconds": 0.9829526840476319,
          "embree_dataset_query_seconds_median": 0.018264871032442898,
          "embree_dataset_query_seconds_samples": [
            0.017449042992666364,
            0.01791932398919016,
            0.0182690960355103,
            0.01832948694936931,
            0.018260646029375494,
            0.0186203399207443,
            0.01825927896425128,
            0.018345688935369253,
            0.018030058941803873,
            0.01828204095363617
          ],
          "embree_dataset_total_repeated_seconds": 1.1647176877595484,
          "embree_dataset_transfer": "columnar",
          "median_query_speedup_vs_postgresql": 2.0976526180829134,
          "postgresql_query_seconds_median": 0.03831335454015061,
          "postgresql_query_seconds_samples": [
            0.03728340507950634,
            0.03807928098831326,
            0.04087919509038329,
            0.039728701929561794,
            0.038708441075868905,
            0.038554172962903976,
            0.03854742809198797,
            0.037770175957120955,
            0.03792557003907859,
            0.037855201051570475
          ],
          "postgresql_row_count": 22268,
          "postgresql_row_hash": "19461bddd250025c3d24a174f82e5f66046e40dded85ef27614143a08c9590c8",
          "postgresql_setup_seconds": 12.264949876931496,
          "postgresql_total_repeated_seconds": 12.650281449197792,
          "row_count": 22268,
          "row_hash": "19461bddd250025c3d24a174f82e5f66046e40dded85ef27614143a08c9590c8",
          "total_repeated_speedup_vs_postgresql": 10.861242670343472
        },
        "optix": {
          "break_even_query_count": "wins_from_first_query",
          "median_query_speedup_vs_postgresql": 3.0160431778258645,
          "optix_dataset_prepare_seconds": 1.1336591249564663,
          "optix_dataset_query_seconds_median": 0.012703185027930886,
          "optix_dataset_query_seconds_samples": [
            0.45165063499007374,
            0.014510196982882917,
            0.012962575070559978,
            0.012718326994217932,
            0.01276074699126184,
            0.012688043061643839,
            0.01246529200579971,
            0.012193690985441208,
            0.012181591941043735,
            0.012339249951764941
          ],
          "optix_dataset_total_repeated_seconds": 1.700129473931156,
          "optix_dataset_transfer": "columnar",
          "postgresql_query_seconds_median": 0.03831335454015061,
          "postgresql_query_seconds_samples": [
            0.03728340507950634,
            0.03807928098831326,
            0.04087919509038329,
            0.039728701929561794,
            0.038708441075868905,
            0.038554172962903976,
            0.03854742809198797,
            0.037770175957120955,
            0.03792557003907859,
            0.037855201051570475
          ],
          "postgresql_row_count": 22268,
          "postgresql_row_hash": "19461bddd250025c3d24a174f82e5f66046e40dded85ef27614143a08c9590c8",
          "postgresql_setup_seconds": 12.264949876931496,
          "postgresql_total_repeated_seconds": 12.650281449197792,
          "row_count": 22268,
          "row_hash": "19461bddd250025c3d24a174f82e5f66046e40dded85ef27614143a08c9590c8",
          "total_repeated_speedup_vs_postgresql": 7.440775331038137
        },
        "vulkan": {
          "break_even_query_count": "wins_from_first_query",
          "median_query_speedup_vs_postgresql": 2.721468784472989,
          "postgresql_query_seconds_median": 0.03831335454015061,
          "postgresql_query_seconds_samples": [
            0.03728340507950634,
            0.03807928098831326,
            0.04087919509038329,
            0.039728701929561794,
            0.038708441075868905,
            0.038554172962903976,
            0.03854742809198797,
            0.037770175957120955,
            0.03792557003907859,
            0.037855201051570475
          ],
          "postgresql_row_count": 22268,
          "postgresql_row_hash": "19461bddd250025c3d24a174f82e5f66046e40dded85ef27614143a08c9590c8",
          "postgresql_setup_seconds": 12.264949876931496,
          "postgresql_total_repeated_seconds": 12.650281449197792,
          "row_count": 22268,
          "row_hash": "19461bddd250025c3d24a174f82e5f66046e40dded85ef27614143a08c9590c8",
          "total_repeated_speedup_vs_postgresql": 7.624680886240862,
          "vulkan_dataset_prepare_seconds": 1.1759181449888274,
          "vulkan_dataset_query_seconds_median": 0.014078189968131483,
          "vulkan_dataset_query_seconds_samples": [
            0.356263192021288,
            0.014119450002908707,
            0.014005585922859609,
            0.014088263968005776,
            0.014362941961735487,
            0.01404976798221469,
            0.014147790963761508,
            0.014040505979210138,
            0.014068115968257189,
            0.014058980974368751
          ],
          "vulkan_dataset_total_repeated_seconds": 1.6591227407334372,
          "vulkan_dataset_transfer": "columnar"
        }
      },
      "postgresql": {
        "postgresql_query_seconds_median": 0.03831335454015061,
        "postgresql_query_seconds_samples": [
          0.03728340507950634,
          0.03807928098831326,
          0.04087919509038329,
          0.039728701929561794,
          0.038708441075868905,
          0.038554172962903976,
          0.03854742809198797,
          0.037770175957120955,
          0.03792557003907859,
          0.037855201051570475
        ],
        "postgresql_row_count": 22268,
        "postgresql_row_hash": "19461bddd250025c3d24a174f82e5f66046e40dded85ef27614143a08c9590c8",
        "postgresql_setup_seconds": 12.264949876931496,
        "postgresql_total_repeated_seconds": 12.650281449197792
      },
      "reference_row_count": 22268,
      "reference_row_hash": "19461bddd250025c3d24a174f82e5f66046e40dded85ef27614143a08c9590c8"
    },
    "grouped_count": {
      "backends": {
        "embree": {
          "break_even_query_count": "wins_from_first_query",
          "embree_dataset_prepare_seconds": 0.9660781599814072,
          "embree_dataset_query_seconds_median": 0.015983015939127654,
          "embree_dataset_query_seconds_samples": [
            0.015379277989268303,
            0.014943495974875987,
            0.01566008001100272,
            0.016003076918423176,
            0.01625723100733012,
            0.015759335015900433,
            0.016167820896953344,
            0.01635678403545171,
            0.01642403902951628,
            0.015962954959832132
          ],
          "embree_dataset_total_repeated_seconds": 1.1249922558199614,
          "embree_dataset_transfer": "columnar",
          "median_query_speedup_vs_postgresql": 1.3795023792954024,
          "postgresql_query_seconds_median": 0.022048608516342938,
          "postgresql_query_seconds_samples": [
            0.022885724087245762,
            0.022376456996425986,
            0.022528153960593045,
            0.022531744092702866,
            0.022509951959364116,
            0.0217036169487983,
            0.02169573400169611,
            0.02172076003625989,
            0.02167103998363018,
            0.021686892956495285
          ],
          "postgresql_row_count": 8,
          "postgresql_row_hash": "869ed487d7eda66115bb00dceaf75df016fac2e2e0a6d75119f993d63137a77b",
          "postgresql_setup_seconds": 11.159043330000713,
          "postgresql_total_repeated_seconds": 11.380353405023925,
          "row_count": 8,
          "row_hash": "869ed487d7eda66115bb00dceaf75df016fac2e2e0a6d75119f993d63137a77b",