{
  "baseline": {
    "name": "v1_8_one_shot_native_optix_hitcount_rows",
    "query_samples_s": [
      14.708149865269661,
      14.633986689150333,
      14.94463624805212,
      14.629370801150799,
      15.475493974983692
    ],
    "query_summary": {
      "max_s": 15.475493974983692,
      "median_s": 14.708149865269661,
      "min_s": 14.629370801150799
    },
    "row_count": 2048
  },
  "claim_boundary": {
    "broad_rt_core_speedup_claim_authorized": false,
    "package_install_claim_authorized": false,
    "partner_output_columns_true_zero_copy_authorized": true,
    "same_contract_timing_row": true,
    "v2_0_release_authorized": false,
    "whole_app_speedup_claim_authorized": false
  },
  "count": 2048,
  "git_commit": "77dd7eccf123c944fc549b698d820df1a6ab0d55",
  "goal": "Goal1863",
  "gpu": "NVIDIA RTX A4500, 550.127.05",
  "iterations": 5,
  "output_capacity": 4096,
  "parity": {
    "expected_row_count": 2048,
    "strict_counts_match": true
  },
  "partners": {
    "cupy": {
      "column_build_s": 0.007058843970298767,
      "output_contract": "partner_owned_device_count_columns",
      "query_median_ratio_vs_v1_8_one_shot_native": 0.00010071149290466221,
      "query_median_ratio_vs_v1_8_prepared_native": 0.44682323856613104,
      "query_samples_s": [
        0.24491939693689346,
        0.001762382686138153,
        0.0014725252985954285,
        0.001470029354095459,
        0.001481279730796814
      ],
      "query_summary": {
        "max_s": 0.24491939693689346,
        "median_s": 0.001481279730796814,
        "min_s": 0.001470029354095459
      },
      "row_count": 2048
    },
    "torch": {
      "column_build_s": 0.018188834190368652,
      "output_contract": "partner_owned_device_count_columns",
      "query_median_ratio_vs_v1_8_one_shot_native": 8.636111575568792e-05,
      "query_median_ratio_vs_v1_8_prepared_native": 0.3831554107203057,
      "query_samples_s": [
        0.1312904879450798,
        0.0015634521842002869,
        0.0012702122330665588,
        0.0012278705835342407,
        0.0012244358658790588
      ],
      "query_summary": {
        "max_s": 0.1312904879450798,
        "median_s": 0.0012702122330665588,
        "min_s": 0.0012244358658790588
      },
      "row_count": 2048
    }
  },
  "prepared_baseline": {
    "name": "v1_8_prepared_native_optix_hitcount_rows",
    "query_samples_s": [
      0.012014538049697876,
      0.003642059862613678,
      0.0033151358366012573,
      0.003311246633529663,
      0.0032661929726600647
    ],
    "query_summary": {
      "max_s": 0.012014538049697876,
      "median_s": 0.0033151358366012573,
      "min_s": 0.0032661929726600647
    },
    "row_count": 2048
  },
  "status": "pass"
}