{
  "cases": {
    "lsi_county256_soil256_count192": {
      "backends": {
        "cpu": {
          "all_parity_vs_cpu_python_reference": true,
          "app_elapsed_sec_median": 0.016227630898356438,
          "app_elapsed_sec_values": [
            0.016384809277951717,
            0.016227630898356438,
            0.016163419000804424,
            0.016416940838098526,
            0.016186472959816456
          ],
          "elapsed_outer_sec": 59.2828212082386,
          "row_count_consistent": true,
          "row_counts": [
            85,
            85,
            85,
            85,
            85
          ],
          "rt_core_accelerated": false,
          "status": "ok"
        },
        "embree": {
          "all_parity_vs_cpu_python_reference": true,
          "app_elapsed_sec_median": 0.030806497670710087,
          "app_elapsed_sec_values": [
            0.029275757260620594,
            0.03143611364066601,
            0.030806497670710087,
            0.03227482829242945,
            0.029998320154845715
          ],
          "elapsed_outer_sec": 59.18980779778212,
          "row_count_consistent": true,
          "row_counts": [
            85,
            85,
            85,
            85,
            85
          ],
          "rt_core_accelerated": false,
          "status": "ok"
        },
        "optix": {
          "all_parity_vs_cpu_python_reference": true,
          "app_elapsed_sec_median": 0.01542560663074255,
          "app_elapsed_sec_values": [
            0.01542560663074255,
            0.015491961501538754,
            0.015140593983232975,
            0.015785370022058487,
            0.015094527043402195
          ],
          "elapsed_outer_sec": 59.915078098885715,
          "row_count_consistent": true,
          "row_counts": [
            85,
            85,
            85,
            85,
            85
          ],
          "rt_core_accelerated": true,
          "status": "ok"
        }
      },
      "dataset": "/root/rtdl_rayjoin_pod/data/rayjoin/br_county_start256_count192.cdb + /root/rtdl_rayjoin_pod/data/rayjoin/br_soil_start256_count192.cdb",
      "note": "Best Goal2157 bounded nonzero county/soil LSI slice.",
      "workload": "lsi"
    }
  },
  "claim_boundary": {
    "broad_rt_core_speedup_claim_authorized": false,
    "full_rayjoin_reproduction": false,
    "paper_scale_perf_claim_authorized": false,
    "v2_0_release_authorized": false,
    "whole_app_rayjoin_speedup_claim_authorized": false
  },
  "commit": "b521b1d4463575269dd7ce84b926d5116a8bd5f7",
  "data_dir": "/root/rtdl_rayjoin_pod/data/rayjoin",
  "goal": "2159",
  "repeats": 5,
  "slices": {
    "county_256_192": {
      "bytes": 341418,
      "chains": 192,
      "count": 192,
      "path": "/root/rtdl_rayjoin_pod/data/rayjoin/br_county_start256_count192.cdb",
      "segments": 9216,
      "source": "br_county",
      "start": 256
    },
    "soil_256_192": {
      "bytes": 110218,
      "chains": 192,
      "count": 192,
      "path": "/root/rtdl_rayjoin_pod/data/rayjoin/br_soil_start256_count192.cdb",
      "segments": 2823,
      "source": "br_soil",
      "start": 256
    }
  },
  "step_timeout_sec": 240,
  "warmups": 1
}