{
  "baseline": {
    "name": "v1_8_native_optix_hitcount_rows",
    "query_samples_s": [
      0.18470987677574158,
      0.17636863887310028,
      0.17561855912208557,
      0.17817963659763336,
      0.1823391541838646
    ],
    "query_summary": {
      "max_s": 0.18470987677574158,
      "median_s": 0.17817963659763336,
      "min_s": 0.17561855912208557
    },
    "row_count": 512
  },
  "claim_boundary": {
    "broad_rt_core_speedup_claim_authorized": false,
    "package_install_claim_authorized": false,
    "partner_output_columns_true_zero_copy_authorized": true,
    "same_contract_timing_row": true,
    "v2_0_release_authorized": false,
    "whole_app_speedup_claim_authorized": false
  },
  "count": 512,
  "git_commit": "77dd7eccf123c944fc549b698d820df1a6ab0d55",
  "goal": "Goal1863",
  "gpu": "NVIDIA RTX A4500, 550.127.05",
  "iterations": 5,
  "output_capacity": 1024,
  "parity": {
    "expected_row_count": 512,
    "strict_counts_match": true
  },
  "partners": {
    "cupy": {
      "column_build_s": 0.11505626887083054,
      "output_contract": "partner_owned_device_count_columns",
      "query_median_ratio_vs_v1_8_native": 0.007822832877257184,
      "query_samples_s": [
        0.35993345081806183,
        0.0016829371452331543,
        0.0013938695192337036,
        0.001353040337562561,
        0.0013633668422698975
      ],
      "query_summary": {
        "max_s": 0.35993345081806183,
        "median_s": 0.0013938695192337036,
        "min_s": 0.001353040337562561
      },
      "row_count": 512
    },
    "torch": {
      "column_build_s": 0.0147782564163208,
      "output_contract": "partner_owned_device_count_columns",
      "query_median_ratio_vs_v1_8_native": 0.007081327572565115,
      "query_samples_s": [
        0.1291150078177452,
        0.0014874786138534546,
        0.0011257082223892212,
        0.0010723695158958435,
        0.0012617483735084534
      ],
      "query_summary": {
        "max_s": 0.1291150078177452,
        "median_s": 0.0012617483735084534,
        "min_s": 0.0010723695158958435
      },
      "row_count": 512
    }
  },
  "status": "pass"
}