{
  "baseline": {
    "name": "v1_8_one_shot_native_optix_road_hazard_rows",
    "query_samples_s": [
      0.03260035300627351,
      0.02460472797974944,
      0.0246521329972893
    ],
    "query_summary": {
      "max_s": 0.03260035300627351,
      "median_s": 0.0246521329972893,
      "min_s": 0.02460472797974944
    },
    "row_count": 256
  },
  "claim_boundary": {
    "broad_rt_core_speedup_claim_authorized": false,
    "package_install_claim_authorized": false,
    "partner_output_columns_true_zero_copy_authorized": true,
    "same_contract_timing_row": true,
    "v2_0_release_authorized": false,
    "whole_app_speedup_claim_authorized": false
  },
  "count": 256,
  "git_commit": "f9d14d482ce4e8cf13ac7e7a6d5bf3969e3491a3",
  "goal": "Goal1869",
  "goal_extension": "Goal1889",
  "gpu": "NVIDIA GeForce GTX 1070, 580.126.09",
  "iterations": 3,
  "output_capacity": 98304,
  "parity": {
    "expected_row_count": 256,
    "strict_priority_flags_match": true
  },
  "partners": {
    "cupy": {
      "column_build_s": 0.003010507090948522,
      "goal1889_prepared_reuse": {
        "output_contract": "prepared_partner_owned_road_hazard_priority_columns",
        "prepared_scene_reused": true,
        "query_median_ratio_vs_goal1869_unprepared_partner": 0.6009291202367398,
        "query_median_ratio_vs_v1_8_one_shot_native": 0.05385099967552922,
        "query_median_ratio_vs_v1_8_prepared_native": 2.4596225853485985,
        "query_samples_s": [
          0.0013855440774932504,
          0.0013275420060381293,
          0.0012962030014023185
        ],
        "query_summary": {
          "max_s": 0.0013855440774932504,
          "median_s": 0.0013275420060381293,
          "min_s": 0.0012962030014023185
        },
        "row_count": 256,
        "witness_output_columns_reused": true
      },
      "output_contract": "partner_owned_road_hazard_priority_columns",
      "query_median_ratio_vs_v1_8_one_shot_native": 0.08961289753159954,
      "query_median_ratio_vs_v1_8_prepared_native": 4.093032776277533,
      "query_samples_s": [
        0.27065259707160294,
        0.00220914906822145,
        0.0019850600510835648
      ],
      "query_summary": {
        "max_s": 0.27065259707160294,
        "median_s": 0.00220914906822145,
        "min_s": 0.0019850600510835648
      },
      "row_count": 256
    },
    "torch": {
      "column_build_s": 0.011997092980891466,
      "goal1889_prepared_reuse": {
        "output_contract": "prepared_partner_owned_road_hazard_priority_columns",
        "prepared_scene_reused": true,
        "query_median_ratio_vs_goal1869_unprepared_partner": 0.46842536017416553,
        "query_median_ratio_vs_v1_8_one_shot_native": 0.032517308138294725,
        "query_median_ratio_vs_v1_8_prepared_native": 1.4852148705427628,
        "query_samples_s": [
          0.0008249420206993818,
          0.0008016210049390793,
          0.0007987170247361064
        ],
        "query_summary": {
          "max_s": 0.0008249420206993818,
          "median_s": 0.0008016210049390793,
          "min_s": 0.0007987170247361064
        },
        "row_count": 256,
        "witness_output_columns_reused": true
      },
      "output_contract": "partner_owned_road_hazard_priority_columns",
      "query_median_ratio_vs_v1_8_one_shot_native": 0.06941833406757578,
      "query_median_ratio_vs_v1_8_prepared_native": 3.1706542745476978,
      "query_samples_s": [
        0.09933862101752311,
        0.0017113100038841367,
        0.0014834050089120865
      ],
      "query_summary": {
        "max_s": 0.09933862101752311,
        "median_s": 0.0017113100038841367,
        "min_s": 0.0014834050089120865
      },
      "row_count": 256
    }
  },
  "prepared_baseline": {
    "name": "v1_8_prepared_native_optix_road_hazard_rows",
    "query_samples_s": [
      0.0014332740101963282,
      0.0005397340282797813,
      0.000501252943649888
    ],
    "query_summary": {
      "max_s": 0.0014332740101963282,
      "median_s": 0.0005397340282797813,
      "min_s": 0.000501252943649888
    },
    "row_count": 256
  },
  "status": "pass",
  "threshold": 2
}