{
  "backend": "torch_cuda_extension_subtree_containment_float32",
  "benchmark": "barnes_hut_ppopp2025_style",
  "body_count": 32768,
  "bucket_size": 32,
  "contract": "generic_aggregate_frontier_weighted_vector_sum_2d_v1",
  "deltas": {
    "checksum_force_x_abs": 7.167297815205529,
    "checksum_force_y_abs": 1.669762163888663,
    "contribution_row_count": 0,
    "max_vector_abs_error": 0.025677681922382553,
    "max_vector_relative_error": 8.54515452031949e-05,
    "mean_vector_abs_error": 0.005101909689622605,
    "mean_vector_relative_error": 8.121434469583254e-07,
    "visited_node_total": 0
  },
  "device": "NVIDIA RTX A5000",
  "metadata": {
    "authors_code_comparison": false,
    "claim_boundary": "Float32 Torch/CUDA subtree-containment prototype for the generic 2-D fused vector-sum contract. Accuracy is measured against the float64 Python reference.",
    "native_engine_app_specific": false,
    "paper_reproduction": false,
    "partner_resident_kernel": true,
    "public_speedup_claim_authorized": false
  },
  "precision": "float32_accumulation",
  "reference": {
    "checksum_force_x": -52016.80966526526,
    "checksum_force_y": 105365.71026316239,
    "summary": {
      "aggregate_contribution_row_count": 1864577,
      "contribution_row_count": 5695980,
      "exact_contribution_row_count": 3831403,
      "leaf_node_count": 2260,
      "materialized_contribution_rows": false,
      "materialized_frontier_rows": false,
      "root_count": 1,
      "source_count": 32768,
      "sources_with_contributions": 32768,
      "target_count": 32768,
      "tree_node_count": 3013,
      "visited_node_total": 2711968
    }
  },
  "repeats": 20,
  "result": {
    "aggregate_contribution_row_count": 1864577,
    "checksum_force_x": -52023.976963080466,
    "checksum_force_y": 105364.0405009985,
    "contribution_row_count": 5695980,
    "exact_contribution_row_count": 3831403,
    "visited_node_total": 2711968
  },
  "softening": 0.05,
  "theta": 0.75,
  "timing_ms": {
    "extension_compile": 55.18876761198044,
    "resident_kernel_mean": 0.6113088011741639,
    "resident_kernel_min": 0.47276800870895386,
    "resident_kernel_runs": [
      0.4928959906101227,
      3.1344640254974365,
      0.48204800486564636,
      0.47993600368499756,
      0.47545599937438965,
      0.47808000445365906,
      0.4764479994773865,
      0.477728009223938,
      0.4768640100955963,
      0.4800319969654083,
      0.4785600006580353,
      0.48153600096702576,
      0.47513601183891296,
      0.47788798809051514,
      0.47276800870895386,
      0.47683200240135193,
      0.47628799080848694,
      0.47887998819351196,
      0.4756479859352112,
      0.47868800163269043
    ],
    "tensor_prepare_host_to_device": 198.92829656600952,
    "tree_prepare_cpu": 516.7180299758911
  }
}
