{
  "baseline": {
    "name": "v1_8_one_shot_native_optix_road_hazard_rows",
    "query_samples_s": [
      0.007049810024909675,
      0.0006348509341478348,
      0.0005927339661866426
    ],
    "query_summary": {
      "max_s": 0.007049810024909675,
      "median_s": 0.0006348509341478348,
      "min_s": 0.0005927339661866426
    },
    "row_count": 64
  },
  "claim_boundary": {
    "broad_rt_core_speedup_claim_authorized": false,
    "package_install_claim_authorized": false,
    "partner_output_columns_true_zero_copy_authorized": true,
    "same_contract_timing_row": true,
    "v2_0_release_authorized": false,
    "whole_app_speedup_claim_authorized": false
  },
  "count": 64,
  "git_commit": "f01ec3f5bf660ae0ed841ca0455f91c99181cdd1",
  "goal": "Goal1869",
  "goal_extension": "Goal1889",
  "gpu": "NVIDIA GeForce GTX 1070, 580.126.09",
  "iterations": 3,
  "output_capacity": 6144,
  "parity": {
    "expected_row_count": 64,
    "strict_priority_flags_match": true
  },
  "partners": {
    "cupy": {
      "column_build_s": 0.0023477660724893212,
      "goal1889_prepared_reuse": {
        "output_contract": "prepared_partner_owned_road_hazard_priority_columns",
        "prepared_scene_reused": true,
        "query_median_ratio_vs_goal1869_unprepared_partner": 0.609804960967781,
        "query_median_ratio_vs_v1_8_one_shot_native": 2.065820357770521,
        "query_median_ratio_vs_v1_8_prepared_native": 5.610113506038334,
        "query_samples_s": [
          0.0013101689983159304,
          0.0013527630362659693,
          0.0013114879839122295
        ],
        "query_summary": {
          "max_s": 0.0013527630362659693,
          "median_s": 0.0013114879839122295,
          "min_s": 0.0013101689983159304
        },
        "row_count": 64,
        "witness_output_columns_reused": true
      },
      "output_contract": "partner_owned_road_hazard_priority_columns",
      "query_median_ratio_vs_v1_8_one_shot_native": 3.3876739121505253,
      "query_median_ratio_vs_v1_8_prepared_native": 9.19984891092866,
      "query_samples_s": [
        0.2711629120167345,
        0.002150667947717011,
        0.0019247120944783092
      ],
      "query_summary": {
        "max_s": 0.2711629120167345,
        "median_s": 0.002150667947717011,
        "min_s": 0.0019247120944783092
      },
      "row_count": 64
    },
    "torch": {
      "column_build_s": 0.011106441961601377,
      "goal1889_prepared_reuse": {
        "output_contract": "prepared_partner_owned_road_hazard_priority_columns",
        "prepared_scene_reused": true,
        "query_median_ratio_vs_goal1869_unprepared_partner": 0.4986205149708501,
        "query_median_ratio_vs_v1_8_one_shot_native": 1.2887088398130462,
        "query_median_ratio_vs_v1_8_prepared_native": 3.499724862518407,
        "query_samples_s": [
          0.0008290760451927781,
          0.00081198092084378,
          0.0008181380107998848
        ],
        "query_summary": {
          "max_s": 0.0008290760451927781,
          "median_s": 0.0008181380107998848,
          "min_s": 0.00081198092084378
        },
        "row_count": 64,
        "witness_output_columns_reused": true
      },
      "output_contract": "partner_owned_road_hazard_priority_columns",
      "query_median_ratio_vs_v1_8_one_shot_native": 2.584548371196451,
      "query_median_ratio_vs_v1_8_prepared_native": 7.018814423877053,
      "query_samples_s": [
        0.08970119396690279,
        0.0016408029478043318,
        0.0014774610754102468
      ],
      "query_summary": {
        "max_s": 0.08970119396690279,
        "median_s": 0.0016408029478043318,
        "min_s": 0.0014774610754102468
      },
      "row_count": 64
    }
  },
  "prepared_baseline": {
    "name": "v1_8_prepared_native_optix_road_hazard_rows",
    "query_samples_s": [
      0.00039631593972444534,
      0.00023377209436148405,
      0.00020076206419616938
    ],
    "query_summary": {
      "max_s": 0.00039631593972444534,
      "median_s": 0.00023377209436148405,
      "min_s": 0.00020076206419616938
    },
    "row_count": 64
  },
  "source_commit_label": "a63c706b7a0488c161d6f8e090de5e441a710f7f",
  "status": "pass",
  "threshold": 2
}