{
  "cases": {
    "lsi_county256_soil256_count128": {
      "backends": {
        "cpu": {
          "all_parity_vs_cpu_python_reference": true,
          "app_elapsed_sec_median": 0.01091507077217102,
          "app_elapsed_sec_values": [
            0.010972070507705212,
            0.01091507077217102,
            0.01916581578552723,
            0.010850198566913605,
            0.01088198833167553
          ],
          "elapsed_outer_sec": 28.245491528883576,
          "row_count_consistent": true,
          "row_counts": [
            56,
            56,
            56,
            56,
            56
          ],
          "rt_core_accelerated": false,
          "status": "ok"
        },
        "embree": {
          "all_parity_vs_cpu_python_reference": true,
          "app_elapsed_sec_median": 0.022312439046800137,
          "app_elapsed_sec_values": [
            0.022312439046800137,
            0.021920653991401196,
            0.03187534864991903,
            0.023118621669709682,
            0.014036123640835285
          ],
          "elapsed_outer_sec": 28.489684401080012,
          "row_count_consistent": true,
          "row_counts": [
            56,
            56,
            56,
            56,
            56
          ],
          "rt_core_accelerated": false,
          "status": "ok"
        },
        "optix": {
          "all_parity_vs_cpu_python_reference": true,
          "app_elapsed_sec_median": 0.010379493236541748,
          "app_elapsed_sec_values": [
            0.010626963339745998,
            0.010379493236541748,
            0.02314874902367592,
            0.0023627709597349167,
            0.002281307242810726
          ],
          "elapsed_outer_sec": 29.040434977039695,
          "row_count_consistent": true,
          "row_counts": [
            56,
            56,
            56,
            56,
            56
          ],
          "rt_core_accelerated": true,
          "status": "ok"
        }
      },
      "dataset": "/root/rtdl_rayjoin_pod/data/rayjoin/br_county_start256_count128.cdb + /root/rtdl_rayjoin_pod/data/rayjoin/br_soil_start256_count128.cdb",
      "note": "Larger nonzero county/soil LSI slice with a mild warm OptiX win.",
      "workload": "lsi"
    },
    "lsi_county256_soil256_count192": {
      "backends": {
        "cpu": {
          "all_parity_vs_cpu_python_reference": true,
          "app_elapsed_sec_median": 0.016306470148265362,
          "app_elapsed_sec_values": [
            0.016025747172534466,
            0.027796856127679348,
            0.01620564889162779,
            0.02698421012610197,
            0.016306470148265362
          ],
          "elapsed_outer_sec": 59.538301539607346,
          "row_count_consistent": true,
          "row_counts": [
            85,
            85,
            85,
            85,
            85
          ],
          "rt_core_accelerated": false,
          "status": "ok"
        },
        "embree": {
          "all_parity_vs_cpu_python_reference": true,
          "app_elapsed_sec_median": 0.01931379921734333,
          "app_elapsed_sec_values": [
            0.01931379921734333,
            0.041440664790570736,
            0.01833662949502468,
            0.031728158704936504,
            0.018092325888574123
          ],
          "elapsed_outer_sec": 59.25544742681086,
          "row_count_consistent": true,
          "row_counts": [
            85,
            85,
            85,
            85,
            85
          ],
          "rt_core_accelerated": false,
          "status": "ok"
        },
        "optix": {
          "all_parity_vs_cpu_python_reference": true,
          "app_elapsed_sec_median": 0.0030895741656422615,
          "app_elapsed_sec_values": [
            0.015692783519625664,
            0.0029914071783423424,
            0.0030895741656422615,
            0.003097318112850189,
            0.002992570400238037
          ],
          "elapsed_outer_sec": 59.14243031665683,
          "row_count_consistent": true,
          "row_counts": [
            85,
            85,
            85,
            85,
            85
          ],
          "rt_core_accelerated": true,
          "status": "ok"
        }
      },
      "dataset": "/root/rtdl_rayjoin_pod/data/rayjoin/br_county_start256_count192.cdb + /root/rtdl_rayjoin_pod/data/rayjoin/br_soil_start256_count192.cdb",
      "note": "Best Goal2157 bounded nonzero county/soil LSI slice.",
      "workload": "lsi"
    }
  },
  "claim_boundary": {
    "broad_rt_core_speedup_claim_authorized": false,
    "full_rayjoin_reproduction": false,
    "paper_scale_perf_claim_authorized": false,
    "v2_0_release_authorized": false,
    "whole_app_rayjoin_speedup_claim_authorized": false
  },
  "commit": "b521b1d4463575269dd7ce84b926d5116a8bd5f7",
  "data_dir": "/root/rtdl_rayjoin_pod/data/rayjoin",
  "goal": "2159",
  "repeats": 5,
  "slices": {
    "county_256_128": {
      "bytes": 223955,
      "chains": 128,
      "count": 128,
      "path": "/root/rtdl_rayjoin_pod/data/rayjoin/br_county_start256_count128.cdb",
      "segments": 6064,
      "source": "br_county",
      "start": 256
    },
    "county_256_192": {
      "bytes": 341418,
      "chains": 192,
      "count": 192,
      "path": "/root/rtdl_rayjoin_pod/data/rayjoin/br_county_start256_count192.cdb",
      "segments": 9216,
      "source": "br_county",
      "start": 256
    },
    "soil_256_128": {
      "bytes": 78719,
      "chains": 128,
      "count": 128,
      "path": "/root/rtdl_rayjoin_pod/data/rayjoin/br_soil_start256_count128.cdb",
      "segments": 2034,
      "source": "br_soil",
      "start": 256
    },
    "soil_256_192": {
      "bytes": 110218,
      "chains": 192,
      "count": 192,
      "path": "/root/rtdl_rayjoin_pod/data/rayjoin/br_soil_start256_count192.cdb",
      "segments": 2823,
      "source": "br_soil",
      "start": 256
    }
  },
  "step_timeout_sec": 240,
  "warmups": 1
}