{
  "baseline": {
    "name": "v1_8_native_optix_rows",
    "query_samples_s": [
      0.9864926375448704,
      0.03360630199313164,
      0.045831646770238876,
      0.03163061663508415,
      0.031015891581773758
    ],
    "query_summary": {
      "max_s": 0.9864926375448704,
      "median_s": 0.03360630199313164,
      "min_s": 0.031015891581773758
    },
    "row_count": 2048
  },
  "claim_boundary": {
    "broad_rt_core_speedup_claim_authorized": false,
    "package_install_claim_authorized": false,
    "same_contract_timing_row": true,
    "v2_0_release_authorized": false,
    "whole_app_speedup_claim_authorized": false,
    "whole_app_true_zero_copy_authorized": false
  },
  "count": 2048,
  "git_commit": "39efaf3d-pod-anyhit-2048",
  "goal": "Goal1856",
  "gpu": "NVIDIA L4, 570.195.03",
  "iterations": 5,
  "output_capacity": 4194304,
  "parity": {
    "expected_row_count": 2048,
    "strict_rows_match": true
  },
  "partners": {
    "cupy": {
      "column_build_s": 0.010360483080148697,
      "overflow_check": {
        "elapsed_s": 0.3459639512002468,
        "message": "partner segment/polygon column adapter overflowed; increase output_capacity",
        "status": "pass",
        "tight_capacity": 1024
      },
      "query_median_ratio_vs_v1_8_native": 1.2951288880552898,
      "query_samples_s": [
        0.04684650897979736,
        0.04352449253201485,
        0.04402411729097366,
        0.04313838481903076,
        0.0434795618057251
      ],
      "query_summary": {
        "max_s": 0.04684650897979736,
        "median_s": 0.04352449253201485,
        "min_s": 0.04313838481903076
      },
      "row_count": 2048
    }
  },
  "source_commit_label": "39efaf3d-pod-anyhit-2048",
  "status": "pass"
}