{
  "baseline": {
    "name": "v1_8_native_optix_rows",
    "query_samples_s": [
      6.043373012915254,
      6.091302443295717,
      5.120582202449441
    ],
    "query_summary": {
      "max_s": 6.091302443295717,
      "median_s": 6.043373012915254,
      "min_s": 5.120582202449441
    },
    "row_count": 1048576
  },
  "claim_boundary": {
    "broad_rt_core_speedup_claim_authorized": false,
    "package_install_claim_authorized": false,
    "same_contract_timing_row": true,
    "v2_0_release_authorized": false,
    "whole_app_speedup_claim_authorized": false,
    "whole_app_true_zero_copy_authorized": false
  },
  "count": 1048576,
  "git_commit": "936aff2f1b1d83ee0187c0ef5610db91dd80fd40",
  "goal": "Goal1856",
  "gpu": "NVIDIA RTX A5000, 570.211.01",
  "iterations": 3,
  "output_capacity": 4194304,
  "parity": {
    "expected_row_count": 1048576,
    "strict_rows_match": true
  },
  "partners": {
    "cupy": {
      "column_build_s": 3.2287528067827225,
      "overflow_check": {
        "status": "skipped"
      },
      "query_median_ratio_vs_v1_8_native": 3.7502764253842775,
      "query_samples_s": [
        22.664319340139627,
        23.961318716406822,
        21.86143384873867
      ],
      "query_summary": {
        "max_s": 23.961318716406822,
        "median_s": 22.664319340139627,
        "min_s": 21.86143384873867
      },
      "row_count": 1048576
    }
  },
  "source_commit_label": "936aff2f1b1d83ee0187c0ef5610db91dd80fd40",
  "status": "pass"
}