{
  "boundary": "Measures repeated app summary phases with Python density/core conversion, but excludes full CLI JSON output and oracle work. Prepared mode reports run-only timing after one reusable Embree BVH prepare.",
  "cases": [
    {
      "copies": 512,
      "dbscan": {
        "one_shot": {
          "label": "one_shot_summary_plus_core_flags",
          "max_sec": 0.02439752803184092,
          "median_sec": 0.019320567836984992,
          "min_sec": 0.018841251963749528,
          "repeat_count": 3,
          "row_count": 4096,
          "samples_sec": [
            0.018841251963749528,
            0.02439752803184092,
            0.019320567836984992
          ]
        },
        "prepare_sec": 0.005136769963428378,
        "prepared_run_only": {
          "label": "prepared_summary_plus_core_flags",
          "max_sec": 0.01388877211138606,
          "median_sec": 0.013795941835269332,
          "min_sec": 0.013613234972581267,
          "repeat_count": 3,
          "row_count": 4096,
          "samples_sec": [
            0.013613234972581267,
            0.01388877211138606,
            0.013795941835269332
          ]
        },
        "prepared_speedup_vs_one_shot": 1.4004529786862359
      },
      "dbscan_point_count": 4096,
      "outlier": {
        "one_shot": {
          "label": "one_shot_summary_plus_density",
          "max_sec": 0.02434830809943378,
          "median_sec": 0.019115549977868795,
          "min_sec": 0.01907262997701764,
          "repeat_count": 3,
          "row_count": 4096,
          "samples_sec": [
            0.019115549977868795,
            0.02434830809943378,
            0.01907262997701764
          ]
        },
        "prepare_sec": 0.0052057779394090176,
        "prepared_run_only": {
          "label": "prepared_summary_plus_density",
          "max_sec": 0.014078181004151702,
          "median_sec": 0.01380166201852262,
          "min_sec": 0.01365243410691619,
          "repeat_count": 3,
          "row_count": 4096,
          "samples_sec": [
            0.01365243410691619,
            0.014078181004151702,
            0.01380166201852262
          ]
        },
        "prepared_speedup_vs_one_shot": 1.3850179748072828
      },
      "outlier_point_count": 4096
    }
  ],
  "copies": [
    512
  ],
  "embree_threads": {
    "auto": true,
    "effective_threads": 112,
    "requested": "auto",
    "source": "api"
  },
  "embree_version": [
    4,
    3,
    0
  ],
  "goal": 718,
  "host": "ac96d0647e50",
  "platform": "Linux-6.8.0-110-generic-x86_64-with-glibc2.39",
  "python": "3.12.3",
  "repeats": 3,
  "valid": true,
  "warmups": 1
}
