{
  "boundary": "Measures repeated app summary phases with Python density/core conversion, but excludes full CLI JSON output and oracle work. Prepared mode reports run-only timing after one reusable Embree BVH prepare.",
  "cases": [
    {
      "copies": 512,
      "dbscan": {
        "one_shot": {
          "label": "one_shot_summary_plus_core_flags",
          "max_sec": 0.043679624795913696,
          "median_sec": 0.03104549995623529,
          "min_sec": 0.026497500017285347,
          "repeat_count": 3,
          "row_count": 4096,
          "samples_sec": [
            0.03104549995623529,
            0.043679624795913696,
            0.026497500017285347
          ]
        },
        "prepare_sec": 0.006694375071674585,
        "prepared_run_only": {
          "label": "prepared_summary_plus_core_flags",
          "max_sec": 0.019918000092729926,
          "median_sec": 0.015932958107441664,
          "min_sec": 0.015297249890863895,
          "repeat_count": 3,
          "row_count": 4096,
          "samples_sec": [
            0.015932958107441664,
            0.019918000092729926,
            0.015297249890863895
          ]
        },
        "prepared_speedup_vs_one_shot": 1.948508227215833
      },
      "dbscan_point_count": 4096,
      "outlier": {
        "one_shot": {
          "label": "one_shot_summary_plus_density",
          "max_sec": 0.03064499981701374,
          "median_sec": 0.02720733406022191,
          "min_sec": 0.02658304199576378,
          "repeat_count": 3,
          "row_count": 4096,
          "samples_sec": [
            0.03064499981701374,
            0.02658304199576378,
            0.02720733406022191
          ]
        },
        "prepare_sec": 0.00809991592541337,
        "prepared_run_only": {
          "label": "prepared_summary_plus_density",
          "max_sec": 0.014976333128288388,
          "median_sec": 0.014219874981790781,
          "min_sec": 0.013129499973729253,
          "repeat_count": 3,
          "row_count": 4096,
          "samples_sec": [
            0.014976333128288388,
            0.014219874981790781,
            0.013129499973729253
          ]
        },
        "prepared_speedup_vs_one_shot": 1.9133314529883125
      },
      "outlier_point_count": 4096
    }
  ],
  "copies": [
    512
  ],
  "embree_threads": {
    "auto": true,
    "effective_threads": 10,
    "requested": "auto",
    "source": "api"
  },
  "embree_version": [
    4,
    4,
    0
  ],
  "goal": 718,
  "host": "Rs-MacBook-Air.local",
  "platform": "macOS-26.3-arm64-arm-64bit-Mach-O",
  "python": "3.14.0",
  "repeats": 3,
  "valid": true,
  "warmups": 1
}
