{
  "aabb_candidate_checks": null,
  "aabb_candidate_checks_avoided": null,
  "aabb_candidate_pair_count": 16384,
  "aabb_pruning_ratio": null,
  "all_pairs_count": 268435456,
  "app": "bounded_collision_witness_contact_manifold",
  "backend": "cpu_python_reference",
  "candidate_discovery_backend": "embree",
  "candidate_discovery_contract": "generic_aabb_intersection_pair_rows_2d",
  "candidate_discovery_primitive": "AABB_INDEX_QUERY_2D",
  "candidate_id_rows": [
    [
      0,
      20000,
      10000
    ],
    [
      1,
      20001,
      10001
    ],
    [
      2,
      20002,
      10002
    ],
    [
      3,
      20003,
      10003
    ],
    [
      4,
      20004,
      10004
    ],
    [
      5,
      20005,
      10005
    ],
    [
      6,
      20006,
      10006
    ],
    [
      7,
      20007,
      10007
    ],
    [
      8,
      20008,
      10008
    ],
    [
      9,
      20009,
      10009
    ],
    [
      10,
      20010,
      10010
    ],
    [
      11,
      20011,
      10011
    ],
    [
      12,
      20012,
      10012
    ],
    [
      13,
      20013,
      10013
    ],
    [
      14,
      20014,
      10014
    ],
    [
      15,
      20015,
      10015
    ],
    [
      16,
      20016,
      10016
    ],
    [
      17,
      20017,
      10017
    ],
    [
      18,
      20018,
      10018
    ],
    [
      19,
      20019,
      10019
    ],
    [
      20,
      20020,
      10020
    ],
    [
      21,
      20021,
      10021
    ],
    [
      22,
      20022,
      10022
    ],
    [
      23,
      20023,
      10023
    ],
    [
      24,
      20024,
      10024
    ],
    [
      25,
      20025,
      10025
    ],
    [
      26,
      20026,
      10026
    ],
    [
      27,
      20027,
      10027
    ],
    [
      28,
      20028,
      10028
    ],
    [
      29,
      20029,
      10029
    ],
    [
      30,
      20030,
      10030
    ],
    [
      31,
      20031,
      10031
    ],
    [
      32,
      20032,
      10032
    ],
    [
      33,
      20033,
      10033
    ],
    [
      34,
      20034,
      10034
    ],
    [
      35,
      20035,
      10035
    ],
    [
      36,
      20036,
      10036
    ],
    [
      37,
      20037,
      10037
    ],
    [
      38,
      20038,
      10038
    ],
    [
      39,
      20039,
      10039
    ],
    [
      40,
      20040,
      10040
    ],
    [
      41,
      20041,
      10041
    ],
    [
      42,
      20042,
      10042
    ],
    [
      43,
      20043,
      10043
    ],
    [
      44,
      20044,
      10044
    ],
    [
      45,
      20045,
      10045
    ],
    [
      46,
      20046,
      10046
    ],
    [
      47,
      20047,
      10047
    ],
    [
      48,
      20048,
      10048
    ],
    [
      49,
      20049,
      10049
    ],
    [
      50,
      20050,
      10050
    ],
    [
      51,
      20051,
      10051
    ],
    [
      52,
      20052,
      10052
    ],
    [
      53,
      20053,
      10053
    ],
    [
      54,
      20054,
      10054
    ],
    [
      55,
      20055,
      10055
    ],
    [
      56,
      20056,
      10056
    ],
    [
      57,
      20057,
      10057
    ],
    [
      58,
      20058,
      10058
    ],
    [
      59,
      20059,
      10059
    ],
    [
      60,
      20060,
      10060
    ],
    [
      61,
      20061,
      10061
    ],
    [
      62,
      20062,
      10062
    ],
    [
      63,
      20063,
      10063
    ],
    [
      64,
      20064,
      10064
    ],
    [
      65,
      20065,
      10065
    ],
    [
      66,
      20066,
      10066
    ],
    [
      67,
      20067,
      10067
    ],
    [
      68,
      20068,
      10068
    ],
    [
      69,
      20069,
      10069
    ],
    [
      70,
      20070,
      10070
    ],
    [
      71,
      20071,
      10071
    ],
    [
      72,
      20072,
      10072
    ],
    [
      73,
      20073,
      10073
    ],
    [
      74,
      20074,
      10074
    ],
    [
      75,
      20075,
      10075
    ],
    [
      76,
      20076,
      10076
    ],
    [
      77,
      20077,
      10077
    ],
    [
      78,
      20078,
      10078
    ],
    [
      79,
      20079,
      10079
    ],
    [
      80,
      20080,
      10080
    ],
    [
      81,
      20081,
      10081
    ],
    [
      82,
      20082,
      10082
    ],
    [
      83,
      20083,
      10083
    ],
    [
      84,
      20084,
      10084
    ],
    [
      85,
      20085,
      10085
    ],
    [
      86,
      20086,
      10086
    ],
    [
      87,
      20087,
      10087
    ],
    [
      88,
      20088,
      10088
    ],
    [
      89,
      20089,
      10089
    ],
    [
      90,
      20090,
      10090
    ],
    [
      91,
      20091,
      10091
    ],
    [
      92,
      20092,
      10092
    ],
    [
      93,
      20093,
      10093
    ],
    [
      94,
      20094,
      10094
    ],
    [
      95,
      20095,
      10095
    ],
    [
      96,
      20096,
      10096
    ],
    [
      97,
      20097,
      10097
    ],
    [
      98,
      20098,
      10098
    ],
    [
      99,
      20099,
      10099
    ],
    [
      100,
      20100,
      10100
    ],
    [
      101,
      20101,
      10101
    ],
    [
      102,
      20102,
      10102
    ],
    [
      103,
      20103,
      10103
    ],
    [
      104,
      20104,
      10104
    ],
    [
      105,
      20105,
      10105
    ],
    [
      106,
      20106,
      10106
    ],
    [
      107,
      20107,
      10107
    ],
    [
      108,
      20108,
      10108
    ],
    [
      109,
      20109,
      10109
    ],
    [
      110,
      20110,
      10110
    ],
    [
      111,
      20111,
      10111
    ],
    [
      112,
      20112,
      10112
    ],
    [
      113,
      20113,
      10113
    ],
    [
      114,
      20114,
      10114
    ],
    [
      115,
      20115,
      10115
    ],
    [
      116,
      20116,
      10116
    ],
    [
      117,
      20117,
      10117
    ],
    [
      118,
      20118,
      10118
    ],
    [
      119,
      20119,
      10119
    ],
    [
      120,
      20120,
      10120
    ],
    [
      121,
      20121,
      10121
    ],
    [
      122,
      20122,
      10122
    ],
    [
      123,
      20123,
      10123
    ],
    [
      124,
      20124,
      10124
    ],
    [
      125,
      20125,
      10125
    ],
    [
      126,
      20126,
      10126
    ],
    [
      127,
      20127,
      10127
    ],
    [
      128,
      20128,
      10128
    ],
    [
      129,
      20129,
      10129
    ],
    [
      130,
      20130,
      10130
    ],
    [
      131,
      20131,
      10131
    ],
    [
      132,
      20132,
      10132
    ],
    [
      133,
      20133,
      10133
    ],
    [
      134,
      20134,
      10134
    ],
    [
      135,
      20135,
      10135
    ],
    [
      136,
      20136,
      10136
    ],
    [
      137,
      20137,
      10137
    ],
    [
      138,
      20138,
      10138
    ],
    [
      139,
      20139,
      10139
    ],
    [
      140,
      20140,
      10140
    ],
    [
      141,
      20141,
      10141
    ],
    [
      142,
      20142,
      10142
    ],
    [
      143,
      20143,
      10143
    ],
    [
      144,
      20144,
      10144
    ],
    [
      145,
      20145,
      10145
    ],
    [
      146,
      20146,
      10146
    ],
    [
      147,
      20147,
      10147
    ],
    [
      148,
      20148,
      10148
    ],
    [
      149,
      20149,
      10149
    ],
    [
      150,
      20150,
      10150
    ],
    [
      151,
      20151,
      10151
    ],
    [
      152,
      20152,
      10152
    ],
    [
      153,
      20153,
      10153
    ],
    [
      154,
      20154,
      10154
    ],
    [
      155,
      20155,
      10155
    ],
    [
      156,
      20156,
      10156
    ],
    [
      157,
      20157,
      10157
    ],
    [
      158,
      20158,
      10158
    ],
    [
      159,
      20159,
      10159
    ],
    [
      160,
      20160,
      10160
    ],
    [
      161,
      20161,
      10161
    ],
    [
      162,
      20162,
      10162
    ],
    [
      163,
      20163,
      10163
    ],
    [
      164,
      20164,
      10164
    ],
    [
      165,
      20165,
      10165
    ],
    [
      166,
      20166,
      10166
    ],
    [
      167,
      20167,
      10167
    ],
    [
      168,
      20168,
      10168
    ],
    [
      169,
      20169,
      10169
    ],
    [
      170,
      20170,
      10170
    ],
    [
      171,
      20171,
      10171
    ],
    [
      172,
      20172,
      10172
    ],
    [
      173,
      20173,
      10173
    ],
    [
      174,
      20174,
      10174
    ],
    [
      175,
      20175,
      10175
    ],
    [
      176,
      20176,
      10176
    ],
    [
      177,
      20177,
      10177
    ],
    [
      178,
      20178,
      10178
    ],
    [
      179,
      20179,
      10179
    ],
    [
      180,
      20180,
      10180
    ],
    [
      181,
      20181,
      10181
    ],
    [
      182,
      20182,
      10182
    ],
    [
      183,
      20183,
      10183
    ],
    [
      184,
      20184,
      10184
    ],
    [
      185,
      20185,
      10185
    ],
    [
      186,
      20186,
      10186
    ],
    [
      187,
      20187,
      10187
    ],
    [
      188,
      20188,
      10188
    ],
    [
      189,
      20189,
      10189
    ],
    [
      190,
      20190,
      10190
    ],
    [
      191,
      20191,
      10191
    ],
    [
      192,
      20192,
      10192
    ],
    [
      193,
      20193,
      10193
    ],
    [
      194,
      20194,
      10194
    ],
    [
      195,
      20195,
      10195
    ],
    [
      196,
      20196,
      10196
    ],
    [
      197,
      20197,
      10197
    ],
    [
      198,
      20198,
      10198
    ],
    [
      199,
      20199,
      10199
    ],
    [
      200,
      20200,
      10200
    ],
    [
      201,
      20201,
      10201
    ],
    [
      202,
      20202,
      10202
    ],
    [
      203,
      20203,
      10203
    ],
    [
      204,
      20204,
      10204
    ],
    [
      205,
      20205,
      10205
    ],
    [
      206,
      20206,
      10206
    ],
    [
      207,
      20207,
      10207
    ],
    [
      208,
      20208,
      10208
    ],
    [
      209,
      20209,
      10209
    ],
    [
      210,
      20210,
      10210
    ],
    [
      211,
      20211,
      10211
    ],
    [
      212,
      20212,
      10212
    ],
    [
      213,
      20213,
      10213
    ],
    [
      214,
      20214,
      10214
    ],
    [
      215,
      20215,
      10215
    ],
    [
      216,
      20216,
      10216
    ],
    [
      217,
      20217,
      10217
    ],
    [
      218,
      20218,
      10218
    ],
    [
      219,
      20219,
      10219
    ],
    [
      220,
      20220,
      10220
    ],
    [
      221,
      20221,
      10221
    ],
    [
      222,
      20222,
      10222
    ],
    [
      223,
      20223,
      10223
    ],
    [
      224,
      20224,
      10224
    ],
    [
      225,
      20225,
      10225
    ],
    [
      226,
      20226,
      10226
    ],
    [
      227,
      20227,
      10227
    ],
    [
      228,
      20228,
      10228
    ],
    [
      229,
      20229,
      10229
    ],
    [
      230,
      20230,
      10230
    ],
    [
      231,
      20231,
      10231
    ],
    [
      232,
      20232,
      10232
    ],
    [
      233,
      20233,
      10233
    ],
    [
      234,
      20234,
      10234
    ],
    [
      235,
      20235,
      10235
    ],
    [
      236,
      20236,
      10236
    ],
    [
      237,
      20237,
      10237
    ],
    [
      238,
      20238,
      10238
    ],
    [
      239,
      20239,
      10239
    ],
    [
      240,
      20240,
      10240
    ],
    [
      241,
      20241,
      10241
    ],
    [
      242,
      20242,
      10242
    ],
    [
      243,
      20243,
      10243
    ],
    [
      244,
      20244,
      10244
    ],
    [
      245,
      20245,
      10245
    ],
    [
      246,
      20246,
      10246
    ],
    [
      247,
      20247,
      10247
    ],
    [
      248,
      20248,
      10248
    ],
    [
      249,
      20249,
      10249
    ],
    [
      250,
      20250,
      10250
    ],
    [
      251,
      20251,
      10251
    ],
    [
      252,
      20252,
      10252
    ],
    [
      253,
      20253,
      10253
    ],
    [
      254,
      20254,
      10254
    ],
    [
      255,
      20255,
      10255
    ],
    [
      256,
      20256,
      10256
    ],
    [
      257,
      20257,
      10257
    ],
    [
      258,
      20258,
      10258
    ],
    [
      259,
      20259,
      10259
    ],
    [
      260,
      20260,
      10260
    ],
    [
      261,
      20261,
      10261
    ],
    [
      262,
      20262,
      10262
    ],
    [
      263,
      20263,
      10263
    ],
    [
      264,
      20264,
      10264
    ],
    [
      265,
      20265,
      10265
    ],
    [
      266,
      20266,
      10266
    ],
    [
      267,
      20267,
      10267
    ],
    [
      268,
      20268,
      10268
    ],
    [
      269,
      20269,
      10269
    ],
    [
      270,
      20270,
      10270
    ],
    [
      271,
      20271,
      10271
    ],
    [
      272,
      20272,
      10272
    ],
    [
      273,
      20273,
      10273
    ],
    [
      274,
      20274,
      10274
    ],
    [
      275,
      20275,
      10275
    ],
    [
      276,
      20276,
      10276
    ],
    [
      277,
      20277,
      10277
    ],
    [
      278,
      20278,
      10278
    ],
    [
      279,
      20279,
      10279
    ],
    [
      280,
      20280,
      10280
    ],
    [
      281,
      20281,
      10281
    ],
    [
      282,
      20282,
      10282
    ],
    [
      283,
      20283,
      10283
    ],
    [
      284,
      20284,
      10284
    ],
    [
      285,
      20285,
      10285
    ],
    [
      286,
      20286,
      10286
    ],
    [
      287,
      20287,
      10287
    ],
    [
      288,
      20288,
      10288
    ],
    [
      289,
      20289,
      10289
    ],
    [
      290,
      20290,
      10290
    ],
    [
      291,
      20291,
      10291
    ],
    [
      292,
      20292,
      10292
    ],
    [
      293,
      20293,
      10293
    ],
    [
      294,
      20294,
      10294
    ],
    [
      295,
      20295,
      10295
    ],
    [
      296,
      20296,
      10296
    ],
    [
      297,
      20297,
      10297
    ],
    [
      298,
      20298,
      10298
    ],
    [
      299,
      20299,
      10299
    ],
    [
      300,
      20300,
      10300
    ],
    [
      301,
      20301,
      10301
    ],
    [
      302,
      20302,
      10302
    ],
    [
      303,
      20303,
      10303
    ],
    [
      304,
      20304,
      10304
    ],
    [
      305,
      20305,
      10305
    ],
    [
      306,
      20306,
      10306
    ],
    [
      307,
      20307,
      10307
    ],
    [
      308,
      20308,
      10308
    ],
    [
      309,
      20309,
      10309
    ],
    [
      310,
      20310,
      10310
    ],
    [
      311,
      20311,
      10311
    ],
    [
      312,
      20312,
      10312
    ],
    [
      313,
      20313,
      10313
    ],
    [
      314,
      20314,
      10314
    ],
    [
      315,
      20315,
      10315
    ],
    [
      316,
      20316,
      10316
    ],
    [
      317,
      20317,
      10317
    ],
    [
      318,
      20318,
      10318
    ],
    [
      319,
      20319,
      10319
    ],
    [
      320,
      20320,
      10320
    ],
    [
      321,
      20321,
      10321
    ],
    [
      322,
      20322,
      10322
    ],
    [
      323,
      20323,
      10323
    ],
    [
      324,
      20324,
      10324
    ],
    [
      325,
      20325,
      10325
    ],
    [
      326,
      20326,
      10326
    ],
    [
      327,
      20327,
      10327
    ],
    [
      328,
      20328,
      10328
    ],
    [
      329,
      20329,
      10329
    ],
    [
      330,
      20330,
      10330
    ],
    [
      331,
      20331,
      10331
    ],
    [
      332,
      20332,
      10332
    ],
    [
      333,
      20333,
      10333
    ],
    [
      334,
      20334,
      10334
    ],
    [
      335,
      20335,
      10335
    ],
    [
      336,
      20336,
      10336
    ],
    [
      337,
      20337,
      10337
    ],
    [
      338,
      20338,
      10338
    ],
    [
      339,
      20339,
      10339
    ],
    [
      340,
      20340,
      10340
    ],
    [
      341,
      20341,
      10341
    ],
    [
      342,
      20342,
      10342
    ],
    [
      343,
      20343,
      10343
    ],
    [
      344,
      20344,
      10344
    ],
    [
      345,
      20345,
      10345
    ],
    [
      346,
      20346,
      10346
    ],
    [
      347,
      20347,
      10347
    ],
    [
      348,
      20348,
      10348
    ],
    [
      349,
      20349,
      10349
    ],
    [
      350,
      20350,
      10350
    ],
    [
      351,
      20351,
      10351
    ],
    [
      352,
      20352,
      10352
    ],
    [
      353,
      20353,
      10353
    ],
    [
      354,
      20354,
      10354
    ],
    [
      355,
      20355,
      10355
    ],
    [
      356,
      20356,
      10356
    ],
    [
      357,
      20357,
      10357
    ],
    [
      358,
      20358,
      10358
    ],
    [
      359,
      20359,
      10359
    ],
    [
      360,
      20360,
      10360
    ],
    [
      361,
      20361,
      10361
    ],
    [
      362,
      20362,
      10362
    ],
    [
      363,
      20363,
      10363
    ],
    [
      364,
      20364,
      10364
    ],
    [
      365,
      20365,
      10365
    ],
    [
      366,
      20366,
      10366
    ],
    [
      367,
      20367,
      10367
    ],
    [
      368,
      20368,
      10368
    ],
    [
      369,
      20369,
      10369
    ],
    [
      370,
      20370,
      10370
    ],
    [
      371,
      20371,
      10371
    ],
    [
      372,
      20372,
      10372
    ],
    [
      373,
      20373,
      10373
    ],
    [
      374,
      20374,
      10374
    ],
    [
      375,
      20375,
      10375
    ],
    [
      376,
      20376,
      10376
    ],
    [
      377,
      20377,
      10377
    ],
    [
      378,
      20378,
      10378
    ],
    [
      379,
      20379,
      10379
    ],
    [
      380,
      20380,
      10380
    ],
    [
      381,
      20381,
      10381
    ],
    [
      382,
      20382,
      10382
    ],
    [
      383,
      20383,
      10383
    ],
    [
      384,
      20384,
      10384
    ],
    [
      385,
      20385,
      10385
    ],
    [
      386,
      20386,
      10386
    ],
    [
      387,
      20387,
      10387
    ],
    [
      388,
      20388,
      10388
    ],
    [
      389,
      20389,
      10389
    ],
    [
      390,
      20390,
      10390
    ],
    [
      391,
      20391,
      10391
    ],
    [
      392,
      20392,
      10392
    ],
    [
      393,
      20393,
      10393
    ],
    [
      394,
      20394,
      10394
    ],
    [
      395,
      20395,
      10395
    ],
    [
      396,
      20396,
      10396
    ],
    [
      397,
      20397,
      10397
    ],
    [
      398,
      20398,
      10398
    ],
    [
      399,
      20399,
      10399
    ],
    [
      400,
      20400,
      10400
    ],
    [
      401,
      20401,
      10401
    ],
    [
      402,
      20402,
      10402
    ],
    [
      403,
      20403,
      10403
    ],
    [
      404,
      20404,
      10404
    ],
    [
      405,
      20405,
      10405
    ],
    [
      406,
      20406,
      10406
    ],
    [
      407,
      20407,
      10407
    ],
    [
      408,
      20408,
      10408
    ],
    [
      409,
      20409,
      10409
    ],
    [
      410,
      20410,
      10410
    ],
    [
      411,
      20411,
      10411
    ],
    [
      412,
      20412,
      10412
    ],
    [
      413,
      20413,
      10413
    ],
    [
      414,
      20414,
      10414
    ],
    [
      415,
      20415,
      10415
    ],
    [
      416,
      20416,
      10416
    ],
    [
      417,
      20417,
      10417
    ],
    [
      418,
      20418,
      10418
    ],
    [
      419,
      20419,
      10419
    ],
    [
      420,
      20420,
      10420
    ],
    [
      421,
      20421,
      10421
    ],
    [
      422,
      20422,
      10422
    ],
    [
      423,
      20423,
      10423
    ],
    [
      424,
      20424,
      10424
    ],
    [
      425,
      20425,
      10425
    ],
    [
      426,
      20426,
      10426
    ],
    [
      427,
      20427,
      10427
    ],
    [
      428,
      20428,
      10428
    ],
    [
      429,
      20429,
      10429
    ],
    [
      430,
      20430,
      10430
    ],
    [
      431,
      20431,
      10431
    ],
    [
      432,
      20432,
      10432
    ],
    [
      433,
      20433,
      10433
    ],
    [
      434,
      20434,
      10434
    ],
    [
      435,
      20435,
      10435
    ],
    [
      436,
      20436,
      10436
    ],
    [
      437,
      20437,
      10437
    ],
    [
      438,
      20438,
      10438
    ],
    [
      439,
      20439,
      10439
    ],
    [
      440,
      20440,
      10440
    ],
    [
      441,
      20441,
      10441
    ],
    [
      442,
      20442,
      10442
    ],
    [
      443,
      20443,
      10443
    ],
    [
      444,
      20444,
      10444
    ],
    [
      445,
      20445,
      10445
    ],
    [
      446,
      20446,
      10446
    ],
    [
      447,
      20447,
      10447
    ],
    [
      448,
      20448,
      10448
    ],
    [
      449,
      20449,
      10449
    ],
    [
      450,
      20450,
      10450
    ],
    [
      451,
      20451,
      10451
    ],
    [
      452,
      20452,
      10452
    ],
    [
      453,
      20453,
      10453
    ],
    [
      454,
      20454,
      10454
    ],
    [
      455,
      20455,
      10455
    ],
    [
      456,
      20456,
      10456
    ],
    [
      457,
      20457,
      10457
    ],
    [
      458,
      20458,
      10458
    ],
    [
      459,
      20459,
      10459
    ],
    [
      460,
      20460,
      10460
    ],
    [
      461,
      20461,
      10461
    ],
    [
      462,
      20462,
      10462
    ],
    [
      463,
      20463,
      10463
    ],
    [
      464,
      20464,
      10464
    ],
    [
      465,
      20465,
      10465
    ],
    [
      466,
      20466,
      10466
    ],
    [
      467,
      20467,
      10467
    ],
    [
      468,
      20468,
      10468
    ],
    [
      469,
      20469,
      10469
    ],
    [
      470,
      20470,
      10470
    ],
    [
      471,
      20471,
      10471
    ],
    [
      472,
      20472,
      10472
    ],
    [
      473,
      20473,
      10473
    ],
    [
      474,
      20474,
      10474
    ],
    [
      475,
      20475,
      10475
    ],
    [
      476,
      20476,
      10476
    ],
    [
      477,
      20477,
      10477
    ],
    [
      478,
      20478,
      10478
    ],
    [
      479,
      20479,
      10479
    ],
    [
      480,
      20480,
      10480
    ],
    [
      481,
      20481,
      10481
    ],
    [
      482,
      20482,
      10482
    ],
    [
      483,
      20483,
      10483
    ],
    [
      484,
      20484,
      10484
    ],
    [
      485,
      20485,
      10485
    ],
    [
      486,
      20486,
      10486
    ],
    [
      487,
      20487,
      10487
    ],
    [
      488,
      20488,
      10488
    ],
    [
      489,
      20489,
      10489
    ],
    [
      490,
      20490,
      10490
    ],
    [
      491,
      20491,
      10491
    ],
    [
      492,
      20492,
      10492
    ],
    [
      493,
      20493,
      10493
    ],
    [
      494,
      20494,
      10494
    ],
    [
      495,
      20495,
      10495
    ],
    [
      496,
      20496,
      10496
    ],
    [
      497,
      20497,
      10497
    ],
    [
      498,
      20498,
      10498
    ],
    [
      499,
      20499,
      10499
    ],
    [
      500,
      20500,
      10500
    ],
    [
      501,
      20501,
      10501
    ],
    [
      502,
      20502,
      10502
    ],
    [
      503,
      20503,
      10503
    ],
    [
      504,
      20504,
      10504
    ],
    [
      505,
      20505,
      10505
    ],
    [
      506,
      20506,
      10506
    ],
    [
      507,
      20507,
      10507
    ],
    [
      508,
      20508,
      10508
    ],
    [
      509,
      20509,
      10509
    ],
    [
      510,
      20510,
      10510
    ],
    [
      511,
      20511,
      10511
    ],
    [
      512,
      20512,
      10512
    ],
    [
      513,
      20513,
      10513
    ],
    [
      514,
      20514,
      10514
    ],
    [
      515,
      20515,
      10515
    ],
    [
      516,
      20516,
      10516
    ],
    [
      517,
      20517,
      10517
    ],
    [
      518,
      20518,
      10518
    ],
    [
      519,
      20519,
      10519
    ],
    [
      520,
      20520,
      10520
    ],
    [
      521,
      20521,
      10521
    ],
    [
      522,
      20522,
      10522
    ],
    [
      523,
      20523,
      10523
    ],
    [
      524,
      20524,
      10524
    ],
    [
      525,
      20525,
      10525
    ],
    [
      526,
      20526,
      10526
    ],
    [
      527,
      20527,
      10527
    ],
    [
      528,
      20528,
      10528
    ],
    [
      529,
      20529,
      10529
    ],
    [
      530,
      20530,
      10530
    ],
    [
      531,
      20531,
      10531
    ],
    [
      532,
      20532,
      10532
    ],
    [
      533,
      20533,
      10533
    ],
    [
      534,
      20534,
      10534
    ],
    [
      535,
      20535,
      10535
    ],
    [
      536,
      20536,
      10536
    ],
    [
      537,
      20537,
      10537
    ],
    [
      538,
      20538,
      10538
    ],
    [
      539,
      20539,
      10539
    ],
    [
      540,
      20540,
      10540
    ],
    [
      541,
      20541,
      10541
    ],
    [
      542,
      20542,
      10542
    ],
    [
      543,
      20543,
      10543
    ],
    [
      544,
      20544,
      10544
    ],
    [
      545,
      20545,
      10545
    ],
    [
      546,
      20546,
      10546
    ],
    [
      547,
      20547,
      10547
    ],
    [
      548,
      20548,
      10548
    ],
    [
      549,
      20549,
      10549
    ],
    [
      550,
      20550,
      10550
    ],
    [
      551,
      20551,
      10551
    ],
    [
      552,
      20552,
      10552
    ],
    [
      553,
      20553,
      10553
    ],
    [
      554,
      20554,
      10554
    ],
    [
      555,
      20555,
      10555
    ],
    [
      556,
      20556,
      10556
    ],
    [
      557,
      20557,
      10557
    ],
    [
      558,
      20558,
      10558
    ],
    [
      559,
      20559,
      10559
    ],
    [
      560,
      20560,
      10560
    ],
    [
      561,
      20561,
      10561
    ],
    [
      562,
      20562,
      10562
    ],
    [
      563,
      20563,
      10563
    ],
    [
      564,
      20564,
      10564
    ],
    [
      565,
      20565,
      10565
    ],
    [
      566,
      20566,
      10566
    ],
    [
      567,
      20567,
      10567
    ],
    [
      568,
      20568,
      10568
    ],
    [
      569,
      20569,
      10569
    ],
    [
      570,
      20570,
      10570
    ],
    [
      571,
      20571,
      10571
    ],
    [
      572,
      20572,
      10572
    ],
    [
      573,
      20573,
      10573
    ],
    [
      574,
      20574,
      10574
    ],
    [
      575,
      20575,
      10575
    ],
    [
      576,
      20576,
      10576
    ],
    [
      577,
      20577,
      10577
    ],
    [
      578,
      20578,
      10578
    ],
    [
      579,
      20579,
      10579
    ],
    [
      580,
      20580,
      10580
    ],
    [
      581,
      20581,
      10581
    ],
    [
      582,
      20582,
      10582
    ],
    [
      583,
      20583,
      10583
    ],
    [
      584,
      20584,
      10584
    ],
    [
      585,
      20585,
      10585
    ],
    [
      586,
      20586,
      10586
    ],
    [
      587,
      20587,
      10587
    ],
    [
      588,
      20588,
      10588
    ],
    [
      589,
      20589,
      10589
    ],
    [
      590,
      20590,
      10590
    ],
    [
      591,
      20591,
      10591
    ],
    [
      592,
      20592,
      10592
    ],
    [
      593,
      20593,
      10593
    ],
    [
      594,
      20594,
      10594
    ],
    [
      595,
      20595,
      10595
    ],
    [
      596,
      20596,
      10596
    ],
    [
      597,
      20597,
      10597
    ],
    [
      598,
      20598,
      10598
    ],
    [
      599,
      20599,
      10599
    ],
    [
      600,
      20600,
      10600
    ],
    [
      601,
      20601,
      10601
    ],
    [
      602,
      20602,
      10602
    ],
    [
      603,
      20603,
      10603
    ],
    [
      604,
      20604,
      10604
    ],
    [
      605,
      20605,
      10605
    ],
    [
      606,
      20606,
      10606
    ],
    [
      607,
      20607,
      10607
    ],
    [
      608,
      20608,
      10608
    ],
    [
      609,
      20609,
      10609
    ],
    [
      610,
      20610,
      10610
    ],
    [
      611,
      20611,
      10611
    ],
    [
      612,
      20612,
      10612
    ],
    [
      613,
      20613,
      10613
    ],
    [
      614,
      20614,
      10614
    ],
    [
      615,
      20615,
      10615
    ],
    [
      616,
      20616,
      10616
    ],
    [
      617,
      20617,
      10617
    ],
    [
      618,
      20618,
      10618
    ],
    [
      619,
      20619,
      10619
    ],
    [
      620,
      20620,
      10620
    ],
    [
      621,
      20621,
      10621
    ],
    [
      622,
      20622,
      10622
    ],
    [
      623,
      20623,
      10623
    ],
    [
      624,
      20624,
      10624
    ],
    [
      625,
      20625,
      10625
    ],
    [
      626,
      20626,
      10626
    ],
    [
      627,
      20627,
      10627
    ],
    [
      628,
      20628,
      10628
    ],
    [
      629,
      20629,
      10629
    ],
    [
      630,
      20630,
      10630
    ],
    [
      631,
      20631,
      10631
    ],
    [
      632,
      20632,
      10632
    ],
    [
      633,
      20633,
      10633
    ],
    [
      634,
      20634,
      10634
    ],
    [
      635,
      20635,
      10635
    ],
    [
      636,
      20636,
      10636
    ],
    [
      637,
      20637,
      10637
    ],
    [
      638,
      20638,
      10638
    ],
    [
      639,
      20639,
      10639
    ],
    [
      640,
      20640,
      10640
    ],
    [
      641,
      20641,
      10641
    ],
    [
      642,
      20642,
      10642
    ],
    [
      643,
      20643,
      10643
    ],
    [
      644,
      20644,
      10644
    ],
    [
      645,
      20645,
      10645
    ],
    [
      646,
      20646,
      10646
    ],
    [
      647,
      20647,
      10647
    ],
    [
      648,
      20648,
      10648
    ],
    [
      649,
      20649,
      10649
    ],
    [
      650,
      20650,
      10650
    ],
    [
      651,
      20651,
      10651
    ],
    [
      652,
      20652,
      10652
    ],
    [
      653,
      20653,
      10653
    ],
    [
      654,
      20654,
      10654
    ],
    [
      655,
      20655,
      10655
    ],
    [
      656,
      20656,
      10656
    ],
    [
      657,
      20657,
      10657
    ],
    [
      658,
      20658,
      10658
    ],
    [
      659,
      20659,
      10659
    ],
    [
      660,
      20660,
      10660
    ],
    [
      661,
      20661,
      10661
    ],
    [
      662,
      20662,
      10662
    ],
    [
      663,
      20663,
      10663
    ],
    [
      664,
      20664,
      10664
    ],
    [
      665,
      20665,
      10665
    ],
    [
      666,
      20666,
      10666
    ],
    [
      667,
      20667,
      10667
    ],
    [
      668,
      20668,
      10668
    ],
    [
      669,
      20669,
      10669
    ],
    [
      670,
      20670,
      10670
    ],
    [
      671,
      20671,
      10671
    ],
    [
      672,
      20672,
      10672
    ],
    [
      673,
      20673,
      10673
    ],
    [
      674,
      20674,
      10674
    ],
    [
      675,
      20675,
      10675
    ],
    [
      676,
      20676,
      10676
    ],
    [
      677,
      20677,
      10677
    ],
    [
      678,
      20678,
      10678
    ],
    [
      679,
      20679,
      10679
    ],
    [
      680,
      20680,
      10680
    ],
    [
      681,
      20681,
      10681
    ],
    [
      682,
      20682,
      10682
    ],
    [
      683,
      20683,
      10683
    ],
    [
      684,
      20684,
      10684
    ],
    [
      685,
      20685,
      10685
    ],
    [
      686,
      20686,
      10686
    ],
    [
      687,
      20687,
      10687
    ],
    [
      688,
      20688,
      10688
    ],
    [
      689,
      20689,
      10689
    ],
    [
      690,
      20690,
      10690
    ],
    [
      691,
      20691,
      10691
    ],
    [
      692,
      20692,
      10692
    ],
    [
      693,
      20693,
      10693
    ],
    [
      694,
      20694,
      10694
    ],
    [
      695,
      20695,
      10695
    ],
    [
      696,
      20696,
      10696
    ],
    [
      697,
      20697,
      10697
    ],
    [
      698,
      20698,
      10698
    ],
    [
      699,
      20699,
      10699
    ],
    [
      700,
      20700,
      10700
    ],
    [
      701,
      20701,
      10701
    ],
    [
      702,
      20702,
      10702
    ],
    [
      703,
      20703,
      10703
    ],
    [
      704,
      20704,
      10704
    ],
    [
      705,
      20705,
      10705
    ],
    [
      706,
      20706,
      10706
    ],
    [
      707,
      20707,
      10707
    ],
    [
      708,
      20708,
      10708
    ],
    [
      709,
      20709,
      10709
    ],
    [
      710,
      20710,
      10710
    ],
    [
      711,
      20711,
      10711
    ],
    [
      712,
      20712,
      10712
    ],
    [
      713,
      20713,
      10713
    ],
    [
      714,
      20714,
      10714
    ],
    [
      715,
      20715,
      10715
    ],
    [
      716,
      20716,
      10716
    ],
    [
      717,
      20717,
      10717
    ],
    [
      718,
      20718,
      10718
    ],
    [
      719,
      20719,
      10719
    ],
    [
      720,
      20720,
      10720
    ],
    [
      721,
      20721,
      10721
    ],
    [
      722,
      20722,
      10722
    ],
    [
      723,
      20723,
      10723
    ],
    [
      724,
      20724,
      10724
    ],
    [
      725,
      20725,
      10725
    ],
    [
      726,
      20726,
      10726
    ],
    [
      727,
      20727,
      10727
    ],
    [
      728,
      20728,
      10728
    ],
    [
      729,
      20729,
      10729
    ],
    [
      730,
      20730,
      10730
    ],
    [
      731,
      20731,
      10731
    ],
    [
      732,
      20732,
      10732
    ],
    [
      733,
      20733,
      10733
    ],
    [
      734,
      20734,
      10734
    ],
    [
      735,
      20735,
      10735
    ],
    [
      736,
      20736,
      10736
    ],
    [
      737,
      20737,
      10737
    ],
    [
      738,
      20738,
      10738
    ],
    [
      739,
      20739,
      10739
    ],
    [
      740,
      20740,
      10740
    ],
    [
      741,
      20741,
      10741
    ],
    [
      742,
      20742,
      10742
    ],
    [
      743,
      20743,
      10743
    ],
    [
      744,
      20744,
      10744
    ],
    [
      745,
      20745,
      10745
    ],
    [
      746,
      20746,
      10746
    ],
    [
      747,
      20747,
      10747
    ],
    [
      748,
      20748,
      10748
    ],
    [
      749,
      20749,
      10749
    ],
    [
      750,
      20750,
      10750
    ],
    [
      751,
      20751,
      10751
    ],
    [
      752,
      20752,
      10752
    ],
    [
      753,
      20753,
      10753
    ],
    [
      754,
      20754,
      10754
    ],
    [
      755,
      20755,
      10755
    ],
    [
      756,
      20756,
      10756
    ],
    [
      757,
      20757,
      10757
    ],
    [
      758,
      20758,
      10758
    ],
    [
      759,
      20759,
      10759
    ],
    [
      760,
      20760,
      10760
    ],
    [
      761,
      20761,
      10761
    ],
    [
      762,
      20762,
      10762
    ],
    [
      763,
      20763,
      10763
    ],
    [
      764,
      20764,
      10764
    ],
    [
      765,
      20765,
      10765
    ],
    [
      766,
      20766,
      10766
    ],
    [
      767,
      20767,
      10767
    ],
    [
      768,
      20768,
      10768
    ],
    [
      769,
      20769,
      10769
    ],
    [
      770,
      20770,
      10770
    ],
    [
      771,
      20771,
      10771
    ],
    [
      772,
      20772,
      10772
    ],
    [
      773,
      20773,
      10773
    ],
    [
      774,
      20774,
      10774
    ],
    [
      775,
      20775,
      10775
    ],
    [
      776,
      20776,
      10776
    ],
    [
      777,
      20777,
      10777
    ],
    [
      778,
      20778,
      10778
    ],
    [
      779,
      20779,
      10779
    ],
    [
      780,
      20780,
      10780
    ],
    [
      781,
      20781,
      10781
    ],
    [
      782,
      20782,
      10782
    ],
    [
      783,
      20783,
      10783
    ],
    [
      784,
      20784,
      10784
    ],
    [
      785,
      20785,
      10785
    ],
    [
      786,
      20786,
      10786
    ],
    [
      787,
      20787,
      10787
    ],
    [
      788,
      20788,
      10788
    ],
    [
      789,
      20789,
      10789
    ],
    [
      790,
      20790,
      10790
    ],
    [
      791,
      20791,
      10791
    ],
    [
      792,
      20792,
      10792
    ],
    [
      793,
      20793,
      10793
    ],
    [
      794,
      20794,
      10794
    ],
    [
      795,
      20795,
      10795
    ],
    [
      796,
      20796,
      10796
    ],
    [
      797,
      20797,
      10797
    ],
    [
      798,
      20798,
      10798
    ],
    [
      799,
      20799,
      10799
    ],
    [
      800,
      20800,
      10800
    ],
    [
      801,
      20801,
      10801
    ],
    [
      802,
      20802,
      10802
    ],
    [
      803,
      20803,
      10803
    ],
    [
      804,
      20804,
      10804
    ],
    [
      805,
      20805,
      10805
    ],
    [
      806,
      20806,
      10806
    ],
    [
      807,
      20807,
      10807
    ],
    [
      808,
      20808,
      10808
    ],
    [
      809,
      20809,
      10809
    ],
    [
      810,
      20810,
      10810
    ],
    [
      811,
      20811,
      10811
    ],
    [
      812,
      20812,
      10812
    ],
    [
      813,
      20813,
      10813
    ],
    [
      814,
      20814,
      10814
    ],
    [
      815,
      20815,
      10815
    ],
    [
      816,
      20816,
      10816
    ],
    [
      817,
      20817,
      10817
    ],
    [
      818,
      20818,
      10818
    ],
    [
      819,
      20819,
      10819
    ],
    [
      820,
      20820,
      10820
    ],
    [
      821,
      20821,
      10821
    ],
    [
      822,
      20822,
      10822
    ],
    [
      823,
      20823,
      10823
    ],
    [
      824,
      20824,
      10824
    ],
    [
      825,
      20825,
      10825
    ],
    [
      826,
      20826,
      10826
    ],
    [
      827,
      20827,
      10827
    ],
    [
      828,
      20828,
      10828
    ],
    [
      829,
      20829,
      10829
    ],
    [
      830,
      20830,
      10830
    ],
    [
      831,
      20831,
      10831
    ],
    [
      832,
      20832,
      10832
    ],
    [
      833,
      20833,
      10833
    ],
    [
      834,
      20834,
      10834
    ],
    [
      835,
      20835,
      10835
    ],
    [
      836,
      20836,
      10836
    ],
    [
      837,
      20837,
      10837
    ],
    [
      838,
      20838,
      10838
    ],
    [
      839,
      20839,
      10839
    ],
    [
      840,
      20840,
      10840
    ],
    [
      841,
      20841,
      10841
    ],
    [
      842,
      20842,
      10842
    ],
    [
      843,
      20843,
      10843
    ],
    [
      844,
      20844,
      10844
    ],
    [
      845,
      20845,
      10845
    ],
    [
      846,
      20846,
      10846
    ],
    [
      847,
      20847,
      10847
    ],
    [
      848,
      20848,
      10848
    ],
    [
      849,
      20849,
      10849
    ],
    [
      850,
      20850,
      10850
    ],
    [
      851,
      20851,
      10851
    ],
    [
      852,
      20852,
      10852
    ],
    [
      853,
      20853,
      10853
    ],
    [
      854,
      20854,
      10854
    ],
    [
      855,
      20855,
      10855
    ],
    [
      856,
      20856,
      10856
    ],
    [
      857,
      20857,
      10857
    ],
    [
      858,
      20858,
      10858
    ],
    [
      859,
      20859,
      10859
    ],
    [
      860,
      20860,
      10860
    ],
    [
      861,
      20861,
      10861
    ],
    [
      862,
      20862,
      10862
    ],
    [
      863,
      20863,
      10863
    ],
    [
      864,
      20864,
      10864
    ],
    [
      865,
      20865,
      10865
    ],
    [
      866,
      20866,
      10866
    ],
    [
      867,
      20867,
      10867
    ],
    [
      868,
      20868,
      10868
    ],
    [
      869,
      20869,
      10869
    ],
    [
      870,
      20870,
      10870
    ],
    [
      871,
      20871,
      10871
    ],
    [
      872,
      20872,
      10872
    ],
    [
      873,
      20873,
      10873
    ],
    [
      874,
      20874,
      10874
    ],
    [
      875,
      20875,
      10875
    ],
    [
      876,
      20876,
      10876
    ],
    [
      877,
      20877,
      10877
    ],
    [
      878,
      20878,
      10878
    ],
    [
      879,
      20879,
      10879
    ],
    [
      880,
      20880,
      10880
    ],
    [
      881,
      20881,
      10881
    ],
    [
      882,
      20882,
      10882
    ],
    [
      883,
      20883,
      10883
    ],
    [
      884,
      20884,
      10884
    ],
    [
      885,
      20885,
      10885
    ],
    [
      886,
      20886,
      10886
    ],
    [
      887,
      20887,
      10887
    ],
    [
      888,
      20888,
      10888
    ],
    [
      889,
      20889,
      10889
    ],
    [
      890,
      20890,
      10890
    ],
    [
      891,
      20891,
      10891
    ],
    [
      892,
      20892,
      10892
    ],
    [
      893,
      20893,
      10893
    ],
    [
      894,
      20894,
      10894
    ],
    [
      895,
      20895,
      10895
    ],
    [
      896,
      20896,
      10896
    ],
    [
      897,
      20897,
      10897
    ],
    [
      898,
      20898,
      10898
    ],
    [
      899,
      20899,
      10899
    ],
    [
      900,
      20900,
      10900
    ],
    [
      901,
      20901,
      10901
    ],
    [
      902,
      20902,
      10902
    ],
    [
      903,
      20903,
      10903
    ],
    [
      904,
      20904,
      10904
    ],
    [
      905,
      20905,
      10905
    ],
    [
      906,
      20906,
      10906
    ],
    [
      907,
      20907,
      10907
    ],
    [
      908,
      20908,
      10908
    ],
    [
      909,
      20909,
      10909
    ],
    [
      910,
      20910,
      10910
    ],
    [
      911,
      20911,
      10911
    ],
    [
      912,
      20912,
      10912
    ],
    [
      913,
      20913,
      10913
    ],
    [
      914,
      20914,
      10914
    ],
    [
      915,
      20915,
      10915
    ],
    [
      916,
      20916,
      10916
    ],
    [
      917,
      20917,
      10917
    ],
    [
      918,
      20918,
      10918
    ],
    [
      919,
      20919,
      10919
    ],
    [
      920,
      20920,
      10920
    ],
    [
      921,
      20921,
      10921
    ],
    [
      922,
      20922,
      10922
    ],
    [
      923,
      20923,
      10923
    ],
    [
      924,
      20924,
      10924
    ],
    [
      925,
      20925,
      10925
    ],
    [
      926,
      20926,
      10926
    ],
    [
      927,
      20927,
      10927
    ],
    [
      928,
      20928,
      10928
    ],
    [
      929,
      20929,
      10929
    ],
    [
      930,
      20930,
      10930
    ],
    [
      931,
      20931,
      10931
    ],
    [
      932,
      20932,
      10932
    ],
    [
      933,
      20933,
      10933
    ],
    [
      934,
      20934,
      10934
    ],
    [
      935,
      20935,
      10935
    ],
    [
      936,
      20936,
      10936
    ],
    [
      937,
      20937,
      10937
    ],
    [
      938,
      20938,
      10938
    ],
    [
      939,
      20939,
      10939
    ],
    [
      940,
      20940,
      10940
    ],
    [
      941,
      20941,
      10941
    ],
    [
      942,
      20942,
      10942
    ],
    [
      943,
      20943,
      10943
    ],
    [
      944,
      20944,
      10944
    ],
    [
      945,
      20945,
      10945
    ],
    [
      946,
      20946,
      10946
    ],
    [
      947,
      20947,
      10947
    ],
    [
      948,
      20948,
      10948
    ],
    [
      949,
      20949,
      10949
    ],
    [
      950,
      20950,
      10950
    ],
    [
      951,
      20951,
      10951
    ],
    [
      952,
      20952,
      10952
    ],
    [
      953,
      20953,
      10953
    ],
    [
      954,
      20954,
      10954
    ],
    [
      955,
      20955,
      10955
    ],
    [
      956,
      20956,
      10956
    ],
    [
      957,
      20957,
      10957
    ],
    [
      958,
      20958,
      10958
    ],
    [
      959,
      20959,
      10959
    ],
    [
      960,
      20960,
      10960
    ],
    [
      961,
      20961,
      10961
    ],
    [
      962,
      20962,
      10962
    ],
    [
      963,
      20963,
      10963
    ],
    [
      964,
      20964,
      10964
    ],
    [
      965,
      20965,
      10965
    ],
    [
      966,
      20966,
      10966
    ],
    [
      967,
      20967,
      10967
    ],
    [
      968,
      20968,
      10968
    ],
    [
      969,
      20969,
      10969
    ],
    [
      970,
      20970,
      10970
    ],
    [
      971,
      20971,
      10971
    ],
    [
      972,
      20972,
      10972
    ],
    [
      973,
      20973,
      10973
    ],
    [
      974,
      20974,
      10974
    ],
    [
      975,
      20975,
      10975
    ],
    [
      976,
      20976,
      10976
    ],
    [
      977,
      20977,
      10977
    ],
    [
      978,
      20978,
      10978
    ],
    [
      979,
      20979,
      10979
    ],
    [
      980,
      20980,
      10980
    ],
    [
      981,
      20981,
      10981
    ],
    [
      982,
      20982,
      10982
    ],
    [
      983,
      20983,
      10983
    ],
    [
      984,
      20984,
      10984
    ],
    [
      985,
      20985,
      10985
    ],
    [
      986,
      20986,
      10986
    ],
    [
      987,
      20987,
      10987
    ],
    [
      988,
      20988,
      10988
    ],
    [
      989,
      20989,
      10989
    ],
    [
      990,
      20990,
      10990
    ],
    [
      991,
      20991,
      10991
    ],
    [
      992,
      20992,
      10992
    ],
    [
      993,
      20993,
      10993
    ],
    [
      994,
      20994,
      10994
    ],
    [
      995,
      20995,
      10995
    ],
    [
      996,
      20996,
      10996
    ],
    [
      997,
      20997,
      10997
    ],
    [
      998,
      20998,
      10998
    ],
    [
      999,
      20999,
      10999
    ],
    [
      1000,
      21000,
      11000
    ],
    [
      1001,
      21001,
      11001
    ],
    [
      1002,
      21002,
      11002
    ],
    [
      1003,
      21003,
      11003
    ],
    [
      1004,
      21004,
      11004
    ],
    [
      1005,
      21005,
      11005
    ],
    [
      1006,
      21006,
      11006
    ],
    [
      1007,
      21007,
      11007
    ],
    [
      1008,
      21008,
      11008
    ],
    [
      1009,
      21009,
      11009
    ],
    [
      1010,
      21010,
      11010
    ],
    [
      1011,
      21011,
      11011
    ],
    [
      1012,
      21012,
      11012
    ],
    [
      1013,
      21013,
      11013
    ],
    [
      1014,
      21014,
      11014
    ],
    [
      1015,
      21015,
      11015
    ],
    [
      1016,
      21016,
      11016
    ],
    [
      1017,
      21017,
      11017
    ],
    [
      1018,
      21018,
      11018
    ],
    [
      1019,
      21019,
      11019
    ],
    [
      1020,
      21020,
      11020
    ],
    [
      1021,
      21021,
      11021
    ],
    [
      1022,
      21022,
      11022
    ],
    [
      1023,
      21023,
      11023
    ],
    [
      1024,
      21024,
      11024
    ],
    [
      1025,
      21025,
      11025
    ],
    [
      1026,
      21026,
      11026
    ],
    [
      1027,
      21027,
      11027
    ],
    [
      1028,
      21028,
      11028
    ],
    [
      1029,
      21029,
      11029
    ],
    [
      1030,
      21030,
      11030
    ],
    [
      1031,
      21031,
      11031
    ],
    [
      1032,
      21032,
      11032
    ],
    [
      1033,
      21033,
      11033
    ],
    [
      1034,
      21034,
      11034
    ],
    [
      1035,
      21035,
      11035
    ],
    [
      1036,
      21036,
      11036
    ],
    [
      1037,
      21037,
      11037
    ],
    [
      1038,
      21038,
      11038
    ],
    [
      1039,
      21039,
      11039
    ],
    [
      1040,
      21040,
      11040
    ],
    [
      1041,
      21041,
      11041
    ],
    [
      1042,
      21042,
      11042
    ],
    [
      1043,
      21043,
      11043
    ],
    [
      1044,
      21044,
      11044
    ],
    [
      1045,
      21045,
      11045
    ],
    [
      1046,
      21046,
      11046
    ],
    [
      1047,
      21047,
      11047
    ],
    [
      1048,
      21048,
      11048
    ],
    [
      1049,
      21049,
      11049
    ],
    [
      1050,
      21050,
      11050
    ],
    [
      1051,
      21051,
      11051
    ],
    [
      1052,
      21052,
      11052
    ],
    [
      1053,
      21053,
      11053
    ],
    [
      1054,
      21054,
      11054
    ],
    [
      1055,
      21055,
      11055
    ],
    [
      1056,
      21056,
      11056
    ],
    [
      1057,
      21057,
      11057
    ],
    [
      1058,
      21058,
      11058
    ],
    [
      1059,
      21059,
      11059
    ],
    [
      1060,
      21060,
      11060
    ],
    [
      1061,
      21061,
      11061
    ],
    [
      1062,
      21062,
      11062
    ],
    [
      1063,
      21063,
      11063
    ],
    [
      1064,
      21064,
      11064
    ],
    [
      1065,
      21065,
      11065
    ],
    [
      1066,
      21066,
      11066
    ],
    [
      1067,
      21067,
      11067
    ],
    [
      1068,
      21068,
      11068
    ],
    [
      1069,
      21069,
      11069
    ],
    [
      1070,
      21070,
      11070
    ],
    [
      1071,
      21071,
      11071
    ],
    [
      1072,
      21072,
      11072
    ],
    [
      1073,
      21073,
      11073
    ],
    [
      1074,
      21074,
      11074
    ],
    [
      1075,
      21075,
      11075
    ],
    [
      1076,
      21076,
      11076
    ],
    [
      1077,
      21077,
      11077
    ],
    [
      1078,
      21078,
      11078
    ],
    [
      1079,
      21079,
      11079
    ],
    [
      1080,
      21080,
      11080
    ],
    [
      1081,
      21081,
      11081
    ],
    [
      1082,
      21082,
      11082
    ],
    [
      1083,
      21083,
      11083
    ],
    [
      1084,
      21084,
      11084
    ],
    [
      1085,
      21085,
      11085
    ],
    [
      1086,
      21086,
      11086
    ],
    [
      1087,
      21087,
      11087
    ],
    [
      1088,
      21088,
      11088
    ],
    [
      1089,
      21089,
      11089
    ],
    [
      1090,
      21090,
      11090
    ],
    [
      1091,
      21091,
      11091
    ],
    [
      1092,
      21092,
      11092
    ],
    [
      1093,
      21093,
      11093
    ],
    [
      1094,
      21094,
      11094
    ],
    [
      1095,
      21095,
      11095
    ],
    [
      1096,
      21096,
      11096
    ],
    [
      1097,
      21097,
      11097
    ],
    [
      1098,
      21098,
      11098
    ],
    [
      1099,
      21099,
      11099
    ],
    [
      1100,
      21100,
      11100
    ],
    [
      1101,
      21101,
      11101
    ],
    [
      1102,
      21102,
      11102
    ],
    [
      1103,
      21103,
      11103
    ],
    [
      1104,
      21104,
      11104
    ],
    [
      1105,
      21105,
      11105
    ],
    [
      1106,
      21106,
      11106
    ],
    [
      1107,
      21107,
      11107
    ],
    [
      1108,
      21108,
      11108
    ],
    [
      1109,
      21109,
      11109
    ],
    [
      1110,
      21110,
      11110
    ],
    [
      1111,
      21111,
      11111
    ],
    [
      1112,
      21112,
      11112
    ],
    [
      1113,
      21113,
      11113
    ],
    [
      1114,
      21114,
      11114
    ],
    [
      1115,
      21115,
      11115
    ],
    [
      1116,
      21116,
      11116
    ],
    [
      1117,
      21117,
      11117
    ],
    [
      1118,
      21118,
      11118
    ],
    [
      1119,
      21119,
      11119
    ],
    [
      1120,
      21120,
      11120
    ],
    [
      1121,
      21121,
      11121
    ],
    [
      1122,
      21122,
      11122
    ],
    [
      1123,
      21123,
      11123
    ],
    [
      1124,
      21124,
      11124
    ],
    [
      1125,
      21125,
      11125
    ],
    [
      1126,
      21126,
      11126
    ],
    [
      1127,
      21127,
      11127
    ],
    [
      1128,
      21128,
      11128
    ],
    [
      1129,
      21129,
      11129
    ],
    [
      1130,
      21130,
      11130
    ],
    [
      1131,
      21131,
      11131
    ],
    [
      1132,
      21132,
      11132
    ],
    [
      1133,
      21133,
      11133
    ],
    [
      1134,
      21134,
      11134
    ],
    [
      1135,
      21135,
      11135
    ],
    [
      1136,
      21136,
      11136
    ],
    [
      1137,
      21137,
      11137
    ],
    [
      1138,
      21138,
      11138
    ],
    [
      1139,
      21139,
      11139
    ],
    [
      1140,
      21140,
      11140
    ],
    [
      1141,
      21141,
      11141
    ],
    [
      1142,
      21142,
      11142
    ],
    [
      1143,
      21143,
      11143
    ],
    [
      1144,
      21144,
      11144
    ],
    [
      1145,
      21145,
      11145
    ],
    [
      1146,
      21146,
      11146
    ],
    [
      1147,
      21147,
      11147
    ],
    [
      1148,
      21148,
      11148
    ],
    [
      1149,
      21149,
      11149
    ],
    [
      1150,
      21150,
      11150
    ],
    [
      1151,
      21151,
      11151
    ],
    [
      1152,
      21152,
      11152
    ],
    [
      1153,
      21153,
      11153
    ],
    [
      1154,
      21154,
      11154
    ],
    [
      1155,
      21155,
      11155
    ],
    [
      1156,
      21156,
      11156
    ],
    [
      1157,
      21157,
      11157
    ],
    [
      1158,
      21158,
      11158
    ],
    [
      1159,
      21159,
      11159
    ],
    [
      1160,
      21160,
      11160
    ],
    [
      1161,
      21161,
      11161
    ],
    [
      1162,
      21162,
      11162
    ],
    [
      1163,
      21163,
      11163
    ],
    [
      1164,
      21164,
      11164
    ],
    [
      1165,
      21165,
      11165
    ],
    [
      1166,
      21166,
      11166
    ],
    [
      1167,
      21167,
      11167
    ],
    [
      1168,
      21168,
      11168
    ],
    [
      1169,
      21169,
      11169
    ],
    [
      1170,
      21170,
      11170
    ],
    [
      1171,
      21171,
      11171
    ],
    [
      1172,
      21172,
      11172
    ],
    [
      1173,
      21173,
      11173
    ],
    [
      1174,
      21174,
      11174
    ],
    [
      1175,
      21175,
      11175
    ],
    [
      1176,
      21176,
      11176
    ],
    [
      1177,
      21177,
      11177
    ],
    [
      1178,
      21178,
      11178
    ],
    [
      1179,
      21179,
      11179
    ],
    [
      1180,
      21180,
      11180
    ],
    [
      1181,
      21181,
      11181
    ],
    [
      1182,
      21182,
      11182
    ],
    [
      1183,
      21183,
      11183
    ],
    [
      1184,
      21184,
      11184
    ],
    [
      1185,
      21185,
      11185
    ],
    [
      1186,
      21186,
      11186
    ],
    [
      1187,
      21187,
      11187
    ],
    [
      1188,
      21188,
      11188
    ],
    [
      1189,
      21189,
      11189
    ],
    [
      1190,
      21190,
      11190
    ],
    [
      1191,
      21191,
      11191
    ],
    [
      1192,
      21192,
      11192
    ],
    [
      1193,
      21193,
      11193
    ],
    [
      1194,
      21194,
      11194
    ],
    [
      1195,
      21195,
      11195
    ],
    [
      1196,
      21196,
      11196
    ],
    [
      1197,
      21197,
      11197
    ],
    [
      1198,
      21198,
      11198
    ],
    [
      1199,
      21199,
      11199
    ],
    [
      1200,
      21200,
      11200
    ],
    [
      1201,
      21201,
      11201
    ],
    [
      1202,
      21202,
      11202
    ],
    [
      1203,
      21203,
      11203
    ],
    [
      1204,
      21204,
      11204
    ],
    [
      1205,
      21205,
      11205
    ],
    [
      1206,
      21206,
      11206
    ],
    [
      1207,
      21207,
      11207
    ],
    [
      1208,
      21208,
      11208
    ],
    [
      1209,
      21209,
      11209
    ],
    [
      1210,
      21210,
      11210
    ],
    [
      1211,
      21211,
      11211
    ],
    [
      1212,
      21212,
      11212
    ],
    [
      1213,
      21213,
      11213
    ],
    [
      1214,
      21214,
      11214
    ],
    [
      1215,
      21215,
      11215
    ],
    [
      1216,
      21216,
      11216
    ],
    [
      1217,
      21217,
      11217
    ],
    [
      1218,
      21218,
      11218
    ],
    [
      1219,
      21219,
      11219
    ],
    [
      1220,
      21220,
      11220
    ],
    [
      1221,
      21221,
      11221
    ],
    [
      1222,
      21222,
      11222
    ],
    [
      1223,
      21223,
      11223
    ],
    [
      1224,
      21224,
      11224
    ],
    [
      1225,
      21225,
      11225
    ],
    [
      1226,
      21226,
      11226
    ],
    [
      1227,
      21227,
      11227
    ],
    [
      1228,
      21228,
      11228
    ],
    [
      1229,
      21229,
      11229
    ],
    [
      1230,
      21230,
      11230
    ],
    [
      1231,
      21231,
      11231
    ],
    [
      1232,
      21232,
      11232
    ],
    [
      1233,
      21233,
      11233
    ],
    [
      1234,
      21234,
      11234
    ],
    [
      1235,
      21235,
      11235
    ],
    [
      1236,
      21236,
      11236
    ],
    [
      1237,
      21237,
      11237
    ],
    [
      1238,
      21238,
      11238
    ],
    [
      1239,
      21239,
      11239
    ],
    [
      1240,
      21240,
      11240
    ],
    [
      1241,
      21241,
      11241
    ],
    [
      1242,
      21242,
      11242
    ],
    [
      1243,
      21243,
      11243
    ],
    [
      1244,
      21244,
      11244
    ],
    [
      1245,
      21245,
      11245
    ],
    [
      1246,
      21246,
      11246
    ],
    [
      1247,
      21247,
      11247
    ],
    [
      1248,
      21248,
      11248
    ],
    [
      1249,
      21249,
      11249
    ],
    [
      1250,
      21250,
      11250
    ],
    [
      1251,
      21251,
      11251
    ],
    [
      1252,
      21252,
      11252
    ],
    [
      1253,
      21253,
      11253
    ],
    [
      1254,
      21254,
      11254
    ],
    [
      1255,
      21255,
      11255
    ],
    [
      1256,
      21256,
      11256
    ],
    [
      1257,
      21257,
      11257
    ],
    [
      1258,
      21258,
      11258
    ],
    [
      1259,
      21259,
      11259
    ],
    [
      1260,
      21260,
      11260
    ],
    [
      1261,
      21261,
      11261
    ],
    [
      1262,
      21262,
      11262
    ],
    [
      1263,
      21263,
      11263
    ],
    [
      1264,
      21264,
      11264
    ],
    [
      1265,
      21265,
      11265
    ],
    [
      1266,
      21266,
      11266
    ],
    [
      1267,
      21267,
      11267
    ],
    [
      1268,
      21268,
      11268
    ],
    [
      1269,
      21269,
      11269
    ],
    [
      1270,
      21270,
      11270
    ],
    [
      1271,
      21271,
      11271
    ],
    [
      1272,
      21272,
      11272
    ],
    [
      1273,
      21273,
      11273
    ],
    [
      1274,
      21274,
      11274
    ],
    [
      1275,
      21275,
      11275
    ],
    [
      1276,
      21276,
      11276
    ],
    [
      1277,
      21277,
      11277
    ],
    [
      1278,
      21278,
      11278
    ],
    [
      1279,
      21279,
      11279
    ],
    [
      1280,
      21280,
      11280
    ],
    [
      1281,
      21281,
      11281
    ],
    [
      1282,
      21282,
      11282
    ],
    [
      1283,
      21283,
      11283
    ],
    [
      1284,
      21284,
      11284
    ],
    [
      1285,
      21285,
      11285
    ],
    [
      1286,
      21286,
      11286
    ],
    [
      1287,
      21287,
      11287
    ],
    [
      1288,
      21288,
      11288
    ],
    [
      1289,
      21289,
      11289
    ],
    [
      1290,
      21290,
      11290
    ],
    [
      1291,
      21291,
      11291
    ],
    [
      1292,
      21292,
      11292
    ],
    [
      1293,
      21293,
      11293
    ],
    [
      1294,
      21294,
      11294
    ],
    [
      1295,
      21295,
      11295
    ],
    [
      1296,
      21296,
      11296
    ],
    [
      1297,
      21297,
      11297
    ],
    [
      1298,
      21298,
      11298
    ],
    [
      1299,
      21299,
      11299
    ],
    [
      1300,
      21300,
      11300
    ],
    [
      1301,
      21301,
      11301
    ],
    [
      1302,
      21302,
      11302
    ],
    [
      1303,
      21303,
      11303
    ],
    [
      1304,
      21304,
      11304
    ],
    [
      1305,
      21305,
      11305
    ],
    [
      1306,
      21306,
      11306
    ],
    [
      1307,
      21307,
      11307
    ],
    [
      1308,
      21308,
      11308
    ],
    [
      1309,
      21309,
      11309
    ],
    [
      1310,
      21310,
      11310
    ],
    [
      1311,
      21311,
      11311
    ],
    [
      1312,
      21312,
      11312
    ],
    [
      1313,
      21313,
      11313
    ],
    [
      1314,
      21314,
      11314
    ],
    [
      1315,
      21315,
      11315
    ],
    [
      1316,
      21316,
      11316
    ],
    [
      1317,
      21317,
      11317
    ],
    [
      1318,
      21318,
      11318
    ],
    [
      1319,
      21319,
      11319
    ],
    [
      1320,
      21320,
      11320
    ],
    [
      1321,
      21321,
      11321
    ],
    [
      1322,
      21322,
      11322
    ],
    [
      1323,
      21323,
      11323
    ],
    [
      1324,
      21324,
      11324
    ],
    [
      1325,
      21325,
      11325
    ],
    [
      1326,
      21326,
      11326
    ],
    [
      1327,
      21327,
      11327
    ],
    [
      1328,
      21328,
      11328
    ],
    [
      1329,
      21329,
      11329
    ],
    [
      1330,
      21330,
      11330
    ],
    [
      1331,
      21331,
      11331
    ],
    [
      1332,
      21332,
      11332
    ],
    [
      1333,
      21333,
      11333
    ],
    [
      1334,
      21334,
      11334
    ],
    [
      1335,
      21335,
      11335
    ],
    [
      1336,
      21336,
      11336
    ],
    [
      1337,
      21337,
      11337
    ],
    [
      1338,
      21338,
      11338
    ],
    [
      1339,
      21339,
      11339
    ],
    [
      1340,
      21340,
      11340
    ],
    [
      1341,
      21341,
      11341
    ],
    [
      1342,
      21342,
      11342
    ],
    [
      1343,
      21343,
      11343
    ],
    [
      1344,
      21344,
      11344
    ],
    [
      1345,
      21345,
      11345
    ],
    [
      1346,
      21346,
      11346
    ],
    [
      1347,
      21347,
      11347
    ],
    [
      1348,
      21348,
      11348
    ],
    [
      1349,
      21349,
      11349
    ],
    [
      1350,
      21350,
      11350
    ],
    [
      1351,
      21351,
      11351
    ],
    [
      1352,
      21352,
      11352
    ],
    [
      1353,
      21353,
      11353
    ],
    [
      1354,
      21354,
      11354
    ],
    [
      1355,
      21355,
      11355
    ],
    [
      1356,
      21356,
      11356
    ],
    [
      1357,
      21357,
      11357
    ],
    [
      1358,
      21358,
      11358
    ],
    [
      1359,
      21359,
      11359
    ],
    [
      1360,
      21360,
      11360
    ],
    [
      1361,
      21361,
      11361
    ],
    [
      1362,
      21362,
      11362
    ],
    [
      1363,
      21363,
      11363
    ],
    [
      1364,
      21364,
      11364
    ],
    [
      1365,
      21365,
      11365
    ],
    [
      1366,
      21366,
      11366
    ],
    [
      1367,
      21367,
      11367
    ],
    [
      1368,
      21368,
      11368
    ],
    [
      1369,
      21369,
      11369
    ],
    [
      1370,
      21370,
      11370
    ],
    [
      1371,
      21371,
      11371
    ],
    [
      1372,
      21372,
      11372
    ],
    [
      1373,
      21373,
      11373
    ],
    [
      1374,
      21374,
      11374
    ],
    [
      1375,
      21375,
      11375
    ],
    [
      1376,
      21376,
      11376
    ],
    [
      1377,
      21377,
      11377
    ],
    [
      1378,
      21378,
      11378
    ],
    [
      1379,
      21379,
      11379
    ],
    [
      1380,
      21380,
      11380
    ],
    [
      1381,
      21381,
      11381
    ],
    [
      1382,
      21382,
      11382
    ],
    [
      1383,
      21383,
      11383
    ],
    [
      1384,
      21384,
      11384
    ],
    [
      1385,
      21385,
      11385
    ],
    [
      1386,
      21386,
      11386
    ],
    [
      1387,
      21387,
      11387
    ],
    [
      1388,
      21388,
      11388
    ],
    [
      1389,
      21389,
      11389
    ],
    [
      1390,
      21390,
      11390
    ],
    [
      1391,
      21391,
      11391
    ],
    [
      1392,
      21392,
      11392
    ],
    [
      1393,
      21393,
      11393
    ],
    [
      1394,
      21394,
      11394
    ],
    [
      1395,
      21395,
      11395
    ],
    [
      1396,
      21396,
      11396
    ],
    [
      1397,
      21397,
      11397
    ],
    [
      1398,
      21398,
      11398
    ],
    [
      1399,
      21399,
      11399
    ],
    [
      1400,
      21400,
      11400
    ],
    [
      1401,
      21401,
      11401
    ],
    [
      1402,
      21402,
      11402
    ],
    [
      1403,
      21403,
      11403
    ],
    [
      1404,
      21404,
      11404
    ],
    [
      1405,
      21405,
      11405
    ],
    [
      1406,
      21406,
      11406
    ],
    [
      1407,
      21407,
      11407
    ],
    [
      1408,
      21408,
      11408
    ],
    [
      1409,
      21409,
      11409
    ],
    [
      1410,
      21410,
      11410
    ],
    [
      1411,
      21411,
      11411
    ],
    [
      1412,
      21412,
      11412
    ],
    [
      1413,
      21413,
      11413
    ],
    [
      1414,
      21414,
      11414
    ],
    [
      1415,
      21415,
      11415
    ],
    [
      1416,
      21416,
      11416
    ],
    [
      1417,
      21417,
      11417
    ],
    [
      1418,
      21418,
      11418
    ],
    [
      1419,
      21419,
      11419
    ],
    [
      1420,
      21420,
      11420
    ],
    [
      1421,
      21421,
      11421
    ],
    [
      1422,
      21422,
      11422
    ],
    [
      1423,
      21423,
      11423
    ],
    [
      1424,
      21424,
      11424
    ],
    [
      1425,
      21425,
      11425
    ],
    [
      1426,
      21426,
      11426
    ],
    [
      1427,
      21427,
      11427
    ],
    [
      1428,
      21428,
      11428
    ],
    [
      1429,
      21429,
      11429
    ],
    [
      1430,
      21430,
      11430
    ],
    [
      1431,
      21431,
      11431
    ],
    [
      1432,
      21432,
      11432
    ],
    [
      1433,
      21433,
      11433
    ],
    [
      1434,
      21434,
      11434
    ],
    [
      1435,
      21435,
      11435
    ],
    [
      1436,
      21436,
      11436
    ],
    [
      1437,
      21437,
      11437
    ],
    [
      1438,
      21438,
      11438
    ],
    [
      1439,
      21439,
      11439
    ],
    [
      1440,
      21440,
      11440
    ],
    [
      1441,
      21441,
      11441
    ],
    [
      1442,
      21442,
      11442
    ],
    [
      1443,
      21443,
      11443
    ],
    [
      1444,
      21444,
      11444
    ],
    [
      1445,
      21445,
      11445
    ],
    [
      1446,
      21446,
      11446
    ],
    [
      1447,
      21447,
      11447
    ],
    [
      1448,
      21448,
      11448
    ],
    [
      1449,
      21449,
      11449
    ],
    [
      1450,
      21450,
      11450
    ],
    [
      1451,
      21451,
      11451
    ],
    [
      1452,
      21452,
      11452
    ],
    [
      1453,
      21453,
      11453
    ],
    [
      1454,
      21454,
      11454
    ],
    [
      1455,
      21455,
      11455
    ],
    [
      1456,
      21456,
      11456
    ],
    [
      1457,
      21457,
      11457
    ],
    [
      1458,
      21458,
      11458
    ],
    [
      1459,
      21459,
      11459
    ],
    [
      1460,
      21460,
      11460
    ],
    [
      1461,
      21461,
      11461
    ],
    [
      1462,
      21462,
      11462
    ],
    [
      1463,
      21463,
      11463
    ],
    [
      1464,
      21464,
      11464
    ],
    [
      1465,
      21465,
      11465
    ],
    [
      1466,
      21466,
      11466
    ],
    [
      1467,
      21467,
      11467
    ],
    [
      1468,
      21468,
      11468
    ],
    [
      1469,
      21469,
      11469
    ],
    [
      1470,
      21470,
      11470
    ],
    [
      1471,
      21471,
      11471
    ],
    [
      1472,
      21472,
      11472
    ],
    [
      1473,
      21473,
      11473
    ],
    [
      1474,
      21474,
      11474
    ],
    [
      1475,
      21475,
      11475
    ],
    [
      1476,
      21476,
      11476
    ],
    [
      1477,
      21477,
      11477
    ],
    [
      1478,
      21478,
      11478
    ],
    [
      1479,
      21479,
      11479
    ],
    [
      1480,
      21480,
      11480
    ],
    [
      1481,
      21481,
      11481
    ],
    [
      1482,
      21482,
      11482
    ],
    [
      1483,
      21483,
      11483
    ],
    [
      1484,
      21484,
      11484
    ],
    [
      1485,
      21485,
      11485
    ],
    [
      1486,
      21486,
      11486
    ],
    [
      1487,
      21487,
      11487
    ],
    [
      1488,
      21488,
      11488
    ],
    [
      1489,
      21489,
      11489
    ],
    [
      1490,
      21490,
      11490
    ],
    [
      1491,
      21491,
      11491
    ],
    [
      1492,
      21492,
      11492
    ],
    [
      1493,
      21493,
      11493
    ],
    [
      1494,
      21494,
      11494
    ],
    [
      1495,
      21495,
      11495
    ],
    [
      1496,
      21496,
      11496
    ],
    [
      1497,
      21497,
      11497
    ],
    [
      1498,
      21498,
      11498
    ],
    [
      1499,
      21499,
      11499
    ],
    [
      1500,
      21500,
      11500
    ],
    [
      1501,
      21501,
      11501
    ],
    [
      1502,
      21502,
      11502
    ],
    [
      1503,
      21503,
      11503
    ],
    [
      1504,
      21504,
      11504
    ],
    [
      1505,
      21505,
      11505
    ],
    [
      1506,
      21506,
      11506
    ],
    [
      1507,
      21507,
      11507
    ],
    [
      1508,
      21508,
      11508
    ],
    [
      1509,
      21509,
      11509
    ],
    [
      1510,
      21510,
      11510
    ],
    [
      1511,
      21511,
      11511
    ],
    [
      1512,
      21512,
      11512
    ],
    [
      1513,
      21513,
      11513
    ],
    [
      1514,
      21514,
      11514
    ],
    [
      1515,
      21515,
      11515
    ],
    [
      1516,
      21516,
      11516
    ],
    [
      1517,
      21517,
      11517
    ],
    [
      1518,
      21518,
      11518
    ],
    [
      1519,
      21519,
      11519
    ],
    [
      1520,
      21520,
      11520
    ],
    [
      1521,
      21521,
      11521
    ],
    [
      1522,
      21522,
      11522
    ],
    [
      1523,
      21523,
      11523
    ],
    [
      1524,
      21524,
      11524
    ],
    [
      1525,
      21525,
      11525
    ],
    [
      1526,
      21526,
      11526
    ],
    [
      1527,
      21527,
      11527
    ],
    [
      1528,
      21528,
      11528
    ],
    [
      1529,
      21529,
      11529
    ],
    [
      1530,
      21530,
      11530
    ],
    [
      1531,
      21531,
      11531
    ],
    [
      1532,
      21532,
      11532
    ],
    [
      1533,
      21533,
      11533
    ],
    [
      1534,
      21534,
      11534
    ],
    [
      1535,
      21535,
      11535
    ],
    [
      1536,
      21536,
      11536
    ],
    [
      1537,
      21537,
      11537
    ],
    [
      1538,
      21538,
      11538
    ],
    [
      1539,
      21539,
      11539
    ],
    [
      1540,
      21540,
      11540
    ],
    [
      1541,
      21541,
      11541
    ],
    [
      1542,
      21542,
      11542
    ],
    [
      1543,
      21543,
      11543
    ],
    [
      1544,
      21544,
      11544
    ],
    [
      1545,
      21545,
      11545
    ],
    [
      1546,
      21546,
      11546
    ],
    [
      1547,
      21547,
      11547
    ],
    [
      1548,
      21548,
      11548
    ],
    [
      1549,
      21549,
      11549
    ],
    [
      1550,
      21550,
      11550
    ],
    [
      1551,
      21551,
      11551
    ],
    [
      1552,
      21552,
      11552
    ],
    [
      1553,
      21553,
      11553
    ],
    [
      1554,
      21554,
      11554
    ],
    [
      1555,
      21555,
      11555
    ],
    [
      1556,
      21556,
      11556
    ],
    [
      1557,
      21557,
      11557
    ],
    [
      1558,
      21558,
      11558
    ],
    [
      1559,
      21559,
      11559
    ],
    [
      1560,
      21560,
      11560
    ],
    [
      1561,
      21561,
      11561
    ],
    [
      1562,
      21562,
      11562
    ],
    [
      1563,
      21563,
      11563
    ],
    [
      1564,
      21564,
      11564
    ],
    [
      1565,
      21565,
      11565
    ],
    [
      1566,
      21566,
      11566
    ],
    [
      1567,
      21567,
      11567
    ],
    [
      1568,
      21568,
      11568
    ],
    [
      1569,
      21569,
      11569
    ],
    [
      1570,
      21570,
      11570
    ],
    [
      1571,
      21571,
      11571
    ],
    [
      1572,
      21572,
      11572
    ],
    [
      1573,
      21573,
      11573
    ],
    [
      1574,
      21574,
      11574
    ],
    [
      1575,
      21575,
      11575
    ],
    [
      1576,
      21576,
      11576
    ],
    [
      1577,
      21577,
      11577
    ],
    [
      1578,
      21578,
      11578
    ],
    [
      1579,
      21579,
      11579
    ],
    [
      1580,
      21580,
      11580
    ],
    [
      1581,
      21581,
      11581
    ],
    [
      1582,
      21582,
      11582
    ],
    [
      1583,
      21583,
      11583
    ],
    [
      1584,
      21584,
      11584
    ],
    [
      1585,
      21585,
      11585
    ],
    [
      1586,
      21586,
      11586
    ],
    [
      1587,
      21587,
      11587
    ],
    [
      1588,
      21588,
      11588
    ],
    [
      1589,
      21589,
      11589
    ],
    [
      1590,
      21590,
      11590
    ],
    [
      1591,
      21591,
      11591
    ],
    [
      1592,
      21592,
      11592
    ],
    [
      1593,
      21593,
      11593
    ],
    [
      1594,
      21594,
      11594
    ],
    [
      1595,
      21595,
      11595
    ],
    [
      1596,
      21596,
      11596
    ],
    [
      1597,
      21597,
      11597
    ],
    [
      1598,
      21598,
      11598
    ],
    [
      1599,
      21599,
      11599
    ],
    [
      1600,
      21600,
      11600
    ],
    [
      1601,
      21601,
      11601
    ],
    [
      1602,
      21602,
      11602
    ],
    [
      1603,
      21603,
      11603
    ],
    [
      1604,
      21604,
      11604
    ],
    [
      1605,
      21605,
      11605
    ],
    [
      1606,
      21606,
      11606
    ],
    [
      1607,
      21607,
      11607
    ],
    [
      1608,
      21608,
      11608
    ],
    [
      1609,
      21609,
      11609
    ],
    [
      1610,
      21610,
      11610
    ],
    [
      1611,
      21611,
      11611
    ],
    [
      1612,
      21612,
      11612
    ],
    [
      1613,
      21613,
      11613
    ],
    [
      1614,
      21614,
      11614
    ],
    [
      1615,
      21615,
      11615
    ],
    [
      1616,
      21616,
      11616
    ],
    [
      1617,
      21617,
      11617
    ],
    [
      1618,
      21618,
      11618
    ],
    [
      1619,
      21619,
      11619
    ],
    [
      1620,
      21620,
      11620
    ],
    [
      1621,
      21621,
      11621
    ],
    [
      1622,
      21622,
      11622
    ],
    [
      1623,
      21623,
      11623
    ],
    [
      1624,
      21624,
      11624
    ],
    [
      1625,
      21625,
      11625
    ],
    [
      1626,
      21626,
      11626
    ],
    [
      1627,
      21627,
      11627
    ],
    [
      1628,
      21628,
      11628
    ],
    [
      1629,
      21629,
      11629
    ],
    [
      1630,
      21630,
      11630
    ],
    [
      1631,
      21631,
      11631
    ],
    [
      1632,
      21632,
      11632
    ],
    [
      1633,
      21633,
      11633
    ],
    [
      1634,
      21634,
      11634
    ],
    [
      1635,
      21635,
      11635
    ],
    [
      1636,
      21636,
      11636
    ],
    [
      1637,
      21637,
      11637
    ],
    [
      1638,
      21638,
      11638
    ],
    [
      1639,
      21639,
      11639
    ],
    [
      1640,
      21640,
      11640
    ],
    [
      1641,
      21641,
      11641
    ],
    [
      1642,
      21642,
      11642
    ],
    [
      1643,
      21643,
      11643
    ],
    [
      1644,
      21644,
      11644
    ],
    [
      1645,
      21645,
      11645
    ],
    [
      1646,
      21646,
      11646
    ],
    [
      1647,
      21647,
      11647
    ],
    [
      1648,
      21648,
      11648
    ],
    [
      1649,
      21649,
      11649
    ],
    [
      1650,
      21650,
      11650
    ],
    [
      1651,
      21651,
      11651
    ],
    [
      1652,
      21652,
      11652
    ],
    [
      1653,
      21653,
      11653
    ],
    [
      1654,
      21654,
      11654
    ],
    [
      1655,
      21655,
      11655
    ],
    [
      1656,
      21656,
      11656
    ],
    [
      1657,
      21657,
      11657
    ],
    [
      1658,
      21658,
      11658
    ],
    [
      1659,
      21659,
      11659
    ],
    [
      1660,
      21660,
      11660
    ],
    [
      1661,
      21661,
      11661
    ],
    [
      1662,
      21662,
      11662
    ],
    [
      1663,
      21663,
      11663
    ],
    [
      1664,
      21664,
      11664
    ],
    [
      1665,
      21665,
      11665
    ],
    [
      1666,
      21666,
      11666
    ],
    [
      1667,
      21667,
      11667
    ],
    [
      1668,
      21668,
      11668
    ],
    [
      1669,
      21669,
      11669
    ],
    [
      1670,
      21670,
      11670
    ],
    [
      1671,
      21671,
      11671
    ],
    [
      1672,
      21672,
      11672
    ],
    [
      1673,
      21673,
      11673
    ],
    [
      1674,
      21674,
      11674
    ],
    [
      1675,
      21675,
      11675
    ],
    [
      1676,
      21676,
      11676
    ],
    [
      1677,
      21677,
      11677
    ],
    [
      1678,
      21678,
      11678
    ],
    [
      1679,
      21679,
      11679
    ],
    [
      1680,
      21680,
      11680
    ],
    [
      1681,
      21681,
      11681
    ],
    [
      1682,
      21682,
      11682
    ],
    [
      1683,
      21683,
      11683
    ],
    [
      1684,
      21684,
      11684
    ],
    [
      1685,
      21685,
      11685
    ],
    [
      1686,
      21686,
      11686
    ],
    [
      1687,
      21687,
      11687
    ],
    [
      1688,
      21688,
      11688
    ],
    [
      1689,
      21689,
      11689
    ],
    [
      1690,
      21690,
      11690
    ],
    [
      1691,
      21691,
      11691
    ],
    [
      1692,
      21692,
      11692
    ],
    [
      1693,
      21693,
      11693
    ],
    [
      1694,
      21694,
      11694
    ],
    [
      1695,
      21695,
      11695
    ],
    [
      1696,
      21696,
      11696
    ],
    [
      1697,
      21697,
      11697
    ],
    [
      1698,
      21698,
      11698
    ],
    [
      1699,
      21699,
      11699
    ],
    [
      1700,
      21700,
      11700
    ],
    [
      1701,
      21701,
      11701
    ],
    [
      1702,
      21702,
      11702
    ],
    [
      1703,
      21703,
      11703
    ],
    [
      1704,
      21704,
      11704
    ],
    [
      1705,
      21705,
      11705
    ],
    [
      1706,
      21706,
      11706
    ],
    [
      1707,
      21707,
      11707
    ],
    [
      1708,
      21708,
      11708
    ],
    [
      1709,
      21709,
      11709
    ],
    [
      1710,
      21710,
      11710
    ],
    [
      1711,
      21711,
      11711
    ],
    [
      1712,
      21712,
      11712
    ],
    [
      1713,
      21713,
      11713
    ],
    [
      1714,
      21714,
      11714
    ],
    [
      1715,
      21715,
      11715
    ],
    [
      1716,
      21716,
      11716
    ],
    [
      1717,
      21717,
      11717
    ],
    [
      1718,
      21718,
      11718
    ],
    [
      1719,
      21719,
      11719
    ],
    [
      1720,
      21720,
      11720
    ],
    [
      1721,
      21721,
      11721
    ],
    [
      1722,
      21722,
      11722
    ],
    [
      1723,
      21723,
      11723
    ],
    [
      1724,
      21724,
      11724
    ],
    [
      1725,
      21725,
      11725
    ],
    [
      1726,
      21726,
      11726
    ],
    [
      1727,
      21727,
      11727
    ],
    [
      1728,
      21728,
      11728
    ],
    [
      1729,
      21729,
      11729
    ],
    [
      1730,
      21730,
      11730
    ],
    [
      1731,
      21731,
      11731
    ],
    [
      1732,
      21732,
      11732
    ],
    [
      1733,
      21733,
      11733
    ],
    [
      1734,
      21734,
      11734
    ],
    [
      1735,
      21735,
      11735
    ],
    [
      1736,
      21736,
      11736
    ],
    [
      1737,
      21737,
      11737
    ],
    [
      1738,
      21738,
      11738
    ],
    [
      1739,
      21739,
      11739
    ],
    [
      1740,
      21740,
      11740
    ],
    [
      1741,
      21741,
      11741
    ],
    [
      1742,
      21742,
      11742
    ],
    [
      1743,
      21743,
      11743
    ],
    [
      1744,
      21744,
      11744
    ],
    [
      1745,
      21745,
      11745
    ],
    [
      1746,
      21746,
      11746
    ],
    [
      1747,
      21747,
      11747
    ],
    [
      1748,
      21748,
      11748
    ],
    [
      1749,
      21749,
      11749
    ],
    [
      1750,
      21750,
      11750
    ],
    [
      1751,
      21751,
      11751
    ],
    [
      1752,
      21752,
      11752
    ],
    [
      1753,
      21753,
      11753
    ],
    [
      1754,
      21754,
      11754
    ],
    [
      1755,
      21755,
      11755
    ],
    [
      1756,
      21756,
      11756
    ],
    [
      1757,
      21757,
      11757
    ],
    [
      1758,
      21758,
      11758
    ],
    [
      1759,
      21759,
      11759
    ],
    [
      1760,
      21760,
      11760
    ],
    [
      1761,
      21761,
      11761
    ],
    [
      1762,
      21762,
      11762
    ],
    [
      1763,
      21763,
      11763
    ],
    [
      1764,
      21764,
      11764
    ],
    [
      1765,
      21765,
      11765
    ],
    [
      1766,
      21766,
      11766
    ],
    [
      1767,
      21767,
      11767
    ],
    [
      1768,
      21768,
      11768
    ],
    [
      1769,
      21769,
      11769
    ],
    [
      1770,
      21770,
      11770
    ],
    [
      1771,
      21771,
      11771
    ],
    [
      1772,
      21772,
      11772
    ],
    [
      1773,
      21773,
      11773
    ],
    [
      1774,
      21774,
      11774
    ],
    [
      1775,
      21775,
      11775
    ],
    [
      1776,
      21776,
      11776
    ],
    [
      1777,
      21777,
      11777
    ],
    [
      1778,
      21778,
      11778
    ],
    [
      1779,
      21779,
      11779
    ],
    [
      1780,
      21780,
      11780
    ],
    [
      1781,
      21781,
      11781
    ],
    [
      1782,
      21782,
      11782
    ],
    [
      1783,
      21783,
      11783
    ],
    [
      1784,
      21784,
      11784
    ],
    [
      1785,
      21785,
      11785
    ],
    [
      1786,
      21786,
      11786
    ],
    [
      1787,
      21787,
      11787
    ],
    [
      1788,
      21788,
      11788
    ],
    [
      1789,
      21789,
      11789
    ],
    [
      1790,
      21790,
      11790
    ],
    [
      1791,
      21791,
      11791
    ],
    [
      1792,
      21792,
      11792
    ],
    [
      1793,
      21793,
      11793
    ],
    [
      1794,
      21794,
      11794
    ],
    [
      1795,
      21795,
      11795
    ],
    [
      1796,
      21796,
      11796
    ],
    [
      1797,
      21797,
      11797
    ],
    [
      1798,
      21798,
      11798
    ],
    [
      1799,
      21799,
      11799
    ],
    [
      1800,
      21800,
      11800
    ],
    [
      1801,
      21801,
      11801
    ],
    [
      1802,
      21802,
      11802
    ],
    [
      1803,
      21803,
      11803
    ],
    [
      1804,
      21804,
      11804
    ],
    [
      1805,
      21805,
      11805
    ],
    [
      1806,
      21806,
      11806
    ],
    [
      1807,
      21807,
      11807
    ],
    [
      1808,
      21808,
      11808
    ],
    [
      1809,
      21809,
      11809
    ],
    [
      1810,
      21810,
      11810
    ],
    [
      1811,
      21811,
      11811
    ],
    [
      1812,
      21812,
      11812
    ],
    [
      1813,
      21813,
      11813
    ],
    [
      1814,
      21814,
      11814
    ],
    [
      1815,
      21815,
      11815
    ],
    [
      1816,
      21816,
      11816
    ],
    [
      1817,
      21817,
      11817
    ],
    [
      1818,
      21818,
      11818
    ],
    [
      1819,
      21819,
      11819
    ],
    [
      1820,
      21820,
      11820
    ],
    [
      1821,
      21821,
      11821
    ],
    [
      1822,
      21822,
      11822
    ],
    [
      1823,
      21823,
      11823
    ],
    [
      1824,
      21824,
      11824
    ],
    [
      1825,
      21825,
      11825
    ],
    [
      1826,
      21826,
      11826
    ],
    [
      1827,
      21827,
      11827
    ],
    [
      1828,
      21828,
      11828
    ],
    [
      1829,
      21829,
      11829
    ],
    [
      1830,
      21830,
      11830
    ],
    [
      1831,
      21831,
      11831
    ],
    [
      1832,
      21832,
      11832
    ],
    [
      1833,
      21833,
      11833
    ],
    [
      1834,
      21834,
      11834
    ],
    [
      1835,
      21835,
      11835
    ],
    [
      1836,
      21836,
      11836
    ],
    [
      1837,
      21837,
      11837
    ],
    [
      1838,
      21838,
      11838
    ],
    [
      1839,
      21839,
      11839
    ],
    [
      1840,
      21840,
      11840
    ],
    [
      1841,
      21841,
      11841
    ],
    [
      1842,
      21842,
      11842
    ],
    [
      1843,
      21843,
      11843
    ],
    [
      1844,
      21844,
      11844
    ],
    [
      1845,
      21845,
      11845
    ],
    [
      1846,
      21846,
      11846
    ],
    [
      1847,
      21847,
      11847
    ],
    [
      1848,
      21848,
      11848
    ],
    [
      1849,
      21849,
      11849
    ],
    [
      1850,
      21850,
      11850
    ],
    [
      1851,
      21851,
      11851
    ],
    [
      1852,
      21852,
      11852
    ],
    [
      1853,
      21853,
      11853
    ],
    [
      1854,
      21854,
      11854
    ],
    [
      1855,
      21855,
      11855
    ],
    [
      1856,
      21856,
      11856
    ],
    [
      1857,
      21857,
      11857
    ],
    [
      1858,
      21858,
      11858
    ],
    [
      1859,
      21859,
      11859
    ],
    [
      1860,
      21860,
      11860
    ],
    [
      1861,
      21861,
      11861
    ],
    [
      1862,
      21862,
      11862
    ],
    [
      1863,
      21863,
      11863
    ],
    [
      1864,
      21864,
      11864
    ],
    [
      1865,
      21865,
      11865
    ],
    [
      1866,
      21866,
      11866
    ],
    [
      1867,
      21867,
      11867
    ],
    [
      1868,
      21868,
      11868
    ],
    [
      1869,
      21869,
      11869
    ],
    [
      1870,
      21870,
      11870
    ],
    [
      1871,
      21871,
      11871
    ],
    [
      1872,
      21872,
      11872
    ],
    [
      1873,
      21873,
      11873
    ],
    [
      1874,
      21874,
      11874
    ],
    [
      1875,
      21875,
      11875
    ],
    [
      1876,
      21876,
      11876
    ],
    [
      1877,
      21877,
      11877
    ],
    [
      1878,
      21878,
      11878
    ],
    [
      1879,
      21879,
      11879
    ],
    [
      1880,
      21880,
      11880
    ],
    [
      1881,
      21881,
      11881
    ],
    [
      1882,
      21882,
      11882
    ],
    [
      1883,
      21883,
      11883
    ],
    [
      1884,
      21884,
      11884
    ],
    [
      1885,
      21885,
      11885
    ],
    [
      1886,
      21886,
      11886
    ],
    [
      1887,
      21887,
      11887
    ],
    [
      1888,
      21888,
      11888
    ],
    [
      1889,
      21889,
      11889
    ],
    [
      1890,
      21890,
      11890
    ],
    [
      1891,
      21891,
      11891
    ],
    [
      1892,
      21892,
      11892
    ],
    [
      1893,
      21893,
      11893
    ],
    [
      1894,
      21894,
      11894
    ],
    [
      1895,
      21895,
      11895
    ],
    [
      1896,
      21896,
      11896
    ],
    [
      1897,
      21897,
      11897
    ],
    [
      1898,
      21898,
      11898
    ],
    [
      1899,
      21899,
      11899
    ],
    [
      1900,
      21900,
      11900
    ],
    [
      1901,
      21901,
      11901
    ],
    [
      1902,
      21902,
      11902
    ],
    [
      1903,
      21903,
      11903
    ],
    [
      1904,
      21904,
      11904
    ],
    [
      1905,
      21905,
      11905
    ],
    [
      1906,
      21906,
      11906
    ],
    [
      1907,
      21907,
      11907
    ],
    [
      1908,
      21908,
      11908
    ],
    [
      1909,
      21909,
      11909
    ],
    [
      1910,
      21910,
      11910
    ],
    [
      1911,
      21911,
      11911
    ],
    [
      1912,
      21912,
      11912
    ],
    [
      1913,
      21913,
      11913
    ],
    [
      1914,
      21914,
      11914
    ],
    [
      1915,
      21915,
      11915
    ],
    [
      1916,
      21916,
      11916
    ],
    [
      1917,
      21917,
      11917
    ],
    [
      1918,
      21918,
      11918
    ],
    [
      1919,
      21919,
      11919
    ],
    [
      1920,
      21920,
      11920
    ],
    [
      1921,
      21921,
      11921
    ],
    [
      1922,
      21922,
      11922
    ],
    [
      1923,
      21923,
      11923
    ],
    [
      1924,
      21924,
      11924
    ],
    [
      1925,
      21925,
      11925
    ],
    [
      1926,
      21926,
      11926
    ],
    [
      1927,
      21927,
      11927
    ],
    [
      1928,
      21928,
      11928
    ],
    [
      1929,
      21929,
      11929
    ],
    [
      1930,
      21930,
      11930
    ],
    [
      1931,
      21931,
      11931
    ],
    [
      1932,
      21932,
      11932
    ],
    [
      1933,
      21933,
      11933
    ],
    [
      1934,
      21934,
      11934
    ],
    [
      1935,
      21935,
      11935
    ],
    [
      1936,
      21936,
      11936
    ],
    [
      1937,
      21937,
      11937
    ],
    [
      1938,
      21938,
      11938
    ],
    [
      1939,
      21939,
      11939
    ],
    [
      1940,
      21940,
      11940
    ],
    [
      1941,
      21941,
      11941
    ],
    [
      1942,
      21942,
      11942
    ],
    [
      1943,
      21943,
      11943
    ],
    [
      1944,
      21944,
      11944
    ],
    [
      1945,
      21945,
      11945
    ],
    [
      1946,
      21946,
      11946
    ],
    [
      1947,
      21947,
      11947
    ],
    [
      1948,
      21948,
      11948
    ],
    [
      1949,
      21949,
      11949
    ],
    [
      1950,
      21950,
      11950
    ],
    [
      1951,
      21951,
      11951
    ],
    [
      1952,
      21952,
      11952
    ],
    [
      1953,
      21953,
      11953
    ],
    [
      1954,
      21954,
      11954
    ],
    [
      1955,
      21955,
      11955
    ],
    [
      1956,
      21956,
      11956
    ],
    [
      1957,
      21957,
      11957
    ],
    [
      1958,
      21958,
      11958
    ],
    [
      1959,
      21959,
      11959
    ],
    [
      1960,
      21960,
      11960
    ],
    [
      1961,
      21961,
      11961
    ],
    [
      1962,
      21962,
      11962
    ],
    [
      1963,
      21963,
      11963
    ],
    [
      1964,
      21964,
      11964
    ],
    [
      1965,
      21965,
      11965
    ],
    [
      1966,
      21966,
      11966
    ],
    [
      1967,
      21967,
      11967
    ],
    [
      1968,
      21968,
      11968
    ],
    [
      1969,
      21969,
      11969
    ],
    [
      1970,
      21970,
      11970
    ],
    [
      1971,
      21971,
      11971
    ],
    [
      1972,
      21972,
      11972
    ],
    [
      1973,
      21973,
      11973
    ],
    [
      1974,
      21974,
      11974
    ],
    [
      1975,
      21975,
      11975
    ],
    [
      1976,
      21976,
      11976
    ],
    [
      1977,
      21977,
      11977
    ],
    [
      1978,
      21978,
      11978
    ],
    [
      1979,
      21979,
      11979
    ],
    [
      1980,
      21980,
      11980
    ],
    [
      1981,
      21981,
      11981
    ],
    [
      1982,
      21982,
      11982
    ],
    [
      1983,
      21983,
      11983
    ],
    [
      1984,
      21984,
      11984
    ],
    [
      1985,
      21985,
      11985
    ],
    [
      1986,
      21986,
      11986
    ],
    [
      1987,
      21987,
      11987
    ],
    [
      1988,
      21988,
      11988
    ],
    [
      1989,
      21989,
      11989
    ],
    [
      1990,
      21990,
      11990
    ],
    [
      1991,
      21991,
      11991
    ],
    [
      1992,
      21992,
      11992
    ],
    [
      1993,
      21993,
      11993
    ],
    [
      1994,
      21994,
      11994
    ],
    [
      1995,
      21995,
      11995
    ],
    [
      1996,
      21996,
      11996
    ],
    [
      1997,
      21997,
      11997
    ],
    [
      1998,
      21998,
      11998
    ],
    [
      1999,
      21999,
      11999
    ],
    [
      2000,
      22000,
      12000
    ],
    [
      2001,
      22001,
      12001
    ],
    [
      2002,
      22002,
      12002
    ],
    [
      2003,
      22003,
      12003
    ],
    [
      2004,
      22004,
      12004
    ],
    [
      2005,
      22005,
      12005
    ],
    [
      2006,
      22006,
      12006
    ],
    [
      2007,
      22007,
      12007
    ],
    [
      2008,
      22008,
      12008
    ],
    [
      2009,
      22009,
      12009
    ],
    [
      2010,
      22010,
      12010
    ],
    [
      2011,
      22011,
      12011
    ],
    [
      2012,
      22012,
      12012
    ],
    [
      2013,
      22013,
      12013
    ],
    [
      2014,
      22014,
      12014
    ],
    [
      2015,
      22015,
      12015
    ],
    [
      2016,
      22016,
      12016
    ],
    [
      2017,
      22017,
      12017
    ],
    [
      2018,
      22018,
      12018
    ],
    [
      2019,
      22019,
      12019
    ],
    [
      2020,
      22020,
      12020
    ],
    [
      2021,
      22021,
      12021
    ],
    [
      2022,
      22022,
      12022
    ],
    [
      2023,
      22023,
      12023
    ],
    [
      2024,
      22024,
      12024
    ],
    [
      2025,
      22025,
      12025
    ],
    [
      2026,
      22026,
      12026
    ],
    [
      2027,
      22027,
      12027
    ],
    [
      2028,
      22028,
      12028
    ],
    [
      2029,
      22029,
      12029
    ],
    [
      2030,
      22030,
      12030
    ],
    [
      2031,
      22031,
      12031
    ],
    [
      2032,
      22032,
      12032
    ],
    [
      2033,
      22033,
      12033
    ],
    [
      2034,
      22034,
      12034
    ],
    [
      2035,
      22035,
      12035
    ],
    [
      2036,
      22036,
      12036
    ],
    [
      2037,
      22037,
      12037
    ],
    [
      2038,
      22038,
      12038
    ],
    [
      2039,
      22039,
      12039
    ],
    [
      2040,
      22040,
      12040
    ],
    [
      2041,
      22041,
      12041
    ],
    [
      2042,
      22042,
      12042
    ],
    [
      2043,
      22043,
      12043
    ],
    [
      2044,
      22044,
      12044
    ],
    [
      2045,
      22045,
      12045
    ],
    [
      2046,
      22046,
      12046
    ],
    [
      2047,
      22047,
      12047
    ],
    [
      2048,
      22048,
      12048
    ],
    [
      2049,
      22049,
      12049
    ],
    [
      2050,
      22050,
      12050
    ],
    [
      2051,
      22051,
      12051
    ],
    [
      2052,
      22052,
      12052
    ],
    [
      2053,
      22053,
      12053
    ],
    [
      2054,
      22054,
      12054
    ],
    [
      2055,
      22055,
      12055
    ],
    [
      2056,
      22056,
      12056
    ],
    [
      2057,
      22057,
      12057
    ],
    [
      2058,
      22058,
      12058
    ],
    [
      2059,
      22059,
      12059
    ],
    [
      2060,
      22060,
      12060
    ],
    [
      2061,
      22061,
      12061
    ],
    [
      2062,
      22062,
      12062
    ],
    [
      2063,
      22063,
      12063
    ],
    [
      2064,
      22064,
      12064
    ],
    [
      2065,
      22065,
      12065
    ],
    [
      2066,
      22066,
      12066
    ],
    [
      2067,
      22067,
      12067
    ],
    [
      2068,
      22068,
      12068
    ],
    [
      2069,
      22069,
      12069
    ],
    [
      2070,
      22070,
      12070
    ],
    [
      2071,
      22071,
      12071
    ],
    [
      2072,
      22072,
      12072
    ],
    [
      2073,
      22073,
      12073
    ],
    [
      2074,
      22074,
      12074
    ],
    [
      2075,
      22075,
      12075
    ],
    [
      2076,
      22076,
      12076
    ],
    [
      2077,
      22077,
      12077
    ],
    [
      2078,
      22078,
      12078
    ],
    [
      2079,
      22079,
      12079
    ],
    [
      2080,
      22080,
      12080
    ],
    [
      2081,
      22081,
      12081
    ],
    [
      2082,
      22082,
      12082
    ],
    [
      2083,
      22083,
      12083
    ],
    [
      2084,
      22084,
      12084
    ],
    [
      2085,
      22085,
      12085
    ],
    [
      2086,
      22086,
      12086
    ],
    [
      2087,
      22087,
      12087
    ],
    [
      2088,
      22088,
      12088
    ],
    [
      2089,
      22089,
      12089
    ],
    [
      2090,
      22090,
      12090
    ],
    [
      2091,
      22091,
      12091
    ],
    [
      2092,
      22092,
      12092
    ],
    [
      2093,
      22093,
      12093
    ],
    [
      2094,
      22094,
      12094
    ],
    [
      2095,
      22095,
      12095
    ],
    [
      2096,
      22096,
      12096
    ],
    [
      2097,
      22097,
      12097
    ],
    [
      2098,
      22098,
      12098
    ],
    [
      2099,
      22099,
      12099
    ],
    [
      2100,
      22100,
      12100
    ],
    [
      2101,
      22101,
      12101
    ],
    [
      2102,
      22102,
      12102
    ],
    [
      2103,
      22103,
      12103
    ],
    [
      2104,
      22104,
      12104
    ],
    [
      2105,
      22105,
      12105
    ],
    [
      2106,
      22106,
      12106
    ],
    [
      2107,
      22107,
      12107
    ],
    [
      2108,
      22108,
      12108
    ],
    [
      2109,
      22109,
      12109
    ],
    [
      2110,
      22110,
      12110
    ],
    [
      2111,
      22111,
      12111
    ],
    [
      2112,
      22112,
      12112
    ],
    [
      2113,
      22113,
      12113
    ],
    [
      2114,
      22114,
      12114
    ],
    [
      2115,
      22115,
      12115
    ],
    [
      2116,
      22116,
      12116
    ],
    [
      2117,
      22117,
      12117
    ],
    [
      2118,
      22118,
      12118
    ],
    [
      2119,
      22119,
      12119
    ],
    [
      2120,
      22120,
      12120
    ],
    [
      2121,
      22121,
      12121
    ],
    [
      2122,
      22122,
      12122
    ],
    [
      2123,
      22123,
      12123
    ],
    [
      2124,
      22124,
      12124
    ],
    [
      2125,
      22125,
      12125
    ],
    [
      2126,
      22126,
      12126
    ],
    [
      2127,
      22127,
      12127
    ],
    [
      2128,
      22128,
      12128
    ],
    [
      2129,
      22129,
      12129
    ],
    [
      2130,
      22130,
      12130
    ],
    [
      2131,
      22131,
      12131
    ],
    [
      2132,
      22132,
      12132
    ],
    [
      2133,
      22133,
      12133
    ],
    [
      2134,
      22134,
      12134
    ],
    [
      2135,
      22135,
      12135
    ],
    [
      2136,
      22136,
      12136
    ],
    [
      2137,
      22137,
      12137
    ],
    [
      2138,
      22138,
      12138
    ],
    [
      2139,
      22139,
      12139
    ],
    [
      2140,
      22140,
      12140
    ],
    [
      2141,
      22141,
      12141
    ],
    [
      2142,
      22142,
      12142
    ],
    [
      2143,
      22143,
      12143
    ],
    [
      2144,
      22144,
      12144
    ],
    [
      2145,
      22145,
      12145
    ],
    [
      2146,
      22146,
      12146
    ],
    [
      2147,
      22147,
      12147
    ],
    [
      2148,
      22148,
      12148
    ],
    [
      2149,
      22149,
      12149
    ],
    [
      2150,
      22150,
      12150
    ],
    [
      2151,
      22151,
      12151
    ],
    [
      2152,
      22152,
      12152
    ],
    [
      2153,
      22153,
      12153
    ],
    [
      2154,
      22154,
      12154
    ],
    [
      2155,
      22155,
      12155
    ],
    [
      2156,
      22156,
      12156
    ],
    [
      2157,
      22157,
      12157
    ],
    [
      2158,
      22158,
      12158
    ],
    [
      2159,
      22159,
      12159
    ],
    [
      2160,
      22160,
      12160
    ],
    [
      2161,
      22161,
      12161
    ],
    [
      2162,
      22162,
      12162
    ],
    [
      2163,
      22163,
      12163
    ],
    [
      2164,
      22164,
      12164
    ],
    [
      2165,
      22165,
      12165
    ],
    [
      2166,
      22166,
      12166
    ],
    [
      2167,
      22167,
      12167
    ],
    [
      2168,
      22168,
      12168
    ],
    [
      2169,
      22169,
      12169
    ],
    [
      2170,
      22170,
      12170
    ],
    [
      2171,
      22171,
      12171
    ],
    [
      2172,
      22172,
      12172
    ],
    [
      2173,
      22173,
      12173
    ],
    [
      2174,
      22174,
      12174
    ],
    [
      2175,
      22175,
      12175
    ],
    [
      2176,
      22176,
      12176
    ],
    [
      2177,
      22177,
      12177
    ],
    [
      2178,
      22178,
      12178
    ],
    [
      2179,
      22179,
      12179
    ],
    [
      2180,
      22180,
      12180
    ],
    [
      2181,
      22181,
      12181
    ],
    [
      2182,
      22182,
      12182
    ],
    [
      2183,
      22183,
      12183
    ],
    [
      2184,
      22184,
      12184
    ],
    [
      2185,
      22185,
      12185
    ],
    [
      2186,
      22186,
      12186
    ],
    [
      2187,
      22187,
      12187
    ],
    [
      2188,
      22188,
      12188
    ],
    [
      2189,
      22189,
      12189
    ],
    [
      2190,
      22190,
      12190
    ],
    [
      2191,
      22191,
      12191
    ],
    [
      2192,
      22192,
      12192
    ],
    [
      2193,
      22193,
      12193
    ],
    [
      2194,
      22194,
      12194
    ],
    [
      2195,
      22195,
      12195
    ],
    [
      2196,
      22196,
      12196
    ],
    [
      2197,
      22197,
      12197
    ],
    [
      2198,
      22198,
      12198
    ],
    [
      2199,
      22199,
      12199
    ],
    [
      2200,
      22200,
      12200
    ],
    [
      2201,
      22201,
      12201
    ],
    [
      2202,
      22202,
      12202
    ],
    [
      2203,
      22203,
      12203
    ],
    [
      2204,
      22204,
      12204
    ],
    [
      2205,
      22205,
      12205
    ],
    [
      2206,
      22206,
      12206
    ],
    [
      2207,
      22207,
      12207
    ],
    [
      2208,
      22208,
      12208
    ],
    [
      2209,
      22209,
      12209
    ],
    [
      2210,
      22210,
      12210
    ],
    [
      2211,
      22211,
      12211
    ],
    [
      2212,
      22212,
      12212
    ],
    [
      2213,
      22213,
      12213
    ],
    [
      2214,
      22214,
      12214
    ],
    [
      2215,
      22215,
      12215
    ],
    [
      2216,
      22216,
      12216
    ],
    [
      2217,
      22217,
      12217
    ],
    [
      2218,
      22218,
      12218
    ],
    [
      2219,
      22219,
      12219
    ],
    [
      2220,
      22220,
      12220
    ],
    [
      2221,
      22221,
      12221
    ],
    [
      2222,
      22222,
      12222
    ],
    [
      2223,
      22223,
      12223
    ],
    [
      2224,
      22224,
      12224
    ],
    [
      2225,
      22225,
      12225
    ],
    [
      2226,
      22226,
      12226
    ],
    [
      2227,
      22227,
      12227
    ],
    [
      2228,
      22228,
      12228
    ],
    [
      2229,
      22229,
      12229
    ],
    [
      2230,
      22230,
      12230
    ],
    [
      2231,
      22231,
      12231
    ],
    [
      2232,
      22232,
      12232
    ],
    [
      2233,
      22233,
      12233
    ],
    [
      2234,
      22234,
      12234
    ],
    [
      2235,
      22235,
      12235
    ],
    [
      2236,
      22236,
      12236
    ],
    [
      2237,
      22237,
      12237
    ],
    [
      2238,
      22238,
      12238
    ],
    [
      2239,
      22239,
      12239
    ],
    [
      2240,
      22240,
      12240
    ],
    [
      2241,
      22241,
      12241
    ],
    [
      2242,
      22242,
      12242
    ],
    [
      2243,
      22243,
      12243
    ],
    [
      2244,
      22244,
      12244
    ],
    [
      2245,
      22245,
      12245
    ],
    [
      2246,
      22246,
      12246
    ],
    [
      2247,
      22247,
      12247
    ],
    [
      2248,
      22248,
      12248
    ],
    [
      2249,
      22249,
      12249
    ],
    [
      2250,
      22250,
      12250
    ],
    [
      2251,
      22251,
      12251
    ],
    [
      2252,
      22252,
      12252
    ],
    [
      2253,
      22253,
      12253
    ],
    [
      2254,
      22254,
      12254
    ],
    [
      2255,
      22255,
      12255
    ],
    [
      2256,
      22256,
      12256
    ],
    [
      2257,
      22257,
      12257
    ],
    [
      2258,
      22258,
      12258
    ],
    [
      2259,
      22259,
      12259
    ],
    [
      2260,
      22260,
      12260
    ],
    [
      2261,
      22261,
      12261
    ],
    [
      2262,
      22262,
      12262
    ],
    [
      2263,
      22263,
      12263
    ],
    [
      2264,
      22264,
      12264
    ],
    [
      2265,
      22265,
      12265
    ],
    [
      2266,
      22266,
      12266
    ],
    [
      2267,
      22267,
      12267
    ],
    [
      2268,
      22268,
      12268
    ],
    [
      2269,
      22269,
      12269
    ],
    [
      2270,
      22270,
      12270
    ],
    [
      2271,
      22271,
      12271
    ],
    [
      2272,
      22272,
      12272
    ],
    [
      2273,
      22273,
      12273
    ],
    [
      2274,
      22274,
      12274
    ],
    [
      2275,
      22275,
      12275
    ],
    [
      2276,
      22276,
      12276
    ],
    [
      2277,
      22277,
      12277
    ],
    [
      2278,
      22278,
      12278
    ],
    [
      2279,
      22279,
      12279
    ],
    [
      2280,
      22280,
      12280
    ],
    [
      2281,
      22281,
      12281
    ],
    [
      2282,
      22282,
      12282
    ],
    [
      2283,
      22283,
      12283
    ],
    [
      2284,
      22284,
      12284
    ],
    [
      2285,
      22285,
      12285
    ],
    [
      2286,
      22286,
      12286
    ],
    [
      2287,
      22287,
      12287
    ],
    [
      2288,
      22288,
      12288
    ],
    [
      2289,
      22289,
      12289
    ],
    [
      2290,
      22290,
      12290
    ],
    [
      2291,
      22291,
      12291
    ],
    [
      2292,
      22292,
      12292
    ],
    [
      2293,
      22293,
      12293
    ],
    [
      2294,
      22294,
      12294
    ],
    [
      2295,
      22295,
      12295
    ],
    [
      2296,
      22296,
      12296
    ],
    [
      2297,
      22297,
      12297
    ],
    [
      2298,
      22298,
      12298
    ],
    [
      2299,
      22299,
      12299
    ],
    [
      2300,
      22300,
      12300
    ],
    [
      2301,
      22301,
      12301
    ],
    [
      2302,
      22302,
      12302
    ],
    [
      2303,
      22303,
      12303
    ],
    [
      2304,
      22304,
      12304
    ],
    [
      2305,
      22305,
      12305
    ],
    [
      2306,
      22306,
      12306
    ],
    [
      2307,
      22307,
      12307
    ],
    [
      2308,
      22308,
      12308
    ],
    [
      2309,
      22309,
      12309
    ],
    [
      2310,
      22310,
      12310
    ],
    [
      2311,
      22311,
      12311
    ],
    [
      2312,
      22312,
      12312
    ],
    [
      2313,
      22313,
      12313
    ],
    [
      2314,
      22314,
      12314
    ],
    [
      2315,
      22315,
      12315
    ],
    [
      2316,
      22316,
      12316
    ],
    [
      2317,
      22317,
      12317
    ],
    [
      2318,
      22318,
      12318
    ],
    [
      2319,
      22319,
      12319
    ],
    [
      2320,
      22320,
      12320
    ],
    [
      2321,
      22321,
      12321
    ],
    [
      2322,
      22322,
      12322
    ],
    [
      2323,
      22323,
      12323
    ],
    [
      2324,
      22324,
      12324
    ],
    [
      2325,
      22325,
      12325
    ],
    [
      2326,
      22326,
      12326
    ],
    [
      2327,
      22327,
      12327
    ],
    [
      2328,
      22328,
      12328
    ],
    [
      2329,
      22329,
      12329
    ],
    [
      2330,
      22330,
      12330
    ],
    [
      2331,
      22331,
      12331
    ],
    [
      2332,
      22332,
      12332
    ],
    [
      2333,
      22333,
      12333
    ],
    [
      2334,
      22334,
      12334
    ],
    [
      2335,
      22335,
      12335
    ],
    [
      2336,
      22336,
      12336
    ],
    [
      2337,
      22337,
      12337
    ],
    [
      2338,
      22338,
      12338
    ],
    [
      2339,
      22339,
      12339
    ],
    [
      2340,
      22340,
      12340
    ],
    [
      2341,
      22341,
      12341
    ],
    [
      2342,
      22342,
      12342
    ],
    [
      2343,
      22343,
      12343
    ],
    [
      2344,
      22344,
      12344
    ],
    [
      2345,
      22345,
      12345
    ],
    [
      2346,
      22346,
      12346
    ],
    [
      2347,
      22347,
      12347
    ],
    [
      2348,
      22348,
      12348
    ],
    [
      2349,
      22349,
      12349
    ],
    [
      2350,
      22350,
      12350
    ],
    [
      2351,
      22351,
      12351
    ],
    [
      2352,
      22352,
      12352
    ],
    [
      2353,
      22353,
      12353
    ],
    [
      2354,
      22354,
      12354
    ],
    [
      2355,
      22355,
      12355
    ],
    [
      2356,
      22356,
      12356
    ],
    [
      2357,
      22357,
      12357
    ],
    [
      2358,
      22358,
      12358
    ],
    [
      2359,
      22359,
      12359
    ],
    [
      2360,
      22360,
      12360
    ],
    [
      2361,
      22361,
      12361
    ],
    [
      2362,
      22362,
      12362
    ],
    [
      2363,
      22363,
      12363
    ],
    [
      2364,
      22364,
      12364
    ],
    [
      2365,
      22365,
      12365
    ],
    [
      2366,
      22366,
      12366
    ],
    [
      2367,
      22367,
      12367
    ],
    [
      2368,
      22368,
      12368
    ],
    [
      2369,
      22369,
      12369
    ],
    [
      2370,
      22370,
      12370
    ],
    [
      2371,
      22371,
      12371
    ],
    [
      2372,
      22372,
      12372
    ],
    [
      2373,
      22373,
      12373
    ],
    [
      2374,
      22374,
      12374
    ],
    [
      2375,
      22375,
      12375
    ],
    [
      2376,
      22376,
      12376
    ],
    [
      2377,
      22377,
      12377
    ],
    [
      2378,
      22378,
      12378
    ],
    [
      2379,
      22379,
      12379
    ],
    [
      2380,
      22380,
      12380
    ],
    [
      2381,
      22381,
      12381
    ],
    [
      2382,
      22382,
      12382
    ],
    [
      2383,
      22383,
      12383
    ],
    [
      2384,
      22384,
      12384
    ],
    [
      2385,
      22385,
      12385
    ],
    [
      2386,
      22386,
      12386
    ],
    [
      2387,
      22387,
      12387
    ],
    [
      2388,
      22388,
      12388
    ],
    [
      2389,
      22389,
      12389
    ],
    [
      2390,
      22390,
      12390
    ],
    [
      2391,
      22391,
      12391
    ],
    [
      2392,
      22392,
      12392
    ],
    [
      2393,
      22393,
      12393
    ],
    [
      2394,
      22394,
      12394
    ],
    [
      2395,
      22395,
      12395
    ],
    [
      2396,
      22396,
      12396
    ],
    [
      2397,
      22397,
      12397
    ],
    [
      2398,
      22398,
      12398
    ],
    [
      2399,
      22399,
      12399
    ],
    [
      2400,
      22400,
      12400
    ],
    [
      2401,
      22401,
      12401
    ],
    [
      2402,
      22402,
      12402
    ],
    [
      2403,
      22403,
      12403
    ],
    [
      2404,
      22404,
      12404
    ],
    [
      2405,
      22405,
      12405
    ],
    [
      2406,
      22406,
      12406
    ],
    [
      2407,
      22407,
      12407
    ],
    [
      2408,
      22408,
      12408
    ],
    [
      2409,
      22409,
      12409
    ],
    [
      2410,
      22410,
      12410
    ],
    [
      2411,
      22411,
      12411
    ],
    [
      2412,
      22412,
      12412
    ],
    [
      2413,
      22413,
      12413
    ],
    [
      2414,
      22414,
      12414
    ],
    [
      2415,
      22415,
      12415
    ],
    [
      2416,
      22416,
      12416
    ],
    [
      2417,
      22417,
      12417
    ],
    [
      2418,
      22418,
      12418
    ],
    [
      2419,
      22419,
      12419
    ],
    [
      2420,
      22420,
      12420
    ],
    [
      2421,
      22421,
      12421
    ],
    [
      2422,
      22422,
      12422
    ],
    [
      2423,
      22423,
      12423
    ],
    [
      2424,
      22424,
      12424
    ],
    [
      2425,
      22425,
      12425
    ],
    [
      2426,
      22426,
      12426
    ],
    [
      2427,
      22427,
      12427
    ],
    [
      2428,
      22428,
      12428
    ],
    [
      2429,
      22429,
      12429
    ],
    [
      2430,
      22430,
      12430
    ],
    [
      2431,
      22431,
      12431
    ],
    [
      2432,
      22432,
      12432
    ],
    [
      2433,
      22433,
      12433
    ],
    [
      2434,
      22434,
      12434
    ],
    [
      2435,
      22435,
      12435
    ],
    [
      2436,
      22436,
      12436
    ],
    [
      2437,
      22437,
      12437
    ],
    [
      2438,
      22438,
      12438
    ],
    [
      2439,
      22439,
      12439
    ],
    [
      2440,
      22440,
      12440
    ],
    [
      2441,
      22441,
      12441
    ],
    [
      2442,
      22442,
      12442
    ],
    [
      2443,
      22443,
      12443
    ],
    [
      2444,
      22444,
      12444
    ],
    [
      2445,
      22445,
      12445
    ],
    [
      2446,
      22446,
      12446
    ],
    [
      2447,
      22447,
      12447
    ],
    [
      2448,
      22448,
      12448
    ],
    [
      2449,
      22449,
      12449
    ],
    [
      2450,
      22450,
      12450
    ],
    [
      2451,
      22451,
      12451
    ],
    [
      2452,
      22452,
      12452
    ],
    [
      2453,
      22453,
      12453
    ],
    [
      2454,
      22454,
      12454
    ],
    [
      2455,
      22455,
      12455
    ],
    [
      2456,
      22456,
      12456
    ],
    [
      2457,
      22457,
      12457
    ],
    [
      2458,
      22458,
      12458
    ],
    [
      2459,
      22459,
      12459
    ],
    [
      2460,
      22460,
      12460
    ],
    [
      2461,
      22461,
      12461
    ],
    [
      2462,
      22462,
      12462
    ],
    [
      2463,
      22463,
      12463
    ],
    [
      2464,
      22464,
      12464
    ],
    [
      2465,
      22465,
      12465
    ],
    [
      2466,
      22466,
      12466
    ],
    [
      2467,
      22467,
      12467
    ],
    [
      2468,
      22468,
      12468
    ],
    [
      2469,
      22469,
      12469
    ],
    [
      2470,
      22470,
      12470
    ],
    [
      2471,
      22471,
      12471
    ],
    [
      2472,
      22472,
      12472
    ],
    [
      2473,
      22473,
      12473
    ],
    [
      2474,
      22474,
      12474
    ],
    [
      2475,
      22475,
      12475
    ],
    [
      2476,
      22476,
      12476
    ],
    [
      2477,
      22477,
      12477
    ],
    [
      2478,
      22478,
      12478
    ],
    [
      2479,
      22479,
      12479
    ],
    [
      2480,
      22480,
      12480
    ],
    [
      2481,
      22481,
      12481
    ],
    [
      2482,
      22482,
      12482
    ],
    [
      2483,
      22483,
      12483
    ],
    [
      2484,
      22484,
      12484
    ],
    [
      2485,
      22485,
      12485
    ],
    [
      2486,
      22486,
      12486
    ],
    [
      2487,
      22487,
      12487
    ],
    [
      2488,
      22488,
      12488
    ],
    [
      2489,
      22489,
      12489
    ],
    [
      2490,
      22490,
      12490
    ],
    [
      2491,
      22491,
      12491
    ],
    [
      2492,
      22492,
      12492
    ],
    [
      2493,
      22493,
      12493
    ],
    [
      2494,
      22494,
      12494
    ],
    [
      2495,
      22495,
      12495
    ],
    [
      2496,
      22496,
      12496
    ],
    [
      2497,
      22497,
      12497
    ],
    [
      2498,
      22498,
      12498
    ],
    [
      2499,
      22499,
      12499
    ],
    [
      2500,
      22500,
      12500
    ],
    [
      2501,
      22501,
      12501
    ],
    [
      2502,
      22502,
      12502
    ],
    [
      2503,
      22503,
      12503
    ],
    [
      2504,
      22504,
      12504
    ],
    [
      2505,
      22505,
      12505
    ],
    [
      2506,
      22506,
      12506
    ],
    [
      2507,
      22507,
      12507
    ],
    [
      2508,
      22508,
      12508
    ],
    [
      2509,
      22509,
      12509
    ],
    [
      2510,
      22510,
      12510
    ],
    [
      2511,
      22511,
      12511
    ],
    [
      2512,
      22512,
      12512
    ],
    [
      2513,
      22513,
      12513
    ],
    [
      2514,
      22514,
      12514
    ],
    [
      2515,
      22515,
      12515
    ],
    [
      2516,
      22516,
      12516
    ],
    [
      2517,
      22517,
      12517
    ],
    [
      2518,
      22518,
      12518
    ],
    [
      2519,
      22519,
      12519
    ],
    [
      2520,
      22520,
      12520
    ],
    [
      2521,
      22521,
      12521
    ],
    [
      2522,
      22522,
      12522
    ],
    [
      2523,
      22523,
      12523
    ],
    [
      2524,
      22524,
      12524
    ],
    [
      2525,
      22525,
      12525
    ],
    [
      2526,
      22526,
      12526
    ],
    [
      2527,
      22527,
      12527
    ],
    [
      2528,
      22528,
      12528
    ],
    [
      2529,
      22529,
      12529
    ],
    [
      2530,
      22530,
      12530
    ],
    [
      2531,
      22531,
      12531
    ],
    [
      2532,
      22532,
      12532
    ],
    [
      2533,
      22533,
      12533
    ],
    [
      2534,
      22534,
      12534
    ],
    [
      2535,
      22535,
      12535
    ],
    [
      2536,
      22536,
      12536
    ],
    [
      2537,
      22537,
      12537
    ],
    [
      2538,
      22538,
      12538
    ],
    [
      2539,
      22539,
      12539
    ],
    [
      2540,
      22540,
      12540
    ],
    [
      2541,
      22541,
      12541
    ],
    [
      2542,
      22542,
      12542
    ],
    [
      2543,
      22543,
      12543
    ],
    [
      2544,
      22544,
      12544
    ],
    [
      2545,
      22545,
      12545
    ],
    [
      2546,
      22546,
      12546
    ],
    [
      2547,
      22547,
      12547
    ],
    [
      2548,
      22548,
      12548
    ],
    [
      2549,
      22549,
      12549
    ],
    [
      2550,
      22550,
      12550
    ],
    [
      2551,
      22551,
      12551
    ],
    [
      2552,
      22552,
      12552
    ],
    [
      2553,
      22553,
      12553
    ],
    [
      2554,
      22554,
      12554
    ],
    [
      2555,
      22555,
      12555
    ],
    [
      2556,
      22556,
      12556
    ],
    [
      2557,
      22557,
      12557
    ],
    [
      2558,
      22558,
      12558
    ],
    [
      2559,
      22559,
      12559
    ],
    [
      2560,
      22560,
      12560
    ],
    [
      2561,
      22561,
      12561
    ],
    [
      2562,
      22562,
      12562
    ],
    [
      2563,
      22563,
      12563
    ],
    [
      2564,
      22564,
      12564
    ],
    [
      2565,
      22565,
      12565
    ],
    [
      2566,
      22566,
      12566
    ],
    [
      2567,
      22567,
      12567
    ],
    [
      2568,
      22568,
      12568
    ],
    [
      2569,
      22569,
      12569
    ],
    [
      2570,
      22570,
      12570
    ],
    [
      2571,
      22571,
      12571
    ],
    [
      2572,
      22572,
      12572
    ],
    [
      2573,
      22573,
      12573
    ],
    [
      2574,
      22574,
      12574
    ],
    [
      2575,
      22575,
      12575
    ],
    [
      2576,
      22576,
      12576
    ],
    [
      2577,
      22577,
      12577
    ],
    [
      2578,
      22578,
      12578
    ],
    [
      2579,
      22579,
      12579
    ],
    [
      2580,
      22580,
      12580
    ],
    [
      2581,
      22581,
      12581
    ],
    [
      2582,
      22582,
      12582
    ],
    [
      2583,
      22583,
      12583
    ],
    [
      2584,
      22584,
      12584
    ],
    [
      2585,
      22585,
      12585
    ],
    [
      2586,
      22586,
      12586
    ],
    [
      2587,
      22587,
      12587
    ],
    [
      2588,
      22588,
      12588
    ],
    [
      2589,
      22589,
      12589
    ],
    [
      2590,
      22590,
      12590
    ],
    [
      2591,
      22591,
      12591
    ],
    [
      2592,
      22592,
      12592
    ],
    [
      2593,
      22593,
      12593
    ],
    [
      2594,
      22594,
      12594
    ],
    [
      2595,
      22595,
      12595
    ],
    [
      2596,
      22596,
      12596
    ],
    [
      2597,
      22597,
      12597
    ],
    [
      2598,
      22598,
      12598
    ],
    [
      2599,
      22599,
      12599
    ],
    [
      2600,
      22600,
      12600
    ],
    [
      2601,
      22601,
      12601
    ],
    [
      2602,
      22602,
      12602
    ],
    [
      2603,
      22603,
      12603
    ],
    [
      2604,
      22604,
      12604
    ],
    [
      2605,
      22605,
      12605
    ],
    [
      2606,
      22606,
      12606
    ],
    [
      2607,
      22607,
      12607
    ],
    [
      2608,
      22608,
      12608
    ],
    [
      2609,
      22609,
      12609
    ],
    [
      2610,
      22610,
      12610
    ],
    [
      2611,
      22611,
      12611
    ],
    [
      2612,
      22612,
      12612
    ],
    [
      2613,
      22613,
      12613
    ],
    [
      2614,
      22614,
      12614
    ],
    [
      2615,
      22615,
      12615
    ],
    [
      2616,
      22616,
      12616
    ],
    [
      2617,
      22617,
      12617
    ],
    [
      2618,
      22618,
      12618
    ],
    [
      2619,
      22619,
      12619
    ],
    [
      2620,
      22620,
      12620
    ],
    [
      2621,
      22621,
      12621
    ],
    [
      2622,
      22622,
      12622
    ],
    [
      2623,
      22623,
      12623
    ],
    [
      2624,
      22624,
      12624
    ],
    [
      2625,
      22625,
      12625
    ],
    [
      2626,
      22626,
      12626
    ],
    [
      2627,
      22627,
      12627
    ],
    [
      2628,
      22628,
      12628
    ],
    [
      2629,
      22629,
      12629
    ],
    [
      2630,
      22630,
      12630
    ],
    [
      2631,
      22631,
      12631
    ],
    [
      2632,
      22632,
      12632
    ],
    [
      2633,
      22633,
      12633
    ],
    [
      2634,
      22634,
      12634
    ],
    [
      2635,
      22635,
      12635
    ],
    [
      2636,
      22636,
      12636
    ],
    [
      2637,
      22637,
      12637
    ],
    [
      2638,
      22638,
      12638
    ],
    [
      2639,
      22639,
      12639
    ],
    [
      2640,
      22640,
      12640
    ],
    [
      2641,
      22641,
      12641
    ],
    [
      2642,
      22642,
      12642
    ],
    [
      2643,
      22643,
      12643
    ],
    [
      2644,
      22644,
      12644
    ],
    [
      2645,
      22645,
      12645
    ],
    [
      2646,
      22646,
      12646
    ],
    [
      2647,
      22647,
      12647
    ],
    [
      2648,
      22648,
      12648
    ],
    [
      2649,
      22649,
      12649
    ],
    [
      2650,
      22650,
      12650
    ],
    [
      2651,
      22651,
      12651
    ],
    [
      2652,
      22652,
      12652
    ],
    [
      2653,
      22653,
      12653
    ],
    [
      2654,
      22654,
      12654
    ],
    [
      2655,
      22655,
      12655
    ],
    [
      2656,
      22656,
      12656
    ],
    [
      2657,
      22657,
      12657
    ],
    [
      2658,
      22658,
      12658
    ],
    [
      2659,
      22659,
      12659
    ],
    [
      2660,
      22660,
      12660
    ],
    [
      2661,
      22661,
      12661
    ],
    [
      2662,
      22662,
      12662
    ],
    [
      2663,
      22663,
      12663
    ],
    [
      2664,
      22664,
      12664
    ],
    [
      2665,
      22665,
      12665
    ],
    [
      2666,
      22666,
      12666
    ],
    [
      2667,
      22667,
      12667
    ],
    [
      2668,
      22668,
      12668
    ],
    [
      2669,
      22669,
      12669
    ],
    [
      2670,
      22670,
      12670
    ],
    [
      2671,
      22671,
      12671
    ],
    [
      2672,
      22672,
      12672
    ],
    [
      2673,
      22673,
      12673
    ],
    [
      2674,
      22674,
      12674
    ],
    [
      2675,
      22675,
      12675
    ],
    [
      2676,
      22676,
      12676
    ],
    [
      2677,
      22677,
      12677
    ],
    [
      2678,
      22678,
      12678
    ],
    [
      2679,
      22679,
      12679
    ],
    [
      2680,
      22680,
      12680
    ],
    [
      2681,
      22681,
      12681
    ],
    [
      2682,
      22682,
      12682
    ],
    [
      2683,
      22683,
      12683
    ],
    [
      2684,
      22684,
      12684
    ],
    [
      2685,
      22685,
      12685
    ],
    [
      2686,
      22686,
      12686
    ],
    [
      2687,
      22687,
      12687
    ],
    [
      2688,
      22688,
      12688
    ],
    [
      2689,
      22689,
      12689
    ],
    [
      2690,
      22690,
      12690
    ],
    [
      2691,
      22691,
      12691
    ],
    [
      2692,
      22692,
      12692
    ],
    [
      2693,
      22693,
      12693
    ],
    [
      2694,
      22694,
      12694
    ],
    [
      2695,
      22695,
      12695
    ],
    [
      2696,
      22696,
      12696
    ],
    [
      2697,
      22697,
      12697
    ],
    [
      2698,
      22698,
      12698
    ],
    [
      2699,
      22699,
      12699
    ],
    [
      2700,
      22700,
      12700
    ],
    [
      2701,
      22701,
      12701
    ],
    [
      2702,
      22702,
      12702
    ],
    [
      2703,
      22703,
      12703
    ],
    [
      2704,
      22704,
      12704
    ],
    [
      2705,
      22705,
      12705
    ],
    [
      2706,
      22706,
      12706
    ],
    [
      2707,
      22707,
      12707
    ],
    [
      2708,
      22708,
      12708
    ],
    [
      2709,
      22709,
      12709
    ],
    [
      2710,
      22710,
      12710
    ],
    [
      2711,
      22711,
      12711
    ],
    [
      2712,
      22712,
      12712
    ],
    [
      2713,
      22713,
      12713
    ],
    [
      2714,
      22714,
      12714
    ],
    [
      2715,
      22715,
      12715
    ],
    [
      2716,
      22716,
      12716
    ],
    [
      2717,
      22717,
      12717
    ],
    [
      2718,
      22718,
      12718
    ],
    [
      2719,
      22719,
      12719
    ],
    [
      2720,
      22720,
      12720
    ],
    [
      2721,
      22721,
      12721
    ],
    [
      2722,
      22722,
      12722
    ],
    [
      2723,
      22723,
      12723
    ],
    [
      2724,
      22724,
      12724
    ],
    [
      2725,
      22725,
      12725
    ],
    [
      2726,
      22726,
      12726
    ],
    [
      2727,
      22727,
      12727
    ],
    [
      2728,
      22728,
      12728
    ],
    [
      2729,
      22729,
      12729
    ],
    [
      2730,
      22730,
      12730
    ],
    [
      2731,
      22731,
      12731
    ],
    [
      2732,
      22732,
      12732
    ],
    [
      2733,
      22733,
      12733
    ],
    [
      2734,
      22734,
      12734
    ],
    [
      2735,
      22735,
      12735
    ],
    [
      2736,
      22736,
      12736
    ],
    [
      2737,
      22737,
      12737
    ],
    [
      2738,
      22738,
      12738
    ],
    [
      2739,
      22739,
      12739
    ],
    [
      2740,
      22740,
      12740
    ],
    [
      2741,
      22741,
      12741
    ],
    [
      2742,
      22742,
      12742
    ],
    [
      2743,
      22743,
      12743
    ],
    [
      2744,
      22744,
      12744
    ],
    [
      2745,
      22745,
      12745
    ],
    [
      2746,
      22746,
      12746
    ],
    [
      2747,
      22747,
      12747
    ],
    [
      2748,
      22748,
      12748
    ],
    [
      2749,
      22749,
      12749
    ],
    [
      2750,
      22750,
      12750
    ],
    [
      2751,
      22751,
      12751
    ],
    [
      2752,
      22752,
      12752
    ],
    [
      2753,
      22753,
      12753
    ],
    [
      2754,
      22754,
      12754
    ],
    [
      2755,
      22755,
      12755
    ],
    [
      2756,
      22756,
      12756
    ],
    [
      2757,
      22757,
      12757
    ],
    [
      2758,
      22758,
      12758
    ],
    [
      2759,
      22759,
      12759
    ],
    [
      2760,
      22760,
      12760
    ],
    [
      2761,
      22761,
      12761
    ],
    [
      2762,
      22762,
      12762
    ],
    [
      2763,
      22763,
      12763
    ],
    [
      2764,
      22764,
      12764
    ],
    [
      2765,
      22765,
      12765
    ],
    [
      2766,
      22766,
      12766
    ],
    [
      2767,
      22767,
      12767
    ],
    [
      2768,
      22768,
      12768
    ],
    [
      2769,
      22769,
      12769
    ],
    [
      2770,
      22770,
      12770
    ],
    [
      2771,
      22771,
      12771
    ],
    [
      2772,
      22772,
      12772
    ],
    [
      2773,
      22773,
      12773
    ],
    [
      2774,
      22774,
      12774
    ],
    [
      2775,
      22775,
      12775
    ],
    [
      2776,
      22776,
      12776
    ],
    [
      2777,
      22777,
      12777
    ],
    [
      2778,
      22778,
      12778
    ],
    [
      2779,
      22779,
      12779
    ],
    [
      2780,
      22780,
      12780
    ],
    [
      2781,
      22781,
      12781
    ],
    [
      2782,
      22782,
      12782
    ],
    [
      2783,
      22783,
      12783
    ],
    [
      2784,
      22784,
      12784
    ],
    [
      2785,
      22785,
      12785
    ],
    [
      2786,
      22786,
      12786
    ],
    [
      2787,
      22787,
      12787
    ],
    [
      2788,
      22788,
      12788
    ],
    [
      2789,
      22789,
      12789
    ],
    [
      2790,
      22790,
      12790
    ],
    [
      2791,
      22791,
      12791
    ],
    [
      2792,
      22792,
      12792
    ],
    [
      2793,
      22793,
      12793
    ],
    [
      2794,
      22794,
      12794
    ],
    [
      2795,
      22795,
      12795
    ],
    [
      2796,
      22796,
      12796
    ],
    [
      2797,
      22797,
      12797
    ],
    [
      2798,
      22798,
      12798
    ],
    [
      2799,
      22799,
      12799
    ],
    [
      2800,
      22800,
      12800
    ],
    [
      2801,
      22801,
      12801
    ],
    [
      2802,
      22802,
      12802
    ],
    [
      2803,
      22803,
      12803
    ],
    [
      2804,
      22804,
      12804
    ],
    [
      2805,
      22805,
      12805
    ],
    [
      2806,
      22806,
      12806
    ],
    [
      2807,
      22807,
      12807
    ],
    [
      2808,
      22808,
      12808
    ],
    [
      2809,
      22809,
      12809
    ],
    [
      2810,
      22810,
      12810
    ],
    [
      2811,
      22811,
      12811
    ],
    [
      2812,
      22812,
      12812
    ],
    [
      2813,
      22813,
      12813
    ],
    [
      2814,
      22814,
      12814
    ],
    [
      2815,
      22815,
      12815
    ],
    [
      2816,
      22816,
      12816
    ],
    [
      2817,
      22817,
      12817
    ],
    [
      2818,
      22818,
      12818
    ],
    [
      2819,
      22819,
      12819
    ],
    [
      2820,
      22820,
      12820
    ],
    [
      2821,
      22821,
      12821
    ],
    [
      2822,
      22822,
      12822
    ],
    [
      2823,
      22823,
      12823
    ],
    [
      2824,
      22824,
      12824
    ],
    [
      2825,
      22825,
      12825
    ],
    [
      2826,
      22826,
      12826
    ],
    [
      2827,
      22827,
      12827
    ],
    [
      2828,
      22828,
      12828
    ],
    [
      2829,
      22829,
      12829
    ],
    [
      2830,
      22830,
      12830
    ],
    [
      2831,
      22831,
      12831
    ],
    [
      2832,
      22832,
      12832
    ],
    [
      2833,
      22833,
      12833
    ],
    [
      2834,
      22834,
      12834
    ],
    [
      2835,
      22835,
      12835
    ],
    [
      2836,
      22836,
      12836
    ],
    [
      2837,
      22837,
      12837
    ],
    [
      2838,
      22838,
      12838
    ],
    [
      2839,
      22839,
      12839
    ],
    [
      2840,
      22840,
      12840
    ],
    [
      2841,
      22841,
      12841
    ],
    [
      2842,
      22842,
      12842
    ],
    [
      2843,
      22843,
      12843
    ],
    [
      2844,
      22844,
      12844
    ],
    [
      2845,
      22845,
      12845
    ],
    [
      2846,
      22846,
      12846
    ],
    [
      2847,
      22847,
      12847
    ],
    [
      2848,
      22848,
      12848
    ],
    [
      2849,
      22849,
      12849
    ],
    [
      2850,
      22850,
      12850
    ],
    [
      2851,
      22851,
      12851
    ],
    [
      2852,
      22852,
      12852
    ],
    [
      2853,
      22853,
      12853
    ],
    [
      2854,
      22854,
      12854
    ],
    [
      2855,
      22855,
      12855
    ],
    [
      2856,
      22856,
      12856
    ],
    [
      2857,
      22857,
      12857
    ],
    [
      2858,
      22858,
      12858
    ],
    [
      2859,
      22859,
      12859
    ],
    [
      2860,
      22860,
      12860
    ],
    [
      2861,
      22861,
      12861
    ],
    [
      2862,
      22862,
      12862
    ],
    [
      2863,
      22863,
      12863
    ],
    [
      2864,
      22864,
      12864
    ],
    [
      2865,
      22865,
      12865
    ],
    [
      2866,
      22866,
      12866
    ],
    [
      2867,
      22867,
      12867
    ],
    [
      2868,
      22868,
      12868
    ],
    [
      2869,
      22869,
      12869
    ],
    [
      2870,
      22870,
      12870
    ],
    [
      2871,
      22871,
      12871
    ],
    [
      2872,
      22872,
      12872
    ],
    [
      2873,
      22873,
      12873
    ],
    [
      2874,
      22874,
      12874
    ],
    [
      2875,
      22875,
      12875
    ],
    [
      2876,
      22876,
      12876
    ],
    [
      2877,
      22877,
      12877
    ],
    [
      2878,
      22878,
      12878
    ],
    [
      2879,
      22879,
      12879
    ],
    [
      2880,
      22880,
      12880
    ],
    [
      2881,
      22881,
      12881
    ],
    [
      2882,
      22882,
      12882
    ],
    [
      2883,
      22883,
      12883
    ],
    [
      2884,
      22884,
      12884
    ],
    [
      2885,
      22885,
      12885
    ],
    [
      2886,
      22886,
      12886
    ],
    [
      2887,
      22887,
      12887
    ],
    [
      2888,
      22888,
      12888
    ],
    [
      2889,
      22889,
      12889
    ],
    [
      2890,
      22890,
      12890
    ],
    [
      2891,
      22891,
      12891
    ],
    [
      2892,
      22892,
      12892
    ],
    [
      2893,
      22893,
      12893
    ],
    [
      2894,
      22894,
      12894
    ],
    [
      2895,
      22895,
      12895
    ],
    [
      2896,
      22896,
      12896
    ],
    [
      2897,
      22897,
      12897
    ],
    [
      2898,
      22898,
      12898
    ],
    [
      2899,
      22899,
      12899
    ],
    [
      2900,
      22900,
      12900
    ],
    [
      2901,
      22901,
      12901
    ],
    [
      2902,
      22902,
      12902
    ],
    [
      2903,
      22903,
      12903
    ],
    [
      2904,
      22904,
      12904
    ],
    [
      2905,
      22905,
      12905
    ],
    [
      2906,
      22906,
      12906
    ],
    [
      2907,
      22907,
      12907
    ],
    [
      2908,
      22908,
      12908
    ],
    [
      2909,
      22909,
      12909
    ],
    [
      2910,
      22910,
      12910
    ],
    [
      2911,
      22911,
      12911
    ],
    [
      2912,
      22912,
      12912
    ],
    [
      2913,
      22913,
      12913
    ],
    [
      2914,
      22914,
      12914
    ],
    [
      2915,
      22915,
      12915
    ],
    [
      2916,
      22916,
      12916
    ],
    [
      2917,
      22917,
      12917
    ],
    [
      2918,
      22918,
      12918
    ],
    [
      2919,
      22919,
      12919
    ],
    [
      2920,
      22920,
      12920
    ],
    [
      2921,
      22921,
      12921
    ],
    [
      2922,
      22922,
      12922
    ],
    [
      2923,
      22923,
      12923
    ],
    [
      2924,
      22924,
      12924
    ],
    [
      2925,
      22925,
      12925
    ],
    [
      2926,
      22926,
      12926
    ],
    [
      2927,
      22927,
      12927
    ],
    [
      2928,
      22928,
      12928
    ],
    [
      2929,
      22929,
      12929
    ],
    [
      2930,
      22930,
      12930
    ],
    [
      2931,
      22931,
      12931
    ],
    [
      2932,
      22932,
      12932
    ],
    [
      2933,
      22933,
      12933
    ],
    [
      2934,
      22934,
      12934
    ],
    [
      2935,
      22935,
      12935
    ],
    [
      2936,
      22936,
      12936
    ],
    [
      2937,
      22937,
      12937
    ],
    [
      2938,
      22938,
      12938
    ],
    [
      2939,
      22939,
      12939
    ],
    [
      2940,
      22940,
      12940
    ],
    [
      2941,
      22941,
      12941
    ],
    [
      2942,
      22942,
      12942
    ],
    [
      2943,
      22943,
      12943
    ],
    [
      2944,
      22944,
      12944
    ],
    [
      2945,
      22945,
      12945
    ],
    [
      2946,
      22946,
      12946
    ],
    [
      2947,
      22947,
      12947
    ],
    [
      2948,
      22948,
      12948
    ],
    [
      2949,
      22949,
      12949
    ],
    [
      2950,
      22950,
      12950
    ],
    [
      2951,
      22951,
      12951
    ],
    [
      2952,
      22952,
      12952
    ],
    [
      2953,
      22953,
      12953
    ],
    [
      2954,
      22954,
      12954
    ],
    [
      2955,
      22955,
      12955
    ],
    [
      2956,
      22956,
      12956
    ],
    [
      2957,
      22957,
      12957
    ],
    [
      2958,
      22958,
      12958
    ],
    [
      2959,
      22959,
      12959
    ],
    [
      2960,
      22960,
      12960
    ],
    [
      2961,
      22961,
      12961
    ],
    [
      2962,
      22962,
      12962
    ],
    [
      2963,
      22963,
      12963
    ],
    [
      2964,
      22964,
      12964
    ],
    [
      2965,
      22965,
      12965
    ],
    [
      2966,
      22966,
      12966
    ],
    [
      2967,
      22967,
      12967
    ],
    [
      2968,
      22968,
      12968
    ],
    [
      2969,
      22969,
      12969
    ],
    [
      2970,
      22970,
      12970
    ],
    [
      2971,
      22971,
      12971
    ],
    [
      2972,
      22972,
      12972
    ],
    [
      2973,
      22973,
      12973
    ],
    [
      2974,
      22974,
      12974
    ],
    [
      2975,
      22975,
      12975
    ],
    [
      2976,
      22976,
      12976
    ],
    [
      2977,
      22977,
      12977
    ],
    [
      2978,
      22978,
      12978
    ],
    [
      2979,
      22979,
      12979
    ],
    [
      2980,
      22980,
      12980
    ],
    [
      2981,
      22981,
      12981
    ],
    [
      2982,
      22982,
      12982
    ],
    [
      2983,
      22983,
      12983
    ],
    [
      2984,
      22984,
      12984
    ],
    [
      2985,
      22985,
      12985
    ],
    [
      2986,
      22986,
      12986
    ],
    [
      2987,
      22987,
      12987
    ],
    [
      2988,
      22988,
      12988
    ],
    [
      2989,
      22989,
      12989
    ],
    [
      2990,
      22990,
      12990
    ],
    [
      2991,
      22991,
      12991
    ],
    [
      2992,
      22992,
      12992
    ],
    [
      2993,
      22993,
      12993
    ],
    [
      2994,
      22994,
      12994
    ],
    [
      2995,
      22995,
      12995
    ],
    [
      2996,
      22996,
      12996
    ],
    [
      2997,
      22997,
      12997
    ],
    [
      2998,
      22998,
      12998
    ],
    [
      2999,
      22999,
      12999
    ],
    [
      3000,
      23000,
      13000
    ],
    [
      3001,
      23001,
      13001
    ],
    [
      3002,
      23002,
      13002
    ],
    [
      3003,
      23003,
      13003
    ],
    [
      3004,
      23004,
      13004
    ],
    [
      3005,
      23005,
      13005
    ],
    [
      3006,
      23006,
      13006
    ],
    [
      3007,
      23007,
      13007
    ],
    [
      3008,
      23008,
      13008
    ],
    [
      3009,
      23009,
      13009
    ],
    [
      3010,
      23010,
      13010
    ],
    [
      3011,
      23011,
      13011
    ],
    [
      3012,
      23012,
      13012
    ],
    [
      3013,
      23013,
      13013
    ],
    [
      3014,
      23014,
      13014
    ],
    [
      3015,
      23015,
      13015
    ],
    [
      3016,
      23016,
      13016
    ],
    [
      3017,
      23017,
      13017
    ],
    [
      3018,
      23018,
      13018
    ],
    [
      3019,
      23019,
      13019
    ],
    [
      3020,
      23020,
      13020
    ],
    [
      3021,
      23021,
      13021
    ],
    [
      3022,
      23022,
      13022
    ],
    [
      3023,
      23023,
      13023
    ],
    [
      3024,
      23024,
      13024
    ],
    [
      3025,
      23025,
      13025
    ],
    [
      3026,
      23026,
      13026
    ],
    [
      3027,
      23027,
      13027
    ],
    [
      3028,
      23028,
      13028
    ],
    [
      3029,
      23029,
      13029
    ],
    [
      3030,
      23030,
      13030
    ],
    [
      3031,
      23031,
      13031
    ],
    [
      3032,
      23032,
      13032
    ],
    [
      3033,
      23033,
      13033
    ],
    [
      3034,
      23034,
      13034
    ],
    [
      3035,
      23035,
      13035
    ],
    [
      3036,
      23036,
      13036
    ],
    [
      3037,
      23037,
      13037
    ],
    [
      3038,
      23038,
      13038
    ],
    [
      3039,
      23039,
      13039
    ],
    [
      3040,
      23040,
      13040
    ],
    [
      3041,
      23041,
      13041
    ],
    [
      3042,
      23042,
      13042
    ],
    [
      3043,
      23043,
      13043
    ],
    [
      3044,
      23044,
      13044
    ],
    [
      3045,
      23045,
      13045
    ],
    [
      3046,
      23046,
      13046
    ],
    [
      3047,
      23047,
      13047
    ],
    [
      3048,
      23048,
      13048
    ],
    [
      3049,
      23049,
      13049
    ],
    [
      3050,
      23050,
      13050
    ],
    [
      3051,
      23051,
      13051
    ],
    [
      3052,
      23052,
      13052
    ],
    [
      3053,
      23053,
      13053
    ],
    [
      3054,
      23054,
      13054
    ],
    [
      3055,
      23055,
      13055
    ],
    [
      3056,
      23056,
      13056
    ],
    [
      3057,
      23057,
      13057
    ],
    [
      3058,
      23058,
      13058
    ],
    [
      3059,
      23059,
      13059
    ],
    [
      3060,
      23060,
      13060
    ],
    [
      3061,
      23061,
      13061
    ],
    [
      3062,
      23062,
      13062
    ],
    [
      3063,
      23063,
      13063
    ],
    [
      3064,
      23064,
      13064
    ],
    [
      3065,
      23065,
      13065
    ],
    [
      3066,
      23066,
      13066
    ],
    [
      3067,
      23067,
      13067
    ],
    [
      3068,
      23068,
      13068
    ],
    [
      3069,
      23069,
      13069
    ],
    [
      3070,
      23070,
      13070
    ],
    [
      3071,
      23071,
      13071
    ],
    [
      3072,
      23072,
      13072
    ],
    [
      3073,
      23073,
      13073
    ],
    [
      3074,
      23074,
      13074
    ],
    [
      3075,
      23075,
      13075
    ],
    [
      3076,
      23076,
      13076
    ],
    [
      3077,
      23077,
      13077
    ],
    [
      3078,
      23078,
      13078
    ],
    [
      3079,
      23079,
      13079
    ],
    [
      3080,
      23080,
      13080
    ],
    [
      3081,
      23081,
      13081
    ],
    [
      3082,
      23082,
      13082
    ],
    [
      3083,
      23083,
      13083
    ],
    [
      3084,
      23084,
      13084
    ],
    [
      3085,
      23085,
      13085
    ],
    [
      3086,
      23086,
      13086
    ],
    [
      3087,
      23087,
      13087
    ],
    [
      3088,
      23088,
      13088
    ],
    [
      3089,
      23089,
      13089
    ],
    [
      3090,
      23090,
      13090
    ],
    [
      3091,
      23091,
      13091
    ],
    [
      3092,
      23092,
      13092
    ],
    [
      3093,
      23093,
      13093
    ],
    [
      3094,
      23094,
      13094
    ],
    [
      3095,
      23095,
      13095
    ],
    [
      3096,
      23096,
      13096
    ],
    [
      3097,
      23097,
      13097
    ],
    [
      3098,
      23098,
      13098
    ],
    [
      3099,
      23099,
      13099
    ],
    [
      3100,
      23100,
      13100
    ],
    [
      3101,
      23101,
      13101
    ],
    [
      3102,
      23102,
      13102
    ],
    [
      3103,
      23103,
      13103
    ],
    [
      3104,
      23104,
      13104
    ],
    [
      3105,
      23105,
      13105
    ],
    [
      3106,
      23106,
      13106
    ],
    [
      3107,
      23107,
      13107
    ],
    [
      3108,
      23108,
      13108
    ],
    [
      3109,
      23109,
      13109
    ],
    [
      3110,
      23110,
      13110
    ],
    [
      3111,
      23111,
      13111
    ],
    [
      3112,
      23112,
      13112
    ],
    [
      3113,
      23113,
      13113
    ],
    [
      3114,
      23114,
      13114
    ],
    [
      3115,
      23115,
      13115
    ],
    [
      3116,
      23116,
      13116
    ],
    [
      3117,
      23117,
      13117
    ],
    [
      3118,
      23118,
      13118
    ],
    [
      3119,
      23119,
      13119
    ],
    [
      3120,
      23120,
      13120
    ],
    [
      3121,
      23121,
      13121
    ],
    [
      3122,
      23122,
      13122
    ],
    [
      3123,
      23123,
      13123
    ],
    [
      3124,
      23124,
      13124
    ],
    [
      3125,
      23125,
      13125
    ],
    [
      3126,
      23126,
      13126
    ],
    [
      3127,
      23127,
      13127
    ],
    [
      3128,
      23128,
      13128
    ],
    [
      3129,
      23129,
      13129
    ],
    [
      3130,
      23130,
      13130
    ],
    [
      3131,
      23131,
      13131
    ],
    [
      3132,
      23132,
      13132
    ],
    [
      3133,
      23133,
      13133
    ],
    [
      3134,
      23134,
      13134
    ],
    [
      3135,
      23135,
      13135
    ],
    [
      3136,
      23136,
      13136
    ],
    [
      3137,
      23137,
      13137
    ],
    [
      3138,
      23138,
      13138
    ],
    [
      3139,
      23139,
      13139
    ],
    [
      3140,
      23140,
      13140
    ],
    [
      3141,
      23141,
      13141
    ],
    [
      3142,
      23142,
      13142
    ],
    [
      3143,
      23143,
      13143
    ],
    [
      3144,
      23144,
      13144
    ],
    [
      3145,
      23145,
      13145
    ],
    [
      3146,
      23146,
      13146
    ],
    [
      3147,
      23147,
      13147
    ],
    [
      3148,
      23148,
      13148
    ],
    [
      3149,
      23149,
      13149
    ],
    [
      3150,
      23150,
      13150
    ],
    [
      3151,
      23151,
      13151
    ],
    [
      3152,
      23152,
      13152
    ],
    [
      3153,
      23153,
      13153
    ],
    [
      3154,
      23154,
      13154
    ],
    [
      3155,
      23155,
      13155
    ],
    [
      3156,
      23156,
      13156
    ],
    [
      3157,
      23157,
      13157
    ],
    [
      3158,
      23158,
      13158
    ],
    [
      3159,
      23159,
      13159
    ],
    [
      3160,
      23160,
      13160
    ],
    [
      3161,
      23161,
      13161
    ],
    [
      3162,
      23162,
      13162
    ],
    [
      3163,
      23163,
      13163
    ],
    [
      3164,
      23164,
      13164
    ],
    [
      3165,
      23165,
      13165
    ],
    [
      3166,
      23166,
      13166
    ],
    [
      3167,
      23167,
      13167
    ],
    [
      3168,
      23168,
      13168
    ],
    [
      3169,
      23169,
      13169
    ],
    [
      3170,
      23170,
      13170
    ],
    [
      3171,
      23171,
      13171
    ],
    [
      3172,
      23172,
      13172
    ],
    [
      3173,
      23173,
      13173
    ],
    [
      3174,
      23174,
      13174
    ],
    [
      3175,
      23175,
      13175
    ],
    [
      3176,
      23176,
      13176
    ],
    [
      3177,
      23177,
      13177
    ],
    [
      3178,
      23178,
      13178
    ],
    [
      3179,
      23179,
      13179
    ],
    [
      3180,
      23180,
      13180
    ],
    [
      3181,
      23181,
      13181
    ],
    [
      3182,
      23182,
      13182
    ],
    [
      3183,
      23183,
      13183
    ],
    [
      3184,
      23184,
      13184
    ],
    [
      3185,
      23185,
      13185
    ],
    [
      3186,
      23186,
      13186
    ],
    [
      3187,
      23187,
      13187
    ],
    [
      3188,
      23188,
      13188
    ],
    [
      3189,
      23189,
      13189
    ],
    [
      3190,
      23190,
      13190
    ],
    [
      3191,
      23191,
      13191
    ],
    [
      3192,
      23192,
      13192
    ],
    [
      3193,
      23193,
      13193
    ],
    [
      3194,
      23194,
      13194
    ],
    [
      3195,
      23195,
      13195
    ],
    [
      3196,
      23196,
      13196
    ],
    [
      3197,
      23197,
      13197
    ],
    [
      3198,
      23198,
      13198
    ],
    [
      3199,
      23199,
      13199
    ],
    [
      3200,
      23200,
      13200
    ],
    [
      3201,
      23201,
      13201
    ],
    [
      3202,
      23202,
      13202
    ],
    [
      3203,
      23203,
      13203
    ],
    [
      3204,
      23204,
      13204
    ],
    [
      3205,
      23205,
      13205
    ],
    [
      3206,
      23206,
      13206
    ],
    [
      3207,
      23207,
      13207
    ],
    [
      3208,
      23208,
      13208
    ],
    [
      3209,
      23209,
      13209
    ],
    [
      3210,
      23210,
      13210
    ],
    [
      3211,
      23211,
      13211
    ],
    [
      3212,
      23212,
      13212
    ],
    [
      3213,
      23213,
      13213
    ],
    [
      3214,
      23214,
      13214
    ],
    [
      3215,
      23215,
      13215
    ],
    [
      3216,
      23216,
      13216
    ],
    [
      3217,
      23217,
      13217
    ],
    [
      3218,
      23218,
      13218
    ],
    [
      3219,
      23219,
      13219
    ],
    [
      3220,
      23220,
      13220
    ],
    [
      3221,
      23221,
      13221
    ],
    [
      3222,
      23222,
      13222
    ],
    [
      3223,
      23223,
      13223
    ],
    [
      3224,
      23224,
      13224
    ],
    [
      3225,
      23225,
      13225
    ],
    [
      3226,
      23226,
      13226
    ],
    [
      3227,
      23227,
      13227
    ],
    [
      3228,
      23228,
      13228
    ],
    [
      3229,
      23229,
      13229
    ],
    [
      3230,
      23230,
      13230
    ],
    [
      3231,
      23231,
      13231
    ],
    [
      3232,
      23232,
      13232
    ],
    [
      3233,
      23233,
      13233
    ],
    [
      3234,
      23234,
      13234
    ],
    [
      3235,
      23235,
      13235
    ],
    [
      3236,
      23236,
      13236
    ],
    [
      3237,
      23237,
      13237
    ],
    [
      3238,
      23238,
      13238
    ],
    [
      3239,
      23239,
      13239
    ],
    [
      3240,
      23240,
      13240
    ],
    [
      3241,
      23241,
      13241
    ],
    [
      3242,
      23242,
      13242
    ],
    [
      3243,
      23243,
      13243
    ],
    [
      3244,
      23244,
      13244
    ],
    [
      3245,
      23245,
      13245
    ],
    [
      3246,
      23246,
      13246
    ],
    [
      3247,
      23247,
      13247
    ],
    [
      3248,
      23248,
      13248
    ],
    [
      3249,
      23249,
      13249
    ],
    [
      3250,
      23250,
      13250
    ],
    [
      3251,
      23251,
      13251
    ],
    [
      3252,
      23252,
      13252
    ],
    [
      3253,
      23253,
      13253
    ],
    [
      3254,
      23254,
      13254
    ],
    [
      3255,
      23255,
      13255
    ],
    [
      3256,
      23256,
      13256
    ],
    [
      3257,
      23257,
      13257
    ],
    [
      3258,
      23258,
      13258
    ],
    [
      3259,
      23259,
      13259
    ],
    [
      3260,
      23260,
      13260
    ],
    [
      3261,
      23261,
      13261
    ],
    [
      3262,
      23262,
      13262
    ],
    [
      3263,
      23263,
      13263
    ],
    [
      3264,
      23264,
      13264
    ],
    [
      3265,
      23265,
      13265
    ],
    [
      3266,
      23266,
      13266
    ],
    [
      3267,
      23267,
      13267
    ],
    [
      3268,
      23268,
      13268
    ],
    [
      3269,
      23269,
      13269
    ],
    [
      3270,
      23270,
      13270
    ],
    [
      3271,
      23271,
      13271
    ],
    [
      3272,
      23272,
      13272
    ],
    [
      3273,
      23273,
      13273
    ],
    [
      3274,
      23274,
      13274
    ],
    [
      3275,
      23275,
      13275
    ],
    [
      3276,
      23276,
      13276
    ],
    [
      3277,
      23277,
      13277
    ],
    [
      3278,
      23278,
      13278
    ],
    [
      3279,
      23279,
      13279
    ],
    [
      3280,
      23280,
      13280
    ],
    [
      3281,
      23281,
      13281
    ],
    [
      3282,
      23282,
      13282
    ],
    [
      3283,
      23283,
      13283
    ],
    [
      3284,
      23284,
      13284
    ],
    [
      3285,
      23285,
      13285
    ],
    [
      3286,
      23286,
      13286
    ],
    [
      3287,
      23287,
      13287
    ],
    [
      3288,
      23288,
      13288
    ],
    [
      3289,
      23289,
      13289
    ],
    [
      3290,
      23290,
      13290
    ],
    [
      3291,
      23291,
      13291
    ],
    [
      3292,
      23292,
      13292
    ],
    [
      3293,
      23293,
      13293
    ],
    [
      3294,
      23294,
      13294
    ],
    [
      3295,
      23295,
      13295
    ],
    [
      3296,
      23296,
      13296
    ],
    [
      3297,
      23297,
      13297
    ],
    [
      3298,
      23298,
      13298
    ],
    [
      3299,
      23299,
      13299
    ],
    [
      3300,
      23300,
      13300
    ],
    [
      3301,
      23301,
      13301
    ],
    [
      3302,
      23302,
      13302
    ],
    [
      3303,
      23303,
      13303
    ],
    [
      3304,
      23304,
      13304
    ],
    [
      3305,
      23305,
      13305
    ],
    [
      3306,
      23306,
      13306
    ],
    [
      3307,
      23307,
      13307
    ],
    [
      3308,
      23308,
      13308
    ],
    [
      3309,
      23309,
      13309
    ],
    [
      3310,
      23310,
      13310
    ],
    [
      3311,
      23311,
      13311
    ],
    [
      3312,
      23312,
      13312
    ],
    [
      3313,
      23313,
      13313
    ],
    [
      3314,
      23314,
      13314
    ],
    [
      3315,
      23315,
      13315
    ],
    [
      3316,
      23316,
      13316
    ],
    [
      3317,
      23317,
      13317
    ],
    [
      3318,
      23318,
      13318
    ],
    [
      3319,
      23319,
      13319
    ],
    [
      3320,
      23320,
      13320
    ],
    [
      3321,
      23321,
      13321
    ],
    [
      3322,
      23322,
      13322
    ],
    [
      3323,
      23323,
      13323
    ],
    [
      3324,
      23324,
      13324
    ],
    [
      3325,
      23325,
      13325
    ],
    [
      3326,
      23326,
      13326
    ],
    [
      3327,
      23327,
      13327
    ],
    [
      3328,
      23328,
      13328
    ],
    [
      3329,
      23329,
      13329
    ],
    [
      3330,
      23330,
      13330
    ],
    [
      3331,
      23331,
      13331
    ],
    [
      3332,
      23332,
      13332
    ],
    [
      3333,
      23333,
      13333
    ],
    [
      3334,
      23334,
      13334
    ],
    [
      3335,
      23335,
      13335
    ],
    [
      3336,
      23336,
      13336
    ],
    [
      3337,
      23337,
      13337
    ],
    [
      3338,
      23338,
      13338
    ],
    [
      3339,
      23339,
      13339
    ],
    [
      3340,
      23340,
      13340
    ],
    [
      3341,
      23341,
      13341
    ],
    [
      3342,
      23342,
      13342
    ],
    [
      3343,
      23343,
      13343
    ],
    [
      3344,
      23344,
      13344
    ],
    [
      3345,
      23345,
      13345
    ],
    [
      3346,
      23346,
      13346
    ],
    [
      3347,
      23347,
      13347
    ],
    [
      3348,
      23348,
      13348
    ],
    [
      3349,
      23349,
      13349
    ],
    [
      3350,
      23350,
      13350
    ],
    [
      3351,
      23351,
      13351
    ],
    [
      3352,
      23352,
      13352
    ],
    [
      3353,
      23353,
      13353
    ],
    [
      3354,
      23354,
      13354
    ],
    [
      3355,
      23355,
      13355
    ],
    [
      3356,
      23356,
      13356
    ],
    [
      3357,
      23357,
      13357
    ],
    [
      3358,
      23358,
      13358
    ],
    [
      3359,
      23359,
      13359
    ],
    [
      3360,
      23360,
      13360
    ],
    [
      3361,
      23361,
      13361
    ],
    [
      3362,
      23362,
      13362
    ],
    [
      3363,
      23363,
      13363
    ],
    [
      3364,
      23364,
      13364
    ],
    [
      3365,
      23365,
      13365
    ],
    [
      3366,
      23366,
      13366
    ],
    [
      3367,
      23367,
      13367
    ],
    [
      3368,
      23368,
      13368
    ],
    [
      3369,
      23369,
      13369
    ],
    [
      3370,
      23370,
      13370
    ],
    [
      3371,
      23371,
      13371
    ],
    [
      3372,
      23372,
      13372
    ],
    [
      3373,
      23373,
      13373
    ],
    [
      3374,
      23374,
      13374
    ],
    [
      3375,
      23375,
      13375
    ],
    [
      3376,
      23376,
      13376
    ],
    [
      3377,
      23377,
      13377
    ],
    [
      3378,
      23378,
      13378
    ],
    [
      3379,
      23379,
      13379
    ],
    [
      3380,
      23380,
      13380
    ],
    [
      3381,
      23381,
      13381
    ],
    [
      3382,
      23382,
      13382
    ],
    [
      3383,
      23383,
      13383
    ],
    [
      3384,
      23384,
      13384
    ],
    [
      3385,
      23385,
      13385
    ],
    [
      3386,
      23386,
      13386
    ],
    [
      3387,
      23387,
      13387
    ],
    [
      3388,
      23388,
      13388
    ],
    [
      3389,
      23389,
      13389
    ],
    [
      3390,
      23390,
      13390
    ],
    [
      3391,
      23391,
      13391
    ],
    [
      3392,
      23392,
      13392
    ],
    [
      3393,
      23393,
      13393
    ],
    [
      3394,
      23394,
      13394
    ],
    [
      3395,
      23395,
      13395
    ],
    [
      3396,
      23396,
      13396
    ],
    [
      3397,
      23397,
      13397
    ],
    [
      3398,
      23398,
      13398
    ],
    [
      3399,
      23399,
      13399
    ],
    [
      3400,
      23400,
      13400
    ],
    [
      3401,
      23401,
      13401
    ],
    [
      3402,
      23402,
      13402
    ],
    [
      3403,
      23403,
      13403
    ],
    [
      3404,
      23404,
      13404
    ],
    [
      3405,
      23405,
      13405
    ],
    [
      3406,
      23406,
      13406
    ],
    [
      3407,
      23407,
      13407
    ],
    [
      3408,
      23408,
      13408
    ],
    [
      3409,
      23409,
      13409
    ],
    [
      3410,
      23410,
      13410
    ],
    [
      3411,
      23411,
      13411
    ],
    [
      3412,
      23412,
      13412
    ],
    [
      3413,
      23413,
      13413
    ],
    [
      3414,
      23414,
      13414
    ],
    [
      3415,
      23415,
      13415
    ],
    [
      3416,
      23416,
      13416
    ],
    [
      3417,
      23417,
      13417
    ],
    [
      3418,
      23418,
      13418
    ],
    [
      3419,
      23419,
      13419
    ],
    [
      3420,
      23420,
      13420
    ],
    [
      3421,
      23421,
      13421
    ],
    [
      3422,
      23422,
      13422
    ],
    [
      3423,
      23423,
      13423
    ],
    [
      3424,
      23424,
      13424
    ],
    [
      3425,
      23425,
      13425
    ],
    [
      3426,
      23426,
      13426
    ],
    [
      3427,
      23427,
      13427
    ],
    [
      3428,
      23428,
      13428
    ],
    [
      3429,
      23429,
      13429
    ],
    [
      3430,
      23430,
      13430
    ],
    [
      3431,
      23431,
      13431
    ],
    [
      3432,
      23432,
      13432
    ],
    [
      3433,
      23433,
      13433
    ],
    [
      3434,
      23434,
      13434
    ],
    [
      3435,
      23435,
      13435
    ],
    [
      3436,
      23436,
      13436
    ],
    [
      3437,
      23437,
      13437
    ],
    [
      3438,
      23438,
      13438
    ],
    [
      3439,
      23439,
      13439
    ],
    [
      3440,
      23440,
      13440
    ],
    [
      3441,
      23441,
      13441
    ],
    [
      3442,
      23442,
      13442
    ],
    [
      3443,
      23443,
      13443
    ],
    [
      3444,
      23444,
      13444
    ],
    [
      3445,
      23445,
      13445
    ],
    [
      3446,
      23446,
      13446
    ],
    [
      3447,
      23447,
      13447
    ],
    [
      3448,
      23448,
      13448
    ],
    [
      3449,
      23449,
      13449
    ],
    [
      3450,
      23450,
      13450
    ],
    [
      3451,
      23451,
      13451
    ],
    [
      3452,
      23452,
      13452
    ],
    [
      3453,
      23453,
      13453
    ],
    [
      3454,
      23454,
      13454
    ],
    [
      3455,
      23455,
      13455
    ],
    [
      3456,
      23456,
      13456
    ],
    [
      3457,
      23457,
      13457
    ],
    [
      3458,
      23458,
      13458
    ],
    [
      3459,
      23459,
      13459
    ],
    [
      3460,
      23460,
      13460
    ],
    [
      3461,
      23461,
      13461
    ],
    [
      3462,
      23462,
      13462
    ],
    [
      3463,
      23463,
      13463
    ],
    [
      3464,
      23464,
      13464
    ],
    [
      3465,
      23465,
      13465
    ],
    [
      3466,
      23466,
      13466
    ],
    [
      3467,
      23467,
      13467
    ],
    [
      3468,
      23468,
      13468
    ],
    [
      3469,
      23469,
      13469
    ],
    [
      3470,
      23470,
      13470
    ],
    [
      3471,
      23471,
      13471
    ],
    [
      3472,
      23472,
      13472
    ],
    [
      3473,
      23473,
      13473
    ],
    [
      3474,
      23474,
      13474
    ],
    [
      3475,
      23475,
      13475
    ],
    [
      3476,
      23476,
      13476
    ],
    [
      3477,
      23477,
      13477
    ],
    [
      3478,
      23478,
      13478
    ],
    [
      3479,
      23479,
      13479
    ],
    [
      3480,
      23480,
      13480
    ],
    [
      3481,
      23481,
      13481
    ],
    [
      3482,
      23482,
      13482
    ],
    [
      3483,
      23483,
      13483
    ],
    [
      3484,
      23484,
      13484
    ],
    [
      3485,
      23485,
      13485
    ],
    [
      3486,
      23486,
      13486
    ],
    [
      3487,
      23487,
      13487
    ],
    [
      3488,
      23488,
      13488
    ],
    [
      3489,
      23489,
      13489
    ],
    [
      3490,
      23490,
      13490
    ],
    [
      3491,
      23491,
      13491
    ],
    [
      3492,
      23492,
      13492
    ],
    [
      3493,
      23493,
      13493
    ],
    [
      3494,
      23494,
      13494
    ],
    [
      3495,
      23495,
      13495
    ],
    [
      3496,
      23496,
      13496
    ],
    [
      3497,
      23497,
      13497
    ],
    [
      3498,
      23498,
      13498
    ],
    [
      3499,
      23499,
      13499
    ],
    [
      3500,
      23500,
      13500
    ],
    [
      3501,
      23501,
      13501
    ],
    [
      3502,
      23502,
      13502
    ],
    [
      3503,
      23503,
      13503
    ],
    [
      3504,
      23504,
      13504
    ],
    [
      3505,
      23505,
      13505
    ],
    [
      3506,
      23506,
      13506
    ],
    [
      3507,
      23507,
      13507
    ],
    [
      3508,
      23508,
      13508
    ],
    [
      3509,
      23509,
      13509
    ],
    [
      3510,
      23510,
      13510
    ],
    [
      3511,
      23511,
      13511
    ],
    [
      3512,
      23512,
      13512
    ],
    [
      3513,
      23513,
      13513
    ],
    [
      3514,
      23514,
      13514
    ],
    [
      3515,
      23515,
      13515
    ],
    [
      3516,
      23516,
      13516
    ],
    [
      3517,
      23517,
      13517
    ],
    [
      3518,
      23518,
      13518
    ],
    [
      3519,
      23519,
      13519
    ],
    [
      3520,
      23520,
      13520
    ],
    [
      3521,
      23521,
      13521
    ],
    [
      3522,
      23522,
      13522
    ],
    [
      3523,
      23523,
      13523
    ],
    [
      3524,
      23524,
      13524
    ],
    [
      3525,
      23525,
      13525
    ],
    [
      3526,
      23526,
      13526
    ],
    [
      3527,
      23527,
      13527
    ],
    [
      3528,
      23528,
      13528
    ],
    [
      3529,
      23529,
      13529
    ],
    [
      3530,
      23530,
      13530
    ],
    [
      3531,
      23531,
      13531
    ],
    [
      3532,
      23532,
      13532
    ],
    [
      3533,
      23533,
      13533
    ],
    [
      3534,
      23534,
      13534
    ],
    [
      3535,
      23535,
      13535
    ],
    [
      3536,
      23536,
      13536
    ],
    [
      3537,
      23537,
      13537
    ],
    [
      3538,
      23538,
      13538
    ],
    [
      3539,
      23539,
      13539
    ],
    [
      3540,
      23540,
      13540
    ],
    [
      3541,
      23541,
      13541
    ],
    [
      3542,
      23542,
      13542
    ],
    [
      3543,
      23543,
      13543
    ],
    [
      3544,
      23544,
      13544
    ],
    [
      3545,
      23545,
      13545
    ],
    [
      3546,
      23546,
      13546
    ],
    [
      3547,
      23547,
      13547
    ],
    [
      3548,
      23548,
      13548
    ],
    [
      3549,
      23549,
      13549
    ],
    [
      3550,
      23550,
      13550
    ],
    [
      3551,
      23551,
      13551
    ],
    [
      3552,
      23552,
      13552
    ],
    [
      3553,
      23553,
      13553
    ],
    [
      3554,
      23554,
      13554
    ],
    [
      3555,
      23555,
      13555
    ],
    [
      3556,
      23556,
      13556
    ],
    [
      3557,
      23557,
      13557
    ],
    [
      3558,
      23558,
      13558
    ],
    [
      3559,
      23559,
      13559
    ],
    [
      3560,
      23560,
      13560
    ],
    [
      3561,
      23561,
      13561
    ],
    [
      3562,
      23562,
      13562
    ],
    [
      3563,
      23563,
      13563
    ],
    [
      3564,
      23564,
      13564
    ],
    [
      3565,
      23565,
      13565
    ],
    [
      3566,
      23566,
      13566
    ],
    [
      3567,
      23567,
      13567
    ],
    [
      3568,
      23568,
      13568
    ],
    [
      3569,
      23569,
      13569
    ],
    [
      3570,
      23570,
      13570
    ],
    [
      3571,
      23571,
      13571
    ],
    [
      3572,
      23572,
      13572
    ],
    [
      3573,
      23573,
      13573
    ],
    [
      3574,
      23574,
      13574
    ],
    [
      3575,
      23575,
      13575
    ],
    [
      3576,
      23576,
      13576
    ],
    [
      3577,
      23577,
      13577
    ],
    [
      3578,
      23578,
      13578
    ],
    [
      3579,
      23579,
      13579
    ],
    [
      3580,
      23580,
      13580
    ],
    [
      3581,
      23581,
      13581
    ],
    [
      3582,
      23582,
      13582
    ],
    [
      3583,
      23583,
      13583
    ],
    [
      3584,
      23584,
      13584
    ],
    [
      3585,
      23585,
      13585
    ],
    [
      3586,
      23586,
      13586
    ],
    [
      3587,
      23587,
      13587
    ],
    [
      3588,
      23588,
      13588
    ],
    [
      3589,
      23589,
      13589
    ],
    [
      3590,
      23590,
      13590
    ],
    [
      3591,
      23591,
      13591
    ],
    [
      3592,
      23592,
      13592
    ],
    [
      3593,
      23593,
      13593
    ],
    [
      3594,
      23594,
      13594
    ],
    [
      3595,
      23595,
      13595
    ],
    [
      3596,
      23596,
      13596
    ],
    [
      3597,
      23597,
      13597
    ],
    [
      3598,
      23598,
      13598
    ],
    [
      3599,
      23599,
      13599
    ],
    [
      3600,
      23600,
      13600
    ],
    [
      3601,
      23601,
      13601
    ],
    [
      3602,
      23602,
      13602
    ],
    [
      3603,
      23603,
      13603
    ],
    [
      3604,
      23604,
      13604
    ],
    [
      3605,
      23605,
      13605
    ],
    [
      3606,
      23606,
      13606
    ],
    [
      3607,
      23607,
      13607
    ],
    [
      3608,
      23608,
      13608
    ],
    [
      3609,
      23609,
      13609
    ],
    [
      3610,
      23610,
      13610
    ],
    [
      3611,
      23611,
      13611
    ],
    [
      3612,
      23612,
      13612
    ],
    [
      3613,
      23613,
      13613
    ],
    [
      3614,
      23614,
      13614
    ],
    [
      3615,
      23615,
      13615
    ],
    [
      3616,
      23616,
      13616
    ],
    [
      3617,
      23617,
      13617
    ],
    [
      3618,
      23618,
      13618
    ],
    [
      3619,
      23619,
      13619
    ],
    [
      3620,
      23620,
      13620
    ],
    [
      3621,
      23621,
      13621
    ],
    [
      3622,
      23622,
      13622
    ],
    [
      3623,
      23623,
      13623
    ],
    [
      3624,
      23624,
      13624
    ],
    [
      3625,
      23625,
      13625
    ],
    [
      3626,
      23626,
      13626
    ],
    [
      3627,
      23627,
      13627
    ],
    [
      3628,
      23628,
      13628
    ],
    [
      3629,
      23629,
      13629
    ],
    [
      3630,
      23630,
      13630
    ],
    [
      3631,
      23631,
      13631
    ],
    [
      3632,
      23632,
      13632
    ],
    [
      3633,
      23633,
      13633
    ],
    [
      3634,
      23634,
      13634
    ],
    [
      3635,
      23635,
      13635
    ],
    [
      3636,
      23636,
      13636
    ],
    [
      3637,
      23637,
      13637
    ],
    [
      3638,
      23638,
      13638
    ],
    [
      3639,
      23639,
      13639
    ],
    [
      3640,
      23640,
      13640
    ],
    [
      3641,
      23641,
      13641
    ],
    [
      3642,
      23642,
      13642
    ],
    [
      3643,
      23643,
      13643
    ],
    [
      3644,
      23644,
      13644
    ],
    [
      3645,
      23645,
      13645
    ],
    [
      3646,
      23646,
      13646
    ],
    [
      3647,
      23647,
      13647
    ],
    [
      3648,
      23648,
      13648
    ],
    [
      3649,
      23649,
      13649
    ],
    [
      3650,
      23650,
      13650
    ],
    [
      3651,
      23651,
      13651
    ],
    [
      3652,
      23652,
      13652
    ],
    [
      3653,
      23653,
      13653
    ],
    [
      3654,
      23654,
      13654
    ],
    [
      3655,
      23655,
      13655
    ],
    [
      3656,
      23656,
      13656
    ],
    [
      3657,
      23657,
      13657
    ],
    [
      3658,
      23658,
      13658
    ],
    [
      3659,
      23659,
      13659
    ],
    [
      3660,
      23660,
      13660
    ],
    [
      3661,
      23661,
      13661
    ],
    [
      3662,
      23662,
      13662
    ],
    [
      3663,
      23663,
      13663
    ],
    [
      3664,
      23664,
      13664
    ],
    [
      3665,
      23665,
      13665
    ],
    [
      3666,
      23666,
      13666
    ],
    [
      3667,
      23667,
      13667
    ],
    [
      3668,
      23668,
      13668
    ],
    [
      3669,
      23669,
      13669
    ],
    [
      3670,
      23670,
      13670
    ],
    [
      3671,
      23671,
      13671
    ],
    [
      3672,
      23672,
      13672
    ],
    [
      3673,
      23673,
      13673
    ],
    [
      3674,
      23674,
      13674
    ],
    [
      3675,
      23675,
      13675
    ],
    [
      3676,
      23676,
      13676
    ],
    [
      3677,
      23677,
      13677
    ],
    [
      3678,
      23678,
      13678
    ],
    [
      3679,
      23679,
      13679
    ],
    [
      3680,
      23680,
      13680
    ],
    [
      3681,
      23681,
      13681
    ],
    [
      3682,
      23682,
      13682
    ],
    [
      3683,
      23683,
      13683
    ],
    [
      3684,
      23684,
      13684
    ],
    [
      3685,
      23685,
      13685
    ],
    [
      3686,
      23686,
      13686
    ],
    [
      3687,
      23687,
      13687
    ],
    [
      3688,
      23688,
      13688
    ],
    [
      3689,
      23689,
      13689
    ],
    [
      3690,
      23690,
      13690
    ],
    [
      3691,
      23691,
      13691
    ],
    [
      3692,
      23692,
      13692
    ],
    [
      3693,
      23693,
      13693
    ],
    [
      3694,
      23694,
      13694
    ],
    [
      3695,
      23695,
      13695
    ],
    [
      3696,
      23696,
      13696
    ],
    [
      3697,
      23697,
      13697
    ],
    [
      3698,
      23698,
      13698
    ],
    [
      3699,
      23699,
      13699
    ],
    [
      3700,
      23700,
      13700
    ],
    [
      3701,
      23701,
      13701
    ],
    [
      3702,
      23702,
      13702
    ],
    [
      3703,
      23703,
      13703
    ],
    [
      3704,
      23704,
      13704
    ],
    [
      3705,
      23705,
      13705
    ],
    [
      3706,
      23706,
      13706
    ],
    [
      3707,
      23707,
      13707
    ],
    [
      3708,
      23708,
      13708
    ],
    [
      3709,
      23709,
      13709
    ],
    [
      3710,
      23710,
      13710
    ],
    [
      3711,
      23711,
      13711
    ],
    [
      3712,
      23712,
      13712
    ],
    [
      3713,
      23713,
      13713
    ],
    [
      3714,
      23714,
      13714
    ],
    [
      3715,
      23715,
      13715
    ],
    [
      3716,
      23716,
      13716
    ],
    [
      3717,
      23717,
      13717
    ],
    [
      3718,
      23718,
      13718
    ],
    [
      3719,
      23719,
      13719
    ],
    [
      3720,
      23720,
      13720
    ],
    [
      3721,
      23721,
      13721
    ],
    [
      3722,
      23722,
      13722
    ],
    [
      3723,
      23723,
      13723
    ],
    [
      3724,
      23724,
      13724
    ],
    [
      3725,
      23725,
      13725
    ],
    [
      3726,
      23726,
      13726
    ],
    [
      3727,
      23727,
      13727
    ],
    [
      3728,
      23728,
      13728
    ],
    [
      3729,
      23729,
      13729
    ],
    [
      3730,
      23730,
      13730
    ],
    [
      3731,
      23731,
      13731
    ],
    [
      3732,
      23732,
      13732
    ],
    [
      3733,
      23733,
      13733
    ],
    [
      3734,
      23734,
      13734
    ],
    [
      3735,
      23735,
      13735
    ],
    [
      3736,
      23736,
      13736
    ],
    [
      3737,
      23737,
      13737
    ],
    [
      3738,
      23738,
      13738
    ],
    [
      3739,
      23739,
      13739
    ],
    [
      3740,
      23740,
      13740
    ],
    [
      3741,
      23741,
      13741
    ],
    [
      3742,
      23742,
      13742
    ],
    [
      3743,
      23743,
      13743
    ],
    [
      3744,
      23744,
      13744
    ],
    [
      3745,
      23745,
      13745
    ],
    [
      3746,
      23746,
      13746
    ],
    [
      3747,
      23747,
      13747
    ],
    [
      3748,
      23748,
      13748
    ],
    [
      3749,
      23749,
      13749
    ],
    [
      3750,
      23750,
      13750
    ],
    [
      3751,
      23751,
      13751
    ],
    [
      3752,
      23752,
      13752
    ],
    [
      3753,
      23753,
      13753
    ],
    [
      3754,
      23754,
      13754
    ],
    [
      3755,
      23755,
      13755
    ],
    [
      3756,
      23756,
      13756
    ],
    [
      3757,
      23757,
      13757
    ],
    [
      3758,
      23758,
      13758
    ],
    [
      3759,
      23759,
      13759
    ],
    [
      3760,
      23760,
      13760
    ],
    [
      3761,
      23761,
      13761
    ],
    [
      3762,
      23762,
      13762
    ],
    [
      3763,
      23763,
      13763
    ],
    [
      3764,
      23764,
      13764
    ],
    [
      3765,
      23765,
      13765
    ],
    [
      3766,
      23766,
      13766
    ],
    [
      3767,
      23767,
      13767
    ],
    [
      3768,
      23768,
      13768
    ],
    [
      3769,
      23769,
      13769
    ],
    [
      3770,
      23770,
      13770
    ],
    [
      3771,
      23771,
      13771
    ],
    [
      3772,
      23772,
      13772
    ],
    [
      3773,
      23773,
      13773
    ],
    [
      3774,
      23774,
      13774
    ],
    [
      3775,
      23775,
      13775
    ],
    [
      3776,
      23776,
      13776
    ],
    [
      3777,
      23777,
      13777
    ],
    [
      3778,
      23778,
      13778
    ],
    [
      3779,
      23779,
      13779
    ],
    [
      3780,
      23780,
      13780
    ],
    [
      3781,
      23781,
      13781
    ],
    [
      3782,
      23782,
      13782
    ],
    [
      3783,
      23783,
      13783
    ],
    [
      3784,
      23784,
      13784
    ],
    [
      3785,
      23785,
      13785
    ],
    [
      3786,
      23786,
      13786
    ],
    [
      3787,
      23787,
      13787
    ],
    [
      3788,
      23788,
      13788
    ],
    [
      3789,
      23789,
      13789
    ],
    [
      3790,
      23790,
      13790
    ],
    [
      3791,
      23791,
      13791
    ],
    [
      3792,
      23792,
      13792
    ],
    [
      3793,
      23793,
      13793
    ],
    [
      3794,
      23794,
      13794
    ],
    [
      3795,
      23795,
      13795
    ],
    [
      3796,
      23796,
      13796
    ],
    [
      3797,
      23797,
      13797
    ],
    [
      3798,
      23798,
      13798
    ],
    [
      3799,
      23799,
      13799
    ],
    [
      3800,
      23800,
      13800
    ],
    [
      3801,
      23801,
      13801
    ],
    [
      3802,
      23802,
      13802
    ],
    [
      3803,
      23803,
      13803
    ],
    [
      3804,
      23804,
      13804
    ],
    [
      3805,
      23805,
      13805
    ],
    [
      3806,
      23806,
      13806
    ],
    [
      3807,
      23807,
      13807
    ],
    [
      3808,
      23808,
      13808
    ],
    [
      3809,
      23809,
      13809
    ],
    [
      3810,
      23810,
      13810
    ],
    [
      3811,
      23811,
      13811
    ],
    [
      3812,
      23812,
      13812
    ],
    [
      3813,
      23813,
      13813
    ],
    [
      3814,
      23814,
      13814
    ],
    [
      3815,
      23815,
      13815
    ],
    [
      3816,
      23816,
      13816
    ],
    [
      3817,
      23817,
      13817
    ],
    [
      3818,
      23818,
      13818
    ],
    [
      3819,
      23819,
      13819
    ],
    [
      3820,
      23820,
      13820
    ],
    [
      3821,
      23821,
      13821
    ],
    [
      3822,
      23822,
      13822
    ],
    [
      3823,
      23823,
      13823
    ],
    [
      3824,
      23824,
      13824
    ],
    [
      3825,
      23825,
      13825
    ],
    [
      3826,
      23826,
      13826
    ],
    [
      3827,
      23827,
      13827
    ],
    [
      3828,
      23828,
      13828
    ],
    [
      3829,
      23829,
      13829
    ],
    [
      3830,
      23830,
      13830
    ],
    [
      3831,
      23831,
      13831
    ],
    [
      3832,
      23832,
      13832
    ],
    [
      3833,
      23833,
      13833
    ],
    [
      3834,
      23834,
      13834
    ],
    [
      3835,
      23835,
      13835
    ],
    [
      3836,
      23836,
      13836
    ],
    [
      3837,
      23837,
      13837
    ],
    [
      3838,
      23838,
      13838
    ],
    [
      3839,
      23839,
      13839
    ],
    [
      3840,
      23840,
      13840
    ],
    [
      3841,
      23841,
      13841
    ],
    [
      3842,
      23842,
      13842
    ],
    [
      3843,
      23843,
      13843
    ],
    [
      3844,
      23844,
      13844
    ],
    [
      3845,
      23845,
      13845
    ],
    [
      3846,
      23846,
      13846
    ],
    [
      3847,
      23847,
      13847
    ],
    [
      3848,
      23848,
      13848
    ],
    [
      3849,
      23849,
      13849
    ],
    [
      3850,
      23850,
      13850
    ],
    [
      3851,
      23851,
      13851
    ],
    [
      3852,
      23852,
      13852
    ],
    [
      3853,
      23853,
      13853
    ],
    [
      3854,
      23854,
      13854
    ],
    [
      3855,
      23855,
      13855
    ],
    [
      3856,
      23856,
      13856
    ],
    [
      3857,
      23857,
      13857
    ],
    [
      3858,
      23858,
      13858
    ],
    [
      3859,
      23859,
      13859
    ],
    [
      3860,
      23860,
      13860
    ],
    [
      3861,
      23861,
      13861
    ],
    [
      3862,
      23862,
      13862
    ],
    [
      3863,
      23863,
      13863
    ],
    [
      3864,
      23864,
      13864
    ],
    [
      3865,
      23865,
      13865
    ],
    [
      3866,
      23866,
      13866
    ],
    [
      3867,
      23867,
      13867
    ],
    [
      3868,
      23868,
      13868
    ],
    [
      3869,
      23869,
      13869
    ],
    [
      3870,
      23870,
      13870
    ],
    [
      3871,
      23871,
      13871
    ],
    [
      3872,
      23872,
      13872
    ],
    [
      3873,
      23873,
      13873
    ],
    [
      3874,
      23874,
      13874
    ],
    [
      3875,
      23875,
      13875
    ],
    [
      3876,
      23876,
      13876
    ],
    [
      3877,
      23877,
      13877
    ],
    [
      3878,
      23878,
      13878
    ],
    [
      3879,
      23879,
      13879
    ],
    [
      3880,
      23880,
      13880
    ],
    [
      3881,
      23881,
      13881
    ],
    [
      3882,
      23882,
      13882
    ],
    [
      3883,
      23883,
      13883
    ],
    [
      3884,
      23884,
      13884
    ],
    [
      3885,
      23885,
      13885
    ],
    [
      3886,
      23886,
      13886
    ],
    [
      3887,
      23887,
      13887
    ],
    [
      3888,
      23888,
      13888
    ],
    [
      3889,
      23889,
      13889
    ],
    [
      3890,
      23890,
      13890
    ],
    [
      3891,
      23891,
      13891
    ],
    [
      3892,
      23892,
      13892
    ],
    [
      3893,
      23893,
      13893
    ],
    [
      3894,
      23894,
      13894
    ],
    [
      3895,
      23895,
      13895
    ],
    [
      3896,
      23896,
      13896
    ],
    [
      3897,
      23897,
      13897
    ],
    [
      3898,
      23898,
      13898
    ],
    [
      3899,
      23899,
      13899
    ],
    [
      3900,
      23900,
      13900
    ],
    [
      3901,
      23901,
      13901
    ],
    [
      3902,
      23902,
      13902
    ],
    [
      3903,
      23903,
      13903
    ],
    [
      3904,
      23904,
      13904
    ],
    [
      3905,
      23905,
      13905
    ],
    [
      3906,
      23906,
      13906
    ],
    [
      3907,
      23907,
      13907
    ],
    [
      3908,
      23908,
      13908
    ],
    [
      3909,
      23909,
      13909
    ],
    [
      3910,
      23910,
      13910
    ],
    [
      3911,
      23911,
      13911
    ],
    [
      3912,
      23912,
      13912
    ],
    [
      3913,
      23913,
      13913
    ],
    [
      3914,
      23914,
      13914
    ],
    [
      3915,
      23915,
      13915
    ],
    [
      3916,
      23916,
      13916
    ],
    [
      3917,
      23917,
      13917
    ],
    [
      3918,
      23918,
      13918
    ],
    [
      3919,
      23919,
      13919
    ],
    [
      3920,
      23920,
      13920
    ],
    [
      3921,
      23921,
      13921
    ],
    [
      3922,
      23922,
      13922
    ],
    [
      3923,
      23923,
      13923
    ],
    [
      3924,
      23924,
      13924
    ],
    [
      3925,
      23925,
      13925
    ],
    [
      3926,
      23926,
      13926
    ],
    [
      3927,
      23927,
      13927
    ],
    [
      3928,
      23928,
      13928
    ],
    [
      3929,
      23929,
      13929
    ],
    [
      3930,
      23930,
      13930
    ],
    [
      3931,
      23931,
      13931
    ],
    [
      3932,
      23932,
      13932
    ],
    [
      3933,
      23933,
      13933
    ],
    [
      3934,
      23934,
      13934
    ],
    [
      3935,
      23935,
      13935
    ],
    [
      3936,
      23936,
      13936
    ],
    [
      3937,
      23937,
      13937
    ],
    [
      3938,
      23938,
      13938
    ],
    [
      3939,
      23939,
      13939
    ],
    [
      3940,
      23940,
      13940
    ],
    [
      3941,
      23941,
      13941
    ],
    [
      3942,
      23942,
      13942
    ],
    [
      3943,
      23943,
      13943
    ],
    [
      3944,
      23944,
      13944
    ],
    [
      3945,
      23945,
      13945
    ],
    [
      3946,
      23946,
      13946
    ],
    [
      3947,
      23947,
      13947
    ],
    [
      3948,
      23948,
      13948
    ],
    [
      3949,
      23949,
      13949
    ],
    [
      3950,
      23950,
      13950
    ],
    [
      3951,
      23951,
      13951
    ],
    [
      3952,
      23952,
      13952
    ],
    [
      3953,
      23953,
      13953
    ],
    [
      3954,
      23954,
      13954
    ],
    [
      3955,
      23955,
      13955
    ],
    [
      3956,
      23956,
      13956
    ],
    [
      3957,
      23957,
      13957
    ],
    [
      3958,
      23958,
      13958
    ],
    [
      3959,
      23959,
      13959
    ],
    [
      3960,
      23960,
      13960
    ],
    [
      3961,
      23961,
      13961
    ],
    [
      3962,
      23962,
      13962
    ],
    [
      3963,
      23963,
      13963
    ],
    [
      3964,
      23964,
      13964
    ],
    [
      3965,
      23965,
      13965
    ],
    [
      3966,
      23966,
      13966
    ],
    [
      3967,
      23967,
      13967
    ],
    [
      3968,
      23968,
      13968
    ],
    [
      3969,
      23969,
      13969
    ],
    [
      3970,
      23970,
      13970
    ],
    [
      3971,
      23971,
      13971
    ],
    [
      3972,
      23972,
      13972
    ],
    [
      3973,
      23973,
      13973
    ],
    [
      3974,
      23974,
      13974
    ],
    [
      3975,
      23975,
      13975
    ],
    [
      3976,
      23976,
      13976
    ],
    [
      3977,
      23977,
      13977
    ],
    [
      3978,
      23978,
      13978
    ],
    [
      3979,
      23979,
      13979
    ],
    [
      3980,
      23980,
      13980
    ],
    [
      3981,
      23981,
      13981
    ],
    [
      3982,
      23982,
      13982
    ],
    [
      3983,
      23983,
      13983
    ],
    [
      3984,
      23984,
      13984
    ],
    [
      3985,
      23985,
      13985
    ],
    [
      3986,
      23986,
      13986
    ],
    [
      3987,
      23987,
      13987
    ],
    [
      3988,
      23988,
      13988
    ],
    [
      3989,
      23989,
      13989
    ],
    [
      3990,
      23990,
      13990
    ],
    [
      3991,
      23991,
      13991
    ],
    [
      3992,
      23992,
      13992
    ],
    [
      3993,
      23993,
      13993
    ],
    [
      3994,
      23994,
      13994
    ],
    [
      3995,
      23995,
      13995
    ],
    [
      3996,
      23996,
      13996
    ],
    [
      3997,
      23997,
      13997
    ],
    [
      3998,
      23998,
      13998
    ],
    [
      3999,
      23999,
      13999
    ],
    [
      4000,
      24000,
      14000
    ],
    [
      4001,
      24001,
      14001
    ],
    [
      4002,
      24002,
      14002
    ],
    [
      4003,
      24003,
      14003
    ],
    [
      4004,
      24004,
      14004
    ],
    [
      4005,
      24005,
      14005
    ],
    [
      4006,
      24006,
      14006
    ],
    [
      4007,
      24007,
      14007
    ],
    [
      4008,
      24008,
      14008
    ],
    [
      4009,
      24009,
      14009
    ],
    [
      4010,
      24010,
      14010
    ],
    [
      4011,
      24011,
      14011
    ],
    [
      4012,
      24012,
      14012
    ],
    [
      4013,
      24013,
      14013
    ],
    [
      4014,
      24014,
      14014
    ],
    [
      4015,
      24015,
      14015
    ],
    [
      4016,
      24016,
      14016
    ],
    [
      4017,
      24017,
      14017
    ],
    [
      4018,
      24018,
      14018
    ],
    [
      4019,
      24019,
      14019
    ],
    [
      4020,
      24020,
      14020
    ],
    [
      4021,
      24021,
      14021
    ],
    [
      4022,
      24022,
      14022
    ],
    [
      4023,
      24023,
      14023
    ],
    [
      4024,
      24024,
      14024
    ],
    [
      4025,
      24025,
      14025
    ],
    [
      4026,
      24026,
      14026
    ],
    [
      4027,
      24027,
      14027
    ],
    [
      4028,
      24028,
      14028
    ],
    [
      4029,
      24029,
      14029
    ],
    [
      4030,
      24030,
      14030
    ],
    [
      4031,
      24031,
      14031
    ],
    [
      4032,
      24032,
      14032
    ],
    [
      4033,
      24033,
      14033
    ],
    [
      4034,
      24034,
      14034
    ],
    [
      4035,
      24035,
      14035
    ],
    [
      4036,
      24036,
      14036
    ],
    [
      4037,
      24037,
      14037
    ],
    [
      4038,
      24038,
      14038
    ],
    [
      4039,
      24039,
      14039
    ],
    [
      4040,
      24040,
      14040
    ],
    [
      4041,
      24041,
      14041
    ],
    [
      4042,
      24042,
      14042
    ],
    [
      4043,
      24043,
      14043
    ],
    [
      4044,
      24044,
      14044
    ],
    [
      4045,
      24045,
      14045
    ],
    [
      4046,
      24046,
      14046
    ],
    [
      4047,
      24047,
      14047
    ],
    [
      4048,
      24048,
      14048
    ],
    [
      4049,
      24049,
      14049
    ],
    [
      4050,
      24050,
      14050
    ],
    [
      4051,
      24051,
      14051
    ],
    [
      4052,
      24052,
      14052
    ],
    [
      4053,
      24053,
      14053
    ],
    [
      4054,
      24054,
      14054
    ],
    [
      4055,
      24055,
      14055
    ],
    [
      4056,
      24056,
      14056
    ],
    [
      4057,
      24057,
      14057
    ],
    [
      4058,
      24058,
      14058
    ],
    [
      4059,
      24059,
      14059
    ],
    [
      4060,
      24060,
      14060
    ],
    [
      4061,
      24061,
      14061
    ],
    [
      4062,
      24062,
      14062
    ],
    [
      4063,
      24063,
      14063
    ],
    [
      4064,
      24064,
      14064
    ],
    [
      4065,
      24065,
      14065
    ],
    [
      4066,
      24066,
      14066
    ],
    [
      4067,
      24067,
      14067
    ],
    [
      4068,
      24068,
      14068
    ],
    [
      4069,
      24069,
      14069
    ],
    [
      4070,
      24070,
      14070
    ],
    [
      4071,
      24071,
      14071
    ],
    [
      4072,
      24072,
      14072
    ],
    [
      4073,
      24073,
      14073
    ],
    [
      4074,
      24074,
      14074
    ],
    [
      4075,
      24075,
      14075
    ],
    [
      4076,
      24076,
      14076
    ],
    [
      4077,
      24077,
      14077
    ],
    [
      4078,
      24078,
      14078
    ],
    [
      4079,
      24079,
      14079
    ],
    [
      4080,
      24080,
      14080
    ],
    [
      4081,
      24081,
      14081
    ],
    [
      4082,
      24082,
      14082
    ],
    [
      4083,
      24083,
      14083
    ],
    [
      4084,
      24084,
      14084
    ],
    [
      4085,
      24085,
      14085
    ],
    [
      4086,
      24086,
      14086
    ],
    [
      4087,
      24087,
      14087
    ],
    [
      4088,
      24088,
      14088
    ],
    [
      4089,
      24089,
      14089
    ],
    [
      4090,
      24090,
      14090
    ],
    [
      4091,
      24091,
      14091
    ],
    [
      4092,
      24092,
      14092
    ],
    [
      4093,
      24093,
      14093
    ],
    [
      4094,
      24094,
      14094
    ],
    [
      4095,
      24095,
      14095
    ],
    [
      4096,
      24096,
      14096
    ],
    [
      4097,
      24097,
      14097
    ],
    [
      4098,
      24098,
      14098
    ],
    [
      4099,
      24099,
      14099
    ],
    [
      4100,
      24100,
      14100
    ],
    [
      4101,
      24101,
      14101
    ],
    [
      4102,
      24102,
      14102
    ],
    [
      4103,
      24103,
      14103
    ],
    [
      4104,
      24104,
      14104
    ],
    [
      4105,
      24105,
      14105
    ],
    [
      4106,
      24106,
      14106
    ],
    [
      4107,
      24107,
      14107
    ],
    [
      4108,
      24108,
      14108
    ],
    [
      4109,
      24109,
      14109
    ],
    [
      4110,
      24110,
      14110
    ],
    [
      4111,
      24111,
      14111
    ],
    [
      4112,
      24112,
      14112
    ],
    [
      4113,
      24113,
      14113
    ],
    [
      4114,
      24114,
      14114
    ],
    [
      4115,
      24115,
      14115
    ],
    [
      4116,
      24116,
      14116
    ],
    [
      4117,
      24117,
      14117
    ],
    [
      4118,
      24118,
      14118
    ],
    [
      4119,
      24119,
      14119
    ],
    [
      4120,
      24120,
      14120
    ],
    [
      4121,
      24121,
      14121
    ],
    [
      4122,
      24122,
      14122
    ],
    [
      4123,
      24123,
      14123
    ],
    [
      4124,
      24124,
      14124
    ],
    [
      4125,
      24125,
      14125
    ],
    [
      4126,
      24126,
      14126
    ],
    [
      4127,
      24127,
      14127
    ],
    [
      4128,
      24128,
      14128
    ],
    [
      4129,
      24129,
      14129
    ],
    [
      4130,
      24130,
      14130
    ],
    [
      4131,
      24131,
      14131
    ],
    [
      4132,
      24132,
      14132
    ],
    [
      4133,
      24133,
      14133
    ],
    [
      4134,
      24134,
      14134
    ],
    [
      4135,
      24135,
      14135
    ],
    [
      4136,
      24136,
      14136
    ],
    [
      4137,
      24137,
      14137
    ],
    [
      4138,
      24138,
      14138
    ],
    [
      4139,
      24139,
      14139
    ],
    [
      4140,
      24140,
      14140
    ],
    [
      4141,
      24141,
      14141
    ],
    [
      4142,
      24142,
      14142
    ],
    [
      4143,
      24143,
      14143
    ],
    [
      4144,
      24144,
      14144
    ],
    [
      4145,
      24145,
      14145
    ],
    [
      4146,
      24146,
      14146
    ],
    [
      4147,
      24147,
      14147
    ],
    [
      4148,
      24148,
      14148
    ],
    [
      4149,
      24149,
      14149
    ],
    [
      4150,
      24150,
      14150
    ],
    [
      4151,
      24151,
      14151
    ],
    [
      4152,
      24152,
      14152
    ],
    [
      4153,
      24153,
      14153
    ],
    [
      4154,
      24154,
      14154
    ],
    [
      4155,
      24155,
      14155
    ],
    [
      4156,
      24156,
      14156
    ],
    [
      4157,
      24157,
      14157
    ],
    [
      4158,
      24158,
      14158
    ],
    [
      4159,
      24159,
      14159
    ],
    [
      4160,
      24160,
      14160
    ],
    [
      4161,
      24161,
      14161
    ],
    [
      4162,
      24162,
      14162
    ],
    [
      4163,
      24163,
      14163
    ],
    [
      4164,
      24164,
      14164
    ],
    [
      4165,
      24165,
      14165
    ],
    [
      4166,
      24166,
      14166
    ],
    [
      4167,
      24167,
      14167
    ],
    [
      4168,
      24168,
      14168
    ],
    [
      4169,
      24169,
      14169
    ],
    [
      4170,
      24170,
      14170
    ],
    [
      4171,
      24171,
      14171
    ],
    [
      4172,
      24172,
      14172
    ],
    [
      4173,
      24173,
      14173
    ],
    [
      4174,
      24174,
      14174
    ],
    [
      4175,
      24175,
      14175
    ],
    [
      4176,
      24176,
      14176
    ],
    [
      4177,
      24177,
      14177
    ],
    [
      4178,
      24178,
      14178
    ],
    [
      4179,
      24179,
      14179
    ],
    [
      4180,
      24180,
      14180
    ],
    [
      4181,
      24181,
      14181
    ],
    [
      4182,
      24182,
      14182
    ],
    [
      4183,
      24183,
      14183
    ],
    [
      4184,
      24184,
      14184
    ],
    [
      4185,
      24185,
      14185
    ],
    [
      4186,
      24186,
      14186
    ],
    [
      4187,
      24187,
      14187
    ],
    [
      4188,
      24188,
      14188
    ],
    [
      4189,
      24189,
      14189
    ],
    [
      4190,
      24190,
      14190
    ],
    [
      4191,
      24191,
      14191
    ],
    [
      4192,
      24192,
      14192
    ],
    [
      4193,
      24193,
      14193
    ],
    [
      4194,
      24194,
      14194
    ],
    [
      4195,
      24195,
      14195
    ],
    [
      4196,
      24196,
      14196
    ],
    [
      4197,
      24197,
      14197
    ],
    [
      4198,
      24198,
      14198
    ],
    [
      4199,
      24199,
      14199
    ],
    [
      4200,
      24200,
      14200
    ],
    [
      4201,
      24201,
      14201
    ],
    [
      4202,
      24202,
      14202
    ],
    [
      4203,
      24203,
      14203
    ],
    [
      4204,
      24204,
      14204
    ],
    [
      4205,
      24205,
      14205
    ],
    [
      4206,
      24206,
      14206
    ],
    [
      4207,
      24207,
      14207
    ],
    [
      4208,
      24208,
      14208
    ],
    [
      4209,
      24209,
      14209
    ],
    [
      4210,
      24210,
      14210
    ],
    [
      4211,
      24211,
      14211
    ],
    [
      4212,
      24212,
      14212
    ],
    [
      4213,
      24213,
      14213
    ],
    [
      4214,
      24214,
      14214
    ],
    [
      4215,
      24215,
      14215
    ],
    [
      4216,
      24216,
      14216
    ],
    [
      4217,
      24217,
      14217
    ],
    [
      4218,
      24218,
      14218
    ],
    [
      4219,
      24219,
      14219
    ],
    [
      4220,
      24220,
      14220
    ],
    [
      4221,
      24221,
      14221
    ],
    [
      4222,
      24222,
      14222
    ],
    [
      4223,
      24223,
      14223
    ],
    [
      4224,
      24224,
      14224
    ],
    [
      4225,
      24225,
      14225
    ],
    [
      4226,
      24226,
      14226
    ],
    [
      4227,
      24227,
      14227
    ],
    [
      4228,
      24228,
      14228
    ],
    [
      4229,
      24229,
      14229
    ],
    [
      4230,
      24230,
      14230
    ],
    [
      4231,
      24231,
      14231
    ],
    [
      4232,
      24232,
      14232
    ],
    [
      4233,
      24233,
      14233
    ],
    [
      4234,
      24234,
      14234
    ],
    [
      4235,
      24235,
      14235
    ],
    [
      4236,
      24236,
      14236
    ],
    [
      4237,
      24237,
      14237
    ],
    [
      4238,
      24238,
      14238
    ],
    [
      4239,
      24239,
      14239
    ],
    [
      4240,
      24240,
      14240
    ],
    [
      4241,
      24241,
      14241
    ],
    [
      4242,
      24242,
      14242
    ],
    [
      4243,
      24243,
      14243
    ],
    [
      4244,
      24244,
      14244
    ],
    [
      4245,
      24245,
      14245
    ],
    [
      4246,
      24246,
      14246
    ],
    [
      4247,
      24247,
      14247
    ],
    [
      4248,
      24248,
      14248
    ],
    [
      4249,
      24249,
      14249
    ],
    [
      4250,
      24250,
      14250
    ],
    [
      4251,
      24251,
      14251
    ],
    [
      4252,
      24252,
      14252
    ],
    [
      4253,
      24253,
      14253
    ],
    [
      4254,
      24254,
      14254
    ],
    [
      4255,
      24255,
      14255
    ],
    [
      4256,
      24256,
      14256
    ],
    [
      4257,
      24257,
      14257
    ],
    [
      4258,
      24258,
      14258
    ],
    [
      4259,
      24259,
      14259
    ],
    [
      4260,
      24260,
      14260
    ],
    [
      4261,
      24261,
      14261
    ],
    [
      4262,
      24262,
      14262
    ],
    [
      4263,
      24263,
      14263
    ],
    [
      4264,
      24264,
      14264
    ],
    [
      4265,
      24265,
      14265
    ],
    [
      4266,
      24266,
      14266
    ],
    [
      4267,
      24267,
      14267
    ],
    [
      4268,
      24268,
      14268
    ],
    [
      4269,
      24269,
      14269
    ],
    [
      4270,
      24270,
      14270
    ],
    [
      4271,
      24271,
      14271
    ],
    [
      4272,
      24272,
      14272
    ],
    [
      4273,
      24273,
      14273
    ],
    [
      4274,
      24274,
      14274
    ],
    [
      4275,
      24275,
      14275
    ],
    [
      4276,
      24276,
      14276
    ],
    [
      4277,
      24277,
      14277
    ],
    [
      4278,
      24278,
      14278
    ],
    [
      4279,
      24279,
      14279
    ],
    [
      4280,
      24280,
      14280
    ],
    [
      4281,
      24281,
      14281
    ],
    [
      4282,
      24282,
      14282
    ],
    [
      4283,
      24283,
      14283
    ],
    [
      4284,
      24284,
      14284
    ],
    [
      4285,
      24285,
      14285
    ],
    [
      4286,
      24286,
      14286
    ],
    [
      4287,
      24287,
      14287
    ],
    [
      4288,
      24288,
      14288
    ],
    [
      4289,
      24289,
      14289
    ],
    [
      4290,
      24290,
      14290
    ],
    [
      4291,
      24291,
      14291
    ],
    [
      4292,
      24292,
      14292
    ],
    [
      4293,
      24293,
      14293
    ],
    [
      4294,
      24294,
      14294
    ],
    [
      4295,
      24295,
      14295
    ],
    [
      4296,
      24296,
      14296
    ],
    [
      4297,
      24297,
      14297
    ],
    [
      4298,
      24298,
      14298
    ],
    [
      4299,
      24299,
      14299
    ],
    [
      4300,
      24300,
      14300
    ],
    [
      4301,
      24301,
      14301
    ],
    [
      4302,
      24302,
      14302
    ],
    [
      4303,
      24303,
      14303
    ],
    [
      4304,
      24304,
      14304
    ],
    [
      4305,
      24305,
      14305
    ],
    [
      4306,
      24306,
      14306
    ],
    [
      4307,
      24307,
      14307
    ],
    [
      4308,
      24308,
      14308
    ],
    [
      4309,
      24309,
      14309
    ],
    [
      4310,
      24310,
      14310
    ],
    [
      4311,
      24311,
      14311
    ],
    [
      4312,
      24312,
      14312
    ],
    [
      4313,
      24313,
      14313
    ],
    [
      4314,
      24314,
      14314
    ],
    [
      4315,
      24315,
      14315
    ],
    [
      4316,
      24316,
      14316
    ],
    [
      4317,
      24317,
      14317
    ],
    [
      4318,
      24318,
      14318
    ],
    [
      4319,
      24319,
      14319
    ],
    [
      4320,
      24320,
      14320
    ],
    [
      4321,
      24321,
      14321
    ],
    [
      4322,
      24322,
      14322
    ],
    [
      4323,
      24323,
      14323
    ],
    [
      4324,
      24324,
      14324
    ],
    [
      4325,
      24325,
      14325
    ],
    [
      4326,
      24326,
      14326
    ],
    [
      4327,
      24327,
      14327
    ],
    [
      4328,
      24328,
      14328
    ],
    [
      4329,
      24329,
      14329
    ],
    [
      4330,
      24330,
      14330
    ],
    [
      4331,
      24331,
      14331
    ],
    [
      4332,
      24332,
      14332
    ],
    [
      4333,
      24333,
      14333
    ],
    [
      4334,
      24334,
      14334
    ],
    [
      4335,
      24335,
      14335
    ],
    [
      4336,
      24336,
      14336
    ],
    [
      4337,
      24337,
      14337
    ],
    [
      4338,
      24338,
      14338
    ],
    [
      4339,
      24339,
      14339
    ],
    [
      4340,
      24340,
      14340
    ],
    [
      4341,
      24341,
      14341
    ],
    [
      4342,
      24342,
      14342
    ],
    [
      4343,
      24343,
      14343
    ],
    [
      4344,
      24344,
      14344
    ],
    [
      4345,
      24345,
      14345
    ],
    [
      4346,
      24346,
      14346
    ],
    [
      4347,
      24347,
      14347
    ],
    [
      4348,
      24348,
      14348
    ],
    [
      4349,
      24349,
      14349
    ],
    [
      4350,
      24350,
      14350
    ],
    [
      4351,
      24351,
      14351
    ],
    [
      4352,
      24352,
      14352
    ],
    [
      4353,
      24353,
      14353
    ],
    [
      4354,
      24354,
      14354
    ],
    [
      4355,
      24355,
      14355
    ],
    [
      4356,
      24356,
      14356
    ],
    [
      4357,
      24357,
      14357
    ],
    [
      4358,
      24358,
      14358
    ],
    [
      4359,
      24359,
      14359
    ],
    [
      4360,
      24360,
      14360
    ],
    [
      4361,
      24361,
      14361
    ],
    [
      4362,
      24362,
      14362
    ],
    [
      4363,
      24363,
      14363
    ],
    [
      4364,
      24364,
      14364
    ],
    [
      4365,
      24365,
      14365
    ],
    [
      4366,
      24366,
      14366
    ],
    [
      4367,
      24367,
      14367
    ],
    [
      4368,
      24368,
      14368
    ],
    [
      4369,
      24369,
      14369
    ],
    [
      4370,
      24370,
      14370
    ],
    [
      4371,
      24371,
      14371
    ],
    [
      4372,
      24372,
      14372
    ],
    [
      4373,
      24373,
      14373
    ],
    [
      4374,
      24374,
      14374
    ],
    [
      4375,
      24375,
      14375
    ],
    [
      4376,
      24376,
      14376
    ],
    [
      4377,
      24377,
      14377
    ],
    [
      4378,
      24378,
      14378
    ],
    [
      4379,
      24379,
      14379
    ],
    [
      4380,
      24380,
      14380
    ],
    [
      4381,
      24381,
      14381
    ],
    [
      4382,
      24382,
      14382
    ],
    [
      4383,
      24383,
      14383
    ],
    [
      4384,
      24384,
      14384
    ],
    [
      4385,
      24385,
      14385
    ],
    [
      4386,
      24386,
      14386
    ],
    [
      4387,
      24387,
      14387
    ],
    [
      4388,
      24388,
      14388
    ],
    [
      4389,
      24389,
      14389
    ],
    [
      4390,
      24390,
      14390
    ],
    [
      4391,
      24391,
      14391
    ],
    [
      4392,
      24392,
      14392
    ],
    [
      4393,
      24393,
      14393
    ],
    [
      4394,
      24394,
      14394
    ],
    [
      4395,
      24395,
      14395
    ],
    [
      4396,
      24396,
      14396
    ],
    [
      4397,
      24397,
      14397
    ],
    [
      4398,
      24398,
      14398
    ],
    [
      4399,
      24399,
      14399
    ],
    [
      4400,
      24400,
      14400
    ],
    [
      4401,
      24401,
      14401
    ],
    [
      4402,
      24402,
      14402
    ],
    [
      4403,
      24403,
      14403
    ],
    [
      4404,
      24404,
      14404
    ],
    [
      4405,
      24405,
      14405
    ],
    [
      4406,
      24406,
      14406
    ],
    [
      4407,
      24407,
      14407
    ],
    [
      4408,
      24408,
      14408
    ],
    [
      4409,
      24409,
      14409
    ],
    [
      4410,
      24410,
      14410
    ],
    [
      4411,
      24411,
      14411
    ],
    [
      4412,
      24412,
      14412
    ],
    [
      4413,
      24413,
      14413
    ],
    [
      4414,
      24414,
      14414
    ],
    [
      4415,
      24415,
      14415
    ],
    [
      4416,
      24416,
      14416
    ],
    [
      4417,
      24417,
      14417
    ],
    [
      4418,
      24418,
      14418
    ],
    [
      4419,
      24419,
      14419
    ],
    [
      4420,
      24420,
      14420
    ],
    [
      4421,
      24421,
      14421
    ],
    [
      4422,
      24422,
      14422
    ],
    [
      4423,
      24423,
      14423
    ],
    [
      4424,
      24424,
      14424
    ],
    [
      4425,
      24425,
      14425
    ],
    [
      4426,
      24426,
      14426
    ],
    [
      4427,
      24427,
      14427
    ],
    [
      4428,
      24428,
      14428
    ],
    [
      4429,
      24429,
      14429
    ],
    [
      4430,
      24430,
      14430
    ],
    [
      4431,
      24431,
      14431
    ],
    [
      4432,
      24432,
      14432
    ],
    [
      4433,
      24433,
      14433
    ],
    [
      4434,
      24434,
      14434
    ],
    [
      4435,
      24435,
      14435
    ],
    [
      4436,
      24436,
      14436
    ],
    [
      4437,
      24437,
      14437
    ],
    [
      4438,
      24438,
      14438
    ],
    [
      4439,
      24439,
      14439
    ],
    [
      4440,
      24440,
      14440
    ],
    [
      4441,
      24441,
      14441
    ],
    [
      4442,
      24442,
      14442
    ],
    [
      4443,
      24443,
      14443
    ],
    [
      4444,
      24444,
      14444
    ],
    [
      4445,
      24445,
      14445
    ],
    [
      4446,
      24446,
      14446
    ],
    [
      4447,
      24447,
      14447
    ],
    [
      4448,
      24448,
      14448
    ],
    [
      4449,
      24449,
      14449
    ],
    [
      4450,
      24450,
      14450
    ],
    [
      4451,
      24451,
      14451
    ],
    [
      4452,
      24452,
      14452
    ],
    [
      4453,
      24453,
      14453
    ],
    [
      4454,
      24454,
      14454
    ],
    [
      4455,
      24455,
      14455
    ],
    [
      4456,
      24456,
      14456
    ],
    [
      4457,
      24457,
      14457
    ],
    [
      4458,
      24458,
      14458
    ],
    [
      4459,
      24459,
      14459
    ],
    [
      4460,
      24460,
      14460
    ],
    [
      4461,
      24461,
      14461
    ],
    [
      4462,
      24462,
      14462
    ],
    [
      4463,
      24463,
      14463
    ],
    [
      4464,
      24464,
      14464
    ],
    [
      4465,
      24465,
      14465
    ],
    [
      4466,
      24466,
      14466
    ],
    [
      4467,
      24467,
      14467
    ],
    [
      4468,
      24468,
      14468
    ],
    [
      4469,
      24469,
      14469
    ],
    [
      4470,
      24470,
      14470
    ],
    [
      4471,
      24471,
      14471
    ],
    [
      4472,
      24472,
      14472
    ],
    [
      4473,
      24473,
      14473
    ],
    [
      4474,
      24474,
      14474
    ],
    [
      4475,
      24475,
      14475
    ],
    [
      4476,
      24476,
      14476
    ],
    [
      4477,
      24477,
      14477
    ],
    [
      4478,
      24478,
      14478
    ],
    [
      4479,
      24479,
      14479
    ],
    [
      4480,
      24480,
      14480
    ],
    [
      4481,
      24481,
      14481
    ],
    [
      4482,
      24482,
      14482
    ],
    [
      4483,
      24483,
      14483
    ],
    [
      4484,
      24484,
      14484
    ],
    [
      4485,
      24485,
      14485
    ],
    [
      4486,
      24486,
      14486
    ],
    [
      4487,
      24487,
      14487
    ],
    [
      4488,
      24488,
      14488
    ],
    [
      4489,
      24489,
      14489
    ],
    [
      4490,
      24490,
      14490
    ],
    [
      4491,
      24491,
      14491
    ],
    [
      4492,
      24492,
      14492
    ],
    [
      4493,
      24493,
      14493
    ],
    [
      4494,
      24494,
      14494
    ],
    [
      4495,
      24495,
      14495
    ],
    [
      4496,
      24496,
      14496
    ],
    [
      4497,
      24497,
      14497
    ],
    [
      4498,
      24498,
      14498
    ],
    [
      4499,
      24499,
      14499
    ],
    [
      4500,
      24500,
      14500
    ],
    [
      4501,
      24501,
      14501
    ],
    [
      4502,
      24502,
      14502
    ],
    [
      4503,
      24503,
      14503
    ],
    [
      4504,
      24504,
      14504
    ],
    [
      4505,
      24505,
      14505
    ],
    [
      4506,
      24506,
      14506
    ],
    [
      4507,
      24507,
      14507
    ],
    [
      4508,
      24508,
      14508
    ],
    [
      4509,
      24509,
      14509
    ],
    [
      4510,
      24510,
      14510
    ],
    [
      4511,
      24511,
      14511
    ],
    [
      4512,
      24512,
      14512
    ],
    [
      4513,
      24513,
      14513
    ],
    [
      4514,
      24514,
      14514
    ],
    [
      4515,
      24515,
      14515
    ],
    [
      4516,
      24516,
      14516
    ],
    [
      4517,
      24517,
      14517
    ],
    [
      4518,
      24518,
      14518
    ],
    [
      4519,
      24519,
      14519
    ],
    [
      4520,
      24520,
      14520
    ],
    [
      4521,
      24521,
      14521
    ],
    [
      4522,
      24522,
      14522
    ],
    [
      4523,
      24523,
      14523
    ],
    [
      4524,
      24524,
      14524
    ],
    [
      4525,
      24525,
      14525
    ],
    [
      4526,
      24526,
      14526
    ],
    [
      4527,
      24527,
      14527
    ],
    [
      4528,
      24528,
      14528
    ],
    [
      4529,
      24529,
      14529
    ],
    [
      4530,
      24530,
      14530
    ],
    [
      4531,
      24531,
      14531
    ],
    [
      4532,
      24532,
      14532
    ],
    [
      4533,
      24533,
      14533
    ],
    [
      4534,
      24534,
      14534
    ],
    [
      4535,
      24535,
      14535
    ],
    [
      4536,
      24536,
      14536
    ],
    [
      4537,
      24537,
      14537
    ],
    [
      4538,
      24538,
      14538
    ],
    [
      4539,
      24539,
      14539
    ],
    [
      4540,
      24540,
      14540
    ],
    [
      4541,
      24541,
      14541
    ],
    [
      4542,
      24542,
      14542
    ],
    [
      4543,
      24543,
      14543
    ],
    [
      4544,
      24544,
      14544
    ],
    [
      4545,
      24545,
      14545
    ],
    [
      4546,
      24546,
      14546
    ],
    [
      4547,
      24547,
      14547
    ],
    [
      4548,
      24548,
      14548
    ],
    [
      4549,
      24549,
      14549
    ],
    [
      4550,
      24550,
      14550
    ],
    [
      4551,
      24551,
      14551
    ],
    [
      4552,
      24552,
      14552
    ],
    [
      4553,
      24553,
      14553
    ],
    [
      4554,
      24554,
      14554
    ],
    [
      4555,
      24555,
      14555
    ],
    [
      4556,
      24556,
      14556
    ],
    [
      4557,
      24557,
      14557
    ],
    [
      4558,
      24558,
      14558
    ],
    [
      4559,
      24559,
      14559
    ],
    [
      4560,
      24560,
      14560
    ],
    [
      4561,
      24561,
      14561
    ],
    [
      4562,
      24562,
      14562
    ],
    [
      4563,
      24563,
      14563
    ],
    [
      4564,
      24564,
      14564
    ],
    [
      4565,
      24565,
      14565
    ],
    [
      4566,
      24566,
      14566
    ],
    [
      4567,
      24567,
      14567
    ],
    [
      4568,
      24568,
      14568
    ],
    [
      4569,
      24569,
      14569
    ],
    [
      4570,
      24570,
      14570
    ],
    [
      4571,
      24571,
      14571
    ],
    [
      4572,
      24572,
      14572
    ],
    [
      4573,
      24573,
      14573
    ],
    [
      4574,
      24574,
      14574
    ],
    [
      4575,
      24575,
      14575
    ],
    [
      4576,
      24576,
      14576
    ],
    [
      4577,
      24577,
      14577
    ],
    [
      4578,
      24578,
      14578
    ],
    [
      4579,
      24579,
      14579
    ],
    [
      4580,
      24580,
      14580
    ],
    [
      4581,
      24581,
      14581
    ],
    [
      4582,
      24582,
      14582
    ],
    [
      4583,
      24583,
      14583
    ],
    [
      4584,
      24584,
      14584
    ],
    [
      4585,
      24585,
      14585
    ],
    [
      4586,
      24586,
      14586
    ],
    [
      4587,
      24587,
      14587
    ],
    [
      4588,
      24588,
      14588
    ],
    [
      4589,
      24589,
      14589
    ],
    [
      4590,
      24590,
      14590
    ],
    [
      4591,
      24591,
      14591
    ],
    [
      4592,
      24592,
      14592
    ],
    [
      4593,
      24593,
      14593
    ],
    [
      4594,
      24594,
      14594
    ],
    [
      4595,
      24595,
      14595
    ],
    [
      4596,
      24596,
      14596
    ],
    [
      4597,
      24597,
      14597
    ],
    [
      4598,
      24598,
      14598
    ],
    [
      4599,
      24599,
      14599
    ],
    [
      4600,
      24600,
      14600
    ],
    [
      4601,
      24601,
      14601
    ],
    [
      4602,
      24602,
      14602
    ],
    [
      4603,
      24603,
      14603
    ],
    [
      4604,
      24604,
      14604
    ],
    [
      4605,
      24605,
      14605
    ],
    [
      4606,
      24606,
      14606
    ],
    [
      4607,
      24607,
      14607
    ],
    [
      4608,
      24608,
      14608
    ],
    [
      4609,
      24609,
      14609
    ],
    [
      4610,
      24610,
      14610
    ],
    [
      4611,
      24611,
      14611
    ],
    [
      4612,
      24612,
      14612
    ],
    [
      4613,
      24613,
      14613
    ],
    [
      4614,
      24614,
      14614
    ],
    [
      4615,
      24615,
      14615
    ],
    [
      4616,
      24616,
      14616
    ],
    [
      4617,
      24617,
      14617
    ],
    [
      4618,
      24618,
      14618
    ],
    [
      4619,
      24619,
      14619
    ],
    [
      4620,
      24620,
      14620
    ],
    [
      4621,
      24621,
      14621
    ],
    [
      4622,
      24622,
      14622
    ],
    [
      4623,
      24623,
      14623
    ],
    [
      4624,
      24624,
      14624
    ],
    [
      4625,
      24625,
      14625
    ],
    [
      4626,
      24626,
      14626
    ],
    [
      4627,
      24627,
      14627
    ],
    [
      4628,
      24628,
      14628
    ],
    [
      4629,
      24629,
      14629
    ],
    [
      4630,
      24630,
      14630
    ],
    [
      4631,
      24631,
      14631
    ],
    [
      4632,
      24632,
      14632
    ],
    [
      4633,
      24633,
      14633
    ],
    [
      4634,
      24634,
      14634
    ],
    [
      4635,
      24635,
      14635
    ],
    [
      4636,
      24636,
      14636
    ],
    [
      4637,
      24637,
      14637
    ],
    [
      4638,
      24638,
      14638
    ],
    [
      4639,
      24639,
      14639
    ],
    [
      4640,
      24640,
      14640
    ],
    [
      4641,
      24641,
      14641
    ],
    [
      4642,
      24642,
      14642
    ],
    [
      4643,
      24643,
      14643
    ],
    [
      4644,
      24644,
      14644
    ],
    [
      4645,
      24645,
      14645
    ],
    [
      4646,
      24646,
      14646
    ],
    [
      4647,
      24647,
      14647
    ],
    [
      4648,
      24648,
      14648
    ],
    [
      4649,
      24649,
      14649
    ],
    [
      4650,
      24650,
      14650
    ],
    [
      4651,
      24651,
      14651
    ],
    [
      4652,
      24652,
      14652
    ],
    [
      4653,
      24653,
      14653
    ],
    [
      4654,
      24654,
      14654
    ],
    [
      4655,
      24655,
      14655
    ],
    [
      4656,
      24656,
      14656
    ],
    [
      4657,
      24657,
      14657
    ],
    [
      4658,
      24658,
      14658
    ],
    [
      4659,
      24659,
      14659
    ],
    [
      4660,
      24660,
      14660
    ],
    [
      4661,
      24661,
      14661
    ],
    [
      4662,
      24662,
      14662
    ],
    [
      4663,
      24663,
      14663
    ],
    [
      4664,
      24664,
      14664
    ],
    [
      4665,
      24665,
      14665
    ],
    [
      4666,
      24666,
      14666
    ],
    [
      4667,
      24667,
      14667
    ],
    [
      4668,
      24668,
      14668
    ],
    [
      4669,
      24669,
      14669
    ],
    [
      4670,
      24670,
      14670
    ],
    [
      4671,
      24671,
      14671
    ],
    [
      4672,
      24672,
      14672
    ],
    [
      4673,
      24673,
      14673
    ],
    [
      4674,
      24674,
      14674
    ],
    [
      4675,
      24675,
      14675
    ],
    [
      4676,
      24676,
      14676
    ],
    [
      4677,
      24677,
      14677
    ],
    [
      4678,
      24678,
      14678
    ],
    [
      4679,
      24679,
      14679
    ],
    [
      4680,
      24680,
      14680
    ],
    [
      4681,
      24681,
      14681
    ],
    [
      4682,
      24682,
      14682
    ],
    [
      4683,
      24683,
      14683
    ],
    [
      4684,
      24684,
      14684
    ],
    [
      4685,
      24685,
      14685
    ],
    [
      4686,
      24686,
      14686
    ],
    [
      4687,
      24687,
      14687
    ],
    [
      4688,
      24688,
      14688
    ],
    [
      4689,
      24689,
      14689
    ],
    [
      4690,
      24690,
      14690
    ],
    [
      4691,
      24691,
      14691
    ],
    [
      4692,
      24692,
      14692
    ],
    [
      4693,
      24693,
      14693
    ],
    [
      4694,
      24694,
      14694
    ],
    [
      4695,
      24695,
      14695
    ],
    [
      4696,
      24696,
      14696
    ],
    [
      4697,
      24697,
      14697
    ],
    [
      4698,
      24698,
      14698
    ],
    [
      4699,
      24699,
      14699
    ],
    [
      4700,
      24700,
      14700
    ],
    [
      4701,
      24701,
      14701
    ],
    [
      4702,
      24702,
      14702
    ],
    [
      4703,
      24703,
      14703
    ],
    [
      4704,
      24704,
      14704
    ],
    [
      4705,
      24705,
      14705
    ],
    [
      4706,
      24706,
      14706
    ],
    [
      4707,
      24707,
      14707
    ],
    [
      4708,
      24708,
      14708
    ],
    [
      4709,
      24709,
      14709
    ],
    [
      4710,
      24710,
      14710
    ],
    [
      4711,
      24711,
      14711
    ],
    [
      4712,
      24712,
      14712
    ],
    [
      4713,
      24713,
      14713
    ],
    [
      4714,
      24714,
      14714
    ],
    [
      4715,
      24715,
      14715
    ],
    [
      4716,
      24716,
      14716
    ],
    [
      4717,
      24717,
      14717
    ],
    [
      4718,
      24718,
      14718
    ],
    [
      4719,
      24719,
      14719
    ],
    [
      4720,
      24720,
      14720
    ],
    [
      4721,
      24721,
      14721
    ],
    [
      4722,
      24722,
      14722
    ],
    [
      4723,
      24723,
      14723
    ],
    [
      4724,
      24724,
      14724
    ],
    [
      4725,
      24725,
      14725
    ],
    [
      4726,
      24726,
      14726
    ],
    [
      4727,
      24727,
      14727
    ],
    [
      4728,
      24728,
      14728
    ],
    [
      4729,
      24729,
      14729
    ],
    [
      4730,
      24730,
      14730
    ],
    [
      4731,
      24731,
      14731
    ],
    [
      4732,
      24732,
      14732
    ],
    [
      4733,
      24733,
      14733
    ],
    [
      4734,
      24734,
      14734
    ],
    [
      4735,
      24735,
      14735
    ],
    [
      4736,
      24736,
      14736
    ],
    [
      4737,
      24737,
      14737
    ],
    [
      4738,
      24738,
      14738
    ],
    [
      4739,
      24739,
      14739
    ],
    [
      4740,
      24740,
      14740
    ],
    [
      4741,
      24741,
      14741
    ],
    [
      4742,
      24742,
      14742
    ],
    [
      4743,
      24743,
      14743
    ],
    [
      4744,
      24744,
      14744
    ],
    [
      4745,
      24745,
      14745
    ],
    [
      4746,
      24746,
      14746
    ],
    [
      4747,
      24747,
      14747
    ],
    [
      4748,
      24748,
      14748
    ],
    [
      4749,
      24749,
      14749
    ],
    [
      4750,
      24750,
      14750
    ],
    [
      4751,
      24751,
      14751
    ],
    [
      4752,
      24752,
      14752
    ],
    [
      4753,
      24753,
      14753
    ],
    [
      4754,
      24754,
      14754
    ],
    [
      4755,
      24755,
      14755
    ],
    [
      4756,
      24756,
      14756
    ],
    [
      4757,
      24757,
      14757
    ],
    [
      4758,
      24758,
      14758
    ],
    [
      4759,
      24759,
      14759
    ],
    [
      4760,
      24760,
      14760
    ],
    [
      4761,
      24761,
      14761
    ],
    [
      4762,
      24762,
      14762
    ],
    [
      4763,
      24763,
      14763
    ],
    [
      4764,
      24764,
      14764
    ],
    [
      4765,
      24765,
      14765
    ],
    [
      4766,
      24766,
      14766
    ],
    [
      4767,
      24767,
      14767
    ],
    [
      4768,
      24768,
      14768
    ],
    [
      4769,
      24769,
      14769
    ],
    [
      4770,
      24770,
      14770
    ],
    [
      4771,
      24771,
      14771
    ],
    [
      4772,
      24772,
      14772
    ],
    [
      4773,
      24773,
      14773
    ],
    [
      4774,
      24774,
      14774
    ],
    [
      4775,
      24775,
      14775
    ],
    [
      4776,
      24776,
      14776
    ],
    [
      4777,
      24777,
      14777
    ],
    [
      4778,
      24778,
      14778
    ],
    [
      4779,
      24779,
      14779
    ],
    [
      4780,
      24780,
      14780
    ],
    [
      4781,
      24781,
      14781
    ],
    [
      4782,
      24782,
      14782
    ],
    [
      4783,
      24783,
      14783
    ],
    [
      4784,
      24784,
      14784
    ],
    [
      4785,
      24785,
      14785
    ],
    [
      4786,
      24786,
      14786
    ],
    [
      4787,
      24787,
      14787
    ],
    [
      4788,
      24788,
      14788
    ],
    [
      4789,
      24789,
      14789
    ],
    [
      4790,
      24790,
      14790
    ],
    [
      4791,
      24791,
      14791
    ],
    [
      4792,
      24792,
      14792
    ],
    [
      4793,
      24793,
      14793
    ],
    [
      4794,
      24794,
      14794
    ],
    [
      4795,
      24795,
      14795
    ],
    [
      4796,
      24796,
      14796
    ],
    [
      4797,
      24797,
      14797
    ],
    [
      4798,
      24798,
      14798
    ],
    [
      4799,
      24799,
      14799
    ],
    [
      4800,
      24800,
      14800
    ],
    [
      4801,
      24801,
      14801
    ],
    [
      4802,
      24802,
      14802
    ],
    [
      4803,
      24803,
      14803
    ],
    [
      4804,
      24804,
      14804
    ],
    [
      4805,
      24805,
      14805
    ],
    [
      4806,
      24806,
      14806
    ],
    [
      4807,
      24807,
      14807
    ],
    [
      4808,
      24808,
      14808
    ],
    [
      4809,
      24809,
      14809
    ],
    [
      4810,
      24810,
      14810
    ],
    [
      4811,
      24811,
      14811
    ],
    [
      4812,
      24812,
      14812
    ],
    [
      4813,
      24813,
      14813
    ],
    [
      4814,
      24814,
      14814
    ],
    [
      4815,
      24815,
      14815
    ],
    [
      4816,
      24816,
      14816
    ],
    [
      4817,
      24817,
      14817
    ],
    [
      4818,
      24818,
      14818
    ],
    [
      4819,
      24819,
      14819
    ],
    [
      4820,
      24820,
      14820
    ],
    [
      4821,
      24821,
      14821
    ],
    [
      4822,
      24822,
      14822
    ],
    [
      4823,
      24823,
      14823
    ],
    [
      4824,
      24824,
      14824
    ],
    [
      4825,
      24825,
      14825
    ],
    [
      4826,
      24826,
      14826
    ],
    [
      4827,
      24827,
      14827
    ],
    [
      4828,
      24828,
      14828
    ],
    [
      4829,
      24829,
      14829
    ],
    [
      4830,
      24830,
      14830
    ],
    [
      4831,
      24831,
      14831
    ],
    [
      4832,
      24832,
      14832
    ],
    [
      4833,
      24833,
      14833
    ],
    [
      4834,
      24834,
      14834
    ],
    [
      4835,
      24835,
      14835
    ],
    [
      4836,
      24836,
      14836
    ],
    [
      4837,
      24837,
      14837
    ],
    [
      4838,
      24838,
      14838
    ],
    [
      4839,
      24839,
      14839
    ],
    [
      4840,
      24840,
      14840
    ],
    [
      4841,
      24841,
      14841
    ],
    [
      4842,
      24842,
      14842
    ],
    [
      4843,
      24843,
      14843
    ],
    [
      4844,
      24844,
      14844
    ],
    [
      4845,
      24845,
      14845
    ],
    [
      4846,
      24846,
      14846
    ],
    [
      4847,
      24847,
      14847
    ],
    [
      4848,
      24848,
      14848
    ],
    [
      4849,
      24849,
      14849
    ],
    [
      4850,
      24850,
      14850
    ],
    [
      4851,
      24851,
      14851
    ],
    [
      4852,
      24852,
      14852
    ],
    [
      4853,
      24853,
      14853
    ],
    [
      4854,
      24854,
      14854
    ],
    [
      4855,
      24855,
      14855
    ],
    [
      4856,
      24856,
      14856
    ],
    [
      4857,
      24857,
      14857
    ],
    [
      4858,
      24858,
      14858
    ],
    [
      4859,
      24859,
      14859
    ],
    [
      4860,
      24860,
      14860
    ],
    [
      4861,
      24861,
      14861
    ],
    [
      4862,
      24862,
      14862
    ],
    [
      4863,
      24863,
      14863
    ],
    [
      4864,
      24864,
      14864
    ],
    [
      4865,
      24865,
      14865
    ],
    [
      4866,
      24866,
      14866
    ],
    [
      4867,
      24867,
      14867
    ],
    [
      4868,
      24868,
      14868
    ],
    [
      4869,
      24869,
      14869
    ],
    [
      4870,
      24870,
      14870
    ],
    [
      4871,
      24871,
      14871
    ],
    [
      4872,
      24872,
      14872
    ],
    [
      4873,
      24873,
      14873
    ],
    [
      4874,
      24874,
      14874
    ],
    [
      4875,
      24875,
      14875
    ],
    [
      4876,
      24876,
      14876
    ],
    [
      4877,
      24877,
      14877
    ],
    [
      4878,
      24878,
      14878
    ],
    [
      4879,
      24879,
      14879
    ],
    [
      4880,
      24880,
      14880
    ],
    [
      4881,
      24881,
      14881
    ],
    [
      4882,
      24882,
      14882
    ],
    [
      4883,
      24883,
      14883
    ],
    [
      4884,
      24884,
      14884
    ],
    [
      4885,
      24885,
      14885
    ],
    [
      4886,
      24886,
      14886
    ],
    [
      4887,
      24887,
      14887
    ],
    [
      4888,
      24888,
      14888
    ],
    [
      4889,
      24889,
      14889
    ],
    [
      4890,
      24890,
      14890
    ],
    [
      4891,
      24891,
      14891
    ],
    [
      4892,
      24892,
      14892
    ],
    [
      4893,
      24893,
      14893
    ],
    [
      4894,
      24894,
      14894
    ],
    [
      4895,
      24895,
      14895
    ],
    [
      4896,
      24896,
      14896
    ],
    [
      4897,
      24897,
      14897
    ],
    [
      4898,
      24898,
      14898
    ],
    [
      4899,
      24899,
      14899
    ],
    [
      4900,
      24900,
      14900
    ],
    [
      4901,
      24901,
      14901
    ],
    [
      4902,
      24902,
      14902
    ],
    [
      4903,
      24903,
      14903
    ],
    [
      4904,
      24904,
      14904
    ],
    [
      4905,
      24905,
      14905
    ],
    [
      4906,
      24906,
      14906
    ],
    [
      4907,
      24907,
      14907
    ],
    [
      4908,
      24908,
      14908
    ],
    [
      4909,
      24909,
      14909
    ],
    [
      4910,
      24910,
      14910
    ],
    [
      4911,
      24911,
      14911
    ],
    [
      4912,
      24912,
      14912
    ],
    [
      4913,
      24913,
      14913
    ],
    [
      4914,
      24914,
      14914
    ],
    [
      4915,
      24915,
      14915
    ],
    [
      4916,
      24916,
      14916
    ],
    [
      4917,
      24917,
      14917
    ],
    [
      4918,
      24918,
      14918
    ],
    [
      4919,
      24919,
      14919
    ],
    [
      4920,
      24920,
      14920
    ],
    [
      4921,
      24921,
      14921
    ],
    [
      4922,
      24922,
      14922
    ],
    [
      4923,
      24923,
      14923
    ],
    [
      4924,
      24924,
      14924
    ],
    [
      4925,
      24925,
      14925
    ],
    [
      4926,
      24926,
      14926
    ],
    [
      4927,
      24927,
      14927
    ],
    [
      4928,
      24928,
      14928
    ],
    [
      4929,
      24929,
      14929
    ],
    [
      4930,
      24930,
      14930
    ],
    [
      4931,
      24931,
      14931
    ],
    [
      4932,
      24932,
      14932
    ],
    [
      4933,
      24933,
      14933
    ],
    [
      4934,
      24934,
      14934
    ],
    [
      4935,
      24935,
      14935
    ],
    [
      4936,
      24936,
      14936
    ],
    [
      4937,
      24937,
      14937
    ],
    [
      4938,
      24938,
      14938
    ],
    [
      4939,
      24939,
      14939
    ],
    [
      4940,
      24940,
      14940
    ],
    [
      4941,
      24941,
      14941
    ],
    [
      4942,
      24942,
      14942
    ],
    [
      4943,
      24943,
      14943
    ],
    [
      4944,
      24944,
      14944
    ],
    [
      4945,
      24945,
      14945
    ],
    [
      4946,
      24946,
      14946
    ],
    [
      4947,
      24947,
      14947
    ],
    [
      4948,
      24948,
      14948
    ],
    [
      4949,
      24949,
      14949
    ],
    [
      4950,
      24950,
      14950
    ],
    [
      4951,
      24951,
      14951
    ],
    [
      4952,
      24952,
      14952
    ],
    [
      4953,
      24953,
      14953
    ],
    [
      4954,
      24954,
      14954
    ],
    [
      4955,
      24955,
      14955
    ],
    [
      4956,
      24956,
      14956
    ],
    [
      4957,
      24957,
      14957
    ],
    [
      4958,
      24958,
      14958
    ],
    [
      4959,
      24959,
      14959
    ],
    [
      4960,
      24960,
      14960
    ],
    [
      4961,
      24961,
      14961
    ],
    [
      4962,
      24962,
      14962
    ],
    [
      4963,
      24963,
      14963
    ],
    [
      4964,
      24964,
      14964
    ],
    [
      4965,
      24965,
      14965
    ],
    [
      4966,
      24966,
      14966
    ],
    [
      4967,
      24967,
      14967
    ],
    [
      4968,
      24968,
      14968
    ],
    [
      4969,
      24969,
      14969
    ],
    [
      4970,
      24970,
      14970
    ],
    [
      4971,
      24971,
      14971
    ],
    [
      4972,
      24972,
      14972
    ],
    [
      4973,
      24973,
      14973
    ],
    [
      4974,
      24974,
      14974
    ],
    [
      4975,
      24975,
      14975
    ],
    [
      4976,
      24976,
      14976
    ],
    [
      4977,
      24977,
      14977
    ],
    [
      4978,
      24978,
      14978
    ],
    [
      4979,
      24979,
      14979
    ],
    [
      4980,
      24980,
      14980
    ],
    [
      4981,
      24981,
      14981
    ],
    [
      4982,
      24982,
      14982
    ],
    [
      4983,
      24983,
      14983
    ],
    [
      4984,
      24984,
      14984
    ],
    [
      4985,
      24985,
      14985
    ],
    [
      4986,
      24986,
      14986
    ],
    [
      4987,
      24987,
      14987
    ],
    [
      4988,
      24988,
      14988
    ],
    [
      4989,
      24989,
      14989
    ],
    [
      4990,
      24990,
      14990
    ],
    [
      4991,
      24991,
      14991
    ],
    [
      4992,
      24992,
      14992
    ],
    [
      4993,
      24993,
      14993
    ],
    [
      4994,
      24994,
      14994
    ],
    [
      4995,
      24995,
      14995
    ],
    [
      4996,
      24996,
      14996
    ],
    [
      4997,
      24997,
      14997
    ],
    [
      4998,
      24998,
      14998
    ],
    [
      4999,
      24999,
      14999
    ],
    [
      5000,
      25000,
      15000
    ],
    [
      5001,
      25001,
      15001
    ],
    [
      5002,
      25002,
      15002
    ],
    [
      5003,
      25003,
      15003
    ],
    [
      5004,
      25004,
      15004
    ],
    [
      5005,
      25005,
      15005
    ],
    [
      5006,
      25006,
      15006
    ],
    [
      5007,
      25007,
      15007
    ],
    [
      5008,
      25008,
      15008
    ],
    [
      5009,
      25009,
      15009
    ],
    [
      5010,
      25010,
      15010
    ],
    [
      5011,
      25011,
      15011
    ],
    [
      5012,
      25012,
      15012
    ],
    [
      5013,
      25013,
      15013
    ],
    [
      5014,
      25014,
      15014
    ],
    [
      5015,
      25015,
      15015
    ],
    [
      5016,
      25016,
      15016
    ],
    [
      5017,
      25017,
      15017
    ],
    [
      5018,
      25018,
      15018
    ],
    [
      5019,
      25019,
      15019
    ],
    [
      5020,
      25020,
      15020
    ],
    [
      5021,
      25021,
      15021
    ],
    [
      5022,
      25022,
      15022
    ],
    [
      5023,
      25023,
      15023
    ],
    [
      5024,
      25024,
      15024
    ],
    [
      5025,
      25025,
      15025
    ],
    [
      5026,
      25026,
      15026
    ],
    [
      5027,
      25027,
      15027
    ],
    [
      5028,
      25028,
      15028
    ],
    [
      5029,
      25029,
      15029
    ],
    [
      5030,
      25030,
      15030
    ],
    [
      5031,
      25031,
      15031
    ],
    [
      5032,
      25032,
      15032
    ],
    [
      5033,
      25033,
      15033
    ],
    [
      5034,
      25034,
      15034
    ],
    [
      5035,
      25035,
      15035
    ],
    [
      5036,
      25036,
      15036
    ],
    [
      5037,
      25037,
      15037
    ],
    [
      5038,
      25038,
      15038
    ],
    [
      5039,
      25039,
      15039
    ],
    [
      5040,
      25040,
      15040
    ],
    [
      5041,
      25041,
      15041
    ],
    [
      5042,
      25042,
      15042
    ],
    [
      5043,
      25043,
      15043
    ],
    [
      5044,
      25044,
      15044
    ],
    [
      5045,
      25045,
      15045
    ],
    [
      5046,
      25046,
      15046
    ],
    [
      5047,
      25047,
      15047
    ],
    [
      5048,
      25048,
      15048
    ],
    [
      5049,
      25049,
      15049
    ],
    [
      5050,
      25050,
      15050
    ],
    [
      5051,
      25051,
      15051
    ],
    [
      5052,
      25052,
      15052
    ],
    [
      5053,
      25053,
      15053
    ],
    [
      5054,
      25054,
      15054
    ],
    [
      5055,
      25055,
      15055
    ],
    [
      5056,
      25056,
      15056
    ],
    [
      5057,
      25057,
      15057
    ],
    [
      5058,
      25058,
      15058
    ],
    [
      5059,
      25059,
      15059
    ],
    [
      5060,
      25060,
      15060
    ],
    [
      5061,
      25061,
      15061
    ],
    [
      5062,
      25062,
      15062
    ],
    [
      5063,
      25063,
      15063
    ],
    [
      5064,
      25064,
      15064
    ],
    [
      5065,
      25065,
      15065
    ],
    [
      5066,
      25066,
      15066
    ],
    [
      5067,
      25067,
      15067
    ],
    [
      5068,
      25068,
      15068
    ],
    [
      5069,
      25069,
      15069
    ],
    [
      5070,
      25070,
      15070
    ],
    [
      5071,
      25071,
      15071
    ],
    [
      5072,
      25072,
      15072
    ],
    [
      5073,
      25073,
      15073
    ],
    [
      5074,
      25074,
      15074
    ],
    [
      5075,
      25075,
      15075
    ],
    [
      5076,
      25076,
      15076
    ],
    [
      5077,
      25077,
      15077
    ],
    [
      5078,
      25078,
      15078
    ],
    [
      5079,
      25079,
      15079
    ],
    [
      5080,
      25080,
      15080
    ],
    [
      5081,
      25081,
      15081
    ],
    [
      5082,
      25082,
      15082
    ],
    [
      5083,
      25083,
      15083
    ],
    [
      5084,
      25084,
      15084
    ],
    [
      5085,
      25085,
      15085
    ],
    [
      5086,
      25086,
      15086
    ],
    [
      5087,
      25087,
      15087
    ],
    [
      5088,
      25088,
      15088
    ],
    [
      5089,
      25089,
      15089
    ],
    [
      5090,
      25090,
      15090
    ],
    [
      5091,
      25091,
      15091
    ],
    [
      5092,
      25092,
      15092
    ],
    [
      5093,
      25093,
      15093
    ],
    [
      5094,
      25094,
      15094
    ],
    [
      5095,
      25095,
      15095
    ],
    [
      5096,
      25096,
      15096
    ],
    [
      5097,
      25097,
      15097
    ],
    [
      5098,
      25098,
      15098
    ],
    [
      5099,
      25099,
      15099
    ],
    [
      5100,
      25100,
      15100
    ],
    [
      5101,
      25101,
      15101
    ],
    [
      5102,
      25102,
      15102
    ],
    [
      5103,
      25103,
      15103
    ],
    [
      5104,
      25104,
      15104
    ],
    [
      5105,
      25105,
      15105
    ],
    [
      5106,
      25106,
      15106
    ],
    [
      5107,
      25107,
      15107
    ],
    [
      5108,
      25108,
      15108
    ],
    [
      5109,
      25109,
      15109
    ],
    [
      5110,
      25110,
      15110
    ],
    [
      5111,
      25111,
      15111
    ],
    [
      5112,
      25112,
      15112
    ],
    [
      5113,
      25113,
      15113
    ],
    [
      5114,
      25114,
      15114
    ],
    [
      5115,
      25115,
      15115
    ],
    [
      5116,
      25116,
      15116
    ],
    [
      5117,
      25117,
      15117
    ],
    [
      5118,
      25118,
      15118
    ],
    [
      5119,
      25119,
      15119
    ],
    [
      5120,
      25120,
      15120
    ],
    [
      5121,
      25121,
      15121
    ],
    [
      5122,
      25122,
      15122
    ],
    [
      5123,
      25123,
      15123
    ],
    [
      5124,
      25124,
      15124
    ],
    [
      5125,
      25125,
      15125
    ],
    [
      5126,
      25126,
      15126
    ],
    [
      5127,
      25127,
      15127
    ],
    [
      5128,
      25128,
      15128
    ],
    [
      5129,
      25129,
      15129
    ],
    [
      5130,
      25130,
      15130
    ],
    [
      5131,
      25131,
      15131
    ],
    [
      5132,
      25132,
      15132
    ],
    [
      5133,
      25133,
      15133
    ],
    [
      5134,
      25134,
      15134
    ],
    [
      5135,
      25135,
      15135
    ],
    [
      5136,
      25136,
      15136
    ],
    [
      5137,
      25137,
      15137
    ],
    [
      5138,
      25138,
      15138
    ],
    [
      5139,
      25139,
      15139
    ],
    [
      5140,
      25140,
      15140
    ],
    [
      5141,
      25141,
      15141
    ],
    [
      5142,
      25142,
      15142
    ],
    [
      5143,
      25143,
      15143
    ],
    [
      5144,
      25144,
      15144
    ],
    [
      5145,
      25145,
      15145
    ],
    [
      5146,
      25146,
      15146
    ],
    [
      5147,
      25147,
      15147
    ],
    [
      5148,
      25148,
      15148
    ],
    [
      5149,
      25149,
      15149
    ],
    [
      5150,
      25150,
      15150
    ],
    [
      5151,
      25151,
      15151
    ],
    [
      5152,
      25152,
      15152
    ],
    [
      5153,
      25153,
      15153
    ],
    [
      5154,
      25154,
      15154
    ],
    [
      5155,
      25155,
      15155
    ],
    [
      5156,
      25156,
      15156
    ],
    [
      5157,
      25157,
      15157
    ],
    [
      5158,
      25158,
      15158
    ],
    [
      5159,
      25159,
      15159
    ],
    [
      5160,
      25160,
      15160
    ],
    [
      5161,
      25161,
      15161
    ],
    [
      5162,
      25162,
      15162
    ],
    [
      5163,
      25163,
      15163
    ],
    [
      5164,
      25164,
      15164
    ],
    [
      5165,
      25165,
      15165
    ],
    [
      5166,
      25166,
      15166
    ],
    [
      5167,
      25167,
      15167
    ],
    [
      5168,
      25168,
      15168
    ],
    [
      5169,
      25169,
      15169
    ],
    [
      5170,
      25170,
      15170
    ],
    [
      5171,
      25171,
      15171
    ],
    [
      5172,
      25172,
      15172
    ],
    [
      5173,
      25173,
      15173
    ],
    [
      5174,
      25174,
      15174
    ],
    [
      5175,
      25175,
      15175
    ],
    [
      5176,
      25176,
      15176
    ],
    [
      5177,
      25177,
      15177
    ],
    [
      5178,
      25178,
      15178
    ],
    [
      5179,
      25179,
      15179
    ],
    [
      5180,
      25180,
      15180
    ],
    [
      5181,
      25181,
      15181
    ],
    [
      5182,
      25182,
      15182
    ],
    [
      5183,
      25183,
      15183
    ],
    [
      5184,
      25184,
      15184
    ],
    [
      5185,
      25185,
      15185
    ],
    [
      5186,
      25186,
      15186
    ],
    [
      5187,
      25187,
      15187
    ],
    [
      5188,
      25188,
      15188
    ],
    [
      5189,
      25189,
      15189
    ],
    [
      5190,
      25190,
      15190
    ],
    [
      5191,
      25191,
      15191
    ],
    [
      5192,
      25192,
      15192
    ],
    [
      5193,
      25193,
      15193
    ],
    [
      5194,
      25194,
      15194
    ],
    [
      5195,
      25195,
      15195
    ],
    [
      5196,
      25196,
      15196
    ],
    [
      5197,
      25197,
      15197
    ],
    [
      5198,
      25198,
      15198
    ],
    [
      5199,
      25199,
      15199
    ],
    [
      5200,
      25200,
      15200
    ],
    [
      5201,
      25201,
      15201
    ],
    [
      5202,
      25202,
      15202
    ],
    [
      5203,
      25203,
      15203
    ],
    [
      5204,
      25204,
      15204
    ],
    [
      5205,
      25205,
      15205
    ],
    [
      5206,
      25206,
      15206
    ],
    [
      5207,
      25207,
      15207
    ],
    [
      5208,
      25208,
      15208
    ],
    [
      5209,
      25209,
      15209
    ],
    [
      5210,
      25210,
      15210
    ],
    [
      5211,
      25211,
      15211
    ],
    [
      5212,
      25212,
      15212
    ],
    [
      5213,
      25213,
      15213
    ],
    [
      5214,
      25214,
      15214
    ],
    [
      5215,
      25215,
      15215
    ],
    [
      5216,
      25216,
      15216
    ],
    [
      5217,
      25217,
      15217
    ],
    [
      5218,
      25218,
      15218
    ],
    [
      5219,
      25219,
      15219
    ],
    [
      5220,
      25220,
      15220
    ],
    [
      5221,
      25221,
      15221
    ],
    [
      5222,
      25222,
      15222
    ],
    [
      5223,
      25223,
      15223
    ],
    [
      5224,
      25224,
      15224
    ],
    [
      5225,
      25225,
      15225
    ],
    [
      5226,
      25226,
      15226
    ],
    [
      5227,
      25227,
      15227
    ],
    [
      5228,
      25228,
      15228
    ],
    [
      5229,
      25229,
      15229
    ],
    [
      5230,
      25230,
      15230
    ],
    [
      5231,
      25231,
      15231
    ],
    [
      5232,
      25232,
      15232
    ],
    [
      5233,
      25233,
      15233
    ],
    [
      5234,
      25234,
      15234
    ],
    [
      5235,
      25235,
      15235
    ],
    [
      5236,
      25236,
      15236
    ],
    [
      5237,
      25237,
      15237
    ],
    [
      5238,
      25238,
      15238
    ],
    [
      5239,
      25239,
      15239
    ],
    [
      5240,
      25240,
      15240
    ],
    [
      5241,
      25241,
      15241
    ],
    [
      5242,
      25242,
      15242
    ],
    [
      5243,
      25243,
      15243
    ],
    [
      5244,
      25244,
      15244
    ],
    [
      5245,
      25245,
      15245
    ],
    [
      5246,
      25246,
      15246
    ],
    [
      5247,
      25247,
      15247
    ],
    [
      5248,
      25248,
      15248
    ],
    [
      5249,
      25249,
      15249
    ],
    [
      5250,
      25250,
      15250
    ],
    [
      5251,
      25251,
      15251
    ],
    [
      5252,
      25252,
      15252
    ],
    [
      5253,
      25253,
      15253
    ],
    [
      5254,
      25254,
      15254
    ],
    [
      5255,
      25255,
      15255
    ],
    [
      5256,
      25256,
      15256
    ],
    [
      5257,
      25257,
      15257
    ],
    [
      5258,
      25258,
      15258
    ],
    [
      5259,
      25259,
      15259
    ],
    [
      5260,
      25260,
      15260
    ],
    [
      5261,
      25261,
      15261
    ],
    [
      5262,
      25262,
      15262
    ],
    [
      5263,
      25263,
      15263
    ],
    [
      5264,
      25264,
      15264
    ],
    [
      5265,
      25265,
      15265
    ],
    [
      5266,
      25266,
      15266
    ],
    [
      5267,
      25267,
      15267
    ],
    [
      5268,
      25268,
      15268
    ],
    [
      5269,
      25269,
      15269
    ],
    [
      5270,
      25270,
      15270
    ],
    [
      5271,
      25271,
      15271
    ],
    [
      5272,
      25272,
      15272
    ],
    [
      5273,
      25273,
      15273
    ],
    [
      5274,
      25274,
      15274
    ],
    [
      5275,
      25275,
      15275
    ],
    [
      5276,
      25276,
      15276
    ],
    [
      5277,
      25277,
      15277
    ],
    [
      5278,
      25278,
      15278
    ],
    [
      5279,
      25279,
      15279
    ],
    [
      5280,
      25280,
      15280
    ],
    [
      5281,
      25281,
      15281
    ],
    [
      5282,
      25282,
      15282
    ],
    [
      5283,
      25283,
      15283
    ],
    [
      5284,
      25284,
      15284
    ],
    [
      5285,
      25285,
      15285
    ],
    [
      5286,
      25286,
      15286
    ],
    [
      5287,
      25287,
      15287
    ],
    [
      5288,
      25288,
      15288
    ],
    [
      5289,
      25289,
      15289
    ],
    [
      5290,
      25290,
      15290
    ],
    [
      5291,
      25291,
      15291
    ],
    [
      5292,
      25292,
      15292
    ],
    [
      5293,
      25293,
      15293
    ],
    [
      5294,
      25294,
      15294
    ],
    [
      5295,
      25295,
      15295
    ],
    [
      5296,
      25296,
      15296
    ],
    [
      5297,
      25297,
      15297
    ],
    [
      5298,
      25298,
      15298
    ],
    [
      5299,
      25299,
      15299
    ],
    [
      5300,
      25300,
      15300
    ],
    [
      5301,
      25301,
      15301
    ],
    [
      5302,
      25302,
      15302
    ],
    [
      5303,
      25303,
      15303
    ],
    [
      5304,
      25304,
      15304
    ],
    [
      5305,
      25305,
      15305
    ],
    [
      5306,
      25306,
      15306
    ],
    [
      5307,
      25307,
      15307
    ],
    [
      5308,
      25308,
      15308
    ],
    [
      5309,
      25309,
      15309
    ],
    [
      5310,
      25310,
      15310
    ],
    [
      5311,
      25311,
      15311
    ],
    [
      5312,
      25312,
      15312
    ],
    [
      5313,
      25313,
      15313
    ],
    [
      5314,
      25314,
      15314
    ],
    [
      5315,
      25315,
      15315
    ],
    [
      5316,
      25316,
      15316
    ],
    [
      5317,
      25317,
      15317
    ],
    [
      5318,
      25318,
      15318
    ],
    [
      5319,
      25319,
      15319
    ],
    [
      5320,
      25320,
      15320
    ],
    [
      5321,
      25321,
      15321
    ],
    [
      5322,
      25322,
      15322
    ],
    [
      5323,
      25323,
      15323
    ],
    [
      5324,
      25324,
      15324
    ],
    [
      5325,
      25325,
      15325
    ],
    [
      5326,
      25326,
      15326
    ],
    [
      5327,
      25327,
      15327
    ],
    [
      5328,
      25328,
      15328
    ],
    [
      5329,
      25329,
      15329
    ],
    [
      5330,
      25330,
      15330
    ],
    [
      5331,
      25331,
      15331
    ],
    [
      5332,
      25332,
      15332
    ],
    [
      5333,
      25333,
      15333
    ],
    [
      5334,
      25334,
      15334
    ],
    [
      5335,
      25335,
      15335
    ],
    [
      5336,
      25336,
      15336
    ],
    [
      5337,
      25337,
      15337
    ],
    [
      5338,
      25338,
      15338
    ],
    [
      5339,
      25339,
      15339
    ],
    [
      5340,
      25340,
      15340
    ],
    [
      5341,
      25341,
      15341
    ],
    [
      5342,
      25342,
      15342
    ],
    [
      5343,
      25343,
      15343
    ],
    [
      5344,
      25344,
      15344
    ],
    [
      5345,
      25345,
      15345
    ],
    [
      5346,
      25346,
      15346
    ],
    [
      5347,
      25347,
      15347
    ],
    [
      5348,
      25348,
      15348
    ],
    [
      5349,
      25349,
      15349
    ],
    [
      5350,
      25350,
      15350
    ],
    [
      5351,
      25351,
      15351
    ],
    [
      5352,
      25352,
      15352
    ],
    [
      5353,
      25353,
      15353
    ],
    [
      5354,
      25354,
      15354
    ],
    [
      5355,
      25355,
      15355
    ],
    [
      5356,
      25356,
      15356
    ],
    [
      5357,
      25357,
      15357
    ],
    [
      5358,
      25358,
      15358
    ],
    [
      5359,
      25359,
      15359
    ],
    [
      5360,
      25360,
      15360
    ],
    [
      5361,
      25361,
      15361
    ],
    [
      5362,
      25362,
      15362
    ],
    [
      5363,
      25363,
      15363
    ],
    [
      5364,
      25364,
      15364
    ],
    [
      5365,
      25365,
      15365
    ],
    [
      5366,
      25366,
      15366
    ],
    [
      5367,
      25367,
      15367
    ],
    [
      5368,
      25368,
      15368
    ],
    [
      5369,
      25369,
      15369
    ],
    [
      5370,
      25370,
      15370
    ],
    [
      5371,
      25371,
      15371
    ],
    [
      5372,
      25372,
      15372
    ],
    [
      5373,
      25373,
      15373
    ],
    [
      5374,
      25374,
      15374
    ],
    [
      5375,
      25375,
      15375
    ],
    [
      5376,
      25376,
      15376
    ],
    [
      5377,
      25377,
      15377
    ],
    [
      5378,
      25378,
      15378
    ],
    [
      5379,
      25379,
      15379
    ],
    [
      5380,
      25380,
      15380
    ],
    [
      5381,
      25381,
      15381
    ],
    [
      5382,
      25382,
      15382
    ],
    [
      5383,
      25383,
      15383
    ],
    [
      5384,
      25384,
      15384
    ],
    [
      5385,
      25385,
      15385
    ],
    [
      5386,
      25386,
      15386
    ],
    [
      5387,
      25387,
      15387
    ],
    [
      5388,
      25388,
      15388
    ],
    [
      5389,
      25389,
      15389
    ],
    [
      5390,
      25390,
      15390
    ],
    [
      5391,
      25391,
      15391
    ],
    [
      5392,
      25392,
      15392
    ],
    [
      5393,
      25393,
      15393
    ],
    [
      5394,
      25394,
      15394
    ],
    [
      5395,
      25395,
      15395
    ],
    [
      5396,
      25396,
      15396
    ],
    [
      5397,
      25397,
      15397
    ],
    [
      5398,
      25398,
      15398
    ],
    [
      5399,
      25399,
      15399
    ],
    [
      5400,
      25400,
      15400
    ],
    [
      5401,
      25401,
      15401
    ],
    [
      5402,
      25402,
      15402
    ],
    [
      5403,
      25403,
      15403
    ],
    [
      5404,
      25404,
      15404
    ],
    [
      5405,
      25405,
      15405
    ],
    [
      5406,
      25406,
      15406
    ],
    [
      5407,
      25407,
      15407
    ],
    [
      5408,
      25408,
      15408
    ],
    [
      5409,
      25409,
      15409
    ],
    [
      5410,
      25410,
      15410
    ],
    [
      5411,
      25411,
      15411
    ],
    [
      5412,
      25412,
      15412
    ],
    [
      5413,
      25413,
      15413
    ],
    [
      5414,
      25414,
      15414
    ],
    [
      5415,
      25415,
      15415
    ],
    [
      5416,
      25416,
      15416
    ],
    [
      5417,
      25417,
      15417
    ],
    [
      5418,
      25418,
      15418
    ],
    [
      5419,
      25419,
      15419
    ],
    [
      5420,
      25420,
      15420
    ],
    [
      5421,
      25421,
      15421
    ],
    [
      5422,
      25422,
      15422
    ],
    [
      5423,
      25423,
      15423
    ],
    [
      5424,
      25424,
      15424
    ],
    [
      5425,
      25425,
      15425
    ],
    [
      5426,
      25426,
      15426
    ],
    [
      5427,
      25427,
      15427
    ],
    [
      5428,
      25428,
      15428
    ],
    [
      5429,
      25429,
      15429
    ],
    [
      5430,
      25430,
      15430
    ],
    [
      5431,
      25431,
      15431
    ],
    [
      5432,
      25432,
      15432
    ],
    [
      5433,
      25433,
      15433
    ],
    [
      5434,
      25434,
      15434
    ],
    [
      5435,
      25435,
      15435
    ],
    [
      5436,
      25436,
      15436
    ],
    [
      5437,
      25437,
      15437
    ],
    [
      5438,
      25438,
      15438
    ],
    [
      5439,
      25439,
      15439
    ],
    [
      5440,
      25440,
      15440
    ],
    [
      5441,
      25441,
      15441
    ],
    [
      5442,
      25442,
      15442
    ],
    [
      5443,
      25443,
      15443
    ],
    [
      5444,
      25444,
      15444
    ],
    [
      5445,
      25445,
      15445
    ],
    [
      5446,
      25446,
      15446
    ],
    [
      5447,
      25447,
      15447
    ],
    [
      5448,
      25448,
      15448
    ],
    [
      5449,
      25449,
      15449
    ],
    [
      5450,
      25450,
      15450
    ],
    [
      5451,
      25451,
      15451
    ],
    [
      5452,
      25452,
      15452
    ],
    [
      5453,
      25453,
      15453
    ],
    [
      5454,
      25454,
      15454
    ],
    [
      5455,
      25455,
      15455
    ],
    [
      5456,
      25456,
      15456
    ],
    [
      5457,
      25457,
      15457
    ],
    [
      5458,
      25458,
      15458
    ],
    [
      5459,
      25459,
      15459
    ],
    [
      5460,
      25460,
      15460
    ],
    [
      5461,
      25461,
      15461
    ],
    [
      5462,
      25462,
      15462
    ],
    [
      5463,
      25463,
      15463
    ],
    [
      5464,
      25464,
      15464
    ],
    [
      5465,
      25465,
      15465
    ],
    [
      5466,
      25466,
      15466
    ],
    [
      5467,
      25467,
      15467
    ],
    [
      5468,
      25468,
      15468
    ],
    [
      5469,
      25469,
      15469
    ],
    [
      5470,
      25470,
      15470
    ],
    [
      5471,
      25471,
      15471
    ],
    [
      5472,
      25472,
      15472
    ],
    [
      5473,
      25473,
      15473
    ],
    [
      5474,
      25474,
      15474
    ],
    [
      5475,
      25475,
      15475
    ],
    [
      5476,
      25476,
      15476
    ],
    [
      5477,
      25477,
      15477
    ],
    [
      5478,
      25478,
      15478
    ],
    [
      5479,
      25479,
      15479
    ],
    [
      5480,
      25480,
      15480
    ],
    [
      5481,
      25481,
      15481
    ],
    [
      5482,
      25482,
      15482
    ],
    [
      5483,
      25483,
      15483
    ],
    [
      5484,
      25484,
      15484
    ],
    [
      5485,
      25485,
      15485
    ],
    [
      5486,
      25486,
      15486
    ],
    [
      5487,
      25487,
      15487
    ],
    [
      5488,
      25488,
      15488
    ],
    [
      5489,
      25489,
      15489
    ],
    [
      5490,
      25490,
      15490
    ],
    [
      5491,
      25491,
      15491
    ],
    [
      5492,
      25492,
      15492
    ],
    [
      5493,
      25493,
      15493
    ],
    [
      5494,
      25494,
      15494
    ],
    [
      5495,
      25495,
      15495
    ],
    [
      5496,
      25496,
      15496
    ],
    [
      5497,
      25497,
      15497
    ],
    [
      5498,
      25498,
      15498
    ],
    [
      5499,
      25499,
      15499
    ],
    [
      5500,
      25500,
      15500
    ],
    [
      5501,
      25501,
      15501
    ],
    [
      5502,
      25502,
      15502
    ],
    [
      5503,
      25503,
      15503
    ],
    [
      5504,
      25504,
      15504
    ],
    [
      5505,
      25505,
      15505
    ],
    [
      5506,
      25506,
      15506
    ],
    [
      5507,
      25507,
      15507
    ],
    [
      5508,
      25508,
      15508
    ],
    [
      5509,
      25509,
      15509
    ],
    [
      5510,
      25510,
      15510
    ],
    [
      5511,
      25511,
      15511
    ],
    [
      5512,
      25512,
      15512
    ],
    [
      5513,
      25513,
      15513
    ],
    [
      5514,
      25514,
      15514
    ],
    [
      5515,
      25515,
      15515
    ],
    [
      5516,
      25516,
      15516
    ],
    [
      5517,
      25517,
      15517
    ],
    [
      5518,
      25518,
      15518
    ],
    [
      5519,
      25519,
      15519
    ],
    [
      5520,
      25520,
      15520
    ],
    [
      5521,
      25521,
      15521
    ],
    [
      5522,
      25522,
      15522
    ],
    [
      5523,
      25523,
      15523
    ],
    [
      5524,
      25524,
      15524
    ],
    [
      5525,
      25525,
      15525
    ],
    [
      5526,
      25526,
      15526
    ],
    [
      5527,
      25527,
      15527
    ],
    [
      5528,
      25528,
      15528
    ],
    [
      5529,
      25529,
      15529
    ],
    [
      5530,
      25530,
      15530
    ],
    [
      5531,
      25531,
      15531
    ],
    [
      5532,
      25532,
      15532
    ],
    [
      5533,
      25533,
      15533
    ],
    [
      5534,
      25534,
      15534
    ],
    [
      5535,
      25535,
      15535
    ],
    [
      5536,
      25536,
      15536
    ],
    [
      5537,
      25537,
      15537
    ],
    [
      5538,
      25538,
      15538
    ],
    [
      5539,
      25539,
      15539
    ],
    [
      5540,
      25540,
      15540
    ],
    [
      5541,
      25541,
      15541
    ],
    [
      5542,
      25542,
      15542
    ],
    [
      5543,
      25543,
      15543
    ],
    [
      5544,
      25544,
      15544
    ],
    [
      5545,
      25545,
      15545
    ],
    [
      5546,
      25546,
      15546
    ],
    [
      5547,
      25547,
      15547
    ],
    [
      5548,
      25548,
      15548
    ],
    [
      5549,
      25549,
      15549
    ],
    [
      5550,
      25550,
      15550
    ],
    [
      5551,
      25551,
      15551
    ],
    [
      5552,
      25552,
      15552
    ],
    [
      5553,
      25553,
      15553
    ],
    [
      5554,
      25554,
      15554
    ],
    [
      5555,
      25555,
      15555
    ],
    [
      5556,
      25556,
      15556
    ],
    [
      5557,
      25557,
      15557
    ],
    [
      5558,
      25558,
      15558
    ],
    [
      5559,
      25559,
      15559
    ],
    [
      5560,
      25560,
      15560
    ],
    [
      5561,
      25561,
      15561
    ],
    [
      5562,
      25562,
      15562
    ],
    [
      5563,
      25563,
      15563
    ],
    [
      5564,
      25564,
      15564
    ],
    [
      5565,
      25565,
      15565
    ],
    [
      5566,
      25566,
      15566
    ],
    [
      5567,
      25567,
      15567
    ],
    [
      5568,
      25568,
      15568
    ],
    [
      5569,
      25569,
      15569
    ],
    [
      5570,
      25570,
      15570
    ],
    [
      5571,
      25571,
      15571
    ],
    [
      5572,
      25572,
      15572
    ],
    [
      5573,
      25573,
      15573
    ],
    [
      5574,
      25574,
      15574
    ],
    [
      5575,
      25575,
      15575
    ],
    [
      5576,
      25576,
      15576
    ],
    [
      5577,
      25577,
      15577
    ],
    [
      5578,
      25578,
      15578
    ],
    [
      5579,
      25579,
      15579
    ],
    [
      5580,
      25580,
      15580
    ],
    [
      5581,
      25581,
      15581
    ],
    [
      5582,
      25582,
      15582
    ],
    [
      5583,
      25583,
      15583
    ],
    [
      5584,
      25584,
      15584
    ],
    [
      5585,
      25585,
      15585
    ],
    [
      5586,
      25586,
      15586
    ],
    [
      5587,
      25587,
      15587
    ],
    [
      5588,
      25588,
      15588
    ],
    [
      5589,
      25589,
      15589
    ],
    [
      5590,
      25590,
      15590
    ],
    [
      5591,
      25591,
      15591
    ],
    [
      5592,
      25592,
      15592
    ],
    [
      5593,
      25593,
      15593
    ],
    [
      5594,
      25594,
      15594
    ],
    [
      5595,
      25595,
      15595
    ],
    [
      5596,
      25596,
      15596
    ],
    [
      5597,
      25597,
      15597
    ],
    [
      5598,
      25598,
      15598
    ],
    [
      5599,
      25599,
      15599
    ],
    [
      5600,
      25600,
      15600
    ],
    [
      5601,
      25601,
      15601
    ],
    [
      5602,
      25602,
      15602
    ],
    [
      5603,
      25603,
      15603
    ],
    [
      5604,
      25604,
      15604
    ],
    [
      5605,
      25605,
      15605
    ],
    [
      5606,
      25606,
      15606
    ],
    [
      5607,
      25607,
      15607
    ],
    [
      5608,
      25608,
      15608
    ],
    [
      5609,
      25609,
      15609
    ],
    [
      5610,
      25610,
      15610
    ],
    [
      5611,
      25611,
      15611
    ],
    [
      5612,
      25612,
      15612
    ],
    [
      5613,
      25613,
      15613
    ],
    [
      5614,
      25614,
      15614
    ],
    [
      5615,
      25615,
      15615
    ],
    [
      5616,
      25616,
      15616
    ],
    [
      5617,
      25617,
      15617
    ],
    [
      5618,
      25618,
      15618
    ],
    [
      5619,
      25619,
      15619
    ],
    [
      5620,
      25620,
      15620
    ],
    [
      5621,
      25621,
      15621
    ],
    [
      5622,
      25622,
      15622
    ],
    [
      5623,
      25623,
      15623
    ],
    [
      5624,
      25624,
      15624
    ],
    [
      5625,
      25625,
      15625
    ],
    [
      5626,
      25626,
      15626
    ],
    [
      5627,
      25627,
      15627
    ],
    [
      5628,
      25628,
      15628
    ],
    [
      5629,
      25629,
      15629
    ],
    [
      5630,
      25630,
      15630
    ],
    [
      5631,
      25631,
      15631
    ],
    [
      5632,
      25632,
      15632
    ],
    [
      5633,
      25633,
      15633
    ],
    [
      5634,
      25634,
      15634
    ],
    [
      5635,
      25635,
      15635
    ],
    [
      5636,
      25636,
      15636
    ],
    [
      5637,
      25637,
      15637
    ],
    [
      5638,
      25638,
      15638
    ],
    [
      5639,
      25639,
      15639
    ],
    [
      5640,
      25640,
      15640
    ],
    [
      5641,
      25641,
      15641
    ],
    [
      5642,
      25642,
      15642
    ],
    [
      5643,
      25643,
      15643
    ],
    [
      5644,
      25644,
      15644
    ],
    [
      5645,
      25645,
      15645
    ],
    [
      5646,
      25646,
      15646
    ],
    [
      5647,
      25647,
      15647
    ],
    [
      5648,
      25648,
      15648
    ],
    [
      5649,
      25649,
      15649
    ],
    [
      5650,
      25650,
      15650
    ],
    [
      5651,
      25651,
      15651
    ],
    [
      5652,
      25652,
      15652
    ],
    [
      5653,
      25653,
      15653
    ],
    [
      5654,
      25654,
      15654
    ],
    [
      5655,
      25655,
      15655
    ],
    [
      5656,
      25656,
      15656
    ],
    [
      5657,
      25657,
      15657
    ],
    [
      5658,
      25658,
      15658
    ],
    [
      5659,
      25659,
      15659
    ],
    [
      5660,
      25660,
      15660
    ],
    [
      5661,
      25661,
      15661
    ],
    [
      5662,
      25662,
      15662
    ],
    [
      5663,
      25663,
      15663
    ],
    [
      5664,
      25664,
      15664
    ],
    [
      5665,
      25665,
      15665
    ],
    [
      5666,
      25666,
      15666
    ],
    [
      5667,
      25667,
      15667
    ],
    [
      5668,
      25668,
      15668
    ],
    [
      5669,
      25669,
      15669
    ],
    [
      5670,
      25670,
      15670
    ],
    [
      5671,
      25671,
      15671
    ],
    [
      5672,
      25672,
      15672
    ],
    [
      5673,
      25673,
      15673
    ],
    [
      5674,
      25674,
      15674
    ],
    [
      5675,
      25675,
      15675
    ],
    [
      5676,
      25676,
      15676
    ],
    [
      5677,
      25677,
      15677
    ],
    [
      5678,
      25678,
      15678
    ],
    [
      5679,
      25679,
      15679
    ],
    [
      5680,
      25680,
      15680
    ],
    [
      5681,
      25681,
      15681
    ],
    [
      5682,
      25682,
      15682
    ],
    [
      5683,
      25683,
      15683
    ],
    [
      5684,
      25684,
      15684
    ],
    [
      5685,
      25685,
      15685
    ],
    [
      5686,
      25686,
      15686
    ],
    [
      5687,
      25687,
      15687
    ],
    [
      5688,
      25688,
      15688
    ],
    [
      5689,
      25689,
      15689
    ],
    [
      5690,
      25690,
      15690
    ],
    [
      5691,
      25691,
      15691
    ],
    [
      5692,
      25692,
      15692
    ],
    [
      5693,
      25693,
      15693
    ],
    [
      5694,
      25694,
      15694
    ],
    [
      5695,
      25695,
      15695
    ],
    [
      5696,
      25696,
      15696
    ],
    [
      5697,
      25697,
      15697
    ],
    [
      5698,
      25698,
      15698
    ],
    [
      5699,
      25699,
      15699
    ],
    [
      5700,
      25700,
      15700
    ],
    [
      5701,
      25701,
      15701
    ],
    [
      5702,
      25702,
      15702
    ],
    [
      5703,
      25703,
      15703
    ],
    [
      5704,
      25704,
      15704
    ],
    [
      5705,
      25705,
      15705
    ],
    [
      5706,
      25706,
      15706
    ],
    [
      5707,
      25707,
      15707
    ],
    [
      5708,
      25708,
      15708
    ],
    [
      5709,
      25709,
      15709
    ],
    [
      5710,
      25710,
      15710
    ],
    [
      5711,
      25711,
      15711
    ],
    [
      5712,
      25712,
      15712
    ],
    [
      5713,
      25713,
      15713
    ],
    [
      5714,
      25714,
      15714
    ],
    [
      5715,
      25715,
      15715
    ],
    [
      5716,
      25716,
      15716
    ],
    [
      5717,
      25717,
      15717
    ],
    [
      5718,
      25718,
      15718
    ],
    [
      5719,
      25719,
      15719
    ],
    [
      5720,
      25720,
      15720
    ],
    [
      5721,
      25721,
      15721
    ],
    [
      5722,
      25722,
      15722
    ],
    [
      5723,
      25723,
      15723
    ],
    [
      5724,
      25724,
      15724
    ],
    [
      5725,
      25725,
      15725
    ],
    [
      5726,
      25726,
      15726
    ],
    [
      5727,
      25727,
      15727
    ],
    [
      5728,
      25728,
      15728
    ],
    [
      5729,
      25729,
      15729
    ],
    [
      5730,
      25730,
      15730
    ],
    [
      5731,
      25731,
      15731
    ],
    [
      5732,
      25732,
      15732
    ],
    [
      5733,
      25733,
      15733
    ],
    [
      5734,
      25734,
      15734
    ],
    [
      5735,
      25735,
      15735
    ],
    [
      5736,
      25736,
      15736
    ],
    [
      5737,
      25737,
      15737
    ],
    [
      5738,
      25738,
      15738
    ],
    [
      5739,
      25739,
      15739
    ],
    [
      5740,
      25740,
      15740
    ],
    [
      5741,
      25741,
      15741
    ],
    [
      5742,
      25742,
      15742
    ],
    [
      5743,
      25743,
      15743
    ],
    [
      5744,
      25744,
      15744
    ],
    [
      5745,
      25745,
      15745
    ],
    [
      5746,
      25746,
      15746
    ],
    [
      5747,
      25747,
      15747
    ],
    [
      5748,
      25748,
      15748
    ],
    [
      5749,
      25749,
      15749
    ],
    [
      5750,
      25750,
      15750
    ],
    [
      5751,
      25751,
      15751
    ],
    [
      5752,
      25752,
      15752
    ],
    [
      5753,
      25753,
      15753
    ],
    [
      5754,
      25754,
      15754
    ],
    [
      5755,
      25755,
      15755
    ],
    [
      5756,
      25756,
      15756
    ],
    [
      5757,
      25757,
      15757
    ],
    [
      5758,
      25758,
      15758
    ],
    [
      5759,
      25759,
      15759
    ],
    [
      5760,
      25760,
      15760
    ],
    [
      5761,
      25761,
      15761
    ],
    [
      5762,
      25762,
      15762
    ],
    [
      5763,
      25763,
      15763
    ],
    [
      5764,
      25764,
      15764
    ],
    [
      5765,
      25765,
      15765
    ],
    [
      5766,
      25766,
      15766
    ],
    [
      5767,
      25767,
      15767
    ],
    [
      5768,
      25768,
      15768
    ],
    [
      5769,
      25769,
      15769
    ],
    [
      5770,
      25770,
      15770
    ],
    [
      5771,
      25771,
      15771
    ],
    [
      5772,
      25772,
      15772
    ],
    [
      5773,
      25773,
      15773
    ],
    [
      5774,
      25774,
      15774
    ],
    [
      5775,
      25775,
      15775
    ],
    [
      5776,
      25776,
      15776
    ],
    [
      5777,
      25777,
      15777
    ],
    [
      5778,
      25778,
      15778
    ],
    [
      5779,
      25779,
      15779
    ],
    [
      5780,
      25780,
      15780
    ],
    [
      5781,
      25781,
      15781
    ],
    [
      5782,
      25782,
      15782
    ],
    [
      5783,
      25783,
      15783
    ],
    [
      5784,
      25784,
      15784
    ],
    [
      5785,
      25785,
      15785
    ],
    [
      5786,
      25786,
      15786
    ],
    [
      5787,
      25787,
      15787
    ],
    [
      5788,
      25788,
      15788
    ],
    [
      5789,
      25789,
      15789
    ],
    [
      5790,
      25790,
      15790
    ],
    [
      5791,
      25791,
      15791
    ],
    [
      5792,
      25792,
      15792
    ],
    [
      5793,
      25793,
      15793
    ],
    [
      5794,
      25794,
      15794
    ],
    [
      5795,
      25795,
      15795
    ],
    [
      5796,
      25796,
      15796
    ],
    [
      5797,
      25797,
      15797
    ],
    [
      5798,
      25798,
      15798
    ],
    [
      5799,
      25799,
      15799
    ],
    [
      5800,
      25800,
      15800
    ],
    [
      5801,
      25801,
      15801
    ],
    [
      5802,
      25802,
      15802
    ],
    [
      5803,
      25803,
      15803
    ],
    [
      5804,
      25804,
      15804
    ],
    [
      5805,
      25805,
      15805
    ],
    [
      5806,
      25806,
      15806
    ],
    [
      5807,
      25807,
      15807
    ],
    [
      5808,
      25808,
      15808
    ],
    [
      5809,
      25809,
      15809
    ],
    [
      5810,
      25810,
      15810
    ],
    [
      5811,
      25811,
      15811
    ],
    [
      5812,
      25812,
      15812
    ],
    [
      5813,
      25813,
      15813
    ],
    [
      5814,
      25814,
      15814
    ],
    [
      5815,
      25815,
      15815
    ],
    [
      5816,
      25816,
      15816
    ],
    [
      5817,
      25817,
      15817
    ],
    [
      5818,
      25818,
      15818
    ],
    [
      5819,
      25819,
      15819
    ],
    [
      5820,
      25820,
      15820
    ],
    [
      5821,
      25821,
      15821
    ],
    [
      5822,
      25822,
      15822
    ],
    [
      5823,
      25823,
      15823
    ],
    [
      5824,
      25824,
      15824
    ],
    [
      5825,
      25825,
      15825
    ],
    [
      5826,
      25826,
      15826
    ],
    [
      5827,
      25827,
      15827
    ],
    [
      5828,
      25828,
      15828
    ],
    [
      5829,
      25829,
      15829
    ],
    [
      5830,
      25830,
      15830
    ],
    [
      5831,
      25831,
      15831
    ],
    [
      5832,
      25832,
      15832
    ],
    [
      5833,
      25833,
      15833
    ],
    [
      5834,
      25834,
      15834
    ],
    [
      5835,
      25835,
      15835
    ],
    [
      5836,
      25836,
      15836
    ],
    [
      5837,
      25837,
      15837
    ],
    [
      5838,
      25838,
      15838
    ],
    [
      5839,
      25839,
      15839
    ],
    [
      5840,
      25840,
      15840
    ],
    [
      5841,
      25841,
      15841
    ],
    [
      5842,
      25842,
      15842
    ],
    [
      5843,
      25843,
      15843
    ],
    [
      5844,
      25844,
      15844
    ],
    [
      5845,
      25845,
      15845
    ],
    [
      5846,
      25846,
      15846
    ],
    [
      5847,
      25847,
      15847
    ],
    [
      5848,
      25848,
      15848
    ],
    [
      5849,
      25849,
      15849
    ],
    [
      5850,
      25850,
      15850
    ],
    [
      5851,
      25851,
      15851
    ],
    [
      5852,
      25852,
      15852
    ],
    [
      5853,
      25853,
      15853
    ],
    [
      5854,
      25854,
      15854
    ],
    [
      5855,
      25855,
      15855
    ],
    [
      5856,
      25856,
      15856
    ],
    [
      5857,
      25857,
      15857
    ],
    [
      5858,
      25858,
      15858
    ],
    [
      5859,
      25859,
      15859
    ],
    [
      5860,
      25860,
      15860
    ],
    [
      5861,
      25861,
      15861
    ],
    [
      5862,
      25862,
      15862
    ],
    [
      5863,
      25863,
      15863
    ],
    [
      5864,
      25864,
      15864
    ],
    [
      5865,
      25865,
      15865
    ],
    [
      5866,
      25866,
      15866
    ],
    [
      5867,
      25867,
      15867
    ],
    [
      5868,
      25868,
      15868
    ],
    [
      5869,
      25869,
      15869
    ],
    [
      5870,
      25870,
      15870
    ],
    [
      5871,
      25871,
      15871
    ],
    [
      5872,
      25872,
      15872
    ],
    [
      5873,
      25873,
      15873
    ],
    [
      5874,
      25874,
      15874
    ],
    [
      5875,
      25875,
      15875
    ],
    [
      5876,
      25876,
      15876
    ],
    [
      5877,
      25877,
      15877
    ],
    [
      5878,
      25878,
      15878
    ],
    [
      5879,
      25879,
      15879
    ],
    [
      5880,
      25880,
      15880
    ],
    [
      5881,
      25881,
      15881
    ],
    [
      5882,
      25882,
      15882
    ],
    [
      5883,
      25883,
      15883
    ],
    [
      5884,
      25884,
      15884
    ],
    [
      5885,
      25885,
      15885
    ],
    [
      5886,
      25886,
      15886
    ],
    [
      5887,
      25887,
      15887
    ],
    [
      5888,
      25888,
      15888
    ],
    [
      5889,
      25889,
      15889
    ],
    [
      5890,
      25890,
      15890
    ],
    [
      5891,
      25891,
      15891
    ],
    [
      5892,
      25892,
      15892
    ],
    [
      5893,
      25893,
      15893
    ],
    [
      5894,
      25894,
      15894
    ],
    [
      5895,
      25895,
      15895
    ],
    [
      5896,
      25896,
      15896
    ],
    [
      5897,
      25897,
      15897
    ],
    [
      5898,
      25898,
      15898
    ],
    [
      5899,
      25899,
      15899
    ],
    [
      5900,
      25900,
      15900
    ],
    [
      5901,
      25901,
      15901
    ],
    [
      5902,
      25902,
      15902
    ],
    [
      5903,
      25903,
      15903
    ],
    [
      5904,
      25904,
      15904
    ],
    [
      5905,
      25905,
      15905
    ],
    [
      5906,
      25906,
      15906
    ],
    [
      5907,
      25907,
      15907
    ],
    [
      5908,
      25908,
      15908
    ],
    [
      5909,
      25909,
      15909
    ],
    [
      5910,
      25910,
      15910
    ],
    [
      5911,
      25911,
      15911
    ],
    [
      5912,
      25912,
      15912
    ],
    [
      5913,
      25913,
      15913
    ],
    [
      5914,
      25914,
      15914
    ],
    [
      5915,
      25915,
      15915
    ],
    [
      5916,
      25916,
      15916
    ],
    [
      5917,
      25917,
      15917
    ],
    [
      5918,
      25918,
      15918
    ],
    [
      5919,
      25919,
      15919
    ],
    [
      5920,
      25920,
      15920
    ],
    [
      5921,
      25921,
      15921
    ],
    [
      5922,
      25922,
      15922
    ],
    [
      5923,
      25923,
      15923
    ],
    [
      5924,
      25924,
      15924
    ],
    [
      5925,
      25925,
      15925
    ],
    [
      5926,
      25926,
      15926
    ],
    [
      5927,
      25927,
      15927
    ],
    [
      5928,
      25928,
      15928
    ],
    [
      5929,
      25929,
      15929
    ],
    [
      5930,
      25930,
      15930
    ],
    [
      5931,
      25931,
      15931
    ],
    [
      5932,
      25932,
      15932
    ],
    [
      5933,
      25933,
      15933
    ],
    [
      5934,
      25934,
      15934
    ],
    [
      5935,
      25935,
      15935
    ],
    [
      5936,
      25936,
      15936
    ],
    [
      5937,
      25937,
      15937
    ],
    [
      5938,
      25938,
      15938
    ],
    [
      5939,
      25939,
      15939
    ],
    [
      5940,
      25940,
      15940
    ],
    [
      5941,
      25941,
      15941
    ],
    [
      5942,
      25942,
      15942
    ],
    [
      5943,
      25943,
      15943
    ],
    [
      5944,
      25944,
      15944
    ],
    [
      5945,
      25945,
      15945
    ],
    [
      5946,
      25946,
      15946
    ],
    [
      5947,
      25947,
      15947
    ],
    [
      5948,
      25948,
      15948
    ],
    [
      5949,
      25949,
      15949
    ],
    [
      5950,
      25950,
      15950
    ],
    [
      5951,
      25951,
      15951
    ],
    [
      5952,
      25952,
      15952
    ],
    [
      5953,
      25953,
      15953
    ],
    [
      5954,
      25954,
      15954
    ],
    [
      5955,
      25955,
      15955
    ],
    [
      5956,
      25956,
      15956
    ],
    [
      5957,
      25957,
      15957
    ],
    [
      5958,
      25958,
      15958
    ],
    [
      5959,
      25959,
      15959
    ],
    [
      5960,
      25960,
      15960
    ],
    [
      5961,
      25961,
      15961
    ],
    [
      5962,
      25962,
      15962
    ],
    [
      5963,
      25963,
      15963
    ],
    [
      5964,
      25964,
      15964
    ],
    [
      5965,
      25965,
      15965
    ],
    [
      5966,
      25966,
      15966
    ],
    [
      5967,
      25967,
      15967
    ],
    [
      5968,
      25968,
      15968
    ],
    [
      5969,
      25969,
      15969
    ],
    [
      5970,
      25970,
      15970
    ],
    [
      5971,
      25971,
      15971
    ],
    [
      5972,
      25972,
      15972
    ],
    [
      5973,
      25973,
      15973
    ],
    [
      5974,
      25974,
      15974
    ],
    [
      5975,
      25975,
      15975
    ],
    [
      5976,
      25976,
      15976
    ],
    [
      5977,
      25977,
      15977
    ],
    [
      5978,
      25978,
      15978
    ],
    [
      5979,
      25979,
      15979
    ],
    [
      5980,
      25980,
      15980
    ],
    [
      5981,
      25981,
      15981
    ],
    [
      5982,
      25982,
      15982
    ],
    [
      5983,
      25983,
      15983
    ],
    [
      5984,
      25984,
      15984
    ],
    [
      5985,
      25985,
      15985
    ],
    [
      5986,
      25986,
      15986
    ],
    [
      5987,
      25987,
      15987
    ],
    [
      5988,
      25988,
      15988
    ],
    [
      5989,
      25989,
      15989
    ],
    [
      5990,
      25990,
      15990
    ],
    [
      5991,
      25991,
      15991
    ],
    [
      5992,
      25992,
      15992
    ],
    [
      5993,
      25993,
      15993
    ],
    [
      5994,
      25994,
      15994
    ],
    [
      5995,
      25995,
      15995
    ],
    [
      5996,
      25996,
      15996
    ],
    [
      5997,
      25997,
      15997
    ],
    [
      5998,
      25998,
      15998
    ],
    [
      5999,
      25999,
      15999
    ],
    [
      6000,
      26000,
      16000
    ],
    [
      6001,
      26001,
      16001
    ],
    [
      6002,
      26002,
      16002
    ],
    [
      6003,
      26003,
      16003
    ],
    [
      6004,
      26004,
      16004
    ],
    [
      6005,
      26005,
      16005
    ],
    [
      6006,
      26006,
      16006
    ],
    [
      6007,
      26007,
      16007
    ],
    [
      6008,
      26008,
      16008
    ],
    [
      6009,
      26009,
      16009
    ],
    [
      6010,
      26010,
      16010
    ],
    [
      6011,
      26011,
      16011
    ],
    [
      6012,
      26012,
      16012
    ],
    [
      6013,
      26013,
      16013
    ],
    [
      6014,
      26014,
      16014
    ],
    [
      6015,
      26015,
      16015
    ],
    [
      6016,
      26016,
      16016
    ],
    [
      6017,
      26017,
      16017
    ],
    [
      6018,
      26018,
      16018
    ],
    [
      6019,
      26019,
      16019
    ],
    [
      6020,
      26020,
      16020
    ],
    [
      6021,
      26021,
      16021
    ],
    [
      6022,
      26022,
      16022
    ],
    [
      6023,
      26023,
      16023
    ],
    [
      6024,
      26024,
      16024
    ],
    [
      6025,
      26025,
      16025
    ],
    [
      6026,
      26026,
      16026
    ],
    [
      6027,
      26027,
      16027
    ],
    [
      6028,
      26028,
      16028
    ],
    [
      6029,
      26029,
      16029
    ],
    [
      6030,
      26030,
      16030
    ],
    [
      6031,
      26031,
      16031
    ],
    [
      6032,
      26032,
      16032
    ],
    [
      6033,
      26033,
      16033
    ],
    [
      6034,
      26034,
      16034
    ],
    [
      6035,
      26035,
      16035
    ],
    [
      6036,
      26036,
      16036
    ],
    [
      6037,
      26037,
      16037
    ],
    [
      6038,
      26038,
      16038
    ],
    [
      6039,
      26039,
      16039
    ],
    [
      6040,
      26040,
      16040
    ],
    [
      6041,
      26041,
      16041
    ],
    [
      6042,
      26042,
      16042
    ],
    [
      6043,
      26043,
      16043
    ],
    [
      6044,
      26044,
      16044
    ],
    [
      6045,
      26045,
      16045
    ],
    [
      6046,
      26046,
      16046
    ],
    [
      6047,
      26047,
      16047
    ],
    [
      6048,
      26048,
      16048
    ],
    [
      6049,
      26049,
      16049
    ],
    [
      6050,
      26050,
      16050
    ],
    [
      6051,
      26051,
      16051
    ],
    [
      6052,
      26052,
      16052
    ],
    [
      6053,
      26053,
      16053
    ],
    [
      6054,
      26054,
      16054
    ],
    [
      6055,
      26055,
      16055
    ],
    [
      6056,
      26056,
      16056
    ],
    [
      6057,
      26057,
      16057
    ],
    [
      6058,
      26058,
      16058
    ],
    [
      6059,
      26059,
      16059
    ],
    [
      6060,
      26060,
      16060
    ],
    [
      6061,
      26061,
      16061
    ],
    [
      6062,
      26062,
      16062
    ],
    [
      6063,
      26063,
      16063
    ],
    [
      6064,
      26064,
      16064
    ],
    [
      6065,
      26065,
      16065
    ],
    [
      6066,
      26066,
      16066
    ],
    [
      6067,
      26067,
      16067
    ],
    [
      6068,
      26068,
      16068
    ],
    [
      6069,
      26069,
      16069
    ],
    [
      6070,
      26070,
      16070
    ],
    [
      6071,
      26071,
      16071
    ],
    [
      6072,
      26072,
      16072
    ],
    [
      6073,
      26073,
      16073
    ],
    [
      6074,
      26074,
      16074
    ],
    [
      6075,
      26075,
      16075
    ],
    [
      6076,
      26076,
      16076
    ],
    [
      6077,
      26077,
      16077
    ],
    [
      6078,
      26078,
      16078
    ],
    [
      6079,
      26079,
      16079
    ],
    [
      6080,
      26080,
      16080
    ],
    [
      6081,
      26081,
      16081
    ],
    [
      6082,
      26082,
      16082
    ],
    [
      6083,
      26083,
      16083
    ],
    [
      6084,
      26084,
      16084
    ],
    [
      6085,
      26085,
      16085
    ],
    [
      6086,
      26086,
      16086
    ],
    [
      6087,
      26087,
      16087
    ],
    [
      6088,
      26088,
      16088
    ],
    [
      6089,
      26089,
      16089
    ],
    [
      6090,
      26090,
      16090
    ],
    [
      6091,
      26091,
      16091
    ],
    [
      6092,
      26092,
      16092
    ],
    [
      6093,
      26093,
      16093
    ],
    [
      6094,
      26094,
      16094
    ],
    [
      6095,
      26095,
      16095
    ],
    [
      6096,
      26096,
      16096
    ],
    [
      6097,
      26097,
      16097
    ],
    [
      6098,
      26098,
      16098
    ],
    [
      6099,
      26099,
      16099
    ],
    [
      6100,
      26100,
      16100
    ],
    [
      6101,
      26101,
      16101
    ],
    [
      6102,
      26102,
      16102
    ],
    [
      6103,
      26103,
      16103
    ],
    [
      6104,
      26104,
      16104
    ],
    [
      6105,
      26105,
      16105
    ],
    [
      6106,
      26106,
      16106
    ],
    [
      6107,
      26107,
      16107
    ],
    [
      6108,
      26108,
      16108
    ],
    [
      6109,
      26109,
      16109
    ],
    [
      6110,
      26110,
      16110
    ],
    [
      6111,
      26111,
      16111
    ],
    [
      6112,
      26112,
      16112
    ],
    [
      6113,
      26113,
      16113
    ],
    [
      6114,
      26114,
      16114
    ],
    [
      6115,
      26115,
      16115
    ],
    [
      6116,
      26116,
      16116
    ],
    [
      6117,
      26117,
      16117
    ],
    [
      6118,
      26118,
      16118
    ],
    [
      6119,
      26119,
      16119
    ],
    [
      6120,
      26120,
      16120
    ],
    [
      6121,
      26121,
      16121
    ],
    [
      6122,
      26122,
      16122
    ],
    [
      6123,
      26123,
      16123
    ],
    [
      6124,
      26124,
      16124
    ],
    [
      6125,
      26125,
      16125
    ],
    [
      6126,
      26126,
      16126
    ],
    [
      6127,
      26127,
      16127
    ],
    [
      6128,
      26128,
      16128
    ],
    [
      6129,
      26129,
      16129
    ],
    [
      6130,
      26130,
      16130
    ],
    [
      6131,
      26131,
      16131
    ],
    [
      6132,
      26132,
      16132
    ],
    [
      6133,
      26133,
      16133
    ],
    [
      6134,
      26134,
      16134
    ],
    [
      6135,
      26135,
      16135
    ],
    [
      6136,
      26136,
      16136
    ],
    [
      6137,
      26137,
      16137
    ],
    [
      6138,
      26138,
      16138
    ],
    [
      6139,
      26139,
      16139
    ],
    [
      6140,
      26140,
      16140
    ],
    [
      6141,
      26141,
      16141
    ],
    [
      6142,
      26142,
      16142
    ],
    [
      6143,
      26143,
      16143
    ],
    [
      6144,
      26144,
      16144
    ],
    [
      6145,
      26145,
      16145
    ],
    [
      6146,
      26146,
      16146
    ],
    [
      6147,
      26147,
      16147
    ],
    [
      6148,
      26148,
      16148
    ],
    [
      6149,
      26149,
      16149
    ],
    [
      6150,
      26150,
      16150
    ],
    [
      6151,
      26151,
      16151
    ],
    [
      6152,
      26152,
      16152
    ],
    [
      6153,
      26153,
      16153
    ],
    [
      6154,
      26154,
      16154
    ],
    [
      6155,
      26155,
      16155
    ],
    [
      6156,
      26156,
      16156
    ],
    [
      6157,
      26157,
      16157
    ],
    [
      6158,
      26158,
      16158
    ],
    [
      6159,
      26159,
      16159
    ],
    [
      6160,
      26160,
      16160
    ],
    [
      6161,
      26161,
      16161
    ],
    [
      6162,
      26162,
      16162
    ],
    [
      6163,
      26163,
      16163
    ],
    [
      6164,
      26164,
      16164
    ],
    [
      6165,
      26165,
      16165
    ],
    [
      6166,
      26166,
      16166
    ],
    [
      6167,
      26167,
      16167
    ],
    [
      6168,
      26168,
      16168
    ],
    [
      6169,
      26169,
      16169
    ],
    [
      6170,
      26170,
      16170
    ],
    [
      6171,
      26171,
      16171
    ],
    [
      6172,
      26172,
      16172
    ],
    [
      6173,
      26173,
      16173
    ],
    [
      6174,
      26174,
      16174
    ],
    [
      6175,
      26175,
      16175
    ],
    [
      6176,
      26176,
      16176
    ],
    [
      6177,
      26177,
      16177
    ],
    [
      6178,
      26178,
      16178
    ],
    [
      6179,
      26179,
      16179
    ],
    [
      6180,
      26180,
      16180
    ],
    [
      6181,
      26181,
      16181
    ],
    [
      6182,
      26182,
      16182
    ],
    [
      6183,
      26183,
      16183
    ],
    [
      6184,
      26184,
      16184
    ],
    [
      6185,
      26185,
      16185
    ],
    [
      6186,
      26186,
      16186
    ],
    [
      6187,
      26187,
      16187
    ],
    [
      6188,
      26188,
      16188
    ],
    [
      6189,
      26189,
      16189
    ],
    [
      6190,
      26190,
      16190
    ],
    [
      6191,
      26191,
      16191
    ],
    [
      6192,
      26192,
      16192
    ],
    [
      6193,
      26193,
      16193
    ],
    [
      6194,
      26194,
      16194
    ],
    [
      6195,
      26195,
      16195
    ],
    [
      6196,
      26196,
      16196
    ],
    [
      6197,
      26197,
      16197
    ],
    [
      6198,
      26198,
      16198
    ],
    [
      6199,
      26199,
      16199
    ],
    [
      6200,
      26200,
      16200
    ],
    [
      6201,
      26201,
      16201
    ],
    [
      6202,
      26202,
      16202
    ],
    [
      6203,
      26203,
      16203
    ],
    [
      6204,
      26204,
      16204
    ],
    [
      6205,
      26205,
      16205
    ],
    [
      6206,
      26206,
      16206
    ],
    [
      6207,
      26207,
      16207
    ],
    [
      6208,
      26208,
      16208
    ],
    [
      6209,
      26209,
      16209
    ],
    [
      6210,
      26210,
      16210
    ],
    [
      6211,
      26211,
      16211
    ],
    [
      6212,
      26212,
      16212
    ],
    [
      6213,
      26213,
      16213
    ],
    [
      6214,
      26214,
      16214
    ],
    [
      6215,
      26215,
      16215
    ],
    [
      6216,
      26216,
      16216
    ],
    [
      6217,
      26217,
      16217
    ],
    [
      6218,
      26218,
      16218
    ],
    [
      6219,
      26219,
      16219
    ],
    [
      6220,
      26220,
      16220
    ],
    [
      6221,
      26221,
      16221
    ],
    [
      6222,
      26222,
      16222
    ],
    [
      6223,
      26223,
      16223
    ],
    [
      6224,
      26224,
      16224
    ],
    [
      6225,
      26225,
      16225
    ],
    [
      6226,
      26226,
      16226
    ],
    [
      6227,
      26227,
      16227
    ],
    [
      6228,
      26228,
      16228
    ],
    [
      6229,
      26229,
      16229
    ],
    [
      6230,
      26230,
      16230
    ],
    [
      6231,
      26231,
      16231
    ],
    [
      6232,
      26232,
      16232
    ],
    [
      6233,
      26233,
      16233
    ],
    [
      6234,
      26234,
      16234
    ],
    [
      6235,
      26235,
      16235
    ],
    [
      6236,
      26236,
      16236
    ],
    [
      6237,
      26237,
      16237
    ],
    [
      6238,
      26238,
      16238
    ],
    [
      6239,
      26239,
      16239
    ],
    [
      6240,
      26240,
      16240
    ],
    [
      6241,
      26241,
      16241
    ],
    [
      6242,
      26242,
      16242
    ],
    [
      6243,
      26243,
      16243
    ],
    [
      6244,
      26244,
      16244
    ],
    [
      6245,
      26245,
      16245
    ],
    [
      6246,
      26246,
      16246
    ],
    [
      6247,
      26247,
      16247
    ],
    [
      6248,
      26248,
      16248
    ],
    [
      6249,
      26249,
      16249
    ],
    [
      6250,
      26250,
      16250
    ],
    [
      6251,
      26251,
      16251
    ],
    [
      6252,
      26252,
      16252
    ],
    [
      6253,
      26253,
      16253
    ],
    [
      6254,
      26254,
      16254
    ],
    [
      6255,
      26255,
      16255
    ],
    [
      6256,
      26256,
      16256
    ],
    [
      6257,
      26257,
      16257
    ],
    [
      6258,
      26258,
      16258
    ],
    [
      6259,
      26259,
      16259
    ],
    [
      6260,
      26260,
      16260
    ],
    [
      6261,
      26261,
      16261
    ],
    [
      6262,
      26262,
      16262
    ],
    [
      6263,
      26263,
      16263
    ],
    [
      6264,
      26264,
      16264
    ],
    [
      6265,
      26265,
      16265
    ],
    [
      6266,
      26266,
      16266
    ],
    [
      6267,
      26267,
      16267
    ],
    [
      6268,
      26268,
      16268
    ],
    [
      6269,
      26269,
      16269
    ],
    [
      6270,
      26270,
      16270
    ],
    [
      6271,
      26271,
      16271
    ],
    [
      6272,
      26272,
      16272
    ],
    [
      6273,
      26273,
      16273
    ],
    [
      6274,
      26274,
      16274
    ],
    [
      6275,
      26275,
      16275
    ],
    [
      6276,
      26276,
      16276
    ],
    [
      6277,
      26277,
      16277
    ],
    [
      6278,
      26278,
      16278
    ],
    [
      6279,
      26279,
      16279
    ],
    [
      6280,
      26280,
      16280
    ],
    [
      6281,
      26281,
      16281
    ],
    [
      6282,
      26282,
      16282
    ],
    [
      6283,
      26283,
      16283
    ],
    [
      6284,
      26284,
      16284
    ],
    [
      6285,
      26285,
      16285
    ],
    [
      6286,
      26286,
      16286
    ],
    [
      6287,
      26287,
      16287
    ],
    [
      6288,
      26288,
      16288
    ],
    [
      6289,
      26289,
      16289
    ],
    [
      6290,
      26290,
      16290
    ],
    [
      6291,
      26291,
      16291
    ],
    [
      6292,
      26292,
      16292
    ],
    [
      6293,
      26293,
      16293
    ],
    [
      6294,
      26294,
      16294
    ],
    [
      6295,
      26295,
      16295
    ],
    [
      6296,
      26296,
      16296
    ],
    [
      6297,
      26297,
      16297
    ],
    [
      6298,
      26298,
      16298
    ],
    [
      6299,
      26299,
      16299
    ],
    [
      6300,
      26300,
      16300
    ],
    [
      6301,
      26301,
      16301
    ],
    [
      6302,
      26302,
      16302
    ],
    [
      6303,
      26303,
      16303
    ],
    [
      6304,
      26304,
      16304
    ],
    [
      6305,
      26305,
      16305
    ],
    [
      6306,
      26306,
      16306
    ],
    [
      6307,
      26307,
      16307
    ],
    [
      6308,
      26308,
      16308
    ],
    [
      6309,
      26309,
      16309
    ],
    [
      6310,
      26310,
      16310
    ],
    [
      6311,
      26311,
      16311
    ],
    [
      6312,
      26312,
      16312
    ],
    [
      6313,
      26313,
      16313
    ],
    [
      6314,
      26314,
      16314
    ],
    [
      6315,
      26315,
      16315
    ],
    [
      6316,
      26316,
      16316
    ],
    [
      6317,
      26317,
      16317
    ],
    [
      6318,
      26318,
      16318
    ],
    [
      6319,
      26319,
      16319
    ],
    [
      6320,
      26320,
      16320
    ],
    [
      6321,
      26321,
      16321
    ],
    [
      6322,
      26322,
      16322
    ],
    [
      6323,
      26323,
      16323
    ],
    [
      6324,
      26324,
      16324
    ],
    [
      6325,
      26325,
      16325
    ],
    [
      6326,
      26326,
      16326
    ],
    [
      6327,
      26327,
      16327
    ],
    [
      6328,
      26328,
      16328
    ],
    [
      6329,
      26329,
      16329
    ],
    [
      6330,
      26330,
      16330
    ],
    [
      6331,
      26331,
      16331
    ],
    [
      6332,
      26332,
      16332
    ],
    [
      6333,
      26333,
      16333
    ],
    [
      6334,
      26334,
      16334
    ],
    [
      6335,
      26335,
      16335
    ],
    [
      6336,
      26336,
      16336
    ],
    [
      6337,
      26337,
      16337
    ],
    [
      6338,
      26338,
      16338
    ],
    [
      6339,
      26339,
      16339
    ],
    [
      6340,
      26340,
      16340
    ],
    [
      6341,
      26341,
      16341
    ],
    [
      6342,
      26342,
      16342
    ],
    [
      6343,
      26343,
      16343
    ],
    [
      6344,
      26344,
      16344
    ],
    [
      6345,
      26345,
      16345
    ],
    [
      6346,
      26346,
      16346
    ],
    [
      6347,
      26347,
      16347
    ],
    [
      6348,
      26348,
      16348
    ],
    [
      6349,
      26349,
      16349
    ],
    [
      6350,
      26350,
      16350
    ],
    [
      6351,
      26351,
      16351
    ],
    [
      6352,
      26352,
      16352
    ],
    [
      6353,
      26353,
      16353
    ],
    [
      6354,
      26354,
      16354
    ],
    [
      6355,
      26355,
      16355
    ],
    [
      6356,
      26356,
      16356
    ],
    [
      6357,
      26357,
      16357
    ],
    [
      6358,
      26358,
      16358
    ],
    [
      6359,
      26359,
      16359
    ],
    [
      6360,
      26360,
      16360
    ],
    [
      6361,
      26361,
      16361
    ],
    [
      6362,
      26362,
      16362
    ],
    [
      6363,
      26363,
      16363
    ],
    [
      6364,
      26364,
      16364
    ],
    [
      6365,
      26365,
      16365
    ],
    [
      6366,
      26366,
      16366
    ],
    [
      6367,
      26367,
      16367
    ],
    [
      6368,
      26368,
      16368
    ],
    [
      6369,
      26369,
      16369
    ],
    [
      6370,
      26370,
      16370
    ],
    [
      6371,
      26371,
      16371
    ],
    [
      6372,
      26372,
      16372
    ],
    [
      6373,
      26373,
      16373
    ],
    [
      6374,
      26374,
      16374
    ],
    [
      6375,
      26375,
      16375
    ],
    [
      6376,
      26376,
      16376
    ],
    [
      6377,
      26377,
      16377
    ],
    [
      6378,
      26378,
      16378
    ],
    [
      6379,
      26379,
      16379
    ],
    [
      6380,
      26380,
      16380
    ],
    [
      6381,
      26381,
      16381
    ],
    [
      6382,
      26382,
      16382
    ],
    [
      6383,
      26383,
      16383
    ],
    [
      6384,
      26384,
      16384
    ],
    [
      6385,
      26385,
      16385
    ],
    [
      6386,
      26386,
      16386
    ],
    [
      6387,
      26387,
      16387
    ],
    [
      6388,
      26388,
      16388
    ],
    [
      6389,
      26389,
      16389
    ],
    [
      6390,
      26390,
      16390
    ],
    [
      6391,
      26391,
      16391
    ],
    [
      6392,
      26392,
      16392
    ],
    [
      6393,
      26393,
      16393
    ],
    [
      6394,
      26394,
      16394
    ],
    [
      6395,
      26395,
      16395
    ],
    [
      6396,
      26396,
      16396
    ],
    [
      6397,
      26397,
      16397
    ],
    [
      6398,
      26398,
      16398
    ],
    [
      6399,
      26399,
      16399
    ],
    [
      6400,
      26400,
      16400
    ],
    [
      6401,
      26401,
      16401
    ],
    [
      6402,
      26402,
      16402
    ],
    [
      6403,
      26403,
      16403
    ],
    [
      6404,
      26404,
      16404
    ],
    [
      6405,
      26405,
      16405
    ],
    [
      6406,
      26406,
      16406
    ],
    [
      6407,
      26407,
      16407
    ],
    [
      6408,
      26408,
      16408
    ],
    [
      6409,
      26409,
      16409
    ],
    [
      6410,
      26410,
      16410
    ],
    [
      6411,
      26411,
      16411
    ],
    [
      6412,
      26412,
      16412
    ],
    [
      6413,
      26413,
      16413
    ],
    [
      6414,
      26414,
      16414
    ],
    [
      6415,
      26415,
      16415
    ],
    [
      6416,
      26416,
      16416
    ],
    [
      6417,
      26417,
      16417
    ],
    [
      6418,
      26418,
      16418
    ],
    [
      6419,
      26419,
      16419
    ],
    [
      6420,
      26420,
      16420
    ],
    [
      6421,
      26421,
      16421
    ],
    [
      6422,
      26422,
      16422
    ],
    [
      6423,
      26423,
      16423
    ],
    [
      6424,
      26424,
      16424
    ],
    [
      6425,
      26425,
      16425
    ],
    [
      6426,
      26426,
      16426
    ],
    [
      6427,
      26427,
      16427
    ],
    [
      6428,
      26428,
      16428
    ],
    [
      6429,
      26429,
      16429
    ],
    [
      6430,
      26430,
      16430
    ],
    [
      6431,
      26431,
      16431
    ],
    [
      6432,
      26432,
      16432
    ],
    [
      6433,
      26433,
      16433
    ],
    [
      6434,
      26434,
      16434
    ],
    [
      6435,
      26435,
      16435
    ],
    [
      6436,
      26436,
      16436
    ],
    [
      6437,
      26437,
      16437
    ],
    [
      6438,
      26438,
      16438
    ],
    [
      6439,
      26439,
      16439
    ],
    [
      6440,
      26440,
      16440
    ],
    [
      6441,
      26441,
      16441
    ],
    [
      6442,
      26442,
      16442
    ],
    [
      6443,
      26443,
      16443
    ],
    [
      6444,
      26444,
      16444
    ],
    [
      6445,
      26445,
      16445
    ],
    [
      6446,
      26446,
      16446
    ],
    [
      6447,
      26447,
      16447
    ],
    [
      6448,
      26448,
      16448
    ],
    [
      6449,
      26449,
      16449
    ],
    [
      6450,
      26450,
      16450
    ],
    [
      6451,
      26451,
      16451
    ],
    [
      6452,
      26452,
      16452
    ],
    [
      6453,
      26453,
      16453
    ],
    [
      6454,
      26454,
      16454
    ],
    [
      6455,
      26455,
      16455
    ],
    [
      6456,
      26456,
      16456
    ],
    [
      6457,
      26457,
      16457
    ],
    [
      6458,
      26458,
      16458
    ],
    [
      6459,
      26459,
      16459
    ],
    [
      6460,
      26460,
      16460
    ],
    [
      6461,
      26461,
      16461
    ],
    [
      6462,
      26462,
      16462
    ],
    [
      6463,
      26463,
      16463
    ],
    [
      6464,
      26464,
      16464
    ],
    [
      6465,
      26465,
      16465
    ],
    [
      6466,
      26466,
      16466
    ],
    [
      6467,
      26467,
      16467
    ],
    [
      6468,
      26468,
      16468
    ],
    [
      6469,
      26469,
      16469
    ],
    [
      6470,
      26470,
      16470
    ],
    [
      6471,
      26471,
      16471
    ],
    [
      6472,
      26472,
      16472
    ],
    [
      6473,
      26473,
      16473
    ],
    [
      6474,
      26474,
      16474
    ],
    [
      6475,
      26475,
      16475
    ],
    [
      6476,
      26476,
      16476
    ],
    [
      6477,
      26477,
      16477
    ],
    [
      6478,
      26478,
      16478
    ],
    [
      6479,
      26479,
      16479
    ],
    [
      6480,
      26480,
      16480
    ],
    [
      6481,
      26481,
      16481
    ],
    [
      6482,
      26482,
      16482
    ],
    [
      6483,
      26483,
      16483
    ],
    [
      6484,
      26484,
      16484
    ],
    [
      6485,
      26485,
      16485
    ],
    [
      6486,
      26486,
      16486
    ],
    [
      6487,
      26487,
      16487
    ],
    [
      6488,
      26488,
      16488
    ],
    [
      6489,
      26489,
      16489
    ],
    [
      6490,
      26490,
      16490
    ],
    [
      6491,
      26491,
      16491
    ],
    [
      6492,
      26492,
      16492
    ],
    [
      6493,
      26493,
      16493
    ],
    [
      6494,
      26494,
      16494
    ],
    [
      6495,
      26495,
      16495
    ],
    [
      6496,
      26496,
      16496
    ],
    [
      6497,
      26497,
      16497
    ],
    [
      6498,
      26498,
      16498
    ],
    [
      6499,
      26499,
      16499
    ],
    [
      6500,
      26500,
      16500
    ],
    [
      6501,
      26501,
      16501
    ],
    [
      6502,
      26502,
      16502
    ],
    [
      6503,
      26503,
      16503
    ],
    [
      6504,
      26504,
      16504
    ],
    [
      6505,
      26505,
      16505
    ],
    [
      6506,
      26506,
      16506
    ],
    [
      6507,
      26507,
      16507
    ],
    [
      6508,
      26508,
      16508
    ],
    [
      6509,
      26509,
      16509
    ],
    [
      6510,
      26510,
      16510
    ],
    [
      6511,
      26511,
      16511
    ],
    [
      6512,
      26512,
      16512
    ],
    [
      6513,
      26513,
      16513
    ],
    [
      6514,
      26514,
      16514
    ],
    [
      6515,
      26515,
      16515
    ],
    [
      6516,
      26516,
      16516
    ],
    [
      6517,
      26517,
      16517
    ],
    [
      6518,
      26518,
      16518
    ],
    [
      6519,
      26519,
      16519
    ],
    [
      6520,
      26520,
      16520
    ],
    [
      6521,
      26521,
      16521
    ],
    [
      6522,
      26522,
      16522
    ],
    [
      6523,
      26523,
      16523
    ],
    [
      6524,
      26524,
      16524
    ],
    [
      6525,
      26525,
      16525
    ],
    [
      6526,
      26526,
      16526
    ],
    [
      6527,
      26527,
      16527
    ],
    [
      6528,
      26528,
      16528
    ],
    [
      6529,
      26529,
      16529
    ],
    [
      6530,
      26530,
      16530
    ],
    [
      6531,
      26531,
      16531
    ],
    [
      6532,
      26532,
      16532
    ],
    [
      6533,
      26533,
      16533
    ],
    [
      6534,
      26534,
      16534
    ],
    [
      6535,
      26535,
      16535
    ],
    [
      6536,
      26536,
      16536
    ],
    [
      6537,
      26537,
      16537
    ],
    [
      6538,
      26538,
      16538
    ],
    [
      6539,
      26539,
      16539
    ],
    [
      6540,
      26540,
      16540
    ],
    [
      6541,
      26541,
      16541
    ],
    [
      6542,
      26542,
      16542
    ],
    [
      6543,
      26543,
      16543
    ],
    [
      6544,
      26544,
      16544
    ],
    [
      6545,
      26545,
      16545
    ],
    [
      6546,
      26546,
      16546
    ],
    [
      6547,
      26547,
      16547
    ],
    [
      6548,
      26548,
      16548
    ],
    [
      6549,
      26549,
      16549
    ],
    [
      6550,
      26550,
      16550
    ],
    [
      6551,
      26551,
      16551
    ],
    [
      6552,
      26552,
      16552
    ],
    [
      6553,
      26553,
      16553
    ],
    [
      6554,
      26554,
      16554
    ],
    [
      6555,
      26555,
      16555
    ],
    [
      6556,
      26556,
      16556
    ],
    [
      6557,
      26557,
      16557
    ],
    [
      6558,
      26558,
      16558
    ],
    [
      6559,
      26559,
      16559
    ],
    [
      6560,
      26560,
      16560
    ],
    [
      6561,
      26561,
      16561
    ],
    [
      6562,
      26562,
      16562
    ],
    [
      6563,
      26563,
      16563
    ],
    [
      6564,
      26564,
      16564
    ],
    [
      6565,
      26565,
      16565
    ],
    [
      6566,
      26566,
      16566
    ],
    [
      6567,
      26567,
      16567
    ],
    [
      6568,
      26568,
      16568
    ],
    [
      6569,
      26569,
      16569
    ],
    [
      6570,
      26570,
      16570
    ],
    [
      6571,
      26571,
      16571
    ],
    [
      6572,
      26572,
      16572
    ],
    [
      6573,
      26573,
      16573
    ],
    [
      6574,
      26574,
      16574
    ],
    [
      6575,
      26575,
      16575
    ],
    [
      6576,
      26576,
      16576
    ],
    [
      6577,
      26577,
      16577
    ],
    [
      6578,
      26578,
      16578
    ],
    [
      6579,
      26579,
      16579
    ],
    [
      6580,
      26580,
      16580
    ],
    [
      6581,
      26581,
      16581
    ],
    [
      6582,
      26582,
      16582
    ],
    [
      6583,
      26583,
      16583
    ],
    [
      6584,
      26584,
      16584
    ],
    [
      6585,
      26585,
      16585
    ],
    [
      6586,
      26586,
      16586
    ],
    [
      6587,
      26587,
      16587
    ],
    [
      6588,
      26588,
      16588
    ],
    [
      6589,
      26589,
      16589
    ],
    [
      6590,
      26590,
      16590
    ],
    [
      6591,
      26591,
      16591
    ],
    [
      6592,
      26592,
      16592
    ],
    [
      6593,
      26593,
      16593
    ],
    [
      6594,
      26594,
      16594
    ],
    [
      6595,
      26595,
      16595
    ],
    [
      6596,
      26596,
      16596
    ],
    [
      6597,
      26597,
      16597
    ],
    [
      6598,
      26598,
      16598
    ],
    [
      6599,
      26599,
      16599
    ],
    [
      6600,
      26600,
      16600
    ],
    [
      6601,
      26601,
      16601
    ],
    [
      6602,
      26602,
      16602
    ],
    [
      6603,
      26603,
      16603
    ],
    [
      6604,
      26604,
      16604
    ],
    [
      6605,
      26605,
      16605
    ],
    [
      6606,
      26606,
      16606
    ],
    [
      6607,
      26607,
      16607
    ],
    [
      6608,
      26608,
      16608
    ],
    [
      6609,
      26609,
      16609
    ],
    [
      6610,
      26610,
      16610
    ],
    [
      6611,
      26611,
      16611
    ],
    [
      6612,
      26612,
      16612
    ],
    [
      6613,
      26613,
      16613
    ],
    [
      6614,
      26614,
      16614
    ],
    [
      6615,
      26615,
      16615
    ],
    [
      6616,
      26616,
      16616
    ],
    [
      6617,
      26617,
      16617
    ],
    [
      6618,
      26618,
      16618
    ],
    [
      6619,
      26619,
      16619
    ],
    [
      6620,
      26620,
      16620
    ],
    [
      6621,
      26621,
      16621
    ],
    [
      6622,
      26622,
      16622
    ],
    [
      6623,
      26623,
      16623
    ],
    [
      6624,
      26624,
      16624
    ],
    [
      6625,
      26625,
      16625
    ],
    [
      6626,
      26626,
      16626
    ],
    [
      6627,
      26627,
      16627
    ],
    [
      6628,
      26628,
      16628
    ],
    [
      6629,
      26629,
      16629
    ],
    [
      6630,
      26630,
      16630
    ],
    [
      6631,
      26631,
      16631
    ],
    [
      6632,
      26632,
      16632
    ],
    [
      6633,
      26633,
      16633
    ],
    [
      6634,
      26634,
      16634
    ],
    [
      6635,
      26635,
      16635
    ],
    [
      6636,
      26636,
      16636
    ],
    [
      6637,
      26637,
      16637
    ],
    [
      6638,
      26638,
      16638
    ],
    [
      6639,
      26639,
      16639
    ],
    [
      6640,
      26640,
      16640
    ],
    [
      6641,
      26641,
      16641
    ],
    [
      6642,
      26642,
      16642
    ],
    [
      6643,
      26643,
      16643
    ],
    [
      6644,
      26644,
      16644
    ],
    [
      6645,
      26645,
      16645
    ],
    [
      6646,
      26646,
      16646
    ],
    [
      6647,
      26647,
      16647
    ],
    [
      6648,
      26648,
      16648
    ],
    [
      6649,
      26649,
      16649
    ],
    [
      6650,
      26650,
      16650
    ],
    [
      6651,
      26651,
      16651
    ],
    [
      6652,
      26652,
      16652
    ],
    [
      6653,
      26653,
      16653
    ],
    [
      6654,
      26654,
      16654
    ],
    [
      6655,
      26655,
      16655
    ],
    [
      6656,
      26656,
      16656
    ],
    [
      6657,
      26657,
      16657
    ],
    [
      6658,
      26658,
      16658
    ],
    [
      6659,
      26659,
      16659
    ],
    [
      6660,
      26660,
      16660
    ],
    [
      6661,
      26661,
      16661
    ],
    [
      6662,
      26662,
      16662
    ],
    [
      6663,
      26663,
      16663
    ],
    [
      6664,
      26664,
      16664
    ],
    [
      6665,
      26665,
      16665
    ],
    [
      6666,
      26666,
      16666
    ],
    [
      6667,
      26667,
      16667
    ],
    [
      6668,
      26668,
      16668
    ],
    [
      6669,
      26669,
      16669
    ],
    [
      6670,
      26670,
      16670
    ],
    [
      6671,
      26671,
      16671
    ],
    [
      6672,
      26672,
      16672
    ],
    [
      6673,
      26673,
      16673
    ],
    [
      6674,
      26674,
      16674
    ],
    [
      6675,
      26675,
      16675
    ],
    [
      6676,
      26676,
      16676
    ],
    [
      6677,
      26677,
      16677
    ],
    [
      6678,
      26678,
      16678
    ],
    [
      6679,
      26679,
      16679
    ],
    [
      6680,
      26680,
      16680
    ],
    [
      6681,
      26681,
      16681
    ],
    [
      6682,
      26682,
      16682
    ],
    [
      6683,
      26683,
      16683
    ],
    [
      6684,
      26684,
      16684
    ],
    [
      6685,
      26685,
      16685
    ],
    [
      6686,
      26686,
      16686
    ],
    [
      6687,
      26687,
      16687
    ],
    [
      6688,
      26688,
      16688
    ],
    [
      6689,
      26689,
      16689
    ],
    [
      6690,
      26690,
      16690
    ],
    [
      6691,
      26691,
      16691
    ],
    [
      6692,
      26692,
      16692
    ],
    [
      6693,
      26693,
      16693
    ],
    [
      6694,
      26694,
      16694
    ],
    [
      6695,
      26695,
      16695
    ],
    [
      6696,
      26696,
      16696
    ],
    [
      6697,
      26697,
      16697
    ],
    [
      6698,
      26698,
      16698
    ],
    [
      6699,
      26699,
      16699
    ],
    [
      6700,
      26700,
      16700
    ],
    [
      6701,
      26701,
      16701
    ],
    [
      6702,
      26702,
      16702
    ],
    [
      6703,
      26703,
      16703
    ],
    [
      6704,
      26704,
      16704
    ],
    [
      6705,
      26705,
      16705
    ],
    [
      6706,
      26706,
      16706
    ],
    [
      6707,
      26707,
      16707
    ],
    [
      6708,
      26708,
      16708
    ],
    [
      6709,
      26709,
      16709
    ],
    [
      6710,
      26710,
      16710
    ],
    [
      6711,
      26711,
      16711
    ],
    [
      6712,
      26712,
      16712
    ],
    [
      6713,
      26713,
      16713
    ],
    [
      6714,
      26714,
      16714
    ],
    [
      6715,
      26715,
      16715
    ],
    [
      6716,
      26716,
      16716
    ],
    [
      6717,
      26717,
      16717
    ],
    [
      6718,
      26718,
      16718
    ],
    [
      6719,
      26719,
      16719
    ],
    [
      6720,
      26720,
      16720
    ],
    [
      6721,
      26721,
      16721
    ],
    [
      6722,
      26722,
      16722
    ],
    [
      6723,
      26723,
      16723
    ],
    [
      6724,
      26724,
      16724
    ],
    [
      6725,
      26725,
      16725
    ],
    [
      6726,
      26726,
      16726
    ],
    [
      6727,
      26727,
      16727
    ],
    [
      6728,
      26728,
      16728
    ],
    [
      6729,
      26729,
      16729
    ],
    [
      6730,
      26730,
      16730
    ],
    [
      6731,
      26731,
      16731
    ],
    [
      6732,
      26732,
      16732
    ],
    [
      6733,
      26733,
      16733
    ],
    [
      6734,
      26734,
      16734
    ],
    [
      6735,
      26735,
      16735
    ],
    [
      6736,
      26736,
      16736
    ],
    [
      6737,
      26737,
      16737
    ],
    [
      6738,
      26738,
      16738
    ],
    [
      6739,
      26739,
      16739
    ],
    [
      6740,
      26740,
      16740
    ],
    [
      6741,
      26741,
      16741
    ],
    [
      6742,
      26742,
      16742
    ],
    [
      6743,
      26743,
      16743
    ],
    [
      6744,
      26744,
      16744
    ],
    [
      6745,
      26745,
      16745
    ],
    [
      6746,
      26746,
      16746
    ],
    [
      6747,
      26747,
      16747
    ],
    [
      6748,
      26748,
      16748
    ],
    [
      6749,
      26749,
      16749
    ],
    [
      6750,
      26750,
      16750
    ],
    [
      6751,
      26751,
      16751
    ],
    [
      6752,
      26752,
      16752
    ],
    [
      6753,
      26753,
      16753
    ],
    [
      6754,
      26754,
      16754
    ],
    [
      6755,
      26755,
      16755
    ],
    [
      6756,
      26756,
      16756
    ],
    [
      6757,
      26757,
      16757
    ],
    [
      6758,
      26758,
      16758
    ],
    [
      6759,
      26759,
      16759
    ],
    [
      6760,
      26760,
      16760
    ],
    [
      6761,
      26761,
      16761
    ],
    [
      6762,
      26762,
      16762
    ],
    [
      6763,
      26763,
      16763
    ],
    [
      6764,
      26764,
      16764
    ],
    [
      6765,
      26765,
      16765
    ],
    [
      6766,
      26766,
      16766
    ],
    [
      6767,
      26767,
      16767
    ],
    [
      6768,
      26768,
      16768
    ],
    [
      6769,
      26769,
      16769
    ],
    [
      6770,
      26770,
      16770
    ],
    [
      6771,
      26771,
      16771
    ],
    [
      6772,
      26772,
      16772
    ],
    [
      6773,
      26773,
      16773
    ],
    [
      6774,
      26774,
      16774
    ],
    [
      6775,
      26775,
      16775
    ],
    [
      6776,
      26776,
      16776
    ],
    [
      6777,
      26777,
      16777
    ],
    [
      6778,
      26778,
      16778
    ],
    [
      6779,
      26779,
      16779
    ],
    [
      6780,
      26780,
      16780
    ],
    [
      6781,
      26781,
      16781
    ],
    [
      6782,
      26782,
      16782
    ],
    [
      6783,
      26783,
      16783
    ],
    [
      6784,
      26784,
      16784
    ],
    [
      6785,
      26785,
      16785
    ],
    [
      6786,
      26786,
      16786
    ],
    [
      6787,
      26787,
      16787
    ],
    [
      6788,
      26788,
      16788
    ],
    [
      6789,
      26789,
      16789
    ],
    [
      6790,
      26790,
      16790
    ],
    [
      6791,
      26791,
      16791
    ],
    [
      6792,
      26792,
      16792
    ],
    [
      6793,
      26793,
      16793
    ],
    [
      6794,
      26794,
      16794
    ],
    [
      6795,
      26795,
      16795
    ],
    [
      6796,
      26796,
      16796
    ],
    [
      6797,
      26797,
      16797
    ],
    [
      6798,
      26798,
      16798
    ],
    [
      6799,
      26799,
      16799
    ],
    [
      6800,
      26800,
      16800
    ],
    [
      6801,
      26801,
      16801
    ],
    [
      6802,
      26802,
      16802
    ],
    [
      6803,
      26803,
      16803
    ],
    [
      6804,
      26804,
      16804
    ],
    [
      6805,
      26805,
      16805
    ],
    [
      6806,
      26806,
      16806
    ],
    [
      6807,
      26807,
      16807
    ],
    [
      6808,
      26808,
      16808
    ],
    [
      6809,
      26809,
      16809
    ],
    [
      6810,
      26810,
      16810
    ],
    [
      6811,
      26811,
      16811
    ],
    [
      6812,
      26812,
      16812
    ],
    [
      6813,
      26813,
      16813
    ],
    [
      6814,
      26814,
      16814
    ],
    [
      6815,
      26815,
      16815
    ],
    [
      6816,
      26816,
      16816
    ],
    [
      6817,
      26817,
      16817
    ],
    [
      6818,
      26818,
      16818
    ],
    [
      6819,
      26819,
      16819
    ],
    [
      6820,
      26820,
      16820
    ],
    [
      6821,
      26821,
      16821
    ],
    [
      6822,
      26822,
      16822
    ],
    [
      6823,
      26823,
      16823
    ],
    [
      6824,
      26824,
      16824
    ],
    [
      6825,
      26825,
      16825
    ],
    [
      6826,
      26826,
      16826
    ],
    [
      6827,
      26827,
      16827
    ],
    [
      6828,
      26828,
      16828
    ],
    [
      6829,
      26829,
      16829
    ],
    [
      6830,
      26830,
      16830
    ],
    [
      6831,
      26831,
      16831
    ],
    [
      6832,
      26832,
      16832
    ],
    [
      6833,
      26833,
      16833
    ],
    [
      6834,
      26834,
      16834
    ],
    [
      6835,
      26835,
      16835
    ],
    [
      6836,
      26836,
      16836
    ],
    [
      6837,
      26837,
      16837
    ],
    [
      6838,
      26838,
      16838
    ],
    [
      6839,
      26839,
      16839
    ],
    [
      6840,
      26840,
      16840
    ],
    [
      6841,
      26841,
      16841
    ],
    [
      6842,
      26842,
      16842
    ],
    [
      6843,
      26843,
      16843
    ],
    [
      6844,
      26844,
      16844
    ],
    [
      6845,
      26845,
      16845
    ],
    [
      6846,
      26846,
      16846
    ],
    [
      6847,
      26847,
      16847
    ],
    [
      6848,
      26848,
      16848
    ],
    [
      6849,
      26849,
      16849
    ],
    [
      6850,
      26850,
      16850
    ],
    [
      6851,
      26851,
      16851
    ],
    [
      6852,
      26852,
      16852
    ],
    [
      6853,
      26853,
      16853
    ],
    [
      6854,
      26854,
      16854
    ],
    [
      6855,
      26855,
      16855
    ],
    [
      6856,
      26856,
      16856
    ],
    [
      6857,
      26857,
      16857
    ],
    [
      6858,
      26858,
      16858
    ],
    [
      6859,
      26859,
      16859
    ],
    [
      6860,
      26860,
      16860
    ],
    [
      6861,
      26861,
      16861
    ],
    [
      6862,
      26862,
      16862
    ],
    [
      6863,
      26863,
      16863
    ],
    [
      6864,
      26864,
      16864
    ],
    [
      6865,
      26865,
      16865
    ],
    [
      6866,
      26866,
      16866
    ],
    [
      6867,
      26867,
      16867
    ],
    [
      6868,
      26868,
      16868
    ],
    [
      6869,
      26869,
      16869
    ],
    [
      6870,
      26870,
      16870
    ],
    [
      6871,
      26871,
      16871
    ],
    [
      6872,
      26872,
      16872
    ],
    [
      6873,
      26873,
      16873
    ],
    [
      6874,
      26874,
      16874
    ],
    [
      6875,
      26875,
      16875
    ],
    [
      6876,
      26876,
      16876
    ],
    [
      6877,
      26877,
      16877
    ],
    [
      6878,
      26878,
      16878
    ],
    [
      6879,
      26879,
      16879
    ],
    [
      6880,
      26880,
      16880
    ],
    [
      6881,
      26881,
      16881
    ],
    [
      6882,
      26882,
      16882
    ],
    [
      6883,
      26883,
      16883
    ],
    [
      6884,
      26884,
      16884
    ],
    [
      6885,
      26885,
      16885
    ],
    [
      6886,
      26886,
      16886
    ],
    [
      6887,
      26887,
      16887
    ],
    [
      6888,
      26888,
      16888
    ],
    [
      6889,
      26889,
      16889
    ],
    [
      6890,
      26890,
      16890
    ],
    [
      6891,
      26891,
      16891
    ],
    [
      6892,
      26892,
      16892
    ],
    [
      6893,
      26893,
      16893
    ],
    [
      6894,
      26894,
      16894
    ],
    [
      6895,
      26895,
      16895
    ],
    [
      6896,
      26896,
      16896
    ],
    [
      6897,
      26897,
      16897
    ],
    [
      6898,
      26898,
      16898
    ],
    [
      6899,
      26899,
      16899
    ],
    [
      6900,
      26900,
      16900
    ],
    [
      6901,
      26901,
      16901
    ],
    [
      6902,
      26902,
      16902
    ],
    [
      6903,
      26903,
      16903
    ],
    [
      6904,
      26904,
      16904
    ],
    [
      6905,
      26905,
      16905
    ],
    [
      6906,
      26906,
      16906
    ],
    [
      6907,
      26907,
      16907
    ],
    [
      6908,
      26908,
      16908
    ],
    [
      6909,
      26909,
      16909
    ],
    [
      6910,
      26910,
      16910
    ],
    [
      6911,
      26911,
      16911
    ],
    [
      6912,
      26912,
      16912
    ],
    [
      6913,
      26913,
      16913
    ],
    [
      6914,
      26914,
      16914
    ],
    [
      6915,
      26915,
      16915
    ],
    [
      6916,
      26916,
      16916
    ],
    [
      6917,
      26917,
      16917
    ],
    [
      6918,
      26918,
      16918
    ],
    [
      6919,
      26919,
      16919
    ],
    [
      6920,
      26920,
      16920
    ],
    [
      6921,
      26921,
      16921
    ],
    [
      6922,
      26922,
      16922
    ],
    [
      6923,
      26923,
      16923
    ],
    [
      6924,
      26924,
      16924
    ],
    [
      6925,
      26925,
      16925
    ],
    [
      6926,
      26926,
      16926
    ],
    [
      6927,
      26927,
      16927
    ],
    [
      6928,
      26928,
      16928
    ],
    [
      6929,
      26929,
      16929
    ],
    [
      6930,
      26930,
      16930
    ],
    [
      6931,
      26931,
      16931
    ],
    [
      6932,
      26932,
      16932
    ],
    [
      6933,
      26933,
      16933
    ],
    [
      6934,
      26934,
      16934
    ],
    [
      6935,
      26935,
      16935
    ],
    [
      6936,
      26936,
      16936
    ],
    [
      6937,
      26937,
      16937
    ],
    [
      6938,
      26938,
      16938
    ],
    [
      6939,
      26939,
      16939
    ],
    [
      6940,
      26940,
      16940
    ],
    [
      6941,
      26941,
      16941
    ],
    [
      6942,
      26942,
      16942
    ],
    [
      6943,
      26943,
      16943
    ],
    [
      6944,
      26944,
      16944
    ],
    [
      6945,
      26945,
      16945
    ],
    [
      6946,
      26946,
      16946
    ],
    [
      6947,
      26947,
      16947
    ],
    [
      6948,
      26948,
      16948
    ],
    [
      6949,
      26949,
      16949
    ],
    [
      6950,
      26950,
      16950
    ],
    [
      6951,
      26951,
      16951
    ],
    [
      6952,
      26952,
      16952
    ],
    [
      6953,
      26953,
      16953
    ],
    [
      6954,
      26954,
      16954
    ],
    [
      6955,
      26955,
      16955
    ],
    [
      6956,
      26956,
      16956
    ],
    [
      6957,
      26957,
      16957
    ],
    [
      6958,
      26958,
      16958
    ],
    [
      6959,
      26959,
      16959
    ],
    [
      6960,
      26960,
      16960
    ],
    [
      6961,
      26961,
      16961
    ],
    [
      6962,
      26962,
      16962
    ],
    [
      6963,
      26963,
      16963
    ],
    [
      6964,
      26964,
      16964
    ],
    [
      6965,
      26965,
      16965
    ],
    [
      6966,
      26966,
      16966
    ],
    [
      6967,
      26967,
      16967
    ],
    [
      6968,
      26968,
      16968
    ],
    [
      6969,
      26969,
      16969
    ],
    [
      6970,
      26970,
      16970
    ],
    [
      6971,
      26971,
      16971
    ],
    [
      6972,
      26972,
      16972
    ],
    [
      6973,
      26973,
      16973
    ],
    [
      6974,
      26974,
      16974
    ],
    [
      6975,
      26975,
      16975
    ],
    [
      6976,
      26976,
      16976
    ],
    [
      6977,
      26977,
      16977
    ],
    [
      6978,
      26978,
      16978
    ],
    [
      6979,
      26979,
      16979
    ],
    [
      6980,
      26980,
      16980
    ],
    [
      6981,
      26981,
      16981
    ],
    [
      6982,
      26982,
      16982
    ],
    [
      6983,
      26983,
      16983
    ],
    [
      6984,
      26984,
      16984
    ],
    [
      6985,
      26985,
      16985
    ],
    [
      6986,
      26986,
      16986
    ],
    [
      6987,
      26987,
      16987
    ],
    [
      6988,
      26988,
      16988
    ],
    [
      6989,
      26989,
      16989
    ],
    [
      6990,
      26990,
      16990
    ],
    [
      6991,
      26991,
      16991
    ],
    [
      6992,
      26992,
      16992
    ],
    [
      6993,
      26993,
      16993
    ],
    [
      6994,
      26994,
      16994
    ],
    [
      6995,
      26995,
      16995
    ],
    [
      6996,
      26996,
      16996
    ],
    [
      6997,
      26997,
      16997
    ],
    [
      6998,
      26998,
      16998
    ],
    [
      6999,
      26999,
      16999
    ],
    [
      7000,
      27000,
      17000
    ],
    [
      7001,
      27001,
      17001
    ],
    [
      7002,
      27002,
      17002
    ],
    [
      7003,
      27003,
      17003
    ],
    [
      7004,
      27004,
      17004
    ],
    [
      7005,
      27005,
      17005
    ],
    [
      7006,
      27006,
      17006
    ],
    [
      7007,
      27007,
      17007
    ],
    [
      7008,
      27008,
      17008
    ],
    [
      7009,
      27009,
      17009
    ],
    [
      7010,
      27010,
      17010
    ],
    [
      7011,
      27011,
      17011
    ],
    [
      7012,
      27012,
      17012
    ],
    [
      7013,
      27013,
      17013
    ],
    [
      7014,
      27014,
      17014
    ],
    [
      7015,
      27015,
      17015
    ],
    [
      7016,
      27016,
      17016
    ],
    [
      7017,
      27017,
      17017
    ],
    [
      7018,
      27018,
      17018
    ],
    [
      7019,
      27019,
      17019
    ],
    [
      7020,
      27020,
      17020
    ],
    [
      7021,
      27021,
      17021
    ],
    [
      7022,
      27022,
      17022
    ],
    [
      7023,
      27023,
      17023
    ],
    [
      7024,
      27024,
      17024
    ],
    [
      7025,
      27025,
      17025
    ],
    [
      7026,
      27026,
      17026
    ],
    [
      7027,
      27027,
      17027
    ],
    [
      7028,
      27028,
      17028
    ],
    [
      7029,
      27029,
      17029
    ],
    [
      7030,
      27030,
      17030
    ],
    [
      7031,
      27031,
      17031
    ],
    [
      7032,
      27032,
      17032
    ],
    [
      7033,
      27033,
      17033
    ],
    [
      7034,
      27034,
      17034
    ],
    [
      7035,
      27035,
      17035
    ],
    [
      7036,
      27036,
      17036
    ],
    [
      7037,
      27037,
      17037
    ],
    [
      7038,
      27038,
      17038
    ],
    [
      7039,
      27039,
      17039
    ],
    [
      7040,
      27040,
      17040
    ],
    [
      7041,
      27041,
      17041
    ],
    [
      7042,
      27042,
      17042
    ],
    [
      7043,
      27043,
      17043
    ],
    [
      7044,
      27044,
      17044
    ],
    [
      7045,
      27045,
      17045
    ],
    [
      7046,
      27046,
      17046
    ],
    [
      7047,
      27047,
      17047
    ],
    [
      7048,
      27048,
      17048
    ],
    [
      7049,
      27049,
      17049
    ],
    [
      7050,
      27050,
      17050
    ],
    [
      7051,
      27051,
      17051
    ],
    [
      7052,
      27052,
      17052
    ],
    [
      7053,
      27053,
      17053
    ],
    [
      7054,
      27054,
      17054
    ],
    [
      7055,
      27055,
      17055
    ],
    [
      7056,
      27056,
      17056
    ],
    [
      7057,
      27057,
      17057
    ],
    [
      7058,
      27058,
      17058
    ],
    [
      7059,
      27059,
      17059
    ],
    [
      7060,
      27060,
      17060
    ],
    [
      7061,
      27061,
      17061
    ],
    [
      7062,
      27062,
      17062
    ],
    [
      7063,
      27063,
      17063
    ],
    [
      7064,
      27064,
      17064
    ],
    [
      7065,
      27065,
      17065
    ],
    [
      7066,
      27066,
      17066
    ],
    [
      7067,
      27067,
      17067
    ],
    [
      7068,
      27068,
      17068
    ],
    [
      7069,
      27069,
      17069
    ],
    [
      7070,
      27070,
      17070
    ],
    [
      7071,
      27071,
      17071
    ],
    [
      7072,
      27072,
      17072
    ],
    [
      7073,
      27073,
      17073
    ],
    [
      7074,
      27074,
      17074
    ],
    [
      7075,
      27075,
      17075
    ],
    [
      7076,
      27076,
      17076
    ],
    [
      7077,
      27077,
      17077
    ],
    [
      7078,
      27078,
      17078
    ],
    [
      7079,
      27079,
      17079
    ],
    [
      7080,
      27080,
      17080
    ],
    [
      7081,
      27081,
      17081
    ],
    [
      7082,
      27082,
      17082
    ],
    [
      7083,
      27083,
      17083
    ],
    [
      7084,
      27084,
      17084
    ],
    [
      7085,
      27085,
      17085
    ],
    [
      7086,
      27086,
      17086
    ],
    [
      7087,
      27087,
      17087
    ],
    [
      7088,
      27088,
      17088
    ],
    [
      7089,
      27089,
      17089
    ],
    [
      7090,
      27090,
      17090
    ],
    [
      7091,
      27091,
      17091
    ],
    [
      7092,
      27092,
      17092
    ],
    [
      7093,
      27093,
      17093
    ],
    [
      7094,
      27094,
      17094
    ],
    [
      7095,
      27095,
      17095
    ],
    [
      7096,
      27096,
      17096
    ],
    [
      7097,
      27097,
      17097
    ],
    [
      7098,
      27098,
      17098
    ],
    [
      7099,
      27099,
      17099
    ],
    [
      7100,
      27100,
      17100
    ],
    [
      7101,
      27101,
      17101
    ],
    [
      7102,
      27102,
      17102
    ],
    [
      7103,
      27103,
      17103
    ],
    [
      7104,
      27104,
      17104
    ],
    [
      7105,
      27105,
      17105
    ],
    [
      7106,
      27106,
      17106
    ],
    [
      7107,
      27107,
      17107
    ],
    [
      7108,
      27108,
      17108
    ],
    [
      7109,
      27109,
      17109
    ],
    [
      7110,
      27110,
      17110
    ],
    [
      7111,
      27111,
      17111
    ],
    [
      7112,
      27112,
      17112
    ],
    [
      7113,
      27113,
      17113
    ],
    [
      7114,
      27114,
      17114
    ],
    [
      7115,
      27115,
      17115
    ],
    [
      7116,
      27116,
      17116
    ],
    [
      7117,
      27117,
      17117
    ],
    [
      7118,
      27118,
      17118
    ],
    [
      7119,
      27119,
      17119
    ],
    [
      7120,
      27120,
      17120
    ],
    [
      7121,
      27121,
      17121
    ],
    [
      7122,
      27122,
      17122
    ],
    [
      7123,
      27123,
      17123
    ],
    [
      7124,
      27124,
      17124
    ],
    [
      7125,
      27125,
      17125
    ],
    [
      7126,
      27126,
      17126
    ],
    [
      7127,
      27127,
      17127
    ],
    [
      7128,
      27128,
      17128
    ],
    [
      7129,
      27129,
      17129
    ],
    [
      7130,
      27130,
      17130
    ],
    [
      7131,
      27131,
      17131
    ],
    [
      7132,
      27132,
      17132
    ],
    [
      7133,
      27133,
      17133
    ],
    [
      7134,
      27134,
      17134
    ],
    [
      7135,
      27135,
      17135
    ],
    [
      7136,
      27136,
      17136
    ],
    [
      7137,
      27137,
      17137
    ],
    [
      7138,
      27138,
      17138
    ],
    [
      7139,
      27139,
      17139
    ],
    [
      7140,
      27140,
      17140
    ],
    [
      7141,
      27141,
      17141
    ],
    [
      7142,
      27142,
      17142
    ],
    [
      7143,
      27143,
      17143
    ],
    [
      7144,
      27144,
      17144
    ],
    [
      7145,
      27145,
      17145
    ],
    [
      7146,
      27146,
      17146
    ],
    [
      7147,
      27147,
      17147
    ],
    [
      7148,
      27148,
      17148
    ],
    [
      7149,
      27149,
      17149
    ],
    [
      7150,
      27150,
      17150
    ],
    [
      7151,
      27151,
      17151
    ],
    [
      7152,
      27152,
      17152
    ],
    [
      7153,
      27153,
      17153
    ],
    [
      7154,
      27154,
      17154
    ],
    [
      7155,
      27155,
      17155
    ],
    [
      7156,
      27156,
      17156
    ],
    [
      7157,
      27157,
      17157
    ],
    [
      7158,
      27158,
      17158
    ],
    [
      7159,
      27159,
      17159
    ],
    [
      7160,
      27160,
      17160
    ],
    [
      7161,
      27161,
      17161
    ],
    [
      7162,
      27162,
      17162
    ],
    [
      7163,
      27163,
      17163
    ],
    [
      7164,
      27164,
      17164
    ],
    [
      7165,
      27165,
      17165
    ],
    [
      7166,
      27166,
      17166
    ],
    [
      7167,
      27167,
      17167
    ],
    [
      7168,
      27168,
      17168
    ],
    [
      7169,
      27169,
      17169
    ],
    [
      7170,
      27170,
      17170
    ],
    [
      7171,
      27171,
      17171
    ],
    [
      7172,
      27172,
      17172
    ],
    [
      7173,
      27173,
      17173
    ],
    [
      7174,
      27174,
      17174
    ],
    [
      7175,
      27175,
      17175
    ],
    [
      7176,
      27176,
      17176
    ],
    [
      7177,
      27177,
      17177
    ],
    [
      7178,
      27178,
      17178
    ],
    [
      7179,
      27179,
      17179
    ],
    [
      7180,
      27180,
      17180
    ],
    [
      7181,
      27181,
      17181
    ],
    [
      7182,
      27182,
      17182
    ],
    [
      7183,
      27183,
      17183
    ],
    [
      7184,
      27184,
      17184
    ],
    [
      7185,
      27185,
      17185
    ],
    [
      7186,
      27186,
      17186
    ],
    [
      7187,
      27187,
      17187
    ],
    [
      7188,
      27188,
      17188
    ],
    [
      7189,
      27189,
      17189
    ],
    [
      7190,
      27190,
      17190
    ],
    [
      7191,
      27191,
      17191
    ],
    [
      7192,
      27192,
      17192
    ],
    [
      7193,
      27193,
      17193
    ],
    [
      7194,
      27194,
      17194
    ],
    [
      7195,
      27195,
      17195
    ],
    [
      7196,
      27196,
      17196
    ],
    [
      7197,
      27197,
      17197
    ],
    [
      7198,
      27198,
      17198
    ],
    [
      7199,
      27199,
      17199
    ],
    [
      7200,
      27200,
      17200
    ],
    [
      7201,
      27201,
      17201
    ],
    [
      7202,
      27202,
      17202
    ],
    [
      7203,
      27203,
      17203
    ],
    [
      7204,
      27204,
      17204
    ],
    [
      7205,
      27205,
      17205
    ],
    [
      7206,
      27206,
      17206
    ],
    [
      7207,
      27207,
      17207
    ],
    [
      7208,
      27208,
      17208
    ],
    [
      7209,
      27209,
      17209
    ],
    [
      7210,
      27210,
      17210
    ],
    [
      7211,
      27211,
      17211
    ],
    [
      7212,
      27212,
      17212
    ],
    [
      7213,
      27213,
      17213
    ],
    [
      7214,
      27214,
      17214
    ],
    [
      7215,
      27215,
      17215
    ],
    [
      7216,
      27216,
      17216
    ],
    [
      7217,
      27217,
      17217
    ],
    [
      7218,
      27218,
      17218
    ],
    [
      7219,
      27219,
      17219
    ],
    [
      7220,
      27220,
      17220
    ],
    [
      7221,
      27221,
      17221
    ],
    [
      7222,
      27222,
      17222
    ],
    [
      7223,
      27223,
      17223
    ],
    [
      7224,
      27224,
      17224
    ],
    [
      7225,
      27225,
      17225
    ],
    [
      7226,
      27226,
      17226
    ],
    [
      7227,
      27227,
      17227
    ],
    [
      7228,
      27228,
      17228
    ],
    [
      7229,
      27229,
      17229
    ],
    [
      7230,
      27230,
      17230
    ],
    [
      7231,
      27231,
      17231
    ],
    [
      7232,
      27232,
      17232
    ],
    [
      7233,
      27233,
      17233
    ],
    [
      7234,
      27234,
      17234
    ],
    [
      7235,
      27235,
      17235
    ],
    [
      7236,
      27236,
      17236
    ],
    [
      7237,
      27237,
      17237
    ],
    [
      7238,
      27238,
      17238
    ],
    [
      7239,
      27239,
      17239
    ],
    [
      7240,
      27240,
      17240
    ],
    [
      7241,
      27241,
      17241
    ],
    [
      7242,
      27242,
      17242
    ],
    [
      7243,
      27243,
      17243
    ],
    [
      7244,
      27244,
      17244
    ],
    [
      7245,
      27245,
      17245
    ],
    [
      7246,
      27246,
      17246
    ],
    [
      7247,
      27247,
      17247
    ],
    [
      7248,
      27248,
      17248
    ],
    [
      7249,
      27249,
      17249
    ],
    [
      7250,
      27250,
      17250
    ],
    [
      7251,
      27251,
      17251
    ],
    [
      7252,
      27252,
      17252
    ],
    [
      7253,
      27253,
      17253
    ],
    [
      7254,
      27254,
      17254
    ],
    [
      7255,
      27255,
      17255
    ],
    [
      7256,
      27256,
      17256
    ],
    [
      7257,
      27257,
      17257
    ],
    [
      7258,
      27258,
      17258
    ],
    [
      7259,
      27259,
      17259
    ],
    [
      7260,
      27260,
      17260
    ],
    [
      7261,
      27261,
      17261
    ],
    [
      7262,
      27262,
      17262
    ],
    [
      7263,
      27263,
      17263
    ],
    [
      7264,
      27264,
      17264
    ],
    [
      7265,
      27265,
      17265
    ],
    [
      7266,
      27266,
      17266
    ],
    [
      7267,
      27267,
      17267
    ],
    [
      7268,
      27268,
      17268
    ],
    [
      7269,
      27269,
      17269
    ],
    [
      7270,
      27270,
      17270
    ],
    [
      7271,
      27271,
      17271
    ],
    [
      7272,
      27272,
      17272
    ],
    [
      7273,
      27273,
      17273
    ],
    [
      7274,
      27274,
      17274
    ],
    [
      7275,
      27275,
      17275
    ],
    [
      7276,
      27276,
      17276
    ],
    [
      7277,
      27277,
      17277
    ],
    [
      7278,
      27278,
      17278
    ],
    [
      7279,
      27279,
      17279
    ],
    [
      7280,
      27280,
      17280
    ],
    [
      7281,
      27281,
      17281
    ],
    [
      7282,
      27282,
      17282
    ],
    [
      7283,
      27283,
      17283
    ],
    [
      7284,
      27284,
      17284
    ],
    [
      7285,
      27285,
      17285
    ],
    [
      7286,
      27286,
      17286
    ],
    [
      7287,
      27287,
      17287
    ],
    [
      7288,
      27288,
      17288
    ],
    [
      7289,
      27289,
      17289
    ],
    [
      7290,
      27290,
      17290
    ],
    [
      7291,
      27291,
      17291
    ],
    [
      7292,
      27292,
      17292
    ],
    [
      7293,
      27293,
      17293
    ],
    [
      7294,
      27294,
      17294
    ],
    [
      7295,
      27295,
      17295
    ],
    [
      7296,
      27296,
      17296
    ],
    [
      7297,
      27297,
      17297
    ],
    [
      7298,
      27298,
      17298
    ],
    [
      7299,
      27299,
      17299
    ],
    [
      7300,
      27300,
      17300
    ],
    [
      7301,
      27301,
      17301
    ],
    [
      7302,
      27302,
      17302
    ],
    [
      7303,
      27303,
      17303
    ],
    [
      7304,
      27304,
      17304
    ],
    [
      7305,
      27305,
      17305
    ],
    [
      7306,
      27306,
      17306
    ],
    [
      7307,
      27307,
      17307
    ],
    [
      7308,
      27308,
      17308
    ],
    [
      7309,
      27309,
      17309
    ],
    [
      7310,
      27310,
      17310
    ],
    [
      7311,
      27311,
      17311
    ],
    [
      7312,
      27312,
      17312
    ],
    [
      7313,
      27313,
      17313
    ],
    [
      7314,
      27314,
      17314
    ],
    [
      7315,
      27315,
      17315
    ],
    [
      7316,
      27316,
      17316
    ],
    [
      7317,
      27317,
      17317
    ],
    [
      7318,
      27318,
      17318
    ],
    [
      7319,
      27319,
      17319
    ],
    [
      7320,
      27320,
      17320
    ],
    [
      7321,
      27321,
      17321
    ],
    [
      7322,
      27322,
      17322
    ],
    [
      7323,
      27323,
      17323
    ],
    [
      7324,
      27324,
      17324
    ],
    [
      7325,
      27325,
      17325
    ],
    [
      7326,
      27326,
      17326
    ],
    [
      7327,
      27327,
      17327
    ],
    [
      7328,
      27328,
      17328
    ],
    [
      7329,
      27329,
      17329
    ],
    [
      7330,
      27330,
      17330
    ],
    [
      7331,
      27331,
      17331
    ],
    [
      7332,
      27332,
      17332
    ],
    [
      7333,
      27333,
      17333
    ],
    [
      7334,
      27334,
      17334
    ],
    [
      7335,
      27335,
      17335
    ],
    [
      7336,
      27336,
      17336
    ],
    [
      7337,
      27337,
      17337
    ],
    [
      7338,
      27338,
      17338
    ],
    [
      7339,
      27339,
      17339
    ],
    [
      7340,
      27340,
      17340
    ],
    [
      7341,
      27341,
      17341
    ],
    [
      7342,
      27342,
      17342
    ],
    [
      7343,
      27343,
      17343
    ],
    [
      7344,
      27344,
      17344
    ],
    [
      7345,
      27345,
      17345
    ],
    [
      7346,
      27346,
      17346
    ],
    [
      7347,
      27347,
      17347
    ],
    [
      7348,
      27348,
      17348
    ],
    [
      7349,
      27349,
      17349
    ],
    [
      7350,
      27350,
      17350
    ],
    [
      7351,
      27351,
      17351
    ],
    [
      7352,
      27352,
      17352
    ],
    [
      7353,
      27353,
      17353
    ],
    [
      7354,
      27354,
      17354
    ],
    [
      7355,
      27355,
      17355
    ],
    [
      7356,
      27356,
      17356
    ],
    [
      7357,
      27357,
      17357
    ],
    [
      7358,
      27358,
      17358
    ],
    [
      7359,
      27359,
      17359
    ],
    [
      7360,
      27360,
      17360
    ],
    [
      7361,
      27361,
      17361
    ],
    [
      7362,
      27362,
      17362
    ],
    [
      7363,
      27363,
      17363
    ],
    [
      7364,
      27364,
      17364
    ],
    [
      7365,
      27365,
      17365
    ],
    [
      7366,
      27366,
      17366
    ],
    [
      7367,
      27367,
      17367
    ],
    [
      7368,
      27368,
      17368
    ],
    [
      7369,
      27369,
      17369
    ],
    [
      7370,
      27370,
      17370
    ],
    [
      7371,
      27371,
      17371
    ],
    [
      7372,
      27372,
      17372
    ],
    [
      7373,
      27373,
      17373
    ],
    [
      7374,
      27374,
      17374
    ],
    [
      7375,
      27375,
      17375
    ],
    [
      7376,
      27376,
      17376
    ],
    [
      7377,
      27377,
      17377
    ],
    [
      7378,
      27378,
      17378
    ],
    [
      7379,
      27379,
      17379
    ],
    [
      7380,
      27380,
      17380
    ],
    [
      7381,
      27381,
      17381
    ],
    [
      7382,
      27382,
      17382
    ],
    [
      7383,
      27383,
      17383
    ],
    [
      7384,
      27384,
      17384
    ],
    [
      7385,
      27385,
      17385
    ],
    [
      7386,
      27386,
      17386
    ],
    [
      7387,
      27387,
      17387
    ],
    [
      7388,
      27388,
      17388
    ],
    [
      7389,
      27389,
      17389
    ],
    [
      7390,
      27390,
      17390
    ],
    [
      7391,
      27391,
      17391
    ],
    [
      7392,
      27392,
      17392
    ],
    [
      7393,
      27393,
      17393
    ],
    [
      7394,
      27394,
      17394
    ],
    [
      7395,
      27395,
      17395
    ],
    [
      7396,
      27396,
      17396
    ],
    [
      7397,
      27397,
      17397
    ],
    [
      7398,
      27398,
      17398
    ],
    [
      7399,
      27399,
      17399
    ],
    [
      7400,
      27400,
      17400
    ],
    [
      7401,
      27401,
      17401
    ],
    [
      7402,
      27402,
      17402
    ],
    [
      7403,
      27403,
      17403
    ],
    [
      7404,
      27404,
      17404
    ],
    [
      7405,
      27405,
      17405
    ],
    [
      7406,
      27406,
      17406
    ],
    [
      7407,
      27407,
      17407
    ],
    [
      7408,
      27408,
      17408
    ],
    [
      7409,
      27409,
      17409
    ],
    [
      7410,
      27410,
      17410
    ],
    [
      7411,
      27411,
      17411
    ],
    [
      7412,
      27412,
      17412
    ],
    [
      7413,
      27413,
      17413
    ],
    [
      7414,
      27414,
      17414
    ],
    [
      7415,
      27415,
      17415
    ],
    [
      7416,
      27416,
      17416
    ],
    [
      7417,
      27417,
      17417
    ],
    [
      7418,
      27418,
      17418
    ],
    [
      7419,
      27419,
      17419
    ],
    [
      7420,
      27420,
      17420
    ],
    [
      7421,
      27421,
      17421
    ],
    [
      7422,
      27422,
      17422
    ],
    [
      7423,
      27423,
      17423
    ],
    [
      7424,
      27424,
      17424
    ],
    [
      7425,
      27425,
      17425
    ],
    [
      7426,
      27426,
      17426
    ],
    [
      7427,
      27427,
      17427
    ],
    [
      7428,
      27428,
      17428
    ],
    [
      7429,
      27429,
      17429
    ],
    [
      7430,
      27430,
      17430
    ],
    [
      7431,
      27431,
      17431
    ],
    [
      7432,
      27432,
      17432
    ],
    [
      7433,
      27433,
      17433
    ],
    [
      7434,
      27434,
      17434
    ],
    [
      7435,
      27435,
      17435
    ],
    [
      7436,
      27436,
      17436
    ],
    [
      7437,
      27437,
      17437
    ],
    [
      7438,
      27438,
      17438
    ],
    [
      7439,
      27439,
      17439
    ],
    [
      7440,
      27440,
      17440
    ],
    [
      7441,
      27441,
      17441
    ],
    [
      7442,
      27442,
      17442
    ],
    [
      7443,
      27443,
      17443
    ],
    [
      7444,
      27444,
      17444
    ],
    [
      7445,
      27445,
      17445
    ],
    [
      7446,
      27446,
      17446
    ],
    [
      7447,
      27447,
      17447
    ],
    [
      7448,
      27448,
      17448
    ],
    [
      7449,
      27449,
      17449
    ],
    [
      7450,
      27450,
      17450
    ],
    [
      7451,
      27451,
      17451
    ],
    [
      7452,
      27452,
      17452
    ],
    [
      7453,
      27453,
      17453
    ],
    [
      7454,
      27454,
      17454
    ],
    [
      7455,
      27455,
      17455
    ],
    [
      7456,
      27456,
      17456
    ],
    [
      7457,
      27457,
      17457
    ],
    [
      7458,
      27458,
      17458
    ],
    [
      7459,
      27459,
      17459
    ],
    [
      7460,
      27460,
      17460
    ],
    [
      7461,
      27461,
      17461
    ],
    [
      7462,
      27462,
      17462
    ],
    [
      7463,
      27463,
      17463
    ],
    [
      7464,
      27464,
      17464
    ],
    [
      7465,
      27465,
      17465
    ],
    [
      7466,
      27466,
      17466
    ],
    [
      7467,
      27467,
      17467
    ],
    [
      7468,
      27468,
      17468
    ],
    [
      7469,
      27469,
      17469
    ],
    [
      7470,
      27470,
      17470
    ],
    [
      7471,
      27471,
      17471
    ],
    [
      7472,
      27472,
      17472
    ],
    [
      7473,
      27473,
      17473
    ],
    [
      7474,
      27474,
      17474
    ],
    [
      7475,
      27475,
      17475
    ],
    [
      7476,
      27476,
      17476
    ],
    [
      7477,
      27477,
      17477
    ],
    [
      7478,
      27478,
      17478
    ],
    [
      7479,
      27479,
      17479
    ],
    [
      7480,
      27480,
      17480
    ],
    [
      7481,
      27481,
      17481
    ],
    [
      7482,
      27482,
      17482
    ],
    [
      7483,
      27483,
      17483
    ],
    [
      7484,
      27484,
      17484
    ],
    [
      7485,
      27485,
      17485
    ],
    [
      7486,
      27486,
      17486
    ],
    [
      7487,
      27487,
      17487
    ],
    [
      7488,
      27488,
      17488
    ],
    [
      7489,
      27489,
      17489
    ],
    [
      7490,
      27490,
      17490
    ],
    [
      7491,
      27491,
      17491
    ],
    [
      7492,
      27492,
      17492
    ],
    [
      7493,
      27493,
      17493
    ],
    [
      7494,
      27494,
      17494
    ],
    [
      7495,
      27495,
      17495
    ],
    [
      7496,
      27496,
      17496
    ],
    [
      7497,
      27497,
      17497
    ],
    [
      7498,
      27498,
      17498
    ],
    [
      7499,
      27499,
      17499
    ],
    [
      7500,
      27500,
      17500
    ],
    [
      7501,
      27501,
      17501
    ],
    [
      7502,
      27502,
      17502
    ],
    [
      7503,
      27503,
      17503
    ],
    [
      7504,
      27504,
      17504
    ],
    [
      7505,
      27505,
      17505
    ],
    [
      7506,
      27506,
      17506
    ],
    [
      7507,
      27507,
      17507
    ],
    [
      7508,
      27508,
      17508
    ],
    [
      7509,
      27509,
      17509
    ],
    [
      7510,
      27510,
      17510
    ],
    [
      7511,
      27511,
      17511
    ],
    [
      7512,
      27512,
      17512
    ],
    [
      7513,
      27513,
      17513
    ],
    [
      7514,
      27514,
      17514
    ],
    [
      7515,
      27515,
      17515
    ],
    [
      7516,
      27516,
      17516
    ],
    [
      7517,
      27517,
      17517
    ],
    [
      7518,
      27518,
      17518
    ],
    [
      7519,
      27519,
      17519
    ],
    [
      7520,
      27520,
      17520
    ],
    [
      7521,
      27521,
      17521
    ],
    [
      7522,
      27522,
      17522
    ],
    [
      7523,
      27523,
      17523
    ],
    [
      7524,
      27524,
      17524
    ],
    [
      7525,
      27525,
      17525
    ],
    [
      7526,
      27526,
      17526
    ],
    [
      7527,
      27527,
      17527
    ],
    [
      7528,
      27528,
      17528
    ],
    [
      7529,
      27529,
      17529
    ],
    [
      7530,
      27530,
      17530
    ],
    [
      7531,
      27531,
      17531
    ],
    [
      7532,
      27532,
      17532
    ],
    [
      7533,
      27533,
      17533
    ],
    [
      7534,
      27534,
      17534
    ],
    [
      7535,
      27535,
      17535
    ],
    [
      7536,
      27536,
      17536
    ],
    [
      7537,
      27537,
      17537
    ],
    [
      7538,
      27538,
      17538
    ],
    [
      7539,
      27539,
      17539
    ],
    [
      7540,
      27540,
      17540
    ],
    [
      7541,
      27541,
      17541
    ],
    [
      7542,
      27542,
      17542
    ],
    [
      7543,
      27543,
      17543
    ],
    [
      7544,
      27544,
      17544
    ],
    [
      7545,
      27545,
      17545
    ],
    [
      7546,
      27546,
      17546
    ],
    [
      7547,
      27547,
      17547
    ],
    [
      7548,
      27548,
      17548
    ],
    [
      7549,
      27549,
      17549
    ],
    [
      7550,
      27550,
      17550
    ],
    [
      7551,
      27551,
      17551
    ],
    [
      7552,
      27552,
      17552
    ],
    [
      7553,
      27553,
      17553
    ],
    [
      7554,
      27554,
      17554
    ],
    [
      7555,
      27555,
      17555
    ],
    [
      7556,
      27556,
      17556
    ],
    [
      7557,
      27557,
      17557
    ],
    [
      7558,
      27558,
      17558
    ],
    [
      7559,
      27559,
      17559
    ],
    [
      7560,
      27560,
      17560
    ],
    [
      7561,
      27561,
      17561
    ],
    [
      7562,
      27562,
      17562
    ],
    [
      7563,
      27563,
      17563
    ],
    [
      7564,
      27564,
      17564
    ],
    [
      7565,
      27565,
      17565
    ],
    [
      7566,
      27566,
      17566
    ],
    [
      7567,
      27567,
      17567
    ],
    [
      7568,
      27568,
      17568
    ],
    [
      7569,
      27569,
      17569
    ],
    [
      7570,
      27570,
      17570
    ],
    [
      7571,
      27571,
      17571
    ],
    [
      7572,
      27572,
      17572
    ],
    [
      7573,
      27573,
      17573
    ],
    [
      7574,
      27574,
      17574
    ],
    [
      7575,
      27575,
      17575
    ],
    [
      7576,
      27576,
      17576
    ],
    [
      7577,
      27577,
      17577
    ],
    [
      7578,
      27578,
      17578
    ],
    [
      7579,
      27579,
      17579
    ],
    [
      7580,
      27580,
      17580
    ],
    [
      7581,
      27581,
      17581
    ],
    [
      7582,
      27582,
      17582
    ],
    [
      7583,
      27583,
      17583
    ],
    [
      7584,
      27584,
      17584
    ],
    [
      7585,
      27585,
      17585
    ],
    [
      7586,
      27586,
      17586
    ],
    [
      7587,
      27587,
      17587
    ],
    [
      7588,
      27588,
      17588
    ],
    [
      7589,
      27589,
      17589
    ],
    [
      7590,
      27590,
      17590
    ],
    [
      7591,
      27591,
      17591
    ],
    [
      7592,
      27592,
      17592
    ],
    [
      7593,
      27593,
      17593
    ],
    [
      7594,
      27594,
      17594
    ],
    [
      7595,
      27595,
      17595
    ],
    [
      7596,
      27596,
      17596
    ],
    [
      7597,
      27597,
      17597
    ],
    [
      7598,
      27598,
      17598
    ],
    [
      7599,
      27599,
      17599
    ],
    [
      7600,
      27600,
      17600
    ],
    [
      7601,
      27601,
      17601
    ],
    [
      7602,
      27602,
      17602
    ],
    [
      7603,
      27603,
      17603
    ],
    [
      7604,
      27604,
      17604
    ],
    [
      7605,
      27605,
      17605
    ],
    [
      7606,
      27606,
      17606
    ],
    [
      7607,
      27607,
      17607
    ],
    [
      7608,
      27608,
      17608
    ],
    [
      7609,
      27609,
      17609
    ],
    [
      7610,
      27610,
      17610
    ],
    [
      7611,
      27611,
      17611
    ],
    [
      7612,
      27612,
      17612
    ],
    [
      7613,
      27613,
      17613
    ],
    [
      7614,
      27614,
      17614
    ],
    [
      7615,
      27615,
      17615
    ],
    [
      7616,
      27616,
      17616
    ],
    [
      7617,
      27617,
      17617
    ],
    [
      7618,
      27618,
      17618
    ],
    [
      7619,
      27619,
      17619
    ],
    [
      7620,
      27620,
      17620
    ],
    [
      7621,
      27621,
      17621
    ],
    [
      7622,
      27622,
      17622
    ],
    [
      7623,
      27623,
      17623
    ],
    [
      7624,
      27624,
      17624
    ],
    [
      7625,
      27625,
      17625
    ],
    [
      7626,
      27626,
      17626
    ],
    [
      7627,
      27627,
      17627
    ],
    [
      7628,
      27628,
      17628
    ],
    [
      7629,
      27629,
      17629
    ],
    [
      7630,
      27630,
      17630
    ],
    [
      7631,
      27631,
      17631
    ],
    [
      7632,
      27632,
      17632
    ],
    [
      7633,
      27633,
      17633
    ],
    [
      7634,
      27634,
      17634
    ],
    [
      7635,
      27635,
      17635
    ],
    [
      7636,
      27636,
      17636
    ],
    [
      7637,
      27637,
      17637
    ],
    [
      7638,
      27638,
      17638
    ],
    [
      7639,
      27639,
      17639
    ],
    [
      7640,
      27640,
      17640
    ],
    [
      7641,
      27641,
      17641
    ],
    [
      7642,
      27642,
      17642
    ],
    [
      7643,
      27643,
      17643
    ],
    [
      7644,
      27644,
      17644
    ],
    [
      7645,
      27645,
      17645
    ],
    [
      7646,
      27646,
      17646
    ],
    [
      7647,
      27647,
      17647
    ],
    [
      7648,
      27648,
      17648
    ],
    [
      7649,
      27649,
      17649
    ],
    [
      7650,
      27650,
      17650
    ],
    [
      7651,
      27651,
      17651
    ],
    [
      7652,
      27652,
      17652
    ],
    [
      7653,
      27653,
      17653
    ],
    [
      7654,
      27654,
      17654
    ],
    [
      7655,
      27655,
      17655
    ],
    [
      7656,
      27656,
      17656
    ],
    [
      7657,
      27657,
      17657
    ],
    [
      7658,
      27658,
      17658
    ],
    [
      7659,
      27659,
      17659
    ],
    [
      7660,
      27660,
      17660
    ],
    [
      7661,
      27661,
      17661
    ],
    [
      7662,
      27662,
      17662
    ],
    [
      7663,
      27663,
      17663
    ],
    [
      7664,
      27664,
      17664
    ],
    [
      7665,
      27665,
      17665
    ],
    [
      7666,
      27666,
      17666
    ],
    [
      7667,
      27667,
      17667
    ],
    [
      7668,
      27668,
      17668
    ],
    [
      7669,
      27669,
      17669
    ],
    [
      7670,
      27670,
      17670
    ],
    [
      7671,
      27671,
      17671
    ],
    [
      7672,
      27672,
      17672
    ],
    [
      7673,
      27673,
      17673
    ],
    [
      7674,
      27674,
      17674
    ],
    [
      7675,
      27675,
      17675
    ],
    [
      7676,
      27676,
      17676
    ],
    [
      7677,
      27677,
      17677
    ],
    [
      7678,
      27678,
      17678
    ],
    [
      7679,
      27679,
      17679
    ],
    [
      7680,
      27680,
      17680
    ],
    [
      7681,
      27681,
      17681
    ],
    [
      7682,
      27682,
      17682
    ],
    [
      7683,
      27683,
      17683
    ],
    [
      7684,
      27684,
      17684
    ],
    [
      7685,
      27685,
      17685
    ],
    [
      7686,
      27686,
      17686
    ],
    [
      7687,
      27687,
      17687
    ],
    [
      7688,
      27688,
      17688
    ],
    [
      7689,
      27689,
      17689
    ],
    [
      7690,
      27690,
      17690
    ],
    [
      7691,
      27691,
      17691
    ],
    [
      7692,
      27692,
      17692
    ],
    [
      7693,
      27693,
      17693
    ],
    [
      7694,
      27694,
      17694
    ],
    [
      7695,
      27695,
      17695
    ],
    [
      7696,
      27696,
      17696
    ],
    [
      7697,
      27697,
      17697
    ],
    [
      7698,
      27698,
      17698
    ],
    [
      7699,
      27699,
      17699
    ],
    [
      7700,
      27700,
      17700
    ],
    [
      7701,
      27701,
      17701
    ],
    [
      7702,
      27702,
      17702
    ],
    [
      7703,
      27703,
      17703
    ],
    [
      7704,
      27704,
      17704
    ],
    [
      7705,
      27705,
      17705
    ],
    [
      7706,
      27706,
      17706
    ],
    [
      7707,
      27707,
      17707
    ],
    [
      7708,
      27708,
      17708
    ],
    [
      7709,
      27709,
      17709
    ],
    [
      7710,
      27710,
      17710
    ],
    [
      7711,
      27711,
      17711
    ],
    [
      7712,
      27712,
      17712
    ],
    [
      7713,
      27713,
      17713
    ],
    [
      7714,
      27714,
      17714
    ],
    [
      7715,
      27715,
      17715
    ],
    [
      7716,
      27716,
      17716
    ],
    [
      7717,
      27717,
      17717
    ],
    [
      7718,
      27718,
      17718
    ],
    [
      7719,
      27719,
      17719
    ],
    [
      7720,
      27720,
      17720
    ],
    [
      7721,
      27721,
      17721
    ],
    [
      7722,
      27722,
      17722
    ],
    [
      7723,
      27723,
      17723
    ],
    [
      7724,
      27724,
      17724
    ],
    [
      7725,
      27725,
      17725
    ],
    [
      7726,
      27726,
      17726
    ],
    [
      7727,
      27727,
      17727
    ],
    [
      7728,
      27728,
      17728
    ],
    [
      7729,
      27729,
      17729
    ],
    [
      7730,
      27730,
      17730
    ],
    [
      7731,
      27731,
      17731
    ],
    [
      7732,
      27732,
      17732
    ],
    [
      7733,
      27733,
      17733
    ],
    [
      7734,
      27734,
      17734
    ],
    [
      7735,
      27735,
      17735
    ],
    [
      7736,
      27736,
      17736
    ],
    [
      7737,
      27737,
      17737
    ],
    [
      7738,
      27738,
      17738
    ],
    [
      7739,
      27739,
      17739
    ],
    [
      7740,
      27740,
      17740
    ],
    [
      7741,
      27741,
      17741
    ],
    [
      7742,
      27742,
      17742
    ],
    [
      7743,
      27743,
      17743
    ],
    [
      7744,
      27744,
      17744
    ],
    [
      7745,
      27745,
      17745
    ],
    [
      7746,
      27746,
      17746
    ],
    [
      7747,
      27747,
      17747
    ],
    [
      7748,
      27748,
      17748
    ],
    [
      7749,
      27749,
      17749
    ],
    [
      7750,
      27750,
      17750
    ],
    [
      7751,
      27751,
      17751
    ],
    [
      7752,
      27752,
      17752
    ],
    [
      7753,
      27753,
      17753
    ],
    [
      7754,
      27754,
      17754
    ],
    [
      7755,
      27755,
      17755
    ],
    [
      7756,
      27756,
      17756
    ],
    [
      7757,
      27757,
      17757
    ],
    [
      7758,
      27758,
      17758
    ],
    [
      7759,
      27759,
      17759
    ],
    [
      7760,
      27760,
      17760
    ],
    [
      7761,
      27761,
      17761
    ],
    [
      7762,
      27762,
      17762
    ],
    [
      7763,
      27763,
      17763
    ],
    [
      7764,
      27764,
      17764
    ],
    [
      7765,
      27765,
      17765
    ],
    [
      7766,
      27766,
      17766
    ],
    [
      7767,
      27767,
      17767
    ],
    [
      7768,
      27768,
      17768
    ],
    [
      7769,
      27769,
      17769
    ],
    [
      7770,
      27770,
      17770
    ],
    [
      7771,
      27771,
      17771
    ],
    [
      7772,
      27772,
      17772
    ],
    [
      7773,
      27773,
      17773
    ],
    [
      7774,
      27774,
      17774
    ],
    [
      7775,
      27775,
      17775
    ],
    [
      7776,
      27776,
      17776
    ],
    [
      7777,
      27777,
      17777
    ],
    [
      7778,
      27778,
      17778
    ],
    [
      7779,
      27779,
      17779
    ],
    [
      7780,
      27780,
      17780
    ],
    [
      7781,
      27781,
      17781
    ],
    [
      7782,
      27782,
      17782
    ],
    [
      7783,
      27783,
      17783
    ],
    [
      7784,
      27784,
      17784
    ],
    [
      7785,
      27785,
      17785
    ],
    [
      7786,
      27786,
      17786
    ],
    [
      7787,
      27787,
      17787
    ],
    [
      7788,
      27788,
      17788
    ],
    [
      7789,
      27789,
      17789
    ],
    [
      7790,
      27790,
      17790
    ],
    [
      7791,
      27791,
      17791
    ],
    [
      7792,
      27792,
      17792
    ],
    [
      7793,
      27793,
      17793
    ],
    [
      7794,
      27794,
      17794
    ],
    [
      7795,
      27795,
      17795
    ],
    [
      7796,
      27796,
      17796
    ],
    [
      7797,
      27797,
      17797
    ],
    [
      7798,
      27798,
      17798
    ],
    [
      7799,
      27799,
      17799
    ],
    [
      7800,
      27800,
      17800
    ],
    [
      7801,
      27801,
      17801
    ],
    [
      7802,
      27802,
      17802
    ],
    [
      7803,
      27803,
      17803
    ],
    [
      7804,
      27804,
      17804
    ],
    [
      7805,
      27805,
      17805
    ],
    [
      7806,
      27806,
      17806
    ],
    [
      7807,
      27807,
      17807
    ],
    [
      7808,
      27808,
      17808
    ],
    [
      7809,
      27809,
      17809
    ],
    [
      7810,
      27810,
      17810
    ],
    [
      7811,
      27811,
      17811
    ],
    [
      7812,
      27812,
      17812
    ],
    [
      7813,
      27813,
      17813
    ],
    [
      7814,
      27814,
      17814
    ],
    [
      7815,
      27815,
      17815
    ],
    [
      7816,
      27816,
      17816
    ],
    [
      7817,
      27817,
      17817
    ],
    [
      7818,
      27818,
      17818
    ],
    [
      7819,
      27819,
      17819
    ],
    [
      7820,
      27820,
      17820
    ],
    [
      7821,
      27821,
      17821
    ],
    [
      7822,
      27822,
      17822
    ],
    [
      7823,
      27823,
      17823
    ],
    [
      7824,
      27824,
      17824
    ],
    [
      7825,
      27825,
      17825
    ],
    [
      7826,
      27826,
      17826
    ],
    [
      7827,
      27827,
      17827
    ],
    [
      7828,
      27828,
      17828
    ],
    [
      7829,
      27829,
      17829
    ],
    [
      7830,
      27830,
      17830
    ],
    [
      7831,
      27831,
      17831
    ],
    [
      7832,
      27832,
      17832
    ],
    [
      7833,
      27833,
      17833
    ],
    [
      7834,
      27834,
      17834
    ],
    [
      7835,
      27835,
      17835
    ],
    [
      7836,
      27836,
      17836
    ],
    [
      7837,
      27837,
      17837
    ],
    [
      7838,
      27838,
      17838
    ],
    [
      7839,
      27839,
      17839
    ],
    [
      7840,
      27840,
      17840
    ],
    [
      7841,
      27841,
      17841
    ],
    [
      7842,
      27842,
      17842
    ],
    [
      7843,
      27843,
      17843
    ],
    [
      7844,
      27844,
      17844
    ],
    [
      7845,
      27845,
      17845
    ],
    [
      7846,
      27846,
      17846
    ],
    [
      7847,
      27847,
      17847
    ],
    [
      7848,
      27848,
      17848
    ],
    [
      7849,
      27849,
      17849
    ],
    [
      7850,
      27850,
      17850
    ],
    [
      7851,
      27851,
      17851
    ],
    [
      7852,
      27852,
      17852
    ],
    [
      7853,
      27853,
      17853
    ],
    [
      7854,
      27854,
      17854
    ],
    [
      7855,
      27855,
      17855
    ],
    [
      7856,
      27856,
      17856
    ],
    [
      7857,
      27857,
      17857
    ],
    [
      7858,
      27858,
      17858
    ],
    [
      7859,
      27859,
      17859
    ],
    [
      7860,
      27860,
      17860
    ],
    [
      7861,
      27861,
      17861
    ],
    [
      7862,
      27862,
      17862
    ],
    [
      7863,
      27863,
      17863
    ],
    [
      7864,
      27864,
      17864
    ],
    [
      7865,
      27865,
      17865
    ],
    [
      7866,
      27866,
      17866
    ],
    [
      7867,
      27867,
      17867
    ],
    [
      7868,
      27868,
      17868
    ],
    [
      7869,
      27869,
      17869
    ],
    [
      7870,
      27870,
      17870
    ],
    [
      7871,
      27871,
      17871
    ],
    [
      7872,
      27872,
      17872
    ],
    [
      7873,
      27873,
      17873
    ],
    [
      7874,
      27874,
      17874
    ],
    [
      7875,
      27875,
      17875
    ],
    [
      7876,
      27876,
      17876
    ],
    [
      7877,
      27877,
      17877
    ],
    [
      7878,
      27878,
      17878
    ],
    [
      7879,
      27879,
      17879
    ],
    [
      7880,
      27880,
      17880
    ],
    [
      7881,
      27881,
      17881
    ],
    [
      7882,
      27882,
      17882
    ],
    [
      7883,
      27883,
      17883
    ],
    [
      7884,
      27884,
      17884
    ],
    [
      7885,
      27885,
      17885
    ],
    [
      7886,
      27886,
      17886
    ],
    [
      7887,
      27887,
      17887
    ],
    [
      7888,
      27888,
      17888
    ],
    [
      7889,
      27889,
      17889
    ],
    [
      7890,
      27890,
      17890
    ],
    [
      7891,
      27891,
      17891
    ],
    [
      7892,
      27892,
      17892
    ],
    [
      7893,
      27893,
      17893
    ],
    [
      7894,
      27894,
      17894
    ],
    [
      7895,
      27895,
      17895
    ],
    [
      7896,
      27896,
      17896
    ],
    [
      7897,
      27897,
      17897
    ],
    [
      7898,
      27898,
      17898
    ],
    [
      7899,
      27899,
      17899
    ],
    [
      7900,
      27900,
      17900
    ],
    [
      7901,
      27901,
      17901
    ],
    [
      7902,
      27902,
      17902
    ],
    [
      7903,
      27903,
      17903
    ],
    [
      7904,
      27904,
      17904
    ],
    [
      7905,
      27905,
      17905
    ],
    [
      7906,
      27906,
      17906
    ],
    [
      7907,
      27907,
      17907
    ],
    [
      7908,
      27908,
      17908
    ],
    [
      7909,
      27909,
      17909
    ],
    [
      7910,
      27910,
      17910
    ],
    [
      7911,
      27911,
      17911
    ],
    [
      7912,
      27912,
      17912
    ],
    [
      7913,
      27913,
      17913
    ],
    [
      7914,
      27914,
      17914
    ],
    [
      7915,
      27915,
      17915
    ],
    [
      7916,
      27916,
      17916
    ],
    [
      7917,
      27917,
      17917
    ],
    [
      7918,
      27918,
      17918
    ],
    [
      7919,
      27919,
      17919
    ],
    [
      7920,
      27920,
      17920
    ],
    [
      7921,
      27921,
      17921
    ],
    [
      7922,
      27922,
      17922
    ],
    [
      7923,
      27923,
      17923
    ],
    [
      7924,
      27924,
      17924
    ],
    [
      7925,
      27925,
      17925
    ],
    [
      7926,
      27926,
      17926
    ],
    [
      7927,
      27927,
      17927
    ],
    [
      7928,
      27928,
      17928
    ],
    [
      7929,
      27929,
      17929
    ],
    [
      7930,
      27930,
      17930
    ],
    [
      7931,
      27931,
      17931
    ],
    [
      7932,
      27932,
      17932
    ],
    [
      7933,
      27933,
      17933
    ],
    [
      7934,
      27934,
      17934
    ],
    [
      7935,
      27935,
      17935
    ],
    [
      7936,
      27936,
      17936
    ],
    [
      7937,
      27937,
      17937
    ],
    [
      7938,
      27938,
      17938
    ],
    [
      7939,
      27939,
      17939
    ],
    [
      7940,
      27940,
      17940
    ],
    [
      7941,
      27941,
      17941
    ],
    [
      7942,
      27942,
      17942
    ],
    [
      7943,
      27943,
      17943
    ],
    [
      7944,
      27944,
      17944
    ],
    [
      7945,
      27945,
      17945
    ],
    [
      7946,
      27946,
      17946
    ],
    [
      7947,
      27947,
      17947
    ],
    [
      7948,
      27948,
      17948
    ],
    [
      7949,
      27949,
      17949
    ],
    [
      7950,
      27950,
      17950
    ],
    [
      7951,
      27951,
      17951
    ],
    [
      7952,
      27952,
      17952
    ],
    [
      7953,
      27953,
      17953
    ],
    [
      7954,
      27954,
      17954
    ],
    [
      7955,
      27955,
      17955
    ],
    [
      7956,
      27956,
      17956
    ],
    [
      7957,
      27957,
      17957
    ],
    [
      7958,
      27958,
      17958
    ],
    [
      7959,
      27959,
      17959
    ],
    [
      7960,
      27960,
      17960
    ],
    [
      7961,
      27961,
      17961
    ],
    [
      7962,
      27962,
      17962
    ],
    [
      7963,
      27963,
      17963
    ],
    [
      7964,
      27964,
      17964
    ],
    [
      7965,
      27965,
      17965
    ],
    [
      7966,
      27966,
      17966
    ],
    [
      7967,
      27967,
      17967
    ],
    [
      7968,
      27968,
      17968
    ],
    [
      7969,
      27969,
      17969
    ],
    [
      7970,
      27970,
      17970
    ],
    [
      7971,
      27971,
      17971
    ],
    [
      7972,
      27972,
      17972
    ],
    [
      7973,
      27973,
      17973
    ],
    [
      7974,
      27974,
      17974
    ],
    [
      7975,
      27975,
      17975
    ],
    [
      7976,
      27976,
      17976
    ],
    [
      7977,
      27977,
      17977
    ],
    [
      7978,
      27978,
      17978
    ],
    [
      7979,
      27979,
      17979
    ],
    [
      7980,
      27980,
      17980
    ],
    [
      7981,
      27981,
      17981
    ],
    [
      7982,
      27982,
      17982
    ],
    [
      7983,
      27983,
      17983
    ],
    [
      7984,
      27984,
      17984
    ],
    [
      7985,
      27985,
      17985
    ],
    [
      7986,
      27986,
      17986
    ],
    [
      7987,
      27987,
      17987
    ],
    [
      7988,
      27988,
      17988
    ],
    [
      7989,
      27989,
      17989
    ],
    [
      7990,
      27990,
      17990
    ],
    [
      7991,
      27991,
      17991
    ],
    [
      7992,
      27992,
      17992
    ],
    [
      7993,
      27993,
      17993
    ],
    [
      7994,
      27994,
      17994
    ],
    [
      7995,
      27995,
      17995
    ],
    [
      7996,
      27996,
      17996
    ],
    [
      7997,
      27997,
      17997
    ],
    [
      7998,
      27998,
      17998
    ],
    [
      7999,
      27999,
      17999
    ],
    [
      8000,
      28000,
      18000
    ],
    [
      8001,
      28001,
      18001
    ],
    [
      8002,
      28002,
      18002
    ],
    [
      8003,
      28003,
      18003
    ],
    [
      8004,
      28004,
      18004
    ],
    [
      8005,
      28005,
      18005
    ],
    [
      8006,
      28006,
      18006
    ],
    [
      8007,
      28007,
      18007
    ],
    [
      8008,
      28008,
      18008
    ],
    [
      8009,
      28009,
      18009
    ],
    [
      8010,
      28010,
      18010
    ],
    [
      8011,
      28011,
      18011
    ],
    [
      8012,
      28012,
      18012
    ],
    [
      8013,
      28013,
      18013
    ],
    [
      8014,
      28014,
      18014
    ],
    [
      8015,
      28015,
      18015
    ],
    [
      8016,
      28016,
      18016
    ],
    [
      8017,
      28017,
      18017
    ],
    [
      8018,
      28018,
      18018
    ],
    [
      8019,
      28019,
      18019
    ],
    [
      8020,
      28020,
      18020
    ],
    [
      8021,
      28021,
      18021
    ],
    [
      8022,
      28022,
      18022
    ],
    [
      8023,
      28023,
      18023
    ],
    [
      8024,
      28024,
      18024
    ],
    [
      8025,
      28025,
      18025
    ],
    [
      8026,
      28026,
      18026
    ],
    [
      8027,
      28027,
      18027
    ],
    [
      8028,
      28028,
      18028
    ],
    [
      8029,
      28029,
      18029
    ],
    [
      8030,
      28030,
      18030
    ],
    [
      8031,
      28031,
      18031
    ],
    [
      8032,
      28032,
      18032
    ],
    [
      8033,
      28033,
      18033
    ],
    [
      8034,
      28034,
      18034
    ],
    [
      8035,
      28035,
      18035
    ],
    [
      8036,
      28036,
      18036
    ],
    [
      8037,
      28037,
      18037
    ],
    [
      8038,
      28038,
      18038
    ],
    [
      8039,
      28039,
      18039
    ],
    [
      8040,
      28040,
      18040
    ],
    [
      8041,
      28041,
      18041
    ],
    [
      8042,
      28042,
      18042
    ],
    [
      8043,
      28043,
      18043
    ],
    [
      8044,
      28044,
      18044
    ],
    [
      8045,
      28045,
      18045
    ],
    [
      8046,
      28046,
      18046
    ],
    [
      8047,
      28047,
      18047
    ],
    [
      8048,
      28048,
      18048
    ],
    [
      8049,
      28049,
      18049
    ],
    [
      8050,
      28050,
      18050
    ],
    [
      8051,
      28051,
      18051
    ],
    [
      8052,
      28052,
      18052
    ],
    [
      8053,
      28053,
      18053
    ],
    [
      8054,
      28054,
      18054
    ],
    [
      8055,
      28055,
      18055
    ],
    [
      8056,
      28056,
      18056
    ],
    [
      8057,
      28057,
      18057
    ],
    [
      8058,
      28058,
      18058
    ],
    [
      8059,
      28059,
      18059
    ],
    [
      8060,
      28060,
      18060
    ],
    [
      8061,
      28061,
      18061
    ],
    [
      8062,
      28062,
      18062
    ],
    [
      8063,
      28063,
      18063
    ],
    [
      8064,
      28064,
      18064
    ],
    [
      8065,
      28065,
      18065
    ],
    [
      8066,
      28066,
      18066
    ],
    [
      8067,
      28067,
      18067
    ],
    [
      8068,
      28068,
      18068
    ],
    [
      8069,
      28069,
      18069
    ],
    [
      8070,
      28070,
      18070
    ],
    [
      8071,
      28071,
      18071
    ],
    [
      8072,
      28072,
      18072
    ],
    [
      8073,
      28073,
      18073
    ],
    [
      8074,
      28074,
      18074
    ],
    [
      8075,
      28075,
      18075
    ],
    [
      8076,
      28076,
      18076
    ],
    [
      8077,
      28077,
      18077
    ],
    [
      8078,
      28078,
      18078
    ],
    [
      8079,
      28079,
      18079
    ],
    [
      8080,
      28080,
      18080
    ],
    [
      8081,
      28081,
      18081
    ],
    [
      8082,
      28082,
      18082
    ],
    [
      8083,
      28083,
      18083
    ],
    [
      8084,
      28084,
      18084
    ],
    [
      8085,
      28085,
      18085
    ],
    [
      8086,
      28086,
      18086
    ],
    [
      8087,
      28087,
      18087
    ],
    [
      8088,
      28088,
      18088
    ],
    [
      8089,
      28089,
      18089
    ],
    [
      8090,
      28090,
      18090
    ],
    [
      8091,
      28091,
      18091
    ],
    [
      8092,
      28092,
      18092
    ],
    [
      8093,
      28093,
      18093
    ],
    [
      8094,
      28094,
      18094
    ],
    [
      8095,
      28095,
      18095
    ],
    [
      8096,
      28096,
      18096
    ],
    [
      8097,
      28097,
      18097
    ],
    [
      8098,
      28098,
      18098
    ],
    [
      8099,
      28099,
      18099
    ],
    [
      8100,
      28100,
      18100
    ],
    [
      8101,
      28101,
      18101
    ],
    [
      8102,
      28102,
      18102
    ],
    [
      8103,
      28103,
      18103
    ],
    [
      8104,
      28104,
      18104
    ],
    [
      8105,
      28105,
      18105
    ],
    [
      8106,
      28106,
      18106
    ],
    [
      8107,
      28107,
      18107
    ],
    [
      8108,
      28108,
      18108
    ],
    [
      8109,
      28109,
      18109
    ],
    [
      8110,
      28110,
      18110
    ],
    [
      8111,
      28111,
      18111
    ],
    [
      8112,
      28112,
      18112
    ],
    [
      8113,
      28113,
      18113
    ],
    [
      8114,
      28114,
      18114
    ],
    [
      8115,
      28115,
      18115
    ],
    [
      8116,
      28116,
      18116
    ],
    [
      8117,
      28117,
      18117
    ],
    [
      8118,
      28118,
      18118
    ],
    [
      8119,
      28119,
      18119
    ],
    [
      8120,
      28120,
      18120
    ],
    [
      8121,
      28121,
      18121
    ],
    [
      8122,
      28122,
      18122
    ],
    [
      8123,
      28123,
      18123
    ],
    [
      8124,
      28124,
      18124
    ],
    [
      8125,
      28125,
      18125
    ],
    [
      8126,
      28126,
      18126
    ],
    [
      8127,
      28127,
      18127
    ],
    [
      8128,
      28128,
      18128
    ],
    [
      8129,
      28129,
      18129
    ],
    [
      8130,
      28130,
      18130
    ],
    [
      8131,
      28131,
      18131
    ],
    [
      8132,
      28132,
      18132
    ],
    [
      8133,
      28133,
      18133
    ],
    [
      8134,
      28134,
      18134
    ],
    [
      8135,
      28135,
      18135
    ],
    [
      8136,
      28136,
      18136
    ],
    [
      8137,
      28137,
      18137
    ],
    [
      8138,
      28138,
      18138
    ],
    [
      8139,
      28139,
      18139
    ],
    [
      8140,
      28140,
      18140
    ],
    [
      8141,
      28141,
      18141
    ],
    [
      8142,
      28142,
      18142
    ],
    [
      8143,
      28143,
      18143
    ],
    [
      8144,
      28144,
      18144
    ],
    [
      8145,
      28145,
      18145
    ],
    [
      8146,
      28146,
      18146
    ],
    [
      8147,
      28147,
      18147
    ],
    [
      8148,
      28148,
      18148
    ],
    [
      8149,
      28149,
      18149
    ],
    [
      8150,
      28150,
      18150
    ],
    [
      8151,
      28151,
      18151
    ],
    [
      8152,
      28152,
      18152
    ],
    [
      8153,
      28153,
      18153
    ],
    [
      8154,
      28154,
      18154
    ],
    [
      8155,
      28155,
      18155
    ],
    [
      8156,
      28156,
      18156
    ],
    [
      8157,
      28157,
      18157
    ],
    [
      8158,
      28158,
      18158
    ],
    [
      8159,
      28159,
      18159
    ],
    [
      8160,
      28160,
      18160
    ],
    [
      8161,
      28161,
      18161
    ],
    [
      8162,
      28162,
      18162
    ],
    [
      8163,
      28163,
      18163
    ],
    [
      8164,
      28164,
      18164
    ],
    [
      8165,
      28165,
      18165
    ],
    [
      8166,
      28166,
      18166
    ],
    [
      8167,
      28167,
      18167
    ],
    [
      8168,
      28168,
      18168
    ],
    [
      8169,
      28169,
      18169
    ],
    [
      8170,
      28170,
      18170
    ],
    [
      8171,
      28171,
      18171
    ],
    [
      8172,
      28172,
      18172
    ],
    [
      8173,
      28173,
      18173
    ],
    [
      8174,
      28174,
      18174
    ],
    [
      8175,
      28175,
      18175
    ],
    [
      8176,
      28176,
      18176
    ],
    [
      8177,
      28177,
      18177
    ],
    [
      8178,
      28178,
      18178
    ],
    [
      8179,
      28179,
      18179
    ],
    [
      8180,
      28180,
      18180
    ],
    [
      8181,
      28181,
      18181
    ],
    [
      8182,
      28182,
      18182
    ],
    [
      8183,
      28183,
      18183
    ],
    [
      8184,
      28184,
      18184
    ],
    [
      8185,
      28185,
      18185
    ],
    [
      8186,
      28186,
      18186
    ],
    [
      8187,
      28187,
      18187
    ],
    [
      8188,
      28188,
      18188
    ],
    [
      8189,
      28189,
      18189
    ],
    [
      8190,
      28190,
      18190
    ],
    [
      8191,
      28191,
      18191
    ],
    [
      8192,
      28192,
      18192
    ],
    [
      8193,
      28193,
      18193
    ],
    [
      8194,
      28194,
      18194
    ],
    [
      8195,
      28195,
      18195
    ],
    [
      8196,
      28196,
      18196
    ],
    [
      8197,
      28197,
      18197
    ],
    [
      8198,
      28198,
      18198
    ],
    [
      8199,
      28199,
      18199
    ],
    [
      8200,
      28200,
      18200
    ],
    [
      8201,
      28201,
      18201
    ],
    [
      8202,
      28202,
      18202
    ],
    [
      8203,
      28203,
      18203
    ],
    [
      8204,
      28204,
      18204
    ],
    [
      8205,
      28205,
      18205
    ],
    [
      8206,
      28206,
      18206
    ],
    [
      8207,
      28207,
      18207
    ],
    [
      8208,
      28208,
      18208
    ],
    [
      8209,
      28209,
      18209
    ],
    [
      8210,
      28210,
      18210
    ],
    [
      8211,
      28211,
      18211
    ],
    [
      8212,
      28212,
      18212
    ],
    [
      8213,
      28213,
      18213
    ],
    [
      8214,
      28214,
      18214
    ],
    [
      8215,
      28215,
      18215
    ],
    [
      8216,
      28216,
      18216
    ],
    [
      8217,
      28217,
      18217
    ],
    [
      8218,
      28218,
      18218
    ],
    [
      8219,
      28219,
      18219
    ],
    [
      8220,
      28220,
      18220
    ],
    [
      8221,
      28221,
      18221
    ],
    [
      8222,
      28222,
      18222
    ],
    [
      8223,
      28223,
      18223
    ],
    [
      8224,
      28224,
      18224
    ],
    [
      8225,
      28225,
      18225
    ],
    [
      8226,
      28226,
      18226
    ],
    [
      8227,
      28227,
      18227
    ],
    [
      8228,
      28228,
      18228
    ],
    [
      8229,
      28229,
      18229
    ],
    [
      8230,
      28230,
      18230
    ],
    [
      8231,
      28231,
      18231
    ],
    [
      8232,
      28232,
      18232
    ],
    [
      8233,
      28233,
      18233
    ],
    [
      8234,
      28234,
      18234
    ],
    [
      8235,
      28235,
      18235
    ],
    [
      8236,
      28236,
      18236
    ],
    [
      8237,
      28237,
      18237
    ],
    [
      8238,
      28238,
      18238
    ],
    [
      8239,
      28239,
      18239
    ],
    [
      8240,
      28240,
      18240
    ],
    [
      8241,
      28241,
      18241
    ],
    [
      8242,
      28242,
      18242
    ],
    [
      8243,
      28243,
      18243
    ],
    [
      8244,
      28244,
      18244
    ],
    [
      8245,
      28245,
      18245
    ],
    [
      8246,
      28246,
      18246
    ],
    [
      8247,
      28247,
      18247
    ],
    [
      8248,
      28248,
      18248
    ],
    [
      8249,
      28249,
      18249
    ],
    [
      8250,
      28250,
      18250
    ],
    [
      8251,
      28251,
      18251
    ],
    [
      8252,
      28252,
      18252
    ],
    [
      8253,
      28253,
      18253
    ],
    [
      8254,
      28254,
      18254
    ],
    [
      8255,
      28255,
      18255
    ],
    [
      8256,
      28256,
      18256
    ],
    [
      8257,
      28257,
      18257
    ],
    [
      8258,
      28258,
      18258
    ],
    [
      8259,
      28259,
      18259
    ],
    [
      8260,
      28260,
      18260
    ],
    [
      8261,
      28261,
      18261
    ],
    [
      8262,
      28262,
      18262
    ],
    [
      8263,
      28263,
      18263
    ],
    [
      8264,
      28264,
      18264
    ],
    [
      8265,
      28265,
      18265
    ],
    [
      8266,
      28266,
      18266
    ],
    [
      8267,
      28267,
      18267
    ],
    [
      8268,
      28268,
      18268
    ],
    [
      8269,
      28269,
      18269
    ],
    [
      8270,
      28270,
      18270
    ],
    [
      8271,
      28271,
      18271
    ],
    [
      8272,
      28272,
      18272
    ],
    [
      8273,
      28273,
      18273
    ],
    [
      8274,
      28274,
      18274
    ],
    [
      8275,
      28275,
      18275
    ],
    [
      8276,
      28276,
      18276
    ],
    [
      8277,
      28277,
      18277
    ],
    [
      8278,
      28278,
      18278
    ],
    [
      8279,
      28279,
      18279
    ],
    [
      8280,
      28280,
      18280
    ],
    [
      8281,
      28281,
      18281
    ],
    [
      8282,
      28282,
      18282
    ],
    [
      8283,
      28283,
      18283
    ],
    [
      8284,
      28284,
      18284
    ],
    [
      8285,
      28285,
      18285
    ],
    [
      8286,
      28286,
      18286
    ],
    [
      8287,
      28287,
      18287
    ],
    [
      8288,
      28288,
      18288
    ],
    [
      8289,
      28289,
      18289
    ],
    [
      8290,
      28290,
      18290
    ],
    [
      8291,
      28291,
      18291
    ],
    [
      8292,
      28292,
      18292
    ],
    [
      8293,
      28293,
      18293
    ],
    [
      8294,
      28294,
      18294
    ],
    [
      8295,
      28295,
      18295
    ],
    [
      8296,
      28296,
      18296
    ],
    [
      8297,
      28297,
      18297
    ],
    [
      8298,
      28298,
      18298
    ],
    [
      8299,
      28299,
      18299
    ],
    [
      8300,
      28300,
      18300
    ],
    [
      8301,
      28301,
      18301
    ],
    [
      8302,
      28302,
      18302
    ],
    [
      8303,
      28303,
      18303
    ],
    [
      8304,
      28304,
      18304
    ],
    [
      8305,
      28305,
      18305
    ],
    [
      8306,
      28306,
      18306
    ],
    [
      8307,
      28307,
      18307
    ],
    [
      8308,
      28308,
      18308
    ],
    [
      8309,
      28309,
      18309
    ],
    [
      8310,
      28310,
      18310
    ],
    [
      8311,
      28311,
      18311
    ],
    [
      8312,
      28312,
      18312
    ],
    [
      8313,
      28313,
      18313
    ],
    [
      8314,
      28314,
      18314
    ],
    [
      8315,
      28315,
      18315
    ],
    [
      8316,
      28316,
      18316
    ],
    [
      8317,
      28317,
      18317
    ],
    [
      8318,
      28318,
      18318
    ],
    [
      8319,
      28319,
      18319
    ],
    [
      8320,
      28320,
      18320
    ],
    [
      8321,
      28321,
      18321
    ],
    [
      8322,
      28322,
      18322
    ],
    [
      8323,
      28323,
      18323
    ],
    [
      8324,
      28324,
      18324
    ],
    [
      8325,
      28325,
      18325
    ],
    [
      8326,
      28326,
      18326
    ],
    [
      8327,
      28327,
      18327
    ],
    [
      8328,
      28328,
      18328
    ],
    [
      8329,
      28329,
      18329
    ],
    [
      8330,
      28330,
      18330
    ],
    [
      8331,
      28331,
      18331
    ],
    [
      8332,
      28332,
      18332
    ],
    [
      8333,
      28333,
      18333
    ],
    [
      8334,
      28334,
      18334
    ],
    [
      8335,
      28335,
      18335
    ],
    [
      8336,
      28336,
      18336
    ],
    [
      8337,
      28337,
      18337
    ],
    [
      8338,
      28338,
      18338
    ],
    [
      8339,
      28339,
      18339
    ],
    [
      8340,
      28340,
      18340
    ],
    [
      8341,
      28341,
      18341
    ],
    [
      8342,
      28342,
      18342
    ],
    [
      8343,
      28343,
      18343
    ],
    [
      8344,
      28344,
      18344
    ],
    [
      8345,
      28345,
      18345
    ],
    [
      8346,
      28346,
      18346
    ],
    [
      8347,
      28347,
      18347
    ],
    [
      8348,
      28348,
      18348
    ],
    [
      8349,
      28349,
      18349
    ],
    [
      8350,
      28350,
      18350
    ],
    [
      8351,
      28351,
      18351
    ],
    [
      8352,
      28352,
      18352
    ],
    [
      8353,
      28353,
      18353
    ],
    [
      8354,
      28354,
      18354
    ],
    [
      8355,
      28355,
      18355
    ],
    [
      8356,
      28356,
      18356
    ],
    [
      8357,
      28357,
      18357
    ],
    [
      8358,
      28358,
      18358
    ],
    [
      8359,
      28359,
      18359
    ],
    [
      8360,
      28360,
      18360
    ],
    [
      8361,
      28361,
      18361
    ],
    [
      8362,
      28362,
      18362
    ],
    [
      8363,
      28363,
      18363
    ],
    [
      8364,
      28364,
      18364
    ],
    [
      8365,
      28365,
      18365
    ],
    [
      8366,
      28366,
      18366
    ],
    [
      8367,
      28367,
      18367
    ],
    [
      8368,
      28368,
      18368
    ],
    [
      8369,
      28369,
      18369
    ],
    [
      8370,
      28370,
      18370
    ],
    [
      8371,
      28371,
      18371
    ],
    [
      8372,
      28372,
      18372
    ],
    [
      8373,
      28373,
      18373
    ],
    [
      8374,
      28374,
      18374
    ],
    [
      8375,
      28375,
      18375
    ],
    [
      8376,
      28376,
      18376
    ],
    [
      8377,
      28377,
      18377
    ],
    [
      8378,
      28378,
      18378
    ],
    [
      8379,
      28379,
      18379
    ],
    [
      8380,
      28380,
      18380
    ],
    [
      8381,
      28381,
      18381
    ],
    [
      8382,
      28382,
      18382
    ],
    [
      8383,
      28383,
      18383
    ],
    [
      8384,
      28384,
      18384
    ],
    [
      8385,
      28385,
      18385
    ],
    [
      8386,
      28386,
      18386
    ],
    [
      8387,
      28387,
      18387
    ],
    [
      8388,
      28388,
      18388
    ],
    [
      8389,
      28389,
      18389
    ],
    [
      8390,
      28390,
      18390
    ],
    [
      8391,
      28391,
      18391
    ],
    [
      8392,
      28392,
      18392
    ],
    [
      8393,
      28393,
      18393
    ],
    [
      8394,
      28394,
      18394
    ],
    [
      8395,
      28395,
      18395
    ],
    [
      8396,
      28396,
      18396
    ],
    [
      8397,
      28397,
      18397
    ],
    [
      8398,
      28398,
      18398
    ],
    [
      8399,
      28399,
      18399
    ],
    [
      8400,
      28400,
      18400
    ],
    [
      8401,
      28401,
      18401
    ],
    [
      8402,
      28402,
      18402
    ],
    [
      8403,
      28403,
      18403
    ],
    [
      8404,
      28404,
      18404
    ],
    [
      8405,
      28405,
      18405
    ],
    [
      8406,
      28406,
      18406
    ],
    [
      8407,
      28407,
      18407
    ],
    [
      8408,
      28408,
      18408
    ],
    [
      8409,
      28409,
      18409
    ],
    [
      8410,
      28410,
      18410
    ],
    [
      8411,
      28411,
      18411
    ],
    [
      8412,
      28412,
      18412
    ],
    [
      8413,
      28413,
      18413
    ],
    [
      8414,
      28414,
      18414
    ],
    [
      8415,
      28415,
      18415
    ],
    [
      8416,
      28416,
      18416
    ],
    [
      8417,
      28417,
      18417
    ],
    [
      8418,
      28418,
      18418
    ],
    [
      8419,
      28419,
      18419
    ],
    [
      8420,
      28420,
      18420
    ],
    [
      8421,
      28421,
      18421
    ],
    [
      8422,
      28422,
      18422
    ],
    [
      8423,
      28423,
      18423
    ],
    [
      8424,
      28424,
      18424
    ],
    [
      8425,
      28425,
      18425
    ],
    [
      8426,
      28426,
      18426
    ],
    [
      8427,
      28427,
      18427
    ],
    [
      8428,
      28428,
      18428
    ],
    [
      8429,
      28429,
      18429
    ],
    [
      8430,
      28430,
      18430
    ],
    [
      8431,
      28431,
      18431
    ],
    [
      8432,
      28432,
      18432
    ],
    [
      8433,
      28433,
      18433
    ],
    [
      8434,
      28434,
      18434
    ],
    [
      8435,
      28435,
      18435
    ],
    [
      8436,
      28436,
      18436
    ],
    [
      8437,
      28437,
      18437
    ],
    [
      8438,
      28438,
      18438
    ],
    [
      8439,
      28439,
      18439
    ],
    [
      8440,
      28440,
      18440
    ],
    [
      8441,
      28441,
      18441
    ],
    [
      8442,
      28442,
      18442
    ],
    [
      8443,
      28443,
      18443
    ],
    [
      8444,
      28444,
      18444
    ],
    [
      8445,
      28445,
      18445
    ],
    [
      8446,
      28446,
      18446
    ],
    [
      8447,
      28447,
      18447
    ],
    [
      8448,
      28448,
      18448
    ],
    [
      8449,
      28449,
      18449
    ],
    [
      8450,
      28450,
      18450
    ],
    [
      8451,
      28451,
      18451
    ],
    [
      8452,
      28452,
      18452
    ],
    [
      8453,
      28453,
      18453
    ],
    [
      8454,
      28454,
      18454
    ],
    [
      8455,
      28455,
      18455
    ],
    [
      8456,
      28456,
      18456
    ],
    [
      8457,
      28457,
      18457
    ],
    [
      8458,
      28458,
      18458
    ],
    [
      8459,
      28459,
      18459
    ],
    [
      8460,
      28460,
      18460
    ],
    [
      8461,
      28461,
      18461
    ],
    [
      8462,
      28462,
      18462
    ],
    [
      8463,
      28463,
      18463
    ],
    [
      8464,
      28464,
      18464
    ],
    [
      8465,
      28465,
      18465
    ],
    [
      8466,
      28466,
      18466
    ],
    [
      8467,
      28467,
      18467
    ],
    [
      8468,
      28468,
      18468
    ],
    [
      8469,
      28469,
      18469
    ],
    [
      8470,
      28470,
      18470
    ],
    [
      8471,
      28471,
      18471
    ],
    [
      8472,
      28472,
      18472
    ],
    [
      8473,
      28473,
      18473
    ],
    [
      8474,
      28474,
      18474
    ],
    [
      8475,
      28475,
      18475
    ],
    [
      8476,
      28476,
      18476
    ],
    [
      8477,
      28477,
      18477
    ],
    [
      8478,
      28478,
      18478
    ],
    [
      8479,
      28479,
      18479
    ],
    [
      8480,
      28480,
      18480
    ],
    [
      8481,
      28481,
      18481
    ],
    [
      8482,
      28482,
      18482
    ],
    [
      8483,
      28483,
      18483
    ],
    [
      8484,
      28484,
      18484
    ],
    [
      8485,
      28485,
      18485
    ],
    [
      8486,
      28486,
      18486
    ],
    [
      8487,
      28487,
      18487
    ],
    [
      8488,
      28488,
      18488
    ],
    [
      8489,
      28489,
      18489
    ],
    [
      8490,
      28490,
      18490
    ],
    [
      8491,
      28491,
      18491
    ],
    [
      8492,
      28492,
      18492
    ],
    [
      8493,
      28493,
      18493
    ],
    [
      8494,
      28494,
      18494
    ],
    [
      8495,
      28495,
      18495
    ],
    [
      8496,
      28496,
      18496
    ],
    [
      8497,
      28497,
      18497
    ],
    [
      8498,
      28498,
      18498
    ],
    [
      8499,
      28499,
      18499
    ],
    [
      8500,
      28500,
      18500
    ],
    [
      8501,
      28501,
      18501
    ],
    [
      8502,
      28502,
      18502
    ],
    [
      8503,
      28503,
      18503
    ],
    [
      8504,
      28504,
      18504
    ],
    [
      8505,
      28505,
      18505
    ],
    [
      8506,
      28506,
      18506
    ],
    [
      8507,
      28507,
      18507
    ],
    [
      8508,
      28508,
      18508
    ],
    [
      8509,
      28509,
      18509
    ],
    [
      8510,
      28510,
      18510
    ],
    [
      8511,
      28511,
      18511
    ],
    [
      8512,
      28512,
      18512
    ],
    [
      8513,
      28513,
      18513
    ],
    [
      8514,
      28514,
      18514
    ],
    [
      8515,
      28515,
      18515
    ],
    [
      8516,
      28516,
      18516
    ],
    [
      8517,
      28517,
      18517
    ],
    [
      8518,
      28518,
      18518
    ],
    [
      8519,
      28519,
      18519
    ],
    [
      8520,
      28520,
      18520
    ],
    [
      8521,
      28521,
      18521
    ],
    [
      8522,
      28522,
      18522
    ],
    [
      8523,
      28523,
      18523
    ],
    [
      8524,
      28524,
      18524
    ],
    [
      8525,
      28525,
      18525
    ],
    [
      8526,
      28526,
      18526
    ],
    [
      8527,
      28527,
      18527
    ],
    [
      8528,
      28528,
      18528
    ],
    [
      8529,
      28529,
      18529
    ],
    [
      8530,
      28530,
      18530
    ],
    [
      8531,
      28531,
      18531
    ],
    [
      8532,
      28532,
      18532
    ],
    [
      8533,
      28533,
      18533
    ],
    [
      8534,
      28534,
      18534
    ],
    [
      8535,
      28535,
      18535
    ],
    [
      8536,
      28536,
      18536
    ],
    [
      8537,
      28537,
      18537
    ],
    [
      8538,
      28538,
      18538
    ],
    [
      8539,
      28539,
      18539
    ],
    [
      8540,
      28540,
      18540
    ],
    [
      8541,
      28541,
      18541
    ],
    [
      8542,
      28542,
      18542
    ],
    [
      8543,
      28543,
      18543
    ],
    [
      8544,
      28544,
      18544
    ],
    [
      8545,
      28545,
      18545
    ],
    [
      8546,
      28546,
      18546
    ],
    [
      8547,
      28547,
      18547
    ],
    [
      8548,
      28548,
      18548
    ],
    [
      8549,
      28549,
      18549
    ],
    [
      8550,
      28550,
      18550
    ],
    [
      8551,
      28551,
      18551
    ],
    [
      8552,
      28552,
      18552
    ],
    [
      8553,
      28553,
      18553
    ],
    [
      8554,
      28554,
      18554
    ],
    [
      8555,
      28555,
      18555
    ],
    [
      8556,
      28556,
      18556
    ],
    [
      8557,
      28557,
      18557
    ],
    [
      8558,
      28558,
      18558
    ],
    [
      8559,
      28559,
      18559
    ],
    [
      8560,
      28560,
      18560
    ],
    [
      8561,
      28561,
      18561
    ],
    [
      8562,
      28562,
      18562
    ],
    [
      8563,
      28563,
      18563
    ],
    [
      8564,
      28564,
      18564
    ],
    [
      8565,
      28565,
      18565
    ],
    [
      8566,
      28566,
      18566
    ],
    [
      8567,
      28567,
      18567
    ],
    [
      8568,
      28568,
      18568
    ],
    [
      8569,
      28569,
      18569
    ],
    [
      8570,
      28570,
      18570
    ],
    [
      8571,
      28571,
      18571
    ],
    [
      8572,
      28572,
      18572
    ],
    [
      8573,
      28573,
      18573
    ],
    [
      8574,
      28574,
      18574
    ],
    [
      8575,
      28575,
      18575
    ],
    [
      8576,
      28576,
      18576
    ],
    [
      8577,
      28577,
      18577
    ],
    [
      8578,
      28578,
      18578
    ],
    [
      8579,
      28579,
      18579
    ],
    [
      8580,
      28580,
      18580
    ],
    [
      8581,
      28581,
      18581
    ],
    [
      8582,
      28582,
      18582
    ],
    [
      8583,
      28583,
      18583
    ],
    [
      8584,
      28584,
      18584
    ],
    [
      8585,
      28585,
      18585
    ],
    [
      8586,
      28586,
      18586
    ],
    [
      8587,
      28587,
      18587
    ],
    [
      8588,
      28588,
      18588
    ],
    [
      8589,
      28589,
      18589
    ],
    [
      8590,
      28590,
      18590
    ],
    [
      8591,
      28591,
      18591
    ],
    [
      8592,
      28592,
      18592
    ],
    [
      8593,
      28593,
      18593
    ],
    [
      8594,
      28594,
      18594
    ],
    [
      8595,
      28595,
      18595
    ],
    [
      8596,
      28596,
      18596
    ],
    [
      8597,
      28597,
      18597
    ],
    [
      8598,
      28598,
      18598
    ],
    [
      8599,
      28599,
      18599
    ],
    [
      8600,
      28600,
      18600
    ],
    [
      8601,
      28601,
      18601
    ],
    [
      8602,
      28602,
      18602
    ],
    [
      8603,
      28603,
      18603
    ],
    [
      8604,
      28604,
      18604
    ],
    [
      8605,
      28605,
      18605
    ],
    [
      8606,
      28606,
      18606
    ],
    [
      8607,
      28607,
      18607
    ],
    [
      8608,
      28608,
      18608
    ],
    [
      8609,
      28609,
      18609
    ],
    [
      8610,
      28610,
      18610
    ],
    [
      8611,
      28611,
      18611
    ],
    [
      8612,
      28612,
      18612
    ],
    [
      8613,
      28613,
      18613
    ],
    [
      8614,
      28614,
      18614
    ],
    [
      8615,
      28615,
      18615
    ],
    [
      8616,
      28616,
      18616
    ],
    [
      8617,
      28617,
      18617
    ],
    [
      8618,
      28618,
      18618
    ],
    [
      8619,
      28619,
      18619
    ],
    [
      8620,
      28620,
      18620
    ],
    [
      8621,
      28621,
      18621
    ],
    [
      8622,
      28622,
      18622
    ],
    [
      8623,
      28623,
      18623
    ],
    [
      8624,
      28624,
      18624
    ],
    [
      8625,
      28625,
      18625
    ],
    [
      8626,
      28626,
      18626
    ],
    [
      8627,
      28627,
      18627
    ],
    [
      8628,
      28628,
      18628
    ],
    [
      8629,
      28629,
      18629
    ],
    [
      8630,
      28630,
      18630
    ],
    [
      8631,
      28631,
      18631
    ],
    [
      8632,
      28632,
      18632
    ],
    [
      8633,
      28633,
      18633
    ],
    [
      8634,
      28634,
      18634
    ],
    [
      8635,
      28635,
      18635
    ],
    [
      8636,
      28636,
      18636
    ],
    [
      8637,
      28637,
      18637
    ],
    [
      8638,
      28638,
      18638
    ],
    [
      8639,
      28639,
      18639
    ],
    [
      8640,
      28640,
      18640
    ],
    [
      8641,
      28641,
      18641
    ],
    [
      8642,
      28642,
      18642
    ],
    [
      8643,
      28643,
      18643
    ],
    [
      8644,
      28644,
      18644
    ],
    [
      8645,
      28645,
      18645
    ],
    [
      8646,
      28646,
      18646
    ],
    [
      8647,
      28647,
      18647
    ],
    [
      8648,
      28648,
      18648
    ],
    [
      8649,
      28649,
      18649
    ],
    [
      8650,
      28650,
      18650
    ],
    [
      8651,
      28651,
      18651
    ],
    [
      8652,
      28652,
      18652
    ],
    [
      8653,
      28653,
      18653
    ],
    [
      8654,
      28654,
      18654
    ],
    [
      8655,
      28655,
      18655
    ],
    [
      8656,
      28656,
      18656
    ],
    [
      8657,
      28657,
      18657
    ],
    [
      8658,
      28658,
      18658
    ],
    [
      8659,
      28659,
      18659
    ],
    [
      8660,
      28660,
      18660
    ],
    [
      8661,
      28661,
      18661
    ],
    [
      8662,
      28662,
      18662
    ],
    [
      8663,
      28663,
      18663
    ],
    [
      8664,
      28664,
      18664
    ],
    [
      8665,
      28665,
      18665
    ],
    [
      8666,
      28666,
      18666
    ],
    [
      8667,
      28667,
      18667
    ],
    [
      8668,
      28668,
      18668
    ],
    [
      8669,
      28669,
      18669
    ],
    [
      8670,
      28670,
      18670
    ],
    [
      8671,
      28671,
      18671
    ],
    [
      8672,
      28672,
      18672
    ],
    [
      8673,
      28673,
      18673
    ],
    [
      8674,
      28674,
      18674
    ],
    [
      8675,
      28675,
      18675
    ],
    [
      8676,
      28676,
      18676
    ],
    [
      8677,
      28677,
      18677
    ],
    [
      8678,
      28678,
      18678
    ],
    [
      8679,
      28679,
      18679
    ],
    [
      8680,
      28680,
      18680
    ],
    [
      8681,
      28681,
      18681
    ],
    [
      8682,
      28682,
      18682
    ],
    [
      8683,
      28683,
      18683
    ],
    [
      8684,
      28684,
      18684
    ],
    [
      8685,
      28685,
      18685
    ],
    [
      8686,
      28686,
      18686
    ],
    [
      8687,
      28687,
      18687
    ],
    [
      8688,
      28688,
      18688
    ],
    [
      8689,
      28689,
      18689
    ],
    [
      8690,
      28690,
      18690
    ],
    [
      8691,
      28691,
      18691
    ],
    [
      8692,
      28692,
      18692
    ],
    [
      8693,
      28693,
      18693
    ],
    [
      8694,
      28694,
      18694
    ],
    [
      8695,
      28695,
      18695
    ],
    [
      8696,
      28696,
      18696
    ],
    [
      8697,
      28697,
      18697
    ],
    [
      8698,
      28698,
      18698
    ],
    [
      8699,
      28699,
      18699
    ],
    [
      8700,
      28700,
      18700
    ],
    [
      8701,
      28701,
      18701
    ],
    [
      8702,
      28702,
      18702
    ],
    [
      8703,
      28703,
      18703
    ],
    [
      8704,
      28704,
      18704
    ],
    [
      8705,
      28705,
      18705
    ],
    [
      8706,
      28706,
      18706
    ],
    [
      8707,
      28707,
      18707
    ],
    [
      8708,
      28708,
      18708
    ],
    [
      8709,
      28709,
      18709
    ],
    [
      8710,
      28710,
      18710
    ],
    [
      8711,
      28711,
      18711
    ],
    [
      8712,
      28712,
      18712
    ],
    [
      8713,
      28713,
      18713
    ],
    [
      8714,
      28714,
      18714
    ],
    [
      8715,
      28715,
      18715
    ],
    [
      8716,
      28716,
      18716
    ],
    [
      8717,
      28717,
      18717
    ],
    [
      8718,
      28718,
      18718
    ],
    [
      8719,
      28719,
      18719
    ],
    [
      8720,
      28720,
      18720
    ],
    [
      8721,
      28721,
      18721
    ],
    [
      8722,
      28722,
      18722
    ],
    [
      8723,
      28723,
      18723
    ],
    [
      8724,
      28724,
      18724
    ],
    [
      8725,
      28725,
      18725
    ],
    [
      8726,
      28726,
      18726
    ],
    [
      8727,
      28727,
      18727
    ],
    [
      8728,
      28728,
      18728
    ],
    [
      8729,
      28729,
      18729
    ],
    [
      8730,
      28730,
      18730
    ],
    [
      8731,
      28731,
      18731
    ],
    [
      8732,
      28732,
      18732
    ],
    [
      8733,
      28733,
      18733
    ],
    [
      8734,
      28734,
      18734
    ],
    [
      8735,
      28735,
      18735
    ],
    [
      8736,
      28736,
      18736
    ],
    [
      8737,
      28737,
      18737
    ],
    [
      8738,
      28738,
      18738
    ],
    [
      8739,
      28739,
      18739
    ],
    [
      8740,
      28740,
      18740
    ],
    [
      8741,
      28741,
      18741
    ],
    [
      8742,
      28742,
      18742
    ],
    [
      8743,
      28743,
      18743
    ],
    [
      8744,
      28744,
      18744
    ],
    [
      8745,
      28745,
      18745
    ],
    [
      8746,
      28746,
      18746
    ],
    [
      8747,
      28747,
      18747
    ],
    [
      8748,
      28748,
      18748
    ],
    [
      8749,
      28749,
      18749
    ],
    [
      8750,
      28750,
      18750
    ],
    [
      8751,
      28751,
      18751
    ],
    [
      8752,
      28752,
      18752
    ],
    [
      8753,
      28753,
      18753
    ],
    [
      8754,
      28754,
      18754
    ],
    [
      8755,
      28755,
      18755
    ],
    [
      8756,
      28756,
      18756
    ],
    [
      8757,
      28757,
      18757
    ],
    [
      8758,
      28758,
      18758
    ],
    [
      8759,
      28759,
      18759
    ],
    [
      8760,
      28760,
      18760
    ],
    [
      8761,
      28761,
      18761
    ],
    [
      8762,
      28762,
      18762
    ],
    [
      8763,
      28763,
      18763
    ],
    [
      8764,
      28764,
      18764
    ],
    [
      8765,
      28765,
      18765
    ],
    [
      8766,
      28766,
      18766
    ],
    [
      8767,
      28767,
      18767
    ],
    [
      8768,
      28768,
      18768
    ],
    [
      8769,
      28769,
      18769
    ],
    [
      8770,
      28770,
      18770
    ],
    [
      8771,
      28771,
      18771
    ],
    [
      8772,
      28772,
      18772
    ],
    [
      8773,
      28773,
      18773
    ],
    [
      8774,
      28774,
      18774
    ],
    [
      8775,
      28775,
      18775
    ],
    [
      8776,
      28776,
      18776
    ],
    [
      8777,
      28777,
      18777
    ],
    [
      8778,
      28778,
      18778
    ],
    [
      8779,
      28779,
      18779
    ],
    [
      8780,
      28780,
      18780
    ],
    [
      8781,
      28781,
      18781
    ],
    [
      8782,
      28782,
      18782
    ],
    [
      8783,
      28783,
      18783
    ],
    [
      8784,
      28784,
      18784
    ],
    [
      8785,
      28785,
      18785
    ],
    [
      8786,
      28786,
      18786
    ],
    [
      8787,
      28787,
      18787
    ],
    [
      8788,
      28788,
      18788
    ],
    [
      8789,
      28789,
      18789
    ],
    [
      8790,
      28790,
      18790
    ],
    [
      8791,
      28791,
      18791
    ],
    [
      8792,
      28792,
      18792
    ],
    [
      8793,
      28793,
      18793
    ],
    [
      8794,
      28794,
      18794
    ],
    [
      8795,
      28795,
      18795
    ],
    [
      8796,
      28796,
      18796
    ],
    [
      8797,
      28797,
      18797
    ],
    [
      8798,
      28798,
      18798
    ],
    [
      8799,
      28799,
      18799
    ],
    [
      8800,
      28800,
      18800
    ],
    [
      8801,
      28801,
      18801
    ],
    [
      8802,
      28802,
      18802
    ],
    [
      8803,
      28803,
      18803
    ],
    [
      8804,
      28804,
      18804
    ],
    [
      8805,
      28805,
      18805
    ],
    [
      8806,
      28806,
      18806
    ],
    [
      8807,
      28807,
      18807
    ],
    [
      8808,
      28808,
      18808
    ],
    [
      8809,
      28809,
      18809
    ],
    [
      8810,
      28810,
      18810
    ],
    [
      8811,
      28811,
      18811
    ],
    [
      8812,
      28812,
      18812
    ],
    [
      8813,
      28813,
      18813
    ],
    [
      8814,
      28814,
      18814
    ],
    [
      8815,
      28815,
      18815
    ],
    [
      8816,
      28816,
      18816
    ],
    [
      8817,
      28817,
      18817
    ],
    [
      8818,
      28818,
      18818
    ],
    [
      8819,
      28819,
      18819
    ],
    [
      8820,
      28820,
      18820
    ],
    [
      8821,
      28821,
      18821
    ],
    [
      8822,
      28822,
      18822
    ],
    [
      8823,
      28823,
      18823
    ],
    [
      8824,
      28824,
      18824
    ],
    [
      8825,
      28825,
      18825
    ],
    [
      8826,
      28826,
      18826
    ],
    [
      8827,
      28827,
      18827
    ],
    [
      8828,
      28828,
      18828
    ],
    [
      8829,
      28829,
      18829
    ],
    [
      8830,
      28830,
      18830
    ],
    [
      8831,
      28831,
      18831
    ],
    [
      8832,
      28832,
      18832
    ],
    [
      8833,
      28833,
      18833
    ],
    [
      8834,
      28834,
      18834
    ],
    [
      8835,
      28835,
      18835
    ],
    [
      8836,
      28836,
      18836
    ],
    [
      8837,
      28837,
      18837
    ],
    [
      8838,
      28838,
      18838
    ],
    [
      8839,
      28839,
      18839
    ],
    [
      8840,
      28840,
      18840
    ],
    [
      8841,
      28841,
      18841
    ],
    [
      8842,
      28842,
      18842
    ],
    [
      8843,
      28843,
      18843
    ],
    [
      8844,
      28844,
      18844
    ],
    [
      8845,
      28845,
      18845
    ],
    [
      8846,
      28846,
      18846
    ],
    [
      8847,
      28847,
      18847
    ],
    [
      8848,
      28848,
      18848
    ],
    [
      8849,
      28849,
      18849
    ],
    [
      8850,
      28850,
      18850
    ],
    [
      8851,
      28851,
      18851
    ],
    [
      8852,
      28852,
      18852
    ],
    [
      8853,
      28853,
      18853
    ],
    [
      8854,
      28854,
      18854
    ],
    [
      8855,
      28855,
      18855
    ],
    [
      8856,
      28856,
      18856
    ],
    [
      8857,
      28857,
      18857
    ],
    [
      8858,
      28858,
      18858
    ],
    [
      8859,
      28859,
      18859
    ],
    [
      8860,
      28860,
      18860
    ],
    [
      8861,
      28861,
      18861
    ],
    [
      8862,
      28862,
      18862
    ],
    [
      8863,
      28863,
      18863
    ],
    [
      8864,
      28864,
      18864
    ],
    [
      8865,
      28865,
      18865
    ],
    [
      8866,
      28866,
      18866
    ],
    [
      8867,
      28867,
      18867
    ],
    [
      8868,
      28868,
      18868
    ],
    [
      8869,
      28869,
      18869
    ],
    [
      8870,
      28870,
      18870
    ],
    [
      8871,
      28871,
      18871
    ],
    [
      8872,
      28872,
      18872
    ],
    [
      8873,
      28873,
      18873
    ],
    [
      8874,
      28874,
      18874
    ],
    [
      8875,
      28875,
      18875
    ],
    [
      8876,
      28876,
      18876
    ],
    [
      8877,
      28877,
      18877
    ],
    [
      8878,
      28878,
      18878
    ],
    [
      8879,
      28879,
      18879
    ],
    [
      8880,
      28880,
      18880
    ],
    [
      8881,
      28881,
      18881
    ],
    [
      8882,
      28882,
      18882
    ],
    [
      8883,
      28883,
      18883
    ],
    [
      8884,
      28884,
      18884
    ],
    [
      8885,
      28885,
      18885
    ],
    [
      8886,
      28886,
      18886
    ],
    [
      8887,
      28887,
      18887
    ],
    [
      8888,
      28888,
      18888
    ],
    [
      8889,
      28889,
      18889
    ],
    [
      8890,
      28890,
      18890
    ],
    [
      8891,
      28891,
      18891
    ],
    [
      8892,
      28892,
      18892
    ],
    [
      8893,
      28893,
      18893
    ],
    [
      8894,
      28894,
      18894
    ],
    [
      8895,
      28895,
      18895
    ],
    [
      8896,
      28896,
      18896
    ],
    [
      8897,
      28897,
      18897
    ],
    [
      8898,
      28898,
      18898
    ],
    [
      8899,
      28899,
      18899
    ],
    [
      8900,
      28900,
      18900
    ],
    [
      8901,
      28901,
      18901
    ],
    [
      8902,
      28902,
      18902
    ],
    [
      8903,
      28903,
      18903
    ],
    [
      8904,
      28904,
      18904
    ],
    [
      8905,
      28905,
      18905
    ],
    [
      8906,
      28906,
      18906
    ],
    [
      8907,
      28907,
      18907
    ],
    [
      8908,
      28908,
      18908
    ],
    [
      8909,
      28909,
      18909
    ],
    [
      8910,
      28910,
      18910
    ],
    [
      8911,
      28911,
      18911
    ],
    [
      8912,
      28912,
      18912
    ],
    [
      8913,
      28913,
      18913
    ],
    [
      8914,
      28914,
      18914
    ],
    [
      8915,
      28915,
      18915
    ],
    [
      8916,
      28916,
      18916
    ],
    [
      8917,
      28917,
      18917
    ],
    [
      8918,
      28918,
      18918
    ],
    [
      8919,
      28919,
      18919
    ],
    [
      8920,
      28920,
      18920
    ],
    [
      8921,
      28921,
      18921
    ],
    [
      8922,
      28922,
      18922
    ],
    [
      8923,
      28923,
      18923
    ],
    [
      8924,
      28924,
      18924
    ],
    [
      8925,
      28925,
      18925
    ],
    [
      8926,
      28926,
      18926
    ],
    [
      8927,
      28927,
      18927
    ],
    [
      8928,
      28928,
      18928
    ],
    [
      8929,
      28929,
      18929
    ],
    [
      8930,
      28930,
      18930
    ],
    [
      8931,
      28931,
      18931
    ],
    [
      8932,
      28932,
      18932
    ],
    [
      8933,
      28933,
      18933
    ],
    [
      8934,
      28934,
      18934
    ],
    [
      8935,
      28935,
      18935
    ],
    [
      8936,
      28936,
      18936
    ],
    [
      8937,
      28937,
      18937
    ],
    [
      8938,
      28938,
      18938
    ],
    [
      8939,
      28939,
      18939
    ],
    [
      8940,
      28940,
      18940
    ],
    [
      8941,
      28941,
      18941
    ],
    [
      8942,
      28942,
      18942
    ],
    [
      8943,
      28943,
      18943
    ],
    [
      8944,
      28944,
      18944
    ],
    [
      8945,
      28945,
      18945
    ],
    [
      8946,
      28946,
      18946
    ],
    [
      8947,
      28947,
      18947
    ],
    [
      8948,
      28948,
      18948
    ],
    [
      8949,
      28949,
      18949
    ],
    [
      8950,
      28950,
      18950
    ],
    [
      8951,
      28951,
      18951
    ],
    [
      8952,
      28952,
      18952
    ],
    [
      8953,
      28953,
      18953
    ],
    [
      8954,
      28954,
      18954
    ],
    [
      8955,
      28955,
      18955
    ],
    [
      8956,
      28956,
      18956
    ],
    [
      8957,
      28957,
      18957
    ],
    [
      8958,
      28958,
      18958
    ],
    [
      8959,
      28959,
      18959
    ],
    [
      8960,
      28960,
      18960
    ],
    [
      8961,
      28961,
      18961
    ],
    [
      8962,
      28962,
      18962
    ],
    [
      8963,
      28963,
      18963
    ],
    [
      8964,
      28964,
      18964
    ],
    [
      8965,
      28965,
      18965
    ],
    [
      8966,
      28966,
      18966
    ],
    [
      8967,
      28967,
      18967
    ],
    [
      8968,
      28968,
      18968
    ],
    [
      8969,
      28969,
      18969
    ],
    [
      8970,
      28970,
      18970
    ],
    [
      8971,
      28971,
      18971
    ],
    [
      8972,
      28972,
      18972
    ],
    [
      8973,
      28973,
      18973
    ],
    [
      8974,
      28974,
      18974
    ],
    [
      8975,
      28975,
      18975
    ],
    [
      8976,
      28976,
      18976
    ],
    [
      8977,
      28977,
      18977
    ],
    [
      8978,
      28978,
      18978
    ],
    [
      8979,
      28979,
      18979
    ],
    [
      8980,
      28980,
      18980
    ],
    [
      8981,
      28981,
      18981
    ],
    [
      8982,
      28982,
      18982
    ],
    [
      8983,
      28983,
      18983
    ],
    [
      8984,
      28984,
      18984
    ],
    [
      8985,
      28985,
      18985
    ],
    [
      8986,
      28986,
      18986
    ],
    [
      8987,
      28987,
      18987
    ],
    [
      8988,
      28988,
      18988
    ],
    [
      8989,
      28989,
      18989
    ],
    [
      8990,
      28990,
      18990
    ],
    [
      8991,
      28991,
      18991
    ],
    [
      8992,
      28992,
      18992
    ],
    [
      8993,
      28993,
      18993
    ],
    [
      8994,
      28994,
      18994
    ],
    [
      8995,
      28995,
      18995
    ],
    [
      8996,
      28996,
      18996
    ],
    [
      8997,
      28997,
      18997
    ],
    [
      8998,
      28998,
      18998
    ],
    [
      8999,
      28999,
      18999
    ],
    [
      9000,
      29000,
      19000
    ],
    [
      9001,
      29001,
      19001
    ],
    [
      9002,
      29002,
      19002
    ],
    [
      9003,
      29003,
      19003
    ],
    [
      9004,
      29004,
      19004
    ],
    [
      9005,
      29005,
      19005
    ],
    [
      9006,
      29006,
      19006
    ],
    [
      9007,
      29007,
      19007
    ],
    [
      9008,
      29008,
      19008
    ],
    [
      9009,
      29009,
      19009
    ],
    [
      9010,
      29010,
      19010
    ],
    [
      9011,
      29011,
      19011
    ],
    [
      9012,
      29012,
      19012
    ],
    [
      9013,
      29013,
      19013
    ],
    [
      9014,
      29014,
      19014
    ],
    [
      9015,
      29015,
      19015
    ],
    [
      9016,
      29016,
      19016
    ],
    [
      9017,
      29017,
      19017
    ],
    [
      9018,
      29018,
      19018
    ],
    [
      9019,
      29019,
      19019
    ],
    [
      9020,
      29020,
      19020
    ],
    [
      9021,
      29021,
      19021
    ],
    [
      9022,
      29022,
      19022
    ],
    [
      9023,
      29023,
      19023
    ],
    [
      9024,
      29024,
      19024
    ],
    [
      9025,
      29025,
      19025
    ],
    [
      9026,
      29026,
      19026
    ],
    [
      9027,
      29027,
      19027
    ],
    [
      9028,
      29028,
      19028
    ],
    [
      9029,
      29029,
      19029
    ],
    [
      9030,
      29030,
      19030
    ],
    [
      9031,
      29031,
      19031
    ],
    [
      9032,
      29032,
      19032
    ],
    [
      9033,
      29033,
      19033
    ],
    [
      9034,
      29034,
      19034
    ],
    [
      9035,
      29035,
      19035
    ],
    [
      9036,
      29036,
      19036
    ],
    [
      9037,
      29037,
      19037
    ],
    [
      9038,
      29038,
      19038
    ],
    [
      9039,
      29039,
      19039
    ],
    [
      9040,
      29040,
      19040
    ],
    [
      9041,
      29041,
      19041
    ],
    [
      9042,
      29042,
      19042
    ],
    [
      9043,
      29043,
      19043
    ],
    [
      9044,
      29044,
      19044
    ],
    [
      9045,
      29045,
      19045
    ],
    [
      9046,
      29046,
      19046
    ],
    [
      9047,
      29047,
      19047
    ],
    [
      9048,
      29048,
      19048
    ],
    [
      9049,
      29049,
      19049
    ],
    [
      9050,
      29050,
      19050
    ],
    [
      9051,
      29051,
      19051
    ],
    [
      9052,
      29052,
      19052
    ],
    [
      9053,
      29053,
      19053
    ],
    [
      9054,
      29054,
      19054
    ],
    [
      9055,
      29055,
      19055
    ],
    [
      9056,
      29056,
      19056
    ],
    [
      9057,
      29057,
      19057
    ],
    [
      9058,
      29058,
      19058
    ],
    [
      9059,
      29059,
      19059
    ],
    [
      9060,
      29060,
      19060
    ],
    [
      9061,
      29061,
      19061
    ],
    [
      9062,
      29062,
      19062
    ],
    [
      9063,
      29063,
      19063
    ],
    [
      9064,
      29064,
      19064
    ],
    [
      9065,
      29065,
      19065
    ],
    [
      9066,
      29066,
      19066
    ],
    [
      9067,
      29067,
      19067
    ],
    [
      9068,
      29068,
      19068
    ],
    [
      9069,
      29069,
      19069
    ],
    [
      9070,
      29070,
      19070
    ],
    [
      9071,
      29071,
      19071
    ],
    [
      9072,
      29072,
      19072
    ],
    [
      9073,
      29073,
      19073
    ],
    [
      9074,
      29074,
      19074
    ],
    [
      9075,
      29075,
      19075
    ],
    [
      9076,
      29076,
      19076
    ],
    [
      9077,
      29077,
      19077
    ],
    [
      9078,
      29078,
      19078
    ],
    [
      9079,
      29079,
      19079
    ],
    [
      9080,
      29080,
      19080
    ],
    [
      9081,
      29081,
      19081
    ],
    [
      9082,
      29082,
      19082
    ],
    [
      9083,
      29083,
      19083
    ],
    [
      9084,
      29084,
      19084
    ],
    [
      9085,
      29085,
      19085
    ],
    [
      9086,
      29086,
      19086
    ],
    [
      9087,
      29087,
      19087
    ],
    [
      9088,
      29088,
      19088
    ],
    [
      9089,
      29089,
      19089
    ],
    [
      9090,
      29090,
      19090
    ],
    [
      9091,
      29091,
      19091
    ],
    [
      9092,
      29092,
      19092
    ],
    [
      9093,
      29093,
      19093
    ],
    [
      9094,
      29094,
      19094
    ],
    [
      9095,
      29095,
      19095
    ],
    [
      9096,
      29096,
      19096
    ],
    [
      9097,
      29097,
      19097
    ],
    [
      9098,
      29098,
      19098
    ],
    [
      9099,
      29099,
      19099
    ],
    [
      9100,
      29100,
      19100
    ],
    [
      9101,
      29101,
      19101
    ],
    [
      9102,
      29102,
      19102
    ],
    [
      9103,
      29103,
      19103
    ],
    [
      9104,
      29104,
      19104
    ],
    [
      9105,
      29105,
      19105
    ],
    [
      9106,
      29106,
      19106
    ],
    [
      9107,
      29107,
      19107
    ],
    [
      9108,
      29108,
      19108
    ],
    [
      9109,
      29109,
      19109
    ],
    [
      9110,
      29110,
      19110
    ],
    [
      9111,
      29111,
      19111
    ],
    [
      9112,
      29112,
      19112
    ],
    [
      9113,
      29113,
      19113
    ],
    [
      9114,
      29114,
      19114
    ],
    [
      9115,
      29115,
      19115
    ],
    [
      9116,
      29116,
      19116
    ],
    [
      9117,
      29117,
      19117
    ],
    [
      9118,
      29118,
      19118
    ],
    [
      9119,
      29119,
      19119
    ],
    [
      9120,
      29120,
      19120
    ],
    [
      9121,
      29121,
      19121
    ],
    [
      9122,
      29122,
      19122
    ],
    [
      9123,
      29123,
      19123
    ],
    [
      9124,
      29124,
      19124
    ],
    [
      9125,
      29125,
      19125
    ],
    [
      9126,
      29126,
      19126
    ],
    [
      9127,
      29127,
      19127
    ],
    [
      9128,
      29128,
      19128
    ],
    [
      9129,
      29129,
      19129
    ],
    [
      9130,
      29130,
      19130
    ],
    [
      9131,
      29131,
      19131
    ],
    [
      9132,
      29132,
      19132
    ],
    [
      9133,
      29133,
      19133
    ],
    [
      9134,
      29134,
      19134
    ],
    [
      9135,
      29135,
      19135
    ],
    [
      9136,
      29136,
      19136
    ],
    [
      9137,
      29137,
      19137
    ],
    [
      9138,
      29138,
      19138
    ],
    [
      9139,
      29139,
      19139
    ],
    [
      9140,
      29140,
      19140
    ],
    [
      9141,
      29141,
      19141
    ],
    [
      9142,
      29142,
      19142
    ],
    [
      9143,
      29143,
      19143
    ],
    [
      9144,
      29144,
      19144
    ],
    [
      9145,
      29145,
      19145
    ],
    [
      9146,
      29146,
      19146
    ],
    [
      9147,
      29147,
      19147
    ],
    [
      9148,
      29148,
      19148
    ],
    [
      9149,
      29149,
      19149
    ],
    [
      9150,
      29150,
      19150
    ],
    [
      9151,
      29151,
      19151
    ],
    [
      9152,
      29152,
      19152
    ],
    [
      9153,
      29153,
      19153
    ],
    [
      9154,
      29154,
      19154
    ],
    [
      9155,
      29155,
      19155
    ],
    [
      9156,
      29156,
      19156
    ],
    [
      9157,
      29157,
      19157
    ],
    [
      9158,
      29158,
      19158
    ],
    [
      9159,
      29159,
      19159
    ],
    [
      9160,
      29160,
      19160
    ],
    [
      9161,
      29161,
      19161
    ],
    [
      9162,
      29162,
      19162
    ],
    [
      9163,
      29163,
      19163
    ],
    [
      9164,
      29164,
      19164
    ],
    [
      9165,
      29165,
      19165
    ],
    [
      9166,
      29166,
      19166
    ],
    [
      9167,
      29167,
      19167
    ],
    [
      9168,
      29168,
      19168
    ],
    [
      9169,
      29169,
      19169
    ],
    [
      9170,
      29170,
      19170
    ],
    [
      9171,
      29171,
      19171
    ],
    [
      9172,
      29172,
      19172
    ],
    [
      9173,
      29173,
      19173
    ],
    [
      9174,
      29174,
      19174
    ],
    [
      9175,
      29175,
      19175
    ],
    [
      9176,
      29176,
      19176
    ],
    [
      9177,
      29177,
      19177
    ],
    [
      9178,
      29178,
      19178
    ],
    [
      9179,
      29179,
      19179
    ],
    [
      9180,
      29180,
      19180
    ],
    [
      9181,
      29181,
      19181
    ],
    [
      9182,
      29182,
      19182
    ],
    [
      9183,
      29183,
      19183
    ],
    [
      9184,
      29184,
      19184
    ],
    [
      9185,
      29185,
      19185
    ],
    [
      9186,
      29186,
      19186
    ],
    [
      9187,
      29187,
      19187
    ],
    [
      9188,
      29188,
      19188
    ],
    [
      9189,
      29189,
      19189
    ],
    [
      9190,
      29190,
      19190
    ],
    [
      9191,
      29191,
      19191
    ],
    [
      9192,
      29192,
      19192
    ],
    [
      9193,
      29193,
      19193
    ],
    [
      9194,
      29194,
      19194
    ],
    [
      9195,
      29195,
      19195
    ],
    [
      9196,
      29196,
      19196
    ],
    [
      9197,
      29197,
      19197
    ],
    [
      9198,
      29198,
      19198
    ],
    [
      9199,
      29199,
      19199
    ],
    [
      9200,
      29200,
      19200
    ],
    [
      9201,
      29201,
      19201
    ],
    [
      9202,
      29202,
      19202
    ],
    [
      9203,
      29203,
      19203
    ],
    [
      9204,
      29204,
      19204
    ],
    [
      9205,
      29205,
      19205
    ],
    [
      9206,
      29206,
      19206
    ],
    [
      9207,
      29207,
      19207
    ],
    [
      9208,
      29208,
      19208
    ],
    [
      9209,
      29209,
      19209
    ],
    [
      9210,
      29210,
      19210
    ],
    [
      9211,
      29211,
      19211
    ],
    [
      9212,
      29212,
      19212
    ],
    [
      9213,
      29213,
      19213
    ],
    [
      9214,
      29214,
      19214
    ],
    [
      9215,
      29215,
      19215
    ],
    [
      9216,
      29216,
      19216
    ],
    [
      9217,
      29217,
      19217
    ],
    [
      9218,
      29218,
      19218
    ],
    [
      9219,
      29219,
      19219
    ],
    [
      9220,
      29220,
      19220
    ],
    [
      9221,
      29221,
      19221
    ],
    [
      9222,
      29222,
      19222
    ],
    [
      9223,
      29223,
      19223
    ],
    [
      9224,
      29224,
      19224
    ],
    [
      9225,
      29225,
      19225
    ],
    [
      9226,
      29226,
      19226
    ],
    [
      9227,
      29227,
      19227
    ],
    [
      9228,
      29228,
      19228
    ],
    [
      9229,
      29229,
      19229
    ],
    [
      9230,
      29230,
      19230
    ],
    [
      9231,
      29231,
      19231
    ],
    [
      9232,
      29232,
      19232
    ],
    [
      9233,
      29233,
      19233
    ],
    [
      9234,
      29234,
      19234
    ],
    [
      9235,
      29235,
      19235
    ],
    [
      9236,
      29236,
      19236
    ],
    [
      9237,
      29237,
      19237
    ],
    [
      9238,
      29238,
      19238
    ],
    [
      9239,
      29239,
      19239
    ],
    [
      9240,
      29240,
      19240
    ],
    [
      9241,
      29241,
      19241
    ],
    [
      9242,
      29242,
      19242
    ],
    [
      9243,
      29243,
      19243
    ],
    [
      9244,
      29244,
      19244
    ],
    [
      9245,
      29245,
      19245
    ],
    [
      9246,
      29246,
      19246
    ],
    [
      9247,
      29247,
      19247
    ],
    [
      9248,
      29248,
      19248
    ],
    [
      9249,
      29249,
      19249
    ],
    [
      9250,
      29250,
      19250
    ],
    [
      9251,
      29251,
      19251
    ],
    [
      9252,
      29252,
      19252
    ],
    [
      9253,
      29253,
      19253
    ],
    [
      9254,
      29254,
      19254
    ],
    [
      9255,
      29255,
      19255
    ],
    [
      9256,
      29256,
      19256
    ],
    [
      9257,
      29257,
      19257
    ],
    [
      9258,
      29258,
      19258
    ],
    [
      9259,
      29259,
      19259
    ],
    [
      9260,
      29260,
      19260
    ],
    [
      9261,
      29261,
      19261
    ],
    [
      9262,
      29262,
      19262
    ],
    [
      9263,
      29263,
      19263
    ],
    [
      9264,
      29264,
      19264
    ],
    [
      9265,
      29265,
      19265
    ],
    [
      9266,
      29266,
      19266
    ],
    [
      9267,
      29267,
      19267
    ],
    [
      9268,
      29268,
      19268
    ],
    [
      9269,
      29269,
      19269
    ],
    [
      9270,
      29270,
      19270
    ],
    [
      9271,
      29271,
      19271
    ],
    [
      9272,
      29272,
      19272
    ],
    [
      9273,
      29273,
      19273
    ],
    [
      9274,
      29274,
      19274
    ],
    [
      9275,
      29275,
      19275
    ],
    [
      9276,
      29276,
      19276
    ],
    [
      9277,
      29277,
      19277
    ],
    [
      9278,
      29278,
      19278
    ],
    [
      9279,
      29279,
      19279
    ],
    [
      9280,
      29280,
      19280
    ],
    [
      9281,
      29281,
      19281
    ],
    [
      9282,
      29282,
      19282
    ],
    [
      9283,
      29283,
      19283
    ],
    [
      9284,
      29284,
      19284
    ],
    [
      9285,
      29285,
      19285
    ],
    [
      9286,
      29286,
      19286
    ],
    [
      9287,
      29287,
      19287
    ],
    [
      9288,
      29288,
      19288
    ],
    [
      9289,
      29289,
      19289
    ],
    [
      9290,
      29290,
      19290
    ],
    [
      9291,
      29291,
      19291
    ],
    [
      9292,
      29292,
      19292
    ],
    [
      9293,
      29293,
      19293
    ],
    [
      9294,
      29294,
      19294
    ],
    [
      9295,
      29295,
      19295
    ],
    [
      9296,
      29296,
      19296
    ],
    [
      9297,
      29297,
      19297
    ],
    [
      9298,
      29298,
      19298
    ],
    [
      9299,
      29299,
      19299
    ],
    [
      9300,
      29300,
      19300
    ],
    [
      9301,
      29301,
      19301
    ],
    [
      9302,
      29302,
      19302
    ],
    [
      9303,
      29303,
      19303
    ],
    [
      9304,
      29304,
      19304
    ],
    [
      9305,
      29305,
      19305
    ],
    [
      9306,
      29306,
      19306
    ],
    [
      9307,
      29307,
      19307
    ],
    [
      9308,
      29308,
      19308
    ],
    [
      9309,
      29309,
      19309
    ],
    [
      9310,
      29310,
      19310
    ],
    [
      9311,
      29311,
      19311
    ],
    [
      9312,
      29312,
      19312
    ],
    [
      9313,
      29313,
      19313
    ],
    [
      9314,
      29314,
      19314
    ],
    [
      9315,
      29315,
      19315
    ],
    [
      9316,
      29316,
      19316
    ],
    [
      9317,
      29317,
      19317
    ],
    [
      9318,
      29318,
      19318
    ],
    [
      9319,
      29319,
      19319
    ],
    [
      9320,
      29320,
      19320
    ],
    [
      9321,
      29321,
      19321
    ],
    [
      9322,
      29322,
      19322
    ],
    [
      9323,
      29323,
      19323
    ],
    [
      9324,
      29324,
      19324
    ],
    [
      9325,
      29325,
      19325
    ],
    [
      9326,
      29326,
      19326
    ],
    [
      9327,
      29327,
      19327
    ],
    [
      9328,
      29328,
      19328
    ],
    [
      9329,
      29329,
      19329
    ],
    [
      9330,
      29330,
      19330
    ],
    [
      9331,
      29331,
      19331
    ],
    [
      9332,
      29332,
      19332
    ],
    [
      9333,
      29333,
      19333
    ],
    [
      9334,
      29334,
      19334
    ],
    [
      9335,
      29335,
      19335
    ],
    [
      9336,
      29336,
      19336
    ],
    [
      9337,
      29337,
      19337
    ],
    [
      9338,
      29338,
      19338
    ],
    [
      9339,
      29339,
      19339
    ],
    [
      9340,
      29340,
      19340
    ],
    [
      9341,
      29341,
      19341
    ],
    [
      9342,
      29342,
      19342
    ],
    [
      9343,
      29343,
      19343
    ],
    [
      9344,
      29344,
      19344
    ],
    [
      9345,
      29345,
      19345
    ],
    [
      9346,
      29346,
      19346
    ],
    [
      9347,
      29347,
      19347
    ],
    [
      9348,
      29348,
      19348
    ],
    [
      9349,
      29349,
      19349
    ],
    [
      9350,
      29350,
      19350
    ],
    [
      9351,
      29351,
      19351
    ],
    [
      9352,
      29352,
      19352
    ],
    [
      9353,
      29353,
      19353
    ],
    [
      9354,
      29354,
      19354
    ],
    [
      9355,
      29355,
      19355
    ],
    [
      9356,
      29356,
      19356
    ],
    [
      9357,
      29357,
      19357
    ],
    [
      9358,
      29358,
      19358
    ],
    [
      9359,
      29359,
      19359
    ],
    [
      9360,
      29360,
      19360
    ],
    [
      9361,
      29361,
      19361
    ],
    [
      9362,
      29362,
      19362
    ],
    [
      9363,
      29363,
      19363
    ],
    [
      9364,
      29364,
      19364
    ],
    [
      9365,
      29365,
      19365
    ],
    [
      9366,
      29366,
      19366
    ],
    [
      9367,
      29367,
      19367
    ],
    [
      9368,
      29368,
      19368
    ],
    [
      9369,
      29369,
      19369
    ],
    [
      9370,
      29370,
      19370
    ],
    [
      9371,
      29371,
      19371
    ],
    [
      9372,
      29372,
      19372
    ],
    [
      9373,
      29373,
      19373
    ],
    [
      9374,
      29374,
      19374
    ],
    [
      9375,
      29375,
      19375
    ],
    [
      9376,
      29376,
      19376
    ],
    [
      9377,
      29377,
      19377
    ],
    [
      9378,
      29378,
      19378
    ],
    [
      9379,
      29379,
      19379
    ],
    [
      9380,
      29380,
      19380
    ],
    [
      9381,
      29381,
      19381
    ],
    [
      9382,
      29382,
      19382
    ],
    [
      9383,
      29383,
      19383
    ],
    [
      9384,
      29384,
      19384
    ],
    [
      9385,
      29385,
      19385
    ],
    [
      9386,
      29386,
      19386
    ],
    [
      9387,
      29387,
      19387
    ],
    [
      9388,
      29388,
      19388
    ],
    [
      9389,
      29389,
      19389
    ],
    [
      9390,
      29390,
      19390
    ],
    [
      9391,
      29391,
      19391
    ],
    [
      9392,
      29392,
      19392
    ],
    [
      9393,
      29393,
      19393
    ],
    [
      9394,
      29394,
      19394
    ],
    [
      9395,
      29395,
      19395
    ],
    [
      9396,
      29396,
      19396
    ],
    [
      9397,
      29397,
      19397
    ],
    [
      9398,
      29398,
      19398
    ],
    [
      9399,
      29399,
      19399
    ],
    [
      9400,
      29400,
      19400
    ],
    [
      9401,
      29401,
      19401
    ],
    [
      9402,
      29402,
      19402
    ],
    [
      9403,
      29403,
      19403
    ],
    [
      9404,
      29404,
      19404
    ],
    [
      9405,
      29405,
      19405
    ],
    [
      9406,
      29406,
      19406
    ],
    [
      9407,
      29407,
      19407
    ],
    [
      9408,
      29408,
      19408
    ],
    [
      9409,
      29409,
      19409
    ],
    [
      9410,
      29410,
      19410
    ],
    [
      9411,
      29411,
      19411
    ],
    [
      9412,
      29412,
      19412
    ],
    [
      9413,
      29413,
      19413
    ],
    [
      9414,
      29414,
      19414
    ],
    [
      9415,
      29415,
      19415
    ],
    [
      9416,
      29416,
      19416
    ],
    [
      9417,
      29417,
      19417
    ],
    [
      9418,
      29418,
      19418
    ],
    [
      9419,
      29419,
      19419
    ],
    [
      9420,
      29420,
      19420
    ],
    [
      9421,
      29421,
      19421
    ],
    [
      9422,
      29422,
      19422
    ],
    [
      9423,
      29423,
      19423
    ],
    [
      9424,
      29424,
      19424
    ],
    [
      9425,
      29425,
      19425
    ],
    [
      9426,
      29426,
      19426
    ],
    [
      9427,
      29427,
      19427
    ],
    [
      9428,
      29428,
      19428
    ],
    [
      9429,
      29429,
      19429
    ],
    [
      9430,
      29430,
      19430
    ],
    [
      9431,
      29431,
      19431
    ],
    [
      9432,
      29432,
      19432
    ],
    [
      9433,
      29433,
      19433
    ],
    [
      9434,
      29434,
      19434
    ],
    [
      9435,
      29435,
      19435
    ],
    [
      9436,
      29436,
      19436
    ],
    [
      9437,
      29437,
      19437
    ],
    [
      9438,
      29438,
      19438
    ],
    [
      9439,
      29439,
      19439
    ],
    [
      9440,
      29440,
      19440
    ],
    [
      9441,
      29441,
      19441
    ],
    [
      9442,
      29442,
      19442
    ],
    [
      9443,
      29443,
      19443
    ],
    [
      9444,
      29444,
      19444
    ],
    [
      9445,
      29445,
      19445
    ],
    [
      9446,
      29446,
      19446
    ],
    [
      9447,
      29447,
      19447
    ],
    [
      9448,
      29448,
      19448
    ],
    [
      9449,
      29449,
      19449
    ],
    [
      9450,
      29450,
      19450
    ],
    [
      9451,
      29451,
      19451
    ],
    [
      9452,
      29452,
      19452
    ],
    [
      9453,
      29453,
      19453
    ],
    [
      9454,
      29454,
      19454
    ],
    [
      9455,
      29455,
      19455
    ],
    [
      9456,
      29456,
      19456
    ],
    [
      9457,
      29457,
      19457
    ],
    [
      9458,
      29458,
      19458
    ],
    [
      9459,
      29459,
      19459
    ],
    [
      9460,
      29460,
      19460
    ],
    [
      9461,
      29461,
      19461
    ],
    [
      9462,
      29462,
      19462
    ],
    [
      9463,
      29463,
      19463
    ],
    [
      9464,
      29464,
      19464
    ],
    [
      9465,
      29465,
      19465
    ],
    [
      9466,
      29466,
      19466
    ],
    [
      9467,
      29467,
      19467
    ],
    [
      9468,
      29468,
      19468
    ],
    [
      9469,
      29469,
      19469
    ],
    [
      9470,
      29470,
      19470
    ],
    [
      9471,
      29471,
      19471
    ],
    [
      9472,
      29472,
      19472
    ],
    [
      9473,
      29473,
      19473
    ],
    [
      9474,
      29474,
      19474
    ],
    [
      9475,
      29475,
      19475
    ],
    [
      9476,
      29476,
      19476
    ],
    [
      9477,
      29477,
      19477
    ],
    [
      9478,
      29478,
      19478
    ],
    [
      9479,
      29479,
      19479
    ],
    [
      9480,
      29480,
      19480
    ],
    [
      9481,
      29481,
      19481
    ],
    [
      9482,
      29482,
      19482
    ],
    [
      9483,
      29483,
      19483
    ],
    [
      9484,
      29484,
      19484
    ],
    [
      9485,
      29485,
      19485
    ],
    [
      9486,
      29486,
      19486
    ],
    [
      9487,
      29487,
      19487
    ],
    [
      9488,
      29488,
      19488
    ],
    [
      9489,
      29489,
      19489
    ],
    [
      9490,
      29490,
      19490
    ],
    [
      9491,
      29491,
      19491
    ],
    [
      9492,
      29492,
      19492
    ],
    [
      9493,
      29493,
      19493
    ],
    [
      9494,
      29494,
      19494
    ],
    [
      9495,
      29495,
      19495
    ],
    [
      9496,
      29496,
      19496
    ],
    [
      9497,
      29497,
      19497
    ],
    [
      9498,
      29498,
      19498
    ],
    [
      9499,
      29499,
      19499
    ],
    [
      9500,
      29500,
      19500
    ],
    [
      9501,
      29501,
      19501
    ],
    [
      9502,
      29502,
      19502
    ],
    [
      9503,
      29503,
      19503
    ],
    [
      9504,
      29504,
      19504
    ],
    [
      9505,
      29505,
      19505
    ],
    [
      9506,
      29506,
      19506
    ],
    [
      9507,
      29507,
      19507
    ],
    [
      9508,
      29508,
      19508
    ],
    [
      9509,
      29509,
      19509
    ],
    [
      9510,
      29510,
      19510
    ],
    [
      9511,
      29511,
      19511
    ],
    [
      9512,
      29512,
      19512
    ],
    [
      9513,
      29513,
      19513
    ],
    [
      9514,
      29514,
      19514
    ],
    [
      9515,
      29515,
      19515
    ],
    [
      9516,
      29516,
      19516
    ],
    [
      9517,
      29517,
      19517
    ],
    [
      9518,
      29518,
      19518
    ],
    [
      9519,
      29519,
      19519
    ],
    [
      9520,
      29520,
      19520
    ],
    [
      9521,
      29521,
      19521
    ],
    [
      9522,
      29522,
      19522
    ],
    [
      9523,
      29523,
      19523
    ],
    [
      9524,
      29524,
      19524
    ],
    [
      9525,
      29525,
      19525
    ],
    [
      9526,
      29526,
      19526
    ],
    [
      9527,
      29527,
      19527
    ],
    [
      9528,
      29528,
      19528
    ],
    [
      9529,
      29529,
      19529
    ],
    [
      9530,
      29530,
      19530
    ],
    [
      9531,
      29531,
      19531
    ],
    [
      9532,
      29532,
      19532
    ],
    [
      9533,
      29533,
      19533
    ],
    [
      9534,
      29534,
      19534
    ],
    [
      9535,
      29535,
      19535
    ],
    [
      9536,
      29536,
      19536
    ],
    [
      9537,
      29537,
      19537
    ],
    [
      9538,
      29538,
      19538
    ],
    [
      9539,
      29539,
      19539
    ],
    [
      9540,
      29540,
      19540
    ],
    [
      9541,
      29541,
      19541
    ],
    [
      9542,
      29542,
      19542
    ],
    [
      9543,
      29543,
      19543
    ],
    [
      9544,
      29544,
      19544
    ],
    [
      9545,
      29545,
      19545
    ],
    [
      9546,
      29546,
      19546
    ],
    [
      9547,
      29547,
      19547
    ],
    [
      9548,
      29548,
      19548
    ],
    [
      9549,
      29549,
      19549
    ],
    [
      9550,
      29550,
      19550
    ],
    [
      9551,
      29551,
      19551
    ],
    [
      9552,
      29552,
      19552
    ],
    [
      9553,
      29553,
      19553
    ],
    [
      9554,
      29554,
      19554
    ],
    [
      9555,
      29555,
      19555
    ],
    [
      9556,
      29556,
      19556
    ],
    [
      9557,
      29557,
      19557
    ],
    [
      9558,
      29558,
      19558
    ],
    [
      9559,
      29559,
      19559
    ],
    [
      9560,
      29560,
      19560
    ],
    [
      9561,
      29561,
      19561
    ],
    [
      9562,
      29562,
      19562
    ],
    [
      9563,
      29563,
      19563
    ],
    [
      9564,
      29564,
      19564
    ],
    [
      9565,
      29565,
      19565
    ],
    [
      9566,
      29566,
      19566
    ],
    [
      9567,
      29567,
      19567
    ],
    [
      9568,
      29568,
      19568
    ],
    [
      9569,
      29569,
      19569
    ],
    [
      9570,
      29570,
      19570
    ],
    [
      9571,
      29571,
      19571
    ],
    [
      9572,
      29572,
      19572
    ],
    [
      9573,
      29573,
      19573
    ],
    [
      9574,
      29574,
      19574
    ],
    [
      9575,
      29575,
      19575
    ],
    [
      9576,
      29576,
      19576
    ],
    [
      9577,
      29577,
      19577
    ],
    [
      9578,
      29578,
      19578
    ],
    [
      9579,
      29579,
      19579
    ],
    [
      9580,
      29580,
      19580
    ],
    [
      9581,
      29581,
      19581
    ],
    [
      9582,
      29582,
      19582
    ],
    [
      9583,
      29583,
      19583
    ],
    [
      9584,
      29584,
      19584
    ],
    [
      9585,
      29585,
      19585
    ],
    [
      9586,
      29586,
      19586
    ],
    [
      9587,
      29587,
      19587
    ],
    [
      9588,
      29588,
      19588
    ],
    [
      9589,
      29589,
      19589
    ],
    [
      9590,
      29590,
      19590
    ],
    [
      9591,
      29591,
      19591
    ],
    [
      9592,
      29592,
      19592
    ],
    [
      9593,
      29593,
      19593
    ],
    [
      9594,
      29594,
      19594
    ],
    [
      9595,
      29595,
      19595
    ],
    [
      9596,
      29596,
      19596
    ],
    [
      9597,
      29597,
      19597
    ],
    [
      9598,
      29598,
      19598
    ],
    [
      9599,
      29599,
      19599
    ],
    [
      9600,
      29600,
      19600
    ],
    [
      9601,
      29601,
      19601
    ],
    [
      9602,
      29602,
      19602
    ],
    [
      9603,
      29603,
      19603
    ],
    [
      9604,
      29604,
      19604
    ],
    [
      9605,
      29605,
      19605
    ],
    [
      9606,
      29606,
      19606
    ],
    [
      9607,
      29607,
      19607
    ],
    [
      9608,
      29608,
      19608
    ],
    [
      9609,
      29609,
      19609
    ],
    [
      9610,
      29610,
      19610
    ],
    [
      9611,
      29611,
      19611
    ],
    [
      9612,
      29612,
      19612
    ],
    [
      9613,
      29613,
      19613
    ],
    [
      9614,
      29614,
      19614
    ],
    [
      9615,
      29615,
      19615
    ],
    [
      9616,
      29616,
      19616
    ],
    [
      9617,
      29617,
      19617
    ],
    [
      9618,
      29618,
      19618
    ],
    [
      9619,
      29619,
      19619
    ],
    [
      9620,
      29620,
      19620
    ],
    [
      9621,
      29621,
      19621
    ],
    [
      9622,
      29622,
      19622
    ],
    [
      9623,
      29623,
      19623
    ],
    [
      9624,
      29624,
      19624
    ],
    [
      9625,
      29625,
      19625
    ],
    [
      9626,
      29626,
      19626
    ],
    [
      9627,
      29627,
      19627
    ],
    [
      9628,
      29628,
      19628
    ],
    [
      9629,
      29629,
      19629
    ],
    [
      9630,
      29630,
      19630
    ],
    [
      9631,
      29631,
      19631
    ],
    [
      9632,
      29632,
      19632
    ],
    [
      9633,
      29633,
      19633
    ],
    [
      9634,
      29634,
      19634
    ],
    [
      9635,
      29635,
      19635
    ],
    [
      9636,
      29636,
      19636
    ],
    [
      9637,
      29637,
      19637
    ],
    [
      9638,
      29638,
      19638
    ],
    [
      9639,
      29639,
      19639
    ],
    [
      9640,
      29640,
      19640
    ],
    [
      9641,
      29641,
      19641
    ],
    [
      9642,
      29642,
      19642
    ],
    [
      9643,
      29643,
      19643
    ],
    [
      9644,
      29644,
      19644
    ],
    [
      9645,
      29645,
      19645
    ],
    [
      9646,
      29646,
      19646
    ],
    [
      9647,
      29647,
      19647
    ],
    [
      9648,
      29648,
      19648
    ],
    [
      9649,
      29649,
      19649
    ],
    [
      9650,
      29650,
      19650
    ],
    [
      9651,
      29651,
      19651
    ],
    [
      9652,
      29652,
      19652
    ],
    [
      9653,
      29653,
      19653
    ],
    [
      9654,
      29654,
      19654
    ],
    [
      9655,
      29655,
      19655
    ],
    [
      9656,
      29656,
      19656
    ],
    [
      9657,
      29657,
      19657
    ],
    [
      9658,
      29658,
      19658
    ],
    [
      9659,
      29659,
      19659
    ],
    [
      9660,
      29660,
      19660
    ],
    [
      9661,
      29661,
      19661
    ],
    [
      9662,
      29662,
      19662
    ],
    [
      9663,
      29663,
      19663
    ],
    [
      9664,
      29664,
      19664
    ],
    [
      9665,
      29665,
      19665
    ],
    [
      9666,
      29666,
      19666
    ],
    [
      9667,
      29667,
      19667
    ],
    [
      9668,
      29668,
      19668
    ],
    [
      9669,
      29669,
      19669
    ],
    [
      9670,
      29670,
      19670
    ],
    [
      9671,
      29671,
      19671
    ],
    [
      9672,
      29672,
      19672
    ],
    [
      9673,
      29673,
      19673
    ],
    [
      9674,
      29674,
      19674
    ],
    [
      9675,
      29675,
      19675
    ],
    [
      9676,
      29676,
      19676
    ],
    [
      9677,
      29677,
      19677
    ],
    [
      9678,
      29678,
      19678
    ],
    [
      9679,
      29679,
      19679
    ],
    [
      9680,
      29680,
      19680
    ],
    [
      9681,
      29681,
      19681
    ],
    [
      9682,
      29682,
      19682
    ],
    [
      9683,
      29683,
      19683
    ],
    [
      9684,
      29684,
      19684
    ],
    [
      9685,
      29685,
      19685
    ],
    [
      9686,
      29686,
      19686
    ],
    [
      9687,
      29687,
      19687
    ],
    [
      9688,
      29688,
      19688
    ],
    [
      9689,
      29689,
      19689
    ],
    [
      9690,
      29690,
      19690
    ],
    [
      9691,
      29691,
      19691
    ],
    [
      9692,
      29692,
      19692
    ],
    [
      9693,
      29693,
      19693
    ],
    [
      9694,
      29694,
      19694
    ],
    [
      9695,
      29695,
      19695
    ],
    [
      9696,
      29696,
      19696
    ],
    [
      9697,
      29697,
      19697
    ],
    [
      9698,
      29698,
      19698
    ],
    [
      9699,
      29699,
      19699
    ],
    [
      9700,
      29700,
      19700
    ],
    [
      9701,
      29701,
      19701
    ],
    [
      9702,
      29702,
      19702
    ],
    [
      9703,
      29703,
      19703
    ],
    [
      9704,
      29704,
      19704
    ],
    [
      9705,
      29705,
      19705
    ],
    [
      9706,
      29706,
      19706
    ],
    [
      9707,
      29707,
      19707
    ],
    [
      9708,
      29708,
      19708
    ],
    [
      9709,
      29709,
      19709
    ],
    [
      9710,
      29710,
      19710
    ],
    [
      9711,
      29711,
      19711
    ],
    [
      9712,
      29712,
      19712
    ],
    [
      9713,
      29713,
      19713
    ],
    [
      9714,
      29714,
      19714
    ],
    [
      9715,
      29715,
      19715
    ],
    [
      9716,
      29716,
      19716
    ],
    [
      9717,
      29717,
      19717
    ],
    [
      9718,
      29718,
      19718
    ],
    [
      9719,
      29719,
      19719
    ],
    [
      9720,
      29720,
      19720
    ],
    [
      9721,
      29721,
      19721
    ],
    [
      9722,
      29722,
      19722
    ],
    [
      9723,
      29723,
      19723
    ],
    [
      9724,
      29724,
      19724
    ],
    [
      9725,
      29725,
      19725
    ],
    [
      9726,
      29726,
      19726
    ],
    [
      9727,
      29727,
      19727
    ],
    [
      9728,
      29728,
      19728
    ],
    [
      9729,
      29729,
      19729
    ],
    [
      9730,
      29730,
      19730
    ],
    [
      9731,
      29731,
      19731
    ],
    [
      9732,
      29732,
      19732
    ],
    [
      9733,
      29733,
      19733
    ],
    [
      9734,
      29734,
      19734
    ],
    [
      9735,
      29735,
      19735
    ],
    [
      9736,
      29736,
      19736
    ],
    [
      9737,
      29737,
      19737
    ],
    [
      9738,
      29738,
      19738
    ],
    [
      9739,
      29739,
      19739
    ],
    [
      9740,
      29740,
      19740
    ],
    [
      9741,
      29741,
      19741
    ],
    [
      9742,
      29742,
      19742
    ],
    [
      9743,
      29743,
      19743
    ],
    [
      9744,
      29744,
      19744
    ],
    [
      9745,
      29745,
      19745
    ],
    [
      9746,
      29746,
      19746
    ],
    [
      9747,
      29747,
      19747
    ],
    [
      9748,
      29748,
      19748
    ],
    [
      9749,
      29749,
      19749
    ],
    [
      9750,
      29750,
      19750
    ],
    [
      9751,
      29751,
      19751
    ],
    [
      9752,
      29752,
      19752
    ],
    [
      9753,
      29753,
      19753
    ],
    [
      9754,
      29754,
      19754
    ],
    [
      9755,
      29755,
      19755
    ],
    [
      9756,
      29756,
      19756
    ],
    [
      9757,
      29757,
      19757
    ],
    [
      9758,
      29758,
      19758
    ],
    [
      9759,
      29759,
      19759
    ],
    [
      9760,
      29760,
      19760
    ],
    [
      9761,
      29761,
      19761
    ],
    [
      9762,
      29762,
      19762
    ],
    [
      9763,
      29763,
      19763
    ],
    [
      9764,
      29764,
      19764
    ],
    [
      9765,
      29765,
      19765
    ],
    [
      9766,
      29766,
      19766
    ],
    [
      9767,
      29767,
      19767
    ],
    [
      9768,
      29768,
      19768
    ],
    [
      9769,
      29769,
      19769
    ],
    [
      9770,
      29770,
      19770
    ],
    [
      9771,
      29771,
      19771
    ],
    [
      9772,
      29772,
      19772
    ],
    [
      9773,
      29773,
      19773
    ],
    [
      9774,
      29774,
      19774
    ],
    [
      9775,
      29775,
      19775
    ],
    [
      9776,
      29776,
      19776
    ],
    [
      9777,
      29777,
      19777
    ],
    [
      9778,
      29778,
      19778
    ],
    [
      9779,
      29779,
      19779
    ],
    [
      9780,
      29780,
      19780
    ],
    [
      9781,
      29781,
      19781
    ],
    [
      9782,
      29782,
      19782
    ],
    [
      9783,
      29783,
      19783
    ],
    [
      9784,
      29784,
      19784
    ],
    [
      9785,
      29785,
      19785
    ],
    [
      9786,
      29786,
      19786
    ],
    [
      9787,
      29787,
      19787
    ],
    [
      9788,
      29788,
      19788
    ],
    [
      9789,
      29789,
      19789
    ],
    [
      9790,
      29790,
      19790
    ],
    [
      9791,
      29791,
      19791
    ],
    [
      9792,
      29792,
      19792
    ],
    [
      9793,
      29793,
      19793
    ],
    [
      9794,
      29794,
      19794
    ],
    [
      9795,
      29795,
      19795
    ],
    [
      9796,
      29796,
      19796
    ],
    [
      9797,
      29797,
      19797
    ],
    [
      9798,
      29798,
      19798
    ],
    [
      9799,
      29799,
      19799
    ],
    [
      9800,
      29800,
      19800
    ],
    [
      9801,
      29801,
      19801
    ],
    [
      9802,
      29802,
      19802
    ],
    [
      9803,
      29803,
      19803
    ],
    [
      9804,
      29804,
      19804
    ],
    [
      9805,
      29805,
      19805
    ],
    [
      9806,
      29806,
      19806
    ],
    [
      9807,
      29807,
      19807
    ],
    [
      9808,
      29808,
      19808
    ],
    [
      9809,
      29809,
      19809
    ],
    [
      9810,
      29810,
      19810
    ],
    [
      9811,
      29811,
      19811
    ],
    [
      9812,
      29812,
      19812
    ],
    [
      9813,
      29813,
      19813
    ],
    [
      9814,
      29814,
      19814
    ],
    [
      9815,
      29815,
      19815
    ],
    [
      9816,
      29816,
      19816
    ],
    [
      9817,
      29817,
      19817
    ],
    [
      9818,
      29818,
      19818
    ],
    [
      9819,
      29819,
      19819
    ],
    [
      9820,
      29820,
      19820
    ],
    [
      9821,
      29821,
      19821
    ],
    [
      9822,
      29822,
      19822
    ],
    [
      9823,
      29823,
      19823
    ],
    [
      9824,
      29824,
      19824
    ],
    [
      9825,
      29825,
      19825
    ],
    [
      9826,
      29826,
      19826
    ],
    [
      9827,
      29827,
      19827
    ],
    [
      9828,
      29828,
      19828
    ],
    [
      9829,
      29829,
      19829
    ],
    [
      9830,
      29830,
      19830
    ],
    [
      9831,
      29831,
      19831
    ],
    [
      9832,
      29832,
      19832
    ],
    [
      9833,
      29833,
      19833
    ],
    [
      9834,
      29834,
      19834
    ],
    [
      9835,
      29835,
      19835
    ],
    [
      9836,
      29836,
      19836
    ],
    [
      9837,
      29837,
      19837
    ],
    [
      9838,
      29838,
      19838
    ],
    [
      9839,
      29839,
      19839
    ],
    [
      9840,
      29840,
      19840
    ],
    [
      9841,
      29841,
      19841
    ],
    [
      9842,
      29842,
      19842
    ],
    [
      9843,
      29843,
      19843
    ],
    [
      9844,
      29844,
      19844
    ],
    [
      9845,
      29845,
      19845
    ],
    [
      9846,
      29846,
      19846
    ],
    [
      9847,
      29847,
      19847
    ],
    [
      9848,
      29848,
      19848
    ],
    [
      9849,
      29849,
      19849
    ],
    [
      9850,
      29850,
      19850
    ],
    [
      9851,
      29851,
      19851
    ],
    [
      9852,
      29852,
      19852
    ],
    [
      9853,
      29853,
      19853
    ],
    [
      9854,
      29854,
      19854
    ],
    [
      9855,
      29855,
      19855
    ],
    [
      9856,
      29856,
      19856
    ],
    [
      9857,
      29857,
      19857
    ],
    [
      9858,
      29858,
      19858
    ],
    [
      9859,
      29859,
      19859
    ],
    [
      9860,
      29860,
      19860
    ],
    [
      9861,
      29861,
      19861
    ],
    [
      9862,
      29862,
      19862
    ],
    [
      9863,
      29863,
      19863
    ],
    [
      9864,
      29864,
      19864
    ],
    [
      9865,
      29865,
      19865
    ],
    [
      9866,
      29866,
      19866
    ],
    [
      9867,
      29867,
      19867
    ],
    [
      9868,
      29868,
      19868
    ],
    [
      9869,
      29869,
      19869
    ],
    [
      9870,
      29870,
      19870
    ],
    [
      9871,
      29871,
      19871
    ],
    [
      9872,
      29872,
      19872
    ],
    [
      9873,
      29873,
      19873
    ],
    [
      9874,
      29874,
      19874
    ],
    [
      9875,
      29875,
      19875
    ],
    [
      9876,
      29876,
      19876
    ],
    [
      9877,
      29877,
      19877
    ],
    [
      9878,
      29878,
      19878
    ],
    [
      9879,
      29879,
      19879
    ],
    [
      9880,
      29880,
      19880
    ],
    [
      9881,
      29881,
      19881
    ],
    [
      9882,
      29882,
      19882
    ],
    [
      9883,
      29883,
      19883
    ],
    [
      9884,
      29884,
      19884
    ],
    [
      9885,
      29885,
      19885
    ],
    [
      9886,
      29886,
      19886
    ],
    [
      9887,
      29887,
      19887
    ],
    [
      9888,
      29888,
      19888
    ],
    [
      9889,
      29889,
      19889
    ],
    [
      9890,
      29890,
      19890
    ],
    [
      9891,
      29891,
      19891
    ],
    [
      9892,
      29892,
      19892
    ],
    [
      9893,
      29893,
      19893
    ],
    [
      9894,
      29894,
      19894
    ],
    [
      9895,
      29895,
      19895
    ],
    [
      9896,
      29896,
      19896
    ],
    [
      9897,
      29897,
      19897
    ],
    [
      9898,
      29898,
      19898
    ],
    [
      9899,
      29899,
      19899
    ],
    [
      9900,
      29900,
      19900
    ],
    [
      9901,
      29901,
      19901
    ],
    [
      9902,
      29902,
      19902
    ],
    [
      9903,
      29903,
      19903
    ],
    [
      9904,
      29904,
      19904
    ],
    [
      9905,
      29905,
      19905
    ],
    [
      9906,
      29906,
      19906
    ],
    [
      9907,
      29907,
      19907
    ],
    [
      9908,
      29908,
      19908
    ],
    [
      9909,
      29909,
      19909
    ],
    [
      9910,
      29910,
      19910
    ],
    [
      9911,
      29911,
      19911
    ],
    [
      9912,
      29912,
      19912
    ],
    [
      9913,
      29913,
      19913
    ],
    [
      9914,
      29914,
      19914
    ],
    [
      9915,
      29915,
      19915
    ],
    [
      9916,
      29916,
      19916
    ],
    [
      9917,
      29917,
      19917
    ],
    [
      9918,
      29918,
      19918
    ],
    [
      9919,
      29919,
      19919
    ],
    [
      9920,
      29920,
      19920
    ],
    [
      9921,
      29921,
      19921
    ],
    [
      9922,
      29922,
      19922
    ],
    [
      9923,
      29923,
      19923
    ],
    [
      9924,
      29924,
      19924
    ],
    [
      9925,
      29925,
      19925
    ],
    [
      9926,
      29926,
      19926
    ],
    [
      9927,
      29927,
      19927
    ],
    [
      9928,
      29928,
      19928
    ],
    [
      9929,
      29929,
      19929
    ],
    [
      9930,
      29930,
      19930
    ],
    [
      9931,
      29931,
      19931
    ],
    [
      9932,
      29932,
      19932
    ],
    [
      9933,
      29933,
      19933
    ],
    [
      9934,
      29934,
      19934
    ],
    [
      9935,
      29935,
      19935
    ],
    [
      9936,
      29936,
      19936
    ],
    [
      9937,
      29937,
      19937
    ],
    [
      9938,
      29938,
      19938
    ],
    [
      9939,
      29939,
      19939
    ],
    [
      9940,
      29940,
      19940
    ],
    [
      9941,
      29941,
      19941
    ],
    [
      9942,
      29942,
      19942
    ],
    [
      9943,
      29943,
      19943
    ],
    [
      9944,
      29944,
      19944
    ],
    [
      9945,
      29945,
      19945
    ],
    [
      9946,
      29946,
      19946
    ],
    [
      9947,
      29947,
      19947
    ],
    [
      9948,
      29948,
      19948
    ],
    [
      9949,
      29949,
      19949
    ],
    [
      9950,
      29950,
      19950
    ],
    [
      9951,
      29951,
      19951
    ],
    [
      9952,
      29952,
      19952
    ],
    [
      9953,
      29953,
      19953
    ],
    [
      9954,
      29954,
      19954
    ],
    [
      9955,
      29955,
      19955
    ],
    [
      9956,
      29956,
      19956
    ],
    [
      9957,
      29957,
      19957
    ],
    [
      9958,
      29958,
      19958
    ],
    [
      9959,
      29959,
      19959
    ],
    [
      9960,
      29960,
      19960
    ],
    [
      9961,
      29961,
      19961
    ],
    [
      9962,
      29962,
      19962
    ],
    [
      9963,
      29963,
      19963
    ],
    [
      9964,
      29964,
      19964
    ],
    [
      9965,
      29965,
      19965
    ],
    [
      9966,
      29966,
      19966
    ],
    [
      9967,
      29967,
      19967
    ],
    [
      9968,
      29968,
      19968
    ],
    [
      9969,
      29969,
      19969
    ],
    [
      9970,
      29970,
      19970
    ],
    [
      9971,
      29971,
      19971
    ],
    [
      9972,
      29972,
      19972
    ],
    [
      9973,
      29973,
      19973
    ],
    [
      9974,
      29974,
      19974
    ],
    [
      9975,
      29975,
      19975
    ],
    [
      9976,
      29976,
      19976
    ],
    [
      9977,
      29977,
      19977
    ],
    [
      9978,
      29978,
      19978
    ],
    [
      9979,
      29979,
      19979
    ],
    [
      9980,
      29980,
      19980
    ],
    [
      9981,
      29981,
      19981
    ],
    [
      9982,
      29982,
      19982
    ],
    [
      9983,
      29983,
      19983
    ],
    [
      9984,
      29984,
      19984
    ],
    [
      9985,
      29985,
      19985
    ],
    [
      9986,
      29986,
      19986
    ],
    [
      9987,
      29987,
      19987
    ],
    [
      9988,
      29988,
      19988
    ],
    [
      9989,
      29989,
      19989
    ],
    [
      9990,
      29990,
      19990
    ],
    [
      9991,
      29991,
      19991
    ],
    [
      9992,
      29992,
      19992
    ],
    [
      9993,
      29993,
      19993
    ],
    [
      9994,
      29994,
      19994
    ],
    [
      9995,
      29995,
      19995
    ],
    [
      9996,
      29996,
      19996
    ],
    [
      9997,
      29997,
      19997
    ],
    [
      9998,
      29998,
      19998
    ],
    [
      9999,
      29999,
      19999
    ],
    [
      10000,
      30000,
      20000
    ],
    [
      10001,
      30001,
      20001
    ],
    [
      10002,
      30002,
      20002
    ],
    [
      10003,
      30003,
      20003
    ],
    [
      10004,
      30004,
      20004
    ],
    [
      10005,
      30005,
      20005
    ],
    [
      10006,
      30006,
      20006
    ],
    [
      10007,
      30007,
      20007
    ],
    [
      10008,
      30008,
      20008
    ],
    [
      10009,
      30009,
      20009
    ],
    [
      10010,
      30010,
      20010
    ],
    [
      10011,
      30011,
      20011
    ],
    [
      10012,
      30012,
      20012
    ],
    [
      10013,
      30013,
      20013
    ],
    [
      10014,
      30014,
      20014
    ],
    [
      10015,
      30015,
      20015
    ],
    [
      10016,
      30016,
      20016
    ],
    [
      10017,
      30017,
      20017
    ],
    [
      10018,
      30018,
      20018
    ],
    [
      10019,
      30019,
      20019
    ],
    [
      10020,
      30020,
      20020
    ],
    [
      10021,
      30021,
      20021
    ],
    [
      10022,
      30022,
      20022
    ],
    [
      10023,
      30023,
      20023
    ],
    [
      10024,
      30024,
      20024
    ],
    [
      10025,
      30025,
      20025
    ],
    [
      10026,
      30026,
      20026
    ],
    [
      10027,
      30027,
      20027
    ],
    [
      10028,
      30028,
      20028
    ],
    [
      10029,
      30029,
      20029
    ],
    [
      10030,
      30030,
      20030
    ],
    [
      10031,
      30031,
      20031
    ],
    [
      10032,
      30032,
      20032
    ],
    [
      10033,
      30033,
      20033
    ],
    [
      10034,
      30034,
      20034
    ],
    [
      10035,
      30035,
      20035
    ],
    [
      10036,
      30036,
      20036
    ],
    [
      10037,
      30037,
      20037
    ],
    [
      10038,
      30038,
      20038
    ],
    [
      10039,
      30039,
      20039
    ],
    [
      10040,
      30040,
      20040
    ],
    [
      10041,
      30041,
      20041
    ],
    [
      10042,
      30042,
      20042
    ],
    [
      10043,
      30043,
      20043
    ],
    [
      10044,
      30044,
      20044
    ],
    [
      10045,
      30045,
      20045
    ],
    [
      10046,
      30046,
      20046
    ],
    [
      10047,
      30047,
      20047
    ],
    [
      10048,
      30048,
      20048
    ],
    [
      10049,
      30049,
      20049
    ],
    [
      10050,
      30050,
      20050
    ],
    [
      10051,
      30051,
      20051
    ],
    [
      10052,
      30052,
      20052
    ],
    [
      10053,
      30053,
      20053
    ],
    [
      10054,
      30054,
      20054
    ],
    [
      10055,
      30055,
      20055
    ],
    [
      10056,
      30056,
      20056
    ],
    [
      10057,
      30057,
      20057
    ],
    [
      10058,
      30058,
      20058
    ],
    [
      10059,
      30059,
      20059
    ],
    [
      10060,
      30060,
      20060
    ],
    [
      10061,
      30061,
      20061
    ],
    [
      10062,
      30062,
      20062
    ],
    [
      10063,
      30063,
      20063
    ],
    [
      10064,
      30064,
      20064
    ],
    [
      10065,
      30065,
      20065
    ],
    [
      10066,
      30066,
      20066
    ],
    [
      10067,
      30067,
      20067
    ],
    [
      10068,
      30068,
      20068
    ],
    [
      10069,
      30069,
      20069
    ],
    [
      10070,
      30070,
      20070
    ],
    [
      10071,
      30071,
      20071
    ],
    [
      10072,
      30072,
      20072
    ],
    [
      10073,
      30073,
      20073
    ],
    [
      10074,
      30074,
      20074
    ],
    [
      10075,
      30075,
      20075
    ],
    [
      10076,
      30076,
      20076
    ],
    [
      10077,
      30077,
      20077
    ],
    [
      10078,
      30078,
      20078
    ],
    [
      10079,
      30079,
      20079
    ],
    [
      10080,
      30080,
      20080
    ],
    [
      10081,
      30081,
      20081
    ],
    [
      10082,
      30082,
      20082
    ],
    [
      10083,
      30083,
      20083
    ],
    [
      10084,
      30084,
      20084
    ],
    [
      10085,
      30085,
      20085
    ],
    [
      10086,
      30086,
      20086
    ],
    [
      10087,
      30087,
      20087
    ],
    [
      10088,
      30088,
      20088
    ],
    [
      10089,
      30089,
      20089
    ],
    [
      10090,
      30090,
      20090
    ],
    [
      10091,
      30091,
      20091
    ],
    [
      10092,
      30092,
      20092
    ],
    [
      10093,
      30093,
      20093
    ],
    [
      10094,
      30094,
      20094
    ],
    [
      10095,
      30095,
      20095
    ],
    [
      10096,
      30096,
      20096
    ],
    [
      10097,
      30097,
      20097
    ],
    [
      10098,
      30098,
      20098
    ],
    [
      10099,
      30099,
      20099
    ],
    [
      10100,
      30100,
      20100
    ],
    [
      10101,
      30101,
      20101
    ],
    [
      10102,
      30102,
      20102
    ],
    [
      10103,
      30103,
      20103
    ],
    [
      10104,
      30104,
      20104
    ],
    [
      10105,
      30105,
      20105
    ],
    [
      10106,
      30106,
      20106
    ],
    [
      10107,
      30107,
      20107
    ],
    [
      10108,
      30108,
      20108
    ],
    [
      10109,
      30109,
      20109
    ],
    [
      10110,
      30110,
      20110
    ],
    [
      10111,
      30111,
      20111
    ],
    [
      10112,
      30112,
      20112
    ],
    [
      10113,
      30113,
      20113
    ],
    [
      10114,
      30114,
      20114
    ],
    [
      10115,
      30115,
      20115
    ],
    [
      10116,
      30116,
      20116
    ],
    [
      10117,
      30117,
      20117
    ],
    [
      10118,
      30118,
      20118
    ],
    [
      10119,
      30119,
      20119
    ],
    [
      10120,
      30120,
      20120
    ],
    [
      10121,
      30121,
      20121
    ],
    [
      10122,
      30122,
      20122
    ],
    [
      10123,
      30123,
      20123
    ],
    [
      10124,
      30124,
      20124
    ],
    [
      10125,
      30125,
      20125
    ],
    [
      10126,
      30126,
      20126
    ],
    [
      10127,
      30127,
      20127
    ],
    [
      10128,
      30128,
      20128
    ],
    [
      10129,
      30129,
      20129
    ],
    [
      10130,
      30130,
      20130
    ],
    [
      10131,
      30131,
      20131
    ],
    [
      10132,
      30132,
      20132
    ],
    [
      10133,
      30133,
      20133
    ],
    [
      10134,
      30134,
      20134
    ],
    [
      10135,
      30135,
      20135
    ],
    [
      10136,
      30136,
      20136
    ],
    [
      10137,
      30137,
      20137
    ],
    [
      10138,
      30138,
      20138
    ],
    [
      10139,
      30139,
      20139
    ],
    [
      10140,
      30140,
      20140
    ],
    [
      10141,
      30141,
      20141
    ],
    [
      10142,
      30142,
      20142
    ],
    [
      10143,
      30143,
      20143
    ],
    [
      10144,
      30144,
      20144
    ],
    [
      10145,
      30145,
      20145
    ],
    [
      10146,
      30146,
      20146
    ],
    [
      10147,
      30147,
      20147
    ],
    [
      10148,
      30148,
      20148
    ],
    [
      10149,
      30149,
      20149
    ],
    [
      10150,
      30150,
      20150
    ],
    [
      10151,
      30151,
      20151
    ],
    [
      10152,
      30152,
      20152
    ],
    [
      10153,
      30153,
      20153
    ],
    [
      10154,
      30154,
      20154
    ],
    [
      10155,
      30155,
      20155
    ],
    [
      10156,
      30156,
      20156
    ],
    [
      10157,
      30157,
      20157
    ],
    [
      10158,
      30158,
      20158
    ],
    [
      10159,
      30159,
      20159
    ],
    [
      10160,
      30160,
      20160
    ],
    [
      10161,
      30161,
      20161
    ],
    [
      10162,
      30162,
      20162
    ],
    [
      10163,
      30163,
      20163
    ],
    [
      10164,
      30164,
      20164
    ],
    [
      10165,
      30165,
      20165
    ],
    [
      10166,
      30166,
      20166
    ],
    [
      10167,
      30167,
      20167
    ],
    [
      10168,
      30168,
      20168
    ],
    [
      10169,
      30169,
      20169
    ],
    [
      10170,
      30170,
      20170
    ],
    [
      10171,
      30171,
      20171
    ],
    [
      10172,
      30172,
      20172
    ],
    [
      10173,
      30173,
      20173
    ],
    [
      10174,
      30174,
      20174
    ],
    [
      10175,
      30175,
      20175
    ],
    [
      10176,
      30176,
      20176
    ],
    [
      10177,
      30177,
      20177
    ],
    [
      10178,
      30178,
      20178
    ],
    [
      10179,
      30179,
      20179
    ],
    [
      10180,
      30180,
      20180
    ],
    [
      10181,
      30181,
      20181
    ],
    [
      10182,
      30182,
      20182
    ],
    [
      10183,
      30183,
      20183
    ],
    [
      10184,
      30184,
      20184
    ],
    [
      10185,
      30185,
      20185
    ],
    [
      10186,
      30186,
      20186
    ],
    [
      10187,
      30187,
      20187
    ],
    [
      10188,
      30188,
      20188
    ],
    [
      10189,
      30189,
      20189
    ],
    [
      10190,
      30190,
      20190
    ],
    [
      10191,
      30191,
      20191
    ],
    [
      10192,
      30192,
      20192
    ],
    [
      10193,
      30193,
      20193
    ],
    [
      10194,
      30194,
      20194
    ],
    [
      10195,
      30195,
      20195
    ],
    [
      10196,
      30196,
      20196
    ],
    [
      10197,
      30197,
      20197
    ],
    [
      10198,
      30198,
      20198
    ],
    [
      10199,
      30199,
      20199
    ],
    [
      10200,
      30200,
      20200
    ],
    [
      10201,
      30201,
      20201
    ],
    [
      10202,
      30202,
      20202
    ],
    [
      10203,
      30203,
      20203
    ],
    [
      10204,
      30204,
      20204
    ],
    [
      10205,
      30205,
      20205
    ],
    [
      10206,
      30206,
      20206
    ],
    [
      10207,
      30207,
      20207
    ],
    [
      10208,
      30208,
      20208
    ],
    [
      10209,
      30209,
      20209
    ],
    [
      10210,
      30210,
      20210
    ],
    [
      10211,
      30211,
      20211
    ],
    [
      10212,
      30212,
      20212
    ],
    [
      10213,
      30213,
      20213
    ],
    [
      10214,
      30214,
      20214
    ],
    [
      10215,
      30215,
      20215
    ],
    [
      10216,
      30216,
      20216
    ],
    [
      10217,
      30217,
      20217
    ],
    [
      10218,
      30218,
      20218
    ],
    [
      10219,
      30219,
      20219
    ],
    [
      10220,
      30220,
      20220
    ],
    [
      10221,
      30221,
      20221
    ],
    [
      10222,
      30222,
      20222
    ],
    [
      10223,
      30223,
      20223
    ],
    [
      10224,
      30224,
      20224
    ],
    [
      10225,
      30225,
      20225
    ],
    [
      10226,
      30226,
      20226
    ],
    [
      10227,
      30227,
      20227
    ],
    [
      10228,
      30228,
      20228
    ],
    [
      10229,
      30229,
      20229
    ],
    [
      10230,
      30230,
      20230
    ],
    [
      10231,
      30231,
      20231
    ],
    [
      10232,
      30232,
      20232
    ],
    [
      10233,
      30233,
      20233
    ],
    [
      10234,
      30234,
      20234
    ],
    [
      10235,
      30235,
      20235
    ],
    [
      10236,
      30236,
      20236
    ],
    [
      10237,
      30237,
      20237
    ],
    [
      10238,
      30238,
      20238
    ],
    [
      10239,
      30239,
      20239
    ],
    [
      10240,
      30240,
      20240
    ],
    [
      10241,
      30241,
      20241
    ],
    [
      10242,
      30242,
      20242
    ],
    [
      10243,
      30243,
      20243
    ],
    [
      10244,
      30244,
      20244
    ],
    [
      10245,
      30245,
      20245
    ],
    [
      10246,
      30246,
      20246
    ],
    [
      10247,
      30247,
      20247
    ],
    [
      10248,
      30248,
      20248
    ],
    [
      10249,
      30249,
      20249
    ],
    [
      10250,
      30250,
      20250
    ],
    [
      10251,
      30251,
      20251
    ],
    [
      10252,
      30252,
      20252
    ],
    [
      10253,
      30253,
      20253
    ],
    [
      10254,
      30254,
      20254
    ],
    [
      10255,
      30255,
      20255
    ],
    [
      10256,
      30256,
      20256
    ],
    [
      10257,
      30257,
      20257
    ],
    [
      10258,
      30258,
      20258
    ],
    [
      10259,
      30259,
      20259
    ],
    [
      10260,
      30260,
      20260
    ],
    [
      10261,
      30261,
      20261
    ],
    [
      10262,
      30262,
      20262
    ],
    [
      10263,
      30263,
      20263
    ],
    [
      10264,
      30264,
      20264
    ],
    [
      10265,
      30265,
      20265
    ],
    [
      10266,
      30266,
      20266
    ],
    [
      10267,
      30267,
      20267
    ],
    [
      10268,
      30268,
      20268
    ],
    [
      10269,
      30269,
      20269
    ],
    [
      10270,
      30270,
      20270
    ],
    [
      10271,
      30271,
      20271
    ],
    [
      10272,
      30272,
      20272
    ],
    [
      10273,
      30273,
      20273
    ],
    [
      10274,
      30274,
      20274
    ],
    [
      10275,
      30275,
      20275
    ],
    [
      10276,
      30276,
      20276
    ],
    [
      10277,
      30277,
      20277
    ],
    [
      10278,
      30278,
      20278
    ],
    [
      10279,
      30279,
      20279
    ],
    [
      10280,
      30280,
      20280
    ],
    [
      10281,
      30281,
      20281
    ],
    [
      10282,
      30282,
      20282
    ],
    [
      10283,
      30283,
      20283
    ],
    [
      10284,
      30284,
      20284
    ],
    [
      10285,
      30285,
      20285
    ],
    [
      10286,
      30286,
      20286
    ],
    [
      10287,
      30287,
      20287
    ],
    [
      10288,
      30288,
      20288
    ],
    [
      10289,
      30289,
      20289
    ],
    [
      10290,
      30290,
      20290
    ],
    [
      10291,
      30291,
      20291
    ],
    [
      10292,
      30292,
      20292
    ],
    [
      10293,
      30293,
      20293
    ],
    [
      10294,
      30294,
      20294
    ],
    [
      10295,
      30295,
      20295
    ],
    [
      10296,
      30296,
      20296
    ],
    [
      10297,
      30297,
      20297
    ],
    [
      10298,
      30298,
      20298
    ],
    [
      10299,
      30299,
      20299
    ],
    [
      10300,
      30300,
      20300
    ],
    [
      10301,
      30301,
      20301
    ],
    [
      10302,
      30302,
      20302
    ],
    [
      10303,
      30303,
      20303
    ],
    [
      10304,
      30304,
      20304
    ],
    [
      10305,
      30305,
      20305
    ],
    [
      10306,
      30306,
      20306
    ],
    [
      10307,
      30307,
      20307
    ],
    [
      10308,
      30308,
      20308
    ],
    [
      10309,
      30309,
      20309
    ],
    [
      10310,
      30310,
      20310
    ],
    [
      10311,
      30311,
      20311
    ],
    [
      10312,
      30312,
      20312
    ],
    [
      10313,
      30313,
      20313
    ],
    [
      10314,
      30314,
      20314
    ],
    [
      10315,
      30315,
      20315
    ],
    [
      10316,
      30316,
      20316
    ],
    [
      10317,
      30317,
      20317
    ],
    [
      10318,
      30318,
      20318
    ],
    [
      10319,
      30319,
      20319
    ],
    [
      10320,
      30320,
      20320
    ],
    [
      10321,
      30321,
      20321
    ],
    [
      10322,
      30322,
      20322
    ],
    [
      10323,
      30323,
      20323
    ],
    [
      10324,
      30324,
      20324
    ],
    [
      10325,
      30325,
      20325
    ],
    [
      10326,
      30326,
      20326
    ],
    [
      10327,
      30327,
      20327
    ],
    [
      10328,
      30328,
      20328
    ],
    [
      10329,
      30329,
      20329
    ],
    [
      10330,
      30330,
      20330
    ],
    [
      10331,
      30331,
      20331
    ],
    [
      10332,
      30332,
      20332
    ],
    [
      10333,
      30333,
      20333
    ],
    [
      10334,
      30334,
      20334
    ],
    [
      10335,
      30335,
      20335
    ],
    [
      10336,
      30336,
      20336
    ],
    [
      10337,
      30337,
      20337
    ],
    [
      10338,
      30338,
      20338
    ],
    [
      10339,
      30339,
      20339
    ],
    [
      10340,
      30340,
      20340
    ],
    [
      10341,
      30341,
      20341
    ],
    [
      10342,
      30342,
      20342
    ],
    [
      10343,
      30343,
      20343
    ],
    [
      10344,
      30344,
      20344
    ],
    [
      10345,
      30345,
      20345
    ],
    [
      10346,
      30346,
      20346
    ],
    [
      10347,
      30347,
      20347
    ],
    [
      10348,
      30348,
      20348
    ],
    [
      10349,
      30349,
      20349
    ],
    [
      10350,
      30350,
      20350
    ],
    [
      10351,
      30351,
      20351
    ],
    [
      10352,
      30352,
      20352
    ],
    [
      10353,
      30353,
      20353
    ],
    [
      10354,
      30354,
      20354
    ],
    [
      10355,
      30355,
      20355
    ],
    [
      10356,
      30356,
      20356
    ],
    [
      10357,
      30357,
      20357
    ],
    [
      10358,
      30358,
      20358
    ],
    [
      10359,
      30359,
      20359
    ],
    [
      10360,
      30360,
      20360
    ],
    [
      10361,
      30361,
      20361
    ],
    [
      10362,
      30362,
      20362
    ],
    [
      10363,
      30363,
      20363
    ],
    [
      10364,
      30364,
      20364
    ],
    [
      10365,
      30365,
      20365
    ],
    [
      10366,
      30366,
      20366
    ],
    [
      10367,
      30367,
      20367
    ],
    [
      10368,
      30368,
      20368
    ],
    [
      10369,
      30369,
      20369
    ],
    [
      10370,
      30370,
      20370
    ],
    [
      10371,
      30371,
      20371
    ],
    [
      10372,
      30372,
      20372
    ],
    [
      10373,
      30373,
      20373
    ],
    [
      10374,
      30374,
      20374
    ],
    [
      10375,
      30375,
      20375
    ],
    [
      10376,
      30376,
      20376
    ],
    [
      10377,
      30377,
      20377
    ],
    [
      10378,
      30378,
      20378
    ],
    [
      10379,
      30379,
      20379
    ],
    [
      10380,
      30380,
      20380
    ],
    [
      10381,
      30381,
      20381
    ],
    [
      10382,
      30382,
      20382
    ],
    [
      10383,
      30383,
      20383
    ],
    [
      10384,
      30384,
      20384
    ],
    [
      10385,
      30385,
      20385
    ],
    [
      10386,
      30386,
      20386
    ],
    [
      10387,
      30387,
      20387
    ],
    [
      10388,
      30388,
      20388
    ],
    [
      10389,
      30389,
      20389
    ],
    [
      10390,
      30390,
      20390
    ],
    [
      10391,
      30391,
      20391
    ],
    [
      10392,
      30392,
      20392
    ],
    [
      10393,
      30393,
      20393
    ],
    [
      10394,
      30394,
      20394
    ],
    [
      10395,
      30395,
      20395
    ],
    [
      10396,
      30396,
      20396
    ],
    [
      10397,
      30397,
      20397
    ],
    [
      10398,
      30398,
      20398
    ],
    [
      10399,
      30399,
      20399
    ],
    [
      10400,
      30400,
      20400
    ],
    [
      10401,
      30401,
      20401
    ],
    [
      10402,
      30402,
      20402
    ],
    [
      10403,
      30403,
      20403
    ],
    [
      10404,
      30404,
      20404
    ],
    [
      10405,
      30405,
      20405
    ],
    [
      10406,
      30406,
      20406
    ],
    [
      10407,
      30407,
      20407
    ],
    [
      10408,
      30408,
      20408
    ],
    [
      10409,
      30409,
      20409
    ],
    [
      10410,
      30410,
      20410
    ],
    [
      10411,
      30411,
      20411
    ],
    [
      10412,
      30412,
      20412
    ],
    [
      10413,
      30413,
      20413
    ],
    [
      10414,
      30414,
      20414
    ],
    [
      10415,
      30415,
      20415
    ],
    [
      10416,
      30416,
      20416
    ],
    [
      10417,
      30417,
      20417
    ],
    [
      10418,
      30418,
      20418
    ],
    [
      10419,
      30419,
      20419
    ],
    [
      10420,
      30420,
      20420
    ],
    [
      10421,
      30421,
      20421
    ],
    [
      10422,
      30422,
      20422
    ],
    [
      10423,
      30423,
      20423
    ],
    [
      10424,
      30424,
      20424
    ],
    [
      10425,
      30425,
      20425
    ],
    [
      10426,
      30426,
      20426
    ],
    [
      10427,
      30427,
      20427
    ],
    [
      10428,
      30428,
      20428
    ],
    [
      10429,
      30429,
      20429
    ],
    [
      10430,
      30430,
      20430
    ],
    [
      10431,
      30431,
      20431
    ],
    [
      10432,
      30432,
      20432
    ],
    [
      10433,
      30433,
      20433
    ],
    [
      10434,
      30434,
      20434
    ],
    [
      10435,
      30435,
      20435
    ],
    [
      10436,
      30436,
      20436
    ],
    [
      10437,
      30437,
      20437
    ],
    [
      10438,
      30438,
      20438
    ],
    [
      10439,
      30439,
      20439
    ],
    [
      10440,
      30440,
      20440
    ],
    [
      10441,
      30441,
      20441
    ],
    [
      10442,
      30442,
      20442
    ],
    [
      10443,
      30443,
      20443
    ],
    [
      10444,
      30444,
      20444
    ],
    [
      10445,
      30445,
      20445
    ],
    [
      10446,
      30446,
      20446
    ],
    [
      10447,
      30447,
      20447
    ],
    [
      10448,
      30448,
      20448
    ],
    [
      10449,
      30449,
      20449
    ],
    [
      10450,
      30450,
      20450
    ],
    [
      10451,
      30451,
      20451
    ],
    [
      10452,
      30452,
      20452
    ],
    [
      10453,
      30453,
      20453
    ],
    [
      10454,
      30454,
      20454
    ],
    [
      10455,
      30455,
      20455
    ],
    [
      10456,
      30456,
      20456
    ],
    [
      10457,
      30457,
      20457
    ],
    [
      10458,
      30458,
      20458
    ],
    [
      10459,
      30459,
      20459
    ],
    [
      10460,
      30460,
      20460
    ],
    [
      10461,
      30461,
      20461
    ],
    [
      10462,
      30462,
      20462
    ],
    [
      10463,
      30463,
      20463
    ],
    [
      10464,
      30464,
      20464
    ],
    [
      10465,
      30465,
      20465
    ],
    [
      10466,
      30466,
      20466
    ],
    [
      10467,
      30467,
      20467
    ],
    [
      10468,
      30468,
      20468
    ],
    [
      10469,
      30469,
      20469
    ],
    [
      10470,
      30470,
      20470
    ],
    [
      10471,
      30471,
      20471
    ],
    [
      10472,
      30472,
      20472
    ],
    [
      10473,
      30473,
      20473
    ],
    [
      10474,
      30474,
      20474
    ],
    [
      10475,
      30475,
      20475
    ],
    [
      10476,
      30476,
      20476
    ],
    [
      10477,
      30477,
      20477
    ],
    [
      10478,
      30478,
      20478
    ],
    [
      10479,
      30479,
      20479
    ],
    [
      10480,
      30480,
      20480
    ],
    [
      10481,
      30481,
      20481
    ],
    [
      10482,
      30482,
      20482
    ],
    [
      10483,
      30483,
      20483
    ],
    [
      10484,
      30484,
      20484
    ],
    [
      10485,
      30485,
      20485
    ],
    [
      10486,
      30486,
      20486
    ],
    [
      10487,
      30487,
      20487
    ],
    [
      10488,
      30488,
      20488
    ],
    [
      10489,
      30489,
      20489
    ],
    [
      10490,
      30490,
      20490
    ],
    [
      10491,
      30491,
      20491
    ],
    [
      10492,
      30492,
      20492
    ],
    [
      10493,
      30493,
      20493
    ],
    [
      10494,
      30494,
      20494
    ],
    [
      10495,
      30495,
      20495
    ],
    [
      10496,
      30496,
      20496
    ],
    [
      10497,
      30497,
      20497
    ],
    [
      10498,
      30498,
      20498
    ],
    [
      10499,
      30499,
      20499
    ],
    [
      10500,
      30500,
      20500
    ],
    [
      10501,
      30501,
      20501
    ],
    [
      10502,
      30502,
      20502
    ],
    [
      10503,
      30503,
      20503
    ],
    [
      10504,
      30504,
      20504
    ],
    [
      10505,
      30505,
      20505
    ],
    [
      10506,
      30506,
      20506
    ],
    [
      10507,
      30507,
      20507
    ],
    [
      10508,
      30508,
      20508
    ],
    [
      10509,
      30509,
      20509
    ],
    [
      10510,
      30510,
      20510
    ],
    [
      10511,
      30511,
      20511
    ],
    [
      10512,
      30512,
      20512
    ],
    [
      10513,
      30513,
      20513
    ],
    [
      10514,
      30514,
      20514
    ],
    [
      10515,
      30515,
      20515
    ],
    [
      10516,
      30516,
      20516
    ],
    [
      10517,
      30517,
      20517
    ],
    [
      10518,
      30518,
      20518
    ],
    [
      10519,
      30519,
      20519
    ],
    [
      10520,
      30520,
      20520
    ],
    [
      10521,
      30521,
      20521
    ],
    [
      10522,
      30522,
      20522
    ],
    [
      10523,
      30523,
      20523
    ],
    [
      10524,
      30524,
      20524
    ],
    [
      10525,
      30525,
      20525
    ],
    [
      10526,
      30526,
      20526
    ],
    [
      10527,
      30527,
      20527
    ],
    [
      10528,
      30528,
      20528
    ],
    [
      10529,
      30529,
      20529
    ],
    [
      10530,
      30530,
      20530
    ],
    [
      10531,
      30531,
      20531
    ],
    [
      10532,
      30532,
      20532
    ],
    [
      10533,
      30533,
      20533
    ],
    [
      10534,
      30534,
      20534
    ],
    [
      10535,
      30535,
      20535
    ],
    [
      10536,
      30536,
      20536
    ],
    [
      10537,
      30537,
      20537
    ],
    [
      10538,
      30538,
      20538
    ],
    [
      10539,
      30539,
      20539
    ],
    [
      10540,
      30540,
      20540
    ],
    [
      10541,
      30541,
      20541
    ],
    [
      10542,
      30542,
      20542
    ],
    [
      10543,
      30543,
      20543
    ],
    [
      10544,
      30544,
      20544
    ],
    [
      10545,
      30545,
      20545
    ],
    [
      10546,
      30546,
      20546
    ],
    [
      10547,
      30547,
      20547
    ],
    [
      10548,
      30548,
      20548
    ],
    [
      10549,
      30549,
      20549
    ],
    [
      10550,
      30550,
      20550
    ],
    [
      10551,
      30551,
      20551
    ],
    [
      10552,
      30552,
      20552
    ],
    [
      10553,
      30553,
      20553
    ],
    [
      10554,
      30554,
      20554
    ],
    [
      10555,
      30555,
      20555
    ],
    [
      10556,
      30556,
      20556
    ],
    [
      10557,
      30557,
      20557
    ],
    [
      10558,
      30558,
      20558
    ],
    [
      10559,
      30559,
      20559
    ],
    [
      10560,
      30560,
      20560
    ],
    [
      10561,
      30561,
      20561
    ],
    [
      10562,
      30562,
      20562
    ],
    [
      10563,
      30563,
      20563
    ],
    [
      10564,
      30564,
      20564
    ],
    [
      10565,
      30565,
      20565
    ],
    [
      10566,
      30566,
      20566
    ],
    [
      10567,
      30567,
      20567
    ],
    [
      10568,
      30568,
      20568
    ],
    [
      10569,
      30569,
      20569
    ],
    [
      10570,
      30570,
      20570
    ],
    [
      10571,
      30571,
      20571
    ],
    [
      10572,
      30572,
      20572
    ],
    [
      10573,
      30573,
      20573
    ],
    [
      10574,
      30574,
      20574
    ],
    [
      10575,
      30575,
      20575
    ],
    [
      10576,
      30576,
      20576
    ],
    [
      10577,
      30577,
      20577
    ],
    [
      10578,
      30578,
      20578
    ],
    [
      10579,
      30579,
      20579
    ],
    [
      10580,
      30580,
      20580
    ],
    [
      10581,
      30581,
      20581
    ],
    [
      10582,
      30582,
      20582
    ],
    [
      10583,
      30583,
      20583
    ],
    [
      10584,
      30584,
      20584
    ],
    [
      10585,
      30585,
      20585
    ],
    [
      10586,
      30586,
      20586
    ],
    [
      10587,
      30587,
      20587
    ],
    [
      10588,
      30588,
      20588
    ],
    [
      10589,
      30589,
      20589
    ],
    [
      10590,
      30590,
      20590
    ],
    [
      10591,
      30591,
      20591
    ],
    [
      10592,
      30592,
      20592
    ],
    [
      10593,
      30593,
      20593
    ],
    [
      10594,
      30594,
      20594
    ],
    [
      10595,
      30595,
      20595
    ],
    [
      10596,
      30596,
      20596
    ],
    [
      10597,
      30597,
      20597
    ],
    [
      10598,
      30598,
      20598
    ],
    [
      10599,
      30599,
      20599
    ],
    [
      10600,
      30600,
      20600
    ],
    [
      10601,
      30601,
      20601
    ],
    [
      10602,
      30602,
      20602
    ],
    [
      10603,
      30603,
      20603
    ],
    [
      10604,
      30604,
      20604
    ],
    [
      10605,
      30605,
      20605
    ],
    [
      10606,
      30606,
      20606
    ],
    [
      10607,
      30607,
      20607
    ],
    [
      10608,
      30608,
      20608
    ],
    [
      10609,
      30609,
      20609
    ],
    [
      10610,
      30610,
      20610
    ],
    [
      10611,
      30611,
      20611
    ],
    [
      10612,
      30612,
      20612
    ],
    [
      10613,
      30613,
      20613
    ],
    [
      10614,
      30614,
      20614
    ],
    [
      10615,
      30615,
      20615
    ],
    [
      10616,
      30616,
      20616
    ],
    [
      10617,
      30617,
      20617
    ],
    [
      10618,
      30618,
      20618
    ],
    [
      10619,
      30619,
      20619
    ],
    [
      10620,
      30620,
      20620
    ],
    [
      10621,
      30621,
      20621
    ],
    [
      10622,
      30622,
      20622
    ],
    [
      10623,
      30623,
      20623
    ],
    [
      10624,
      30624,
      20624
    ],
    [
      10625,
      30625,
      20625
    ],
    [
      10626,
      30626,
      20626
    ],
    [
      10627,
      30627,
      20627
    ],
    [
      10628,
      30628,
      20628
    ],
    [
      10629,
      30629,
      20629
    ],
    [
      10630,
      30630,
      20630
    ],
    [
      10631,
      30631,
      20631
    ],
    [
      10632,
      30632,
      20632
    ],
    [
      10633,
      30633,
      20633
    ],
    [
      10634,
      30634,
      20634
    ],
    [
      10635,
      30635,
      20635
    ],
    [
      10636,
      30636,
      20636
    ],
    [
      10637,
      30637,
      20637
    ],
    [
      10638,
      30638,
      20638
    ],
    [
      10639,
      30639,
      20639
    ],
    [
      10640,
      30640,
      20640
    ],
    [
      10641,
      30641,
      20641
    ],
    [
      10642,
      30642,
      20642
    ],
    [
      10643,
      30643,
      20643
    ],
    [
      10644,
      30644,
      20644
    ],
    [
      10645,
      30645,
      20645
    ],
    [
      10646,
      30646,
      20646
    ],
    [
      10647,
      30647,
      20647
    ],
    [
      10648,
      30648,
      20648
    ],
    [
      10649,
      30649,
      20649
    ],
    [
      10650,
      30650,
      20650
    ],
    [
      10651,
      30651,
      20651
    ],
    [
      10652,
      30652,
      20652
    ],
    [
      10653,
      30653,
      20653
    ],
    [
      10654,
      30654,
      20654
    ],
    [
      10655,
      30655,
      20655
    ],
    [
      10656,
      30656,
      20656
    ],
    [
      10657,
      30657,
      20657
    ],
    [
      10658,
      30658,
      20658
    ],
    [
      10659,
      30659,
      20659
    ],
    [
      10660,
      30660,
      20660
    ],
    [
      10661,
      30661,
      20661
    ],
    [
      10662,
      30662,
      20662
    ],
    [
      10663,
      30663,
      20663
    ],
    [
      10664,
      30664,
      20664
    ],
    [
      10665,
      30665,
      20665
    ],
    [
      10666,
      30666,
      20666
    ],
    [
      10667,
      30667,
      20667
    ],
    [
      10668,
      30668,
      20668
    ],
    [
      10669,
      30669,
      20669
    ],
    [
      10670,
      30670,
      20670
    ],
    [
      10671,
      30671,
      20671
    ],
    [
      10672,
      30672,
      20672
    ],
    [
      10673,
      30673,
      20673
    ],
    [
      10674,
      30674,
      20674
    ],
    [
      10675,
      30675,
      20675
    ],
    [
      10676,
      30676,
      20676
    ],
    [
      10677,
      30677,
      20677
    ],
    [
      10678,
      30678,
      20678
    ],
    [
      10679,
      30679,
      20679
    ],
    [
      10680,
      30680,
      20680
    ],
    [
      10681,
      30681,
      20681
    ],
    [
      10682,
      30682,
      20682
    ],
    [
      10683,
      30683,
      20683
    ],
    [
      10684,
      30684,
      20684
    ],
    [
      10685,
      30685,
      20685
    ],
    [
      10686,
      30686,
      20686
    ],
    [
      10687,
      30687,
      20687
    ],
    [
      10688,
      30688,
      20688
    ],
    [
      10689,
      30689,
      20689
    ],
    [
      10690,
      30690,
      20690
    ],
    [
      10691,
      30691,
      20691
    ],
    [
      10692,
      30692,
      20692
    ],
    [
      10693,
      30693,
      20693
    ],
    [
      10694,
      30694,
      20694
    ],
    [
      10695,
      30695,
      20695
    ],
    [
      10696,
      30696,
      20696
    ],
    [
      10697,
      30697,
      20697
    ],
    [
      10698,
      30698,
      20698
    ],
    [
      10699,
      30699,
      20699
    ],
    [
      10700,
      30700,
      20700
    ],
    [
      10701,
      30701,
      20701
    ],
    [
      10702,
      30702,
      20702
    ],
    [
      10703,
      30703,
      20703
    ],
    [
      10704,
      30704,
      20704
    ],
    [
      10705,
      30705,
      20705
    ],
    [
      10706,
      30706,
      20706
    ],
    [
      10707,
      30707,
      20707
    ],
    [
      10708,
      30708,
      20708
    ],
    [
      10709,
      30709,
      20709
    ],
    [
      10710,
      30710,
      20710
    ],
    [
      10711,
      30711,
      20711
    ],
    [
      10712,
      30712,
      20712
    ],
    [
      10713,
      30713,
      20713
    ],
    [
      10714,
      30714,
      20714
    ],
    [
      10715,
      30715,
      20715
    ],
    [
      10716,
      30716,
      20716
    ],
    [
      10717,
      30717,
      20717
    ],
    [
      10718,
      30718,
      20718
    ],
    [
      10719,
      30719,
      20719
    ],
    [
      10720,
      30720,
      20720
    ],
    [
      10721,
      30721,
      20721
    ],
    [
      10722,
      30722,
      20722
    ],
    [
      10723,
      30723,
      20723
    ],
    [
      10724,
      30724,
      20724
    ],
    [
      10725,
      30725,
      20725
    ],
    [
      10726,
      30726,
      20726
    ],
    [
      10727,
      30727,
      20727
    ],
    [
      10728,
      30728,
      20728
    ],
    [
      10729,
      30729,
      20729
    ],
    [
      10730,
      30730,
      20730
    ],
    [
      10731,
      30731,
      20731
    ],
    [
      10732,
      30732,
      20732
    ],
    [
      10733,
      30733,
      20733
    ],
    [
      10734,
      30734,
      20734
    ],
    [
      10735,
      30735,
      20735
    ],
    [
      10736,
      30736,
      20736
    ],
    [
      10737,
      30737,
      20737
    ],
    [
      10738,
      30738,
      20738
    ],
    [
      10739,
      30739,
      20739
    ],
    [
      10740,
      30740,
      20740
    ],
    [
      10741,
      30741,
      20741
    ],
    [
      10742,
      30742,
      20742
    ],
    [
      10743,
      30743,
      20743
    ],
    [
      10744,
      30744,
      20744
    ],
    [
      10745,
      30745,
      20745
    ],
    [
      10746,
      30746,
      20746
    ],
    [
      10747,
      30747,
      20747
    ],
    [
      10748,
      30748,
      20748
    ],
    [
      10749,
      30749,
      20749
    ],
    [
      10750,
      30750,
      20750
    ],
    [
      10751,
      30751,
      20751
    ],
    [
      10752,
      30752,
      20752
    ],
    [
      10753,
      30753,
      20753
    ],
    [
      10754,
      30754,
      20754
    ],
    [
      10755,
      30755,
      20755
    ],
    [
      10756,
      30756,
      20756
    ],
    [
      10757,
      30757,
      20757
    ],
    [
      10758,
      30758,
      20758
    ],
    [
      10759,
      30759,
      20759
    ],
    [
      10760,
      30760,
      20760
    ],
    [
      10761,
      30761,
      20761
    ],
    [
      10762,
      30762,
      20762
    ],
    [
      10763,
      30763,
      20763
    ],
    [
      10764,
      30764,
      20764
    ],
    [
      10765,
      30765,
      20765
    ],
    [
      10766,
      30766,
      20766
    ],
    [
      10767,
      30767,
      20767
    ],
    [
      10768,
      30768,
      20768
    ],
    [
      10769,
      30769,
      20769
    ],
    [
      10770,
      30770,
      20770
    ],
    [
      10771,
      30771,
      20771
    ],
    [
      10772,
      30772,
      20772
    ],
    [
      10773,
      30773,
      20773
    ],
    [
      10774,
      30774,
      20774
    ],
    [
      10775,
      30775,
      20775
    ],
    [
      10776,
      30776,
      20776
    ],
    [
      10777,
      30777,
      20777
    ],
    [
      10778,
      30778,
      20778
    ],
    [
      10779,
      30779,
      20779
    ],
    [
      10780,
      30780,
      20780
    ],
    [
      10781,
      30781,
      20781
    ],
    [
      10782,
      30782,
      20782
    ],
    [
      10783,
      30783,
      20783
    ],
    [
      10784,
      30784,
      20784
    ],
    [
      10785,
      30785,
      20785
    ],
    [
      10786,
      30786,
      20786
    ],
    [
      10787,
      30787,
      20787
    ],
    [
      10788,
      30788,
      20788
    ],
    [
      10789,
      30789,
      20789
    ],
    [
      10790,
      30790,
      20790
    ],
    [
      10791,
      30791,
      20791
    ],
    [
      10792,
      30792,
      20792
    ],
    [
      10793,
      30793,
      20793
    ],
    [
      10794,
      30794,
      20794
    ],
    [
      10795,
      30795,
      20795
    ],
    [
      10796,
      30796,
      20796
    ],
    [
      10797,
      30797,
      20797
    ],
    [
      10798,
      30798,
      20798
    ],
    [
      10799,
      30799,
      20799
    ],
    [
      10800,
      30800,
      20800
    ],
    [
      10801,
      30801,
      20801
    ],
    [
      10802,
      30802,
      20802
    ],
    [
      10803,
      30803,
      20803
    ],
    [
      10804,
      30804,
      20804
    ],
    [
      10805,
      30805,
      20805
    ],
    [
      10806,
      30806,
      20806
    ],
    [
      10807,
      30807,
      20807
    ],
    [
      10808,
      30808,
      20808
    ],
    [
      10809,
      30809,
      20809
    ],
    [
      10810,
      30810,
      20810
    ],
    [
      10811,
      30811,
      20811
    ],
    [
      10812,
      30812,
      20812
    ],
    [
      10813,
      30813,
      20813
    ],
    [
      10814,
      30814,
      20814
    ],
    [
      10815,
      30815,
      20815
    ],
    [
      10816,
      30816,
      20816
    ],
    [
      10817,
      30817,
      20817
    ],
    [
      10818,
      30818,
      20818
    ],
    [
      10819,
      30819,
      20819
    ],
    [
      10820,
      30820,
      20820
    ],
    [
      10821,
      30821,
      20821
    ],
    [
      10822,
      30822,
      20822
    ],
    [
      10823,
      30823,
      20823
    ],
    [
      10824,
      30824,
      20824
    ],
    [
      10825,
      30825,
      20825
    ],
    [
      10826,
      30826,
      20826
    ],
    [
      10827,
      30827,
      20827
    ],
    [
      10828,
      30828,
      20828
    ],
    [
      10829,
      30829,
      20829
    ],
    [
      10830,
      30830,
      20830
    ],
    [
      10831,
      30831,
      20831
    ],
    [
      10832,
      30832,
      20832
    ],
    [
      10833,
      30833,
      20833
    ],
    [
      10834,
      30834,
      20834
    ],
    [
      10835,
      30835,
      20835
    ],
    [
      10836,
      30836,
      20836
    ],
    [
      10837,
      30837,
      20837
    ],
    [
      10838,
      30838,
      20838
    ],
    [
      10839,
      30839,
      20839
    ],
    [
      10840,
      30840,
      20840
    ],
    [
      10841,
      30841,
      20841
    ],
    [
      10842,
      30842,
      20842
    ],
    [
      10843,
      30843,
      20843
    ],
    [
      10844,
      30844,
      20844
    ],
    [
      10845,
      30845,
      20845
    ],
    [
      10846,
      30846,
      20846
    ],
    [
      10847,
      30847,
      20847
    ],
    [
      10848,
      30848,
      20848
    ],
    [
      10849,
      30849,
      20849
    ],
    [
      10850,
      30850,
      20850
    ],
    [
      10851,
      30851,
      20851
    ],
    [
      10852,
      30852,
      20852
    ],
    [
      10853,
      30853,
      20853
    ],
    [
      10854,
      30854,
      20854
    ],
    [
      10855,
      30855,
      20855
    ],
    [
      10856,
      30856,
      20856
    ],
    [
      10857,
      30857,
      20857
    ],
    [
      10858,
      30858,
      20858
    ],
    [
      10859,
      30859,
      20859
    ],
    [
      10860,
      30860,
      20860
    ],
    [
      10861,
      30861,
      20861
    ],
    [
      10862,
      30862,
      20862
    ],
    [
      10863,
      30863,
      20863
    ],
    [
      10864,
      30864,
      20864
    ],
    [
      10865,
      30865,
      20865
    ],
    [
      10866,
      30866,
      20866
    ],
    [
      10867,
      30867,
      20867
    ],
    [
      10868,
      30868,
      20868
    ],
    [
      10869,
      30869,
      20869
    ],
    [
      10870,
      30870,
      20870
    ],
    [
      10871,
      30871,
      20871
    ],
    [
      10872,
      30872,
      20872
    ],
    [
      10873,
      30873,
      20873
    ],
    [
      10874,
      30874,
      20874
    ],
    [
      10875,
      30875,
      20875
    ],
    [
      10876,
      30876,
      20876
    ],
    [
      10877,
      30877,
      20877
    ],
    [
      10878,
      30878,
      20878
    ],
    [
      10879,
      30879,
      20879
    ],
    [
      10880,
      30880,
      20880
    ],
    [
      10881,
      30881,
      20881
    ],
    [
      10882,
      30882,
      20882
    ],
    [
      10883,
      30883,
      20883
    ],
    [
      10884,
      30884,
      20884
    ],
    [
      10885,
      30885,
      20885
    ],
    [
      10886,
      30886,
      20886
    ],
    [
      10887,
      30887,
      20887
    ],
    [
      10888,
      30888,
      20888
    ],
    [
      10889,
      30889,
      20889
    ],
    [
      10890,
      30890,
      20890
    ],
    [
      10891,
      30891,
      20891
    ],
    [
      10892,
      30892,
      20892
    ],
    [
      10893,
      30893,
      20893
    ],
    [
      10894,
      30894,
      20894
    ],
    [
      10895,
      30895,
      20895
    ],
    [
      10896,
      30896,
      20896
    ],
    [
      10897,
      30897,
      20897
    ],
    [
      10898,
      30898,
      20898
    ],
    [
      10899,
      30899,
      20899
    ],
    [
      10900,
      30900,
      20900
    ],
    [
      10901,
      30901,
      20901
    ],
    [
      10902,
      30902,
      20902
    ],
    [
      10903,
      30903,
      20903
    ],
    [
      10904,
      30904,
      20904
    ],
    [
      10905,
      30905,
      20905
    ],
    [
      10906,
      30906,
      20906
    ],
    [
      10907,
      30907,
      20907
    ],
    [
      10908,
      30908,
      20908
    ],
    [
      10909,
      30909,
      20909
    ],
    [
      10910,
      30910,
      20910
    ],
    [
      10911,
      30911,
      20911
    ],
    [
      10912,
      30912,
      20912
    ],
    [
      10913,
      30913,
      20913
    ],
    [
      10914,
      30914,
      20914
    ],
    [
      10915,
      30915,
      20915
    ],
    [
      10916,
      30916,
      20916
    ],
    [
      10917,
      30917,
      20917
    ],
    [
      10918,
      30918,
      20918
    ],
    [
      10919,
      30919,
      20919
    ],
    [
      10920,
      30920,
      20920
    ],
    [
      10921,
      30921,
      20921
    ],
    [
      10922,
      30922,
      20922
    ],
    [
      10923,
      30923,
      20923
    ],
    [
      10924,
      30924,
      20924
    ],
    [
      10925,
      30925,
      20925
    ],
    [
      10926,
      30926,
      20926
    ],
    [
      10927,
      30927,
      20927
    ],
    [
      10928,
      30928,
      20928
    ],
    [
      10929,
      30929,
      20929
    ],
    [
      10930,
      30930,
      20930
    ],
    [
      10931,
      30931,
      20931
    ],
    [
      10932,
      30932,
      20932
    ],
    [
      10933,
      30933,
      20933
    ],
    [
      10934,
      30934,
      20934
    ],
    [
      10935,
      30935,
      20935
    ],
    [
      10936,
      30936,
      20936
    ],
    [
      10937,
      30937,
      20937
    ],
    [
      10938,
      30938,
      20938
    ],
    [
      10939,
      30939,
      20939
    ],
    [
      10940,
      30940,
      20940
    ],
    [
      10941,
      30941,
      20941
    ],
    [
      10942,
      30942,
      20942
    ],
    [
      10943,
      30943,
      20943
    ],
    [
      10944,
      30944,
      20944
    ],
    [
      10945,
      30945,
      20945
    ],
    [
      10946,
      30946,
      20946
    ],
    [
      10947,
      30947,
      20947
    ],
    [
      10948,
      30948,
      20948
    ],
    [
      10949,
      30949,
      20949
    ],
    [
      10950,
      30950,
      20950
    ],
    [
      10951,
      30951,
      20951
    ],
    [
      10952,
      30952,
      20952
    ],
    [
      10953,
      30953,
      20953
    ],
    [
      10954,
      30954,
      20954
    ],
    [
      10955,
      30955,
      20955
    ],
    [
      10956,
      30956,
      20956
    ],
    [
      10957,
      30957,
      20957
    ],
    [
      10958,
      30958,
      20958
    ],
    [
      10959,
      30959,
      20959
    ],
    [
      10960,
      30960,
      20960
    ],
    [
      10961,
      30961,
      20961
    ],
    [
      10962,
      30962,
      20962
    ],
    [
      10963,
      30963,
      20963
    ],
    [
      10964,
      30964,
      20964
    ],
    [
      10965,
      30965,
      20965
    ],
    [
      10966,
      30966,
      20966
    ],
    [
      10967,
      30967,
      20967
    ],
    [
      10968,
      30968,
      20968
    ],
    [
      10969,
      30969,
      20969
    ],
    [
      10970,
      30970,
      20970
    ],
    [
      10971,
      30971,
      20971
    ],
    [
      10972,
      30972,
      20972
    ],
    [
      10973,
      30973,
      20973
    ],
    [
      10974,
      30974,
      20974
    ],
    [
      10975,
      30975,
      20975
    ],
    [
      10976,
      30976,
      20976
    ],
    [
      10977,
      30977,
      20977
    ],
    [
      10978,
      30978,
      20978
    ],
    [
      10979,
      30979,
      20979
    ],
    [
      10980,
      30980,
      20980
    ],
    [
      10981,
      30981,
      20981
    ],
    [
      10982,
      30982,
      20982
    ],
    [
      10983,
      30983,
      20983
    ],
    [
      10984,
      30984,
      20984
    ],
    [
      10985,
      30985,
      20985
    ],
    [
      10986,
      30986,
      20986
    ],
    [
      10987,
      30987,
      20987
    ],
    [
      10988,
      30988,
      20988
    ],
    [
      10989,
      30989,
      20989
    ],
    [
      10990,
      30990,
      20990
    ],
    [
      10991,
      30991,
      20991
    ],
    [
      10992,
      30992,
      20992
    ],
    [
      10993,
      30993,
      20993
    ],
    [
      10994,
      30994,
      20994
    ],
    [
      10995,
      30995,
      20995
    ],
    [
      10996,
      30996,
      20996
    ],
    [
      10997,
      30997,
      20997
    ],
    [
      10998,
      30998,
      20998
    ],
    [
      10999,
      30999,
      20999
    ],
    [
      11000,
      31000,
      21000
    ],
    [
      11001,
      31001,
      21001
    ],
    [
      11002,
      31002,
      21002
    ],
    [
      11003,
      31003,
      21003
    ],
    [
      11004,
      31004,
      21004
    ],
    [
      11005,
      31005,
      21005
    ],
    [
      11006,
      31006,
      21006
    ],
    [
      11007,
      31007,
      21007
    ],
    [
      11008,
      31008,
      21008
    ],
    [
      11009,
      31009,
      21009
    ],
    [
      11010,
      31010,
      21010
    ],
    [
      11011,
      31011,
      21011
    ],
    [
      11012,
      31012,
      21012
    ],
    [
      11013,
      31013,
      21013
    ],
    [
      11014,
      31014,
      21014
    ],
    [
      11015,
      31015,
      21015
    ],
    [
      11016,
      31016,
      21016
    ],
    [
      11017,
      31017,
      21017
    ],
    [
      11018,
      31018,
      21018
    ],
    [
      11019,
      31019,
      21019
    ],
    [
      11020,
      31020,
      21020
    ],
    [
      11021,
      31021,
      21021
    ],
    [
      11022,
      31022,
      21022
    ],
    [
      11023,
      31023,
      21023
    ],
    [
      11024,
      31024,
      21024
    ],
    [
      11025,
      31025,
      21025
    ],
    [
      11026,
      31026,
      21026
    ],
    [
      11027,
      31027,
      21027
    ],
    [
      11028,
      31028,
      21028
    ],
    [
      11029,
      31029,
      21029
    ],
    [
      11030,
      31030,
      21030
    ],
    [
      11031,
      31031,
      21031
    ],
    [
      11032,
      31032,
      21032
    ],
    [
      11033,
      31033,
      21033
    ],
    [
      11034,
      31034,
      21034
    ],
    [
      11035,
      31035,
      21035
    ],
    [
      11036,
      31036,
      21036
    ],
    [
      11037,
      31037,
      21037
    ],
    [
      11038,
      31038,
      21038
    ],
    [
      11039,
      31039,
      21039
    ],
    [
      11040,
      31040,
      21040
    ],
    [
      11041,
      31041,
      21041
    ],
    [
      11042,
      31042,
      21042
    ],
    [
      11043,
      31043,
      21043
    ],
    [
      11044,
      31044,
      21044
    ],
    [
      11045,
      31045,
      21045
    ],
    [
      11046,
      31046,
      21046
    ],
    [
      11047,
      31047,
      21047
    ],
    [
      11048,
      31048,
      21048
    ],
    [
      11049,
      31049,
      21049
    ],
    [
      11050,
      31050,
      21050
    ],
    [
      11051,
      31051,
      21051
    ],
    [
      11052,
      31052,
      21052
    ],
    [
      11053,
      31053,
      21053
    ],
    [
      11054,
      31054,
      21054
    ],
    [
      11055,
      31055,
      21055
    ],
    [
      11056,
      31056,
      21056
    ],
    [
      11057,
      31057,
      21057
    ],
    [
      11058,
      31058,
      21058
    ],
    [
      11059,
      31059,
      21059
    ],
    [
      11060,
      31060,
      21060
    ],
    [
      11061,
      31061,
      21061
    ],
    [
      11062,
      31062,
      21062
    ],
    [
      11063,
      31063,
      21063
    ],
    [
      11064,
      31064,
      21064
    ],
    [
      11065,
      31065,
      21065
    ],
    [
      11066,
      31066,
      21066
    ],
    [
      11067,
      31067,
      21067
    ],
    [
      11068,
      31068,
      21068
    ],
    [
      11069,
      31069,
      21069
    ],
    [
      11070,
      31070,
      21070
    ],
    [
      11071,
      31071,
      21071
    ],
    [
      11072,
      31072,
      21072
    ],
    [
      11073,
      31073,
      21073
    ],
    [
      11074,
      31074,
      21074
    ],
    [
      11075,
      31075,
      21075
    ],
    [
      11076,
      31076,
      21076
    ],
    [
      11077,
      31077,
      21077
    ],
    [
      11078,
      31078,
      21078
    ],
    [
      11079,
      31079,
      21079
    ],
    [
      11080,
      31080,
      21080
    ],
    [
      11081,
      31081,
      21081
    ],
    [
      11082,
      31082,
      21082
    ],
    [
      11083,
      31083,
      21083
    ],
    [
      11084,
      31084,
      21084
    ],
    [
      11085,
      31085,
      21085
    ],
    [
      11086,
      31086,
      21086
    ],
    [
      11087,
      31087,
      21087
    ],
    [
      11088,
      31088,
      21088
    ],
    [
      11089,
      31089,
      21089
    ],
    [
      11090,
      31090,
      21090
    ],
    [
      11091,
      31091,
      21091
    ],
    [
      11092,
      31092,
      21092
    ],
    [
      11093,
      31093,
      21093
    ],
    [
      11094,
      31094,
      21094
    ],
    [
      11095,
      31095,
      21095
    ],
    [
      11096,
      31096,
      21096
    ],
    [
      11097,
      31097,
      21097
    ],
    [
      11098,
      31098,
      21098
    ],
    [
      11099,
      31099,
      21099
    ],
    [
      11100,
      31100,
      21100
    ],
    [
      11101,
      31101,
      21101
    ],
    [
      11102,
      31102,
      21102
    ],
    [
      11103,
      31103,
      21103
    ],
    [
      11104,
      31104,
      21104
    ],
    [
      11105,
      31105,
      21105
    ],
    [
      11106,
      31106,
      21106
    ],
    [
      11107,
      31107,
      21107
    ],
    [
      11108,
      31108,
      21108
    ],
    [
      11109,
      31109,
      21109
    ],
    [
      11110,
      31110,
      21110
    ],
    [
      11111,
      31111,
      21111
    ],
    [
      11112,
      31112,
      21112
    ],
    [
      11113,
      31113,
      21113
    ],
    [
      11114,
      31114,
      21114
    ],
    [
      11115,
      31115,
      21115
    ],
    [
      11116,
      31116,
      21116
    ],
    [
      11117,
      31117,
      21117
    ],
    [
      11118,
      31118,
      21118
    ],
    [
      11119,
      31119,
      21119
    ],
    [
      11120,
      31120,
      21120
    ],
    [
      11121,
      31121,
      21121
    ],
    [
      11122,
      31122,
      21122
    ],
    [
      11123,
      31123,
      21123
    ],
    [
      11124,
      31124,
      21124
    ],
    [
      11125,
      31125,
      21125
    ],
    [
      11126,
      31126,
      21126
    ],
    [
      11127,
      31127,
      21127
    ],
    [
      11128,
      31128,
      21128
    ],
    [
      11129,
      31129,
      21129
    ],
    [
      11130,
      31130,
      21130
    ],
    [
      11131,
      31131,
      21131
    ],
    [
      11132,
      31132,
      21132
    ],
    [
      11133,
      31133,
      21133
    ],
    [
      11134,
      31134,
      21134
    ],
    [
      11135,
      31135,
      21135
    ],
    [
      11136,
      31136,
      21136
    ],
    [
      11137,
      31137,
      21137
    ],
    [
      11138,
      31138,
      21138
    ],
    [
      11139,
      31139,
      21139
    ],
    [
      11140,
      31140,
      21140
    ],
    [
      11141,
      31141,
      21141
    ],
    [
      11142,
      31142,
      21142
    ],
    [
      11143,
      31143,
      21143
    ],
    [
      11144,
      31144,
      21144
    ],
    [
      11145,
      31145,
      21145
    ],
    [
      11146,
      31146,
      21146
    ],
    [
      11147,
      31147,
      21147
    ],
    [
      11148,
      31148,
      21148
    ],
    [
      11149,
      31149,
      21149
    ],
    [
      11150,
      31150,
      21150
    ],
    [
      11151,
      31151,
      21151
    ],
    [
      11152,
      31152,
      21152
    ],
    [
      11153,
      31153,
      21153
    ],
    [
      11154,
      31154,
      21154
    ],
    [
      11155,
      31155,
      21155
    ],
    [
      11156,
      31156,
      21156
    ],
    [
      11157,
      31157,
      21157
    ],
    [
      11158,
      31158,
      21158
    ],
    [
      11159,
      31159,
      21159
    ],
    [
      11160,
      31160,
      21160
    ],
    [
      11161,
      31161,
      21161
    ],
    [
      11162,
      31162,
      21162
    ],
    [
      11163,
      31163,
      21163
    ],
    [
      11164,
      31164,
      21164
    ],
    [
      11165,
      31165,
      21165
    ],
    [
      11166,
      31166,
      21166
    ],
    [
      11167,
      31167,
      21167
    ],
    [
      11168,
      31168,
      21168
    ],
    [
      11169,
      31169,
      21169
    ],
    [
      11170,
      31170,
      21170
    ],
    [
      11171,
      31171,
      21171
    ],
    [
      11172,
      31172,
      21172
    ],
    [
      11173,
      31173,
      21173
    ],
    [
      11174,
      31174,
      21174
    ],
    [
      11175,
      31175,
      21175
    ],
    [
      11176,
      31176,
      21176
    ],
    [
      11177,
      31177,
      21177
    ],
    [
      11178,
      31178,
      21178
    ],
    [
      11179,
      31179,
      21179
    ],
    [
      11180,
      31180,
      21180
    ],
    [
      11181,
      31181,
      21181
    ],
    [
      11182,
      31182,
      21182
    ],
    [
      11183,
      31183,
      21183
    ],
    [
      11184,
      31184,
      21184
    ],
    [
      11185,
      31185,
      21185
    ],
    [
      11186,
      31186,
      21186
    ],
    [
      11187,
      31187,
      21187
    ],
    [
      11188,
      31188,
      21188
    ],
    [
      11189,
      31189,
      21189
    ],
    [
      11190,
      31190,
      21190
    ],
    [
      11191,
      31191,
      21191
    ],
    [
      11192,
      31192,
      21192
    ],
    [
      11193,
      31193,
      21193
    ],
    [
      11194,
      31194,
      21194
    ],
    [
      11195,
      31195,
      21195
    ],
    [
      11196,
      31196,
      21196
    ],
    [
      11197,
      31197,
      21197
    ],
    [
      11198,
      31198,
      21198
    ],
    [
      11199,
      31199,
      21199
    ],
    [
      11200,
      31200,
      21200
    ],
    [
      11201,
      31201,
      21201
    ],
    [
      11202,
      31202,
      21202
    ],
    [
      11203,
      31203,
      21203
    ],
    [
      11204,
      31204,
      21204
    ],
    [
      11205,
      31205,
      21205
    ],
    [
      11206,
      31206,
      21206
    ],
    [
      11207,
      31207,
      21207
    ],
    [
      11208,
      31208,
      21208
    ],
    [
      11209,
      31209,
      21209
    ],
    [
      11210,
      31210,
      21210
    ],
    [
      11211,
      31211,
      21211
    ],
    [
      11212,
      31212,
      21212
    ],
    [
      11213,
      31213,
      21213
    ],
    [
      11214,
      31214,
      21214
    ],
    [
      11215,
      31215,
      21215
    ],
    [
      11216,
      31216,
      21216
    ],
    [
      11217,
      31217,
      21217
    ],
    [
      11218,
      31218,
      21218
    ],
    [
      11219,
      31219,
      21219
    ],
    [
      11220,
      31220,
      21220
    ],
    [
      11221,
      31221,
      21221
    ],
    [
      11222,
      31222,
      21222
    ],
    [
      11223,
      31223,
      21223
    ],
    [
      11224,
      31224,
      21224
    ],
    [
      11225,
      31225,
      21225
    ],
    [
      11226,
      31226,
      21226
    ],
    [
      11227,
      31227,
      21227
    ],
    [
      11228,
      31228,
      21228
    ],
    [
      11229,
      31229,
      21229
    ],
    [
      11230,
      31230,
      21230
    ],
    [
      11231,
      31231,
      21231
    ],
    [
      11232,
      31232,
      21232
    ],
    [
      11233,
      31233,
      21233
    ],
    [
      11234,
      31234,
      21234
    ],
    [
      11235,
      31235,
      21235
    ],
    [
      11236,
      31236,
      21236
    ],
    [
      11237,
      31237,
      21237
    ],
    [
      11238,
      31238,
      21238
    ],
    [
      11239,
      31239,
      21239
    ],
    [
      11240,
      31240,
      21240
    ],
    [
      11241,
      31241,
      21241
    ],
    [
      11242,
      31242,
      21242
    ],
    [
      11243,
      31243,
      21243
    ],
    [
      11244,
      31244,
      21244
    ],
    [
      11245,
      31245,
      21245
    ],
    [
      11246,
      31246,
      21246
    ],
    [
      11247,
      31247,
      21247
    ],
    [
      11248,
      31248,
      21248
    ],
    [
      11249,
      31249,
      21249
    ],
    [
      11250,
      31250,
      21250
    ],
    [
      11251,
      31251,
      21251
    ],
    [
      11252,
      31252,
      21252
    ],
    [
      11253,
      31253,
      21253
    ],
    [
      11254,
      31254,
      21254
    ],
    [
      11255,
      31255,
      21255
    ],
    [
      11256,
      31256,
      21256
    ],
    [
      11257,
      31257,
      21257
    ],
    [
      11258,
      31258,
      21258
    ],
    [
      11259,
      31259,
      21259
    ],
    [
      11260,
      31260,
      21260
    ],
    [
      11261,
      31261,
      21261
    ],
    [
      11262,
      31262,
      21262
    ],
    [
      11263,
      31263,
      21263
    ],
    [
      11264,
      31264,
      21264
    ],
    [
      11265,
      31265,
      21265
    ],
    [
      11266,
      31266,
      21266
    ],
    [
      11267,
      31267,
      21267
    ],
    [
      11268,
      31268,
      21268
    ],
    [
      11269,
      31269,
      21269
    ],
    [
      11270,
      31270,
      21270
    ],
    [
      11271,
      31271,
      21271
    ],
    [
      11272,
      31272,
      21272
    ],
    [
      11273,
      31273,
      21273
    ],
    [
      11274,
      31274,
      21274
    ],
    [
      11275,
      31275,
      21275
    ],
    [
      11276,
      31276,
      21276
    ],
    [
      11277,
      31277,
      21277
    ],
    [
      11278,
      31278,
      21278
    ],
    [
      11279,
      31279,
      21279
    ],
    [
      11280,
      31280,
      21280
    ],
    [
      11281,
      31281,
      21281
    ],
    [
      11282,
      31282,
      21282
    ],
    [
      11283,
      31283,
      21283
    ],
    [
      11284,
      31284,
      21284
    ],
    [
      11285,
      31285,
      21285
    ],
    [
      11286,
      31286,
      21286
    ],
    [
      11287,
      31287,
      21287
    ],
    [
      11288,
      31288,
      21288
    ],
    [
      11289,
      31289,
      21289
    ],
    [
      11290,
      31290,
      21290
    ],
    [
      11291,
      31291,
      21291
    ],
    [
      11292,
      31292,
      21292
    ],
    [
      11293,
      31293,
      21293
    ],
    [
      11294,
      31294,
      21294
    ],
    [
      11295,
      31295,
      21295
    ],
    [
      11296,
      31296,
      21296
    ],
    [
      11297,
      31297,
      21297
    ],
    [
      11298,
      31298,
      21298
    ],
    [
      11299,
      31299,
      21299
    ],
    [
      11300,
      31300,
      21300
    ],
    [
      11301,
      31301,
      21301
    ],
    [
      11302,
      31302,
      21302
    ],
    [
      11303,
      31303,
      21303
    ],
    [
      11304,
      31304,
      21304
    ],
    [
      11305,
      31305,
      21305
    ],
    [
      11306,
      31306,
      21306
    ],
    [
      11307,
      31307,
      21307
    ],
    [
      11308,
      31308,
      21308
    ],
    [
      11309,
      31309,
      21309
    ],
    [
      11310,
      31310,
      21310
    ],
    [
      11311,
      31311,
      21311
    ],
    [
      11312,
      31312,
      21312
    ],
    [
      11313,
      31313,
      21313
    ],
    [
      11314,
      31314,
      21314
    ],
    [
      11315,
      31315,
      21315
    ],
    [
      11316,
      31316,
      21316
    ],
    [
      11317,
      31317,
      21317
    ],
    [
      11318,
      31318,
      21318
    ],
    [
      11319,
      31319,
      21319
    ],
    [
      11320,
      31320,
      21320
    ],
    [
      11321,
      31321,
      21321
    ],
    [
      11322,
      31322,
      21322
    ],
    [
      11323,
      31323,
      21323
    ],
    [
      11324,
      31324,
      21324
    ],
    [
      11325,
      31325,
      21325
    ],
    [
      11326,
      31326,
      21326
    ],
    [
      11327,
      31327,
      21327
    ],
    [
      11328,
      31328,
      21328
    ],
    [
      11329,
      31329,
      21329
    ],
    [
      11330,
      31330,
      21330
    ],
    [
      11331,
      31331,
      21331
    ],
    [
      11332,
      31332,
      21332
    ],
    [
      11333,
      31333,
      21333
    ],
    [
      11334,
      31334,
      21334
    ],
    [
      11335,
      31335,
      21335
    ],
    [
      11336,
      31336,
      21336
    ],
    [
      11337,
      31337,
      21337
    ],
    [
      11338,
      31338,
      21338
    ],
    [
      11339,
      31339,
      21339
    ],
    [
      11340,
      31340,
      21340
    ],
    [
      11341,
      31341,
      21341
    ],
    [
      11342,
      31342,
      21342
    ],
    [
      11343,
      31343,
      21343
    ],
    [
      11344,
      31344,
      21344
    ],
    [
      11345,
      31345,
      21345
    ],
    [
      11346,
      31346,
      21346
    ],
    [
      11347,
      31347,
      21347
    ],
    [
      11348,
      31348,
      21348
    ],
    [
      11349,
      31349,
      21349
    ],
    [
      11350,
      31350,
      21350
    ],
    [
      11351,
      31351,
      21351
    ],
    [
      11352,
      31352,
      21352
    ],
    [
      11353,
      31353,
      21353
    ],
    [
      11354,
      31354,
      21354
    ],
    [
      11355,
      31355,
      21355
    ],
    [
      11356,
      31356,
      21356
    ],
    [
      11357,
      31357,
      21357
    ],
    [
      11358,
      31358,
      21358
    ],
    [
      11359,
      31359,
      21359
    ],
    [
      11360,
      31360,
      21360
    ],
    [
      11361,
      31361,
      21361
    ],
    [
      11362,
      31362,
      21362
    ],
    [
      11363,
      31363,
      21363
    ],
    [
      11364,
      31364,
      21364
    ],
    [
      11365,
      31365,
      21365
    ],
    [
      11366,
      31366,
      21366
    ],
    [
      11367,
      31367,
      21367
    ],
    [
      11368,
      31368,
      21368
    ],
    [
      11369,
      31369,
      21369
    ],
    [
      11370,
      31370,
      21370
    ],
    [
      11371,
      31371,
      21371
    ],
    [
      11372,
      31372,
      21372
    ],
    [
      11373,
      31373,
      21373
    ],
    [
      11374,
      31374,
      21374
    ],
    [
      11375,
      31375,
      21375
    ],
    [
      11376,
      31376,
      21376
    ],
    [
      11377,
      31377,
      21377
    ],
    [
      11378,
      31378,
      21378
    ],
    [
      11379,
      31379,
      21379
    ],
    [
      11380,
      31380,
      21380
    ],
    [
      11381,
      31381,
      21381
    ],
    [
      11382,
      31382,
      21382
    ],
    [
      11383,
      31383,
      21383
    ],
    [
      11384,
      31384,
      21384
    ],
    [
      11385,
      31385,
      21385
    ],
    [
      11386,
      31386,
      21386
    ],
    [
      11387,
      31387,
      21387
    ],
    [
      11388,
      31388,
      21388
    ],
    [
      11389,
      31389,
      21389
    ],
    [
      11390,
      31390,
      21390
    ],
    [
      11391,
      31391,
      21391
    ],
    [
      11392,
      31392,
      21392
    ],
    [
      11393,
      31393,
      21393
    ],
    [
      11394,
      31394,
      21394
    ],
    [
      11395,
      31395,
      21395
    ],
    [
      11396,
      31396,
      21396
    ],
    [
      11397,
      31397,
      21397
    ],
    [
      11398,
      31398,
      21398
    ],
    [
      11399,
      31399,
      21399
    ],
    [
      11400,
      31400,
      21400
    ],
    [
      11401,
      31401,
      21401
    ],
    [
      11402,
      31402,
      21402
    ],
    [
      11403,
      31403,
      21403
    ],
    [
      11404,
      31404,
      21404
    ],
    [
      11405,
      31405,
      21405
    ],
    [
      11406,
      31406,
      21406
    ],
    [
      11407,
      31407,
      21407
    ],
    [
      11408,
      31408,
      21408
    ],
    [
      11409,
      31409,
      21409
    ],
    [
      11410,
      31410,
      21410
    ],
    [
      11411,
      31411,
      21411
    ],
    [
      11412,
      31412,
      21412
    ],
    [
      11413,
      31413,
      21413
    ],
    [
      11414,
      31414,
      21414
    ],
    [
      11415,
      31415,
      21415
    ],
    [
      11416,
      31416,
      21416
    ],
    [
      11417,
      31417,
      21417
    ],
    [
      11418,
      31418,
      21418
    ],
    [
      11419,
      31419,
      21419
    ],
    [
      11420,
      31420,
      21420
    ],
    [
      11421,
      31421,
      21421
    ],
    [
      11422,
      31422,
      21422
    ],
    [
      11423,
      31423,
      21423
    ],
    [
      11424,
      31424,
      21424
    ],
    [
      11425,
      31425,
      21425
    ],
    [
      11426,
      31426,
      21426
    ],
    [
      11427,
      31427,
      21427
    ],
    [
      11428,
      31428,
      21428
    ],
    [
      11429,
      31429,
      21429
    ],
    [
      11430,
      31430,
      21430
    ],
    [
      11431,
      31431,
      21431
    ],
    [
      11432,
      31432,
      21432
    ],
    [
      11433,
      31433,
      21433
    ],
    [
      11434,
      31434,
      21434
    ],
    [
      11435,
      31435,
      21435
    ],
    [
      11436,
      31436,
      21436
    ],
    [
      11437,
      31437,
      21437
    ],
    [
      11438,
      31438,
      21438
    ],
    [
      11439,
      31439,
      21439
    ],
    [
      11440,
      31440,
      21440
    ],
    [
      11441,
      31441,
      21441
    ],
    [
      11442,
      31442,
      21442
    ],
    [
      11443,
      31443,
      21443
    ],
    [
      11444,
      31444,
      21444
    ],
    [
      11445,
      31445,
      21445
    ],
    [
      11446,
      31446,
      21446
    ],
    [
      11447,
      31447,
      21447
    ],
    [
      11448,
      31448,
      21448
    ],
    [
      11449,
      31449,
      21449
    ],
    [
      11450,
      31450,
      21450
    ],
    [
      11451,
      31451,
      21451
    ],
    [
      11452,
      31452,
      21452
    ],
    [
      11453,
      31453,
      21453
    ],
    [
      11454,
      31454,
      21454
    ],
    [
      11455,
      31455,
      21455
    ],
    [
      11456,
      31456,
      21456
    ],
    [
      11457,
      31457,
      21457
    ],
    [
      11458,
      31458,
      21458
    ],
    [
      11459,
      31459,
      21459
    ],
    [
      11460,
      31460,
      21460
    ],
    [
      11461,
      31461,
      21461
    ],
    [
      11462,
      31462,
      21462
    ],
    [
      11463,
      31463,
      21463
    ],
    [
      11464,
      31464,
      21464
    ],
    [
      11465,
      31465,
      21465
    ],
    [
      11466,
      31466,
      21466
    ],
    [
      11467,
      31467,
      21467
    ],
    [
      11468,
      31468,
      21468
    ],
    [
      11469,
      31469,
      21469
    ],
    [
      11470,
      31470,
      21470
    ],
    [
      11471,
      31471,
      21471
    ],
    [
      11472,
      31472,
      21472
    ],
    [
      11473,
      31473,
      21473
    ],
    [
      11474,
      31474,
      21474
    ],
    [
      11475,
      31475,
      21475
    ],
    [
      11476,
      31476,
      21476
    ],
    [
      11477,
      31477,
      21477
    ],
    [
      11478,
      31478,
      21478
    ],
    [
      11479,
      31479,
      21479
    ],
    [
      11480,
      31480,
      21480
    ],
    [
      11481,
      31481,
      21481
    ],
    [
      11482,
      31482,
      21482
    ],
    [
      11483,
      31483,
      21483
    ],
    [
      11484,
      31484,
      21484
    ],
    [
      11485,
      31485,
      21485
    ],
    [
      11486,
      31486,
      21486
    ],
    [
      11487,
      31487,
      21487
    ],
    [
      11488,
      31488,
      21488
    ],
    [
      11489,
      31489,
      21489
    ],
    [
      11490,
      31490,
      21490
    ],
    [
      11491,
      31491,
      21491
    ],
    [
      11492,
      31492,
      21492
    ],
    [
      11493,
      31493,
      21493
    ],
    [
      11494,
      31494,
      21494
    ],
    [
      11495,
      31495,
      21495
    ],
    [
      11496,
      31496,
      21496
    ],
    [
      11497,
      31497,
      21497
    ],
    [
      11498,
      31498,
      21498
    ],
    [
      11499,
      31499,
      21499
    ],
    [
      11500,
      31500,
      21500
    ],
    [
      11501,
      31501,
      21501
    ],
    [
      11502,
      31502,
      21502
    ],
    [
      11503,
      31503,
      21503
    ],
    [
      11504,
      31504,
      21504
    ],
    [
      11505,
      31505,
      21505
    ],
    [
      11506,
      31506,
      21506
    ],
    [
      11507,
      31507,
      21507
    ],
    [
      11508,
      31508,
      21508
    ],
    [
      11509,
      31509,
      21509
    ],
    [
      11510,
      31510,
      21510
    ],
    [
      11511,
      31511,
      21511
    ],
    [
      11512,
      31512,
      21512
    ],
    [
      11513,
      31513,
      21513
    ],
    [
      11514,
      31514,
      21514
    ],
    [
      11515,
      31515,
      21515
    ],
    [
      11516,
      31516,
      21516
    ],
    [
      11517,
      31517,
      21517
    ],
    [
      11518,
      31518,
      21518
    ],
    [
      11519,
      31519,
      21519
    ],
    [
      11520,
      31520,
      21520
    ],
    [
      11521,
      31521,
      21521
    ],
    [
      11522,
      31522,
      21522
    ],
    [
      11523,
      31523,
      21523
    ],
    [
      11524,
      31524,
      21524
    ],
    [
      11525,
      31525,
      21525
    ],
    [
      11526,
      31526,
      21526
    ],
    [
      11527,
      31527,
      21527
    ],
    [
      11528,
      31528,
      21528
    ],
    [
      11529,
      31529,
      21529
    ],
    [
      11530,
      31530,
      21530
    ],
    [
      11531,
      31531,
      21531
    ],
    [
      11532,
      31532,
      21532
    ],
    [
      11533,
      31533,
      21533
    ],
    [
      11534,
      31534,
      21534
    ],
    [
      11535,
      31535,
      21535
    ],
    [
      11536,
      31536,
      21536
    ],
    [
      11537,
      31537,
      21537
    ],
    [
      11538,
      31538,
      21538
    ],
    [
      11539,
      31539,
      21539
    ],
    [
      11540,
      31540,
      21540
    ],
    [
      11541,
      31541,
      21541
    ],
    [
      11542,
      31542,
      21542
    ],
    [
      11543,
      31543,
      21543
    ],
    [
      11544,
      31544,
      21544
    ],
    [
      11545,
      31545,
      21545
    ],
    [
      11546,
      31546,
      21546
    ],
    [
      11547,
      31547,
      21547
    ],
    [
      11548,
      31548,
      21548
    ],
    [
      11549,
      31549,
      21549
    ],
    [
      11550,
      31550,
      21550
    ],
    [
      11551,
      31551,
      21551
    ],
    [
      11552,
      31552,
      21552
    ],
    [
      11553,
      31553,
      21553
    ],
    [
      11554,
      31554,
      21554
    ],
    [
      11555,
      31555,
      21555
    ],
    [
      11556,
      31556,
      21556
    ],
    [
      11557,
      31557,
      21557
    ],
    [
      11558,
      31558,
      21558
    ],
    [
      11559,
      31559,
      21559
    ],
    [
      11560,
      31560,
      21560
    ],
    [
      11561,
      31561,
      21561
    ],
    [
      11562,
      31562,
      21562
    ],
    [
      11563,
      31563,
      21563
    ],
    [
      11564,
      31564,
      21564
    ],
    [
      11565,
      31565,
      21565
    ],
    [
      11566,
      31566,
      21566
    ],
    [
      11567,
      31567,
      21567
    ],
    [
      11568,
      31568,
      21568
    ],
    [
      11569,
      31569,
      21569
    ],
    [
      11570,
      31570,
      21570
    ],
    [
      11571,
      31571,
      21571
    ],
    [
      11572,
      31572,
      21572
    ],
    [
      11573,
      31573,
      21573
    ],
    [
      11574,
      31574,
      21574
    ],
    [
      11575,
      31575,
      21575
    ],
    [
      11576,
      31576,
      21576
    ],
    [
      11577,
      31577,
      21577
    ],
    [
      11578,
      31578,
      21578
    ],
    [
      11579,
      31579,
      21579
    ],
    [
      11580,
      31580,
      21580
    ],
    [
      11581,
      31581,
      21581
    ],
    [
      11582,
      31582,
      21582
    ],
    [
      11583,
      31583,
      21583
    ],
    [
      11584,
      31584,
      21584
    ],
    [
      11585,
      31585,
      21585
    ],
    [
      11586,
      31586,
      21586
    ],
    [
      11587,
      31587,
      21587
    ],
    [
      11588,
      31588,
      21588
    ],
    [
      11589,
      31589,
      21589
    ],
    [
      11590,
      31590,
      21590
    ],
    [
      11591,
      31591,
      21591
    ],
    [
      11592,
      31592,
      21592
    ],
    [
      11593,
      31593,
      21593
    ],
    [
      11594,
      31594,
      21594
    ],
    [
      11595,
      31595,
      21595
    ],
    [
      11596,
      31596,
      21596
    ],
    [
      11597,
      31597,
      21597
    ],
    [
      11598,
      31598,
      21598
    ],
    [
      11599,
      31599,
      21599
    ],
    [
      11600,
      31600,
      21600
    ],
    [
      11601,
      31601,
      21601
    ],
    [
      11602,
      31602,
      21602
    ],
    [
      11603,
      31603,
      21603
    ],
    [
      11604,
      31604,
      21604
    ],
    [
      11605,
      31605,
      21605
    ],
    [
      11606,
      31606,
      21606
    ],
    [
      11607,
      31607,
      21607
    ],
    [
      11608,
      31608,
      21608
    ],
    [
      11609,
      31609,
      21609
    ],
    [
      11610,
      31610,
      21610
    ],
    [
      11611,
      31611,
      21611
    ],
    [
      11612,
      31612,
      21612
    ],
    [
      11613,
      31613,
      21613
    ],
    [
      11614,
      31614,
      21614
    ],
    [
      11615,
      31615,
      21615
    ],
    [
      11616,
      31616,
      21616
    ],
    [
      11617,
      31617,
      21617
    ],
    [
      11618,
      31618,
      21618
    ],
    [
      11619,
      31619,
      21619
    ],
    [
      11620,
      31620,
      21620
    ],
    [
      11621,
      31621,
      21621
    ],
    [
      11622,
      31622,
      21622
    ],
    [
      11623,
      31623,
      21623
    ],
    [
      11624,
      31624,
      21624
    ],
    [
      11625,
      31625,
      21625
    ],
    [
      11626,
      31626,
      21626
    ],
    [
      11627,
      31627,
      21627
    ],
    [
      11628,
      31628,
      21628
    ],
    [
      11629,
      31629,
      21629
    ],
    [
      11630,
      31630,
      21630
    ],
    [
      11631,
      31631,
      21631
    ],
    [
      11632,
      31632,
      21632
    ],
    [
      11633,
      31633,
      21633
    ],
    [
      11634,
      31634,
      21634
    ],
    [
      11635,
      31635,
      21635
    ],
    [
      11636,
      31636,
      21636
    ],
    [
      11637,
      31637,
      21637
    ],
    [
      11638,
      31638,
      21638
    ],
    [
      11639,
      31639,
      21639
    ],
    [
      11640,
      31640,
      21640
    ],
    [
      11641,
      31641,
      21641
    ],
    [
      11642,
      31642,
      21642
    ],
    [
      11643,
      31643,
      21643
    ],
    [
      11644,
      31644,
      21644
    ],
    [
      11645,
      31645,
      21645
    ],
    [
      11646,
      31646,
      21646
    ],
    [
      11647,
      31647,
      21647
    ],
    [
      11648,
      31648,
      21648
    ],
    [
      11649,
      31649,
      21649
    ],
    [
      11650,
      31650,
      21650
    ],
    [
      11651,
      31651,
      21651
    ],
    [
      11652,
      31652,
      21652
    ],
    [
      11653,
      31653,
      21653
    ],
    [
      11654,
      31654,
      21654
    ],
    [
      11655,
      31655,
      21655
    ],
    [
      11656,
      31656,
      21656
    ],
    [
      11657,
      31657,
      21657
    ],
    [
      11658,
      31658,
      21658
    ],
    [
      11659,
      31659,
      21659
    ],
    [
      11660,
      31660,
      21660
    ],
    [
      11661,
      31661,
      21661
    ],
    [
      11662,
      31662,
      21662
    ],
    [
      11663,
      31663,
      21663
    ],
    [
      11664,
      31664,
      21664
    ],
    [
      11665,
      31665,
      21665
    ],
    [
      11666,
      31666,
      21666
    ],
    [
      11667,
      31667,
      21667
    ],
    [
      11668,
      31668,
      21668
    ],
    [
      11669,
      31669,
      21669
    ],
    [
      11670,
      31670,
      21670
    ],
    [
      11671,
      31671,
      21671
    ],
    [
      11672,
      31672,
      21672
    ],
    [
      11673,
      31673,
      21673
    ],
    [
      11674,
      31674,
      21674
    ],
    [
      11675,
      31675,
      21675
    ],
    [
      11676,
      31676,
      21676
    ],
    [
      11677,
      31677,
      21677
    ],
    [
      11678,
      31678,
      21678
    ],
    [
      11679,
      31679,
      21679
    ],
    [
      11680,
      31680,
      21680
    ],
    [
      11681,
      31681,
      21681
    ],
    [
      11682,
      31682,
      21682
    ],
    [
      11683,
      31683,
      21683
    ],
    [
      11684,
      31684,
      21684
    ],
    [
      11685,
      31685,
      21685
    ],
    [
      11686,
      31686,
      21686
    ],
    [
      11687,
      31687,
      21687
    ],
    [
      11688,
      31688,
      21688
    ],
    [
      11689,
      31689,
      21689
    ],
    [
      11690,
      31690,
      21690
    ],
    [
      11691,
      31691,
      21691
    ],
    [
      11692,
      31692,
      21692
    ],
    [
      11693,
      31693,
      21693
    ],
    [
      11694,
      31694,
      21694
    ],
    [
      11695,
      31695,
      21695
    ],
    [
      11696,
      31696,
      21696
    ],
    [
      11697,
      31697,
      21697
    ],
    [
      11698,
      31698,
      21698
    ],
    [
      11699,
      31699,
      21699
    ],
    [
      11700,
      31700,
      21700
    ],
    [
      11701,
      31701,
      21701
    ],
    [
      11702,
      31702,
      21702
    ],
    [
      11703,
      31703,
      21703
    ],
    [
      11704,
      31704,
      21704
    ],
    [
      11705,
      31705,
      21705
    ],
    [
      11706,
      31706,
      21706
    ],
    [
      11707,
      31707,
      21707
    ],
    [
      11708,
      31708,
      21708
    ],
    [
      11709,
      31709,
      21709
    ],
    [
      11710,
      31710,
      21710
    ],
    [
      11711,
      31711,
      21711
    ],
    [
      11712,
      31712,
      21712
    ],
    [
      11713,
      31713,
      21713
    ],
    [
      11714,
      31714,
      21714
    ],
    [
      11715,
      31715,
      21715
    ],
    [
      11716,
      31716,
      21716
    ],
    [
      11717,
      31717,
      21717
    ],
    [
      11718,
      31718,
      21718
    ],
    [
      11719,
      31719,
      21719
    ],
    [
      11720,
      31720,
      21720
    ],
    [
      11721,
      31721,
      21721
    ],
    [
      11722,
      31722,
      21722
    ],
    [
      11723,
      31723,
      21723
    ],
    [
      11724,
      31724,
      21724
    ],
    [
      11725,
      31725,
      21725
    ],
    [
      11726,
      31726,
      21726
    ],
    [
      11727,
      31727,
      21727
    ],
    [
      11728,
      31728,
      21728
    ],
    [
      11729,
      31729,
      21729
    ],
    [
      11730,
      31730,
      21730
    ],
    [
      11731,
      31731,
      21731
    ],
    [
      11732,
      31732,
      21732
    ],
    [
      11733,
      31733,
      21733
    ],
    [
      11734,
      31734,
      21734
    ],
    [
      11735,
      31735,
      21735
    ],
    [
      11736,
      31736,
      21736
    ],
    [
      11737,
      31737,
      21737
    ],
    [
      11738,
      31738,
      21738
    ],
    [
      11739,
      31739,
      21739
    ],
    [
      11740,
      31740,
      21740
    ],
    [
      11741,
      31741,
      21741
    ],
    [
      11742,
      31742,
      21742
    ],
    [
      11743,
      31743,
      21743
    ],
    [
      11744,
      31744,
      21744
    ],
    [
      11745,
      31745,
      21745
    ],
    [
      11746,
      31746,
      21746
    ],
    [
      11747,
      31747,
      21747
    ],
    [
      11748,
      31748,
      21748
    ],
    [
      11749,
      31749,
      21749
    ],
    [
      11750,
      31750,
      21750
    ],
    [
      11751,
      31751,
      21751
    ],
    [
      11752,
      31752,
      21752
    ],
    [
      11753,
      31753,
      21753
    ],
    [
      11754,
      31754,
      21754
    ],
    [
      11755,
      31755,
      21755
    ],
    [
      11756,
      31756,
      21756
    ],
    [
      11757,
      31757,
      21757
    ],
    [
      11758,
      31758,
      21758
    ],
    [
      11759,
      31759,
      21759
    ],
    [
      11760,
      31760,
      21760
    ],
    [
      11761,
      31761,
      21761
    ],
    [
      11762,
      31762,
      21762
    ],
    [
      11763,
      31763,
      21763
    ],
    [
      11764,
      31764,
      21764
    ],
    [
      11765,
      31765,
      21765
    ],
    [
      11766,
      31766,
      21766
    ],
    [
      11767,
      31767,
      21767
    ],
    [
      11768,
      31768,
      21768
    ],
    [
      11769,
      31769,
      21769
    ],
    [
      11770,
      31770,
      21770
    ],
    [
      11771,
      31771,
      21771
    ],
    [
      11772,
      31772,
      21772
    ],
    [
      11773,
      31773,
      21773
    ],
    [
      11774,
      31774,
      21774
    ],
    [
      11775,
      31775,
      21775
    ],
    [
      11776,
      31776,
      21776
    ],
    [
      11777,
      31777,
      21777
    ],
    [
      11778,
      31778,
      21778
    ],
    [
      11779,
      31779,
      21779
    ],
    [
      11780,
      31780,
      21780
    ],
    [
      11781,
      31781,
      21781
    ],
    [
      11782,
      31782,
      21782
    ],
    [
      11783,
      31783,
      21783
    ],
    [
      11784,
      31784,
      21784
    ],
    [
      11785,
      31785,
      21785
    ],
    [
      11786,
      31786,
      21786
    ],
    [
      11787,
      31787,
      21787
    ],
    [
      11788,
      31788,
      21788
    ],
    [
      11789,
      31789,
      21789
    ],
    [
      11790,
      31790,
      21790
    ],
    [
      11791,
      31791,
      21791
    ],
    [
      11792,
      31792,
      21792
    ],
    [
      11793,
      31793,
      21793
    ],
    [
      11794,
      31794,
      21794
    ],
    [
      11795,
      31795,
      21795
    ],
    [
      11796,
      31796,
      21796
    ],
    [
      11797,
      31797,
      21797
    ],
    [
      11798,
      31798,
      21798
    ],
    [
      11799,
      31799,
      21799
    ],
    [
      11800,
      31800,
      21800
    ],
    [
      11801,
      31801,
      21801
    ],
    [
      11802,
      31802,
      21802
    ],
    [
      11803,
      31803,
      21803
    ],
    [
      11804,
      31804,
      21804
    ],
    [
      11805,
      31805,
      21805
    ],
    [
      11806,
      31806,
      21806
    ],
    [
      11807,
      31807,
      21807
    ],
    [
      11808,
      31808,
      21808
    ],
    [
      11809,
      31809,
      21809
    ],
    [
      11810,
      31810,
      21810
    ],
    [
      11811,
      31811,
      21811
    ],
    [
      11812,
      31812,
      21812
    ],
    [
      11813,
      31813,
      21813
    ],
    [
      11814,
      31814,
      21814
    ],
    [
      11815,
      31815,
      21815
    ],
    [
      11816,
      31816,
      21816
    ],
    [
      11817,
      31817,
      21817
    ],
    [
      11818,
      31818,
      21818
    ],
    [
      11819,
      31819,
      21819
    ],
    [
      11820,
      31820,
      21820
    ],
    [
      11821,
      31821,
      21821
    ],
    [
      11822,
      31822,
      21822
    ],
    [
      11823,
      31823,
      21823
    ],
    [
      11824,
      31824,
      21824
    ],
    [
      11825,
      31825,
      21825
    ],
    [
      11826,
      31826,
      21826
    ],
    [
      11827,
      31827,
      21827
    ],
    [
      11828,
      31828,
      21828
    ],
    [
      11829,
      31829,
      21829
    ],
    [
      11830,
      31830,
      21830
    ],
    [
      11831,
      31831,
      21831
    ],
    [
      11832,
      31832,
      21832
    ],
    [
      11833,
      31833,
      21833
    ],
    [
      11834,
      31834,
      21834
    ],
    [
      11835,
      31835,
      21835
    ],
    [
      11836,
      31836,
      21836
    ],
    [
      11837,
      31837,
      21837
    ],
    [
      11838,
      31838,
      21838
    ],
    [
      11839,
      31839,
      21839
    ],
    [
      11840,
      31840,
      21840
    ],
    [
      11841,
      31841,
      21841
    ],
    [
      11842,
      31842,
      21842
    ],
    [
      11843,
      31843,
      21843
    ],
    [
      11844,
      31844,
      21844
    ],
    [
      11845,
      31845,
      21845
    ],
    [
      11846,
      31846,
      21846
    ],
    [
      11847,
      31847,
      21847
    ],
    [
      11848,
      31848,
      21848
    ],
    [
      11849,
      31849,
      21849
    ],
    [
      11850,
      31850,
      21850
    ],
    [
      11851,
      31851,
      21851
    ],
    [
      11852,
      31852,
      21852
    ],
    [
      11853,
      31853,
      21853
    ],
    [
      11854,
      31854,
      21854
    ],
    [
      11855,
      31855,
      21855
    ],
    [
      11856,
      31856,
      21856
    ],
    [
      11857,
      31857,
      21857
    ],
    [
      11858,
      31858,
      21858
    ],
    [
      11859,
      31859,
      21859
    ],
    [
      11860,
      31860,
      21860
    ],
    [
      11861,
      31861,
      21861
    ],
    [
      11862,
      31862,
      21862
    ],
    [
      11863,
      31863,
      21863
    ],
    [
      11864,
      31864,
      21864
    ],
    [
      11865,
      31865,
      21865
    ],
    [
      11866,
      31866,
      21866
    ],
    [
      11867,
      31867,
      21867
    ],
    [
      11868,
      31868,
      21868
    ],
    [
      11869,
      31869,
      21869
    ],
    [
      11870,
      31870,
      21870
    ],
    [
      11871,
      31871,
      21871
    ],
    [
      11872,
      31872,
      21872
    ],
    [
      11873,
      31873,
      21873
    ],
    [
      11874,
      31874,
      21874
    ],
    [
      11875,
      31875,
      21875
    ],
    [
      11876,
      31876,
      21876
    ],
    [
      11877,
      31877,
      21877
    ],
    [
      11878,
      31878,
      21878
    ],
    [
      11879,
      31879,
      21879
    ],
    [
      11880,
      31880,
      21880
    ],
    [
      11881,
      31881,
      21881
    ],
    [
      11882,
      31882,
      21882
    ],
    [
      11883,
      31883,
      21883
    ],
    [
      11884,
      31884,
      21884
    ],
    [
      11885,
      31885,
      21885
    ],
    [
      11886,
      31886,
      21886
    ],
    [
      11887,
      31887,
      21887
    ],
    [
      11888,
      31888,
      21888
    ],
    [
      11889,
      31889,
      21889
    ],
    [
      11890,
      31890,
      21890
    ],
    [
      11891,
      31891,
      21891
    ],
    [
      11892,
      31892,
      21892
    ],
    [
      11893,
      31893,
      21893
    ],
    [
      11894,
      31894,
      21894
    ],
    [
      11895,
      31895,
      21895
    ],
    [
      11896,
      31896,
      21896
    ],
    [
      11897,
      31897,
      21897
    ],
    [
      11898,
      31898,
      21898
    ],
    [
      11899,
      31899,
      21899
    ],
    [
      11900,
      31900,
      21900
    ],
    [
      11901,
      31901,
      21901
    ],
    [
      11902,
      31902,
      21902
    ],
    [
      11903,
      31903,
      21903
    ],
    [
      11904,
      31904,
      21904
    ],
    [
      11905,
      31905,
      21905
    ],
    [
      11906,
      31906,
      21906
    ],
    [
      11907,
      31907,
      21907
    ],
    [
      11908,
      31908,
      21908
    ],
    [
      11909,
      31909,
      21909
    ],
    [
      11910,
      31910,
      21910
    ],
    [
      11911,
      31911,
      21911
    ],
    [
      11912,
      31912,
      21912
    ],
    [
      11913,
      31913,
      21913
    ],
    [
      11914,
      31914,
      21914
    ],
    [
      11915,
      31915,
      21915
    ],
    [
      11916,
      31916,
      21916
    ],
    [
      11917,
      31917,
      21917
    ],
    [
      11918,
      31918,
      21918
    ],
    [
      11919,
      31919,
      21919
    ],
    [
      11920,
      31920,
      21920
    ],
    [
      11921,
      31921,
      21921
    ],
    [
      11922,
      31922,
      21922
    ],
    [
      11923,
      31923,
      21923
    ],
    [
      11924,
      31924,
      21924
    ],
    [
      11925,
      31925,
      21925
    ],
    [
      11926,
      31926,
      21926
    ],
    [
      11927,
      31927,
      21927
    ],
    [
      11928,
      31928,
      21928
    ],
    [
      11929,
      31929,
      21929
    ],
    [
      11930,
      31930,
      21930
    ],
    [
      11931,
      31931,
      21931
    ],
    [
      11932,
      31932,
      21932
    ],
    [
      11933,
      31933,
      21933
    ],
    [
      11934,
      31934,
      21934
    ],
    [
      11935,
      31935,
      21935
    ],
    [
      11936,
      31936,
      21936
    ],
    [
      11937,
      31937,
      21937
    ],
    [
      11938,
      31938,
      21938
    ],
    [
      11939,
      31939,
      21939
    ],
    [
      11940,
      31940,
      21940
    ],
    [
      11941,
      31941,
      21941
    ],
    [
      11942,
      31942,
      21942
    ],
    [
      11943,
      31943,
      21943
    ],
    [
      11944,
      31944,
      21944
    ],
    [
      11945,
      31945,
      21945
    ],
    [
      11946,
      31946,
      21946
    ],
    [
      11947,
      31947,
      21947
    ],
    [
      11948,
      31948,
      21948
    ],
    [
      11949,
      31949,
      21949
    ],
    [
      11950,
      31950,
      21950
    ],
    [
      11951,
      31951,
      21951
    ],
    [
      11952,
      31952,
      21952
    ],
    [
      11953,
      31953,
      21953
    ],
    [
      11954,
      31954,
      21954
    ],
    [
      11955,
      31955,
      21955
    ],
    [
      11956,
      31956,
      21956
    ],
    [
      11957,
      31957,
      21957
    ],
    [
      11958,
      31958,
      21958
    ],
    [
      11959,
      31959,
      21959
    ],
    [
      11960,
      31960,
      21960
    ],
    [
      11961,
      31961,
      21961
    ],
    [
      11962,
      31962,
      21962
    ],
    [
      11963,
      31963,
      21963
    ],
    [
      11964,
      31964,
      21964
    ],
    [
      11965,
      31965,
      21965
    ],
    [
      11966,
      31966,
      21966
    ],
    [
      11967,
      31967,
      21967
    ],
    [
      11968,
      31968,
      21968
    ],
    [
      11969,
      31969,
      21969
    ],
    [
      11970,
      31970,
      21970
    ],
    [
      11971,
      31971,
      21971
    ],
    [
      11972,
      31972,
      21972
    ],
    [
      11973,
      31973,
      21973
    ],
    [
      11974,
      31974,
      21974
    ],
    [
      11975,
      31975,
      21975
    ],
    [
      11976,
      31976,
      21976
    ],
    [
      11977,
      31977,
      21977
    ],
    [
      11978,
      31978,
      21978
    ],
    [
      11979,
      31979,
      21979
    ],
    [
      11980,
      31980,
      21980
    ],
    [
      11981,
      31981,
      21981
    ],
    [
      11982,
      31982,
      21982
    ],
    [
      11983,
      31983,
      21983
    ],
    [
      11984,
      31984,
      21984
    ],
    [
      11985,
      31985,
      21985
    ],
    [
      11986,
      31986,
      21986
    ],
    [
      11987,
      31987,
      21987
    ],
    [
      11988,
      31988,
      21988
    ],
    [
      11989,
      31989,
      21989
    ],
    [
      11990,
      31990,
      21990
    ],
    [
      11991,
      31991,
      21991
    ],
    [
      11992,
      31992,
      21992
    ],
    [
      11993,
      31993,
      21993
    ],
    [
      11994,
      31994,
      21994
    ],
    [
      11995,
      31995,
      21995
    ],
    [
      11996,
      31996,
      21996
    ],
    [
      11997,
      31997,
      21997
    ],
    [
      11998,
      31998,
      21998
    ],
    [
      11999,
      31999,
      21999
    ],
    [
      12000,
      32000,
      22000
    ],
    [
      12001,
      32001,
      22001
    ],
    [
      12002,
      32002,
      22002
    ],
    [
      12003,
      32003,
      22003
    ],
    [
      12004,
      32004,
      22004
    ],
    [
      12005,
      32005,
      22005
    ],
    [
      12006,
      32006,
      22006
    ],
    [
      12007,
      32007,
      22007
    ],
    [
      12008,
      32008,
      22008
    ],
    [
      12009,
      32009,
      22009
    ],
    [
      12010,
      32010,
      22010
    ],
    [
      12011,
      32011,
      22011
    ],
    [
      12012,
      32012,
      22012
    ],
    [
      12013,
      32013,
      22013
    ],
    [
      12014,
      32014,
      22014
    ],
    [
      12015,
      32015,
      22015
    ],
    [
      12016,
      32016,
      22016
    ],
    [
      12017,
      32017,
      22017
    ],
    [
      12018,
      32018,
      22018
    ],
    [
      12019,
      32019,
      22019
    ],
    [
      12020,
      32020,
      22020
    ],
    [
      12021,
      32021,
      22021
    ],
    [
      12022,
      32022,
      22022
    ],
    [
      12023,
      32023,
      22023
    ],
    [
      12024,
      32024,
      22024
    ],
    [
      12025,
      32025,
      22025
    ],
    [
      12026,
      32026,
      22026
    ],
    [
      12027,
      32027,
      22027
    ],
    [
      12028,
      32028,
      22028
    ],
    [
      12029,
      32029,
      22029
    ],
    [
      12030,
      32030,
      22030
    ],
    [
      12031,
      32031,
      22031
    ],
    [
      12032,
      32032,
      22032
    ],
    [
      12033,
      32033,
      22033
    ],
    [
      12034,
      32034,
      22034
    ],
    [
      12035,
      32035,
      22035
    ],
    [
      12036,
      32036,
      22036
    ],
    [
      12037,
      32037,
      22037
    ],
    [
      12038,
      32038,
      22038
    ],
    [
      12039,
      32039,
      22039
    ],
    [
      12040,
      32040,
      22040
    ],
    [
      12041,
      32041,
      22041
    ],
    [
      12042,
      32042,
      22042
    ],
    [
      12043,
      32043,
      22043
    ],
    [
      12044,
      32044,
      22044
    ],
    [
      12045,
      32045,
      22045
    ],
    [
      12046,
      32046,
      22046
    ],
    [
      12047,
      32047,
      22047
    ],
    [
      12048,
      32048,
      22048
    ],
    [
      12049,
      32049,
      22049
    ],
    [
      12050,
      32050,
      22050
    ],
    [
      12051,
      32051,
      22051
    ],
    [
      12052,
      32052,
      22052
    ],
    [
      12053,
      32053,
      22053
    ],
    [
      12054,
      32054,
      22054
    ],
    [
      12055,
      32055,
      22055
    ],
    [
      12056,
      32056,
      22056
    ],
    [
      12057,
      32057,
      22057
    ],
    [
      12058,
      32058,
      22058
    ],
    [
      12059,
      32059,
      22059
    ],
    [
      12060,
      32060,
      22060
    ],
    [
      12061,
      32061,
      22061
    ],
    [
      12062,
      32062,
      22062
    ],
    [
      12063,
      32063,
      22063
    ],
    [
      12064,
      32064,
      22064
    ],
    [
      12065,
      32065,
      22065
    ],
    [
      12066,
      32066,
      22066
    ],
    [
      12067,
      32067,
      22067
    ],
    [
      12068,
      32068,
      22068
    ],
    [
      12069,
      32069,
      22069
    ],
    [
      12070,
      32070,
      22070
    ],
    [
      12071,
      32071,
      22071
    ],
    [
      12072,
      32072,
      22072
    ],
    [
      12073,
      32073,
      22073
    ],
    [
      12074,
      32074,
      22074
    ],
    [
      12075,
      32075,
      22075
    ],
    [
      12076,
      32076,
      22076
    ],
    [
      12077,
      32077,
      22077
    ],
    [
      12078,
      32078,
      22078
    ],
    [
      12079,
      32079,
      22079
    ],
    [
      12080,
      32080,
      22080
    ],
    [
      12081,
      32081,
      22081
    ],
    [
      12082,
      32082,
      22082
    ],
    [
      12083,
      32083,
      22083
    ],
    [
      12084,
      32084,
      22084
    ],
    [
      12085,
      32085,
      22085
    ],
    [
      12086,
      32086,
      22086
    ],
    [
      12087,
      32087,
      22087
    ],
    [
      12088,
      32088,
      22088
    ],
    [
      12089,
      32089,
      22089
    ],
    [
      12090,
      32090,
      22090
    ],
    [
      12091,
      32091,
      22091
    ],
    [
      12092,
      32092,
      22092
    ],
    [
      12093,
      32093,
      22093
    ],
    [
      12094,
      32094,
      22094
    ],
    [
      12095,
      32095,
      22095
    ],
    [
      12096,
      32096,
      22096
    ],
    [
      12097,
      32097,
      22097
    ],
    [
      12098,
      32098,
      22098
    ],
    [
      12099,
      32099,
      22099
    ],
    [
      12100,
      32100,
      22100
    ],
    [
      12101,
      32101,
      22101
    ],
    [
      12102,
      32102,
      22102
    ],
    [
      12103,
      32103,
      22103
    ],
    [
      12104,
      32104,
      22104
    ],
    [
      12105,
      32105,
      22105
    ],
    [
      12106,
      32106,
      22106
    ],
    [
      12107,
      32107,
      22107
    ],
    [
      12108,
      32108,
      22108
    ],
    [
      12109,
      32109,
      22109
    ],
    [
      12110,
      32110,
      22110
    ],
    [
      12111,
      32111,
      22111
    ],
    [
      12112,
      32112,
      22112
    ],
    [
      12113,
      32113,
      22113
    ],
    [
      12114,
      32114,
      22114
    ],
    [
      12115,
      32115,
      22115
    ],
    [
      12116,
      32116,
      22116
    ],
    [
      12117,
      32117,
      22117
    ],
    [
      12118,
      32118,
      22118
    ],
    [
      12119,
      32119,
      22119
    ],
    [
      12120,
      32120,
      22120
    ],
    [
      12121,
      32121,
      22121
    ],
    [
      12122,
      32122,
      22122
    ],
    [
      12123,
      32123,
      22123
    ],
    [
      12124,
      32124,
      22124
    ],
    [
      12125,
      32125,
      22125
    ],
    [
      12126,
      32126,
      22126
    ],
    [
      12127,
      32127,
      22127
    ],
    [
      12128,
      32128,
      22128
    ],
    [
      12129,
      32129,
      22129
    ],
    [
      12130,
      32130,
      22130
    ],
    [
      12131,
      32131,
      22131
    ],
    [
      12132,
      32132,
      22132
    ],
    [
      12133,
      32133,
      22133
    ],
    [
      12134,
      32134,
      22134
    ],
    [
      12135,
      32135,
      22135
    ],
    [
      12136,
      32136,
      22136
    ],
    [
      12137,
      32137,
      22137
    ],
    [
      12138,
      32138,
      22138
    ],
    [
      12139,
      32139,
      22139
    ],
    [
      12140,
      32140,
      22140
    ],
    [
      12141,
      32141,
      22141
    ],
    [
      12142,
      32142,
      22142
    ],
    [
      12143,
      32143,
      22143
    ],
    [
      12144,
      32144,
      22144
    ],
    [
      12145,
      32145,
      22145
    ],
    [
      12146,
      32146,
      22146
    ],
    [
      12147,
      32147,
      22147
    ],
    [
      12148,
      32148,
      22148
    ],
    [
      12149,
      32149,
      22149
    ],
    [
      12150,
      32150,
      22150
    ],
    [
      12151,
      32151,
      22151
    ],
    [
      12152,
      32152,
      22152
    ],
    [
      12153,
      32153,
      22153
    ],
    [
      12154,
      32154,
      22154
    ],
    [
      12155,
      32155,
      22155
    ],
    [
      12156,
      32156,
      22156
    ],
    [
      12157,
      32157,
      22157
    ],
    [
      12158,
      32158,
      22158
    ],
    [
      12159,
      32159,
      22159
    ],
    [
      12160,
      32160,
      22160
    ],
    [
      12161,
      32161,
      22161
    ],
    [
      12162,
      32162,
      22162
    ],
    [
      12163,
      32163,
      22163
    ],
    [
      12164,
      32164,
      22164
    ],
    [
      12165,
      32165,
      22165
    ],
    [
      12166,
      32166,
      22166
    ],
    [
      12167,
      32167,
      22167
    ],
    [
      12168,
      32168,
      22168
    ],
    [
      12169,
      32169,
      22169
    ],
    [
      12170,
      32170,
      22170
    ],
    [
      12171,
      32171,
      22171
    ],
    [
      12172,
      32172,
      22172
    ],
    [
      12173,
      32173,
      22173
    ],
    [
      12174,
      32174,
      22174
    ],
    [
      12175,
      32175,
      22175
    ],
    [
      12176,
      32176,
      22176
    ],
    [
      12177,
      32177,
      22177
    ],
    [
      12178,
      32178,
      22178
    ],
    [
      12179,
      32179,
      22179
    ],
    [
      12180,
      32180,
      22180
    ],
    [
      12181,
      32181,
      22181
    ],
    [
      12182,
      32182,
      22182
    ],
    [
      12183,
      32183,
      22183
    ],
    [
      12184,
      32184,
      22184
    ],
    [
      12185,
      32185,
      22185
    ],
    [
      12186,
      32186,
      22186
    ],
    [
      12187,
      32187,
      22187
    ],
    [
      12188,
      32188,
      22188
    ],
    [
      12189,
      32189,
      22189
    ],
    [
      12190,
      32190,
      22190
    ],
    [
      12191,
      32191,
      22191
    ],
    [
      12192,
      32192,
      22192
    ],
    [
      12193,
      32193,
      22193
    ],
    [
      12194,
      32194,
      22194
    ],
    [
      12195,
      32195,
      22195
    ],
    [
      12196,
      32196,
      22196
    ],
    [
      12197,
      32197,
      22197
    ],
    [
      12198,
      32198,
      22198
    ],
    [
      12199,
      32199,
      22199
    ],
    [
      12200,
      32200,
      22200
    ],
    [
      12201,
      32201,
      22201
    ],
    [
      12202,
      32202,
      22202
    ],
    [
      12203,
      32203,
      22203
    ],
    [
      12204,
      32204,
      22204
    ],
    [
      12205,
      32205,
      22205
    ],
    [
      12206,
      32206,
      22206
    ],
    [
      12207,
      32207,
      22207
    ],
    [
      12208,
      32208,
      22208
    ],
    [
      12209,
      32209,
      22209
    ],
    [
      12210,
      32210,
      22210
    ],
    [
      12211,
      32211,
      22211
    ],
    [
      12212,
      32212,
      22212
    ],
    [
      12213,
      32213,
      22213
    ],
    [
      12214,
      32214,
      22214
    ],
    [
      12215,
      32215,
      22215
    ],
    [
      12216,
      32216,
      22216
    ],
    [
      12217,
      32217,
      22217
    ],
    [
      12218,
      32218,
      22218
    ],
    [
      12219,
      32219,
      22219
    ],
    [
      12220,
      32220,
      22220
    ],
    [
      12221,
      32221,
      22221
    ],
    [
      12222,
      32222,
      22222
    ],
    [
      12223,
      32223,
      22223
    ],
    [
      12224,
      32224,
      22224
    ],
    [
      12225,
      32225,
      22225
    ],
    [
      12226,
      32226,
      22226
    ],
    [
      12227,
      32227,
      22227
    ],
    [
      12228,
      32228,
      22228
    ],
    [
      12229,
      32229,
      22229
    ],
    [
      12230,
      32230,
      22230
    ],
    [
      12231,
      32231,
      22231
    ],
    [
      12232,
      32232,
      22232
    ],
    [
      12233,
      32233,
      22233
    ],
    [
      12234,
      32234,
      22234
    ],
    [
      12235,
      32235,
      22235
    ],
    [
      12236,
      32236,
      22236
    ],
    [
      12237,
      32237,
      22237
    ],
    [
      12238,
      32238,
      22238
    ],
    [
      12239,
      32239,
      22239
    ],
    [
      12240,
      32240,
      22240
    ],
    [
      12241,
      32241,
      22241
    ],
    [
      12242,
      32242,
      22242
    ],
    [
      12243,
      32243,
      22243
    ],
    [
      12244,
      32244,
      22244
    ],
    [
      12245,
      32245,
      22245
    ],
    [
      12246,
      32246,
      22246
    ],
    [
      12247,
      32247,
      22247
    ],
    [
      12248,
      32248,
      22248
    ],
    [
      12249,
      32249,
      22249
    ],
    [
      12250,
      32250,
      22250
    ],
    [
      12251,
      32251,
      22251
    ],
    [
      12252,
      32252,
      22252
    ],
    [
      12253,
      32253,
      22253
    ],
    [
      12254,
      32254,
      22254
    ],
    [
      12255,
      32255,
      22255
    ],
    [
      12256,
      32256,
      22256
    ],
    [
      12257,
      32257,
      22257
    ],
    [
      12258,
      32258,
      22258
    ],
    [
      12259,
      32259,
      22259
    ],
    [
      12260,
      32260,
      22260
    ],
    [
      12261,
      32261,
      22261
    ],
    [
      12262,
      32262,
      22262
    ],
    [
      12263,
      32263,
      22263
    ],
    [
      12264,
      32264,
      22264
    ],
    [
      12265,
      32265,
      22265
    ],
    [
      12266,
      32266,
      22266
    ],
    [
      12267,
      32267,
      22267
    ],
    [
      12268,
      32268,
      22268
    ],
    [
      12269,
      32269,
      22269
    ],
    [
      12270,
      32270,
      22270
    ],
    [
      12271,
      32271,
      22271
    ],
    [
      12272,
      32272,
      22272
    ],
    [
      12273,
      32273,
      22273
    ],
    [
      12274,
      32274,
      22274
    ],
    [
      12275,
      32275,
      22275
    ],
    [
      12276,
      32276,
      22276
    ],
    [
      12277,
      32277,
      22277
    ],
    [
      12278,
      32278,
      22278
    ],
    [
      12279,
      32279,
      22279
    ],
    [
      12280,
      32280,
      22280
    ],
    [
      12281,
      32281,
      22281
    ],
    [
      12282,
      32282,
      22282
    ],
    [
      12283,
      32283,
      22283
    ],
    [
      12284,
      32284,
      22284
    ],
    [
      12285,
      32285,
      22285
    ],
    [
      12286,
      32286,
      22286
    ],
    [
      12287,
      32287,
      22287
    ],
    [
      12288,
      32288,
      22288
    ],
    [
      12289,
      32289,
      22289
    ],
    [
      12290,
      32290,
      22290
    ],
    [
      12291,
      32291,
      22291
    ],
    [
      12292,
      32292,
      22292
    ],
    [
      12293,
      32293,
      22293
    ],
    [
      12294,
      32294,
      22294
    ],
    [
      12295,
      32295,
      22295
    ],
    [
      12296,
      32296,
      22296
    ],
    [
      12297,
      32297,
      22297
    ],
    [
      12298,
      32298,
      22298
    ],
    [
      12299,
      32299,
      22299
    ],
    [
      12300,
      32300,
      22300
    ],
    [
      12301,
      32301,
      22301
    ],
    [
      12302,
      32302,
      22302
    ],
    [
      12303,
      32303,
      22303
    ],
    [
      12304,
      32304,
      22304
    ],
    [
      12305,
      32305,
      22305
    ],
    [
      12306,
      32306,
      22306
    ],
    [
      12307,
      32307,
      22307
    ],
    [
      12308,
      32308,
      22308
    ],
    [
      12309,
      32309,
      22309
    ],
    [
      12310,
      32310,
      22310
    ],
    [
      12311,
      32311,
      22311
    ],
    [
      12312,
      32312,
      22312
    ],
    [
      12313,
      32313,
      22313
    ],
    [
      12314,
      32314,
      22314
    ],
    [
      12315,
      32315,
      22315
    ],
    [
      12316,
      32316,
      22316
    ],
    [
      12317,
      32317,
      22317
    ],
    [
      12318,
      32318,
      22318
    ],
    [
      12319,
      32319,
      22319
    ],
    [
      12320,
      32320,
      22320
    ],
    [
      12321,
      32321,
      22321
    ],
    [
      12322,
      32322,
      22322
    ],
    [
      12323,
      32323,
      22323
    ],
    [
      12324,
      32324,
      22324
    ],
    [
      12325,
      32325,
      22325
    ],
    [
      12326,
      32326,
      22326
    ],
    [
      12327,
      32327,
      22327
    ],
    [
      12328,
      32328,
      22328
    ],
    [
      12329,
      32329,
      22329
    ],
    [
      12330,
      32330,
      22330
    ],
    [
      12331,
      32331,
      22331
    ],
    [
      12332,
      32332,
      22332
    ],
    [
      12333,
      32333,
      22333
    ],
    [
      12334,
      32334,
      22334
    ],
    [
      12335,
      32335,
      22335
    ],
    [
      12336,
      32336,
      22336
    ],
    [
      12337,
      32337,
      22337
    ],
    [
      12338,
      32338,
      22338
    ],
    [
      12339,
      32339,
      22339
    ],
    [
      12340,
      32340,
      22340
    ],
    [
      12341,
      32341,
      22341
    ],
    [
      12342,
      32342,
      22342
    ],
    [
      12343,
      32343,
      22343
    ],
    [
      12344,
      32344,
      22344
    ],
    [
      12345,
      32345,
      22345
    ],
    [
      12346,
      32346,
      22346
    ],
    [
      12347,
      32347,
      22347
    ],
    [
      12348,
      32348,
      22348
    ],
    [
      12349,
      32349,
      22349
    ],
    [
      12350,
      32350,
      22350
    ],
    [
      12351,
      32351,
      22351
    ],
    [
      12352,
      32352,
      22352
    ],
    [
      12353,
      32353,
      22353
    ],
    [
      12354,
      32354,
      22354
    ],
    [
      12355,
      32355,
      22355
    ],
    [
      12356,
      32356,
      22356
    ],
    [
      12357,
      32357,
      22357
    ],
    [
      12358,
      32358,
      22358
    ],
    [
      12359,
      32359,
      22359
    ],
    [
      12360,
      32360,
      22360
    ],
    [
      12361,
      32361,
      22361
    ],
    [
      12362,
      32362,
      22362
    ],
    [
      12363,
      32363,
      22363
    ],
    [
      12364,
      32364,
      22364
    ],
    [
      12365,
      32365,
      22365
    ],
    [
      12366,
      32366,
      22366
    ],
    [
      12367,
      32367,
      22367
    ],
    [
      12368,
      32368,
      22368
    ],
    [
      12369,
      32369,
      22369
    ],
    [
      12370,
      32370,
      22370
    ],
    [
      12371,
      32371,
      22371
    ],
    [
      12372,
      32372,
      22372
    ],
    [
      12373,
      32373,
      22373
    ],
    [
      12374,
      32374,
      22374
    ],
    [
      12375,
      32375,
      22375
    ],
    [
      12376,
      32376,
      22376
    ],
    [
      12377,
      32377,
      22377
    ],
    [
      12378,
      32378,
      22378
    ],
    [
      12379,
      32379,
      22379
    ],
    [
      12380,
      32380,
      22380
    ],
    [
      12381,
      32381,
      22381
    ],
    [
      12382,
      32382,
      22382
    ],
    [
      12383,
      32383,
      22383
    ],
    [
      12384,
      32384,
      22384
    ],
    [
      12385,
      32385,
      22385
    ],
    [
      12386,
      32386,
      22386
    ],
    [
      12387,
      32387,
      22387
    ],
    [
      12388,
      32388,
      22388
    ],
    [
      12389,
      32389,
      22389
    ],
    [
      12390,
      32390,
      22390
    ],
    [
      12391,
      32391,
      22391
    ],
    [
      12392,
      32392,
      22392
    ],
    [
      12393,
      32393,
      22393
    ],
    [
      12394,
      32394,
      22394
    ],
    [
      12395,
      32395,
      22395
    ],
    [
      12396,
      32396,
      22396
    ],
    [
      12397,
      32397,
      22397
    ],
    [
      12398,
      32398,
      22398
    ],
    [
      12399,
      32399,
      22399
    ],
    [
      12400,
      32400,
      22400
    ],
    [
      12401,
      32401,
      22401
    ],
    [
      12402,
      32402,
      22402
    ],
    [
      12403,
      32403,
      22403
    ],
    [
      12404,
      32404,
      22404
    ],
    [
      12405,
      32405,
      22405
    ],
    [
      12406,
      32406,
      22406
    ],
    [
      12407,
      32407,
      22407
    ],
    [
      12408,
      32408,
      22408
    ],
    [
      12409,
      32409,
      22409
    ],
    [
      12410,
      32410,
      22410
    ],
    [
      12411,
      32411,
      22411
    ],
    [
      12412,
      32412,
      22412
    ],
    [
      12413,
      32413,
      22413
    ],
    [
      12414,
      32414,
      22414
    ],
    [
      12415,
      32415,
      22415
    ],
    [
      12416,
      32416,
      22416
    ],
    [
      12417,
      32417,
      22417
    ],
    [
      12418,
      32418,
      22418
    ],
    [
      12419,
      32419,
      22419
    ],
    [
      12420,
      32420,
      22420
    ],
    [
      12421,
      32421,
      22421
    ],
    [
      12422,
      32422,
      22422
    ],
    [
      12423,
      32423,
      22423
    ],
    [
      12424,
      32424,
      22424
    ],
    [
      12425,
      32425,
      22425
    ],
    [
      12426,
      32426,
      22426
    ],
    [
      12427,
      32427,
      22427
    ],
    [
      12428,
      32428,
      22428
    ],
    [
      12429,
      32429,
      22429
    ],
    [
      12430,
      32430,
      22430
    ],
    [
      12431,
      32431,
      22431
    ],
    [
      12432,
      32432,
      22432
    ],
    [
      12433,
      32433,
      22433
    ],
    [
      12434,
      32434,
      22434
    ],
    [
      12435,
      32435,
      22435
    ],
    [
      12436,
      32436,
      22436
    ],
    [
      12437,
      32437,
      22437
    ],
    [
      12438,
      32438,
      22438
    ],
    [
      12439,
      32439,
      22439
    ],
    [
      12440,
      32440,
      22440
    ],
    [
      12441,
      32441,
      22441
    ],
    [
      12442,
      32442,
      22442
    ],
    [
      12443,
      32443,
      22443
    ],
    [
      12444,
      32444,
      22444
    ],
    [
      12445,
      32445,
      22445
    ],
    [
      12446,
      32446,
      22446
    ],
    [
      12447,
      32447,
      22447
    ],
    [
      12448,
      32448,
      22448
    ],
    [
      12449,
      32449,
      22449
    ],
    [
      12450,
      32450,
      22450
    ],
    [
      12451,
      32451,
      22451
    ],
    [
      12452,
      32452,
      22452
    ],
    [
      12453,
      32453,
      22453
    ],
    [
      12454,
      32454,
      22454
    ],
    [
      12455,
      32455,
      22455
    ],
    [
      12456,
      32456,
      22456
    ],
    [
      12457,
      32457,
      22457
    ],
    [
      12458,
      32458,
      22458
    ],
    [
      12459,
      32459,
      22459
    ],
    [
      12460,
      32460,
      22460
    ],
    [
      12461,
      32461,
      22461
    ],
    [
      12462,
      32462,
      22462
    ],
    [
      12463,
      32463,
      22463
    ],
    [
      12464,
      32464,
      22464
    ],
    [
      12465,
      32465,
      22465
    ],
    [
      12466,
      32466,
      22466
    ],
    [
      12467,
      32467,
      22467
    ],
    [
      12468,
      32468,
      22468
    ],
    [
      12469,
      32469,
      22469
    ],
    [
      12470,
      32470,
      22470
    ],
    [
      12471,
      32471,
      22471
    ],
    [
      12472,
      32472,
      22472
    ],
    [
      12473,
      32473,
      22473
    ],
    [
      12474,
      32474,
      22474
    ],
    [
      12475,
      32475,
      22475
    ],
    [
      12476,
      32476,
      22476
    ],
    [
      12477,
      32477,
      22477
    ],
    [
      12478,
      32478,
      22478
    ],
    [
      12479,
      32479,
      22479
    ],
    [
      12480,
      32480,
      22480
    ],
    [
      12481,
      32481,
      22481
    ],
    [
      12482,
      32482,
      22482
    ],
    [
      12483,
      32483,
      22483
    ],
    [
      12484,
      32484,
      22484
    ],
    [
      12485,
      32485,
      22485
    ],
    [
      12486,
      32486,
      22486
    ],
    [
      12487,
      32487,
      22487
    ],
    [
      12488,
      32488,
      22488
    ],
    [
      12489,
      32489,
      22489
    ],
    [
      12490,
      32490,
      22490
    ],
    [
      12491,
      32491,
      22491
    ],
    [
      12492,
      32492,
      22492
    ],
    [
      12493,
      32493,
      22493
    ],
    [
      12494,
      32494,
      22494
    ],
    [
      12495,
      32495,
      22495
    ],
    [
      12496,
      32496,
      22496
    ],
    [
      12497,
      32497,
      22497
    ],
    [
      12498,
      32498,
      22498
    ],
    [
      12499,
      32499,
      22499
    ],
    [
      12500,
      32500,
      22500
    ],
    [
      12501,
      32501,
      22501
    ],
    [
      12502,
      32502,
      22502
    ],
    [
      12503,
      32503,
      22503
    ],
    [
      12504,
      32504,
      22504
    ],
    [
      12505,
      32505,
      22505
    ],
    [
      12506,
      32506,
      22506
    ],
    [
      12507,
      32507,
      22507
    ],
    [
      12508,
      32508,
      22508
    ],
    [
      12509,
      32509,
      22509
    ],
    [
      12510,
      32510,
      22510
    ],
    [
      12511,
      32511,
      22511
    ],
    [
      12512,
      32512,
      22512
    ],
    [
      12513,
      32513,
      22513
    ],
    [
      12514,
      32514,
      22514
    ],
    [
      12515,
      32515,
      22515
    ],
    [
      12516,
      32516,
      22516
    ],
    [
      12517,
      32517,
      22517
    ],
    [
      12518,
      32518,
      22518
    ],
    [
      12519,
      32519,
      22519
    ],
    [
      12520,
      32520,
      22520
    ],
    [
      12521,
      32521,
      22521
    ],
    [
      12522,
      32522,
      22522
    ],
    [
      12523,
      32523,
      22523
    ],
    [
      12524,
      32524,
      22524
    ],
    [
      12525,
      32525,
      22525
    ],
    [
      12526,
      32526,
      22526
    ],
    [
      12527,
      32527,
      22527
    ],
    [
      12528,
      32528,
      22528
    ],
    [
      12529,
      32529,
      22529
    ],
    [
      12530,
      32530,
      22530
    ],
    [
      12531,
      32531,
      22531
    ],
    [
      12532,
      32532,
      22532
    ],
    [
      12533,
      32533,
      22533
    ],
    [
      12534,
      32534,
      22534
    ],
    [
      12535,
      32535,
      22535
    ],
    [
      12536,
      32536,
      22536
    ],
    [
      12537,
      32537,
      22537
    ],
    [
      12538,
      32538,
      22538
    ],
    [
      12539,
      32539,
      22539
    ],
    [
      12540,
      32540,
      22540
    ],
    [
      12541,
      32541,
      22541
    ],
    [
      12542,
      32542,
      22542
    ],
    [
      12543,
      32543,
      22543
    ],
    [
      12544,
      32544,
      22544
    ],
    [
      12545,
      32545,
      22545
    ],
    [
      12546,
      32546,
      22546
    ],
    [
      12547,
      32547,
      22547
    ],
    [
      12548,
      32548,
      22548
    ],
    [
      12549,
      32549,
      22549
    ],
    [
      12550,
      32550,
      22550
    ],
    [
      12551,
      32551,
      22551
    ],
    [
      12552,
      32552,
      22552
    ],
    [
      12553,
      32553,
      22553
    ],
    [
      12554,
      32554,
      22554
    ],
    [
      12555,
      32555,
      22555
    ],
    [
      12556,
      32556,
      22556
    ],
    [
      12557,
      32557,
      22557
    ],
    [
      12558,
      32558,
      22558
    ],
    [
      12559,
      32559,
      22559
    ],
    [
      12560,
      32560,
      22560
    ],
    [
      12561,
      32561,
      22561
    ],
    [
      12562,
      32562,
      22562
    ],
    [
      12563,
      32563,
      22563
    ],
    [
      12564,
      32564,
      22564
    ],
    [
      12565,
      32565,
      22565
    ],
    [
      12566,
      32566,
      22566
    ],
    [
      12567,
      32567,
      22567
    ],
    [
      12568,
      32568,
      22568
    ],
    [
      12569,
      32569,
      22569
    ],
    [
      12570,
      32570,
      22570
    ],
    [
      12571,
      32571,
      22571
    ],
    [
      12572,
      32572,
      22572
    ],
    [
      12573,
      32573,
      22573
    ],
    [
      12574,
      32574,
      22574
    ],
    [
      12575,
      32575,
      22575
    ],
    [
      12576,
      32576,
      22576
    ],
    [
      12577,
      32577,
      22577
    ],
    [
      12578,
      32578,
      22578
    ],
    [
      12579,
      32579,
      22579
    ],
    [
      12580,
      32580,
      22580
    ],
    [
      12581,
      32581,
      22581
    ],
    [
      12582,
      32582,
      22582
    ],
    [
      12583,
      32583,
      22583
    ],
    [
      12584,
      32584,
      22584
    ],
    [
      12585,
      32585,
      22585
    ],
    [
      12586,
      32586,
      22586
    ],
    [
      12587,
      32587,
      22587
    ],
    [
      12588,
      32588,
      22588
    ],
    [
      12589,
      32589,
      22589
    ],
    [
      12590,
      32590,
      22590
    ],
    [
      12591,
      32591,
      22591
    ],
    [
      12592,
      32592,
      22592
    ],
    [
      12593,
      32593,
      22593
    ],
    [
      12594,
      32594,
      22594
    ],
    [
      12595,
      32595,
      22595
    ],
    [
      12596,
      32596,
      22596
    ],
    [
      12597,
      32597,
      22597
    ],
    [
      12598,
      32598,
      22598
    ],
    [
      12599,
      32599,
      22599
    ],
    [
      12600,
      32600,
      22600
    ],
    [
      12601,
      32601,
      22601
    ],
    [
      12602,
      32602,
      22602
    ],
    [
      12603,
      32603,
      22603
    ],
    [
      12604,
      32604,
      22604
    ],
    [
      12605,
      32605,
      22605
    ],
    [
      12606,
      32606,
      22606
    ],
    [
      12607,
      32607,
      22607
    ],
    [
      12608,
      32608,
      22608
    ],
    [
      12609,
      32609,
      22609
    ],
    [
      12610,
      32610,
      22610
    ],
    [
      12611,
      32611,
      22611
    ],
    [
      12612,
      32612,
      22612
    ],
    [
      12613,
      32613,
      22613
    ],
    [
      12614,
      32614,
      22614
    ],
    [
      12615,
      32615,
      22615
    ],
    [
      12616,
      32616,
      22616
    ],
    [
      12617,
      32617,
      22617
    ],
    [
      12618,
      32618,
      22618
    ],
    [
      12619,
      32619,
      22619
    ],
    [
      12620,
      32620,
      22620
    ],
    [
      12621,
      32621,
      22621
    ],
    [
      12622,
      32622,
      22622
    ],
    [
      12623,
      32623,
      22623
    ],
    [
      12624,
      32624,
      22624
    ],
    [
      12625,
      32625,
      22625
    ],
    [
      12626,
      32626,
      22626
    ],
    [
      12627,
      32627,
      22627
    ],
    [
      12628,
      32628,
      22628
    ],
    [
      12629,
      32629,
      22629
    ],
    [
      12630,
      32630,
      22630
    ],
    [
      12631,
      32631,
      22631
    ],
    [
      12632,
      32632,
      22632
    ],
    [
      12633,
      32633,
      22633
    ],
    [
      12634,
      32634,
      22634
    ],
    [
      12635,
      32635,
      22635
    ],
    [
      12636,
      32636,
      22636
    ],
    [
      12637,
      32637,
      22637
    ],
    [
      12638,
      32638,
      22638
    ],
    [
      12639,
      32639,
      22639
    ],
    [
      12640,
      32640,
      22640
    ],
    [
      12641,
      32641,
      22641
    ],
    [
      12642,
      32642,
      22642
    ],
    [
      12643,
      32643,
      22643
    ],
    [
      12644,
      32644,
      22644
    ],
    [
      12645,
      32645,
      22645
    ],
    [
      12646,
      32646,
      22646
    ],
    [
      12647,
      32647,
      22647
    ],
    [
      12648,
      32648,
      22648
    ],
    [
      12649,
      32649,
      22649
    ],
    [
      12650,
      32650,
      22650
    ],
    [
      12651,
      32651,
      22651
    ],
    [
      12652,
      32652,
      22652
    ],
    [
      12653,
      32653,
      22653
    ],
    [
      12654,
      32654,
      22654
    ],
    [
      12655,
      32655,
      22655
    ],
    [
      12656,
      32656,
      22656
    ],
    [
      12657,
      32657,
      22657
    ],
    [
      12658,
      32658,
      22658
    ],
    [
      12659,
      32659,
      22659
    ],
    [
      12660,
      32660,
      22660
    ],
    [
      12661,
      32661,
      22661
    ],
    [
      12662,
      32662,
      22662
    ],
    [
      12663,
      32663,
      22663
    ],
    [
      12664,
      32664,
      22664
    ],
    [
      12665,
      32665,
      22665
    ],
    [
      12666,
      32666,
      22666
    ],
    [
      12667,
      32667,
      22667
    ],
    [
      12668,
      32668,
      22668
    ],
    [
      12669,
      32669,
      22669
    ],
    [
      12670,
      32670,
      22670
    ],
    [
      12671,
      32671,
      22671
    ],
    [
      12672,
      32672,
      22672
    ],
    [
      12673,
      32673,
      22673
    ],
    [
      12674,
      32674,
      22674
    ],
    [
      12675,
      32675,
      22675
    ],
    [
      12676,
      32676,
      22676
    ],
    [
      12677,
      32677,
      22677
    ],
    [
      12678,
      32678,
      22678
    ],
    [
      12679,
      32679,
      22679
    ],
    [
      12680,
      32680,
      22680
    ],
    [
      12681,
      32681,
      22681
    ],
    [
      12682,
      32682,
      22682
    ],
    [
      12683,
      32683,
      22683
    ],
    [
      12684,
      32684,
      22684
    ],
    [
      12685,
      32685,
      22685
    ],
    [
      12686,
      32686,
      22686
    ],
    [
      12687,
      32687,
      22687
    ],
    [
      12688,
      32688,
      22688
    ],
    [
      12689,
      32689,
      22689
    ],
    [
      12690,
      32690,
      22690
    ],
    [
      12691,
      32691,
      22691
    ],
    [
      12692,
      32692,
      22692
    ],
    [
      12693,
      32693,
      22693
    ],
    [
      12694,
      32694,
      22694
    ],
    [
      12695,
      32695,
      22695
    ],
    [
      12696,
      32696,
      22696
    ],
    [
      12697,
      32697,
      22697
    ],
    [
      12698,
      32698,
      22698
    ],
    [
      12699,
      32699,
      22699
    ],
    [
      12700,
      32700,
      22700
    ],
    [
      12701,
      32701,
      22701
    ],
    [
      12702,
      32702,
      22702
    ],
    [
      12703,
      32703,
      22703
    ],
    [
      12704,
      32704,
      22704
    ],
    [
      12705,
      32705,
      22705
    ],
    [
      12706,
      32706,
      22706
    ],
    [
      12707,
      32707,
      22707
    ],
    [
      12708,
      32708,
      22708
    ],
    [
      12709,
      32709,
      22709
    ],
    [
      12710,
      32710,
      22710
    ],
    [
      12711,
      32711,
      22711
    ],
    [
      12712,
      32712,
      22712
    ],
    [
      12713,
      32713,
      22713
    ],
    [
      12714,
      32714,
      22714
    ],
    [
      12715,
      32715,
      22715
    ],
    [
      12716,
      32716,
      22716
    ],
    [
      12717,
      32717,
      22717
    ],
    [
      12718,
      32718,
      22718
    ],
    [
      12719,
      32719,
      22719
    ],
    [
      12720,
      32720,
      22720
    ],
    [
      12721,
      32721,
      22721
    ],
    [
      12722,
      32722,
      22722
    ],
    [
      12723,
      32723,
      22723
    ],
    [
      12724,
      32724,
      22724
    ],
    [
      12725,
      32725,
      22725
    ],
    [
      12726,
      32726,
      22726
    ],
    [
      12727,
      32727,
      22727
    ],
    [
      12728,
      32728,
      22728
    ],
    [
      12729,
      32729,
      22729
    ],
    [
      12730,
      32730,
      22730
    ],
    [
      12731,
      32731,
      22731
    ],
    [
      12732,
      32732,
      22732
    ],
    [
      12733,
      32733,
      22733
    ],
    [
      12734,
      32734,
      22734
    ],
    [
      12735,
      32735,
      22735
    ],
    [
      12736,
      32736,
      22736
    ],
    [
      12737,
      32737,
      22737
    ],
    [
      12738,
      32738,
      22738
    ],
    [
      12739,
      32739,
      22739
    ],
    [
      12740,
      32740,
      22740
    ],
    [
      12741,
      32741,
      22741
    ],
    [
      12742,
      32742,
      22742
    ],
    [
      12743,
      32743,
      22743
    ],
    [
      12744,
      32744,
      22744
    ],
    [
      12745,
      32745,
      22745
    ],
    [
      12746,
      32746,
      22746
    ],
    [
      12747,
      32747,
      22747
    ],
    [
      12748,
      32748,
      22748
    ],
    [
      12749,
      32749,
      22749
    ],
    [
      12750,
      32750,
      22750
    ],
    [
      12751,
      32751,
      22751
    ],
    [
      12752,
      32752,
      22752
    ],
    [
      12753,
      32753,
      22753
    ],
    [
      12754,
      32754,
      22754
    ],
    [
      12755,
      32755,
      22755
    ],
    [
      12756,
      32756,
      22756
    ],
    [
      12757,
      32757,
      22757
    ],
    [
      12758,
      32758,
      22758
    ],
    [
      12759,
      32759,
      22759
    ],
    [
      12760,
      32760,
      22760
    ],
    [
      12761,
      32761,
      22761
    ],
    [
      12762,
      32762,
      22762
    ],
    [
      12763,
      32763,
      22763
    ],
    [
      12764,
      32764,
      22764
    ],
    [
      12765,
      32765,
      22765
    ],
    [
      12766,
      32766,
      22766
    ],
    [
      12767,
      32767,
      22767
    ],
    [
      12768,
      32768,
      22768
    ],
    [
      12769,
      32769,
      22769
    ],
    [
      12770,
      32770,
      22770
    ],
    [
      12771,
      32771,
      22771
    ],
    [
      12772,
      32772,
      22772
    ],
    [
      12773,
      32773,
      22773
    ],
    [
      12774,
      32774,
      22774
    ],
    [
      12775,
      32775,
      22775
    ],
    [
      12776,
      32776,
      22776
    ],
    [
      12777,
      32777,
      22777
    ],
    [
      12778,
      32778,
      22778
    ],
    [
      12779,
      32779,
      22779
    ],
    [
      12780,
      32780,
      22780
    ],
    [
      12781,
      32781,
      22781
    ],
    [
      12782,
      32782,
      22782
    ],
    [
      12783,
      32783,
      22783
    ],
    [
      12784,
      32784,
      22784
    ],
    [
      12785,
      32785,
      22785
    ],
    [
      12786,
      32786,
      22786
    ],
    [
      12787,
      32787,
      22787
    ],
    [
      12788,
      32788,
      22788
    ],
    [
      12789,
      32789,
      22789
    ],
    [
      12790,
      32790,
      22790
    ],
    [
      12791,
      32791,
      22791
    ],
    [
      12792,
      32792,
      22792
    ],
    [
      12793,
      32793,
      22793
    ],
    [
      12794,
      32794,
      22794
    ],
    [
      12795,
      32795,
      22795
    ],
    [
      12796,
      32796,
      22796
    ],
    [
      12797,
      32797,
      22797
    ],
    [
      12798,
      32798,
      22798
    ],
    [
      12799,
      32799,
      22799
    ],
    [
      12800,
      32800,
      22800
    ],
    [
      12801,
      32801,
      22801
    ],
    [
      12802,
      32802,
      22802
    ],
    [
      12803,
      32803,
      22803
    ],
    [
      12804,
      32804,
      22804
    ],
    [
      12805,
      32805,
      22805
    ],
    [
      12806,
      32806,
      22806
    ],
    [
      12807,
      32807,
      22807
    ],
    [
      12808,
      32808,
      22808
    ],
    [
      12809,
      32809,
      22809
    ],
    [
      12810,
      32810,
      22810
    ],
    [
      12811,
      32811,
      22811
    ],
    [
      12812,
      32812,
      22812
    ],
    [
      12813,
      32813,
      22813
    ],
    [
      12814,
      32814,
      22814
    ],
    [
      12815,
      32815,
      22815
    ],
    [
      12816,
      32816,
      22816
    ],
    [
      12817,
      32817,
      22817
    ],
    [
      12818,
      32818,
      22818
    ],
    [
      12819,
      32819,
      22819
    ],
    [
      12820,
      32820,
      22820
    ],
    [
      12821,
      32821,
      22821
    ],
    [
      12822,
      32822,
      22822
    ],
    [
      12823,
      32823,
      22823
    ],
    [
      12824,
      32824,
      22824
    ],
    [
      12825,
      32825,
      22825
    ],
    [
      12826,
      32826,
      22826
    ],
    [
      12827,
      32827,
      22827
    ],
    [
      12828,
      32828,
      22828
    ],
    [
      12829,
      32829,
      22829
    ],
    [
      12830,
      32830,
      22830
    ],
    [
      12831,
      32831,
      22831
    ],
    [
      12832,
      32832,
      22832
    ],
    [
      12833,
      32833,
      22833
    ],
    [
      12834,
      32834,
      22834
    ],
    [
      12835,
      32835,
      22835
    ],
    [
      12836,
      32836,
      22836
    ],
    [
      12837,
      32837,
      22837
    ],
    [
      12838,
      32838,
      22838
    ],
    [
      12839,
      32839,
      22839
    ],
    [
      12840,
      32840,
      22840
    ],
    [
      12841,
      32841,
      22841
    ],
    [
      12842,
      32842,
      22842
    ],
    [
      12843,
      32843,
      22843
    ],
    [
      12844,
      32844,
      22844
    ],
    [
      12845,
      32845,
      22845
    ],
    [
      12846,
      32846,
      22846
    ],
    [
      12847,
      32847,
      22847
    ],
    [
      12848,
      32848,
      22848
    ],
    [
      12849,
      32849,
      22849
    ],
    [
      12850,
      32850,
      22850
    ],
    [
      12851,
      32851,
      22851
    ],
    [
      12852,
      32852,
      22852
    ],
    [
      12853,
      32853,
      22853
    ],
    [
      12854,
      32854,
      22854
    ],
    [
      12855,
      32855,
      22855
    ],
    [
      12856,
      32856,
      22856
    ],
    [
      12857,
      32857,
      22857
    ],
    [
      12858,
      32858,
      22858
    ],
    [
      12859,
      32859,
      22859
    ],
    [
      12860,
      32860,
      22860
    ],
    [
      12861,
      32861,
      22861
    ],
    [
      12862,
      32862,
      22862
    ],
    [
      12863,
      32863,
      22863
    ],
    [
      12864,
      32864,
      22864
    ],
    [
      12865,
      32865,
      22865
    ],
    [
      12866,
      32866,
      22866
    ],
    [
      12867,
      32867,
      22867
    ],
    [
      12868,
      32868,
      22868
    ],
    [
      12869,
      32869,
      22869
    ],
    [
      12870,
      32870,
      22870
    ],
    [
      12871,
      32871,
      22871
    ],
    [
      12872,
      32872,
      22872
    ],
    [
      12873,
      32873,
      22873
    ],
    [
      12874,
      32874,
      22874
    ],
    [
      12875,
      32875,
      22875
    ],
    [
      12876,
      32876,
      22876
    ],
    [
      12877,
      32877,
      22877
    ],
    [
      12878,
      32878,
      22878
    ],
    [
      12879,
      32879,
      22879
    ],
    [
      12880,
      32880,
      22880
    ],
    [
      12881,
      32881,
      22881
    ],
    [
      12882,
      32882,
      22882
    ],
    [
      12883,
      32883,
      22883
    ],
    [
      12884,
      32884,
      22884
    ],
    [
      12885,
      32885,
      22885
    ],
    [
      12886,
      32886,
      22886
    ],
    [
      12887,
      32887,
      22887
    ],
    [
      12888,
      32888,
      22888
    ],
    [
      12889,
      32889,
      22889
    ],
    [
      12890,
      32890,
      22890
    ],
    [
      12891,
      32891,
      22891
    ],
    [
      12892,
      32892,
      22892
    ],
    [
      12893,
      32893,
      22893
    ],
    [
      12894,
      32894,
      22894
    ],
    [
      12895,
      32895,
      22895
    ],
    [
      12896,
      32896,
      22896
    ],
    [
      12897,
      32897,
      22897
    ],
    [
      12898,
      32898,
      22898
    ],
    [
      12899,
      32899,
      22899
    ],
    [
      12900,
      32900,
      22900
    ],
    [
      12901,
      32901,
      22901
    ],
    [
      12902,
      32902,
      22902
    ],
    [
      12903,
      32903,
      22903
    ],
    [
      12904,
      32904,
      22904
    ],
    [
      12905,
      32905,
      22905
    ],
    [
      12906,
      32906,
      22906
    ],
    [
      12907,
      32907,
      22907
    ],
    [
      12908,
      32908,
      22908
    ],
    [
      12909,
      32909,
      22909
    ],
    [
      12910,
      32910,
      22910
    ],
    [
      12911,
      32911,
      22911
    ],
    [
      12912,
      32912,
      22912
    ],
    [
      12913,
      32913,
      22913
    ],
    [
      12914,
      32914,
      22914
    ],
    [
      12915,
      32915,
      22915
    ],
    [
      12916,
      32916,
      22916
    ],
    [
      12917,
      32917,
      22917
    ],
    [
      12918,
      32918,
      22918
    ],
    [
      12919,
      32919,
      22919
    ],
    [
      12920,
      32920,
      22920
    ],
    [
      12921,
      32921,
      22921
    ],
    [
      12922,
      32922,
      22922
    ],
    [
      12923,
      32923,
      22923
    ],
    [
      12924,
      32924,
      22924
    ],
    [
      12925,
      32925,
      22925
    ],
    [
      12926,
      32926,
      22926
    ],
    [
      12927,
      32927,
      22927
    ],
    [
      12928,
      32928,
      22928
    ],
    [
      12929,
      32929,
      22929
    ],
    [
      12930,
      32930,
      22930
    ],
    [
      12931,
      32931,
      22931
    ],
    [
      12932,
      32932,
      22932
    ],
    [
      12933,
      32933,
      22933
    ],
    [
      12934,
      32934,
      22934
    ],
    [
      12935,
      32935,
      22935
    ],
    [
      12936,
      32936,
      22936
    ],
    [
      12937,
      32937,
      22937
    ],
    [
      12938,
      32938,
      22938
    ],
    [
      12939,
      32939,
      22939
    ],
    [
      12940,
      32940,
      22940
    ],
    [
      12941,
      32941,
      22941
    ],
    [
      12942,
      32942,
      22942
    ],
    [
      12943,
      32943,
      22943
    ],
    [
      12944,
      32944,
      22944
    ],
    [
      12945,
      32945,
      22945
    ],
    [
      12946,
      32946,
      22946
    ],
    [
      12947,
      32947,
      22947
    ],
    [
      12948,
      32948,
      22948
    ],
    [
      12949,
      32949,
      22949
    ],
    [
      12950,
      32950,
      22950
    ],
    [
      12951,
      32951,
      22951
    ],
    [
      12952,
      32952,
      22952
    ],
    [
      12953,
      32953,
      22953
    ],
    [
      12954,
      32954,
      22954
    ],
    [
      12955,
      32955,
      22955
    ],
    [
      12956,
      32956,
      22956
    ],
    [
      12957,
      32957,
      22957
    ],
    [
      12958,
      32958,
      22958
    ],
    [
      12959,
      32959,
      22959
    ],
    [
      12960,
      32960,
      22960
    ],
    [
      12961,
      32961,
      22961
    ],
    [
      12962,
      32962,
      22962
    ],
    [
      12963,
      32963,
      22963
    ],
    [
      12964,
      32964,
      22964
    ],
    [
      12965,
      32965,
      22965
    ],
    [
      12966,
      32966,
      22966
    ],
    [
      12967,
      32967,
      22967
    ],
    [
      12968,
      32968,
      22968
    ],
    [
      12969,
      32969,
      22969
    ],
    [
      12970,
      32970,
      22970
    ],
    [
      12971,
      32971,
      22971
    ],
    [
      12972,
      32972,
      22972
    ],
    [
      12973,
      32973,
      22973
    ],
    [
      12974,
      32974,
      22974
    ],
    [
      12975,
      32975,
      22975
    ],
    [
      12976,
      32976,
      22976
    ],
    [
      12977,
      32977,
      22977
    ],
    [
      12978,
      32978,
      22978
    ],
    [
      12979,
      32979,
      22979
    ],
    [
      12980,
      32980,
      22980
    ],
    [
      12981,
      32981,
      22981
    ],
    [
      12982,
      32982,
      22982
    ],
    [
      12983,
      32983,
      22983
    ],
    [
      12984,
      32984,
      22984
    ],
    [
      12985,
      32985,
      22985
    ],
    [
      12986,
      32986,
      22986
    ],
    [
      12987,
      32987,
      22987
    ],
    [
      12988,
      32988,
      22988
    ],
    [
      12989,
      32989,
      22989
    ],
    [
      12990,
      32990,
      22990
    ],
    [
      12991,
      32991,
      22991
    ],
    [
      12992,
      32992,
      22992
    ],
    [
      12993,
      32993,
      22993
    ],
    [
      12994,
      32994,
      22994
    ],
    [
      12995,
      32995,
      22995
    ],
    [
      12996,
      32996,
      22996
    ],
    [
      12997,
      32997,
      22997
    ],
    [
      12998,
      32998,
      22998
    ],
    [
      12999,
      32999,
      22999
    ],
    [
      13000,
      33000,
      23000
    ],
    [
      13001,
      33001,
      23001
    ],
    [
      13002,
      33002,
      23002
    ],
    [
      13003,
      33003,
      23003
    ],
    [
      13004,
      33004,
      23004
    ],
    [
      13005,
      33005,
      23005
    ],
    [
      13006,
      33006,
      23006
    ],
    [
      13007,
      33007,
      23007
    ],
    [
      13008,
      33008,
      23008
    ],
    [
      13009,
      33009,
      23009
    ],
    [
      13010,
      33010,
      23010
    ],
    [
      13011,
      33011,
      23011
    ],
    [
      13012,
      33012,
      23012
    ],
    [
      13013,
      33013,
      23013
    ],
    [
      13014,
      33014,
      23014
    ],
    [
      13015,
      33015,
      23015
    ],
    [
      13016,
      33016,
      23016
    ],
    [
      13017,
      33017,
      23017
    ],
    [
      13018,
      33018,
      23018
    ],
    [
      13019,
      33019,
      23019
    ],
    [
      13020,
      33020,
      23020
    ],
    [
      13021,
      33021,
      23021
    ],
    [
      13022,
      33022,
      23022
    ],
    [
      13023,
      33023,
      23023
    ],
    [
      13024,
      33024,
      23024
    ],
    [
      13025,
      33025,
      23025
    ],
    [
      13026,
      33026,
      23026
    ],
    [
      13027,
      33027,
      23027
    ],
    [
      13028,
      33028,
      23028
    ],
    [
      13029,
      33029,
      23029
    ],
    [
      13030,
      33030,
      23030
    ],
    [
      13031,
      33031,
      23031
    ],
    [
      13032,
      33032,
      23032
    ],
    [
      13033,
      33033,
      23033
    ],
    [
      13034,
      33034,
      23034
    ],
    [
      13035,
      33035,
      23035
    ],
    [
      13036,
      33036,
      23036
    ],
    [
      13037,
      33037,
      23037
    ],
    [
      13038,
      33038,
      23038
    ],
    [
      13039,
      33039,
      23039
    ],
    [
      13040,
      33040,
      23040
    ],
    [
      13041,
      33041,
      23041
    ],
    [
      13042,
      33042,
      23042
    ],
    [
      13043,
      33043,
      23043
    ],
    [
      13044,
      33044,
      23044
    ],
    [
      13045,
      33045,
      23045
    ],
    [
      13046,
      33046,
      23046
    ],
    [
      13047,
      33047,
      23047
    ],
    [
      13048,
      33048,
      23048
    ],
    [
      13049,
      33049,
      23049
    ],
    [
      13050,
      33050,
      23050
    ],
    [
      13051,
      33051,
      23051
    ],
    [
      13052,
      33052,
      23052
    ],
    [
      13053,
      33053,
      23053
    ],
    [
      13054,
      33054,
      23054
    ],
    [
      13055,
      33055,
      23055
    ],
    [
      13056,
      33056,
      23056
    ],
    [
      13057,
      33057,
      23057
    ],
    [
      13058,
      33058,
      23058
    ],
    [
      13059,
      33059,
      23059
    ],
    [
      13060,
      33060,
      23060
    ],
    [
      13061,
      33061,
      23061
    ],
    [
      13062,
      33062,
      23062
    ],
    [
      13063,
      33063,
      23063
    ],
    [
      13064,
      33064,
      23064
    ],
    [
      13065,
      33065,
      23065
    ],
    [
      13066,
      33066,
      23066
    ],
    [
      13067,
      33067,
      23067
    ],
    [
      13068,
      33068,
      23068
    ],
    [
      13069,
      33069,
      23069
    ],
    [
      13070,
      33070,
      23070
    ],
    [
      13071,
      33071,
      23071
    ],
    [
      13072,
      33072,
      23072
    ],
    [
      13073,
      33073,
      23073
    ],
    [
      13074,
      33074,
      23074
    ],
    [
      13075,
      33075,
      23075
    ],
    [
      13076,
      33076,
      23076
    ],
    [
      13077,
      33077,
      23077
    ],
    [
      13078,
      33078,
      23078
    ],
    [
      13079,
      33079,
      23079
    ],
    [
      13080,
      33080,
      23080
    ],
    [
      13081,
      33081,
      23081
    ],
    [
      13082,
      33082,
      23082
    ],
    [
      13083,
      33083,
      23083
    ],
    [
      13084,
      33084,
      23084
    ],
    [
      13085,
      33085,
      23085
    ],
    [
      13086,
      33086,
      23086
    ],
    [
      13087,
      33087,
      23087
    ],
    [
      13088,
      33088,
      23088
    ],
    [
      13089,
      33089,
      23089
    ],
    [
      13090,
      33090,
      23090
    ],
    [
      13091,
      33091,
      23091
    ],
    [
      13092,
      33092,
      23092
    ],
    [
      13093,
      33093,
      23093
    ],
    [
      13094,
      33094,
      23094
    ],
    [
      13095,
      33095,
      23095
    ],
    [
      13096,
      33096,
      23096
    ],
    [
      13097,
      33097,
      23097
    ],
    [
      13098,
      33098,
      23098
    ],
    [
      13099,
      33099,
      23099
    ],
    [
      13100,
      33100,
      23100
    ],
    [
      13101,
      33101,
      23101
    ],
    [
      13102,
      33102,
      23102
    ],
    [
      13103,
      33103,
      23103
    ],
    [
      13104,
      33104,
      23104
    ],
    [
      13105,
      33105,
      23105
    ],
    [
      13106,
      33106,
      23106
    ],
    [
      13107,
      33107,
      23107
    ],
    [
      13108,
      33108,
      23108
    ],
    [
      13109,
      33109,
      23109
    ],
    [
      13110,
      33110,
      23110
    ],
    [
      13111,
      33111,
      23111
    ],
    [
      13112,
      33112,
      23112
    ],
    [
      13113,
      33113,
      23113
    ],
    [
      13114,
      33114,
      23114
    ],
    [
      13115,
      33115,
      23115
    ],
    [
      13116,
      33116,
      23116
    ],
    [
      13117,
      33117,
      23117
    ],
    [
      13118,
      33118,
      23118
    ],
    [
      13119,
      33119,
      23119
    ],
    [
      13120,
      33120,
      23120
    ],
    [
      13121,
      33121,
      23121
    ],
    [
      13122,
      33122,
      23122
    ],
    [
      13123,
      33123,
      23123
    ],
    [
      13124,
      33124,
      23124
    ],
    [
      13125,
      33125,
      23125
    ],
    [
      13126,
      33126,
      23126
    ],
    [
      13127,
      33127,
      23127
    ],
    [
      13128,
      33128,
      23128
    ],
    [
      13129,
      33129,
      23129
    ],
    [
      13130,
      33130,
      23130
    ],
    [
      13131,
      33131,
      23131
    ],
    [
      13132,
      33132,
      23132
    ],
    [
      13133,
      33133,
      23133
    ],
    [
      13134,
      33134,
      23134
    ],
    [
      13135,
      33135,
      23135
    ],
    [
      13136,
      33136,
      23136
    ],
    [
      13137,
      33137,
      23137
    ],
    [
      13138,
      33138,
      23138
    ],
    [
      13139,
      33139,
      23139
    ],
    [
      13140,
      33140,
      23140
    ],
    [
      13141,
      33141,
      23141
    ],
    [
      13142,
      33142,
      23142
    ],
    [
      13143,
      33143,
      23143
    ],
    [
      13144,
      33144,
      23144
    ],
    [
      13145,
      33145,
      23145
    ],
    [
      13146,
      33146,
      23146
    ],
    [
      13147,
      33147,
      23147
    ],
    [
      13148,
      33148,
      23148
    ],
    [
      13149,
      33149,
      23149
    ],
    [
      13150,
      33150,
      23150
    ],
    [
      13151,
      33151,
      23151
    ],
    [
      13152,
      33152,
      23152
    ],
    [
      13153,
      33153,
      23153
    ],
    [
      13154,
      33154,
      23154
    ],
    [
      13155,
      33155,
      23155
    ],
    [
      13156,
      33156,
      23156
    ],
    [
      13157,
      33157,
      23157
    ],
    [
      13158,
      33158,
      23158
    ],
    [
      13159,
      33159,
      23159
    ],
    [
      13160,
      33160,
      23160
    ],
    [
      13161,
      33161,
      23161
    ],
    [
      13162,
      33162,
      23162
    ],
    [
      13163,
      33163,
      23163
    ],
    [
      13164,
      33164,
      23164
    ],
    [
      13165,
      33165,
      23165
    ],
    [
      13166,
      33166,
      23166
    ],
    [
      13167,
      33167,
      23167
    ],
    [
      13168,
      33168,
      23168
    ],
    [
      13169,
      33169,
      23169
    ],
    [
      13170,
      33170,
      23170
    ],
    [
      13171,
      33171,
      23171
    ],
    [
      13172,
      33172,
      23172
    ],
    [
      13173,
      33173,
      23173
    ],
    [
      13174,
      33174,
      23174
    ],
    [
      13175,
      33175,
      23175
    ],
    [
      13176,
      33176,
      23176
    ],
    [
      13177,
      33177,
      23177
    ],
    [
      13178,
      33178,
      23178
    ],
    [
      13179,
      33179,
      23179
    ],
    [
      13180,
      33180,
      23180
    ],
    [
      13181,
      33181,
      23181
    ],
    [
      13182,
      33182,
      23182
    ],
    [
      13183,
      33183,
      23183
    ],
    [
      13184,
      33184,
      23184
    ],
    [
      13185,
      33185,
      23185
    ],
    [
      13186,
      33186,
      23186
    ],
    [
      13187,
      33187,
      23187
    ],
    [
      13188,
      33188,
      23188
    ],
    [
      13189,
      33189,
      23189
    ],
    [
      13190,
      33190,
      23190
    ],
    [
      13191,
      33191,
      23191
    ],
    [
      13192,
      33192,
      23192
    ],
    [
      13193,
      33193,
      23193
    ],
    [
      13194,
      33194,
      23194
    ],
    [
      13195,
      33195,
      23195
    ],
    [
      13196,
      33196,
      23196
    ],
    [
      13197,
      33197,
      23197
    ],
    [
      13198,
      33198,
      23198
    ],
    [
      13199,
      33199,
      23199
    ],
    [
      13200,
      33200,
      23200
    ],
    [
      13201,
      33201,
      23201
    ],
    [
      13202,
      33202,
      23202
    ],
    [
      13203,
      33203,
      23203
    ],
    [
      13204,
      33204,
      23204
    ],
    [
      13205,
      33205,
      23205
    ],
    [
      13206,
      33206,
      23206
    ],
    [
      13207,
      33207,
      23207
    ],
    [
      13208,
      33208,
      23208
    ],
    [
      13209,
      33209,
      23209
    ],
    [
      13210,
      33210,
      23210
    ],
    [
      13211,
      33211,
      23211
    ],
    [
      13212,
      33212,
      23212
    ],
    [
      13213,
      33213,
      23213
    ],
    [
      13214,
      33214,
      23214
    ],
    [
      13215,
      33215,
      23215
    ],
    [
      13216,
      33216,
      23216
    ],
    [
      13217,
      33217,
      23217
    ],
    [
      13218,
      33218,
      23218
    ],
    [
      13219,
      33219,
      23219
    ],
    [
      13220,
      33220,
      23220
    ],
    [
      13221,
      33221,
      23221
    ],
    [
      13222,
      33222,
      23222
    ],
    [
      13223,
      33223,
      23223
    ],
    [
      13224,
      33224,
      23224
    ],
    [
      13225,
      33225,
      23225
    ],
    [
      13226,
      33226,
      23226
    ],
    [
      13227,
      33227,
      23227
    ],
    [
      13228,
      33228,
      23228
    ],
    [
      13229,
      33229,
      23229
    ],
    [
      13230,
      33230,
      23230
    ],
    [
      13231,
      33231,
      23231
    ],
    [
      13232,
      33232,
      23232
    ],
    [
      13233,
      33233,
      23233
    ],
    [
      13234,
      33234,
      23234
    ],
    [
      13235,
      33235,
      23235
    ],
    [
      13236,
      33236,
      23236
    ],
    [
      13237,
      33237,
      23237
    ],
    [
      13238,
      33238,
      23238
    ],
    [
      13239,
      33239,
      23239
    ],
    [
      13240,
      33240,
      23240
    ],
    [
      13241,
      33241,
      23241
    ],
    [
      13242,
      33242,
      23242
    ],
    [
      13243,
      33243,
      23243
    ],
    [
      13244,
      33244,
      23244
    ],
    [
      13245,
      33245,
      23245
    ],
    [
      13246,
      33246,
      23246
    ],
    [
      13247,
      33247,
      23247
    ],
    [
      13248,
      33248,
      23248
    ],
    [
      13249,
      33249,
      23249
    ],
    [
      13250,
      33250,
      23250
    ],
    [
      13251,
      33251,
      23251
    ],
    [
      13252,
      33252,
      23252
    ],
    [
      13253,
      33253,
      23253
    ],
    [
      13254,
      33254,
      23254
    ],
    [
      13255,
      33255,
      23255
    ],
    [
      13256,
      33256,
      23256
    ],
    [
      13257,
      33257,
      23257
    ],
    [
      13258,
      33258,
      23258
    ],
    [
      13259,
      33259,
      23259
    ],
    [
      13260,
      33260,
      23260
    ],
    [
      13261,
      33261,
      23261
    ],
    [
      13262,
      33262,
      23262
    ],
    [
      13263,
      33263,
      23263
    ],
    [
      13264,
      33264,
      23264
    ],
    [
      13265,
      33265,
      23265
    ],
    [
      13266,
      33266,
      23266
    ],
    [
      13267,
      33267,
      23267
    ],
    [
      13268,
      33268,
      23268
    ],
    [
      13269,
      33269,
      23269
    ],
    [
      13270,
      33270,
      23270
    ],
    [
      13271,
      33271,
      23271
    ],
    [
      13272,
      33272,
      23272
    ],
    [
      13273,
      33273,
      23273
    ],
    [
      13274,
      33274,
      23274
    ],
    [
      13275,
      33275,
      23275
    ],
    [
      13276,
      33276,
      23276
    ],
    [
      13277,
      33277,
      23277
    ],
    [
      13278,
      33278,
      23278
    ],
    [
      13279,
      33279,
      23279
    ],
    [
      13280,
      33280,
      23280
    ],
    [
      13281,
      33281,
      23281
    ],
    [
      13282,
      33282,
      23282
    ],
    [
      13283,
      33283,
      23283
    ],
    [
      13284,
      33284,
      23284
    ],
    [
      13285,
      33285,
      23285
    ],
    [
      13286,
      33286,
      23286
    ],
    [
      13287,
      33287,
      23287
    ],
    [
      13288,
      33288,
      23288
    ],
    [
      13289,
      33289,
      23289
    ],
    [
      13290,
      33290,
      23290
    ],
    [
      13291,
      33291,
      23291
    ],
    [
      13292,
      33292,
      23292
    ],
    [
      13293,
      33293,
      23293
    ],
    [
      13294,
      33294,
      23294
    ],
    [
      13295,
      33295,
      23295
    ],
    [
      13296,
      33296,
      23296
    ],
    [
      13297,
      33297,
      23297
    ],
    [
      13298,
      33298,
      23298
    ],
    [
      13299,
      33299,
      23299
    ],
    [
      13300,
      33300,
      23300
    ],
    [
      13301,
      33301,
      23301
    ],
    [
      13302,
      33302,
      23302
    ],
    [
      13303,
      33303,
      23303
    ],
    [
      13304,
      33304,
      23304
    ],
    [
      13305,
      33305,
      23305
    ],
    [
      13306,
      33306,
      23306
    ],
    [
      13307,
      33307,
      23307
    ],
    [
      13308,
      33308,
      23308
    ],
    [
      13309,
      33309,
      23309
    ],
    [
      13310,
      33310,
      23310
    ],
    [
      13311,
      33311,
      23311
    ],
    [
      13312,
      33312,
      23312
    ],
    [
      13313,
      33313,
      23313
    ],
    [
      13314,
      33314,
      23314
    ],
    [
      13315,
      33315,
      23315
    ],
    [
      13316,
      33316,
      23316
    ],
    [
      13317,
      33317,
      23317
    ],
    [
      13318,
      33318,
      23318
    ],
    [
      13319,
      33319,
      23319
    ],
    [
      13320,
      33320,
      23320
    ],
    [
      13321,
      33321,
      23321
    ],
    [
      13322,
      33322,
      23322
    ],
    [
      13323,
      33323,
      23323
    ],
    [
      13324,
      33324,
      23324
    ],
    [
      13325,
      33325,
      23325
    ],
    [
      13326,
      33326,
      23326
    ],
    [
      13327,
      33327,
      23327
    ],
    [
      13328,
      33328,
      23328
    ],
    [
      13329,
      33329,
      23329
    ],
    [
      13330,
      33330,
      23330
    ],
    [
      13331,
      33331,
      23331
    ],
    [
      13332,
      33332,
      23332
    ],
    [
      13333,
      33333,
      23333
    ],
    [
      13334,
      33334,
      23334
    ],
    [
      13335,
      33335,
      23335
    ],
    [
      13336,
      33336,
      23336
    ],
    [
      13337,
      33337,
      23337
    ],
    [
      13338,
      33338,
      23338
    ],
    [
      13339,
      33339,
      23339
    ],
    [
      13340,
      33340,
      23340
    ],
    [
      13341,
      33341,
      23341
    ],
    [
      13342,
      33342,
      23342
    ],
    [
      13343,
      33343,
      23343
    ],
    [
      13344,
      33344,
      23344
    ],
    [
      13345,
      33345,
      23345
    ],
    [
      13346,
      33346,
      23346
    ],
    [
      13347,
      33347,
      23347
    ],
    [
      13348,
      33348,
      23348
    ],
    [
      13349,
      33349,
      23349
    ],
    [
      13350,
      33350,
      23350
    ],
    [
      13351,
      33351,
      23351
    ],
    [
      13352,
      33352,
      23352
    ],
    [
      13353,
      33353,
      23353
    ],
    [
      13354,
      33354,
      23354
    ],
    [
      13355,
      33355,
      23355
    ],
    [
      13356,
      33356,
      23356
    ],
    [
      13357,
      33357,
      23357
    ],
    [
      13358,
      33358,
      23358
    ],
    [
      13359,
      33359,
      23359
    ],
    [
      13360,
      33360,
      23360
    ],
    [
      13361,
      33361,
      23361
    ],
    [
      13362,
      33362,
      23362
    ],
    [
      13363,
      33363,
      23363
    ],
    [
      13364,
      33364,
      23364
    ],
    [
      13365,
      33365,
      23365
    ],
    [
      13366,
      33366,
      23366
    ],
    [
      13367,
      33367,
      23367
    ],
    [
      13368,
      33368,
      23368
    ],
    [
      13369,
      33369,
      23369
    ],
    [
      13370,
      33370,
      23370
    ],
    [
      13371,
      33371,
      23371
    ],
    [
      13372,
      33372,
      23372
    ],
    [
      13373,
      33373,
      23373
    ],
    [
      13374,
      33374,
      23374
    ],
    [
      13375,
      33375,
      23375
    ],
    [
      13376,
      33376,
      23376
    ],
    [
      13377,
      33377,
      23377
    ],
    [
      13378,
      33378,
      23378
    ],
    [
      13379,
      33379,
      23379
    ],
    [
      13380,
      33380,
      23380
    ],
    [
      13381,
      33381,
      23381
    ],
    [
      13382,
      33382,
      23382
    ],
    [
      13383,
      33383,
      23383
    ],
    [
      13384,
      33384,
      23384
    ],
    [
      13385,
      33385,
      23385
    ],
    [
      13386,
      33386,
      23386
    ],
    [
      13387,
      33387,
      23387
    ],
    [
      13388,
      33388,
      23388
    ],
    [
      13389,
      33389,
      23389
    ],
    [
      13390,
      33390,
      23390
    ],
    [
      13391,
      33391,
      23391
    ],
    [
      13392,
      33392,
      23392
    ],
    [
      13393,
      33393,
      23393
    ],
    [
      13394,
      33394,
      23394
    ],
    [
      13395,
      33395,
      23395
    ],
    [
      13396,
      33396,
      23396
    ],
    [
      13397,
      33397,
      23397
    ],
    [
      13398,
      33398,
      23398
    ],
    [
      13399,
      33399,
      23399
    ],
    [
      13400,
      33400,
      23400
    ],
    [
      13401,
      33401,
      23401
    ],
    [
      13402,
      33402,
      23402
    ],
    [
      13403,
      33403,
      23403
    ],
    [
      13404,
      33404,
      23404
    ],
    [
      13405,
      33405,
      23405
    ],
    [
      13406,
      33406,
      23406
    ],
    [
      13407,
      33407,
      23407
    ],
    [
      13408,
      33408,
      23408
    ],
    [
      13409,
      33409,
      23409
    ],
    [
      13410,
      33410,
      23410
    ],
    [
      13411,
      33411,
      23411
    ],
    [
      13412,
      33412,
      23412
    ],
    [
      13413,
      33413,
      23413
    ],
    [
      13414,
      33414,
      23414
    ],
    [
      13415,
      33415,
      23415
    ],
    [
      13416,
      33416,
      23416
    ],
    [
      13417,
      33417,
      23417
    ],
    [
      13418,
      33418,
      23418
    ],
    [
      13419,
      33419,
      23419
    ],
    [
      13420,
      33420,
      23420
    ],
    [
      13421,
      33421,
      23421
    ],
    [
      13422,
      33422,
      23422
    ],
    [
      13423,
      33423,
      23423
    ],
    [
      13424,
      33424,
      23424
    ],
    [
      13425,
      33425,
      23425
    ],
    [
      13426,
      33426,
      23426
    ],
    [
      13427,
      33427,
      23427
    ],
    [
      13428,
      33428,
      23428
    ],
    [
      13429,
      33429,
      23429
    ],
    [
      13430,
      33430,
      23430
    ],
    [
      13431,
      33431,
      23431
    ],
    [
      13432,
      33432,
      23432
    ],
    [
      13433,
      33433,
      23433
    ],
    [
      13434,
      33434,
      23434
    ],
    [
      13435,
      33435,
      23435
    ],
    [
      13436,
      33436,
      23436
    ],
    [
      13437,
      33437,
      23437
    ],
    [
      13438,
      33438,
      23438
    ],
    [
      13439,
      33439,
      23439
    ],
    [
      13440,
      33440,
      23440
    ],
    [
      13441,
      33441,
      23441
    ],
    [
      13442,
      33442,
      23442
    ],
    [
      13443,
      33443,
      23443
    ],
    [
      13444,
      33444,
      23444
    ],
    [
      13445,
      33445,
      23445
    ],
    [
      13446,
      33446,
      23446
    ],
    [
      13447,
      33447,
      23447
    ],
    [
      13448,
      33448,
      23448
    ],
    [
      13449,
      33449,
      23449
    ],
    [
      13450,
      33450,
      23450
    ],
    [
      13451,
      33451,
      23451
    ],
    [
      13452,
      33452,
      23452
    ],
    [
      13453,
      33453,
      23453
    ],
    [
      13454,
      33454,
      23454
    ],
    [
      13455,
      33455,
      23455
    ],
    [
      13456,
      33456,
      23456
    ],
    [
      13457,
      33457,
      23457
    ],
    [
      13458,
      33458,
      23458
    ],
    [
      13459,
      33459,
      23459
    ],
    [
      13460,
      33460,
      23460
    ],
    [
      13461,
      33461,
      23461
    ],
    [
      13462,
      33462,
      23462
    ],
    [
      13463,
      33463,
      23463
    ],
    [
      13464,
      33464,
      23464
    ],
    [
      13465,
      33465,
      23465
    ],
    [
      13466,
      33466,
      23466
    ],
    [
      13467,
      33467,
      23467
    ],
    [
      13468,
      33468,
      23468
    ],
    [
      13469,
      33469,
      23469
    ],
    [
      13470,
      33470,
      23470
    ],
    [
      13471,
      33471,
      23471
    ],
    [
      13472,
      33472,
      23472
    ],
    [
      13473,
      33473,
      23473
    ],
    [
      13474,
      33474,
      23474
    ],
    [
      13475,
      33475,
      23475
    ],
    [
      13476,
      33476,
      23476
    ],
    [
      13477,
      33477,
      23477
    ],
    [
      13478,
      33478,
      23478
    ],
    [
      13479,
      33479,
      23479
    ],
    [
      13480,
      33480,
      23480
    ],
    [
      13481,
      33481,
      23481
    ],
    [
      13482,
      33482,
      23482
    ],
    [
      13483,
      33483,
      23483
    ],
    [
      13484,
      33484,
      23484
    ],
    [
      13485,
      33485,
      23485
    ],
    [
      13486,
      33486,
      23486
    ],
    [
      13487,
      33487,
      23487
    ],
    [
      13488,
      33488,
      23488
    ],
    [
      13489,
      33489,
      23489
    ],
    [
      13490,
      33490,
      23490
    ],
    [
      13491,
      33491,
      23491
    ],
    [
      13492,
      33492,
      23492
    ],
    [
      13493,
      33493,
      23493
    ],
    [
      13494,
      33494,
      23494
    ],
    [
      13495,
      33495,
      23495
    ],
    [
      13496,
      33496,
      23496
    ],
    [
      13497,
      33497,
      23497
    ],
    [
      13498,
      33498,
      23498
    ],
    [
      13499,
      33499,
      23499
    ],
    [
      13500,
      33500,
      23500
    ],
    [
      13501,
      33501,
      23501
    ],
    [
      13502,
      33502,
      23502
    ],
    [
      13503,
      33503,
      23503
    ],
    [
      13504,
      33504,
      23504
    ],
    [
      13505,
      33505,
      23505
    ],
    [
      13506,
      33506,
      23506
    ],
    [
      13507,
      33507,
      23507
    ],
    [
      13508,
      33508,
      23508
    ],
    [
      13509,
      33509,
      23509
    ],
    [
      13510,
      33510,
      23510
    ],
    [
      13511,
      33511,
      23511
    ],
    [
      13512,
      33512,
      23512
    ],
    [
      13513,
      33513,
      23513
    ],
    [
      13514,
      33514,
      23514
    ],
    [
      13515,
      33515,
      23515
    ],
    [
      13516,
      33516,
      23516
    ],
    [
      13517,
      33517,
      23517
    ],
    [
      13518,
      33518,
      23518
    ],
    [
      13519,
      33519,
      23519
    ],
    [
      13520,
      33520,
      23520
    ],
    [
      13521,
      33521,
      23521
    ],
    [
      13522,
      33522,
      23522
    ],
    [
      13523,
      33523,
      23523
    ],
    [
      13524,
      33524,
      23524
    ],
    [
      13525,
      33525,
      23525
    ],
    [
      13526,
      33526,
      23526
    ],
    [
      13527,
      33527,
      23527
    ],
    [
      13528,
      33528,
      23528
    ],
    [
      13529,
      33529,
      23529
    ],
    [
      13530,
      33530,
      23530
    ],
    [
      13531,
      33531,
      23531
    ],
    [
      13532,
      33532,
      23532
    ],
    [
      13533,
      33533,
      23533
    ],
    [
      13534,
      33534,
      23534
    ],
    [
      13535,
      33535,
      23535
    ],
    [
      13536,
      33536,
      23536
    ],
    [
      13537,
      33537,
      23537
    ],
    [
      13538,
      33538,
      23538
    ],
    [
      13539,
      33539,
      23539
    ],
    [
      13540,
      33540,
      23540
    ],
    [
      13541,
      33541,
      23541
    ],
    [
      13542,
      33542,
      23542
    ],
    [
      13543,
      33543,
      23543
    ],
    [
      13544,
      33544,
      23544
    ],
    [
      13545,
      33545,
      23545
    ],
    [
      13546,
      33546,
      23546
    ],
    [
      13547,
      33547,
      23547
    ],
    [
      13548,
      33548,
      23548
    ],
    [
      13549,
      33549,
      23549
    ],
    [
      13550,
      33550,
      23550
    ],
    [
      13551,
      33551,
      23551
    ],
    [
      13552,
      33552,
      23552
    ],
    [
      13553,
      33553,
      23553
    ],
    [
      13554,
      33554,
      23554
    ],
    [
      13555,
      33555,
      23555
    ],
    [
      13556,
      33556,
      23556
    ],
    [
      13557,
      33557,
      23557
    ],
    [
      13558,
      33558,
      23558
    ],
    [
      13559,
      33559,
      23559
    ],
    [
      13560,
      33560,
      23560
    ],
    [
      13561,
      33561,
      23561
    ],
    [
      13562,
      33562,
      23562
    ],
    [
      13563,
      33563,
      23563
    ],
    [
      13564,
      33564,
      23564
    ],
    [
      13565,
      33565,
      23565
    ],
    [
      13566,
      33566,
      23566
    ],
    [
      13567,
      33567,
      23567
    ],
    [
      13568,
      33568,
      23568
    ],
    [
      13569,
      33569,
      23569
    ],
    [
      13570,
      33570,
      23570
    ],
    [
      13571,
      33571,
      23571
    ],
    [
      13572,
      33572,
      23572
    ],
    [
      13573,
      33573,
      23573
    ],
    [
      13574,
      33574,
      23574
    ],
    [
      13575,
      33575,
      23575
    ],
    [
      13576,
      33576,
      23576
    ],
    [
      13577,
      33577,
      23577
    ],
    [
      13578,
      33578,
      23578
    ],
    [
      13579,
      33579,
      23579
    ],
    [
      13580,
      33580,
      23580
    ],
    [
      13581,
      33581,
      23581
    ],
    [
      13582,
      33582,
      23582
    ],
    [
      13583,
      33583,
      23583
    ],
    [
      13584,
      33584,
      23584
    ],
    [
      13585,
      33585,
      23585
    ],
    [
      13586,
      33586,
      23586
    ],
    [
      13587,
      33587,
      23587
    ],
    [
      13588,
      33588,
      23588
    ],
    [
      13589,
      33589,
      23589
    ],
    [
      13590,
      33590,
      23590
    ],
    [
      13591,
      33591,
      23591
    ],
    [
      13592,
      33592,
      23592
    ],
    [
      13593,
      33593,
      23593
    ],
    [
      13594,
      33594,
      23594
    ],
    [
      13595,
      33595,
      23595
    ],
    [
      13596,
      33596,
      23596
    ],
    [
      13597,
      33597,
      23597
    ],
    [
      13598,
      33598,
      23598
    ],
    [
      13599,
      33599,
      23599
    ],
    [
      13600,
      33600,
      23600
    ],
    [
      13601,
      33601,
      23601
    ],
    [
      13602,
      33602,
      23602
    ],
    [
      13603,
      33603,
      23603
    ],
    [
      13604,
      33604,
      23604
    ],
    [
      13605,
      33605,
      23605
    ],
    [
      13606,
      33606,
      23606
    ],
    [
      13607,
      33607,
      23607
    ],
    [
      13608,
      33608,
      23608
    ],
    [
      13609,
      33609,
      23609
    ],
    [
      13610,
      33610,
      23610
    ],
    [
      13611,
      33611,
      23611
    ],
    [
      13612,
      33612,
      23612
    ],
    [
      13613,
      33613,
      23613
    ],
    [
      13614,
      33614,
      23614
    ],
    [
      13615,
      33615,
      23615
    ],
    [
      13616,
      33616,
      23616
    ],
    [
      13617,
      33617,
      23617
    ],
    [
      13618,
      33618,
      23618
    ],
    [
      13619,
      33619,
      23619
    ],
    [
      13620,
      33620,
      23620
    ],
    [
      13621,
      33621,
      23621
    ],
    [
      13622,
      33622,
      23622
    ],
    [
      13623,
      33623,
      23623
    ],
    [
      13624,
      33624,
      23624
    ],
    [
      13625,
      33625,
      23625
    ],
    [
      13626,
      33626,
      23626
    ],
    [
      13627,
      33627,
      23627
    ],
    [
      13628,
      33628,
      23628
    ],
    [
      13629,
      33629,
      23629
    ],
    [
      13630,
      33630,
      23630
    ],
    [
      13631,
      33631,
      23631
    ],
    [
      13632,
      33632,
      23632
    ],
    [
      13633,
      33633,
      23633
    ],
    [
      13634,
      33634,
      23634
    ],
    [
      13635,
      33635,
      23635
    ],
    [
      13636,
      33636,
      23636
    ],
    [
      13637,
      33637,
      23637
    ],
    [
      13638,
      33638,
      23638
    ],
    [
      13639,
      33639,
      23639
    ],
    [
      13640,
      33640,
      23640
    ],
    [
      13641,
      33641,
      23641
    ],
    [
      13642,
      33642,
      23642
    ],
    [
      13643,
      33643,
      23643
    ],
    [
      13644,
      33644,
      23644
    ],
    [
      13645,
      33645,
      23645
    ],
    [
      13646,
      33646,
      23646
    ],
    [
      13647,
      33647,
      23647
    ],
    [
      13648,
      33648,
      23648
    ],
    [
      13649,
      33649,
      23649
    ],
    [
      13650,
      33650,
      23650
    ],
    [
      13651,
      33651,
      23651
    ],
    [
      13652,
      33652,
      23652
    ],
    [
      13653,
      33653,
      23653
    ],
    [
      13654,
      33654,
      23654
    ],
    [
      13655,
      33655,
      23655
    ],
    [
      13656,
      33656,
      23656
    ],
    [
      13657,
      33657,
      23657
    ],
    [
      13658,
      33658,
      23658
    ],
    [
      13659,
      33659,
      23659
    ],
    [
      13660,
      33660,
      23660
    ],
    [
      13661,
      33661,
      23661
    ],
    [
      13662,
      33662,
      23662
    ],
    [
      13663,
      33663,
      23663
    ],
    [
      13664,
      33664,
      23664
    ],
    [
      13665,
      33665,
      23665
    ],
    [
      13666,
      33666,
      23666
    ],
    [
      13667,
      33667,
      23667
    ],
    [
      13668,
      33668,
      23668
    ],
    [
      13669,
      33669,
      23669
    ],
    [
      13670,
      33670,
      23670
    ],
    [
      13671,
      33671,
      23671
    ],
    [
      13672,
      33672,
      23672
    ],
    [
      13673,
      33673,
      23673
    ],
    [
      13674,
      33674,
      23674
    ],
    [
      13675,
      33675,
      23675
    ],
    [
      13676,
      33676,
      23676
    ],
    [
      13677,
      33677,
      23677
    ],
    [
      13678,
      33678,
      23678
    ],
    [
      13679,
      33679,
      23679
    ],
    [
      13680,
      33680,
      23680
    ],
    [
      13681,
      33681,
      23681
    ],
    [
      13682,
      33682,
      23682
    ],
    [
      13683,
      33683,
      23683
    ],
    [
      13684,
      33684,
      23684
    ],
    [
      13685,
      33685,
      23685
    ],
    [
      13686,
      33686,
      23686
    ],
    [
      13687,
      33687,
      23687
    ],
    [
      13688,
      33688,
      23688
    ],
    [
      13689,
      33689,
      23689
    ],
    [
      13690,
      33690,
      23690
    ],
    [
      13691,
      33691,
      23691
    ],
    [
      13692,
      33692,
      23692
    ],
    [
      13693,
      33693,
      23693
    ],
    [
      13694,
      33694,
      23694
    ],
    [
      13695,
      33695,
      23695
    ],
    [
      13696,
      33696,
      23696
    ],
    [
      13697,
      33697,
      23697
    ],
    [
      13698,
      33698,
      23698
    ],
    [
      13699,
      33699,
      23699
    ],
    [
      13700,
      33700,
      23700
    ],
    [
      13701,
      33701,
      23701
    ],
    [
      13702,
      33702,
      23702
    ],
    [
      13703,
      33703,
      23703
    ],
    [
      13704,
      33704,
      23704
    ],
    [
      13705,
      33705,
      23705
    ],
    [
      13706,
      33706,
      23706
    ],
    [
      13707,
      33707,
      23707
    ],
    [
      13708,
      33708,
      23708
    ],
    [
      13709,
      33709,
      23709
    ],
    [
      13710,
      33710,
      23710
    ],
    [
      13711,
      33711,
      23711
    ],
    [
      13712,
      33712,
      23712
    ],
    [
      13713,
      33713,
      23713
    ],
    [
      13714,
      33714,
      23714
    ],
    [
      13715,
      33715,
      23715
    ],
    [
      13716,
      33716,
      23716
    ],
    [
      13717,
      33717,
      23717
    ],
    [
      13718,
      33718,
      23718
    ],
    [
      13719,
      33719,
      23719
    ],
    [
      13720,
      33720,
      23720
    ],
    [
      13721,
      33721,
      23721
    ],
    [
      13722,
      33722,
      23722
    ],
    [
      13723,
      33723,
      23723
    ],
    [
      13724,
      33724,
      23724
    ],
    [
      13725,
      33725,
      23725
    ],
    [
      13726,
      33726,
      23726
    ],
    [
      13727,
      33727,
      23727
    ],
    [
      13728,
      33728,
      23728
    ],
    [
      13729,
      33729,
      23729
    ],
    [
      13730,
      33730,
      23730
    ],
    [
      13731,
      33731,
      23731
    ],
    [
      13732,
      33732,
      23732
    ],
    [
      13733,
      33733,
      23733
    ],
    [
      13734,
      33734,
      23734
    ],
    [
      13735,
      33735,
      23735
    ],
    [
      13736,
      33736,
      23736
    ],
    [
      13737,
      33737,
      23737
    ],
    [
      13738,
      33738,
      23738
    ],
    [
      13739,
      33739,
      23739
    ],
    [
      13740,
      33740,
      23740
    ],
    [
      13741,
      33741,
      23741
    ],
    [
      13742,
      33742,
      23742
    ],
    [
      13743,
      33743,
      23743
    ],
    [
      13744,
      33744,
      23744
    ],
    [
      13745,
      33745,
      23745
    ],
    [
      13746,
      33746,
      23746
    ],
    [
      13747,
      33747,
      23747
    ],
    [
      13748,
      33748,
      23748
    ],
    [
      13749,
      33749,
      23749
    ],
    [
      13750,
      33750,
      23750
    ],
    [
      13751,
      33751,
      23751
    ],
    [
      13752,
      33752,
      23752
    ],
    [
      13753,
      33753,
      23753
    ],
    [
      13754,
      33754,
      23754
    ],
    [
      13755,
      33755,
      23755
    ],
    [
      13756,
      33756,
      23756
    ],
    [
      13757,
      33757,
      23757
    ],
    [
      13758,
      33758,
      23758
    ],
    [
      13759,
      33759,
      23759
    ],
    [
      13760,
      33760,
      23760
    ],
    [
      13761,
      33761,
      23761
    ],
    [
      13762,
      33762,
      23762
    ],
    [
      13763,
      33763,
      23763
    ],
    [
      13764,
      33764,
      23764
    ],
    [
      13765,
      33765,
      23765
    ],
    [
      13766,
      33766,
      23766
    ],
    [
      13767,
      33767,
      23767
    ],
    [
      13768,
      33768,
      23768
    ],
    [
      13769,
      33769,
      23769
    ],
    [
      13770,
      33770,
      23770
    ],
    [
      13771,
      33771,
      23771
    ],
    [
      13772,
      33772,
      23772
    ],
    [
      13773,
      33773,
      23773
    ],
    [
      13774,
      33774,
      23774
    ],
    [
      13775,
      33775,
      23775
    ],
    [
      13776,
      33776,
      23776
    ],
    [
      13777,
      33777,
      23777
    ],
    [
      13778,
      33778,
      23778
    ],
    [
      13779,
      33779,
      23779
    ],
    [
      13780,
      33780,
      23780
    ],
    [
      13781,
      33781,
      23781
    ],
    [
      13782,
      33782,
      23782
    ],
    [
      13783,
      33783,
      23783
    ],
    [
      13784,
      33784,
      23784
    ],
    [
      13785,
      33785,
      23785
    ],
    [
      13786,
      33786,
      23786
    ],
    [
      13787,
      33787,
      23787
    ],
    [
      13788,
      33788,
      23788
    ],
    [
      13789,
      33789,
      23789
    ],
    [
      13790,
      33790,
      23790
    ],
    [
      13791,
      33791,
      23791
    ],
    [
      13792,
      33792,
      23792
    ],
    [
      13793,
      33793,
      23793
    ],
    [
      13794,
      33794,
      23794
    ],
    [
      13795,
      33795,
      23795
    ],
    [
      13796,
      33796,
      23796
    ],
    [
      13797,
      33797,
      23797
    ],
    [
      13798,
      33798,
      23798
    ],
    [
      13799,
      33799,
      23799
    ],
    [
      13800,
      33800,
      23800
    ],
    [
      13801,
      33801,
      23801
    ],
    [
      13802,
      33802,
      23802
    ],
    [
      13803,
      33803,
      23803
    ],
    [
      13804,
      33804,
      23804
    ],
    [
      13805,
      33805,
      23805
    ],
    [
      13806,
      33806,
      23806
    ],
    [
      13807,
      33807,
      23807
    ],
    [
      13808,
      33808,
      23808
    ],
    [
      13809,
      33809,
      23809
    ],
    [
      13810,
      33810,
      23810
    ],
    [
      13811,
      33811,
      23811
    ],
    [
      13812,
      33812,
      23812
    ],
    [
      13813,
      33813,
      23813
    ],
    [
      13814,
      33814,
      23814
    ],
    [
      13815,
      33815,
      23815
    ],
    [
      13816,
      33816,
      23816
    ],
    [
      13817,
      33817,
      23817
    ],
    [
      13818,
      33818,
      23818
    ],
    [
      13819,
      33819,
      23819
    ],
    [
      13820,
      33820,
      23820
    ],
    [
      13821,
      33821,
      23821
    ],
    [
      13822,
      33822,
      23822
    ],
    [
      13823,
      33823,
      23823
    ],
    [
      13824,
      33824,
      23824
    ],
    [
      13825,
      33825,
      23825
    ],
    [
      13826,
      33826,
      23826
    ],
    [
      13827,
      33827,
      23827
    ],
    [
      13828,
      33828,
      23828
    ],
    [
      13829,
      33829,
      23829
    ],
    [
      13830,
      33830,
      23830
    ],
    [
      13831,
      33831,
      23831
    ],
    [
      13832,
      33832,
      23832
    ],
    [
      13833,
      33833,
      23833
    ],
    [
      13834,
      33834,
      23834
    ],
    [
      13835,
      33835,
      23835
    ],
    [
      13836,
      33836,
      23836
    ],
    [
      13837,
      33837,
      23837
    ],
    [
      13838,
      33838,
      23838
    ],
    [
      13839,
      33839,
      23839
    ],
    [
      13840,
      33840,
      23840
    ],
    [
      13841,
      33841,
      23841
    ],
    [
      13842,
      33842,
      23842
    ],
    [
      13843,
      33843,
      23843
    ],
    [
      13844,
      33844,
      23844
    ],
    [
      13845,
      33845,
      23845
    ],
    [
      13846,
      33846,
      23846
    ],
    [
      13847,
      33847,
      23847
    ],
    [
      13848,
      33848,
      23848
    ],
    [
      13849,
      33849,
      23849
    ],
    [
      13850,
      33850,
      23850
    ],
    [
      13851,
      33851,
      23851
    ],
    [
      13852,
      33852,
      23852
    ],
    [
      13853,
      33853,
      23853
    ],
    [
      13854,
      33854,
      23854
    ],
    [
      13855,
      33855,
      23855
    ],
    [
      13856,
      33856,
      23856
    ],
    [
      13857,
      33857,
      23857
    ],
    [
      13858,
      33858,
      23858
    ],
    [
      13859,
      33859,
      23859
    ],
    [
      13860,
      33860,
      23860
    ],
    [
      13861,
      33861,
      23861
    ],
    [
      13862,
      33862,
      23862
    ],
    [
      13863,
      33863,
      23863
    ],
    [
      13864,
      33864,
      23864
    ],
    [
      13865,
      33865,
      23865
    ],
    [
      13866,
      33866,
      23866
    ],
    [
      13867,
      33867,
      23867
    ],
    [
      13868,
      33868,
      23868
    ],
    [
      13869,
      33869,
      23869
    ],
    [
      13870,
      33870,
      23870
    ],
    [
      13871,
      33871,
      23871
    ],
    [
      13872,
      33872,
      23872
    ],
    [
      13873,
      33873,
      23873
    ],
    [
      13874,
      33874,
      23874
    ],
    [
      13875,
      33875,
      23875
    ],
    [
      13876,
      33876,
      23876
    ],
    [
      13877,
      33877,
      23877
    ],
    [
      13878,
      33878,
      23878
    ],
    [
      13879,
      33879,
      23879
    ],
    [
      13880,
      33880,
      23880
    ],
    [
      13881,
      33881,
      23881
    ],
    [
      13882,
      33882,
      23882
    ],
    [
      13883,
      33883,
      23883
    ],
    [
      13884,
      33884,
      23884
    ],
    [
      13885,
      33885,
      23885
    ],
    [
      13886,
      33886,
      23886
    ],
    [
      13887,
      33887,
      23887
    ],
    [
      13888,
      33888,
      23888
    ],
    [
      13889,
      33889,
      23889
    ],
    [
      13890,
      33890,
      23890
    ],
    [
      13891,
      33891,
      23891
    ],
    [
      13892,
      33892,
      23892
    ],
    [
      13893,
      33893,
      23893
    ],
    [
      13894,
      33894,
      23894
    ],
    [
      13895,
      33895,
      23895
    ],
    [
      13896,
      33896,
      23896
    ],
    [
      13897,
      33897,
      23897
    ],
    [
      13898,
      33898,
      23898
    ],
    [
      13899,
      33899,
      23899
    ],
    [
      13900,
      33900,
      23900
    ],
    [
      13901,
      33901,
      23901
    ],
    [
      13902,
      33902,
      23902
    ],
    [
      13903,
      33903,
      23903
    ],
    [
      13904,
      33904,
      23904
    ],
    [
      13905,
      33905,
      23905
    ],
    [
      13906,
      33906,
      23906
    ],
    [
      13907,
      33907,
      23907
    ],
    [
      13908,
      33908,
      23908
    ],
    [
      13909,
      33909,
      23909
    ],
    [
      13910,
      33910,
      23910
    ],
    [
      13911,
      33911,
      23911
    ],
    [
      13912,
      33912,
      23912
    ],
    [
      13913,
      33913,
      23913
    ],
    [
      13914,
      33914,
      23914
    ],
    [
      13915,
      33915,
      23915
    ],
    [
      13916,
      33916,
      23916
    ],
    [
      13917,
      33917,
      23917
    ],
    [
      13918,
      33918,
      23918
    ],
    [
      13919,
      33919,
      23919
    ],
    [
      13920,
      33920,
      23920
    ],
    [
      13921,
      33921,
      23921
    ],
    [
      13922,
      33922,
      23922
    ],
    [
      13923,
      33923,
      23923
    ],
    [
      13924,
      33924,
      23924
    ],
    [
      13925,
      33925,
      23925
    ],
    [
      13926,
      33926,
      23926
    ],
    [
      13927,
      33927,
      23927
    ],
    [
      13928,
      33928,
      23928
    ],
    [
      13929,
      33929,
      23929
    ],
    [
      13930,
      33930,
      23930
    ],
    [
      13931,
      33931,
      23931
    ],
    [
      13932,
      33932,
      23932
    ],
    [
      13933,
      33933,
      23933
    ],
    [
      13934,
      33934,
      23934
    ],
    [
      13935,
      33935,
      23935
    ],
    [
      13936,
      33936,
      23936
    ],
    [
      13937,
      33937,
      23937
    ],
    [
      13938,
      33938,
      23938
    ],
    [
      13939,
      33939,
      23939
    ],
    [
      13940,
      33940,
      23940
    ],
    [
      13941,
      33941,
      23941
    ],
    [
      13942,
      33942,
      23942
    ],
    [
      13943,
      33943,
      23943
    ],
    [
      13944,
      33944,
      23944
    ],
    [
      13945,
      33945,
      23945
    ],
    [
      13946,
      33946,
      23946
    ],
    [
      13947,
      33947,
      23947
    ],
    [
      13948,
      33948,
      23948
    ],
    [
      13949,
      33949,
      23949
    ],
    [
      13950,
      33950,
      23950
    ],
    [
      13951,
      33951,
      23951
    ],
    [
      13952,
      33952,
      23952
    ],
    [
      13953,
      33953,
      23953
    ],
    [
      13954,
      33954,
      23954
    ],
    [
      13955,
      33955,
      23955
    ],
    [
      13956,
      33956,
      23956
    ],
    [
      13957,
      33957,
      23957
    ],
    [
      13958,
      33958,
      23958
    ],
    [
      13959,
      33959,
      23959
    ],
    [
      13960,
      33960,
      23960
    ],
    [
      13961,
      33961,
      23961
    ],
    [
      13962,
      33962,
      23962
    ],
    [
      13963,
      33963,
      23963
    ],
    [
      13964,
      33964,
      23964
    ],
    [
      13965,
      33965,
      23965
    ],
    [
      13966,
      33966,
      23966
    ],
    [
      13967,
      33967,
      23967
    ],
    [
      13968,
      33968,
      23968
    ],
    [
      13969,
      33969,
      23969
    ],
    [
      13970,
      33970,
      23970
    ],
    [
      13971,
      33971,
      23971
    ],
    [
      13972,
      33972,
      23972
    ],
    [
      13973,
      33973,
      23973
    ],
    [
      13974,
      33974,
      23974
    ],
    [
      13975,
      33975,
      23975
    ],
    [
      13976,
      33976,
      23976
    ],
    [
      13977,
      33977,
      23977
    ],
    [
      13978,
      33978,
      23978
    ],
    [
      13979,
      33979,
      23979
    ],
    [
      13980,
      33980,
      23980
    ],
    [
      13981,
      33981,
      23981
    ],
    [
      13982,
      33982,
      23982
    ],
    [
      13983,
      33983,
      23983
    ],
    [
      13984,
      33984,
      23984
    ],
    [
      13985,
      33985,
      23985
    ],
    [
      13986,
      33986,
      23986
    ],
    [
      13987,
      33987,
      23987
    ],
    [
      13988,
      33988,
      23988
    ],
    [
      13989,
      33989,
      23989
    ],
    [
      13990,
      33990,
      23990
    ],
    [
      13991,
      33991,
      23991
    ],
    [
      13992,
      33992,
      23992
    ],
    [
      13993,
      33993,
      23993
    ],
    [
      13994,
      33994,
      23994
    ],
    [
      13995,
      33995,
      23995
    ],
    [
      13996,
      33996,
      23996
    ],
    [
      13997,
      33997,
      23997
    ],
    [
      13998,
      33998,
      23998
    ],
    [
      13999,
      33999,
      23999
    ],
    [
      14000,
      34000,
      24000
    ],
    [
      14001,
      34001,
      24001
    ],
    [
      14002,
      34002,
      24002
    ],
    [
      14003,
      34003,
      24003
    ],
    [
      14004,
      34004,
      24004
    ],
    [
      14005,
      34005,
      24005
    ],
    [
      14006,
      34006,
      24006
    ],
    [
      14007,
      34007,
      24007
    ],
    [
      14008,
      34008,
      24008
    ],
    [
      14009,
      34009,
      24009
    ],
    [
      14010,
      34010,
      24010
    ],
    [
      14011,
      34011,
      24011
    ],
    [
      14012,
      34012,
      24012
    ],
    [
      14013,
      34013,
      24013
    ],
    [
      14014,
      34014,
      24014
    ],
    [
      14015,
      34015,
      24015
    ],
    [
      14016,
      34016,
      24016
    ],
    [
      14017,
      34017,
      24017
    ],
    [
      14018,
      34018,
      24018
    ],
    [
      14019,
      34019,
      24019
    ],
    [
      14020,
      34020,
      24020
    ],
    [
      14021,
      34021,
      24021
    ],
    [
      14022,
      34022,
      24022
    ],
    [
      14023,
      34023,
      24023
    ],
    [
      14024,
      34024,
      24024
    ],
    [
      14025,
      34025,
      24025
    ],
    [
      14026,
      34026,
      24026
    ],
    [
      14027,
      34027,
      24027
    ],
    [
      14028,
      34028,
      24028
    ],
    [
      14029,
      34029,
      24029
    ],
    [
      14030,
      34030,
      24030
    ],
    [
      14031,
      34031,
      24031
    ],
    [
      14032,
      34032,
      24032
    ],
    [
      14033,
      34033,
      24033
    ],
    [
      14034,
      34034,
      24034
    ],
    [
      14035,
      34035,
      24035
    ],
    [
      14036,
      34036,
      24036
    ],
    [
      14037,
      34037,
      24037
    ],
    [
      14038,
      34038,
      24038
    ],
    [
      14039,
      34039,
      24039
    ],
    [
      14040,
      34040,
      24040
    ],
    [
      14041,
      34041,
      24041
    ],
    [
      14042,
      34042,
      24042
    ],
    [
      14043,
      34043,
      24043
    ],
    [
      14044,
      34044,
      24044
    ],
    [
      14045,
      34045,
      24045
    ],
    [
      14046,
      34046,
      24046
    ],
    [
      14047,
      34047,
      24047
    ],
    [
      14048,
      34048,
      24048
    ],
    [
      14049,
      34049,
      24049
    ],
    [
      14050,
      34050,
      24050
    ],
    [
      14051,
      34051,
      24051
    ],
    [
      14052,
      34052,
      24052
    ],
    [
      14053,
      34053,
      24053
    ],
    [
      14054,
      34054,
      24054
    ],
    [
      14055,
      34055,
      24055
    ],
    [
      14056,
      34056,
      24056
    ],
    [
      14057,
      34057,
      24057
    ],
    [
      14058,
      34058,
      24058
    ],
    [
      14059,
      34059,
      24059
    ],
    [
      14060,
      34060,
      24060
    ],
    [
      14061,
      34061,
      24061
    ],
    [
      14062,
      34062,
      24062
    ],
    [
      14063,
      34063,
      24063
    ],
    [
      14064,
      34064,
      24064
    ],
    [
      14065,
      34065,
      24065
    ],
    [
      14066,
      34066,
      24066
    ],
    [
      14067,
      34067,
      24067
    ],
    [
      14068,
      34068,
      24068
    ],
    [
      14069,
      34069,
      24069
    ],
    [
      14070,
      34070,
      24070
    ],
    [
      14071,
      34071,
      24071
    ],
    [
      14072,
      34072,
      24072
    ],
    [
      14073,
      34073,
      24073
    ],
    [
      14074,
      34074,
      24074
    ],
    [
      14075,
      34075,
      24075
    ],
    [
      14076,
      34076,
      24076
    ],
    [
      14077,
      34077,
      24077
    ],
    [
      14078,
      34078,
      24078
    ],
    [
      14079,
      34079,
      24079
    ],
    [
      14080,
      34080,
      24080
    ],
    [
      14081,
      34081,
      24081
    ],
    [
      14082,
      34082,
      24082
    ],
    [
      14083,
      34083,
      24083
    ],
    [
      14084,
      34084,
      24084
    ],
    [
      14085,
      34085,
      24085
    ],
    [
      14086,
      34086,
      24086
    ],
    [
      14087,
      34087,
      24087
    ],
    [
      14088,
      34088,
      24088
    ],
    [
      14089,
      34089,
      24089
    ],
    [
      14090,
      34090,
      24090
    ],
    [
      14091,
      34091,
      24091
    ],
    [
      14092,
      34092,
      24092
    ],
    [
      14093,
      34093,
      24093
    ],
    [
      14094,
      34094,
      24094
    ],
    [
      14095,
      34095,
      24095
    ],
    [
      14096,
      34096,
      24096
    ],
    [
      14097,
      34097,
      24097
    ],
    [
      14098,
      34098,
      24098
    ],
    [
      14099,
      34099,
      24099
    ],
    [
      14100,
      34100,
      24100
    ],
    [
      14101,
      34101,
      24101
    ],
    [
      14102,
      34102,
      24102
    ],
    [
      14103,
      34103,
      24103
    ],
    [
      14104,
      34104,
      24104
    ],
    [
      14105,
      34105,
      24105
    ],
    [
      14106,
      34106,
      24106
    ],
    [
      14107,
      34107,
      24107
    ],
    [
      14108,
      34108,
      24108
    ],
    [
      14109,
      34109,
      24109
    ],
    [
      14110,
      34110,
      24110
    ],
    [
      14111,
      34111,
      24111
    ],
    [
      14112,
      34112,
      24112
    ],
    [
      14113,
      34113,
      24113
    ],
    [
      14114,
      34114,
      24114
    ],
    [
      14115,
      34115,
      24115
    ],
    [
      14116,
      34116,
      24116
    ],
    [
      14117,
      34117,
      24117
    ],
    [
      14118,
      34118,
      24118
    ],
    [
      14119,
      34119,
      24119
    ],
    [
      14120,
      34120,
      24120
    ],
    [
      14121,
      34121,
      24121
    ],
    [
      14122,
      34122,
      24122
    ],
    [
      14123,
      34123,
      24123
    ],
    [
      14124,
      34124,
      24124
    ],
    [
      14125,
      34125,
      24125
    ],
    [
      14126,
      34126,
      24126
    ],
    [
      14127,
      34127,
      24127
    ],
    [
      14128,
      34128,
      24128
    ],
    [
      14129,
      34129,
      24129
    ],
    [
      14130,
      34130,
      24130
    ],
    [
      14131,
      34131,
      24131
    ],
    [
      14132,
      34132,
      24132
    ],
    [
      14133,
      34133,
      24133
    ],
    [
      14134,
      34134,
      24134
    ],
    [
      14135,
      34135,
      24135
    ],
    [
      14136,
      34136,
      24136
    ],
    [
      14137,
      34137,
      24137
    ],
    [
      14138,
      34138,
      24138
    ],
    [
      14139,
      34139,
      24139
    ],
    [
      14140,
      34140,
      24140
    ],
    [
      14141,
      34141,
      24141
    ],
    [
      14142,
      34142,
      24142
    ],
    [
      14143,
      34143,
      24143
    ],
    [
      14144,
      34144,
      24144
    ],
    [
      14145,
      34145,
      24145
    ],
    [
      14146,
      34146,
      24146
    ],
    [
      14147,
      34147,
      24147
    ],
    [
      14148,
      34148,
      24148
    ],
    [
      14149,
      34149,
      24149
    ],
    [
      14150,
      34150,
      24150
    ],
    [
      14151,
      34151,
      24151
    ],
    [
      14152,
      34152,
      24152
    ],
    [
      14153,
      34153,
      24153
    ],
    [
      14154,
      34154,
      24154
    ],
    [
      14155,
      34155,
      24155
    ],
    [
      14156,
      34156,
      24156
    ],
    [
      14157,
      34157,
      24157
    ],
    [
      14158,
      34158,
      24158
    ],
    [
      14159,
      34159,
      24159
    ],
    [
      14160,
      34160,
      24160
    ],
    [
      14161,
      34161,
      24161
    ],
    [
      14162,
      34162,
      24162
    ],
    [
      14163,
      34163,
      24163
    ],
    [
      14164,
      34164,
      24164
    ],
    [
      14165,
      34165,
      24165
    ],
    [
      14166,
      34166,
      24166
    ],
    [
      14167,
      34167,
      24167
    ],
    [
      14168,
      34168,
      24168
    ],
    [
      14169,
      34169,
      24169
    ],
    [
      14170,
      34170,
      24170
    ],
    [
      14171,
      34171,
      24171
    ],
    [
      14172,
      34172,
      24172
    ],
    [
      14173,
      34173,
      24173
    ],
    [
      14174,
      34174,
      24174
    ],
    [
      14175,
      34175,
      24175
    ],
    [
      14176,
      34176,
      24176
    ],
    [
      14177,
      34177,
      24177
    ],
    [
      14178,
      34178,
      24178
    ],
    [
      14179,
      34179,
      24179
    ],
    [
      14180,
      34180,
      24180
    ],
    [
      14181,
      34181,
      24181
    ],
    [
      14182,
      34182,
      24182
    ],
    [
      14183,
      34183,
      24183
    ],
    [
      14184,
      34184,
      24184
    ],
    [
      14185,
      34185,
      24185
    ],
    [
      14186,
      34186,
      24186
    ],
    [
      14187,
      34187,
      24187
    ],
    [
      14188,
      34188,
      24188
    ],
    [
      14189,
      34189,
      24189
    ],
    [
      14190,
      34190,
      24190
    ],
    [
      14191,
      34191,
      24191
    ],
    [
      14192,
      34192,
      24192
    ],
    [
      14193,
      34193,
      24193
    ],
    [
      14194,
      34194,
      24194
    ],
    [
      14195,
      34195,
      24195
    ],
    [
      14196,
      34196,
      24196
    ],
    [
      14197,
      34197,
      24197
    ],
    [
      14198,
      34198,
      24198
    ],
    [
      14199,
      34199,
      24199
    ],
    [
      14200,
      34200,
      24200
    ],
    [
      14201,
      34201,
      24201
    ],
    [
      14202,
      34202,
      24202
    ],
    [
      14203,
      34203,
      24203
    ],
    [
      14204,
      34204,
      24204
    ],
    [
      14205,
      34205,
      24205
    ],
    [
      14206,
      34206,
      24206
    ],
    [
      14207,
      34207,
      24207
    ],
    [
      14208,
      34208,
      24208
    ],
    [
      14209,
      34209,
      24209
    ],
    [
      14210,
      34210,
      24210
    ],
    [
      14211,
      34211,
      24211
    ],
    [
      14212,
      34212,
      24212
    ],
    [
      14213,
      34213,
      24213
    ],
    [
      14214,
      34214,
      24214
    ],
    [
      14215,
      34215,
      24215
    ],
    [
      14216,
      34216,
      24216
    ],
    [
      14217,
      34217,
      24217
    ],
    [
      14218,
      34218,
      24218
    ],
    [
      14219,
      34219,
      24219
    ],
    [
      14220,
      34220,
      24220
    ],
    [
      14221,
      34221,
      24221
    ],
    [
      14222,
      34222,
      24222
    ],
    [
      14223,
      34223,
      24223
    ],
    [
      14224,
      34224,
      24224
    ],
    [
      14225,
      34225,
      24225
    ],
    [
      14226,
      34226,
      24226
    ],
    [
      14227,
      34227,
      24227
    ],
    [
      14228,
      34228,
      24228
    ],
    [
      14229,
      34229,
      24229
    ],
    [
      14230,
      34230,
      24230
    ],
    [
      14231,
      34231,
      24231
    ],
    [
      14232,
      34232,
      24232
    ],
    [
      14233,
      34233,
      24233
    ],
    [
      14234,
      34234,
      24234
    ],
    [
      14235,
      34235,
      24235
    ],
    [
      14236,
      34236,
      24236
    ],
    [
      14237,
      34237,
      24237
    ],
    [
      14238,
      34238,
      24238
    ],
    [
      14239,
      34239,
      24239
    ],
    [
      14240,
      34240,
      24240
    ],
    [
      14241,
      34241,
      24241
    ],
    [
      14242,
      34242,
      24242
    ],
    [
      14243,
      34243,
      24243
    ],
    [
      14244,
      34244,
      24244
    ],
    [
      14245,
      34245,
      24245
    ],
    [
      14246,
      34246,
      24246
    ],
    [
      14247,
      34247,
      24247
    ],
    [
      14248,
      34248,
      24248
    ],
    [
      14249,
      34249,
      24249
    ],
    [
      14250,
      34250,
      24250
    ],
    [
      14251,
      34251,
      24251
    ],
    [
      14252,
      34252,
      24252
    ],
    [
      14253,
      34253,
      24253
    ],
    [
      14254,
      34254,
      24254
    ],
    [
      14255,
      34255,
      24255
    ],
    [
      14256,
      34256,
      24256
    ],
    [
      14257,
      34257,
      24257
    ],
    [
      14258,
      34258,
      24258
    ],
    [
      14259,
      34259,
      24259
    ],
    [
      14260,
      34260,
      24260
    ],
    [
      14261,
      34261,
      24261
    ],
    [
      14262,
      34262,
      24262
    ],
    [
      14263,
      34263,
      24263
    ],
    [
      14264,
      34264,
      24264
    ],
    [
      14265,
      34265,
      24265
    ],
    [
      14266,
      34266,
      24266
    ],
    [
      14267,
      34267,
      24267
    ],
    [
      14268,
      34268,
      24268
    ],
    [
      14269,
      34269,
      24269
    ],
    [
      14270,
      34270,
      24270
    ],
    [
      14271,
      34271,
      24271
    ],
    [
      14272,
      34272,
      24272
    ],
    [
      14273,
      34273,
      24273
    ],
    [
      14274,
      34274,
      24274
    ],
    [
      14275,
      34275,
      24275
    ],
    [
      14276,
      34276,
      24276
    ],
    [
      14277,
      34277,
      24277
    ],
    [
      14278,
      34278,
      24278
    ],
    [
      14279,
      34279,
      24279
    ],
    [
      14280,
      34280,
      24280
    ],
    [
      14281,
      34281,
      24281
    ],
    [
      14282,
      34282,
      24282
    ],
    [
      14283,
      34283,
      24283
    ],
    [
      14284,
      34284,
      24284
    ],
    [
      14285,
      34285,
      24285
    ],
    [
      14286,
      34286,
      24286
    ],
    [
      14287,
      34287,
      24287
    ],
    [
      14288,
      34288,
      24288
    ],
    [
      14289,
      34289,
      24289
    ],
    [
      14290,
      34290,
      24290
    ],
    [
      14291,
      34291,
      24291
    ],
    [
      14292,
      34292,
      24292
    ],
    [
      14293,
      34293,
      24293
    ],
    [
      14294,
      34294,
      24294
    ],
    [
      14295,
      34295,
      24295
    ],
    [
      14296,
      34296,
      24296
    ],
    [
      14297,
      34297,
      24297
    ],
    [
      14298,
      34298,
      24298
    ],
    [
      14299,
      34299,
      24299
    ],
    [
      14300,
      34300,
      24300
    ],
    [
      14301,
      34301,
      24301
    ],
    [
      14302,
      34302,
      24302
    ],
    [
      14303,
      34303,
      24303
    ],
    [
      14304,
      34304,
      24304
    ],
    [
      14305,
      34305,
      24305
    ],
    [
      14306,
      34306,
      24306
    ],
    [
      14307,
      34307,
      24307
    ],
    [
      14308,
      34308,
      24308
    ],
    [
      14309,
      34309,
      24309
    ],
    [
      14310,
      34310,
      24310
    ],
    [
      14311,
      34311,
      24311
    ],
    [
      14312,
      34312,
      24312
    ],
    [
      14313,
      34313,
      24313
    ],
    [
      14314,
      34314,
      24314
    ],
    [
      14315,
      34315,
      24315
    ],
    [
      14316,
      34316,
      24316
    ],
    [
      14317,
      34317,
      24317
    ],
    [
      14318,
      34318,
      24318
    ],
    [
      14319,
      34319,
      24319
    ],
    [
      14320,
      34320,
      24320
    ],
    [
      14321,
      34321,
      24321
    ],
    [
      14322,
      34322,
      24322
    ],
    [
      14323,
      34323,
      24323
    ],
    [
      14324,
      34324,
      24324
    ],
    [
      14325,
      34325,
      24325
    ],
    [
      14326,
      34326,
      24326
    ],
    [
      14327,
      34327,
      24327
    ],
    [
      14328,
      34328,
      24328
    ],
    [
      14329,
      34329,
      24329
    ],
    [
      14330,
      34330,
      24330
    ],
    [
      14331,
      34331,
      24331
    ],
    [
      14332,
      34332,
      24332
    ],
    [
      14333,
      34333,
      24333
    ],
    [
      14334,
      34334,
      24334
    ],
    [
      14335,
      34335,
      24335
    ],
    [
      14336,
      34336,
      24336
    ],
    [
      14337,
      34337,
      24337
    ],
    [
      14338,
      34338,
      24338
    ],
    [
      14339,
      34339,
      24339
    ],
    [
      14340,
      34340,
      24340
    ],
    [
      14341,
      34341,
      24341
    ],
    [
      14342,
      34342,
      24342
    ],
    [
      14343,
      34343,
      24343
    ],
    [
      14344,
      34344,
      24344
    ],
    [
      14345,
      34345,
      24345
    ],
    [
      14346,
      34346,
      24346
    ],
    [
      14347,
      34347,
      24347
    ],
    [
      14348,
      34348,
      24348
    ],
    [
      14349,
      34349,
      24349
    ],
    [
      14350,
      34350,
      24350
    ],
    [
      14351,
      34351,
      24351
    ],
    [
      14352,
      34352,
      24352
    ],
    [
      14353,
      34353,
      24353
    ],
    [
      14354,
      34354,
      24354
    ],
    [
      14355,
      34355,
      24355
    ],
    [
      14356,
      34356,
      24356
    ],
    [
      14357,
      34357,
      24357
    ],
    [
      14358,
      34358,
      24358
    ],
    [
      14359,
      34359,
      24359
    ],
    [
      14360,
      34360,
      24360
    ],
    [
      14361,
      34361,
      24361
    ],
    [
      14362,
      34362,
      24362
    ],
    [
      14363,
      34363,
      24363
    ],
    [
      14364,
      34364,
      24364
    ],
    [
      14365,
      34365,
      24365
    ],
    [
      14366,
      34366,
      24366
    ],
    [
      14367,
      34367,
      24367
    ],
    [
      14368,
      34368,
      24368
    ],
    [
      14369,
      34369,
      24369
    ],
    [
      14370,
      34370,
      24370
    ],
    [
      14371,
      34371,
      24371
    ],
    [
      14372,
      34372,
      24372
    ],
    [
      14373,
      34373,
      24373
    ],
    [
      14374,
      34374,
      24374
    ],
    [
      14375,
      34375,
      24375
    ],
    [
      14376,
      34376,
      24376
    ],
    [
      14377,
      34377,
      24377
    ],
    [
      14378,
      34378,
      24378
    ],
    [
      14379,
      34379,
      24379
    ],
    [
      14380,
      34380,
      24380
    ],
    [
      14381,
      34381,
      24381
    ],
    [
      14382,
      34382,
      24382
    ],
    [
      14383,
      34383,
      24383
    ],
    [
      14384,
      34384,
      24384
    ],
    [
      14385,
      34385,
      24385
    ],
    [
      14386,
      34386,
      24386
    ],
    [
      14387,
      34387,
      24387
    ],
    [
      14388,
      34388,
      24388
    ],
    [
      14389,
      34389,
      24389
    ],
    [
      14390,
      34390,
      24390
    ],
    [
      14391,
      34391,
      24391
    ],
    [
      14392,
      34392,
      24392
    ],
    [
      14393,
      34393,
      24393
    ],
    [
      14394,
      34394,
      24394
    ],
    [
      14395,
      34395,
      24395
    ],
    [
      14396,
      34396,
      24396
    ],
    [
      14397,
      34397,
      24397
    ],
    [
      14398,
      34398,
      24398
    ],
    [
      14399,
      34399,
      24399
    ],
    [
      14400,
      34400,
      24400
    ],
    [
      14401,
      34401,
      24401
    ],
    [
      14402,
      34402,
      24402
    ],
    [
      14403,
      34403,
      24403
    ],
    [
      14404,
      34404,
      24404
    ],
    [
      14405,
      34405,
      24405
    ],
    [
      14406,
      34406,
      24406
    ],
    [
      14407,
      34407,
      24407
    ],
    [
      14408,
      34408,
      24408
    ],
    [
      14409,
      34409,
      24409
    ],
    [
      14410,
      34410,
      24410
    ],
    [
      14411,
      34411,
      24411
    ],
    [
      14412,
      34412,
      24412
    ],
    [
      14413,
      34413,
      24413
    ],
    [
      14414,
      34414,
      24414
    ],
    [
      14415,
      34415,
      24415
    ],
    [
      14416,
      34416,
      24416
    ],
    [
      14417,
      34417,
      24417
    ],
    [
      14418,
      34418,
      24418
    ],
    [
      14419,
      34419,
      24419
    ],
    [
      14420,
      34420,
      24420
    ],
    [
      14421,
      34421,
      24421
    ],
    [
      14422,
      34422,
      24422
    ],
    [
      14423,
      34423,
      24423
    ],
    [
      14424,
      34424,
      24424
    ],
    [
      14425,
      34425,
      24425
    ],
    [
      14426,
      34426,
      24426
    ],
    [
      14427,
      34427,
      24427
    ],
    [
      14428,
      34428,
      24428
    ],
    [
      14429,
      34429,
      24429
    ],
    [
      14430,
      34430,
      24430
    ],
    [
      14431,
      34431,
      24431
    ],
    [
      14432,
      34432,
      24432
    ],
    [
      14433,
      34433,
      24433
    ],
    [
      14434,
      34434,
      24434
    ],
    [
      14435,
      34435,
      24435
    ],
    [
      14436,
      34436,
      24436
    ],
    [
      14437,
      34437,
      24437
    ],
    [
      14438,
      34438,
      24438
    ],
    [
      14439,
      34439,
      24439
    ],
    [
      14440,
      34440,
      24440
    ],
    [
      14441,
      34441,
      24441
    ],
    [
      14442,
      34442,
      24442
    ],
    [
      14443,
      34443,
      24443
    ],
    [
      14444,
      34444,
      24444
    ],
    [
      14445,
      34445,
      24445
    ],
    [
      14446,
      34446,
      24446
    ],
    [
      14447,
      34447,
      24447
    ],
    [
      14448,
      34448,
      24448
    ],
    [
      14449,
      34449,
      24449
    ],
    [
      14450,
      34450,
      24450
    ],
    [
      14451,
      34451,
      24451
    ],
    [
      14452,
      34452,
      24452
    ],
    [
      14453,
      34453,
      24453
    ],
    [
      14454,
      34454,
      24454
    ],
    [
      14455,
      34455,
      24455
    ],
    [
      14456,
      34456,
      24456
    ],
    [
      14457,
      34457,
      24457
    ],
    [
      14458,
      34458,
      24458
    ],
    [
      14459,
      34459,
      24459
    ],
    [
      14460,
      34460,
      24460
    ],
    [
      14461,
      34461,
      24461
    ],
    [
      14462,
      34462,
      24462
    ],
    [
      14463,
      34463,
      24463
    ],
    [
      14464,
      34464,
      24464
    ],
    [
      14465,
      34465,
      24465
    ],
    [
      14466,
      34466,
      24466
    ],
    [
      14467,
      34467,
      24467
    ],
    [
      14468,
      34468,
      24468
    ],
    [
      14469,
      34469,
      24469
    ],
    [
      14470,
      34470,
      24470
    ],
    [
      14471,
      34471,
      24471
    ],
    [
      14472,
      34472,
      24472
    ],
    [
      14473,
      34473,
      24473
    ],
    [
      14474,
      34474,
      24474
    ],
    [
      14475,
      34475,
      24475
    ],
    [
      14476,
      34476,
      24476
    ],
    [
      14477,
      34477,
      24477
    ],
    [
      14478,
      34478,
      24478
    ],
    [
      14479,
      34479,
      24479
    ],
    [
      14480,
      34480,
      24480
    ],
    [
      14481,
      34481,
      24481
    ],
    [
      14482,
      34482,
      24482
    ],
    [
      14483,
      34483,
      24483
    ],
    [
      14484,
      34484,
      24484
    ],
    [
      14485,
      34485,
      24485
    ],
    [
      14486,
      34486,
      24486
    ],
    [
      14487,
      34487,
      24487
    ],
    [
      14488,
      34488,
      24488
    ],
    [
      14489,
      34489,
      24489
    ],
    [
      14490,
      34490,
      24490
    ],
    [
      14491,
      34491,
      24491
    ],
    [
      14492,
      34492,
      24492
    ],
    [
      14493,
      34493,
      24493
    ],
    [
      14494,
      34494,
      24494
    ],
    [
      14495,
      34495,
      24495
    ],
    [
      14496,
      34496,
      24496
    ],
    [
      14497,
      34497,
      24497
    ],
    [
      14498,
      34498,
      24498
    ],
    [
      14499,
      34499,
      24499
    ],
    [
      14500,
      34500,
      24500
    ],
    [
      14501,
      34501,
      24501
    ],
    [
      14502,
      34502,
      24502
    ],
    [
      14503,
      34503,
      24503
    ],
    [
      14504,
      34504,
      24504
    ],
    [
      14505,
      34505,
      24505
    ],
    [
      14506,
      34506,
      24506
    ],
    [
      14507,
      34507,
      24507
    ],
    [
      14508,
      34508,
      24508
    ],
    [
      14509,
      34509,
      24509
    ],
    [
      14510,
      34510,
      24510
    ],
    [
      14511,
      34511,
      24511
    ],
    [
      14512,
      34512,
      24512
    ],
    [
      14513,
      34513,
      24513
    ],
    [
      14514,
      34514,
      24514
    ],
    [
      14515,
      34515,
      24515
    ],
    [
      14516,
      34516,
      24516
    ],
    [
      14517,
      34517,
      24517
    ],
    [
      14518,
      34518,
      24518
    ],
    [
      14519,
      34519,
      24519
    ],
    [
      14520,
      34520,
      24520
    ],
    [
      14521,
      34521,
      24521
    ],
    [
      14522,
      34522,
      24522
    ],
    [
      14523,
      34523,
      24523
    ],
    [
      14524,
      34524,
      24524
    ],
    [
      14525,
      34525,
      24525
    ],
    [
      14526,
      34526,
      24526
    ],
    [
      14527,
      34527,
      24527
    ],
    [
      14528,
      34528,
      24528
    ],
    [
      14529,
      34529,
      24529
    ],
    [
      14530,
      34530,
      24530
    ],
    [
      14531,
      34531,
      24531
    ],
    [
      14532,
      34532,
      24532
    ],
    [
      14533,
      34533,
      24533
    ],
    [
      14534,
      34534,
      24534
    ],
    [
      14535,
      34535,
      24535
    ],
    [
      14536,
      34536,
      24536
    ],
    [
      14537,
      34537,
      24537
    ],
    [
      14538,
      34538,
      24538
    ],
    [
      14539,
      34539,
      24539
    ],
    [
      14540,
      34540,
      24540
    ],
    [
      14541,
      34541,
      24541
    ],
    [
      14542,
      34542,
      24542
    ],
    [
      14543,
      34543,
      24543
    ],
    [
      14544,
      34544,
      24544
    ],
    [
      14545,
      34545,
      24545
    ],
    [
      14546,
      34546,
      24546
    ],
    [
      14547,
      34547,
      24547
    ],
    [
      14548,
      34548,
      24548
    ],
    [
      14549,
      34549,
      24549
    ],
    [
      14550,
      34550,
      24550
    ],
    [
      14551,
      34551,
      24551
    ],
    [
      14552,
      34552,
      24552
    ],
    [
      14553,
      34553,
      24553
    ],
    [
      14554,
      34554,
      24554
    ],
    [
      14555,
      34555,
      24555
    ],
    [
      14556,
      34556,
      24556
    ],
    [
      14557,
      34557,
      24557
    ],
    [
      14558,
      34558,
      24558
    ],
    [
      14559,
      34559,
      24559
    ],
    [
      14560,
      34560,
      24560
    ],
    [
      14561,
      34561,
      24561
    ],
    [
      14562,
      34562,
      24562
    ],
    [
      14563,
      34563,
      24563
    ],
    [
      14564,
      34564,
      24564
    ],
    [
      14565,
      34565,
      24565
    ],
    [
      14566,
      34566,
      24566
    ],
    [
      14567,
      34567,
      24567
    ],
    [
      14568,
      34568,
      24568
    ],
    [
      14569,
      34569,
      24569
    ],
    [
      14570,
      34570,
      24570
    ],
    [
      14571,
      34571,
      24571
    ],
    [
      14572,
      34572,
      24572
    ],
    [
      14573,
      34573,
      24573
    ],
    [
      14574,
      34574,
      24574
    ],
    [
      14575,
      34575,
      24575
    ],
    [
      14576,
      34576,
      24576
    ],
    [
      14577,
      34577,
      24577
    ],
    [
      14578,
      34578,
      24578
    ],
    [
      14579,
      34579,
      24579
    ],
    [
      14580,
      34580,
      24580
    ],
    [
      14581,
      34581,
      24581
    ],
    [
      14582,
      34582,
      24582
    ],
    [
      14583,
      34583,
      24583
    ],
    [
      14584,
      34584,
      24584
    ],
    [
      14585,
      34585,
      24585
    ],
    [
      14586,
      34586,
      24586
    ],
    [
      14587,
      34587,
      24587
    ],
    [
      14588,
      34588,
      24588
    ],
    [
      14589,
      34589,
      24589
    ],
    [
      14590,
      34590,
      24590
    ],
    [
      14591,
      34591,
      24591
    ],
    [
      14592,
      34592,
      24592
    ],
    [
      14593,
      34593,
      24593
    ],
    [
      14594,
      34594,
      24594
    ],
    [
      14595,
      34595,
      24595
    ],
    [
      14596,
      34596,
      24596
    ],
    [
      14597,
      34597,
      24597
    ],
    [
      14598,
      34598,
      24598
    ],
    [
      14599,
      34599,
      24599
    ],
    [
      14600,
      34600,
      24600
    ],
    [
      14601,
      34601,
      24601
    ],
    [
      14602,
      34602,
      24602
    ],
    [
      14603,
      34603,
      24603
    ],
    [
      14604,
      34604,
      24604
    ],
    [
      14605,
      34605,
      24605
    ],
    [
      14606,
      34606,
      24606
    ],
    [
      14607,
      34607,
      24607
    ],
    [
      14608,
      34608,
      24608
    ],
    [
      14609,
      34609,
      24609
    ],
    [
      14610,
      34610,
      24610
    ],
    [
      14611,
      34611,
      24611
    ],
    [
      14612,
      34612,
      24612
    ],
    [
      14613,
      34613,
      24613
    ],
    [
      14614,
      34614,
      24614
    ],
    [
      14615,
      34615,
      24615
    ],
    [
      14616,
      34616,
      24616
    ],
    [
      14617,
      34617,
      24617
    ],
    [
      14618,
      34618,
      24618
    ],
    [
      14619,
      34619,
      24619
    ],
    [
      14620,
      34620,
      24620
    ],
    [
      14621,
      34621,
      24621
    ],
    [
      14622,
      34622,
      24622
    ],
    [
      14623,
      34623,
      24623
    ],
    [
      14624,
      34624,
      24624
    ],
    [
      14625,
      34625,
      24625
    ],
    [
      14626,
      34626,
      24626
    ],
    [
      14627,
      34627,
      24627
    ],
    [
      14628,
      34628,
      24628
    ],
    [
      14629,
      34629,
      24629
    ],
    [
      14630,
      34630,
      24630
    ],
    [
      14631,
      34631,
      24631
    ],
    [
      14632,
      34632,
      24632
    ],
    [
      14633,
      34633,
      24633
    ],
    [
      14634,
      34634,
      24634
    ],
    [
      14635,
      34635,
      24635
    ],
    [
      14636,
      34636,
      24636
    ],
    [
      14637,
      34637,
      24637
    ],
    [
      14638,
      34638,
      24638
    ],
    [
      14639,
      34639,
      24639
    ],
    [
      14640,
      34640,
      24640
    ],
    [
      14641,
      34641,
      24641
    ],
    [
      14642,
      34642,
      24642
    ],
    [
      14643,
      34643,
      24643
    ],
    [
      14644,
      34644,
      24644
    ],
    [
      14645,
      34645,
      24645
    ],
    [
      14646,
      34646,
      24646
    ],
    [
      14647,
      34647,
      24647
    ],
    [
      14648,
      34648,
      24648
    ],
    [
      14649,
      34649,
      24649
    ],
    [
      14650,
      34650,
      24650
    ],
    [
      14651,
      34651,
      24651
    ],
    [
      14652,
      34652,
      24652
    ],
    [
      14653,
      34653,
      24653
    ],
    [
      14654,
      34654,
      24654
    ],
    [
      14655,
      34655,
      24655
    ],
    [
      14656,
      34656,
      24656
    ],
    [
      14657,
      34657,
      24657
    ],
    [
      14658,
      34658,
      24658
    ],
    [
      14659,
      34659,
      24659
    ],
    [
      14660,
      34660,
      24660
    ],
    [
      14661,
      34661,
      24661
    ],
    [
      14662,
      34662,
      24662
    ],
    [
      14663,
      34663,
      24663
    ],
    [
      14664,
      34664,
      24664
    ],
    [
      14665,
      34665,
      24665
    ],
    [
      14666,
      34666,
      24666
    ],
    [
      14667,
      34667,
      24667
    ],
    [
      14668,
      34668,
      24668
    ],
    [
      14669,
      34669,
      24669
    ],
    [
      14670,
      34670,
      24670
    ],
    [
      14671,
      34671,
      24671
    ],
    [
      14672,
      34672,
      24672
    ],
    [
      14673,
      34673,
      24673
    ],
    [
      14674,
      34674,
      24674
    ],
    [
      14675,
      34675,
      24675
    ],
    [
      14676,
      34676,
      24676
    ],
    [
      14677,
      34677,
      24677
    ],
    [
      14678,
      34678,
      24678
    ],
    [
      14679,
      34679,
      24679
    ],
    [
      14680,
      34680,
      24680
    ],
    [
      14681,
      34681,
      24681
    ],
    [
      14682,
      34682,
      24682
    ],
    [
      14683,
      34683,
      24683
    ],
    [
      14684,
      34684,
      24684
    ],
    [
      14685,
      34685,
      24685
    ],
    [
      14686,
      34686,
      24686
    ],
    [
      14687,
      34687,
      24687
    ],
    [
      14688,
      34688,
      24688
    ],
    [
      14689,
      34689,
      24689
    ],
    [
      14690,
      34690,
      24690
    ],
    [
      14691,
      34691,
      24691
    ],
    [
      14692,
      34692,
      24692
    ],
    [
      14693,
      34693,
      24693
    ],
    [
      14694,
      34694,
      24694
    ],
    [
      14695,
      34695,
      24695
    ],
    [
      14696,
      34696,
      24696
    ],
    [
      14697,
      34697,
      24697
    ],
    [
      14698,
      34698,
      24698
    ],
    [
      14699,
      34699,
      24699
    ],
    [
      14700,
      34700,
      24700
    ],
    [
      14701,
      34701,
      24701
    ],
    [
      14702,
      34702,
      24702
    ],
    [
      14703,
      34703,
      24703
    ],
    [
      14704,
      34704,
      24704
    ],
    [
      14705,
      34705,
      24705
    ],
    [
      14706,
      34706,
      24706
    ],
    [
      14707,
      34707,
      24707
    ],
    [
      14708,
      34708,
      24708
    ],
    [
      14709,
      34709,
      24709
    ],
    [
      14710,
      34710,
      24710
    ],
    [
      14711,
      34711,
      24711
    ],
    [
      14712,
      34712,
      24712
    ],
    [
      14713,
      34713,
      24713
    ],
    [
      14714,
      34714,
      24714
    ],
    [
      14715,
      34715,
      24715
    ],
    [
      14716,
      34716,
      24716
    ],
    [
      14717,
      34717,
      24717
    ],
    [
      14718,
      34718,
      24718
    ],
    [
      14719,
      34719,
      24719
    ],
    [
      14720,
      34720,
      24720
    ],
    [
      14721,
      34721,
      24721
    ],
    [
      14722,
      34722,
      24722
    ],
    [
      14723,
      34723,
      24723
    ],
    [
      14724,
      34724,
      24724
    ],
    [
      14725,
      34725,
      24725
    ],
    [
      14726,
      34726,
      24726
    ],
    [
      14727,
      34727,
      24727
    ],
    [
      14728,
      34728,
      24728
    ],
    [
      14729,
      34729,
      24729
    ],
    [
      14730,
      34730,
      24730
    ],
    [
      14731,
      34731,
      24731
    ],
    [
      14732,
      34732,
      24732
    ],
    [
      14733,
      34733,
      24733
    ],
    [
      14734,
      34734,
      24734
    ],
    [
      14735,
      34735,
      24735
    ],
    [
      14736,
      34736,
      24736
    ],
    [
      14737,
      34737,
      24737
    ],
    [
      14738,
      34738,
      24738
    ],
    [
      14739,
      34739,
      24739
    ],
    [
      14740,
      34740,
      24740
    ],
    [
      14741,
      34741,
      24741
    ],
    [
      14742,
      34742,
      24742
    ],
    [
      14743,
      34743,
      24743
    ],
    [
      14744,
      34744,
      24744
    ],
    [
      14745,
      34745,
      24745
    ],
    [
      14746,
      34746,
      24746
    ],
    [
      14747,
      34747,
      24747
    ],
    [
      14748,
      34748,
      24748
    ],
    [
      14749,
      34749,
      24749
    ],
    [
      14750,
      34750,
      24750
    ],
    [
      14751,
      34751,
      24751
    ],
    [
      14752,
      34752,
      24752
    ],
    [
      14753,
      34753,
      24753
    ],
    [
      14754,
      34754,
      24754
    ],
    [
      14755,
      34755,
      24755
    ],
    [
      14756,
      34756,
      24756
    ],
    [
      14757,
      34757,
      24757
    ],
    [
      14758,
      34758,
      24758
    ],
    [
      14759,
      34759,
      24759
    ],
    [
      14760,
      34760,
      24760
    ],
    [
      14761,
      34761,
      24761
    ],
    [
      14762,
      34762,
      24762
    ],
    [
      14763,
      34763,
      24763
    ],
    [
      14764,
      34764,
      24764
    ],
    [
      14765,
      34765,
      24765
    ],
    [
      14766,
      34766,
      24766
    ],
    [
      14767,
      34767,
      24767
    ],
    [
      14768,
      34768,
      24768
    ],
    [
      14769,
      34769,
      24769
    ],
    [
      14770,
      34770,
      24770
    ],
    [
      14771,
      34771,
      24771
    ],
    [
      14772,
      34772,
      24772
    ],
    [
      14773,
      34773,
      24773
    ],
    [
      14774,
      34774,
      24774
    ],
    [
      14775,
      34775,
      24775
    ],
    [
      14776,
      34776,
      24776
    ],
    [
      14777,
      34777,
      24777
    ],
    [
      14778,
      34778,
      24778
    ],
    [
      14779,
      34779,
      24779
    ],
    [
      14780,
      34780,
      24780
    ],
    [
      14781,
      34781,
      24781
    ],
    [
      14782,
      34782,
      24782
    ],
    [
      14783,
      34783,
      24783
    ],
    [
      14784,
      34784,
      24784
    ],
    [
      14785,
      34785,
      24785
    ],
    [
      14786,
      34786,
      24786
    ],
    [
      14787,
      34787,
      24787
    ],
    [
      14788,
      34788,
      24788
    ],
    [
      14789,
      34789,
      24789
    ],
    [
      14790,
      34790,
      24790
    ],
    [
      14791,
      34791,
      24791
    ],
    [
      14792,
      34792,
      24792
    ],
    [
      14793,
      34793,
      24793
    ],
    [
      14794,
      34794,
      24794
    ],
    [
      14795,
      34795,
      24795
    ],
    [
      14796,
      34796,
      24796
    ],
    [
      14797,
      34797,
      24797
    ],
    [
      14798,
      34798,
      24798
    ],
    [
      14799,
      34799,
      24799
    ],
    [
      14800,
      34800,
      24800
    ],
    [
      14801,
      34801,
      24801
    ],
    [
      14802,
      34802,
      24802
    ],
    [
      14803,
      34803,
      24803
    ],
    [
      14804,
      34804,
      24804
    ],
    [
      14805,
      34805,
      24805
    ],
    [
      14806,
      34806,
      24806
    ],
    [
      14807,
      34807,
      24807
    ],
    [
      14808,
      34808,
      24808
    ],
    [
      14809,
      34809,
      24809
    ],
    [
      14810,
      34810,
      24810
    ],
    [
      14811,
      34811,
      24811
    ],
    [
      14812,
      34812,
      24812
    ],
    [
      14813,
      34813,
      24813
    ],
    [
      14814,
      34814,
      24814
    ],
    [
      14815,
      34815,
      24815
    ],
    [
      14816,
      34816,
      24816
    ],
    [
      14817,
      34817,
      24817
    ],
    [
      14818,
      34818,
      24818
    ],
    [
      14819,
      34819,
      24819
    ],
    [
      14820,
      34820,
      24820
    ],
    [
      14821,
      34821,
      24821
    ],
    [
      14822,
      34822,
      24822
    ],
    [
      14823,
      34823,
      24823
    ],
    [
      14824,
      34824,
      24824
    ],
    [
      14825,
      34825,
      24825
    ],
    [
      14826,
      34826,
      24826
    ],
    [
      14827,
      34827,
      24827
    ],
    [
      14828,
      34828,
      24828
    ],
    [
      14829,
      34829,
      24829
    ],
    [
      14830,
      34830,
      24830
    ],
    [
      14831,
      34831,
      24831
    ],
    [
      14832,
      34832,
      24832
    ],
    [
      14833,
      34833,
      24833
    ],
    [
      14834,
      34834,
      24834
    ],
    [
      14835,
      34835,
      24835
    ],
    [
      14836,
      34836,
      24836
    ],
    [
      14837,
      34837,
      24837
    ],
    [
      14838,
      34838,
      24838
    ],
    [
      14839,
      34839,
      24839
    ],
    [
      14840,
      34840,
      24840
    ],
    [
      14841,
      34841,
      24841
    ],
    [
      14842,
      34842,
      24842
    ],
    [
      14843,
      34843,
      24843
    ],
    [
      14844,
      34844,
      24844
    ],
    [
      14845,
      34845,
      24845
    ],
    [
      14846,
      34846,
      24846
    ],
    [
      14847,
      34847,
      24847
    ],
    [
      14848,
      34848,
      24848
    ],
    [
      14849,
      34849,
      24849
    ],
    [
      14850,
      34850,
      24850
    ],
    [
      14851,
      34851,
      24851
    ],
    [
      14852,
      34852,
      24852
    ],
    [
      14853,
      34853,
      24853
    ],
    [
      14854,
      34854,
      24854
    ],
    [
      14855,
      34855,
      24855
    ],
    [
      14856,
      34856,
      24856
    ],
    [
      14857,
      34857,
      24857
    ],
    [
      14858,
      34858,
      24858
    ],
    [
      14859,
      34859,
      24859
    ],
    [
      14860,
      34860,
      24860
    ],
    [
      14861,
      34861,
      24861
    ],
    [
      14862,
      34862,
      24862
    ],
    [
      14863,
      34863,
      24863
    ],
    [
      14864,
      34864,
      24864
    ],
    [
      14865,
      34865,
      24865
    ],
    [
      14866,
      34866,
      24866
    ],
    [
      14867,
      34867,
      24867
    ],
    [
      14868,
      34868,
      24868
    ],
    [
      14869,
      34869,
      24869
    ],
    [
      14870,
      34870,
      24870
    ],
    [
      14871,
      34871,
      24871
    ],
    [
      14872,
      34872,
      24872
    ],
    [
      14873,
      34873,
      24873
    ],
    [
      14874,
      34874,
      24874
    ],
    [
      14875,
      34875,
      24875
    ],
    [
      14876,
      34876,
      24876
    ],
    [
      14877,
      34877,
      24877
    ],
    [
      14878,
      34878,
      24878
    ],
    [
      14879,
      34879,
      24879
    ],
    [
      14880,
      34880,
      24880
    ],
    [
      14881,
      34881,
      24881
    ],
    [
      14882,
      34882,
      24882
    ],
    [
      14883,
      34883,
      24883
    ],
    [
      14884,
      34884,
      24884
    ],
    [
      14885,
      34885,
      24885
    ],
    [
      14886,
      34886,
      24886
    ],
    [
      14887,
      34887,
      24887
    ],
    [
      14888,
      34888,
      24888
    ],
    [
      14889,
      34889,
      24889
    ],
    [
      14890,
      34890,
      24890
    ],
    [
      14891,
      34891,
      24891
    ],
    [
      14892,
      34892,
      24892
    ],
    [
      14893,
      34893,
      24893
    ],
    [
      14894,
      34894,
      24894
    ],
    [
      14895,
      34895,
      24895
    ],
    [
      14896,
      34896,
      24896
    ],
    [
      14897,
      34897,
      24897
    ],
    [
      14898,
      34898,
      24898
    ],
    [
      14899,
      34899,
      24899
    ],
    [
      14900,
      34900,
      24900
    ],
    [
      14901,
      34901,
      24901
    ],
    [
      14902,
      34902,
      24902
    ],
    [
      14903,
      34903,
      24903
    ],
    [
      14904,
      34904,
      24904
    ],
    [
      14905,
      34905,
      24905
    ],
    [
      14906,
      34906,
      24906
    ],
    [
      14907,
      34907,
      24907
    ],
    [
      14908,
      34908,
      24908
    ],
    [
      14909,
      34909,
      24909
    ],
    [
      14910,
      34910,
      24910
    ],
    [
      14911,
      34911,
      24911
    ],
    [
      14912,
      34912,
      24912
    ],
    [
      14913,
      34913,
      24913
    ],
    [
      14914,
      34914,
      24914
    ],
    [
      14915,
      34915,
      24915
    ],
    [
      14916,
      34916,
      24916
    ],
    [
      14917,
      34917,
      24917
    ],
    [
      14918,
      34918,
      24918
    ],
    [
      14919,
      34919,
      24919
    ],
    [
      14920,
      34920,
      24920
    ],
    [
      14921,
      34921,
      24921
    ],
    [
      14922,
      34922,
      24922
    ],
    [
      14923,
      34923,
      24923
    ],
    [
      14924,
      34924,
      24924
    ],
    [
      14925,
      34925,
      24925
    ],
    [
      14926,
      34926,
      24926
    ],
    [
      14927,
      34927,
      24927
    ],
    [
      14928,
      34928,
      24928
    ],
    [
      14929,
      34929,
      24929
    ],
    [
      14930,
      34930,
      24930
    ],
    [
      14931,
      34931,
      24931
    ],
    [
      14932,
      34932,
      24932
    ],
    [
      14933,
      34933,
      24933
    ],
    [
      14934,
      34934,
      24934
    ],
    [
      14935,
      34935,
      24935
    ],
    [
      14936,
      34936,
      24936
    ],
    [
      14937,
      34937,
      24937
    ],
    [
      14938,
      34938,
      24938
    ],
    [
      14939,
      34939,
      24939
    ],
    [
      14940,
      34940,
      24940
    ],
    [
      14941,
      34941,
      24941
    ],
    [
      14942,
      34942,
      24942
    ],
    [
      14943,
      34943,
      24943
    ],
    [
      14944,
      34944,
      24944
    ],
    [
      14945,
      34945,
      24945
    ],
    [
      14946,
      34946,
      24946
    ],
    [
      14947,
      34947,
      24947
    ],
    [
      14948,
      34948,
      24948
    ],
    [
      14949,
      34949,
      24949
    ],
    [
      14950,
      34950,
      24950
    ],
    [
      14951,
      34951,
      24951
    ],
    [
      14952,
      34952,
      24952
    ],
    [
      14953,
      34953,
      24953
    ],
    [
      14954,
      34954,
      24954
    ],
    [
      14955,
      34955,
      24955
    ],
    [
      14956,
      34956,
      24956
    ],
    [
      14957,
      34957,
      24957
    ],
    [
      14958,
      34958,
      24958
    ],
    [
      14959,
      34959,
      24959
    ],
    [
      14960,
      34960,
      24960
    ],
    [
      14961,
      34961,
      24961
    ],
    [
      14962,
      34962,
      24962
    ],
    [
      14963,
      34963,
      24963
    ],
    [
      14964,
      34964,
      24964
    ],
    [
      14965,
      34965,
      24965
    ],
    [
      14966,
      34966,
      24966
    ],
    [
      14967,
      34967,
      24967
    ],
    [
      14968,
      34968,
      24968
    ],
    [
      14969,
      34969,
      24969
    ],
    [
      14970,
      34970,
      24970
    ],
    [
      14971,
      34971,
      24971
    ],
    [
      14972,
      34972,
      24972
    ],
    [
      14973,
      34973,
      24973
    ],
    [
      14974,
      34974,
      24974
    ],
    [
      14975,
      34975,
      24975
    ],
    [
      14976,
      34976,
      24976
    ],
    [
      14977,
      34977,
      24977
    ],
    [
      14978,
      34978,
      24978
    ],
    [
      14979,
      34979,
      24979
    ],
    [
      14980,
      34980,
      24980
    ],
    [
      14981,
      34981,
      24981
    ],
    [
      14982,
      34982,
      24982
    ],
    [
      14983,
      34983,
      24983
    ],
    [
      14984,
      34984,
      24984
    ],
    [
      14985,
      34985,
      24985
    ],
    [
      14986,
      34986,
      24986
    ],
    [
      14987,
      34987,
      24987
    ],
    [
      14988,
      34988,
      24988
    ],
    [
      14989,
      34989,
      24989
    ],
    [
      14990,
      34990,
      24990
    ],
    [
      14991,
      34991,
      24991
    ],
    [
      14992,
      34992,
      24992
    ],
    [
      14993,
      34993,
      24993
    ],
    [
      14994,
      34994,
      24994
    ],
    [
      14995,
      34995,
      24995
    ],
    [
      14996,
      34996,
      24996
    ],
    [
      14997,
      34997,
      24997
    ],
    [
      14998,
      34998,
      24998
    ],
    [
      14999,
      34999,
      24999
    ],
    [
      15000,
      35000,
      25000
    ],
    [
      15001,
      35001,
      25001
    ],
    [
      15002,
      35002,
      25002
    ],
    [
      15003,
      35003,
      25003
    ],
    [
      15004,
      35004,
      25004
    ],
    [
      15005,
      35005,
      25005
    ],
    [
      15006,
      35006,
      25006
    ],
    [
      15007,
      35007,
      25007
    ],
    [
      15008,
      35008,
      25008
    ],
    [
      15009,
      35009,
      25009
    ],
    [
      15010,
      35010,
      25010
    ],
    [
      15011,
      35011,
      25011
    ],
    [
      15012,
      35012,
      25012
    ],
    [
      15013,
      35013,
      25013
    ],
    [
      15014,
      35014,
      25014
    ],
    [
      15015,
      35015,
      25015
    ],
    [
      15016,
      35016,
      25016
    ],
    [
      15017,
      35017,
      25017
    ],
    [
      15018,
      35018,
      25018
    ],
    [
      15019,
      35019,
      25019
    ],
    [
      15020,
      35020,
      25020
    ],
    [
      15021,
      35021,
      25021
    ],
    [
      15022,
      35022,
      25022
    ],
    [
      15023,
      35023,
      25023
    ],
    [
      15024,
      35024,
      25024
    ],
    [
      15025,
      35025,
      25025
    ],
    [
      15026,
      35026,
      25026
    ],
    [
      15027,
      35027,
      25027
    ],
    [
      15028,
      35028,
      25028
    ],
    [
      15029,
      35029,
      25029
    ],
    [
      15030,
      35030,
      25030
    ],
    [
      15031,
      35031,
      25031
    ],
    [
      15032,
      35032,
      25032
    ],
    [
      15033,
      35033,
      25033
    ],
    [
      15034,
      35034,
      25034
    ],
    [
      15035,
      35035,
      25035
    ],
    [
      15036,
      35036,
      25036
    ],
    [
      15037,
      35037,
      25037
    ],
    [
      15038,
      35038,
      25038
    ],
    [
      15039,
      35039,
      25039
    ],
    [
      15040,
      35040,
      25040
    ],
    [
      15041,
      35041,
      25041
    ],
    [
      15042,
      35042,
      25042
    ],
    [
      15043,
      35043,
      25043
    ],
    [
      15044,
      35044,
      25044
    ],
    [
      15045,
      35045,
      25045
    ],
    [
      15046,
      35046,
      25046
    ],
    [
      15047,
      35047,
      25047
    ],
    [
      15048,
      35048,
      25048
    ],
    [
      15049,
      35049,
      25049
    ],
    [
      15050,
      35050,
      25050
    ],
    [
      15051,
      35051,
      25051
    ],
    [
      15052,
      35052,
      25052
    ],
    [
      15053,
      35053,
      25053
    ],
    [
      15054,
      35054,
      25054
    ],
    [
      15055,
      35055,
      25055
    ],
    [
      15056,
      35056,
      25056
    ],
    [
      15057,
      35057,
      25057
    ],
    [
      15058,
      35058,
      25058
    ],
    [
      15059,
      35059,
      25059
    ],
    [
      15060,
      35060,
      25060
    ],
    [
      15061,
      35061,
      25061
    ],
    [
      15062,
      35062,
      25062
    ],
    [
      15063,
      35063,
      25063
    ],
    [
      15064,
      35064,
      25064
    ],
    [
      15065,
      35065,
      25065
    ],
    [
      15066,
      35066,
      25066
    ],
    [
      15067,
      35067,
      25067
    ],
    [
      15068,
      35068,
      25068
    ],
    [
      15069,
      35069,
      25069
    ],
    [
      15070,
      35070,
      25070
    ],
    [
      15071,
      35071,
      25071
    ],
    [
      15072,
      35072,
      25072
    ],
    [
      15073,
      35073,
      25073
    ],
    [
      15074,
      35074,
      25074
    ],
    [
      15075,
      35075,
      25075
    ],
    [
      15076,
      35076,
      25076
    ],
    [
      15077,
      35077,
      25077
    ],
    [
      15078,
      35078,
      25078
    ],
    [
      15079,
      35079,
      25079
    ],
    [
      15080,
      35080,
      25080
    ],
    [
      15081,
      35081,
      25081
    ],
    [
      15082,
      35082,
      25082
    ],
    [
      15083,
      35083,
      25083
    ],
    [
      15084,
      35084,
      25084
    ],
    [
      15085,
      35085,
      25085
    ],
    [
      15086,
      35086,
      25086
    ],
    [
      15087,
      35087,
      25087
    ],
    [
      15088,
      35088,
      25088
    ],
    [
      15089,
      35089,
      25089
    ],
    [
      15090,
      35090,
      25090
    ],
    [
      15091,
      35091,
      25091
    ],
    [
      15092,
      35092,
      25092
    ],
    [
      15093,
      35093,
      25093
    ],
    [
      15094,
      35094,
      25094
    ],
    [
      15095,
      35095,
      25095
    ],
    [
      15096,
      35096,
      25096
    ],
    [
      15097,
      35097,
      25097
    ],
    [
      15098,
      35098,
      25098
    ],
    [
      15099,
      35099,
      25099
    ],
    [
      15100,
      35100,
      25100
    ],
    [
      15101,
      35101,
      25101
    ],
    [
      15102,
      35102,
      25102
    ],
    [
      15103,
      35103,
      25103
    ],
    [
      15104,
      35104,
      25104
    ],
    [
      15105,
      35105,
      25105
    ],
    [
      15106,
      35106,
      25106
    ],
    [
      15107,
      35107,
      25107
    ],
    [
      15108,
      35108,
      25108
    ],
    [
      15109,
      35109,
      25109
    ],
    [
      15110,
      35110,
      25110
    ],
    [
      15111,
      35111,
      25111
    ],
    [
      15112,
      35112,
      25112
    ],
    [
      15113,
      35113,
      25113
    ],
    [
      15114,
      35114,
      25114
    ],
    [
      15115,
      35115,
      25115
    ],
    [
      15116,
      35116,
      25116
    ],
    [
      15117,
      35117,
      25117
    ],
    [
      15118,
      35118,
      25118
    ],
    [
      15119,
      35119,
      25119
    ],
    [
      15120,
      35120,
      25120
    ],
    [
      15121,
      35121,
      25121
    ],
    [
      15122,
      35122,
      25122
    ],
    [
      15123,
      35123,
      25123
    ],
    [
      15124,
      35124,
      25124
    ],
    [
      15125,
      35125,
      25125
    ],
    [
      15126,
      35126,
      25126
    ],
    [
      15127,
      35127,
      25127
    ],
    [
      15128,
      35128,
      25128
    ],
    [
      15129,
      35129,
      25129
    ],
    [
      15130,
      35130,
      25130
    ],
    [
      15131,
      35131,
      25131
    ],
    [
      15132,
      35132,
      25132
    ],
    [
      15133,
      35133,
      25133
    ],
    [
      15134,
      35134,
      25134
    ],
    [
      15135,
      35135,
      25135
    ],
    [
      15136,
      35136,
      25136
    ],
    [
      15137,
      35137,
      25137
    ],
    [
      15138,
      35138,
      25138
    ],
    [
      15139,
      35139,
      25139
    ],
    [
      15140,
      35140,
      25140
    ],
    [
      15141,
      35141,
      25141
    ],
    [
      15142,
      35142,
      25142
    ],
    [
      15143,
      35143,
      25143
    ],
    [
      15144,
      35144,
      25144
    ],
    [
      15145,
      35145,
      25145
    ],
    [
      15146,
      35146,
      25146
    ],
    [
      15147,
      35147,
      25147
    ],
    [
      15148,
      35148,
      25148
    ],
    [
      15149,
      35149,
      25149
    ],
    [
      15150,
      35150,
      25150
    ],
    [
      15151,
      35151,
      25151
    ],
    [
      15152,
      35152,
      25152
    ],
    [
      15153,
      35153,
      25153
    ],
    [
      15154,
      35154,
      25154
    ],
    [
      15155,
      35155,
      25155
    ],
    [
      15156,
      35156,
      25156
    ],
    [
      15157,
      35157,
      25157
    ],
    [
      15158,
      35158,
      25158
    ],
    [
      15159,
      35159,
      25159
    ],
    [
      15160,
      35160,
      25160
    ],
    [
      15161,
      35161,
      25161
    ],
    [
      15162,
      35162,
      25162
    ],
    [
      15163,
      35163,
      25163
    ],
    [
      15164,
      35164,
      25164
    ],
    [
      15165,
      35165,
      25165
    ],
    [
      15166,
      35166,
      25166
    ],
    [
      15167,
      35167,
      25167
    ],
    [
      15168,
      35168,
      25168
    ],
    [
      15169,
      35169,
      25169
    ],
    [
      15170,
      35170,
      25170
    ],
    [
      15171,
      35171,
      25171
    ],
    [
      15172,
      35172,
      25172
    ],
    [
      15173,
      35173,
      25173
    ],
    [
      15174,
      35174,
      25174
    ],
    [
      15175,
      35175,
      25175
    ],
    [
      15176,
      35176,
      25176
    ],
    [
      15177,
      35177,
      25177
    ],
    [
      15178,
      35178,
      25178
    ],
    [
      15179,
      35179,
      25179
    ],
    [
      15180,
      35180,
      25180
    ],
    [
      15181,
      35181,
      25181
    ],
    [
      15182,
      35182,
      25182
    ],
    [
      15183,
      35183,
      25183
    ],
    [
      15184,
      35184,
      25184
    ],
    [
      15185,
      35185,
      25185
    ],
    [
      15186,
      35186,
      25186
    ],
    [
      15187,
      35187,
      25187
    ],
    [
      15188,
      35188,
      25188
    ],
    [
      15189,
      35189,
      25189
    ],
    [
      15190,
      35190,
      25190
    ],
    [
      15191,
      35191,
      25191
    ],
    [
      15192,
      35192,
      25192
    ],
    [
      15193,
      35193,
      25193
    ],
    [
      15194,
      35194,
      25194
    ],
    [
      15195,
      35195,
      25195
    ],
    [
      15196,
      35196,
      25196
    ],
    [
      15197,
      35197,
      25197
    ],
    [
      15198,
      35198,
      25198
    ],
    [
      15199,
      35199,
      25199
    ],
    [
      15200,
      35200,
      25200
    ],
    [
      15201,
      35201,
      25201
    ],
    [
      15202,
      35202,
      25202
    ],
    [
      15203,
      35203,
      25203
    ],
    [
      15204,
      35204,
      25204
    ],
    [
      15205,
      35205,
      25205
    ],
    [
      15206,
      35206,
      25206
    ],
    [
      15207,
      35207,
      25207
    ],
    [
      15208,
      35208,
      25208
    ],
    [
      15209,
      35209,
      25209
    ],
    [
      15210,
      35210,
      25210
    ],
    [
      15211,
      35211,
      25211
    ],
    [
      15212,
      35212,
      25212
    ],
    [
      15213,
      35213,
      25213
    ],
    [
      15214,
      35214,
      25214
    ],
    [
      15215,
      35215,
      25215
    ],
    [
      15216,
      35216,
      25216
    ],
    [
      15217,
      35217,
      25217
    ],
    [
      15218,
      35218,
      25218
    ],
    [
      15219,
      35219,
      25219
    ],
    [
      15220,
      35220,
      25220
    ],
    [
      15221,
      35221,
      25221
    ],
    [
      15222,
      35222,
      25222
    ],
    [
      15223,
      35223,
      25223
    ],
    [
      15224,
      35224,
      25224
    ],
    [
      15225,
      35225,
      25225
    ],
    [
      15226,
      35226,
      25226
    ],
    [
      15227,
      35227,
      25227
    ],
    [
      15228,
      35228,
      25228
    ],
    [
      15229,
      35229,
      25229
    ],
    [
      15230,
      35230,
      25230
    ],
    [
      15231,
      35231,
      25231
    ],
    [
      15232,
      35232,
      25232
    ],
    [
      15233,
      35233,
      25233
    ],
    [
      15234,
      35234,
      25234
    ],
    [
      15235,
      35235,
      25235
    ],
    [
      15236,
      35236,
      25236
    ],
    [
      15237,
      35237,
      25237
    ],
    [
      15238,
      35238,
      25238
    ],
    [
      15239,
      35239,
      25239
    ],
    [
      15240,
      35240,
      25240
    ],
    [
      15241,
      35241,
      25241
    ],
    [
      15242,
      35242,
      25242
    ],
    [
      15243,
      35243,
      25243
    ],
    [
      15244,
      35244,
      25244
    ],
    [
      15245,
      35245,
      25245
    ],
    [
      15246,
      35246,
      25246
    ],
    [
      15247,
      35247,
      25247
    ],
    [
      15248,
      35248,
      25248
    ],
    [
      15249,
      35249,
      25249
    ],
    [
      15250,
      35250,
      25250
    ],
    [
      15251,
      35251,
      25251
    ],
    [
      15252,
      35252,
      25252
    ],
    [
      15253,
      35253,
      25253
    ],
    [
      15254,
      35254,
      25254
    ],
    [
      15255,
      35255,
      25255
    ],
    [
      15256,
      35256,
      25256
    ],
    [
      15257,
      35257,
      25257
    ],
    [
      15258,
      35258,
      25258
    ],
    [
      15259,
      35259,
      25259
    ],
    [
      15260,
      35260,
      25260
    ],
    [
      15261,
      35261,
      25261
    ],
    [
      15262,
      35262,
      25262
    ],
    [
      15263,
      35263,
      25263
    ],
    [
      15264,
      35264,
      25264
    ],
    [
      15265,
      35265,
      25265
    ],
    [
      15266,
      35266,
      25266
    ],
    [
      15267,
      35267,
      25267
    ],
    [
      15268,
      35268,
      25268
    ],
    [
      15269,
      35269,
      25269
    ],
    [
      15270,
      35270,
      25270
    ],
    [
      15271,
      35271,
      25271
    ],
    [
      15272,
      35272,
      25272
    ],
    [
      15273,
      35273,
      25273
    ],
    [
      15274,
      35274,
      25274
    ],
    [
      15275,
      35275,
      25275
    ],
    [
      15276,
      35276,
      25276
    ],
    [
      15277,
      35277,
      25277
    ],
    [
      15278,
      35278,
      25278
    ],
    [
      15279,
      35279,
      25279
    ],
    [
      15280,
      35280,
      25280
    ],
    [
      15281,
      35281,
      25281
    ],
    [
      15282,
      35282,
      25282
    ],
    [
      15283,
      35283,
      25283
    ],
    [
      15284,
      35284,
      25284
    ],
    [
      15285,
      35285,
      25285
    ],
    [
      15286,
      35286,
      25286
    ],
    [
      15287,
      35287,
      25287
    ],
    [
      15288,
      35288,
      25288
    ],
    [
      15289,
      35289,
      25289
    ],
    [
      15290,
      35290,
      25290
    ],
    [
      15291,
      35291,
      25291
    ],
    [
      15292,
      35292,
      25292
    ],
    [
      15293,
      35293,
      25293
    ],
    [
      15294,
      35294,
      25294
    ],
    [
      15295,
      35295,
      25295
    ],
    [
      15296,
      35296,
      25296
    ],
    [
      15297,
      35297,
      25297
    ],
    [
      15298,
      35298,
      25298
    ],
    [
      15299,
      35299,
      25299
    ],
    [
      15300,
      35300,
      25300
    ],
    [
      15301,
      35301,
      25301
    ],
    [
      15302,
      35302,
      25302
    ],
    [
      15303,
      35303,
      25303
    ],
    [
      15304,
      35304,
      25304
    ],
    [
      15305,
      35305,
      25305
    ],
    [
      15306,
      35306,
      25306
    ],
    [
      15307,
      35307,
      25307
    ],
    [
      15308,
      35308,
      25308
    ],
    [
      15309,
      35309,
      25309
    ],
    [
      15310,
      35310,
      25310
    ],
    [
      15311,
      35311,
      25311
    ],
    [
      15312,
      35312,
      25312
    ],
    [
      15313,
      35313,
      25313
    ],
    [
      15314,
      35314,
      25314
    ],
    [
      15315,
      35315,
      25315
    ],
    [
      15316,
      35316,
      25316
    ],
    [
      15317,
      35317,
      25317
    ],
    [
      15318,
      35318,
      25318
    ],
    [
      15319,
      35319,
      25319
    ],
    [
      15320,
      35320,
      25320
    ],
    [
      15321,
      35321,
      25321
    ],
    [
      15322,
      35322,
      25322
    ],
    [
      15323,
      35323,
      25323
    ],
    [
      15324,
      35324,
      25324
    ],
    [
      15325,
      35325,
      25325
    ],
    [
      15326,
      35326,
      25326
    ],
    [
      15327,
      35327,
      25327
    ],
    [
      15328,
      35328,
      25328
    ],
    [
      15329,
      35329,
      25329
    ],
    [
      15330,
      35330,
      25330
    ],
    [
      15331,
      35331,
      25331
    ],
    [
      15332,
      35332,
      25332
    ],
    [
      15333,
      35333,
      25333
    ],
    [
      15334,
      35334,
      25334
    ],
    [
      15335,
      35335,
      25335
    ],
    [
      15336,
      35336,
      25336
    ],
    [
      15337,
      35337,
      25337
    ],
    [
      15338,
      35338,
      25338
    ],
    [
      15339,
      35339,
      25339
    ],
    [
      15340,
      35340,
      25340
    ],
    [
      15341,
      35341,
      25341
    ],
    [
      15342,
      35342,
      25342
    ],
    [
      15343,
      35343,
      25343
    ],
    [
      15344,
      35344,
      25344
    ],
    [
      15345,
      35345,
      25345
    ],
    [
      15346,
      35346,
      25346
    ],
    [
      15347,
      35347,
      25347
    ],
    [
      15348,
      35348,
      25348
    ],
    [
      15349,
      35349,
      25349
    ],
    [
      15350,
      35350,
      25350
    ],
    [
      15351,
      35351,
      25351
    ],
    [
      15352,
      35352,
      25352
    ],
    [
      15353,
      35353,
      25353
    ],
    [
      15354,
      35354,
      25354
    ],
    [
      15355,
      35355,
      25355
    ],
    [
      15356,
      35356,
      25356
    ],
    [
      15357,
      35357,
      25357
    ],
    [
      15358,
      35358,
      25358
    ],
    [
      15359,
      35359,
      25359
    ],
    [
      15360,
      35360,
      25360
    ],
    [
      15361,
      35361,
      25361
    ],
    [
      15362,
      35362,
      25362
    ],
    [
      15363,
      35363,
      25363
    ],
    [
      15364,
      35364,
      25364
    ],
    [
      15365,
      35365,
      25365
    ],
    [
      15366,
      35366,
      25366
    ],
    [
      15367,
      35367,
      25367
    ],
    [
      15368,
      35368,
      25368
    ],
    [
      15369,
      35369,
      25369
    ],
    [
      15370,
      35370,
      25370
    ],
    [
      15371,
      35371,
      25371
    ],
    [
      15372,
      35372,
      25372
    ],
    [
      15373,
      35373,
      25373
    ],
    [
      15374,
      35374,
      25374
    ],
    [
      15375,
      35375,
      25375
    ],
    [
      15376,
      35376,
      25376
    ],
    [
      15377,
      35377,
      25377
    ],
    [
      15378,
      35378,
      25378
    ],
    [
      15379,
      35379,
      25379
    ],
    [
      15380,
      35380,
      25380
    ],
    [
      15381,
      35381,
      25381
    ],
    [
      15382,
      35382,
      25382
    ],
    [
      15383,
      35383,
      25383
    ],
    [
      15384,
      35384,
      25384
    ],
    [
      15385,
      35385,
      25385
    ],
    [
      15386,
      35386,
      25386
    ],
    [
      15387,
      35387,
      25387
    ],
    [
      15388,
      35388,
      25388
    ],
    [
      15389,
      35389,
      25389
    ],
    [
      15390,
      35390,
      25390
    ],
    [
      15391,
      35391,
      25391
    ],
    [
      15392,
      35392,
      25392
    ],
    [
      15393,
      35393,
      25393
    ],
    [
      15394,
      35394,
      25394
    ],
    [
      15395,
      35395,
      25395
    ],
    [
      15396,
      35396,
      25396
    ],
    [
      15397,
      35397,
      25397
    ],
    [
      15398,
      35398,
      25398
    ],
    [
      15399,
      35399,
      25399
    ],
    [
      15400,
      35400,
      25400
    ],
    [
      15401,
      35401,
      25401
    ],
    [
      15402,
      35402,
      25402
    ],
    [
      15403,
      35403,
      25403
    ],
    [
      15404,
      35404,
      25404
    ],
    [
      15405,
      35405,
      25405
    ],
    [
      15406,
      35406,
      25406
    ],
    [
      15407,
      35407,
      25407
    ],
    [
      15408,
      35408,
      25408
    ],
    [
      15409,
      35409,
      25409
    ],
    [
      15410,
      35410,
      25410
    ],
    [
      15411,
      35411,
      25411
    ],
    [
      15412,
      35412,
      25412
    ],
    [
      15413,
      35413,
      25413
    ],
    [
      15414,
      35414,
      25414
    ],
    [
      15415,
      35415,
      25415
    ],
    [
      15416,
      35416,
      25416
    ],
    [
      15417,
      35417,
      25417
    ],
    [
      15418,
      35418,
      25418
    ],
    [
      15419,
      35419,
      25419
    ],
    [
      15420,
      35420,
      25420
    ],
    [
      15421,
      35421,
      25421
    ],
    [
      15422,
      35422,
      25422
    ],
    [
      15423,
      35423,
      25423
    ],
    [
      15424,
      35424,
      25424
    ],
    [
      15425,
      35425,
      25425
    ],
    [
      15426,
      35426,
      25426
    ],
    [
      15427,
      35427,
      25427
    ],
    [
      15428,
      35428,
      25428
    ],
    [
      15429,
      35429,
      25429
    ],
    [
      15430,
      35430,
      25430
    ],
    [
      15431,
      35431,
      25431
    ],
    [
      15432,
      35432,
      25432
    ],
    [
      15433,
      35433,
      25433
    ],
    [
      15434,
      35434,
      25434
    ],
    [
      15435,
      35435,
      25435
    ],
    [
      15436,
      35436,
      25436
    ],
    [
      15437,
      35437,
      25437
    ],
    [
      15438,
      35438,
      25438
    ],
    [
      15439,
      35439,
      25439
    ],
    [
      15440,
      35440,
      25440
    ],
    [
      15441,
      35441,
      25441
    ],
    [
      15442,
      35442,
      25442
    ],
    [
      15443,
      35443,
      25443
    ],
    [
      15444,
      35444,
      25444
    ],
    [
      15445,
      35445,
      25445
    ],
    [
      15446,
      35446,
      25446
    ],
    [
      15447,
      35447,
      25447
    ],
    [
      15448,
      35448,
      25448
    ],
    [
      15449,
      35449,
      25449
    ],
    [
      15450,
      35450,
      25450
    ],
    [
      15451,
      35451,
      25451
    ],
    [
      15452,
      35452,
      25452
    ],
    [
      15453,
      35453,
      25453
    ],
    [
      15454,
      35454,
      25454
    ],
    [
      15455,
      35455,
      25455
    ],
    [
      15456,
      35456,
      25456
    ],
    [
      15457,
      35457,
      25457
    ],
    [
      15458,
      35458,
      25458
    ],
    [
      15459,
      35459,
      25459
    ],
    [
      15460,
      35460,
      25460
    ],
    [
      15461,
      35461,
      25461
    ],
    [
      15462,
      35462,
      25462
    ],
    [
      15463,
      35463,
      25463
    ],
    [
      15464,
      35464,
      25464
    ],
    [
      15465,
      35465,
      25465
    ],
    [
      15466,
      35466,
      25466
    ],
    [
      15467,
      35467,
      25467
    ],
    [
      15468,
      35468,
      25468
    ],
    [
      15469,
      35469,
      25469
    ],
    [
      15470,
      35470,
      25470
    ],
    [
      15471,
      35471,
      25471
    ],
    [
      15472,
      35472,
      25472
    ],
    [
      15473,
      35473,
      25473
    ],
    [
      15474,
      35474,
      25474
    ],
    [
      15475,
      35475,
      25475
    ],
    [
      15476,
      35476,
      25476
    ],
    [
      15477,
      35477,
      25477
    ],
    [
      15478,
      35478,
      25478
    ],
    [
      15479,
      35479,
      25479
    ],
    [
      15480,
      35480,
      25480
    ],
    [
      15481,
      35481,
      25481
    ],
    [
      15482,
      35482,
      25482
    ],
    [
      15483,
      35483,
      25483
    ],
    [
      15484,
      35484,
      25484
    ],
    [
      15485,
      35485,
      25485
    ],
    [
      15486,
      35486,
      25486
    ],
    [
      15487,
      35487,
      25487
    ],
    [
      15488,
      35488,
      25488
    ],
    [
      15489,
      35489,
      25489
    ],
    [
      15490,
      35490,
      25490
    ],
    [
      15491,
      35491,
      25491
    ],
    [
      15492,
      35492,
      25492
    ],
    [
      15493,
      35493,
      25493
    ],
    [
      15494,
      35494,
      25494
    ],
    [
      15495,
      35495,
      25495
    ],
    [
      15496,
      35496,
      25496
    ],
    [
      15497,
      35497,
      25497
    ],
    [
      15498,
      35498,
      25498
    ],
    [
      15499,
      35499,
      25499
    ],
    [
      15500,
      35500,
      25500
    ],
    [
      15501,
      35501,
      25501
    ],
    [
      15502,
      35502,
      25502
    ],
    [
      15503,
      35503,
      25503
    ],
    [
      15504,
      35504,
      25504
    ],
    [
      15505,
      35505,
      25505
    ],
    [
      15506,
      35506,
      25506
    ],
    [
      15507,
      35507,
      25507
    ],
    [
      15508,
      35508,
      25508
    ],
    [
      15509,
      35509,
      25509
    ],
    [
      15510,
      35510,
      25510
    ],
    [
      15511,
      35511,
      25511
    ],
    [
      15512,
      35512,
      25512
    ],
    [
      15513,
      35513,
      25513
    ],
    [
      15514,
      35514,
      25514
    ],
    [
      15515,
      35515,
      25515
    ],
    [
      15516,
      35516,
      25516
    ],
    [
      15517,
      35517,
      25517
    ],
    [
      15518,
      35518,
      25518
    ],
    [
      15519,
      35519,
      25519
    ],
    [
      15520,
      35520,
      25520
    ],
    [
      15521,
      35521,
      25521
    ],
    [
      15522,
      35522,
      25522
    ],
    [
      15523,
      35523,
      25523
    ],
    [
      15524,
      35524,
      25524
    ],
    [
      15525,
      35525,
      25525
    ],
    [
      15526,
      35526,
      25526
    ],
    [
      15527,
      35527,
      25527
    ],
    [
      15528,
      35528,
      25528
    ],
    [
      15529,
      35529,
      25529
    ],
    [
      15530,
      35530,
      25530
    ],
    [
      15531,
      35531,
      25531
    ],
    [
      15532,
      35532,
      25532
    ],
    [
      15533,
      35533,
      25533
    ],
    [
      15534,
      35534,
      25534
    ],
    [
      15535,
      35535,
      25535
    ],
    [
      15536,
      35536,
      25536
    ],
    [
      15537,
      35537,
      25537
    ],
    [
      15538,
      35538,
      25538
    ],
    [
      15539,
      35539,
      25539
    ],
    [
      15540,
      35540,
      25540
    ],
    [
      15541,
      35541,
      25541
    ],
    [
      15542,
      35542,
      25542
    ],
    [
      15543,
      35543,
      25543
    ],
    [
      15544,
      35544,
      25544
    ],
    [
      15545,
      35545,
      25545
    ],
    [
      15546,
      35546,
      25546
    ],
    [
      15547,
      35547,
      25547
    ],
    [
      15548,
      35548,
      25548
    ],
    [
      15549,
      35549,
      25549
    ],
    [
      15550,
      35550,
      25550
    ],
    [
      15551,
      35551,
      25551
    ],
    [
      15552,
      35552,
      25552
    ],
    [
      15553,
      35553,
      25553
    ],
    [
      15554,
      35554,
      25554
    ],
    [
      15555,
      35555,
      25555
    ],
    [
      15556,
      35556,
      25556
    ],
    [
      15557,
      35557,
      25557
    ],
    [
      15558,
      35558,
      25558
    ],
    [
      15559,
      35559,
      25559
    ],
    [
      15560,
      35560,
      25560
    ],
    [
      15561,
      35561,
      25561
    ],
    [
      15562,
      35562,
      25562
    ],
    [
      15563,
      35563,
      25563
    ],
    [
      15564,
      35564,
      25564
    ],
    [
      15565,
      35565,
      25565
    ],
    [
      15566,
      35566,
      25566
    ],
    [
      15567,
      35567,
      25567
    ],
    [
      15568,
      35568,
      25568
    ],
    [
      15569,
      35569,
      25569
    ],
    [
      15570,
      35570,
      25570
    ],
    [
      15571,
      35571,
      25571
    ],
    [
      15572,
      35572,
      25572
    ],
    [
      15573,
      35573,
      25573
    ],
    [
      15574,
      35574,
      25574
    ],
    [
      15575,
      35575,
      25575
    ],
    [
      15576,
      35576,
      25576
    ],
    [
      15577,
      35577,
      25577
    ],
    [
      15578,
      35578,
      25578
    ],
    [
      15579,
      35579,
      25579
    ],
    [
      15580,
      35580,
      25580
    ],
    [
      15581,
      35581,
      25581
    ],
    [
      15582,
      35582,
      25582
    ],
    [
      15583,
      35583,
      25583
    ],
    [
      15584,
      35584,
      25584
    ],
    [
      15585,
      35585,
      25585
    ],
    [
      15586,
      35586,
      25586
    ],
    [
      15587,
      35587,
      25587
    ],
    [
      15588,
      35588,
      25588
    ],
    [
      15589,
      35589,
      25589
    ],
    [
      15590,
      35590,
      25590
    ],
    [
      15591,
      35591,
      25591
    ],
    [
      15592,
      35592,
      25592
    ],
    [
      15593,
      35593,
      25593
    ],
    [
      15594,
      35594,
      25594
    ],
    [
      15595,
      35595,
      25595
    ],
    [
      15596,
      35596,
      25596
    ],
    [
      15597,
      35597,
      25597
    ],
    [
      15598,
      35598,
      25598
    ],
    [
      15599,
      35599,
      25599
    ],
    [
      15600,
      35600,
      25600
    ],
    [
      15601,
      35601,
      25601
    ],
    [
      15602,
      35602,
      25602
    ],
    [
      15603,
      35603,
      25603
    ],
    [
      15604,
      35604,
      25604
    ],
    [
      15605,
      35605,
      25605
    ],
    [
      15606,
      35606,
      25606
    ],
    [
      15607,
      35607,
      25607
    ],
    [
      15608,
      35608,
      25608
    ],
    [
      15609,
      35609,
      25609
    ],
    [
      15610,
      35610,
      25610
    ],
    [
      15611,
      35611,
      25611
    ],
    [
      15612,
      35612,
      25612
    ],
    [
      15613,
      35613,
      25613
    ],
    [
      15614,
      35614,
      25614
    ],
    [
      15615,
      35615,
      25615
    ],
    [
      15616,
      35616,
      25616
    ],
    [
      15617,
      35617,
      25617
    ],
    [
      15618,
      35618,
      25618
    ],
    [
      15619,
      35619,
      25619
    ],
    [
      15620,
      35620,
      25620
    ],
    [
      15621,
      35621,
      25621
    ],
    [
      15622,
      35622,
      25622
    ],
    [
      15623,
      35623,
      25623
    ],
    [
      15624,
      35624,
      25624
    ],
    [
      15625,
      35625,
      25625
    ],
    [
      15626,
      35626,
      25626
    ],
    [
      15627,
      35627,
      25627
    ],
    [
      15628,
      35628,
      25628
    ],
    [
      15629,
      35629,
      25629
    ],
    [
      15630,
      35630,
      25630
    ],
    [
      15631,
      35631,
      25631
    ],
    [
      15632,
      35632,
      25632
    ],
    [
      15633,
      35633,
      25633
    ],
    [
      15634,
      35634,
      25634
    ],
    [
      15635,
      35635,
      25635
    ],
    [
      15636,
      35636,
      25636
    ],
    [
      15637,
      35637,
      25637
    ],
    [
      15638,
      35638,
      25638
    ],
    [
      15639,
      35639,
      25639
    ],
    [
      15640,
      35640,
      25640
    ],
    [
      15641,
      35641,
      25641
    ],
    [
      15642,
      35642,
      25642
    ],
    [
      15643,
      35643,
      25643
    ],
    [
      15644,
      35644,
      25644
    ],
    [
      15645,
      35645,
      25645
    ],
    [
      15646,
      35646,
      25646
    ],
    [
      15647,
      35647,
      25647
    ],
    [
      15648,
      35648,
      25648
    ],
    [
      15649,
      35649,
      25649
    ],
    [
      15650,
      35650,
      25650
    ],
    [
      15651,
      35651,
      25651
    ],
    [
      15652,
      35652,
      25652
    ],
    [
      15653,
      35653,
      25653
    ],
    [
      15654,
      35654,
      25654
    ],
    [
      15655,
      35655,
      25655
    ],
    [
      15656,
      35656,
      25656
    ],
    [
      15657,
      35657,
      25657
    ],
    [
      15658,
      35658,
      25658
    ],
    [
      15659,
      35659,
      25659
    ],
    [
      15660,
      35660,
      25660
    ],
    [
      15661,
      35661,
      25661
    ],
    [
      15662,
      35662,
      25662
    ],
    [
      15663,
      35663,
      25663
    ],
    [
      15664,
      35664,
      25664
    ],
    [
      15665,
      35665,
      25665
    ],
    [
      15666,
      35666,
      25666
    ],
    [
      15667,
      35667,
      25667
    ],
    [
      15668,
      35668,
      25668
    ],
    [
      15669,
      35669,
      25669
    ],
    [
      15670,
      35670,
      25670
    ],
    [
      15671,
      35671,
      25671
    ],
    [
      15672,
      35672,
      25672
    ],
    [
      15673,
      35673,
      25673
    ],
    [
      15674,
      35674,
      25674
    ],
    [
      15675,
      35675,
      25675
    ],
    [
      15676,
      35676,
      25676
    ],
    [
      15677,
      35677,
      25677
    ],
    [
      15678,
      35678,
      25678
    ],
    [
      15679,
      35679,
      25679
    ],
    [
      15680,
      35680,
      25680
    ],
    [
      15681,
      35681,
      25681
    ],
    [
      15682,
      35682,
      25682
    ],
    [
      15683,
      35683,
      25683
    ],
    [
      15684,
      35684,
      25684
    ],
    [
      15685,
      35685,
      25685
    ],
    [
      15686,
      35686,
      25686
    ],
    [
      15687,
      35687,
      25687
    ],
    [
      15688,
      35688,
      25688
    ],
    [
      15689,
      35689,
      25689
    ],
    [
      15690,
      35690,
      25690
    ],
    [
      15691,
      35691,
      25691
    ],
    [
      15692,
      35692,
      25692
    ],
    [
      15693,
      35693,
      25693
    ],
    [
      15694,
      35694,
      25694
    ],
    [
      15695,
      35695,
      25695
    ],
    [
      15696,
      35696,
      25696
    ],
    [
      15697,
      35697,
      25697
    ],
    [
      15698,
      35698,
      25698
    ],
    [
      15699,
      35699,
      25699
    ],
    [
      15700,
      35700,
      25700
    ],
    [
      15701,
      35701,
      25701
    ],
    [
      15702,
      35702,
      25702
    ],
    [
      15703,
      35703,
      25703
    ],
    [
      15704,
      35704,
      25704
    ],
    [
      15705,
      35705,
      25705
    ],
    [
      15706,
      35706,
      25706
    ],
    [
      15707,
      35707,
      25707
    ],
    [
      15708,
      35708,
      25708
    ],
    [
      15709,
      35709,
      25709
    ],
    [
      15710,
      35710,
      25710
    ],
    [
      15711,
      35711,
      25711
    ],
    [
      15712,
      35712,
      25712
    ],
    [
      15713,
      35713,
      25713
    ],
    [
      15714,
      35714,
      25714
    ],
    [
      15715,
      35715,
      25715
    ],
    [
      15716,
      35716,
      25716
    ],
    [
      15717,
      35717,
      25717
    ],
    [
      15718,
      35718,
      25718
    ],
    [
      15719,
      35719,
      25719
    ],
    [
      15720,
      35720,
      25720
    ],
    [
      15721,
      35721,
      25721
    ],
    [
      15722,
      35722,
      25722
    ],
    [
      15723,
      35723,
      25723
    ],
    [
      15724,
      35724,
      25724
    ],
    [
      15725,
      35725,
      25725
    ],
    [
      15726,
      35726,
      25726
    ],
    [
      15727,
      35727,
      25727
    ],
    [
      15728,
      35728,
      25728
    ],
    [
      15729,
      35729,
      25729
    ],
    [
      15730,
      35730,
      25730
    ],
    [
      15731,
      35731,
      25731
    ],
    [
      15732,
      35732,
      25732
    ],
    [
      15733,
      35733,
      25733
    ],
    [
      15734,
      35734,
      25734
    ],
    [
      15735,
      35735,
      25735
    ],
    [
      15736,
      35736,
      25736
    ],
    [
      15737,
      35737,
      25737
    ],
    [
      15738,
      35738,
      25738
    ],
    [
      15739,
      35739,
      25739
    ],
    [
      15740,
      35740,
      25740
    ],
    [
      15741,
      35741,
      25741
    ],
    [
      15742,
      35742,
      25742
    ],
    [
      15743,
      35743,
      25743
    ],
    [
      15744,
      35744,
      25744
    ],
    [
      15745,
      35745,
      25745
    ],
    [
      15746,
      35746,
      25746
    ],
    [
      15747,
      35747,
      25747
    ],
    [
      15748,
      35748,
      25748
    ],
    [
      15749,
      35749,
      25749
    ],
    [
      15750,
      35750,
      25750
    ],
    [
      15751,
      35751,
      25751
    ],
    [
      15752,
      35752,
      25752
    ],
    [
      15753,
      35753,
      25753
    ],
    [
      15754,
      35754,
      25754
    ],
    [
      15755,
      35755,
      25755
    ],
    [
      15756,
      35756,
      25756
    ],
    [
      15757,
      35757,
      25757
    ],
    [
      15758,
      35758,
      25758
    ],
    [
      15759,
      35759,
      25759
    ],
    [
      15760,
      35760,
      25760
    ],
    [
      15761,
      35761,
      25761
    ],
    [
      15762,
      35762,
      25762
    ],
    [
      15763,
      35763,
      25763
    ],
    [
      15764,
      35764,
      25764
    ],
    [
      15765,
      35765,
      25765
    ],
    [
      15766,
      35766,
      25766
    ],
    [
      15767,
      35767,
      25767
    ],
    [
      15768,
      35768,
      25768
    ],
    [
      15769,
      35769,
      25769
    ],
    [
      15770,
      35770,
      25770
    ],
    [
      15771,
      35771,
      25771
    ],
    [
      15772,
      35772,
      25772
    ],
    [
      15773,
      35773,
      25773
    ],
    [
      15774,
      35774,
      25774
    ],
    [
      15775,
      35775,
      25775
    ],
    [
      15776,
      35776,
      25776
    ],
    [
      15777,
      35777,
      25777
    ],
    [
      15778,
      35778,
      25778
    ],
    [
      15779,
      35779,
      25779
    ],
    [
      15780,
      35780,
      25780
    ],
    [
      15781,
      35781,
      25781
    ],
    [
      15782,
      35782,
      25782
    ],
    [
      15783,
      35783,
      25783
    ],
    [
      15784,
      35784,
      25784
    ],
    [
      15785,
      35785,
      25785
    ],
    [
      15786,
      35786,
      25786
    ],
    [
      15787,
      35787,
      25787
    ],
    [
      15788,
      35788,
      25788
    ],
    [
      15789,
      35789,
      25789
    ],
    [
      15790,
      35790,
      25790
    ],
    [
      15791,
      35791,
      25791
    ],
    [
      15792,
      35792,
      25792
    ],
    [
      15793,
      35793,
      25793
    ],
    [
      15794,
      35794,
      25794
    ],
    [
      15795,
      35795,
      25795
    ],
    [
      15796,
      35796,
      25796
    ],
    [
      15797,
      35797,
      25797
    ],
    [
      15798,
      35798,
      25798
    ],
    [
      15799,
      35799,
      25799
    ],
    [
      15800,
      35800,
      25800
    ],
    [
      15801,
      35801,
      25801
    ],
    [
      15802,
      35802,
      25802
    ],
    [
      15803,
      35803,
      25803
    ],
    [
      15804,
      35804,
      25804
    ],
    [
      15805,
      35805,
      25805
    ],
    [
      15806,
      35806,
      25806
    ],
    [
      15807,
      35807,
      25807
    ],
    [
      15808,
      35808,
      25808
    ],
    [
      15809,
      35809,
      25809
    ],
    [
      15810,
      35810,
      25810
    ],
    [
      15811,
      35811,
      25811
    ],
    [
      15812,
      35812,
      25812
    ],
    [
      15813,
      35813,
      25813
    ],
    [
      15814,
      35814,
      25814
    ],
    [
      15815,
      35815,
      25815
    ],
    [
      15816,
      35816,
      25816
    ],
    [
      15817,
      35817,
      25817
    ],
    [
      15818,
      35818,
      25818
    ],
    [
      15819,
      35819,
      25819
    ],
    [
      15820,
      35820,
      25820
    ],
    [
      15821,
      35821,
      25821
    ],
    [
      15822,
      35822,
      25822
    ],
    [
      15823,
      35823,
      25823
    ],
    [
      15824,
      35824,
      25824
    ],
    [
      15825,
      35825,
      25825
    ],
    [
      15826,
      35826,
      25826
    ],
    [
      15827,
      35827,
      25827
    ],
    [
      15828,
      35828,
      25828
    ],
    [
      15829,
      35829,
      25829
    ],
    [
      15830,
      35830,
      25830
    ],
    [
      15831,
      35831,
      25831
    ],
    [
      15832,
      35832,
      25832
    ],
    [
      15833,
      35833,
      25833
    ],
    [
      15834,
      35834,
      25834
    ],
    [
      15835,
      35835,
      25835
    ],
    [
      15836,
      35836,
      25836
    ],
    [
      15837,
      35837,
      25837
    ],
    [
      15838,
      35838,
      25838
    ],
    [
      15839,
      35839,
      25839
    ],
    [
      15840,
      35840,
      25840
    ],
    [
      15841,
      35841,
      25841
    ],
    [
      15842,
      35842,
      25842
    ],
    [
      15843,
      35843,
      25843
    ],
    [
      15844,
      35844,
      25844
    ],
    [
      15845,
      35845,
      25845
    ],
    [
      15846,
      35846,
      25846
    ],
    [
      15847,
      35847,
      25847
    ],
    [
      15848,
      35848,
      25848
    ],
    [
      15849,
      35849,
      25849
    ],
    [
      15850,
      35850,
      25850
    ],
    [
      15851,
      35851,
      25851
    ],
    [
      15852,
      35852,
      25852
    ],
    [
      15853,
      35853,
      25853
    ],
    [
      15854,
      35854,
      25854
    ],
    [
      15855,
      35855,
      25855
    ],
    [
      15856,
      35856,
      25856
    ],
    [
      15857,
      35857,
      25857
    ],
    [
      15858,
      35858,
      25858
    ],
    [
      15859,
      35859,
      25859
    ],
    [
      15860,
      35860,
      25860
    ],
    [
      15861,
      35861,
      25861
    ],
    [
      15862,
      35862,
      25862
    ],
    [
      15863,
      35863,
      25863
    ],
    [
      15864,
      35864,
      25864
    ],
    [
      15865,
      35865,
      25865
    ],
    [
      15866,
      35866,
      25866
    ],
    [
      15867,
      35867,
      25867
    ],
    [
      15868,
      35868,
      25868
    ],
    [
      15869,
      35869,
      25869
    ],
    [
      15870,
      35870,
      25870
    ],
    [
      15871,
      35871,
      25871
    ],
    [
      15872,
      35872,
      25872
    ],
    [
      15873,
      35873,
      25873
    ],
    [
      15874,
      35874,
      25874
    ],
    [
      15875,
      35875,
      25875
    ],
    [
      15876,
      35876,
      25876
    ],
    [
      15877,
      35877,
      25877
    ],
    [
      15878,
      35878,
      25878
    ],
    [
      15879,
      35879,
      25879
    ],
    [
      15880,
      35880,
      25880
    ],
    [
      15881,
      35881,
      25881
    ],
    [
      15882,
      35882,
      25882
    ],
    [
      15883,
      35883,
      25883
    ],
    [
      15884,
      35884,
      25884
    ],
    [
      15885,
      35885,
      25885
    ],
    [
      15886,
      35886,
      25886
    ],
    [
      15887,
      35887,
      25887
    ],
    [
      15888,
      35888,
      25888
    ],
    [
      15889,
      35889,
      25889
    ],
    [
      15890,
      35890,
      25890
    ],
    [
      15891,
      35891,
      25891
    ],
    [
      15892,
      35892,
      25892
    ],
    [
      15893,
      35893,
      25893
    ],
    [
      15894,
      35894,
      25894
    ],
    [
      15895,
      35895,
      25895
    ],
    [
      15896,
      35896,
      25896
    ],
    [
      15897,
      35897,
      25897
    ],
    [
      15898,
      35898,
      25898
    ],
    [
      15899,
      35899,
      25899
    ],
    [
      15900,
      35900,
      25900
    ],
    [
      15901,
      35901,
      25901
    ],
    [
      15902,
      35902,
      25902
    ],
    [
      15903,
      35903,
      25903
    ],
    [
      15904,
      35904,
      25904
    ],
    [
      15905,
      35905,
      25905
    ],
    [
      15906,
      35906,
      25906
    ],
    [
      15907,
      35907,
      25907
    ],
    [
      15908,
      35908,
      25908
    ],
    [
      15909,
      35909,
      25909
    ],
    [
      15910,
      35910,
      25910
    ],
    [
      15911,
      35911,
      25911
    ],
    [
      15912,
      35912,
      25912
    ],
    [
      15913,
      35913,
      25913
    ],
    [
      15914,
      35914,
      25914
    ],
    [
      15915,
      35915,
      25915
    ],
    [
      15916,
      35916,
      25916
    ],
    [
      15917,
      35917,
      25917
    ],
    [
      15918,
      35918,
      25918
    ],
    [
      15919,
      35919,
      25919
    ],
    [
      15920,
      35920,
      25920
    ],
    [
      15921,
      35921,
      25921
    ],
    [
      15922,
      35922,
      25922
    ],
    [
      15923,
      35923,
      25923
    ],
    [
      15924,
      35924,
      25924
    ],
    [
      15925,
      35925,
      25925
    ],
    [
      15926,
      35926,
      25926
    ],
    [
      15927,
      35927,
      25927
    ],
    [
      15928,
      35928,
      25928
    ],
    [
      15929,
      35929,
      25929
    ],
    [
      15930,
      35930,
      25930
    ],
    [
      15931,
      35931,
      25931
    ],
    [
      15932,
      35932,
      25932
    ],
    [
      15933,
      35933,
      25933
    ],
    [
      15934,
      35934,
      25934
    ],
    [
      15935,
      35935,
      25935
    ],
    [
      15936,
      35936,
      25936
    ],
    [
      15937,
      35937,
      25937
    ],
    [
      15938,
      35938,
      25938
    ],
    [
      15939,
      35939,
      25939
    ],
    [
      15940,
      35940,
      25940
    ],
    [
      15941,
      35941,
      25941
    ],
    [
      15942,
      35942,
      25942
    ],
    [
      15943,
      35943,
      25943
    ],
    [
      15944,
      35944,
      25944
    ],
    [
      15945,
      35945,
      25945
    ],
    [
      15946,
      35946,
      25946
    ],
    [
      15947,
      35947,
      25947
    ],
    [
      15948,
      35948,
      25948
    ],
    [
      15949,
      35949,
      25949
    ],
    [
      15950,
      35950,
      25950
    ],
    [
      15951,
      35951,
      25951
    ],
    [
      15952,
      35952,
      25952
    ],
    [
      15953,
      35953,
      25953
    ],
    [
      15954,
      35954,
      25954
    ],
    [
      15955,
      35955,
      25955
    ],
    [
      15956,
      35956,
      25956
    ],
    [
      15957,
      35957,
      25957
    ],
    [
      15958,
      35958,
      25958
    ],
    [
      15959,
      35959,
      25959
    ],
    [
      15960,
      35960,
      25960
    ],
    [
      15961,
      35961,
      25961
    ],
    [
      15962,
      35962,
      25962
    ],
    [
      15963,
      35963,
      25963
    ],
    [
      15964,
      35964,
      25964
    ],
    [
      15965,
      35965,
      25965
    ],
    [
      15966,
      35966,
      25966
    ],
    [
      15967,
      35967,
      25967
    ],
    [
      15968,
      35968,
      25968
    ],
    [
      15969,
      35969,
      25969
    ],
    [
      15970,
      35970,
      25970
    ],
    [
      15971,
      35971,
      25971
    ],
    [
      15972,
      35972,
      25972
    ],
    [
      15973,
      35973,
      25973
    ],
    [
      15974,
      35974,
      25974
    ],
    [
      15975,
      35975,
      25975
    ],
    [
      15976,
      35976,
      25976
    ],
    [
      15977,
      35977,
      25977
    ],
    [
      15978,
      35978,
      25978
    ],
    [
      15979,
      35979,
      25979
    ],
    [
      15980,
      35980,
      25980
    ],
    [
      15981,
      35981,
      25981
    ],
    [
      15982,
      35982,
      25982
    ],
    [
      15983,
      35983,
      25983
    ],
    [
      15984,
      35984,
      25984
    ],
    [
      15985,
      35985,
      25985
    ],
    [
      15986,
      35986,
      25986
    ],
    [
      15987,
      35987,
      25987
    ],
    [
      15988,
      35988,
      25988
    ],
    [
      15989,
      35989,
      25989
    ],
    [
      15990,
      35990,
      25990
    ],
    [
      15991,
      35991,
      25991
    ],
    [
      15992,
      35992,
      25992
    ],
    [
      15993,
      35993,
      25993
    ],
    [
      15994,
      35994,
      25994
    ],
    [
      15995,
      35995,
      25995
    ],
    [
      15996,
      35996,
      25996
    ],
    [
      15997,
      35997,
      25997
    ],
    [
      15998,
      35998,
      25998
    ],
    [
      15999,
      35999,
      25999
    ],
    [
      16000,
      36000,
      26000
    ],
    [
      16001,
      36001,
      26001
    ],
    [
      16002,
      36002,
      26002
    ],
    [
      16003,
      36003,
      26003
    ],
    [
      16004,
      36004,
      26004
    ],
    [
      16005,
      36005,
      26005
    ],
    [
      16006,
      36006,
      26006
    ],
    [
      16007,
      36007,
      26007
    ],
    [
      16008,
      36008,
      26008
    ],
    [
      16009,
      36009,
      26009
    ],
    [
      16010,
      36010,
      26010
    ],
    [
      16011,
      36011,
      26011
    ],
    [
      16012,
      36012,
      26012
    ],
    [
      16013,
      36013,
      26013
    ],
    [
      16014,
      36014,
      26014
    ],
    [
      16015,
      36015,
      26015
    ],
    [
      16016,
      36016,
      26016
    ],
    [
      16017,
      36017,
      26017
    ],
    [
      16018,
      36018,
      26018
    ],
    [
      16019,
      36019,
      26019
    ],
    [
      16020,
      36020,
      26020
    ],
    [
      16021,
      36021,
      26021
    ],
    [
      16022,
      36022,
      26022
    ],
    [
      16023,
      36023,
      26023
    ],
    [
      16024,
      36024,
      26024
    ],
    [
      16025,
      36025,
      26025
    ],
    [
      16026,
      36026,
      26026
    ],
    [
      16027,
      36027,
      26027
    ],
    [
      16028,
      36028,
      26028
    ],
    [
      16029,
      36029,
      26029
    ],
    [
      16030,
      36030,
      26030
    ],
    [
      16031,
      36031,
      26031
    ],
    [
      16032,
      36032,
      26032
    ],
    [
      16033,
      36033,
      26033
    ],
    [
      16034,
      36034,
      26034
    ],
    [
      16035,
      36035,
      26035
    ],
    [
      16036,
      36036,
      26036
    ],
    [
      16037,
      36037,
      26037
    ],
    [
      16038,
      36038,
      26038
    ],
    [
      16039,
      36039,
      26039
    ],
    [
      16040,
      36040,
      26040
    ],
    [
      16041,
      36041,
      26041
    ],
    [
      16042,
      36042,
      26042
    ],
    [
      16043,
      36043,
      26043
    ],
    [
      16044,
      36044,
      26044
    ],
    [
      16045,
      36045,
      26045
    ],
    [
      16046,
      36046,
      26046
    ],
    [
      16047,
      36047,
      26047
    ],
    [
      16048,
      36048,
      26048
    ],
    [
      16049,
      36049,
      26049
    ],
    [
      16050,
      36050,
      26050
    ],
    [
      16051,
      36051,
      26051
    ],
    [
      16052,
      36052,
      26052
    ],
    [
      16053,
      36053,
      26053
    ],
    [
      16054,
      36054,
      26054
    ],
    [
      16055,
      36055,
      26055
    ],
    [
      16056,
      36056,
      26056
    ],
    [
      16057,
      36057,
      26057
    ],
    [
      16058,
      36058,
      26058
    ],
    [
      16059,
      36059,
      26059
    ],
    [
      16060,
      36060,
      26060
    ],
    [
      16061,
      36061,
      26061
    ],
    [
      16062,
      36062,
      26062
    ],
    [
      16063,
      36063,
      26063
    ],
    [
      16064,
      36064,
      26064
    ],
    [
      16065,
      36065,
      26065
    ],
    [
      16066,
      36066,
      26066
    ],
    [
      16067,
      36067,
      26067
    ],
    [
      16068,
      36068,
      26068
    ],
    [
      16069,
      36069,
      26069
    ],
    [
      16070,
      36070,
      26070
    ],
    [
      16071,
      36071,
      26071
    ],
    [
      16072,
      36072,
      26072
    ],
    [
      16073,
      36073,
      26073
    ],
    [
      16074,
      36074,
      26074
    ],
    [
      16075,
      36075,
      26075
    ],
    [
      16076,
      36076,
      26076
    ],
    [
      16077,
      36077,
      26077
    ],
    [
      16078,
      36078,
      26078
    ],
    [
      16079,
      36079,
      26079
    ],
    [
      16080,
      36080,
      26080
    ],
    [
      16081,
      36081,
      26081
    ],
    [
      16082,
      36082,
      26082
    ],
    [
      16083,
      36083,
      26083
    ],
    [
      16084,
      36084,
      26084
    ],
    [
      16085,
      36085,
      26085
    ],
    [
      16086,
      36086,
      26086
    ],
    [
      16087,
      36087,
      26087
    ],
    [
      16088,
      36088,
      26088
    ],
    [
      16089,
      36089,
      26089
    ],
    [
      16090,
      36090,
      26090
    ],
    [
      16091,
      36091,
      26091
    ],
    [
      16092,
      36092,
      26092
    ],
    [
      16093,
      36093,
      26093
    ],
    [
      16094,
      36094,
      26094
    ],
    [
      16095,
      36095,
      26095
    ],
    [
      16096,
      36096,
      26096
    ],
    [
      16097,
      36097,
      26097
    ],
    [
      16098,
      36098,
      26098
    ],
    [
      16099,
      36099,
      26099
    ],
    [
      16100,
      36100,
      26100
    ],
    [
      16101,
      36101,
      26101
    ],
    [
      16102,
      36102,
      26102
    ],
    [
      16103,
      36103,
      26103
    ],
    [
      16104,
      36104,
      26104
    ],
    [
      16105,
      36105,
      26105
    ],
    [
      16106,
      36106,
      26106
    ],
    [
      16107,
      36107,
      26107
    ],
    [
      16108,
      36108,
      26108
    ],
    [
      16109,
      36109,
      26109
    ],
    [
      16110,
      36110,
      26110
    ],
    [
      16111,
      36111,
      26111
    ],
    [
      16112,
      36112,
      26112
    ],
    [
      16113,
      36113,
      26113
    ],
    [
      16114,
      36114,
      26114
    ],
    [
      16115,
      36115,
      26115
    ],
    [
      16116,
      36116,
      26116
    ],
    [
      16117,
      36117,
      26117
    ],
    [
      16118,
      36118,
      26118
    ],
    [
      16119,
      36119,
      26119
    ],
    [
      16120,
      36120,
      26120
    ],
    [
      16121,
      36121,
      26121
    ],
    [
      16122,
      36122,
      26122
    ],
    [
      16123,
      36123,
      26123
    ],
    [
      16124,
      36124,
      26124
    ],
    [
      16125,
      36125,
      26125
    ],
    [
      16126,
      36126,
      26126
    ],
    [
      16127,
      36127,
      26127
    ],
    [
      16128,
      36128,
      26128
    ],
    [
      16129,
      36129,
      26129
    ],
    [
      16130,
      36130,
      26130
    ],
    [
      16131,
      36131,
      26131
    ],
    [
      16132,
      36132,
      26132
    ],
    [
      16133,
      36133,
      26133
    ],
    [
      16134,
      36134,
      26134
    ],
    [
      16135,
      36135,
      26135
    ],
    [
      16136,
      36136,
      26136
    ],
    [
      16137,
      36137,
      26137
    ],
    [
      16138,
      36138,
      26138
    ],
    [
      16139,
      36139,
      26139
    ],
    [
      16140,
      36140,
      26140
    ],
    [
      16141,
      36141,
      26141
    ],
    [
      16142,
      36142,
      26142
    ],
    [
      16143,
      36143,
      26143
    ],
    [
      16144,
      36144,
      26144
    ],
    [
      16145,
      36145,
      26145
    ],
    [
      16146,
      36146,
      26146
    ],
    [
      16147,
      36147,
      26147
    ],
    [
      16148,
      36148,
      26148
    ],
    [
      16149,
      36149,
      26149
    ],
    [
      16150,
      36150,
      26150
    ],
    [
      16151,
      36151,
      26151
    ],
    [
      16152,
      36152,
      26152
    ],
    [
      16153,
      36153,
      26153
    ],
    [
      16154,
      36154,
      26154
    ],
    [
      16155,
      36155,
      26155
    ],
    [
      16156,
      36156,
      26156
    ],
    [
      16157,
      36157,
      26157
    ],
    [
      16158,
      36158,
      26158
    ],
    [
      16159,
      36159,
      26159
    ],
    [
      16160,
      36160,
      26160
    ],
    [
      16161,
      36161,
      26161
    ],
    [
      16162,
      36162,
      26162
    ],
    [
      16163,
      36163,
      26163
    ],
    [
      16164,
      36164,
      26164
    ],
    [
      16165,
      36165,
      26165
    ],
    [
      16166,
      36166,
      26166
    ],
    [
      16167,
      36167,
      26167
    ],
    [
      16168,
      36168,
      26168
    ],
    [
      16169,
      36169,
      26169
    ],
    [
      16170,
      36170,
      26170
    ],
    [
      16171,
      36171,
      26171
    ],
    [
      16172,
      36172,
      26172
    ],
    [
      16173,
      36173,
      26173
    ],
    [
      16174,
      36174,
      26174
    ],
    [
      16175,
      36175,
      26175
    ],
    [
      16176,
      36176,
      26176
    ],
    [
      16177,
      36177,
      26177
    ],
    [
      16178,
      36178,
      26178
    ],
    [
      16179,
      36179,
      26179
    ],
    [
      16180,
      36180,
      26180
    ],
    [
      16181,
      36181,
      26181
    ],
    [
      16182,
      36182,
      26182
    ],
    [
      16183,
      36183,
      26183
    ],
    [
      16184,
      36184,
      26184
    ],
    [
      16185,
      36185,
      26185
    ],
    [
      16186,
      36186,
      26186
    ],
    [
      16187,
      36187,
      26187
    ],
    [
      16188,
      36188,
      26188
    ],
    [
      16189,
      36189,
      26189
    ],
    [
      16190,
      36190,
      26190
    ],
    [
      16191,
      36191,
      26191
    ],
    [
      16192,
      36192,
      26192
    ],
    [
      16193,
      36193,
      26193
    ],
    [
      16194,
      36194,
      26194
    ],
    [
      16195,
      36195,
      26195
    ],
    [
      16196,
      36196,
      26196
    ],
    [
      16197,
      36197,
      26197
    ],
    [
      16198,
      36198,
      26198
    ],
    [
      16199,
      36199,
      26199
    ],
    [
      16200,
      36200,
      26200
    ],
    [
      16201,
      36201,
      26201
    ],
    [
      16202,
      36202,
      26202
    ],
    [
      16203,
      36203,
      26203
    ],
    [
      16204,
      36204,
      26204
    ],
    [
      16205,
      36205,
      26205
    ],
    [
      16206,
      36206,
      26206
    ],
    [
      16207,
      36207,
      26207
    ],
    [
      16208,
      36208,
      26208
    ],
    [
      16209,
      36209,
      26209
    ],
    [
      16210,
      36210,
      26210
    ],
    [
      16211,
      36211,
      26211
    ],
    [
      16212,
      36212,
      26212
    ],
    [
      16213,
      36213,
      26213
    ],
    [
      16214,
      36214,
      26214
    ],
    [
      16215,
      36215,
      26215
    ],
    [
      16216,
      36216,
      26216
    ],
    [
      16217,
      36217,
      26217
    ],
    [
      16218,
      36218,
      26218
    ],
    [
      16219,
      36219,
      26219
    ],
    [
      16220,
      36220,
      26220
    ],
    [
      16221,
      36221,
      26221
    ],
    [
      16222,
      36222,
      26222
    ],
    [
      16223,
      36223,
      26223
    ],
    [
      16224,
      36224,
      26224
    ],
    [
      16225,
      36225,
      26225
    ],
    [
      16226,
      36226,
      26226
    ],
    [
      16227,
      36227,
      26227
    ],
    [
      16228,
      36228,
      26228
    ],
    [
      16229,
      36229,
      26229
    ],
    [
      16230,
      36230,
      26230
    ],
    [
      16231,
      36231,
      26231
    ],
    [
      16232,
      36232,
      26232
    ],
    [
      16233,
      36233,
      26233
    ],
    [
      16234,
      36234,
      26234
    ],
    [
      16235,
      36235,
      26235
    ],
    [
      16236,
      36236,
      26236
    ],
    [
      16237,
      36237,
      26237
    ],
    [
      16238,
      36238,
      26238
    ],
    [
      16239,
      36239,
      26239
    ],
    [
      16240,
      36240,
      26240
    ],
    [
      16241,
      36241,
      26241
    ],
    [
      16242,
      36242,
      26242
    ],
    [
      16243,
      36243,
      26243
    ],
    [
      16244,
      36244,
      26244
    ],
    [
      16245,
      36245,
      26245
    ],
    [
      16246,
      36246,
      26246
    ],
    [
      16247,
      36247,
      26247
    ],
    [
      16248,
      36248,
      26248
    ],
    [
      16249,
      36249,
      26249
    ],
    [
      16250,
      36250,
      26250
    ],
    [
      16251,
      36251,
      26251
    ],
    [
      16252,
      36252,
      26252
    ],
    [
      16253,
      36253,
      26253
    ],
    [
      16254,
      36254,
      26254
    ],
    [
      16255,
      36255,
      26255
    ],
    [
      16256,
      36256,
      26256
    ],
    [
      16257,
      36257,
      26257
    ],
    [
      16258,
      36258,
      26258
    ],
    [
      16259,
      36259,
      26259
    ],
    [
      16260,
      36260,
      26260
    ],
    [
      16261,
      36261,
      26261
    ],
    [
      16262,
      36262,
      26262
    ],
    [
      16263,
      36263,
      26263
    ],
    [
      16264,
      36264,
      26264
    ],
    [
      16265,
      36265,
      26265
    ],
    [
      16266,
      36266,
      26266
    ],
    [
      16267,
      36267,
      26267
    ],
    [
      16268,
      36268,
      26268
    ],
    [
      16269,
      36269,
      26269
    ],
    [
      16270,
      36270,
      26270
    ],
    [
      16271,
      36271,
      26271
    ],
    [
      16272,
      36272,
      26272
    ],
    [
      16273,
      36273,
      26273
    ],
    [
      16274,
      36274,
      26274
    ],
    [
      16275,
      36275,
      26275
    ],
    [
      16276,
      36276,
      26276
    ],
    [
      16277,
      36277,
      26277
    ],
    [
      16278,
      36278,
      26278
    ],
    [
      16279,
      36279,
      26279
    ],
    [
      16280,
      36280,
      26280
    ],
    [
      16281,
      36281,
      26281
    ],
    [
      16282,
      36282,
      26282
    ],
    [
      16283,
      36283,
      26283
    ],
    [
      16284,
      36284,
      26284
    ],
    [
      16285,
      36285,
      26285
    ],
    [
      16286,
      36286,
      26286
    ],
    [
      16287,
      36287,
      26287
    ],
    [
      16288,
      36288,
      26288
    ],
    [
      16289,
      36289,
      26289
    ],
    [
      16290,
      36290,
      26290
    ],
    [
      16291,
      36291,
      26291
    ],
    [
      16292,
      36292,
      26292
    ],
    [
      16293,
      36293,
      26293
    ],
    [
      16294,
      36294,
      26294
    ],
    [
      16295,
      36295,
      26295
    ],
    [
      16296,
      36296,
      26296
    ],
    [
      16297,
      36297,
      26297
    ],
    [
      16298,
      36298,
      26298
    ],
    [
      16299,
      36299,
      26299
    ],
    [
      16300,
      36300,
      26300
    ],
    [
      16301,
      36301,
      26301
    ],
    [
      16302,
      36302,
      26302
    ],
    [
      16303,
      36303,
      26303
    ],
    [
      16304,
      36304,
      26304
    ],
    [
      16305,
      36305,
      26305
    ],
    [
      16306,
      36306,
      26306
    ],
    [
      16307,
      36307,
      26307
    ],
    [
      16308,
      36308,
      26308
    ],
    [
      16309,
      36309,
      26309
    ],
    [
      16310,
      36310,
      26310
    ],
    [
      16311,
      36311,
      26311
    ],
    [
      16312,
      36312,
      26312
    ],
    [
      16313,
      36313,
      26313
    ],
    [
      16314,
      36314,
      26314
    ],
    [
      16315,
      36315,
      26315
    ],
    [
      16316,
      36316,
      26316
    ],
    [
      16317,
      36317,
      26317
    ],
    [
      16318,
      36318,
      26318
    ],
    [
      16319,
      36319,
      26319
    ],
    [
      16320,
      36320,
      26320
    ],
    [
      16321,
      36321,
      26321
    ],
    [
      16322,
      36322,
      26322
    ],
    [
      16323,
      36323,
      26323
    ],
    [
      16324,
      36324,
      26324
    ],
    [
      16325,
      36325,
      26325
    ],
    [
      16326,
      36326,
      26326
    ],
    [
      16327,
      36327,
      26327
    ],
    [
      16328,
      36328,
      26328
    ],
    [
      16329,
      36329,
      26329
    ],
    [
      16330,
      36330,
      26330
    ],
    [
      16331,
      36331,
      26331
    ],
    [
      16332,
      36332,
      26332
    ],
    [
      16333,
      36333,
      26333
    ],
    [
      16334,
      36334,
      26334
    ],
    [
      16335,
      36335,
      26335
    ],
    [
      16336,
      36336,
      26336
    ],
    [
      16337,
      36337,
      26337
    ],
    [
      16338,
      36338,
      26338
    ],
    [
      16339,
      36339,
      26339
    ],
    [
      16340,
      36340,
      26340
    ],
    [
      16341,
      36341,
      26341
    ],
    [
      16342,
      36342,
      26342
    ],
    [
      16343,
      36343,
      26343
    ],
    [
      16344,
      36344,
      26344
    ],
    [
      16345,
      36345,
      26345
    ],
    [
      16346,
      36346,
      26346
    ],
    [
      16347,
      36347,
      26347
    ],
    [
      16348,
      36348,
      26348
    ],
    [
      16349,
      36349,
      26349
    ],
    [
      16350,
      36350,
      26350
    ],
    [
      16351,
      36351,
      26351
    ],
    [
      16352,
      36352,
      26352
    ],
    [
      16353,
      36353,
      26353
    ],
    [
      16354,
      36354,
      26354
    ],
    [
      16355,
      36355,
      26355
    ],
    [
      16356,
      36356,
      26356
    ],
    [
      16357,
      36357,
      26357
    ],
    [
      16358,
      36358,
      26358
    ],
    [
      16359,
      36359,
      26359
    ],
    [
      16360,
      36360,
      26360
    ],
    [
      16361,
      36361,
      26361
    ],
    [
      16362,
      36362,
      26362
    ],
    [
      16363,
      36363,
      26363
    ],
    [
      16364,
      36364,
      26364
    ],
    [
      16365,
      36365,
      26365
    ],
    [
      16366,
      36366,
      26366
    ],
    [
      16367,
      36367,
      26367
    ],
    [
      16368,
      36368,
      26368
    ],
    [
      16369,
      36369,
      26369
    ],
    [
      16370,
      36370,
      26370
    ],
    [
      16371,
      36371,
      26371
    ],
    [
      16372,
      36372,
      26372
    ],
    [
      16373,
      36373,
      26373
    ],
    [
      16374,
      36374,
      26374
    ],
    [
      16375,
      36375,
      26375
    ],
    [
      16376,
      36376,
      26376
    ],
    [
      16377,
      36377,
      26377
    ],
    [
      16378,
      36378,
      26378
    ],
    [
      16379,
      36379,
      26379
    ],
    [
      16380,
      36380,
      26380
    ],
    [
      16381,
      36381,
      26381
    ],
    [
      16382,
      36382,
      26382
    ],
    [
      16383,
      36383,
      26383
    ]
  ],
  "claim_boundary": "AABB candidate discovery is generic RTDL broadphase behavior. The final triangle-intersection refinement and contact interpretation remain app-owned; no collision-specific native engine logic or public speedup claim is made.",
  "complete_candidate_coverage": true,
  "dataset": "grid_16384",
  "discovery_row_capacity": null,
  "engine_boundary": {
    "candidate_discovery_owner": "AABB_INDEX_QUERY_2D",
    "contact_manifold_logic_owner": "Python app/reference or partner continuation",
    "engine_primitive_owner": "COLLECT_K_BOUNDED",
    "native_collision_logic_allowed": false
  },
  "exact_refinement_checks": 16384,
  "exact_refinement_checks_avoided": 268419072,
  "matches_cpu_reference": true,
  "mode": "aabb_broadphase_collect_k",
  "overflowed": false,
  "primitive_under_test": "COLLECT_K_BOUNDED",
  "resolution": 128,
  "resolution_policy": "adaptive_sqrt_capped_16_256",
  "row_schema": [
    "query_group_id",
    "query_triangle_id",
    "scene_triangle_id"
  ],
  "run_phases": {
    "collect_k_bounded_rows_sec": 0.03578595072031021,
    "emit_aabb_intersection_pair_rows_2d_max_sec": 0.1846475750207901,
    "emit_aabb_intersection_pair_rows_2d_measured_count": 20,
    "emit_aabb_intersection_pair_rows_2d_median_sec": 0.15619751811027527,
    "emit_aabb_intersection_pair_rows_2d_min_sec": 0.1524517610669136,
    "emit_aabb_intersection_pair_rows_2d_total_sec": 3.2059120908379555,
    "generic_aabb_broadphase_sec": 0.15619751811027527,
    "generic_aabb_broadphase_wall_sec": 4.095834866166115,
    "prepare_aabb_index_2d_sec": 0.3390766456723213,
    "python_exact_refinement_sec": 0.026156343519687653
  },
  "v2_4_phase_timing": {
    "phase_contract_version": "rtdl.partner.v2.4",
    "phases_sec": {
      "materialization": 0.03578595072031021,
      "partner_continuation": 0.026156343519687653,
      "rt_traversal": 0.15619751811027527,
      "scene_build": 0.3390766456723213
    },
    "promoted_performance_path": true,
    "same_phase_contract_as_basis": true,
    "source": "contact_manifold.aabb_broadphase_collect_k",
    "validation": {
      "errors": [],
      "known_phases": [
        "scene_build",
        "rt_traversal",
        "partner_continuation",
        "materialization"
      ],
      "status": "accept"
    }
  },
  "v2_4_prepared_session": {
    "app_owned_interpretation": "Rows may represent contact witnesses in this benchmark, but RTDL sees only bounded int64 rows and valid_count.",
    "app_specific_native_vocab_allowed": false,
    "backend": "embree",
    "descriptor_only": true,
    "input_buffers": [
      {
        "access_mode": "read",
        "alignment_bytes": 1,
        "byte_offset": 0,
        "capacity_elements": 49152,
        "data_ptr_observed": false,
        "device": "cpu:0",
        "dtype": "int64",
        "element_count": 49152,
        "lifetime": "session_retained",
        "memory_manager_boundary": "not_a_general_purpose_memory_manager",
        "mutability": "immutable",
        "name": "candidate_id_rows",
        "scope": "rtdl_primitive_handoff_only",
        "shape": [
          16384,
          3
        ],
        "source_protocol": "rtdl_generic_i64_rows",
        "stream_handle": 0,
        "strides_bytes": null
      }
    ],
    "native_engine_boundary": "app_agnostic_native_engine",
    "native_symbols": [
      "rtdl_embree_collect_k_bounded_i64"
    ],
    "output_buffers": [
      {
        "access_mode": "write",
        "alignment_bytes": 1,
        "byte_offset": 0,
        "capacity_elements": 49152,
        "data_ptr_observed": false,
        "device": "cpu:0",
        "dtype": "int64",
        "element_count": 49152,
        "lifetime": "session_retained",
        "memory_manager_boundary": "not_a_general_purpose_memory_manager",
        "mutability": "mutable",
        "name": "bounded_witness_rows",
        "scope": "rtdl_primitive_handoff_only",
        "shape": [
          16384,
          3
        ],
        "source_protocol": "rtdl_generic_i64_rows",
        "stream_handle": 0,
        "strides_bytes": null
      },
      {
        "access_mode": "write",
        "alignment_bytes": 1,
        "byte_offset": 0,
        "capacity_elements": 1,
        "data_ptr_observed": false,
        "device": "cpu:0",
        "dtype": "uint64",
        "element_count": 1,
        "lifetime": "session_retained",
        "memory_manager_boundary": "not_a_general_purpose_memory_manager",
        "mutability": "mutable",
        "name": "valid_count",
        "scope": "rtdl_primitive_handoff_only",
        "shape": [
          1
        ],
        "source_protocol": "rtdl_scalar_status",
        "stream_handle": 0,
        "strides_bytes": null
      }
    ],
    "overflow_policy": "fail_closed_no_partial_rows",
    "phase_contract": "bounded_witness_collection",
    "primitive": "aabb_index_2d_bounded_i64_rows",
    "requires_phase_timing": true,
    "reusable_output_buffers": true,
    "reusable_query_buffers": true,
    "reusable_scene": true,
    "row_schema": [
      "query_group_id",
      "query_triangle_id",
      "scene_triangle_id"
    ],
    "same_phase_contract_as_basis_required": true,
    "session_id": "generic_bounded_i64_rows_embree_16384x16384",
    "status": "protocol_descriptor_only",
    "v2_4_protocol_version": "rtdl.partner.v2.4"
  },
  "valid_count": 16384,
  "witness_capacity": 16384
}
