{
  "app": "rayjoin_v2_spatial_join",
  "backend": "embree",
  "counts_stable": true,
  "dataset": "tests/fixtures/rayjoin/br_county_subset.cdb + tests/fixtures/rayjoin/br_soil_subset.cdb",
  "hot_median_sec": 0.00196988508105278,
  "hot_native_traversal_median_sec": 0.001941052,
  "output_contract": "native_embree_prepared_scalar_count_no_row_materialization",
  "prepared_count_required": true,
  "row_count": 0,
  "runs": [
    {
      "elapsed_sec": 0.018939442932605743,
      "is_warmup": true,
      "iteration": 0,
      "native_traversal_sec": 0.003961216,
      "row_count": 0
    },
    {
      "elapsed_sec": 0.003261551260948181,
      "is_warmup": true,
      "iteration": 1,
      "native_traversal_sec": 0.003184443,
      "row_count": 0
    },
    {
      "elapsed_sec": 0.003372602164745331,
      "is_warmup": true,
      "iteration": 2,
      "native_traversal_sec": 0.003313448,
      "row_count": 0
    },
    {
      "elapsed_sec": 0.0033751800656318665,
      "is_warmup": true,
      "iteration": 3,
      "native_traversal_sec": 0.003316848,
      "row_count": 0
    },
    {
      "elapsed_sec": 0.0033776015043258667,
      "is_warmup": true,
      "iteration": 4,
      "native_traversal_sec": 0.003318828,
      "row_count": 0
    },
    {
      "elapsed_sec": 0.0034171342849731445,
      "is_warmup": true,
      "iteration": 5,
      "native_traversal_sec": 0.003359968,
      "row_count": 0
    },
    {
      "elapsed_sec": 0.003375113010406494,
      "is_warmup": true,
      "iteration": 6,
      "native_traversal_sec": 0.003318197,
      "row_count": 0
    },
    {
      "elapsed_sec": 0.0033878833055496216,
      "is_warmup": true,
      "iteration": 7,
      "native_traversal_sec": 0.003329648,
      "row_count": 0
    },
    {
      "elapsed_sec": 0.003674328327178955,
      "is_warmup": true,
      "iteration": 8,
      "native_traversal_sec": 0.003617966,
      "row_count": 0
    },
    {
      "elapsed_sec": 0.003763638436794281,
      "is_warmup": true,
      "iteration": 9,
      "native_traversal_sec": 0.003696958,
      "row_count": 0
    },
    {
      "elapsed_sec": 0.0034409090876579285,
      "is_warmup": false,
      "iteration": 10,
      "native_traversal_sec": 0.003382739,
      "row_count": 0
    },
    {
      "elapsed_sec": 0.0037731677293777466,
      "is_warmup": false,
      "iteration": 11,
      "native_traversal_sec": 0.003715299,
      "row_count": 0
    },
    {
      "elapsed_sec": 0.003444269299507141,
      "is_warmup": false,
      "iteration": 12,
      "native_traversal_sec": 0.003387609,
      "row_count": 0
    },
    {
      "elapsed_sec": 0.0035556629300117493,
      "is_warmup": false,
      "iteration": 13,
      "native_traversal_sec": 0.003499663,
      "row_count": 0
    },
    {
      "elapsed_sec": 0.003602534532546997,
      "is_warmup": false,
      "iteration": 14,
      "native_traversal_sec": 0.003545664,
      "row_count": 0
    },
    {
      "elapsed_sec": 0.003411911427974701,
      "is_warmup": false,
      "iteration": 15,
      "native_traversal_sec": 0.003358919,
      "row_count": 0
    },
    {
      "elapsed_sec": 0.003046557307243347,
      "is_warmup": false,
      "iteration": 16,
      "native_traversal_sec": 0.003002348,
      "row_count": 0
    },
    {
      "elapsed_sec": 0.0027872994542121887,
      "is_warmup": false,
      "iteration": 17,
      "native_traversal_sec": 0.002742441,
      "row_count": 0
    },
    {
      "elapsed_sec": 0.00270698219537735,
      "is_warmup": false,
      "iteration": 18,
      "native_traversal_sec": 0.002663238,
      "row_count": 0
    },
    {
      "elapsed_sec": 0.0027521029114723206,
      "is_warmup": false,
      "iteration": 19,
      "native_traversal_sec": 0.002711359,
      "row_count": 0
    },
    {
      "elapsed_sec": 0.002557225525379181,
      "is_warmup": false,
      "iteration": 20,
      "native_traversal_sec": 0.002515814,
      "row_count": 0
    },
    {
      "elapsed_sec": 0.0025336965918540955,
      "is_warmup": false,
      "iteration": 21,
      "native_traversal_sec": 0.002492974,
      "row_count": 0
    },
    {
      "elapsed_sec": 0.002739422023296356,
      "is_warmup": false,
      "iteration": 22,
      "native_traversal_sec": 0.002697809,
      "row_count": 0
    },
    {
      "elapsed_sec": 0.0028772950172424316,
      "is_warmup": false,
      "iteration": 23,
      "native_traversal_sec": 0.002835643,
      "row_count": 0
    },
    {
      "elapsed_sec": 0.0028555840253829956,
      "is_warmup": false,
      "iteration": 24,
      "native_traversal_sec": 0.002812022,
      "row_count": 0
    },
    {
      "elapsed_sec": 0.00282934308052063,
      "is_warmup": false,
      "iteration": 25,
      "native_traversal_sec": 0.002782971,
      "row_count": 0
    },
    {
      "elapsed_sec": 0.0027908682823181152,
      "is_warmup": false,
      "iteration": 26,
      "native_traversal_sec": 0.00273424,
      "row_count": 0
    },
    {
      "elapsed_sec": 0.0028496012091636658,
      "is_warmup": false,
      "iteration": 27,
      "native_traversal_sec": 0.002809232,
      "row_count": 0
    },
    {
      "elapsed_sec": 0.0019173771142959595,
      "is_warmup": false,
      "iteration": 28,
      "native_traversal_sec": 0.001889145,
      "row_count": 0
    },
    {
      "elapsed_sec": 0.0019241496920585632,
      "is_warmup": false,
      "iteration": 29,
      "native_traversal_sec": 0.001896346,
      "row_count": 0
    },
    {
      "elapsed_sec": 0.0019079819321632385,
      "is_warmup": false,
      "iteration": 30,
      "native_traversal_sec": 0.001880265,
      "row_count": 0
    },
    {
      "elapsed_sec": 0.002109341323375702,
      "is_warmup": false,
      "iteration": 31,
      "native_traversal_sec": 0.002081851,
      "row_count": 0
    },
    {
      "elapsed_sec": 0.0019230768084526062,
      "is_warmup": false,
      "iteration": 32,
      "native_traversal_sec": 0.001894175,
      "row_count": 0
    },
    {
      "elapsed_sec": 0.0019466951489448547,
      "is_warmup": false,
      "iteration": 33,
      "native_traversal_sec": 0.001918896,
      "row_count": 0
    },
    {
      "elapsed_sec": 0.0018894970417022705,
      "is_warmup": false,
      "iteration": 34,
      "native_traversal_sec": 0.001862195,
      "row_count": 0
    },
    {
      "elapsed_sec": 0.0020622164011001587,
      "is_warmup": false,
      "iteration": 35,
      "native_traversal_sec": 0.002034779,
      "row_count": 0
    },
    {
      "elapsed_sec": 0.0019688010215759277,
      "is_warmup": false,
      "iteration": 36,
      "native_traversal_sec": 0.001940817,
      "row_count": 0
    },
    {
      "elapsed_sec": 0.0019248053431510925,
      "is_warmup": false,
      "iteration": 37,
      "native_traversal_sec": 0.001897006,
      "row_count": 0
    },
    {
      "elapsed_sec": 0.001887992024421692,
      "is_warmup": false,
      "iteration": 38,
      "native_traversal_sec": 0.001860174,
      "row_count": 0
    },
    {
      "elapsed_sec": 0.0018844977021217346,
      "is_warmup": false,
      "iteration": 39,
      "native_traversal_sec": 0.001856444,
      "row_count": 0
    },
    {
      "elapsed_sec": 0.0021319836378097534,
      "is_warmup": false,
      "iteration": 40,
      "native_traversal_sec": 0.002104792,
      "row_count": 0
    },
    {
      "elapsed_sec": 0.0019514933228492737,
      "is_warmup": false,
      "iteration": 41,
      "native_traversal_sec": 0.001923196,
      "row_count": 0
    },
    {
      "elapsed_sec": 0.001916453242301941,
      "is_warmup": false,
      "iteration": 42,
      "native_traversal_sec": 0.001888626,
      "row_count": 0
    },
    {
      "elapsed_sec": 0.002128913998603821,
      "is_warmup": false,
      "iteration": 43,
      "native_traversal_sec": 0.002101612,
      "row_count": 0
    },
    {
      "elapsed_sec": 0.0019389763474464417,
      "is_warmup": false,
      "iteration": 44,
      "native_traversal_sec": 0.001911326,
      "row_count": 0
    },
    {
      "elapsed_sec": 0.0019091367721557617,
      "is_warmup": false,
      "iteration": 45,
      "native_traversal_sec": 0.001881215,
      "row_count": 0
    },
    {
      "elapsed_sec": 0.0019585788249969482,
      "is_warmup": false,
      "iteration": 46,
      "native_traversal_sec": 0.001924567,
      "row_count": 0
    },
    {
      "elapsed_sec": 0.0021751001477241516,
      "is_warmup": false,
      "iteration": 47,
      "native_traversal_sec": 0.002147743,
      "row_count": 0
    },
    {
      "elapsed_sec": 0.0019147545099258423,
      "is_warmup": false,
      "iteration": 48,
      "native_traversal_sec": 0.001886886,
      "row_count": 0
    },
    {
      "elapsed_sec": 0.002079516649246216,
      "is_warmup": false,
      "iteration": 49,
      "native_traversal_sec": 0.002051011,
      "row_count": 0
    },
    {
      "elapsed_sec": 0.001978836953639984,
      "is_warmup": false,
      "iteration": 50,
      "native_traversal_sec": 0.001947557,
      "row_count": 0
    },
    {
      "elapsed_sec": 0.001949407160282135,
      "is_warmup": false,
      "iteration": 51,
      "native_traversal_sec": 0.001920276,
      "row_count": 0
    },
    {
      "elapsed_sec": 0.001997217535972595,
      "is_warmup": false,
      "iteration": 52,
      "native_traversal_sec": 0.001969368,
      "row_count": 0
    },
    {
      "elapsed_sec": 0.0019763559103012085,
      "is_warmup": false,
      "iteration": 53,
      "native_traversal_sec": 0.001948007,
      "row_count": 0
    },
    {
      "elapsed_sec": 0.001990079879760742,
      "is_warmup": false,
      "iteration": 54,
      "native_traversal_sec": 0.001960987,
      "row_count": 0
    },
    {
      "elapsed_sec": 0.001975342631340027,
      "is_warmup": false,
      "iteration": 55,
      "native_traversal_sec": 0.001947117,
      "row_count": 0
    },
    {
      "elapsed_sec": 0.0019795000553131104,
      "is_warmup": false,
      "iteration": 56,
      "native_traversal_sec": 0.001950937,
      "row_count": 0
    },
    {
      "elapsed_sec": 0.002040266990661621,
      "is_warmup": false,
      "iteration": 57,
      "native_traversal_sec": 0.002010269,
      "row_count": 0
    },
    {
      "elapsed_sec": 0.0019797086715698242,
      "is_warmup": false,
      "iteration": 58,
      "native_traversal_sec": 0.001950877,
      "row_count": 0
    },
    {
      "elapsed_sec": 0.001940011978149414,
      "is_warmup": false,
      "iteration": 59,
      "native_traversal_sec": 0.001911546,
      "row_count": 0
    },
    {
      "elapsed_sec": 0.0019402951002120972,
      "is_warmup": false,
      "iteration": 60,
      "native_traversal_sec": 0.001912726,
      "row_count": 0
    },
    {
      "elapsed_sec": 0.001950085163116455,
      "is_warmup": false,
      "iteration": 61,
      "native_traversal_sec": 0.001922386,
      "row_count": 0
    },
    {
      "elapsed_sec": 0.0021566450595855713,
      "is_warmup": false,
      "iteration": 62,
      "native_traversal_sec": 0.002128863,
      "row_count": 0
    },
    {
      "elapsed_sec": 0.0019730031490325928,
      "is_warmup": false,
      "iteration": 63,
      "native_traversal_sec": 0.001945207,
      "row_count": 0
    },
    {
      "elapsed_sec": 0.00221087783575058,
      "is_warmup": false,
      "iteration": 64,
      "native_traversal_sec": 0.002183064,
      "row_count": 0
    },
    {
      "elapsed_sec": 0.0025191158056259155,
      "is_warmup": false,
      "iteration": 65,
      "native_traversal_sec": 0.002489253,
      "row_count": 0
    },
    {
      "elapsed_sec": 0.002211838960647583,
      "is_warmup": false,
      "iteration": 66,
      "native_traversal_sec": 0.002179894,
      "row_count": 0
    },
    {
      "elapsed_sec": 0.0022432655096054077,
      "is_warmup": false,
      "iteration": 67,
      "native_traversal_sec": 0.002214705,
      "row_count": 0
    },
    {
      "elapsed_sec": 0.0020180940628051758,
      "is_warmup": false,
      "iteration": 68,
      "native_traversal_sec": 0.001989048,
      "row_count": 0
    },
    {
      "elapsed_sec": 0.0019832178950309753,
      "is_warmup": false,
      "iteration": 69,
      "native_traversal_sec": 0.001953738,
      "row_count": 0
    },
    {
      "elapsed_sec": 0.001966342329978943,
      "is_warmup": false,
      "iteration": 70,
      "native_traversal_sec": 0.001937036,
      "row_count": 0
    },
    {
      "elapsed_sec": 0.0019912272691726685,
      "is_warmup": false,
      "iteration": 71,
      "native_traversal_sec": 0.001962158,
      "row_count": 0
    },
    {
      "elapsed_sec": 0.0021225586533546448,
      "is_warmup": false,
      "iteration": 72,
      "native_traversal_sec": 0.002091621,
      "row_count": 0
    },
    {
      "elapsed_sec": 0.002060532569885254,
      "is_warmup": false,
      "iteration": 73,
      "native_traversal_sec": 0.00202529,
      "row_count": 0
    },
    {
      "elapsed_sec": 0.0019756704568862915,
      "is_warmup": false,
      "iteration": 74,
      "native_traversal_sec": 0.001946707,
      "row_count": 0
    },
    {
      "elapsed_sec": 0.0019858479499816895,
      "is_warmup": false,
      "iteration": 75,
      "native_traversal_sec": 0.001956187,
      "row_count": 0
    },
    {
      "elapsed_sec": 0.002198055386543274,
      "is_warmup": false,
      "iteration": 76,
      "native_traversal_sec": 0.002168934,
      "row_count": 0
    },
    {
      "elapsed_sec": 0.001937858760356903,
      "is_warmup": false,
      "iteration": 77,
      "native_traversal_sec": 0.001907796,
      "row_count": 0
    },
    {
      "elapsed_sec": 0.0019411444664001465,
      "is_warmup": false,
      "iteration": 78,
      "native_traversal_sec": 0.001911796,
      "row_count": 0
    },
    {
      "elapsed_sec": 0.0019886717200279236,
      "is_warmup": false,
      "iteration": 79,
      "native_traversal_sec": 0.001959718,
      "row_count": 0
    },
    {
      "elapsed_sec": 0.0022640153765678406,
      "is_warmup": false,
      "iteration": 80,
      "native_traversal_sec": 0.002234125,
      "row_count": 0
    },
    {
      "elapsed_sec": 0.0019840598106384277,
      "is_warmup": false,
      "iteration": 81,
      "native_traversal_sec": 0.001954737,
      "row_count": 0
    },
    {
      "elapsed_sec": 0.0022427141666412354,
      "is_warmup": false,
      "iteration": 82,
      "native_traversal_sec": 0.002214955,
      "row_count": 0
    },
    {
      "elapsed_sec": 0.0019657760858535767,
      "is_warmup": false,
      "iteration": 83,
      "native_traversal_sec": 0.001937037,
      "row_count": 0
    },
    {
      "elapsed_sec": 0.0019174590706825256,
      "is_warmup": false,
      "iteration": 84,
      "native_traversal_sec": 0.001889195,
      "row_count": 0
    },
    {
      "elapsed_sec": 0.001936793327331543,
      "is_warmup": false,
      "iteration": 85,
      "native_traversal_sec": 0.001900116,
      "row_count": 0
    },
    {
      "elapsed_sec": 0.002255544066429138,
      "is_warmup": false,
      "iteration": 86,
      "native_traversal_sec": 0.002226985,
      "row_count": 0
    },
    {
      "elapsed_sec": 0.002022884786128998,
      "is_warmup": false,
      "iteration": 87,
      "native_traversal_sec": 0.001994129,
      "row_count": 0
    },
    {
      "elapsed_sec": 0.0019954144954681396,
      "is_warmup": false,
      "iteration": 88,
      "native_traversal_sec": 0.001966907,
      "row_count": 0
    },
    {
      "elapsed_sec": 0.0019943267107009888,
      "is_warmup": false,
      "iteration": 89,
      "native_traversal_sec": 0.001966208,
      "row_count": 0
    },
    {
      "elapsed_sec": 0.0021453946828842163,
      "is_warmup": false,
      "iteration": 90,
      "native_traversal_sec": 0.002111952,
      "row_count": 0
    },
    {
      "elapsed_sec": 0.001966804265975952,
      "is_warmup": false,
      "iteration": 91,
      "native_traversal_sec": 0.001937997,
      "row_count": 0
    },
    {
      "elapsed_sec": 0.0019521191716194153,
      "is_warmup": false,
      "iteration": 92,
      "native_traversal_sec": 0.001924087,
      "row_count": 0
    },
    {
      "elapsed_sec": 0.0019461140036582947,
      "is_warmup": false,
      "iteration": 93,
      "native_traversal_sec": 0.001917456,
      "row_count": 0
    },
    {
      "elapsed_sec": 0.00229799747467041,
      "is_warmup": false,
      "iteration": 94,
      "native_traversal_sec": 0.002269827,
      "row_count": 0
    },
    {
      "elapsed_sec": 0.001962505280971527,
      "is_warmup": false,
      "iteration": 95,
      "native_traversal_sec": 0.001933427,
      "row_count": 0
    },
    {
      "elapsed_sec": 0.0019644126296043396,
      "is_warmup": false,
      "iteration": 96,
      "native_traversal_sec": 0.001934967,
      "row_count": 0
    },
    {
      "elapsed_sec": 0.001969441771507263,
      "is_warmup": false,
      "iteration": 97,
      "native_traversal_sec": 0.001938427,
      "row_count": 0
    },
    {
      "elapsed_sec": 0.00229770690202713,
      "is_warmup": false,
      "iteration": 98,
      "native_traversal_sec": 0.002268626,
      "row_count": 0
    },
    {
      "elapsed_sec": 0.002000093460083008,
      "is_warmup": false,
      "iteration": 99,
      "native_traversal_sec": 0.001971148,
      "row_count": 0
    },
    {
      "elapsed_sec": 0.002031467854976654,
      "is_warmup": false,
      "iteration": 100,
      "native_traversal_sec": 0.002003288,
      "row_count": 0
    },
    {
      "elapsed_sec": 0.0020027682185173035,
      "is_warmup": false,
      "iteration": 101,
      "native_traversal_sec": 0.001974918,
      "row_count": 0
    },
    {
      "elapsed_sec": 0.002214871346950531,
      "is_warmup": false,
      "iteration": 102,
      "native_traversal_sec": 0.002186334,
      "row_count": 0
    },
    {
      "elapsed_sec": 0.00195380300283432,
      "is_warmup": false,
      "iteration": 103,
      "native_traversal_sec": 0.001925057,
      "row_count": 0
    },
    {
      "elapsed_sec": 0.0020106062293052673,
      "is_warmup": false,
      "iteration": 104,
      "native_traversal_sec": 0.001982489,
      "row_count": 0
    },
    {
      "elapsed_sec": 0.0024651363492012024,
      "is_warmup": false,
      "iteration": 105,
      "native_traversal_sec": 0.002434802,
      "row_count": 0
    },
    {
      "elapsed_sec": 0.0028462037444114685,
      "is_warmup": false,
      "iteration": 106,
      "native_traversal_sec": 0.002807853,
      "row_count": 0
    },
    {
      "elapsed_sec": 0.002508103847503662,
      "is_warmup": false,
      "iteration": 107,
      "native_traversal_sec": 0.002471732,
      "row_count": 0
    },
    {
      "elapsed_sec": 0.0023232027888298035,
      "is_warmup": false,
      "iteration": 108,
      "native_traversal_sec": 0.002291697,
      "row_count": 0
    },
    {
      "elapsed_sec": 0.0019971132278442383,
      "is_warmup": false,
      "iteration": 109,
      "native_traversal_sec": 0.001960918,
      "row_count": 0
    },
    {
      "elapsed_sec": 0.002018265426158905,
      "is_warmup": false,
      "iteration": 110,
      "native_traversal_sec": 0.001989418,
      "row_count": 0
    },
    {
      "elapsed_sec": 0.002304449677467346,
      "is_warmup": false,
      "iteration": 111,
      "native_traversal_sec": 0.002274507,
      "row_count": 0
    },
    {
      "elapsed_sec": 0.002010054886341095,
      "is_warmup": false,
      "iteration": 112,
      "native_traversal_sec": 0.001980518,
      "row_count": 0
    },
    {
      "elapsed_sec": 0.00200575590133667,
      "is_warmup": false,
      "iteration": 113,
      "native_traversal_sec": 0.001976168,
      "row_count": 0
    },
    {
      "elapsed_sec": 0.001984015107154846,
      "is_warmup": false,
      "iteration": 114,
      "native_traversal_sec": 0.001953787,
      "row_count": 0
    },
    {
      "elapsed_sec": 0.001997232437133789,
      "is_warmup": false,
      "iteration": 115,
      "native_traversal_sec": 0.001966608,
      "row_count": 0
    },
    {
      "elapsed_sec": 0.002065122127532959,
      "is_warmup": false,
      "iteration": 116,
      "native_traversal_sec": 0.002036209,
      "row_count": 0
    },
    {
      "elapsed_sec": 0.0019766315817832947,
      "is_warmup": false,
      "iteration": 117,
      "native_traversal_sec": 0.001947837,
      "row_count": 0
    },
    {
      "elapsed_sec": 0.0020623281598091125,
      "is_warmup": false,
      "iteration": 118,
      "native_traversal_sec": 0.00203438,
      "row_count": 0
    },
    {
      "elapsed_sec": 0.0019531026482582092,
      "is_warmup": false,
      "iteration": 119,
      "native_traversal_sec": 0.001923896,
      "row_count": 0
    },
    {
      "elapsed_sec": 0.002117246389389038,
      "is_warmup": false,
      "iteration": 120,
      "native_traversal_sec": 0.002087961,
      "row_count": 0
    },
    {
      "elapsed_sec": 0.0019640550017356873,
      "is_warmup": false,
      "iteration": 121,
      "native_traversal_sec": 0.001935547,
      "row_count": 0
    },
    {
      "elapsed_sec": 0.002014942467212677,
      "is_warmup": false,
      "iteration": 122,
      "native_traversal_sec": 0.001982028,
      "row_count": 0
    },
    {
      "elapsed_sec": 0.0019432231783866882,
      "is_warmup": false,
      "iteration": 123,
      "native_traversal_sec": 0.001915416,
      "row_count": 0
    },
    {
      "elapsed_sec": 0.002298712730407715,
      "is_warmup": false,
      "iteration": 124,
      "native_traversal_sec": 0.002270507,
      "row_count": 0
    },
    {
      "elapsed_sec": 0.002016298472881317,
      "is_warmup": false,
      "iteration": 125,
      "native_traversal_sec": 0.001987338,
      "row_count": 0
    },
    {
      "elapsed_sec": 0.002020999789237976,
      "is_warmup": false,
      "iteration": 126,
      "native_traversal_sec": 0.001992388,
      "row_count": 0
    },
    {
      "elapsed_sec": 0.001961939036846161,
      "is_warmup": false,
      "iteration": 127,
      "native_traversal_sec": 0.001934747,
      "row_count": 0
    },
    {
      "elapsed_sec": 0.0019428953528404236,
      "is_warmup": false,
      "iteration": 128,
      "native_traversal_sec": 0.001914766,
      "row_count": 0
    },
    {
      "elapsed_sec": 0.0023496001958847046,
      "is_warmup": false,
      "iteration": 129,
      "native_traversal_sec": 0.002321038,
      "row_count": 0
    },
    {
      "elapsed_sec": 0.0020026415586471558,
      "is_warmup": false,
      "iteration": 130,
      "native_traversal_sec": 0.001974158,
      "row_count": 0
    },
    {
      "elapsed_sec": 0.0019695013761520386,
      "is_warmup": false,
      "iteration": 131,
      "native_traversal_sec": 0.001941007,
      "row_count": 0
    },
    {
      "elapsed_sec": 0.0019481629133224487,
      "is_warmup": false,
      "iteration": 132,
      "native_traversal_sec": 0.001920197,
      "row_count": 0
    },
    {
      "elapsed_sec": 0.002181433141231537,
      "is_warmup": false,
      "iteration": 133,
      "native_traversal_sec": 0.002153343,
      "row_count": 0
    },
    {
      "elapsed_sec": 0.0019587427377700806,
      "is_warmup": false,
      "iteration": 134,
      "native_traversal_sec": 0.001930136,
      "row_count": 0
    },
    {
      "elapsed_sec": 0.0019309818744659424,
      "is_warmup": false,
      "iteration": 135,
      "native_traversal_sec": 0.001903516,
      "row_count": 0
    },
    {
      "elapsed_sec": 0.0020003989338874817,
      "is_warmup": false,
      "iteration": 136,
      "native_traversal_sec": 0.001973648,
      "row_count": 0
    },
    {
      "elapsed_sec": 0.0021804720163345337,
      "is_warmup": false,
      "iteration": 137,
      "native_traversal_sec": 0.002147503,
      "row_count": 0
    },
    {
      "elapsed_sec": 0.0019724443554878235,
      "is_warmup": false,
      "iteration": 138,
      "native_traversal_sec": 0.001944047,
      "row_count": 0
    },
    {
      "elapsed_sec": 0.002165287733078003,
      "is_warmup": false,
      "iteration": 139,
      "native_traversal_sec": 0.002136323,
      "row_count": 0
    },
    {
      "elapsed_sec": 0.0019632652401924133,
      "is_warmup": false,
      "iteration": 140,
      "native_traversal_sec": 0.001930487,
      "row_count": 0
    },
    {
      "elapsed_sec": 0.00241050124168396,
      "is_warmup": false,
      "iteration": 141,
      "native_traversal_sec": 0.002380979,
      "row_count": 0
    },
    {
      "elapsed_sec": 0.002161167562007904,
      "is_warmup": false,
      "iteration": 142,
      "native_traversal_sec": 0.002130473,
      "row_count": 0
    },
    {
      "elapsed_sec": 0.0019772127270698547,
      "is_warmup": false,
      "iteration": 143,
      "native_traversal_sec": 0.001937177,
      "row_count": 0
    },
    {
      "elapsed_sec": 0.001982681453227997,
      "is_warmup": false,
      "iteration": 144,
      "native_traversal_sec": 0.001953667,
      "row_count": 0
    },
    {
      "elapsed_sec": 0.0022563189268112183,
      "is_warmup": false,
      "iteration": 145,
      "native_traversal_sec": 0.002227315,
      "row_count": 0
    },
    {
      "elapsed_sec": 0.00203559547662735,
      "is_warmup": false,
      "iteration": 146,
      "native_traversal_sec": 0.002006979,
      "row_count": 0
    },
    {
      "elapsed_sec": 0.0019523277878761292,
      "is_warmup": false,
      "iteration": 147,
      "native_traversal_sec": 0.001924107,
      "row_count": 0
    },
    {
      "elapsed_sec": 0.0023403316736221313,
      "is_warmup": false,
      "iteration": 148,
      "native_traversal_sec": 0.002310818,
      "row_count": 0
    },
    {
      "elapsed_sec": 0.0020049959421157837,
      "is_warmup": false,
      "iteration": 149,
      "native_traversal_sec": 0.001974718,
      "row_count": 0
    },
    {
      "elapsed_sec": 0.0019894614815711975,
      "is_warmup": false,
      "iteration": 150,
      "native_traversal_sec": 0.001959647,
      "row_count": 0
    },
    {
      "elapsed_sec": 0.0020091161131858826,
      "is_warmup": false,
      "iteration": 151,
      "native_traversal_sec": 0.001976047,
      "row_count": 0
    },
    {
      "elapsed_sec": 0.0019303113222122192,
      "is_warmup": false,
      "iteration": 152,
      "native_traversal_sec": 0.001900326,
      "row_count": 0
    },
    {
      "elapsed_sec": 0.0022532716393470764,
      "is_warmup": false,
      "iteration": 153,
      "native_traversal_sec": 0.002223235,
      "row_count": 0
    },
    {
      "elapsed_sec": 0.0019575729966163635,
      "is_warmup": false,
      "iteration": 154,
      "native_traversal_sec": 0.001921467,
      "row_count": 0
    },
    {
      "elapsed_sec": 0.0020610690116882324,
      "is_warmup": false,
      "iteration": 155,
      "native_traversal_sec": 0.002032399,
      "row_count": 0
    },
    {
      "elapsed_sec": 0.002136342227458954,
      "is_warmup": false,
      "iteration": 156,
      "native_traversal_sec": 0.002107042,
      "row_count": 0
    },
    {
      "elapsed_sec": 0.001972600817680359,
      "is_warmup": false,
      "iteration": 157,
      "native_traversal_sec": 0.001943587,
      "row_count": 0
    },
    {
      "elapsed_sec": 0.0019306987524032593,
      "is_warmup": false,
      "iteration": 158,
      "native_traversal_sec": 0.001901736,
      "row_count": 0
    },
    {
      "elapsed_sec": 0.0019728168845176697,
      "is_warmup": false,
      "iteration": 159,
      "native_traversal_sec": 0.001944578,
      "row_count": 0
    },
    {
      "elapsed_sec": 0.002168603241443634,
      "is_warmup": false,
      "iteration": 160,
      "native_traversal_sec": 0.002141343,
      "row_count": 0
    },
    {
      "elapsed_sec": 0.0019160881638526917,
      "is_warmup": false,
      "iteration": 161,
      "native_traversal_sec": 0.001887455,
      "row_count": 0
    },
    {
      "elapsed_sec": 0.001876138150691986,
      "is_warmup": false,
      "iteration": 162,
      "native_traversal_sec": 0.001848574,
      "row_count": 0
    },
    {
      "elapsed_sec": 0.0020818188786506653,
      "is_warmup": false,
      "iteration": 163,
      "native_traversal_sec": 0.002053691,
      "row_count": 0
    },
    {
      "elapsed_sec": 0.0019332170486450195,
      "is_warmup": false,
      "iteration": 164,
      "native_traversal_sec": 0.001905066,
      "row_count": 0
    },
    {
      "elapsed_sec": 0.0019195228815078735,
      "is_warmup": false,
      "iteration": 165,
      "native_traversal_sec": 0.001891286,
      "row_count": 0
    },
    {
      "elapsed_sec": 0.001886814832687378,
      "is_warmup": false,
      "iteration": 166,
      "native_traversal_sec": 0.001858744,
      "row_count": 0
    },
    {
      "elapsed_sec": 0.002060040831565857,
      "is_warmup": false,
      "iteration": 167,
      "native_traversal_sec": 0.00203186,
      "row_count": 0
    },
    {
      "elapsed_sec": 0.0021227896213531494,
      "is_warmup": false,
      "iteration": 168,
      "native_traversal_sec": 0.002094202,
      "row_count": 0
    },
    {
      "elapsed_sec": 0.0019284635782241821,
      "is_warmup": false,
      "iteration": 169,
      "native_traversal_sec": 0.001900066,
      "row_count": 0
    },
    {
      "elapsed_sec": 0.001947656273841858,
      "is_warmup": false,
      "iteration": 170,
      "native_traversal_sec": 0.001919207,
      "row_count": 0
    },
    {
      "elapsed_sec": 0.0020973458886146545,
      "is_warmup": false,
      "iteration": 171,
      "native_traversal_sec": 0.002069651,
      "row_count": 0
    },
    {
      "elapsed_sec": 0.0019504055380821228,
      "is_warmup": false,
      "iteration": 172,
      "native_traversal_sec": 0.001922256,
      "row_count": 0
    },
    {
      "elapsed_sec": 0.0019362270832061768,
      "is_warmup": false,
      "iteration": 173,
      "native_traversal_sec": 0.001903165,
      "row_count": 0
    },
    {
      "elapsed_sec": 0.0019338354468345642,
      "is_warmup": false,
      "iteration": 174,
      "native_traversal_sec": 0.001906236,
      "row_count": 0
    },
    {
      "elapsed_sec": 0.00213506817817688,
      "is_warmup": false,
      "iteration": 175,
      "native_traversal_sec": 0.002107222,
      "row_count": 0
    },
    {
      "elapsed_sec": 0.0019440725445747375,
      "is_warmup": false,
      "iteration": 176,
      "native_traversal_sec": 0.001915726,
      "row_count": 0
    },
    {
      "elapsed_sec": 0.0019072666764259338,
      "is_warmup": false,
      "iteration": 177,
      "native_traversal_sec": 0.001879705,
      "row_count": 0
    },
    {
      "elapsed_sec": 0.0019387751817703247,
      "is_warmup": false,
      "iteration": 178,
      "native_traversal_sec": 0.001909786,
      "row_count": 0
    },
    {
      "elapsed_sec": 0.002065218985080719,
      "is_warmup": false,
      "iteration": 179,
      "native_traversal_sec": 0.002036959,
      "row_count": 0
    },
    {
      "elapsed_sec": 0.001967325806617737,
      "is_warmup": false,
      "iteration": 180,
      "native_traversal_sec": 0.001938927,
      "row_count": 0
    },
    {
      "elapsed_sec": 0.0019163265824317932,
      "is_warmup": false,
      "iteration": 181,
      "native_traversal_sec": 0.001887815,
      "row_count": 0
    },
    {
      "elapsed_sec": 0.0019596219062805176,
      "is_warmup": false,
      "iteration": 182,
      "native_traversal_sec": 0.001931577,
      "row_count": 0
    },
    {
      "elapsed_sec": 0.0020222067832946777,
      "is_warmup": false,
      "iteration": 183,
      "native_traversal_sec": 0.001992848,
      "row_count": 0
    },
    {
      "elapsed_sec": 0.0023665055632591248,
      "is_warmup": false,
      "iteration": 184,
      "native_traversal_sec": 0.002330979,
      "row_count": 0
    },
    {
      "elapsed_sec": 0.002319023013114929,
      "is_warmup": false,
      "iteration": 185,
      "native_traversal_sec": 0.002281587,
      "row_count": 0
    },
    {
      "elapsed_sec": 0.002051025629043579,
      "is_warmup": false,
      "iteration": 186,
      "native_traversal_sec": 0.002021279,
      "row_count": 0
    },
    {
      "elapsed_sec": 0.0019817352294921875,
      "is_warmup": false,
      "iteration": 187,
      "native_traversal_sec": 0.001952907,
      "row_count": 0
    },
    {
      "elapsed_sec": 0.001935020089149475,
      "is_warmup": false,
      "iteration": 188,
      "native_traversal_sec": 0.001905286,
      "row_count": 0
    },
    {
      "elapsed_sec": 0.002357572317123413,
      "is_warmup": false,
      "iteration": 189,
      "native_traversal_sec": 0.002327838,
      "row_count": 0
    },
    {
      "elapsed_sec": 0.0019842684268951416,
      "is_warmup": false,
      "iteration": 190,
      "native_traversal_sec": 0.001954347,
      "row_count": 0
    },
    {
      "elapsed_sec": 0.00202806293964386,
      "is_warmup": false,
      "iteration": 191,
      "native_traversal_sec": 0.001998569,
      "row_count": 0
    },
    {
      "elapsed_sec": 0.0020063966512680054,
      "is_warmup": false,
      "iteration": 192,
      "native_traversal_sec": 0.001977698,
      "row_count": 0
    },
    {
      "elapsed_sec": 0.0023574233055114746,
      "is_warmup": false,
      "iteration": 193,
      "native_traversal_sec": 0.002328208,
      "row_count": 0
    },
    {
      "elapsed_sec": 0.0021285712718963623,
      "is_warmup": false,
      "iteration": 194,
      "native_traversal_sec": 0.002099252,
      "row_count": 0
    },
    {
      "elapsed_sec": 0.0020001977682113647,
      "is_warmup": false,
      "iteration": 195,
      "native_traversal_sec": 0.001958607,
      "row_count": 0
    },
    {
      "elapsed_sec": 0.0019435584545135498,
      "is_warmup": false,
      "iteration": 196,
      "native_traversal_sec": 0.001906646,
      "row_count": 0
    },
    {
      "elapsed_sec": 0.0022441819310188293,
      "is_warmup": false,
      "iteration": 197,
      "native_traversal_sec": 0.002216055,
      "row_count": 0
    },
    {
      "elapsed_sec": 0.001976095139980316,
      "is_warmup": false,
      "iteration": 198,
      "native_traversal_sec": 0.001947017,
      "row_count": 0
    },
    {
      "elapsed_sec": 0.001979425549507141,
      "is_warmup": false,
      "iteration": 199,
      "native_traversal_sec": 0.001950957,
      "row_count": 0
    },
    {
      "elapsed_sec": 0.00195486843585968,
      "is_warmup": false,
      "iteration": 200,
      "native_traversal_sec": 0.001926347,
      "row_count": 0
    },
    {
      "elapsed_sec": 0.0020531341433525085,
      "is_warmup": false,
      "iteration": 201,
      "native_traversal_sec": 0.002019049,
      "row_count": 0
    },
    {
      "elapsed_sec": 0.0021513253450393677,
      "is_warmup": false,
      "iteration": 202,
      "native_traversal_sec": 0.002122772,
      "row_count": 0
    },
    {
      "elapsed_sec": 0.0019504576921463013,
      "is_warmup": false,
      "iteration": 203,
      "native_traversal_sec": 0.001922147,
      "row_count": 0
    },
    {
      "elapsed_sec": 0.001912735402584076,
      "is_warmup": false,
      "iteration": 204,
      "native_traversal_sec": 0.001884706,
      "row_count": 0
    },
    {
      "elapsed_sec": 0.0022155120968818665,
      "is_warmup": false,
      "iteration": 205,
      "native_traversal_sec": 0.002187234,
      "row_count": 0
    },
    {
      "elapsed_sec": 0.0018924921751022339,
      "is_warmup": false,
      "iteration": 206,
      "native_traversal_sec": 0.001864244,
      "row_count": 0
    },
    {
      "elapsed_sec": 0.0022665634751319885,
      "is_warmup": false,
      "iteration": 207,
      "native_traversal_sec": 0.002237766,
      "row_count": 0
    },
    {
      "elapsed_sec": 0.0019256174564361572,
      "is_warmup": false,
      "iteration": 208,
      "native_traversal_sec": 0.001897245,
      "row_count": 0
    },
    {
      "elapsed_sec": 0.001957409083843231,
      "is_warmup": false,
      "iteration": 209,
      "native_traversal_sec": 0.001928857,
      "row_count": 0
    },
    {
      "elapsed_sec": 0.001906462013721466,
      "is_warmup": false,
      "iteration": 210,
      "native_traversal_sec": 0.001878635,
      "row_count": 0
    },
    {
      "elapsed_sec": 0.002096429467201233,
      "is_warmup": false,
      "iteration": 211,
      "native_traversal_sec": 0.00206884,
      "row_count": 0
    },
    {
      "elapsed_sec": 0.0018941164016723633,
      "is_warmup": false,
      "iteration": 212,
      "native_traversal_sec": 0.001866395,
      "row_count": 0
    },
    {
      "elapsed_sec": 0.0019048601388931274,
      "is_warmup": false,
      "iteration": 213,
      "native_traversal_sec": 0.001877125,
      "row_count": 0
    },
    {
      "elapsed_sec": 0.0019040852785110474,
      "is_warmup": false,
      "iteration": 214,
      "native_traversal_sec": 0.001876725,
      "row_count": 0
    },
    {
      "elapsed_sec": 0.0019867271184921265,
      "is_warmup": false,
      "iteration": 215,
      "native_traversal_sec": 0.001835113,
      "row_count": 0
    },
    {
      "elapsed_sec": 0.0019261687994003296,
      "is_warmup": false,
      "iteration": 216,
      "native_traversal_sec": 0.001898356,
      "row_count": 0
    },
    {
      "elapsed_sec": 0.0018916279077529907,
      "is_warmup": false,
      "iteration": 217,
      "native_traversal_sec": 0.001858194,
      "row_count": 0
    },
    {
      "elapsed_sec": 0.0021218284964561462,
      "is_warmup": false,
      "iteration": 218,
      "native_traversal_sec": 0.002093831,
      "row_count": 0
    },
    {
      "elapsed_sec": 0.0020071491599082947,
      "is_warmup": false,
      "iteration": 219,
      "native_traversal_sec": 0.001976118,
      "row_count": 0
    },
    {
      "elapsed_sec": 0.0020064860582351685,
      "is_warmup": false,
      "iteration": 220,
      "native_traversal_sec": 0.001976588,
      "row_count": 0
    },
    {
      "elapsed_sec": 0.001975826919078827,
      "is_warmup": false,
      "iteration": 221,
      "native_traversal_sec": 0.001947897,
      "row_count": 0
    },
    {
      "elapsed_sec": 0.0019812658429145813,
      "is_warmup": false,
      "iteration": 222,
      "native_traversal_sec": 0.001953047,
      "row_count": 0
    },
    {
      "elapsed_sec": 0.002003878355026245,
      "is_warmup": false,
      "iteration": 223,
      "native_traversal_sec": 0.001975678,
      "row_count": 0
    },
    {
      "elapsed_sec": 0.0019916146993637085,
      "is_warmup": false,
      "iteration": 224,
      "native_traversal_sec": 0.001962538,
      "row_count": 0
    },
    {
      "elapsed_sec": 0.0019660890102386475,
      "is_warmup": false,
      "iteration": 225,
      "native_traversal_sec": 0.001937326,
      "row_count": 0
    },
    {
      "elapsed_sec": 0.0019475147128105164,
      "is_warmup": false,
      "iteration": 226,
      "native_traversal_sec": 0.001919267,
      "row_count": 0
    },
    {
      "elapsed_sec": 0.0019860491156578064,
      "is_warmup": false,
      "iteration": 227,
      "native_traversal_sec": 0.001956317,
      "row_count": 0
    },
    {
      "elapsed_sec": 0.0020574405789375305,
      "is_warmup": false,
      "iteration": 228,
      "native_traversal_sec": 0.002019749,
      "row_count": 0
    },
    {
      "elapsed_sec": 0.0020029842853546143,
      "is_warmup": false,
      "iteration": 229,
      "native_traversal_sec": 0.001972928,
      "row_count": 0
    },
    {
      "elapsed_sec": 0.0019483193755149841,
      "is_warmup": false,
      "iteration": 230,
      "native_traversal_sec": 0.001919436,
      "row_count": 0
    },
    {
      "elapsed_sec": 0.0019110813736915588,
      "is_warmup": false,
      "iteration": 231,
      "native_traversal_sec": 0.001881515,
      "row_count": 0
    },
    {
      "elapsed_sec": 0.0022381916642189026,
      "is_warmup": false,
      "iteration": 232,
      "native_traversal_sec": 0.002209665,
      "row_count": 0
    },
    {
      "elapsed_sec": 0.0019684061408042908,
      "is_warmup": false,
      "iteration": 233,
      "native_traversal_sec": 0.001941387,
      "row_count": 0
    },
    {
      "elapsed_sec": 0.0019620954990386963,
      "is_warmup": false,
      "iteration": 234,
      "native_traversal_sec": 0.001934396,
      "row_count": 0
    },
    {
      "elapsed_sec": 0.0019583627581596375,
      "is_warmup": false,
      "iteration": 235,
      "native_traversal_sec": 0.001931187,
      "row_count": 0
    },
    {
      "elapsed_sec": 0.002110816538333893,
      "is_warmup": false,
      "iteration": 236,
      "native_traversal_sec": 0.002083431,
      "row_count": 0
    },
    {
      "elapsed_sec": 0.001973293721675873,
      "is_warmup": false,
      "iteration": 237,
      "native_traversal_sec": 0.001940627,
      "row_count": 0
    },
    {
      "elapsed_sec": 0.001917615532875061,
      "is_warmup": false,
      "iteration": 238,
      "native_traversal_sec": 0.001889885,
      "row_count": 0
    },
    {
      "elapsed_sec": 0.0019495561718940735,
      "is_warmup": false,
      "iteration": 239,
      "native_traversal_sec": 0.001920916,
      "row_count": 0
    },
    {
      "elapsed_sec": 0.002192564308643341,
      "is_warmup": false,
      "iteration": 240,
      "native_traversal_sec": 0.002165334,
      "row_count": 0
    },
    {
      "elapsed_sec": 0.0019304677844047546,
      "is_warmup": false,
      "iteration": 241,
      "native_traversal_sec": 0.001902625,
      "row_count": 0
    },
    {
      "elapsed_sec": 0.0018743500113487244,
      "is_warmup": false,
      "iteration": 242,
      "native_traversal_sec": 0.001846225,
      "row_count": 0
    },
    {
      "elapsed_sec": 0.001923106610774994,
      "is_warmup": false,
      "iteration": 243,
      "native_traversal_sec": 0.001896046,
      "row_count": 0
    },
    {
      "elapsed_sec": 0.002087235450744629,
      "is_warmup": false,
      "iteration": 244,
      "native_traversal_sec": 0.00206015,
      "row_count": 0
    },
    {
      "elapsed_sec": 0.0019040778279304504,
      "is_warmup": false,
      "iteration": 245,
      "native_traversal_sec": 0.001869515,
      "row_count": 0
    },
    {
      "elapsed_sec": 0.0019221380352973938,
      "is_warmup": false,
      "iteration": 246,
      "native_traversal_sec": 0.001894495,
      "row_count": 0
    },
    {
      "elapsed_sec": 0.0019382834434509277,
      "is_warmup": false,
      "iteration": 247,
      "native_traversal_sec": 0.001909836,
      "row_count": 0
    },
    {
      "elapsed_sec": 0.0020043551921844482,
      "is_warmup": false,
      "iteration": 248,
      "native_traversal_sec": 0.001976908,
      "row_count": 0
    },
    {
      "elapsed_sec": 0.0021461844444274902,
      "is_warmup": false,
      "iteration": 249,
      "native_traversal_sec": 0.002112102,
      "row_count": 0
    },
    {
      "elapsed_sec": 0.0019147321581840515,
      "is_warmup": false,
      "iteration": 250,
      "native_traversal_sec": 0.001886995,
      "row_count": 0
    },
    {
      "elapsed_sec": 0.001912735402584076,
      "is_warmup": false,
      "iteration": 251,
      "native_traversal_sec": 0.001885076,
      "row_count": 0
    },
    {
      "elapsed_sec": 0.0019330009818077087,
      "is_warmup": false,
      "iteration": 252,
      "native_traversal_sec": 0.001905596,
      "row_count": 0
    },
    {
      "elapsed_sec": 0.0021402016282081604,
      "is_warmup": false,
      "iteration": 253,
      "native_traversal_sec": 0.002112722,
      "row_count": 0
    },
    {
      "elapsed_sec": 0.0019071698188781738,
      "is_warmup": false,
      "iteration": 254,
      "native_traversal_sec": 0.001879395,
      "row_count": 0
    },
    {
      "elapsed_sec": 0.001911647617816925,
      "is_warmup": false,
      "iteration": 255,
      "native_traversal_sec": 0.001884225,
      "row_count": 0
    },
    {
      "elapsed_sec": 0.001983851194381714,
      "is_warmup": false,
      "iteration": 256,
      "native_traversal_sec": 0.001955897,
      "row_count": 0
    },
    {
      "elapsed_sec": 0.0022000297904014587,
      "is_warmup": false,
      "iteration": 257,
      "native_traversal_sec": 0.002172074,
      "row_count": 0
    },
    {
      "elapsed_sec": 0.001969769597053528,
      "is_warmup": false,
      "iteration": 258,
      "native_traversal_sec": 0.001941267,
      "row_count": 0
    },
    {
      "elapsed_sec": 0.0019501745700836182,
      "is_warmup": false,
      "iteration": 259,
      "native_traversal_sec": 0.001921956,
      "row_count": 0
    },
    {
      "elapsed_sec": 0.0024521872401237488,
      "is_warmup": false,
      "iteration": 260,
      "native_traversal_sec": 0.002424991,
      "row_count": 0
    },
    {
      "elapsed_sec": 0.00193120539188385,
      "is_warmup": false,
      "iteration": 261,
      "native_traversal_sec": 0.001898266,
      "row_count": 0
    },
    {
      "elapsed_sec": 0.0019522979855537415,
      "is_warmup": false,
      "iteration": 262,
      "native_traversal_sec": 0.001925066,
      "row_count": 0
    },
    {
      "elapsed_sec": 0.0019547119736671448,
      "is_warmup": false,
      "iteration": 263,
      "native_traversal_sec": 0.001927176,
      "row_count": 0
    },
    {
      "elapsed_sec": 0.0019437894225120544,
      "is_warmup": false,
      "iteration": 264,
      "native_traversal_sec": 0.001916307,
      "row_count": 0
    },
    {
      "elapsed_sec": 0.0021749213337898254,
      "is_warmup": false,
      "iteration": 265,
      "native_traversal_sec": 0.001912376,
      "row_count": 0
    },
    {
      "elapsed_sec": 0.001939244568347931,
      "is_warmup": false,
      "iteration": 266,
      "native_traversal_sec": 0.001910836,
      "row_count": 0
    },
    {
      "elapsed_sec": 0.0019232556223869324,
      "is_warmup": false,
      "iteration": 267,
      "native_traversal_sec": 0.001895156,
      "row_count": 0
    },
    {
      "elapsed_sec": 0.0018837898969650269,
      "is_warmup": false,
      "iteration": 268,
      "native_traversal_sec": 0.001855774,
      "row_count": 0
    },
    {
      "elapsed_sec": 0.0021258890628814697,
      "is_warmup": false,
      "iteration": 269,
      "native_traversal_sec": 0.002096592,
      "row_count": 0
    },
    {
      "elapsed_sec": 0.0020154863595962524,
      "is_warmup": false,
      "iteration": 270,
      "native_traversal_sec": 0.001984148,
      "row_count": 0
    },
    {
      "elapsed_sec": 0.001974038779735565,
      "is_warmup": false,
      "iteration": 271,
      "native_traversal_sec": 0.001945567,
      "row_count": 0
    },
    {
      "elapsed_sec": 0.00201454758644104,
      "is_warmup": false,
      "iteration": 272,
      "native_traversal_sec": 0.001985318,
      "row_count": 0
    },
    {
      "elapsed_sec": 0.0020827502012252808,
      "is_warmup": false,
      "iteration": 273,
      "native_traversal_sec": 0.00205296,
      "row_count": 0
    },
    {
      "elapsed_sec": 0.002039209008216858,
      "is_warmup": false,
      "iteration": 274,
      "native_traversal_sec": 0.002008939,
      "row_count": 0
    },
    {
      "elapsed_sec": 0.0019813552498817444,
      "is_warmup": false,
      "iteration": 275,
      "native_traversal_sec": 0.001952497,
      "row_count": 0
    },
    {
      "elapsed_sec": 0.0022013485431671143,
      "is_warmup": false,
      "iteration": 276,
      "native_traversal_sec": 0.002172914,
      "row_count": 0
    },
    {
      "elapsed_sec": 0.0019767209887504578,
      "is_warmup": false,
      "iteration": 277,
      "native_traversal_sec": 0.001947798,
      "row_count": 0
    },
    {
      "elapsed_sec": 0.001986369490623474,
      "is_warmup": false,
      "iteration": 278,
      "native_traversal_sec": 0.001957307,
      "row_count": 0
    },
    {
      "elapsed_sec": 0.0020328760147094727,
      "is_warmup": false,
      "iteration": 279,
      "native_traversal_sec": 0.002004299,
      "row_count": 0
    },
    {
      "elapsed_sec": 0.0022422969341278076,
      "is_warmup": false,
      "iteration": 280,
      "native_traversal_sec": 0.002213774,
      "row_count": 0
    },
    {
      "elapsed_sec": 0.0019535794854164124,
      "is_warmup": false,
      "iteration": 281,
      "native_traversal_sec": 0.001919107,
      "row_count": 0
    },
    {
      "elapsed_sec": 0.0019226819276809692,
      "is_warmup": false,
      "iteration": 282,
      "native_traversal_sec": 0.001894675,
      "row_count": 0
    },
    {
      "elapsed_sec": 0.001913420855998993,
      "is_warmup": false,
      "iteration": 283,
      "native_traversal_sec": 0.001885455,
      "row_count": 0
    },
    {
      "elapsed_sec": 0.002096720039844513,
      "is_warmup": false,
      "iteration": 284,
      "native_traversal_sec": 0.002068621,
      "row_count": 0
    },
    {
      "elapsed_sec": 0.0019902437925338745,
      "is_warmup": false,
      "iteration": 285,
      "native_traversal_sec": 0.001961367,
      "row_count": 0
    },
    {
      "elapsed_sec": 0.0018938258290290833,
      "is_warmup": false,
      "iteration": 286,
      "native_traversal_sec": 0.001866125,
      "row_count": 0
    },
    {
      "elapsed_sec": 0.0019244104623794556,
      "is_warmup": false,
      "iteration": 287,
      "native_traversal_sec": 0.001896405,
      "row_count": 0
    },
    {
      "elapsed_sec": 0.0021787360310554504,
      "is_warmup": false,
      "iteration": 288,
      "native_traversal_sec": 0.002150973,
      "row_count": 0
    },
    {
      "elapsed_sec": 0.0019338950514793396,
      "is_warmup": false,
      "iteration": 289,
      "native_traversal_sec": 0.001905526,
      "row_count": 0
    },
    {
      "elapsed_sec": 0.0019187778234481812,
      "is_warmup": false,
      "iteration": 290,
      "native_traversal_sec": 0.001891036,
      "row_count": 0
    },
    {
      "elapsed_sec": 0.0018950104713439941,
      "is_warmup": false,
      "iteration": 291,
      "native_traversal_sec": 0.001866475,
      "row_count": 0
    },
    {
      "elapsed_sec": 0.002231396734714508,
      "is_warmup": false,
      "iteration": 292,
      "native_traversal_sec": 0.002203515,
      "row_count": 0
    },
    {
      "elapsed_sec": 0.0019669607281684875,
      "is_warmup": false,
      "iteration": 293,
      "native_traversal_sec": 0.001938687,
      "row_count": 0
    },
    {
      "elapsed_sec": 0.0022310614585876465,
      "is_warmup": false,
      "iteration": 294,
      "native_traversal_sec": 0.002200645,
      "row_count": 0
    },
    {
      "elapsed_sec": 0.001970045268535614,
      "is_warmup": false,
      "iteration": 295,
      "native_traversal_sec": 0.001942097,
      "row_count": 0
    },
    {
      "elapsed_sec": 0.0021528825163841248,
      "is_warmup": false,
      "iteration": 296,
      "native_traversal_sec": 0.002124632,
      "row_count": 0
    },
    {
      "elapsed_sec": 0.001931801438331604,
      "is_warmup": false,
      "iteration": 297,
      "native_traversal_sec": 0.001903366,
      "row_count": 0
    },
    {
      "elapsed_sec": 0.0019714459776878357,
      "is_warmup": false,
      "iteration": 298,
      "native_traversal_sec": 0.001943478,
      "row_count": 0
    },
    {
      "elapsed_sec": 0.0019264519214630127,
      "is_warmup": false,
      "iteration": 299,
      "native_traversal_sec": 0.001898636,
      "row_count": 0
    },
    {
      "elapsed_sec": 0.0019736960530281067,
      "is_warmup": false,
      "iteration": 300,
      "native_traversal_sec": 0.001946087,
      "row_count": 0
    },
    {
      "elapsed_sec": 0.0020276904106140137,
      "is_warmup": false,
      "iteration": 301,
      "native_traversal_sec": 0.001993338,
      "row_count": 0
    },
    {
      "elapsed_sec": 0.0019367262721061707,
      "is_warmup": false,
      "iteration": 302,
      "native_traversal_sec": 0.001908856,
      "row_count": 0
    },
    {
      "elapsed_sec": 0.0018828585743904114,
      "is_warmup": false,
      "iteration": 303,
      "native_traversal_sec": 0.001854855,
      "row_count": 0
    },
    {
      "elapsed_sec": 0.0018818676471710205,
      "is_warmup": false,
      "iteration": 304,
      "native_traversal_sec": 0.001849344,
      "row_count": 0
    },
    {
      "elapsed_sec": 0.002080671489238739,
      "is_warmup": false,
      "iteration": 305,
      "native_traversal_sec": 0.0020526,
      "row_count": 0
    },
    {
      "elapsed_sec": 0.0019466355443000793,
      "is_warmup": false,
      "iteration": 306,
      "native_traversal_sec": 0.001918326,
      "row_count": 0
    },
    {
      "elapsed_sec": 0.0018409118056297302,
      "is_warmup": false,
      "iteration": 307,
      "native_traversal_sec": 0.001813743,
      "row_count": 0
    },
    {
      "elapsed_sec": 0.002239815890789032,
      "is_warmup": false,
      "iteration": 308,
      "native_traversal_sec": 0.002211415,
      "row_count": 0
    },
    {
      "elapsed_sec": 0.002126917243003845,
      "is_warmup": false,
      "iteration": 309,
      "native_traversal_sec": 0.002095251,
      "row_count": 0
    },
    {
      "elapsed_sec": 0.0027999505400657654,
      "is_warmup": false,
      "iteration": 310,
      "native_traversal_sec": 0.002765251,
      "row_count": 0
    },
    {
      "elapsed_sec": 0.002262689173221588,
      "is_warmup": false,
      "iteration": 311,
      "native_traversal_sec": 0.002227825,
      "row_count": 0
    },
    {
      "elapsed_sec": 0.002440035343170166,
      "is_warmup": false,
      "iteration": 312,
      "native_traversal_sec": 0.002404001,
      "row_count": 0
    },
    {
      "elapsed_sec": 0.0022286996245384216,
      "is_warmup": false,
      "iteration": 313,
      "native_traversal_sec": 0.002193764,
      "row_count": 0
    },
    {
      "elapsed_sec": 0.0027116984128952026,
      "is_warmup": false,
      "iteration": 314,
      "native_traversal_sec": 0.002676919,
      "row_count": 0
    },
    {
      "elapsed_sec": 0.002332434058189392,
      "is_warmup": false,
      "iteration": 315,
      "native_traversal_sec": 0.002297987,
      "row_count": 0
    },
    {
      "elapsed_sec": 0.0021367594599723816,
      "is_warmup": false,
      "iteration": 316,
      "native_traversal_sec": 0.002106872,
      "row_count": 0
    },
    {
      "elapsed_sec": 0.0020777136087417603,
      "is_warmup": false,
      "iteration": 317,
      "native_traversal_sec": 0.00204641,
      "row_count": 0
    },
    {
      "elapsed_sec": 0.0020077601075172424,
      "is_warmup": false,
      "iteration": 318,
      "native_traversal_sec": 0.001978778,
      "row_count": 0
    },
    {
      "elapsed_sec": 0.001968368887901306,
      "is_warmup": false,
      "iteration": 319,
      "native_traversal_sec": 0.001939877,
      "row_count": 0
    },
    {
      "elapsed_sec": 0.001986779272556305,
      "is_warmup": false,
      "iteration": 320,
      "native_traversal_sec": 0.001958308,
      "row_count": 0
    },
    {
      "elapsed_sec": 0.0020384639501571655,
      "is_warmup": false,
      "iteration": 321,
      "native_traversal_sec": 0.002010029,
      "row_count": 0
    },
    {
      "elapsed_sec": 0.002002634108066559,
      "is_warmup": false,
      "iteration": 322,
      "native_traversal_sec": 0.001974158,
      "row_count": 0
    },
    {
      "elapsed_sec": 0.0020040571689605713,
      "is_warmup": false,
      "iteration": 323,
      "native_traversal_sec": 0.001974598,
      "row_count": 0
    },
    {
      "elapsed_sec": 0.0020905062556266785,
      "is_warmup": false,
      "iteration": 324,
      "native_traversal_sec": 0.002061901,
      "row_count": 0
    },
    {
      "elapsed_sec": 0.002018183469772339,
      "is_warmup": false,
      "iteration": 325,
      "native_traversal_sec": 0.001988398,
      "row_count": 0
    },
    {
      "elapsed_sec": 0.002254299819469452,
      "is_warmup": false,
      "iteration": 326,
      "native_traversal_sec": 0.002225625,
      "row_count": 0
    },
    {
      "elapsed_sec": 0.0019684508442878723,
      "is_warmup": false,
      "iteration": 327,
      "native_traversal_sec": 0.001931587,
      "row_count": 0
    },
    {
      "elapsed_sec": 0.001969866454601288,
      "is_warmup": false,
      "iteration": 328,
      "native_traversal_sec": 0.001942037,
      "row_count": 0
    },
    {
      "elapsed_sec": 0.0018986910581588745,
      "is_warmup": false,
      "iteration": 329,
      "native_traversal_sec": 0.001870744,
      "row_count": 0
    },
    {
      "elapsed_sec": 0.0021073222160339355,
      "is_warmup": false,
      "iteration": 330,
      "native_traversal_sec": 0.002079571,
      "row_count": 0
    },
    {
      "elapsed_sec": 0.0019242912530899048,
      "is_warmup": false,
      "iteration": 331,
      "native_traversal_sec": 0.001896126,
      "row_count": 0
    },
    {
      "elapsed_sec": 0.0019908174872398376,
      "is_warmup": false,
      "iteration": 332,
      "native_traversal_sec": 0.001963287,
      "row_count": 0
    },
    {
      "elapsed_sec": 0.001915477216243744,
      "is_warmup": false,
      "iteration": 333,
      "native_traversal_sec": 0.001888025,
      "row_count": 0
    },
    {
      "elapsed_sec": 0.0020761415362358093,
      "is_warmup": false,
      "iteration": 334,
      "native_traversal_sec": 0.00204857,
      "row_count": 0
    },
    {
      "elapsed_sec": 0.0019087046384811401,
      "is_warmup": false,
      "iteration": 335,
      "native_traversal_sec": 0.001881105,
      "row_count": 0
    },
    {
      "elapsed_sec": 0.001958496868610382,
      "is_warmup": false,
      "iteration": 336,
      "native_traversal_sec": 0.001930837,
      "row_count": 0
    },
    {
      "elapsed_sec": 0.002074293792247772,
      "is_warmup": false,
      "iteration": 337,
      "native_traversal_sec": 0.00204645,
      "row_count": 0
    },
    {
      "elapsed_sec": 0.0019722357392311096,
      "is_warmup": false,
      "iteration": 338,
      "native_traversal_sec": 0.001944047,
      "row_count": 0
    },
    {
      "elapsed_sec": 0.0019572973251342773,
      "is_warmup": false,
      "iteration": 339,
      "native_traversal_sec": 0.001928796,
      "row_count": 0
    },
    {
      "elapsed_sec": 0.0019485875964164734,
      "is_warmup": false,
      "iteration": 340,
      "native_traversal_sec": 0.001920886,
      "row_count": 0
    },
    {
      "elapsed_sec": 0.002162352204322815,
      "is_warmup": false,
      "iteration": 341,
      "native_traversal_sec": 0.002134843,
      "row_count": 0
    },
    {
      "elapsed_sec": 0.001977071166038513,
      "is_warmup": false,
      "iteration": 342,
      "native_traversal_sec": 0.001949107,
      "row_count": 0
    },
    {
      "elapsed_sec": 0.0019341111183166504,
      "is_warmup": false,
      "iteration": 343,
      "native_traversal_sec": 0.001906066,
      "row_count": 0
    },
    {
      "elapsed_sec": 0.0021335333585739136,
      "is_warmup": false,
      "iteration": 344,
      "native_traversal_sec": 0.002100951,
      "row_count": 0
    },
    {
      "elapsed_sec": 0.0019592270255088806,
      "is_warmup": false,
      "iteration": 345,
      "native_traversal_sec": 0.001931487,
      "row_count": 0
    },
    {
      "elapsed_sec": 0.0019871369004249573,
      "is_warmup": false,
      "iteration": 346,
      "native_traversal_sec": 0.001958927,
      "row_count": 0
    },
    {
      "elapsed_sec": 0.001962423324584961,
      "is_warmup": false,
      "iteration": 347,
      "native_traversal_sec": 0.001934157,
      "row_count": 0
    },
    {
      "elapsed_sec": 0.002245977520942688,
      "is_warmup": false,
      "iteration": 348,
      "native_traversal_sec": 0.002217455,
      "row_count": 0
    },
    {
      "elapsed_sec": 0.0019613802433013916,
      "is_warmup": false,
      "iteration": 349,
      "native_traversal_sec": 0.001932966,
      "row_count": 0
    },
    {
      "elapsed_sec": 0.0019519701600074768,
      "is_warmup": false,
      "iteration": 350,
      "native_traversal_sec": 0.001923367,
      "row_count": 0
    },
    {
      "elapsed_sec": 0.0019142106175422668,
      "is_warmup": false,
      "iteration": 351,
      "native_traversal_sec": 0.001887086,
      "row_count": 0
    },
    {
      "elapsed_sec": 0.002128206193447113,
      "is_warmup": false,
      "iteration": 352,
      "native_traversal_sec": 0.002101071,
      "row_count": 0
    },
    {
      "elapsed_sec": 0.0019543394446372986,
      "is_warmup": false,
      "iteration": 353,
      "native_traversal_sec": 0.001926007,
      "row_count": 0
    },
    {
      "elapsed_sec": 0.0019445419311523438,
      "is_warmup": false,
      "iteration": 354,
      "native_traversal_sec": 0.001908256,
      "row_count": 0
    },
    {
      "elapsed_sec": 0.0019509047269821167,
      "is_warmup": false,
      "iteration": 355,
      "native_traversal_sec": 0.001923006,
      "row_count": 0
    },
    {
      "elapsed_sec": 0.0019170194864273071,
      "is_warmup": false,
      "iteration": 356,
      "native_traversal_sec": 0.001888995,
      "row_count": 0
    },
    {
      "elapsed_sec": 0.002274520695209503,
      "is_warmup": false,
      "iteration": 357,
      "native_traversal_sec": 0.002245386,
      "row_count": 0
    },
    {
      "elapsed_sec": 0.0019873231649398804,
      "is_warmup": false,
      "iteration": 358,
      "native_traversal_sec": 0.001956358,
      "row_count": 0
    },
    {
      "elapsed_sec": 0.0019719302654266357,
      "is_warmup": false,
      "iteration": 359,
      "native_traversal_sec": 0.001942507,
      "row_count": 0
    },
    {
      "elapsed_sec": 0.0019476041197776794,
      "is_warmup": false,
      "iteration": 360,
      "native_traversal_sec": 0.001918866,
      "row_count": 0
    },
    {
      "elapsed_sec": 0.0019183233380317688,
      "is_warmup": false,
      "iteration": 361,
      "native_traversal_sec": 0.001881575,
      "row_count": 0
    },
    {
      "elapsed_sec": 0.002105139195919037,
      "is_warmup": false,
      "iteration": 362,
      "native_traversal_sec": 0.00206855,
      "row_count": 0
    },
    {
      "elapsed_sec": 0.0020012930035591125,
      "is_warmup": false,
      "iteration": 363,
      "native_traversal_sec": 0.001971777,
      "row_count": 0
    },
    {
      "elapsed_sec": 0.0020780637860298157,
      "is_warmup": false,
      "iteration": 364,
      "native_traversal_sec": 0.00204482,
      "row_count": 0
    },
    {
      "elapsed_sec": 0.001962423324584961,
      "is_warmup": false,
      "iteration": 365,
      "native_traversal_sec": 0.001934237,
      "row_count": 0
    },
    {
      "elapsed_sec": 0.0019562840461730957,
      "is_warmup": false,
      "iteration": 366,
      "native_traversal_sec": 0.001928526,
      "row_count": 0
    },
    {
      "elapsed_sec": 0.001940406858921051,
      "is_warmup": false,
      "iteration": 367,
      "native_traversal_sec": 0.001912936,
      "row_count": 0
    },
    {
      "elapsed_sec": 0.0022235065698623657,
      "is_warmup": false,
      "iteration": 368,
      "native_traversal_sec": 0.002195475,
      "row_count": 0
    },
    {
      "elapsed_sec": 0.0023544952273368835,
      "is_warmup": false,
      "iteration": 369,
      "native_traversal_sec": 0.002325498,
      "row_count": 0
    },
    {
      "elapsed_sec": 0.002024821937084198,
      "is_warmup": false,
      "iteration": 370,
      "native_traversal_sec": 0.001991138,
      "row_count": 0
    },
    {
      "elapsed_sec": 0.0020911619067192078,
      "is_warmup": false,
      "iteration": 371,
      "native_traversal_sec": 0.002059431,
      "row_count": 0
    },
    {
      "elapsed_sec": 0.0022533684968948364,
      "is_warmup": false,
      "iteration": 372,
      "native_traversal_sec": 0.002221665,
      "row_count": 0
    },
    {
      "elapsed_sec": 0.0019219443202018738,
      "is_warmup": false,
      "iteration": 373,
      "native_traversal_sec": 0.001889385,
      "row_count": 0
    },
    {
      "elapsed_sec": 0.002132907509803772,
      "is_warmup": false,
      "iteration": 374,
      "native_traversal_sec": 0.002103882,
      "row_count": 0
    },
    {
      "elapsed_sec": 0.0019478052854537964,
      "is_warmup": false,
      "iteration": 375,
      "native_traversal_sec": 0.001918336,
      "row_count": 0
    },
    {
      "elapsed_sec": 0.0020097196102142334,
      "is_warmup": false,
      "iteration": 376,
      "native_traversal_sec": 0.001976108,
      "row_count": 0
    },
    {
      "elapsed_sec": 0.0019861310720443726,
      "is_warmup": false,
      "iteration": 377,
      "native_traversal_sec": 0.001957167,
      "row_count": 0
    },
    {
      "elapsed_sec": 0.002021282911300659,
      "is_warmup": false,
      "iteration": 378,
      "native_traversal_sec": 0.001992079,
      "row_count": 0
    },
    {
      "elapsed_sec": 0.0019024312496185303,
      "is_warmup": false,
      "iteration": 379,
      "native_traversal_sec": 0.001873874,
      "row_count": 0
    },
    {
      "elapsed_sec": 0.002247229218482971,
      "is_warmup": false,
      "iteration": 380,
      "native_traversal_sec": 0.002219405,
      "row_count": 0
    },
    {
      "elapsed_sec": 0.0019192248582839966,
      "is_warmup": false,
      "iteration": 381,
      "native_traversal_sec": 0.001876075,
      "row_count": 0
    },
    {
      "elapsed_sec": 0.0019237920641899109,
      "is_warmup": false,
      "iteration": 382,
      "native_traversal_sec": 0.001895145,
      "row_count": 0
    },
    {
      "elapsed_sec": 0.0019118189811706543,
      "is_warmup": false,
      "iteration": 383,
      "native_traversal_sec": 0.001884905,
      "row_count": 0
    },
    {
      "elapsed_sec": 0.002152569591999054,
      "is_warmup": false,
      "iteration": 384,
      "native_traversal_sec": 0.002113922,
      "row_count": 0
    },
    {
      "elapsed_sec": 0.0019329637289047241,
      "is_warmup": false,
      "iteration": 385,
      "native_traversal_sec": 0.001901505,
      "row_count": 0
    },
    {
      "elapsed_sec": 0.002008192241191864,
      "is_warmup": false,
      "iteration": 386,
      "native_traversal_sec": 0.001979218,
      "row_count": 0
    },
    {
      "elapsed_sec": 0.0020142272114753723,
      "is_warmup": false,
      "iteration": 387,
      "native_traversal_sec": 0.001984898,
      "row_count": 0
    },
    {
      "elapsed_sec": 0.002022966742515564,
      "is_warmup": false,
      "iteration": 388,
      "native_traversal_sec": 0.001993279,
      "row_count": 0
    },
    {
      "elapsed_sec": 0.0019896626472473145,
      "is_warmup": false,
      "iteration": 389,
      "native_traversal_sec": 0.001945327,
      "row_count": 0
    },
    {
      "elapsed_sec": 0.0019791796803474426,
      "is_warmup": false,
      "iteration": 390,
      "native_traversal_sec": 0.001941897,
      "row_count": 0
    },
    {
      "elapsed_sec": 0.002061709761619568,
      "is_warmup": false,
      "iteration": 391,
      "native_traversal_sec": 0.0020323,
      "row_count": 0
    },
    {
      "elapsed_sec": 0.001986779272556305,
      "is_warmup": false,
      "iteration": 392,
      "native_traversal_sec": 0.001957547,
      "row_count": 0
    },
    {
      "elapsed_sec": 0.0019430145621299744,
      "is_warmup": false,
      "iteration": 393,
      "native_traversal_sec": 0.001914746,
      "row_count": 0
    },
    {
      "elapsed_sec": 0.0021118372678756714,
      "is_warmup": false,
      "iteration": 394,
      "native_traversal_sec": 0.002082571,
      "row_count": 0
    },
    {
      "elapsed_sec": 0.0020148158073425293,
      "is_warmup": false,
      "iteration": 395,
      "native_traversal_sec": 0.001982918,
      "row_count": 0
    },
    {
      "elapsed_sec": 0.0019849538803100586,
      "is_warmup": false,
      "iteration": 396,
      "native_traversal_sec": 0.001955358,
      "row_count": 0
    },
    {
      "elapsed_sec": 0.002000555396080017,
      "is_warmup": false,
      "iteration": 397,
      "native_traversal_sec": 0.001971038,
      "row_count": 0
    },
    {
      "elapsed_sec": 0.0020099058747291565,
      "is_warmup": false,
      "iteration": 398,
      "native_traversal_sec": 0.001980028,
      "row_count": 0
    },
    {
      "elapsed_sec": 0.002001047134399414,
      "is_warmup": false,
      "iteration": 399,
      "native_traversal_sec": 0.001970858,
      "row_count": 0
    },
    {
      "elapsed_sec": 0.002052895724773407,
      "is_warmup": false,
      "iteration": 400,
      "native_traversal_sec": 0.002023399,
      "row_count": 0
    },
    {
      "elapsed_sec": 0.0022235438227653503,
      "is_warmup": false,
      "iteration": 401,
      "native_traversal_sec": 0.002193725,
      "row_count": 0
    },
    {
      "elapsed_sec": 0.0020773038268089294,
      "is_warmup": false,
      "iteration": 402,
      "native_traversal_sec": 0.00204659,
      "row_count": 0
    },
    {
      "elapsed_sec": 0.001950100064277649,
      "is_warmup": false,
      "iteration": 403,
      "native_traversal_sec": 0.001918396,
      "row_count": 0
    },
    {
      "elapsed_sec": 0.0019400343298912048,
      "is_warmup": false,
      "iteration": 404,
      "native_traversal_sec": 0.001912626,
      "row_count": 0
    },
    {
      "elapsed_sec": 0.002284415066242218,
      "is_warmup": false,
      "iteration": 405,
      "native_traversal_sec": 0.002256746,
      "row_count": 0
    },
    {
      "elapsed_sec": 0.0019308105111122131,
      "is_warmup": false,
      "iteration": 406,
      "native_traversal_sec": 0.001902086,
      "row_count": 0
    },
    {
      "elapsed_sec": 0.0021096840500831604,
      "is_warmup": false,
      "iteration": 407,
      "native_traversal_sec": 0.002081361,
      "row_count": 0
    },
    {
      "elapsed_sec": 0.0019585415720939636,
      "is_warmup": false,
      "iteration": 408,
      "native_traversal_sec": 0.001923526,
      "row_count": 0
    },
    {
      "elapsed_sec": 0.0021819844841957092,
      "is_warmup": false,
      "iteration": 409,
      "native_traversal_sec": 0.002152443,
      "row_count": 0
    },
    {
      "elapsed_sec": 0.0019299313426017761,
      "is_warmup": false,
      "iteration": 410,
      "native_traversal_sec": 0.001900126,
      "row_count": 0
    },
    {
      "elapsed_sec": 0.00196201354265213,
      "is_warmup": false,
      "iteration": 411,
      "native_traversal_sec": 0.001934237,
      "row_count": 0
    },
    {
      "elapsed_sec": 0.0019245147705078125,
      "is_warmup": false,
      "iteration": 412,
      "native_traversal_sec": 0.001896716,
      "row_count": 0
    },
    {
      "elapsed_sec": 0.002059347927570343,
      "is_warmup": false,
      "iteration": 413,
      "native_traversal_sec": 0.002030099,
      "row_count": 0
    },
    {
      "elapsed_sec": 0.0020441561937332153,
      "is_warmup": false,
      "iteration": 414,
      "native_traversal_sec": 0.002011629,
      "row_count": 0
    },
    {
      "elapsed_sec": 0.001993246376514435,
      "is_warmup": false,
      "iteration": 415,
      "native_traversal_sec": 0.001962888,
      "row_count": 0
    },
    {
      "elapsed_sec": 0.0019957348704338074,
      "is_warmup": false,
      "iteration": 416,
      "native_traversal_sec": 0.001966257,
      "row_count": 0
    },
    {
      "elapsed_sec": 0.001973465085029602,
      "is_warmup": false,
      "iteration": 417,
      "native_traversal_sec": 0.001943747,
      "row_count": 0
    },
    {
      "elapsed_sec": 0.0020159929990768433,
      "is_warmup": false,
      "iteration": 418,
      "native_traversal_sec": 0.001987228,
      "row_count": 0
    },
    {
      "elapsed_sec": 0.0019957125186920166,
      "is_warmup": false,
      "iteration": 419,
      "native_traversal_sec": 0.001966718,
      "row_count": 0
    },
    {
      "elapsed_sec": 0.0019408762454986572,
      "is_warmup": false,
      "iteration": 420,
      "native_traversal_sec": 0.001911916,
      "row_count": 0
    },
    {
      "elapsed_sec": 0.0021017342805862427,
      "is_warmup": false,
      "iteration": 421,
      "native_traversal_sec": 0.002071171,
      "row_count": 0
    },
    {
      "elapsed_sec": 0.0020163878798484802,
      "is_warmup": false,
      "iteration": 422,
      "native_traversal_sec": 0.001986528,
      "row_count": 0
    },
    {
      "elapsed_sec": 0.0019323751330375671,
      "is_warmup": false,
      "iteration": 423,
      "native_traversal_sec": 0.001904586,
      "row_count": 0
    },
    {
      "elapsed_sec": 0.002086944878101349,
      "is_warmup": false,
      "iteration": 424,
      "native_traversal_sec": 0.002059411,
      "row_count": 0
    },
    {
      "elapsed_sec": 0.001897081732749939,
      "is_warmup": false,
      "iteration": 425,
      "native_traversal_sec": 0.001869785,
      "row_count": 0
    },
    {
      "elapsed_sec": 0.0019248947501182556,
      "is_warmup": false,
      "iteration": 426,
      "native_traversal_sec": 0.001897446,
      "row_count": 0
    },
    {
      "elapsed_sec": 0.00204409658908844,
      "is_warmup": false,
      "iteration": 427,
      "native_traversal_sec": 0.002016699,
      "row_count": 0
    },
    {
      "elapsed_sec": 0.0019374415278434753,
      "is_warmup": false,
      "iteration": 428,
      "native_traversal_sec": 0.001903706,
      "row_count": 0
    },
    {
      "elapsed_sec": 0.0018932372331619263,
      "is_warmup": false,
      "iteration": 429,
      "native_traversal_sec": 0.001865055,
      "row_count": 0
    },
    {
      "elapsed_sec": 0.0019112452864646912,
      "is_warmup": false,
      "iteration": 430,
      "native_traversal_sec": 0.001884496,
      "row_count": 0
    },
    {
      "elapsed_sec": 0.0020812004804611206,
      "is_warmup": false,
      "iteration": 431,
      "native_traversal_sec": 0.00204743,
      "row_count": 0
    },
    {
      "elapsed_sec": 0.0019113421440124512,
      "is_warmup": false,
      "iteration": 432,
      "native_traversal_sec": 0.001884165,
      "row_count": 0
    },
    {
      "elapsed_sec": 0.0019070878624916077,
      "is_warmup": false,
      "iteration": 433,
      "native_traversal_sec": 0.001879185,
      "row_count": 0
    },
    {
      "elapsed_sec": 0.0019290894269943237,
      "is_warmup": false,
      "iteration": 434,
      "native_traversal_sec": 0.001901335,
      "row_count": 0
    },
    {
      "elapsed_sec": 0.00205858051776886,
      "is_warmup": false,
      "iteration": 435,
      "native_traversal_sec": 0.00202968,
      "row_count": 0
    },
    {
      "elapsed_sec": 0.0020129606127738953,
      "is_warmup": false,
      "iteration": 436,
      "native_traversal_sec": 0.001981648,
      "row_count": 0
    },
    {
      "elapsed_sec": 0.00247761607170105,
      "is_warmup": false,
      "iteration": 437,
      "native_traversal_sec": 0.002447732,
      "row_count": 0
    },
    {
      "elapsed_sec": 0.0020941346883773804,
      "is_warmup": false,
      "iteration": 438,
      "native_traversal_sec": 0.00206322,
      "row_count": 0
    },
    {
      "elapsed_sec": 0.0020151138305664062,
      "is_warmup": false,
      "iteration": 439,
      "native_traversal_sec": 0.001979938,
      "row_count": 0
    },
    {
      "elapsed_sec": 0.002186216413974762,
      "is_warmup": false,
      "iteration": 440,
      "native_traversal_sec": 0.002156733,
      "row_count": 0
    },
    {
      "elapsed_sec": 0.0019244998693466187,
      "is_warmup": false,
      "iteration": 441,
      "native_traversal_sec": 0.001894616,
      "row_count": 0
    },
    {
      "elapsed_sec": 0.00210648775100708,
      "is_warmup": false,
      "iteration": 442,
      "native_traversal_sec": 0.002078531,
      "row_count": 0
    },
    {
      "elapsed_sec": 0.0019316375255584717,
      "is_warmup": false,
      "iteration": 443,
      "native_traversal_sec": 0.001904006,
      "row_count": 0
    },
    {
      "elapsed_sec": 0.002006843686103821,
      "is_warmup": false,
      "iteration": 444,
      "native_traversal_sec": 0.001978578,
      "row_count": 0
    },
    {
      "elapsed_sec": 0.0019011721014976501,
      "is_warmup": false,
      "iteration": 445,
      "native_traversal_sec": 0.001866345,
      "row_count": 0
    },
    {
      "elapsed_sec": 0.0021558329463005066,
      "is_warmup": false,
      "iteration": 446,
      "native_traversal_sec": 0.002128403,
      "row_count": 0
    },
    {
      "elapsed_sec": 0.001926712691783905,
      "is_warmup": false,
      "iteration": 447,
      "native_traversal_sec": 0.001898936,
      "row_count": 0
    },
    {
      "elapsed_sec": 0.0019314587116241455,
      "is_warmup": false,
      "iteration": 448,
      "native_traversal_sec": 0.001903836,
      "row_count": 0
    },
    {
      "elapsed_sec": 0.0019218549132347107,
      "is_warmup": false,
      "iteration": 449,
      "native_traversal_sec": 0.001894045,
      "row_count": 0
    },
    {
      "elapsed_sec": 0.0020332634449005127,
      "is_warmup": false,
      "iteration": 450,
      "native_traversal_sec": 0.002004839,
      "row_count": 0
    },
    {
      "elapsed_sec": 0.0019292235374450684,
      "is_warmup": false,
      "iteration": 451,
      "native_traversal_sec": 0.001888235,
      "row_count": 0
    },
    {
      "elapsed_sec": 0.0021136701107025146,
      "is_warmup": false,
      "iteration": 452,
      "native_traversal_sec": 0.002086152,
      "row_count": 0
    },
    {
      "elapsed_sec": 0.0019513145089149475,
      "is_warmup": false,
      "iteration": 453,
      "native_traversal_sec": 0.001922997,
      "row_count": 0
    },
    {
      "elapsed_sec": 0.0020306482911109924,
      "is_warmup": false,
      "iteration": 454,
      "native_traversal_sec": 0.001995429,
      "row_count": 0
    },
    {
      "elapsed_sec": 0.0019813254475593567,
      "is_warmup": false,
      "iteration": 455,
      "native_traversal_sec": 0.001952788,
      "row_count": 0
    },
    {
      "elapsed_sec": 0.0019034668803215027,
      "is_warmup": false,
      "iteration": 456,
      "native_traversal_sec": 0.001868214,
      "row_count": 0
    },
    {
      "elapsed_sec": 0.002032145857810974,
      "is_warmup": false,
      "iteration": 457,
      "native_traversal_sec": 0.002005749,
      "row_count": 0
    },
    {
      "elapsed_sec": 0.0019264072179794312,
      "is_warmup": false,
      "iteration": 458,
      "native_traversal_sec": 0.001899026,
      "row_count": 0
    },
    {
      "elapsed_sec": 0.0020059049129486084,
      "is_warmup": false,
      "iteration": 459,
      "native_traversal_sec": 0.001978148,
      "row_count": 0
    },
    {
      "elapsed_sec": 0.0019063204526901245,
      "is_warmup": false,
      "iteration": 460,
      "native_traversal_sec": 0.001877155,
      "row_count": 0
    },
    {
      "elapsed_sec": 0.0020742565393447876,
      "is_warmup": false,
      "iteration": 461,
      "native_traversal_sec": 0.002047531,
      "row_count": 0
    },
    {
      "elapsed_sec": 0.0019031688570976257,
      "is_warmup": false,
      "iteration": 462,
      "native_traversal_sec": 0.001875285,
      "row_count": 0
    },
    {
      "elapsed_sec": 0.0019078552722930908,
      "is_warmup": false,
      "iteration": 463,
      "native_traversal_sec": 0.001880535,
      "row_count": 0
    },
    {
      "elapsed_sec": 0.0019416138529777527,
      "is_warmup": false,
      "iteration": 464,
      "native_traversal_sec": 0.001914266,
      "row_count": 0
    },
    {
      "elapsed_sec": 0.002140335738658905,
      "is_warmup": false,
      "iteration": 465,
      "native_traversal_sec": 0.002110692,
      "row_count": 0
    },
    {
      "elapsed_sec": 0.002000480890274048,
      "is_warmup": false,
      "iteration": 466,
      "native_traversal_sec": 0.001968888,
      "row_count": 0
    },
    {
      "elapsed_sec": 0.001990482211112976,
      "is_warmup": false,
      "iteration": 467,
      "native_traversal_sec": 0.001960187,
      "row_count": 0
    },
    {
      "elapsed_sec": 0.001957923173904419,
      "is_warmup": false,
      "iteration": 468,
      "native_traversal_sec": 0.001927747,
      "row_count": 0
    },
    {
      "elapsed_sec": 0.002080559730529785,
      "is_warmup": false,
      "iteration": 469,
      "native_traversal_sec": 0.00205165,
      "row_count": 0
    },
    {
      "elapsed_sec": 0.0020629093050956726,
      "is_warmup": false,
      "iteration": 470,
      "native_traversal_sec": 0.002033529,
      "row_count": 0
    },
    {
      "elapsed_sec": 0.002021782100200653,
      "is_warmup": false,
      "iteration": 471,
      "native_traversal_sec": 0.001955988,
      "row_count": 0
    },
    {
      "elapsed_sec": 0.002013862133026123,
      "is_warmup": false,
      "iteration": 472,
      "native_traversal_sec": 0.001983838,
      "row_count": 0
    },
    {
      "elapsed_sec": 0.0021351128816604614,
      "is_warmup": false,
      "iteration": 473,
      "native_traversal_sec": 0.002104372,
      "row_count": 0
    },
    {
      "elapsed_sec": 0.002010166645050049,
      "is_warmup": false,
      "iteration": 474,
      "native_traversal_sec": 0.001972788,
      "row_count": 0
    },
    {
      "elapsed_sec": 0.0019334107637405396,
      "is_warmup": false,
      "iteration": 475,
      "native_traversal_sec": 0.001905405,
      "row_count": 0
    },
    {
      "elapsed_sec": 0.0019521638751029968,
      "is_warmup": false,
      "iteration": 476,
      "native_traversal_sec": 0.001915786,
      "row_count": 0
    },
    {
      "elapsed_sec": 0.0019698813557624817,
      "is_warmup": false,
      "iteration": 477,
      "native_traversal_sec": 0.001942007,
      "row_count": 0
    },
    {
      "elapsed_sec": 0.002180039882659912,
      "is_warmup": false,
      "iteration": 478,
      "native_traversal_sec": 0.002152784,
      "row_count": 0
    },
    {
      "elapsed_sec": 0.0019768401980400085,
      "is_warmup": false,
      "iteration": 479,
      "native_traversal_sec": 0.001948487,
      "row_count": 0
    },
    {
      "elapsed_sec": 0.0019019395112991333,
      "is_warmup": false,
      "iteration": 480,
      "native_traversal_sec": 0.001874554,
      "row_count": 0
    },
    {
      "elapsed_sec": 0.0019418001174926758,
      "is_warmup": false,
      "iteration": 481,
      "native_traversal_sec": 0.001914457,
      "row_count": 0
    },
    {
      "elapsed_sec": 0.002139575779438019,
      "is_warmup": false,
      "iteration": 482,
      "native_traversal_sec": 0.002111892,
      "row_count": 0
    },
    {
      "elapsed_sec": 0.0019369572401046753,
      "is_warmup": false,
      "iteration": 483,
      "native_traversal_sec": 0.001908686,
      "row_count": 0
    },
    {
      "elapsed_sec": 0.0020231306552886963,
      "is_warmup": false,
      "iteration": 484,
      "native_traversal_sec": 0.001987969,
      "row_count": 0
    },
    {
      "elapsed_sec": 0.0019369050860404968,
      "is_warmup": false,
      "iteration": 485,
      "native_traversal_sec": 0.001907596,
      "row_count": 0
    },
    {
      "elapsed_sec": 0.0023715272545814514,
      "is_warmup": false,
      "iteration": 486,
      "native_traversal_sec": 0.002342969,
      "row_count": 0
    },
    {
      "elapsed_sec": 0.001999787986278534,
      "is_warmup": false,
      "iteration": 487,
      "native_traversal_sec": 0.001967618,
      "row_count": 0
    },
    {
      "elapsed_sec": 0.001986265182495117,
      "is_warmup": false,
      "iteration": 488,
      "native_traversal_sec": 0.001956437,
      "row_count": 0
    },
    {
      "elapsed_sec": 0.0019599348306655884,
      "is_warmup": false,
      "iteration": 489,
      "native_traversal_sec": 0.001931277,
      "row_count": 0
    },
    {
      "elapsed_sec": 0.002191893756389618,
      "is_warmup": false,
      "iteration": 490,
      "native_traversal_sec": 0.002162834,
      "row_count": 0
    },
    {
      "elapsed_sec": 0.0019382238388061523,
      "is_warmup": false,
      "iteration": 491,
      "native_traversal_sec": 0.001909296,
      "row_count": 0
    },
    {
      "elapsed_sec": 0.001983918249607086,
      "is_warmup": false,
      "iteration": 492,
      "native_traversal_sec": 0.001949727,
      "row_count": 0
    },
    {
      "elapsed_sec": 0.0019588619470596313,
      "is_warmup": false,
      "iteration": 493,
      "native_traversal_sec": 0.001930087,
      "row_count": 0
    },
    {
      "elapsed_sec": 0.002306610345840454,
      "is_warmup": false,
      "iteration": 494,
      "native_traversal_sec": 0.002277346,
      "row_count": 0
    },
    {
      "elapsed_sec": 0.002220548689365387,
      "is_warmup": false,
      "iteration": 495,
      "native_traversal_sec": 0.002190934,
      "row_count": 0
    },
    {
      "elapsed_sec": 0.001986183226108551,
      "is_warmup": false,
      "iteration": 496,
      "native_traversal_sec": 0.001956928,
      "row_count": 0
    },
    {
      "elapsed_sec": 0.001954808831214905,
      "is_warmup": false,
      "iteration": 497,
      "native_traversal_sec": 0.001925766,
      "row_count": 0
    },
    {
      "elapsed_sec": 0.001968778669834137,
      "is_warmup": false,
      "iteration": 498,
      "native_traversal_sec": 0.001940177,
      "row_count": 0
    },
    {
      "elapsed_sec": 0.0021813735365867615,
      "is_warmup": false,
      "iteration": 499,
      "native_traversal_sec": 0.002153023,
      "row_count": 0
    },
    {
      "elapsed_sec": 0.0019900351762771606,
      "is_warmup": false,
      "iteration": 500,
      "native_traversal_sec": 0.001951587,
      "row_count": 0
    },
    {
      "elapsed_sec": 0.0019840747117996216,
      "is_warmup": false,
      "iteration": 501,
      "native_traversal_sec": 0.001945697,
      "row_count": 0
    },
    {
      "elapsed_sec": 0.001990489661693573,
      "is_warmup": false,
      "iteration": 502,
      "native_traversal_sec": 0.001958757,
      "row_count": 0
    },
    {
      "elapsed_sec": 0.0019483640789985657,
      "is_warmup": false,
      "iteration": 503,
      "native_traversal_sec": 0.001914236,
      "row_count": 0
    },
    {
      "elapsed_sec": 0.0020363852381706238,
      "is_warmup": false,
      "iteration": 504,
      "native_traversal_sec": 0.002007369,
      "row_count": 0
    },
    {
      "elapsed_sec": 0.001930825412273407,
      "is_warmup": false,
      "iteration": 505,
      "native_traversal_sec": 0.001902906,
      "row_count": 0
    },
    {
      "elapsed_sec": 0.0018988773226737976,
      "is_warmup": false,
      "iteration": 506,
      "native_traversal_sec": 0.001871465,
      "row_count": 0
    },
    {
      "elapsed_sec": 0.00212203711271286,
      "is_warmup": false,
      "iteration": 507,
      "native_traversal_sec": 0.002094402,
      "row_count": 0
    },
    {
      "elapsed_sec": 0.001971825957298279,
      "is_warmup": false,
      "iteration": 508,
      "native_traversal_sec": 0.001943787,
      "row_count": 0
    },
    {
      "elapsed_sec": 0.0019125640392303467,
      "is_warmup": false,
      "iteration": 509,
      "native_traversal_sec": 0.001884675,
      "row_count": 0
    },
    {
      "elapsed_sec": 0.0019694045186042786,
      "is_warmup": false,
      "iteration": 510,
      "native_traversal_sec": 0.001941677,
      "row_count": 0
    },
    {
      "elapsed_sec": 0.0022435039281845093,
      "is_warmup": false,
      "iteration": 511,
      "native_traversal_sec": 0.002209384,
      "row_count": 0
    },
    {
      "elapsed_sec": 0.0019145011901855469,
      "is_warmup": false,
      "iteration": 512,
      "native_traversal_sec": 0.001886456,
      "row_count": 0
    },
    {
      "elapsed_sec": 0.0019578710198402405,
      "is_warmup": false,
      "iteration": 513,
      "native_traversal_sec": 0.001930806,
      "row_count": 0
    },
    {
      "elapsed_sec": 0.002123720943927765,
      "is_warmup": false,
      "iteration": 514,
      "native_traversal_sec": 0.002089141,
      "row_count": 0
    },
    {
      "elapsed_sec": 0.00190000981092453,
      "is_warmup": false,
      "iteration": 515,
      "native_traversal_sec": 0.001872285,
      "row_count": 0
    },
    {
      "elapsed_sec": 0.002203322947025299,
      "is_warmup": false,
      "iteration": 516,
      "native_traversal_sec": 0.002175674,
      "row_count": 0
    },
    {
      "elapsed_sec": 0.0019286349415779114,
      "is_warmup": false,
      "iteration": 517,
      "native_traversal_sec": 0.001900256,
      "row_count": 0
    },
    {
      "elapsed_sec": 0.001903429627418518,
      "is_warmup": false,
      "iteration": 518,
      "native_traversal_sec": 0.001875645,
      "row_count": 0
    },
    {
      "elapsed_sec": 0.0019092932343482971,
      "is_warmup": false,
      "iteration": 519,
      "native_traversal_sec": 0.001881795,
      "row_count": 0
    },
    {
      "elapsed_sec": 0.0021263733506202698,
      "is_warmup": false,
      "iteration": 520,
      "native_traversal_sec": 0.002099402,
      "row_count": 0
    },
    {
      "elapsed_sec": 0.0019487589597702026,
      "is_warmup": false,
      "iteration": 521,
      "native_traversal_sec": 0.001911146,
      "row_count": 0
    },
    {
      "elapsed_sec": 0.0020356178283691406,
      "is_warmup": false,
      "iteration": 522,
      "native_traversal_sec": 0.002007449,
      "row_count": 0
    },
    {
      "elapsed_sec": 0.0019450932741165161,
      "is_warmup": false,
      "iteration": 523,
      "native_traversal_sec": 0.001910476,
      "row_count": 0
    },
    {
      "elapsed_sec": 0.00215110182762146,
      "is_warmup": false,
      "iteration": 524,
      "native_traversal_sec": 0.002123532,
      "row_count": 0
    },
    {
      "elapsed_sec": 0.0019353851675987244,
      "is_warmup": false,
      "iteration": 525,
      "native_traversal_sec": 0.001907266,
      "row_count": 0
    },
    {
      "elapsed_sec": 0.0019511207938194275,
      "is_warmup": false,
      "iteration": 526,
      "native_traversal_sec": 0.001922886,
      "row_count": 0
    },
    {
      "elapsed_sec": 0.0019298940896987915,
      "is_warmup": false,
      "iteration": 527,
      "native_traversal_sec": 0.001901706,
      "row_count": 0
    },
    {
      "elapsed_sec": 0.002000749111175537,
      "is_warmup": false,
      "iteration": 528,
      "native_traversal_sec": 0.001973298,
      "row_count": 0
    },
    {
      "elapsed_sec": 0.001923687756061554,
      "is_warmup": false,
      "iteration": 529,
      "native_traversal_sec": 0.001895145,
      "row_count": 0
    },
    {
      "elapsed_sec": 0.001903817057609558,
      "is_warmup": false,
      "iteration": 530,
      "native_traversal_sec": 0.001876485,
      "row_count": 0
    },
    {
      "elapsed_sec": 0.0018921718001365662,
      "is_warmup": false,
      "iteration": 531,
      "native_traversal_sec": 0.001864805,
      "row_count": 0
    },
    {
      "elapsed_sec": 0.0019397735595703125,
      "is_warmup": false,
      "iteration": 532,
      "native_traversal_sec": 0.001911496,
      "row_count": 0
    },
    {
      "elapsed_sec": 0.0020886510610580444,
      "is_warmup": false,
      "iteration": 533,
      "native_traversal_sec": 0.00205936,
      "row_count": 0
    },
    {
      "elapsed_sec": 0.0019538477063179016,
      "is_warmup": false,
      "iteration": 534,
      "native_traversal_sec": 0.001924376,
      "row_count": 0
    },
    {
      "elapsed_sec": 0.0019051507115364075,
      "is_warmup": false,
      "iteration": 535,
      "native_traversal_sec": 0.001871735,
      "row_count": 0
    },
    {
      "elapsed_sec": 0.0019541755318641663,
      "is_warmup": false,
      "iteration": 536,
      "native_traversal_sec": 0.001925597,
      "row_count": 0
    },
    {
      "elapsed_sec": 0.002164870500564575,
      "is_warmup": false,
      "iteration": 537,
      "native_traversal_sec": 0.002134742,
      "row_count": 0
    },
    {
      "elapsed_sec": 0.002006843686103821,
      "is_warmup": false,
      "iteration": 538,
      "native_traversal_sec": 0.001978078,
      "row_count": 0
    },
    {
      "elapsed_sec": 0.001960955560207367,
      "is_warmup": false,
      "iteration": 539,
      "native_traversal_sec": 0.001931817,
      "row_count": 0
    },
    {
      "elapsed_sec": 0.002287060022354126,
      "is_warmup": false,
      "iteration": 540,
      "native_traversal_sec": 0.002258336,
      "row_count": 0
    },
    {
      "elapsed_sec": 0.001989036798477173,
      "is_warmup": false,
      "iteration": 541,
      "native_traversal_sec": 0.001957687,
      "row_count": 0
    },
    {
      "elapsed_sec": 0.001966804265975952,
      "is_warmup": false,
      "iteration": 542,
      "native_traversal_sec": 0.001937867,
      "row_count": 0
    },
    {
      "elapsed_sec": 0.00211198627948761,
      "is_warmup": false,
      "iteration": 543,
      "native_traversal_sec": 0.002083061,
      "row_count": 0
    },
    {
      "elapsed_sec": 0.002003490924835205,
      "is_warmup": false,
      "iteration": 544,
      "native_traversal_sec": 0.001963378,
      "row_count": 0
    },
    {
      "elapsed_sec": 0.002112850546836853,
      "is_warmup": false,
      "iteration": 545,
      "native_traversal_sec": 0.002069191,
      "row_count": 0
    },
    {
      "elapsed_sec": 0.002063184976577759,
      "is_warmup": false,
      "iteration": 546,
      "native_traversal_sec": 0.002032549,
      "row_count": 0
    },
    {
      "elapsed_sec": 0.002039611339569092,
      "is_warmup": false,
      "iteration": 547,
      "native_traversal_sec": 0.002009319,
      "row_count": 0
    },
    {
      "elapsed_sec": 0.0020773038268089294,
      "is_warmup": false,
      "iteration": 548,
      "native_traversal_sec": 0.00204738,
      "row_count": 0
    },
    {
      "elapsed_sec": 0.001969464123249054,
      "is_warmup": false,
      "iteration": 549,
      "native_traversal_sec": 0.001939677,
      "row_count": 0
    },
    {
      "elapsed_sec": 0.0019302964210510254,
      "is_warmup": false,
      "iteration": 550,
      "native_traversal_sec": 0.001901836,
      "row_count": 0
    },
    {
      "elapsed_sec": 0.0019536688923835754,
      "is_warmup": false,
      "iteration": 551,
      "native_traversal_sec": 0.001925926,
      "row_count": 0
    },
    {
      "elapsed_sec": 0.0019193962216377258,
      "is_warmup": false,
      "iteration": 552,
      "native_traversal_sec": 0.001891055,
      "row_count": 0
    },
    {
      "elapsed_sec": 0.00188349187374115,
      "is_warmup": false,
      "iteration": 553,
      "native_traversal_sec": 0.001855665,
      "row_count": 0
    },
    {
      "elapsed_sec": 0.0019231364130973816,
      "is_warmup": false,
      "iteration": 554,
      "native_traversal_sec": 0.001894755,
      "row_count": 0
    },
    {
      "elapsed_sec": 0.0021859556436538696,
      "is_warmup": false,
      "iteration": 555,
      "native_traversal_sec": 0.002156563,
      "row_count": 0
    },
    {
      "elapsed_sec": 0.0020105913281440735,
      "is_warmup": false,
      "iteration": 556,
      "native_traversal_sec": 0.001968237,
      "row_count": 0
    },
    {
      "elapsed_sec": 0.001966632902622223,
      "is_warmup": false,
      "iteration": 557,
      "native_traversal_sec": 0.001937357,
      "row_count": 0
    },
    {
      "elapsed_sec": 0.0020019114017486572,
      "is_warmup": false,
      "iteration": 558,
      "native_traversal_sec": 0.001974118,
      "row_count": 0
    },
    {
      "elapsed_sec": 0.002102576196193695,
      "is_warmup": false,
      "iteration": 559,
      "native_traversal_sec": 0.002067401,
      "row_count": 0
    },
    {
      "elapsed_sec": 0.0020290538668632507,
      "is_warmup": false,
      "iteration": 560,
      "native_traversal_sec": 0.001999808,
      "row_count": 0
    },
    {
      "elapsed_sec": 0.001980133354663849,
      "is_warmup": false,
      "iteration": 561,
      "native_traversal_sec": 0.001951467,
      "row_count": 0
    },
    {
      "elapsed_sec": 0.00200469046831131,
      "is_warmup": false,
      "iteration": 562,
      "native_traversal_sec": 0.001975558,
      "row_count": 0
    },
    {
      "elapsed_sec": 0.0021192505955696106,
      "is_warmup": false,
      "iteration": 563,
      "native_traversal_sec": 0.002089561,
      "row_count": 0
    },
    {
      "elapsed_sec": 0.002045266330242157,
      "is_warmup": false,
      "iteration": 564,
      "native_traversal_sec": 0.002016619,
      "row_count": 0
    },
    {
      "elapsed_sec": 0.0019908547401428223,
      "is_warmup": false,
      "iteration": 565,
      "native_traversal_sec": 0.001962518,
      "row_count": 0
    },
    {
      "elapsed_sec": 0.0019436627626419067,
      "is_warmup": false,
      "iteration": 566,
      "native_traversal_sec": 0.001911286,
      "row_count": 0
    },
    {
      "elapsed_sec": 0.0019208192825317383,
      "is_warmup": false,
      "iteration": 567,
      "native_traversal_sec": 0.001892935,
      "row_count": 0
    },
    {
      "elapsed_sec": 0.002074018120765686,
      "is_warmup": false,
      "iteration": 568,
      "native_traversal_sec": 0.00204615,
      "row_count": 0
    },
    {
      "elapsed_sec": 0.0019559264183044434,
      "is_warmup": false,
      "iteration": 569,
      "native_traversal_sec": 0.001927847,
      "row_count": 0
    },
    {
      "elapsed_sec": 0.0019614845514297485,
      "is_warmup": false,
      "iteration": 570,
      "native_traversal_sec": 0.001932917,
      "row_count": 0
    },
    {
      "elapsed_sec": 0.002008780837059021,
      "is_warmup": false,
      "iteration": 571,
      "native_traversal_sec": 0.001980628,
      "row_count": 0
    },
    {
      "elapsed_sec": 0.002181023359298706,
      "is_warmup": false,
      "iteration": 572,
      "native_traversal_sec": 0.002151973,
      "row_count": 0
    },
    {
      "elapsed_sec": 0.0019126161932945251,
      "is_warmup": false,
      "iteration": 573,
      "native_traversal_sec": 0.001885355,
      "row_count": 0
    },
    {
      "elapsed_sec": 0.002291470766067505,
      "is_warmup": false,
      "iteration": 574,
      "native_traversal_sec": 0.002263457,
      "row_count": 0
    },
    {
      "elapsed_sec": 0.0019468367099761963,
      "is_warmup": false,
      "iteration": 575,
      "native_traversal_sec": 0.001918106,
      "row_count": 0
    },
    {
      "elapsed_sec": 0.0020212605595588684,
      "is_warmup": false,
      "iteration": 576,
      "native_traversal_sec": 0.001992758,
      "row_count": 0
    },
    {
      "elapsed_sec": 0.0018861591815948486,
      "is_warmup": false,
      "iteration": 577,
      "native_traversal_sec": 0.001857174,
      "row_count": 0
    },
    {
      "elapsed_sec": 0.0020019635558128357,
      "is_warmup": false,
      "iteration": 578,
      "native_traversal_sec": 0.001973938,
      "row_count": 0
    },
    {
      "elapsed_sec": 0.002102367579936981,
      "is_warmup": false,
      "iteration": 579,
      "native_traversal_sec": 0.002073681,
      "row_count": 0
    },
    {
      "elapsed_sec": 0.001937583088874817,
      "is_warmup": false,
      "iteration": 580,
      "native_traversal_sec": 0.001909696,
      "row_count": 0
    },
    {
      "elapsed_sec": 0.0019325986504554749,
      "is_warmup": false,
      "iteration": 581,
      "native_traversal_sec": 0.001904246,
      "row_count": 0
    },
    {
      "elapsed_sec": 0.0020633190870285034,
      "is_warmup": false,
      "iteration": 582,
      "native_traversal_sec": 0.00203542,
      "row_count": 0
    },
    {
      "elapsed_sec": 0.0019663572311401367,
      "is_warmup": false,
      "iteration": 583,
      "native_traversal_sec": 0.001938167,
      "row_count": 0
    },
    {
      "elapsed_sec": 0.0019042789936065674,
      "is_warmup": false,
      "iteration": 584,
      "native_traversal_sec": 0.001876195,
      "row_count": 0
    },
    {
      "elapsed_sec": 0.002211146056652069,
      "is_warmup": false,
      "iteration": 585,
      "native_traversal_sec": 0.002183324,
      "row_count": 0
    },
    {
      "elapsed_sec": 0.0018937811255455017,
      "is_warmup": false,
      "iteration": 586,
      "native_traversal_sec": 0.001865044,
      "row_count": 0
    },
    {
      "elapsed_sec": 0.0019283220171928406,
      "is_warmup": false,
      "iteration": 587,
      "native_traversal_sec": 0.001900336,
      "row_count": 0
    },
    {
      "elapsed_sec": 0.0021202415227890015,
      "is_warmup": false,
      "iteration": 588,
      "native_traversal_sec": 0.002091841,
      "row_count": 0
    },
    {
      "elapsed_sec": 0.002123922109603882,
      "is_warmup": false,
      "iteration": 589,
      "native_traversal_sec": 0.002095401,
      "row_count": 0
    },
    {
      "elapsed_sec": 0.001910276710987091,
      "is_warmup": false,
      "iteration": 590,
      "native_traversal_sec": 0.001881856,
      "row_count": 0
    },
    {
      "elapsed_sec": 0.0019274652004241943,
      "is_warmup": false,
      "iteration": 591,
      "native_traversal_sec": 0.001899786,
      "row_count": 0
    },
    {
      "elapsed_sec": 0.002127602696418762,
      "is_warmup": false,
      "iteration": 592,
      "native_traversal_sec": 0.002099432,
      "row_count": 0
    },
    {
      "elapsed_sec": 0.00193728506565094,
      "is_warmup": false,
      "iteration": 593,
      "native_traversal_sec": 0.001908437,
      "row_count": 0
    },
    {
      "elapsed_sec": 0.00197407603263855,
      "is_warmup": false,
      "iteration": 594,
      "native_traversal_sec": 0.001946107,
      "row_count": 0
    },
    {
      "elapsed_sec": 0.0019188150763511658,
      "is_warmup": false,
      "iteration": 595,
      "native_traversal_sec": 0.001890956,
      "row_count": 0
    },
    {
      "elapsed_sec": 0.0021279528737068176,
      "is_warmup": false,
      "iteration": 596,
      "native_traversal_sec": 0.002100231,
      "row_count": 0
    },
    {
      "elapsed_sec": 0.0019202977418899536,
      "is_warmup": false,
      "iteration": 597,
      "native_traversal_sec": 0.001891756,
      "row_count": 0
    },
    {
      "elapsed_sec": 0.0018818005919456482,
      "is_warmup": false,
      "iteration": 598,
      "native_traversal_sec": 0.001848554,
      "row_count": 0
    },
    {
      "elapsed_sec": 0.0018533095717430115,
      "is_warmup": false,
      "iteration": 599,
      "native_traversal_sec": 0.001825333,
      "row_count": 0
    },
    {
      "elapsed_sec": 0.0021131783723831177,
      "is_warmup": false,
      "iteration": 600,
      "native_traversal_sec": 0.002085761,
      "row_count": 0
    },
    {
      "elapsed_sec": 0.0019265860319137573,
      "is_warmup": false,
      "iteration": 601,
      "native_traversal_sec": 0.001893936,
      "row_count": 0
    },
    {
      "elapsed_sec": 0.0019418075680732727,
      "is_warmup": false,
      "iteration": 602,
      "native_traversal_sec": 0.001914806,
      "row_count": 0
    },
    {
      "elapsed_sec": 0.0019316226243972778,
      "is_warmup": false,
      "iteration": 603,
      "native_traversal_sec": 0.001904306,
      "row_count": 0
    },
    {
      "elapsed_sec": 0.0021512359380722046,
      "is_warmup": false,
      "iteration": 604,
      "native_traversal_sec": 0.002123723,
      "row_count": 0
    },
    {
      "elapsed_sec": 0.0019203945994377136,
      "is_warmup": false,
      "iteration": 605,
      "native_traversal_sec": 0.001892856,
      "row_count": 0
    },
    {
      "elapsed_sec": 0.0021523311734199524,
      "is_warmup": false,
      "iteration": 606,
      "native_traversal_sec": 0.002124192,
      "row_count": 0
    },
    {
      "elapsed_sec": 0.0018965303897857666,
      "is_warmup": false,
      "iteration": 607,
      "native_traversal_sec": 0.001868895,
      "row_count": 0
    },
    {
      "elapsed_sec": 0.0019539669156074524,
      "is_warmup": false,
      "iteration": 608,
      "native_traversal_sec": 0.001926136,
      "row_count": 0
    },
    {
      "elapsed_sec": 0.002132125198841095,
      "is_warmup": false,
      "iteration": 609,
      "native_traversal_sec": 0.002102742,
      "row_count": 0
    },
    {
      "elapsed_sec": 0.0020022764801979065,
      "is_warmup": false,
      "iteration": 610,
      "native_traversal_sec": 0.001970568,
      "row_count": 0
    },
    {
      "elapsed_sec": 0.001973763108253479,
      "is_warmup": false,
      "iteration": 611,
      "native_traversal_sec": 0.001943997,
      "row_count": 0
    },
    {
      "elapsed_sec": 0.002070210874080658,
      "is_warmup": false,
      "iteration": 612,
      "native_traversal_sec": 0.00204087,
      "row_count": 0
    },
    {
      "elapsed_sec": 0.0022269263863563538,
      "is_warmup": false,
      "iteration": 613,
      "native_traversal_sec": 0.002196675,
      "row_count": 0
    },
    {
      "elapsed_sec": 0.002061784267425537,
      "is_warmup": false,
      "iteration": 614,
      "native_traversal_sec": 0.002031699,
      "row_count": 0
    },
    {
      "elapsed_sec": 0.0021682456135749817,
      "is_warmup": false,
      "iteration": 615,
      "native_traversal_sec": 0.002138973,
      "row_count": 0
    },
    {
      "elapsed_sec": 0.0020064637064933777,
      "is_warmup": false,
      "iteration": 616,
      "native_traversal_sec": 0.001977238,
      "row_count": 0
    },
    {
      "elapsed_sec": 0.0022544115781784058,
      "is_warmup": false,
      "iteration": 617,
      "native_traversal_sec": 0.002224665,
      "row_count": 0
    },
    {
      "elapsed_sec": 0.0019333884119987488,
      "is_warmup": false,
      "iteration": 618,
      "native_traversal_sec": 0.001903846,
      "row_count": 0
    },
    {
      "elapsed_sec": 0.002026855945587158,
      "is_warmup": false,
      "iteration": 619,
      "native_traversal_sec": 0.001993488,
      "row_count": 0
    },
    {
      "elapsed_sec": 0.0019496157765388489,
      "is_warmup": false,
      "iteration": 620,
      "native_traversal_sec": 0.001921496,
      "row_count": 0
    },
    {
      "elapsed_sec": 0.0020865797996520996,
      "is_warmup": false,
      "iteration": 621,
      "native_traversal_sec": 0.002058941,
      "row_count": 0
    },
    {
      "elapsed_sec": 0.0019284114241600037,
      "is_warmup": false,
      "iteration": 622,
      "native_traversal_sec": 0.001900445,
      "row_count": 0
    },
    {
      "elapsed_sec": 0.002152658998966217,
      "is_warmup": false,
      "iteration": 623,
      "native_traversal_sec": 0.002124863,
      "row_count": 0
    },
    {
      "elapsed_sec": 0.0019496828317642212,
      "is_warmup": false,
      "iteration": 624,
      "native_traversal_sec": 0.001921027,
      "row_count": 0
    },
    {
      "elapsed_sec": 0.0019144490361213684,
      "is_warmup": false,
      "iteration": 625,
      "native_traversal_sec": 0.001886665,
      "row_count": 0
    },
    {
      "elapsed_sec": 0.0019751936197280884,
      "is_warmup": false,
      "iteration": 626,
      "native_traversal_sec": 0.001947727,
      "row_count": 0
    },
    {
      "elapsed_sec": 0.002221338450908661,
      "is_warmup": false,
      "iteration": 627,
      "native_traversal_sec": 0.002193434,
      "row_count": 0
    },
    {
      "elapsed_sec": 0.0019936934113502502,
      "is_warmup": false,
      "iteration": 628,
      "native_traversal_sec": 0.001965248,
      "row_count": 0
    },
    {
      "elapsed_sec": 0.0019317343831062317,
      "is_warmup": false,
      "iteration": 629,
      "native_traversal_sec": 0.001903295,
      "row_count": 0
    },
    {
      "elapsed_sec": 0.0019327178597450256,
      "is_warmup": false,
      "iteration": 630,
      "native_traversal_sec": 0.001900086,
      "row_count": 0
    },
    {
      "elapsed_sec": 0.0020055919885635376,
      "is_warmup": false,
      "iteration": 631,
      "native_traversal_sec": 0.001978128,
      "row_count": 0
    },
    {
      "elapsed_sec": 0.0019517317414283752,
      "is_warmup": false,
      "iteration": 632,
      "native_traversal_sec": 0.001924146,
      "row_count": 0
    },
    {
      "elapsed_sec": 0.0018922090530395508,
      "is_warmup": false,
      "iteration": 633,
      "native_traversal_sec": 0.001864185,
      "row_count": 0
    },
    {
      "elapsed_sec": 0.001974329352378845,
      "is_warmup": false,
      "iteration": 634,
      "native_traversal_sec": 0.001946837,
      "row_count": 0
    },
    {
      "elapsed_sec": 0.0019094347953796387,
      "is_warmup": false,
      "iteration": 635,
      "native_traversal_sec": 0.001880885,
      "row_count": 0
    },
    {
      "elapsed_sec": 0.002201564610004425,
      "is_warmup": false,
      "iteration": 636,
      "native_traversal_sec": 0.002172843,
      "row_count": 0
    },
    {
      "elapsed_sec": 0.001941084861755371,
      "is_warmup": false,
      "iteration": 637,
      "native_traversal_sec": 0.001913186,
      "row_count": 0
    },
    {
      "elapsed_sec": 0.0019373372197151184,
      "is_warmup": false,
      "iteration": 638,
      "native_traversal_sec": 0.001910566,
      "row_count": 0
    },
    {
      "elapsed_sec": 0.0018908530473709106,
      "is_warmup": false,
      "iteration": 639,
      "native_traversal_sec": 0.001863485,
      "row_count": 0
    },
    {
      "elapsed_sec": 0.0021382346749305725,
      "is_warmup": false,
      "iteration": 640,
      "native_traversal_sec": 0.002110412,
      "row_count": 0
    },
    {
      "elapsed_sec": 0.0019691213965415955,
      "is_warmup": false,
      "iteration": 641,
      "native_traversal_sec": 0.001941267,
      "row_count": 0
    },
    {
      "elapsed_sec": 0.0020184144377708435,
      "is_warmup": false,
      "iteration": 642,
      "native_traversal_sec": 0.001990199,
      "row_count": 0
    },
    {
      "elapsed_sec": 0.001970849931240082,
      "is_warmup": false,
      "iteration": 643,
      "native_traversal_sec": 0.001935396,
      "row_count": 0
    },
    {
      "elapsed_sec": 0.002015143632888794,
      "is_warmup": false,
      "iteration": 644,
      "native_traversal_sec": 0.001982249,
      "row_count": 0
    },
    {
      "elapsed_sec": 0.0020889639854431152,
      "is_warmup": false,
      "iteration": 645,
      "native_traversal_sec": 0.00206008,
      "row_count": 0
    },
    {
      "elapsed_sec": 0.0020228996872901917,
      "is_warmup": false,
      "iteration": 646,
      "native_traversal_sec": 0.001991148,
      "row_count": 0
    },
    {
      "elapsed_sec": 0.0019508004188537598,
      "is_warmup": false,
      "iteration": 647,
      "native_traversal_sec": 0.001921377,
      "row_count": 0
    },
    {
      "elapsed_sec": 0.0021290630102157593,
      "is_warmup": false,
      "iteration": 648,
      "native_traversal_sec": 0.002099471,
      "row_count": 0
    },
    {
      "elapsed_sec": 0.0020428523421287537,
      "is_warmup": false,
      "iteration": 649,
      "native_traversal_sec": 0.002012439,
      "row_count": 0
    },
    {
      "elapsed_sec": 0.0021598264575004578,
      "is_warmup": false,
      "iteration": 650,
      "native_traversal_sec": 0.002130513,
      "row_count": 0
    },
    {
      "elapsed_sec": 0.0021682679653167725,
      "is_warmup": false,
      "iteration": 651,
      "native_traversal_sec": 0.002139793,
      "row_count": 0
    },
    {
      "elapsed_sec": 0.0020458027720451355,
      "is_warmup": false,
      "iteration": 652,
      "native_traversal_sec": 0.002016309,
      "row_count": 0
    },
    {
      "elapsed_sec": 0.0019506439566612244,
      "is_warmup": false,
      "iteration": 653,
      "native_traversal_sec": 0.001920546,
      "row_count": 0
    },
    {
      "elapsed_sec": 0.0020997822284698486,
      "is_warmup": false,
      "iteration": 654,
      "native_traversal_sec": 0.002069061,
      "row_count": 0
    },
    {
      "elapsed_sec": 0.002343572676181793,
      "is_warmup": false,
      "iteration": 655,
      "native_traversal_sec": 0.002313038,
      "row_count": 0
    },
    {
      "elapsed_sec": 0.0023276284337043762,
      "is_warmup": false,
      "iteration": 656,
      "native_traversal_sec": 0.002295107,
      "row_count": 0
    },
    {
      "elapsed_sec": 0.0021328404545783997,
      "is_warmup": false,
      "iteration": 657,
      "native_traversal_sec": 0.002098732,
      "row_count": 0
    },
    {
      "elapsed_sec": 0.001982957124710083,
      "is_warmup": false,
      "iteration": 658,
      "native_traversal_sec": 0.001950617,
      "row_count": 0
    },
    {
      "elapsed_sec": 0.0020605772733688354,
      "is_warmup": false,
      "iteration": 659,
      "native_traversal_sec": 0.00202933,
      "row_count": 0
    },
    {
      "elapsed_sec": 0.001973666250705719,
      "is_warmup": false,
      "iteration": 660,
      "native_traversal_sec": 0.001942747,
      "row_count": 0
    },
    {
      "elapsed_sec": 0.0020073503255844116,
      "is_warmup": false,
      "iteration": 661,
      "native_traversal_sec": 0.001978157,
      "row_count": 0
    },
    {
      "elapsed_sec": 0.0019103065133094788,
      "is_warmup": false,
      "iteration": 662,
      "native_traversal_sec": 0.001876075,
      "row_count": 0
    },
    {
      "elapsed_sec": 0.0020288750529289246,
      "is_warmup": false,
      "iteration": 663,
      "native_traversal_sec": 0.002000758,
      "row_count": 0
    },
    {
      "elapsed_sec": 0.001921042799949646,
      "is_warmup": false,
      "iteration": 664,
      "native_traversal_sec": 0.001892736,
      "row_count": 0
    },
    {
      "elapsed_sec": 0.0019449889659881592,
      "is_warmup": false,
      "iteration": 665,
      "native_traversal_sec": 0.001916717,
      "row_count": 0
    },
    {
      "elapsed_sec": 0.0018914490938186646,
      "is_warmup": false,
      "iteration": 666,
      "native_traversal_sec": 0.001863784,
      "row_count": 0
    },
    {
      "elapsed_sec": 0.0019388720393180847,
      "is_warmup": false,
      "iteration": 667,
      "native_traversal_sec": 0.001911076,
      "row_count": 0
    },
    {
      "elapsed_sec": 0.0020108893513679504,
      "is_warmup": false,
      "iteration": 668,
      "native_traversal_sec": 0.001981858,
      "row_count": 0
    },
    {
      "elapsed_sec": 0.0021247342228889465,
      "is_warmup": false,
      "iteration": 669,
      "native_traversal_sec": 0.002095852,
      "row_count": 0
    },
    {
      "elapsed_sec": 0.0019390583038330078,
      "is_warmup": false,
      "iteration": 670,
      "native_traversal_sec": 0.001911036,
      "row_count": 0
    },
    {
      "elapsed_sec": 0.002098679542541504,
      "is_warmup": false,
      "iteration": 671,
      "native_traversal_sec": 0.002070121,
      "row_count": 0
    },
    {
      "elapsed_sec": 0.002048671245574951,
      "is_warmup": false,
      "iteration": 672,
      "native_traversal_sec": 0.002017909,
      "row_count": 0
    },
    {
      "elapsed_sec": 0.0021150708198547363,
      "is_warmup": false,
      "iteration": 673,
      "native_traversal_sec": 0.002085751,
      "row_count": 0
    },
    {
      "elapsed_sec": 0.0020127072930336,
      "is_warmup": false,
      "iteration": 674,
      "native_traversal_sec": 0.001983308,
      "row_count": 0
    },
    {
      "elapsed_sec": 0.0021192729473114014,
      "is_warmup": false,
      "iteration": 675,
      "native_traversal_sec": 0.002090292,
      "row_count": 0
    },
    {
      "elapsed_sec": 0.0019313469529151917,
      "is_warmup": false,
      "iteration": 676,
      "native_traversal_sec": 0.001902206,
      "row_count": 0
    },
    {
      "elapsed_sec": 0.0020483508706092834,
      "is_warmup": false,
      "iteration": 677,
      "native_traversal_sec": 0.002020889,
      "row_count": 0
    },
    {
      "elapsed_sec": 0.0019581764936447144,
      "is_warmup": false,
      "iteration": 678,
      "native_traversal_sec": 0.001929907,
      "row_count": 0
    },
    {
      "elapsed_sec": 0.001999780535697937,
      "is_warmup": false,
      "iteration": 679,
      "native_traversal_sec": 0.001972018,
      "row_count": 0
    },
    {
      "elapsed_sec": 0.0019389614462852478,
      "is_warmup": false,
      "iteration": 680,
      "native_traversal_sec": 0.001910916,
      "row_count": 0
    },
    {
      "elapsed_sec": 0.0019473731517791748,
      "is_warmup": false,
      "iteration": 681,
      "native_traversal_sec": 0.001919907,
      "row_count": 0
    },
    {
      "elapsed_sec": 0.0020678937435150146,
      "is_warmup": false,
      "iteration": 682,
      "native_traversal_sec": 0.002040649,
      "row_count": 0
    },
    {
      "elapsed_sec": 0.0019433051347732544,
      "is_warmup": false,
      "iteration": 683,
      "native_traversal_sec": 0.001910526,
      "row_count": 0
    },
    {
      "elapsed_sec": 0.0018926635384559631,
      "is_warmup": false,
      "iteration": 684,
      "native_traversal_sec": 0.001864915,
      "row_count": 0
    },
    {
      "elapsed_sec": 0.001901380717754364,
      "is_warmup": false,
      "iteration": 685,
      "native_traversal_sec": 0.001873565,
      "row_count": 0
    },
    {
      "elapsed_sec": 0.0019683465361595154,
      "is_warmup": false,
      "iteration": 686,
      "native_traversal_sec": 0.001940647,
      "row_count": 0
    },
    {
      "elapsed_sec": 0.0019180402159690857,
      "is_warmup": false,
      "iteration": 687,
      "native_traversal_sec": 0.001889705,
      "row_count": 0
    },
    {
      "elapsed_sec": 0.0019011721014976501,
      "is_warmup": false,
      "iteration": 688,
      "native_traversal_sec": 0.001873395,
      "row_count": 0
    },
    {
      "elapsed_sec": 0.0018369928002357483,
      "is_warmup": false,
      "iteration": 689,
      "native_traversal_sec": 0.001809133,
      "row_count": 0
    },
    {
      "elapsed_sec": 0.0019754022359848022,
      "is_warmup": false,
      "iteration": 690,
      "native_traversal_sec": 0.001947847,
      "row_count": 0
    },
    {
      "elapsed_sec": 0.0021306276321411133,
      "is_warmup": false,
      "iteration": 691,
      "native_traversal_sec": 0.002101121,
      "row_count": 0
    },
    {
      "elapsed_sec": 0.0019776299595832825,
      "is_warmup": false,
      "iteration": 692,
      "native_traversal_sec": 0.001946517,
      "row_count": 0
    },
    {
      "elapsed_sec": 0.0019342824816703796,
      "is_warmup": false,
      "iteration": 693,
      "native_traversal_sec": 0.001899576,
      "row_count": 0
    },
    {
      "elapsed_sec": 0.0024555251002311707,
      "is_warmup": false,
      "iteration": 694,
      "native_traversal_sec": 0.002418341,
      "row_count": 0
    },
    {
      "elapsed_sec": 0.0019716694951057434,
      "is_warmup": false,
      "iteration": 695,
      "native_traversal_sec": 0.001942197,
      "row_count": 0
    },
    {
      "elapsed_sec": 0.0020412132143974304,
      "is_warmup": false,
      "iteration": 696,
      "native_traversal_sec": 0.002012769,
      "row_count": 0
    },
    {
      "elapsed_sec": 0.0019115656614303589,
      "is_warmup": false,
      "iteration": 697,
      "native_traversal_sec": 0.001882685,
      "row_count": 0
    },
    {
      "elapsed_sec": 0.001979433000087738,
      "is_warmup": false,
      "iteration": 698,
      "native_traversal_sec": 0.001951337,
      "row_count": 0
    },
    {
      "elapsed_sec": 0.0019817501306533813,
      "is_warmup": false,
      "iteration": 699,
      "native_traversal_sec": 0.001954097,
      "row_count": 0
    },
    {
      "elapsed_sec": 0.001969151198863983,
      "is_warmup": false,
      "iteration": 700,
      "native_traversal_sec": 0.001941097,
      "row_count": 0
    },
    {
      "elapsed_sec": 0.0020872503519058228,
      "is_warmup": false,
      "iteration": 701,
      "native_traversal_sec": 0.002057201,
      "row_count": 0
    },
    {
      "elapsed_sec": 0.0019698888063430786,
      "is_warmup": false,
      "iteration": 702,
      "native_traversal_sec": 0.001938676,
      "row_count": 0
    },
    {
      "elapsed_sec": 0.0019343793392181396,
      "is_warmup": false,
      "iteration": 703,
      "native_traversal_sec": 0.001905466,
      "row_count": 0
    },
    {
      "elapsed_sec": 0.0019983872771263123,
      "is_warmup": false,
      "iteration": 704,
      "native_traversal_sec": 0.001969448,
      "row_count": 0
    },
    {
      "elapsed_sec": 0.001956731081008911,
      "is_warmup": false,
      "iteration": 705,
      "native_traversal_sec": 0.001929066,
      "row_count": 0
    },
    {
      "elapsed_sec": 0.002061620354652405,
      "is_warmup": false,
      "iteration": 706,
      "native_traversal_sec": 0.00203318,
      "row_count": 0
    },
    {
      "elapsed_sec": 0.0019202902913093567,
      "is_warmup": false,
      "iteration": 707,
      "native_traversal_sec": 0.001891725,
      "row_count": 0
    },
    {
      "elapsed_sec": 0.0019127577543258667,
      "is_warmup": false,
      "iteration": 708,
      "native_traversal_sec": 0.001884885,
      "row_count": 0
    },
    {
      "elapsed_sec": 0.002097688615322113,
      "is_warmup": false,
      "iteration": 709,
      "native_traversal_sec": 0.002070281,
      "row_count": 0
    },
    {
      "elapsed_sec": 0.0019374340772628784,
      "is_warmup": false,
      "iteration": 710,
      "native_traversal_sec": 0.001909556,
      "row_count": 0
    },
    {
      "elapsed_sec": 0.0020641982555389404,
      "is_warmup": false,
      "iteration": 711,
      "native_traversal_sec": 0.002036069,
      "row_count": 0
    },
    {
      "elapsed_sec": 0.0020057857036590576,
      "is_warmup": false,
      "iteration": 712,
      "native_traversal_sec": 0.001977938,
      "row_count": 0
    },
    {
      "elapsed_sec": 0.0018314570188522339,
      "is_warmup": false,
      "iteration": 713,
      "native_traversal_sec": 0.001804573,
      "row_count": 0
    },
    {
      "elapsed_sec": 0.0018641427159309387,
      "is_warmup": false,
      "iteration": 714,
      "native_traversal_sec": 0.001837314,
      "row_count": 0
    },
    {
      "elapsed_sec": 0.0020134225487709045,
      "is_warmup": false,
      "iteration": 715,
      "native_traversal_sec": 0.001986128,
      "row_count": 0
    },
    {
      "elapsed_sec": 0.0018946006894111633,
      "is_warmup": false,
      "iteration": 716,
      "native_traversal_sec": 0.001849124,
      "row_count": 0
    },
    {
      "elapsed_sec": 0.001840934157371521,
      "is_warmup": false,
      "iteration": 717,
      "native_traversal_sec": 0.001813884,
      "row_count": 0
    },
    {
      "elapsed_sec": 0.0018656179308891296,
      "is_warmup": false,
      "iteration": 718,
      "native_traversal_sec": 0.001838714,
      "row_count": 0
    },
    {
      "elapsed_sec": 0.0019093379378318787,
      "is_warmup": false,
      "iteration": 719,
      "native_traversal_sec": 0.001878865,
      "row_count": 0
    },
    {
      "elapsed_sec": 0.002026692032814026,
      "is_warmup": false,
      "iteration": 720,
      "native_traversal_sec": 0.001997809,
      "row_count": 0
    },
    {
      "elapsed_sec": 0.0018681734800338745,
      "is_warmup": false,
      "iteration": 721,
      "native_traversal_sec": 0.001840284,
      "row_count": 0
    },
    {
      "elapsed_sec": 0.0021026432514190674,
      "is_warmup": false,
      "iteration": 722,
      "native_traversal_sec": 0.00207517,
      "row_count": 0
    },
    {
      "elapsed_sec": 0.0019265338778495789,
      "is_warmup": false,
      "iteration": 723,
      "native_traversal_sec": 0.001898426,
      "row_count": 0
    },
    {
      "elapsed_sec": 0.0021995753049850464,
      "is_warmup": false,
      "iteration": 724,
      "native_traversal_sec": 0.002168624,
      "row_count": 0
    },
    {
      "elapsed_sec": 0.0019372478127479553,
      "is_warmup": false,
      "iteration": 725,
      "native_traversal_sec": 0.001901035,
      "row_count": 0
    },
    {
      "elapsed_sec": 0.0020174309611320496,
      "is_warmup": false,
      "iteration": 726,
      "native_traversal_sec": 0.001983559,
      "row_count": 0
    },
    {
      "elapsed_sec": 0.0019279718399047852,
      "is_warmup": false,
      "iteration": 727,
      "native_traversal_sec": 0.001899215,
      "row_count": 0
    },
    {
      "elapsed_sec": 0.0020164474844932556,
      "is_warmup": false,
      "iteration": 728,
      "native_traversal_sec": 0.001986258,
      "row_count": 0
    },
    {
      "elapsed_sec": 0.002132199704647064,
      "is_warmup": false,
      "iteration": 729,
      "native_traversal_sec": 0.002088781,
      "row_count": 0
    },
    {
      "elapsed_sec": 0.0019381418824195862,
      "is_warmup": false,
      "iteration": 730,
      "native_traversal_sec": 0.001908166,
      "row_count": 0
    },
    {
      "elapsed_sec": 0.0018843859434127808,
      "is_warmup": false,
      "iteration": 731,
      "native_traversal_sec": 0.001855174,
      "row_count": 0
    },
    {
      "elapsed_sec": 0.0020528361201286316,
      "is_warmup": false,
      "iteration": 732,
      "native_traversal_sec": 0.00202152,
      "row_count": 0
    },
    {
      "elapsed_sec": 0.0018813610076904297,
      "is_warmup": false,
      "iteration": 733,
      "native_traversal_sec": 0.001852044,
      "row_count": 0
    },
    {
      "elapsed_sec": 0.001874476671218872,
      "is_warmup": false,
      "iteration": 734,
      "native_traversal_sec": 0.001846954,
      "row_count": 0
    },
    {
      "elapsed_sec": 0.0018245726823806763,
      "is_warmup": false,
      "iteration": 735,
      "native_traversal_sec": 0.001796982,
      "row_count": 0
    },
    {
      "elapsed_sec": 0.0020184144377708435,
      "is_warmup": false,
      "iteration": 736,
      "native_traversal_sec": 0.001990959,
      "row_count": 0
    },
    {
      "elapsed_sec": 0.001923583447933197,
      "is_warmup": false,
      "iteration": 737,
      "native_traversal_sec": 0.001895575,
      "row_count": 0
    },
    {
      "elapsed_sec": 0.00200565904378891,
      "is_warmup": false,
      "iteration": 738,
      "native_traversal_sec": 0.001976918,
      "row_count": 0
    },
    {
      "elapsed_sec": 0.0019769296050071716,
      "is_warmup": false,
      "iteration": 739,
      "native_traversal_sec": 0.001945527,
      "row_count": 0
    },
    {
      "elapsed_sec": 0.00196017324924469,
      "is_warmup": false,
      "iteration": 740,
      "native_traversal_sec": 0.001931637,
      "row_count": 0
    },
    {
      "elapsed_sec": 0.0019068419933319092,
      "is_warmup": false,
      "iteration": 741,
      "native_traversal_sec": 0.001879006,
      "row_count": 0
    },
    {
      "elapsed_sec": 0.00194452702999115,
      "is_warmup": false,
      "iteration": 742,
      "native_traversal_sec": 0.001916537,
      "row_count": 0
    },
    {
      "elapsed_sec": 0.001924656331539154,
      "is_warmup": false,
      "iteration": 743,
      "native_traversal_sec": 0.001896125,
      "row_count": 0
    },
    {
      "elapsed_sec": 0.0019599273800849915,
      "is_warmup": false,
      "iteration": 744,
      "native_traversal_sec": 0.001931467,
      "row_count": 0
    },
    {
      "elapsed_sec": 0.0018932819366455078,
      "is_warmup": false,
      "iteration": 745,
      "native_traversal_sec": 0.001865194,
      "row_count": 0
    },
    {
      "elapsed_sec": 0.0019999295473098755,
      "is_warmup": false,
      "iteration": 746,
      "native_traversal_sec": 0.001970888,
      "row_count": 0
    },
    {
      "elapsed_sec": 0.001948326826095581,
      "is_warmup": false,
      "iteration": 747,
      "native_traversal_sec": 0.001914476,
      "row_count": 0
    },
    {
      "elapsed_sec": 0.0019103214144706726,
      "is_warmup": false,
      "iteration": 748,
      "native_traversal_sec": 0.001880955,
      "row_count": 0
    },
    {
      "elapsed_sec": 0.00186147540807724,
      "is_warmup": false,
      "iteration": 749,
      "native_traversal_sec": 0.001833404,
      "row_count": 0
    },
    {
      "elapsed_sec": 0.0020273029804229736,
      "is_warmup": false,
      "iteration": 750,
      "native_traversal_sec": 0.001998949,
      "row_count": 0
    },
    {
      "elapsed_sec": 0.001901581883430481,
      "is_warmup": false,
      "iteration": 751,
      "native_traversal_sec": 0.001872955,
      "row_count": 0
    },
    {
      "elapsed_sec": 0.0020869746804237366,
      "is_warmup": false,
      "iteration": 752,
      "native_traversal_sec": 0.002059201,
      "row_count": 0
    },
    {
      "elapsed_sec": 0.002109631896018982,
      "is_warmup": false,
      "iteration": 753,
      "native_traversal_sec": 0.002081462,
      "row_count": 0
    },
    {
      "elapsed_sec": 0.001971401274204254,
      "is_warmup": false,
      "iteration": 754,
      "native_traversal_sec": 0.001943067,
      "row_count": 0
    },
    {
      "elapsed_sec": 0.0018690600991249084,
      "is_warmup": false,
      "iteration": 755,
      "native_traversal_sec": 0.001841454,
      "row_count": 0
    },
    {
      "elapsed_sec": 0.002096518874168396,
      "is_warmup": false,
      "iteration": 756,
      "native_traversal_sec": 0.002068711,
      "row_count": 0
    },
    {
      "elapsed_sec": 0.0021252036094665527,
      "is_warmup": false,
      "iteration": 757,
      "native_traversal_sec": 0.002091001,
      "row_count": 0
    },
    {
      "elapsed_sec": 0.0018673539161682129,
      "is_warmup": false,
      "iteration": 758,
      "native_traversal_sec": 0.001836694,
      "row_count": 0
    },
    {
      "elapsed_sec": 0.0019104629755020142,
      "is_warmup": false,
      "iteration": 759,
      "native_traversal_sec": 0.001881495,
      "row_count": 0
    },
    {
      "elapsed_sec": 0.0019388943910598755,
      "is_warmup": false,
      "iteration": 760,
      "native_traversal_sec": 0.001907146,
      "row_count": 0
    },
    {
      "elapsed_sec": 0.0019222423434257507,
      "is_warmup": false,
      "iteration": 761,
      "native_traversal_sec": 0.001893245,
      "row_count": 0
    },
    {
      "elapsed_sec": 0.002016492187976837,
      "is_warmup": false,
      "iteration": 762,
      "native_traversal_sec": 0.001986249,
      "row_count": 0
    },
    {
      "elapsed_sec": 0.0020376071333885193,
      "is_warmup": false,
      "iteration": 763,
      "native_traversal_sec": 0.002009268,
      "row_count": 0
    },
    {
      "elapsed_sec": 0.002127319574356079,
      "is_warmup": false,
      "iteration": 764,
      "native_traversal_sec": 0.002098232,
      "row_count": 0
    },
    {
      "elapsed_sec": 0.0019477978348731995,
      "is_warmup": false,
      "iteration": 765,
      "native_traversal_sec": 0.001919516,
      "row_count": 0
    },
    {
      "elapsed_sec": 0.0019672363996505737,
      "is_warmup": false,
      "iteration": 766,
      "native_traversal_sec": 0.001940007,
      "row_count": 0
    },
    {
      "elapsed_sec": 0.0019693002104759216,
      "is_warmup": false,
      "iteration": 767,
      "native_traversal_sec": 0.001938967,
      "row_count": 0
    },
    {
      "elapsed_sec": 0.0020753368735313416,
      "is_warmup": false,
      "iteration": 768,
      "native_traversal_sec": 0.00204672,
      "row_count": 0
    },
    {
      "elapsed_sec": 0.0019220337271690369,
      "is_warmup": false,
      "iteration": 769,
      "native_traversal_sec": 0.001890805,
      "row_count": 0
    },
    {
      "elapsed_sec": 0.0019458606839179993,
      "is_warmup": false,
      "iteration": 770,
      "native_traversal_sec": 0.001917166,
      "row_count": 0
    },
    {
      "elapsed_sec": 0.00192926824092865,
      "is_warmup": false,
      "iteration": 771,
      "native_traversal_sec": 0.001895386,
      "row_count": 0
    },
    {
      "elapsed_sec": 0.001916833221912384,
      "is_warmup": false,
      "iteration": 772,
      "native_traversal_sec": 0.001888525,
      "row_count": 0
    },
    {
      "elapsed_sec": 0.0019583776593208313,
      "is_warmup": false,
      "iteration": 773,
      "native_traversal_sec": 0.001931097,
      "row_count": 0
    },
    {
      "elapsed_sec": 0.0019128546118736267,
      "is_warmup": false,
      "iteration": 774,
      "native_traversal_sec": 0.001885206,
      "row_count": 0
    },
    {
      "elapsed_sec": 0.0019664838910102844,
      "is_warmup": false,
      "iteration": 775,
      "native_traversal_sec": 0.001931556,
      "row_count": 0
    },
    {
      "elapsed_sec": 0.0019276216626167297,
      "is_warmup": false,
      "iteration": 776,
      "native_traversal_sec": 0.001899646,
      "row_count": 0
    },
    {
      "elapsed_sec": 0.0020516887307167053,
      "is_warmup": false,
      "iteration": 777,
      "native_traversal_sec": 0.002023289,
      "row_count": 0
    },
    {
      "elapsed_sec": 0.0019412264227867126,
      "is_warmup": false,
      "iteration": 778,
      "native_traversal_sec": 0.001908466,
      "row_count": 0
    },
    {
      "elapsed_sec": 0.001969948410987854,
      "is_warmup": false,
      "iteration": 779,
      "native_traversal_sec": 0.001941347,
      "row_count": 0
    },
    {
      "elapsed_sec": 0.001914486289024353,
      "is_warmup": false,
      "iteration": 780,
      "native_traversal_sec": 0.001883115,
      "row_count": 0
    },
    {
      "elapsed_sec": 0.001965560019016266,
      "is_warmup": false,
      "iteration": 781,
      "native_traversal_sec": 0.001937517,
      "row_count": 0
    },
    {
      "elapsed_sec": 0.002073824405670166,
      "is_warmup": false,
      "iteration": 782,
      "native_traversal_sec": 0.00204496,
      "row_count": 0
    },
    {
      "elapsed_sec": 0.0018825829029083252,
      "is_warmup": false,
      "iteration": 783,
      "native_traversal_sec": 0.001854674,
      "row_count": 0
    },
    {
      "elapsed_sec": 0.0018803104758262634,
      "is_warmup": false,
      "iteration": 784,
      "native_traversal_sec": 0.001853234,
      "row_count": 0
    },
    {
      "elapsed_sec": 0.002385951578617096,
      "is_warmup": false,
      "iteration": 785,
      "native_traversal_sec": 0.002358869,
      "row_count": 0
    },
    {
      "elapsed_sec": 0.0019308701157569885,
      "is_warmup": false,
      "iteration": 786,
      "native_traversal_sec": 0.001902216,
      "row_count": 0
    },
    {
      "elapsed_sec": 0.001915954053401947,
      "is_warmup": false,
      "iteration": 787,
      "native_traversal_sec": 0.001888325,
      "row_count": 0
    },
    {
      "elapsed_sec": 0.0018842443823814392,
      "is_warmup": false,
      "iteration": 788,
      "native_traversal_sec": 0.001856965,
      "row_count": 0
    },
    {
      "elapsed_sec": 0.002120569348335266,
      "is_warmup": false,
      "iteration": 789,
      "native_traversal_sec": 0.002087211,
      "row_count": 0
    },
    {
      "elapsed_sec": 0.0018829777836799622,
      "is_warmup": false,
      "iteration": 790,
      "native_traversal_sec": 0.001854874,
      "row_count": 0
    },
    {
      "elapsed_sec": 0.0019085034728050232,
      "is_warmup": false,
      "iteration": 791,
      "native_traversal_sec": 0.001880795,
      "row_count": 0
    },
    {
      "elapsed_sec": 0.0019333362579345703,
      "is_warmup": false,
      "iteration": 792,
      "native_traversal_sec": 0.001905596,
      "row_count": 0
    },
    {
      "elapsed_sec": 0.0020626336336135864,
      "is_warmup": false,
      "iteration": 793,
      "native_traversal_sec": 0.00203519,
      "row_count": 0
    },
    {
      "elapsed_sec": 0.0019674152135849,
      "is_warmup": false,
      "iteration": 794,
      "native_traversal_sec": 0.001939127,
      "row_count": 0
    },
    {
      "elapsed_sec": 0.0018998607993125916,
      "is_warmup": false,
      "iteration": 795,
      "native_traversal_sec": 0.001872145,
      "row_count": 0
    },
    {
      "elapsed_sec": 0.0018797442317008972,
      "is_warmup": false,
      "iteration": 796,
      "native_traversal_sec": 0.001852394,
      "row_count": 0
    },
    {
      "elapsed_sec": 0.0021379217505455017,
      "is_warmup": false,
      "iteration": 797,
      "native_traversal_sec": 0.002110082,
      "row_count": 0
    },
    {
      "elapsed_sec": 0.0018983855843544006,
      "is_warmup": false,
      "iteration": 798,
      "native_traversal_sec": 0.001870745,
      "row_count": 0
    },
    {
      "elapsed_sec": 0.001978963613510132,
      "is_warmup": false,
      "iteration": 799,
      "native_traversal_sec": 0.001951917,
      "row_count": 0
    },
    {
      "elapsed_sec": 0.001920938491821289,
      "is_warmup": false,
      "iteration": 800,
      "native_traversal_sec": 0.001892655,
      "row_count": 0
    },
    {
      "elapsed_sec": 0.002196572721004486,
      "is_warmup": false,
      "iteration": 801,
      "native_traversal_sec": 0.002168274,
      "row_count": 0
    },
    {
      "elapsed_sec": 0.001951456069946289,
      "is_warmup": false,
      "iteration": 802,
      "native_traversal_sec": 0.001923717,
      "row_count": 0
    },
    {
      "elapsed_sec": 0.0020079240202903748,
      "is_warmup": false,
      "iteration": 803,
      "native_traversal_sec": 0.001979818,
      "row_count": 0
    },
    {
      "elapsed_sec": 0.002329230308532715,
      "is_warmup": false,
      "iteration": 804,
      "native_traversal_sec": 0.002300517,
      "row_count": 0
    },
    {
      "elapsed_sec": 0.0019270703196525574,
      "is_warmup": false,
      "iteration": 805,
      "native_traversal_sec": 0.001898516,
      "row_count": 0
    },
    {
      "elapsed_sec": 0.0019218921661376953,
      "is_warmup": false,
      "iteration": 806,
      "native_traversal_sec": 0.001893695,
      "row_count": 0
    },
    {
      "elapsed_sec": 0.002161860466003418,
      "is_warmup": false,
      "iteration": 807,
      "native_traversal_sec": 0.002134233,
      "row_count": 0
    },
    {
      "elapsed_sec": 0.0019532814621925354,
      "is_warmup": false,
      "iteration": 808,
      "native_traversal_sec": 0.001925747,
      "row_count": 0
    },
    {
      "elapsed_sec": 0.001947358250617981,
      "is_warmup": false,
      "iteration": 809,
      "native_traversal_sec": 0.001919936,
      "row_count": 0
    },
    {
      "elapsed_sec": 0.0019351616501808167,
      "is_warmup": false,
      "iteration": 810,
      "native_traversal_sec": 0.001908386,
      "row_count": 0
    },
    {
      "elapsed_sec": 0.002110205590724945,
      "is_warmup": false,
      "iteration": 811,
      "native_traversal_sec": 0.002076931,
      "row_count": 0
    },
    {
      "elapsed_sec": 0.0018787160515785217,
      "is_warmup": false,
      "iteration": 812,
      "native_traversal_sec": 0.001850884,
      "row_count": 0
    },
    {
      "elapsed_sec": 0.0019131079316139221,
      "is_warmup": false,
      "iteration": 813,
      "native_traversal_sec": 0.001886245,
      "row_count": 0
    },
    {
      "elapsed_sec": 0.0020674020051956177,
      "is_warmup": false,
      "iteration": 814,
      "native_traversal_sec": 0.00203581,
      "row_count": 0
    },
    {
      "elapsed_sec": 0.001904912292957306,
      "is_warmup": false,
      "iteration": 815,
      "native_traversal_sec": 0.001876985,
      "row_count": 0
    },
    {
      "elapsed_sec": 0.001902364194393158,
      "is_warmup": false,
      "iteration": 816,
      "native_traversal_sec": 0.001875645,
      "row_count": 0
    },
    {
      "elapsed_sec": 0.0019061565399169922,
      "is_warmup": false,
      "iteration": 817,
      "native_traversal_sec": 0.001878836,
      "row_count": 0
    },
    {
      "elapsed_sec": 0.0018590092658996582,
      "is_warmup": false,
      "iteration": 818,
      "native_traversal_sec": 0.001831914,
      "row_count": 0
    },
    {
      "elapsed_sec": 0.0021123066544532776,
      "is_warmup": false,
      "iteration": 819,
      "native_traversal_sec": 0.002084981,
      "row_count": 0
    },
    {
      "elapsed_sec": 0.0019038021564483643,
      "is_warmup": false,
      "iteration": 820,
      "native_traversal_sec": 0.001871855,
      "row_count": 0
    },
    {
      "elapsed_sec": 0.0019657835364341736,
      "is_warmup": false,
      "iteration": 821,
      "native_traversal_sec": 0.001938357,
      "row_count": 0
    },
    {
      "elapsed_sec": 0.0020420104265213013,
      "is_warmup": false,
      "iteration": 822,
      "native_traversal_sec": 0.002014449,
      "row_count": 0
    },
    {
      "elapsed_sec": 0.0019969865679740906,
      "is_warmup": false,
      "iteration": 823,
      "native_traversal_sec": 0.001968427,
      "row_count": 0
    },
    {
      "elapsed_sec": 0.0019333437085151672,
      "is_warmup": false,
      "iteration": 824,
      "native_traversal_sec": 0.001904606,
      "row_count": 0
    },
    {
      "elapsed_sec": 0.0019695907831192017,
      "is_warmup": false,
      "iteration": 825,
      "native_traversal_sec": 0.001941677,
      "row_count": 0
    },
    {
      "elapsed_sec": 0.0021788477897644043,
      "is_warmup": false,
      "iteration": 826,
      "native_traversal_sec": 0.002150393,
      "row_count": 0
    },
    {
      "elapsed_sec": 0.001928679645061493,
      "is_warmup": false,
      "iteration": 827,
      "native_traversal_sec": 0.001901166,
      "row_count": 0
    },
    {
      "elapsed_sec": 0.0019222646951675415,
      "is_warmup": false,
      "iteration": 828,
      "native_traversal_sec": 0.001894066,
      "row_count": 0
    },
    {
      "elapsed_sec": 0.0019047781825065613,
      "is_warmup": false,
      "iteration": 829,
      "native_traversal_sec": 0.001873085,
      "row_count": 0
    },
    {
      "elapsed_sec": 0.0021159574389457703,
      "is_warmup": false,
      "iteration": 830,
      "native_traversal_sec": 0.001880275,
      "row_count": 0
    },
    {
      "elapsed_sec": 0.0018605366349220276,
      "is_warmup": false,
      "iteration": 831,
      "native_traversal_sec": 0.001832634,
      "row_count": 0
    },
    {
      "elapsed_sec": 0.0019136816263198853,
      "is_warmup": false,
      "iteration": 832,
      "native_traversal_sec": 0.001886516,
      "row_count": 0
    },
    {
      "elapsed_sec": 0.0018787458539009094,
      "is_warmup": false,
      "iteration": 833,
      "native_traversal_sec": 0.001844944,
      "row_count": 0
    },
    {
      "elapsed_sec": 0.001879177987575531,
      "is_warmup": false,
      "iteration": 834,
      "native_traversal_sec": 0.001852484,
      "row_count": 0
    },
    {
      "elapsed_sec": 0.001872532069683075,
      "is_warmup": false,
      "iteration": 835,
      "native_traversal_sec": 0.001845494,
      "row_count": 0
    },
    {
      "elapsed_sec": 0.0021523237228393555,
      "is_warmup": false,
      "iteration": 836,
      "native_traversal_sec": 0.002124942,
      "row_count": 0
    },
    {
      "elapsed_sec": 0.0018677189946174622,
      "is_warmup": false,
      "iteration": 837,
      "native_traversal_sec": 0.001840304,
      "row_count": 0
    },
    {
      "elapsed_sec": 0.0019050836563110352,
      "is_warmup": false,
      "iteration": 838,
      "native_traversal_sec": 0.001877855,
      "row_count": 0
    },
    {
      "elapsed_sec": 0.0020686686038970947,
      "is_warmup": false,
      "iteration": 839,
      "native_traversal_sec": 0.0020419,
      "row_count": 0
    },
    {
      "elapsed_sec": 0.0018844306468963623,
      "is_warmup": false,
      "iteration": 840,
      "native_traversal_sec": 0.001856874,
      "row_count": 0
    },
    {
      "elapsed_sec": 0.001882888376712799,
      "is_warmup": false,
      "iteration": 841,
      "native_traversal_sec": 0.001856194,
      "row_count": 0
    },
    {
      "elapsed_sec": 0.001958787441253662,
      "is_warmup": false,
      "iteration": 842,
      "native_traversal_sec": 0.001932177,
      "row_count": 0
    },
    {
      "elapsed_sec": 0.0018794909119606018,
      "is_warmup": false,
      "iteration": 843,
      "native_traversal_sec": 0.001851914,
      "row_count": 0
    },
    {
      "elapsed_sec": 0.0021224766969680786,
      "is_warmup": false,
      "iteration": 844,
      "native_traversal_sec": 0.002095281,
      "row_count": 0
    },
    {
      "elapsed_sec": 0.0018558725714683533,
      "is_warmup": false,
      "iteration": 845,
      "native_traversal_sec": 0.001828944,
      "row_count": 0
    },
    {
      "elapsed_sec": 0.0019193664193153381,
      "is_warmup": false,
      "iteration": 846,
      "native_traversal_sec": 0.001892425,
      "row_count": 0
    },
    {
      "elapsed_sec": 0.0018686652183532715,
      "is_warmup": false,
      "iteration": 847,
      "native_traversal_sec": 0.001834624,
      "row_count": 0
    },
    {
      "elapsed_sec": 0.0018518492579460144,
      "is_warmup": false,
      "iteration": 848,
      "native_traversal_sec": 0.001825083,
      "row_count": 0
    },
    {
      "elapsed_sec": 0.002172425389289856,
      "is_warmup": false,
      "iteration": 849,
      "native_traversal_sec": 0.002144553,
      "row_count": 0
    },
    {
      "elapsed_sec": 0.0019553527235984802,
      "is_warmup": false,
      "iteration": 850,
      "native_traversal_sec": 0.001923207,
      "row_count": 0
    },
    {
      "elapsed_sec": 0.002181611955165863,
      "is_warmup": false,
      "iteration": 851,
      "native_traversal_sec": 0.002139843,
      "row_count": 0
    },
    {
      "elapsed_sec": 0.0019399374723434448,
      "is_warmup": false,
      "iteration": 852,
      "native_traversal_sec": 0.001904996,
      "row_count": 0
    },
    {
      "elapsed_sec": 0.0021200329065322876,
      "is_warmup": false,
      "iteration": 853,
      "native_traversal_sec": 0.002091182,
      "row_count": 0
    },
    {
      "elapsed_sec": 0.001909397542476654,
      "is_warmup": false,
      "iteration": 854,
      "native_traversal_sec": 0.001878765,
      "row_count": 0
    },
    {
      "elapsed_sec": 0.0019369125366210938,
      "is_warmup": false,
      "iteration": 855,
      "native_traversal_sec": 0.001909416,
      "row_count": 0
    },
    {
      "elapsed_sec": 0.0018879175186157227,
      "is_warmup": false,
      "iteration": 856,
      "native_traversal_sec": 0.001860434,
      "row_count": 0
    },
    {
      "elapsed_sec": 0.001956045627593994,
      "is_warmup": false,
      "iteration": 857,
      "native_traversal_sec": 0.001916967,
      "row_count": 0
    },
    {
      "elapsed_sec": 0.0019493699073791504,
      "is_warmup": false,
      "iteration": 858,
      "native_traversal_sec": 0.001921676,
      "row_count": 0
    },
    {
      "elapsed_sec": 0.0018433481454849243,
      "is_warmup": false,
      "iteration": 859,
      "native_traversal_sec": 0.001815613,
      "row_count": 0
    },
    {
      "elapsed_sec": 0.0019072890281677246,
      "is_warmup": false,
      "iteration": 860,
      "native_traversal_sec": 0.001879645,
      "row_count": 0
    },
    {
      "elapsed_sec": 0.0018971934914588928,
      "is_warmup": false,
      "iteration": 861,
      "native_traversal_sec": 0.001864895,
      "row_count": 0
    },
    {
      "elapsed_sec": 0.001880548894405365,
      "is_warmup": false,
      "iteration": 862,
      "native_traversal_sec": 0.001852744,
      "row_count": 0
    },
    {
      "elapsed_sec": 0.001975119113922119,
      "is_warmup": false,
      "iteration": 863,
      "native_traversal_sec": 0.001947807,
      "row_count": 0
    },
    {
      "elapsed_sec": 0.0018831416964530945,
      "is_warmup": false,
      "iteration": 864,
      "native_traversal_sec": 0.001855064,
      "row_count": 0
    },
    {
      "elapsed_sec": 0.0018726736307144165,
      "is_warmup": false,
      "iteration": 865,
      "native_traversal_sec": 0.001845524,
      "row_count": 0
    },
    {
      "elapsed_sec": 0.001948826014995575,
      "is_warmup": false,
      "iteration": 866,
      "native_traversal_sec": 0.001920256,
      "row_count": 0
    },
    {
      "elapsed_sec": 0.0018329769372940063,
      "is_warmup": false,
      "iteration": 867,
      "native_traversal_sec": 0.001804853,
      "row_count": 0
    },
    {
      "elapsed_sec": 0.0023506730794906616,
      "is_warmup": false,
      "iteration": 868,
      "native_traversal_sec": 0.002323448,
      "row_count": 0
    },
    {
      "elapsed_sec": 0.001858443021774292,
      "is_warmup": false,
      "iteration": 869,
      "native_traversal_sec": 0.001830454,
      "row_count": 0
    },
    {
      "elapsed_sec": 0.0019251182675361633,
      "is_warmup": false,
      "iteration": 870,
      "native_traversal_sec": 0.001897895,
      "row_count": 0
    },
    {
      "elapsed_sec": 0.0018945708870887756,
      "is_warmup": false,
      "iteration": 871,
      "native_traversal_sec": 0.001866385,
      "row_count": 0
    },
    {
      "elapsed_sec": 0.002055920660495758,
      "is_warmup": false,
      "iteration": 872,
      "native_traversal_sec": 0.001865344,
      "row_count": 0
    },
    {
      "elapsed_sec": 0.0019000619649887085,
      "is_warmup": false,
      "iteration": 873,
      "native_traversal_sec": 0.001872385,
      "row_count": 0
    },
    {
      "elapsed_sec": 0.0022287219762802124,
      "is_warmup": false,
      "iteration": 874,
      "native_traversal_sec": 0.002196254,
      "row_count": 0
    },
    {
      "elapsed_sec": 0.0018655285239219666,
      "is_warmup": false,
      "iteration": 875,
      "native_traversal_sec": 0.001838024,
      "row_count": 0
    },
    {
      "elapsed_sec": 0.0019800737500190735,
      "is_warmup": false,
      "iteration": 876,
      "native_traversal_sec": 0.001952677,
      "row_count": 0
    },
    {
      "elapsed_sec": 0.0018891841173171997,
      "is_warmup": false,
      "iteration": 877,
      "native_traversal_sec": 0.001861085,
      "row_count": 0
    },
    {
      "elapsed_sec": 0.002130456268787384,
      "is_warmup": false,
      "iteration": 878,
      "native_traversal_sec": 0.002103501,
      "row_count": 0
    },
    {
      "elapsed_sec": 0.0019375011324882507,
      "is_warmup": false,
      "iteration": 879,
      "native_traversal_sec": 0.001907116,
      "row_count": 0
    },
    {
      "elapsed_sec": 0.0018818303942680359,
      "is_warmup": false,
      "iteration": 880,
      "native_traversal_sec": 0.001839164,
      "row_count": 0
    },
    {
      "elapsed_sec": 0.0018688440322875977,
      "is_warmup": false,
      "iteration": 881,
      "native_traversal_sec": 0.001841654,
      "row_count": 0
    },
    {
      "elapsed_sec": 0.001971594989299774,
      "is_warmup": false,
      "iteration": 882,
      "native_traversal_sec": 0.001944417,
      "row_count": 0
    },
    {
      "elapsed_sec": 0.0018782764673233032,
      "is_warmup": false,
      "iteration": 883,
      "native_traversal_sec": 0.001850294,
      "row_count": 0
    },
    {
      "elapsed_sec": 0.0018655657768249512,
      "is_warmup": false,
      "iteration": 884,
      "native_traversal_sec": 0.001833414,
      "row_count": 0
    },
    {
      "elapsed_sec": 0.0018759220838546753,
      "is_warmup": false,
      "iteration": 885,
      "native_traversal_sec": 0.001848454,
      "row_count": 0
    },
    {
      "elapsed_sec": 0.0020887479186058044,
      "is_warmup": false,
      "iteration": 886,
      "native_traversal_sec": 0.00206139,
      "row_count": 0
    },
    {
      "elapsed_sec": 0.0019544661045074463,
      "is_warmup": false,
      "iteration": 887,
      "native_traversal_sec": 0.001926857,
      "row_count": 0
    },
    {
      "elapsed_sec": 0.001951366662979126,
      "is_warmup": false,
      "iteration": 888,
      "native_traversal_sec": 0.001911536,
      "row_count": 0
    },
    {
      "elapsed_sec": 0.002000287175178528,
      "is_warmup": false,
      "iteration": 889,
      "native_traversal_sec": 0.001961208,
      "row_count": 0
    },
    {
      "elapsed_sec": 0.0019576996564865112,
      "is_warmup": false,
      "iteration": 890,
      "native_traversal_sec": 0.001928406,
      "row_count": 0
    },
    {
      "elapsed_sec": 0.002126917243003845,
      "is_warmup": false,
      "iteration": 891,
      "native_traversal_sec": 0.002098342,
      "row_count": 0
    },
    {
      "elapsed_sec": 0.001901000738143921,
      "is_warmup": false,
      "iteration": 892,
      "native_traversal_sec": 0.001873055,
      "row_count": 0
    },
    {
      "elapsed_sec": 0.0019379779696464539,
      "is_warmup": false,
      "iteration": 893,
      "native_traversal_sec": 0.001910796,
      "row_count": 0
    },
    {
      "elapsed_sec": 0.0018638744950294495,
      "is_warmup": false,
      "iteration": 894,
      "native_traversal_sec": 0.001837244,
      "row_count": 0
    },
    {
      "elapsed_sec": 0.0021821334958076477,
      "is_warmup": false,
      "iteration": 895,
      "native_traversal_sec": 0.002154823,
      "row_count": 0
    },
    {
      "elapsed_sec": 0.0019713640213012695,
      "is_warmup": false,
      "iteration": 896,
      "native_traversal_sec": 0.001943167,
      "row_count": 0
    },
    {
      "elapsed_sec": 0.0018691867589950562,
      "is_warmup": false,
      "iteration": 897,
      "native_traversal_sec": 0.001840734,
      "row_count": 0
    },
    {
      "elapsed_sec": 0.002120383083820343,
      "is_warmup": false,
      "iteration": 898,
      "native_traversal_sec": 0.002091551,
      "row_count": 0
    },
    {
      "elapsed_sec": 0.0019377991557121277,
      "is_warmup": false,
      "iteration": 899,
      "native_traversal_sec": 0.001900556,
      "row_count": 0
    },
    {
      "elapsed_sec": 0.001971915364265442,
      "is_warmup": false,
      "iteration": 900,
      "native_traversal_sec": 0.001942467,
      "row_count": 0
    },
    {
      "elapsed_sec": 0.0019298791885375977,
      "is_warmup": false,
      "iteration": 901,
      "native_traversal_sec": 0.001897856,
      "row_count": 0
    },
    {
      "elapsed_sec": 0.0019577592611312866,
      "is_warmup": false,
      "iteration": 902,
      "native_traversal_sec": 0.001929366,
      "row_count": 0
    },
    {
      "elapsed_sec": 0.0019030049443244934,
      "is_warmup": false,
      "iteration": 903,
      "native_traversal_sec": 0.001874645,
      "row_count": 0
    },
    {
      "elapsed_sec": 0.0019036158919334412,
      "is_warmup": false,
      "iteration": 904,
      "native_traversal_sec": 0.001868765,
      "row_count": 0
    },
    {
      "elapsed_sec": 0.001990184187889099,
      "is_warmup": false,
      "iteration": 905,
      "native_traversal_sec": 0.001961697,
      "row_count": 0
    },
    {
      "elapsed_sec": 0.001856878399848938,
      "is_warmup": false,
      "iteration": 906,
      "native_traversal_sec": 0.001828934,
      "row_count": 0
    },
    {
      "elapsed_sec": 0.001879379153251648,
      "is_warmup": false,
      "iteration": 907,
      "native_traversal_sec": 0.001852254,
      "row_count": 0
    },
    {
      "elapsed_sec": 0.0018507987260818481,
      "is_warmup": false,
      "iteration": 908,
      "native_traversal_sec": 0.001823453,
      "row_count": 0
    },
    {
      "elapsed_sec": 0.0022472217679023743,
      "is_warmup": false,
      "iteration": 909,
      "native_traversal_sec": 0.002220375,
      "row_count": 0
    },
    {
      "elapsed_sec": 0.001881517469882965,
      "is_warmup": false,
      "iteration": 910,
      "native_traversal_sec": 0.001854085,
      "row_count": 0
    },
    {
      "elapsed_sec": 0.0018729940056800842,
      "is_warmup": false,
      "iteration": 911,
      "native_traversal_sec": 0.001845835,
      "row_count": 0
    },
    {
      "elapsed_sec": 0.0018368959426879883,
      "is_warmup": false,
      "iteration": 912,
      "native_traversal_sec": 0.001809553,
      "row_count": 0
    },
    {
      "elapsed_sec": 0.0020674243569374084,
      "is_warmup": false,
      "iteration": 913,
      "native_traversal_sec": 0.00204021,
      "row_count": 0
    },
    {
      "elapsed_sec": 0.0020557865500450134,
      "is_warmup": false,
      "iteration": 914,
      "native_traversal_sec": 0.002028329,
      "row_count": 0
    },
    {
      "elapsed_sec": 0.0021363571286201477,
      "is_warmup": false,
      "iteration": 915,
      "native_traversal_sec": 0.002109832,
      "row_count": 0
    },
    {
      "elapsed_sec": 0.0018789544701576233,
      "is_warmup": false,
      "iteration": 916,
      "native_traversal_sec": 0.001845954,
      "row_count": 0
    },
    {
      "elapsed_sec": 0.002178303897380829,
      "is_warmup": false,
      "iteration": 917,
      "native_traversal_sec": 0.002150593,
      "row_count": 0
    },
    {
      "elapsed_sec": 0.0018780678510665894,
      "is_warmup": false,
      "iteration": 918,
      "native_traversal_sec": 0.001850634,
      "row_count": 0
    },
    {
      "elapsed_sec": 0.001929350197315216,
      "is_warmup": false,
      "iteration": 919,
      "native_traversal_sec": 0.001901646,
      "row_count": 0
    },
    {
      "elapsed_sec": 0.001856185495853424,
      "is_warmup": false,
      "iteration": 920,
      "native_traversal_sec": 0.001829504,
      "row_count": 0
    },
    {
      "elapsed_sec": 0.001896098256111145,
      "is_warmup": false,
      "iteration": 921,
      "native_traversal_sec": 0.001869185,
      "row_count": 0
    },
    {
      "elapsed_sec": 0.0020628944039344788,
      "is_warmup": false,
      "iteration": 922,
      "native_traversal_sec": 0.00203567,
      "row_count": 0
    },
    {
      "elapsed_sec": 0.0018556788563728333,
      "is_warmup": false,
      "iteration": 923,
      "native_traversal_sec": 0.001828173,
      "row_count": 0
    },
    {
      "elapsed_sec": 0.0018936991691589355,
      "is_warmup": false,
      "iteration": 924,
      "native_traversal_sec": 0.001866775,
      "row_count": 0
    },
    {
      "elapsed_sec": 0.0018327981233596802,
      "is_warmup": false,
      "iteration": 925,
      "native_traversal_sec": 0.001805603,
      "row_count": 0
    },
    {
      "elapsed_sec": 0.001986593008041382,
      "is_warmup": false,
      "iteration": 926,
      "native_traversal_sec": 0.001959508,
      "row_count": 0
    },
    {
      "elapsed_sec": 0.002334006130695343,
      "is_warmup": false,
      "iteration": 927,
      "native_traversal_sec": 0.002306837,
      "row_count": 0
    },
    {
      "elapsed_sec": 0.0019285902380943298,
      "is_warmup": false,
      "iteration": 928,
      "native_traversal_sec": 0.001900826,
      "row_count": 0
    },
    {
      "elapsed_sec": 0.001935511827468872,
      "is_warmup": false,
      "iteration": 929,
      "native_traversal_sec": 0.001900126,
      "row_count": 0
    },
    {
      "elapsed_sec": 0.0019295066595077515,
      "is_warmup": false,
      "iteration": 930,
      "native_traversal_sec": 0.001901586,
      "row_count": 0
    },
    {
      "elapsed_sec": 0.0028333142399787903,
      "is_warmup": false,
      "iteration": 931,
      "native_traversal_sec": 0.002798012,
      "row_count": 0
    },
    {
      "elapsed_sec": 0.0018916875123977661,
      "is_warmup": false,
      "iteration": 932,
      "native_traversal_sec": 0.001863234,
      "row_count": 0
    },
    {
      "elapsed_sec": 0.0021341443061828613,
      "is_warmup": false,
      "iteration": 933,
      "native_traversal_sec": 0.002105282,
      "row_count": 0
    },
    {
      "elapsed_sec": 0.0020124390721321106,
      "is_warmup": false,
      "iteration": 934,
      "native_traversal_sec": 0.001980598,
      "row_count": 0
    },
    {
      "elapsed_sec": 0.001953631639480591,
      "is_warmup": false,
      "iteration": 935,
      "native_traversal_sec": 0.001924126,
      "row_count": 0
    },
    {
      "elapsed_sec": 0.001942560076713562,
      "is_warmup": false,
      "iteration": 936,
      "native_traversal_sec": 0.001913636,
      "row_count": 0
    },
    {
      "elapsed_sec": 0.0019779130816459656,
      "is_warmup": false,
      "iteration": 937,
      "native_traversal_sec": 0.001947567,
      "row_count": 0
    },
    {
      "elapsed_sec": 0.0019494518637657166,
      "is_warmup": false,
      "iteration": 938,
      "native_traversal_sec": 0.001913957,
      "row_count": 0
    },
    {
      "elapsed_sec": 0.0019324496388435364,
      "is_warmup": false,
      "iteration": 939,
      "native_traversal_sec": 0.001902725,
      "row_count": 0
    },
    {
      "elapsed_sec": 0.001981087028980255,
      "is_warmup": false,
      "iteration": 940,
      "native_traversal_sec": 0.001952037,
      "row_count": 0
    },
    {
      "elapsed_sec": 0.0019392967224121094,
      "is_warmup": false,
      "iteration": 941,
      "native_traversal_sec": 0.001904805,
      "row_count": 0
    },
    {
      "elapsed_sec": 0.0018807649612426758,
      "is_warmup": false,
      "iteration": 942,
      "native_traversal_sec": 0.001853335,
      "row_count": 0
    },
    {
      "elapsed_sec": 0.0018329396843910217,
      "is_warmup": false,
      "iteration": 943,
      "native_traversal_sec": 0.001805653,
      "row_count": 0
    },
    {
      "elapsed_sec": 0.0018376857042312622,
      "is_warmup": false,
      "iteration": 944,
      "native_traversal_sec": 0.001810873,
      "row_count": 0
    },
    {
      "elapsed_sec": 0.002524837851524353,
      "is_warmup": false,
      "iteration": 945,
      "native_traversal_sec": 0.002496533,
      "row_count": 0
    },
    {
      "elapsed_sec": 0.0020508021116256714,
      "is_warmup": false,
      "iteration": 946,
      "native_traversal_sec": 0.002017829,
      "row_count": 0
    },
    {
      "elapsed_sec": 0.0019869282841682434,
      "is_warmup": false,
      "iteration": 947,
      "native_traversal_sec": 0.001948697,
      "row_count": 0
    },
    {
      "elapsed_sec": 0.0018973201513290405,
      "is_warmup": false,
      "iteration": 948,
      "native_traversal_sec": 0.001867855,
      "row_count": 0
    },
    {
      "elapsed_sec": 0.0018860101699829102,
      "is_warmup": false,
      "iteration": 949,
      "native_traversal_sec": 0.001857234,
      "row_count": 0
    },
    {
      "elapsed_sec": 0.0019742920994758606,
      "is_warmup": false,
      "iteration": 950,
      "native_traversal_sec": 0.001945947,
      "row_count": 0
    },
    {
      "elapsed_sec": 0.0018913894891738892,
      "is_warmup": false,
      "iteration": 951,
      "native_traversal_sec": 0.001863165,
      "row_count": 0
    },
    {
      "elapsed_sec": 0.0019048377871513367,
      "is_warmup": false,
      "iteration": 952,
      "native_traversal_sec": 0.001877426,
      "row_count": 0
    },
    {
      "elapsed_sec": 0.0018844902515411377,
      "is_warmup": false,
      "iteration": 953,
      "native_traversal_sec": 0.001856965,
      "row_count": 0
    },
    {
      "elapsed_sec": 0.0018810033798217773,
      "is_warmup": false,
      "iteration": 954,
      "native_traversal_sec": 0.001846844,
      "row_count": 0
    },
    {
      "elapsed_sec": 0.0018768534064292908,
      "is_warmup": false,
      "iteration": 955,
      "native_traversal_sec": 0.001850064,
      "row_count": 0
    },
    {
      "elapsed_sec": 0.0018855929374694824,
      "is_warmup": false,
      "iteration": 956,
      "native_traversal_sec": 0.001858325,
      "row_count": 0
    },
    {
      "elapsed_sec": 0.0020467042922973633,
      "is_warmup": false,
      "iteration": 957,
      "native_traversal_sec": 0.00202005,
      "row_count": 0
    },
    {
      "elapsed_sec": 0.001975812017917633,
      "is_warmup": false,
      "iteration": 958,
      "native_traversal_sec": 0.001945467,
      "row_count": 0
    },
    {
      "elapsed_sec": 0.0019428730010986328,
      "is_warmup": false,
      "iteration": 959,
      "native_traversal_sec": 0.001912406,
      "row_count": 0
    },
    {
      "elapsed_sec": 0.001902073621749878,
      "is_warmup": false,
      "iteration": 960,
      "native_traversal_sec": 0.001873124,
      "row_count": 0
    },
    {
      "elapsed_sec": 0.0018984004855155945,
      "is_warmup": false,
      "iteration": 961,
      "native_traversal_sec": 0.001870655,
      "row_count": 0
    },
    {
      "elapsed_sec": 0.0020077452063560486,
      "is_warmup": false,
      "iteration": 962,
      "native_traversal_sec": 0.001979128,
      "row_count": 0
    },
    {
      "elapsed_sec": 0.0019127056002616882,
      "is_warmup": false,
      "iteration": 963,
      "native_traversal_sec": 0.001883895,
      "row_count": 0
    },
    {
      "elapsed_sec": 0.002015046775341034,
      "is_warmup": false,
      "iteration": 964,
      "native_traversal_sec": 0.001986228,
      "row_count": 0
    },
    {
      "elapsed_sec": 0.0019216910004615784,
      "is_warmup": false,
      "iteration": 965,
      "native_traversal_sec": 0.001893766,
      "row_count": 0
    },
    {
      "elapsed_sec": 0.0019261762499809265,
      "is_warmup": false,
      "iteration": 966,
      "native_traversal_sec": 0.001898145,
      "row_count": 0
    },
    {
      "elapsed_sec": 0.0019014179706573486,
      "is_warmup": false,
      "iteration": 967,
      "native_traversal_sec": 0.001873655,
      "row_count": 0
    },
    {
      "elapsed_sec": 0.001910768449306488,
      "is_warmup": false,
      "iteration": 968,
      "native_traversal_sec": 0.001882645,
      "row_count": 0
    },
    {
      "elapsed_sec": 0.002119511365890503,
      "is_warmup": false,
      "iteration": 969,
      "native_traversal_sec": 0.002091912,
      "row_count": 0
    },
    {
      "elapsed_sec": 0.001955091953277588,
      "is_warmup": false,
      "iteration": 970,
      "native_traversal_sec": 0.001926807,
      "row_count": 0
    },
    {
      "elapsed_sec": 0.0019221603870391846,
      "is_warmup": false,
      "iteration": 971,
      "native_traversal_sec": 0.001893295,
      "row_count": 0
    },
    {
      "elapsed_sec": 0.0019232183694839478,
      "is_warmup": false,
      "iteration": 972,
      "native_traversal_sec": 0.001895146,
      "row_count": 0
    },
    {
      "elapsed_sec": 0.0018415376543998718,
      "is_warmup": false,
      "iteration": 973,
      "native_traversal_sec": 0.001814163,
      "row_count": 0
    },
    {
      "elapsed_sec": 0.0020663365721702576,
      "is_warmup": false,
      "iteration": 974,
      "native_traversal_sec": 0.00203823,
      "row_count": 0
    },
    {
      "elapsed_sec": 0.0019626617431640625,
      "is_warmup": false,
      "iteration": 975,
      "native_traversal_sec": 0.001918216,
      "row_count": 0
    },
    {
      "elapsed_sec": 0.002003982663154602,
      "is_warmup": false,
      "iteration": 976,
      "native_traversal_sec": 0.001974798,
      "row_count": 0
    },
    {
      "elapsed_sec": 0.00190647691488266,
      "is_warmup": false,
      "iteration": 977,
      "native_traversal_sec": 0.001878045,
      "row_count": 0
    },
    {
      "elapsed_sec": 0.0019370317459106445,
      "is_warmup": false,
      "iteration": 978,
      "native_traversal_sec": 0.001909966,
      "row_count": 0
    },
    {
      "elapsed_sec": 0.0020016133785247803,
      "is_warmup": false,
      "iteration": 979,
      "native_traversal_sec": 0.001967998,
      "row_count": 0
    },
    {
      "elapsed_sec": 0.001887403428554535,
      "is_warmup": false,
      "iteration": 980,
      "native_traversal_sec": 0.001859355,
      "row_count": 0
    },
    {
      "elapsed_sec": 0.0018608272075653076,
      "is_warmup": false,
      "iteration": 981,
      "native_traversal_sec": 0.001834114,
      "row_count": 0
    },
    {
      "elapsed_sec": 0.0019880756735801697,
      "is_warmup": false,
      "iteration": 982,
      "native_traversal_sec": 0.001961058,
      "row_count": 0
    },
    {
      "elapsed_sec": 0.0018576383590698242,
      "is_warmup": false,
      "iteration": 983,
      "native_traversal_sec": 0.001830194,
      "row_count": 0
    },
    {
      "elapsed_sec": 0.0019974783062934875,
      "is_warmup": false,
      "iteration": 984,
      "native_traversal_sec": 0.001965927,
      "row_count": 0
    },
    {
      "elapsed_sec": 0.0018901005387306213,
      "is_warmup": false,
      "iteration": 985,
      "native_traversal_sec": 0.001862305,
      "row_count": 0
    },
    {
      "elapsed_sec": 0.0019989758729934692,
      "is_warmup": false,
      "iteration": 986,
      "native_traversal_sec": 0.001971877,
      "row_count": 0
    },
    {
      "elapsed_sec": 0.001923978328704834,
      "is_warmup": false,
      "iteration": 987,
      "native_traversal_sec": 0.001895616,
      "row_count": 0
    },
    {
      "elapsed_sec": 0.0019373819231987,
      "is_warmup": false,
      "iteration": 988,
      "native_traversal_sec": 0.001909906,
      "row_count": 0
    },
    {
      "elapsed_sec": 0.0018754452466964722,
      "is_warmup": false,
      "iteration": 989,
      "native_traversal_sec": 0.001848294,
      "row_count": 0
    },
    {
      "elapsed_sec": 0.0021193847060203552,
      "is_warmup": false,
      "iteration": 990,
      "native_traversal_sec": 0.002092371,
      "row_count": 0
    },
    {
      "elapsed_sec": 0.0019056424498558044,
      "is_warmup": false,
      "iteration": 991,
      "native_traversal_sec": 0.001877395,
      "row_count": 0
    },
    {
      "elapsed_sec": 0.0019479021430015564,
      "is_warmup": false,
      "iteration": 992,
      "native_traversal_sec": 0.001920916,
      "row_count": 0
    },
    {
      "elapsed_sec": 0.0018932223320007324,
      "is_warmup": false,
      "iteration": 993,
      "native_traversal_sec": 0.001865545,
      "row_count": 0
    },
    {
      "elapsed_sec": 0.002064317464828491,
      "is_warmup": false,
      "iteration": 994,
      "native_traversal_sec": 0.00203744,
      "row_count": 0
    },
    {
      "elapsed_sec": 0.0019372925162315369,
      "is_warmup": false,
      "iteration": 995,
      "native_traversal_sec": 0.001901526,
      "row_count": 0
    },
    {
      "elapsed_sec": 0.0021073371171951294,
      "is_warmup": false,
      "iteration": 996,
      "native_traversal_sec": 0.002078711,
      "row_count": 0
    },
    {
      "elapsed_sec": 0.0019900724291801453,
      "is_warmup": false,
      "iteration": 997,
      "native_traversal_sec": 0.001959887,
      "row_count": 0
    },
    {
      "elapsed_sec": 0.0019307062029838562,
      "is_warmup": false,
      "iteration": 998,
      "native_traversal_sec": 0.001901296,
      "row_count": 0
    },
    {
      "elapsed_sec": 0.0019822418689727783,
      "is_warmup": false,
      "iteration": 999,
      "native_traversal_sec": 0.001953587,
      "row_count": 0
    },
    {
      "elapsed_sec": 0.00196249783039093,
      "is_warmup": false,
      "iteration": 1000,
      "native_traversal_sec": 0.001933627,
      "row_count": 0
    },
    {
      "elapsed_sec": 0.0019987523555755615,
      "is_warmup": false,
      "iteration": 1001,
      "native_traversal_sec": 0.001971298,
      "row_count": 0
    },
    {
      "elapsed_sec": 0.001959472894668579,
      "is_warmup": false,
      "iteration": 1002,
      "native_traversal_sec": 0.001925536,
      "row_count": 0
    },
    {
      "elapsed_sec": 0.0019919872283935547,
      "is_warmup": false,
      "iteration": 1003,
      "native_traversal_sec": 0.001964478,
      "row_count": 0
    },
    {
      "elapsed_sec": 0.0019624903798103333,
      "is_warmup": false,
      "iteration": 1004,
      "native_traversal_sec": 0.001934166,
      "row_count": 0
    },
    {
      "elapsed_sec": 0.002117238938808441,
      "is_warmup": false,
      "iteration": 1005,
      "native_traversal_sec": 0.002089441,
      "row_count": 0
    },
    {
      "elapsed_sec": 0.0019183233380317688,
      "is_warmup": false,
      "iteration": 1006,
      "native_traversal_sec": 0.001890106,
      "row_count": 0
    },
    {
      "elapsed_sec": 0.0018875151872634888,
      "is_warmup": false,
      "iteration": 1007,
      "native_traversal_sec": 0.001859814,
      "row_count": 0
    },
    {
      "elapsed_sec": 0.0019623488187789917,
      "is_warmup": false,
      "iteration": 1008,
      "native_traversal_sec": 0.001934397,
      "row_count": 0
    },
    {
      "elapsed_sec": 0.0020724162459373474,
      "is_warmup": false,
      "iteration": 1009,
      "native_traversal_sec": 0.00204445,
      "row_count": 0
    },
    {
      "elapsed_sec": 0.0019332394003868103,
      "is_warmup": false,
      "iteration": 1010,
      "native_traversal_sec": 0.001905636,
      "row_count": 0
    },
    {
      "elapsed_sec": 0.0019738227128982544,
      "is_warmup": false,
      "iteration": 1011,
      "native_traversal_sec": 0.001942387,
      "row_count": 0
    },
    {
      "elapsed_sec": 0.0019423216581344604,
      "is_warmup": false,
      "iteration": 1012,
      "native_traversal_sec": 0.001913946,
      "row_count": 0
    },
    {
      "elapsed_sec": 0.0021033138036727905,
      "is_warmup": false,
      "iteration": 1013,
      "native_traversal_sec": 0.002073391,
      "row_count": 0
    },
    {
      "elapsed_sec": 0.002204813063144684,
      "is_warmup": false,
      "iteration": 1014,
      "native_traversal_sec": 0.002172784,
      "row_count": 0
    },
    {
      "elapsed_sec": 0.0019516795873641968,
      "is_warmup": false,
      "iteration": 1015,
      "native_traversal_sec": 0.001922556,
      "row_count": 0
    },
    {
      "elapsed_sec": 0.0019486472010612488,
      "is_warmup": false,
      "iteration": 1016,
      "native_traversal_sec": 0.001920786,
      "row_count": 0
    },
    {
      "elapsed_sec": 0.001995958387851715,
      "is_warmup": false,
      "iteration": 1017,
      "native_traversal_sec": 0.001966308,
      "row_count": 0
    },
    {
      "elapsed_sec": 0.0019311681389808655,
      "is_warmup": false,
      "iteration": 1018,
      "native_traversal_sec": 0.001903276,
      "row_count": 0
    },
    {
      "elapsed_sec": 0.0019685253500938416,
      "is_warmup": false,
      "iteration": 1019,
      "native_traversal_sec": 0.001940807,
      "row_count": 0
    },
    {
      "elapsed_sec": 0.0018830671906471252,
      "is_warmup": false,
      "iteration": 1020,
      "native_traversal_sec": 0.001855215,
      "row_count": 0
    },
    {
      "elapsed_sec": 0.0019213482737541199,
      "is_warmup": false,
      "iteration": 1021,
      "native_traversal_sec": 0.001893426,
      "row_count": 0
    },
    {
      "elapsed_sec": 0.00196162611246109,
      "is_warmup": false,
      "iteration": 1022,
      "native_traversal_sec": 0.001934557,
      "row_count": 0
    },
    {
      "elapsed_sec": 0.002018347382545471,
      "is_warmup": false,
      "iteration": 1023,
      "native_traversal_sec": 0.001990479,
      "row_count": 0
    },
    {
      "elapsed_sec": 0.0019075796008110046,
      "is_warmup": false,
      "iteration": 1024,
      "native_traversal_sec": 0.001880045,
      "row_count": 0
    },
    {
      "elapsed_sec": 0.0019479170441627502,
      "is_warmup": false,
      "iteration": 1025,
      "native_traversal_sec": 0.001921216,
      "row_count": 0
    },
    {
      "elapsed_sec": 0.0019150227308273315,
      "is_warmup": false,
      "iteration": 1026,
      "native_traversal_sec": 0.001887445,
      "row_count": 0
    },
    {
      "elapsed_sec": 0.002002537250518799,
      "is_warmup": false,
      "iteration": 1027,
      "native_traversal_sec": 0.001974898,
      "row_count": 0
    },
    {
      "elapsed_sec": 0.001882702112197876,
      "is_warmup": false,
      "iteration": 1028,
      "native_traversal_sec": 0.001855324,
      "row_count": 0
    },
    {
      "elapsed_sec": 0.0018685981631278992,
      "is_warmup": false,
      "iteration": 1029,
      "native_traversal_sec": 0.001841744,
      "row_count": 0
    },
    {
      "elapsed_sec": 0.0019044429063796997,
      "is_warmup": false,
      "iteration": 1030,
      "native_traversal_sec": 0.001876635,
      "row_count": 0
    },
    {
      "elapsed_sec": 0.0021524056792259216,
      "is_warmup": false,
      "iteration": 1031,
      "native_traversal_sec": 0.002117382,
      "row_count": 0
    },
    {
      "elapsed_sec": 0.0019220858812332153,
      "is_warmup": false,
      "iteration": 1032,
      "native_traversal_sec": 0.001893876,
      "row_count": 0
    },
    {
      "elapsed_sec": 0.0019028857350349426,
      "is_warmup": false,
      "iteration": 1033,
      "native_traversal_sec": 0.001874955,
      "row_count": 0
    },
    {
      "elapsed_sec": 0.001906082034111023,
      "is_warmup": false,
      "iteration": 1034,
      "native_traversal_sec": 0.001879296,
      "row_count": 0
    },
    {
      "elapsed_sec": 0.0021602660417556763,
      "is_warmup": false,
      "iteration": 1035,
      "native_traversal_sec": 0.002132863,
      "row_count": 0
    },
    {
      "elapsed_sec": 0.0019290372729301453,
      "is_warmup": false,
      "iteration": 1036,
      "native_traversal_sec": 0.001901466,
      "row_count": 0
    },
    {
      "elapsed_sec": 0.0021428465843200684,
      "is_warmup": false,
      "iteration": 1037,
      "native_traversal_sec": 0.002114362,
      "row_count": 0
    },
    {
      "elapsed_sec": 0.0019520074129104614,
      "is_warmup": false,
      "iteration": 1038,
      "native_traversal_sec": 0.001920367,
      "row_count": 0
    },
    {
      "elapsed_sec": 0.0019951239228248596,
      "is_warmup": false,
      "iteration": 1039,
      "native_traversal_sec": 0.001962967,
      "row_count": 0
    },
    {
      "elapsed_sec": 0.001956447958946228,
      "is_warmup": false,
      "iteration": 1040,
      "native_traversal_sec": 0.001927877,
      "row_count": 0
    },
    {
      "elapsed_sec": 0.00195997953414917,
      "is_warmup": false,
      "iteration": 1041,
      "native_traversal_sec": 0.001932116,
      "row_count": 0
    },
    {
      "elapsed_sec": 0.002001829445362091,
      "is_warmup": false,
      "iteration": 1042,
      "native_traversal_sec": 0.001965497,
      "row_count": 0
    },
    {
      "elapsed_sec": 0.002100341022014618,
      "is_warmup": false,
      "iteration": 1043,
      "native_traversal_sec": 0.001992619,
      "row_count": 0
    },
    {
      "elapsed_sec": 0.0019965842366218567,
      "is_warmup": false,
      "iteration": 1044,
      "native_traversal_sec": 0.001967387,
      "row_count": 0
    },
    {
      "elapsed_sec": 0.0018870383501052856,
      "is_warmup": false,
      "iteration": 1045,
      "native_traversal_sec": 0.001857645,
      "row_count": 0
    },
    {
      "elapsed_sec": 0.001901581883430481,
      "is_warmup": false,
      "iteration": 1046,
      "native_traversal_sec": 0.001867195,
      "row_count": 0
    },
    {
      "elapsed_sec": 0.00199272483587265,
      "is_warmup": false,
      "iteration": 1047,
      "native_traversal_sec": 0.001965867,
      "row_count": 0
    },
    {
      "elapsed_sec": 0.0019183829426765442,
      "is_warmup": false,
      "iteration": 1048,
      "native_traversal_sec": 0.001890996,
      "row_count": 0
    },
    {
      "elapsed_sec": 0.001879565417766571,
      "is_warmup": false,
      "iteration": 1049,
      "native_traversal_sec": 0.001852585,
      "row_count": 0
    },
    {
      "elapsed_sec": 0.0018600299954414368,
      "is_warmup": false,
      "iteration": 1050,
      "native_traversal_sec": 0.001832063,
      "row_count": 0
    },
    {
      "elapsed_sec": 0.002161450684070587,
      "is_warmup": false,
      "iteration": 1051,
      "native_traversal_sec": 0.002133653,
      "row_count": 0
    },
    {
      "elapsed_sec": 0.0019534453749656677,
      "is_warmup": false,
      "iteration": 1052,
      "native_traversal_sec": 0.001925446,
      "row_count": 0
    },
    {
      "elapsed_sec": 0.002252630889415741,
      "is_warmup": false,
      "iteration": 1053,
      "native_traversal_sec": 0.002225065,
      "row_count": 0
    },
    {
      "elapsed_sec": 0.0019922107458114624,
      "is_warmup": false,
      "iteration": 1054,
      "native_traversal_sec": 0.001963958,
      "row_count": 0
    },
    {
      "elapsed_sec": 0.0019450336694717407,
      "is_warmup": false,
      "iteration": 1055,
      "native_traversal_sec": 0.001917557,
      "row_count": 0
    },
    {
      "elapsed_sec": 0.0021258965134620667,
      "is_warmup": false,
      "iteration": 1056,
      "native_traversal_sec": 0.002098371,
      "row_count": 0
    },
    {
      "elapsed_sec": 0.0019221752882003784,
      "is_warmup": false,
      "iteration": 1057,
      "native_traversal_sec": 0.001887366,
      "row_count": 0
    },
    {
      "elapsed_sec": 0.0019158124923706055,
      "is_warmup": false,
      "iteration": 1058,
      "native_traversal_sec": 0.001889046,
      "row_count": 0
    },
    {
      "elapsed_sec": 0.0019891932606697083,
      "is_warmup": false,
      "iteration": 1059,
      "native_traversal_sec": 0.001962307,
      "row_count": 0
    },
    {
      "elapsed_sec": 0.0019220560789108276,
      "is_warmup": false,
      "iteration": 1060,
      "native_traversal_sec": 0.001894916,
      "row_count": 0
    },
    {
      "elapsed_sec": 0.0019101649522781372,
      "is_warmup": false,
      "iteration": 1061,
      "native_traversal_sec": 0.001883116,
      "row_count": 0
    },
    {
      "elapsed_sec": 0.0020554587244987488,
      "is_warmup": false,
      "iteration": 1062,
      "native_traversal_sec": 0.002028079,
      "row_count": 0
    },
    {
      "elapsed_sec": 0.0019039958715438843,
      "is_warmup": false,
      "iteration": 1063,
      "native_traversal_sec": 0.001876205,
      "row_count": 0
    },
    {
      "elapsed_sec": 0.00193004310131073,
      "is_warmup": false,
      "iteration": 1064,
      "native_traversal_sec": 0.001902006,
      "row_count": 0
    },
    {
      "elapsed_sec": 0.0018887892365455627,
      "is_warmup": false,
      "iteration": 1065,
      "native_traversal_sec": 0.001861675,
      "row_count": 0
    },
    {
      "elapsed_sec": 0.0021124929189682007,
      "is_warmup": false,
      "iteration": 1066,
      "native_traversal_sec": 0.002079481,
      "row_count": 0
    },
    {
      "elapsed_sec": 0.0019161626696586609,
      "is_warmup": false,
      "iteration": 1067,
      "native_traversal_sec": 0.001887775,
      "row_count": 0
    },
    {
      "elapsed_sec": 0.002084866166114807,
      "is_warmup": false,
      "iteration": 1068,
      "native_traversal_sec": 0.00205679,
      "row_count": 0
    },
    {
      "elapsed_sec": 0.0019332095980644226,
      "is_warmup": false,
      "iteration": 1069,
      "native_traversal_sec": 0.001898515,
      "row_count": 0
    },
    {
      "elapsed_sec": 0.0018994137644767761,
      "is_warmup": false,
      "iteration": 1070,
      "native_traversal_sec": 0.001871715,
      "row_count": 0
    },
    {
      "elapsed_sec": 0.0018986240029335022,
      "is_warmup": false,
      "iteration": 1071,
      "native_traversal_sec": 0.001871635,
      "row_count": 0
    },
    {
      "elapsed_sec": 0.0019082576036453247,
      "is_warmup": false,
      "iteration": 1072,
      "native_traversal_sec": 0.001880675,
      "row_count": 0
    },
    {
      "elapsed_sec": 0.002169691026210785,
      "is_warmup": false,
      "iteration": 1073,
      "native_traversal_sec": 0.002142512,
      "row_count": 0
    },
    {
      "elapsed_sec": 0.0019158273935317993,
      "is_warmup": false,
      "iteration": 1074,
      "native_traversal_sec": 0.001884346,
      "row_count": 0
    },
    {
      "elapsed_sec": 0.0020351633429527283,
      "is_warmup": false,
      "iteration": 1075,
      "native_traversal_sec": 0.002008008,
      "row_count": 0
    },
    {
      "elapsed_sec": 0.0019106343388557434,
      "is_warmup": false,
      "iteration": 1076,
      "native_traversal_sec": 0.001883405,
      "row_count": 0
    },
    {
      "elapsed_sec": 0.0019354820251464844,
      "is_warmup": false,
      "iteration": 1077,
      "native_traversal_sec": 0.001908516,
      "row_count": 0
    },
    {
      "elapsed_sec": 0.0021788999438285828,
      "is_warmup": false,
      "iteration": 1078,
      "native_traversal_sec": 0.002151023,
      "row_count": 0
    },
    {
      "elapsed_sec": 0.0019229501485824585,
      "is_warmup": false,
      "iteration": 1079,
      "native_traversal_sec": 0.001894436,
      "row_count": 0
    },
    {
      "elapsed_sec": 0.001940995454788208,
      "is_warmup": false,
      "iteration": 1080,
      "native_traversal_sec": 0.001913616,
      "row_count": 0
    },
    {
      "elapsed_sec": 0.002139464020729065,
      "is_warmup": false,
      "iteration": 1081,
      "native_traversal_sec": 0.002110241,
      "row_count": 0
    },
    {
      "elapsed_sec": 0.001973450183868408,
      "is_warmup": false,
      "iteration": 1082,
      "native_traversal_sec": 0.001941317,
      "row_count": 0
    },
    {
      "elapsed_sec": 0.002003788948059082,
      "is_warmup": false,
      "iteration": 1083,
      "native_traversal_sec": 0.001975178,
      "row_count": 0
    },
    {
      "elapsed_sec": 0.0019411593675613403,
      "is_warmup": false,
      "iteration": 1084,
      "native_traversal_sec": 0.001913166,
      "row_count": 0
    },
    {
      "elapsed_sec": 0.001974247395992279,
      "is_warmup": false,
      "iteration": 1085,
      "native_traversal_sec": 0.001945987,
      "row_count": 0
    },
    {
      "elapsed_sec": 0.0019702836871147156,
      "is_warmup": false,
      "iteration": 1086,
      "native_traversal_sec": 0.001942367,
      "row_count": 0
    },
    {
      "elapsed_sec": 0.0019246786832809448,
      "is_warmup": false,
      "iteration": 1087,
      "native_traversal_sec": 0.001896736,
      "row_count": 0
    },
    {
      "elapsed_sec": 0.002128802239894867,
      "is_warmup": false,
      "iteration": 1088,
      "native_traversal_sec": 0.002100442,
      "row_count": 0
    },
    {
      "elapsed_sec": 0.001953698694705963,
      "is_warmup": false,
      "iteration": 1089,
      "native_traversal_sec": 0.001925486,
      "row_count": 0
    },
    {
      "elapsed_sec": 0.0020999163389205933,
      "is_warmup": false,
      "iteration": 1090,
      "native_traversal_sec": 0.002071931,
      "row_count": 0
    },
    {
      "elapsed_sec": 0.001962602138519287,
      "is_warmup": false,
      "iteration": 1091,
      "native_traversal_sec": 0.001934527,
      "row_count": 0
    },
    {
      "elapsed_sec": 0.001969844102859497,
      "is_warmup": false,
      "iteration": 1092,
      "native_traversal_sec": 0.001942387,
      "row_count": 0
    },
    {
      "elapsed_sec": 0.0020694509148597717,
      "is_warmup": false,
      "iteration": 1093,
      "native_traversal_sec": 0.00204204,
      "row_count": 0
    },
    {
      "elapsed_sec": 0.0018601492047309875,
      "is_warmup": false,
      "iteration": 1094,
      "native_traversal_sec": 0.001832404,
      "row_count": 0
    },
    {
      "elapsed_sec": 0.0019415244460105896,
      "is_warmup": false,
      "iteration": 1095,
      "native_traversal_sec": 0.001914506,
      "row_count": 0
    },
    {
      "elapsed_sec": 0.002016410231590271,
      "is_warmup": false,
      "iteration": 1096,
      "native_traversal_sec": 0.001988708,
      "row_count": 0
    },
    {
      "elapsed_sec": 0.0019233301281929016,
      "is_warmup": false,
      "iteration": 1097,
      "native_traversal_sec": 0.001895686,
      "row_count": 0
    },
    {
      "elapsed_sec": 0.0018759369850158691,
      "is_warmup": false,
      "iteration": 1098,
      "native_traversal_sec": 0.001848395,
      "row_count": 0
    },
    {
      "elapsed_sec": 0.0018570274114608765,
      "is_warmup": false,
      "iteration": 1099,
      "native_traversal_sec": 0.001823143,
      "row_count": 0
    },
    {
      "elapsed_sec": 0.0020091161131858826,
      "is_warmup": false,
      "iteration": 1100,
      "native_traversal_sec": 0.001981868,
      "row_count": 0
    },
    {
      "elapsed_sec": 0.0020551010966300964,
      "is_warmup": false,
      "iteration": 1101,
      "native_traversal_sec": 0.002026929,
      "row_count": 0
    },
    {
      "elapsed_sec": 0.0019169747829437256,
      "is_warmup": false,
      "iteration": 1102,
      "native_traversal_sec": 0.001889416,
      "row_count": 0
    },
    {
      "elapsed_sec": 0.0018849372863769531,
      "is_warmup": false,
      "iteration": 1103,
      "native_traversal_sec": 0.001857224,
      "row_count": 0
    },
    {
      "elapsed_sec": 0.0020836442708969116,
      "is_warmup": false,
      "iteration": 1104,
      "native_traversal_sec": 0.00205588,
      "row_count": 0
    },
    {
      "elapsed_sec": 0.0018889084458351135,
      "is_warmup": false,
      "iteration": 1105,
      "native_traversal_sec": 0.001861375,
      "row_count": 0
    },
    {
      "elapsed_sec": 0.001980431377887726,
      "is_warmup": false,
      "iteration": 1106,
      "native_traversal_sec": 0.001946767,
      "row_count": 0
    },
    {
      "elapsed_sec": 0.0019355714321136475,
      "is_warmup": false,
      "iteration": 1107,
      "native_traversal_sec": 0.001907736,
      "row_count": 0
    },
    {
      "elapsed_sec": 0.0020292922854423523,
      "is_warmup": false,
      "iteration": 1108,
      "native_traversal_sec": 0.002001499,
      "row_count": 0
    },
    {
      "elapsed_sec": 0.0021715909242630005,
      "is_warmup": false,
      "iteration": 1109,
      "native_traversal_sec": 0.002143473,
      "row_count": 0
    },
    {
      "elapsed_sec": 0.0019408687949180603,
      "is_warmup": false,
      "iteration": 1110,
      "native_traversal_sec": 0.001912966,
      "row_count": 0
    },
    {
      "elapsed_sec": 0.001926138997077942,
      "is_warmup": false,
      "iteration": 1111,
      "native_traversal_sec": 0.001893785,
      "row_count": 0
    },
    {
      "elapsed_sec": 0.0019492432475090027,
      "is_warmup": false,
      "iteration": 1112,
      "native_traversal_sec": 0.001920877,
      "row_count": 0
    },
    {
      "elapsed_sec": 0.002104237675666809,
      "is_warmup": false,
      "iteration": 1113,
      "native_traversal_sec": 0.00207658,
      "row_count": 0
    },
    {
      "elapsed_sec": 0.0022434666752815247,
      "is_warmup": false,
      "iteration": 1114,
      "native_traversal_sec": 0.002215045,
      "row_count": 0
    },
    {
      "elapsed_sec": 0.0020082443952560425,
      "is_warmup": false,
      "iteration": 1115,
      "native_traversal_sec": 0.001972948,
      "row_count": 0
    },
    {
      "elapsed_sec": 0.0019092857837677002,
      "is_warmup": false,
      "iteration": 1116,
      "native_traversal_sec": 0.001873285,
      "row_count": 0
    },
    {
      "elapsed_sec": 0.0021591410040855408,
      "is_warmup": false,
      "iteration": 1117,
      "native_traversal_sec": 0.002131943,
      "row_count": 0
    },
    {
      "elapsed_sec": 0.0020097121596336365,
      "is_warmup": false,
      "iteration": 1118,
      "native_traversal_sec": 0.001981469,
      "row_count": 0
    },
    {
      "elapsed_sec": 0.0020719170570373535,
      "is_warmup": false,
      "iteration": 1119,
      "native_traversal_sec": 0.002043419,
      "row_count": 0
    },
    {
      "elapsed_sec": 0.0019311383366584778,
      "is_warmup": false,
      "iteration": 1120,
      "native_traversal_sec": 0.001903016,
      "row_count": 0
    },
    {
      "elapsed_sec": 0.001963190734386444,
      "is_warmup": false,
      "iteration": 1121,
      "native_traversal_sec": 0.001935657,
      "row_count": 0
    },
    {
      "elapsed_sec": 0.001965150237083435,
      "is_warmup": false,
      "iteration": 1122,
      "native_traversal_sec": 0.001931286,
      "row_count": 0
    },
    {
      "elapsed_sec": 0.0019382908940315247,
      "is_warmup": false,
      "iteration": 1123,
      "native_traversal_sec": 0.001910946,
      "row_count": 0
    },
    {
      "elapsed_sec": 0.00211893767118454,
      "is_warmup": false,
      "iteration": 1124,
      "native_traversal_sec": 0.002091732,
      "row_count": 0
    },
    {
      "elapsed_sec": 0.0019041970372200012,
      "is_warmup": false,
      "iteration": 1125,
      "native_traversal_sec": 0.001876596,
      "row_count": 0
    },
    {
      "elapsed_sec": 0.0021273568272590637,
      "is_warmup": false,
      "iteration": 1126,
      "native_traversal_sec": 0.001983728,
      "row_count": 0
    },
    {
      "elapsed_sec": 0.0019339174032211304,
      "is_warmup": false,
      "iteration": 1127,
      "native_traversal_sec": 0.001905666,
      "row_count": 0
    },
    {
      "elapsed_sec": 0.0019471198320388794,
      "is_warmup": false,
      "iteration": 1128,
      "native_traversal_sec": 0.001919657,
      "row_count": 0
    },
    {
      "elapsed_sec": 0.0019209906458854675,
      "is_warmup": false,
      "iteration": 1129,
      "native_traversal_sec": 0.001881015,
      "row_count": 0
    },
    {
      "elapsed_sec": 0.0024020299315452576,
      "is_warmup": false,
      "iteration": 1130,
      "native_traversal_sec": 0.0023747,
      "row_count": 0
    },
    {
      "elapsed_sec": 0.0019478872418403625,
      "is_warmup": false,
      "iteration": 1131,
      "native_traversal_sec": 0.001919786,
      "row_count": 0
    },
    {
      "elapsed_sec": 0.0019211992621421814,
      "is_warmup": false,
      "iteration": 1132,
      "native_traversal_sec": 0.001893095,
      "row_count": 0
    },
    {
      "elapsed_sec": 0.002021968364715576,
      "is_warmup": false,
      "iteration": 1133,
      "native_traversal_sec": 0.001994519,
      "row_count": 0
    },
    {
      "elapsed_sec": 0.0019237101078033447,
      "is_warmup": false,
      "iteration": 1134,
      "native_traversal_sec": 0.001896115,
      "row_count": 0
    },
    {
      "elapsed_sec": 0.0019155517220497131,
      "is_warmup": false,
      "iteration": 1135,
      "native_traversal_sec": 0.001887925,
      "row_count": 0
    },
    {
      "elapsed_sec": 0.0018732622265815735,
      "is_warmup": false,
      "iteration": 1136,
      "native_traversal_sec": 0.001846594,
      "row_count": 0
    },
    {
      "elapsed_sec": 0.0018959343433380127,
      "is_warmup": false,
      "iteration": 1137,
      "native_traversal_sec": 0.001869175,
      "row_count": 0
    },
    {
      "elapsed_sec": 0.0022225379943847656,
      "is_warmup": false,
      "iteration": 1138,
      "native_traversal_sec": 0.002189914,
      "row_count": 0
    },
    {
      "elapsed_sec": 0.001904219388961792,
      "is_warmup": false,
      "iteration": 1139,
      "native_traversal_sec": 0.001876775,
      "row_count": 0
    },
    {
      "elapsed_sec": 0.002205789089202881,
      "is_warmup": false,
      "iteration": 1140,
      "native_traversal_sec": 0.002177954,
      "row_count": 0
    },
    {
      "elapsed_sec": 0.0019629597663879395,
      "is_warmup": false,
      "iteration": 1141,
      "native_traversal_sec": 0.001934786,
      "row_count": 0
    },
    {
      "elapsed_sec": 0.0022761598229408264,
      "is_warmup": false,
      "iteration": 1142,
      "native_traversal_sec": 0.002247516,
      "row_count": 0
    },
    {
      "elapsed_sec": 0.002029731869697571,
      "is_warmup": false,
      "iteration": 1143,
      "native_traversal_sec": 0.001999089,
      "row_count": 0
    },
    {
      "elapsed_sec": 0.001961253583431244,
      "is_warmup": false,
      "iteration": 1144,
      "native_traversal_sec": 0.001932467,
      "row_count": 0
    },
    {
      "elapsed_sec": 0.0021954402327537537,
      "is_warmup": false,
      "iteration": 1145,
      "native_traversal_sec": 0.002167124,
      "row_count": 0
    },
    {
      "elapsed_sec": 0.0019637197256088257,
      "is_warmup": false,
      "iteration": 1146,
      "native_traversal_sec": 0.001934647,
      "row_count": 0
    },
    {
      "elapsed_sec": 0.0020773857831954956,
      "is_warmup": false,
      "iteration": 1147,
      "native_traversal_sec": 0.002048761,
      "row_count": 0
    },
    {
      "elapsed_sec": 0.002023741602897644,
      "is_warmup": false,
      "iteration": 1148,
      "native_traversal_sec": 0.001995149,
      "row_count": 0
    },
    {
      "elapsed_sec": 0.0021565034985542297,
      "is_warmup": false,
      "iteration": 1149,
      "native_traversal_sec": 0.002125932,
      "row_count": 0
    },
    {
      "elapsed_sec": 0.0020134449005126953,
      "is_warmup": false,
      "iteration": 1150,
      "native_traversal_sec": 0.001984298,
      "row_count": 0
    },
    {
      "elapsed_sec": 0.0023338347673416138,
      "is_warmup": false,
      "iteration": 1151,
      "native_traversal_sec": 0.002305568,
      "row_count": 0
    },
    {
      "elapsed_sec": 0.002006739377975464,
      "is_warmup": false,
      "iteration": 1152,
      "native_traversal_sec": 0.001977528,
      "row_count": 0
    },
    {
      "elapsed_sec": 0.0020470470190048218,
      "is_warmup": false,
      "iteration": 1153,
      "native_traversal_sec": 0.002018019,
      "row_count": 0
    },
    {
      "elapsed_sec": 0.002205103635787964,
      "is_warmup": false,
      "iteration": 1154,
      "native_traversal_sec": 0.002171954,
      "row_count": 0
    },
    {
      "elapsed_sec": 0.0019656866788864136,
      "is_warmup": false,
      "iteration": 1155,
      "native_traversal_sec": 0.001937727,
      "row_count": 0
    },
    {
      "elapsed_sec": 0.0019640475511550903,
      "is_warmup": false,
      "iteration": 1156,
      "native_traversal_sec": 0.001935577,
      "row_count": 0
    },
    {
      "elapsed_sec": 0.0020210519433021545,
      "is_warmup": false,
      "iteration": 1157,
      "native_traversal_sec": 0.001993408,
      "row_count": 0
    },
    {
      "elapsed_sec": 0.0019745081663131714,
      "is_warmup": false,
      "iteration": 1158,
      "native_traversal_sec": 0.001946187,
      "row_count": 0
    },
    {
      "elapsed_sec": 0.0019123703241348267,
      "is_warmup": false,
      "iteration": 1159,
      "native_traversal_sec": 0.001883685,
      "row_count": 0
    },
    {
      "elapsed_sec": 0.0020978301763534546,
      "is_warmup": false,
      "iteration": 1160,
      "native_traversal_sec": 0.002070371,
      "row_count": 0
    },
    {
      "elapsed_sec": 0.0019420534372329712,
      "is_warmup": false,
      "iteration": 1161,
      "native_traversal_sec": 0.001913266,
      "row_count": 0
    },
    {
      "elapsed_sec": 0.0019632577896118164,
      "is_warmup": false,
      "iteration": 1162,
      "native_traversal_sec": 0.001935367,
      "row_count": 0
    },
    {
      "elapsed_sec": 0.0019050538539886475,
      "is_warmup": false,
      "iteration": 1163,
      "native_traversal_sec": 0.001876845,
      "row_count": 0
    },
    {
      "elapsed_sec": 0.0020384639501571655,
      "is_warmup": false,
      "iteration": 1164,
      "native_traversal_sec": 0.002010519,
      "row_count": 0
    },
    {
      "elapsed_sec": 0.0018987208604812622,
      "is_warmup": false,
      "iteration": 1165,
      "native_traversal_sec": 0.001871075,
      "row_count": 0
    },
    {
      "elapsed_sec": 0.0019402876496315002,
      "is_warmup": false,
      "iteration": 1166,
      "native_traversal_sec": 0.001913046,
      "row_count": 0
    },
    {
      "elapsed_sec": 0.0019366517663002014,
      "is_warmup": false,
      "iteration": 1167,
      "native_traversal_sec": 0.001905676,
      "row_count": 0
    },
    {
      "elapsed_sec": 0.0021209269762039185,
      "is_warmup": false,
      "iteration": 1168,
      "native_traversal_sec": 0.002091601,
      "row_count": 0
    },
    {
      "elapsed_sec": 0.0020322278141975403,
      "is_warmup": false,
      "iteration": 1169,
      "native_traversal_sec": 0.002001119,
      "row_count": 0
    },
    {
      "elapsed_sec": 0.0020106956362724304,
      "is_warmup": false,
      "iteration": 1170,
      "native_traversal_sec": 0.001975068,
      "row_count": 0
    },
    {
      "elapsed_sec": 0.001985304057598114,
      "is_warmup": false,
      "iteration": 1171,
      "native_traversal_sec": 0.001952027,
      "row_count": 0
    },
    {
      "elapsed_sec": 0.0019577816128730774,
      "is_warmup": false,
      "iteration": 1172,
      "native_traversal_sec": 0.001928457,
      "row_count": 0
    },
    {
      "elapsed_sec": 0.0020696669816970825,
      "is_warmup": false,
      "iteration": 1173,
      "native_traversal_sec": 0.002040729,
      "row_count": 0
    },
    {
      "elapsed_sec": 0.0019105300307273865,
      "is_warmup": false,
      "iteration": 1174,
      "native_traversal_sec": 0.001882516,
      "row_count": 0
    },
    {
      "elapsed_sec": 0.001935906708240509,
      "is_warmup": false,
      "iteration": 1175,
      "native_traversal_sec": 0.001907966,
      "row_count": 0
    },
    {
      "elapsed_sec": 0.0019251629710197449,
      "is_warmup": false,
      "iteration": 1176,
      "native_traversal_sec": 0.001897756,
      "row_count": 0
    },
    {
      "elapsed_sec": 0.0019472986459732056,
      "is_warmup": false,
      "iteration": 1177,
      "native_traversal_sec": 0.001912386,
      "row_count": 0
    },
    {
      "elapsed_sec": 0.0021214932203292847,
      "is_warmup": false,
      "iteration": 1178,
      "native_traversal_sec": 0.002092891,
      "row_count": 0
    },
    {
      "elapsed_sec": 0.0019250959157943726,
      "is_warmup": false,
      "iteration": 1179,
      "native_traversal_sec": 0.001896156,
      "row_count": 0
    },
    {
      "elapsed_sec": 0.0019398033618927002,
      "is_warmup": false,
      "iteration": 1180,
      "native_traversal_sec": 0.001905016,
      "row_count": 0
    },
    {
      "elapsed_sec": 0.0021303072571754456,
      "is_warmup": false,
      "iteration": 1181,
      "native_traversal_sec": 0.002102541,
      "row_count": 0
    },
    {
      "elapsed_sec": 0.001885630190372467,
      "is_warmup": false,
      "iteration": 1182,
      "native_traversal_sec": 0.001856945,
      "row_count": 0
    },
    {
      "elapsed_sec": 0.001902468502521515,
      "is_warmup": false,
      "iteration": 1183,
      "native_traversal_sec": 0.001874145,
      "row_count": 0
    },
    {
      "elapsed_sec": 0.0018779262900352478,
      "is_warmup": false,
      "iteration": 1184,
      "native_traversal_sec": 0.001850245,
      "row_count": 0
    },
    {
      "elapsed_sec": 0.0018593370914459229,
      "is_warmup": false,
      "iteration": 1185,
      "native_traversal_sec": 0.001831554,
      "row_count": 0
    },
    {
      "elapsed_sec": 0.0018455088138580322,
      "is_warmup": false,
      "iteration": 1186,
      "native_traversal_sec": 0.001817943,
      "row_count": 0
    },
    {
      "elapsed_sec": 0.0022102147340774536,
      "is_warmup": false,
      "iteration": 1187,
      "native_traversal_sec": 0.002182674,
      "row_count": 0
    },
    {
      "elapsed_sec": 0.0019079595804214478,
      "is_warmup": false,
      "iteration": 1188,
      "native_traversal_sec": 0.001879755,
      "row_count": 0
    },
    {
      "elapsed_sec": 0.0019393861293792725,
      "is_warmup": false,
      "iteration": 1189,
      "native_traversal_sec": 0.001911936,
      "row_count": 0
    },
    {
      "elapsed_sec": 0.0019122585654258728,
      "is_warmup": false,
      "iteration": 1190,
      "native_traversal_sec": 0.001884985,
      "row_count": 0
    },
    {
      "elapsed_sec": 0.00184670090675354,
      "is_warmup": false,
      "iteration": 1191,
      "native_traversal_sec": 0.001814794,
      "row_count": 0
    },
    {
      "elapsed_sec": 0.002090252935886383,
      "is_warmup": false,
      "iteration": 1192,
      "native_traversal_sec": 0.002062811,
      "row_count": 0
    },
    {
      "elapsed_sec": 0.001865886151790619,
      "is_warmup": false,
      "iteration": 1193,
      "native_traversal_sec": 0.001833584,
      "row_count": 0
    },
    {
      "elapsed_sec": 0.0018951445817947388,
      "is_warmup": false,
      "iteration": 1194,
      "native_traversal_sec": 0.001867444,
      "row_count": 0
    },
    {
      "elapsed_sec": 0.0018926113843917847,
      "is_warmup": false,
      "iteration": 1195,
      "native_traversal_sec": 0.001855505,
      "row_count": 0
    },
    {
      "elapsed_sec": 0.0018819794058799744,
      "is_warmup": false,
      "iteration": 1196,
      "native_traversal_sec": 0.001853504,
      "row_count": 0
    },
    {
      "elapsed_sec": 0.002140328288078308,
      "is_warmup": false,
      "iteration": 1197,
      "native_traversal_sec": 0.002112142,
      "row_count": 0
    },
    {
      "elapsed_sec": 0.0018944069743156433,
      "is_warmup": false,
      "iteration": 1198,
      "native_traversal_sec": 0.001866325,
      "row_count": 0
    },
    {
      "elapsed_sec": 0.002502240240573883,
      "is_warmup": false,
      "iteration": 1199,
      "native_traversal_sec": 0.002473822,
      "row_count": 0
    },
    {
      "elapsed_sec": 0.0020648017525672913,
      "is_warmup": false,
      "iteration": 1200,
      "native_traversal_sec": 0.00203626,
      "row_count": 0
    },
    {
      "elapsed_sec": 0.0021164268255233765,
      "is_warmup": false,
      "iteration": 1201,
      "native_traversal_sec": 0.002082101,
      "row_count": 0
    },
    {
      "elapsed_sec": 0.0020233020186424255,
      "is_warmup": false,
      "iteration": 1202,
      "native_traversal_sec": 0.001995538,
      "row_count": 0
    },
    {
      "elapsed_sec": 0.0018423274159431458,
      "is_warmup": false,
      "iteration": 1203,
      "native_traversal_sec": 0.001814643,
      "row_count": 0
    },
    {
      "elapsed_sec": 0.0018802806735038757,
      "is_warmup": false,
      "iteration": 1204,
      "native_traversal_sec": 0.001853055,
      "row_count": 0
    },
    {
      "elapsed_sec": 0.0018673986196517944,
      "is_warmup": false,
      "iteration": 1205,
      "native_traversal_sec": 0.001840224,
      "row_count": 0
    },
    {
      "elapsed_sec": 0.001960672438144684,
      "is_warmup": false,
      "iteration": 1206,
      "native_traversal_sec": 0.001933617,
      "row_count": 0
    },
    {
      "elapsed_sec": 0.0018641352653503418,
      "is_warmup": false,
      "iteration": 1207,
      "native_traversal_sec": 0.001836554,
      "row_count": 0
    },
    {
      "elapsed_sec": 0.0018664002418518066,
      "is_warmup": false,
      "iteration": 1208,
      "native_traversal_sec": 0.001838693,
      "row_count": 0
    },
    {
      "elapsed_sec": 0.0019205659627914429,
      "is_warmup": false,
      "iteration": 1209,
      "native_traversal_sec": 0.001892596,
      "row_count": 0
    },
    {
      "elapsed_sec": 0.0019930824637413025,
      "is_warmup": false,
      "iteration": 1210,
      "native_traversal_sec": 0.001965247,
      "row_count": 0
    },
    {
      "elapsed_sec": 0.0019033551216125488,
      "is_warmup": false,
      "iteration": 1211,
      "native_traversal_sec": 0.001875205,
      "row_count": 0
    },
    {
      "elapsed_sec": 0.002126827836036682,
      "is_warmup": false,
      "iteration": 1212,
      "native_traversal_sec": 0.002098752,
      "row_count": 0
    },
    {
      "elapsed_sec": 0.00194549560546875,
      "is_warmup": false,
      "iteration": 1213,
      "native_traversal_sec": 0.001914796,
      "row_count": 0
    },
    {
      "elapsed_sec": 0.0019331201910972595,
      "is_warmup": false,
      "iteration": 1214,
      "native_traversal_sec": 0.001905185,
      "row_count": 0
    },
    {
      "elapsed_sec": 0.0019418969750404358,
      "is_warmup": false,
      "iteration": 1215,
      "native_traversal_sec": 0.001913497,
      "row_count": 0
    },
    {
      "elapsed_sec": 0.0019762814044952393,
      "is_warmup": false,
      "iteration": 1216,
      "native_traversal_sec": 0.001948218,
      "row_count": 0
    },
    {
      "elapsed_sec": 0.001903139054775238,
      "is_warmup": false,
      "iteration": 1217,
      "native_traversal_sec": 0.001874625,
      "row_count": 0
    },
    {
      "elapsed_sec": 0.001942850649356842,
      "is_warmup": false,
      "iteration": 1218,
      "native_traversal_sec": 0.001914516,
      "row_count": 0
    },
    {
      "elapsed_sec": 0.0018966495990753174,
      "is_warmup": false,
      "iteration": 1219,
      "native_traversal_sec": 0.001867005,
      "row_count": 0
    },
    {
      "elapsed_sec": 0.00212695449590683,
      "is_warmup": false,
      "iteration": 1220,
      "native_traversal_sec": 0.002098322,
      "row_count": 0
    },
    {
      "elapsed_sec": 0.0019037127494812012,
      "is_warmup": false,
      "iteration": 1221,
      "native_traversal_sec": 0.001875175,
      "row_count": 0
    },
    {
      "elapsed_sec": 0.0018811076879501343,
      "is_warmup": false,
      "iteration": 1222,
      "native_traversal_sec": 0.001853835,
      "row_count": 0
    },
    {
      "elapsed_sec": 0.0018351897597312927,
      "is_warmup": false,
      "iteration": 1223,
      "native_traversal_sec": 0.001803663,
      "row_count": 0
    },
    {
      "elapsed_sec": 0.002122752368450165,
      "is_warmup": false,
      "iteration": 1224,
      "native_traversal_sec": 0.002094992,
      "row_count": 0
    },
    {
      "elapsed_sec": 0.0019390881061553955,
      "is_warmup": false,
      "iteration": 1225,
      "native_traversal_sec": 0.001910896,
      "row_count": 0
    },
    {
      "elapsed_sec": 0.0018931031227111816,
      "is_warmup": false,
      "iteration": 1226,
      "native_traversal_sec": 0.001865324,
      "row_count": 0
    },
    {
      "elapsed_sec": 0.001909308135509491,
      "is_warmup": false,
      "iteration": 1227,
      "native_traversal_sec": 0.001881875,
      "row_count": 0
    },
    {
      "elapsed_sec": 0.0021139755845069885,
      "is_warmup": false,
      "iteration": 1228,
      "native_traversal_sec": 0.002085761,
      "row_count": 0
    },
    {
      "elapsed_sec": 0.0018838122487068176,
      "is_warmup": false,
      "iteration": 1229,
      "native_traversal_sec": 0.001855975,
      "row_count": 0
    },
    {
      "elapsed_sec": 0.0018622130155563354,
      "is_warmup": false,
      "iteration": 1230,
      "native_traversal_sec": 0.001834893,
      "row_count": 0
    },
    {
      "elapsed_sec": 0.0019156858325004578,
      "is_warmup": false,
      "iteration": 1231,
      "native_traversal_sec": 0.001888816,
      "row_count": 0
    },
    {
      "elapsed_sec": 0.0024194270372390747,
      "is_warmup": false,
      "iteration": 1232,
      "native_traversal_sec": 0.00238917,
      "row_count": 0
    },
    {
      "elapsed_sec": 0.002006709575653076,
      "is_warmup": false,
      "iteration": 1233,
      "native_traversal_sec": 0.001972448,
      "row_count": 0
    },
    {
      "elapsed_sec": 0.001995861530303955,
      "is_warmup": false,
      "iteration": 1234,
      "native_traversal_sec": 0.001968488,
      "row_count": 0
    },
    {
      "elapsed_sec": 0.002143554389476776,
      "is_warmup": false,
      "iteration": 1235,
      "native_traversal_sec": 0.002115912,
      "row_count": 0
    },
    {
      "elapsed_sec": 0.002093300223350525,
      "is_warmup": false,
      "iteration": 1236,
      "native_traversal_sec": 0.002065481,
      "row_count": 0
    },
    {
      "elapsed_sec": 0.00192975252866745,
      "is_warmup": false,
      "iteration": 1237,
      "native_traversal_sec": 0.001901426,
      "row_count": 0
    },
    {
      "elapsed_sec": 0.0021272823214530945,
      "is_warmup": false,
      "iteration": 1238,
      "native_traversal_sec": 0.002099122,
      "row_count": 0
    },
    {
      "elapsed_sec": 0.00199957937002182,
      "is_warmup": false,
      "iteration": 1239,
      "native_traversal_sec": 0.001962107,
      "row_count": 0
    },
    {
      "elapsed_sec": 0.00199098140001297,
      "is_warmup": false,
      "iteration": 1240,
      "native_traversal_sec": 0.001962158,
      "row_count": 0
    },
    {
      "elapsed_sec": 0.0020001232624053955,
      "is_warmup": false,
      "iteration": 1241,
      "native_traversal_sec": 0.001970167,
      "row_count": 0
    },
    {
      "elapsed_sec": 0.0020304471254348755,
      "is_warmup": false,
      "iteration": 1242,
      "native_traversal_sec": 0.001998829,
      "row_count": 0
    },
    {
      "elapsed_sec": 0.0019703879952430725,
      "is_warmup": false,
      "iteration": 1243,
      "native_traversal_sec": 0.001940727,
      "row_count": 0
    },
    {
      "elapsed_sec": 0.0020477399230003357,
      "is_warmup": false,
      "iteration": 1244,
      "native_traversal_sec": 0.002019499,
      "row_count": 0
    },
    {
      "elapsed_sec": 0.0019304081797599792,
      "is_warmup": false,
      "iteration": 1245,
      "native_traversal_sec": 0.001896996,
      "row_count": 0
    },
    {
      "elapsed_sec": 0.0019049793481826782,
      "is_warmup": false,
      "iteration": 1246,
      "native_traversal_sec": 0.001877275,
      "row_count": 0
    },
    {
      "elapsed_sec": 0.0019169077277183533,
      "is_warmup": false,
      "iteration": 1247,
      "native_traversal_sec": 0.001889636,
      "row_count": 0
    },
    {
      "elapsed_sec": 0.0021262317895889282,
      "is_warmup": false,
      "iteration": 1248,
      "native_traversal_sec": 0.002097661,
      "row_count": 0
    },
    {
      "elapsed_sec": 0.0019207000732421875,
      "is_warmup": false,
      "iteration": 1249,
      "native_traversal_sec": 0.001892116,
      "row_count": 0
    },
    {
      "elapsed_sec": 0.002078033983707428,
      "is_warmup": false,
      "iteration": 1250,
      "native_traversal_sec": 0.00204965,
      "row_count": 0
    },
    {
      "elapsed_sec": 0.0019119232892990112,
      "is_warmup": false,
      "iteration": 1251,
      "native_traversal_sec": 0.001883375,
      "row_count": 0
    },
    {
      "elapsed_sec": 0.00218326598405838,
      "is_warmup": false,
      "iteration": 1252,
      "native_traversal_sec": 0.002154473,
      "row_count": 0
    },
    {
      "elapsed_sec": 0.001953229308128357,
      "is_warmup": false,
      "iteration": 1253,
      "native_traversal_sec": 0.001920656,
      "row_count": 0
    },
    {
      "elapsed_sec": 0.0019521787762641907,
      "is_warmup": false,
      "iteration": 1254,
      "native_traversal_sec": 0.001924577,
      "row_count": 0
    },
    {
      "elapsed_sec": 0.0019039586186408997,
      "is_warmup": false,
      "iteration": 1255,
      "native_traversal_sec": 0.001876075,
      "row_count": 0
    },
    {
      "elapsed_sec": 0.002155095338821411,
      "is_warmup": false,
      "iteration": 1256,
      "native_traversal_sec": 0.002124873,
      "row_count": 0
    },
    {
      "elapsed_sec": 0.0019524991512298584,
      "is_warmup": false,
      "iteration": 1257,
      "native_traversal_sec": 0.001919236,
      "row_count": 0
    },
    {
      "elapsed_sec": 0.0019458159804344177,
      "is_warmup": false,
      "iteration": 1258,
      "native_traversal_sec": 0.001917986,
      "row_count": 0
    },
    {
      "elapsed_sec": 0.0018906444311141968,
      "is_warmup": false,
      "iteration": 1259,
      "native_traversal_sec": 0.001861905,
      "row_count": 0
    },
    {
      "elapsed_sec": 0.002019524574279785,
      "is_warmup": false,
      "iteration": 1260,
      "native_traversal_sec": 0.001991899,
      "row_count": 0
    },
    {
      "elapsed_sec": 0.0019437074661254883,
      "is_warmup": false,
      "iteration": 1261,
      "native_traversal_sec": 0.001915616,
      "row_count": 0
    },
    {
      "elapsed_sec": 0.001935802400112152,
      "is_warmup": false,
      "iteration": 1262,
      "native_traversal_sec": 0.001905626,
      "row_count": 0
    },
    {
      "elapsed_sec": 0.00189952552318573,
      "is_warmup": false,
      "iteration": 1263,
      "native_traversal_sec": 0.001872405,
      "row_count": 0
    },
    {
      "elapsed_sec": 0.0021254941821098328,
      "is_warmup": false,
      "iteration": 1264,
      "native_traversal_sec": 0.002097822,
      "row_count": 0
    },
    {
      "elapsed_sec": 0.0019917935132980347,
      "is_warmup": false,
      "iteration": 1265,
      "native_traversal_sec": 0.001958917,
      "row_count": 0
    },
    {
      "elapsed_sec": 0.002108164131641388,
      "is_warmup": false,
      "iteration": 1266,
      "native_traversal_sec": 0.002079661,
      "row_count": 0
    },
    {
      "elapsed_sec": 0.0019213557243347168,
      "is_warmup": false,
      "iteration": 1267,
      "native_traversal_sec": 0.001893486,
      "row_count": 0
    },
    {
      "elapsed_sec": 0.0021460726857185364,
      "is_warmup": false,
      "iteration": 1268,
      "native_traversal_sec": 0.002117632,
      "row_count": 0
    },
    {
      "elapsed_sec": 0.0019648969173431396,
      "is_warmup": false,
      "iteration": 1269,
      "native_traversal_sec": 0.001934066,
      "row_count": 0
    },
    {
      "elapsed_sec": 0.0019509121775627136,
      "is_warmup": false,
      "iteration": 1270,
      "native_traversal_sec": 0.001922437,
      "row_count": 0
    },
    {
      "elapsed_sec": 0.002005249261856079,
      "is_warmup": false,
      "iteration": 1271,
      "native_traversal_sec": 0.001976118,
      "row_count": 0
    },
    {
      "elapsed_sec": 0.0019980594515800476,
      "is_warmup": false,
      "iteration": 1272,
      "native_traversal_sec": 0.001969498,
      "row_count": 0
    },
    {
      "elapsed_sec": 0.0019808709621429443,
      "is_warmup": false,
      "iteration": 1273,
      "native_traversal_sec": 0.001951617,
      "row_count": 0
    },
    {
      "elapsed_sec": 0.001994088292121887,
      "is_warmup": false,
      "iteration": 1274,
      "native_traversal_sec": 0.001965268,
      "row_count": 0
    },
    {
      "elapsed_sec": 0.0019499510526657104,
      "is_warmup": false,
      "iteration": 1275,
      "native_traversal_sec": 0.001920726,
      "row_count": 0
    },
    {
      "elapsed_sec": 0.0022289082407951355,
      "is_warmup": false,
      "iteration": 1276,
      "native_traversal_sec": 0.002199434,
      "row_count": 0
    },
    {
      "elapsed_sec": 0.002030588686466217,
      "is_warmup": false,
      "iteration": 1277,
      "native_traversal_sec": 0.002000969,
      "row_count": 0
    },
    {
      "elapsed_sec": 0.0021799057722091675,
      "is_warmup": false,
      "iteration": 1278,
      "native_traversal_sec": 0.002151373,
      "row_count": 0
    },
    {
      "elapsed_sec": 0.00195341557264328,
      "is_warmup": false,
      "iteration": 1279,
      "native_traversal_sec": 0.001924476,
      "row_count": 0
    },
    {
      "elapsed_sec": 0.0019042864441871643,
      "is_warmup": false,
      "iteration": 1280,
      "native_traversal_sec": 0.001876405,
      "row_count": 0
    },
    {
      "elapsed_sec": 0.0019817128777503967,
      "is_warmup": false,
      "iteration": 1281,
      "native_traversal_sec": 0.001948408,
      "row_count": 0
    },
    {
      "elapsed_sec": 0.0018965378403663635,
      "is_warmup": false,
      "iteration": 1282,
      "native_traversal_sec": 0.001868685,
      "row_count": 0
    },
    {
      "elapsed_sec": 0.0022658705711364746,
      "is_warmup": false,
      "iteration": 1283,
      "native_traversal_sec": 0.002210725,
      "row_count": 0
    },
    {
      "elapsed_sec": 0.001966707408428192,
      "is_warmup": false,
      "iteration": 1284,
      "native_traversal_sec": 0.001889566,
      "row_count": 0
    },
    {
      "elapsed_sec": 0.0019688680768013,
      "is_warmup": false,
      "iteration": 1285,
      "native_traversal_sec": 0.001938306,
      "row_count": 0
    },
    {
      "elapsed_sec": 0.0018977299332618713,
      "is_warmup": false,
      "iteration": 1286,
      "native_traversal_sec": 0.001868375,
      "row_count": 0
    },
    {
      "elapsed_sec": 0.0019257664680480957,
      "is_warmup": false,
      "iteration": 1287,
      "native_traversal_sec": 0.001895896,
      "row_count": 0
    },
    {
      "elapsed_sec": 0.0018956884741783142,
      "is_warmup": false,
      "iteration": 1288,
      "native_traversal_sec": 0.001866634,
      "row_count": 0
    },
    {
      "elapsed_sec": 0.0019391700625419617,
      "is_warmup": false,
      "iteration": 1289,
      "native_traversal_sec": 0.001910976,
      "row_count": 0
    },
    {
      "elapsed_sec": 0.0019560232758522034,
      "is_warmup": false,
      "iteration": 1290,
      "native_traversal_sec": 0.001927397,
      "row_count": 0
    },
    {
      "elapsed_sec": 0.0020148158073425293,
      "is_warmup": false,
      "iteration": 1291,
      "native_traversal_sec": 0.001986668,
      "row_count": 0
    },
    {
      "elapsed_sec": 0.00194627046585083,
      "is_warmup": false,
      "iteration": 1292,
      "native_traversal_sec": 0.001918036,
      "row_count": 0
    },
    {
      "elapsed_sec": 0.0019595548510551453,
      "is_warmup": false,
      "iteration": 1293,
      "native_traversal_sec": 0.001931326,
      "row_count": 0
    },
    {
      "elapsed_sec": 0.0019039884209632874,
      "is_warmup": false,
      "iteration": 1294,
      "native_traversal_sec": 0.001876485,
      "row_count": 0
    },
    {
      "elapsed_sec": 0.0019965991377830505,
      "is_warmup": false,
      "iteration": 1295,
      "native_traversal_sec": 0.001968718,
      "row_count": 0
    },
    {
      "elapsed_sec": 0.0021556466817855835,
      "is_warmup": false,
      "iteration": 1296,
      "native_traversal_sec": 0.002127332,
      "row_count": 0
    },
    {
      "elapsed_sec": 0.0019883811473846436,
      "is_warmup": false,
      "iteration": 1297,
      "native_traversal_sec": 0.001954058,
      "row_count": 0
    },
    {
      "elapsed_sec": 0.0019967779517173767,
      "is_warmup": false,
      "iteration": 1298,
      "native_traversal_sec": 0.001968807,
      "row_count": 0
    },
    {
      "elapsed_sec": 0.0021754056215286255,
      "is_warmup": false,
      "iteration": 1299,
      "native_traversal_sec": 0.002146093,
      "row_count": 0
    },
    {
      "elapsed_sec": 0.0020190179347991943,
      "is_warmup": false,
      "iteration": 1300,
      "native_traversal_sec": 0.001989778,
      "row_count": 0
    },
    {
      "elapsed_sec": 0.0019337311387062073,
      "is_warmup": false,
      "iteration": 1301,
      "native_traversal_sec": 0.001904866,
      "row_count": 0
    },
    {
      "elapsed_sec": 0.0022672414779663086,
      "is_warmup": false,
      "iteration": 1302,
      "native_traversal_sec": 0.002239236,
      "row_count": 0
    },
    {
      "elapsed_sec": 0.0019457712769508362,
      "is_warmup": false,
      "iteration": 1303,
      "native_traversal_sec": 0.001917296,
      "row_count": 0
    },
    {
      "elapsed_sec": 0.0019852295517921448,
      "is_warmup": false,
      "iteration": 1304,
      "native_traversal_sec": 0.001957307,
      "row_count": 0
    },
    {
      "elapsed_sec": 0.001950390636920929,
      "is_warmup": false,
      "iteration": 1305,
      "native_traversal_sec": 0.001922636,
      "row_count": 0
    },
    {
      "elapsed_sec": 0.001929059624671936,
      "is_warmup": false,
      "iteration": 1306,
      "native_traversal_sec": 0.001900786,
      "row_count": 0
    },
    {
      "elapsed_sec": 0.0020781010389328003,
      "is_warmup": false,
      "iteration": 1307,
      "native_traversal_sec": 0.00204812,
      "row_count": 0
    },
    {
      "elapsed_sec": 0.0019721612334251404,
      "is_warmup": false,
      "iteration": 1308,
      "native_traversal_sec": 0.001943967,
      "row_count": 0
    },
    {
      "elapsed_sec": 0.001954786479473114,
      "is_warmup": false,
      "iteration": 1309,
      "native_traversal_sec": 0.001927056,
      "row_count": 0
    },
    {
      "elapsed_sec": 0.002170346677303314,
      "is_warmup": false,
      "iteration": 1310,
      "native_traversal_sec": 0.002142303,
      "row_count": 0
    },
    {
      "elapsed_sec": 0.0019462928175926208,
      "is_warmup": false,
      "iteration": 1311,
      "native_traversal_sec": 0.001917616,
      "row_count": 0
    },
    {
      "elapsed_sec": 0.001932479441165924,
      "is_warmup": false,
      "iteration": 1312,
      "native_traversal_sec": 0.001904026,
      "row_count": 0
    },
    {
      "elapsed_sec": 0.0019144043326377869,
      "is_warmup": false,
      "iteration": 1313,
      "native_traversal_sec": 0.001886625,
      "row_count": 0
    },
    {
      "elapsed_sec": 0.0022165700793266296,
      "is_warmup": false,
      "iteration": 1314,
      "native_traversal_sec": 0.002188654,
      "row_count": 0
    },
    {
      "elapsed_sec": 0.0019205361604690552,
      "is_warmup": false,
      "iteration": 1315,
      "native_traversal_sec": 0.001892195,
      "row_count": 0
    },
    {
      "elapsed_sec": 0.0018996596336364746,
      "is_warmup": false,
      "iteration": 1316,
      "native_traversal_sec": 0.001872115,
      "row_count": 0
    },
    {
      "elapsed_sec": 0.001885153353214264,
      "is_warmup": false,
      "iteration": 1317,
      "native_traversal_sec": 0.001857965,
      "row_count": 0
    },
    {
      "elapsed_sec": 0.002114236354827881,
      "is_warmup": false,
      "iteration": 1318,
      "native_traversal_sec": 0.002086702,
      "row_count": 0
    },
    {
      "elapsed_sec": 0.001976616680622101,
      "is_warmup": false,
      "iteration": 1319,
      "native_traversal_sec": 0.001948167,
      "row_count": 0
    },
    {
      "elapsed_sec": 0.0019317194819450378,
      "is_warmup": false,
      "iteration": 1320,
      "native_traversal_sec": 0.001903555,
      "row_count": 0
    },
    {
      "elapsed_sec": 0.0019809380173683167,
      "is_warmup": false,
      "iteration": 1321,
      "native_traversal_sec": 0.001942437,
      "row_count": 0
    },
    {
      "elapsed_sec": 0.001975312829017639,
      "is_warmup": false,
      "iteration": 1322,
      "native_traversal_sec": 0.001947207,
      "row_count": 0
    },
    {
      "elapsed_sec": 0.0022020116448402405,
      "is_warmup": false,
      "iteration": 1323,
      "native_traversal_sec": 0.002174224,
      "row_count": 0
    },
    {
      "elapsed_sec": 0.0019693300127983093,
      "is_warmup": false,
      "iteration": 1324,
      "native_traversal_sec": 0.001936887,
      "row_count": 0
    },
    {
      "elapsed_sec": 0.001967810094356537,
      "is_warmup": false,
      "iteration": 1325,
      "native_traversal_sec": 0.001940117,
      "row_count": 0
    },
    {
      "elapsed_sec": 0.002017974853515625,
      "is_warmup": false,
      "iteration": 1326,
      "native_traversal_sec": 0.001989288,
      "row_count": 0
    },
    {
      "elapsed_sec": 0.0021015703678131104,
      "is_warmup": false,
      "iteration": 1327,
      "native_traversal_sec": 0.002072381,
      "row_count": 0
    },
    {
      "elapsed_sec": 0.0019583627581596375,
      "is_warmup": false,
      "iteration": 1328,
      "native_traversal_sec": 0.001922766,
      "row_count": 0
    },
    {
      "elapsed_sec": 0.002021506428718567,
      "is_warmup": false,
      "iteration": 1329,
      "native_traversal_sec": 0.001993108,
      "row_count": 0
    },
    {
      "elapsed_sec": 0.0025051161646842957,
      "is_warmup": false,
      "iteration": 1330,
      "native_traversal_sec": 0.002475463,
      "row_count": 0
    },
    {
      "elapsed_sec": 0.0021266713738441467,
      "is_warmup": false,
      "iteration": 1331,
      "native_traversal_sec": 0.002098071,
      "row_count": 0
    },
    {
      "elapsed_sec": 0.002377420663833618,
      "is_warmup": false,
      "iteration": 1332,
      "native_traversal_sec": 0.002348689,
      "row_count": 0
    },
    {
      "elapsed_sec": 0.0019527971744537354,
      "is_warmup": false,
      "iteration": 1333,
      "native_traversal_sec": 0.001923917,
      "row_count": 0
    },
    {
      "elapsed_sec": 0.001987650990486145,
      "is_warmup": false,
      "iteration": 1334,
      "native_traversal_sec": 0.001960008,
      "row_count": 0
    },
    {
      "elapsed_sec": 0.001979060471057892,
      "is_warmup": false,
      "iteration": 1335,
      "native_traversal_sec": 0.001951307,
      "row_count": 0
    },
    {
      "elapsed_sec": 0.002066567540168762,
      "is_warmup": false,
      "iteration": 1336,
      "native_traversal_sec": 0.00203778,
      "row_count": 0
    },
    {
      "elapsed_sec": 0.001980416476726532,
      "is_warmup": false,
      "iteration": 1337,
      "native_traversal_sec": 0.001952077,
      "row_count": 0
    },
    {
      "elapsed_sec": 0.0019851624965667725,
      "is_warmup": false,
      "iteration": 1338,
      "native_traversal_sec": 0.001955577,
      "row_count": 0
    },
    {
      "elapsed_sec": 0.0019296258687973022,
      "is_warmup": false,
      "iteration": 1339,
      "native_traversal_sec": 0.001898346,
      "row_count": 0
    },
    {
      "elapsed_sec": 0.001972414553165436,
      "is_warmup": false,
      "iteration": 1340,
      "native_traversal_sec": 0.001945107,
      "row_count": 0
    },
    {
      "elapsed_sec": 0.0019478648900985718,
      "is_warmup": false,
      "iteration": 1341,
      "native_traversal_sec": 0.001920096,
      "row_count": 0
    },
    {
      "elapsed_sec": 0.001958608627319336,
      "is_warmup": false,
      "iteration": 1342,
      "native_traversal_sec": 0.001931136,
      "row_count": 0
    },
    {
      "elapsed_sec": 0.0018752962350845337,
      "is_warmup": false,
      "iteration": 1343,
      "native_traversal_sec": 0.001847874,
      "row_count": 0
    },
    {
      "elapsed_sec": 0.0021808594465255737,
      "is_warmup": false,
      "iteration": 1344,
      "native_traversal_sec": 0.002153483,
      "row_count": 0
    },
    {
      "elapsed_sec": 0.001939624547958374,
      "is_warmup": false,
      "iteration": 1345,
      "native_traversal_sec": 0.001911576,
      "row_count": 0
    },
    {
      "elapsed_sec": 0.001942172646522522,
      "is_warmup": false,
      "iteration": 1346,
      "native_traversal_sec": 0.001914736,
      "row_count": 0
    },
    {
      "elapsed_sec": 0.0019460693001747131,
      "is_warmup": false,
      "iteration": 1347,
      "native_traversal_sec": 0.001918387,
      "row_count": 0
    },
    {
      "elapsed_sec": 0.0021779239177703857,
      "is_warmup": false,
      "iteration": 1348,
      "native_traversal_sec": 0.002150793,
      "row_count": 0
    },
    {
      "elapsed_sec": 0.0019103065133094788,
      "is_warmup": false,
      "iteration": 1349,
      "native_traversal_sec": 0.001882075,
      "row_count": 0
    },
    {
      "elapsed_sec": 0.0021078214049339294,
      "is_warmup": false,
      "iteration": 1350,
      "native_traversal_sec": 0.002080751,
      "row_count": 0
    },
    {
      "elapsed_sec": 0.001921914517879486,
      "is_warmup": false,
      "iteration": 1351,
      "native_traversal_sec": 0.001892636,
      "row_count": 0
    },
    {
      "elapsed_sec": 0.0019256770610809326,
      "is_warmup": false,
      "iteration": 1352,
      "native_traversal_sec": 0.001894485,
      "row_count": 0
    },
    {
      "elapsed_sec": 0.0019092336297035217,
      "is_warmup": false,
      "iteration": 1353,
      "native_traversal_sec": 0.001881035,
      "row_count": 0
    },
    {
      "elapsed_sec": 0.002105697989463806,
      "is_warmup": false,
      "iteration": 1354,
      "native_traversal_sec": 0.002078841,
      "row_count": 0
    },
    {
      "elapsed_sec": 0.001893259584903717,
      "is_warmup": false,
      "iteration": 1355,
      "native_traversal_sec": 0.001865545,
      "row_count": 0
    },
    {
      "elapsed_sec": 0.0019349157810211182,
      "is_warmup": false,
      "iteration": 1356,
      "native_traversal_sec": 0.001908236,
      "row_count": 0
    },
    {
      "elapsed_sec": 0.0019482150673866272,
      "is_warmup": false,
      "iteration": 1357,
      "native_traversal_sec": 0.001920847,
      "row_count": 0
    },
    {
      "elapsed_sec": 0.0021580830216407776,
      "is_warmup": false,
      "iteration": 1358,
      "native_traversal_sec": 0.002129492,
      "row_count": 0
    },
    {
      "elapsed_sec": 0.0019527971744537354,
      "is_warmup": false,
      "iteration": 1359,
      "native_traversal_sec": 0.001924176,
      "row_count": 0
    },
    {
      "elapsed_sec": 0.00196181982755661,
      "is_warmup": false,
      "iteration": 1360,
      "native_traversal_sec": 0.001929187,
      "row_count": 0
    },
    {
      "elapsed_sec": 0.0019610151648521423,
      "is_warmup": false,
      "iteration": 1361,
      "native_traversal_sec": 0.001932447,
      "row_count": 0
    },
    {
      "elapsed_sec": 0.002161070704460144,
      "is_warmup": false,
      "iteration": 1362,
      "native_traversal_sec": 0.002133293,
      "row_count": 0
    },
    {
      "elapsed_sec": 0.0019275695085525513,
      "is_warmup": false,
      "iteration": 1363,
      "native_traversal_sec": 0.001899686,
      "row_count": 0
    },
    {
      "elapsed_sec": 0.0022541284561157227,
      "is_warmup": false,
      "iteration": 1364,
      "native_traversal_sec": 0.002225786,
      "row_count": 0
    },
    {
      "elapsed_sec": 0.0019317641854286194,
      "is_warmup": false,
      "iteration": 1365,
      "native_traversal_sec": 0.001904596,
      "row_count": 0
    },
    {
      "elapsed_sec": 0.002119913697242737,
      "is_warmup": false,
      "iteration": 1366,
      "native_traversal_sec": 0.002092392,
      "row_count": 0
    },
    {
      "elapsed_sec": 0.0019111037254333496,
      "is_warmup": false,
      "iteration": 1367,
      "native_traversal_sec": 0.001882845,
      "row_count": 0
    },
    {
      "elapsed_sec": 0.0019238144159317017,
      "is_warmup": false,
      "iteration": 1368,
      "native_traversal_sec": 0.001896075,
      "row_count": 0
    },
    {
      "elapsed_sec": 0.0020259469747543335,
      "is_warmup": false,
      "iteration": 1369,
      "native_traversal_sec": 0.001997229,
      "row_count": 0
    },
    {
      "elapsed_sec": 0.0020595714449882507,
      "is_warmup": false,
      "iteration": 1370,
      "native_traversal_sec": 0.002030789,
      "row_count": 0
    },
    {
      "elapsed_sec": 0.0019326955080032349,
      "is_warmup": false,
      "iteration": 1371,
      "native_traversal_sec": 0.001897226,
      "row_count": 0
    },
    {
      "elapsed_sec": 0.0019435659050941467,
      "is_warmup": false,
      "iteration": 1372,
      "native_traversal_sec": 0.001916076,
      "row_count": 0
    },
    {
      "elapsed_sec": 0.0018772408366203308,
      "is_warmup": false,
      "iteration": 1373,
      "native_traversal_sec": 0.001849374,
      "row_count": 0
    },
    {
      "elapsed_sec": 0.0021297186613082886,
      "is_warmup": false,
      "iteration": 1374,
      "native_traversal_sec": 0.002100612,
      "row_count": 0
    },
    {
      "elapsed_sec": 0.0019972100853919983,
      "is_warmup": false,
      "iteration": 1375,
      "native_traversal_sec": 0.001966837,
      "row_count": 0
    },
    {
      "elapsed_sec": 0.0020192191004753113,
      "is_warmup": false,
      "iteration": 1376,
      "native_traversal_sec": 0.001990409,
      "row_count": 0
    },
    {
      "elapsed_sec": 0.001985609531402588,
      "is_warmup": false,
      "iteration": 1377,
      "native_traversal_sec": 0.001956747,
      "row_count": 0
    },
    {
      "elapsed_sec": 0.0019427984952926636,
      "is_warmup": false,
      "iteration": 1378,
      "native_traversal_sec": 0.001913576,
      "row_count": 0
    },
    {
      "elapsed_sec": 0.00199127197265625,
      "is_warmup": false,
      "iteration": 1379,
      "native_traversal_sec": 0.001963067,
      "row_count": 0
    },
    {
      "elapsed_sec": 0.0020587295293807983,
      "is_warmup": false,
      "iteration": 1380,
      "native_traversal_sec": 0.00203115,
      "row_count": 0
    },
    {
      "elapsed_sec": 0.0019135922193527222,
      "is_warmup": false,
      "iteration": 1381,
      "native_traversal_sec": 0.001886165,
      "row_count": 0
    },
    {
      "elapsed_sec": 0.0019910410046577454,
      "is_warmup": false,
      "iteration": 1382,
      "native_traversal_sec": 0.001962757,
      "row_count": 0
    },
    {
      "elapsed_sec": 0.0019399523735046387,
      "is_warmup": false,
      "iteration": 1383,
      "native_traversal_sec": 0.001912606,
      "row_count": 0
    },
    {
      "elapsed_sec": 0.0020798668265342712,
      "is_warmup": false,
      "iteration": 1384,
      "native_traversal_sec": 0.002046571,
      "row_count": 0
    },
    {
      "elapsed_sec": 0.0019518360495567322,
      "is_warmup": false,
      "iteration": 1385,
      "native_traversal_sec": 0.001923497,
      "row_count": 0
    },
    {
      "elapsed_sec": 0.0019626691937446594,
      "is_warmup": false,
      "iteration": 1386,
      "native_traversal_sec": 0.001934776,
      "row_count": 0
    },
    {
      "elapsed_sec": 0.0019228234887123108,
      "is_warmup": false,
      "iteration": 1387,
      "native_traversal_sec": 0.001895426,
      "row_count": 0
    },
    {
      "elapsed_sec": 0.0022052526473999023,
      "is_warmup": false,
      "iteration": 1388,
      "native_traversal_sec": 0.002177804,
      "row_count": 0
    },
    {
      "elapsed_sec": 0.0019163638353347778,
      "is_warmup": false,
      "iteration": 1389,
      "native_traversal_sec": 0.001888336,
      "row_count": 0
    },
    {
      "elapsed_sec": 0.00197611004114151,
      "is_warmup": false,
      "iteration": 1390,
      "native_traversal_sec": 0.001948707,
      "row_count": 0
    },
    {
      "elapsed_sec": 0.0020225346088409424,
      "is_warmup": false,
      "iteration": 1391,
      "native_traversal_sec": 0.001992008,
      "row_count": 0
    },
    {
      "elapsed_sec": 0.0021419376134872437,
      "is_warmup": false,
      "iteration": 1392,
      "native_traversal_sec": 0.002107912,
      "row_count": 0
    },
    {
      "elapsed_sec": 0.0020448490977287292,
      "is_warmup": false,
      "iteration": 1393,
      "native_traversal_sec": 0.002013519,
      "row_count": 0
    },
    {
      "elapsed_sec": 0.002028226852416992,
      "is_warmup": false,
      "iteration": 1394,
      "native_traversal_sec": 0.001999109,
      "row_count": 0
    },
    {
      "elapsed_sec": 0.002014733850955963,
      "is_warmup": false,
      "iteration": 1395,
      "native_traversal_sec": 0.001986558,
      "row_count": 0
    },
    {
      "elapsed_sec": 0.0019818544387817383,
      "is_warmup": false,
      "iteration": 1396,
      "native_traversal_sec": 0.001953097,
      "row_count": 0
    },
    {
      "elapsed_sec": 0.002009250223636627,
      "is_warmup": false,
      "iteration": 1397,
      "native_traversal_sec": 0.001980818,
      "row_count": 0
    },
    {
      "elapsed_sec": 0.001926034688949585,
      "is_warmup": false,
      "iteration": 1398,
      "native_traversal_sec": 0.001898086,
      "row_count": 0
    },
    {
      "elapsed_sec": 0.001997441053390503,
      "is_warmup": false,
      "iteration": 1399,
      "native_traversal_sec": 0.001967118,
      "row_count": 0
    },
    {
      "elapsed_sec": 0.002072058618068695,
      "is_warmup": false,
      "iteration": 1400,
      "native_traversal_sec": 0.00204269,
      "row_count": 0
    },
    {
      "elapsed_sec": 0.002053380012512207,
      "is_warmup": false,
      "iteration": 1401,
      "native_traversal_sec": 0.002023149,
      "row_count": 0
    },
    {
      "elapsed_sec": 0.0019355863332748413,
      "is_warmup": false,
      "iteration": 1402,
      "native_traversal_sec": 0.001907326,
      "row_count": 0
    },
    {
      "elapsed_sec": 0.0019299164414405823,
      "is_warmup": false,
      "iteration": 1403,
      "native_traversal_sec": 0.001900526,
      "row_count": 0
    },
    {
      "elapsed_sec": 0.0022750049829483032,
      "is_warmup": false,
      "iteration": 1404,
      "native_traversal_sec": 0.002244636,
      "row_count": 0
    },
    {
      "elapsed_sec": 0.0019083693623542786,
      "is_warmup": false,
      "iteration": 1405,
      "native_traversal_sec": 0.001880326,
      "row_count": 0
    },
    {
      "elapsed_sec": 0.0020913779735565186,
      "is_warmup": false,
      "iteration": 1406,
      "native_traversal_sec": 0.002062991,
      "row_count": 0
    },
    {
      "elapsed_sec": 0.0018768757581710815,
      "is_warmup": false,
      "iteration": 1407,
      "native_traversal_sec": 0.001848364,
      "row_count": 0
    },
    {
      "elapsed_sec": 0.00218934565782547,
      "is_warmup": false,
      "iteration": 1408,
      "native_traversal_sec": 0.002161483,
      "row_count": 0
    },
    {
      "elapsed_sec": 0.0019343048334121704,
      "is_warmup": false,
      "iteration": 1409,
      "native_traversal_sec": 0.001899186,
      "row_count": 0
    },
    {
      "elapsed_sec": 0.001931414008140564,
      "is_warmup": false,
      "iteration": 1410,
      "native_traversal_sec": 0.001904166,
      "row_count": 0
    },
    {
      "elapsed_sec": 0.0018955394625663757,
      "is_warmup": false,
      "iteration": 1411,
      "native_traversal_sec": 0.001867665,
      "row_count": 0
    },
    {
      "elapsed_sec": 0.0020562410354614258,
      "is_warmup": false,
      "iteration": 1412,
      "native_traversal_sec": 0.00202879,
      "row_count": 0
    },
    {
      "elapsed_sec": 0.0019351467490196228,
      "is_warmup": false,
      "iteration": 1413,
      "native_traversal_sec": 0.001906516,
      "row_count": 0
    },
    {
      "elapsed_sec": 0.0019424259662628174,
      "is_warmup": false,
      "iteration": 1414,
      "native_traversal_sec": 0.001914676,
      "row_count": 0
    },
    {
      "elapsed_sec": 0.0019062981009483337,
      "is_warmup": false,
      "iteration": 1415,
      "native_traversal_sec": 0.001878965,
      "row_count": 0
    },
    {
      "elapsed_sec": 0.0021162480115890503,
      "is_warmup": false,
      "iteration": 1416,
      "native_traversal_sec": 0.002088842,
      "row_count": 0
    },
    {
      "elapsed_sec": 0.0019303038716316223,
      "is_warmup": false,
      "iteration": 1417,
      "native_traversal_sec": 0.001901545,
      "row_count": 0
    },
    {
      "elapsed_sec": 0.0019249245524406433,
      "is_warmup": false,
      "iteration": 1418,
      "native_traversal_sec": 0.001897126,
      "row_count": 0
    },
    {
      "elapsed_sec": 0.0018976032733917236,
      "is_warmup": false,
      "iteration": 1419,
      "native_traversal_sec": 0.001870305,
      "row_count": 0
    },
    {
      "elapsed_sec": 0.002247743308544159,
      "is_warmup": false,
      "iteration": 1420,
      "native_traversal_sec": 0.002219376,
      "row_count": 0
    },
    {
      "elapsed_sec": 0.002124488353729248,
      "is_warmup": false,
      "iteration": 1421,
      "native_traversal_sec": 0.002096402,
      "row_count": 0
    },
    {
      "elapsed_sec": 0.0024371519684791565,
      "is_warmup": false,
      "iteration": 1422,
      "native_traversal_sec": 0.0024091,
      "row_count": 0
    },
    {
      "elapsed_sec": 0.001930229365825653,
      "is_warmup": false,
      "iteration": 1423,
      "native_traversal_sec": 0.001900306,
      "row_count": 0
    },
    {
      "elapsed_sec": 0.00195920467376709,
      "is_warmup": false,
      "iteration": 1424,
      "native_traversal_sec": 0.001923767,
      "row_count": 0
    },
    {
      "elapsed_sec": 0.0019355863332748413,
      "is_warmup": false,
      "iteration": 1425,
      "native_traversal_sec": 0.001907366,
      "row_count": 0
    },
    {
      "elapsed_sec": 0.0019295364618301392,
      "is_warmup": false,
      "iteration": 1426,
      "native_traversal_sec": 0.001901656,
      "row_count": 0
    },
    {
      "elapsed_sec": 0.0021984726190567017,
      "is_warmup": false,
      "iteration": 1427,
      "native_traversal_sec": 0.002170564,
      "row_count": 0
    },
    {
      "elapsed_sec": 0.002036735415458679,
      "is_warmup": false,
      "iteration": 1428,
      "native_traversal_sec": 0.002008379,
      "row_count": 0
    },
    {
      "elapsed_sec": 0.0019890740513801575,
      "is_warmup": false,
      "iteration": 1429,
      "native_traversal_sec": 0.001956548,
      "row_count": 0
    },
    {
      "elapsed_sec": 0.0019811242818832397,
      "is_warmup": false,
      "iteration": 1430,
      "native_traversal_sec": 0.001952737,
      "row_count": 0
    },
    {
      "elapsed_sec": 0.002024218440055847,
      "is_warmup": false,
      "iteration": 1431,
      "native_traversal_sec": 0.001990878,
      "row_count": 0
    },
    {
      "elapsed_sec": 0.0019435137510299683,
      "is_warmup": false,
      "iteration": 1432,
      "native_traversal_sec": 0.001915576,
      "row_count": 0
    },
    {
      "elapsed_sec": 0.0019931942224502563,
      "is_warmup": false,
      "iteration": 1433,
      "native_traversal_sec": 0.001964648,
      "row_count": 0
    },
    {
      "elapsed_sec": 0.0020807012915611267,
      "is_warmup": false,
      "iteration": 1434,
      "native_traversal_sec": 0.0020521,
      "row_count": 0
    },
    {
      "elapsed_sec": 0.0019470974802970886,
      "is_warmup": false,
      "iteration": 1435,
      "native_traversal_sec": 0.001915566,
      "row_count": 0
    },
    {
      "elapsed_sec": 0.0019358471035957336,
      "is_warmup": false,
      "iteration": 1436,
      "native_traversal_sec": 0.001907656,
      "row_count": 0
    },
    {
      "elapsed_sec": 0.0019185692071914673,
      "is_warmup": false,
      "iteration": 1437,
      "native_traversal_sec": 0.001890715,
      "row_count": 0
    },
    {
      "elapsed_sec": 0.0021183639764785767,
      "is_warmup": false,
      "iteration": 1438,
      "native_traversal_sec": 0.002090362,
      "row_count": 0
    },
    {
      "elapsed_sec": 0.0019356757402420044,
      "is_warmup": false,
      "iteration": 1439,
      "native_traversal_sec": 0.001907206,
      "row_count": 0
    },
    {
      "elapsed_sec": 0.0020221322774887085,
      "is_warmup": false,
      "iteration": 1440,
      "native_traversal_sec": 0.001993829,
      "row_count": 0
    },
    {
      "elapsed_sec": 0.001948229968547821,
      "is_warmup": false,
      "iteration": 1441,
      "native_traversal_sec": 0.001919616,
      "row_count": 0
    },
    {
      "elapsed_sec": 0.0021610185503959656,
      "is_warmup": false,
      "iteration": 1442,
      "native_traversal_sec": 0.002133112,
      "row_count": 0
    },
    {
      "elapsed_sec": 0.0019801855087280273,
      "is_warmup": false,
      "iteration": 1443,
      "native_traversal_sec": 0.001951498,
      "row_count": 0
    },
    {
      "elapsed_sec": 0.00197640061378479,
      "is_warmup": false,
      "iteration": 1444,
      "native_traversal_sec": 0.001948308,
      "row_count": 0
    },
    {
      "elapsed_sec": 0.00209721177816391,
      "is_warmup": false,
      "iteration": 1445,
      "native_traversal_sec": 0.002070181,
      "row_count": 0
    },
    {
      "elapsed_sec": 0.002067364752292633,
      "is_warmup": false,
      "iteration": 1446,
      "native_traversal_sec": 0.00203902,
      "row_count": 0
    },
    {
      "elapsed_sec": 0.0021037235856056213,
      "is_warmup": false,
      "iteration": 1447,
      "native_traversal_sec": 0.002071771,
      "row_count": 0
    },
    {
      "elapsed_sec": 0.002020716667175293,
      "is_warmup": false,
      "iteration": 1448,
      "native_traversal_sec": 0.001984438,
      "row_count": 0
    },
    {
      "elapsed_sec": 0.0020012706518173218,
      "is_warmup": false,
      "iteration": 1449,
      "native_traversal_sec": 0.001972328,
      "row_count": 0
    },
    {
      "elapsed_sec": 0.0020105689764022827,
      "is_warmup": false,
      "iteration": 1450,
      "native_traversal_sec": 0.001982069,
      "row_count": 0
    },
    {
      "elapsed_sec": 0.0020151659846305847,
      "is_warmup": false,
      "iteration": 1451,
      "native_traversal_sec": 0.001982078,
      "row_count": 0
    },
    {
      "elapsed_sec": 0.0019124522805213928,
      "is_warmup": false,
      "iteration": 1452,
      "native_traversal_sec": 0.001883995,
      "row_count": 0
    },
    {
      "elapsed_sec": 0.0019203275442123413,
      "is_warmup": false,
      "iteration": 1453,
      "native_traversal_sec": 0.001892705,
      "row_count": 0
    },
    {
      "elapsed_sec": 0.0019424036145210266,
      "is_warmup": false,
      "iteration": 1454,
      "native_traversal_sec": 0.001915096,
      "row_count": 0
    },
    {
      "elapsed_sec": 0.0020865947008132935,
      "is_warmup": false,
      "iteration": 1455,
      "native_traversal_sec": 0.002054381,
      "row_count": 0
    },
    {
      "elapsed_sec": 0.0020178332924842834,
      "is_warmup": false,
      "iteration": 1456,
      "native_traversal_sec": 0.001989579,
      "row_count": 0
    },
    {
      "elapsed_sec": 0.001949302852153778,
      "is_warmup": false,
      "iteration": 1457,
      "native_traversal_sec": 0.001920616,
      "row_count": 0
    },
    {
      "elapsed_sec": 0.001957930624485016,
      "is_warmup": false,
      "iteration": 1458,
      "native_traversal_sec": 0.001927676,
      "row_count": 0
    },
    {
      "elapsed_sec": 0.0019131451845169067,
      "is_warmup": false,
      "iteration": 1459,
      "native_traversal_sec": 0.001886006,
      "row_count": 0
    },
    {
      "elapsed_sec": 0.0019797608256340027,
      "is_warmup": false,
      "iteration": 1460,
      "native_traversal_sec": 0.001951867,
      "row_count": 0
    },
    {
      "elapsed_sec": 0.001937180757522583,
      "is_warmup": false,
      "iteration": 1461,
      "native_traversal_sec": 0.001909866,
      "row_count": 0
    },
    {
      "elapsed_sec": 0.002164386212825775,
      "is_warmup": false,
      "iteration": 1462,
      "native_traversal_sec": 0.002136743,
      "row_count": 0
    },
    {
      "elapsed_sec": 0.001949116587638855,
      "is_warmup": false,
      "iteration": 1463,
      "native_traversal_sec": 0.001921406,
      "row_count": 0
    },
    {
      "elapsed_sec": 0.0022448748350143433,
      "is_warmup": false,
      "iteration": 1464,
      "native_traversal_sec": 0.002216595,
      "row_count": 0
    },
    {
      "elapsed_sec": 0.0020590946078300476,
      "is_warmup": false,
      "iteration": 1465,
      "native_traversal_sec": 0.00203087,
      "row_count": 0
    },
    {
      "elapsed_sec": 0.0019471049308776855,
      "is_warmup": false,
      "iteration": 1466,
      "native_traversal_sec": 0.001918886,
      "row_count": 0
    },
    {
      "elapsed_sec": 0.0020140931010246277,
      "is_warmup": false,
      "iteration": 1467,
      "native_traversal_sec": 0.001986608,
      "row_count": 0
    },
    {
      "elapsed_sec": 0.0019402951002120972,
      "is_warmup": false,
      "iteration": 1468,
      "native_traversal_sec": 0.001912466,
      "row_count": 0
    },
    {
      "elapsed_sec": 0.0019971951842308044,
      "is_warmup": false,
      "iteration": 1469,
      "native_traversal_sec": 0.001970148,
      "row_count": 0
    },
    {
      "elapsed_sec": 0.0019396543502807617,
      "is_warmup": false,
      "iteration": 1470,
      "native_traversal_sec": 0.001912207,
      "row_count": 0
    },
    {
      "elapsed_sec": 0.002088285982608795,
      "is_warmup": false,
      "iteration": 1471,
      "native_traversal_sec": 0.002061041,
      "row_count": 0
    },
    {
      "elapsed_sec": 0.0020195767283439636,
      "is_warmup": false,
      "iteration": 1472,
      "native_traversal_sec": 0.001991638,
      "row_count": 0
    },
    {
      "elapsed_sec": 0.001907065510749817,
      "is_warmup": false,
      "iteration": 1473,
      "native_traversal_sec": 0.001878995,
      "row_count": 0
    },
    {
      "elapsed_sec": 0.0019155144691467285,
      "is_warmup": false,
      "iteration": 1474,
      "native_traversal_sec": 0.001887975,
      "row_count": 0
    },
    {
      "elapsed_sec": 0.0018693208694458008,
      "is_warmup": false,
      "iteration": 1475,
      "native_traversal_sec": 0.001842614,
      "row_count": 0
    },
    {
      "elapsed_sec": 0.002133406698703766,
      "is_warmup": false,
      "iteration": 1476,
      "native_traversal_sec": 0.002105762,
      "row_count": 0
    },
    {
      "elapsed_sec": 0.00193864107131958,
      "is_warmup": false,
      "iteration": 1477,
      "native_traversal_sec": 0.001910406,
      "row_count": 0
    },
    {
      "elapsed_sec": 0.0019527152180671692,
      "is_warmup": false,
      "iteration": 1478,
      "native_traversal_sec": 0.001925806,
      "row_count": 0
    },
    {
      "elapsed_sec": 0.0019178539514541626,
      "is_warmup": false,
      "iteration": 1479,
      "native_traversal_sec": 0.001890685,
      "row_count": 0
    },
    {
      "elapsed_sec": 0.0021467208862304688,
      "is_warmup": false,
      "iteration": 1480,
      "native_traversal_sec": 0.002118612,
      "row_count": 0
    },
    {
      "elapsed_sec": 0.0019522607326507568,
      "is_warmup": false,
      "iteration": 1481,
      "native_traversal_sec": 0.001924607,
      "row_count": 0
    },
    {
      "elapsed_sec": 0.0019707754254341125,
      "is_warmup": false,
      "iteration": 1482,
      "native_traversal_sec": 0.001943477,
      "row_count": 0
    },
    {
      "elapsed_sec": 0.002164870500564575,
      "is_warmup": false,
      "iteration": 1483,
      "native_traversal_sec": 0.002137553,
      "row_count": 0
    },
    {
      "elapsed_sec": 0.0019405856728553772,
      "is_warmup": false,
      "iteration": 1484,
      "native_traversal_sec": 0.001912526,
      "row_count": 0
    },
    {
      "elapsed_sec": 0.002217330038547516,
      "is_warmup": false,
      "iteration": 1485,
      "native_traversal_sec": 0.002188844,
      "row_count": 0
    },
    {
      "elapsed_sec": 0.002020806074142456,
      "is_warmup": false,
      "iteration": 1486,
      "native_traversal_sec": 0.001992338,
      "row_count": 0
    },
    {
      "elapsed_sec": 0.0019475370645523071,
      "is_warmup": false,
      "iteration": 1487,
      "native_traversal_sec": 0.001914477,
      "row_count": 0
    },
    {
      "elapsed_sec": 0.002099178731441498,
      "is_warmup": false,
      "iteration": 1488,
      "native_traversal_sec": 0.00207076,
      "row_count": 0
    },
    {
      "elapsed_sec": 0.0020191222429275513,
      "is_warmup": false,
      "iteration": 1489,
      "native_traversal_sec": 0.001991019,
      "row_count": 0
    },
    {
      "elapsed_sec": 0.001908719539642334,
      "is_warmup": false,
      "iteration": 1490,
      "native_traversal_sec": 0.001880436,
      "row_count": 0
    },
    {
      "elapsed_sec": 0.0019124075770378113,
      "is_warmup": false,
      "iteration": 1491,
      "native_traversal_sec": 0.001884686,
      "row_count": 0
    },
    {
      "elapsed_sec": 0.0020796433091163635,
      "is_warmup": false,
      "iteration": 1492,
      "native_traversal_sec": 0.00205146,
      "row_count": 0
    },
    {
      "elapsed_sec": 0.001978471875190735,
      "is_warmup": false,
      "iteration": 1493,
      "native_traversal_sec": 0.001946447,
      "row_count": 0
    },
    {
      "elapsed_sec": 0.001925937831401825,
      "is_warmup": false,
      "iteration": 1494,
      "native_traversal_sec": 0.001892925,
      "row_count": 0
    },
    {
      "elapsed_sec": 0.0019450858235359192,
      "is_warmup": false,
      "iteration": 1495,
      "native_traversal_sec": 0.001917466,
      "row_count": 0
    },
    {
      "elapsed_sec": 0.002012677490711212,
      "is_warmup": false,
      "iteration": 1496,
      "native_traversal_sec": 0.001984149,
      "row_count": 0
    },
    {
      "elapsed_sec": 0.001950770616531372,
      "is_warmup": false,
      "iteration": 1497,
      "native_traversal_sec": 0.001922627,
      "row_count": 0
    },
    {
      "elapsed_sec": 0.0019089952111244202,
      "is_warmup": false,
      "iteration": 1498,
      "native_traversal_sec": 0.001881495,
      "row_count": 0
    },
    {
      "elapsed_sec": 0.0018936023116111755,
      "is_warmup": false,
      "iteration": 1499,
      "native_traversal_sec": 0.001866464,
      "row_count": 0
    },
    {
      "elapsed_sec": 0.001903139054775238,
      "is_warmup": false,
      "iteration": 1500,
      "native_traversal_sec": 0.001875045,
      "row_count": 0
    },
    {
      "elapsed_sec": 0.0020710602402687073,
      "is_warmup": false,
      "iteration": 1501,
      "native_traversal_sec": 0.00204349,
      "row_count": 0
    },
    {
      "elapsed_sec": 0.0019414573907852173,
      "is_warmup": false,
      "iteration": 1502,
      "native_traversal_sec": 0.001913026,
      "row_count": 0
    },
    {
      "elapsed_sec": 0.0019583329558372498,
      "is_warmup": false,
      "iteration": 1503,
      "native_traversal_sec": 0.001931227,
      "row_count": 0
    },
    {
      "elapsed_sec": 0.0023594871163368225,
      "is_warmup": false,
      "iteration": 1504,
      "native_traversal_sec": 0.002331419,
      "row_count": 0
    },
    {
      "elapsed_sec": 0.0019123852252960205,
      "is_warmup": false,
      "iteration": 1505,
      "native_traversal_sec": 0.001884315,
      "row_count": 0
    },
    {
      "elapsed_sec": 0.001923486590385437,
      "is_warmup": false,
      "iteration": 1506,
      "native_traversal_sec": 0.001895815,
      "row_count": 0
    },
    {
      "elapsed_sec": 0.0019006282091140747,
      "is_warmup": false,
      "iteration": 1507,
      "native_traversal_sec": 0.001871915,
      "row_count": 0
    },
    {
      "elapsed_sec": 0.0022981837391853333,
      "is_warmup": false,
      "iteration": 1508,
      "native_traversal_sec": 0.002242266,
      "row_count": 0
    },
    {
      "elapsed_sec": 0.0020279735326766968,
      "is_warmup": false,
      "iteration": 1509,
      "native_traversal_sec": 0.001950757,
      "row_count": 0
    },
    {
      "elapsed_sec": 0.002097673714160919,
      "is_warmup": false,
      "iteration": 1510,
      "native_traversal_sec": 0.002067351,
      "row_count": 0
    },
    {
      "elapsed_sec": 0.002044267952442169,
      "is_warmup": false,
      "iteration": 1511,
      "native_traversal_sec": 0.002014679,
      "row_count": 0
    },
    {
      "elapsed_sec": 0.002006150782108307,
      "is_warmup": false,
      "iteration": 1512,
      "native_traversal_sec": 0.001971748,
      "row_count": 0
    },
    {
      "elapsed_sec": 0.0020239874720573425,
      "is_warmup": false,
      "iteration": 1513,
      "native_traversal_sec": 0.001995298,
      "row_count": 0
    },
    {
      "elapsed_sec": 0.0020403340458869934,
      "is_warmup": false,
      "iteration": 1514,
      "native_traversal_sec": 0.002011499,
      "row_count": 0
    },
    {
      "elapsed_sec": 0.002052485942840576,
      "is_warmup": false,
      "iteration": 1515,
      "native_traversal_sec": 0.002022239,
      "row_count": 0
    },
    {
      "elapsed_sec": 0.002227380871772766,
      "is_warmup": false,
      "iteration": 1516,
      "native_traversal_sec": 0.002191455,
      "row_count": 0
    },
    {
      "elapsed_sec": 0.0019802600145339966,
      "is_warmup": false,
      "iteration": 1517,
      "native_traversal_sec": 0.001950957,
      "row_count": 0
    },
    {
      "elapsed_sec": 0.002148471772670746,
      "is_warmup": false,
      "iteration": 1518,
      "native_traversal_sec": 0.001918896,
      "row_count": 0
    },
    {
      "elapsed_sec": 0.0019637644290924072,
      "is_warmup": false,
      "iteration": 1519,
      "native_traversal_sec": 0.001930787,
      "row_count": 0
    },
    {
      "elapsed_sec": 0.0020081475377082825,
      "is_warmup": false,
      "iteration": 1520,
      "native_traversal_sec": 0.001980258,
      "row_count": 0
    },
    {
      "elapsed_sec": 0.0021201297640800476,
      "is_warmup": false,
      "iteration": 1521,
      "native_traversal_sec": 0.002092421,
      "row_count": 0
    },
    {
      "elapsed_sec": 0.0020013079047203064,
      "is_warmup": false,
      "iteration": 1522,
      "native_traversal_sec": 0.001972998,
      "row_count": 0
    },
    {
      "elapsed_sec": 0.0021096542477607727,
      "is_warmup": false,
      "iteration": 1523,
      "native_traversal_sec": 0.002081832,
      "row_count": 0
    },
    {
      "elapsed_sec": 0.0019423812627792358,
      "is_warmup": false,
      "iteration": 1524,
      "native_traversal_sec": 0.001914897,
      "row_count": 0
    },
    {
      "elapsed_sec": 0.0019794106483459473,
      "is_warmup": false,
      "iteration": 1525,
      "native_traversal_sec": 0.001952158,
      "row_count": 0
    },
    {
      "elapsed_sec": 0.00196007639169693,
      "is_warmup": false,
      "iteration": 1526,
      "native_traversal_sec": 0.001932586,
      "row_count": 0
    },
    {
      "elapsed_sec": 0.002163834869861603,
      "is_warmup": false,
      "iteration": 1527,
      "native_traversal_sec": 0.002135823,
      "row_count": 0
    },
    {
      "elapsed_sec": 0.0019215717911720276,
      "is_warmup": false,
      "iteration": 1528,
      "native_traversal_sec": 0.001893865,
      "row_count": 0
    },
    {
      "elapsed_sec": 0.0019781067967414856,
      "is_warmup": false,
      "iteration": 1529,
      "native_traversal_sec": 0.001950757,
      "row_count": 0
    },
    {
      "elapsed_sec": 0.0019134804606437683,
      "is_warmup": false,
      "iteration": 1530,
      "native_traversal_sec": 0.001885245,
      "row_count": 0
    },
    {
      "elapsed_sec": 0.002037912607192993,
      "is_warmup": false,
      "iteration": 1531,
      "native_traversal_sec": 0.002010229,
      "row_count": 0
    },
    {
      "elapsed_sec": 0.0019217133522033691,
      "is_warmup": false,
      "iteration": 1532,
      "native_traversal_sec": 0.001893896,
      "row_count": 0
    },
    {
      "elapsed_sec": 0.0019428953528404236,
      "is_warmup": false,
      "iteration": 1533,
      "native_traversal_sec": 0.001915097,
      "row_count": 0
    },
    {
      "elapsed_sec": 0.001898162066936493,
      "is_warmup": false,
      "iteration": 1534,
      "native_traversal_sec": 0.001871015,
      "row_count": 0
    },
    {
      "elapsed_sec": 0.0022006630897521973,
      "is_warmup": false,
      "iteration": 1535,
      "native_traversal_sec": 0.002172904,
      "row_count": 0
    },
    {
      "elapsed_sec": 0.0022302567958831787,
      "is_warmup": false,
      "iteration": 1536,
      "native_traversal_sec": 0.002202664,
      "row_count": 0
    },
    {
      "elapsed_sec": 0.0022126585245132446,
      "is_warmup": false,
      "iteration": 1537,
      "native_traversal_sec": 0.002183464,
      "row_count": 0
    },
    {
      "elapsed_sec": 0.001972705125808716,
      "is_warmup": false,
      "iteration": 1538,
      "native_traversal_sec": 0.001944457,
      "row_count": 0
    },
    {
      "elapsed_sec": 0.002030670642852783,
      "is_warmup": false,
      "iteration": 1539,
      "native_traversal_sec": 0.002002059,
      "row_count": 0
    },
    {
      "elapsed_sec": 0.00202874094247818,
      "is_warmup": false,
      "iteration": 1540,
      "native_traversal_sec": 0.002000859,
      "row_count": 0
    },
    {
      "elapsed_sec": 0.0020138397812843323,
      "is_warmup": false,
      "iteration": 1541,
      "native_traversal_sec": 0.001985298,
      "row_count": 0
    },
    {
      "elapsed_sec": 0.002257399260997772,
      "is_warmup": false,
      "iteration": 1542,
      "native_traversal_sec": 0.002228375,
      "row_count": 0
    },
    {
      "elapsed_sec": 0.0021122023463249207,
      "is_warmup": false,
      "iteration": 1543,
      "native_traversal_sec": 0.002075861,
      "row_count": 0
    },
    {
      "elapsed_sec": 0.002022199332714081,
      "is_warmup": false,
      "iteration": 1544,
      "native_traversal_sec": 0.001993028,
      "row_count": 0
    },
    {
      "elapsed_sec": 0.0021271631121635437,
      "is_warmup": false,
      "iteration": 1545,
      "native_traversal_sec": 0.002098212,
      "row_count": 0
    },
    {
      "elapsed_sec": 0.002134948968887329,
      "is_warmup": false,
      "iteration": 1546,
      "native_traversal_sec": 0.002104861,
      "row_count": 0
    },
    {
      "elapsed_sec": 0.0022853612899780273,
      "is_warmup": false,
      "iteration": 1547,
      "native_traversal_sec": 0.002256176,
      "row_count": 0
    },
    {
      "elapsed_sec": 0.00202130526304245,
      "is_warmup": false,
      "iteration": 1548,
      "native_traversal_sec": 0.001992429,
      "row_count": 0
    },
    {
      "elapsed_sec": 0.0019423142075538635,
      "is_warmup": false,
      "iteration": 1549,
      "native_traversal_sec": 0.001914376,
      "row_count": 0
    },
    {
      "elapsed_sec": 0.0020927563309669495,
      "is_warmup": false,
      "iteration": 1550,
      "native_traversal_sec": 0.00206264,
      "row_count": 0
    },
    {
      "elapsed_sec": 0.001974150538444519,
      "is_warmup": false,
      "iteration": 1551,
      "native_traversal_sec": 0.001935417,
      "row_count": 0
    },
    {
      "elapsed_sec": 0.0020214691758155823,
      "is_warmup": false,
      "iteration": 1552,
      "native_traversal_sec": 0.001991209,
      "row_count": 0
    },
    {
      "elapsed_sec": 0.0020309537649154663,
      "is_warmup": false,
      "iteration": 1553,
      "native_traversal_sec": 0.002001738,
      "row_count": 0
    },
    {
      "elapsed_sec": 0.0020066648721694946,
      "is_warmup": false,
      "iteration": 1554,
      "native_traversal_sec": 0.001972408,
      "row_count": 0
    },
    {
      "elapsed_sec": 0.0019719675183296204,
      "is_warmup": false,
      "iteration": 1555,
      "native_traversal_sec": 0.001941887,
      "row_count": 0
    },
    {
      "elapsed_sec": 0.0020073428750038147,
      "is_warmup": false,
      "iteration": 1556,
      "native_traversal_sec": 0.001977338,
      "row_count": 0
    },
    {
      "elapsed_sec": 0.0020990148186683655,
      "is_warmup": false,
      "iteration": 1557,
      "native_traversal_sec": 0.002069551,
      "row_count": 0
    },
    {
      "elapsed_sec": 0.0020082518458366394,
      "is_warmup": false,
      "iteration": 1558,
      "native_traversal_sec": 0.001979088,
      "row_count": 0
    },
    {
      "elapsed_sec": 0.001957997679710388,
      "is_warmup": false,
      "iteration": 1559,
      "native_traversal_sec": 0.001929656,
      "row_count": 0
    },
    {
      "elapsed_sec": 0.0021395906805992126,
      "is_warmup": false,
      "iteration": 1560,
      "native_traversal_sec": 0.002111292,
      "row_count": 0
    },
    {
      "elapsed_sec": 0.0022461339831352234,
      "is_warmup": false,
      "iteration": 1561,
      "native_traversal_sec": 0.002209445,
      "row_count": 0
    },
    {
      "elapsed_sec": 0.0023136287927627563,
      "is_warmup": false,
      "iteration": 1562,
      "native_traversal_sec": 0.002284167,
      "row_count": 0
    },
    {
      "elapsed_sec": 0.0019253343343734741,
      "is_warmup": false,
      "iteration": 1563,
      "native_traversal_sec": 0.001891855,
      "row_count": 0
    },
    {
      "elapsed_sec": 0.0019940584897994995,
      "is_warmup": false,
      "iteration": 1564,
      "native_traversal_sec": 0.001964408,
      "row_count": 0
    },
    {
      "elapsed_sec": 0.0019381344318389893,
      "is_warmup": false,
      "iteration": 1565,
      "native_traversal_sec": 0.001909356,
      "row_count": 0
    },
    {
      "elapsed_sec": 0.0019089356064796448,
      "is_warmup": false,
      "iteration": 1566,
      "native_traversal_sec": 0.001881215,
      "row_count": 0
    },
    {
      "elapsed_sec": 0.0019353777170181274,
      "is_warmup": false,
      "iteration": 1567,
      "native_traversal_sec": 0.001907196,
      "row_count": 0
    },
    {
      "elapsed_sec": 0.001942463219165802,
      "is_warmup": false,
      "iteration": 1568,
      "native_traversal_sec": 0.001913107,
      "row_count": 0
    },
    {
      "elapsed_sec": 0.0019486546516418457,
      "is_warmup": false,
      "iteration": 1569,
      "native_traversal_sec": 0.001919476,
      "row_count": 0
    },
    {
      "elapsed_sec": 0.0019523203372955322,
      "is_warmup": false,
      "iteration": 1570,
      "native_traversal_sec": 0.001924046,
      "row_count": 0
    },
    {
      "elapsed_sec": 0.0019276365637779236,
      "is_warmup": false,
      "iteration": 1571,
      "native_traversal_sec": 0.001898986,
      "row_count": 0
    },
    {
      "elapsed_sec": 0.0019068196415901184,
      "is_warmup": false,
      "iteration": 1572,
      "native_traversal_sec": 0.001878815,
      "row_count": 0
    },
    {
      "elapsed_sec": 0.001987472176551819,
      "is_warmup": false,
      "iteration": 1573,
      "native_traversal_sec": 0.001959027,
      "row_count": 0
    },
    {
      "elapsed_sec": 0.001912623643875122,
      "is_warmup": false,
      "iteration": 1574,
      "native_traversal_sec": 0.001882355,
      "row_count": 0
    },
    {
      "elapsed_sec": 0.0018714815378189087,
      "is_warmup": false,
      "iteration": 1575,
      "native_traversal_sec": 0.001842664,
      "row_count": 0
    },
    {
      "elapsed_sec": 0.002119995653629303,
      "is_warmup": false,
      "iteration": 1576,
      "native_traversal_sec": 0.002085691,
      "row_count": 0
    },
    {
      "elapsed_sec": 0.0019161999225616455,
      "is_warmup": false,
      "iteration": 1577,
      "native_traversal_sec": 0.001887226,
      "row_count": 0
    },
    {
      "elapsed_sec": 0.002237975597381592,
      "is_warmup": false,
      "iteration": 1578,
      "native_traversal_sec": 0.002209174,
      "row_count": 0
    },
    {
      "elapsed_sec": 0.0019119083881378174,
      "is_warmup": false,
      "iteration": 1579,
      "native_traversal_sec": 0.001878355,
      "row_count": 0
    },
    {
      "elapsed_sec": 0.0020540431141853333,
      "is_warmup": false,
      "iteration": 1580,
      "native_traversal_sec": 0.002025009,
      "row_count": 0
    },
    {
      "elapsed_sec": 0.0019011572003364563,
      "is_warmup": false,
      "iteration": 1581,
      "native_traversal_sec": 0.001864255,
      "row_count": 0
    },
    {
      "elapsed_sec": 0.0020342469215393066,
      "is_warmup": false,
      "iteration": 1582,
      "native_traversal_sec": 0.002001519,
      "row_count": 0
    },
    {
      "elapsed_sec": 0.0019087716937065125,
      "is_warmup": false,
      "iteration": 1583,
      "native_traversal_sec": 0.001880275,
      "row_count": 0
    },
    {
      "elapsed_sec": 0.002055615186691284,
      "is_warmup": false,
      "iteration": 1584,
      "native_traversal_sec": 0.00202727,
      "row_count": 0
    },
    {
      "elapsed_sec": 0.001909881830215454,
      "is_warmup": false,
      "iteration": 1585,
      "native_traversal_sec": 0.001881295,
      "row_count": 0
    },
    {
      "elapsed_sec": 0.0019565075635910034,
      "is_warmup": false,
      "iteration": 1586,
      "native_traversal_sec": 0.001929126,
      "row_count": 0
    },
    {
      "elapsed_sec": 0.0019695162773132324,
      "is_warmup": false,
      "iteration": 1587,
      "native_traversal_sec": 0.001941237,
      "row_count": 0
    },
    {
      "elapsed_sec": 0.0020393654704093933,
      "is_warmup": false,
      "iteration": 1588,
      "native_traversal_sec": 0.002010359,
      "row_count": 0
    },
    {
      "elapsed_sec": 0.0019203945994377136,
      "is_warmup": false,
      "iteration": 1589,
      "native_traversal_sec": 0.001891585,
      "row_count": 0
    },
    {
      "elapsed_sec": 0.0018903836607933044,
      "is_warmup": false,
      "iteration": 1590,
      "native_traversal_sec": 0.001862025,
      "row_count": 0
    },
    {
      "elapsed_sec": 0.0018859133124351501,
      "is_warmup": false,
      "iteration": 1591,
      "native_traversal_sec": 0.001855934,
      "row_count": 0
    },
    {
      "elapsed_sec": 0.0021044686436653137,
      "is_warmup": false,
      "iteration": 1592,
      "native_traversal_sec": 0.002076351,
      "row_count": 0
    },
    {
      "elapsed_sec": 0.0019694119691848755,
      "is_warmup": false,
      "iteration": 1593,
      "native_traversal_sec": 0.001940587,
      "row_count": 0
    },
    {
      "elapsed_sec": 0.0019171759486198425,
      "is_warmup": false,
      "iteration": 1594,
      "native_traversal_sec": 0.001888285,
      "row_count": 0
    },
    {
      "elapsed_sec": 0.0019410550594329834,
      "is_warmup": false,
      "iteration": 1595,
      "native_traversal_sec": 0.001913466,
      "row_count": 0
    },
    {
      "elapsed_sec": 0.0019400790333747864,
      "is_warmup": false,
      "iteration": 1596,
      "native_traversal_sec": 0.001911676,
      "row_count": 0
    },
    {
      "elapsed_sec": 0.0021678656339645386,
      "is_warmup": false,
      "iteration": 1597,
      "native_traversal_sec": 0.002140203,
      "row_count": 0
    },
    {
      "elapsed_sec": 0.0019649043679237366,
      "is_warmup": false,
      "iteration": 1598,
      "native_traversal_sec": 0.001936587,
      "row_count": 0
    },
    {
      "elapsed_sec": 0.0019179582595825195,
      "is_warmup": false,
      "iteration": 1599,
      "native_traversal_sec": 0.001890246,
      "row_count": 0
    },
    {
      "elapsed_sec": 0.0019924044609069824,
      "is_warmup": false,
      "iteration": 1600,
      "native_traversal_sec": 0.001965057,
      "row_count": 0
    },
    {
      "elapsed_sec": 0.001962505280971527,
      "is_warmup": false,
      "iteration": 1601,
      "native_traversal_sec": 0.001933947,
      "row_count": 0
    },
    {
      "elapsed_sec": 0.0021781623363494873,
      "is_warmup": false,
      "iteration": 1602,
      "native_traversal_sec": 0.002149933,
      "row_count": 0
    },
    {
      "elapsed_sec": 0.0019404590129852295,
      "is_warmup": false,
      "iteration": 1603,
      "native_traversal_sec": 0.001912396,
      "row_count": 0
    },
    {
      "elapsed_sec": 0.0019335746765136719,
      "is_warmup": false,
      "iteration": 1604,
      "native_traversal_sec": 0.001905956,
      "row_count": 0
    },
    {
      "elapsed_sec": 0.0018812566995620728,
      "is_warmup": false,
      "iteration": 1605,
      "native_traversal_sec": 0.001853765,
      "row_count": 0
    },
    {
      "elapsed_sec": 0.0019047632813453674,
      "is_warmup": false,
      "iteration": 1606,
      "native_traversal_sec": 0.001876765,
      "row_count": 0
    },
    {
      "elapsed_sec": 0.0022210627794265747,
      "is_warmup": false,
      "iteration": 1607,
      "native_traversal_sec": 0.002193564,
      "row_count": 0
    },
    {
      "elapsed_sec": 0.0019513145089149475,
      "is_warmup": false,
      "iteration": 1608,
      "native_traversal_sec": 0.001923016,
      "row_count": 0
    },
    {
      "elapsed_sec": 0.0019118711352348328,
      "is_warmup": false,
      "iteration": 1609,
      "native_traversal_sec": 0.001884025,
      "row_count": 0
    },
    {
      "elapsed_sec": 0.0019237026572227478,
      "is_warmup": false,
      "iteration": 1610,
      "native_traversal_sec": 0.001895556,
      "row_count": 0
    },
    {
      "elapsed_sec": 0.0022080987691879272,
      "is_warmup": false,
      "iteration": 1611,
      "native_traversal_sec": 0.002180494,
      "row_count": 0
    },
    {
      "elapsed_sec": 0.0020197629928588867,
      "is_warmup": false,
      "iteration": 1612,
      "native_traversal_sec": 0.001991388,
      "row_count": 0
    },
    {
      "elapsed_sec": 0.001997716724872589,
      "is_warmup": false,
      "iteration": 1613,
      "native_traversal_sec": 0.001969938,
      "row_count": 0
    },
    {
      "elapsed_sec": 0.002043195068836212,
      "is_warmup": false,
      "iteration": 1614,
      "native_traversal_sec": 0.002009759,
      "row_count": 0
    },
    {
      "elapsed_sec": 0.0023131221532821655,
      "is_warmup": false,
      "iteration": 1615,
      "native_traversal_sec": 0.002284477,
      "row_count": 0
    },
    {
      "elapsed_sec": 0.0019412413239479065,
      "is_warmup": false,
      "iteration": 1616,
      "native_traversal_sec": 0.001911836,
      "row_count": 0
    },
    {
      "elapsed_sec": 0.0019331946969032288,
      "is_warmup": false,
      "iteration": 1617,
      "native_traversal_sec": 0.001905696,
      "row_count": 0
    },
    {
      "elapsed_sec": 0.0019262507557868958,
      "is_warmup": false,
      "iteration": 1618,
      "native_traversal_sec": 0.001897926,
      "row_count": 0
    },
    {
      "elapsed_sec": 0.0021704211831092834,
      "is_warmup": false,
      "iteration": 1619,
      "native_traversal_sec": 0.002142392,
      "row_count": 0
    },
    {
      "elapsed_sec": 0.001944616436958313,
      "is_warmup": false,
      "iteration": 1620,
      "native_traversal_sec": 0.001916126,
      "row_count": 0
    },
    {
      "elapsed_sec": 0.0019429400563240051,
      "is_warmup": false,
      "iteration": 1621,
      "native_traversal_sec": 0.001910567,
      "row_count": 0
    },
    {
      "elapsed_sec": 0.001936197280883789,
      "is_warmup": false,
      "iteration": 1622,
      "native_traversal_sec": 0.001908446,
      "row_count": 0
    },
    {
      "elapsed_sec": 0.002122655510902405,
      "is_warmup": false,
      "iteration": 1623,
      "native_traversal_sec": 0.002094802,
      "row_count": 0
    },
    {
      "elapsed_sec": 0.0019173622131347656,
      "is_warmup": false,
      "iteration": 1624,
      "native_traversal_sec": 0.001889195,
      "row_count": 0
    },
    {
      "elapsed_sec": 0.0019504725933074951,
      "is_warmup": false,
      "iteration": 1625,
      "native_traversal_sec": 0.001921856,
      "row_count": 0
    },
    {
      "elapsed_sec": 0.001882903277873993,
      "is_warmup": false,
      "iteration": 1626,
      "native_traversal_sec": 0.001854834,
      "row_count": 0
    },
    {
      "elapsed_sec": 0.002229064702987671,
      "is_warmup": false,
      "iteration": 1627,
      "native_traversal_sec": 0.002198585,
      "row_count": 0
    },
    {
      "elapsed_sec": 0.0019278675317764282,
      "is_warmup": false,
      "iteration": 1628,
      "native_traversal_sec": 0.001899836,
      "row_count": 0
    },
    {
      "elapsed_sec": 0.001933865249156952,
      "is_warmup": false,
      "iteration": 1629,
      "native_traversal_sec": 0.001904856,
      "row_count": 0
    },
    {
      "elapsed_sec": 0.0019691884517669678,
      "is_warmup": false,
      "iteration": 1630,
      "native_traversal_sec": 0.001940627,
      "row_count": 0
    },
    {
      "elapsed_sec": 0.0022120401263237,
      "is_warmup": false,
      "iteration": 1631,
      "native_traversal_sec": 0.002182914,
      "row_count": 0
    },
    {
      "elapsed_sec": 0.0019613951444625854,
      "is_warmup": false,
      "iteration": 1632,
      "native_traversal_sec": 0.001932537,
      "row_count": 0
    },
    {
      "elapsed_sec": 0.0019741207361221313,
      "is_warmup": false,
      "iteration": 1633,
      "native_traversal_sec": 0.001946478,
      "row_count": 0
    },
    {
      "elapsed_sec": 0.0019107908010482788,
      "is_warmup": false,
      "iteration": 1634,
      "native_traversal_sec": 0.001882356,
      "row_count": 0
    },
    {
      "elapsed_sec": 0.0021727904677391052,
      "is_warmup": false,
      "iteration": 1635,
      "native_traversal_sec": 0.002145053,
      "row_count": 0
    },
    {
      "elapsed_sec": 0.0019572600722312927,
      "is_warmup": false,
      "iteration": 1636,
      "native_traversal_sec": 0.001928657,
      "row_count": 0
    },
    {
      "elapsed_sec": 0.001988708972930908,
      "is_warmup": false,
      "iteration": 1637,
      "native_traversal_sec": 0.001961307,
      "row_count": 0
    },
    {
      "elapsed_sec": 0.0020230114459991455,
      "is_warmup": false,
      "iteration": 1638,
      "native_traversal_sec": 0.001992019,
      "row_count": 0
    },
    {
      "elapsed_sec": 0.002212800085544586,
      "is_warmup": false,
      "iteration": 1639,
      "native_traversal_sec": 0.002179384,
      "row_count": 0
    },
    {
      "elapsed_sec": 0.001940898597240448,
      "is_warmup": false,
      "iteration": 1640,
      "native_traversal_sec": 0.001904066,
      "row_count": 0
    },
    {
      "elapsed_sec": 0.001987054944038391,
      "is_warmup": false,
      "iteration": 1641,
      "native_traversal_sec": 0.001958988,
      "row_count": 0
    },
    {
      "elapsed_sec": 0.0019021257758140564,
      "is_warmup": false,
      "iteration": 1642,
      "native_traversal_sec": 0.001874215,
      "row_count": 0
    },
    {
      "elapsed_sec": 0.00218210369348526,
      "is_warmup": false,
      "iteration": 1643,
      "native_traversal_sec": 0.002148243,
      "row_count": 0
    },
    {
      "elapsed_sec": 0.0019185841083526611,
      "is_warmup": false,
      "iteration": 1644,
      "native_traversal_sec": 0.001889765,
      "row_count": 0
    },
    {
      "elapsed_sec": 0.0019399374723434448,
      "is_warmup": false,
      "iteration": 1645,
      "native_traversal_sec": 0.001912076,
      "row_count": 0
    },
    {
      "elapsed_sec": 0.0019716769456863403,
      "is_warmup": false,
      "iteration": 1646,
      "native_traversal_sec": 0.001938457,
      "row_count": 0
    },
    {
      "elapsed_sec": 0.002188749611377716,
      "is_warmup": false,
      "iteration": 1647,
      "native_traversal_sec": 0.002160053,
      "row_count": 0
    },
    {
      "elapsed_sec": 0.0019235983490943909,
      "is_warmup": false,
      "iteration": 1648,
      "native_traversal_sec": 0.001895736,
      "row_count": 0
    },
    {
      "elapsed_sec": 0.0019403621554374695,
      "is_warmup": false,
      "iteration": 1649,
      "native_traversal_sec": 0.001912956,
      "row_count": 0
    },
    {
      "elapsed_sec": 0.001996830105781555,
      "is_warmup": false,
      "iteration": 1650,
      "native_traversal_sec": 0.001968628,
      "row_count": 0
    },
    {
      "elapsed_sec": 0.002205587923526764,
      "is_warmup": false,
      "iteration": 1651,
      "native_traversal_sec": 0.002178154,
      "row_count": 0
    },
    {
      "elapsed_sec": 0.001998685300350189,
      "is_warmup": false,
      "iteration": 1652,
      "native_traversal_sec": 0.001970878,
      "row_count": 0
    },
    {
      "elapsed_sec": 0.0019392594695091248,
      "is_warmup": false,
      "iteration": 1653,
      "native_traversal_sec": 0.001911816,
      "row_count": 0
    },
    {
      "elapsed_sec": 0.0019324570894241333,
      "is_warmup": false,
      "iteration": 1654,
      "native_traversal_sec": 0.001904846,
      "row_count": 0
    },
    {
      "elapsed_sec": 0.0021257326006889343,
      "is_warmup": false,
      "iteration": 1655,
      "native_traversal_sec": 0.001877985,
      "row_count": 0
    },
    {
      "elapsed_sec": 0.0019450709223747253,
      "is_warmup": false,
      "iteration": 1656,
      "native_traversal_sec": 0.001917086,
      "row_count": 0
    },
    {
      "elapsed_sec": 0.001926235854625702,
      "is_warmup": false,
      "iteration": 1657,
      "native_traversal_sec": 0.001898725,
      "row_count": 0
    },
    {
      "elapsed_sec": 0.0019785165786743164,
      "is_warmup": false,
      "iteration": 1658,
      "native_traversal_sec": 0.001943637,
      "row_count": 0
    },
    {
      "elapsed_sec": 0.0021691694855690002,
      "is_warmup": false,
      "iteration": 1659,
      "native_traversal_sec": 0.002141603,
      "row_count": 0
    },
    {
      "elapsed_sec": 0.001968957483768463,
      "is_warmup": false,
      "iteration": 1660,
      "native_traversal_sec": 0.001940157,
      "row_count": 0
    },
    {
      "elapsed_sec": 0.0019506961107254028,
      "is_warmup": false,
      "iteration": 1661,
      "native_traversal_sec": 0.001922956,
      "row_count": 0
    },
    {
      "elapsed_sec": 0.0018961727619171143,
      "is_warmup": false,
      "iteration": 1662,
      "native_traversal_sec": 0.001868195,
      "row_count": 0
    },
    {
      "elapsed_sec": 0.0021688640117645264,
      "is_warmup": false,
      "iteration": 1663,
      "native_traversal_sec": 0.002140302,
      "row_count": 0
    },
    {
      "elapsed_sec": 0.0019438713788986206,
      "is_warmup": false,
      "iteration": 1664,
      "native_traversal_sec": 0.001910216,
      "row_count": 0
    },
    {
      "elapsed_sec": 0.0019914433360099792,
      "is_warmup": false,
      "iteration": 1665,
      "native_traversal_sec": 0.001963108,
      "row_count": 0
    },
    {
      "elapsed_sec": 0.001903437077999115,
      "is_warmup": false,
      "iteration": 1666,
      "native_traversal_sec": 0.001875625,
      "row_count": 0
    },
    {
      "elapsed_sec": 0.0021622925996780396,
      "is_warmup": false,
      "iteration": 1667,
      "native_traversal_sec": 0.002133692,
      "row_count": 0
    },
    {
      "elapsed_sec": 0.0019291192293167114,
      "is_warmup": false,
      "iteration": 1668,
      "native_traversal_sec": 0.001900876,
      "row_count": 0
    },
    {
      "elapsed_sec": 0.002004176378250122,
      "is_warmup": false,
      "iteration": 1669,
      "native_traversal_sec": 0.001975968,
      "row_count": 0
    },
    {
      "elapsed_sec": 0.0019023418426513672,
      "is_warmup": false,
      "iteration": 1670,
      "native_traversal_sec": 0.001873505,
      "row_count": 0
    },
    {
      "elapsed_sec": 0.0022214651107788086,
      "is_warmup": false,
      "iteration": 1671,
      "native_traversal_sec": 0.002192924,
      "row_count": 0
    },
    {
      "elapsed_sec": 0.0019762814044952393,
      "is_warmup": false,
      "iteration": 1672,
      "native_traversal_sec": 0.001947367,
      "row_count": 0
    },
    {
      "elapsed_sec": 0.0020023658871650696,
      "is_warmup": false,
      "iteration": 1673,
      "native_traversal_sec": 0.001973758,
      "row_count": 0
    },
    {
      "elapsed_sec": 0.0019061118364334106,
      "is_warmup": false,
      "iteration": 1674,
      "native_traversal_sec": 0.001877475,
      "row_count": 0
    },
    {
      "elapsed_sec": 0.002197258174419403,
      "is_warmup": false,
      "iteration": 1675,
      "native_traversal_sec": 0.002169153,
      "row_count": 0
    },
    {
      "elapsed_sec": 0.001987941563129425,
      "is_warmup": false,
      "iteration": 1676,
      "native_traversal_sec": 0.001959127,
      "row_count": 0
    },
    {
      "elapsed_sec": 0.0019779354333877563,
      "is_warmup": false,
      "iteration": 1677,
      "native_traversal_sec": 0.001950328,
      "row_count": 0
    },
    {
      "elapsed_sec": 0.0021585896611213684,
      "is_warmup": false,
      "iteration": 1678,
      "native_traversal_sec": 0.002124842,
      "row_count": 0
    },
    {
      "elapsed_sec": 0.0019450187683105469,
      "is_warmup": false,
      "iteration": 1679,
      "native_traversal_sec": 0.001916966,
      "row_count": 0
    },
    {
      "elapsed_sec": 0.0019100755453109741,
      "is_warmup": false,
      "iteration": 1680,
      "native_traversal_sec": 0.001882405,
      "row_count": 0
    },
    {
      "elapsed_sec": 0.0019288435578346252,
      "is_warmup": false,
      "iteration": 1681,
      "native_traversal_sec": 0.001900886,
      "row_count": 0
    },
    {
      "elapsed_sec": 0.0021341294050216675,
      "is_warmup": false,
      "iteration": 1682,
      "native_traversal_sec": 0.002104691,
      "row_count": 0
    },
    {
      "elapsed_sec": 0.001986458897590637,
      "is_warmup": false,
      "iteration": 1683,
      "native_traversal_sec": 0.001958648,
      "row_count": 0
    },
    {
      "elapsed_sec": 0.0019364580512046814,
      "is_warmup": false,
      "iteration": 1684,
      "native_traversal_sec": 0.001908376,
      "row_count": 0
    },
    {
      "elapsed_sec": 0.001970820128917694,
      "is_warmup": false,
      "iteration": 1685,
      "native_traversal_sec": 0.001942767,
      "row_count": 0
    },
    {
      "elapsed_sec": 0.0021127983927726746,
      "is_warmup": false,
      "iteration": 1686,
      "native_traversal_sec": 0.002085301,
      "row_count": 0
    },
    {
      "elapsed_sec": 0.0019154399633407593,
      "is_warmup": false,
      "iteration": 1687,
      "native_traversal_sec": 0.001887336,
      "row_count": 0
    },
    {
      "elapsed_sec": 0.0019635260105133057,
      "is_warmup": false,
      "iteration": 1688,
      "native_traversal_sec": 0.001936347,
      "row_count": 0
    },
    {
      "elapsed_sec": 0.0019157156348228455,
      "is_warmup": false,
      "iteration": 1689,
      "native_traversal_sec": 0.001888276,
      "row_count": 0
    },
    {
      "elapsed_sec": 0.0021728798747062683,
      "is_warmup": false,
      "iteration": 1690,
      "native_traversal_sec": 0.002144983,
      "row_count": 0
    },
    {
      "elapsed_sec": 0.0019433274865150452,
      "is_warmup": false,
      "iteration": 1691,
      "native_traversal_sec": 0.001915396,
      "row_count": 0
    },
    {
      "elapsed_sec": 0.002024807035923004,
      "is_warmup": false,
      "iteration": 1692,
      "native_traversal_sec": 0.001996589,
      "row_count": 0
    },
    {
      "elapsed_sec": 0.0019687116146087646,
      "is_warmup": false,
      "iteration": 1693,
      "native_traversal_sec": 0.001940297,
      "row_count": 0
    },
    {
      "elapsed_sec": 0.002190828323364258,
      "is_warmup": false,
      "iteration": 1694,
      "native_traversal_sec": 0.002162364,
      "row_count": 0
    },
    {
      "elapsed_sec": 0.0019214898347854614,
      "is_warmup": false,
      "iteration": 1695,
      "native_traversal_sec": 0.001893225,
      "row_count": 0
    },
    {
      "elapsed_sec": 0.0019363388419151306,
      "is_warmup": false,
      "iteration": 1696,
      "native_traversal_sec": 0.001907866,
      "row_count": 0
    },
    {
      "elapsed_sec": 0.0019328072667121887,
      "is_warmup": false,
      "iteration": 1697,
      "native_traversal_sec": 0.001905486,
      "row_count": 0
    },
    {
      "elapsed_sec": 0.002147763967514038,
      "is_warmup": false,
      "iteration": 1698,
      "native_traversal_sec": 0.002120382,
      "row_count": 0
    },
    {
      "elapsed_sec": 0.0019196122884750366,
      "is_warmup": false,
      "iteration": 1699,
      "native_traversal_sec": 0.001891675,
      "row_count": 0
    },
    {
      "elapsed_sec": 0.0019634366035461426,
      "is_warmup": false,
      "iteration": 1700,
      "native_traversal_sec": 0.001935627,
      "row_count": 0
    },
    {
      "elapsed_sec": 0.001973077654838562,
      "is_warmup": false,
      "iteration": 1701,
      "native_traversal_sec": 0.001944997,
      "row_count": 0
    },
    {
      "elapsed_sec": 0.0021936967968940735,
      "is_warmup": false,
      "iteration": 1702,
      "native_traversal_sec": 0.002165393,
      "row_count": 0
    },
    {
      "elapsed_sec": 0.0019940435886383057,
      "is_warmup": false,
      "iteration": 1703,
      "native_traversal_sec": 0.001960658,
      "row_count": 0
    },
    {
      "elapsed_sec": 0.0020078420639038086,
      "is_warmup": false,
      "iteration": 1704,
      "native_traversal_sec": 0.001979398,
      "row_count": 0
    },
    {
      "elapsed_sec": 0.0019118189811706543,
      "is_warmup": false,
      "iteration": 1705,
      "native_traversal_sec": 0.001883725,
      "row_count": 0
    },
    {
      "elapsed_sec": 0.0021048933267593384,
      "is_warmup": false,
      "iteration": 1706,
      "native_traversal_sec": 0.002077441,
      "row_count": 0
    },
    {
      "elapsed_sec": 0.0019376352429389954,
      "is_warmup": false,
      "iteration": 1707,
      "native_traversal_sec": 0.001909826,
      "row_count": 0
    },
    {
      "elapsed_sec": 0.001964859664440155,
      "is_warmup": false,
      "iteration": 1708,
      "native_traversal_sec": 0.001936597,
      "row_count": 0
    },
    {
      "elapsed_sec": 0.0019360259175300598,
      "is_warmup": false,
      "iteration": 1709,
      "native_traversal_sec": 0.001903286,
      "row_count": 0
    },
    {
      "elapsed_sec": 0.00211450457572937,
      "is_warmup": false,
      "iteration": 1710,
      "native_traversal_sec": 0.002086541,
      "row_count": 0
    },
    {
      "elapsed_sec": 0.001959182322025299,
      "is_warmup": false,
      "iteration": 1711,
      "native_traversal_sec": 0.001931227,
      "row_count": 0
    },
    {
      "elapsed_sec": 0.0019283667206764221,
      "is_warmup": false,
      "iteration": 1712,
      "native_traversal_sec": 0.001899415,
      "row_count": 0
    },
    {
      "elapsed_sec": 0.0019476264715194702,
      "is_warmup": false,
      "iteration": 1713,
      "native_traversal_sec": 0.001920357,
      "row_count": 0
    },
    {
      "elapsed_sec": 0.002156592905521393,
      "is_warmup": false,
      "iteration": 1714,
      "native_traversal_sec": 0.002128003,
      "row_count": 0
    },
    {
      "elapsed_sec": 0.0019663572311401367,
      "is_warmup": false,
      "iteration": 1715,
      "native_traversal_sec": 0.001938127,
      "row_count": 0
    },
    {
      "elapsed_sec": 0.001957915723323822,
      "is_warmup": false,
      "iteration": 1716,
      "native_traversal_sec": 0.001930297,
      "row_count": 0
    },
    {
      "elapsed_sec": 0.0019702687859535217,
      "is_warmup": false,
      "iteration": 1717,
      "native_traversal_sec": 0.001941947,
      "row_count": 0
    },
    {
      "elapsed_sec": 0.002121575176715851,
      "is_warmup": false,
      "iteration": 1718,
      "native_traversal_sec": 0.002093731,
      "row_count": 0
    },
    {
      "elapsed_sec": 0.002005629241466522,
      "is_warmup": false,
      "iteration": 1719,
      "native_traversal_sec": 0.001977838,
      "row_count": 0
    },
    {
      "elapsed_sec": 0.001937471330165863,
      "is_warmup": false,
      "iteration": 1720,
      "native_traversal_sec": 0.001909636,
      "row_count": 0
    },
    {
      "elapsed_sec": 0.0019545778632164,
      "is_warmup": false,
      "iteration": 1721,
      "native_traversal_sec": 0.001926876,
      "row_count": 0
    },
    {
      "elapsed_sec": 0.0021238625049591064,
      "is_warmup": false,
      "iteration": 1722,
      "native_traversal_sec": 0.002096002,
      "row_count": 0
    },
    {
      "elapsed_sec": 0.0019810646772384644,
      "is_warmup": false,
      "iteration": 1723,
      "native_traversal_sec": 0.001953568,
      "row_count": 0
    },
    {
      "elapsed_sec": 0.0019703134894371033,
      "is_warmup": false,
      "iteration": 1724,
      "native_traversal_sec": 0.001942097,
      "row_count": 0
    },
    {
      "elapsed_sec": 0.0019146427512168884,
      "is_warmup": false,
      "iteration": 1725,
      "native_traversal_sec": 0.001886286,
      "row_count": 0
    },
    {
      "elapsed_sec": 0.002205871045589447,
      "is_warmup": false,
      "iteration": 1726,
      "native_traversal_sec": 0.002177383,
      "row_count": 0
    },
    {
      "elapsed_sec": 0.0020480379462242126,
      "is_warmup": false,
      "iteration": 1727,
      "native_traversal_sec": 0.00201737,
      "row_count": 0
    },
    {
      "elapsed_sec": 0.002031654119491577,
      "is_warmup": false,
      "iteration": 1728,
      "native_traversal_sec": 0.002001538,
      "row_count": 0
    },
    {
      "elapsed_sec": 0.0019632428884506226,
      "is_warmup": false,
      "iteration": 1729,
      "native_traversal_sec": 0.001934327,
      "row_count": 0
    },
    {
      "elapsed_sec": 0.0021965056657791138,
      "is_warmup": false,
      "iteration": 1730,
      "native_traversal_sec": 0.002168133,
      "row_count": 0
    },
    {
      "elapsed_sec": 0.0019369497895240784,
      "is_warmup": false,
      "iteration": 1731,
      "native_traversal_sec": 0.001908176,
      "row_count": 0
    },
    {
      "elapsed_sec": 0.0020247474312782288,
      "is_warmup": false,
      "iteration": 1732,
      "native_traversal_sec": 0.001995799,
      "row_count": 0
    },
    {
      "elapsed_sec": 0.001988224685192108,
      "is_warmup": false,
      "iteration": 1733,
      "native_traversal_sec": 0.001960197,
      "row_count": 0
    },
    {
      "elapsed_sec": 0.0022105872631073,
      "is_warmup": false,
      "iteration": 1734,
      "native_traversal_sec": 0.002182114,
      "row_count": 0
    },
    {
      "elapsed_sec": 0.001995295286178589,
      "is_warmup": false,
      "iteration": 1735,
      "native_traversal_sec": 0.001959968,
      "row_count": 0
    },
    {
      "elapsed_sec": 0.0022605955600738525,
      "is_warmup": false,
      "iteration": 1736,
      "native_traversal_sec": 0.002021439,
      "row_count": 0
    },
    {
      "elapsed_sec": 0.001936309039592743,
      "is_warmup": false,
      "iteration": 1737,
      "native_traversal_sec": 0.001908356,
      "row_count": 0
    },
    {
      "elapsed_sec": 0.002215847373008728,
      "is_warmup": false,
      "iteration": 1738,
      "native_traversal_sec": 0.002187524,
      "row_count": 0
    },
    {
      "elapsed_sec": 0.001937776803970337,
      "is_warmup": false,
      "iteration": 1739,
      "native_traversal_sec": 0.001909976,
      "row_count": 0
    },
    {
      "elapsed_sec": 0.0019202232360839844,
      "is_warmup": false,
      "iteration": 1740,
      "native_traversal_sec": 0.001892336,
      "row_count": 0
    },
    {
      "elapsed_sec": 0.0019201040267944336,
      "is_warmup": false,
      "iteration": 1741,
      "native_traversal_sec": 0.001886605,
      "row_count": 0
    },
    {
      "elapsed_sec": 0.0021211206912994385,
      "is_warmup": false,
      "iteration": 1742,
      "native_traversal_sec": 0.002092852,
      "row_count": 0
    },
    {
      "elapsed_sec": 0.0019345730543136597,
      "is_warmup": false,
      "iteration": 1743,
      "native_traversal_sec": 0.001906035,
      "row_count": 0
    },
    {
      "elapsed_sec": 0.0019398331642150879,
      "is_warmup": false,
      "iteration": 1744,
      "native_traversal_sec": 0.001911946,
      "row_count": 0
    },
    {
      "elapsed_sec": 0.001971103250980377,
      "is_warmup": false,
      "iteration": 1745,
      "native_traversal_sec": 0.001942947,
      "row_count": 0
    },
    {
      "elapsed_sec": 0.0020828619599342346,
      "is_warmup": false,
      "iteration": 1746,
      "native_traversal_sec": 0.00205466,
      "row_count": 0
    },
    {
      "elapsed_sec": 0.0019537433981895447,
      "is_warmup": false,
      "iteration": 1747,
      "native_traversal_sec": 0.001925857,
      "row_count": 0
    },
    {
      "elapsed_sec": 0.001929156482219696,
      "is_warmup": false,
      "iteration": 1748,
      "native_traversal_sec": 0.001901415,
      "row_count": 0
    },
    {
      "elapsed_sec": 0.0019819438457489014,
      "is_warmup": false,
      "iteration": 1749,
      "native_traversal_sec": 0.001948867,
      "row_count": 0
    },
    {
      "elapsed_sec": 0.0022557899355888367,
      "is_warmup": false,
      "iteration": 1750,
      "native_traversal_sec": 0.002225226,
      "row_count": 0
    },
    {
      "elapsed_sec": 0.001996263861656189,
      "is_warmup": false,
      "iteration": 1751,
      "native_traversal_sec": 0.001966727,
      "row_count": 0
    },
    {
      "elapsed_sec": 0.001987926661968231,
      "is_warmup": false,
      "iteration": 1752,
      "native_traversal_sec": 0.001958508,
      "row_count": 0
    },
    {
      "elapsed_sec": 0.0019734054803848267,
      "is_warmup": false,
      "iteration": 1753,
      "native_traversal_sec": 0.001944777,
      "row_count": 0
    },
    {
      "elapsed_sec": 0.0022103339433670044,
      "is_warmup": false,
      "iteration": 1754,
      "native_traversal_sec": 0.002182083,
      "row_count": 0
    },
    {
      "elapsed_sec": 0.001988254487514496,
      "is_warmup": false,
      "iteration": 1755,
      "native_traversal_sec": 0.001959768,
      "row_count": 0
    },
    {
      "elapsed_sec": 0.0019201338291168213,
      "is_warmup": false,
      "iteration": 1756,
      "native_traversal_sec": 0.001892325,
      "row_count": 0
    },
    {
      "elapsed_sec": 0.002024225890636444,
      "is_warmup": false,
      "iteration": 1757,
      "native_traversal_sec": 0.001996099,
      "row_count": 0
    },
    {
      "elapsed_sec": 0.00218307226896286,
      "is_warmup": false,
      "iteration": 1758,
      "native_traversal_sec": 0.002154773,
      "row_count": 0
    },
    {
      "elapsed_sec": 0.0019697993993759155,
      "is_warmup": false,
      "iteration": 1759,
      "native_traversal_sec": 0.001941807,
      "row_count": 0
    },
    {
      "elapsed_sec": 0.0020110532641410828,
      "is_warmup": false,
      "iteration": 1760,
      "native_traversal_sec": 0.001982739,
      "row_count": 0
    },
    {
      "elapsed_sec": 0.0019422322511672974,
      "is_warmup": false,
      "iteration": 1761,
      "native_traversal_sec": 0.001914306,
      "row_count": 0
    },
    {
      "elapsed_sec": 0.002144426107406616,
      "is_warmup": false,
      "iteration": 1762,
      "native_traversal_sec": 0.002116823,
      "row_count": 0
    },
    {
      "elapsed_sec": 0.001957997679710388,
      "is_warmup": false,
      "iteration": 1763,
      "native_traversal_sec": 0.001929357,
      "row_count": 0
    },
    {
      "elapsed_sec": 0.001993417739868164,
      "is_warmup": false,
      "iteration": 1764,
      "native_traversal_sec": 0.001964978,
      "row_count": 0
    },
    {
      "elapsed_sec": 0.0019525885581970215,
      "is_warmup": false,
      "iteration": 1765,
      "native_traversal_sec": 0.001924607,
      "row_count": 0
    },
    {
      "elapsed_sec": 0.0021881461143493652,
      "is_warmup": false,
      "iteration": 1766,
      "native_traversal_sec": 0.002160003,
      "row_count": 0
    },
    {
      "elapsed_sec": 0.002019263803958893,
      "is_warmup": false,
      "iteration": 1767,
      "native_traversal_sec": 0.001985338,
      "row_count": 0
    },
    {
      "elapsed_sec": 0.0019808560609817505,
      "is_warmup": false,
      "iteration": 1768,
      "native_traversal_sec": 0.001952348,
      "row_count": 0
    },
    {
      "elapsed_sec": 0.0019378960132598877,
      "is_warmup": false,
      "iteration": 1769,
      "native_traversal_sec": 0.001909806,
      "row_count": 0
    },
    {
      "elapsed_sec": 0.0021941140294075012,
      "is_warmup": false,
      "iteration": 1770,
      "native_traversal_sec": 0.002166414,
      "row_count": 0
    },
    {
      "elapsed_sec": 0.0019406601786613464,
      "is_warmup": false,
      "iteration": 1771,
      "native_traversal_sec": 0.001912686,
      "row_count": 0
    },
    {
      "elapsed_sec": 0.001962795853614807,
      "is_warmup": false,
      "iteration": 1772,
      "native_traversal_sec": 0.001935277,
      "row_count": 0
    },
    {
      "elapsed_sec": 0.002003975212574005,
      "is_warmup": false,
      "iteration": 1773,
      "native_traversal_sec": 0.001971088,
      "row_count": 0
    },
    {
      "elapsed_sec": 0.002277188003063202,
      "is_warmup": false,
      "iteration": 1774,
      "native_traversal_sec": 0.002248346,
      "row_count": 0
    },
    {
      "elapsed_sec": 0.001989297568798065,
      "is_warmup": false,
      "iteration": 1775,
      "native_traversal_sec": 0.001960628,
      "row_count": 0
    },
    {
      "elapsed_sec": 0.0020022615790367126,
      "is_warmup": false,
      "iteration": 1776,
      "native_traversal_sec": 0.001971277,
      "row_count": 0
    },
    {
      "elapsed_sec": 0.002140142023563385,
      "is_warmup": false,
      "iteration": 1777,
      "native_traversal_sec": 0.002111482,
      "row_count": 0
    },
    {
      "elapsed_sec": 0.0020052865147590637,
      "is_warmup": false,
      "iteration": 1778,
      "native_traversal_sec": 0.001972838,
      "row_count": 0
    },
    {
      "elapsed_sec": 0.0020321980118751526,
      "is_warmup": false,
      "iteration": 1779,
      "native_traversal_sec": 0.002002539,
      "row_count": 0
    },
    {
      "elapsed_sec": 0.001974351704120636,
      "is_warmup": false,
      "iteration": 1780,
      "native_traversal_sec": 0.001945537,
      "row_count": 0
    },
    {
      "elapsed_sec": 0.0019939616322517395,
      "is_warmup": false,
      "iteration": 1781,
      "native_traversal_sec": 0.001964997,
      "row_count": 0
    },
    {
      "elapsed_sec": 0.0019733160734176636,
      "is_warmup": false,
      "iteration": 1782,
      "native_traversal_sec": 0.001942897,
      "row_count": 0
    },
    {
      "elapsed_sec": 0.0021050572395324707,
      "is_warmup": false,
      "iteration": 1783,
      "native_traversal_sec": 0.002074961,
      "row_count": 0
    },
    {
      "elapsed_sec": 0.0021057724952697754,
      "is_warmup": false,
      "iteration": 1784,
      "native_traversal_sec": 0.002076061,
      "row_count": 0
    },
    {
      "elapsed_sec": 0.002080067992210388,
      "is_warmup": false,
      "iteration": 1785,
      "native_traversal_sec": 0.00204925,
      "row_count": 0
    },
    {
      "elapsed_sec": 0.0021194592118263245,
      "is_warmup": false,
      "iteration": 1786,
      "native_traversal_sec": 0.002089091,
      "row_count": 0
    },
    {
      "elapsed_sec": 0.002048604190349579,
      "is_warmup": false,
      "iteration": 1787,
      "native_traversal_sec": 0.002018599,
      "row_count": 0
    },
    {
      "elapsed_sec": 0.0020328760147094727,
      "is_warmup": false,
      "iteration": 1788,
      "native_traversal_sec": 0.002003749,
      "row_count": 0
    },
    {
      "elapsed_sec": 0.001985974609851837,
      "is_warmup": false,
      "iteration": 1789,
      "native_traversal_sec": 0.001952527,
      "row_count": 0
    },
    {
      "elapsed_sec": 0.001971907913684845,
      "is_warmup": false,
      "iteration": 1790,
      "native_traversal_sec": 0.001943207,
      "row_count": 0
    },
    {
      "elapsed_sec": 0.0023076459765434265,
      "is_warmup": false,
      "iteration": 1791,
      "native_traversal_sec": 0.002273827,
      "row_count": 0
    },
    {
      "elapsed_sec": 0.002072930335998535,
      "is_warmup": false,
      "iteration": 1792,
      "native_traversal_sec": 0.00204304,
      "row_count": 0
    },
    {
      "elapsed_sec": 0.0020420625805854797,
      "is_warmup": false,
      "iteration": 1793,
      "native_traversal_sec": 0.002012819,
      "row_count": 0
    },
    {
      "elapsed_sec": 0.0022291094064712524,
      "is_warmup": false,
      "iteration": 1794,
      "native_traversal_sec": 0.002201185,
      "row_count": 0
    },
    {
      "elapsed_sec": 0.002003617584705353,
      "is_warmup": false,
      "iteration": 1795,
      "native_traversal_sec": 0.001974618,
      "row_count": 0
    },
    {
      "elapsed_sec": 0.0020199939608573914,
      "is_warmup": false,
      "iteration": 1796,
      "native_traversal_sec": 0.001990358,
      "row_count": 0
    },
    {
      "elapsed_sec": 0.0020032748579978943,
      "is_warmup": false,
      "iteration": 1797,
      "native_traversal_sec": 0.001974508,
      "row_count": 0
    },
    {
      "elapsed_sec": 0.002192653715610504,
      "is_warmup": false,
      "iteration": 1798,
      "native_traversal_sec": 0.002164703,
      "row_count": 0
    },
    {
      "elapsed_sec": 0.0020203739404678345,
      "is_warmup": false,
      "iteration": 1799,
      "native_traversal_sec": 0.001991529,
      "row_count": 0
    },
    {
      "elapsed_sec": 0.002144359052181244,
      "is_warmup": false,
      "iteration": 1800,
      "native_traversal_sec": 0.002116162,
      "row_count": 0
    },
    {
      "elapsed_sec": 0.001985497772693634,
      "is_warmup": false,
      "iteration": 1801,
      "native_traversal_sec": 0.001955817,
      "row_count": 0
    },
    {
      "elapsed_sec": 0.002002432942390442,
      "is_warmup": false,
      "iteration": 1802,
      "native_traversal_sec": 0.001973798,
      "row_count": 0
    },
    {
      "elapsed_sec": 0.0019666776061058044,
      "is_warmup": false,
      "iteration": 1803,
      "native_traversal_sec": 0.001938347,
      "row_count": 0
    },
    {
      "elapsed_sec": 0.002239212393760681,
      "is_warmup": false,
      "iteration": 1804,
      "native_traversal_sec": 0.002203965,
      "row_count": 0
    },
    {
      "elapsed_sec": 0.0020211264491081238,
      "is_warmup": false,
      "iteration": 1805,
      "native_traversal_sec": 0.001985778,
      "row_count": 0
    },
    {
      "elapsed_sec": 0.002192884683609009,
      "is_warmup": false,
      "iteration": 1806,
      "native_traversal_sec": 0.002163324,
      "row_count": 0
    },
    {
      "elapsed_sec": 0.0020260289311408997,
      "is_warmup": false,
      "iteration": 1807,
      "native_traversal_sec": 0.001996348,
      "row_count": 0
    },
    {
      "elapsed_sec": 0.001984022557735443,
      "is_warmup": false,
      "iteration": 1808,
      "native_traversal_sec": 0.001955698,
      "row_count": 0
    },
    {
      "elapsed_sec": 0.002028360962867737,
      "is_warmup": false,
      "iteration": 1809,
      "native_traversal_sec": 0.001999639,
      "row_count": 0
    },
    {
      "elapsed_sec": 0.0022105872631073,
      "is_warmup": false,
      "iteration": 1810,
      "native_traversal_sec": 0.002182014,
      "row_count": 0
    },
    {
      "elapsed_sec": 0.0019741058349609375,
      "is_warmup": false,
      "iteration": 1811,
      "native_traversal_sec": 0.001945897,
      "row_count": 0
    },
    {
      "elapsed_sec": 0.002037942409515381,
      "is_warmup": false,
      "iteration": 1812,
      "native_traversal_sec": 0.002008459,
      "row_count": 0
    },
    {
      "elapsed_sec": 0.00203145295381546,
      "is_warmup": false,
      "iteration": 1813,
      "native_traversal_sec": 0.002002758,
      "row_count": 0
    },
    {
      "elapsed_sec": 0.0020470842719078064,
      "is_warmup": false,
      "iteration": 1814,
      "native_traversal_sec": 0.002018789,
      "row_count": 0
    },
    {
      "elapsed_sec": 0.001983344554901123,
      "is_warmup": false,
      "iteration": 1815,
      "native_traversal_sec": 0.001954478,
      "row_count": 0
    },
    {
      "elapsed_sec": 0.0019345581531524658,
      "is_warmup": false,
      "iteration": 1816,
      "native_traversal_sec": 0.001905755,
      "row_count": 0
    },
    {
      "elapsed_sec": 0.0019600987434387207,
      "is_warmup": false,
      "iteration": 1817,
      "native_traversal_sec": 0.001931037,
      "row_count": 0
    },
    {
      "elapsed_sec": 0.0021409615874290466,
      "is_warmup": false,
      "iteration": 1818,
      "native_traversal_sec": 0.002112242,
      "row_count": 0
    },
    {
      "elapsed_sec": 0.00199069082736969,
      "is_warmup": false,
      "iteration": 1819,
      "native_traversal_sec": 0.001961557,
      "row_count": 0
    },
    {
      "elapsed_sec": 0.0019249394536018372,
      "is_warmup": false,
      "iteration": 1820,
      "native_traversal_sec": 0.001895796,
      "row_count": 0
    },
    {
      "elapsed_sec": 0.0019393116235733032,
      "is_warmup": false,
      "iteration": 1821,
      "native_traversal_sec": 0.001910586,
      "row_count": 0
    },
    {
      "elapsed_sec": 0.0021936967968940735,
      "is_warmup": false,
      "iteration": 1822,
      "native_traversal_sec": 0.002165033,
      "row_count": 0
    },
    {
      "elapsed_sec": 0.002011604607105255,
      "is_warmup": false,
      "iteration": 1823,
      "native_traversal_sec": 0.001982408,
      "row_count": 0
    },
    {
      "elapsed_sec": 0.002008698880672455,
      "is_warmup": false,
      "iteration": 1824,
      "native_traversal_sec": 0.001979728,
      "row_count": 0
    },
    {
      "elapsed_sec": 0.0019030272960662842,
      "is_warmup": false,
      "iteration": 1825,
      "native_traversal_sec": 0.001874995,
      "row_count": 0
    },
    {
      "elapsed_sec": 0.0024086013436317444,
      "is_warmup": false,
      "iteration": 1826,
      "native_traversal_sec": 0.00238036,
      "row_count": 0
    },
    {
      "elapsed_sec": 0.0020216703414916992,
      "is_warmup": false,
      "iteration": 1827,
      "native_traversal_sec": 0.001991998,
      "row_count": 0
    },
    {
      "elapsed_sec": 0.002036251127719879,
      "is_warmup": false,
      "iteration": 1828,
      "native_traversal_sec": 0.002006699,
      "row_count": 0
    },
    {
      "elapsed_sec": 0.002019166946411133,
      "is_warmup": false,
      "iteration": 1829,
      "native_traversal_sec": 0.001991138,
      "row_count": 0
    },
    {
      "elapsed_sec": 0.001969568431377411,
      "is_warmup": false,
      "iteration": 1830,
      "native_traversal_sec": 0.001941927,
      "row_count": 0
    },
    {
      "elapsed_sec": 0.002326473593711853,
      "is_warmup": false,
      "iteration": 1831,
      "native_traversal_sec": 0.002281766,
      "row_count": 0
    },
    {
      "elapsed_sec": 0.002158910036087036,
      "is_warmup": false,
      "iteration": 1832,
      "native_traversal_sec": 0.002130053,
      "row_count": 0
    },
    {
      "elapsed_sec": 0.0022832155227661133,
      "is_warmup": false,
      "iteration": 1833,
      "native_traversal_sec": 0.002254296,
      "row_count": 0
    },
    {
      "elapsed_sec": 0.0020041167736053467,
      "is_warmup": false,
      "iteration": 1834,
      "native_traversal_sec": 0.001969118,
      "row_count": 0
    },
    {
      "elapsed_sec": 0.001966126263141632,
      "is_warmup": false,
      "iteration": 1835,
      "native_traversal_sec": 0.001938237,
      "row_count": 0
    },
    {
      "elapsed_sec": 0.0019454434514045715,
      "is_warmup": false,
      "iteration": 1836,
      "native_traversal_sec": 0.001912996,
      "row_count": 0
    },
    {
      "elapsed_sec": 0.001934744417667389,
      "is_warmup": false,
      "iteration": 1837,
      "native_traversal_sec": 0.001907026,
      "row_count": 0
    },
    {
      "elapsed_sec": 0.0022301003336906433,
      "is_warmup": false,
      "iteration": 1838,
      "native_traversal_sec": 0.002200865,
      "row_count": 0
    },
    {
      "elapsed_sec": 0.0019346028566360474,
      "is_warmup": false,
      "iteration": 1839,
      "native_traversal_sec": 0.001906445,
      "row_count": 0
    },
    {
      "elapsed_sec": 0.002012781798839569,
      "is_warmup": false,
      "iteration": 1840,
      "native_traversal_sec": 0.001984829,
      "row_count": 0
    },
    {
      "elapsed_sec": 0.002085261046886444,
      "is_warmup": false,
      "iteration": 1841,
      "native_traversal_sec": 0.0020566,
      "row_count": 0
    },
    {
      "elapsed_sec": 0.0019420832395553589,
      "is_warmup": false,
      "iteration": 1842,
      "native_traversal_sec": 0.001913656,
      "row_count": 0
    },
    {
      "elapsed_sec": 0.0018967986106872559,
      "is_warmup": false,
      "iteration": 1843,
      "native_traversal_sec": 0.001869035,
      "row_count": 0
    },
    {
      "elapsed_sec": 0.001902259886264801,
      "is_warmup": false,
      "iteration": 1844,
      "native_traversal_sec": 0.001874405,
      "row_count": 0
    },
    {
      "elapsed_sec": 0.002182677388191223,
      "is_warmup": false,
      "iteration": 1845,
      "native_traversal_sec": 0.002154433,
      "row_count": 0
    },
    {
      "elapsed_sec": 0.0020102784037590027,
      "is_warmup": false,
      "iteration": 1846,
      "native_traversal_sec": 0.001981378,
      "row_count": 0
    },
    {
      "elapsed_sec": 0.0019662976264953613,
      "is_warmup": false,
      "iteration": 1847,
      "native_traversal_sec": 0.001936067,
      "row_count": 0
    },
    {
      "elapsed_sec": 0.0019958242774009705,
      "is_warmup": false,
      "iteration": 1848,
      "native_traversal_sec": 0.001964838,
      "row_count": 0
    },
    {
      "elapsed_sec": 0.0019329935312271118,
      "is_warmup": false,
      "iteration": 1849,
      "native_traversal_sec": 0.001904336,
      "row_count": 0
    },
    {
      "elapsed_sec": 0.0021255314350128174,
      "is_warmup": false,
      "iteration": 1850,
      "native_traversal_sec": 0.002095672,
      "row_count": 0
    },
    {
      "elapsed_sec": 0.0020206719636917114,
      "is_warmup": false,
      "iteration": 1851,
      "native_traversal_sec": 0.001989318,
      "row_count": 0
    },
    {
      "elapsed_sec": 0.001965470612049103,
      "is_warmup": false,
      "iteration": 1852,
      "native_traversal_sec": 0.001937087,
      "row_count": 0
    },
    {
      "elapsed_sec": 0.0019943565130233765,
      "is_warmup": false,
      "iteration": 1853,
      "native_traversal_sec": 0.001965807,
      "row_count": 0
    },
    {
      "elapsed_sec": 0.0019842609763145447,
      "is_warmup": false,
      "iteration": 1854,
      "native_traversal_sec": 0.001955628,
      "row_count": 0
    },
    {
      "elapsed_sec": 0.0019872188568115234,
      "is_warmup": false,
      "iteration": 1855,
      "native_traversal_sec": 0.001958237,
      "row_count": 0
    },
    {
      "elapsed_sec": 0.0019360706210136414,
      "is_warmup": false,
      "iteration": 1856,
      "native_traversal_sec": 0.001907006,
      "row_count": 0
    },
    {
      "elapsed_sec": 0.0019734054803848267,
      "is_warmup": false,
      "iteration": 1857,
      "native_traversal_sec": 0.001944907,
      "row_count": 0
    },
    {
      "elapsed_sec": 0.002103462815284729,
      "is_warmup": false,
      "iteration": 1858,
      "native_traversal_sec": 0.002074381,
      "row_count": 0
    },
    {
      "elapsed_sec": 0.0019372403621673584,
      "is_warmup": false,
      "iteration": 1859,
      "native_traversal_sec": 0.001908466,
      "row_count": 0
    },
    {
      "elapsed_sec": 0.0019407197833061218,
      "is_warmup": false,
      "iteration": 1860,
      "native_traversal_sec": 0.001912456,
      "row_count": 0
    },
    {
      "elapsed_sec": 0.0019204691052436829,
      "is_warmup": false,
      "iteration": 1861,
      "native_traversal_sec": 0.001892956,
      "row_count": 0
    },
    {
      "elapsed_sec": 0.0020959898829460144,
      "is_warmup": false,
      "iteration": 1862,
      "native_traversal_sec": 0.00206767,
      "row_count": 0
    },
    {
      "elapsed_sec": 0.0019092634320259094,
      "is_warmup": false,
      "iteration": 1863,
      "native_traversal_sec": 0.001879285,
      "row_count": 0
    },
    {
      "elapsed_sec": 0.0019743144512176514,
      "is_warmup": false,
      "iteration": 1864,
      "native_traversal_sec": 0.001946087,
      "row_count": 0
    },
    {
      "elapsed_sec": 0.0019375383853912354,
      "is_warmup": false,
      "iteration": 1865,
      "native_traversal_sec": 0.001909956,
      "row_count": 0
    },
    {
      "elapsed_sec": 0.0021932870149612427,
      "is_warmup": false,
      "iteration": 1866,
      "native_traversal_sec": 0.002165494,
      "row_count": 0
    },
    {
      "elapsed_sec": 0.0019115805625915527,
      "is_warmup": false,
      "iteration": 1867,
      "native_traversal_sec": 0.001883126,
      "row_count": 0
    },
    {
      "elapsed_sec": 0.001960441470146179,
      "is_warmup": false,
      "iteration": 1868,
      "native_traversal_sec": 0.001927636,
      "row_count": 0
    },
    {
      "elapsed_sec": 0.0019111335277557373,
      "is_warmup": false,
      "iteration": 1869,
      "native_traversal_sec": 0.001883365,
      "row_count": 0
    },
    {
      "elapsed_sec": 0.0022295862436294556,
      "is_warmup": false,
      "iteration": 1870,
      "native_traversal_sec": 0.002201895,
      "row_count": 0
    },
    {
      "elapsed_sec": 0.0023255199193954468,
      "is_warmup": false,
      "iteration": 1871,
      "native_traversal_sec": 0.002297477,
      "row_count": 0
    },
    {
      "elapsed_sec": 0.0019864290952682495,
      "is_warmup": false,
      "iteration": 1872,
      "native_traversal_sec": 0.001958367,
      "row_count": 0
    },
    {
      "elapsed_sec": 0.0019505694508552551,
      "is_warmup": false,
      "iteration": 1873,
      "native_traversal_sec": 0.001922867,
      "row_count": 0
    },
    {
      "elapsed_sec": 0.0021258890628814697,
      "is_warmup": false,
      "iteration": 1874,
      "native_traversal_sec": 0.002098322,
      "row_count": 0
    },
    {
      "elapsed_sec": 0.0019183829426765442,
      "is_warmup": false,
      "iteration": 1875,
      "native_traversal_sec": 0.001890605,
      "row_count": 0
    },
    {
      "elapsed_sec": 0.0019781142473220825,
      "is_warmup": false,
      "iteration": 1876,
      "native_traversal_sec": 0.001949707,
      "row_count": 0
    },
    {
      "elapsed_sec": 0.0019309595227241516,
      "is_warmup": false,
      "iteration": 1877,
      "native_traversal_sec": 0.001902716,
      "row_count": 0
    },
    {
      "elapsed_sec": 0.002284720540046692,
      "is_warmup": false,
      "iteration": 1878,
      "native_traversal_sec": 0.002256566,
      "row_count": 0
    },
    {
      "elapsed_sec": 0.0019510313868522644,
      "is_warmup": false,
      "iteration": 1879,
      "native_traversal_sec": 0.001922897,
      "row_count": 0
    },
    {
      "elapsed_sec": 0.0019571706652641296,
      "is_warmup": false,
      "iteration": 1880,
      "native_traversal_sec": 0.001930137,
      "row_count": 0
    },
    {
      "elapsed_sec": 0.00191604346036911,
      "is_warmup": false,
      "iteration": 1881,
      "native_traversal_sec": 0.001888525,
      "row_count": 0
    },
    {
      "elapsed_sec": 0.0021498799324035645,
      "is_warmup": false,
      "iteration": 1882,
      "native_traversal_sec": 0.002121962,
      "row_count": 0
    },
    {
      "elapsed_sec": 0.0019375458359718323,
      "is_warmup": false,
      "iteration": 1883,
      "native_traversal_sec": 0.001910056,
      "row_count": 0
    },
    {
      "elapsed_sec": 0.001963779330253601,
      "is_warmup": false,
      "iteration": 1884,
      "native_traversal_sec": 0.001936387,
      "row_count": 0
    },
    {
      "elapsed_sec": 0.0019888579845428467,
      "is_warmup": false,
      "iteration": 1885,
      "native_traversal_sec": 0.001961217,
      "row_count": 0
    },
    {
      "elapsed_sec": 0.002139672636985779,
      "is_warmup": false,
      "iteration": 1886,
      "native_traversal_sec": 0.002111612,
      "row_count": 0
    },
    {
      "elapsed_sec": 0.001958899199962616,
      "is_warmup": false,
      "iteration": 1887,
      "native_traversal_sec": 0.001930087,
      "row_count": 0
    },
    {
      "elapsed_sec": 0.001927979290485382,
      "is_warmup": false,
      "iteration": 1888,
      "native_traversal_sec": 0.001900006,
      "row_count": 0
    },
    {
      "elapsed_sec": 0.0019367113709449768,
      "is_warmup": false,
      "iteration": 1889,
      "native_traversal_sec": 0.001909586,
      "row_count": 0
    },
    {
      "elapsed_sec": 0.002160973846912384,
      "is_warmup": false,
      "iteration": 1890,
      "native_traversal_sec": 0.002133652,
      "row_count": 0
    },
    {
      "elapsed_sec": 0.001952044665813446,
      "is_warmup": false,
      "iteration": 1891,
      "native_traversal_sec": 0.001924207,
      "row_count": 0
    },
    {
      "elapsed_sec": 0.0019384771585464478,
      "is_warmup": false,
      "iteration": 1892,
      "native_traversal_sec": 0.001910676,
      "row_count": 0
    },
    {
      "elapsed_sec": 0.0019345954060554504,
      "is_warmup": false,
      "iteration": 1893,
      "native_traversal_sec": 0.001906896,
      "row_count": 0
    },
    {
      "elapsed_sec": 0.002134352922439575,
      "is_warmup": false,
      "iteration": 1894,
      "native_traversal_sec": 0.002101161,
      "row_count": 0
    },
    {
      "elapsed_sec": 0.0018992051482200623,
      "is_warmup": false,
      "iteration": 1895,
      "native_traversal_sec": 0.001871485,
      "row_count": 0
    },
    {
      "elapsed_sec": 0.001977890729904175,
      "is_warmup": false,
      "iteration": 1896,
      "native_traversal_sec": 0.001950057,
      "row_count": 0
    },
    {
      "elapsed_sec": 0.0019714459776878357,
      "is_warmup": false,
      "iteration": 1897,
      "native_traversal_sec": 0.001943697,
      "row_count": 0
    },
    {
      "elapsed_sec": 0.002150915563106537,
      "is_warmup": false,
      "iteration": 1898,
      "native_traversal_sec": 0.002122982,
      "row_count": 0
    },
    {
      "elapsed_sec": 0.0019499510526657104,
      "is_warmup": false,
      "iteration": 1899,
      "native_traversal_sec": 0.001922466,
      "row_count": 0
    },
    {
      "elapsed_sec": 0.0019561946392059326,
      "is_warmup": false,
      "iteration": 1900,
      "native_traversal_sec": 0.001923927,
      "row_count": 0
    },
    {
      "elapsed_sec": 0.001911453902721405,
      "is_warmup": false,
      "iteration": 1901,
      "native_traversal_sec": 0.001883836,
      "row_count": 0
    },
    {
      "elapsed_sec": 0.002135440707206726,
      "is_warmup": false,
      "iteration": 1902,
      "native_traversal_sec": 0.002108181,
      "row_count": 0
    },
    {
      "elapsed_sec": 0.0019299983978271484,
      "is_warmup": false,
      "iteration": 1903,
      "native_traversal_sec": 0.001901796,
      "row_count": 0
    },
    {
      "elapsed_sec": 0.001914381980895996,
      "is_warmup": false,
      "iteration": 1904,
      "native_traversal_sec": 0.001886335,
      "row_count": 0
    },
    {
      "elapsed_sec": 0.001911260187625885,
      "is_warmup": false,
      "iteration": 1905,
      "native_traversal_sec": 0.001883915,
      "row_count": 0
    },
    {
      "elapsed_sec": 0.0018930137157440186,
      "is_warmup": false,
      "iteration": 1906,
      "native_traversal_sec": 0.001865365,
      "row_count": 0
    },
    {
      "elapsed_sec": 0.0021615996956825256,
      "is_warmup": false,
      "iteration": 1907,
      "native_traversal_sec": 0.002134042,
      "row_count": 0
    },
    {
      "elapsed_sec": 0.0019536092877388,
      "is_warmup": false,
      "iteration": 1908,
      "native_traversal_sec": 0.001925107,
      "row_count": 0
    },
    {
      "elapsed_sec": 0.0019307583570480347,
      "is_warmup": false,
      "iteration": 1909,
      "native_traversal_sec": 0.001895485,
      "row_count": 0
    },
    {
      "elapsed_sec": 0.0019047781825065613,
      "is_warmup": false,
      "iteration": 1910,
      "native_traversal_sec": 0.001876285,
      "row_count": 0
    },
    {
      "elapsed_sec": 0.002073436975479126,
      "is_warmup": false,
      "iteration": 1911,
      "native_traversal_sec": 0.00204585,
      "row_count": 0
    },
    {
      "elapsed_sec": 0.002008184790611267,
      "is_warmup": false,
      "iteration": 1912,
      "native_traversal_sec": 0.001973168,
      "row_count": 0
    },
    {
      "elapsed_sec": 0.0019246339797973633,
      "is_warmup": false,
      "iteration": 1913,
      "native_traversal_sec": 0.001896326,
      "row_count": 0
    },
    {
      "elapsed_sec": 0.0019331276416778564,
      "is_warmup": false,
      "iteration": 1914,
      "native_traversal_sec": 0.001905566,
      "row_count": 0
    },
    {
      "elapsed_sec": 0.002165384590625763,
      "is_warmup": false,
      "iteration": 1915,
      "native_traversal_sec": 0.002137573,
      "row_count": 0
    },
    {
      "elapsed_sec": 0.0019404664635658264,
      "is_warmup": false,
      "iteration": 1916,
      "native_traversal_sec": 0.001912296,
      "row_count": 0
    },
    {
      "elapsed_sec": 0.0019642040133476257,
      "is_warmup": false,
      "iteration": 1917,
      "native_traversal_sec": 0.001937057,
      "row_count": 0
    },
    {
      "elapsed_sec": 0.0019473135471343994,
      "is_warmup": false,
      "iteration": 1918,
      "native_traversal_sec": 0.001919156,
      "row_count": 0
    },
    {
      "elapsed_sec": 0.0021841898560523987,
      "is_warmup": false,
      "iteration": 1919,
      "native_traversal_sec": 0.002150573,
      "row_count": 0
    },
    {
      "elapsed_sec": 0.0019875168800354004,
      "is_warmup": false,
      "iteration": 1920,
      "native_traversal_sec": 0.001959637,
      "row_count": 0
    },
    {
      "elapsed_sec": 0.0019698813557624817,
      "is_warmup": false,
      "iteration": 1921,
      "native_traversal_sec": 0.001942307,
      "row_count": 0
    },
    {
      "elapsed_sec": 0.001972012221813202,
      "is_warmup": false,
      "iteration": 1922,
      "native_traversal_sec": 0.001937637,
      "row_count": 0
    },
    {
      "elapsed_sec": 0.0018906593322753906,
      "is_warmup": false,
      "iteration": 1923,
      "native_traversal_sec": 0.001863445,
      "row_count": 0
    },
    {
      "elapsed_sec": 0.0018861666321754456,
      "is_warmup": false,
      "iteration": 1924,
      "native_traversal_sec": 0.001858384,
      "row_count": 0
    },
    {
      "elapsed_sec": 0.001903720200061798,
      "is_warmup": false,
      "iteration": 1925,
      "native_traversal_sec": 0.001876335,
      "row_count": 0
    },
    {
      "elapsed_sec": 0.001905776560306549,
      "is_warmup": false,
      "iteration": 1926,
      "native_traversal_sec": 0.001878125,
      "row_count": 0
    },
    {
      "elapsed_sec": 0.0018701255321502686,
      "is_warmup": false,
      "iteration": 1927,
      "native_traversal_sec": 0.001843094,
      "row_count": 0
    },
    {
      "elapsed_sec": 0.0021377727389335632,
      "is_warmup": false,
      "iteration": 1928,
      "native_traversal_sec": 0.002110641,
      "row_count": 0
    },
    {
      "elapsed_sec": 0.001956470310688019,
      "is_warmup": false,
      "iteration": 1929,
      "native_traversal_sec": 0.001928137,
      "row_count": 0
    },
    {
      "elapsed_sec": 0.001986667513847351,
      "is_warmup": false,
      "iteration": 1930,
      "native_traversal_sec": 0.001955777,
      "row_count": 0
    },
    {
      "elapsed_sec": 0.0019332095980644226,
      "is_warmup": false,
      "iteration": 1931,
      "native_traversal_sec": 0.001906226,
      "row_count": 0
    },
    {
      "elapsed_sec": 0.002300933003425598,
      "is_warmup": false,
      "iteration": 1932,
      "native_traversal_sec": 0.002267397,
      "row_count": 0
    },
    {
      "elapsed_sec": 0.001954495906829834,
      "is_warmup": false,
      "iteration": 1933,
      "native_traversal_sec": 0.001926047,
      "row_count": 0
    },
    {
      "elapsed_sec": 0.001888468861579895,
      "is_warmup": false,
      "iteration": 1934,
      "native_traversal_sec": 0.001860274,
      "row_count": 0
    },
    {
      "elapsed_sec": 0.0019584670662879944,
      "is_warmup": false,
      "iteration": 1935,
      "native_traversal_sec": 0.001930617,
      "row_count": 0
    },
    {
      "elapsed_sec": 0.0018597692251205444,
      "is_warmup": false,
      "iteration": 1936,
      "native_traversal_sec": 0.001832033,
      "row_count": 0
    },
    {
      "elapsed_sec": 0.0024579837918281555,
      "is_warmup": false,
      "iteration": 1937,
      "native_traversal_sec": 0.002430612,
      "row_count": 0
    },
    {
      "elapsed_sec": 0.001976095139980316,
      "is_warmup": false,
      "iteration": 1938,
      "native_traversal_sec": 0.001947957,
      "row_count": 0
    },
    {
      "elapsed_sec": 0.0019933730363845825,
      "is_warmup": false,
      "iteration": 1939,
      "native_traversal_sec": 0.001965208,
      "row_count": 0
    },
    {
      "elapsed_sec": 0.0019377917051315308,
      "is_warmup": false,
      "iteration": 1940,
      "native_traversal_sec": 0.001910696,
      "row_count": 0
    },
    {
      "elapsed_sec": 0.002138480544090271,
      "is_warmup": false,
      "iteration": 1941,
      "native_traversal_sec": 0.002110942,
      "row_count": 0
    },
    {
      "elapsed_sec": 0.001949220895767212,
      "is_warmup": false,
      "iteration": 1942,
      "native_traversal_sec": 0.001921106,
      "row_count": 0
    },
    {
      "elapsed_sec": 0.001989893615245819,
      "is_warmup": false,
      "iteration": 1943,
      "native_traversal_sec": 0.001960697,
      "row_count": 0
    },
    {
      "elapsed_sec": 0.0018909499049186707,
      "is_warmup": false,
      "iteration": 1944,
      "native_traversal_sec": 0.001863555,
      "row_count": 0
    },
    {
      "elapsed_sec": 0.0022078603506088257,
      "is_warmup": false,
      "iteration": 1945,
      "native_traversal_sec": 0.002180214,
      "row_count": 0
    },
    {
      "elapsed_sec": 0.0019307509064674377,
      "is_warmup": false,
      "iteration": 1946,
      "native_traversal_sec": 0.001902475,
      "row_count": 0
    },
    {
      "elapsed_sec": 0.0019214674830436707,
      "is_warmup": false,
      "iteration": 1947,
      "native_traversal_sec": 0.001893436,
      "row_count": 0
    },
    {
      "elapsed_sec": 0.0019043684005737305,
      "is_warmup": false,
      "iteration": 1948,
      "native_traversal_sec": 0.001876845,
      "row_count": 0
    },
    {
      "elapsed_sec": 0.0021351873874664307,
      "is_warmup": false,
      "iteration": 1949,
      "native_traversal_sec": 0.002107181,
      "row_count": 0
    },
    {
      "elapsed_sec": 0.0019216835498809814,
      "is_warmup": false,
      "iteration": 1950,
      "native_traversal_sec": 0.001893506,
      "row_count": 0
    },
    {
      "elapsed_sec": 0.0019331052899360657,
      "is_warmup": false,
      "iteration": 1951,
      "native_traversal_sec": 0.001905566,
      "row_count": 0
    },
    {
      "elapsed_sec": 0.001956850290298462,
      "is_warmup": false,
      "iteration": 1952,
      "native_traversal_sec": 0.001929007,
      "row_count": 0
    },
    {
      "elapsed_sec": 0.0019689947366714478,
      "is_warmup": false,
      "iteration": 1953,
      "native_traversal_sec": 0.001941167,
      "row_count": 0
    },
    {
      "elapsed_sec": 0.002187386155128479,
      "is_warmup": false,
      "iteration": 1954,
      "native_traversal_sec": 0.002158423,
      "row_count": 0
    },
    {
      "elapsed_sec": 0.001978442072868347,
      "is_warmup": false,
      "iteration": 1955,
      "native_traversal_sec": 0.001950177,
      "row_count": 0
    },
    {
      "elapsed_sec": 0.0019433200359344482,
      "is_warmup": false,
      "iteration": 1956,
      "native_traversal_sec": 0.001916286,
      "row_count": 0
    },
    {
      "elapsed_sec": 0.0021191686391830444,
      "is_warmup": false,
      "iteration": 1957,
      "native_traversal_sec": 0.002091141,
      "row_count": 0
    },
    {
      "elapsed_sec": 0.001942276954650879,
      "is_warmup": false,
      "iteration": 1958,
      "native_traversal_sec": 0.001909686,
      "row_count": 0
    },
    {
      "elapsed_sec": 0.001942373812198639,
      "is_warmup": false,
      "iteration": 1959,
      "native_traversal_sec": 0.001914836,
      "row_count": 0
    },
    {
      "elapsed_sec": 0.001941397786140442,
      "is_warmup": false,
      "iteration": 1960,
      "native_traversal_sec": 0.001913546,
      "row_count": 0
    },
    {
      "elapsed_sec": 0.002163827419281006,
      "is_warmup": false,
      "iteration": 1961,
      "native_traversal_sec": 0.002132093,
      "row_count": 0
    },
    {
      "elapsed_sec": 0.0019532516598701477,
      "is_warmup": false,
      "iteration": 1962,
      "native_traversal_sec": 0.001925296,
      "row_count": 0
    },
    {
      "elapsed_sec": 0.0019412636756896973,
      "is_warmup": false,
      "iteration": 1963,
      "native_traversal_sec": 0.001909336,
      "row_count": 0
    },
    {
      "elapsed_sec": 0.0019604265689849854,
      "is_warmup": false,
      "iteration": 1964,
      "native_traversal_sec": 0.001933007,
      "row_count": 0
    },
    {
      "elapsed_sec": 0.0021147653460502625,
      "is_warmup": false,
      "iteration": 1965,
      "native_traversal_sec": 0.002087381,
      "row_count": 0
    },
    {
      "elapsed_sec": 0.0019243434071540833,
      "is_warmup": false,
      "iteration": 1966,
      "native_traversal_sec": 0.001895705,
      "row_count": 0
    },
    {
      "elapsed_sec": 0.0019606351852416992,
      "is_warmup": false,
      "iteration": 1967,
      "native_traversal_sec": 0.001933637,
      "row_count": 0
    },
    {
      "elapsed_sec": 0.001918792724609375,
      "is_warmup": false,
      "iteration": 1968,
      "native_traversal_sec": 0.001890995,
      "row_count": 0
    },
    {
      "elapsed_sec": 0.0021878257393836975,
      "is_warmup": false,
      "iteration": 1969,
      "native_traversal_sec": 0.002159853,
      "row_count": 0
    },
    {
      "elapsed_sec": 0.0019502043724060059,
      "is_warmup": false,
      "iteration": 1970,
      "native_traversal_sec": 0.001921537,
      "row_count": 0
    },
    {
      "elapsed_sec": 0.0019953325390815735,
      "is_warmup": false,
      "iteration": 1971,
      "native_traversal_sec": 0.001966817,
      "row_count": 0
    },
    {
      "elapsed_sec": 0.001915179193019867,
      "is_warmup": false,
      "iteration": 1972,
      "native_traversal_sec": 0.001886086,
      "row_count": 0
    },
    {
      "elapsed_sec": 0.0021576732397079468,
      "is_warmup": false,
      "iteration": 1973,
      "native_traversal_sec": 0.002129883,
      "row_count": 0
    },
    {
      "elapsed_sec": 0.0019095316529273987,
      "is_warmup": false,
      "iteration": 1974,
      "native_traversal_sec": 0.001881425,
      "row_count": 0
    },
    {
      "elapsed_sec": 0.0019160807132720947,
      "is_warmup": false,
      "iteration": 1975,
      "native_traversal_sec": 0.001887795,
      "row_count": 0
    },
    {
      "elapsed_sec": 0.0018792897462844849,
      "is_warmup": false,
      "iteration": 1976,
      "native_traversal_sec": 0.001851474,
      "row_count": 0
    },
    {
      "elapsed_sec": 0.002113334834575653,
      "is_warmup": false,
      "iteration": 1977,
      "native_traversal_sec": 0.002085771,
      "row_count": 0
    },
    {
      "elapsed_sec": 0.001927115023136139,
      "is_warmup": false,
      "iteration": 1978,
      "native_traversal_sec": 0.001898446,
      "row_count": 0
    },
    {
      "elapsed_sec": 0.002175562083721161,
      "is_warmup": false,
      "iteration": 1979,
      "native_traversal_sec": 0.002147673,
      "row_count": 0
    },
    {
      "elapsed_sec": 0.002071276307106018,
      "is_warmup": false,
      "iteration": 1980,
      "native_traversal_sec": 0.00204316,
      "row_count": 0
    },
    {
      "elapsed_sec": 0.002126358449459076,
      "is_warmup": false,
      "iteration": 1981,
      "native_traversal_sec": 0.002098091,
      "row_count": 0
    },
    {
      "elapsed_sec": 0.0019744709134101868,
      "is_warmup": false,
      "iteration": 1982,
      "native_traversal_sec": 0.001946627,
      "row_count": 0
    },
    {
      "elapsed_sec": 0.0020364150404930115,
      "is_warmup": false,
      "iteration": 1983,
      "native_traversal_sec": 0.002008629,
      "row_count": 0
    },
    {
      "elapsed_sec": 0.001971803605556488,
      "is_warmup": false,
      "iteration": 1984,
      "native_traversal_sec": 0.001943757,
      "row_count": 0
    },
    {
      "elapsed_sec": 0.0019058138132095337,
      "is_warmup": false,
      "iteration": 1985,
      "native_traversal_sec": 0.001877575,
      "row_count": 0
    },
    {
      "elapsed_sec": 0.0020659491419792175,
      "is_warmup": false,
      "iteration": 1986,
      "native_traversal_sec": 0.002038389,
      "row_count": 0
    },
    {
      "elapsed_sec": 0.0019187629222869873,
      "is_warmup": false,
      "iteration": 1987,
      "native_traversal_sec": 0.001890506,
      "row_count": 0
    },
    {
      "elapsed_sec": 0.0019020810723304749,
      "is_warmup": false,
      "iteration": 1988,
      "native_traversal_sec": 0.001874575,
      "row_count": 0
    },
    {
      "elapsed_sec": 0.0018956959247589111,
      "is_warmup": false,
      "iteration": 1989,
      "native_traversal_sec": 0.001868175,
      "row_count": 0
    },
    {
      "elapsed_sec": 0.002022974193096161,
      "is_warmup": false,
      "iteration": 1990,
      "native_traversal_sec": 0.001995649,
      "row_count": 0
    },
    {
      "elapsed_sec": 0.0018787309527397156,
      "is_warmup": false,
      "iteration": 1991,
      "native_traversal_sec": 0.001850945,
      "row_count": 0
    },
    {
      "elapsed_sec": 0.0019339993596076965,
      "is_warmup": false,
      "iteration": 1992,
      "native_traversal_sec": 0.001906436,
      "row_count": 0
    },
    {
      "elapsed_sec": 0.0019192993640899658,
      "is_warmup": false,
      "iteration": 1993,
      "native_traversal_sec": 0.001891326,
      "row_count": 0
    },
    {
      "elapsed_sec": 0.0020811930298805237,
      "is_warmup": false,
      "iteration": 1994,
      "native_traversal_sec": 0.00205318,
      "row_count": 0
    },
    {
      "elapsed_sec": 0.001914381980895996,
      "is_warmup": false,
      "iteration": 1995,
      "native_traversal_sec": 0.001880245,
      "row_count": 0
    },
    {
      "elapsed_sec": 0.0019121691584587097,
      "is_warmup": false,
      "iteration": 1996,
      "native_traversal_sec": 0.001884715,
      "row_count": 0
    },
    {
      "elapsed_sec": 0.0019006729125976562,
      "is_warmup": false,
      "iteration": 1997,
      "native_traversal_sec": 0.001872895,
      "row_count": 0
    },
    {
      "elapsed_sec": 0.0021551698446273804,
      "is_warmup": false,
      "iteration": 1998,
      "native_traversal_sec": 0.002127282,
      "row_count": 0
    },
    {
      "elapsed_sec": 0.0019447579979896545,
      "is_warmup": false,
      "iteration": 1999,
      "native_traversal_sec": 0.001916536,
      "row_count": 0
    },
    {
      "elapsed_sec": 0.002003692090511322,
      "is_warmup": false,
      "iteration": 2000,
      "native_traversal_sec": 0.001975878,
      "row_count": 0
    },
    {
      "elapsed_sec": 0.0019847601652145386,
      "is_warmup": false,
      "iteration": 2001,
      "native_traversal_sec": 0.001957257,
      "row_count": 0
    },
    {
      "elapsed_sec": 0.0021632760763168335,
      "is_warmup": false,
      "iteration": 2002,
      "native_traversal_sec": 0.002135293,
      "row_count": 0
    },
    {
      "elapsed_sec": 0.0019588619470596313,
      "is_warmup": false,
      "iteration": 2003,
      "native_traversal_sec": 0.001929896,
      "row_count": 0
    },
    {
      "elapsed_sec": 0.0019182413816452026,
      "is_warmup": false,
      "iteration": 2004,
      "native_traversal_sec": 0.001885176,
      "row_count": 0
    },
    {
      "elapsed_sec": 0.001955755054950714,
      "is_warmup": false,
      "iteration": 2005,
      "native_traversal_sec": 0.001927676,
      "row_count": 0
    },
    {
      "elapsed_sec": 0.002168789505958557,
      "is_warmup": false,
      "iteration": 2006,
      "native_traversal_sec": 0.002141133,
      "row_count": 0
    },
    {
      "elapsed_sec": 0.0019517913460731506,
      "is_warmup": false,
      "iteration": 2007,
      "native_traversal_sec": 0.001924186,
      "row_count": 0
    },
    {
      "elapsed_sec": 0.0019466206431388855,
      "is_warmup": false,
      "iteration": 2008,
      "native_traversal_sec": 0.001919496,
      "row_count": 0
    },
    {
      "elapsed_sec": 0.0019543617963790894,
      "is_warmup": false,
      "iteration": 2009,
      "native_traversal_sec": 0.001926637,
      "row_count": 0
    }
  ],
  "workload": "lsi"
}
