POLYGON ((-86.4996507402 32.4754860835, -86.4947807386 32.4737880833, -86.4939147384 32.4734700834, -86.4923967383 32.4729330833, -86.4857267357 32.4706590832, -86.4820737348 32.4729810838, -86.4818587347 32.4730670834, -86.480861735 32.473490084, -86.479686735 32.4739680836, -86.4794547343 32.4736320838, -86.4792497342 32.4733040835, -86.4780417337 32.4711200836, -86.4774887336 32.4701380834, -86.4769777332 32.4691670832, -86.4768937335 32.4690310826, -86.4761127328 32.4676530823, -86.4758207327 32.4671450822, -86.4757107331 32.4669930828, -86.4753097333 32.4663530822, -86.475244733 32.4662350824, -86.4752077332 32.4661470822, -86.475090733 32.4659420823, -86.4751177328 32.4655300823, -86.4753147324 32.4634160821, -86.475372733 32.4630630817, -86.4753867324 32.4626670817, -86.475408733 32.4623080815, -86.4756127323 32.4601130813, -86.4756137331 32.4600170809, -86.4755767324 32.4599720811, -86.4755067329 32.4599350808, -86.4752517327 32.4598860812, -86.4752607329 32.4596560812, -86.4752777326 32.4595810807, -86.4753727321 32.4593130812, -86.4755787329 32.4594140812, -86.4763737329 32.4600570811, -86.4765927332 32.4603530807, -86.4769197335 32.4605820814, -86.4769147334 32.4609350809, -86.4774237333 32.4615110812, -86.4782757332 32.4621060811, -86.4787157334 32.4624970811, -86.4794537336 32.4633460818, -86.4818847346 32.4635020816, -86.4819177342 32.4631050816, -86.4819077342 32.4629600811, -86.4818657343 32.4628150811, -86.4818337346 32.4627450811, -86.4817937344 32.4626800812, -86.4816947346 32.4625560812, -86.4815737343 32.4624490811, -86.4810287345 32.462092081, -86.4807627343 32.4619090812, -86.4806357341 32.461811081, -86.4805207345 32.4617050812, -86.4804677339 32.461647081, -86.480374734 32.4615260811, -86.4802957344 32.461399081, -86.4802327337 32.4612640813, -86.4801837342 32.4611240811, -86.4801547339 32.4609820812, -86.480143734 32.4608380809, -86.4801547339 32.4606190806, -86.4801997341 32.4603750806, -86.4803017342 32.4601700812, -86.4804357341 32.4599780812, -86.4818407342 32.4587960808, -86.4820197343 32.4586360805, -86.4821847342 32.4584660807, -86.4823887344 32.4582300807, -86.4835197349 32.4568490802, -86.4843747352 32.4559220798, -86.4845347351 32.4557200794, -86.4847447351 32.45550308, -86.4849497352 32.4552640796, -86.4856047355 32.4545910797, -86.4860297356 32.454142079, -86.4860737351 32.454077079, -86.4866257355 32.4534240789, -86.4869657352 32.4529930793, -86.4871527357 32.4527760787, -86.4872267353 32.4526580792, -86.4874037358 32.4524140789, -86.4877227356 32.4520000788, -86.4878547359 32.4518110791, -86.4880457357 32.4514850786, -86.4881407361 32.4512820783, -86.4882817357 32.4509390782, -86.4886167354 32.4499590784, -86.4886877356 32.4497330783, -86.4889677359 32.4501030787, -86.4894717357 32.4507950785, -86.489757736 32.4512220785, -86.4899457363 32.4514880789, -86.4901137365 32.451745079, -86.490285736 32.4520250788, -86.4903597366 32.4521320784, -86.4919327369 32.4547180795, -86.4923177369 32.4553630792, -86.4960457381 32.4615150809, -86.4966467389 32.4625220805, -86.4974097392 32.4637490807, -86.497574739 32.4639900807, -86.4979817396 32.4645370812, -86.498318739 32.4649370809, -86.4986297393 32.4652860812, -86.4988457393 32.4655140811, -86.4997697401 32.4664510813, -86.4999977397 32.4666710814, -86.5002067399 32.4668900814, -86.5008077398 32.4674470815, -86.5013377404 32.4677950815, -86.50147874 32.4678780816, -86.5016237406 32.4679540817, -86.5018937401 32.4681310818, -86.5034957408 32.4686820816, -86.5039547412 32.4688150815, -86.5045587415 32.4690110818, -86.5048117412 32.4690990821, -86.5060517415 32.4694930818, -86.5064737422 32.4696160817, -86.5073957424 32.4699130821, -86.5085567422 32.4702680822, -86.5087807425 32.4704730822, -86.5087927422 32.4705740818, -86.5087657424 32.470770082, -86.5087177427 32.4708180822, -86.5086207426 32.4708640823, -86.508808743 32.4714740823, -86.5087747426 32.4717530825, -86.5088667427 32.4718720823, -86.5091077427 32.4720170821, -86.5096607429 32.4721830821, -86.5098277433 32.4721870821, -86.5102957431 32.4720380826, -86.5104237432 32.4721270826, -86.5103817433 32.4722600827, -86.5103097434 32.4723220821, -86.5102687434 32.4723290825, -86.5101487428 32.4724400823, -86.5101417431 32.4724920824, -86.5101327429 32.4725090827, -86.5101337427 32.4725360824, -86.5100697432 32.4726150827, -86.509844743 32.4728130823, -86.5097727431 32.4728580825, -86.5096837434 32.4729440829, -86.5096607429 32.4730340824, -86.509644743 32.4730680822, -86.5096047428 32.4731100827, -86.5095887429 32.4731450828, -86.5095567432 32.4731790826, -86.5093717432 32.4733380824, -86.5092757429 32.473397083, -86.5091667432 32.4734500829, -86.5090667427 32.4735180829, -86.5089447425 32.473576083, -86.5089237426 32.4735800829, -86.508823743 32.4736500829, -86.5087847427 32.4737060829, -86.508736743 32.4737260826, -86.5086887424 32.4737620829, -86.508623743 32.4737760827, -86.5085347424 32.4738110826, -86.5083577429 32.4739490828, -86.5083097423 32.4740180828, -86.5083027426 32.4740460831, -86.5082057425 32.4741290828, -86.5080767427 32.4741440829, -86.507946743 32.4742330831, -86.5079087424 32.4744060831, -86.5078937424 32.4745090828, -86.5078617426 32.4745440831, -86.5077887428 32.4746040833, -86.5076037428 32.4746210832, -86.5075667421 32.4746100831, -86.5075227427 32.4746070828, -86.5074417425 32.4746830833, -86.5074127422 32.4748060829, -86.507305742 32.4749040834, -86.5072497419 32.4748970832, -86.5071767422 32.4748970832, -86.5070807419 32.4749190834, -86.5067257421 32.475164083, -86.5065727419 32.475238083, -86.5064757418 32.4752670833, -86.5063227426 32.4753020833, -86.5062577423 32.4753080832, -86.5062017422 32.4753220835, -86.5061687417 32.4753440828, -86.5061447423 32.4753440828, -86.5061047421 32.4753720834, -86.506048742 32.4754260832, -86.5060017422 32.4756340831, -86.5058817416 32.4757300835, -86.505735742 32.475766083, -86.5056697419 32.4758030835, -86.5055347422 32.4759320837, -86.5055077415 32.476017083, -86.5054647419 32.4762210832, -86.5054247417 32.4762760836, -86.5053447422 32.4763460837, -86.5052477421 32.4764190832, -86.5051927419 32.4764760834, -86.5051617419 32.4767800831, -86.5051327416 32.4768390837, -86.5048337419 32.4771050835, -86.5047287414 32.4771820837, -86.5046407415 32.4772160834, -86.4996507402 32.4754860835))
POLYGON ((-86.4812757352 32.4774470844, -86.4812727349 32.4768720841, -86.4812297352 32.4764550847, -86.4811957349 32.4762950839, -86.4811357346 32.4760840846, -86.4810237353 32.4758090841, -86.480953735 32.4756760839, -86.4808737347 32.4755470842, -86.4807867346 32.4754220841, -86.4799047345 32.4742660836, -86.479686735 32.4739680836, -86.480861735 32.473490084, -86.4818587347 32.4730670834, -86.4820737348 32.4729810838, -86.4857267357 32.4706590832, -86.4923967383 32.4729330833, -86.4939147384 32.4734700834, -86.4947807386 32.4737880833, -86.4996507402 32.4754860835, -86.5046407415 32.4772160834, -86.5046157414 32.4772370835, -86.5045387414 32.4772470837, -86.504345742 32.477227084, -86.5041467418 32.4771980836, -86.5040727412 32.4771990839, -86.5040337418 32.477227084, -86.504001742 32.4772610837, -86.5039857412 32.4773170838, -86.5039537414 32.4773580835, -86.5039307419 32.4774190836, -86.5038827413 32.4774610836, -86.5038517413 32.4776400838, -86.5038197415 32.4777020841, -86.5037867419 32.4777440839, -86.5037797413 32.4777700839, -86.5037107417 32.4778630841, -86.5036757416 32.4779510842, -86.5036517413 32.4779780837, -86.5036137417 32.4780870842, -86.5035927417 32.4781840838, -86.5035697413 32.4782370839, -86.5035467417 32.4793940845, -86.5035237413 32.4794390844, -86.5035187412 32.4794650839, -86.5034637419 32.4795270844, -86.5034557415 32.4795600845, -86.5034077418 32.4796220842, -86.5033917419 32.4796580844, -86.5032877413 32.4797690842, -86.5032317412 32.4799060841, -86.5032077418 32.4799330845, -86.5031837415 32.4800220843, -86.503160741 32.4800580844, -86.5031447411 32.4801680842, -86.5031617418 32.4803120847, -86.5032447416 32.480497084, -86.5033437413 32.4806550843, -86.5035117416 32.4808380846, -86.5035487414 32.4809020847, -86.5035577416 32.4809900848, -86.5035487414 32.4810180845, -86.5034687419 32.4811080843, -86.5034537418 32.4811490845, -86.5034007412 32.4812230842, -86.5033267416 32.4814110848, -86.5032467412 32.4815430845, -86.5032467412 32.4815630848, -86.5032147415 32.4815980847, -86.5030387417 32.4817500844, -86.5027387413 32.4819690848, -86.5026397415 32.482028085, -86.5025317416 32.4821130847, -86.5024107412 32.482234085, -86.5023957411 32.4822830846, -86.5023547411 32.4823310847, -86.5023237412 32.4824210847, -86.5021847412 32.4827380853, -86.5021207417 32.4828590847, -86.5021177413 32.482883085, -86.5020857415 32.4829180851, -86.5019697412 32.483210085, -86.5019367415 32.4834960847, -86.5019577415 32.4836580853, -86.5020047413 32.4838800848, -86.5020177417 32.4839110851, -86.5020427409 32.4841040851, -86.5020237416 32.4842450854, -86.5019377414 32.4844710852, -86.5018967414 32.4845210854, -86.5018817413 32.484569085, -86.5018397415 32.4846250851, -86.5018357413 32.4846430857, -86.5017527414 32.4847440853, -86.5015687413 32.4849380853, -86.500918741 32.4855150853, -86.500790741 32.4856480853, -86.5007587412 32.4856960859, -86.5007507408 32.485729086, -86.5007267414 32.4857570857, -86.5007117413 32.4858130857, -86.5006797406 32.485847086, -86.5006637407 32.4859030853, -86.5005837413 32.4860130855, -86.5004297413 32.4864780855, -86.5003577413 32.486936086, -86.5003327412 32.4869700859, -86.5003017412 32.4870380856, -86.5002457412 32.4871110863, -86.5001567406 32.4872060856, -86.5001017412 32.487356086, -86.5000217409 32.4874630861, -86.4999807409 32.4875020861, -86.4999477412 32.4875880861, -86.4998987408 32.4876500863, -86.4998577408 32.4877330863, -86.4998507412 32.4877610862, -86.499825741 32.4877810858, -86.4998017408 32.4878570858, -86.4997777405 32.4878840861, -86.4996317409 32.488214086, -86.4996077406 32.4882420864, -86.4995427412 32.4883860861, -86.4994787407 32.488483086, -86.4994697405 32.4885110864, -86.4994297412 32.4885790864, -86.4994047411 32.4886070859, -86.4993967407 32.4886350862, -86.4993157405 32.4887240865, -86.4992427407 32.4888310865, -86.4991697409 32.488905086, -86.4987567405 32.4892360861, -86.4986247402 32.4894560867, -86.4985707407 32.4896200867, -86.4985547408 32.4896540863, -86.4985307405 32.4896820863, -86.4985147406 32.4897300862, -86.4984897405 32.4897570867, -86.4982597403 32.4903320866, -86.4982477407 32.4904180869, -86.4981827404 32.4906180871, -86.4981367403 32.490733087, -86.498117741 32.4908230869, -86.4980697404 32.4909410871, -86.4980367408 32.490975087, -86.4979957408 32.4910640865, -86.497922741 32.491168087, -86.4978997405 32.491217087, -86.4976397402 32.4915880869, -86.4972157408 32.4921260872, -86.4971057403 32.4922490872, -86.4970897404 32.4922830874, -86.4969357404 32.4924270875, -86.4968947404 32.4924860869, -86.4968387403 32.4925370873, -86.4967247405 32.492686087, -86.4965227399 32.4928890871, -86.4964127403 32.4930350873, -86.4962927398 32.4931610873, -86.4960367397 32.4934910876, -86.4958587403 32.4936600878, -86.4956227403 32.4938610877, -86.4951897398 32.4941690877, -86.4948577395 32.4944390875, -86.4946587402 32.4946310875, -86.4945457394 32.4947830879, -86.4945207401 32.4948310881, -86.4944477394 32.4949350881, -86.4944247399 32.4950020876, -86.4943837399 32.495052088, -86.4943517401 32.4951400879, -86.49425474 32.4953480877, -86.4942297399 32.4953740879, -86.49420874 32.4954300881, -86.4940477394 32.4957160883, -86.4940437401 32.4957400882, -86.4940117394 32.4957750879, -86.4939947397 32.4958160882, -86.49355174 32.4963960885, -86.4934707398 32.4966180885, -86.4934117394 32.4968650883, -86.4933777399 32.4971670887, -86.4933147393 32.4972790883, -86.49326474 32.4973220882, -86.4931667392 32.4973740882, -86.4929367399 32.4976010885, -86.492823739 32.4977430882, -86.4928087398 32.4978270881, -86.492787739 32.4978560887, -86.4927667391 32.4978730888, -86.4927247393 32.4978920884, -86.4926087398 32.4979950885, -86.4924977395 32.4980980884, -86.4924227392 32.4981830888, -86.4924167393 32.4982170882, -86.4924217393 32.4982610885, -86.4924027391 32.4982950887, -86.4923447393 32.4983400883, -86.4919417389 32.4985510885, -86.4918377392 32.498616089, -86.4918047396 32.4986520884, -86.4917627388 32.4987310885, -86.4917417389 32.4988170884, -86.4917447393 32.4995910893, -86.4913937388 32.5000890889, -86.4913407391 32.5000900889, -86.4912767395 32.5001370893, -86.4912637391 32.5001520889, -86.4912567394 32.5001800894, -86.4912317393 32.5002140887, -86.4910447388 32.5007130895, -86.4909387394 32.5013360895, -86.4909027394 32.5014160897, -86.4908797389 32.5015290893, -86.4908627392 32.5015600895, -86.4908437389 32.5017080894, -86.490771739 32.5018860898, -86.4907397392 32.5019280897, -86.4907317388 32.5019620892, -86.490699739 32.5019980896, -86.490699739 32.5020170898, -86.490658739 32.5020600897, -86.4906197386 32.5021140894, -86.4906037387 32.5021480895, -86.4902887391 32.5024460894, -86.4902407385 32.5025010897, -86.4900467393 32.5026670895, -86.4900547387 32.5026880897, -86.4900317392 32.5027430898, -86.4900067391 32.5027630899, -86.4900077389 32.5027840893, -86.4899667389 32.5028250895, -86.4899667389 32.5028460896, -86.4899277385 32.5028870898, -86.4893327385 32.50378809, -86.4892037386 32.5039150901, -86.4889467387 32.5042530898, -86.4889377385 32.5042810897, -86.4889147389 32.5043010902, -86.488898739 32.50435009, -86.488842739 32.5044220902, -86.4886287387 32.5046330898, -86.4885197389 32.5047780899, -86.4884637388 32.50490209, -86.4884157383 32.5049570903, -86.4884157383 32.5049780899, -86.488375739 32.5050190899, -86.4882957386 32.5051400904, -86.4882667383 32.5051650901, -86.4872307382 32.5042550898, -86.4865827376 32.5036730901, -86.4848627378 32.5021690898, -86.4842777369 32.5016460898, -86.4840477368 32.5014300897, -86.4837187369 32.5011010899, -86.4834027365 32.5007600895, -86.4832027365 32.5005260892, -86.4830127365 32.5002900896, -86.4828297371 32.5000460895, -86.4824837366 32.4995500891, -86.4819637361 32.4987690888, -86.4811977363 32.497591089, -86.4809717364 32.4972030887, -86.4808007358 32.4968740885, -86.4803907357 32.4960090885, -86.4802417357 32.4956750886, -86.4800097359 32.4951280887, -86.4789667353 32.4927330882, -86.4788617348 32.4924570876, -86.4787567352 32.4921050876, -86.4786987355 32.4918170877, -86.4786647352 32.4915240875, -86.4786617348 32.4913070872, -86.478675735 32.4910890878, -86.4787967354 32.4899420871, -86.4788717348 32.4893480872, -86.4790327354 32.4882020866, -86.479173735 32.4874090867, -86.4794137352 32.4861800865, -86.4794567348 32.4859760861, -86.4795347346 32.485690086, -86.4797057352 32.4852000859, -86.4798137352 32.4849240865, -86.4802637355 32.4839000861, -86.4804017356 32.483554086, -86.4805287349 32.4832070858, -86.4806887356 32.482715086, -86.480799735 32.4822870857, -86.4809107354 32.4817040853, -86.4810687356 32.4805930853, -86.4811517354 32.4799390848, -86.4811837352 32.4796490847, -86.4812067356 32.4793570846, -86.481266735 32.4779890849, -86.4812757352 32.4774470844))
POLYGON ((-86.4767207342 32.489174087, -86.4761557343 32.4891600873, -86.4752177341 32.4891670872, -86.471437733 32.4893030877, -86.4703237322 32.4893370874, -86.4698937329 32.4893370874, -86.4696387327 32.4893280872, -86.4678267319 32.4892330878, -86.467477732 32.4892220872, -86.4673147317 32.4892090877, -86.4674327317 32.4889010875, -86.4676897317 32.4883630875, -86.468241732 32.4873050872, -86.468395732 32.4870450871, -86.4686137325 32.4867310872, -86.4689947322 32.4862410867, -86.4691787324 32.4859910866, -86.469375732 32.4856970869, -86.4694567322 32.4855630867, -86.4695047319 32.4853970863, -86.4695527325 32.4851910868, -86.4695807321 32.4849740864, -86.4695897323 32.4846110862, -86.4695837324 32.4833730864, -86.4695647322 32.4819970856, -86.4695567318 32.4802610857, -86.4695647322 32.4794000855, -86.469575732 32.4792580856, -86.469601732 32.4790440855, -86.4696407323 32.4788310851, -86.4696977322 32.4786430852, -86.4697597322 32.4784880854, -86.469883732 32.4782220852, -86.4700287318 32.4779640853, -86.470463732 32.4772640847, -86.4705387323 32.4771360845, -86.4706047324 32.4770020845, -86.470740732 32.476642085, -86.4708247325 32.4763090849, -86.4708457324 32.4760930846, -86.4708487319 32.4759500845, -86.4708757317 32.4757360848, -86.4708727322 32.4755410844, -86.4708067321 32.4748270843, -86.4706597318 32.473967084, -86.4706237318 32.4736640842, -86.4706507316 32.4735380842, -86.4707377316 32.4732220842, -86.4709057318 32.4728130838, -86.4714767325 32.4715140835, -86.4715317318 32.4713760834, -86.4715857322 32.4711610838, -86.4716197317 32.4709430833, -86.4716517324 32.4705830831, -86.4716567324 32.470411083, -86.474141733 32.4705710836, -86.4743957325 32.4705930833, -86.4746607328 32.4706050836, -86.4747307332 32.4698500829, -86.4747617331 32.4694320832, -86.4748107326 32.469063083, -86.474962733 32.4675710823, -86.4761127328 32.4676530823, -86.4768937335 32.4690310826, -86.4769777332 32.4691670832, -86.4774887336 32.4701380834, -86.4780417337 32.4711200836, -86.4792497342 32.4733040835, -86.4794547343 32.4736320838, -86.479686735 32.4739680836, -86.4799047345 32.4742660836, -86.4807867346 32.4754220841, -86.4808737347 32.4755470842, -86.480953735 32.4756760839, -86.4810237353 32.4758090841, -86.4811357346 32.4760840846, -86.4811957349 32.4762950839, -86.4812297352 32.4764550847, -86.4812727349 32.4768720841, -86.4812757352 32.4774470844, -86.481266735 32.4779890849, -86.4812067356 32.4793570846, -86.4811837352 32.4796490847, -86.4811517354 32.4799390848, -86.4810687356 32.4805930853, -86.4809107354 32.4817040853, -86.480799735 32.4822870857, -86.4806887356 32.482715086, -86.4805287349 32.4832070858, -86.4804017356 32.483554086, -86.4802637355 32.4839000861, -86.4798137352 32.4849240865, -86.4797057352 32.4852000859, -86.4795347346 32.485690086, -86.4794567348 32.4859760861, -86.4794137352 32.4861800865, -86.479173735 32.4874090867, -86.4790327354 32.4882020866, -86.4788717348 32.4893480872, -86.478598735 32.4893200872, -86.4767207342 32.489174087))
POLYGON ((-86.4653807308 32.4737290845, -86.4656957305 32.4731290845, -86.4657767306 32.4729230841, -86.4658357302 32.472713084, -86.4659197308 32.4723600837, -86.4662607303 32.4710910835, -86.4669067304 32.4689870831, -86.4675067305 32.4671880828, -86.4675437312 32.4669720827, -86.467554731 32.4666850823, -86.4675407308 32.4664680828, -86.4674597306 32.4657590827, -86.4672677301 32.4637270823, -86.4672287306 32.463400082, -86.4671237302 32.4621710821, -86.4671227303 32.4620960814, -86.4671047308 32.4619470819, -86.4671037301 32.4617420814, -86.4671837304 32.4608850813, -86.4672767303 32.4600050815, -86.4673587303 32.459314081, -86.4673737304 32.459117081, -86.4675977307 32.4570210804, -86.4676447306 32.4566890803, -86.4679187302 32.4567590805, -86.4687347302 32.4569330804, -86.4688967305 32.4569610807, -86.4697077305 32.4571270804, -86.4702917306 32.4572230809, -86.4703627308 32.4567990806, -86.4703857312 32.4565870805, -86.4703827309 32.4564440805, -86.4703587306 32.4562340806, -86.4708107314 32.4561910801, -86.4710527312 32.4562120805, -86.471351731 32.4564080801, -86.4718137318 32.4569400805, -86.4720207315 32.4571250809, -86.4724607318 32.4573750808, -86.4728957319 32.4576690805, -86.4735907324 32.4580980809, -86.4738727325 32.4584640804, -86.4747537327 32.4591900809, -86.4753727321 32.4593130812, -86.4752777326 32.4595810807, -86.4752607329 32.4596560812, -86.4752517327 32.4598860812, -86.4755067329 32.4599350808, -86.4755767324 32.4599720811, -86.4756137331 32.4600170809, -86.4756127323 32.4601130813, -86.475408733 32.4623080815, -86.4753867324 32.4626670817, -86.475372733 32.4630630817, -86.4753147324 32.4634160821, -86.4751177328 32.4655300823, -86.475090733 32.4659420823, -86.4752077332 32.4661470822, -86.475244733 32.4662350824, -86.4753097333 32.4663530822, -86.4757107331 32.4669930828, -86.4758207327 32.4671450822, -86.4761127328 32.4676530823, -86.474962733 32.4675710823, -86.4748107326 32.469063083, -86.4747617331 32.4694320832, -86.4747307332 32.4698500829, -86.4746607328 32.4706050836, -86.4743957325 32.4705930833, -86.474141733 32.4705710836, -86.4716567324 32.470411083, -86.4716517324 32.4705830831, -86.4716197317 32.4709430833, -86.4715857322 32.4711610838, -86.4715317318 32.4713760834, -86.4714767325 32.4715140835, -86.4709057318 32.4728130838, -86.4707377316 32.4732220842, -86.4706507316 32.4735380842, -86.4706237318 32.4736640842, -86.4700707316 32.4736670838, -86.4696467313 32.4736810844, -86.4691357318 32.4736870843, -86.4680047313 32.4737140843, -86.4669897312 32.4737180842, -86.4666517311 32.473709084, -86.4663977306 32.473709084, -86.4653807308 32.4737290845))
POLYGON ((-86.453693728 32.4919120889, -86.4536287277 32.4914520883, -86.4535867279 32.4910850886, -86.4535597281 32.4899970882, -86.453570728 32.4890600883, -86.4535617278 32.4885550876, -86.4535747282 32.4873250877, -86.4535687274 32.4867480872, -86.453544728 32.4860980875, -86.4535027273 32.4857380873, -86.4533967279 32.4852140869, -86.4532797277 32.4848200871, -86.4532077278 32.4846120872, -86.4530717273 32.4842710873, -86.4529497271 32.484000087, -86.4527487273 32.4836040866, -86.4521027272 32.4821910862, -86.4519137271 32.4817090867, -86.4518697267 32.4814800867, -86.4518377269 32.4812490863, -86.451826727 32.4811210864, -86.451821727 32.4809280861, -86.4518377269 32.4799400858, -86.4518827271 32.479492086, -86.4519167265 32.4792750863, -86.451944727 32.478910086, -86.452011727 32.4775760859, -86.4520317271 32.4769950852, -86.4520467271 32.4767770852, -86.4520487268 32.4765030856, -86.452011727 32.4759120852, -86.4519487263 32.4746830848, -86.4519247269 32.4740360848, -86.4518867264 32.4735150848, -86.4518557264 32.4726140846, -86.4517457268 32.4711890843, -86.4517117265 32.4708380841, -86.4516627261 32.4707910843, -86.451524726 32.469951084, -86.4519907262 32.4697350836, -86.452211727 32.4696260836, -86.4526287267 32.4694000836, -86.4529697272 32.4699070842, -86.4530617264 32.4700300843, -86.453155727 32.4701180836, -86.4533387273 32.4702530837, -86.4535157268 32.4703590841, -86.4537277274 32.4704780842, -86.4545507271 32.4708500843, -86.4550507276 32.4710560841, -86.4560097276 32.4714690842, -86.4565267279 32.4717050843, -86.4567967282 32.4712550844, -86.4569337276 32.4709960838, -86.4569457282 32.4708910839, -86.456941728 32.4707010841, -86.4568627283 32.470265084, -86.4568047277 32.4700450836, -86.4567797276 32.4699040837, -86.4567497274 32.4696910837, -86.456756728 32.4696090834, -86.4567777279 32.4695520834, -86.456833728 32.4694740839, -86.4569307281 32.4693890836, -86.4570757279 32.4693190834, -86.4572807279 32.4691860835, -86.4573647276 32.4690970836, -86.457413728 32.4689950834, -86.4574447279 32.4688490837, -86.4574407277 32.4684890834, -86.4576537282 32.4685200837, -86.4579027277 32.4685750834, -86.4581547285 32.4686180834, -86.4583247284 32.4686280831, -86.4584947282 32.4686240837, -86.4585797286 32.4686180834, -86.4587457283 32.4685970836, -86.4589087285 32.4685580831, -86.4590657289 32.4685030833, -86.4592127283 32.4684330832, -86.4593507284 32.4683500835, -86.4595397285 32.4682050831, -86.4596497281 32.4680970832, -86.4597827282 32.4679140835, -86.4598487283 32.4677820835, -86.4599207283 32.4675770834, -86.4599357284 32.467508083, -86.459952729 32.4673660833, -86.4599557284 32.4671490832, -86.4599467282 32.4668620826, -86.4600907291 32.4668500826, -86.4603387288 32.4668430833, -86.4605927292 32.4668410832, -86.4607607285 32.4668510831, -86.4609257293 32.4668840833, -86.4613887291 32.4670610832, -86.4616087292 32.4671550828, -86.4617927293 32.4672220833, -86.4619077289 32.4672520828, -86.4620127294 32.4672690827, -86.4623137297 32.4672890831, -86.462830729 32.4673040828, -86.4630807293 32.4673290831, -86.4632457291 32.4673570832, -86.4634907293 32.4674130834, -86.4636507301 32.4674590829, -86.4638947296 32.4675180828, -86.4644707302 32.467604083, -86.4646387296 32.4676220832, -86.4647247298 32.4676100833, -86.4648097302 32.4675200829, -86.4648327297 32.4674220827, -86.46485173 32.4672100826, -86.4649217303 32.4670030827, -86.4651347299 32.466533083, -86.4652077297 32.4664030826, -86.46525173 32.4663410829, -86.4654887299 32.4660350826, -86.4657717306 32.466004083, -86.4660647305 32.4659610825, -86.4664827301 32.4658860827, -86.4667317305 32.4658510828, -86.4674597306 32.4657590827, -86.4675407308 32.4664680828, -86.467554731 32.4666850823, -86.4675437312 32.4669720827, -86.4675067305 32.4671880828, -86.4669067304 32.4689870831, -86.4662607303 32.4710910835, -86.4659197308 32.4723600837, -86.4658357302 32.472713084, -86.4657767306 32.4729230841, -86.4656957305 32.4731290845, -86.4653807308 32.4737290845, -86.4663977306 32.473709084, -86.4666517311 32.473709084, -86.4669897312 32.4737180842, -86.4680047313 32.4737140843, -86.4691357318 32.4736870843, -86.4696467313 32.4736810844, -86.4700707316 32.4736670838, -86.4706237318 32.4736640842, -86.4706597318 32.473967084, -86.4708067321 32.4748270843, -86.4708727322 32.4755410844, -86.4708757317 32.4757360848, -86.4708487319 32.4759500845, -86.4708457324 32.4760930846, -86.4708247325 32.4763090849, -86.470740732 32.476642085, -86.4706047324 32.4770020845, -86.4705387323 32.4771360845, -86.470463732 32.4772640847, -86.4700287318 32.4779640853, -86.469883732 32.4782220852, -86.4697597322 32.4784880854, -86.4696977322 32.4786430852, -86.4696407323 32.4788310851, -86.469601732 32.4790440855, -86.469575732 32.4792580856, -86.4695647322 32.4794000855, -86.4695567318 32.4802610857, -86.4695647322 32.4819970856, -86.4695837324 32.4833730864, -86.4695897323 32.4846110862, -86.4695807321 32.4849740864, -86.4695527325 32.4851910868, -86.4695047319 32.4853970863, -86.4694567322 32.4855630867, -86.469375732 32.4856970869, -86.4691787324 32.4859910866, -86.4689947322 32.4862410867, -86.4686137325 32.4867310872, -86.468395732 32.4870450871, -86.468241732 32.4873050872, -86.4676897317 32.4883630875, -86.4674327317 32.4889010875, -86.4673147317 32.4892090877, -86.4672167318 32.4895250877, -86.466769732 32.4911990877, -86.4666297313 32.4911890883, -86.4663567315 32.4911940884, -86.4654117317 32.4912230881, -86.4653277311 32.4912300877, -86.4610647301 32.4913450884, -86.4605527299 32.4913690879, -86.4601327298 32.491410088, -86.4598807299 32.4914480884, -86.458546729 32.4916920883, -86.4582927295 32.4917270888, -86.4581227296 32.4917430884, -86.4579527297 32.4917520884, -86.4576927294 32.4917520884, -86.4573547293 32.4917320888, -86.4568447288 32.4916860888, -86.4561677287 32.4916390886, -86.455827729 32.4916410881, -86.4554917285 32.4916640882, -86.4549567288 32.4917290883, -86.453693728 32.4919120889))
POLYGON ((-86.4529697272 32.4699070842, -86.4526287267 32.4694000836, -86.452211727 32.4696260836, -86.4519907262 32.4697350836, -86.451524726 32.469951084, -86.4509637263 32.4673040836, -86.4509107257 32.467090083, -86.4508387257 32.4666730831, -86.450821726 32.4663710834, -86.4507967259 32.4660870833, -86.4507227263 32.4654290831, -86.4507137261 32.4651200829, -86.4507117255 32.4645590832, -86.4506957256 32.4639520824, -86.4507047258 32.4635910826, -86.450698726 32.4631980825, -86.4507097259 32.4624230827, -86.4507457258 32.4613230822, -86.450729726 32.4608530817, -86.4507117255 32.4606890823, -86.4507097259 32.460561082, -86.4506837259 32.4603470822, -86.4508607255 32.4603580817, -86.4511337262 32.4604340821, -86.4515547261 32.460419082, -86.4524677262 32.4604140817, -86.4538107264 32.4603830817, -86.4539827268 32.4603890818, -86.4542387269 32.4603830817, -86.4544977265 32.4603660821, -86.4554897271 32.4602880821, -86.4575247274 32.4600340814, -86.4588957281 32.4598520817, -86.4595827282 32.4597730815, -86.4602677286 32.4596830816, -86.4613747288 32.4595550815, -86.4617387289 32.4594830817, -86.4631637291 32.459379081, -86.4635907289 32.4593410815, -86.4646807294 32.4592710811, -86.4653087299 32.4592370814, -86.4655677295 32.459229081, -86.4656507302 32.4592200815, -86.4660177298 32.459219081, -86.4661717298 32.4592380812, -86.4673587303 32.459314081, -86.4672767303 32.4600050815, -86.4671837304 32.4608850813, -86.4671037301 32.4617420814, -86.4671047308 32.4619470819, -86.4671227303 32.4620960814, -86.4671237302 32.4621710821, -86.4672287306 32.463400082, -86.4672677301 32.4637270823, -86.4674597306 32.4657590827, -86.4667317305 32.4658510828, -86.4664827301 32.4658860827, -86.4660647305 32.4659610825, -86.4657717306 32.466004083, -86.4654887299 32.4660350826, -86.46525173 32.4663410829, -86.4652077297 32.4664030826, -86.4651347299 32.466533083, -86.4649217303 32.4670030827, -86.46485173 32.4672100826, -86.4648327297 32.4674220827, -86.4648097302 32.4675200829, -86.4647247298 32.4676100833, -86.4646387296 32.4676220832, -86.4644707302 32.467604083, -86.4638947296 32.4675180828, -86.4636507301 32.4674590829, -86.4634907293 32.4674130834, -86.4632457291 32.4673570832, -86.4630807293 32.4673290831, -86.462830729 32.4673040828, -86.4623137297 32.4672890831, -86.4620127294 32.4672690827, -86.4619077289 32.4672520828, -86.4617927293 32.4672220833, -86.4616087292 32.4671550828, -86.4613887291 32.4670610832, -86.4609257293 32.4668840833, -86.4607607285 32.4668510831, -86.4605927292 32.4668410832, -86.4603387288 32.4668430833, -86.4600907291 32.4668500826, -86.4599467282 32.4668620826, -86.4599557284 32.4671490832, -86.459952729 32.4673660833, -86.4599357284 32.467508083, -86.4599207283 32.4675770834, -86.4598487283 32.4677820835, -86.4597827282 32.4679140835, -86.4596497281 32.4680970832, -86.4595397285 32.4682050831, -86.4593507284 32.4683500835, -86.4592127283 32.4684330832, -86.4590657289 32.4685030833, -86.4589087285 32.4685580831, -86.4587457283 32.4685970836, -86.4585797286 32.4686180834, -86.4584947282 32.4686240837, -86.4583247284 32.4686280831, -86.4581547285 32.4686180834, -86.4579027277 32.4685750834, -86.4576537282 32.4685200837, -86.4574407277 32.4684890834, -86.4574447279 32.4688490837, -86.457413728 32.4689950834, -86.4573647276 32.4690970836, -86.4572807279 32.4691860835, -86.4570757279 32.4693190834, -86.4569307281 32.4693890836, -86.456833728 32.4694740839, -86.4567777279 32.4695520834, -86.456756728 32.4696090834, -86.4567497274 32.4696910837, -86.4567797276 32.4699040837, -86.4568047277 32.4700450836, -86.4568627283 32.470265084, -86.456941728 32.4707010841, -86.4569457282 32.4708910839, -86.4569337276 32.4709960838, -86.4567967282 32.4712550844, -86.4565267279 32.4717050843, -86.4560097276 32.4714690842, -86.4550507276 32.4710560841, -86.4545507271 32.4708500843, -86.4537277274 32.4704780842, -86.4535157268 32.4703590841, -86.4533387273 32.4702530837, -86.453155727 32.4701180836, -86.4530617264 32.4700300843, -86.4529697272 32.4699070842))
POLYGON ((-86.447291726 32.4935250895, -86.4469507265 32.4932350892, -86.4469257263 32.4932370895, -86.4467147265 32.4931130892, -86.4460407259 32.4926520893, -86.4459757256 32.4926180893, -86.4458787255 32.492548089, -86.4458217256 32.4925420888, -86.4456837255 32.4924670892, -86.4455297255 32.4923510891, -86.4452777256 32.4921340893, -86.4449197254 32.4917870888, -86.4444567256 32.4913940891, -86.4443187256 32.4913540892, -86.4441977252 32.491286089, -86.4441647256 32.491286089, -86.4441317251 32.4912650892, -86.4440357257 32.4912270888, -86.4436057255 32.4910870889, -86.4434097248 32.4909860889, -86.4431017248 32.4907500885, -86.4430847251 32.4907160886, -86.4430447249 32.4906680884, -86.4430117253 32.4906120891, -86.4429787248 32.490476089, -86.4429867252 32.4903590884, -86.4430157246 32.490162089, -86.4430607248 32.4900490887, -86.4430357247 32.4896150888, -86.4430147248 32.4894680882, -86.4429857245 32.4893820884, -86.4429087245 32.4889660881, -86.4428347249 32.4887910885, -86.4428157246 32.4886810886, -86.4426367245 32.4883780883, -86.4425307251 32.4882340886, -86.4424057245 32.4881150884, -86.4423837248 32.488076088, -86.4423027246 32.4879940885, -86.4422137249 32.4879180878, -86.4420997242 32.4878360882, -86.4420757248 32.4878360882, -86.4419677249 32.4877720885, -86.4419467249 32.4877690878, -86.4418237249 32.487705088, -86.4417267248 32.4876710885, -86.4416777244 32.4876430879, -86.4416127241 32.4876230882, -86.4413807243 32.4875780878, -86.4413537246 32.487561088, -86.4406307245 32.4874990885, -86.4405057239 32.4875100885, -86.4404767245 32.4875280878, -86.4404037238 32.4874660883, -86.4403877239 32.4874310884, -86.4402207244 32.4872680883, -86.4401277236 32.4871630884, -86.440094724 32.4871360879, -86.4400787241 32.4871020881, -86.4399737236 32.4869700882, -86.4399247241 32.4868340879, -86.4398917236 32.4866550878, -86.4398667235 32.4866340877, -86.4398427241 32.4865590877, -86.4397937237 32.486469088, -86.439663724 32.486297088, -86.4395467238 32.4861680875, -86.439504724 32.4861120877, -86.4393877238 32.485994088, -86.4393547233 32.4859400877, -86.4391277235 32.4857170877, -86.439119724 32.4856930875, -86.4390627232 32.4856170879, -86.4390217232 32.4855760875, -86.4390057233 32.4855350877, -86.4389647233 32.4854870878, -86.4389327236 32.485417088, -86.4389087233 32.4853830876, -86.4388757237 32.4853010879, -86.4388517234 32.4852670874, -86.4388337238 32.4849830878, -86.4388707236 32.4847330879, -86.4389567238 32.4845160879, -86.4389797234 32.4844900876, -86.4389887236 32.4844560876, -86.4390117232 32.4844340875, -86.4390287238 32.4843920877, -86.439068724 32.4843450875, -86.4390767235 32.4843110874, -86.4391497233 32.4842210877, -86.4391657232 32.4841800874, -86.4391897235 32.4840420877, -86.4391907233 32.4839450876, -86.4391737236 32.4839250871, -86.4390437239 32.4838150873, -86.4388817235 32.4837730873, -86.4388487239 32.4837750878, -86.4388247236 32.4837590875, -86.4381757231 32.4837060877, -86.4381517229 32.4836890871, -86.4380377231 32.4836580876, -86.4379327235 32.4836060872, -86.4377447231 32.4834720876, -86.437704723 32.4834580871, -86.4375797233 32.4834430878, -86.4370797228 32.4834530873, -86.437006723 32.4834460878, -86.4368617232 32.4833710874, -86.4366097224 32.4831780873, -86.4364957226 32.483081087, -86.4364387227 32.4829990875, -86.4364137226 32.4829380874, -86.4363987226 32.4828690874, -86.4364137226 32.4819470871, -86.4364447226 32.4817330873, -86.4364607225 32.4816930868, -86.4364537228 32.4816710868, -86.4364367231 32.4816510873, -86.4365017225 32.4815750874, -86.4365217226 32.4814770873, -86.4365097229 32.4811840868, -86.4364607225 32.481040087, -86.436411723 32.4809440869, -86.4363867229 32.4809160872, -86.4363227224 32.4807990871, -86.4362977223 32.4807720869, -86.4362087226 32.4806130866, -86.4361837225 32.4805860871, -86.4361767228 32.4805510868, -86.4361437223 32.4805110866, -86.4361267226 32.480463087, -86.4360867224 32.4804130869, -86.4360457224 32.4803170869, -86.4360537228 32.4802690865, -86.4359997224 32.480219087, -86.4361537223 32.4801180869, -86.4363487223 32.4799790868, -86.4365367227 32.4798330866, -86.4377117226 32.4788950867, -86.4386017231 32.4781690859, -86.4387347232 32.4780720863, -86.4389387234 32.4779380861, -86.4394197236 32.4775710858, -86.4397047231 32.4773170861, -86.4401637236 32.4768500859, -86.4407377237 32.4761550859, -86.4409017238 32.4759830859, -86.4411387236 32.4757810858, -86.4413367239 32.4756460857, -86.441623724 32.4754930852, -86.4419297243 32.4753720857, -86.4421717242 32.4753020856, -86.4437977242 32.4749670851, -86.4442127243 32.4749160854, -86.4445337247 32.4748910856, -86.4453147245 32.4748660852, -86.4455697248 32.4748350856, -86.4457357254 32.4747950851, -86.4459727252 32.4747100853, -86.4461217252 32.4746350852, -86.4463197255 32.474492085, -86.446481725 32.4743230852, -86.4465527252 32.4742160853, -86.4466507251 32.4740180851, -86.4469287249 32.4733380847, -86.4477477252 32.4712860845, -86.4480687256 32.4705410845, -86.4482717251 32.4701440843, -86.4486467259 32.4695100843, -86.449631726 32.4679090836, -86.450113726 32.4670960834, -86.4504017259 32.4666430834, -86.4506347255 32.4664120836, -86.450821726 32.4663710834, -86.4508387257 32.4666730831, -86.4509107257 32.467090083, -86.4509637263 32.4673040836, -86.451524726 32.469951084, -86.4516627261 32.4707910843, -86.4517117265 32.4708380841, -86.4517457268 32.4711890843, -86.4518557264 32.4726140846, -86.4518867264 32.4735150848, -86.4519247269 32.4740360848, -86.4519487263 32.4746830848, -86.452011727 32.4759120852, -86.4520487268 32.4765030856, -86.4520467271 32.4767770852, -86.4520317271 32.4769950852, -86.452011727 32.4775760859, -86.451944727 32.478910086, -86.4519167265 32.4792750863, -86.4518827271 32.479492086, -86.4518377269 32.4799400858, -86.451821727 32.4809280861, -86.451826727 32.4811210864, -86.4518377269 32.4812490863, -86.4518697267 32.4814800867, -86.4519137271 32.4817090867, -86.4521027272 32.4821910862, -86.4527487273 32.4836040866, -86.4529497271 32.484000087, -86.4530717273 32.4842710873, -86.4532077278 32.4846120872, -86.4532797277 32.4848200871, -86.4533967279 32.4852140869, -86.4535027273 32.4857380873, -86.453544728 32.4860980875, -86.4535687274 32.4867480872, -86.4535747282 32.4873250877, -86.4535617278 32.4885550876, -86.453570728 32.4890600883, -86.4535597281 32.4899970882, -86.4535867279 32.4910850886, -86.4536287277 32.4914520883, -86.453693728 32.4919120889, -86.4537387282 32.492246089, -86.4538197284 32.4926720886, -86.4539407279 32.4931810888, -86.4537267285 32.4932570887, -86.4534087285 32.4933590887, -86.4532477279 32.4934000886, -86.4530817283 32.4934260887, -86.4528277278 32.4934530888, -86.4522327278 32.4934990887, -86.4517217274 32.493527089, -86.4486107269 32.4936290894, -86.4480797264 32.4936530891, -86.4474247261 32.4936980895, -86.4473567263 32.4936140895, -86.4473487259 32.4935920893, -86.447291726 32.4935250895))
POLYGON ((-86.4345047218 32.4681540841, -86.4344177218 32.468051084, -86.4341187211 32.468083084, -86.4335707209 32.4669450837, -86.4335467216 32.4669100841, -86.4335387212 32.466884084, -86.433472721 32.4667860839, -86.4334247214 32.4666840842, -86.4333997212 32.4665530835, -86.4333987214 32.4663530837, -86.4334077207 32.4662230838, -86.4333787213 32.4660740835, -86.4333337211 32.4659330835, -86.4332667212 32.465857084, -86.4332587208 32.4658390834, -86.4332157211 32.4654910834, -86.4331627205 32.4653640837, -86.4331387211 32.4653360837, -86.4330987209 32.4652600837, -86.4330737208 32.4652330834, -86.4330047212 32.4651170838, -86.4326637207 32.4648080832, -86.4325857209 32.4647110836, -86.4324477208 32.4642640835, -86.432410721 32.4640750838, -86.4323827205 32.4635690834, -86.4324657204 32.4629130833, -86.4325027202 32.4628340835, -86.4325197208 32.4627650833, -86.4325427204 32.4627360828, -86.4325517206 32.4627030833, -86.4325747211 32.4626750833, -86.4326077207 32.4625790834, -86.4325917208 32.462552083, -86.4326647206 32.4624960829, -86.4326967204 32.4624550832, -86.432728721 32.4623790831, -86.4327537203 32.4623590831, -86.4327697211 32.4623030828, -86.4328787208 32.4622070832, -86.4329477204 32.462159083, -86.4332477209 32.4620770826, -86.433426721 32.4619930827, -86.4335077212 32.4619390832, -86.4337187211 32.4617570829, -86.4337827207 32.4616500825, -86.4338077208 32.4616290826, -86.4338557214 32.4615260826, -86.4339087211 32.4613090828, -86.4339847212 32.4611130824, -86.4340927212 32.4607740824, -86.4341227213 32.4605980828, -86.4341197209 32.4604670824, -86.4346967214 32.4604620828, -86.4358007213 32.4604650829, -86.4374597218 32.4604570826, -86.4374397218 32.4608250826, -86.4374197217 32.462631083, -86.4374577222 32.4627730826, -86.4378577222 32.4633160833, -86.4381267218 32.4636140829, -86.4384177221 32.4639720835, -86.4386767226 32.4642620833, -86.4389007229 32.464481083, -86.4391117228 32.4646070836, -86.4392607227 32.4646780834, -86.4395647225 32.4648080832, -86.4398087229 32.4648750833, -86.4401447233 32.4649230835, -86.4404857229 32.4649340833, -86.4408247229 32.4648980833, -86.4410727235 32.4648440833, -86.4412337231 32.4647990836, -86.4415497235 32.4646890832, -86.4418797232 32.4646100835, -86.4418957231 32.4648130833, -86.4418987235 32.465030083, -86.4418867238 32.4652480835, -86.4418467236 32.4655960836, -86.4414987234 32.4657240835, -86.4412607229 32.4657960836, -86.441095723 32.4658320833, -86.4408437231 32.4658680837, -86.4405047232 32.4658970831, -86.4401657233 32.4659170839, -86.4399327227 32.4660040837, -86.4398707228 32.4660550833, -86.4398177231 32.4661120839, -86.4397267229 32.4662340834, -86.4396447229 32.4663610835, -86.4394777225 32.4666680839, -86.4395917232 32.4667270835, -86.4401207231 32.4669600834, -86.440654723 32.4671880836, -86.4416327233 32.467622084, -86.4419167239 32.4677360841, -86.4422607239 32.467163084, -86.4423147234 32.4671090838, -86.442490724 32.4670420839, -86.4428527235 32.4669920839, -86.4431017239 32.4669380836, -86.443429724 32.4668550833, -86.4438267237 32.4667240837, -86.4443837241 32.4665850834, -86.4460617249 32.4661800834, -86.4466337245 32.4660590835, -86.4470467249 32.4659480835, -86.448174725 32.4656820834, -86.4489217254 32.4654920831, -86.4503947262 32.4651620833, -86.4507137261 32.4651200829, -86.4507227263 32.4654290831, -86.4507967259 32.4660870833, -86.450821726 32.4663710834, -86.4506347255 32.4664120836, -86.4504017259 32.4666430834, -86.450113726 32.4670960834, -86.449631726 32.4679090836, -86.4486467259 32.4695100843, -86.4482717251 32.4701440843, -86.4480687256 32.4705410845, -86.4477477252 32.4712860845, -86.4469287249 32.4733380847, -86.4466507251 32.4740180851, -86.4465527252 32.4742160853, -86.446481725 32.4743230852, -86.4463197255 32.474492085, -86.4461217252 32.4746350852, -86.4459727252 32.4747100853, -86.4457357254 32.4747950851, -86.4455697248 32.4748350856, -86.4453147245 32.4748660852, -86.4445337247 32.4748910856, -86.4442127243 32.4749160854, -86.4437977242 32.4749670851, -86.4421717242 32.4753020856, -86.4419297243 32.4753720857, -86.441623724 32.4754930852, -86.4413367239 32.4756460857, -86.4411387236 32.4757810858, -86.4409017238 32.4759830859, -86.4407377237 32.4761550859, -86.4401637236 32.4768500859, -86.4397047231 32.4773170861, -86.4394197236 32.4775710858, -86.4389387234 32.4779380861, -86.4387347232 32.4780720863, -86.4386017231 32.4781690859, -86.4377117226 32.4788950867, -86.4365367227 32.4798330866, -86.4363487223 32.4799790868, -86.4361537223 32.4801180869, -86.4359997224 32.480219087, -86.4359567227 32.4801790866, -86.4359397221 32.4801250867, -86.4358997228 32.4800700864, -86.4358757225 32.4800220866, -86.4358027227 32.4799400866, -86.4357857221 32.479898087, -86.435719722 32.4798160869, -86.435688722 32.4797540866, -86.4356237226 32.4796640869, -86.4354687219 32.4794860865, -86.435370722 32.4793210866, -86.4353387222 32.4792170868, -86.4353547221 32.4789780865, -86.4353787224 32.4787580868, -86.4353947223 32.4787020861, -86.4354277219 32.4786610863, -86.4354347225 32.4786200864, -86.4354597226 32.478558086, -86.435483722 32.4785360868, -86.4354917224 32.4785100862, -86.4356127227 32.4783920864, -86.435678722 32.4783380861, -86.4359947223 32.4783100864, -86.4361077223 32.4782200861, -86.4361077223 32.4782000866, -86.4361327224 32.4781640866, -86.4361727226 32.4780620861, -86.4361977227 32.4780420866, -86.4362257223 32.477914086, -86.4362457224 32.477869086, -86.4362687229 32.477621086, -86.4362287227 32.4774020864, -86.4361637224 32.4771400859, -86.4361477225 32.4771060861, -86.4361227224 32.477078086, -86.4361067225 32.4770160861, -86.4360827222 32.4769930861, -86.4360747227 32.4769680862, -86.4360577221 32.476949086, -86.4357007226 32.4766280857, -86.4356437218 32.4765150858, -86.4356027218 32.4764730862, -86.4355867219 32.476425086, -86.4355217225 32.4763090856, -86.4354407223 32.4762130858, -86.4354237217 32.4761720856, -86.4353597221 32.4760890855, -86.4352857225 32.4759720859, -86.4352047223 32.4757720858, -86.4351877217 32.4757120857, -86.4351227223 32.4756090858, -86.4349927217 32.4752630857, -86.4349487222 32.4750680857, -86.4349357218 32.4750380858, -86.4349187221 32.4748660859, -86.4347687214 32.4740720857, -86.4346827221 32.4737930851, -86.4345197219 32.473388085, -86.4344527219 32.473159085, -86.4344057221 32.472885085, -86.4343817218 32.4728030853, -86.4344137216 32.4727610854, -86.4343607219 32.472449085, -86.4343117215 32.4722220849, -86.4342497215 32.4720320848, -86.4340557214 32.4715380853, -86.4339737214 32.4714070849, -86.4339657219 32.4713790846, -86.4338977212 32.4712630846, -86.4338727211 32.4712110846, -86.4338697216 32.4711820845, -86.4338437217 32.471116085, -86.433821721 32.4710770848, -86.4338187215 32.4710490851, -86.4337967218 32.471018085, -86.4337977216 32.470997085, -86.4337557218 32.4709350847, -86.4337077212 32.4707750848, -86.4336747216 32.470635085, -86.4336897217 32.4705350851, -86.4337307217 32.4704060848, -86.4338817213 32.4701440843, -86.4340007211 32.4700580843, -86.434098721 32.4699990846, -86.4342707215 32.4699590849, -86.4343647212 32.4699470846, -86.4343997213 32.4699300845, -86.4344407213 32.4699280844, -86.4346847217 32.4698500844, -86.434754722 32.4698220844, -86.4348417221 32.4696210845, -86.4347707219 32.4693600845, -86.4346347215 32.4691320845, -86.4346137216 32.4689800847, -86.4347597212 32.4687190843, -86.4347327214 32.4685510847, -86.4345047218 32.4681540841))
POLYGON ((-86.4418957231 32.4648130833, -86.4418797232 32.4646100835, -86.4415497235 32.4646890832, -86.4412337231 32.4647990836, -86.4410727235 32.4648440833, -86.4408247229 32.4648980833, -86.4404857229 32.4649340833, -86.4401447233 32.4649230835, -86.4398087229 32.4648750833, -86.4395647225 32.4648080832, -86.4392607227 32.4646780834, -86.4391117228 32.4646070836, -86.4389007229 32.464481083, -86.4386767226 32.4642620833, -86.4384177221 32.4639720835, -86.4381267218 32.4636140829, -86.4378577222 32.4633160833, -86.4374577222 32.4627730826, -86.4374197217 32.462631083, -86.4374397218 32.4608250826, -86.4374597218 32.4604570826, -86.4392927225 32.4604510825, -86.4395207221 32.4604400822, -86.4398527224 32.4604510825, -86.4402757229 32.460447082, -86.4410217225 32.4604310821, -86.4420647231 32.4603950826, -86.4435587239 32.4603800824, -86.4438527236 32.4603690821, -86.4455867245 32.460360082, -86.4459757247 32.4603390818, -86.447148725 32.4603360818, -86.448908725 32.4603110818, -86.4506837259 32.4603470822, -86.4507097259 32.460561082, -86.4507117255 32.4606890823, -86.450729726 32.4608530817, -86.4507457258 32.4613230822, -86.4507097259 32.4624230827, -86.450698726 32.4631980825, -86.4507047258 32.4635910826, -86.4506957256 32.4639520824, -86.4507117255 32.4645590832, -86.4507137261 32.4651200829, -86.4503947262 32.4651620833, -86.4489217254 32.4654920831, -86.448174725 32.4656820834, -86.4470467249 32.4659480835, -86.4466337245 32.4660590835, -86.4460617249 32.4661800834, -86.4443837241 32.4665850834, -86.4438267237 32.4667240837, -86.443429724 32.4668550833, -86.4431017239 32.4669380836, -86.4428527235 32.4669920839, -86.442490724 32.4670420839, -86.4423147234 32.4671090838, -86.4422607239 32.467163084, -86.4419167239 32.4677360841, -86.4416327233 32.467622084, -86.440654723 32.4671880836, -86.4401207231 32.4669600834, -86.4395917232 32.4667270835, -86.4394777225 32.4666680839, -86.4396447229 32.4663610835, -86.4397267229 32.4662340834, -86.4398177231 32.4661120839, -86.4398707228 32.4660550833, -86.4399327227 32.4660040837, -86.4401657233 32.4659170839, -86.4405047232 32.4658970831, -86.4408437231 32.4658680837, -86.441095723 32.4658320833, -86.4412607229 32.4657960836, -86.4414987234 32.4657240835, -86.4418467236 32.4655960836, -86.4418867238 32.4652480835, -86.4418987235 32.465030083, -86.4418957231 32.4648130833))
POLYGON ((-86.4341197209 32.4604670824, -86.4341137211 32.4601360826, -86.4341457209 32.4599780827, -86.4342267211 32.4598990826, -86.4344137207 32.4597640822, -86.4346007212 32.4597080826, -86.434632721 32.4596890825, -86.4347217215 32.4596550822, -86.4348437208 32.459627082, -86.4349817209 32.4595650822, -86.435078721 32.459482082, -86.4353247211 32.4590220824, -86.4354177209 32.4587800822, -86.4354507215 32.4587460823, -86.4354747209 32.4586910818, -86.4355437213 32.4582750821, -86.4355717209 32.4582160823, -86.435586721 32.4581130821, -86.4356117211 32.458079082, -86.4356237217 32.4578410822, -86.4355907212 32.4576900821, -86.4355827208 32.457484082, -86.435591721 32.4574420818, -86.4356267212 32.4573570816, -86.4356677212 32.4573150821, -86.4356837211 32.4572680821, -86.4357157209 32.4572330818, -86.4357207209 32.4572090815, -86.4357847214 32.4570950818, -86.4358807216 32.4568460816, -86.4359187213 32.4567240815, -86.4359677217 32.4566550819, -86.4360407215 32.4565730818, -86.4360477211 32.4565380813, -86.436145721 32.4564070818, -86.4361617209 32.4563590816, -86.4362347216 32.4562630817, -86.4362507215 32.4561730813, -86.4362827213 32.4561390812, -86.4362747209 32.4560550818, -86.4363237213 32.4557540812, -86.4364037217 32.4555320813, -86.4364277211 32.4555070815, -86.436443721 32.4554700817, -86.4364967216 32.4553960813, -86.4366387219 32.4552500815, -86.4369707212 32.4549660812, -86.4370277211 32.4548870813, -86.4370597218 32.4548590811, -86.4371497213 32.4546730816, -86.4371737216 32.4546390809, -86.4373957214 32.454109081, -86.4373837217 32.4540680813, -86.4374477213 32.4539920808, -86.4375297213 32.4538740807, -86.4377237214 32.4536960808, -86.4378447218 32.4536200808, -86.4378787212 32.4536120807, -86.4379347213 32.453579081, -86.4379757213 32.4535720806, -86.4380317214 32.453538081, -86.438120722 32.4534590806, -86.4381457221 32.4534280813, -86.438233722 32.453201081, -86.4382667216 32.4529390805, -86.4382667216 32.4528770807, -86.4382217214 32.4526050808, -86.4381277217 32.4523620809, -86.4380627214 32.4522640809, -86.4379657213 32.4520380806, -86.4379577218 32.4519830806, -86.4378597219 32.4518530804, -86.4378347218 32.4518310806, -86.4378267214 32.4517920804, -86.437802722 32.4517630809, -86.4377697215 32.4516950804, -86.4377857214 32.4516530805, -86.4377377217 32.4516050807, -86.4377217218 32.4515650805, -86.4377047212 32.4512820806, -86.4377047212 32.4511920805, -86.4377317218 32.4510570807, -86.4377687216 32.4509660805, -86.4379187214 32.4508210802, -86.4380857218 32.4507390801, -86.438166722 32.4506910806, -86.4383277217 32.4505500801, -86.4383777219 32.45048308, -86.4383847216 32.4504630804, -86.4383887218 32.45036408, -86.4383757214 32.45002308, -86.4383887218 32.44991708, -86.4384247218 32.4497400805, -86.4384247218 32.4497000802, -86.4384167214 32.4496380804, -86.438392722 32.4496040801, -86.4383197213 32.4495420802, -86.4382687212 32.44939608, -86.4382587212 32.4492910799, -86.4382897212 32.4490030802, -86.4382607217 32.4487030802, -86.4382857219 32.4486820795, -86.4383017217 32.4486270797, -86.4383427218 32.4485800798, -86.4383177216 32.4484620802, -86.4382937213 32.4484140795, -86.4382527213 32.4483660795, -86.4382157215 32.4482820797, -86.4381547214 32.4479740796, -86.4380407216 32.4478500799, -86.4380207215 32.4478010797, -86.4380367214 32.4476460798, -86.4380807218 32.4475070796, -86.4381127216 32.4472160798, -86.4392657218 32.4480330794, -86.4398437222 32.4484590797, -86.4402947222 32.4488080802, -86.4408887224 32.4493120796, -86.4414827226 32.4498390801, -86.4417097224 32.45005208, -86.4420947224 32.45043808, -86.4425267231 32.4508850805, -86.4438027234 32.4522360807, -86.4440657231 32.4525260803, -86.4441287238 32.4525760808, -86.4444967231 32.4529680804, -86.4447567234 32.4532580807, -86.4449007234 32.4533960806, -86.4450787236 32.4535980808, -86.4464957244 32.4550840806, -86.4479007245 32.4565820815, -86.4480077246 32.4566850811, -86.4484177247 32.4571320817, -86.4485857249 32.457302081, -86.4487657249 32.457510081, -86.4494747256 32.4582690812, -86.4499177253 32.4587280818, -86.4501477254 32.4590320816, -86.4503627255 32.4593440816, -86.4504687258 32.4595450816, -86.4506077258 32.4598900817, -86.4506837259 32.4603470822, -86.448908725 32.4603110818, -86.447148725 32.4603360818, -86.4459757247 32.4603390818, -86.4455867245 32.460360082, -86.4438527236 32.4603690821, -86.4435587239 32.4603800824, -86.4420647231 32.4603950826, -86.4410217225 32.4604310821, -86.4402757229 32.460447082, -86.4398527224 32.4604510825, -86.4395207221 32.4604400822, -86.4392927225 32.4604510825, -86.4374597218 32.4604570826, -86.4358007213 32.4604650829, -86.4346967214 32.4604620828, -86.4341197209 32.4604670824))
POLYGON ((-86.4237607183 32.4605290831, -86.4216577173 32.460514083, -86.4200057173 32.4605220833, -86.419914717 32.4605130832, -86.4187417167 32.4605120835, -86.4180927163 32.4604960828, -86.4172827161 32.4604260833, -86.4168647157 32.4603710831, -86.4162797157 32.4603080833, -86.4160057161 32.4602860834, -86.4151857159 32.4601960832, -86.4147817157 32.4601430831, -86.4145707158 32.4601270832, -86.4131727153 32.4599340834, -86.4116797144 32.4598040833, -86.411676714 32.4505420812, -86.4114937137 32.4361910782, -86.4115127131 32.4357730777, -86.4113737132 32.4269540765, -86.4113827125 32.4257370756, -86.4113767127 32.4247420755, -86.411359713 32.4241790758, -86.4113487131 32.4240540757, -86.4113527124 32.4240030752, -86.411559713 32.4250420756, -86.4116427128 32.4253540757, -86.4117587132 32.4257110757, -86.411882713 32.4260510758, -86.4119127131 32.4261110757, -86.4119817127 32.426299076, -86.4120407132 32.4264120759, -86.4121987134 32.4266810764, -86.4124037134 32.4270060762, -86.4126427129 32.4273330759, -86.4126847136 32.4274000765, -86.4128297134 32.4275900759, -86.4130337136 32.427828076, -86.4133627135 32.4281870764, -86.4139107137 32.4287240763, -86.4162297146 32.4309630767, -86.4173847145 32.4320430771, -86.4183037152 32.432812077, -86.4185457151 32.4329950775, -86.418679715 32.4331070773, -86.4193177156 32.433590077, -86.4235027168 32.4367240782, -86.4240047169 32.4371070776, -86.4242627166 32.4372910777, -86.4244497171 32.4374420779, -86.4257927173 32.4384480781, -86.4259717174 32.4385980779, -86.4261187178 32.4386930783, -86.426255718 32.4388000779, -86.4278417179 32.4399550787, -86.430975719 32.4421680788, -86.4309117194 32.4422760787, -86.4307787193 32.4424310787, -86.4305047188 32.4427030789, -86.430159719 32.443022079, -86.4300167189 32.4431100789, -86.429805719 32.4432950789, -86.4296747186 32.4433850792, -86.4296017188 32.4434210787, -86.429446719 32.4434780793, -86.4293637191 32.4434950791, -86.4292247183 32.4435090791, -86.429066719 32.4435460792, -86.4283987183 32.4436570789, -86.4283167183 32.4436750793, -86.4280707182 32.4437680791, -86.4278837186 32.4439400793, -86.4275347187 32.4442860792, -86.4273677183 32.444483079, -86.4269097185 32.4450910797, -86.426640718 32.4453940794, -86.426373718 32.4457240796, -86.4261547177 32.4460330797, -86.4260937176 32.4461660797, -86.4260577177 32.4463080802, -86.4260417178 32.4464500797, -86.4260267177 32.44840208, -86.4260267186 32.4505700804, -86.4260157178 32.450930081, -86.4260057187 32.452575081, -86.4260407179 32.4541490815, -86.4260457189 32.4567460823, -86.4260647182 32.4569640824, -86.4260677186 32.4571190821, -86.4260557189 32.4573970822, -86.4260547182 32.4576110823, -86.4260327184 32.4578240821, -86.4259927183 32.4579630823, -86.4258997184 32.4581630825, -86.4257557184 32.4583860826, -86.4256457188 32.4585360825, -86.4255947188 32.4586800828, -86.4255497186 32.4589040828, -86.4255437187 32.4590540826, -86.4255457184 32.4594250824, -86.4255597186 32.4600920826, -86.4255537188 32.4605040832, -86.4238197178 32.460520083, -86.4237607183 32.4605290831))
POLYGON ((-86.4309117194 32.4422760787, -86.430975719 32.4421680788, -86.4312767193 32.4423940788, -86.431416719 32.4424820786, -86.4319497191 32.4428480787, -86.4324767194 32.4432180793, -86.4325357198 32.4432720786, -86.4332557195 32.443782079, -86.4334107202 32.443883079, -86.4353497203 32.4452580793, -86.4364547208 32.4460520796, -86.4365227206 32.4460890795, -86.4368457207 32.4463280792, -86.4381127216 32.4472160798, -86.4380807218 32.4475070796, -86.4380367214 32.4476460798, -86.4380207215 32.4478010797, -86.4380407216 32.4478500799, -86.4381547214 32.4479740796, -86.4382157215 32.4482820797, -86.4382527213 32.4483660795, -86.4382937213 32.4484140795, -86.4383177216 32.4484620802, -86.4383427218 32.4485800798, -86.4383017217 32.4486270797, -86.4382857219 32.4486820795, -86.4382607217 32.4487030802, -86.4382897212 32.4490030802, -86.4382587212 32.4492910799, -86.4382687212 32.44939608, -86.4383197213 32.4495420802, -86.438392722 32.4496040801, -86.4384167214 32.4496380804, -86.4384247218 32.4497000802, -86.4384247218 32.4497400805, -86.4383887218 32.44991708, -86.4383757214 32.45002308, -86.4383887218 32.45036408, -86.4383847216 32.4504630804, -86.4383777219 32.45048308, -86.4383277217 32.4505500801, -86.438166722 32.4506910806, -86.4380857218 32.4507390801, -86.4379187214 32.4508210802, -86.4377687216 32.4509660805, -86.4377317218 32.4510570807, -86.4377047212 32.4511920805, -86.4377047212 32.4512820806, -86.4377217218 32.4515650805, -86.4377377217 32.4516050807, -86.4377857214 32.4516530805, -86.4377697215 32.4516950804, -86.437802722 32.4517630809, -86.4378267214 32.4517920804, -86.4378347218 32.4518310806, -86.4378597219 32.4518530804, -86.4379577218 32.4519830806, -86.4379657213 32.4520380806, -86.4380627214 32.4522640809, -86.4381277217 32.4523620809, -86.4382217214 32.4526050808, -86.4382667216 32.4528770807, -86.4382667216 32.4529390805, -86.438233722 32.453201081, -86.4381457221 32.4534280813, -86.438120722 32.4534590806, -86.4380317214 32.453538081, -86.4379757213 32.4535720806, -86.4379347213 32.453579081, -86.4378787212 32.4536120807, -86.4378447218 32.4536200808, -86.4377237214 32.4536960808, -86.4375297213 32.4538740807, -86.4374477213 32.4539920808, -86.4373837217 32.4540680813, -86.4373957214 32.454109081, -86.4371737216 32.4546390809, -86.4371497213 32.4546730816, -86.4370597218 32.4548590811, -86.4370277211 32.4548870813, -86.4369707212 32.4549660812, -86.4366387219 32.4552500815, -86.4364967216 32.4553960813, -86.436443721 32.4554700817, -86.4364277211 32.4555070815, -86.4364037217 32.4555320813, -86.4363237213 32.4557540812, -86.4362747209 32.4560550818, -86.4362827213 32.4561390812, -86.4362507215 32.4561730813, -86.4362347216 32.4562630817, -86.4361617209 32.4563590816, -86.436145721 32.4564070818, -86.4360477211 32.4565380813, -86.4360407215 32.4565730818, -86.4359677217 32.4566550819, -86.4359187213 32.4567240815, -86.4358807216 32.4568460816, -86.4357847214 32.4570950818, -86.4357207209 32.4572090815, -86.4357157209 32.4572330818, -86.4356837211 32.4572680821, -86.4356677212 32.4573150821, -86.4356267212 32.4573570816, -86.435591721 32.4574420818, -86.4355827208 32.457484082, -86.4355907212 32.4576900821, -86.4356237217 32.4578410822, -86.4356117211 32.458079082, -86.435586721 32.4581130821, -86.4355717209 32.4582160823, -86.4355437213 32.4582750821, -86.4354747209 32.4586910818, -86.4354507215 32.4587460823, -86.4354177209 32.4587800822, -86.4353247211 32.4590220824, -86.435078721 32.459482082, -86.4349817209 32.4595650822, -86.4348437208 32.459627082, -86.4347217215 32.4596550822, -86.434632721 32.4596890825, -86.4346007212 32.4597080826, -86.4344137207 32.4597640822, -86.4342267211 32.4598990826, -86.4341457209 32.4599780827, -86.4341137211 32.4601360826, -86.4341197209 32.4604670824, -86.4287767195 32.4605280826, -86.4255537188 32.4605040832, -86.4255597186 32.4600920826, -86.4255457184 32.4594250824, -86.4255437187 32.4590540826, -86.4255497186 32.4589040828, -86.4255947188 32.4586800828, -86.4256457188 32.4585360825, -86.4257557184 32.4583860826, -86.4258997184 32.4581630825, -86.4259927183 32.4579630823, -86.4260327184 32.4578240821, -86.4260547182 32.4576110823, -86.4260557189 32.4573970822, -86.4260677186 32.4571190821, -86.4260647182 32.4569640824, -86.4260457189 32.4567460823, -86.4260407179 32.4541490815, -86.4260057187 32.452575081, -86.4260157178 32.450930081, -86.4260267186 32.4505700804, -86.4260267177 32.44840208, -86.4260417178 32.4464500797, -86.4260577177 32.4463080802, -86.4260937176 32.4461660797, -86.4261547177 32.4460330797, -86.426373718 32.4457240796, -86.426640718 32.4453940794, -86.4269097185 32.4450910797, -86.4273677183 32.444483079, -86.4275347187 32.4442860792, -86.4278837186 32.4439400793, -86.4280707182 32.4437680791, -86.4283167183 32.4436750793, -86.4283987183 32.4436570789, -86.429066719 32.4435460792, -86.4292247183 32.4435090791, -86.4293637191 32.4434950791, -86.429446719 32.4434780793, -86.4296017188 32.4434210787, -86.4296747186 32.4433850792, -86.429805719 32.4432950789, -86.4300167189 32.4431100789, -86.430159719 32.443022079, -86.4305047188 32.4427030789, -86.4307787193 32.4424310787, -86.4309117194 32.4422760787))
POLYGON ((-86.4118497152 32.4785330873, -86.4117777152 32.4710410857, -86.4117767145 32.4657390843, -86.4116797144 32.4598040833, -86.4131727153 32.4599340834, -86.4145707158 32.4601270832, -86.4147817157 32.4601430831, -86.4151857159 32.4601960832, -86.4160057161 32.4602860834, -86.4162797157 32.4603080833, -86.4168647157 32.4603710831, -86.4172827161 32.4604260833, -86.4180927163 32.4604960828, -86.4181107167 32.4615940833, -86.4180977163 32.4630940838, -86.4181327164 32.466347084, -86.4180757165 32.4663490842, -86.4181337172 32.4664150841, -86.418067717 32.4664730843, -86.4181337172 32.4664740847, -86.4181337172 32.4669410849, -86.4181557169 32.4682430849, -86.4181587173 32.4689150848, -86.4181527165 32.469195085, -86.418093717 32.4692030853, -86.4181527165 32.4692400847, -86.418165717 32.4698170853, -86.4181767168 32.4700330855, -86.418206717 32.4703170853, -86.4182707174 32.4706780855, -86.4184677171 32.4715170855, -86.4185227173 32.4717300857, -86.4185867169 32.4719360858, -86.4186667173 32.4721420853, -86.4187947173 32.4724060861, -86.4189847173 32.4727270855, -86.419114717 32.4729130857, -86.4195347171 32.4734390856, -86.4197087172 32.4736830858, -86.4198497176 32.4739220858, -86.419955718 32.4741310858, -86.4197877177 32.4742880862, -86.4197717178 32.4743220863, -86.4195527175 32.4745080862, -86.4194637179 32.4745560859, -86.4192767174 32.474584086, -86.4187907171 32.4745760862, -86.4187257177 32.4745980864, -86.418688717 32.474618086, -86.4186447175 32.4746520859, -86.4184737169 32.4748240862, -86.4183687173 32.4749140862, -86.418303717 32.474948086, -86.4182147174 32.4749830862, -86.4181417176 32.4750520862, -86.4181097169 32.4750520862, -86.4179997173 32.4751210861, -86.4176877171 32.4753810866, -86.4176107171 32.4754710867, -86.4175587172 32.4755470864, -86.4175507168 32.4755810868, -86.4175177172 32.4756230861, -86.4175007166 32.4756640866, -86.4174637168 32.4757190865, -86.4173317166 32.4758360865, -86.4172097173 32.4759060862, -86.4171287171 32.4759260862, -86.4170887169 32.4759470865, -86.4170647166 32.4759260862, -86.4167067164 32.4758850866, -86.4166177167 32.4759130863, -86.4165507168 32.4759510863, -86.4163257166 32.4761180863, -86.4162167168 32.4761800868, -86.4159927165 32.4763460867, -86.4158397164 32.4764840868, -86.4157547169 32.476532087, -86.4155227162 32.476698087, -86.4152167168 32.4763940869, -86.4151857168 32.4763250865, -86.4141497158 32.4763150869, -86.4136557161 32.4763290871, -86.4135467163 32.4763610865, -86.4134537155 32.4764050868, -86.413322716 32.4764540866, -86.4132087162 32.4765690864, -86.4131647158 32.4766450868, -86.4130827158 32.4767430868, -86.4130387154 32.4768250867, -86.4129027159 32.4769510866, -86.4127877153 32.4769950867, -86.4124827158 32.4770380872, -86.4123947159 32.4770930871, -86.4122747153 32.4771970871, -86.4119197155 32.4776330869, -86.4118927157 32.4777100874, -86.4118817159 32.4778190875, -86.4118767159 32.4780320872, -86.4118877157 32.4782940875, -86.4118497152 32.4785330873))
POLYGON ((-86.4181327164 32.466347084, -86.4180977163 32.4630940838, -86.4181107167 32.4615940833, -86.4180927163 32.4604960828, -86.4187417167 32.4605120835, -86.419914717 32.4605130832, -86.4200057173 32.4605220833, -86.4216577173 32.460514083, -86.4237607183 32.4605290831, -86.4238197178 32.460520083, -86.4255537188 32.4605040832, -86.4287767195 32.4605280826, -86.4341197209 32.4604670824, -86.4341227213 32.4605980828, -86.4340927212 32.4607740824, -86.4339847212 32.4611130824, -86.4339087211 32.4613090828, -86.4338557214 32.4615260826, -86.4338077208 32.4616290826, -86.4337827207 32.4616500825, -86.4337187211 32.4617570829, -86.4335077212 32.4619390832, -86.433426721 32.4619930827, -86.4332477209 32.4620770826, -86.4329477204 32.462159083, -86.4328787208 32.4622070832, -86.4327697211 32.4623030828, -86.4327537203 32.4623590831, -86.432728721 32.4623790831, -86.4326967204 32.4624550832, -86.4326647206 32.4624960829, -86.4325917208 32.462552083, -86.4324537207 32.462572083, -86.4323887204 32.4625930834, -86.4323157206 32.4626270834, -86.4321137209 32.462648083, -86.4320157201 32.462676083, -86.4319677204 32.4627110835, -86.4317487202 32.4628200835, -86.4316997207 32.4628270831, -86.43147272 32.4628900834, -86.4313437201 32.4629660832, -86.4312857204 32.4629860831, -86.4312537206 32.4630070834, -86.4311887203 32.463014083, -86.43108272 32.4630480835, -86.4309947201 32.463097083, -86.43096972 32.463097083, -86.4308887198 32.4631500836, -86.4307717205 32.4632140834, -86.4304757203 32.4634340831, -86.4304187204 32.4634680835, -86.4303377202 32.4635100832, -86.4301107204 32.4635720833, -86.4299277201 32.4636950837, -86.4295837201 32.4639570832, -86.4295427201 32.4639710838, -86.4295107194 32.4639910834, -86.4292837197 32.4640530832, -86.4292027195 32.4641010832, -86.4291457196 32.4641230837, -86.4285617194 32.4645980839, -86.4284807192 32.4646460836, -86.4278977198 32.4647150839, -86.4277137197 32.4647670839, -86.427686719 32.4647700838, -86.4276207198 32.4648190838, -86.4273007192 32.4649910839, -86.4271997189 32.4650670834, -86.4270137192 32.4651700839, -86.4269727192 32.4651820842, -86.4269397195 32.4652050841, -86.426737719 32.4651960838, -86.4262427194 32.4652380842, -86.4261417191 32.465269084, -86.4259997188 32.4652880837, -86.425767719 32.4652230841, -86.4255567191 32.4651950841, -86.4254237191 32.4652120836, -86.4251917184 32.4652780836, -86.424741719 32.4653370842, -86.4244497189 32.465542084, -86.4243847186 32.4655700839, -86.4241467181 32.4655870841, -86.4240287181 32.4655700839, -86.4238737183 32.4655640842, -86.4236947182 32.4655890842, -86.4236227182 32.4656130838, -86.423500718 32.4657020841, -86.4234727184 32.4657080838, -86.4234327182 32.4657360844, -86.4231687177 32.4659980841, -86.4231087184 32.4661800842, -86.4230807179 32.4663770846, -86.4230557178 32.4664110846, -86.4230467184 32.4664390842, -86.4229667181 32.4665270841, -86.422941718 32.466566084, -86.4228367184 32.4666730846, -86.4228457177 32.4671340842, -86.4228297178 32.4672900843, -86.422756718 32.4674500843, -86.4227077185 32.4675120848, -86.422684718 32.4675730847, -86.4226597179 32.4676010847, -86.4226317183 32.4676580844, -86.422602718 32.4676910843, -86.4225337184 32.4678580844, -86.4225227177 32.4679510842, -86.4225507181 32.4682030846, -86.4225307181 32.4682960848, -86.4224857178 32.4683430843, -86.4224257185 32.4684330847, -86.4224257185 32.4684540845, -86.4223847185 32.4684950844, -86.4223687177 32.4685420846, -86.4223277177 32.468584085, -86.4223037183 32.4686460846, -86.4222637181 32.4686940844, -86.4222557177 32.4687280851, -86.4222237179 32.4687700846, -86.4221907183 32.4688320849, -86.422166718 32.4688520849, -86.4221417179 32.4689140851, -86.4221177176 32.4690110848, -86.4220737181 32.4691110849, -86.4220567184 32.469310085, -86.4220717176 32.4694600849, -86.4220207184 32.4695270853, -86.4220057183 32.4695820852, -86.4219887177 32.4697060853, -86.4220167182 32.4697850851, -86.4220287179 32.4698780853, -86.4219847184 32.4699780851, -86.4219727178 32.4700420854, -86.421997718 32.4702700853, -86.4220147177 32.4706190854, -86.422038718 32.4706470852, -86.4220467184 32.470675085, -86.4221447183 32.4707770856, -86.4221607182 32.4708130855, -86.4221687186 32.4708750851, -86.422120718 32.4710740851, -86.4220957179 32.4711050852, -86.4219747184 32.471212085, -86.4219337184 32.4712380853, -86.4217637176 32.4712860853, -86.4216867176 32.4713290855, -86.4215447182 32.4714660853, -86.4215207179 32.4715340853, -86.4214887181 32.4715700857, -86.4211637176 32.4723330856, -86.4210837181 32.4724430857, -86.4210287178 32.4725780854, -86.420986718 32.4726290857, -86.4209617179 32.4726910856, -86.4208977174 32.4727860858, -86.4208897179 32.4728140857, -86.4207117176 32.4730510857, -86.420596718 32.4731520854, -86.4203667179 32.4733790862, -86.4203307179 32.4734340861, -86.4203067176 32.4735380857, -86.4202757176 32.4739290861, -86.4202097175 32.4739910859, -86.4201287173 32.4740460861, -86.4200957177 32.474054086, -86.4200387178 32.4740880861, -86.4199827177 32.4741080858, -86.419955718 32.4741310858, -86.4198497176 32.4739220858, -86.4197087172 32.4736830858, -86.4195347171 32.4734390856, -86.419114717 32.4729130857, -86.4189847173 32.4727270855, -86.4187947173 32.4724060861, -86.4186667173 32.4721420853, -86.4185867169 32.4719360858, -86.4185227173 32.4717300857, -86.4184677171 32.4715170855, -86.4182707174 32.4706780855, -86.418206717 32.4703170853, -86.4181767168 32.4700330855, -86.418165717 32.4698170853, -86.4181527165 32.4692400847, -86.418093717 32.4692030853, -86.4181527165 32.469195085, -86.4181587173 32.4689150848, -86.4181557169 32.4682430849, -86.4181337172 32.4669410849, -86.4181337172 32.4664740847, -86.418067717 32.4664730843, -86.4181337172 32.4664150841, -86.4180757165 32.4663490842, -86.4181327164 32.466347084))
POLYGON ((-86.4130827158 32.4767430868, -86.4131647158 32.4766450868, -86.4132087162 32.4765690864, -86.413322716 32.4764540866, -86.4134537155 32.4764050868, -86.4135467163 32.4763610865, -86.4136557161 32.4763290871, -86.4141497158 32.4763150869, -86.4151857168 32.4763250865, -86.4152167168 32.4763940869, -86.4155227162 32.476698087, -86.4157547169 32.476532087, -86.4158397164 32.4764840868, -86.4159927165 32.4763460867, -86.4162167168 32.4761800868, -86.4163257166 32.4761180863, -86.4165507168 32.4759510863, -86.4166177167 32.4759130863, -86.4167067164 32.4758850866, -86.4170647166 32.4759260862, -86.4170887169 32.4759470865, -86.4171287171 32.4759260862, -86.4172097173 32.4759060862, -86.4173317166 32.4758360865, -86.4174637168 32.4757190865, -86.4175007166 32.4756640866, -86.4175177172 32.4756230861, -86.4175507168 32.4755810868, -86.4175587172 32.4755470864, -86.4176107171 32.4754710867, -86.4176877171 32.4753810866, -86.4179997173 32.4751210861, -86.4181097169 32.4750520862, -86.4181417176 32.4750520862, -86.4182147174 32.4749830862, -86.418303717 32.474948086, -86.4183687173 32.4749140862, -86.4184737169 32.4748240862, -86.4186447175 32.4746520859, -86.418688717 32.474618086, -86.4187257177 32.4745980864, -86.4187907171 32.4745760862, -86.4192767174 32.474584086, -86.4194637179 32.4745560859, -86.4195527175 32.4745080862, -86.4197717178 32.4743220863, -86.4197877177 32.4742880862, -86.419955718 32.4741310858, -86.4199847174 32.4741870863, -86.4201207178 32.4745400862, -86.420196718 32.4748110862, -86.4202727181 32.475190086, -86.4203187182 32.4753630864, -86.4203407179 32.475515086, -86.4203567178 32.4757400862, -86.4203757181 32.4761290862, -86.4203107178 32.4790320871, -86.4203047179 32.4796750872, -86.4202187177 32.4807050873, -86.4201097179 32.4827150875, -86.4197777177 32.4827350875, -86.4194177178 32.4827430881, -86.4189627175 32.4827630881, -86.4180867173 32.4828620878, -86.4172217169 32.4830330881, -86.4168917172 32.4831120883, -86.416569717 32.483204088, -86.4161677173 32.4833290879, -86.4157067172 32.483494088, -86.4151627172 32.4837140882, -86.4148607171 32.4838520884, -86.4145287168 32.4840150885, -86.4142737166 32.4841450885, -86.4140597163 32.4842650881, -86.4136447162 32.4845150885, -86.4133757166 32.4846930888, -86.4127337158 32.4851380885, -86.4121827162 32.4854930885, -86.4121257163 32.4856270888, -86.4119757156 32.4857600886, -86.4119707156 32.4855550886, -86.4119707156 32.4855350885, -86.4119417162 32.4842740888, -86.4118777157 32.4814230882, -86.411875716 32.4812730877, -86.4118747153 32.4811270881, -86.4118497152 32.4785330873, -86.4118877157 32.4782940875, -86.4118767159 32.4780320872, -86.4118817159 32.4778190875, -86.4118927157 32.4777100874, -86.4119197155 32.4776330869, -86.4122747153 32.4771970871, -86.4123947159 32.4770930871, -86.4124827158 32.4770380872, -86.4127877153 32.4769950867, -86.4129027159 32.4769510866, -86.4130387154 32.4768250867, -86.4130827158 32.4767430868))
POLYGON ((-86.4227217187 32.4754870862, -86.4269237196 32.475058086, -86.4282937196 32.475073086, -86.4300157209 32.475032086, -86.4311817206 32.475058086, -86.4319667215 32.4751840862, -86.4320477208 32.4750940857, -86.4320557212 32.4750540861, -86.4320967212 32.4750150861, -86.4321447209 32.4749440861, -86.4322497214 32.4748410854, -86.4323147208 32.4746550855, -86.4323797211 32.474565086, -86.4324047212 32.4744970853, -86.4324277216 32.4744690859, -86.4324607213 32.474393086, -86.4324847215 32.4743650858, -86.4325247208 32.4742750853, -86.4325657208 32.4742350854, -86.4325747211 32.4742080855, -86.4326067208 32.4741650859, -86.4326137214 32.4741320854, -86.4326867212 32.4740410858, -86.4326957214 32.4740080852, -86.4327687212 32.4739120852, -86.4327767216 32.4738780858, -86.4328337215 32.4737940855, -86.4333917217 32.4733090853, -86.4334577219 32.473210085, -86.4335947212 32.4730720852, -86.4336717212 32.4730100856, -86.4337727215 32.4729480851, -86.4338137215 32.4729410855, -86.4338457213 32.4729210856, -86.4339187211 32.4728960854, -86.4340917214 32.4728710851, -86.434267722 32.4728170853, -86.4343817218 32.4728030853, -86.4344057221 32.472885085, -86.4344527219 32.473159085, -86.4345197219 32.473388085, -86.4346827221 32.4737930851, -86.4347687214 32.4740720857, -86.4349187221 32.4748660859, -86.4349357218 32.4750380858, -86.4349487222 32.4750680857, -86.4349927217 32.4752630857, -86.4351227223 32.4756090858, -86.4351877217 32.4757120857, -86.4352047223 32.4757720858, -86.4352857225 32.4759720859, -86.4353597221 32.4760890855, -86.4354237217 32.4761720856, -86.4354407223 32.4762130858, -86.4355217225 32.4763090856, -86.4355867219 32.476425086, -86.4356027218 32.4764730862, -86.4356437218 32.4765150858, -86.4357007226 32.4766280857, -86.4360577221 32.476949086, -86.4360747227 32.4769680862, -86.4360827222 32.4769930861, -86.4361067225 32.4770160861, -86.4361227224 32.477078086, -86.4361477225 32.4771060861, -86.4361637224 32.4771400859, -86.4362287227 32.4774020864, -86.4362687229 32.477621086, -86.4362457224 32.477869086, -86.4362257223 32.477914086, -86.4361977227 32.4780420866, -86.4361727226 32.4780620861, -86.4361327224 32.4781640866, -86.4361077223 32.4782000866, -86.4361077223 32.4782200861, -86.4359947223 32.4783100864, -86.435678722 32.4783380861, -86.4356127227 32.4783920864, -86.4354917224 32.4785100862, -86.435483722 32.4785360868, -86.4354597226 32.478558086, -86.4354347225 32.4786200864, -86.4354277219 32.4786610863, -86.4353947223 32.4787020861, -86.4353787224 32.4787580868, -86.4353547221 32.4789780865, -86.4353387222 32.4792170868, -86.435370722 32.4793210866, -86.4354687219 32.4794860865, -86.4356237226 32.4796640869, -86.435688722 32.4797540866, -86.435719722 32.4798160869, -86.4357857221 32.479898087, -86.4358027227 32.4799400866, -86.4358757225 32.4800220866, -86.4358997228 32.4800700864, -86.4359397221 32.4801250867, -86.4359567227 32.4801790866, -86.4359997224 32.480219087, -86.4357427224 32.4803710868, -86.4355237222 32.480481087, -86.4353737224 32.4805480867, -86.4349127222 32.4807420866, -86.4328307221 32.4815860874, -86.4318287214 32.4819830871, -86.4315927214 32.4820620875, -86.4313497208 32.4821240877, -86.4311007213 32.4821690871, -86.4308487214 32.4821960876, -86.4301677212 32.4822310872, -86.4290647203 32.4823030878, -86.4287117201 32.4823090871, -86.4267307202 32.4823740872, -86.4262837194 32.4824060875, -86.4256077201 32.4824420873, -86.4224937191 32.4825770879, -86.4214497187 32.4826280879, -86.4205367186 32.482697088, -86.4201097179 32.4827150875, -86.4202187177 32.4807050873, -86.4203047179 32.4796750872, -86.4203107178 32.4790320871, -86.4203757181 32.4761290862, -86.4203567178 32.4757400862, -86.4227217187 32.4754870862))
POLYGON ((-86.4202727181 32.475190086, -86.420196718 32.4748110862, -86.4201207178 32.4745400862, -86.4199847174 32.4741870863, -86.419955718 32.4741310858, -86.4199827177 32.4741080858, -86.4200387178 32.4740880861, -86.4200957177 32.474054086, -86.4201287173 32.4740460861, -86.4202097175 32.4739910859, -86.4202757176 32.4739290861, -86.4203067176 32.4735380857, -86.4203307179 32.4734340861, -86.4203667179 32.4733790862, -86.420596718 32.4731520854, -86.4207117176 32.4730510857, -86.4208897179 32.4728140857, -86.4208977174 32.4727860858, -86.4209617179 32.4726910856, -86.420986718 32.4726290857, -86.4210287178 32.4725780854, -86.4210837181 32.4724430857, -86.4211637176 32.4723330856, -86.4214887181 32.4715700857, -86.4215207179 32.4715340853, -86.4215447182 32.4714660853, -86.4216867176 32.4713290855, -86.4217637176 32.4712860853, -86.4219337184 32.4712380853, -86.4219747184 32.471212085, -86.4220957179 32.4711050852, -86.422120718 32.4710740851, -86.4221687186 32.4708750851, -86.4221607182 32.4708130855, -86.4221447183 32.4707770856, -86.4220467184 32.470675085, -86.422038718 32.4706470852, -86.4220147177 32.4706190854, -86.421997718 32.4702700853, -86.4219727178 32.4700420854, -86.4219847184 32.4699780851, -86.4220287179 32.4698780853, -86.4220167182 32.4697850851, -86.4219887177 32.4697060853, -86.4220057183 32.4695820852, -86.4220207184 32.4695270853, -86.4220717176 32.4694600849, -86.4220567184 32.469310085, -86.4220737181 32.4691110849, -86.4221177176 32.4690110848, -86.4221417179 32.4689140851, -86.422166718 32.4688520849, -86.4221907183 32.4688320849, -86.4222237179 32.4687700846, -86.4222557177 32.4687280851, -86.4222637181 32.4686940844, -86.4223037183 32.4686460846, -86.4223277177 32.468584085, -86.4223687177 32.4685420846, -86.4223847185 32.4684950844, -86.4224257185 32.4684540845, -86.4224257185 32.4684330847, -86.4224857178 32.4683430843, -86.4225307181 32.4682960848, -86.4225507181 32.4682030846, -86.4225227177 32.4679510842, -86.4225337184 32.4678580844, -86.422602718 32.4676910843, -86.4226317183 32.4676580844, -86.4226597179 32.4676010847, -86.422684718 32.4675730847, -86.4227077185 32.4675120848, -86.422756718 32.4674500843, -86.4228297178 32.4672900843, -86.4228457177 32.4671340842, -86.4228367184 32.4666730846, -86.422941718 32.466566084, -86.4229667181 32.4665270841, -86.4230467184 32.4664390842, -86.4230557178 32.4664110846, -86.4230807179 32.4663770846, -86.4231087184 32.4661800842, -86.4231687177 32.4659980841, -86.4234327182 32.4657360844, -86.4234727184 32.4657080838, -86.423500718 32.4657020841, -86.4236227182 32.4656130838, -86.4236947182 32.4655890842, -86.4238737183 32.4655640842, -86.4240287181 32.4655700839, -86.4241467181 32.4655870841, -86.4243847186 32.4655700839, -86.4244497189 32.465542084, -86.424741719 32.4653370842, -86.4251917184 32.4652780836, -86.4254237191 32.4652120836, -86.4255567191 32.4651950841, -86.425767719 32.4652230841, -86.4259997188 32.4652880837, -86.4261417191 32.465269084, -86.4262427194 32.4652380842, -86.426737719 32.4651960838, -86.4269397195 32.4652050841, -86.4269727192 32.4651820842, -86.4270137192 32.4651700839, -86.4271997189 32.4650670834, -86.4273007192 32.4649910839, -86.4276207198 32.4648190838, -86.427686719 32.4647700838, -86.4277137197 32.4647670839, -86.4278977198 32.4647150839, -86.4284807192 32.4646460836, -86.4285617194 32.4645980839, -86.4291457196 32.4641230837, -86.4292027195 32.4641010832, -86.4292837197 32.4640530832, -86.4295107194 32.4639910834, -86.4295427201 32.4639710838, -86.4295837201 32.4639570832, -86.4299277201 32.4636950837, -86.4301107204 32.4635720833, -86.4303377202 32.4635100832, -86.4304187204 32.4634680835, -86.4304757203 32.4634340831, -86.4307717205 32.4632140834, -86.4308887198 32.4631500836, -86.43096972 32.463097083, -86.4309947201 32.463097083, -86.43108272 32.4630480835, -86.4311887203 32.463014083, -86.4312537206 32.4630070834, -86.4312857204 32.4629860831, -86.4313437201 32.4629660832, -86.43147272 32.4628900834, -86.4316997207 32.4628270831, -86.4317487202 32.4628200835, -86.4319677204 32.4627110835, -86.4320157201 32.462676083, -86.4321137209 32.462648083, -86.4323157206 32.4626270834, -86.4323887204 32.4625930834, -86.4324537207 32.462572083, -86.4325917208 32.462552083, -86.4326077207 32.4625790834, -86.4325747211 32.4626750833, -86.4325517206 32.4627030833, -86.4325427204 32.4627360828, -86.4325197208 32.4627650833, -86.4325027202 32.4628340835, -86.4324657204 32.4629130833, -86.4323827205 32.4635690834, -86.432410721 32.4640750838, -86.4324477208 32.4642640835, -86.4325857209 32.4647110836, -86.4326637207 32.4648080832, -86.4330047212 32.4651170838, -86.4330737208 32.4652330834, -86.4330987209 32.4652600837, -86.4331387211 32.4653360837, -86.4331627205 32.4653640837, -86.4332157211 32.4654910834, -86.4332587208 32.4658390834, -86.4332667212 32.465857084, -86.4333337211 32.4659330835, -86.4333787213 32.4660740835, -86.4334077207 32.4662230838, -86.4333987214 32.4663530837, -86.4333997212 32.4665530835, -86.4334247214 32.4666840842, -86.433472721 32.4667860839, -86.4335387212 32.466884084, -86.4335467216 32.4669100841, -86.4335707209 32.4669450837, -86.4341187211 32.468083084, -86.4344177218 32.468051084, -86.4345047218 32.4681540841, -86.4347327214 32.4685510847, -86.4347597212 32.4687190843, -86.4346137216 32.4689800847, -86.4346347215 32.4691320845, -86.4347707219 32.4693600845, -86.4348417221 32.4696210845, -86.434754722 32.4698220844, -86.4346847217 32.4698500844, -86.4344407213 32.4699280844, -86.4343997213 32.4699300845, -86.4343647212 32.4699470846, -86.4342707215 32.4699590849, -86.434098721 32.4699990846, -86.4340007211 32.4700580843, -86.4338817213 32.4701440843, -86.4337307217 32.4704060848, -86.4336897217 32.4705350851, -86.4336747216 32.470635085, -86.4337077212 32.4707750848, -86.4337557218 32.4709350847, -86.4337977216 32.470997085, -86.4337967218 32.471018085, -86.4338187215 32.4710490851, -86.433821721 32.4710770848, -86.4338437217 32.471116085, -86.4338697216 32.4711820845, -86.4338727211 32.4712110846, -86.4338977212 32.4712630846, -86.4339657219 32.4713790846, -86.4339737214 32.4714070849, -86.4340557214 32.4715380853, -86.4342497215 32.4720320848, -86.4343117215 32.4722220849, -86.4343607219 32.472449085, -86.4344137216 32.4727610854, -86.4343817218 32.4728030853, -86.434267722 32.4728170853, -86.4340917214 32.4728710851, -86.4339187211 32.4728960854, -86.4338457213 32.4729210856, -86.4338137215 32.4729410855, -86.4337727215 32.4729480851, -86.4336717212 32.4730100856, -86.4335947212 32.4730720852, -86.4334577219 32.473210085, -86.4333917217 32.4733090853, -86.4328337215 32.4737940855, -86.4327767216 32.4738780858, -86.4327687212 32.4739120852, -86.4326957214 32.4740080852, -86.4326867212 32.4740410858, -86.4326137214 32.4741320854, -86.4326067208 32.4741650859, -86.4325747211 32.4742080855, -86.4325657208 32.4742350854, -86.4325247208 32.4742750853, -86.4324847215 32.4743650858, -86.4324607213 32.474393086, -86.4324277216 32.4744690859, -86.4324047212 32.4744970853, -86.4323797211 32.474565086, -86.4323147208 32.4746550855, -86.4322497214 32.4748410854, -86.4321447209 32.4749440861, -86.4320967212 32.4750150861, -86.4320557212 32.4750540861, -86.4320477208 32.4750940857, -86.4319667215 32.4751840862, -86.4311817206 32.475058086, -86.4300157209 32.475032086, -86.4282937196 32.475073086, -86.4269237196 32.475058086, -86.4227217187 32.4754870862, -86.4203567178 32.4757400862, -86.4203407179 32.475515086, -86.4203187182 32.4753630864, -86.4202727181 32.475190086))
POLYGON ((-86.4624717272 32.4311650749, -86.4623777275 32.430752075, -86.4622997277 32.4306250748, -86.4616837268 32.430140075, -86.4615347269 32.4299640747, -86.4614997276 32.4298260753, -86.4616257271 32.429648075, -86.4621327273 32.4293340751, -86.4623977276 32.4291100751, -86.4625337271 32.4288940746, -86.462554727 32.428768075, -86.4625407277 32.4286100747, -86.4624057271 32.4283960747, -86.4621387271 32.4282380745, -86.4619337271 32.4282190747, -86.4613587271 32.4283180744, -86.461205727 32.4282710745, -86.4612027266 32.4279240743, -86.4610687267 32.4274190743, -86.4610747266 32.4270960746, -86.4625187271 32.4279640744, -86.4628467271 32.4281510746, -86.4629797272 32.4282400748, -86.4636007281 32.4286070743, -86.4638747277 32.4287820749, -86.4643987276 32.4290890745, -86.4654647287 32.4297380745, -86.4663207288 32.4302370747, -86.4665407289 32.4303550747, -86.4668427291 32.4304980751, -86.4672367292 32.4306560752, -86.4675287293 32.4307830753, -86.4678387289 32.4308770749, -86.4683707292 32.4310020753, -86.4688177291 32.4310470752, -86.4689007289 32.4310610748, -86.4692717296 32.431092075, -86.46984873 32.431119075, -86.4701247293 32.4310970747, -86.4711817302 32.4310880747, -86.47140873 32.431092075, -86.4772367319 32.4310100745, -86.4776027316 32.4310180743, -86.4786937319 32.4309940747, -86.4804147324 32.4309710743, -86.4812747327 32.4309690749, -86.482986733 32.4309800743, -86.4855657342 32.4310180743, -86.4885697347 32.4310500739, -86.4890787354 32.4310470744, -86.489860735 32.4310610741, -86.4903797357 32.4310590739, -86.4904827357 32.4310730743, -86.4907567353 32.4310520741, -86.4935907359 32.431004074, -86.4976717373 32.4309260736, -86.4979157377 32.4309170736, -86.4982387377 32.4309240742, -86.501048738 32.4308630737, -86.5027167388 32.430839074, -86.5034437391 32.4308110739, -86.5029287385 32.431415074, -86.5021007389 32.4323550742, -86.5018407386 32.4326050739, -86.5015367388 32.4329560744, -86.4993317377 32.4353960751, -86.4975667377 32.4373680755, -86.4955717376 32.4396310762, -86.494902737 32.4403780764, -86.4945697369 32.4407310762, -86.4944507371 32.4408430762, -86.4944017367 32.4409030761, -86.4937647369 32.4414410761, -86.4936347372 32.4415380765, -86.4920247361 32.4426310763, -86.491763736 32.442821077, -86.4915767364 32.4429690764, -86.4913417362 32.4431800767, -86.4911147364 32.4433990769, -86.4908507359 32.4436860772, -86.4906157357 32.443989077, -86.4904857361 32.4441780772, -86.4903657364 32.4443700767, -86.4902537362 32.4445670771, -86.4901857365 32.4447000769, -86.4900937364 32.4449050775, -86.4899357362 32.4453190776, -86.4898687363 32.445530077, -86.4887587357 32.4495370786, -86.4886877356 32.4497330783, -86.4881817361 32.4490810785, -86.487761736 32.4485800783, -86.4875217358 32.4482770779, -86.4872877354 32.4479670781, -86.4869747354 32.4475210782, -86.4869077355 32.447395078, -86.4864827353 32.4469080777, -86.486207735 32.4466120779, -86.4853997345 32.4458310777, -86.4846147345 32.4450980777, -86.4841197341 32.4446600774, -86.4839417347 32.4445220771, -86.4834127339 32.4440790774, -86.482770734 32.4435740769, -86.4820307333 32.4430190768, -86.4815337332 32.4426590772, -86.4810037335 32.4422930772, -86.4803317334 32.4418450766, -86.4793657328 32.4412350768, -86.4784457322 32.4406920764, -86.4780847325 32.4404890769, -86.4771317323 32.4399740769, -86.4761827322 32.4395040764, -86.4758337314 32.4393380768, -86.4754477316 32.4391920767, -86.4749457314 32.4390780762, -86.4746547312 32.4389710762, -86.4734477314 32.4384630766, -86.4725567311 32.4381170763, -86.4721757304 32.4379560764, -86.4719457303 32.4378370765, -86.4713447304 32.437559076, -86.4710297299 32.4374390763, -86.4708457298 32.4373740764, -86.4703887298 32.4372320762, -86.4703097302 32.4372020766, -86.4696607297 32.4370270764, -86.4689237294 32.4368390764, -86.4679657292 32.436611076, -86.4659447291 32.4361470764, -86.4654427289 32.436043076, -86.4648587288 32.4359400763, -86.4644347285 32.4358760761, -86.4634987279 32.4357380759, -86.4628387276 32.4356570758, -86.4627087279 32.4353350761, -86.4626387276 32.4347730759, -86.4628157281 32.4343390757, -86.4628307281 32.4339870759, -86.4627457277 32.4336760754, -86.4624747276 32.4333580757, -86.4624277277 32.4331150755, -86.4626917273 32.4324540755, -86.4629977276 32.4320300754, -86.4630177277 32.4318580753, -86.4628747276 32.4315250756, -86.4624717272 32.4311650749))
POLYGON ((-86.4664577291 32.4484540788, -86.4662987291 32.448364079, -86.4656757295 32.448627079, -86.4654907295 32.4485610789, -86.4654847297 32.448425079, -86.4656677291 32.4480710791, -86.4656957296 32.4478630785, -86.4656597296 32.4477250785, -86.4653657289 32.4475380788, -86.4652017289 32.4475040784, -86.4650787289 32.447528079, -86.4645617287 32.4479250788, -86.4644787288 32.447916079, -86.4643947292 32.447837079, -86.4642867292 32.4472100789, -86.464390729 32.4466600788, -86.464385729 32.4463460783, -86.4646817292 32.4461040782, -86.4647157287 32.4460040784, -86.4645787293 32.445873078, -86.4642927291 32.445918078, -86.4639557288 32.4458840786, -86.4637067284 32.445763078, -86.4636427288 32.4454570783, -86.4638207282 32.4451430781, -86.4638307282 32.4448260779, -86.4636897286 32.4446540779, -86.4634127286 32.4444940783, -86.4632837288 32.4443560784, -86.4631277282 32.4439200782, -86.4631317284 32.4438150778, -86.4635167284 32.4434970775, -86.4635297288 32.4433620775, -86.4633647281 32.4432100782, -86.4628807284 32.4431320778, -86.4626687277 32.4430310777, -86.462066728 32.442361078, -86.4619557277 32.4421740777, -86.4619807278 32.4412320776, -86.4621487281 32.4407620777, -86.4624667281 32.4403420772, -86.4625077281 32.440169077, -86.4624797276 32.4400310774, -86.4623507277 32.4399010774, -86.462246728 32.4398530774, -86.4622137275 32.4398280771, -86.4619107275 32.4396660773, -86.4619087279 32.4395610772, -86.4620907274 32.4392090773, -86.4619147277 32.4386680769, -86.461969728 32.4384260766, -86.4621357276 32.4382200765, -86.4623607278 32.4377740769, -86.4624727279 32.4373250766, -86.4626527279 32.4369000767, -86.4627207276 32.4364050763, -86.4628437276 32.4360230763, -86.4628577279 32.4357020764, -86.4628387276 32.4356570758, -86.4634987279 32.4357380759, -86.4644347285 32.4358760761, -86.4648587288 32.4359400763, -86.4654427289 32.436043076, -86.4659447291 32.4361470764, -86.4679657292 32.436611076, -86.4689237294 32.4368390764, -86.4696607297 32.4370270764, -86.4703097302 32.4372020766, -86.4703887298 32.4372320762, -86.4708457298 32.4373740764, -86.4710297299 32.4374390763, -86.4713447304 32.437559076, -86.4719457303 32.4378370765, -86.4721757304 32.4379560764, -86.4725567311 32.4381170763, -86.4734477314 32.4384630766, -86.4731497306 32.4386530762, -86.4729117309 32.4387830765, -86.4726277304 32.4389500763, -86.471700731 32.4395800769, -86.4705937299 32.4403530769, -86.4697087303 32.4409820769, -86.4694737301 32.4411620768, -86.46882273 32.4416280771, -86.4677517298 32.4423550775, -86.4673527296 32.4426310778, -86.4670937291 32.4428240776, -86.466863729 32.443041078, -86.466714729 32.4432210776, -86.4665517297 32.4434780778, -86.4664867294 32.4436150775, -86.466432729 32.4437530777, -86.466370729 32.4439650777, -86.466324729 32.4442570781, -86.466329729 32.4445490783, -86.4663617297 32.4448400784, -86.4664607295 32.4454200781, -86.4668657295 32.4474010789, -86.4672927302 32.4495850787, -86.4674647297 32.4503750793, -86.46755573 32.4507330794, -86.46771473 32.4512280792, -86.46779673 32.4514360796, -86.4679287302 32.4517070794, -86.46807373 32.4519730798, -86.4681907302 32.4521690796, -86.4691117306 32.4535730797, -86.4692677303 32.4538000798, -86.4694127309 32.4540400801, -86.4695517308 32.4542280798, -86.4697187303 32.4544780802, -86.4698617305 32.4546710804, -86.4700797309 32.4551640801, -86.470207731 32.4554900802, -86.4703147311 32.4559580803, -86.4703217308 32.45604908, -86.4703587306 32.4562340806, -86.4699227306 32.4562550803, -86.4696157304 32.4561630803, -86.4693167307 32.4559430802, -86.4691377306 32.4556200804, -86.4690417303 32.4553890804, -86.4689797304 32.4550730804, -86.4688247306 32.4550030804, -86.4688277309 32.4549400799, -86.4689127304 32.4546990799, -86.4687557301 32.4545610798, -86.4683737305 32.4544090804, -86.4682257303 32.4542820802, -86.4671737304 32.4528710801, -86.4660527299 32.4520100795, -86.4657757299 32.4519460793, -86.4652517291 32.4516140794, -86.4652177297 32.4514780796, -86.4652837289 32.4511640792, -86.4652007291 32.4510870795, -86.4648697295 32.4510710795, -86.4647827295 32.4509980791, -86.4647777295 32.4509280798, -86.465072729 32.4505050793, -86.4650717292 32.4498780789, -86.4654517292 32.449667079, -86.4655797292 32.4493630787, -86.4660267291 32.4491100789, -86.4662317291 32.4489350791, -86.4664167291 32.4486590791, -86.4664577291 32.4484540788))
POLYGON ((-86.4710527312 32.4562120805, -86.4708107314 32.4561910801, -86.4703587306 32.4562340806, -86.4703217308 32.45604908, -86.4703147311 32.4559580803, -86.470207731 32.4554900802, -86.4700797309 32.4551640801, -86.4698617305 32.4546710804, -86.4697187303 32.4544780802, -86.4695517308 32.4542280798, -86.4694127309 32.4540400801, -86.4692677303 32.4538000798, -86.4691117306 32.4535730797, -86.4681907302 32.4521690796, -86.46807373 32.4519730798, -86.4679287302 32.4517070794, -86.46779673 32.4514360796, -86.46771473 32.4512280792, -86.46755573 32.4507330794, -86.4674647297 32.4503750793, -86.4672927302 32.4495850787, -86.4668657295 32.4474010789, -86.4664607295 32.4454200781, -86.4663617297 32.4448400784, -86.466329729 32.4445490783, -86.466324729 32.4442570781, -86.466370729 32.4439650777, -86.466432729 32.4437530777, -86.4664867294 32.4436150775, -86.4665517297 32.4434780778, -86.466714729 32.4432210776, -86.466863729 32.443041078, -86.4670937291 32.4428240776, -86.4673527296 32.4426310778, -86.4677517298 32.4423550775, -86.46882273 32.4416280771, -86.4694737301 32.4411620768, -86.4697087303 32.4409820769, -86.4705937299 32.4403530769, -86.471700731 32.4395800769, -86.4726277304 32.4389500763, -86.4729117309 32.4387830765, -86.4731497306 32.4386530762, -86.4734477314 32.4384630766, -86.4746547312 32.4389710762, -86.4749457314 32.4390780762, -86.4754477316 32.4391920767, -86.4758337314 32.4393380768, -86.4761827322 32.4395040764, -86.4771317323 32.4399740769, -86.4780847325 32.4404890769, -86.4784457322 32.4406920764, -86.4793657328 32.4412350768, -86.4803317334 32.4418450766, -86.4810037335 32.4422930772, -86.4815337332 32.4426590772, -86.4820307333 32.4430190768, -86.482770734 32.4435740769, -86.4834127339 32.4440790774, -86.4839417347 32.4445220771, -86.4841197341 32.4446600774, -86.4846147345 32.4450980777, -86.4853997345 32.4458310777, -86.486207735 32.4466120779, -86.4864827353 32.4469080777, -86.4869077355 32.447395078, -86.4869747354 32.4475210782, -86.4872877354 32.4479670781, -86.4875217358 32.4482770779, -86.487761736 32.4485800783, -86.4881817361 32.4490810785, -86.4886877356 32.4497330783, -86.4886167354 32.4499590784, -86.4882817357 32.4509390782, -86.4881407361 32.4512820783, -86.4880457357 32.4514850786, -86.4878547359 32.4518110791, -86.4877227356 32.4520000788, -86.4874037358 32.4524140789, -86.4872267353 32.4526580792, -86.4871527357 32.4527760787, -86.4869657352 32.4529930793, -86.4866257355 32.4534240789, -86.4860737351 32.454077079, -86.4860297356 32.454142079, -86.4856047355 32.4545910797, -86.4849497352 32.4552640796, -86.4847447351 32.45550308, -86.4845347351 32.4557200794, -86.4843747352 32.4559220798, -86.4835197349 32.4568490802, -86.4823887344 32.4582300807, -86.4821847342 32.4584660807, -86.4820197343 32.4586360805, -86.4818407342 32.4587960808, -86.4804357341 32.4599780812, -86.4803017342 32.4601700812, -86.4801997341 32.4603750806, -86.4801547339 32.4606190806, -86.480143734 32.4608380809, -86.4801547339 32.4609820812, -86.4801837342 32.4611240811, -86.4802327337 32.4612640813, -86.4802957344 32.461399081, -86.480374734 32.4615260811, -86.4804677339 32.461647081, -86.4805207345 32.4617050812, -86.4806357341 32.461811081, -86.4807627343 32.4619090812, -86.4810287345 32.462092081, -86.4815737343 32.4624490811, -86.4816947346 32.4625560812, -86.4817937344 32.4626800812, -86.4818337346 32.4627450811, -86.4818657343 32.4628150811, -86.4819077342 32.4629600811, -86.4819177342 32.4631050816, -86.4818847346 32.4635020816, -86.4794537336 32.4633460818, -86.4787157334 32.4624970811, -86.4782757332 32.4621060811, -86.4774237333 32.4615110812, -86.4769147334 32.4609350809, -86.4769197335 32.4605820814, -86.4765927332 32.4603530807, -86.4763737329 32.4600570811, -86.4755787329 32.4594140812, -86.4753727321 32.4593130812, -86.4747537327 32.4591900809, -86.4738727325 32.4584640804, -86.4735907324 32.4580980809, -86.4728957319 32.4576690805, -86.4724607318 32.4573750808, -86.4720207315 32.4571250809, -86.4718137318 32.4569400805, -86.471351731 32.4564080801, -86.4710527312 32.4562120805))
POLYGON ((-86.4511337262 32.4604340821, -86.4508607255 32.4603580817, -86.4506837259 32.4603470822, -86.4506077258 32.4598900817, -86.4504687258 32.4595450816, -86.4503627255 32.4593440816, -86.4501477254 32.4590320816, -86.4499177253 32.4587280818, -86.4494747256 32.4582690812, -86.4487657249 32.457510081, -86.4485857249 32.457302081, -86.4484177247 32.4571320817, -86.4480077246 32.4566850811, -86.4479007245 32.4565820815, -86.4464957244 32.4550840806, -86.4450787236 32.4535980808, -86.4449007234 32.4533960806, -86.4447567234 32.4532580807, -86.4444967231 32.4529680804, -86.4441287238 32.4525760808, -86.4440657231 32.4525260803, -86.4438027234 32.4522360807, -86.4425267231 32.4508850805, -86.4420947224 32.45043808, -86.4417097224 32.45005208, -86.4414827226 32.4498390801, -86.4408887224 32.4493120796, -86.4402947222 32.4488080802, -86.4398437222 32.4484590797, -86.4392657218 32.4480330794, -86.4381127216 32.4472160798, -86.4368457207 32.4463280792, -86.4365227206 32.4460890795, -86.4364547208 32.4460520796, -86.4353497203 32.4452580793, -86.4334107202 32.443883079, -86.4335517198 32.443796079, -86.4337927198 32.443668079, -86.4368197207 32.4421610783, -86.440239722 32.440472078, -86.4409847218 32.440118078, -86.4417437219 32.4397770779, -86.4421797219 32.4395910775, -86.4498317242 32.4445030784, -86.4527787256 32.4464420789, -86.4572697271 32.4494610796, -86.4597257274 32.4510990793, -86.4603947279 32.4522420798, -86.4605197276 32.4524420798, -86.4602777287 32.4576140809, -86.4602677286 32.4596830816, -86.4595827282 32.4597730815, -86.4588957281 32.4598520817, -86.4575247274 32.4600340814, -86.4554897271 32.4602880821, -86.4544977265 32.4603660821, -86.4542387269 32.4603830817, -86.4539827268 32.4603890818, -86.4538107264 32.4603830817, -86.4524677262 32.4604140817, -86.4515547261 32.460419082, -86.4511337262 32.4604340821))
POLYGON ((-86.4602677286 32.4596830816, -86.4602777287 32.4576140809, -86.4605197276 32.4524420798, -86.4603947279 32.4522420798, -86.4597257274 32.4510990793, -86.4572697271 32.4494610796, -86.4527787256 32.4464420789, -86.4498317242 32.4445030784, -86.4421797219 32.4395910775, -86.4417437219 32.4397770779, -86.4409847218 32.440118078, -86.440239722 32.440472078, -86.4368197207 32.4421610783, -86.4337927198 32.443668079, -86.4335517198 32.443796079, -86.4334107202 32.443883079, -86.4332557195 32.443782079, -86.4325357198 32.4432720786, -86.4324767194 32.4432180793, -86.4319497191 32.4428480787, -86.431416719 32.4424820786, -86.4312767193 32.4423940788, -86.430975719 32.4421680788, -86.4278417179 32.4399550787, -86.426255718 32.4388000779, -86.4261187178 32.4386930783, -86.4259717174 32.4385980779, -86.4265977174 32.4385730779, -86.4293497189 32.4384150781, -86.4296077186 32.4384040781, -86.4297757189 32.4384110781, -86.4307347189 32.4383620781, -86.4314137195 32.4382930781, -86.43288372 32.4381810779, -86.4350507205 32.437964078, -86.4381137205 32.4376120772, -86.4402537213 32.4373040771, -86.4497687244 32.4360450768, -86.450535724 32.4359350769, -86.452243725 32.4357110767, -86.4531007249 32.4356140768, -86.4540447249 32.4355220762, -86.4545587257 32.4354800764, -86.455331726 32.4354280762, -86.4561907256 32.4353870764, -86.4572267266 32.4353590762, -86.4582647263 32.4353550761, -86.4590417268 32.4353730759, -86.4597317272 32.435398076, -86.4604177275 32.4354350764, -86.4611067272 32.4354840765, -86.4617947272 32.435541076, -86.4621377273 32.4355750763, -86.4628387276 32.4356570758, -86.4628577279 32.4357020764, -86.4628437276 32.4360230763, -86.4627207276 32.4364050763, -86.4626527279 32.4369000767, -86.4624727279 32.4373250766, -86.4623607278 32.4377740769, -86.4621357276 32.4382200765, -86.461969728 32.4384260766, -86.4619147277 32.4386680769, -86.4620907274 32.4392090773, -86.4619087279 32.4395610772, -86.4619107275 32.4396660773, -86.4622137275 32.4398280771, -86.462246728 32.4398530774, -86.4623507277 32.4399010774, -86.4624797276 32.4400310774, -86.4625077281 32.440169077, -86.4624667281 32.4403420772, -86.4621487281 32.4407620777, -86.4619807278 32.4412320776, -86.4619557277 32.4421740777, -86.462066728 32.442361078, -86.4626687277 32.4430310777, -86.4628807284 32.4431320778, -86.4633647281 32.4432100782, -86.4635297288 32.4433620775, -86.4635167284 32.4434970775, -86.4631317284 32.4438150778, -86.4631277282 32.4439200782, -86.4632837288 32.4443560784, -86.4634127286 32.4444940783, -86.4636897286 32.4446540779, -86.4638307282 32.4448260779, -86.4638207282 32.4451430781, -86.4636427288 32.4454570783, -86.4637067284 32.445763078, -86.4639557288 32.4458840786, -86.4642927291 32.445918078, -86.4645787293 32.445873078, -86.4647157287 32.4460040784, -86.4646817292 32.4461040782, -86.464385729 32.4463460783, -86.464390729 32.4466600788, -86.4642867292 32.4472100789, -86.4643947292 32.447837079, -86.4644787288 32.447916079, -86.4645617287 32.4479250788, -86.4650787289 32.447528079, -86.4652017289 32.4475040784, -86.4653657289 32.4475380788, -86.4656597296 32.4477250785, -86.4656957296 32.4478630785, -86.4656677291 32.4480710791, -86.4654847297 32.448425079, -86.4654907295 32.4485610789, -86.4656757295 32.448627079, -86.4662987291 32.448364079, -86.4664577291 32.4484540788, -86.4664167291 32.4486590791, -86.4662317291 32.4489350791, -86.4660267291 32.4491100789, -86.4655797292 32.4493630787, -86.4654517292 32.449667079, -86.4650717292 32.4498780789, -86.465072729 32.4505050793, -86.4647777295 32.4509280798, -86.4647827295 32.4509980791, -86.4648697295 32.4510710795, -86.4652007291 32.4510870795, -86.4652837289 32.4511640792, -86.4652177297 32.4514780796, -86.4652517291 32.4516140794, -86.4657757299 32.4519460793, -86.4660527299 32.4520100795, -86.4671737304 32.4528710801, -86.4682257303 32.4542820802, -86.4683737305 32.4544090804, -86.4687557301 32.4545610798, -86.4689127304 32.4546990799, -86.4688277309 32.4549400799, -86.4688247306 32.4550030804, -86.4689797304 32.4550730804, -86.4690417303 32.4553890804, -86.4691377306 32.4556200804, -86.4693167307 32.4559430802, -86.4696157304 32.4561630803, -86.4699227306 32.4562550803, -86.4703587306 32.4562340806, -86.4703827309 32.4564440805, -86.4703857312 32.4565870805, -86.4703627308 32.4567990806, -86.4702917306 32.4572230809, -86.4697077305 32.4571270804, -86.4688967305 32.4569610807, -86.4687347302 32.4569330804, -86.4679187302 32.4567590805, -86.4676447306 32.4566890803, -86.4675977307 32.4570210804, -86.4673737304 32.459117081, -86.4673587303 32.459314081, -86.4661717298 32.4592380812, -86.4660177298 32.459219081, -86.4656507302 32.4592200815, -86.4655677295 32.459229081, -86.4653087299 32.4592370814, -86.4646807294 32.4592710811, -86.4635907289 32.4593410815, -86.4631637291 32.459379081, -86.4617387289 32.4594830817, -86.4613747288 32.4595550815, -86.4602677286 32.4596830816))
POLYGON ((-86.4257927173 32.4384480781, -86.4244497171 32.4374420779, -86.4242627166 32.4372910777, -86.4240047169 32.4371070776, -86.4235027168 32.4367240782, -86.4193177156 32.433590077, -86.418679715 32.4331070773, -86.4185457151 32.4329950775, -86.4183037152 32.432812077, -86.4173847145 32.4320430771, -86.4162297146 32.4309630767, -86.4139107137 32.4287240763, -86.4133627135 32.4281870764, -86.4130337136 32.427828076, -86.4128297134 32.4275900759, -86.4126847136 32.4274000765, -86.4126427129 32.4273330759, -86.4124037134 32.4270060762, -86.4121987134 32.4266810764, -86.4120407132 32.4264120759, -86.4119817127 32.426299076, -86.4119127131 32.4261110757, -86.411882713 32.4260510758, -86.4117587132 32.4257110757, -86.4116427128 32.4253540757, -86.411559713 32.4250420756, -86.4113527124 32.4240030752, -86.4112777129 32.4214390752, -86.4112777129 32.4199560748, -86.4112827121 32.4199280744, -86.4111827116 32.4113640726, -86.4111767118 32.4099430726, -86.416151713 32.4072090717, -86.4250767151 32.4024430705, -86.426215716 32.4022430703, -86.4300147165 32.4014860702, -86.4361347185 32.40094607, -86.4385307194 32.4003660694, -86.4408807202 32.4000220694, -86.4435777205 32.3998420693, -86.4447257208 32.3998470691, -86.4477007218 32.4007090692, -86.4480777223 32.4009430695, -86.4496087228 32.4022120692, -86.4512867228 32.4037000695, -86.4530417236 32.40481407, -86.4556207239 32.4058130699, -86.4562777247 32.4058430701, -86.4566797244 32.4079050706, -86.4564127245 32.4083050706, -86.4562477246 32.4084650708, -86.4560387244 32.4090440706, -86.4560737245 32.4099350708, -86.4562537245 32.4107780711, -86.4564017246 32.4109940709, -86.4565967246 32.4110510708, -86.4569157253 32.4108790708, -86.4571677252 32.4105470706, -86.457384725 32.4103750712, -86.4580087253 32.4100040705, -86.4583597249 32.4098750708, -86.4588957254 32.4097600708, -86.4591917257 32.4097770709, -86.4593887253 32.4099120711, -86.4594297253 32.4101200706, -86.4593887253 32.4102970705, -86.4592687257 32.410526071, -86.4589757258 32.410877071, -86.4589627253 32.4109840709, -86.459374726 32.411726071, -86.4592957254 32.4121130716, -86.4593177261 32.4122550711, -86.4594037254 32.4123290713, -86.4596127256 32.4123540709, -86.4605447259 32.412098071, -86.460795726 32.4121270711, -86.4609797261 32.412273071, -86.4610017259 32.4124870713, -86.4609577264 32.4126250714, -86.4605257257 32.4131510714, -86.4604297263 32.4133890717, -86.4604357262 32.4134960717, -86.460513726 32.4136600713, -86.4608707263 32.4138520713, -86.4612537267 32.4143220713, -86.4614807264 32.4150820721, -86.4614907265 32.4154380716, -86.461431726 32.415529072, -86.4610867263 32.4157960717, -86.4603987263 32.4161500717, -86.460313726 32.4162300724, -86.4603217264 32.4164060722, -86.4604697265 32.4166200718, -86.4607897262 32.4167870725, -86.4611677264 32.4167420723, -86.4617707269 32.4165680721, -86.4621077263 32.416536072, -86.4622297265 32.4165670719, -86.4623817268 32.4166910722, -86.4623727266 32.4167590719, -86.4619557268 32.4173630721, -86.4616977271 32.4179240721, -86.4616477268 32.4185290723, -86.461528727 32.4191620729, -86.4615877266 32.419547073, -86.4617307267 32.4196760726, -86.4618487267 32.4197170727, -86.4622277268 32.4196990728, -86.4628837269 32.4191930727, -86.4630677271 32.4191090722, -86.4636077268 32.4191700724, -86.4640357273 32.4194540725, -86.4644027278 32.4200880729, -86.4644937271 32.420436073, -86.4647157278 32.4227250732, -86.4646877282 32.4229380735, -86.4645257278 32.4230940736, -86.463934728 32.4231050732, -86.4636997278 32.4232490732, -86.4636447275 32.4234200736, -86.4636637278 32.4240960733, -86.4636027277 32.4242280736, -86.4634757275 32.4243240735, -86.4633587273 32.4243600738, -86.4631517276 32.4243480734, -86.4627557269 32.4242310741, -86.4619177272 32.4244310742, -86.4612557272 32.4242470736, -86.4609677264 32.424284074, -86.4606267268 32.4245890742, -86.4601217263 32.4252750741, -86.4600857263 32.4254330742, -86.4603877265 32.4257840738, -86.4604847266 32.4260150739, -86.460548727 32.426060074, -86.4606697265 32.4260410745, -86.4610697265 32.4257300739, -86.461318727 32.4257400737, -86.4614557272 32.4258690743, -86.4614477268 32.4262120742, -86.4611377272 32.4266180742, -86.4610747266 32.4270960746, -86.4610687267 32.4274190743, -86.4612027266 32.4279240743, -86.461205727 32.4282710745, -86.4613587271 32.4283180744, -86.4619337271 32.4282190747, -86.4621387271 32.4282380745, -86.4624057271 32.4283960747, -86.4625407277 32.4286100747, -86.462554727 32.428768075, -86.4625337271 32.4288940746, -86.4623977276 32.4291100751, -86.4621327273 32.4293340751, -86.4616257271 32.429648075, -86.4614997276 32.4298260753, -86.4615347269 32.4299640747, -86.4616837268 32.430140075, -86.4622997277 32.4306250748, -86.4623777275 32.430752075, -86.4624717272 32.4311650749, -86.4628747276 32.4315250756, -86.4630177277 32.4318580753, -86.4629977276 32.4320300754, -86.4626917273 32.4324540755, -86.4624277277 32.4331150755, -86.4624747276 32.4333580757, -86.4627457277 32.4336760754, -86.4628307281 32.4339870759, -86.4628157281 32.4343390757, -86.4626387276 32.4347730759, -86.4627087279 32.4353350761, -86.4628387276 32.4356570758, -86.4621377273 32.4355750763, -86.4617947272 32.435541076, -86.4611067272 32.4354840765, -86.4604177275 32.4354350764, -86.4597317272 32.435398076, -86.4590417268 32.4353730759, -86.4582647263 32.4353550761, -86.4572267266 32.4353590762, -86.4561907256 32.4353870764, -86.455331726 32.4354280762, -86.4545587257 32.4354800764, -86.4540447249 32.4355220762, -86.4531007249 32.4356140768, -86.452243725 32.4357110767, -86.450535724 32.4359350769, -86.4497687244 32.4360450768, -86.4402537213 32.4373040771, -86.4381137205 32.4376120772, -86.4350507205 32.437964078, -86.43288372 32.4381810779, -86.4314137195 32.4382930781, -86.4307347189 32.4383620781, -86.4297757189 32.4384110781, -86.4296077186 32.4384040781, -86.4293497189 32.4384150781, -86.4265977174 32.4385730779, -86.4259717174 32.4385980779, -86.4257927173 32.4384480781))
POLYGON ((-86.5644237566 32.4329440722, -86.5634767562 32.432915072, -86.5632957565 32.432916072, -86.5625087559 32.4328620718, -86.562251756 32.4328370718, -86.5617037559 32.4327700722, -86.5611437551 32.432695072, -86.5604677549 32.4325780722, -86.5601307555 32.4325130717, -86.5580987546 32.4320580721, -86.5576067545 32.4319590719, -86.5536157535 32.431064072, -86.5532457527 32.4309880719, -86.552443753 32.4308450722, -86.551258753 32.4306790718, -86.5504047525 32.4305880716, -86.5496307524 32.4305240721, -86.5489447521 32.4304930717, -86.5484267521 32.4304860718, -86.5458497514 32.4304760717, -86.5432717501 32.4304780719, -86.5398407489 32.4304700719, -86.5394507489 32.4304640722, -86.5380307487 32.4304680725, -86.5336467473 32.4304530727, -86.5328817474 32.4304560722, -86.527466746 32.4305760728, -86.5269197457 32.4305710732, -86.5254197451 32.4305860729, -86.5215337446 32.4305920727, -86.519910744 32.4306370728, -86.5149767419 32.4307210731, -86.5109437411 32.4307370737, -86.5092277406 32.4307350736, -86.5077167401 32.4307490732, -86.5074997404 32.4307430735, -86.5037617391 32.4308130733, -86.5034437391 32.4308110739, -86.5027167388 32.430839074, -86.501048738 32.4308630737, -86.4982387377 32.4309240742, -86.4979157377 32.4309170736, -86.4976717373 32.4309260736, -86.4935907359 32.431004074, -86.4907567353 32.4310520741, -86.4904827357 32.4310730743, -86.4903797357 32.4310590739, -86.489860735 32.4310610741, -86.4890787354 32.4310470744, -86.4885697347 32.4310500739, -86.4855657342 32.4310180743, -86.482986733 32.4309800743, -86.4812747327 32.4309690749, -86.4804147324 32.4309710743, -86.4786937319 32.4309940747, -86.4776027316 32.4310180743, -86.4772367319 32.4310100745, -86.47140873 32.431092075, -86.4711817302 32.4310880747, -86.4701247293 32.4310970747, -86.46984873 32.431119075, -86.4692717296 32.431092075, -86.4689007289 32.4310610748, -86.4688177291 32.4310470752, -86.4683707292 32.4310020753, -86.4678387289 32.4308770749, -86.4675287293 32.4307830753, -86.4672367292 32.4306560752, -86.4668427291 32.4304980751, -86.4665407289 32.4303550747, -86.4663207288 32.4302370747, -86.4654647287 32.4297380745, -86.4643987276 32.4290890745, -86.4638747277 32.4287820749, -86.4636007281 32.4286070743, -86.4629797272 32.4282400748, -86.4628467271 32.4281510746, -86.4625187271 32.4279640744, -86.4610747266 32.4270960746, -86.4611377272 32.4266180742, -86.4614477268 32.4262120742, -86.4614557272 32.4258690743, -86.461318727 32.4257400737, -86.4610697265 32.4257300739, -86.4606697265 32.4260410745, -86.460548727 32.426060074, -86.4604847266 32.4260150739, -86.4603877265 32.4257840738, -86.4600857263 32.4254330742, -86.4601217263 32.4252750741, -86.4606267268 32.4245890742, -86.4609677264 32.424284074, -86.4612557272 32.4242470736, -86.4619177272 32.4244310742, -86.4627557269 32.4242310741, -86.4631517276 32.4243480734, -86.4633587273 32.4243600738, -86.4634757275 32.4243240735, -86.4636027277 32.4242280736, -86.4636637278 32.4240960733, -86.4636447275 32.4234200736, -86.4636997278 32.4232490732, -86.463934728 32.4231050732, -86.4645257278 32.4230940736, -86.4646877282 32.4229380735, -86.4647157278 32.4227250732, -86.4644937271 32.420436073, -86.4644027278 32.4200880729, -86.4640357273 32.4194540725, -86.4636077268 32.4191700724, -86.4630677271 32.4191090722, -86.4628837269 32.4191930727, -86.4622277268 32.4196990728, -86.4618487267 32.4197170727, -86.4617307267 32.4196760726, -86.4615877266 32.419547073, -86.461528727 32.4191620729, -86.4616477268 32.4185290723, -86.4616977271 32.4179240721, -86.4619557268 32.4173630721, -86.4623727266 32.4167590719, -86.4623817268 32.4166910722, -86.4622297265 32.4165670719, -86.4621077263 32.416536072, -86.4617707269 32.4165680721, -86.4611677264 32.4167420723, -86.4607897262 32.4167870725, -86.4604697265 32.4166200718, -86.4603217264 32.4164060722, -86.460313726 32.4162300724, -86.4603987263 32.4161500717, -86.4610867263 32.4157960717, -86.461431726 32.415529072, -86.4614907265 32.4154380716, -86.4614807264 32.4150820721, -86.4612537267 32.4143220713, -86.4608707263 32.4138520713, -86.460513726 32.4136600713, -86.4604357262 32.4134960717, -86.4604297263 32.4133890717, -86.4605257257 32.4131510714, -86.4609577264 32.4126250714, -86.4610017259 32.4124870713, -86.4609797261 32.412273071, -86.460795726 32.4121270711, -86.4605447259 32.412098071, -86.4596127256 32.4123540709, -86.4594037254 32.4123290713, -86.4593177261 32.4122550711, -86.4592957254 32.4121130716, -86.459374726 32.411726071, -86.4589627253 32.4109840709, -86.4589757258 32.410877071, -86.4592687257 32.410526071, -86.4593887253 32.4102970705, -86.4594297253 32.4101200706, -86.4593887253 32.4099120711, -86.4591917257 32.4097770709, -86.4588957254 32.4097600708, -86.4583597249 32.4098750708, -86.4580087253 32.4100040705, -86.457384725 32.4103750712, -86.4571677252 32.4105470706, -86.4569157253 32.4108790708, -86.4565967246 32.4110510708, -86.4564017246 32.4109940709, -86.4562537245 32.4107780711, -86.4560737245 32.4099350708, -86.4560387244 32.4090440706, -86.4562477246 32.4084650708, -86.4564127245 32.4083050706, -86.4566797244 32.4079050706, -86.4562777247 32.4058430701, -86.4570397252 32.4059720703, -86.4587637252 32.4057370698, -86.4595567255 32.4054470698, -86.460564726 32.4047070696, -86.460677726 32.4045420693, -86.4612817263 32.4034790693, -86.4610527259 32.4015790688, -86.4603047257 32.3997550685, -86.4593437251 32.3975200683, -86.4591447249 32.3957870677, -86.4605187251 32.3929190667, -86.4620597257 32.3903100668, -86.4623777257 32.3890430663, -86.4625787255 32.3883710657, -86.4619987247 32.3844890652, -86.4617547252 32.3808260644, -86.4625017246 32.3781410635, -86.4635687256 32.3772940639, -86.4662777256 32.375143063, -86.4666527255 32.3748760629, -86.466911726 32.3746770629, -86.4671867263 32.3744790625, -86.4674917259 32.3742890628, -86.4677817263 32.3740970628, -86.4680717259 32.3738990627, -86.4683617263 32.3736860627, -86.4688957262 32.3732430627, -86.4691547267 32.3730140625, -86.4696587265 32.3725490621, -86.4704367268 32.3718470624, -86.4706877269 32.3716060619, -86.4709247267 32.3713660623, -86.471153727 32.3711140622, -86.4713677273 32.3708550622, -86.4715967267 32.3705960615, -86.4718097272 32.3703370616, -86.4724507272 32.3695440618, -86.4728627269 32.3690170612, -86.4732597275 32.368476061, -86.4734427278 32.3681940614, -86.4736107271 32.3679110609, -86.4737627275 32.3676210609, -86.4742667273 32.3667590607, -86.4744347275 32.3664620605, -86.4745867278 32.3661720611, -86.4749537273 32.3656060609, -86.4751667278 32.3653550608, -86.4754267281 32.3651340607, -86.4757167276 32.3649280602, -86.4760217281 32.3647370601, -86.4763567278 32.3645700603, -86.4767077284 32.3644240606, -86.4770747279 32.3643090604, -86.4774257284 32.3642260605, -86.4777757282 32.3641880604, -86.4781577287 32.3642190601, -86.4785237284 32.3642870605, -86.4789057289 32.3643790601, -86.4792717286 32.3644920602, -86.4796077291 32.3646150606, -86.4799287294 32.3647820604, -86.4805387295 32.3651650601, -86.480859729 32.3653390607, -86.48146973 32.3656990607, -86.4817907295 32.3658740604, -86.4827517301 32.3663780603, -86.4830877297 32.3665380603, -86.4834227303 32.3666750608, -86.48377373 32.3667820607, -86.4841247305 32.3668500608, -86.484506731 32.3669040603, -86.4848877307 32.3669350606, -86.4852697303 32.3669490603, -86.4860017306 32.3669420608, -86.4863677312 32.3669040603, -86.4867337309 32.3668360603, -86.4871007313 32.3667430601, -86.487466731 32.3666370601, -86.4878177316 32.3665230605, -86.4884887318 32.36625606, -86.4888247313 32.36611006, -86.4894807315 32.36579806, -86.489800732 32.3656370601, -86.4908077327 32.3651650601, -86.4911137321 32.3649970602, -86.4914187326 32.3647990598, -86.4916777322 32.3645760599, -86.4919067325 32.3643330596, -86.4921207327 32.3640580597, -86.4923037321 32.3637760599, -86.4924557325 32.3634860595, -86.4925787325 32.3631440596, -86.4926547327 32.3628680597, -86.4927457329 32.362235059, -86.4927767329 32.3615930591, -86.4927617328 32.3612740588, -86.4927307328 32.3609530587, -86.4926397326 32.360327059, -86.4924867324 32.3597020588, -86.4923037321 32.3590830589, -86.492196732 32.3587790584, -86.4919637324 32.3582020583, -86.4916777322 32.3575800583, -86.4914337318 32.3569780584, -86.491006732 32.3557580578, -86.4909147319 32.3554440582, -86.4908077318 32.3551400576, -86.4907167315 32.3548270575, -86.4906407314 32.3545210575, -86.4905337312 32.3542090577, -86.4904417312 32.3539040574, -86.4903347319 32.3535980573, -86.4901977317 32.3533010571, -86.4899537313 32.3526970572, -86.4898777311 32.3523850572, -86.489816731 32.3520720574, -86.489770731 32.3517520575, -86.489739731 32.3514310569, -86.489724731 32.3511100568, -86.489739731 32.3507990568, -86.489770731 32.3504780567, -86.4898317311 32.3501640569, -86.4899837314 32.3495400566, -86.4900457313 32.3492270569, -86.490278731 32.3482440566, -86.4903807311 32.3479830567, -86.4904727311 32.3476710563, -86.4907167315 32.3470600558, -86.4908697317 32.3467780561, -86.4910677312 32.3465030559, -86.4912967315 32.3462510556, -86.4915557311 32.3460150558, -86.4918307314 32.3457940555, -86.4921207319 32.3455940558, -86.4924257314 32.3454050557, -86.492745732 32.3452370555, -86.4930817316 32.3450920553, -86.493417732 32.3449690556, -86.4937837317 32.3448780555, -86.494515732 32.3447330555, -86.4948827324 32.3446790556, -86.4952637322 32.3446260552, -86.4956297328 32.3445880552, -86.4959957325 32.3445410557, -86.496377733 32.3445120551, -86.4967787329 32.3444430554, -86.4974157327 32.3443440556, -86.4988797333 32.3440690548, -86.4992467337 32.3439930551, -86.4996127334 32.3439250553, -86.499978734 32.3439640551, -86.502948735 32.3435470551, -86.511146737 32.3420620539, -86.5200587396 32.3403390533, -86.5325357424 32.3387810525, -86.5356727439 32.3404460533, -86.5372197443 32.3412680533, -86.5392557453 32.3452060539, -86.5425417467 32.3635230576, -86.5440467473 32.3663620581, -86.5479037484 32.3692480586, -86.5589507519 32.3690390584, -86.5615957523 32.3703650584, -86.5635307531 32.3713970587, -86.5705557556 32.3750120591, -86.5714047551 32.3751430592, -86.5725907559 32.3755470592, -86.5738137565 32.3758280594, -86.5753967569 32.3760860596, -86.5769707571 32.3760690593, -86.579217758 32.3758660592, -86.5809257581 32.3754700586, -86.581644758 32.3751440591, -86.5818777585 32.3750250591, -86.5882657602 32.3677550573, -86.5890427598 32.3690190574, -86.5891207605 32.3689580575, -86.5891927605 32.3690760572, -86.5894027606 32.3699170573, -86.5894117608 32.3704520579, -86.5894667601 32.3713700577, -86.5896307602 32.3721320581, -86.5897977606 32.372710058, -86.5897807609 32.3734710585, -86.5899517606 32.3738660581, -86.5901877606 32.3740230586, -86.5905777606 32.374102058, -86.5912777611 32.3741750584, -86.5918727611 32.3742100583, -86.5922537618 32.3743630585, -86.5925077613 32.3746740585, -86.5926917614 32.3754200587, -86.5927027613 32.3764780585, -86.5927197619 32.3765110584, -86.592744762 32.3766290588, -86.5927797613 32.3769100588, -86.5927727616 32.3770270587, -86.5928147614 32.3772800589, -86.5928487618 32.3773840587, -86.5929797613 32.3777050589, -86.5930057621 32.3777410589, -86.5930377619 32.3778170591, -86.5930707615 32.3778570594, -86.5930797618 32.3778910594, -86.593103762 32.3779190592, -86.5931777617 32.3780480591, -86.593242762 32.3781300592, -86.5932597617 32.3781720592, -86.593365762 32.3782960592, -86.5933827617 32.378330059, -86.5935457619 32.3784650593, -86.5937417617 32.3786090592, -86.5939687624 32.3787320594, -86.5940177619 32.3787380596, -86.5940657625 32.3787730592, -86.5940947619 32.3787860594, -86.5942867624 32.378943059, -86.5943597622 32.3790320592, -86.5943627626 32.3793900595, -86.5943797623 32.3794920594, -86.5944207623 32.3795260596, -86.5945187622 32.379581059, -86.5949157628 32.3796330595, -86.594971762 32.3796530597, -86.5950777623 32.3796720591, -86.5951917621 32.3797680593, -86.5952737621 32.3798580593, -86.5952987622 32.3799480592, -86.5953327625 32.3801400597, -86.5953577627 32.3804400594, -86.5954307624 32.3807410595, -86.5955027624 32.38112906, -86.5954677623 32.3817970596, -86.5954347626 32.3826560601, -86.5953547623 32.3827250602, -86.5952207624 32.38273706, -86.595160763 32.3827340597, -86.5950237627 32.38274806, -86.5949257628 32.38283806, -86.5948797628 32.3830310603, -86.5948477621 32.3830720604, -86.5947517628 32.3831560603, -86.5946787621 32.3831980602, -86.5946057623 32.3832180603, -86.5945487624 32.3832470598, -86.5944527621 32.3832400601, -86.594391762 32.3832070604, -86.5941757621 32.3830350605, -86.5941107627 32.3830350605, -86.5940627621 32.38308506, -86.5940207623 32.3835470605, -86.5940117621 32.3835650601, -86.5938977623 32.38367106, -86.5937637624 32.3836820606, -86.5937357619 32.3836790603, -86.5936547626 32.3836180604, -86.593637762 32.3835280604, -86.5936607624 32.3833830601, -86.5937567618 32.3832800602, -86.5937687624 32.3832490603, -86.5937797623 32.3831340605, -86.5936087626 32.3829900602, -86.5934947619 32.3829780604, -86.5933927618 32.3829100603, -86.5932267621 32.3827810598, -86.5931287622 32.3827610604, -86.5928127618 32.3827500604, -86.5927967619 32.3827440598, -86.5925977617 32.3823920598, -86.5925927617 32.3823160604, -86.5925707619 32.3822610603, -86.5924897618 32.3821690599, -86.5923757619 32.3821150597, -86.5923377614 32.3821150597, -86.5922887619 32.3821040596, -86.592108762 32.3821090597, -86.5920927621 32.3821200597, -86.5920497615 32.3821310598, -86.5920117619 32.3821640599, -86.5919407618 32.3821960601, -86.5918807615 32.3822670603, -86.5917997613 32.3823430597, -86.5917667617 32.3823590598, -86.5916847617 32.3823920598, -86.5915767617 32.3824240599, -86.5914247614 32.3824190598, -86.5913647611 32.3823860598, -86.5912667612 32.3823540597, -86.5912337616 32.3823270604, -86.5911747611 32.3823100604, -86.591108761 32.3822720603, -86.5910437616 32.38220206, -86.5910167609 32.3821530598, -86.590918761 32.38202206, -86.5908207611 32.3819190601, -86.5907617616 32.3818810599, -86.590636761 32.3818540596, -86.5905617616 32.3818690599, -86.5904627609 32.38191406, -86.5903807609 32.3819080601, -86.5902997607 32.3818700598, -86.5902507612 32.3818270602, -86.590195761 32.3817560596, -86.590174761 32.3816960599, -86.5901577613 32.3816690596, -86.5899897611 32.3815770602, -86.589918761 32.3815170603, -86.5897717606 32.3815010601, -86.5896527608 32.3815660601, -86.5895547609 32.3816420601, -86.5894137613 32.3816960599, -86.5893807608 32.3816850598, -86.589369761 32.3816040597, -86.5893867607 32.38148406, -86.5893807608 32.3812130601, -86.5893647609 32.3811640602, -86.5893047607 32.3811200596, -86.5892067607 32.3811310597, -86.5891907609 32.38115306, -86.5890217608 32.3813100601, -86.5889457606 32.3813700601, -86.5887397608 32.3813920603, -86.5885327611 32.3813540598, -86.5884517609 32.3812940598, -86.5884187604 32.3812510599, -86.5883097606 32.38104906, -86.5882617609 32.3809790603, -86.5881257605 32.38100606, -86.5880327606 32.3810330597, -86.5879247606 32.3810880597, -86.5878697604 32.3811360599, -86.5878157609 32.3811690603, -86.5877407605 32.3811880602, -86.5875457605 32.3811820602, -86.5874457601 32.3808160596, -86.5873647599 32.3807230601, -86.5873047605 32.3807230601, -86.58719976 32.3807410595, -86.5871087598 32.3807720596, -86.5869627602 32.3807290602, -86.5868967601 32.3806360599, -86.5868207599 32.3807260598, -86.5867077599 32.3807120599, -86.5864027603 32.3803590597, -86.5863807597 32.3802780599, -86.5863757597 32.3801800597, -86.5862827598 32.3801150595, -86.5859947599 32.3801200597, -86.5858267597 32.3801090594, -86.5855497597 32.3800600596, -86.5849947598 32.3801470597, -86.5849547596 32.3801190598, -86.5845667593 32.3801560602, -86.5844047598 32.38015806, -86.5841777591 32.3801380599, -86.584080759 32.3801080595, -86.5839347595 32.3800490601, -86.5838367595 32.37999606, -86.583649759 32.37994806, -86.5835047593 32.3799230597, -86.5831757594 32.37991406, -86.5830057586 32.3799280599, -86.5826467586 32.3799730595, -86.5826097588 32.3799870602, -86.5823627589 32.3800340595, -86.5820567586 32.38013106, -86.5819277587 32.3801590598, -86.5818717586 32.3801810596, -86.5817947586 32.3802230601, -86.581669759 32.3803200596, -86.5813887588 32.3805760602, -86.5813727589 32.3806100599, -86.5811717581 32.3808040603, -86.5811397583 32.3808560601, -86.5810197587 32.3809770605, -86.5809517589 32.38107406, -86.5808517585 32.3811710601, -86.5804407586 32.3813720606, -86.5803837587 32.3813860603, -86.5803357581 32.3814140606, -86.5801577587 32.3814790606, -86.580125758 32.3814990603, -86.5799727579 32.3815380606, -86.5798997581 32.3815630604, -86.5797507581 32.3816390605, -86.5796817585 32.3816870603, -86.5796137578 32.3817210604, -86.5793927579 32.3819100606, -86.5792717584 32.3820280607, -86.5792007583 32.3821170602, -86.5791517579 32.3822190607, -86.5791087582 32.3823280602, -86.5791067577 32.3824550609, -86.5790697579 32.3828680603, -86.5789977579 32.3830400605, -86.5789737576 32.383068061, -86.5789417578 32.3831420608, -86.5788627582 32.3832580604, -86.5785487583 32.3835320605, -86.5784647578 32.3835800609, -86.5782757576 32.3837670605, -86.5782517582 32.3838010606, -86.5782357575 32.3838430609, -86.5782107582 32.3838710611, -86.5781957582 32.3839120609, -86.5781717579 32.3839390612, -86.5781327575 32.3840710611, -86.5781007577 32.3842290613, -86.5780557575 32.3846140609, -86.5779567578 32.3848790614, -86.5779307579 32.3850280609, -86.5777647582 32.385483061, -86.5777397581 32.3855090611, -86.5777237582 32.3855590615, -86.5776917575 32.3855990614, -86.5776607575 32.3856750611, -86.5776207573 32.385732061, -86.5775957581 32.3857930609, -86.5774687579 32.3859510611, -86.5774597577 32.3859870615, -86.5774367581 32.3860130614, -86.5773847573 32.3861500612, -86.5773357578 32.3865040614, -86.5772807576 32.3872500617, -86.5772327579 32.3877830618, -86.5772087576 32.3878390621, -86.5771607579 32.3879010619, -86.5771217576 32.3879660618, -86.5768967574 32.3881970616, -86.5768077578 32.388315062, -86.5768087576 32.3883360622, -86.5767727576 32.3883740621, -86.5767687574 32.3883990623, -86.5767367576 32.3884330621, -86.5766777581 32.3885880621, -86.5766507574 32.3888060623, -86.5766527579 32.389038062, -86.5766137576 32.389156062, -86.5763577575 32.389446062, -86.5763417576 32.389488062, -86.5763007576 32.3895360622, -86.5762417571 32.389697062, -86.5762137575 32.3902080625, -86.5761947573 32.3903770623, -86.5761707579 32.3904110621, -86.5761567576 32.3905610621, -86.5761757579 32.3909540625, -86.5762757575 32.3913110629, -86.5763707579 32.3915960624, -86.5764507574 32.3919360629, -86.576436758 32.3921220629, -86.5764127577 32.3921560628, -86.576390758 32.3924100629, -86.5763657579 32.392862063, -86.5763537582 32.392919063, -86.5762917574 32.393085063, -86.5762467581 32.3931330628, -86.5761307577 32.3932930633, -86.5761307577 32.3933130627, -86.5760907575 32.3933550632, -86.5760757575 32.3933950626, -86.5760437577 32.3935410633, -86.5760597576 32.3938870631, -86.5760407582 32.3940360629, -86.576000758 32.394132063, -86.5759607578 32.3941880632, -86.5759447579 32.3942360632, -86.5756967573 32.3945740633, -86.5756967573 32.3945960634, -86.5756567581 32.3946360631, -86.5756217579 32.3947230635, -86.5755717577 32.3950020631, -86.5755817577 32.3952830635, -86.5755497579 32.3954350632, -86.5755267575 32.3954830632, -86.5754947577 32.3955250635, -86.575333758 32.3956630637, -86.5752937578 32.3956910633, -86.5752487576 32.3956990633, -86.5751487572 32.3957750636, -86.575051758 32.3958660633, -86.5750087574 32.3959920634, -86.5749757578 32.3964160637, -86.5749477573 32.3964740641, -86.574928758 32.3965950641, -86.5748417579 32.396823064, -86.5748017577 32.3968640639, -86.5747377573 32.3969540635, -86.5745947572 32.397340064, -86.5745717576 32.3974440642, -86.5745487571 32.3976080642, -86.5745417574 32.3980920639, -86.5745527573 32.3985130644, -86.5745417574 32.3986320646, -86.5745097577 32.3986750645, -86.5745187579 32.3986990645, -86.5745347578 32.3987160644, -86.5745117573 32.3988600646, -86.5745347578 32.3991530643, -86.5745967577 32.399457064, -86.5746637576 32.3996510641, -86.5747967577 32.3999660645, -86.5749617576 32.4003990643, -86.575102758 32.4007260649, -86.5751557577 32.4008950647, -86.5752447583 32.4013250649, -86.5752787578 32.4015650646, -86.5753047577 32.4020910646, -86.5753017582 32.4022530652, -86.5753317584 32.4024650649, -86.5753677584 32.4025490649, -86.5754097582 32.402595065, -86.575482758 32.4027260653, -86.5754917582 32.4027640651, -86.5754757583 32.4027880647, -86.5755247578 32.4028360647, -86.5755977585 32.4029240652, -86.5755987583 32.4029520648, -86.5756397583 32.4029940654, -86.5757127581 32.4031240654, -86.5757227582 32.4032130653, -86.5756897577 32.4032890653, -86.5756677579 32.4033650653, -86.5756847585 32.4035710654, -86.5757257586 32.403639065, -86.5757997582 32.4037210655, -86.5759707579 32.403878065, -86.5759997582 32.4039740653, -86.5759797581 32.4040160653, -86.5759397579 32.4040580654, -86.5759157585 32.4041130651, -86.5759167583 32.4041950651, -86.5759587582 32.4043120654, -86.5759827585 32.4043330657, -86.5760757584 32.4047720658, -86.5760357582 32.4048210658, -86.5760757584 32.4048600651, -86.5760887588 32.4053640652, -86.5760747585 32.4056110658, -86.5760747585 32.4057410659, -86.5761157585 32.4061580657, -86.5761367585 32.4063150655, -86.5761457587 32.4063320655, -86.5761047587 32.4063820658, -86.576082758 32.406464066, -86.575800758 32.4067140661, -86.5757777584 32.4068300658, -86.5758127586 32.4072090656, -86.5758507582 32.4073170657, -86.5759367584 32.4075170661, -86.5759617586 32.4075450658, -86.5759697581 32.407572066, -86.5760517581 32.407708066, -86.5760847586 32.4077980663, -86.5761427583 32.4078660658, -86.5761917587 32.4079560659, -86.5762247583 32.4080380662, -86.5762667582 32.4081810664, -86.5762937588 32.4084360665, -86.5763157586 32.4087970665, -86.5763627584 32.4090410666, -86.5763627584 32.4090690666, -86.5763397588 32.4091450662, -86.5761957589 32.4093310664, -86.5761727584 32.4094970666, -86.5759557587 32.4096900668, -86.5758677588 32.4097390664, -86.575733758 32.4097770663, -86.5755997582 32.4097960663, -86.5755677584 32.4098160666, -86.5755437581 32.4098160666, -86.5754957584 32.4098580662, -86.5755267584 32.4099870667, -86.5757417584 32.4101790663, -86.5757497588 32.4102550665, -86.5757427583 32.4103030663, -86.5757267584 32.4103280665, -86.5755977585 32.4104410667, -86.575533758 32.4104810669, -86.5754847585 32.4105050667, -86.5751377582 32.410604067, -86.5750607582 32.4106620666, -86.5750657582 32.4107480664, -86.5751397587 32.4108100665, -86.5752367579 32.4108510668, -86.5752837587 32.4108620672, -86.5753997581 32.4109530668, -86.5754247583 32.4109870665, -86.5754337585 32.4110900667, -86.5754177586 32.4112000665, -86.5753857588 32.4112450672, -86.5752577587 32.4113590673, -86.5751527583 32.4114360668, -86.575092758 32.4114630673, -86.5749047586 32.411643067, -86.5748407581 32.411823067, -86.5748097581 32.4119400673, -86.5747657587 32.4120470667, -86.5746697584 32.4126560673, -86.5746387584 32.4127870674, -86.5745677583 32.4129730669, -86.5745277581 32.4130210675, -86.5744957583 32.413103067, -86.5743877584 32.4132580671, -86.5742067586 32.4134360672, -86.574143758 32.4135190674, -86.5741197586 32.4136090671, -86.5740877579 32.4141010674, -86.5740857582 32.4143780673, -86.5740697583 32.4144820676, -86.5740067586 32.4146420674, -86.5739627582 32.4146880673, -86.5739117582 32.4147610675, -86.5737497578 32.4149100677, -86.5737187578 32.415034068, -86.5737557585 32.4155570677, -86.5737287579 32.4156700681, -86.5736947584 32.4158940681, -86.573671758 32.4161630681, -86.5736317578 32.4170370683, -86.5736037582 32.4171080684, -86.5735917585 32.4171670679, -86.5734167586 32.4175130682, -86.5732927578 32.4177920686, -86.5732747583 32.4179400682, -86.5732927578 32.4181470686, -86.5734127584 32.4184730683, -86.573450758 32.4186410689, -86.5734277585 32.4187990684, -86.5733007582 32.4191090685, -86.5732777587 32.4191290689, -86.5732607581 32.4191850687, -86.5732367587 32.4192050684, -86.5732217586 32.419254069, -86.572901758 32.4196690688, -86.572901758 32.4196970686, -86.572860758 32.4197380687, -86.572845758 32.4198000686, -86.5727627581 32.4200310689, -86.5727197585 32.4202960686, -86.5726887585 32.4203780691, -86.5725847578 32.4205070689, -86.5724887585 32.4206060688, -86.5724087581 32.4207100687, -86.5724087581 32.4207300689, -86.5723687579 32.4207780691, -86.572352758 32.420820069, -86.5723277579 32.4208420687, -86.5722337582 32.4210560691, -86.5722057577 32.4211490687, -86.5721557584 32.4214820696, -86.5721737579 32.4217290693, -86.5722537583 32.4219880689, -86.5722587583 32.4221960693, -86.5722037581 32.4223560691, -86.5721947579 32.4225520696, -86.5721097584 32.4227000696, -86.5721077578 32.4229310693, -86.5721197584 32.4229890694, -86.5722847583 32.4234010697, -86.5723517582 32.4235520697, -86.572383758 32.4235920694, -86.5724007586 32.4236540697, -86.5724257578 32.4236740699, -86.572470758 32.4238630694, -86.5724767579 32.4239080699, -86.5724167585 32.4244520698, -86.5724277584 32.42479607, -86.572655758 32.4250490698, -86.5727047584 32.4251110698, -86.5727127588 32.4251340702, -86.5730077583 32.4254180697, -86.5732037582 32.4256780703, -86.5732117585 32.4257020699, -86.5732357588 32.4257260703, -86.5732367587 32.4257470702, -86.5732937586 32.4258150698, -86.5733267582 32.4258770701, -86.5733507585 32.4259030699, -86.5734997584 32.4261670704, -86.5735157583 32.4261840704, -86.5735237587 32.4262120704, -86.5735567583 32.4262600701, -86.5735727582 32.4263360704, -86.5736597583 32.4266010705, -86.5737027588 32.4267860702, -86.5737407585 32.42702907, -86.5737707586 32.4271150702, -86.5738167586 32.4273320705, -86.5738397591 32.4276380703, -86.5738597592 32.4277370707, -86.573870759 32.4279910707, -86.5738277585 32.428604071, -86.5738847593 32.4287480705, -86.5739637589 32.428845071, -86.5743177589 32.4291580709, -86.5743587589 32.4292120711, -86.5743907587 32.4292740706, -86.5744577587 32.4294320705, -86.5745037587 32.4295730707, -86.5745497587 32.4297890711, -86.574558759 32.4299610706, -86.5745447587 32.4300980712, -86.5745627592 32.4303320711, -86.5746297591 32.4305660712, -86.5746627596 32.4306200713, -86.5747027589 32.4306670708, -86.574727759 32.4307150711, -86.5747677592 32.4307630714, -86.5748177594 32.4308530713, -86.5748587594 32.4309010708, -86.5749577592 32.431107071, -86.5750237593 32.431202071, -86.5750857592 32.4313640716, -86.5751027589 32.4314260711, -86.5750677597 32.4316690713, -86.5750437594 32.4316910714, -86.5749447596 32.4319500713, -86.5749257594 32.4320770712, -86.5749257594 32.4321250715, -86.5749927593 32.4323520717, -86.5751387598 32.4326830713, -86.5647677566 32.4329430721, -86.5644237566 32.4329440722))
POLYGON ((-86.4960457381 32.4615150809, -86.4923177369 32.4553630792, -86.4919327369 32.4547180795, -86.4903597366 32.4521320784, -86.490285736 32.4520250788, -86.4901137365 32.451745079, -86.4899457363 32.4514880789, -86.489757736 32.4512220785, -86.4894717357 32.4507950785, -86.4889677359 32.4501030787, -86.4886877356 32.4497330783, -86.4887587357 32.4495370786, -86.4898687363 32.445530077, -86.4899357362 32.4453190776, -86.4900937364 32.4449050775, -86.4901857365 32.4447000769, -86.4902537362 32.4445670771, -86.4903657364 32.4443700767, -86.4904857361 32.4441780772, -86.4906157357 32.443989077, -86.4908507359 32.4436860772, -86.4911147364 32.4433990769, -86.4913417362 32.4431800767, -86.4915767364 32.4429690764, -86.491763736 32.442821077, -86.4920247361 32.4426310763, -86.4936347372 32.4415380765, -86.4937647369 32.4414410761, -86.4944017367 32.4409030761, -86.4944507371 32.4408430762, -86.4945697369 32.4407310762, -86.494902737 32.4403780764, -86.4955717376 32.4396310762, -86.4975667377 32.4373680755, -86.4993317377 32.4353960751, -86.5015367388 32.4329560744, -86.5018407386 32.4326050739, -86.5021007389 32.4323550742, -86.5029287385 32.431415074, -86.5034437391 32.4308110739, -86.5037617391 32.4308130733, -86.5074997404 32.4307430735, -86.5077167401 32.4307490732, -86.5092277406 32.4307350736, -86.5109437411 32.4307370737, -86.5149767419 32.4307210731, -86.519910744 32.4306370728, -86.5215337446 32.4305920727, -86.5254197451 32.4305860729, -86.5255017451 32.4337890737, -86.5255347456 32.4347510735, -86.5255467453 32.4358790739, -86.5256177455 32.4381620741, -86.5256017456 32.4393970746, -86.5255507455 32.4412690749, -86.5255627461 32.4414480751, -86.5255547457 32.441807075, -86.5255607456 32.4431850757, -86.5256007458 32.4437670754, -86.5255997459 32.4439860757, -86.525573746 32.4446410757, -86.5255727462 32.4448610761, -86.5255407464 32.4451420759, -86.5255417462 32.4452180762, -86.5255497457 32.4452500761, -86.5218297449 32.4452850764, -86.5218947452 32.4453260763, -86.5219187454 32.4453260763, -86.5220167454 32.445408076, -86.522105745 32.4454200758, -86.5221897447 32.4454780758, -86.5222847451 32.4455570764, -86.5223087454 32.445543076, -86.522341745 32.445543076, -86.5223657453 32.4455500762, -86.5224237451 32.4455830758, -86.5226667456 32.4457820764, -86.5227407453 32.4458560764, -86.5228067454 32.4459460764, -86.5228477454 32.4460210762, -86.522875745 32.446058076, -86.5233207452 32.4464380762, -86.5233937459 32.4465260766, -86.5234517456 32.4466360765, -86.5235347455 32.4468430762, -86.5236157457 32.4469730768, -86.5236657459 32.4470270762, -86.5236737454 32.4470690767, -86.5236987455 32.4470890763, -86.5237227458 32.4471240767, -86.5237397455 32.4471850768, -86.5237707455 32.4472460761, -86.5238377454 32.4473220762, -86.5239027457 32.4474110764, -86.523993746 32.4475720768, -86.5240837455 32.4476630766, -86.5241697457 32.4477670764, -86.5242557459 32.4478830764, -86.5244147459 32.4480680764, -86.5244597461 32.4481300765, -86.5244767458 32.4481710766, -86.5245177458 32.4482120767, -86.5245997459 32.4483490768, -86.5246407459 32.4483970768, -86.5247317461 32.448558077, -86.5247557464 32.4485820765, -86.5247727461 32.4486440771, -86.5248217456 32.4487610765, -86.5248457459 32.4487880765, -86.5248787464 32.4488480771, -86.5250587463 32.449036077, -86.5253777462 32.449315077, -86.5254757461 32.4494440771, -86.5255747467 32.449671077, -86.5256487463 32.4497600772, -86.5256897463 32.449875077, -86.5257217461 32.4499030772, -86.5256977467 32.4499310767, -86.5256897463 32.4499650768, -86.5257077468 32.4501590767, -86.5257567463 32.4502130772, -86.5258797463 32.4503140768, -86.5259197465 32.4503620772, -86.5259617463 32.4505080774, -86.5260027463 32.4505410767, -86.5261167461 32.4506090774, -86.5262867469 32.450595077, -86.5264007467 32.4506910768, -86.5264257468 32.4507240769, -86.5264667468 32.4508690774, -86.526491747 32.4509160769, -86.5265497467 32.4510060772, -86.5266107468 32.4510820772, -86.5267527471 32.4511890772, -86.5267857467 32.4511970775, -86.5268257469 32.451217077, -86.5269717465 32.4513410774, -86.527045747 32.4514290776, -86.5270717469 32.4514840772, -86.5270797464 32.4515190774, -86.5270787466 32.4518890773, -86.5271157464 32.4519860771, -86.527327747 32.4521430775, -86.5274257469 32.4521900771, -86.5275307474 32.4522170775, -86.5276447472 32.4523120773, -86.527645747 32.4523810772, -86.5275727472 32.4524440773, -86.527435747 32.4524240773, -86.5272937467 32.4524320776, -86.5272257469 32.4524800777, -86.5272427466 32.4525560771, -86.5273237468 32.4526160775, -86.527440747 32.4526470772, -86.5275097466 32.4526500775, -86.5275557466 32.4526980774, -86.5275117471 32.4527530778, -86.5275117471 32.4528020775, -86.5275287469 32.4529110774, -86.527568747 32.4529590773, -86.527553747 32.4530290773, -86.5274827468 32.4530910778, -86.5274167467 32.4531260774, -86.5273847469 32.4531540774, -86.5274017466 32.4532210777, -86.5275407474 32.453352078, -86.5274847474 32.453407078, -86.5273717474 32.4534420774, -86.5272907472 32.4535040777, -86.5273017471 32.453704078, -86.5272937467 32.4537450778, -86.5272777468 32.4537800779, -86.5271727472 32.4538700776, -86.5271087467 32.4539050777, -86.5269557466 32.4540220779, -86.5269717465 32.4541540776, -86.5265917465 32.4541400778, -86.526337747 32.4541440779, -86.5255047464 32.4542020776, -86.5252577465 32.4542370782, -86.5251307463 32.4541790778, -86.5248067464 32.4541240776, -86.5244987465 32.4541230778, -86.5240637463 32.4541540776, -86.5235017459 32.454204078, -86.5232827456 32.454264078, -86.5232067454 32.4542950779, -86.5230967458 32.4542710783, -86.5230217455 32.4542000779, -86.5227657454 32.453991078, -86.5225547455 32.4539760783, -86.5223117458 32.4540090779, -86.5220607457 32.4540230777, -86.5217767452 32.4539420781, -86.521664745 32.4538360782, -86.5214807449 32.4537000779, -86.5213127455 32.453601078, -86.521161745 32.4535710778, -86.5208597449 32.4535680783, -86.5201567449 32.4538170784, -86.520022745 32.4538820778, -86.5196207445 32.4539570778, -86.5194057444 32.4540150784, -86.5193467448 32.4540960779, -86.5194167451 32.4545470785, -86.5194547448 32.4548480785, -86.5193897445 32.4551800787, -86.5192767445 32.4554700787, -86.5191107448 32.4558240783, -86.5189767449 32.4560330786, -86.5189447451 32.4561450785, -86.5189127445 32.4564680787, -86.5188537449 32.4567420786, -86.5187027444 32.4570090791, -86.5184937451 32.4571750788, -86.5183007447 32.4573100786, -86.5179897444 32.4575040785, -86.5178227449 32.4576650791, -86.5175167445 32.4577880792, -86.5170987441 32.4579140793, -86.5170607444 32.4578140789, -86.516852744 32.4574170788, -86.516765744 32.4572930791, -86.5164837439 32.456929079, -86.5160957436 32.4564490787, -86.5158937439 32.4562150783, -86.5155797441 32.455965079, -86.5153617437 32.455844079, -86.5152087435 32.4557790787, -86.5150477438 32.4557260783, -86.5147827435 32.4556670783, -86.5144477438 32.4556530787, -86.5141847431 32.4556770786, -86.5139317434 32.4557260783, -86.5137677434 32.4557760785, -86.5136137434 32.4558390785, -86.5133917427 32.455953079, -86.5131787432 32.456081079, -86.5129727433 32.4562130787, -86.5105457425 32.4578400794, -86.509932742 32.4582390795, -86.5096597422 32.4584050791, -86.5092267425 32.4586330797, -86.5089297424 32.4587800791, -86.5086987416 32.4588780796, -86.5084627416 32.4589680796, -86.508090742 32.4590980793, -86.5078217415 32.4591790796, -86.507572742 32.45924308, -86.5070697411 32.4593530795, -86.5067277417 32.4594100798, -86.5063837418 32.4594520799, -86.5060377413 32.4594820797, -86.5056907409 32.4594990795, -86.5052597409 32.45950008, -86.5048317413 32.4594770801, -86.5042577412 32.4594340795, -86.5039337404 32.4594180795, -86.5035567409 32.45939008, -86.5025957402 32.4593440801, -86.5015577396 32.4593420798, -86.5013677397 32.4593140802, -86.5010497396 32.4593110801, -86.5006097394 32.4593170803, -86.5003667397 32.4593330796, -86.5000147394 32.4593710798, -86.4999307397 32.4593860801, -86.4995157396 32.4594770801, -86.4992747396 32.4595520799, -86.4990367391 32.45964208, -86.4988077396 32.4597450799, -86.4986617391 32.45982408, -86.4984377388 32.4599600802, -86.4977687392 32.4604050801, -86.497369739 32.4606340807, -86.4968897386 32.4609610804, -86.4965317384 32.4611960804, -86.4964147382 32.4613140807, -86.4963447388 32.4613310802, -86.4962397383 32.4613860806, -86.496199739 32.4614450806, -86.4960457381 32.4615150809))
POLYGON ((-86.5644277595 32.4901980842, -86.5639137588 32.4901960846, -86.5632267587 32.4902070843, -86.5628007587 32.4902270842, -86.5591037574 32.4902800847, -86.548435755 32.490466085, -86.5477477542 32.4904700849, -86.5474017546 32.4904630852, -86.5468887546 32.4904260846, -86.5465457544 32.4903870851, -86.5463757546 32.490361085, -86.5460397541 32.4902960846, -86.5458727537 32.4902570851, -86.5455457543 32.4901720847, -86.5450587534 32.4900210851, -86.5447417541 32.4899050848, -86.5444297539 32.489776085, -86.5442777536 32.4897100847, -86.5439787538 32.4895640852, -86.5436897532 32.4894090845, -86.5434097537 32.4892410848, -86.5430017533 32.4889730849, -86.524095747 32.4760810828, -86.5236917467 32.4758110825, -86.5231397473 32.4754640827, -86.5228587471 32.4752980827, -86.5222827464 32.4749790825, -86.5220437469 32.4748510821, -86.5216237468 32.4746410828, -86.5211727467 32.4744270823, -86.5207137462 32.4742240822, -86.5202497457 32.4740360825, -86.5196977462 32.4738280827, -86.519139746 32.4736350827, -86.5184987451 32.4734280823, -86.5158387446 32.4725910819, -86.5153677444 32.4724280823, -86.5142767441 32.472080082, -86.5115817434 32.4712290818, -86.5106997434 32.4709590821, -86.5104417427 32.4708640823, -86.5088667427 32.4703600822, -86.5085567422 32.4702680822, -86.5073957424 32.4699130821, -86.5064737422 32.4696160817, -86.5060517415 32.4694930818, -86.5048117412 32.4690990821, -86.5045587415 32.4690110818, -86.5039547412 32.4688150815, -86.5034957408 32.4686820816, -86.5018937401 32.4681310818, -86.5016237406 32.4679540817, -86.50147874 32.4678780816, -86.5013377404 32.4677950815, -86.5008077398 32.4674470815, -86.5002067399 32.4668900814, -86.4999977397 32.4666710814, -86.4997697401 32.4664510813, -86.4988457393 32.4655140811, -86.4986297393 32.4652860812, -86.498318739 32.4649370809, -86.4979817396 32.4645370812, -86.497574739 32.4639900807, -86.4974097392 32.4637490807, -86.4966467389 32.4625220805, -86.4960457381 32.4615150809, -86.496199739 32.4614450806, -86.4962397383 32.4613860806, -86.4963447388 32.4613310802, -86.4964147382 32.4613140807, -86.4965317384 32.4611960804, -86.4968897386 32.4609610804, -86.497369739 32.4606340807, -86.4977687392 32.4604050801, -86.4984377388 32.4599600802, -86.4986617391 32.45982408, -86.4988077396 32.4597450799, -86.4990367391 32.45964208, -86.4992747396 32.4595520799, -86.4995157396 32.4594770801, -86.4999307397 32.4593860801, -86.5000147394 32.4593710798, -86.5003667397 32.4593330796, -86.5006097394 32.4593170803, -86.5010497396 32.4593110801, -86.5013677397 32.4593140802, -86.5015577396 32.4593420798, -86.5025957402 32.4593440801, -86.5035567409 32.45939008, -86.5039337404 32.4594180795, -86.5042577412 32.4594340795, -86.5048317413 32.4594770801, -86.5052597409 32.45950008, -86.5056907409 32.4594990795, -86.5060377413 32.4594820797, -86.5063837418 32.4594520799, -86.5067277417 32.4594100798, -86.5070697411 32.4593530795, -86.507572742 32.45924308, -86.5078217415 32.4591790796, -86.508090742 32.4590980793, -86.5084627416 32.4589680796, -86.5086987416 32.4588780796, -86.5089297424 32.4587800791, -86.5092267425 32.4586330797, -86.5096597422 32.4584050791, -86.509932742 32.4582390795, -86.5105457425 32.4578400794, -86.5129727433 32.4562130787, -86.5131787432 32.456081079, -86.5133917427 32.455953079, -86.5136137434 32.4558390785, -86.5137677434 32.4557760785, -86.5139317434 32.4557260783, -86.5141847431 32.4556770786, -86.5144477438 32.4556530787, -86.5147827435 32.4556670783, -86.5150477438 32.4557260783, -86.5152087435 32.4557790787, -86.5153617437 32.455844079, -86.5155797441 32.455965079, -86.5158937439 32.4562150783, -86.5160957436 32.4564490787, -86.5164837439 32.456929079, -86.516765744 32.4572930791, -86.516852744 32.4574170788, -86.5170607444 32.4578140789, -86.5170987441 32.4579140793, -86.5175167445 32.4577880792, -86.5178227449 32.4576650791, -86.5179897444 32.4575040785, -86.5183007447 32.4573100786, -86.5184937451 32.4571750788, -86.5187027444 32.4570090791, -86.5188537449 32.4567420786, -86.5189127445 32.4564680787, -86.5189447451 32.4561450785, -86.5189767449 32.4560330786, -86.5191107448 32.4558240783, -86.5192767445 32.4554700787, -86.5193897445 32.4551800787, -86.5194547448 32.4548480785, -86.5194167451 32.4545470785, -86.5193467448 32.4540960779, -86.5194057444 32.4540150784, -86.5196207445 32.4539570778, -86.520022745 32.4538820778, -86.5201567449 32.4538170784, -86.5208597449 32.4535680783, -86.521161745 32.4535710778, -86.5213127455 32.453601078, -86.5214807449 32.4537000779, -86.521664745 32.4538360782, -86.5217767452 32.4539420781, -86.5220607457 32.4540230777, -86.5223117458 32.4540090779, -86.5225547455 32.4539760783, -86.5227657454 32.453991078, -86.5230217455 32.4542000779, -86.5230967458 32.4542710783, -86.5232067454 32.4542950779, -86.5232827456 32.454264078, -86.5235017459 32.454204078, -86.5240637463 32.4541540776, -86.5244987465 32.4541230778, -86.5248067464 32.4541240776, -86.5251307463 32.4541790778, -86.5252577465 32.4542370782, -86.5255047464 32.4542020776, -86.526337747 32.4541440779, -86.5265917465 32.4541400778, -86.5269717465 32.4541540776, -86.5269557466 32.4540220779, -86.5271087467 32.4539050777, -86.5271727472 32.4538700776, -86.5272777468 32.4537800779, -86.5272937467 32.4537450778, -86.5273017471 32.453704078, -86.5272907472 32.4535040777, -86.5273717474 32.4534420774, -86.5274847474 32.453407078, -86.5275407474 32.453352078, -86.5274017466 32.4532210777, -86.5273847469 32.4531540774, -86.5274167467 32.4531260774, -86.5274827468 32.4530910778, -86.527553747 32.4530290773, -86.527568747 32.4529590773, -86.5275287469 32.4529110774, -86.5275117471 32.4528020775, -86.5275117471 32.4527530778, -86.5275557466 32.4526980774, -86.5275097466 32.4526500775, -86.527440747 32.4526470772, -86.5273237468 32.4526160775, -86.5272427466 32.4525560771, -86.5272257469 32.4524800777, -86.5272937467 32.4524320776, -86.527435747 32.4524240773, -86.5275727472 32.4524440773, -86.527645747 32.4523810772, -86.5276447472 32.4523120773, -86.5275307474 32.4522170775, -86.5274257469 32.4521900771, -86.527327747 32.4521430775, -86.5271157464 32.4519860771, -86.5270787466 32.4518890773, -86.5270797464 32.4515190774, -86.5270717469 32.4514840772, -86.527045747 32.4514290776, -86.5269717465 32.4513410774, -86.5268257469 32.451217077, -86.5267857467 32.4511970775, -86.5267527471 32.4511890772, -86.5266107468 32.4510820772, -86.5265497467 32.4510060772, -86.526491747 32.4509160769, -86.5264667468 32.4508690774, -86.5264257468 32.4507240769, -86.5264007467 32.4506910768, -86.5262867469 32.450595077, -86.5261167461 32.4506090774, -86.5260027463 32.4505410767, -86.5259617463 32.4505080774, -86.5259197465 32.4503620772, -86.5258797463 32.4503140768, -86.5257567463 32.4502130772, -86.5257077468 32.4501590767, -86.5256897463 32.4499650768, -86.5256977467 32.4499310767, -86.5257217461 32.4499030772, -86.5256897463 32.449875077, -86.5256487463 32.4497600772, -86.5255747467 32.449671077, -86.5254757461 32.4494440771, -86.5253777462 32.449315077, -86.5250587463 32.449036077, -86.5248787464 32.4488480771, -86.5248457459 32.4487880765, -86.5248217456 32.4487610765, -86.5247727461 32.4486440771, -86.5247557464 32.4485820765, -86.5247317461 32.448558077, -86.5246407459 32.4483970768, -86.5245997459 32.4483490768, -86.5245177458 32.4482120767, -86.5244767458 32.4481710766, -86.5244597461 32.4481300765, -86.5244147459 32.4480680764, -86.5242557459 32.4478830764, -86.5241697457 32.4477670764, -86.5240837455 32.4476630766, -86.523993746 32.4475720768, -86.5239027457 32.4474110764, -86.5238377454 32.4473220762, -86.5237707455 32.4472460761, -86.5237397455 32.4471850768, -86.5237227458 32.4471240767, -86.5236987455 32.4470890763, -86.5236737454 32.4470690767, -86.5236657459 32.4470270762, -86.5236157457 32.4469730768, -86.5235347455 32.4468430762, -86.5234517456 32.4466360765, -86.5233937459 32.4465260766, -86.5233207452 32.4464380762, -86.522875745 32.446058076, -86.5228477454 32.4460210762, -86.5228067454 32.4459460764, -86.5227407453 32.4458560764, -86.5226667456 32.4457820764, -86.5224237451 32.4455830758, -86.5223657453 32.4455500762, -86.522341745 32.445543076, -86.5223087454 32.445543076, -86.5222847451 32.4455570764, -86.5221897447 32.4454780758, -86.522105745 32.4454200758, -86.5220167454 32.445408076, -86.5219187454 32.4453260763, -86.5218947452 32.4453260763, -86.5218297449 32.4452850764, -86.5255497457 32.4452500761, -86.5255417462 32.4452180762, -86.5255407464 32.4451420759, -86.5255727462 32.4448610761, -86.525573746 32.4446410757, -86.5255997459 32.4439860757, -86.5256007458 32.4437670754, -86.5255607456 32.4431850757, -86.5255547457 32.441807075, -86.5255627461 32.4414480751, -86.5255507455 32.4412690749, -86.5256017456 32.4393970746, -86.5256177455 32.4381620741, -86.5255467453 32.4358790739, -86.5255347456 32.4347510735, -86.5255017451 32.4337890737, -86.5254197451 32.4305860729, -86.5269197457 32.4305710732, -86.527466746 32.4305760728, -86.5328817474 32.4304560722, -86.5336467473 32.4304530727, -86.5380307487 32.4304680725, -86.5394507489 32.4304640722, -86.5398407489 32.4304700719, -86.5432717501 32.4304780719, -86.5458497514 32.4304760717, -86.5484267521 32.4304860718, -86.5489447521 32.4304930717, -86.5496307524 32.4305240721, -86.5504047525 32.4305880716, -86.551258753 32.4306790718, -86.552443753 32.4308450722, -86.5532457527 32.4309880719, -86.5536157535 32.431064072, -86.5576067545 32.4319590719, -86.5580987546 32.4320580721, -86.5601307555 32.4325130717, -86.5604677549 32.4325780722, -86.5611437551 32.432695072, -86.5617037559 32.4327700722, -86.562251756 32.4328370718, -86.5625087559 32.4328620718, -86.5632957565 32.432916072, -86.5634767562 32.432915072, -86.5644237566 32.4329440722, -86.5647677566 32.4329430721, -86.5751387598 32.4326830713, -86.5770387595 32.4326370714, -86.5772097601 32.4326370714, -86.57746676 32.4326530716, -86.5777207605 32.4326850714, -86.5778867602 32.4327160711, -86.5782137604 32.4328060714, -86.5783717606 32.4328630711, -86.5786017607 32.4329570715, -86.5787487602 32.4330280712, -86.5799217605 32.4336360718, -86.580657761 32.4340070716, -86.5809587613 32.4341490716, -86.5811937615 32.4342460715, -86.5813547611 32.4343030718, -86.5815977617 32.4343770713, -86.5826637619 32.434658072, -86.5829837616 32.4347590716, -86.5832207614 32.4348440719, -86.5835287623 32.4349690714, -86.5845187623 32.4354070717, -86.5867867632 32.4364420718, -86.5880017633 32.436987072, -86.5882367635 32.4370840719, -86.5885537637 32.4371910719, -86.5888027632 32.437261072, -86.5890557638 32.4373150719, -86.5894297639 32.4373790719, -86.5897727641 32.4374090722, -86.5897697637 32.4376020718, -86.5897757635 32.4377420721, -86.5897977642 32.4378830723, -86.5898367636 32.4380260722, -86.5899157642 32.438232072, -86.5899807636 32.4383670721, -86.5900967639 32.4385630719, -86.5911567643 32.4400590723, -86.5914547642 32.4405030728, -86.5917297646 32.440958073, -86.591870765 32.4412240726, -86.5919567643 32.4414310726, -86.5919877643 32.441573073, -86.591988765 32.4416460727, -86.5919807646 32.441719073, -86.5919637649 32.4417900726, -86.5919367643 32.4418570731, -86.5919007643 32.4419220728, -86.5918567648 32.4419850726, -86.5918057647 32.4420430726, -86.5888817638 32.4449980737, -86.5867327636 32.4471840739, -86.5826767623 32.451247075, -86.5819097619 32.4520340751, -86.5815727625 32.4523630755, -86.5800227617 32.4539250757, -86.579461762 32.4544790763, -86.5790747615 32.4548760765, -86.5789367614 32.455039076, -86.5787507616 32.455239076, -86.5784177615 32.4555660764, -86.5779787611 32.4560150768, -86.5749837609 32.4590130769, -86.5747187606 32.4593000774, -86.5745187606 32.4595390777, -86.5743387607 32.4597870775, -86.5742167605 32.4599810774, -86.5741457603 32.4601140773, -86.5740517606 32.4603180778, -86.5739497605 32.4605980775, -86.5738877606 32.4608100772, -86.5738407607 32.4610280773, -86.5738127602 32.4612450778, -86.5738017604 32.4614660775, -86.5738407607 32.4628520779, -86.5738367605 32.4632930783, -86.5738127602 32.4636570785, -86.5737917603 32.4638000784, -86.5737587607 32.4639440786, -86.5737137605 32.4640860784, -86.5736307606 32.4642930782, -86.5735337606 32.4644950782, -86.5734577604 32.4646250784, -86.5733707604 32.4647510787, -86.5731807604 32.4649940785, -86.5730197607 32.4651760784, -86.5724227602 32.4657810791, -86.5721597604 32.4660700786, -86.5720157604 32.4662510789, -86.5719307601 32.466378079, -86.5718247598 32.4665770791, -86.5717467599 32.4667860786, -86.5717137603 32.4669300793, -86.5716937602 32.4670750787, -86.5716837602 32.4672200794, -86.5716867606 32.4673660788, -86.5717047601 32.467511079, -86.5717507601 32.467726079, -86.5719117607 32.4682970792, -86.5720207605 32.4687240796, -86.5720447608 32.4688690792, -86.5720587601 32.4690150797, -86.57206476 32.4692320791, -86.5720547608 32.4695970792, -86.57196176 32.4709090797, -86.5719217607 32.4713470796, -86.5718977604 32.4714910799, -86.5718607606 32.4716320802, -86.5718097606 32.4717730804, -86.5717487605 32.4719080803, -86.5716417604 32.4721070803, -86.5715167607 32.4722990802, -86.5711997605 32.4727320806, -86.5710767605 32.4729240799, -86.5710067601 32.47305808, -86.57094576 32.4731940806, -86.5708987602 32.4733350806, -86.5708497607 32.4735490807, -86.5708317602 32.4736940808, -86.5708287599 32.4739850807, -86.5708417603 32.4742020803, -86.5709237603 32.4748560809, -86.57094076 32.475074081, -86.5709417607 32.4752210809, -86.5709327605 32.4753660806, -86.5709117606 32.4755100812, -86.5708647607 32.4757240807, -86.5708027608 32.4759350809, -86.5706557605 32.4763520812, -86.57057676 32.4766360808, -86.5705307599 32.4768520812, -86.57049976 32.4770690815, -86.5704847599 32.4772860813, -86.5704877603 32.4775780813, -86.5705657601 32.4787390817, -86.5706007603 32.4796110816, -86.5705987606 32.4799010818, -86.5705777607 32.480264082, -86.5704167601 32.4822280826, -86.5704127608 32.4823760825, -86.5703407609 32.4830920823, -86.5702667603 32.483966083, -86.5701817609 32.4846950832, -86.5700587608 32.4855770831, -86.5697697602 32.4874540834, -86.5697097609 32.4878870837, -86.5696877611 32.4881770837, -86.5696907606 32.4883210836, -86.5697007606 32.4884670836, -86.5697227604 32.4886100835, -86.5697547611 32.4887520838, -86.5698477609 32.4890320836, -86.5699097609 32.4891680836, -86.5699817608 32.4893010835, -86.5701457609 32.4895560837, -86.5702397606 32.489678084, -86.5703417607 32.4897960842, -86.5705687614 32.4900150839, -86.5706957607 32.4901130838, -86.5708317611 32.490201084, -86.5709737614 32.4902830837, -86.5712657615 32.4904400841, -86.5723737615 32.4909950844, -86.5726507616 32.4911650842, -86.5727847614 32.491257084, -86.5730407615 32.4914500842, -86.5732717615 32.4916650846, -86.5733797615 32.4917790845, -86.5734237619 32.4918530845, -86.5734577622 32.4919540844, -86.5732197616 32.4918550841, -86.5725837616 32.491625084, -86.5720217612 32.4914390846, -86.5713787615 32.4912410843, -86.570888761 32.4911010845, -86.5702307613 32.4909240842, -86.5699027612 32.490845084, -86.569236761 32.4907010844, -86.5687337602 32.4906040839, -86.5683987604 32.4905460841, -86.5678887599 32.4904740841, -86.5669527603 32.4903620844, -86.5658827599 32.4902710846, -86.5651147596 32.4902200844, -86.5644277595 32.4901980842))
POLYGON ((-86.5223957518 32.5690101028, -86.5209497507 32.5690041024, -86.5181347504 32.5690211027, -86.5174747501 32.5690351028, -86.5169537497 32.5690341028, -86.5166087499 32.5690271031, -86.5160937493 32.5690071026, -86.5155807493 32.5689761029, -86.5142297487 32.5688661028, -86.5137237493 32.5688351031, -86.5133947485 32.5688301027, -86.5130447487 32.5688371032, -86.5130767485 32.5686861032, -86.5131117486 32.5685611032, -86.5132757487 32.5680841031, -86.5140297487 32.5660181023, -86.5142887492 32.5653281025, -86.5147277487 32.5640901021, -86.5148067492 32.5638061016, -86.5148317493 32.5636621016, -86.5148587491 32.5633721021, -86.5148557487 32.5630831017, -86.5148447488 32.5629391021, -86.5148247487 32.5627951014, -86.5147577488 32.5625091019, -86.5143797485 32.5614061015, -86.5142887483 32.5611271016, -86.5141697484 32.5607081013, -86.5141067487 32.5604251009, -86.5140557486 32.5601391014, -86.5140167483 32.5598521008, -86.5139907483 32.5595641007, -86.5138357485 32.5572591009, -86.5137117487 32.5552310998, -86.5136677483 32.5544380999, -86.5136657478 32.5539280996, -86.513674748 32.5534950995, -86.513689748 32.5532050997, -86.5137247482 32.5527730993, -86.5137737477 32.5523400996, -86.5138667485 32.5516910997, -86.5149807484 32.5446010975, -86.515023748 32.5442440978, -86.5150317484 32.5441010977, -86.5150317484 32.5438140973, -86.5150047478 32.5435310974, -86.514982748 32.5433880978, -86.5149147483 32.5430930976, -86.5148537482 32.5428980971, -86.5147457482 32.5426230971, -86.5145157481 32.5421550972, -86.5134807478 32.540166097, -86.5133587476 32.5399180969, -86.5132627474 32.539764097, -86.5130857469 32.5394230965, -86.5128547469 32.5389530965, -86.5126207475 32.5384090967, -86.5125417469 32.5382040964, -86.5124007474 32.5377880962, -86.5122817466 32.5373660962, -86.5115247462 32.5341010956, -86.5114597468 32.5337440958, -86.5114217463 32.5334570956, -86.5113897465 32.5330970956, -86.5113827468 32.5328000956, -86.5113927469 32.532375095, -86.5114577463 32.5307890949, -86.5114547459 32.5301980951, -86.511397746 32.5299030948, -86.5113407461 32.5296890948, -86.5112737462 32.5294770944, -86.5111967462 32.5292690948, -86.5110727463 32.5289980946, -86.510961746 32.5288020947, -86.5108347458 32.5286130942, -86.5106477462 32.5283680948, -86.5104527462 32.5281310943, -86.5098147456 32.5274120939, -86.5085537454 32.5259400938, -86.5082427451 32.525591094, -86.5080247455 32.5253680939, -86.5078497447 32.5252080938, -86.5076657446 32.5250560941, -86.5074737449 32.524912094, -86.5071407449 32.524687094, -86.5061947443 32.5240710939, -86.5060447445 32.5239860937, -86.5058187446 32.5238320938, -86.5054917443 32.5235890938, -86.5051197439 32.5232820937, -86.5037907439 32.5221380934, -86.5033157435 32.521718093, -86.5031457437 32.5215510929, -86.5029887433 32.5213780935, -86.5028417439 32.5211970935, -86.5026257431 32.5208830931, -86.5024757433 32.5206180932, -86.5018247432 32.519352093, -86.5016027434 32.5189570928, -86.501363743 32.518569093, -86.5010217427 32.5180700928, -86.500850743 32.5178280923, -86.5007267423 32.5176740925, -86.499455742 32.5159340921, -86.4979767414 32.5138890916, -86.4974167415 32.5131340913, -86.4969697416 32.5126030919, -86.4962917409 32.5118630912, -86.4958537412 32.5114230916, -86.4954027411 32.5109900911, -86.494936741 32.5105680909, -86.4945767402 32.5102600911, -86.4945087404 32.5101910908, -86.4944557407 32.5101570914, -86.4938977405 32.5097100913, -86.4911147391 32.5075930909, -86.4906187397 32.5072000906, -86.4898937391 32.5065960903, -86.4882667383 32.5051650901, -86.4882957386 32.5051400904, -86.488375739 32.5050190899, -86.4884157383 32.5049780899, -86.4884157383 32.5049570903, -86.4884637388 32.50490209, -86.4885197389 32.5047780899, -86.4886287387 32.5046330898, -86.488842739 32.5044220902, -86.488898739 32.50435009, -86.4889147389 32.5043010902, -86.4889377385 32.5042810897, -86.4889467387 32.5042530898, -86.4892037386 32.5039150901, -86.4893327385 32.50378809, -86.4899277385 32.5028870898, -86.4899667389 32.5028460896, -86.4899667389 32.5028250895, -86.4900077389 32.5027840893, -86.4900067391 32.5027630899, -86.4900317392 32.5027430898, -86.4900547387 32.5026880897, -86.4900467393 32.5026670895, -86.4902407385 32.5025010897, -86.4902887391 32.5024460894, -86.4906037387 32.5021480895, -86.4906197386 32.5021140894, -86.490658739 32.5020600897, -86.490699739 32.5020170898, -86.490699739 32.5019980896, -86.4907317388 32.5019620892, -86.4907397392 32.5019280897, -86.490771739 32.5018860898, -86.4908437389 32.5017080894, -86.4908627392 32.5015600895, -86.4908797389 32.5015290893, -86.4909027394 32.5014160897, -86.4909387394 32.5013360895, -86.4910447388 32.5007130895, -86.4912317393 32.5002140887, -86.4912567394 32.5001800894, -86.4912637391 32.5001520889, -86.4912767395 32.5001370893, -86.4913407391 32.5000900889, -86.4913937388 32.5000890889, -86.4917447393 32.4995910893, -86.4917417389 32.4988170884, -86.4917627388 32.4987310885, -86.4918047396 32.4986520884, -86.4918377392 32.498616089, -86.4919417389 32.4985510885, -86.4923447393 32.4983400883, -86.4924027391 32.4982950887, -86.4924217393 32.4982610885, -86.4924167393 32.4982170882, -86.4924227392 32.4981830888, -86.4924977395 32.4980980884, -86.4926087398 32.4979950885, -86.4927247393 32.4978920884, -86.4927667391 32.4978730888, -86.492787739 32.4978560887, -86.4928087398 32.4978270881, -86.492823739 32.4977430882, -86.4929367399 32.4976010885, -86.4931667392 32.4973740882, -86.49326474 32.4973220882, -86.4933147393 32.4972790883, -86.4933777399 32.4971670887, -86.4934117394 32.4968650883, -86.4934707398 32.4966180885, -86.49355174 32.4963960885, -86.4939947397 32.4958160882, -86.4940117394 32.4957750879, -86.4940437401 32.4957400882, -86.4940477394 32.4957160883, -86.49420874 32.4954300881, -86.4942297399 32.4953740879, -86.49425474 32.4953480877, -86.4943517401 32.4951400879, -86.4943837399 32.495052088, -86.4944247399 32.4950020876, -86.4944477394 32.4949350881, -86.4945207401 32.4948310881, -86.4945457394 32.4947830879, -86.4946587402 32.4946310875, -86.4948577395 32.4944390875, -86.4951897398 32.4941690877, -86.4956227403 32.4938610877, -86.4958587403 32.4936600878, -86.4960367397 32.4934910876, -86.4962927398 32.4931610873, -86.4964127403 32.4930350873, -86.4965227399 32.4928890871, -86.4967247405 32.492686087, -86.4968387403 32.4925370873, -86.4968947404 32.4924860869, -86.4969357404 32.4924270875, -86.4970897404 32.4922830874, -86.4971057403 32.4922490872, -86.4972157408 32.4921260872, -86.4976397402 32.4915880869, -86.4978997405 32.491217087, -86.497922741 32.491168087, -86.4979957408 32.4910640865, -86.4980367408 32.490975087, -86.4980697404 32.4909410871, -86.498117741 32.4908230869, -86.4981367403 32.490733087, -86.4981827404 32.4906180871, -86.4982477407 32.4904180869, -86.4982597403 32.4903320866, -86.4984897405 32.4897570867, -86.4985147406 32.4897300862, -86.4985307405 32.4896820863, -86.4985547408 32.4896540863, -86.4985707407 32.4896200867, -86.4986247402 32.4894560867, -86.4987567405 32.4892360861, -86.4991697409 32.488905086, -86.4992427407 32.4888310865, -86.4993157405 32.4887240865, -86.4993967407 32.4886350862, -86.4994047411 32.4886070859, -86.4994297412 32.4885790864, -86.4994697405 32.4885110864, -86.4994787407 32.488483086, -86.4995427412 32.4883860861, -86.4996077406 32.4882420864, -86.4996317409 32.488214086, -86.4997777405 32.4878840861, -86.4998017408 32.4878570858, -86.499825741 32.4877810858, -86.4998507412 32.4877610862, -86.4998577408 32.4877330863, -86.4998987408 32.4876500863, -86.4999477412 32.4875880861, -86.4999807409 32.4875020861, -86.5000217409 32.4874630861, -86.5001017412 32.487356086, -86.5001567406 32.4872060856, -86.5002457412 32.4871110863, -86.5003017412 32.4870380856, -86.5003327412 32.4869700859, -86.5003577413 32.486936086, -86.5004297413 32.4864780855, -86.5005837413 32.4860130855, -86.5006637407 32.4859030853, -86.5006797406 32.485847086, -86.5007117413 32.4858130857, -86.5007267414 32.4857570857, -86.5007507408 32.485729086, -86.5007587412 32.4856960859, -86.500790741 32.4856480853, -86.500918741 32.4855150853, -86.5015687413 32.4849380853, -86.5017527414 32.4847440853, -86.5018357413 32.4846430857, -86.5018397415 32.4846250851, -86.5018817413 32.484569085, -86.5018967414 32.4845210854, -86.5019377414 32.4844710852, -86.5020237416 32.4842450854, -86.5020427409 32.4841040851, -86.5020177417 32.4839110851, -86.5020047413 32.4838800848, -86.5019577415 32.4836580853, -86.5019367415 32.4834960847, -86.5019697412 32.483210085, -86.5020857415 32.4829180851, -86.5021177413 32.482883085, -86.5021207417 32.4828590847, -86.5021847412 32.4827380853, -86.5023237412 32.4824210847, -86.5023547411 32.4823310847, -86.5023957411 32.4822830846, -86.5024107412 32.482234085, -86.5025317416 32.4821130847, -86.5026397415 32.482028085, -86.5027387413 32.4819690848, -86.5030387417 32.4817500844, -86.5032147415 32.4815980847, -86.5032467412 32.4815630848, -86.5032467412 32.4815430845, -86.5033267416 32.4814110848, -86.5034007412 32.4812230842, -86.5036957417 32.4813910845, -86.503929742 32.4814900849, -86.5040877422 32.4815490847, -86.5044117421 32.4816450849, -86.5046607416 32.4817020848, -86.5048287418 32.4817320847, -86.5049977419 32.4817550843, -86.5052547418 32.4817770843, -86.5055977419 32.4817910844, -86.5080897431 32.4817750845, -86.5085217429 32.4817950847, -86.5087797436 32.4818200848, -86.5090327433 32.4818650843, -86.5092007435 32.4819020846, -86.5094477434 32.4819690848, -86.509685743 32.4820540845, -86.5098417436 32.4821170843, -86.5100697432 32.4822220848, -86.5102147438 32.4823010842, -86.5103567432 32.4823860844, -86.5106947433 32.4826110848, -86.5154227456 32.4858840855, -86.5156847455 32.4860740851, -86.5158707453 32.4862250853, -86.5160477457 32.4863820852, -86.5162327457 32.4865580852, -86.5163717456 32.4867170856, -86.5165627454 32.4869620857, -86.5166527458 32.4870880851, -86.5168137454 32.4873470856, -86.5169547459 32.4876140855, -86.5170747456 32.4878880854, -86.5171257456 32.4880290858, -86.5172097462 32.4883120855, -86.5172687457 32.4885990859, -86.5172897457 32.4887450854, -86.5173127461 32.4890380855, -86.5173657458 32.4916610862, -86.5174167459 32.4926070861, -86.5174607463 32.4931160866, -86.5175007464 32.4934800867, -86.5179477463 32.4970280876, -86.5180137464 32.4974590878, -86.5180707463 32.4977480872, -86.5181717466 32.498174088, -86.5182807464 32.4985230875, -86.518400747 32.4988520877, -86.5185787472 32.4992520879, -86.5187127471 32.4995220876, -86.5188587467 32.4997860876, -86.5190147473 32.5000470881, -86.5191837473 32.5002990879, -86.5199127472 32.5012920885, -86.5200847477 32.501547088, -86.5202427478 32.5018070887, -86.5203847472 32.5020750882, -86.5204487477 32.5022100888, -86.5205607479 32.5024880883, -86.5214147475 32.5049480894, -86.5215007477 32.5052300888, -86.5216057481 32.5056630891, -86.5216797478 32.5060980896, -86.5217137481 32.5063860893, -86.5217427484 32.5068220893, -86.5217507479 32.5080120899, -86.5217577485 32.5080830895, -86.5217627485 32.5086150898, -86.5217907481 32.5089120895, -86.5218187486 32.5094230901, -86.521852748 32.5097140896, -86.5219277484 32.5101480903, -86.5220127488 32.5105060899, -86.5221167485 32.5108580906, -86.5222367482 32.5112070901, -86.5223477485 32.5114830907, -86.522734749 32.5122920909, -86.524391749 32.5155670908, -86.5246137497 32.5159580911, -86.5247787495 32.5162140914, -86.5249557491 32.5164640916, -86.5251407499 32.5167090917, -86.5255167497 32.5171590915, -86.5285047502 32.5203590923, -86.5288277512 32.5206970922, -86.5290527504 32.5209110925, -86.529290751 32.5211180919, -86.529541751 32.5213120922, -86.5298057515 32.5214930919, -86.5300817508 32.5216590923, -86.5303707514 32.521814092, -86.5308157516 32.522023092, -86.532039752 32.5225290924, -86.5323387518 32.5226690925, -86.5324837516 32.5227480927, -86.5327617523 32.5229120927, -86.5331627521 32.5231850927, -86.533409752 32.5233870924, -86.5336387523 32.5236010923, -86.5338507521 32.5238260927, -86.5340297522 32.5240460927, -86.5341517524 32.5242090927, -86.5351337529 32.5256330927, -86.5353157525 32.5258780928, -86.5371097537 32.5280780933, -86.5374147533 32.5284250931, -86.5376297534 32.5286490937, -86.5378647535 32.5288580937, -86.5382307541 32.529161094, -86.5398607544 32.5304290941, -86.5401077543 32.5306330935, -86.5403317546 32.5308530935, -86.5405327544 32.5310870937, -86.5407077543 32.531335094, -86.5408567543 32.5315940943, -86.5409257548 32.5317280941, -86.5410387548 32.5320020943, -86.5410817544 32.5321400939, -86.5411527546 32.5324210939, -86.5411927547 32.5326380942, -86.5412087546 32.5327840942, -86.5412187547 32.5330740941, -86.5411977548 32.5333660947, -86.541175755 32.5335100941, -86.5411157547 32.5337970941, -86.5408457553 32.534785095, -86.540544755 32.5358350952, -86.5403737544 32.5364650949, -86.5403067545 32.5367470954, -86.5402587548 32.5370380951, -86.5402227548 32.5374590954, -86.5402297545 32.5378890952, -86.5402757545 32.5383190952, -86.5403007546 32.5384610958, -86.5403697551 32.5387440957, -86.5404107551 32.5388850959, -86.5405067554 32.5391630956, -86.540611755 32.5394290958, -86.540734755 32.5396930959, -86.5409567547 32.5400840958, -86.5429857561 32.5431970962, -86.543391756 32.5438310964, -86.5443007567 32.5452180965, -86.5445367567 32.5456030969, -86.5446097565 32.545735097, -86.5447397562 32.5460000971, -86.544904757 32.546411097, -86.5449907563 32.5466900972, -86.5450897569 32.5471150974, -86.5455547573 32.5496760976, -86.5456577572 32.5501800977, -86.545879757 32.5511760984, -86.5459837576 32.5516010979, -86.5460977574 32.5520220981, -86.5462687571 32.5525800983, -86.5464047576 32.5530740986, -86.5466127571 32.5537750983, -86.5468087578 32.5544770988, -86.5471217578 32.5555210992, -86.5473427577 32.556331099, -86.5475597584 32.5570430989, -86.5482757579 32.5595080996, -86.5483907584 32.5599311001, -86.5486317584 32.5609191004, -86.5487577588 32.5614871005, -86.5488627584 32.5620581005, -86.5489817582 32.5627751003, -86.5490657588 32.5633931009, -86.5493247592 32.5655941008, -86.5494687592 32.5669361015, -86.5495267589 32.5673691012, -86.5495787588 32.5676541018, -86.5496467595 32.5679381014, -86.5497267589 32.5682191014, -86.549869759 32.5686361014, -86.5500747591 32.5691871016, -86.5505167598 32.5702791019, -86.55146476 32.5726681021, -86.5516687603 32.5732201025, -86.5517157601 32.5733581023, -86.55180876 32.5737021027, -86.5518687603 32.5739831028, -86.5515737598 32.5739321024, -86.5505647595 32.5737211029, -86.5495717591 32.5734981026, -86.5479297591 32.5731021029, -86.5438277578 32.5720891029, -86.5412117568 32.5714561025, -86.5409567565 32.5713881024, -86.5397117562 32.5710801029, -86.5354727555 32.5699801021, -86.5348177552 32.5698261023, -86.5344847551 32.5697661022, -86.5339807544 32.5696881024, -86.5336437542 32.5696511027, -86.5333027546 32.5696251028, -86.532623754 32.5695841027, -86.5316017542 32.5695411026, -86.5294727532 32.5694251028, -86.5237707518 32.5690571027, -86.5232517519 32.5690341028, -86.5223957518 32.5690101028))
POLYGON ((-86.5916437715 32.5742161011, -86.5916677709 32.5740361016, -86.591692771 32.5739201016, -86.5916437715 32.5737071012, -86.5916037714 32.5736591015, -86.591595771 32.573617101, -86.5915227712 32.5735211014, -86.591497771 32.5734741008, -86.5914337715 32.5733911012, -86.5913927715 32.5733501014, -86.5913207715 32.573171101, -86.5912957714 32.5731441013, -86.5912067708 32.572910101, -86.5911857709 32.572756101, -86.5911657708 32.5722301007, -86.5911507707 32.5721271009, -86.5911577713 32.5720781011, -86.5911177711 32.5720381007, -86.5909527713 32.5716531009, -86.5909157705 32.571543101, -86.5908997706 32.571267101, -86.5909197707 32.5711401007, -86.5910137705 32.5708971008, -86.5910377707 32.5707241003, -86.5910047711 32.5699331004, -86.5910337705 32.5697461003, -86.5911517705 32.5694741003, -86.5911727705 32.5693811002, -86.5911887713 32.5693501007, -86.5912287705 32.5691071005, -86.5912127706 32.5688861003, -86.5911847711 32.5687931004, -86.5911727705 32.5687081001, -86.5911527704 32.5684161001, -86.5911807709 32.5682331001, -86.5913147708 32.5679280999, -86.5913307706 32.5677770999, -86.5913837712 32.5674850999, -86.5914197712 32.5673990998, -86.5914407711 32.5673060999, -86.5914857705 32.5672061, -86.5916647706 32.5661480995, -86.5916647706 32.5659200997, -86.5916407712 32.5658260996, -86.5916607704 32.5654860998, -86.5917947711 32.5651450992, -86.5919007706 32.5650010991, -86.591964771 32.5649320992, -86.5922087705 32.5646990995, -86.5922247713 32.5646640994, -86.5922657713 32.5646090994, -86.5922817712 32.5645610993, -86.5923407708 32.564484099, -86.5923707709 32.5643750995, -86.5924687708 32.5641130995, -86.592590771 32.5639910988, -86.5926067709 32.5639570993, -86.592703771 32.5638330988, -86.5928257712 32.5637080989, -86.5929957711 32.5635780989, -86.5930287707 32.5635640987, -86.5933207708 32.5633310992, -86.5934337707 32.5633040988, -86.5935557709 32.5632350992, -86.5938357713 32.5630010987, -86.5939207717 32.5629530986, -86.593970771 32.562939099, -86.5940027717 32.5629190987, -86.5940677711 32.5629050991, -86.5940997709 32.5628850988, -86.5941397711 32.5628770985, -86.5941727716 32.5628570989, -86.5944077718 32.5627950991, -86.5946187717 32.5627470988, -86.5946597717 32.5627190989, -86.5947657711 32.5626300984, -86.5947657711 32.5626100988, -86.594878772 32.5624640988, -86.594919772 32.5624240987, -86.5949477716 32.5622350985, -86.5949187712 32.5620730988, -86.5948707716 32.5619010988, -86.5947817719 32.5617650983, -86.5947497712 32.5616890988, -86.5947087712 32.5616410987, -86.5946117711 32.5614760981, -86.5945547712 32.5614080988, -86.5944897718 32.5612840986, -86.5943437713 32.5610960985, -86.5942957716 32.5610020986, -86.5942267711 32.5609050983, -86.5941817709 32.5608570985, -86.5941167715 32.5607270982, -86.5940197714 32.5605970984, -86.594011771 32.5605690985, -86.5939877708 32.5605410979, -86.5939067715 32.5602730979, -86.5937567708 32.5595960984, -86.5937207708 32.5594970985, -86.5936797708 32.559427098, -86.5936717713 32.559387098, -86.593647771 32.5593630978, -86.5936147714 32.5592970979, -86.5935337712 32.5591880981, -86.5934127708 32.5590700982, -86.5933477705 32.5589910981, -86.5933237711 32.5589400983, -86.593257771 32.5588500977, -86.5930967705 32.5586970979, -86.5930557704 32.5586450978, -86.5930237707 32.5586170981, -86.5929867709 32.5585550976, -86.5928687709 32.5584280983, -86.5928357703 32.5583630979, -86.5927957711 32.5583150982, -86.5927717708 32.5582670978, -86.5926337707 32.5580880976, -86.5925527705 32.557943098, -86.5924437707 32.5577920979, -86.5923657709 32.557696098, -86.5921597701 32.5574980975, -86.5921237701 32.5574480978, -86.5920987709 32.5574010979, -86.5920017708 32.5572700977, -86.5919527704 32.5571810978, -86.5919127703 32.557139098, -86.5919127703 32.5571110978, -86.5917427704 32.5568440976, -86.5916777701 32.5567000977, -86.5916377699 32.5565560977, -86.5916127707 32.5565340978, -86.5915717707 32.5564320976, -86.59146777 32.5562390977, -86.5913787703 32.5561290978, -86.5912237705 32.5558530973, -86.5911507698 32.5557830978, -86.5911427703 32.555758097, -86.5911267704 32.5557380974, -86.5904297703 32.5551230976, -86.5903407697 32.5550230971, -86.5902907695 32.5548920971, -86.5902027696 32.5545830968, -86.5901787702 32.5543360974, -86.5901867697 32.5542520973, -86.5903327702 32.5538690974, -86.5903447699 32.5538100974, -86.5903297698 32.5535420969, -86.5903077701 32.5534830967, -86.5902757694 32.5533320966, -86.59025177 32.553270097, -86.5901947701 32.5531600972, -86.5901547699 32.5531060972, -86.5901137699 32.5530640969, -86.5901137699 32.5530440967, -86.5900987699 32.5530220967, -86.5899277693 32.552879097, -86.58969277 32.5527070968, -86.5895627694 32.5525970971, -86.5895137699 32.5525350971, -86.5894417699 32.5524190965, -86.5894167698 32.5523550965, -86.5892547694 32.5520470968, -86.5890597694 32.5517920967, -86.5886797695 32.5514150969, -86.5886627689 32.5513800962, -86.5886227696 32.5513250963, -86.5885177691 32.5512120964, -86.588451769 32.5510910966, -86.5884277696 32.5510650966, -86.5884037693 32.5510150963, -86.588338769 32.5509270966, -86.5882327687 32.5507410965, -86.5881687691 32.5506520963, -86.5877957688 32.5503010965, -86.5874227686 32.5500050961, -86.5873247687 32.5499230963, -86.5873087688 32.5499030961, -86.587276769 32.5497940963, -86.5872567689 32.5496930963, -86.5872207689 32.5492030959, -86.5871957688 32.5490920962, -86.5871477691 32.5490230962, -86.5870667689 32.5488730957, -86.587009769 32.5488030961, -86.5867097686 32.5485500956, -86.5866937687 32.5485150961, -86.5866537685 32.548460096, -86.5864997685 32.5482910958, -86.5864747684 32.5482320958, -86.5864507681 32.5482060958, -86.5863617684 32.5480140958, -86.5862647683 32.5477650959, -86.5862477686 32.5476830955, -86.5862567679 32.5476630956, -86.586199768 32.5475450957, -86.5861627682 32.5472410958, -86.5861757686 32.5469400959, -86.5861987682 32.5469070955, -86.5862727687 32.5466530955, -86.5863217682 32.5466080959, -86.5863707686 32.5465210959, -86.5863707686 32.5465010957, -86.5864027684 32.5464530958, -86.5864227685 32.5463610957, -86.5864677687 32.5462480956, -86.5865647688 32.5461230954, -86.5865737681 32.5460890952, -86.5866077684 32.5460450956, -86.586702768 32.5457800956, -86.5867477682 32.5457180954, -86.5867927684 32.545670095, -86.5868137683 32.5455980952, -86.5868377686 32.5453980955, -86.5868517688 32.5449890954, -86.5868417688 32.5447020948, -86.5868097681 32.544537095, -86.5867327681 32.5442020949, -86.5867197686 32.544171095, -86.5866837686 32.5439350949, -86.5867087687 32.5436320953, -86.5867367683 32.543465095, -86.5867367683 32.5433890951, -86.5867047685 32.5431890949, -86.5866317678 32.5429210946, -86.5865987682 32.5428390951, -86.5865347677 32.5427220945, -86.5864217678 32.5425780947, -86.5862107679 32.5423980946, -86.5861327681 32.5423440949, -86.585999768 32.5422690944, -86.5857157683 32.5420630949, -86.5856667679 32.5419930945, -86.5855777682 32.5417050946, -86.5854977679 32.5413400948, -86.5854647682 32.5412240948, -86.5854167677 32.5411000948, -86.5853677682 32.5410110941, -86.5853107674 32.5409420947, -86.5849987681 32.5406700945, -86.5849297676 32.5405770941, -86.5848077674 32.5404530947, -86.5847717674 32.5403930945, -86.5847107673 32.5403280939, -86.5845887671 32.5401100944, -86.5845897678 32.5400900943, -86.5845227679 32.539985094, -86.5845167671 32.5399520941, -86.5844027673 32.5398360939, -86.5840947674 32.5395750939, -86.5835107672 32.5391280939, -86.583316767 32.5389560939, -86.5833007672 32.538922094, -86.5832107667 32.5388040939, -86.5831707675 32.5387640939, -86.5830977668 32.5385370938, -86.5830857671 32.5384780943, -86.582911767 32.5380420941, -86.5828787665 32.5379810942, -86.5828147669 32.5378980936, -86.582757767 32.5378020936, -86.5824747671 32.5375410937, -86.5824647671 32.5375240935, -86.5824177663 32.5373620938, -86.5824167665 32.5372660941, -86.5824417666 32.5371630935, -86.5824657669 32.537135094, -86.5824827666 32.5369430938, -86.5824817668 32.5367850933, -86.5824657669 32.5365580935, -86.582449767 32.5364740934, -86.5824177663 32.5364140936, -86.582393767 32.5363860938, -86.5822877666 32.5361380939, -86.5822557669 32.5360350936, -86.5822427664 32.5359630936, -86.5822557669 32.5356570931, -86.5822797663 32.5356370935, -86.5822317666 32.5355890931, -86.5822067665 32.5355270934, -86.5821307663 32.5351320931, -86.5820937665 32.5348600934, -86.5820097668 32.5344450934, -86.5819247664 32.5341460931, -86.5819037665 32.5338610929, -86.5819447665 32.5334140933, -86.5819037665 32.5330560926, -86.5818767667 32.5326000931, -86.5819047663 32.5324310925, -86.5819487667 32.5323310924, -86.5819657664 32.5322630929, -86.5820387662 32.5321650928, -86.5823307663 32.5318670922, -86.5824607669 32.5316780929, -86.5825017669 32.5316380927, -86.5825017669 32.5316160928, -86.5825337667 32.5315830928, -86.5825987661 32.5314180923, -86.5826557669 32.5309780923, -86.5827127668 32.5308340926, -86.5826887665 32.5307920925, -86.5827697667 32.5307200922, -86.5828017665 32.5306760926, -86.5828177664 32.5306260924, -86.5828427665 32.5306000925, -86.5828997664 32.5304760922, -86.5829277669 32.5301700919, -86.5828957662 32.529984092, -86.5828757661 32.5296930922, -86.5828587664 32.5295900921, -86.5828187662 32.5295420922, -86.5827127668 32.5294520917, -86.582429766 32.5294600919, -86.5823727661 32.5294520924, -86.5822997663 32.5294040917, -86.5822997663 32.529364092, -86.582332766 32.5292670923, -86.5824217665 32.5291570919, -86.582429766 32.5291230921, -86.5824537663 32.5290950923, -86.5824217665 32.528917092, -86.582332766 32.528813092, -86.5822757661 32.5287570922, -86.5822637664 32.5286320918, -86.5822917659 32.5285590915, -86.5823167661 32.5285320921, -86.5823407664 32.528470092, -86.5823647666 32.5284490918, -86.5823807665 32.5284080919, -86.582414766 32.527934092, -86.582470766 32.5278370915, -86.582568766 32.5274110919, -86.5825607665 32.5273920917, -86.5826217666 32.5270850918, -86.582665766 32.5269640912, -86.5826987666 32.5268210917, -86.5829257663 32.5262300916, -86.5829667663 32.5262020917, -86.582978766 32.5261300914, -86.5829987661 32.5260710913, -86.5830397661 32.5260160911, -86.5830717659 32.5259340914, -86.5831607665 32.5257960914, -86.5832187662 32.5257280915, -86.5833147665 32.5256290913, -86.5833647667 32.525591091, -86.5834297661 32.5255700909, -86.5834787665 32.5255630908, -86.5835757666 32.5255360912, -86.5836317667 32.525501091, -86.5837217662 32.525425091, -86.5837697668 32.5253430915, -86.5837457665 32.5252130912, -86.5837047665 32.525163091, -86.5836087662 32.525082091, -86.5833807666 32.5250690914, -86.5833077668 32.5250550912, -86.5832437664 32.5250130908, -86.5832107667 32.5249650907, -86.5831947659 32.5249240908, -86.5831787661 32.5243610909, -86.5831537659 32.5243050913, -86.5831137667 32.5242570909, -86.5829847659 32.5241470912, -86.582845766 32.5241270906, -86.5827167661 32.5240990907, -86.5826267666 32.5240450906, -86.5825867664 32.5240110911, -86.5825617663 32.5238450905, -86.5826677657 32.5237630911, -86.5829197665 32.5237220906, -86.5829757666 32.5236870912, -86.5830327665 32.523640091, -86.5831297665 32.5235470911, -86.5832197661 32.5234890907, -86.5833697667 32.5234970907, -86.583527766 32.5235450908, -86.5836827667 32.5235700906, -86.5837307664 32.523556091, -86.5837957667 32.5235230904, -86.5839087667 32.5234200907, -86.5839177669 32.5233720906, -86.5839097665 32.5232960904, -86.5838927668 32.5232790905, -86.5838847664 32.5232540906, -86.5837147665 32.5230470908, -86.5836707661 32.5229450905, -86.583640766 32.5228080903, -86.5836417667 32.5227110903, -86.5836257659 32.5226360908, -86.5834237663 32.5224560901, -86.5833987662 32.5224560901, -86.5833497667 32.5224330904, -86.5832277665 32.5223600904, -86.583122766 32.5222690903, -86.5830747663 32.5222040903, -86.5829857657 32.5221140907, -86.5828717659 32.5220170907, -86.5827507664 32.5220040907, -86.5826847663 32.5219900908, -86.5826127663 32.5219410901, -86.5825877662 32.5219070906, -86.5826047659 32.5217910905, -86.5826287662 32.5217010906, -86.5826687664 32.5216450901, -86.5827097664 32.5216050907, -86.5828517658 32.5213380902, -86.5828647662 32.52130209, -86.5828877658 32.5212680903, -86.582896766 32.5212400903, -86.5829197665 32.5212060905, -86.583009766 32.5209870902, -86.5830307659 32.5208940899, -86.5830757661 32.5207870902, -86.5830947664 32.5206660902, -86.5831317662 32.5205870904, -86.5831507665 32.5205110901, -86.5832377665 32.5202860898, -86.5832617659 32.5202520904, -86.5833917665 32.5201230902, -86.5834567659 32.5200720903, -86.5836437664 32.5200240899, -86.5836837666 32.5199960902, -86.5837727663 32.5199170899, -86.5837887661 32.5198950901, -86.5837977664 32.5198530902, -86.5837817665 32.5198190899, -86.5836597663 32.5197080903, -86.583635766 32.5196400895, -86.5836027664 32.51940509, -86.5835707666 32.5193710895, -86.5834327665 32.51925509, -86.5833037657 32.5191660896, -86.5832387663 32.5191110897, -86.5832377665 32.5190900896, -86.5831977663 32.5190420902, -86.583055766 32.5189240897, -86.5829547657 32.5188700895, -86.5828977658 32.5188560899, -86.5828247661 32.5188090895, -86.5827847659 32.5187750896, -86.5827597658 32.5187060898, -86.5827757656 32.5185750899, -86.5827917655 32.5185200896, -86.5828977658 32.5184170896, -86.5829877663 32.5183750898, -86.583019766 32.5183470897, -86.5830517658 32.5183470897, -86.5831257663 32.5183070896, -86.5831907657 32.5182850894, -86.5832227664 32.5182650897, -86.5832877658 32.5182450893, -86.5834937657 32.5182420897, -86.5835837661 32.5182560894, -86.5837417663 32.5182990899, -86.583830766 32.5182230899, -86.5838227665 32.5181150894, -86.5838477666 32.5179980899, -86.5839527662 32.5178600898, -86.5840747664 32.5177420894, -86.5840377666 32.5175340891, -86.5839927664 32.5173790897, -86.5839767665 32.5171370896, -86.5839617664 32.5170690892, -86.5839367663 32.5170220893, -86.5837827663 32.5168570893, -86.583758766 32.5166920891, -86.5837417663 32.5166240891, -86.583717766 32.5165760891, -86.5836737656 32.5165120894, -86.5836127664 32.5164520892, -86.5835077659 32.5161490892, -86.5834837657 32.5161280892, -86.5834667659 32.516087089, -86.5834267658 32.5160390895, -86.5833617664 32.5158870894, -86.5833487659 32.5156990889, -86.5834267658 32.5155380891, -86.5834187663 32.5154680893, -86.583394766 32.515378089, -86.5833207663 32.515308089, -86.5832807662 32.5152560887, -86.5832567659 32.5151730891, -86.5832897655 32.5150080887, -86.5833217662 32.5149780892, -86.583353766 32.5149250889, -86.583394766 32.5148770887, -86.5834107659 32.5148090889, -86.5834587655 32.514691089, -86.5834927659 32.514657089, -86.5835157663 32.5145970891, -86.5835407656 32.5143220888, -86.5835817656 32.5142720886, -86.583630766 32.5142380884, -86.5837187658 32.5142260887, -86.5838167657 32.5141390885, -86.5838337664 32.514114089, -86.5838737656 32.5136420886, -86.5838737656 32.5134750886, -86.5838577657 32.5134010889, -86.5838007658 32.5133320888, -86.583671766 32.5132220886, -86.5836467659 32.5132080881, -86.5835577662 32.5131800887, -86.583440766 32.5131630884, -86.5834117657 32.5131460889, -86.5833547658 32.5131320884, -86.5833067661 32.5131040881, -86.5832337654 32.5130420888, -86.5832167657 32.5129320883, -86.5832217657 32.5129010882, -86.5832737656 32.5127960887, -86.5832907662 32.5127470882, -86.5833147656 32.5127200886, -86.583322766 32.5126860886, -86.5833557656 32.5126450883, -86.5833717655 32.5124170882, -86.5833877654 32.5123270887, -86.5834207659 32.512205088, -86.5836647654 32.5120050881, -86.5838177656 32.511957088, -86.5841627662 32.511981088, -86.5843457656 32.5120330879, -86.5844917661 32.5120470886, -86.5845807658 32.5120400883, -86.5846377657 32.5120120885, -86.5846937658 32.5119980885, -86.5847507657 32.5119640883, -86.5848647664 32.5118690878, -86.5848807663 32.5118320885, -86.5849217663 32.5117930885, -86.5849557657 32.5116940881, -86.5849417664 32.5112720882, -86.5848967662 32.511097088, -86.5848287664 32.5107710878, -86.5847997661 32.5106780883, -86.5847837662 32.5106580877, -86.5848407661 32.510616088, -86.5848447663 32.5105730877, -86.584856766 32.510549088, -86.5848857663 32.5104010875, -86.5849867657 32.5101510879, -86.5849717665 32.5099990877, -86.584938766 32.5099650874, -86.5848647664 32.509910088, -86.5848487656 32.5097100875, -86.5848817661 32.5096140877, -86.5849537661 32.5095490876, -86.5850357661 32.509443088, -86.585051766 32.5093800877, -86.5850447663 32.5093530878, -86.584938766 32.5092640874, -86.584666766 32.509295088, -86.584630766 32.5093050877, -86.5845657657 32.5092910874, -86.5844847656 32.5092360875, -86.5844767661 32.509140088, -86.5844847656 32.5091050874, -86.584543766 32.5090360878, -86.5845817656 32.5089410873, -86.5845657657 32.5089190878, -86.5844847656 32.5088520873, -86.5842987658 32.5088520873, -86.5842167658 32.5087970879, -86.5842247662 32.5085900874, -86.584107766 32.5084940872, -86.5839817656 32.5084870873, -86.5838847655 32.5085760877, -86.5838677658 32.5086860875, -86.5837797659 32.5087690878, -86.5837387659 32.5087690878, -86.5835967656 32.5086540874, -86.5835677653 32.5086180875, -86.583527766 32.5085490875, -86.5832277656 32.5082800876, -86.5832117657 32.5081510876, -86.5830907653 32.5080410872, -86.5830007658 32.5079720875, -86.5829807657 32.5079310874, -86.5829927654 32.5078350872, -86.583025765 32.5077990877, -86.5830537655 32.5077790872, -86.5832357651 32.5076840876, -86.5833257655 32.5076010871, -86.5833497658 32.5075600875, -86.5833337659 32.507457087, -86.5833177651 32.5074360872, -86.5832367658 32.5073670871, -86.5830007658 32.5074080875, -86.5829527652 32.507381087, -86.5829197656 32.5073530872, -86.5829207654 32.5073320874, -86.5828317657 32.5072580872, -86.5828067656 32.5072440873, -86.5825187648 32.5072530872, -86.5824907652 32.5072360873, -86.5824337653 32.5072220874, -86.5823037656 32.5071540871, -86.5821657656 32.5070580869, -86.5821317652 32.5070220871, -86.5821097655 32.5067210872, -86.5820927649 32.5067000872, -86.5819187648 32.5065550872, -86.5818827648 32.5065380872, -86.5817447647 32.5064470871, -86.5817117651 32.506417087, -86.5817037647 32.5062680874, -86.5817127649 32.5062470873, -86.5817047654 32.506192087, -86.5817207653 32.5061370868, -86.5817127649 32.5060540871, -86.5816887646 32.5059780873, -86.5816227645 32.5058540871, -86.5815547647 32.505759087, -86.5814207648 32.5056010869, -86.5814127644 32.5055730866, -86.5812907651 32.5054290871, -86.5812427646 32.505313087, -86.5812267647 32.505072087, -86.5812347651 32.5050240869, -86.5813157644 32.5048040866, -86.5813727652 32.5047560871, -86.5813847649 32.504677087, -86.5813967645 32.5046530865, -86.5814127644 32.5045360869, -86.5813727652 32.5044880865, -86.5812747644 32.5044050868, -86.5810647643 32.504412087, -86.5810237643 32.5044050868, -86.5809677651 32.5043710867, -86.5809107643 32.5043090867, -86.5808937646 32.5041990868, -86.5808697643 32.5041650867, -86.5807317642 32.5040480864, -86.5805857646 32.5040340868, -86.5805457644 32.504041087, -86.5804887645 32.5040350868, -86.5804317646 32.5039930864, -86.5802777646 32.5039040868, -86.5802777646 32.5038830869, -86.580224764 32.5038210865, -86.5805497646 32.5037750866, -86.5810487644 32.5036720863, -86.5848607653 32.5028290859, -86.5856667661 32.504943087, -86.585908766 32.5055590864, -86.5877047668 32.5102350876, -86.5878707674 32.5106430876, -86.5881157667 32.5111850882, -86.5883527674 32.5116340877, -86.5886907676 32.5121470878, -86.5889217675 32.5124530881, -86.5892617673 32.5128700881, -86.5894677672 32.5130980886, -86.5896917675 32.5133150886, -86.5898657675 32.5134720881, -86.5901767679 32.5137220883, -86.5904997679 32.5139610888, -86.5907617679 32.5141440888, -86.5910317682 32.5143170885, -86.5913107679 32.5144830885, -86.5917457681 32.5147150884, -86.5918937682 32.5147860887, -86.5921947685 32.5149220884, -86.5925007688 32.5150500886, -86.5942127691 32.5157020886, -86.5957777691 32.5162870889, -86.5965607694 32.5165710889, -86.5991697707 32.5175390885, -86.6032437716 32.5190650892, -86.6040357722 32.5193540889, -86.6046737719 32.5195640892, -86.605483772 32.5197990891, -86.6058107722 32.5198860891, -86.6063057727 32.5200020893, -86.6070547727 32.5201580895, -86.6077297731 32.5202720889, -86.6089977738 32.5204750888, -86.6106887742 32.5207350892, -86.6119547744 32.5209390895, -86.6139027747 32.5212400895, -86.6151647756 32.5214440894, -86.6164337753 32.5216370892, -86.6175567763 32.5218200894, -86.6205627764 32.5222840892, -86.6233447771 32.5227260891, -86.623847778 32.522819089, -86.6243477776 32.5229390893, -86.6246727782 32.5230380894, -86.6250677782 32.5231860895, -86.6252247785 32.5232500891, -86.6256757786 32.5234690891, -86.6259647783 32.5236290893, -86.6262387789 32.5238010891, -86.6266267783 32.5240880891, -86.6283147792 32.5254320896, -86.6286277792 32.5256670893, -86.636815782 32.5322050905, -86.6375587821 32.5328070905, -86.6379817826 32.5331670909, -86.6383987824 32.5335490908, -86.6382667821 32.5339940911, -86.6381987824 32.5342800914, -86.6381607827 32.5344970909, -86.6381377823 32.5347150912, -86.6381297828 32.5349330909, -86.6381327822 32.5361000912, -86.6381747821 32.5378530918, -86.638220783 32.5385810918, -86.6382527828 32.5389450918, -86.6382907824 32.5395250925, -86.6383147827 32.5401800926, -86.6383107825 32.5406170926, -86.6383157825 32.5409090922, -86.6383557827 32.5411990923, -86.6384627829 32.5416270924, -86.6387227832 32.5424740931, -86.6389097827 32.543110093, -86.6389627834 32.5432480929, -86.6390257831 32.5433850929, -86.6390977831 32.5435180929, -86.6394207831 32.5440330935, -86.6395897832 32.5442890933, -86.6396857834 32.5444100932, -86.6397947832 32.5445230933, -86.6399177832 32.544624093, -86.6403217835 32.544897093, -86.6404607834 32.544984093, -86.6406037835 32.5450630933, -86.6407567837 32.5451330936, -86.6409157837 32.5451870932, -86.6412447835 32.5452710934, -86.6420907836 32.5454050932, -86.6424267841 32.5454680932, -86.6427567838 32.5455470931, -86.6430827842 32.5456360931, -86.6433997844 32.5457470933, -86.6435537844 32.545812093, -86.6441527846 32.5460980935, -86.6442947849 32.5461800938, -86.6444097846 32.5462870935, -86.6444927844 32.5464160933, -86.6446297847 32.5466840938, -86.6451127854 32.547784094, -86.6452237849 32.5480620934, -86.6453237853 32.5482450936, -86.6452097846 32.5486350938, -86.6451547853 32.5489230942, -86.6451317848 32.5492110944, -86.6451427847 32.5495010942, -86.6453747854 32.5512400946, -86.6454557856 32.5517080942, -86.6457557851 32.5539420953, -86.6457857853 32.5542350949, -86.6457917851 32.5543810954, -86.6457827858 32.5546730949, -86.6457557851 32.5549660952, -86.645699786 32.555254095, -86.6456147856 32.5555380952, -86.6455637855 32.5556790956, -86.6454417853 32.5559520952, -86.6453727857 32.5560870952, -86.6446157853 32.557383096, -86.6436007852 32.5590870958, -86.6434267851 32.5593400961, -86.6432277849 32.5595790964, -86.6431197849 32.559695096, -86.6430037846 32.5598040967, -86.6428807846 32.5599070962, -86.6426147853 32.5600940964, -86.642472785 32.5601790965, -86.6423227852 32.5602520968, -86.6420147844 32.5603810962, -86.6415327843 32.5605420966, -86.6407297848 32.560798097, -86.6404147842 32.5609110969, -86.6402667841 32.560981097, -86.6401257845 32.561061097, -86.6398697844 32.5612510967, -86.6397557837 32.5613580967, -86.6396577838 32.5614760966, -86.6395767845 32.561603097, -86.6394767841 32.5618020968, -86.639451784 32.5618700967, -86.6393977844 32.5620810969, -86.6392607842 32.5628290975, -86.6362937835 32.5624300972, -86.6359537829 32.5624190972, -86.6356997833 32.5624250973, -86.6354457829 32.5624500969, -86.635193783 32.5624860972, -86.6350267826 32.5625190972, -86.6347017829 32.5626150972, -86.6344657829 32.5627060972, -86.6343167829 32.562773097, -86.6341717823 32.5628500972, -86.6339667822 32.5629790974, -86.633772783 32.5631200974, -86.6335947827 32.5632750974, -86.6333917823 32.5634800974, -86.6332537822 32.5636520974, -86.6331217829 32.5638590974, -86.6330487822 32.5639980973, -86.6329577828 32.5642120974, -86.6328867827 32.5644280979, -86.6325587826 32.5658360983, -86.632495782 32.566044098, -86.6324057825 32.566261098, -86.6323017827 32.5664650978, -86.6322177821 32.5665980985, -86.632074782 32.5667910981, -86.6319147822 32.5669690983, -86.631797782 32.5670790985, -86.6316137819 32.5672330984, -86.6314817825 32.5673290987, -86.6312767825 32.5674620988, -86.6310557817 32.5675740986, -86.630822782 32.5676720986, -86.6305847815 32.5677520987, -86.6304207815 32.5677990985, -86.6300897819 32.5678700986, -86.6299187813 32.5678960983, -86.6295787816 32.5679210986, -86.6273727806 32.5679660989, -86.6268597806 32.5679990991, -86.6264377809 32.5680530985, -86.6261837804 32.5680950986, -86.6258457803 32.5681630989, -86.6255167804 32.5682470989, -86.62519578 32.5683520987, -86.6248817802 32.5684700993, -86.6232057799 32.5691850992, -86.6139917771 32.5730221, -86.6137527776 32.5731131001, -86.6135117776 32.5731951006, -86.6130197775 32.5733411006, -86.6126707775 32.5734301003, -86.6123257768 32.5735011004, -86.6120057772 32.5735411001, -86.6115007767 32.5735661004, -86.6109897763 32.5735721005, -86.6092867762 32.5735621004, -86.6086047762 32.5735711005, -86.6080937758 32.5735891007, -86.6075837753 32.5736201003, -86.6072447753 32.5736621007, -86.6039737749 32.5741461008, -86.603793775 32.5741661009, -86.6031167741 32.5742221011, -86.6026917739 32.5742421012, -86.6023547745 32.5742461012, -86.6020127742 32.5742411012, -86.6011227738 32.5742141011, -86.5998827735 32.5741631008, -86.5992367734 32.5741521008, -86.5986057734 32.5741491008, -86.5972447727 32.5741741009, -86.5953717719 32.5742301011, -86.5951157718 32.5742551012, -86.5949467717 32.5742811013, -86.5948637719 32.5743001014, -86.5946207722 32.5743731016, -86.5943897722 32.5744631011, -86.5940187716 32.5746431012, -86.5938777721 32.5747231011, -86.5912497714 32.5763801019, -86.5912367709 32.576332102, -86.5912047711 32.576296102, -86.5911727714 32.5762151019, -86.5911517714 32.5760951017, -86.591164771 32.5758031016, -86.5911967707 32.5755491016, -86.5912507712 32.5752211014, -86.5912787708 32.5751711017, -86.5912997716 32.5750231017, -86.5915387711 32.5744841011, -86.5916437715 32.5742161011))
POLYGON ((-86.4674347359 32.5731111053, -86.4633727338 32.5603011031, -86.4622757337 32.5567931026, -86.4617767339 32.555248102, -86.4616247336 32.5548341018, -86.4614577332 32.5544251015, -86.4612107333 32.5538881018, -86.4610077329 32.5534911016, -86.4607497332 32.5530321014, -86.460514733 32.5526481013, -86.4602567332 32.5522671011, -86.4598927332 32.5517741012, -86.459657733 32.5514771016, -86.4593527325 32.5511221009, -86.4590377329 32.5507791013, -86.4577637323 32.5495151012, -86.4556897316 32.5474891007, -86.4552797315 32.5470441006, -86.4544947315 32.5462471006, -86.4538007308 32.5456061001, -86.4535597308 32.5453691004, -86.4533267303 32.5451520998, -86.4532187303 32.5450370999, -86.4526447302 32.5444821, -86.4520387303 32.5438780996, -86.45150173 32.5433170995, -86.4509967295 32.5427611, -86.4511967295 32.5426370998, -86.45160973 32.5423600999, -86.45141473 32.5422030994, -86.4512097299 32.5419670994, -86.4511227299 32.5418420993, -86.4510497301 32.5417110998, -86.4509957297 32.5415750998, -86.4509637299 32.5414300993, -86.4509487298 32.5412860997, -86.4509487298 32.5412120994, -86.4509677301 32.5410660995, -86.4509847298 32.5409940991, -86.4510327295 32.5408530991, -86.4510647302 32.5407840989, -86.4511397296 32.5406550994, -86.4511827302 32.540594099, -86.4512847303 32.5404760989, -86.4514057298 32.540369099, -86.4514697302 32.5403230988, -86.4519287298 32.5400360993, -86.4525647299 32.5396610986, -86.4530397302 32.5393500989, -86.4532557301 32.5392350991, -86.4536367308 32.5390650985, -86.4541107305 32.5389030986, -86.4544237305 32.5387890986, -86.454728731 32.5386610989, -86.4548767311 32.5385920985, -86.4550117308 32.5385030983, -86.4550717311 32.5384550986, -86.4551817307 32.5383450989, -86.4552807313 32.5382270989, -86.4554117308 32.5380430983, -86.4556407312 32.5376580981, -86.4557087309 32.5375320983, -86.4557677314 32.5373960981, -86.4559157306 32.5371350985, -86.4561007315 32.5369740985, -86.4560787308 32.5368300986, -86.4597317317 32.5346980973, -86.4604287319 32.5342830973, -86.462746733 32.5329360975, -86.4628927325 32.5328660968, -86.4630447329 32.5328040974, -86.4632047327 32.532751097, -86.4634467326 32.532691097, -86.4636097328 32.5326660974, -86.463777733 32.532649097, -86.4640887333 32.5326380972, -86.4644237331 32.5326720972, -86.4645877331 32.532704097, -86.4647497335 32.5327450972, -86.4649057331 32.5327980969, -86.4650587333 32.532860097, -86.4652057336 32.5329310967, -86.4656287332 32.5331690971, -86.4676517338 32.5343630976, -86.4679237338 32.5345370975, -86.4683157344 32.5348110975, -86.4686267347 32.5350550971, -86.4689867345 32.5353590973, -86.4693267343 32.5356800978, -86.4697527352 32.5361320973, -86.4700327347 32.5364680977, -86.4707197347 32.5372240978, -86.4710657353 32.536924098, -86.4711307355 32.5368450973, -86.4711657357 32.536755098, -86.4712177356 32.5365220979, -86.4713207355 32.5362400974, -86.4714207351 32.5360880974, -86.4714167349 32.5360600975, -86.4717037358 32.5358060978, -86.4717797351 32.5356940978, -86.471795735 32.5356600974, -86.4719077352 32.5355140975, -86.4719487352 32.5354770973, -86.4720687357 32.5353140973, -86.4721657358 32.5351980971, -86.4721737353 32.5351620972, -86.4721977356 32.5351390969, -86.4722057351 32.535115097, -86.4722457353 32.5350660974, -86.4722697355 32.535005097, -86.4723017353 32.534964097, -86.4723817357 32.5347840969, -86.4724067358 32.5347630974, -86.4724217359 32.5347010971, -86.4724537357 32.5346670971, -86.4724697356 32.5346110971, -86.4724947357 32.5345910973, -86.4725097357 32.5345570973, -86.4725417355 32.5345150975, -86.4725507358 32.5344810974, -86.4726307352 32.5343710974, -86.4726627359 32.5342810971, -86.4726867353 32.5342610972, -86.4726947357 32.5342330967, -86.472718736 32.5341990973, -86.4728547355 32.5338890973, -86.4729267355 32.533750097, -86.4730027357 32.5335780972, -86.4730307353 32.5334820972, -86.4730537357 32.5334570971, -86.4730617352 32.5334200968, -86.4730947357 32.5333860971, -86.4731427354 32.5332680966, -86.4731987355 32.5331920971, -86.4732467361 32.5330690971, -86.4732707355 32.5330480964, -86.4733507358 32.5328480967, -86.4733747361 32.532725097, -86.4733987355 32.5326900965, -86.4734157361 32.5325990964, -86.4734377359 32.5325380966, -86.4735277354 32.5320120968, -86.4735897353 32.5314810961, -86.473744736 32.5311070966, -86.4737687354 32.5310860963, -86.4738407354 32.5309070964, -86.4738727361 32.5308650964, -86.4741637354 32.5305780961, -86.4742027358 32.5305210961, -86.4742437358 32.5304790959, -86.474242736 32.5304590959, -86.474283736 32.5303970965, -86.4743147359 32.5303130959, -86.474339736 32.5302930959, -86.4743797362 32.5301900965, -86.4744197355 32.5301420962, -86.4744267361 32.530108096, -86.4745647362 32.5299070961, -86.4749497361 32.5294030958, -86.4752237358 32.5290300957, -86.4752627361 32.5289900958, -86.475283736 32.5289400961, -86.4753057358 32.5288440957, -86.4752887361 32.5284770956, -86.4752667363 32.5281790957, -86.4752747358 32.5281170954, -86.4752577361 32.5280990959, -86.4752497357 32.5280760953, -86.4753227364 32.5279650953, -86.4753447361 32.5278760959, -86.4753777358 32.5278410959, -86.4754257363 32.5277100957, -86.4754657356 32.5276680957, -86.4754717364 32.5276420957, -86.4755137362 32.5275920953, -86.4755137362 32.5275720954, -86.4755787365 32.5274900955, -86.4756677362 32.5274030953, -86.4757227364 32.5273300954, -86.475981736 32.5270790954, -86.4760087358 32.527034095, -86.4761177364 32.526927095, -86.4762297366 32.5267510953, -86.476253736 32.5266830953, -86.4762857367 32.5266480956, -86.4763497362 32.5264890953, -86.4763747364 32.5264550952, -86.4764617364 32.5262340953, -86.4765027364 32.5261850954, -86.4765267367 32.526117095, -86.4765827359 32.5260410948, -86.4766147366 32.5259590951, -86.4766467363 32.5259250948, -86.4767177365 32.5257800948, -86.4767417359 32.5257110951, -86.476766736 32.5256840948, -86.4767747364 32.525647095, -86.4767987367 32.5256210952, -86.4768227361 32.5255460952, -86.4769107359 32.5254220947, -86.4769187363 32.5253860946, -86.4769587365 32.5253450949, -86.476966736 32.5253110951, -86.477007736 32.5252700953, -86.4770147366 32.525235095, -86.477079736 32.5251520948, -86.4771357361 32.5250420947, -86.4771767361 32.5249940946, -86.4772147366 32.5248960949, -86.4772557366 32.5248480948, -86.4772727363 32.5247940952, -86.4772957368 32.5247660948, -86.4773597364 32.5246360952, -86.4773917362 32.524546095, -86.4774157365 32.5245180945, -86.477515736 32.5243180948, -86.4776237369 32.5240500949, -86.4776467364 32.5239250949, -86.4776877364 32.5238910946, -86.4776717365 32.5238710946, -86.4776907368 32.5237440947, -86.4777067367 32.5237130945, -86.4777307361 32.5236200948, -86.4778787362 32.5232720948, -86.4779267368 32.5232100942, -86.4779417369 32.5231540947, -86.4779897366 32.5230860943, -86.4780307366 32.5230440944, -86.4780357366 32.5230200942, -86.4780707368 32.5229820943, -86.4780707368 32.5229620942, -86.4784177362 32.522520094, -86.4784817367 32.5224500942, -86.4786377363 32.5223060945, -86.4790137369 32.5221120941, -86.4791387366 32.5220220944, -86.4791907365 32.5219970941, -86.4793127367 32.5219100939, -86.4794817367 32.5217620939, -86.4795627369 32.5216480941, -86.4796517366 32.5215660942, -86.4796757369 32.5214900939, -86.4796987374 32.521462094, -86.4798587372 32.5210620941, -86.4799487367 32.5205500939, -86.4799757374 32.5204770938, -86.4799927371 32.520387094, -86.4800377373 32.5198100935, -86.4800647371 32.5196500934, -86.480131737 32.5194740938, -86.4801667372 32.5194310938, -86.4801647366 32.5193980932, -86.4803377369 32.5192660937, -86.480608737 32.5191280934, -86.4806407368 32.5191210936, -86.4806657369 32.5191000935, -86.4808507369 32.5190300933, -86.481157737 32.5188560937, -86.481270737 32.5187660931, -86.481311737 32.5187520934, -86.4814167375 32.5186760931, -86.481573737 32.5185440933, -86.4816027373 32.5185380933, -86.4816587374 32.5184540931, -86.4816697372 32.5184250931, -86.481706737 32.5183860937, -86.481706737 32.5183660933, -86.4817717373 32.5182820936, -86.4817767374 32.5182640937, -86.4818347371 32.5181780934, -86.4818827377 32.5180770935, -86.4819227369 32.5180280929, -86.4819877372 32.517877093, -86.4820107377 32.5178490935, -86.4820267376 32.5178010934, -86.4820597372 32.5177590933, -86.4821147375 32.5176070931, -86.4821717374 32.5175180934, -86.4823107373 32.5172090932, -86.4828807372 32.515748093, -86.4831067372 32.5154730926, -86.4831147375 32.5154370923, -86.4831547377 32.5153830923, -86.4833717375 32.5151720929, -86.4835097376 32.5150650925, -86.4835417373 32.5150650925, -86.4837037377 32.5149330927, -86.483912738 32.5147810922, -86.4841317382 32.5145900927, -86.4841707377 32.5145310926, -86.484476738 32.514151092, -86.484517738 32.5141110923, -86.4845327381 32.5140630925, -86.4845807378 32.5140010923, -86.4846057379 32.513931092, -86.4846697384 32.5138770926, -86.4846897376 32.5137630919, -86.4847887382 32.5135260923, -86.4848937378 32.5133460923, -86.4849007384 32.5133180921, -86.4849257376 32.5132840924, -86.4849497379 32.5132150922, -86.4849817376 32.5131800917, -86.4849977384 32.5131400924, -86.4850297382 32.5131040919, -86.4851177381 32.5128920919, -86.4851527382 32.5126750916, -86.4851967377 32.5125820918, -86.4852277377 32.5123890923, -86.4853627383 32.5120310919, -86.4853907379 32.511863092, -86.4854427378 32.5117290914, -86.4855087379 32.5112850913, -86.4855967378 32.5104770911, -86.4856447383 32.5102500915, -86.4856837378 32.5102080917, -86.4857027381 32.5100390915, -86.4857477383 32.5099400914, -86.4857667376 32.5098190913, -86.4858587377 32.5095960914, -86.485882738 32.5095680915, -86.485954738 32.5094020916, -86.4859377382 32.5093680911, -86.4860027385 32.5093100913, -86.4862687378 32.5089270914, -86.4862837378 32.5088910908, -86.4863077381 32.5088650915, -86.4863317384 32.5088170912, -86.486395738 32.5087270911, -86.486436738 32.5086850913, -86.486467738 32.5086100907, -86.4865527384 32.5084860911, -86.4865967378 32.5084370914, -86.4866127386 32.508382091, -86.486636738 32.5083530908, -86.4867017383 32.5082030913, -86.4867127382 32.508131091, -86.4867727385 32.5079960909, -86.486831738 32.5076410912, -86.4868667382 32.5075500906, -86.4868947387 32.5074220911, -86.4869227383 32.507350091, -86.4868897386 32.5073090906, -86.4869627384 32.5072330904, -86.4870257382 32.5071130904, -86.4870337386 32.5070190909, -86.4871217384 32.5067650909, -86.4871467386 32.5067370909, -86.4871537382 32.506703091, -86.4871777385 32.5066750903, -86.4872257382 32.5065790903, -86.4872417381 32.5065300902, -86.4872657384 32.5065030902, -86.487329738 32.5063580907, -86.4873617386 32.5062680904, -86.4874177387 32.5062000909, -86.4874337386 32.5061500906, -86.4874587387 32.5061240905, -86.4874657384 32.5060960903, -86.4877877386 32.5056740907, -86.4878517382 32.5056260902, -86.4878767383 32.5055640903, -86.4879737384 32.5054540905, -86.4882667383 32.5051650901, -86.4898937391 32.5065960903, -86.4906187397 32.5072000906, -86.4911147391 32.5075930909, -86.4938977405 32.5097100913, -86.4944557407 32.5101570914, -86.4945087404 32.5101910908, -86.4945767402 32.5102600911, -86.494936741 32.5105680909, -86.4954027411 32.5109900911, -86.4958537412 32.5114230916, -86.4962917409 32.5118630912, -86.4969697416 32.5126030919, -86.4974167415 32.5131340913, -86.4979767414 32.5138890916, -86.499455742 32.5159340921, -86.5007267423 32.5176740925, -86.500850743 32.5178280923, -86.5010217427 32.5180700928, -86.501363743 32.518569093, -86.5016027434 32.5189570928, -86.5018247432 32.519352093, -86.5024757433 32.5206180932, -86.5026257431 32.5208830931, -86.5028417439 32.5211970935, -86.5029887433 32.5213780935, -86.5031457437 32.5215510929, -86.5033157435 32.521718093, -86.5037907439 32.5221380934, -86.5051197439 32.5232820937, -86.5054917443 32.5235890938, -86.5058187446 32.5238320938, -86.5060447445 32.5239860937, -86.5061947443 32.5240710939, -86.5071407449 32.524687094, -86.5074737449 32.524912094, -86.5076657446 32.5250560941, -86.5078497447 32.5252080938, -86.5080247455 32.5253680939, -86.5082427451 32.525591094, -86.5085537454 32.5259400938, -86.5098147456 32.5274120939, -86.5104527462 32.5281310943, -86.5106477462 32.5283680948, -86.5108347458 32.5286130942, -86.510961746 32.5288020947, -86.5110727463 32.5289980946, -86.5111967462 32.5292690948, -86.5112737462 32.5294770944, -86.5113407461 32.5296890948, -86.511397746 32.5299030948, -86.5114547459 32.5301980951, -86.5114577463 32.5307890949, -86.5113927469 32.532375095, -86.5113827468 32.5328000956, -86.5113897465 32.5330970956, -86.5114217463 32.5334570956, -86.5114597468 32.5337440958, -86.5115247462 32.5341010956, -86.5122817466 32.5373660962, -86.5124007474 32.5377880962, -86.5125417469 32.5382040964, -86.5126207475 32.5384090967, -86.5128547469 32.5389530965, -86.5130857469 32.5394230965, -86.5132627474 32.539764097, -86.5133587476 32.5399180969, -86.5134807478 32.540166097, -86.5145157481 32.5421550972, -86.5147457482 32.5426230971, -86.5148537482 32.5428980971, -86.5149147483 32.5430930976, -86.514982748 32.5433880978, -86.5150047478 32.5435310974, -86.5150317484 32.5438140973, -86.5150317484 32.5441010977, -86.515023748 32.5442440978, -86.5149807484 32.5446010975, -86.5138667485 32.5516910997, -86.5137737477 32.5523400996, -86.5137247482 32.5527730993, -86.513689748 32.5532050997, -86.513674748 32.5534950995, -86.5136657478 32.5539280996, -86.5136677483 32.5544380999, -86.5137117487 32.5552310998, -86.5138357485 32.5572591009, -86.5139907483 32.5595641007, -86.5140167483 32.5598521008, -86.5140557486 32.5601391014, -86.5141067487 32.5604251009, -86.5141697484 32.5607081013, -86.5142887483 32.5611271016, -86.5143797485 32.5614061015, -86.5147577488 32.5625091019, -86.5148247487 32.5627951014, -86.5148447488 32.5629391021, -86.5148557487 32.5630831017, -86.5148587491 32.5633721021, -86.5148317493 32.5636621016, -86.5148067492 32.5638061016, -86.5147277487 32.5640901021, -86.5142887492 32.5653281025, -86.5140297487 32.5660181023, -86.5132757487 32.5680841031, -86.5131117486 32.5685611032, -86.5130767485 32.5686861032, -86.5130447487 32.5688371032, -86.5128697488 32.5688381033, -86.5123507489 32.5688791029, -86.5120117481 32.5689161029, -86.5115047479 32.5689881029, -86.5111717478 32.5690511031, -86.5106767483 32.5691651033, -86.5103527484 32.5692551034, -86.5090817473 32.5696701037, -86.5085997472 32.5698201035, -86.5081087479 32.5699441033, -86.5077737472 32.5700061034, -86.5074357471 32.5700561037, -86.507097747 32.5700881038, -86.5042927467 32.5702851037, -86.5035257463 32.5703331037, -86.5010687453 32.5705061035, -86.5002217454 32.5705581036, -86.4997127447 32.5705791038, -86.4992017452 32.5705881042, -86.4984337449 32.5705751036, -86.4952777441 32.5704371041, -86.4943447431 32.5704091043, -86.4936647436 32.5704091043, -86.492472743 32.5704371041, -86.4894887417 32.5705211042, -86.4887147416 32.5705271044, -86.4879407415 32.5705211042, -86.4812097396 32.5707011046, -86.48086874 32.5707181046, -86.4805347392 32.5707491044, -86.4803697394 32.5707761048, -86.4802107394 32.5708111048, -86.4800167392 32.5708671049, -86.4796667394 32.5710051045, -86.4794397396 32.5711121049, -86.4792267392 32.571233105, -86.4790257393 32.5713681047, -86.4786417392 32.5716581049, -86.4771237391 32.572843105, -86.4740167378 32.5752801055, -86.4735217382 32.5756771062, -86.4732287374 32.5759331058, -86.4729497378 32.5761891062, -86.4708277374 32.5783871064, -86.4706477375 32.5785611065, -86.4703407373 32.578880107, -86.4701717373 32.579036107, -86.4698767368 32.5792871071, -86.4697427369 32.5790221069, -86.4695197373 32.5785531068, -86.4690947372 32.5776051064, -86.4688027362 32.5769211062, -86.4685257362 32.5762391061, -86.4682897362 32.5756201061, -86.4679177367 32.5745811057, -86.4676827365 32.5738831058, -86.4674347359 32.5731111053))
POLYGON ((-86.5790967675 32.5756211023, -86.5785827677 32.5756181023, -86.5743117663 32.5756931022, -86.5738827659 32.5757021021, -86.5737427662 32.575713102, -86.5713857656 32.5757471023, -86.5681357643 32.5756901022, -86.5668487641 32.5756571026, -86.5630197635 32.5755951026, -86.5608827622 32.5755391024, -86.5600287626 32.5755311025, -86.5589227622 32.5755071028, -86.5584097622 32.575477103, -86.5580707622 32.5754351027, -86.557902762 32.5754091029, -86.5576557621 32.5753611026, -86.5571657617 32.5752411027, -86.5562367609 32.5749991026, -86.5556677608 32.5748661031, -86.5545127609 32.5746181027, -86.5541867605 32.5745401027, -86.5536977607 32.5744121025, -86.5527227599 32.574142103, -86.5523907605 32.5740661026, -86.5518687603 32.5739831028, -86.55180876 32.5737021027, -86.5517157601 32.5733581023, -86.5516687603 32.5732201025, -86.55146476 32.5726681021, -86.5505167598 32.5702791019, -86.5500747591 32.5691871016, -86.549869759 32.5686361014, -86.5497267589 32.5682191014, -86.5496467595 32.5679381014, -86.5495787588 32.5676541018, -86.5495267589 32.5673691012, -86.5494687592 32.5669361015, -86.5493247592 32.5655941008, -86.5490657588 32.5633931009, -86.5489817582 32.5627751003, -86.5488627584 32.5620581005, -86.5487577588 32.5614871005, -86.5486317584 32.5609191004, -86.5483907584 32.5599311001, -86.5482757579 32.5595080996, -86.5475597584 32.5570430989, -86.5473427577 32.556331099, -86.5471217578 32.5555210992, -86.5468087578 32.5544770988, -86.5466127571 32.5537750983, -86.5464047576 32.5530740986, -86.5462687571 32.5525800983, -86.5460977574 32.5520220981, -86.5459837576 32.5516010979, -86.545879757 32.5511760984, -86.5456577572 32.5501800977, -86.5455547573 32.5496760976, -86.5450897569 32.5471150974, -86.5449907563 32.5466900972, -86.544904757 32.546411097, -86.5447397562 32.5460000971, -86.5446097565 32.545735097, -86.5445367567 32.5456030969, -86.5443007567 32.5452180965, -86.543391756 32.5438310964, -86.5429857561 32.5431970962, -86.5409567547 32.5400840958, -86.540734755 32.5396930959, -86.540611755 32.5394290958, -86.5405067554 32.5391630956, -86.5404107551 32.5388850959, -86.5403697551 32.5387440957, -86.5403007546 32.5384610958, -86.5402757545 32.5383190952, -86.5402297545 32.5378890952, -86.5402227548 32.5374590954, -86.5402587548 32.5370380951, -86.5403067545 32.5367470954, -86.5403737544 32.5364650949, -86.540544755 32.5358350952, -86.5408457553 32.534785095, -86.5411157547 32.5337970941, -86.541175755 32.5335100941, -86.5411977548 32.5333660947, -86.5412187547 32.5330740941, -86.5412087546 32.5327840942, -86.5411927547 32.5326380942, -86.5411527546 32.5324210939, -86.5410817544 32.5321400939, -86.5410387548 32.5320020943, -86.5409257548 32.5317280941, -86.5408567543 32.5315940943, -86.5407077543 32.531335094, -86.5405327544 32.5310870937, -86.5403317546 32.5308530935, -86.5401077543 32.5306330935, -86.5398607544 32.5304290941, -86.5382307541 32.529161094, -86.5378647535 32.5288580937, -86.5376297534 32.5286490937, -86.5374147533 32.5284250931, -86.5371097537 32.5280780933, -86.5353157525 32.5258780928, -86.5351337529 32.5256330927, -86.5341517524 32.5242090927, -86.5340297522 32.5240460927, -86.5338507521 32.5238260927, -86.5336387523 32.5236010923, -86.533409752 32.5233870924, -86.5331627521 32.5231850927, -86.5327617523 32.5229120927, -86.5324837516 32.5227480927, -86.5323387518 32.5226690925, -86.532039752 32.5225290924, -86.5308157516 32.522023092, -86.5303707514 32.521814092, -86.5300817508 32.5216590923, -86.5298057515 32.5214930919, -86.529541751 32.5213120922, -86.529290751 32.5211180919, -86.5290527504 32.5209110925, -86.5288277512 32.5206970922, -86.5285047502 32.5203590923, -86.5255167497 32.5171590915, -86.5251407499 32.5167090917, -86.5249557491 32.5164640916, -86.5247787495 32.5162140914, -86.5246137497 32.5159580911, -86.524391749 32.5155670908, -86.522734749 32.5122920909, -86.5223477485 32.5114830907, -86.5222367482 32.5112070901, -86.5221167485 32.5108580906, -86.5220127488 32.5105060899, -86.5219277484 32.5101480903, -86.521852748 32.5097140896, -86.5218187486 32.5094230901, -86.5217907481 32.5089120895, -86.5217627485 32.5086150898, -86.5217577485 32.5080830895, -86.5217507479 32.5080120899, -86.5217427484 32.5068220893, -86.5217137481 32.5063860893, -86.5216797478 32.5060980896, -86.5216057481 32.5056630891, -86.5215007477 32.5052300888, -86.5214147475 32.5049480894, -86.5205607479 32.5024880883, -86.5204487477 32.5022100888, -86.5203847472 32.5020750882, -86.5202427478 32.5018070887, -86.5200847477 32.501547088, -86.5199127472 32.5012920885, -86.5191837473 32.5002990879, -86.5190147473 32.5000470881, -86.5188587467 32.4997860876, -86.5187127471 32.4995220876, -86.5185787472 32.4992520879, -86.518400747 32.4988520877, -86.5182807464 32.4985230875, -86.5181717466 32.498174088, -86.5180707463 32.4977480872, -86.5180137464 32.4974590878, -86.5179477463 32.4970280876, -86.5175007464 32.4934800867, -86.5174607463 32.4931160866, -86.5174167459 32.4926070861, -86.5173657458 32.4916610862, -86.5173127461 32.4890380855, -86.5172897457 32.4887450854, -86.5172687457 32.4885990859, -86.5172097462 32.4883120855, -86.5171257456 32.4880290858, -86.5170747456 32.4878880854, -86.5169547459 32.4876140855, -86.5168137454 32.4873470856, -86.5166527458 32.4870880851, -86.5165627454 32.4869620857, -86.5163717456 32.4867170856, -86.5162327457 32.4865580852, -86.5160477457 32.4863820852, -86.5158707453 32.4862250853, -86.5156847455 32.4860740851, -86.5154227456 32.4858840855, -86.5106947433 32.4826110848, -86.5103567432 32.4823860844, -86.5102147438 32.4823010842, -86.5100697432 32.4822220848, -86.5098417436 32.4821170843, -86.509685743 32.4820540845, -86.5094477434 32.4819690848, -86.5092007435 32.4819020846, -86.5090327433 32.4818650843, -86.5087797436 32.4818200848, -86.5085217429 32.4817950847, -86.5080897431 32.4817750845, -86.5055977419 32.4817910844, -86.5052547418 32.4817770843, -86.5049977419 32.4817550843, -86.5048287418 32.4817320847, -86.5046607416 32.4817020848, -86.5044117421 32.4816450849, -86.5040877422 32.4815490847, -86.503929742 32.4814900849, -86.5036957417 32.4813910845, -86.5034007412 32.4812230842, -86.5034537418 32.4811490845, -86.5034687419 32.4811080843, -86.5035487414 32.4810180845, -86.5035577416 32.4809900848, -86.5035487414 32.4809020847, -86.5035117416 32.4808380846, -86.5033437413 32.4806550843, -86.5032447416 32.480497084, -86.5031617418 32.4803120847, -86.5031447411 32.4801680842, -86.503160741 32.4800580844, -86.5031837415 32.4800220843, -86.5032077418 32.4799330845, -86.5032317412 32.4799060841, -86.5032877413 32.4797690842, -86.5033917419 32.4796580844, -86.5034077418 32.4796220842, -86.5034557415 32.4795600845, -86.5034637419 32.4795270844, -86.5035187412 32.4794650839, -86.5035237413 32.4794390844, -86.5035467417 32.4793940845, -86.5035697413 32.4782370839, -86.5035927417 32.4781840838, -86.5036137417 32.4780870842, -86.5036517413 32.4779780837, -86.5036757416 32.4779510842, -86.5037107417 32.4778630841, -86.5037797413 32.4777700839, -86.5037867419 32.4777440839, -86.5038197415 32.4777020841, -86.5038517413 32.4776400838, -86.5038827413 32.4774610836, -86.5039307419 32.4774190836, -86.5039537414 32.4773580835, -86.5039857412 32.4773170838, -86.504001742 32.4772610837, -86.5040337418 32.477227084, -86.5040727412 32.4771990839, -86.5041467418 32.4771980836, -86.504345742 32.477227084, -86.5045387414 32.4772470837, -86.5046157414 32.4772370835, -86.5046407415 32.4772160834, -86.5047287414 32.4771820837, -86.5048337419 32.4771050835, -86.5051327416 32.4768390837, -86.5051617419 32.4767800831, -86.5051927419 32.4764760834, -86.5052477421 32.4764190832, -86.5053447422 32.4763460837, -86.5054247417 32.4762760836, -86.5054647419 32.4762210832, -86.5055077415 32.476017083, -86.5055347422 32.4759320837, -86.5056697419 32.4758030835, -86.505735742 32.475766083, -86.5058817416 32.4757300835, -86.5060017422 32.4756340831, -86.506048742 32.4754260832, -86.5061047421 32.4753720834, -86.5061447423 32.4753440828, -86.5061687417 32.4753440828, -86.5062017422 32.4753220835, -86.5062577423 32.4753080832, -86.5063227426 32.4753020833, -86.5064757418 32.4752670833, -86.5065727419 32.475238083, -86.5067257421 32.475164083, -86.5070807419 32.4749190834, -86.5071767422 32.4748970832, -86.5072497419 32.4748970832, -86.507305742 32.4749040834, -86.5074127422 32.4748060829, -86.5074417425 32.4746830833, -86.5075227427 32.4746070828, -86.5075667421 32.4746100831, -86.5076037428 32.4746210832, -86.5077887428 32.4746040833, -86.5078617426 32.4745440831, -86.5078937424 32.4745090828, -86.5079087424 32.4744060831, -86.507946743 32.4742330831, -86.5080767427 32.4741440829, -86.5082057425 32.4741290828, -86.5083027426 32.4740460831, -86.5083097423 32.4740180828, -86.5083577429 32.4739490828, -86.5085347424 32.4738110826, -86.508623743 32.4737760827, -86.5086887424 32.4737620829, -86.508736743 32.4737260826, -86.5087847427 32.4737060829, -86.508823743 32.4736500829, -86.5089237426 32.4735800829, -86.5089447425 32.473576083, -86.5090667427 32.4735180829, -86.5091667432 32.4734500829, -86.5092757429 32.473397083, -86.5093717432 32.4733380824, -86.5095567432 32.4731790826, -86.5095887429 32.4731450828, -86.5096047428 32.4731100827, -86.509644743 32.4730680822, -86.5096607429 32.4730340824, -86.5096837434 32.4729440829, -86.5097727431 32.4728580825, -86.509844743 32.4728130823, -86.5100697432 32.4726150827, -86.5101337427 32.4725360824, -86.5101327429 32.4725090827, -86.5101417431 32.4724920824, -86.5101487428 32.4724400823, -86.5102687434 32.4723290825, -86.5103097434 32.4723220821, -86.5103817433 32.4722600827, -86.5104237432 32.4721270826, -86.5102957431 32.4720380826, -86.5098277433 32.4721870821, -86.5096607429 32.4721830821, -86.5091077427 32.4720170821, -86.5088667427 32.4718720823, -86.5087747426 32.4717530825, -86.508808743 32.4714740823, -86.5086207426 32.4708640823, -86.5087177427 32.4708180822, -86.5087657424 32.470770082, -86.5087927422 32.4705740818, -86.5087807425 32.4704730822, -86.5085567422 32.4702680822, -86.5088667427 32.4703600822, -86.5104417427 32.4708640823, -86.5106997434 32.4709590821, -86.5115817434 32.4712290818, -86.5142767441 32.472080082, -86.5153677444 32.4724280823, -86.5158387446 32.4725910819, -86.5184987451 32.4734280823, -86.519139746 32.4736350827, -86.5196977462 32.4738280827, -86.5202497457 32.4740360825, -86.5207137462 32.4742240822, -86.5211727467 32.4744270823, -86.5216237468 32.4746410828, -86.5220437469 32.4748510821, -86.5222827464 32.4749790825, -86.5228587471 32.4752980827, -86.5231397473 32.4754640827, -86.5236917467 32.4758110825, -86.524095747 32.4760810828, -86.5430017533 32.4889730849, -86.5434097537 32.4892410848, -86.5436897532 32.4894090845, -86.5439787538 32.4895640852, -86.5442777536 32.4897100847, -86.5444297539 32.489776085, -86.5447417541 32.4899050848, -86.5450587534 32.4900210851, -86.5455457543 32.4901720847, -86.5458727537 32.4902570851, -86.5460397541 32.4902960846, -86.5463757546 32.490361085, -86.5465457544 32.4903870851, -86.5468887546 32.4904260846, -86.5474017546 32.4904630852, -86.5477477542 32.4904700849, -86.548435755 32.490466085, -86.5591037574 32.4902800847, -86.5628007587 32.4902270842, -86.5632267587 32.4902070843, -86.5639137588 32.4901960846, -86.5644277595 32.4901980842, -86.5651147596 32.4902200844, -86.5658827599 32.4902710846, -86.5669527603 32.4903620844, -86.5678887599 32.4904740841, -86.5683987604 32.4905460841, -86.5687337602 32.4906040839, -86.569236761 32.4907010844, -86.5699027612 32.490845084, -86.5702307613 32.4909240842, -86.570888761 32.4911010845, -86.5713787615 32.4912410843, -86.5720217612 32.4914390846, -86.5725837616 32.491625084, -86.5732197616 32.4918550841, -86.5734577622 32.4919540844, -86.5745267619 32.492410084, -86.574977762 32.4926200843, -86.575648763 32.4929470846, -86.5762317625 32.4932600846, -86.5765127627 32.4934210849, -86.5772167634 32.4938420843, -86.5774937634 32.4940160846, -86.5780377634 32.4943710843, -86.578434763 32.4946470851, -86.5788247639 32.494935085, -86.5793307634 32.4953280852, -86.5798277635 32.4957300847, -86.5801887641 32.4960400853, -86.5808857642 32.4966830851, -86.5814447642 32.4972340851, -86.5821047646 32.497904085, -86.5823157644 32.498134085, -86.5826177646 32.4984870857, -86.5829017651 32.4988520854, -86.5830817651 32.4990970857, -86.5834167648 32.4996010855, -86.5835317653 32.4997840859, -86.5837557656 32.5001800856, -86.583892765 32.5004470861, -86.5841447658 32.500990086, -86.5842607653 32.501263086, -86.5846427657 32.5022380864, -86.5848607653 32.5028290859, -86.5810487644 32.5036720863, -86.5805497646 32.5037750866, -86.580224764 32.5038210865, -86.5802777646 32.5038830869, -86.5802777646 32.5039040868, -86.5804317646 32.5039930864, -86.5804887645 32.5040350868, -86.5805457644 32.504041087, -86.5805857646 32.5040340868, -86.5807317642 32.5040480864, -86.5808697643 32.5041650867, -86.5808937646 32.5041990868, -86.5809107643 32.5043090867, -86.5809677651 32.5043710867, -86.5810237643 32.5044050868, -86.5810647643 32.504412087, -86.5812747644 32.5044050868, -86.5813727652 32.5044880865, -86.5814127644 32.5045360869, -86.5813967645 32.5046530865, -86.5813847649 32.504677087, -86.5813727652 32.5047560871, -86.5813157644 32.5048040866, -86.5812347651 32.5050240869, -86.5812267647 32.505072087, -86.5812427646 32.505313087, -86.5812907651 32.5054290871, -86.5814127644 32.5055730866, -86.5814207648 32.5056010869, -86.5815547647 32.505759087, -86.5816227645 32.5058540871, -86.5816887646 32.5059780873, -86.5817127649 32.5060540871, -86.5817207653 32.5061370868, -86.5817047654 32.506192087, -86.5817127649 32.5062470873, -86.5817037647 32.5062680874, -86.5817117651 32.506417087, -86.5817447647 32.5064470871, -86.5818827648 32.5065380872, -86.5819187648 32.5065550872, -86.5820927649 32.5067000872, -86.5821097655 32.5067210872, -86.5821317652 32.5070220871, -86.5821657656 32.5070580869, -86.5823037656 32.5071540871, -86.5824337653 32.5072220874, -86.5824907652 32.5072360873, -86.5825187648 32.5072530872, -86.5828067656 32.5072440873, -86.5828317657 32.5072580872, -86.5829207654 32.5073320874, -86.5829197656 32.5073530872, -86.5829527652 32.507381087, -86.5830007658 32.5074080875, -86.5832367658 32.5073670871, -86.5833177651 32.5074360872, -86.5833337659 32.507457087, -86.5833497658 32.5075600875, -86.5833257655 32.5076010871, -86.5832357651 32.5076840876, -86.5830537655 32.5077790872, -86.583025765 32.5077990877, -86.5829927654 32.5078350872, -86.5829807657 32.5079310874, -86.5830007658 32.5079720875, -86.5830907653 32.5080410872, -86.5832117657 32.5081510876, -86.5832277656 32.5082800876, -86.583527766 32.5085490875, -86.5835677653 32.5086180875, -86.5835967656 32.5086540874, -86.5837387659 32.5087690878, -86.5837797659 32.5087690878, -86.5838677658 32.5086860875, -86.5838847655 32.5085760877, -86.5839817656 32.5084870873, -86.584107766 32.5084940872, -86.5842247662 32.5085900874, -86.5842167658 32.5087970879, -86.5842987658 32.5088520873, -86.5844847656 32.5088520873, -86.5845657657 32.5089190878, -86.5845817656 32.5089410873, -86.584543766 32.5090360878, -86.5844847656 32.5091050874, -86.5844767661 32.509140088, -86.5844847656 32.5092360875, -86.5845657657 32.5092910874, -86.584630766 32.5093050877, -86.584666766 32.509295088, -86.584938766 32.5092640874, -86.5850447663 32.5093530878, -86.585051766 32.5093800877, -86.5850357661 32.509443088, -86.5849537661 32.5095490876, -86.5848817661 32.5096140877, -86.5848487656 32.5097100875, -86.5848647664 32.509910088, -86.584938766 32.5099650874, -86.5849717665 32.5099990877, -86.5849867657 32.5101510879, -86.5848857663 32.5104010875, -86.584856766 32.510549088, -86.5848447663 32.5105730877, -86.5848407661 32.510616088, -86.5847837662 32.5106580877, -86.5847997661 32.5106780883, -86.5848287664 32.5107710878, -86.5848967662 32.511097088, -86.5849417664 32.5112720882, -86.5849557657 32.5116940881, -86.5849217663 32.5117930885, -86.5848807663 32.5118320885, -86.5848647664 32.5118690878, -86.5847507657 32.5119640883, -86.5846937658 32.5119980885, -86.5846377657 32.5120120885, -86.5845807658 32.5120400883, -86.5844917661 32.5120470886, -86.5843457656 32.5120330879, -86.5841627662 32.511981088, -86.5838177656 32.511957088, -86.5836647654 32.5120050881, -86.5834207659 32.512205088, -86.5833877654 32.5123270887, -86.5833717655 32.5124170882, -86.5833557656 32.5126450883, -86.583322766 32.5126860886, -86.5833147656 32.5127200886, -86.5832907662 32.5127470882, -86.5832737656 32.5127960887, -86.5832217657 32.5129010882, -86.5832167657 32.5129320883, -86.5832337654 32.5130420888, -86.5833067661 32.5131040881, -86.5833547658 32.5131320884, -86.5834117657 32.5131460889, -86.583440766 32.5131630884, -86.5835577662 32.5131800887, -86.5836467659 32.5132080881, -86.583671766 32.5132220886, -86.5838007658 32.5133320888, -86.5838577657 32.5134010889, -86.5838737656 32.5134750886, -86.5838737656 32.5136420886, -86.5838337664 32.514114089, -86.5838167657 32.5141390885, -86.5837187658 32.5142260887, -86.583630766 32.5142380884, -86.5835817656 32.5142720886, -86.5835407656 32.5143220888, -86.5835157663 32.5145970891, -86.5834927659 32.514657089, -86.5834587655 32.514691089, -86.5834107659 32.5148090889, -86.583394766 32.5148770887, -86.583353766 32.5149250889, -86.5833217662 32.5149780892, -86.5832897655 32.5150080887, -86.5832567659 32.5151730891, -86.5832807662 32.5152560887, -86.5833207663 32.515308089, -86.583394766 32.515378089, -86.5834187663 32.5154680893, -86.5834267658 32.5155380891, -86.5833487659 32.5156990889, -86.5833617664 32.5158870894, -86.5834267658 32.5160390895, -86.5834667659 32.516087089, -86.5834837657 32.5161280892, -86.5835077659 32.5161490892, -86.5836127664 32.5164520892, -86.5836737656 32.5165120894, -86.583717766 32.5165760891, -86.5837417663 32.5166240891, -86.583758766 32.5166920891, -86.5837827663 32.5168570893, -86.5839367663 32.5170220893, -86.5839617664 32.5170690892, -86.5839767665 32.5171370896, -86.5839927664 32.5173790897, -86.5840377666 32.5175340891, -86.5840747664 32.5177420894, -86.5839527662 32.5178600898, -86.5838477666 32.5179980899, -86.5838227665 32.5181150894, -86.583830766 32.5182230899, -86.5837417663 32.5182990899, -86.5835837661 32.5182560894, -86.5834937657 32.5182420897, -86.5832877658 32.5182450893, -86.5832227664 32.5182650897, -86.5831907657 32.5182850894, -86.5831257663 32.5183070896, -86.5830517658 32.5183470897, -86.583019766 32.5183470897, -86.5829877663 32.5183750898, -86.5828977658 32.5184170896, -86.5827917655 32.5185200896, -86.5827757656 32.5185750899, -86.5827597658 32.5187060898, -86.5827847659 32.5187750896, -86.5828247661 32.5188090895, -86.5828977658 32.5188560899, -86.5829547657 32.5188700895, -86.583055766 32.5189240897, -86.5831977663 32.5190420902, -86.5832377665 32.5190900896, -86.5832387663 32.5191110897, -86.5833037657 32.5191660896, -86.5834327665 32.51925509, -86.5835707666 32.5193710895, -86.5836027664 32.51940509, -86.583635766 32.5196400895, -86.5836597663 32.5197080903, -86.5837817665 32.5198190899, -86.5837977664 32.5198530902, -86.5837887661 32.5198950901, -86.5837727663 32.5199170899, -86.5836837666 32.5199960902, -86.5836437664 32.5200240899, -86.5834567659 32.5200720903, -86.5833917665 32.5201230902, -86.5832617659 32.5202520904, -86.5832377665 32.5202860898, -86.5831507665 32.5205110901, -86.5831317662 32.5205870904, -86.5830947664 32.5206660902, -86.5830757661 32.5207870902, -86.5830307659 32.5208940899, -86.583009766 32.5209870902, -86.5829197665 32.5212060905, -86.582896766 32.5212400903, -86.5828877658 32.5212680903, -86.5828647662 32.52130209, -86.5828517658 32.5213380902, -86.5827097664 32.5216050907, -86.5826687664 32.5216450901, -86.5826287662 32.5217010906, -86.5826047659 32.5217910905, -86.5825877662 32.5219070906, -86.5826127663 32.5219410901, -86.5826847663 32.5219900908, -86.5827507664 32.5220040907, -86.5828717659 32.5220170907, -86.5829857657 32.5221140907, -86.5830747663 32.5222040903, -86.583122766 32.5222690903, -86.5832277665 32.5223600904, -86.5833497667 32.5224330904, -86.5833987662 32.5224560901, -86.5834237663 32.5224560901, -86.5836257659 32.5226360908, -86.5836417667 32.5227110903, -86.583640766 32.5228080903, -86.5836707661 32.5229450905, -86.5837147665 32.5230470908, -86.5838847664 32.5232540906, -86.5838927668 32.5232790905, -86.5839097665 32.5232960904, -86.5839177669 32.5233720906, -86.5839087667 32.5234200907, -86.5837957667 32.5235230904, -86.5837307664 32.523556091, -86.5836827667 32.5235700906, -86.583527766 32.5235450908, -86.5833697667 32.5234970907, -86.5832197661 32.5234890907, -86.5831297665 32.5235470911, -86.5830327665 32.523640091, -86.5829757666 32.5236870912, -86.5829197665 32.5237220906, -86.5826677657 32.5237630911, -86.5825617663 32.5238450905, -86.5825867664 32.5240110911, -86.5826267666 32.5240450906, -86.5827167661 32.5240990907, -86.582845766 32.5241270906, -86.5829847659 32.5241470912, -86.5831137667 32.5242570909, -86.5831537659 32.5243050913, -86.5831787661 32.5243610909, -86.5831947659 32.5249240908, -86.5832107667 32.5249650907, -86.5832437664 32.5250130908, -86.5833077668 32.5250550912, -86.5833807666 32.5250690914, -86.5836087662 32.525082091, -86.5837047665 32.525163091, -86.5837457665 32.5252130912, -86.5837697668 32.5253430915, -86.5837217662 32.525425091, -86.5836317667 32.525501091, -86.5835757666 32.5255360912, -86.5834787665 32.5255630908, -86.5834297661 32.5255700909, -86.5833647667 32.525591091, -86.5833147665 32.5256290913, -86.5832187662 32.5257280915, -86.5831607665 32.5257960914, -86.5830717659 32.5259340914, -86.5830397661 32.5260160911, -86.5829987661 32.5260710913, -86.582978766 32.5261300914, -86.5829667663 32.5262020917, -86.5829257663 32.5262300916, -86.5826987666 32.5268210917, -86.582665766 32.5269640912, -86.5826217666 32.5270850918, -86.5825607665 32.5273920917, -86.582568766 32.5274110919, -86.582470766 32.5278370915, -86.582414766 32.527934092, -86.5823807665 32.5284080919, -86.5823647666 32.5284490918, -86.5823407664 32.528470092, -86.5823167661 32.5285320921, -86.5822917659 32.5285590915, -86.5822637664 32.5286320918, -86.5822757661 32.5287570922, -86.582332766 32.528813092, -86.5824217665 32.528917092, -86.5824537663 32.5290950923, -86.582429766 32.5291230921, -86.5824217665 32.5291570919, -86.582332766 32.5292670923, -86.5822997663 32.529364092, -86.5822997663 32.5294040917, -86.5823727661 32.5294520924, -86.582429766 32.5294600919, -86.5827127668 32.5294520917, -86.5828187662 32.5295420922, -86.5828587664 32.5295900921, -86.5828757661 32.5296930922, -86.5828957662 32.529984092, -86.5829277669 32.5301700919, -86.5828997664 32.5304760922, -86.5828427665 32.5306000925, -86.5828177664 32.5306260924, -86.5828017665 32.5306760926, -86.5827697667 32.5307200922, -86.5826887665 32.5307920925, -86.5827127668 32.5308340926, -86.5826557669 32.5309780923, -86.5825987661 32.5314180923, -86.5825337667 32.5315830928, -86.5825017669 32.5316160928, -86.5825017669 32.5316380927, -86.5824607669 32.5316780929, -86.5823307663 32.5318670922, -86.5820387662 32.5321650928, -86.5819657664 32.5322630929, -86.5819487667 32.5323310924, -86.5819047663 32.5324310925, -86.5818767667 32.5326000931, -86.5819037665 32.5330560926, -86.5819447665 32.5334140933, -86.5819037665 32.5338610929, -86.5819247664 32.5341460931, -86.5820097668 32.5344450934, -86.5820937665 32.5348600934, -86.5821307663 32.5351320931, -86.5822067665 32.5355270934, -86.5822317666 32.5355890931, -86.5822797663 32.5356370935, -86.5822557669 32.5356570931, -86.5822427664 32.5359630936, -86.5822557669 32.5360350936, -86.5822877666 32.5361380939, -86.582393767 32.5363860938, -86.5824177663 32.5364140936, -86.582449767 32.5364740934, -86.5824657669 32.5365580935, -86.5824817668 32.5367850933, -86.5824827666 32.5369430938, -86.5824657669 32.537135094, -86.5824417666 32.5371630935, -86.5824167665 32.5372660941, -86.5824177663 32.5373620938, -86.5824647671 32.5375240935, -86.5824747671 32.5375410937, -86.582757767 32.5378020936, -86.5828147669 32.5378980936, -86.5828787665 32.5379810942, -86.582911767 32.5380420941, -86.5830857671 32.5384780943, -86.5830977668 32.5385370938, -86.5831707675 32.5387640939, -86.5832107667 32.5388040939, -86.5833007672 32.538922094, -86.583316767 32.5389560939, -86.5835107672 32.5391280939, -86.5840947674 32.5395750939, -86.5844027673 32.5398360939, -86.5845167671 32.5399520941, -86.5845227679 32.539985094, -86.5845897678 32.5400900943, -86.5845887671 32.5401100944, -86.5847107673 32.5403280939, -86.5847717674 32.5403930945, -86.5848077674 32.5404530947, -86.5849297676 32.5405770941, -86.5849987681 32.5406700945, -86.5853107674 32.5409420947, -86.5853677682 32.5410110941, -86.5854167677 32.5411000948, -86.5854647682 32.5412240948, -86.5854977679 32.5413400948, -86.5855777682 32.5417050946, -86.5856667679 32.5419930945, -86.5857157683 32.5420630949, -86.585999768 32.5422690944, -86.5861327681 32.5423440949, -86.5862107679 32.5423980946, -86.5864217678 32.5425780947, -86.5865347677 32.5427220945, -86.5865987682 32.5428390951, -86.5866317678 32.5429210946, -86.5867047685 32.5431890949, -86.5867367683 32.5433890951, -86.5867367683 32.543465095, -86.5867087687 32.5436320953, -86.5866837686 32.5439350949, -86.5867197686 32.544171095, -86.5867327681 32.5442020949, -86.5868097681 32.544537095, -86.5868417688 32.5447020948, -86.5868517688 32.5449890954, -86.5868377686 32.5453980955, -86.5868137683 32.5455980952, -86.5867927684 32.545670095, -86.5867477682 32.5457180954, -86.586702768 32.5457800956, -86.5866077684 32.5460450956, -86.5865737681 32.5460890952, -86.5865647688 32.5461230954, -86.5864677687 32.5462480956, -86.5864227685 32.5463610957, -86.5864027684 32.5464530958, -86.5863707686 32.5465010957, -86.5863707686 32.5465210959, -86.5863217682 32.5466080959, -86.5862727687 32.5466530955, -86.5861987682 32.5469070955, -86.5861757686 32.5469400959, -86.5861627682 32.5472410958, -86.586199768 32.5475450957, -86.5862567679 32.5476630956, -86.5862477686 32.5476830955, -86.5862647683 32.5477650959, -86.5863617684 32.5480140958, -86.5864507681 32.5482060958, -86.5864747684 32.5482320958, -86.5864997685 32.5482910958, -86.5866537685 32.548460096, -86.5866937687 32.5485150961, -86.5867097686 32.5485500956, -86.587009769 32.5488030961, -86.5870667689 32.5488730957, -86.5871477691 32.5490230962, -86.5871957688 32.5490920962, -86.5872207689 32.5492030959, -86.5872567689 32.5496930963, -86.587276769 32.5497940963, -86.5873087688 32.5499030961, -86.5873247687 32.5499230963, -86.5874227686 32.5500050961, -86.5877957688 32.5503010965, -86.5881687691 32.5506520963, -86.5882327687 32.5507410965, -86.588338769 32.5509270966, -86.5884037693 32.5510150963, -86.5884277696 32.5510650966, -86.588451769 32.5510910966, -86.5885177691 32.5512120964, -86.5886227696 32.5513250963, -86.5886627689 32.5513800962, -86.5886797695 32.5514150969, -86.5890597694 32.5517920967, -86.5892547694 32.5520470968, -86.5894167698 32.5523550965, -86.5894417699 32.5524190965, -86.5895137699 32.5525350971, -86.5895627694 32.5525970971, -86.58969277 32.5527070968, -86.5899277693 32.552879097, -86.5900987699 32.5530220967, -86.5901137699 32.5530440967, -86.5901137699 32.5530640969, -86.5901547699 32.5531060972, -86.5901947701 32.5531600972, -86.59025177 32.553270097, -86.5902757694 32.5533320966, -86.5903077701 32.5534830967, -86.5903297698 32.5535420969, -86.5903447699 32.5538100974, -86.5903327702 32.5538690974, -86.5901867697 32.5542520973, -86.5901787702 32.5543360974, -86.5902027696 32.5545830968, -86.5902907695 32.5548920971, -86.5903407697 32.5550230971, -86.5904297703 32.5551230976, -86.5911267704 32.5557380974, -86.5911427703 32.555758097, -86.5911507698 32.5557830978, -86.5912237705 32.5558530973, -86.5913787703 32.5561290978, -86.59146777 32.5562390977, -86.5915717707 32.5564320976, -86.5916127707 32.5565340978, -86.5916377699 32.5565560977, -86.5916777701 32.5567000977, -86.5917427704 32.5568440976, -86.5919127703 32.5571110978, -86.5919127703 32.557139098, -86.5919527704 32.5571810978, -86.5920017708 32.5572700977, -86.5920987709 32.5574010979, -86.5921237701 32.5574480978, -86.5921597701 32.5574980975, -86.5923657709 32.557696098, -86.5924437707 32.5577920979, -86.5925527705 32.557943098, -86.5926337707 32.5580880976, -86.5927717708 32.5582670978, -86.5927957711 32.5583150982, -86.5928357703 32.5583630979, -86.5928687709 32.5584280983, -86.5929867709 32.5585550976, -86.5930237707 32.5586170981, -86.5930557704 32.5586450978, -86.5930967705 32.5586970979, -86.593257771 32.5588500977, -86.5933237711 32.5589400983, -86.5933477705 32.5589910981, -86.5934127708 32.5590700982, -86.5935337712 32.5591880981, -86.5936147714 32.5592970979, -86.593647771 32.5593630978, -86.5936717713 32.559387098, -86.5936797708 32.559427098, -86.5937207708 32.5594970985, -86.5937567708 32.5595960984, -86.5939067715 32.5602730979, -86.5939877708 32.5605410979, -86.594011771 32.5605690985, -86.5940197714 32.5605970984, -86.5941167715 32.5607270982, -86.5941817709 32.5608570985, -86.5942267711 32.5609050983, -86.5942957716 32.5610020986, -86.5943437713 32.5610960985, -86.5944897718 32.5612840986, -86.5945547712 32.5614080988, -86.5946117711 32.5614760981, -86.5947087712 32.5616410987, -86.5947497712 32.5616890988, -86.5947817719 32.5617650983, -86.5948707716 32.5619010988, -86.5949187712 32.5620730988, -86.5949477716 32.5622350985, -86.594919772 32.5624240987, -86.594878772 32.5624640988, -86.5947657711 32.5626100988, -86.5947657711 32.5626300984, -86.5946597717 32.5627190989, -86.5946187717 32.5627470988, -86.5944077718 32.5627950991, -86.5941727716 32.5628570989, -86.5941397711 32.5628770985, -86.5940997709 32.5628850988, -86.5940677711 32.5629050991, -86.5940027717 32.5629190987, -86.593970771 32.562939099, -86.5939207717 32.5629530986, -86.5938357713 32.5630010987, -86.5935557709 32.5632350992, -86.5934337707 32.5633040988, -86.5933207708 32.5633310992, -86.5930287707 32.5635640987, -86.5929957711 32.5635780989, -86.5928257712 32.5637080989, -86.592703771 32.5638330988, -86.5926067709 32.5639570993, -86.592590771 32.5639910988, -86.5924687708 32.5641130995, -86.5923707709 32.5643750995, -86.5923407708 32.564484099, -86.5922817712 32.5645610993, -86.5922657713 32.5646090994, -86.5922247713 32.5646640994, -86.5922087705 32.5646990995, -86.591964771 32.5649320992, -86.5919007706 32.5650010991, -86.5917947711 32.5651450992, -86.5916607704 32.5654860998, -86.5916407712 32.5658260996, -86.5916647706 32.5659200997, -86.5916647706 32.5661480995, -86.5914857705 32.5672061, -86.5914407711 32.5673060999, -86.5914197712 32.5673990998, -86.5913837712 32.5674850999, -86.5913307706 32.5677770999, -86.5913147708 32.5679280999, -86.5911807709 32.5682331001, -86.5911527704 32.5684161001, -86.5911727705 32.5687081001, -86.5911847711 32.5687931004, -86.5912127706 32.5688861003, -86.5912287705 32.5691071005, -86.5911887713 32.5693501007, -86.5911727705 32.5693811002, -86.5911517705 32.5694741003, -86.5910337705 32.5697461003, -86.5910047711 32.5699331004, -86.5910377707 32.5707241003, -86.5910137705 32.5708971008, -86.5909197707 32.5711401007, -86.5908997706 32.571267101, -86.5909157705 32.571543101, -86.5909527713 32.5716531009, -86.5911177711 32.5720381007, -86.5911577713 32.5720781011, -86.5911507707 32.5721271009, -86.5911657708 32.5722301007, -86.5911857709 32.572756101, -86.5912067708 32.572910101, -86.5912957714 32.5731441013, -86.5913207715 32.573171101, -86.5913927715 32.5733501014, -86.5914337715 32.5733911012, -86.591497771 32.5734741008, -86.5915227712 32.5735211014, -86.591595771 32.573617101, -86.5916037714 32.5736591015, -86.5916437715 32.5737071012, -86.591692771 32.5739201016, -86.5916677709 32.5740361016, -86.5916437715 32.5742161011, -86.5915387711 32.5744841011, -86.5912997716 32.5750231017, -86.5912787708 32.5751711017, -86.5912507712 32.5752211014, -86.5911967707 32.5755491016, -86.591164771 32.5758031016, -86.5911517714 32.5760951017, -86.5911727714 32.5762151019, -86.5912047711 32.576296102, -86.5912367709 32.576332102, -86.5912497714 32.5763801019, -86.5906607712 32.5767411016, -86.5905177711 32.576817102, -86.5903667714 32.5768851018, -86.5902117707 32.5769451018, -86.5900517709 32.576994102, -86.5898887707 32.5770351017, -86.589722771 32.5770671023, -86.5895557706 32.5770891017, -86.5893867706 32.5771011021, -86.5890467708 32.577106102, -86.58674277 32.5770641024, -86.5862297699 32.5770421023, -86.5859757695 32.577022102, -86.5858067695 32.5770031018, -86.5853867693 32.5769401019, -86.584808769 32.576817102, -86.581099768 32.5759591024, -86.5801077684 32.5757421024, -86.5797737675 32.5756861023, -86.5794357674 32.575643102, -86.5792677681 32.5756281022, -86.5790967675 32.5756211023))
POLYGON ((-86.4644237331 32.5326720972, -86.4640887333 32.5326380972, -86.463777733 32.532649097, -86.4636097328 32.5326660974, -86.4634467326 32.532691097, -86.4632047327 32.532751097, -86.4630447329 32.5328040974, -86.4628927325 32.5328660968, -86.462746733 32.5329360975, -86.4604287319 32.5342830973, -86.4597317317 32.5346980973, -86.4560787308 32.5368300986, -86.4560487307 32.5364950978, -86.4559197308 32.5355650978, -86.4558127307 32.5347040977, -86.4557757309 32.5344900977, -86.4556907305 32.5334880977, -86.4555997303 32.5326930972, -86.4554407303 32.5311240973, -86.4552307302 32.5289470967, -86.4552107301 32.5285710962, -86.4552067299 32.5282700965, -86.4552097303 32.528051096, -86.4552427299 32.5273270961, -86.4552657304 32.5270390962, -86.4553167304 32.5266030958, -86.4553927306 32.526102096, -86.45550373 32.5255290957, -86.4557027302 32.5246810952, -86.4567537303 32.5204540943, -86.4568897308 32.5198750945, -86.4569117305 32.5198050942, -86.4570887301 32.5190220944, -86.4571467307 32.5187350942, -86.4571897303 32.5184510942, -86.4572217301 32.5181630938, -86.4572417302 32.5178730943, -86.4572497306 32.5175870941, -86.4572457304 32.5172970942, -86.4572297305 32.5170070941, -86.4571667299 32.5164330935, -86.4568147304 32.5143580933, -86.4567677297 32.5139890933, -86.4564747298 32.5122960929, -86.4563427295 32.5114660931, -86.4563447301 32.5113530931, -86.4563307298 32.5109220928, -86.4563317297 32.5105620927, -86.4564877293 32.5046470916, -86.4564917295 32.504214091, -86.4564777292 32.5039210911, -86.4564527291 32.5036360912, -86.4564317292 32.5034920909, -86.4563237293 32.5029220913, -86.4555577286 32.4998150906, -86.4552037286 32.4984070898, -86.4541637284 32.494168089, -86.454011728 32.493532089, -86.4539407279 32.4931810888, -86.4538197284 32.4926720886, -86.4537387282 32.492246089, -86.453693728 32.4919120889, -86.4549567288 32.4917290883, -86.4554917285 32.4916640882, -86.455827729 32.4916410881, -86.4561677287 32.4916390886, -86.4568447288 32.4916860888, -86.4573547293 32.4917320888, -86.4576927294 32.4917520884, -86.4579527297 32.4917520884, -86.4581227296 32.4917430884, -86.4582927295 32.4917270888, -86.458546729 32.4916920883, -86.4598807299 32.4914480884, -86.4601327298 32.491410088, -86.4605527299 32.4913690879, -86.4610647301 32.4913450884, -86.4653277311 32.4912300877, -86.4654117317 32.4912230881, -86.4663567315 32.4911940884, -86.4666297313 32.4911890883, -86.466769732 32.4911990877, -86.4672167318 32.4895250877, -86.4673147317 32.4892090877, -86.467477732 32.4892220872, -86.4678267319 32.4892330878, -86.4696387327 32.4893280872, -86.4698937329 32.4893370874, -86.4703237322 32.4893370874, -86.471437733 32.4893030877, -86.4752177341 32.4891670872, -86.4761557343 32.4891600873, -86.4767207342 32.489174087, -86.478598735 32.4893200872, -86.4788717348 32.4893480872, -86.4787967354 32.4899420871, -86.478675735 32.4910890878, -86.4786617348 32.4913070872, -86.4786647352 32.4915240875, -86.4786987355 32.4918170877, -86.4787567352 32.4921050876, -86.4788617348 32.4924570876, -86.4789667353 32.4927330882, -86.4800097359 32.4951280887, -86.4802417357 32.4956750886, -86.4803907357 32.4960090885, -86.4808007358 32.4968740885, -86.4809717364 32.4972030887, -86.4811977363 32.497591089, -86.4819637361 32.4987690888, -86.4824837366 32.4995500891, -86.4828297371 32.5000460895, -86.4830127365 32.5002900896, -86.4832027365 32.5005260892, -86.4834027365 32.5007600895, -86.4837187369 32.5011010899, -86.4840477368 32.5014300897, -86.4842777369 32.5016460898, -86.4848627378 32.5021690898, -86.4865827376 32.5036730901, -86.4872307382 32.5042550898, -86.4882667383 32.5051650901, -86.4879737384 32.5054540905, -86.4878767383 32.5055640903, -86.4878517382 32.5056260902, -86.4877877386 32.5056740907, -86.4874657384 32.5060960903, -86.4874587387 32.5061240905, -86.4874337386 32.5061500906, -86.4874177387 32.5062000909, -86.4873617386 32.5062680904, -86.487329738 32.5063580907, -86.4872657384 32.5065030902, -86.4872417381 32.5065300902, -86.4872257382 32.5065790903, -86.4871777385 32.5066750903, -86.4871537382 32.506703091, -86.4871467386 32.5067370909, -86.4871217384 32.5067650909, -86.4870337386 32.5070190909, -86.4870257382 32.5071130904, -86.4869627384 32.5072330904, -86.4868897386 32.5073090906, -86.4869227383 32.507350091, -86.4868947387 32.5074220911, -86.4868667382 32.5075500906, -86.486831738 32.5076410912, -86.4867727385 32.5079960909, -86.4867127382 32.508131091, -86.4867017383 32.5082030913, -86.486636738 32.5083530908, -86.4866127386 32.508382091, -86.4865967378 32.5084370914, -86.4865527384 32.5084860911, -86.486467738 32.5086100907, -86.486436738 32.5086850913, -86.486395738 32.5087270911, -86.4863317384 32.5088170912, -86.4863077381 32.5088650915, -86.4862837378 32.5088910908, -86.4862687378 32.5089270914, -86.4860027385 32.5093100913, -86.4859377382 32.5093680911, -86.485954738 32.5094020916, -86.485882738 32.5095680915, -86.4858587377 32.5095960914, -86.4857667376 32.5098190913, -86.4857477383 32.5099400914, -86.4857027381 32.5100390915, -86.4856837378 32.5102080917, -86.4856447383 32.5102500915, -86.4855967378 32.5104770911, -86.4855087379 32.5112850913, -86.4854427378 32.5117290914, -86.4853907379 32.511863092, -86.4853627383 32.5120310919, -86.4852277377 32.5123890923, -86.4851967377 32.5125820918, -86.4851527382 32.5126750916, -86.4851177381 32.5128920919, -86.4850297382 32.5131040919, -86.4849977384 32.5131400924, -86.4849817376 32.5131800917, -86.4849497379 32.5132150922, -86.4849257376 32.5132840924, -86.4849007384 32.5133180921, -86.4848937378 32.5133460923, -86.4847887382 32.5135260923, -86.4846897376 32.5137630919, -86.4846697384 32.5138770926, -86.4846057379 32.513931092, -86.4845807378 32.5140010923, -86.4845327381 32.5140630925, -86.484517738 32.5141110923, -86.484476738 32.514151092, -86.4841707377 32.5145310926, -86.4841317382 32.5145900927, -86.483912738 32.5147810922, -86.4837037377 32.5149330927, -86.4835417373 32.5150650925, -86.4835097376 32.5150650925, -86.4833717375 32.5151720929, -86.4831547377 32.5153830923, -86.4831147375 32.5154370923, -86.4831067372 32.5154730926, -86.4828807372 32.515748093, -86.4823107373 32.5172090932, -86.4821717374 32.5175180934, -86.4821147375 32.5176070931, -86.4820597372 32.5177590933, -86.4820267376 32.5178010934, -86.4820107377 32.5178490935, -86.4819877372 32.517877093, -86.4819227369 32.5180280929, -86.4818827377 32.5180770935, -86.4818347371 32.5181780934, -86.4817767374 32.5182640937, -86.4817717373 32.5182820936, -86.481706737 32.5183660933, -86.481706737 32.5183860937, -86.4816697372 32.5184250931, -86.4816587374 32.5184540931, -86.4816027373 32.5185380933, -86.481573737 32.5185440933, -86.4814167375 32.5186760931, -86.481311737 32.5187520934, -86.481270737 32.5187660931, -86.481157737 32.5188560937, -86.4808507369 32.5190300933, -86.4806657369 32.5191000935, -86.4806407368 32.5191210936, -86.480608737 32.5191280934, -86.4803377369 32.5192660937, -86.4801647366 32.5193980932, -86.4801667372 32.5194310938, -86.480131737 32.5194740938, -86.4800647371 32.5196500934, -86.4800377373 32.5198100935, -86.4799927371 32.520387094, -86.4799757374 32.5204770938, -86.4799487367 32.5205500939, -86.4798587372 32.5210620941, -86.4796987374 32.521462094, -86.4796757369 32.5214900939, -86.4796517366 32.5215660942, -86.4795627369 32.5216480941, -86.4794817367 32.5217620939, -86.4793127367 32.5219100939, -86.4791907365 32.5219970941, -86.4791387366 32.5220220944, -86.4790137369 32.5221120941, -86.4786377363 32.5223060945, -86.4784817367 32.5224500942, -86.4784177362 32.522520094, -86.4780707368 32.5229620942, -86.4780707368 32.5229820943, -86.4780357366 32.5230200942, -86.4780307366 32.5230440944, -86.4779897366 32.5230860943, -86.4779417369 32.5231540947, -86.4779267368 32.5232100942, -86.4778787362 32.5232720948, -86.4777307361 32.5236200948, -86.4777067367 32.5237130945, -86.4776907368 32.5237440947, -86.4776717365 32.5238710946, -86.4776877364 32.5238910946, -86.4776467364 32.5239250949, -86.4776237369 32.5240500949, -86.477515736 32.5243180948, -86.4774157365 32.5245180945, -86.4773917362 32.524546095, -86.4773597364 32.5246360952, -86.4772957368 32.5247660948, -86.4772727363 32.5247940952, -86.4772557366 32.5248480948, -86.4772147366 32.5248960949, -86.4771767361 32.5249940946, -86.4771357361 32.5250420947, -86.477079736 32.5251520948, -86.4770147366 32.525235095, -86.477007736 32.5252700953, -86.476966736 32.5253110951, -86.4769587365 32.5253450949, -86.4769187363 32.5253860946, -86.4769107359 32.5254220947, -86.4768227361 32.5255460952, -86.4767987367 32.5256210952, -86.4767747364 32.525647095, -86.476766736 32.5256840948, -86.4767417359 32.5257110951, -86.4767177365 32.5257800948, -86.4766467363 32.5259250948, -86.4766147366 32.5259590951, -86.4765827359 32.5260410948, -86.4765267367 32.526117095, -86.4765027364 32.5261850954, -86.4764617364 32.5262340953, -86.4763747364 32.5264550952, -86.4763497362 32.5264890953, -86.4762857367 32.5266480956, -86.476253736 32.5266830953, -86.4762297366 32.5267510953, -86.4761177364 32.526927095, -86.4760087358 32.527034095, -86.475981736 32.5270790954, -86.4757227364 32.5273300954, -86.4756677362 32.5274030953, -86.4755787365 32.5274900955, -86.4755137362 32.5275720954, -86.4755137362 32.5275920953, -86.4754717364 32.5276420957, -86.4754657356 32.5276680957, -86.4754257363 32.5277100957, -86.4753777358 32.5278410959, -86.4753447361 32.5278760959, -86.4753227364 32.5279650953, -86.4752497357 32.5280760953, -86.4752577361 32.5280990959, -86.4752747358 32.5281170954, -86.4752667363 32.5281790957, -86.4752887361 32.5284770956, -86.4753057358 32.5288440957, -86.475283736 32.5289400961, -86.4752627361 32.5289900958, -86.4752237358 32.5290300957, -86.4749497361 32.5294030958, -86.4745647362 32.5299070961, -86.4744267361 32.530108096, -86.4744197355 32.5301420962, -86.4743797362 32.5301900965, -86.474339736 32.5302930959, -86.4743147359 32.5303130959, -86.474283736 32.5303970965, -86.474242736 32.5304590959, -86.4742437358 32.5304790959, -86.4742027358 32.5305210961, -86.4741637354 32.5305780961, -86.4738727361 32.5308650964, -86.4738407354 32.5309070964, -86.4737687354 32.5310860963, -86.473744736 32.5311070966, -86.4735897353 32.5314810961, -86.4735277354 32.5320120968, -86.4734377359 32.5325380966, -86.4734157361 32.5325990964, -86.4733987355 32.5326900965, -86.4733747361 32.532725097, -86.4733507358 32.5328480967, -86.4732707355 32.5330480964, -86.4732467361 32.5330690971, -86.4731987355 32.5331920971, -86.4731427354 32.5332680966, -86.4730947357 32.5333860971, -86.4730617352 32.5334200968, -86.4730537357 32.5334570971, -86.4730307353 32.5334820972, -86.4730027357 32.5335780972, -86.4729267355 32.533750097, -86.4728547355 32.5338890973, -86.472718736 32.5341990973, -86.4726947357 32.5342330967, -86.4726867353 32.5342610972, -86.4726627359 32.5342810971, -86.4726307352 32.5343710974, -86.4725507358 32.5344810974, -86.4725417355 32.5345150975, -86.4725097357 32.5345570973, -86.4724947357 32.5345910973, -86.4724697356 32.5346110971, -86.4724537357 32.5346670971, -86.4724217359 32.5347010971, -86.4724067358 32.5347630974, -86.4723817357 32.5347840969, -86.4723017353 32.534964097, -86.4722697355 32.535005097, -86.4722457353 32.5350660974, -86.4722057351 32.535115097, -86.4721977356 32.5351390969, -86.4721737353 32.5351620972, -86.4721657358 32.5351980971, -86.4720687357 32.5353140973, -86.4719487352 32.5354770973, -86.4719077352 32.5355140975, -86.471795735 32.5356600974, -86.4717797351 32.5356940978, -86.4717037358 32.5358060978, -86.4714167349 32.5360600975, -86.4714207351 32.5360880974, -86.4713207355 32.5362400974, -86.4712177356 32.5365220979, -86.4711657357 32.536755098, -86.4711307355 32.5368450973, -86.4710657353 32.536924098, -86.4707197347 32.5372240978, -86.4700327347 32.5364680977, -86.4697527352 32.5361320973, -86.4693267343 32.5356800978, -86.4689867345 32.5353590973, -86.4686267347 32.5350550971, -86.4683157344 32.5348110975, -86.4679237338 32.5345370975, -86.4676517338 32.5343630976, -86.4656287332 32.5331690971, -86.4652057336 32.5329310967, -86.4650587333 32.532860097, -86.4649057331 32.5327980969, -86.4647497335 32.5327450972, -86.4645877331 32.532704097, -86.4644237331 32.5326720972))
POLYGON ((-86.4134617168 32.4939110902, -86.4127107163 32.4927680906, -86.4124537163 32.4923930904, -86.4119857165 32.4917460904, -86.4119767163 32.4916390901, -86.4119777161 32.4866020889, -86.4119757156 32.4857600886, -86.4121257163 32.4856270888, -86.4121827162 32.4854930885, -86.4127337158 32.4851380885, -86.4133757166 32.4846930888, -86.4136447162 32.4845150885, -86.4140597163 32.4842650881, -86.4142737166 32.4841450885, -86.4145287168 32.4840150885, -86.4148607171 32.4838520884, -86.4151627172 32.4837140882, -86.4157067172 32.483494088, -86.4161677173 32.4833290879, -86.416569717 32.483204088, -86.4168917172 32.4831120883, -86.4172217169 32.4830330881, -86.4180867173 32.4828620878, -86.4189627175 32.4827630881, -86.4194177178 32.4827430881, -86.4197777177 32.4827350875, -86.4201097179 32.4827150875, -86.4205367186 32.482697088, -86.4214497187 32.4826280879, -86.4224937191 32.4825770879, -86.4256077201 32.4824420873, -86.4262837194 32.4824060875, -86.4267307202 32.4823740872, -86.4287117201 32.4823090871, -86.4290647203 32.4823030878, -86.4301677212 32.4822310872, -86.4308487214 32.4821960876, -86.4311007213 32.4821690871, -86.4313497208 32.4821240877, -86.4315927214 32.4820620875, -86.4318287214 32.4819830871, -86.4328307221 32.4815860874, -86.4349127222 32.4807420866, -86.4353737224 32.4805480867, -86.4355237222 32.480481087, -86.4357427224 32.4803710868, -86.4359997224 32.480219087, -86.4360537228 32.4802690865, -86.4360457224 32.4803170869, -86.4360867224 32.4804130869, -86.4361267226 32.480463087, -86.4361437223 32.4805110866, -86.4361767228 32.4805510868, -86.4361837225 32.4805860871, -86.4362087226 32.4806130866, -86.4362977223 32.4807720869, -86.4363227224 32.4807990871, -86.4363867229 32.4809160872, -86.436411723 32.4809440869, -86.4364607225 32.481040087, -86.4365097229 32.4811840868, -86.4365217226 32.4814770873, -86.4365017225 32.4815750874, -86.4364367231 32.4816510873, -86.4364537228 32.4816710868, -86.4364607225 32.4816930868, -86.4364447226 32.4817330873, -86.4364137226 32.4819470871, -86.4363987226 32.4828690874, -86.4364137226 32.4829380874, -86.4364387227 32.4829990875, -86.4364957226 32.483081087, -86.4366097224 32.4831780873, -86.4368617232 32.4833710874, -86.437006723 32.4834460878, -86.4370797228 32.4834530873, -86.4375797233 32.4834430878, -86.437704723 32.4834580871, -86.4377447231 32.4834720876, -86.4379327235 32.4836060872, -86.4380377231 32.4836580876, -86.4381517229 32.4836890871, -86.4381757231 32.4837060877, -86.4388247236 32.4837590875, -86.4388487239 32.4837750878, -86.4388817235 32.4837730873, -86.4390437239 32.4838150873, -86.4391737236 32.4839250871, -86.4391907233 32.4839450876, -86.4391897235 32.4840420877, -86.4391657232 32.4841800874, -86.4391497233 32.4842210877, -86.4390767235 32.4843110874, -86.439068724 32.4843450875, -86.4390287238 32.4843920877, -86.4390117232 32.4844340875, -86.4389887236 32.4844560876, -86.4389797234 32.4844900876, -86.4389567238 32.4845160879, -86.4388707236 32.4847330879, -86.4388337238 32.4849830878, -86.4388517234 32.4852670874, -86.4388757237 32.4853010879, -86.4389087233 32.4853830876, -86.4389327236 32.485417088, -86.4389647233 32.4854870878, -86.4390057233 32.4855350877, -86.4390217232 32.4855760875, -86.4390627232 32.4856170879, -86.439119724 32.4856930875, -86.4391277235 32.4857170877, -86.4393547233 32.4859400877, -86.4393877238 32.485994088, -86.439504724 32.4861120877, -86.4395467238 32.4861680875, -86.439663724 32.486297088, -86.4397937237 32.486469088, -86.4398427241 32.4865590877, -86.4398667235 32.4866340877, -86.4398917236 32.4866550878, -86.4399247241 32.4868340879, -86.4399737236 32.4869700882, -86.4400787241 32.4871020881, -86.440094724 32.4871360879, -86.4401277236 32.4871630884, -86.4402207244 32.4872680883, -86.4403877239 32.4874310884, -86.4404037238 32.4874660883, -86.4404767245 32.4875280878, -86.4405057239 32.4875100885, -86.4406307245 32.4874990885, -86.4413537246 32.487561088, -86.4413807243 32.4875780878, -86.4416127241 32.4876230882, -86.4416777244 32.4876430879, -86.4417267248 32.4876710885, -86.4418237249 32.487705088, -86.4419467249 32.4877690878, -86.4419677249 32.4877720885, -86.4420757248 32.4878360882, -86.4420997242 32.4878360882, -86.4422137249 32.4879180878, -86.4423027246 32.4879940885, -86.4423837248 32.488076088, -86.4424057245 32.4881150884, -86.4425307251 32.4882340886, -86.4426367245 32.4883780883, -86.4428157246 32.4886810886, -86.4428347249 32.4887910885, -86.4429087245 32.4889660881, -86.4429857245 32.4893820884, -86.4430147248 32.4894680882, -86.4430357247 32.4896150888, -86.4430607248 32.4900490887, -86.4430157246 32.490162089, -86.4429867252 32.4903590884, -86.4429787248 32.490476089, -86.4430117253 32.4906120891, -86.4430447249 32.4906680884, -86.4430847251 32.4907160886, -86.4431017248 32.4907500885, -86.4434097248 32.4909860889, -86.4436057255 32.4910870889, -86.4440357257 32.4912270888, -86.4441317251 32.4912650892, -86.4441647256 32.491286089, -86.4441977252 32.491286089, -86.4443187256 32.4913540892, -86.4444567256 32.4913940891, -86.4449197254 32.4917870888, -86.4452777256 32.4921340893, -86.4455297255 32.4923510891, -86.4456837255 32.4924670892, -86.4458217256 32.4925420888, -86.4458787255 32.492548089, -86.4459757256 32.4926180893, -86.4460407259 32.4926520893, -86.4467147265 32.4931130892, -86.4469257263 32.4932370895, -86.4469507265 32.4932350892, -86.447291726 32.4935250895, -86.4473487259 32.4935920893, -86.4473567263 32.4936140895, -86.4474247261 32.4936980895, -86.4480797264 32.4936530891, -86.4486107269 32.4936290894, -86.4517217274 32.493527089, -86.4522327278 32.4934990887, -86.4528277278 32.4934530888, -86.4530817283 32.4934260887, -86.4532477279 32.4934000886, -86.4534087285 32.4933590887, -86.4537267285 32.4932570887, -86.4539407279 32.4931810888, -86.454011728 32.493532089, -86.4541637284 32.494168089, -86.4552037286 32.4984070898, -86.4555577286 32.4998150906, -86.4563237293 32.5029220913, -86.4564317292 32.5034920909, -86.4564527291 32.5036360912, -86.4564777292 32.5039210911, -86.4564917295 32.504214091, -86.4564877293 32.5046470916, -86.4563317297 32.5105620927, -86.4563307298 32.5109220928, -86.4563447301 32.5113530931, -86.4563427295 32.5114660931, -86.4564747298 32.5122960929, -86.4567677297 32.5139890933, -86.4568147304 32.5143580933, -86.4571667299 32.5164330935, -86.4572297305 32.5170070941, -86.4572457304 32.5172970942, -86.4572497306 32.5175870941, -86.4572417302 32.5178730943, -86.4572217301 32.5181630938, -86.4571897303 32.5184510942, -86.4571467307 32.5187350942, -86.4570887301 32.5190220944, -86.4569117305 32.5198050942, -86.4568897308 32.5198750945, -86.4567537303 32.5204540943, -86.4557027302 32.5246810952, -86.45550373 32.5255290957, -86.4553927306 32.526102096, -86.4553167304 32.5266030958, -86.4552657304 32.5270390962, -86.4552427299 32.5273270961, -86.4552097303 32.528051096, -86.4552067299 32.5282700965, -86.4552107301 32.5285710962, -86.4552307302 32.5289470967, -86.4554407303 32.5311240973, -86.4555997303 32.5326930972, -86.4556907305 32.5334880977, -86.4557757309 32.5344900977, -86.4558127307 32.5347040977, -86.4559197308 32.5355650978, -86.4560487307 32.5364950978, -86.4560787308 32.5368300986, -86.4561007315 32.5369740985, -86.4559157306 32.5371350985, -86.4557677314 32.5373960981, -86.4557087309 32.5375320983, -86.4556407312 32.5376580981, -86.4554117308 32.5380430983, -86.4552807313 32.5382270989, -86.4551817307 32.5383450989, -86.4550717311 32.5384550986, -86.4550117308 32.5385030983, -86.4548767311 32.5385920985, -86.454728731 32.5386610989, -86.4544237305 32.5387890986, -86.4541107305 32.5389030986, -86.4536367308 32.5390650985, -86.4532557301 32.5392350991, -86.4530397302 32.5393500989, -86.4525647299 32.5396610986, -86.4519287298 32.5400360993, -86.4514697302 32.5403230988, -86.4514057298 32.540369099, -86.4512847303 32.5404760989, -86.4511827302 32.540594099, -86.4511397296 32.5406550994, -86.4510647302 32.5407840989, -86.4510327295 32.5408530991, -86.4509847298 32.5409940991, -86.4509677301 32.5410660995, -86.4509487298 32.5412120994, -86.4509487298 32.5412860997, -86.4509637299 32.5414300993, -86.4509957297 32.5415750998, -86.4510497301 32.5417110998, -86.4511227299 32.5418420993, -86.4512097299 32.5419670994, -86.45141473 32.5422030994, -86.45160973 32.5423600999, -86.4511967295 32.5426370998, -86.4509967295 32.5427611, -86.4504637294 32.5421720995, -86.4499717293 32.5415790998, -86.4494467296 32.5409190997, -86.4490277293 32.540371099, -86.4486207287 32.5398090994, -86.4482767287 32.5393100991, -86.4479037285 32.5387420987, -86.4474227283 32.5379790987, -86.4470847281 32.5373940988, -86.4467567281 32.5368060983, -86.4463137284 32.5359420982, -86.4460187279 32.5353390984, -86.4457677279 32.5347990982, -86.4454207275 32.5339880982, -86.4421657261 32.5259030965, -86.4420177269 32.525560096, -86.4417647263 32.5249380962, -86.4415277264 32.5243970959, -86.4413287262 32.5240000963, -86.4410367262 32.5234780958, -86.4408807256 32.5232200961, -86.4406337258 32.5228410957, -86.4404607255 32.5225950958, -86.4401857261 32.522228096, -86.4398997258 32.5218700953, -86.4395797253 32.5214990955, -86.4392777251 32.5211770952, -86.4389487252 32.5208450954, -86.4386027256 32.5205220952, -86.4382457253 32.5202100952, -86.437877725 32.519908095, -86.435918724 32.518399095, -86.4324217236 32.5157240947, -86.429208722 32.5132490942, -86.4288327223 32.5129520937, -86.4281027216 32.5123510939, -86.427561722 32.5118920941, -86.4268507216 32.5112690937, -86.4263247212 32.5107920937, -86.4253537205 32.5098810936, -86.4246887211 32.5092200932, -86.4238747208 32.5083850932, -86.4233417207 32.5078190935, -86.4228717203 32.5073020929, -86.4222037196 32.5065450933, -86.4217047198 32.5059560925, -86.4211697192 32.5052990929, -86.4204587197 32.5043950926, -86.4200417191 32.5038450925, -86.4195007186 32.5031060926, -86.4189327192 32.502292092, -86.4182257181 32.5012130921, -86.4180627188 32.5009850918, -86.4171887182 32.499655092, -86.4169887182 32.4993320914, -86.4167767176 32.4990170911, -86.4163657177 32.4983780917, -86.4159467174 32.4977430912, -86.4157457176 32.4974200914, -86.4153237178 32.4967800912, -86.4142927168 32.4951830911, -86.4140797173 32.4948720905, -86.4135367172 32.4940450909, -86.4134617168 32.4939110902))
POLYGON ((-86.4217377213 32.5329760987, -86.4214817212 32.5329690984, -86.4213137209 32.5329720983, -86.4208127206 32.5330010989, -86.4199597208 32.5330840987, -86.4188537205 32.5331640986, -86.4185097205 32.5331770985, -86.4180017205 32.5331720985, -86.41766072 32.5331560987, -86.4163027198 32.5330560986, -86.4159567192 32.533011099, -86.4156017194 32.5329040985, -86.4154437192 32.532835099, -86.4152977196 32.5327510985, -86.4151677191 32.5326590987, -86.415044719 32.532561099, -86.4148767188 32.5323930989, -86.4146927187 32.5321410989, -86.4134767187 32.5303150984, -86.4132997182 32.5300720986, -86.4129317189 32.5295920984, -86.4123967182 32.5289610985, -86.412233718 32.528752098, -86.4122007184 32.5269500974, -86.412192718 32.5269290976, -86.4121987179 32.5267700978, -86.4122587181 32.5259950972, -86.4123397183 32.5252210972, -86.4122977176 32.5239580968, -86.4122857179 32.5239310967, -86.412300718 32.5218280964, -86.4123037174 32.5171170957, -86.4123467171 32.5036860928, -86.4122077172 32.5000670918, -86.4120827166 32.4939680907, -86.4120777166 32.4931110904, -86.4119857165 32.4917460904, -86.4124537163 32.4923930904, -86.4127107163 32.4927680906, -86.4134617168 32.4939110902, -86.4135367172 32.4940450909, -86.4140797173 32.4948720905, -86.4142927168 32.4951830911, -86.4153237178 32.4967800912, -86.4157457176 32.4974200914, -86.4159467174 32.4977430912, -86.4163657177 32.4983780917, -86.4167767176 32.4990170911, -86.4169887182 32.4993320914, -86.4171887182 32.499655092, -86.4180627188 32.5009850918, -86.4182257181 32.5012130921, -86.4189327192 32.502292092, -86.4195007186 32.5031060926, -86.4200417191 32.5038450925, -86.4204587197 32.5043950926, -86.4211697192 32.5052990929, -86.4217047198 32.5059560925, -86.4222037196 32.5065450933, -86.4228717203 32.5073020929, -86.4233417207 32.5078190935, -86.4238747208 32.5083850932, -86.4246887211 32.5092200932, -86.4253537205 32.5098810936, -86.4263247212 32.5107920937, -86.4268507216 32.5112690937, -86.427561722 32.5118920941, -86.4281027216 32.5123510939, -86.4288327223 32.5129520937, -86.429208722 32.5132490942, -86.4324217236 32.5157240947, -86.435918724 32.518399095, -86.437877725 32.519908095, -86.4382457253 32.5202100952, -86.4386027256 32.5205220952, -86.4389487252 32.5208450954, -86.4392777251 32.5211770952, -86.4395797253 32.5214990955, -86.4398997258 32.5218700953, -86.4401857261 32.522228096, -86.4404607255 32.5225950958, -86.4406337258 32.5228410957, -86.4408807256 32.5232200961, -86.4410367262 32.5234780958, -86.4413287262 32.5240000963, -86.4415277264 32.5243970959, -86.4417647263 32.5249380962, -86.4420177269 32.525560096, -86.4421657261 32.5259030965, -86.4454207275 32.5339880982, -86.4457677279 32.5347990982, -86.4460187279 32.5353390984, -86.4463137284 32.5359420982, -86.4467567281 32.5368060983, -86.4470847281 32.5373940988, -86.4474227283 32.5379790987, -86.4479037285 32.5387420987, -86.4482767287 32.5393100991, -86.4486207287 32.5398090994, -86.4490277293 32.540371099, -86.4494467296 32.5409190997, -86.4499717293 32.5415790998, -86.4504637294 32.5421720995, -86.4509967295 32.5427611, -86.4507637299 32.5429270997, -86.4499887299 32.5434420999, -86.4495077297 32.5437990998, -86.4490907291 32.5435631002, -86.4472367285 32.5424880996, -86.4425327274 32.5397940996, -86.4402357263 32.5384610988, -86.4395387261 32.5380610988, -86.439385726 32.5379820991, -86.4387577263 32.5376190987, -86.4385037259 32.5374830993, -86.438323726 32.5373960988, -86.4380167258 32.5372730992, -86.4376997256 32.5371720988, -86.4373707258 32.5370900986, -86.4371207255 32.5370410986, -86.436953726 32.5370140986, -86.4366147252 32.536977099, -86.4362757252 32.5369610991, -86.4353367253 32.5369580986, -86.4344767249 32.5369460989, -86.4326017244 32.5369340992, -86.4322617247 32.5369200993, -86.4320927246 32.5369070992, -86.4319237246 32.536885099, -86.4316737243 32.5368450989, -86.4314277243 32.5367970991, -86.4312617237 32.5367570989, -86.4307027236 32.5365780989, -86.4303227237 32.5364060993, -86.4300717236 32.5362820987, -86.4272007223 32.534794099, -86.4268577222 32.5346360984, -86.4256097224 32.5339850984, -86.4251667218 32.5337640988, -86.4248617223 32.5336340986, -86.4243907221 32.5334740989, -86.4240687219 32.5333800989, -86.4239077222 32.533339099, -86.4231627215 32.5331860989, -86.422580721 32.5330740986, -86.4222437216 32.5330230985, -86.421990721 32.5329940987, -86.4217377213 32.5329760987))
POLYGON ((-86.4194457237 32.5888031109, -86.418946723 32.5887411108, -86.4184967228 32.5887521106, -86.4181537226 32.588783111, -86.4178177231 32.588831111, -86.4159817221 32.5891291109, -86.4153117226 32.5892181108, -86.4150877223 32.5892531112, -86.4148477221 32.5892651107, -86.4133657219 32.5893681112, -86.4127957211 32.5893991114, -86.4125017214 32.5894281112, -86.4124917214 32.5888231107, -86.4124467212 32.5783111088, -86.4124757206 32.574560108, -86.4123377196 32.5486641022, -86.4123477187 32.5465661017, -86.4122467184 32.5302980984, -86.4122347179 32.528810098, -86.4122277182 32.5287670981, -86.412233718 32.528752098, -86.4123967182 32.5289610985, -86.4129317189 32.5295920984, -86.4132997182 32.5300720986, -86.4134767187 32.5303150984, -86.4146927187 32.5321410989, -86.4148767188 32.5323930989, -86.415044719 32.532561099, -86.4151677191 32.5326590987, -86.4152977196 32.5327510985, -86.4154437192 32.532835099, -86.4156017194 32.5329040985, -86.4159567192 32.533011099, -86.4163027198 32.5330560986, -86.41766072 32.5331560987, -86.4180017205 32.5331720985, -86.4185097205 32.5331770985, -86.4188537205 32.5331640986, -86.4199597208 32.5330840987, -86.4208127206 32.5330010989, -86.4213137209 32.5329720983, -86.4214817212 32.5329690984, -86.4217377213 32.5329760987, -86.421990721 32.5329940987, -86.4222437216 32.5330230985, -86.422580721 32.5330740986, -86.4231627215 32.5331860989, -86.4239077222 32.533339099, -86.4240687219 32.5333800989, -86.4243907221 32.5334740989, -86.4248617223 32.5336340986, -86.4251667218 32.5337640988, -86.4256097224 32.5339850984, -86.4268577222 32.5346360984, -86.4272007223 32.534794099, -86.4300717236 32.5362820987, -86.4303227237 32.5364060993, -86.4307027236 32.5365780989, -86.4312617237 32.5367570989, -86.4314277243 32.5367970991, -86.4316737243 32.5368450989, -86.4319237246 32.536885099, -86.4320927246 32.5369070992, -86.4322617247 32.5369200993, -86.4326017244 32.5369340992, -86.4344767249 32.5369460989, -86.4353367253 32.5369580986, -86.4362757252 32.5369610991, -86.4366147252 32.536977099, -86.436953726 32.5370140986, -86.4371207255 32.5370410986, -86.4373707258 32.5370900986, -86.4376997256 32.5371720988, -86.4380167258 32.5372730992, -86.438323726 32.5373960988, -86.4385037259 32.5374830993, -86.4387577263 32.5376190987, -86.439385726 32.5379820991, -86.4395387261 32.5380610988, -86.4402357263 32.5384610988, -86.4425327274 32.5397940996, -86.4472367285 32.5424880996, -86.4490907291 32.5435631002, -86.4495077297 32.5437990998, -86.4499887299 32.5434420999, -86.4507637299 32.5429270997, -86.4509967295 32.5427611, -86.45150173 32.5433170995, -86.4520387303 32.5438780996, -86.4526447302 32.5444821, -86.4532187303 32.5450370999, -86.4533267303 32.5451520998, -86.4535597308 32.5453691004, -86.4538007308 32.5456061001, -86.4544947315 32.5462471006, -86.4552797315 32.5470441006, -86.4556897316 32.5474891007, -86.4577637323 32.5495151012, -86.4590377329 32.5507791013, -86.4593527325 32.5511221009, -86.459657733 32.5514771016, -86.4598927332 32.5517741012, -86.4602567332 32.5522671011, -86.460514733 32.5526481013, -86.4607497332 32.5530321014, -86.4610077329 32.5534911016, -86.4612107333 32.5538881018, -86.4614577332 32.5544251015, -86.4616247336 32.5548341018, -86.4617767339 32.555248102, -86.4622757337 32.5567931026, -86.4633727338 32.5603011031, -86.4674347359 32.5731111053, -86.4676827365 32.5738831058, -86.4679177367 32.5745811057, -86.4682897362 32.5756201061, -86.4685257362 32.5762391061, -86.4688027362 32.5769211062, -86.4690947372 32.5776051064, -86.4695197373 32.5785531068, -86.4697427369 32.5790221069, -86.4698767368 32.5792871071, -86.4695427369 32.5795231066, -86.4692677366 32.579693107, -86.468982737 32.5798521069, -86.468690737 32.5799991073, -86.4683857365 32.5801321067, -86.4680737363 32.580249107, -86.4663867361 32.5807871071, -86.4660777363 32.5808921074, -86.4657727358 32.5810231072, -86.4654827363 32.5811781074, -86.4652057363 32.5813501075, -86.4648957358 32.5816011072, -86.4647787356 32.5817071079, -86.4642447357 32.5821531078, -86.4636877353 32.5825891079, -86.4625527355 32.5835681078, -86.4615267346 32.5844321082, -86.4610257351 32.5848231084, -86.4607027351 32.5850601083, -86.460241735 32.5853811082, -86.4585647339 32.586495109, -86.4577287339 32.5870231093, -86.4573807337 32.5872301092, -86.4569717335 32.5874571087, -86.4560877338 32.5879281089, -86.4544587333 32.5887581097, -86.4536597331 32.5891731098, -86.451469732 32.5902861098, -86.4504407325 32.5907981104, -86.4502157324 32.5909051099, -86.4499057319 32.59102911, -86.4497467319 32.5910801098, -86.4493377316 32.5911921103, -86.4490067321 32.5912651104, -86.4486697318 32.59131611, -86.4484137317 32.5913381104, -86.4480727312 32.5913461104, -86.4447427304 32.5913661105, -86.4413287298 32.5913751103, -86.4403617294 32.5913861105, -86.4401347296 32.5913801109, -86.4385307293 32.5913781105, -86.4382627286 32.5913701105, -86.4353657283 32.5913631111, -86.4337477277 32.591347111, -86.4327317268 32.5913101111, -86.4325487274 32.5913091105, -86.4318747268 32.5912181108, -86.431365727 32.5911241107, -86.4309567268 32.5909861111, -86.4295237261 32.5905271105, -86.4285587262 32.5902381106, -86.426610725 32.5897141104, -86.426282725 32.589638111, -86.4258667251 32.5895571109, -86.425276725 32.5894721107, -86.4249377251 32.5894361106, -86.423153724 32.5893151108, -86.4223897239 32.5892481105, -86.4220517238 32.5892101106, -86.4213747237 32.5891131105, -86.420285724 32.5889301111, -86.4194457237 32.5888031109))
POLYGON ((-86.439636735 32.708219136, -86.4131207271 32.7073921367, -86.4130017264 32.67818813, -86.4129877261 32.6776261302, -86.4129997258 32.6775551302, -86.412881724 32.6489191242, -86.413789725 32.648901124, -86.4147967247 32.648901124, -86.4160587256 32.6488941238, -86.4162637257 32.6488881235, -86.4208717265 32.6488831238, -86.4219277266 32.6488711232, -86.4220927274 32.649265124, -86.4222647269 32.6495971235, -86.4223767271 32.6497931234, -86.4225907273 32.6501041236, -86.4227417269 32.6502781235, -86.4229607272 32.6504981242, -86.4232617275 32.6507541241, -86.4235197273 32.6509431236, -86.4237897276 32.6511201238, -86.4240707278 32.6512821238, -86.4245947277 32.6515221238, -86.4249857284 32.6516651241, -86.427901729 32.6526721244, -86.4282907291 32.6528141238, -86.4285997289 32.652941124, -86.4293507295 32.653282124, -86.4300177295 32.6536021245, -86.4304567299 32.6538191242, -86.4308247301 32.6540211246, -86.4311737301 32.653950124, -86.4314137303 32.653915124, -86.4322477298 32.6537741239, -86.43291873 32.6536741245, -86.4334247303 32.6536161242, -86.433764731 32.6535911243, -86.434190731 32.6535741242, -86.4344477309 32.6535741242, -86.4346167309 32.6535831238, -86.434785731 32.6536021245, -86.4350337307 32.6536501237, -86.4351977307 32.6536921245, -86.4353577315 32.6537421242, -86.4355137311 32.6537991245, -86.4358157312 32.6539331239, -86.4361407309 32.6541091245, -86.4366567313 32.6544241242, -86.4367997314 32.6545021243, -86.4370227319 32.6546091241, -86.4386027319 32.6553131241, -86.4388337319 32.6554081247, -86.4389937326 32.6554621244, -86.439238732 32.6555271247, -86.4398987323 32.6556811246, -86.4403887327 32.6558061241, -86.4406407326 32.6558511241, -86.4408937323 32.6558821247, -86.4411497324 32.6559021247, -86.4419177327 32.6559231246, -86.442685733 32.6559291244, -86.4440487333 32.6559781246, -86.4444737334 32.6559751243, -86.4450647342 32.6559931245, -86.4452347341 32.6559931245, -86.4461677342 32.6559511241, -86.4463367342 32.655952124, -86.4465047345 32.6559691244, -86.4466697343 32.6559971239, -86.4470737346 32.6561011239, -86.4476487345 32.6562161244, -86.4481477352 32.6563041243, -86.4483167352 32.6563181244, -86.4492497354 32.656340124, -86.4495877355 32.6563631242, -86.4507617356 32.6564871244, -86.4510117359 32.6565251244, -86.4515047358 32.6566391245, -86.4519897362 32.6567731242, -86.4525497361 32.6569481238, -86.4527127363 32.6569901246, -86.4529627365 32.6570391241, -86.4532137366 32.6570781245, -86.453468736 32.6571081241, -86.4538897368 32.6571451241, -86.4541537364 32.6571581242, -86.4545627367 32.657159124, -86.4545787366 32.6570231245, -86.4545937366 32.6569541244, -86.4546497367 32.6568191243, -86.4546927364 32.6567571237, -86.4547477366 32.6567031241, -86.4548147366 32.6566601242, -86.4548887371 32.6566251237, -86.4549667369 32.6565971244, -86.4550487369 32.6565771238, -86.4562987372 32.6563491241, -86.4565417369 32.6562931238, -86.4567797375 32.6562131241, -86.4571627378 32.6560591236, -86.4576147377 32.6558561241, -86.4577697375 32.6557951235, -86.4579297373 32.6557441235, -86.458587738 32.655588124, -86.4594147378 32.6554061235, -86.459998738 32.6552821233, -86.4602507379 32.6552371237, -86.4608467386 32.6551841238, -86.4611877382 32.6551691236, -86.4620427385 32.6551581237, -86.4623847388 32.6551641236, -86.462896739 32.6551921234, -86.4636607391 32.6552591236, -86.4640017396 32.6552731231, -86.4641737391 32.6552701235, -86.4644297392 32.6552531237, -86.4646847395 32.6552231235, -86.4650237394 32.6551701235, -86.4652757393 32.6551221235, -86.46690874 32.6547221229, -86.4674837399 32.6545871233, -86.4678187405 32.6545251234, -86.4679897402 32.6545031234, -86.4687567407 32.654444123, -86.4692387407 32.6544181227, -86.4700357413 32.6543931231, -86.470206741 32.6543781228, -86.4702897409 32.6543621227, -86.4704497407 32.6543121233, -86.4705997414 32.6542441233, -86.4706697408 32.6542051232, -86.4708027409 32.6541141231, -86.4709237413 32.6540131226, -86.471145741 32.6537951227, -86.4713027414 32.6536251231, -86.4716507415 32.6532141224, -86.4719107418 32.6529261228, -86.4719687415 32.652873123, -86.4720337418 32.6528261224, -86.4721057418 32.6527861225, -86.4721847414 32.6527581228, -86.4722667415 32.6527411225, -86.4723507411 32.6527321227, -86.4724357415 32.6527341225, -86.4725997416 32.6527651227, -86.4734827415 32.6530271229, -86.4769817433 32.653993123, -86.4772197429 32.6540781225, -86.4773717433 32.654143123, -86.4775947428 32.6542491226, -86.4778077433 32.6543681227, -86.4783637429 32.654705123, -86.4788587434 32.6549911224, -86.4789897438 32.6550851228, -86.4791097435 32.6551871226, -86.4793187437 32.6554151229, -86.4796067436 32.6557711233, -86.4796907442 32.6558961226, -86.4797547437 32.6560301227, -86.4797767435 32.6560991227, -86.4798017436 32.6562421234, -86.4798337443 32.656818123, -86.4798297441 32.6574471236, -86.4803717444 32.6573231232, -86.4806987437 32.657261123, -86.4810327446 32.657220123, -86.4813707447 32.6571921231, -86.4817097446 32.657179123, -86.4820507442 32.657179123, -86.4825627444 32.6572091233, -86.4830677449 32.6572721234, -86.4840547454 32.6574921228, -86.4851247449 32.6577471232, -86.4857027453 32.6578771235, -86.4861187461 32.6579631229, -86.4863747462 32.6579981229, -86.4866317461 32.6580181232, -86.4869737455 32.6580281229, -86.487401746 32.6580041233, -86.4877367458 32.6579421228, -86.488227746 32.657810123, -86.4887917461 32.6576301228, -86.4891737466 32.6575411228, -86.4896967466 32.6576411232, -86.4908537471 32.6579251227, -86.491187747 32.6579891229, -86.4914427473 32.6580201228, -86.4916987473 32.6580371229, -86.492090747 32.6580411229, -86.4925537477 32.6580081226, -86.492972748 32.6579471227, -86.4954597482 32.6574211227, -86.4957947479 32.6573591225, -86.4960487484 32.6573261227, -86.4963907487 32.6572951226, -86.4967307484 32.6572801228, -86.4970717489 32.6572751229, -86.4974117487 32.6572911225, -86.4985087489 32.6573851227, -86.4996087494 32.6574941225, -86.4999517495 32.6575341225, -86.5002367499 32.6575531223, -86.5074877524 32.6715741251, -86.5076567524 32.671915125, -86.5097687536 32.6759721265, -86.5098327532 32.6760771263, -86.509905753 32.6762351264, -86.5112787543 32.6789701271, -86.5119567541 32.680377127, -86.5122737543 32.6810501272, -86.5207817577 32.6995981312, -86.5215337581 32.701211131, -86.5220927581 32.7023531317, -86.522498758 32.7031471313, -86.5230227588 32.7041321319, -86.5234947588 32.7049801316, -86.5246977592 32.7070631321, -86.4999817524 32.707164133, -86.4910257493 32.7075131333, -86.4876727489 32.7075551337, -86.4853657477 32.7075991341, -86.4805767462 32.7076221339, -86.4637677419 32.707949135, -86.4634177421 32.7079241344, -86.45851474 32.7080101348, -86.439636735 32.708219136))
POLYGON ((-86.4896967466 32.6576411232, -86.4891737466 32.6575411228, -86.4887917461 32.6576301228, -86.488227746 32.657810123, -86.4877367458 32.6579421228, -86.487401746 32.6580041233, -86.4869737455 32.6580281229, -86.4866317461 32.6580181232, -86.4863747462 32.6579981229, -86.4861187461 32.6579631229, -86.4857027453 32.6578771235, -86.4851247449 32.6577471232, -86.4840547454 32.6574921228, -86.4830677449 32.6572721234, -86.4825627444 32.6572091233, -86.4820507442 32.657179123, -86.4817097446 32.657179123, -86.4813707447 32.6571921231, -86.4810327446 32.657220123, -86.4806987437 32.657261123, -86.4803717444 32.6573231232, -86.4798297441 32.6574471236, -86.4798337443 32.656818123, -86.4798017436 32.6562421234, -86.4797767435 32.6560991227, -86.4797547437 32.6560301227, -86.4796907442 32.6558961226, -86.4796067436 32.6557711233, -86.4793187437 32.6554151229, -86.4791097435 32.6551871226, -86.4789897438 32.6550851228, -86.4788587434 32.6549911224, -86.4783637429 32.654705123, -86.4778077433 32.6543681227, -86.4775947428 32.6542491226, -86.4773717433 32.654143123, -86.4772197429 32.6540781225, -86.4769817433 32.653993123, -86.4734827415 32.6530271229, -86.4725997416 32.6527651227, -86.4724357415 32.6527341225, -86.4723507411 32.6527321227, -86.4722667415 32.6527411225, -86.4721847414 32.6527581228, -86.4721057418 32.6527861225, -86.4720337418 32.6528261224, -86.4719687415 32.652873123, -86.4719107418 32.6529261228, -86.4716507415 32.6532141224, -86.4713027414 32.6536251231, -86.471145741 32.6537951227, -86.4709237413 32.6540131226, -86.4708027409 32.6541141231, -86.4706697408 32.6542051232, -86.4705997414 32.6542441233, -86.4704497407 32.6543121233, -86.4702897409 32.6543621227, -86.470206741 32.6543781228, -86.4700357413 32.6543931231, -86.4692387407 32.6544181227, -86.4687567407 32.654444123, -86.4679897402 32.6545031234, -86.4678187405 32.6545251234, -86.4674837399 32.6545871233, -86.46690874 32.6547221229, -86.4652757393 32.6551221235, -86.4650237394 32.6551701235, -86.4646847395 32.6552231235, -86.4644297392 32.6552531237, -86.4641737391 32.6552701235, -86.4640017396 32.6552731231, -86.4636607391 32.6552591236, -86.462896739 32.6551921234, -86.4623847388 32.6551641236, -86.4620427385 32.6551581237, -86.4611877382 32.6551691236, -86.4608467386 32.6551841238, -86.4602507379 32.6552371237, -86.459998738 32.6552821233, -86.4594147378 32.6554061235, -86.458587738 32.655588124, -86.4579297373 32.6557441235, -86.4577697375 32.6557951235, -86.4576147377 32.6558561241, -86.4571627378 32.6560591236, -86.4567797375 32.6562131241, -86.4565417369 32.6562931238, -86.4562987372 32.6563491241, -86.4550487369 32.6565771238, -86.4549667369 32.6565971244, -86.4548887371 32.6566251237, -86.4548147366 32.6566601242, -86.4547477366 32.6567031241, -86.4546927364 32.6567571237, -86.4546497367 32.6568191243, -86.4545937366 32.6569541244, -86.4545787366 32.6570231245, -86.4545627367 32.657159124, -86.4541537364 32.6571581242, -86.4538897368 32.6571451241, -86.453468736 32.6571081241, -86.4532137366 32.6570781245, -86.4529627365 32.6570391241, -86.4527127363 32.6569901246, -86.4525497361 32.6569481238, -86.4519897362 32.6567731242, -86.4515047358 32.6566391245, -86.4510117359 32.6565251244, -86.4507617356 32.6564871244, -86.4495877355 32.6563631242, -86.4492497354 32.656340124, -86.4483167352 32.6563181244, -86.4481477352 32.6563041243, -86.4476487345 32.6562161244, -86.4470737346 32.6561011239, -86.4466697343 32.6559971239, -86.4465047345 32.6559691244, -86.4463367342 32.655952124, -86.4461677342 32.6559511241, -86.4452347341 32.6559931245, -86.4450647342 32.6559931245, -86.4444737334 32.6559751243, -86.4440487333 32.6559781246, -86.442685733 32.6559291244, -86.4419177327 32.6559231246, -86.4411497324 32.6559021247, -86.4408937323 32.6558821247, -86.4406407326 32.6558511241, -86.4403887327 32.6558061241, -86.4398987323 32.6556811246, -86.439238732 32.6555271247, -86.4389937326 32.6554621244, -86.4388337319 32.6554081247, -86.4386027319 32.6553131241, -86.4370227319 32.6546091241, -86.4367997314 32.6545021243, -86.4366567313 32.6544241242, -86.4361407309 32.6541091245, -86.4358157312 32.6539331239, -86.4355137311 32.6537991245, -86.4353577315 32.6537421242, -86.4351977307 32.6536921245, -86.4350337307 32.6536501237, -86.434785731 32.6536021245, -86.4346167309 32.6535831238, -86.4344477309 32.6535741242, -86.434190731 32.6535741242, -86.433764731 32.6535911243, -86.4334247303 32.6536161242, -86.43291873 32.6536741245, -86.4322477298 32.6537741239, -86.4314137303 32.653915124, -86.4311737301 32.653950124, -86.4308247301 32.6540211246, -86.4304567299 32.6538191242, -86.4300177295 32.6536021245, -86.4293507295 32.653282124, -86.4285997289 32.652941124, -86.4282907291 32.6528141238, -86.427901729 32.6526721244, -86.4249857284 32.6516651241, -86.4245947277 32.6515221238, -86.4240707278 32.6512821238, -86.4237897276 32.6511201238, -86.4235197273 32.6509431236, -86.4232617275 32.6507541241, -86.4229607272 32.6504981242, -86.4227417269 32.6502781235, -86.4225907273 32.6501041236, -86.4223767271 32.6497931234, -86.4222647269 32.6495971235, -86.4220927274 32.649265124, -86.4219277266 32.6488711232, -86.4208717265 32.6488831238, -86.4162637257 32.6488881235, -86.4160587256 32.6488941238, -86.4147967247 32.648901124, -86.413789725 32.648901124, -86.412881724 32.6489191242, -86.4127897231 32.6252331191, -86.4126117228 32.6163661169, -86.4125247219 32.5963631127, -86.4125017214 32.5894281112, -86.4127957211 32.5893991114, -86.4133657219 32.5893681112, -86.4148477221 32.5892651107, -86.4150877223 32.5892531112, -86.4153117226 32.5892181108, -86.4159817221 32.5891291109, -86.4178177231 32.588831111, -86.4181537226 32.588783111, -86.4184967228 32.5887521106, -86.418946723 32.5887411108, -86.4194457237 32.5888031109, -86.420285724 32.5889301111, -86.4213747237 32.5891131105, -86.4220517238 32.5892101106, -86.4223897239 32.5892481105, -86.423153724 32.5893151108, -86.4249377251 32.5894361106, -86.425276725 32.5894721107, -86.4258667251 32.5895571109, -86.426282725 32.589638111, -86.426610725 32.5897141104, -86.4285587262 32.5902381106, -86.4295237261 32.5905271105, -86.4309567268 32.5909861111, -86.431365727 32.5911241107, -86.4318747268 32.5912181108, -86.4325487274 32.5913091105, -86.4327317268 32.5913101111, -86.4337477277 32.591347111, -86.4353657283 32.5913631111, -86.4382627286 32.5913701105, -86.4385307293 32.5913781105, -86.4401347296 32.5913801109, -86.4403617294 32.5913861105, -86.4413287298 32.5913751103, -86.4447427304 32.5913661105, -86.4480727312 32.5913461104, -86.4484137317 32.5913381104, -86.4486697318 32.59131611, -86.4490067321 32.5912651104, -86.4493377316 32.5911921103, -86.4497467319 32.5910801098, -86.4499057319 32.59102911, -86.4502157324 32.5909051099, -86.4504407325 32.5907981104, -86.451469732 32.5902861098, -86.4536597331 32.5891731098, -86.4544587333 32.5887581097, -86.4560877338 32.5879281089, -86.4569717335 32.5874571087, -86.4573807337 32.5872301092, -86.4577287339 32.5870231093, -86.4585647339 32.586495109, -86.460241735 32.5853811082, -86.4607027351 32.5850601083, -86.4610257351 32.5848231084, -86.4615267346 32.5844321082, -86.4625527355 32.5835681078, -86.4636877353 32.5825891079, -86.4642447357 32.5821531078, -86.4647787356 32.5817071079, -86.4648957358 32.5816011072, -86.4652057363 32.5813501075, -86.4654827363 32.5811781074, -86.4657727358 32.5810231072, -86.4660777363 32.5808921074, -86.4663867361 32.5807871071, -86.4680737363 32.580249107, -86.4683857365 32.5801321067, -86.468690737 32.5799991073, -86.468982737 32.5798521069, -86.4692677366 32.579693107, -86.4695427369 32.5795231066, -86.4698767368 32.5792871071, -86.470337737 32.5802221072, -86.4746977389 32.5888621091, -86.4755267393 32.5905171092, -86.4758177396 32.5911241092, -86.4762137394 32.5920051091, -86.4765237399 32.5927561094, -86.4768857394 32.59372211, -86.4771197398 32.5944171097, -86.4773167403 32.5950511097, -86.47755474 32.5958891099, -86.4776457402 32.59624611, -86.4778307401 32.5970281101, -86.4779457407 32.5975981103, -86.4780867402 32.5983891106, -86.4781937404 32.5991031106, -86.4791307407 32.6065361121, -86.4793367415 32.6079851125, -86.4794297414 32.6084831126, -86.4795217414 32.6089061129, -86.4795767417 32.6091191129, -86.4797467415 32.6096761131, -86.4798887418 32.6100961128, -86.4801947413 32.6108491134, -86.480385742 32.6112501131, -86.480554742 32.6115821137, -86.4807367416 32.6119081134, -86.4809707419 32.6123011139, -86.4811227423 32.6125221138, -86.4814687419 32.6130561141, -86.4840067431 32.6168461145, -86.4865477437 32.6206241149, -86.4877547444 32.6224581154, -86.4880747441 32.6229711154, -86.4886857449 32.6240101154, -86.489300745 32.625138116, -86.4896617447 32.6258611162, -86.4900927456 32.6268031165, -86.4904307457 32.6276211168, -86.4906167455 32.6281061168, -86.4908397459 32.6287281171, -86.4910677455 32.6294281167, -86.4911947458 32.6298491169, -86.4913717453 32.6304861169, -86.4915157462 32.6310541173, -86.4916747462 32.6317661176, -86.4928067465 32.6373201186, -86.4930017465 32.6381701188, -86.4932097469 32.639015119, -86.4934167466 32.639787119, -86.4935977472 32.6404201193, -86.493850747 32.6412591194, -86.4941247475 32.6420991191, -86.4954027474 32.64584212, -86.4965067481 32.6490321212, -86.4969397487 32.6502051208, -86.4971607486 32.650754121, -86.4972367488 32.6509631209, -86.4978787487 32.6525331214, -86.4984397493 32.6538221216, -86.498774749 32.6545651217, -86.4993787492 32.6558481223, -86.5002367499 32.6575531223, -86.4999517495 32.6575341225, -86.4996087494 32.6574941225, -86.4985087489 32.6573851227, -86.4974117487 32.6572911225, -86.4970717489 32.6572751229, -86.4967307484 32.6572801228, -86.4963907487 32.6572951226, -86.4960487484 32.6573261227, -86.4957947479 32.6573591225, -86.4954597482 32.6574211227, -86.492972748 32.6579471227, -86.4925537477 32.6580081226, -86.492090747 32.6580411229, -86.4916987473 32.6580371229, -86.4914427473 32.6580201228, -86.491187747 32.6579891229, -86.4908537471 32.6579251227, -86.4896967466 32.6576411232))
POLYGON ((-86.5547297678 32.706939131, -86.5555297679 32.7053401312, -86.5558617681 32.7046511309, -86.5560187676 32.7043861307, -86.5561827676 32.7045331306, -86.5564657684 32.7048171307, -86.5567027682 32.7050281305, -86.5569427684 32.705221131, -86.5571497681 32.7053491309, -86.5572777681 32.7050441306, -86.5573507679 32.7048301307, -86.5574127678 32.7046191305, -86.5574267681 32.7044751309, -86.5574107682 32.7043161308, -86.5573697682 32.7041941307, -86.557278768 32.7040191306, -86.5570897678 32.7037561302, -86.5570587678 32.7034581302, -86.5570717683 32.7033841301, -86.5572087676 32.7028851299, -86.5572567682 32.7027461302, -86.5576557684 32.7018651297, -86.5577667678 32.7015911303, -86.5578907686 32.7012451298, -86.5579707681 32.70096413, -86.5580517683 32.7005391293, -86.5580947679 32.7003981295, -86.5581837685 32.7001961296, -86.5582647678 32.7000721296, -86.558355768 32.6999531293, -86.5586647687 32.6996071292, -86.5587837685 32.6995011297, -86.5588507685 32.6994551296, -86.5589227685 32.6994141294, -86.5590747688 32.6993481291, -86.5595387684 32.6991661293, -86.5596867685 32.6990981294, -86.5601877689 32.698824129, -86.560263769 32.6987901293, -86.560422769 32.6987351292, -86.5605047691 32.6987181293, -86.5607577688 32.6986851289, -86.5610137689 32.6986611289, -86.5616067692 32.6986511292, -86.5616897691 32.6986451292, -86.5618487691 32.6986101293, -86.5619197692 32.6985751294, -86.561977769 32.6985261292, -86.5620227692 32.6984651289, -86.5620857689 32.6983301289, -86.5621067688 32.6982601288, -86.5621787688 32.6978251291, -86.5622997692 32.6973271289, -86.5623387695 32.6971141288, -86.5623867692 32.6967001289, -86.5623867692 32.6966331288, -86.5623617691 32.6965681289, -86.5623027696 32.6965171288, -86.5622257696 32.696478129, -86.5618247688 32.6963221288, -86.5615987688 32.6962181287, -86.5613087684 32.6960701285, -86.5611577688 32.6960081287, -86.560997769 32.6959541286, -86.5605217688 32.6958131283, -86.5604377682 32.6958001285, -86.5603537685 32.6957971288, -86.5602697689 32.6958071289, -86.5601877689 32.6958281284, -86.5600277681 32.6958841289, -86.5597937687 32.6959801289, -86.5596297686 32.6960251283, -86.5595437684 32.6960381289, -86.5593727687 32.6960461286, -86.5592877683 32.6960351284, -86.5592157684 32.6960161285, -86.5591267687 32.6959831286, -86.5590517683 32.6959481284, -86.5589117686 32.6958661284, -86.5587137682 32.6957291286, -86.558591768 32.6956301287, -86.558191768 32.6952621287, -86.5580107682 32.6951041283, -86.5578977683 32.6949921285, -86.5577957682 32.6948741283, -86.5577057678 32.6947471287, -86.5576357674 32.6946141287, -86.5575857681 32.6944741287, -86.5574877673 32.694120128, -86.5574097675 32.6939121279, -86.5572927673 32.6936441286, -86.5568257673 32.6926651282, -86.5567827677 32.6926071283, -86.5567317676 32.6925551281, -86.5566757675 32.6925231279, -86.5565747672 32.6924961279, -86.5564157672 32.6925211282, -86.5564627671 32.6922511281, -86.5564717673 32.6921021279, -86.5564307673 32.6918821276, -86.5562077668 32.6912491281, -86.5561227673 32.6909671276, -86.5560757675 32.6907541275, -86.5559737674 32.6901091272, -86.5559007667 32.6898281278, -86.555724767 32.6892711276, -86.5556677671 32.6890591275, -86.5556287667 32.6888431273, -86.5556147665 32.6886291272, -86.5556297665 32.6884871272, -86.555662767 32.688345127, -86.5557137671 32.6882061273, -86.5557487672 32.6881391268, -86.5558347666 32.688016127, -86.5559357668 32.6879001271, -86.556488767 32.6873601268, -86.5567037671 32.687132127, -86.5568567673 32.6869571268, -86.5569977668 32.6867761269, -86.5571177674 32.6865831265, -86.5572237668 32.6863881267, -86.5573447672 32.6861211269, -86.5574217672 32.6859161265, -86.5574747669 32.6857081262, -86.5574977673 32.6854941268, -86.5575287673 32.6851241261, -86.5575267677 32.6848941261, -86.557550767 32.684668126, -86.5575737675 32.684297126, -86.5576007673 32.6834921264, -86.5575737675 32.6823381256, -86.5575757672 32.6819791258, -86.557658767 32.6806841252, -86.5576807667 32.6804691256, -86.557704767 32.6803261252, -86.5577807672 32.6800461256, -86.5578317672 32.6799081254, -86.5582267673 32.6790401249, -86.5582747669 32.678903125, -86.5583857673 32.6784301249, -86.5584337669 32.678289125, -86.5584977674 32.6781511251, -86.5585757672 32.6780191249, -86.5586677673 32.6778951251, -86.558828767 32.6777241248, -86.5594397678 32.6771261248, -86.5596427673 32.6768991243, -86.5600977676 32.6763641243, -86.5602347678 32.6761801245, -86.560479768 32.675799124, -86.5609477678 32.6750331243, -86.5610297679 32.6749141238, -86.5610807679 32.6748581237, -86.5611387676 32.6748051241, -86.5612677675 32.6747111241, -86.5616107676 32.6745001238, -86.5621047683 32.6742171236, -86.562239768 32.6741271239, -86.5624947683 32.6739331238, -86.5626097679 32.6738261236, -86.5626597681 32.673769124, -86.5627397685 32.6736451236, -86.5627677681 32.6735751238, -86.5629147684 32.6729381238, -86.5629597677 32.6727981239, -86.5630497681 32.6725931238, -86.5632597682 32.6721961232, -86.5635217681 32.6717451235, -86.5636547682 32.6714801232, -86.5637067681 32.6713441235, -86.5637207683 32.671273123, -86.5637247685 32.6712001231, -86.5637077679 32.6710581234, -86.5636417687 32.6708451234, -86.5635557685 32.670603123, -86.5634547682 32.6704351229, -86.5632257678 32.6701001231, -86.5630747682 32.6699171229, -86.5628767679 32.669806123, -86.5626447681 32.6697091232, -86.5624077682 32.6696211228, -86.5622557679 32.6695481231, -86.5621857676 32.669506123, -86.5620577675 32.6694071227, -86.5619477679 32.6692921226, -86.561849768 32.6691711227, -86.5615827672 32.6688001227, -86.5614397679 32.6686171228, -86.5610327673 32.6681581225, -86.5609437677 32.6680371225, -86.5609037675 32.6679751229, -86.5608377673 32.6678421223, -86.5606947672 32.6674451225, -86.5606577674 32.6673811223, -86.5606127672 32.6673211224, -86.5605587668 32.6672661226, -86.5604937674 32.6672181223, -86.5604337671 32.6671871226, -86.5602657669 32.6671151222, -86.5601047672 32.6670591225, -86.5599387666 32.6670141221, -86.5594407667 32.6669221224, -86.5592787672 32.6668821228, -86.5592017672 32.6668521227, -86.5591297664 32.6668151222, -86.5590657668 32.6667681222, -86.5590107665 32.666713122, -86.5589267669 32.6665861225, -86.5588657668 32.6664471222, -86.5587367669 32.6661001219, -86.5585607663 32.665700122, -86.5583917662 32.6653751222, -86.5581947666 32.665056122, -86.5579097662 32.6646181223, -86.5575657662 32.6641381217, -86.5574517664 32.6639481216, -86.5573887658 32.6638071214, -86.5573637665 32.6637341215, -86.5573287664 32.6635871217, -86.5573077665 32.6634411214, -86.5573037663 32.6632981217, -86.5573167658 32.6626391214, -86.5573017657 32.6619881213, -86.5573187663 32.660831121, -86.5573407661 32.6603281212, -86.5573647655 32.6594031206, -86.5573607662 32.6590731208, -86.557371766 32.6585221206, -86.5573837657 32.6570691207, -86.5574087659 32.6556311199, -86.5573967653 32.6544691196, -86.5574037658 32.6541791198, -86.5574297658 32.6538191197, -86.5574567655 32.6536021199, -86.5576957659 32.6523211195, -86.557992766 32.6511991191, -86.5580527654 32.6509151187, -86.5580847661 32.6506301189, -86.5580687653 32.6499961192, -86.5580877655 32.6497791185, -86.5582007655 32.6491381185, -86.5581957655 32.6489271184, -86.5581527658 32.6487131186, -86.5580757658 32.6485001183, -86.5577637657 32.6478131181, -86.5576797651 32.6476071182, -86.5576357656 32.647467118, -86.5575107651 32.6469761181, -86.5574817656 32.6467641181, -86.5574487651 32.6461191179, -86.5574257656 32.6450291175, -86.5574267654 32.6442421176, -86.5574417655 32.6435191177, -86.5574567646 32.643234117, -86.557464765 32.6428801174, -86.5574627654 32.6424481173, -86.5574477653 32.6418641173, -86.557454765 32.6412161173, -86.5574327652 32.6405691171, -86.5574567646 32.6392831166, -86.5574507648 32.6388601168, -86.557454765 32.6379971165, -86.5573597646 32.6375971164, -86.5565487646 32.6373891164, -86.5563367649 32.6372591159, -86.5562057645 32.637066116, -86.556172764 32.6369191162, -86.5562017643 32.636626116, -86.5563347644 32.635824116, -86.5565507643 32.6347481154, -86.5567057641 32.6340511152, -86.5568557648 32.6335581156, -86.556972764 32.6332041155, -86.5570547641 32.6329981153, -86.5572207646 32.6326631151, -86.5574877646 32.6323821152, -86.5586687644 32.6313491148, -86.5589467652 32.6310741145, -86.5590817649 32.6306651148, -86.5590817649 32.6303001147, -86.5590907651 32.6301621149, -86.5591297646 32.6298351142, -86.5585537648 32.6296941148, -86.5582327644 32.6295961144, -86.5579927642 32.6295111143, -86.5575257642 32.6293231143, -86.5572227643 32.6291821141, -86.5568477644 32.6289931147, -86.5563587637 32.628693114, -86.5548547639 32.6275391138, -86.5545437635 32.6272941144, -86.5538947631 32.626841114, -86.5533957633 32.6265291138, -86.5526347627 32.6261121138, -86.5516037627 32.6255821135, -86.5513017625 32.6254391137, -86.5506797618 32.6251681134, -86.5503617618 32.6250371139, -86.5500107622 32.6249271137, -86.5497617618 32.6248261136, -86.5481937614 32.6243381133, -86.5477967618 32.6242041134, -86.5474167609 32.624040114, -86.5471247609 32.6238861133, -86.5468487607 32.6237141139, -86.5466487607 32.6235711135, -86.5463997611 32.6233681137, -86.5461657608 32.6231491138, -86.5457467605 32.6227731131, -86.5460677609 32.6223191131, -86.5474797607 32.620252113, -86.5475947612 32.6200561127, -86.547662761 32.619924113, -86.5477507608 32.6197181125, -86.5478007611 32.6195791127, -86.5478417611 32.6194391125, -86.5478927611 32.6191511123, -86.5479147609 32.6188631128, -86.547913761 32.6184291126, -86.5477047608 32.6147551115, -86.5476397605 32.6134581117, -86.5476357612 32.6131691117, -86.5476447605 32.6128791111, -86.5476667612 32.6125921114, -86.5476947608 32.6123761111, -86.5478447606 32.611517111, -86.5486007611 32.6078151098, -86.5486967605 32.6073181102, -86.5487647612 32.6068871097, -86.5488407604 32.60624311, -86.5488697607 32.60588311, -86.5488967605 32.6050921093, -86.5489577606 32.6027761087, -86.5490057603 32.6014591087, -86.5490227609 32.6003881082, -86.5490547607 32.599660108, -86.5490747608 32.5994411084, -86.5491247601 32.5990811083, -86.5491627607 32.5988661084, -86.5492097605 32.5986521078, -86.5495557601 32.5973841082, -86.5496607606 32.5969611079, -86.5497147601 32.5966761074, -86.5497557601 32.5963901077, -86.5497837606 32.5961021076, -86.5498047605 32.5956701072, -86.5498037607 32.5953071077, -86.5497597603 32.5947341072, -86.5494687601 32.5926521069, -86.5494187598 32.5922211071, -86.5493857602 32.5918611067, -86.5493637605 32.5914281065, -86.5493557601 32.5907801061, -86.5493627598 32.5904201067, -86.5493867601 32.5899881062, -86.5494387599 32.5893821059, -86.5495187603 32.5888091061, -86.5496167602 32.588249106, -86.5496767605 32.5879601056, -86.5498167602 32.5873921059, -86.5498957599 32.5871081058, -86.5500017602 32.5867591054, -86.5500957599 32.5864811055, -86.5513557603 32.5830251044, -86.5516467605 32.5822011045, -86.5517757604 32.5817841041, -86.55192676 32.5812211042, -86.5520327603 32.5807261045, -86.5521197603 32.5802281038, -86.5521517601 32.5800131041, -86.5521957605 32.5795821041, -86.5522317605 32.5790031041, -86.5522427604 32.5787141034, -86.5522437602 32.578426104, -86.5522357607 32.5781371037, -86.5522207606 32.5778501032, -86.5521757604 32.5772731033, -86.5520047598 32.5752631033, -86.5519197603 32.5744051025, -86.5518687603 32.5739831028, -86.5523907605 32.5740661026, -86.5527227599 32.574142103, -86.5536977607 32.5744121025, -86.5541867605 32.5745401027, -86.5545127609 32.5746181027, -86.5556677608 32.5748661031, -86.5562367609 32.5749991026, -86.5571657617 32.5752411027, -86.5576557621 32.5753611026, -86.557902762 32.5754091029, -86.5580707622 32.5754351027, -86.5584097622 32.575477103, -86.5589227622 32.5755071028, -86.5600287626 32.5755311025, -86.5608827622 32.5755391024, -86.5630197635 32.5755951026, -86.5668487641 32.5756571026, -86.5681357643 32.5756901022, -86.5713857656 32.5757471023, -86.5737427662 32.575713102, -86.5738827659 32.5757021021, -86.5743117663 32.5756931022, -86.5785827677 32.5756181023, -86.5790967675 32.5756211023, -86.5792677681 32.5756281022, -86.5794357674 32.575643102, -86.5797737675 32.5756861023, -86.5801077684 32.5757421024, -86.581099768 32.5759591024, -86.584808769 32.576817102, -86.5853867693 32.5769401019, -86.5858067695 32.5770031018, -86.5859757695 32.577022102, -86.5862297699 32.5770421023, -86.58674277 32.5770641024, -86.5890467708 32.577106102, -86.5893867706 32.5771011021, -86.5895557706 32.5770891017, -86.589722771 32.5770671023, -86.5898887707 32.5770351017, -86.5900517709 32.576994102, -86.5902117707 32.5769451018, -86.5903667714 32.5768851018, -86.5905177711 32.576817102, -86.5906607712 32.5767411016, -86.5912497714 32.5763801019, -86.5938777721 32.5747231011, -86.5940187716 32.5746431012, -86.5943897722 32.5744631011, -86.5946207722 32.5743731016, -86.5948637719 32.5743001014, -86.5949467717 32.5742811013, -86.5951157718 32.5742551012, -86.5953717719 32.5742301011, -86.5972447727 32.5741741009, -86.5986057734 32.5741491008, -86.5992367734 32.5741521008, -86.5998827735 32.5741631008, -86.6011227738 32.5742141011, -86.6020127742 32.5742411012, -86.6023547745 32.5742461012, -86.6026917739 32.5742421012, -86.6031167741 32.5742221011, -86.603793775 32.5741661009, -86.6039737749 32.5741461008, -86.6072447753 32.5736621007, -86.6075837753 32.5736201003, -86.6080937758 32.5735891007, -86.6086047762 32.5735711005, -86.6092867762 32.5735621004, -86.6109897763 32.5735721005, -86.6115007767 32.5735661004, -86.6120057772 32.5735411001, -86.6123257768 32.5735011004, -86.6126707775 32.5734301003, -86.6127137772 32.5735471002, -86.6127297771 32.5736241003, -86.6127157768 32.5745771004, -86.6127187772 32.5756571011, -86.6127387773 32.5760221007, -86.6127617778 32.5771081012, -86.6127577776 32.5792741017, -86.6127687774 32.5803491022, -86.6127597772 32.5810601023, -86.6127647772 32.5830371025, -86.6127967779 32.5848491031, -86.6127957781 32.5855721032, -86.6128187777 32.5870151036, -86.6128137776 32.5882461035, -86.6128187777 32.5883891035, -86.6128377779 32.5885301037, -86.6128727781 32.5886721035, -86.6129257778 32.5888091039, -86.6129947783 32.588941104, -86.6131527785 32.5891991041, -86.613401778 32.5895771038, -86.6134747778 32.5897061041, -86.6135407779 32.589841104, -86.613596778 32.5899791039, -86.613683778 32.5902601038, -86.6139227784 32.5911781038, -86.6142487788 32.5925901042, -86.614596779 32.5940001048, -86.614883779 32.595276105, -86.6149067786 32.5954191052, -86.6149367787 32.595708105, -86.6149447791 32.5959981052, -86.6149237792 32.5962851051, -86.6148877792 32.5965711052, -86.6147637794 32.5973011058, -86.6146867785 32.5977041058, -86.6145027793 32.5984141055, -86.6144007792 32.5986901059, -86.6143417787 32.5988241062, -86.6142727791 32.598956106, -86.6141107787 32.5992091058, -86.6139307788 32.5994521061, -86.6137277784 32.599686106, -86.6130547786 32.600422106, -86.6128827781 32.6005831064, -86.6127557788 32.600681106, -86.6126147784 32.6007611061, -86.6124557783 32.600816106, -86.6122877781 32.600847106, -86.6121157786 32.600860106, -86.610574778 32.6008601067, -86.6096347773 32.6008671062, -86.6094647774 32.6008721062, -86.6088977779 32.6009121066, -86.6086787776 32.6009191061, -86.6077457775 32.6009171067, -86.6068907771 32.6009241069, -86.606034777 32.6009371068, -86.6051747767 32.6009601069, -86.6046517766 32.6009501068, -86.6043997758 32.6009551069, -86.6043867763 32.601490107, -86.6043927761 32.6025621068, -86.6043877761 32.6032901069, -86.604408776 32.6058161076, -86.6044147768 32.607985108, -86.6044097768 32.6087081082, -86.604423777 32.6105211085, -86.6044177771 32.6108861091, -86.6044227772 32.6117791087, -86.6044127771 32.6120931088, -86.6044177771 32.6137281093, -86.6044247768 32.6140891092, -86.6044407767 32.6187281105, -86.6044507768 32.6190881103, -86.6047977771 32.6190771105, -86.6062377774 32.6190651104, -86.6068377774 32.6190741105, -86.6072617778 32.6190901101, -86.6079487778 32.6190951106, -86.6102747784 32.6190511105, -86.6145517797 32.6190131104, -86.6153897803 32.61901711, -86.616688781 32.6190031101, -86.6171157808 32.6190091102, -86.6177007808 32.6190011103, -86.6195007818 32.6190261101, -86.6202527813 32.61902311, -86.6216247818 32.6189951095, -86.6226957821 32.61901711, -86.6231327828 32.6190011096, -86.6248507829 32.6189861094, -86.6262347832 32.6190011096, -86.6287937843 32.6189831094, -86.6300717842 32.6189611097, -86.6321977847 32.6189521096, -86.6330457854 32.6189431095, -86.6364777864 32.6188811092, -86.6389577869 32.6188161095, -86.639803787 32.6187881089, -86.6427837881 32.6187251089, -86.6429477881 32.6187181093, -86.6432757882 32.618691109, -86.6434417878 32.6186731088, -86.6436077884 32.6186461092, -86.6437697879 32.6186011093, -86.6439207884 32.6185331086, -86.6440577887 32.6184491089, -86.6441827884 32.6183521086, -86.6442937887 32.618241109, -86.6446767881 32.6177611091, -86.6447777884 32.6176471087, -86.6448997886 32.6175461087, -86.6451367884 32.6174571089, -86.645307789 32.6174461089, -86.6457357886 32.6174691085, -86.6459067883 32.6174721086, -86.6463357887 32.6174601083, -86.6468507892 32.6174361084, -86.6470227888 32.6174361084, -86.647708789 32.6174741084, -86.6482237896 32.6174951089, -86.6485557899 32.6175331089, -86.6487147899 32.6175601088, -86.6488687899 32.6175961082, -86.6490097894 32.6176691087, -86.6491507899 32.6178521084, -86.6493407899 32.6183441088, -86.6494027898 32.6184801089, -86.6495457899 32.6187471087, -86.6497057897 32.6190031086, -86.64988379 32.6192541087, -86.6499807901 32.6193721089, -86.6500867904 32.6194871089, -86.6501997904 32.619597109, -86.6504387899 32.6198041093, -86.6505617899 32.6199011087, -86.6506937901 32.6199911093, -86.6508347906 32.6200751091, -86.6509827907 32.6201501089, -86.6515097901 32.6203961091, -86.6518017902 32.6205441091, -86.6520927904 32.6206781091, -86.6522437909 32.620740109, -86.6525507911 32.6208481094, -86.6527627908 32.6209641092, -86.6528657907 32.621058109, -86.6529607911 32.621176109, -86.6530347908 32.6213141091, -86.6530647909 32.6213841089, -86.6531367909 32.6215971094, -86.6532727913 32.6219411093, -86.6533677909 32.6221441092, -86.6534057914 32.6222091096, -86.6534957909 32.6223301095, -86.6536037909 32.6224441093, -86.6537317909 32.6225381097, -86.653946791 32.6226581098, -86.6540957909 32.6227261096, -86.6545577918 32.6229041092, -86.6547147913 32.6229561092, -86.6548767916 32.6229981092, -86.6552087919 32.6230621094, -86.6553787918 32.6230751092, -86.6555507913 32.6230671097, -86.6557187915 32.6230421096, -86.6558837923 32.6230071096, -86.656213792 32.6229251092, -86.6567127918 32.6228211093, -86.6573707925 32.6226621092, -86.6581817924 32.6224411094, -86.6585037926 32.622341109, -86.6589647927 32.6221861089, -86.6590417927 32.6221651095, -86.6592057928 32.622133109, -86.659378793 32.6221271092, -86.6595477931 32.6221571092, -86.6597067931 32.6222131089, -86.6598427926 32.6222991094, -86.6599497928 32.6224141094, -86.6600257929 32.6225441096, -86.660163793 32.6228111093, -86.660286793 32.6230831094, -86.6603417933 32.6232211096, -86.6603787931 32.6233631096, -86.6604117936 32.6236541097, -86.6604487934 32.6240901099, -86.6604737935 32.6242321093, -86.6605087928 32.6243761096, -86.6605567934 32.6245141093, -86.6606207929 32.6246481095, -86.6607787931 32.6249051094, -86.6608697934 32.6250281099, -86.6609707937 32.6251441096, -86.6610787936 32.6252561099, -86.6614317938 32.6255691095, -86.6616547934 32.6257871101, -86.6617557936 32.6259031096, -86.661994794 32.6262021097, -86.6621497938 32.62637611, -86.662261794 32.6264851098, -86.6623807938 32.6265881098, -86.662507794 32.6266841101, -86.6626407941 32.6267761103, -86.6629147937 32.6269481099, -86.6640277947 32.62761211, -86.6641717946 32.6276881104, -86.6643227943 32.6277581105, -86.6644767942 32.62782011, -86.6646357942 32.6278731103, -86.6647977946 32.6279181101, -86.6646187945 32.62814911, -86.6645397949 32.6282191105, -86.6645157946 32.6282331105, -86.6644017948 32.6282601102, -86.6640037944 32.6283071101, -86.6638977941 32.6283341105, -86.6637917947 32.6284091102, -86.6636117939 32.6285801102, -86.6635877945 32.6286171106, -86.6634817942 32.6287241104, -86.663472794 32.6287591104, -86.6634947946 32.6289011108, -86.6635457947 32.6289721108, -86.6640067948 32.6293791104, -86.6640467941 32.6294751107, -86.6640307942 32.6295371105, -86.6639077942 32.6296881109, -86.663805794 32.6299251109, -86.6637437941 32.6301481107, -86.6636947946 32.6302031106, -86.6635967947 32.6302851104, -86.6635557947 32.6302911104, -86.6634747945 32.6302851104, -86.6634097942 32.6302461104, -86.663287794 32.6301871107, -86.6631657947 32.630167111, -86.6630117938 32.6301591107, -86.6626457941 32.630189111, -86.6625927944 32.6302101108, -86.6625647939 32.6302131105, -86.662507794 32.6302511111, -86.6624547943 32.6302751105, -86.6623197937 32.6303671108, -86.6622097941 32.6304181109, -86.6621407936 32.6304661105, -86.6620017937 32.6305951109, -86.6619937942 32.6306571107, -86.6620097941 32.6307471111, -86.6620657942 32.6308151109, -86.6620577938 32.6308431107, -86.6620087943 32.6308851108, -86.661943794 32.6309191107, -86.6618947936 32.6309331109, -86.6618217938 32.6309671107, -86.6617157935 32.630987111, -86.6614967941 32.6309801109, -86.6611427941 32.6309891113, -86.6610617939 32.630981111, -86.6607237938 32.6310331108, -86.6605937932 32.6310731113, -86.6603577932 32.6312231113, -86.6601047935 32.6314901109, -86.6600877937 32.6315261115, -86.6600147931 32.6316251113, -86.6597047934 32.6319261115, -86.6593287937 32.6322451111, -86.6589047934 32.6325631118, -86.6587747928 32.6326271112, -86.6587507934 32.6326271112, -86.6587257933 32.6326491113, -86.6586767929 32.6326611111, -86.658619793 32.6327001116, -86.6583797928 32.6328191115, -86.6578537932 32.6331961117, -86.657808793 32.6332161115, -86.6576667927 32.6333191114, -86.6575037925 32.6334071119, -86.6569577929 32.6336801117, -86.656900793 32.6336941115, -86.6568677925 32.633715112, -86.6567947927 32.6337421116, -86.6565997927 32.6338041115, -86.6561887928 32.6339161116, -86.6559977921 32.6339461122, -86.6558877925 32.6339771121, -86.6554447919 32.6340541117, -86.6552977925 32.6341021116, -86.6550897921 32.6342251116, -86.6548897921 32.634423112, -86.6547757923 32.6345541122, -86.6547677919 32.6345891122, -86.6547347923 32.634630112, -86.6546607917 32.6348361122, -86.6545487925 32.6353201124, -86.6545277917 32.6354471125, -86.6544827924 32.6355601121, -86.6544617924 32.6356941124, -86.6544087918 32.6358351123, -86.6543747924 32.6360301127, -86.6543547923 32.6360721126, -86.6543297922 32.6360921125, -86.6543217918 32.636127112, -86.6542887922 32.6361681126, -86.6542147917 32.6363191123, -86.6540267923 32.6365521127, -86.6540107924 32.6365861126, -86.6539537916 32.6366341127, -86.6538717915 32.6367411127, -86.6537417918 32.6368671122, -86.6530877914 32.6377271127, -86.6529567918 32.6378611128, -86.6529317917 32.6378991124, -86.6526307914 32.6381561128, -86.6524507915 32.6382781132, -86.6522927913 32.6383601131, -86.6518517913 32.6386971133, -86.6515547912 32.6389051133, -86.651268791 32.6392001129, -86.6507877916 32.6396071129, -86.6507467916 32.639635113, -86.6506737909 32.6396481134, -86.650493791 32.6397671131, -86.6504087915 32.6398061135, -86.6503467916 32.6398531133, -86.6501437912 32.6400451133, -86.6500207912 32.6401861131, -86.6498327909 32.6403471131, -86.6496617911 32.6404731136, -86.6495107906 32.6405441136, -86.649400791 32.6406201136, -86.6492507912 32.6406951135, -86.6491487911 32.6407781135, -86.6490347904 32.6408871139, -86.6490097912 32.6409831139, -86.6489887904 32.6410281139, -86.6489177912 32.6414641134, -86.6488447905 32.6415641136, -86.6488117909 32.6415941139, -86.6487867907 32.6416561136, -86.6487707908 32.6417251134, -86.6486067908 32.6419311139, -86.6486067908 32.641951114, -86.6485737912 32.6420341136, -86.6485327912 32.6420751138, -86.6483617906 32.6423031143, -86.6481577904 32.6424791142, -86.6478557903 32.6426971137, -86.6474887907 32.643054114, -86.6474147902 32.6431361141, -86.64725179 32.6433491144, -86.6472187904 32.6434371141, -86.6471857908 32.6434791144, -86.6471617905 32.6435411143, -86.6471367904 32.643569114, -86.6471207905 32.6436171141, -86.64708779 32.6436511144, -86.6470877909 32.6436721141, -86.64704679 32.6437131142, -86.6470387905 32.6437401146, -86.64696479 32.6438421145, -86.6469567905 32.6438761139, -86.6468997906 32.6439461142, -86.6468497903 32.6440621144, -86.64678479 32.6441521142, -86.6467517904 32.644234114, -86.6466867901 32.6443231144, -86.6466787906 32.6443511145, -86.6461637901 32.6450191147, -86.6461387899 32.6450431148, -86.6461387899 32.6450641149, -86.6460977899 32.6451051144, -86.6460897904 32.6451311144, -86.6459757906 32.6452891147, -86.6459017901 32.645482115, -86.64587679 32.6455371146, -86.6458437904 32.6455781147, -86.64583579 32.6456131149, -86.64579479 32.6456601147, -86.6457867905 32.6456881145, -86.64575379 32.6457161149, -86.6456317898 32.6458661145, -86.6456317898 32.6458871144, -86.6455907898 32.6459281151, -86.6455907898 32.645949115, -86.6455497898 32.6459901149, -86.6454177904 32.6463331148, -86.6453847899 32.6465051146, -86.6453357904 32.6465661147, -86.6453597898 32.6465941149, -86.6453677902 32.6466141148, -86.6453297897 32.6470371149, -86.6453087897 32.6471991154, -86.6451937901 32.6473291151, -86.6450387903 32.647559115, -86.6449167901 32.6477031148, -86.6447117901 32.6478981151, -86.6444997904 32.6480751154, -86.64439379 32.648151115, -86.6443537899 32.6481651157, -86.6441417902 32.648314115, -86.6440807901 32.648348115, -86.6439787899 32.6484271157, -86.6436357898 32.6487471155, -86.6436187901 32.6487811153, -86.6429827892 32.6493151156, -86.6428117895 32.6494791156, -86.642721789 32.6495961153, -86.6425897897 32.6499321156, -86.6425657894 32.6499601155, -86.6425487897 32.6500081159, -86.6425057891 32.6500561156, -86.6425017898 32.6500751155, -86.6423757894 32.6502071161, -86.6423697896 32.6502411162, -86.6422137891 32.6503991157, -86.6421977892 32.6504331157, -86.6421737898 32.6504601156, -86.6421077897 32.6506391158, -86.6420487892 32.6511751162, -86.641998789 32.6512831161, -86.6419417891 32.6513451159, -86.6417947897 32.6515451161, -86.6416927896 32.6516681163, -86.6415987889 32.6518121163, -86.6415817892 32.6518661159, -86.6415487896 32.6519021159, -86.6415487896 32.651922116, -86.6415087894 32.6519631162, -86.641377789 32.6521591161, -86.6409207891 32.6525391161, -86.6408557888 32.652600116, -86.6407087894 32.6526681165, -86.6406357887 32.6526821164, -86.6405947887 32.6527031163, -86.6404887893 32.6527161163, -86.6404277892 32.6527331166, -86.6402857889 32.6527501161, -86.6401307891 32.6527911167, -86.6400247887 32.6528791162, -86.6399967892 32.6529521167, -86.6399747885 32.6531751165, -86.6399337885 32.6532251165, -86.6397587886 32.6533871164, -86.6397297892 32.6534321169, -86.6396237889 32.6535311167, -86.639607789 32.6535711163, -86.6395747885 32.6536001164, -86.6395507891 32.6536331168, -86.6395097891 32.6537171168, -86.639484789 32.6537431165, -86.6394397888 32.6539291169, -86.6393447883 32.6541281167, -86.6392307885 32.6542241169, -86.6390837891 32.6542991167, -86.6390437889 32.6543061166, -86.6389617889 32.654354117, -86.6388357885 32.6544091171, -86.6388077889 32.6544291167, -86.6387747884 32.6544291167, -86.638709789 32.6544691166, -86.638668789 32.6544691166, -86.6386197886 32.6545031166, -86.6385627887 32.6545241167, -86.6384247886 32.654655117, -86.6384157884 32.6546961167, -86.6383347882 32.6548011173, -86.6381217887 32.6549841166, -86.6380077889 32.6550931171, -86.6379747884 32.6551761173, -86.6379667889 32.6552371169, -86.6379177885 32.6552851168, -86.6379337883 32.6553191172, -86.637827788 32.655409117, -86.6377017885 32.6554771169, -86.6375667879 32.6555921174, -86.6375497882 32.6556821169, -86.6375907882 32.6557301173, -86.6376067881 32.6557651174, -86.6376377881 32.6560951173, -86.6376617884 32.6561711169, -86.6376457885 32.6562111176, -86.6375477886 32.656307117, -86.637514788 32.656404117, -86.6375537884 32.6566381171, -86.637504788 32.6567621176, -86.6374807886 32.6567741172, -86.6374477881 32.6567741172, -86.6373827887 32.6568161173, -86.6373177884 32.6568711174, -86.6372477881 32.6570491172, -86.6372347886 32.6571461178, -86.6371937886 32.6571871171, -86.6371857882 32.6572211175, -86.6371857882 32.6572551172, -86.6372177879 32.6573931176, -86.6372647887 32.6576611176, -86.6372807886 32.6578061176, -86.6374177889 32.6579641175, -86.6374507885 32.658026118, -86.6374507885 32.6580601173, -86.6373117886 32.6581971174, -86.637278788 32.6582931178, -86.6372937881 32.658507118, -86.6373087882 32.6585861181, -86.6372847888 32.6586651181, -86.6372037886 32.6587711176, -86.6370727882 32.6589101178, -86.6370157883 32.6590341182, -86.6369707881 32.6590831182, -86.6368517882 32.6592471176, -86.6367947883 32.659377118, -86.6367777886 32.6594531179, -86.6366997879 32.6596081184, -86.636555788 32.6599541184, -86.6364417882 32.6601881182, -86.6363017884 32.6605311181, -86.6362237886 32.6607681181, -86.6361737884 32.661053118, -86.6361567887 32.6610841183, -86.6361447881 32.6611281182, -86.636119788 32.6611621186, -86.6361357878 32.6611971181, -86.6360947878 32.6612991185, -86.6360707884 32.661319118, -86.6360627881 32.6613551187, -86.6359887884 32.6614371187, -86.6358907885 32.6615671181, -86.6358417881 32.6616501184, -86.635816788 32.6616771186, -86.6357597881 32.6617661183, -86.6355387882 32.6622391189, -86.6355167884 32.6623181187, -86.6354417881 32.6624311184, -86.6354767882 32.6625071187, -86.6354877881 32.6626111187, -86.6355157877 32.6626901189, -86.6355477884 32.6628331189, -86.635534788 32.6631261187, -86.6354847877 32.6632361188, -86.6353467885 32.6633511191, -86.6352817883 32.663387119, -86.6351747881 32.6634821186, -86.6351007885 32.6637361188, -86.6350757884 32.6639491191, -86.6350907885 32.6642381192, -86.635118788 32.6643301194, -86.635154788 32.6645541193, -86.6351287881 32.6647811195, -86.635103788 32.6649181191, -86.6350797877 32.6649521196, -86.6350587878 32.665062119, -86.6350417881 32.6650931194, -86.635000788 32.6652821196, -86.6349757879 32.6653341191, -86.6349467885 32.6654951193, -86.6349017883 32.6655941193, -86.634882788 32.6656791191, -86.6348157881 32.6658521193, -86.634790788 32.6658801195, -86.6347827885 32.6659141196, -86.6345947882 32.6661541197, -86.634569788 32.6662161198, -86.6345127881 32.6662841198, -86.6345207876 32.6663461198, -86.6344347883 32.6664411193, -86.6341197878 32.6668661196, -86.6340707883 32.6669981197, -86.634000788 32.6671381196, -86.633979788 32.6672931196, -86.6339987883 32.6675781199, -86.6340427878 32.66785012, -86.6340097882 32.6679801199, -86.6339687882 32.6680201198, -86.6337847881 32.6682561199, -86.6335647879 32.6684731204, -86.6335357876 32.6685181201, -86.6334457881 32.6686041199, -86.6332497874 32.6688441202, -86.6332167878 32.6689051203, -86.6331347878 32.6692211205, -86.6331177881 32.6692611199, -86.632830788 32.6696241204, -86.6325137878 32.6699551203, -86.6323497878 32.6701951208, -86.6321417874 32.6704771203, -86.6319657876 32.6706331203, -86.6318847874 32.6706881203, -86.6317667874 32.6707491207, -86.6317297876 32.6707771209, -86.6315577872 32.6709551209, -86.6315297876 32.6710411206, -86.6315247876 32.6710861205, -86.6314927878 32.6711201209, -86.6314347872 32.6713741206, -86.6312917871 32.6723841208, -86.6310697873 32.6729531209, -86.631004787 32.6730291214, -86.6309627872 32.6732071214, -86.6309387878 32.6732621213, -86.6309057873 32.6733101214, -86.6309057873 32.6733311209, -86.6308647873 32.6733721211, -86.6304477875 32.6738931212, -86.6304157868 32.6739411217, -86.6304067875 32.673975121, -86.6303827872 32.6740031217, -86.6303337868 32.674133121, -86.6302717869 32.6742671217, -86.6302587874 32.6743461215, -86.6302537874 32.6747681216, -86.630214787 32.6752461218, -86.6301387877 32.6758161215, -86.630132787 32.6762181215, -86.6301527871 32.6763181221, -86.6302207877 32.6765001216, -86.6302327874 32.6765591218, -86.6303057872 32.676738122, -86.6302477875 32.676944122, -86.6301497876 32.6771361217, -86.6299697877 32.6774001222, -86.6298137871 32.6777041221, -86.6297647876 32.677815122, -86.6297397875 32.6778351224, -86.6297147874 32.677897122, -86.6296337872 32.6780071221, -86.6295597876 32.6781851221, -86.6295347875 32.6782051224, -86.629501787 32.6783091222, -86.6294567877 32.6784081225, -86.6294447871 32.6784671221, -86.6293377869 32.6786921225, -86.6293137875 32.6787141226, -86.629280787 32.6788031227, -86.6292477874 32.6788371225, -86.6292317875 32.6788921227, -86.6291737869 32.6789671223, -86.6291657874 32.6790011227, -86.6291337867 32.6790431222, -86.629116787 32.6790971227, -86.6290837874 32.6791311223, -86.6290017874 32.6793381224, -86.6289777871 32.6793591228, -86.6288627875 32.6796121229, -86.6287397874 32.6799131226, -86.6286327873 32.680217123, -86.6285257872 32.680484123, -86.6284767868 32.6805801229, -86.6284277873 32.6806211227, -86.6284357868 32.6806421228, -86.6284067873 32.6807181228, -86.6282877866 32.6809291228, -86.6281687868 32.6810881229, -86.6279447874 32.6814101228, -86.6276047867 32.6818441228, -86.6272987864 32.6821561229, -86.6271847866 32.6823141235, -86.6271847866 32.6823561229, -86.627110787 32.6824311233, -86.6270947871 32.682479123, -86.627069787 32.6825071233, -86.6270537871 32.6825551236, -86.627028787 32.6825811233, -86.6270207866 32.6826231233, -86.6269957865 32.6826431234, -86.626848787 32.6829861232, -86.6265217868 32.6838081234, -86.6263537866 32.684185124, -86.626289787 32.6842981241, -86.6262657867 32.6843251235, -86.6260277862 32.6846751234, -86.6258807868 32.684962124, -86.6258477862 32.6850041237, -86.6258677863 32.6851421235, -86.6257607862 32.6854791242, -86.6262037868 32.6858181242, -86.6262337869 32.6858851242, -86.6262907868 32.6859331242, -86.6263477867 32.6860031241, -86.6265247872 32.6863191243, -86.6266617866 32.686504124, -86.6267757873 32.6866421245, -86.6269287865 32.6868561242, -86.6269607872 32.6869181243, -86.626992787 32.6870771243, -86.627033787 32.6871251245, -86.6270497869 32.6871731239, -86.627105787 32.6872631241, -86.627146787 32.6873111242, -86.6272427872 32.6874831245, -86.6272677873 32.687511124, -86.6273237874 32.6876131246, -86.6273477868 32.6876411241, -86.6274527873 32.6878611243, -86.6274767876 32.6878891244, -86.6274887873 32.6879371242, -86.6276257875 32.6882991242, -86.6276857869 32.6885501249, -86.627705787 32.6886011243, -86.6277647875 32.6888991247, -86.6277887869 32.6889891247, -86.6278457877 32.6891331243, -86.6279137874 32.6893581251, -86.627967787 32.6898941245, -86.6280197877 32.6902001246, -86.6280437871 32.6902901248, -86.6281717872 32.690592125, -86.6282127872 32.690641125, -86.6282127872 32.6906611248, -86.6282527874 32.6907091253, -86.6282767877 32.6907581253, -86.6283087874 32.6908611247, -86.6283487876 32.6910801251, -86.6283647875 32.6912241251, -86.6283757874 32.6914421252, -86.6284227872 32.6917441253, -86.6284827875 32.6920371255, -86.6285707874 32.6923051252, -86.6285957875 32.6923261255, -86.6285707874 32.6923461257, -86.6286097877 32.6927241253, -86.6287217879 32.6930951257, -86.628854788 32.6934361259, -86.6289027876 32.6936431254, -86.6289167879 32.6940551255, -86.6288917878 32.694289126, -86.6289207881 32.6951051262, -86.6289437876 32.6953401256, -86.6290557878 32.6957801261, -86.6290747881 32.6960311263, -86.6290767877 32.6965431259, -86.6290257877 32.696948126, -86.6289427878 32.6974091261, -86.6289047882 32.6977631267, -86.6289287885 32.6977831264, -86.6288877885 32.6978231265, -86.628854788 32.6979751266, -86.6287727879 32.6982301264, -86.6286127881 32.698628127, -86.6283947877 32.6990321266, -86.6283547884 32.6990731271, -86.6282157876 32.6992691265, -86.6280607877 32.6994191269, -86.6276607877 32.699779127, -86.627602788 32.6998511269, -86.6275457881 32.6999021273, -86.6274647879 32.7000091272, -86.6273987878 32.7000661267, -86.6273337875 32.7001591271, -86.6270887872 32.7003681271, -86.6268647878 32.7005191272, -86.6265747874 32.7007451273, -86.6265177875 32.7008171272, -86.6263957873 32.7009431271, -86.6263787876 32.7009841274, -86.6262197876 32.7011831275, -86.6261587875 32.701271127, -86.6261257879 32.7013611274, -86.6260847879 32.7014231273, -86.6260847879 32.701444127, -86.6260277871 32.7015121274, -86.6260517874 32.7015541276, -86.6260337878 32.7018621272, -86.6260247876 32.7021721275, -86.6260417873 32.7027321275, -86.6260857877 32.7029701275, -86.6263307879 32.7037561279, -86.6263857873 32.7039981277, -86.6264097876 32.7041491277, -86.6263807872 32.7044001278, -86.626355788 32.7044821283, -86.6263217877 32.7046881278, -86.6262797879 32.705080128, -86.6262397877 32.7059561282, -86.6261947875 32.7063871282, -86.6249847873 32.7063991287, -86.6207157865 32.7062661286, -86.6206677859 32.7062661286, -86.6205617865 32.7062661286, -86.6116877835 32.7063561292, -86.6077627826 32.7064121292, -86.5785797745 32.7066971302, -86.5547297678 32.706939131))
POLYGON ((-86.5234947588 32.7049801316, -86.5230227588 32.7041321319, -86.522498758 32.7031471313, -86.5220927581 32.7023531317, -86.5215337581 32.701211131, -86.5207817577 32.6995981312, -86.5122737543 32.6810501272, -86.5119567541 32.680377127, -86.5112787543 32.6789701271, -86.509905753 32.6762351264, -86.5098327532 32.6760771263, -86.5097687536 32.6759721265, -86.5076567524 32.671915125, -86.5074877524 32.6715741251, -86.5002367499 32.6575531223, -86.4993787492 32.6558481223, -86.498774749 32.6545651217, -86.4984397493 32.6538221216, -86.4978787487 32.6525331214, -86.4972367488 32.6509631209, -86.4971607486 32.650754121, -86.4969397487 32.6502051208, -86.4965067481 32.6490321212, -86.4954027474 32.64584212, -86.4941247475 32.6420991191, -86.493850747 32.6412591194, -86.4935977472 32.6404201193, -86.4934167466 32.639787119, -86.4932097469 32.639015119, -86.4930017465 32.6381701188, -86.4928067465 32.6373201186, -86.4916747462 32.6317661176, -86.4915157462 32.6310541173, -86.4913717453 32.6304861169, -86.4911947458 32.6298491169, -86.4910677455 32.6294281167, -86.4908397459 32.6287281171, -86.4906167455 32.6281061168, -86.4904307457 32.6276211168, -86.4900927456 32.6268031165, -86.4896617447 32.6258611162, -86.489300745 32.625138116, -86.4886857449 32.6240101154, -86.4880747441 32.6229711154, -86.4877547444 32.6224581154, -86.4865477437 32.6206241149, -86.4840067431 32.6168461145, -86.4814687419 32.6130561141, -86.4811227423 32.6125221138, -86.4809707419 32.6123011139, -86.4807367416 32.6119081134, -86.480554742 32.6115821137, -86.480385742 32.6112501131, -86.4801947413 32.6108491134, -86.4798887418 32.6100961128, -86.4797467415 32.6096761131, -86.4795767417 32.6091191129, -86.4795217414 32.6089061129, -86.4794297414 32.6084831126, -86.4793367415 32.6079851125, -86.4791307407 32.6065361121, -86.4781937404 32.5991031106, -86.4780867402 32.5983891106, -86.4779457407 32.5975981103, -86.4778307401 32.5970281101, -86.4776457402 32.59624611, -86.47755474 32.5958891099, -86.4773167403 32.5950511097, -86.4771197398 32.5944171097, -86.4768857394 32.59372211, -86.4765237399 32.5927561094, -86.4762137394 32.5920051091, -86.4758177396 32.5911241092, -86.4755267393 32.5905171092, -86.4746977389 32.5888621091, -86.470337737 32.5802221072, -86.4698767368 32.5792871071, -86.4701717373 32.579036107, -86.4703407373 32.578880107, -86.4706477375 32.5785611065, -86.4708277374 32.5783871064, -86.4729497378 32.5761891062, -86.4732287374 32.5759331058, -86.4735217382 32.5756771062, -86.4740167378 32.5752801055, -86.4771237391 32.572843105, -86.4786417392 32.5716581049, -86.4790257393 32.5713681047, -86.4792267392 32.571233105, -86.4794397396 32.5711121049, -86.4796667394 32.5710051045, -86.4800167392 32.5708671049, -86.4802107394 32.5708111048, -86.4803697394 32.5707761048, -86.4805347392 32.5707491044, -86.48086874 32.5707181046, -86.4812097396 32.5707011046, -86.4879407415 32.5705211042, -86.4887147416 32.5705271044, -86.4894887417 32.5705211042, -86.492472743 32.5704371041, -86.4936647436 32.5704091043, -86.4943447431 32.5704091043, -86.4952777441 32.5704371041, -86.4984337449 32.5705751036, -86.4992017452 32.5705881042, -86.4997127447 32.5705791038, -86.5002217454 32.5705581036, -86.5010687453 32.5705061035, -86.5035257463 32.5703331037, -86.5042927467 32.5702851037, -86.507097747 32.5700881038, -86.5074357471 32.5700561037, -86.5077737472 32.5700061034, -86.5081087479 32.5699441033, -86.5085997472 32.5698201035, -86.5090817473 32.5696701037, -86.5103527484 32.5692551034, -86.5106767483 32.5691651033, -86.5111717478 32.5690511031, -86.5115047479 32.5689881029, -86.5120117481 32.5689161029, -86.5123507489 32.5688791029, -86.5128697488 32.5688381033, -86.5130447487 32.5688371032, -86.5133947485 32.5688301027, -86.5137237493 32.5688351031, -86.5142297487 32.5688661028, -86.5155807493 32.5689761029, -86.5160937493 32.5690071026, -86.5166087499 32.5690271031, -86.5169537497 32.5690341028, -86.5174747501 32.5690351028, -86.5181347504 32.5690211027, -86.5209497507 32.5690041024, -86.5223957518 32.5690101028, -86.5232517519 32.5690341028, -86.5237707518 32.5690571027, -86.5294727532 32.5694251028, -86.5316017542 32.5695411026, -86.532623754 32.5695841027, -86.5333027546 32.5696251028, -86.5336437542 32.5696511027, -86.5339807544 32.5696881024, -86.5344847551 32.5697661022, -86.5348177552 32.5698261023, -86.5354727555 32.5699801021, -86.5397117562 32.5710801029, -86.5409567565 32.5713881024, -86.5412117568 32.5714561025, -86.5438277578 32.5720891029, -86.5479297591 32.5731021029, -86.5495717591 32.5734981026, -86.5505647595 32.5737211029, -86.5515737598 32.5739321024, -86.5518687603 32.5739831028, -86.5519197603 32.5744051025, -86.5520047598 32.5752631033, -86.5521757604 32.5772731033, -86.5522207606 32.5778501032, -86.5522357607 32.5781371037, -86.5522437602 32.578426104, -86.5522427604 32.5787141034, -86.5522317605 32.5790031041, -86.5521957605 32.5795821041, -86.5521517601 32.5800131041, -86.5521197603 32.5802281038, -86.5520327603 32.5807261045, -86.55192676 32.5812211042, -86.5517757604 32.5817841041, -86.5516467605 32.5822011045, -86.5513557603 32.5830251044, -86.5500957599 32.5864811055, -86.5500017602 32.5867591054, -86.5498957599 32.5871081058, -86.5498167602 32.5873921059, -86.5496767605 32.5879601056, -86.5496167602 32.588249106, -86.5495187603 32.5888091061, -86.5494387599 32.5893821059, -86.5493867601 32.5899881062, -86.5493627598 32.5904201067, -86.5493557601 32.5907801061, -86.5493637605 32.5914281065, -86.5493857602 32.5918611067, -86.5494187598 32.5922211071, -86.5494687601 32.5926521069, -86.5497597603 32.5947341072, -86.5498037607 32.5953071077, -86.5498047605 32.5956701072, -86.5497837606 32.5961021076, -86.5497557601 32.5963901077, -86.5497147601 32.5966761074, -86.5496607606 32.5969611079, -86.5495557601 32.5973841082, -86.5492097605 32.5986521078, -86.5491627607 32.5988661084, -86.5491247601 32.5990811083, -86.5490747608 32.5994411084, -86.5490547607 32.599660108, -86.5490227609 32.6003881082, -86.5490057603 32.6014591087, -86.5489577606 32.6027761087, -86.5488967605 32.6050921093, -86.5488697607 32.60588311, -86.5488407604 32.60624311, -86.5487647612 32.6068871097, -86.5486967605 32.6073181102, -86.5486007611 32.6078151098, -86.5478447606 32.611517111, -86.5476947608 32.6123761111, -86.5476667612 32.6125921114, -86.5476447605 32.6128791111, -86.5476357612 32.6131691117, -86.5476397605 32.6134581117, -86.5477047608 32.6147551115, -86.547913761 32.6184291126, -86.5479147609 32.6188631128, -86.5478927611 32.6191511123, -86.5478417611 32.6194391125, -86.5478007611 32.6195791127, -86.5477507608 32.6197181125, -86.547662761 32.619924113, -86.5475947612 32.6200561127, -86.5474797607 32.620252113, -86.5460677609 32.6223191131, -86.5457467605 32.6227731131, -86.5461657608 32.6231491138, -86.5463997611 32.6233681137, -86.5466487607 32.6235711135, -86.5468487607 32.6237141139, -86.5471247609 32.6238861133, -86.5474167609 32.624040114, -86.5477967618 32.6242041134, -86.5481937614 32.6243381133, -86.5497617618 32.6248261136, -86.5500107622 32.6249271137, -86.5503617618 32.6250371139, -86.5506797618 32.6251681134, -86.5513017625 32.6254391137, -86.5516037627 32.6255821135, -86.5526347627 32.6261121138, -86.5533957633 32.6265291138, -86.5538947631 32.626841114, -86.5545437635 32.6272941144, -86.5548547639 32.6275391138, -86.5563587637 32.628693114, -86.5568477644 32.6289931147, -86.5572227643 32.6291821141, -86.5575257642 32.6293231143, -86.5579927642 32.6295111143, -86.5582327644 32.6295961144, -86.5585537648 32.6296941148, -86.5591297646 32.6298351142, -86.5590907651 32.6301621149, -86.5590817649 32.6303001147, -86.5590817649 32.6306651148, -86.5589467652 32.6310741145, -86.5586687644 32.6313491148, -86.5574877646 32.6323821152, -86.5572207646 32.6326631151, -86.5570547641 32.6329981153, -86.556972764 32.6332041155, -86.5568557648 32.6335581156, -86.5567057641 32.6340511152, -86.5565507643 32.6347481154, -86.5563347644 32.635824116, -86.5562017643 32.636626116, -86.556172764 32.6369191162, -86.5562057645 32.637066116, -86.5563367649 32.6372591159, -86.5565487646 32.6373891164, -86.5573597646 32.6375971164, -86.557454765 32.6379971165, -86.5574507648 32.6388601168, -86.5574567646 32.6392831166, -86.5574327652 32.6405691171, -86.557454765 32.6412161173, -86.5574477653 32.6418641173, -86.5574627654 32.6424481173, -86.557464765 32.6428801174, -86.5574567646 32.643234117, -86.5574417655 32.6435191177, -86.5574267654 32.6442421176, -86.5574257656 32.6450291175, -86.5574487651 32.6461191179, -86.5574817656 32.6467641181, -86.5575107651 32.6469761181, -86.5576357656 32.647467118, -86.5576797651 32.6476071182, -86.5577637657 32.6478131181, -86.5580757658 32.6485001183, -86.5581527658 32.6487131186, -86.5581957655 32.6489271184, -86.5582007655 32.6491381185, -86.5580877655 32.6497791185, -86.5580687653 32.6499961192, -86.5580847661 32.6506301189, -86.5580527654 32.6509151187, -86.557992766 32.6511991191, -86.5576957659 32.6523211195, -86.5574567655 32.6536021199, -86.5574297658 32.6538191197, -86.5574037658 32.6541791198, -86.5573967653 32.6544691196, -86.5574087659 32.6556311199, -86.5573837657 32.6570691207, -86.557371766 32.6585221206, -86.5573607662 32.6590731208, -86.5573647655 32.6594031206, -86.5573407661 32.6603281212, -86.5573187663 32.660831121, -86.5573017657 32.6619881213, -86.5573167658 32.6626391214, -86.5573037663 32.6632981217, -86.5573077665 32.6634411214, -86.5573287664 32.6635871217, -86.5573637665 32.6637341215, -86.5573887658 32.6638071214, -86.5574517664 32.6639481216, -86.5575657662 32.6641381217, -86.5579097662 32.6646181223, -86.5581947666 32.665056122, -86.5583917662 32.6653751222, -86.5585607663 32.665700122, -86.5587367669 32.6661001219, -86.5588657668 32.6664471222, -86.5589267669 32.6665861225, -86.5590107665 32.666713122, -86.5590657668 32.6667681222, -86.5591297664 32.6668151222, -86.5592017672 32.6668521227, -86.5592787672 32.6668821228, -86.5594407667 32.6669221224, -86.5599387666 32.6670141221, -86.5601047672 32.6670591225, -86.5602657669 32.6671151222, -86.5604337671 32.6671871226, -86.5604937674 32.6672181223, -86.5605587668 32.6672661226, -86.5606127672 32.6673211224, -86.5606577674 32.6673811223, -86.5606947672 32.6674451225, -86.5608377673 32.6678421223, -86.5609037675 32.6679751229, -86.5609437677 32.6680371225, -86.5610327673 32.6681581225, -86.5614397679 32.6686171228, -86.5615827672 32.6688001227, -86.561849768 32.6691711227, -86.5619477679 32.6692921226, -86.5620577675 32.6694071227, -86.5621857676 32.669506123, -86.5622557679 32.6695481231, -86.5624077682 32.6696211228, -86.5626447681 32.6697091232, -86.5628767679 32.669806123, -86.5630747682 32.6699171229, -86.5632257678 32.6701001231, -86.5634547682 32.6704351229, -86.5635557685 32.670603123, -86.5636417687 32.6708451234, -86.5637077679 32.6710581234, -86.5637247685 32.6712001231, -86.5637207683 32.671273123, -86.5637067681 32.6713441235, -86.5636547682 32.6714801232, -86.5635217681 32.6717451235, -86.5632597682 32.6721961232, -86.5630497681 32.6725931238, -86.5629597677 32.6727981239, -86.5629147684 32.6729381238, -86.5627677681 32.6735751238, -86.5627397685 32.6736451236, -86.5626597681 32.673769124, -86.5626097679 32.6738261236, -86.5624947683 32.6739331238, -86.562239768 32.6741271239, -86.5621047683 32.6742171236, -86.5616107676 32.6745001238, -86.5612677675 32.6747111241, -86.5611387676 32.6748051241, -86.5610807679 32.6748581237, -86.5610297679 32.6749141238, -86.5609477678 32.6750331243, -86.560479768 32.675799124, -86.5602347678 32.6761801245, -86.5600977676 32.6763641243, -86.5596427673 32.6768991243, -86.5594397678 32.6771261248, -86.558828767 32.6777241248, -86.5586677673 32.6778951251, -86.5585757672 32.6780191249, -86.5584977674 32.6781511251, -86.5584337669 32.678289125, -86.5583857673 32.6784301249, -86.5582747669 32.678903125, -86.5582267673 32.6790401249, -86.5578317672 32.6799081254, -86.5577807672 32.6800461256, -86.557704767 32.6803261252, -86.5576807667 32.6804691256, -86.557658767 32.6806841252, -86.5575757672 32.6819791258, -86.5575737675 32.6823381256, -86.5576007673 32.6834921264, -86.5575737675 32.684297126, -86.557550767 32.684668126, -86.5575267677 32.6848941261, -86.5575287673 32.6851241261, -86.5574977673 32.6854941268, -86.5574747669 32.6857081262, -86.5574217672 32.6859161265, -86.5573447672 32.6861211269, -86.5572237668 32.6863881267, -86.5571177674 32.6865831265, -86.5569977668 32.6867761269, -86.5568567673 32.6869571268, -86.5567037671 32.687132127, -86.556488767 32.6873601268, -86.5559357668 32.6879001271, -86.5558347666 32.688016127, -86.5557487672 32.6881391268, -86.5557137671 32.6882061273, -86.555662767 32.688345127, -86.5556297665 32.6884871272, -86.5556147665 32.6886291272, -86.5556287667 32.6888431273, -86.5556677671 32.6890591275, -86.555724767 32.6892711276, -86.5559007667 32.6898281278, -86.5559737674 32.6901091272, -86.5560757675 32.6907541275, -86.5561227673 32.6909671276, -86.5562077668 32.6912491281, -86.5564307673 32.6918821276, -86.5564717673 32.6921021279, -86.5564627671 32.6922511281, -86.5564157672 32.6925211282, -86.5565747672 32.6924961279, -86.5566757675 32.6925231279, -86.5567317676 32.6925551281, -86.5567827677 32.6926071283, -86.5568257673 32.6926651282, -86.5572927673 32.6936441286, -86.5574097675 32.6939121279, -86.5574877673 32.694120128, -86.5575857681 32.6944741287, -86.5576357674 32.6946141287, -86.5577057678 32.6947471287, -86.5577957682 32.6948741283, -86.5578977683 32.6949921285, -86.5580107682 32.6951041283, -86.558191768 32.6952621287, -86.558591768 32.6956301287, -86.5587137682 32.6957291286, -86.5589117686 32.6958661284, -86.5590517683 32.6959481284, -86.5591267687 32.6959831286, -86.5592157684 32.6960161285, -86.5592877683 32.6960351284, -86.5593727687 32.6960461286, -86.5595437684 32.6960381289, -86.5596297686 32.6960251283, -86.5597937687 32.6959801289, -86.5600277681 32.6958841289, -86.5601877689 32.6958281284, -86.5602697689 32.6958071289, -86.5603537685 32.6957971288, -86.5604377682 32.6958001285, -86.5605217688 32.6958131283, -86.560997769 32.6959541286, -86.5611577688 32.6960081287, -86.5613087684 32.6960701285, -86.5615987688 32.6962181287, -86.5618247688 32.6963221288, -86.5622257696 32.696478129, -86.5623027696 32.6965171288, -86.5623617691 32.6965681289, -86.5623867692 32.6966331288, -86.5623867692 32.6967001289, -86.5623387695 32.6971141288, -86.5622997692 32.6973271289, -86.5621787688 32.6978251291, -86.5621067688 32.6982601288, -86.5620857689 32.6983301289, -86.5620227692 32.6984651289, -86.561977769 32.6985261292, -86.5619197692 32.6985751294, -86.5618487691 32.6986101293, -86.5616897691 32.6986451292, -86.5616067692 32.6986511292, -86.5610137689 32.6986611289, -86.5607577688 32.6986851289, -86.5605047691 32.6987181293, -86.560422769 32.6987351292, -86.560263769 32.6987901293, -86.5601877689 32.698824129, -86.5596867685 32.6990981294, -86.5595387684 32.6991661293, -86.5590747688 32.6993481291, -86.5589227685 32.6994141294, -86.5588507685 32.6994551296, -86.5587837685 32.6995011297, -86.5586647687 32.6996071292, -86.558355768 32.6999531293, -86.5582647678 32.7000721296, -86.5581837685 32.7001961296, -86.5580947679 32.7003981295, -86.5580517683 32.7005391293, -86.5579707681 32.70096413, -86.5578907686 32.7012451298, -86.5577667678 32.7015911303, -86.5576557684 32.7018651297, -86.5572567682 32.7027461302, -86.5572087676 32.7028851299, -86.5570717683 32.7033841301, -86.5570587678 32.7034581302, -86.5570897678 32.7037561302, -86.557278768 32.7040191306, -86.5573697682 32.7041941307, -86.5574107682 32.7043161308, -86.5574267681 32.7044751309, -86.5574127678 32.7046191305, -86.5573507679 32.7048301307, -86.5572777681 32.7050441306, -86.5571497681 32.7053491309, -86.5569427684 32.705221131, -86.5567027682 32.7050281305, -86.5564657684 32.7048171307, -86.5561827676 32.7045331306, -86.5560187676 32.7043861307, -86.5558617681 32.7046511309, -86.5555297679 32.7053401312, -86.5547297678 32.706939131, -86.5334037612 32.7070261316, -86.5330997614 32.7070261316, -86.5246977592 32.7070631321, -86.5234947588 32.7049801316))
POLYGON ((-86.9146148671 32.6643611087, -86.9035978638 32.6638511094, -86.8998688627 32.6637701091, -86.8921698606 32.6634041097, -86.8801218572 32.6628831097, -86.8801018571 32.6628711102, -86.8795258573 32.6628461098, -86.874992856 32.6625311103, -86.8739068557 32.6626051102, -86.8363568447 32.6609791107, -86.8340788438 32.6608411114, -86.8321828434 32.660762111, -86.8308558431 32.6607501112, -86.8165788393 32.6601231115, -86.8048438359 32.660314112, -86.7715368267 32.6607231129, -86.7711528266 32.6600921131, -86.7707698263 32.6594441128, -86.7703738264 32.6588021127, -86.7695998254 32.6575081126, -86.768806825 32.6562021122, -86.7680868253 32.6549941122, -86.7679638253 32.6547761124, -86.7671098248 32.6533771116, -86.7655588242 32.6507761114, -86.764779824 32.6494901109, -86.7641658237 32.6484571107, -86.7638488235 32.6479451107, -86.7635968236 32.6475651108, -86.7633298237 32.6471911106, -86.763133823 32.6469451106, -86.762979823 32.646771111, -86.7627058233 32.6464821103, -86.7623618234 32.6461521105, -86.7621218232 32.6459391109, -86.7618758231 32.6457381103, -86.7616208229 32.6455441106, -86.7613598227 32.6453581102, -86.7611548227 32.6452241107, -86.7608118226 32.6450071106, -86.7586958221 32.6437711103, -86.7572928216 32.6429391103, -86.7548968207 32.6415341095, -86.7543378206 32.6411871101, -86.7540648208 32.6410041097, -86.7538658206 32.6408621097, -86.7534768205 32.6405641094, -86.75322782 32.6403531094, -86.7529178204 32.6400701094, -86.7526018201 32.6397561098, -86.7523728197 32.6395001095, -86.7521738195 32.6392581097, -86.7510708195 32.6378251094, -86.7510048194 32.6377301091, -86.7501318195 32.6365831086, -86.7496718192 32.6359611085, -86.7482848186 32.6341231083, -86.7478178187 32.6335111087, -86.7471508178 32.6326581085, -86.7468318179 32.6323121081, -86.746497818 32.6319831083, -86.7462588176 32.6317771083, -86.7458838177 32.6314751083, -86.7456228176 32.6312871079, -86.7454888177 32.6311981081, -86.7451398177 32.6309891082, -86.7447808177 32.6307891075, -86.7442558171 32.6305421077, -86.7438638175 32.6303811082, -86.7435498167 32.6302691075, -86.7425858166 32.6299731078, -86.7416598162 32.629716108, -86.7411498165 32.6295681074, -86.7407398165 32.6294391077, -86.7402638163 32.629259108, -86.7399278158 32.6291011074, -86.7397538157 32.6290111076, -86.7395558154 32.6288941074, -86.7394148158 32.6287991074, -86.7391118158 32.6285761073, -86.7387678159 32.6282731077, -86.7385688157 32.6280571075, -86.7383898156 32.6278321075, -86.738223815 32.6275841076, -86.7380848151 32.6273301076, -86.7379578149 32.6270611074, -86.7378528153 32.6267811074, -86.7377608152 32.6265051073, -86.7376398149 32.6260101073, -86.737053815 32.6234551064, -86.7369328147 32.6229601063, -86.7368108145 32.6225411066, -86.7367148142 32.6222611061, -86.736602815 32.6219881064, -86.7364178141 32.6215841064, -86.7362748149 32.6213211062, -86.7361148142 32.6210601064, -86.7359438145 32.6208041063, -86.7357578147 32.6205541062, -86.7354598139 32.6201941062, -86.735253814 32.6199661061, -86.7350378141 32.6197401059, -86.7346838141 32.6194281059, -86.7344358135 32.6192281058, -86.7342418133 32.6190851058, -86.7338398136 32.6188171059, -86.7334218132 32.6185701056, -86.7329218136 32.6182971059, -86.7321928128 32.6179171058, -86.7248458109 32.6141391053, -86.7238588104 32.613625105, -86.7235898108 32.6134811048, -86.7234408108 32.6133941047, -86.7197088094 32.611458105, -86.7192858089 32.6112221049, -86.7190828094 32.6110951044, -86.7186888092 32.6108251042, -86.7183088093 32.6105321048, -86.7181268088 32.6103821043, -86.7177748084 32.6100731045, -86.7176068082 32.6099081046, -86.7172898089 32.6095701046, -86.7169978088 32.6092151046, -86.7165288083 32.6085991042, -86.7146458074 32.6060061033, -86.7124078067 32.6029031035, -86.7119578064 32.6022921028, -86.7101718056 32.5998211022, -86.7099538061 32.5995061025, -86.7094988058 32.5988921021, -86.7083508056 32.5973081017, -86.7081328051 32.5970281018, -86.7080698054 32.596939102, -86.7080868051 32.596407102, -86.7081738051 32.595540102, -86.7081998051 32.5951791016, -86.7082078054 32.5947431014, -86.7081938052 32.5943801012, -86.7081668054 32.5939461013, -86.7081358055 32.5936591014, -86.7080918051 32.5933731012, -86.7080158049 32.593016101, -86.7078938047 32.5925211014, -86.707825805 32.5921611007, -86.7077938052 32.5919451011, -86.7077688051 32.5916561005, -86.7077238049 32.590644101, -86.7076878049 32.5887691003, -86.7077008044 32.5882650998, -86.7077198047 32.5879780999, -86.7077428051 32.5877690998, -86.7077508046 32.5874410997, -86.7077738051 32.5871900997, -86.7077808048 32.5870100998, -86.7077448048 32.5868500998, -86.7076998046 32.5867110997, -86.7072558041 32.5856120998, -86.707097804 32.5851980997, -86.7070588045 32.5850570996, -86.7070338044 32.5849110991, -86.7070218047 32.5847670996, -86.7070218047 32.5846210994, -86.707035804 32.5844770994, -86.707071804 32.5842620994, -86.7071418043 32.5839760994, -86.7073738041 32.5831310989, -86.7076588046 32.5821470985, -86.7078538045 32.5814450988, -86.7080288045 32.5808860987, -86.7081328042 32.5806110987, -86.7082568041 32.5803400982, -86.7084008049 32.5800790986, -86.7085618046 32.5798240979, -86.7087408047 32.5795770983, -86.7088848046 32.5793980982, -86.7090438046 32.5792260982, -86.7092698046 32.5790090985, -86.7101078052 32.5782920982, -86.7102748047 32.5781250981, -86.7103788053 32.578010098, -86.7104738049 32.577889098, -86.7106438047 32.5776380977, -86.7107528054 32.5774420973, -86.7108468051 32.5772390974, -86.7108978052 32.5771010976, -86.7109548051 32.5768920979, -86.7110638049 32.5763920971, -86.711165805 32.5758210975, -86.7112008051 32.5755340972, -86.7112378049 32.5751000968, -86.7113588053 32.5739550973, -86.7113878047 32.573741097, -86.7114188047 32.573599097, -86.7114628051 32.5734590968, -86.7115498051 32.573254097, -86.7116518052 32.5730540968, -86.7117688054 32.572860097, -86.7120678051 32.5724200964, -86.7123398051 32.5720500965, -86.7129058057 32.5713260964, -86.7129608051 32.5712420963, -86.7133898054 32.5709170964, -86.7135288054 32.5708330959, -86.7136818055 32.5707740964, -86.7139678057 32.5707030964, -86.7143158059 32.5707320961, -86.7144878054 32.5707370963, -86.7152588061 32.5707100959, -86.7179068069 32.5706650962, -86.7191058072 32.5706520957, -86.7201338077 32.5706520957, -86.7206498072 32.5706440961, -86.7209068071 32.5706280961, -86.7210758072 32.5706030958, -86.7211588079 32.5705830956, -86.7213188078 32.5705300955, -86.7213948079 32.5704950962, -86.7215368073 32.5704140954, -86.7217378081 32.5702770957, -86.7221838081 32.5699390954, -86.722635808 32.5696110959, -86.7228338084 32.5694760959, -86.7230418079 32.5693500954, -86.723543808 32.5690770956, -86.723836808 32.5689300955, -86.7248128086 32.5684750951, -86.7250488086 32.5683880951, -86.7252098083 32.568343095, -86.7253748091 32.5683090949, -86.7255438091 32.5682830954, -86.725795809 32.568256095, -86.7259678085 32.5682490952, -86.7261378093 32.5682550949, -86.7263078092 32.5682700952, -86.7264758094 32.5682940954, -86.7266408093 32.5683290948, -86.7268008091 32.5683800953, -86.7269528094 32.5684460953, -86.7270958096 32.5685220952, -86.7273008096 32.5686520949, -86.7276208093 32.5688910953, -86.7279288092 32.5691420951, -86.7280588098 32.5692350954, -86.7282668093 32.5693620953, -86.72848381 32.5694730957, -86.7288598097 32.5696390952, -86.7290158094 32.5696970954, -86.7291788096 32.5697390954, -86.7293468098 32.5697700956, -86.7299328096 32.5698460951, -86.7303528097 32.5698870957, -86.7306088098 32.5699010957, -86.7307798104 32.569888095, -86.7308598099 32.5698710956, -86.7310968106 32.5697940953, -86.7312508106 32.5697300957, -86.7314748109 32.5696240951, -86.732079811 32.5693550949, -86.7326968107 32.5691060951, -86.7329358111 32.5690290949, -86.733182811 32.5689680949, -86.7332658108 32.5689540948, -86.7334328112 32.5689370952, -86.7340348109 32.5689160954, -86.734203811 32.5688970949, -86.7344558109 32.5688580947, -86.7348718117 32.5687780948, -86.7352858111 32.5686890951, -86.7356118115 32.5686060948, -86.7363348116 32.5683990951, -86.7375618123 32.568098095, -86.7378858122 32.568005095, -86.7381238119 32.567923095, -86.7382758122 32.5678550944, -86.7384198121 32.5677760945, -86.7384868121 32.5677310948, -86.7387448127 32.5675410945, -86.7389288128 32.5673890945, -86.7403478132 32.5661330943, -86.7405198128 32.5659680945, -86.7406218129 32.5658520938, -86.7407098127 32.5657280938, -86.7407838132 32.5655960942, -86.7408618131 32.5653880943, -86.740928813 32.5651040941, -86.7410178127 32.564676094, -86.7410758133 32.5644640937, -86.7411248128 32.5643240936, -86.7411918128 32.5641920936, -86.7412798126 32.5640680935, -86.7413318125 32.5640110936, -86.7415078131 32.5638540938, -86.7418828131 32.5635530935, -86.7420208132 32.5633960937, -86.7420778131 32.5632770932, -86.7421018133 32.5632100937, -86.7421208127 32.5631410933, -86.7421418135 32.5629990932, -86.742134813 32.5626390936, -86.7420328129 32.5611920932, -86.7420198133 32.5608290927, -86.7420258132 32.5606120931, -86.7420398134 32.5604690927, -86.7420768132 32.5603280931, -86.7421058126 32.5602600928, -86.7421438132 32.5601960931, -86.7422388127 32.5600770929, -86.7422958126 32.5600230932, -86.7423558129 32.5599730926, -86.7424908135 32.559883093, -86.7426388127 32.5598130929, -86.7430368131 32.5596810929, -86.7431908131 32.5596160927, -86.7433368136 32.5595400928, -86.7434768133 32.5594540927, -86.7436718133 32.5593120929, -86.7438538138 32.5591570928, -86.7440838131 32.5589420926, -86.7442408134 32.5587690925, -86.7443818139 32.5585860926, -86.7450188138 32.5576370922, -86.745196814 32.557390092, -86.7452978134 32.5572740924, -86.7456828143 32.5568830917, -86.7457828138 32.5567650918, -86.7458738141 32.556641092, -86.7459538135 32.5565120918, -86.7460168142 32.5563770917, -86.7460648139 32.5562360917, -86.7460968137 32.5560940921, -86.746125814 32.5558770917, -86.746166814 32.5552960919, -86.7461878139 32.5545720913, -86.7462068142 32.5543530914, -86.7462468134 32.5535950912, -86.7497238146 32.5545670917, -86.7511508154 32.5549410912, -86.7517348155 32.5550820918, -86.7521548157 32.5551470915, -86.7524938156 32.5551710914, -86.7526648153 32.5551740913, -86.7529188158 32.5551660911, -86.7531728162 32.5551470915, -86.7534248161 32.5551130917, -86.7536738156 32.5550650911, -86.7539218162 32.555009091, -86.7541638161 32.5549410912, -86.7543738161 32.5548650912, -86.7546508161 32.5547410911, -86.7549188159 32.5546050911, -86.7551968167 32.5544390911, -86.7583618168 32.5522220907, -86.758565817 32.5520870902, -86.7587048169 32.5520020908, -86.7590628171 32.5518060904, -86.7594398176 32.5516320907, -86.7597558179 32.5515100904, -86.7600748178 32.55140609, -86.7604038177 32.5513190902, -86.7607378176 32.5512520902, -86.7610758177 32.5511980905, -86.7614168182 32.5511630905, -86.7628568185 32.5510350902, -86.7631898185 32.5509820899, -86.7636048186 32.5508970902, -86.7639308191 32.5508120904, -86.7642528184 32.5507120903, -86.7645688187 32.5505990897, -86.7685858197 32.5490780892, -86.7694058198 32.5487410896, -86.7701048205 32.5484630893, -86.7704958203 32.5483250891, -86.7706588205 32.5482800895, -86.7708258201 32.5482460894, -86.7709958208 32.5482240889, -86.7711688202 32.5482120892, -86.7714248203 32.5482150893, -86.771512821 32.5482210896, -86.7716838207 32.5482460894, -86.7718508211 32.5482820893, -86.7720938208 32.5483530889, -86.772251821 32.5484120895, -86.7725498209 32.5485550895, -86.7727638212 32.548676089, -86.7729618216 32.5488150889, -86.7730788208 32.5489220893, -86.7731768207 32.5490430891, -86.7732608213 32.5491690893, -86.7733658209 32.5493690898, -86.7734508213 32.5495750892, -86.7735388211 32.5498580897, -86.7735998212 32.5501460892, -86.7738378218 32.5522500901, -86.7738878211 32.55253709, -86.7739608218 32.55282209, -86.7740548215 32.5531030904, -86.774164822 32.5533790903, -86.7742838219 32.5536520901, -86.7744868222 32.55405409, -86.7746418221 32.5543100907, -86.7747288221 32.5544320903, -86.7749248219 32.5546700905, -86.7751378223 32.5548980909, -86.7753668218 32.5551130909, -86.7757328224 32.5554230904, -86.7779758231 32.557204091, -86.7792158234 32.5582020913, -86.7796748239 32.5585270911, -86.7799478237 32.5586980913, -86.7802358236 32.5588530914, -86.7804628234 32.5589540909, -86.7806968237 32.5590410909, -86.7809368239 32.5591150908, -86.7811828239 32.5591740912, -86.7813498244 32.5592050912, -86.7816898241 32.5592320913, -86.7826318245 32.559226091, -86.7834668247 32.5592120909, -86.7851958247 32.5592020914, -86.7886318259 32.5591990909, -86.7912078267 32.5592160908, -86.7927778276 32.5592160908, -86.7929188271 32.5592160908, -86.7946308274 32.5592050904, -86.7963468279 32.5591710907, -86.7997668292 32.5590560905, -86.8014818298 32.5589910905, -86.8057568305 32.5588670901, -86.8068328308 32.5588310906, -86.8070308312 32.5588330901, -86.8071588312 32.5586300898, -86.8072588317 32.55850409, -86.8073648311 32.5583830901, -86.8075338311 32.5582170902, -86.8076508313 32.5581120899, -86.8080388316 32.5578180899, -86.817429834 32.5509360884, -86.8175558335 32.550840088, -86.8177988341 32.5506370877, -86.818029834 32.5504240881, -86.8182448341 32.5501960877, -86.8185438339 32.5498420876, -86.8187198345 32.5495930881, -86.8188828338 32.5493380879, -86.8190258339 32.5490750876, -86.8194398342 32.5482760876, -86.8210078345 32.5452180867, -86.8211618345 32.5449550864, -86.8212498344 32.5448290864, -86.8213438341 32.544708087, -86.8215958349 32.5444180868, -86.8217628344 32.5442530864, -86.8218838348 32.5441490868, -86.8220718351 32.5440020867, -86.8222718351 32.5438640865, -86.8224808345 32.5437390867, -86.8226978351 32.543625086, -86.8228478349 32.5435540865, -86.8229998352 32.543487086, -86.8232348354 32.5434040859, -86.8234758354 32.543328086, -86.8238028348 32.5432450865, -86.824139835 32.5431880863, -86.824647835 32.5431240865, -86.8248828352 32.5431040863, -86.8278588361 32.542747086, -86.8326228374 32.5421950859, -86.8332058377 32.542122086, -86.8336978378 32.5420490853, -86.833855838 32.5420230857, -86.8341858377 32.5419470853, -86.8345868384 32.5418320858, -86.8349008383 32.5417210853, -86.8352088382 32.5415960856, -86.8355808387 32.5414210854, -86.8388068389 32.5397810847, -86.8397668397 32.5393020846, -86.8402288396 32.5391100845, -86.8403838395 32.539052085, -86.84070384 32.538947085, -86.8408668393 32.5389000845, -86.8411168396 32.5388400848, -86.8414488398 32.5387730846, -86.8417868399 32.5387200846, -86.8422098404 32.5386740844, -86.8424648398 32.5386610845, -86.8428928403 32.5386550843, -86.8452818407 32.5387210843, -86.8457078415 32.5387160845, -86.845874841 32.5387020842, -86.8461288415 32.5386690846, -86.8464628414 32.5386130842, -86.8467918413 32.5385360843, -86.8471098413 32.5384400843, -86.8474258417 32.5383260844, -86.847649842 32.5382290845, -86.8478708419 32.5381150844, -86.8480788414 32.5379940844, -86.848408842 32.5377740844, -86.8486158417 32.5376100844, -86.8487428419 32.5376190843, -86.8488678416 32.5376150841, -86.8492008417 32.5375380842, -86.8493608424 32.5374870843, -86.8495938421 32.537393084, -86.849737842 32.5373180839, -86.8501518423 32.5370650836, -86.8503658425 32.5369470842, -86.8505168421 32.5368820841, -86.8506738425 32.5368290838, -86.8508358429 32.5367890836, -86.8510018426 32.5367600835, -86.8512518428 32.5367410838, -86.851419843 32.5367580842, -86.8515778423 32.5368030842, -86.8517298427 32.5368680835, -86.8518028425 32.536907084, -86.8519398427 32.5369970839, -86.8523218432 32.5372870839, -86.8526638426 32.537501084, -86.8528078435 32.537576084, -86.8529598429 32.5376410843, -86.8531178431 32.5376930837, -86.8531998431 32.5377110843, -86.8533688432 32.5377180841, -86.8536198432 32.537692084, -86.8542078436 32.5376050838, -86.8543738433 32.5375690841, -86.8545308436 32.5375110836, -86.8546028436 32.5374730838, -86.8546698435 32.5374280841, -86.854856844 32.5372760838, -86.855277844 32.5369100838, -86.855400844 32.5368110838, -86.8555348439 32.536720084, -86.8556758435 32.5366390839, -86.855826844 32.5365700834, -86.8559068434 32.5365430833, -86.856072844 32.5365020833, -86.8564908436 32.5364230838, -86.8567358438 32.5363660838, -86.8575428445 32.5361330834, -86.8576988441 32.5360790837, -86.8578458444 32.5360030836, -86.8579778447 32.5359080836, -86.8587328445 32.5353120835, -86.859037845 32.535061083, -86.8591658451 32.5349650831, -86.8593008448 32.5348780832, -86.8594508446 32.5348070828, -86.8600688451 32.5345570829, -86.8602288449 32.534508083, -86.8603128455 32.5344900833, -86.8604838452 32.5344770828, -86.8606558447 32.534481083, -86.860992845 32.5345320831, -86.8612268453 32.5345880831, -86.8614018452 32.5346390831, -86.8618798451 32.5347940831, -86.8620438451 32.5348380829, -86.8622098457 32.534869083, -86.8623778459 32.5348870827, -86.8626348458 32.5348950832, -86.8629768461 32.5348870827, -86.8632348459 32.5348910829, -86.8634918458 32.5349040826, -86.8639138465 32.5349370828, -86.8641668462 32.5349730828, -86.8644928466 32.5350400829, -86.8647928462 32.5351170827, -86.864957846 32.5351680832, -86.8657468462 32.5354550832, -86.8662228464 32.5356210828, -86.866768847 32.5358280831, -86.8672168467 32.5360250832, -86.8673418472 32.5360740831, -86.8675548468 32.536141083, -86.8678858472 32.5362260831, -86.8682098471 32.536318083, -86.8683658476 32.5363800829, -86.8685888472 32.5364880834, -86.8688738476 32.5366470835, -86.8690228476 32.5367160831, -86.8691788472 32.536775083, -86.8693408476 32.5368220831, -86.869589848 32.5368760831, -86.8705928485 32.5370620831, -86.8707568485 32.5371040833, -86.8709158485 32.5371550834, -86.8710708483 32.5372190836, -86.8712188484 32.5372930833, -86.8713558487 32.5373800831, -86.8717418485 32.5376670836, -86.8718768482 32.5377570835, -86.8720188485 32.5378380834, -86.8721688483 32.5379090837, -86.8724788488 32.5380300831, -86.8732758485 32.5382980837, -86.8743158488 32.5386230836, -86.8752658495 32.5389470835, -86.8755078494 32.5390210833, -86.8757538494 32.5390820833, -86.8760038497 32.5391310837, -86.87634085 32.5391750837, -86.8773598503 32.5392430833, -86.8776968506 32.5392770838, -86.8778638501 32.5393050835, -86.87802885 32.5393430833, -86.8783538505 32.5394350838, -86.8793008509 32.5397550837, -86.880336851 32.5400900837, -86.880803851 32.5402530834, -86.8809538508 32.5403180833, -86.8815338516 32.5406300839, -86.8821838519 32.5409680833, -86.8825608515 32.5411320833, -86.882639852 32.5411600839, -86.8828028513 32.541201084, -86.8828878517 32.5412120835, -86.8837458524 32.5412460833, -86.8840888516 32.5412680839, -86.8842598522 32.5412860838, -86.8844278525 32.5413190839, -86.8845928523 32.541364084, -86.8847498527 32.5414210839, -86.8849008523 32.541489084, -86.8854098521 32.541761084, -86.8855498527 32.5418450837, -86.8856838526 32.5419380835, -86.8857458526 32.5419870839, -86.8858588525 32.5420970837, -86.8862228526 32.5425020834, -86.8865768526 32.5429100839, -86.886794853 32.543134084, -86.8869098527 32.5432420839, -86.8870988528 32.5433900841, -86.887297853 32.5435290839, -86.887641853 32.5437460838, -86.8881348538 32.5440360839, -86.8884188535 32.5441940838, -86.8886488536 32.5442860839, -86.8891418535 32.5444100841, -86.8895468536 32.5445280844, -86.8897068534 32.544579084, -86.8899418536 32.5446690838, -86.8901648541 32.5447790841, -86.8911528545 32.5453500844, -86.8913718548 32.5454630841, -86.8915238542 32.5455290843, -86.8916818544 32.5455840839, -86.892493855 32.5458030841, -86.8926588549 32.5458400846, -86.892909855 32.5458820844, -86.893078855 32.545902084, -86.8932488549 32.5459130845, -86.8934188548 32.5459130845, -86.893586855 32.5458960843, -86.8944988552 32.5457290845, -86.8946618554 32.5456900841, -86.8951408551 32.5455300838, -86.8952948551 32.5454900845, -86.8954848551 32.5454500844, -86.8955098552 32.5452230838, -86.8955658553 32.5448550836, -86.8957168558 32.5436980839, -86.8961138554 32.5408210833, -86.8961688557 32.5403760827, -86.8962388551 32.5404460829, -86.8965678559 32.5404090832, -86.8971318559 32.540232083, -86.8975018558 32.5402540831, -86.8977818562 32.5402410826, -86.8980788563 32.5402840832, -86.898793856 32.5402580831, -86.8990398561 32.5402580831, -86.8992118565 32.5402280829, -86.8994138561 32.540155083, -86.8996168565 32.540090083, -86.8997538568 32.5400600828, -86.8999608565 32.540039083, -86.9001628562 32.540043083, -86.9002878567 32.5400600828, -86.900429857 32.5401330828, -86.9006328565 32.5402140829, -86.9010908572 32.5404640829, -86.9012638565 32.5405340831, -86.9013578571 32.5406360831, -86.901517857 32.5407180831, -86.901809857 32.540796083, -86.9020648573 32.5408450825, -86.9024098571 32.5408790832, -86.9026838576 32.5408300829, -86.9029068572 32.5406320831, -86.9031008574 32.5406320831, -86.9031378572 32.541024083, -86.9032578577 32.5414380833, -86.9034708573 32.5417070832, -86.9039298578 32.5420800829, -86.9049038579 32.5425210834, -86.9060368581 32.542837083, -86.9065228583 32.5431760836, -86.9066928582 32.5435280835, -86.9065678585 32.5440800837, -86.9061108586 32.5447620838, -86.9059518586 32.5451320834, -86.9059118584 32.5458450839, -86.9059768587 32.5465200842, -86.9059198588 32.5473030844, -86.9053588582 32.5483500843, -86.9052278587 32.5487640841, -86.9052188584 32.5491580847, -86.9051358586 32.5493970848, -86.9049438581 32.5496750845, -86.9045308585 32.5501290846, -86.9039278581 32.5506800848, -86.9037368583 32.5510340847, -86.9038018577 32.5517440852, -86.9039988583 32.5524760855, -86.9041828584 32.5529870852, -86.9047868586 32.5535850858, -86.9048108589 32.5537620855, -86.9047368584 32.5540770854, -86.9044648584 32.5542940856, -86.9037838582 32.554319086, -86.9035368583 32.5543700854, -86.9031358584 32.5547380859, -86.903004858 32.5549220856, -86.9028328585 32.5553230856, -86.9027418583 32.5553970863, -86.9025188578 32.5555000864, -86.901188858 32.5557660859, -86.9007138576 32.5559240863, -86.9002388572 32.5562810866, -86.8997688569 32.5567450863, -86.8996058576 32.5569950865, -86.8995858575 32.5573870861, -86.8996838574 32.5575690868, -86.8998938574 32.5577920865, -86.9003338577 32.5580620868, -86.9005378579 32.5585690865, -86.9005038575 32.5588890871, -86.9002398579 32.5593340868, -86.8997478579 32.5599000867, -86.8994628574 32.5604200872, -86.8993508573 32.5610560871, -86.8993228577 32.5617680874, -86.899367857 32.5619420872, -86.8992638573 32.5622130872, -86.8992158576 32.5625310874, -86.8991428578 32.5642480879, -86.8989218578 32.5650140884, -86.898069857 32.5662910887, -86.8980008574 32.5664970886, -86.8979728569 32.5668540884, -86.8981968572 32.567501089, -86.8983088574 32.5676930889, -86.8988268574 32.5680640887, -86.8995188575 32.5684770891, -86.8998618577 32.5688410891, -86.9001558583 32.5693160888, -86.9006868578 32.5711940892, -86.9007618582 32.5718690896, -86.9009048583 32.5733950899, -86.9012848582 32.5743800903, -86.9013718583 32.5748400903, -86.9013168589 32.5752350899, -86.9008328583 32.5756680904, -86.8993948586 32.5763610909, -86.8989868581 32.5768160907, -86.8987118578 32.5774520909, -86.898787858 32.5778370908, -86.8990538581 32.5782000906, -86.8993938579 32.5784710907, -86.9006418585 32.5792120913, -86.9009258591 32.5794280913, -86.9014618587 32.5799310916, -86.9016508588 32.5801680916, -86.9022098589 32.5810910917, -86.9022358588 32.5813020914, -86.901952859 32.5819360918, -86.9019458593 32.5822200916, -86.902270859 32.5825010915, -86.9029798597 32.5828250919, -86.9036288593 32.5832280919, -86.9037228599 32.583407092, -86.9039028598 32.5837510916, -86.9040328595 32.5842750919, -86.90388086 32.5848810919, -86.9032818598 32.5858340927, -86.9028148598 32.5863790925, -86.9026738594 32.5868470926, -86.9027748597 32.5871790929, -86.9031928601 32.5874650924, -86.9039038596 32.5876000927, -86.9043728601 32.5876360927, -86.9047358604 32.5876910931, -86.9047808606 32.5877210925, -86.9050718599 32.5880120926, -86.90524586 32.5882320927, -86.9054048609 32.588882093, -86.9053898608 32.5898730933, -86.9054448602 32.5904430936, -86.905301861 32.5908150937, -86.9050548602 32.5911050938, -86.9040808601 32.5918930937, -86.9038538603 32.5921280935, -86.9037028598 32.5923920938, -86.9036498601 32.5926120937, -86.9037328599 32.5928770939, -86.9042208607 32.5940030943, -86.9043688608 32.5946620946, -86.9045048604 32.5951460948, -86.9046408608 32.5954560944, -86.9047848608 32.5957210944, -86.9051248605 32.596255095, -86.9057368612 32.5970000944, -86.9062388613 32.5974910945, -86.9062698613 32.5977640948, -86.9062698613 32.5980650953, -86.9061238608 32.5983580953, -86.9060978608 32.5987360951, -86.9062768609 32.5998750954, -86.9061428611 32.6002480954, -86.9058048609 32.6007020953, -86.9056818609 32.6010080958, -86.9057588609 32.6013910957, -86.9061918615 32.6018780957, -86.9064288613 32.6023370957, -86.9065008613 32.6027250959, -86.9065608615 32.6040100961, -86.9066528616 32.6043580963, -86.9067688619 32.6045470962, -86.9072168617 32.6049430963, -86.9077848619 32.6054770963, -86.9083958618 32.6060880965, -86.9085368623 32.6062720968, -86.9085938622 32.6064240967, -86.9085688621 32.6065790968, -86.908517862 32.6067610968, -86.9083628622 32.6069010971, -86.908127862 32.6069910965, -86.9075408624 32.6070780968, -86.906393862 32.6073730969, -86.9061488618 32.6075520971, -86.9059858616 32.6077410971, -86.9058908612 32.607931097, -86.9058998614 32.6080860968, -86.9059508614 32.6081890968, -86.9060798613 32.6083530973, -86.9063128618 32.6084990975, -86.906501862 32.6085680971, -86.9069588619 32.6086110974, -86.9076548622 32.6084270974, -86.9086028624 32.6082580967, -86.9092828628 32.6081720972, -86.909635863 32.6081550967, -86.9098858624 32.6081980973, -86.9101118632 32.6083440969, -86.9101508627 32.6085820971, -86.9101398628 32.6087680968, -86.9098538626 32.6091570975, -86.909630863 32.6095150973, -86.9094378627 32.6099200976, -86.9093758627 32.6102360974, -86.9094288624 32.6105350976, -86.9095338629 32.6107720976, -86.9098598624 32.6109830978, -86.9103958629 32.6113170978, -86.9107738632 32.6114840974, -86.9110018628 32.6114930974, -86.9116528638 32.6112730976, -86.9119428633 32.6112470977, -86.9121268635 32.6112910978, -86.9122588637 32.6114670975, -86.9122718632 32.6118220976, -86.9121368635 32.6121270976, -86.9120158631 32.6122540981, -86.9117108635 32.6124270979, -86.9106918632 32.6129250983, -86.9104328627 32.6131000982, -86.9098968631 32.6133030978, -86.909707863 32.6134860981, -86.9096218628 32.6137040979, -86.9096848634 32.6140760983, -86.9101198627 32.6149520987, -86.9101608636 32.6156320987, -86.9101138629 32.6159910987, -86.9099678633 32.6163690989, -86.9096778629 32.6168860986, -86.9095778633 32.6171230993, -86.9095518634 32.6173940989, -86.909548863 32.617664099, -86.9097048635 32.6178410993, -86.9099338629 32.6181330995, -86.9102778638 32.6183310992, -86.9106218638 32.6185190988, -86.9114028636 32.6188830991, -86.9117988634 32.6192060994, -86.9120178637 32.6193620995, -86.9121628643 32.6194980996, -86.9123258636 32.6198490994, -86.9117198637 32.6205820994, -86.9116358641 32.6208610996, -86.9116798636 32.6212870997, -86.9116508642 32.6218221001, -86.9116088643 32.6219971001, -86.9115108635 32.6221420997, -86.9111398638 32.6228731002, -86.9111108635 32.6231941, -86.9111548639 32.6235121003, -86.9112378637 32.6236771001, -86.9114868641 32.6238721006, -86.9120628639 32.6240961005, -86.9127038639 32.6247161002, -86.9128268649 32.6250571003, -86.9127328642 32.6253861007, -86.912687864 32.6256071008, -86.9126618641 32.6258641009, -86.9125608647 32.6260601006, -86.9123048646 32.6263461008, -86.9120278646 32.6265121009, -86.9115058644 32.6266691007, -86.9113628643 32.626801101, -86.9112348642 32.627024101, -86.911153864 32.6277701011, -86.9108988638 32.6284901016, -86.9108498643 32.6288081012, -86.9108638645 32.6290941018, -86.9110318638 32.6296831019, -86.9111328641 32.6303731018, -86.9116838647 32.6306111017, -86.9118128645 32.6307491016, -86.9119398648 32.6312361015, -86.9118868642 32.6314081016, -86.9117458646 32.6315401018, -86.9119088648 32.6317891022, -86.9123578643 32.6320611022, -86.912789865 32.6322081024, -86.9128888648 32.6323671022, -86.9129608648 32.6327171021, -86.9128508651 32.6334261025, -86.9128378647 32.6339601021, -86.9129528653 32.6342651023, -86.9130948646 32.6344391028, -86.9137588652 32.6353971026, -86.9139718656 32.6359021028, -86.9139078651 32.636542103, -86.9137108655 32.6369361028, -86.9137848651 32.6373601034, -86.9140388656 32.6376471032, -86.9143158656 32.6378141028, -86.915164866 32.6378841033, -86.915544866 32.638045103, -86.9160828661 32.6386461036, -86.9162898658 32.6390781032, -86.9163138661 32.6393001036, -86.9161978657 32.6393961038, -86.9161068664 32.6395961034, -86.9160638658 32.6399491039, -86.9159368665 32.6401811039, -86.9159248659 32.6404641036, -86.9160228658 32.6405721036, -86.9162698666 32.6406131036, -86.9174238667 32.6414721036, -86.9181038671 32.6420651039, -86.9182558665 32.6423211037, -86.9183898673 32.642843104, -86.9188128669 32.6435411045, -86.9188698668 32.6438241042, -86.9188218671 32.6442841047, -86.9185058668 32.6445251045, -86.918278867 32.6447851047, -86.9181108668 32.6450751048, -86.9179748672 32.645376105, -86.9180028668 32.6459111044, -86.9179938666 32.646262105, -86.9178878672 32.6465711047, -86.9176438668 32.6468191048, -86.9173458668 32.6469591053, -86.9168788669 32.6469931051, -86.9159428664 32.646738105, -86.9152198663 32.646676105, -86.9147178661 32.6467621054, -86.913856866 32.6470761053, -86.9136968661 32.6471911053, -86.9135518655 32.6472251049, -86.9133908658 32.6473381056, -86.9131808658 32.6476411056, -86.9131508656 32.6477811056, -86.9131918656 32.6480241058, -86.9132488655 32.6481201057, -86.913389866 32.6481991051, -86.9137998661 32.6489471055, -86.9141168663 32.6493721059, -86.9144398663 32.6497511057, -86.9150538666 32.6502981058, -86.9154618661 32.6504931058, -86.9159448669 32.650639106, -86.9167388671 32.6507881057, -86.917257867 32.6509511062, -86.9181568677 32.6513621059, -86.9184178678 32.6516441059, -86.9185038671 32.6519211063, -86.9184818674 32.6522771062, -86.9183838675 32.652535106, -86.9184158672 32.6528161062, -86.9182748677 32.6532251067, -86.9182088676 32.6536581061, -86.9181598672 32.6537951061, -86.9179958671 32.6539841067, -86.9180588678 32.6541921067, -86.9182908676 32.6545751068, -86.9186088676 32.6548651068, -86.9203278684 32.6554111069, -86.9205908682 32.6555301068, -86.9208808686 32.6557911067, -86.9211498683 32.6562361069, -86.9212098685 32.6564811072, -86.9212418683 32.6570861073, -86.9212008683 32.6575481073, -86.9209338683 32.6579531073, -86.9205398682 32.658328107, -86.9203568679 32.6585691075, -86.9202408684 32.6588741078, -86.9202548687 32.6592661072, -86.9204158683 32.6600831081, -86.9203268686 32.660409108, -86.9201108687 32.6607561077, -86.9194828682 32.6612901083, -86.9191268685 32.6617721079, -86.9187508679 32.6626051079, -86.9184958676 32.6630181081, -86.9181278683 32.6637791085, -86.9175998682 32.6641751089, -86.9169608678 32.6641641085, -86.9146148671 32.6643611087))
POLYGON ((-86.6610787936 32.6252561099, -86.6609707937 32.6251441096, -86.6608697934 32.6250281099, -86.6607787931 32.6249051094, -86.6606207929 32.6246481095, -86.6605567934 32.6245141093, -86.6605087928 32.6243761096, -86.6604737935 32.6242321093, -86.6604487934 32.6240901099, -86.6604117936 32.6236541097, -86.6603787931 32.6233631096, -86.6603417933 32.6232211096, -86.660286793 32.6230831094, -86.660163793 32.6228111093, -86.6600257929 32.6225441096, -86.6599497928 32.6224141094, -86.6598427926 32.6222991094, -86.6597067931 32.6222131089, -86.6595477931 32.6221571092, -86.659378793 32.6221271092, -86.6592057928 32.622133109, -86.6590417927 32.6221651095, -86.6589647927 32.6221861089, -86.6585037926 32.622341109, -86.6581817924 32.6224411094, -86.6573707925 32.6226621092, -86.6567127918 32.6228211093, -86.656213792 32.6229251092, -86.6558837923 32.6230071096, -86.6557187915 32.6230421096, -86.6555507913 32.6230671097, -86.6553787918 32.6230751092, -86.6552087919 32.6230621094, -86.6548767916 32.6229981092, -86.6547147913 32.6229561092, -86.6545577918 32.6229041092, -86.6540957909 32.6227261096, -86.653946791 32.6226581098, -86.6537317909 32.6225381097, -86.6536037909 32.6224441093, -86.6534957909 32.6223301095, -86.6534057914 32.6222091096, -86.6533677909 32.6221441092, -86.6532727913 32.6219411093, -86.6531367909 32.6215971094, -86.6530647909 32.6213841089, -86.6530347908 32.6213141091, -86.6529607911 32.621176109, -86.6528657907 32.621058109, -86.6527627908 32.6209641092, -86.6525507911 32.6208481094, -86.6522437909 32.620740109, -86.6520927904 32.6206781091, -86.6518017902 32.6205441091, -86.6515097901 32.6203961091, -86.6509827907 32.6201501089, -86.6508347906 32.6200751091, -86.6506937901 32.6199911093, -86.6505617899 32.6199011087, -86.6504387899 32.6198041093, -86.6501997904 32.619597109, -86.6500867904 32.6194871089, -86.6499807901 32.6193721089, -86.64988379 32.6192541087, -86.6497057897 32.6190031086, -86.6495457899 32.6187471087, -86.6494027898 32.6184801089, -86.6493407899 32.6183441088, -86.6491507899 32.6178521084, -86.6490097894 32.6176691087, -86.6488687899 32.6175961082, -86.6487147899 32.6175601088, -86.6485557899 32.6175331089, -86.6482237896 32.6174951089, -86.647708789 32.6174741084, -86.6470227888 32.6174361084, -86.6468507892 32.6174361084, -86.6463357887 32.6174601083, -86.6459067883 32.6174721086, -86.6457357886 32.6174691085, -86.645307789 32.6174461089, -86.6451367884 32.6174571089, -86.6448997886 32.6175461087, -86.6447777884 32.6176471087, -86.6446767881 32.6177611091, -86.6442937887 32.618241109, -86.6441827884 32.6183521086, -86.6440577887 32.6184491089, -86.6439207884 32.6185331086, -86.6437697879 32.6186011093, -86.6436077884 32.6186461092, -86.6434417878 32.6186731088, -86.6432757882 32.618691109, -86.6429477881 32.6187181093, -86.6427837881 32.6187251089, -86.639803787 32.6187881089, -86.6389577869 32.6188161095, -86.6364777864 32.6188811092, -86.6330457854 32.6189431095, -86.6321977847 32.6189521096, -86.6300717842 32.6189611097, -86.6287937843 32.6189831094, -86.6262347832 32.6190011096, -86.6248507829 32.6189861094, -86.6231327828 32.6190011096, -86.6226957821 32.61901711, -86.6216247818 32.6189951095, -86.6202527813 32.61902311, -86.6195007818 32.6190261101, -86.6177007808 32.6190011103, -86.6171157808 32.6190091102, -86.616688781 32.6190031101, -86.6153897803 32.61901711, -86.6145517797 32.6190131104, -86.6102747784 32.6190511105, -86.6079487778 32.6190951106, -86.6072617778 32.6190901101, -86.6068377774 32.6190741105, -86.6062377774 32.6190651104, -86.6047977771 32.6190771105, -86.6044507768 32.6190881103, -86.6044407767 32.6187281105, -86.6044247768 32.6140891092, -86.6044177771 32.6137281093, -86.6044127771 32.6120931088, -86.6044227772 32.6117791087, -86.6044177771 32.6108861091, -86.604423777 32.6105211085, -86.6044097768 32.6087081082, -86.6044147768 32.607985108, -86.604408776 32.6058161076, -86.6043877761 32.6032901069, -86.6043927761 32.6025621068, -86.6043867763 32.601490107, -86.6043997758 32.6009551069, -86.6046517766 32.6009501068, -86.6051747767 32.6009601069, -86.606034777 32.6009371068, -86.6068907771 32.6009241069, -86.6077457775 32.6009171067, -86.6086787776 32.6009191061, -86.6088977779 32.6009121066, -86.6094647774 32.6008721062, -86.6096347773 32.6008671062, -86.610574778 32.6008601067, -86.6121157786 32.600860106, -86.6122877781 32.600847106, -86.6124557783 32.600816106, -86.6126147784 32.6007611061, -86.6127557788 32.600681106, -86.6128827781 32.6005831064, -86.6130547786 32.600422106, -86.6137277784 32.599686106, -86.6139307788 32.5994521061, -86.6141107787 32.5992091058, -86.6142727791 32.598956106, -86.6143417787 32.5988241062, -86.6144007792 32.5986901059, -86.6145027793 32.5984141055, -86.6146867785 32.5977041058, -86.6147637794 32.5973011058, -86.6148877792 32.5965711052, -86.6149237792 32.5962851051, -86.6149447791 32.5959981052, -86.6149367787 32.595708105, -86.6149067786 32.5954191052, -86.614883779 32.595276105, -86.614596779 32.5940001048, -86.6142487788 32.5925901042, -86.6139227784 32.5911781038, -86.613683778 32.5902601038, -86.613596778 32.5899791039, -86.6135407779 32.589841104, -86.6134747778 32.5897061041, -86.613401778 32.5895771038, -86.6131527785 32.5891991041, -86.6129947783 32.588941104, -86.6129257778 32.5888091039, -86.6128727781 32.5886721035, -86.6128377779 32.5885301037, -86.6128187777 32.5883891035, -86.6128137776 32.5882461035, -86.6128187777 32.5870151036, -86.6127957781 32.5855721032, -86.6127967779 32.5848491031, -86.6127647772 32.5830371025, -86.6127597772 32.5810601023, -86.6127687774 32.5803491022, -86.6127577776 32.5792741017, -86.6127617778 32.5771081012, -86.6127387773 32.5760221007, -86.6127187772 32.5756571011, -86.6127157768 32.5745771004, -86.6127297771 32.5736241003, -86.6127137772 32.5735471002, -86.6126707775 32.5734301003, -86.6130197775 32.5733411006, -86.6135117776 32.5731951006, -86.6137527776 32.5731131001, -86.6139917771 32.5730221, -86.6232057799 32.5691850992, -86.6248817802 32.5684700993, -86.62519578 32.5683520987, -86.6255167804 32.5682470989, -86.6258457803 32.5681630989, -86.6261837804 32.5680950986, -86.6264377809 32.5680530985, -86.6268597806 32.5679990991, -86.6273727806 32.5679660989, -86.6295787816 32.5679210986, -86.6299187813 32.5678960983, -86.6300897819 32.5678700986, -86.6304207815 32.5677990985, -86.6305847815 32.5677520987, -86.630822782 32.5676720986, -86.6310557817 32.5675740986, -86.6312767825 32.5674620988, -86.6314817825 32.5673290987, -86.6316137819 32.5672330984, -86.631797782 32.5670790985, -86.6319147822 32.5669690983, -86.632074782 32.5667910981, -86.6322177821 32.5665980985, -86.6323017827 32.5664650978, -86.6324057825 32.566261098, -86.632495782 32.566044098, -86.6325587826 32.5658360983, -86.6328867827 32.5644280979, -86.6329577828 32.5642120974, -86.6330487822 32.5639980973, -86.6331217829 32.5638590974, -86.6332537822 32.5636520974, -86.6333917823 32.5634800974, -86.6335947827 32.5632750974, -86.633772783 32.5631200974, -86.6339667822 32.5629790974, -86.6341717823 32.5628500972, -86.6343167829 32.562773097, -86.6344657829 32.5627060972, -86.6347017829 32.5626150972, -86.6350267826 32.5625190972, -86.635193783 32.5624860972, -86.6354457829 32.5624500969, -86.6356997833 32.5624250973, -86.6359537829 32.5624190972, -86.6362937835 32.5624300972, -86.6392607842 32.5628290975, -86.6393977844 32.5620810969, -86.639451784 32.5618700967, -86.6394767841 32.5618020968, -86.6395767845 32.561603097, -86.6396577838 32.5614760966, -86.6397557837 32.5613580967, -86.6398697844 32.5612510967, -86.6401257845 32.561061097, -86.6402667841 32.560981097, -86.6404147842 32.5609110969, -86.6407297848 32.560798097, -86.6415327843 32.5605420966, -86.6420147844 32.5603810962, -86.6423227852 32.5602520968, -86.642472785 32.5601790965, -86.6426147853 32.5600940964, -86.6428807846 32.5599070962, -86.6430037846 32.5598040967, -86.6431197849 32.559695096, -86.6432277849 32.5595790964, -86.6434267851 32.5593400961, -86.6436007852 32.5590870958, -86.6446157853 32.557383096, -86.6453727857 32.5560870952, -86.6454417853 32.5559520952, -86.6455637855 32.5556790956, -86.6456147856 32.5555380952, -86.645699786 32.555254095, -86.6457557851 32.5549660952, -86.6457827858 32.5546730949, -86.6457917851 32.5543810954, -86.6457857853 32.5542350949, -86.6457557851 32.5539420953, -86.6454557856 32.5517080942, -86.6453747854 32.5512400946, -86.6451427847 32.5495010942, -86.6451317848 32.5492110944, -86.6451547853 32.5489230942, -86.6452097846 32.5486350938, -86.6453237853 32.5482450936, -86.6452237849 32.5480620934, -86.6451127854 32.547784094, -86.6446297847 32.5466840938, -86.6444927844 32.5464160933, -86.6444097846 32.5462870935, -86.6442947849 32.5461800938, -86.6441527846 32.5460980935, -86.6435537844 32.545812093, -86.6433997844 32.5457470933, -86.6430827842 32.5456360931, -86.6427567838 32.5455470931, -86.6424267841 32.5454680932, -86.6420907836 32.5454050932, -86.6412447835 32.5452710934, -86.6409157837 32.5451870932, -86.6407567837 32.5451330936, -86.6406037835 32.5450630933, -86.6404607834 32.544984093, -86.6403217835 32.544897093, -86.6399177832 32.544624093, -86.6397947832 32.5445230933, -86.6396857834 32.5444100932, -86.6395897832 32.5442890933, -86.6394207831 32.5440330935, -86.6390977831 32.5435180929, -86.6390257831 32.5433850929, -86.6389627834 32.5432480929, -86.6389097827 32.543110093, -86.6387227832 32.5424740931, -86.6384627829 32.5416270924, -86.6383557827 32.5411990923, -86.6383157825 32.5409090922, -86.6383107825 32.5406170926, -86.6383147827 32.5401800926, -86.6382907824 32.5395250925, -86.6382527828 32.5389450918, -86.638220783 32.5385810918, -86.6381747821 32.5378530918, -86.6381327822 32.5361000912, -86.6381297828 32.5349330909, -86.6381377823 32.5347150912, -86.6381607827 32.5344970909, -86.6381987824 32.5342800914, -86.6382667821 32.5339940911, -86.6383987824 32.5335490908, -86.6385397829 32.5336850908, -86.6386377828 32.5334170909, -86.6393637823 32.5308730904, -86.6394147824 32.5307210904, -86.6396437827 32.5299170904, -86.6397177823 32.5296340899, -86.6398097824 32.5292060902, -86.6398787829 32.5287740895, -86.6400657825 32.5274760897, -86.6401367826 32.5270430892, -86.6402037826 32.5267590897, -86.6402487828 32.5266170896, -86.6403007826 32.5264790892, -86.6404257823 32.526207089, -86.6404967825 32.5260720896, -86.6406567823 32.5258150888, -86.6408397826 32.5255690888, -86.6409417827 32.5254500888, -86.6411627826 32.5252250888, -86.6412807826 32.5251180889, -86.6414037827 32.525014089, -86.6416597828 32.524817089, -86.6419347831 32.5246400891, -86.6420797829 32.5245600892, -86.6422287828 32.5244840892, -86.642535783 32.5243490887, -86.642853783 32.5242360889, -86.6431827829 32.5241440888, -86.6433507831 32.5241050888, -86.6436897831 32.5240490883, -86.6438617835 32.5240280886, -86.6440327832 32.5240150888, -86.6442067833 32.5240080887, -86.6447237835 32.5240080887, -86.6466987844 32.5240400885, -86.6472887844 32.5240390887, -86.6477117849 32.5240520885, -86.648393785 32.5240870885, -86.6498687854 32.5241140885, -86.6499987851 32.5241120882, -86.6506747854 32.5241290887, -86.6518837857 32.5241440888, -86.6521397858 32.5241420884, -86.6539767866 32.524175088, -86.6554807865 32.5242040884, -86.6576507874 32.5242590882, -86.6591077875 32.5242700883, -86.6598517884 32.5242650878, -86.6619157881 32.5242340878, -86.6628297889 32.5242260879, -86.6640627895 32.524229088, -86.670287791 32.524333088, -86.6711387911 32.5243520881, -86.6726787919 32.5243660876, -86.6729337912 32.5243610878, -86.6743887925 32.5243040877, -86.6759297922 32.5242360874, -86.6770467924 32.5241690877, -86.6793627939 32.5240630871, -86.6803917934 32.5240260875, -86.6824467947 32.5240060875, -86.6900007962 32.5239660869, -86.6918457965 32.5239560866, -86.6987797988 32.5240150866, -86.6992077993 32.5240120864, -86.699722799 32.5239890863, -86.7002327995 32.5239460863, -86.7009117992 32.5238680869, -86.7012537995 32.5238400862, -86.7014248001 32.5238320862, -86.7015507996 32.5238390864, -86.7019727994 32.5240260867, -86.7025678003 32.5243190863, -86.7031168003 32.5245190868, -86.7063558009 32.5256190866, -86.7067428014 32.5257640868, -86.7068968014 32.5258300864, -86.7071188012 32.525940087, -86.7073318016 32.5260640868, -86.7074678012 32.5261530872, -86.7076598017 32.526296087, -86.7077838015 32.5263980866, -86.7080648017 32.5266720872, -86.7082138017 32.5268490869, -86.7083068016 32.5269730869, -86.7109888027 32.5307770875, -86.7111688026 32.5310230877, -86.7114578032 32.5313820879, -86.7117798026 32.5317180878, -86.7121348033 32.5320320881, -86.7128618036 32.5326450884, -86.7137838038 32.5334040879, -86.7140478034 32.5335920885, -86.714321804 32.533767088, -86.714603804 32.5339300879, -86.7148238041 32.5340420886, -86.7151248044 32.5341820882, -86.7185298047 32.5356910881, -86.7192188053 32.5359700883, -86.7218518061 32.5370130884, -86.7220808064 32.5371120889, -86.722380806 32.5372550887, -86.722667806 32.5374080887, -86.7230808065 32.537669089, -86.7233378064 32.5378570889, -86.7243518067 32.538627089, -86.7247538073 32.5388970886, -86.7251068075 32.5391000889, -86.7253238072 32.5392090888, -86.725550807 32.5393140893, -86.7297458082 32.5411090891, -86.7300448089 32.5412460894, -86.7301918083 32.5413230892, -86.7304018083 32.5414510889, -86.7305378088 32.5415420892, -86.7306658088 32.5416380897, -86.7308468086 32.5417900893, -86.731018809 32.541953089, -86.731172809 32.5421280897, -86.7313138095 32.5423120895, -86.7313998088 32.5424370897, -86.7314798091 32.5425670893, -86.7315848087 32.5427690892, -86.7316998092 32.5430430899, -86.7317668092 32.5432540897, -86.7320388092 32.5442430898, -86.7321098093 32.5444490897, -86.7321718092 32.54458109, -86.7322898092 32.5447720901, -86.7324368096 32.54494509, -86.7325528099 32.5450510901, -86.7326788094 32.5451480902, -86.7328128093 32.5452390898, -86.7329518092 32.5453160899, -86.7331048094 32.5453800904, -86.7332618097 32.5454320899, -86.7334268096 32.5454710897, -86.7336778097 32.5455130897, -86.7344398101 32.5456060903, -86.7351198105 32.5456790904, -86.7353748108 32.5456940899, -86.7355428101 32.54569209, -86.7357128109 32.5456820898, -86.7359658106 32.5456510897, -86.736214811 32.5456060903, -86.7372908113 32.5453660896, -86.7375428112 32.5453190902, -86.7376268108 32.5453080896, -86.7378868111 32.5452910901, -86.7380598114 32.54529309, -86.7382308111 32.54530709, -86.738487811 32.5453490901, -86.7387338111 32.5454110899, -86.7388948116 32.5454670899, -86.7390488116 32.5455330901, -86.7391948112 32.5456120899, -86.7393318115 32.54569909, -86.7395288111 32.5458400899, -86.7396508113 32.5459440898, -86.7397628115 32.54605609, -86.7399098118 32.5462360903, -86.7400338116 32.5464280902, -86.7401008116 32.5465630901, -86.7401768117 32.54677409, -86.7402128117 32.5469150904, -86.7402348115 32.5470590901, -86.7402478119 32.5472040898, -86.7403168124 32.5490870902, -86.7403508118 32.5493750907, -86.7403878116 32.5495880905, -86.7404388117 32.5498000904, -86.7404808124 32.5499400903, -86.7405818118 32.5502160909, -86.7406688118 32.5504190905, -86.7407688123 32.5506170907, -86.7409208126 32.550877091, -86.7410448125 32.5510650913, -86.7412798126 32.551360091, -86.7414398125 32.5515350907, -86.741606812 32.5516990911, -86.7419048128 32.551961091, -86.7421568127 32.5521520913, -86.7423588124 32.5522890915, -86.7425668128 32.5524090909, -86.7430088126 32.5526280911, -86.743237813 32.5527250914, -86.7434728131 32.5528100909, -86.7439548132 32.5529570909, -86.7462468134 32.5535950912, -86.7462068142 32.5543530914, -86.7461878139 32.5545720913, -86.746166814 32.5552960919, -86.746125814 32.5558770917, -86.7460968137 32.5560940921, -86.7460648139 32.5562360917, -86.7460168142 32.5563770917, -86.7459538135 32.5565120918, -86.7458738141 32.556641092, -86.7457828138 32.5567650918, -86.7456828143 32.5568830917, -86.7452978134 32.5572740924, -86.745196814 32.557390092, -86.7450188138 32.5576370922, -86.7443818139 32.5585860926, -86.7442408134 32.5587690925, -86.7440838131 32.5589420926, -86.7438538138 32.5591570928, -86.7436718133 32.5593120929, -86.7434768133 32.5594540927, -86.7433368136 32.5595400928, -86.7431908131 32.5596160927, -86.7430368131 32.5596810929, -86.7426388127 32.5598130929, -86.7424908135 32.559883093, -86.7423558129 32.5599730926, -86.7422958126 32.5600230932, -86.7422388127 32.5600770929, -86.7421438132 32.5601960931, -86.7421058126 32.5602600928, -86.7420768132 32.5603280931, -86.7420398134 32.5604690927, -86.7420258132 32.5606120931, -86.7420198133 32.5608290927, -86.7420328129 32.5611920932, -86.742134813 32.5626390936, -86.7421418135 32.5629990932, -86.7421208127 32.5631410933, -86.7421018133 32.5632100937, -86.7420778131 32.5632770932, -86.7420208132 32.5633960937, -86.7418828131 32.5635530935, -86.7415078131 32.5638540938, -86.7413318125 32.5640110936, -86.7412798126 32.5640680935, -86.7411918128 32.5641920936, -86.7411248128 32.5643240936, -86.7410758133 32.5644640937, -86.7410178127 32.564676094, -86.740928813 32.5651040941, -86.7408618131 32.5653880943, -86.7407838132 32.5655960942, -86.7407098127 32.5657280938, -86.7406218129 32.5658520938, -86.7405198128 32.5659680945, -86.7403478132 32.5661330943, -86.7389288128 32.5673890945, -86.7387448127 32.5675410945, -86.7384868121 32.5677310948, -86.7384198121 32.5677760945, -86.7382758122 32.5678550944, -86.7381238119 32.567923095, -86.7378858122 32.568005095, -86.7375618123 32.568098095, -86.7363348116 32.5683990951, -86.7356118115 32.5686060948, -86.7352858111 32.5686890951, -86.7348718117 32.5687780948, -86.7344558109 32.5688580947, -86.734203811 32.5688970949, -86.7340348109 32.5689160954, -86.7334328112 32.5689370952, -86.7332658108 32.5689540948, -86.733182811 32.5689680949, -86.7329358111 32.5690290949, -86.7326968107 32.5691060951, -86.732079811 32.5693550949, -86.7314748109 32.5696240951, -86.7312508106 32.5697300957, -86.7310968106 32.5697940953, -86.7308598099 32.5698710956, -86.7307798104 32.569888095, -86.7306088098 32.5699010957, -86.7303528097 32.5698870957, -86.7299328096 32.5698460951, -86.7293468098 32.5697700956, -86.7291788096 32.5697390954, -86.7290158094 32.5696970954, -86.7288598097 32.5696390952, -86.72848381 32.5694730957, -86.7282668093 32.5693620953, -86.7280588098 32.5692350954, -86.7279288092 32.5691420951, -86.7276208093 32.5688910953, -86.7273008096 32.5686520949, -86.7270958096 32.5685220952, -86.7269528094 32.5684460953, -86.7268008091 32.5683800953, -86.7266408093 32.5683290948, -86.7264758094 32.5682940954, -86.7263078092 32.5682700952, -86.7261378093 32.5682550949, -86.7259678085 32.5682490952, -86.725795809 32.568256095, -86.7255438091 32.5682830954, -86.7253748091 32.5683090949, -86.7252098083 32.568343095, -86.7250488086 32.5683880951, -86.7248128086 32.5684750951, -86.723836808 32.5689300955, -86.723543808 32.5690770956, -86.7230418079 32.5693500954, -86.7228338084 32.5694760959, -86.722635808 32.5696110959, -86.7221838081 32.5699390954, -86.7217378081 32.5702770957, -86.7215368073 32.5704140954, -86.7213948079 32.5704950962, -86.7213188078 32.5705300955, -86.7211588079 32.5705830956, -86.7210758072 32.5706030958, -86.7209068071 32.5706280961, -86.7206498072 32.5706440961, -86.7201338077 32.5706520957, -86.7191058072 32.5706520957, -86.7179068069 32.5706650962, -86.7152588061 32.5707100959, -86.7144878054 32.5707370963, -86.7143158059 32.5707320961, -86.7139678057 32.5707030964, -86.7136818055 32.5707740964, -86.7135288054 32.5708330959, -86.7133898054 32.5709170964, -86.7129608051 32.5712420963, -86.7129058057 32.5713260964, -86.7123398051 32.5720500965, -86.7120678051 32.5724200964, -86.7117688054 32.572860097, -86.7116518052 32.5730540968, -86.7115498051 32.573254097, -86.7114628051 32.5734590968, -86.7114188047 32.573599097, -86.7113878047 32.573741097, -86.7113588053 32.5739550973, -86.7112378049 32.5751000968, -86.7112008051 32.5755340972, -86.711165805 32.5758210975, -86.7110638049 32.5763920971, -86.7109548051 32.5768920979, -86.7108978052 32.5771010976, -86.7108468051 32.5772390974, -86.7107528054 32.5774420973, -86.7106438047 32.5776380977, -86.7104738049 32.577889098, -86.7103788053 32.578010098, -86.7102748047 32.5781250981, -86.7101078052 32.5782920982, -86.7092698046 32.5790090985, -86.7090438046 32.5792260982, -86.7088848046 32.5793980982, -86.7087408047 32.5795770983, -86.7085618046 32.5798240979, -86.7084008049 32.5800790986, -86.7082568041 32.5803400982, -86.7081328042 32.5806110987, -86.7080288045 32.5808860987, -86.7078538045 32.5814450988, -86.7076588046 32.5821470985, -86.7073738041 32.5831310989, -86.7071418043 32.5839760994, -86.707071804 32.5842620994, -86.707035804 32.5844770994, -86.7070218047 32.5846210994, -86.7070218047 32.5847670996, -86.7070338044 32.5849110991, -86.7070588045 32.5850570996, -86.707097804 32.5851980997, -86.7072558041 32.5856120998, -86.7076998046 32.5867110997, -86.7077448048 32.5868500998, -86.7077808048 32.5870100998, -86.7077738051 32.5871900997, -86.7077508046 32.5874410997, -86.7077428051 32.5877690998, -86.7077198047 32.5879780999, -86.7077008044 32.5882650998, -86.7076878049 32.5887691003, -86.7077238049 32.590644101, -86.7077688051 32.5916561005, -86.7077938052 32.5919451011, -86.707825805 32.5921611007, -86.7078938047 32.5925211014, -86.7080158049 32.593016101, -86.7080918051 32.5933731012, -86.7081358055 32.5936591014, -86.7081668054 32.5939461013, -86.7081938052 32.5943801012, -86.7082078054 32.5947431014, -86.7081998051 32.5951791016, -86.7081738051 32.595540102, -86.7080868051 32.596407102, -86.7080698054 32.596939102, -86.7081328051 32.5970281018, -86.7079298056 32.5972761022, -86.7077858048 32.5974281023, -86.7075598048 32.5976401018, -86.7064458049 32.5987231023, -86.7056188051 32.5995401029, -86.7050548041 32.6000661026, -86.703644804 32.6014211034, -86.7026878045 32.6023561034, -86.7021448043 32.6029191037, -86.7018358036 32.6032631034, -86.7005808033 32.6047251039, -86.7000678032 32.6053031039, -86.6991638034 32.6063631047, -86.6988768034 32.6067151042, -86.6984608034 32.6072561048, -86.698237803 32.6075601048, -86.6980218031 32.6078691049, -86.6973488032 32.6087791047, -86.6969118025 32.6093951053, -86.6966958026 32.6097131055, -86.6964438027 32.6100931049, -86.6962858025 32.6103521049, -86.6962158022 32.6104871055, -86.6960918023 32.6107601055, -86.6959928026 32.6110391053, -86.6959578024 32.6111811057, -86.6959318025 32.6113231052, -86.6958938028 32.6116101052, -86.6958658024 32.6119001053, -86.6958538027 32.612192106, -86.695851803 32.6126321058, -86.6958698026 32.6130601055, -86.6958838028 32.6132021058, -86.695928803 32.6134841058, -86.695959803 32.6136251058, -86.6960428028 32.6139051061, -86.6961948031 32.6143201063, -86.6963178032 32.6145911061, -86.6964658033 32.6148511063, -86.6969668027 32.6156011061, -86.6972868033 32.6161151064, -86.697570803 32.6166451068, -86.6977628035 32.6170451067, -86.6979448031 32.617450107, -86.6980458033 32.6177271066, -86.6980888039 32.6178661069, -86.6981588033 32.6181501071, -86.6982118039 32.6184321066, -86.6982468032 32.6187161073, -86.6982718033 32.6190051068, -86.6983508038 32.6204571075, -86.6983748041 32.6209811072, -86.6983678036 32.6212241075, -86.6982688038 32.6212581072, -86.6980818033 32.6213471078, -86.6979488033 32.6214181078, -86.6976838038 32.621581108, -86.6960328028 32.6227001077, -86.6953578033 32.623143108, -86.6946968031 32.6235961081, -86.6940208029 32.6240321086, -86.6926698023 32.6249261082, -86.6921198025 32.6252821088, -86.6919148024 32.6254241086, -86.6917848018 32.6255291088, -86.6916318017 32.6256761084, -86.691311802 32.6256731086, -86.6912238021 32.6256781087, -86.6910568017 32.6257061087, -86.6908928017 32.6257461086, -86.690731802 32.6258001087, -86.6904978017 32.6258941087, -86.6903458014 32.6259661091, -86.6897718012 32.6263011086, -86.6896228013 32.6263741089, -86.6894648011 32.6264331088, -86.6893168019 32.6264711088, -86.6891358012 32.6265001086, -86.688967801 32.6265061089, -86.6888018013 32.6264951093, -86.6886358016 32.6264691092, -86.6883988009 32.6263971092, -86.6880998011 32.6262701091, -86.6879528008 32.6262011088, -86.6877408011 32.6260831093, -86.6876618006 32.6260291093, -86.6873318009 32.625949109, -86.687156801 32.6259211091, -86.6869888007 32.6259061087, -86.6866418004 32.6259071088, -86.6862098006 32.6259231088, -86.6858688001 32.625949109, -86.6857008008 32.6259711093, -86.6853617999 32.6260311089, -86.6851918001 32.6260551087, -86.6848437999 32.6260911092, -86.6844988001 32.6261081093, -86.6838168001 32.6261291093, -86.6829877997 32.626177109, -86.6828187996 32.6261741092, -86.6824767993 32.6261461094, -86.6819607989 32.626073109, -86.6817927996 32.6260411092, -86.6815487992 32.6259851095, -86.6811317995 32.6258781088, -86.6804737988 32.6257341093, -86.6801407987 32.6256751089, -86.6799717986 32.6256581088, -86.6798017988 32.6256521092, -86.6796337985 32.6256561092, -86.6791257985 32.6257061094, -86.6787907988 32.6257461093, -86.6786227986 32.6257601089, -86.6782797984 32.6257721096, -86.6763217981 32.625773109, -86.6759827973 32.6257591095, -86.6758137972 32.6257401097, -86.6756477975 32.6257091092, -86.6754877977 32.6256611093, -86.6753337977 32.6256001093, -86.6748887975 32.6253991092, -86.6746077973 32.6252571093, -86.6744547971 32.625200109, -86.6742907971 32.6251851092, -86.6740527974 32.6252301095, -86.6737237967 32.6253061096, -86.6735157971 32.6254761094, -86.6733737968 32.6255711091, -86.6732987965 32.6256131094, -86.6725337966 32.6259791092, -86.6699147961 32.6271751102, -86.6694747959 32.6273901101, -86.669191796 32.6275451103, -86.6689237954 32.6277161097, -86.668663796 32.62789911, -86.6684167961 32.6280931102, -86.6681817959 32.6282931101, -86.6679667958 32.6284931104, -86.6676057953 32.6284241102, -86.6674537958 32.62840811, -86.6651277943 32.6279911105, -86.6647977946 32.6279181101, -86.6646357942 32.6278731103, -86.6644767942 32.62782011, -86.6643227943 32.6277581105, -86.6641717946 32.6276881104, -86.6640277947 32.62761211, -86.6629147937 32.6269481099, -86.6626407941 32.6267761103, -86.662507794 32.6266841101, -86.6623807938 32.6265881098, -86.662261794 32.6264851098, -86.6621497938 32.62637611, -86.661994794 32.6262021097, -86.6617557936 32.6259031096, -86.6616547934 32.6257871101, -86.6614317938 32.6255691095, -86.6610787936 32.6252561099))
POLYGON ((-86.6261947875 32.7063871282, -86.6262397877 32.7059561282, -86.6262797879 32.705080128, -86.6263217877 32.7046881278, -86.626355788 32.7044821283, -86.6263807872 32.7044001278, -86.6264097876 32.7041491277, -86.6263857873 32.7039981277, -86.6263307879 32.7037561279, -86.6260857877 32.7029701275, -86.6260417873 32.7027321275, -86.6260247876 32.7021721275, -86.6260337878 32.7018621272, -86.6260517874 32.7015541276, -86.6260277871 32.7015121274, -86.6260847879 32.701444127, -86.6260847879 32.7014231273, -86.6261257879 32.7013611274, -86.6261587875 32.701271127, -86.6262197876 32.7011831275, -86.6263787876 32.7009841274, -86.6263957873 32.7009431271, -86.6265177875 32.7008171272, -86.6265747874 32.7007451273, -86.6268647878 32.7005191272, -86.6270887872 32.7003681271, -86.6273337875 32.7001591271, -86.6273987878 32.7000661267, -86.6274647879 32.7000091272, -86.6275457881 32.6999021273, -86.627602788 32.6998511269, -86.6276607877 32.699779127, -86.6280607877 32.6994191269, -86.6282157876 32.6992691265, -86.6283547884 32.6990731271, -86.6283947877 32.6990321266, -86.6286127881 32.698628127, -86.6287727879 32.6982301264, -86.628854788 32.6979751266, -86.6288877885 32.6978231265, -86.6289287885 32.6977831264, -86.6289047882 32.6977631267, -86.6289427878 32.6974091261, -86.6290257877 32.696948126, -86.6290767877 32.6965431259, -86.6290747881 32.6960311263, -86.6290557878 32.6957801261, -86.6289437876 32.6953401256, -86.6289207881 32.6951051262, -86.6288917878 32.694289126, -86.6289167879 32.6940551255, -86.6289027876 32.6936431254, -86.628854788 32.6934361259, -86.6287217879 32.6930951257, -86.6286097877 32.6927241253, -86.6285707874 32.6923461257, -86.6285957875 32.6923261255, -86.6285707874 32.6923051252, -86.6284827875 32.6920371255, -86.6284227872 32.6917441253, -86.6283757874 32.6914421252, -86.6283647875 32.6912241251, -86.6283487876 32.6910801251, -86.6283087874 32.6908611247, -86.6282767877 32.6907581253, -86.6282527874 32.6907091253, -86.6282127872 32.6906611248, -86.6282127872 32.690641125, -86.6281717872 32.690592125, -86.6280437871 32.6902901248, -86.6280197877 32.6902001246, -86.627967787 32.6898941245, -86.6279137874 32.6893581251, -86.6278457877 32.6891331243, -86.6277887869 32.6889891247, -86.6277647875 32.6888991247, -86.627705787 32.6886011243, -86.6276857869 32.6885501249, -86.6276257875 32.6882991242, -86.6274887873 32.6879371242, -86.6274767876 32.6878891244, -86.6274527873 32.6878611243, -86.6273477868 32.6876411241, -86.6273237874 32.6876131246, -86.6272677873 32.687511124, -86.6272427872 32.6874831245, -86.627146787 32.6873111242, -86.627105787 32.6872631241, -86.6270497869 32.6871731239, -86.627033787 32.6871251245, -86.626992787 32.6870771243, -86.6269607872 32.6869181243, -86.6269287865 32.6868561242, -86.6267757873 32.6866421245, -86.6266617866 32.686504124, -86.6265247872 32.6863191243, -86.6263477867 32.6860031241, -86.6262907868 32.6859331242, -86.6262337869 32.6858851242, -86.6262037868 32.6858181242, -86.6257607862 32.6854791242, -86.6258677863 32.6851421235, -86.6258477862 32.6850041237, -86.6258807868 32.684962124, -86.6260277862 32.6846751234, -86.6262657867 32.6843251235, -86.626289787 32.6842981241, -86.6263537866 32.684185124, -86.6265217868 32.6838081234, -86.626848787 32.6829861232, -86.6269957865 32.6826431234, -86.6270207866 32.6826231233, -86.627028787 32.6825811233, -86.6270537871 32.6825551236, -86.627069787 32.6825071233, -86.6270947871 32.682479123, -86.627110787 32.6824311233, -86.6271847866 32.6823561229, -86.6271847866 32.6823141235, -86.6272987864 32.6821561229, -86.6276047867 32.6818441228, -86.6279447874 32.6814101228, -86.6281687868 32.6810881229, -86.6282877866 32.6809291228, -86.6284067873 32.6807181228, -86.6284357868 32.6806421228, -86.6284277873 32.6806211227, -86.6284767868 32.6805801229, -86.6285257872 32.680484123, -86.6286327873 32.680217123, -86.6287397874 32.6799131226, -86.6288627875 32.6796121229, -86.6289777871 32.6793591228, -86.6290017874 32.6793381224, -86.6290837874 32.6791311223, -86.629116787 32.6790971227, -86.6291337867 32.6790431222, -86.6291657874 32.6790011227, -86.6291737869 32.6789671223, -86.6292317875 32.6788921227, -86.6292477874 32.6788371225, -86.629280787 32.6788031227, -86.6293137875 32.6787141226, -86.6293377869 32.6786921225, -86.6294447871 32.6784671221, -86.6294567877 32.6784081225, -86.629501787 32.6783091222, -86.6295347875 32.6782051224, -86.6295597876 32.6781851221, -86.6296337872 32.6780071221, -86.6297147874 32.677897122, -86.6297397875 32.6778351224, -86.6297647876 32.677815122, -86.6298137871 32.6777041221, -86.6299697877 32.6774001222, -86.6301497876 32.6771361217, -86.6302477875 32.676944122, -86.6303057872 32.676738122, -86.6302327874 32.6765591218, -86.6302207877 32.6765001216, -86.6301527871 32.6763181221, -86.630132787 32.6762181215, -86.6301387877 32.6758161215, -86.630214787 32.6752461218, -86.6302537874 32.6747681216, -86.6302587874 32.6743461215, -86.6302717869 32.6742671217, -86.6303337868 32.674133121, -86.6303827872 32.6740031217, -86.6304067875 32.673975121, -86.6304157868 32.6739411217, -86.6304477875 32.6738931212, -86.6308647873 32.6733721211, -86.6309057873 32.6733311209, -86.6309057873 32.6733101214, -86.6309387878 32.6732621213, -86.6309627872 32.6732071214, -86.631004787 32.6730291214, -86.6310697873 32.6729531209, -86.6312917871 32.6723841208, -86.6314347872 32.6713741206, -86.6314927878 32.6711201209, -86.6315247876 32.6710861205, -86.6315297876 32.6710411206, -86.6315577872 32.6709551209, -86.6317297876 32.6707771209, -86.6317667874 32.6707491207, -86.6318847874 32.6706881203, -86.6319657876 32.6706331203, -86.6321417874 32.6704771203, -86.6323497878 32.6701951208, -86.6325137878 32.6699551203, -86.632830788 32.6696241204, -86.6331177881 32.6692611199, -86.6331347878 32.6692211205, -86.6332167878 32.6689051203, -86.6332497874 32.6688441202, -86.6334457881 32.6686041199, -86.6335357876 32.6685181201, -86.6335647879 32.6684731204, -86.6337847881 32.6682561199, -86.6339687882 32.6680201198, -86.6340097882 32.6679801199, -86.6340427878 32.66785012, -86.6339987883 32.6675781199, -86.633979788 32.6672931196, -86.634000788 32.6671381196, -86.6340707883 32.6669981197, -86.6341197878 32.6668661196, -86.6344347883 32.6664411193, -86.6345207876 32.6663461198, -86.6345127881 32.6662841198, -86.634569788 32.6662161198, -86.6345947882 32.6661541197, -86.6347827885 32.6659141196, -86.634790788 32.6658801195, -86.6348157881 32.6658521193, -86.634882788 32.6656791191, -86.6349017883 32.6655941193, -86.6349467885 32.6654951193, -86.6349757879 32.6653341191, -86.635000788 32.6652821196, -86.6350417881 32.6650931194, -86.6350587878 32.665062119, -86.6350797877 32.6649521196, -86.635103788 32.6649181191, -86.6351287881 32.6647811195, -86.635154788 32.6645541193, -86.635118788 32.6643301194, -86.6350907885 32.6642381192, -86.6350757884 32.6639491191, -86.6351007885 32.6637361188, -86.6351747881 32.6634821186, -86.6352817883 32.663387119, -86.6353467885 32.6633511191, -86.6354847877 32.6632361188, -86.635534788 32.6631261187, -86.6355477884 32.6628331189, -86.6355157877 32.6626901189, -86.6354877881 32.6626111187, -86.6354767882 32.6625071187, -86.6354417881 32.6624311184, -86.6355167884 32.6623181187, -86.6355387882 32.6622391189, -86.6357597881 32.6617661183, -86.635816788 32.6616771186, -86.6358417881 32.6616501184, -86.6358907885 32.6615671181, -86.6359887884 32.6614371187, -86.6360627881 32.6613551187, -86.6360707884 32.661319118, -86.6360947878 32.6612991185, -86.6361357878 32.6611971181, -86.636119788 32.6611621186, -86.6361447881 32.6611281182, -86.6361567887 32.6610841183, -86.6361737884 32.661053118, -86.6362237886 32.6607681181, -86.6363017884 32.6605311181, -86.6364417882 32.6601881182, -86.636555788 32.6599541184, -86.6366997879 32.6596081184, -86.6367777886 32.6594531179, -86.6367947883 32.659377118, -86.6368517882 32.6592471176, -86.6369707881 32.6590831182, -86.6370157883 32.6590341182, -86.6370727882 32.6589101178, -86.6372037886 32.6587711176, -86.6372847888 32.6586651181, -86.6373087882 32.6585861181, -86.6372937881 32.658507118, -86.637278788 32.6582931178, -86.6373117886 32.6581971174, -86.6374507885 32.6580601173, -86.6374507885 32.658026118, -86.6374177889 32.6579641175, -86.6372807886 32.6578061176, -86.6372647887 32.6576611176, -86.6372177879 32.6573931176, -86.6371857882 32.6572551172, -86.6371857882 32.6572211175, -86.6371937886 32.6571871171, -86.6372347886 32.6571461178, -86.6372477881 32.6570491172, -86.6373177884 32.6568711174, -86.6373827887 32.6568161173, -86.6374477881 32.6567741172, -86.6374807886 32.6567741172, -86.637504788 32.6567621176, -86.6375537884 32.6566381171, -86.637514788 32.656404117, -86.6375477886 32.656307117, -86.6376457885 32.6562111176, -86.6376617884 32.6561711169, -86.6376377881 32.6560951173, -86.6376067881 32.6557651174, -86.6375907882 32.6557301173, -86.6375497882 32.6556821169, -86.6375667879 32.6555921174, -86.6377017885 32.6554771169, -86.637827788 32.655409117, -86.6379337883 32.6553191172, -86.6379177885 32.6552851168, -86.6379667889 32.6552371169, -86.6379747884 32.6551761173, -86.6380077889 32.6550931171, -86.6381217887 32.6549841166, -86.6383347882 32.6548011173, -86.6384157884 32.6546961167, -86.6384247886 32.654655117, -86.6385627887 32.6545241167, -86.6386197886 32.6545031166, -86.638668789 32.6544691166, -86.638709789 32.6544691166, -86.6387747884 32.6544291167, -86.6388077889 32.6544291167, -86.6388357885 32.6544091171, -86.6389617889 32.654354117, -86.6390437889 32.6543061166, -86.6390837891 32.6542991167, -86.6392307885 32.6542241169, -86.6393447883 32.6541281167, -86.6394397888 32.6539291169, -86.639484789 32.6537431165, -86.6395097891 32.6537171168, -86.6395507891 32.6536331168, -86.6395747885 32.6536001164, -86.639607789 32.6535711163, -86.6396237889 32.6535311167, -86.6397297892 32.6534321169, -86.6397587886 32.6533871164, -86.6399337885 32.6532251165, -86.6399747885 32.6531751165, -86.6399967892 32.6529521167, -86.6400247887 32.6528791162, -86.6401307891 32.6527911167, -86.6402857889 32.6527501161, -86.6404277892 32.6527331166, -86.6404887893 32.6527161163, -86.6405947887 32.6527031163, -86.6406357887 32.6526821164, -86.6407087894 32.6526681165, -86.6408557888 32.652600116, -86.6409207891 32.6525391161, -86.641377789 32.6521591161, -86.6415087894 32.6519631162, -86.6415487896 32.651922116, -86.6415487896 32.6519021159, -86.6415817892 32.6518661159, -86.6415987889 32.6518121163, -86.6416927896 32.6516681163, -86.6417947897 32.6515451161, -86.6419417891 32.6513451159, -86.641998789 32.6512831161, -86.6420487892 32.6511751162, -86.6421077897 32.6506391158, -86.6421737898 32.6504601156, -86.6421977892 32.6504331157, -86.6422137891 32.6503991157, -86.6423697896 32.6502411162, -86.6423757894 32.6502071161, -86.6425017898 32.6500751155, -86.6425057891 32.6500561156, -86.6425487897 32.6500081159, -86.6425657894 32.6499601155, -86.6425897897 32.6499321156, -86.642721789 32.6495961153, -86.6428117895 32.6494791156, -86.6429827892 32.6493151156, -86.6436187901 32.6487811153, -86.6436357898 32.6487471155, -86.6439787899 32.6484271157, -86.6440807901 32.648348115, -86.6441417902 32.648314115, -86.6443537899 32.6481651157, -86.64439379 32.648151115, -86.6444997904 32.6480751154, -86.6447117901 32.6478981151, -86.6449167901 32.6477031148, -86.6450387903 32.647559115, -86.6451937901 32.6473291151, -86.6453087897 32.6471991154, -86.6453297897 32.6470371149, -86.6453677902 32.6466141148, -86.6453597898 32.6465941149, -86.6453357904 32.6465661147, -86.6453847899 32.6465051146, -86.6454177904 32.6463331148, -86.6455497898 32.6459901149, -86.6455907898 32.645949115, -86.6455907898 32.6459281151, -86.6456317898 32.6458871144, -86.6456317898 32.6458661145, -86.64575379 32.6457161149, -86.6457867905 32.6456881145, -86.64579479 32.6456601147, -86.64583579 32.6456131149, -86.6458437904 32.6455781147, -86.64587679 32.6455371146, -86.6459017901 32.645482115, -86.6459757906 32.6452891147, -86.6460897904 32.6451311144, -86.6460977899 32.6451051144, -86.6461387899 32.6450641149, -86.6461387899 32.6450431148, -86.6461637901 32.6450191147, -86.6466787906 32.6443511145, -86.6466867901 32.6443231144, -86.6467517904 32.644234114, -86.64678479 32.6441521142, -86.6468497903 32.6440621144, -86.6468997906 32.6439461142, -86.6469567905 32.6438761139, -86.64696479 32.6438421145, -86.6470387905 32.6437401146, -86.64704679 32.6437131142, -86.6470877909 32.6436721141, -86.64708779 32.6436511144, -86.6471207905 32.6436171141, -86.6471367904 32.643569114, -86.6471617905 32.6435411143, -86.6471857908 32.6434791144, -86.6472187904 32.6434371141, -86.64725179 32.6433491144, -86.6474147902 32.6431361141, -86.6474887907 32.643054114, -86.6478557903 32.6426971137, -86.6481577904 32.6424791142, -86.6483617906 32.6423031143, -86.6485327912 32.6420751138, -86.6485737912 32.6420341136, -86.6486067908 32.641951114, -86.6486067908 32.6419311139, -86.6487707908 32.6417251134, -86.6487867907 32.6416561136, -86.6488117909 32.6415941139, -86.6488447905 32.6415641136, -86.6489177912 32.6414641134, -86.6489887904 32.6410281139, -86.6490097912 32.6409831139, -86.6490347904 32.6408871139, -86.6491487911 32.6407781135, -86.6492507912 32.6406951135, -86.649400791 32.6406201136, -86.6495107906 32.6405441136, -86.6496617911 32.6404731136, -86.6498327909 32.6403471131, -86.6500207912 32.6401861131, -86.6501437912 32.6400451133, -86.6503467916 32.6398531133, -86.6504087915 32.6398061135, -86.650493791 32.6397671131, -86.6506737909 32.6396481134, -86.6507467916 32.639635113, -86.6507877916 32.6396071129, -86.651268791 32.6392001129, -86.6515547912 32.6389051133, -86.6518517913 32.6386971133, -86.6522927913 32.6383601131, -86.6524507915 32.6382781132, -86.6526307914 32.6381561128, -86.6529317917 32.6378991124, -86.6529567918 32.6378611128, -86.6530877914 32.6377271127, -86.6537417918 32.6368671122, -86.6538717915 32.6367411127, -86.6539537916 32.6366341127, -86.6540107924 32.6365861126, -86.6540267923 32.6365521127, -86.6542147917 32.6363191123, -86.6542887922 32.6361681126, -86.6543217918 32.636127112, -86.6543297922 32.6360921125, -86.6543547923 32.6360721126, -86.6543747924 32.6360301127, -86.6544087918 32.6358351123, -86.6544617924 32.6356941124, -86.6544827924 32.6355601121, -86.6545277917 32.6354471125, -86.6545487925 32.6353201124, -86.6546607917 32.6348361122, -86.6547347923 32.634630112, -86.6547677919 32.6345891122, -86.6547757923 32.6345541122, -86.6548897921 32.634423112, -86.6550897921 32.6342251116, -86.6552977925 32.6341021116, -86.6554447919 32.6340541117, -86.6558877925 32.6339771121, -86.6559977921 32.6339461122, -86.6561887928 32.6339161116, -86.6565997927 32.6338041115, -86.6567947927 32.6337421116, -86.6568677925 32.633715112, -86.656900793 32.6336941115, -86.6569577929 32.6336801117, -86.6575037925 32.6334071119, -86.6576667927 32.6333191114, -86.657808793 32.6332161115, -86.6578537932 32.6331961117, -86.6583797928 32.6328191115, -86.658619793 32.6327001116, -86.6586767929 32.6326611111, -86.6587257933 32.6326491113, -86.6587507934 32.6326271112, -86.6587747928 32.6326271112, -86.6589047934 32.6325631118, -86.6593287937 32.6322451111, -86.6597047934 32.6319261115, -86.6600147931 32.6316251113, -86.6600877937 32.6315261115, -86.6601047935 32.6314901109, -86.6603577932 32.6312231113, -86.6605937932 32.6310731113, -86.6607237938 32.6310331108, -86.6610617939 32.630981111, -86.6611427941 32.6309891113, -86.6614967941 32.6309801109, -86.6617157935 32.630987111, -86.6618217938 32.6309671107, -86.6618947936 32.6309331109, -86.661943794 32.6309191107, -86.6620087943 32.6308851108, -86.6620577938 32.6308431107, -86.6620657942 32.6308151109, -86.6620097941 32.6307471111, -86.6619937942 32.6306571107, -86.6620017937 32.6305951109, -86.6621407936 32.6304661105, -86.6622097941 32.6304181109, -86.6623197937 32.6303671108, -86.6624547943 32.6302751105, -86.662507794 32.6302511111, -86.6625647939 32.6302131105, -86.6625927944 32.6302101108, -86.6626457941 32.630189111, -86.6630117938 32.6301591107, -86.6631657947 32.630167111, -86.663287794 32.6301871107, -86.6634097942 32.6302461104, -86.6634747945 32.6302851104, -86.6635557947 32.6302911104, -86.6635967947 32.6302851104, -86.6636947946 32.6302031106, -86.6637437941 32.6301481107, -86.663805794 32.6299251109, -86.6639077942 32.6296881109, -86.6640307942 32.6295371105, -86.6640467941 32.6294751107, -86.6640067948 32.6293791104, -86.6635457947 32.6289721108, -86.6634947946 32.6289011108, -86.663472794 32.6287591104, -86.6634817942 32.6287241104, -86.6635877945 32.6286171106, -86.6636117939 32.6285801102, -86.6637917947 32.6284091102, -86.6638977941 32.6283341105, -86.6640037944 32.6283071101, -86.6644017948 32.6282601102, -86.6645157946 32.6282331105, -86.6645397949 32.6282191105, -86.6646187945 32.62814911, -86.6647977946 32.6279181101, -86.6651277943 32.6279911105, -86.6674537958 32.62840811, -86.6676057953 32.6284241102, -86.6679667958 32.6284931104, -86.6681817959 32.6282931101, -86.6684167961 32.6280931102, -86.668663796 32.62789911, -86.6689237954 32.6277161097, -86.669191796 32.6275451103, -86.6694747959 32.6273901101, -86.6699147961 32.6271751102, -86.6725337966 32.6259791092, -86.6732987965 32.6256131094, -86.6733737968 32.6255711091, -86.6735157971 32.6254761094, -86.6737237967 32.6253061096, -86.6740527974 32.6252301095, -86.6742907971 32.6251851092, -86.6744547971 32.625200109, -86.6746077973 32.6252571093, -86.6748887975 32.6253991092, -86.6753337977 32.6256001093, -86.6754877977 32.6256611093, -86.6756477975 32.6257091092, -86.6758137972 32.6257401097, -86.6759827973 32.6257591095, -86.6763217981 32.625773109, -86.6782797984 32.6257721096, -86.6786227986 32.6257601089, -86.6787907988 32.6257461093, -86.6791257985 32.6257061094, -86.6796337985 32.6256561092, -86.6798017988 32.6256521092, -86.6799717986 32.6256581088, -86.6801407987 32.6256751089, -86.6804737988 32.6257341093, -86.6811317995 32.6258781088, -86.6815487992 32.6259851095, -86.6817927996 32.6260411092, -86.6819607989 32.626073109, -86.6824767993 32.6261461094, -86.6828187996 32.6261741092, -86.6829877997 32.626177109, -86.6838168001 32.6261291093, -86.6844988001 32.6261081093, -86.6848437999 32.6260911092, -86.6851918001 32.6260551087, -86.6853617999 32.6260311089, -86.6857008008 32.6259711093, -86.6858688001 32.625949109, -86.6862098006 32.6259231088, -86.6866418004 32.6259071088, -86.6869888007 32.6259061087, -86.687156801 32.6259211091, -86.6873318009 32.625949109, -86.6876618006 32.6260291093, -86.6877408011 32.6260831093, -86.6879528008 32.6262011088, -86.6880998011 32.6262701091, -86.6883988009 32.6263971092, -86.6886358016 32.6264691092, -86.6888018013 32.6264951093, -86.688967801 32.6265061089, -86.6891358012 32.6265001086, -86.6893168019 32.6264711088, -86.6894648011 32.6264331088, -86.6896228013 32.6263741089, -86.6897718012 32.6263011086, -86.6903458014 32.6259661091, -86.6904978017 32.6258941087, -86.690731802 32.6258001087, -86.6908928017 32.6257461086, -86.6910568017 32.6257061087, -86.6912238021 32.6256781087, -86.691311802 32.6256731086, -86.6916318017 32.6256761084, -86.6917848018 32.6255291088, -86.6919148024 32.6254241086, -86.6921198025 32.6252821088, -86.6926698023 32.6249261082, -86.6940208029 32.6240321086, -86.6946968031 32.6235961081, -86.6953578033 32.623143108, -86.6960328028 32.6227001077, -86.6976838038 32.621581108, -86.6979488033 32.6214181078, -86.6980818033 32.6213471078, -86.6982688038 32.6212581072, -86.6983678036 32.6212241075, -86.6983748041 32.6209811072, -86.6983508038 32.6204571075, -86.6982718033 32.6190051068, -86.6982468032 32.6187161073, -86.6982118039 32.6184321066, -86.6981588033 32.6181501071, -86.6980888039 32.6178661069, -86.6980458033 32.6177271066, -86.6979448031 32.617450107, -86.6977628035 32.6170451067, -86.697570803 32.6166451068, -86.6972868033 32.6161151064, -86.6969668027 32.6156011061, -86.6964658033 32.6148511063, -86.6963178032 32.6145911061, -86.6961948031 32.6143201063, -86.6960428028 32.6139051061, -86.695959803 32.6136251058, -86.695928803 32.6134841058, -86.6958838028 32.6132021058, -86.6958698026 32.6130601055, -86.695851803 32.6126321058, -86.6958538027 32.612192106, -86.6958658024 32.6119001053, -86.6958938028 32.6116101052, -86.6959318025 32.6113231052, -86.6959578024 32.6111811057, -86.6959928026 32.6110391053, -86.6960918023 32.6107601055, -86.6962158022 32.6104871055, -86.6962858025 32.6103521049, -86.6964438027 32.6100931049, -86.6966958026 32.6097131055, -86.6969118025 32.6093951053, -86.6973488032 32.6087791047, -86.6980218031 32.6078691049, -86.698237803 32.6075601048, -86.6984608034 32.6072561048, -86.6988768034 32.6067151042, -86.6991638034 32.6063631047, -86.7000678032 32.6053031039, -86.7005808033 32.6047251039, -86.7018358036 32.6032631034, -86.7021448043 32.6029191037, -86.7026878045 32.6023561034, -86.703644804 32.6014211034, -86.7050548041 32.6000661026, -86.7056188051 32.5995401029, -86.7064458049 32.5987231023, -86.7075598048 32.5976401018, -86.7077858048 32.5974281023, -86.7079298056 32.5972761022, -86.7081328051 32.5970281018, -86.7083508056 32.5973081017, -86.7094988058 32.5988921021, -86.7099538061 32.5995061025, -86.7101718056 32.5998211022, -86.7119578064 32.6022921028, -86.7124078067 32.6029031035, -86.7146458074 32.6060061033, -86.7165288083 32.6085991042, -86.7169978088 32.6092151046, -86.7172898089 32.6095701046, -86.7176068082 32.6099081046, -86.7177748084 32.6100731045, -86.7181268088 32.6103821043, -86.7183088093 32.6105321048, -86.7186888092 32.6108251042, -86.7190828094 32.6110951044, -86.7192858089 32.6112221049, -86.7197088094 32.611458105, -86.7234408108 32.6133941047, -86.7235898108 32.6134811048, -86.7238588104 32.613625105, -86.7248458109 32.6141391053, -86.7321928128 32.6179171058, -86.7329218136 32.6182971059, -86.7334218132 32.6185701056, -86.7338398136 32.6188171059, -86.7342418133 32.6190851058, -86.7344358135 32.6192281058, -86.7346838141 32.6194281059, -86.7350378141 32.6197401059, -86.735253814 32.6199661061, -86.7354598139 32.6201941062, -86.7357578147 32.6205541062, -86.7359438145 32.6208041063, -86.7361148142 32.6210601064, -86.7362748149 32.6213211062, -86.7364178141 32.6215841064, -86.736602815 32.6219881064, -86.7367148142 32.6222611061, -86.7368108145 32.6225411066, -86.7369328147 32.6229601063, -86.737053815 32.6234551064, -86.7376398149 32.6260101073, -86.7377608152 32.6265051073, -86.7378528153 32.6267811074, -86.7379578149 32.6270611074, -86.7380848151 32.6273301076, -86.738223815 32.6275841076, -86.7383898156 32.6278321075, -86.7385688157 32.6280571075, -86.7387678159 32.6282731077, -86.7391118158 32.6285761073, -86.7394148158 32.6287991074, -86.7395558154 32.6288941074, -86.7397538157 32.6290111076, -86.7399278158 32.6291011074, -86.7402638163 32.629259108, -86.7407398165 32.6294391077, -86.7411498165 32.6295681074, -86.7416598162 32.629716108, -86.7425858166 32.6299731078, -86.7435498167 32.6302691075, -86.7438638175 32.6303811082, -86.7442558171 32.6305421077, -86.7447808177 32.6307891075, -86.7451398177 32.6309891082, -86.7454888177 32.6311981081, -86.7456228176 32.6312871079, -86.7458838177 32.6314751083, -86.7462588176 32.6317771083, -86.746497818 32.6319831083, -86.7468318179 32.6323121081, -86.7471508178 32.6326581085, -86.7478178187 32.6335111087, -86.7482848186 32.6341231083, -86.7496718192 32.6359611085, -86.7501318195 32.6365831086, -86.7510048194 32.6377301091, -86.7510708195 32.6378251094, -86.7521738195 32.6392581097, -86.7523728197 32.6395001095, -86.7526018201 32.6397561098, -86.7529178204 32.6400701094, -86.75322782 32.6403531094, -86.7534768205 32.6405641094, -86.7538658206 32.6408621097, -86.7540648208 32.6410041097, -86.7543378206 32.6411871101, -86.7548968207 32.6415341095, -86.7572928216 32.6429391103, -86.7586958221 32.6437711103, -86.7608118226 32.6450071106, -86.7611548227 32.6452241107, -86.7613598227 32.6453581102, -86.7616208229 32.6455441106, -86.7618758231 32.6457381103, -86.7621218232 32.6459391109, -86.7623618234 32.6461521105, -86.7627058233 32.6464821103, -86.762979823 32.646771111, -86.763133823 32.6469451106, -86.7633298237 32.6471911106, -86.7635968236 32.6475651108, -86.7638488235 32.6479451107, -86.7641658237 32.6484571107, -86.764779824 32.6494901109, -86.7655588242 32.6507761114, -86.7671098248 32.6533771116, -86.7679638253 32.6547761124, -86.7680868253 32.6549941122, -86.768806825 32.6562021122, -86.7695998254 32.6575081126, -86.7703738264 32.6588021127, -86.7707698263 32.6594441128, -86.7711528266 32.6600921131, -86.7715368267 32.6607231129, -86.7499888203 32.6609901145, -86.7321808158 32.661518115, -86.7193458118 32.6616671155, -86.7149558106 32.6617331156, -86.71339481 32.661738116, -86.7142238121 32.7057001248, -86.7125798125 32.7057511249, -86.6980738083 32.7058581253, -86.6933948065 32.7059131255, -86.6536997956 32.7061931271, -86.6484457939 32.7061811274, -86.6453997936 32.7062261277, -86.6261947875 32.7063871282))
POLYGON ((-86.7813498244 32.5592050912, -86.7811828239 32.5591740912, -86.7809368239 32.5591150908, -86.7806968237 32.5590410909, -86.7804628234 32.5589540909, -86.7802358236 32.5588530914, -86.7799478237 32.5586980913, -86.7796748239 32.5585270911, -86.7792158234 32.5582020913, -86.7779758231 32.557204091, -86.7757328224 32.5554230904, -86.7753668218 32.5551130909, -86.7751378223 32.5548980909, -86.7749248219 32.5546700905, -86.7747288221 32.5544320903, -86.7746418221 32.5543100907, -86.7744868222 32.55405409, -86.7742838219 32.5536520901, -86.774164822 32.5533790903, -86.7740548215 32.5531030904, -86.7739608218 32.55282209, -86.7738878211 32.55253709, -86.7738378218 32.5522500901, -86.7735998212 32.5501460892, -86.7735388211 32.5498580897, -86.7734508213 32.5495750892, -86.7733658209 32.5493690898, -86.7732608213 32.5491690893, -86.7731768207 32.5490430891, -86.7730788208 32.5489220893, -86.7729618216 32.5488150889, -86.7727638212 32.548676089, -86.7725498209 32.5485550895, -86.772251821 32.5484120895, -86.7720938208 32.5483530889, -86.7718508211 32.5482820893, -86.7716838207 32.5482460894, -86.771512821 32.5482210896, -86.7714248203 32.5482150893, -86.7711688202 32.5482120892, -86.7709958208 32.5482240889, -86.7708258201 32.5482460894, -86.7706588205 32.5482800895, -86.7704958203 32.5483250891, -86.7701048205 32.5484630893, -86.7694058198 32.5487410896, -86.7685858197 32.5490780892, -86.76848682 32.5488930894, -86.7679498197 32.5480090891, -86.7678438193 32.5478100889, -86.7676338193 32.547333089, -86.7675378199 32.547053089, -86.767460819 32.5467700887, -86.7674318196 32.546625089, -86.7673828192 32.5463380892, -86.7673588198 32.546141089, -86.7673418192 32.5459060891, -86.7673388197 32.5456180888, -86.7673558195 32.5453290889, -86.7673918194 32.545043089, -86.7674468197 32.5447560886, -86.7675198195 32.5444720883, -86.767563819 32.5443310885, -86.7676648192 32.5440520886, -86.7677828192 32.5437770884, -86.7679178199 32.5435100886, -86.7680728197 32.5432480883, -86.7682448192 32.5429920886, -86.7683368193 32.542868088, -86.76853282 32.5426290879, -86.7687418193 32.5423980878, -86.7689678193 32.5421770877, -86.7692078195 32.541969088, -86.7694608201 32.5417730877, -86.7697248197 32.5415880879, -86.76986182 32.5415000881, -86.7701448198 32.541334088, -86.7704378197 32.5411840875, -86.77089282 32.5409820878, -86.7712068198 32.5408660874, -86.7713678204 32.5408130879, -86.7716908204 32.5407200876, -86.7721888204 32.5406030873, -86.7745118215 32.5400870871, -86.775006821 32.5399710871, -86.7755018215 32.5398470876, -86.7758218212 32.5397430874, -86.7759798213 32.5396810875, -86.7762858217 32.5395440871, -86.7764338218 32.5394700869, -86.7765778217 32.539391087, -86.7768598218 32.539218087, -86.7771238214 32.5390290873, -86.7775638216 32.5386860869, -86.7816368226 32.5354230859, -86.7827688229 32.5345230859, -86.7831348235 32.5342110861, -86.783368823 32.5339970857, -86.7836998234 32.5336590858, -86.7839058233 32.5334250855, -86.7841998239 32.5330630852, -86.7855498238 32.5311970849, -86.7864178236 32.5300180846, -86.7868948237 32.529356085, -86.786528824 32.5291030843, -86.7863868237 32.5290190848, -86.786092824 32.5288610847, -86.7855688241 32.5285970845, -86.7853558236 32.5284700844, -86.7852208239 32.5283800843, -86.7850928239 32.5282830843, -86.7849688231 32.5281800841, -86.7848518238 32.5280720842, -86.7845148236 32.5277360842, -86.7838178234 32.5270820841, -86.7835928233 32.5268590839, -86.7832678227 32.526516084, -86.7831548227 32.5264060841, -86.7830368227 32.5263000839, -86.7829088227 32.5262020841, -86.7827758226 32.5261080841, -86.7826378225 32.5260220838, -86.7823548227 32.5258580842, -86.7819158223 32.5256290837, -86.7812588223 32.5253070838, -86.780803822 32.5251070836, -86.7805058221 32.524968084, -86.7802208217 32.5248090838, -86.7799898217 32.524703084, -86.7791188215 32.5243670836, -86.7789698216 32.5242950842, -86.7786818217 32.5241300839, -86.778531821 32.5240510841, -86.778377821 32.5239830837, -86.7780618215 32.5238660835, -86.7779128216 32.523792084, -86.7777708213 32.5237050839, -86.7776418214 32.5236070836, -86.7775248212 32.5235020837, -86.777207821 32.5231680837, -86.7771098211 32.5230500834, -86.7769298212 32.5228010832, -86.7766888212 32.5224150837, -86.7762708207 32.5216190831, -86.776181821 32.5214950832, -86.7760808207 32.5213750833, -86.7757578207 32.5210380835, -86.7755578207 32.5208040829, -86.7754738201 32.5206790829, -86.77540282 32.5205510831, -86.77501282 32.5197340827, -86.7747008198 32.519050083, -86.7746008203 32.5188540826, -86.77451482 32.5187290829, -86.7744088197 32.5186160829, -86.7742818195 32.5185160826, -86.7741378196 32.5184340828, -86.7736908197 32.5182090826, -86.7726498196 32.5177040827, -86.7717048189 32.5172130829, -86.7711238191 32.5168780824, -86.7702208191 32.5163420822, -86.7699998182 32.5162040826, -86.768677818 32.5154250821, -86.7674888177 32.5147050824, -86.7672198181 32.5145250818, -86.766963818 32.5143330818, -86.7667288178 32.5141200817, -86.7665128179 32.5138940821, -86.7664108178 32.5137750818, -86.7662248172 32.513531082, -86.7661418173 32.5134040819, -86.7659838171 32.5131430815, -86.7659118172 32.5130110819, -86.764532817 32.510339081, -86.764378817 32.5100790816, -86.7642938166 32.5099510811, -86.7640978168 32.5097090815, -86.7639858166 32.5095950816, -86.7637408164 32.5093850815, -86.7634648162 32.509197081, -86.7633178168 32.5091130811, -86.7630838164 32.5089980812, -86.7628908161 32.5089260808, -86.7626218165 32.5088460814, -86.7622948162 32.5087700809, -86.7619838159 32.5087250813, -86.7617198163 32.5087080809, -86.7596798151 32.5087140815, -86.7593358151 32.5087110808, -86.7589938148 32.5086910813, -86.758653815 32.5086460808, -86.7584878154 32.5086140815, -86.7583248152 32.5085730809, -86.758007815 32.5084650809, -86.7577068147 32.5083250815, -86.7575648144 32.5082460814, -86.757427815 32.5081590814, -86.7572968146 32.5080660815, -86.7571718149 32.5079670808, -86.7570518144 32.5078630808, -86.7568308144 32.5076400813, -86.7561738145 32.5068760808, -86.7559278144 32.5065770812, -86.7531748132 32.50331608, -86.751215813 32.5010080796, -86.7509088128 32.5006560797, -86.750687812 32.5004280795, -86.7504528127 32.5002160798, -86.7502008119 32.50001908, -86.7499318123 32.4998430798, -86.7496478118 32.4996800795, -86.7495008123 32.4996060798, -86.7491968117 32.4994710798, -86.7490388115 32.4994110796, -86.7468798113 32.4986890795, -86.7464048109 32.4985190795, -86.7460918109 32.4983920794, -86.7457898108 32.4982470797, -86.7454908111 32.498087079, -86.7452048108 32.4979110796, -86.744926811 32.4977200791, -86.7445868103 32.4974560792, -86.7431148103 32.4961140788, -86.7422908099 32.4953740788, -86.7420478093 32.4951680786, -86.74192581 32.4950750788, -86.7416608097 32.4948900792, -86.7412358096 32.4946280788, -86.7410868096 32.4945490788, -86.740787809 32.4944050791, -86.7404808088 32.4942760789, -86.7401628088 32.4941580786, -86.7396748089 32.4940050785, -86.7391588085 32.4938540784, -86.7397088092 32.4921560784, -86.7398018091 32.4917280783, -86.7398368093 32.4914440779, -86.7398418093 32.4912960778, -86.7398328091 32.4909990783, -86.7398208085 32.4908510782, -86.7397758092 32.4905600783, -86.7395038083 32.4894100779, -86.7384318082 32.4851210769, -86.7383338083 32.4846930767, -86.7382808077 32.4844060768, -86.7382238078 32.4839730764, -86.7382038077 32.4836820762, -86.7381958082 32.4832440764, -86.7382508076 32.4779950754, -86.7382678073 32.4775840756, -86.7382788081 32.477444075, -86.7383018076 32.4772890754, -86.7383738076 32.4769910748, -86.7384268073 32.476847075, -86.738489808 32.4767060753, -86.7385588076 32.4765690751, -86.7386388079 32.4764350749, -86.7387278076 32.4763060748, -86.7388238079 32.4761820746, -86.7393418079 32.4755810747, -86.7424378084 32.4720600736, -86.7427418091 32.4717070738, -86.7429348085 32.4714650735, -86.743203809 32.4710920741, -86.7433728091 32.4708360734, -86.7436078093 32.4704450732, -86.7437548087 32.4701790735, -86.743947809 32.4697720737, -86.744065809 32.4694980733, -86.7442208088 32.469079073, -86.7443148086 32.4687960735, -86.7443948089 32.468511073, -86.7444628087 32.4682260731, -86.7445198086 32.467939073, -86.7445678092 32.4676470728, -86.744604809 32.467358073, -86.7446378086 32.4669210731, -86.7446528087 32.4653840724, -86.7446808083 32.4603540713, -86.7446658091 32.4600660714, -86.7446448083 32.4599240713, -86.7446128085 32.4597840714, -86.7445668085 32.4596490715, -86.7445088087 32.4595100708, -86.7444398082 32.4593760711, -86.7443178089 32.4591930711, -86.7442298082 32.4590810711, -86.7439738081 32.4588100708, -86.7436978079 32.4586050708, -86.7435448086 32.4585200709, -86.7433888081 32.4584470713, -86.7432258079 32.4583880708, -86.7428908082 32.458298071, -86.7427208083 32.458267071, -86.741280808 32.4580620713, -86.7409478079 32.4579960713, -86.7407858075 32.457952071, -86.7406248069 32.4578990711, -86.7404698071 32.4578340708, -86.7403238075 32.4577600708, -86.7401828071 32.4576760707, -86.740049807 32.4575830708, -86.7399248073 32.4574820711, -86.739808807 32.4573750709, -86.7397028067 32.4572610707, -86.739608807 32.4571390711, -86.7395228068 32.4570110711, -86.7394508068 32.4568770707, -86.7393888069 32.4567410705, -86.7393378068 32.4566000711, -86.7393028067 32.4564520705, -86.7392808069 32.4563060709, -86.7392718067 32.4561590705, -86.7392778065 32.4558630708, -86.7397228068 32.4511050694, -86.7405648067 32.4511190697, -86.7410798072 32.4511180698, -86.7414208077 32.4511110693, -86.7419348076 32.4510840693, -86.7422768079 32.4510570693, -86.742788808 32.4510000697, -86.7432958082 32.4509260694, -86.7438008078 32.4508340693, -86.7443008083 32.4507220696, -86.7449588081 32.4505610695, -86.7462838088 32.4502240689, -86.7466178087 32.4501510694, -86.7471278092 32.4500630687, -86.7474688088 32.4500240692, -86.7478148093 32.4499990687, -86.7481588093 32.449985069, -86.7486768093 32.4499900691, -86.7490198094 32.4500130691, -86.7493648092 32.4500510688, -86.7500358094 32.4501590691, -86.75087381 32.4503250693, -86.7526288108 32.4506880689, -86.7536208105 32.4509260687, -86.7541148112 32.451054069, -86.7546038109 32.4511910693, -86.755249811 32.451389069, -86.7558928116 32.4516020691, -86.7563688118 32.451772069, -86.7569978121 32.4520110688, -86.7576168116 32.4522670691, -86.7585418122 32.4526580694, -86.7638978141 32.4549610692, -86.764677814 32.4552860694, -86.7649918138 32.4554000692, -86.7653108146 32.4555040692, -86.7656378139 32.4555990693, -86.765965814 32.4556850695, -86.7662968144 32.4557570693, -86.7666308143 32.4558210698, -86.7669688144 32.4558750692, -86.767478815 32.4559370693, -86.7678178149 32.4559640693, -86.7681598152 32.4559810698, -86.7685028154 32.4559850698, -86.7690188157 32.4559790694, -86.774680817 32.4557910695, -86.7750258168 32.455790069, -86.7753708175 32.4558020689, -86.7757148174 32.4558300696, -86.7760568169 32.455872069, -86.776394817 32.4559260691, -86.776686817 32.4559840692, -86.7769808177 32.4560490694, -86.7773118172 32.4561390691, -86.7777968176 32.4562940695, -86.7796318179 32.4569210692, -86.7829688194 32.4580490696, -86.7835778196 32.4582250697, -86.7839118195 32.4583120694, -86.7842448196 32.4583870695, -86.7845818199 32.4584530692, -86.7849178195 32.4585090696, -86.7852568203 32.4585540694, -86.7855978199 32.4585850693, -86.7859398202 32.4586070696, -86.7881088204 32.4586710696, -86.7886008205 32.4586970691, -86.7889428208 32.4587230693, -86.7892858209 32.4587630693, -86.7896258216 32.4588150697, -86.7899608213 32.458878069, -86.7904638213 32.4589920695, -86.7907908215 32.4590800691, -86.7911178218 32.4591760697, -86.7919098224 32.4594580694, -86.795825823 32.4609520698, -86.804376826 32.4641940702, -86.8048648259 32.4643620697, -86.8065118259 32.4649880704, -86.8073028266 32.4652800701, -86.8076228263 32.4653840701, -86.8079498266 32.4654740704, -86.8082818268 32.4655500702, -86.808788827 32.4656290698, -86.8091298275 32.4656650703, -86.8094728276 32.4656850703, -86.8098168275 32.4656890699, -86.8101598277 32.46567607, -86.8105028278 32.4656480702, -86.8106718279 32.4656300703, -86.8111818275 32.4655540698, -86.8156578289 32.4647900696, -86.8163368295 32.4646830698, -86.8166788289 32.46464607, -86.8171948293 32.4646100698, -86.8173678296 32.4646050698, -86.8177168295 32.4646080697, -86.8180618293 32.4646250693, -86.8184058293 32.4646550696, -86.8189168296 32.4647230695, -86.8192558296 32.4647880694, -86.81959183 32.4648640698, -86.8199198301 32.4649500695, -86.8204038298 32.4651030697, -86.8208768305 32.4652910699, -86.8213298303 32.46550307, -86.8216238309 32.4656570697, -86.8229128307 32.4663910696, -86.825906832 32.4681160701, -86.8269068321 32.4686830699, -86.8271978323 32.4688410704, -86.8276458329 32.4690570699, -86.8279558325 32.4691810701, -86.8282738326 32.46929407, -86.8285978324 32.46938907, -86.8289298327 32.46946807, -86.8290978329 32.46950107, -86.8296038333 32.4695750702, -86.8298958333 32.46960607, -86.8301778334 32.4696230702, -86.8306318329 32.4696300701, -86.8311468335 32.4696230702, -86.8326948337 32.4695700704, -86.8332098343 32.4695630698, -86.8335568337 32.4695670699, -86.8342458344 32.4696120702, -86.8347588344 32.4696680698, -86.8354368351 32.4697750704, -86.8357708351 32.4698430702, -86.836268835 32.4699620703, -86.8394478362 32.4708280702, -86.8431178369 32.4718430703, -86.8436048369 32.4719890706, -86.8438438373 32.4720740699, -86.8442318376 32.4722340705, -86.8443838371 32.47230207, -86.8446808372 32.4724510706, -86.8448248371 32.4725320702, -86.8451028379 32.47270407, -86.8453728373 32.4728870706, -86.8456268377 32.4730850704, -86.845994838 32.4733960705, -86.8488868392 32.4759800712, -86.850606839 32.4775050713, -86.8509768398 32.4778070715, -86.8512418392 32.4779900716, -86.8513818398 32.4780730714, -86.8515278394 32.4781490712, -86.8516768394 32.4782170715, -86.8518328399 32.4782740713, -86.8519928397 32.4783250714, -86.8522188397 32.4783810716, -86.8524868404 32.4784180711, -86.8527478396 32.478437071, -86.8530058402 32.4784350711, -86.8531758401 32.4784200709, -86.8534318402 32.4783810716, -86.8535978399 32.4783470715, -86.8537618399 32.478302071, -86.8540018401 32.4782220708, -86.8544698408 32.4780370714, -86.8566248408 32.4771090711, -86.8575538416 32.4767260705, -86.8591948418 32.4760790708, -86.8648398433 32.4739090698, -86.867585844 32.4728650692, -86.8737148453 32.4704980687, -86.8738438452 32.4704650691, -86.8738518456 32.4706940691, -86.8737858455 32.4712630686, -86.8736178452 32.4715900692, -86.8736408457 32.4718850691, -86.8735028456 32.4720120688, -86.8734508457 32.4721490691, -86.8734848452 32.4724650691, -86.8739048453 32.4727050689, -86.8743288456 32.4726980693, -86.8748788463 32.4725350691, -86.875280846 32.472653069, -86.8754178463 32.4727370696, -86.8765388467 32.4738120693, -86.876906847 32.4743000693, -86.8770488464 32.4745200692, -86.8772058467 32.4750040693, -86.8774048469 32.4758650699, -86.8775178469 32.4770060699, -86.8777678471 32.4785530701, -86.8779418472 32.4788280706, -86.8781728472 32.4789880706, -86.878512847 32.4790310701, -86.8788468478 32.4789640708, -86.8793198476 32.4789470701, -86.8798318478 32.47900607, -86.8812938478 32.4796370705, -86.881497848 32.4797710704, -86.8817308486 32.4800660708, -86.8816458482 32.4803020704, -86.8814338485 32.4806150705, -86.8814338485 32.480801071, -86.8816288485 32.4810300705, -86.882005848 32.4812710705, -86.8826268489 32.4812900705, -86.8829178482 32.4812370707, -86.8837278493 32.4812220711, -86.884216849 32.4813470706, -86.8844378489 32.4814540711, -86.8849748492 32.481913071, -86.8851628495 32.4822330711, -86.8852078497 32.4824440712, -86.8850358493 32.482804071, -86.8844848488 32.4829930708, -86.8834578489 32.4831160711, -86.8831628485 32.4830810711, -86.8826968483 32.4832420714, -86.8821138489 32.4835550711, -86.8818188484 32.4836870715, -86.8815618485 32.4837370713, -86.8812738486 32.4837430713, -86.8809788482 32.4836930715, -86.8805778483 32.4835990717, -86.8804648483 32.4835990717, -86.8803018481 32.4838120714, -86.8802438484 32.4842350715, -86.880230848 32.4846610719, -86.8800378476 32.4852920721, -86.879830848 32.4856400721, -86.8794578477 32.485898072, -86.8792378476 32.4861300721, -86.879096848 32.4864130717, -86.8789938481 32.486903072, -86.8789938481 32.4873290719, -86.8792278475 32.4877980727, -86.8796888486 32.4881890725, -86.8808768481 32.4888670724, -86.8819218493 32.4896440723, -86.8827108495 32.4902480728, -86.8834028496 32.4905250728, -86.8837128492 32.4906050727, -86.8840118498 32.4907280725, -86.8841028492 32.490869073, -86.8841028492 32.4909680729, -86.8840608493 32.4910880732, -86.8839768497 32.4911860726, -86.8838148493 32.4913130731, -86.8832788497 32.4915310728, -86.8829408496 32.4916930733, -86.8825738492 32.4918930729, -86.8823738492 32.4921090731, -86.8823598489 32.4922160729, -86.8823738492 32.4923410731, -86.8825738492 32.4926800732, -86.8827868496 32.4931120731, -86.8829728494 32.4934660733, -86.8830428497 32.4936470738, -86.883051849 32.4938140735, -86.8830338495 32.4939030732, -86.8829178491 32.4940330733, -86.8819648489 32.4945960737, -86.8818038493 32.4948610739, -86.8817568494 32.4950690735, -86.8817808488 32.495293074, -86.8818578488 32.4954930739, -86.8819728493 32.4956630743, -86.8821118492 32.4957780738, -86.8823538491 32.4959210743, -86.8828288495 32.4960400739, -86.8832908494 32.4960870741, -86.8839378493 32.4961950738, -86.88424685 32.4962870738, -86.8844858495 32.4964020741, -86.8846938499 32.4965720743, -86.8849178502 32.4969660742, -86.8850328498 32.4979300746, -86.8850588498 32.4983000747, -86.8852018499 32.4985060746, -86.8854178507 32.4986450741, -86.8856948507 32.4987220741, -86.8859418506 32.4988070747, -86.8861578505 32.4989530743, -86.8863118505 32.4991540746, -86.8865638504 32.4998750746, -86.8867098509 32.5004060749, -86.8868838509 32.5006460745, -86.8872688509 32.5010970752, -86.8875048509 32.501256075, -86.8881908512 32.5014170746, -86.8892528512 32.501558075, -86.8896008513 32.5016610747, -86.8898648518 32.5018960752, -86.890371852 32.502461075, -86.8905898515 32.5030270751, -86.8906728523 32.5034670756, -86.8906968517 32.5041670753, -86.8906788521 32.5054180756, -86.8905848524 32.5059920761, -86.8899238523 32.5085430763, -86.8896808517 32.5098060766, -86.8896208523 32.5101900765, -86.8896708516 32.5103920765, -86.8897638524 32.5104940767, -86.890145852 32.5105140766, -86.8906718524 32.5105160765, -86.8911468528 32.5105340765, -86.8913588525 32.5106050764, -86.8915108529 32.5107360766, -86.8916318523 32.5109280766, -86.8915918531 32.511181077, -86.8914098526 32.5114640773, -86.8908128529 32.5122520775, -86.8904498527 32.5128580776, -86.8904188527 32.5132430772, -86.8904798528 32.5135260771, -86.8906308524 32.5136670775, -86.8908338528 32.5137480772, -86.8914208525 32.5138230773, -86.8921378527 32.5138090776, -86.892915853 32.5139140775, -86.8934618535 32.5140920772, -86.8938128532 32.5142270773, -86.8946258536 32.5149100774, -86.8950108536 32.515665078, -86.8953168539 32.5164080781, -86.8954068543 32.5179450784, -86.8953758544 32.5186580781, -86.8952308537 32.5193980788, -86.8948578543 32.5202340787, -86.8947838538 32.5209070787, -86.8948378543 32.5211160786, -86.8950618546 32.5215020791, -86.895716854 32.5222350788, -86.8979198554 32.5240650791, -86.8989138557 32.5248470799, -86.8995128559 32.5254040795, -86.8997958557 32.5258840801, -86.9000218557 32.5264600797, -86.900327856 32.52684608, -86.9005738561 32.5270650797, -86.9012888566 32.5278190798, -86.9013658566 32.5283140806, -86.9013618564 32.52895608, -86.9014908563 32.5292570804, -86.9018988567 32.5295700805, -86.9036388566 32.5303250807, -86.9038228567 32.5304790808, -86.9038158571 32.5308680804, -86.9036868572 32.5310930807, -86.9035358567 32.5312190804, -86.9032858573 32.5313560807, -86.9016278566 32.5320050806, -86.901312856 32.5321850811, -86.9010948565 32.5324920811, -86.9010268567 32.532772081, -86.9010738566 32.5333050811, -86.9015778563 32.5342480815, -86.9017138568 32.5350270817, -86.9019478571 32.5358620819, -86.9023348568 32.5364150819, -86.9026118568 32.5366850821, -86.9032048571 32.536969082, -86.9039978575 32.537110082, -86.9045528574 32.5371170819, -86.9050158581 32.5370560821, -86.9064078578 32.5367180817, -86.9065318585 32.5367370821, -86.9066718583 32.5368560815, -86.9067468586 32.5369830819, -86.9067548581 32.5373040818, -86.9065058586 32.5382820825, -86.9064658584 32.539259082, -86.9062348584 32.5397720827, -86.9060448584 32.5399680829, -86.9057978577 32.5401070827, -86.9054408582 32.5402250825, -86.904933858 32.5402870828, -86.9044738577 32.5402300829, -86.9038498574 32.5399210829, -86.9035138578 32.5399300826, -86.9032348573 32.5401450829, -86.9031008574 32.5406320831, -86.9029068572 32.5406320831, -86.9026838576 32.5408300829, -86.9024098571 32.5408790832, -86.9020648573 32.5408450825, -86.901809857 32.540796083, -86.901517857 32.5407180831, -86.9013578571 32.5406360831, -86.9012638565 32.5405340831, -86.9010908572 32.5404640829, -86.9006328565 32.5402140829, -86.900429857 32.5401330828, -86.9002878567 32.5400600828, -86.9001628562 32.540043083, -86.8999608565 32.540039083, -86.8997538568 32.5400600828, -86.8996168565 32.540090083, -86.8994138561 32.540155083, -86.8992118565 32.5402280829, -86.8990398561 32.5402580831, -86.898793856 32.5402580831, -86.8980788563 32.5402840832, -86.8977818562 32.5402410826, -86.8975018558 32.5402540831, -86.8971318559 32.540232083, -86.8965678559 32.5404090832, -86.8962388551 32.5404460829, -86.8961688557 32.5403760827, -86.8961138554 32.5408210833, -86.8957168558 32.5436980839, -86.8955658553 32.5448550836, -86.8955098552 32.5452230838, -86.8954848551 32.5454500844, -86.8952948551 32.5454900845, -86.8951408551 32.5455300838, -86.8946618554 32.5456900841, -86.8944988552 32.5457290845, -86.893586855 32.5458960843, -86.8934188548 32.5459130845, -86.8932488549 32.5459130845, -86.893078855 32.545902084, -86.892909855 32.5458820844, -86.8926588549 32.5458400846, -86.892493855 32.5458030841, -86.8916818544 32.5455840839, -86.8915238542 32.5455290843, -86.8913718548 32.5454630841, -86.8911528545 32.5453500844, -86.8901648541 32.5447790841, -86.8899418536 32.5446690838, -86.8897068534 32.544579084, -86.8895468536 32.5445280844, -86.8891418535 32.5444100841, -86.8886488536 32.5442860839, -86.8884188535 32.5441940838, -86.8881348538 32.5440360839, -86.887641853 32.5437460838, -86.887297853 32.5435290839, -86.8870988528 32.5433900841, -86.8869098527 32.5432420839, -86.886794853 32.543134084, -86.8865768526 32.5429100839, -86.8862228526 32.5425020834, -86.8858588525 32.5420970837, -86.8857458526 32.5419870839, -86.8856838526 32.5419380835, -86.8855498527 32.5418450837, -86.8854098521 32.541761084, -86.8849008523 32.541489084, -86.8847498527 32.5414210839, -86.8845928523 32.541364084, -86.8844278525 32.5413190839, -86.8842598522 32.5412860838, -86.8840888516 32.5412680839, -86.8837458524 32.5412460833, -86.8828878517 32.5412120835, -86.8828028513 32.541201084, -86.882639852 32.5411600839, -86.8825608515 32.5411320833, -86.8821838519 32.5409680833, -86.8815338516 32.5406300839, -86.8809538508 32.5403180833, -86.880803851 32.5402530834, -86.880336851 32.5400900837, -86.8793008509 32.5397550837, -86.8783538505 32.5394350838, -86.87802885 32.5393430833, -86.8778638501 32.5393050835, -86.8776968506 32.5392770838, -86.8773598503 32.5392430833, -86.87634085 32.5391750837, -86.8760038497 32.5391310837, -86.8757538494 32.5390820833, -86.8755078494 32.5390210833, -86.8752658495 32.5389470835, -86.8743158488 32.5386230836, -86.8732758485 32.5382980837, -86.8724788488 32.5380300831, -86.8721688483 32.5379090837, -86.8720188485 32.5378380834, -86.8718768482 32.5377570835, -86.8717418485 32.5376670836, -86.8713558487 32.5373800831, -86.8712188484 32.5372930833, -86.8710708483 32.5372190836, -86.8709158485 32.5371550834, -86.8707568485 32.5371040833, -86.8705928485 32.5370620831, -86.869589848 32.5368760831, -86.8693408476 32.5368220831, -86.8691788472 32.536775083, -86.8690228476 32.5367160831, -86.8688738476 32.5366470835, -86.8685888472 32.5364880834, -86.8683658476 32.5363800829, -86.8682098471 32.536318083, -86.8678858472 32.5362260831, -86.8675548468 32.536141083, -86.8673418472 32.5360740831, -86.8672168467 32.5360250832, -86.866768847 32.5358280831, -86.8662228464 32.5356210828, -86.8657468462 32.5354550832, -86.864957846 32.5351680832, -86.8647928462 32.5351170827, -86.8644928466 32.5350400829, -86.8641668462 32.5349730828, -86.8639138465 32.5349370828, -86.8634918458 32.5349040826, -86.8632348459 32.5348910829, -86.8629768461 32.5348870827, -86.8626348458 32.5348950832, -86.8623778459 32.5348870827, -86.8622098457 32.534869083, -86.8620438451 32.5348380829, -86.8618798451 32.5347940831, -86.8614018452 32.5346390831, -86.8612268453 32.5345880831, -86.860992845 32.5345320831, -86.8606558447 32.534481083, -86.8604838452 32.5344770828, -86.8603128455 32.5344900833, -86.8602288449 32.534508083, -86.8600688451 32.5345570829, -86.8594508446 32.5348070828, -86.8593008448 32.5348780832, -86.8591658451 32.5349650831, -86.859037845 32.535061083, -86.8587328445 32.5353120835, -86.8579778447 32.5359080836, -86.8578458444 32.5360030836, -86.8576988441 32.5360790837, -86.8575428445 32.5361330834, -86.8567358438 32.5363660838, -86.8564908436 32.5364230838, -86.856072844 32.5365020833, -86.8559068434 32.5365430833, -86.855826844 32.5365700834, -86.8556758435 32.5366390839, -86.8555348439 32.536720084, -86.855400844 32.5368110838, -86.855277844 32.5369100838, -86.854856844 32.5372760838, -86.8546698435 32.5374280841, -86.8546028436 32.5374730838, -86.8545308436 32.5375110836, -86.8543738433 32.5375690841, -86.8542078436 32.5376050838, -86.8536198432 32.537692084, -86.8533688432 32.5377180841, -86.8531998431 32.5377110843, -86.8531178431 32.5376930837, -86.8529598429 32.5376410843, -86.8528078435 32.537576084, -86.8526638426 32.537501084, -86.8523218432 32.5372870839, -86.8519398427 32.5369970839, -86.8518028425 32.536907084, -86.8517298427 32.5368680835, -86.8515778423 32.5368030842, -86.851419843 32.5367580842, -86.8512518428 32.5367410838, -86.8510018426 32.5367600835, -86.8508358429 32.5367890836, -86.8506738425 32.5368290838, -86.8505168421 32.5368820841, -86.8503658425 32.5369470842, -86.8501518423 32.5370650836, -86.849737842 32.5373180839, -86.8495938421 32.537393084, -86.8493608424 32.5374870843, -86.8492008417 32.5375380842, -86.8488678416 32.5376150841, -86.8487428419 32.5376190843, -86.8486158417 32.5376100844, -86.848408842 32.5377740844, -86.8480788414 32.5379940844, -86.8478708419 32.5381150844, -86.847649842 32.5382290845, -86.8474258417 32.5383260844, -86.8471098413 32.5384400843, -86.8467918413 32.5385360843, -86.8464628414 32.5386130842, -86.8461288415 32.5386690846, -86.845874841 32.5387020842, -86.8457078415 32.5387160845, -86.8452818407 32.5387210843, -86.8428928403 32.5386550843, -86.8424648398 32.5386610845, -86.8422098404 32.5386740844, -86.8417868399 32.5387200846, -86.8414488398 32.5387730846, -86.8411168396 32.5388400848, -86.8408668393 32.5389000845, -86.84070384 32.538947085, -86.8403838395 32.539052085, -86.8402288396 32.5391100845, -86.8397668397 32.5393020846, -86.8388068389 32.5397810847, -86.8355808387 32.5414210854, -86.8352088382 32.5415960856, -86.8349008383 32.5417210853, -86.8345868384 32.5418320858, -86.8341858377 32.5419470853, -86.833855838 32.5420230857, -86.8336978378 32.5420490853, -86.8332058377 32.542122086, -86.8326228374 32.5421950859, -86.8278588361 32.542747086, -86.8248828352 32.5431040863, -86.824647835 32.5431240865, -86.824139835 32.5431880863, -86.8238028348 32.5432450865, -86.8234758354 32.543328086, -86.8232348354 32.5434040859, -86.8229998352 32.543487086, -86.8228478349 32.5435540865, -86.8226978351 32.543625086, -86.8224808345 32.5437390867, -86.8222718351 32.5438640865, -86.8220718351 32.5440020867, -86.8218838348 32.5441490868, -86.8217628344 32.5442530864, -86.8215958349 32.5444180868, -86.8213438341 32.544708087, -86.8212498344 32.5448290864, -86.8211618345 32.5449550864, -86.8210078345 32.5452180867, -86.8194398342 32.5482760876, -86.8190258339 32.5490750876, -86.8188828338 32.5493380879, -86.8187198345 32.5495930881, -86.8185438339 32.5498420876, -86.8182448341 32.5501960877, -86.818029834 32.5504240881, -86.8177988341 32.5506370877, -86.8175558335 32.550840088, -86.817429834 32.5509360884, -86.8080388316 32.5578180899, -86.8076508313 32.5581120899, -86.8075338311 32.5582170902, -86.8073648311 32.5583830901, -86.8072588317 32.55850409, -86.8071588312 32.5586300898, -86.8070308312 32.5588330901, -86.8068328308 32.5588310906, -86.8057568305 32.5588670901, -86.8014818298 32.5589910905, -86.7997668292 32.5590560905, -86.7963468279 32.5591710907, -86.7946308274 32.5592050904, -86.7929188271 32.5592160908, -86.7927778276 32.5592160908, -86.7912078267 32.5592160908, -86.7886318259 32.5591990909, -86.7851958247 32.5592020914, -86.7834668247 32.5592120909, -86.7826318245 32.559226091, -86.7816898241 32.5592320913, -86.7813498244 32.5592050912))
POLYGON ((-86.8335568337 32.4695670699, -86.8332098343 32.4695630698, -86.8326948337 32.4695700704, -86.8311468335 32.4696230702, -86.8306318329 32.4696300701, -86.8301778334 32.4696230702, -86.8298958333 32.46960607, -86.8296038333 32.4695750702, -86.8290978329 32.46950107, -86.8289298327 32.46946807, -86.8285978324 32.46938907, -86.8282738326 32.46929407, -86.8279558325 32.4691810701, -86.8276458329 32.4690570699, -86.8271978323 32.4688410704, -86.8269068321 32.4686830699, -86.825906832 32.4681160701, -86.8229128307 32.4663910696, -86.8216238309 32.4656570697, -86.8213298303 32.46550307, -86.8208768305 32.4652910699, -86.8204038298 32.4651030697, -86.8199198301 32.4649500695, -86.81959183 32.4648640698, -86.8192558296 32.4647880694, -86.8189168296 32.4647230695, -86.8184058293 32.4646550696, -86.8180618293 32.4646250693, -86.8177168295 32.4646080697, -86.8173678296 32.4646050698, -86.8171948293 32.4646100698, -86.8166788289 32.46464607, -86.8163368295 32.4646830698, -86.8156578289 32.4647900696, -86.8111818275 32.4655540698, -86.8106718279 32.4656300703, -86.8105028278 32.4656480702, -86.8101598277 32.46567607, -86.8098168275 32.4656890699, -86.8094728276 32.4656850703, -86.8091298275 32.4656650703, -86.808788827 32.4656290698, -86.8082818268 32.4655500702, -86.8079498266 32.4654740704, -86.8076228263 32.4653840701, -86.8073028266 32.4652800701, -86.8065118259 32.4649880704, -86.8048648259 32.4643620697, -86.804376826 32.4641940702, -86.795825823 32.4609520698, -86.7919098224 32.4594580694, -86.7911178218 32.4591760697, -86.7907908215 32.4590800691, -86.7904638213 32.4589920695, -86.7899608213 32.458878069, -86.7896258216 32.4588150697, -86.7892858209 32.4587630693, -86.7889428208 32.4587230693, -86.7886008205 32.4586970691, -86.7881088204 32.4586710696, -86.7859398202 32.4586070696, -86.7855978199 32.4585850693, -86.7852568203 32.4585540694, -86.7849178195 32.4585090696, -86.7845818199 32.4584530692, -86.7842448196 32.4583870695, -86.7839118195 32.4583120694, -86.7835778196 32.4582250697, -86.7829688194 32.4580490696, -86.7796318179 32.4569210692, -86.7777968176 32.4562940695, -86.7773118172 32.4561390691, -86.7769808177 32.4560490694, -86.776686817 32.4559840692, -86.776394817 32.4559260691, -86.7760568169 32.455872069, -86.7757148174 32.4558300696, -86.7753708175 32.4558020689, -86.7750258168 32.455790069, -86.774680817 32.4557910695, -86.7690188157 32.4559790694, -86.7685028154 32.4559850698, -86.7681598152 32.4559810698, -86.7678178149 32.4559640693, -86.767478815 32.4559370693, -86.7669688144 32.4558750692, -86.7666308143 32.4558210698, -86.7662968144 32.4557570693, -86.765965814 32.4556850695, -86.7656378139 32.4555990693, -86.7653108146 32.4555040692, -86.7649918138 32.4554000692, -86.764677814 32.4552860694, -86.7638978141 32.4549610692, -86.7585418122 32.4526580694, -86.7576168116 32.4522670691, -86.7569978121 32.4520110688, -86.7563688118 32.451772069, -86.7558928116 32.4516020691, -86.755249811 32.451389069, -86.7546038109 32.4511910693, -86.7541148112 32.451054069, -86.7536208105 32.4509260687, -86.7526288108 32.4506880689, -86.75087381 32.4503250693, -86.7500358094 32.4501590691, -86.7493648092 32.4500510688, -86.7490198094 32.4500130691, -86.7486768093 32.4499900691, -86.7481588093 32.449985069, -86.7478148093 32.4499990687, -86.7474688088 32.4500240692, -86.7471278092 32.4500630687, -86.7466178087 32.4501510694, -86.7462838088 32.4502240689, -86.7449588081 32.4505610695, -86.7443008083 32.4507220696, -86.7438008078 32.4508340693, -86.7432958082 32.4509260694, -86.742788808 32.4510000697, -86.7422768079 32.4510570693, -86.7419348076 32.4510840693, -86.7414208077 32.4511110693, -86.7410798072 32.4511180698, -86.7405648067 32.4511190697, -86.7397228068 32.4511050694, -86.7377328067 32.4510850699, -86.7362758057 32.4510480698, -86.7354218052 32.45102007, -86.7345708051 32.4509810694, -86.7332028048 32.4508990694, -86.7321708049 32.4508240699, -86.7307988044 32.45070207, -86.7289558037 32.4505000701, -86.7278168037 32.4503610698, -86.7270438034 32.4502570699, -86.7251868024 32.4499760701, -86.7241728021 32.4498080696, -86.7221708014 32.4494430697, -86.7145307997 32.4480190695, -86.7136937989 32.4478480695, -86.7126917992 32.4476260698, -86.7123577993 32.4475450697, -86.711697799 32.4473760701, -86.7110417988 32.4471980695, -86.7101467983 32.4469370696, -86.7097427981 32.44681207, -86.7090987977 32.4466020697, -86.6942347933 32.4416120693, -86.6933577932 32.441311069, -86.6926727928 32.4410540687, -86.6923417932 32.4409230687, -86.6917267931 32.4406660688, -86.6851067907 32.4377130689, -86.6823007897 32.4364540683, -86.6818507894 32.4362430681, -86.6815567897 32.4360930682, -86.6812697897 32.4359330686, -86.6809917898 32.4357640684, -86.6807197889 32.4355840683, -86.6804567892 32.4354000685, -86.6801967889 32.4352060679, -86.679949789 32.4350040682, -86.679385789 32.4345050678, -86.6792347893 32.4343810677, -86.6750027874 32.4306730675, -86.6747557875 32.4304720676, -86.6744927878 32.4302810673, -86.674214787 32.4301060673, -86.6739217871 32.4299440675, -86.673619787 32.4298090677, -86.673306787 32.4296880675, -86.673147787 32.4296350676, -86.6728197869 32.4295470674, -86.6726527865 32.4295140672, -86.6723147864 32.4294600672, -86.6719737868 32.4294290671, -86.6716317865 32.4294150673, -86.6714607868 32.4294150673, -86.6712887864 32.4294230673, -86.6710327863 32.4294420677, -86.6706927866 32.4294770673, -86.6704197858 32.4295150673, -86.6700467865 32.4295840672, -86.6688347858 32.4297610676, -86.6645997844 32.430400068, -86.6626527839 32.4306840677, -86.6570487824 32.4315200684, -86.656696782 32.4315810685, -86.6563627821 32.431655068, -86.6561977822 32.4316990682, -86.6558737824 32.4318030683, -86.6555827821 32.4319170682, -86.6553367821 32.4320410686, -86.6551197823 32.4321590685, -86.6542747821 32.4326480683, -86.6540797821 32.4327750687, -86.6531617811 32.4333020688, -86.6523807813 32.4336950688, -86.6499697803 32.4348610695, -86.6478927802 32.4358650697, -86.6473567797 32.4360930697, -86.6468857795 32.4362720695, -86.64656478 32.4363820697, -86.64624178 32.4364820696, -86.6459147798 32.43657207, -86.6455837793 32.43665307, -86.6449207795 32.4367820701, -86.6440957793 32.4368900697, -86.6437717786 32.4369200702, -86.6434277786 32.4369420698, -86.6431837791 32.4369520699, -86.642804779 32.43695507, -86.6422807782 32.4369770703, -86.6421037787 32.4369770703, -86.6413547787 32.43700407, -86.6409757785 32.43700207, -86.6351067767 32.4370970706, -86.6317307758 32.4371460705, -86.6302347754 32.4371620707, -86.6276317748 32.4371590707, -86.6263677742 32.4371690708, -86.6246427735 32.4371630707, -86.6174947719 32.4372020713, -86.6166337718 32.4372140707, -86.6157757711 32.4372160707, -86.6123357706 32.4372470711, -86.5994227669 32.4373430715, -86.5985157667 32.4373560716, -86.5981097659 32.4373680718, -86.5974837659 32.4373630717, -86.5960227657 32.4373710718, -86.5958537656 32.4373770719, -86.5951497649 32.4373810719, -86.5946547654 32.437393072, -86.5911307643 32.4374260716, -86.5900907641 32.4374290717, -86.5897727641 32.4374090722, -86.5894297639 32.4373790719, -86.5890557638 32.4373150719, -86.5888027632 32.437261072, -86.5885537637 32.4371910719, -86.5882367635 32.4370840719, -86.5880017633 32.436987072, -86.5867867632 32.4364420718, -86.5845187623 32.4354070717, -86.5835287623 32.4349690714, -86.5832207614 32.4348440719, -86.5829837616 32.4347590716, -86.5826637619 32.434658072, -86.5815977617 32.4343770713, -86.5813547611 32.4343030718, -86.5811937615 32.4342460715, -86.5809587613 32.4341490716, -86.580657761 32.4340070716, -86.5799217605 32.4336360718, -86.5787487602 32.4330280712, -86.5786017607 32.4329570715, -86.5783717606 32.4328630711, -86.5782137604 32.4328060714, -86.5778867602 32.4327160711, -86.5777207605 32.4326850714, -86.57746676 32.4326530716, -86.5772097601 32.4326370714, -86.5770387595 32.4326370714, -86.5751387598 32.4326830713, -86.5749927593 32.4323520717, -86.5749257594 32.4321250715, -86.5749257594 32.4320770712, -86.5749447596 32.4319500713, -86.5750437594 32.4316910714, -86.5750677597 32.4316690713, -86.5751027589 32.4314260711, -86.5750857592 32.4313640716, -86.5750237593 32.431202071, -86.5749577592 32.431107071, -86.5748587594 32.4309010708, -86.5748177594 32.4308530713, -86.5747677592 32.4307630714, -86.574727759 32.4307150711, -86.5747027589 32.4306670708, -86.5746627596 32.4306200713, -86.5746297591 32.4305660712, -86.5745627592 32.4303320711, -86.5745447587 32.4300980712, -86.574558759 32.4299610706, -86.5745497587 32.4297890711, -86.5745037587 32.4295730707, -86.5744577587 32.4294320705, -86.5743907587 32.4292740706, -86.5743587589 32.4292120711, -86.5743177589 32.4291580709, -86.5739637589 32.428845071, -86.5738847593 32.4287480705, -86.5738277585 32.428604071, -86.573870759 32.4279910707, -86.5738597592 32.4277370707, -86.5738397591 32.4276380703, -86.5738167586 32.4273320705, -86.5737707586 32.4271150702, -86.5737407585 32.42702907, -86.5737027588 32.4267860702, -86.5736597583 32.4266010705, -86.5735727582 32.4263360704, -86.5735567583 32.4262600701, -86.5735237587 32.4262120704, -86.5735157583 32.4261840704, -86.5734997584 32.4261670704, -86.5733507585 32.4259030699, -86.5733267582 32.4258770701, -86.5732937586 32.4258150698, -86.5732367587 32.4257470702, -86.5732357588 32.4257260703, -86.5732117585 32.4257020699, -86.5732037582 32.4256780703, -86.5730077583 32.4254180697, -86.5727127588 32.4251340702, -86.5727047584 32.4251110698, -86.572655758 32.4250490698, -86.5724277584 32.42479607, -86.5724167585 32.4244520698, -86.5724767579 32.4239080699, -86.572470758 32.4238630694, -86.5724257578 32.4236740699, -86.5724007586 32.4236540697, -86.572383758 32.4235920694, -86.5723517582 32.4235520697, -86.5722847583 32.4234010697, -86.5721197584 32.4229890694, -86.5721077578 32.4229310693, -86.5721097584 32.4227000696, -86.5721947579 32.4225520696, -86.5722037581 32.4223560691, -86.5722587583 32.4221960693, -86.5722537583 32.4219880689, -86.5721737579 32.4217290693, -86.5721557584 32.4214820696, -86.5722057577 32.4211490687, -86.5722337582 32.4210560691, -86.5723277579 32.4208420687, -86.572352758 32.420820069, -86.5723687579 32.4207780691, -86.5724087581 32.4207300689, -86.5724087581 32.4207100687, -86.5724887585 32.4206060688, -86.5725847578 32.4205070689, -86.5726887585 32.4203780691, -86.5727197585 32.4202960686, -86.5727627581 32.4200310689, -86.572845758 32.4198000686, -86.572860758 32.4197380687, -86.572901758 32.4196970686, -86.572901758 32.4196690688, -86.5732217586 32.419254069, -86.5732367587 32.4192050684, -86.5732607581 32.4191850687, -86.5732777587 32.4191290689, -86.5733007582 32.4191090685, -86.5734277585 32.4187990684, -86.573450758 32.4186410689, -86.5734127584 32.4184730683, -86.5732927578 32.4181470686, -86.5732747583 32.4179400682, -86.5732927578 32.4177920686, -86.5734167586 32.4175130682, -86.5735917585 32.4171670679, -86.5736037582 32.4171080684, -86.5736317578 32.4170370683, -86.573671758 32.4161630681, -86.5736947584 32.4158940681, -86.5737287579 32.4156700681, -86.5737557585 32.4155570677, -86.5737187578 32.415034068, -86.5737497578 32.4149100677, -86.5739117582 32.4147610675, -86.5739627582 32.4146880673, -86.5740067586 32.4146420674, -86.5740697583 32.4144820676, -86.5740857582 32.4143780673, -86.5740877579 32.4141010674, -86.5741197586 32.4136090671, -86.574143758 32.4135190674, -86.5742067586 32.4134360672, -86.5743877584 32.4132580671, -86.5744957583 32.413103067, -86.5745277581 32.4130210675, -86.5745677583 32.4129730669, -86.5746387584 32.4127870674, -86.5746697584 32.4126560673, -86.5747657587 32.4120470667, -86.5748097581 32.4119400673, -86.5748407581 32.411823067, -86.5749047586 32.411643067, -86.575092758 32.4114630673, -86.5751527583 32.4114360668, -86.5752577587 32.4113590673, -86.5753857588 32.4112450672, -86.5754177586 32.4112000665, -86.5754337585 32.4110900667, -86.5754247583 32.4109870665, -86.5753997581 32.4109530668, -86.5752837587 32.4108620672, -86.5752367579 32.4108510668, -86.5751397587 32.4108100665, -86.5750657582 32.4107480664, -86.5750607582 32.4106620666, -86.5751377582 32.410604067, -86.5754847585 32.4105050667, -86.575533758 32.4104810669, -86.5755977585 32.4104410667, -86.5757267584 32.4103280665, -86.5757427583 32.4103030663, -86.5757497588 32.4102550665, -86.5757417584 32.4101790663, -86.5755267584 32.4099870667, -86.5754957584 32.4098580662, -86.5755437581 32.4098160666, -86.5755677584 32.4098160666, -86.5755997582 32.4097960663, -86.575733758 32.4097770663, -86.5758677588 32.4097390664, -86.5759557587 32.4096900668, -86.5761727584 32.4094970666, -86.5761957589 32.4093310664, -86.5763397588 32.4091450662, -86.5763627584 32.4090690666, -86.5763627584 32.4090410666, -86.5763157586 32.4087970665, -86.5762937588 32.4084360665, -86.5762667582 32.4081810664, -86.5762247583 32.4080380662, -86.5761917587 32.4079560659, -86.5761427583 32.4078660658, -86.5760847586 32.4077980663, -86.5760517581 32.407708066, -86.5759697581 32.407572066, -86.5759617586 32.4075450658, -86.5759367584 32.4075170661, -86.5758507582 32.4073170657, -86.5758127586 32.4072090656, -86.5757777584 32.4068300658, -86.575800758 32.4067140661, -86.576082758 32.406464066, -86.5761047587 32.4063820658, -86.5761457587 32.4063320655, -86.5761367585 32.4063150655, -86.5761157585 32.4061580657, -86.5760747585 32.4057410659, -86.5760747585 32.4056110658, -86.5760887588 32.4053640652, -86.5760757584 32.4048600651, -86.5760357582 32.4048210658, -86.5760757584 32.4047720658, -86.5759827585 32.4043330657, -86.5759587582 32.4043120654, -86.5759167583 32.4041950651, -86.5759157585 32.4041130651, -86.5759397579 32.4040580654, -86.5759797581 32.4040160653, -86.5759997582 32.4039740653, -86.5759707579 32.403878065, -86.5757997582 32.4037210655, -86.5757257586 32.403639065, -86.5756847585 32.4035710654, -86.5756677579 32.4033650653, -86.5756897577 32.4032890653, -86.5757227582 32.4032130653, -86.5757127581 32.4031240654, -86.5756397583 32.4029940654, -86.5755987583 32.4029520648, -86.5755977585 32.4029240652, -86.5755247578 32.4028360647, -86.5754757583 32.4027880647, -86.5754917582 32.4027640651, -86.575482758 32.4027260653, -86.5754097582 32.402595065, -86.5753677584 32.4025490649, -86.5753317584 32.4024650649, -86.5753017582 32.4022530652, -86.5753047577 32.4020910646, -86.5752787578 32.4015650646, -86.5752447583 32.4013250649, -86.5751557577 32.4008950647, -86.575102758 32.4007260649, -86.5749617576 32.4003990643, -86.5747967577 32.3999660645, -86.5746637576 32.3996510641, -86.5745967577 32.399457064, -86.5745347578 32.3991530643, -86.5745117573 32.3988600646, -86.5745347578 32.3987160644, -86.5745187579 32.3986990645, -86.5745097577 32.3986750645, -86.5745417574 32.3986320646, -86.5745527573 32.3985130644, -86.5745417574 32.3980920639, -86.5745487571 32.3976080642, -86.5745717576 32.3974440642, -86.5745947572 32.397340064, -86.5747377573 32.3969540635, -86.5748017577 32.3968640639, -86.5748417579 32.396823064, -86.574928758 32.3965950641, -86.5749477573 32.3964740641, -86.5749757578 32.3964160637, -86.5750087574 32.3959920634, -86.575051758 32.3958660633, -86.5751487572 32.3957750636, -86.5752487576 32.3956990633, -86.5752937578 32.3956910633, -86.575333758 32.3956630637, -86.5754947577 32.3955250635, -86.5755267575 32.3954830632, -86.5755497579 32.3954350632, -86.5755817577 32.3952830635, -86.5755717577 32.3950020631, -86.5756217579 32.3947230635, -86.5756567581 32.3946360631, -86.5756967573 32.3945960634, -86.5756967573 32.3945740633, -86.5759447579 32.3942360632, -86.5759607578 32.3941880632, -86.576000758 32.394132063, -86.5760407582 32.3940360629, -86.5760597576 32.3938870631, -86.5760437577 32.3935410633, -86.5760757575 32.3933950626, -86.5760907575 32.3933550632, -86.5761307577 32.3933130627, -86.5761307577 32.3932930633, -86.5762467581 32.3931330628, -86.5762917574 32.393085063, -86.5763537582 32.392919063, -86.5763657579 32.392862063, -86.576390758 32.3924100629, -86.5764127577 32.3921560628, -86.576436758 32.3921220629, -86.5764507574 32.3919360629, -86.5763707579 32.3915960624, -86.5762757575 32.3913110629, -86.5761757579 32.3909540625, -86.5761567576 32.3905610621, -86.5761707579 32.3904110621, -86.5761947573 32.3903770623, -86.5762137575 32.3902080625, -86.5762417571 32.389697062, -86.5763007576 32.3895360622, -86.5763417576 32.389488062, -86.5763577575 32.389446062, -86.5766137576 32.389156062, -86.5766527579 32.389038062, -86.5766507574 32.3888060623, -86.5766777581 32.3885880621, -86.5767367576 32.3884330621, -86.5767687574 32.3883990623, -86.5767727576 32.3883740621, -86.5768087576 32.3883360622, -86.5768077578 32.388315062, -86.5768967574 32.3881970616, -86.5771217576 32.3879660618, -86.5771607579 32.3879010619, -86.5772087576 32.3878390621, -86.5772327579 32.3877830618, -86.5772807576 32.3872500617, -86.5773357578 32.3865040614, -86.5773847573 32.3861500612, -86.5774367581 32.3860130614, -86.5774597577 32.3859870615, -86.5774687579 32.3859510611, -86.5775957581 32.3857930609, -86.5776207573 32.385732061, -86.5776607575 32.3856750611, -86.5776917575 32.3855990614, -86.5777237582 32.3855590615, -86.5777397581 32.3855090611, -86.5777647582 32.385483061, -86.5779307579 32.3850280609, -86.5779567578 32.3848790614, -86.5780557575 32.3846140609, -86.5781007577 32.3842290613, -86.5781327575 32.3840710611, -86.5781717579 32.3839390612, -86.5781957582 32.3839120609, -86.5782107582 32.3838710611, -86.5782357575 32.3838430609, -86.5782517582 32.3838010606, -86.5782757576 32.3837670605, -86.5784647578 32.3835800609, -86.5785487583 32.3835320605, -86.5788627582 32.3832580604, -86.5789417578 32.3831420608, -86.5789737576 32.383068061, -86.5789977579 32.3830400605, -86.5790697579 32.3828680603, -86.5791067577 32.3824550609, -86.5791087582 32.3823280602, -86.5791517579 32.3822190607, -86.5792007583 32.3821170602, -86.5792717584 32.3820280607, -86.5793927579 32.3819100606, -86.5796137578 32.3817210604, -86.5796817585 32.3816870603, -86.5797507581 32.3816390605, -86.5798997581 32.3815630604, -86.5799727579 32.3815380606, -86.580125758 32.3814990603, -86.5801577587 32.3814790606, -86.5803357581 32.3814140606, -86.5803837587 32.3813860603, -86.5804407586 32.3813720606, -86.5808517585 32.3811710601, -86.5809517589 32.38107406, -86.5810197587 32.3809770605, -86.5811397583 32.3808560601, -86.5811717581 32.3808040603, -86.5813727589 32.3806100599, -86.5813887588 32.3805760602, -86.581669759 32.3803200596, -86.5817947586 32.3802230601, -86.5818717586 32.3801810596, -86.5819277587 32.3801590598, -86.5820567586 32.38013106, -86.5823627589 32.3800340595, -86.5826097588 32.3799870602, -86.5826467586 32.3799730595, -86.5830057586 32.3799280599, -86.5831757594 32.37991406, -86.5835047593 32.3799230597, -86.583649759 32.37994806, -86.5838367595 32.37999606, -86.5839347595 32.3800490601, -86.584080759 32.3801080595, -86.5841777591 32.3801380599, -86.5844047598 32.38015806, -86.5845667593 32.3801560602, -86.5849547596 32.3801190598, -86.5849947598 32.3801470597, -86.5855497597 32.3800600596, -86.5858267597 32.3801090594, -86.5859947599 32.3801200597, -86.5862827598 32.3801150595, -86.5863757597 32.3801800597, -86.5863807597 32.3802780599, -86.5864027603 32.3803590597, -86.5867077599 32.3807120599, -86.5868207599 32.3807260598, -86.5868967601 32.3806360599, -86.5869627602 32.3807290602, -86.5871087598 32.3807720596, -86.58719976 32.3807410595, -86.5873047605 32.3807230601, -86.5873647599 32.3807230601, -86.5874457601 32.3808160596, -86.5875457605 32.3811820602, -86.5877407605 32.3811880602, -86.5878157609 32.3811690603, -86.5878697604 32.3811360599, -86.5879247606 32.3810880597, -86.5880327606 32.3810330597, -86.5881257605 32.38100606, -86.5882617609 32.3809790603, -86.5883097606 32.38104906, -86.5884187604 32.3812510599, -86.5884517609 32.3812940598, -86.5885327611 32.3813540598, -86.5887397608 32.3813920603, -86.5889457606 32.3813700601, -86.5890217608 32.3813100601, -86.5891907609 32.38115306, -86.5892067607 32.3811310597, -86.5893047607 32.3811200596, -86.5893647609 32.3811640602, -86.5893807608 32.3812130601, -86.5893867607 32.38148406, -86.589369761 32.3816040597, -86.5893807608 32.3816850598, -86.5894137613 32.3816960599, -86.5895547609 32.3816420601, -86.5896527608 32.3815660601, -86.5897717606 32.3815010601, -86.589918761 32.3815170603, -86.5899897611 32.3815770602, -86.5901577613 32.3816690596, -86.590174761 32.3816960599, -86.590195761 32.3817560596, -86.5902507612 32.3818270602, -86.5902997607 32.3818700598, -86.5903807609 32.3819080601, -86.5904627609 32.38191406, -86.5905617616 32.3818690599, -86.590636761 32.3818540596, -86.5907617616 32.3818810599, -86.5908207611 32.3819190601, -86.590918761 32.38202206, -86.5910167609 32.3821530598, -86.5910437616 32.38220206, -86.591108761 32.3822720603, -86.5911747611 32.3823100604, -86.5912337616 32.3823270604, -86.5912667612 32.3823540597, -86.5913647611 32.3823860598, -86.5914247614 32.3824190598, -86.5915767617 32.3824240599, -86.5916847617 32.3823920598, -86.5917667617 32.3823590598, -86.5917997613 32.3823430597, -86.5918807615 32.3822670603, -86.5919407618 32.3821960601, -86.5920117619 32.3821640599, -86.5920497615 32.3821310598, -86.5920927621 32.3821200597, -86.592108762 32.3821090597, -86.5922887619 32.3821040596, -86.5923377614 32.3821150597, -86.5923757619 32.3821150597, -86.5924897618 32.3821690599, -86.5925707619 32.3822610603, -86.5925927617 32.3823160604, -86.5925977617 32.3823920598, -86.5927967619 32.3827440598, -86.5928127618 32.3827500604, -86.5931287622 32.3827610604, -86.5932267621 32.3827810598, -86.5933927618 32.3829100603, -86.5934947619 32.3829780604, -86.5936087626 32.3829900602, -86.5937797623 32.3831340605, -86.5937687624 32.3832490603, -86.5937567618 32.3832800602, -86.5936607624 32.3833830601, -86.593637762 32.3835280604, -86.5936547626 32.3836180604, -86.5937357619 32.3836790603, -86.5937637624 32.3836820606, -86.5938977623 32.38367106, -86.5940117621 32.3835650601, -86.5940207623 32.3835470605, -86.5940627621 32.38308506, -86.5941107627 32.3830350605, -86.5941757621 32.3830350605, -86.594391762 32.3832070604, -86.5944527621 32.3832400601, -86.5945487624 32.3832470598, -86.5946057623 32.3832180603, -86.5946787621 32.3831980602, -86.5947517628 32.3831560603, -86.5948477621 32.3830720604, -86.5948797628 32.3830310603, -86.5949257628 32.38283806, -86.5950237627 32.38274806, -86.595160763 32.3827340597, -86.5952207624 32.38273706, -86.5953547623 32.3827250602, -86.5954347626 32.3826560601, -86.5954677623 32.3817970596, -86.5955027624 32.38112906, -86.5954307624 32.3807410595, -86.5953577627 32.3804400594, -86.5953327625 32.3801400597, -86.5952987622 32.3799480592, -86.5952737621 32.3798580593, -86.5951917621 32.3797680593, -86.5950777623 32.3796720591, -86.594971762 32.3796530597, -86.5949157628 32.3796330595, -86.5945187622 32.379581059, -86.5944207623 32.3795260596, -86.5943797623 32.3794920594, -86.5943627626 32.3793900595, -86.5943597622 32.3790320592, -86.5942867624 32.378943059, -86.5940947619 32.3787860594, -86.5940657625 32.3787730592, -86.5940177619 32.3787380596, -86.5939687624 32.3787320594, -86.5937417617 32.3786090592, -86.5935457619 32.3784650593, -86.5933827617 32.378330059, -86.593365762 32.3782960592, -86.5932597617 32.3781720592, -86.593242762 32.3781300592, -86.5931777617 32.3780480591, -86.593103762 32.3779190592, -86.5930797618 32.3778910594, -86.5930707615 32.3778570594, -86.5930377619 32.3778170591, -86.5930057621 32.3777410589, -86.5929797613 32.3777050589, -86.5928487618 32.3773840587, -86.5928147614 32.3772800589, -86.5927727616 32.3770270587, -86.5927797613 32.3769100588, -86.592744762 32.3766290588, -86.5927197619 32.3765110584, -86.5927027613 32.3764780585, -86.5926917614 32.3754200587, -86.5925077613 32.3746740585, -86.5922537618 32.3743630585, -86.5918727611 32.3742100583, -86.5912777611 32.3741750584, -86.5905777606 32.374102058, -86.5901877606 32.3740230586, -86.5899517606 32.3738660581, -86.5897807609 32.3734710585, -86.5897977606 32.372710058, -86.5896307602 32.3721320581, -86.5894667601 32.3713700577, -86.5894117608 32.3704520579, -86.5894027606 32.3699170573, -86.5891927605 32.3690760572, -86.5891207605 32.3689580575, -86.5890427598 32.3690190574, -86.5882657602 32.3677550573, -86.5883467595 32.3676640574, -86.59057576 32.3621310555, -86.5928697608 32.3616740552, -86.5939117616 32.3615820559, -86.5953397613 32.3613510555, -86.6148457677 32.3742720576, -86.6152107676 32.3751430577, -86.6162247679 32.3773620583, -86.6166237681 32.3799100589, -86.6160757689 32.3826440595, -86.6156117683 32.3838540592, -86.6150247687 32.3853390599, -86.6140787682 32.3883080603, -86.6138517684 32.3896790606, -86.6136147686 32.3911790614, -86.6133977679 32.3924540618, -86.6131807682 32.393954062, -86.6133237683 32.3968310623, -86.6134577682 32.3985900627, -86.6137427686 32.3996950632, -86.6145117687 32.4013620634, -86.615489769 32.4030720633, -86.6163917692 32.4041030636, -86.6180047698 32.4057230639, -86.6198167705 32.4064800641, -86.621409771 32.4066880646, -86.622860772 32.4066530644, -86.6236387715 32.4061610637, -86.6241117722 32.4056370638, -86.6246147722 32.4050480635, -86.6249827724 32.4047340637, -86.6268557723 32.4036420632, -86.6287167735 32.4027750634, -86.6309377736 32.402119063, -86.6330617745 32.4020520626, -86.635998775 32.4025120631, -86.6377707756 32.402726063, -86.6395517763 32.4029720628, -86.6424637767 32.402932063, -86.6454147775 32.4023020628, -86.6479117787 32.4012910623, -86.6495637787 32.4005600622, -86.6515117789 32.3993230615, -86.6534237801 32.3972530608, -86.6539577801 32.396285061, -86.65453278 32.3947220607, -86.65579478 32.3886950589, -86.6554777798 32.3873400588, -86.6547817795 32.3856020586, -86.6540387794 32.3838900582, -86.653835779 32.382525058, -86.6538417788 32.3806930576, -86.6542737786 32.3789990572, -86.6549517794 32.3776530566, -86.6556017797 32.3761530565, -86.6566697795 32.3751430561, -86.6612347807 32.3714030548, -86.6647577819 32.3680100547, -86.667501782 32.3650830535, -86.671138783 32.3618680529, -86.6735177833 32.3597380523, -86.6764307844 32.3572700519, -86.6787997847 32.3553650508, -86.6803497855 32.3544020508, -86.6813187856 32.3538890509, -86.6828447861 32.3535460509, -86.6835417862 32.3534010504, -86.6843827863 32.3533810505, -86.6862037873 32.3537410504, -86.692796789 32.3562100508, -86.6969647905 32.3576000512, -86.7006137912 32.358399051, -86.7035997921 32.3588010512, -86.7062147924 32.3595180508, -86.7097207939 32.3604060514, -86.7113417939 32.3607730513, -86.7122697949 32.3612830513, -86.7130907949 32.3618660512, -86.7133767951 32.3620830513, -86.7141227948 32.3628930518, -86.7144237951 32.363715052, -86.7144617956 32.3640840515, -86.7145227957 32.3650210516, -86.7149917953 32.3666200519, -86.7153667962 32.3677650523, -86.7162437962 32.3692200531, -86.7179737969 32.3709580527, -86.7190327966 32.3720650529, -86.719435797 32.3734440535, -86.719722797 32.3751430539, -86.719748797 32.375712054, -86.7198977978 32.3767050539, -86.7196677977 32.3778740548, -86.719332797 32.3790530548, -86.7189877973 32.3804070549, -86.7189847978 32.3814740552, -86.7190757971 32.3829270556, -86.7192777977 32.3851460562, -86.7195397976 32.3865350565, -86.7198277984 32.3884080566, -86.7199187978 32.3897950572, -86.7199717984 32.3911600575, -86.719778798 32.3925640578, -86.7192727986 32.3937260579, -86.7178167975 32.3960070583, -86.7175767982 32.3971770587, -86.7171977981 32.4003730594, -86.717213798 32.4012930593, -86.7179017979 32.4028200599, -86.7192637984 32.4040010604, -86.7209587989 32.4048180601, -86.7226927998 32.4051860606, -86.7240768001 32.4053330599, -86.7257088009 32.4048600598, -86.727185801 32.4045030599, -86.7285278014 32.4034280594, -86.729878802 32.4018490594, -86.7308388019 32.4006160591, -86.7321038023 32.3990600587, -86.7338428023 32.3974660583, -86.7359608034 32.3958390581, -86.7373768034 32.3947360576, -86.7398738037 32.3932150569, -86.7421618046 32.391757057, -86.7439748052 32.3908980566, -86.7466028059 32.3898120557, -86.7485188064 32.3893560556, -86.7499858065 32.3891110556, -86.751906807 32.3891990559, -86.7544698074 32.3890920559, -86.7574028086 32.3892450559, -86.7612638099 32.3899310552, -86.7635478107 32.3907030554, -86.7672608118 32.3926940562, -86.769429812 32.3939820561, -86.7716858132 32.3948020562, -86.774769814 32.3951560566, -86.7783698152 32.3946070558, -86.7800258154 32.3937480559, -86.7813588156 32.3925000556, -86.7821458161 32.390479055, -86.7822848161 32.3888830545, -86.7819778159 32.3870190541, -86.7815208151 32.3849620537, -86.7812478153 32.3794780526, -86.7814158146 32.3777530525, -86.7817618151 32.3765850522, -86.7821648146 32.3754410521, -86.7824718148 32.3751430516, -86.7822228143 32.3702940504, -86.7804518145 32.3686060501, -86.7731678106 32.3407340442, -86.7910778144 32.3146170386, -86.7982728159 32.308638037, -86.8108068195 32.3075800363, -86.8123218201 32.3082640365, -86.8131028199 32.3086280363, -86.8161118213 32.3099760367, -86.8202778231 32.3150130376, -86.8209258237 32.3332460414, -86.8197108236 32.3368050421, -86.8149168221 32.3408090434, -86.8122978216 32.3429960438, -86.8092638211 32.3455070445, -86.807442821 32.3485990453, -86.8068718204 32.3517870455, -86.8073828207 32.3543620462, -86.8078648208 32.3553170461, -86.8088568214 32.3571600471, -86.8109908223 32.3612130477, -86.8124108225 32.3647330485, -86.815403824 32.3708270496, -86.8176688245 32.3730620502, -86.8220718261 32.3751430501, -86.8229108265 32.3757970501, -86.8243218265 32.3766240501, -86.8263008277 32.378037051, -86.8272488279 32.3788220506, -86.8291118287 32.3808420511, -86.8300838292 32.3824640513, -86.8306778294 32.3836510516, -86.8316748291 32.3857900524, -86.8320978296 32.3866590525, -86.83262883 32.3879830523, -86.8336488302 32.3896460527, -86.8354938306 32.3916010529, -86.8370738315 32.3932090539, -86.838276832 32.3939040533, -86.8393478322 32.3945760537, -86.8403408326 32.395569054, -86.8408508322 32.3964400543, -86.8413618326 32.3971440542, -86.8423828335 32.3982890546, -86.8437628335 32.400422055, -86.8445138341 32.4030270555, -86.8451238342 32.405190056, -86.8461538344 32.4097310571, -86.846078835 32.4124810574, -86.845770835 32.414021058, -86.845452835 32.4154220577, -86.8445288342 32.4165100581, -86.843785834 32.4170730586, -86.842815834 32.4176200588, -86.8411038338 32.418496059, -86.8387358333 32.4194430588, -86.8363978322 32.4201490595, -86.8345358321 32.4203470598, -86.8320098315 32.4205600597, -86.8300348306 32.4205240594, -86.8280868303 32.4207550601, -86.82677483 32.4213320603, -86.8251938293 32.4225230599, -86.8245838292 32.4231920606, -86.8242968291 32.4239240603, -86.8243988292 32.4247310609, -86.8250888297 32.4257240609, -86.8264898296 32.4269610614, -86.8283758309 32.4282130611, -86.8306898318 32.4290320618, -86.8329008318 32.4297710618, -86.837085833 32.4305030612, -86.8400468338 32.4312020619, -86.8415268343 32.4317930615, -86.8431008353 32.4328200616, -86.8448068358 32.4340890619, -86.8456478359 32.4348490622, -86.8468618362 32.4359300624, -86.8481968369 32.4371990629, -86.8499028374 32.438331063, -86.8512888372 32.438752063, -86.8525988378 32.4388740631, -86.8535768382 32.4389330628, -86.8548338382 32.4386460626, -86.855295839 32.4385180629, -86.8572058397 32.4383760622, -86.8576718398 32.4390370628, -86.8582578396 32.4397320626, -86.8587448397 32.4400020627, -86.8591968396 32.4401760632, -86.85966184 32.440222063, -86.8601978404 32.440111063, -86.8608228406 32.439807063, -86.8612538406 32.4395130626, -86.8618298404 32.4390260622, -86.8622668411 32.4387420622, -86.8624288406 32.4386970624, -86.8626848407 32.4387020624, -86.8631798411 32.4388120627, -86.8637908411 32.4390650626, -86.8643358418 32.4394510626, -86.8644878412 32.4393860626, -86.8646858416 32.4392000622, -86.8649428415 32.4388320626, -86.8652628411 32.4382070621, -86.8655378415 32.4378460622, -86.8660208414 32.4375540623, -86.866273842 32.4375340621, -86.8664568414 32.4375790617, -86.8666678422 32.4378040619, -86.8668778422 32.4382350621, -86.8670388419 32.4387160623, -86.867094842 32.4391940623, -86.8669078424 32.4403080627, -86.8666098425 32.4409450628, -86.8657308418 32.4416180631, -86.8657758421 32.4419730632, -86.8662528421 32.4427320631, -86.866319842 32.4429380635, -86.8663758421 32.4434350636, -86.8663278424 32.443644063, -86.8662358424 32.4437650634, -86.8656128418 32.4438100637, -86.8649248419 32.4441610639, -86.8648608415 32.4442860633, -86.8649868419 32.4448850638, -86.8649408418 32.4452740636, -86.8646108421 32.445730064, -86.8641568417 32.4459230639, -86.8627978415 32.4463990638, -86.8623118413 32.4468470645, -86.8621988413 32.4470400643, -86.8619668415 32.4476910646, -86.8619128411 32.4484370648, -86.8618398413 32.4487170649, -86.8613868407 32.4494840646, -86.861184841 32.4496670646, -86.8609988412 32.4497540651, -86.8607808408 32.4498330649, -86.8601428411 32.4501890652, -86.8599598408 32.4503870648, -86.8599548408 32.4506340649, -86.8600608411 32.4508670648, -86.8605258405 32.4514230648, -86.8609278411 32.4520940653, -86.8615608416 32.4534240653, -86.861974841 32.4542500661, -86.8622738417 32.4560580661, -86.862430842 32.4564570665, -86.8631198418 32.457160066, -86.8635168423 32.4574840661, -86.8644198423 32.4583560665, -86.8647658428 32.4585650669, -86.8651468426 32.4585050667, -86.8659688424 32.4583180666, -86.8670218431 32.4581770666, -86.8674468432 32.4581870667, -86.8685958433 32.4580960662, -86.8689368438 32.4580840665, -86.8692298437 32.4581290665, -86.8695518439 32.4583010665, -86.869694844 32.4585180661, -86.8697808442 32.4589050667, -86.869858844 32.460119067, -86.8699788437 32.4606110667, -86.8700188439 32.4612140667, -86.8701168438 32.4619610668, -86.8702038438 32.4621990671, -86.8704178441 32.4626290669, -86.8710238449 32.4635320672, -86.8711768441 32.4639790671, -86.871202845 32.4642410674, -86.8711738446 32.4649570674, -86.8709648444 32.4657220682, -86.8708718445 32.4664680684, -86.8705928449 32.4671440681, -86.8700338439 32.4676330683, -86.8693398442 32.4678090686, -86.8691208439 32.4679190682, -86.869058844 32.4679680688, -86.869078844 32.4682160681, -86.8691438443 32.4683480683, -86.8693478446 32.4685330687, -86.8699088442 32.4688590689, -86.8702168442 32.4689800688, -86.8707228446 32.4690490689, -86.8712758448 32.4690320686, -86.8717288445 32.4689300684, -86.8722558447 32.4686970682, -86.8726628453 32.4685900686, -86.8728738452 32.4685730682, -86.8731168449 32.4686380684, -86.8736078452 32.4692630685, -86.8738178452 32.4697680683, -86.8738438452 32.4704650691, -86.8737148453 32.4704980687, -86.867585844 32.4728650692, -86.8648398433 32.4739090698, -86.8591948418 32.4760790708, -86.8575538416 32.4767260705, -86.8566248408 32.4771090711, -86.8544698408 32.4780370714, -86.8540018401 32.4782220708, -86.8537618399 32.478302071, -86.8535978399 32.4783470715, -86.8534318402 32.4783810716, -86.8531758401 32.4784200709, -86.8530058402 32.4784350711, -86.8527478396 32.478437071, -86.8524868404 32.4784180711, -86.8522188397 32.4783810716, -86.8519928397 32.4783250714, -86.8518328399 32.4782740713, -86.8516768394 32.4782170715, -86.8515278394 32.4781490712, -86.8513818398 32.4780730714, -86.8512418392 32.4779900716, -86.8509768398 32.4778070715, -86.850606839 32.4775050713, -86.8488868392 32.4759800712, -86.845994838 32.4733960705, -86.8456268377 32.4730850704, -86.8453728373 32.4728870706, -86.8451028379 32.47270407, -86.8448248371 32.4725320702, -86.8446808372 32.4724510706, -86.8443838371 32.47230207, -86.8442318376 32.4722340705, -86.8438438373 32.4720740699, -86.8436048369 32.4719890706, -86.8431178369 32.4718430703, -86.8394478362 32.4708280702, -86.836268835 32.4699620703, -86.8357708351 32.4698430702, -86.8354368351 32.4697750704, -86.8347588344 32.4696680698, -86.8342458344 32.4696120702, -86.8335568337 32.4695670699))
POLYGON ((-86.6266267783 32.5240880891, -86.6262387789 32.5238010891, -86.6259647783 32.5236290893, -86.6256757786 32.5234690891, -86.6252247785 32.5232500891, -86.6250677782 32.5231860895, -86.6246727782 32.5230380894, -86.6243477776 32.5229390893, -86.623847778 32.522819089, -86.6233447771 32.5227260891, -86.6205627764 32.5222840892, -86.6175567763 32.5218200894, -86.6164337753 32.5216370892, -86.6151647756 32.5214440894, -86.6139027747 32.5212400895, -86.6119547744 32.5209390895, -86.6106887742 32.5207350892, -86.6089977738 32.5204750888, -86.6077297731 32.5202720889, -86.6070547727 32.5201580895, -86.6063057727 32.5200020893, -86.6058107722 32.5198860891, -86.605483772 32.5197990891, -86.6046737719 32.5195640892, -86.6040357722 32.5193540889, -86.6032437716 32.5190650892, -86.5991697707 32.5175390885, -86.5965607694 32.5165710889, -86.5957777691 32.5162870889, -86.5942127691 32.5157020886, -86.5925007688 32.5150500886, -86.5921947685 32.5149220884, -86.5918937682 32.5147860887, -86.5917457681 32.5147150884, -86.5913107679 32.5144830885, -86.5910317682 32.5143170885, -86.5907617679 32.5141440888, -86.5904997679 32.5139610888, -86.5901767679 32.5137220883, -86.5898657675 32.5134720881, -86.5896917675 32.5133150886, -86.5894677672 32.5130980886, -86.5892617673 32.5128700881, -86.5889217675 32.5124530881, -86.5886907676 32.5121470878, -86.5883527674 32.5116340877, -86.5881157667 32.5111850882, -86.5878707674 32.5106430876, -86.5877047668 32.5102350876, -86.585908766 32.5055590864, -86.5856667661 32.504943087, -86.5848607653 32.5028290859, -86.5846427657 32.5022380864, -86.5842607653 32.501263086, -86.5841447658 32.500990086, -86.583892765 32.5004470861, -86.5837557656 32.5001800856, -86.5835317653 32.4997840859, -86.5834167648 32.4996010855, -86.5830817651 32.4990970857, -86.5829017651 32.4988520854, -86.5826177646 32.4984870857, -86.5823157644 32.498134085, -86.5821047646 32.497904085, -86.5814447642 32.4972340851, -86.5808857642 32.4966830851, -86.5801887641 32.4960400853, -86.5798277635 32.4957300847, -86.5793307634 32.4953280852, -86.5788247639 32.494935085, -86.578434763 32.4946470851, -86.5780377634 32.4943710843, -86.5774937634 32.4940160846, -86.5772167634 32.4938420843, -86.5765127627 32.4934210849, -86.5762317625 32.4932600846, -86.575648763 32.4929470846, -86.574977762 32.4926200843, -86.5745267619 32.492410084, -86.5734577622 32.4919540844, -86.5734237619 32.4918530845, -86.5733797615 32.4917790845, -86.5732717615 32.4916650846, -86.5730407615 32.4914500842, -86.5727847614 32.491257084, -86.5726507616 32.4911650842, -86.5723737615 32.4909950844, -86.5712657615 32.4904400841, -86.5709737614 32.4902830837, -86.5708317611 32.490201084, -86.5706957607 32.4901130838, -86.5705687614 32.4900150839, -86.5703417607 32.4897960842, -86.5702397606 32.489678084, -86.5701457609 32.4895560837, -86.5699817608 32.4893010835, -86.5699097609 32.4891680836, -86.5698477609 32.4890320836, -86.5697547611 32.4887520838, -86.5697227604 32.4886100835, -86.5697007606 32.4884670836, -86.5696907606 32.4883210836, -86.5696877611 32.4881770837, -86.5697097609 32.4878870837, -86.5697697602 32.4874540834, -86.5700587608 32.4855770831, -86.5701817609 32.4846950832, -86.5702667603 32.483966083, -86.5703407609 32.4830920823, -86.5704127608 32.4823760825, -86.5704167601 32.4822280826, -86.5705777607 32.480264082, -86.5705987606 32.4799010818, -86.5706007603 32.4796110816, -86.5705657601 32.4787390817, -86.5704877603 32.4775780813, -86.5704847599 32.4772860813, -86.57049976 32.4770690815, -86.5705307599 32.4768520812, -86.57057676 32.4766360808, -86.5706557605 32.4763520812, -86.5708027608 32.4759350809, -86.5708647607 32.4757240807, -86.5709117606 32.4755100812, -86.5709327605 32.4753660806, -86.5709417607 32.4752210809, -86.57094076 32.475074081, -86.5709237603 32.4748560809, -86.5708417603 32.4742020803, -86.5708287599 32.4739850807, -86.5708317602 32.4736940808, -86.5708497607 32.4735490807, -86.5708987602 32.4733350806, -86.57094576 32.4731940806, -86.5710067601 32.47305808, -86.5710767605 32.4729240799, -86.5711997605 32.4727320806, -86.5715167607 32.4722990802, -86.5716417604 32.4721070803, -86.5717487605 32.4719080803, -86.5718097606 32.4717730804, -86.5718607606 32.4716320802, -86.5718977604 32.4714910799, -86.5719217607 32.4713470796, -86.57196176 32.4709090797, -86.5720547608 32.4695970792, -86.57206476 32.4692320791, -86.5720587601 32.4690150797, -86.5720447608 32.4688690792, -86.5720207605 32.4687240796, -86.5719117607 32.4682970792, -86.5717507601 32.467726079, -86.5717047601 32.467511079, -86.5716867606 32.4673660788, -86.5716837602 32.4672200794, -86.5716937602 32.4670750787, -86.5717137603 32.4669300793, -86.5717467599 32.4667860786, -86.5718247598 32.4665770791, -86.5719307601 32.466378079, -86.5720157604 32.4662510789, -86.5721597604 32.4660700786, -86.5724227602 32.4657810791, -86.5730197607 32.4651760784, -86.5731807604 32.4649940785, -86.5733707604 32.4647510787, -86.5734577604 32.4646250784, -86.5735337606 32.4644950782, -86.5736307606 32.4642930782, -86.5737137605 32.4640860784, -86.5737587607 32.4639440786, -86.5737917603 32.4638000784, -86.5738127602 32.4636570785, -86.5738367605 32.4632930783, -86.5738407607 32.4628520779, -86.5738017604 32.4614660775, -86.5738127602 32.4612450778, -86.5738407607 32.4610280773, -86.5738877606 32.4608100772, -86.5739497605 32.4605980775, -86.5740517606 32.4603180778, -86.5741457603 32.4601140773, -86.5742167605 32.4599810774, -86.5743387607 32.4597870775, -86.5745187606 32.4595390777, -86.5747187606 32.4593000774, -86.5749837609 32.4590130769, -86.5779787611 32.4560150768, -86.5784177615 32.4555660764, -86.5787507616 32.455239076, -86.5789367614 32.455039076, -86.5790747615 32.4548760765, -86.579461762 32.4544790763, -86.5800227617 32.4539250757, -86.5815727625 32.4523630755, -86.5819097619 32.4520340751, -86.5826767623 32.451247075, -86.5867327636 32.4471840739, -86.5888817638 32.4449980737, -86.5918057647 32.4420430726, -86.5918567648 32.4419850726, -86.5919007643 32.4419220728, -86.5919367643 32.4418570731, -86.5919637649 32.4417900726, -86.5919807646 32.441719073, -86.591988765 32.4416460727, -86.5919877643 32.441573073, -86.5919567643 32.4414310726, -86.591870765 32.4412240726, -86.5917297646 32.440958073, -86.5914547642 32.4405030728, -86.5911567643 32.4400590723, -86.5900967639 32.4385630719, -86.5899807636 32.4383670721, -86.5899157642 32.438232072, -86.5898367636 32.4380260722, -86.5897977642 32.4378830723, -86.5897757635 32.4377420721, -86.5897697637 32.4376020718, -86.5897727641 32.4374090722, -86.5900907641 32.4374290717, -86.5911307643 32.4374260716, -86.5946547654 32.437393072, -86.5951497649 32.4373810719, -86.5958537656 32.4373770719, -86.5960227657 32.4373710718, -86.5974837659 32.4373630717, -86.5981097659 32.4373680718, -86.5985157667 32.4373560716, -86.5994227669 32.4373430715, -86.6123357706 32.4372470711, -86.6157757711 32.4372160707, -86.6166337718 32.4372140707, -86.6174947719 32.4372020713, -86.6246427735 32.4371630707, -86.6263677742 32.4371690708, -86.6276317748 32.4371590707, -86.6302347754 32.4371620707, -86.6317307758 32.4371460705, -86.6351067767 32.4370970706, -86.6409757785 32.43700207, -86.6413547787 32.43700407, -86.6421037787 32.4369770703, -86.6422807782 32.4369770703, -86.642804779 32.43695507, -86.6431837791 32.4369520699, -86.6434277786 32.4369420698, -86.6437717786 32.4369200702, -86.6440957793 32.4368900697, -86.6449207795 32.4367820701, -86.6455837793 32.43665307, -86.6459147798 32.43657207, -86.64624178 32.4364820696, -86.64656478 32.4363820697, -86.6468857795 32.4362720695, -86.6473567797 32.4360930697, -86.6478927802 32.4358650697, -86.6499697803 32.4348610695, -86.6500237808 32.4349590695, -86.6502077809 32.4351110691, -86.6504507806 32.4352960695, -86.6512627812 32.4356010696, -86.6515557811 32.4358600696, -86.651915781 32.4362990694, -86.6525057819 32.4367040695, -86.6528327812 32.4369860697, -86.6529127816 32.4371110693, -86.6529247813 32.4377160697, -86.6533067818 32.4383870698, -86.6534627814 32.4389050698, -86.6542407817 32.4397040699, -86.6545087824 32.4398790702, -86.6548677824 32.4399730701, -86.6555527829 32.4406710702, -86.6568217826 32.4417220706, -86.6574757831 32.4423260704, -86.6576987835 32.4424260706, -86.6581107833 32.4425100705, -86.6583897838 32.4427320707, -86.6585697837 32.4429720709, -86.6586597833 32.4437480712, -86.6588997835 32.444013071, -86.6589647838 32.444144071, -86.6591047835 32.4442240712, -86.6593077839 32.444273071, -86.6595557836 32.4442280709, -86.6596567839 32.4442510709, -86.6599057843 32.4443870711, -86.6600127844 32.4444990711, -86.6601337839 32.4453860709, -86.6602267838 32.4455440714, -86.6603817845 32.4456650715, -86.660656784 32.4457580715, -86.6623987844 32.4457210708, -86.6633027851 32.4459070713, -86.6635577854 32.4460950714, -86.663862785 32.446605071, -86.6640827851 32.4471060716, -86.6649487853 32.4477740711, -86.6650277858 32.4478910718, -86.6650057852 32.4482110715, -86.6648887859 32.4484410719, -86.6645727855 32.448820072, -86.6645557858 32.4491350721, -86.6646927852 32.4492670722, -86.6650797857 32.449412072, -86.6653167855 32.4496160718, -86.665380786 32.4500050717, -86.6654947858 32.4503110719, -86.6659477864 32.4509520719, -86.6662357863 32.451659072, -86.6661557859 32.4518580721, -86.6661577865 32.4520000727, -86.6662357863 32.4521230722, -86.6664877862 32.4521560725, -86.6666607864 32.4522590726, -86.6667137861 32.4527500722, -86.6665087861 32.4528630723, -86.6663427864 32.4530210725, -86.6662077858 32.4536460727, -86.6658517862 32.4538910725, -86.665898786 32.4539870726, -86.6660257862 32.454081073, -86.6663557859 32.4542340727, -86.6666387867 32.4543050731, -86.6668237866 32.454493073, -86.6664157862 32.4548300727, -86.6661907861 32.4552110729, -86.666139786 32.4554190732, -86.6662037865 32.4555070732, -86.666283786 32.4555170728, -86.6667337862 32.4553200729, -86.6670357864 32.455508073, -86.6672277869 32.4554450728, -86.6674377869 32.4554420734, -86.6675907871 32.4556080729, -86.6675807871 32.4558890733, -86.6671267866 32.4563110729, -86.6670837869 32.4564830734, -86.6671457869 32.4565780732, -86.6671947864 32.4566180735, -86.6675177864 32.4565330732, -86.6676907867 32.4563340729, -86.6678087867 32.4563100731, -86.6681727867 32.4563930733, -86.6685087872 32.4566660736, -86.6684967866 32.4569450734, -86.6683587874 32.4570800735, -86.668047787 32.4572640731, -86.6680137867 32.4574030734, -86.6680287868 32.4578310737, -86.6682257873 32.4582980733, -86.6681957872 32.4591100736, -86.6682477871 32.4598180739, -86.6683817869 32.4599500742, -86.6687347871 32.4600570743, -86.6688087876 32.460143074, -86.6686617873 32.4603950742, -86.6687117876 32.460529074, -86.6688037876 32.4605970739, -86.6695477876 32.4607200738, -86.6697757872 32.4609210738, -86.6697537875 32.4610220742, -86.6693887876 32.4612590742, -86.6694037877 32.4616440742, -86.6689497872 32.4627900742, -86.6689657871 32.4629320743, -86.6690987872 32.4631530744, -86.6690937871 32.4636170745, -86.6691517878 32.463788075, -86.6693047879 32.4639100746, -86.669555788 32.463946075, -86.669709788 32.4640700746, -86.6699757881 32.4645090749, -86.6704727882 32.4644550747, -86.6710497878 32.4645520746, -86.6713637886 32.4647820749, -86.671443788 32.4650220748, -86.6715817881 32.4651990753, -86.6718707887 32.4651510752, -86.6723637886 32.4652290747, -86.6725167888 32.4653510747, -86.6725587886 32.4654520747, -86.6725847886 32.4659860749, -86.6728007885 32.4661980748, -86.6732207886 32.466217075, -86.6734947891 32.4661320755, -86.6737027886 32.466266075, -86.6738757889 32.4665860755, -86.6744557889 32.4669970755, -86.6749467891 32.4674360752, -86.6751297894 32.4677970755, -86.6754527895 32.4679620753, -86.6758597901 32.4680530757, -86.67602979 32.4682090757, -86.6758047898 32.4685060755, -86.6757657895 32.4686440754, -86.67591679 32.4693050761, -86.6759297895 32.4699100756, -86.6758197899 32.4700610757, -86.6754877896 32.4703380756, -86.6754287901 32.4706160759, -86.6751907895 32.4709050758, -86.6752017894 32.4710830758, -86.6755847897 32.4713870764, -86.6756917898 32.471483076, -86.6757327899 32.4715310765, -86.6757537898 32.4716590763, -86.6757097894 32.4720060763, -86.6757487897 32.4720790763, -86.6759707895 32.4723140761, -86.6759797897 32.4724040762, -86.6759717902 32.4724730767, -86.6758867898 32.4726760762, -86.6758837895 32.4727330764, -86.6759157901 32.4728720764, -86.6759407903 32.4728990766, -86.6760147899 32.4730300764, -86.6760387902 32.4730560762, -86.6760547901 32.4731040767, -86.6760677896 32.4733210769, -86.6760527895 32.4733870763, -86.6760327903 32.4734280763, -86.6759917903 32.4734630763, -86.6759847897 32.4734870768, -86.6758017903 32.473663077, -86.6757657895 32.4737180767, -86.67573679 32.4738220767, -86.6757177898 32.4738610765, -86.6756777896 32.473904077, -86.6757017899 32.4739450768, -86.6756607899 32.4747330768, -86.6756327903 32.4749560767, -86.6756007896 32.4750390771, -86.6755447895 32.475108077, -86.67553679 32.475136077, -86.6753667902 32.4752810768, -86.6752937895 32.4752940768, -86.6752207897 32.475336077, -86.6751807895 32.4753430771, -86.6749217899 32.4754820768, -86.6747197893 32.4756680774, -86.6747197893 32.4756880774, -86.6746877896 32.4757240769, -86.6746027901 32.4759130772, -86.6745867893 32.476133077, -86.6746077901 32.4762670775, -86.6746317895 32.4762980774, -86.67482879 32.4764860776, -86.6750317895 32.4766560776, -86.6750727895 32.4767050772, -86.6751047902 32.4767740774, -86.6750897901 32.4768980775, -86.6750457898 32.4770050771, -86.6750417896 32.4770570776, -86.6750577895 32.4771670773, -86.6750747901 32.4772080778, -86.67513179 32.4772750777, -86.6751647896 32.4773370774, -86.6751887899 32.4774130779, -86.6751737898 32.4775990774, -86.6751337896 32.4776540777, -86.67506479 32.4778170777, -86.6750607898 32.4778460779, -86.6750857899 32.4779920775, -86.6751917903 32.4780800774, -86.6754477903 32.4782240775, -86.6756067904 32.4783550778, -86.6756227902 32.4783950775, -86.6756157897 32.4784370778, -86.67537279 32.4786450775, -86.6753897897 32.4787400774, -86.67553179 32.4788500781, -86.6759027906 32.4791580779, -86.67592679 32.479193078, -86.6759347904 32.4792690776, -86.6758787903 32.4793100779, -86.6758057905 32.4793170778, -86.67561879 32.4792970778, -86.6755297904 32.4792700779, -86.6754557898 32.479228078, -86.6753437897 32.4792220777, -86.6753097903 32.4792500779, -86.6753307902 32.4793600779, -86.6753517901 32.4794080781, -86.6754827905 32.4795520783, -86.6760277903 32.4799900779, -86.6760597901 32.4799970777, -86.6761007901 32.4800240781, -86.6761417901 32.4800380777, -86.6763037905 32.4801740784, -86.6763287906 32.4802100783, -86.6763207902 32.4802640782, -86.67623979 32.4803340782, -86.6762157906 32.4803470783, -86.6761427899 32.4803620781, -86.6759077907 32.4803820779, -86.6758597901 32.480424078, -86.6758587902 32.480479078, -86.67587579 32.4806230781, -86.6758997903 32.4806580783, -86.67595779 32.480699078, -86.6760627905 32.4807190785, -86.6760957901 32.480733078, -86.6762257907 32.4808430785, -86.6762667907 32.4808900783, -86.67627579 32.481014078, -86.6761877901 32.4814000787, -86.6762117904 32.4815160785, -86.6765707904 32.4818310787, -86.6766677905 32.4819270786, -86.6767007901 32.4819690787, -86.6767297905 32.4820340783, -86.6767587908 32.4821820785, -86.6767797907 32.4823600781, -86.6768337902 32.4824700782, -86.6768817908 32.4825320789, -86.6769147904 32.4826280788, -86.6769567911 32.4828280788, -86.6769567911 32.4828550784, -86.6769407903 32.482909079, -86.6768517907 32.4829870783, -86.6766777906 32.4829630788, -86.6764297909 32.4829400788, -86.6763887909 32.4829460789, -86.6763567902 32.4829740787, -86.6763737908 32.483091079, -86.6764667907 32.4831940786, -86.6765127907 32.4832690784, -86.676536791 32.4834490787, -86.6765867903 32.483586079, -86.6766267905 32.4836370792, -86.6768227903 32.4838320787, -86.6768387911 32.4838520785, -86.676880791 32.4839420785, -86.6769207912 32.4841620791, -86.6769227908 32.4845330792, -86.6769067909 32.4845810789, -86.6770947912 32.4847540786, -86.6772607909 32.4848700787, -86.6774207907 32.485000079, -86.6774367906 32.4850200792, -86.6774357908 32.4850820789, -86.6773687909 32.4852510791, -86.6773567912 32.4853160793, -86.6773567912 32.4853710794, -86.6773647907 32.4854060794, -86.6774547911 32.485501079, -86.6774467907 32.4855570792, -86.6772047908 32.4857910791, -86.677172791 32.4858810795, -86.6771437907 32.4859390792, -86.6771327909 32.4860050792, -86.6771497906 32.4861080792, -86.6772467907 32.4861900797, -86.6773447906 32.4862520793, -86.6775547906 32.4863120792, -86.6778317915 32.4863470796, -86.6778677915 32.4863570795, -86.6783827912 32.4864130792, -86.6784077913 32.4864270794, -86.6785057912 32.4865090795, -86.6785617913 32.4865850791, -86.6788517917 32.4868460792, -86.6788807911 32.4868800791, -86.6789047914 32.4869340795, -86.678937791 32.4870520795, -86.6789957917 32.4873470795, -86.6790697913 32.4875390795, -86.6791187917 32.4875810793, -86.6792487914 32.4876680795, -86.6792897914 32.4876820794, -86.6793217912 32.4877040795, -86.6793867915 32.4877300797, -86.6795657916 32.4877710799, -86.6796377915 32.4877980795, -86.6798417918 32.4878400799, -86.6799957917 32.4878790797, -86.6801267922 32.4879210794, -86.6801577921 32.4879470795, -86.6802397921 32.4879890798, -86.6802887916 32.4880030797, -86.6803697918 32.4880540796, -86.6804797923 32.4881060797, -86.6806957923 32.4882840798, -86.6807527922 32.48835208, -86.680768792 32.48839308, -86.6808177924 32.4884340799, -86.6808097921 32.4884550796, -86.6808177924 32.4885100794, -86.6808467919 32.4885940795, -86.6808797924 32.4887400799, -86.6809007923 32.4888730797, -86.6809017921 32.48906008, -86.6808937917 32.4891490799, -86.6809277921 32.4892660798, -86.6809677922 32.4893620801, -86.6811637921 32.4895890801, -86.6811717925 32.4896130801, -86.6812657922 32.48970508, -86.6813107924 32.4897810799, -86.6813347927 32.4898410797, -86.6813597919 32.4899590797, -86.6813357925 32.4899930799, -86.6813597919 32.4900150802, -86.6813927924 32.4900630799, -86.681425792 32.4902620799, -86.6814347922 32.49050208, -86.6814197921 32.4906680801, -86.6813427922 32.4908540803, -86.6812467919 32.4910370803, -86.6812427926 32.4910600805, -86.6812527926 32.4910760802, -86.6812757922 32.4911970806, -86.6813007923 32.4912330799, -86.6813137927 32.4912710804, -86.6813737921 32.4913450801, -86.6815447927 32.49147908, -86.6816907923 32.4915540804, -86.6819917926 32.4916360805, -86.6820297922 32.4916550806, -86.682194793 32.49169708, -86.6822757923 32.4917450804, -86.6823087928 32.4917580803, -86.6825857928 32.4919910805, -86.6826427927 32.4920600804, -86.6826867931 32.4921660808, -86.6827587931 32.4925400802, -86.6828687927 32.4928120807, -86.6829177931 32.4930730809, -86.682907793 32.4932830805, -86.6827787932 32.4936070809, -86.6827147927 32.4936960808, -86.6826897926 32.493766081, -86.6826577928 32.4938000806, -86.6825577932 32.4940510811, -86.6825457926 32.4941300807, -86.6825787931 32.4942680808, -86.6826317928 32.4943380806, -86.6826937928 32.494397081, -86.6827907929 32.4944590811, -86.6831567934 32.4945610812, -86.6835477933 32.4948760811, -86.6836407931 32.4949070806, -86.6841967937 32.494881081, -86.6842937938 32.494881081, -86.6843177932 32.4948870811, -86.6844807934 32.4950320809, -86.684513793 32.4951560809, -86.6846117938 32.4953960808, -86.6846367939 32.4954230811, -86.6846537936 32.4954640809, -86.6847267934 32.495588081, -86.6847757938 32.4956430809, -86.6848657934 32.4957170808, -86.684964794 32.495775081, -86.6850197933 32.4957590814, -86.6850837938 32.4956970815, -86.6851317935 32.4955590813, -86.6851637933 32.4955250809, -86.6852087935 32.4954070807, -86.6853087939 32.4952150808, -86.6853897941 32.4951280811, -86.6854547935 32.4950700812, -86.6855347939 32.4950550808, -86.6857467936 32.4950550808, -86.6858117939 32.4950810811, -86.6859897942 32.4952260807, -86.6860477939 32.495295081, -86.6861127942 32.495410081, -86.6861377943 32.4954390808, -86.6861627935 32.4955010809, -86.6861947942 32.4955420807, -86.6862277938 32.4956720807, -86.686298794 32.4961530811, -86.686344794 32.4962560809, -86.6863847942 32.4963040811, -86.6864017939 32.4963390813, -86.6864597936 32.4965450811, -86.6864667942 32.4967160811, -86.6864517941 32.4968060811, -86.6863947942 32.496938081, -86.6863307938 32.4970170811, -86.6859027942 32.4973720812, -86.6857007936 32.4975720818, -86.6856927941 32.4976070815, -86.6857097938 32.4977860818, -86.6857747941 32.4978340812, -86.685908794 32.4978420813, -86.6860547936 32.4978280814, -86.6862137945 32.4978040813, -86.6863507939 32.4977970814, -86.686529794 32.4978220816, -86.6866427939 32.4979120812, -86.6866597946 32.4979320816, -86.6866437938 32.4979880817, -86.6864817943 32.4981340812, -86.6862877941 32.4982300819, -86.6862307942 32.4982440817, -86.6861257937 32.4982920816, -86.686036794 32.4983140813, -86.685939794 32.4983900815, -86.685898794 32.4984380813, -86.6858667942 32.4985200819, -86.6858507943 32.4986300819, -86.685867794 32.4988030819, -86.6859817938 32.4988780816, -86.6861197939 32.4989050816, -86.6864127938 32.4989310816, -86.6864367941 32.498945082, -86.6865587943 32.4990480816, -86.6865997943 32.4991100815, -86.6866157942 32.4992270821, -86.6865957941 32.4995490822, -86.6865607939 32.4997020819, -86.6864567942 32.4999290817, -86.6862867943 32.5001400819, -86.686180794 32.5002330818, -86.6861237941 32.500268082, -86.6860067939 32.5002990819, -86.6855737943 32.5003500824, -86.6855167944 32.500366082, -86.6854527939 32.5004300819, -86.6854697936 32.5005460822, -86.6856737938 32.5007580818, -86.6856837939 32.5009430823, -86.6856087944 32.5015820824, -86.6856257941 32.5017130821, -86.6860517941 32.5020820825, -86.6862237945 32.5023070821, -86.6863057946 32.5024570824, -86.6863727945 32.5026230823, -86.6864147943 32.5027660825, -86.6864287946 32.5030850826, -86.6864257942 32.5031640827, -86.6864427948 32.5032190825, -86.6864667942 32.5032400825, -86.6865157946 32.5032670828, -86.6865567946 32.5032740823, -86.6869697942 32.5032290829, -86.687026795 32.5032760824, -86.687067795 32.5033240826, -86.6871347949 32.5035450828, -86.6872817943 32.5036730825, -86.6873837945 32.5037420825, -86.6875277944 32.5038580831, -86.6875587944 32.5038920826, -86.687544795 32.5040640831, -86.6875137951 32.5041260826, -86.687472795 32.5041820826, -86.6872637948 32.504374083, -86.6872407943 32.5044580828, -86.6872657945 32.504567083, -86.6872817943 32.5046090832, -86.6873237951 32.5046570828, -86.6874147944 32.504816083, -86.6874547946 32.504854083, -86.687626795 32.5049840832, -86.6876507944 32.5049840832, -86.6877277944 32.5050240832, -86.6878377949 32.5051130832, -86.6878797947 32.5051610832, -86.6878807946 32.5052160833, -86.6878727951 32.5052630833, -86.6877517947 32.5053750833, -86.6874117949 32.505404083, -86.6873387951 32.505466083, -86.6873237951 32.5054870833, -86.6873127952 32.5056220834, -86.6873337951 32.5057280829, -86.6873797952 32.5058680835, -86.6874137946 32.506012083, -86.6874297945 32.506144083, -86.6874187946 32.5062500835, -86.6873387951 32.506319083, -86.687298795 32.506306083, -86.6872407943 32.5062580835, -86.6872247944 32.5061890832, -86.6871917948 32.506147083, -86.6870937949 32.5060670834, -86.6870207951 32.5060600833, -86.6869397949 32.5060810834, -86.6868347945 32.5061710832, -86.6868197944 32.5062810836, -86.6868537947 32.5063640831, -86.6868937949 32.5064110832, -86.6869017944 32.5064390833, -86.6868377948 32.5064930834, -86.6867487942 32.5064950834, -86.686708795 32.5065300834, -86.6867167945 32.5066110835, -86.6870107951 32.5068700831, -86.6870537947 32.5069600835, -86.6870537947 32.5070010834, -86.6869647951 32.5070780837, -86.6867377944 32.5070660838, -86.6866977951 32.5071070836, -86.6866897947 32.5071400834, -86.6867067944 32.5072310836, -86.686723795 32.5072700833, -86.686667795 32.5073650833, -86.6866107951 32.5074160836, -86.6865717947 32.5074640839, -86.6865627945 32.5074980836, -86.6865637943 32.5075260833, -86.6865807949 32.5075960833, -86.6866137945 32.5076230838, -86.6867027951 32.5076770839, -86.6870117949 32.5077400839, -86.6870607944 32.5077570837, -86.6871837944 32.5078600838, -86.6871677945 32.5079000833, -86.6871357948 32.5079420834, -86.6871277953 32.5079700837, -86.6871357948 32.5080100839, -86.6871767948 32.5080440834, -86.6872427949 32.5080850834, -86.6873557949 32.508187084, -86.6873587952 32.5082430837, -86.6872837949 32.508311084, -86.687195795 32.508313084, -86.687041795 32.5083350835, -86.6869687953 32.508390084, -86.6869207947 32.5084450836, -86.6869057946 32.5085420839, -86.6869227952 32.5085810838, -86.686995795 32.5086290835, -86.6872147953 32.5086770839, -86.6873937945 32.5088200835, -86.6874197953 32.5088540842, -86.6874277948 32.5089290838, -86.687421795 32.5091020837, -86.6875277953 32.5092030839, -86.6875197949 32.5092280839, -86.6874477949 32.5092930843, -86.6872857945 32.5093220842, -86.6871727946 32.5093570839, -86.6870847947 32.509426084, -86.6870997948 32.5094610836, -86.6871247949 32.5094880843, -86.6871337951 32.5095550836, -86.6871587952 32.509591084, -86.6872007951 32.5097210841, -86.6872427949 32.5098860843, -86.6872597946 32.510017084, -86.6873407948 32.5100700842, -86.6874057951 32.5100840844, -86.6876247954 32.510096084, -86.6877157947 32.5101710841, -86.6877317955 32.5102610842, -86.6876927952 32.5103010841, -86.6876597955 32.510412084, -86.6875967949 32.510571084, -86.6875657949 32.5106120844, -86.6875417946 32.5107080839, -86.6875417946 32.5107360841, -86.6875677955 32.5107910839, -86.6876807955 32.5108720846, -86.6877257948 32.5108750845, -86.6878997948 32.5108430845, -86.6879567956 32.5108910845, -86.6879367955 32.510979084, -86.6879057956 32.5110400841, -86.6879017954 32.5110910846, -86.6879677955 32.5111380845, -86.6880327949 32.5111510846, -86.688088795 32.5111510846, -86.6882187956 32.5111370845, -86.6887397951 32.5109780841, -86.6889377955 32.5109590842, -86.6890607955 32.5110620845, -86.689093796 32.5110970843, -86.6891107957 32.5111720843, -86.6890827952 32.5116250844, -86.6890767954 32.5118320847, -86.6889957952 32.5119070841, -86.6888987951 32.5118940841, -86.6888097954 32.5118400842, -86.6887197959 32.5118200846, -86.6886237956 32.5118260843, -86.6885817958 32.5118560841, -86.6885257957 32.5119180842, -86.6885017954 32.5120280845, -86.688488795 32.5122820847, -86.6884407953 32.5123240843, -86.6883837954 32.5123580844, -86.6883187951 32.5123720843, -86.6882467952 32.5124420843, -86.6882187956 32.5125270848, -86.6882557954 32.5129940847, -86.6882447955 32.5131080848, -86.6882627951 32.5132250846, -86.688375795 32.5133070846, -86.688693796 32.5134700844, -86.6887677956 32.5134690845, -86.6888717953 32.5134410851, -86.6890337957 32.5133570847, -86.6891627956 32.5133360847, -86.6892637959 32.5133050848, -86.6894687959 32.5132770846, -86.6896097955 32.5133870847, -86.6896257954 32.5134080846, -86.6896397956 32.5135250848, -86.6896187957 32.5135660846, -86.6894817954 32.5136840845, -86.6894257954 32.5137190848, -86.6892127958 32.5138160846, -86.6891517957 32.5138640846, -86.6891597961 32.5139200846, -86.6892587958 32.5139810849, -86.6893477955 32.5140010848, -86.689534796 32.5140060851, -86.6897207958 32.5139850846, -86.6898497957 32.5139480846, -86.6899157958 32.5140040845, -86.6899067956 32.5140380847, -86.6898107962 32.5141200847, -86.6897537963 32.5141560848, -86.6896817954 32.514171085, -86.6895847963 32.5142470846, -86.6895697962 32.5143360846, -86.6896177959 32.5144870851, -86.6895557959 32.514549085, -86.6895317957 32.5145640852, -86.6894747958 32.5145760849, -86.6894347956 32.5145980852, -86.6894097955 32.5145980852, -86.6892817954 32.5147220847, -86.689298796 32.5148120849, -86.6893957961 32.5148740852, -86.689493796 32.5148940849, -86.6896247955 32.5150010848, -86.6896007962 32.5150910847, -86.6895527956 32.5151470847, -86.6895447961 32.5151810853, -86.6894407954 32.5152990853, -86.6894177959 32.5154230853, -86.6894347956 32.5154710852, -86.6895647962 32.5156000852, -86.6895817959 32.5156620851, -86.689565796 32.5157040854, -86.6894697957 32.5157860854, -86.689380796 32.515834085, -86.6893407959 32.5158420849, -86.6893087961 32.5158620852, -86.6892187957 32.5158840852, -86.6889137961 32.5159180854, -86.6887897953 32.5159420852, -86.6887337952 32.5159770854, -86.6887257957 32.5160000852, -86.6887097959 32.5160180856, -86.6887177953 32.5160660851, -86.688775796 32.5161010852, -86.6889697961 32.5161340855, -86.6890607955 32.5162150853, -86.6890407954 32.5163530855, -86.6889967959 32.5164360856, -86.6890147954 32.5165250857, -86.6890637959 32.5165590857, -86.6891767958 32.5166130858, -86.6892917955 32.5167020857, -86.6892757956 32.5167910855, -86.6892517962 32.5168220858, -86.6891477955 32.5169150857, -86.6891237961 32.5169300855, -86.6890257962 32.5169510854, -86.6887917959 32.5170150856, -86.6887517957 32.5170490854, -86.6887517957 32.5170770852, -86.6887937955 32.5171100859, -86.688939796 32.5171920854, -86.6890047954 32.5172060852, -86.6890827961 32.5172520859, -86.6892657955 32.5174030853, -86.6892817963 32.5174580855, -86.6892907956 32.5175250857, -86.6892027958 32.5175960854, -86.6890817963 32.5175830854, -86.6890157962 32.5175620857, -86.6889667958 32.5175280853, -86.6888687959 32.5174740858, -86.6888287957 32.5174680858, -86.6886997958 32.5174830855, -86.6886337957 32.5175370858, -86.6886117959 32.5176680856, -86.688472796 32.5180030855, -86.6884857955 32.5181850857, -86.6886407954 32.5182930861, -86.6887517957 32.5183540857, -86.6890017959 32.5185580861, -86.6890587958 32.518627086, -86.6890827961 32.5186750856, -86.6891067955 32.5187020858, -86.6891327963 32.5187780861, -86.6891457959 32.5188810858, -86.6891177963 32.518935086, -86.6889337962 32.5191150861, -86.6889327963 32.5191710859, -86.6889417957 32.5191910861, -86.689170796 32.5193880863, -86.6891727956 32.5194670857, -86.6891647961 32.5194840863, -86.6890747957 32.5195680863, -86.6889537962 32.519659086, -86.6889547961 32.5196860859, -86.6890437958 32.5197400863, -86.6891497961 32.5197670862, -86.6892967964 32.5198950863, -86.6892727961 32.5200070863, -86.6892247964 32.5200610858, -86.6892177958 32.5200960859, -86.6891617958 32.5201620858, -86.6891127963 32.5202070858, -86.6891257958 32.5203270865, -86.6891567957 32.5204960863, -86.6891557959 32.5209110864, -86.6891697962 32.5209830863, -86.6893567958 32.5211050864, -86.689478796 32.5211330864, -86.6895037961 32.5211460866, -86.689616796 32.5212400865, -86.6895947963 32.5213380864, -86.6893527965 32.5215380867, -86.6893947963 32.5218500866, -86.689401796 32.5218670868, -86.6894287966 32.5218960864, -86.6894047963 32.5219160868, -86.6894277959 32.5222210866, -86.6894407963 32.5222800869, -86.689498796 32.5224380865, -86.6896137966 32.5225600869, -86.6896297965 32.5225940869, -86.689719796 32.5226770865, -86.689760796 32.5227310867, -86.6897937965 32.5228070867, -86.6898087966 32.5230920871, -86.6897997963 32.5233560868, -86.6898487967 32.5234930869, -86.6899477965 32.5236430866, -86.6899867968 32.5238460873, -86.6900007962 32.5239660869, -86.6824467947 32.5240060875, -86.6803917934 32.5240260875, -86.6793627939 32.5240630871, -86.6770467924 32.5241690877, -86.6759297922 32.5242360874, -86.6743887925 32.5243040877, -86.6729337912 32.5243610878, -86.6726787919 32.5243660876, -86.6711387911 32.5243520881, -86.670287791 32.524333088, -86.6640627895 32.524229088, -86.6628297889 32.5242260879, -86.6619157881 32.5242340878, -86.6598517884 32.5242650878, -86.6591077875 32.5242700883, -86.6576507874 32.5242590882, -86.6554807865 32.5242040884, -86.6539767866 32.524175088, -86.6521397858 32.5241420884, -86.6518837857 32.5241440888, -86.6506747854 32.5241290887, -86.6499987851 32.5241120882, -86.6498687854 32.5241140885, -86.648393785 32.5240870885, -86.6477117849 32.5240520885, -86.6472887844 32.5240390887, -86.6466987844 32.5240400885, -86.6447237835 32.5240080887, -86.6442067833 32.5240080887, -86.6440327832 32.5240150888, -86.6438617835 32.5240280886, -86.6436897831 32.5240490883, -86.6433507831 32.5241050888, -86.6431827829 32.5241440888, -86.642853783 32.5242360889, -86.642535783 32.5243490887, -86.6422287828 32.5244840892, -86.6420797829 32.5245600892, -86.6419347831 32.5246400891, -86.6416597828 32.524817089, -86.6414037827 32.525014089, -86.6412807826 32.5251180889, -86.6411627826 32.5252250888, -86.6409417827 32.5254500888, -86.6408397826 32.5255690888, -86.6406567823 32.5258150888, -86.6404967825 32.5260720896, -86.6404257823 32.526207089, -86.6403007826 32.5264790892, -86.6402487828 32.5266170896, -86.6402037826 32.5267590897, -86.6401367826 32.5270430892, -86.6400657825 32.5274760897, -86.6398787829 32.5287740895, -86.6398097824 32.5292060902, -86.6397177823 32.5296340899, -86.6396437827 32.5299170904, -86.6394147824 32.5307210904, -86.6393637823 32.5308730904, -86.6386377828 32.5334170909, -86.6385397829 32.5336850908, -86.6383987824 32.5335490908, -86.6379817826 32.5331670909, -86.6375587821 32.5328070905, -86.636815782 32.5322050905, -86.6286277792 32.5256670893, -86.6283147792 32.5254320896, -86.6266267783 32.5240880891))
POLYGON ((-86.7380598114 32.54529309, -86.7378868111 32.5452910901, -86.7376268108 32.5453080896, -86.7375428112 32.5453190902, -86.7372908113 32.5453660896, -86.736214811 32.5456060903, -86.7359658106 32.5456510897, -86.7357128109 32.5456820898, -86.7355428101 32.54569209, -86.7353748108 32.5456940899, -86.7351198105 32.5456790904, -86.7344398101 32.5456060903, -86.7336778097 32.5455130897, -86.7334268096 32.5454710897, -86.7332618097 32.5454320899, -86.7331048094 32.5453800904, -86.7329518092 32.5453160899, -86.7328128093 32.5452390898, -86.7326788094 32.5451480902, -86.7325528099 32.5450510901, -86.7324368096 32.54494509, -86.7322898092 32.5447720901, -86.7321718092 32.54458109, -86.7321098093 32.5444490897, -86.7320388092 32.5442430898, -86.7317668092 32.5432540897, -86.7316998092 32.5430430899, -86.7315848087 32.5427690892, -86.7314798091 32.5425670893, -86.7313998088 32.5424370897, -86.7313138095 32.5423120895, -86.731172809 32.5421280897, -86.731018809 32.541953089, -86.7308468086 32.5417900893, -86.7306658088 32.5416380897, -86.7305378088 32.5415420892, -86.7304018083 32.5414510889, -86.7301918083 32.5413230892, -86.7300448089 32.5412460894, -86.7297458082 32.5411090891, -86.725550807 32.5393140893, -86.7253238072 32.5392090888, -86.7251068075 32.5391000889, -86.7247538073 32.5388970886, -86.7243518067 32.538627089, -86.7233378064 32.5378570889, -86.7230808065 32.537669089, -86.722667806 32.5374080887, -86.722380806 32.5372550887, -86.7220808064 32.5371120889, -86.7218518061 32.5370130884, -86.7192188053 32.5359700883, -86.7185298047 32.5356910881, -86.7151248044 32.5341820882, -86.7148238041 32.5340420886, -86.714603804 32.5339300879, -86.714321804 32.533767088, -86.7140478034 32.5335920885, -86.7137838038 32.5334040879, -86.7128618036 32.5326450884, -86.7121348033 32.5320320881, -86.7117798026 32.5317180878, -86.7114578032 32.5313820879, -86.7111688026 32.5310230877, -86.7109888027 32.5307770875, -86.7083068016 32.5269730869, -86.7082138017 32.5268490869, -86.7080648017 32.5266720872, -86.7077838015 32.5263980866, -86.7076598017 32.526296087, -86.7074678012 32.5261530872, -86.7073318016 32.5260640868, -86.7071188012 32.525940087, -86.7068968014 32.5258300864, -86.7067428014 32.5257640868, -86.7063558009 32.5256190866, -86.7031168003 32.5245190868, -86.7025678003 32.5243190863, -86.7019727994 32.5240260867, -86.7015507996 32.5238390864, -86.7014248001 32.5238320862, -86.7012537995 32.5238400862, -86.7009117992 32.5238680869, -86.7002327995 32.5239460863, -86.699722799 32.5239890863, -86.6992077993 32.5240120864, -86.6987797988 32.5240150866, -86.6918457965 32.5239560866, -86.6900007962 32.5239660869, -86.6899867968 32.5238460873, -86.6899477965 32.5236430866, -86.6898487967 32.5234930869, -86.6897997963 32.5233560868, -86.6898087966 32.5230920871, -86.6897937965 32.5228070867, -86.689760796 32.5227310867, -86.689719796 32.5226770865, -86.6896297965 32.5225940869, -86.6896137966 32.5225600869, -86.689498796 32.5224380865, -86.6894407963 32.5222800869, -86.6894277959 32.5222210866, -86.6894047963 32.5219160868, -86.6894287966 32.5218960864, -86.689401796 32.5218670868, -86.6893947963 32.5218500866, -86.6893527965 32.5215380867, -86.6895947963 32.5213380864, -86.689616796 32.5212400865, -86.6895037961 32.5211460866, -86.689478796 32.5211330864, -86.6893567958 32.5211050864, -86.6891697962 32.5209830863, -86.6891557959 32.5209110864, -86.6891567957 32.5204960863, -86.6891257958 32.5203270865, -86.6891127963 32.5202070858, -86.6891617958 32.5201620858, -86.6892177958 32.5200960859, -86.6892247964 32.5200610858, -86.6892727961 32.5200070863, -86.6892967964 32.5198950863, -86.6891497961 32.5197670862, -86.6890437958 32.5197400863, -86.6889547961 32.5196860859, -86.6889537962 32.519659086, -86.6890747957 32.5195680863, -86.6891647961 32.5194840863, -86.6891727956 32.5194670857, -86.689170796 32.5193880863, -86.6889417957 32.5191910861, -86.6889327963 32.5191710859, -86.6889337962 32.5191150861, -86.6891177963 32.518935086, -86.6891457959 32.5188810858, -86.6891327963 32.5187780861, -86.6891067955 32.5187020858, -86.6890827961 32.5186750856, -86.6890587958 32.518627086, -86.6890017959 32.5185580861, -86.6887517957 32.5183540857, -86.6886407954 32.5182930861, -86.6884857955 32.5181850857, -86.688472796 32.5180030855, -86.6886117959 32.5176680856, -86.6886337957 32.5175370858, -86.6886997958 32.5174830855, -86.6888287957 32.5174680858, -86.6888687959 32.5174740858, -86.6889667958 32.5175280853, -86.6890157962 32.5175620857, -86.6890817963 32.5175830854, -86.6892027958 32.5175960854, -86.6892907956 32.5175250857, -86.6892817963 32.5174580855, -86.6892657955 32.5174030853, -86.6890827961 32.5172520859, -86.6890047954 32.5172060852, -86.688939796 32.5171920854, -86.6887937955 32.5171100859, -86.6887517957 32.5170770852, -86.6887517957 32.5170490854, -86.6887917959 32.5170150856, -86.6890257962 32.5169510854, -86.6891237961 32.5169300855, -86.6891477955 32.5169150857, -86.6892517962 32.5168220858, -86.6892757956 32.5167910855, -86.6892917955 32.5167020857, -86.6891767958 32.5166130858, -86.6890637959 32.5165590857, -86.6890147954 32.5165250857, -86.6889967959 32.5164360856, -86.6890407954 32.5163530855, -86.6890607955 32.5162150853, -86.6889697961 32.5161340855, -86.688775796 32.5161010852, -86.6887177953 32.5160660851, -86.6887097959 32.5160180856, -86.6887257957 32.5160000852, -86.6887337952 32.5159770854, -86.6887897953 32.5159420852, -86.6889137961 32.5159180854, -86.6892187957 32.5158840852, -86.6893087961 32.5158620852, -86.6893407959 32.5158420849, -86.689380796 32.515834085, -86.6894697957 32.5157860854, -86.689565796 32.5157040854, -86.6895817959 32.5156620851, -86.6895647962 32.5156000852, -86.6894347956 32.5154710852, -86.6894177959 32.5154230853, -86.6894407954 32.5152990853, -86.6895447961 32.5151810853, -86.6895527956 32.5151470847, -86.6896007962 32.5150910847, -86.6896247955 32.5150010848, -86.689493796 32.5148940849, -86.6893957961 32.5148740852, -86.689298796 32.5148120849, -86.6892817954 32.5147220847, -86.6894097955 32.5145980852, -86.6894347956 32.5145980852, -86.6894747958 32.5145760849, -86.6895317957 32.5145640852, -86.6895557959 32.514549085, -86.6896177959 32.5144870851, -86.6895697962 32.5143360846, -86.6895847963 32.5142470846, -86.6896817954 32.514171085, -86.6897537963 32.5141560848, -86.6898107962 32.5141200847, -86.6899067956 32.5140380847, -86.6899157958 32.5140040845, -86.6898497957 32.5139480846, -86.6897207958 32.5139850846, -86.689534796 32.5140060851, -86.6893477955 32.5140010848, -86.6892587958 32.5139810849, -86.6891597961 32.5139200846, -86.6891517957 32.5138640846, -86.6892127958 32.5138160846, -86.6894257954 32.5137190848, -86.6894817954 32.5136840845, -86.6896187957 32.5135660846, -86.6896397956 32.5135250848, -86.6896257954 32.5134080846, -86.6896097955 32.5133870847, -86.6894687959 32.5132770846, -86.6892637959 32.5133050848, -86.6891627956 32.5133360847, -86.6890337957 32.5133570847, -86.6888717953 32.5134410851, -86.6887677956 32.5134690845, -86.688693796 32.5134700844, -86.688375795 32.5133070846, -86.6882627951 32.5132250846, -86.6882447955 32.5131080848, -86.6882557954 32.5129940847, -86.6882187956 32.5125270848, -86.6882467952 32.5124420843, -86.6883187951 32.5123720843, -86.6883837954 32.5123580844, -86.6884407953 32.5123240843, -86.688488795 32.5122820847, -86.6885017954 32.5120280845, -86.6885257957 32.5119180842, -86.6885817958 32.5118560841, -86.6886237956 32.5118260843, -86.6887197959 32.5118200846, -86.6888097954 32.5118400842, -86.6888987951 32.5118940841, -86.6889957952 32.5119070841, -86.6890767954 32.5118320847, -86.6890827952 32.5116250844, -86.6891107957 32.5111720843, -86.689093796 32.5110970843, -86.6890607955 32.5110620845, -86.6889377955 32.5109590842, -86.6887397951 32.5109780841, -86.6882187956 32.5111370845, -86.688088795 32.5111510846, -86.6880327949 32.5111510846, -86.6879677955 32.5111380845, -86.6879017954 32.5110910846, -86.6879057956 32.5110400841, -86.6879367955 32.510979084, -86.6879567956 32.5108910845, -86.6878997948 32.5108430845, -86.6877257948 32.5108750845, -86.6876807955 32.5108720846, -86.6875677955 32.5107910839, -86.6875417946 32.5107360841, -86.6875417946 32.5107080839, -86.6875657949 32.5106120844, -86.6875967949 32.510571084, -86.6876597955 32.510412084, -86.6876927952 32.5103010841, -86.6877317955 32.5102610842, -86.6877157947 32.5101710841, -86.6876247954 32.510096084, -86.6874057951 32.5100840844, -86.6873407948 32.5100700842, -86.6872597946 32.510017084, -86.6872427949 32.5098860843, -86.6872007951 32.5097210841, -86.6871587952 32.509591084, -86.6871337951 32.5095550836, -86.6871247949 32.5094880843, -86.6870997948 32.5094610836, -86.6870847947 32.509426084, -86.6871727946 32.5093570839, -86.6872857945 32.5093220842, -86.6874477949 32.5092930843, -86.6875197949 32.5092280839, -86.6875277953 32.5092030839, -86.687421795 32.5091020837, -86.6874277948 32.5089290838, -86.6874197953 32.5088540842, -86.6873937945 32.5088200835, -86.6872147953 32.5086770839, -86.686995795 32.5086290835, -86.6869227952 32.5085810838, -86.6869057946 32.5085420839, -86.6869207947 32.5084450836, -86.6869687953 32.508390084, -86.687041795 32.5083350835, -86.687195795 32.508313084, -86.6872837949 32.508311084, -86.6873587952 32.5082430837, -86.6873557949 32.508187084, -86.6872427949 32.5080850834, -86.6871767948 32.5080440834, -86.6871357948 32.5080100839, -86.6871277953 32.5079700837, -86.6871357948 32.5079420834, -86.6871677945 32.5079000833, -86.6871837944 32.5078600838, -86.6870607944 32.5077570837, -86.6870117949 32.5077400839, -86.6867027951 32.5076770839, -86.6866137945 32.5076230838, -86.6865807949 32.5075960833, -86.6865637943 32.5075260833, -86.6865627945 32.5074980836, -86.6865717947 32.5074640839, -86.6866107951 32.5074160836, -86.686667795 32.5073650833, -86.686723795 32.5072700833, -86.6867067944 32.5072310836, -86.6866897947 32.5071400834, -86.6866977951 32.5071070836, -86.6867377944 32.5070660838, -86.6869647951 32.5070780837, -86.6870537947 32.5070010834, -86.6870537947 32.5069600835, -86.6870107951 32.5068700831, -86.6867167945 32.5066110835, -86.686708795 32.5065300834, -86.6867487942 32.5064950834, -86.6868377948 32.5064930834, -86.6869017944 32.5064390833, -86.6868937949 32.5064110832, -86.6868537947 32.5063640831, -86.6868197944 32.5062810836, -86.6868347945 32.5061710832, -86.6869397949 32.5060810834, -86.6870207951 32.5060600833, -86.6870937949 32.5060670834, -86.6871917948 32.506147083, -86.6872247944 32.5061890832, -86.6872407943 32.5062580835, -86.687298795 32.506306083, -86.6873387951 32.506319083, -86.6874187946 32.5062500835, -86.6874297945 32.506144083, -86.6874137946 32.506012083, -86.6873797952 32.5058680835, -86.6873337951 32.5057280829, -86.6873127952 32.5056220834, -86.6873237951 32.5054870833, -86.6873387951 32.505466083, -86.6874117949 32.505404083, -86.6877517947 32.5053750833, -86.6878727951 32.5052630833, -86.6878807946 32.5052160833, -86.6878797947 32.5051610832, -86.6878377949 32.5051130832, -86.6877277944 32.5050240832, -86.6876507944 32.5049840832, -86.687626795 32.5049840832, -86.6874547946 32.504854083, -86.6874147944 32.504816083, -86.6873237951 32.5046570828, -86.6872817943 32.5046090832, -86.6872657945 32.504567083, -86.6872407943 32.5044580828, -86.6872637948 32.504374083, -86.687472795 32.5041820826, -86.6875137951 32.5041260826, -86.687544795 32.5040640831, -86.6875587944 32.5038920826, -86.6875277944 32.5038580831, -86.6873837945 32.5037420825, -86.6872817943 32.5036730825, -86.6871347949 32.5035450828, -86.687067795 32.5033240826, -86.687026795 32.5032760824, -86.6869697942 32.5032290829, -86.6865567946 32.5032740823, -86.6865157946 32.5032670828, -86.6864667942 32.5032400825, -86.6864427948 32.5032190825, -86.6864257942 32.5031640827, -86.6864287946 32.5030850826, -86.6864147943 32.5027660825, -86.6863727945 32.5026230823, -86.6863057946 32.5024570824, -86.6862237945 32.5023070821, -86.6860517941 32.5020820825, -86.6856257941 32.5017130821, -86.6856087944 32.5015820824, -86.6856837939 32.5009430823, -86.6856737938 32.5007580818, -86.6854697936 32.5005460822, -86.6854527939 32.5004300819, -86.6855167944 32.500366082, -86.6855737943 32.5003500824, -86.6860067939 32.5002990819, -86.6861237941 32.500268082, -86.686180794 32.5002330818, -86.6862867943 32.5001400819, -86.6864567942 32.4999290817, -86.6865607939 32.4997020819, -86.6865957941 32.4995490822, -86.6866157942 32.4992270821, -86.6865997943 32.4991100815, -86.6865587943 32.4990480816, -86.6864367941 32.498945082, -86.6864127938 32.4989310816, -86.6861197939 32.4989050816, -86.6859817938 32.4988780816, -86.685867794 32.4988030819, -86.6858507943 32.4986300819, -86.6858667942 32.4985200819, -86.685898794 32.4984380813, -86.685939794 32.4983900815, -86.686036794 32.4983140813, -86.6861257937 32.4982920816, -86.6862307942 32.4982440817, -86.6862877941 32.4982300819, -86.6864817943 32.4981340812, -86.6866437938 32.4979880817, -86.6866597946 32.4979320816, -86.6866427939 32.4979120812, -86.686529794 32.4978220816, -86.6863507939 32.4977970814, -86.6862137945 32.4978040813, -86.6860547936 32.4978280814, -86.685908794 32.4978420813, -86.6857747941 32.4978340812, -86.6857097938 32.4977860818, -86.6856927941 32.4976070815, -86.6857007936 32.4975720818, -86.6859027942 32.4973720812, -86.6863307938 32.4970170811, -86.6863947942 32.496938081, -86.6864517941 32.4968060811, -86.6864667942 32.4967160811, -86.6864597936 32.4965450811, -86.6864017939 32.4963390813, -86.6863847942 32.4963040811, -86.686344794 32.4962560809, -86.686298794 32.4961530811, -86.6862277938 32.4956720807, -86.6861947942 32.4955420807, -86.6861627935 32.4955010809, -86.6861377943 32.4954390808, -86.6861127942 32.495410081, -86.6860477939 32.495295081, -86.6859897942 32.4952260807, -86.6858117939 32.4950810811, -86.6857467936 32.4950550808, -86.6855347939 32.4950550808, -86.6854547935 32.4950700812, -86.6853897941 32.4951280811, -86.6853087939 32.4952150808, -86.6852087935 32.4954070807, -86.6851637933 32.4955250809, -86.6851317935 32.4955590813, -86.6850837938 32.4956970815, -86.6850197933 32.4957590814, -86.684964794 32.495775081, -86.6848657934 32.4957170808, -86.6847757938 32.4956430809, -86.6847267934 32.495588081, -86.6846537936 32.4954640809, -86.6846367939 32.4954230811, -86.6846117938 32.4953960808, -86.684513793 32.4951560809, -86.6844807934 32.4950320809, -86.6843177932 32.4948870811, -86.6842937938 32.494881081, -86.6841967937 32.494881081, -86.6836407931 32.4949070806, -86.6835477933 32.4948760811, -86.6831567934 32.4945610812, -86.6827907929 32.4944590811, -86.6826937928 32.494397081, -86.6826317928 32.4943380806, -86.6825787931 32.4942680808, -86.6825457926 32.4941300807, -86.6825577932 32.4940510811, -86.6826577928 32.4938000806, -86.6826897926 32.493766081, -86.6827147927 32.4936960808, -86.6827787932 32.4936070809, -86.682907793 32.4932830805, -86.6829177931 32.4930730809, -86.6828687927 32.4928120807, -86.6827587931 32.4925400802, -86.6826867931 32.4921660808, -86.6826427927 32.4920600804, -86.6825857928 32.4919910805, -86.6823087928 32.4917580803, -86.6822757923 32.4917450804, -86.682194793 32.49169708, -86.6820297922 32.4916550806, -86.6819917926 32.4916360805, -86.6816907923 32.4915540804, -86.6815447927 32.49147908, -86.6813737921 32.4913450801, -86.6813137927 32.4912710804, -86.6813007923 32.4912330799, -86.6812757922 32.4911970806, -86.6812527926 32.4910760802, -86.6812427926 32.4910600805, -86.6812467919 32.4910370803, -86.6813427922 32.4908540803, -86.6814197921 32.4906680801, -86.6814347922 32.49050208, -86.681425792 32.4902620799, -86.6813927924 32.4900630799, -86.6813597919 32.4900150802, -86.6813357925 32.4899930799, -86.6813597919 32.4899590797, -86.6813347927 32.4898410797, -86.6813107924 32.4897810799, -86.6812657922 32.48970508, -86.6811717925 32.4896130801, -86.6811637921 32.4895890801, -86.6809677922 32.4893620801, -86.6809277921 32.4892660798, -86.6808937917 32.4891490799, -86.6809017921 32.48906008, -86.6809007923 32.4888730797, -86.6808797924 32.4887400799, -86.6808467919 32.4885940795, -86.6808177924 32.4885100794, -86.6808097921 32.4884550796, -86.6808177924 32.4884340799, -86.680768792 32.48839308, -86.6807527922 32.48835208, -86.6806957923 32.4882840798, -86.6804797923 32.4881060797, -86.6803697918 32.4880540796, -86.6802887916 32.4880030797, -86.6802397921 32.4879890798, -86.6801577921 32.4879470795, -86.6801267922 32.4879210794, -86.6799957917 32.4878790797, -86.6798417918 32.4878400799, -86.6796377915 32.4877980795, -86.6795657916 32.4877710799, -86.6793867915 32.4877300797, -86.6793217912 32.4877040795, -86.6792897914 32.4876820794, -86.6792487914 32.4876680795, -86.6791187917 32.4875810793, -86.6790697913 32.4875390795, -86.6789957917 32.4873470795, -86.678937791 32.4870520795, -86.6789047914 32.4869340795, -86.6788807911 32.4868800791, -86.6788517917 32.4868460792, -86.6785617913 32.4865850791, -86.6785057912 32.4865090795, -86.6784077913 32.4864270794, -86.6783827912 32.4864130792, -86.6778677915 32.4863570795, -86.6778317915 32.4863470796, -86.6775547906 32.4863120792, -86.6773447906 32.4862520793, -86.6772467907 32.4861900797, -86.6771497906 32.4861080792, -86.6771327909 32.4860050792, -86.6771437907 32.4859390792, -86.677172791 32.4858810795, -86.6772047908 32.4857910791, -86.6774467907 32.4855570792, -86.6774547911 32.485501079, -86.6773647907 32.4854060794, -86.6773567912 32.4853710794, -86.6773567912 32.4853160793, -86.6773687909 32.4852510791, -86.6774357908 32.4850820789, -86.6774367906 32.4850200792, -86.6774207907 32.485000079, -86.6772607909 32.4848700787, -86.6770947912 32.4847540786, -86.6769067909 32.4845810789, -86.6769227908 32.4845330792, -86.6769207912 32.4841620791, -86.676880791 32.4839420785, -86.6768387911 32.4838520785, -86.6768227903 32.4838320787, -86.6766267905 32.4836370792, -86.6765867903 32.483586079, -86.676536791 32.4834490787, -86.6765127907 32.4832690784, -86.6764667907 32.4831940786, -86.6763737908 32.483091079, -86.6763567902 32.4829740787, -86.6763887909 32.4829460789, -86.6764297909 32.4829400788, -86.6766777906 32.4829630788, -86.6768517907 32.4829870783, -86.6769407903 32.482909079, -86.6769567911 32.4828550784, -86.6769567911 32.4828280788, -86.6769147904 32.4826280788, -86.6768817908 32.4825320789, -86.6768337902 32.4824700782, -86.6767797907 32.4823600781, -86.6767587908 32.4821820785, -86.6767297905 32.4820340783, -86.6767007901 32.4819690787, -86.6766677905 32.4819270786, -86.6765707904 32.4818310787, -86.6762117904 32.4815160785, -86.6761877901 32.4814000787, -86.67627579 32.481014078, -86.6762667907 32.4808900783, -86.6762257907 32.4808430785, -86.6760957901 32.480733078, -86.6760627905 32.4807190785, -86.67595779 32.480699078, -86.6758997903 32.4806580783, -86.67587579 32.4806230781, -86.6758587902 32.480479078, -86.6758597901 32.480424078, -86.6759077907 32.4803820779, -86.6761427899 32.4803620781, -86.6762157906 32.4803470783, -86.67623979 32.4803340782, -86.6763207902 32.4802640782, -86.6763287906 32.4802100783, -86.6763037905 32.4801740784, -86.6761417901 32.4800380777, -86.6761007901 32.4800240781, -86.6760597901 32.4799970777, -86.6760277903 32.4799900779, -86.6754827905 32.4795520783, -86.6753517901 32.4794080781, -86.6753307902 32.4793600779, -86.6753097903 32.4792500779, -86.6753437897 32.4792220777, -86.6754557898 32.479228078, -86.6755297904 32.4792700779, -86.67561879 32.4792970778, -86.6758057905 32.4793170778, -86.6758787903 32.4793100779, -86.6759347904 32.4792690776, -86.67592679 32.479193078, -86.6759027906 32.4791580779, -86.67553179 32.4788500781, -86.6753897897 32.4787400774, -86.67537279 32.4786450775, -86.6756157897 32.4784370778, -86.6756227902 32.4783950775, -86.6756067904 32.4783550778, -86.6754477903 32.4782240775, -86.6751917903 32.4780800774, -86.6750857899 32.4779920775, -86.6750607898 32.4778460779, -86.67506479 32.4778170777, -86.6751337896 32.4776540777, -86.6751737898 32.4775990774, -86.6751887899 32.4774130779, -86.6751647896 32.4773370774, -86.67513179 32.4772750777, -86.6750747901 32.4772080778, -86.6750577895 32.4771670773, -86.6750417896 32.4770570776, -86.6750457898 32.4770050771, -86.6750897901 32.4768980775, -86.6751047902 32.4767740774, -86.6750727895 32.4767050772, -86.6750317895 32.4766560776, -86.67482879 32.4764860776, -86.6746317895 32.4762980774, -86.6746077901 32.4762670775, -86.6745867893 32.476133077, -86.6746027901 32.4759130772, -86.6746877896 32.4757240769, -86.6747197893 32.4756880774, -86.6747197893 32.4756680774, -86.6749217899 32.4754820768, -86.6751807895 32.4753430771, -86.6752207897 32.475336077, -86.6752937895 32.4752940768, -86.6753667902 32.4752810768, -86.67553679 32.475136077, -86.6755447895 32.475108077, -86.6756007896 32.4750390771, -86.6756327903 32.4749560767, -86.6756607899 32.4747330768, -86.6757017899 32.4739450768, -86.6756777896 32.473904077, -86.6757177898 32.4738610765, -86.67573679 32.4738220767, -86.6757657895 32.4737180767, -86.6758017903 32.473663077, -86.6759847897 32.4734870768, -86.6759917903 32.4734630763, -86.6760327903 32.4734280763, -86.6760527895 32.4733870763, -86.6760677896 32.4733210769, -86.6760547901 32.4731040767, -86.6760387902 32.4730560762, -86.6760147899 32.4730300764, -86.6759407903 32.4728990766, -86.6759157901 32.4728720764, -86.6758837895 32.4727330764, -86.6758867898 32.4726760762, -86.6759717902 32.4724730767, -86.6759797897 32.4724040762, -86.6759707895 32.4723140761, -86.6757487897 32.4720790763, -86.6757097894 32.4720060763, -86.6757537898 32.4716590763, -86.6757327899 32.4715310765, -86.6756917898 32.471483076, -86.6755847897 32.4713870764, -86.6752017894 32.4710830758, -86.6751907895 32.4709050758, -86.6754287901 32.4706160759, -86.6754877896 32.4703380756, -86.6758197899 32.4700610757, -86.6759297895 32.4699100756, -86.67591679 32.4693050761, -86.6757657895 32.4686440754, -86.6758047898 32.4685060755, -86.67602979 32.4682090757, -86.6758597901 32.4680530757, -86.6754527895 32.4679620753, -86.6751297894 32.4677970755, -86.6749467891 32.4674360752, -86.6744557889 32.4669970755, -86.6738757889 32.4665860755, -86.6737027886 32.466266075, -86.6734947891 32.4661320755, -86.6732207886 32.466217075, -86.6728007885 32.4661980748, -86.6725847886 32.4659860749, -86.6725587886 32.4654520747, -86.6725167888 32.4653510747, -86.6723637886 32.4652290747, -86.6718707887 32.4651510752, -86.6715817881 32.4651990753, -86.671443788 32.4650220748, -86.6713637886 32.4647820749, -86.6710497878 32.4645520746, -86.6704727882 32.4644550747, -86.6699757881 32.4645090749, -86.669709788 32.4640700746, -86.669555788 32.463946075, -86.6693047879 32.4639100746, -86.6691517878 32.463788075, -86.6690937871 32.4636170745, -86.6690987872 32.4631530744, -86.6689657871 32.4629320743, -86.6689497872 32.4627900742, -86.6694037877 32.4616440742, -86.6693887876 32.4612590742, -86.6697537875 32.4610220742, -86.6697757872 32.4609210738, -86.6695477876 32.4607200738, -86.6688037876 32.4605970739, -86.6687117876 32.460529074, -86.6686617873 32.4603950742, -86.6688087876 32.460143074, -86.6687347871 32.4600570743, -86.6683817869 32.4599500742, -86.6682477871 32.4598180739, -86.6681957872 32.4591100736, -86.6682257873 32.4582980733, -86.6680287868 32.4578310737, -86.6680137867 32.4574030734, -86.668047787 32.4572640731, -86.6683587874 32.4570800735, -86.6684967866 32.4569450734, -86.6685087872 32.4566660736, -86.6681727867 32.4563930733, -86.6678087867 32.4563100731, -86.6676907867 32.4563340729, -86.6675177864 32.4565330732, -86.6671947864 32.4566180735, -86.6671457869 32.4565780732, -86.6670837869 32.4564830734, -86.6671267866 32.4563110729, -86.6675807871 32.4558890733, -86.6675907871 32.4556080729, -86.6674377869 32.4554420734, -86.6672277869 32.4554450728, -86.6670357864 32.455508073, -86.6667337862 32.4553200729, -86.666283786 32.4555170728, -86.6662037865 32.4555070732, -86.666139786 32.4554190732, -86.6661907861 32.4552110729, -86.6664157862 32.4548300727, -86.6668237866 32.454493073, -86.6666387867 32.4543050731, -86.6663557859 32.4542340727, -86.6660257862 32.454081073, -86.665898786 32.4539870726, -86.6658517862 32.4538910725, -86.6662077858 32.4536460727, -86.6663427864 32.4530210725, -86.6665087861 32.4528630723, -86.6667137861 32.4527500722, -86.6666607864 32.4522590726, -86.6664877862 32.4521560725, -86.6662357863 32.4521230722, -86.6661577865 32.4520000727, -86.6661557859 32.4518580721, -86.6662357863 32.451659072, -86.6659477864 32.4509520719, -86.6654947858 32.4503110719, -86.665380786 32.4500050717, -86.6653167855 32.4496160718, -86.6650797857 32.449412072, -86.6646927852 32.4492670722, -86.6645557858 32.4491350721, -86.6645727855 32.448820072, -86.6648887859 32.4484410719, -86.6650057852 32.4482110715, -86.6650277858 32.4478910718, -86.6649487853 32.4477740711, -86.6640827851 32.4471060716, -86.663862785 32.446605071, -86.6635577854 32.4460950714, -86.6633027851 32.4459070713, -86.6623987844 32.4457210708, -86.660656784 32.4457580715, -86.6603817845 32.4456650715, -86.6602267838 32.4455440714, -86.6601337839 32.4453860709, -86.6600127844 32.4444990711, -86.6599057843 32.4443870711, -86.6596567839 32.4442510709, -86.6595557836 32.4442280709, -86.6593077839 32.444273071, -86.6591047835 32.4442240712, -86.6589647838 32.444144071, -86.6588997835 32.444013071, -86.6586597833 32.4437480712, -86.6585697837 32.4429720709, -86.6583897838 32.4427320707, -86.6581107833 32.4425100705, -86.6576987835 32.4424260706, -86.6574757831 32.4423260704, -86.6568217826 32.4417220706, -86.6555527829 32.4406710702, -86.6548677824 32.4399730701, -86.6545087824 32.4398790702, -86.6542407817 32.4397040699, -86.6534627814 32.4389050698, -86.6533067818 32.4383870698, -86.6529247813 32.4377160697, -86.6529127816 32.4371110693, -86.6528327812 32.4369860697, -86.6525057819 32.4367040695, -86.651915781 32.4362990694, -86.6515557811 32.4358600696, -86.6512627812 32.4356010696, -86.6504507806 32.4352960695, -86.6502077809 32.4351110691, -86.6500237808 32.4349590695, -86.6499697803 32.4348610695, -86.6523807813 32.4336950688, -86.6531617811 32.4333020688, -86.6540797821 32.4327750687, -86.6542747821 32.4326480683, -86.6551197823 32.4321590685, -86.6553367821 32.4320410686, -86.6555827821 32.4319170682, -86.6558737824 32.4318030683, -86.6561977822 32.4316990682, -86.6563627821 32.431655068, -86.656696782 32.4315810685, -86.6570487824 32.4315200684, -86.6626527839 32.4306840677, -86.6645997844 32.430400068, -86.6688347858 32.4297610676, -86.6700467865 32.4295840672, -86.6704197858 32.4295150673, -86.6706927866 32.4294770673, -86.6710327863 32.4294420677, -86.6712887864 32.4294230673, -86.6714607868 32.4294150673, -86.6716317865 32.4294150673, -86.6719737868 32.4294290671, -86.6723147864 32.4294600672, -86.6726527865 32.4295140672, -86.6728197869 32.4295470674, -86.673147787 32.4296350676, -86.673306787 32.4296880675, -86.673619787 32.4298090677, -86.6739217871 32.4299440675, -86.674214787 32.4301060673, -86.6744927878 32.4302810673, -86.6747557875 32.4304720676, -86.6750027874 32.4306730675, -86.6792347893 32.4343810677, -86.679385789 32.4345050678, -86.679949789 32.4350040682, -86.6801967889 32.4352060679, -86.6804567892 32.4354000685, -86.6807197889 32.4355840683, -86.6809917898 32.4357640684, -86.6812697897 32.4359330686, -86.6815567897 32.4360930682, -86.6818507894 32.4362430681, -86.6823007897 32.4364540683, -86.6851067907 32.4377130689, -86.6917267931 32.4406660688, -86.6923417932 32.4409230687, -86.6926727928 32.4410540687, -86.6933577932 32.441311069, -86.6942347933 32.4416120693, -86.7090987977 32.4466020697, -86.7097427981 32.44681207, -86.7101467983 32.4469370696, -86.7110417988 32.4471980695, -86.711697799 32.4473760701, -86.7123577993 32.4475450697, -86.7126917992 32.4476260698, -86.7136937989 32.4478480695, -86.7145307997 32.4480190695, -86.7221708014 32.4494430697, -86.7241728021 32.4498080696, -86.7251868024 32.4499760701, -86.7270438034 32.4502570699, -86.7278168037 32.4503610698, -86.7289558037 32.4505000701, -86.7307988044 32.45070207, -86.7321708049 32.4508240699, -86.7332028048 32.4508990694, -86.7345708051 32.4509810694, -86.7354218052 32.45102007, -86.7362758057 32.4510480698, -86.7377328067 32.4510850699, -86.7397228068 32.4511050694, -86.7392778065 32.4558630708, -86.7392718067 32.4561590705, -86.7392808069 32.4563060709, -86.7393028067 32.4564520705, -86.7393378068 32.4566000711, -86.7393888069 32.4567410705, -86.7394508068 32.4568770707, -86.7395228068 32.4570110711, -86.739608807 32.4571390711, -86.7397028067 32.4572610707, -86.739808807 32.4573750709, -86.7399248073 32.4574820711, -86.740049807 32.4575830708, -86.7401828071 32.4576760707, -86.7403238075 32.4577600708, -86.7404698071 32.4578340708, -86.7406248069 32.4578990711, -86.7407858075 32.457952071, -86.7409478079 32.4579960713, -86.741280808 32.4580620713, -86.7427208083 32.458267071, -86.7428908082 32.458298071, -86.7432258079 32.4583880708, -86.7433888081 32.4584470713, -86.7435448086 32.4585200709, -86.7436978079 32.4586050708, -86.7439738081 32.4588100708, -86.7442298082 32.4590810711, -86.7443178089 32.4591930711, -86.7444398082 32.4593760711, -86.7445088087 32.4595100708, -86.7445668085 32.4596490715, -86.7446128085 32.4597840714, -86.7446448083 32.4599240713, -86.7446658091 32.4600660714, -86.7446808083 32.4603540713, -86.7446528087 32.4653840724, -86.7446378086 32.4669210731, -86.744604809 32.467358073, -86.7445678092 32.4676470728, -86.7445198086 32.467939073, -86.7444628087 32.4682260731, -86.7443948089 32.468511073, -86.7443148086 32.4687960735, -86.7442208088 32.469079073, -86.744065809 32.4694980733, -86.743947809 32.4697720737, -86.7437548087 32.4701790735, -86.7436078093 32.4704450732, -86.7433728091 32.4708360734, -86.743203809 32.4710920741, -86.7429348085 32.4714650735, -86.7427418091 32.4717070738, -86.7424378084 32.4720600736, -86.7393418079 32.4755810747, -86.7388238079 32.4761820746, -86.7387278076 32.4763060748, -86.7386388079 32.4764350749, -86.7385588076 32.4765690751, -86.738489808 32.4767060753, -86.7384268073 32.476847075, -86.7383738076 32.4769910748, -86.7383018076 32.4772890754, -86.7382788081 32.477444075, -86.7382678073 32.4775840756, -86.7382508076 32.4779950754, -86.7381958082 32.4832440764, -86.7382038077 32.4836820762, -86.7382238078 32.4839730764, -86.7382808077 32.4844060768, -86.7383338083 32.4846930767, -86.7384318082 32.4851210769, -86.7395038083 32.4894100779, -86.7397758092 32.4905600783, -86.7398208085 32.4908510782, -86.7398328091 32.4909990783, -86.7398418093 32.4912960778, -86.7398368093 32.4914440779, -86.7398018091 32.4917280783, -86.7397088092 32.4921560784, -86.7391588085 32.4938540784, -86.7396748089 32.4940050785, -86.7401628088 32.4941580786, -86.7404808088 32.4942760789, -86.740787809 32.4944050791, -86.7410868096 32.4945490788, -86.7412358096 32.4946280788, -86.7416608097 32.4948900792, -86.74192581 32.4950750788, -86.7420478093 32.4951680786, -86.7422908099 32.4953740788, -86.7431148103 32.4961140788, -86.7445868103 32.4974560792, -86.744926811 32.4977200791, -86.7452048108 32.4979110796, -86.7454908111 32.498087079, -86.7457898108 32.4982470797, -86.7460918109 32.4983920794, -86.7464048109 32.4985190795, -86.7468798113 32.4986890795, -86.7490388115 32.4994110796, -86.7491968117 32.4994710798, -86.7495008123 32.4996060798, -86.7496478118 32.4996800795, -86.7499318123 32.4998430798, -86.7502008119 32.50001908, -86.7504528127 32.5002160798, -86.750687812 32.5004280795, -86.7509088128 32.5006560797, -86.751215813 32.5010080796, -86.7531748132 32.50331608, -86.7559278144 32.5065770812, -86.7561738145 32.5068760808, -86.7568308144 32.5076400813, -86.7570518144 32.5078630808, -86.7571718149 32.5079670808, -86.7572968146 32.5080660815, -86.757427815 32.5081590814, -86.7575648144 32.5082460814, -86.7577068147 32.5083250815, -86.758007815 32.5084650809, -86.7583248152 32.5085730809, -86.7584878154 32.5086140815, -86.758653815 32.5086460808, -86.7589938148 32.5086910813, -86.7593358151 32.5087110808, -86.7596798151 32.5087140815, -86.7617198163 32.5087080809, -86.7619838159 32.5087250813, -86.7622948162 32.5087700809, -86.7626218165 32.5088460814, -86.7628908161 32.5089260808, -86.7630838164 32.5089980812, -86.7633178168 32.5091130811, -86.7634648162 32.509197081, -86.7637408164 32.5093850815, -86.7639858166 32.5095950816, -86.7640978168 32.5097090815, -86.7642938166 32.5099510811, -86.764378817 32.5100790816, -86.764532817 32.510339081, -86.7659118172 32.5130110819, -86.7659838171 32.5131430815, -86.7661418173 32.5134040819, -86.7662248172 32.513531082, -86.7664108178 32.5137750818, -86.7665128179 32.5138940821, -86.7667288178 32.5141200817, -86.766963818 32.5143330818, -86.7672198181 32.5145250818, -86.7674888177 32.5147050824, -86.768677818 32.5154250821, -86.7699998182 32.5162040826, -86.7702208191 32.5163420822, -86.7711238191 32.5168780824, -86.7717048189 32.5172130829, -86.7726498196 32.5177040827, -86.7736908197 32.5182090826, -86.7741378196 32.5184340828, -86.7742818195 32.5185160826, -86.7744088197 32.5186160829, -86.77451482 32.5187290829, -86.7746008203 32.5188540826, -86.7747008198 32.519050083, -86.77501282 32.5197340827, -86.77540282 32.5205510831, -86.7754738201 32.5206790829, -86.7755578207 32.5208040829, -86.7757578207 32.5210380835, -86.7760808207 32.5213750833, -86.776181821 32.5214950832, -86.7762708207 32.5216190831, -86.7766888212 32.5224150837, -86.7769298212 32.5228010832, -86.7771098211 32.5230500834, -86.777207821 32.5231680837, -86.7775248212 32.5235020837, -86.7776418214 32.5236070836, -86.7777708213 32.5237050839, -86.7779128216 32.523792084, -86.7780618215 32.5238660835, -86.778377821 32.5239830837, -86.778531821 32.5240510841, -86.7786818217 32.5241300839, -86.7789698216 32.5242950842, -86.7791188215 32.5243670836, -86.7799898217 32.524703084, -86.7802208217 32.5248090838, -86.7805058221 32.524968084, -86.780803822 32.5251070836, -86.7812588223 32.5253070838, -86.7819158223 32.5256290837, -86.7823548227 32.5258580842, -86.7826378225 32.5260220838, -86.7827758226 32.5261080841, -86.7829088227 32.5262020841, -86.7830368227 32.5263000839, -86.7831548227 32.5264060841, -86.7832678227 32.526516084, -86.7835928233 32.5268590839, -86.7838178234 32.5270820841, -86.7845148236 32.5277360842, -86.7848518238 32.5280720842, -86.7849688231 32.5281800841, -86.7850928239 32.5282830843, -86.7852208239 32.5283800843, -86.7853558236 32.5284700844, -86.7855688241 32.5285970845, -86.786092824 32.5288610847, -86.7863868237 32.5290190848, -86.786528824 32.5291030843, -86.7868948237 32.529356085, -86.7864178236 32.5300180846, -86.7855498238 32.5311970849, -86.7841998239 32.5330630852, -86.7839058233 32.5334250855, -86.7836998234 32.5336590858, -86.783368823 32.5339970857, -86.7831348235 32.5342110861, -86.7827688229 32.5345230859, -86.7816368226 32.5354230859, -86.7775638216 32.5386860869, -86.7771238214 32.5390290873, -86.7768598218 32.539218087, -86.7765778217 32.539391087, -86.7764338218 32.5394700869, -86.7762858217 32.5395440871, -86.7759798213 32.5396810875, -86.7758218212 32.5397430874, -86.7755018215 32.5398470876, -86.775006821 32.5399710871, -86.7745118215 32.5400870871, -86.7721888204 32.5406030873, -86.7716908204 32.5407200876, -86.7713678204 32.5408130879, -86.7712068198 32.5408660874, -86.77089282 32.5409820878, -86.7704378197 32.5411840875, -86.7701448198 32.541334088, -86.76986182 32.5415000881, -86.7697248197 32.5415880879, -86.7694608201 32.5417730877, -86.7692078195 32.541969088, -86.7689678193 32.5421770877, -86.7687418193 32.5423980878, -86.76853282 32.5426290879, -86.7683368193 32.542868088, -86.7682448192 32.5429920886, -86.7680728197 32.5432480883, -86.7679178199 32.5435100886, -86.7677828192 32.5437770884, -86.7676648192 32.5440520886, -86.767563819 32.5443310885, -86.7675198195 32.5444720883, -86.7674468197 32.5447560886, -86.7673918194 32.545043089, -86.7673558195 32.5453290889, -86.7673388197 32.5456180888, -86.7673418192 32.5459060891, -86.7673588198 32.546141089, -86.7673828192 32.5463380892, -86.7674318196 32.546625089, -86.767460819 32.5467700887, -86.7675378199 32.547053089, -86.7676338193 32.547333089, -86.7678438193 32.5478100889, -86.7679498197 32.5480090891, -86.76848682 32.5488930894, -86.7685858197 32.5490780892, -86.7645688187 32.5505990897, -86.7642528184 32.5507120903, -86.7639308191 32.5508120904, -86.7636048186 32.5508970902, -86.7631898185 32.5509820899, -86.7628568185 32.5510350902, -86.7614168182 32.5511630905, -86.7610758177 32.5511980905, -86.7607378176 32.5512520902, -86.7604038177 32.5513190902, -86.7600748178 32.55140609, -86.7597558179 32.5515100904, -86.7594398176 32.5516320907, -86.7590628171 32.5518060904, -86.7587048169 32.5520020908, -86.758565817 32.5520870902, -86.7583618168 32.5522220907, -86.7551968167 32.5544390911, -86.7549188159 32.5546050911, -86.7546508161 32.5547410911, -86.7543738161 32.5548650912, -86.7541638161 32.5549410912, -86.7539218162 32.555009091, -86.7536738156 32.5550650911, -86.7534248161 32.5551130917, -86.7531728162 32.5551470915, -86.7529188158 32.5551660911, -86.7526648153 32.5551740913, -86.7524938156 32.5551710914, -86.7521548157 32.5551470915, -86.7517348155 32.5550820918, -86.7511508154 32.5549410912, -86.7497238146 32.5545670917, -86.7462468134 32.5535950912, -86.7439548132 32.5529570909, -86.7434728131 32.5528100909, -86.743237813 32.5527250914, -86.7430088126 32.5526280911, -86.7425668128 32.5524090909, -86.7423588124 32.5522890915, -86.7421568127 32.5521520913, -86.7419048128 32.551961091, -86.741606812 32.5516990911, -86.7414398125 32.5515350907, -86.7412798126 32.551360091, -86.7410448125 32.5510650913, -86.7409208126 32.550877091, -86.7407688123 32.5506170907, -86.7406688118 32.5504190905, -86.7405818118 32.5502160909, -86.7404808124 32.5499400903, -86.7404388117 32.5498000904, -86.7403878116 32.5495880905, -86.7403508118 32.5493750907, -86.7403168124 32.5490870902, -86.7402478119 32.5472040898, -86.7402348115 32.5470590901, -86.7402128117 32.5469150904, -86.7401768117 32.54677409, -86.7401008116 32.5465630901, -86.7400338116 32.5464280902, -86.7399098118 32.5462360903, -86.7397628115 32.54605609, -86.7396508113 32.5459440898, -86.7395288111 32.5458400899, -86.7393318115 32.54569909, -86.7391948112 32.5456120899, -86.7390488116 32.5455330901, -86.7388948116 32.5454670899, -86.7387338111 32.5454110899, -86.738487811 32.5453490901, -86.7382308111 32.54530709, -86.7380598114 32.54529309))
POLYGON ((-87.7887870449 31.2987787836, -87.788494045 31.2974147826, -87.7872650446 31.2976497829, -87.7858020438 31.2978517831, -87.7839740432 31.2979697833, -87.7825320433 31.2978977833, -87.7812680427 31.2977447832, -87.7799750427 31.2977287835, -87.7789100423 31.2974157836, -87.7778280413 31.2967477829, -87.775983041 31.2956227833, -87.774331041 31.2947817832, -87.7730150405 31.2941927827, -87.7715850394 31.2937247824, -87.7699740394 31.2936827826, -87.7687840393 31.2938127828, -87.7677130391 31.2941377827, -87.7665200386 31.2945177828, -87.765708038 31.2952717834, -87.7652210379 31.2963827838, -87.7651570383 31.2973517838, -87.7636080374 31.2972587835, -87.763466038 31.2971487839, -87.7632130374 31.2971137838, -87.7629260373 31.2971137838, -87.7626560379 31.2971657839, -87.7624140371 31.2974187841, -87.7621040375 31.2975847839, -87.7618510369 31.2976717837, -87.7614260367 31.2977347838, -87.7610810369 31.2975907842, -87.7606090369 31.2974727836, -87.7604040369 31.2975067842, -87.7599090364 31.2980277839, -87.7597250363 31.2981367838, -87.7597310371 31.2983267841, -87.7599300364 31.2985857845, -87.7599240365 31.2986327845, -87.7600310366 31.298838784, -87.7602980366 31.2990917843, -87.7602980366 31.2992977844, -87.7601370369 31.2995717844, -87.7592300367 31.2996397848, -87.759203037 31.2994577846, -87.7593100362 31.2992967842, -87.7594170363 31.2989077843, -87.7592040368 31.2988157841, -87.7587500363 31.2988847845, -87.7583760363 31.2990907842, -87.7582690361 31.2992967842, -87.7579220367 31.2993657842, -87.7578160364 31.2992737845, -87.7573080364 31.2990667842, -87.7570680362 31.2987687842, -87.7569610361 31.298700784, -87.7567480356 31.2986777841, -87.756320036 31.2988377846, -87.7560270361 31.299089784, -87.7557060357 31.2991347842, -87.7554930353 31.2989517844, -87.7552800357 31.2988597843, -87.7545590353 31.2989747842, -87.7545060356 31.2987447842, -87.7545860351 31.2985847843, -87.7545060356 31.2984017842, -87.7542930352 31.2982177844, -87.7540520352 31.2981717843, -87.753786035 31.2979887842, -87.753786035 31.2978277844, -87.7544000353 31.2977827844, -87.7545330354 31.2976677845, -87.7545330354 31.2975077843, -87.7544000353 31.2973927841, -87.7539200349 31.2972327843, -87.7530650346 31.2973697839, -87.7527450349 31.297300784, -87.7519180342 31.2969797843, -87.7516250343 31.2969337844, -87.7514640346 31.2970707838, -87.7512510342 31.2974147842, -87.7509300338 31.2975977839, -87.7506630338 31.2976437842, -87.7505570344 31.2975747845, -87.7505840342 31.2971847842, -87.7504880339 31.2970707845, -87.7503140339 31.2969327843, -87.7499980335 31.2969437839, -87.7495750339 31.2970687842, -87.7487180339 31.2971607845, -87.7484780337 31.2974587842, -87.7483990332 31.2981467848, -87.748292034 31.2983527846, -87.7480520338 31.2986047845, -87.7475720334 31.2988117843, -87.7474650332 31.298926785, -87.7473320332 31.2992017848, -87.7468790334 31.2997517849, -87.7466650332 31.2998667853, -87.7463720333 31.3000947853, -87.7463450335 31.3005527848, -87.7462390332 31.300667785, -87.7459720332 31.3007367847, -87.7455450325 31.3009197849, -87.7451180327 31.3013557851, -87.744398033 31.3016997853, -87.7434370324 31.3017917857, -87.7426630323 31.3014027853, -87.7423960323 31.3014027853, -87.7422090318 31.3017237853, -87.741649032 31.3017927858, -87.7413550313 31.3017237853, -87.7410620314 31.3015177852, -87.7406080319 31.3012887854, -87.7405010317 31.3013347854, -87.7404750318 31.3015177852, -87.7403680317 31.3016097858, -87.7398880313 31.3017017855, -87.7397010317 31.3018847854, -87.7397010317 31.3019997854, -87.7395940315 31.3021597857, -87.7389000309 31.3022287858, -87.738607031 31.302618786, -87.7382070309 31.3027107855, -87.7378060311 31.3024587858, -87.7372460303 31.3022757855, -87.7367920308 31.3023447856, -87.7365250308 31.3025277857, -87.7365250308 31.3026197861, -87.7364190305 31.3027117856, -87.7360980301 31.3028027857, -87.7356440305 31.3024597859, -87.7348440296 31.3022537859, -87.7343370294 31.3022537859, -87.7338560301 31.3024377855, -87.7332690296 31.3025067863, -87.7322550292 31.3023007856, -87.7319610295 31.3023007856, -87.7318550292 31.3023927862, -87.7315880292 31.3024157859, -87.7312670288 31.3023237861, -87.7309200285 31.3023007863, -87.7307870284 31.3023927862, -87.7304670288 31.3024387857, -87.7303330289 31.3023007863, -87.7303330289 31.3020487863, -87.7305730291 31.3016597862, -87.7305730291 31.3014297858, -87.7303860286 31.3013387859, -87.7296920288 31.3013157859, -87.7296650282 31.3008577855, -87.7295590288 31.300674786, -87.7293450285 31.3005837854, -87.7289980282 31.3005837854, -87.728891028 31.300674786, -87.7285710284 31.3007437857, -87.7282780285 31.300652786, -87.7280110276 31.3006297858, -87.7277440276 31.3006977854, -87.7273440276 31.3010417856, -87.7270230281 31.3011337859, -87.7262230272 31.3008817858, -87.7259020277 31.3009737862, -87.7255290274 31.3010417856, -87.7249950275 31.3006307859, -87.724541027 31.300378786, -87.724274027 31.3003557858, -87.7239810271 31.3005167858, -87.7237670269 31.3008147857, -87.7237140272 31.301111786, -87.7235270267 31.3012487861, -87.7233140271 31.3013407862, -87.7229670268 31.3013407862, -87.722166026 31.3010427857, -87.7218460264 31.301134786, -87.7217120265 31.3012957863, -87.7217390262 31.3019827864, -87.7216860265 31.3021887862, -87.721499026 31.3023497862, -87.7212330259 31.3027167862, -87.7208860265 31.3027857868, -87.7194450254 31.3028547865, -87.7192310261 31.3030377864, -87.7187770256 31.3031297863, -87.7185110255 31.3032437862, -87.7181900251 31.3033127864, -87.7179490251 31.3033127864, -87.7176550253 31.3031297863, -87.7177350248 31.3027177864, -87.717575025 31.3024197864, -87.7167740251 31.3016867866, -87.7160000249 31.3012737864, -87.7156000249 31.3011827864, -87.7153060243 31.3011827864, -87.7150390243 31.3013657865, -87.7148790245 31.3017787863, -87.7147460244 31.3019847866, -87.7146390243 31.3020537861, -87.714292024 31.3021227864, -87.7140520238 31.3020077865, -87.7132780236 31.3013657865, -87.7126110236 31.3012527867, -87.7123700236 31.3011377864, -87.7122640233 31.3006107862, -87.7120500239 31.3002907863, -87.7114890234 31.3001297859, -87.7111690237 31.2998777861, -87.7111690237 31.2996257857, -87.7112760229 31.2993507857, -87.7113020229 31.2990757857, -87.7111160231 31.2989157856, -87.7106030231 31.298684786, -87.7112210236 31.2975597857, -87.7117520231 31.2966137852, -87.7119360232 31.2963037852, -87.7123150234 31.2956847853, -87.7136850233 31.2935547849, -87.7142550242 31.2926287847, -87.7144140242 31.2923047845, -87.7144370237 31.2922377845, -87.7144690235 31.2920977843, -87.7144810241 31.2919567845, -87.7144750234 31.2918127845, -87.714451024 31.2916707841, -87.714415024 31.2915317841, -87.7139520233 31.2900937839, -87.7138570238 31.2897427842, -87.7130810231 31.2865767832, -87.7129160232 31.2858767829, -87.7127310233 31.2851767828, -87.7126650232 31.2849667829, -87.7125440228 31.284629783, -87.711999023 31.2832647828, -87.7119470231 31.2831197823, -87.7115350225 31.2821197821, -87.7110520226 31.2809157822, -87.7107650226 31.2802557818, -87.7103980221 31.2795507819, -87.7101790219 31.2791777816, -87.7083720211 31.276207781, -87.7082300217 31.2759527806, -87.7081640216 31.275818781, -87.7080350209 31.2755027808, -87.7079140214 31.2751647812, -87.7075760213 31.2741287805, -87.7071540206 31.2727887805, -87.7067960204 31.2716847801, -87.7065850205 31.2709947798, -87.7063960204 31.2702957802, -87.7063330206 31.2700107798, -87.7062730203 31.2695787801, -87.7062590201 31.2693617798, -87.7062560206 31.2689997798, -87.7062930204 31.2682107794, -87.7062930204 31.2679947795, -87.70631102 31.2675747795, -87.7066050206 31.2618687779, -87.7066420204 31.2615077782, -87.7067200202 31.2610467777, -87.7067700205 31.2608837775, -87.70709602 31.2601627772, -87.7072570205 31.2598377778, -87.7084140201 31.2575837767, -87.7085630209 31.2573257771, -87.7086510208 31.2571297767, -87.7090340202 31.2563527765, -87.7090900203 31.2562197766, -87.7091360203 31.2560837769, -87.709168021 31.255942777, -87.7092200209 31.2555167764, -87.7092510208 31.2547967766, -87.7092880207 31.2534937761, -87.7093230208 31.2530627759, -87.7093440207 31.2529197763, -87.7094020205 31.2526357755, -87.7095680201 31.251928776, -87.709948021 31.2503827751, -87.7100870209 31.249877775, -87.7108450211 31.2467197742, -87.7115420204 31.2439067735, -87.7122860213 31.2408487736, -87.7127250207 31.2390987729, -87.7128910204 31.2383937727, -87.7131600209 31.2373907723, -87.7134390206 31.2362767721, -87.7155550211 31.2276757703, -87.7163780207 31.2242877698, -87.7175420209 31.2196107685, -87.7176570214 31.2193057686, -87.7177240213 31.2191837682, -87.7178150216 31.2190657687, -87.7179740216 31.2189187681, -87.7181440215 31.2187947683, -87.7184760217 31.2186417682, -87.7190580213 31.2184657684, -87.7193770221 31.2183607681, -87.7213980222 31.2177437675, -87.7217460223 31.2176417679, -87.7221600226 31.2175357679, -87.722727023 31.2174387678, -87.7232330225 31.2174007681, -87.7237400226 31.2173837676, -87.7243950229 31.2172957673, -87.7245360234 31.2172567673, -87.7249020231 31.2171297676, -87.7253730233 31.2169327679, -87.726636024 31.2163817672, -87.7271060235 31.2161557675, -87.7274220238 31.2159777671, -87.7277970238 31.215742767, -87.7280870242 31.2155277672, -87.7305850243 31.2134467667, -87.7315320247 31.2126697667, -87.7318300246 31.2124607664, -87.7319530246 31.212384766, -87.7320780252 31.2123147667, -87.7324110253 31.2121767661, -87.7328220252 31.2120487662, -87.7332450257 31.2119737658, -87.7336040257 31.2119437664, -87.7348940262 31.2119137662, -87.735403026 31.2118627664, -87.7361330258 31.2116547661, -87.7379950267 31.2110007659, -87.7383870264 31.2108127657, -87.7385430269 31.2107167659, -87.7386630266 31.2106267657, -87.7388270266 31.2104677658, -87.7389710265 31.2102957659, -87.7391720273 31.2099907652, -87.7394190271 31.2095427651, -87.7401340268 31.2082017655, -87.7403960268 31.207769765, -87.7407400276 31.2073917651, -87.741118027 31.207050765, -87.7429140279 31.2054937646, -87.7434690277 31.205025764, -87.7436870282 31.2048307645, -87.7438870282 31.2046197645, -87.7442130277 31.2042167644, -87.7459650282 31.2017287632, -87.7489560291 31.1974437625, -87.7492090288 31.1969987621, -87.7492820295 31.1968337625, -87.749357029 31.1966027621, -87.7494170292 31.1963597622, -87.7494510287 31.1961307624, -87.7494510287 31.1958727625, -87.7493150291 31.1945677622, -87.7492990292 31.194030762, -87.7493340294 31.1938047618, -87.7493940288 31.1935867613, -87.7495470289 31.1932167619, -87.749993029 31.1922147614, -87.7500260295 31.1921547616, -87.7502980295 31.1915647611, -87.7504840293 31.1911317609, -87.7507180296 31.190695761, -87.7510660289 31.1903347605, -87.7514920297 31.1900547606, -87.7519600295 31.1898447604, -87.7524380294 31.1896637604, -87.7538580296 31.1891437602, -87.7543370302 31.1889837605, -87.7548230304 31.1888487606, -87.7553170302 31.1887497607, -87.7567760307 31.1884927605, -87.7572710312 31.1883647601, -87.7577520314 31.1881767602, -87.7582170309 31.1879797602, -87.7596380318 31.1874497603, -87.7601160316 31.1872847595, -87.7605990315 31.1871477599, -87.7611060317 31.1871027602, -87.7616140317 31.1871047598, -87.762125032 31.18705176, -87.7625990326 31.18687076, -87.7630060323 31.1865637594, -87.7633150321 31.1861627597, -87.7634770325 31.1857277598, -87.7645680328 31.1815017583, -87.7649240324 31.1801477579, -87.7650260325 31.1796837582, -87.7651050331 31.1792297582, -87.7651510331 31.1787607576, -87.7651690326 31.1783107574, -87.7651730328 31.1769487574, -87.7651970322 31.1765237573, -87.7652360326 31.1762057571, -87.7653140324 31.1756787572, -87.7653510322 31.1754947572, -87.7654060325 31.1753177571, -87.7654920327 31.1751237571, -87.7656070323 31.1749427573, -87.7657480328 31.1747767571, -87.7659070328 31.174628757, -87.7660790323 31.174500757, -87.7662670326 31.174396757, -87.7664000327 31.1743407571, -87.7672620327 31.1740247564, -87.7678470336 31.1739127571, -87.7685860335 31.1738667564, -87.7689370332 31.1738727569, -87.7693740339 31.1738647565, -87.7698100339 31.1738387564, -87.7701630341 31.1737837569, -87.7711390339 31.1735557562, -87.7738070348 31.172890756, -87.7746630349 31.1726637561, -87.774873035 31.1726197563, -87.7753460348 31.1724587564, -87.7767640354 31.1719417562, -87.7772360354 31.1717597557, -87.7776920355 31.1715487558, -87.7781310359 31.1712957557, -87.7785540364 31.1710217554, -87.7790040357 31.1707697554, -87.7795890366 31.1705027558, -87.7798100366 31.1703847554, -87.7802630363 31.1701757555, -87.7811710363 31.1697427551, -87.7816210366 31.1695137554, -87.7820670366 31.1692717552, -87.782506037 31.1690207551, -87.7867390379 31.1665457544, -87.7876710382 31.165974754, -87.787857038 31.1658487539, -87.7880360381 31.1657127541, -87.7899580393 31.1643307541, -87.7902050392 31.1641667538, -87.7918740398 31.1629697536, -87.7922620393 31.1627067538, -87.7925740394 31.1624647531, -87.7929640394 31.1621257534, -87.7933070395 31.1617487535, -87.7941940397 31.1605207532, -87.7945210399 31.160135753, -87.7948750399 31.1597797526, -87.7952580402 31.1594487526, -87.7956630403 31.1591437525, -87.7960890402 31.1588697524, -87.7965300403 31.1586277527, -87.7974110405 31.1581267525, -87.7977990409 31.1579177524, -87.7979860405 31.1578087521, -87.7981710413 31.1576917522, -87.7984640412 31.1574787522, -87.7988820408 31.1571117519, -87.7990880416 31.1569117522, -87.8009670413 31.1549347511, -87.8016530416 31.1541967512, -87.8023070421 31.1534127511, -87.8029190418 31.1526037509, -87.8047390421 31.1501617499, -87.8053370425 31.14934275, -87.8060440427 31.1482517495, -87.8060980431 31.1481817496, -87.8092770434 31.1430827484, -87.8127660443 31.1374717469, -87.8129950437 31.137093747, -87.817590045 31.1297227455, -87.8197480453 31.1262797442, -87.8202810454 31.1254447444, -87.8205770457 31.1250587444, -87.8208290456 31.124795744, -87.8212500456 31.124449744, -87.8216820463 31.1241477442, -87.8242060463 31.1224277438, -87.8246150466 31.1221287437, -87.8249990467 31.1217937432, -87.8253470469 31.1214257435, -87.8256520465 31.1210227432, -87.8259150471 31.1205907433, -87.8261250472 31.120128743, -87.8262740472 31.1196627429, -87.826357047 31.1192317428, -87.8263940468 31.1188367427, -87.8263910473 31.1183017426, -87.8263690467 31.1181127424, -87.8263130466 31.1178267426, -87.8261610472 31.1173237427, -87.8258750469 31.1166107422, -87.8258040468 31.1164167419, -87.8254030469 31.1155017419, -87.8250060464 31.1145687419, -87.8248530462 31.1140897416, -87.8247760462 31.1136097415, -87.8247640465 31.1131647417, -87.8248090458 31.1127037412, -87.8253020467 31.1095087411, -87.8254070462 31.1090667409, -87.825588046 31.1085997405, -87.8258250467 31.1081587407, -87.8276280463 31.1050857397, -87.8306220476 31.0997977384, -87.8318340474 31.097590738, -87.8320580477 31.0971467378, -87.8321690472 31.0968677379, -87.8323000476 31.0964277374, -87.8325040478 31.0954227374, -87.8330130476 31.0927857367, -87.8337560478 31.0888657361, -87.8338150473 31.0886077358, -87.8339590473 31.0878997355, -87.8340430478 31.0874117353, -87.8340770473 31.0869567357, -87.8340440477 31.0865057352, -87.833960048 31.0860217352, -87.8337000477 31.084666735, -87.833581047 31.0837577352, -87.8335490472 31.0829137349, -87.8335880476 31.0821707348, -87.8337030472 31.0813677344, -87.8339100469 31.0804607341, -87.8347070475 31.0775657334, -87.834812047 31.0771017334, -87.8348450476 31.076650733, -87.834802047 31.0761397334, -87.8346180469 31.0747477326, -87.8345810471 31.0743117328, -87.8346010472 31.0739137323, -87.8346680471 31.0735127324, -87.834843047 31.0728027323, -87.8350750468 31.0717617325, -87.8353190472 31.0707507316, -87.8353750473 31.0704767317, -87.8365520469 31.065706731, -87.8366640471 31.065233731, -87.8367390474 31.0647637304, -87.8367430476 31.0642777306, -87.8364240469 31.0600987298, -87.836408047 31.0596277296, -87.8364420473 31.059171729, -87.8365520469 31.0586957292, -87.8367090473 31.0582097292, -87.8370360475 31.0572527286, -87.8371760473 31.0567647289, -87.8372840472 31.056278729, -87.8373540475 31.0558227285, -87.8373840468 31.0553507283, -87.8373870471 31.0548767286, -87.8373560472 31.0544017286, -87.8371390466 31.0523667281, -87.837085047 31.0518177281, -87.8370450468 31.0512977278, -87.837070047 31.0507807276, -87.8372960469 31.0488227272, -87.8373420469 31.048338727, -87.837347047 31.0481367272, -87.8373380467 31.0479177269, -87.8372960469 31.0474987268, -87.837275047 31.0473617269, -87.8372020463 31.0470197271, -87.8370790463 31.0466237264, -87.8368820466 31.0461507262, -87.8357420459 31.0438877257, -87.8355650464 31.0434697261, -87.8354530462 31.0430897258, -87.8353920461 31.0428007256, -87.835377046 31.0424147261, -87.8353780459 31.0421887256, -87.8354210455 31.0417557254, -87.8355240463 31.0413357253, -87.835675046 31.0408477255, -87.8364260456 31.0385187246, -87.8365560462 31.0381467247, -87.8366780464 31.0378347247, -87.8369180457 31.0372797242, -87.8371600465 31.0368187243, -87.837419046 31.036381724, -87.8376990464 31.0359607242, -87.8395090466 31.0335217233, -87.8397910466 31.0330977235, -87.8400040471 31.0326347235, -87.8401290468 31.0321927231, -87.8401420472 31.0321067231, -87.8404740465 31.0321497235, -87.8407930473 31.0322207233, -87.8419620474 31.032247723, -87.8425050476 31.0323137233, -87.8427290479 31.032384723, -87.8441980476 31.032973723, -87.8445680484 31.0332647236, -87.8448050482 31.0334017237, -87.8450790478 31.0334957232, -87.8459740483 31.0338807235, -87.8463890484 31.0340067233, -87.8469000488 31.0341167233, -87.8474750487 31.0343197234, -87.8476350486 31.0344027233, -87.8477940495 31.0345397233, -87.8479860491 31.0347487233, -87.8481460489 31.0349797239, -87.8486770494 31.0360137238, -87.84915605 31.0372947242, -87.8492520493 31.0374877245, -87.8493800494 31.0377187246, -87.8497760501 31.0382687242, -87.8498270502 31.0383787246, -87.85019205 31.0388187244, -87.8504150496 31.0392747248, -87.85061305 31.0395877245, -87.8507860502 31.039796725, -87.8514120502 31.0402757249, -87.8516810507 31.0404407251, -87.8521280506 31.0407867248, -87.8524980505 31.0411437249, -87.8530740512 31.041941725, -87.8532020512 31.0420627251, -87.8535210511 31.042270725, -87.8540450509 31.0425187253, -87.8545430509 31.0426667252, -87.8549900517 31.0428477249, -87.8553290516 31.0428867251, -87.8555210512 31.042941725, -87.8557890519 31.0430407255, -87.8561400515 31.0432057255, -87.8562870519 31.0433317253, -87.8563000514 31.0435077255, -87.8563830521 31.0435797252, -87.8566520517 31.0435907251, -87.8568110517 31.0435627251, -87.8570990516 31.0433587248, -87.8572260518 31.0433147251, -87.8581530521 31.0433417254, -87.8586320527 31.0433697255, -87.8589510525 31.0434797255, -87.8591620524 31.0436057249, -87.8593860527 31.0436327251, -87.8595260525 31.0436987252, -87.8596730528 31.0437267252, -87.8598330526 31.0436987252, -87.8599610527 31.0436167255, -87.8601520525 31.0435337252, -87.860631053 31.0435337252, -87.8609510527 31.0434397249, -87.8611610528 31.043329725, -87.8615570535 31.0430107249, -87.8616530529 31.0429837253, -87.861832053 31.0430107249, -87.861960053 31.0430927251, -87.8621640532 31.0433017249, -87.8622470531 31.0434397249, -87.8625800532 31.043835725, -87.8627400539 31.0439727253, -87.8633660539 31.044373725, -87.8635260537 31.0444017256, -87.863909054 31.044329725, -87.8641130542 31.0443577256, -87.8643880537 31.0445497249, -87.8647390542 31.0447307255, -87.8649950543 31.0449507252, -87.8650720543 31.0450447256, -87.8651230544 31.0452537256, -87.8651040541 31.0453357254, -87.8649630545 31.0454457254, -87.8647530545 31.0455007254, -87.864689054 31.0455947251, -87.8647210547 31.0456937252, -87.8647530545 31.0457207256, -87.8648680541 31.0457867258, -87.8651870548 31.0458697257, -87.8658130548 31.0459127252, -87.8663880548 31.0459957257, -87.8669730547 31.0457177255, -87.8668900549 31.045585725, -87.8668470552 31.0454847253, -87.8668210544 31.0453787252, -87.866802055 31.0451997253, -87.8669070546 31.044852725, -87.8669830548 31.0446847254, -87.8671500552 31.0444787249, -87.8673160549 31.0443157251, -87.867813055 31.0439297249, -87.8683330556 31.0435107249, -87.868983055 31.0429477245, -87.8691390555 31.0428277245, -87.8694080551 31.0426557245, -87.8697340555 31.0424917248, -87.8701860554 31.0423007242, -87.870342056 31.0422477243, -87.8708200558 31.0421117244, -87.8711090555 31.0420637242, -87.8717790559 31.0420227248, -87.8720310558 31.0420257242, -87.8721970564 31.0420427246, -87.8724440562 31.0420877247, -87.8728370566 31.0422127246, -87.8729880562 31.0422747242, -87.8731900568 31.0423747244, -87.8732940565 31.0426017242, -87.8756100571 31.0446807248, -87.8779310576 31.045938725, -87.8794950587 31.0464867253, -87.8866270604 31.0481717256, -87.8931340619 31.0490917254, -87.9021220648 31.0521317256, -87.9047220659 31.0523597257, -87.9058000658 31.0525917255, -87.9066360658 31.0523917257, -87.9073190666 31.0518537256, -87.9075360664 31.0510577249, -87.9063620662 31.048928725, -87.9058000658 31.0476967243, -87.9054210657 31.0467327244, -87.9056600661 31.0451287243, -87.9061020659 31.0445577238, -87.9070230664 31.0437257239, -87.9087230661 31.0425687234, -87.9093860668 31.0420077232, -87.9096990667 31.0412877231, -87.9095730663 31.0394377225, -87.9096030665 31.0386117222, -87.9099550668 31.0380617223, -87.9101740662 31.0379507224, -87.9104600665 31.0378217222, -87.9114990669 31.0376857221, -87.9116050672 31.0376477219, -87.911729067 31.0376357222, -87.9120200673 31.0376487217, -87.9122690668 31.0376797223, -87.9125570676 31.0377247221, -87.9128900677 31.0377397221, -87.9130140675 31.037720722, -87.913166067 31.037661722, -87.9132670673 31.0375987219, -87.9134780671 31.0374247219, -87.9135570677 31.0373427222, -87.9136890679 31.0371597217, -87.9137170675 31.0370927218, -87.9137610679 31.0370327216, -87.9137710679 31.0369977222, -87.9138280678 31.0369027218, -87.9138910676 31.0367337222, -87.9139860671 31.0365757214, -87.9140560675 31.036486722, -87.9142680672 31.0363137215, -87.9144320681 31.0362047215, -87.9146050674 31.0361067215, -87.9148800678 31.0360287217, -87.9150440678 31.0360087214, -87.9152090677 31.0360017216, -87.9160370682 31.0360297215, -87.9161620679 31.0360437219, -87.916490068 31.0361007216, -87.9166870685 31.0361517213, -87.9167970681 31.036201722, -87.9170260685 31.0362857216, -87.9171680688 31.0363577213, -87.917280068 31.0364027218, -87.9173870681 31.0364567217, -87.9175000681 31.0365017214, -87.9176800689 31.0365907215, -87.917977069 31.0367197219, -87.9182170683 31.0367827219, -87.918670069 31.0368457218, -87.9188670686 31.0369057213, -87.9191740688 31.0370167217, -87.9193540687 31.0371077218, -87.9196120693 31.0372867216, -87.9198000688 31.0373627215, -87.9198800691 31.0373827215, -87.9200290691 31.0374467216, -87.9201010691 31.0374817216, -87.9203100693 31.037602722, -87.9205690698 31.0377817216, -87.9208780696 31.0379657216, -87.9209870693 31.0380197221, -87.9211960696 31.0381537221, -87.9213350695 31.0382317217, -87.9213980692 31.0382777219, -87.9215330699 31.0383607222, -87.9216580695 31.0384547221, -87.9217750697 31.0385557223, -87.9221080698 31.0388217223, -87.9223280699 31.0389837218, -87.9224790704 31.0390457219, -87.9226580705 31.039134722, -87.9228550702 31.0392627222, -87.9231820704 31.0395397222, -87.9233510704 31.0396987225, -87.9235010702 31.0398697219, -87.9235890701 31.0399917221, -87.9236700703 31.0400737219, -87.9237150705 31.0401347223, -87.9239370702 31.0403937223, -87.9250280706 31.0413767226, -87.9251650708 31.0415117223, -87.9251880713 31.0415417225, -87.9252420708 31.0416587224, -87.9253250707 31.0420047223, -87.925400071 31.042246723, -87.9254110709 31.042317723, -87.925441071 31.0424217224, -87.9254860712 31.0425217224, -87.9254920711 31.0425567228, -87.9255430711 31.0426547224, -87.9256660712 31.0427987229, -87.9257520714 31.042874723, -87.9259650709 31.043041723, -87.9259910708 31.0430687226, -87.9271420714 31.0438277229, -87.9273760718 31.0439777226, -87.9279690722 31.0443117229, -87.9281470715 31.0444017233, -87.9282460722 31.0444667231, -87.928560072 31.0447467234, -87.928714072 31.0449157234, -87.9287590722 31.0449757232, -87.9288660723 31.0450837234, -87.9289170724 31.045140723, -87.9289580724 31.045202723, -87.9290670722 31.0453097231, -87.9291150718 31.0453677232, -87.9292300724 31.0455567235, -87.9292530719 31.0456247233, -87.9292620721 31.0456957232, -87.9292490726 31.0457657232, -87.9292390726 31.0459057231, -87.929222072 31.045937723, -87.9292130726 31.0460087233, -87.9291830725 31.0461117235, -87.9291660719 31.0461437233, -87.9291210726 31.0463147234, -87.9290290725 31.0465477232, -87.9290090724 31.0466507235, -87.9289710719 31.0467517235, -87.9289730724 31.0467867239, -87.9289400719 31.0468867232, -87.9288640718 31.0470507238, -87.9288120719 31.0471847233, -87.9287870718 31.0472137235, -87.9286650725 31.0475127239, -87.9286570721 31.047547724, -87.928596072 31.0476787237, -87.928570072 31.0478187238, -87.9285480723 31.0480307239, -87.9285230722 31.0484567236, -87.9285230722 31.0486717238, -87.9285070723 31.0490987242, -87.9284980721 31.0492057238, -87.9284790718 31.0492747238, -87.9284560722 31.0493047239, -87.9283010724 31.0494237245, -87.9281460717 31.049474724, -87.927944072 31.0495207242, -87.9277490721 31.049578724, -87.9276390716 31.0496287245, -87.927611072 31.0496547241, -87.9275910719 31.0496867243, -87.9276100721 31.0497517243, -87.9276340715 31.0497807245, -87.9277590721 31.049874724, -87.9279010724 31.0499477239, -87.9279400719 31.049960724, -87.9280090723 31.0500007241, -87.9281560718 31.0501287243, -87.9282030725 31.0501867245, -87.9282150722 31.0502217244, -87.9282170719 31.0502567243, -87.9282040723 31.0503277245, -87.9281150718 31.0504027243, -87.9280810723 31.0504237244, -87.9279660718 31.050464724, -87.9277300718 31.0505317245, -87.9276940718 31.0505507243, -87.9275410716 31.0506047247, -87.9274700715 31.0506427243, -87.9273740721 31.0507107243, -87.9272930719 31.0507917244, -87.9272760722 31.0508247246, -87.9272680718 31.0508607248, -87.9272850716 31.0509297244, -87.927313072 31.0509567248, -87.9274100721 31.0510247247, -87.9274850716 31.0510557247, -87.9276430718 31.0511047247, -87.9278070718 31.0511297242, -87.927929072 31.0511527243, -87.9280070718 31.0511777245, -87.9281710718 31.0512027247, -87.9282480718 31.0512307248, -87.9282890718 31.0512327242, -87.9285710719 31.0512967243, -87.9286930721 31.0513197243, -87.9288160721 31.0513347244, -87.9290650725 31.0513537248, -87.9293580724 31.0513597246, -87.9297320725 31.0513417246, -87.9298940729 31.0513057246, -87.9301790724 31.0512567247, -87.9303030731 31.0512397244, -87.9305940725 31.0512217244, -87.9311720728 31.0512677245, -87.931253073 31.0512817241, -87.9314110732 31.0513297243, -87.9315240732 31.0513767241, -87.9316200734 31.0514437247, -87.9317960731 31.0515977243, -87.9319330734 31.0517747243, -87.9320860736 31.0520287242, -87.9321940735 31.0521377245, -87.9322860736 31.0522107242, -87.932387073 31.0522737247, -87.9326520733 31.0523787244, -87.9330870735 31.0525037246, -87.9332270732 31.052578725, -87.933356074 31.0526707246, -87.933505074 31.0527957244, -87.9335520738 31.052854725, -87.9335620739 31.0528897247, -87.9335730737 31.0529957249, -87.9334760736 31.0531937249, -87.9334530741 31.0532977246, -87.9334290738 31.0535077247, -87.9334110733 31.0537527252, -87.9333680737 31.053887725, -87.9333060738 31.0541667249, -87.9332220741 31.0543287251, -87.9331520738 31.0544957249, -87.9331490734 31.0545317252, -87.9331630736 31.0546017249, -87.9331770739 31.0546357251, -87.9332200735 31.0546967254, -87.9332960737 31.054727725, -87.9334610736 31.0547517254, -87.9335860741 31.0547577249, -87.9337520738 31.0547457251, -87.9338340738 31.0547327248, -87.934033074 31.0546787253, -87.9343350742 31.0545617252, -87.9345160739 31.0544727249, -87.9346310744 31.0544277253, -87.9349110739 31.0542727252, -87.9349510741 31.0542607246, -87.9350960739 31.0541917251, -87.9352000745 31.0541317249, -87.9355010739 31.0540137252, -87.9357420739 31.0539527245, -87.9359450743 31.0539157251, -87.9361510742 31.0538937246, -87.9364410746 31.0538887247, -87.9368130751 31.0539237248, -87.9368520745 31.0539367251, -87.9369740747 31.0539577252, -87.9371400744 31.0539727249, -87.937265075 31.0539617246, -87.9373850746 31.0539307248, -87.9374580744 31.0538957247, -87.9376160746 31.0537797249, -87.9377040745 31.0537047247, -87.9377820752 31.0536207251, -87.9378730745 31.0535007247, -87.937983075 31.053308725, -87.9380360747 31.0531727247, -87.9380730745 31.0529967246, -87.9380980747 31.0529287247, -87.9381050752 31.0528577248, -87.9381020749 31.0526787244, -87.9380890753 31.0526087248, -87.9380640752 31.0525407246, -87.9380540752 31.0524707242, -87.9380230752 31.0523667243, -87.9379930751 31.0523007248, -87.9379700746 31.0522707241, -87.9379110751 31.0521397246, -87.937855075 31.0520437242, -87.9377870752 31.0519537242, -87.9377190745 31.051785724, -87.9376890744 31.0516097245, -87.9376930746 31.0515027246, -87.9377150752 31.0513977239, -87.9377140745 31.051325724, -87.9377390746 31.0512217244, -87.9377570751 31.0511887243, -87.937773075 31.0511197241, -87.9378010746 31.0509787245, -87.9378010746 31.0509437241, -87.9378230752 31.0508387244, -87.9378460748 31.0507697239, -87.937860075 31.0506637243, -87.9378940744 31.0505987241, -87.9379880751 31.0504817237, -87.938024075 31.0504637243, -87.9380640752 31.0504537241, -87.9381050752 31.0504497237, -87.9381460752 31.0504587242, -87.9382240751 31.0504837238, -87.9382900752 31.0505267244, -87.9384360748 31.0505947237, -87.9386740753 31.0506587242, -87.938840075 31.0506627238, -87.9390900752 31.050651724, -87.939204075 31.0506347243, -87.9409000754 31.0506137236, -87.9408580756 31.0516157242, -87.9411210763 31.0537407245, -87.9411270761 31.056250725, -87.9413460764 31.0594077261, -87.9415660765 31.0613477262, -87.9434320768 31.0649287267, -87.9447920776 31.0662837273, -87.9465880776 31.0672337273, -87.9487070785 31.0678647272, -87.9522070792 31.067986727, -87.9552990804 31.067918727, -87.9571710805 31.067666727, -87.9591790811 31.0676747271, -87.9628730829 31.0680357268, -87.9632450824 31.0680377274, -87.9638280828 31.0682927272, -87.9641350829 31.0684277272, -87.9648000833 31.0688957268, -87.9663650832 31.0703257273, -87.9673270837 31.0714507275, -87.9686930844 31.0736137277, -87.9695140843 31.0754297283, -87.970557085 31.0773467286, -87.9708680853 31.0777127287, -87.9712090849 31.0780237285, -87.9718360856 31.0784987291, -87.9733060861 31.079468729, -87.9745180867 31.0807417295, -87.9750580865 31.0814827296, -87.9758560869 31.0824277294, -87.9768830877 31.0853447306, -87.9769440869 31.0862247307, -87.9768890875 31.0873137311, -87.9768440873 31.0874737309, -87.9766010876 31.0883427311, -87.9762270876 31.0895407316, -87.9750510868 31.0912217313, -87.9725410861 31.0933707319, -87.9704150856 31.0948787329, -87.965857085 31.0982217334, -87.9633300846 31.1013697345, -87.9586370834 31.1073017356, -87.9553290823 31.1113127367, -87.9484230806 31.1193727388, -87.9465820804 31.1216907389, -87.9455360803 31.1233157394, -87.9448800802 31.1246067398, -87.94456308 31.1251817397, -87.9445330798 31.1259827403, -87.9444890804 31.131017741, -87.9444440802 31.1327677417, -87.9442470805 31.1348127421, -87.9437570801 31.1367037423, -87.9430220803 31.1384037428, -87.9407700802 31.1416587439, -87.9399220796 31.1436127443, -87.9396800797 31.1446077445, -87.9397010797 31.145810745, -87.9401260798 31.1472427452, -87.9413350801 31.148454745, -87.943731081 31.1496907457, -87.9462460817 31.1494617452, -87.9508650833 31.1477237446, -87.9532640837 31.1468527445, -87.9563350841 31.1462667442, -87.9602370854 31.1464707442, -87.9625760864 31.1469787445, -87.9662890876 31.1482667443, -87.9694850885 31.1501377444, -87.9722900888 31.1527637452, -87.9741910901 31.1568117457, -87.9745060897 31.158708746, -87.9744260903 31.1601267468, -87.9741180903 31.1611517467, -87.9734750897 31.1621027472, -87.9728740898 31.1626997472, -87.9713460897 31.1630297474, -87.9683960887 31.1628527478, -87.9639130867 31.1611157476, -87.9610760867 31.160416747, -87.9593170857 31.160416747, -87.9570780851 31.1607677477, -87.9541080841 31.1616547479, -87.9523460836 31.1620017476, -87.9487720832 31.1617587481, -87.9460760819 31.1612567475, -87.9437530817 31.1613467478, -87.9426570813 31.161881748, -87.9413230813 31.1630557482, -87.9408230808 31.1644627488, -87.940940081 31.1658537487, -87.942156081 31.1676547497, -87.9434370822 31.1689657498, -87.9447940827 31.1704877499, -87.9459540826 31.1722877505, -87.9467740827 31.1744247507, -87.9469840828 31.1761097514, -87.9465530828 31.1776477513, -87.9457150831 31.1795927516, -87.945351083 31.1811087523, -87.9451970831 31.1830097527, -87.9456650829 31.1878737538, -87.9459380836 31.189866754, -87.9463160839 31.1915557548, -87.9465930839 31.1929357546, -87.9455430836 31.1929797549, -87.9446060832 31.1927677549, -87.9435640833 31.1923357546, -87.9424470822 31.1914177547, -87.9416690827 31.1904187545, -87.9405140819 31.1897657541, -87.9336170804 31.1899957545, -87.9316790793 31.1895147546, -87.9293130785 31.1879477543, -87.9256840779 31.1861287536, -87.9216180765 31.1854917538, -87.9182540753 31.1856167541, -87.9142260745 31.1867407546, -87.9136420744 31.1873617545, -87.9142720745 31.188541755, -87.915501075 31.1899717553, -87.9154080751 31.1907197555, -87.9146520745 31.1911837556, -87.911371074 31.1910687558, -87.9106590738 31.1933657558, -87.9078740728 31.1955487568, -87.906549073 31.1987237572, -87.9062420729 31.1991677575, -87.9013890719 31.1988067578, -87.8996940713 31.1973227575, -87.8992160705 31.1973577577, -87.8970980704 31.1996647578, -87.8964930703 31.2000917578, -87.8925420695 31.2016367582, -87.8913920687 31.2026047586, -87.8895860687 31.2043547589, -87.8887080679 31.2048227591, -87.8876480676 31.2051157595, -87.8867540678 31.2052527592, -87.8859340676 31.2054157594, -87.8853800676 31.2052057596, -87.8853670672 31.2047937593, -87.8857880671 31.2038047591, -87.8860600671 31.2030217589, -87.886235067 31.2026147589, -87.8860230673 31.202011759, -87.8857560674 31.2013987588, -87.8848200668 31.2011547586, -87.8838330663 31.2009977589, -87.8827360661 31.200797759, -87.8819780659 31.2005427586, -87.8811670659 31.1999627587, -87.8803530656 31.1992137581, -87.8797540654 31.1984547586, -87.8791720649 31.1980017584, -87.8782130648 31.1978707579, -87.8766770643 31.198392758, -87.8755160645 31.1994177586, -87.875001064 31.2000727586, -87.8742130645 31.2012857591, -87.8738920641 31.2015017595, -87.8734590636 31.2030117595, -87.8733360635 31.2036987597, -87.8733420643 31.2045467598, -87.8739420643 31.2063077605, -87.8745000646 31.2072617603, -87.8750010649 31.2085247606, -87.8752740647 31.2091457604, -87.8756840648 31.2107147614, -87.8759090649 31.2121977611, -87.8758810653 31.2132137616, -87.8756730649 31.2140147618, -87.8753840652 31.2144667618, -87.8750010649 31.2147467617, -87.8697790638 31.2157707623, -87.8679770631 31.2145877618, -87.865387062 31.2097387614, -87.8599510598 31.2046387604, -87.8560040592 31.2034577605, -87.8535040585 31.20345076, -87.8495490575 31.2061107606, -87.8485080574 31.2083837612, -87.8490600578 31.2105887617, -87.8498040578 31.2115837621, -87.8579480602 31.2164567626, -87.859662061 31.218446763, -87.8625780616 31.2239677646, -87.8635980627 31.2261177645, -87.8641180623 31.2291777653, -87.8637620627 31.2311057661, -87.8600710622 31.2354057671, -87.8582670609 31.2364817672, -87.8567750607 31.2370747671, -87.8545550605 31.2372387678, -87.8529170598 31.2369917678, -87.8486170581 31.2348327673, -87.8446150572 31.229509766, -87.8443960569 31.2282507662, -87.8439240569 31.2270377659, -87.8429350567 31.2261877652, -87.8413470563 31.2254167658, -87.840148056 31.2255177653, -87.8386840554 31.2259657657, -87.836465055 31.227766766, -87.8356550549 31.2286447663, -87.835613055 31.2297417668, -87.8359250552 31.231058767, -87.8405040566 31.2332427669, -87.8429310565 31.2347917674, -87.8440960574 31.236150768, -87.8446310571 31.2379447682, -87.8446330577 31.2393407681, -87.8439710577 31.240661769, -87.8425220572 31.2420457687, -87.8411630571 31.2427747689, -87.8401360563 31.2433457698, -87.8387740558 31.2441167696, -87.8375220558 31.2454367697, -87.837152056 31.2463557704, -87.8371100561 31.24725977, -87.8375550564 31.2483667702, -87.8385890568 31.2494677711, -87.8402590572 31.2501767712, -87.8409830571 31.2508797711, -87.8417800577 31.252029771, -87.8422410579 31.2530577711, -87.8423740579 31.2540917715, -87.8422930577 31.2549387719, -87.8423820574 31.2554717716, -87.8429900579 31.2557897718, -87.8434170577 31.2559917718, -87.8443190578 31.2558857718, -87.8451920586 31.2555837719, -87.8459240589 31.2552807719, -87.8464890588 31.2549207714, -87.8469970588 31.2545117716, -87.8473280592 31.2540857715, -87.847724059 31.2537487711, -87.8483150589 31.2536147714, -87.8509020596 31.2532967708, -87.8516220602 31.2533577709, -87.85234106 31.2537167714, -87.852787061 31.2541467711, -87.8531470608 31.2548187712, -87.8532800609 31.2559657719, -87.8528730603 31.2577877718, -87.8525500603 31.2584797723, -87.8519640605 31.2591147722, -87.8513530605 31.2595557729, -87.8506670603 31.2598347722, -87.8500570602 31.259984773, -87.8492890599 31.2600127729, -87.8483540592 31.259854773, -87.8470550594 31.2594847726, -87.8456170587 31.2588467726, -87.8437680582 31.2581757726, -87.842302058 31.2574087725, -87.8420600581 31.2571977723, -87.8419040576 31.2568977724, -87.8416080573 31.256371772, -87.8412930576 31.2559427724, -87.8408060576 31.2558827723, -87.8402800571 31.2561307719, -87.8381020567 31.2568047722, -87.8372290559 31.2571397727, -87.8362050565 31.2575057722, -87.8354820555 31.2577837725, -87.8345880557 31.2583927725, -87.8337030553 31.259081773, -87.8328230557 31.2602877732, -87.8317320554 31.2621707739, -87.8310660552 31.2634757739, -87.8304840547 31.2649737742, -87.8302220548 31.2662317747, -87.8298240544 31.2680537752, -87.8293150546 31.2709317756, -87.8290530547 31.2721487759, -87.8287730552 31.2733257763, -87.828615055 31.2743747767, -87.8283180549 31.2753097771, -87.827907055 31.2763087769, -87.827517055 31.2771217773, -87.8268740544 31.2779167776, -87.8260170544 31.2785577772, -87.8252930536 31.2789177774, -87.8241010539 31.279265778, -87.8229760533 31.2794377782, -87.8220390529 31.2794727779, -87.8209900525 31.279491778, -87.8197370526 31.2791537781, -87.8182240517 31.2786287778, -87.8152380508 31.2771347778, -87.8142110509 31.2767337776, -87.8131190508 31.2762187777, -87.8121200505 31.2757127772, -87.8110770499 31.274964777, -87.8085400494 31.273634777, -87.8065900486 31.2725897771, -87.8046780483 31.2715547769, -87.8030280479 31.2705857767, -87.8015070474 31.2698177764, -87.7996170469 31.2695487767, -87.7987250458 31.2697697769, -87.7979940463 31.2698867764, -87.7969340459 31.2701227767, -87.7961450457 31.2703127766, -87.7943530451 31.2708027773, -87.793009045 31.2713757769, -87.7914650441 31.2723187775, -87.7893200441 31.2735337775, -87.7879660431 31.2741797775, -87.7868090436 31.2748747781, -87.7855280424 31.2757957786, -87.784555043 31.2767507789, -87.7839010425 31.2777727785, -87.7836760424 31.2789417794, -87.7837420425 31.2800477793, -87.7841080431 31.2811317793, -87.7847740433 31.2821527794, -87.7857800432 31.2829497802, -87.7868900438 31.2834647802, -87.7886380441 31.2840077801, -87.7904020442 31.2847527798, -87.7919970452 31.28563378, -87.7935240456 31.2867637806, -87.7944620457 31.2878187805, -87.7953560464 31.2896967808, -87.7956650462 31.2909097814, -87.7956670467 31.2918857817, -87.7955630461 31.2923357817, -87.7974220467 31.2945857822, -87.7974750473 31.2947467822, -87.7976620469 31.2949297817, -87.7980890476 31.295525782, -87.7980890476 31.2956177823, -87.7982490474 31.2958467821, -87.7986760472 31.296327782, -87.7989960478 31.2966027824, -87.799210048 31.2969237826, -87.7995560477 31.2972907823, -87.8000370479 31.2979097823, -87.8002500483 31.2982757825, -87.8007040479 31.2987337824, -87.8007570485 31.2988477831, -87.8012380487 31.2994207827, -87.8022250484 31.3002917834, -87.8023050487 31.3004067831, -87.8025450489 31.300658783, -87.8025720487 31.3007727829, -87.8028160491 31.301402783, -87.8033200489 31.3017037835, -87.8040190496 31.3021757831, -87.8051180494 31.3029817837, -87.8062730502 31.303883784, -87.8071750503 31.304801784, -87.8080020502 31.3055887843, -87.8083650504 31.3058977844, -87.8089780509 31.3066437839, -87.8091890508 31.3072587844, -87.809470051 31.308478785, -87.8096050507 31.3092057845, -87.809829051 31.3104907853, -87.809793051 31.311475785, -87.8095420509 31.3124747853, -87.8093470509 31.3134347856, -87.8090970516 31.3142807857, -87.8088830513 31.3152807862, -87.808454051 31.3162387863, -87.8079710511 31.3169057862, -87.8076030509 31.3172837866, -87.8071400511 31.317740787, -87.806330051 31.318309787, -87.8055960501 31.3187007873, -87.8049010505 31.3188907868, -87.8040280498 31.3190227874, -87.8035220494 31.3190127872, -87.8027650499 31.3188227872, -87.8018890497 31.3182277869, -87.8011250487 31.3176187873, -87.8004070487 31.3171787864, -87.7996880488 31.3169157866, -87.7992860482 31.3167847868, -87.7989340488 31.3162177868, -87.7987990481 31.3154657865, -87.7983270481 31.3132397858, -87.7983800478 31.3125067858, -87.7984600482 31.3123917855, -87.7984600482 31.3113607857, -87.7983800478 31.311314786, -87.7982470478 31.3108337858, -87.7980600482 31.3090457848, -87.7981170481 31.308035785, -87.7977820474 31.3066047847, -87.7974450472 31.3053197846, -87.7967510474 31.3042577841, -87.7956380473 31.302742784, -87.7944300468 31.3015167835, -87.7933220459 31.3004927832, -87.7923430457 31.2998897833, -87.791213046 31.2994957835, -87.7901940456 31.2992647831, -87.7896890451 31.2991157835, -87.7891280445 31.2989597834, -87.7887870449 31.2987787836))
POLYGON ((-87.8115260404 31.0735397334, -87.811015041 31.0735267334, -87.8105080408 31.0735527333, -87.8084850402 31.0737037334, -87.8079800397 31.0737207335, -87.8074740393 31.0736967333, -87.8054510387 31.0735477337, -87.8049510391 31.0734937333, -87.804459039 31.0733877336, -87.8039770389 31.0732287334, -87.8034790381 31.0730937334, -87.8029740385 31.0730267334, -87.8014660375 31.0728757339, -87.8009590374 31.0728357334, -87.8004480379 31.0728207336, -87.7999400379 31.0728237335, -87.7979160366 31.0728847337, -87.7957420363 31.0729707338, -87.795236036 31.0730217338, -87.794733036 31.0730997341, -87.7927360353 31.0734397336, -87.7922280353 31.0735037341, -87.7907230347 31.0736577342, -87.7902210346 31.0737177344, -87.7897220348 31.0738067343, -87.7892260345 31.0739307339, -87.7877660341 31.0743557344, -87.7872790341 31.0744897347, -87.7855100339 31.0748787347, -87.7851950333 31.0749217343, -87.7849060336 31.0749367345, -87.784761033 31.0749267346, -87.7845430334 31.0748997348, -87.7843240331 31.0748577347, -87.7839770328 31.0747457344, -87.783663033 31.0745857348, -87.7834350334 31.0744267343, -87.7832250333 31.0742537343, -87.7830720332 31.0741137345, -87.7829810329 31.0740197344, -87.7828810325 31.073851734, -87.7828280328 31.073742734, -87.7827570326 31.0735677346, -87.7824770322 31.0726337341, -87.7823330323 31.0721897342, -87.7821590322 31.0717267336, -87.7819390321 31.0712657336, -87.7816710323 31.0708347338, -87.7813470325 31.0704407336, -87.7809640321 31.0701027339, -87.7805670316 31.0697787338, -87.7801630322 31.0694727337, -87.779749032 31.0691867337, -87.778641031 31.0685197337, -87.7769720304 31.0676167329, -87.7764650311 31.0675477331, -87.775963031 31.0676237335, -87.7755000303 31.0678497336, -87.7751670302 31.0681357338, -87.7748520306 31.0684347338, -87.7745640298 31.0686497334, -87.7743110301 31.0687867334, -87.7741100302 31.0688667339, -87.7737630299 31.0689627335, -87.7734780295 31.0690057334, -87.7723840297 31.0690617338, -87.7720960298 31.0691187338, -87.7718920296 31.0691927339, -87.7716980295 31.0692867341, -87.7709160289 31.0696827335, -87.7700260294 31.0701517341, -87.7686670283 31.0708187342, -87.768407029 31.0709297343, -87.7681990285 31.0709907341, -87.7679170285 31.0710367346, -87.7677010286 31.0710457339, -87.7674870283 31.0710287341, -87.7672740279 31.0709897346, -87.7669980286 31.0709057341, -87.7666570281 31.070785734, -87.7659260277 31.0704857341, -87.7657430283 31.0703757339, -87.7654820282 31.070179734, -87.7652750276 31.0699427342, -87.7651550279 31.0697637343, -87.7646340275 31.0688027341, -87.7645160275 31.0686187338, -87.7643370274 31.0683887336, -87.7641870276 31.068228734, -87.7639740272 31.0680297335, -87.7638010269 31.0678947338, -87.7636200272 31.067770734, -87.7634290274 31.067661734, -87.7632290274 31.0675667334, -87.763026027 31.0674867333, -87.7624170267 31.0672647336, -87.7622190263 31.0671777335, -87.7619630262 31.0670417338, -87.7617810267 31.0669237332, -87.761610027 31.0667917336, -87.7614490264 31.0666467337, -87.7611600267 31.0663257335, -87.7608060267 31.0658657337, -87.7604290262 31.0653367334, -87.7600050259 31.0645827332, -87.7598420257 31.0641827328, -87.7596860261 31.0637387327, -87.7595420261 31.0633687329, -87.7593400256 31.0629817326, -87.7590250259 31.0624947326, -87.7587020259 31.0620167325, -87.7586670257 31.0619527328, -87.7585020259 31.0617137324, -87.7584150258 31.0616017328, -87.7581280249 31.0611797326, -87.7573050252 31.0599217322, -87.7571590248 31.0596337319, -87.7570100248 31.0591737321, -87.7569200253 31.0586747318, -87.7568320245 31.0572657316, -87.7567600245 31.0559607312, -87.7567610244 31.0555147312, -87.7568100248 31.0550907308, -87.7570050248 31.0542187308, -87.7573510244 31.052937731, -87.7574580245 31.0525047305, -87.7575470251 31.0520907305, -87.7576000248 31.0516517302, -87.7575920244 31.0512077301, -87.7575160242 31.0507667302, -87.7573740248 31.0502997304, -87.7571750246 31.0498527302, -87.7569070249 31.0494187297, -87.7565830241 31.0490237296, -87.7562100238 31.0486727297, -87.7534480232 31.0464617293, -87.7529890227 31.0461217295, -87.7526200227 31.0458837292, -87.7522360225 31.0456767293, -87.7517650233 31.0454827289, -87.7512760226 31.0453287294, -87.7502930223 31.0450777294, -87.7488260222 31.0446927289, -87.7483380214 31.0445547291, -87.7478630219 31.0443737289, -87.7474100213 31.0441477292, -87.7469880215 31.0438757292, -87.7465970217 31.0435557289, -87.7462310211 31.0432067292, -87.745149021 31.0421377291, -87.7440540205 31.0410807286, -87.74296902 31.0400177282, -87.7418900194 31.0389507282, -87.7414330195 31.038493728, -87.7410870199 31.0381257281, -87.7407770193 31.0377317279, -87.7405010192 31.0373097281, -87.7402740194 31.0368617279, -87.7400940195 31.0363867279, -87.7395960186 31.0349547271, -87.7391670192 31.0336867268, -87.7391090185 31.0335387268, -87.7379040184 31.0301197265, -87.7374040179 31.0286717263, -87.7372840183 31.0282767263, -87.7372070183 31.0279087262, -87.737173018 31.0276087259, -87.7371560182 31.0272357259, -87.7371580179 31.0259177253, -87.737152018 31.0252767254, -87.7371200174 31.0246577254, -87.7370740173 31.0243387251, -87.7370090179 31.0240417251, -87.7369540177 31.0238507252, -87.7368200178 31.0234587252, -87.7365450174 31.022698725, -87.7354270173 31.0197127244, -87.7353760173 31.0195297238, -87.7353030175 31.0193667244, -87.7352210175 31.0192447239, -87.7351190174 31.0191387238, -87.7350620166 31.0190927244, -87.7349400173 31.0190117243, -87.7345730168 31.0188157242, -87.7341090163 31.0185857237, -87.733977017 31.0185267242, -87.7337810163 31.0184507239, -87.7339650164 31.0181677239, -87.7341710163 31.0177807239, -87.7343080165 31.0173667238, -87.7346250167 31.0160147237, -87.7349150171 31.0148947229, -87.7349640167 31.0147597233, -87.7351490166 31.0143657226, -87.7351830169 31.0143217226, -87.7354130171 31.0139627226, -87.7356370165 31.0136827227, -87.7358900171 31.0134257226, -87.7364350169 31.0129427227, -87.7388080173 31.0109027225, -87.7397960177 31.0100447215, -87.7400350181 31.0098457218, -87.7408510181 31.009126722, -87.7415500179 31.0084837212, -87.7422620181 31.007753721, -87.743257019 31.006697721, -87.7438030186 31.0061067206, -87.744124019 31.0057097206, -87.7444050192 31.0052837206, -87.7445780186 31.0049657204, -87.7447530194 31.0045687203, -87.7452860195 31.00307272, -87.7455430194 31.0023037201, -87.7457860191 31.0016467195, -87.7461460189 31.0006347197, -87.7462610195 31.0003567196, -87.7463500191 31.0001807197, -87.7465280194 30.9999147196, -87.7469690195 30.9993447193, -87.7483150201 30.9976397185, -87.7485150201 30.9973427184, -87.7486740201 30.9970187186, -87.7487700194 30.9966747184, -87.7488100196 30.9963737188, -87.74939302 30.9895097172, -87.74949002 30.988681717, -87.7495760194 30.9881547168, -87.7497090194 30.9875537164, -87.7502690193 30.9853867163, -87.7505430198 30.9843637159, -87.7506490201 30.9840117161, -87.7507760195 30.9836637159, -87.7508930196 30.9833987155, -87.7510210197 30.9831257157, -87.7511210201 30.9829317158, -87.7512980197 30.9826187155, -87.7540660201 30.9781037147, -87.7563510207 30.9744017133, -87.7567180211 30.9737757136, -87.7568870212 30.9734557136, -87.757047021 30.9731297132, -87.7571970208 30.9727997128, -87.7573380213 30.9724637134, -87.7577310207 30.9714367126, -87.7579250209 30.9708997126, -87.7580260212 30.9706457128, -87.7583870208 30.9696707122, -87.758622021 30.9689847123, -87.7587850212 30.9683707125, -87.7597010216 30.9645987115, -87.7622420223 30.9640827114, -87.7631690226 30.9639167108, -87.7661670232 30.9633067109, -87.7665900228 30.9632067109, -87.7677960236 30.9629527107, -87.7684440234 30.9628307104, -87.7804890273 30.9603947099, -87.7819920273 30.9601057093, -87.7835100274 30.9598407098, -87.7850280284 30.9596067093, -87.7865580283 30.9594007091, -87.7874810292 30.9592927089, -87.788093029 30.9592217094, -87.7896280297 30.9590717088, -87.7911720298 30.9589457093, -87.7927070305 30.9588417091, -87.7988540322 30.9584457087, -87.8003810326 30.9583397089, -87.8019100325 30.9581917082, -87.8024210329 30.9581287087, -87.8039410336 30.9579047084, -87.8054430338 30.9576287084, -87.8069340341 30.9573057077, -87.8084310343 30.9569717083, -87.8143900357 30.9556207071, -87.8158780366 30.9552937076, -87.8173580371 30.954951707, -87.8177920375 30.9548587071, -87.8179440369 30.9548397075, -87.8192160379 30.9545557067, -87.8209190379 30.9541537067, -87.8225210386 30.9537917069, -87.8230960385 30.9536617068, -87.8244800388 30.9533807063, -87.8260160393 30.9531357065, -87.8272300397 30.9529697062, -87.8285330397 30.9528327061, -87.8298350399 30.9527367065, -87.8318720408 30.9526477059, -87.8401180433 30.9525367059, -87.841653044 30.952490706, -87.8431790436 30.9523837057, -87.8447090443 30.9522237054, -87.846234045 30.9520127056, -87.8477380449 30.9517477052, -87.8492260458 30.9514227055, -87.8507020461 30.9510487055, -87.8518290464 30.9507487053, -87.8519780463 30.950721705, -87.8523810467 30.9506237049, -87.8545110475 30.9500297047, -87.8601340484 30.9485207044, -87.8613020487 30.9482347041, -87.8614010485 30.9482027045, -87.8641420501 30.9474647036, -87.8648430495 30.9472657036, -87.8650460499 30.9471997037, -87.8679820506 30.9464157037, -87.878291053 30.943640703, -87.883205055 30.942331702, -87.8876130557 30.9411407016, -87.8905620568 30.9403577013, -87.9018550594 30.9373207003, -87.9097390615 30.9352087001, -87.9112000618 30.9348016995, -87.9156210629 30.9336246993, -87.9170860633 30.9332186991, -87.9289140666 30.9300446982, -87.9318600673 30.9292466979, -87.936273069 30.9280666973, -87.9377310688 30.927648697, -87.9391800694 30.9271756968, -87.9406070701 30.9266506966, -87.9420130701 30.9260666971, -87.9433970703 30.9254326969, -87.9447550706 30.9247426966, -87.9460910712 30.9240066962, -87.951883073 30.9207906953, -87.9532260733 30.920053695, -87.9541140732 30.9195536952, -87.9544050734 30.9194226945, -87.9543740735 30.9198386946, -87.9543490734 30.9200166953, -87.954315073 30.9201576951, -87.9543110737 30.9202656948, -87.9542830732 30.9205516948, -87.9542320732 30.9209806954, -87.9541320736 30.9214026952, -87.9540450736 30.9218636951, -87.9540040736 30.9220406955, -87.9539810731 30.9221096951, -87.9539530735 30.9222506957, -87.953879073 30.9225316953, -87.9537350731 30.9228686957, -87.9535140731 30.9232946959, -87.9534010732 30.9234866954, -87.9531920729 30.9237976955, -87.9531450731 30.9238976959, -87.9530740729 30.9239866956, -87.9529970729 30.9241146962, -87.9528420731 30.9243276957, -87.9525600731 30.9246406958, -87.9524000732 30.924806696, -87.9519670727 30.9251976958, -87.9517150728 30.925438696, -87.9515660728 30.9255646965, -87.9513790732 30.9257086966, -87.9510840728 30.9259106961, -87.9506720731 30.9261566965, -87.9502450724 30.9264466967, -87.9499060724 30.9266576968, -87.9496170727 30.9268026962, -87.9495840722 30.9268256962, -87.9493640721 30.9269296967, -87.9490230725 30.9270676965, -87.9489150726 30.9271236963, -87.9487630722 30.9271836971, -87.9484130724 30.9273046964, -87.9483010723 30.9273536969, -87.9480150721 30.9275036965, -87.9479260724 30.9275426968, -87.9475780722 30.9276676966, -87.9473270721 30.9277976966, -87.9471950719 30.9278876967, -87.9471360714 30.9279386966, -87.9471000715 30.927954697, -87.9465460714 30.9281216971, -87.9458860711 30.928352697, -87.9454910711 30.9284716968, -87.9452580715 30.9285526974, -87.9448510709 30.9286376973, -87.9444900712 30.9287286976, -87.9443250713 30.928754697, -87.9441210711 30.9287966975, -87.9437220709 30.9289066971, -87.9436000707 30.928931697, -87.9431440706 30.9289926976, -87.9426860709 30.9290346973, -87.9424350708 30.9290436976, -87.9421000701 30.929029697, -87.94142907 30.9290416972, -87.9411780699 30.9290376971, -87.94076207 30.929084697, -87.9403510701 30.9291536977, -87.9395170697 30.9292286973, -87.9389350691 30.9292906971, -87.9387670698 30.9292926975, -87.938392069 30.9293256975, -87.9374460693 30.9294806973, -87.9369910691 30.9295416976, -87.9363380693 30.9296686975, -87.9359770687 30.9297606978, -87.9357490691 30.9297866977, -87.9357100688 30.9297986978, -87.9354580689 30.9299276978, -87.9353380683 30.9299606975, -87.9351880685 30.9300246981, -87.9349910689 30.9300846978, -87.9349210686 30.9301246981, -87.9348280687 30.930197698, -87.9347270684 30.9302616977, -87.9344540686 30.9303546976, -87.9343250687 30.9304456978, -87.9342210681 30.930505698, -87.933744068 30.930730698, -87.933580068 30.930842698, -87.9335040678 30.9308716982, -87.9333940682 30.9309246984, -87.9330860683 30.9311116978, -87.9329360676 30.9311746982, -87.932795068 30.9312516981, -87.9324300681 30.9314926985, -87.9322560681 30.9315926985, -87.9322170677 30.9316056986, -87.9320040682 30.9317206982, -87.9315920675 30.9319676984, -87.9313910677 30.9320976987, -87.9313160674 30.9321286981, -87.9308540674 30.9323756981, -87.9306360678 30.9325436984, -87.9304940675 30.9326196985, -87.930379067 30.9326646986, -87.9300960672 30.9328186983, -87.9299610674 30.9329026988, -87.9297830672 30.9329976988, -87.9294700672 30.9331776984, -87.9294390672 30.9332016986, -87.9293620672 30.9332876984, -87.9290510669 30.9333876988, -87.9289750667 30.9334186986, -87.9288680666 30.9334756987, -87.9286390671 30.9336326991, -87.928127067 30.9338776987, -87.9278000667 30.9341016991, -87.9277310671 30.9341416992, -87.927578067 30.9341996991, -87.9271040664 30.934430699, -87.9267160661 30.9345666992, -87.9265540666 30.9346016992, -87.9263510662 30.9346336994, -87.9259850665 30.9347636992, -87.924295066 30.9354106995, -87.9241290654 30.9356136994, -87.9239490655 30.9363106992, -87.9243650663 30.9389797003, -87.9257270668 30.9429137007, -87.9283350674 30.9462667015, -87.9302580675 30.9471857019, -87.9333770685 30.948412702, -87.9359330692 30.9492067017, -87.9381640703 30.9501237023, -87.940551071 30.9519067024, -87.9419190713 30.9554167028, -87.943557072 30.9617787048, -87.9453030726 30.9635297047, -87.9454990733 30.963737705, -87.9459040734 30.9641487049, -87.9504680746 30.9659727049, -87.9527430752 30.9665497054, -87.9555810759 30.9665987049, -87.9604700769 30.9661277046, -87.9632700781 30.9660567048, -87.9645250784 30.9664447051, -87.9649120789 30.9668227048, -87.9651920784 30.9677897053, -87.9649980782 30.9689697054, -87.9645880782 30.9699897058, -87.9640770787 30.9703797058, -87.9611970781 30.9748767064, -87.9605800783 30.9796367075, -87.9605550782 30.9828667087, -87.9575620776 30.9863307094, -87.9566240775 30.9897837099, -87.9568070778 30.992317711, -87.9576400775 30.9974717119, -87.958432078 31.0001857124, -87.9582240785 31.0024497127, -87.9584090785 31.0031297133, -87.9586350784 31.0036087128, -87.959206079 31.0040837129, -87.9599010786 31.004341713, -87.9609810791 31.0045567134, -87.9622740791 31.0048307129, -87.9633020796 31.0053187132, -87.96413108 31.0060467132, -87.9646460806 31.0070457134, -87.9648020802 31.0077817139, -87.9648050806 31.0081927135, -87.96207908 31.0110977149, -87.960089079 31.0123567147, -87.9589520786 31.012867715, -87.9584370789 31.0128697152, -87.9573030781 31.012581715, -87.9558650783 31.0120727149, -87.9546700773 31.0120907154, -87.9539440778 31.0124857155, -87.9534350771 31.0133997154, -87.9528580775 31.0150227156, -87.9523540777 31.0161617162, -87.951486077 31.0172487163, -87.9507390766 31.0184507162, -87.9502250768 31.0195817171, -87.9499640767 31.0206927172, -87.950003077 31.021217717, -87.950511077 31.0220947175, -87.9556060787 31.0268357186, -87.9573570794 31.0293737191, -87.9577040797 31.0304427193, -87.9578230795 31.0317117196, -87.95779508 31.0328327196, -87.9573550797 31.0340777194, -87.9566560791 31.0351587199, -87.9556500791 31.03613972, -87.9536000787 31.0376077205, -87.9504360776 31.0392407214, -87.9475830767 31.0406507212, -87.9445840763 31.0430757218, -87.9428680758 31.0452337226, -87.9421090758 31.046523723, -87.9411570754 31.0481667231, -87.9409340758 31.049817724, -87.9409000754 31.0506137236, -87.939204075 31.0506347243, -87.9390900752 31.050651724, -87.938840075 31.0506627238, -87.9386740753 31.0506587242, -87.9384360748 31.0505947237, -87.9382900752 31.0505267244, -87.9382240751 31.0504837238, -87.9381460752 31.0504587242, -87.9381050752 31.0504497237, -87.9380640752 31.0504537241, -87.938024075 31.0504637243, -87.9379880751 31.0504817237, -87.9378940744 31.0505987241, -87.937860075 31.0506637243, -87.9378460748 31.0507697239, -87.9378230752 31.0508387244, -87.9378010746 31.0509437241, -87.9378010746 31.0509787245, -87.937773075 31.0511197241, -87.9377570751 31.0511887243, -87.9377390746 31.0512217244, -87.9377140745 31.051325724, -87.9377150752 31.0513977239, -87.9376930746 31.0515027246, -87.9376890744 31.0516097245, -87.9377190745 31.051785724, -87.9377870752 31.0519537242, -87.937855075 31.0520437242, -87.9379110751 31.0521397246, -87.9379700746 31.0522707241, -87.9379930751 31.0523007248, -87.9380230752 31.0523667243, -87.9380540752 31.0524707242, -87.9380640752 31.0525407246, -87.9380890753 31.0526087248, -87.9381020749 31.0526787244, -87.9381050752 31.0528577248, -87.9380980747 31.0529287247, -87.9380730745 31.0529967246, -87.9380360747 31.0531727247, -87.937983075 31.053308725, -87.9378730745 31.0535007247, -87.9377820752 31.0536207251, -87.9377040745 31.0537047247, -87.9376160746 31.0537797249, -87.9374580744 31.0538957247, -87.9373850746 31.0539307248, -87.937265075 31.0539617246, -87.9371400744 31.0539727249, -87.9369740747 31.0539577252, -87.9368520745 31.0539367251, -87.9368130751 31.0539237248, -87.9364410746 31.0538887247, -87.9361510742 31.0538937246, -87.9359450743 31.0539157251, -87.9357420739 31.0539527245, -87.9355010739 31.0540137252, -87.9352000745 31.0541317249, -87.9350960739 31.0541917251, -87.9349510741 31.0542607246, -87.9349110739 31.0542727252, -87.9346310744 31.0544277253, -87.9345160739 31.0544727249, -87.9343350742 31.0545617252, -87.934033074 31.0546787253, -87.9338340738 31.0547327248, -87.9337520738 31.0547457251, -87.9335860741 31.0547577249, -87.9334610736 31.0547517254, -87.9332960737 31.054727725, -87.9332200735 31.0546967254, -87.9331770739 31.0546357251, -87.9331630736 31.0546017249, -87.9331490734 31.0545317252, -87.9331520738 31.0544957249, -87.9332220741 31.0543287251, -87.9333060738 31.0541667249, -87.9333680737 31.053887725, -87.9334110733 31.0537527252, -87.9334290738 31.0535077247, -87.9334530741 31.0532977246, -87.9334760736 31.0531937249, -87.9335730737 31.0529957249, -87.9335620739 31.0528897247, -87.9335520738 31.052854725, -87.933505074 31.0527957244, -87.933356074 31.0526707246, -87.9332270732 31.052578725, -87.9330870735 31.0525037246, -87.9326520733 31.0523787244, -87.932387073 31.0522737247, -87.9322860736 31.0522107242, -87.9321940735 31.0521377245, -87.9320860736 31.0520287242, -87.9319330734 31.0517747243, -87.9317960731 31.0515977243, -87.9316200734 31.0514437247, -87.9315240732 31.0513767241, -87.9314110732 31.0513297243, -87.931253073 31.0512817241, -87.9311720728 31.0512677245, -87.9305940725 31.0512217244, -87.9303030731 31.0512397244, -87.9301790724 31.0512567247, -87.9298940729 31.0513057246, -87.9297320725 31.0513417246, -87.9293580724 31.0513597246, -87.9290650725 31.0513537248, -87.9288160721 31.0513347244, -87.9286930721 31.0513197243, -87.9285710719 31.0512967243, -87.9282890718 31.0512327242, -87.9282480718 31.0512307248, -87.9281710718 31.0512027247, -87.9280070718 31.0511777245, -87.927929072 31.0511527243, -87.9278070718 31.0511297242, -87.9276430718 31.0511047247, -87.9274850716 31.0510557247, -87.9274100721 31.0510247247, -87.927313072 31.0509567248, -87.9272850716 31.0509297244, -87.9272680718 31.0508607248, -87.9272760722 31.0508247246, -87.9272930719 31.0507917244, -87.9273740721 31.0507107243, -87.9274700715 31.0506427243, -87.9275410716 31.0506047247, -87.9276940718 31.0505507243, -87.9277300718 31.0505317245, -87.9279660718 31.050464724, -87.9280810723 31.0504237244, -87.9281150718 31.0504027243, -87.9282040723 31.0503277245, -87.9282170719 31.0502567243, -87.9282150722 31.0502217244, -87.9282030725 31.0501867245, -87.9281560718 31.0501287243, -87.9280090723 31.0500007241, -87.9279400719 31.049960724, -87.9279010724 31.0499477239, -87.9277590721 31.049874724, -87.9276340715 31.0497807245, -87.9276100721 31.0497517243, -87.9275910719 31.0496867243, -87.927611072 31.0496547241, -87.9276390716 31.0496287245, -87.9277490721 31.049578724, -87.927944072 31.0495207242, -87.9281460717 31.049474724, -87.9283010724 31.0494237245, -87.9284560722 31.0493047239, -87.9284790718 31.0492747238, -87.9284980721 31.0492057238, -87.9285070723 31.0490987242, -87.9285230722 31.0486717238, -87.9285230722 31.0484567236, -87.9285480723 31.0480307239, -87.928570072 31.0478187238, -87.928596072 31.0476787237, -87.9286570721 31.047547724, -87.9286650725 31.0475127239, -87.9287870718 31.0472137235, -87.9288120719 31.0471847233, -87.9288640718 31.0470507238, -87.9289400719 31.0468867232, -87.9289730724 31.0467867239, -87.9289710719 31.0467517235, -87.9290090724 31.0466507235, -87.9290290725 31.0465477232, -87.9291210726 31.0463147234, -87.9291660719 31.0461437233, -87.9291830725 31.0461117235, -87.9292130726 31.0460087233, -87.929222072 31.045937723, -87.9292390726 31.0459057231, -87.9292490726 31.0457657232, -87.9292620721 31.0456957232, -87.9292530719 31.0456247233, -87.9292300724 31.0455567235, -87.9291150718 31.0453677232, -87.9290670722 31.0453097231, -87.9289580724 31.045202723, -87.9289170724 31.045140723, -87.9288660723 31.0450837234, -87.9287590722 31.0449757232, -87.928714072 31.0449157234, -87.928560072 31.0447467234, -87.9282460722 31.0444667231, -87.9281470715 31.0444017233, -87.9279690722 31.0443117229, -87.9273760718 31.0439777226, -87.9271420714 31.0438277229, -87.9259910708 31.0430687226, -87.9259650709 31.043041723, -87.9257520714 31.042874723, -87.9256660712 31.0427987229, -87.9255430711 31.0426547224, -87.9254920711 31.0425567228, -87.9254860712 31.0425217224, -87.925441071 31.0424217224, -87.9254110709 31.042317723, -87.925400071 31.042246723, -87.9253250707 31.0420047223, -87.9252420708 31.0416587224, -87.9251880713 31.0415417225, -87.9251650708 31.0415117223, -87.9250280706 31.0413767226, -87.9239370702 31.0403937223, -87.9237150705 31.0401347223, -87.9236700703 31.0400737219, -87.9235890701 31.0399917221, -87.9235010702 31.0398697219, -87.9233510704 31.0396987225, -87.9231820704 31.0395397222, -87.9228550702 31.0392627222, -87.9226580705 31.039134722, -87.9224790704 31.0390457219, -87.9223280699 31.0389837218, -87.9221080698 31.0388217223, -87.9217750697 31.0385557223, -87.9216580695 31.0384547221, -87.9215330699 31.0383607222, -87.9213980692 31.0382777219, -87.9213350695 31.0382317217, -87.9211960696 31.0381537221, -87.9209870693 31.0380197221, -87.9208780696 31.0379657216, -87.9205690698 31.0377817216, -87.9203100693 31.037602722, -87.9201010691 31.0374817216, -87.9200290691 31.0374467216, -87.9198800691 31.0373827215, -87.9198000688 31.0373627215, -87.9196120693 31.0372867216, -87.9193540687 31.0371077218, -87.9191740688 31.0370167217, -87.9188670686 31.0369057213, -87.918670069 31.0368457218, -87.9182170683 31.0367827219, -87.917977069 31.0367197219, -87.9176800689 31.0365907215, -87.9175000681 31.0365017214, -87.9173870681 31.0364567217, -87.917280068 31.0364027218, -87.9171680688 31.0363577213, -87.9170260685 31.0362857216, -87.9167970681 31.036201722, -87.9166870685 31.0361517213, -87.916490068 31.0361007216, -87.9161620679 31.0360437219, -87.9160370682 31.0360297215, -87.9152090677 31.0360017216, -87.9150440678 31.0360087214, -87.9148800678 31.0360287217, -87.9146050674 31.0361067215, -87.9144320681 31.0362047215, -87.9142680672 31.0363137215, -87.9140560675 31.036486722, -87.9139860671 31.0365757214, -87.9138910676 31.0367337222, -87.9138280678 31.0369027218, -87.9137710679 31.0369977222, -87.9137610679 31.0370327216, -87.9137170675 31.0370927218, -87.9136890679 31.0371597217, -87.9135570677 31.0373427222, -87.9134780671 31.0374247219, -87.9132670673 31.0375987219, -87.913166067 31.037661722, -87.9130140675 31.037720722, -87.9128900677 31.0377397221, -87.9125570676 31.0377247221, -87.9122690668 31.0376797223, -87.9120200673 31.0376487217, -87.911729067 31.0376357222, -87.9116050672 31.0376477219, -87.9114990669 31.0376857221, -87.9104600665 31.0378217222, -87.9101740662 31.0379507224, -87.9099550668 31.0380617223, -87.9096030665 31.0386117222, -87.9095730663 31.0394377225, -87.9096990667 31.0412877231, -87.9093860668 31.0420077232, -87.9087230661 31.0425687234, -87.9070230664 31.0437257239, -87.9061020659 31.0445577238, -87.9056600661 31.0451287243, -87.9054210657 31.0467327244, -87.9058000658 31.0476967243, -87.9063620662 31.048928725, -87.9075360664 31.0510577249, -87.9073190666 31.0518537256, -87.9066360658 31.0523917257, -87.9058000658 31.0525917255, -87.9047220659 31.0523597257, -87.9021220648 31.0521317256, -87.8931340619 31.0490917254, -87.8866270604 31.0481717256, -87.8794950587 31.0464867253, -87.8779310576 31.045938725, -87.8756100571 31.0446807248, -87.8732940565 31.0426017242, -87.8731900568 31.0423747244, -87.8729880562 31.0422747242, -87.8728370566 31.0422127246, -87.8724440562 31.0420877247, -87.8721970564 31.0420427246, -87.8720310558 31.0420257242, -87.8717790559 31.0420227248, -87.8711090555 31.0420637242, -87.8708200558 31.0421117244, -87.870342056 31.0422477243, -87.8701860554 31.0423007242, -87.8697340555 31.0424917248, -87.8694080551 31.0426557245, -87.8691390555 31.0428277245, -87.868983055 31.0429477245, -87.8683330556 31.0435107249, -87.867813055 31.0439297249, -87.8673160549 31.0443157251, -87.8671500552 31.0444787249, -87.8669830548 31.0446847254, -87.8669070546 31.044852725, -87.866802055 31.0451997253, -87.8668210544 31.0453787252, -87.8668470552 31.0454847253, -87.8668900549 31.045585725, -87.8669730547 31.0457177255, -87.8663880548 31.0459957257, -87.8658130548 31.0459127252, -87.8651870548 31.0458697257, -87.8648680541 31.0457867258, -87.8647530545 31.0457207256, -87.8647210547 31.0456937252, -87.864689054 31.0455947251, -87.8647530545 31.0455007254, -87.8649630545 31.0454457254, -87.8651040541 31.0453357254, -87.8651230544 31.0452537256, -87.8650720543 31.0450447256, -87.8649950543 31.0449507252, -87.8647390542 31.0447307255, -87.8643880537 31.0445497249, -87.8641130542 31.0443577256, -87.863909054 31.044329725, -87.8635260537 31.0444017256, -87.8633660539 31.044373725, -87.8627400539 31.0439727253, -87.8625800532 31.043835725, -87.8622470531 31.0434397249, -87.8621640532 31.0433017249, -87.861960053 31.0430927251, -87.861832053 31.0430107249, -87.8616530529 31.0429837253, -87.8615570535 31.0430107249, -87.8611610528 31.043329725, -87.8609510527 31.0434397249, -87.860631053 31.0435337252, -87.8601520525 31.0435337252, -87.8599610527 31.0436167255, -87.8598330526 31.0436987252, -87.8596730528 31.0437267252, -87.8595260525 31.0436987252, -87.8593860527 31.0436327251, -87.8591620524 31.0436057249, -87.8589510525 31.0434797255, -87.8586320527 31.0433697255, -87.8581530521 31.0433417254, -87.8572260518 31.0433147251, -87.8570990516 31.0433587248, -87.8568110517 31.0435627251, -87.8566520517 31.0435907251, -87.8563830521 31.0435797252, -87.8563000514 31.0435077255, -87.8562870519 31.0433317253, -87.8561400515 31.0432057255, -87.8557890519 31.0430407255, -87.8555210512 31.042941725, -87.8553290516 31.0428867251, -87.8549900517 31.0428477249, -87.8545430509 31.0426667252, -87.8540450509 31.0425187253, -87.8535210511 31.042270725, -87.8532020512 31.0420627251, -87.8530740512 31.041941725, -87.8524980505 31.0411437249, -87.8521280506 31.0407867248, -87.8516810507 31.0404407251, -87.8514120502 31.0402757249, -87.8507860502 31.039796725, -87.85061305 31.0395877245, -87.8504150496 31.0392747248, -87.85019205 31.0388187244, -87.8498270502 31.0383787246, -87.8497760501 31.0382687242, -87.8493800494 31.0377187246, -87.8492520493 31.0374877245, -87.84915605 31.0372947242, -87.8486770494 31.0360137238, -87.8481460489 31.0349797239, -87.8479860491 31.0347487233, -87.8477940495 31.0345397233, -87.8476350486 31.0344027233, -87.8474750487 31.0343197234, -87.8469000488 31.0341167233, -87.8463890484 31.0340067233, -87.8459740483 31.0338807235, -87.8450790478 31.0334957232, -87.8448050482 31.0334017237, -87.8445680484 31.0332647236, -87.8441980476 31.032973723, -87.8427290479 31.032384723, -87.8425050476 31.0323137233, -87.8419620474 31.032247723, -87.8407930473 31.0322207233, -87.8404740465 31.0321497235, -87.8401420472 31.0321067231, -87.8401290468 31.0321927231, -87.8400040471 31.0326347235, -87.8397910466 31.0330977235, -87.8395090466 31.0335217233, -87.8376990464 31.0359607242, -87.837419046 31.036381724, -87.8371600465 31.0368187243, -87.8369180457 31.0372797242, -87.8366780464 31.0378347247, -87.8365560462 31.0381467247, -87.8364260456 31.0385187246, -87.835675046 31.0408477255, -87.8355240463 31.0413357253, -87.8354210455 31.0417557254, -87.8353780459 31.0421887256, -87.835377046 31.0424147261, -87.8353920461 31.0428007256, -87.8354530462 31.0430897258, -87.8355650464 31.0434697261, -87.8357420459 31.0438877257, -87.8368820466 31.0461507262, -87.8370790463 31.0466237264, -87.8372020463 31.0470197271, -87.837275047 31.0473617269, -87.8372960469 31.0474987268, -87.8373380467 31.0479177269, -87.837347047 31.0481367272, -87.8373420469 31.048338727, -87.8372960469 31.0488227272, -87.837070047 31.0507807276, -87.8370450468 31.0512977278, -87.837085047 31.0518177281, -87.8371390466 31.0523667281, -87.8373560472 31.0544017286, -87.8373870471 31.0548767286, -87.8373840468 31.0553507283, -87.8373540475 31.0558227285, -87.8372840472 31.056278729, -87.8371760473 31.0567647289, -87.8370360475 31.0572527286, -87.8367090473 31.0582097292, -87.8365520469 31.0586957292, -87.8364420473 31.059171729, -87.836408047 31.0596277296, -87.8364240469 31.0600987298, -87.8367430476 31.0642777306, -87.8367390474 31.0647637304, -87.8366640471 31.065233731, -87.8365520469 31.065706731, -87.8353750473 31.0704767317, -87.8353190472 31.0707507316, -87.8346300475 31.0707477316, -87.8275160453 31.0709197324, -87.8270070446 31.0709537321, -87.8265750448 31.0710087319, -87.8262170446 31.0710817326, -87.8257950448 31.0712077324, -87.8253930442 31.0713757321, -87.8250730445 31.0715407322, -87.824209044 31.0720727326, -87.823768044 31.0723217325, -87.8234400439 31.0724757329, -87.8231020438 31.0726097328, -87.8219470439 31.0730477331, -87.8214790432 31.0732547327, -87.8212860437 31.0733517327, -87.8209060429 31.0735637329, -87.8205370428 31.0737897335, -87.820105043 31.0740437331, -87.8195990427 31.0743167332, -87.8190820425 31.0745787332, -87.8185570428 31.0748237333, -87.8182260423 31.0749627333, -87.8180260423 31.0750297334, -87.817817043 31.0750817333, -87.8176050424 31.0751167333, -87.8173900423 31.0751367338, -87.8171740424 31.0751347334, -87.8169570426 31.0751127332, -87.8167420425 31.0750727337, -87.8166020419 31.0750387331, -87.8160430419 31.0748647332, -87.8159720417 31.0748347334, -87.8158360422 31.0747967335, -87.8130170408 31.0738787334, -87.8125320413 31.0737287331, -87.8120340413 31.0736097337, -87.8115260404 31.0735397334))
POLYGON ((-87.7093540226 31.2970367853, -87.7091400223 31.2969907855, -87.7089530227 31.2970367853, -87.7082860227 31.2971057854, -87.7081530227 31.2970367853, -87.7074320222 31.2962577857, -87.7067110218 31.2957767855, -87.7067110218 31.2956847853, -87.7069250221 31.2952947856, -87.706951022 31.2950427853, -87.7068980214 31.2948597852, -87.706684022 31.2947677849, -87.705884022 31.2949517854, -87.7056700217 31.2948137851, -87.7053500211 31.2944937855, -87.7052700217 31.2942867847, -87.705243021 31.2939437847, -87.7054570213 31.293301785, -87.7054560215 31.292636785, -87.7053500211 31.2922477845, -87.705243021 31.2920867848, -87.7045490213 31.2919957844, -87.7044420211 31.2918807844, -87.7044160212 31.2915827847, -87.7044690209 31.2914227842, -87.7043620208 31.2909417846, -87.7038020209 31.2905287841, -87.7034550206 31.2900707842, -87.7027870207 31.2895667841, -87.7023340201 31.2891077839, -87.7018530199 31.2883747842, -87.7017730204 31.2878247837, -87.7018260201 31.2876187839, -87.7020400204 31.2874347838, -87.7027070204 31.2873207838, -87.70289402 31.2871597835, -87.7029200199 31.2867937838, -87.7028400204 31.2865637833, -87.7026800206 31.2862897838, -87.7025730205 31.2861977836, -87.7024930201 31.2860597835, -87.7021730204 31.2856477835, -87.70171902 31.2852347836, -87.7014790198 31.2851207833, -87.7011320195 31.2850977832, -87.7005450198 31.2853267832, -87.7001980195 31.2854187835, -87.7001180191 31.2853037831, -87.7000910194 31.2850287835, -87.6999310195 31.2846397831, -87.6997710197 31.2845707831, -87.6994240194 31.2845477836, -87.698410019 31.2851897837, -87.6980640185 31.2852357832, -87.697610019 31.2850067837, -87.6969690189 31.2847997836, -87.6962220186 31.2846857836, -87.696169018 31.2846167836, -87.6960890185 31.2840207834, -87.6959820184 31.2837457832, -87.695635018 31.2834937834, -87.6952880177 31.2834707829, -87.6947550176 31.2838607831, -87.6945410182 31.2839297829, -87.6940340181 31.2834707829, -87.6938740173 31.2834257829, -87.6934740173 31.2834707829, -87.6928070173 31.2839527833, -87.6924060175 31.284021783, -87.6920600169 31.2838377834, -87.6914990173 31.2833797833, -87.6906190168 31.2829217833, -87.6904580163 31.2826917832, -87.6904580163 31.2822797831, -87.6903780168 31.2820047831, -87.6901120167 31.2817987829, -87.6900580162 31.2814777825, -87.6902450167 31.2811107828, -87.6902450167 31.2801487826, -87.6900310165 31.2797587824, -87.689685016 31.2794607828, -87.689685016 31.2786817823, -87.6896040167 31.2784977823, -87.6887770159 31.2784977823, -87.688510016 31.2784067826, -87.6883240162 31.2782457823, -87.6883240162 31.278131782, -87.6888310164 31.2775817817, -87.6888570163 31.2772607816, -87.6888040157 31.2770547818, -87.6886970156 31.276939782, -87.6880300156 31.2766887821, -87.6878970155 31.2765517815, -87.687843016 31.2763217821, -87.6881100159 31.2759787819, -87.688084016 31.2754287813, -87.6877090152 31.2747637811, -87.6874960157 31.2744887815, -87.6871220156 31.2741677817, -87.6865080153 31.2738927811, -87.686402015 31.2737777813, -87.686402015 31.2733197814, -87.6863480154 31.2730217814, -87.6861620148 31.2728847809, -87.685468015 31.2726327813, -87.6852280148 31.2723577809, -87.685068015 31.2716927806, -87.6847740143 31.271279781, -87.6836800145 31.2710737804, -87.6832530139 31.2709137804, -87.6829330142 31.2707067809, -87.6829330142 31.2705697808, -87.6836540146 31.2701117808, -87.6836800145 31.2698597807, -87.6829330142 31.2693547803, -87.6825600139 31.2690337806, -87.6824530138 31.2687367806, -87.6819460136 31.26857578, -87.6817860138 31.2684607806, -87.6815990133 31.26825478, -87.6815990133 31.2678887799, -87.6814930139 31.2676587801, -87.6806390134 31.2675217803, -87.6798120127 31.2672697801, -87.6791980133 31.2672697801, -87.6790650132 31.26713178, -87.6790380125 31.2669487803, -87.6792520128 31.2666277801, -87.6793050125 31.26639878, -87.679092013 31.2662147799, -87.6785850128 31.2660777803, -87.6781050124 31.2658717798, -87.6778910121 31.2655737801, -87.6778110127 31.2651837795, -87.6777580121 31.2650917794, -87.6772510119 31.2649547797, -87.6769840119 31.2647937796, -87.676958012 31.2646567794, -87.6771180118 31.2641987798, -87.6771440118 31.2639227796, -87.6770110117 31.2636937791, -87.6764780116 31.2630747794, -87.676558012 31.2623417794, -87.6764240121 31.2619977793, -87.6762380114 31.2618607789, -87.6757310112 31.2616997788, -87.675091011 31.2610357792, -87.6749040114 31.260943779, -87.6747440116 31.260943779, -87.6740500109 31.2613787792, -87.6736770107 31.2614247788, -87.6735700114 31.2613787792, -87.6730630113 31.260691779, -87.6727700105 31.260347779, -87.6724500108 31.2598207788, -87.672290011 31.2596597783, -87.6717830108 31.2595457786, -87.6714090107 31.2595457786, -87.6710360104 31.259430779, -87.6706620103 31.2592477789, -87.6691420097 31.2587427785, -87.6686880092 31.2583757786, -87.6681280093 31.2580097786, -87.6680750096 31.2578947786, -87.6667150088 31.2578027784, -87.6663940084 31.2576887788, -87.6661540091 31.2575047786, -87.665888009 31.2570467781, -87.6654610083 31.2566337781, -87.6649280082 31.2565417782, -87.6645810079 31.2564277786, -87.6642610082 31.2560837784, -87.6641540081 31.2558547781, -87.6639140079 31.2556477785, -87.6633270082 31.2553957781, -87.6631410076 31.2550977784, -87.6631140078 31.2543187779, -87.6630340074 31.254203778, -87.6627670075 31.2539517777, -87.6626610072 31.2537227775, -87.6625810077 31.2531727777, -87.6624740076 31.2529897778, -87.6617810076 31.2531267773, -87.6613270072 31.2527367774, -87.6606070066 31.2519127778, -87.6596470067 31.2519127778, -87.6587670062 31.2515917772, -87.6580990064 31.2512017771, -87.6575660063 31.2507897769, -87.6574060056 31.250606777, -87.6570060055 31.2505037776, -87.6566860059 31.2505387773, -87.6561250053 31.2507197776, -87.6556180051 31.250788777, -87.6553250052 31.2506527771, -87.6550320053 31.2505037776, -87.6549790056 31.2501777772, -87.6548200056 31.2496597771, -87.6547140053 31.2495677772, -87.654500005 31.2494987769, -87.6539400052 31.2494987769, -87.6534060052 31.2497027772, -87.6527130044 31.249748777, -87.6522860046 31.249748777, -87.6519930047 31.2496797769, -87.6516730041 31.2494757773, -87.6514590039 31.2492457772, -87.6511130043 31.2489937774, -87.650899004 31.2487877773, -87.6503930037 31.2486957774, -87.6495930036 31.2484897774, -87.6493790034 31.2484667768, -87.6491120034 31.2486957774, -87.6489250038 31.2489937774, -87.6485520035 31.2491767774, -87.6474050031 31.2493367774, -87.6469780033 31.2493367774, -87.6464450032 31.2491757775, -87.6459110024 31.2489237775, -87.6456180025 31.2486257773, -87.645005002 31.2481437769, -87.6445250025 31.2475707768, -87.6440720019 31.2471357766, -87.6434320017 31.2468377769, -87.6428180014 31.2462647765, -87.6426320016 31.2459667764, -87.6421790019 31.2455537764, -87.6418580015 31.2454387766, -87.6416190011 31.2452327764, -87.641512001 31.2446827763, -87.6413790009 31.2444757768, -87.6411650015 31.2443847765, -87.6407390007 31.2443387763, -87.6399120008 31.2445677762, -87.6388450008 31.2447727763, -87.6387910004 31.244864777, -87.6381780008 31.2450477765, -87.6373779998 31.2451627768, -87.6364709996 31.2450477765, -87.6358039996 31.2447487764, -87.6352439998 31.2442677769, -87.6351639994 31.2441067768, -87.6349239992 31.2438547764, -87.6345509989 31.2436257763, -87.6336439988 31.2435567763, -87.6333239991 31.2433957765, -87.6329779986 31.2431207761, -87.6326039985 31.2429827768, -87.6322309982 31.2429367767, -87.6318039984 31.2431887765, -87.6317499989 31.2435557763, -87.6316439986 31.2436937763, -87.6314569981 31.2441287769, -87.631082998 31.2444267768, -87.6304959984 31.2444257768, -87.6299359976 31.2442197767, -87.6290029975 31.2437377768, -87.6283899979 31.2435317768, -87.6271889971 31.2437367769, -87.6271629971 31.2438057768, -87.6268689974 31.2439437764, -87.6262289972 31.243484777, -87.6259349965 31.2434387764, -87.6254079963 31.2434157769, -87.6249939969 31.2435297768, -87.6243219969 31.2439647767, -87.6239759964 31.2441027769, -87.6229889958 31.2441947767, -87.6223219958 31.2445387771, -87.6211489955 31.2445617772, -87.6206419953 31.2448147772, -87.6203749954 31.2449057771, -87.6197619949 31.244906777, -87.6187479946 31.2447237772, -87.6184279949 31.2447007772, -87.6180279949 31.244884777, -87.617467995 31.244907777, -87.6172549946 31.2447927772, -87.6172279948 31.2447017772, -87.6170409943 31.2446097772, -87.6164009941 31.2444267775, -87.6158949937 31.2444637772, -87.6159749941 31.2424667771, -87.6159849942 31.2424177767, -87.6159179942 31.2414427769, -87.6158739938 31.2410507764, -87.6158809935 31.2225637726, -87.6158759926 31.2135797708, -87.6159249921 31.2053067684, -87.6158949919 31.2040007688, -87.6159139913 31.1876377648, -87.6159359911 31.1817117639, -87.6159559902 31.1692357607, -87.6157659903 31.1623827591, -87.6157139904 31.1622717591, -87.615844989 31.1419437553, -87.6157339896 31.1397127548, -87.6157199893 31.134665753, -87.615726989 31.1337337534, -87.6157339887 31.1336567533, -87.6157239886 31.1328937527, -87.615726989 31.1313347525, -87.6157119889 31.1292177524, -87.6156739884 31.1284487521, -87.6156509889 31.1268297514, -87.6155809885 31.1251777509, -87.6158569887 31.1195867504, -87.6160789885 31.1140837489, -87.6154619869 31.0992687454, -87.6154449863 31.0800977413, -87.615887986 31.0689537386, -87.6157929864 31.0688437389, -87.6155669856 31.0661577387, -87.6155589852 31.0590137371, -87.6154589856 31.0574727363, -87.6155079851 31.0573087367, -87.615600985 31.0571657363, -87.6155419855 31.0508107349, -87.6155159855 31.0507757352, -87.615508985 31.0506857348, -87.6154219849 31.0410077326, -87.6160189846 31.0408217327, -87.6198819856 31.0396557324, -87.6262139872 31.0377327316, -87.6276529877 31.0372497319, -87.6290719881 31.0367137313, -87.6295439881 31.0365227314, -87.6304789888 31.0361227316, -87.6314019889 31.0356937309, -87.6327679895 31.0350107307, -87.6336559895 31.0345257312, -87.6349719899 31.0337527307, -87.6362499898 31.0329277303, -87.651525994 31.0223967275, -87.6519079935 31.0221567272, -87.652633994 31.0216597275, -87.6530379942 31.0213787271, -87.6533239944 31.0211577275, -87.6550579945 31.0199597273, -87.6555439947 31.0196347265, -87.6573309954 31.0184047265, -87.6574519957 31.0183147262, -87.6582979958 31.0177447266, -87.6595609957 31.0169217262, -87.6596979959 31.0168577262, -87.6600659962 31.016622726, -87.6609999961 31.0160517255, -87.6627569966 31.0150137257, -87.6628769963 31.0149297258, -87.6647869969 31.0138827253, -87.6688329982 31.0117387247, -87.6701599985 31.0109957247, -87.6714779986 31.0102107242, -87.6727649988 31.009391724, -87.6740289993 31.0085407236, -87.6752639996 31.0076577236, -87.6764889998 31.0067397234, -87.6836790021 31.0011097216, -87.6848840023 31.0001857217, -87.6860960021 30.9992677211, -87.6873230028 30.9983547208, -87.7033790069 30.9867137177, -87.7058590075 30.9849277179, -87.7071120073 30.9840587175, -87.7083860079 30.983208717, -87.7096690078 30.982395717, -87.7109700082 30.9816037167, -87.7122920085 30.9808397161, -87.7136280091 30.980097716, -87.7149840097 30.9793847157, -87.7163430098 30.9787067155, -87.7177150103 30.9780557154, -87.7191000104 30.9774287153, -87.7205030109 30.9768287156, -87.7219230111 30.9762507152, -87.7233520115 30.9757007151, -87.7247770117 30.9751767147, -87.7262000123 30.9746837148, -87.729105013 30.9737087146, -87.7305550134 30.9732047145, -87.7449850174 30.9682837129, -87.7464320174 30.9678007124, -87.7478920178 30.9673467125, -87.7493600185 30.9669207121, -87.7508410189 30.9665187117, -87.7523240197 30.966142712, -87.7537340199 30.9658167121, -87.75403102 30.9657707116, -87.7550070198 30.9655587118, -87.7556670201 30.9654267119, -87.7576460212 30.9650107114, -87.7597010216 30.9645987115, -87.7587850212 30.9683707125, -87.758622021 30.9689847123, -87.7583870208 30.9696707122, -87.7580260212 30.9706457128, -87.7579250209 30.9708997126, -87.7577310207 30.9714367126, -87.7573380213 30.9724637134, -87.7571970208 30.9727997128, -87.757047021 30.9731297132, -87.7568870212 30.9734557136, -87.7567180211 30.9737757136, -87.7563510207 30.9744017133, -87.7540660201 30.9781037147, -87.7512980197 30.9826187155, -87.7511210201 30.9829317158, -87.7510210197 30.9831257157, -87.7508930196 30.9833987155, -87.7507760195 30.9836637159, -87.7506490201 30.9840117161, -87.7505430198 30.9843637159, -87.7502690193 30.9853867163, -87.7497090194 30.9875537164, -87.7495760194 30.9881547168, -87.74949002 30.988681717, -87.74939302 30.9895097172, -87.7488100196 30.9963737188, -87.7487700194 30.9966747184, -87.7486740201 30.9970187186, -87.7485150201 30.9973427184, -87.7483150201 30.9976397185, -87.7469690195 30.9993447193, -87.7465280194 30.9999147196, -87.7463500191 31.0001807197, -87.7462610195 31.0003567196, -87.7461460189 31.0006347197, -87.7457860191 31.0016467195, -87.7455430194 31.0023037201, -87.7452860195 31.00307272, -87.7447530194 31.0045687203, -87.7445780186 31.0049657204, -87.7444050192 31.0052837206, -87.744124019 31.0057097206, -87.7438030186 31.0061067206, -87.743257019 31.006697721, -87.7422620181 31.007753721, -87.7415500179 31.0084837212, -87.7408510181 31.009126722, -87.7400350181 31.0098457218, -87.7397960177 31.0100447215, -87.7388080173 31.0109027225, -87.7364350169 31.0129427227, -87.7358900171 31.0134257226, -87.7356370165 31.0136827227, -87.7354130171 31.0139627226, -87.7351830169 31.0143217226, -87.7351490166 31.0143657226, -87.7349640167 31.0147597233, -87.7349150171 31.0148947229, -87.7346250167 31.0160147237, -87.7343080165 31.0173667238, -87.7341710163 31.0177807239, -87.7339650164 31.0181677239, -87.7337810163 31.0184507239, -87.733977017 31.0185267242, -87.7341090163 31.0185857237, -87.7345730168 31.0188157242, -87.7349400173 31.0190117243, -87.7350620166 31.0190927244, -87.7351190174 31.0191387238, -87.7352210175 31.0192447239, -87.7353030175 31.0193667244, -87.7353760173 31.0195297238, -87.7354270173 31.0197127244, -87.7365450174 31.022698725, -87.7368200178 31.0234587252, -87.7369540177 31.0238507252, -87.7370090179 31.0240417251, -87.7370740173 31.0243387251, -87.7371200174 31.0246577254, -87.737152018 31.0252767254, -87.7371580179 31.0259177253, -87.7371560182 31.0272357259, -87.737173018 31.0276087259, -87.7372070183 31.0279087262, -87.7372840183 31.0282767263, -87.7374040179 31.0286717263, -87.7379040184 31.0301197265, -87.7391090185 31.0335387268, -87.7391670192 31.0336867268, -87.7395960186 31.0349547271, -87.7400940195 31.0363867279, -87.7402740194 31.0368617279, -87.7405010192 31.0373097281, -87.7407770193 31.0377317279, -87.7410870199 31.0381257281, -87.7414330195 31.038493728, -87.7418900194 31.0389507282, -87.74296902 31.0400177282, -87.7440540205 31.0410807286, -87.745149021 31.0421377291, -87.7462310211 31.0432067292, -87.7465970217 31.0435557289, -87.7469880215 31.0438757292, -87.7474100213 31.0441477292, -87.7478630219 31.0443737289, -87.7483380214 31.0445547291, -87.7488260222 31.0446927289, -87.7502930223 31.0450777294, -87.7512760226 31.0453287294, -87.7517650233 31.0454827289, -87.7522360225 31.0456767293, -87.7526200227 31.0458837292, -87.7529890227 31.0461217295, -87.7534480232 31.0464617293, -87.7562100238 31.0486727297, -87.7565830241 31.0490237296, -87.7569070249 31.0494187297, -87.7571750246 31.0498527302, -87.7573740248 31.0502997304, -87.7575160242 31.0507667302, -87.7575920244 31.0512077301, -87.7576000248 31.0516517302, -87.7575470251 31.0520907305, -87.7574580245 31.0525047305, -87.7573510244 31.052937731, -87.7570050248 31.0542187308, -87.7568100248 31.0550907308, -87.7567610244 31.0555147312, -87.7567600245 31.0559607312, -87.7568320245 31.0572657316, -87.7569200253 31.0586747318, -87.7570100248 31.0591737321, -87.7571590248 31.0596337319, -87.7573050252 31.0599217322, -87.7581280249 31.0611797326, -87.7584150258 31.0616017328, -87.7585020259 31.0617137324, -87.7586670257 31.0619527328, -87.7587020259 31.0620167325, -87.7590250259 31.0624947326, -87.7593400256 31.0629817326, -87.7595420261 31.0633687329, -87.7596860261 31.0637387327, -87.7598420257 31.0641827328, -87.7600050259 31.0645827332, -87.7604290262 31.0653367334, -87.7608060267 31.0658657337, -87.7611600267 31.0663257335, -87.7614490264 31.0666467337, -87.761610027 31.0667917336, -87.7617810267 31.0669237332, -87.7619630262 31.0670417338, -87.7622190263 31.0671777335, -87.7624170267 31.0672647336, -87.763026027 31.0674867333, -87.7632290274 31.0675667334, -87.7634290274 31.067661734, -87.7636200272 31.067770734, -87.7638010269 31.0678947338, -87.7639740272 31.0680297335, -87.7641870276 31.068228734, -87.7643370274 31.0683887336, -87.7645160275 31.0686187338, -87.7646340275 31.0688027341, -87.7651550279 31.0697637343, -87.7652750276 31.0699427342, -87.7654820282 31.070179734, -87.7657430283 31.0703757339, -87.7659260277 31.0704857341, -87.7666570281 31.070785734, -87.7669980286 31.0709057341, -87.7672740279 31.0709897346, -87.7674870283 31.0710287341, -87.7677010286 31.0710457339, -87.7679170285 31.0710367346, -87.7681990285 31.0709907341, -87.768407029 31.0709297343, -87.7686670283 31.0708187342, -87.7700260294 31.0701517341, -87.7709160289 31.0696827335, -87.7716980295 31.0692867341, -87.7718920296 31.0691927339, -87.7720960298 31.0691187338, -87.7723840297 31.0690617338, -87.7734780295 31.0690057334, -87.7737630299 31.0689627335, -87.7741100302 31.0688667339, -87.7743110301 31.0687867334, -87.7745640298 31.0686497334, -87.7748520306 31.0684347338, -87.7751670302 31.0681357338, -87.7755000303 31.0678497336, -87.775963031 31.0676237335, -87.7764650311 31.0675477331, -87.7769720304 31.0676167329, -87.778641031 31.0685197337, -87.779749032 31.0691867337, -87.7801630322 31.0694727337, -87.7805670316 31.0697787338, -87.7809640321 31.0701027339, -87.7813470325 31.0704407336, -87.7816710323 31.0708347338, -87.7819390321 31.0712657336, -87.7821590322 31.0717267336, -87.7823330323 31.0721897342, -87.7824770322 31.0726337341, -87.7827570326 31.0735677346, -87.7828280328 31.073742734, -87.7828810325 31.073851734, -87.7829810329 31.0740197344, -87.7830720332 31.0741137345, -87.7832250333 31.0742537343, -87.7834350334 31.0744267343, -87.783663033 31.0745857348, -87.7839770328 31.0747457344, -87.7843240331 31.0748577347, -87.7845430334 31.0748997348, -87.784761033 31.0749267346, -87.7849060336 31.0749367345, -87.7851950333 31.0749217343, -87.7855100339 31.0748787347, -87.7872790341 31.0744897347, -87.7877660341 31.0743557344, -87.7892260345 31.0739307339, -87.7897220348 31.0738067343, -87.7902210346 31.0737177344, -87.7907230347 31.0736577342, -87.7922280353 31.0735037341, -87.7927360353 31.0734397336, -87.794733036 31.0730997341, -87.795236036 31.0730217338, -87.7957420363 31.0729707338, -87.7979160366 31.0728847337, -87.7999400379 31.0728237335, -87.8004480379 31.0728207336, -87.8009590374 31.0728357334, -87.8014660375 31.0728757339, -87.8029740385 31.0730267334, -87.8034790381 31.0730937334, -87.8039770389 31.0732287334, -87.804459039 31.0733877336, -87.8049510391 31.0734937333, -87.8054510387 31.0735477337, -87.8074740393 31.0736967333, -87.8079800397 31.0737207335, -87.8084850402 31.0737037334, -87.8105080408 31.0735527333, -87.811015041 31.0735267334, -87.8115260404 31.0735397334, -87.8120340413 31.0736097337, -87.8125320413 31.0737287331, -87.8130170408 31.0738787334, -87.8158360422 31.0747967335, -87.8159720417 31.0748347334, -87.8160430419 31.0748647332, -87.8166020419 31.0750387331, -87.8167420425 31.0750727337, -87.8169570426 31.0751127332, -87.8171740424 31.0751347334, -87.8173900423 31.0751367338, -87.8176050424 31.0751167333, -87.817817043 31.0750817333, -87.8180260423 31.0750297334, -87.8182260423 31.0749627333, -87.8185570428 31.0748237333, -87.8190820425 31.0745787332, -87.8195990427 31.0743167332, -87.820105043 31.0740437331, -87.8205370428 31.0737897335, -87.8209060429 31.0735637329, -87.8212860437 31.0733517327, -87.8214790432 31.0732547327, -87.8219470439 31.0730477331, -87.8231020438 31.0726097328, -87.8234400439 31.0724757329, -87.823768044 31.0723217325, -87.824209044 31.0720727326, -87.8250730445 31.0715407322, -87.8253930442 31.0713757321, -87.8257950448 31.0712077324, -87.8262170446 31.0710817326, -87.8265750448 31.0710087319, -87.8270070446 31.0709537321, -87.8275160453 31.0709197324, -87.8346300475 31.0707477316, -87.8353190472 31.0707507316, -87.8350750468 31.0717617325, -87.834843047 31.0728027323, -87.8346680471 31.0735127324, -87.8346010472 31.0739137323, -87.8345810471 31.0743117328, -87.8346180469 31.0747477326, -87.834802047 31.0761397334, -87.8348450476 31.076650733, -87.834812047 31.0771017334, -87.8347070475 31.0775657334, -87.8339100469 31.0804607341, -87.8337030472 31.0813677344, -87.8335880476 31.0821707348, -87.8335490472 31.0829137349, -87.833581047 31.0837577352, -87.8337000477 31.084666735, -87.833960048 31.0860217352, -87.8340440477 31.0865057352, -87.8340770473 31.0869567357, -87.8340430478 31.0874117353, -87.8339590473 31.0878997355, -87.8338150473 31.0886077358, -87.8337560478 31.0888657361, -87.8330130476 31.0927857367, -87.8325040478 31.0954227374, -87.8323000476 31.0964277374, -87.8321690472 31.0968677379, -87.8320580477 31.0971467378, -87.8318340474 31.097590738, -87.8306220476 31.0997977384, -87.8276280463 31.1050857397, -87.8258250467 31.1081587407, -87.825588046 31.1085997405, -87.8254070462 31.1090667409, -87.8253020467 31.1095087411, -87.8248090458 31.1127037412, -87.8247640465 31.1131647417, -87.8247760462 31.1136097415, -87.8248530462 31.1140897416, -87.8250060464 31.1145687419, -87.8254030469 31.1155017419, -87.8258040468 31.1164167419, -87.8258750469 31.1166107422, -87.8261610472 31.1173237427, -87.8263130466 31.1178267426, -87.8263690467 31.1181127424, -87.8263910473 31.1183017426, -87.8263940468 31.1188367427, -87.826357047 31.1192317428, -87.8262740472 31.1196627429, -87.8261250472 31.120128743, -87.8259150471 31.1205907433, -87.8256520465 31.1210227432, -87.8253470469 31.1214257435, -87.8249990467 31.1217937432, -87.8246150466 31.1221287437, -87.8242060463 31.1224277438, -87.8216820463 31.1241477442, -87.8212500456 31.124449744, -87.8208290456 31.124795744, -87.8205770457 31.1250587444, -87.8202810454 31.1254447444, -87.8197480453 31.1262797442, -87.817590045 31.1297227455, -87.8129950437 31.137093747, -87.8127660443 31.1374717469, -87.8092770434 31.1430827484, -87.8060980431 31.1481817496, -87.8060440427 31.1482517495, -87.8053370425 31.14934275, -87.8047390421 31.1501617499, -87.8029190418 31.1526037509, -87.8023070421 31.1534127511, -87.8016530416 31.1541967512, -87.8009670413 31.1549347511, -87.7990880416 31.1569117522, -87.7988820408 31.1571117519, -87.7984640412 31.1574787522, -87.7981710413 31.1576917522, -87.7979860405 31.1578087521, -87.7977990409 31.1579177524, -87.7974110405 31.1581267525, -87.7965300403 31.1586277527, -87.7960890402 31.1588697524, -87.7956630403 31.1591437525, -87.7952580402 31.1594487526, -87.7948750399 31.1597797526, -87.7945210399 31.160135753, -87.7941940397 31.1605207532, -87.7933070395 31.1617487535, -87.7929640394 31.1621257534, -87.7925740394 31.1624647531, -87.7922620393 31.1627067538, -87.7918740398 31.1629697536, -87.7902050392 31.1641667538, -87.7899580393 31.1643307541, -87.7880360381 31.1657127541, -87.787857038 31.1658487539, -87.7876710382 31.165974754, -87.7867390379 31.1665457544, -87.782506037 31.1690207551, -87.7820670366 31.1692717552, -87.7816210366 31.1695137554, -87.7811710363 31.1697427551, -87.7802630363 31.1701757555, -87.7798100366 31.1703847554, -87.7795890366 31.1705027558, -87.7790040357 31.1707697554, -87.7785540364 31.1710217554, -87.7781310359 31.1712957557, -87.7776920355 31.1715487558, -87.7772360354 31.1717597557, -87.7767640354 31.1719417562, -87.7753460348 31.1724587564, -87.774873035 31.1726197563, -87.7746630349 31.1726637561, -87.7738070348 31.172890756, -87.7711390339 31.1735557562, -87.7701630341 31.1737837569, -87.7698100339 31.1738387564, -87.7693740339 31.1738647565, -87.7689370332 31.1738727569, -87.7685860335 31.1738667564, -87.7678470336 31.1739127571, -87.7672620327 31.1740247564, -87.7664000327 31.1743407571, -87.7662670326 31.174396757, -87.7660790323 31.174500757, -87.7659070328 31.174628757, -87.7657480328 31.1747767571, -87.7656070323 31.1749427573, -87.7654920327 31.1751237571, -87.7654060325 31.1753177571, -87.7653510322 31.1754947572, -87.7653140324 31.1756787572, -87.7652360326 31.1762057571, -87.7651970322 31.1765237573, -87.7651730328 31.1769487574, -87.7651690326 31.1783107574, -87.7651510331 31.1787607576, -87.7651050331 31.1792297582, -87.7650260325 31.1796837582, -87.7649240324 31.1801477579, -87.7645680328 31.1815017583, -87.7634770325 31.1857277598, -87.7633150321 31.1861627597, -87.7630060323 31.1865637594, -87.7625990326 31.18687076, -87.762125032 31.18705176, -87.7616140317 31.1871047598, -87.7611060317 31.1871027602, -87.7605990315 31.1871477599, -87.7601160316 31.1872847595, -87.7596380318 31.1874497603, -87.7582170309 31.1879797602, -87.7577520314 31.1881767602, -87.7572710312 31.1883647601, -87.7567760307 31.1884927605, -87.7553170302 31.1887497607, -87.7548230304 31.1888487606, -87.7543370302 31.1889837605, -87.7538580296 31.1891437602, -87.7524380294 31.1896637604, -87.7519600295 31.1898447604, -87.7514920297 31.1900547606, -87.7510660289 31.1903347605, -87.7507180296 31.190695761, -87.7504840293 31.1911317609, -87.7502980295 31.1915647611, -87.7500260295 31.1921547616, -87.749993029 31.1922147614, -87.7495470289 31.1932167619, -87.7493940288 31.1935867613, -87.7493340294 31.1938047618, -87.7492990292 31.194030762, -87.7493150291 31.1945677622, -87.7494510287 31.1958727625, -87.7494510287 31.1961307624, -87.7494170292 31.1963597622, -87.749357029 31.1966027621, -87.7492820295 31.1968337625, -87.7492090288 31.1969987621, -87.7489560291 31.1974437625, -87.7459650282 31.2017287632, -87.7442130277 31.2042167644, -87.7438870282 31.2046197645, -87.7436870282 31.2048307645, -87.7434690277 31.205025764, -87.7429140279 31.2054937646, -87.741118027 31.207050765, -87.7407400276 31.2073917651, -87.7403960268 31.207769765, -87.7401340268 31.2082017655, -87.7394190271 31.2095427651, -87.7391720273 31.2099907652, -87.7389710265 31.2102957659, -87.7388270266 31.2104677658, -87.7386630266 31.2106267657, -87.7385430269 31.2107167659, -87.7383870264 31.2108127657, -87.7379950267 31.2110007659, -87.7361330258 31.2116547661, -87.735403026 31.2118627664, -87.7348940262 31.2119137662, -87.7336040257 31.2119437664, -87.7332450257 31.2119737658, -87.7328220252 31.2120487662, -87.7324110253 31.2121767661, -87.7320780252 31.2123147667, -87.7319530246 31.212384766, -87.7318300246 31.2124607664, -87.7315320247 31.2126697667, -87.7305850243 31.2134467667, -87.7280870242 31.2155277672, -87.7277970238 31.215742767, -87.7274220238 31.2159777671, -87.7271060235 31.2161557675, -87.726636024 31.2163817672, -87.7253730233 31.2169327679, -87.7249020231 31.2171297676, -87.7245360234 31.2172567673, -87.7243950229 31.2172957673, -87.7237400226 31.2173837676, -87.7232330225 31.2174007681, -87.722727023 31.2174387678, -87.7221600226 31.2175357679, -87.7217460223 31.2176417679, -87.7213980222 31.2177437675, -87.7193770221 31.2183607681, -87.7190580213 31.2184657684, -87.7184760217 31.2186417682, -87.7181440215 31.2187947683, -87.7179740216 31.2189187681, -87.7178150216 31.2190657687, -87.7177240213 31.2191837682, -87.7176570214 31.2193057686, -87.7175420209 31.2196107685, -87.7163780207 31.2242877698, -87.7155550211 31.2276757703, -87.7134390206 31.2362767721, -87.7131600209 31.2373907723, -87.7128910204 31.2383937727, -87.7127250207 31.2390987729, -87.7122860213 31.2408487736, -87.7115420204 31.2439067735, -87.7108450211 31.2467197742, -87.7100870209 31.249877775, -87.709948021 31.2503827751, -87.7095680201 31.251928776, -87.7094020205 31.2526357755, -87.7093440207 31.2529197763, -87.7093230208 31.2530627759, -87.7092880207 31.2534937761, -87.7092510208 31.2547967766, -87.7092200209 31.2555167764, -87.709168021 31.255942777, -87.7091360203 31.2560837769, -87.7090900203 31.2562197766, -87.7090340202 31.2563527765, -87.7086510208 31.2571297767, -87.7085630209 31.2573257771, -87.7084140201 31.2575837767, -87.7072570205 31.2598377778, -87.70709602 31.2601627772, -87.7067700205 31.2608837775, -87.7067200202 31.2610467777, -87.7066420204 31.2615077782, -87.7066050206 31.2618687779, -87.70631102 31.2675747795, -87.7062930204 31.2679947795, -87.7062930204 31.2682107794, -87.7062560206 31.2689997798, -87.7062590201 31.2693617798, -87.7062730203 31.2695787801, -87.7063330206 31.2700107798, -87.7063960204 31.2702957802, -87.7065850205 31.2709947798, -87.7067960204 31.2716847801, -87.7071540206 31.2727887805, -87.7075760213 31.2741287805, -87.7079140214 31.2751647812, -87.7080350209 31.2755027808, -87.7081640216 31.275818781, -87.7082300217 31.2759527806, -87.7083720211 31.276207781, -87.7101790219 31.2791777816, -87.7103980221 31.2795507819, -87.7107650226 31.2802557818, -87.7110520226 31.2809157822, -87.7115350225 31.2821197821, -87.7119470231 31.2831197823, -87.711999023 31.2832647828, -87.7125440228 31.284629783, -87.7126650232 31.2849667829, -87.7127310233 31.2851767828, -87.7129160232 31.2858767829, -87.7130810231 31.2865767832, -87.7138570238 31.2897427842, -87.7139520233 31.2900937839, -87.714415024 31.2915317841, -87.714451024 31.2916707841, -87.7144750234 31.2918127845, -87.7144810241 31.2919567845, -87.7144690235 31.2920977843, -87.7144370237 31.2922377845, -87.7144140242 31.2923047845, -87.7142550242 31.2926287847, -87.7136850233 31.2935547849, -87.7123150234 31.2956847853, -87.7119360232 31.2963037852, -87.7117520231 31.2966137852, -87.7112210236 31.2975597857, -87.7106030231 31.298684786, -87.7101280227 31.2984347858, -87.709834023 31.2979757858, -87.7095940228 31.2972427853, -87.7093540226 31.2970367853))
POLYGON ((-87.6156619842 31.0266617298, -87.6156609844 31.0265877297, -87.6155229843 31.0265927295, -87.6154599837 31.0265867298, -87.6154029838 31.0265647299, -87.615370984 31.0265107297, -87.6153969839 31.0262827293, -87.6154049843 31.0259737296, -87.6153869839 31.0248847297, -87.615370984 31.0212637284, -87.6153829837 31.020206728, -87.6153699833 31.0198457285, -87.615298984 31.0191417278, -87.6152909836 31.0187857283, -87.6152869834 31.0180527276, -87.6153029833 31.0155447271, -87.6152869834 31.014822727, -87.6152809836 31.0141007268, -87.6153039831 31.012702727, -87.6153069835 31.0112647267, -87.6153219836 31.0105427264, -87.6153169835 31.010200726, -87.6153429835 31.009991726, -87.6153809831 31.009848726, -87.6155139832 31.0095257257, -87.6156219831 31.0092847259, -87.6155349831 31.0077297257, -87.6153749824 31.0001867242, -87.6154359825 30.9973667233, -87.6094499813 30.9974007239, -87.6148019821 30.9959397234, -87.6172329832 30.9952697229, -87.6175789828 30.9951687231, -87.6179269829 30.9950587228, -87.6182669836 30.9949337226, -87.6185979831 30.9947947228, -87.6189149833 30.9946467224, -87.6193769833 30.9944427222, -87.6196149838 30.9943117225, -87.6199229838 30.9941257223, -87.6202309837 30.9939257221, -87.6205249835 30.9937187225, -87.6208079842 30.993492722, -87.6210799842 30.9932587224, -87.6213389838 30.9930117219, -87.6215929842 30.9927547223, -87.6218379845 30.9924877219, -87.6220749843 30.9922107222, -87.622296984 30.9919257222, -87.6227169842 30.9913617216, -87.6230739845 30.9908977218, -87.6271309857 30.9853307205, -87.6279879856 30.9841647204, -87.6303199861 30.9809497189, -87.6311459861 30.9797877186, -87.631412986 30.979437719, -87.6321119867 30.9784767184, -87.6323379867 30.9781977186, -87.6325759863 30.9779267188, -87.6328219864 30.9776617186, -87.6333359871 30.9771497186, -87.6336059865 30.9769077182, -87.6338819867 30.9766727182, -87.6369469873 30.9741297175, -87.6372339873 30.9739027171, -87.6378189882 30.9734677175, -87.6381139878 30.9732577173, -87.6387109883 30.9728507171, -87.6390319878 30.9726457167, -87.6396409881 30.9722787174, -87.6418509892 30.9709997168, -87.6421819888 30.9708147164, -87.6427209887 30.9704857162, -87.6445799893 30.9694027159, -87.6450469893 30.9691337161, -87.6453159898 30.9689907157, -87.6460019901 30.9685817162, -87.6475499903 30.9676887156, -87.6494159906 30.9665967153, -87.6503579909 30.9660527155, -87.6509779911 30.9656757149, -87.6512799912 30.9654737147, -87.6515709915 30.9652597154, -87.6518479915 30.9650327147, -87.6521119911 30.9647887146, -87.6523649917 30.9645347148, -87.6526059917 30.9642657151, -87.6528379915 30.9639867147, -87.6531009913 30.9636567149, -87.6550789917 30.9611117137, -87.6552289924 30.9609287139, -87.6557369924 30.9602557137, -87.6594719933 30.9554637128, -87.6608409934 30.953731712, -87.6610209934 30.953513712, -87.6612339938 30.953301712, -87.6614879933 30.953058712, -87.6617529937 30.9528277117, -87.6620339939 30.9526087119, -87.6623279936 30.9524077118, -87.6626339939 30.9522167118, -87.6629509941 30.9520387118, -87.6632719936 30.9518787117, -87.6635989938 30.9517347117, -87.6639309941 30.9516037119, -87.6642659938 30.9514807118, -87.6649529939 30.9512547114, -87.6656369945 30.9510147116, -87.6659759945 30.9508867115, -87.6663109951 30.9507417116, -87.666639995 30.9505857116, -87.6669699947 30.9504167115, -87.6673029948 30.9502347113, -87.6675749948 30.9500677113, -87.6678799953 30.9498697113, -87.6683259953 30.9495397113, -87.6686129954 30.949309711, -87.6703879954 30.9476987108, -87.6706759962 30.9474067102, -87.6715899961 30.9465907103, -87.6735289961 30.9448317099, -87.6793179977 30.9395667084, -87.6804369985 30.938536708, -87.681203998 30.9377717078, -87.6820979987 30.9368217077, -87.6835589989 30.9352107073, -87.684137999 30.9345597073, -87.6845799989 30.9340817074, -87.6863259995 30.9321367065, -87.687493 30.9308477059, -87.6882859995 30.9299987059, -87.6884930001 30.9297957057, -87.6888150003 30.9295057063, -87.68915 30.9292327058, -87.6892930002 30.9291257057, -87.6897380004 30.928814706, -87.6899830006 30.9286627057, -87.6914940011 30.9278047059, -87.6937740016 30.9265377053, -87.6951010019 30.9257917047, -87.6958670017 30.925375705, -87.7023370034 30.9217647037, -87.7036740038 30.9210297038, -87.7048100043 30.9203877032, -87.7059550042 30.9197547034, -87.7067130044 30.9193277033, -87.7082160053 30.9184467032, -87.7085860052 30.9182157025, -87.709311005 30.9177397025, -87.7104090058 30.9170377028, -87.712594006 30.9156127022, -87.7147860066 30.9142047021, -87.7157040067 30.913624702, -87.7175230071 30.9124357016, -87.7191660078 30.9113867012, -87.7199480074 30.9108727005, -87.7210500085 30.9101677009, -87.7216030087 30.9098227003, -87.721966008 30.9095797007, -87.7280050098 30.9056776994, -87.7283650096 30.9054316995, -87.7290740104 30.9049266995, -87.7301150105 30.9041436987, -87.7306250101 30.9037456989, -87.7309580102 30.9034996987, -87.7313160104 30.903217699, -87.7328680108 30.9020246984, -87.7348650115 30.9004746981, -87.735165012 30.9002206977, -87.7371650122 30.8986756978, -87.7384970125 30.8976566976, -87.7387640125 30.8974646972, -87.7388920125 30.8973866973, -87.7391680127 30.8971406969, -87.7405640126 30.896058697, -87.7410810128 30.8956846972, -87.741383013 30.8954866971, -87.7415690127 30.8953746965, -87.7418850131 30.8951996964, -87.7421440136 30.8950666967, -87.7424720136 30.8949116966, -87.7428700131 30.8947366964, -87.7434700141 30.8944866962, -87.7454830137 30.8936796963, -87.7465370143 30.8932666959, -87.7470630147 30.8930496958, -87.7473990142 30.8929226959, -87.7489600149 30.8923026956, -87.7493100156 30.8921736958, -87.7498570151 30.8919486954, -87.7503930155 30.8917406954, -87.7509830155 30.8914876956, -87.7521830156 30.8909876952, -87.7526660164 30.8908096953, -87.753633016 30.890465695, -87.7540500166 30.890346695, -87.754474017 30.890251695, -87.7549040162 30.8901806951, -87.7551230165 30.8901626948, -87.7555710171 30.8901706951, -87.7560600169 30.8901536954, -87.7562170172 30.8901576948, -87.7563470169 30.8901606951, -87.7571390175 30.8901946953, -87.7582200178 30.8902486947, -87.7584400179 30.8902636947, -87.7582320174 30.8907016948, -87.7577370179 30.8918256956, -87.7572070172 30.8929646959, -87.7566820175 30.893737696, -87.756085017 30.8945036959, -87.7550840171 30.8957366962, -87.7516410162 30.9000456972, -87.7508030156 30.9008166977, -87.7485850159 30.9028166978, -87.7468720149 30.9042226981, -87.7465210153 30.9045346989, -87.7460200149 30.9049296986, -87.7434430143 30.9070276992, -87.7417630138 30.9084596996, -87.7510850166 30.9142217006, -87.7549100179 30.9165947013, -87.7584390189 30.918853701, -87.7608230192 30.9203367017, -87.759957019 30.9203217018, -87.7598850191 30.9203257014, -87.7598130191 30.9203357014, -87.7597370189 30.9203547017, -87.7596740192 30.9204027016, -87.7596300197 30.9204717016, -87.7596140189 30.9205437016, -87.7595870192 30.9215457021, -87.7595710193 30.9216847022, -87.7597850195 30.9218197017, -87.7603910194 30.9222227017, -87.7612930196 30.9228337022, -87.76248602 30.9236587023, -87.7637310203 30.9245337021, -87.7639780211 30.9246837023, -87.7642390212 30.9248157022, -87.7645080208 30.9249247023, -87.7646500211 30.9249697021, -87.7649310213 30.9250427022, -87.7650730207 30.9250687026, -87.7654320207 30.9251117027, -87.7656480215 30.9251237026, -87.7678510221 30.9250837025, -87.7702710224 30.9250297019, -87.7706070228 30.9250357019, -87.770719023 30.9250417019, -87.770832023 30.9250577021, -87.7709230223 30.925078702, -87.7711900232 30.9251757026, -87.7714310232 30.9252987019, -87.7727120235 30.9235617017, -87.7731480235 30.9229847014, -87.7735740235 30.9223997015, -87.773987023 30.9218047013, -87.7747750234 30.9205867014, -87.7765320239 30.9178247004, -87.7770390241 30.9171527007, -87.7772760239 30.9168877, -87.7775290245 30.9166307005, -87.7777920243 30.9163827003, -87.7783300244 30.9158956997, -87.7811460254 30.9133956996, -87.7819700249 30.912653699, -87.782575025 30.9121286993, -87.7833300257 30.9115326988, -87.7836510252 30.9112696987, -87.7838700255 30.9111126986, -87.7841180261 30.9109606988, -87.7845000257 30.9107556989, -87.7848200262 30.9105976984, -87.7850180257 30.9105096982, -87.7852180257 30.9104276989, -87.7854880261 30.9103276983, -87.7859510258 30.9101716986, -87.7868150264 30.9099086987, -87.7870290266 30.9103416986, -87.7874140266 30.9111816984, -87.7879740265 30.9123566989, -87.7896230279 30.9158966992, -87.7907320278 30.9182517003, -87.7914610286 30.9198257007, -87.7915230285 30.9199567, -87.7919340284 30.9207417008, -87.7924740282 30.9216307005, -87.7930570285 30.9225407009, -87.7941340295 30.9241717011, -87.7954610298 30.9261557016, -87.79570603 30.9265127017, -87.7961510294 30.9270907018, -87.7967560304 30.9278077019, -87.79718403 30.9282657019, -87.7992060308 30.9303577028, -87.7999710307 30.9309667026, -87.8003120312 30.9311987027, -87.802888032 30.9327897025, -87.8045710329 30.9338137031, -87.8051490323 30.9341737027, -87.8056960326 30.9344987033, -87.8097400342 30.9369697037, -87.8101830339 30.9372277033, -87.8107620341 30.9375507033, -87.8114010345 30.9378897034, -87.8120440351 30.9382227039, -87.8143060352 30.9393717039, -87.8153330359 30.939901704, -87.8155880362 30.9400407037, -87.8159530361 30.9402737042, -87.8161260363 30.9404047041, -87.8163400357 30.9405957039, -87.8165850359 30.9408587042, -87.8167960358 30.9411497039, -87.8169710366 30.9414637046, -87.8171040367 30.9417977042, -87.8171970365 30.9421467046, -87.8173890362 30.9432017047, -87.8175670364 30.9442837046, -87.8177080369 30.944995705, -87.8178900365 30.9456987052, -87.8181530371 30.9463767056, -87.8184660371 30.9470337054, -87.8188570369 30.9477887053, -87.8202180376 30.9505127064, -87.8206810374 30.9514207063, -87.8209450379 30.9518597061, -87.8212300383 30.9522827066, -87.8215350379 30.9526857069, -87.8216690378 30.9528557067, -87.8220800386 30.9533317068, -87.8225210386 30.9537917069, -87.8209190379 30.9541537067, -87.8192160379 30.9545557067, -87.8179440369 30.9548397075, -87.8177920375 30.9548587071, -87.8173580371 30.954951707, -87.8158780366 30.9552937076, -87.8143900357 30.9556207071, -87.8084310343 30.9569717083, -87.8069340341 30.9573057077, -87.8054430338 30.9576287084, -87.8039410336 30.9579047084, -87.8024210329 30.9581287087, -87.8019100325 30.9581917082, -87.8003810326 30.9583397089, -87.7988540322 30.9584457087, -87.7927070305 30.9588417091, -87.7911720298 30.9589457093, -87.7896280297 30.9590717088, -87.788093029 30.9592217094, -87.7874810292 30.9592927089, -87.7865580283 30.9594007091, -87.7850280284 30.9596067093, -87.7835100274 30.9598407098, -87.7819920273 30.9601057093, -87.7804890273 30.9603947099, -87.7684440234 30.9628307104, -87.7677960236 30.9629527107, -87.7665900228 30.9632067109, -87.7661670232 30.9633067109, -87.7631690226 30.9639167108, -87.7622420223 30.9640827114, -87.7597010216 30.9645987115, -87.7576460212 30.9650107114, -87.7556670201 30.9654267119, -87.7550070198 30.9655587118, -87.75403102 30.9657707116, -87.7537340199 30.9658167121, -87.7523240197 30.966142712, -87.7508410189 30.9665187117, -87.7493600185 30.9669207121, -87.7478920178 30.9673467125, -87.7464320174 30.9678007124, -87.7449850174 30.9682837129, -87.7305550134 30.9732047145, -87.729105013 30.9737087146, -87.7262000123 30.9746837148, -87.7247770117 30.9751767147, -87.7233520115 30.9757007151, -87.7219230111 30.9762507152, -87.7205030109 30.9768287156, -87.7191000104 30.9774287153, -87.7177150103 30.9780557154, -87.7163430098 30.9787067155, -87.7149840097 30.9793847157, -87.7136280091 30.980097716, -87.7122920085 30.9808397161, -87.7109700082 30.9816037167, -87.7096690078 30.982395717, -87.7083860079 30.983208717, -87.7071120073 30.9840587175, -87.7058590075 30.9849277179, -87.7033790069 30.9867137177, -87.6873230028 30.9983547208, -87.6860960021 30.9992677211, -87.6848840023 31.0001857217, -87.6836790021 31.0011097216, -87.6764889998 31.0067397234, -87.6752639996 31.0076577236, -87.6740289993 31.0085407236, -87.6727649988 31.009391724, -87.6714779986 31.0102107242, -87.6701599985 31.0109957247, -87.6688329982 31.0117387247, -87.6647869969 31.0138827253, -87.6628769963 31.0149297258, -87.6627569966 31.0150137257, -87.6609999961 31.0160517255, -87.6600659962 31.016622726, -87.6596979959 31.0168577262, -87.6595609957 31.0169217262, -87.6582979958 31.0177447266, -87.6574519957 31.0183147262, -87.6573309954 31.0184047265, -87.6555439947 31.0196347265, -87.6550579945 31.0199597273, -87.6533239944 31.0211577275, -87.6530379942 31.0213787271, -87.652633994 31.0216597275, -87.6519079935 31.0221567272, -87.651525994 31.0223967275, -87.6362499898 31.0329277303, -87.6349719899 31.0337527307, -87.6336559895 31.0345257312, -87.6327679895 31.0350107307, -87.6314019889 31.0356937309, -87.6304789888 31.0361227316, -87.6295439881 31.0365227314, -87.6290719881 31.0367137313, -87.6276529877 31.0372497319, -87.6262139872 31.0377327316, -87.6198819856 31.0396557324, -87.6160189846 31.0408217327, -87.6154219849 31.0410077326, -87.6156619842 31.0266617298))
POLYGON ((-87.5981139773 30.993355723, -87.5982029778 30.9929987233, -87.5981709781 30.9929987233, -87.5977629776 30.992437723, -87.5976919775 30.9921407229, -87.5976029778 30.9916177223, -87.5974429771 30.9912827225, -87.597340977 30.9910077223, -87.5971809771 30.9907877227, -87.5971489773 30.9907877227, -87.5967079773 30.9906497226, -87.5963889775 30.9899297225, -87.596452977 30.9898197223, -87.5964779771 30.9897367221, -87.5967399771 30.9894397221, -87.596796977 30.9891097218, -87.5967719769 30.988829722, -87.5966689769 30.9887197221, -87.5965479766 30.9884777217, -87.5965089771 30.9872347214, -87.5962339767 30.9867887214, -87.5959149769 30.9867887214, -87.595652977 30.9866457213, -87.5955259767 30.9863217213, -87.5951429764 30.9861237218, -87.5951169765 30.9861297217, -87.5947339762 30.9857997216, -87.5947019764 30.9854697218, -87.595052976 30.9851667215, -87.5951099768 30.9849737215, -87.5948229768 30.9845617215, -87.5944399764 30.9842317213, -87.5937689763 30.9840557209, -87.5936099762 30.9839567207, -87.5932899757 30.9834017214, -87.5931369755 30.9830437209, -87.5930729759 30.9824387205, -87.5929769757 30.9821087207, -87.5928549755 30.9816417208, -87.5928549755 30.9813827205, -87.5931109756 30.9811137205, -87.593205976 30.98079972, -87.5931359757 30.9804697207, -87.5929439752 30.9803107202, -87.5925039759 30.98028272, -87.5923059755 30.9801897202, -87.592241975 30.9799477205, -87.5923439751 30.9797607203, -87.5925039759 30.9795847202, -87.5925359756 30.9793977201, -87.5924649755 30.9790677197, -87.5927839753 30.97856672, -87.5928539757 30.9783747203, -87.5928539757 30.9781877201, -87.5932049753 30.9777467195, -87.5934859755 30.9775157196, -87.5935559758 30.9771087198, -87.5935559758 30.9769937194, -87.5935179753 30.9769987195, -87.5932689758 30.9767567194, -87.5932689758 30.9767237197, -87.5931979756 30.9765037196, -87.5933199758 30.9762787196, -87.5934859755 30.9760807192, -87.5935429754 30.9759647194, -87.5935169755 30.9756737195, -87.5932359753 30.9754807195, -87.5930769752 30.9753987189, -87.5930069758 30.9753707189, -87.5929489752 30.9751177192, -87.5929489752 30.9746777187, -87.5926549755 30.9741277188, -87.5924949756 30.9739357186, -87.5924629749 30.9733577191, -87.5926869753 30.9728797184, -87.5926549755 30.972664719, -87.5923349749 30.9723347185, -87.5920859754 30.9718457183, -87.5919389751 30.9712957183, -87.5919389751 30.9709547186, -87.591887975 30.9707457181, -87.5917789752 30.9705477186, -87.5917349749 30.9704317182, -87.5916709744 30.9701847179, -87.5915429743 30.9700967179, -87.5911919747 30.9699427183, -87.5909109745 30.9696677182, -87.5906169748 30.9690737178, -87.590456974 30.9685837181, -87.590456974 30.9684407177, -87.5903679743 30.9679737179, -87.5900489745 30.9675617177, -87.5899779744 30.9672807173, -87.5896969742 30.9669287176, -87.5893139738 30.9666317174, -87.5890589736 30.9662907173, -87.5890589736 30.9662687173, -87.588866974 30.9657957173, -87.5888029735 30.9652787168, -87.5888349742 30.964948717, -87.5888919741 30.9645247172, -87.5886749734 30.9641677166, -87.588681974 30.9638427167, -87.5888919741 30.9632877167, -87.5889049736 30.9627317167, -87.5890639736 30.9622697161, -87.5891529742 30.9619347165, -87.5891209735 30.9618797161, -87.5890319738 30.9616537165, -87.5889619735 30.9613897165, -87.5889619735 30.9613567161, -87.5891269733 30.9611317166, -87.5894079736 30.9609387165, -87.5894149741 30.9609167161, -87.5895359736 30.9607797158, -87.5896379737 30.9604437157, -87.589733974 30.9601637158, -87.5899569735 30.9599707161, -87.5899499739 30.9598937162, -87.5900459741 30.959728716, -87.5899569735 30.9593157157, -87.5899249738 30.9592337159, -87.5898859734 30.9588977157, -87.5900779739 30.9585627159, -87.5904289736 30.9581277157, -87.5905179741 30.9578477151, -87.5909009745 30.9574677155, -87.5911939744 30.9571317153, -87.5913219744 30.9566647149, -87.591359974 30.956411715, -87.5913919738 30.9557237148, -87.591359974 30.9550417147, -87.5910979741 30.9543487149, -87.5909379743 30.9538267144, -87.5909379743 30.9535187148, -87.5910969743 30.9531387141, -87.5914229738 30.9528037141, -87.5918309742 30.9525557145, -87.591862974 30.9523027145, -87.5916709744 30.9519447145, -87.5916139736 30.951675714, -87.5917409738 30.9513677144, -87.5919899742 30.9512027141, -87.5926669743 30.951169714, -87.593042974 30.9509277139, -87.5932979743 30.9506187135, -87.5935219746 30.9503217134, -87.5938409744 30.9501347138, -87.5941909742 30.9498767135, -87.5941909742 30.9497387136, -87.5941209748 30.9496567132, -87.5938979743 30.9494587138, -87.5938079748 30.9491337132, -87.5938079748 30.9486937132, -87.593909974 30.948358713, -87.593909974 30.9480557136, -87.594068974 30.9476107132, -87.5944519743 30.946839713, -87.5944709746 30.9464827126, -87.5946049745 30.9461307126, -87.5948539749 30.9457397129, -87.5948919746 30.9457127127, -87.5948919746 30.9453767128, -87.5950189748 30.9446397124, -87.5954719745 30.9433637125, -87.5957459751 30.9427857122, -87.595822975 30.9424887117, -87.5958159745 30.9424337116, -87.5960139748 30.941988712, -87.5961729749 30.9418177119, -87.5964859748 30.9415157119, -87.5967089753 30.9410197113, -87.5968679753 30.9405797117, -87.5973399753 30.939886711, -87.5977609753 30.9393097113, -87.5979209751 30.9389737113, -87.5980099748 30.9385337107, -87.5980099748 30.9383957113, -87.5982009755 30.9382087107, -87.5982329753 30.9382087107, -87.5984629754 30.9380437108, -87.5993559754 30.9379557104, -87.5997069759 30.9378237109, -87.6007209763 30.9366627107, -87.6009509755 30.9363817103, -87.6011989761 30.9359747101, -87.601332976 30.9358647102, -87.6016839756 30.9357547102, -87.601773976 30.9355847099, -87.601773976 30.9353367103, -87.6017159763 30.9350897103, -87.6018119757 30.9349517098, -87.6020029764 30.93475871, -87.6020919761 30.9344287102, -87.6030869761 30.9325697098, -87.6031189759 30.9325697098, -87.6030869761 30.9323547098, -87.6029589761 30.9320747093, -87.6027929764 30.9318047097, -87.6028249762 30.9316067096, -87.6029909759 30.931441709, -87.6032779759 30.9313377096, -87.6034689766 30.9311997091, -87.6035259765 30.931117709, -87.6035259765 30.9308367092, -87.6036859763 30.9306227094, -87.6038769761 30.9305397093, -87.6042279767 30.9299837091, -87.6043929765 30.9294617088, -87.6045209766 30.9291807088, -87.6047439761 30.9290437084, -87.6048339766 30.9289667083, -87.6049039769 30.9288837084, -87.6048719762 30.9286857084, -87.6049029762 30.9283617082, -87.6050629769 30.9281297081, -87.6052539767 30.9280257082, -87.6053119764 30.9278607084, -87.6053429764 30.9275797083, -87.6055349769 30.9273657081, -87.6057639772 30.927227708, -87.6058279768 30.9270297084, -87.605795977 30.9268097079, -87.6058279768 30.9266117082, -87.6063569767 30.925626708, -87.6066179768 30.9252637078, -87.6069689773 30.9252367079, -87.607057977 30.925126708, -87.6072499767 30.9247137077, -87.6074409773 30.9239157076, -87.6075109768 30.9232997073, -87.6075039771 30.9229587073, -87.6077019775 30.9224857071, -87.6077399771 30.922227707, -87.6076439768 30.9217377067, -87.6083069775 30.9207417069, -87.6082809776 30.9201317065, -87.6084339769 30.9197687062, -87.608663977 30.9195267068, -87.6090969776 30.9191737066, -87.6096069772 30.9180957059, -87.6097729778 30.9176777059, -87.6099319778 30.9171277061, -87.6098999771 30.9167427055, -87.6099569779 30.9165227059, -87.6101799775 30.9162967054, -87.6105629778 30.9160497055, -87.6106329772 30.9157747059, -87.610689978 30.9154217057, -87.6107539776 30.9153557055, -87.6109129776 30.9151197055, -87.610951978 30.9151197055, -87.6113919782 30.914838705, -87.6115259781 30.9145587055, -87.6117169779 30.9140077052, -87.6120669777 30.9137057051, -87.6122269784 30.9133757052, -87.6122899781 30.9129297048, -87.6122889783 30.9109497044, -87.612346978 30.9106147045, -87.6125699776 30.9102287042, -87.6125699776 30.910201704, -87.6127609783 30.9099757039, -87.612957978 30.9094537038, -87.613270978 30.9090737037, -87.6137229779 30.9087107039, -87.6139719783 30.9084907036, -87.6140039781 30.9084907036, -87.6141059782 30.9082647041, -87.6141309783 30.907995704, -87.6138439782 30.9076657036, -87.6138439782 30.9074727035, -87.6138819779 30.9074457033, -87.6140729786 30.9071927033, -87.6141049784 30.9071927033, -87.6143539779 30.9069227036, -87.6143219781 30.9065647033, -87.6143849778 30.9061687037, -87.6146789785 30.9058447036, -87.6147039786 30.9058447036, -87.6150229784 30.9056467029, -87.6151569783 30.9054807034, -87.615245978 30.9052117032, -87.615245978 30.905172703, -87.615117978 30.9050137028, -87.6147039786 30.9048597031, -87.6146139782 30.9045737032, -87.6144159778 30.9044637026, -87.614383978 30.9043207026, -87.6144159778 30.9041397029, -87.6147669783 30.9038587025, -87.615276978 30.9036877029, -87.6153469783 30.9035507031, -87.615276978 30.9031107029, -87.615276978 30.9027857028, -87.6154609781 30.9020877026, -87.6156909783 30.9016467022, -87.6159769785 30.9012897026, -87.6163279781 30.9009537023, -87.6167109784 30.9006567021, -87.6173229791 30.9001007016, -87.6173549789 30.9001007016, -87.6177949791 30.8999137017, -87.6178969792 30.8998857019, -87.6182479788 30.8999627015, -87.6184639787 30.8999627015, -87.6185979795 30.8998857019, -87.6187579793 30.8994897017, -87.618846979 30.8991927016, -87.6189809789 30.8991097013, -87.6192289795 30.8990827018, -87.6197719797 30.8992807014, -87.6199309797 30.8992797016, -87.6201609798 30.8990767017, -87.6203519796 30.8986637015, -87.6203769797 30.8986637015, -87.6206259793 30.8983887013, -87.6208869794 30.8983337013, -87.6210469801 30.8982017011, -87.6210779801 30.8980527016, -87.62181198 30.897728701, -87.6218689799 30.8975627008, -87.6218109802 30.8972057015, -87.6217479795 30.8970957009, -87.6218369801 30.8969577011, -87.62212998 30.8967597013, -87.62212998 30.8966227008, -87.6220279799 30.896572701, -87.6218679801 30.896572701, -87.6216519802 30.8965457007, -87.6213319796 30.8963207006, -87.6212369801 30.8961887007, -87.6212369801 30.8960397011, -87.6210769794 30.8959077008, -87.6209239792 30.8957427011, -87.6208859796 30.895467701, -87.6209239792 30.8952757008, -87.6211149799 30.8951047005, -87.6213379795 30.8950777006, -87.6216509795 30.8951377006, -87.6218989801 30.895109701, -87.6222179799 30.8948297008, -87.6222499797 30.8946097003, -87.6220389798 30.8942517001, -87.62200698 30.8939987007, -87.62203298 30.8936197007, -87.6217509799 30.8924867002, -87.6215279794 30.8922667004, -87.6213679796 30.8922166999, -87.6212979793 30.8921787003, -87.6212339797 30.8919917003, -87.6212079798 30.8914137002, -87.6207549791 30.8906656997, -87.6207229794 30.8906656997, -87.6204359793 30.8900116993, -87.6204349795 30.8894786991, -87.6205629795 30.8889776992, -87.6205369796 30.8886526989, -87.6203449791 30.8882676994, -87.6203449791 30.8880696993, -87.6203769788 30.8880696993, -87.6206579791 30.887822699, -87.6206579791 30.8877726993, -87.6206009792 30.8876746987, -87.6205419787 30.8876466992, -87.620401979 30.8876026993, -87.620401979 30.887574699, -87.6202749787 30.8874096988, -87.6203449791 30.887277699, -87.6205359789 30.8870466986, -87.6209189792 30.8870196987, -87.6210459794 30.8869646992, -87.6210779792 30.886881699, -87.6209439793 30.8867226985, -87.6209179793 30.886639699, -87.6210079789 30.8865846992, -87.621109979 30.8865566986, -87.621109979 30.8865296986, -87.6210459794 30.886254699, -87.6211349791 30.8860896989, -87.6211669789 30.8858636989, -87.6213009797 30.8858366988, -87.6214599797 30.8855396988, -87.6215489794 30.8854846983, -87.6216189797 30.8854846983, -87.6219699793 30.8854566982, -87.6221609791 30.8852256988, -87.6221609791 30.8850386983, -87.6222819795 30.8849006981, -87.6224419793 30.8848736984, -87.6228239798 30.8849006981, -87.6229519798 30.884845698, -87.6231749794 30.8846806986, -87.6234359795 30.884597698, -87.6236529802 30.884597698, -87.6243289804 30.8845426986, -87.6244889802 30.8844876984, -87.62467998 30.8843776978, -87.6247049801 30.8842396982, -87.6245779799 30.8841796983, -87.6242969797 30.8841796983, -87.6242589801 30.884096698, -87.6243539796 30.8839646982, -87.6245449803 30.8838216984, -87.6247369799 30.8837836979, -87.6250049806 30.8837786983, -87.6253179806 30.8838336981, -87.62538798 30.8838336981, -87.6254449799 30.883817698, -87.6255089804 30.8837896981, -87.6258979806 30.8834156981, -87.6259869803 30.8833166978, -87.6260509807 30.8829866979, -87.6261029806 30.8828386978, -87.6262239801 30.882580698, -87.6263959805 30.8823326975, -87.6265939809 30.8820966978, -87.6268369805 30.8818876973, -87.6269639808 30.8817886977, -87.6275259812 30.8816236976, -87.6279849808 30.8810026975, -87.6281509814 30.8808046971, -87.6282849812 30.8806886973, -87.6288269807 30.8805186971, -87.6289289808 30.8804696973, -87.6291079809 30.880430697, -87.6292159808 30.8801996971, -87.629286981 30.8800186973, -87.6293309814 30.8799466968, -87.6294269816 30.879858697, -87.6294399811 30.8797766969, -87.6294209809 30.8795676967, -87.6296189812 30.8793476973, -87.6295809816 30.8792206969, -87.629599981 30.8789126969, -87.6294979809 30.8788086966, -87.6294659811 30.8787476972, -87.6294789815 30.8786766965, -87.6295869815 30.8786326972, -87.6296639814 30.8784836965, -87.6295749809 30.878263697, -87.629599981 30.8781976965, -87.6299509815 30.8776316969, -87.6300659811 30.8773396968, -87.6301559815 30.8764216962, -87.6301879813 30.8762176964, -87.6302519809 30.876157696, -87.6303919815 30.8759926963, -87.6304629817 30.875882696, -87.630538981 30.875546696, -87.630666981 30.875437696, -87.6307879814 30.8751896963, -87.6309049816 30.8750056963, -87.6310069817 30.874829696, -87.6310069817 30.874559696, -87.6311669815 30.8743176956, -87.6312309811 30.8738176959, -87.6314599814 30.8733166958, -87.6317089818 30.8730086952, -87.6318109819 30.8729266954, -87.6319009814 30.8728386953, -87.631938982 30.8727396956, -87.6320219818 30.8725966952, -87.6320219818 30.8723986952, -87.6319969817 30.8723546953, -87.6318949816 30.8723486951, -87.6318559812 30.8723546953, -87.6316909814 30.8723326953, -87.6317099816 30.872299695, -87.6318499814 30.8721566955, -87.632066982 30.8718816956, -87.6322009819 30.8717996955, -87.632251982 30.8718106952, -87.6323219814 30.8717776954, -87.6323919817 30.8716836948, -87.6323989814 30.8713976954, -87.6325519815 30.8712986949, -87.6327619816 30.871265695, -87.6328769821 30.8712106949, -87.6329219814 30.8710956951, -87.6328969822 30.8699016945, -87.6330949817 30.869489695, -87.6331399819 30.8693626946, -87.6331329822 30.8692636944, -87.6331079821 30.8691646948, -87.6330309821 30.8689946943, -87.6330759814 30.8688076945, -87.6333949822 30.8684496943, -87.6337329823 30.8682796947, -87.6338799817 30.8681366946, -87.6340969823 30.8678176943, -87.6342369821 30.8676636942, -87.6343269825 30.8674276938, -87.6345629825 30.8669766941, -87.6347929817 30.8667126942, -87.6348559824 30.8665416938, -87.6348759825 30.8663496942, -87.6349009826 30.8662666939, -87.6348409823 30.8661126936, -87.6349539823 30.8661446936, -87.6351509819 30.8661686937, -87.6354879822 30.8659966937, -87.6357229824 30.8660356937, -87.6358929823 30.866140694, -87.6361199829 30.8663906942, -87.6363869829 30.8670286941, -87.6367089831 30.8673676942, -87.6369169826 30.8676096943, -87.6368999829 30.8679416941, -87.6372199826 30.8680936944, -87.6375209829 30.8680836944, -87.637904983 30.8679936943, -87.6381209829 30.8680136944, -87.6383169828 30.8678156941, -87.6389219837 30.8676556943, -87.6420619846 30.8672236942, -87.6445859847 30.8673346937, -87.6449299846 30.8672616936, -87.6452909852 30.8672296939, -87.6456539854 30.8672196938, -87.6474819861 30.8671906936, -87.6489369864 30.8671756939, -87.6492979861 30.8671796935, -87.6496569861 30.8671936939, -87.6500129867 30.8672176937, -87.6503679865 30.8672646939, -87.6507219865 30.8673306933, -87.6510749867 30.8674086938, -87.6514199865 30.8674996937, -87.6517619868 30.8676126938, -87.6520969874 30.8677436937, -87.6524299875 30.8678896939, -87.6566679884 30.8698336943, -87.6570099887 30.8699706938, -87.6573599885 30.8700786938, -87.6577129887 30.8701666941, -87.6580669887 30.8702406936, -87.6584259887 30.8702936942, -87.6587859894 30.8703376943, -87.6598669897 30.8704466939, -87.6620309899 30.8706466942, -87.6623909898 30.8706696938, -87.66274899 30.8706846938, -87.6633689901 30.8706776942, -87.6696219921 30.8705156937, -87.6703419918 30.8704666934, -87.6710619924 30.8703916933, -87.6714219923 30.8703466932, -87.6721499924 30.8702326932, -87.6764179943 30.8695006933, -87.6771329939 30.8693706928, -87.6774909941 30.8692926932, -87.677845994 30.8692046929, -87.6781969945 30.8690996928, -87.6785409945 30.8689846928, -87.6819299958 30.8676936927, -87.6822709953 30.8675726928, -87.6826139955 30.8674626929, -87.6829619956 30.8673666925, -87.6833119954 30.8672866927, -87.683662996 30.8672166928, -87.684016996 30.8671546928, -87.6843769958 30.8671096928, -87.6847389962 30.8670776923, -87.6851029963 30.867057692, -87.6858259963 30.867039692, -87.6883609972 30.867022692, -87.6934119985 30.8669726922, -87.6936139982 30.8669626921, -87.6938389983 30.8669176919, -87.6940999984 30.8668456924, -87.6943249986 30.866755692, -87.6947289988 30.8671166918, -87.6982799996 30.8702216926, -87.6985630003 30.8704476924, -87.6988529999 30.8706626927, -87.6991520005 30.8708626926, -87.6994579999 30.8710446927, -87.7042310015 30.8736296932, -87.7055020026 30.8743296935, -87.7153630053 30.8796816941, -87.7156820052 30.8798596939, -87.7159840053 30.8800506943, -87.7162720052 30.8802596941, -87.7165370055 30.8804936946, -87.7169380053 30.8808906946, -87.7172980061 30.8812746946, -87.7194250065 30.8834386947, -87.7210850069 30.8851516955, -87.7219030074 30.8859766951, -87.7221240073 30.8861636953, -87.7223630077 30.8863316957, -87.7226790072 30.8865096955, -87.7228120072 30.8865696955, -87.7232260075 30.8867206957, -87.723798008 30.8868946952, -87.7243460081 30.8870766957, -87.7251760084 30.8873366956, -87.7257930081 30.8875486953, -87.7270370086 30.8879386956, -87.7273850088 30.8880406954, -87.7278750092 30.8881626956, -87.7282270096 30.8882356959, -87.7286550092 30.8883096953, -87.7290850093 30.8883696957, -87.7308120097 30.8885636957, -87.7314610102 30.8886466959, -87.7349670107 30.8890336952, -87.7364210113 30.8892016952, -87.7372860116 30.8893166957, -87.7375960122 30.8893466952, -87.7380300116 30.8893706956, -87.7382770124 30.8893696957, -87.7386600118 30.8893576951, -87.7388070121 30.8893436956, -87.7390960118 30.8892976953, -87.7393100121 30.8892506951, -87.7395900125 30.8891756951, -87.7398680123 30.8890886951, -87.7405530128 30.8888466952, -87.7410330132 30.8886886955, -87.7411760124 30.8886526951, -87.7414630124 30.888602695, -87.7416060125 30.8885836953, -87.7419680129 30.8885596955, -87.7421840128 30.8885526949, -87.7425480129 30.8885506951, -87.7438530135 30.888523695, -87.7450500141 30.8884916954, -87.7455820144 30.8884926953, -87.7458700143 30.8885036954, -87.746159014 30.8885266953, -87.7464520139 30.8885616952, -87.7473390149 30.888731695, -87.7489590151 30.889007695, -87.7502510153 30.889208695, -87.7505380153 30.8892716952, -87.7506800156 30.8893186954, -87.7509110156 30.889422695, -87.7514410153 30.8898016954, -87.7519650161 30.8901896953, -87.7523180163 30.8904616956, -87.7526660164 30.8908096953, -87.7521830156 30.8909876952, -87.7509830155 30.8914876956, -87.7503930155 30.8917406954, -87.7498570151 30.8919486954, -87.7493100156 30.8921736958, -87.7489600149 30.8923026956, -87.7473990142 30.8929226959, -87.7470630147 30.8930496958, -87.7465370143 30.8932666959, -87.7454830137 30.8936796963, -87.7434700141 30.8944866962, -87.7428700131 30.8947366964, -87.7424720136 30.8949116966, -87.7421440136 30.8950666967, -87.7418850131 30.8951996964, -87.7415690127 30.8953746965, -87.741383013 30.8954866971, -87.7410810128 30.8956846972, -87.7405640126 30.896058697, -87.7391680127 30.8971406969, -87.7388920125 30.8973866973, -87.7387640125 30.8974646972, -87.7384970125 30.8976566976, -87.7371650122 30.8986756978, -87.735165012 30.9002206977, -87.7348650115 30.9004746981, -87.7328680108 30.9020246984, -87.7313160104 30.903217699, -87.7309580102 30.9034996987, -87.7306250101 30.9037456989, -87.7301150105 30.9041436987, -87.7290740104 30.9049266995, -87.7283650096 30.9054316995, -87.7280050098 30.9056776994, -87.721966008 30.9095797007, -87.7216030087 30.9098227003, -87.7210500085 30.9101677009, -87.7199480074 30.9108727005, -87.7191660078 30.9113867012, -87.7175230071 30.9124357016, -87.7157040067 30.913624702, -87.7147860066 30.9142047021, -87.712594006 30.9156127022, -87.7104090058 30.9170377028, -87.709311005 30.9177397025, -87.7085860052 30.9182157025, -87.7082160053 30.9184467032, -87.7067130044 30.9193277033, -87.7059550042 30.9197547034, -87.7048100043 30.9203877032, -87.7036740038 30.9210297038, -87.7023370034 30.9217647037, -87.6958670017 30.925375705, -87.6951010019 30.9257917047, -87.6937740016 30.9265377053, -87.6914940011 30.9278047059, -87.6899830006 30.9286627057, -87.6897380004 30.928814706, -87.6892930002 30.9291257057, -87.68915 30.9292327058, -87.6888150003 30.9295057063, -87.6884930001 30.9297957057, -87.6882859995 30.9299987059, -87.687493 30.9308477059, -87.6863259995 30.9321367065, -87.6845799989 30.9340817074, -87.684137999 30.9345597073, -87.6835589989 30.9352107073, -87.6820979987 30.9368217077, -87.681203998 30.9377717078, -87.6804369985 30.938536708, -87.6793179977 30.9395667084, -87.6735289961 30.9448317099, -87.6715899961 30.9465907103, -87.6706759962 30.9474067102, -87.6703879954 30.9476987108, -87.6686129954 30.949309711, -87.6683259953 30.9495397113, -87.6678799953 30.9498697113, -87.6675749948 30.9500677113, -87.6673029948 30.9502347113, -87.6669699947 30.9504167115, -87.666639995 30.9505857116, -87.6663109951 30.9507417116, -87.6659759945 30.9508867115, -87.6656369945 30.9510147116, -87.6649529939 30.9512547114, -87.6642659938 30.9514807118, -87.6639309941 30.9516037119, -87.6635989938 30.9517347117, -87.6632719936 30.9518787117, -87.6629509941 30.9520387118, -87.6626339939 30.9522167118, -87.6623279936 30.9524077118, -87.6620339939 30.9526087119, -87.6617529937 30.9528277117, -87.6614879933 30.953058712, -87.6612339938 30.953301712, -87.6610209934 30.953513712, -87.6608409934 30.953731712, -87.6594719933 30.9554637128, -87.6557369924 30.9602557137, -87.6552289924 30.9609287139, -87.6550789917 30.9611117137, -87.6531009913 30.9636567149, -87.6528379915 30.9639867147, -87.6526059917 30.9642657151, -87.6523649917 30.9645347148, -87.6521119911 30.9647887146, -87.6518479915 30.9650327147, -87.6515709915 30.9652597154, -87.6512799912 30.9654737147, -87.6509779911 30.9656757149, -87.6503579909 30.9660527155, -87.6494159906 30.9665967153, -87.6475499903 30.9676887156, -87.6460019901 30.9685817162, -87.6453159898 30.9689907157, -87.6450469893 30.9691337161, -87.6445799893 30.9694027159, -87.6427209887 30.9704857162, -87.6421819888 30.9708147164, -87.6418509892 30.9709997168, -87.6396409881 30.9722787174, -87.6390319878 30.9726457167, -87.6387109883 30.9728507171, -87.6381139878 30.9732577173, -87.6378189882 30.9734677175, -87.6372339873 30.9739027171, -87.6369469873 30.9741297175, -87.6338819867 30.9766727182, -87.6336059865 30.9769077182, -87.6333359871 30.9771497186, -87.6328219864 30.9776617186, -87.6325759863 30.9779267188, -87.6323379867 30.9781977186, -87.6321119867 30.9784767184, -87.631412986 30.979437719, -87.6311459861 30.9797877186, -87.6303199861 30.9809497189, -87.6279879856 30.9841647204, -87.6271309857 30.9853307205, -87.6230739845 30.9908977218, -87.6227169842 30.9913617216, -87.622296984 30.9919257222, -87.6220749843 30.9922107222, -87.6218379845 30.9924877219, -87.6215929842 30.9927547223, -87.6213389838 30.9930117219, -87.6210799842 30.9932587224, -87.6208079842 30.993492722, -87.6205249835 30.9937187225, -87.6202309837 30.9939257221, -87.6199229838 30.9941257223, -87.6196149838 30.9943117225, -87.6193769833 30.9944427222, -87.6189149833 30.9946467224, -87.6185979831 30.9947947228, -87.6182669836 30.9949337226, -87.6179269829 30.9950587228, -87.6175789828 30.9951687231, -87.6172329832 30.9952697229, -87.6148019821 30.9959397234, -87.6094499813 30.9974007239, -87.6086519809 30.9974057237, -87.608635981 30.9974057237, -87.6085979805 30.9974057237, -87.6038329793 30.9974337234, -87.5988339779 30.9974607236, -87.5988439779 30.9974317236, -87.5988439779 30.9974037239, -87.5987159779 30.9972447239, -87.5986259783 30.9970797235, -87.5986519783 30.9968267236, -87.5988049784 30.9967717241, -87.5988429781 30.9967717241, -87.5989959782 30.9965567238, -87.5990029779 30.9963037233, -87.5986259783 30.9956387238, -87.5985939777 30.9954187234, -87.598714978 30.9950337232, -87.5982419773 30.9942967234, -87.5981399781 30.9936807233, -87.5981139773 30.993355723))
POLYGON ((-87.8686160455 30.8347986794, -87.8681800455 30.8347856793, -87.8677460452 30.8347906791, -87.8673110459 30.8348106791, -87.8668810457 30.8348536796, -87.8664520454 30.8349136795, -87.8651010447 30.8351456795, -87.8643260448 30.8352256792, -87.8640230448 30.8352376796, -87.8635840444 30.8352436798, -87.8622910445 30.8352136796, -87.8617280442 30.8351806796, -87.861647044 30.8349396797, -87.8615030441 30.8344316795, -87.8614460442 30.8342066793, -87.8613140439 30.8336306794, -87.8612340436 30.8332216789, -87.8611070434 30.8323846788, -87.8610630439 30.8319536792, -87.8610300434 30.831520679, -87.8610000432 30.8306606788, -87.8610210431 30.8287266783, -87.861037043 30.8280826783, -87.8610470431 30.826784678, -87.8610760434 30.8254856773, -87.8611210436 30.8248376774, -87.8611820428 30.8244076768, -87.8612810434 30.823982677, -87.8613990434 30.8235666772, -87.861545043 30.8231566772, -87.8617080432 30.8227566771, -87.8618980432 30.8223676769, -87.8634040436 30.8194766756, -87.8636860437 30.818888676, -87.8639480436 30.8182966757, -87.8641780438 30.8176916756, -87.864392044 30.8170766755, -87.8645620439 30.816449675, -87.8647130435 30.8158166751, -87.8648070441 30.815370675, -87.8648790441 30.8149616747, -87.864946044 30.8145316746, -87.8653130436 30.811924674, -87.8653580438 30.8116796741, -87.8655930439 30.8100846736, -87.865721044 30.8094506735, -87.8658230441 30.8090316734, -87.8659370439 30.8086146736, -87.8660670436 30.8082026733, -87.8662120443 30.8077916734, -87.8664510437 30.8071786731, -87.866711044 30.8065826734, -87.8670040439 30.806005673, -87.8673220439 30.8054406725, -87.8676510438 30.8048826723, -87.8687310443 30.8032766726, -87.8698440443 30.8016586715, -87.8702070446 30.8011156718, -87.8709430451 30.8000456718, -87.8719190448 30.7985976709, -87.872698045 30.7974716707, -87.8737980455 30.7958506705, -87.8744040454 30.7948936699, -87.8747200458 30.7943376703, -87.8749170454 30.7939576699, -87.8751010456 30.7935696696, -87.8752750456 30.7931746695, -87.8754330458 30.79277067, -87.8755750461 30.7923586696, -87.8757020454 30.7919436695, -87.8758160461 30.7915246695, -87.8759200459 30.7911066693, -87.8761930457 30.7898386692, -87.8764500456 30.7885636684, -87.8767270456 30.7872986684, -87.8770440458 30.786000668, -87.8771220456 30.7857276685, -87.877402046 30.7848666679, -87.877633046 30.7842686676, -87.8778910458 30.7836736673, -87.8780880463 30.7832816672, -87.8783970461 30.7827046674, -87.8791650464 30.781359667, -87.8792720465 30.7811596674, -87.8795350463 30.7807196668, -87.8800920467 30.7797046669, -87.8810420465 30.7780106665, -87.8820070464 30.776326666, -87.8842390473 30.7723726649, -87.8849790471 30.7710496644, -87.8858440475 30.7693556645, -87.886267048 30.7684476641, -87.8868000481 30.7672306636, -87.8872800476 30.7660146636, -87.8877350478 30.7647906629, -87.8883700481 30.7629016624, -87.8885620477 30.7624276625, -87.8887480483 30.7620336622, -87.8889520486 30.7616476622, -87.889191048 30.7612826624, -87.8894440487 30.7609246626, -87.8904750487 30.7595196619, -87.8907260488 30.7591636619, -87.8909620488 30.7587996616, -87.8911580486 30.758481662, -87.8914980483 30.7577436612, -87.8920440489 30.7562476609, -87.8920970486 30.7560876612, -87.8923540485 30.7554156612, -87.8930830493 30.7533686603, -87.8931980489 30.7530636601, -87.8933110489 30.7525746605, -87.8933750494 30.75210066, -87.8933940488 30.7519036598, -87.8934230491 30.75146866, -87.8934480492 30.7508886601, -87.8934250487 30.75061766, -87.8933780489 30.7503856598, -87.8933250492 30.7497326596, -87.8931540486 30.7480686595, -87.8931190484 30.7476356589, -87.8931100491 30.7472036593, -87.8931190484 30.7467676594, -87.8931470489 30.7463326588, -87.8931970482 30.745899659, -87.8932660487 30.7454736589, -87.8933590486 30.745049659, -87.8934690491 30.7446316583, -87.8936000486 30.7442176583, -87.8937490486 30.7438086587, -87.893875049 30.7435026585, -87.8941010489 30.7430126584, -87.8943030486 30.7426266577, -87.8945240485 30.7422526583, -87.8948020493 30.741823658, -87.896353049 30.739525657, -87.8964910491 30.7392996571, -87.8969560494 30.738480657, -87.8971510494 30.7380916571, -87.8973370492 30.7376966569, -87.8975100494 30.7372976572, -87.8976700493 30.7368926564, -87.8988540495 30.733785656, -87.8988110498 30.7336546557, -87.8987980494 30.733498656, -87.8987960498 30.7333476557, -87.8988080494 30.7331436562, -87.89888205 30.732799656, -87.8990330496 30.7324756558, -87.8990860493 30.7324236556, -87.8991530501 30.7323906558, -87.8993810497 30.7323576561, -87.89950805 30.7320306553, -87.8997250497 30.7313956558, -87.8998480497 30.7309796553, -87.8999560497 30.7305596555, -87.9000500503 30.7301346548, -87.9001350498 30.7297086553, -87.9002090503 30.7292806548, -87.9003180501 30.7284166551, -87.9005320494 30.726355654, -87.9005570495 30.726187654, -87.9007620496 30.7243156536, -87.90096505 30.7223696533, -87.90155505 30.7169016523, -87.9016650496 30.7157536521, -87.9016910495 30.7153196522, -87.9017040499 30.7149586519, -87.9017040499 30.714522652, -87.9016880491 30.7140886519, -87.9016610494 30.7136556516, -87.9012370491 30.7094776508, -87.9011640493 30.7088306503, -87.901104049 30.7081826507, -87.9010870493 30.7077286505, -87.9010950488 30.7073156505, -87.9011370495 30.7068816497, -87.9011710489 30.7066516496, -87.9012020489 30.7064526495, -87.9012930491 30.7060276499, -87.9014110491 30.7055926501, -87.9018950488 30.7039406491, -87.9020700496 30.7033126494, -87.902171049 30.7028906491, -87.9022450495 30.7024626492, -87.9022980492 30.7020296493, -87.902315049 30.7015966489, -87.902315049 30.6998186481, -87.9022280489 30.6998126488, -87.9018100493 30.6998306485, -87.9015590493 30.6998296482, -87.901453049 30.6998216482, -87.9015880487 30.6997236482, -87.902315049 30.6996896485, -87.9026720493 30.6997246485, -87.9072700501 30.699536648, -87.9078080502 30.699536648, -87.9081920503 30.6995806483, -87.9083260511 30.699687648, -87.9086990505 30.6995226479, -87.9087600506 30.699482648, -87.908999051 30.699209648, -87.9092780506 30.6990216481, -87.9097320511 30.6982846479, -87.9099300515 30.6978236477, -87.9101920514 30.697506648, -87.9105320512 30.6970456479, -87.9108410509 30.6967886476, -87.9112820519 30.6965036477, -87.9116940516 30.6963446472, -87.911887052 30.6962946475, -87.9120280515 30.6962406471, -87.9133670524 30.6963006471, -87.9143270523 30.6964486472, -87.9204910538 30.696742647, -87.9215110539 30.6966946473, -87.9225100542 30.6965706474, -87.9231710543 30.6962926468, -87.9239860554 30.6956436469, -87.9244420555 30.6971576473, -87.9244850551 30.6972616472, -87.9258350559 30.6994736477, -87.9260730556 30.6999286476, -87.9264270556 30.7003976477, -87.9270480565 30.7009066479, -87.9274780566 30.701439648, -87.9277300565 30.7017916479, -87.9279910566 30.7017696483, -87.928087056 30.7017366481, -87.9282330565 30.7015936481, -87.9282970561 30.7014616477, -87.9283860566 30.701335648, -87.9284560561 30.7012746479, -87.9285890561 30.701197648, -87.9288060568 30.7011426479, -87.9288890566 30.7011156475, -87.9290290564 30.7010216475, -87.9292130565 30.7009506476, -87.9293720565 30.7009066479, -87.9296270568 30.700895648, -87.9301360566 30.7009226477, -87.9304800574 30.7009006479, -87.930811057 30.7008456475, -87.9311230571 30.7007746474, -87.9313840572 30.7006536474, -87.9316553673 30.7005856673, -87.9316840002 30.700675, -87.931716 30.7007360005, -87.9317410001 30.7008900002, -87.9317670001 30.7009450005, -87.9318620005 30.7012750001, -87.9318880004 30.7013240001, -87.931901 30.7013960001, -87.9319260001 30.7014670005, -87.931952 30.7017920001, -87.9319900005 30.7019350006, -87.9320980005 30.7021820001, -87.9320980005 30.7022260006, -87.9321230006 30.7022760004, -87.9321810003 30.7024960006, -87.9321870002 30.7027380005, -87.9320909999 30.703018, -87.93206 30.7032050003, -87.9320659998 30.7035190007, -87.9321353569 30.7037200583, -87.9325061204 30.7042912774, -87.9325736396 30.7043752401, -87.9337494795 30.7055734465, -87.9342277039 30.706169932, -87.9345713526 30.7068597455, -87.9352358598 30.7086548792, -87.9352930888 30.7087646871, -87.9360655842 30.7098868756, -87.936107655 30.7099399106, -87.9369036046 30.7108023752, -87.93764177 30.7114016775, -87.9377440495 30.7114688421, -87.9386414719 30.7119400575, -87.9387717159 30.7119917243, -87.9394022596 30.712169173, -87.9394770596 30.7125086499, -87.9395610602 30.7129706504, -87.9397000601 30.7133476504, -87.9397240604 30.7135266504, -87.9397500603 30.7138126504, -87.9398040598 30.7139866504, -87.9398810598 30.71430365, -87.9399290604 30.7145526505, -87.9399430606 30.7149116505, -87.9399220598 30.7153436505, -87.9398680603 30.7158816509, -87.9398510606 30.7159516506, -87.9397690606 30.7161936507, -87.9397540605 30.7163006505, -87.9395640605 30.7168906512, -87.9395750604 30.7175736514, -87.9396250606 30.7182566514, -87.9396200606 30.7187966512, -87.9396310605 30.7190476511, -87.9396100606 30.7194436513, -87.93961306 30.7197306515, -87.9396020602 30.7198386513, -87.9395930599 30.7200906516, -87.9395970601 30.720234652, -87.93957706 30.7204496519, -87.9395740606 30.7205936518, -87.9395430606 30.7209886517, -87.9395340604 30.7214916518, -87.9394890602 30.721958652, -87.9394910607 30.7222096521, -87.9394710606 30.7226416526, -87.9394020601 30.7229966524, -87.9392550607 30.7236316524, -87.9388600607 30.7246186528, -87.93870006 30.725140653, -87.9385780607 30.7254466528, -87.93845906 30.7257156526, -87.9382920605 30.7261606529, -87.9379820599 30.7268686532, -87.9379300601 30.7270426528, -87.9377980598 30.7273136536, -87.9376750598 30.7276206535, -87.93755606 30.7279656536, -87.9373510599 30.7286996533, -87.9372850598 30.7288706536, -87.9371980598 30.7291486537, -87.9370860605 30.7296436539, -87.93700706 30.7302146539, -87.9366700597 30.7314776545, -87.9364980602 30.7321816545, -87.9363870598 30.7325286544, -87.93616006 30.7331466545, -87.9360350604 30.7333736548, -87.9359280602 30.7335286548, -87.9356910595 30.7339496547, -87.9355530603 30.7342126552, -87.9353820597 30.7345796547, -87.9351940594 30.7350946548, -87.9351630594 30.7351616554, -87.93497506 30.7354836552, -87.9348530598 30.7358646556, -87.9347080601 30.736240655, -87.9344580598 30.7369646553, -87.9342940598 30.7372956558, -87.9342530598 30.7375116553, -87.9341300597 30.7380036554, -87.93402106 30.7384986557, -87.9337870596 30.7393386561, -87.9335600598 30.7399566564, -87.9333610596 30.7404686567, -87.9331500598 30.7409766563, -87.9330460591 30.7412876569, -87.9328190593 30.7418296563, -87.9327900599 30.7419346565, -87.9326060598 30.7424506564, -87.932287059 30.7434376571, -87.932113059 30.7440876573, -87.9320580596 30.7443356574, -87.9319770594 30.7447616571, -87.9319460595 30.7449756572, -87.9319190597 30.7452266576, -87.9319080589 30.7454066577, -87.9315300595 30.7456326572, -87.9311620593 30.7458706576, -87.9309320591 30.7460276579, -87.9304600591 30.7463826574, -87.9302790594 30.7465326575, -87.930076059 30.7467146578, -87.9298610589 30.7468266582, -87.9295460584 30.747004658, -87.9293080587 30.7471516578, -87.9290780586 30.7473076578, -87.928665059 30.7476126584, -87.9283920583 30.747835658, -87.928219058 30.7479926582, -87.9279970583 30.7482086584, -87.9278700581 30.7483496584, -87.9276540581 30.7484616584, -87.9274440581 30.7485796585, -87.9269380577 30.7488986582, -87.9267480578 30.7490406585, -87.9263190583 30.7493846586, -87.9258500578 30.7494866582, -87.9255700574 30.7495596583, -87.9253380576 30.7496426583, -87.9250340578 30.7497636586, -87.9247010578 30.7499156583, -87.9243890576 30.7500966587, -87.9240200575 30.7503336592, -87.9235690574 30.7507096592, -87.9233520568 30.7508786587, -87.9230600567 30.751083659, -87.9226250574 30.7513656589, -87.9224830571 30.7514406594, -87.9221130572 30.7516106589, -87.9216930571 30.7517726593, -87.9213610568 30.7519266593, -87.9210250564 30.7520726595, -87.9208490567 30.7521696591, -87.9206050563 30.7523666596, -87.9204630569 30.7524986597, -87.9203010565 30.7526636594, -87.9199780565 30.7529456593, -87.9199520565 30.7529746593, -87.9197800561 30.7532616592, -87.9195560567 30.7536076599, -87.919293056 30.7539756594, -87.9191360566 30.7542296595, -87.9189680563 30.75447966, -87.9187970557 30.7547686603, -87.9187230561 30.7549366599, -87.9186480558 30.7551426598, -87.9186130565 30.7553556603, -87.9186090563 30.7554626598, -87.918698056 30.7557776603, -87.918785056 30.7560546602, -87.918888056 30.7564406604, -87.9191380562 30.7568566605, -87.919370056 30.7571986603, -87.9196440565 30.7576836609, -87.9197060565 30.7577776604, -87.9199790563 30.7580966605, -87.920052057 30.7582656609, -87.9201820567 30.7585306607, -87.9202860564 30.7588416609, -87.9205550569 30.7592486607, -87.9207810569 30.7596336607, -87.9208290566 30.7597336609, -87.9209230572 30.7599726609, -87.9209800571 30.7601456613, -87.9210180567 30.7602856612, -87.9210850567 30.7606046614, -87.9217440572 30.761579661, -87.9220410573 30.7621836611, -87.922637058 30.7633346614, -87.923145058 30.7646316623, -87.9237430584 30.7655766624, -87.9240970584 30.7662986622, -87.924294058 30.7669036624, -87.924448058 30.7673166626, -87.9244530581 30.7682426629, -87.9245070585 30.7686626628, -87.9243110587 30.773847664, -87.923873059 30.7782886653, -87.9212830579 30.7850806668, -87.9211890582 30.7854136667, -87.9211060584 30.7857666664, -87.9209860578 30.7861856668, -87.9209330581 30.7864706669, -87.9208140583 30.7870006672, -87.9207140578 30.7873496674, -87.9206050581 30.7876966668, -87.9203360584 30.7887146677, -87.9202690585 30.7889966677, -87.9199920585 30.7899386673, -87.9197200576 30.7907326675, -87.9196240582 30.7910456681, -87.9195180579 30.7914306682, -87.9193800578 30.7918456682, -87.9191560575 30.7924646681, -87.9190910581 30.7927096683, -87.9190260578 30.7929186687, -87.9189920575 30.7930956681, -87.9189640579 30.7932016688, -87.9188690575 30.7935146682, -87.9188070576 30.7937976688, -87.9187460575 30.794298669, -87.918707058 30.7947286685, -87.9186340582 30.7951926691, -87.9186420577 30.7953726691, -87.9186410579 30.7955876686, -87.9186150579 30.795838669, -87.9185720583 30.7960876687, -87.9185650577 30.7961956693, -87.9185650577 30.7963396693, -87.9185910577 30.7970946689, -87.9186050579 30.7973106693, -87.9186180583 30.7978506696, -87.9186090581 30.7984976694, -87.9185720583 30.79903667, -87.9185680581 30.7991806697, -87.9185810585 30.7993956699, -87.9186500581 30.79993267, -87.9187580581 30.8006456704, -87.9188330584 30.8009636703, -87.9191620583 30.8021306702, -87.9195530581 30.8038406704, -87.919743059 30.804028671, -87.9199880583 30.8043506712, -87.9203060592 30.8047356712, -87.9203960587 30.8048236705, -87.9205950589 30.804982671, -87.9211090588 30.805363671, -87.921323059 30.8055066713, -87.9216800594 30.8057276711, -87.922057059 30.8059236707, -87.9225410596 30.8061266711, -87.9187720583 30.8061106711, -87.9167720581 30.8061486716, -87.9137880569 30.8075066716, -87.912561057 30.8119776729, -87.9122730571 30.8121966726, -87.9122450567 30.8121946728, -87.9108930571 30.8160416737, -87.9107280564 30.816465674, -87.910478057 30.8168166742, -87.9093750561 30.817595674, -87.9081000557 30.8184236742, -87.9073560557 30.8191876746, -87.9055650557 30.8213726751, -87.9050550552 30.8219666753, -87.9049090556 30.8220656749, -87.9046980548 30.8221366751, -87.9045580551 30.8222356754, -87.9043320551 30.8224876754, -87.8920370519 30.8224746759, -87.8885800508 30.822477676, -87.8881440508 30.8224896757, -87.8877100504 30.8225406761, -87.8874980507 30.8225876758, -87.8870830506 30.8227226762, -87.8866900502 30.822914676, -87.8863290506 30.8231576762, -87.8860050498 30.8234496762, -87.88573705 30.8237916761, -87.8855170499 30.8241666762, -87.8836840493 30.8276106775, -87.88305405 30.8287506776, -87.8829370498 30.8289336772, -87.8826880494 30.8292896774, -87.8824200496 30.8296316773, -87.882131049 30.8299566779, -87.8818270492 30.8302666781, -87.8811760491 30.8308406779, -87.8771480483 30.8341556789, -87.8768080476 30.834419679, -87.8764500483 30.8346576788, -87.8760740477 30.8348556789, -87.8756830479 30.8350186792, -87.8750890477 30.8352276793, -87.8748750474 30.8352696792, -87.8742110478 30.8353386788, -87.8737800469 30.835344679, -87.8733500467 30.8353206789, -87.8728580466 30.8352716792, -87.8726020465 30.8352366792, -87.869573046 30.8348806794, -87.8690550459 30.834828679, -87.8686160455 30.8347986794))
POLYGON ((-87.8490220402 30.8305336787, -87.8485180404 30.8304616788, -87.8481620398 30.8304786791, -87.8479370397 30.8304996789, -87.8475110397 30.830578679, -87.8459820397 30.8310486789, -87.8455750391 30.8312056791, -87.8451790393 30.831389679, -87.8449890393 30.8314956791, -87.8446260391 30.8317326796, -87.8444530389 30.8318626795, -87.8441330392 30.8321466795, -87.8438460391 30.8324596793, -87.8435830385 30.8327156797, -87.8435620386 30.8323296795, -87.8435540391 30.8316666795, -87.8435630384 30.8296666786, -87.8435530383 30.8293646788, -87.8435190389 30.8289236785, -87.8434540386 30.8284936785, -87.843370038 30.8280676786, -87.8432560382 30.8276486787, -87.8431140379 30.8272376787, -87.8429410386 30.8268396781, -87.8427550379 30.8264516779, -87.8424440385 30.8259086779, -87.8419410376 30.8250866782, -87.8410480377 30.823596678, -87.840959038 30.8234016779, -87.8408970372 30.8231956776, -87.8408480376 30.8229856778, -87.8407840372 30.8225576778, -87.8406500373 30.8212086773, -87.8405780373 30.820661677, -87.8403050375 30.8181546766, -87.8402080374 30.8176456764, -87.8401120372 30.8172336762, -87.8399830373 30.8167786764, -87.8396210369 30.8155816759, -87.8382290363 30.8112616751, -87.8380180364 30.810644675, -87.8378480365 30.8102456745, -87.8373080358 30.8090606742, -87.8371800358 30.8087516742, -87.8370680356 30.8085466748, -87.8369440358 30.8083566747, -87.8367980362 30.8081866744, -87.8366420357 30.8080316743, -87.8363050354 30.807757674, -87.8357300354 30.807343674, -87.8354830356 30.8071816745, -87.8351400354 30.8069026744, -87.8349890349 30.806758674, -87.8348460348 30.8066026739, -87.8347210351 30.8064406739, -87.8345250353 30.8061066744, -87.834342035 30.8057006738, -87.8331670341 30.8029006735, -87.8330580344 30.8026136734, -87.8313500343 30.8026436731, -87.8313710342 30.801684673, -87.8314530333 30.7958606719, -87.8314560337 30.7939146712, -87.831434033 30.790157671, -87.8314260335 30.78579367, -87.8314120333 30.7838556692, -87.8314000327 30.7834126688, -87.8313740328 30.7830736693, -87.8313320329 30.7826646689, -87.8312630333 30.7822386687, -87.8311810333 30.7818846689, -87.831147033 30.7817776687, -87.8308500329 30.7809986687, -87.8306770326 30.7806056683, -87.8304680324 30.7802226686, -87.8302310326 30.7798526686, -87.8299820321 30.7794956687, -87.8297140323 30.7791536686, -87.8294260325 30.778827668, -87.8291170327 30.7785176678, -87.8287950325 30.7782206682, -87.8284580322 30.7779406679, -87.8281060318 30.7776816682, -87.8277450321 30.7774436677, -87.8273780317 30.7772156675, -87.8270010313 30.7770056676, -87.8266070311 30.7768126676, -87.8262080318 30.7766396679, -87.8255940315 30.7764116681, -87.824540031 30.7760346679, -87.8241560308 30.7758876675, -87.8237510308 30.7757176676, -87.8233530304 30.775526668, -87.8229710308 30.7753186679, -87.8226020307 30.7750836678, -87.8222400303 30.7748346678, -87.8218920302 30.7745806673, -87.8215580303 30.7743066674, -87.8212450303 30.7740046673, -87.8209430301 30.7736936674, -87.8206550294 30.7733676676, -87.8203820295 30.7730306673, -87.8202580297 30.772852667, -87.8199190298 30.7722966673, -87.818692029 30.7701596665, -87.8186320287 30.7700696665, -87.8182570288 30.7693996668, -87.815763028 30.7650426653, -87.8152270275 30.7640926658, -87.8150200278 30.7637046654, -87.8148480274 30.7633116654, -87.8146980276 30.7629056655, -87.8145740278 30.7624866648, -87.8144910279 30.7621106652, -87.8143900277 30.7615366648, -87.8143570271 30.7611026649, -87.8143440276 30.7606746649, -87.8143040274 30.7582956643, -87.8142700271 30.7578686639, -87.8142050268 30.7574396637, -87.8140950272 30.7570206639, -87.8139520271 30.7566106642, -87.813778027 30.7562166641, -87.8135600265 30.7558406639, -87.8133130267 30.755482664, -87.8130460267 30.7551426637, -87.8127560263 30.7548226634, -87.8124370264 30.7545266637, -87.8120930265 30.7542586637, -87.8117320259 30.7540176632, -87.8115460261 30.753901663, -87.8106020261 30.753378663, -87.810372026 30.7532446631, -87.810131026 30.7531006633, -87.8097700254 30.7528526633, -87.8095700254 30.7527046633, -87.8091730257 30.7523546627, -87.8088790251 30.7520356629, -87.8086090256 30.7516926627, -87.8079910251 30.7507986629, -87.8072700247 30.7497136625, -87.8054350244 30.7470316617, -87.8051840243 30.7466756618, -87.804914024 30.7463376617, -87.8045760239 30.7459626621, -87.8043230242 30.7457056617, -87.8039990234 30.745412662, -87.803662024 30.7451356615, -87.8033100237 30.7448816614, -87.802031023 30.7440306618, -87.8015650229 30.7437126613, -87.801441023 30.7436366612, -87.8010610231 30.743423661, -87.8007540229 30.7432886613, -87.8003890231 30.7431526616, -87.800184023 30.7430846612, -87.7999760226 30.7430236612, -87.7997660226 30.7429726611, -87.7995540228 30.7429346612, -87.799338022 30.7429126617, -87.7989060222 30.7428996615, -87.7977540218 30.7429076617, -87.7973210222 30.7428876611, -87.7933920211 30.7425546615, -87.7933150211 30.7420296612, -87.7932040208 30.7408696608, -87.7931240204 30.7398996609, -87.7930580203 30.7386326607, -87.7930450207 30.7378846602, -87.7930580203 30.7373186604, -87.7930240199 30.7348816597, -87.7930640201 30.7348026598, -87.7930500199 30.7329736596, -87.7930670205 30.7329516594, -87.7932730203 30.7318836587, -87.7933500203 30.7316526589, -87.7934580203 30.7314216593, -87.7937250203 30.7309476589, -87.7938890203 30.7306376589, -87.7939920202 30.7305086588, -87.7948130202 30.7293996583, -87.7954540203 30.7285206583, -87.7961040205 30.727644658, -87.7963690209 30.7276666579, -87.7965210212 30.7276626579, -87.7983560215 30.7276696579, -87.8005500218 30.7276666579, -87.8013640221 30.7276586579, -87.8015720226 30.7276646579, -87.8027320225 30.7276636579, -87.805315023 30.727652658, -87.8075020236 30.727652658, -87.8089630247 30.727644658, -87.8107800246 30.7276466572, -87.8115050252 30.7276416572, -87.8118680255 30.7276496572, -87.8122250249 30.7276766578, -87.8125810255 30.7277226576, -87.8129260253 30.7278026579, -87.8132680256 30.7279176579, -87.8142820259 30.7282936573, -87.814625026 30.7284066575, -87.8156420267 30.7287786575, -87.8163290268 30.7290126579, -87.8166860263 30.729089658, -87.8170470269 30.7291216574, -87.8174100271 30.7291256581, -87.8177730273 30.7291176574, -87.8181350268 30.7290956579, -87.8184940268 30.7290456573, -87.8188500274 30.7289826577, -87.8192040274 30.7288936578, -87.8198900277 30.7286776575, -87.8202380278 30.7286076578, -87.8205970278 30.7286086578, -87.8209540282 30.7286296575, -87.8220320281 30.7287136578, -87.8245560291 30.7288766573, -87.8249150291 30.7289076576, -87.8256360295 30.7289576574, -87.8263640296 30.7289976575, -87.8266900291 30.7290046573, -87.8270520295 30.7290666577, -87.82738803 30.7291896575, -87.8277130297 30.7293446572, -87.8283550295 30.7296786577, -87.8296510299 30.7303266572, -87.8306110307 30.7308286573, -87.8312600312 30.7311466579, -87.8319040307 30.7314756577, -87.8322320308 30.731622658, -87.8325720314 30.7317436577, -87.8332610311 30.7319556575, -87.834667032 30.7323616582, -87.8350090323 30.7324766581, -87.8354200322 30.7326416581, -87.8358760323 30.732844658, -87.8373030322 30.7335166579, -87.8382810326 30.733968658, -87.8405630336 30.7350856586, -87.8408950339 30.7352316581, -87.8415700334 30.7354896586, -87.8425970341 30.7358326585, -87.8429340344 30.7359556582, -87.8432710347 30.7360946586, -87.8436110345 30.7362126584, -87.8439560343 30.7363136582, -87.8450000347 30.7366006583, -87.8457020349 30.7367496583, -87.8464080352 30.7368736583, -87.8467690349 30.7369086586, -87.8471350355 30.7369026585, -87.8474920359 30.7368566585, -87.8478470357 30.7367906581, -87.8482020355 30.7367006585, -87.8485620354 30.7366236584, -87.8496190363 30.7363506585, -87.8503310365 30.7361986582, -87.8506900365 30.736142658, -87.8521360366 30.735957658, -87.8543130373 30.7357016578, -87.8550360373 30.7356086575, -87.8557530376 30.7354926575, -87.8561140381 30.7354556576, -87.856474038 30.7354526579, -87.8566170381 30.7354636577, -87.8567580377 30.7354916576, -87.8568930383 30.7355416579, -87.8570180379 30.7356126579, -87.8571330385 30.7357006579, -87.8573910382 30.7359556582, -87.8586380391 30.7372796583, -87.8593610391 30.7380156579, -87.8598730393 30.7385976587, -87.8601310391 30.7388556586, -87.8604100396 30.7390856583, -87.8607030395 30.7392996587, -87.861009039 30.7394846584, -87.8613430398 30.7396206587, -87.86170104 30.7396936585, -87.8620610398 30.7396926586, -87.8624220395 30.7396496588, -87.8627830401 30.7395846587, -87.8631360402 30.7394826586, -87.86348104 30.7393616586, -87.8638310398 30.7392506586, -87.8641820404 30.7391736582, -87.86454304 30.739150658, -87.8649920405 30.739150658, -87.8652690405 30.7391366582, -87.8654850404 30.7391086586, -87.8658470408 30.7390466585, -87.8665660407 30.7389386586, -87.8670190413 30.7388816578, -87.8672020407 30.7388526582, -87.8677000415 30.738764658, -87.868057041 30.7386946579, -87.8684150412 30.7386366579, -87.868775042 30.7386206583, -87.8691280412 30.7386366579, -87.8693200418 30.7386656583, -87.8696090415 30.7387426584, -87.8710570422 30.7392376579, -87.8717240422 30.7395206584, -87.8723800423 30.739827658, -87.8727050429 30.7399876585, -87.8729130424 30.7400646583, -87.8730600427 30.7400906579, -87.8734250426 30.7400996582, -87.8748290429 30.7400906579, -87.8747840436 30.7395876583, -87.8747980429 30.7391586578, -87.8748380431 30.7389106581, -87.8748430431 30.7383766576, -87.874854043 30.7381296574, -87.8748730433 30.7380606575, -87.8748920435 30.7380316576, -87.8750480432 30.7379266578, -87.8751120436 30.7376916575, -87.8750410435 30.7372606572, -87.8750410435 30.7371386575, -87.8750990432 30.7370206573, -87.8751830429 30.7369316578, -87.8753440434 30.7368256577, -87.8754150436 30.7367636577, -87.8755100431 30.7366506573, -87.8755580437 30.7363956573, -87.8755960433 30.736317657, -87.8757120437 30.7362836571, -87.8759260431 30.7362556575, -87.8760160435 30.7361496573, -87.8760160435 30.7360436571, -87.8759640436 30.7359376575, -87.8757540435 30.735763657, -87.8757120437 30.7356806574, -87.8757440435 30.7356036572, -87.8758400437 30.7355416572, -87.8759770431 30.7354406574, -87.8760550438 30.7352116574, -87.8760610437 30.7349316572, -87.8762030431 30.7346356566, -87.8759590436 30.7344426567, -87.8756740432 30.734468657, -87.875403043 30.7344366571, -87.8752070432 30.7343356569, -87.8751540435 30.734229657, -87.8751860433 30.7340966566, -87.8753240434 30.7339816571, -87.8756050436 30.733894657, -87.8756950431 30.7338256572, -87.8757860433 30.7337066568, -87.8757860433 30.7335866563, -87.8756420434 30.7335366566, -87.8751330427 30.7334856568, -87.8750150427 30.7335006566, -87.8749390434 30.733471657, -87.8748390429 30.7334076565, -87.8747940427 30.7333466566, -87.8747630428 30.7332806569, -87.8747350432 30.7331756565, -87.8747350432 30.7331046563, -87.8747430427 30.7330696569, -87.8747870431 30.7329686568, -87.8748120432 30.7329396562, -87.8748500428 30.7329266562, -87.8748920426 30.7329236564, -87.874926043 30.7329416569, -87.8750100426 30.732940657, -87.8751320428 30.7329206566, -87.8753300432 30.7328656568, -87.8753680428 30.7328516568, -87.8754360435 30.7328086563, -87.8754470434 30.7327386565, -87.8754420434 30.7326666567, -87.8754160434 30.7325986567, -87.8753590435 30.7325456566, -87.8751070427 30.7323586568, -87.8750600429 30.7322996568, -87.8750550428 30.7322846561, -87.8750390429 30.7322306566, -87.8750420433 30.7321586565, -87.8750510426 30.7321236568, -87.8750710427 30.7320946567, -87.8752260434 30.7320396564, -87.8753090433 30.7320286562, -87.8754240429 30.7319876567, -87.8754940432 30.7319476563, -87.8755540435 30.7318986564, -87.8755750434 30.7318676564, -87.8756040428 30.7317996566, -87.8756090429 30.731764656, -87.8756120432 30.7316566564, -87.8755920431 30.7315876565, -87.8755700434 30.7315566564, -87.875490043 30.7314746562, -87.8753860433 30.7314146565, -87.8753490435 30.7313996564, -87.8752660427 30.7313886561, -87.8750580432 30.7314016563, -87.8750190429 30.7314116567, -87.874936043 30.7314106559, -87.874731043 30.7314416561, -87.8745650424 30.7314556563, -87.8745240424 30.7314556563, -87.8743170427 30.731426656, -87.8742370423 30.7314076561, -87.8740570424 30.7313166561, -87.8739660431 30.7312426562, -87.8738670424 30.7311276563, -87.8738210424 30.7310676565, -87.8738060423 30.7310346562, -87.8737080424 30.730760656, -87.8736230429 30.7302656561, -87.8735650423 30.7300936561, -87.8734150425 30.7297966561, -87.8733750423 30.7296206561, -87.873387042 30.7295496563, -87.8734190427 30.7294826556, -87.873464042 30.7294226562, -87.8734990422 30.7294036559, -87.8735800424 30.7293866555, -87.8737460421 30.7293856555, -87.8739900425 30.7293376559, -87.8740260424 30.7293196555, -87.8741370428 30.7291686556, -87.8742070422 30.7291296557, -87.8743240424 30.7290906557, -87.8744070431 30.7290896557, -87.8743980429 30.7290246554, -87.8743610431 30.7289146559, -87.874295043 30.7285926557, -87.8741800424 30.7284146559, -87.8740480422 30.7282986557, -87.8739140423 30.7282956558, -87.8738290428 30.7283956553, -87.8737570428 30.728523656, -87.8736980424 30.7286516556, -87.8736200426 30.7287616554, -87.8734850419 30.7288086554, -87.8733170426 30.7287946557, -87.8732110423 30.728729656, -87.8730510425 30.7285926557, -87.8728830422 30.7282426556, -87.8729250421 30.7279986557, -87.8729890426 30.7278396553, -87.8731370427 30.7276916555, -87.8734530422 30.7275876552, -87.873895042 30.7276756555, -87.8740590421 30.7276596556, -87.8741970422 30.7275906552, -87.8742820425 30.7275116555, -87.8743240424 30.727389655, -87.8742980424 30.7272146553, -87.8741390424 30.7269976551, -87.8739690425 30.7268916556, -87.8738150426 30.7268416554, -87.8735930419 30.7268796556, -87.8733220426 30.7268926556, -87.8731210419 30.7269286557, -87.8729830418 30.7269286557, -87.8728450417 30.7268326554, -87.8726970425 30.7267056556, -87.8725700423 30.7265096552, -87.8724110422 30.7263296554, -87.8722680421 30.726133655, -87.8720930422 30.7258736549, -87.8720560415 30.7257516555, -87.8720660416 30.7256036555, -87.872125042 30.7254766548, -87.8722250416 30.7254076551, -87.8724850419 30.7253436547, -87.8726960418 30.725317655, -87.8728980423 30.7253016547, -87.8730150425 30.7252426551, -87.8732060423 30.7250836548, -87.8732320422 30.7249776548, -87.8732060423 30.7248666553, -87.8730310424 30.7246546546, -87.8728140418 30.7246226545, -87.8725420418 30.724643655, -87.872284042 30.7247716552, -87.8719340422 30.7248716546, -87.871648042 30.7248616551, -87.8715050419 30.7248036553, -87.8713480415 30.7247756546, -87.8712770414 30.7246386549, -87.8712770414 30.7244746551, -87.8712980413 30.7243156551, -87.8713720418 30.7241616551, -87.8715530416 30.7240216544, -87.871694042 30.7238816544, -87.8718620414 30.7237746545, -87.8722140417 30.7234696548, -87.8723580416 30.7232506546, -87.8724000415 30.7231496543, -87.8724060422 30.7230786544, -87.872397042 30.7230066544, -87.8723270417 30.7228766541, -87.8721760421 30.7227056548, -87.8721600422 30.7226746541, -87.8721530416 30.7226026546, -87.8721120416 30.7225006543, -87.8720660416 30.7224406545, -87.8719490414 30.722337654, -87.8719370417 30.7222886546, -87.872197042 30.7216496541, -87.8730170421 30.7212196539, -87.8735140423 30.721463654, -87.8741590425 30.7219176544, -87.8747770421 30.7222656542, -87.8750180421 30.7223006545, -87.8752600429 30.722230654, -87.8760380432 30.7216036537, -87.8765750426 30.720952654, -87.8773350434 30.7202856534, -87.8775590428 30.7198726539, -87.8775960435 30.7194036535, -87.8775410433 30.7190776536, -87.8772080432 30.718425653, -87.8768660429 30.7178926533, -87.8765890429 30.7171776528, -87.876737043 30.7163306531, -87.8773900427 30.7158186528, -87.8780430434 30.7153536525, -87.8787230429 30.7148406523, -87.8796400432 30.7148896524, -87.8802790436 30.7150576528, -87.8810560441 30.7150456528, -87.8815700439 30.7150096521, -87.8819510446 30.7150086528, -87.8823450438 30.7151436527, -87.882585044 30.7152506521, -87.8828350443 30.7152246528, -87.883375045 30.7152966524, -87.8838740447 30.7151176526, -87.8841660448 30.7143396525, -87.8853410448 30.7134466522, -87.8855390452 30.7132416521, -87.8856560453 30.7129506521, -87.885668045 30.7125276521, -87.886253045 30.7119546513, -87.8867450451 30.7116136517, -87.8873530456 30.7114226516, -87.8881160458 30.7112136511, -87.8883790456 30.711175651, -87.8890770455 30.7103936509, -87.8907480467 30.7094066508, -87.8914590462 30.7089066508, -87.8930440472 30.7074196502, -87.8974600483 30.7037636496, -87.8983560477 30.7033366492, -87.8990220479 30.7028706495, -87.8997150487 30.7025026494, -87.9001130482 30.7020536493, -87.9004040485 30.7016556491, -87.900555049 30.7013886491, -87.9007990485 30.7005726483, -87.9009050488 30.7002776483, -87.901058049 30.7000856486, -87.9013160487 30.6999216487, -87.901453049 30.6998216482, -87.9015590493 30.6998296482, -87.9018100493 30.6998306485, -87.9022280489 30.6998126488, -87.902315049 30.6998186481, -87.902315049 30.7015966489, -87.9022980492 30.7020296493, -87.9022450495 30.7024626492, -87.902171049 30.7028906491, -87.9020700496 30.7033126494, -87.9018950488 30.7039406491, -87.9014110491 30.7055926501, -87.9012930491 30.7060276499, -87.9012020489 30.7064526495, -87.9011710489 30.7066516496, -87.9011370495 30.7068816497, -87.9010950488 30.7073156505, -87.9010870493 30.7077286505, -87.901104049 30.7081826507, -87.9011640493 30.7088306503, -87.9012370491 30.7094776508, -87.9016610494 30.7136556516, -87.9016880491 30.7140886519, -87.9017040499 30.714522652, -87.9017040499 30.7149586519, -87.9016910495 30.7153196522, -87.9016650496 30.7157536521, -87.90155505 30.7169016523, -87.90096505 30.7223696533, -87.9007620496 30.7243156536, -87.9005570495 30.726187654, -87.9005320494 30.726355654, -87.9003180501 30.7284166551, -87.9002090503 30.7292806548, -87.9001350498 30.7297086553, -87.9000500503 30.7301346548, -87.8999560497 30.7305596555, -87.8998480497 30.7309796553, -87.8997250497 30.7313956558, -87.89950805 30.7320306553, -87.8993810497 30.7323576561, -87.8991530501 30.7323906558, -87.8990860493 30.7324236556, -87.8990330496 30.7324756558, -87.89888205 30.732799656, -87.8988080494 30.7331436562, -87.8987960498 30.7333476557, -87.8987980494 30.733498656, -87.8988110498 30.7336546557, -87.8988540495 30.733785656, -87.8976700493 30.7368926564, -87.8975100494 30.7372976572, -87.8973370492 30.7376966569, -87.8971510494 30.7380916571, -87.8969560494 30.738480657, -87.8964910491 30.7392996571, -87.896353049 30.739525657, -87.8948020493 30.741823658, -87.8945240485 30.7422526583, -87.8943030486 30.7426266577, -87.8941010489 30.7430126584, -87.893875049 30.7435026585, -87.8937490486 30.7438086587, -87.8936000486 30.7442176583, -87.8934690491 30.7446316583, -87.8933590486 30.745049659, -87.8932660487 30.7454736589, -87.8931970482 30.745899659, -87.8931470489 30.7463326588, -87.8931190484 30.7467676594, -87.8931100491 30.7472036593, -87.8931190484 30.7476356589, -87.8931540486 30.7480686595, -87.8933250492 30.7497326596, -87.8933780489 30.7503856598, -87.8934250487 30.75061766, -87.8934480492 30.7508886601, -87.8934230491 30.75146866, -87.8933940488 30.7519036598, -87.8933750494 30.75210066, -87.8933110489 30.7525746605, -87.8931980489 30.7530636601, -87.8930830493 30.7533686603, -87.8923540485 30.7554156612, -87.8920970486 30.7560876612, -87.8920440489 30.7562476609, -87.8914980483 30.7577436612, -87.8911580486 30.758481662, -87.8909620488 30.7587996616, -87.8907260488 30.7591636619, -87.8904750487 30.7595196619, -87.8894440487 30.7609246626, -87.889191048 30.7612826624, -87.8889520486 30.7616476622, -87.8887480483 30.7620336622, -87.8885620477 30.7624276625, -87.8883700481 30.7629016624, -87.8877350478 30.7647906629, -87.8872800476 30.7660146636, -87.8868000481 30.7672306636, -87.886267048 30.7684476641, -87.8858440475 30.7693556645, -87.8849790471 30.7710496644, -87.8842390473 30.7723726649, -87.8820070464 30.776326666, -87.8810420465 30.7780106665, -87.8800920467 30.7797046669, -87.8795350463 30.7807196668, -87.8792720465 30.7811596674, -87.8791650464 30.781359667, -87.8783970461 30.7827046674, -87.8780880463 30.7832816672, -87.8778910458 30.7836736673, -87.877633046 30.7842686676, -87.877402046 30.7848666679, -87.8771220456 30.7857276685, -87.8770440458 30.786000668, -87.8767270456 30.7872986684, -87.8764500456 30.7885636684, -87.8761930457 30.7898386692, -87.8759200459 30.7911066693, -87.8758160461 30.7915246695, -87.8757020454 30.7919436695, -87.8755750461 30.7923586696, -87.8754330458 30.79277067, -87.8752750456 30.7931746695, -87.8751010456 30.7935696696, -87.8749170454 30.7939576699, -87.8747200458 30.7943376703, -87.8744040454 30.7948936699, -87.8737980455 30.7958506705, -87.872698045 30.7974716707, -87.8719190448 30.7985976709, -87.8709430451 30.8000456718, -87.8702070446 30.8011156718, -87.8698440443 30.8016586715, -87.8687310443 30.8032766726, -87.8676510438 30.8048826723, -87.8673220439 30.8054406725, -87.8670040439 30.806005673, -87.866711044 30.8065826734, -87.8664510437 30.8071786731, -87.8662120443 30.8077916734, -87.8660670436 30.8082026733, -87.8659370439 30.8086146736, -87.8658230441 30.8090316734, -87.865721044 30.8094506735, -87.8655930439 30.8100846736, -87.8653580438 30.8116796741, -87.8653130436 30.811924674, -87.864946044 30.8145316746, -87.8648790441 30.8149616747, -87.8648070441 30.815370675, -87.8647130435 30.8158166751, -87.8645620439 30.816449675, -87.864392044 30.8170766755, -87.8641780438 30.8176916756, -87.8639480436 30.8182966757, -87.8636860437 30.818888676, -87.8634040436 30.8194766756, -87.8618980432 30.8223676769, -87.8617080432 30.8227566771, -87.861545043 30.8231566772, -87.8613990434 30.8235666772, -87.8612810434 30.823982677, -87.8611820428 30.8244076768, -87.8611210436 30.8248376774, -87.8610760434 30.8254856773, -87.8610470431 30.826784678, -87.861037043 30.8280826783, -87.8610210431 30.8287266783, -87.8610000432 30.8306606788, -87.8610300434 30.831520679, -87.8610630439 30.8319536792, -87.8611070434 30.8323846788, -87.8612340436 30.8332216789, -87.8613140439 30.8336306794, -87.8614460442 30.8342066793, -87.8615030441 30.8344316795, -87.861647044 30.8349396797, -87.8617280442 30.8351806796, -87.8614770442 30.8351626797, -87.8612510442 30.8351306794, -87.8610330437 30.8350896798, -87.8606140434 30.8349766792, -87.8602130436 30.8348326792, -87.8598120437 30.8346656791, -87.8594240434 30.8344696796, -87.8590540435 30.8342446794, -87.8583120431 30.8337686794, -87.8579220432 30.8335576791, -87.8577150426 30.8334766791, -87.8575050425 30.8334136793, -87.8570740425 30.8333206793, -87.8562090422 30.833174679, -87.8557860426 30.8330726794, -87.8553750418 30.8329416792, -87.8545650416 30.8326376788, -87.8526760409 30.8318906791, -87.8513600405 30.8313776789, -87.84980804 30.8307766789, -87.84944404 30.8306416791, -87.8492300406 30.830578679, -87.8490220402 30.8305336787))
POLYGON ((-87.8344310365 30.8442686822, -87.8352460366 30.8422606819, -87.8353850366 30.841926682, -87.8355380367 30.8415916821, -87.8357120368 30.8412746813, -87.8358320373 30.841097682, -87.8360490371 30.8408126819, -87.8362810369 30.8405346812, -87.8370980376 30.8396116811, -87.8372030371 30.8395116814, -87.8401530381 30.8362056801, -87.8408780378 30.8354056806, -87.8411400377 30.8351456803, -87.8419370383 30.8343996797, -87.8421650388 30.8341986797, -87.8425310385 30.8338466801, -87.8427310385 30.83364268, -87.8428390385 30.8335186798, -87.8435830385 30.8327156797, -87.8438460391 30.8324596793, -87.8441330392 30.8321466795, -87.8444530389 30.8318626795, -87.8446260391 30.8317326796, -87.8449890393 30.8314956791, -87.8451790393 30.831389679, -87.8455750391 30.8312056791, -87.8459820397 30.8310486789, -87.8475110397 30.830578679, -87.8479370397 30.8304996789, -87.8481620398 30.8304786791, -87.8485180404 30.8304616788, -87.8490220402 30.8305336787, -87.8492300406 30.830578679, -87.84944404 30.8306416791, -87.84980804 30.8307766789, -87.8513600405 30.8313776789, -87.8526760409 30.8318906791, -87.8545650416 30.8326376788, -87.8553750418 30.8329416792, -87.8557860426 30.8330726794, -87.8562090422 30.833174679, -87.8570740425 30.8333206793, -87.8575050425 30.8334136793, -87.8577150426 30.8334766791, -87.8579220432 30.8335576791, -87.8583120431 30.8337686794, -87.8590540435 30.8342446794, -87.8594240434 30.8344696796, -87.8598120437 30.8346656791, -87.8602130436 30.8348326792, -87.8606140434 30.8349766792, -87.8610330437 30.8350896798, -87.8612510442 30.8351306794, -87.8614770442 30.8351626797, -87.8617280442 30.8351806796, -87.8622910445 30.8352136796, -87.8635840444 30.8352436798, -87.8640230448 30.8352376796, -87.8643260448 30.8352256792, -87.8651010447 30.8351456795, -87.8664520454 30.8349136795, -87.8668810457 30.8348536796, -87.8673110459 30.8348106791, -87.8677460452 30.8347906791, -87.8681800455 30.8347856793, -87.8686160455 30.8347986794, -87.8690550459 30.834828679, -87.869573046 30.8348806794, -87.8726020465 30.8352366792, -87.8728580466 30.8352716792, -87.8733500467 30.8353206789, -87.8737800469 30.835344679, -87.8742110478 30.8353386788, -87.8748750474 30.8352696792, -87.8750890477 30.8352276793, -87.8756830479 30.8350186792, -87.8760740477 30.8348556789, -87.8764500483 30.8346576788, -87.8768080476 30.834419679, -87.8771480483 30.8341556789, -87.8811760491 30.8308406779, -87.8818270492 30.8302666781, -87.882131049 30.8299566779, -87.8824200496 30.8296316773, -87.8826880494 30.8292896774, -87.8829370498 30.8289336772, -87.88305405 30.8287506776, -87.8836840493 30.8276106775, -87.8855170499 30.8241666762, -87.88573705 30.8237916761, -87.8860050498 30.8234496762, -87.8863290506 30.8231576762, -87.8866900502 30.822914676, -87.8870830506 30.8227226762, -87.8874980507 30.8225876758, -87.8877100504 30.8225406761, -87.8881440508 30.8224896757, -87.8885800508 30.822477676, -87.8920370519 30.8224746759, -87.9043320551 30.8224876754, -87.9045580551 30.8222356754, -87.9046980548 30.8221366751, -87.9049090556 30.8220656749, -87.9050550552 30.8219666753, -87.9055650557 30.8213726751, -87.9073560557 30.8191876746, -87.9081000557 30.8184236742, -87.9093750561 30.817595674, -87.910478057 30.8168166742, -87.9107280564 30.816465674, -87.9108930571 30.8160416737, -87.9122450567 30.8121946728, -87.9122730571 30.8121966726, -87.912561057 30.8119776729, -87.9137880569 30.8075066716, -87.9167720581 30.8061486716, -87.9187720583 30.8061106711, -87.9225410596 30.8061266711, -87.9223990593 30.8065016715, -87.9222500593 30.8068336713, -87.9219870595 30.8074646711, -87.9217840591 30.8080306713, -87.9216480596 30.8084486719, -87.9213980594 30.8091666719, -87.9213480591 30.8093496718, -87.9212640595 30.8095756715, -87.9211270592 30.809910672, -87.9206320596 30.811224672, -87.920584059 30.8113356722, -87.9202210588 30.8120596724, -87.9197730591 30.8130116724, -87.919676059 30.8132326726, -87.9194830587 30.8137186729, -87.919307059 30.8141246727, -87.919281059 30.8141566732, -87.919050059 30.8143476732, -87.9188580585 30.8145176727, -87.9184330584 30.8149316735, -87.918291059 30.8150866732, -87.9181560584 30.815245673, -87.9180280583 30.8154096733, -87.9178830585 30.8156116731, -87.9176580584 30.8159546737, -87.9175960585 30.8160606731, -87.9174590582 30.8163536737, -87.9173130586 30.8167276737, -87.9171720582 30.8171446737, -87.9170880585 30.8174526739, -87.9169480588 30.8179106739, -87.9167890588 30.8184866739, -87.9167380587 30.8187596738, -87.9165720581 30.8194966742, -87.9164050586 30.819988674, -87.9161660582 30.8208316745, -87.9159660582 30.8215626749, -87.9158480582 30.8220246745, -87.9158300587 30.8221426746, -87.9158230581 30.8222216746, -87.9158420584 30.8226156751, -87.9158220583 30.8228526751, -87.9158220583 30.8231686753, -87.9158550588 30.8234436753, -87.9158890582 30.8238606755, -87.9158780584 30.824148675, -87.9158900581 30.8244356756, -87.9158820586 30.8246156756, -87.9158950581 30.8250116758, -87.9158570584 30.825873676, -87.9158510586 30.8263056757, -87.9158170583 30.8270246762, -87.9156970586 30.8273266756, -87.9156250586 30.827570676, -87.9155290584 30.8280676763, -87.9154570584 30.8285306766, -87.9154060584 30.8287786766, -87.9151550583 30.8296516768, -87.9150810587 30.8300066762, -87.9149860582 30.8306126764, -87.9149170586 30.8308936771, -87.9147320587 30.8314706769, -87.9145630586 30.8319666774, -87.9144700587 30.8322806775, -87.9142990581 30.8328006775, -87.9141310579 30.8332066777, -87.9139490583 30.8336096772, -87.9138350585 30.8342506774, -87.9138040586 30.8345016778, -87.9137570587 30.8347496779, -87.9136410584 30.8354626782, -87.9136180579 30.8356776782, -87.913453058 30.8367116779, -87.9133380584 30.8373146785, -87.9131950583 30.8378036784, -87.9129460579 30.8386026783, -87.9128970584 30.8387406789, -87.9128490587 30.8389156787, -87.9127250579 30.8392586786, -87.912627058 30.8396086784, -87.9124870583 30.8402456787, -87.9123710579 30.8407026791, -87.9123360578 30.8410966793, -87.9123100578 30.8414916791, -87.9122970583 30.8424276795, -87.9122770582 30.8426426794, -87.912232058 30.8429976793, -87.9154410594 30.8430656792, -87.9232940616 30.8431916793, -87.9238540614 30.8431636791, -87.9243900619 30.8431146788, -87.9265510626 30.8428736788, -87.9276070628 30.8426116788, -87.9279150628 30.8425776787, -87.9281690623 30.8425206791, -87.9342840642 30.8404686779, -87.9364360647 30.8398186781, -87.9438820672 30.8373276775, -87.9449170674 30.8370396773, -87.9504960688 30.8449996784, -87.95448107 30.8494136792, -87.960734072 30.8538396802, -87.9670700739 30.8570656808, -87.980976078 30.8618756816, -87.9850490799 30.866506682, -87.9864380802 30.8719496835, -87.98643908 30.8727616839, -87.9864580803 30.8733906836, -87.9864370804 30.8740586836, -87.9864270803 30.8741446841, -87.9864190799 30.8751796839, -87.98631108 30.8756916842, -87.98609008 30.8762866843, -87.98584908 30.8771116847, -87.9855840806 30.8781726849, -87.9852040797 30.8793886849, -87.9849390803 30.8803896853, -87.98452008 30.8814576857, -87.98419708 30.882133686, -87.98407908 30.8824566854, -87.9838730801 30.8828076855, -87.9835050799 30.8835756863, -87.9828450796 30.8846166862, -87.9822790798 30.8854856867, -87.9810590797 30.887230687, -87.9803920797 30.8881506871, -87.979693079 30.888998687, -87.9788470789 30.8899236879, -87.9774420787 30.8914216881, -87.9767550787 30.8921096884, -87.9761570783 30.8927596884, -87.9751970784 30.8936686883, -87.9732180772 30.8953316892, -87.9724220773 30.8960806892, -87.9717290774 30.8966316895, -87.9708570774 30.8972986896, -87.9689030763 30.8986816902, -87.9676930762 30.89960969, -87.9661020754 30.9003126901, -87.9646440755 30.9009186908, -87.9629420753 30.901588691, -87.961579075 30.9022726911, -87.9605290747 30.9027636914, -87.9588480744 30.9039976913, -87.9583840738 30.9045096918, -87.957752074 30.9055666919, -87.9576480734 30.9058876915, -87.9576410737 30.907289692, -87.9574170734 30.9075806921, -87.9571190735 30.9077876919, -87.9563550734 30.9082636921, -87.9560210735 30.9084116922, -87.9557460731 30.9086056924, -87.9555600733 30.9088426927, -87.9555230735 30.9090726925, -87.9555750734 30.9093106928, -87.9559390734 30.910097693, -87.9560440739 30.9106566929, -87.9559030735 30.9112256928, -87.9555750734 30.9113306929, -87.954777073 30.9113306929, -87.9546080729 30.9115026931, -87.9545740735 30.9115036927, -87.9544260734 30.9116936928, -87.954428073 30.9117656933, -87.9544110733 30.9119446932, -87.9544170731 30.9120166935, -87.9544700728 30.9123736931, -87.9545260729 30.9128376937, -87.9545910732 30.9131926934, -87.9546070731 30.9134076933, -87.9546210733 30.9136946933, -87.9545990736 30.9141256939, -87.9546020731 30.9145206941, -87.9545760731 30.915130694, -87.9546340738 30.915486694, -87.9546680732 30.9158806944, -87.9546660736 30.9159166939, -87.9546340738 30.9160576944, -87.9545450732 30.9162576942, -87.9545660731 30.9164366942, -87.9545940736 30.9170476946, -87.9546060733 30.9174786947, -87.9545830737 30.9177296946, -87.9545900734 30.9179096944, -87.9545810732 30.9180166947, -87.9545280735 30.9181906944, -87.9545130734 30.9182616943, -87.9544990731 30.9184046943, -87.9544810736 30.9184746945, -87.954474073 30.9186186945, -87.9545030733 30.9188136944, -87.9544050734 30.9194226945, -87.9541140732 30.9195536952, -87.9532260733 30.920053695, -87.951883073 30.9207906953, -87.9460910712 30.9240066962, -87.9447550706 30.9247426966, -87.9433970703 30.9254326969, -87.9420130701 30.9260666971, -87.9406070701 30.9266506966, -87.9391800694 30.9271756968, -87.9377310688 30.927648697, -87.936273069 30.9280666973, -87.9318600673 30.9292466979, -87.9289140666 30.9300446982, -87.9170860633 30.9332186991, -87.9156210629 30.9336246993, -87.9112000618 30.9348016995, -87.9097390615 30.9352087001, -87.9018550594 30.9373207003, -87.8905620568 30.9403577013, -87.8876130557 30.9411407016, -87.883205055 30.942331702, -87.878291053 30.943640703, -87.8679820506 30.9464157037, -87.8650460499 30.9471997037, -87.8648430495 30.9472657036, -87.8641420501 30.9474647036, -87.8614010485 30.9482027045, -87.8613020487 30.9482347041, -87.8601340484 30.9485207044, -87.8545110475 30.9500297047, -87.8523810467 30.9506237049, -87.8519780463 30.950721705, -87.8518290464 30.9507487053, -87.8507020461 30.9510487055, -87.8492260458 30.9514227055, -87.8477380449 30.9517477052, -87.846234045 30.9520127056, -87.8447090443 30.9522237054, -87.8431790436 30.9523837057, -87.841653044 30.952490706, -87.8401180433 30.9525367059, -87.8318720408 30.9526477059, -87.8298350399 30.9527367065, -87.8285330397 30.9528327061, -87.8272300397 30.9529697062, -87.8260160393 30.9531357065, -87.8244800388 30.9533807063, -87.8230960385 30.9536617068, -87.8225210386 30.9537917069, -87.8220800386 30.9533317068, -87.8216690378 30.9528557067, -87.8215350379 30.9526857069, -87.8212300383 30.9522827066, -87.8209450379 30.9518597061, -87.8206810374 30.9514207063, -87.8202180376 30.9505127064, -87.8188570369 30.9477887053, -87.8184660371 30.9470337054, -87.8181530371 30.9463767056, -87.8178900365 30.9456987052, -87.8177080369 30.944995705, -87.8175670364 30.9442837046, -87.8173890362 30.9432017047, -87.8171970365 30.9421467046, -87.8171040367 30.9417977042, -87.8169710366 30.9414637046, -87.8167960358 30.9411497039, -87.8165850359 30.9408587042, -87.8163400357 30.9405957039, -87.8161260363 30.9404047041, -87.8159530361 30.9402737042, -87.8155880362 30.9400407037, -87.8153330359 30.939901704, -87.8143060352 30.9393717039, -87.8120440351 30.9382227039, -87.8114010345 30.9378897034, -87.8107620341 30.9375507033, -87.8101830339 30.9372277033, -87.8097400342 30.9369697037, -87.8056960326 30.9344987033, -87.8051490323 30.9341737027, -87.8045710329 30.9338137031, -87.802888032 30.9327897025, -87.8003120312 30.9311987027, -87.7999710307 30.9309667026, -87.7992060308 30.9303577028, -87.79718403 30.9282657019, -87.7967560304 30.9278077019, -87.7961510294 30.9270907018, -87.79570603 30.9265127017, -87.7954610298 30.9261557016, -87.7941340295 30.9241717011, -87.7930570285 30.9225407009, -87.7924740282 30.9216307005, -87.7919340284 30.9207417008, -87.7915230285 30.9199567, -87.7914610286 30.9198257007, -87.7907320278 30.9182517003, -87.7896230279 30.9158966992, -87.7879740265 30.9123566989, -87.7874140266 30.9111816984, -87.7870290266 30.9103416986, -87.7868150264 30.9099086987, -87.7871410268 30.909811698, -87.7882220271 30.9094646984, -87.7887680267 30.9092676979, -87.7891700273 30.9091036978, -87.7897260269 30.9088376983, -87.789946027 30.9087166979, -87.790321027 30.9084976981, -87.7906810277 30.9082606977, -87.7910290279 30.907999698, -87.7913650274 30.9077216979, -87.7916840273 30.9074286974, -87.7918360276 30.9072746977, -87.7923730279 30.9066786978, -87.7925120278 30.9064966976, -87.792752028 30.9061416977, -87.7929860284 30.9057776971, -87.7932100278 30.9054056968, -87.7934180282 30.9050266972, -87.7936100278 30.9046366972, -87.7937840279 30.9042376967, -87.7939430279 30.9038336968, -87.7940780285 30.9034206963, -87.7941980282 30.9030026962, -87.7942960281 30.9025796965, -87.7943740279 30.9021506966, -87.794435028 30.901722696, -87.7944840284 30.9012926964, -87.794517028 30.9008586959, -87.7945330279 30.9004246957, -87.7945250284 30.8999866961, -87.7945000283 30.8994966961, -87.7944180283 30.8989416955, -87.7943330279 30.8985166953, -87.7942380284 30.8980936958, -87.7941200275 30.8976756956, -87.7938590282 30.8969426952, -87.793727028 30.8968626953, -87.7932580275 30.8957526952, -87.7926380273 30.8944636946, -87.7918920268 30.8928766942, -87.7917910274 30.8926806941, -87.7909370269 30.8908576938, -87.7906530263 30.8902716942, -87.7890090258 30.8868016931, -87.7889200261 30.8865986929, -87.7882650258 30.8852286931, -87.7879580257 30.8845516931, -87.7887890257 30.8842636929, -87.7894540261 30.8840086928, -87.7898060264 30.8838886926, -87.7899490265 30.8838326928, -87.7923020269 30.883013692, -87.7929740269 30.882772692, -87.793107027 30.8827176924, -87.7932370267 30.882650692, -87.793358027 30.8825726924, -87.7935270271 30.8824326918, -87.7936280274 30.8823236919, -87.7938520268 30.8820326922, -87.7945950269 30.8809706916, -87.7952240273 30.8800926915, -87.7955720275 30.8796316917, -87.7957540279 30.8794106917, -87.7959480272 30.8792006916, -87.7961060274 30.879052691, -87.7962740276 30.8789156913, -87.7964490275 30.8787856913, -87.7966870281 30.8786236913, -87.7969350278 30.8784756914, -87.7971930275 30.8783436908, -87.7974590276 30.8782276911, -87.7976650284 30.8781496909, -87.7978860283 30.8780786913, -87.798042028 30.8780376909, -87.7982690278 30.8779886906, -87.7991530284 30.8778556909, -87.799919029 30.877755691, -87.8001250289 30.877723691, -87.8002640288 30.8776956908, -87.8006060291 30.8776026906, -87.8007420286 30.8775576908, -87.8011410289 30.8773956911, -87.801458029 30.8772336911, -87.8017700292 30.8770546903, -87.8021320296 30.8768136908, -87.8023020295 30.8766756903, -87.8024970295 30.8764926908, -87.802033029 30.8762326909, -87.8013440292 30.8756996904, -87.8011080292 30.8753856905, -87.8010720293 30.87517469, -87.8012440288 30.8747626901, -87.8012700287 30.8746246905, -87.8012700287 30.8744326901, -87.8012060291 30.8738936903, -87.8011170286 30.8723416895, -87.8010340287 30.8719016894, -87.8010020289 30.8715556897, -87.8009960282 30.8708566892, -87.8010090286 30.870620689, -87.801181029 30.8699056893, -87.8012450286 30.8698396893, -87.8012320282 30.869822689, -87.8012640289 30.8697126894, -87.8013820289 30.8694056889, -87.8014290287 30.869181689, -87.8016060283 30.8687306891, -87.8018050285 30.8683356889, -87.8020250286 30.8680516888, -87.8020860287 30.8678826887, -87.8022110284 30.8677066884, -87.8023700293 30.8675636882, -87.8024140287 30.8674956888, -87.8024420292 30.8673276885, -87.8023770289 30.8672246889, -87.8022580291 30.8670186886, -87.802233029 30.8669396885, -87.8022650288 30.8667096885, -87.8066970298 30.8631516871, -87.8074620297 30.8624476872, -87.8075300304 30.8623776876, -87.8076570297 30.861826687, -87.80755303 30.8610836868, -87.80737303 30.8603996872, -87.8073180298 30.8598526866, -87.8074140301 30.8594886866, -87.80759903 30.8594136864, -87.8076460299 30.8592686866, -87.8077620302 30.8587286862, -87.8079960297 30.8583516866, -87.8082280304 30.8580846863, -87.8082750302 30.8578996864, -87.8083910297 30.857713686, -87.80846103 30.8575516859, -87.8083680301 30.8572966864, -87.8084030303 30.856924686, -87.8085300305 30.8566116857, -87.8086110298 30.856356686, -87.8087850299 30.8560896856, -87.8088670299 30.8557536856, -87.8089590299 30.8554286859, -87.8090520298 30.8547436858, -87.8088670299 30.8545586857, -87.8088430305 30.8543616856, -87.8087510304 30.8541876857, -87.8088090301 30.8541176855, -87.80893803 30.8538846857, -87.8089010302 30.8536996854, -87.8088780297 30.8534326853, -87.80889203 30.8532406848, -87.8087850299 30.8531086849, -87.8086420297 30.8528816849, -87.8084650302 30.8526886854, -87.8103260304 30.8524156848, -87.8147050318 30.8517356845, -87.8172010322 30.8513586844, -87.8179100321 30.8512346847, -87.8182650328 30.8511626842, -87.8189700324 30.8510056843, -87.8196700329 30.8508336842, -87.8221640337 30.850196684, -87.8245930343 30.8495526838, -87.8261670345 30.8491286838, -87.8265150346 30.8490236834, -87.8272170348 30.8487906835, -87.827349035 30.848739684, -87.8276740347 30.8485976835, -87.8279950351 30.8484386835, -87.8283130351 30.8482706838, -87.8289450349 30.8479156833, -87.8293900352 30.847655683, -87.8295540352 30.8475696834, -87.8296870353 30.8474866831, -87.8301850352 30.8472066834, -87.8311420356 30.8466846829, -87.8314140356 30.8465406827, -87.832864036 30.845807683, -87.8331380365 30.8456756829, -87.8333580366 30.8455366827, -87.8335620368 30.8453896829, -87.8338320363 30.8451566827, -87.8340770365 30.8448956823, -87.8342770365 30.8445966828, -87.8344310365 30.8442686822))
POLYGON ((-87.8144260294 30.8083346755, -87.8144300296 30.8081156754, -87.8145730297 30.8081166754, -87.8149900295 30.8080966752, -87.8153370298 30.8081026748, -87.81572103 30.8080976751, -87.8162350298 30.8081026748, -87.8167190304 30.8080926747, -87.8184000307 30.8081096751, -87.8196190311 30.8081136748, -87.8199410313 30.8081486747, -87.8205100314 30.8081386746, -87.8212360318 30.8081376747, -87.8251160325 30.8081566749, -87.8255500329 30.8081396746, -87.825693033 30.808122675, -87.8259020323 30.8080816747, -87.8261040329 30.8080136747, -87.826237033 30.8079596745, -87.826365033 30.8078936743, -87.8264860325 30.8078176747, -87.8266020328 30.8077326749, -87.826709033 30.8076376749, -87.8268070329 30.8075326746, -87.8268980331 30.8074206746, -87.8269780326 30.8073016742, -87.8270520331 30.8071726742, -87.8271260327 30.8069896741, -87.8271740333 30.8067086744, -87.8271750331 30.8063506747, -87.8271380333 30.8047746738, -87.8271460328 30.804357674, -87.827181033 30.8039186738, -87.827304033 30.8036586739, -87.8273740333 30.8035366735, -87.8274560333 30.8034116738, -87.8275500331 30.8032966737, -87.8276560334 30.8031956733, -87.8277690333 30.8030996734, -87.8278900328 30.8030146733, -87.8280130328 30.8029416736, -87.8281460329 30.8028756738, -87.8283540333 30.8027996734, -87.8284960336 30.8027616731, -87.8286410334 30.8027346735, -87.8288580331 30.8027076738, -87.8292220332 30.8026866733, -87.8299490334 30.8026666736, -87.8313500343 30.8026436731, -87.8330580344 30.8026136734, -87.8331670341 30.8029006735, -87.834342035 30.8057006738, -87.8345250353 30.8061066744, -87.8347210351 30.8064406739, -87.8348460348 30.8066026739, -87.8349890349 30.806758674, -87.8351400354 30.8069026744, -87.8354830356 30.8071816745, -87.8357300354 30.807343674, -87.8363050354 30.807757674, -87.8366420357 30.8080316743, -87.8367980362 30.8081866744, -87.8369440358 30.8083566747, -87.8370680356 30.8085466748, -87.8371800358 30.8087516742, -87.8373080358 30.8090606742, -87.8378480365 30.8102456745, -87.8380180364 30.810644675, -87.8382290363 30.8112616751, -87.8396210369 30.8155816759, -87.8399830373 30.8167786764, -87.8401120372 30.8172336762, -87.8402080374 30.8176456764, -87.8403050375 30.8181546766, -87.8405780373 30.820661677, -87.8406500373 30.8212086773, -87.8407840372 30.8225576778, -87.8408480376 30.8229856778, -87.8408970372 30.8231956776, -87.840959038 30.8234016779, -87.8410480377 30.823596678, -87.8419410376 30.8250866782, -87.8424440385 30.8259086779, -87.8427550379 30.8264516779, -87.8429410386 30.8268396781, -87.8431140379 30.8272376787, -87.8432560382 30.8276486787, -87.843370038 30.8280676786, -87.8434540386 30.8284936785, -87.8435190389 30.8289236785, -87.8435530383 30.8293646788, -87.8435630384 30.8296666786, -87.8435540391 30.8316666795, -87.8435620386 30.8323296795, -87.8435830385 30.8327156797, -87.8428390385 30.8335186798, -87.8427310385 30.83364268, -87.8425310385 30.8338466801, -87.8421650388 30.8341986797, -87.8419370383 30.8343996797, -87.8411400377 30.8351456803, -87.8408780378 30.8354056806, -87.8401530381 30.8362056801, -87.8372030371 30.8395116814, -87.8370980376 30.8396116811, -87.8362810369 30.8405346812, -87.8360490371 30.8408126819, -87.8358320373 30.841097682, -87.8357120368 30.8412746813, -87.8355380367 30.8415916821, -87.8353850366 30.841926682, -87.8352460366 30.8422606819, -87.8344310365 30.8442686822, -87.8342770365 30.8445966828, -87.8340770365 30.8448956823, -87.8338320363 30.8451566827, -87.8335620368 30.8453896829, -87.8333580366 30.8455366827, -87.8331380365 30.8456756829, -87.832864036 30.845807683, -87.8314140356 30.8465406827, -87.8311420356 30.8466846829, -87.8301850352 30.8472066834, -87.8296870353 30.8474866831, -87.8295540352 30.8475696834, -87.8293900352 30.847655683, -87.8289450349 30.8479156833, -87.8283130351 30.8482706838, -87.8279950351 30.8484386835, -87.8276740347 30.8485976835, -87.827349035 30.848739684, -87.8272170348 30.8487906835, -87.8265150346 30.8490236834, -87.8261670345 30.8491286838, -87.8245930343 30.8495526838, -87.8221640337 30.850196684, -87.8196700329 30.8508336842, -87.8189700324 30.8510056843, -87.8182650328 30.8511626842, -87.8179100321 30.8512346847, -87.8172010322 30.8513586844, -87.8147050318 30.8517356845, -87.8103260304 30.8524156848, -87.8084650302 30.8526886854, -87.8074590294 30.8528446854, -87.8071000293 30.8529076848, -87.806753029 30.8530026856, -87.8064180293 30.8531376855, -87.8061100293 30.8533266855, -87.8058340291 30.8535586857, -87.8053380288 30.8540796855, -87.8046160286 30.8548856856, -87.8043790287 30.8551596855, -87.8041510291 30.8554386857, -87.8037130286 30.8560176864, -87.8035020287 30.8563126857, -87.8033030285 30.8566136861, -87.8017210279 30.8591456865, -87.8017250281 30.8589146869, -87.8017150281 30.8586266868, -87.8017170286 30.8575376863, -87.8017090282 30.8571826863, -87.8017150281 30.8559596861, -87.8017210279 30.855815686, -87.8017130284 30.855395686, -87.8017260279 30.8546746855, -87.8017210279 30.8526406855, -87.8017270278 30.852123685, -87.8017200281 30.8519836855, -87.8017250281 30.8517566851, -87.8017190283 30.851616685, -87.8017180275 30.8509426851, -87.801731028 30.8504406848, -87.8017230276 30.8503286848, -87.8017300281 30.8484136842, -87.8017200281 30.8479386845, -87.8017240274 30.8473726844, -87.8017400282 30.8467536844, -87.8017340274 30.8464346838, -87.8017440275 30.845798684, -87.801736028 30.8451056836, -87.8017480277 30.8447416839, -87.8017580277 30.8446666837, -87.8018060274 30.8444526833, -87.8018760277 30.8442446836, -87.8019640276 30.8440446838, -87.8020990273 30.8437866836, -87.802182028 30.8436666832, -87.8023650274 30.8434396831, -87.8024640281 30.8433276834, -87.8029370279 30.8428726831, -87.8032590281 30.8425756834, -87.8033480278 30.8424796828, -87.803552028 30.8423066832, -87.804183028 30.841729683, -87.8051980282 30.8407706829, -87.8054030282 30.8405906823, -87.8091420293 30.8371166819, -87.8093480292 30.8369136815, -87.8095460296 30.8366976814, -87.8096360291 30.8365846812, -87.8098020297 30.8363476819, -87.8098760293 30.8362216812, -87.8100080295 30.8359586811, -87.8101010294 30.8356846811, -87.8101750299 30.8354026816, -87.8101980295 30.8352586815, -87.81022103 30.8349726814, -87.8102220298 30.8338926808, -87.8102080295 30.8313466801, -87.8102140294 30.8309836804, -87.810206029 30.8308376804, -87.810211029 30.8304746803, -87.8101970297 30.8297476803, -87.8101690292 30.8250116789, -87.8101830294 30.8245026788, -87.810237029 30.8242686791, -87.8102860294 30.8241306785, -87.8103460287 30.8239966784, -87.8104180287 30.8238666787, -87.8104990289 30.8237436787, -87.8106890289 30.8235196787, -87.810796029 30.8234186787, -87.8110280297 30.8232366784, -87.8112870293 30.8230906782, -87.8116050293 30.8229216783, -87.8125790294 30.8224256781, -87.8129070295 30.8222676785, -87.81336103 30.8220366781, -87.81360703 30.8218856779, -87.8137230303 30.8217996783, -87.81383303 30.8217066779, -87.8139380304 30.8216046777, -87.81403303 30.8214956781, -87.81412003 30.8213796783, -87.8142000304 30.8212586778, -87.8143180304 30.8209986778, -87.8143650302 30.8208636781, -87.8144010302 30.8207256781, -87.81443303 30.8204436779, -87.8144400297 30.8193586776, -87.81443303 30.8186356775, -87.8144470302 30.8173576773, -87.8144310295 30.8162716771, -87.8144130299 30.8137416761, -87.8144410295 30.8130076759, -87.8144370293 30.8118436758, -87.8144170292 30.8109756761, -87.8144250296 30.810279676, -87.8144040297 30.808699675, -87.8144260294 30.8083346755))
POLYGON ((-87.7783970225 30.8660516891, -87.7775240218 30.8647936887, -87.7772910222 30.8644276888, -87.776974022 30.8638896884, -87.7768840216 30.8636656887, -87.7767350216 30.8631796884, -87.7766720218 30.8628986881, -87.7766420217 30.8626586887, -87.7766320217 30.8625366885, -87.7766110217 30.860907688, -87.776610021 30.8600106876, -87.7766210209 30.8593606875, -87.7766170216 30.8584226877, -87.776610021 30.8582026876, -87.7766170216 30.8575526876, -87.7766250211 30.857409687, -87.7766090212 30.8548546866, -87.7766090212 30.8531416865, -87.7766020206 30.8526436863, -87.7765630212 30.8519096858, -87.7765030209 30.8514076859, -87.7763870205 30.8506106859, -87.7762530206 30.8499776853, -87.7760240203 30.8489906851, -87.7759040207 30.8484216849, -87.775820021 30.8479236849, -87.7757410205 30.8473486851, -87.7756750203 30.8467746853, -87.7756370207 30.8463436847, -87.7754940206 30.8442006847, -87.7752950204 30.8409746833, -87.7752470198 30.8398346833, -87.7752450202 30.8396076834, -87.7752220197 30.8390656834, -87.7752070196 30.838055683, -87.7752180195 30.8370986825, -87.7752180195 30.8362136826, -87.7753150196 30.8336866822, -87.7753610196 30.8321616816, -87.7754730198 30.8293466809, -87.77547702 30.8286086808, -87.7754530197 30.8281016807, -87.7753890192 30.8275996805, -87.7752850195 30.8271036806, -87.7751580192 30.8266146802, -87.775000019 30.8261316804, -87.773933019 30.8232756796, -87.7737940191 30.8228646794, -87.7736480186 30.8223976796, -87.7734720189 30.8217726794, -87.7732800184 30.8208506792, -87.7731120181 30.8196976787, -87.772923018 30.8182856784, -87.772841018 30.8177856789, -87.7727470183 30.8172966789, -87.772451018 30.816094678, -87.7721660185 30.815058678, -87.7720160178 30.8146056777, -87.7710320176 30.8111876772, -87.7701650176 30.8082676764, -87.7697480169 30.8068016762, -87.7694870168 30.8058196762, -87.7693720172 30.8053256757, -87.7690740164 30.803833676, -87.7689200164 30.8028316752, -87.7687820163 30.8018306756, -87.7687110162 30.8011886751, -87.7686930166 30.8009406748, -87.7686900162 30.8005166753, -87.7687210162 30.7999426748, -87.768799016 30.7993686748, -87.7688870168 30.7989416745, -87.7690610169 30.7983126743, -87.7692690164 30.7976926743, -87.7702640164 30.7948146737, -87.7703190167 30.7946156736, -87.7704110167 30.7943436739, -87.7705360164 30.7938116738, -87.770697017 30.7930126731, -87.7710680167 30.7909476728, -87.7710980168 30.7908056726, -87.7711730163 30.7905326728, -87.7715060164 30.7896346728, -87.771754017 30.7891096723, -87.7719960168 30.7886676723, -87.7722290173 30.7883006721, -87.7725520174 30.7878546724, -87.772754017 30.7875996722, -87.7730910173 30.7872216717, -87.7734480168 30.7868626718, -87.7738170169 30.7865166718, -87.7801790187 30.7804446703, -87.7806770186 30.7799226704, -87.7810930185 30.7794216703, -87.7814010194 30.7789786695, -87.7815070188 30.7787966699, -87.7817430188 30.7783096696, -87.7819650195 30.7777036698, -87.7821590187 30.776929669, -87.7830160196 30.7730396684, -87.7832230193 30.7722706687, -87.7834200189 30.7717236684, -87.7835950197 30.7713246684, -87.783938019 30.7706846678, -87.7842550192 30.7701986676, -87.7845590198 30.7697916679, -87.7852370197 30.7690366678, -87.7869990202 30.767422667, -87.7872090203 30.7672226669, -87.7876610202 30.7667556669, -87.7879370204 30.766419667, -87.7882300203 30.7660086668, -87.7884150202 30.7657006669, -87.7886700205 30.7651776662, -87.7888820202 30.7646306666, -87.7892690207 30.7634166661, -87.7893940204 30.7629726661, -87.7902360203 30.7601636652, -87.7917280205 30.7552336642, -87.7919180204 30.7546316639, -87.7921010207 30.754003664, -87.793095021 30.7507126631, -87.7933230215 30.7499306633, -87.7934360215 30.7495876634, -87.7936220212 30.7489486631, -87.7937140213 30.7486006631, -87.7937850214 30.7482466624, -87.7938620214 30.7475366622, -87.7938780213 30.7471696625, -87.7938630213 30.7465186626, -87.7938280211 30.7460406624, -87.7937630208 30.7459756619, -87.7936980214 30.7452746617, -87.7934270203 30.7429546617, -87.7933920211 30.7425546615, -87.7973210222 30.7428876611, -87.7977540218 30.7429076617, -87.7989060222 30.7428996615, -87.799338022 30.7429126617, -87.7995540228 30.7429346612, -87.7997660226 30.7429726611, -87.7999760226 30.7430236612, -87.800184023 30.7430846612, -87.8003890231 30.7431526616, -87.8007540229 30.7432886613, -87.8010610231 30.743423661, -87.801441023 30.7436366612, -87.8015650229 30.7437126613, -87.802031023 30.7440306618, -87.8033100237 30.7448816614, -87.803662024 30.7451356615, -87.8039990234 30.745412662, -87.8043230242 30.7457056617, -87.8045760239 30.7459626621, -87.804914024 30.7463376617, -87.8051840243 30.7466756618, -87.8054350244 30.7470316617, -87.8072700247 30.7497136625, -87.8079910251 30.7507986629, -87.8086090256 30.7516926627, -87.8088790251 30.7520356629, -87.8091730257 30.7523546627, -87.8095700254 30.7527046633, -87.8097700254 30.7528526633, -87.810131026 30.7531006633, -87.810372026 30.7532446631, -87.8106020261 30.753378663, -87.8115460261 30.753901663, -87.8117320259 30.7540176632, -87.8120930265 30.7542586637, -87.8124370264 30.7545266637, -87.8127560263 30.7548226634, -87.8130460267 30.7551426637, -87.8133130267 30.755482664, -87.8135600265 30.7558406639, -87.813778027 30.7562166641, -87.8139520271 30.7566106642, -87.8140950272 30.7570206639, -87.8142050268 30.7574396637, -87.8142700271 30.7578686639, -87.8143040274 30.7582956643, -87.8143440276 30.7606746649, -87.8143570271 30.7611026649, -87.8143900277 30.7615366648, -87.8144910279 30.7621106652, -87.8145740278 30.7624866648, -87.8146980276 30.7629056655, -87.8148480274 30.7633116654, -87.8150200278 30.7637046654, -87.8152270275 30.7640926658, -87.815763028 30.7650426653, -87.8182570288 30.7693996668, -87.8186320287 30.7700696665, -87.818692029 30.7701596665, -87.8199190298 30.7722966673, -87.8202580297 30.772852667, -87.8203820295 30.7730306673, -87.8206550294 30.7733676676, -87.8209430301 30.7736936674, -87.8212450303 30.7740046673, -87.8215580303 30.7743066674, -87.8218920302 30.7745806673, -87.8222400303 30.7748346678, -87.8226020307 30.7750836678, -87.8229710308 30.7753186679, -87.8233530304 30.775526668, -87.8237510308 30.7757176676, -87.8241560308 30.7758876675, -87.824540031 30.7760346679, -87.8255940315 30.7764116681, -87.8262080318 30.7766396679, -87.8266070311 30.7768126676, -87.8270010313 30.7770056676, -87.8273780317 30.7772156675, -87.8277450321 30.7774436677, -87.8281060318 30.7776816682, -87.8284580322 30.7779406679, -87.8287950325 30.7782206682, -87.8291170327 30.7785176678, -87.8294260325 30.778827668, -87.8297140323 30.7791536686, -87.8299820321 30.7794956687, -87.8302310326 30.7798526686, -87.8304680324 30.7802226686, -87.8306770326 30.7806056683, -87.8308500329 30.7809986687, -87.831147033 30.7817776687, -87.8311810333 30.7818846689, -87.8312630333 30.7822386687, -87.8313320329 30.7826646689, -87.8313740328 30.7830736693, -87.8314000327 30.7834126688, -87.8314120333 30.7838556692, -87.8314260335 30.78579367, -87.831434033 30.790157671, -87.8314560337 30.7939146712, -87.8314530333 30.7958606719, -87.8313710342 30.801684673, -87.8313500343 30.8026436731, -87.8299490334 30.8026666736, -87.8292220332 30.8026866733, -87.8288580331 30.8027076738, -87.8286410334 30.8027346735, -87.8284960336 30.8027616731, -87.8283540333 30.8027996734, -87.8281460329 30.8028756738, -87.8280130328 30.8029416736, -87.8278900328 30.8030146733, -87.8277690333 30.8030996734, -87.8276560334 30.8031956733, -87.8275500331 30.8032966737, -87.8274560333 30.8034116738, -87.8273740333 30.8035366735, -87.827304033 30.8036586739, -87.827181033 30.8039186738, -87.8271460328 30.804357674, -87.8271380333 30.8047746738, -87.8271750331 30.8063506747, -87.8271740333 30.8067086744, -87.8271260327 30.8069896741, -87.8270520331 30.8071726742, -87.8269780326 30.8073016742, -87.8268980331 30.8074206746, -87.8268070329 30.8075326746, -87.826709033 30.8076376749, -87.8266020328 30.8077326749, -87.8264860325 30.8078176747, -87.826365033 30.8078936743, -87.826237033 30.8079596745, -87.8261040329 30.8080136747, -87.8259020323 30.8080816747, -87.825693033 30.808122675, -87.8255500329 30.8081396746, -87.8251160325 30.8081566749, -87.8212360318 30.8081376747, -87.8205100314 30.8081386746, -87.8199410313 30.8081486747, -87.8196190311 30.8081136748, -87.8184000307 30.8081096751, -87.8167190304 30.8080926747, -87.8162350298 30.8081026748, -87.81572103 30.8080976751, -87.8153370298 30.8081026748, -87.8149900295 30.8080966752, -87.8145730297 30.8081166754, -87.8144300296 30.8081156754, -87.8144260294 30.8083346755, -87.8144040297 30.808699675, -87.8144250296 30.810279676, -87.8144170292 30.8109756761, -87.8144370293 30.8118436758, -87.8144410295 30.8130076759, -87.8144130299 30.8137416761, -87.8144310295 30.8162716771, -87.8144470302 30.8173576773, -87.81443303 30.8186356775, -87.8144400297 30.8193586776, -87.81443303 30.8204436779, -87.8144010302 30.8207256781, -87.8143650302 30.8208636781, -87.8143180304 30.8209986778, -87.8142000304 30.8212586778, -87.81412003 30.8213796783, -87.81403303 30.8214956781, -87.8139380304 30.8216046777, -87.81383303 30.8217066779, -87.8137230303 30.8217996783, -87.81360703 30.8218856779, -87.81336103 30.8220366781, -87.8129070295 30.8222676785, -87.8125790294 30.8224256781, -87.8116050293 30.8229216783, -87.8112870293 30.8230906782, -87.8110280297 30.8232366784, -87.810796029 30.8234186787, -87.8106890289 30.8235196787, -87.8104990289 30.8237436787, -87.8104180287 30.8238666787, -87.8103460287 30.8239966784, -87.8102860294 30.8241306785, -87.810237029 30.8242686791, -87.8101830294 30.8245026788, -87.8101690292 30.8250116789, -87.8101970297 30.8297476803, -87.810211029 30.8304746803, -87.810206029 30.8308376804, -87.8102140294 30.8309836804, -87.8102080295 30.8313466801, -87.8102220298 30.8338926808, -87.81022103 30.8349726814, -87.8101980295 30.8352586815, -87.8101750299 30.8354026816, -87.8101010294 30.8356846811, -87.8100080295 30.8359586811, -87.8098760293 30.8362216812, -87.8098020297 30.8363476819, -87.8096360291 30.8365846812, -87.8095460296 30.8366976814, -87.8093480292 30.8369136815, -87.8091420293 30.8371166819, -87.8054030282 30.8405906823, -87.8051980282 30.8407706829, -87.804183028 30.841729683, -87.803552028 30.8423066832, -87.8033480278 30.8424796828, -87.8032590281 30.8425756834, -87.8029370279 30.8428726831, -87.8024640281 30.8433276834, -87.8023650274 30.8434396831, -87.802182028 30.8436666832, -87.8020990273 30.8437866836, -87.8019640276 30.8440446838, -87.8018760277 30.8442446836, -87.8018060274 30.8444526833, -87.8017580277 30.8446666837, -87.8017480277 30.8447416839, -87.801736028 30.8451056836, -87.8017440275 30.845798684, -87.8017340274 30.8464346838, -87.8017400282 30.8467536844, -87.8017240274 30.8473726844, -87.8017200281 30.8479386845, -87.8017300281 30.8484136842, -87.8017230276 30.8503286848, -87.801731028 30.8504406848, -87.8017180275 30.8509426851, -87.8017190283 30.851616685, -87.8017250281 30.8517566851, -87.8017200281 30.8519836855, -87.8017270278 30.852123685, -87.8017210279 30.8526406855, -87.8017260279 30.8546746855, -87.8017130284 30.855395686, -87.8017210279 30.855815686, -87.8017150281 30.8559596861, -87.8017090282 30.8571826863, -87.8017170286 30.8575376863, -87.8017150281 30.8586266868, -87.8017250281 30.8589146869, -87.8017210279 30.8591456865, -87.8006210283 30.8609126872, -87.8004240277 30.8612156873, -87.800212028 30.8615086873, -87.7999600281 30.8617736871, -87.7994380279 30.8621946879, -87.7985210276 30.8628726878, -87.7982200273 30.8630776876, -87.7979060275 30.8632576876, -87.7975820277 30.8634216876, -87.7972490276 30.8635686875, -87.7969120273 30.8637076878, -87.7962320269 30.8639676878, -87.7958900266 30.8640886884, -87.7956080265 30.8641756879, -87.7951930264 30.8642916884, -87.7944920261 30.8644766883, -87.793441026 30.8647506886, -87.7920330255 30.8650976883, -87.790973026 30.8653816886, -87.7901740258 30.8655836889, -87.7897520251 30.8656766885, -87.7895080256 30.8657196882, -87.7891120249 30.8657456886, -87.788757025 30.8657516884, -87.7878840252 30.8657506883, -87.7878050246 30.8657556888, -87.7867380246 30.8657606886, -87.7863030244 30.8657516884, -87.7855890236 30.8657526885, -87.7848580241 30.8657906885, -87.7846470242 30.8658316888, -87.7844420241 30.8659016889, -87.7839460239 30.8661296891, -87.7837930237 30.8661926891, -87.7836540238 30.8662326891, -87.7835070235 30.8662626889, -87.7833610239 30.8662786889, -87.7797950221 30.8662906893, -87.7792810223 30.8663126891, -87.7792270228 30.8663396893, -87.7791630223 30.8663476893, -87.7786600223 30.8664056895, -87.7786060219 30.8663946892, -87.7783970225 30.8660516891))
POLYGON ((-87.6492979861 30.8671796935, -87.6489369864 30.8671756939, -87.6474819861 30.8671906936, -87.6456539854 30.8672196938, -87.6452909852 30.8672296939, -87.6449299846 30.8672616936, -87.6445859847 30.8673346937, -87.6420619846 30.8672236942, -87.6389219837 30.8676556943, -87.6383169828 30.8678156941, -87.6381209829 30.8680136944, -87.637904983 30.8679936943, -87.6375209829 30.8680836944, -87.6372199826 30.8680936944, -87.6368999829 30.8679416941, -87.6369169826 30.8676096943, -87.6367089831 30.8673676942, -87.6363869829 30.8670286941, -87.6361199829 30.8663906942, -87.6358929823 30.866140694, -87.6357229824 30.8660356937, -87.6354879822 30.8659966937, -87.6351509819 30.8661686937, -87.6349539823 30.8661446936, -87.6348409823 30.8661126936, -87.6347729825 30.8660766939, -87.634729982 30.865814694, -87.6347489822 30.8656156938, -87.6345489822 30.8654266934, -87.633918982 30.8652676935, -87.6336569821 30.8651516934, -87.6336349815 30.8649796939, -87.6337589822 30.8647986939, -87.6336219819 30.8646546939, -87.6329299818 30.8646126938, -87.632467981 30.8643976938, -87.632287981 30.8641906935, -87.6322659813 30.8639196936, -87.6321809809 30.8637756938, -87.6319609808 30.8637316938, -87.6318349813 30.8636866937, -87.6318119808 30.8634426933, -87.6319469815 30.8631986932, -87.631882981 30.8630816935, -87.6317149808 30.8630636935, -87.6315059814 30.863119693, -87.631451981 30.8629116929, -87.6315549809 30.8625226935, -87.6315629813 30.8621876931, -87.6313739812 30.8621436931, -87.6310499813 30.8622896933, -87.6307249807 30.8622736934, -87.630430981 30.8621756929, -87.630271981 30.8618056932, -87.6300709803 30.8614546933, -87.6296169807 30.8610496933, -87.6289959798 30.8606006932, -87.6288069806 30.8604756929, -87.6286899804 30.8602586926, -87.6286259799 30.860087693, -87.6283749799 30.8600436929, -87.6281239798 30.8601716926, -87.6278729797 30.8601906926, -87.6277879802 30.860082693, -87.6277969796 30.8598746925, -87.6276389803 30.8596766924, -87.6272069795 30.8592356926, -87.6271409794 30.8588746924, -87.6269399796 30.8584866921, -87.6268229794 30.8581896922, -87.6268209798 30.8579366924, -87.6267249795 30.8577286926, -87.6262429794 30.8576676921, -87.6260109796 30.8574436926, -87.6260069794 30.8568376922, -87.6260159797 30.8565216919, -87.6259089795 30.856232692, -87.6257289787 30.8559626921, -87.625716979 30.8557186922, -87.625819979 30.855446692, -87.6259549796 30.8552476918, -87.6259539788 30.8551386919, -87.6256699792 30.8548786918, -87.625480979 30.8548526916, -87.6252299789 30.8548356918, -87.6250769788 30.8546646918, -87.6250949792 30.8542396918, -87.6251969793 30.8539046917, -87.6254779786 30.8535866913, -87.6254969789 30.8532886913, -87.6254019794 30.8530996913, -87.6255369791 30.8529356914, -87.6257879792 30.8528446916, -87.6259229789 30.8526996911, -87.6259599787 30.852021691, -87.6259989791 30.8514876913, -87.6259799788 30.8510356912, -87.6263029788 30.8507726908, -87.6264059788 30.8505276905, -87.6264049789 30.8502656906, -87.6263819794 30.8499406908, -87.6265269791 30.8497136902, -87.6267249795 30.8496046901, -87.6269139796 30.8496306902, -87.6270279794 30.8495666907, -87.6270889795 30.8491416904, -87.627076979 30.8489336901, -87.626927979 30.8486456901, -87.6269269792 30.8484646901, -87.6270719789 30.8482566898, -87.6270609791 30.8480936904, -87.6269809787 30.84783169, -87.6266839786 30.8473096898, -87.6264209788 30.8471836897, -87.6262009787 30.8471486902, -87.6261579791 30.8470226898, -87.626229979 30.8467686896, -87.6262289792 30.84666969, -87.6259239787 30.8464636895, -87.6256089791 30.8463836899, -87.6254719788 30.8462126895, -87.6254609789 30.8460586894, -87.6253449786 30.8459506901, -87.6250109787 30.8461016895, -87.6248409788 30.8461666901, -87.6246189781 30.8460576899, -87.624429978 30.8457866896, -87.6243099783 30.84569869, -87.6241319781 30.8457286901, -87.6239029786 30.8458106901, -87.6237749786 30.8457676898, -87.6233459782 30.84536569, -87.6232159776 30.8450066899, -87.6229759774 30.8446986894, -87.6229149782 30.8445006896, -87.6228209776 30.8444206892, -87.6226509778 30.8444216895, -87.6225399774 30.8443926893, -87.6224449779 30.8443116892, -87.6224019773 30.8441436892, -87.622459978 30.843849689, -87.6221509773 30.843600689, -87.6216889773 30.843213689, -87.6213489775 30.843222689, -87.6211439775 30.8431946896, -87.621023977 30.8431216896, -87.6210149776 30.8430556889, -87.6211679769 30.8428856891, -87.6212009774 30.8427976892, -87.6209959774 30.8426146891, -87.6206539771 30.842403689, -87.6204059774 30.8422646895, -87.6203019767 30.842052689, -87.6202419773 30.8419056893, -87.6200969767 30.841869689, -87.6198499768 30.8418636892, -87.6195599764 30.8417836889, -87.6193039763 30.8416386887, -87.6192369763 30.841836689, -87.6191689766 30.8419546887, -87.6190079769 30.8419626892, -87.618904977 30.841904689, -87.6189289764 30.8416696888, -87.6189069766 30.8415076886, -87.6189569768 30.841287689, -87.618827977 30.8411116886, -87.6186059763 30.8410246889, -87.6183759762 30.8410106885, -87.6181969761 30.8409526892, -87.6180929763 30.8407846887, -87.6179299761 30.8406016886, -87.6174189757 30.8404796889, -87.6170769763 30.8403336887, -87.6169909761 30.8402026891, -87.6171759761 30.839841689, -87.6171409759 30.8396796887, -87.6168849758 30.8395116883, -87.616344976 30.8390446885, -87.6161829757 30.8388766885, -87.6161599761 30.8387146882, -87.6162429759 30.8383466882, -87.6162759755 30.8381486884, -87.6162149754 30.8380386879, -87.6160869754 30.837906688, -87.6158649756 30.8378786885, -87.6156179758 30.8378136885, -87.6154979752 30.8377266882, -87.6153779756 30.8375646882, -87.6154789758 30.8373956883, -87.6155119755 30.8372416879, -87.6151429754 30.8367436877, -87.614944975 30.8364356877, -87.6149529754 30.8362376878, -87.615057975 30.8361556881, -87.6152459753 30.8361406881, -87.6152449755 30.8359936878, -87.6151149749 30.8357076876, -87.6150539757 30.8354946877, -87.6151639753 30.8352886879, -87.6154279758 30.8353166881, -87.6156739758 30.8352646879, -87.6157149758 30.8350366876, -87.6155949753 30.8348166878, -87.6153879756 30.8344946879, -87.6152499755 30.8342156878, -87.615062975 30.8341436876, -87.6148669752 30.8342176879, -87.6147659749 30.8342916873, -87.614662975 30.8341896874, -87.6144669752 30.8341096876, -87.6142109751 30.8341106872, -87.613964975 30.8341626873, -87.6137259747 30.8340836872, -87.6128289745 30.8336326872, -87.6123169743 30.8333996878, -87.6120479747 30.8333126874, -87.6119119743 30.8332916874, -87.6117589741 30.8334096876, -87.6115889742 30.8334766876, -87.6114099741 30.8334186877, -87.6112299742 30.8332726875, -87.610758974 30.8327166871, -87.6105869736 30.8325626877, -87.610399974 30.8325126876, -87.6101099736 30.8325066873, -87.6099069741 30.8326546872, -87.6097289738 30.8328016872, -87.6093719734 30.832818687, -87.6090309738 30.8327396873, -87.6086719729 30.832645687, -87.6085349735 30.8324256872, -87.6083289737 30.8321766876, -87.6074619728 30.8317766873, -87.6070519727 30.8315726874, -87.6068219725 30.8314196874, -87.606649973 30.8312516872, -87.606377973 30.8312086874, -87.6061649726 30.8312096871, -87.6059009721 30.8311816873, -87.6057129727 30.8310576869, -87.6055669722 30.8309036872, -87.605490972 30.8309556874, -87.605398972 30.8311916872, -87.6052889724 30.8313906872, -87.6050419725 30.8313326875, -87.6048709719 30.831157687, -87.6047259721 30.8311356868, -87.6045569721 30.831408687, -87.6043189724 30.8314246874, -87.6041129716 30.8311756876, -87.6038459717 30.8307216872, -87.6034949721 30.8302256873, -87.6031199712 30.8296736866, -87.6029399713 30.8293806865, -87.6028529713 30.8291686869, -87.6029119717 30.8289916868, -87.6030989713 30.8289546866, -87.6030969717 30.8287186867, -87.6030519715 30.8283596868, -87.6030419714 30.8281026866, -87.6028879714 30.8279116869, -87.6027859713 30.8272586862, -87.6030059714 30.8270296864, -87.6031579718 30.8268016866, -87.6031569719 30.8267656861, -87.6030509716 30.8265706863, -87.6026979715 30.8264286862, -87.6022719715 30.8263346859, -87.6021229715 30.8262396865, -87.6020479712 30.8260636862, -87.6020469714 30.8258566857, -87.6021749714 30.8256316863, -87.6021919711 30.825472686, -87.6016549708 30.8253946861, -87.6015069707 30.8253476863, -87.6014119711 30.8250766861, -87.6013519709 30.8243096855, -87.6012359705 30.8235116859, -87.6010459706 30.8227296854, -87.6008549708 30.8217566851, -87.600796971 30.8212936853, -87.6005349702 30.8209276852, -87.6001069706 30.8205136848, -87.5996619703 30.8204686853, -87.5992349705 30.8202306849, -87.59865797 30.8197536851, -87.5982859696 30.8193566849, -87.59789397 30.8189106851, -87.5975219695 30.8186246849, -87.5969279693 30.8183086844, -87.5965389692 30.8181986843, -87.5962799696 30.8181676843, -87.5960579689 30.8182806847, -87.595872969 30.8182016846, -87.5956659693 30.8176756844, -87.595128969 30.8176456849, -87.5946289685 30.8175676848, -87.5941469685 30.8175066842, -87.594071969 30.8173626842, -87.5941819686 30.8172506842, -87.5943139689 30.8171626847, -87.5943689691 30.8170816848, -87.5943499688 30.8170186842, -87.5942119688 30.8169336848, -87.5939299687 30.8169146847, -87.5937409686 30.8169656842, -87.5936469689 30.8169456844, -87.5935979685 30.816691684, -87.593502968 30.8164386844, -87.5933369683 30.8163876846, -87.5931959679 30.816480684, -87.5930789686 30.8165116846, -87.5929839682 30.8164096843, -87.5927339679 30.8160046839, -87.5925219682 30.8159746846, -87.5923219682 30.8160976844, -87.5920749683 30.8160986843, -87.5918979679 30.8160186841, -87.5916619679 30.8159586847, -87.5913559675 30.8160206846, -87.5910259678 30.8160526843, -87.5908489674 30.8160026842, -87.5905529671 30.8157396842, -87.5903999678 30.8158626844, -87.5901999678 30.8159246844, -87.5900699672 30.8157926841, -87.5896549671 30.8154386845, -87.5892889674 30.8152266842, -87.5888049668 30.8151276844, -87.5885109671 30.8150986839, -87.5882509668 30.8150896844, -87.588085967 30.8150496839, -87.5879439667 30.8149276841, -87.5878029671 30.8149186846, -87.5876739663 30.8150916841, -87.5875339666 30.8152446839, -87.5872859669 30.8152056841, -87.5872379663 30.8150226846, -87.5872819667 30.8146466844, -87.5872929666 30.814422684, -87.5871279667 30.814433684, -87.5869399664 30.8145666838, -87.5868689662 30.8144646845, -87.5868669666 30.8141496841, -87.5867239665 30.8139466837, -87.5864759659 30.8138266837, -87.5861229666 30.8138276844, -87.5857799665 30.8136156836, -87.5856259665 30.8135556842, -87.5854139659 30.8135566841, -87.5852149657 30.8137196843, -87.5850739661 30.8137306837, -87.5847539656 30.8135496842, -87.5845529657 30.8133366837, -87.5843399653 30.8131956841, -87.5841989657 30.8131956841, -87.5840819655 30.8133486838, -87.583858966 30.8134926836, -87.5836459655 30.8134326842, -87.5835619659 30.8131886841, -87.5835609651 30.8128936841, -87.5834719654 30.8128126837, -87.5831999655 30.8127736837, -87.5828349656 30.8127956842, -87.5825639654 30.8127256839, -87.5822459654 30.8127466838, -87.581914965 30.8125756836, -87.5818079648 30.812321684, -87.5815469647 30.8121606836, -87.5811689644 30.8119586834, -87.581026965 30.8118166834, -87.5810259643 30.8116746839, -87.5810949648 30.811430684, -87.5809879647 30.8113086835, -87.5807639644 30.8112686837, -87.5803869648 30.8112706835, -87.5801749642 30.8112916837, -87.5801279643 30.8111906839, -87.5802679641 30.8109966832, -87.5803019644 30.8108646839, -87.5802549646 30.8107726836, -87.5801019644 30.8107636837, -87.5797609639 30.8108866833, -87.5795719647 30.8108976837, -87.5793819638 30.8106246839, -87.578954964 30.8100976832, -87.5787999642 30.8098846836, -87.5787279642 30.8096306831, -87.5786089635 30.8093976833, -87.5784429638 30.8091646829, -87.5778579638 30.8088616835, -87.5776809634 30.8088426834, -87.577492964 30.8088836834, -87.5772209631 30.8087836833, -87.5769479633 30.8085306829, -87.5766039633 30.8081246833, -87.5765089629 30.8078606827, -87.5766119637 30.8074536826, -87.5766799635 30.8069446828, -87.5763949631 30.8065806828, -87.5762289634 30.8064696825, -87.5760399632 30.8064086825, -87.5758169628 30.8064506827, -87.5755569634 30.8063196824, -87.5749759627 30.8056616824, -87.5747619624 30.8053366822, -87.5745419623 30.8050636827, -87.574681963 30.8047266823, -87.5745979624 30.8044936822, -87.5743829623 30.8040676823, -87.5742859622 30.8036106819, -87.5741069621 30.8032756819, -87.5735039626 30.8028816822, -87.5731259623 30.8027206821, -87.5727129619 30.8026206818, -87.5724889616 30.802540682, -87.5723349616 30.8023986819, -87.5722749622 30.8021246818, -87.572378962 30.8019106815, -87.5726009617 30.8015536817, -87.5726119616 30.8014006817, -87.5723399616 30.8011476819, -87.5720799622 30.8010876817, -87.5719139616 30.8009356817, -87.5718889615 30.8006106816, -87.5718869619 30.8003766816, -87.5717569613 30.8002046817, -87.5714739614 30.8001446817, -87.5711789619 30.8001356816, -87.5708859611 30.8002996814, -87.5705929611 30.8005756813, -87.570439961 30.8005866814, -87.5703559613 30.8004446815, -87.5702249609 30.8001506818, -87.5700709609 30.8000396817, -87.5698939614 30.8000296816, -87.5697069609 30.8002336814, -87.5695439607 30.8004986813, -87.5693789608 30.8004796819, -87.5691539607 30.8003376819, -87.5687999607 30.8001866815, -87.5684929605 30.8001676812, -87.5682569605 30.8001186813, -87.5680669606 30.7998246814, -87.5678769606 30.7996016811, -87.5678759608 30.7993466812, -87.5680159605 30.7991736811, -87.5679329607 30.7989806817, -87.5680499608 30.7988276814, -87.5681789607 30.7987556809, -87.5680949601 30.7985936816, -87.5677989608 30.798350681, -87.5676329602 30.798056681, -87.5673729599 30.7980276815, -87.5670559606 30.7980896814, -87.56684396 30.7980606811, -87.5663089602 30.7973196812, -87.5658119601 30.7969966806, -87.5656349597 30.796906681, -87.5655289594 30.7968146812, -87.5654219601 30.7967646811, -87.5651989597 30.796826681, -87.5649989596 30.7968076809, -87.5646069591 30.7964496806, -87.5638799588 30.7962726812, -87.5636999589 30.796143681, -87.5636779592 30.7958086804, -87.5634779591 30.7956036804, -87.5630189587 30.7954076806, -87.5629669588 30.7951336807, -87.5627269586 30.7949536809, -87.5625569587 30.7948686805, -87.5626359592 30.7946276806, -87.5626239587 30.7943616806, -87.5622449585 30.7942936802, -87.561985959 30.7941316803, -87.5617749582 30.7938496807, -87.5613549581 30.7935586803, -87.5611649581 30.7933536802, -87.5609639582 30.7930966805, -87.5609439582 30.79297668, -87.5609419585 30.79270168, -87.5611589582 30.7923826804, -87.5608799586 30.7923066801, -87.5604619581 30.7922736801, -87.5601919578 30.7921626802, -87.5600029576 30.7920606803, -87.5598819581 30.7918636801, -87.5597249578 30.7914346802, -87.5592759574 30.7912736802, -87.5589369574 30.7911716801, -87.5589059575 30.7909736795, -87.5592129576 30.79063768, -87.559061958 30.79038068, -87.5586539576 30.7904426794, -87.5583049576 30.7903316798, -87.5579559576 30.7901956801, -87.5575379571 30.7902576796, -87.5571699569 30.7902686801, -87.5570499572 30.79014868, -87.5572759572 30.7896916798, -87.5574429576 30.7892616794, -87.5573029569 30.7891336792, -87.5569349567 30.7891176795, -87.5567349567 30.7890496792, -87.5565839571 30.7886806794, -87.5563629571 30.7884326793, -87.5560629567 30.788244679, -87.5557249566 30.7882286791, -87.5553159563 30.7880936797, -87.5548569567 30.7878636791, -87.5546169565 30.7876236795, -87.5545949559 30.7873486788, -87.5544839565 30.787125679, -87.5541699557 30.7869636794, -87.553870956 30.7869996794, -87.553552956 30.7870696791, -87.553254956 30.7871226793, -87.5529849557 30.7869426793, -87.5525949557 30.786652679, -87.552264956 30.7863956791, -87.5520349558 30.786199679, -87.5514759549 30.7859356792, -87.5513159551 30.7856956786, -87.5514029551 30.785316679, -87.5516099557 30.7849976788, -87.5514789553 30.7847496784, -87.551059955 30.7845706788, -87.5507409551 30.7843746788, -87.5508479553 30.7839956786, -87.5511479548 30.7834446786, -87.5512259556 30.7830916782, -87.5511849556 30.7828086784, -87.5508639552 30.782405678, -87.5505729549 30.7819776778, -87.5504209546 30.7815226778, -87.5502899551 30.7812566778, -87.5497659543 30.7810186776, -87.5495169548 30.7809936777, -87.5489709542 30.7813056781, -87.5487229545 30.7814006779, -87.5484739541 30.7813246782, -87.5480819545 30.7806906783, -87.5479019546 30.7806046782, -87.5477639545 30.7807776777, -87.547545954 30.7809846781, -87.5472169541 30.780857678, -87.5471249541 30.7804796779, -87.5470139537 30.780101678, -87.5466539539 30.7798026782, -87.5462549537 30.779675678, -87.5457859531 30.779556678, -87.5454369532 30.779394678, -87.5450859535 30.7789586779, -87.5447939534 30.7784006776, -87.544775953 30.7778766777, -87.5448549535 30.7776446776, -87.545201953 30.7774886774, -87.5456489538 30.777357677, -87.5459569537 30.7772446772, -87.5459759531 30.7770986773, -87.5450379529 30.7766806769, -87.5449769528 30.7764406772, -87.544965953 30.7761486772, -87.5451819529 30.775657677, -87.5452589529 30.7752276771, -87.5452269531 30.7748756768, -87.5454939531 30.7736536767, -87.545955953 30.7725946762, -87.5460729532 30.7722166762, -87.5460519533 30.772061676, -87.5458519533 30.7717616763, -87.5456519532 30.7716936761, -87.5452089527 30.7716876758, -87.5447219526 30.7717496765, -87.5443729526 30.7716216762, -87.5443009526 30.7713126762, -87.5441879527 30.7705316758, -87.5438859525 30.7700086759, -87.5435149528 30.7695716754, -87.5431249519 30.7691866758, -87.5428439526 30.7688436758, -87.5421669517 30.767875675, -87.541805952 30.767412675, -87.541225952 30.7668306755, -87.5406049512 30.7660856751, -87.5403529513 30.7656656747, -87.5403429512 30.7654936746, -87.5402859513 30.7650986749, -87.5399139509 30.7645676748, -87.5395039508 30.7641226743, -87.5390639506 30.7638066746, -87.5387549508 30.7636526743, -87.5383759507 30.7635516747, -87.5378979508 30.7633896747, -87.5370989506 30.7629726746, -87.5368889505 30.7627236742, -87.5368599502 30.7620876743, -87.5368389503 30.761812674, -87.5366389503 30.7616676743, -87.5362899503 30.7615836742, -87.5359899498 30.7611976739, -87.5359869495 30.7606736737, -87.5359449496 30.760252674, -87.5356539494 30.7598666738, -87.5357099494 30.7592396737, -87.53559395 30.7588616737, -87.5354829497 30.7586306737, -87.5353129498 30.7584416734, -87.5352519497 30.7582276732, -87.5352899493 30.7580466734, -87.5354579496 30.7577796737, -87.5354069495 30.7574536732, -87.5351949498 30.7570246735, -87.5352109497 30.7563106727, -87.5352289492 30.7559326728, -87.5352409498 30.7554516731, -87.5351799497 30.7551426729, -87.5349899497 30.7549886727, -87.5347109492 30.7548866728, -87.5345299494 30.7544916728, -87.534306949 30.7538736723, -87.5343049493 30.7535386727, -87.5344429494 30.7532206726, -87.5344309488 30.7528936725, -87.5344699492 30.7526786725, -87.5347919494 30.7524366721, -87.5350899493 30.7523836721, -87.5352989495 30.7523656722, -87.535306949 30.7520996718, -87.535224949 30.7516356718, -87.5351729491 30.7511376719, -87.5352289492 30.7505446715, -87.5353449496 30.7500046713, -87.5351189487 30.7494536713, -87.5344779487 30.7489706713, -87.5339299485 30.7486716713, -87.5335639488 30.7484626713, -87.5334849483 30.7480036712, -87.5333449485 30.747439671, -87.5330079482 30.7469296711, -87.5325349484 30.746472671, -87.5319869482 30.7462386713, -87.5316669477 30.7460686708, -87.531633948 30.7456626707, -87.5323909485 30.7452126711, -87.5326469486 30.7448186706, -87.532521948 30.7441626703, -87.5325189485 30.7436636705, -87.5325929481 30.7432836699, -87.5325619482 30.7432046699, -87.5321669482 30.74310167, -87.5316059476 30.7433266704, -87.5310739482 30.7432766703, -87.5306929475 30.74305467, -87.5298709477 30.7427956699, -87.5295959474 30.7425866703, -87.5295799475 30.7422986704, -87.5299869472 30.7417716698, -87.5301679478 30.74148167, -87.5302419474 30.74127167, -87.5299819471 30.7409576699, -87.5292529472 30.7409216696, -87.5286309465 30.7410686702, -87.5280819465 30.7406376695, -87.5274269462 30.7404826694, -87.5265159467 30.7405386702, -87.526150946 30.74046167, -87.5258759465 30.7402266697, -87.5255389462 30.73967667, -87.5254459463 30.7392176697, -87.5252319461 30.7390616698, -87.5246389457 30.7388926696, -87.5241359457 30.7387246698, -87.5236019458 30.7382936695, -87.5231899452 30.7378496695, -87.5229149448 30.737692669, -87.5223679454 30.7376296696, -87.5208639446 30.7375436697, -87.5203009444 30.7374016694, -87.5199189448 30.7371146693, -87.5193839441 30.7363816694, -87.5190789445 30.7362776693, -87.5186079443 30.7362406689, -87.5182579436 30.7360846688, -87.5181649438 30.7357696688, -87.5178869439 30.7349706687, -87.5173979433 30.734329669, -87.516788943 30.7341746688, -87.5162579435 30.7342156689, -87.5158789434 30.7343876685, -87.5154079432 30.7344156687, -87.515141943 30.7343116688, -87.5150469426 30.7336956683, -87.5149079427 30.7331576685, -87.5145579429 30.7330146687, -87.5141029426 30.7332266688, -87.5136169423 30.7332676685, -87.5131299423 30.7331516688, -87.5125539425 30.733272669, -87.5121459421 30.7337066691, -87.5119329417 30.7337736684, -87.5117489415 30.7334456687, -87.5116269422 30.7331836684, -87.5112909418 30.7330016687, -87.510637942 30.7329126687, -87.510514942 30.7327946687, -87.5104829413 30.7324666687, -87.5106179419 30.7320726686, -87.5106009413 30.7317186682, -87.5102349416 30.7315096685, -87.5099009417 30.7314056685, -87.5095809411 30.7312106684, -87.5094559415 30.7306996683, -87.5093019415 30.7301616679, -87.5089639414 30.7295986682, -87.508878941 30.7292846678, -87.5090269411 30.7284696675, -87.508796941 30.728090668, -87.5082189407 30.7279876673, -87.5076869404 30.7278056679, -87.5073659409 30.7275706676, -87.5071209407 30.7270996676, -87.5066789399 30.7267996676, -87.5060399404 30.7266706678, -87.50544694 30.7265156676, -87.5051419395 30.7262936674, -87.5050489396 30.7260056674, -87.5051689402 30.7257156673, -87.5056839398 30.7254776672, -87.5060329398 30.7253056671, -87.5059559398 30.7250696669, -87.5057119394 30.7249266667, -87.50508794 30.7246406673, -87.5043189399 30.7244336671, -87.5037409396 30.7242126667, -87.5032829389 30.7238596667, -87.503097939 30.7233096671, -87.5030639386 30.7225356668, -87.5029709387 30.7221286665, -87.502435939 30.7215276663, -87.5019489389 30.7212796661, -87.5015069382 30.7210976664, -87.5011879383 30.7210986664, -87.5008849384 30.7211396667, -87.5005809386 30.7211536668, -87.5000029383 30.7208956665, -87.4994259378 30.7207316665, -87.4990439382 30.7207176663, -87.4987089376 30.7208236664, -87.4985049374 30.7209926666, -87.498290938 30.7210666667, -87.4981879372 30.7210026665, -87.4980559378 30.7206886667, -87.4981099374 30.7203506665, -87.4980339372 30.7200366662, -87.4978649371 30.7198846663, -87.497603937 30.7198606661, -87.4973449374 30.7201196661, -87.4970749371 30.7202656666, -87.4968329373 30.7202746665, -87.4962629373 30.7201236664, -87.4957589367 30.7199806666, -87.4952089368 30.7198786667, -87.4948259365 30.7196706661, -87.4946759367 30.7196626663, -87.4944809367 30.7197526663, -87.4940159364 30.7200356661, -87.4935689365 30.7199566664, -87.4932599358 30.7197246665, -87.4929709361 30.7197176667, -87.4927859362 30.7199196667, -87.4926849359 30.7203466662, -87.4924149356 30.7204606665, -87.4920979363 30.7203976667, -87.4918519362 30.7197296661, -87.491616936 30.7191836663, -87.4914389358 30.7190306659, -87.4911959352 30.718959666, -87.4911069355 30.7189276664, -87.4909029353 30.718968666, -87.4907159357 30.7190176663, -87.4905389352 30.7190346662, -87.4902589349 30.7189786661, -87.4897929356 30.7188196663, -87.4894279348 30.7186676662, -87.4890609353 30.718017666, -87.4887799351 30.7176476657, -87.4885839344 30.7176006657, -87.4884069348 30.7175686663, -87.4882949347 30.7175856657, -87.4881089349 30.7177466662, -87.4878319349 30.7181426663, -87.4876279347 30.7183446665, -87.4873199347 30.7183856663, -87.4870589346 30.7183306659, -87.4865829344 30.7181876666, -87.4862969342 30.7179386662, -87.4859889342 30.717682666, -87.4857639341 30.7175056662, -87.4854739336 30.7173786657, -87.4851569334 30.717290666, -87.4849139338 30.7172356658, -87.4846059338 30.7170836662, -87.4844649333 30.7168666664, -87.4845829333 30.7162626655, -87.4846279335 30.7159236659, -87.4844589335 30.7156586655, -87.4842349332 30.7155786659, -87.483963933 30.7154026654, -87.4836279335 30.7153156656, -87.4833769334 30.7153966655, -87.483209933 30.715566666, -87.4830259329 30.7161226658, -87.4825829332 30.716913666, -87.4822389332 30.7171966664, -87.4819039326 30.7173196659, -87.4812829326 30.7170076659, -87.4812709329 30.7165326664, -87.4809799327 30.7161306659, -87.4805399324 30.7157616662, -87.4799299323 30.7149346658, -87.4795179317 30.714517666, -87.4790689322 30.7142136657, -87.4782979315 30.7137166656, -87.4779969312 30.7132826658, -87.478115932 30.7127916656, -87.4783389315 30.7126296652, -87.4788709318 30.7126756652, -87.479382932 30.7126976654, -87.479736932 30.712648665, -87.4800709319 30.7122526655, -87.4802739323 30.711792665, -87.4801869323 30.7112856646, -87.4798349319 30.7107396649, -87.4793169319 30.7096056649, -87.4790739322 30.7095346643, -87.4787479318 30.7095036648, -87.4783939318 30.7095526645, -87.4780409316 30.7097476644, -87.4778079311 30.7098856646, -87.4774539311 30.7099186651, -87.4771559312 30.7099196645, -87.4765119307 30.7096886646, -87.4754749308 30.7092656649, -87.4751759311 30.7090656646, -87.4750949309 30.7086066645, -87.4754849309 30.7083316645, -87.475622931 30.708105664, -87.4752759306 30.7076876646, -87.4746579301 30.7070536641, -87.4744979303 30.7066596637, -87.4746449306 30.7063056642, -87.4753799304 30.7060526639, -87.4758729303 30.7058256641, -87.4759839306 30.7057126637, -87.4760249307 30.7054706636, -87.4758099306 30.7052536639, -87.4752689301 30.705223664, -87.4746719304 30.7051136637, -87.4743449302 30.7049616635, -87.4742139306 30.7048486637, -87.4739529305 30.7048096639, -87.4736359303 30.7048186637, -87.4731499301 30.7044426638, -87.47277593 30.7043626634, -87.4725719298 30.7045406637, -87.4727989296 30.7051686639, -87.4728089296 30.705417664, -87.4726329299 30.7056436638, -87.4722329298 30.7056696642, -87.4717659299 30.7054456641, -87.4712049293 30.7051176638, -87.4709489292 30.705118664, -87.470482929 30.7051846637, -87.4701099287 30.7051296642, -87.469810929 30.7050266638, -87.4696419289 30.7048096639, -87.469528929 30.7043906639, -87.4695259286 30.7038756636, -87.4696169288 30.7033596634, -87.469615929 30.7032146637, -87.4694659292 30.7029736638, -87.4690809284 30.7027466637, -87.4687689282 30.7026296633, -87.4685309285 30.7025746632, -87.4682749284 30.7025046631, -87.4681089288 30.702189663, -87.4678129285 30.7015266635, -87.4677369283 30.7010916634, -87.4678459281 30.7009016628, -87.4681649279 30.7007026632, -87.4682189284 30.7003946631, -87.4680899285 30.7002136629, -87.4679249286 30.7001586629, -87.4676679278 30.7000486629, -87.4675219282 30.7000806627, -87.4671299277 30.700366663, -87.4667469283 30.7006606633, -87.4663729282 30.7007096628, -87.4659059273 30.7006716632, -87.4655309274 30.7005786631, -87.4651819274 30.7004686628, -87.4649169271 30.7004066634, -87.4641949268 30.7005906633, -87.4637839269 30.700600663, -87.4634999273 30.700561663, -87.4632529274 30.7004996629, -87.462941927 30.7004076629, -87.4626749271 30.7003196631, -87.4621949267 30.700194663, -87.4619119268 30.6998476633, -87.4616659268 30.6997726629, -87.4613149262 30.6997736632, -87.4610519265 30.6996686626, -87.4608219263 30.6993356628, -87.4604509257 30.6987756625, -87.4599919261 30.6982766625, -87.4596759258 30.6981716626, -87.4592189258 30.6981736625, -87.4589209259 30.6980836624, -87.4586739251 30.6978716623, -87.4586189258 30.6973716627, -87.4584759257 30.6968266627, -87.4582989252 30.6965696625, -87.458017925 30.6964036622, -87.457509925 30.6967536628, -87.4572659255 30.6970276624, -87.4569339253 30.6972266626, -87.4566189247 30.6975916625, -87.4562689249 30.6977596629, -87.4557779246 30.6977766627, -87.4551819248 30.697853663, -87.4547439242 30.6980526631, -87.4541489242 30.6984336631, -87.4538869242 30.6986926627, -87.4536239245 30.6987236634, -87.4532549244 30.6986946633, -87.4529379242 30.6983776626, -87.452620924 30.6981966632, -87.4521649239 30.698198663, -87.4518849235 30.698456663, -87.4516089234 30.6993986632, -87.4513109234 30.6995966629, -87.4511349237 30.6995056631, -87.4509059234 30.6991276636, -87.4506409231 30.6989006629, -87.4502549233 30.6988566631, -87.4498519229 30.6989796629, -87.4495709227 30.6989656634, -87.4492189232 30.6986786632, -87.4491289228 30.6983296629, -87.4489179229 30.6981786632, -87.4487239227 30.6979216628, -87.4487049225 30.6975586632, -87.4488079224 30.6971636631, -87.448665923 30.6966936624, -87.4484459229 30.696573663, -87.4478829227 30.6964236624, -87.4474949223 30.6959396629, -87.4471599226 30.6956376627, -87.4464579224 30.6956396626, -87.4462479224 30.6956256626, -87.4460359218 30.6954286628, -87.445736922 30.6951876627, -87.4453679219 30.6951436628, -87.4450169214 30.6951296628, -87.4443669211 30.6949196623, -87.4436809209 30.6945426621, -87.4433449213 30.6939216624, -87.4431139213 30.6934526625, -87.4428499208 30.6932106625, -87.442689921 30.6927416622, -87.4422849209 30.6923786617, -87.4418079209 30.6918496617, -87.4413149201 30.6913806618, -87.4407149201 30.6907006619, -87.4403799203 30.6903676613, -87.4403479205 30.6903586617, -87.4400289198 30.6902636617, -87.4390449196 30.6900846618, -87.4383249199 30.6898596615, -87.4377269195 30.6896336618, -87.4373749191 30.6893926612, -87.4369699191 30.6889386614, -87.4365609188 30.6889096615, -87.4364259191 30.6887956618, -87.436405919 30.6884256614, -87.435738919 30.6883066614, -87.4346849185 30.6882036615, -87.4341059184 30.6882056615, -87.4336159179 30.6883586615, -87.4329659177 30.6883756613, -87.4325089177 30.6881196615, -87.4320689175 30.6877266615, -87.4316999174 30.6876526613, -87.4311389178 30.6877756614, -87.4304739174 30.6882626614, -87.4301409173 30.6882646614, -87.4298239171 30.6879926618, -87.4301179169 30.6870966613, -87.4299399175 30.6865356613, -87.4294479165 30.6863856613, -87.4286939164 30.6863886611, -87.4283069168 30.6863286612, -87.4277969163 30.6858906608, -87.4277409162 30.6851636605, -87.4277909164 30.6845106604, -87.427490916 30.6842546604, -87.4271299163 30.6839976608, -87.4266169163 30.6830586607, -87.4263009159 30.6828626605, -87.426089916 30.6828486602, -87.4254249157 30.6832756609, -87.4249869151 30.6833676602, -87.4246179151 30.6832776602, -87.424335915 30.6830666605, -87.4234569153 30.6826746604, -87.4227019146 30.6823896606, -87.4224029148 30.6822086606, -87.4221729146 30.6819366601, -87.4221019145 30.6817086603, -87.4221329145 30.6813396602, -87.4220009142 30.6810226605, -87.4217209147 30.6809186601, -87.4215279144 30.6808586599, -87.4213179143 30.6808216599, -87.4209689143 30.6808756603, -87.4204979142 30.6809826598, -87.4202349144 30.6809376599, -87.4199099138 30.6803956604, -87.4194969143 30.6798986599, -87.419251914 30.6797026602, -87.4191719137 30.6794316601, -87.4190819133 30.6788956598, -87.4190899137 30.6786536597, -87.4190629139 30.6785556598, -87.4190459133 30.6785336595, -87.4186339136 30.6783686596, -87.4183109135 30.67825666, -87.4179259135 30.67815166, -87.4176899135 30.6782056596, -87.4174559132 30.6784776598, -87.4172649134 30.6787956599, -87.417169913 30.6790376597, -87.417056913 30.6792496602, -87.4169089128 30.67931766, -87.4167249127 30.67930366, -87.4161289129 30.6787316595, -87.4151839121 30.6783796597, -87.4145579122 30.6782226598, -87.4139899119 30.6780656595, -87.4137359123 30.6780136601, -87.4134389122 30.67796966, -87.4129409123 30.67792566, -87.4125389117 30.67786666, -87.4122059116 30.6777396599, -87.4117249114 30.6775746594, -87.4109329117 30.6771626598, -87.4103109111 30.6769476594, -87.4096939113 30.6766506596, -87.4091789107 30.6763306598, -87.4088059105 30.6760096593, -87.4083169107 30.6756896597, -87.4077769101 30.6754806592, -87.4072379101 30.6753936597, -87.4067619099 30.675294659, -87.4064789101 30.6751516593, -87.4063369098 30.6748856591, -87.4063609101 30.674442659, -87.40670491 30.6737756591, -87.4070859098 30.6729206586, -87.4073909103 30.6722646591, -87.4073889097 30.6718216585, -87.4071569099 30.6715776588, -87.40646391 30.6713806587, -87.4061419098 30.6712036589, -87.40588391 30.6709166588, -87.4058439098 30.6704286581, -87.4058419093 30.6701176585, -87.40595591 30.6696736583, -87.4060219092 30.6692406581, -87.4055499092 30.6686436578, -87.4053989096 30.6680036575, -87.4055189093 30.6671286577, -87.4058379091 30.6666786578, -87.4057629097 30.6664446576, -87.405391909 30.6663596574, -87.4046999089 30.6661486578, -87.4042059092 30.6661496576, -87.4035379085 30.6659176574, -87.4030919084 30.6655346576, -87.4026939089 30.6648526576, -87.4026419081 30.6643616575, -87.403108909 30.6637616567, -87.4033519087 30.6628426564, -87.403052908 30.6621176562, -87.4025819088 30.6617566563, -87.4023329083 30.6614156563, -87.4022069079 30.6606046565, -87.4024019079 30.6601126565, -87.4029189081 30.6595776564, -87.4029399081 30.658787656, -87.4033319086 30.6580386554, -87.4031079083 30.6574846556, -87.4026609084 30.6570376555, -87.4021419076 30.6568896552, -87.4017219075 30.6567836552, -87.4010769073 30.6562306551, -87.4006329077 30.6563816555, -87.4005129072 30.6570656557, -87.4002169078 30.6572586559, -87.3998699075 30.6570676556, -87.3998679069 30.6564476552, -87.3998409072 30.6559786557, -87.3996679069 30.6558296554, -87.3990759073 30.6561726557, -87.3987809068 30.6563236554, -87.3984099071 30.6562386555, -87.397789907 30.6556436552, -87.3968229065 30.6548556551, -87.396599906 30.6544726555, -87.3965099065 30.6537896547, -87.396604906 30.6526576549, -87.3966029064 30.6522946544, -87.3962789065 30.6516546549, -87.3959799059 30.6508656547, -87.3959249056 30.6505466546, -87.3959129059 30.6501646542, -87.396430906 30.6494766537, -87.3966029064 30.6491556536, -87.396871906 30.6487066535, -87.3969939062 30.6482786538, -87.3968689065 30.6479376534, -87.396199906 30.6472996537, -87.3953079058 30.6465756538, -87.3943409054 30.6456176534, -87.3943389057 30.6452766529, -87.3947839051 30.6452326534, -87.3949569053 30.6452536535, -87.395424906 30.6449746527, -87.3957439059 30.644567653, -87.395691906 30.6439696532, -87.3952949054 30.6434376529, -87.3950209058 30.6427756527, -87.3945989051 30.6423506526, -87.3942529055 30.6421806522, -87.3940289052 30.6418606527, -87.3940269047 30.6413696526, -87.3943439048 30.6404076519, -87.3943909047 30.6398316517, -87.3942419047 30.6394686518, -87.3942399051 30.639105652, -87.3942739054 30.6382946513, -87.3943699048 30.6375466513, -87.3945899049 30.6370126517, -87.3949099055 30.6367126515, -87.3952169047 30.6360746512, -87.395153905 30.6354236506, -87.3946959052 30.6347566511, -87.3942979048 30.6342956507, -87.3941179049 30.6337996506, -87.3940769049 30.6335076505, -87.3944529046 30.6334046502, -87.3954029054 30.6332986508, -87.3956599053 30.6329896504, -87.395558905 30.6326646504, -87.3951819045 30.6324256503, -87.3948839046 30.6322206506, -87.3946449051 30.6319986499, -87.3944859051 30.6317936501, -87.3942479046 30.6317086503, -87.3939899048 30.6316926499, -87.3936929047 30.6316936501, -87.393414904 30.63153965, -87.393491904 30.6309746497, -87.3933909046 30.6302946498, -87.3936839045 30.6293466498, -87.3937029048 30.6291406495, -87.3935429041 30.6288666499, -87.3934219046 30.6282336493, -87.393419904 30.6277366496, -87.3932989046 30.6272236492, -87.3935959047 30.6268736495, -87.3936269046 30.626654649, -87.3937389039 30.6261236488, -87.393850904 30.6257296491, -87.394358904 30.6250036487, -87.3943979044 30.6245676485, -87.3945799049 30.6242606487, -87.3948599043 30.6241966484, -87.3953239048 30.6242586489, -87.3958009049 30.6243096483, -87.3960319048 30.6241406482, -87.3960189044 30.6239086484, -87.3958589046 30.6237506486, -87.3956519049 30.6236766481, -87.3952729048 30.6235836481, -87.3951259045 30.623467648, -87.395112905 30.6233196481, -87.3951729043 30.6230976479, -87.395281905 30.6227706481, -87.3952199042 30.6224856479, -87.3950599044 30.622221648, -87.3950709042 30.6219046476, -87.3952999046 30.621386648, -87.3953229041 30.6210066475, -87.3952849045 30.6204686473, -87.3954549044 30.6203096477, -87.3958199042 30.6201716479, -87.3959909048 30.6200966474, -87.3959289049 30.6198546477, -87.3958799045 30.6197066477, -87.3958039043 30.6190836472, -87.3958499044 30.6185026474, -87.3961529043 30.617815647, -87.3964679049 30.617339647, -87.3964799046 30.6171076472, -87.3963919047 30.616621647, -87.3960489046 30.6162956465, -87.3956699044 30.6162446467, -87.3952919042 30.6162766463, -87.3949619044 30.6162466467, -87.3947409045 30.6159086466, -87.394676904 30.6152446467, -87.3949179041 30.6142716464, -87.3951399038 30.6135216462, -87.3956249042 30.6127286457, -87.3962429047 30.6115436455, -87.396472904 30.6110256454, -87.396590904 30.6100756452, -87.3965889043 30.6094846449, -87.3966599045 30.6088816448, -87.3971939044 30.6083106448, -87.3979579045 30.6070306448, -87.3984139046 30.6065436446, -87.3985099049 30.6060996447, -87.3985329044 30.6058246444, -87.3986539048 30.6055296443, -87.3987749052 30.6054016446, -87.3989459049 30.605422644, -87.3996199054 30.605916644, -87.4002549057 30.6061686446, -87.4009259059 30.6059866445, -87.4015469058 30.6055726443, -87.4020719055 30.605592644, -87.4028159055 30.6055266444, -87.4032909059 30.6053666437, -87.4035339065 30.6050496438, -87.4035689057 30.6045536438, -87.4033459061 30.6038256437, -87.4034179061 30.6035396436, -87.403505906 30.6034226437, -87.4039979061 30.6030436436, -87.4049069068 30.6030096432, -87.4052029062 30.6030776432, -87.405695907 30.6034166438, -87.406090907 30.6032636432, -87.4061109071 30.6025176433, -87.405695907 30.6017706434, -87.4057159062 30.6014816434, -87.4058539063 30.6013796428, -87.4064459068 30.601753643, -87.4067229069 30.6017366433, -87.4071569072 30.6015326433, -87.4075919074 30.6008706426, -87.4075719073 30.6002766425, -87.4073549067 30.5999876427, -87.4069199065 30.5998696427, -87.4058539063 30.6001066424, -87.4053999067 30.5991736428, -87.4053009061 30.5986976424, -87.4055379068 30.5985626428, -87.4059329068 30.5985456426, -87.4062099068 30.5983756426, -87.406198907 30.5980896427, -87.4056959061 30.5978356423, -87.4054619067 30.5975526425, -87.4054509059 30.5974216421, -87.4071319071 30.596243642, -87.4073099065 30.5959896422, -87.4073459065 30.5956486415, -87.4070109067 30.5949696415, -87.4069979063 30.5940776412, -87.4068359068 30.593379641, -87.4070859062 30.5923916413, -87.407696907 30.5915956407, -87.4078589065 30.5910806409, -87.407824907 30.5902706406, -87.4076189063 30.5894166404, -87.4081809067 30.5886756401, -87.4080219067 30.5883286399, -87.4074229065 30.58812764, -87.4073199065 30.5879016399, -87.4074789065 30.5875956397, -87.4081159064 30.5872086396, -87.4087979065 30.58633064, -87.4091769066 30.5860766397, -87.4093599069 30.5858586396, -87.4092329067 30.5854606396, -87.4087499068 30.5851376392, -87.4080389064 30.5839526395, -87.4080229065 30.5837066394, -87.4083219063 30.5835506388, -87.4089049066 30.5833156387, -87.4091729064 30.5830166391, -87.409199907 30.5823296384, -87.4093039068 30.581992639, -87.4097659068 30.5815766385, -87.4101669066 30.5809666382, -87.4105109066 30.5807456383, -87.4108099072 30.580627638, -87.4109879075 30.5803686384, -87.411000907 30.5798506378, -87.410759907 30.5795016378, -87.4104309071 30.5795926384, -87.4102679069 30.5798396381, -87.4100429068 30.5798916385, -87.4098029066 30.5797376379, -87.4098169068 30.579400638, -87.4100549065 30.5790496379, -87.4102789068 30.5789456377, -87.4104429068 30.5788026378, -87.4105759069 30.5783486378, -87.4108289066 30.578153638, -87.4110839069 30.5780626376, -87.4114879071 30.5780606376, -87.4117719068 30.5780086377, -87.4118009071 30.5778006373, -87.411544907 30.5774006374, -87.411513907 30.5771286376, -87.4115719068 30.5767526375, -87.4117049068 30.5763506372, -87.4118399074 30.5763246376, -87.4120199074 30.5764016371, -87.4120949068 30.5765436375, -87.4121419076 30.5769186376, -87.4122319071 30.5770746372, -87.4122919074 30.5771386377, -87.4124569072 30.5771256376, -87.4126349075 30.5767106371, -87.4125289072 30.5764906376, -87.4122729071 30.5761546373, -87.4118819073 30.5757026373, -87.4118509073 30.5757146375, -87.4118359072 30.5755806369, -87.4117539072 30.5753646372, -87.411826907 30.5748846374, -87.4119519067 30.574174637, -87.4121699072 30.5737706367, -87.4121959071 30.573721637, -87.4123619068 30.5735866367, -87.4123719068 30.5735966363, -87.4123239071 30.5736726365, -87.4122809075 30.573797637, -87.4123289072 30.5738216365, -87.4140769074 30.5743656369, -87.4154669084 30.5747886368, -87.418038909 30.5755956373, -87.4204739094 30.5763406371, -87.4218739104 30.5767396374, -87.42328191 30.5770656372, -87.4244789106 30.577306637, -87.4249149107 30.5773756373, -87.4263509117 30.5775606371, -87.4321489125 30.5780206369, -87.4335969132 30.5781276374, -87.4350539141 30.5782486368, -87.439404915 30.5785826369, -87.4408549153 30.5786416371, -87.4423109155 30.578651637, -87.4437659159 30.5786086366, -87.4524839184 30.5782256362, -87.4539349185 30.5781516365, -87.4553949198 30.5780956367, -87.4626599216 30.5777776358, -87.4641189222 30.5777346358, -87.465571922 30.5777386358, -87.4670269224 30.5778006357, -87.4684799231 30.5779116356, -87.4699279238 30.578065636, -87.4713599237 30.5782736359, -87.4727829243 30.5785306357, -87.4741969246 30.5788396359, -87.475605925 30.579188636, -87.4812229269 30.5806246358, -87.4826359275 30.5809466358, -87.4840569275 30.5812176358, -87.4854889283 30.5814406361, -87.4869339286 30.5816156362, -87.488383929 30.581734636, -87.4898339293 30.581809636, -87.4912929299 30.581829636, -87.4927449299 30.5818006356, -87.4941999302 30.5817516361, -87.5058389334 30.5813086356, -87.5116499355 30.581106635, -87.5131039361 30.5811276351, -87.5145589364 30.5812476347, -87.5159909363 30.5814616353, -87.5174129371 30.5817956351, -87.5188119374 30.5822136353, -87.5228949384 30.583727635, -87.5242579387 30.5842246356, -87.525610939 30.5847396355, -87.5310599408 30.5867536357, -87.5337759413 30.587767636, -87.5351199423 30.5883196362, -87.5364459428 30.5889236358, -87.5377439428 30.5895796361, -87.5390109428 30.590282636, -87.5402629437 30.5910356363, -87.541476944 30.5918406363, -87.542656944 30.5926796368, -87.5461839454 30.5952296368, -87.5541439477 30.6009996381, -87.559066949 30.6045606388, -87.5613989504 30.6062576394, -87.5625799502 30.6071046394, -87.5696179531 30.6122106403, -87.5708009535 30.6130516399, -87.5720199538 30.6138406401, -87.5732719538 30.6145596403, -87.5745649538 30.6152196409, -87.5758889547 30.6158116407, -87.5772429547 30.6163396406, -87.5786219558 30.6168166405, -87.5882729585 30.6200796409, -87.5896229584 30.6206086411, -87.5909559594 30.6211796413, -87.5922719599 30.6217976414, -87.5961949602 30.6236926421, -87.6027449623 30.6268376422, -87.6040769627 30.6273956424, -87.6054519636 30.6278526422, -87.6068579635 30.6282146422, -87.608286964 30.6284726428, -87.609732965 30.6286346421, -87.6116339654 30.6287796424, -87.612410965 30.6288496426, -87.6126279657 30.6288606422, -87.6153589663 30.6290666423, -87.6153649662 30.6311206428, -87.6153589663 30.6315866432, -87.6153649662 30.6321266431, -87.6153569667 30.6324156428, -87.6153639663 30.6329216428, -87.6153549661 30.6339126431, -87.6153629665 30.6342716438, -87.6153589663 30.6344166434, -87.6153679665 30.6354376438, -87.6153569667 30.6356086439, -87.6153199669 30.635933644, -87.6152789668 30.6361476436, -87.6152259662 30.636360644, -87.6151009666 30.6367746439, -87.6150259662 30.636979644, -87.614852966 30.6373806439, -87.6147559668 30.6375766444, -87.6145179662 30.6379436443, -87.6143899662 30.6381206447, -87.614159966 30.6384006445, -87.6137309666 30.6388926444, -87.6132679659 30.6394486444, -87.6127019662 30.6401076445, -87.612425966 30.6404426447, -87.6120919661 30.6408226446, -87.6097419652 30.6435796454, -87.608506965 30.6450006463, -87.6081239647 30.6454536461, -87.6078479645 30.6457936459, -87.6075969644 30.6461486463, -87.6074819648 30.646332646, -87.607377965 30.6465246467, -87.6072559648 30.6467866466, -87.6071509643 30.6470576463, -87.6070619647 30.6473346464, -87.6069909645 30.6476166467, -87.6069349644 30.6479026471, -87.6068919648 30.6481896467, -87.6068709649 30.6484806472, -87.606895965 30.6505016475, -87.6069159651 30.6507926472, -87.6069389646 30.6509366475, -87.6069709644 30.6510796475, -87.6070129651 30.6512186473, -87.607064965 30.6513556476, -87.6071909645 30.6516186476, -87.6072619647 30.6517446472, -87.6073409652 30.6518666475, -87.6075569651 30.6521586477, -87.6077589648 30.6524566479, -87.6079049653 30.6527066479, -87.6079689648 30.6528346477, -87.6080269655 30.6529656481, -87.6081199654 30.6532366483, -87.6081489657 30.653377648, -87.6081669652 30.6535196483, -87.6081779651 30.6536646476, -87.6081739649 30.6539526479, -87.6081449655 30.6542406481, -87.6079909655 30.6554076484, -87.6078219654 30.6566106486, -87.6077949657 30.6568996485, -87.6077759654 30.6573346491, -87.607772965 30.6576256491, -87.6077859655 30.6580626486, -87.6078029652 30.6583526489, -87.6079019658 30.6591446495, -87.6080849652 30.6604276493, -87.6081549655 30.6609926499, -87.6082299659 30.6614956498, -87.6084449659 30.6630836499, -87.6086379663 30.6645936506, -87.6086519656 30.6648826507, -87.6086489662 30.6650266508, -87.6086279662 30.6653136506, -87.6085899657 30.6656006503, -87.6085639658 30.6657426505, -87.6085019659 30.6660246504, -87.6084219655 30.6663036506, -87.6083759655 30.6664386507, -87.6082679655 30.6667076505, -87.6080829656 30.6671016509, -87.6079409662 30.6673536507, -87.6073949656 30.668150651, -87.6066379652 30.6692276518, -87.6056479652 30.6706546517, -87.6054359655 30.670944652, -87.605253965 30.6711716519, -87.6050659656 30.6713906521, -87.6048699649 30.6716026524, -87.6046099655 30.671854652, -87.6044489649 30.6719996523, -87.6039529646 30.6724186524, -87.6014959645 30.6743916527, -87.6008089644 30.6749236527, -87.5993859639 30.6759176529, -87.5991609637 30.6761016532, -87.5989509637 30.6762976532, -87.598753964 30.6765086531, -87.5985769636 30.6767256532, -87.5983779634 30.6770106535, -87.5982709632 30.6772036533, -87.5980529637 30.6776656536, -87.5978619639 30.6781376537, -87.5976619639 30.6786026541, -87.5974369637 30.6790506539, -87.5968899634 30.6799046544, -87.5951819633 30.6823956549, -87.594336963 30.6836466552, -87.5942359628 30.6838346549, -87.5941479629 30.6840316551, -87.5940119625 30.6844066553, -87.593936963 30.6846636554, -87.5935769623 30.6861216559, -87.5933479628 30.6871066561, -87.5932979626 30.6876116561, -87.5933249624 30.6881186557, -87.5936999632 30.6901086563, -87.5937659633 30.6906016568, -87.593787963 30.6911006571, -87.5937359632 30.6926076568, -87.5936559628 30.6941106571, -87.5935559632 30.6951106573, -87.5934529633 30.6956036577, -87.5933169629 30.6960866579, -87.5929489626 30.6970146583, -87.5925359631 30.6979276584, -87.5923779629 30.6983176586, -87.5923219628 30.6985076581, -87.5922699629 30.6988986585, -87.5922719626 30.6994166584, -87.592284963 30.6999246589, -87.5922779633 30.7004306592, -87.5922049626 30.7009276591, -87.5920579632 30.7014126594, -87.5911089632 30.7040166597, -87.5907019626 30.7051946598, -87.5902309624 30.7066446605, -87.5889079623 30.7109886615, -87.5885769627 30.7119436612, -87.5879939624 30.7133406618, -87.5875689623 30.7142506622, -87.5873119623 30.7146816619, -87.5871889623 30.7148496619, -87.5869219624 30.7151626621, -87.5837209614 30.718425663, -87.5833779612 30.718798663, -87.5832519608 30.7189756635, -87.5831469613 30.7191636631, -87.5830629616 30.7193616632, -87.5829999609 30.7195686635, -87.582896961 30.7200656637, -87.5825899609 30.7220706642, -87.5824639614 30.7227116644, -87.5825899609 30.7228496637, -87.5831059613 30.723348664, -87.5838029614 30.724078664, -87.5841369613 30.7244616648, -87.5844379616 30.7248706646, -87.5847139618 30.7252956646, -87.5855219622 30.726586665, -87.5863139628 30.727887665, -87.5865629623 30.7283306654, -87.5867769626 30.728792665, -87.5869299628 30.7292776657, -87.5870329627 30.7297756651, -87.5873049627 30.7312686659, -87.5879709628 30.7350446666, -87.5889149638 30.7402326681, -87.589446964 30.7432226685, -87.5896329638 30.7442166685, -87.5898549645 30.7452026691, -87.5901599641 30.7461676691, -87.5916889649 30.7504706702, -87.5922049653 30.7518986703, -87.592832965 30.7532816708, -87.5931449651 30.7539376708, -87.5934969655 30.754644671, -87.5948259664 30.7573736713, -87.595499966 30.7587326712, -87.5974919667 30.7628336721, -87.5983369679 30.7645976724, -87.5994829675 30.7669306728, -87.6014719687 30.7710306738, -87.6028109687 30.7737566748, -87.6041299696 30.7764936748, -87.6043649697 30.7769416752, -87.6046129694 30.7773826756, -87.6051389699 30.7782486757, -87.6055339699 30.7788606758, -87.6058159699 30.7793226761, -87.6060219707 30.7796176757, -87.606948971 30.7810926764, -87.607497971 30.7819486766, -87.6077839712 30.782364676, -87.6081129711 30.7827486768, -87.6084899706 30.7830876766, -87.6089029711 30.7833796765, -87.6093339711 30.7836396764, -87.6119839724 30.785149677, -87.6125319726 30.7854696768, -87.6168819736 30.7879436772, -87.6177559742 30.7884636773, -87.6185899737 30.7890526773, -87.6221039756 30.7919816779, -87.6232749754 30.7929476782, -87.6257349768 30.7950056783, -87.627949977 30.7968366792, -87.6291149779 30.7978096788, -87.6299029773 30.7984436793, -87.6307159778 30.7990406793, -87.6344469794 30.80166568, -87.6356829795 30.8025476796, -87.6365119799 30.8031306798, -87.6373369801 30.8037366798, -87.6380979807 30.80436368, -87.6404289813 30.8063216808, -87.6427709818 30.8082736806, -87.6428729819 30.8083706806, -87.6439269824 30.8092436812, -87.6481959832 30.8128256814, -87.6485799833 30.8131606821, -87.6488439838 30.8134146818, -87.6489829838 30.8135586815, -87.6492489839 30.8138006817, -87.6500789841 30.8147106818, -87.6504009843 30.8151016819, -87.6516709847 30.8166876824, -87.6526149847 30.8178826825, -87.6554629855 30.8214496831, -87.6564069865 30.8226476835, -87.6573579861 30.8238286837, -87.6611419875 30.8285866847, -87.6614599875 30.8289806846, -87.6617989883 30.8293546848, -87.6621729884 30.8296906847, -87.6625689882 30.8300076852, -87.6637439882 30.830978685, -87.66728399 30.8338626856, -87.6680609896 30.8345086854, -87.6688099905 30.835188686, -87.6694899901 30.8359376864, -87.670156991 30.8366996861, -87.6704829905 30.8370866861, -87.6707809913 30.8374956864, -87.6710249908 30.8379396862, -87.6712119913 30.8384106868, -87.6713569911 30.8388956865, -87.6723069918 30.8423066871, -87.6724539912 30.8427916871, -87.6726369915 30.8432646877, -87.6728969918 30.8436986876, -87.6732059916 30.8440956874, -87.674188992 30.8452526876, -87.6761729931 30.8475596882, -87.6771579932 30.8487206887, -87.6788169937 30.8506386893, -87.6791189939 30.8510046894, -87.6799939943 30.8520176892, -87.6804319939 30.8525426891, -87.6806029945 30.8527706895, -87.6808929941 30.8531806894, -87.6813879945 30.8540596895, -87.6818039945 30.8549856901, -87.6820349944 30.8554396898, -87.6822959946 30.8558756898, -87.6825939954 30.8562866898, -87.6829129952 30.8566796898, -87.6832489948 30.8570536901, -87.6836199954 30.8573986903, -87.6843689954 30.8580716901, -87.6874369963 30.8607366911, -87.6885769971 30.8617406908, -87.6939159983 30.8663926921, -87.6943249986 30.866755692, -87.6940999984 30.8668456924, -87.6938389983 30.8669176919, -87.6936139982 30.8669626921, -87.6934119985 30.8669726922, -87.6883609972 30.867022692, -87.6858259963 30.867039692, -87.6851029963 30.867057692, -87.6847389962 30.8670776923, -87.6843769958 30.8671096928, -87.684016996 30.8671546928, -87.683662996 30.8672166928, -87.6833119954 30.8672866927, -87.6829619956 30.8673666925, -87.6826139955 30.8674626929, -87.6822709953 30.8675726928, -87.6819299958 30.8676936927, -87.6785409945 30.8689846928, -87.6781969945 30.8690996928, -87.677845994 30.8692046929, -87.6774909941 30.8692926932, -87.6771329939 30.8693706928, -87.6764179943 30.8695006933, -87.6721499924 30.8702326932, -87.6714219923 30.8703466932, -87.6710619924 30.8703916933, -87.6703419918 30.8704666934, -87.6696219921 30.8705156937, -87.6633689901 30.8706776942, -87.66274899 30.8706846938, -87.6623909898 30.8706696938, -87.6620309899 30.8706466942, -87.6598669897 30.8704466939, -87.6587859894 30.8703376943, -87.6584259887 30.8702936942, -87.6580669887 30.8702406936, -87.6577129887 30.8701666941, -87.6573599885 30.8700786938, -87.6570099887 30.8699706938, -87.6566679884 30.8698336943, -87.6524299875 30.8678896939, -87.6520969874 30.8677436937, -87.6517619868 30.8676126938, -87.6514199865 30.8674996937, -87.6510749867 30.8674086938, -87.6507219865 30.8673306933, -87.6503679865 30.8672646939, -87.6500129867 30.8672176937, -87.6496569861 30.8671936939, -87.6492979861 30.8671796935))
POLYGON ((-87.784267018 30.73505866, -87.7839870176 30.7350316599, -87.774618015 30.7350486601, -87.7734980152 30.7350526605, -87.7721860141 30.7350716605, -87.7720350145 30.7350686607, -87.7718860145 30.7350316607, -87.7717670147 30.7349316603, -87.7717370145 30.7347956603, -87.7717530144 30.7327146602, -87.7717540143 30.7312866597, -87.7715730145 30.7312526596, -87.7710230138 30.7311286594, -87.7706760144 30.7310386599, -87.7699840134 30.7308366593, -87.7696360132 30.7307506595, -87.7685710137 30.7305176593, -87.7682170128 30.7304276593, -87.7678760132 30.7303026596, -87.7672150131 30.7300116593, -87.7668840126 30.7298726594, -87.7665460125 30.7297506596, -87.7658620128 30.7295206593, -87.7651710125 30.7293056597, -87.7644730117 30.7291086592, -87.764122012 30.7290176594, -87.7637670122 30.7289486591, -87.7634050118 30.7288996593, -87.7619550115 30.7287546594, -87.7615930111 30.7287276591, -87.7612330112 30.7287226592, -87.7606510107 30.7287736599, -87.760234011 30.7288316597, -87.7600980105 30.7289586597, -87.7595980109 30.72936066, -87.7593200111 30.7295936598, -87.7590600108 30.7298466601, -87.758823011 30.7301186599, -87.7586080109 30.7304106599, -87.7583630107 30.7306696601, -87.75777701 30.7310926601, -87.7575270106 30.7313546599, -87.7572880103 30.7316266601, -87.7570210103 30.7318716601, -87.7567110098 30.7320616607, -87.7563640103 30.7321566605, -87.7560040096 30.7321676607, -87.7552800097 30.7321506608, -87.7549110096 30.73214966, -87.7545300099 30.7321536606, -87.754217009 30.7321666607, -87.753642009 30.7321616602, -87.7529220093 30.7321376607, -87.7518350083 30.7320456607, -87.7514740086 30.7320226603, -87.7509590081 30.7320066604, -87.7508100081 30.7319866606, -87.7506730087 30.7319226607, -87.7506160079 30.7317816606, -87.7506060088 30.7313566606, -87.7506150081 30.73103766, -87.7506100081 30.73036066, -87.7506160079 30.7302186599, -87.7412490059 30.7314896609, -87.7409810061 30.7313266603, -87.740315005 30.7308386608, -87.7399420056 30.7304266609, -87.7397730056 30.7302276604, -87.7395430054 30.7299366607, -87.738853005 30.7298456601, -87.7385800052 30.7298186601, -87.7382420051 30.7298246607, -87.7375230043 30.7298846606, -87.7365420045 30.7299076607, -87.7355870037 30.7298196609, -87.7352750044 30.7298146602, -87.7349760038 30.7298306606, -87.7345110034 30.7299136606, -87.734205004 30.7299466604, -87.7338930038 30.7299966605, -87.7334410039 30.7300236605, -87.7331930033 30.7300956606, -87.7327350036 30.7303706604, -87.7326070035 30.7304366605, -87.7324160028 30.7305026606, -87.7320470028 30.7305686606, -87.7319010032 30.7306186612, -87.7317160032 30.7307396606, -87.7315700027 30.7308166609, -87.7313910026 30.7308666613, -87.7305700027 30.730954661, -87.7302640023 30.7309716611, -87.729927003 30.730954661, -87.7297870023 30.7309826606, -87.7296600021 30.730993661, -87.7292580024 30.7308996608, -87.7289590027 30.7309056613, -87.728768002 30.7309226607, -87.728583002 30.7309826614, -87.7284370024 30.7309996607, -87.7282780024 30.7309776608, -87.7281440025 30.7307796607, -87.7278890023 30.7304496609, -87.7277680019 30.7302296611, -87.7274560017 30.7297676607, -87.7272710018 30.7295196609, -87.7270420014 30.7290586609, -87.7269970012 30.728887661, -87.7269970012 30.7286676608, -87.7270100016 30.7286016602, -87.727003002 30.7283546605, -87.7269520019 30.7281786601, -87.7269080015 30.7281176608, -87.7266650019 30.7279366608, -87.7265630018 30.7278096602, -87.7264930014 30.7276286604, -87.7264170013 30.7273256606, -87.7263340014 30.7271936607, -87.7258820015 30.7269246603, -87.7250980013 30.7264896605, -87.7246720005 30.7262146604, -87.7245380006 30.7261106601, -87.724392001 30.7260506602, -87.7242260004 30.7260396601, -87.7240410005 30.7260556603, -87.7238760006 30.7261056601, -87.7237740005 30.7261056601, -87.7236720004 30.7260726605, -87.7234940001 30.7259626599, -87.7233340003 30.72579766, -87.7230930003 30.7254786603, -87.7227290002 30.7251646596, -87.7224620002 30.7248956598, -87.7223030002 30.72477466, -87.7221879997 30.72462666, -87.7221309998 30.7244886601, -87.7220799998 30.72429666, -87.7220289997 30.7241866597, -87.7217550001 30.7239276598, -87.7216849997 30.7237956599, -87.7216720002 30.7237076598, -87.7216849997 30.7236636598, -87.7217669998 30.7235596598, -87.7217869999 30.7235156597, -87.7217740003 30.7234056593, -87.7215130002 30.7232406596, -87.7214620002 30.7231966594, -87.7213789994 30.7230866594, -87.7213280003 30.7229436594, -87.7212959996 30.7226356593, -87.721309 30.7222886593, -87.7213279994 30.7221296596, -87.7213779996 30.7219806594, -87.7213779996 30.7218436596, -87.7213269995 30.7217276593, -87.721155 30.7215406593, -87.7211169995 30.7214586591, -87.7211109996 30.721392659, -87.7210599996 30.7212986595, -87.7209769997 30.7212386589, -87.7208689998 30.7212166591, -87.7207219995 30.721227659, -87.7204609994 30.721315659, -87.7203659998 30.7213266589, -87.7202379998 30.721315659, -87.7201369995 30.7212716594, -87.7200659994 30.7212216594, -87.7199389991 30.7210236593, -87.7198559993 30.720957659, -87.7198119989 30.7209356591, -87.7196459992 30.7209026593, -87.7193469995 30.7206836594, -87.7191999992 30.7205956589, -87.7191499989 30.7205786592, -87.7189969988 30.7205896592, -87.7189459987 30.7205676593, -87.718887999 30.7205126593, -87.7188949987 30.7204796594, -87.7188179987 30.720419659, -87.7187159986 30.720408659, -87.7183979985 30.720507659, -87.7182009989 30.7203696594, -87.7181499989 30.7203696594, -87.7179969987 30.7203146593, -87.7178949986 30.7202486592, -87.7178379987 30.7201826591, -87.7177419984 30.7200456591, -87.7176589986 30.7199796588, -87.7174809983 30.7199136593, -87.7172269988 30.7198806591, -87.7171309985 30.7198206592, -87.7171119982 30.719677659, -87.7170929989 30.7196276589, -87.7170099981 30.7195286588, -87.7168249982 30.7194136589, -87.7167929984 30.7193806585, -87.7167999981 30.7192976587, -87.7167869985 30.7191216589, -87.716748998 30.7190336592, -87.7166599983 30.7189076585, -87.7165829983 30.7188466586, -87.7164879979 30.7188026587, -87.7164369978 30.7187916585, -87.7164109979 30.7187586587, -87.7163859987 30.7186106588, -87.7165449987 30.7184346584, -87.7166399982 30.7182576584, -87.7167169982 30.7178616588, -87.7167229981 30.7176586583, -87.7166969981 30.7174876582, -87.7166269987 30.7173336581, -87.7165889982 30.7172896582, -87.7165189979 30.7172516581, -87.7164429986 30.7172346587, -87.7163789981 30.7172846584, -87.7162639985 30.7174276583, -87.7161629982 30.7175096581, -87.7161119982 30.7175316588, -87.7160349982 30.7175426583, -87.715958998 30.7175156587, -87.7158949984 30.7174606586, -87.7158629977 30.7174106582, -87.7158499982 30.7172846584, -87.7158889977 30.7170646588, -87.7159139978 30.7169876584, -87.7160479977 30.716745658, -87.716199998 30.7165526585, -87.7164809982 30.716332658, -87.7168749984 30.7158376581, -87.716989998 30.7156176583, -87.7170089983 30.7154916577, -87.7170089983 30.7153756583, -87.7169579982 30.7152436582, -87.7168109979 30.7150296578, -87.7167789981 30.7149636579, -87.7167669985 30.7148256581, -87.7167219982 30.7147436576, -87.7166389984 30.7146496578, -87.716594998 30.7145346582, -87.7166139983 30.7143136575, -87.7166839977 30.7140556575, -87.716753998 30.713873658, -87.716835998 30.7137416575, -87.7172369979 30.7133786572, -87.7174089983 30.7131586579, -87.7174659982 30.7130326572, -87.7174729979 30.7129446574, -87.7174149982 30.7128506574, -87.7172049981 30.7127136578, -87.7170199982 30.7126196575, -87.7163329981 30.7121856574, -87.716122998 30.7120756572, -87.7159509976 30.7120036575, -87.7158549982 30.7119266569, -87.7158299981 30.7118556572, -87.7158679978 30.7116246573, -87.7159889981 30.711272657, -87.7160579977 30.7109036572, -87.7161979975 30.7104416569, -87.7163829983 30.7100846568, -87.7164399982 30.7099136565, -87.7165229981 30.709473657, -87.7166239983 30.7091216566, -87.7167259975 30.7087146567, -87.7167069982 30.7085056566, -87.7166559981 30.7083516568, -87.7165289979 30.7080376567, -87.7164389975 30.7078836562, -87.7164199981 30.7077576563, -87.7164389975 30.7075756566, -87.7165089978 30.7074436559, -87.7165669975 30.707383656, -87.7166179976 30.7073776563, -87.7166879979 30.7073886562, -87.716738998 30.7074106561, -87.7167959979 30.7074166566, -87.716897998 30.7073996562, -87.7169679983 30.7073616561, -87.7169929975 30.7072956564, -87.716979998 30.7071576564, -87.7168589976 30.7068336558, -87.7168149981 30.7066026562, -87.7168019977 30.7062836563, -87.7167759978 30.706239656, -87.7166999976 30.7061676558, -87.7162289974 30.7060196559, -87.7158599974 30.705865656, -87.7157069972 30.7057496557, -87.7155859977 30.7054366559, -87.7156489975 30.7051726555, -87.7157699978 30.705056656, -87.7159229971 30.7049306556, -87.7160629977 30.7047926561, -87.7162859973 30.7046226558, -87.7164379977 30.7044406556, -87.7166039973 30.7041766555, -87.7166479977 30.7040446556, -87.7166609972 30.7039126555, -87.7165649979 30.7034726557, -87.7165019972 30.7033566557, -87.7163549978 30.7031916557, -87.7160179975 30.7029006555, -87.7156609972 30.7024336549, -87.715476997 30.7022626549, -87.7150439974 30.701927655, -87.7148209969 30.7017626549, -87.7145149966 30.7015756549, -87.7142859972 30.7013666548, -87.7141649968 30.7012016553, -87.7139929964 30.7008166551, -87.7139479971 30.7006676551, -87.7139349966 30.7000956545, -87.7139609966 30.699474655, -87.7140309969 30.6990396541, -87.7140499972 30.6986876543, -87.7140369967 30.6982756545, -87.7139859967 30.6980766541, -87.7137499967 30.6975706545, -87.7135839961 30.6970596539, -87.7133869965 30.6966356541, -87.7130939966 30.6961186535, -87.7126989966 30.6953436533, -87.7124319957 30.6949636538, -87.7120879957 30.6945736533, -87.7118839955 30.6943266537, -87.7114069955 30.6939196532, -87.7110689954 30.6936606531, -87.7108969959 30.6935016533, -87.7105659954 30.6932376535, -87.7102029952 30.6928746533, -87.7100509958 30.6926986531, -87.7098409957 30.6925276536, -87.7097389956 30.6924726531, -87.7092359947 30.6923076531, -87.7083639947 30.692060653, -87.7078859948 30.6918956531, -87.7075299943 30.691758653, -87.7073519949 30.6917036529, -87.7070969946 30.691653653, -87.7069889947 30.6916206532, -87.7069189944 30.6915826531, -87.7068349947 30.6914136532, -87.7062049945 30.6914146528, -87.705704994 30.6913936527, -87.7041899934 30.6914136532, -87.7009179931 30.6914036533, -87.7000559923 30.6914086536, -87.6998459922 30.6913996534, -87.6994179926 30.6914106536, -87.6987689921 30.6914096532, -87.6981219922 30.691396653, -87.6974719919 30.6914086536, -87.6938769908 30.6914436535, -87.6934419906 30.6914556533, -87.6926489902 30.6914646535, -87.6919979901 30.6914626536, -87.6914209905 30.6914716538, -87.68975099 30.6914696538, -87.6872959887 30.6915016541, -87.6868599887 30.6915146535, -87.6866429889 30.6915106536, -87.6855629885 30.6915216538, -87.6853479884 30.6915186534, -87.6839789882 30.691532654, -87.6831159875 30.6915526536, -87.6820369878 30.6916106542, -87.681384987 30.6916266539, -87.6803049874 30.6916186541, -87.679655987 30.6916276543, -87.678788987 30.6916196536, -87.6783559864 30.6916276543, -87.6772689863 30.6916236544, -87.6768359858 30.6916286539, -87.6766199858 30.6916236544, -87.6762589862 30.6916286539, -87.676187986 30.6916366537, -87.6761169859 30.6916516539, -87.6760499859 30.6916746538, -87.6759849856 30.6917076544, -87.6759289856 30.691750654, -87.6758429853 30.6918606542, -87.6757709854 30.6919836543, -87.6747149852 30.694287655, -87.6746459856 30.6944166549, -87.6745659853 30.694537655, -87.6744749859 30.6946506546, -87.6743759853 30.6947556552, -87.6742669855 30.694851655, -87.6741539855 30.6949376552, -87.6739089853 30.6950896549, -87.6737789856 30.6951536553, -87.6736469854 30.6952096554, -87.6733709852 30.6953006554, -87.6732299856 30.6953326551, -87.671016985 30.6957826551, -87.6705869848 30.6958666554, -87.6693769838 30.6960766554, -87.6678899836 30.6963816552, -87.6672499834 30.6964986554, -87.666051983 30.6967316559, -87.664768983 30.6969616556, -87.6643419832 30.6970486558, -87.6642019826 30.6970826556, -87.6640629827 30.6971266554, -87.6636579826 30.6972846559, -87.6632559829 30.6974566558, -87.6627339827 30.6977126555, -87.6626039821 30.6977796559, -87.6619099823 30.6981766564, -87.6615369821 30.6984026562, -87.6609889819 30.6987586559, -87.660859982 30.6988276561, -87.6607929821 30.6988546564, -87.6606509818 30.6988936562, -87.6605069819 30.6989116561, -87.6601459822 30.6989196561, -87.659643982 30.6989216559, -87.6586249817 30.6989116561, -87.658115981 30.6989226562, -87.657171981 30.6989096563, -87.6570289809 30.6989266566, -87.6569609811 30.6989486561, -87.6568979804 30.6989856561, -87.6568469804 30.6990336562, -87.6567849805 30.6991586563, -87.6567709811 30.6992966562, -87.6567829808 30.6999416567, -87.6567889807 30.7012156567, -87.6567629807 30.7013586573, -87.6567339813 30.7014266569, -87.6566949809 30.701490657, -87.6566439809 30.7015466572, -87.6565889806 30.7015926571, -87.6558809806 30.7020846574, -87.6552789809 30.7024866569, -87.6549279804 30.702747657, -87.6543359808 30.7031676574, -87.6530739798 30.7040196573, -87.6528429799 30.7041956577, -87.6527349799 30.7042906579, -87.6526339796 30.7043946578, -87.6523099798 30.7047826576, -87.6515609797 30.7057616584, -87.6514699795 30.7058726583, -87.6513229792 30.7060316578, -87.6512199793 30.706131658, -87.6511019793 30.7062176582, -87.6510349793 30.7062516579, -87.6508959794 30.7062946579, -87.6507509796 30.7063076584, -87.6492519789 30.7062996582, -87.6485989791 30.7063256585, -87.6483479791 30.7063196579, -87.6478489784 30.7062846581, -87.6461099783 30.7062956581, -87.6445839778 30.7063196587, -87.641612977 30.7063316582, -87.6385859761 30.7063296586, -87.6375819758 30.706338659, -87.637077976 30.7063716584, -87.6360639757 30.7063776589, -87.6350559752 30.7063766587, -87.6345779754 30.7063696587, -87.6333829744 30.706317659, -87.6331649748 30.7062896584, -87.6329539749 30.7062876587, -87.6327419743 30.7063186585, -87.6325349746 30.7063636589, -87.632317974 30.7063906586, -87.6320989746 30.7063906586, -87.6310879738 30.7063686585, -87.6300719738 30.7063716591, -87.6290629735 30.7063576592, -87.6275489727 30.7063556588, -87.6245019726 30.7063716591, -87.621457971 30.706417659, -87.6199399709 30.7064286591, -87.6168999696 30.7064636596, -87.6153779693 30.7065196593, -87.6123399685 30.7065646597, -87.6108209686 30.7065746595, -87.6058299666 30.7066296596, -87.6056849668 30.7066246601, -87.6055409669 30.7066106594, -87.6053989666 30.7065786596, -87.6048429669 30.7064216599, -87.6046329668 30.7063916596, -87.6044199664 30.70638266, -87.6037729665 30.7063776597, -87.603626966 30.7063846596, -87.6034839659 30.7064046601, -87.6032719662 30.7064686599, -87.603072966 30.7065586599, -87.6026409662 30.7068006596, -87.602210966 30.7070716601, -87.6009339659 30.7078996601, -87.6000889656 30.7084616604, -87.5996829658 30.7087646601, -87.5992709651 30.7090596604, -87.5988339653 30.7093196602, -87.5979419652 30.7097936604, -87.5966199649 30.7105406609, -87.5957599645 30.7110786611, -87.5949169639 30.7116456615, -87.594500964 30.7119406615, -87.594079964 30.7122226616, -87.5936529642 30.7124906611, -87.5932169633 30.7127486615, -87.592771964 30.7129866613, -87.5923209639 30.7132166616, -87.5913889636 30.713597662, -87.5907129634 30.7138556617, -87.590519963 30.7139576619, -87.5903379625 30.7140756618, -87.5899259628 30.7143676616, -87.589498963 30.7146336619, -87.5890389627 30.7148456622, -87.5888379629 30.714922662, -87.588626963 30.7149796623, -87.5884139625 30.7150186625, -87.5877009625 30.7151226625, -87.5872759624 30.7151726625, -87.5870449624 30.7151736619, -87.5869219624 30.7151626621, -87.5871889623 30.7148496619, -87.5873119623 30.7146816619, -87.5875689623 30.7142506622, -87.5879939624 30.7133406618, -87.5885769627 30.7119436612, -87.5889079623 30.7109886615, -87.5902309624 30.7066446605, -87.5907019626 30.7051946598, -87.5911089632 30.7040166597, -87.5920579632 30.7014126594, -87.5922049626 30.7009276591, -87.5922779633 30.7004306592, -87.592284963 30.6999246589, -87.5922719626 30.6994166584, -87.5922699629 30.6988986585, -87.5923219628 30.6985076581, -87.5923779629 30.6983176586, -87.5925359631 30.6979276584, -87.5929489626 30.6970146583, -87.5933169629 30.6960866579, -87.5934529633 30.6956036577, -87.5935559632 30.6951106573, -87.5936559628 30.6941106571, -87.5937359632 30.6926076568, -87.593787963 30.6911006571, -87.5937659633 30.6906016568, -87.5936999632 30.6901086563, -87.5933249624 30.6881186557, -87.5932979626 30.6876116561, -87.5933479628 30.6871066561, -87.5935769623 30.6861216559, -87.593936963 30.6846636554, -87.5940119625 30.6844066553, -87.5941479629 30.6840316551, -87.5942359628 30.6838346549, -87.594336963 30.6836466552, -87.5951819633 30.6823956549, -87.5968899634 30.6799046544, -87.5974369637 30.6790506539, -87.5976619639 30.6786026541, -87.5978619639 30.6781376537, -87.5980529637 30.6776656536, -87.5982709632 30.6772036533, -87.5983779634 30.6770106535, -87.5985769636 30.6767256532, -87.598753964 30.6765086531, -87.5989509637 30.6762976532, -87.5991609637 30.6761016532, -87.5993859639 30.6759176529, -87.6008089644 30.6749236527, -87.6014959645 30.6743916527, -87.6039529646 30.6724186524, -87.6044489649 30.6719996523, -87.6046099655 30.671854652, -87.6048699649 30.6716026524, -87.6050659656 30.6713906521, -87.605253965 30.6711716519, -87.6054359655 30.670944652, -87.6056479652 30.6706546517, -87.6066379652 30.6692276518, -87.6073949656 30.668150651, -87.6079409662 30.6673536507, -87.6080829656 30.6671016509, -87.6082679655 30.6667076505, -87.6083759655 30.6664386507, -87.6084219655 30.6663036506, -87.6085019659 30.6660246504, -87.6085639658 30.6657426505, -87.6085899657 30.6656006503, -87.6086279662 30.6653136506, -87.6086489662 30.6650266508, -87.6086519656 30.6648826507, -87.6086379663 30.6645936506, -87.6084449659 30.6630836499, -87.6082299659 30.6614956498, -87.6081549655 30.6609926499, -87.6080849652 30.6604276493, -87.6079019658 30.6591446495, -87.6078029652 30.6583526489, -87.6077859655 30.6580626486, -87.607772965 30.6576256491, -87.6077759654 30.6573346491, -87.6077949657 30.6568996485, -87.6078219654 30.6566106486, -87.6079909655 30.6554076484, -87.6081449655 30.6542406481, -87.6081739649 30.6539526479, -87.6081779651 30.6536646476, -87.6081669652 30.6535196483, -87.6081489657 30.653377648, -87.6081199654 30.6532366483, -87.6080269655 30.6529656481, -87.6079689648 30.6528346477, -87.6079049653 30.6527066479, -87.6077589648 30.6524566479, -87.6075569651 30.6521586477, -87.6073409652 30.6518666475, -87.6072619647 30.6517446472, -87.6071909645 30.6516186476, -87.607064965 30.6513556476, -87.6070129651 30.6512186473, -87.6069709644 30.6510796475, -87.6069389646 30.6509366475, -87.6069159651 30.6507926472, -87.606895965 30.6505016475, -87.6068709649 30.6484806472, -87.6068919648 30.6481896467, -87.6069349644 30.6479026471, -87.6069909645 30.6476166467, -87.6070619647 30.6473346464, -87.6071509643 30.6470576463, -87.6072559648 30.6467866466, -87.607377965 30.6465246467, -87.6074819648 30.646332646, -87.6075969644 30.6461486463, -87.6078479645 30.6457936459, -87.6081239647 30.6454536461, -87.608506965 30.6450006463, -87.6097419652 30.6435796454, -87.6120919661 30.6408226446, -87.612425966 30.6404426447, -87.6127019662 30.6401076445, -87.6132679659 30.6394486444, -87.6137309666 30.6388926444, -87.614159966 30.6384006445, -87.6143899662 30.6381206447, -87.6145179662 30.6379436443, -87.6147559668 30.6375766444, -87.614852966 30.6373806439, -87.6150259662 30.636979644, -87.6151009666 30.6367746439, -87.6152259662 30.636360644, -87.6152789668 30.6361476436, -87.6153199669 30.635933644, -87.6153569667 30.6356086439, -87.6153679665 30.6354376438, -87.6153589663 30.6344166434, -87.6153629665 30.6342716438, -87.6153549661 30.6339126431, -87.6153639663 30.6329216428, -87.6153569667 30.6324156428, -87.6153649662 30.6321266431, -87.6153589663 30.6315866432, -87.6153649662 30.6311206428, -87.6153589663 30.6290666423, -87.6153589663 30.6288476421, -87.6172859667 30.6289936423, -87.6189469669 30.6291006421, -87.6195249672 30.6291656424, -87.6205389676 30.6292486424, -87.6220589682 30.6293846419, -87.6235809685 30.6295436421, -87.6250959692 30.6297346418, -87.6266059698 30.6299366423, -87.62811297 30.6301636419, -87.6296119699 30.6304026422, -87.6326059712 30.6309636418, -87.6340909717 30.631277642, -87.6385579729 30.632260642, -87.6400549731 30.632582642, -87.641557974 30.6328886423, -87.6430579737 30.6331516422, -87.6445619745 30.6333906421, -87.6460659753 30.633597642, -87.647575975 30.6338206423, -87.650586976 30.6342346422, -87.6581539788 30.6352926427, -87.6596219787 30.6354726423, -87.6611409795 30.6356226425, -87.66265698 30.6357406422, -87.667232981 30.6360516419, -87.6763709836 30.6366896423, -87.6788999846 30.6368726421, -87.6799059845 30.6369836416, -87.6809059846 30.6371676418, -87.6818859855 30.6374256417, -87.6828479851 30.6377546417, -87.6837729857 30.6381636419, -87.6855999865 30.6390646424, -87.689685987 30.6411006426, -87.6910729876 30.6417356426, -87.6924849884 30.642296643, -87.6934479886 30.6426316426, -87.6944249891 30.6429376428, -87.6953989893 30.6432036428, -87.6963869897 30.6434406431, -87.6973869898 30.6436446429, -87.6988809905 30.6439006431, -87.7078819928 30.6453676427, -87.7093889931 30.6456186427, -87.7108819931 30.6458896426, -87.7118709942 30.6460966428, -87.7128639937 30.6463316429, -87.7138439946 30.6465956427, -87.7148169949 30.646881643, -87.7191859962 30.6482546435, -87.7235599975 30.6496416434, -87.7250189972 30.6500936431, -87.726496998 30.6504906433, -87.7279749989 30.6508396434, -87.7294739987 30.6511306437, -87.7309799991 30.6513686431, -87.7319879996 30.6514946431, -87.7329950003 30.6515956435, -87.7340110003 30.6516746435, -87.7350270002 30.6517296432, -87.7360400007 30.6517546434, -87.7373950015 30.6517636435, -87.757394007 30.6518256425, -87.7589170071 30.6518116424, -87.7602240073 30.6518156424, -87.7610170077 30.6518166424, -87.7624950086 30.6518346426, -87.7808470131 30.6518836422, -87.7834600137 30.6519016415, -87.7844780143 30.6519356418, -87.7854900149 30.6519916422, -87.7865000151 30.6520756419, -87.7875080155 30.6521846416, -87.7885100153 30.6523196414, -87.7895130157 30.6524706417, -87.7905060161 30.6526526418, -87.791774016 30.6528976421, -87.7919270162 30.6532106415, -87.7923850168 30.6540966419, -87.7924420167 30.6542066417, -87.7929510165 30.6554826423, -87.7930780168 30.6558676425, -87.7934730168 30.6564066421, -87.7936890167 30.6566486424, -87.7937650168 30.6567696426, -87.7938800174 30.6568136423, -87.7939560175 30.6569566429, -87.7939820175 30.6570776428, -87.793918017 30.6576606427, -87.7942100171 30.658067643, -87.7942740176 30.6582166429, -87.7942870171 30.6583486429, -87.7942490174 30.6584586433, -87.7942040172 30.6585356432, -87.7941720175 30.6585626431, -87.7941090168 30.6586726432, -87.7939560175 30.6587716431, -87.7938790176 30.658870643, -87.7938160169 30.6591016432, -87.7937010173 30.6593986429, -87.7927720173 30.6602346431, -87.7923270171 30.6605316432, -87.7915760165 30.6609226436, -87.7913590168 30.6610986437, -87.791245017 30.6616266438, -87.7912190162 30.661780644, -87.7913210163 30.6619786435, -87.7917280169 30.662264644, -87.7921990171 30.6625396439, -87.7923390168 30.6626496442, -87.7924280174 30.6628146439, -87.7924790165 30.6630676439, -87.7925040167 30.6634856441, -87.792492017 30.6635736442, -87.7924910171 30.6637826442, -87.7925040167 30.6639586438, -87.792666017 30.6650196448, -87.7925270171 30.6655526444, -87.7926890175 30.6659706447, -87.7935010173 30.6677336453, -87.7932690175 30.6699376454, -87.7934550172 30.6706346454, -87.7937800178 30.6709126457, -87.7938490174 30.6713766455, -87.7938490174 30.6721186462, -87.7937100175 30.672629646, -87.7934080174 30.6731636459, -87.793107018 30.6736736466, -87.7928050178 30.6741606466, -87.7925270171 30.6742536467, -87.7923930172 30.6742766462, -87.7924490173 30.6746056468, -87.7924730176 30.6748716469, -87.7924250179 30.6753146466, -87.7923310173 30.6756526469, -87.7922180173 30.6762856469, -87.7922140171 30.6764116469, -87.7921890179 30.6764376466, -87.7921520172 30.6766126466, -87.7921460173 30.6768496469, -87.7921700176 30.6769696469, -87.7923250174 30.6771986468, -87.7928280174 30.6778266472, -87.792989018 30.6783236476, -87.7930670178 30.6785956475, -87.7930930177 30.6788236477, -87.7930900183 30.6790476477, -87.7930580176 30.6791806476, -87.793025018 30.6794136473, -87.7929830181 30.6794576475, -87.7929130178 30.6796466473, -87.792881018 30.6796676476, -87.7927160182 30.6799686479, -87.7922260177 30.6806856477, -87.7919280178 30.6810686477, -87.7912310177 30.6819186478, -87.7910310176 30.6821156481, -87.7908210176 30.682500648, -87.7908080172 30.6825386486, -87.7904130171 30.6832486486, -87.7900180171 30.6838866489, -87.7898910169 30.6842056486, -87.7898020172 30.684458649, -87.7897640176 30.6846016489, -87.7897380168 30.6849706488, -87.7897510172 30.6850146488, -87.7897450173 30.6850586487, -87.7897510172 30.6851356491, -87.7897250172 30.6852566492, -87.7897250172 30.6854266488, -87.7897440175 30.6857346488, -87.7897700174 30.6858506491, -87.7897950176 30.685866649, -87.789783017 30.685949649, -87.7898720175 30.6862626494, -87.7902020173 30.6870166496, -87.7902790173 30.6873026493, -87.7903170178 30.6875166495, -87.7903550174 30.6879676493, -87.7904250177 30.6882986496, -87.7904500179 30.68834165, -87.7904570175 30.6883856499, -87.7905330177 30.6885406496, -87.7907180176 30.6888096496, -87.7909080176 30.6890076494, -87.7910230181 30.6892276497, -87.7912140179 30.6896896496, -87.7912520176 30.6902176502, -87.7912770177 30.6903716497, -87.7912720177 30.6908046502, -87.7922830185 30.6913066505, -87.792214018 30.6919796505, -87.7921210181 30.6927686503, -87.7918660179 30.693859651, -87.7917790178 30.6948026509, -87.791819018 30.6949726507, -87.7919120179 30.6956686512, -87.7922370185 30.695831651, -87.7923300184 30.6962956516, -87.7925150183 30.6968056514, -87.7927010181 30.6971076518, -87.7930020184 30.6979426514, -87.7930260187 30.698453652, -87.7929560184 30.6988936516, -87.7930420186 30.6999566524, -87.7932340191 30.7002626518, -87.793327019 30.7010286525, -87.793722019 30.7017706524, -87.7936750191 30.7022346523, -87.7941160192 30.702722653, -87.7946030192 30.702768653, -87.7951830192 30.7030006528, -87.7956940196 30.7030936529, -87.7953460194 30.7032326528, -87.7950210197 30.7037436532, -87.7954390193 30.7042766531, -87.7949980193 30.704439653, -87.7943950197 30.7049036532, -87.794163019 30.7051816529, -87.7939070189 30.7057146534, -87.7939300194 30.7061086538, -87.7940690193 30.7066436533, -87.794235019 30.7069716539, -87.7945330198 30.7076496538, -87.7948010196 30.708199654, -87.7950930197 30.7090906538, -87.7951440197 30.7094096545, -87.7951690199 30.7098386538, -87.7951190196 30.7101246546, -87.7949660195 30.7103996542, -87.7948000198 30.7107626542, -87.7943930201 30.7113346549, -87.7937370191 30.7121706551, -87.7933930191 30.7126326548, -87.7933480198 30.7126766545, -87.7932720196 30.7127816548, -87.7926540191 30.7137936555, -87.7926350189 30.7138376554, -87.7926410196 30.7138816553, -87.792552019 30.7139746549, -87.7924510196 30.7141786549, -87.7924060194 30.7142386552, -87.7924060194 30.714288655, -87.7921770191 30.7147946556, -87.7920300188 30.7152506552, -87.7918960189 30.7157626555, -87.7917120188 30.7163786554, -87.791444019 30.7167086555, -87.7908070191 30.7176766562, -87.7905020186 30.7182486561, -87.7905780188 30.7187546561, -87.790731019 30.7194586563, -87.7906920186 30.7203386564, -87.7907240193 30.721449657, -87.7907110189 30.7218896567, -87.7905330195 30.7222966573, -87.7903800193 30.7228466574, -87.7902780192 30.7230996576, -87.7901250191 30.7235506571, -87.7901500192 30.7238256571, -87.7901250191 30.7243976575, -87.7901880188 30.7249206573, -87.7902010192 30.7253826578, -87.7902260193 30.7256906576, -87.7901880188 30.7258446576, -87.7900850189 30.7260736582, -87.7888090186 30.7235616576, -87.7885600182 30.7236816574, -87.7883020185 30.7238266571, -87.7882400185 30.7238686578, -87.7878930182 30.7241436576, -87.7873470186 30.7246186575, -87.7870690178 30.7248486579, -87.7867700181 30.7250446578, -87.7864510182 30.7252116575, -87.786129018 30.7253906579, -87.7852060179 30.725936658, -87.7849020173 30.726124658, -87.7847320174 30.7262626578, -87.7846540176 30.7263886582, -87.7845630173 30.7267396581, -87.7844870172 30.7270946583, -87.7844740176 30.7274456588, -87.7844940177 30.7298186586, -87.7844900175 30.7305366594, -87.7845010174 30.7325256592, -87.7845160175 30.73378466, -87.7845090178 30.7351886601, -87.784400018 30.7351086598, -87.784349018 30.7350796598, -87.784267018 30.73505866))
POLYGON ((-87.7519650161 30.8901896953, -87.7514410153 30.8898016954, -87.7509110156 30.889422695, -87.7506800156 30.8893186954, -87.7505380153 30.8892716952, -87.7502510153 30.889208695, -87.7489590151 30.889007695, -87.7473390149 30.888731695, -87.7464520139 30.8885616952, -87.746159014 30.8885266953, -87.7458700143 30.8885036954, -87.7455820144 30.8884926953, -87.7450500141 30.8884916954, -87.7438530135 30.888523695, -87.7425480129 30.8885506951, -87.7421840128 30.8885526949, -87.7419680129 30.8885596955, -87.7416060125 30.8885836953, -87.7414630124 30.888602695, -87.7411760124 30.8886526951, -87.7410330132 30.8886886955, -87.7405530128 30.8888466952, -87.7398680123 30.8890886951, -87.7395900125 30.8891756951, -87.7393100121 30.8892506951, -87.7390960118 30.8892976953, -87.7388070121 30.8893436956, -87.7386600118 30.8893576951, -87.7382770124 30.8893696957, -87.7380300116 30.8893706956, -87.7375960122 30.8893466952, -87.7372860116 30.8893166957, -87.7364210113 30.8892016952, -87.7349670107 30.8890336952, -87.7314610102 30.8886466959, -87.7308120097 30.8885636957, -87.7290850093 30.8883696957, -87.7286550092 30.8883096953, -87.7282270096 30.8882356959, -87.7278750092 30.8881626956, -87.7273850088 30.8880406954, -87.7270370086 30.8879386956, -87.7257930081 30.8875486953, -87.7251760084 30.8873366956, -87.7243460081 30.8870766957, -87.723798008 30.8868946952, -87.7232260075 30.8867206957, -87.7228120072 30.8865696955, -87.7226790072 30.8865096955, -87.7223630077 30.8863316957, -87.7221240073 30.8861636953, -87.7219030074 30.8859766951, -87.7210850069 30.8851516955, -87.7194250065 30.8834386947, -87.7172980061 30.8812746946, -87.7169380053 30.8808906946, -87.7165370055 30.8804936946, -87.7162720052 30.8802596941, -87.7159840053 30.8800506943, -87.7156820052 30.8798596939, -87.7153630053 30.8796816941, -87.7055020026 30.8743296935, -87.7042310015 30.8736296932, -87.6994579999 30.8710446927, -87.6991520005 30.8708626926, -87.6988529999 30.8706626927, -87.6985630003 30.8704476924, -87.6982799996 30.8702216926, -87.6947289988 30.8671166918, -87.6943249986 30.866755692, -87.6939159983 30.8663926921, -87.6885769971 30.8617406908, -87.6874369963 30.8607366911, -87.6843689954 30.8580716901, -87.6836199954 30.8573986903, -87.6832489948 30.8570536901, -87.6829129952 30.8566796898, -87.6825939954 30.8562866898, -87.6822959946 30.8558756898, -87.6820349944 30.8554396898, -87.6818039945 30.8549856901, -87.6813879945 30.8540596895, -87.6808929941 30.8531806894, -87.6806029945 30.8527706895, -87.6804319939 30.8525426891, -87.6799939943 30.8520176892, -87.6791189939 30.8510046894, -87.6788169937 30.8506386893, -87.6771579932 30.8487206887, -87.6761729931 30.8475596882, -87.674188992 30.8452526876, -87.6732059916 30.8440956874, -87.6728969918 30.8436986876, -87.6726369915 30.8432646877, -87.6724539912 30.8427916871, -87.6723069918 30.8423066871, -87.6713569911 30.8388956865, -87.6712119913 30.8384106868, -87.6710249908 30.8379396862, -87.6707809913 30.8374956864, -87.6704829905 30.8370866861, -87.670156991 30.8366996861, -87.6694899901 30.8359376864, -87.6688099905 30.835188686, -87.6680609896 30.8345086854, -87.66728399 30.8338626856, -87.6637439882 30.830978685, -87.6625689882 30.8300076852, -87.6621729884 30.8296906847, -87.6617989883 30.8293546848, -87.6614599875 30.8289806846, -87.6611419875 30.8285866847, -87.6573579861 30.8238286837, -87.6564069865 30.8226476835, -87.6554629855 30.8214496831, -87.6526149847 30.8178826825, -87.6516709847 30.8166876824, -87.6504009843 30.8151016819, -87.6500789841 30.8147106818, -87.6492489839 30.8138006817, -87.6489829838 30.8135586815, -87.6488439838 30.8134146818, -87.6485799833 30.8131606821, -87.6481959832 30.8128256814, -87.6439269824 30.8092436812, -87.6428729819 30.8083706806, -87.6427709818 30.8082736806, -87.6404289813 30.8063216808, -87.6380979807 30.80436368, -87.6373369801 30.8037366798, -87.6365119799 30.8031306798, -87.6356829795 30.8025476796, -87.6344469794 30.80166568, -87.6307159778 30.7990406793, -87.6299029773 30.7984436793, -87.6291149779 30.7978096788, -87.627949977 30.7968366792, -87.6257349768 30.7950056783, -87.6232749754 30.7929476782, -87.6221039756 30.7919816779, -87.6185899737 30.7890526773, -87.6177559742 30.7884636773, -87.6168819736 30.7879436772, -87.6125319726 30.7854696768, -87.6119839724 30.785149677, -87.6093339711 30.7836396764, -87.6089029711 30.7833796765, -87.6084899706 30.7830876766, -87.6081129711 30.7827486768, -87.6077839712 30.782364676, -87.607497971 30.7819486766, -87.606948971 30.7810926764, -87.6060219707 30.7796176757, -87.6058159699 30.7793226761, -87.6055339699 30.7788606758, -87.6051389699 30.7782486757, -87.6046129694 30.7773826756, -87.6043649697 30.7769416752, -87.6041299696 30.7764936748, -87.6028109687 30.7737566748, -87.6014719687 30.7710306738, -87.5994829675 30.7669306728, -87.5983369679 30.7645976724, -87.5974919667 30.7628336721, -87.595499966 30.7587326712, -87.5948259664 30.7573736713, -87.5934969655 30.754644671, -87.5931449651 30.7539376708, -87.592832965 30.7532816708, -87.5922049653 30.7518986703, -87.5916889649 30.7504706702, -87.5901599641 30.7461676691, -87.5898549645 30.7452026691, -87.5896329638 30.7442166685, -87.589446964 30.7432226685, -87.5889149638 30.7402326681, -87.5879709628 30.7350446666, -87.5873049627 30.7312686659, -87.5870329627 30.7297756651, -87.5869299628 30.7292776657, -87.5867769626 30.728792665, -87.5865629623 30.7283306654, -87.5863139628 30.727887665, -87.5855219622 30.726586665, -87.5847139618 30.7252956646, -87.5844379616 30.7248706646, -87.5841369613 30.7244616648, -87.5838029614 30.724078664, -87.5831059613 30.723348664, -87.5825899609 30.7228496637, -87.5824639614 30.7227116644, -87.5825899609 30.7220706642, -87.582896961 30.7200656637, -87.5829999609 30.7195686635, -87.5830629616 30.7193616632, -87.5831469613 30.7191636631, -87.5832519608 30.7189756635, -87.5833779612 30.718798663, -87.5837209614 30.718425663, -87.5869219624 30.7151626621, -87.5870449624 30.7151736619, -87.5872759624 30.7151726625, -87.5877009625 30.7151226625, -87.5884139625 30.7150186625, -87.588626963 30.7149796623, -87.5888379629 30.714922662, -87.5890389627 30.7148456622, -87.589498963 30.7146336619, -87.5899259628 30.7143676616, -87.5903379625 30.7140756618, -87.590519963 30.7139576619, -87.5907129634 30.7138556617, -87.5913889636 30.713597662, -87.5923209639 30.7132166616, -87.592771964 30.7129866613, -87.5932169633 30.7127486615, -87.5936529642 30.7124906611, -87.594079964 30.7122226616, -87.594500964 30.7119406615, -87.5949169639 30.7116456615, -87.5957599645 30.7110786611, -87.5966199649 30.7105406609, -87.5979419652 30.7097936604, -87.5988339653 30.7093196602, -87.5992709651 30.7090596604, -87.5996829658 30.7087646601, -87.6000889656 30.7084616604, -87.6009339659 30.7078996601, -87.602210966 30.7070716601, -87.6026409662 30.7068006596, -87.603072966 30.7065586599, -87.6032719662 30.7064686599, -87.6034839659 30.7064046601, -87.603626966 30.7063846596, -87.6037729665 30.7063776597, -87.6044199664 30.70638266, -87.6046329668 30.7063916596, -87.6048429669 30.7064216599, -87.6053989666 30.7065786596, -87.6055409669 30.7066106594, -87.6056849668 30.7066246601, -87.6058299666 30.7066296596, -87.6108209686 30.7065746595, -87.6123399685 30.7065646597, -87.6153779693 30.7065196593, -87.6168999696 30.7064636596, -87.6199399709 30.7064286591, -87.621457971 30.706417659, -87.6245019726 30.7063716591, -87.6275489727 30.7063556588, -87.6290629735 30.7063576592, -87.6300719738 30.7063716591, -87.6310879738 30.7063686585, -87.6320989746 30.7063906586, -87.632317974 30.7063906586, -87.6325349746 30.7063636589, -87.6327419743 30.7063186585, -87.6329539749 30.7062876587, -87.6331649748 30.7062896584, -87.6333829744 30.706317659, -87.6345779754 30.7063696587, -87.6350559752 30.7063766587, -87.6360639757 30.7063776589, -87.637077976 30.7063716584, -87.6375819758 30.706338659, -87.6385859761 30.7063296586, -87.641612977 30.7063316582, -87.6445839778 30.7063196587, -87.6461099783 30.7062956581, -87.6478489784 30.7062846581, -87.6483479791 30.7063196579, -87.6485989791 30.7063256585, -87.6492519789 30.7062996582, -87.6507509796 30.7063076584, -87.6508959794 30.7062946579, -87.6510349793 30.7062516579, -87.6511019793 30.7062176582, -87.6512199793 30.706131658, -87.6513229792 30.7060316578, -87.6514699795 30.7058726583, -87.6515609797 30.7057616584, -87.6523099798 30.7047826576, -87.6526339796 30.7043946578, -87.6527349799 30.7042906579, -87.6528429799 30.7041956577, -87.6530739798 30.7040196573, -87.6543359808 30.7031676574, -87.6549279804 30.702747657, -87.6552789809 30.7024866569, -87.6558809806 30.7020846574, -87.6565889806 30.7015926571, -87.6566439809 30.7015466572, -87.6566949809 30.701490657, -87.6567339813 30.7014266569, -87.6567629807 30.7013586573, -87.6567889807 30.7012156567, -87.6567829808 30.6999416567, -87.6567709811 30.6992966562, -87.6567849805 30.6991586563, -87.6568469804 30.6990336562, -87.6568979804 30.6989856561, -87.6569609811 30.6989486561, -87.6570289809 30.6989266566, -87.657171981 30.6989096563, -87.658115981 30.6989226562, -87.6586249817 30.6989116561, -87.659643982 30.6989216559, -87.6601459822 30.6989196561, -87.6605069819 30.6989116561, -87.6606509818 30.6988936562, -87.6607929821 30.6988546564, -87.660859982 30.6988276561, -87.6609889819 30.6987586559, -87.6615369821 30.6984026562, -87.6619099823 30.6981766564, -87.6626039821 30.6977796559, -87.6627339827 30.6977126555, -87.6632559829 30.6974566558, -87.6636579826 30.6972846559, -87.6640629827 30.6971266554, -87.6642019826 30.6970826556, -87.6643419832 30.6970486558, -87.664768983 30.6969616556, -87.666051983 30.6967316559, -87.6672499834 30.6964986554, -87.6678899836 30.6963816552, -87.6693769838 30.6960766554, -87.6705869848 30.6958666554, -87.671016985 30.6957826551, -87.6732299856 30.6953326551, -87.6733709852 30.6953006554, -87.6736469854 30.6952096554, -87.6737789856 30.6951536553, -87.6739089853 30.6950896549, -87.6741539855 30.6949376552, -87.6742669855 30.694851655, -87.6743759853 30.6947556552, -87.6744749859 30.6946506546, -87.6745659853 30.694537655, -87.6746459856 30.6944166549, -87.6747149852 30.694287655, -87.6757709854 30.6919836543, -87.6758429853 30.6918606542, -87.6759289856 30.691750654, -87.6759849856 30.6917076544, -87.6760499859 30.6916746538, -87.6761169859 30.6916516539, -87.676187986 30.6916366537, -87.6762589862 30.6916286539, -87.6766199858 30.6916236544, -87.6768359858 30.6916286539, -87.6772689863 30.6916236544, -87.6783559864 30.6916276543, -87.678788987 30.6916196536, -87.679655987 30.6916276543, -87.6803049874 30.6916186541, -87.681384987 30.6916266539, -87.6820369878 30.6916106542, -87.6831159875 30.6915526536, -87.6839789882 30.691532654, -87.6853479884 30.6915186534, -87.6855629885 30.6915216538, -87.6866429889 30.6915106536, -87.6868599887 30.6915146535, -87.6872959887 30.6915016541, -87.68975099 30.6914696538, -87.6914209905 30.6914716538, -87.6919979901 30.6914626536, -87.6926489902 30.6914646535, -87.6934419906 30.6914556533, -87.6938769908 30.6914436535, -87.6974719919 30.6914086536, -87.6981219922 30.691396653, -87.6987689921 30.6914096532, -87.6994179926 30.6914106536, -87.6998459922 30.6913996534, -87.7000559923 30.6914086536, -87.7009179931 30.6914036533, -87.7041899934 30.6914136532, -87.705704994 30.6913936527, -87.7062049945 30.6914146528, -87.7068349947 30.6914136532, -87.7069189944 30.6915826531, -87.7069889947 30.6916206532, -87.7070969946 30.691653653, -87.7073519949 30.6917036529, -87.7075299943 30.691758653, -87.7078859948 30.6918956531, -87.7083639947 30.692060653, -87.7092359947 30.6923076531, -87.7097389956 30.6924726531, -87.7098409957 30.6925276536, -87.7100509958 30.6926986531, -87.7102029952 30.6928746533, -87.7105659954 30.6932376535, -87.7108969959 30.6935016533, -87.7110689954 30.6936606531, -87.7114069955 30.6939196532, -87.7118839955 30.6943266537, -87.7120879957 30.6945736533, -87.7124319957 30.6949636538, -87.7126989966 30.6953436533, -87.7130939966 30.6961186535, -87.7133869965 30.6966356541, -87.7135839961 30.6970596539, -87.7137499967 30.6975706545, -87.7139859967 30.6980766541, -87.7140369967 30.6982756545, -87.7140499972 30.6986876543, -87.7140309969 30.6990396541, -87.7139609966 30.699474655, -87.7139349966 30.7000956545, -87.7139479971 30.7006676551, -87.7139929964 30.7008166551, -87.7141649968 30.7012016553, -87.7142859972 30.7013666548, -87.7145149966 30.7015756549, -87.7148209969 30.7017626549, -87.7150439974 30.701927655, -87.715476997 30.7022626549, -87.7156609972 30.7024336549, -87.7160179975 30.7029006555, -87.7163549978 30.7031916557, -87.7165019972 30.7033566557, -87.7165649979 30.7034726557, -87.7166609972 30.7039126555, -87.7166479977 30.7040446556, -87.7166039973 30.7041766555, -87.7164379977 30.7044406556, -87.7162859973 30.7046226558, -87.7160629977 30.7047926561, -87.7159229971 30.7049306556, -87.7157699978 30.705056656, -87.7156489975 30.7051726555, -87.7155859977 30.7054366559, -87.7157069972 30.7057496557, -87.7158599974 30.705865656, -87.7162289974 30.7060196559, -87.7166999976 30.7061676558, -87.7167759978 30.706239656, -87.7168019977 30.7062836563, -87.7168149981 30.7066026562, -87.7168589976 30.7068336558, -87.716979998 30.7071576564, -87.7169929975 30.7072956564, -87.7169679983 30.7073616561, -87.716897998 30.7073996562, -87.7167959979 30.7074166566, -87.716738998 30.7074106561, -87.7166879979 30.7073886562, -87.7166179976 30.7073776563, -87.7165669975 30.707383656, -87.7165089978 30.7074436559, -87.7164389975 30.7075756566, -87.7164199981 30.7077576563, -87.7164389975 30.7078836562, -87.7165289979 30.7080376567, -87.7166559981 30.7083516568, -87.7167069982 30.7085056566, -87.7167259975 30.7087146567, -87.7166239983 30.7091216566, -87.7165229981 30.709473657, -87.7164399982 30.7099136565, -87.7163829983 30.7100846568, -87.7161979975 30.7104416569, -87.7160579977 30.7109036572, -87.7159889981 30.711272657, -87.7158679978 30.7116246573, -87.7158299981 30.7118556572, -87.7158549982 30.7119266569, -87.7159509976 30.7120036575, -87.716122998 30.7120756572, -87.7163329981 30.7121856574, -87.7170199982 30.7126196575, -87.7172049981 30.7127136578, -87.7174149982 30.7128506574, -87.7174729979 30.7129446574, -87.7174659982 30.7130326572, -87.7174089983 30.7131586579, -87.7172369979 30.7133786572, -87.716835998 30.7137416575, -87.716753998 30.713873658, -87.7166839977 30.7140556575, -87.7166139983 30.7143136575, -87.716594998 30.7145346582, -87.7166389984 30.7146496578, -87.7167219982 30.7147436576, -87.7167669985 30.7148256581, -87.7167789981 30.7149636579, -87.7168109979 30.7150296578, -87.7169579982 30.7152436582, -87.7170089983 30.7153756583, -87.7170089983 30.7154916577, -87.716989998 30.7156176583, -87.7168749984 30.7158376581, -87.7164809982 30.716332658, -87.716199998 30.7165526585, -87.7160479977 30.716745658, -87.7159139978 30.7169876584, -87.7158889977 30.7170646588, -87.7158499982 30.7172846584, -87.7158629977 30.7174106582, -87.7158949984 30.7174606586, -87.715958998 30.7175156587, -87.7160349982 30.7175426583, -87.7161119982 30.7175316588, -87.7161629982 30.7175096581, -87.7162639985 30.7174276583, -87.7163789981 30.7172846584, -87.7164429986 30.7172346587, -87.7165189979 30.7172516581, -87.7165889982 30.7172896582, -87.7166269987 30.7173336581, -87.7166969981 30.7174876582, -87.7167229981 30.7176586583, -87.7167169982 30.7178616588, -87.7166399982 30.7182576584, -87.7165449987 30.7184346584, -87.7163859987 30.7186106588, -87.7164109979 30.7187586587, -87.7164369978 30.7187916585, -87.7164879979 30.7188026587, -87.7165829983 30.7188466586, -87.7166599983 30.7189076585, -87.716748998 30.7190336592, -87.7167869985 30.7191216589, -87.7167999981 30.7192976587, -87.7167929984 30.7193806585, -87.7168249982 30.7194136589, -87.7170099981 30.7195286588, -87.7170929989 30.7196276589, -87.7171119982 30.719677659, -87.7171309985 30.7198206592, -87.7172269988 30.7198806591, -87.7174809983 30.7199136593, -87.7176589986 30.7199796588, -87.7177419984 30.7200456591, -87.7178379987 30.7201826591, -87.7178949986 30.7202486592, -87.7179969987 30.7203146593, -87.7181499989 30.7203696594, -87.7182009989 30.7203696594, -87.7183979985 30.720507659, -87.7187159986 30.720408659, -87.7188179987 30.720419659, -87.7188949987 30.7204796594, -87.718887999 30.7205126593, -87.7189459987 30.7205676593, -87.7189969988 30.7205896592, -87.7191499989 30.7205786592, -87.7191999992 30.7205956589, -87.7193469995 30.7206836594, -87.7196459992 30.7209026593, -87.7198119989 30.7209356591, -87.7198559993 30.720957659, -87.7199389991 30.7210236593, -87.7200659994 30.7212216594, -87.7201369995 30.7212716594, -87.7202379998 30.721315659, -87.7203659998 30.7213266589, -87.7204609994 30.721315659, -87.7207219995 30.721227659, -87.7208689998 30.7212166591, -87.7209769997 30.7212386589, -87.7210599996 30.7212986595, -87.7211109996 30.721392659, -87.7211169995 30.7214586591, -87.721155 30.7215406593, -87.7213269995 30.7217276593, -87.7213779996 30.7218436596, -87.7213779996 30.7219806594, -87.7213279994 30.7221296596, -87.721309 30.7222886593, -87.7212959996 30.7226356593, -87.7213280003 30.7229436594, -87.7213789994 30.7230866594, -87.7214620002 30.7231966594, -87.7215130002 30.7232406596, -87.7217740003 30.7234056593, -87.7217869999 30.7235156597, -87.7217669998 30.7235596598, -87.7216849997 30.7236636598, -87.7216720002 30.7237076598, -87.7216849997 30.7237956599, -87.7217550001 30.7239276598, -87.7220289997 30.7241866597, -87.7220799998 30.72429666, -87.7221309998 30.7244886601, -87.7221879997 30.72462666, -87.7223030002 30.72477466, -87.7224620002 30.7248956598, -87.7227290002 30.7251646596, -87.7230930003 30.7254786603, -87.7233340003 30.72579766, -87.7234940001 30.7259626599, -87.7236720004 30.7260726605, -87.7237740005 30.7261056601, -87.7238760006 30.7261056601, -87.7240410005 30.7260556603, -87.7242260004 30.7260396601, -87.724392001 30.7260506602, -87.7245380006 30.7261106601, -87.7246720005 30.7262146604, -87.7250980013 30.7264896605, -87.7258820015 30.7269246603, -87.7263340014 30.7271936607, -87.7264170013 30.7273256606, -87.7264930014 30.7276286604, -87.7265630018 30.7278096602, -87.7266650019 30.7279366608, -87.7269080015 30.7281176608, -87.7269520019 30.7281786601, -87.727003002 30.7283546605, -87.7270100016 30.7286016602, -87.7269970012 30.7286676608, -87.7269970012 30.728887661, -87.7270420014 30.7290586609, -87.7272710018 30.7295196609, -87.7274560017 30.7297676607, -87.7277680019 30.7302296611, -87.7278890023 30.7304496609, -87.7281440025 30.7307796607, -87.7282780024 30.7309776608, -87.7284370024 30.7309996607, -87.728583002 30.7309826614, -87.728768002 30.7309226607, -87.7289590027 30.7309056613, -87.7292580024 30.7308996608, -87.7296600021 30.730993661, -87.7297870023 30.7309826606, -87.729927003 30.730954661, -87.7302640023 30.7309716611, -87.7305700027 30.730954661, -87.7313910026 30.7308666613, -87.7315700027 30.7308166609, -87.7317160032 30.7307396606, -87.7319010032 30.7306186612, -87.7320470028 30.7305686606, -87.7324160028 30.7305026606, -87.7326070035 30.7304366605, -87.7327350036 30.7303706604, -87.7331930033 30.7300956606, -87.7334410039 30.7300236605, -87.7338930038 30.7299966605, -87.734205004 30.7299466604, -87.7345110034 30.7299136606, -87.7349760038 30.7298306606, -87.7352750044 30.7298146602, -87.7355870037 30.7298196609, -87.7365420045 30.7299076607, -87.7375230043 30.7298846606, -87.7382420051 30.7298246607, -87.7385800052 30.7298186601, -87.738853005 30.7298456601, -87.7395430054 30.7299366607, -87.7397730056 30.7302276604, -87.7399420056 30.7304266609, -87.740315005 30.7308386608, -87.7409810061 30.7313266603, -87.7412490059 30.7314896609, -87.7506160079 30.7302186599, -87.7506100081 30.73036066, -87.7506150081 30.73103766, -87.7506060088 30.7313566606, -87.7506160079 30.7317816606, -87.7506730087 30.7319226607, -87.7508100081 30.7319866606, -87.7509590081 30.7320066604, -87.7514740086 30.7320226603, -87.7518350083 30.7320456607, -87.7529220093 30.7321376607, -87.753642009 30.7321616602, -87.754217009 30.7321666607, -87.7545300099 30.7321536606, -87.7549110096 30.73214966, -87.7552800097 30.7321506608, -87.7560040096 30.7321676607, -87.7563640103 30.7321566605, -87.7567110098 30.7320616607, -87.7570210103 30.7318716601, -87.7572880103 30.7316266601, -87.7575270106 30.7313546599, -87.75777701 30.7310926601, -87.7583630107 30.7306696601, -87.7586080109 30.7304106599, -87.758823011 30.7301186599, -87.7590600108 30.7298466601, -87.7593200111 30.7295936598, -87.7595980109 30.72936066, -87.7600980105 30.7289586597, -87.760234011 30.7288316597, -87.7606510107 30.7287736599, -87.7612330112 30.7287226592, -87.7615930111 30.7287276591, -87.7619550115 30.7287546594, -87.7634050118 30.7288996593, -87.7637670122 30.7289486591, -87.764122012 30.7290176594, -87.7644730117 30.7291086592, -87.7651710125 30.7293056597, -87.7658620128 30.7295206593, -87.7665460125 30.7297506596, -87.7668840126 30.7298726594, -87.7672150131 30.7300116593, -87.7678760132 30.7303026596, -87.7682170128 30.7304276593, -87.7685710137 30.7305176593, -87.7696360132 30.7307506595, -87.7699840134 30.7308366593, -87.7706760144 30.7310386599, -87.7710230138 30.7311286594, -87.7715730145 30.7312526596, -87.7717540143 30.7312866597, -87.7717530144 30.7327146602, -87.7717370145 30.7347956603, -87.7717670147 30.7349316603, -87.7718860145 30.7350316607, -87.7720350145 30.7350686607, -87.7721860141 30.7350716605, -87.7734980152 30.7350526605, -87.774618015 30.7350486601, -87.7839870176 30.7350316599, -87.784267018 30.73505866, -87.784349018 30.7350796598, -87.784400018 30.7351086598, -87.7845090178 30.7351886601, -87.7845160175 30.73378466, -87.7845010174 30.7325256592, -87.7844900175 30.7305366594, -87.7844940177 30.7298186586, -87.7844740176 30.7274456588, -87.7844870172 30.7270946583, -87.7845630173 30.7267396581, -87.7846540176 30.7263886582, -87.7847320174 30.7262626578, -87.7849020173 30.726124658, -87.7852060179 30.725936658, -87.786129018 30.7253906579, -87.7864510182 30.7252116575, -87.7867700181 30.7250446578, -87.7870690178 30.7248486579, -87.7873470186 30.7246186575, -87.7878930182 30.7241436576, -87.7882400185 30.7238686578, -87.7883020185 30.7238266571, -87.7885600182 30.7236816574, -87.7888090186 30.7235616576, -87.7900850189 30.7260736582, -87.79220802 30.7302526588, -87.7926020202 30.7310546593, -87.7927040203 30.7312986592, -87.7928580202 30.7317686589, -87.7930040198 30.732360659, -87.7930510206 30.7326066593, -87.7930580203 30.7326916592, -87.7930500199 30.7329736596, -87.7930640201 30.7348026598, -87.7930240199 30.7348816597, -87.7930580203 30.7373186604, -87.7930450207 30.7378846602, -87.7930580203 30.7386326607, -87.7931240204 30.7398996609, -87.7932040208 30.7408696608, -87.7933150211 30.7420296612, -87.7933920211 30.7425546615, -87.7934270203 30.7429546617, -87.7936980214 30.7452746617, -87.7937630208 30.7459756619, -87.7938280211 30.7460406624, -87.7938630213 30.7465186626, -87.7938780213 30.7471696625, -87.7938620214 30.7475366622, -87.7937850214 30.7482466624, -87.7937140213 30.7486006631, -87.7936220212 30.7489486631, -87.7934360215 30.7495876634, -87.7933230215 30.7499306633, -87.793095021 30.7507126631, -87.7921010207 30.754003664, -87.7919180204 30.7546316639, -87.7917280205 30.7552336642, -87.7902360203 30.7601636652, -87.7893940204 30.7629726661, -87.7892690207 30.7634166661, -87.7888820202 30.7646306666, -87.7886700205 30.7651776662, -87.7884150202 30.7657006669, -87.7882300203 30.7660086668, -87.7879370204 30.766419667, -87.7876610202 30.7667556669, -87.7872090203 30.7672226669, -87.7869990202 30.767422667, -87.7852370197 30.7690366678, -87.7845590198 30.7697916679, -87.7842550192 30.7701986676, -87.783938019 30.7706846678, -87.7835950197 30.7713246684, -87.7834200189 30.7717236684, -87.7832230193 30.7722706687, -87.7830160196 30.7730396684, -87.7821590187 30.776929669, -87.7819650195 30.7777036698, -87.7817430188 30.7783096696, -87.7815070188 30.7787966699, -87.7814010194 30.7789786695, -87.7810930185 30.7794216703, -87.7806770186 30.7799226704, -87.7801790187 30.7804446703, -87.7738170169 30.7865166718, -87.7734480168 30.7868626718, -87.7730910173 30.7872216717, -87.772754017 30.7875996722, -87.7725520174 30.7878546724, -87.7722290173 30.7883006721, -87.7719960168 30.7886676723, -87.771754017 30.7891096723, -87.7715060164 30.7896346728, -87.7711730163 30.7905326728, -87.7710980168 30.7908056726, -87.7710680167 30.7909476728, -87.770697017 30.7930126731, -87.7705360164 30.7938116738, -87.7704110167 30.7943436739, -87.7703190167 30.7946156736, -87.7702640164 30.7948146737, -87.7692690164 30.7976926743, -87.7690610169 30.7983126743, -87.7688870168 30.7989416745, -87.768799016 30.7993686748, -87.7687210162 30.7999426748, -87.7686900162 30.8005166753, -87.7686930166 30.8009406748, -87.7687110162 30.8011886751, -87.7687820163 30.8018306756, -87.7689200164 30.8028316752, -87.7690740164 30.803833676, -87.7693720172 30.8053256757, -87.7694870168 30.8058196762, -87.7697480169 30.8068016762, -87.7701650176 30.8082676764, -87.7710320176 30.8111876772, -87.7720160178 30.8146056777, -87.7711920174 30.814732678, -87.770481018 30.8148266781, -87.7690460168 30.814998678, -87.7683180167 30.8150716785, -87.7679560172 30.8150976779, -87.7672350168 30.8151296779, -87.7668750169 30.8151366785, -87.7665160169 30.8151336782, -87.7643450161 30.8150716785, -87.7607100148 30.8149536781, -87.7599920147 30.8149416782, -87.7592640146 30.8149376788, -87.7589020142 30.8149416782, -87.7581770145 30.8149676785, -87.7549240136 30.8152256789, -87.7538330133 30.8152746788, -87.753132013 30.8152966788, -87.7521590127 30.8153146785, -87.7511530118 30.8153416785, -87.7509120118 30.8153346787, -87.7508450119 30.8153416785, -87.7507890118 30.8153596789, -87.7507460121 30.8153846792, -87.7507410121 30.8160196793, -87.7507490125 30.8167466792, -87.7507450123 30.8171046795, -87.750762012 30.8180826798, -87.750788012 30.8212356803, -87.7508200126 30.8238226804, -87.7508630123 30.8263436813, -87.7509600133 30.831053682, -87.7509660131 30.8317786821, -87.7509790127 30.8321366827, -87.7509930129 30.8332036825, -87.7510170132 30.8338356831, -87.7510390129 30.834852683, -87.7510480132 30.8359346836, -87.751059013 30.8364086836, -87.751059013 30.8373026837, -87.7510700129 30.8376796835, -87.7510730133 30.840161684, -87.751100013 30.8412486844, -87.7511120136 30.8451426853, -87.7511080134 30.8475886859, -87.7511210138 30.8512916868, -87.7510930143 30.8536586869, -87.7510860137 30.855471688, -87.7510900139 30.8561936881, -87.7510800138 30.8569206883, -87.7510830142 30.8576466882, -87.7510750138 30.8583676879, -87.751069014 30.8605366886, -87.751069014 30.8623446893, -87.7510530141 30.8641516897, -87.7510570143 30.8648736899, -87.7510470142 30.8661586896, -87.7510600146 30.8664646904, -87.7510600146 30.86667569, -87.7510510144 30.8668386902, -87.7510600146 30.8675576901, -87.7510600146 30.8690406904, -87.7510540148 30.8692686909, -87.7510600146 30.8695106909, -87.7510510144 30.869738691, -87.7510600146 30.8703866907, -87.7510700147 30.8705526909, -87.7511310148 30.8707276913, -87.751217015 30.8708656912, -87.7513000148 30.8709736909, -87.7514140146 30.8710926911, -87.7515830147 30.871191691, -87.751776015 30.8712836912, -87.751930015 30.871332691, -87.7520830152 30.8713606915, -87.7522370152 30.8713786915, -87.7529010157 30.8714306914, -87.7532660156 30.8714496914, -87.7539170157 30.8715076908, -87.754295016 30.871569691, -87.7548240159 30.871704691, -87.7551740157 30.8718276912, -87.7553150161 30.8719006909, -87.7558710158 30.872158691, -87.7565990159 30.8724206913, -87.7567990168 30.8724756915, -87.7575330168 30.8725986914, -87.7589060171 30.8727796913, -87.7597170171 30.8728996908, -87.7602060177 30.8729796914, -87.7606510179 30.8730406914, -87.7608790175 30.8730626912, -87.7615980174 30.8731726909, -87.7618430176 30.8732186912, -87.7624020177 30.8732926914, -87.7638540185 30.8734596913, -87.7638220188 30.8740486912, -87.7638040183 30.875669692, -87.7638120187 30.8760236915, -87.7638110189 30.8767936919, -87.7638190184 30.8773296924, -87.7638330186 30.8774316919, -87.7638630188 30.877539692, -87.7639060184 30.8811746929, -87.7631070182 30.8812056926, -87.7602240181 30.8812436926, -87.7602100179 30.8824016933, -87.7602160177 30.8838416936, -87.7602100179 30.8846446935, -87.7602200179 30.8865886941, -87.7602430184 30.886956694, -87.7591120179 30.8878826944, -87.7582960179 30.8884966948, -87.7567540175 30.8891466946, -87.7563410171 30.8898596952, -87.756203017 30.890044695, -87.7562170172 30.8901576948, -87.7560600169 30.8901536954, -87.7555710171 30.8901706951, -87.7551230165 30.8901626948, -87.7549040162 30.8901806951, -87.754474017 30.890251695, -87.7540500166 30.890346695, -87.753633016 30.890465695, -87.7526660164 30.8908096953, -87.7523180163 30.8904616956, -87.7519650161 30.8901896953))
POLYGON ((-87.801843029 30.8674246882, -87.8023770289 30.8672246889, -87.8024420292 30.8673276885, -87.8024140287 30.8674956888, -87.8023700293 30.8675636882, -87.8022110284 30.8677066884, -87.8020860287 30.8678826887, -87.8020250286 30.8680516888, -87.8018050285 30.8683356889, -87.8016060283 30.8687306891, -87.8014290287 30.869181689, -87.8013820289 30.8694056889, -87.8012640289 30.8697126894, -87.8012320282 30.869822689, -87.8012450286 30.8698396893, -87.801181029 30.8699056893, -87.8010090286 30.870620689, -87.8009960282 30.8708566892, -87.8010020289 30.8715556897, -87.8010340287 30.8719016894, -87.8011170286 30.8723416895, -87.8012060291 30.8738936903, -87.8012700287 30.8744326901, -87.8012700287 30.8746246905, -87.8012440288 30.8747626901, -87.8010720293 30.87517469, -87.8011080292 30.8753856905, -87.8013440292 30.8756996904, -87.802033029 30.8762326909, -87.8024970295 30.8764926908, -87.8023020295 30.8766756903, -87.8021320296 30.8768136908, -87.8017700292 30.8770546903, -87.801458029 30.8772336911, -87.8011410289 30.8773956911, -87.8007420286 30.8775576908, -87.8006060291 30.8776026906, -87.8002640288 30.8776956908, -87.8001250289 30.877723691, -87.799919029 30.877755691, -87.7991530284 30.8778556909, -87.7982690278 30.8779886906, -87.798042028 30.8780376909, -87.7978860283 30.8780786913, -87.7976650284 30.8781496909, -87.7974590276 30.8782276911, -87.7971930275 30.8783436908, -87.7969350278 30.8784756914, -87.7966870281 30.8786236913, -87.7964490275 30.8787856913, -87.7962740276 30.8789156913, -87.7961060274 30.879052691, -87.7959480272 30.8792006916, -87.7957540279 30.8794106917, -87.7955720275 30.8796316917, -87.7952240273 30.8800926915, -87.7945950269 30.8809706916, -87.7938520268 30.8820326922, -87.7936280274 30.8823236919, -87.7935270271 30.8824326918, -87.793358027 30.8825726924, -87.7932370267 30.882650692, -87.793107027 30.8827176924, -87.7929740269 30.882772692, -87.7923020269 30.883013692, -87.7899490265 30.8838326928, -87.7898060264 30.8838886926, -87.7894540261 30.8840086928, -87.7887890257 30.8842636929, -87.7879580257 30.8845516931, -87.7867450252 30.8849526929, -87.783186024 30.8862146935, -87.7810180236 30.8869616934, -87.780795024 30.8870436935, -87.776722023 30.8884606943, -87.7755470221 30.8888986941, -87.775322022 30.8884106941, -87.7748990224 30.8875326935, -87.7739360221 30.8854826931, -87.7722050215 30.8817816928, -87.771977021 30.8813346925, -87.7740210216 30.8803316921, -87.7769880222 30.8789006919, -87.7806100232 30.8770536911, -87.7815080231 30.8765786914, -87.7828980241 30.8759446911, -87.784330024 30.8752166909, -87.7858170242 30.8745376904, -87.7861220246 30.8744086906, -87.7875810252 30.8737416907, -87.7933900268 30.87129169, -87.794461027 30.8707516894, -87.7962680269 30.8699106896, -87.801843029 30.8674246882))
POLYGON ((-87.7867450252 30.8849526929, -87.7879580257 30.8845516931, -87.7882650258 30.8852286931, -87.7889200261 30.8865986929, -87.7890090258 30.8868016931, -87.7906530263 30.8902716942, -87.7909370269 30.8908576938, -87.7917910274 30.8926806941, -87.7918920268 30.8928766942, -87.7926380273 30.8944636946, -87.7932580275 30.8957526952, -87.793727028 30.8968626953, -87.7938590282 30.8969426952, -87.7941200275 30.8976756956, -87.7942380284 30.8980936958, -87.7943330279 30.8985166953, -87.7944180283 30.8989416955, -87.7945000283 30.8994966961, -87.7945250284 30.8999866961, -87.7945330279 30.9004246957, -87.794517028 30.9008586959, -87.7944840284 30.9012926964, -87.794435028 30.901722696, -87.7943740279 30.9021506966, -87.7942960281 30.9025796965, -87.7941980282 30.9030026962, -87.7940780285 30.9034206963, -87.7939430279 30.9038336968, -87.7937840279 30.9042376967, -87.7936100278 30.9046366972, -87.7934180282 30.9050266972, -87.7932100278 30.9054056968, -87.7929860284 30.9057776971, -87.792752028 30.9061416977, -87.7925120278 30.9064966976, -87.7923730279 30.9066786978, -87.7918360276 30.9072746977, -87.7916840273 30.9074286974, -87.7913650274 30.9077216979, -87.7910290279 30.907999698, -87.7906810277 30.9082606977, -87.790321027 30.9084976981, -87.789946027 30.9087166979, -87.7897260269 30.9088376983, -87.7891700273 30.9091036978, -87.7887680267 30.9092676979, -87.7882220271 30.9094646984, -87.7871410268 30.909811698, -87.7868150264 30.9099086987, -87.7867080263 30.9096676986, -87.7863000258 30.9088016985, -87.7859110257 30.9079346977, -87.785745026 30.9075326981, -87.7854720262 30.9069406977, -87.7852290256 30.906466698, -87.784857026 30.9057076976, -87.7835570255 30.9029576968, -87.7833380252 30.9024736971, -87.7818880249 30.8994256961, -87.7808750244 30.8972656956, -87.780841024 30.8971816961, -87.7786600232 30.8925746946, -87.7776940226 30.8905176945, -87.7774700232 30.8900346942, -87.7768100228 30.8886566937, -87.776722023 30.8884606943, -87.780795024 30.8870436935, -87.7810180236 30.8869616934, -87.783186024 30.8862146935, -87.7867450252 30.8849526929))
POLYGON ((-87.7706070228 30.9250357019, -87.7702710224 30.9250297019, -87.7678510221 30.9250837025, -87.7656480215 30.9251237026, -87.7654320207 30.9251117027, -87.7650730207 30.9250687026, -87.7649310213 30.9250427022, -87.7646500211 30.9249697021, -87.7645080208 30.9249247023, -87.7642390212 30.9248157022, -87.7639780211 30.9246837023, -87.7637310203 30.9245337021, -87.76248602 30.9236587023, -87.7612930196 30.9228337022, -87.7603910194 30.9222227017, -87.7597850195 30.9218197017, -87.7595710193 30.9216847022, -87.7595870192 30.9215457021, -87.7596140189 30.9205437016, -87.7596300197 30.9204717016, -87.7596740192 30.9204027016, -87.7597370189 30.9203547017, -87.7598130191 30.9203357014, -87.7598850191 30.9203257014, -87.759957019 30.9203217018, -87.7608230192 30.9203367017, -87.7584390189 30.918853701, -87.7549100179 30.9165947013, -87.7510850166 30.9142217006, -87.7417630138 30.9084596996, -87.7434430143 30.9070276992, -87.7460200149 30.9049296986, -87.7465210153 30.9045346989, -87.7468720149 30.9042226981, -87.7485850159 30.9028166978, -87.7508030156 30.9008166977, -87.7516410162 30.9000456972, -87.7550840171 30.8957366962, -87.756085017 30.8945036959, -87.7566820175 30.893737696, -87.7572070172 30.8929646959, -87.7577370179 30.8918256956, -87.7582320174 30.8907016948, -87.7584400179 30.8902636947, -87.7586630174 30.8902836947, -87.7589500175 30.8902996953, -87.7588670177 30.8914306951, -87.7588690182 30.891860695, -87.758896018 30.8921456953, -87.7589630179 30.8925736955, -87.7590280182 30.8929296954, -87.7590740182 30.8931416959, -87.759132018 30.8933506957, -87.7592890183 30.8938316958, -87.7594640182 30.8943126959, -87.7595020179 30.8944556962, -87.7595410182 30.8947446956, -87.7595510183 30.8948896957, -87.7595670182 30.8958256959, -87.7595510183 30.897904697, -87.7603290186 30.8977416964, -87.760973019 30.8976266969, -87.7611910186 30.8976046966, -87.7614850192 30.8975956963, -87.7617140186 30.8975966969, -87.761794019 30.8976216965, -87.7620380194 30.8976066969, -87.7622490193 30.8976156963, -87.7626030193 30.8976516965, -87.7628170196 30.8976816965, -87.7631000194 30.8977346965, -87.7633820194 30.8977996968, -87.7635910197 30.8978536966, -87.76401002 30.8979826965, -87.7646200201 30.8982206966, -87.7648880199 30.8983366967, -87.7651500198 30.8984616969, -87.7656780199 30.8986906965, -87.7660170198 30.8988076966, -87.7662940198 30.8988906964, -87.76657502 30.8989546969, -87.7668600204 30.8990056968, -87.7672160201 30.8990426969, -87.7679510208 30.8990736963, -87.7680280208 30.8990736963, -87.7680990209 30.8990616969, -87.7681460208 30.8990156966, -87.7681740203 30.8988936964, -87.7681120204 30.8983336967, -87.7680960205 30.8981216961, -87.7680760204 30.8975496961, -87.7680760204 30.896904696, -87.768088021 30.8964736957, -87.768083021 30.8958046957, -87.7684260202 30.8958426961, -87.7686480209 30.8958606962, -87.7693740213 30.8958826961, -87.7698320211 30.8959036963, -87.7699740214 30.8958966962, -87.770761021 30.8959026957, -87.7719840216 30.8959246956, -87.7721490215 30.8959326955, -87.7722630222 30.8959206957, -87.7723910222 30.8958916957, -87.7727550223 30.895781696, -87.7732230221 30.8956266955, -87.7737240224 30.8954496955, -87.7744030221 30.8952246959, -87.7746800221 30.8951166957, -87.775229023 30.8949266951, -87.7755860224 30.8948106954, -87.7747550224 30.8930486952, -87.7746280222 30.8927626948, -87.7742890223 30.8920516946, -87.7741480218 30.891738695, -87.7748410226 30.8914926947, -87.7759450225 30.8911296945, -87.7760800222 30.8910776945, -87.7776940226 30.8905176945, -87.7786600232 30.8925746946, -87.780841024 30.8971816961, -87.7808750244 30.8972656956, -87.7818880249 30.8994256961, -87.7833380252 30.9024736971, -87.7835570255 30.9029576968, -87.784857026 30.9057076976, -87.7852290256 30.906466698, -87.7854720262 30.9069406977, -87.785745026 30.9075326981, -87.7859110257 30.9079346977, -87.7863000258 30.9088016985, -87.7867080263 30.9096676986, -87.7868150264 30.9099086987, -87.7859510258 30.9101716986, -87.7854880261 30.9103276983, -87.7852180257 30.9104276989, -87.7850180257 30.9105096982, -87.7848200262 30.9105976984, -87.7845000257 30.9107556989, -87.7841180261 30.9109606988, -87.7838700255 30.9111126986, -87.7836510252 30.9112696987, -87.7833300257 30.9115326988, -87.782575025 30.9121286993, -87.7819700249 30.912653699, -87.7811460254 30.9133956996, -87.7783300244 30.9158956997, -87.7777920243 30.9163827003, -87.7775290245 30.9166307005, -87.7772760239 30.9168877, -87.7770390241 30.9171527007, -87.7765320239 30.9178247004, -87.7747750234 30.9205867014, -87.773987023 30.9218047013, -87.7735740235 30.9223997015, -87.7731480235 30.9229847014, -87.7727120235 30.9235617017, -87.7714310232 30.9252987019, -87.7711900232 30.9251757026, -87.7709230223 30.925078702, -87.770832023 30.9250577021, -87.770719023 30.9250417019, -87.7706070228 30.9250357019))
POLYGON ((-87.7622490193 30.8976156963, -87.7620380194 30.8976066969, -87.761794019 30.8976216965, -87.7617140186 30.8975966969, -87.7614850192 30.8975956963, -87.7611910186 30.8976046966, -87.760973019 30.8976266969, -87.7603290186 30.8977416964, -87.7595510183 30.897904697, -87.7595670182 30.8958256959, -87.7595510183 30.8948896957, -87.7595410182 30.8947446956, -87.7595020179 30.8944556962, -87.7594640182 30.8943126959, -87.7592890183 30.8938316958, -87.759132018 30.8933506957, -87.7590740182 30.8931416959, -87.7590280182 30.8929296954, -87.7589630179 30.8925736955, -87.758896018 30.8921456953, -87.7588690182 30.891860695, -87.7588670177 30.8914306951, -87.7589500175 30.8902996953, -87.7586630174 30.8902836947, -87.7584400179 30.8902636947, -87.7582200178 30.8902486947, -87.7571390175 30.8901946953, -87.7563470169 30.8901606951, -87.7562170172 30.8901576948, -87.756203017 30.890044695, -87.7563410171 30.8898596952, -87.7567540175 30.8891466946, -87.7582960179 30.8884966948, -87.7591120179 30.8878826944, -87.7602430184 30.886956694, -87.7602200179 30.8865886941, -87.7602100179 30.8846446935, -87.7602160177 30.8838416936, -87.7602100179 30.8824016933, -87.7602240181 30.8812436926, -87.7631070182 30.8812056926, -87.7639060184 30.8811746929, -87.7638630188 30.877539692, -87.7638330186 30.8774316919, -87.7638190184 30.8773296924, -87.7638110189 30.8767936919, -87.7638120187 30.8760236915, -87.7638040183 30.875669692, -87.7638220188 30.8740486912, -87.7638540185 30.8734596913, -87.7655570186 30.8736936913, -87.7657100188 30.8737086908, -87.7662050192 30.8737766913, -87.766555019 30.8738356908, -87.7669140191 30.8739096913, -87.7673370196 30.8740116914, -87.7680060192 30.8742016911, -87.7682710195 30.8742936915, -87.7687470197 30.8744826914, -87.7690420202 30.8746106911, -87.76923302 30.8747046912, -87.7691730197 30.8750606911, -87.7687280204 30.8774826916, -87.7681000198 30.880809693, -87.7679660199 30.8813496931, -87.7678690198 30.8819036932, -87.76779102 30.8822146927, -87.7677080202 30.8824306927, -87.76758602 30.8826686929, -87.7674640198 30.882901693, -87.7673310197 30.8831116935, -87.7671710199 30.8833226934, -87.7665300198 30.8840526935, -87.7704490209 30.8821116929, -87.771977021 30.8813346925, -87.7722050215 30.8817816928, -87.7739360221 30.8854826931, -87.7748990224 30.8875326935, -87.775322022 30.8884106941, -87.7755470221 30.8888986941, -87.776722023 30.8884606943, -87.7768100228 30.8886566937, -87.7774700232 30.8900346942, -87.7776940226 30.8905176945, -87.7760800222 30.8910776945, -87.7759450225 30.8911296945, -87.7748410226 30.8914926947, -87.7741480218 30.891738695, -87.7742890223 30.8920516946, -87.7746280222 30.8927626948, -87.7747550224 30.8930486952, -87.7755860224 30.8948106954, -87.775229023 30.8949266951, -87.7746800221 30.8951166957, -87.7744030221 30.8952246959, -87.7737240224 30.8954496955, -87.7732230221 30.8956266955, -87.7727550223 30.895781696, -87.7723910222 30.8958916957, -87.7722630222 30.8959206957, -87.7721490215 30.8959326955, -87.7719840216 30.8959246956, -87.770761021 30.8959026957, -87.7699740214 30.8958966962, -87.7698320211 30.8959036963, -87.7693740213 30.8958826961, -87.7686480209 30.8958606962, -87.7684260202 30.8958426961, -87.768083021 30.8958046957, -87.768088021 30.8964736957, -87.7680760204 30.896904696, -87.7680760204 30.8975496961, -87.7680960205 30.8981216961, -87.7681120204 30.8983336967, -87.7681740203 30.8988936964, -87.7681460208 30.8990156966, -87.7680990209 30.8990616969, -87.7680280208 30.8990736963, -87.7679510208 30.8990736963, -87.7672160201 30.8990426969, -87.7668600204 30.8990056968, -87.76657502 30.8989546969, -87.7662940198 30.8988906964, -87.7660170198 30.8988076966, -87.7656780199 30.8986906965, -87.7651500198 30.8984616969, -87.7648880199 30.8983366967, -87.7646200201 30.8982206966, -87.76401002 30.8979826965, -87.7635910197 30.8978536966, -87.7633820194 30.8977996968, -87.7631000194 30.8977346965, -87.7628170196 30.8976816965, -87.7626030193 30.8976516965, -87.7622490193 30.8976156963))
POLYGON ((-87.7821060235 30.873889691, -87.7814430228 30.8722036902, -87.7813200228 30.8722466902, -87.7810440235 30.8722816906, -87.7806130226 30.8723476904, -87.7799560227 30.8723546907, -87.7782970221 30.8723446903, -87.7764820219 30.8723546907, -87.7764930217 30.8718536907, -87.7764870219 30.8695556898, -87.7764850213 30.8688396898, -87.7764650213 30.8672446891, -87.7764650213 30.866425689, -87.7781010223 30.8664116893, -87.7786060219 30.8663946892, -87.7786600223 30.8664056895, -87.7791630223 30.8663476893, -87.7792270228 30.8663396893, -87.7792810223 30.8663126891, -87.7797950221 30.8662906893, -87.7833610239 30.8662786889, -87.7835070235 30.8662626889, -87.7836540238 30.8662326891, -87.7837930237 30.8661926891, -87.7839460239 30.8661296891, -87.7844420241 30.8659016889, -87.7846470242 30.8658316888, -87.7848580241 30.8657906885, -87.7855890236 30.8657526885, -87.7863030244 30.8657516884, -87.7867380246 30.8657606886, -87.7878050246 30.8657556888, -87.7878840252 30.8657506883, -87.788757025 30.8657516884, -87.7891120249 30.8657456886, -87.7895080256 30.8657196882, -87.7897520251 30.8656766885, -87.7901740258 30.8655836889, -87.790973026 30.8653816886, -87.7920330255 30.8650976883, -87.793441026 30.8647506886, -87.7944920261 30.8644766883, -87.7951930264 30.8642916884, -87.7956080265 30.8641756879, -87.7958900266 30.8640886884, -87.7962320269 30.8639676878, -87.7969120273 30.8637076878, -87.7972490276 30.8635686875, -87.7975820277 30.8634216876, -87.7979060275 30.8632576876, -87.7982200273 30.8630776876, -87.7985210276 30.8628726878, -87.7994380279 30.8621946879, -87.7999600281 30.8617736871, -87.800212028 30.8615086873, -87.8004240277 30.8612156873, -87.8006210283 30.8609126872, -87.8017210279 30.8591456865, -87.8033030285 30.8566136861, -87.8035020287 30.8563126857, -87.8037130286 30.8560176864, -87.8041510291 30.8554386857, -87.8043790287 30.8551596855, -87.8046160286 30.8548856856, -87.8053380288 30.8540796855, -87.8058340291 30.8535586857, -87.8061100293 30.8533266855, -87.8064180293 30.8531376855, -87.806753029 30.8530026856, -87.8071000293 30.8529076848, -87.8074590294 30.8528446854, -87.8084650302 30.8526886854, -87.8086420297 30.8528816849, -87.8087850299 30.8531086849, -87.80889203 30.8532406848, -87.8088780297 30.8534326853, -87.8089010302 30.8536996854, -87.80893803 30.8538846857, -87.8088090301 30.8541176855, -87.8087510304 30.8541876857, -87.8088430305 30.8543616856, -87.8088670299 30.8545586857, -87.8090520298 30.8547436858, -87.8089590299 30.8554286859, -87.8088670299 30.8557536856, -87.8087850299 30.8560896856, -87.8086110298 30.856356686, -87.8085300305 30.8566116857, -87.8084030303 30.856924686, -87.8083680301 30.8572966864, -87.80846103 30.8575516859, -87.8083910297 30.857713686, -87.8082750302 30.8578996864, -87.8082280304 30.8580846863, -87.8079960297 30.8583516866, -87.8077620302 30.8587286862, -87.8076460299 30.8592686866, -87.80759903 30.8594136864, -87.8074140301 30.8594886866, -87.8073180298 30.8598526866, -87.80737303 30.8603996872, -87.80755303 30.8610836868, -87.8076570297 30.861826687, -87.8075300304 30.8623776876, -87.8074620297 30.8624476872, -87.8066970298 30.8631516871, -87.8022650288 30.8667096885, -87.802233029 30.8669396885, -87.8022580291 30.8670186886, -87.8023770289 30.8672246889, -87.801843029 30.8674246882, -87.7962680269 30.8699106896, -87.794461027 30.8707516894, -87.7933900268 30.87129169, -87.7875810252 30.8737416907, -87.7861220246 30.8744086906, -87.7858170242 30.8745376904, -87.784330024 30.8752166909, -87.7828980241 30.8759446911, -87.7823280233 30.8744976908, -87.7821060235 30.873889691))
POLYGON ((-87.76923302 30.8747046912, -87.7701090202 30.8700536901, -87.7702050196 30.8696076899, -87.7721770201 30.8695796898, -87.7764870219 30.8695556898, -87.7764930217 30.8718536907, -87.7764820219 30.8723546907, -87.7782970221 30.8723446903, -87.7799560227 30.8723546907, -87.7806130226 30.8723476904, -87.7810440235 30.8722816906, -87.7813200228 30.8722466902, -87.7814430228 30.8722036902, -87.7821060235 30.873889691, -87.7823280233 30.8744976908, -87.7828980241 30.8759446911, -87.7815080231 30.8765786914, -87.7806100232 30.8770536911, -87.7769880222 30.8789006919, -87.7740210216 30.8803316921, -87.771977021 30.8813346925, -87.7704490209 30.8821116929, -87.7665300198 30.8840526935, -87.7671710199 30.8833226934, -87.7673310197 30.8831116935, -87.7674640198 30.882901693, -87.76758602 30.8826686929, -87.7677080202 30.8824306927, -87.76779102 30.8822146927, -87.7678690198 30.8819036932, -87.7679660199 30.8813496931, -87.7681000198 30.880809693, -87.7687280204 30.8774826916, -87.7691730197 30.8750606911, -87.76923302 30.8747046912))
