{
  "boundary": "Measures repeated app summary phases with Python density/core conversion, but excludes full CLI JSON output and oracle work. Prepared mode reports run-only timing after one reusable Embree BVH prepare.",
  "cases": [
    {
      "copies": 512,
      "dbscan": {
        "one_shot": {
          "label": "one_shot_summary_plus_core_flags",
          "max_sec": 0.03461133292876184,
          "median_sec": 0.031691999873146415,
          "min_sec": 0.023502583149820566,
          "repeat_count": 3,
          "row_count": 4096,
          "samples_sec": [
            0.023502583149820566,
            0.031691999873146415,
            0.03461133292876184
          ]
        },
        "prepare_sec": 0.006137375021353364,
        "prepared_run_only": {
          "label": "prepared_summary_plus_core_flags",
          "max_sec": 0.018398666055873036,
          "median_sec": 0.013109165942296386,
          "min_sec": 0.012440165970474482,
          "repeat_count": 3,
          "row_count": 4096,
          "samples_sec": [
            0.012440165970474482,
            0.013109165942296386,
            0.018398666055873036
          ]
        },
        "prepared_speedup_vs_one_shot": 2.4175450987993825
      },
      "dbscan_point_count": 4096,
      "outlier": {
        "one_shot": {
          "label": "one_shot_summary_plus_density",
          "max_sec": 0.023607542039826512,
          "median_sec": 0.02232500002719462,
          "min_sec": 0.019552916986867785,
          "repeat_count": 3,
          "row_count": 4096,
          "samples_sec": [
            0.023607542039826512,
            0.019552916986867785,
            0.02232500002719462
          ]
        },
        "prepare_sec": 0.00875304196961224,
        "prepared_run_only": {
          "label": "prepared_summary_plus_density",
          "max_sec": 0.013185749994590878,
          "median_sec": 0.01209758291952312,
          "min_sec": 0.011411249870434403,
          "repeat_count": 3,
          "row_count": 4096,
          "samples_sec": [
            0.01209758291952312,
            0.013185749994590878,
            0.011411249870434403
          ]
        },
        "prepared_speedup_vs_one_shot": 1.8454099612879247
      },
      "outlier_point_count": 4096
    }
  ],
  "copies": [
    512
  ],
  "embree_threads": {
    "auto": true,
    "effective_threads": 10,
    "requested": "auto",
    "source": "api"
  },
  "embree_version": [
    4,
    4,
    0
  ],
  "goal": 718,
  "host": "Rs-MacBook-Air.local",
  "platform": "macOS-26.3-arm64-arm-64bit-Mach-O",
  "python": "3.14.0",
  "repeats": 3,
  "valid": true,
  "warmups": 1
}
