{
  "boundary": "Measures repeated app summary phases with Python density/core conversion, but excludes full CLI JSON output and oracle work. Prepared mode reports run-only timing after one reusable Embree BVH prepare.",
  "cases": [
    {
      "copies": 512,
      "dbscan": {
        "one_shot": {
          "label": "one_shot_summary_plus_core_flags",
          "max_sec": 0.025342897977679968,
          "median_sec": 0.020377718145027757,
          "min_sec": 0.020151088945567608,
          "repeat_count": 3,
          "row_count": 4096,
          "samples_sec": [
            0.025342897977679968,
            0.020151088945567608,
            0.020377718145027757
          ]
        },
        "prepare_sec": 0.005021840101107955,
        "prepared_run_only": {
          "label": "prepared_summary_plus_core_flags",
          "max_sec": 0.014013450127094984,
          "median_sec": 0.013915331801399589,
          "min_sec": 0.013637134106829762,
          "repeat_count": 3,
          "row_count": 4096,
          "samples_sec": [
            0.013637134106829762,
            0.013915331801399589,
            0.014013450127094984
          ]
        },
        "prepared_speedup_vs_one_shot": 1.464407635826419
      },
      "dbscan_point_count": 4096,
      "outlier": {
        "one_shot": {
          "label": "one_shot_summary_plus_density",
          "max_sec": 0.025492345914244652,
          "median_sec": 0.0205949149094522,
          "min_sec": 0.02059214492328465,
          "repeat_count": 3,
          "row_count": 4096,
          "samples_sec": [
            0.02059214492328465,
            0.025492345914244652,
            0.0205949149094522
          ]
        },
        "prepare_sec": 0.005063770106062293,
        "prepared_run_only": {
          "label": "prepared_summary_plus_density",
          "max_sec": 0.013685252983123064,
          "median_sec": 0.013680263888090849,
          "min_sec": 0.01365734520368278,
          "repeat_count": 3,
          "row_count": 4096,
          "samples_sec": [
            0.013685252983123064,
            0.013680263888090849,
            0.01365734520368278
          ]
        },
        "prepared_speedup_vs_one_shot": 1.505447195896623
      },
      "outlier_point_count": 4096
    }
  ],
  "copies": [
    512
  ],
  "embree_threads": {
    "auto": true,
    "effective_threads": 112,
    "requested": "auto",
    "source": "api"
  },
  "embree_version": [
    4,
    3,
    0
  ],
  "goal": 718,
  "host": "ac96d0647e50",
  "platform": "Linux-6.8.0-110-generic-x86_64-with-glibc2.39",
  "python": "3.12.3",
  "repeats": 3,
  "valid": true,
  "warmups": 1
}
