{
  "goal": "Goal2819",
  "gpu": "NVIDIA RTX A5000, 570.211.01",
  "rows": [
    {
      "aggregate_request_count": 4,
      "batch_elapsed_runs_sec": [
        0.0003776170779019594,
        0.00020704814232885838,
        0.00019573094323277473,
        0.00019149202853441238,
        0.00018900609575212002,
        0.00018882006406784058,
        0.00018848921172320843
      ],
      "batch_first_summary": {
        "bounded_neighbor_count": 67798,
        "kth_id_checksum": 537484009,
        "nearest_id_checksum": 536854528,
        "row_count": 32768,
        "sum_distance": 524.3259755286854
      },
      "batch_per_request_median_sec": 4.7873007133603096e-05,
      "batch_phase_summary": [
        {
          "candidate_count_pass": 0.000134434,
          "candidate_write_pass": 0.0,
          "count_download_and_prefix": 0.0,
          "emitted_count": 131072,
          "exact_refine": 0.0,
          "mode": "prepared_query_uniform_cell_ranked_summary_aggregate_f32_batch_block_partials",
          "prepare": 0.0,
          "raw_candidate_count": 271192,
          "row_download": 1.447e-05,
          "row_offset_upload": 0.0,
          "upload": 0.0
        }
      ],
      "batch_request_summaries": [
        {
          "bounded_neighbor_count": 67798,
          "k_max": 50,
          "kth_id_checksum": 537484009,
          "nearest_id_checksum": 536854528,
          "precision": "float32",
          "query_count": 32768,
          "query_resident": true,
          "radius": 0.02,
          "request_index": 0,
          "sum_distance": 524.3259755286854
        },
        {
          "bounded_neighbor_count": 67798,
          "k_max": 50,
          "kth_id_checksum": 537484009,
          "nearest_id_checksum": 536854528,
          "precision": "float32",
          "query_count": 32768,
          "query_resident": true,
          "radius": 0.02,
          "request_index": 1,
          "sum_distance": 524.3259755286854
        },
        {
          "bounded_neighbor_count": 67798,
          "k_max": 50,
          "kth_id_checksum": 537484009,
          "nearest_id_checksum": 536854528,
          "precision": "float32",
          "query_count": 32768,
          "query_resident": true,
          "radius": 0.02,
          "request_index": 2,
          "sum_distance": 524.3259755286854
        },
        {
          "bounded_neighbor_count": 67798,
          "k_max": 50,
          "kth_id_checksum": 537484009,
          "nearest_id_checksum": 536854528,
          "precision": "float32",
          "query_count": 32768,
          "query_resident": true,
          "radius": 0.02,
          "request_index": 3,
          "sum_distance": 524.3259755286854
        }
      ],
      "batch_total_median_sec": 0.00019149202853441238,
      "claim_boundary": {
        "amortized_batch_contract_evidence": true,
        "public_speedup_claim_authorized": false,
        "rtdl_beats_cupy_grid_claim_authorized": false,
        "rtdl_beats_rtnn_claim_authorized": false,
        "single_request_comparison_authorized": false,
        "v2_5_release_claim_authorized": false,
        "whole_app_speedup_claim_authorized": false
      },
      "distribution": "uniform",
      "first_batch_result_matches_single": true,
      "generated": {
        "dimension": 3,
        "format": "rtnn_csv_xyz",
        "path": "/tmp/goal2819_32768_93j_i_sw/uniform_32768.csv",
        "point_count": 32768,
        "seed": 35587
      },
      "goal": "Goal2819",
      "gpu": "NVIDIA RTX A5000, 570.211.01",
      "k_max": 50,
      "per_request_improvement_vs_single": 1.4774941273168525,
      "point_count": 32768,
      "radius": 0.02,
      "repeat": 7,
      "single_elapsed_runs_sec": [
        0.00022686203010380268,
        9.590992704033852e-05,
        7.424596697092056e-05,
        6.858212873339653e-05,
        7.073208689689636e-05,
        6.768200546503067e-05,
        6.571714766323566e-05
      ],
      "single_median_sec": 7.073208689689636e-05,
      "single_phase_summary": [
        {
          "candidate_count_pass": 3.6901e-05,
          "candidate_write_pass": 0.0,
          "count_download_and_prefix": 0.0,
          "emitted_count": 32768,
          "exact_refine": 0.0,
          "mode": "prepared_query_uniform_cell_ranked_summary_aggregate_f32_block_partials",
          "prepare": 0.0,
          "raw_candidate_count": 67798,
          "row_download": 8.414e-06,
          "row_offset_upload": 0.0,
          "upload": 0.0
        }
      ],
      "single_summary": {
        "bounded_neighbor_count": 67798,
        "kth_id_checksum": 537484009,
        "nearest_id_checksum": 536854528,
        "row_count": 32768,
        "sum_distance": 524.3259755286854
      },
      "source_commit": "0cb57ed07e396dff487acb9c5aefe346af36fc35",
      "source_dirty": [],
      "status": "pass"
    },
    {
      "aggregate_request_count": 4,
      "batch_elapsed_runs_sec": [
        0.000537192914634943,
        0.00039749196730554104,
        0.0003792119678109884,
        0.0003749739844352007,
        0.0003839691635221243,
        0.0003785379230976105,
        0.00037780008278787136
      ],
      "batch_first_summary": {
        "bounded_neighbor_count": 204816,
        "kth_id_checksum": 2146684760,
        "nearest_id_checksum": 2147450880,
        "row_count": 65536,
        "sum_distance": 2083.845113092786
      },
      "batch_per_request_median_sec": 9.48029919527471e-05,
      "batch_phase_summary": [
        {
          "candidate_count_pass": 0.00031676,
          "candidate_write_pass": 0.0,
          "count_download_and_prefix": 0.0,
          "emitted_count": 262144,
          "exact_refine": 0.0,
          "mode": "prepared_query_uniform_cell_ranked_summary_aggregate_f32_batch_block_partials",
          "prepare": 0.0,
          "raw_candidate_count": 819264,
          "row_download": 2.2615e-05,
          "row_offset_upload": 0.0,
          "upload": 0.0
        }
      ],
      "batch_request_summaries": [
        {
          "bounded_neighbor_count": 204816,
          "k_max": 50,
          "kth_id_checksum": 2146684760,
          "nearest_id_checksum": 2147450880,
          "precision": "float32",
          "query_count": 65536,
          "query_resident": true,
          "radius": 0.02,
          "request_index": 0,
          "sum_distance": 2083.845113092786
        },
        {
          "bounded_neighbor_count": 204816,
          "k_max": 50,
          "kth_id_checksum": 2146684760,
          "nearest_id_checksum": 2147450880,
          "precision": "float32",
          "query_count": 65536,
          "query_resident": true,
          "radius": 0.02,
          "request_index": 1,
          "sum_distance": 2083.845113092786
        },
        {
          "bounded_neighbor_count": 204816,
          "k_max": 50,
          "kth_id_checksum": 2146684760,
          "nearest_id_checksum": 2147450880,
          "precision": "float32",
          "query_count": 65536,
          "query_resident": true,
          "radius": 0.02,
          "request_index": 2,
          "sum_distance": 2083.845113092786
        },
        {
          "bounded_neighbor_count": 204816,
          "k_max": 50,
          "kth_id_checksum": 2146684760,
          "nearest_id_checksum": 2147450880,
          "precision": "float32",
          "query_count": 65536,
          "query_resident": true,
          "radius": 0.02,
          "request_index": 3,
          "sum_distance": 2083.845113092786
        }
      ],
      "batch_total_median_sec": 0.0003792119678109884,
      "claim_boundary": {
        "amortized_batch_contract_evidence": true,
        "public_speedup_claim_authorized": false,
        "rtdl_beats_cupy_grid_claim_authorized": false,
        "rtdl_beats_rtnn_claim_authorized": false,
        "single_request_comparison_authorized": false,
        "v2_5_release_claim_authorized": false,
        "whole_app_speedup_claim_authorized": false
      },
      "distribution": "uniform",