{
  "aggregate_request_count": 4,
  "batch_elapsed_runs_sec": [
    0.000537192914634943,
    0.00039749196730554104,
    0.0003792119678109884,
    0.0003749739844352007,
    0.0003839691635221243,
    0.0003785379230976105,
    0.00037780008278787136
  ],
  "batch_first_summary": {
    "bounded_neighbor_count": 204816,
    "kth_id_checksum": 2146684760,
    "nearest_id_checksum": 2147450880,
    "row_count": 65536,
    "sum_distance": 2083.845113092786
  },
  "batch_per_request_median_sec": 9.48029919527471e-05,
  "batch_phase_summary": [
    {
      "candidate_count_pass": 0.00031676,
      "candidate_write_pass": 0.0,
      "count_download_and_prefix": 0.0,
      "emitted_count": 262144,
      "exact_refine": 0.0,
      "mode": "prepared_query_uniform_cell_ranked_summary_aggregate_f32_batch_block_partials",
      "prepare": 0.0,
      "raw_candidate_count": 819264,
      "row_download": 2.2615e-05,
      "row_offset_upload": 0.0,
      "upload": 0.0
    }
  ],
  "batch_request_summaries": [
    {
      "bounded_neighbor_count": 204816,
      "k_max": 50,
      "kth_id_checksum": 2146684760,
      "nearest_id_checksum": 2147450880,
      "precision": "float32",
      "query_count": 65536,
      "query_resident": true,
      "radius": 0.02,
      "request_index": 0,
      "sum_distance": 2083.845113092786
    },
    {
      "bounded_neighbor_count": 204816,
      "k_max": 50,
      "kth_id_checksum": 2146684760,
      "nearest_id_checksum": 2147450880,
      "precision": "float32",
      "query_count": 65536,
      "query_resident": true,
      "radius": 0.02,
      "request_index": 1,
      "sum_distance": 2083.845113092786
    },
    {
      "bounded_neighbor_count": 204816,
      "k_max": 50,
      "kth_id_checksum": 2146684760,
      "nearest_id_checksum": 2147450880,
      "precision": "float32",
      "query_count": 65536,
      "query_resident": true,
      "radius": 0.02,
      "request_index": 2,
      "sum_distance": 2083.845113092786
    },
    {
      "bounded_neighbor_count": 204816,
      "k_max": 50,
      "kth_id_checksum": 2146684760,
      "nearest_id_checksum": 2147450880,
      "precision": "float32",
      "query_count": 65536,
      "query_resident": true,
      "radius": 0.02,
      "request_index": 3,
      "sum_distance": 2083.845113092786
    }
  ],
  "batch_total_median_sec": 0.0003792119678109884,
  "claim_boundary": {
    "amortized_batch_contract_evidence": true,
    "public_speedup_claim_authorized": false,
    "rtdl_beats_cupy_grid_claim_authorized": false,
    "rtdl_beats_rtnn_claim_authorized": false,
    "single_request_comparison_authorized": false,
    "v2_5_release_claim_authorized": false,
    "whole_app_speedup_claim_authorized": false
  },
  "distribution": "uniform",
  "first_batch_result_matches_single": true,
  "generated": {
    "dimension": 3,
    "format": "rtnn_csv_xyz",
    "path": "/tmp/goal2819_65536__bz_pgtn/uniform_65536.csv",
    "point_count": 65536,
    "seed": 68355
  },
  "goal": "Goal2819",
  "gpu": "NVIDIA RTX A5000, 570.211.01",
  "k_max": 50,
  "per_request_improvement_vs_single": 1.344790302467669,
  "point_count": 65536,
  "radius": 0.02,
  "repeat": 7,
  "single_elapsed_runs_sec": [
    0.000271407188847661,
    0.00014908821322023869,
    0.00013096118345856667,
    0.00012498791329562664,
    0.00012749014422297478,
    0.00012555718421936035,
    0.0001227268949151039
  ],
  "single_median_sec": 0.00012749014422297478,
  "single_phase_summary": [
    {
      "candidate_count_pass": 8.1997e-05,
      "candidate_write_pass": 0.0,
      "count_download_and_prefix": 0.0,
      "emitted_count": 65536,
      "exact_refine": 0.0,
      "mode": "prepared_query_uniform_cell_ranked_summary_aggregate_f32_block_partials",
      "prepare": 0.0,
      "raw_candidate_count": 204816,
      "row_download": 1.2969e-05,
      "row_offset_upload": 0.0,
      "upload": 0.0
    }
  ],
  "single_summary": {
    "bounded_neighbor_count": 204816,
    "kth_id_checksum": 2146684760,
    "nearest_id_checksum": 2147450880,
    "row_count": 65536,
    "sum_distance": 2083.845113092786
  },
  "source_commit": "0cb57ed07e396dff487acb9c5aefe346af36fc35",
  "source_dirty": [],
  "status": "pass"
}