{
  "baseline": {
    "name": "v1_8_native_optix_rows",
    "query_samples_s": [
      0.8404031191021204,
      0.0014603622257709503,
      0.0012034084647893906,
      0.0011687800288200378,
      0.001648029312491417
    ],
    "query_summary": {
      "max_s": 0.8404031191021204,
      "median_s": 0.0014603622257709503,
      "min_s": 0.0011687800288200378
    },
    "row_count": 256
  },
  "claim_boundary": {
    "broad_rt_core_speedup_claim_authorized": false,
    "package_install_claim_authorized": false,
    "same_contract_timing_row": true,
    "v2_0_release_authorized": false,
    "whole_app_speedup_claim_authorized": false,
    "whole_app_true_zero_copy_authorized": false
  },
  "count": 256,
  "git_commit": "49bf5ee5-plus-goal2000-exact-filter",
  "goal": "Goal1856",
  "gpu": "NVIDIA RTX A5000, 570.211.01",
  "iterations": 5,
  "output_capacity": 65536,
  "parity": {
    "expected_row_count": 256,
    "strict_rows_match": true
  },
  "partners": {
    "cupy": {
      "column_build_s": 0.004762357100844383,
      "overflow_check": {
        "elapsed_s": 0.06592477671802044,
        "message": "partner segment/polygon column adapter overflowed; increase output_capacity",
        "status": "pass",
        "tight_capacity": 128
      },
      "query_median_ratio_vs_v1_8_native": 5.740252236532972,
      "query_samples_s": [
        0.00885484553873539,
        0.009195279330015182,
        0.008382847532629967,
        0.00831722654402256,
        0.008306972682476044
      ],
      "query_summary": {
        "max_s": 0.009195279330015182,
        "median_s": 0.008382847532629967,
        "min_s": 0.008306972682476044
      },
      "row_count": 256
    },
    "torch": {
      "column_build_s": 0.040055399760603905,
      "overflow_check": {
        "elapsed_s": 0.014614906162023544,
        "message": "partner segment/polygon column adapter overflowed; increase output_capacity",
        "status": "pass",
        "tight_capacity": 128
      },
      "query_median_ratio_vs_v1_8_native": 5.737694923382643,
      "query_samples_s": [
        0.008697597309947014,
        0.008309230208396912,
        0.008379112929105759,
        0.008376343175768852,
        0.008416272699832916
      ],
      "query_summary": {
        "max_s": 0.008697597309947014,
        "median_s": 0.008379112929105759,
        "min_s": 0.008309230208396912
      },
      "row_count": 256
    }
  },
  "source_commit_label": "49bf5ee5-plus-goal2000-exact-filter",
  "status": "pass"
}