{
  "boundary": "Measures repeated app summary phases with Python density/core conversion, but excludes full CLI JSON output and oracle work. Prepared mode reports run-only timing after one reusable Embree BVH prepare.",
  "cases": [
    {
      "copies": 512,
      "dbscan": {
        "one_shot": {
          "label": "one_shot_summary_plus_core_flags",
          "max_sec": 0.02011302699997941,
          "median_sec": 0.0176710920000005,
          "min_sec": 0.017599725999957627,
          "repeat_count": 3,
          "row_count": 4096,
          "samples_sec": [
            0.02011302699997941,
            0.0176710920000005,
            0.017599725999957627
          ]
        },
        "prepare_sec": 0.00617695999994794,
        "prepared_run_only": {
          "label": "prepared_summary_plus_core_flags",
          "max_sec": 0.011957638000012594,
          "median_sec": 0.011460545999966598,
          "min_sec": 0.011159095000039088,
          "repeat_count": 3,
          "row_count": 4096,
          "samples_sec": [
            0.011159095000039088,
            0.011957638000012594,
            0.011460545999966598
          ]
        },
        "prepared_speedup_vs_one_shot": 1.5419066421488121
      },
      "dbscan_point_count": 4096,
      "outlier": {
        "one_shot": {
          "label": "one_shot_summary_plus_density",
          "max_sec": 0.024535539999988032,
          "median_sec": 0.01782153700003164,
          "min_sec": 0.017491282000037245,
          "repeat_count": 3,
          "row_count": 4096,
          "samples_sec": [
            0.017491282000037245,
            0.024535539999988032,
            0.01782153700003164
          ]
        },
        "prepare_sec": 0.006069258000025002,
        "prepared_run_only": {
          "label": "prepared_summary_plus_density",
          "max_sec": 0.012104851000003691,
          "median_sec": 0.011656141000003117,
          "min_sec": 0.011571753999987777,
          "repeat_count": 3,
          "row_count": 4096,
          "samples_sec": [
            0.011571753999987777,
            0.012104851000003691,
            0.011656141000003117
          ]
        },
        "prepared_speedup_vs_one_shot": 1.528939723706746
      },
      "outlier_point_count": 4096
    }
  ],
  "copies": [
    512
  ],
  "embree_threads": {
    "auto": true,
    "effective_threads": 8,
    "requested": "auto",
    "source": "api"
  },
  "embree_version": [
    4,
    3,
    0
  ],
  "goal": 718,
  "host": "lx1",
  "platform": "Linux-6.17.0-20-generic-x86_64-with-glibc2.39",
  "python": "3.12.3",
  "repeats": 3,
  "valid": true,
  "warmups": 1
}
