{
  "amortized_improvement_vs_sequential": 1.2344438520384804,
  "batch_elapsed_runs_sec": [
    0.0002899670507758856,
    0.0002833681646734476,
    0.000275016063824296,
    0.0002730439882725477,
    0.0002720609772950411,
    0.0002718828618526459,
    0.00027080113068223,
    0.0002710099797695875,
    0.00027236295863986015,
    0.00027065700851380825,
    0.00027076597325503826
  ],
  "batch_median_sec": 0.0002720609772950411,
  "batch_results": [
    {
      "bounded_neighbor_count": 37260,
      "kth_id_checksum": 537169174,
      "nearest_id_checksum": 536854528,
      "precision": "float32",
      "query_count": 32768,
      "query_resident": true,
      "sum_distance": 33.87553850945551
    },
    {
      "bounded_neighbor_count": 68270,
      "kth_id_checksum": 537137514,
      "nearest_id_checksum": 536854528,
      "precision": "float32",
      "query_count": 32768,
      "query_resident": true,
      "sum_distance": 532.354934536037
    },
    {
      "bounded_neighbor_count": 150950,
      "kth_id_checksum": 536948581,
      "nearest_id_checksum": 536854528,
      "precision": "float32",
      "query_count": 32768,
      "query_resident": true,
      "sum_distance": 2654.0831223354908
    },
    {
      "bounded_neighbor_count": 308758,
      "kth_id_checksum": 535305340,
      "nearest_id_checksum": 536854528,
      "precision": "float32",
      "query_count": 32768,
      "query_resident": true,
      "sum_distance": 8250.115642231074
    }
  ],
  "batch_results_match_sequential": true,
  "change_vs_goal2821_batch": 1.1050832140201097,
  "claim_boundary": {
    "fused_batch_internal_evidence_only": true,
    "public_speedup_claim_authorized": false,
    "rtdl_beats_rtnn_claim_authorized": false,
    "single_request_speedup_claim_authorized": false,
    "v2_5_release_claim_authorized": false,
    "whole_app_speedup_claim_authorized": false
  },
  "distribution": "uniform",
  "generated": {
    "dimension": 3,
    "format": "rtnn_csv_xyz",
    "path": "/tmp/goal2822_32768_7txackas/uniform_32768.csv",
    "point_count": 32768,
    "seed": 35589
  },
  "goal": "Goal2822",
  "goal2821_batch_median_sec": 0.0003006500191986561,
  "gpu": "NVIDIA RTX A5000, 570.211.01",
  "phase_summary_after_batch": {
    "candidate_count_pass": 0.000234101,
    "candidate_write_pass": 0.0,
    "count_download_and_prefix": 0.0,
    "emitted_count": 131072,
    "exact_refine": 0.0,
    "mode": "prepared_query_uniform_cell_ranked_summary_aggregate_f32_batch_block_partials",
    "prepare": 0.0,
    "raw_candidate_count": 565238,
    "row_download": 1.527e-05,
    "row_offset_upload": 0.0,
    "upload": 0.0
  },
  "point_count": 32768,
  "requests": [
    {
      "k_max": 8,
      "radius": 0.01
    },
    {
      "k_max": 16,
      "radius": 0.02
    },
    {
      "k_max": 32,
      "radius": 0.03
    },
    {
      "k_max": 50,
      "radius": 0.04
    }
  ],
  "sequential_elapsed_runs_sec": [
    0.00035892194136977196,
    0.00033866986632347107,
    0.00033664307557046413,
    0.00033584400080144405,
    0.0003342821728438139,
    0.0003385369200259447,
    0.0003351548220962286,
    0.0003350800834596157,
    0.00033505610190331936,
    0.0003350169863551855,
    0.00033590616658329964
  ],
  "sequential_total_median_sec": 0.00033584400080144405,
  "source_commit": "ef2204808d9997729b194d743f76a8508fd84a85",
  "source_dirty": [],
  "status": "pass"
}