[goal4639] start: /usr/bin/python3 scripts/v4_section8_device_array_frontdoor_validation.py --partner torch --repeat 7 --warmup 1 --progress --json-out future/v4/evidence/v4_goal4639_release_scorecard_pod_gate_2026-06-25/fixed_radius_count_threshold.json
[warmup] copies=8192 route=device_array_frontdoor_prepared 1/1
[repeat-start] copies=8192 route=device_array_frontdoor_prepared 1/7
[repeat-done] copies=8192 route=device_array_frontdoor_prepared 1/7 elapsed_s=0.000457
[repeat-start] copies=8192 route=device_array_frontdoor_prepared 2/7
[repeat-done] copies=8192 route=device_array_frontdoor_prepared 2/7 elapsed_s=0.000381
[repeat-start] copies=8192 route=device_array_frontdoor_prepared 3/7
[repeat-done] copies=8192 route=device_array_frontdoor_prepared 3/7 elapsed_s=0.000371
[repeat-start] copies=8192 route=device_array_frontdoor_prepared 4/7
[repeat-done] copies=8192 route=device_array_frontdoor_prepared 4/7 elapsed_s=0.000367
[repeat-start] copies=8192 route=device_array_frontdoor_prepared 5/7
[repeat-done] copies=8192 route=device_array_frontdoor_prepared 5/7 elapsed_s=0.000380
[repeat-start] copies=8192 route=device_array_frontdoor_prepared 6/7
[repeat-done] copies=8192 route=device_array_frontdoor_prepared 6/7 elapsed_s=0.000356
[repeat-start] copies=8192 route=device_array_frontdoor_prepared 7/7
[repeat-done] copies=8192 route=device_array_frontdoor_prepared 7/7 elapsed_s=0.000360
[warmup] copies=32768 route=device_array_frontdoor_prepared 1/1
[repeat-start] copies=32768 route=device_array_frontdoor_prepared 1/7
[repeat-done] copies=32768 route=device_array_frontdoor_prepared 1/7 elapsed_s=0.000460
[repeat-start] copies=32768 route=device_array_frontdoor_prepared 2/7
[repeat-done] copies=32768 route=device_array_frontdoor_prepared 2/7 elapsed_s=0.000446
[repeat-start] copies=32768 route=device_array_frontdoor_prepared 3/7
[repeat-done] copies=32768 route=device_array_frontdoor_prepared 3/7 elapsed_s=0.000420
[repeat-start] copies=32768 route=device_array_frontdoor_prepared 4/7
[repeat-done] copies=32768 route=device_array_frontdoor_prepared 4/7 elapsed_s=0.000413
[repeat-start] copies=32768 route=device_array_frontdoor_prepared 5/7
[repeat-done] copies=32768 route=device_array_frontdoor_prepared 5/7 elapsed_s=0.000400
[repeat-start] copies=32768 route=device_array_frontdoor_prepared 6/7
[repeat-done] copies=32768 route=device_array_frontdoor_prepared 6/7 elapsed_s=0.000401
[repeat-start] copies=32768 route=device_array_frontdoor_prepared 7/7
[repeat-done] copies=32768 route=device_array_frontdoor_prepared 7/7 elapsed_s=0.000398
[warmup] copies=131072 route=device_array_frontdoor_prepared 1/1
[repeat-start] copies=131072 route=device_array_frontdoor_prepared 1/7
[repeat-done] copies=131072 route=device_array_frontdoor_prepared 1/7 elapsed_s=0.000678
[repeat-start] copies=131072 route=device_array_frontdoor_prepared 2/7
[repeat-done] copies=131072 route=device_array_frontdoor_prepared 2/7 elapsed_s=0.000640
[repeat-start] copies=131072 route=device_array_frontdoor_prepared 3/7
[repeat-done] copies=131072 route=device_array_frontdoor_prepared 3/7 elapsed_s=0.000622
[repeat-start] copies=131072 route=device_array_frontdoor_prepared 4/7
[repeat-done] copies=131072 route=device_array_frontdoor_prepared 4/7 elapsed_s=0.000620
[repeat-start] copies=131072 route=device_array_frontdoor_prepared 5/7
[repeat-done] copies=131072 route=device_array_frontdoor_prepared 5/7 elapsed_s=0.000610
[repeat-start] copies=131072 route=device_array_frontdoor_prepared 6/7
[repeat-done] copies=131072 route=device_array_frontdoor_prepared 6/7 elapsed_s=0.000608
[repeat-start] copies=131072 route=device_array_frontdoor_prepared 7/7
[repeat-done] copies=131072 route=device_array_frontdoor_prepared 7/7 elapsed_s=0.000631
{
  "copies": [
    8192,
    32768,
    131072
  ],
  "frontdoor_contract": {
    "input": "caller_supplied_torch_device_point_columns",
    "measured_partner": "torch",
    "measured_partners": [
      "torch"
    ],
    "no_python_point_rows_in_hot_path": true,
    "output": "reused_torch_device_output_columns",
    "partner_support_declared_unmeasured": [
      "cupy"
    ],
    "route_d_ceiling": "independent hand-written OptiX count-row route"
  },
  "near_handwritten_optix_claim_authorized": false,
  "partner": "torch",
  "performance_gate": {
    "authorized_next_step": "external_review_then_productize_fixed_radius_api_wrapper_before_second_primitive",
    "failures": [],
    "max_device_array_to_route_d_rows_gap": 100.0,
    "min_gap_reduction_factor": 10.0,
    "min_passing_serious_sizes": 2,
    "passing_sizes": [
      {
        "copies": 8192,
        "device_array_to_route_d_rows_gap": 0.5892028086535455,
        "gap_reduction_over_prior_summary": 767.7269428333049
      },
      {
        "copies": 32768,
        "device_array_to_route_d_rows_gap": 0.2676281502943477,
        "gap_reduction_over_prior_summary": 2892.4636079663437
      },
      {
        "copies": 131072,
        "device_array_to_route_d_rows_gap": 0.13409176931327954,
        "gap_reduction_over_prior_summary": 8502.467583003077
      }
    ],
    "status": "pass",
    "v4_device_array_frontdoor_locally_validated": true
  },
  "prepared_summary_json": "/root/rtdl_v4_candidate_pod/future/v4/evidence/v4_section8_prepared_hot_path_result_2026-06-24.json",
  "product_boundary_gate": {
    "max_device_array_to_route_d_rows_gap": 100.0,
    "min_gap_reduction_factor": 10.0,
    "min_passing_serious_sizes": 2
  },
  "protocol": "v4_section8_device_array_frontdoor_validation",
  "release_claim_authorized": false,
  "repeat": 7,
  "results": [
    {
      "comparisons": {
        "prior_prepared_summary_gap": {
          "device_array_gap_reduction_over_prior_summary": 767.7269428333049,
          "prior_prepared_summary_median_s": 0.28451623022556305,
          "prior_summary_to_route_d_rows_gap": 452.34687099638313
        },
        "route_d_count_rows": {
          "baseline_median_s": 0.000628978,
          "candidate_median_s": 0.00037059560418128967,
          "device_array_to_route_d_rows_gap": 0.5892028086535455
        }
      },
      "copies": 8192,
      "correctness": {
        "correctness_passed": true,
        "expected_neighbor_count_sum": 163840,
        "expected_outlier_count": 16384,
        "expected_threshold_reached_count": 49152,
        "neighbor_count_sum": 163840,
        "outlier_count": 16384,
        "threshold_reached_count": 49152
      },
      "correctness_passed": true,
      "point_count": 65536,
      "prepare_sec": 0.837790310382843,
      "routes": {
        "device_array_frontdoor_prepared": {
          "app_row_materialization_in_hot_path": false,
          "generic_primitive": "FIXED_RADIUS_COUNT_THRESHOLD_2D",
          "host_materialization_in_hot_path": false,
          "input_contract": "caller_supplied_torch_device_point_columns",
          "max_s": 0.0004574321210384369,
          "median_s": 0.00037059560418128967,
          "metadata": {
            "adapter": "v4_fixed_radius_count_threshold_2d_device_arrays",
            "app_count_host_materialization": false,
            "app_count_materialization": "native_optix_prepared_device_columns",
            "broad_v4_speedup_claim_authorized": false,
            "direct_device_handoff_authorized": true,
            "generic_primitive": "FIXED_RADIUS_COUNT_THRESHOLD_2D",
            "host_materialization_in_hot_path": false,
            "input_contract": "caller_supplied_torch_device_point_columns",
            "measured_partner": true,
            "measured_partners": [
              "torch"
            ],
            "native_engine_row_contract": "generic_fixed_radius_count_threshold_2d_device_columns",
            "native_metadata": {
              "backend": "optix",
              "direct_device_handoff_authorized": true,
              "direct_device_pointer_observed": true,
              "internal_device_staging_disclosed": true,
              "internal_device_staging_scope": "device-resident AABB/BVH staging may occur inside the native route",
              "named_cuda_columns_no_host_stage_authorized": true,
              "named_cuda_columns_no_host_stage_ready": true,
              "native_acceleration_structure_required": true,
              "native_call_device_pointer_echo": {
                "output.neighbor_counts": 140492799870464,
                "output.query_ids": 140492799608320,
                "output.threshold_flags": 140492800132608,
                "query.ids": 140492800722432,
                "query.x": 140492637470720,
                "query.y": 140492799084032,
                "search.ids": 140492800722432,
                "search.x": 140492637470720,
                "search.y": 140492799084032
              },
              "native_call_device_pointer_echo_complete": true,
              "native_symbol": "rtdl_optix_write_prepared_fixed_radius_count_threshold_2d_device_query_columns",
              "output_columns_true_zero_copy_authorized": false,
              "query_count": 65536,
              "query_point_columns_true_zero_copy_authorized": false,
              "radius": 0.35,
              "rt_core_speedup_claim_authorized": false,
              "search_point_columns_true_zero_copy_authorized": false,
              "source_devices": [
                "cuda:0"
              ],
              "source_protocols": [
                "torch"
              ],
              "threshold": 3,
              "transfer_mode": "device_fixed_radius_point_columns_output_columns_zero_copy",
              "true_zero_copy_authorized": false,
              "v2_0_release_authorized": false
            },
            "native_prepared_route": "fixed_radius_count_threshold_2d_optix_prepared_partner_device_columns",
            "output_columns_reused": true,
            "output_contract": "caller_supplied_or_allocated_torch_device_output_columns",
            "partner": "torch",
            "partner_claim_status": "measured_on_v4_section8_pod",
            "partner_support_declared_unmeasured": [],
            "python_point_object_boundary_in_hot_path": false,
            "query_count": 65536,
            "radius": 0.35,
            "release_claim_authorized": false,
            "rt_core_speedup_claim_authorized": false,
            "second_primitive_work_authorized": false,
            "threshold": 3,
            "tier3_callback_claim_authorized": false,
            "true_zero_copy_authorized": false,
            "v2_0_release_authorized": false,
            "v4_api_surface": "v4_fixed_radius_count_threshold_2d_device_arrays",
            "whole_app_speedup_claim_authorized": false
          },
          "min_s": 0.0003555864095687866,
          "native_continuation_active": true,
          "native_continuation_backend": "optix_threshold_count",
          "native_metadata": {
            "backend": "optix",
            "direct_device_handoff_authorized": true,
            "direct_device_pointer_observed": true,
            "internal_device_staging_disclosed": true,
            "internal_device_staging_scope": "device-resident AABB/BVH staging may occur inside the native route",
            "named_cuda_columns_no_host_stage_authorized": true,
            "named_cuda_columns_no_host_stage_ready": true,
            "native_acceleration_structure_required": true,
            "native_call_device_pointer_echo": {
              "output.neighbor_counts": 140492799870464,
              "output.query_ids": 140492799608320,
              "output.threshold_flags": 140492800132608,
              "query.ids": 140492800722432,
              "query.x": 140492637470720,
              "query.y": 140492799084032,
              "search.ids": 140492800722432,
              "search.x": 140492637470720,
              "search.y": 140492799084032
            },
            "native_call_device_pointer_echo_complete": true,
            "native_symbol": "rtdl_optix_write_prepared_fixed_radius_count_threshold_2d_device_query_columns",
            "output_columns_true_zero_copy_authorized": false,
            "query_count": 65536,
            "query_point_columns_true_zero_copy_authorized": false,
            "radius": 0.35,
            "rt_core_speedup_claim_authorized": false,
            "search_point_columns_true_zero_copy_authorized": false,
            "source_devices": [
              "cuda:0"
            ],
            "source_protocols": [
              "torch"
            ],
            "threshold": 3,
            "transfer_mode": "device_fixed_radius_point_columns_output_columns_zero_copy",
            "true_zero_copy_authorized": false,
            "v2_0_release_authorized": false
          },
          "output_columns_reused": true,
          "partner": "torch",
          "python_point_object_boundary_in_hot_path": false,
          "tier": "tier2_fused_native_primitive_device_array_frontdoor",
          "timings_s": [
            0.0004574321210384369,
            0.0003806576132774353,
            0.00037059560418128967,
            0.00036736205220222473,
            0.00038005411624908447,
            0.0003555864095687866,
            0.0003596469759941101
          ]
        }
      }
    },
    {
      "comparisons": {
        "prior_prepared_summary_gap": {
          "device_array_gap_reduction_over_prior_summary": 2892.4636079663437,
          "prior_prepared_summary_median_s": 1.193533182144165,
          "prior_summary_to_route_d_rows_gap": 774.1046851937479
        },
        "route_d_count_rows": {
          "baseline_median_s": 0.001541824,
          "candidate_median_s": 0.0004126355051994324,
          "device_array_to_route_d_rows_gap": 0.2676281502943477
        }
      },
      "copies": 32768,
      "correctness": {
        "correctness_passed": true,
        "expected_neighbor_count_sum": 655360,
        "expected_outlier_count": 65536,
        "expected_threshold_reached_count": 196608,
        "neighbor_count_sum": 655360,
        "outlier_count": 65536,
        "threshold_reached_count": 196608
      },
      "correctness_passed": true,
      "point_count": 262144,
      "prepare_sec": 0.01438986137509346,
      "routes": {
        "device_array_frontdoor_prepared": {
          "app_row_materialization_in_hot_path": false,
          "generic_primitive": "FIXED_RADIUS_COUNT_THRESHOLD_2D",
          "host_materialization_in_hot_path": false,
          "input_contract": "caller_supplied_torch_device_point_columns",
          "max_s": 0.000460159033536911,
          "median_s": 0.0004126355051994324,
          "metadata": {
            "adapter": "v4_fixed_radius_count_threshold_2d_device_arrays",
            "app_count_host_materialization": false,
            "app_count_materialization": "native_optix_prepared_device_columns",
            "broad_v4_speedup_claim_authorized": false,
            "direct_device_handoff_authorized": true,
            "generic_primitive": "FIXED_RADIUS_COUNT_THRESHOLD_2D",
            "host_materialization_in_hot_path": false,
            "input_contract": "caller_supplied_torch_device_point_columns",
            "measured_partner": true,
            "measured_partners": [
              "torch"
            ],
            "native_engine_row_contract": "generic_fixed_radius_count_threshold_2d_device_columns",
            "native_metadata": {
              "backend": "optix",
              "direct_device_handoff_authorized": true,
              "direct_device_pointer_observed": true,
              "internal_device_staging_disclosed": true,
              "internal_device_staging_scope": "device-resident AABB/BVH staging may occur inside the native route",
              "named_cuda_columns_no_host_stage_authorized": true,
              "named_cuda_columns_no_host_stage_ready": true,
              "native_acceleration_structure_required": true,
              "native_call_device_pointer_echo": {
                "output.neighbor_counts": 140492800000000,
                "output.query_ids": 140492798951424,
                "output.threshold_flags": 140492671025152,
                "query.ids": 140492637996544,
                "query.x": 140492656345088,
                "query.y": 140492650053632,
                "search.ids": 140492637996544,
                "search.x": 140492656345088,
                "search.y": 140492650053632
              },
              "native_call_device_pointer_echo_complete": true,
              "native_symbol": "rtdl_optix_write_prepared_fixed_radius_count_threshold_2d_device_query_columns",
              "output_columns_true_zero_copy_authorized": false,
              "query_count": 262144,
              "query_point_columns_true_zero_copy_authorized": false,
              "radius": 0.35,
              "rt_core_speedup_claim_authorized": false,
              "search_point_columns_true_zero_copy_authorized": false,
              "source_devices": [
                "cuda:0"
              ],
              "source_protocols": [
                "torch"
              ],
              "threshold": 3,
              "transfer_mode": "device_fixed_radius_point_columns_output_columns_zero_copy",
              "true_zero_copy_authorized": false,
              "v2_0_release_authorized": false
            },
            "native_prepared_route": "fixed_radius_count_threshold_2d_optix_prepared_partner_device_columns",
            "output_columns_reused": true,
            "output_contract": "caller_supplied_or_allocated_torch_device_output_columns",
            "partner": "torch",
            "partner_claim_status": "measured_on_v4_section8_pod",
            "partner_support_declared_unmeasured": [],
            "python_point_object_boundary_in_hot_path": false,
            "query_count": 262144,
            "radius": 0.35,
            "release_claim_authorized": false,
            "rt_core_speedup_claim_authorized": false,
            "second_primitive_work_authorized": false,
            "threshold": 3,
            "tier3_callback_claim_authorized": false,
            "true_zero_copy_authorized": false,
            "v2_0_release_authorized": false,
            "v4_api_surface": "v4_fixed_radius_count_threshold_2d_device_arrays",
            "whole_app_speedup_claim_authorized": false
          },
          "min_s": 0.00039761513471603394,
          "native_continuation_active": true,
          "native_continuation_backend": "optix_threshold_count",
          "native_metadata": {
            "backend": "optix",
            "direct_device_handoff_authorized": true,
            "direct_device_pointer_observed": true,
            "internal_device_staging_disclosed": true,
            "internal_device_staging_scope": "device-resident AABB/BVH staging may occur inside the native route",
            "named_cuda_columns_no_host_stage_authorized": true,
            "named_cuda_columns_no_host_stage_ready": true,
            "native_acceleration_structure_required": true,
            "native_call_device_pointer_echo": {
              "output.neighbor_counts": 140492800000000,
              "output.query_ids": 140492798951424,
              "output.threshold_flags": 140492671025152,
              "query.ids": 140492637996544,
              "query.x": 140492656345088,
              "query.y": 140492650053632,
              "search.ids": 140492637996544,
              "search.x": 140492656345088,
              "search.y": 140492650053632
            },
            "native_call_device_pointer_echo_complete": true,
            "native_symbol": "rtdl_optix_write_prepared_fixed_radius_count_threshold_2d_device_query_columns",
            "output_columns_true_zero_copy_authorized": false,
            "query_count": 262144,
            "query_point_columns_true_zero_copy_authorized": false,
            "radius": 0.35,
            "rt_core_speedup_claim_authorized": false,
            "search_point_columns_true_zero_copy_authorized": false,
            "source_devices": [
              "cuda:0"
            ],
            "source_protocols": [
              "torch"
            ],
            "threshold": 3,
            "transfer_mode": "device_fixed_radius_point_columns_output_columns_zero_copy",
            "true_zero_copy_authorized": false,
            "v2_0_release_authorized": false
          },
          "output_columns_reused": true,
          "partner": "torch",
          "python_point_object_boundary_in_hot_path": false,
          "tier": "tier2_fused_native_primitive_device_array_frontdoor",
          "timings_s": [
            0.000460159033536911,
            0.0004455968737602234,
            0.0004196092486381531,
            0.0004126355051994324,
            0.0003997683525085449,
            0.00040064752101898193,
            0.00039761513471603394
          ]
        }
      }
    },
    {
      "comparisons": {
        "prior_prepared_summary_gap": {
          "device_array_gap_reduction_over_prior_summary": 8502.467583003077,
          "prior_prepared_summary_median_s": 5.290915034711361,
          "prior_summary_to_route_d_rows_gap": 1140.1109217336862
        },
        "route_d_count_rows": {
          "baseline_median_s": 0.004640702,
          "candidate_median_s": 0.000622279942035675,
          "device_array_to_route_d_rows_gap": 0.13409176931327954
        }
      },
      "copies": 131072,
      "correctness": {
        "correctness_passed": true,
        "expected_neighbor_count_sum": 2621440,
        "expected_outlier_count": 262144,
        "expected_threshold_reached_count": 786432,
        "neighbor_count_sum": 2621440,
        "outlier_count": 262144,
        "threshold_reached_count": 786432
      },
      "correctness_passed": true,
      "point_count": 1048576,
      "prepare_sec": 0.00984884425997734,
      "routes": {
        "device_array_frontdoor_prepared": {
          "app_row_materialization_in_hot_path": false,
          "generic_primitive": "FIXED_RADIUS_COUNT_THRESHOLD_2D",
          "host_materialization_in_hot_path": false,
          "input_contract": "caller_supplied_torch_device_point_columns",
          "max_s": 0.0006779022514820099,
          "median_s": 0.000622279942035675,
          "metadata": {
            "adapter": "v4_fixed_radius_count_threshold_2d_device_arrays",
            "app_count_host_materialization": false,
            "app_count_materialization": "native_optix_prepared_device_columns",
            "broad_v4_speedup_claim_authorized": false,
            "direct_device_handoff_authorized": true,
            "generic_primitive": "FIXED_RADIUS_COUNT_THRESHOLD_2D",
            "host_materialization_in_hot_path": false,
            "input_contract": "caller_supplied_torch_device_point_columns",
            "measured_partner": true,
            "measured_partners": [
              "torch"
            ],
            "native_engine_row_contract": "generic_fixed_radius_count_threshold_2d_device_columns",
            "native_metadata": {
              "backend": "optix",
              "direct_device_handoff_authorized": true,
              "direct_device_pointer_observed": true,
              "internal_device_staging_disclosed": true,
              "internal_device_staging_scope": "device-resident AABB/BVH staging may occur inside the native route",
              "named_cuda_columns_no_host_stage_authorized": true,
              "named_cuda_columns_no_host_stage_ready": true,
              "native_acceleration_structure_required": true,
              "native_call_device_pointer_echo": {
                "output.neighbor_counts": 140492673122304,
                "output.query_ids": 140492666830848,
                "output.threshold_flags": 140492677316608,
                "query.ids": 140492681510912,
                "query.x": 140492658442240,
                "query.y": 140492650053632,
                "search.ids": 140492681510912,
                "search.x": 140492658442240,
                "search.y": 140492650053632
              },
              "native_call_device_pointer_echo_complete": true,
              "native_symbol": "rtdl_optix_write_prepared_fixed_radius_count_threshold_2d_device_query_columns",
              "output_columns_true_zero_copy_authorized": false,
              "query_count": 1048576,
              "query_point_columns_true_zero_copy_authorized": false,
              "radius": 0.35,
              "rt_core_speedup_claim_authorized": false,
              "search_point_columns_true_zero_copy_authorized": false,
              "source_devices": [
                "cuda:0"
              ],
              "source_protocols": [
                "torch"
              ],
              "threshold": 3,
              "transfer_mode": "device_fixed_radius_point_columns_output_columns_zero_copy",
              "true_zero_copy_authorized": false,
              "v2_0_release_authorized": false
            },
            "native_prepared_route": "fixed_radius_count_threshold_2d_optix_prepared_partner_device_columns",
            "output_columns_reused": true,
            "output_contract": "caller_supplied_or_allocated_torch_device_output_columns",
            "partner": "torch",
            "partner_claim_status": "measured_on_v4_section8_pod",
            "partner_support_declared_unmeasured": [],
            "python_point_object_boundary_in_hot_path": false,
            "query_count": 1048576,
            "radius": 0.35,
            "release_claim_authorized": false,
            "rt_core_speedup_claim_authorized": false,
            "second_primitive_work_authorized": false,
            "threshold": 3,
            "tier3_callback_claim_authorized": false,
            "true_zero_copy_authorized": false,
            "v2_0_release_authorized": false,
            "v4_api_surface": "v4_fixed_radius_count_threshold_2d_device_arrays",
            "whole_app_speedup_claim_authorized": false
          },
          "min_s": 0.0006083808839321136,
          "native_continuation_active": true,
          "native_continuation_backend": "optix_threshold_count",
          "native_metadata": {
            "backend": "optix",
            "direct_device_handoff_authorized": true,
            "direct_device_pointer_observed": true,
            "internal_device_staging_disclosed": true,
            "internal_device_staging_scope": "device-resident AABB/BVH staging may occur inside the native route",
            "named_cuda_columns_no_host_stage_authorized": true,
            "named_cuda_columns_no_host_stage_ready": true,
            "native_acceleration_structure_required": true,
            "native_call_device_pointer_echo": {
              "output.neighbor_counts": 140492673122304,
              "output.query_ids": 140492666830848,
              "output.threshold_flags": 140492677316608,
              "query.ids": 140492681510912,
              "query.x": 140492658442240,
              "query.y": 140492650053632,
              "search.ids": 140492681510912,
              "search.x": 140492658442240,
              "search.y": 140492650053632
            },
            "native_call_device_pointer_echo_complete": true,
            "native_symbol": "rtdl_optix_write_prepared_fixed_radius_count_threshold_2d_device_query_columns",
            "output_columns_true_zero_copy_authorized": false,
            "query_count": 1048576,
            "query_point_columns_true_zero_copy_authorized": false,
            "radius": 0.35,
            "rt_core_speedup_claim_authorized": false,
            "search_point_columns_true_zero_copy_authorized": false,
            "source_devices": [
              "cuda:0"
            ],
            "source_protocols": [
              "torch"
            ],
            "threshold": 3,
            "transfer_mode": "device_fixed_radius_point_columns_output_columns_zero_copy",
            "true_zero_copy_authorized": false,
            "v2_0_release_authorized": false
          },
          "output_columns_reused": true,
          "partner": "torch",
          "python_point_object_boundary_in_hot_path": false,
          "tier": "tier2_fused_native_primitive_device_array_frontdoor",
          "timings_s": [
            0.0006779022514820099,
            0.0006404370069503784,
            0.000622279942035675,
            0.0006196610629558563,
            0.0006096959114074707,
            0.0006083808839321136,
            0.0006311126053333282
          ]
        }
      }
    }
  ],
  "route_d_json": "/root/rtdl_v4_candidate_pod/future/v4/evidence/v4_section8_route_d_result_2026-06-24.json",
  "status": "measured",
  "tier3_callback_claim_authorized": false,
  "timing_boundary": "fixture/device-array construction and prepared scene excluded; prepared RTDL device-column query, native launch, sync, and output writes included; correctness host reductions are outside timed repeats",
  "warmup": 1
}
[goal4639] done rc=0 elapsed_s=5.067
[goal4639] start: /usr/bin/python3 scripts/v4_section8_closest_hit_grouped_argmin_device_frontdoor_validation.py --repeat 7 --warmup 1 --progress --json-out future/v4/evidence/v4_goal4639_release_scorecard_pod_gate_2026-06-25/closest_hit_grouped_argmin.json
[warmup] ray_count=8192 route=device_array_frontdoor 1/1
[repeat-start] ray_count=8192 route=device_array_frontdoor 1/7
[repeat-done] ray_count=8192 route=device_array_frontdoor 1/7 elapsed_s=0.000251
[repeat-start] ray_count=8192 route=device_array_frontdoor 2/7
[repeat-done] ray_count=8192 route=device_array_frontdoor 2/7 elapsed_s=0.000163
[repeat-start] ray_count=8192 route=device_array_frontdoor 3/7
[repeat-done] ray_count=8192 route=device_array_frontdoor 3/7 elapsed_s=0.000147
[repeat-start] ray_count=8192 route=device_array_frontdoor 4/7
[repeat-done] ray_count=8192 route=device_array_frontdoor 4/7 elapsed_s=0.000142
[repeat-start] ray_count=8192 route=device_array_frontdoor 5/7
[repeat-done] ray_count=8192 route=device_array_frontdoor 5/7 elapsed_s=0.000152
[repeat-start] ray_count=8192 route=device_array_frontdoor 6/7
[repeat-done] ray_count=8192 route=device_array_frontdoor 6/7 elapsed_s=0.000146
[repeat-start] ray_count=8192 route=device_array_frontdoor 7/7
[repeat-done] ray_count=8192 route=device_array_frontdoor 7/7 elapsed_s=0.000140
[warmup] ray_count=8192 route=legacy_host_materialize 1/1
[repeat-start] ray_count=8192 route=legacy_host_materialize 1/7
[repeat-done] ray_count=8192 route=legacy_host_materialize 1/7 elapsed_s=0.000236
[repeat-start] ray_count=8192 route=legacy_host_materialize 2/7
[repeat-done] ray_count=8192 route=legacy_host_materialize 2/7 elapsed_s=0.000192
[repeat-start] ray_count=8192 route=legacy_host_materialize 3/7
[repeat-done] ray_count=8192 route=legacy_host_materialize 3/7 elapsed_s=0.000186
[repeat-start] ray_count=8192 route=legacy_host_materialize 4/7
[repeat-done] ray_count=8192 route=legacy_host_materialize 4/7 elapsed_s=0.000179
[repeat-start] ray_count=8192 route=legacy_host_materialize 5/7
[repeat-done] ray_count=8192 route=legacy_host_materialize 5/7 elapsed_s=0.000176
[repeat-start] ray_count=8192 route=legacy_host_materialize 6/7
[repeat-done] ray_count=8192 route=legacy_host_materialize 6/7 elapsed_s=0.000185
[repeat-start] ray_count=8192 route=legacy_host_materialize 7/7
[repeat-done] ray_count=8192 route=legacy_host_materialize 7/7 elapsed_s=0.000175
[warmup] ray_count=32768 route=device_array_frontdoor 1/1
[repeat-start] ray_count=32768 route=device_array_frontdoor 1/7
[repeat-done] ray_count=32768 route=device_array_frontdoor 1/7 elapsed_s=0.000185
[repeat-start] ray_count=32768 route=device_array_frontdoor 2/7
[repeat-done] ray_count=32768 route=device_array_frontdoor 2/7 elapsed_s=0.000179
[repeat-start] ray_count=32768 route=device_array_frontdoor 3/7
[repeat-done] ray_count=32768 route=device_array_frontdoor 3/7 elapsed_s=0.000170
[repeat-start] ray_count=32768 route=device_array_frontdoor 4/7
[repeat-done] ray_count=32768 route=device_array_frontdoor 4/7 elapsed_s=0.000165
[repeat-start] ray_count=32768 route=device_array_frontdoor 5/7
[repeat-done] ray_count=32768 route=device_array_frontdoor 5/7 elapsed_s=0.000163
[repeat-start] ray_count=32768 route=device_array_frontdoor 6/7
[repeat-done] ray_count=32768 route=device_array_frontdoor 6/7 elapsed_s=0.000162
[repeat-start] ray_count=32768 route=device_array_frontdoor 7/7
[repeat-done] ray_count=32768 route=device_array_frontdoor 7/7 elapsed_s=0.000162
[warmup] ray_count=32768 route=legacy_host_materialize 1/1
[repeat-start] ray_count=32768 route=legacy_host_materialize 1/7
[repeat-done] ray_count=32768 route=legacy_host_materialize 1/7 elapsed_s=0.000280
[repeat-start] ray_count=32768 route=legacy_host_materialize 2/7
[repeat-done] ray_count=32768 route=legacy_host_materialize 2/7 elapsed_s=0.000279
[repeat-start] ray_count=32768 route=legacy_host_materialize 3/7
[repeat-done] ray_count=32768 route=legacy_host_materialize 3/7 elapsed_s=0.000260
[repeat-start] ray_count=32768 route=legacy_host_materialize 4/7
[repeat-done] ray_count=32768 route=legacy_host_materialize 4/7 elapsed_s=0.000241
[repeat-start] ray_count=32768 route=legacy_host_materialize 5/7
[repeat-done] ray_count=32768 route=legacy_host_materialize 5/7 elapsed_s=0.000250
[repeat-start] ray_count=32768 route=legacy_host_materialize 6/7
[repeat-done] ray_count=32768 route=legacy_host_materialize 6/7 elapsed_s=0.000235
[repeat-start] ray_count=32768 route=legacy_host_materialize 7/7
[repeat-done] ray_count=32768 route=legacy_host_materialize 7/7 elapsed_s=0.000239
[warmup] ray_count=131072 route=device_array_frontdoor 1/1
[repeat-start] ray_count=131072 route=device_array_frontdoor 1/7
[repeat-done] ray_count=131072 route=device_array_frontdoor 1/7 elapsed_s=0.000222
[repeat-start] ray_count=131072 route=device_array_frontdoor 2/7
[repeat-done] ray_count=131072 route=device_array_frontdoor 2/7 elapsed_s=0.000231
[repeat-start] ray_count=131072 route=device_array_frontdoor 3/7
[repeat-done] ray_count=131072 route=device_array_frontdoor 3/7 elapsed_s=0.000217
[repeat-start] ray_count=131072 route=device_array_frontdoor 4/7
[repeat-done] ray_count=131072 route=device_array_frontdoor 4/7 elapsed_s=0.000206
[repeat-start] ray_count=131072 route=device_array_frontdoor 5/7
[repeat-done] ray_count=131072 route=device_array_frontdoor 5/7 elapsed_s=0.000204
[repeat-start] ray_count=131072 route=device_array_frontdoor 6/7
[repeat-done] ray_count=131072 route=device_array_frontdoor 6/7 elapsed_s=0.000196
[repeat-start] ray_count=131072 route=device_array_frontdoor 7/7
[repeat-done] ray_count=131072 route=device_array_frontdoor 7/7 elapsed_s=0.000196
[warmup] ray_count=131072 route=legacy_host_materialize 1/1
[repeat-start] ray_count=131072 route=legacy_host_materialize 1/7
[repeat-done] ray_count=131072 route=legacy_host_materialize 1/7 elapsed_s=0.000477
[repeat-start] ray_count=131072 route=legacy_host_materialize 2/7
[repeat-done] ray_count=131072 route=legacy_host_materialize 2/7 elapsed_s=0.000484
[repeat-start] ray_count=131072 route=legacy_host_materialize 3/7
[repeat-done] ray_count=131072 route=legacy_host_materialize 3/7 elapsed_s=0.000447
[repeat-start] ray_count=131072 route=legacy_host_materialize 4/7
[repeat-done] ray_count=131072 route=legacy_host_materialize 4/7 elapsed_s=0.000447
[repeat-start] ray_count=131072 route=legacy_host_materialize 5/7
[repeat-done] ray_count=131072 route=legacy_host_materialize 5/7 elapsed_s=0.000473
[repeat-start] ray_count=131072 route=legacy_host_materialize 6/7
[repeat-done] ray_count=131072 route=legacy_host_materialize 6/7 elapsed_s=0.000427
[repeat-start] ray_count=131072 route=legacy_host_materialize 7/7
[repeat-done] ray_count=131072 route=legacy_host_materialize 7/7 elapsed_s=0.000402
{
  "claim_boundary": {
    "broad_v4_speedup_claim_authorized": false,
    "measured_surface": "v4_closest_hit_grouped_argmin_3d_device_arrays",
    "release_claim_authorized": false,
    "tier3_callback_claim_authorized": false,
    "true_zero_copy_public_claim_authorized": false,
    "whole_app_speedup_claim_authorized": false
  },
  "parameters": {
    "group_width": 8,
    "partner": "torch",
    "ray_counts": [
      8192,
      32768,
      131072
    ],
    "repeat": 7,
    "warmup": 1
  },
  "results": [
    {
      "comparison": {
        "claim_scope": "This is a second V4 Tier-2 device-array surface validation, not a broad V4 speedup or release claim.",
        "device_frontdoor_faster_than_host_materialize": true,
        "legacy_host_materialize_to_device_frontdoor_ratio": 1.2567659768023653
      },
      "correctness": {
        "correctness_passed": true,
        "has_value_match": true,
        "index_match": true,
        "index_mismatch_count": 0,
        "value_match": true
      },
      "correctness_passed": true,
      "group_count": 1024,
      "group_width": 8,
      "prepare_seconds": 0.23155247792601585,
      "ray_count": 8192,
      "routes": {
        "device_array_frontdoor": {
          "generic_primitive": "CLOSEST_HIT_GROUPED_ARGMIN_3D",
          "grouped_results_downloaded_to_host_in_hot_path": false,
          "host_materialization_in_hot_path": false,
          "input_contract": "caller_supplied_torch_device_triangle_ray_and_group_columns",
          "max_s": 0.0002506934106349945,
          "median_s": 0.00014742091298103333,
          "metadata": {
            "adapter": "v4_closest_hit_grouped_argmin_3d_device_arrays",
            "backend": "optix",
            "broad_v4_speedup_claim_authorized": false,
            "candidate_count": 8192,
            "claim_boundary": {
              "native_app_api": false,
              "public_speedup_claim": false,
              "result_materialization_in_measured_window": false,
              "true_zero_copy": false
            },
            "contract": "PREPARED_TRIANGLE_SCENE_3D_PREPARED_RAY_BATCH_PREPARED_GROUPED_ARGMIN_DEVICE_OUTPUTS_V1",
            "generic_primitive": "CLOSEST_HIT_GROUPED_ARGMIN_3D",
            "group_count": 1024,
            "group_mapping_contract": "per_prepared_ray_ordinal",
            "grouped_inputs_created_from": "partner_device_columns",
            "grouped_result_device_to_device_export": false,
            "grouped_results_downloaded_to_host_in_hot_path": false,
            "grouped_results_materialized": false,
            "host_materialization_in_hot_path": false,
            "input_contract": "caller_supplied_torch_device_ray_triangle_and_group_columns",
            "measured_partner": true,
            "measured_partners": [
              "torch"
            ],
            "native_direct_device_output_columns": true,
            "native_grouped_argmin": true,
            "native_prepared_route": "ray_closest_hit_prepared_grouped_argmin_device_outputs",
            "output_columns_partner_owned": true,
            "output_contract": "caller_supplied_or_allocated_torch_device_grouped_argmin_columns",
            "output_source_devices": [
              "cuda:0"
            ],
            "partner": "torch",
            "partner_claim_status": "measured_on_v4_section8_pod",
            "partner_support_declared_unmeasured": [
              "cupy"
            ],
            "phase_timing_seconds": {
              "device_execution_host_observed": 7.841736078262329e-05,
              "prepare_build": 0.21975921466946602,
              "query_pack": 0.0,
              "traversal_grouped_argmin_and_direct_device_output_write": 4.0492e-05
            },
            "prepared_grouped_argmin_inputs_seconds": 3.6969780921936035e-05,
            "prepared_grouped_argmin_inputs_used": true,
            "prepared_ray_batch_seconds": 0.0025432519614696503,
            "prepared_ray_batch_used": true,
            "prepared_reused": true,
            "prepared_run_index": 8,
            "prepared_scene_used": true,
            "python_ray_object_boundary_in_hot_path": false,
            "ray_count": 8192,
            "ray_group_id_count": 8192,
            "release_claim_authorized": false,
            "result_kind": "device_grouped_argmin_from_ray_triangle_closest_hit",
            "row_arrays_materialized": false,
            "rows_materialized": false,
            "tier3_callback_claim_authorized": false,
            "transfer_metadata": {
              "candidate_indices_partner_owned": true,
              "candidate_indices_uploaded_during_prepare": false,
              "candidate_indices_uploaded_each_run": false,
              "candidate_values_partner_owned": true,
              "candidate_values_uploaded_during_prepare": false,
              "candidate_values_uploaded_each_run": false,
              "closest_hit_rows_downloaded_to_host": false,
              "group_ids_uploaded_during_prepare": false,
              "group_ids_uploaded_each_run": false,
              "group_mapping_contract": "per_prepared_ray_ordinal",
              "grouped_input_columns_partner_owned": true,
              "grouped_inputs_created_from": "partner_device_columns",
              "native_device_grouped_argmin": true,
              "native_direct_device_output_columns": true,
              "native_host_grouped_argmin": false,
              "per_group_results_downloaded_to_host": false,
              "per_ray_group_ids_partner_owned": true,
              "prepared_rays_resident_on_device": true,
              "python_dict_rows_materialized": false,
              "query_rays_uploaded_each_run": false,
              "static_scene_prepared_on_device": true,
              "true_zero_copy_authorized": false
            },
            "triangle_count": 8192,
            "v4_api_surface": "v4_closest_hit_grouped_argmin_3d_device_arrays",
            "whole_app_speedup_claim_authorized": false
          },
          "min_s": 0.00014005601406097412,
          "output_contract": "caller_owned_torch_device_grouped_argmin_columns",
          "tier": "tier2_generic_fused_rt_primitive_device_array_frontdoor",
          "timings_s": [
            0.0002506934106349945,
            0.0001634545624256134,
            0.00014742091298103333,
            0.0001421794295310974,
            0.00015249475836753845,
            0.0001455657184123993,
            0.00014005601406097412
          ]
        },
        "legacy_host_materialize": {
          "generic_primitive": "CLOSEST_HIT_GROUPED_ARGMIN_3D",
          "host_materialization_in_hot_path": true,
          "materialize_metadata": {
            "backend": "optix",
            "contract": "PREPARED_TRIANGLE_SCENE_3D_PREPARED_GROUPED_ARGMIN_FINALIZE_V1",
            "group_count": 1024,
            "group_mapping_contract": "per_prepared_ray_ordinal",
            "grouped_inputs_created_from": "partner_device_columns",
            "grouped_results_downloaded_to_host": true,
            "materialization_window_only": true,
            "materialize_seconds": 4.9952417612075806e-05,
            "public_speedup_claim_authorized": false,
            "true_zero_copy_authorized": false
          },
          "max_s": 0.00023589283227920532,
          "median_s": 0.00018527358770370483,
          "metadata": {
            "backend": "optix",
            "candidate_count": 8192,
            "claim_boundary": {
              "native_app_api": false,
              "public_speedup_claim": false,
              "result_materialization_in_measured_window": false,
              "true_zero_copy": false
            },
            "contract": "PREPARED_TRIANGLE_SCENE_3D_PREPARED_RAY_BATCH_PREPARED_GROUPED_ARGMIN_DEVICE_V1",
            "group_count": 1024,
            "group_mapping_contract": "per_prepared_ray_ordinal",
            "grouped_inputs_created_from": "partner_device_columns",
            "grouped_results_materialized": false,
            "native_grouped_argmin": true,
            "phase_timing_seconds": {
              "device_execution_host_observed": 7.656589150428772e-05,
              "prepare_build": 0.21975921466946602,
              "query_pack": 0.0,
              "traversal_and_device_grouped_argmin": 4.1641e-05
            },
            "prepared_grouped_argmin_inputs_seconds": 3.6969780921936035e-05,
            "prepared_grouped_argmin_inputs_used": true,
            "prepared_ray_batch_seconds": 0.0025432519614696503,
            "prepared_ray_batch_used": true,
            "prepared_reused": true,
            "prepared_run_index": 16,
            "prepared_scene_used": true,
            "ray_count": 8192,
            "ray_group_id_count": 8192,
            "result_kind": "device_grouped_argmin_from_ray_triangle_closest_hit",
            "row_arrays_materialized": false,
            "rows_materialized": false,
            "transfer_metadata": {
              "candidate_indices_partner_owned": true,
              "candidate_indices_uploaded_during_prepare": false,
              "candidate_indices_uploaded_each_run": false,
              "candidate_values_partner_owned": true,
              "candidate_values_uploaded_during_prepare": false,
              "candidate_values_uploaded_each_run": false,
              "closest_hit_rows_downloaded_to_host": false,
              "group_ids_uploaded_during_prepare": false,
              "group_ids_uploaded_each_run": false,
              "group_mapping_contract": "per_prepared_ray_ordinal",
              "grouped_input_columns_partner_owned": true,
              "grouped_inputs_created_from": "partner_device_columns",
              "native_device_grouped_argmin": true,
              "native_host_grouped_argmin": false,
              "per_group_results_downloaded_to_host": false,
              "per_ray_group_ids_partner_owned": true,
              "prepared_rays_resident_on_device": true,
              "python_dict_rows_materialized": false,
              "query_rays_uploaded_each_run": false,
              "static_scene_prepared_on_device": true,
              "true_zero_copy_authorized": false
            },
            "triangle_count": 8192
          },
          "min_s": 0.00017528608441352844,
          "tier": "prepared_native_route_with_host_grouped_result_materialization",
          "timings_s": [
            0.00023589283227920532,
            0.00019238516688346863,
            0.00018591806292533875,
            0.00017897412180900574,
            0.0001757889986038208,
            0.00018527358770370483,
            0.00017528608441352844
          ]
        }
      },
      "triangle_count": 8192
    },
    {
      "comparison": {
        "claim_scope": "This is a second V4 Tier-2 device-array surface validation, not a broad V4 speedup or release claim.",
        "device_frontdoor_faster_than_host_materialize": true,
        "legacy_host_materialize_to_device_frontdoor_ratio": 1.509062661833247
      },
      "correctness": {
        "correctness_passed": true,
        "has_value_match": true,
        "index_match": true,
        "index_mismatch_count": 0,
        "value_match": true
      },
      "correctness_passed": true,
      "group_count": 4096,
      "group_width": 8,
      "prepare_seconds": 0.002435438334941864,
      "ray_count": 32768,
      "routes": {
        "device_array_frontdoor": {
          "generic_primitive": "CLOSEST_HIT_GROUPED_ARGMIN_3D",
          "grouped_results_downloaded_to_host_in_hot_path": false,
          "host_materialization_in_hot_path": false,
          "input_contract": "caller_supplied_torch_device_triangle_ray_and_group_columns",
          "max_s": 0.000185355544090271,
          "median_s": 0.000165451318025589,
          "metadata": {
            "adapter": "v4_closest_hit_grouped_argmin_3d_device_arrays",
            "backend": "optix",
            "broad_v4_speedup_claim_authorized": false,
            "candidate_count": 32768,
            "claim_boundary": {
              "native_app_api": false,
              "public_speedup_claim": false,
              "result_materialization_in_measured_window": false,
              "true_zero_copy": false
            },
            "contract": "PREPARED_TRIANGLE_SCENE_3D_PREPARED_RAY_BATCH_PREPARED_GROUPED_ARGMIN_DEVICE_OUTPUTS_V1",
            "generic_primitive": "CLOSEST_HIT_GROUPED_ARGMIN_3D",
            "group_count": 4096,
            "group_mapping_contract": "per_prepared_ray_ordinal",
            "grouped_inputs_created_from": "partner_device_columns",
            "grouped_result_device_to_device_export": false,
            "grouped_results_downloaded_to_host_in_hot_path": false,
            "grouped_results_materialized": false,
            "host_materialization_in_hot_path": false,
            "input_contract": "caller_supplied_torch_device_ray_triangle_and_group_columns",
            "measured_partner": true,
            "measured_partners": [
              "torch"
            ],
            "native_direct_device_output_columns": true,
            "native_grouped_argmin": true,
            "native_prepared_route": "ray_closest_hit_prepared_grouped_argmin_device_outputs",
            "output_columns_partner_owned": true,
            "output_contract": "caller_supplied_or_allocated_torch_device_grouped_argmin_columns",
            "output_source_devices": [
              "cuda:0"
            ],
            "partner": "torch",
            "partner_claim_status": "measured_on_v4_section8_pod",
            "partner_support_declared_unmeasured": [
              "cupy"
            ],
            "phase_timing_seconds": {
              "device_execution_host_observed": 0.00010045245289802551,
              "prepare_build": 0.001236744225025177,
              "query_pack": 0.0,
              "traversal_grouped_argmin_and_direct_device_output_write": 6.3385e-05
            },
            "prepared_grouped_argmin_inputs_seconds": 3.487616777420044e-05,
            "prepared_grouped_argmin_inputs_used": true,
            "prepared_ray_batch_seconds": 0.00025916844606399536,
            "prepared_ray_batch_used": true,
            "prepared_reused": true,
            "prepared_run_index": 8,
            "prepared_scene_used": true,
            "python_ray_object_boundary_in_hot_path": false,
            "ray_count": 32768,
            "ray_group_id_count": 32768,
            "release_claim_authorized": false,
            "result_kind": "device_grouped_argmin_from_ray_triangle_closest_hit",
            "row_arrays_materialized": false,
            "rows_materialized": false,
            "tier3_callback_claim_authorized": false,
            "transfer_metadata": {
              "candidate_indices_partner_owned": true,
              "candidate_indices_uploaded_during_prepare": false,
              "candidate_indices_uploaded_each_run": false,
              "candidate_values_partner_owned": true,
              "candidate_values_uploaded_during_prepare": false,
              "candidate_values_uploaded_each_run": false,
              "closest_hit_rows_downloaded_to_host": false,
              "group_ids_uploaded_during_prepare": false,
              "group_ids_uploaded_each_run": false,
              "group_mapping_contract": "per_prepared_ray_ordinal",
              "grouped_input_columns_partner_owned": true,
              "grouped_inputs_created_from": "partner_device_columns",
              "native_device_grouped_argmin": true,
              "native_direct_device_output_columns": true,
              "native_host_grouped_argmin": false,
              "per_group_results_downloaded_to_host": false,
              "per_ray_group_ids_partner_owned": true,
              "prepared_rays_resident_on_device": true,
              "python_dict_rows_materialized": false,
              "query_rays_uploaded_each_run": false,
              "static_scene_prepared_on_device": true,
              "true_zero_copy_authorized": false
            },
            "triangle_count": 32768,
            "v4_api_surface": "v4_closest_hit_grouped_argmin_3d_device_arrays",
            "whole_app_speedup_claim_authorized": false
          },
          "min_s": 0.00016162917017936707,
          "output_contract": "caller_owned_torch_device_grouped_argmin_columns",
          "tier": "tier2_generic_fused_rt_primitive_device_array_frontdoor",
          "timings_s": [
            0.000185355544090271,
            0.00017928704619407654,
            0.0001695007085800171,
            0.000165451318025589,
            0.00016297772526741028,
            0.00016162917017936707,
            0.00016190484166145325
          ]
        },
        "legacy_host_materialize": {
          "generic_primitive": "CLOSEST_HIT_GROUPED_ARGMIN_3D",
          "host_materialization_in_hot_path": true,
          "materialize_metadata": {
            "backend": "optix",
            "contract": "PREPARED_TRIANGLE_SCENE_3D_PREPARED_GROUPED_ARGMIN_FINALIZE_V1",
            "group_count": 4096,
            "group_mapping_contract": "per_prepared_ray_ordinal",
            "grouped_inputs_created_from": "partner_device_columns",
            "grouped_results_downloaded_to_host": true,
            "materialization_window_only": true,
            "materialize_seconds": 7.437542080879211e-05,
            "public_speedup_claim_authorized": false,
            "true_zero_copy_authorized": false
          },
          "max_s": 0.00028047338128089905,
          "median_s": 0.0002496764063835144,
          "metadata": {
            "backend": "optix",
            "candidate_count": 32768,
            "claim_boundary": {
              "native_app_api": false,
              "public_speedup_claim": false,
              "result_materialization_in_measured_window": false,
              "true_zero_copy": false
            },
            "contract": "PREPARED_TRIANGLE_SCENE_3D_PREPARED_RAY_BATCH_PREPARED_GROUPED_ARGMIN_DEVICE_V1",
            "group_count": 4096,
            "group_mapping_contract": "per_prepared_ray_ordinal",
            "grouped_inputs_created_from": "partner_device_columns",
            "grouped_results_materialized": false,
            "native_grouped_argmin": true,
            "phase_timing_seconds": {
              "device_execution_host_observed": 9.429454803466797e-05,
              "prepare_build": 0.001236744225025177,
              "query_pack": 0.0,
              "traversal_and_device_grouped_argmin": 5.7728e-05
            },
            "prepared_grouped_argmin_inputs_seconds": 3.487616777420044e-05,
            "prepared_grouped_argmin_inputs_used": true,
            "prepared_ray_batch_seconds": 0.00025916844606399536,
            "prepared_ray_batch_used": true,
            "prepared_reused": true,
            "prepared_run_index": 16,
            "prepared_scene_used": true,
            "ray_count": 32768,
            "ray_group_id_count": 32768,
            "result_kind": "device_grouped_argmin_from_ray_triangle_closest_hit",
            "row_arrays_materialized": false,
            "rows_materialized": false,
            "transfer_metadata": {
              "candidate_indices_partner_owned": true,
              "candidate_indices_uploaded_during_prepare": false,
              "candidate_indices_uploaded_each_run": false,
              "candidate_values_partner_owned": true,
              "candidate_values_uploaded_during_prepare": false,
              "candidate_values_uploaded_each_run": false,
              "closest_hit_rows_downloaded_to_host": false,
              "group_ids_uploaded_during_prepare": false,
              "group_ids_uploaded_each_run": false,
              "group_mapping_contract": "per_prepared_ray_ordinal",
              "grouped_input_columns_partner_owned": true,
              "grouped_inputs_created_from": "partner_device_columns",
              "native_device_grouped_argmin": true,
              "native_host_grouped_argmin": false,
              "per_group_results_downloaded_to_host": false,
              "per_ray_group_ids_partner_owned": true,
              "prepared_rays_resident_on_device": true,
              "python_dict_rows_materialized": false,
              "query_rays_uploaded_each_run": false,
              "static_scene_prepared_on_device": true,
              "true_zero_copy_authorized": false
            },
            "triangle_count": 32768
          },
          "min_s": 0.00023485347628593445,
          "tier": "prepared_native_route_with_host_grouped_result_materialization",
          "timings_s": [
            0.00028047338128089905,
            0.0002791769802570343,
            0.00026035308837890625,
            0.00024107098579406738,
            0.0002496764063835144,
            0.00023485347628593445,
            0.00023949891328811646
          ]
        }
      },
      "triangle_count": 32768
    },
    {
      "comparison": {
        "claim_scope": "This is a second V4 Tier-2 device-array surface validation, not a broad V4 speedup or release claim.",
        "device_frontdoor_faster_than_host_materialize": true,
        "legacy_host_materialize_to_device_frontdoor_ratio": 2.1668411930382034
      },
      "correctness": {
        "correctness_passed": true,
        "has_value_match": true,
        "index_match": true,
        "index_mismatch_count": 0,
        "value_match": true
      },
      "correctness_passed": true,
      "group_count": 16384,
      "group_width": 8,
      "prepare_seconds": 0.0031484700739383698,
      "ray_count": 131072,
      "routes": {
        "device_array_frontdoor": {
          "generic_primitive": "CLOSEST_HIT_GROUPED_ARGMIN_3D",
          "grouped_results_downloaded_to_host_in_hot_path": false,
          "host_materialization_in_hot_path": false,
          "input_contract": "caller_supplied_torch_device_triangle_ray_and_group_columns",
          "max_s": 0.00023089349269866943,
          "median_s": 0.0002063363790512085,
          "metadata": {
            "adapter": "v4_closest_hit_grouped_argmin_3d_device_arrays",
            "backend": "optix",
            "broad_v4_speedup_claim_authorized": false,
            "candidate_count": 131072,
            "claim_boundary": {
              "native_app_api": false,
              "public_speedup_claim": false,
              "result_materialization_in_measured_window": false,
              "true_zero_copy": false
            },
            "contract": "PREPARED_TRIANGLE_SCENE_3D_PREPARED_RAY_BATCH_PREPARED_GROUPED_ARGMIN_DEVICE_OUTPUTS_V1",
            "generic_primitive": "CLOSEST_HIT_GROUPED_ARGMIN_3D",
            "group_count": 16384,
            "group_mapping_contract": "per_prepared_ray_ordinal",
            "grouped_inputs_created_from": "partner_device_columns",
            "grouped_result_device_to_device_export": false,
            "grouped_results_downloaded_to_host_in_hot_path": false,
            "grouped_results_materialized": false,
            "host_materialization_in_hot_path": false,
            "input_contract": "caller_supplied_torch_device_ray_triangle_and_group_columns",
            "measured_partner": true,
            "measured_partners": [
              "torch"
            ],
            "native_direct_device_output_columns": true,
            "native_grouped_argmin": true,
            "native_prepared_route": "ray_closest_hit_prepared_grouped_argmin_device_outputs",
            "output_columns_partner_owned": true,
            "output_contract": "caller_supplied_or_allocated_torch_device_grouped_argmin_columns",
            "output_source_devices": [
              "cuda:0"
            ],
            "partner": "torch",
            "partner_claim_status": "measured_on_v4_section8_pod",
            "partner_support_declared_unmeasured": [
              "cupy"
            ],
            "phase_timing_seconds": {
              "device_execution_host_observed": 0.00013526156544685364,
              "prepare_build": 0.0018939599394798279,
              "query_pack": 0.0,
              "traversal_grouped_argmin_and_direct_device_output_write": 9.1367e-05
            },
            "prepared_grouped_argmin_inputs_seconds": 2.9359012842178345e-05,
            "prepared_grouped_argmin_inputs_used": true,
            "prepared_ray_batch_seconds": 0.0004380755126476288,
            "prepared_ray_batch_used": true,
            "prepared_reused": true,
            "prepared_run_index": 8,
            "prepared_scene_used": true,
            "python_ray_object_boundary_in_hot_path": false,
            "ray_count": 131072,
            "ray_group_id_count": 131072,
            "release_claim_authorized": false,
            "result_kind": "device_grouped_argmin_from_ray_triangle_closest_hit",
            "row_arrays_materialized": false,
            "rows_materialized": false,
            "tier3_callback_claim_authorized": false,
            "transfer_metadata": {
              "candidate_indices_partner_owned": true,
              "candidate_indices_uploaded_during_prepare": false,
              "candidate_indices_uploaded_each_run": false,
              "candidate_values_partner_owned": true,
              "candidate_values_uploaded_during_prepare": false,
              "candidate_values_uploaded_each_run": false,
              "closest_hit_rows_downloaded_to_host": false,
              "group_ids_uploaded_during_prepare": false,
              "group_ids_uploaded_each_run": false,
              "group_mapping_contract": "per_prepared_ray_ordinal",
              "grouped_input_columns_partner_owned": true,
              "grouped_inputs_created_from": "partner_device_columns",
              "native_device_grouped_argmin": true,
              "native_direct_device_output_columns": true,
              "native_host_grouped_argmin": false,
              "per_group_results_downloaded_to_host": false,
              "per_ray_group_ids_partner_owned": true,
              "prepared_rays_resident_on_device": true,
              "python_dict_rows_materialized": false,
              "query_rays_uploaded_each_run": false,
              "static_scene_prepared_on_device": true,
              "true_zero_copy_authorized": false
            },
            "triangle_count": 131072,
            "v4_api_surface": "v4_closest_hit_grouped_argmin_3d_device_arrays",
            "whole_app_speedup_claim_authorized": false
          },
          "min_s": 0.00019587576389312744,
          "output_contract": "caller_owned_torch_device_grouped_argmin_columns",
          "tier": "tier2_generic_fused_rt_primitive_device_array_frontdoor",
          "timings_s": [
            0.00022191181778907776,
            0.00023089349269866943,
            0.00021686777472496033,
            0.0002063363790512085,
            0.0002039112150669098,
            0.00019587576389312744,
            0.0001963190734386444
          ]
        },
        "legacy_host_materialize": {
          "generic_primitive": "CLOSEST_HIT_GROUPED_ARGMIN_3D",
          "host_materialization_in_hot_path": true,
          "materialize_metadata": {
            "backend": "optix",
            "contract": "PREPARED_TRIANGLE_SCENE_3D_PREPARED_GROUPED_ARGMIN_FINALIZE_V1",
            "group_count": 16384,
            "group_mapping_contract": "per_prepared_ray_ordinal",
            "grouped_inputs_created_from": "partner_device_columns",
            "grouped_results_downloaded_to_host": true,
            "materialization_window_only": true,
            "materialize_seconds": 0.0001418590545654297,
            "public_speedup_claim_authorized": false,
            "true_zero_copy_authorized": false
          },
          "max_s": 0.0004842504858970642,
          "median_s": 0.00044709816575050354,
          "metadata": {
            "backend": "optix",
            "candidate_count": 131072,
            "claim_boundary": {
              "native_app_api": false,
              "public_speedup_claim": false,
              "result_materialization_in_measured_window": false,
              "true_zero_copy": false
            },
            "contract": "PREPARED_TRIANGLE_SCENE_3D_PREPARED_RAY_BATCH_PREPARED_GROUPED_ARGMIN_DEVICE_V1",
            "group_count": 16384,
            "group_mapping_contract": "per_prepared_ray_ordinal",
            "grouped_inputs_created_from": "partner_device_columns",
            "grouped_results_materialized": false,
            "native_grouped_argmin": true,
            "phase_timing_seconds": {
              "device_execution_host_observed": 0.0001415051519870758,
              "prepare_build": 0.0018939599394798279,
              "query_pack": 0.0,
              "traversal_and_device_grouped_argmin": 9.4961e-05
            },
            "prepared_grouped_argmin_inputs_seconds": 2.9359012842178345e-05,
            "prepared_grouped_argmin_inputs_used": true,
            "prepared_ray_batch_seconds": 0.0004380755126476288,
            "prepared_ray_batch_used": true,
            "prepared_reused": true,
            "prepared_run_index": 16,
            "prepared_scene_used": true,
            "ray_count": 131072,
            "ray_group_id_count": 131072,
            "result_kind": "device_grouped_argmin_from_ray_triangle_closest_hit",
            "row_arrays_materialized": false,
            "rows_materialized": false,
            "transfer_metadata": {
              "candidate_indices_partner_owned": true,
              "candidate_indices_uploaded_during_prepare": false,
              "candidate_indices_uploaded_each_run": false,
              "candidate_values_partner_owned": true,
              "candidate_values_uploaded_during_prepare": false,
              "candidate_values_uploaded_each_run": false,
              "closest_hit_rows_downloaded_to_host": false,
              "group_ids_uploaded_during_prepare": false,
              "group_ids_uploaded_each_run": false,
              "group_mapping_contract": "per_prepared_ray_ordinal",
              "grouped_input_columns_partner_owned": true,
              "grouped_inputs_created_from": "partner_device_columns",
              "native_device_grouped_argmin": true,
              "native_host_grouped_argmin": false,
              "per_group_results_downloaded_to_host": false,
              "per_ray_group_ids_partner_owned": true,
              "prepared_rays_resident_on_device": true,
              "python_dict_rows_materialized": false,
              "query_rays_uploaded_each_run": false,
              "static_scene_prepared_on_device": true,
              "true_zero_copy_authorized": false
            },
            "triangle_count": 131072
          },
          "min_s": 0.0004024207592010498,
          "tier": "prepared_native_route_with_host_grouped_result_materialization",
          "timings_s": [
            0.00047714635729789734,
            0.0004842504858970642,
            0.00044709816575050354,
            0.00044675543904304504,
            0.00047340989112854004,
            0.00042714923620224,
            0.0004024207592010498
          ]
        }
      },
      "triangle_count": 131072
    }
  ],
  "schema": "rtdl.v4.section8.closest_hit_grouped_argmin_device_frontdoor.v1",
  "status": "measured",
  "summary": {
    "all_correct": true,
    "device_frontdoor_wins_host_materialize_count": 3,
    "measured_ray_count_count": 3,
    "median_host_materialize_to_device_frontdoor_ratio": 1.509062661833247
  },
  "timing_boundary": "fixture construction and prepare excluded; hot route includes prepared native closest-hit grouped argmin plus either device-to-device output export or host grouped result materialization; correctness host reads are outside timed repeats"
}
[goal4639] done rc=0 elapsed_s=4.042
[goal4639] start: /usr/bin/python3 scripts/v4_section8_any_hit_flags_device_frontdoor_validation.py --repeat 5 --warmup 1 --max-torch-reference-count 8192 --progress --json-out future/v4/evidence/v4_goal4639_release_scorecard_pod_gate_2026-06-25/ray_triangle_any_hit_flags.json
[warmup] ray_count=8192 route=device_any_hit_flags 1/1
[repeat-start] ray_count=8192 route=device_any_hit_flags 1/5
[repeat-done] ray_count=8192 route=device_any_hit_flags 1/5 elapsed_s=0.000577
[repeat-start] ray_count=8192 route=device_any_hit_flags 2/5
[repeat-done] ray_count=8192 route=device_any_hit_flags 2/5 elapsed_s=0.000375
[repeat-start] ray_count=8192 route=device_any_hit_flags 3/5
[repeat-done] ray_count=8192 route=device_any_hit_flags 3/5 elapsed_s=0.000342
[repeat-start] ray_count=8192 route=device_any_hit_flags 4/5
[repeat-done] ray_count=8192 route=device_any_hit_flags 4/5 elapsed_s=0.000329
[repeat-start] ray_count=8192 route=device_any_hit_flags 5/5
[repeat-done] ray_count=8192 route=device_any_hit_flags 5/5 elapsed_s=0.000310
[warmup] ray_count=8192 route=torch_fixture_analytic_reference 1/1
[repeat-start] ray_count=8192 route=torch_fixture_analytic_reference 1/5
[repeat-done] ray_count=8192 route=torch_fixture_analytic_reference 1/5 elapsed_s=0.001986
[repeat-start] ray_count=8192 route=torch_fixture_analytic_reference 2/5
[repeat-done] ray_count=8192 route=torch_fixture_analytic_reference 2/5 elapsed_s=0.001965
[repeat-start] ray_count=8192 route=torch_fixture_analytic_reference 3/5
[repeat-done] ray_count=8192 route=torch_fixture_analytic_reference 3/5 elapsed_s=0.001940
[repeat-start] ray_count=8192 route=torch_fixture_analytic_reference 4/5
[repeat-done] ray_count=8192 route=torch_fixture_analytic_reference 4/5 elapsed_s=0.001939
[repeat-start] ray_count=8192 route=torch_fixture_analytic_reference 5/5
[repeat-done] ray_count=8192 route=torch_fixture_analytic_reference 5/5 elapsed_s=0.001942
[warmup] ray_count=32768 route=device_any_hit_flags 1/1
[repeat-start] ray_count=32768 route=device_any_hit_flags 1/5
[repeat-done] ray_count=32768 route=device_any_hit_flags 1/5 elapsed_s=0.000379
[repeat-start] ray_count=32768 route=device_any_hit_flags 2/5
[repeat-done] ray_count=32768 route=device_any_hit_flags 2/5 elapsed_s=0.000364
[repeat-start] ray_count=32768 route=device_any_hit_flags 3/5
[repeat-done] ray_count=32768 route=device_any_hit_flags 3/5 elapsed_s=0.000372
[repeat-start] ray_count=32768 route=device_any_hit_flags 4/5
[repeat-done] ray_count=32768 route=device_any_hit_flags 4/5 elapsed_s=0.000352
[repeat-start] ray_count=32768 route=device_any_hit_flags 5/5
[repeat-done] ray_count=32768 route=device_any_hit_flags 5/5 elapsed_s=0.000342
[warmup] ray_count=131072 route=device_any_hit_flags 1/1
[repeat-start] ray_count=131072 route=device_any_hit_flags 1/5
[repeat-done] ray_count=131072 route=device_any_hit_flags 1/5 elapsed_s=0.000404
[repeat-start] ray_count=131072 route=device_any_hit_flags 2/5
[repeat-done] ray_count=131072 route=device_any_hit_flags 2/5 elapsed_s=0.000391
[repeat-start] ray_count=131072 route=device_any_hit_flags 3/5
[repeat-done] ray_count=131072 route=device_any_hit_flags 3/5 elapsed_s=0.000384
[repeat-start] ray_count=131072 route=device_any_hit_flags 4/5
[repeat-done] ray_count=131072 route=device_any_hit_flags 4/5 elapsed_s=0.000374
[repeat-start] ray_count=131072 route=device_any_hit_flags 5/5
[repeat-done] ray_count=131072 route=device_any_hit_flags 5/5 elapsed_s=0.000371
{
  "claim_boundary": {
    "broad_v4_speedup_claim_authorized": false,
    "measured_surface": "v4_ray_triangle_any_hit_flags_2d_device_arrays",
    "release_claim_authorized": false,
    "tier3_callback_claim_authorized": false,
    "true_zero_copy_public_claim_authorized": false,
    "whole_app_speedup_claim_authorized": false
  },
  "parameters": {
    "max_torch_reference_count": 8192,
    "partner": "torch",
    "ray_counts": [
      8192,
      32768,
      131072
    ],
    "repeat": 5,
    "warmup": 1
  },
  "results": [
    {
      "comparison": {
        "claim_scope": "This is a third V4 Tier-2 device-array surface validation, not a broad V4 speedup, whole-app result, or release claim.",
        "device_frontdoor_faster_than_torch_reference": true,
        "torch_reference_contract": "fixture-analytic same-data device reference for separated one-hit triangles; not a general ray/triangle implementation or handwritten OptiX ceiling",
        "torch_reference_match": true,
        "torch_reference_measured": true,
        "torch_reference_reason": null,
        "torch_reference_to_device_frontdoor_ratio": 5.670550985768377
      },
      "correctness_passed": true,
      "prepare_seconds": 0.2378651723265648,
      "ray_count": 8192,
      "routes": {
        "device_array_frontdoor": {
          "generic_primitive": "RAY_TRIANGLE_ANY_HIT_FLAGS_2D",
          "host_materialization_in_hot_path": false,
          "input_contract": "caller_supplied_torch_device_triangle_aabb_and_ray_columns",
          "max_s": 0.0005773454904556274,
          "median_s": 0.0003423839807510376,
          "metadata": {
            "adapter": "v4_ray_triangle_any_hit_flags_2d_device_arrays",
            "backend": "optix",
            "broad_v4_speedup_claim_authorized": false,
            "direct_device_handoff_authorized": true,
            "direct_device_pointer_observed": true,
            "generic_primitive": "RAY_TRIANGLE_ANY_HIT_FLAGS_2D",
            "host_materialization_in_hot_path": false,
            "input_contract": "caller_supplied_torch_device_ray_triangle_columns",
            "measured_partner": true,
            "measured_partners": [
              "torch"
            ],
            "native_direct_device_output_columns": true,
            "native_prepared_route": "write_device_any_hit_flags",
            "native_symbol": "rtdl_optix_write_prepared_ray_anyhit_2d_device_flags",
            "output_contract": "caller_supplied_or_allocated_torch_device_any_hit_flag_column",
            "output_flags_true_zero_copy_authorized": false,
            "partner": "torch",
            "partner_claim_status": "measured_on_v4_section8_pod",
            "partner_support_declared_unmeasured": [
              "cupy"
            ],
            "partner_tensor_handoff_authorized": true,
            "python_ray_object_boundary_in_hot_path": false,
            "ray_columns_true_zero_copy_authorized": false,
            "ray_count": 8192,
            "ray_results_downloaded_to_host_in_hot_path": false,
            "release_claim_authorized": false,
            "rt_core_speedup_claim_authorized": false,
            "source_devices": [
              "cuda:0"
            ],
            "source_protocols": [
              "torch"
            ],
            "tier3_callback_claim_authorized": false,
            "transfer_mode": "device_ray_triangle_columns_output_flags_zero_copy",
            "triangle_scene_true_zero_copy_authorized": false,
            "true_zero_copy_authorized": false,
            "v2_0_release_authorized": false,
            "v4_api_surface": "v4_ray_triangle_any_hit_flags_2d_device_arrays",
            "whole_app_speedup_claim_authorized": false
          },
          "min_s": 0.00031007081270217896,
          "output_contract": "caller_owned_torch_device_any_hit_flag_column",
          "tier": "tier2_generic_fused_rt_primitive_device_array_frontdoor",
          "timings_s": [
            0.0005773454904556274,
            0.00037525221705436707,
            0.0003423839807510376,
            0.0003293938934803009,
            0.00031007081270217896
          ]
        },
        "torch_fixture_analytic_reference": {
          "max_s": 0.001985713839530945,
          "median_s": 0.0019415058195590973,
          "min_s": 0.0019394643604755402,
          "timings_s": [
            0.001985713839530945,
            0.001964990049600601,
            0.0019402988255023956,
            0.0019394643604755402,
            0.0019415058195590973
          ]
        }
      },
      "triangle_count": 8192
    },
    {
      "comparison": {
        "claim_scope": "This is a third V4 Tier-2 device-array surface validation, not a broad V4 speedup, whole-app result, or release claim.",
        "device_frontdoor_faster_than_torch_reference": null,
        "torch_reference_measured": false,
        "torch_reference_reason": "skipped_above_max_torch_reference_count",
        "torch_reference_to_device_frontdoor_ratio": null
      },
      "correctness_passed": true,
      "prepare_seconds": 0.0013579390943050385,
      "ray_count": 32768,
      "routes": {
        "device_array_frontdoor": {
          "generic_primitive": "RAY_TRIANGLE_ANY_HIT_FLAGS_2D",
          "host_materialization_in_hot_path": false,
          "input_contract": "caller_supplied_torch_device_triangle_aabb_and_ray_columns",
          "max_s": 0.00037948042154312134,
          "median_s": 0.0003640986979007721,
          "metadata": {
            "adapter": "v4_ray_triangle_any_hit_flags_2d_device_arrays",
            "backend": "optix",
            "broad_v4_speedup_claim_authorized": false,
            "direct_device_handoff_authorized": true,
            "direct_device_pointer_observed": true,
            "generic_primitive": "RAY_TRIANGLE_ANY_HIT_FLAGS_2D",
            "host_materialization_in_hot_path": false,
            "input_contract": "caller_supplied_torch_device_ray_triangle_columns",
            "measured_partner": true,
            "measured_partners": [
              "torch"
            ],
            "native_direct_device_output_columns": true,
            "native_prepared_route": "write_device_any_hit_flags",
            "native_symbol": "rtdl_optix_write_prepared_ray_anyhit_2d_device_flags",
            "output_contract": "caller_supplied_or_allocated_torch_device_any_hit_flag_column",
            "output_flags_true_zero_copy_authorized": false,
            "partner": "torch",
            "partner_claim_status": "measured_on_v4_section8_pod",
            "partner_support_declared_unmeasured": [
              "cupy"
            ],
            "partner_tensor_handoff_authorized": true,
            "python_ray_object_boundary_in_hot_path": false,
            "ray_columns_true_zero_copy_authorized": false,
            "ray_count": 32768,
            "ray_results_downloaded_to_host_in_hot_path": false,
            "release_claim_authorized": false,
            "rt_core_speedup_claim_authorized": false,
            "source_devices": [
              "cuda:0"
            ],
            "source_protocols": [
              "torch"
            ],
            "tier3_callback_claim_authorized": false,
            "transfer_mode": "device_ray_triangle_columns_output_flags_zero_copy",
            "triangle_scene_true_zero_copy_authorized": false,
            "true_zero_copy_authorized": false,
            "v2_0_release_authorized": false,
            "v4_api_surface": "v4_ray_triangle_any_hit_flags_2d_device_arrays",
            "whole_app_speedup_claim_authorized": false
          },
          "min_s": 0.00034227967262268066,
          "output_contract": "caller_owned_torch_device_any_hit_flag_column",
          "tier": "tier2_generic_fused_rt_primitive_device_array_frontdoor",
          "timings_s": [
            0.00037948042154312134,
            0.0003640986979007721,
            0.0003720410168170929,
            0.0003523416817188263,
            0.00034227967262268066
          ]
        },
        "torch_fixture_analytic_reference": null
      },
      "triangle_count": 32768
    },
    {
      "comparison": {
        "claim_scope": "This is a third V4 Tier-2 device-array surface validation, not a broad V4 speedup, whole-app result, or release claim.",
        "device_frontdoor_faster_than_torch_reference": null,
        "torch_reference_measured": false,
        "torch_reference_reason": "skipped_above_max_torch_reference_count",
        "torch_reference_to_device_frontdoor_ratio": null
      },
      "correctness_passed": true,
      "prepare_seconds": 0.0014527924358844757,
      "ray_count": 131072,
      "routes": {
        "device_array_frontdoor": {
          "generic_primitive": "RAY_TRIANGLE_ANY_HIT_FLAGS_2D",
          "host_materialization_in_hot_path": false,
          "input_contract": "caller_supplied_torch_device_triangle_aabb_and_ray_columns",
          "max_s": 0.00040354207158088684,
          "median_s": 0.00038381293416023254,
          "metadata": {
            "adapter": "v4_ray_triangle_any_hit_flags_2d_device_arrays",
            "backend": "optix",
            "broad_v4_speedup_claim_authorized": false,
            "direct_device_handoff_authorized": true,
            "direct_device_pointer_observed": true,
            "generic_primitive": "RAY_TRIANGLE_ANY_HIT_FLAGS_2D",
            "host_materialization_in_hot_path": false,
            "input_contract": "caller_supplied_torch_device_ray_triangle_columns",
            "measured_partner": true,
            "measured_partners": [
              "torch"
            ],
            "native_direct_device_output_columns": true,
            "native_prepared_route": "write_device_any_hit_flags",
            "native_symbol": "rtdl_optix_write_prepared_ray_anyhit_2d_device_flags",
            "output_contract": "caller_supplied_or_allocated_torch_device_any_hit_flag_column",
            "output_flags_true_zero_copy_authorized": false,
            "partner": "torch",
            "partner_claim_status": "measured_on_v4_section8_pod",
            "partner_support_declared_unmeasured": [
              "cupy"
            ],
            "partner_tensor_handoff_authorized": true,
            "python_ray_object_boundary_in_hot_path": false,
            "ray_columns_true_zero_copy_authorized": false,
            "ray_count": 131072,
            "ray_results_downloaded_to_host_in_hot_path": false,
            "release_claim_authorized": false,
            "rt_core_speedup_claim_authorized": false,
            "source_devices": [
              "cuda:0"
            ],
            "source_protocols": [
              "torch"
            ],
            "tier3_callback_claim_authorized": false,
            "transfer_mode": "device_ray_triangle_columns_output_flags_zero_copy",
            "triangle_scene_true_zero_copy_authorized": false,
            "true_zero_copy_authorized": false,
            "v2_0_release_authorized": false,
            "v4_api_surface": "v4_ray_triangle_any_hit_flags_2d_device_arrays",
            "whole_app_speedup_claim_authorized": false
          },
          "min_s": 0.00037088245153427124,
          "output_contract": "caller_owned_torch_device_any_hit_flag_column",
          "tier": "tier2_generic_fused_rt_primitive_device_array_frontdoor",
          "timings_s": [
            0.00040354207158088684,
            0.00039114058017730713,
            0.00038381293416023254,
            0.0003736652433872223,
            0.00037088245153427124
          ]
        },
        "torch_fixture_analytic_reference": null
      },
      "triangle_count": 131072
    }
  ],
  "schema": "rtdl.v4.section8.ray_triangle_any_hit_flags_device_frontdoor.v1",
  "status": "measured",
  "summary": {
    "all_correct": true,
    "measured_ray_count_count": 3,
    "median_torch_reference_to_device_frontdoor_ratio": 5.670550985768377,
    "torch_reference_measured_count": 1
  },
  "timing_boundary": "fixture construction and prepare excluded; hot route includes prepared native any-hit flag output into caller-owned device columns; correctness host reads are outside timed repeats"
}
[goal4639] done rc=0 elapsed_s=4.000
[goal4639] start: /usr/bin/python3 scripts/v4_primitive_grouped_i64_device_outputs_validation.py --ray-counts 32768,131072 --group-width 1 --repeat 7 --warmup 2 --progress --json-out future/v4/evidence/v4_goal4639_release_scorecard_pod_gate_2026-06-25/primitive_grouped_i64_width1.json
[warmup] ray_count=32768 route=device_output 1/2
[warmup] ray_count=32768 route=device_output 2/2
[repeat-start] ray_count=32768 route=device_output 1/7
[repeat-done] ray_count=32768 route=device_output 1/7 elapsed_s=0.000216
[repeat-start] ray_count=32768 route=device_output 2/7
[repeat-done] ray_count=32768 route=device_output 2/7 elapsed_s=0.000234
[repeat-start] ray_count=32768 route=device_output 3/7
[repeat-done] ray_count=32768 route=device_output 3/7 elapsed_s=0.000201
[repeat-start] ray_count=32768 route=device_output 4/7
[repeat-done] ray_count=32768 route=device_output 4/7 elapsed_s=0.000182
[repeat-start] ray_count=32768 route=device_output 5/7
[repeat-done] ray_count=32768 route=device_output 5/7 elapsed_s=0.000176
[repeat-start] ray_count=32768 route=device_output 6/7
[repeat-done] ray_count=32768 route=device_output 6/7 elapsed_s=0.000175
[repeat-start] ray_count=32768 route=device_output 7/7
[repeat-done] ray_count=32768 route=device_output 7/7 elapsed_s=0.000173
[warmup] ray_count=32768 route=legacy_host_output 1/2
[warmup] ray_count=32768 route=legacy_host_output 2/2
[repeat-start] ray_count=32768 route=legacy_host_output 1/7
[repeat-done] ray_count=32768 route=legacy_host_output 1/7 elapsed_s=0.019576
[repeat-start] ray_count=32768 route=legacy_host_output 2/7
[repeat-done] ray_count=32768 route=legacy_host_output 2/7 elapsed_s=0.053289
[repeat-start] ray_count=32768 route=legacy_host_output 3/7
[repeat-done] ray_count=32768 route=legacy_host_output 3/7 elapsed_s=0.142493
[repeat-start] ray_count=32768 route=legacy_host_output 4/7
[repeat-done] ray_count=32768 route=legacy_host_output 4/7 elapsed_s=0.022180
[repeat-start] ray_count=32768 route=legacy_host_output 5/7
[repeat-done] ray_count=32768 route=legacy_host_output 5/7 elapsed_s=0.020351
[repeat-start] ray_count=32768 route=legacy_host_output 6/7
[repeat-done] ray_count=32768 route=legacy_host_output 6/7 elapsed_s=0.020078
[repeat-start] ray_count=32768 route=legacy_host_output 7/7
[repeat-done] ray_count=32768 route=legacy_host_output 7/7 elapsed_s=0.019086
[warmup] ray_count=131072 route=device_output 1/2
[warmup] ray_count=131072 route=device_output 2/2
[repeat-start] ray_count=131072 route=device_output 1/7
[repeat-done] ray_count=131072 route=device_output 1/7 elapsed_s=0.000262
[repeat-start] ray_count=131072 route=device_output 2/7
[repeat-done] ray_count=131072 route=device_output 2/7 elapsed_s=0.000264
[repeat-start] ray_count=131072 route=device_output 3/7
[repeat-done] ray_count=131072 route=device_output 3/7 elapsed_s=0.000256
[repeat-start] ray_count=131072 route=device_output 4/7
[repeat-done] ray_count=131072 route=device_output 4/7 elapsed_s=0.000251
[repeat-start] ray_count=131072 route=device_output 5/7
[repeat-done] ray_count=131072 route=device_output 5/7 elapsed_s=0.000250
[repeat-start] ray_count=131072 route=device_output 6/7
[repeat-done] ray_count=131072 route=device_output 6/7 elapsed_s=0.000255
[repeat-start] ray_count=131072 route=device_output 7/7
[repeat-done] ray_count=131072 route=device_output 7/7 elapsed_s=0.000248
[warmup] ray_count=131072 route=legacy_host_output 1/2
[warmup] ray_count=131072 route=legacy_host_output 2/2
[repeat-start] ray_count=131072 route=legacy_host_output 1/7
[repeat-done] ray_count=131072 route=legacy_host_output 1/7 elapsed_s=0.133002
[repeat-start] ray_count=131072 route=legacy_host_output 2/7
[repeat-done] ray_count=131072 route=legacy_host_output 2/7 elapsed_s=0.102729
[repeat-start] ray_count=131072 route=legacy_host_output 3/7
[repeat-done] ray_count=131072 route=legacy_host_output 3/7 elapsed_s=0.185061
[repeat-start] ray_count=131072 route=legacy_host_output 4/7
[repeat-done] ray_count=131072 route=legacy_host_output 4/7 elapsed_s=0.092945
[repeat-start] ray_count=131072 route=legacy_host_output 5/7
[repeat-done] ray_count=131072 route=legacy_host_output 5/7 elapsed_s=0.088809
[repeat-start] ray_count=131072 route=legacy_host_output 6/7
[repeat-done] ray_count=131072 route=legacy_host_output 6/7 elapsed_s=0.138780
[repeat-start] ray_count=131072 route=legacy_host_output 7/7
[repeat-done] ray_count=131072 route=legacy_host_output 7/7 elapsed_s=0.097672
{
  "authorization": {
    "broad_v4_speedup_claim_authorized": false,
    "release_claim_authorized": false,
    "rt_core_pod_performance_claim_authorized": false,
    "tier3_callback_claim_authorized": false,
    "whole_app_speedup_claim_authorized": false
  },
  "completed_utc": "2026-06-25T07:33:05Z",
  "gate": "v4_primitive_grouped_i64_device_outputs_measured_gate",
  "optix_9_1_validated": false,
  "parameters": {
    "group_width": 1,
    "ray_counts": [
      32768,
      131072
    ],
    "repeat": 7,
    "warmup": 2
  },
  "passed": true,
  "platform": {
    "cuda_available": true,
    "cuda_device_name": "NVIDIA RTX A5000",
    "hostname": "0256b71980f1",
    "python": "3.12.3 (main, Aug 14 2025, 17:47:21) [GCC 13.3.0]",
    "torch": "2.8.0+cu128"
  },
  "results": [
    {
      "comparison": {
        "interpretation": "candidate gate only; this same-contract comparison does not authorize V4 public performance claims, whole-app claims, or release promotion",
        "legacy_host_output_over_device_output_median_speedup": 111.94960859051601,
        "speedup_claim_authorized": false
      },
      "group_count": 32768,
      "group_width": 1,
      "parity_by_reduction": {
        "max": {
          "device_hit_event_count_before_dedup": 32768,
          "fields": {
            "maxs": {
              "device_matches_analytic_fixture": true,
              "device_matches_legacy_host_output": true
            }
          },
          "legacy_hit_event_count_before_dedup": 32768,
          "metadata": {
            "adapter": "v4_ray_triangle_primitive_grouped_i64_reduction_3d_device_arrays",
            "backend": "optix",
            "broad_v4_speedup_claim_authorized": false,
            "claim_boundary": {
              "native_app_api": false,
              "public_speedup_claim": false,
              "result_materialization_in_measured_window": false,
              "row_witnesses": false,
              "true_zero_copy": false
            },
            "contract": "PREPARED_TRIANGLE_SCENE_3D_PREPARED_RAY_BATCH_PREPARED_PRIMITIVE_GROUPED_I64_REDUCTION_DEVICE_OUTPUTS_V1",
            "generic_primitive": "RAY_TRIANGLE_PRIMITIVE_GROUPED_I64_REDUCTION_3D",
            "group_count": 32768,
            "group_rows_downloaded_to_host": false,
            "group_rows_downloaded_to_host_in_hot_path": false,
            "hit_event_count_before_dedup": 32768,
            "host_materialization_in_hot_path": false,
            "input_contract": "caller_supplied_torch_device_ray_triangle_columns_prepared_primitive_payload",
            "measured_partner": true,
            "measured_partners": [
              "torch"
            ],
            "native_direct_device_output_columns": true,
            "native_prepared_route": "ray_batch_prepared_primitive_grouped_i64_reduction_device_outputs",
            "native_symbol": "rtdl_optix_static_triangle_scene_3d_ray_batch_prepared_primitive_grouped_i64_reduction_device_outputs",
            "optix_9_1_validated": false,
            "output_columns_partner_owned": true,
            "output_contract": "caller_supplied_or_allocated_torch_device_grouped_i64_columns",
            "output_source_devices": [
              "cuda:0"
            ],
            "partner": "torch",
            "partner_claim_status": "measured_on_v4_goal4617_pod_optix8",
            "partner_support_declared_unmeasured": [
              "cupy"
            ],
            "phase_timing_seconds": {
              "device_execution_host_observed": 0.00017345324158668518,
              "prepare_build": 0.23372826725244522,
              "prepared_ray_batch_prepare": 0.002102389931678772,
              "primitive_payload_prepare": 0.00036230310797691345,
              "query_pack": 0.0,
              "traversal_grouped_i64_reduction_and_direct_device_output_write": 7.7708e-05
            },
            "prepared_primitive_payload_used": true,
            "prepared_ray_batch_used": true,
            "prepared_reused": true,
            "prepared_run_index": 24,
            "prepared_scene_used": true,
            "primitive": "RAY_TRIANGLE_PRIMITIVE_GROUPED_I64_REDUCTION_3D",
            "primitive_payload_prepare_is_hot_path": false,
            "python_ray_object_boundary_in_hot_path": false,
            "ray_count": 32768,
            "reduction": "max",
            "release_claim_authorized": false,
            "row_arrays_materialized": false,
            "rows_materialized": false,
            "rt_core_accelerated": true,
            "tier3_callback_claim_authorized": false,
            "transfer_metadata": {
              "backend": "optix",
              "direct_device_handoff_authorized": true,
              "direct_device_pointer_observed": true,
              "group_rows_downloaded_to_host": false,
              "grouped_host_ray_id_contract_available": false,
              "host_ray_ids_available": false,
              "native_direct_device_output_columns": true,
              "partner_phase_timings_s": {
                "descriptor_validation_s": 0.00042531639337539673
              },
              "partner_tensor_handoff_authorized": true,
              "per_ray_records_downloaded_to_host": false,
              "prepared_primitive_payload_on_device": true,
              "prepared_rays_resident_on_device": true,
              "primitive_group_ids_uploaded_each_run": false,
              "primitive_values_uploaded_each_run": false,
              "query_rays_packed_on_device_once": true,
              "query_rays_uploaded_each_run": false,
              "ray_batch_created_from": "partner_device_columns",
              "ray_columns_partner_owned": true,
              "ray_columns_true_zero_copy_authorized": false,
              "ray_count": 32768,
              "ray_id_host_bookkeeping_downloaded": false,
              "rt_core_speedup_claim_authorized": false,
              "source_devices": [
                "cuda:0"
              ],
              "source_protocols": [
                "torch"
              ],
              "static_scene_prepared_on_device": true,
              "transfer_mode": "device_ray3d_columns_gpu_pack",
              "true_zero_copy_authorized": false
            },
            "triangle_count": 32768,
            "v4_api_surface": "v4_ray_triangle_primitive_grouped_i64_reduction_3d_device_arrays",
            "validated_driver": "570.195.03",
            "validated_gpu_family": "RTX A5000 / Ampere",
            "validated_optix_abi": "8.0",
            "validated_partner_scope": "torch 2.8.0+cu128",
            "whole_app_speedup_claim_authorized": false
          },
          "mismatch_samples": {},
          "parity_passed": true
        },
        "min": {
          "device_hit_event_count_before_dedup": 32768,
          "fields": {
            "mins": {
              "device_matches_analytic_fixture": true,
              "device_matches_legacy_host_output": true
            }
          },
          "legacy_hit_event_count_before_dedup": 32768,
          "metadata": {
            "adapter": "v4_ray_triangle_primitive_grouped_i64_reduction_3d_device_arrays",
            "backend": "optix",
            "broad_v4_speedup_claim_authorized": false,
            "claim_boundary": {
              "native_app_api": false,
              "public_speedup_claim": false,
              "result_materialization_in_measured_window": false,
              "row_witnesses": false,
              "true_zero_copy": false
            },
            "contract": "PREPARED_TRIANGLE_SCENE_3D_PREPARED_RAY_BATCH_PREPARED_PRIMITIVE_GROUPED_I64_REDUCTION_DEVICE_OUTPUTS_V1",
            "generic_primitive": "RAY_TRIANGLE_PRIMITIVE_GROUPED_I64_REDUCTION_3D",
            "group_count": 32768,
            "group_rows_downloaded_to_host": false,
            "group_rows_downloaded_to_host_in_hot_path": false,
            "hit_event_count_before_dedup": 32768,
            "host_materialization_in_hot_path": false,
            "input_contract": "caller_supplied_torch_device_ray_triangle_columns_prepared_primitive_payload",
            "measured_partner": true,
            "measured_partners": [
              "torch"
            ],
            "native_direct_device_output_columns": true,
            "native_prepared_route": "ray_batch_prepared_primitive_grouped_i64_reduction_device_outputs",
            "native_symbol": "rtdl_optix_static_triangle_scene_3d_ray_batch_prepared_primitive_grouped_i64_reduction_device_outputs",
            "optix_9_1_validated": false,
            "output_columns_partner_owned": true,
            "output_contract": "caller_supplied_or_allocated_torch_device_grouped_i64_columns",
            "output_source_devices": [
              "cuda:0"
            ],
            "partner": "torch",
            "partner_claim_status": "measured_on_v4_goal4617_pod_optix8",
            "partner_support_declared_unmeasured": [
              "cupy"
            ],
            "phase_timing_seconds": {
              "device_execution_host_observed": 0.00020357593894004822,
              "prepare_build": 0.23372826725244522,
              "prepared_ray_batch_prepare": 0.002102389931678772,
              "primitive_payload_prepare": 0.00036230310797691345,
              "query_pack": 0.0,
              "traversal_grouped_i64_reduction_and_direct_device_output_write": 8.9973e-05
            },
            "prepared_primitive_payload_used": true,
            "prepared_ray_batch_used": true,
            "prepared_reused": true,
            "prepared_run_index": 22,
            "prepared_scene_used": true,
            "primitive": "RAY_TRIANGLE_PRIMITIVE_GROUPED_I64_REDUCTION_3D",
            "primitive_payload_prepare_is_hot_path": false,
            "python_ray_object_boundary_in_hot_path": false,
            "ray_count": 32768,
            "reduction": "min",
            "release_claim_authorized": false,
            "row_arrays_materialized": false,
            "rows_materialized": false,
            "rt_core_accelerated": true,
            "tier3_callback_claim_authorized": false,
            "transfer_metadata": {
              "backend": "optix",
              "direct_device_handoff_authorized": true,
              "direct_device_pointer_observed": true,
              "group_rows_downloaded_to_host": false,
              "grouped_host_ray_id_contract_available": false,
              "host_ray_ids_available": false,
              "native_direct_device_output_columns": true,
              "partner_phase_timings_s": {
                "descriptor_validation_s": 0.00042531639337539673
              },
              "partner_tensor_handoff_authorized": true,
              "per_ray_records_downloaded_to_host": false,
              "prepared_primitive_payload_on_device": true,
              "prepared_rays_resident_on_device": true,
              "primitive_group_ids_uploaded_each_run": false,
              "primitive_values_uploaded_each_run": false,
              "query_rays_packed_on_device_once": true,
              "query_rays_uploaded_each_run": false,
              "ray_batch_created_from": "partner_device_columns",
              "ray_columns_partner_owned": true,
              "ray_columns_true_zero_copy_authorized": false,
              "ray_count": 32768,
              "ray_id_host_bookkeeping_downloaded": false,
              "rt_core_speedup_claim_authorized": false,
              "source_devices": [
                "cuda:0"
              ],
              "source_protocols": [
                "torch"
              ],
              "static_scene_prepared_on_device": true,
              "transfer_mode": "device_ray3d_columns_gpu_pack",
              "true_zero_copy_authorized": false
            },
            "triangle_count": 32768,
            "v4_api_surface": "v4_ray_triangle_primitive_grouped_i64_reduction_3d_device_arrays",
            "validated_driver": "570.195.03",
            "validated_gpu_family": "RTX A5000 / Ampere",
            "validated_optix_abi": "8.0",
            "validated_partner_scope": "torch 2.8.0+cu128",
            "whole_app_speedup_claim_authorized": false
          },
          "mismatch_samples": {},
          "parity_passed": true
        },
        "sum_count": {
          "device_hit_event_count_before_dedup": 32768,
          "fields": {
            "counts": {
              "device_matches_analytic_fixture": true,
              "device_matches_legacy_host_output": true
            },
            "sums": {
              "device_matches_analytic_fixture": true,
              "device_matches_legacy_host_output": true
            }
          },
          "legacy_hit_event_count_before_dedup": 32768,
          "metadata": {
            "adapter": "v4_ray_triangle_primitive_grouped_i64_reduction_3d_device_arrays",
            "backend": "optix",
            "broad_v4_speedup_claim_authorized": false,
            "claim_boundary": {
              "native_app_api": false,
              "public_speedup_claim": false,
              "result_materialization_in_measured_window": false,
              "row_witnesses": false,
              "true_zero_copy": false
            },
            "contract": "PREPARED_TRIANGLE_SCENE_3D_PREPARED_RAY_BATCH_PREPARED_PRIMITIVE_GROUPED_I64_REDUCTION_DEVICE_OUTPUTS_V1",
            "generic_primitive": "RAY_TRIANGLE_PRIMITIVE_GROUPED_I64_REDUCTION_3D",
            "group_count": 32768,
            "group_rows_downloaded_to_host": false,
            "group_rows_downloaded_to_host_in_hot_path": false,
            "hit_event_count_before_dedup": 32768,
            "host_materialization_in_hot_path": false,
            "input_contract": "caller_supplied_torch_device_ray_triangle_columns_prepared_primitive_payload",
            "measured_partner": true,
            "measured_partners": [
              "torch"
            ],
            "native_direct_device_output_columns": true,
            "native_prepared_route": "ray_batch_prepared_primitive_grouped_i64_reduction_device_outputs",
            "native_symbol": "rtdl_optix_static_triangle_scene_3d_ray_batch_prepared_primitive_grouped_i64_reduction_device_outputs",
            "optix_9_1_validated": false,
            "output_columns_partner_owned": true,
            "output_contract": "caller_supplied_or_allocated_torch_device_grouped_i64_columns",
            "output_source_devices": [
              "cuda:0"
            ],
            "partner": "torch",
            "partner_claim_status": "measured_on_v4_goal4617_pod_optix8",
            "partner_support_declared_unmeasured": [
              "cupy"
            ],
            "phase_timing_seconds": {
              "device_execution_host_observed": 0.00019302219152450562,
              "prepare_build": 0.23372826725244522,
              "prepared_ray_batch_prepare": 0.002102389931678772,
              "primitive_payload_prepare": 0.00036230310797691345,
              "query_pack": 0.0,
              "traversal_grouped_i64_reduction_and_direct_device_output_write": 7.8108e-05
            },
            "prepared_primitive_payload_used": true,
            "prepared_ray_batch_used": true,
            "prepared_reused": true,
            "prepared_run_index": 20,
            "prepared_scene_used": true,
            "primitive": "RAY_TRIANGLE_PRIMITIVE_GROUPED_I64_REDUCTION_3D",
            "primitive_payload_prepare_is_hot_path": false,
            "python_ray_object_boundary_in_hot_path": false,
            "ray_count": 32768,
            "reduction": "sum_count",
            "release_claim_authorized": false,
            "row_arrays_materialized": false,
            "rows_materialized": false,
            "rt_core_accelerated": true,
            "tier3_callback_claim_authorized": false,
            "transfer_metadata": {
              "backend": "optix",
              "direct_device_handoff_authorized": true,
              "direct_device_pointer_observed": true,
              "group_rows_downloaded_to_host": false,
              "grouped_host_ray_id_contract_available": false,
              "host_ray_ids_available": false,
              "native_direct_device_output_columns": true,
              "partner_phase_timings_s": {
                "descriptor_validation_s": 0.00042531639337539673
              },
              "partner_tensor_handoff_authorized": true,
              "per_ray_records_downloaded_to_host": false,
              "prepared_primitive_payload_on_device": true,
              "prepared_rays_resident_on_device": true,
              "primitive_group_ids_uploaded_each_run": false,
              "primitive_values_uploaded_each_run": false,
              "query_rays_packed_on_device_once": true,
              "query_rays_uploaded_each_run": false,
              "ray_batch_created_from": "partner_device_columns",
              "ray_columns_partner_owned": true,
              "ray_columns_true_zero_copy_authorized": false,
              "ray_count": 32768,
              "ray_id_host_bookkeeping_downloaded": false,
              "rt_core_speedup_claim_authorized": false,
              "source_devices": [
                "cuda:0"
              ],
              "source_protocols": [
                "torch"
              ],
              "static_scene_prepared_on_device": true,
              "transfer_mode": "device_ray3d_columns_gpu_pack",
              "true_zero_copy_authorized": false
            },
            "triangle_count": 32768,
            "v4_api_surface": "v4_ray_triangle_primitive_grouped_i64_reduction_3d_device_arrays",
            "validated_driver": "570.195.03",
            "validated_gpu_family": "RTX A5000 / Ampere",
            "validated_optix_abi": "8.0",
            "validated_partner_scope": "torch 2.8.0+cu128",
            "whole_app_speedup_claim_authorized": false
          },
          "mismatch_samples": {},
          "parity_passed": true
        }
      },
      "parity_passed": true,
      "prepare_seconds": 0.24600262939929962,
      "ray_count": 32768,
      "routes": {
        "device_output_frontdoor": {
          "generic_primitive": "RAY_TRIANGLE_PRIMITIVE_GROUPED_I64_REDUCTION_3D",
          "group_rows_downloaded_to_host_in_hot_path": false,
          "host_materialization_in_hot_path": false,
          "input_contract": "caller_supplied_torch_device_triangle_and_ray_columns_prepared_primitive_payload",
          "max_s": 0.0002338513731956482,
          "median_s": 0.00018178671598434448,
          "metadata": {
            "adapter": "v4_ray_triangle_primitive_grouped_i64_reduction_3d_device_arrays",
            "backend": "optix",
            "broad_v4_speedup_claim_authorized": false,
            "claim_boundary": {
              "native_app_api": false,
              "public_speedup_claim": false,
              "result_materialization_in_measured_window": false,
              "row_witnesses": false,
              "true_zero_copy": false
            },
            "contract": "PREPARED_TRIANGLE_SCENE_3D_PREPARED_RAY_BATCH_PREPARED_PRIMITIVE_GROUPED_I64_REDUCTION_DEVICE_OUTPUTS_V1",
            "generic_primitive": "RAY_TRIANGLE_PRIMITIVE_GROUPED_I64_REDUCTION_3D",
            "group_count": 32768,
            "group_rows_downloaded_to_host": false,
            "group_rows_downloaded_to_host_in_hot_path": false,
            "hit_event_count_before_dedup": 32768,
            "host_materialization_in_hot_path": false,
            "input_contract": "caller_supplied_torch_device_ray_triangle_columns_prepared_primitive_payload",
            "measured_partner": true,
            "measured_partners": [
              "torch"
            ],
            "native_direct_device_output_columns": true,
            "native_prepared_route": "ray_batch_prepared_primitive_grouped_i64_reduction_device_outputs",
            "native_symbol": "rtdl_optix_static_triangle_scene_3d_ray_batch_prepared_primitive_grouped_i64_reduction_device_outputs",
            "optix_9_1_validated": false,
            "output_columns_partner_owned": true,
            "output_contract": "caller_supplied_or_allocated_torch_device_grouped_i64_columns",
            "output_source_devices": [
              "cuda:0"
            ],
            "partner": "torch",
            "partner_claim_status": "measured_on_v4_goal4617_pod_optix8",
            "partner_support_declared_unmeasured": [
              "cupy"
            ],
            "phase_timing_seconds": {
              "device_execution_host_observed": 0.00010689347982406616,
              "prepare_build": 0.23372826725244522,
              "prepared_ray_batch_prepare": 0.002102389931678772,
              "primitive_payload_prepare": 0.00036230310797691345,
              "query_pack": 0.0,
              "traversal_grouped_i64_reduction_and_direct_device_output_write": 5.4725e-05
            },
            "prepared_primitive_payload_used": true,
            "prepared_ray_batch_used": true,
            "prepared_reused": true,
            "prepared_run_index": 9,
            "prepared_scene_used": true,
            "primitive": "RAY_TRIANGLE_PRIMITIVE_GROUPED_I64_REDUCTION_3D",
            "primitive_payload_prepare_is_hot_path": false,
            "python_ray_object_boundary_in_hot_path": false,
            "ray_count": 32768,
            "reduction": "sum_count",
            "release_claim_authorized": false,
            "row_arrays_materialized": false,
            "rows_materialized": false,
            "rt_core_accelerated": true,
            "tier3_callback_claim_authorized": false,
            "transfer_metadata": {
              "backend": "optix",
              "direct_device_handoff_authorized": true,
              "direct_device_pointer_observed": true,
              "group_rows_downloaded_to_host": false,
              "grouped_host_ray_id_contract_available": false,
              "host_ray_ids_available": false,
              "native_direct_device_output_columns": true,
              "partner_phase_timings_s": {
                "descriptor_validation_s": 0.00042531639337539673
              },
              "partner_tensor_handoff_authorized": true,
              "per_ray_records_downloaded_to_host": false,
              "prepared_primitive_payload_on_device": true,
              "prepared_rays_resident_on_device": true,
              "primitive_group_ids_uploaded_each_run": false,
              "primitive_values_uploaded_each_run": false,
              "query_rays_packed_on_device_once": true,
              "query_rays_uploaded_each_run": false,
              "ray_batch_created_from": "partner_device_columns",
              "ray_columns_partner_owned": true,
              "ray_columns_true_zero_copy_authorized": false,
              "ray_count": 32768,
              "ray_id_host_bookkeeping_downloaded": false,
              "rt_core_speedup_claim_authorized": false,
              "source_devices": [
                "cuda:0"
              ],
              "source_protocols": [
                "torch"
              ],
              "static_scene_prepared_on_device": true,
              "transfer_mode": "device_ray3d_columns_gpu_pack",
              "true_zero_copy_authorized": false
            },
            "triangle_count": 32768,
            "v4_api_surface": "v4_ray_triangle_primitive_grouped_i64_reduction_3d_device_arrays",
            "validated_driver": "570.195.03",
            "validated_gpu_family": "RTX A5000 / Ampere",
            "validated_optix_abi": "8.0",
            "validated_partner_scope": "torch 2.8.0+cu128",
            "whole_app_speedup_claim_authorized": false
          },
          "min_s": 0.0001728460192680359,
          "output_contract": "caller_owned_torch_device_grouped_i64_columns",
          "tier": "tier2_generic_fused_rt_primitive_device_array_frontdoor_candidate",
          "timings_s": [
            0.00021568313241004944,
            0.0002338513731956482,
            0.00020079314708709717,
            0.00018178671598434448,
            0.00017621740698814392,
            0.00017547607421875,
            0.0001728460192680359
          ]
        },
        "legacy_host_output": {
          "generic_primitive": "RAY_TRIANGLE_PRIMITIVE_GROUPED_I64_REDUCTION_3D",
          "host_materialization_in_hot_path": true,
          "max_s": 0.14249347150325775,
          "median_s": 0.020350951701402664,
          "metadata": {
            "backend": "optix",
            "claim_boundary": {
              "native_app_api": false,
              "public_speedup_claim": false,
              "row_witnesses": false,
              "true_zero_copy": false
            },
            "group_count": 32768,
            "hit_event_count_before_dedup": 32768,
            "native_symbol": "rtdl_optix_static_triangle_scene_3d_ray_batch_prepared_primitive_grouped_i64_reduction",
            "phase_timing_seconds": {
              "prepare_build": 0.23372826725244522,
              "prepared_ray_batch_prepare": 0.002102389931678772,
              "primitive_payload_prepare": 0.00036230310797691345,
              "query_pack": 0.0,
              "traversal": 0.000882336
            },
            "prepared_primitive_payload_used": true,
            "prepared_ray_batch_used": true,
            "prepared_reused": true,
            "prepared_run_index": 18,
            "prepared_scene_used": true,
            "primitive": "RAY_TRIANGLE_PRIMITIVE_GROUPED_I64_REDUCTION_3D",
            "ray_count": 32768,
            "reduction": "sum_count",
            "row_count": 32768,
            "row_sample": [
              {
                "count": 1,
                "group_id": 0,
                "sum": 1
              },
              {
                "count": 1,
                "group_id": 1,
                "sum": 2
              },
              {
                "count": 1,
                "group_id": 2,
                "sum": 3
              },
              {
                "count": 1,
                "group_id": 3,
                "sum": 4
              },
              {
                "count": 1,
                "group_id": 4,
                "sum": 5
              },
              {
                "count": 1,
                "group_id": 5,
                "sum": 6
              },
              {
                "count": 1,
                "group_id": 6,
                "sum": 7
              },
              {
                "count": 1,
                "group_id": 7,
                "sum": 8
              }
            ],
            "rt_core_accelerated": true,
            "transfer_metadata": {
              "backend": "optix",
              "direct_device_handoff_authorized": true,
              "direct_device_pointer_observed": true,
              "group_rows_downloaded_to_host": true,
              "grouped_host_ray_id_contract_available": false,
              "host_ray_ids_available": false,
              "partner_phase_timings_s": {
                "descriptor_validation_s": 0.00042531639337539673
              },
              "partner_tensor_handoff_authorized": true,
              "per_ray_records_downloaded_to_host": false,
              "prepared_primitive_payload_on_device": true,
              "prepared_rays_resident_on_device": true,
              "primitive_group_ids_uploaded_each_run": false,
              "primitive_values_uploaded_each_run": false,
              "query_rays_packed_on_device_once": true,
              "query_rays_uploaded_each_run": false,
              "ray_batch_created_from": "partner_device_columns",
              "ray_columns_partner_owned": true,
              "ray_columns_true_zero_copy_authorized": false,
              "ray_count": 32768,
              "ray_id_host_bookkeeping_downloaded": false,
              "rt_core_speedup_claim_authorized": false,
              "source_devices": [
                "cuda:0"
              ],
              "source_protocols": [
                "torch"
              ],
              "static_scene_prepared_on_device": true,
              "transfer_mode": "device_ray3d_columns_gpu_pack",
              "true_zero_copy_authorized": false
            },
            "triangle_count": 32768
          },
          "min_s": 0.01908634603023529,
          "tier": "prepared_native_route_with_host_grouped_result_output",
          "timings_s": [
            0.019576355814933777,
            0.05328861624002457,
            0.14249347150325775,
            0.022179502993822098,
            0.020350951701402664,
            0.02007831633090973,
            0.01908634603023529
          ]
        }
      },
      "triangle_count": 32768
    },
    {
      "comparison": {
        "interpretation": "candidate gate only; this same-contract comparison does not authorize V4 public performance claims, whole-app claims, or release promotion",
        "legacy_host_output_over_device_output_median_speedup": 402.62339577462734,
        "speedup_claim_authorized": false
      },
      "group_count": 131072,
      "group_width": 1,
      "parity_by_reduction": {
        "max": {
          "device_hit_event_count_before_dedup": 131072,
          "fields": {
            "maxs": {
              "device_matches_analytic_fixture": true,
              "device_matches_legacy_host_output": true
            }
          },
          "legacy_hit_event_count_before_dedup": 131072,
          "metadata": {
            "adapter": "v4_ray_triangle_primitive_grouped_i64_reduction_3d_device_arrays",
            "backend": "optix",
            "broad_v4_speedup_claim_authorized": false,
            "claim_boundary": {
              "native_app_api": false,
              "public_speedup_claim": false,
              "result_materialization_in_measured_window": false,
              "row_witnesses": false,
              "true_zero_copy": false
            },
            "contract": "PREPARED_TRIANGLE_SCENE_3D_PREPARED_RAY_BATCH_PREPARED_PRIMITIVE_GROUPED_I64_REDUCTION_DEVICE_OUTPUTS_V1",
            "generic_primitive": "RAY_TRIANGLE_PRIMITIVE_GROUPED_I64_REDUCTION_3D",
            "group_count": 131072,
            "group_rows_downloaded_to_host": false,
            "group_rows_downloaded_to_host_in_hot_path": false,
            "hit_event_count_before_dedup": 131072,
            "host_materialization_in_hot_path": false,
            "input_contract": "caller_supplied_torch_device_ray_triangle_columns_prepared_primitive_payload",
            "measured_partner": true,
            "measured_partners": [
              "torch"
            ],
            "native_direct_device_output_columns": true,
            "native_prepared_route": "ray_batch_prepared_primitive_grouped_i64_reduction_device_outputs",
            "native_symbol": "rtdl_optix_static_triangle_scene_3d_ray_batch_prepared_primitive_grouped_i64_reduction_device_outputs",
            "optix_9_1_validated": false,
            "output_columns_partner_owned": true,
            "output_contract": "caller_supplied_or_allocated_torch_device_grouped_i64_columns",
            "output_source_devices": [
              "cuda:0"
            ],
            "partner": "torch",
            "partner_claim_status": "measured_on_v4_goal4617_pod_optix8",
            "partner_support_declared_unmeasured": [
              "cupy"
            ],
            "phase_timing_seconds": {
              "device_execution_host_observed": 0.00035629794001579285,
              "prepare_build": 0.0019186921417713165,
              "prepared_ray_batch_prepare": 0.00044934824109077454,
              "primitive_payload_prepare": 0.0007260069251060486,
              "query_pack": 0.0,
              "traversal_grouped_i64_reduction_and_direct_device_output_write": 0.000196188
            },
            "prepared_primitive_payload_used": true,
            "prepared_ray_batch_used": true,
            "prepared_reused": true,
            "prepared_run_index": 24,
            "prepared_scene_used": true,
            "primitive": "RAY_TRIANGLE_PRIMITIVE_GROUPED_I64_REDUCTION_3D",
            "primitive_payload_prepare_is_hot_path": false,
            "python_ray_object_boundary_in_hot_path": false,
            "ray_count": 131072,
            "reduction": "max",
            "release_claim_authorized": false,
            "row_arrays_materialized": false,
            "rows_materialized": false,
            "rt_core_accelerated": true,
            "tier3_callback_claim_authorized": false,
            "transfer_metadata": {
              "backend": "optix",
              "direct_device_handoff_authorized": true,
              "direct_device_pointer_observed": true,
              "group_rows_downloaded_to_host": false,
              "grouped_host_ray_id_contract_available": false,
              "host_ray_ids_available": false,
              "native_direct_device_output_columns": true,
              "partner_phase_timings_s": {
                "descriptor_validation_s": 0.00026485323905944824
              },
              "partner_tensor_handoff_authorized": true,
              "per_ray_records_downloaded_to_host": false,
              "prepared_primitive_payload_on_device": true,
              "prepared_rays_resident_on_device": true,
              "primitive_group_ids_uploaded_each_run": false,
              "primitive_values_uploaded_each_run": false,
              "query_rays_packed_on_device_once": true,
              "query_rays_uploaded_each_run": false,
              "ray_batch_created_from": "partner_device_columns",
              "ray_columns_partner_owned": true,
              "ray_columns_true_zero_copy_authorized": false,
              "ray_count": 131072,
              "ray_id_host_bookkeeping_downloaded": false,
              "rt_core_speedup_claim_authorized": false,
              "source_devices": [
                "cuda:0"
              ],
              "source_protocols": [
                "torch"
              ],
              "static_scene_prepared_on_device": true,
              "transfer_mode": "device_ray3d_columns_gpu_pack",
              "true_zero_copy_authorized": false
            },
            "triangle_count": 131072,
            "v4_api_surface": "v4_ray_triangle_primitive_grouped_i64_reduction_3d_device_arrays",
            "validated_driver": "570.195.03",
            "validated_gpu_family": "RTX A5000 / Ampere",
            "validated_optix_abi": "8.0",
            "validated_partner_scope": "torch 2.8.0+cu128",
            "whole_app_speedup_claim_authorized": false
          },
          "mismatch_samples": {},
          "parity_passed": true
        },
        "min": {
          "device_hit_event_count_before_dedup": 131072,
          "fields": {
            "mins": {
              "device_matches_analytic_fixture": true,
              "device_matches_legacy_host_output": true
            }
          },
          "legacy_hit_event_count_before_dedup": 131072,
          "metadata": {
            "adapter": "v4_ray_triangle_primitive_grouped_i64_reduction_3d_device_arrays",
            "backend": "optix",
            "broad_v4_speedup_claim_authorized": false,
            "claim_boundary": {
              "native_app_api": false,
              "public_speedup_claim": false,
              "result_materialization_in_measured_window": false,
              "row_witnesses": false,
              "true_zero_copy": false
            },
            "contract": "PREPARED_TRIANGLE_SCENE_3D_PREPARED_RAY_BATCH_PREPARED_PRIMITIVE_GROUPED_I64_REDUCTION_DEVICE_OUTPUTS_V1",
            "generic_primitive": "RAY_TRIANGLE_PRIMITIVE_GROUPED_I64_REDUCTION_3D",
            "group_count": 131072,
            "group_rows_downloaded_to_host": false,
            "group_rows_downloaded_to_host_in_hot_path": false,
            "hit_event_count_before_dedup": 131072,
            "host_materialization_in_hot_path": false,
            "input_contract": "caller_supplied_torch_device_ray_triangle_columns_prepared_primitive_payload",
            "measured_partner": true,
            "measured_partners": [
              "torch"
            ],
            "native_direct_device_output_columns": true,
            "native_prepared_route": "ray_batch_prepared_primitive_grouped_i64_reduction_device_outputs",
            "native_symbol": "rtdl_optix_static_triangle_scene_3d_ray_batch_prepared_primitive_grouped_i64_reduction_device_outputs",
            "optix_9_1_validated": false,
            "output_columns_partner_owned": true,
            "output_contract": "caller_supplied_or_allocated_torch_device_grouped_i64_columns",
            "output_source_devices": [
              "cuda:0"
            ],
            "partner": "torch",
            "partner_claim_status": "measured_on_v4_goal4617_pod_optix8",
            "partner_support_declared_unmeasured": [
              "cupy"
            ],
            "phase_timing_seconds": {
              "device_execution_host_observed": 0.00033703818917274475,
              "prepare_build": 0.0019186921417713165,
              "prepared_ray_batch_prepare": 0.00044934824109077454,
              "primitive_payload_prepare": 0.0007260069251060486,
              "query_pack": 0.0,
              "traversal_grouped_i64_reduction_and_direct_device_output_write": 0.000187871
            },
            "prepared_primitive_payload_used": true,
            "prepared_ray_batch_used": true,
            "prepared_reused": true,
            "prepared_run_index": 22,
            "prepared_scene_used": true,
            "primitive": "RAY_TRIANGLE_PRIMITIVE_GROUPED_I64_REDUCTION_3D",
            "primitive_payload_prepare_is_hot_path": false,
            "python_ray_object_boundary_in_hot_path": false,
            "ray_count": 131072,
            "reduction": "min",
            "release_claim_authorized": false,
            "row_arrays_materialized": false,
            "rows_materialized": false,
            "rt_core_accelerated": true,
            "tier3_callback_claim_authorized": false,
            "transfer_metadata": {
              "backend": "optix",
              "direct_device_handoff_authorized": true,
              "direct_device_pointer_observed": true,
              "group_rows_downloaded_to_host": false,
              "grouped_host_ray_id_contract_available": false,
              "host_ray_ids_available": false,
              "native_direct_device_output_columns": true,
              "partner_phase_timings_s": {
                "descriptor_validation_s": 0.00026485323905944824
              },
              "partner_tensor_handoff_authorized": true,
              "per_ray_records_downloaded_to_host": false,
              "prepared_primitive_payload_on_device": true,
              "prepared_rays_resident_on_device": true,
              "primitive_group_ids_uploaded_each_run": false,
              "primitive_values_uploaded_each_run": false,
              "query_rays_packed_on_device_once": true,
              "query_rays_uploaded_each_run": false,
              "ray_batch_created_from": "partner_device_columns",
              "ray_columns_partner_owned": true,
              "ray_columns_true_zero_copy_authorized": false,
              "ray_count": 131072,
              "ray_id_host_bookkeeping_downloaded": false,
              "rt_core_speedup_claim_authorized": false,
              "source_devices": [
                "cuda:0"
              ],
              "source_protocols": [
                "torch"
              ],
              "static_scene_prepared_on_device": true,
              "transfer_mode": "device_ray3d_columns_gpu_pack",
              "true_zero_copy_authorized": false
            },
            "triangle_count": 131072,
            "v4_api_surface": "v4_ray_triangle_primitive_grouped_i64_reduction_3d_device_arrays",
            "validated_driver": "570.195.03",
            "validated_gpu_family": "RTX A5000 / Ampere",
            "validated_optix_abi": "8.0",
            "validated_partner_scope": "torch 2.8.0+cu128",
            "whole_app_speedup_claim_authorized": false
          },
          "mismatch_samples": {},
          "parity_passed": true
        },
        "sum_count": {
          "device_hit_event_count_before_dedup": 131072,
          "fields": {
            "counts": {
              "device_matches_analytic_fixture": true,
              "device_matches_legacy_host_output": true
            },
            "sums": {
              "device_matches_analytic_fixture": true,
              "device_matches_legacy_host_output": true
            }
          },
          "legacy_hit_event_count_before_dedup": 131072,
          "metadata": {
            "adapter": "v4_ray_triangle_primitive_grouped_i64_reduction_3d_device_arrays",
            "backend": "optix",
            "broad_v4_speedup_claim_authorized": false,
            "claim_boundary": {
              "native_app_api": false,
              "public_speedup_claim": false,
              "result_materialization_in_measured_window": false,
              "row_witnesses": false,
              "true_zero_copy": false
            },
            "contract": "PREPARED_TRIANGLE_SCENE_3D_PREPARED_RAY_BATCH_PREPARED_PRIMITIVE_GROUPED_I64_REDUCTION_DEVICE_OUTPUTS_V1",
            "generic_primitive": "RAY_TRIANGLE_PRIMITIVE_GROUPED_I64_REDUCTION_3D",
            "group_count": 131072,
            "group_rows_downloaded_to_host": false,
            "group_rows_downloaded_to_host_in_hot_path": false,
            "hit_event_count_before_dedup": 131072,
            "host_materialization_in_hot_path": false,
            "input_contract": "caller_supplied_torch_device_ray_triangle_columns_prepared_primitive_payload",
            "measured_partner": true,
            "measured_partners": [
              "torch"
            ],
            "native_direct_device_output_columns": true,
            "native_prepared_route": "ray_batch_prepared_primitive_grouped_i64_reduction_device_outputs",
            "native_symbol": "rtdl_optix_static_triangle_scene_3d_ray_batch_prepared_primitive_grouped_i64_reduction_device_outputs",
            "optix_9_1_validated": false,
            "output_columns_partner_owned": true,
            "output_contract": "caller_supplied_or_allocated_torch_device_grouped_i64_columns",
            "output_source_devices": [
              "cuda:0"
            ],
            "partner": "torch",
            "partner_claim_status": "measured_on_v4_goal4617_pod_optix8",
            "partner_support_declared_unmeasured": [
              "cupy"
            ],
            "phase_timing_seconds": {
              "device_execution_host_observed": 0.0003451593220233917,
              "prepare_build": 0.0019186921417713165,
              "prepared_ray_batch_prepare": 0.00044934824109077454,
              "primitive_payload_prepare": 0.0007260069251060486,
              "query_pack": 0.0,
              "traversal_grouped_i64_reduction_and_direct_device_output_write": 0.000197106
            },
            "prepared_primitive_payload_used": true,
            "prepared_ray_batch_used": true,
            "prepared_reused": true,
            "prepared_run_index": 20,
            "prepared_scene_used": true,
            "primitive": "RAY_TRIANGLE_PRIMITIVE_GROUPED_I64_REDUCTION_3D",
            "primitive_payload_prepare_is_hot_path": false,
            "python_ray_object_boundary_in_hot_path": false,
            "ray_count": 131072,
            "reduction": "sum_count",
            "release_claim_authorized": false,
            "row_arrays_materialized": false,
            "rows_materialized": false,
            "rt_core_accelerated": true,
            "tier3_callback_claim_authorized": false,
            "transfer_metadata": {
              "backend": "optix",
              "direct_device_handoff_authorized": true,
              "direct_device_pointer_observed": true,
              "group_rows_downloaded_to_host": false,
              "grouped_host_ray_id_contract_available": false,
              "host_ray_ids_available": false,
              "native_direct_device_output_columns": true,
              "partner_phase_timings_s": {
                "descriptor_validation_s": 0.00026485323905944824
              },
              "partner_tensor_handoff_authorized": true,
              "per_ray_records_downloaded_to_host": false,
              "prepared_primitive_payload_on_device": true,
              "prepared_rays_resident_on_device": true,
              "primitive_group_ids_uploaded_each_run": false,
              "primitive_values_uploaded_each_run": false,
              "query_rays_packed_on_device_once": true,
              "query_rays_uploaded_each_run": false,
              "ray_batch_created_from": "partner_device_columns",
              "ray_columns_partner_owned": true,
              "ray_columns_true_zero_copy_authorized": false,
              "ray_count": 131072,
              "ray_id_host_bookkeeping_downloaded": false,
              "rt_core_speedup_claim_authorized": false,
              "source_devices": [
                "cuda:0"
              ],
              "source_protocols": [
                "torch"
              ],
              "static_scene_prepared_on_device": true,
              "transfer_mode": "device_ray3d_columns_gpu_pack",
              "true_zero_copy_authorized": false
            },
            "triangle_count": 131072,
            "v4_api_surface": "v4_ray_triangle_primitive_grouped_i64_reduction_3d_device_arrays",
            "validated_driver": "570.195.03",
            "validated_gpu_family": "RTX A5000 / Ampere",
            "validated_optix_abi": "8.0",
            "validated_partner_scope": "torch 2.8.0+cu128",
            "whole_app_speedup_claim_authorized": false
          },
          "mismatch_samples": {},
          "parity_passed": true
        }
      },
      "parity_passed": true,
      "prepare_seconds": 0.00406661257147789,
      "ray_count": 131072,
      "routes": {
        "device_output_frontdoor": {
          "generic_primitive": "RAY_TRIANGLE_PRIMITIVE_GROUPED_I64_REDUCTION_3D",
          "group_rows_downloaded_to_host_in_hot_path": false,
          "host_materialization_in_hot_path": false,
          "input_contract": "caller_supplied_torch_device_triangle_and_ray_columns_prepared_primitive_payload",
          "max_s": 0.00026435405015945435,
          "median_s": 0.00025514885783195496,
          "metadata": {
            "adapter": "v4_ray_triangle_primitive_grouped_i64_reduction_3d_device_arrays",
            "backend": "optix",
            "broad_v4_speedup_claim_authorized": false,
            "claim_boundary": {
              "native_app_api": false,
              "public_speedup_claim": false,
              "result_materialization_in_measured_window": false,
              "row_witnesses": false,
              "true_zero_copy": false
            },
            "contract": "PREPARED_TRIANGLE_SCENE_3D_PREPARED_RAY_BATCH_PREPARED_PRIMITIVE_GROUPED_I64_REDUCTION_DEVICE_OUTPUTS_V1",
            "generic_primitive": "RAY_TRIANGLE_PRIMITIVE_GROUPED_I64_REDUCTION_3D",
            "group_count": 131072,
            "group_rows_downloaded_to_host": false,
            "group_rows_downloaded_to_host_in_hot_path": false,
            "hit_event_count_before_dedup": 131072,
            "host_materialization_in_hot_path": false,
            "input_contract": "caller_supplied_torch_device_ray_triangle_columns_prepared_primitive_payload",
            "measured_partner": true,
            "measured_partners": [
              "torch"
            ],
            "native_direct_device_output_columns": true,
            "native_prepared_route": "ray_batch_prepared_primitive_grouped_i64_reduction_device_outputs",
            "native_symbol": "rtdl_optix_static_triangle_scene_3d_ray_batch_prepared_primitive_grouped_i64_reduction_device_outputs",
            "optix_9_1_validated": false,
            "output_columns_partner_owned": true,
            "output_contract": "caller_supplied_or_allocated_torch_device_grouped_i64_columns",
            "output_source_devices": [
              "cuda:0"
            ],
            "partner": "torch",
            "partner_claim_status": "measured_on_v4_goal4617_pod_optix8",
            "partner_support_declared_unmeasured": [
              "cupy"
            ],
            "phase_timing_seconds": {
              "device_execution_host_observed": 0.00018245726823806763,
              "prepare_build": 0.0019186921417713165,
              "prepared_ray_batch_prepare": 0.00044934824109077454,
              "primitive_payload_prepare": 0.0007260069251060486,
              "query_pack": 0.0,
              "traversal_grouped_i64_reduction_and_direct_device_output_write": 0.000129625
            },
            "prepared_primitive_payload_used": true,
            "prepared_ray_batch_used": true,
            "prepared_reused": true,
            "prepared_run_index": 9,
            "prepared_scene_used": true,
            "primitive": "RAY_TRIANGLE_PRIMITIVE_GROUPED_I64_REDUCTION_3D",
            "primitive_payload_prepare_is_hot_path": false,
            "python_ray_object_boundary_in_hot_path": false,
            "ray_count": 131072,
            "reduction": "sum_count",
            "release_claim_authorized": false,
            "row_arrays_materialized": false,
            "rows_materialized": false,
            "rt_core_accelerated": true,
            "tier3_callback_claim_authorized": false,
            "transfer_metadata": {
              "backend": "optix",
              "direct_device_handoff_authorized": true,
              "direct_device_pointer_observed": true,
              "group_rows_downloaded_to_host": false,
              "grouped_host_ray_id_contract_available": false,
              "host_ray_ids_available": false,
              "native_direct_device_output_columns": true,
              "partner_phase_timings_s": {
                "descriptor_validation_s": 0.00026485323905944824
              },
              "partner_tensor_handoff_authorized": true,
              "per_ray_records_downloaded_to_host": false,
              "prepared_primitive_payload_on_device": true,
              "prepared_rays_resident_on_device": true,
              "primitive_group_ids_uploaded_each_run": false,
              "primitive_values_uploaded_each_run": false,
              "query_rays_packed_on_device_once": true,
              "query_rays_uploaded_each_run": false,
              "ray_batch_created_from": "partner_device_columns",
              "ray_columns_partner_owned": true,
              "ray_columns_true_zero_copy_authorized": false,
              "ray_count": 131072,
              "ray_id_host_bookkeeping_downloaded": false,
              "rt_core_speedup_claim_authorized": false,
              "source_devices": [
                "cuda:0"
              ],
              "source_protocols": [
                "torch"
              ],
              "static_scene_prepared_on_device": true,
              "transfer_mode": "device_ray3d_columns_gpu_pack",
              "true_zero_copy_authorized": false
            },
            "triangle_count": 131072,
            "v4_api_surface": "v4_ray_triangle_primitive_grouped_i64_reduction_3d_device_arrays",
            "validated_driver": "570.195.03",
            "validated_gpu_family": "RTX A5000 / Ampere",
            "validated_optix_abi": "8.0",
            "validated_partner_scope": "torch 2.8.0+cu128",
            "whole_app_speedup_claim_authorized": false
          },
          "min_s": 0.00024795904755592346,
          "output_contract": "caller_owned_torch_device_grouped_i64_columns",
          "tier": "tier2_generic_fused_rt_primitive_device_array_frontdoor_candidate",
          "timings_s": [
            0.0002619996666908264,
            0.00026435405015945435,
            0.00025587528944015503,
            0.0002510286867618561,
            0.00025023892521858215,
            0.00025514885783195496,
            0.00024795904755592346
          ]
        },
        "legacy_host_output": {
          "generic_primitive": "RAY_TRIANGLE_PRIMITIVE_GROUPED_I64_REDUCTION_3D",
          "host_materialization_in_hot_path": true,
          "max_s": 0.18506092205643654,
          "median_s": 0.10272889956831932,
          "metadata": {
            "backend": "optix",
            "claim_boundary": {
              "native_app_api": false,
              "public_speedup_claim": false,
              "row_witnesses": false,
              "true_zero_copy": false
            },
            "group_count": 131072,
            "hit_event_count_before_dedup": 131072,
            "native_symbol": "rtdl_optix_static_triangle_scene_3d_ray_batch_prepared_primitive_grouped_i64_reduction",
            "phase_timing_seconds": {
              "prepare_build": 0.0019186921417713165,
              "prepared_ray_batch_prepare": 0.00044934824109077454,
              "primitive_payload_prepare": 0.0007260069251060486,
              "query_pack": 0.0,
              "traversal": 0.003621442
            },
            "prepared_primitive_payload_used": true,
            "prepared_ray_batch_used": true,
            "prepared_reused": true,
            "prepared_run_index": 18,
            "prepared_scene_used": true,
            "primitive": "RAY_TRIANGLE_PRIMITIVE_GROUPED_I64_REDUCTION_3D",
            "ray_count": 131072,
            "reduction": "sum_count",
            "row_count": 131072,
            "row_sample": [
              {
                "count": 1,
                "group_id": 0,
                "sum": 1
              },
              {
                "count": 1,
                "group_id": 1,
                "sum": 2
              },
              {
                "count": 1,
                "group_id": 2,
                "sum": 3
              },
              {
                "count": 1,
                "group_id": 3,
                "sum": 4
              },
              {
                "count": 1,
                "group_id": 4,
                "sum": 5
              },
              {
                "count": 1,
                "group_id": 5,
                "sum": 6
              },
              {
                "count": 1,
                "group_id": 6,
                "sum": 7
              },
              {
                "count": 1,
                "group_id": 7,
                "sum": 8
              }
            ],
            "rt_core_accelerated": true,
            "transfer_metadata": {
              "backend": "optix",
              "direct_device_handoff_authorized": true,
              "direct_device_pointer_observed": true,
              "group_rows_downloaded_to_host": true,
              "grouped_host_ray_id_contract_available": false,
              "host_ray_ids_available": false,
              "partner_phase_timings_s": {
                "descriptor_validation_s": 0.00026485323905944824
              },
              "partner_tensor_handoff_authorized": true,
              "per_ray_records_downloaded_to_host": false,
              "prepared_primitive_payload_on_device": true,
              "prepared_rays_resident_on_device": true,
              "primitive_group_ids_uploaded_each_run": false,
              "primitive_values_uploaded_each_run": false,
              "query_rays_packed_on_device_once": true,
              "query_rays_uploaded_each_run": false,
              "ray_batch_created_from": "partner_device_columns",
              "ray_columns_partner_owned": true,
              "ray_columns_true_zero_copy_authorized": false,
              "ray_count": 131072,
              "ray_id_host_bookkeeping_downloaded": false,
              "rt_core_speedup_claim_authorized": false,
              "source_devices": [
                "cuda:0"
              ],
              "source_protocols": [
                "torch"
              ],
              "static_scene_prepared_on_device": true,
              "transfer_mode": "device_ray3d_columns_gpu_pack",
              "true_zero_copy_authorized": false
            },
            "triangle_count": 131072
          },
          "min_s": 0.0888085663318634,
          "tier": "prepared_native_route_with_host_grouped_result_output",
          "timings_s": [
            0.13300180062651634,
            0.10272889956831932,
            0.18506092205643654,
            0.09294485673308372,
            0.0888085663318634,
            0.13878029212355614,
            0.09767169132828712
          ]
        }
      },
      "triangle_count": 131072
    }
  ],
  "started_utc": "2026-06-25T07:33:01Z",
  "surface": "v4_ray_triangle_primitive_grouped_i64_reduction_3d_device_arrays",
  "surface_status": "measured_on_v4_goal4617_pod_optix8",
  "validated_gpu_family": "RTX A5000 / Ampere",
  "validated_optix_abi": "8.0",
  "validated_partner_scope": "torch 2.8.0+cu128"
}
[goal4639] done rc=0 elapsed_s=6.724
[goal4639] start: /usr/bin/python3 scripts/v4_primitive_grouped_i64_device_outputs_validation.py --ray-counts 32768,131072 --group-width 16 --repeat 7 --warmup 2 --progress --json-out future/v4/evidence/v4_goal4639_release_scorecard_pod_gate_2026-06-25/primitive_grouped_i64_width16.json
[warmup] ray_count=32768 route=device_output 1/2
[warmup] ray_count=32768 route=device_output 2/2
[repeat-start] ray_count=32768 route=device_output 1/7
[repeat-done] ray_count=32768 route=device_output 1/7 elapsed_s=0.000212
[repeat-start] ray_count=32768 route=device_output 2/7
[repeat-done] ray_count=32768 route=device_output 2/7 elapsed_s=0.000235
[repeat-start] ray_count=32768 route=device_output 3/7
[repeat-done] ray_count=32768 route=device_output 3/7 elapsed_s=0.000204
[repeat-start] ray_count=32768 route=device_output 4/7
[repeat-done] ray_count=32768 route=device_output 4/7 elapsed_s=0.000188
[repeat-start] ray_count=32768 route=device_output 5/7
[repeat-done] ray_count=32768 route=device_output 5/7 elapsed_s=0.000187
[repeat-start] ray_count=32768 route=device_output 6/7
[repeat-done] ray_count=32768 route=device_output 6/7 elapsed_s=0.000184
[repeat-start] ray_count=32768 route=device_output 7/7
[repeat-done] ray_count=32768 route=device_output 7/7 elapsed_s=0.000188
[warmup] ray_count=32768 route=legacy_host_output 1/2
[warmup] ray_count=32768 route=legacy_host_output 2/2
[repeat-start] ray_count=32768 route=legacy_host_output 1/7
[repeat-done] ray_count=32768 route=legacy_host_output 1/7 elapsed_s=0.001217
[repeat-start] ray_count=32768 route=legacy_host_output 2/7
[repeat-done] ray_count=32768 route=legacy_host_output 2/7 elapsed_s=0.001589
[repeat-start] ray_count=32768 route=legacy_host_output 3/7
[repeat-done] ray_count=32768 route=legacy_host_output 3/7 elapsed_s=0.001356
[repeat-start] ray_count=32768 route=legacy_host_output 4/7
[repeat-done] ray_count=32768 route=legacy_host_output 4/7 elapsed_s=0.001311
[repeat-start] ray_count=32768 route=legacy_host_output 5/7
[repeat-done] ray_count=32768 route=legacy_host_output 5/7 elapsed_s=0.001330
[repeat-start] ray_count=32768 route=legacy_host_output 6/7
[repeat-done] ray_count=32768 route=legacy_host_output 6/7 elapsed_s=0.001315
[repeat-start] ray_count=32768 route=legacy_host_output 7/7
[repeat-done] ray_count=32768 route=legacy_host_output 7/7 elapsed_s=0.001314
[warmup] ray_count=131072 route=device_output 1/2
[warmup] ray_count=131072 route=device_output 2/2
[repeat-start] ray_count=131072 route=device_output 1/7
[repeat-done] ray_count=131072 route=device_output 1/7 elapsed_s=0.000276
[repeat-start] ray_count=131072 route=device_output 2/7
[repeat-done] ray_count=131072 route=device_output 2/7 elapsed_s=0.000275
[repeat-start] ray_count=131072 route=device_output 3/7
[repeat-done] ray_count=131072 route=device_output 3/7 elapsed_s=0.000268
[repeat-start] ray_count=131072 route=device_output 4/7
[repeat-done] ray_count=131072 route=device_output 4/7 elapsed_s=0.000264
[repeat-start] ray_count=131072 route=device_output 5/7
[repeat-done] ray_count=131072 route=device_output 5/7 elapsed_s=0.000261
[repeat-start] ray_count=131072 route=device_output 6/7
[repeat-done] ray_count=131072 route=device_output 6/7 elapsed_s=0.000261
[repeat-start] ray_count=131072 route=device_output 7/7
[repeat-done] ray_count=131072 route=device_output 7/7 elapsed_s=0.000262
[warmup] ray_count=131072 route=legacy_host_output 1/2
[warmup] ray_count=131072 route=legacy_host_output 2/2
[repeat-start] ray_count=131072 route=legacy_host_output 1/7
[repeat-done] ray_count=131072 route=legacy_host_output 1/7 elapsed_s=0.004221
[repeat-start] ray_count=131072 route=legacy_host_output 2/7
[repeat-done] ray_count=131072 route=legacy_host_output 2/7 elapsed_s=0.005927
[repeat-start] ray_count=131072 route=legacy_host_output 3/7
[repeat-done] ray_count=131072 route=legacy_host_output 3/7 elapsed_s=0.005182
[repeat-start] ray_count=131072 route=legacy_host_output 4/7
[repeat-done] ray_count=131072 route=legacy_host_output 4/7 elapsed_s=0.004856
[repeat-start] ray_count=131072 route=legacy_host_output 5/7
[repeat-done] ray_count=131072 route=legacy_host_output 5/7 elapsed_s=0.004834
[repeat-start] ray_count=131072 route=legacy_host_output 6/7
[repeat-done] ray_count=131072 route=legacy_host_output 6/7 elapsed_s=0.004824
[repeat-start] ray_count=131072 route=legacy_host_output 7/7
[repeat-done] ray_count=131072 route=legacy_host_output 7/7 elapsed_s=0.004868
{
  "authorization": {
    "broad_v4_speedup_claim_authorized": false,
    "release_claim_authorized": false,
    "rt_core_pod_performance_claim_authorized": false,
    "tier3_callback_claim_authorized": false,
    "whole_app_speedup_claim_authorized": false
  },
  "completed_utc": "2026-06-25T07:33:09Z",
  "gate": "v4_primitive_grouped_i64_device_outputs_measured_gate",
  "optix_9_1_validated": false,
  "parameters": {
    "group_width": 16,
    "ray_counts": [
      32768,
      131072
    ],
    "repeat": 7,
    "warmup": 2
  },
  "passed": true,
  "platform": {
    "cuda_available": true,
    "cuda_device_name": "NVIDIA RTX A5000",
    "hostname": "0256b71980f1",
    "python": "3.12.3 (main, Aug 14 2025, 17:47:21) [GCC 13.3.0]",
    "torch": "2.8.0+cu128"
  },
  "results": [
    {
      "comparison": {
        "interpretation": "candidate gate only; this same-contract comparison does not authorize V4 public performance claims, whole-app claims, or release promotion",
        "legacy_host_output_over_device_output_median_speedup": 6.994589023447565,
        "speedup_claim_authorized": false
      },
      "group_count": 2048,
      "group_width": 16,
      "parity_by_reduction": {
        "max": {
          "device_hit_event_count_before_dedup": 32768,
          "fields": {
            "maxs": {
              "device_matches_analytic_fixture": true,
              "device_matches_legacy_host_output": true
            }
          },
          "legacy_hit_event_count_before_dedup": 32768,
          "metadata": {
            "adapter": "v4_ray_triangle_primitive_grouped_i64_reduction_3d_device_arrays",
            "backend": "optix",
            "broad_v4_speedup_claim_authorized": false,
            "claim_boundary": {
              "native_app_api": false,
              "public_speedup_claim": false,
              "result_materialization_in_measured_window": false,
              "row_witnesses": false,
              "true_zero_copy": false
            },
            "contract": "PREPARED_TRIANGLE_SCENE_3D_PREPARED_RAY_BATCH_PREPARED_PRIMITIVE_GROUPED_I64_REDUCTION_DEVICE_OUTPUTS_V1",
            "generic_primitive": "RAY_TRIANGLE_PRIMITIVE_GROUPED_I64_REDUCTION_3D",
            "group_count": 2048,
            "group_rows_downloaded_to_host": false,
            "group_rows_downloaded_to_host_in_hot_path": false,
            "hit_event_count_before_dedup": 32768,
            "host_materialization_in_hot_path": false,
            "input_contract": "caller_supplied_torch_device_ray_triangle_columns_prepared_primitive_payload",
            "measured_partner": true,
            "measured_partners": [
              "torch"
            ],
            "native_direct_device_output_columns": true,
            "native_prepared_route": "ray_batch_prepared_primitive_grouped_i64_reduction_device_outputs",
            "native_symbol": "rtdl_optix_static_triangle_scene_3d_ray_batch_prepared_primitive_grouped_i64_reduction_device_outputs",
            "optix_9_1_validated": false,
            "output_columns_partner_owned": true,
            "output_contract": "caller_supplied_or_allocated_torch_device_grouped_i64_columns",
            "output_source_devices": [
              "cuda:0"
            ],
            "partner": "torch",
            "partner_claim_status": "measured_on_v4_goal4617_pod_optix8",
            "partner_support_declared_unmeasured": [
              "cupy"
            ],
            "phase_timing_seconds": {
              "device_execution_host_observed": 0.00015173107385635376,
              "prepare_build": 0.24283715710043907,
              "prepared_ray_batch_prepare": 0.0020931102335453033,
              "primitive_payload_prepare": 0.0003587305545806885,
              "query_pack": 0.0,
              "traversal_grouped_i64_reduction_and_direct_device_output_write": 7.2708e-05
            },
            "prepared_primitive_payload_used": true,
            "prepared_ray_batch_used": true,
            "prepared_reused": true,
            "prepared_run_index": 24,
            "prepared_scene_used": true,
            "primitive": "RAY_TRIANGLE_PRIMITIVE_GROUPED_I64_REDUCTION_3D",
            "primitive_payload_prepare_is_hot_path": false,
            "python_ray_object_boundary_in_hot_path": false,
            "ray_count": 32768,
            "reduction": "max",
            "release_claim_authorized": false,
            "row_arrays_materialized": false,
            "rows_materialized": false,
            "rt_core_accelerated": true,
            "tier3_callback_claim_authorized": false,
            "transfer_metadata": {
              "backend": "optix",
              "direct_device_handoff_authorized": true,
              "direct_device_pointer_observed": true,
              "group_rows_downloaded_to_host": false,
              "grouped_host_ray_id_contract_available": false,
              "host_ray_ids_available": false,
              "native_direct_device_output_columns": true,
              "partner_phase_timings_s": {
                "descriptor_validation_s": 0.0003551468253135681
              },
              "partner_tensor_handoff_authorized": true,
              "per_ray_records_downloaded_to_host": false,
              "prepared_primitive_payload_on_device": true,
              "prepared_rays_resident_on_device": true,
              "primitive_group_ids_uploaded_each_run": false,
              "primitive_values_uploaded_each_run": false,
              "query_rays_packed_on_device_once": true,
              "query_rays_uploaded_each_run": false,
              "ray_batch_created_from": "partner_device_columns",
              "ray_columns_partner_owned": true,
              "ray_columns_true_zero_copy_authorized": false,
              "ray_count": 32768,
              "ray_id_host_bookkeeping_downloaded": false,
              "rt_core_speedup_claim_authorized": false,
              "source_devices": [
                "cuda:0"
              ],
              "source_protocols": [
                "torch"
              ],
              "static_scene_prepared_on_device": true,
              "transfer_mode": "device_ray3d_columns_gpu_pack",
              "true_zero_copy_authorized": false
            },
            "triangle_count": 32768,
            "v4_api_surface": "v4_ray_triangle_primitive_grouped_i64_reduction_3d_device_arrays",
            "validated_driver": "570.195.03",
            "validated_gpu_family": "RTX A5000 / Ampere",
            "validated_optix_abi": "8.0",
            "validated_partner_scope": "torch 2.8.0+cu128",
            "whole_app_speedup_claim_authorized": false
          },
          "mismatch_samples": {},
          "parity_passed": true
        },
        "min": {
          "device_hit_event_count_before_dedup": 32768,
          "fields": {
            "mins": {
              "device_matches_analytic_fixture": true,
              "device_matches_legacy_host_output": true
            }
          },
          "legacy_hit_event_count_before_dedup": 32768,
          "metadata": {
            "adapter": "v4_ray_triangle_primitive_grouped_i64_reduction_3d_device_arrays",
            "backend": "optix",
            "broad_v4_speedup_claim_authorized": false,
            "claim_boundary": {
              "native_app_api": false,
              "public_speedup_claim": false,
              "result_materialization_in_measured_window": false,
              "row_witnesses": false,
              "true_zero_copy": false
            },
            "contract": "PREPARED_TRIANGLE_SCENE_3D_PREPARED_RAY_BATCH_PREPARED_PRIMITIVE_GROUPED_I64_REDUCTION_DEVICE_OUTPUTS_V1",
            "generic_primitive": "RAY_TRIANGLE_PRIMITIVE_GROUPED_I64_REDUCTION_3D",
            "group_count": 2048,
            "group_rows_downloaded_to_host": false,
            "group_rows_downloaded_to_host_in_hot_path": false,
            "hit_event_count_before_dedup": 32768,
            "host_materialization_in_hot_path": false,
            "input_contract": "caller_supplied_torch_device_ray_triangle_columns_prepared_primitive_payload",
            "measured_partner": true,
            "measured_partners": [
              "torch"
            ],
            "native_direct_device_output_columns": true,
            "native_prepared_route": "ray_batch_prepared_primitive_grouped_i64_reduction_device_outputs",
            "native_symbol": "rtdl_optix_static_triangle_scene_3d_ray_batch_prepared_primitive_grouped_i64_reduction_device_outputs",
            "optix_9_1_validated": false,
            "output_columns_partner_owned": true,
            "output_contract": "caller_supplied_or_allocated_torch_device_grouped_i64_columns",
            "output_source_devices": [
              "cuda:0"
            ],
            "partner": "torch",
            "partner_claim_status": "measured_on_v4_goal4617_pod_optix8",
            "partner_support_declared_unmeasured": [
              "cupy"
            ],
            "phase_timing_seconds": {
              "device_execution_host_observed": 0.00015480071306228638,
              "prepare_build": 0.24283715710043907,
              "prepared_ray_batch_prepare": 0.0020931102335453033,
              "primitive_payload_prepare": 0.0003587305545806885,
              "query_pack": 0.0,
              "traversal_grouped_i64_reduction_and_direct_device_output_write": 7.2043e-05
            },
            "prepared_primitive_payload_used": true,
            "prepared_ray_batch_used": true,
            "prepared_reused": true,
            "prepared_run_index": 22,
            "prepared_scene_used": true,
            "primitive": "RAY_TRIANGLE_PRIMITIVE_GROUPED_I64_REDUCTION_3D",
            "primitive_payload_prepare_is_hot_path": false,
            "python_ray_object_boundary_in_hot_path": false,
            "ray_count": 32768,
            "reduction": "min",
            "release_claim_authorized": false,
            "row_arrays_materialized": false,
            "rows_materialized": false,
            "rt_core_accelerated": true,
            "tier3_callback_claim_authorized": false,
            "transfer_metadata": {
              "backend": "optix",
              "direct_device_handoff_authorized": true,
              "direct_device_pointer_observed": true,
              "group_rows_downloaded_to_host": false,
              "grouped_host_ray_id_contract_available": false,
              "host_ray_ids_available": false,
              "native_direct_device_output_columns": true,
              "partner_phase_timings_s": {
                "descriptor_validation_s": 0.0003551468253135681
              },
              "partner_tensor_handoff_authorized": true,
              "per_ray_records_downloaded_to_host": false,
              "prepared_primitive_payload_on_device": true,
              "prepared_rays_resident_on_device": true,
              "primitive_group_ids_uploaded_each_run": false,
              "primitive_values_uploaded_each_run": false,
              "query_rays_packed_on_device_once": true,
              "query_rays_uploaded_each_run": false,
              "ray_batch_created_from": "partner_device_columns",
              "ray_columns_partner_owned": true,
              "ray_columns_true_zero_copy_authorized": false,
              "ray_count": 32768,
              "ray_id_host_bookkeeping_downloaded": false,
              "rt_core_speedup_claim_authorized": false,
              "source_devices": [
                "cuda:0"
              ],
              "source_protocols": [
                "torch"
              ],
              "static_scene_prepared_on_device": true,
              "transfer_mode": "device_ray3d_columns_gpu_pack",
              "true_zero_copy_authorized": false
            },
            "triangle_count": 32768,
            "v4_api_surface": "v4_ray_triangle_primitive_grouped_i64_reduction_3d_device_arrays",
            "validated_driver": "570.195.03",
            "validated_gpu_family": "RTX A5000 / Ampere",
            "validated_optix_abi": "8.0",
            "validated_partner_scope": "torch 2.8.0+cu128",
            "whole_app_speedup_claim_authorized": false
          },
          "mismatch_samples": {},
          "parity_passed": true
        },
        "sum_count": {
          "device_hit_event_count_before_dedup": 32768,
          "fields": {
            "counts": {
              "device_matches_analytic_fixture": true,
              "device_matches_legacy_host_output": true
            },
            "sums": {
              "device_matches_analytic_fixture": true,
              "device_matches_legacy_host_output": true
            }
          },
          "legacy_hit_event_count_before_dedup": 32768,
          "metadata": {
            "adapter": "v4_ray_triangle_primitive_grouped_i64_reduction_3d_device_arrays",
            "backend": "optix",
            "broad_v4_speedup_claim_authorized": false,
            "claim_boundary": {
              "native_app_api": false,
              "public_speedup_claim": false,
              "result_materialization_in_measured_window": false,
              "row_witnesses": false,
              "true_zero_copy": false
            },
            "contract": "PREPARED_TRIANGLE_SCENE_3D_PREPARED_RAY_BATCH_PREPARED_PRIMITIVE_GROUPED_I64_REDUCTION_DEVICE_OUTPUTS_V1",
            "generic_primitive": "RAY_TRIANGLE_PRIMITIVE_GROUPED_I64_REDUCTION_3D",
            "group_count": 2048,
            "group_rows_downloaded_to_host": false,
            "group_rows_downloaded_to_host_in_hot_path": false,
            "hit_event_count_before_dedup": 32768,
            "host_materialization_in_hot_path": false,
            "input_contract": "caller_supplied_torch_device_ray_triangle_columns_prepared_primitive_payload",
            "measured_partner": true,
            "measured_partners": [
              "torch"
            ],
            "native_direct_device_output_columns": true,
            "native_prepared_route": "ray_batch_prepared_primitive_grouped_i64_reduction_device_outputs",
            "native_symbol": "rtdl_optix_static_triangle_scene_3d_ray_batch_prepared_primitive_grouped_i64_reduction_device_outputs",
            "optix_9_1_validated": false,
            "output_columns_partner_owned": true,
            "output_contract": "caller_supplied_or_allocated_torch_device_grouped_i64_columns",
            "output_source_devices": [
              "cuda:0"
            ],
            "partner": "torch",
            "partner_claim_status": "measured_on_v4_goal4617_pod_optix8",
            "partner_support_declared_unmeasured": [
              "cupy"
            ],
            "phase_timing_seconds": {
              "device_execution_host_observed": 0.0001594945788383484,
              "prepare_build": 0.24283715710043907,
              "prepared_ray_batch_prepare": 0.0020931102335453033,
              "primitive_payload_prepare": 0.0003587305545806885,
              "query_pack": 0.0,
              "traversal_grouped_i64_reduction_and_direct_device_output_write": 7.8694e-05
            },
            "prepared_primitive_payload_used": true,
            "prepared_ray_batch_used": true,
            "prepared_reused": true,
            "prepared_run_index": 20,
            "prepared_scene_used": true,
            "primitive": "RAY_TRIANGLE_PRIMITIVE_GROUPED_I64_REDUCTION_3D",
            "primitive_payload_prepare_is_hot_path": false,
            "python_ray_object_boundary_in_hot_path": false,
            "ray_count": 32768,
            "reduction": "sum_count",
            "release_claim_authorized": false,
            "row_arrays_materialized": false,
            "rows_materialized": false,
            "rt_core_accelerated": true,
            "tier3_callback_claim_authorized": false,
            "transfer_metadata": {
              "backend": "optix",
              "direct_device_handoff_authorized": true,
              "direct_device_pointer_observed": true,
              "group_rows_downloaded_to_host": false,
              "grouped_host_ray_id_contract_available": false,
              "host_ray_ids_available": false,
              "native_direct_device_output_columns": true,
              "partner_phase_timings_s": {
                "descriptor_validation_s": 0.0003551468253135681
              },
              "partner_tensor_handoff_authorized": true,
              "per_ray_records_downloaded_to_host": false,
              "prepared_primitive_payload_on_device": true,
              "prepared_rays_resident_on_device": true,
              "primitive_group_ids_uploaded_each_run": false,
              "primitive_values_uploaded_each_run": false,
              "query_rays_packed_on_device_once": true,
              "query_rays_uploaded_each_run": false,
              "ray_batch_created_from": "partner_device_columns",
              "ray_columns_partner_owned": true,
              "ray_columns_true_zero_copy_authorized": false,
              "ray_count": 32768,
              "ray_id_host_bookkeeping_downloaded": false,
              "rt_core_speedup_claim_authorized": false,
              "source_devices": [
                "cuda:0"
              ],
              "source_protocols": [
                "torch"
              ],
              "static_scene_prepared_on_device": true,
              "transfer_mode": "device_ray3d_columns_gpu_pack",
              "true_zero_copy_authorized": false
            },
            "triangle_count": 32768,
            "v4_api_surface": "v4_ray_triangle_primitive_grouped_i64_reduction_3d_device_arrays",
            "validated_driver": "570.195.03",
            "validated_gpu_family": "RTX A5000 / Ampere",
            "validated_optix_abi": "8.0",
            "validated_partner_scope": "torch 2.8.0+cu128",
            "whole_app_speedup_claim_authorized": false
          },
          "mismatch_samples": {},
          "parity_passed": true
        }
      },
      "parity_passed": true,
      "prepare_seconds": 0.2537303529679775,
      "ray_count": 32768,
      "routes": {
        "device_output_frontdoor": {
          "generic_primitive": "RAY_TRIANGLE_PRIMITIVE_GROUPED_I64_REDUCTION_3D",
          "group_rows_downloaded_to_host_in_hot_path": false,
          "host_materialization_in_hot_path": false,
          "input_contract": "caller_supplied_torch_device_triangle_and_ray_columns_prepared_primitive_payload",
          "max_s": 0.00023549050092697144,
          "median_s": 0.00018795207142829895,
          "metadata": {
            "adapter": "v4_ray_triangle_primitive_grouped_i64_reduction_3d_device_arrays",
            "backend": "optix",
            "broad_v4_speedup_claim_authorized": false,
            "claim_boundary": {
              "native_app_api": false,
              "public_speedup_claim": false,
              "result_materialization_in_measured_window": false,
              "row_witnesses": false,
              "true_zero_copy": false
            },
            "contract": "PREPARED_TRIANGLE_SCENE_3D_PREPARED_RAY_BATCH_PREPARED_PRIMITIVE_GROUPED_I64_REDUCTION_DEVICE_OUTPUTS_V1",
            "generic_primitive": "RAY_TRIANGLE_PRIMITIVE_GROUPED_I64_REDUCTION_3D",
            "group_count": 2048,
            "group_rows_downloaded_to_host": false,
            "group_rows_downloaded_to_host_in_hot_path": false,
            "hit_event_count_before_dedup": 32768,
            "host_materialization_in_hot_path": false,
            "input_contract": "caller_supplied_torch_device_ray_triangle_columns_prepared_primitive_payload",
            "measured_partner": true,
            "measured_partners": [
              "torch"
            ],
            "native_direct_device_output_columns": true,
            "native_prepared_route": "ray_batch_prepared_primitive_grouped_i64_reduction_device_outputs",
            "native_symbol": "rtdl_optix_static_triangle_scene_3d_ray_batch_prepared_primitive_grouped_i64_reduction_device_outputs",
            "optix_9_1_validated": false,
            "output_columns_partner_owned": true,
            "output_contract": "caller_supplied_or_allocated_torch_device_grouped_i64_columns",
            "output_source_devices": [
              "cuda:0"
            ],
            "partner": "torch",
            "partner_claim_status": "measured_on_v4_goal4617_pod_optix8",
            "partner_support_declared_unmeasured": [
              "cupy"
            ],
            "phase_timing_seconds": {
              "device_execution_host_observed": 0.00012079253792762756,
              "prepare_build": 0.24283715710043907,
              "prepared_ray_batch_prepare": 0.0020931102335453033,
              "primitive_payload_prepare": 0.0003587305545806885,
              "query_pack": 0.0,
              "traversal_grouped_i64_reduction_and_direct_device_output_write": 6.4863e-05
            },
            "prepared_primitive_payload_used": true,
            "prepared_ray_batch_used": true,
            "prepared_reused": true,
            "prepared_run_index": 9,
            "prepared_scene_used": true,
            "primitive": "RAY_TRIANGLE_PRIMITIVE_GROUPED_I64_REDUCTION_3D",
            "primitive_payload_prepare_is_hot_path": false,
            "python_ray_object_boundary_in_hot_path": false,
            "ray_count": 32768,
            "reduction": "sum_count",
            "release_claim_authorized": false,
            "row_arrays_materialized": false,
            "rows_materialized": false,
            "rt_core_accelerated": true,
            "tier3_callback_claim_authorized": false,
            "transfer_metadata": {
              "backend": "optix",
              "direct_device_handoff_authorized": true,
              "direct_device_pointer_observed": true,
              "group_rows_downloaded_to_host": false,
              "grouped_host_ray_id_contract_available": false,
              "host_ray_ids_available": false,
              "native_direct_device_output_columns": true,
              "partner_phase_timings_s": {
                "descriptor_validation_s": 0.0003551468253135681
              },
              "partner_tensor_handoff_authorized": true,
              "per_ray_records_downloaded_to_host": false,
              "prepared_primitive_payload_on_device": true,
              "prepared_rays_resident_on_device": true,
              "primitive_group_ids_uploaded_each_run": false,
              "primitive_values_uploaded_each_run": false,
              "query_rays_packed_on_device_once": true,
              "query_rays_uploaded_each_run": false,
              "ray_batch_created_from": "partner_device_columns",
              "ray_columns_partner_owned": true,
              "ray_columns_true_zero_copy_authorized": false,
              "ray_count": 32768,
              "ray_id_host_bookkeeping_downloaded": false,
              "rt_core_speedup_claim_authorized": false,
              "source_devices": [
                "cuda:0"
              ],
              "source_protocols": [
                "torch"
              ],
              "static_scene_prepared_on_device": true,
              "transfer_mode": "device_ray3d_columns_gpu_pack",
              "true_zero_copy_authorized": false
            },
            "triangle_count": 32768,
            "v4_api_surface": "v4_ray_triangle_primitive_grouped_i64_reduction_3d_device_arrays",
            "validated_driver": "570.195.03",
            "validated_gpu_family": "RTX A5000 / Ampere",
            "validated_optix_abi": "8.0",
            "validated_partner_scope": "torch 2.8.0+cu128",
            "whole_app_speedup_claim_authorized": false
          },
          "min_s": 0.0001837611198425293,
          "output_contract": "caller_owned_torch_device_grouped_i64_columns",
          "tier": "tier2_generic_fused_rt_primitive_device_array_frontdoor_candidate",
          "timings_s": [
            0.00021216273307800293,
            0.00023549050092697144,
            0.00020411238074302673,
            0.0001879185438156128,
            0.00018692389130592346,
            0.0001837611198425293,
            0.00018795207142829895
          ]
        },
        "legacy_host_output": {
          "generic_primitive": "RAY_TRIANGLE_PRIMITIVE_GROUPED_I64_REDUCTION_3D",
          "host_materialization_in_hot_path": true,
          "max_s": 0.0015892572700977325,
          "median_s": 0.0013146474957466125,
          "metadata": {
            "backend": "optix",
            "claim_boundary": {
              "native_app_api": false,
              "public_speedup_claim": false,
              "row_witnesses": false,
              "true_zero_copy": false
            },
            "group_count": 2048,
            "hit_event_count_before_dedup": 32768,
            "native_symbol": "rtdl_optix_static_triangle_scene_3d_ray_batch_prepared_primitive_grouped_i64_reduction",
            "phase_timing_seconds": {
              "prepare_build": 0.24283715710043907,
              "prepared_ray_batch_prepare": 0.0020931102335453033,
              "primitive_payload_prepare": 0.0003587305545806885,
              "query_pack": 0.0,
              "traversal": 0.000153969
            },
            "prepared_primitive_payload_used": true,
            "prepared_ray_batch_used": true,
            "prepared_reused": true,
            "prepared_run_index": 18,
            "prepared_scene_used": true,
            "primitive": "RAY_TRIANGLE_PRIMITIVE_GROUPED_I64_REDUCTION_3D",
            "ray_count": 32768,
            "reduction": "sum_count",
            "row_count": 2048,
            "row_sample": [
              {
                "count": 16,
                "group_id": 0,
                "sum": 136
              },
              {
                "count": 16,
                "group_id": 1,
                "sum": 392
              },
              {
                "count": 16,
                "group_id": 2,
                "sum": 648
              },
              {
                "count": 16,
                "group_id": 3,
                "sum": 904
              },
              {
                "count": 16,
                "group_id": 4,
                "sum": 1160
              },
              {
                "count": 16,
                "group_id": 5,
                "sum": 1416
              },
              {
                "count": 16,
                "group_id": 6,
                "sum": 1672
              },
              {
                "count": 16,
                "group_id": 7,
                "sum": 1928
              }
            ],
            "rt_core_accelerated": true,
            "transfer_metadata": {
              "backend": "optix",
              "direct_device_handoff_authorized": true,
              "direct_device_pointer_observed": true,
              "group_rows_downloaded_to_host": true,
              "grouped_host_ray_id_contract_available": false,
              "host_ray_ids_available": false,
              "partner_phase_timings_s": {
                "descriptor_validation_s": 0.0003551468253135681
              },
              "partner_tensor_handoff_authorized": true,
              "per_ray_records_downloaded_to_host": false,
              "prepared_primitive_payload_on_device": true,
              "prepared_rays_resident_on_device": true,
              "primitive_group_ids_uploaded_each_run": false,
              "primitive_values_uploaded_each_run": false,
              "query_rays_packed_on_device_once": true,
              "query_rays_uploaded_each_run": false,
              "ray_batch_created_from": "partner_device_columns",
              "ray_columns_partner_owned": true,
              "ray_columns_true_zero_copy_authorized": false,
              "ray_count": 32768,
              "ray_id_host_bookkeeping_downloaded": false,
              "rt_core_speedup_claim_authorized": false,
              "source_devices": [
                "cuda:0"
              ],
              "source_protocols": [
                "torch"
              ],
              "static_scene_prepared_on_device": true,
              "transfer_mode": "device_ray3d_columns_gpu_pack",
              "true_zero_copy_authorized": false
            },
            "triangle_count": 32768
          },
          "min_s": 0.0012171454727649689,
          "tier": "prepared_native_route_with_host_grouped_result_output",
          "timings_s": [
            0.0012171454727649689,
            0.0015892572700977325,
            0.0013558268547058105,
            0.0013114586472511292,
            0.001330491155385971,
            0.0013146474957466125,
            0.0013144351541996002
          ]
        }
      },
      "triangle_count": 32768
    },
    {
      "comparison": {
        "interpretation": "candidate gate only; this same-contract comparison does not authorize V4 public performance claims, whole-app claims, or release promotion",
        "legacy_host_output_over_device_output_median_speedup": 18.412495056217864,
        "speedup_claim_authorized": false
      },
      "group_count": 8192,
      "group_width": 16,
      "parity_by_reduction": {
        "max": {
          "device_hit_event_count_before_dedup": 131072,
          "fields": {
            "maxs": {
              "device_matches_analytic_fixture": true,
              "device_matches_legacy_host_output": true
            }
          },
          "legacy_hit_event_count_before_dedup": 131072,
          "metadata": {
            "adapter": "v4_ray_triangle_primitive_grouped_i64_reduction_3d_device_arrays",
            "backend": "optix",
            "broad_v4_speedup_claim_authorized": false,
            "claim_boundary": {
              "native_app_api": false,
              "public_speedup_claim": false,
              "result_materialization_in_measured_window": false,
              "row_witnesses": false,
              "true_zero_copy": false
            },
            "contract": "PREPARED_TRIANGLE_SCENE_3D_PREPARED_RAY_BATCH_PREPARED_PRIMITIVE_GROUPED_I64_REDUCTION_DEVICE_OUTPUTS_V1",
            "generic_primitive": "RAY_TRIANGLE_PRIMITIVE_GROUPED_I64_REDUCTION_3D",
            "group_count": 8192,
            "group_rows_downloaded_to_host": false,
            "group_rows_downloaded_to_host_in_hot_path": false,
            "hit_event_count_before_dedup": 131072,
            "host_materialization_in_hot_path": false,
            "input_contract": "caller_supplied_torch_device_ray_triangle_columns_prepared_primitive_payload",
            "measured_partner": true,
            "measured_partners": [
              "torch"
            ],
            "native_direct_device_output_columns": true,
            "native_prepared_route": "ray_batch_prepared_primitive_grouped_i64_reduction_device_outputs",
            "native_symbol": "rtdl_optix_static_triangle_scene_3d_ray_batch_prepared_primitive_grouped_i64_reduction_device_outputs",
            "optix_9_1_validated": false,
            "output_columns_partner_owned": true,
            "output_contract": "caller_supplied_or_allocated_torch_device_grouped_i64_columns",
            "output_source_devices": [
              "cuda:0"
            ],
            "partner": "torch",
            "partner_claim_status": "measured_on_v4_goal4617_pod_optix8",
            "partner_support_declared_unmeasured": [
              "cupy"
            ],
            "phase_timing_seconds": {
              "device_execution_host_observed": 0.00022527948021888733,
              "prepare_build": 0.001963019371032715,
              "prepared_ray_batch_prepare": 0.0004596598446369171,
              "primitive_payload_prepare": 0.0007087960839271545,
              "query_pack": 0.0,
              "traversal_grouped_i64_reduction_and_direct_device_output_write": 0.000141404
            },
            "prepared_primitive_payload_used": true,
            "prepared_ray_batch_used": true,
            "prepared_reused": true,
            "prepared_run_index": 24,
            "prepared_scene_used": true,
            "primitive": "RAY_TRIANGLE_PRIMITIVE_GROUPED_I64_REDUCTION_3D",
            "primitive_payload_prepare_is_hot_path": false,
            "python_ray_object_boundary_in_hot_path": false,
            "ray_count": 131072,
            "reduction": "max",
            "release_claim_authorized": false,
            "row_arrays_materialized": false,
            "rows_materialized": false,
            "rt_core_accelerated": true,
            "tier3_callback_claim_authorized": false,
            "transfer_metadata": {
              "backend": "optix",
              "direct_device_handoff_authorized": true,
              "direct_device_pointer_observed": true,
              "group_rows_downloaded_to_host": false,
              "grouped_host_ray_id_contract_available": false,
              "host_ray_ids_available": false,
              "native_direct_device_output_columns": true,
              "partner_phase_timings_s": {
                "descriptor_validation_s": 0.0002513900399208069
              },
              "partner_tensor_handoff_authorized": true,
              "per_ray_records_downloaded_to_host": false,
              "prepared_primitive_payload_on_device": true,
              "prepared_rays_resident_on_device": true,
              "primitive_group_ids_uploaded_each_run": false,
              "primitive_values_uploaded_each_run": false,
              "query_rays_packed_on_device_once": true,
              "query_rays_uploaded_each_run": false,
              "ray_batch_created_from": "partner_device_columns",
              "ray_columns_partner_owned": true,
              "ray_columns_true_zero_copy_authorized": false,
              "ray_count": 131072,
              "ray_id_host_bookkeeping_downloaded": false,
              "rt_core_speedup_claim_authorized": false,
              "source_devices": [
                "cuda:0"
              ],
              "source_protocols": [
                "torch"
              ],
              "static_scene_prepared_on_device": true,
              "transfer_mode": "device_ray3d_columns_gpu_pack",
              "true_zero_copy_authorized": false
            },
            "triangle_count": 131072,
            "v4_api_surface": "v4_ray_triangle_primitive_grouped_i64_reduction_3d_device_arrays",
            "validated_driver": "570.195.03",
            "validated_gpu_family": "RTX A5000 / Ampere",
            "validated_optix_abi": "8.0",
            "validated_partner_scope": "torch 2.8.0+cu128",
            "whole_app_speedup_claim_authorized": false
          },
          "mismatch_samples": {},
          "parity_passed": true
        },
        "min": {
          "device_hit_event_count_before_dedup": 131072,
          "fields": {
            "mins": {
              "device_matches_analytic_fixture": true,
              "device_matches_legacy_host_output": true
            }
          },
          "legacy_hit_event_count_before_dedup": 131072,
          "metadata": {
            "adapter": "v4_ray_triangle_primitive_grouped_i64_reduction_3d_device_arrays",
            "backend": "optix",
            "broad_v4_speedup_claim_authorized": false,
            "claim_boundary": {
              "native_app_api": false,
              "public_speedup_claim": false,
              "result_materialization_in_measured_window": false,
              "row_witnesses": false,
              "true_zero_copy": false
            },
            "contract": "PREPARED_TRIANGLE_SCENE_3D_PREPARED_RAY_BATCH_PREPARED_PRIMITIVE_GROUPED_I64_REDUCTION_DEVICE_OUTPUTS_V1",
            "generic_primitive": "RAY_TRIANGLE_PRIMITIVE_GROUPED_I64_REDUCTION_3D",
            "group_count": 8192,
            "group_rows_downloaded_to_host": false,
            "group_rows_downloaded_to_host_in_hot_path": false,
            "hit_event_count_before_dedup": 131072,
            "host_materialization_in_hot_path": false,
            "input_contract": "caller_supplied_torch_device_ray_triangle_columns_prepared_primitive_payload",
            "measured_partner": true,
            "measured_partners": [
              "torch"
            ],
            "native_direct_device_output_columns": true,
            "native_prepared_route": "ray_batch_prepared_primitive_grouped_i64_reduction_device_outputs",
            "native_symbol": "rtdl_optix_static_triangle_scene_3d_ray_batch_prepared_primitive_grouped_i64_reduction_device_outputs",
            "optix_9_1_validated": false,
            "output_columns_partner_owned": true,
            "output_contract": "caller_supplied_or_allocated_torch_device_grouped_i64_columns",
            "output_source_devices": [
              "cuda:0"
            ],
            "partner": "torch",
            "partner_claim_status": "measured_on_v4_goal4617_pod_optix8",
            "partner_support_declared_unmeasured": [
              "cupy"
            ],
            "phase_timing_seconds": {
              "device_execution_host_observed": 0.00022746995091438293,
              "prepare_build": 0.001963019371032715,
              "prepared_ray_batch_prepare": 0.0004596598446369171,
              "primitive_payload_prepare": 0.0007087960839271545,
              "query_pack": 0.0,
              "traversal_grouped_i64_reduction_and_direct_device_output_write": 0.000141264
            },
            "prepared_primitive_payload_used": true,
            "prepared_ray_batch_used": true,
            "prepared_reused": true,
            "prepared_run_index": 22,
            "prepared_scene_used": true,
            "primitive": "RAY_TRIANGLE_PRIMITIVE_GROUPED_I64_REDUCTION_3D",
            "primitive_payload_prepare_is_hot_path": false,
            "python_ray_object_boundary_in_hot_path": false,
            "ray_count": 131072,
            "reduction": "min",
            "release_claim_authorized": false,
            "row_arrays_materialized": false,
            "rows_materialized": false,
            "rt_core_accelerated": true,
            "tier3_callback_claim_authorized": false,
            "transfer_metadata": {
              "backend": "optix",
              "direct_device_handoff_authorized": true,
              "direct_device_pointer_observed": true,
              "group_rows_downloaded_to_host": false,
              "grouped_host_ray_id_contract_available": false,
              "host_ray_ids_available": false,
              "native_direct_device_output_columns": true,
              "partner_phase_timings_s": {
                "descriptor_validation_s": 0.0002513900399208069
              },
              "partner_tensor_handoff_authorized": true,
              "per_ray_records_downloaded_to_host": false,
              "prepared_primitive_payload_on_device": true,
              "prepared_rays_resident_on_device": true,
              "primitive_group_ids_uploaded_each_run": false,
              "primitive_values_uploaded_each_run": false,
              "query_rays_packed_on_device_once": true,
              "query_rays_uploaded_each_run": false,
              "ray_batch_created_from": "partner_device_columns",
              "ray_columns_partner_owned": true,
              "ray_columns_true_zero_copy_authorized": false,
              "ray_count": 131072,
              "ray_id_host_bookkeeping_downloaded": false,
              "rt_core_speedup_claim_authorized": false,
              "source_devices": [
                "cuda:0"
              ],
              "source_protocols": [
                "torch"
              ],
              "static_scene_prepared_on_device": true,
              "transfer_mode": "device_ray3d_columns_gpu_pack",
              "true_zero_copy_authorized": false
            },
            "triangle_count": 131072,
            "v4_api_surface": "v4_ray_triangle_primitive_grouped_i64_reduction_3d_device_arrays",
            "validated_driver": "570.195.03",
            "validated_gpu_family": "RTX A5000 / Ampere",
            "validated_optix_abi": "8.0",
            "validated_partner_scope": "torch 2.8.0+cu128",
            "whole_app_speedup_claim_authorized": false
          },
          "mismatch_samples": {},
          "parity_passed": true
        },
        "sum_count": {
          "device_hit_event_count_before_dedup": 131072,
          "fields": {
            "counts": {
              "device_matches_analytic_fixture": true,
              "device_matches_legacy_host_output": true
            },
            "sums": {
              "device_matches_analytic_fixture": true,
              "device_matches_legacy_host_output": true
            }
          },
          "legacy_hit_event_count_before_dedup": 131072,
          "metadata": {
            "adapter": "v4_ray_triangle_primitive_grouped_i64_reduction_3d_device_arrays",
            "backend": "optix",
            "broad_v4_speedup_claim_authorized": false,
            "claim_boundary": {
              "native_app_api": false,
              "public_speedup_claim": false,
              "result_materialization_in_measured_window": false,
              "row_witnesses": false,
              "true_zero_copy": false
            },
            "contract": "PREPARED_TRIANGLE_SCENE_3D_PREPARED_RAY_BATCH_PREPARED_PRIMITIVE_GROUPED_I64_REDUCTION_DEVICE_OUTPUTS_V1",
            "generic_primitive": "RAY_TRIANGLE_PRIMITIVE_GROUPED_I64_REDUCTION_3D",
            "group_count": 8192,
            "group_rows_downloaded_to_host": false,
            "group_rows_downloaded_to_host_in_hot_path": false,
            "hit_event_count_before_dedup": 131072,
            "host_materialization_in_hot_path": false,
            "input_contract": "caller_supplied_torch_device_ray_triangle_columns_prepared_primitive_payload",
            "measured_partner": true,
            "measured_partners": [
              "torch"
            ],
            "native_direct_device_output_columns": true,
            "native_prepared_route": "ray_batch_prepared_primitive_grouped_i64_reduction_device_outputs",
            "native_symbol": "rtdl_optix_static_triangle_scene_3d_ray_batch_prepared_primitive_grouped_i64_reduction_device_outputs",
            "optix_9_1_validated": false,
            "output_columns_partner_owned": true,
            "output_contract": "caller_supplied_or_allocated_torch_device_grouped_i64_columns",
            "output_source_devices": [
              "cuda:0"
            ],
            "partner": "torch",
            "partner_claim_status": "measured_on_v4_goal4617_pod_optix8",
            "partner_support_declared_unmeasured": [
              "cupy"
            ],
            "phase_timing_seconds": {
              "device_execution_host_observed": 0.00022732838988304138,
              "prepare_build": 0.001963019371032715,
              "prepared_ray_batch_prepare": 0.0004596598446369171,
              "primitive_payload_prepare": 0.0007087960839271545,
              "query_pack": 0.0,
              "traversal_grouped_i64_reduction_and_direct_device_output_write": 0.000141543
            },
            "prepared_primitive_payload_used": true,
            "prepared_ray_batch_used": true,
            "prepared_reused": true,
            "prepared_run_index": 20,
            "prepared_scene_used": true,
            "primitive": "RAY_TRIANGLE_PRIMITIVE_GROUPED_I64_REDUCTION_3D",
            "primitive_payload_prepare_is_hot_path": false,
            "python_ray_object_boundary_in_hot_path": false,
            "ray_count": 131072,
            "reduction": "sum_count",
            "release_claim_authorized": false,
            "row_arrays_materialized": false,
            "rows_materialized": false,
            "rt_core_accelerated": true,
            "tier3_callback_claim_authorized": false,
            "transfer_metadata": {
              "backend": "optix",
              "direct_device_handoff_authorized": true,
              "direct_device_pointer_observed": true,
              "group_rows_downloaded_to_host": false,
              "grouped_host_ray_id_contract_available": false,
              "host_ray_ids_available": false,
              "native_direct_device_output_columns": true,
              "partner_phase_timings_s": {
                "descriptor_validation_s": 0.0002513900399208069
              },
              "partner_tensor_handoff_authorized": true,
              "per_ray_records_downloaded_to_host": false,
              "prepared_primitive_payload_on_device": true,
              "prepared_rays_resident_on_device": true,
              "primitive_group_ids_uploaded_each_run": false,
              "primitive_values_uploaded_each_run": false,
              "query_rays_packed_on_device_once": true,
              "query_rays_uploaded_each_run": false,
              "ray_batch_created_from": "partner_device_columns",
              "ray_columns_partner_owned": true,
              "ray_columns_true_zero_copy_authorized": false,
              "ray_count": 131072,
              "ray_id_host_bookkeeping_downloaded": false,
              "rt_core_speedup_claim_authorized": false,
              "source_devices": [
                "cuda:0"
              ],
              "source_protocols": [
                "torch"
              ],
              "static_scene_prepared_on_device": true,
              "transfer_mode": "device_ray3d_columns_gpu_pack",
              "true_zero_copy_authorized": false
            },
            "triangle_count": 131072,
            "v4_api_surface": "v4_ray_triangle_primitive_grouped_i64_reduction_3d_device_arrays",
            "validated_driver": "570.195.03",
            "validated_gpu_family": "RTX A5000 / Ampere",
            "validated_optix_abi": "8.0",
            "validated_partner_scope": "torch 2.8.0+cu128",
            "whole_app_speedup_claim_authorized": false
          },
          "mismatch_samples": {},
          "parity_passed": true
        }
      },
      "parity_passed": true,
      "prepare_seconds": 0.003934849053621292,
      "ray_count": 131072,
      "routes": {
        "device_output_frontdoor": {
          "generic_primitive": "RAY_TRIANGLE_PRIMITIVE_GROUPED_I64_REDUCTION_3D",
          "group_rows_downloaded_to_host_in_hot_path": false,
          "host_materialization_in_hot_path": false,
          "input_contract": "caller_supplied_torch_device_triangle_and_ray_columns_prepared_primitive_payload",
          "max_s": 0.0002756454050540924,
          "median_s": 0.00026373565196990967,
          "metadata": {
            "adapter": "v4_ray_triangle_primitive_grouped_i64_reduction_3d_device_arrays",
            "backend": "optix",
            "broad_v4_speedup_claim_authorized": false,
            "claim_boundary": {
              "native_app_api": false,
              "public_speedup_claim": false,
              "result_materialization_in_measured_window": false,
              "row_witnesses": false,
              "true_zero_copy": false
            },
            "contract": "PREPARED_TRIANGLE_SCENE_3D_PREPARED_RAY_BATCH_PREPARED_PRIMITIVE_GROUPED_I64_REDUCTION_DEVICE_OUTPUTS_V1",
            "generic_primitive": "RAY_TRIANGLE_PRIMITIVE_GROUPED_I64_REDUCTION_3D",
            "group_count": 8192,
            "group_rows_downloaded_to_host": false,
            "group_rows_downloaded_to_host_in_hot_path": false,
            "hit_event_count_before_dedup": 131072,
            "host_materialization_in_hot_path": false,
            "input_contract": "caller_supplied_torch_device_ray_triangle_columns_prepared_primitive_payload",
            "measured_partner": true,
            "measured_partners": [
              "torch"
            ],
            "native_direct_device_output_columns": true,
            "native_prepared_route": "ray_batch_prepared_primitive_grouped_i64_reduction_device_outputs",
            "native_symbol": "rtdl_optix_static_triangle_scene_3d_ray_batch_prepared_primitive_grouped_i64_reduction_device_outputs",
            "optix_9_1_validated": false,
            "output_columns_partner_owned": true,
            "output_contract": "caller_supplied_or_allocated_torch_device_grouped_i64_columns",
            "output_source_devices": [
              "cuda:0"
            ],
            "partner": "torch",
            "partner_claim_status": "measured_on_v4_goal4617_pod_optix8",
            "partner_support_declared_unmeasured": [
              "cupy"
            ],
            "phase_timing_seconds": {
              "device_execution_host_observed": 0.0001852959394454956,
              "prepare_build": 0.001963019371032715,
              "prepared_ray_batch_prepare": 0.0004596598446369171,
              "primitive_payload_prepare": 0.0007087960839271545,
              "query_pack": 0.0,
              "traversal_grouped_i64_reduction_and_direct_device_output_write": 0.000123803
            },
            "prepared_primitive_payload_used": true,
            "prepared_ray_batch_used": true,
            "prepared_reused": true,
            "prepared_run_index": 9,
            "prepared_scene_used": true,
            "primitive": "RAY_TRIANGLE_PRIMITIVE_GROUPED_I64_REDUCTION_3D",
            "primitive_payload_prepare_is_hot_path": false,
            "python_ray_object_boundary_in_hot_path": false,
            "ray_count": 131072,
            "reduction": "sum_count",
            "release_claim_authorized": false,
            "row_arrays_materialized": false,
            "rows_materialized": false,
            "rt_core_accelerated": true,
            "tier3_callback_claim_authorized": false,
            "transfer_metadata": {
              "backend": "optix",
              "direct_device_handoff_authorized": true,
              "direct_device_pointer_observed": true,
              "group_rows_downloaded_to_host": false,
              "grouped_host_ray_id_contract_available": false,
              "host_ray_ids_available": false,
              "native_direct_device_output_columns": true,
              "partner_phase_timings_s": {
                "descriptor_validation_s": 0.0002513900399208069
              },
              "partner_tensor_handoff_authorized": true,
              "per_ray_records_downloaded_to_host": false,
              "prepared_primitive_payload_on_device": true,
              "prepared_rays_resident_on_device": true,
              "primitive_group_ids_uploaded_each_run": false,
              "primitive_values_uploaded_each_run": false,
              "query_rays_packed_on_device_once": true,
              "query_rays_uploaded_each_run": false,
              "ray_batch_created_from": "partner_device_columns",
              "ray_columns_partner_owned": true,
              "ray_columns_true_zero_copy_authorized": false,
              "ray_count": 131072,
              "ray_id_host_bookkeeping_downloaded": false,
              "rt_core_speedup_claim_authorized": false,
              "source_devices": [
                "cuda:0"
              ],
              "source_protocols": [
                "torch"
              ],
              "static_scene_prepared_on_device": true,
              "transfer_mode": "device_ray3d_columns_gpu_pack",
              "true_zero_copy_authorized": false
            },
            "triangle_count": 131072,
            "v4_api_surface": "v4_ray_triangle_primitive_grouped_i64_reduction_3d_device_arrays",
            "validated_driver": "570.195.03",
            "validated_gpu_family": "RTX A5000 / Ampere",
            "validated_optix_abi": "8.0",
            "validated_partner_scope": "torch 2.8.0+cu128",
            "whole_app_speedup_claim_authorized": false
          },
          "min_s": 0.00026055052876472473,
          "output_contract": "caller_owned_torch_device_grouped_i64_columns",
          "tier": "tier2_generic_fused_rt_primitive_device_array_frontdoor_candidate",
          "timings_s": [
            0.0002756454050540924,
            0.00027501583099365234,
            0.00026848912239074707,
            0.00026373565196990967,
            0.00026055052876472473,
            0.000261455774307251,
            0.00026185810565948486
          ]
        },
        "legacy_host_output": {
          "generic_primitive": "RAY_TRIANGLE_PRIMITIVE_GROUPED_I64_REDUCTION_3D",
          "host_materialization_in_hot_path": true,
          "max_s": 0.005926873534917831,
          "median_s": 0.004856031388044357,
          "metadata": {
            "backend": "optix",
            "claim_boundary": {
              "native_app_api": false,
              "public_speedup_claim": false,
              "row_witnesses": false,
              "true_zero_copy": false
            },
            "group_count": 8192,
            "hit_event_count_before_dedup": 131072,
            "native_symbol": "rtdl_optix_static_triangle_scene_3d_ray_batch_prepared_primitive_grouped_i64_reduction",
            "phase_timing_seconds": {
              "prepare_build": 0.001963019371032715,
              "prepared_ray_batch_prepare": 0.0004596598446369171,
              "primitive_payload_prepare": 0.0007087960839271545,
              "query_pack": 0.0,
              "traversal": 0.000365389
            },
            "prepared_primitive_payload_used": true,
            "prepared_ray_batch_used": true,
            "prepared_reused": true,
            "prepared_run_index": 18,
            "prepared_scene_used": true,
            "primitive": "RAY_TRIANGLE_PRIMITIVE_GROUPED_I64_REDUCTION_3D",
            "ray_count": 131072,
            "reduction": "sum_count",
            "row_count": 8192,
            "row_sample": [
              {
                "count": 16,
                "group_id": 0,
                "sum": 136
              },
              {
                "count": 16,
                "group_id": 1,
                "sum": 392
              },
              {
                "count": 16,
                "group_id": 2,
                "sum": 648
              },
              {
                "count": 16,
                "group_id": 3,
                "sum": 904
              },
              {
                "count": 16,
                "group_id": 4,
                "sum": 1160
              },
              {
                "count": 16,
                "group_id": 5,
                "sum": 1416
              },
              {
                "count": 16,
                "group_id": 6,
                "sum": 1672
              },
              {
                "count": 16,
                "group_id": 7,
                "sum": 1928
              }
            ],
            "rt_core_accelerated": true,
            "transfer_metadata": {
              "backend": "optix",
              "direct_device_handoff_authorized": true,
              "direct_device_pointer_observed": true,
              "group_rows_downloaded_to_host": true,
              "grouped_host_ray_id_contract_available": false,
              "host_ray_ids_available": false,
              "partner_phase_timings_s": {
                "descriptor_validation_s": 0.0002513900399208069
              },
              "partner_tensor_handoff_authorized": true,
              "per_ray_records_downloaded_to_host": false,
              "prepared_primitive_payload_on_device": true,
              "prepared_rays_resident_on_device": true,
              "primitive_group_ids_uploaded_each_run": false,
              "primitive_values_uploaded_each_run": false,
              "query_rays_packed_on_device_once": true,
              "query_rays_uploaded_each_run": false,
              "ray_batch_created_from": "partner_device_columns",
              "ray_columns_partner_owned": true,
              "ray_columns_true_zero_copy_authorized": false,
              "ray_count": 131072,
              "ray_id_host_bookkeeping_downloaded": false,
              "rt_core_speedup_claim_authorized": false,
              "source_devices": [
                "cuda:0"
              ],
              "source_protocols": [
                "torch"
              ],
              "static_scene_prepared_on_device": true,
              "transfer_mode": "device_ray3d_columns_gpu_pack",
              "true_zero_copy_authorized": false
            },
            "triangle_count": 131072
          },
          "min_s": 0.004220660775899887,
          "tier": "prepared_native_route_with_host_grouped_result_output",
          "timings_s": [
            0.004220660775899887,
            0.005926873534917831,
            0.005181837826967239,
            0.004856031388044357,
            0.004833858460187912,
            0.004823580384254456,
            0.004867572337388992
          ]
        }
      },
      "triangle_count": 131072
    }
  ],
  "started_utc": "2026-06-25T07:33:08Z",
  "surface": "v4_ray_triangle_primitive_grouped_i64_reduction_3d_device_arrays",
  "surface_status": "measured_on_v4_goal4617_pod_optix8",
  "validated_gpu_family": "RTX A5000 / Ampere",
  "validated_optix_abi": "8.0",
  "validated_partner_scope": "torch 2.8.0+cu128"
}
[goal4639] done rc=0 elapsed_s=4.227
[goal4639] start: /usr/bin/python3 scripts/v4_primitive_grouped_i64_device_outputs_validation.py --ray-counts 32768,131072 --group-width 256 --repeat 7 --warmup 2 --progress --json-out future/v4/evidence/v4_goal4639_release_scorecard_pod_gate_2026-06-25/primitive_grouped_i64_width256.json
[warmup] ray_count=32768 route=device_output 1/2
[warmup] ray_count=32768 route=device_output 2/2
[repeat-start] ray_count=32768 route=device_output 1/7
[repeat-done] ray_count=32768 route=device_output 1/7 elapsed_s=0.000222
[repeat-start] ray_count=32768 route=device_output 2/7
[repeat-done] ray_count=32768 route=device_output 2/7 elapsed_s=0.000214
[repeat-start] ray_count=32768 route=device_output 3/7
[repeat-done] ray_count=32768 route=device_output 3/7 elapsed_s=0.000198
[repeat-start] ray_count=32768 route=device_output 4/7
[repeat-done] ray_count=32768 route=device_output 4/7 elapsed_s=0.000188
[repeat-start] ray_count=32768 route=device_output 5/7
[repeat-done] ray_count=32768 route=device_output 5/7 elapsed_s=0.000192
[repeat-start] ray_count=32768 route=device_output 6/7
[repeat-done] ray_count=32768 route=device_output 6/7 elapsed_s=0.000182
[repeat-start] ray_count=32768 route=device_output 7/7
[repeat-done] ray_count=32768 route=device_output 7/7 elapsed_s=0.000191
[warmup] ray_count=32768 route=legacy_host_output 1/2
[warmup] ray_count=32768 route=legacy_host_output 2/2
[repeat-start] ray_count=32768 route=legacy_host_output 1/7
[repeat-done] ray_count=32768 route=legacy_host_output 1/7 elapsed_s=0.000250
[repeat-start] ray_count=32768 route=legacy_host_output 2/7
[repeat-done] ray_count=32768 route=legacy_host_output 2/7 elapsed_s=0.000277
[repeat-start] ray_count=32768 route=legacy_host_output 3/7
[repeat-done] ray_count=32768 route=legacy_host_output 3/7 elapsed_s=0.000259
[repeat-start] ray_count=32768 route=legacy_host_output 4/7
[repeat-done] ray_count=32768 route=legacy_host_output 4/7 elapsed_s=0.000252
[repeat-start] ray_count=32768 route=legacy_host_output 5/7
[repeat-done] ray_count=32768 route=legacy_host_output 5/7 elapsed_s=0.000265
[repeat-start] ray_count=32768 route=legacy_host_output 6/7
[repeat-done] ray_count=32768 route=legacy_host_output 6/7 elapsed_s=0.000271
[repeat-start] ray_count=32768 route=legacy_host_output 7/7
[repeat-done] ray_count=32768 route=legacy_host_output 7/7 elapsed_s=0.000267
[warmup] ray_count=131072 route=device_output 1/2
[warmup] ray_count=131072 route=device_output 2/2
[repeat-start] ray_count=131072 route=device_output 1/7
[repeat-done] ray_count=131072 route=device_output 1/7 elapsed_s=0.000353
[repeat-start] ray_count=131072 route=device_output 2/7
[repeat-done] ray_count=131072 route=device_output 2/7 elapsed_s=0.000349
[repeat-start] ray_count=131072 route=device_output 3/7
[repeat-done] ray_count=131072 route=device_output 3/7 elapsed_s=0.000327
[repeat-start] ray_count=131072 route=device_output 4/7
[repeat-done] ray_count=131072 route=device_output 4/7 elapsed_s=0.000319
[repeat-start] ray_count=131072 route=device_output 5/7
[repeat-done] ray_count=131072 route=device_output 5/7 elapsed_s=0.000314
[repeat-start] ray_count=131072 route=device_output 6/7
[repeat-done] ray_count=131072 route=device_output 6/7 elapsed_s=0.000313
[repeat-start] ray_count=131072 route=device_output 7/7
[repeat-done] ray_count=131072 route=device_output 7/7 elapsed_s=0.000315
[warmup] ray_count=131072 route=legacy_host_output 1/2
[warmup] ray_count=131072 route=legacy_host_output 2/2
[repeat-start] ray_count=131072 route=legacy_host_output 1/7
[repeat-done] ray_count=131072 route=legacy_host_output 1/7 elapsed_s=0.000672
[repeat-start] ray_count=131072 route=legacy_host_output 2/7
[repeat-done] ray_count=131072 route=legacy_host_output 2/7 elapsed_s=0.000840
[repeat-start] ray_count=131072 route=legacy_host_output 3/7
[repeat-done] ray_count=131072 route=legacy_host_output 3/7 elapsed_s=0.000749
[repeat-start] ray_count=131072 route=legacy_host_output 4/7
[repeat-done] ray_count=131072 route=legacy_host_output 4/7 elapsed_s=0.000724
[repeat-start] ray_count=131072 route=legacy_host_output 5/7
[repeat-done] ray_count=131072 route=legacy_host_output 5/7 elapsed_s=0.000730
[repeat-start] ray_count=131072 route=legacy_host_output 6/7
[repeat-done] ray_count=131072 route=legacy_host_output 6/7 elapsed_s=0.000713
[repeat-start] ray_count=131072 route=legacy_host_output 7/7
[repeat-done] ray_count=131072 route=legacy_host_output 7/7 elapsed_s=0.000706
{
  "authorization": {
    "broad_v4_speedup_claim_authorized": false,
    "release_claim_authorized": false,
    "rt_core_pod_performance_claim_authorized": false,
    "tier3_callback_claim_authorized": false,
    "whole_app_speedup_claim_authorized": false
  },
  "completed_utc": "2026-06-25T07:33:13Z",
  "gate": "v4_primitive_grouped_i64_device_outputs_measured_gate",
  "optix_9_1_validated": false,
  "parameters": {
    "group_width": 256,
    "ray_counts": [
      32768,
      131072
    ],
    "repeat": 7,
    "warmup": 2
  },
  "passed": true,
  "platform": {
    "cuda_available": true,
    "cuda_device_name": "NVIDIA RTX A5000",
    "hostname": "0256b71980f1",
    "python": "3.12.3 (main, Aug 14 2025, 17:47:21) [GCC 13.3.0]",
    "torch": "2.8.0+cu128"
  },
  "results": [
    {
      "comparison": {
        "interpretation": "candidate gate only; this same-contract comparison does not authorize V4 public performance claims, whole-app claims, or release promotion",
        "legacy_host_output_over_device_output_median_speedup": 1.3836199358787526,
        "speedup_claim_authorized": false
      },
      "group_count": 128,
      "group_width": 256,
      "parity_by_reduction": {
        "max": {
          "device_hit_event_count_before_dedup": 32768,
          "fields": {
            "maxs": {
              "device_matches_analytic_fixture": true,
              "device_matches_legacy_host_output": true
            }
          },
          "legacy_hit_event_count_before_dedup": 32768,
          "metadata": {
            "adapter": "v4_ray_triangle_primitive_grouped_i64_reduction_3d_device_arrays",
            "backend": "optix",
            "broad_v4_speedup_claim_authorized": false,
            "claim_boundary": {
              "native_app_api": false,
              "public_speedup_claim": false,
              "result_materialization_in_measured_window": false,
              "row_witnesses": false,
              "true_zero_copy": false
            },
            "contract": "PREPARED_TRIANGLE_SCENE_3D_PREPARED_RAY_BATCH_PREPARED_PRIMITIVE_GROUPED_I64_REDUCTION_DEVICE_OUTPUTS_V1",
            "generic_primitive": "RAY_TRIANGLE_PRIMITIVE_GROUPED_I64_REDUCTION_3D",
            "group_count": 128,
            "group_rows_downloaded_to_host": false,
            "group_rows_downloaded_to_host_in_hot_path": false,
            "hit_event_count_before_dedup": 32768,
            "host_materialization_in_hot_path": false,
            "input_contract": "caller_supplied_torch_device_ray_triangle_columns_prepared_primitive_payload",
            "measured_partner": true,
            "measured_partners": [
              "torch"
            ],
            "native_direct_device_output_columns": true,
            "native_prepared_route": "ray_batch_prepared_primitive_grouped_i64_reduction_device_outputs",
            "native_symbol": "rtdl_optix_static_triangle_scene_3d_ray_batch_prepared_primitive_grouped_i64_reduction_device_outputs",
            "optix_9_1_validated": false,
            "output_columns_partner_owned": true,
            "output_contract": "caller_supplied_or_allocated_torch_device_grouped_i64_columns",
            "output_source_devices": [
              "cuda:0"
            ],
            "partner": "torch",
            "partner_claim_status": "measured_on_v4_goal4617_pod_optix8",
            "partner_support_declared_unmeasured": [
              "cupy"
            ],
            "phase_timing_seconds": {
              "device_execution_host_observed": 0.00014312565326690674,
              "prepare_build": 0.2454625442624092,
              "prepared_ray_batch_prepare": 0.002047814428806305,
              "primitive_payload_prepare": 0.0003421977162361145,
              "query_pack": 0.0,
              "traversal_grouped_i64_reduction_and_direct_device_output_write": 7.7749e-05
            },
            "prepared_primitive_payload_used": true,
            "prepared_ray_batch_used": true,
            "prepared_reused": true,
            "prepared_run_index": 24,
            "prepared_scene_used": true,
            "primitive": "RAY_TRIANGLE_PRIMITIVE_GROUPED_I64_REDUCTION_3D",
            "primitive_payload_prepare_is_hot_path": false,
            "python_ray_object_boundary_in_hot_path": false,
            "ray_count": 32768,
            "reduction": "max",
            "release_claim_authorized": false,
            "row_arrays_materialized": false,
            "rows_materialized": false,
            "rt_core_accelerated": true,
            "tier3_callback_claim_authorized": false,
            "transfer_metadata": {
              "backend": "optix",
              "direct_device_handoff_authorized": true,
              "direct_device_pointer_observed": true,
              "group_rows_downloaded_to_host": false,
              "grouped_host_ray_id_contract_available": false,
              "host_ray_ids_available": false,
              "native_direct_device_output_columns": true,
              "partner_phase_timings_s": {
                "descriptor_validation_s": 0.0003508850932121277
              },
              "partner_tensor_handoff_authorized": true,
              "per_ray_records_downloaded_to_host": false,
              "prepared_primitive_payload_on_device": true,
              "prepared_rays_resident_on_device": true,
              "primitive_group_ids_uploaded_each_run": false,
              "primitive_values_uploaded_each_run": false,
              "query_rays_packed_on_device_once": true,
              "query_rays_uploaded_each_run": false,
              "ray_batch_created_from": "partner_device_columns",
              "ray_columns_partner_owned": true,
              "ray_columns_true_zero_copy_authorized": false,
              "ray_count": 32768,
              "ray_id_host_bookkeeping_downloaded": false,
              "rt_core_speedup_claim_authorized": false,
              "source_devices": [
                "cuda:0"
              ],
              "source_protocols": [
                "torch"
              ],
              "static_scene_prepared_on_device": true,
              "transfer_mode": "device_ray3d_columns_gpu_pack",
              "true_zero_copy_authorized": false
            },
            "triangle_count": 32768,
            "v4_api_surface": "v4_ray_triangle_primitive_grouped_i64_reduction_3d_device_arrays",
            "validated_driver": "570.195.03",
            "validated_gpu_family": "RTX A5000 / Ampere",
            "validated_optix_abi": "8.0",
            "validated_partner_scope": "torch 2.8.0+cu128",
            "whole_app_speedup_claim_authorized": false
          },
          "mismatch_samples": {},
          "parity_passed": true
        },
        "min": {
          "device_hit_event_count_before_dedup": 32768,
          "fields": {
            "mins": {
              "device_matches_analytic_fixture": true,
              "device_matches_legacy_host_output": true
            }
          },
          "legacy_hit_event_count_before_dedup": 32768,
          "metadata": {
            "adapter": "v4_ray_triangle_primitive_grouped_i64_reduction_3d_device_arrays",
            "backend": "optix",
            "broad_v4_speedup_claim_authorized": false,
            "claim_boundary": {
              "native_app_api": false,
              "public_speedup_claim": false,
              "result_materialization_in_measured_window": false,
              "row_witnesses": false,
              "true_zero_copy": false
            },
            "contract": "PREPARED_TRIANGLE_SCENE_3D_PREPARED_RAY_BATCH_PREPARED_PRIMITIVE_GROUPED_I64_REDUCTION_DEVICE_OUTPUTS_V1",
            "generic_primitive": "RAY_TRIANGLE_PRIMITIVE_GROUPED_I64_REDUCTION_3D",
            "group_count": 128,
            "group_rows_downloaded_to_host": false,
            "group_rows_downloaded_to_host_in_hot_path": false,
            "hit_event_count_before_dedup": 32768,
            "host_materialization_in_hot_path": false,
            "input_contract": "caller_supplied_torch_device_ray_triangle_columns_prepared_primitive_payload",
            "measured_partner": true,
            "measured_partners": [
              "torch"
            ],
            "native_direct_device_output_columns": true,
            "native_prepared_route": "ray_batch_prepared_primitive_grouped_i64_reduction_device_outputs",
            "native_symbol": "rtdl_optix_static_triangle_scene_3d_ray_batch_prepared_primitive_grouped_i64_reduction_device_outputs",
            "optix_9_1_validated": false,
            "output_columns_partner_owned": true,
            "output_contract": "caller_supplied_or_allocated_torch_device_grouped_i64_columns",
            "output_source_devices": [
              "cuda:0"
            ],
            "partner": "torch",
            "partner_claim_status": "measured_on_v4_goal4617_pod_optix8",
            "partner_support_declared_unmeasured": [
              "cupy"
            ],
            "phase_timing_seconds": {
              "device_execution_host_observed": 0.00014628469944000244,
              "prepare_build": 0.2454625442624092,
              "prepared_ray_batch_prepare": 0.002047814428806305,
              "primitive_payload_prepare": 0.0003421977162361145,
              "query_pack": 0.0,
              "traversal_grouped_i64_reduction_and_direct_device_output_write": 7.8133e-05
            },
            "prepared_primitive_payload_used": true,
            "prepared_ray_batch_used": true,
            "prepared_reused": true,
            "prepared_run_index": 22,
            "prepared_scene_used": true,
            "primitive": "RAY_TRIANGLE_PRIMITIVE_GROUPED_I64_REDUCTION_3D",
            "primitive_payload_prepare_is_hot_path": false,
            "python_ray_object_boundary_in_hot_path": false,
            "ray_count": 32768,
            "reduction": "min",
            "release_claim_authorized": false,
            "row_arrays_materialized": false,
            "rows_materialized": false,
            "rt_core_accelerated": true,
            "tier3_callback_claim_authorized": false,
            "transfer_metadata": {
              "backend": "optix",
              "direct_device_handoff_authorized": true,
              "direct_device_pointer_observed": true,
              "group_rows_downloaded_to_host": false,
              "grouped_host_ray_id_contract_available": false,
              "host_ray_ids_available": false,
              "native_direct_device_output_columns": true,
              "partner_phase_timings_s": {
                "descriptor_validation_s": 0.0003508850932121277
              },
              "partner_tensor_handoff_authorized": true,
              "per_ray_records_downloaded_to_host": false,
              "prepared_primitive_payload_on_device": true,
              "prepared_rays_resident_on_device": true,
              "primitive_group_ids_uploaded_each_run": false,
              "primitive_values_uploaded_each_run": false,
              "query_rays_packed_on_device_once": true,
              "query_rays_uploaded_each_run": false,
              "ray_batch_created_from": "partner_device_columns",
              "ray_columns_partner_owned": true,
              "ray_columns_true_zero_copy_authorized": false,
              "ray_count": 32768,
              "ray_id_host_bookkeeping_downloaded": false,
              "rt_core_speedup_claim_authorized": false,
              "source_devices": [
                "cuda:0"
              ],
              "source_protocols": [
                "torch"
              ],
              "static_scene_prepared_on_device": true,
              "transfer_mode": "device_ray3d_columns_gpu_pack",
              "true_zero_copy_authorized": false
            },
            "triangle_count": 32768,
            "v4_api_surface": "v4_ray_triangle_primitive_grouped_i64_reduction_3d_device_arrays",
            "validated_driver": "570.195.03",
            "validated_gpu_family": "RTX A5000 / Ampere",
            "validated_optix_abi": "8.0",
            "validated_partner_scope": "torch 2.8.0+cu128",
            "whole_app_speedup_claim_authorized": false
          },
          "mismatch_samples": {},
          "parity_passed": true
        },
        "sum_count": {
          "device_hit_event_count_before_dedup": 32768,
          "fields": {
            "counts": {
              "device_matches_analytic_fixture": true,
              "device_matches_legacy_host_output": true
            },
            "sums": {
              "device_matches_analytic_fixture": true,
              "device_matches_legacy_host_output": true
            }
          },
          "legacy_hit_event_count_before_dedup": 32768,
          "metadata": {
            "adapter": "v4_ray_triangle_primitive_grouped_i64_reduction_3d_device_arrays",
            "backend": "optix",
            "broad_v4_speedup_claim_authorized": false,
            "claim_boundary": {
              "native_app_api": false,
              "public_speedup_claim": false,
              "result_materialization_in_measured_window": false,
              "row_witnesses": false,
              "true_zero_copy": false
            },
            "contract": "PREPARED_TRIANGLE_SCENE_3D_PREPARED_RAY_BATCH_PREPARED_PRIMITIVE_GROUPED_I64_REDUCTION_DEVICE_OUTPUTS_V1",
            "generic_primitive": "RAY_TRIANGLE_PRIMITIVE_GROUPED_I64_REDUCTION_3D",
            "group_count": 128,
            "group_rows_downloaded_to_host": false,
            "group_rows_downloaded_to_host_in_hot_path": false,
            "hit_event_count_before_dedup": 32768,
            "host_materialization_in_hot_path": false,
            "input_contract": "caller_supplied_torch_device_ray_triangle_columns_prepared_primitive_payload",
            "measured_partner": true,
            "measured_partners": [
              "torch"
            ],
            "native_direct_device_output_columns": true,
            "native_prepared_route": "ray_batch_prepared_primitive_grouped_i64_reduction_device_outputs",
            "native_symbol": "rtdl_optix_static_triangle_scene_3d_ray_batch_prepared_primitive_grouped_i64_reduction_device_outputs",
            "optix_9_1_validated": false,
            "output_columns_partner_owned": true,
            "output_contract": "caller_supplied_or_allocated_torch_device_grouped_i64_columns",
            "output_source_devices": [
              "cuda:0"
            ],
            "partner": "torch",
            "partner_claim_status": "measured_on_v4_goal4617_pod_optix8",
            "partner_support_declared_unmeasured": [
              "cupy"
            ],
            "phase_timing_seconds": {
              "device_execution_host_observed": 0.00015301629900932312,
              "prepare_build": 0.2454625442624092,
              "prepared_ray_batch_prepare": 0.002047814428806305,
              "primitive_payload_prepare": 0.0003421977162361145,
              "query_pack": 0.0,
              "traversal_grouped_i64_reduction_and_direct_device_output_write": 8.0229e-05
            },
            "prepared_primitive_payload_used": true,
            "prepared_ray_batch_used": true,
            "prepared_reused": true,
            "prepared_run_index": 20,
            "prepared_scene_used": true,
            "primitive": "RAY_TRIANGLE_PRIMITIVE_GROUPED_I64_REDUCTION_3D",
            "primitive_payload_prepare_is_hot_path": false,
            "python_ray_object_boundary_in_hot_path": false,
            "ray_count": 32768,
            "reduction": "sum_count",
            "release_claim_authorized": false,
            "row_arrays_materialized": false,
            "rows_materialized": false,
            "rt_core_accelerated": true,
            "tier3_callback_claim_authorized": false,
            "transfer_metadata": {
              "backend": "optix",
              "direct_device_handoff_authorized": true,
              "direct_device_pointer_observed": true,
              "group_rows_downloaded_to_host": false,
              "grouped_host_ray_id_contract_available": false,
              "host_ray_ids_available": false,
              "native_direct_device_output_columns": true,
              "partner_phase_timings_s": {
                "descriptor_validation_s": 0.0003508850932121277
              },
              "partner_tensor_handoff_authorized": true,
              "per_ray_records_downloaded_to_host": false,
              "prepared_primitive_payload_on_device": true,
              "prepared_rays_resident_on_device": true,
              "primitive_group_ids_uploaded_each_run": false,
              "primitive_values_uploaded_each_run": false,
              "query_rays_packed_on_device_once": true,
              "query_rays_uploaded_each_run": false,
              "ray_batch_created_from": "partner_device_columns",
              "ray_columns_partner_owned": true,
              "ray_columns_true_zero_copy_authorized": false,
              "ray_count": 32768,
              "ray_id_host_bookkeeping_downloaded": false,
              "rt_core_speedup_claim_authorized": false,
              "source_devices": [
                "cuda:0"
              ],
              "source_protocols": [
                "torch"
              ],
              "static_scene_prepared_on_device": true,
              "transfer_mode": "device_ray3d_columns_gpu_pack",
              "true_zero_copy_authorized": false
            },
            "triangle_count": 32768,
            "v4_api_surface": "v4_ray_triangle_primitive_grouped_i64_reduction_3d_device_arrays",
            "validated_driver": "570.195.03",
            "validated_gpu_family": "RTX A5000 / Ampere",
            "validated_optix_abi": "8.0",
            "validated_partner_scope": "torch 2.8.0+cu128",
            "whole_app_speedup_claim_authorized": false
          },
          "mismatch_samples": {},
          "parity_passed": true
        }
      },
      "parity_passed": true,
      "prepare_seconds": 0.25708766654133797,
      "ray_count": 32768,
      "routes": {
        "device_output_frontdoor": {
          "generic_primitive": "RAY_TRIANGLE_PRIMITIVE_GROUPED_I64_REDUCTION_3D",
          "group_rows_downloaded_to_host_in_hot_path": false,
          "host_materialization_in_hot_path": false,
          "input_contract": "caller_supplied_torch_device_triangle_and_ray_columns_prepared_primitive_payload",
          "max_s": 0.0002217814326286316,
          "median_s": 0.0001917220652103424,
          "metadata": {
            "adapter": "v4_ray_triangle_primitive_grouped_i64_reduction_3d_device_arrays",
            "backend": "optix",
            "broad_v4_speedup_claim_authorized": false,
            "claim_boundary": {
              "native_app_api": false,
              "public_speedup_claim": false,
              "result_materialization_in_measured_window": false,
              "row_witnesses": false,
              "true_zero_copy": false
            },
            "contract": "PREPARED_TRIANGLE_SCENE_3D_PREPARED_RAY_BATCH_PREPARED_PRIMITIVE_GROUPED_I64_REDUCTION_DEVICE_OUTPUTS_V1",
            "generic_primitive": "RAY_TRIANGLE_PRIMITIVE_GROUPED_I64_REDUCTION_3D",
            "group_count": 128,
            "group_rows_downloaded_to_host": false,
            "group_rows_downloaded_to_host_in_hot_path": false,
            "hit_event_count_before_dedup": 32768,
            "host_materialization_in_hot_path": false,
            "input_contract": "caller_supplied_torch_device_ray_triangle_columns_prepared_primitive_payload",
            "measured_partner": true,
            "measured_partners": [
              "torch"
            ],
            "native_direct_device_output_columns": true,
            "native_prepared_route": "ray_batch_prepared_primitive_grouped_i64_reduction_device_outputs",
            "native_symbol": "rtdl_optix_static_triangle_scene_3d_ray_batch_prepared_primitive_grouped_i64_reduction_device_outputs",
            "optix_9_1_validated": false,
            "output_columns_partner_owned": true,
            "output_contract": "caller_supplied_or_allocated_torch_device_grouped_i64_columns",
            "output_source_devices": [
              "cuda:0"
            ],
            "partner": "torch",
            "partner_claim_status": "measured_on_v4_goal4617_pod_optix8",
            "partner_support_declared_unmeasured": [
              "cupy"
            ],
            "phase_timing_seconds": {
              "device_execution_host_observed": 0.0001256018877029419,
              "prepare_build": 0.2454625442624092,
              "prepared_ray_batch_prepare": 0.002047814428806305,
              "primitive_payload_prepare": 0.0003421977162361145,
              "query_pack": 0.0,
              "traversal_grouped_i64_reduction_and_direct_device_output_write": 7.5339e-05
            },
            "prepared_primitive_payload_used": true,
            "prepared_ray_batch_used": true,
            "prepared_reused": true,
            "prepared_run_index": 9,
            "prepared_scene_used": true,
            "primitive": "RAY_TRIANGLE_PRIMITIVE_GROUPED_I64_REDUCTION_3D",
            "primitive_payload_prepare_is_hot_path": false,
            "python_ray_object_boundary_in_hot_path": false,
            "ray_count": 32768,
            "reduction": "sum_count",
            "release_claim_authorized": false,
            "row_arrays_materialized": false,
            "rows_materialized": false,
            "rt_core_accelerated": true,
            "tier3_callback_claim_authorized": false,
            "transfer_metadata": {
              "backend": "optix",
              "direct_device_handoff_authorized": true,
              "direct_device_pointer_observed": true,
              "group_rows_downloaded_to_host": false,
              "grouped_host_ray_id_contract_available": false,
              "host_ray_ids_available": false,
              "native_direct_device_output_columns": true,
              "partner_phase_timings_s": {
                "descriptor_validation_s": 0.0003508850932121277
              },
              "partner_tensor_handoff_authorized": true,
              "per_ray_records_downloaded_to_host": false,
              "prepared_primitive_payload_on_device": true,
              "prepared_rays_resident_on_device": true,
              "primitive_group_ids_uploaded_each_run": false,
              "primitive_values_uploaded_each_run": false,
              "query_rays_packed_on_device_once": true,
              "query_rays_uploaded_each_run": false,
              "ray_batch_created_from": "partner_device_columns",
              "ray_columns_partner_owned": true,
              "ray_columns_true_zero_copy_authorized": false,
              "ray_count": 32768,
              "ray_id_host_bookkeeping_downloaded": false,
              "rt_core_speedup_claim_authorized": false,
              "source_devices": [
                "cuda:0"
              ],
              "source_protocols": [
                "torch"
              ],
              "static_scene_prepared_on_device": true,
              "transfer_mode": "device_ray3d_columns_gpu_pack",
              "true_zero_copy_authorized": false
            },
            "triangle_count": 32768,
            "v4_api_surface": "v4_ray_triangle_primitive_grouped_i64_reduction_3d_device_arrays",
            "validated_driver": "570.195.03",
            "validated_gpu_family": "RTX A5000 / Ampere",
            "validated_optix_abi": "8.0",
            "validated_partner_scope": "torch 2.8.0+cu128",
            "whole_app_speedup_claim_authorized": false
          },
          "min_s": 0.0001820772886276245,
          "output_contract": "caller_owned_torch_device_grouped_i64_columns",
          "tier": "tier2_generic_fused_rt_primitive_device_array_frontdoor_candidate",
          "timings_s": [
            0.0002217814326286316,
            0.00021375343203544617,
            0.00019785016775131226,
            0.00018764659762382507,
            0.0001917220652103424,
            0.0001820772886276245,
            0.00019086897373199463
          ]
        },
        "legacy_host_output": {
          "generic_primitive": "RAY_TRIANGLE_PRIMITIVE_GROUPED_I64_REDUCTION_3D",
          "host_materialization_in_hot_path": true,
          "max_s": 0.0002766810357570648,
          "median_s": 0.000265270471572876,
          "metadata": {
            "backend": "optix",
            "claim_boundary": {
              "native_app_api": false,
              "public_speedup_claim": false,
              "row_witnesses": false,
              "true_zero_copy": false
            },
            "group_count": 128,
            "hit_event_count_before_dedup": 32768,
            "native_symbol": "rtdl_optix_static_triangle_scene_3d_ray_batch_prepared_primitive_grouped_i64_reduction",
            "phase_timing_seconds": {
              "prepare_build": 0.2454625442624092,
              "prepared_ray_batch_prepare": 0.002047814428806305,
              "primitive_payload_prepare": 0.0003421977162361145,
              "query_pack": 0.0,
              "traversal": 0.00011071
            },
            "prepared_primitive_payload_used": true,
            "prepared_ray_batch_used": true,
            "prepared_reused": true,
            "prepared_run_index": 18,
            "prepared_scene_used": true,
            "primitive": "RAY_TRIANGLE_PRIMITIVE_GROUPED_I64_REDUCTION_3D",
            "ray_count": 32768,
            "reduction": "sum_count",
            "row_count": 128,
            "row_sample": [
              {
                "count": 256,
                "group_id": 0,
                "sum": 32896
              },
              {
                "count": 256,
                "group_id": 1,
                "sum": 98432
              },
              {
                "count": 256,
                "group_id": 2,
                "sum": 163968
              },
              {
                "count": 256,
                "group_id": 3,
                "sum": 229504
              },
              {
                "count": 256,
                "group_id": 4,
                "sum": 295040
              },
              {
                "count": 256,
                "group_id": 5,
                "sum": 360576
              },
              {
                "count": 256,
                "group_id": 6,
                "sum": 426112
              },
              {
                "count": 256,
                "group_id": 7,
                "sum": 491648
              }
            ],
            "rt_core_accelerated": true,
            "transfer_metadata": {
              "backend": "optix",
              "direct_device_handoff_authorized": true,
              "direct_device_pointer_observed": true,
              "group_rows_downloaded_to_host": true,
              "grouped_host_ray_id_contract_available": false,
              "host_ray_ids_available": false,
              "partner_phase_timings_s": {
                "descriptor_validation_s": 0.0003508850932121277
              },
              "partner_tensor_handoff_authorized": true,
              "per_ray_records_downloaded_to_host": false,
              "prepared_primitive_payload_on_device": true,
              "prepared_rays_resident_on_device": true,
              "primitive_group_ids_uploaded_each_run": false,
              "primitive_values_uploaded_each_run": false,
              "query_rays_packed_on_device_once": true,
              "query_rays_uploaded_each_run": false,
              "ray_batch_created_from": "partner_device_columns",
              "ray_columns_partner_owned": true,
              "ray_columns_true_zero_copy_authorized": false,
              "ray_count": 32768,
              "ray_id_host_bookkeeping_downloaded": false,
              "rt_core_speedup_claim_authorized": false,
              "source_devices": [
                "cuda:0"
              ],
              "source_protocols": [
                "torch"
              ],
              "static_scene_prepared_on_device": true,
              "transfer_mode": "device_ray3d_columns_gpu_pack",
              "true_zero_copy_authorized": false
            },
            "triangle_count": 32768
          },
          "min_s": 0.0002504810690879822,
          "tier": "prepared_native_route_with_host_grouped_result_output",
          "timings_s": [
            0.0002504810690879822,
            0.0002766810357570648,
            0.0002587065100669861,
            0.00025166571140289307,
            0.000265270471572876,
            0.0002708509564399719,
            0.00026700645685195923
          ]
        }
      },
      "triangle_count": 32768
    },
    {
      "comparison": {
        "interpretation": "candidate gate only; this same-contract comparison does not authorize V4 public performance claims, whole-app claims, or release promotion",
        "legacy_host_output_over_device_output_median_speedup": 2.266097324793205,
        "speedup_claim_authorized": false
      },
      "group_count": 512,
      "group_width": 256,
      "parity_by_reduction": {
        "max": {
          "device_hit_event_count_before_dedup": 131072,
          "fields": {
            "maxs": {
              "device_matches_analytic_fixture": true,
              "device_matches_legacy_host_output": true
            }
          },
          "legacy_hit_event_count_before_dedup": 131072,
          "metadata": {
            "adapter": "v4_ray_triangle_primitive_grouped_i64_reduction_3d_device_arrays",
            "backend": "optix",
            "broad_v4_speedup_claim_authorized": false,
            "claim_boundary": {
              "native_app_api": false,
              "public_speedup_claim": false,
              "result_materialization_in_measured_window": false,
              "row_witnesses": false,
              "true_zero_copy": false
            },
            "contract": "PREPARED_TRIANGLE_SCENE_3D_PREPARED_RAY_BATCH_PREPARED_PRIMITIVE_GROUPED_I64_REDUCTION_DEVICE_OUTPUTS_V1",
            "generic_primitive": "RAY_TRIANGLE_PRIMITIVE_GROUPED_I64_REDUCTION_3D",
            "group_count": 512,
            "group_rows_downloaded_to_host": false,
            "group_rows_downloaded_to_host_in_hot_path": false,
            "hit_event_count_before_dedup": 131072,
            "host_materialization_in_hot_path": false,
            "input_contract": "caller_supplied_torch_device_ray_triangle_columns_prepared_primitive_payload",
            "measured_partner": true,
            "measured_partners": [
              "torch"
            ],
            "native_direct_device_output_columns": true,
            "native_prepared_route": "ray_batch_prepared_primitive_grouped_i64_reduction_device_outputs",
            "native_symbol": "rtdl_optix_static_triangle_scene_3d_ray_batch_prepared_primitive_grouped_i64_reduction_device_outputs",
            "optix_9_1_validated": false,
            "output_columns_partner_owned": true,
            "output_contract": "caller_supplied_or_allocated_torch_device_grouped_i64_columns",
            "output_source_devices": [
              "cuda:0"
            ],
            "partner": "torch",
            "partner_claim_status": "measured_on_v4_goal4617_pod_optix8",
            "partner_support_declared_unmeasured": [
              "cupy"
            ],
            "phase_timing_seconds": {
              "device_execution_host_observed": 0.000248979777097702,
              "prepare_build": 0.0020326003432273865,
              "prepared_ray_batch_prepare": 0.0005171969532966614,
              "primitive_payload_prepare": 0.0007890351116657257,
              "query_pack": 0.0,
              "traversal_grouped_i64_reduction_and_direct_device_output_write": 0.000154047
            },
            "prepared_primitive_payload_used": true,
            "prepared_ray_batch_used": true,
            "prepared_reused": true,
            "prepared_run_index": 24,
            "prepared_scene_used": true,
            "primitive": "RAY_TRIANGLE_PRIMITIVE_GROUPED_I64_REDUCTION_3D",
            "primitive_payload_prepare_is_hot_path": false,
            "python_ray_object_boundary_in_hot_path": false,
            "ray_count": 131072,
            "reduction": "max",
            "release_claim_authorized": false,
            "row_arrays_materialized": false,
            "rows_materialized": false,
            "rt_core_accelerated": true,
            "tier3_callback_claim_authorized": false,
            "transfer_metadata": {
              "backend": "optix",
              "direct_device_handoff_authorized": true,
              "direct_device_pointer_observed": true,
              "group_rows_downloaded_to_host": false,
              "grouped_host_ray_id_contract_available": false,
              "host_ray_ids_available": false,
              "native_direct_device_output_columns": true,
              "partner_phase_timings_s": {
                "descriptor_validation_s": 0.0003384016454219818
              },
              "partner_tensor_handoff_authorized": true,
              "per_ray_records_downloaded_to_host": false,
              "prepared_primitive_payload_on_device": true,
              "prepared_rays_resident_on_device": true,
              "primitive_group_ids_uploaded_each_run": false,
              "primitive_values_uploaded_each_run": false,
              "query_rays_packed_on_device_once": true,
              "query_rays_uploaded_each_run": false,
              "ray_batch_created_from": "partner_device_columns",
              "ray_columns_partner_owned": true,
              "ray_columns_true_zero_copy_authorized": false,
              "ray_count": 131072,
              "ray_id_host_bookkeeping_downloaded": false,
              "rt_core_speedup_claim_authorized": false,
              "source_devices": [
                "cuda:0"
              ],
              "source_protocols": [
                "torch"
              ],
              "static_scene_prepared_on_device": true,
              "transfer_mode": "device_ray3d_columns_gpu_pack",
              "true_zero_copy_authorized": false
            },
            "triangle_count": 131072,
            "v4_api_surface": "v4_ray_triangle_primitive_grouped_i64_reduction_3d_device_arrays",
            "validated_driver": "570.195.03",
            "validated_gpu_family": "RTX A5000 / Ampere",
            "validated_optix_abi": "8.0",
            "validated_partner_scope": "torch 2.8.0+cu128",
            "whole_app_speedup_claim_authorized": false
          },
          "mismatch_samples": {},
          "parity_passed": true
        },
        "min": {
          "device_hit_event_count_before_dedup": 131072,
          "fields": {
            "mins": {
              "device_matches_analytic_fixture": true,
              "device_matches_legacy_host_output": true
            }
          },
          "legacy_hit_event_count_before_dedup": 131072,
          "metadata": {
            "adapter": "v4_ray_triangle_primitive_grouped_i64_reduction_3d_device_arrays",
            "backend": "optix",
            "broad_v4_speedup_claim_authorized": false,
            "claim_boundary": {
              "native_app_api": false,
              "public_speedup_claim": false,
              "result_materialization_in_measured_window": false,
              "row_witnesses": false,
              "true_zero_copy": false
            },
            "contract": "PREPARED_TRIANGLE_SCENE_3D_PREPARED_RAY_BATCH_PREPARED_PRIMITIVE_GROUPED_I64_REDUCTION_DEVICE_OUTPUTS_V1",
            "generic_primitive": "RAY_TRIANGLE_PRIMITIVE_GROUPED_I64_REDUCTION_3D",
            "group_count": 512,
            "group_rows_downloaded_to_host": false,
            "group_rows_downloaded_to_host_in_hot_path": false,
            "hit_event_count_before_dedup": 131072,
            "host_materialization_in_hot_path": false,
            "input_contract": "caller_supplied_torch_device_ray_triangle_columns_prepared_primitive_payload",
            "measured_partner": true,
            "measured_partners": [
              "torch"
            ],
            "native_direct_device_output_columns": true,
            "native_prepared_route": "ray_batch_prepared_primitive_grouped_i64_reduction_device_outputs",
            "native_symbol": "rtdl_optix_static_triangle_scene_3d_ray_batch_prepared_primitive_grouped_i64_reduction_device_outputs",
            "optix_9_1_validated": false,
            "output_columns_partner_owned": true,
            "output_contract": "caller_supplied_or_allocated_torch_device_grouped_i64_columns",
            "output_source_devices": [
              "cuda:0"
            ],
            "partner": "torch",
            "partner_claim_status": "measured_on_v4_goal4617_pod_optix8",
            "partner_support_declared_unmeasured": [
              "cupy"
            ],
            "phase_timing_seconds": {
              "device_execution_host_observed": 0.00027482956647872925,
              "prepare_build": 0.0020326003432273865,
              "prepared_ray_batch_prepare": 0.0005171969532966614,
              "primitive_payload_prepare": 0.0007890351116657257,
              "query_pack": 0.0,
              "traversal_grouped_i64_reduction_and_direct_device_output_write": 0.000162452
            },
            "prepared_primitive_payload_used": true,
            "prepared_ray_batch_used": true,
            "prepared_reused": true,
            "prepared_run_index": 22,
            "prepared_scene_used": true,
            "primitive": "RAY_TRIANGLE_PRIMITIVE_GROUPED_I64_REDUCTION_3D",
            "primitive_payload_prepare_is_hot_path": false,
            "python_ray_object_boundary_in_hot_path": false,
            "ray_count": 131072,
            "reduction": "min",
            "release_claim_authorized": false,
            "row_arrays_materialized": false,
            "rows_materialized": false,
            "rt_core_accelerated": true,
            "tier3_callback_claim_authorized": false,
            "transfer_metadata": {
              "backend": "optix",
              "direct_device_handoff_authorized": true,
              "direct_device_pointer_observed": true,
              "group_rows_downloaded_to_host": false,
              "grouped_host_ray_id_contract_available": false,
              "host_ray_ids_available": false,
              "native_direct_device_output_columns": true,
              "partner_phase_timings_s": {
                "descriptor_validation_s": 0.0003384016454219818
              },
              "partner_tensor_handoff_authorized": true,
              "per_ray_records_downloaded_to_host": false,
              "prepared_primitive_payload_on_device": true,
              "prepared_rays_resident_on_device": true,
              "primitive_group_ids_uploaded_each_run": false,
              "primitive_values_uploaded_each_run": false,
              "query_rays_packed_on_device_once": true,
              "query_rays_uploaded_each_run": false,
              "ray_batch_created_from": "partner_device_columns",
              "ray_columns_partner_owned": true,
              "ray_columns_true_zero_copy_authorized": false,
              "ray_count": 131072,
              "ray_id_host_bookkeeping_downloaded": false,
              "rt_core_speedup_claim_authorized": false,
              "source_devices": [
                "cuda:0"
              ],
              "source_protocols": [
                "torch"
              ],
              "static_scene_prepared_on_device": true,
              "transfer_mode": "device_ray3d_columns_gpu_pack",
              "true_zero_copy_authorized": false
            },
            "triangle_count": 131072,
            "v4_api_surface": "v4_ray_triangle_primitive_grouped_i64_reduction_3d_device_arrays",
            "validated_driver": "570.195.03",
            "validated_gpu_family": "RTX A5000 / Ampere",
            "validated_optix_abi": "8.0",
            "validated_partner_scope": "torch 2.8.0+cu128",
            "whole_app_speedup_claim_authorized": false
          },
          "mismatch_samples": {},
          "parity_passed": true
        },
        "sum_count": {
          "device_hit_event_count_before_dedup": 131072,
          "fields": {
            "counts": {
              "device_matches_analytic_fixture": true,
              "device_matches_legacy_host_output": true
            },
            "sums": {
              "device_matches_analytic_fixture": true,
              "device_matches_legacy_host_output": true
            }
          },
          "legacy_hit_event_count_before_dedup": 131072,
          "metadata": {
            "adapter": "v4_ray_triangle_primitive_grouped_i64_reduction_3d_device_arrays",
            "backend": "optix",
            "broad_v4_speedup_claim_authorized": false,
            "claim_boundary": {
              "native_app_api": false,
              "public_speedup_claim": false,
              "result_materialization_in_measured_window": false,
              "row_witnesses": false,
              "true_zero_copy": false
            },
            "contract": "PREPARED_TRIANGLE_SCENE_3D_PREPARED_RAY_BATCH_PREPARED_PRIMITIVE_GROUPED_I64_REDUCTION_DEVICE_OUTPUTS_V1",
            "generic_primitive": "RAY_TRIANGLE_PRIMITIVE_GROUPED_I64_REDUCTION_3D",
            "group_count": 512,
            "group_rows_downloaded_to_host": false,
            "group_rows_downloaded_to_host_in_hot_path": false,
            "hit_event_count_before_dedup": 131072,
            "host_materialization_in_hot_path": false,
            "input_contract": "caller_supplied_torch_device_ray_triangle_columns_prepared_primitive_payload",
            "measured_partner": true,
            "measured_partners": [
              "torch"
            ],
            "native_direct_device_output_columns": true,
            "native_prepared_route": "ray_batch_prepared_primitive_grouped_i64_reduction_device_outputs",
            "native_symbol": "rtdl_optix_static_triangle_scene_3d_ray_batch_prepared_primitive_grouped_i64_reduction_device_outputs",
            "optix_9_1_validated": false,
            "output_columns_partner_owned": true,
            "output_contract": "caller_supplied_or_allocated_torch_device_grouped_i64_columns",
            "output_source_devices": [
              "cuda:0"
            ],
            "partner": "torch",
            "partner_claim_status": "measured_on_v4_goal4617_pod_optix8",
            "partner_support_declared_unmeasured": [
              "cupy"
            ],
            "phase_timing_seconds": {
              "device_execution_host_observed": 0.0002548620104789734,
              "prepare_build": 0.0020326003432273865,
              "prepared_ray_batch_prepare": 0.0005171969532966614,
              "primitive_payload_prepare": 0.0007890351116657257,
              "query_pack": 0.0,
              "traversal_grouped_i64_reduction_and_direct_device_output_write": 0.000161732
            },
            "prepared_primitive_payload_used": true,
            "prepared_ray_batch_used": true,
            "prepared_reused": true,
            "prepared_run_index": 20,
            "prepared_scene_used": true,
            "primitive": "RAY_TRIANGLE_PRIMITIVE_GROUPED_I64_REDUCTION_3D",
            "primitive_payload_prepare_is_hot_path": false,
            "python_ray_object_boundary_in_hot_path": false,
            "ray_count": 131072,
            "reduction": "sum_count",
            "release_claim_authorized": false,
            "row_arrays_materialized": false,
            "rows_materialized": false,
            "rt_core_accelerated": true,
            "tier3_callback_claim_authorized": false,
            "transfer_metadata": {
              "backend": "optix",
              "direct_device_handoff_authorized": true,
              "direct_device_pointer_observed": true,
              "group_rows_downloaded_to_host": false,
              "grouped_host_ray_id_contract_available": false,
              "host_ray_ids_available": false,
              "native_direct_device_output_columns": true,
              "partner_phase_timings_s": {
                "descriptor_validation_s": 0.0003384016454219818
              },
              "partner_tensor_handoff_authorized": true,
              "per_ray_records_downloaded_to_host": false,
              "prepared_primitive_payload_on_device": true,
              "prepared_rays_resident_on_device": true,
              "primitive_group_ids_uploaded_each_run": false,
              "primitive_values_uploaded_each_run": false,
              "query_rays_packed_on_device_once": true,
              "query_rays_uploaded_each_run": false,
              "ray_batch_created_from": "partner_device_columns",
              "ray_columns_partner_owned": true,
              "ray_columns_true_zero_copy_authorized": false,
              "ray_count": 131072,
              "ray_id_host_bookkeeping_downloaded": false,
              "rt_core_speedup_claim_authorized": false,
              "source_devices": [
                "cuda:0"
              ],
              "source_protocols": [
                "torch"
              ],
              "static_scene_prepared_on_device": true,
              "transfer_mode": "device_ray3d_columns_gpu_pack",
              "true_zero_copy_authorized": false
            },
            "triangle_count": 131072,
            "v4_api_surface": "v4_ray_triangle_primitive_grouped_i64_reduction_3d_device_arrays",
            "validated_driver": "570.195.03",
            "validated_gpu_family": "RTX A5000 / Ampere",
            "validated_optix_abi": "8.0",
            "validated_partner_scope": "torch 2.8.0+cu128",
            "whole_app_speedup_claim_authorized": false
          },
          "mismatch_samples": {},
          "parity_passed": true
        }
      },
      "parity_passed": true,
      "prepare_seconds": 0.0042355842888355255,
      "ray_count": 131072,
      "routes": {
        "device_output_frontdoor": {
          "generic_primitive": "RAY_TRIANGLE_PRIMITIVE_GROUPED_I64_REDUCTION_3D",
          "group_rows_downloaded_to_host_in_hot_path": false,
          "host_materialization_in_hot_path": false,
          "input_contract": "caller_supplied_torch_device_triangle_and_ray_columns_prepared_primitive_payload",
          "max_s": 0.00035279616713523865,
          "median_s": 0.00031930580735206604,
          "metadata": {
            "adapter": "v4_ray_triangle_primitive_grouped_i64_reduction_3d_device_arrays",
            "backend": "optix",
            "broad_v4_speedup_claim_authorized": false,
            "claim_boundary": {
              "native_app_api": false,
              "public_speedup_claim": false,
              "result_materialization_in_measured_window": false,
              "row_witnesses": false,
              "true_zero_copy": false
            },
            "contract": "PREPARED_TRIANGLE_SCENE_3D_PREPARED_RAY_BATCH_PREPARED_PRIMITIVE_GROUPED_I64_REDUCTION_DEVICE_OUTPUTS_V1",
            "generic_primitive": "RAY_TRIANGLE_PRIMITIVE_GROUPED_I64_REDUCTION_3D",
            "group_count": 512,
            "group_rows_downloaded_to_host": false,
            "group_rows_downloaded_to_host_in_hot_path": false,
            "hit_event_count_before_dedup": 131072,
            "host_materialization_in_hot_path": false,
            "input_contract": "caller_supplied_torch_device_ray_triangle_columns_prepared_primitive_payload",
            "measured_partner": true,
            "measured_partners": [
              "torch"
            ],
            "native_direct_device_output_columns": true,
            "native_prepared_route": "ray_batch_prepared_primitive_grouped_i64_reduction_device_outputs",
            "native_symbol": "rtdl_optix_static_triangle_scene_3d_ray_batch_prepared_primitive_grouped_i64_reduction_device_outputs",
            "optix_9_1_validated": false,
            "output_columns_partner_owned": true,
            "output_contract": "caller_supplied_or_allocated_torch_device_grouped_i64_columns",
            "output_source_devices": [
              "cuda:0"
            ],
            "partner": "torch",
            "partner_claim_status": "measured_on_v4_goal4617_pod_optix8",
            "partner_support_declared_unmeasured": [
              "cupy"
            ],
            "phase_timing_seconds": {
              "device_execution_host_observed": 0.00021166354417800903,
              "prepare_build": 0.0020326003432273865,
              "prepared_ray_batch_prepare": 0.0005171969532966614,
              "primitive_payload_prepare": 0.0007890351116657257,
              "query_pack": 0.0,
              "traversal_grouped_i64_reduction_and_direct_device_output_write": 0.000139205
            },
            "prepared_primitive_payload_used": true,
            "prepared_ray_batch_used": true,
            "prepared_reused": true,
            "prepared_run_index": 9,
            "prepared_scene_used": true,
            "primitive": "RAY_TRIANGLE_PRIMITIVE_GROUPED_I64_REDUCTION_3D",
            "primitive_payload_prepare_is_hot_path": false,
            "python_ray_object_boundary_in_hot_path": false,
            "ray_count": 131072,
            "reduction": "sum_count",
            "release_claim_authorized": false,
            "row_arrays_materialized": false,
            "rows_materialized": false,
            "rt_core_accelerated": true,
            "tier3_callback_claim_authorized": false,
            "transfer_metadata": {
              "backend": "optix",
              "direct_device_handoff_authorized": true,
              "direct_device_pointer_observed": true,
              "group_rows_downloaded_to_host": false,
              "grouped_host_ray_id_contract_available": false,
              "host_ray_ids_available": false,
              "native_direct_device_output_columns": true,
              "partner_phase_timings_s": {
                "descriptor_validation_s": 0.0003384016454219818
              },
              "partner_tensor_handoff_authorized": true,
              "per_ray_records_downloaded_to_host": false,
              "prepared_primitive_payload_on_device": true,
              "prepared_rays_resident_on_device": true,
              "primitive_group_ids_uploaded_each_run": false,
              "primitive_values_uploaded_each_run": false,
              "query_rays_packed_on_device_once": true,
              "query_rays_uploaded_each_run": false,
              "ray_batch_created_from": "partner_device_columns",
              "ray_columns_partner_owned": true,
              "ray_columns_true_zero_copy_authorized": false,
              "ray_count": 131072,
              "ray_id_host_bookkeeping_downloaded": false,
              "rt_core_speedup_claim_authorized": false,
              "source_devices": [
                "cuda:0"
              ],
              "source_protocols": [
                "torch"
              ],
              "static_scene_prepared_on_device": true,
              "transfer_mode": "device_ray3d_columns_gpu_pack",
              "true_zero_copy_authorized": false
            },
            "triangle_count": 131072,
            "v4_api_surface": "v4_ray_triangle_primitive_grouped_i64_reduction_3d_device_arrays",
            "validated_driver": "570.195.03",
            "validated_gpu_family": "RTX A5000 / Ampere",
            "validated_optix_abi": "8.0",
            "validated_partner_scope": "torch 2.8.0+cu128",
            "whole_app_speedup_claim_authorized": false
          },
          "min_s": 0.0003132559359073639,
          "output_contract": "caller_owned_torch_device_grouped_i64_columns",
          "tier": "tier2_generic_fused_rt_primitive_device_array_frontdoor_candidate",
          "timings_s": [
            0.00035279616713523865,
            0.0003491714596748352,
            0.0003273375332355499,
            0.00031930580735206604,
            0.0003139711916446686,
            0.0003132559359073639,
            0.0003145672380924225
          ]
        },
        "legacy_host_output": {
          "generic_primitive": "RAY_TRIANGLE_PRIMITIVE_GROUPED_I64_REDUCTION_3D",
          "host_materialization_in_hot_path": true,
          "max_s": 0.000840410590171814,
          "median_s": 0.0007235780358314514,
          "metadata": {
            "backend": "optix",
            "claim_boundary": {
              "native_app_api": false,
              "public_speedup_claim": false,
              "row_witnesses": false,
              "true_zero_copy": false
            },
            "group_count": 512,
            "hit_event_count_before_dedup": 131072,
            "native_symbol": "rtdl_optix_static_triangle_scene_3d_ray_batch_prepared_primitive_grouped_i64_reduction",
            "phase_timing_seconds": {
              "prepare_build": 0.0020326003432273865,
              "prepared_ray_batch_prepare": 0.0005171969532966614,
              "primitive_payload_prepare": 0.0007890351116657257,
              "query_pack": 0.0,
              "traversal": 0.00019477
            },
            "prepared_primitive_payload_used": true,
            "prepared_ray_batch_used": true,
            "prepared_reused": true,
            "prepared_run_index": 18,
            "prepared_scene_used": true,
            "primitive": "RAY_TRIANGLE_PRIMITIVE_GROUPED_I64_REDUCTION_3D",
            "ray_count": 131072,
            "reduction": "sum_count",
            "row_count": 512,
            "row_sample": [
              {
                "count": 256,
                "group_id": 0,
                "sum": 32896
              },
              {
                "count": 256,
                "group_id": 1,
                "sum": 98432
              },
              {
                "count": 256,
                "group_id": 2,
                "sum": 163968
              },
              {
                "count": 256,
                "group_id": 3,
                "sum": 229504
              },
              {
                "count": 256,
                "group_id": 4,
                "sum": 295040
              },
              {
                "count": 256,
                "group_id": 5,
                "sum": 360576
              },
              {
                "count": 256,
                "group_id": 6,
                "sum": 426112
              },
              {
                "count": 256,
                "group_id": 7,
                "sum": 491648
              }
            ],
            "rt_core_accelerated": true,
            "transfer_metadata": {
              "backend": "optix",
              "direct_device_handoff_authorized": true,
              "direct_device_pointer_observed": true,
              "group_rows_downloaded_to_host": true,
              "grouped_host_ray_id_contract_available": false,
              "host_ray_ids_available": false,
              "partner_phase_timings_s": {
                "descriptor_validation_s": 0.0003384016454219818
              },
              "partner_tensor_handoff_authorized": true,
              "per_ray_records_downloaded_to_host": false,
              "prepared_primitive_payload_on_device": true,
              "prepared_rays_resident_on_device": true,
              "primitive_group_ids_uploaded_each_run": false,
              "primitive_values_uploaded_each_run": false,
              "query_rays_packed_on_device_once": true,
              "query_rays_uploaded_each_run": false,
              "ray_batch_created_from": "partner_device_columns",
              "ray_columns_partner_owned": true,
              "ray_columns_true_zero_copy_authorized": false,
              "ray_count": 131072,
              "ray_id_host_bookkeeping_downloaded": false,
              "rt_core_speedup_claim_authorized": false,
              "source_devices": [
                "cuda:0"
              ],
              "source_protocols": [
                "torch"
              ],
              "static_scene_prepared_on_device": true,
              "transfer_mode": "device_ray3d_columns_gpu_pack",
              "true_zero_copy_authorized": false
            },
            "triangle_count": 131072
          },
          "min_s": 0.0006718151271343231,
          "tier": "prepared_native_route_with_host_grouped_result_output",
          "timings_s": [
            0.0006718151271343231,
            0.000840410590171814,
            0.0007493272423744202,
            0.0007235780358314514,
            0.000730220228433609,
            0.0007134750485420227,
            0.0007062442600727081
          ]
        }
      },
      "triangle_count": 131072
    }
  ],
  "started_utc": "2026-06-25T07:33:12Z",
  "surface": "v4_ray_triangle_primitive_grouped_i64_reduction_3d_device_arrays",
  "surface_status": "measured_on_v4_goal4617_pod_optix8",
  "validated_gpu_family": "RTX A5000 / Ampere",
  "validated_optix_abi": "8.0",
  "validated_partner_scope": "torch 2.8.0+cu128"
}
[goal4639] done rc=0 elapsed_s=4.368
[goal4639] start: /usr/bin/python3 scripts/v4_point_group_nearest_witness_device_outputs_validation.py --query-counts 32768,131072 --fixture-variant mixed4 --repeat 7 --warmup 2 --progress --json-out future/v4/evidence/v4_goal4639_release_scorecard_pod_gate_2026-06-25/point_group_nearest_witness_mixed4.json --md-out future/v4/evidence/v4_goal4639_release_scorecard_pod_gate_2026-06-25/point_group_nearest_witness_mixed4.md
[warmup] device_query_output/query_count=32768 1/2
[warmup] device_query_output/query_count=32768 2/2
[repeat-start] device_query_output/query_count=32768 1/7
[repeat-done] device_query_output/query_count=32768 1/7 elapsed_s=0.000811
[repeat-start] device_query_output/query_count=32768 2/7
[repeat-done] device_query_output/query_count=32768 2/7 elapsed_s=0.000773
[repeat-start] device_query_output/query_count=32768 3/7
[repeat-done] device_query_output/query_count=32768 3/7 elapsed_s=0.000749
[repeat-start] device_query_output/query_count=32768 4/7
[repeat-done] device_query_output/query_count=32768 4/7 elapsed_s=0.000740
[repeat-start] device_query_output/query_count=32768 5/7
[repeat-done] device_query_output/query_count=32768 5/7 elapsed_s=0.000757
[repeat-start] device_query_output/query_count=32768 6/7
[repeat-done] device_query_output/query_count=32768 6/7 elapsed_s=0.000741
[repeat-start] device_query_output/query_count=32768 7/7
[repeat-done] device_query_output/query_count=32768 7/7 elapsed_s=0.000717
[warmup] legacy_host_rows/query_count=32768 1/2
[warmup] legacy_host_rows/query_count=32768 2/2
[repeat-start] legacy_host_rows/query_count=32768 1/7
[repeat-done] legacy_host_rows/query_count=32768 1/7 elapsed_s=0.295991
[repeat-start] legacy_host_rows/query_count=32768 2/7
[repeat-done] legacy_host_rows/query_count=32768 2/7 elapsed_s=0.301615
[repeat-start] legacy_host_rows/query_count=32768 3/7
[repeat-done] legacy_host_rows/query_count=32768 3/7 elapsed_s=0.291845
[repeat-start] legacy_host_rows/query_count=32768 4/7
[repeat-done] legacy_host_rows/query_count=32768 4/7 elapsed_s=0.296216
[repeat-start] legacy_host_rows/query_count=32768 5/7
[repeat-done] legacy_host_rows/query_count=32768 5/7 elapsed_s=0.291070
[repeat-start] legacy_host_rows/query_count=32768 6/7
[repeat-done] legacy_host_rows/query_count=32768 6/7 elapsed_s=0.291041
[repeat-start] legacy_host_rows/query_count=32768 7/7
[repeat-done] legacy_host_rows/query_count=32768 7/7 elapsed_s=0.290392
[warmup] device_query_output/query_count=131072 1/2
[warmup] device_query_output/query_count=131072 2/2
[repeat-start] device_query_output/query_count=131072 1/7
[repeat-done] device_query_output/query_count=131072 1/7 elapsed_s=0.000430
[repeat-start] device_query_output/query_count=131072 2/7
[repeat-done] device_query_output/query_count=131072 2/7 elapsed_s=0.000431
[repeat-start] device_query_output/query_count=131072 3/7
[repeat-done] device_query_output/query_count=131072 3/7 elapsed_s=0.000419
[repeat-start] device_query_output/query_count=131072 4/7
[repeat-done] device_query_output/query_count=131072 4/7 elapsed_s=0.000420
[repeat-start] device_query_output/query_count=131072 5/7
[repeat-done] device_query_output/query_count=131072 5/7 elapsed_s=0.000430
[repeat-start] device_query_output/query_count=131072 6/7
[repeat-done] device_query_output/query_count=131072 6/7 elapsed_s=0.000417
[repeat-start] device_query_output/query_count=131072 7/7
[repeat-done] device_query_output/query_count=131072 7/7 elapsed_s=0.000412
[warmup] legacy_host_rows/query_count=131072 1/2
[warmup] legacy_host_rows/query_count=131072 2/2
[repeat-start] legacy_host_rows/query_count=131072 1/7
[repeat-done] legacy_host_rows/query_count=131072 1/7 elapsed_s=0.915995
[repeat-start] legacy_host_rows/query_count=131072 2/7
[repeat-done] legacy_host_rows/query_count=131072 2/7 elapsed_s=1.059291
[repeat-start] legacy_host_rows/query_count=131072 3/7
[repeat-done] legacy_host_rows/query_count=131072 3/7 elapsed_s=0.854962
[repeat-start] legacy_host_rows/query_count=131072 4/7
[repeat-done] legacy_host_rows/query_count=131072 4/7 elapsed_s=0.905986
[repeat-start] legacy_host_rows/query_count=131072 5/7
[repeat-done] legacy_host_rows/query_count=131072 5/7 elapsed_s=0.922144
[repeat-start] legacy_host_rows/query_count=131072 6/7
[repeat-done] legacy_host_rows/query_count=131072 6/7 elapsed_s=0.856347
[repeat-start] legacy_host_rows/query_count=131072 7/7
[repeat-done] legacy_host_rows/query_count=131072 7/7 elapsed_s=0.918261
{
  "broad_v4_speedup_claim_authorized": false,
  "fixture_variant": "mixed4",
  "platform": {
    "machine": "x86_64",
    "python": "3.12.3",
    "release": "5.15.0-94-generic",
    "system": "Linux"
  },
  "query_counts": [
    32768,
    131072
  ],
  "release_claim_authorized": false,
  "repeat": 7,
  "results": [
    {
      "direct_device_output": {
        "max_s": 0.0008110441267490387,
        "median_s": 0.0007488839328289032,
        "metadata": {
          "adapter": "v4_point_group_nearest_witness_2d_device_arrays",
          "backend": "optix",
          "broad_v4_speedup_claim_authorized": false,
          "direct_device_handoff_authorized": true,
          "distance_precision": "float32_computed_float64_output",
          "generic_primitive": "POINT_GROUP_NEAREST_WITNESS_2D",
          "group_count": 32768,
          "host_materialization_in_hot_path": false,
          "host_query_upload_in_hot_path": false,
          "input_contract": "native_prepared_point_groups_plus_torch_device_query_columns",
          "materializes_neighbor_rows": false,
          "measured_partner": true,
          "measured_partners": [
            "torch"
          ],
          "native_direct_device_output_columns": true,
          "native_elapsed_sec": 0.00012063607573509216,
          "native_engine_row_contract": "generic_point_group_nearest_witness_2d_device_columns",
          "native_execution_path": "prepared_rt_core_point_group_nearest_witness_2d_device_query_columns",
          "native_prepared_route": "write_device_nearest_witness_columns_from_device_query_columns",
          "native_prepared_search_groups_owned_by_rtdl": true,
          "native_symbol": "rtdl_optix_write_prepared_point_group_nearest_witness_2d_device_query_columns",
          "neighbor_rows_downloaded_to_host_in_hot_path": false,
          "optix_9_1_validated": false,
          "output_columns_direct_device_write_confirmed": true,
          "output_columns_partner_owned": true,
          "output_contract": "caller_supplied_or_allocated_torch_device_nearest_witness_columns",
          "partner": "torch",
          "partner_claim_status": "measured_on_v4_goal4618_pod_optix8",
          "partner_support_declared_unmeasured": [
            "cupy"
          ],
          "public_speedup_claim_authorized": false,
          "python_point_object_boundary_in_hot_path": false,
          "query_count": 32768,
          "query_point_columns_direct_device_read_confirmed": true,
          "query_point_columns_partner_owned": true,
          "radius": 0.5,
          "release_claim_authorized": false,
          "rows_materialized": false,
          "rt_core_accelerated": true,
          "rt_core_speedup_claim_authorized": false,
          "search_count": 32768,
          "source_devices": [
            "cuda:0"
          ],
          "source_protocols": [
            "torch"
          ],
          "tier3_callback_claim_authorized": false,
          "transfer_mode": "device_query_columns_to_device_witness_columns",
          "true_zero_copy_authorized": false,
          "typed_result_stream": {
            "app_specific_engine_logic_allowed": false,
            "automatic_partner_selection_allowed": false,
            "claim_boundary": "v2.8 typed result streams are an internal generic contract for RTDL runtime development. They do not authorize release, public speedup wording, broad RT-core wording, true-zero-copy wording, hidden dispatch, hidden partner selection, app-specific native-engine behavior, or user-defined shader injection.",
            "column_names": [
              "query_id",
              "neighbor_id",
              "distance"
            ],
            "columns": [
              {
                "buffer": {
                  "access_mode": "write",
                  "alignment_bytes": 1,
                  "byte_offset": 0,
                  "capacity_elements": 32768,
                  "data_ptr_observed": true,
                  "device": "cuda:0",
                  "dtype": "uint32",
                  "element_count": 32768,
                  "lifetime": "caller_retained",
                  "memory_manager_boundary": "not_a_general_purpose_memory_manager",
                  "mutability": "immutable",
                  "name": "query_id",
                  "scope": "rtdl_primitive_handoff_only",
                  "shape": [
                    32768
                  ],
                  "source_protocol": "torch",
                  "stream_handle": 0,
                  "strides_bytes": null
                },
                "device_resident": true,
                "dtype": "uint32",
                "name": "query_id",
                "nullable": false,
                "required_for_continuation": true,
                "role": "group_key",
                "shape": [
                  32768
                ]
              },
              {
                "buffer": {
                  "access_mode": "write",
                  "alignment_bytes": 1,
                  "byte_offset": 0,
                  "capacity_elements": 32768,
                  "data_ptr_observed": true,
                  "device": "cuda:0",
                  "dtype": "uint32",
                  "element_count": 32768,
                  "lifetime": "caller_retained",
                  "memory_manager_boundary": "not_a_general_purpose_memory_manager",
                  "mutability": "immutable",
                  "name": "neighbor_id",
                  "scope": "rtdl_primitive_handoff_only",
                  "shape": [
                    32768
                  ],
                  "source_protocol": "torch",
                  "stream_handle": 0,
                  "strides_bytes": null
                },
                "device_resident": true,
                "dtype": "uint32",
                "name": "neighbor_id",
                "nullable": false,
                "required_for_continuation": true,
                "role": "witness",
                "shape": [
                  32768
                ]
              },
              {
                "buffer": {
                  "access_mode": "write",
                  "alignment_bytes": 1,
                  "byte_offset": 0,
                  "capacity_elements": 32768,
                  "data_ptr_observed": true,
                  "device": "cuda:0",
                  "dtype": "float64",
                  "element_count": 32768,
                  "lifetime": "caller_retained",
                  "memory_manager_boundary": "not_a_general_purpose_memory_manager",
                  "mutability": "immutable",
                  "name": "distance",
                  "scope": "rtdl_primitive_handoff_only",
                  "shape": [
                    32768
                  ],
                  "source_protocol": "torch",
                  "stream_handle": 0,
                  "strides_bytes": null
                },
                "device_resident": true,
                "dtype": "float64",
                "name": "distance",
                "nullable": false,
                "required_for_continuation": true,
                "role": "score",
                "shape": [
                  32768
                ]
              }
            ],
            "contract_version": "rtdl.v2_8.typed_result_stream.v1",
            "device_resident_column_count": 3,
            "event_or_group_ordering_required": true,
            "grouped_continuation_ready": true,
            "hidden_dispatch_allowed": false,
            "ordering": "stable_row_order",
            "page_capacity": 32768,
            "producer_primitive": "point_group_nearest_witness_2d",
            "public_speedup_claim_authorized": false,
            "release_authorized": false,
            "rt_core_speedup_claim_authorized": false,
            "segmented_page_failure_mode": "fail_closed_overflow",
            "status": "internal_contract_no_native_promotion",
            "status_column_names": [
              "row_count",
              "capacity",
              "overflow",
              "complete_candidate_coverage"
            ],
            "status_columns": [
              {
                "buffer": {
                  "access_mode": "read",
                  "alignment_bytes": 1,
                  "byte_offset": 0,
                  "capacity_elements": 1,
                  "data_ptr_observed": false,
                  "device": "cpu:0",
                  "dtype": "uint64",
                  "element_count": 1,
                  "lifetime": "caller_retained",
                  "memory_manager_boundary": "not_a_general_purpose_memory_manager",
                  "mutability": "mutable",
                  "name": "row_count",
                  "scope": "rtdl_primitive_handoff_only",
                  "shape": [
                    1
                  ],
                  "source_protocol": "metadata_status_columns_no_device_status_buffer",
                  "stream_handle": 0,
                  "strides_bytes": null
                },
                "device_resident": false,
                "dtype": "uint64",
                "name": "row_count",
                "nullable": false,
                "required_for_continuation": true,
                "role": "status",
                "shape": [
                  1
                ]
              },
              {
                "buffer": {
                  "access_mode": "read",
                  "alignment_bytes": 1,
                  "byte_offset": 0,
                  "capacity_elements": 1,
                  "data_ptr_observed": false,
                  "device": "cpu:0",
                  "dtype": "uint64",
                  "element_count": 1,
                  "lifetime": "caller_retained",
                  "memory_manager_boundary": "not_a_general_purpose_memory_manager",
                  "mutability": "mutable",
                  "name": "capacity",
                  "scope": "rtdl_primitive_handoff_only",
                  "shape": [
                    1
                  ],
                  "source_protocol": "metadata_status_columns_no_device_status_buffer",
                  "stream_handle": 0,
                  "strides_bytes": null
                },
                "device_resident": false,
                "dtype": "uint64",
                "name": "capacity",
                "nullable": false,
                "required_for_continuation": true,
                "role": "status",
                "shape": [
                  1
                ]
              },
              {
                "buffer": {
                  "access_mode": "read",
                  "alignment_bytes": 1,
                  "byte_offset": 0,
                  "capacity_elements": 1,
                  "data_ptr_observed": false,
                  "device": "cpu:0",
                  "dtype": "uint32",
                  "element_count": 1,
                  "lifetime": "caller_retained",
                  "memory_manager_boundary": "not_a_general_purpose_memory_manager",
                  "mutability": "mutable",
                  "name": "overflow",
                  "scope": "rtdl_primitive_handoff_only",
                  "shape": [
                    1
                  ],
                  "source_protocol": "metadata_status_columns_no_device_status_buffer",
                  "stream_handle": 0,
                  "strides_bytes": null
                },
                "device_resident": false,
                "dtype": "uint32",
                "name": "overflow",
                "nullable": false,
                "required_for_continuation": true,
                "role": "status",
                "shape": [
                  1
                ]
              },
              {
                "buffer": {
                  "access_mode": "read",
                  "alignment_bytes": 1,
                  "byte_offset": 0,
                  "capacity_elements": 1,
                  "data_ptr_observed": false,
                  "device": "cpu:0",
                  "dtype": "uint32",
                  "element_count": 1,
                  "lifetime": "caller_retained",
                  "memory_manager_boundary": "not_a_general_purpose_memory_manager",
                  "mutability": "mutable",
                  "name": "complete_candidate_coverage",
                  "scope": "rtdl_primitive_handoff_only",
                  "shape": [
                    1
                  ],
                  "source_protocol": "metadata_status_columns_no_device_status_buffer",
                  "stream_handle": 0,
                  "strides_bytes": null
                },
                "device_resident": false,
                "dtype": "uint32",
                "name": "complete_candidate_coverage",
                "nullable": false,
                "required_for_continuation": true,
                "role": "status",
                "shape": [
                  1
                ]
              }
            ],
            "stream_id": "optix_point_group_nearest_witness_2d_device_query_to_device_columns",
            "stream_kind": "candidate_stream",
            "target": "typed_device_resident_result_streams_and_grouped_continuation",
            "true_zero_copy_claim_authorized": false
          },
          "v2_8_typed_producer_metadata": {
            "backend": "optix",
            "claim_boundary": "This is generic typed producer metadata for point/group nearest-witness columns. It can record partner-owned CUDA output columns without host row materialization, but it does not authorize a release, public speedup wording, broad RT-core wording, true-zero-copy wording, hidden dispatch, hidden partner selection, or app-specific native-engine behavior.",
            "column_names": [
              "query_id",
              "neighbor_id",
              "distance"
            ],
            "device_resident_output_columns_proven": true,
            "device_resident_output_stream_proven": true,
            "end_to_end_true_zero_copy_proven": false,
            "group_count": 32768,
            "host_row_materialization_used": false,
            "native_execution_path": "prepared_rt_core_point_group_nearest_witness_2d_device_query_columns",
            "native_symbol": "rtdl_optix_write_prepared_point_group_nearest_witness_2d_device_query_columns",
            "native_typed_producer_metadata_present": true,
            "output_column_count": 3,
            "producer_output_residency": "partner_owned_cuda_output_columns",
            "producer_primitive": "point_group_nearest_witness_2d",
            "public_speedup_claim_authorized": false,
            "query_count": 32768,
            "radius": 0.5,
            "release_authorized": false,
            "row_count": 32768,
            "rt_core_speedup_claim_authorized": false,
            "search_count": 32768,
            "source_devices": [
              "cuda:0"
            ],
            "source_protocols": [
              "torch"
            ],
            "transfer_mode": "device_query_columns_to_device_witness_columns",
            "true_zero_copy_claim_authorized": false,
            "v2_8_release_authorized": false,
            "version": "rtdl.v2_8.point_group_nearest_witness_typed_producer.v1"
          },
          "v4_api_surface": "v4_point_group_nearest_witness_2d_device_arrays",
          "validated_driver": "570.195.03",
          "validated_gpu_family": "RTX A5000 / Ampere",
          "validated_optix_abi": "8.0",
          "validated_partner_scope": "torch 2.8.0+cu128",
          "whole_app_speedup_claim_authorized": false
        },
        "min_s": 0.0007168389856815338,
        "native_elapsed_sec_last": 0.00012063607573509216,
        "timings_s": [
          0.0008110441267490387,
          0.000772528350353241,
          0.0007488839328289032,
          0.0007403604686260223,
          0.0007571615278720856,
          0.000740736722946167,
          0.0007168389856815338
        ]
      },
      "fixture_shape": {
        "diagonal_hit_count": 0,
        "diagonal_no_hit_count": 0,
        "exact_match_count": 8192,
        "negative_offset_count": 8192,
        "no_hit_count": 8192,
        "no_hit_distance": 3.4028234663852886e+38,
        "no_hit_neighbor_id": 4294967295,
        "pattern": "exact_match/x_positive_hit/y_axis_no_hit/x_negative_hit",
        "positive_offset_count": 8192,
        "variant": "mixed4",
        "y_axis_no_hit_count": 8192
      },
      "group_count": 32768,
      "legacy_host_rows": {
        "max_s": 0.30161452665925026,
        "median_s": 0.2918453961610794,
        "min_s": 0.29039157181978226,
        "row_count": 32768,
        "row_sample": [
          {
            "distance": 0.0,
            "neighbor_id": 0,
            "query_id": 0
          },
          {
            "distance": 0.2999999523162842,
            "neighbor_id": 1,
            "query_id": 1
          },
          {
            "distance": 3.4028234663852886e+38,
            "neighbor_id": 4294967295,
            "query_id": 2
          },
          {
            "distance": 0.25,
            "neighbor_id": 3,
            "query_id": 3
          },
          {
            "distance": 0.0,
            "neighbor_id": 4,
            "query_id": 4
          },
          {
            "distance": 0.3000001907348633,
            "neighbor_id": 5,
            "query_id": 5
          },
          {
            "distance": 3.4028234663852886e+38,
            "neighbor_id": 4294967295,
            "query_id": 6
          },
          {
            "distance": 0.25,
            "neighbor_id": 7,
            "query_id": 7
          }
        ],
        "timings_s": [
          0.29599110782146454,
          0.30161452665925026,
          0.2918453961610794,
          0.29621604830026627,
          0.29106999933719635,
          0.2910410650074482,
          0.29039157181978226
        ]
      },
      "parity": {
        "device_outputs": {
          "distances_match": true,
          "neighbor_ids_match": true,
          "passed": true,
          "query_ids_match": true
        },
        "legacy_rows": {
          "distances_match": true,
          "neighbor_ids_match": true,
          "passed": true,
          "query_ids_match": true,
          "row_count": 32768,
          "row_count_match": true,
          "sample": [
            {
              "distance": 0.0,
              "neighbor_id": 0,
              "query_id": 0
            },
            {
              "distance": 0.2999999523162842,
              "neighbor_id": 1,
              "query_id": 1
            },
            {
              "distance": 3.4028234663852886e+38,
              "neighbor_id": 4294967295,
              "query_id": 2
            },
            {
              "distance": 0.25,
              "neighbor_id": 3,
              "query_id": 3
            },
            {
              "distance": 0.0,
              "neighbor_id": 4,
              "query_id": 4
            },
            {
              "distance": 0.3000001907348633,
              "neighbor_id": 5,
              "query_id": 5
            },
            {
              "distance": 3.4028234663852886e+38,
              "neighbor_id": 4294967295,
              "query_id": 6
            },
            {
              "distance": 0.25,
              "neighbor_id": 7,
              "query_id": 7
            }
          ]
        },
        "passed": true
      },
      "prepare_seconds": 0.4481343738734722,
      "query_count": 32768,
      "repeat": 7,
      "same_contract_ratio_legacy_host_rows_over_direct_device_output": 389.70711396976526,
      "search_count": 32768,
      "warmup": 2
    },
    {
      "direct_device_output": {
        "max_s": 0.00043106451630592346,
        "median_s": 0.0004201456904411316,
        "metadata": {
          "adapter": "v4_point_group_nearest_witness_2d_device_arrays",
          "backend": "optix",
          "broad_v4_speedup_claim_authorized": false,
          "direct_device_handoff_authorized": true,
          "distance_precision": "float32_computed_float64_output",
          "generic_primitive": "POINT_GROUP_NEAREST_WITNESS_2D",
          "group_count": 131072,
          "host_materialization_in_hot_path": false,
          "host_query_upload_in_hot_path": false,
          "input_contract": "native_prepared_point_groups_plus_torch_device_query_columns",
          "materializes_neighbor_rows": false,
          "measured_partner": true,
          "measured_partners": [
            "torch"
          ],
          "native_direct_device_output_columns": true,
          "native_elapsed_sec": 0.00010204687714576721,
          "native_engine_row_contract": "generic_point_group_nearest_witness_2d_device_columns",
          "native_execution_path": "prepared_rt_core_point_group_nearest_witness_2d_device_query_columns",
          "native_prepared_route": "write_device_nearest_witness_columns_from_device_query_columns",
          "native_prepared_search_groups_owned_by_rtdl": true,
          "native_symbol": "rtdl_optix_write_prepared_point_group_nearest_witness_2d_device_query_columns",
          "neighbor_rows_downloaded_to_host_in_hot_path": false,
          "optix_9_1_validated": false,
          "output_columns_direct_device_write_confirmed": true,
          "output_columns_partner_owned": true,
          "output_contract": "caller_supplied_or_allocated_torch_device_nearest_witness_columns",
          "partner": "torch",
          "partner_claim_status": "measured_on_v4_goal4618_pod_optix8",
          "partner_support_declared_unmeasured": [
            "cupy"
          ],
          "public_speedup_claim_authorized": false,
          "python_point_object_boundary_in_hot_path": false,
          "query_count": 131072,
          "query_point_columns_direct_device_read_confirmed": true,
          "query_point_columns_partner_owned": true,
          "radius": 0.5,
          "release_claim_authorized": false,
          "rows_materialized": false,
          "rt_core_accelerated": true,
          "rt_core_speedup_claim_authorized": false,
          "search_count": 131072,
          "source_devices": [
            "cuda:0"
          ],
          "source_protocols": [
            "torch"
          ],
          "tier3_callback_claim_authorized": false,
          "transfer_mode": "device_query_columns_to_device_witness_columns",
          "true_zero_copy_authorized": false,
          "typed_result_stream": {
            "app_specific_engine_logic_allowed": false,
            "automatic_partner_selection_allowed": false,
            "claim_boundary": "v2.8 typed result streams are an internal generic contract for RTDL runtime development. They do not authorize release, public speedup wording, broad RT-core wording, true-zero-copy wording, hidden dispatch, hidden partner selection, app-specific native-engine behavior, or user-defined shader injection.",
            "column_names": [
              "query_id",
              "neighbor_id",
              "distance"
            ],
            "columns": [
              {
                "buffer": {
                  "access_mode": "write",
                  "alignment_bytes": 1,
                  "byte_offset": 0,
                  "capacity_elements": 131072,
                  "data_ptr_observed": true,
                  "device": "cuda:0",
                  "dtype": "uint32",
                  "element_count": 131072,
                  "lifetime": "caller_retained",
                  "memory_manager_boundary": "not_a_general_purpose_memory_manager",
                  "mutability": "immutable",
                  "name": "query_id",
                  "scope": "rtdl_primitive_handoff_only",
                  "shape": [
                    131072
                  ],
                  "source_protocol": "torch",
                  "stream_handle": 0,
                  "strides_bytes": null
                },
                "device_resident": true,
                "dtype": "uint32",
                "name": "query_id",
                "nullable": false,
                "required_for_continuation": true,
                "role": "group_key",
                "shape": [
                  131072
                ]
              },
              {
                "buffer": {
                  "access_mode": "write",
                  "alignment_bytes": 1,
                  "byte_offset": 0,
                  "capacity_elements": 131072,
                  "data_ptr_observed": true,
                  "device": "cuda:0",
                  "dtype": "uint32",
                  "element_count": 131072,
                  "lifetime": "caller_retained",
                  "memory_manager_boundary": "not_a_general_purpose_memory_manager",
                  "mutability": "immutable",
                  "name": "neighbor_id",
                  "scope": "rtdl_primitive_handoff_only",
                  "shape": [
                    131072
                  ],
                  "source_protocol": "torch",
                  "stream_handle": 0,
                  "strides_bytes": null
                },
                "device_resident": true,
                "dtype": "uint32",
                "name": "neighbor_id",
                "nullable": false,
                "required_for_continuation": true,
                "role": "witness",
                "shape": [
                  131072
                ]
              },
              {
                "buffer": {
                  "access_mode": "write",
                  "alignment_bytes": 1,
                  "byte_offset": 0,
                  "capacity_elements": 131072,
                  "data_ptr_observed": true,
                  "device": "cuda:0",
                  "dtype": "float64",
                  "element_count": 131072,
                  "lifetime": "caller_retained",
                  "memory_manager_boundary": "not_a_general_purpose_memory_manager",
                  "mutability": "immutable",
                  "name": "distance",
                  "scope": "rtdl_primitive_handoff_only",
                  "shape": [
                    131072
                  ],
                  "source_protocol": "torch",
                  "stream_handle": 0,
                  "strides_bytes": null
                },
                "device_resident": true,
                "dtype": "float64",
                "name": "distance",
                "nullable": false,
                "required_for_continuation": true,
                "role": "score",
                "shape": [
                  131072
                ]
              }
            ],
            "contract_version": "rtdl.v2_8.typed_result_stream.v1",
            "device_resident_column_count": 3,
            "event_or_group_ordering_required": true,
            "grouped_continuation_ready": true,
            "hidden_dispatch_allowed": false,
            "ordering": "stable_row_order",
            "page_capacity": 131072,
            "producer_primitive": "point_group_nearest_witness_2d",
            "public_speedup_claim_authorized": false,
            "release_authorized": false,
            "rt_core_speedup_claim_authorized": false,
            "segmented_page_failure_mode": "fail_closed_overflow",
            "status": "internal_contract_no_native_promotion",
            "status_column_names": [
              "row_count",
              "capacity",
              "overflow",
              "complete_candidate_coverage"
            ],
            "status_columns": [
              {
                "buffer": {
                  "access_mode": "read",
                  "alignment_bytes": 1,
                  "byte_offset": 0,
                  "capacity_elements": 1,
                  "data_ptr_observed": false,
                  "device": "cpu:0",
                  "dtype": "uint64",
                  "element_count": 1,
                  "lifetime": "caller_retained",
                  "memory_manager_boundary": "not_a_general_purpose_memory_manager",
                  "mutability": "mutable",
                  "name": "row_count",
                  "scope": "rtdl_primitive_handoff_only",
                  "shape": [
                    1
                  ],
                  "source_protocol": "metadata_status_columns_no_device_status_buffer",
                  "stream_handle": 0,
                  "strides_bytes": null
                },
                "device_resident": false,
                "dtype": "uint64",
                "name": "row_count",
                "nullable": false,
                "required_for_continuation": true,
                "role": "status",
                "shape": [
                  1
                ]
              },
              {
                "buffer": {
                  "access_mode": "read",
                  "alignment_bytes": 1,
                  "byte_offset": 0,
                  "capacity_elements": 1,
                  "data_ptr_observed": false,
                  "device": "cpu:0",
                  "dtype": "uint64",
                  "element_count": 1,
                  "lifetime": "caller_retained",
                  "memory_manager_boundary": "not_a_general_purpose_memory_manager",
                  "mutability": "mutable",
                  "name": "capacity",
                  "scope": "rtdl_primitive_handoff_only",
                  "shape": [
                    1
                  ],
                  "source_protocol": "metadata_status_columns_no_device_status_buffer",
                  "stream_handle": 0,
                  "strides_bytes": null
                },
                "device_resident": false,
                "dtype": "uint64",
                "name": "capacity",
                "nullable": false,
                "required_for_continuation": true,
                "role": "status",
                "shape": [
                  1
                ]
              },
              {
                "buffer": {
                  "access_mode": "read",
                  "alignment_bytes": 1,
                  "byte_offset": 0,
                  "capacity_elements": 1,
                  "data_ptr_observed": false,
                  "device": "cpu:0",
                  "dtype": "uint32",
                  "element_count": 1,
                  "lifetime": "caller_retained",
                  "memory_manager_boundary": "not_a_general_purpose_memory_manager",
                  "mutability": "mutable",
                  "name": "overflow",
                  "scope": "rtdl_primitive_handoff_only",
                  "shape": [
                    1
                  ],
                  "source_protocol": "metadata_status_columns_no_device_status_buffer",
                  "stream_handle": 0,
                  "strides_bytes": null
                },
                "device_resident": false,
                "dtype": "uint32",
                "name": "overflow",
                "nullable": false,
                "required_for_continuation": true,
                "role": "status",
                "shape": [
                  1
                ]
              },
              {
                "buffer": {
                  "access_mode": "read",
                  "alignment_bytes": 1,
                  "byte_offset": 0,
                  "capacity_elements": 1,
                  "data_ptr_observed": false,
                  "device": "cpu:0",
                  "dtype": "uint32",
                  "element_count": 1,
                  "lifetime": "caller_retained",
                  "memory_manager_boundary": "not_a_general_purpose_memory_manager",
                  "mutability": "mutable",
                  "name": "complete_candidate_coverage",
                  "scope": "rtdl_primitive_handoff_only",
                  "shape": [
                    1
                  ],
                  "source_protocol": "metadata_status_columns_no_device_status_buffer",
                  "stream_handle": 0,
                  "strides_bytes": null
                },
                "device_resident": false,
                "dtype": "uint32",
                "name": "complete_candidate_coverage",
                "nullable": false,
                "required_for_continuation": true,
                "role": "status",
                "shape": [
                  1
                ]
              }
            ],
            "stream_id": "optix_point_group_nearest_witness_2d_device_query_to_device_columns",
            "stream_kind": "candidate_stream",
            "target": "typed_device_resident_result_streams_and_grouped_continuation",
            "true_zero_copy_claim_authorized": false
          },
          "v2_8_typed_producer_metadata": {
            "backend": "optix",
            "claim_boundary": "This is generic typed producer metadata for point/group nearest-witness columns. It can record partner-owned CUDA output columns without host row materialization, but it does not authorize a release, public speedup wording, broad RT-core wording, true-zero-copy wording, hidden dispatch, hidden partner selection, or app-specific native-engine behavior.",
            "column_names": [
              "query_id",
              "neighbor_id",
              "distance"
            ],
            "device_resident_output_columns_proven": true,
            "device_resident_output_stream_proven": true,
            "end_to_end_true_zero_copy_proven": false,
            "group_count": 131072,
            "host_row_materialization_used": false,
            "native_execution_path": "prepared_rt_core_point_group_nearest_witness_2d_device_query_columns",
            "native_symbol": "rtdl_optix_write_prepared_point_group_nearest_witness_2d_device_query_columns",
            "native_typed_producer_metadata_present": true,
            "output_column_count": 3,
            "producer_output_residency": "partner_owned_cuda_output_columns",
            "producer_primitive": "point_group_nearest_witness_2d",
            "public_speedup_claim_authorized": false,
            "query_count": 131072,
            "radius": 0.5,
            "release_authorized": false,
            "row_count": 131072,
            "rt_core_speedup_claim_authorized": false,
            "search_count": 131072,
            "source_devices": [
              "cuda:0"
            ],
            "source_protocols": [
              "torch"
            ],
            "transfer_mode": "device_query_columns_to_device_witness_columns",
            "true_zero_copy_claim_authorized": false,
            "v2_8_release_authorized": false,
            "version": "rtdl.v2_8.point_group_nearest_witness_typed_producer.v1"
          },
          "v4_api_surface": "v4_point_group_nearest_witness_2d_device_arrays",
          "validated_driver": "570.195.03",
          "validated_gpu_family": "RTX A5000 / Ampere",
          "validated_optix_abi": "8.0",
          "validated_partner_scope": "torch 2.8.0+cu128",
          "whole_app_speedup_claim_authorized": false
        },
        "min_s": 0.0004116669297218323,
        "native_elapsed_sec_last": 0.00010204687714576721,
        "timings_s": [
          0.00043023377656936646,
          0.00043106451630592346,
          0.00041864439845085144,
          0.0004201456904411316,
          0.0004301890730857849,
          0.00041734427213668823,
          0.0004116669297218323
        ]
      },
      "fixture_shape": {
        "diagonal_hit_count": 0,
        "diagonal_no_hit_count": 0,
        "exact_match_count": 32768,
        "negative_offset_count": 32768,
        "no_hit_count": 32768,
        "no_hit_distance": 3.4028234663852886e+38,
        "no_hit_neighbor_id": 4294967295,
        "pattern": "exact_match/x_positive_hit/y_axis_no_hit/x_negative_hit",
        "positive_offset_count": 32768,
        "variant": "mixed4",
        "y_axis_no_hit_count": 32768
      },
      "group_count": 131072,
      "legacy_host_rows": {
        "max_s": 1.0592907443642616,
        "median_s": 0.9159951098263264,
        "min_s": 0.8549623191356659,
        "row_count": 131072,
        "row_sample": [
          {
            "distance": 0.0,
            "neighbor_id": 0,
            "query_id": 0
          },
          {
            "distance": 0.2999999523162842,
            "neighbor_id": 1,
            "query_id": 1
          },
          {
            "distance": 3.4028234663852886e+38,
            "neighbor_id": 4294967295,
            "query_id": 2
          },
          {
            "distance": 0.25,
            "neighbor_id": 3,
            "query_id": 3
          },
          {
            "distance": 0.0,
            "neighbor_id": 4,
            "query_id": 4
          },
          {
            "distance": 0.3000001907348633,
            "neighbor_id": 5,
            "query_id": 5
          },
          {
            "distance": 3.4028234663852886e+38,
            "neighbor_id": 4294967295,
            "query_id": 6
          },
          {
            "distance": 0.25,
            "neighbor_id": 7,
            "query_id": 7
          }
        ],
        "timings_s": [
          0.9159951098263264,
          1.0592907443642616,
          0.8549623191356659,
          0.9059856422245502,
          0.922143742442131,
          0.8563467673957348,
          0.9182611592113972
        ]
      },
      "parity": {
        "device_outputs": {
          "distances_match": true,
          "neighbor_ids_match": true,
          "passed": true,
          "query_ids_match": true
        },
        "legacy_rows": {
          "distances_match": true,
          "neighbor_ids_match": true,
          "passed": true,
          "query_ids_match": true,
          "row_count": 131072,
          "row_count_match": true,
          "sample": [
            {
              "distance": 0.0,
              "neighbor_id": 0,
              "query_id": 0
            },
            {
              "distance": 0.2999999523162842,
              "neighbor_id": 1,
              "query_id": 1
            },
            {
              "distance": 3.4028234663852886e+38,
              "neighbor_id": 4294967295,
              "query_id": 2
            },
            {
              "distance": 0.25,
              "neighbor_id": 3,
              "query_id": 3
            },
            {
              "distance": 0.0,
              "neighbor_id": 4,
              "query_id": 4
            },
            {
              "distance": 0.3000001907348633,
              "neighbor_id": 5,
              "query_id": 5
            },
            {
              "distance": 3.4028234663852886e+38,
              "neighbor_id": 4294967295,
              "query_id": 6
            },
            {
              "distance": 0.25,
              "neighbor_id": 7,
              "query_id": 7
            }
          ]
        },
        "passed": true
      },
      "prepare_seconds": 1.0834458693861961,
      "query_count": 131072,
      "repeat": 7,
      "same_contract_ratio_legacy_host_rows_over_direct_device_output": 2180.184470926212,
      "search_count": 131072,
      "warmup": 2
    }
  ],
  "schema": "rtdl.v4.point_group_nearest_witness_device_outputs_gate.v1",
  "status": "passed",
  "surface": "v4_point_group_nearest_witness_2d_device_arrays",
  "surface_status": "measured_on_v4_goal4618_pod_optix8",
  "tier3_callback_claim_authorized": false,
  "true_zero_copy_authorized": false,
  "warmup": 2,
  "whole_app_speedup_claim_authorized": false
}
[goal4639] done rc=0 elapsed_s=17.879
[goal4639] start: /usr/bin/python3 scripts/v4_point_group_nearest_witness_device_outputs_validation.py --query-counts 32768,131072 --fixture-variant mixed6 --repeat 7 --warmup 2 --progress --json-out future/v4/evidence/v4_goal4639_release_scorecard_pod_gate_2026-06-25/point_group_nearest_witness_mixed6.json --md-out future/v4/evidence/v4_goal4639_release_scorecard_pod_gate_2026-06-25/point_group_nearest_witness_mixed6.md
[warmup] device_query_output/query_count=32768 1/2
[warmup] device_query_output/query_count=32768 2/2
[repeat-start] device_query_output/query_count=32768 1/7
[repeat-done] device_query_output/query_count=32768 1/7 elapsed_s=0.000646
[repeat-start] device_query_output/query_count=32768 2/7
[repeat-done] device_query_output/query_count=32768 2/7 elapsed_s=0.000638
[repeat-start] device_query_output/query_count=32768 3/7
[repeat-done] device_query_output/query_count=32768 3/7 elapsed_s=0.000601
[repeat-start] device_query_output/query_count=32768 4/7
[repeat-done] device_query_output/query_count=32768 4/7 elapsed_s=0.000574
[repeat-start] device_query_output/query_count=32768 5/7
[repeat-done] device_query_output/query_count=32768 5/7 elapsed_s=0.000604
[repeat-start] device_query_output/query_count=32768 6/7
[repeat-done] device_query_output/query_count=32768 6/7 elapsed_s=0.000583
[repeat-start] device_query_output/query_count=32768 7/7
[repeat-done] device_query_output/query_count=32768 7/7 elapsed_s=0.000585
[warmup] legacy_host_rows/query_count=32768 1/2
[warmup] legacy_host_rows/query_count=32768 2/2
[repeat-start] legacy_host_rows/query_count=32768 1/7
[repeat-done] legacy_host_rows/query_count=32768 1/7 elapsed_s=0.292912
[repeat-start] legacy_host_rows/query_count=32768 2/7
[repeat-done] legacy_host_rows/query_count=32768 2/7 elapsed_s=0.291525
[repeat-start] legacy_host_rows/query_count=32768 3/7
[repeat-done] legacy_host_rows/query_count=32768 3/7 elapsed_s=0.299113
[repeat-start] legacy_host_rows/query_count=32768 4/7
[repeat-done] legacy_host_rows/query_count=32768 4/7 elapsed_s=0.519387
[repeat-start] legacy_host_rows/query_count=32768 5/7
[repeat-done] legacy_host_rows/query_count=32768 5/7 elapsed_s=0.322596
[repeat-start] legacy_host_rows/query_count=32768 6/7
[repeat-done] legacy_host_rows/query_count=32768 6/7 elapsed_s=0.282706
[repeat-start] legacy_host_rows/query_count=32768 7/7
[repeat-done] legacy_host_rows/query_count=32768 7/7 elapsed_s=0.283533
[warmup] device_query_output/query_count=131072 1/2
[warmup] device_query_output/query_count=131072 2/2
[repeat-start] device_query_output/query_count=131072 1/7
[repeat-done] device_query_output/query_count=131072 1/7 elapsed_s=0.000536
[repeat-start] device_query_output/query_count=131072 2/7
[repeat-done] device_query_output/query_count=131072 2/7 elapsed_s=0.000563
[repeat-start] device_query_output/query_count=131072 3/7
[repeat-done] device_query_output/query_count=131072 3/7 elapsed_s=0.000544
[repeat-start] device_query_output/query_count=131072 4/7
[repeat-done] device_query_output/query_count=131072 4/7 elapsed_s=0.000526
[repeat-start] device_query_output/query_count=131072 5/7
[repeat-done] device_query_output/query_count=131072 5/7 elapsed_s=0.000528
[repeat-start] device_query_output/query_count=131072 6/7
[repeat-done] device_query_output/query_count=131072 6/7 elapsed_s=0.000520
[repeat-start] device_query_output/query_count=131072 7/7
[repeat-done] device_query_output/query_count=131072 7/7 elapsed_s=0.000520
[warmup] legacy_host_rows/query_count=131072 1/2
[warmup] legacy_host_rows/query_count=131072 2/2
[repeat-start] legacy_host_rows/query_count=131072 1/7
[repeat-done] legacy_host_rows/query_count=131072 1/7 elapsed_s=1.027350
[repeat-start] legacy_host_rows/query_count=131072 2/7
[repeat-done] legacy_host_rows/query_count=131072 2/7 elapsed_s=0.901790
[repeat-start] legacy_host_rows/query_count=131072 3/7
[repeat-done] legacy_host_rows/query_count=131072 3/7 elapsed_s=0.850771
[repeat-start] legacy_host_rows/query_count=131072 4/7
[repeat-done] legacy_host_rows/query_count=131072 4/7 elapsed_s=0.908494
[repeat-start] legacy_host_rows/query_count=131072 5/7
[repeat-done] legacy_host_rows/query_count=131072 5/7 elapsed_s=0.910918
[repeat-start] legacy_host_rows/query_count=131072 6/7
[repeat-done] legacy_host_rows/query_count=131072 6/7 elapsed_s=0.839329
[repeat-start] legacy_host_rows/query_count=131072 7/7
[repeat-done] legacy_host_rows/query_count=131072 7/7 elapsed_s=0.895292
{
  "broad_v4_speedup_claim_authorized": false,
  "fixture_variant": "mixed6",
  "platform": {
    "machine": "x86_64",
    "python": "3.12.3",
    "release": "5.15.0-94-generic",
    "system": "Linux"
  },
  "query_counts": [
    32768,
    131072
  ],
  "release_claim_authorized": false,
  "repeat": 7,
  "results": [
    {
      "direct_device_output": {
        "max_s": 0.0006462112069129944,
        "median_s": 0.0006012655794620514,
        "metadata": {
          "adapter": "v4_point_group_nearest_witness_2d_device_arrays",
          "backend": "optix",
          "broad_v4_speedup_claim_authorized": false,
          "direct_device_handoff_authorized": true,
          "distance_precision": "float32_computed_float64_output",
          "generic_primitive": "POINT_GROUP_NEAREST_WITNESS_2D",
          "group_count": 32768,
          "host_materialization_in_hot_path": false,
          "host_query_upload_in_hot_path": false,
          "input_contract": "native_prepared_point_groups_plus_torch_device_query_columns",
          "materializes_neighbor_rows": false,
          "measured_partner": true,
          "measured_partners": [
            "torch"
          ],
          "native_direct_device_output_columns": true,
          "native_elapsed_sec": 0.0001011192798614502,
          "native_engine_row_contract": "generic_point_group_nearest_witness_2d_device_columns",
          "native_execution_path": "prepared_rt_core_point_group_nearest_witness_2d_device_query_columns",
          "native_prepared_route": "write_device_nearest_witness_columns_from_device_query_columns",
          "native_prepared_search_groups_owned_by_rtdl": true,
          "native_symbol": "rtdl_optix_write_prepared_point_group_nearest_witness_2d_device_query_columns",
          "neighbor_rows_downloaded_to_host_in_hot_path": false,
          "optix_9_1_validated": false,
          "output_columns_direct_device_write_confirmed": true,
          "output_columns_partner_owned": true,
          "output_contract": "caller_supplied_or_allocated_torch_device_nearest_witness_columns",
          "partner": "torch",
          "partner_claim_status": "measured_on_v4_goal4618_pod_optix8",
          "partner_support_declared_unmeasured": [
            "cupy"
          ],
          "public_speedup_claim_authorized": false,
          "python_point_object_boundary_in_hot_path": false,
          "query_count": 32768,
          "query_point_columns_direct_device_read_confirmed": true,
          "query_point_columns_partner_owned": true,
          "radius": 0.5,
          "release_claim_authorized": false,
          "rows_materialized": false,
          "rt_core_accelerated": true,
          "rt_core_speedup_claim_authorized": false,
          "search_count": 32768,
          "source_devices": [
            "cuda:0"
          ],
          "source_protocols": [
            "torch"
          ],
          "tier3_callback_claim_authorized": false,
          "transfer_mode": "device_query_columns_to_device_witness_columns",
          "true_zero_copy_authorized": false,
          "typed_result_stream": {
            "app_specific_engine_logic_allowed": false,
            "automatic_partner_selection_allowed": false,
            "claim_boundary": "v2.8 typed result streams are an internal generic contract for RTDL runtime development. They do not authorize release, public speedup wording, broad RT-core wording, true-zero-copy wording, hidden dispatch, hidden partner selection, app-specific native-engine behavior, or user-defined shader injection.",
            "column_names": [
              "query_id",
              "neighbor_id",
              "distance"
            ],
            "columns": [
              {
                "buffer": {
                  "access_mode": "write",
                  "alignment_bytes": 1,
                  "byte_offset": 0,
                  "capacity_elements": 32768,
                  "data_ptr_observed": true,
                  "device": "cuda:0",
                  "dtype": "uint32",
                  "element_count": 32768,
                  "lifetime": "caller_retained",
                  "memory_manager_boundary": "not_a_general_purpose_memory_manager",
                  "mutability": "immutable",
                  "name": "query_id",
                  "scope": "rtdl_primitive_handoff_only",
                  "shape": [
                    32768
                  ],
                  "source_protocol": "torch",
                  "stream_handle": 0,
                  "strides_bytes": null
                },
                "device_resident": true,
                "dtype": "uint32",
                "name": "query_id",
                "nullable": false,
                "required_for_continuation": true,
                "role": "group_key",
                "shape": [
                  32768
                ]
              },
              {
                "buffer": {
                  "access_mode": "write",
                  "alignment_bytes": 1,
                  "byte_offset": 0,
                  "capacity_elements": 32768,
                  "data_ptr_observed": true,
                  "device": "cuda:0",
                  "dtype": "uint32",
                  "element_count": 32768,
                  "lifetime": "caller_retained",
                  "memory_manager_boundary": "not_a_general_purpose_memory_manager",
                  "mutability": "immutable",
                  "name": "neighbor_id",
                  "scope": "rtdl_primitive_handoff_only",
                  "shape": [
                    32768
                  ],
                  "source_protocol": "torch",
                  "stream_handle": 0,
                  "strides_bytes": null
                },
                "device_resident": true,
                "dtype": "uint32",
                "name": "neighbor_id",
                "nullable": false,
                "required_for_continuation": true,
                "role": "witness",
                "shape": [
                  32768
                ]
              },
              {
                "buffer": {
                  "access_mode": "write",
                  "alignment_bytes": 1,
                  "byte_offset": 0,
                  "capacity_elements": 32768,
                  "data_ptr_observed": true,
                  "device": "cuda:0",
                  "dtype": "float64",
                  "element_count": 32768,
                  "lifetime": "caller_retained",
                  "memory_manager_boundary": "not_a_general_purpose_memory_manager",
                  "mutability": "immutable",
                  "name": "distance",
                  "scope": "rtdl_primitive_handoff_only",
                  "shape": [
                    32768
                  ],
                  "source_protocol": "torch",
                  "stream_handle": 0,
                  "strides_bytes": null
                },
                "device_resident": true,
                "dtype": "float64",
                "name": "distance",
                "nullable": false,
                "required_for_continuation": true,
                "role": "score",
                "shape": [
                  32768
                ]
              }
            ],
            "contract_version": "rtdl.v2_8.typed_result_stream.v1",
            "device_resident_column_count": 3,
            "event_or_group_ordering_required": true,
            "grouped_continuation_ready": true,
            "hidden_dispatch_allowed": false,
            "ordering": "stable_row_order",
            "page_capacity": 32768,
            "producer_primitive": "point_group_nearest_witness_2d",
            "public_speedup_claim_authorized": false,
            "release_authorized": false,
            "rt_core_speedup_claim_authorized": false,
            "segmented_page_failure_mode": "fail_closed_overflow",
            "status": "internal_contract_no_native_promotion",
            "status_column_names": [
              "row_count",
              "capacity",
              "overflow",
              "complete_candidate_coverage"
            ],
            "status_columns": [
              {
                "buffer": {
                  "access_mode": "read",
                  "alignment_bytes": 1,
                  "byte_offset": 0,
                  "capacity_elements": 1,
                  "data_ptr_observed": false,
                  "device": "cpu:0",
                  "dtype": "uint64",
                  "element_count": 1,
                  "lifetime": "caller_retained",
                  "memory_manager_boundary": "not_a_general_purpose_memory_manager",
                  "mutability": "mutable",
                  "name": "row_count",
                  "scope": "rtdl_primitive_handoff_only",
                  "shape": [
                    1
                  ],
                  "source_protocol": "metadata_status_columns_no_device_status_buffer",
                  "stream_handle": 0,
                  "strides_bytes": null
                },
                "device_resident": false,
                "dtype": "uint64",
                "name": "row_count",
                "nullable": false,
                "required_for_continuation": true,
                "role": "status",
                "shape": [
                  1
                ]
              },
              {
                "buffer": {
                  "access_mode": "read",
                  "alignment_bytes": 1,
                  "byte_offset": 0,
                  "capacity_elements": 1,
                  "data_ptr_observed": false,
                  "device": "cpu:0",
                  "dtype": "uint64",
                  "element_count": 1,
                  "lifetime": "caller_retained",
                  "memory_manager_boundary": "not_a_general_purpose_memory_manager",
                  "mutability": "mutable",
                  "name": "capacity",
                  "scope": "rtdl_primitive_handoff_only",
                  "shape": [
                    1
                  ],
                  "source_protocol": "metadata_status_columns_no_device_status_buffer",
                  "stream_handle": 0,
                  "strides_bytes": null
                },
                "device_resident": false,
                "dtype": "uint64",
                "name": "capacity",
                "nullable": false,
                "required_for_continuation": true,
                "role": "status",
                "shape": [
                  1
                ]
              },
              {
                "buffer": {
                  "access_mode": "read",
                  "alignment_bytes": 1,
                  "byte_offset": 0,
                  "capacity_elements": 1,
                  "data_ptr_observed": false,
                  "device": "cpu:0",
                  "dtype": "uint32",
                  "element_count": 1,
                  "lifetime": "caller_retained",
                  "memory_manager_boundary": "not_a_general_purpose_memory_manager",
                  "mutability": "mutable",
                  "name": "overflow",
                  "scope": "rtdl_primitive_handoff_only",
                  "shape": [
                    1
                  ],
                  "source_protocol": "metadata_status_columns_no_device_status_buffer",
                  "stream_handle": 0,
                  "strides_bytes": null
                },
                "device_resident": false,
                "dtype": "uint32",
                "name": "overflow",
                "nullable": false,
                "required_for_continuation": true,
                "role": "status",
                "shape": [
                  1
                ]
              },
              {
                "buffer": {
                  "access_mode": "read",
                  "alignment_bytes": 1,
                  "byte_offset": 0,
                  "capacity_elements": 1,
                  "data_ptr_observed": false,
                  "device": "cpu:0",
                  "dtype": "uint32",
                  "element_count": 1,
                  "lifetime": "caller_retained",
                  "memory_manager_boundary": "not_a_general_purpose_memory_manager",
                  "mutability": "mutable",
                  "name": "complete_candidate_coverage",
                  "scope": "rtdl_primitive_handoff_only",
                  "shape": [
                    1
                  ],
                  "source_protocol": "metadata_status_columns_no_device_status_buffer",
                  "stream_handle": 0,
                  "strides_bytes": null
                },
                "device_resident": false,
                "dtype": "uint32",
                "name": "complete_candidate_coverage",
                "nullable": false,
                "required_for_continuation": true,
                "role": "status",
                "shape": [
                  1
                ]
              }
            ],
            "stream_id": "optix_point_group_nearest_witness_2d_device_query_to_device_columns",
            "stream_kind": "candidate_stream",
            "target": "typed_device_resident_result_streams_and_grouped_continuation",
            "true_zero_copy_claim_authorized": false
          },
          "v2_8_typed_producer_metadata": {
            "backend": "optix",
            "claim_boundary": "This is generic typed producer metadata for point/group nearest-witness columns. It can record partner-owned CUDA output columns without host row materialization, but it does not authorize a release, public speedup wording, broad RT-core wording, true-zero-copy wording, hidden dispatch, hidden partner selection, or app-specific native-engine behavior.",
            "column_names": [
              "query_id",
              "neighbor_id",
              "distance"
            ],
            "device_resident_output_columns_proven": true,
            "device_resident_output_stream_proven": true,
            "end_to_end_true_zero_copy_proven": false,
            "group_count": 32768,
            "host_row_materialization_used": false,
            "native_execution_path": "prepared_rt_core_point_group_nearest_witness_2d_device_query_columns",
            "native_symbol": "rtdl_optix_write_prepared_point_group_nearest_witness_2d_device_query_columns",
            "native_typed_producer_metadata_present": true,
            "output_column_count": 3,
            "producer_output_residency": "partner_owned_cuda_output_columns",
            "producer_primitive": "point_group_nearest_witness_2d",
            "public_speedup_claim_authorized": false,
            "query_count": 32768,
            "radius": 0.5,
            "release_authorized": false,
            "row_count": 32768,
            "rt_core_speedup_claim_authorized": false,
            "search_count": 32768,
            "source_devices": [
              "cuda:0"
            ],
            "source_protocols": [
              "torch"
            ],
            "transfer_mode": "device_query_columns_to_device_witness_columns",
            "true_zero_copy_claim_authorized": false,
            "v2_8_release_authorized": false,
            "version": "rtdl.v2_8.point_group_nearest_witness_typed_producer.v1"
          },
          "v4_api_surface": "v4_point_group_nearest_witness_2d_device_arrays",
          "validated_driver": "570.195.03",
          "validated_gpu_family": "RTX A5000 / Ampere",
          "validated_optix_abi": "8.0",
          "validated_partner_scope": "torch 2.8.0+cu128",
          "whole_app_speedup_claim_authorized": false
        },
        "min_s": 0.0005736760795116425,
        "native_elapsed_sec_last": 0.0001011192798614502,
        "timings_s": [
          0.0006462112069129944,
          0.0006378777325153351,
          0.0006012655794620514,
          0.0005736760795116425,
          0.0006043761968612671,
          0.0005825124680995941,
          0.0005849301815032959
        ]
      },
      "fixture_shape": {
        "diagonal_hit_count": 5461,
        "diagonal_no_hit_count": 5461,
        "exact_match_count": 5462,
        "negative_offset_count": 5461,
        "no_hit_count": 10922,
        "no_hit_distance": 3.4028234663852886e+38,
        "no_hit_neighbor_id": 4294967295,
        "pattern": "exact_match/x_positive_hit/y_axis_no_hit/x_negative_hit/diagonal_hit/diagonal_no_hit",
        "positive_offset_count": 5462,
        "variant": "mixed6",
        "y_axis_no_hit_count": 5461
      },
      "group_count": 32768,
      "legacy_host_rows": {
        "max_s": 0.5193874910473824,
        "median_s": 0.2929118499159813,
        "min_s": 0.2827058583498001,
        "row_count": 32768,
        "row_sample": [
          {
            "distance": 0.0,
            "neighbor_id": 0,
            "query_id": 0
          },
          {
            "distance": 0.2999999523162842,
            "neighbor_id": 1,
            "query_id": 1
          },
          {
            "distance": 3.4028234663852886e+38,
            "neighbor_id": 4294967295,
            "query_id": 2
          },
          {
            "distance": 0.25,
            "neighbor_id": 3,
            "query_id": 3
          },
          {
            "distance": 0.3605552911758423,
            "neighbor_id": 4,
            "query_id": 4
          },
          {
            "distance": 3.4028234663852886e+38,
            "neighbor_id": 4294967295,
            "query_id": 5
          },
          {
            "distance": 0.0,
            "neighbor_id": 6,
            "query_id": 6
          },
          {
            "distance": 0.3000001907348633,
            "neighbor_id": 7,
            "query_id": 7
          }
        ],
        "timings_s": [
          0.2929118499159813,
          0.29152481630444527,
          0.29911278933286667,
          0.5193874910473824,
          0.3225964494049549,
          0.2827058583498001,
          0.28353260457515717
        ]
      },
      "parity": {
        "device_outputs": {
          "distances_match": true,
          "neighbor_ids_match": true,
          "passed": true,
          "query_ids_match": true
        },
        "legacy_rows": {
          "distances_match": true,
          "neighbor_ids_match": true,
          "passed": true,
          "query_ids_match": true,
          "row_count": 32768,
          "row_count_match": true,
          "sample": [
            {
              "distance": 0.0,
              "neighbor_id": 0,
              "query_id": 0
            },
            {
              "distance": 0.2999999523162842,
              "neighbor_id": 1,
              "query_id": 1
            },
            {
              "distance": 3.4028234663852886e+38,
              "neighbor_id": 4294967295,
              "query_id": 2
            },
            {
              "distance": 0.25,
              "neighbor_id": 3,
              "query_id": 3
            },
            {
              "distance": 0.3605552911758423,
              "neighbor_id": 4,
              "query_id": 4
            },
            {
              "distance": 3.4028234663852886e+38,
              "neighbor_id": 4294967295,
              "query_id": 5
            },
            {
              "distance": 0.0,
              "neighbor_id": 6,
              "query_id": 6
            },
            {
              "distance": 0.3000001907348633,
              "neighbor_id": 7,
              "query_id": 7
            }
          ]
        },
        "passed": true
      },
      "prepare_seconds": 0.5258516035974026,
      "query_count": 32768,
      "repeat": 7,
      "same_contract_ratio_legacy_host_rows_over_direct_device_output": 487.15885279521194,
      "search_count": 32768,
      "warmup": 2
    },
    {
      "direct_device_output": {
        "max_s": 0.0005626939237117767,
        "median_s": 0.0005279034376144409,
        "metadata": {
          "adapter": "v4_point_group_nearest_witness_2d_device_arrays",
          "backend": "optix",
          "broad_v4_speedup_claim_authorized": false,
          "direct_device_handoff_authorized": true,
          "distance_precision": "float32_computed_float64_output",
          "generic_primitive": "POINT_GROUP_NEAREST_WITNESS_2D",
          "group_count": 131072,
          "host_materialization_in_hot_path": false,
          "host_query_upload_in_hot_path": false,
          "input_contract": "native_prepared_point_groups_plus_torch_device_query_columns",
          "materializes_neighbor_rows": false,
          "measured_partner": true,
          "measured_partners": [
            "torch"
          ],
          "native_direct_device_output_columns": true,
          "native_elapsed_sec": 0.000138208270072937,
          "native_engine_row_contract": "generic_point_group_nearest_witness_2d_device_columns",
          "native_execution_path": "prepared_rt_core_point_group_nearest_witness_2d_device_query_columns",
          "native_prepared_route": "write_device_nearest_witness_columns_from_device_query_columns",
          "native_prepared_search_groups_owned_by_rtdl": true,
          "native_symbol": "rtdl_optix_write_prepared_point_group_nearest_witness_2d_device_query_columns",
          "neighbor_rows_downloaded_to_host_in_hot_path": false,
          "optix_9_1_validated": false,
          "output_columns_direct_device_write_confirmed": true,
          "output_columns_partner_owned": true,
          "output_contract": "caller_supplied_or_allocated_torch_device_nearest_witness_columns",
          "partner": "torch",
          "partner_claim_status": "measured_on_v4_goal4618_pod_optix8",
          "partner_support_declared_unmeasured": [
            "cupy"
          ],
          "public_speedup_claim_authorized": false,
          "python_point_object_boundary_in_hot_path": false,
          "query_count": 131072,
          "query_point_columns_direct_device_read_confirmed": true,
          "query_point_columns_partner_owned": true,
          "radius": 0.5,
          "release_claim_authorized": false,
          "rows_materialized": false,
          "rt_core_accelerated": true,
          "rt_core_speedup_claim_authorized": false,
          "search_count": 131072,
          "source_devices": [
            "cuda:0"
          ],
          "source_protocols": [
            "torch"
          ],
          "tier3_callback_claim_authorized": false,
          "transfer_mode": "device_query_columns_to_device_witness_columns",
          "true_zero_copy_authorized": false,
          "typed_result_stream": {
            "app_specific_engine_logic_allowed": false,
            "automatic_partner_selection_allowed": false,
            "claim_boundary": "v2.8 typed result streams are an internal generic contract for RTDL runtime development. They do not authorize release, public speedup wording, broad RT-core wording, true-zero-copy wording, hidden dispatch, hidden partner selection, app-specific native-engine behavior, or user-defined shader injection.",
            "column_names": [
              "query_id",
              "neighbor_id",
              "distance"
            ],
            "columns": [
              {
                "buffer": {
                  "access_mode": "write",
                  "alignment_bytes": 1,
                  "byte_offset": 0,
                  "capacity_elements": 131072,
                  "data_ptr_observed": true,
                  "device": "cuda:0",
                  "dtype": "uint32",
                  "element_count": 131072,
                  "lifetime": "caller_retained",
                  "memory_manager_boundary": "not_a_general_purpose_memory_manager",
                  "mutability": "immutable",
                  "name": "query_id",
                  "scope": "rtdl_primitive_handoff_only",
                  "shape": [
                    131072
                  ],
                  "source_protocol": "torch",
                  "stream_handle": 0,
                  "strides_bytes": null
                },
                "device_resident": true,
                "dtype": "uint32",
                "name": "query_id",
                "nullable": false,
                "required_for_continuation": true,
                "role": "group_key",
                "shape": [
                  131072
                ]
              },
              {
                "buffer": {
                  "access_mode": "write",
                  "alignment_bytes": 1,
                  "byte_offset": 0,
                  "capacity_elements": 131072,
                  "data_ptr_observed": true,
                  "device": "cuda:0",
                  "dtype": "uint32",
                  "element_count": 131072,
                  "lifetime": "caller_retained",
                  "memory_manager_boundary": "not_a_general_purpose_memory_manager",
                  "mutability": "immutable",
                  "name": "neighbor_id",
                  "scope": "rtdl_primitive_handoff_only",
                  "shape": [
                    131072
                  ],
                  "source_protocol": "torch",
                  "stream_handle": 0,
                  "strides_bytes": null
                },
                "device_resident": true,
                "dtype": "uint32",
                "name": "neighbor_id",
                "nullable": false,
                "required_for_continuation": true,
                "role": "witness",
                "shape": [
                  131072
                ]
              },
              {
                "buffer": {
                  "access_mode": "write",
                  "alignment_bytes": 1,
                  "byte_offset": 0,
                  "capacity_elements": 131072,
                  "data_ptr_observed": true,
                  "device": "cuda:0",
                  "dtype": "float64",
                  "element_count": 131072,
                  "lifetime": "caller_retained",
                  "memory_manager_boundary": "not_a_general_purpose_memory_manager",
                  "mutability": "immutable",
                  "name": "distance",
                  "scope": "rtdl_primitive_handoff_only",
                  "shape": [
                    131072
                  ],
                  "source_protocol": "torch",
                  "stream_handle": 0,
                  "strides_bytes": null
                },
                "device_resident": true,
                "dtype": "float64",
                "name": "distance",
                "nullable": false,
                "required_for_continuation": true,
                "role": "score",
                "shape": [
                  131072
                ]
              }
            ],
            "contract_version": "rtdl.v2_8.typed_result_stream.v1",
            "device_resident_column_count": 3,
            "event_or_group_ordering_required": true,
            "grouped_continuation_ready": true,
            "hidden_dispatch_allowed": false,
            "ordering": "stable_row_order",
            "page_capacity": 131072,
            "producer_primitive": "point_group_nearest_witness_2d",
            "public_speedup_claim_authorized": false,
            "release_authorized": false,
            "rt_core_speedup_claim_authorized": false,
            "segmented_page_failure_mode": "fail_closed_overflow",
            "status": "internal_contract_no_native_promotion",
            "status_column_names": [
              "row_count",
              "capacity",
              "overflow",
              "complete_candidate_coverage"
            ],
            "status_columns": [
              {
                "buffer": {
                  "access_mode": "read",
                  "alignment_bytes": 1,
                  "byte_offset": 0,
                  "capacity_elements": 1,
                  "data_ptr_observed": false,
                  "device": "cpu:0",
                  "dtype": "uint64",
                  "element_count": 1,
                  "lifetime": "caller_retained",
                  "memory_manager_boundary": "not_a_general_purpose_memory_manager",
                  "mutability": "mutable",
                  "name": "row_count",
                  "scope": "rtdl_primitive_handoff_only",
                  "shape": [
                    1
                  ],
                  "source_protocol": "metadata_status_columns_no_device_status_buffer",
                  "stream_handle": 0,
                  "strides_bytes": null
                },
                "device_resident": false,
                "dtype": "uint64",
                "name": "row_count",
                "nullable": false,
                "required_for_continuation": true,
                "role": "status",
                "shape": [
                  1
                ]
              },
              {
                "buffer": {
                  "access_mode": "read",
                  "alignment_bytes": 1,
                  "byte_offset": 0,
                  "capacity_elements": 1,
                  "data_ptr_observed": false,
                  "device": "cpu:0",
                  "dtype": "uint64",
                  "element_count": 1,
                  "lifetime": "caller_retained",
                  "memory_manager_boundary": "not_a_general_purpose_memory_manager",
                  "mutability": "mutable",
                  "name": "capacity",
                  "scope": "rtdl_primitive_handoff_only",
                  "shape": [
                    1
                  ],
                  "source_protocol": "metadata_status_columns_no_device_status_buffer",
                  "stream_handle": 0,
                  "strides_bytes": null
                },
                "device_resident": false,
                "dtype": "uint64",
                "name": "capacity",
                "nullable": false,
                "required_for_continuation": true,
                "role": "status",
                "shape": [
                  1
                ]
              },
              {
                "buffer": {
                  "access_mode": "read",
                  "alignment_bytes": 1,
                  "byte_offset": 0,
                  "capacity_elements": 1,
                  "data_ptr_observed": false,
                  "device": "cpu:0",
                  "dtype": "uint32",
                  "element_count": 1,
                  "lifetime": "caller_retained",
                  "memory_manager_boundary": "not_a_general_purpose_memory_manager",
                  "mutability": "mutable",
                  "name": "overflow",
                  "scope": "rtdl_primitive_handoff_only",
                  "shape": [
                    1
                  ],
                  "source_protocol": "metadata_status_columns_no_device_status_buffer",
                  "stream_handle": 0,
                  "strides_bytes": null
                },
                "device_resident": false,
                "dtype": "uint32",
                "name": "overflow",
                "nullable": false,
                "required_for_continuation": true,
                "role": "status",
                "shape": [
                  1
                ]
              },
              {
                "buffer": {
                  "access_mode": "read",
                  "alignment_bytes": 1,
                  "byte_offset": 0,
                  "capacity_elements": 1,
                  "data_ptr_observed": false,
                  "device": "cpu:0",
                  "dtype": "uint32",
                  "element_count": 1,
                  "lifetime": "caller_retained",
                  "memory_manager_boundary": "not_a_general_purpose_memory_manager",
                  "mutability": "mutable",
                  "name": "complete_candidate_coverage",
                  "scope": "rtdl_primitive_handoff_only",
                  "shape": [
                    1
                  ],
                  "source_protocol": "metadata_status_columns_no_device_status_buffer",
                  "stream_handle": 0,
                  "strides_bytes": null
                },
                "device_resident": false,
                "dtype": "uint32",
                "name": "complete_candidate_coverage",
                "nullable": false,
                "required_for_continuation": true,
                "role": "status",
                "shape": [
                  1
                ]
              }
            ],
            "stream_id": "optix_point_group_nearest_witness_2d_device_query_to_device_columns",
            "stream_kind": "candidate_stream",
            "target": "typed_device_resident_result_streams_and_grouped_continuation",
            "true_zero_copy_claim_authorized": false
          },
          "v2_8_typed_producer_metadata": {
            "backend": "optix",
            "claim_boundary": "This is generic typed producer metadata for point/group nearest-witness columns. It can record partner-owned CUDA output columns without host row materialization, but it does not authorize a release, public speedup wording, broad RT-core wording, true-zero-copy wording, hidden dispatch, hidden partner selection, or app-specific native-engine behavior.",
            "column_names": [
              "query_id",
              "neighbor_id",
              "distance"
            ],
            "device_resident_output_columns_proven": true,
            "device_resident_output_stream_proven": true,
            "end_to_end_true_zero_copy_proven": false,
            "group_count": 131072,
            "host_row_materialization_used": false,
            "native_execution_path": "prepared_rt_core_point_group_nearest_witness_2d_device_query_columns",
            "native_symbol": "rtdl_optix_write_prepared_point_group_nearest_witness_2d_device_query_columns",
            "native_typed_producer_metadata_present": true,
            "output_column_count": 3,
            "producer_output_residency": "partner_owned_cuda_output_columns",
            "producer_primitive": "point_group_nearest_witness_2d",
            "public_speedup_claim_authorized": false,
            "query_count": 131072,
            "radius": 0.5,
            "release_authorized": false,
            "row_count": 131072,
            "rt_core_speedup_claim_authorized": false,
            "search_count": 131072,
            "source_devices": [
              "cuda:0"
            ],
            "source_protocols": [
              "torch"
            ],
            "transfer_mode": "device_query_columns_to_device_witness_columns",
            "true_zero_copy_claim_authorized": false,
            "v2_8_release_authorized": false,
            "version": "rtdl.v2_8.point_group_nearest_witness_typed_producer.v1"
          },
          "v4_api_surface": "v4_point_group_nearest_witness_2d_device_arrays",
          "validated_driver": "570.195.03",
          "validated_gpu_family": "RTX A5000 / Ampere",
          "validated_optix_abi": "8.0",
          "validated_partner_scope": "torch 2.8.0+cu128",
          "whole_app_speedup_claim_authorized": false
        },
        "min_s": 0.0005201138556003571,
        "native_elapsed_sec_last": 0.000138208270072937,
        "timings_s": [
          0.0005359910428524017,
          0.0005626939237117767,
          0.0005444735288619995,
          0.0005257017910480499,
          0.0005279034376144409,
          0.0005204826593399048,
          0.0005201138556003571
        ]
      },
      "fixture_shape": {
        "diagonal_hit_count": 21845,
        "diagonal_no_hit_count": 21845,
        "exact_match_count": 21846,
        "negative_offset_count": 21845,
        "no_hit_count": 43690,
        "no_hit_distance": 3.4028234663852886e+38,
        "no_hit_neighbor_id": 4294967295,
        "pattern": "exact_match/x_positive_hit/y_axis_no_hit/x_negative_hit/diagonal_hit/diagonal_no_hit",
        "positive_offset_count": 21846,
        "variant": "mixed6",
        "y_axis_no_hit_count": 21845
      },
      "group_count": 131072,
      "legacy_host_rows": {
        "max_s": 1.0273504965007305,
        "median_s": 0.9017897807061672,
        "min_s": 0.8393292911350727,
        "row_count": 131072,
        "row_sample": [
          {
            "distance": 0.0,
            "neighbor_id": 0,
            "query_id": 0
          },
          {
            "distance": 0.2999999523162842,
            "neighbor_id": 1,
            "query_id": 1
          },
          {
            "distance": 3.4028234663852886e+38,
            "neighbor_id": 4294967295,
            "query_id": 2
          },
          {
            "distance": 0.25,
            "neighbor_id": 3,
            "query_id": 3
          },
          {
            "distance": 0.3605552911758423,
            "neighbor_id": 4,
            "query_id": 4
          },
          {
            "distance": 3.4028234663852886e+38,
            "neighbor_id": 4294967295,
            "query_id": 5
          },
          {
            "distance": 0.0,
            "neighbor_id": 6,
            "query_id": 6
          },
          {
            "distance": 0.3000001907348633,
            "neighbor_id": 7,
            "query_id": 7
          }
        ],
        "timings_s": [
          1.0273504965007305,
          0.9017897807061672,
          0.8507714010775089,
          0.9084940850734711,
          0.9109179861843586,
          0.8393292911350727,
          0.8952919654548168
        ]
      },
      "parity": {
        "device_outputs": {
          "distances_match": true,
          "neighbor_ids_match": true,
          "passed": true,
          "query_ids_match": true
        },
        "legacy_rows": {
          "distances_match": true,
          "neighbor_ids_match": true,
          "passed": true,
          "query_ids_match": true,
          "row_count": 131072,
          "row_count_match": true,
          "sample": [
            {
              "distance": 0.0,
              "neighbor_id": 0,
              "query_id": 0
            },
            {
              "distance": 0.2999999523162842,
              "neighbor_id": 1,
              "query_id": 1
            },
            {
              "distance": 3.4028234663852886e+38,
              "neighbor_id": 4294967295,
              "query_id": 2
            },
            {
              "distance": 0.25,
              "neighbor_id": 3,
              "query_id": 3
            },
            {
              "distance": 0.3605552911758423,
              "neighbor_id": 4,
              "query_id": 4
            },
            {
              "distance": 3.4028234663852886e+38,
              "neighbor_id": 4294967295,
              "query_id": 5
            },
            {
              "distance": 0.0,
              "neighbor_id": 6,
              "query_id": 6
            },
            {
              "distance": 0.3000001907348633,
              "neighbor_id": 7,
              "query_id": 7
            }
          ]
        },
        "passed": true
      },
      "prepare_seconds": 1.3952732235193253,
      "query_count": 131072,
      "repeat": 7,
      "same_contract_ratio_legacy_host_rows_over_direct_device_output": 1708.247600700031,
      "search_count": 131072,
      "warmup": 2
    }
  ],
  "schema": "rtdl.v4.point_group_nearest_witness_device_outputs_gate.v1",
  "status": "passed",
  "surface": "v4_point_group_nearest_witness_2d_device_arrays",
  "surface_status": "measured_on_v4_goal4618_pod_optix8",
  "tier3_callback_claim_authorized": false,
  "true_zero_copy_authorized": false,
  "warmup": 2,
  "whole_app_speedup_claim_authorized": false
}
[goal4639] done rc=0 elapsed_s=18.293
[goal4639] start: /usr/bin/python3 scripts/v4_ray_triangle_weighted_sum_device_output_validation.py --goal4633-promotion-gate --progress --json-out future/v4/evidence/v4_goal4639_release_scorecard_pod_gate_2026-06-25/ray_triangle_any_hit_weighted_sum.json --md-out future/v4/evidence/v4_goal4639_release_scorecard_pod_gate_2026-06-25/ray_triangle_any_hit_weighted_sum.md
[warmup] ray_count=32768 route=device_output_frontdoor 1/5
[warmup] ray_count=32768 route=device_output_frontdoor 2/5
[warmup] ray_count=32768 route=device_output_frontdoor 3/5
[warmup] ray_count=32768 route=device_output_frontdoor 4/5
[warmup] ray_count=32768 route=device_output_frontdoor 5/5
[repeat-start] ray_count=32768 route=device_output_frontdoor 1/30
[repeat-done] ray_count=32768 route=device_output_frontdoor 1/30 elapsed_s=0.000078
[repeat-start] ray_count=32768 route=device_output_frontdoor 2/30
[repeat-done] ray_count=32768 route=device_output_frontdoor 2/30 elapsed_s=0.000082
[repeat-start] ray_count=32768 route=device_output_frontdoor 3/30
[repeat-done] ray_count=32768 route=device_output_frontdoor 3/30 elapsed_s=0.000079
[repeat-start] ray_count=32768 route=device_output_frontdoor 4/30
[repeat-done] ray_count=32768 route=device_output_frontdoor 4/30 elapsed_s=0.000077
[repeat-start] ray_count=32768 route=device_output_frontdoor 5/30
[repeat-done] ray_count=32768 route=device_output_frontdoor 5/30 elapsed_s=0.000077
[repeat-start] ray_count=32768 route=device_output_frontdoor 6/30
[repeat-done] ray_count=32768 route=device_output_frontdoor 6/30 elapsed_s=0.000075
[repeat-start] ray_count=32768 route=device_output_frontdoor 7/30
[repeat-done] ray_count=32768 route=device_output_frontdoor 7/30 elapsed_s=0.000076
[repeat-start] ray_count=32768 route=device_output_frontdoor 8/30
[repeat-done] ray_count=32768 route=device_output_frontdoor 8/30 elapsed_s=0.000077
[repeat-start] ray_count=32768 route=device_output_frontdoor 9/30
[repeat-done] ray_count=32768 route=device_output_frontdoor 9/30 elapsed_s=0.000077
[repeat-start] ray_count=32768 route=device_output_frontdoor 10/30
[repeat-done] ray_count=32768 route=device_output_frontdoor 10/30 elapsed_s=0.000075
[repeat-start] ray_count=32768 route=device_output_frontdoor 11/30
[repeat-done] ray_count=32768 route=device_output_frontdoor 11/30 elapsed_s=0.000075
[repeat-start] ray_count=32768 route=device_output_frontdoor 12/30
[repeat-done] ray_count=32768 route=device_output_frontdoor 12/30 elapsed_s=0.000076
[repeat-start] ray_count=32768 route=device_output_frontdoor 13/30
[repeat-done] ray_count=32768 route=device_output_frontdoor 13/30 elapsed_s=0.000086
[repeat-start] ray_count=32768 route=device_output_frontdoor 14/30
[repeat-done] ray_count=32768 route=device_output_frontdoor 14/30 elapsed_s=0.000076
[repeat-start] ray_count=32768 route=device_output_frontdoor 15/30
[repeat-done] ray_count=32768 route=device_output_frontdoor 15/30 elapsed_s=0.000075
[repeat-start] ray_count=32768 route=device_output_frontdoor 16/30
[repeat-done] ray_count=32768 route=device_output_frontdoor 16/30 elapsed_s=0.000075
[repeat-start] ray_count=32768 route=device_output_frontdoor 17/30
[repeat-done] ray_count=32768 route=device_output_frontdoor 17/30 elapsed_s=0.000075
[repeat-start] ray_count=32768 route=device_output_frontdoor 18/30
[repeat-done] ray_count=32768 route=device_output_frontdoor 18/30 elapsed_s=0.000074
[repeat-start] ray_count=32768 route=device_output_frontdoor 19/30
[repeat-done] ray_count=32768 route=device_output_frontdoor 19/30 elapsed_s=0.000075
[repeat-start] ray_count=32768 route=device_output_frontdoor 20/30
[repeat-done] ray_count=32768 route=device_output_frontdoor 20/30 elapsed_s=0.000074
[repeat-start] ray_count=32768 route=device_output_frontdoor 21/30
[repeat-done] ray_count=32768 route=device_output_frontdoor 21/30 elapsed_s=0.000077
[repeat-start] ray_count=32768 route=device_output_frontdoor 22/30
[repeat-done] ray_count=32768 route=device_output_frontdoor 22/30 elapsed_s=0.000075
[repeat-start] ray_count=32768 route=device_output_frontdoor 23/30
[repeat-done] ray_count=32768 route=device_output_frontdoor 23/30 elapsed_s=0.000076
[repeat-start] ray_count=32768 route=device_output_frontdoor 24/30
[repeat-done] ray_count=32768 route=device_output_frontdoor 24/30 elapsed_s=0.000072
[repeat-start] ray_count=32768 route=device_output_frontdoor 25/30
[repeat-done] ray_count=32768 route=device_output_frontdoor 25/30 elapsed_s=0.000075
[repeat-start] ray_count=32768 route=device_output_frontdoor 26/30
[repeat-done] ray_count=32768 route=device_output_frontdoor 26/30 elapsed_s=0.000075
[repeat-start] ray_count=32768 route=device_output_frontdoor 27/30
[repeat-done] ray_count=32768 route=device_output_frontdoor 27/30 elapsed_s=0.000076
[repeat-start] ray_count=32768 route=device_output_frontdoor 28/30
[repeat-done] ray_count=32768 route=device_output_frontdoor 28/30 elapsed_s=0.000075
[repeat-start] ray_count=32768 route=device_output_frontdoor 29/30
[repeat-done] ray_count=32768 route=device_output_frontdoor 29/30 elapsed_s=0.000075
[repeat-start] ray_count=32768 route=device_output_frontdoor 30/30
[repeat-done] ray_count=32768 route=device_output_frontdoor 30/30 elapsed_s=0.000075
[warmup] ray_count=32768 route=host_scalar_route 1/5
[warmup] ray_count=32768 route=host_scalar_route 2/5
[warmup] ray_count=32768 route=host_scalar_route 3/5
[warmup] ray_count=32768 route=host_scalar_route 4/5
[warmup] ray_count=32768 route=host_scalar_route 5/5
[repeat-start] ray_count=32768 route=host_scalar_route 1/30
[repeat-done] ray_count=32768 route=host_scalar_route 1/30 elapsed_s=0.000167
[repeat-start] ray_count=32768 route=host_scalar_route 2/30
[repeat-done] ray_count=32768 route=host_scalar_route 2/30 elapsed_s=0.000173
[repeat-start] ray_count=32768 route=host_scalar_route 3/30
[repeat-done] ray_count=32768 route=host_scalar_route 3/30 elapsed_s=0.000166
[repeat-start] ray_count=32768 route=host_scalar_route 4/30
[repeat-done] ray_count=32768 route=host_scalar_route 4/30 elapsed_s=0.000165
[repeat-start] ray_count=32768 route=host_scalar_route 5/30
[repeat-done] ray_count=32768 route=host_scalar_route 5/30 elapsed_s=0.000160
[repeat-start] ray_count=32768 route=host_scalar_route 6/30
[repeat-done] ray_count=32768 route=host_scalar_route 6/30 elapsed_s=0.000164
[repeat-start] ray_count=32768 route=host_scalar_route 7/30
[repeat-done] ray_count=32768 route=host_scalar_route 7/30 elapsed_s=0.000166
[repeat-start] ray_count=32768 route=host_scalar_route 8/30
[repeat-done] ray_count=32768 route=host_scalar_route 8/30 elapsed_s=0.000164
[repeat-start] ray_count=32768 route=host_scalar_route 9/30
[repeat-done] ray_count=32768 route=host_scalar_route 9/30 elapsed_s=0.000163
[repeat-start] ray_count=32768 route=host_scalar_route 10/30
[repeat-done] ray_count=32768 route=host_scalar_route 10/30 elapsed_s=0.000164
[repeat-start] ray_count=32768 route=host_scalar_route 11/30
[repeat-done] ray_count=32768 route=host_scalar_route 11/30 elapsed_s=0.000162
[repeat-start] ray_count=32768 route=host_scalar_route 12/30
[repeat-done] ray_count=32768 route=host_scalar_route 12/30 elapsed_s=0.000164
[repeat-start] ray_count=32768 route=host_scalar_route 13/30
[repeat-done] ray_count=32768 route=host_scalar_route 13/30 elapsed_s=0.000164
[repeat-start] ray_count=32768 route=host_scalar_route 14/30
[repeat-done] ray_count=32768 route=host_scalar_route 14/30 elapsed_s=0.000162
[repeat-start] ray_count=32768 route=host_scalar_route 15/30
[repeat-done] ray_count=32768 route=host_scalar_route 15/30 elapsed_s=0.000170
[repeat-start] ray_count=32768 route=host_scalar_route 16/30
[repeat-done] ray_count=32768 route=host_scalar_route 16/30 elapsed_s=0.000166
[repeat-start] ray_count=32768 route=host_scalar_route 17/30
[repeat-done] ray_count=32768 route=host_scalar_route 17/30 elapsed_s=0.000181
[repeat-start] ray_count=32768 route=host_scalar_route 18/30
[repeat-done] ray_count=32768 route=host_scalar_route 18/30 elapsed_s=0.000174
[repeat-start] ray_count=32768 route=host_scalar_route 19/30
[repeat-done] ray_count=32768 route=host_scalar_route 19/30 elapsed_s=0.000163
[repeat-start] ray_count=32768 route=host_scalar_route 20/30
[repeat-done] ray_count=32768 route=host_scalar_route 20/30 elapsed_s=0.000171
[repeat-start] ray_count=32768 route=host_scalar_route 21/30
[repeat-done] ray_count=32768 route=host_scalar_route 21/30 elapsed_s=0.000169
[repeat-start] ray_count=32768 route=host_scalar_route 22/30
[repeat-done] ray_count=32768 route=host_scalar_route 22/30 elapsed_s=0.000165
[repeat-start] ray_count=32768 route=host_scalar_route 23/30
[repeat-done] ray_count=32768 route=host_scalar_route 23/30 elapsed_s=0.000163
[repeat-start] ray_count=32768 route=host_scalar_route 24/30
[repeat-done] ray_count=32768 route=host_scalar_route 24/30 elapsed_s=0.000163
[repeat-start] ray_count=32768 route=host_scalar_route 25/30
[repeat-done] ray_count=32768 route=host_scalar_route 25/30 elapsed_s=0.000163
[repeat-start] ray_count=32768 route=host_scalar_route 26/30
[repeat-done] ray_count=32768 route=host_scalar_route 26/30 elapsed_s=0.000158
[repeat-start] ray_count=32768 route=host_scalar_route 27/30
[repeat-done] ray_count=32768 route=host_scalar_route 27/30 elapsed_s=0.000168
[repeat-start] ray_count=32768 route=host_scalar_route 28/30
[repeat-done] ray_count=32768 route=host_scalar_route 28/30 elapsed_s=0.000162
[repeat-start] ray_count=32768 route=host_scalar_route 29/30
[repeat-done] ray_count=32768 route=host_scalar_route 29/30 elapsed_s=0.000161
[repeat-start] ray_count=32768 route=host_scalar_route 30/30
[repeat-done] ray_count=32768 route=host_scalar_route 30/30 elapsed_s=0.000162
[warmup] ray_count=131072 route=device_output_frontdoor 1/5
[warmup] ray_count=131072 route=device_output_frontdoor 2/5
[warmup] ray_count=131072 route=device_output_frontdoor 3/5
[warmup] ray_count=131072 route=device_output_frontdoor 4/5
[warmup] ray_count=131072 route=device_output_frontdoor 5/5
[repeat-start] ray_count=131072 route=device_output_frontdoor 1/30
[repeat-done] ray_count=131072 route=device_output_frontdoor 1/30 elapsed_s=0.000228
[repeat-start] ray_count=131072 route=device_output_frontdoor 2/30
[repeat-done] ray_count=131072 route=device_output_frontdoor 2/30 elapsed_s=0.000229
[repeat-start] ray_count=131072 route=device_output_frontdoor 3/30
[repeat-done] ray_count=131072 route=device_output_frontdoor 3/30 elapsed_s=0.000230
[repeat-start] ray_count=131072 route=device_output_frontdoor 4/30
[repeat-done] ray_count=131072 route=device_output_frontdoor 4/30 elapsed_s=0.000225
[repeat-start] ray_count=131072 route=device_output_frontdoor 5/30
[repeat-done] ray_count=131072 route=device_output_frontdoor 5/30 elapsed_s=0.000224
[repeat-start] ray_count=131072 route=device_output_frontdoor 6/30
[repeat-done] ray_count=131072 route=device_output_frontdoor 6/30 elapsed_s=0.000227
[repeat-start] ray_count=131072 route=device_output_frontdoor 7/30
[repeat-done] ray_count=131072 route=device_output_frontdoor 7/30 elapsed_s=0.000222
[repeat-start] ray_count=131072 route=device_output_frontdoor 8/30
[repeat-done] ray_count=131072 route=device_output_frontdoor 8/30 elapsed_s=0.000222
[repeat-start] ray_count=131072 route=device_output_frontdoor 9/30
[repeat-done] ray_count=131072 route=device_output_frontdoor 9/30 elapsed_s=0.000222
[repeat-start] ray_count=131072 route=device_output_frontdoor 10/30
[repeat-done] ray_count=131072 route=device_output_frontdoor 10/30 elapsed_s=0.000224
[repeat-start] ray_count=131072 route=device_output_frontdoor 11/30
[repeat-done] ray_count=131072 route=device_output_frontdoor 11/30 elapsed_s=0.000223
[repeat-start] ray_count=131072 route=device_output_frontdoor 12/30
[repeat-done] ray_count=131072 route=device_output_frontdoor 12/30 elapsed_s=0.000220
[repeat-start] ray_count=131072 route=device_output_frontdoor 13/30
[repeat-done] ray_count=131072 route=device_output_frontdoor 13/30 elapsed_s=0.000235
[repeat-start] ray_count=131072 route=device_output_frontdoor 14/30
[repeat-done] ray_count=131072 route=device_output_frontdoor 14/30 elapsed_s=0.000224
[repeat-start] ray_count=131072 route=device_output_frontdoor 15/30
[repeat-done] ray_count=131072 route=device_output_frontdoor 15/30 elapsed_s=0.000222
[repeat-start] ray_count=131072 route=device_output_frontdoor 16/30
[repeat-done] ray_count=131072 route=device_output_frontdoor 16/30 elapsed_s=0.000221
[repeat-start] ray_count=131072 route=device_output_frontdoor 17/30
[repeat-done] ray_count=131072 route=device_output_frontdoor 17/30 elapsed_s=0.000230
[repeat-start] ray_count=131072 route=device_output_frontdoor 18/30
[repeat-done] ray_count=131072 route=device_output_frontdoor 18/30 elapsed_s=0.000224
[repeat-start] ray_count=131072 route=device_output_frontdoor 19/30
[repeat-done] ray_count=131072 route=device_output_frontdoor 19/30 elapsed_s=0.000225
[repeat-start] ray_count=131072 route=device_output_frontdoor 20/30
[repeat-done] ray_count=131072 route=device_output_frontdoor 20/30 elapsed_s=0.000220
[repeat-start] ray_count=131072 route=device_output_frontdoor 21/30
[repeat-done] ray_count=131072 route=device_output_frontdoor 21/30 elapsed_s=0.000222
[repeat-start] ray_count=131072 route=device_output_frontdoor 22/30
[repeat-done] ray_count=131072 route=device_output_frontdoor 22/30 elapsed_s=0.000217
[repeat-start] ray_count=131072 route=device_output_frontdoor 23/30
[repeat-done] ray_count=131072 route=device_output_frontdoor 23/30 elapsed_s=0.000225
[repeat-start] ray_count=131072 route=device_output_frontdoor 24/30
[repeat-done] ray_count=131072 route=device_output_frontdoor 24/30 elapsed_s=0.000214
[repeat-start] ray_count=131072 route=device_output_frontdoor 25/30
[repeat-done] ray_count=131072 route=device_output_frontdoor 25/30 elapsed_s=0.000218
[repeat-start] ray_count=131072 route=device_output_frontdoor 26/30
[repeat-done] ray_count=131072 route=device_output_frontdoor 26/30 elapsed_s=0.000217
[repeat-start] ray_count=131072 route=device_output_frontdoor 27/30
[repeat-done] ray_count=131072 route=device_output_frontdoor 27/30 elapsed_s=0.000218
[repeat-start] ray_count=131072 route=device_output_frontdoor 28/30
[repeat-done] ray_count=131072 route=device_output_frontdoor 28/30 elapsed_s=0.000237
[repeat-start] ray_count=131072 route=device_output_frontdoor 29/30
[repeat-done] ray_count=131072 route=device_output_frontdoor 29/30 elapsed_s=0.000227
[repeat-start] ray_count=131072 route=device_output_frontdoor 30/30
[repeat-done] ray_count=131072 route=device_output_frontdoor 30/30 elapsed_s=0.000221
[warmup] ray_count=131072 route=host_scalar_route 1/5
[warmup] ray_count=131072 route=host_scalar_route 2/5
[warmup] ray_count=131072 route=host_scalar_route 3/5
[warmup] ray_count=131072 route=host_scalar_route 4/5
[warmup] ray_count=131072 route=host_scalar_route 5/5
[repeat-start] ray_count=131072 route=host_scalar_route 1/30
[repeat-done] ray_count=131072 route=host_scalar_route 1/30 elapsed_s=0.000460
[repeat-start] ray_count=131072 route=host_scalar_route 2/30
[repeat-done] ray_count=131072 route=host_scalar_route 2/30 elapsed_s=0.000491
[repeat-start] ray_count=131072 route=host_scalar_route 3/30
[repeat-done] ray_count=131072 route=host_scalar_route 3/30 elapsed_s=0.000475
[repeat-start] ray_count=131072 route=host_scalar_route 4/30
[repeat-done] ray_count=131072 route=host_scalar_route 4/30 elapsed_s=0.000461
[repeat-start] ray_count=131072 route=host_scalar_route 5/30
[repeat-done] ray_count=131072 route=host_scalar_route 5/30 elapsed_s=0.000454
[repeat-start] ray_count=131072 route=host_scalar_route 6/30
[repeat-done] ray_count=131072 route=host_scalar_route 6/30 elapsed_s=0.000463
[repeat-start] ray_count=131072 route=host_scalar_route 7/30
[repeat-done] ray_count=131072 route=host_scalar_route 7/30 elapsed_s=0.000461
[repeat-start] ray_count=131072 route=host_scalar_route 8/30
[repeat-done] ray_count=131072 route=host_scalar_route 8/30 elapsed_s=0.000459
[repeat-start] ray_count=131072 route=host_scalar_route 9/30
[repeat-done] ray_count=131072 route=host_scalar_route 9/30 elapsed_s=0.000464
[repeat-start] ray_count=131072 route=host_scalar_route 10/30
[repeat-done] ray_count=131072 route=host_scalar_route 10/30 elapsed_s=0.000489
[repeat-start] ray_count=131072 route=host_scalar_route 11/30
[repeat-done] ray_count=131072 route=host_scalar_route 11/30 elapsed_s=0.000437
[repeat-start] ray_count=131072 route=host_scalar_route 12/30
[repeat-done] ray_count=131072 route=host_scalar_route 12/30 elapsed_s=0.000426
[repeat-start] ray_count=131072 route=host_scalar_route 13/30
[repeat-done] ray_count=131072 route=host_scalar_route 13/30 elapsed_s=0.000418
[repeat-start] ray_count=131072 route=host_scalar_route 14/30
[repeat-done] ray_count=131072 route=host_scalar_route 14/30 elapsed_s=0.000429
[repeat-start] ray_count=131072 route=host_scalar_route 15/30
[repeat-done] ray_count=131072 route=host_scalar_route 15/30 elapsed_s=0.000451
[repeat-start] ray_count=131072 route=host_scalar_route 16/30
[repeat-done] ray_count=131072 route=host_scalar_route 16/30 elapsed_s=0.000452
[repeat-start] ray_count=131072 route=host_scalar_route 17/30
[repeat-done] ray_count=131072 route=host_scalar_route 17/30 elapsed_s=0.000439
[repeat-start] ray_count=131072 route=host_scalar_route 18/30
[repeat-done] ray_count=131072 route=host_scalar_route 18/30 elapsed_s=0.000433
[repeat-start] ray_count=131072 route=host_scalar_route 19/30
[repeat-done] ray_count=131072 route=host_scalar_route 19/30 elapsed_s=0.000435
[repeat-start] ray_count=131072 route=host_scalar_route 20/30
[repeat-done] ray_count=131072 route=host_scalar_route 20/30 elapsed_s=0.000396
[repeat-start] ray_count=131072 route=host_scalar_route 21/30
[repeat-done] ray_count=131072 route=host_scalar_route 21/30 elapsed_s=0.000412
[repeat-start] ray_count=131072 route=host_scalar_route 22/30
[repeat-done] ray_count=131072 route=host_scalar_route 22/30 elapsed_s=0.000395
[repeat-start] ray_count=131072 route=host_scalar_route 23/30
[repeat-done] ray_count=131072 route=host_scalar_route 23/30 elapsed_s=0.000396
[repeat-start] ray_count=131072 route=host_scalar_route 24/30
[repeat-done] ray_count=131072 route=host_scalar_route 24/30 elapsed_s=0.000414
[repeat-start] ray_count=131072 route=host_scalar_route 25/30
[repeat-done] ray_count=131072 route=host_scalar_route 25/30 elapsed_s=0.000417
[repeat-start] ray_count=131072 route=host_scalar_route 26/30
[repeat-done] ray_count=131072 route=host_scalar_route 26/30 elapsed_s=0.000413
[repeat-start] ray_count=131072 route=host_scalar_route 27/30
[repeat-done] ray_count=131072 route=host_scalar_route 27/30 elapsed_s=0.000407
[repeat-start] ray_count=131072 route=host_scalar_route 28/30
[repeat-done] ray_count=131072 route=host_scalar_route 28/30 elapsed_s=0.000411
[repeat-start] ray_count=131072 route=host_scalar_route 29/30
[repeat-done] ray_count=131072 route=host_scalar_route 29/30 elapsed_s=0.000401
[repeat-start] ray_count=131072 route=host_scalar_route 30/30
[repeat-done] ray_count=131072 route=host_scalar_route 30/30 elapsed_s=0.000404
[warmup] ray_count=262144 route=device_output_frontdoor 1/5
[warmup] ray_count=262144 route=device_output_frontdoor 2/5
[warmup] ray_count=262144 route=device_output_frontdoor 3/5
[warmup] ray_count=262144 route=device_output_frontdoor 4/5
[warmup] ray_count=262144 route=device_output_frontdoor 5/5
[repeat-start] ray_count=262144 route=device_output_frontdoor 1/30
[repeat-done] ray_count=262144 route=device_output_frontdoor 1/30 elapsed_s=0.000283
[repeat-start] ray_count=262144 route=device_output_frontdoor 2/30
[repeat-done] ray_count=262144 route=device_output_frontdoor 2/30 elapsed_s=0.000289
[repeat-start] ray_count=262144 route=device_output_frontdoor 3/30
[repeat-done] ray_count=262144 route=device_output_frontdoor 3/30 elapsed_s=0.000286
[repeat-start] ray_count=262144 route=device_output_frontdoor 4/30
[repeat-done] ray_count=262144 route=device_output_frontdoor 4/30 elapsed_s=0.000286
[repeat-start] ray_count=262144 route=device_output_frontdoor 5/30
[repeat-done] ray_count=262144 route=device_output_frontdoor 5/30 elapsed_s=0.000284
[repeat-start] ray_count=262144 route=device_output_frontdoor 6/30
[repeat-done] ray_count=262144 route=device_output_frontdoor 6/30 elapsed_s=0.000284
[repeat-start] ray_count=262144 route=device_output_frontdoor 7/30
[repeat-done] ray_count=262144 route=device_output_frontdoor 7/30 elapsed_s=0.000283
[repeat-start] ray_count=262144 route=device_output_frontdoor 8/30
[repeat-done] ray_count=262144 route=device_output_frontdoor 8/30 elapsed_s=0.000286
[repeat-start] ray_count=262144 route=device_output_frontdoor 9/30
[repeat-done] ray_count=262144 route=device_output_frontdoor 9/30 elapsed_s=0.000311
[repeat-start] ray_count=262144 route=device_output_frontdoor 10/30
[repeat-done] ray_count=262144 route=device_output_frontdoor 10/30 elapsed_s=0.000288
[repeat-start] ray_count=262144 route=device_output_frontdoor 11/30
[repeat-done] ray_count=262144 route=device_output_frontdoor 11/30 elapsed_s=0.000279
[repeat-start] ray_count=262144 route=device_output_frontdoor 12/30
[repeat-done] ray_count=262144 route=device_output_frontdoor 12/30 elapsed_s=0.000277
[repeat-start] ray_count=262144 route=device_output_frontdoor 13/30
[repeat-done] ray_count=262144 route=device_output_frontdoor 13/30 elapsed_s=0.000283
[repeat-start] ray_count=262144 route=device_output_frontdoor 14/30
[repeat-done] ray_count=262144 route=device_output_frontdoor 14/30 elapsed_s=0.000275
[repeat-start] ray_count=262144 route=device_output_frontdoor 15/30
[repeat-done] ray_count=262144 route=device_output_frontdoor 15/30 elapsed_s=0.000281
[repeat-start] ray_count=262144 route=device_output_frontdoor 16/30
[repeat-done] ray_count=262144 route=device_output_frontdoor 16/30 elapsed_s=0.000278
[repeat-start] ray_count=262144 route=device_output_frontdoor 17/30
[repeat-done] ray_count=262144 route=device_output_frontdoor 17/30 elapsed_s=0.000275
[repeat-start] ray_count=262144 route=device_output_frontdoor 18/30
[repeat-done] ray_count=262144 route=device_output_frontdoor 18/30 elapsed_s=0.000281
[repeat-start] ray_count=262144 route=device_output_frontdoor 19/30
[repeat-done] ray_count=262144 route=device_output_frontdoor 19/30 elapsed_s=0.000277
[repeat-start] ray_count=262144 route=device_output_frontdoor 20/30
[repeat-done] ray_count=262144 route=device_output_frontdoor 20/30 elapsed_s=0.000278
[repeat-start] ray_count=262144 route=device_output_frontdoor 21/30
[repeat-done] ray_count=262144 route=device_output_frontdoor 21/30 elapsed_s=0.000279
[repeat-start] ray_count=262144 route=device_output_frontdoor 22/30
[repeat-done] ray_count=262144 route=device_output_frontdoor 22/30 elapsed_s=0.000284
[repeat-start] ray_count=262144 route=device_output_frontdoor 23/30
[repeat-done] ray_count=262144 route=device_output_frontdoor 23/30 elapsed_s=0.000278
[repeat-start] ray_count=262144 route=device_output_frontdoor 24/30
[repeat-done] ray_count=262144 route=device_output_frontdoor 24/30 elapsed_s=0.000276
[repeat-start] ray_count=262144 route=device_output_frontdoor 25/30
[repeat-done] ray_count=262144 route=device_output_frontdoor 25/30 elapsed_s=0.000276
[repeat-start] ray_count=262144 route=device_output_frontdoor 26/30
[repeat-done] ray_count=262144 route=device_output_frontdoor 26/30 elapsed_s=0.000298
[repeat-start] ray_count=262144 route=device_output_frontdoor 27/30
[repeat-done] ray_count=262144 route=device_output_frontdoor 27/30 elapsed_s=0.000281
[repeat-start] ray_count=262144 route=device_output_frontdoor 28/30
[repeat-done] ray_count=262144 route=device_output_frontdoor 28/30 elapsed_s=0.000277
[repeat-start] ray_count=262144 route=device_output_frontdoor 29/30
[repeat-done] ray_count=262144 route=device_output_frontdoor 29/30 elapsed_s=0.000277
[repeat-start] ray_count=262144 route=device_output_frontdoor 30/30
[repeat-done] ray_count=262144 route=device_output_frontdoor 30/30 elapsed_s=0.000280
[warmup] ray_count=262144 route=host_scalar_route 1/5
[warmup] ray_count=262144 route=host_scalar_route 2/5
[warmup] ray_count=262144 route=host_scalar_route 3/5
[warmup] ray_count=262144 route=host_scalar_route 4/5
[warmup] ray_count=262144 route=host_scalar_route 5/5
[repeat-start] ray_count=262144 route=host_scalar_route 1/30
[repeat-done] ray_count=262144 route=host_scalar_route 1/30 elapsed_s=0.000473
[repeat-start] ray_count=262144 route=host_scalar_route 2/30
[repeat-done] ray_count=262144 route=host_scalar_route 2/30 elapsed_s=0.000477
[repeat-start] ray_count=262144 route=host_scalar_route 3/30
[repeat-done] ray_count=262144 route=host_scalar_route 3/30 elapsed_s=0.000487
[repeat-start] ray_count=262144 route=host_scalar_route 4/30
[repeat-done] ray_count=262144 route=host_scalar_route 4/30 elapsed_s=0.000500
[repeat-start] ray_count=262144 route=host_scalar_route 5/30
[repeat-done] ray_count=262144 route=host_scalar_route 5/30 elapsed_s=0.000479
[repeat-start] ray_count=262144 route=host_scalar_route 6/30
[repeat-done] ray_count=262144 route=host_scalar_route 6/30 elapsed_s=0.000477
[repeat-start] ray_count=262144 route=host_scalar_route 7/30
[repeat-done] ray_count=262144 route=host_scalar_route 7/30 elapsed_s=0.000456
[repeat-start] ray_count=262144 route=host_scalar_route 8/30
[repeat-done] ray_count=262144 route=host_scalar_route 8/30 elapsed_s=0.000451
[repeat-start] ray_count=262144 route=host_scalar_route 9/30
[repeat-done] ray_count=262144 route=host_scalar_route 9/30 elapsed_s=0.000452
[repeat-start] ray_count=262144 route=host_scalar_route 10/30
[repeat-done] ray_count=262144 route=host_scalar_route 10/30 elapsed_s=0.000456
[repeat-start] ray_count=262144 route=host_scalar_route 11/30
[repeat-done] ray_count=262144 route=host_scalar_route 11/30 elapsed_s=0.000455
[repeat-start] ray_count=262144 route=host_scalar_route 12/30
[repeat-done] ray_count=262144 route=host_scalar_route 12/30 elapsed_s=0.000450
[repeat-start] ray_count=262144 route=host_scalar_route 13/30
[repeat-done] ray_count=262144 route=host_scalar_route 13/30 elapsed_s=0.000470
[repeat-start] ray_count=262144 route=host_scalar_route 14/30
[repeat-done] ray_count=262144 route=host_scalar_route 14/30 elapsed_s=0.000465
[repeat-start] ray_count=262144 route=host_scalar_route 15/30
[repeat-done] ray_count=262144 route=host_scalar_route 15/30 elapsed_s=0.000440
[repeat-start] ray_count=262144 route=host_scalar_route 16/30
[repeat-done] ray_count=262144 route=host_scalar_route 16/30 elapsed_s=0.000435
[repeat-start] ray_count=262144 route=host_scalar_route 17/30
[repeat-done] ray_count=262144 route=host_scalar_route 17/30 elapsed_s=0.000438
[repeat-start] ray_count=262144 route=host_scalar_route 18/30
[repeat-done] ray_count=262144 route=host_scalar_route 18/30 elapsed_s=0.000435
[repeat-start] ray_count=262144 route=host_scalar_route 19/30
[repeat-done] ray_count=262144 route=host_scalar_route 19/30 elapsed_s=0.000437
[repeat-start] ray_count=262144 route=host_scalar_route 20/30
[repeat-done] ray_count=262144 route=host_scalar_route 20/30 elapsed_s=0.000434
[repeat-start] ray_count=262144 route=host_scalar_route 21/30
[repeat-done] ray_count=262144 route=host_scalar_route 21/30 elapsed_s=0.000433
[repeat-start] ray_count=262144 route=host_scalar_route 22/30
[repeat-done] ray_count=262144 route=host_scalar_route 22/30 elapsed_s=0.000439
[repeat-start] ray_count=262144 route=host_scalar_route 23/30
[repeat-done] ray_count=262144 route=host_scalar_route 23/30 elapsed_s=0.000486
[repeat-start] ray_count=262144 route=host_scalar_route 24/30
[repeat-done] ray_count=262144 route=host_scalar_route 24/30 elapsed_s=0.000450
[repeat-start] ray_count=262144 route=host_scalar_route 25/30
[repeat-done] ray_count=262144 route=host_scalar_route 25/30 elapsed_s=0.000431
[repeat-start] ray_count=262144 route=host_scalar_route 26/30
[repeat-done] ray_count=262144 route=host_scalar_route 26/30 elapsed_s=0.000420
[repeat-start] ray_count=262144 route=host_scalar_route 27/30
[repeat-done] ray_count=262144 route=host_scalar_route 27/30 elapsed_s=0.000423
[repeat-start] ray_count=262144 route=host_scalar_route 28/30
[repeat-done] ray_count=262144 route=host_scalar_route 28/30 elapsed_s=0.000419
[repeat-start] ray_count=262144 route=host_scalar_route 29/30
[repeat-done] ray_count=262144 route=host_scalar_route 29/30 elapsed_s=0.000420
[repeat-start] ray_count=262144 route=host_scalar_route 30/30
[repeat-done] ray_count=262144 route=host_scalar_route 30/30 elapsed_s=0.000420
[warmup] ray_count=524288 route=device_output_frontdoor 1/5
[warmup] ray_count=524288 route=device_output_frontdoor 2/5
[warmup] ray_count=524288 route=device_output_frontdoor 3/5
[warmup] ray_count=524288 route=device_output_frontdoor 4/5
[warmup] ray_count=524288 route=device_output_frontdoor 5/5
[repeat-start] ray_count=524288 route=device_output_frontdoor 1/30
[repeat-done] ray_count=524288 route=device_output_frontdoor 1/30 elapsed_s=0.000485
[repeat-start] ray_count=524288 route=device_output_frontdoor 2/30
[repeat-done] ray_count=524288 route=device_output_frontdoor 2/30 elapsed_s=0.000484
[repeat-start] ray_count=524288 route=device_output_frontdoor 3/30
[repeat-done] ray_count=524288 route=device_output_frontdoor 3/30 elapsed_s=0.000489
[repeat-start] ray_count=524288 route=device_output_frontdoor 4/30
[repeat-done] ray_count=524288 route=device_output_frontdoor 4/30 elapsed_s=0.000485
[repeat-start] ray_count=524288 route=device_output_frontdoor 5/30
[repeat-done] ray_count=524288 route=device_output_frontdoor 5/30 elapsed_s=0.000487
[repeat-start] ray_count=524288 route=device_output_frontdoor 6/30
[repeat-done] ray_count=524288 route=device_output_frontdoor 6/30 elapsed_s=0.000484
[repeat-start] ray_count=524288 route=device_output_frontdoor 7/30
[repeat-done] ray_count=524288 route=device_output_frontdoor 7/30 elapsed_s=0.000496
[repeat-start] ray_count=524288 route=device_output_frontdoor 8/30
[repeat-done] ray_count=524288 route=device_output_frontdoor 8/30 elapsed_s=0.000492
[repeat-start] ray_count=524288 route=device_output_frontdoor 9/30
[repeat-done] ray_count=524288 route=device_output_frontdoor 9/30 elapsed_s=0.000487
[repeat-start] ray_count=524288 route=device_output_frontdoor 10/30
[repeat-done] ray_count=524288 route=device_output_frontdoor 10/30 elapsed_s=0.000489
[repeat-start] ray_count=524288 route=device_output_frontdoor 11/30
[repeat-done] ray_count=524288 route=device_output_frontdoor 11/30 elapsed_s=0.000481
[repeat-start] ray_count=524288 route=device_output_frontdoor 12/30
[repeat-done] ray_count=524288 route=device_output_frontdoor 12/30 elapsed_s=0.000482
[repeat-start] ray_count=524288 route=device_output_frontdoor 13/30
[repeat-done] ray_count=524288 route=device_output_frontdoor 13/30 elapsed_s=0.000483
[repeat-start] ray_count=524288 route=device_output_frontdoor 14/30
[repeat-done] ray_count=524288 route=device_output_frontdoor 14/30 elapsed_s=0.000480
[repeat-start] ray_count=524288 route=device_output_frontdoor 15/30
[repeat-done] ray_count=524288 route=device_output_frontdoor 15/30 elapsed_s=0.000491
[repeat-start] ray_count=524288 route=device_output_frontdoor 16/30
[repeat-done] ray_count=524288 route=device_output_frontdoor 16/30 elapsed_s=0.000490
[repeat-start] ray_count=524288 route=device_output_frontdoor 17/30
[repeat-done] ray_count=524288 route=device_output_frontdoor 17/30 elapsed_s=0.000483
[repeat-start] ray_count=524288 route=device_output_frontdoor 18/30
[repeat-done] ray_count=524288 route=device_output_frontdoor 18/30 elapsed_s=0.000487
[repeat-start] ray_count=524288 route=device_output_frontdoor 19/30
[repeat-done] ray_count=524288 route=device_output_frontdoor 19/30 elapsed_s=0.000483
[repeat-start] ray_count=524288 route=device_output_frontdoor 20/30
[repeat-done] ray_count=524288 route=device_output_frontdoor 20/30 elapsed_s=0.000484
[repeat-start] ray_count=524288 route=device_output_frontdoor 21/30
[repeat-done] ray_count=524288 route=device_output_frontdoor 21/30 elapsed_s=0.000480
[repeat-start] ray_count=524288 route=device_output_frontdoor 22/30
[repeat-done] ray_count=524288 route=device_output_frontdoor 22/30 elapsed_s=0.000490
[repeat-start] ray_count=524288 route=device_output_frontdoor 23/30
[repeat-done] ray_count=524288 route=device_output_frontdoor 23/30 elapsed_s=0.000488
[repeat-start] ray_count=524288 route=device_output_frontdoor 24/30
[repeat-done] ray_count=524288 route=device_output_frontdoor 24/30 elapsed_s=0.000484
[repeat-start] ray_count=524288 route=device_output_frontdoor 25/30
[repeat-done] ray_count=524288 route=device_output_frontdoor 25/30 elapsed_s=0.000487
[repeat-start] ray_count=524288 route=device_output_frontdoor 26/30
[repeat-done] ray_count=524288 route=device_output_frontdoor 26/30 elapsed_s=0.000484
[repeat-start] ray_count=524288 route=device_output_frontdoor 27/30
[repeat-done] ray_count=524288 route=device_output_frontdoor 27/30 elapsed_s=0.000482
[repeat-start] ray_count=524288 route=device_output_frontdoor 28/30
[repeat-done] ray_count=524288 route=device_output_frontdoor 28/30 elapsed_s=0.000483
[repeat-start] ray_count=524288 route=device_output_frontdoor 29/30
[repeat-done] ray_count=524288 route=device_output_frontdoor 29/30 elapsed_s=0.000481
[repeat-start] ray_count=524288 route=device_output_frontdoor 30/30
[repeat-done] ray_count=524288 route=device_output_frontdoor 30/30 elapsed_s=0.000486
[warmup] ray_count=524288 route=host_scalar_route 1/5
[warmup] ray_count=524288 route=host_scalar_route 2/5
[warmup] ray_count=524288 route=host_scalar_route 3/5
[warmup] ray_count=524288 route=host_scalar_route 4/5
[warmup] ray_count=524288 route=host_scalar_route 5/5
[repeat-start] ray_count=524288 route=host_scalar_route 1/30
[repeat-done] ray_count=524288 route=host_scalar_route 1/30 elapsed_s=0.000748
[repeat-start] ray_count=524288 route=host_scalar_route 2/30
[repeat-done] ray_count=524288 route=host_scalar_route 2/30 elapsed_s=0.000760
[repeat-start] ray_count=524288 route=host_scalar_route 3/30
[repeat-done] ray_count=524288 route=host_scalar_route 3/30 elapsed_s=0.000775
[repeat-start] ray_count=524288 route=host_scalar_route 4/30
[repeat-done] ray_count=524288 route=host_scalar_route 4/30 elapsed_s=0.000787
[repeat-start] ray_count=524288 route=host_scalar_route 5/30
[repeat-done] ray_count=524288 route=host_scalar_route 5/30 elapsed_s=0.000772
[repeat-start] ray_count=524288 route=host_scalar_route 6/30
[repeat-done] ray_count=524288 route=host_scalar_route 6/30 elapsed_s=0.000752
[repeat-start] ray_count=524288 route=host_scalar_route 7/30
[repeat-done] ray_count=524288 route=host_scalar_route 7/30 elapsed_s=0.000747
[repeat-start] ray_count=524288 route=host_scalar_route 8/30
[repeat-done] ray_count=524288 route=host_scalar_route 8/30 elapsed_s=0.000761
[repeat-start] ray_count=524288 route=host_scalar_route 9/30
[repeat-done] ray_count=524288 route=host_scalar_route 9/30 elapsed_s=0.000776
[repeat-start] ray_count=524288 route=host_scalar_route 10/30
[repeat-done] ray_count=524288 route=host_scalar_route 10/30 elapsed_s=0.000756
[repeat-start] ray_count=524288 route=host_scalar_route 11/30
[repeat-done] ray_count=524288 route=host_scalar_route 11/30 elapsed_s=0.000715
[repeat-start] ray_count=524288 route=host_scalar_route 12/30
[repeat-done] ray_count=524288 route=host_scalar_route 12/30 elapsed_s=0.000715
[repeat-start] ray_count=524288 route=host_scalar_route 13/30
[repeat-done] ray_count=524288 route=host_scalar_route 13/30 elapsed_s=0.000727
[repeat-start] ray_count=524288 route=host_scalar_route 14/30
[repeat-done] ray_count=524288 route=host_scalar_route 14/30 elapsed_s=0.000734
[repeat-start] ray_count=524288 route=host_scalar_route 15/30
[repeat-done] ray_count=524288 route=host_scalar_route 15/30 elapsed_s=0.000751
[repeat-start] ray_count=524288 route=host_scalar_route 16/30
[repeat-done] ray_count=524288 route=host_scalar_route 16/30 elapsed_s=0.000723
[repeat-start] ray_count=524288 route=host_scalar_route 17/30
[repeat-done] ray_count=524288 route=host_scalar_route 17/30 elapsed_s=0.000718
[repeat-start] ray_count=524288 route=host_scalar_route 18/30
[repeat-done] ray_count=524288 route=host_scalar_route 18/30 elapsed_s=0.000716
[repeat-start] ray_count=524288 route=host_scalar_route 19/30
[repeat-done] ray_count=524288 route=host_scalar_route 19/30 elapsed_s=0.000719
[repeat-start] ray_count=524288 route=host_scalar_route 20/30
[repeat-done] ray_count=524288 route=host_scalar_route 20/30 elapsed_s=0.000716
[repeat-start] ray_count=524288 route=host_scalar_route 21/30
[repeat-done] ray_count=524288 route=host_scalar_route 21/30 elapsed_s=0.000700
[repeat-start] ray_count=524288 route=host_scalar_route 22/30
[repeat-done] ray_count=524288 route=host_scalar_route 22/30 elapsed_s=0.000687
[repeat-start] ray_count=524288 route=host_scalar_route 23/30
[repeat-done] ray_count=524288 route=host_scalar_route 23/30 elapsed_s=0.000687
[repeat-start] ray_count=524288 route=host_scalar_route 24/30
[repeat-done] ray_count=524288 route=host_scalar_route 24/30 elapsed_s=0.000684
[repeat-start] ray_count=524288 route=host_scalar_route 25/30
[repeat-done] ray_count=524288 route=host_scalar_route 25/30 elapsed_s=0.000708
[repeat-start] ray_count=524288 route=host_scalar_route 26/30
[repeat-done] ray_count=524288 route=host_scalar_route 26/30 elapsed_s=0.000690
[repeat-start] ray_count=524288 route=host_scalar_route 27/30
[repeat-done] ray_count=524288 route=host_scalar_route 27/30 elapsed_s=0.000667
[repeat-start] ray_count=524288 route=host_scalar_route 28/30
[repeat-done] ray_count=524288 route=host_scalar_route 28/30 elapsed_s=0.000660
[repeat-start] ray_count=524288 route=host_scalar_route 29/30
[repeat-done] ray_count=524288 route=host_scalar_route 29/30 elapsed_s=0.000664
[repeat-start] ray_count=524288 route=host_scalar_route 30/30
[repeat-done] ray_count=524288 route=host_scalar_route 30/30 elapsed_s=0.000666
{
  "authorization": {
    "broad_v4_speedup_claim_authorized": false,
    "release_claim_authorized": false,
    "rt_core_pod_performance_claim_authorized": false,
    "tier3_callback_claim_authorized": false,
    "true_zero_copy_authorized": false,
    "whole_app_speedup_claim_authorized": false
  },
  "comparison_boundary": {
    "comparison_class": "same_operator_comparable_route",
    "description": "The ratio compares the existing host-scalar materialization path against the V4 device-resident output path for the same weighted-sum operator.",
    "pure_kernel_speedup": false,
    "whole_app_speedup_claim_authorized": false
  },
  "completed_utc": "2026-06-25T07:33:54Z",
  "gate": "v4_goal4633_ray_triangle_any_hit_weighted_sum_promotion_gate",
  "optix_9_1_validated": false,
  "parameters": {
    "goal4633_promotion_gate": true,
    "ray_counts": [
      32768,
      131072,
      262144,
      524288
    ],
    "repeat": 30,
    "warmup": 5
  },
  "passed": true,
  "platform": {
    "cuda_available": true,
    "cuda_device_name": "NVIDIA RTX A5000",
    "hostname": "0256b71980f1",
    "python": "3.12.3 (main, Aug 14 2025, 17:47:21) [GCC 13.3.0]",
    "torch": "2.8.0+cu128"
  },
  "promotion_gate": {
    "all_shapes_completed": true,
    "decision": "promote_weighted_sum_measured_torch_v4_tier2_pending_external_completion_audit",
    "geomean_ratio": 1.7798684688940005,
    "measured_catalog_promotion_requires_external_completion_audit": true,
    "min_geomean_ratio_required": 1.5,
    "min_per_shape_ratio_required": 1.2,
    "min_ratio": 1.4818119291612393,
    "no_hot_path_host_materialization": true,
    "parity_all_passed": true,
    "promotion_thresholds_passed": true
  },
  "results": [
    {
      "comparison": {
        "comparison_class": "same_operator_comparable_route",
        "host_materialization_over_device_resident_median_ratio": 2.173142433966922,
        "interpretation": "This measures the existing host-scalar materialization path against the V4 device-resident output path for the same weighted-sum operator. It is not a pure kernel-vs-kernel figure and does not authorize broad V4, whole-app, or all-benchmark performance claims.",
        "speedup_claim_authorized": false
      },
      "device_output_weighted_sum": 536887296,
      "expected_weighted_sum": 536887296,
      "host_scalar_weighted_sum": 536887296,
      "parity_passed": true,
      "prepare_seconds": 0.23757005482912064,
      "ray_count": 32768,
      "routes": {
        "device_output_frontdoor": {
          "device_output_used": true,
          "generic_primitive": "RAY_TRIANGLE_ANY_HIT_WEIGHTED_SUM_3D",
          "host_materialization_in_hot_path": false,
          "host_scalar_read_before_consumer": false,
          "input_contract": "caller_supplied_torch_device_triangle_ray_and_weight_columns",
          "max_s": 8.627399802207947e-05,
          "median_s": 7.545575499534607e-05,
          "metadata": {
            "adapter": "v4_ray_triangle_any_hit_weighted_sum_3d_device_arrays",
            "backend": "optix",
            "broad_v4_speedup_claim_authorized": false,
            "comparable_route_geomean": 1.5457333064727565,
            "comparable_route_ratio_range": "1.2011x-2.1459x",
            "comparison_class": "same_operator_comparable_route",
            "contract": "PREPARED_TRIANGLE_SCENE_3D_PREPARED_RAY_BATCH_WEIGHTED_SUM_DEVICE_OUTPUT_GRAPH_EXECUTOR_V1",
            "cuda_stream_ptr_nonzero": true,
            "device_output_used": true,
            "executor_prepare_seconds": 0.11603203043341637,
            "generic_primitive": "RAY_TRIANGLE_ANY_HIT_WEIGHTED_SUM_3D",
            "host_materialization_in_hot_path": false,
            "host_row_materialization_before_consumer": false,
            "host_scalar_read_before_consumer": false,
            "input_contract": "caller_supplied_torch_device_ray_triangle_and_weight_columns",
            "launch_count": 35,
            "measured_partner": true,
            "measured_partners": [
              "torch"
            ],
            "native_direct_device_output_scalar": true,
            "native_prepared_route": "prepare_ray_batch_any_hit_weighted_sum_device_output_graph_executor",
            "native_symbol": "rtdl_optix_static_triangle_scene_3d_ray_batch_any_hit_weighted_sum_device_weights_launch_graph_executor_on_stream",
            "optix_9_1_validated": false,
            "output_contract": "caller_supplied_or_allocated_torch_device_uint64_weighted_sum_scalar",
            "output_scalar_allocation": "caller_supplied_override",
            "output_scalar_caller_override_supported": true,
            "output_scalar_primary_allocation": "rtdl_allocated_uint64_device_scalar",
            "output_source_protocol": "torch",
            "partner": "torch",
            "partner_claim_status": "measured_on_v4_goal4633_pod_optix8",
            "partner_support_declared_unmeasured": [
              "cupy"
            ],
            "performance_caveat": "largest_shape_barely_clears_1_20x_floor_not_large_speedup",
            "phase_timing_seconds": {
              "executor_prepare": 0.11603203043341637,
              "native_stream_launch_enqueue": 2.7041882276535034e-05
            },
            "pod_candidate_partners": [],
            "prepared_ray_batch_seconds": 0.002073872834444046,
            "prepared_ray_batch_used": true,
            "prepared_scene_used": true,
            "public_speedup_claim_authorized": false,
            "python_ray_object_boundary_in_hot_path": false,
            "query_rays_uploaded_each_run": false,
            "ray_count": 32768,
            "ray_weights_source_protocol": "torch",
            "ray_weights_uploaded_each_run": false,
            "release_claim_authorized": false,
            "scene_data_residency": "rtdl_owned_prepared_optix_scene_from_caller_device_triangle_columns",
            "scene_preparation_ownership": "caller_initiated_v4_prepare_static_triangle_scene_from_device_triangle_columns",
            "surface_status": "tier2_measured_pod_validated_not_release",
            "tier3_callback_claim_authorized": false,
            "true_zero_copy_authorized": false,
            "v4_api_surface": "v4_ray_triangle_any_hit_weighted_sum_3d_device_arrays",
            "validated_driver": "570.195.03",
            "validated_gpu_family": "RTX A5000 / Ampere",
            "validated_optix_abi": "8.0",
            "validated_partner_scope": "torch 2.8.0+cu128",
            "weighted_sum_downloaded_to_host_in_hot_path": false,
            "whole_app_speedup_claim_authorized": false
          },
          "min_s": 7.245317101478577e-05,
          "output_contract": "caller_supplied_or_allocated_torch_device_uint64_scalar",
          "tier": "tier2_generic_fused_rt_primitive_device_array_candidate",
          "timings_s": [
            7.817521691322327e-05,
            8.195266127586365e-05,
            7.929280400276184e-05,
            7.747113704681396e-05,
            7.697939872741699e-05,
            7.45132565498352e-05,
            7.642433047294617e-05,
            7.659569382667542e-05,
            7.707998156547546e-05,
            7.546320557594299e-05,
            7.462501525878906e-05,
            7.588043808937073e-05,
            8.627399802207947e-05,
            7.570162415504456e-05,
            7.510557770729065e-05,
            7.48857855796814e-05,
            7.51689076423645e-05,
            7.369369268417358e-05,
            7.544830441474915e-05,
            7.436424493789673e-05,
            7.681921124458313e-05,
            7.532909512519836e-05,
            7.558241486549377e-05,
            7.245317101478577e-05,
            7.503852248191833e-05,
            7.478147745132446e-05,
            7.600709795951843e-05,
            7.513538002967834e-05,
            7.508322596549988e-05,
            7.514283061027527e-05
          ],
          "weighted_sum_downloaded_to_host_in_hot_path": false
        },
        "host_scalar_route": {
          "generic_primitive": "RAY_TRIANGLE_ANY_HIT_WEIGHTED_SUM_3D",
          "host_scalar_read_before_consumer": true,
          "max_s": 0.0001813359558582306,
          "median_s": 0.00016397610306739807,
          "metadata": {
            "backend": "optix",
            "claim_boundary": {
              "native_app_api": false,
              "public_speedup_claim": false,
              "row_witnesses": false,
              "true_zero_copy": false
            },
            "contract": "PREPARED_TRIANGLE_SCENE_3D_PREPARED_RAY_BATCH_ANY_HIT_WEIGHTED_SUM_DEVICE_WEIGHTS_V1",
            "phase_timing_seconds": {
              "prepare_build": 0.2270643413066864,
              "prepared_ray_batch_prepare": 0.002073872834444046,
              "query_pack": 3.526359796524048e-05,
              "traversal": 7.4803e-05
            },
            "prepared_ray_batch_used": true,
            "prepared_reused": true,
            "prepared_run_index": 35,
            "prepared_scene_used": true,
            "ray_count": 32768,
            "result_kind": "uint64_weighted_any_hit_sum",
            "rows_materialized": false,
            "transfer_metadata": {
              "backend": "optix",
              "direct_device_handoff_authorized": true,
              "direct_device_pointer_observed": true,
              "grouped_host_ray_id_contract_available": false,
              "host_ray_ids_available": false,
              "partner_phase_timings_s": {
                "descriptor_validation_s": 0.0003409162163734436
              },
              "partner_tensor_handoff_authorized": true,
              "per_ray_records_downloaded_to_host": false,
              "prepared_rays_resident_on_device": true,
              "query_rays_packed_on_device_once": true,
              "query_rays_uploaded_each_run": false,
              "ray_batch_created_from": "partner_device_columns",
              "ray_columns_partner_owned": true,
              "ray_columns_true_zero_copy_authorized": false,
              "ray_count": 32768,
              "ray_id_host_bookkeeping_downloaded": false,
              "ray_weights_device_resident": true,
              "ray_weights_source_device": "cuda:0",
              "ray_weights_source_protocol": "torch",
              "ray_weights_uploaded_each_run": false,
              "rt_core_speedup_claim_authorized": false,
              "scalar_sum_returned_to_python": true,
              "source_devices": [
                "cuda:0"
              ],
              "source_protocols": [
                "torch"
              ],
              "static_scene_prepared_on_device": true,
              "transfer_mode": "device_ray3d_columns_gpu_pack",
              "true_zero_copy_authorized": false
            },
            "triangle_count": 32768,
            "weighted_hit_sum": 536887296
          },
          "min_s": 0.00015848875045776367,
          "tier": "prepared_native_route_with_python_scalar_output",
          "timings_s": [
            0.00016746297478675842,
            0.00017257779836654663,
            0.00016552582383155823,
            0.00016481056809425354,
            0.00016030669212341309,
            0.00016396865248680115,
            0.00016588717699050903,
            0.0001641400158405304,
            0.00016278773546218872,
            0.000163983553647995,
            0.00016165897250175476,
            0.00016392767429351807,
            0.00016369670629501343,
            0.00016204267740249634,
            0.00016993656754493713,
            0.00016565248370170593,
            0.0001813359558582306,
            0.0001737438142299652,
            0.00016285106539726257,
            0.00017142295837402344,
            0.0001690387725830078,
            0.00016546249389648438,
            0.0001631230115890503,
            0.00016329437494277954,
            0.00016267597675323486,
            0.00015848875045776367,
            0.00016804412007331848,
            0.00016152113676071167,
            0.00016105547547340393,
            0.0001617632806301117
          ]
        }
      },
      "triangle_count": 32768
    },
    {
      "comparison": {
        "comparison_class": "same_operator_comparable_route",
        "host_materialization_over_device_resident_median_ratio": 1.9438938938938939,
        "interpretation": "This measures the existing host-scalar materialization path against the V4 device-resident output path for the same weighted-sum operator. It is not a pure kernel-vs-kernel figure and does not authorize broad V4, whole-app, or all-benchmark performance claims.",
        "speedup_claim_authorized": false
      },
      "device_output_weighted_sum": 8590000128,
      "expected_weighted_sum": 8590000128,
      "host_scalar_weighted_sum": 8590000128,
      "parity_passed": true,
      "prepare_seconds": 0.0367928221821785,
      "ray_count": 131072,
      "routes": {
        "device_output_frontdoor": {
          "device_output_used": true,
          "generic_primitive": "RAY_TRIANGLE_ANY_HIT_WEIGHTED_SUM_3D",
          "host_materialization_in_hot_path": false,
          "host_scalar_read_before_consumer": false,
          "input_contract": "caller_supplied_torch_device_triangle_ray_and_weight_columns",
          "max_s": 0.0002374313771724701,
          "median_s": 0.00022329390048980713,
          "metadata": {
            "adapter": "v4_ray_triangle_any_hit_weighted_sum_3d_device_arrays",
            "backend": "optix",
            "broad_v4_speedup_claim_authorized": false,
            "comparable_route_geomean": 1.5457333064727565,
            "comparable_route_ratio_range": "1.2011x-2.1459x",
            "comparison_class": "same_operator_comparable_route",
            "contract": "PREPARED_TRIANGLE_SCENE_3D_PREPARED_RAY_BATCH_WEIGHTED_SUM_DEVICE_OUTPUT_GRAPH_EXECUTOR_V1",
            "cuda_stream_ptr_nonzero": true,
            "device_output_used": true,
            "executor_prepare_seconds": 9.836256504058838e-05,
            "generic_primitive": "RAY_TRIANGLE_ANY_HIT_WEIGHTED_SUM_3D",
            "host_materialization_in_hot_path": false,
            "host_row_materialization_before_consumer": false,
            "host_scalar_read_before_consumer": false,
            "input_contract": "caller_supplied_torch_device_ray_triangle_and_weight_columns",
            "launch_count": 35,
            "measured_partner": true,
            "measured_partners": [
              "torch"
            ],
            "native_direct_device_output_scalar": true,
            "native_prepared_route": "prepare_ray_batch_any_hit_weighted_sum_device_output_graph_executor",
            "native_symbol": "rtdl_optix_static_triangle_scene_3d_ray_batch_any_hit_weighted_sum_device_weights_launch_graph_executor_on_stream",
            "optix_9_1_validated": false,
            "output_contract": "caller_supplied_or_allocated_torch_device_uint64_weighted_sum_scalar",
            "output_scalar_allocation": "caller_supplied_override",
            "output_scalar_caller_override_supported": true,
            "output_scalar_primary_allocation": "rtdl_allocated_uint64_device_scalar",
            "output_source_protocol": "torch",
            "partner": "torch",
            "partner_claim_status": "measured_on_v4_goal4633_pod_optix8",
            "partner_support_declared_unmeasured": [
              "cupy"
            ],
            "performance_caveat": "largest_shape_barely_clears_1_20x_floor_not_large_speedup",
            "phase_timing_seconds": {
              "executor_prepare": 9.836256504058838e-05,
              "native_stream_launch_enqueue": 5.966797471046448e-05
            },
            "pod_candidate_partners": [],
            "prepared_ray_batch_seconds": 0.006132751703262329,
            "prepared_ray_batch_used": true,
            "prepared_scene_used": true,
            "public_speedup_claim_authorized": false,
            "python_ray_object_boundary_in_hot_path": false,
            "query_rays_uploaded_each_run": false,
            "ray_count": 131072,
            "ray_weights_source_protocol": "torch",
            "ray_weights_uploaded_each_run": false,
            "release_claim_authorized": false,
            "scene_data_residency": "rtdl_owned_prepared_optix_scene_from_caller_device_triangle_columns",
            "scene_preparation_ownership": "caller_initiated_v4_prepare_static_triangle_scene_from_device_triangle_columns",
            "surface_status": "tier2_measured_pod_validated_not_release",
            "tier3_callback_claim_authorized": false,
            "true_zero_copy_authorized": false,
            "v4_api_surface": "v4_ray_triangle_any_hit_weighted_sum_3d_device_arrays",
            "validated_driver": "570.195.03",
            "validated_gpu_family": "RTX A5000 / Ampere",
            "validated_optix_abi": "8.0",
            "validated_partner_scope": "torch 2.8.0+cu128",
            "weighted_sum_downloaded_to_host_in_hot_path": false,
            "whole_app_speedup_claim_authorized": false
          },
          "min_s": 0.00021383166313171387,
          "output_contract": "caller_supplied_or_allocated_torch_device_uint64_scalar",
          "tier": "tier2_generic_fused_rt_primitive_device_array_candidate",
          "timings_s": [
            0.00022833794355392456,
            0.00022926181554794312,
            0.0002297721803188324,
            0.0002250969409942627,
            0.00022407621145248413,
            0.00022708997130393982,
            0.00022175535559654236,
            0.00022205710411071777,
            0.00022176280617713928,
            0.00022387877106666565,
            0.0002227090299129486,
            0.0002197958528995514,
            0.00023489072918891907,
            0.00022419914603233337,
            0.0002222508192062378,
            0.00022109225392341614,
            0.000229712575674057,
            0.00022424012422561646,
            0.00022475048899650574,
            0.0002195499837398529,
            0.00022188201546669006,
            0.00021670013666152954,
            0.00022511929273605347,
            0.00021383166313171387,
            0.00021784380078315735,
            0.00021664053201675415,
            0.00021828711032867432,
            0.0002374313771724701,
            0.00022706016898155212,
            0.00022090226411819458
          ],
          "weighted_sum_downloaded_to_host_in_hot_path": false
        },
        "host_scalar_route": {
          "generic_primitive": "RAY_TRIANGLE_ANY_HIT_WEIGHTED_SUM_3D",
          "host_scalar_read_before_consumer": true,
          "max_s": 0.0004913397133350372,
          "median_s": 0.00043405964970588684,
          "metadata": {
            "backend": "optix",
            "claim_boundary": {
              "native_app_api": false,
              "public_speedup_claim": false,
              "row_witnesses": false,
              "true_zero_copy": false
            },
            "contract": "PREPARED_TRIANGLE_SCENE_3D_PREPARED_RAY_BATCH_ANY_HIT_WEIGHTED_SUM_DEVICE_WEIGHTS_V1",
            "phase_timing_seconds": {
              "prepare_build": 0.02866359055042267,
              "prepared_ray_batch_prepare": 0.006132751703262329,
              "query_pack": 9.365379810333252e-05,
              "traversal": 0.00017788
            },
            "prepared_ray_batch_used": true,
            "prepared_reused": true,
            "prepared_run_index": 35,
            "prepared_scene_used": true,
            "ray_count": 131072,
            "result_kind": "uint64_weighted_any_hit_sum",
            "rows_materialized": false,
            "transfer_metadata": {
              "backend": "optix",
              "direct_device_handoff_authorized": true,
              "direct_device_pointer_observed": true,
              "grouped_host_ray_id_contract_available": false,
              "host_ray_ids_available": false,
              "partner_phase_timings_s": {
                "descriptor_validation_s": 0.0008481033146381378
              },
              "partner_tensor_handoff_authorized": true,
              "per_ray_records_downloaded_to_host": false,
              "prepared_rays_resident_on_device": true,
              "query_rays_packed_on_device_once": true,
              "query_rays_uploaded_each_run": false,
              "ray_batch_created_from": "partner_device_columns",
              "ray_columns_partner_owned": true,
              "ray_columns_true_zero_copy_authorized": false,
              "ray_count": 131072,
              "ray_id_host_bookkeeping_downloaded": false,
              "ray_weights_device_resident": true,
              "ray_weights_source_device": "cuda:0",
              "ray_weights_source_protocol": "torch",
              "ray_weights_uploaded_each_run": false,
              "rt_core_speedup_claim_authorized": false,
              "scalar_sum_returned_to_python": true,
              "source_devices": [
                "cuda:0"
              ],
              "source_protocols": [
                "torch"
              ],
              "static_scene_prepared_on_device": true,
              "transfer_mode": "device_ray3d_columns_gpu_pack",
              "true_zero_copy_authorized": false
            },
            "triangle_count": 131072,
            "weighted_hit_sum": 8590000128
          },
          "min_s": 0.00039523839950561523,
          "tier": "prepared_native_route_with_python_scalar_output",
          "timings_s": [
            0.00046037137508392334,
            0.0004913397133350372,
            0.00047548115253448486,
            0.0004605203866958618,
            0.0004538781940937042,
            0.00046333298087120056,
            0.0004608035087585449,
            0.0004590936005115509,
            0.00046414509415626526,
            0.0004886649549007416,
            0.00043725594878196716,
            0.00042569637298583984,
            0.00041783228516578674,
            0.0004287809133529663,
            0.0004506409168243408,
            0.0004518739879131317,
            0.0004391595721244812,
            0.0004329197108745575,
            0.0004351995885372162,
            0.0003963671624660492,
            0.00041174888610839844,
            0.00039523839950561523,
            0.00039575621485710144,
            0.0004135817289352417,
            0.0004173070192337036,
            0.0004130415618419647,
            0.00040659308433532715,
            0.00041105225682258606,
            0.0004013329744338989,
            0.000403575599193573
          ]
        }
      },
      "triangle_count": 131072
    },
    {
      "comparison": {
        "comparison_class": "same_operator_comparable_route",
        "host_materialization_over_device_resident_median_ratio": 1.6032372811616518,
        "interpretation": "This measures the existing host-scalar materialization path against the V4 device-resident output path for the same weighted-sum operator. It is not a pure kernel-vs-kernel figure and does not authorize broad V4, whole-app, or all-benchmark performance claims.",
        "speedup_claim_authorized": false
      },
      "device_output_weighted_sum": 34359869440,
      "expected_weighted_sum": 34359869440,
      "host_scalar_weighted_sum": 34359869440,
      "parity_passed": true,
      "prepare_seconds": 0.026426367461681366,
      "ray_count": 262144,
      "routes": {
        "device_output_frontdoor": {
          "device_output_used": true,
          "generic_primitive": "RAY_TRIANGLE_ANY_HIT_WEIGHTED_SUM_3D",
          "host_materialization_in_hot_path": false,
          "host_scalar_read_before_consumer": false,
          "input_contract": "caller_supplied_torch_device_triangle_ray_and_weight_columns",
          "max_s": 0.0003107599914073944,
          "median_s": 0.00028066709637641907,
          "metadata": {
            "adapter": "v4_ray_triangle_any_hit_weighted_sum_3d_device_arrays",
            "backend": "optix",
            "broad_v4_speedup_claim_authorized": false,
            "comparable_route_geomean": 1.5457333064727565,
            "comparable_route_ratio_range": "1.2011x-2.1459x",
            "comparison_class": "same_operator_comparable_route",
            "contract": "PREPARED_TRIANGLE_SCENE_3D_PREPARED_RAY_BATCH_WEIGHTED_SUM_DEVICE_OUTPUT_GRAPH_EXECUTOR_V1",
            "cuda_stream_ptr_nonzero": true,
            "device_output_used": true,
            "executor_prepare_seconds": 7.517635822296143e-05,
            "generic_primitive": "RAY_TRIANGLE_ANY_HIT_WEIGHTED_SUM_3D",
            "host_materialization_in_hot_path": false,
            "host_row_materialization_before_consumer": false,
            "host_scalar_read_before_consumer": false,
            "input_contract": "caller_supplied_torch_device_ray_triangle_and_weight_columns",
            "launch_count": 35,
            "measured_partner": true,
            "measured_partners": [
              "torch"
            ],
            "native_direct_device_output_scalar": true,
            "native_prepared_route": "prepare_ray_batch_any_hit_weighted_sum_device_output_graph_executor",
            "native_symbol": "rtdl_optix_static_triangle_scene_3d_ray_batch_any_hit_weighted_sum_device_weights_launch_graph_executor_on_stream",
            "optix_9_1_validated": false,
            "output_contract": "caller_supplied_or_allocated_torch_device_uint64_weighted_sum_scalar",
            "output_scalar_allocation": "caller_supplied_override",
            "output_scalar_caller_override_supported": true,
            "output_scalar_primary_allocation": "rtdl_allocated_uint64_device_scalar",
            "output_source_protocol": "torch",
            "partner": "torch",
            "partner_claim_status": "measured_on_v4_goal4633_pod_optix8",
            "partner_support_declared_unmeasured": [
              "cupy"
            ],
            "performance_caveat": "largest_shape_barely_clears_1_20x_floor_not_large_speedup",
            "phase_timing_seconds": {
              "executor_prepare": 7.517635822296143e-05,
              "native_stream_launch_enqueue": 5.3260475397109985e-05
            },
            "pod_candidate_partners": [],
            "prepared_ray_batch_seconds": 0.0041042715311050415,
            "prepared_ray_batch_used": true,
            "prepared_scene_used": true,
            "public_speedup_claim_authorized": false,
            "python_ray_object_boundary_in_hot_path": false,
            "query_rays_uploaded_each_run": false,
            "ray_count": 262144,
            "ray_weights_source_protocol": "torch",
            "ray_weights_uploaded_each_run": false,
            "release_claim_authorized": false,
            "scene_data_residency": "rtdl_owned_prepared_optix_scene_from_caller_device_triangle_columns",
            "scene_preparation_ownership": "caller_initiated_v4_prepare_static_triangle_scene_from_device_triangle_columns",
            "surface_status": "tier2_measured_pod_validated_not_release",
            "tier3_callback_claim_authorized": false,
            "true_zero_copy_authorized": false,
            "v4_api_surface": "v4_ray_triangle_any_hit_weighted_sum_3d_device_arrays",
            "validated_driver": "570.195.03",
            "validated_gpu_family": "RTX A5000 / Ampere",
            "validated_optix_abi": "8.0",
            "validated_partner_scope": "torch 2.8.0+cu128",
            "weighted_sum_downloaded_to_host_in_hot_path": false,
            "whole_app_speedup_claim_authorized": false
          },
          "min_s": 0.00027489662170410156,
          "output_contract": "caller_supplied_or_allocated_torch_device_uint64_scalar",
          "tier": "tier2_generic_fused_rt_primitive_device_array_candidate",
          "timings_s": [
            0.00028296560049057007,
            0.000288546085357666,
            0.00028576329350471497,
            0.00028623268008232117,
            0.0002843998372554779,
            0.00028431788086891174,
            0.00028304383158683777,
            0.0002855062484741211,
            0.0003107599914073944,
            0.00028803572058677673,
            0.000279448926448822,
            0.0002772621810436249,
            0.0002825520932674408,
            0.00027548521757125854,
            0.00028070807456970215,
            0.00027833133935928345,
            0.00027489662170410156,
            0.000280626118183136,
            0.0002766512334346771,
            0.000278327614068985,
            0.0002789311110973358,
            0.00028429925441741943,
            0.0002780221402645111,
            0.0002764277160167694,
            0.00027607008814811707,
            0.00029841065406799316,
            0.0002812594175338745,
            0.00027726590633392334,
            0.00027696043252944946,
            0.0002803727984428406
          ],
          "weighted_sum_downloaded_to_host_in_hot_path": false
        },
        "host_scalar_route": {
          "generic_primitive": "RAY_TRIANGLE_ANY_HIT_WEIGHTED_SUM_3D",
          "host_scalar_read_before_consumer": true,
          "max_s": 0.0004995241761207581,
          "median_s": 0.00044997595250606537,
          "metadata": {
            "backend": "optix",
            "claim_boundary": {
              "native_app_api": false,
              "public_speedup_claim": false,
              "row_witnesses": false,
              "true_zero_copy": false
            },
            "contract": "PREPARED_TRIANGLE_SCENE_3D_PREPARED_RAY_BATCH_ANY_HIT_WEIGHTED_SUM_DEVICE_WEIGHTS_V1",
            "phase_timing_seconds": {
              "prepare_build": 0.020485233515501022,
              "prepared_ray_batch_prepare": 0.0041042715311050415,
              "query_pack": 6.597861647605896e-05,
              "traversal": 0.00025993
            },
            "prepared_ray_batch_used": true,
            "prepared_reused": true,
            "prepared_run_index": 35,
            "prepared_scene_used": true,
            "ray_count": 262144,
            "result_kind": "uint64_weighted_any_hit_sum",
            "rows_materialized": false,
            "transfer_metadata": {
              "backend": "optix",
              "direct_device_handoff_authorized": true,
              "direct_device_pointer_observed": true,
              "grouped_host_ray_id_contract_available": false,
              "host_ray_ids_available": false,
              "partner_phase_timings_s": {
                "descriptor_validation_s": 0.0006998367607593536
              },
              "partner_tensor_handoff_authorized": true,
              "per_ray_records_downloaded_to_host": false,
              "prepared_rays_resident_on_device": true,
              "query_rays_packed_on_device_once": true,
              "query_rays_uploaded_each_run": false,
              "ray_batch_created_from": "partner_device_columns",
              "ray_columns_partner_owned": true,
              "ray_columns_true_zero_copy_authorized": false,
              "ray_count": 262144,
              "ray_id_host_bookkeeping_downloaded": false,
              "ray_weights_device_resident": true,
              "ray_weights_source_device": "cuda:0",
              "ray_weights_source_protocol": "torch",
              "ray_weights_uploaded_each_run": false,
              "rt_core_speedup_claim_authorized": false,
              "scalar_sum_returned_to_python": true,
              "source_devices": [
                "cuda:0"
              ],
              "source_protocols": [
                "torch"
              ],
              "static_scene_prepared_on_device": true,
              "transfer_mode": "device_ray3d_columns_gpu_pack",
              "true_zero_copy_authorized": false
            },
            "triangle_count": 262144,
            "weighted_hit_sum": 34359869440
          },
          "min_s": 0.00041877105832099915,
          "tier": "prepared_native_route_with_python_scalar_output",
          "timings_s": [
            0.0004729926586151123,
            0.0004771389067173004,
            0.00048748403787612915,
            0.0004995241761207581,
            0.00047934427857398987,
            0.00047667697072029114,
            0.00045637786388397217,
            0.0004510916769504547,
            0.00045196712017059326,
            0.0004555732011795044,
            0.0004551894962787628,
            0.0004504173994064331,
            0.00046988576650619507,
            0.0004648752510547638,
            0.0004396215081214905,
            0.00043454021215438843,
            0.0004376806318759918,
            0.00043530017137527466,
            0.00043711066246032715,
            0.00043402984738349915,
            0.0004329085350036621,
            0.00043890252709388733,
            0.000486031174659729,
            0.00044953450560569763,
            0.0004314817488193512,
            0.0004196241497993469,
            0.00042257457971572876,
            0.00041877105832099915,
            0.0004202798008918762,
            0.0004204176366329193
          ]
        }
      },
      "triangle_count": 262144
    },
    {
      "comparison": {
        "comparison_class": "same_operator_comparable_route",
        "host_materialization_over_device_resident_median_ratio": 1.4818119291612393,
        "interpretation": "This measures the existing host-scalar materialization path against the V4 device-resident output path for the same weighted-sum operator. It is not a pure kernel-vs-kernel figure and does not authorize broad V4, whole-app, or all-benchmark performance claims.",
        "speedup_claim_authorized": false
      },
      "device_output_weighted_sum": 137439215616,
      "expected_weighted_sum": 137439215616,
      "host_scalar_weighted_sum": 137439215616,
      "parity_passed": true,
      "prepare_seconds": 0.14719374105334282,
      "ray_count": 524288,
      "routes": {
        "device_output_frontdoor": {
          "device_output_used": true,
          "generic_primitive": "RAY_TRIANGLE_ANY_HIT_WEIGHTED_SUM_3D",
          "host_materialization_in_hot_path": false,
          "host_scalar_read_before_consumer": false,
          "input_contract": "caller_supplied_torch_device_triangle_ray_and_weight_columns",
          "max_s": 0.000495564192533493,
          "median_s": 0.00048475898802280426,
          "metadata": {
            "adapter": "v4_ray_triangle_any_hit_weighted_sum_3d_device_arrays",
            "backend": "optix",
            "broad_v4_speedup_claim_authorized": false,
            "comparable_route_geomean": 1.5457333064727565,
            "comparable_route_ratio_range": "1.2011x-2.1459x",
            "comparison_class": "same_operator_comparable_route",
            "contract": "PREPARED_TRIANGLE_SCENE_3D_PREPARED_RAY_BATCH_WEIGHTED_SUM_DEVICE_OUTPUT_GRAPH_EXECUTOR_V1",
            "cuda_stream_ptr_nonzero": true,
            "device_output_used": true,
            "executor_prepare_seconds": 8.98800790309906e-05,
            "generic_primitive": "RAY_TRIANGLE_ANY_HIT_WEIGHTED_SUM_3D",
            "host_materialization_in_hot_path": false,
            "host_row_materialization_before_consumer": false,
            "host_scalar_read_before_consumer": false,
            "input_contract": "caller_supplied_torch_device_ray_triangle_and_weight_columns",
            "launch_count": 35,
            "measured_partner": true,
            "measured_partners": [
              "torch"
            ],
            "native_direct_device_output_scalar": true,
            "native_prepared_route": "prepare_ray_batch_any_hit_weighted_sum_device_output_graph_executor",
            "native_symbol": "rtdl_optix_static_triangle_scene_3d_ray_batch_any_hit_weighted_sum_device_weights_launch_graph_executor_on_stream",
            "optix_9_1_validated": false,
            "output_contract": "caller_supplied_or_allocated_torch_device_uint64_weighted_sum_scalar",
            "output_scalar_allocation": "caller_supplied_override",
            "output_scalar_caller_override_supported": true,
            "output_scalar_primary_allocation": "rtdl_allocated_uint64_device_scalar",
            "output_source_protocol": "torch",
            "partner": "torch",
            "partner_claim_status": "measured_on_v4_goal4633_pod_optix8",
            "partner_support_declared_unmeasured": [
              "cupy"
            ],
            "performance_caveat": "largest_shape_barely_clears_1_20x_floor_not_large_speedup",
            "phase_timing_seconds": {
              "executor_prepare": 8.98800790309906e-05,
              "native_stream_launch_enqueue": 6.604939699172974e-05
            },
            "pod_candidate_partners": [],
            "prepared_ray_batch_seconds": 0.003801640123128891,
            "prepared_ray_batch_used": true,
            "prepared_scene_used": true,
            "public_speedup_claim_authorized": false,
            "python_ray_object_boundary_in_hot_path": false,
            "query_rays_uploaded_each_run": false,
            "ray_count": 524288,
            "ray_weights_source_protocol": "torch",
            "ray_weights_uploaded_each_run": false,
            "release_claim_authorized": false,
            "scene_data_residency": "rtdl_owned_prepared_optix_scene_from_caller_device_triangle_columns",
            "scene_preparation_ownership": "caller_initiated_v4_prepare_static_triangle_scene_from_device_triangle_columns",
            "surface_status": "tier2_measured_pod_validated_not_release",
            "tier3_callback_claim_authorized": false,
            "true_zero_copy_authorized": false,
            "v4_api_surface": "v4_ray_triangle_any_hit_weighted_sum_3d_device_arrays",
            "validated_driver": "570.195.03",
            "validated_gpu_family": "RTX A5000 / Ampere",
            "validated_optix_abi": "8.0",
            "validated_partner_scope": "torch 2.8.0+cu128",
            "weighted_sum_downloaded_to_host_in_hot_path": false,
            "whole_app_speedup_claim_authorized": false
          },
          "min_s": 0.0004803314805030823,
          "output_contract": "caller_supplied_or_allocated_torch_device_uint64_scalar",
          "tier": "tier2_generic_fused_rt_primitive_device_array_candidate",
          "timings_s": [
            0.0004852376878261566,
            0.0004836432635784149,
            0.0004892423748970032,
            0.0004854537546634674,
            0.00048703327775001526,
            0.00048386305570602417,
            0.000495564192533493,
            0.0004918649792671204,
            0.0004866272211074829,
            0.000489257276058197,
            0.0004814267158508301,
            0.0004821009933948517,
            0.00048336759209632874,
            0.0004803314805030823,
            0.0004907026886940002,
            0.0004903115332126617,
            0.0004830993711948395,
            0.0004872232675552368,
            0.0004825517535209656,
            0.0004837401211261749,
            0.00048043206334114075,
            0.0004899203777313232,
            0.0004875101149082184,
            0.00048386305570602417,
            0.0004865787923336029,
            0.0004842802882194519,
            0.00048242881894111633,
            0.00048331916332244873,
            0.0004813671112060547,
            0.0004856809973716736
          ],
          "weighted_sum_downloaded_to_host_in_hot_path": false
        },
        "host_scalar_route": {
          "generic_primitive": "RAY_TRIANGLE_ANY_HIT_WEIGHTED_SUM_3D",
          "host_scalar_read_before_consumer": true,
          "max_s": 0.0007867403328418732,
          "median_s": 0.0007183216512203217,
          "metadata": {
            "backend": "optix",
            "claim_boundary": {
              "native_app_api": false,
              "public_speedup_claim": false,
              "row_witnesses": false,
              "true_zero_copy": false
            },
            "contract": "PREPARED_TRIANGLE_SCENE_3D_PREPARED_RAY_BATCH_ANY_HIT_WEIGHTED_SUM_DEVICE_WEIGHTS_V1",
            "phase_timing_seconds": {
              "prepare_build": 0.14143606275320053,
              "prepared_ray_batch_prepare": 0.003801640123128891,
              "query_pack": 8.453428745269775e-05,
              "traversal": 0.00046099
            },
            "prepared_ray_batch_used": true,
            "prepared_reused": true,
            "prepared_run_index": 35,
            "prepared_scene_used": true,
            "ray_count": 524288,
            "result_kind": "uint64_weighted_any_hit_sum",
            "rows_materialized": false,
            "transfer_metadata": {
              "backend": "optix",
              "direct_device_handoff_authorized": true,
              "direct_device_pointer_observed": true,
              "grouped_host_ray_id_contract_available": false,
              "host_ray_ids_available": false,
              "partner_phase_timings_s": {
                "descriptor_validation_s": 0.0008119940757751465
              },
              "partner_tensor_handoff_authorized": true,
              "per_ray_records_downloaded_to_host": false,
              "prepared_rays_resident_on_device": true,
              "query_rays_packed_on_device_once": true,
              "query_rays_uploaded_each_run": false,
              "ray_batch_created_from": "partner_device_columns",
              "ray_columns_partner_owned": true,
              "ray_columns_true_zero_copy_authorized": false,
              "ray_count": 524288,
              "ray_id_host_bookkeeping_downloaded": false,
              "ray_weights_device_resident": true,
              "ray_weights_source_device": "cuda:0",
              "ray_weights_source_protocol": "torch",
              "ray_weights_uploaded_each_run": false,
              "rt_core_speedup_claim_authorized": false,
              "scalar_sum_returned_to_python": true,
              "source_devices": [
                "cuda:0"
              ],
              "source_protocols": [
                "torch"
              ],
              "static_scene_prepared_on_device": true,
              "transfer_mode": "device_ray3d_columns_gpu_pack",
              "true_zero_copy_authorized": false
            },
            "triangle_count": 524288,
            "weighted_hit_sum": 137439215616
          },
          "min_s": 0.0006604082882404327,
          "tier": "prepared_native_route_with_python_scalar_output",
          "timings_s": [
            0.000748366117477417,
            0.0007597506046295166,
            0.0007747411727905273,
            0.0007867403328418732,
            0.0007718279957771301,
            0.0007523596286773682,
            0.00074748694896698,
            0.0007608607411384583,
            0.0007762014865875244,
            0.0007555894553661346,
            0.0007147565484046936,
            0.0007150359451770782,
            0.0007265247404575348,
            0.0007339119911193848,
            0.0007511898875236511,
            0.0007234551012516022,
            0.0007181055843830109,
            0.0007164217531681061,
            0.0007185377180576324,
            0.0007158704102039337,
            0.0007003434002399445,
            0.0006865188479423523,
            0.0006865598261356354,
            0.0006835535168647766,
            0.0007079429924488068,
            0.000690024346113205,
            0.0006669946014881134,
            0.0006604082882404327,
            0.0006640329957008362,
            0.0006657987833023071
          ]
        }
      },
      "triangle_count": 524288
    }
  ],
  "started_utc": "2026-06-25T07:33:52Z",
  "surface": "v4_ray_triangle_any_hit_weighted_sum_3d_device_arrays",
  "surface_status_after_gate_candidate": "tier2_candidate_goal4620_not_measured",
  "surface_status_before_gate": "tier2_candidate_goal4620_not_measured",
  "validated_gpu_family": "RTX A5000 / Ampere",
  "validated_optix_abi": "8.0",
  "validated_partner_scope": "torch"
}
[goal4639] done rc=0 elapsed_s=4.407
[goal4639] start: /usr/bin/python3 scripts/v3_phoenix_component_union_m38_pod_ab.py --output-dir future/v4/evidence/v4_goal4639_release_scorecard_pod_gate_2026-06-25/fixed_radius_graph_component_union --variant all --dataset clustered3d --point-count 262144 --radius 3.0 --min-neighbors 4 --seed 20260625 --repeat 5 --warmup 1 --require-rt-hardware --heartbeat-sec 30
[phoenix-v3-component-union-m39] variant=embree_same_contract_component_union_control point_count=262144 repeat=5
[phoenix-v3-component-union-m39] variant=legacy_optix_grouped_stream_component_labels point_count=262144 repeat=5
[phoenix-v3-component-union-m39] variant=productized_prepared_execution_runner point_count=262144 repeat=5
{
  "all_app_pod_spend_authorized": false,
  "broad_v3_faster_than_v2_claim_authorized": false,
  "comparisons": {
    "all_variant_canonical_component_signatures_match": true,
    "legacy_no_regression": true,
    "material_set_a_candidate": true,
    "runner_vs_embree_hot_speedup": 1.439048210288102,
    "runner_vs_embree_wall_speedup": 1.6034593043857517,
    "runner_vs_legacy_hot_speedup": 0.9988066077398938,
    "runner_vs_legacy_wall_speedup": 1.202939819968434,
    "status": "computed"
  },
  "component_labels_contract": true,
  "component_signature_shortcut_blocked": true,
  "component_union_m39_harness_exists": true,
  "dry_run": false,
  "external_embedding_or_zero_copy_claim_authorized": false,
  "failed_check_count": 0,
  "focused_pod_spend_authorized_now": false,
  "legacy_no_regression": true,
  "material_set_a_candidate": true,
  "public_speedup_claim_authorized": false,
  "release_authorized": false,
  "same_generated_point_set_enforced": true,
  "schema": "rtdl.phoenix_v3.component_union_m38_pod_ab.v1",
  "selected_variants": [
    "embree_same_contract_component_union_control",
    "legacy_optix_grouped_stream_component_labels",
    "productized_prepared_execution_runner"
  ],
  "status": "component_union_m39_focused_pod_run_complete_not_release",
  "true_zero_copy_claim_authorized": false,
  "variant_count": 3
}
[goal4639] done rc=0 elapsed_s=43.063
[goal4639] start: /usr/bin/python3 scripts/v3_0_m30_librts_prepared_all_ops_refresh.py --box-count 1000000 --query-count 1000 --seed 2025 --max-box-width 0.005 --max-box-height 0.005 --max-query-width 0.005 --max-query-height 0.005 --operation all --backends embree,optix --warmup 1 --repeat-overrides embree=240,optix=240 --output future/v4/evidence/v4_goal4639_release_scorecard_pod_gate_2026-06-25/aabb_index_all_ops_count.json
{
  "status": "ok",
  "comparison": {
    "all_counts_match_cross_backend": true,
    "all_same_contract": true,
    "all_same_contract_family": true,
    "accepted_contract_family": "generic_prepared_aabb_index_query_2d",
    "accepted_contracts": [
      "generic_prepared_aabb_index_query_2d",
      "generic_prepared_aabb_index_query_2d_count",
      "generic_prepared_aabb_index_query_2d_optix_prepared_query_set_count"
    ],
    "all_primitive_first_no_partner": true,
    "all_public_speedup_disabled": true,
    "same_contract_backend_pair": {
      "embree_query_median_sec": 0.5037781689316034,
      "optix_query_median_sec": 0.0016176365315914154,
      "embree_over_optix_query_median": 311.4285311274414,
      "embree_query_total_sec": 125.57131263241172,
      "optix_query_total_sec": 0.7623483538627625,
      "embree_repeat": 240,
      "optix_repeat": 240,
      "embree_contract": "generic_prepared_aabb_index_query_2d_count",
      "optix_contract": "generic_prepared_aabb_index_query_2d_optix_prepared_query_set_count",
      "same_contract": true,
      "same_contract_family": true,
      "same_counts": true,
      "same_dataset": true,
      "comparison_scope": "internal_same_contract_prepared_aabb_all_ops_refresh_not_public_speedup"
    },
    "public_speedup_claim_authorized": false
  },
  "rows": [
    {
      "backend": "embree",
      "mode": "embree_aabb_index",
      "operation": "all",
      "generic_primitive": "AABB_INDEX_QUERY_2D",
      "primitive_contract": "generic_prepared_aabb_index_query_2d_count",
      "counts": {
        "point_contains": 6251,
        "range_contains": 693,
        "range_intersects": 25079
      },
      "counts_signature": "{\"point_contains\": 6251, \"range_contains\": 693, \"range_intersects\": 25079}",
      "matches_cpu_reference": null,
      "cpu_reference_skipped": true,
      "fixture": {
        "dataset": "uniform",
        "box_count": 1000000,
        "point_query_count": 1000,
        "box_query_count": 1000,
        "seed": 2025,
        "paper_equivalent_dataset": false
      },
      "box_count": 1000000,
      "point_query_count": 1000,
      "box_query_count": 1000,
      "scene_prepare_sec": 7.998960852622986,
      "query_prepare_sec": {},
      "query_sec": {
        "all": 0.5037781689316034
      },
      "query_median_sec": 0.5037781689316034,
      "query_summed_median_sec": 0.5037781689316034,
      "query_total_sec": 125.57131263241172,
      "query_repeat": 240,
      "query_warmup": 1,
      "repeat_protocol": {
        "repeat": 240,
        "warmup": 1,
        "measured_run_count": 240,
        "query_sec_median": 0.5037781689316034,
        "query_sec_total": 125.57131263241172
      },
      "elapsed_cold_plus_hot_median_sec": 8.50273902155459,
      "prepared_queries": true,
      "multi_operation_native_used": true,
      "rt_core_accelerated": false,
      "native_engine_customization": false,
      "partner_continuation_required": false,
      "public_speedup_claim_authorized": false
    },
    {
      "backend": "optix",
      "mode": "optix_aabb_index",
      "operation": "all",
      "generic_primitive": "AABB_INDEX_QUERY_2D",
      "primitive_contract": "generic_prepared_aabb_index_query_2d_optix_prepared_query_set_count",
      "counts": {
        "point_contains": 6251,
        "range_contains": 693,
        "range_intersects": 25079
      },
      "counts_signature": "{\"point_contains\": 6251, \"range_contains\": 693, \"range_intersects\": 25079}",
      "matches_cpu_reference": null,
      "cpu_reference_skipped": true,
      "fixture": {
        "dataset": "uniform",
        "box_count": 1000000,
        "point_query_count": 1000,
        "box_query_count": 1000,
        "seed": 2025,
        "paper_equivalent_dataset": false
      },
      "box_count": 1000000,
      "point_query_count": 1000,
      "box_query_count": 1000,
      "scene_prepare_sec": 3.2145771756768227,
      "query_prepare_sec": {
        "prepared_query_handles_in_runner_prepare_phase": 0.0
      },
      "query_sec": {
        "multi_operation_packed_queries": 0.0016176365315914154
      },
      "query_median_sec": 0.0016176365315914154,
      "query_summed_median_sec": 0.0016176365315914154,
      "query_total_sec": 0.7623483538627625,
      "query_repeat": 240,
      "query_warmup": 1,
      "repeat_protocol": {
        "repeat": 240,
        "warmup": 1,
        "measured_run_count": 240,
        "query_sec_median": 0.0016176365315914154,
        "query_sec_total": 0.7623483538627625
      },
      "elapsed_cold_plus_hot_median_sec": 3.216194812208414,
      "prepared_queries": true,
      "multi_operation_native_used": true,
      "rt_core_accelerated": true,
      "native_engine_customization": false,
      "partner_continuation_required": false,
      "public_speedup_claim_authorized": false
    }
  ]
}
wrote future/v4/evidence/v4_goal4639_release_scorecard_pod_gate_2026-06-25/aabb_index_all_ops_count.json
[goal4639] done rc=0 elapsed_s=151.132
[goal4639] wrote future/v4/evidence/v4_goal4639_release_scorecard_pod_gate_2026-06-25/summary.json
[goal4639] wrote future/v4/evidence/v4_goal4639_release_scorecard_pod_gate_2026-06-25/summary.md
[goal4639] recommendation=release_candidate_possible_pending_3ai
