{
  "app": "rayjoin_v2_spatial_join",
  "backend": "embree",
  "counts_stable": true,
  "dataset": "data/rayjoin_public_cdb/br_county_start256_count512.cdb",
  "hot_median_sec": 0.0007936879992485046,
  "hot_native_traversal_median_sec": 0.0007529465,
  "output_contract": "native_embree_prepared_scalar_count_no_row_materialization",
  "prepared_count_required": true,
  "row_count": 1417,
  "runs": [
    {
      "elapsed_sec": 0.024594493210315704,
      "is_warmup": true,
      "iteration": 0,
      "native_traversal_sec": 0.002225881,
      "row_count": 1417
    },
    {
      "elapsed_sec": 0.0012895315885543823,
      "is_warmup": true,
      "iteration": 1,
      "native_traversal_sec": 0.00119444,
      "row_count": 1417
    },
    {
      "elapsed_sec": 0.001224614679813385,
      "is_warmup": true,
      "iteration": 2,
      "native_traversal_sec": 0.001140689,
      "row_count": 1417
    },
    {
      "elapsed_sec": 0.0010487064719200134,
      "is_warmup": true,
      "iteration": 3,
      "native_traversal_sec": 0.000975123,
      "row_count": 1417
    },
    {
      "elapsed_sec": 0.0010298117995262146,
      "is_warmup": true,
      "iteration": 4,
      "native_traversal_sec": 0.000957991,
      "row_count": 1417
    },
    {
      "elapsed_sec": 0.0010302886366844177,
      "is_warmup": true,
      "iteration": 5,
      "native_traversal_sec": 0.000960696,
      "row_count": 1417
    },
    {
      "elapsed_sec": 0.0012209787964820862,
      "is_warmup": true,
      "iteration": 6,
      "native_traversal_sec": 0.00115214,
      "row_count": 1417
    },
    {
      "elapsed_sec": 0.001133255660533905,
      "is_warmup": true,
      "iteration": 7,
      "native_traversal_sec": 0.001062891,
      "row_count": 1417
    },
    {
      "elapsed_sec": 0.0010180920362472534,
      "is_warmup": true,
      "iteration": 8,
      "native_traversal_sec": 0.000949504,
      "row_count": 1417
    },
    {
      "elapsed_sec": 0.00121210515499115,
      "is_warmup": true,
      "iteration": 9,
      "native_traversal_sec": 0.001143844,
      "row_count": 1417
    },
    {
      "elapsed_sec": 0.0012035369873046875,
      "is_warmup": false,
      "iteration": 10,
      "native_traversal_sec": 0.001132693,
      "row_count": 1417
    },
    {
      "elapsed_sec": 0.0010516569018363953,
      "is_warmup": false,
      "iteration": 11,
      "native_traversal_sec": 0.000980133,
      "row_count": 1417
    },
    {
      "elapsed_sec": 0.0009858831763267517,
      "is_warmup": false,
      "iteration": 12,
      "native_traversal_sec": 0.000901734,
      "row_count": 1417
    },
    {
      "elapsed_sec": 0.0010681971907615662,
      "is_warmup": false,
      "iteration": 13,
      "native_traversal_sec": 0.000977709,
      "row_count": 1417
    },
    {
      "elapsed_sec": 0.0009690001606941223,
      "is_warmup": false,
      "iteration": 14,
      "native_traversal_sec": 0.000883981,
      "row_count": 1417
    },
    {
      "elapsed_sec": 0.0010204911231994629,
      "is_warmup": false,
      "iteration": 15,
      "native_traversal_sec": 0.000953182,
      "row_count": 1417
    },
    {
      "elapsed_sec": 0.0009476765990257263,
      "is_warmup": false,
      "iteration": 16,
      "native_traversal_sec": 0.000880073,
      "row_count": 1417
    },
    {
      "elapsed_sec": 0.0010546818375587463,
      "is_warmup": false,
      "iteration": 17,
      "native_traversal_sec": 0.000988139,
      "row_count": 1417
    },
    {
      "elapsed_sec": 0.0009749233722686768,
      "is_warmup": false,
      "iteration": 18,
      "native_traversal_sec": 0.000903728,
      "row_count": 1417
    },
    {
      "elapsed_sec": 0.0009948909282684326,
      "is_warmup": false,
      "iteration": 19,
      "native_traversal_sec": 0.000928766,
      "row_count": 1417
    },
    {
      "elapsed_sec": 0.0011744648218154907,
      "is_warmup": false,
      "iteration": 20,
      "native_traversal_sec": 0.001105892,
      "row_count": 1417
    },
    {
      "elapsed_sec": 0.0011753067374229431,
      "is_warmup": false,
      "iteration": 21,
      "native_traversal_sec": 0.001107775,
      "row_count": 1417
    },
    {
      "elapsed_sec": 0.001072615385055542,
      "is_warmup": false,
      "iteration": 22,
      "native_traversal_sec": 0.001002706,
      "row_count": 1417
    },
    {
      "elapsed_sec": 0.0009849518537521362,
      "is_warmup": false,
      "iteration": 23,
      "native_traversal_sec": 0.000917404,
      "row_count": 1417
    },
    {
      "elapsed_sec": 0.001147545874118805,
      "is_warmup": false,
      "iteration": 24,
      "native_traversal_sec": 0.001080624,
      "row_count": 1417
    },
    {
      "elapsed_sec": 0.0009893402457237244,
      "is_warmup": false,
      "iteration": 25,
      "native_traversal_sec": 0.000919668,
      "row_count": 1417
    },
    {
      "elapsed_sec": 0.0011736825108528137,
      "is_warmup": false,
      "iteration": 26,
      "native_traversal_sec": 0.001104831,
      "row_count": 1417
    },
    {
      "elapsed_sec": 0.0010046511888504028,
      "is_warmup": false,
      "iteration": 27,
      "native_traversal_sec": 0.000935829,
      "row_count": 1417
    },
    {
      "elapsed_sec": 0.0012969374656677246,
      "is_warmup": false,
      "iteration": 28,
      "native_traversal_sec": 0.001229117,
      "row_count": 1417
    },
    {
      "elapsed_sec": 0.0011953935027122498,
      "is_warmup": false,
      "iteration": 29,
      "native_traversal_sec": 0.001124718,
      "row_count": 1417
    },
    {
      "elapsed_sec": 0.0010707452893257141,
      "is_warmup": false,
      "iteration": 30,
      "native_traversal_sec": 0.001002004,
      "row_count": 1417
    },
    {
      "elapsed_sec": 0.001173846423625946,
      "is_warmup": false,
      "iteration": 31,
      "native_traversal_sec": 0.001106683,
      "row_count": 1417
    },
    {
      "elapsed_sec": 0.001005813479423523,
      "is_warmup": false,
      "iteration": 32,
      "native_traversal_sec": 0.000938654,
      "row_count": 1417
    },
    {
      "elapsed_sec": 0.0009985193610191345,
      "is_warmup": false,
      "iteration": 33,
      "native_traversal_sec": 0.000928916,
      "row_count": 1417
    },
    {
      "elapsed_sec": 0.0009673982858657837,
      "is_warmup": false,
      "iteration": 34,
      "native_traversal_sec": 0.00089973,
      "row_count": 1417
    },
    {
      "elapsed_sec": 0.0012723058462142944,
      "is_warmup": false,
      "iteration": 35,
      "native_traversal_sec": 0.001203357,
      "row_count": 1417
    },
    {
      "elapsed_sec": 0.0010166913270950317,
      "is_warmup": false,
      "iteration": 36,
      "native_traversal_sec": 0.00094662,
      "row_count": 1417
    },
    {
      "elapsed_sec": 0.0010991767048835754,
      "is_warmup": false,
      "iteration": 37,
      "native_traversal_sec": 0.001029186,
      "row_count": 1417
    },
    {
      "elapsed_sec": 0.0009670853614807129,
      "is_warmup": false,
      "iteration": 38,
      "native_traversal_sec": 0.000897005,
      "row_count": 1417
    },
    {
      "elapsed_sec": 0.0010125041007995605,
      "is_warmup": false,
      "iteration": 39,
      "native_traversal_sec": 0.000945858,
      "row_count": 1417
    },
    {
      "elapsed_sec": 0.0009736120700836182,
      "is_warmup": false,
      "iteration": 40,
      "native_traversal_sec": 0.000906162,
      "row_count": 1417
    },
    {
      "elapsed_sec": 0.0010009407997131348,
      "is_warmup": false,
      "iteration": 41,
      "native_traversal_sec": 0.000935057,
      "row_count": 1417
    },
    {
      "elapsed_sec": 0.000984296202659607,
      "is_warmup": false,
      "iteration": 42,
      "native_traversal_sec": 0.000916081,
      "row_count": 1417
    },
    {
      "elapsed_sec": 0.0010649338364601135,
      "is_warmup": false,
      "iteration": 43,
      "native_traversal_sec": 0.00099969,
      "row_count": 1417
    },
    {
      "elapsed_sec": 0.000912986695766449,
      "is_warmup": false,
      "iteration": 44,
      "native_traversal_sec": 0.000830549,
      "row_count": 1417
    },
    {
      "elapsed_sec": 0.000988200306892395,
      "is_warmup": false,
      "iteration": 45,
      "native_traversal_sec": 0.000927904,
      "row_count": 1417
    },
    {
      "elapsed_sec": 0.0008935108780860901,
      "is_warmup": false,
      "iteration": 46,
      "native_traversal_sec": 0.000834326,
      "row_count": 1417
    },
    {
      "elapsed_sec": 0.001051679253578186,
      "is_warmup": false,
      "iteration": 47,
      "native_traversal_sec": 0.000992878,
      "row_count": 1417
    },
    {
      "elapsed_sec": 0.0009869858622550964,
      "is_warmup": false,
      "iteration": 48,
      "native_traversal_sec": 0.000925639,
      "row_count": 1417
    },
    {
      "elapsed_sec": 0.0009218081831932068,
      "is_warmup": false,
      "iteration": 49,
      "native_traversal_sec": 0.00086275,
      "row_count": 1417
    },
    {
      "elapsed_sec": 0.000939100980758667,
      "is_warmup": false,
      "iteration": 50,
      "native_traversal_sec": 0.000879331,
      "row_count": 1417
    },
    {
      "elapsed_sec": 0.0012674108147621155,
      "is_warmup": false,
      "iteration": 51,
      "native_traversal_sec": 0.001207235,
      "row_count": 1417
    },
    {
      "elapsed_sec": 0.0009244605898857117,
      "is_warmup": false,
      "iteration": 52,
      "native_traversal_sec": 0.000861027,
      "row_count": 1417
    },
    {
      "elapsed_sec": 0.0009611770510673523,
      "is_warmup": false,
      "iteration": 53,
      "native_traversal_sec": 0.000901204,
      "row_count": 1417
    },
    {
      "elapsed_sec": 0.000914357602596283,
      "is_warmup": false,
      "iteration": 54,
      "native_traversal_sec": 0.000853082,
      "row_count": 1417
    },
    {
      "elapsed_sec": 0.0010124966502189636,
      "is_warmup": false,
      "iteration": 55,
      "native_traversal_sec": 0.000951138,
      "row_count": 1417
    },
    {
      "elapsed_sec": 0.0009885504841804504,
      "is_warmup": false,
      "iteration": 56,
      "native_traversal_sec": 0.000924617,
      "row_count": 1417
    },
    {
      "elapsed_sec": 0.0011092573404312134,
      "is_warmup": false,
      "iteration": 57,
      "native_traversal_sec": 0.001047782,
      "row_count": 1417
    },
    {
      "elapsed_sec": 0.0010209083557128906,
      "is_warmup": false,
      "iteration": 58,
      "native_traversal_sec": 0.000959434,
      "row_count": 1417
    },
    {
      "elapsed_sec": 0.0011531412601470947,
      "is_warmup": false,
      "iteration": 59,
      "native_traversal_sec": 0.001092286,
      "row_count": 1417
    },
    {
      "elapsed_sec": 0.0009644925594329834,
      "is_warmup": false,
      "iteration": 60,
      "native_traversal_sec": 0.000902075,
      "row_count": 1417
    },
    {
      "elapsed_sec": 0.0009091272950172424,
      "is_warmup": false,
      "iteration": 61,
      "native_traversal_sec": 0.0008363,
      "row_count": 1417
    },
    {
      "elapsed_sec": 0.0009957924485206604,
      "is_warmup": false,
      "iteration": 62,
      "native_traversal_sec": 0.000935358,
      "row_count": 1417
    },
    {
      "elapsed_sec": 0.0008997470140457153,
      "is_warmup": false,
      "iteration": 63,
      "native_traversal_sec": 0.000838844,
      "row_count": 1417
    },
    {
      "elapsed_sec": 0.0009124353528022766,
      "is_warmup": false,
      "iteration": 64,
      "native_traversal_sec": 0.000850937,
      "row_count": 1417
    },
    {
      "elapsed_sec": 0.000988692045211792,
      "is_warmup": false,
      "iteration": 65,
      "native_traversal_sec": 0.000929296,
      "row_count": 1417
    },
    {
      "elapsed_sec": 0.0009521022439002991,
      "is_warmup": false,
      "iteration": 66,
      "native_traversal_sec": 0.000891575,
      "row_count": 1417
    },
    {
      "elapsed_sec": 0.0012377873063087463,
      "is_warmup": false,
      "iteration": 67,
      "native_traversal_sec": 0.00117337,
      "row_count": 1417
    },
    {
      "elapsed_sec": 0.001082099974155426,
      "is_warmup": false,
      "iteration": 68,
      "native_traversal_sec": 0.001001003,
      "row_count": 1417
    },
    {
      "elapsed_sec": 0.0010788887739181519,
      "is_warmup": false,
      "iteration": 69,
      "native_traversal_sec": 0.001013236,
      "row_count": 1417
    },
    {
      "elapsed_sec": 0.0010389983654022217,
      "is_warmup": false,
      "iteration": 70,
      "native_traversal_sec": 0.000976196,
      "row_count": 1417
    },
    {
      "elapsed_sec": 0.001027911901473999,
      "is_warmup": false,
      "iteration": 71,
      "native_traversal_sec": 0.000965515,
      "row_count": 1417
    },
    {
      "elapsed_sec": 0.000988110899925232,
      "is_warmup": false,
      "iteration": 72,
      "native_traversal_sec": 0.000925609,
      "row_count": 1417
    },
    {
      "elapsed_sec": 0.0010473951697349548,
      "is_warmup": false,
      "iteration": 73,
      "native_traversal_sec": 0.000987948,
      "row_count": 1417
    },
    {
      "elapsed_sec": 0.001045025885105133,
      "is_warmup": false,
      "iteration": 74,
      "native_traversal_sec": 0.000983038,
      "row_count": 1417
    },
    {
      "elapsed_sec": 0.000984184443950653,
      "is_warmup": false,
      "iteration": 75,
      "native_traversal_sec": 0.000927784,
      "row_count": 1417
    },
    {
      "elapsed_sec": 0.0007843524217605591,
      "is_warmup": false,
      "iteration": 76,
      "native_traversal_sec": 0.000742792,
      "row_count": 1417
    },
    {
      "elapsed_sec": 0.0008094310760498047,
      "is_warmup": false,
      "iteration": 77,
      "native_traversal_sec": 0.000768251,
      "row_count": 1417
    },
    {
      "elapsed_sec": 0.0007760524749755859,
      "is_warmup": false,
      "iteration": 78,
      "native_traversal_sec": 0.000735588,
      "row_count": 1417
    },
    {
      "elapsed_sec": 0.0007980465888977051,
      "is_warmup": false,
      "iteration": 79,
      "native_traversal_sec": 0.0007578,
      "row_count": 1417
    },
    {
      "elapsed_sec": 0.0007150992751121521,
      "is_warmup": false,
      "iteration": 80,
      "native_traversal_sec": 0.000674883,
      "row_count": 1417
    },
    {
      "elapsed_sec": 0.0007578283548355103,
      "is_warmup": false,
      "iteration": 81,
      "native_traversal_sec": 0.000717383,
      "row_count": 1417
    },
    {
      "elapsed_sec": 0.0006999894976615906,
      "is_warmup": false,
      "iteration": 82,
      "native_traversal_sec": 0.000660235,
      "row_count": 1417
    },
    {
      "elapsed_sec": 0.0008063539862632751,
      "is_warmup": false,
      "iteration": 83,
      "native_traversal_sec": 0.000766948,
      "row_count": 1417
    },
    {
      "elapsed_sec": 0.0009036287665367126,
      "is_warmup": false,
      "iteration": 84,
      "native_traversal_sec": 0.000863582,
      "row_count": 1417
    },
    {
      "elapsed_sec": 0.0007912218570709229,
      "is_warmup": false,
      "iteration": 85,
      "native_traversal_sec": 0.000750857,
      "row_count": 1417
    },
    {
      "elapsed_sec": 0.0007920190691947937,
      "is_warmup": false,
      "iteration": 86,
      "native_traversal_sec": 0.000751639,
      "row_count": 1417
    },
    {
      "elapsed_sec": 0.0008424818515777588,
      "is_warmup": false,
      "iteration": 87,
      "native_traversal_sec": 0.000802516,
      "row_count": 1417
    },
    {
      "elapsed_sec": 0.0007943212985992432,
      "is_warmup": false,
      "iteration": 88,
      "native_traversal_sec": 0.000753603,
      "row_count": 1417
    },
    {
      "elapsed_sec": 0.0008268877863883972,
      "is_warmup": false,
      "iteration": 89,
      "native_traversal_sec": 0.000786004,
      "row_count": 1417
    },
    {
      "elapsed_sec": 0.0008433163166046143,
      "is_warmup": false,
      "iteration": 90,
      "native_traversal_sec": 0.000802315,
      "row_count": 1417
    },
    {
      "elapsed_sec": 0.0008338168263435364,
      "is_warmup": false,
      "iteration": 91,
      "native_traversal_sec": 0.000791785,
      "row_count": 1417
    },
    {
      "elapsed_sec": 0.0007299855351448059,
      "is_warmup": false,
      "iteration": 92,
      "native_traversal_sec": 0.00068922,
      "row_count": 1417
    },
    {
      "elapsed_sec": 0.0008599013090133667,
      "is_warmup": false,
      "iteration": 93,
      "native_traversal_sec": 0.000818796,
      "row_count": 1417
    },
    {
      "elapsed_sec": 0.0010243058204650879,
      "is_warmup": false,
      "iteration": 94,
      "native_traversal_sec": 0.000982948,
      "row_count": 1417
    },
    {
      "elapsed_sec": 0.0008344724774360657,
      "is_warmup": false,
      "iteration": 95,
      "native_traversal_sec": 0.000792266,
      "row_count": 1417
    },
    {
      "elapsed_sec": 0.0008344948291778564,
      "is_warmup": false,
      "iteration": 96,
      "native_traversal_sec": 0.000794119,
      "row_count": 1417
    },
    {
      "elapsed_sec": 0.0008287280797958374,
      "is_warmup": false,
      "iteration": 97,
      "native_traversal_sec": 0.000786886,
      "row_count": 1417
    },
    {
      "elapsed_sec": 0.0008479580283164978,
      "is_warmup": false,
      "iteration": 98,
      "native_traversal_sec": 0.000801693,
      "row_count": 1417
    },
    {
      "elapsed_sec": 0.0008187964558601379,
      "is_warmup": false,
      "iteration": 99,
      "native_traversal_sec": 0.000776857,
      "row_count": 1417
    },
    {
      "elapsed_sec": 0.0007841885089874268,
      "is_warmup": false,
      "iteration": 100,
      "native_traversal_sec": 0.000743103,
      "row_count": 1417
    },
    {
      "elapsed_sec": 0.0007561221718788147,
      "is_warmup": false,
      "iteration": 101,
      "native_traversal_sec": 0.000716983,
      "row_count": 1417
    },
    {
      "elapsed_sec": 0.0007581189274787903,
      "is_warmup": false,
      "iteration": 102,
      "native_traversal_sec": 0.000718285,
      "row_count": 1417
    },
    {
      "elapsed_sec": 0.000757560133934021,
      "is_warmup": false,
      "iteration": 103,
      "native_traversal_sec": 0.000717825,
      "row_count": 1417
    },
    {
      "elapsed_sec": 0.0009916499257087708,
      "is_warmup": false,
      "iteration": 104,
      "native_traversal_sec": 0.000950998,
      "row_count": 1417
    },
    {
      "elapsed_sec": 0.0007708966732025146,
      "is_warmup": false,
      "iteration": 105,
      "native_traversal_sec": 0.000728585,
      "row_count": 1417
    },
    {
      "elapsed_sec": 0.0008002817630767822,
      "is_warmup": false,
      "iteration": 106,
      "native_traversal_sec": 0.000760645,
      "row_count": 1417
    },
    {
      "elapsed_sec": 0.0006566494703292847,
      "is_warmup": false,
      "iteration": 107,
      "native_traversal_sec": 0.000616743,
      "row_count": 1417
    },
    {
      "elapsed_sec": 0.0006976574659347534,
      "is_warmup": false,
      "iteration": 108,
      "native_traversal_sec": 0.000657841,
      "row_count": 1417
    },
    {
      "elapsed_sec": 0.0007775798439979553,
      "is_warmup": false,
      "iteration": 109,
      "native_traversal_sec": 0.000742912,
      "row_count": 1417
    },
    {
      "elapsed_sec": 0.0008241310715675354,
      "is_warmup": false,
      "iteration": 110,
      "native_traversal_sec": 0.00078389,
      "row_count": 1417
    },
    {
      "elapsed_sec": 0.0007736384868621826,
      "is_warmup": false,
      "iteration": 111,
      "native_traversal_sec": 0.000732934,
      "row_count": 1417
    },
    {
      "elapsed_sec": 0.0008180141448974609,
      "is_warmup": false,
      "iteration": 112,
      "native_traversal_sec": 0.000772368,
      "row_count": 1417
    },
    {
      "elapsed_sec": 0.00079316645860672,
      "is_warmup": false,
      "iteration": 113,
      "native_traversal_sec": 0.000750867,
      "row_count": 1417
    },
    {
      "elapsed_sec": 0.0009223222732543945,
      "is_warmup": false,
      "iteration": 114,
      "native_traversal_sec": 0.000881346,
      "row_count": 1417
    },
    {
      "elapsed_sec": 0.0008127689361572266,
      "is_warmup": false,
      "iteration": 115,
      "native_traversal_sec": 0.000771336,
      "row_count": 1417
    },
    {
      "elapsed_sec": 0.0008664503693580627,
      "is_warmup": false,
      "iteration": 116,
      "native_traversal_sec": 0.000763712,
      "row_count": 1417
    },
    {
      "elapsed_sec": 0.0008335411548614502,
      "is_warmup": false,
      "iteration": 117,
      "native_traversal_sec": 0.000792276,
      "row_count": 1417
    },
    {
      "elapsed_sec": 0.0007828772068023682,
      "is_warmup": false,
      "iteration": 118,
      "native_traversal_sec": 0.000742601,
      "row_count": 1417
    },
    {
      "elapsed_sec": 0.0007216036319732666,
      "is_warmup": false,
      "iteration": 119,
      "native_traversal_sec": 0.000679982,
      "row_count": 1417
    },
    {
      "elapsed_sec": 0.0007922202348709106,
      "is_warmup": false,
      "iteration": 120,
      "native_traversal_sec": 0.000750217,
      "row_count": 1417
    },
    {
      "elapsed_sec": 0.0007958635687828064,
      "is_warmup": false,
      "iteration": 121,
      "native_traversal_sec": 0.000755476,
      "row_count": 1417
    },
    {
      "elapsed_sec": 0.0007782876491546631,
      "is_warmup": false,
      "iteration": 122,
      "native_traversal_sec": 0.000737902,
      "row_count": 1417
    },
    {
      "elapsed_sec": 0.000668644905090332,
      "is_warmup": false,
      "iteration": 123,
      "native_traversal_sec": 0.000628254,
      "row_count": 1417
    },
    {
      "elapsed_sec": 0.0009713992476463318,
      "is_warmup": false,
      "iteration": 124,
      "native_traversal_sec": 0.000931832,
      "row_count": 1417
    },
    {
      "elapsed_sec": 0.0006583482027053833,
      "is_warmup": false,
      "iteration": 125,
      "native_traversal_sec": 0.000616933,
      "row_count": 1417
    },
    {
      "elapsed_sec": 0.0007994472980499268,
      "is_warmup": false,
      "iteration": 126,
      "native_traversal_sec": 0.000754424,
      "row_count": 1417
    },
    {
      "elapsed_sec": 0.00073261559009552,
      "is_warmup": false,
      "iteration": 127,
      "native_traversal_sec": 0.000691665,
      "row_count": 1417
    },
    {
      "elapsed_sec": 0.0007635578513145447,
      "is_warmup": false,
      "iteration": 128,
      "native_traversal_sec": 0.000723305,
      "row_count": 1417
    },
    {
      "elapsed_sec": 0.0008025020360946655,
      "is_warmup": false,
      "iteration": 129,
      "native_traversal_sec": 0.000761697,
      "row_count": 1417
    },
    {
      "elapsed_sec": 0.0007541701197624207,
      "is_warmup": false,
      "iteration": 130,
      "native_traversal_sec": 0.000713265,
      "row_count": 1417
    },
    {
      "elapsed_sec": 0.000745825469493866,
      "is_warmup": false,
      "iteration": 131,
      "native_traversal_sec": 0.00070511,
      "row_count": 1417
    },
    {
      "elapsed_sec": 0.0007296651601791382,
      "is_warmup": false,
      "iteration": 132,
      "native_traversal_sec": 0.00068943,
      "row_count": 1417
    },
    {
      "elapsed_sec": 0.0008156150579452515,
      "is_warmup": false,
      "iteration": 133,
      "native_traversal_sec": 0.000775124,
      "row_count": 1417
    },
    {
      "elapsed_sec": 0.0008744746446609497,
      "is_warmup": false,
      "iteration": 134,
      "native_traversal_sec": 0.000833444,
      "row_count": 1417
    },
    {
      "elapsed_sec": 0.0007843375205993652,
      "is_warmup": false,
      "iteration": 135,
      "native_traversal_sec": 0.000743503,
      "row_count": 1417
    },
    {
      "elapsed_sec": 0.0007866173982620239,
      "is_warmup": false,
      "iteration": 136,
      "native_traversal_sec": 0.000745807,
      "row_count": 1417
    },
    {
      "elapsed_sec": 0.0008000433444976807,
      "is_warmup": false,
      "iteration": 137,
      "native_traversal_sec": 0.000758902,
      "row_count": 1417
    },
    {
      "elapsed_sec": 0.0007466897368431091,
      "is_warmup": false,
      "iteration": 138,
      "native_traversal_sec": 0.000706563,
      "row_count": 1417
    },
    {
      "elapsed_sec": 0.0007825866341590881,
      "is_warmup": false,
      "iteration": 139,
      "native_traversal_sec": 0.00074152,
      "row_count": 1417
    },
    {
      "elapsed_sec": 0.0007899925112724304,
      "is_warmup": false,
      "iteration": 140,
      "native_traversal_sec": 0.000749244,
      "row_count": 1417
    },
    {
      "elapsed_sec": 0.0008034929633140564,
      "is_warmup": false,
      "iteration": 141,
      "native_traversal_sec": 0.000762981,
      "row_count": 1417
    },
    {
      "elapsed_sec": 0.0008061230182647705,
      "is_warmup": false,
      "iteration": 142,
      "native_traversal_sec": 0.000766337,
      "row_count": 1417
    },
    {
      "elapsed_sec": 0.0008016675710678101,
      "is_warmup": false,
      "iteration": 143,
      "native_traversal_sec": 0.000760395,
      "row_count": 1417
    },
    {
      "elapsed_sec": 0.0008350908756256104,
      "is_warmup": false,
      "iteration": 144,
      "native_traversal_sec": 0.000793739,
      "row_count": 1417
    },
    {
      "elapsed_sec": 0.0007630661129951477,
      "is_warmup": false,
      "iteration": 145,
      "native_traversal_sec": 0.000722754,
      "row_count": 1417
    },
    {
      "elapsed_sec": 0.0006653890013694763,
      "is_warmup": false,
      "iteration": 146,
      "native_traversal_sec": 0.000624427,
      "row_count": 1417
    },
    {
      "elapsed_sec": 0.0007328614592552185,
      "is_warmup": false,
      "iteration": 147,
      "native_traversal_sec": 0.000693469,
      "row_count": 1417
    },
    {
      "elapsed_sec": 0.0006642192602157593,
      "is_warmup": false,
      "iteration": 148,
      "native_traversal_sec": 0.000623695,
      "row_count": 1417
    },
    {
      "elapsed_sec": 0.0006355345249176025,
      "is_warmup": false,
      "iteration": 149,
      "native_traversal_sec": 0.000597205,
      "row_count": 1417
    },
    {
      "elapsed_sec": 0.0006466209888458252,
      "is_warmup": false,
      "iteration": 150,
      "native_traversal_sec": 0.000607855,
      "row_count": 1417
    },
    {
      "elapsed_sec": 0.0006479546427726746,
      "is_warmup": false,
      "iteration": 151,
      "native_traversal_sec": 0.000608136,
      "row_count": 1417
    },
    {
      "elapsed_sec": 0.0006826668977737427,
      "is_warmup": false,
      "iteration": 152,
      "native_traversal_sec": 0.000623576,
      "row_count": 1417
    },
    {
      "elapsed_sec": 0.0007815733551979065,
      "is_warmup": false,
      "iteration": 153,
      "native_traversal_sec": 0.000739556,
      "row_count": 1417
    },
    {
      "elapsed_sec": 0.0007110908627510071,
      "is_warmup": false,
      "iteration": 154,
      "native_traversal_sec": 0.000669182,
      "row_count": 1417
    },
    {
      "elapsed_sec": 0.0010097548365592957,
      "is_warmup": false,
      "iteration": 155,
      "native_traversal_sec": 0.000969714,
      "row_count": 1417
    },
    {
      "elapsed_sec": 0.0007560402154922485,
      "is_warmup": false,
      "iteration": 156,
      "native_traversal_sec": 0.000715731,
      "row_count": 1417
    },
    {
      "elapsed_sec": 0.0007759630680084229,
      "is_warmup": false,
      "iteration": 157,
      "native_traversal_sec": 0.000735177,
      "row_count": 1417
    },
    {
      "elapsed_sec": 0.0007002055644989014,
      "is_warmup": false,
      "iteration": 158,
      "native_traversal_sec": 0.000654424,
      "row_count": 1417
    },
    {
      "elapsed_sec": 0.00084666907787323,
      "is_warmup": false,
      "iteration": 159,
      "native_traversal_sec": 0.000805391,
      "row_count": 1417
    },
    {
      "elapsed_sec": 0.0008172318339347839,
      "is_warmup": false,
      "iteration": 160,
      "native_traversal_sec": 0.000774973,
      "row_count": 1417
    },
    {
      "elapsed_sec": 0.0008546486496925354,
      "is_warmup": false,
      "iteration": 161,
      "native_traversal_sec": 0.000812294,
      "row_count": 1417
    },
    {
      "elapsed_sec": 0.0008123889565467834,
      "is_warmup": false,
      "iteration": 162,
      "native_traversal_sec": 0.000770615,
      "row_count": 1417
    },
    {
      "elapsed_sec": 0.0007224082946777344,
      "is_warmup": false,
      "iteration": 163,
      "native_traversal_sec": 0.000675043,
      "row_count": 1417
    },
    {
      "elapsed_sec": 0.0007995665073394775,
      "is_warmup": false,
      "iteration": 164,
      "native_traversal_sec": 0.000759042,
      "row_count": 1417
    },
    {
      "elapsed_sec": 0.001063615083694458,
      "is_warmup": false,
      "iteration": 165,
      "native_traversal_sec": 0.001023044,
      "row_count": 1417
    },
    {
      "elapsed_sec": 0.0006722509860992432,
      "is_warmup": false,
      "iteration": 166,
      "native_traversal_sec": 0.00063118,
      "row_count": 1417
    },
    {
      "elapsed_sec": 0.0008087158203125,
      "is_warmup": false,
      "iteration": 167,
      "native_traversal_sec": 0.000761948,
      "row_count": 1417
    },
    {
      "elapsed_sec": 0.0007365718483924866,
      "is_warmup": false,
      "iteration": 168,
      "native_traversal_sec": 0.000694851,
      "row_count": 1417
    },
    {
      "elapsed_sec": 0.0007333233952522278,
      "is_warmup": false,
      "iteration": 169,
      "native_traversal_sec": 0.000692527,
      "row_count": 1417
    },
    {
      "elapsed_sec": 0.0008151382207870483,
      "is_warmup": false,
      "iteration": 170,
      "native_traversal_sec": 0.000775444,
      "row_count": 1417
    },
    {
      "elapsed_sec": 0.0007620379328727722,
      "is_warmup": false,
      "iteration": 171,
      "native_traversal_sec": 0.000721221,
      "row_count": 1417
    },
    {
      "elapsed_sec": 0.0007082521915435791,
      "is_warmup": false,
      "iteration": 172,
      "native_traversal_sec": 0.000667218,
      "row_count": 1417
    },
    {
      "elapsed_sec": 0.0008034035563468933,
      "is_warmup": false,
      "iteration": 173,
      "native_traversal_sec": 0.000762619,
      "row_count": 1417
    },
    {
      "elapsed_sec": 0.0006808862090110779,
      "is_warmup": false,
      "iteration": 174,
      "native_traversal_sec": 0.000640588,
      "row_count": 1417
    },
    {
      "elapsed_sec": 0.0006547346711158752,
      "is_warmup": false,
      "iteration": 175,
      "native_traversal_sec": 0.000614508,
      "row_count": 1417
    },
    {
      "elapsed_sec": 0.0009369030594825745,
      "is_warmup": false,
      "iteration": 176,
      "native_traversal_sec": 0.000896885,
      "row_count": 1417
    },
    {
      "elapsed_sec": 0.000788561999797821,
      "is_warmup": false,
      "iteration": 177,
      "native_traversal_sec": 0.000747801,
      "row_count": 1417
    },
    {
      "elapsed_sec": 0.0007628276944160461,
      "is_warmup": false,
      "iteration": 178,
      "native_traversal_sec": 0.000721992,
      "row_count": 1417
    },
    {
      "elapsed_sec": 0.0006903409957885742,
      "is_warmup": false,
      "iteration": 179,
      "native_traversal_sec": 0.000648773,
      "row_count": 1417
    },
    {
      "elapsed_sec": 0.0007806643843650818,
      "is_warmup": false,
      "iteration": 180,
      "native_traversal_sec": 0.000740197,
      "row_count": 1417
    },
    {
      "elapsed_sec": 0.0006776675581932068,
      "is_warmup": false,
      "iteration": 181,
      "native_traversal_sec": 0.000637672,
      "row_count": 1417
    },
    {
      "elapsed_sec": 0.0008690059185028076,
      "is_warmup": false,
      "iteration": 182,
      "native_traversal_sec": 0.000828244,
      "row_count": 1417
    },
    {
      "elapsed_sec": 0.0007692426443099976,
      "is_warmup": false,
      "iteration": 183,
      "native_traversal_sec": 0.000729206,
      "row_count": 1417
    },
    {
      "elapsed_sec": 0.0007570236921310425,
      "is_warmup": false,
      "iteration": 184,
      "native_traversal_sec": 0.000717303,
      "row_count": 1417
    },
    {
      "elapsed_sec": 0.0007473006844520569,
      "is_warmup": false,
      "iteration": 185,
      "native_traversal_sec": 0.000705742,
      "row_count": 1417
    },
    {
      "elapsed_sec": 0.0008601471781730652,
      "is_warmup": false,
      "iteration": 186,
      "native_traversal_sec": 0.000817454,
      "row_count": 1417
    },
    {
      "elapsed_sec": 0.0007960200309753418,
      "is_warmup": false,
      "iteration": 187,
      "native_traversal_sec": 0.000756417,
      "row_count": 1417
    },
    {
      "elapsed_sec": 0.0007222369313240051,
      "is_warmup": false,
      "iteration": 188,
      "native_traversal_sec": 0.000680885,
      "row_count": 1417
    },
    {
      "elapsed_sec": 0.0007726103067398071,
      "is_warmup": false,
      "iteration": 189,
      "native_traversal_sec": 0.000732643,
      "row_count": 1417
    },
    {
      "elapsed_sec": 0.0007477030158042908,
      "is_warmup": false,
      "iteration": 190,
      "native_traversal_sec": 0.000703147,
      "row_count": 1417
    },
    {
      "elapsed_sec": 0.0007921531796455383,
      "is_warmup": false,
      "iteration": 191,
      "native_traversal_sec": 0.000751478,
      "row_count": 1417
    },
    {
      "elapsed_sec": 0.0007419735193252563,
      "is_warmup": false,
      "iteration": 192,
      "native_traversal_sec": 0.000701153,
      "row_count": 1417
    },
    {
      "elapsed_sec": 0.0007196664810180664,
      "is_warmup": false,
      "iteration": 193,
      "native_traversal_sec": 0.000680303,
      "row_count": 1417
    },
    {
      "elapsed_sec": 0.0006601065397262573,
      "is_warmup": false,
      "iteration": 194,
      "native_traversal_sec": 0.00062071,
      "row_count": 1417
    },
    {
      "elapsed_sec": 0.0007393136620521545,
      "is_warmup": false,
      "iteration": 195,
      "native_traversal_sec": 0.00069982,
      "row_count": 1417
    },
    {
      "elapsed_sec": 0.0006558075547218323,
      "is_warmup": false,
      "iteration": 196,
      "native_traversal_sec": 0.000615991,
      "row_count": 1417
    },
    {
      "elapsed_sec": 0.0009021908044815063,
      "is_warmup": false,
      "iteration": 197,
      "native_traversal_sec": 0.000862039,
      "row_count": 1417
    },
    {
      "elapsed_sec": 0.0007154718041419983,
      "is_warmup": false,
      "iteration": 198,
      "native_traversal_sec": 0.000674251,
      "row_count": 1417
    },
    {
      "elapsed_sec": 0.0007280483841896057,
      "is_warmup": false,
      "iteration": 199,
      "native_traversal_sec": 0.000689591,
      "row_count": 1417
    },
    {
      "elapsed_sec": 0.0007584020495414734,
      "is_warmup": false,
      "iteration": 200,
      "native_traversal_sec": 0.000718686,
      "row_count": 1417
    },
    {
      "elapsed_sec": 0.0007720440626144409,
      "is_warmup": false,
      "iteration": 201,
      "native_traversal_sec": 0.0007313,
      "row_count": 1417
    },
    {
      "elapsed_sec": 0.0007167235016822815,
      "is_warmup": false,
      "iteration": 202,
      "native_traversal_sec": 0.000675966,
      "row_count": 1417
    },
    {
      "elapsed_sec": 0.0007520243525505066,
      "is_warmup": false,
      "iteration": 203,
      "native_traversal_sec": 0.000710852,
      "row_count": 1417
    },
    {
      "elapsed_sec": 0.0008030235767364502,
      "is_warmup": false,
      "iteration": 204,
      "native_traversal_sec": 0.000761819,
      "row_count": 1417
    },
    {
      "elapsed_sec": 0.0006877630949020386,
      "is_warmup": false,
      "iteration": 205,
      "native_traversal_sec": 0.000646589,
      "row_count": 1417
    },
    {
      "elapsed_sec": 0.0007731318473815918,
      "is_warmup": false,
      "iteration": 206,
      "native_traversal_sec": 0.000733515,
      "row_count": 1417
    },
    {
      "elapsed_sec": 0.000763915479183197,
      "is_warmup": false,
      "iteration": 207,
      "native_traversal_sec": 0.000723345,
      "row_count": 1417
    },
    {
      "elapsed_sec": 0.0007658228278160095,
      "is_warmup": false,
      "iteration": 208,
      "native_traversal_sec": 0.000724878,
      "row_count": 1417
    },
    {
      "elapsed_sec": 0.0007458105683326721,
      "is_warmup": false,
      "iteration": 209,
      "native_traversal_sec": 0.000704078,
      "row_count": 1417
    },
    {
      "elapsed_sec": 0.0007731914520263672,
      "is_warmup": false,
      "iteration": 210,
      "native_traversal_sec": 0.000733194,
      "row_count": 1417
    },
    {
      "elapsed_sec": 0.0007352530956268311,
      "is_warmup": false,
      "iteration": 211,
      "native_traversal_sec": 0.000694931,
      "row_count": 1417
    },
    {
      "elapsed_sec": 0.0007516294717788696,
      "is_warmup": false,
      "iteration": 212,
      "native_traversal_sec": 0.000710902,
      "row_count": 1417
    },
    {
      "elapsed_sec": 0.0007563456892967224,
      "is_warmup": false,
      "iteration": 213,
      "native_traversal_sec": 0.000716122,
      "row_count": 1417
    },
    {
      "elapsed_sec": 0.0007259249687194824,
      "is_warmup": false,
      "iteration": 214,
      "native_traversal_sec": 0.000684842,
      "row_count": 1417
    },
    {
      "elapsed_sec": 0.0007405132055282593,
      "is_warmup": false,
      "iteration": 215,
      "native_traversal_sec": 0.000697717,
      "row_count": 1417
    },
    {
      "elapsed_sec": 0.0007802844047546387,
      "is_warmup": false,
      "iteration": 216,
      "native_traversal_sec": 0.000740718,
      "row_count": 1417
    },
    {
      "elapsed_sec": 0.0007372051477432251,
      "is_warmup": false,
      "iteration": 217,
      "native_traversal_sec": 0.000696123,
      "row_count": 1417
    },
    {
      "elapsed_sec": 0.0008682534098625183,
      "is_warmup": false,
      "iteration": 218,
      "native_traversal_sec": 0.000828054,
      "row_count": 1417
    },
    {
      "elapsed_sec": 0.0007586702704429626,
      "is_warmup": false,
      "iteration": 219,
      "native_traversal_sec": 0.000717634,
      "row_count": 1417
    },
    {
      "elapsed_sec": 0.0007446259260177612,
      "is_warmup": false,
      "iteration": 220,
      "native_traversal_sec": 0.000703557,
      "row_count": 1417
    },
    {
      "elapsed_sec": 0.0007245689630508423,
      "is_warmup": false,
      "iteration": 221,
      "native_traversal_sec": 0.000683689,
      "row_count": 1417
    },
    {
      "elapsed_sec": 0.0007494166493415833,
      "is_warmup": false,
      "iteration": 222,
      "native_traversal_sec": 0.000707695,
      "row_count": 1417
    },
    {
      "elapsed_sec": 0.0007604882121086121,
      "is_warmup": false,
      "iteration": 223,
      "native_traversal_sec": 0.000719989,
      "row_count": 1417
    },
    {
      "elapsed_sec": 0.0007333382964134216,
      "is_warmup": false,
      "iteration": 224,
      "native_traversal_sec": 0.000692877,
      "row_count": 1417
    },
    {
      "elapsed_sec": 0.0007637813687324524,
      "is_warmup": false,
      "iteration": 225,
      "native_traversal_sec": 0.000723215,
      "row_count": 1417
    },
    {
      "elapsed_sec": 0.0008477196097373962,
      "is_warmup": false,
      "iteration": 226,
      "native_traversal_sec": 0.000807214,
      "row_count": 1417
    },
    {
      "elapsed_sec": 0.0008243471384048462,
      "is_warmup": false,
      "iteration": 227,
      "native_traversal_sec": 0.000783549,
      "row_count": 1417
    },
    {
      "elapsed_sec": 0.0010271519422531128,
      "is_warmup": false,
      "iteration": 228,
      "native_traversal_sec": 0.000985714,
      "row_count": 1417
    },
    {
      "elapsed_sec": 0.0007991790771484375,
      "is_warmup": false,
      "iteration": 229,
      "native_traversal_sec": 0.000759153,
      "row_count": 1417
    },
    {
      "elapsed_sec": 0.0008153244853019714,
      "is_warmup": false,
      "iteration": 230,
      "native_traversal_sec": 0.000775304,
      "row_count": 1417
    },
    {
      "elapsed_sec": 0.0006951913237571716,
      "is_warmup": false,
      "iteration": 231,
      "native_traversal_sec": 0.000653552,
      "row_count": 1417
    },
    {
      "elapsed_sec": 0.000759415328502655,
      "is_warmup": false,
      "iteration": 232,
      "native_traversal_sec": 0.000713676,
      "row_count": 1417
    },
    {
      "elapsed_sec": 0.0009507983922958374,
      "is_warmup": false,
      "iteration": 233,
      "native_traversal_sec": 0.000905361,
      "row_count": 1417
    },
    {
      "elapsed_sec": 0.0009629353880882263,
      "is_warmup": false,
      "iteration": 234,
      "native_traversal_sec": 0.000903337,
      "row_count": 1417
    },
    {
      "elapsed_sec": 0.0007485374808311462,
      "is_warmup": false,
      "iteration": 235,
      "native_traversal_sec": 0.000708176,
      "row_count": 1417
    },
    {
      "elapsed_sec": 0.0007811561226844788,
      "is_warmup": false,
      "iteration": 236,
      "native_traversal_sec": 0.000741349,
      "row_count": 1417
    },
    {
      "elapsed_sec": 0.0007457435131072998,
      "is_warmup": false,
      "iteration": 237,
      "native_traversal_sec": 0.00070491,
      "row_count": 1417
    },
    {
      "elapsed_sec": 0.0007642433047294617,
      "is_warmup": false,
      "iteration": 238,
      "native_traversal_sec": 0.000724337,
      "row_count": 1417
    },
    {
      "elapsed_sec": 0.0007123276591300964,
      "is_warmup": false,
      "iteration": 239,
      "native_traversal_sec": 0.000671327,
      "row_count": 1417
    },
    {
      "elapsed_sec": 0.000690944492816925,
      "is_warmup": false,
      "iteration": 240,
      "native_traversal_sec": 0.000651128,
      "row_count": 1417
    },
    {
      "elapsed_sec": 0.0006630867719650269,
      "is_warmup": false,
      "iteration": 241,
      "native_traversal_sec": 0.000622764,
      "row_count": 1417
    },
    {
      "elapsed_sec": 0.0007417798042297363,
      "is_warmup": false,
      "iteration": 242,
      "native_traversal_sec": 0.000701473,
      "row_count": 1417
    },
    {
      "elapsed_sec": 0.000710509717464447,
      "is_warmup": false,
      "iteration": 243,
      "native_traversal_sec": 0.000670164,
      "row_count": 1417
    },
    {
      "elapsed_sec": 0.0007330998778343201,
      "is_warmup": false,
      "iteration": 244,
      "native_traversal_sec": 0.000693007,
      "row_count": 1417
    },
    {
      "elapsed_sec": 0.0007037296891212463,
      "is_warmup": false,
      "iteration": 245,
      "native_traversal_sec": 0.000662799,
      "row_count": 1417
    },
    {
      "elapsed_sec": 0.0007412657141685486,
      "is_warmup": false,
      "iteration": 246,
      "native_traversal_sec": 0.000700642,
      "row_count": 1417
    },
    {
      "elapsed_sec": 0.0007500573992729187,
      "is_warmup": false,
      "iteration": 247,
      "native_traversal_sec": 0.000709578,
      "row_count": 1417
    },
    {
      "elapsed_sec": 0.0007519349455833435,
      "is_warmup": false,
      "iteration": 248,
      "native_traversal_sec": 0.000712625,
      "row_count": 1417
    },
    {
      "elapsed_sec": 0.0008030086755752563,
      "is_warmup": false,
      "iteration": 249,
      "native_traversal_sec": 0.000763441,
      "row_count": 1417
    },
    {
      "elapsed_sec": 0.0007036179304122925,
      "is_warmup": false,
      "iteration": 250,
      "native_traversal_sec": 0.00066286,
      "row_count": 1417
    },
    {
      "elapsed_sec": 0.0006674155592918396,
      "is_warmup": false,
      "iteration": 251,
      "native_traversal_sec": 0.000626851,
      "row_count": 1417
    },
    {
      "elapsed_sec": 0.0006906166672706604,
      "is_warmup": false,
      "iteration": 252,
      "native_traversal_sec": 0.000650005,
      "row_count": 1417
    },
    {
      "elapsed_sec": 0.0006894245743751526,
      "is_warmup": false,
      "iteration": 253,
      "native_traversal_sec": 0.000649644,
      "row_count": 1417
    },
    {
      "elapsed_sec": 0.0007926002144813538,
      "is_warmup": false,
      "iteration": 254,
      "native_traversal_sec": 0.000752751,
      "row_count": 1417
    },
    {
      "elapsed_sec": 0.0007972940802574158,
      "is_warmup": false,
      "iteration": 255,
      "native_traversal_sec": 0.000756739,
      "row_count": 1417
    },
    {
      "elapsed_sec": 0.000780157744884491,
      "is_warmup": false,
      "iteration": 256,
      "native_traversal_sec": 0.000738323,
      "row_count": 1417
    },
    {
      "elapsed_sec": 0.0008095353841781616,
      "is_warmup": false,
      "iteration": 257,
      "native_traversal_sec": 0.000768822,
      "row_count": 1417
    },
    {
      "elapsed_sec": 0.0007911473512649536,
      "is_warmup": false,
      "iteration": 258,
      "native_traversal_sec": 0.000750346,
      "row_count": 1417
    },
    {
      "elapsed_sec": 0.0007491037249565125,
      "is_warmup": false,
      "iteration": 259,
      "native_traversal_sec": 0.000707725,
      "row_count": 1417
    },
    {
      "elapsed_sec": 0.000766269862651825,
      "is_warmup": false,
      "iteration": 260,
      "native_traversal_sec": 0.00072582,
      "row_count": 1417
    },
    {
      "elapsed_sec": 0.0007039383053779602,
      "is_warmup": false,
      "iteration": 261,
      "native_traversal_sec": 0.00065743,
      "row_count": 1417
    },
    {
      "elapsed_sec": 0.0008064955472946167,
      "is_warmup": false,
      "iteration": 262,
      "native_traversal_sec": 0.000766046,
      "row_count": 1417
    },
    {
      "elapsed_sec": 0.0007514357566833496,
      "is_warmup": false,
      "iteration": 263,
      "native_traversal_sec": 0.000711102,
      "row_count": 1417
    },
    {
      "elapsed_sec": 0.0006944984197616577,
      "is_warmup": false,
      "iteration": 264,
      "native_traversal_sec": 0.000654715,
      "row_count": 1417
    },
    {
      "elapsed_sec": 0.0009275749325752258,
      "is_warmup": false,
      "iteration": 265,
      "native_traversal_sec": 0.000887537,
      "row_count": 1417
    },
    {
      "elapsed_sec": 0.000791698694229126,
      "is_warmup": false,
      "iteration": 266,
      "native_traversal_sec": 0.000750326,
      "row_count": 1417
    },
    {
      "elapsed_sec": 0.0007672086358070374,
      "is_warmup": false,
      "iteration": 267,
      "native_traversal_sec": 0.000726702,
      "row_count": 1417
    },
    {
      "elapsed_sec": 0.0007689520716667175,
      "is_warmup": false,
      "iteration": 268,
      "native_traversal_sec": 0.000728695,
      "row_count": 1417
    },
    {
      "elapsed_sec": 0.0007850825786590576,
      "is_warmup": false,
      "iteration": 269,
      "native_traversal_sec": 0.000745266,
      "row_count": 1417
    },
    {
      "elapsed_sec": 0.0008050501346588135,
      "is_warmup": false,
      "iteration": 270,
      "native_traversal_sec": 0.000759333,
      "row_count": 1417
    },
    {
      "elapsed_sec": 0.000761762261390686,
      "is_warmup": false,
      "iteration": 271,
      "native_traversal_sec": 0.000721171,
      "row_count": 1417
    },
    {
      "elapsed_sec": 0.0008011609315872192,
      "is_warmup": false,
      "iteration": 272,
      "native_traversal_sec": 0.000760927,
      "row_count": 1417
    },
    {
      "elapsed_sec": 0.0008695870637893677,
      "is_warmup": false,
      "iteration": 273,
      "native_traversal_sec": 0.000828404,
      "row_count": 1417
    },
    {
      "elapsed_sec": 0.0007496103644371033,
      "is_warmup": false,
      "iteration": 274,
      "native_traversal_sec": 0.000708086,
      "row_count": 1417
    },
    {
      "elapsed_sec": 0.0009363889694213867,
      "is_warmup": false,
      "iteration": 275,
      "native_traversal_sec": 0.000858021,
      "row_count": 1417
    },
    {
      "elapsed_sec": 0.0007355436682701111,
      "is_warmup": false,
      "iteration": 276,
      "native_traversal_sec": 0.000694971,
      "row_count": 1417
    },
    {
      "elapsed_sec": 0.0006636306643486023,
      "is_warmup": false,
      "iteration": 277,
      "native_traversal_sec": 0.000624176,
      "row_count": 1417
    },
    {
      "elapsed_sec": 0.0006960630416870117,
      "is_warmup": false,
      "iteration": 278,
      "native_traversal_sec": 0.000649885,
      "row_count": 1417
    },
    {
      "elapsed_sec": 0.0006709843873977661,
      "is_warmup": false,
      "iteration": 279,
      "native_traversal_sec": 0.00063128,
      "row_count": 1417
    },
    {
      "elapsed_sec": 0.0008492916822433472,
      "is_warmup": false,
      "iteration": 280,
      "native_traversal_sec": 0.000809799,
      "row_count": 1417
    },
    {
      "elapsed_sec": 0.0007939860224723816,
      "is_warmup": false,
      "iteration": 281,
      "native_traversal_sec": 0.000751609,
      "row_count": 1417
    },
    {
      "elapsed_sec": 0.0006378814578056335,
      "is_warmup": false,
      "iteration": 282,
      "native_traversal_sec": 0.000598518,
      "row_count": 1417
    },
    {
      "elapsed_sec": 0.000744253396987915,
      "is_warmup": false,
      "iteration": 283,
      "native_traversal_sec": 0.000698468,
      "row_count": 1417
    },
    {
      "elapsed_sec": 0.000740833580493927,
      "is_warmup": false,
      "iteration": 284,
      "native_traversal_sec": 0.000701453,
      "row_count": 1417
    },
    {
      "elapsed_sec": 0.0007279813289642334,
      "is_warmup": false,
      "iteration": 285,
      "native_traversal_sec": 0.000687467,
      "row_count": 1417
    },
    {
      "elapsed_sec": 0.000773206353187561,
      "is_warmup": false,
      "iteration": 286,
      "native_traversal_sec": 0.000733644,
      "row_count": 1417
    },
    {
      "elapsed_sec": 0.0006789043545722961,
      "is_warmup": false,
      "iteration": 287,
      "native_traversal_sec": 0.000637311,
      "row_count": 1417
    },
    {
      "elapsed_sec": 0.00064820796251297,
      "is_warmup": false,
      "iteration": 288,
      "native_traversal_sec": 0.000608917,
      "row_count": 1417
    },
    {
      "elapsed_sec": 0.0006601884961128235,
      "is_warmup": false,
      "iteration": 289,
      "native_traversal_sec": 0.000621591,
      "row_count": 1417
    },
    {
      "elapsed_sec": 0.0007555335760116577,
      "is_warmup": false,
      "iteration": 290,
      "native_traversal_sec": 0.000716312,
      "row_count": 1417
    },
    {
      "elapsed_sec": 0.0007927268743515015,
      "is_warmup": false,
      "iteration": 291,
      "native_traversal_sec": 0.000753362,
      "row_count": 1417
    },
    {
      "elapsed_sec": 0.0007942169904708862,
      "is_warmup": false,
      "iteration": 292,
      "native_traversal_sec": 0.00075234,
      "row_count": 1417
    },
    {
      "elapsed_sec": 0.000832386314868927,
      "is_warmup": false,
      "iteration": 293,
      "native_traversal_sec": 0.000791575,
      "row_count": 1417
    },
    {
      "elapsed_sec": 0.0007704868912696838,
      "is_warmup": false,
      "iteration": 294,
      "native_traversal_sec": 0.000730729,
      "row_count": 1417
    },
    {
      "elapsed_sec": 0.0007730200886726379,
      "is_warmup": false,
      "iteration": 295,
      "native_traversal_sec": 0.000733644,
      "row_count": 1417
    },
    {
      "elapsed_sec": 0.0008013173937797546,
      "is_warmup": false,
      "iteration": 296,
      "native_traversal_sec": 0.000761408,
      "row_count": 1417
    },
    {
      "elapsed_sec": 0.0008121058344841003,
      "is_warmup": false,
      "iteration": 297,
      "native_traversal_sec": 0.000771446,
      "row_count": 1417
    },
    {
      "elapsed_sec": 0.0007050409913063049,
      "is_warmup": false,
      "iteration": 298,
      "native_traversal_sec": 0.000663612,
      "row_count": 1417
    },
    {
      "elapsed_sec": 0.0008161067962646484,
      "is_warmup": false,
      "iteration": 299,
      "native_traversal_sec": 0.000775494,
      "row_count": 1417
    },
    {
      "elapsed_sec": 0.000741027295589447,
      "is_warmup": false,
      "iteration": 300,
      "native_traversal_sec": 0.000700552,
      "row_count": 1417
    },
    {
      "elapsed_sec": 0.0008010268211364746,
      "is_warmup": false,
      "iteration": 301,
      "native_traversal_sec": 0.000760396,
      "row_count": 1417
    },
    {
      "elapsed_sec": 0.0006704330444335938,
      "is_warmup": false,
      "iteration": 302,
      "native_traversal_sec": 0.000630779,
      "row_count": 1417
    },
    {
      "elapsed_sec": 0.0006963387131690979,
      "is_warmup": false,
      "iteration": 303,
      "native_traversal_sec": 0.00065711,
      "row_count": 1417
    },
    {
      "elapsed_sec": 0.0007881894707679749,
      "is_warmup": false,
      "iteration": 304,
      "native_traversal_sec": 0.000748753,
      "row_count": 1417
    },
    {
      "elapsed_sec": 0.0007955878973007202,
      "is_warmup": false,
      "iteration": 305,
      "native_traversal_sec": 0.000755195,
      "row_count": 1417
    },
    {
      "elapsed_sec": 0.0006665140390396118,
      "is_warmup": false,
      "iteration": 306,
      "native_traversal_sec": 0.000627563,
      "row_count": 1417
    },
    {
      "elapsed_sec": 0.00086212158203125,
      "is_warmup": false,
      "iteration": 307,
      "native_traversal_sec": 0.000784541,
      "row_count": 1417
    },
    {
      "elapsed_sec": 0.0007840320467948914,
      "is_warmup": false,
      "iteration": 308,
      "native_traversal_sec": 0.000744145,
      "row_count": 1417
    },
    {
      "elapsed_sec": 0.0008199810981750488,
      "is_warmup": false,
      "iteration": 309,
      "native_traversal_sec": 0.000779332,
      "row_count": 1417
    },
    {
      "elapsed_sec": 0.0007643550634384155,
      "is_warmup": false,
      "iteration": 310,
      "native_traversal_sec": 0.000724297,
      "row_count": 1417
    },
    {
      "elapsed_sec": 0.0007169842720031738,
      "is_warmup": false,
      "iteration": 311,
      "native_traversal_sec": 0.000677638,
      "row_count": 1417
    },
    {
      "elapsed_sec": 0.0007225573062896729,
      "is_warmup": false,
      "iteration": 312,
      "native_traversal_sec": 0.000683349,
      "row_count": 1417
    },
    {
      "elapsed_sec": 0.0008811280131340027,
      "is_warmup": false,
      "iteration": 313,
      "native_traversal_sec": 0.000841229,
      "row_count": 1417
    },
    {
      "elapsed_sec": 0.0007502883672714233,
      "is_warmup": false,
      "iteration": 314,
      "native_traversal_sec": 0.000709619,
      "row_count": 1417
    },
    {
      "elapsed_sec": 0.0007561594247817993,
      "is_warmup": false,
      "iteration": 315,
      "native_traversal_sec": 0.000716632,
      "row_count": 1417
    },
    {
      "elapsed_sec": 0.0006685703992843628,
      "is_warmup": false,
      "iteration": 316,
      "native_traversal_sec": 0.000628114,
      "row_count": 1417
    },
    {
      "elapsed_sec": 0.000923454761505127,
      "is_warmup": false,
      "iteration": 317,
      "native_traversal_sec": 0.000883449,
      "row_count": 1417
    },
    {
      "elapsed_sec": 0.0007540732622146606,
      "is_warmup": false,
      "iteration": 318,
      "native_traversal_sec": 0.000713226,
      "row_count": 1417
    },
    {
      "elapsed_sec": 0.0007780194282531738,
      "is_warmup": false,
      "iteration": 319,
      "native_traversal_sec": 0.0007366,
      "row_count": 1417
    },
    {
      "elapsed_sec": 0.0006658881902694702,
      "is_warmup": false,
      "iteration": 320,
      "native_traversal_sec": 0.00062611,
      "row_count": 1417
    },
    {
      "elapsed_sec": 0.0006849542260169983,
      "is_warmup": false,
      "iteration": 321,
      "native_traversal_sec": 0.000644274,
      "row_count": 1417
    },
    {
      "elapsed_sec": 0.0006569996476173401,
      "is_warmup": false,
      "iteration": 322,
      "native_traversal_sec": 0.000617193,
      "row_count": 1417
    },
    {
      "elapsed_sec": 0.0007555782794952393,
      "is_warmup": false,
      "iteration": 323,
      "native_traversal_sec": 0.000714909,
      "row_count": 1417
    },
    {
      "elapsed_sec": 0.0007800385355949402,
      "is_warmup": false,
      "iteration": 324,
      "native_traversal_sec": 0.000739596,
      "row_count": 1417
    },
    {
      "elapsed_sec": 0.0007647648453712463,
      "is_warmup": false,
      "iteration": 325,
      "native_traversal_sec": 0.000724086,
      "row_count": 1417
    },
    {
      "elapsed_sec": 0.0006736218929290771,
      "is_warmup": false,
      "iteration": 326,
      "native_traversal_sec": 0.000633064,
      "row_count": 1417
    },
    {
      "elapsed_sec": 0.0007736384868621826,
      "is_warmup": false,
      "iteration": 327,
      "native_traversal_sec": 0.000733484,
      "row_count": 1417
    },
    {
      "elapsed_sec": 0.0008601099252700806,
      "is_warmup": false,
      "iteration": 328,
      "native_traversal_sec": 0.000820529,
      "row_count": 1417
    },
    {
      "elapsed_sec": 0.0006652921438217163,
      "is_warmup": false,
      "iteration": 329,
      "native_traversal_sec": 0.000624507,
      "row_count": 1417
    },
    {
      "elapsed_sec": 0.0006711035966873169,
      "is_warmup": false,
      "iteration": 330,
      "native_traversal_sec": 0.000630729,
      "row_count": 1417
    },
    {
      "elapsed_sec": 0.0007501095533370972,
      "is_warmup": false,
      "iteration": 331,
      "native_traversal_sec": 0.000710701,
      "row_count": 1417
    },
    {
      "elapsed_sec": 0.0007593035697937012,
      "is_warmup": false,
      "iteration": 332,
      "native_traversal_sec": 0.000718816,
      "row_count": 1417
    },
    {
      "elapsed_sec": 0.0007441118359565735,
      "is_warmup": false,
      "iteration": 333,
      "native_traversal_sec": 0.000703777,
      "row_count": 1417
    },
    {
      "elapsed_sec": 0.0007743164896965027,
      "is_warmup": false,
      "iteration": 334,
      "native_traversal_sec": 0.000733434,
      "row_count": 1417
    },
    {
      "elapsed_sec": 0.0007885247468948364,
      "is_warmup": false,
      "iteration": 335,
      "native_traversal_sec": 0.000743723,
      "row_count": 1417
    },
    {
      "elapsed_sec": 0.0006655380129814148,
      "is_warmup": false,
      "iteration": 336,
      "native_traversal_sec": 0.00062088,
      "row_count": 1417
    },
    {
      "elapsed_sec": 0.0007269605994224548,
      "is_warmup": false,
      "iteration": 337,
      "native_traversal_sec": 0.000686966,
      "row_count": 1417
    },
    {
      "elapsed_sec": 0.0009131357073783875,
      "is_warmup": false,
      "iteration": 338,
      "native_traversal_sec": 0.000872238,
      "row_count": 1417
    },
    {
      "elapsed_sec": 0.0007679089903831482,
      "is_warmup": false,
      "iteration": 339,
      "native_traversal_sec": 0.000728254,
      "row_count": 1417
    },
    {
      "elapsed_sec": 0.0007167458534240723,
      "is_warmup": false,
      "iteration": 340,
      "native_traversal_sec": 0.000676797,
      "row_count": 1417
    },
    {
      "elapsed_sec": 0.0007253587245941162,
      "is_warmup": false,
      "iteration": 341,
      "native_traversal_sec": 0.000684712,
      "row_count": 1417
    },
    {
      "elapsed_sec": 0.0008012577891349792,
      "is_warmup": false,
      "iteration": 342,
      "native_traversal_sec": 0.000760616,
      "row_count": 1417
    },
    {
      "elapsed_sec": 0.0006550848484039307,
      "is_warmup": false,
      "iteration": 343,
      "native_traversal_sec": 0.000614958,
      "row_count": 1417
    },
    {
      "elapsed_sec": 0.0006737187504768372,
      "is_warmup": false,
      "iteration": 344,
      "native_traversal_sec": 0.000626741,
      "row_count": 1417
    },
    {
      "elapsed_sec": 0.0007239952683448792,
      "is_warmup": false,
      "iteration": 345,
      "native_traversal_sec": 0.000684371,
      "row_count": 1417
    },
    {
      "elapsed_sec": 0.0006460249423980713,
      "is_warmup": false,
      "iteration": 346,
      "native_traversal_sec": 0.000607104,
      "row_count": 1417
    },
    {
      "elapsed_sec": 0.0006507262587547302,
      "is_warmup": false,
      "iteration": 347,
      "native_traversal_sec": 0.000612064,
      "row_count": 1417
    },
    {
      "elapsed_sec": 0.0007608756422996521,
      "is_warmup": false,
      "iteration": 348,
      "native_traversal_sec": 0.000721552,
      "row_count": 1417
    },
    {
      "elapsed_sec": 0.0007212013006210327,
      "is_warmup": false,
      "iteration": 349,
      "native_traversal_sec": 0.000679111,
      "row_count": 1417
    },
    {
      "elapsed_sec": 0.0007813423871994019,
      "is_warmup": false,
      "iteration": 350,
      "native_traversal_sec": 0.000741319,
      "row_count": 1417
    },
    {
      "elapsed_sec": 0.0008361488580703735,
      "is_warmup": false,
      "iteration": 351,
      "native_traversal_sec": 0.000795372,
      "row_count": 1417
    },
    {
      "elapsed_sec": 0.0007698237895965576,
      "is_warmup": false,
      "iteration": 352,
      "native_traversal_sec": 0.000728865,
      "row_count": 1417
    },
    {
      "elapsed_sec": 0.0007516071200370789,
      "is_warmup": false,
      "iteration": 353,
      "native_traversal_sec": 0.000710721,
      "row_count": 1417
    },
    {
      "elapsed_sec": 0.0007468312978744507,
      "is_warmup": false,
      "iteration": 354,
      "native_traversal_sec": 0.000707064,
      "row_count": 1417
    },
    {
      "elapsed_sec": 0.0008012428879737854,
      "is_warmup": false,
      "iteration": 355,
      "native_traversal_sec": 0.000761047,
      "row_count": 1417
    },
    {
      "elapsed_sec": 0.0007786452770233154,
      "is_warmup": false,
      "iteration": 356,
      "native_traversal_sec": 0.000739326,
      "row_count": 1417
    },
    {
      "elapsed_sec": 0.0007664188742637634,
      "is_warmup": false,
      "iteration": 357,
      "native_traversal_sec": 0.000726391,
      "row_count": 1417
    },
    {
      "elapsed_sec": 0.0006802454590797424,
      "is_warmup": false,
      "iteration": 358,
      "native_traversal_sec": 0.000639135,
      "row_count": 1417
    },
    {
      "elapsed_sec": 0.0007171332836151123,
      "is_warmup": false,
      "iteration": 359,
      "native_traversal_sec": 0.000677457,
      "row_count": 1417
    },
    {
      "elapsed_sec": 0.0008912235498428345,
      "is_warmup": false,
      "iteration": 360,
      "native_traversal_sec": 0.000851569,
      "row_count": 1417
    },
    {
      "elapsed_sec": 0.0007063671946525574,
      "is_warmup": false,
      "iteration": 361,
      "native_traversal_sec": 0.000666066,
      "row_count": 1417
    },
    {
      "elapsed_sec": 0.000781036913394928,
      "is_warmup": false,
      "iteration": 362,
      "native_traversal_sec": 0.000741439,
      "row_count": 1417
    },
    {
      "elapsed_sec": 0.0006934478878974915,
      "is_warmup": false,
      "iteration": 363,
      "native_traversal_sec": 0.000653232,
      "row_count": 1417
    },
    {
      "elapsed_sec": 0.0007731691002845764,
      "is_warmup": false,
      "iteration": 364,
      "native_traversal_sec": 0.000734016,
      "row_count": 1417
    },
    {
      "elapsed_sec": 0.0007515773177146912,
      "is_warmup": false,
      "iteration": 365,
      "native_traversal_sec": 0.00071032,
      "row_count": 1417
    },
    {
      "elapsed_sec": 0.0008201301097869873,
      "is_warmup": false,
      "iteration": 366,
      "native_traversal_sec": 0.000779271,
      "row_count": 1417
    },
    {
      "elapsed_sec": 0.0007128193974494934,
      "is_warmup": false,
      "iteration": 367,
      "native_traversal_sec": 0.000672048,
      "row_count": 1417
    },
    {
      "elapsed_sec": 0.0007569789886474609,
      "is_warmup": false,
      "iteration": 368,
      "native_traversal_sec": 0.000716962,
      "row_count": 1417
    },
    {
      "elapsed_sec": 0.0007611587643623352,
      "is_warmup": false,
      "iteration": 369,
      "native_traversal_sec": 0.000721402,
      "row_count": 1417
    },
    {
      "elapsed_sec": 0.0008836239576339722,
      "is_warmup": false,
      "iteration": 370,
      "native_traversal_sec": 0.000842251,
      "row_count": 1417
    },
    {
      "elapsed_sec": 0.000791497528553009,
      "is_warmup": false,
      "iteration": 371,
      "native_traversal_sec": 0.000748492,
      "row_count": 1417
    },
    {
      "elapsed_sec": 0.0006827190518379211,
      "is_warmup": false,
      "iteration": 372,
      "native_traversal_sec": 0.000642531,
      "row_count": 1417
    },
    {
      "elapsed_sec": 0.0007484033703804016,
      "is_warmup": false,
      "iteration": 373,
      "native_traversal_sec": 0.000708086,
      "row_count": 1417
    },
    {
      "elapsed_sec": 0.0007977783679962158,
      "is_warmup": false,
      "iteration": 374,
      "native_traversal_sec": 0.00075778,
      "row_count": 1417
    },
    {
      "elapsed_sec": 0.0007086917757987976,
      "is_warmup": false,
      "iteration": 375,
      "native_traversal_sec": 0.000668711,
      "row_count": 1417
    },
    {
      "elapsed_sec": 0.0007555410265922546,
      "is_warmup": false,
      "iteration": 376,
      "native_traversal_sec": 0.0007151,
      "row_count": 1417
    },
    {
      "elapsed_sec": 0.0007413476705551147,
      "is_warmup": false,
      "iteration": 377,
      "native_traversal_sec": 0.000700522,
      "row_count": 1417
    },
    {
      "elapsed_sec": 0.000778593122959137,
      "is_warmup": false,
      "iteration": 378,
      "native_traversal_sec": 0.000737462,
      "row_count": 1417
    },
    {
      "elapsed_sec": 0.0007422938942909241,
      "is_warmup": false,
      "iteration": 379,
      "native_traversal_sec": 0.000702055,
      "row_count": 1417
    },
    {
      "elapsed_sec": 0.0006833523511886597,
      "is_warmup": false,
      "iteration": 380,
      "native_traversal_sec": 0.000643172,
      "row_count": 1417
    },
    {
      "elapsed_sec": 0.0008206591010093689,
      "is_warmup": false,
      "iteration": 381,
      "native_traversal_sec": 0.000781235,
      "row_count": 1417
    },
    {
      "elapsed_sec": 0.0007464885711669922,
      "is_warmup": false,
      "iteration": 382,
      "native_traversal_sec": 0.000705601,
      "row_count": 1417
    },
    {
      "elapsed_sec": 0.0007233470678329468,
      "is_warmup": false,
      "iteration": 383,
      "native_traversal_sec": 0.000683459,
      "row_count": 1417
    },
    {
      "elapsed_sec": 0.000746406614780426,
      "is_warmup": false,
      "iteration": 384,
      "native_traversal_sec": 0.000706042,
      "row_count": 1417
    },
    {
      "elapsed_sec": 0.0007356628775596619,
      "is_warmup": false,
      "iteration": 385,
      "native_traversal_sec": 0.000694971,
      "row_count": 1417
    },
    {
      "elapsed_sec": 0.0007432475686073303,
      "is_warmup": false,
      "iteration": 386,
      "native_traversal_sec": 0.000701563,
      "row_count": 1417
    },
    {
      "elapsed_sec": 0.0007326528429985046,
      "is_warmup": false,
      "iteration": 387,
      "native_traversal_sec": 0.000692577,
      "row_count": 1417
    },
    {
      "elapsed_sec": 0.000803433358669281,
      "is_warmup": false,
      "iteration": 388,
      "native_traversal_sec": 0.000763201,
      "row_count": 1417
    },
    {
      "elapsed_sec": 0.0008062496781349182,
      "is_warmup": false,
      "iteration": 389,
      "native_traversal_sec": 0.000766106,
      "row_count": 1417
    },
    {
      "elapsed_sec": 0.0007037147879600525,
      "is_warmup": false,
      "iteration": 390,
      "native_traversal_sec": 0.000663321,
      "row_count": 1417
    },
    {
      "elapsed_sec": 0.0009180158376693726,
      "is_warmup": false,
      "iteration": 391,
      "native_traversal_sec": 0.000877548,
      "row_count": 1417
    },
    {
      "elapsed_sec": 0.0007449686527252197,
      "is_warmup": false,
      "iteration": 392,
      "native_traversal_sec": 0.000704068,
      "row_count": 1417
    },
    {
      "elapsed_sec": 0.000779569149017334,
      "is_warmup": false,
      "iteration": 393,
      "native_traversal_sec": 0.000738745,
      "row_count": 1417
    },
    {
      "elapsed_sec": 0.0007546544075012207,
      "is_warmup": false,
      "iteration": 394,
      "native_traversal_sec": 0.000714488,
      "row_count": 1417
    },
    {
      "elapsed_sec": 0.000779859721660614,
      "is_warmup": false,
      "iteration": 395,
      "native_traversal_sec": 0.000739275,
      "row_count": 1417
    },
    {
      "elapsed_sec": 0.000736825168132782,
      "is_warmup": false,
      "iteration": 396,
      "native_traversal_sec": 0.000696925,
      "row_count": 1417
    },
    {
      "elapsed_sec": 0.0007642731070518494,
      "is_warmup": false,
      "iteration": 397,
      "native_traversal_sec": 0.000724266,
      "row_count": 1417
    },
    {
      "elapsed_sec": 0.0006815791130065918,
      "is_warmup": false,
      "iteration": 398,
      "native_traversal_sec": 0.000640197,
      "row_count": 1417
    },
    {
      "elapsed_sec": 0.0007381439208984375,
      "is_warmup": false,
      "iteration": 399,
      "native_traversal_sec": 0.000697626,
      "row_count": 1417
    },
    {
      "elapsed_sec": 0.0006671622395515442,
      "is_warmup": false,
      "iteration": 400,
      "native_traversal_sec": 0.000627132,
      "row_count": 1417
    },
    {
      "elapsed_sec": 0.0007983967661857605,
      "is_warmup": false,
      "iteration": 401,
      "native_traversal_sec": 0.000758511,
      "row_count": 1417
    },
    {
      "elapsed_sec": 0.0008361861109733582,
      "is_warmup": false,
      "iteration": 402,
      "native_traversal_sec": 0.000794781,
      "row_count": 1417
    },
    {
      "elapsed_sec": 0.0007931366562843323,
      "is_warmup": false,
      "iteration": 403,
      "native_traversal_sec": 0.000752651,
      "row_count": 1417
    },
    {
      "elapsed_sec": 0.0008241012692451477,
      "is_warmup": false,
      "iteration": 404,
      "native_traversal_sec": 0.000783239,
      "row_count": 1417
    },
    {
      "elapsed_sec": 0.0007115304470062256,
      "is_warmup": false,
      "iteration": 405,
      "native_traversal_sec": 0.000671055,
      "row_count": 1417
    },
    {
      "elapsed_sec": 0.0007463991641998291,
      "is_warmup": false,
      "iteration": 406,
      "native_traversal_sec": 0.000705671,
      "row_count": 1417
    },
    {
      "elapsed_sec": 0.0006908699870109558,
      "is_warmup": false,
      "iteration": 407,
      "native_traversal_sec": 0.000650767,
      "row_count": 1417
    },
    {
      "elapsed_sec": 0.0006468817591667175,
      "is_warmup": false,
      "iteration": 408,
      "native_traversal_sec": 0.000605982,
      "row_count": 1417
    },
    {
      "elapsed_sec": 0.0006946846842765808,
      "is_warmup": false,
      "iteration": 409,
      "native_traversal_sec": 0.000648823,
      "row_count": 1417
    },
    {
      "elapsed_sec": 0.0007804036140441895,
      "is_warmup": false,
      "iteration": 410,
      "native_traversal_sec": 0.000739776,
      "row_count": 1417
    },
    {
      "elapsed_sec": 0.0007759034633636475,
      "is_warmup": false,
      "iteration": 411,
      "native_traversal_sec": 0.000735929,
      "row_count": 1417
    },
    {
      "elapsed_sec": 0.0008153095841407776,
      "is_warmup": false,
      "iteration": 412,
      "native_traversal_sec": 0.000775675,
      "row_count": 1417
    },
    {
      "elapsed_sec": 0.0007732808589935303,
      "is_warmup": false,
      "iteration": 413,
      "native_traversal_sec": 0.000732843,
      "row_count": 1417
    },
    {
      "elapsed_sec": 0.0008468925952911377,
      "is_warmup": false,
      "iteration": 414,
      "native_traversal_sec": 0.000806163,
      "row_count": 1417
    },
    {
      "elapsed_sec": 0.00086163729429245,
      "is_warmup": false,
      "iteration": 415,
      "native_traversal_sec": 0.000818326,
      "row_count": 1417
    },
    {
      "elapsed_sec": 0.0007120370864868164,
      "is_warmup": false,
      "iteration": 416,
      "native_traversal_sec": 0.000671817,
      "row_count": 1417
    },
    {
      "elapsed_sec": 0.0007270127534866333,
      "is_warmup": false,
      "iteration": 417,
      "native_traversal_sec": 0.000686926,
      "row_count": 1417
    },
    {
      "elapsed_sec": 0.0007769837975502014,
      "is_warmup": false,
      "iteration": 418,
      "native_traversal_sec": 0.000730779,
      "row_count": 1417
    },
    {
      "elapsed_sec": 0.000848628580570221,
      "is_warmup": false,
      "iteration": 419,
      "native_traversal_sec": 0.000808246,
      "row_count": 1417
    },
    {
      "elapsed_sec": 0.0007050931453704834,
      "is_warmup": false,
      "iteration": 420,
      "native_traversal_sec": 0.000664212,
      "row_count": 1417
    },
    {
      "elapsed_sec": 0.0008024275302886963,
      "is_warmup": false,
      "iteration": 421,
      "native_traversal_sec": 0.000762379,
      "row_count": 1417
    },
    {
      "elapsed_sec": 0.0007578283548355103,
      "is_warmup": false,
      "iteration": 422,
      "native_traversal_sec": 0.000715851,
      "row_count": 1417
    },
    {
      "elapsed_sec": 0.0009074732661247253,
      "is_warmup": false,
      "iteration": 423,
      "native_traversal_sec": 0.000867409,
      "row_count": 1417
    },
    {
      "elapsed_sec": 0.0007473155856132507,
      "is_warmup": false,
      "iteration": 424,
      "native_traversal_sec": 0.000706213,
      "row_count": 1417
    },
    {
      "elapsed_sec": 0.0006538331508636475,
      "is_warmup": false,
      "iteration": 425,
      "native_traversal_sec": 0.000614398,
      "row_count": 1417
    },
    {
      "elapsed_sec": 0.000768415629863739,
      "is_warmup": false,
      "iteration": 426,
      "native_traversal_sec": 0.000728374,
      "row_count": 1417
    },
    {
      "elapsed_sec": 0.0007398650050163269,
      "is_warmup": false,
      "iteration": 427,
      "native_traversal_sec": 0.000692917,
      "row_count": 1417
    },
    {
      "elapsed_sec": 0.0008075684309005737,
      "is_warmup": false,
      "iteration": 428,
      "native_traversal_sec": 0.000767348,
      "row_count": 1417
    },
    {
      "elapsed_sec": 0.0008082091808319092,
      "is_warmup": false,
      "iteration": 429,
      "native_traversal_sec": 0.000767248,
      "row_count": 1417
    },
    {
      "elapsed_sec": 0.0007597878575325012,
      "is_warmup": false,
      "iteration": 430,
      "native_traversal_sec": 0.000718636,
      "row_count": 1417
    },
    {
      "elapsed_sec": 0.0007596239447593689,
      "is_warmup": false,
      "iteration": 431,
      "native_traversal_sec": 0.000719198,
      "row_count": 1417
    },
    {
      "elapsed_sec": 0.0007545873522758484,
      "is_warmup": false,
      "iteration": 432,
      "native_traversal_sec": 0.000714569,
      "row_count": 1417
    },
    {
      "elapsed_sec": 0.0007687732577323914,
      "is_warmup": false,
      "iteration": 433,
      "native_traversal_sec": 0.000728334,
      "row_count": 1417
    },
    {
      "elapsed_sec": 0.0007638707756996155,
      "is_warmup": false,
      "iteration": 434,
      "native_traversal_sec": 0.000722493,
      "row_count": 1417
    },
    {
      "elapsed_sec": 0.0007569864392280579,
      "is_warmup": false,
      "iteration": 435,
      "native_traversal_sec": 0.000716592,
      "row_count": 1417
    },
    {
      "elapsed_sec": 0.0007684975862503052,
      "is_warmup": false,
      "iteration": 436,
      "native_traversal_sec": 0.000728575,
      "row_count": 1417
    },
    {
      "elapsed_sec": 0.0007809028029441833,
      "is_warmup": false,
      "iteration": 437,
      "native_traversal_sec": 0.000740618,
      "row_count": 1417
    },
    {
      "elapsed_sec": 0.000733107328414917,
      "is_warmup": false,
      "iteration": 438,
      "native_traversal_sec": 0.000692957,
      "row_count": 1417
    },
    {
      "elapsed_sec": 0.0007769539952278137,
      "is_warmup": false,
      "iteration": 439,
      "native_traversal_sec": 0.000737051,
      "row_count": 1417
    },
    {
      "elapsed_sec": 0.0007500499486923218,
      "is_warmup": false,
      "iteration": 440,
      "native_traversal_sec": 0.000703107,
      "row_count": 1417
    },
    {
      "elapsed_sec": 0.0008241459727287292,
      "is_warmup": false,
      "iteration": 441,
      "native_traversal_sec": 0.00078356,
      "row_count": 1417
    },
    {
      "elapsed_sec": 0.0007441267371177673,
      "is_warmup": false,
      "iteration": 442,
      "native_traversal_sec": 0.000700552,
      "row_count": 1417
    },
    {
      "elapsed_sec": 0.0009895190596580505,
      "is_warmup": false,
      "iteration": 443,
      "native_traversal_sec": 0.000950587,
      "row_count": 1417
    },
    {
      "elapsed_sec": 0.0008392930030822754,
      "is_warmup": false,
      "iteration": 444,
      "native_traversal_sec": 0.00080004,
      "row_count": 1417
    },
    {
      "elapsed_sec": 0.000792279839515686,
      "is_warmup": false,
      "iteration": 445,
      "native_traversal_sec": 0.000750837,
      "row_count": 1417
    },
    {
      "elapsed_sec": 0.0008035451173782349,
      "is_warmup": false,
      "iteration": 446,
      "native_traversal_sec": 0.000763732,
      "row_count": 1417
    },
    {
      "elapsed_sec": 0.0007680132985115051,
      "is_warmup": false,
      "iteration": 447,
      "native_traversal_sec": 0.000727343,
      "row_count": 1417
    },
    {
      "elapsed_sec": 0.0008537843823432922,
      "is_warmup": false,
      "iteration": 448,
      "native_traversal_sec": 0.000812815,
      "row_count": 1417
    },
    {
      "elapsed_sec": 0.0006653368473052979,
      "is_warmup": false,
      "iteration": 449,
      "native_traversal_sec": 0.000624807,
      "row_count": 1417
    },
    {
      "elapsed_sec": 0.0007231459021568298,
      "is_warmup": false,
      "iteration": 450,
      "native_traversal_sec": 0.000683148,
      "row_count": 1417
    },
    {
      "elapsed_sec": 0.0008421093225479126,
      "is_warmup": false,
      "iteration": 451,
      "native_traversal_sec": 0.000802495,
      "row_count": 1417
    },
    {
      "elapsed_sec": 0.0008227154612541199,
      "is_warmup": false,
      "iteration": 452,
      "native_traversal_sec": 0.000782006,
      "row_count": 1417
    },
    {
      "elapsed_sec": 0.0008034482598304749,
      "is_warmup": false,
      "iteration": 453,
      "native_traversal_sec": 0.000763171,
      "row_count": 1417
    },
    {
      "elapsed_sec": 0.0007581338286399841,
      "is_warmup": false,
      "iteration": 454,
      "native_traversal_sec": 0.000718756,
      "row_count": 1417
    },
    {
      "elapsed_sec": 0.0007850676774978638,
      "is_warmup": false,
      "iteration": 455,
      "native_traversal_sec": 0.000737822,
      "row_count": 1417
    },
    {
      "elapsed_sec": 0.0007933676242828369,
      "is_warmup": false,
      "iteration": 456,
      "native_traversal_sec": 0.000753202,
      "row_count": 1417
    },
    {
      "elapsed_sec": 0.0008265823125839233,
      "is_warmup": false,
      "iteration": 457,
      "native_traversal_sec": 0.000784491,
      "row_count": 1417
    },
    {
      "elapsed_sec": 0.0008334442973136902,
      "is_warmup": false,
      "iteration": 458,
      "native_traversal_sec": 0.000792065,
      "row_count": 1417
    },
    {
      "elapsed_sec": 0.0008175075054168701,
      "is_warmup": false,
      "iteration": 459,
      "native_traversal_sec": 0.000776106,
      "row_count": 1417
    },
    {
      "elapsed_sec": 0.000822216272354126,
      "is_warmup": false,
      "iteration": 460,
      "native_traversal_sec": 0.000782157,
      "row_count": 1417
    },
    {
      "elapsed_sec": 0.000781036913394928,
      "is_warmup": false,
      "iteration": 461,
      "native_traversal_sec": 0.000741169,
      "row_count": 1417
    },
    {
      "elapsed_sec": 0.0007955431938171387,
      "is_warmup": false,
      "iteration": 462,
      "native_traversal_sec": 0.000755245,
      "row_count": 1417
    },
    {
      "elapsed_sec": 0.0008827224373817444,
      "is_warmup": false,
      "iteration": 463,
      "native_traversal_sec": 0.00084199,
      "row_count": 1417
    },
    {
      "elapsed_sec": 0.0008010938763618469,
      "is_warmup": false,
      "iteration": 464,
      "native_traversal_sec": 0.000759624,
      "row_count": 1417
    },
    {
      "elapsed_sec": 0.0007620826363563538,
      "is_warmup": false,
      "iteration": 465,
      "native_traversal_sec": 0.00072104,
      "row_count": 1417
    },
    {
      "elapsed_sec": 0.0007999986410140991,
      "is_warmup": false,
      "iteration": 466,
      "native_traversal_sec": 0.000760115,
      "row_count": 1417
    },
    {
      "elapsed_sec": 0.0007640644907951355,
      "is_warmup": false,
      "iteration": 467,
      "native_traversal_sec": 0.000723575,
      "row_count": 1417
    },
    {
      "elapsed_sec": 0.0007539018988609314,
      "is_warmup": false,
      "iteration": 468,
      "native_traversal_sec": 0.000713386,
      "row_count": 1417
    },
    {
      "elapsed_sec": 0.0007799118757247925,
      "is_warmup": false,
      "iteration": 469,
      "native_traversal_sec": 0.000739515,
      "row_count": 1417
    },
    {
      "elapsed_sec": 0.0007483959197998047,
      "is_warmup": false,
      "iteration": 470,
      "native_traversal_sec": 0.000702034,
      "row_count": 1417
    },
    {
      "elapsed_sec": 0.0007954239845275879,
      "is_warmup": false,
      "iteration": 471,
      "native_traversal_sec": 0.000755547,
      "row_count": 1417
    },
    {
      "elapsed_sec": 0.0008083060383796692,
      "is_warmup": false,
      "iteration": 472,
      "native_traversal_sec": 0.000767529,
      "row_count": 1417
    },
    {
      "elapsed_sec": 0.0006921887397766113,
      "is_warmup": false,
      "iteration": 473,
      "native_traversal_sec": 0.0006153,
      "row_count": 1417
    },
    {
      "elapsed_sec": 0.0008761659264564514,
      "is_warmup": false,
      "iteration": 474,
      "native_traversal_sec": 0.000835799,
      "row_count": 1417
    },
    {
      "elapsed_sec": 0.0007748827338218689,
      "is_warmup": false,
      "iteration": 475,
      "native_traversal_sec": 0.000733434,
      "row_count": 1417
    },
    {
      "elapsed_sec": 0.0007699429988861084,
      "is_warmup": false,
      "iteration": 476,
      "native_traversal_sec": 0.000727914,
      "row_count": 1417
    },
    {
      "elapsed_sec": 0.0008193179965019226,
      "is_warmup": false,
      "iteration": 477,
      "native_traversal_sec": 0.00077836,
      "row_count": 1417
    },
    {
      "elapsed_sec": 0.0007866322994232178,
      "is_warmup": false,
      "iteration": 478,
      "native_traversal_sec": 0.000745858,
      "row_count": 1417
    },
    {
      "elapsed_sec": 0.000833168625831604,
      "is_warmup": false,
      "iteration": 479,
      "native_traversal_sec": 0.000792256,
      "row_count": 1417
    },
    {
      "elapsed_sec": 0.0007890909910202026,
      "is_warmup": false,
      "iteration": 480,
      "native_traversal_sec": 0.000748813,
      "row_count": 1417
    },
    {
      "elapsed_sec": 0.0009317994117736816,
      "is_warmup": false,
      "iteration": 481,
      "native_traversal_sec": 0.000890062,
      "row_count": 1417
    },
    {
      "elapsed_sec": 0.0008540377020835876,
      "is_warmup": false,
      "iteration": 482,
      "native_traversal_sec": 0.000809129,
      "row_count": 1417
    },
    {
      "elapsed_sec": 0.000834152102470398,
      "is_warmup": false,
      "iteration": 483,
      "native_traversal_sec": 0.000791434,
      "row_count": 1417
    },
    {
      "elapsed_sec": 0.00079374760389328,
      "is_warmup": false,
      "iteration": 484,
      "native_traversal_sec": 0.000751418,
      "row_count": 1417
    },
    {
      "elapsed_sec": 0.0008148476481437683,
      "is_warmup": false,
      "iteration": 485,
      "native_traversal_sec": 0.00077345,
      "row_count": 1417
    },
    {
      "elapsed_sec": 0.0008679330348968506,
      "is_warmup": false,
      "iteration": 486,
      "native_traversal_sec": 0.00082567,
      "row_count": 1417
    },
    {
      "elapsed_sec": 0.0008172541856765747,
      "is_warmup": false,
      "iteration": 487,
      "native_traversal_sec": 0.000775845,
      "row_count": 1417
    },
    {
      "elapsed_sec": 0.0008222311735153198,
      "is_warmup": false,
      "iteration": 488,
      "native_traversal_sec": 0.000779792,
      "row_count": 1417
    },
    {
      "elapsed_sec": 0.0007378384470939636,
      "is_warmup": false,
      "iteration": 489,
      "native_traversal_sec": 0.000697256,
      "row_count": 1417
    },
    {
      "elapsed_sec": 0.0007852166891098022,
      "is_warmup": false,
      "iteration": 490,
      "native_traversal_sec": 0.000743182,
      "row_count": 1417
    },
    {
      "elapsed_sec": 0.000853225588798523,
      "is_warmup": false,
      "iteration": 491,
      "native_traversal_sec": 0.000794861,
      "row_count": 1417
    },
    {
      "elapsed_sec": 0.0007718577980995178,
      "is_warmup": false,
      "iteration": 492,
      "native_traversal_sec": 0.000729968,
      "row_count": 1417
    },
    {
      "elapsed_sec": 0.0007731691002845764,
      "is_warmup": false,
      "iteration": 493,
      "native_traversal_sec": 0.000732914,
      "row_count": 1417
    },
    {
      "elapsed_sec": 0.0007745027542114258,
      "is_warmup": false,
      "iteration": 494,
      "native_traversal_sec": 0.000734126,
      "row_count": 1417
    },
    {
      "elapsed_sec": 0.0008090734481811523,
      "is_warmup": false,
      "iteration": 495,
      "native_traversal_sec": 0.000768731,
      "row_count": 1417
    },
    {
      "elapsed_sec": 0.0008639171719551086,
      "is_warmup": false,
      "iteration": 496,
      "native_traversal_sec": 0.000822123,
      "row_count": 1417
    },
    {
      "elapsed_sec": 0.0007691904902458191,
      "is_warmup": false,
      "iteration": 497,
      "native_traversal_sec": 0.000727743,
      "row_count": 1417
    },
    {
      "elapsed_sec": 0.0007701292634010315,
      "is_warmup": false,
      "iteration": 498,
      "native_traversal_sec": 0.000729327,
      "row_count": 1417
    },
    {
      "elapsed_sec": 0.0007693395018577576,
      "is_warmup": false,
      "iteration": 499,
      "native_traversal_sec": 0.000729907,
      "row_count": 1417
    },
    {
      "elapsed_sec": 0.000758439302444458,
      "is_warmup": false,
      "iteration": 500,
      "native_traversal_sec": 0.000717805,
      "row_count": 1417
    },
    {
      "elapsed_sec": 0.0009518265724182129,
      "is_warmup": false,
      "iteration": 501,
      "native_traversal_sec": 0.000910601,
      "row_count": 1417
    },
    {
      "elapsed_sec": 0.0008031278848648071,
      "is_warmup": false,
      "iteration": 502,
      "native_traversal_sec": 0.000760536,
      "row_count": 1417
    },
    {
      "elapsed_sec": 0.0007884874939918518,
      "is_warmup": false,
      "iteration": 503,
      "native_traversal_sec": 0.000747711,
      "row_count": 1417
    },
    {
      "elapsed_sec": 0.0007957667112350464,
      "is_warmup": false,
      "iteration": 504,
      "native_traversal_sec": 0.000754925,
      "row_count": 1417
    },
    {
      "elapsed_sec": 0.0009301379323005676,
      "is_warmup": false,
      "iteration": 505,
      "native_traversal_sec": 0.00088954,
      "row_count": 1417
    },
    {
      "elapsed_sec": 0.0007175654172897339,
      "is_warmup": false,
      "iteration": 506,
      "native_traversal_sec": 0.000677958,
      "row_count": 1417
    },
    {
      "elapsed_sec": 0.0008225813508033752,
      "is_warmup": false,
      "iteration": 507,
      "native_traversal_sec": 0.000781897,
      "row_count": 1417
    },
    {
      "elapsed_sec": 0.0008198246359825134,
      "is_warmup": false,
      "iteration": 508,
      "native_traversal_sec": 0.00077873,
      "row_count": 1417
    },
    {
      "elapsed_sec": 0.0008138120174407959,
      "is_warmup": false,
      "iteration": 509,
      "native_traversal_sec": 0.000772678,
      "row_count": 1417
    },
    {
      "elapsed_sec": 0.0008920952677726746,
      "is_warmup": false,
      "iteration": 510,
      "native_traversal_sec": 0.000851008,
      "row_count": 1417
    },
    {
      "elapsed_sec": 0.0007695853710174561,
      "is_warmup": false,
      "iteration": 511,
      "native_traversal_sec": 0.000729086,
      "row_count": 1417
    },
    {
      "elapsed_sec": 0.0008367821574211121,
      "is_warmup": false,
      "iteration": 512,
      "native_traversal_sec": 0.000796985,
      "row_count": 1417
    },
    {
      "elapsed_sec": 0.0008103102445602417,
      "is_warmup": false,
      "iteration": 513,
      "native_traversal_sec": 0.000769533,
      "row_count": 1417
    },
    {
      "elapsed_sec": 0.0007773861289024353,
      "is_warmup": false,
      "iteration": 514,
      "native_traversal_sec": 0.000737302,
      "row_count": 1417
    },
    {
      "elapsed_sec": 0.0009137168526649475,
      "is_warmup": false,
      "iteration": 515,
      "native_traversal_sec": 0.000874002,
      "row_count": 1417
    },
    {
      "elapsed_sec": 0.0007744058966636658,
      "is_warmup": false,
      "iteration": 516,
      "native_traversal_sec": 0.000734306,
      "row_count": 1417
    },
    {
      "elapsed_sec": 0.0007679611444473267,
      "is_warmup": false,
      "iteration": 517,
      "native_traversal_sec": 0.000727473,
      "row_count": 1417
    },
    {
      "elapsed_sec": 0.000697895884513855,
      "is_warmup": false,
      "iteration": 518,
      "native_traversal_sec": 0.000658131,
      "row_count": 1417
    },
    {
      "elapsed_sec": 0.0007940828800201416,
      "is_warmup": false,
      "iteration": 519,
      "native_traversal_sec": 0.000754515,
      "row_count": 1417
    },
    {
      "elapsed_sec": 0.0008688420057296753,
      "is_warmup": false,
      "iteration": 520,
      "native_traversal_sec": 0.000827954,
      "row_count": 1417
    },
    {
      "elapsed_sec": 0.0008166730403900146,
      "is_warmup": false,
      "iteration": 521,
      "native_traversal_sec": 0.000775925,
      "row_count": 1417
    },
    {
      "elapsed_sec": 0.0007767081260681152,
      "is_warmup": false,
      "iteration": 522,
      "native_traversal_sec": 0.000735568,
      "row_count": 1417
    },
    {
      "elapsed_sec": 0.0007844492793083191,
      "is_warmup": false,
      "iteration": 523,
      "native_traversal_sec": 0.000744345,
      "row_count": 1417
    },
    {
      "elapsed_sec": 0.0007555633783340454,
      "is_warmup": false,
      "iteration": 524,
      "native_traversal_sec": 0.000715911,
      "row_count": 1417
    },
    {
      "elapsed_sec": 0.0008715242147445679,
      "is_warmup": false,
      "iteration": 525,
      "native_traversal_sec": 0.000831711,
      "row_count": 1417
    },
    {
      "elapsed_sec": 0.0007958486676216125,
      "is_warmup": false,
      "iteration": 526,
      "native_traversal_sec": 0.000756207,
      "row_count": 1417
    },
    {
      "elapsed_sec": 0.000779271125793457,
      "is_warmup": false,
      "iteration": 527,
      "native_traversal_sec": 0.000739356,
      "row_count": 1417
    },
    {
      "elapsed_sec": 0.0008542761206626892,
      "is_warmup": false,
      "iteration": 528,
      "native_traversal_sec": 0.000813366,
      "row_count": 1417
    },
    {
      "elapsed_sec": 0.0007862374186515808,
      "is_warmup": false,
      "iteration": 529,
      "native_traversal_sec": 0.000744886,
      "row_count": 1417
    },
    {
      "elapsed_sec": 0.0008153170347213745,
      "is_warmup": false,
      "iteration": 530,
      "native_traversal_sec": 0.000773992,
      "row_count": 1417
    },
    {
      "elapsed_sec": 0.0008461624383926392,
      "is_warmup": false,
      "iteration": 531,
      "native_traversal_sec": 0.000805622,
      "row_count": 1417
    },
    {
      "elapsed_sec": 0.0007500648498535156,
      "is_warmup": false,
      "iteration": 532,
      "native_traversal_sec": 0.000709067,
      "row_count": 1417
    },
    {
      "elapsed_sec": 0.0008369460701942444,
      "is_warmup": false,
      "iteration": 533,
      "native_traversal_sec": 0.000796584,
      "row_count": 1417
    },
    {
      "elapsed_sec": 0.0008195117115974426,
      "is_warmup": false,
      "iteration": 534,
      "native_traversal_sec": 0.00077857,
      "row_count": 1417
    },
    {
      "elapsed_sec": 0.0008773431181907654,
      "is_warmup": false,
      "iteration": 535,
      "native_traversal_sec": 0.000835539,
      "row_count": 1417
    },
    {
      "elapsed_sec": 0.0007858201861381531,
      "is_warmup": false,
      "iteration": 536,
      "native_traversal_sec": 0.000744956,
      "row_count": 1417
    },
    {
      "elapsed_sec": 0.0008116215467453003,
      "is_warmup": false,
      "iteration": 537,
      "native_traversal_sec": 0.000770915,
      "row_count": 1417
    },
    {
      "elapsed_sec": 0.0007635504007339478,
      "is_warmup": false,
      "iteration": 538,
      "native_traversal_sec": 0.000723265,
      "row_count": 1417
    },
    {
      "elapsed_sec": 0.0008328258991241455,
      "is_warmup": false,
      "iteration": 539,
      "native_traversal_sec": 0.000792497,
      "row_count": 1417
    },
    {
      "elapsed_sec": 0.0008173361420631409,
      "is_warmup": false,
      "iteration": 540,
      "native_traversal_sec": 0.000775935,
      "row_count": 1417
    },
    {
      "elapsed_sec": 0.0007783621549606323,
      "is_warmup": false,
      "iteration": 541,
      "native_traversal_sec": 0.000737442,
      "row_count": 1417
    },
    {
      "elapsed_sec": 0.0008049830794334412,
      "is_warmup": false,
      "iteration": 542,
      "native_traversal_sec": 0.000765225,
      "row_count": 1417
    },
    {
      "elapsed_sec": 0.0007875785231590271,
      "is_warmup": false,
      "iteration": 543,
      "native_traversal_sec": 0.000747741,
      "row_count": 1417
    },
    {
      "elapsed_sec": 0.000828668475151062,
      "is_warmup": false,
      "iteration": 544,
      "native_traversal_sec": 0.00078867,
      "row_count": 1417
    },
    {
      "elapsed_sec": 0.0009312927722930908,
      "is_warmup": false,
      "iteration": 545,
      "native_traversal_sec": 0.000888459,
      "row_count": 1417
    },
    {
      "elapsed_sec": 0.0007764846086502075,
      "is_warmup": false,
      "iteration": 546,
      "native_traversal_sec": 0.000735268,
      "row_count": 1417
    },
    {
      "elapsed_sec": 0.0007781833410263062,
      "is_warmup": false,
      "iteration": 547,
      "native_traversal_sec": 0.000737582,
      "row_count": 1417
    },
    {
      "elapsed_sec": 0.0008537694811820984,
      "is_warmup": false,
      "iteration": 548,
      "native_traversal_sec": 0.000813436,
      "row_count": 1417
    },
    {
      "elapsed_sec": 0.0007910802960395813,
      "is_warmup": false,
      "iteration": 549,
      "native_traversal_sec": 0.000750186,
      "row_count": 1417
    },
    {
      "elapsed_sec": 0.0008056387305259705,
      "is_warmup": false,
      "iteration": 550,
      "native_traversal_sec": 0.000765485,
      "row_count": 1417
    },
    {
      "elapsed_sec": 0.0008130967617034912,
      "is_warmup": false,
      "iteration": 551,
      "native_traversal_sec": 0.000772258,
      "row_count": 1417
    },
    {
      "elapsed_sec": 0.0008474364876747131,
      "is_warmup": false,
      "iteration": 552,
      "native_traversal_sec": 0.000807094,
      "row_count": 1417
    },
    {
      "elapsed_sec": 0.0008783712983131409,
      "is_warmup": false,
      "iteration": 553,
      "native_traversal_sec": 0.00083676,
      "row_count": 1417
    },
    {
      "elapsed_sec": 0.0009812712669372559,
      "is_warmup": false,
      "iteration": 554,
      "native_traversal_sec": 0.000939155,
      "row_count": 1417
    },
    {
      "elapsed_sec": 0.0008082315325737,
      "is_warmup": false,
      "iteration": 555,
      "native_traversal_sec": 0.000767299,
      "row_count": 1417
    },
    {
      "elapsed_sec": 0.0007995963096618652,
      "is_warmup": false,
      "iteration": 556,
      "native_traversal_sec": 0.000757139,
      "row_count": 1417
    },
    {
      "elapsed_sec": 0.0008003935217857361,
      "is_warmup": false,
      "iteration": 557,
      "native_traversal_sec": 0.000758492,
      "row_count": 1417
    },
    {
      "elapsed_sec": 0.0008404776453971863,
      "is_warmup": false,
      "iteration": 558,
      "native_traversal_sec": 0.000798658,
      "row_count": 1417
    },
    {
      "elapsed_sec": 0.0008195564150810242,
      "is_warmup": false,
      "iteration": 559,
      "native_traversal_sec": 0.000777728,
      "row_count": 1417
    },
    {
      "elapsed_sec": 0.0007851868867874146,
      "is_warmup": false,
      "iteration": 560,
      "native_traversal_sec": 0.000742601,
      "row_count": 1417
    },
    {
      "elapsed_sec": 0.0007597580552101135,
      "is_warmup": false,
      "iteration": 561,
      "native_traversal_sec": 0.000717654,
      "row_count": 1417
    },
    {
      "elapsed_sec": 0.0007971674203872681,
      "is_warmup": false,
      "iteration": 562,
      "native_traversal_sec": 0.000755737,
      "row_count": 1417
    },
    {
      "elapsed_sec": 0.0008514076471328735,
      "is_warmup": false,
      "iteration": 563,
      "native_traversal_sec": 0.00080982,
      "row_count": 1417
    },
    {
      "elapsed_sec": 0.0010424330830574036,
      "is_warmup": false,
      "iteration": 564,
      "native_traversal_sec": 0.001000151,
      "row_count": 1417
    },
    {
      "elapsed_sec": 0.0008310079574584961,
      "is_warmup": false,
      "iteration": 565,
      "native_traversal_sec": 0.000788539,
      "row_count": 1417
    },
    {
      "elapsed_sec": 0.0008465349674224854,
      "is_warmup": false,
      "iteration": 566,
      "native_traversal_sec": 0.000805271,
      "row_count": 1417
    },
    {
      "elapsed_sec": 0.0008425116539001465,
      "is_warmup": false,
      "iteration": 567,
      "native_traversal_sec": 0.000801213,
      "row_count": 1417
    },
    {
      "elapsed_sec": 0.0008119493722915649,
      "is_warmup": false,
      "iteration": 568,
      "native_traversal_sec": 0.000765976,
      "row_count": 1417
    },
    {
      "elapsed_sec": 0.0007948800921440125,
      "is_warmup": false,
      "iteration": 569,
      "native_traversal_sec": 0.000753782,
      "row_count": 1417
    },
    {
      "elapsed_sec": 0.000997699797153473,
      "is_warmup": false,
      "iteration": 570,
      "native_traversal_sec": 0.00095714,
      "row_count": 1417
    },
    {
      "elapsed_sec": 0.000867888331413269,
      "is_warmup": false,
      "iteration": 571,
      "native_traversal_sec": 0.000828415,
      "row_count": 1417
    },
    {
      "elapsed_sec": 0.0007638856768608093,
      "is_warmup": false,
      "iteration": 572,
      "native_traversal_sec": 0.000721913,
      "row_count": 1417
    },
    {
      "elapsed_sec": 0.0008248388767242432,
      "is_warmup": false,
      "iteration": 573,
      "native_traversal_sec": 0.000783249,
      "row_count": 1417
    },
    {
      "elapsed_sec": 0.0007032230496406555,
      "is_warmup": false,
      "iteration": 574,
      "native_traversal_sec": 0.00066246,
      "row_count": 1417
    },
    {
      "elapsed_sec": 0.0007744282484054565,
      "is_warmup": false,
      "iteration": 575,
      "native_traversal_sec": 0.000734055,
      "row_count": 1417
    },
    {
      "elapsed_sec": 0.0008486434817314148,
      "is_warmup": false,
      "iteration": 576,
      "native_traversal_sec": 0.000807625,
      "row_count": 1417
    },
    {
      "elapsed_sec": 0.0007085725665092468,
      "is_warmup": false,
      "iteration": 577,
      "native_traversal_sec": 0.000667238,
      "row_count": 1417
    },
    {
      "elapsed_sec": 0.0008414387702941895,
      "is_warmup": false,
      "iteration": 578,
      "native_traversal_sec": 0.000800993,
      "row_count": 1417
    },
    {
      "elapsed_sec": 0.0008024424314498901,
      "is_warmup": false,
      "iteration": 579,
      "native_traversal_sec": 0.000760887,
      "row_count": 1417
    },
    {
      "elapsed_sec": 0.0009326264262199402,
      "is_warmup": false,
      "iteration": 580,
      "native_traversal_sec": 0.000891385,
      "row_count": 1417
    },
    {
      "elapsed_sec": 0.0007967203855514526,
      "is_warmup": false,
      "iteration": 581,
      "native_traversal_sec": 0.000755226,
      "row_count": 1417
    },
    {
      "elapsed_sec": 0.0007800832390785217,
      "is_warmup": false,
      "iteration": 582,
      "native_traversal_sec": 0.000739215,
      "row_count": 1417
    },
    {
      "elapsed_sec": 0.000777222216129303,
      "is_warmup": false,
      "iteration": 583,
      "native_traversal_sec": 0.000736009,
      "row_count": 1417
    },
    {
      "elapsed_sec": 0.0007974430918693542,
      "is_warmup": false,
      "iteration": 584,
      "native_traversal_sec": 0.000756558,
      "row_count": 1417
    },
    {
      "elapsed_sec": 0.0007897987961769104,
      "is_warmup": false,
      "iteration": 585,
      "native_traversal_sec": 0.000749956,
      "row_count": 1417
    },
    {
      "elapsed_sec": 0.0006986558437347412,
      "is_warmup": false,
      "iteration": 586,
      "native_traversal_sec": 0.0006575,
      "row_count": 1417
    },
    {
      "elapsed_sec": 0.0007793456315994263,
      "is_warmup": false,
      "iteration": 587,
      "native_traversal_sec": 0.000739787,
      "row_count": 1417
    },
    {
      "elapsed_sec": 0.0008030161261558533,
      "is_warmup": false,
      "iteration": 588,
      "native_traversal_sec": 0.000761597,
      "row_count": 1417
    },
    {
      "elapsed_sec": 0.0007989555597305298,
      "is_warmup": false,
      "iteration": 589,
      "native_traversal_sec": 0.000757139,
      "row_count": 1417
    },
    {
      "elapsed_sec": 0.0008969604969024658,
      "is_warmup": false,
      "iteration": 590,
      "native_traversal_sec": 0.000856158,
      "row_count": 1417
    },
    {
      "elapsed_sec": 0.0007228851318359375,
      "is_warmup": false,
      "iteration": 591,
      "native_traversal_sec": 0.000681676,
      "row_count": 1417
    },
    {
      "elapsed_sec": 0.0007979199290275574,
      "is_warmup": false,
      "iteration": 592,
      "native_traversal_sec": 0.0007579,
      "row_count": 1417
    },
    {
      "elapsed_sec": 0.0008215680718421936,
      "is_warmup": false,
      "iteration": 593,
      "native_traversal_sec": 0.000781125,
      "row_count": 1417
    },
    {
      "elapsed_sec": 0.0007114782929420471,
      "is_warmup": false,
      "iteration": 594,
      "native_traversal_sec": 0.000670995,
      "row_count": 1417
    },
    {
      "elapsed_sec": 0.0008020550012588501,
      "is_warmup": false,
      "iteration": 595,
      "native_traversal_sec": 0.000761007,
      "row_count": 1417
    },
    {
      "elapsed_sec": 0.0008499771356582642,
      "is_warmup": false,
      "iteration": 596,
      "native_traversal_sec": 0.000808657,
      "row_count": 1417
    },
    {
      "elapsed_sec": 0.0008166506886482239,
      "is_warmup": false,
      "iteration": 597,
      "native_traversal_sec": 0.000775404,
      "row_count": 1417
    },
    {
      "elapsed_sec": 0.0008282214403152466,
      "is_warmup": false,
      "iteration": 598,
      "native_traversal_sec": 0.000786024,
      "row_count": 1417
    },
    {
      "elapsed_sec": 0.000769488513469696,
      "is_warmup": false,
      "iteration": 599,
      "native_traversal_sec": 0.000721331,
      "row_count": 1417
    },
    {
      "elapsed_sec": 0.0009482726454734802,
      "is_warmup": false,
      "iteration": 600,
      "native_traversal_sec": 0.000907364,
      "row_count": 1417
    },
    {
      "elapsed_sec": 0.0008025690913200378,
      "is_warmup": false,
      "iteration": 601,
      "native_traversal_sec": 0.000760546,
      "row_count": 1417
    },
    {
      "elapsed_sec": 0.0008149445056915283,
      "is_warmup": false,
      "iteration": 602,
      "native_traversal_sec": 0.00077373,
      "row_count": 1417
    },
    {
      "elapsed_sec": 0.0008097738027572632,
      "is_warmup": false,
      "iteration": 603,
      "native_traversal_sec": 0.00076836,
      "row_count": 1417
    },
    {
      "elapsed_sec": 0.0007655620574951172,
      "is_warmup": false,
      "iteration": 604,
      "native_traversal_sec": 0.000724397,
      "row_count": 1417
    },
    {
      "elapsed_sec": 0.0008614286780357361,
      "is_warmup": false,
      "iteration": 605,
      "native_traversal_sec": 0.000819838,
      "row_count": 1417
    },
    {
      "elapsed_sec": 0.0007888227701187134,
      "is_warmup": false,
      "iteration": 606,
      "native_traversal_sec": 0.000747691,
      "row_count": 1417
    },
    {
      "elapsed_sec": 0.0008270740509033203,
      "is_warmup": false,
      "iteration": 607,
      "native_traversal_sec": 0.000786435,
      "row_count": 1417
    },
    {
      "elapsed_sec": 0.0007798224687576294,
      "is_warmup": false,
      "iteration": 608,
      "native_traversal_sec": 0.000738694,
      "row_count": 1417
    },
    {
      "elapsed_sec": 0.0007974132895469666,
      "is_warmup": false,
      "iteration": 609,
      "native_traversal_sec": 0.000755877,
      "row_count": 1417
    },
    {
      "elapsed_sec": 0.0008490309119224548,
      "is_warmup": false,
      "iteration": 610,
      "native_traversal_sec": 0.000808527,
      "row_count": 1417
    },
    {
      "elapsed_sec": 0.0008717253804206848,
      "is_warmup": false,
      "iteration": 611,
      "native_traversal_sec": 0.000830168,
      "row_count": 1417
    },
    {
      "elapsed_sec": 0.0008232966065406799,
      "is_warmup": false,
      "iteration": 612,
      "native_traversal_sec": 0.000782939,
      "row_count": 1417
    },
    {
      "elapsed_sec": 0.0006673559546470642,
      "is_warmup": false,
      "iteration": 613,
      "native_traversal_sec": 0.00062581,
      "row_count": 1417
    },
    {
      "elapsed_sec": 0.0007594302296638489,
      "is_warmup": false,
      "iteration": 614,
      "native_traversal_sec": 0.000719017,
      "row_count": 1417
    },
    {
      "elapsed_sec": 0.0008067935705184937,
      "is_warmup": false,
      "iteration": 615,
      "native_traversal_sec": 0.000765856,
      "row_count": 1417
    },
    {
      "elapsed_sec": 0.0007685422897338867,
      "is_warmup": false,
      "iteration": 616,
      "native_traversal_sec": 0.000728164,
      "row_count": 1417
    },
    {
      "elapsed_sec": 0.000775851309299469,
      "is_warmup": false,
      "iteration": 617,
      "native_traversal_sec": 0.000735258,
      "row_count": 1417
    },
    {
      "elapsed_sec": 0.0006851926445960999,
      "is_warmup": false,
      "iteration": 618,
      "native_traversal_sec": 0.000645397,
      "row_count": 1417
    },
    {
      "elapsed_sec": 0.0007823258638381958,
      "is_warmup": false,
      "iteration": 619,
      "native_traversal_sec": 0.000735939,
      "row_count": 1417
    },
    {
      "elapsed_sec": 0.0009312555193901062,
      "is_warmup": false,
      "iteration": 620,
      "native_traversal_sec": 0.000889872,
      "row_count": 1417
    },
    {
      "elapsed_sec": 0.0007792413234710693,
      "is_warmup": false,
      "iteration": 621,
      "native_traversal_sec": 0.000735869,
      "row_count": 1417
    },
    {
      "elapsed_sec": 0.0007194504141807556,
      "is_warmup": false,
      "iteration": 622,
      "native_traversal_sec": 0.00067867,
      "row_count": 1417
    },
    {
      "elapsed_sec": 0.0007473230361938477,
      "is_warmup": false,
      "iteration": 623,
      "native_traversal_sec": 0.000707104,
      "row_count": 1417
    },
    {
      "elapsed_sec": 0.00080852210521698,
      "is_warmup": false,
      "iteration": 624,
      "native_traversal_sec": 0.000767459,
      "row_count": 1417
    },
    {
      "elapsed_sec": 0.000795118510723114,
      "is_warmup": false,
      "iteration": 625,
      "native_traversal_sec": 0.000753462,
      "row_count": 1417
    },
    {
      "elapsed_sec": 0.0007426738739013672,
      "is_warmup": false,
      "iteration": 626,
      "native_traversal_sec": 0.000702655,
      "row_count": 1417
    },
    {
      "elapsed_sec": 0.0007340610027313232,
      "is_warmup": false,
      "iteration": 627,
      "native_traversal_sec": 0.000694009,
      "row_count": 1417
    },
    {
      "elapsed_sec": 0.0008127093315124512,
      "is_warmup": false,
      "iteration": 628,
      "native_traversal_sec": 0.000772127,
      "row_count": 1417
    },
    {
      "elapsed_sec": 0.0008511543273925781,
      "is_warmup": false,
      "iteration": 629,
      "native_traversal_sec": 0.000810801,
      "row_count": 1417
    },
    {
      "elapsed_sec": 0.0008751377463340759,
      "is_warmup": false,
      "iteration": 630,
      "native_traversal_sec": 0.000833083,
      "row_count": 1417
    },
    {
      "elapsed_sec": 0.0008316189050674438,
      "is_warmup": false,
      "iteration": 631,
      "native_traversal_sec": 0.000790893,
      "row_count": 1417
    },
    {
      "elapsed_sec": 0.0007775649428367615,
      "is_warmup": false,
      "iteration": 632,
      "native_traversal_sec": 0.000736069,
      "row_count": 1417
    },
    {
      "elapsed_sec": 0.0007715523242950439,
      "is_warmup": false,
      "iteration": 633,
      "native_traversal_sec": 0.000730027,
      "row_count": 1417
    },
    {
      "elapsed_sec": 0.0008145645260810852,
      "is_warmup": false,
      "iteration": 634,
      "native_traversal_sec": 0.000774151,
      "row_count": 1417
    },
    {
      "elapsed_sec": 0.0009070560336112976,
      "is_warmup": false,
      "iteration": 635,
      "native_traversal_sec": 0.000865796,
      "row_count": 1417
    },
    {
      "elapsed_sec": 0.0007528513669967651,
      "is_warmup": false,
      "iteration": 636,
      "native_traversal_sec": 0.000711332,
      "row_count": 1417
    },
    {
      "elapsed_sec": 0.0008132606744766235,
      "is_warmup": false,
      "iteration": 637,
      "native_traversal_sec": 0.000773571,
      "row_count": 1417
    },
    {
      "elapsed_sec": 0.00080910325050354,
      "is_warmup": false,
      "iteration": 638,
      "native_traversal_sec": 0.000768611,
      "row_count": 1417
    },
    {
      "elapsed_sec": 0.0008073076605796814,
      "is_warmup": false,
      "iteration": 639,
      "native_traversal_sec": 0.000766918,
      "row_count": 1417
    },
    {
      "elapsed_sec": 0.000851072371006012,
      "is_warmup": false,
      "iteration": 640,
      "native_traversal_sec": 0.000809539,
      "row_count": 1417
    },
    {
      "elapsed_sec": 0.0007938295602798462,
      "is_warmup": false,
      "iteration": 641,
      "native_traversal_sec": 0.000752099,
      "row_count": 1417
    },
    {
      "elapsed_sec": 0.0007901042699813843,
      "is_warmup": false,
      "iteration": 642,
      "native_traversal_sec": 0.000750727,
      "row_count": 1417
    },
    {
      "elapsed_sec": 0.0007891207933425903,
      "is_warmup": false,
      "iteration": 643,
      "native_traversal_sec": 0.000748443,
      "row_count": 1417
    },
    {
      "elapsed_sec": 0.0008111149072647095,
      "is_warmup": false,
      "iteration": 644,
      "native_traversal_sec": 0.000769793,
      "row_count": 1417
    },
    {
      "elapsed_sec": 0.0008638277649879456,
      "is_warmup": false,
      "iteration": 645,
      "native_traversal_sec": 0.000823997,
      "row_count": 1417
    },
    {
      "elapsed_sec": 0.0008177310228347778,
      "is_warmup": false,
      "iteration": 646,
      "native_traversal_sec": 0.000777518,
      "row_count": 1417
    },
    {
      "elapsed_sec": 0.0007926002144813538,
      "is_warmup": false,
      "iteration": 647,
      "native_traversal_sec": 0.000751739,
      "row_count": 1417
    },
    {
      "elapsed_sec": 0.0006771460175514221,
      "is_warmup": false,
      "iteration": 648,
      "native_traversal_sec": 0.000635989,
      "row_count": 1417
    },
    {
      "elapsed_sec": 0.0006823092699050903,
      "is_warmup": false,
      "iteration": 649,
      "native_traversal_sec": 0.000642752,
      "row_count": 1417
    },
    {
      "elapsed_sec": 0.0008012130856513977,
      "is_warmup": false,
      "iteration": 650,
      "native_traversal_sec": 0.000761898,
      "row_count": 1417
    },
    {
      "elapsed_sec": 0.0007417947053909302,
      "is_warmup": false,
      "iteration": 651,
      "native_traversal_sec": 0.000701563,
      "row_count": 1417
    },
    {
      "elapsed_sec": 0.0007974430918693542,
      "is_warmup": false,
      "iteration": 652,
      "native_traversal_sec": 0.000756808,
      "row_count": 1417
    },
    {
      "elapsed_sec": 0.0008159056305885315,
      "is_warmup": false,
      "iteration": 653,
      "native_traversal_sec": 0.000774672,
      "row_count": 1417
    },
    {
      "elapsed_sec": 0.0008113756775856018,
      "is_warmup": false,
      "iteration": 654,
      "native_traversal_sec": 0.000770675,
      "row_count": 1417
    },
    {
      "elapsed_sec": 0.0008035004138946533,
      "is_warmup": false,
      "iteration": 655,
      "native_traversal_sec": 0.000761788,
      "row_count": 1417
    },
    {
      "elapsed_sec": 0.0007371082901954651,
      "is_warmup": false,
      "iteration": 656,
      "native_traversal_sec": 0.000697446,
      "row_count": 1417
    },
    {
      "elapsed_sec": 0.0008323639631271362,
      "is_warmup": false,
      "iteration": 657,
      "native_traversal_sec": 0.000792637,
      "row_count": 1417
    },
    {
      "elapsed_sec": 0.0008046627044677734,
      "is_warmup": false,
      "iteration": 658,
      "native_traversal_sec": 0.000763151,
      "row_count": 1417
    },
    {
      "elapsed_sec": 0.0008062198758125305,
      "is_warmup": false,
      "iteration": 659,
      "native_traversal_sec": 0.000764784,
      "row_count": 1417
    },
    {
      "elapsed_sec": 0.0008680447936058044,
      "is_warmup": false,
      "iteration": 660,
      "native_traversal_sec": 0.000827684,
      "row_count": 1417
    },
    {
      "elapsed_sec": 0.0007911995053291321,
      "is_warmup": false,
      "iteration": 661,
      "native_traversal_sec": 0.000751038,
      "row_count": 1417
    },
    {
      "elapsed_sec": 0.0007773488759994507,
      "is_warmup": false,
      "iteration": 662,
      "native_traversal_sec": 0.00073645,
      "row_count": 1417
    },
    {
      "elapsed_sec": 0.0009117349982261658,
      "is_warmup": false,
      "iteration": 663,
      "native_traversal_sec": 0.000871196,
      "row_count": 1417
    },
    {
      "elapsed_sec": 0.000826515257358551,
      "is_warmup": false,
      "iteration": 664,
      "native_traversal_sec": 0.000785032,
      "row_count": 1417
    },
    {
      "elapsed_sec": 0.0008157938718795776,
      "is_warmup": false,
      "iteration": 665,
      "native_traversal_sec": 0.000774802,
      "row_count": 1417
    },
    {
      "elapsed_sec": 0.0008121579885482788,
      "is_warmup": false,
      "iteration": 666,
      "native_traversal_sec": 0.000771236,
      "row_count": 1417
    },
    {
      "elapsed_sec": 0.0008262023329734802,
      "is_warmup": false,
      "iteration": 667,
      "native_traversal_sec": 0.000785212,
      "row_count": 1417
    },
    {
      "elapsed_sec": 0.0007808655500411987,
      "is_warmup": false,
      "iteration": 668,
      "native_traversal_sec": 0.000739175,
      "row_count": 1417
    },
    {
      "elapsed_sec": 0.0007977411150932312,
      "is_warmup": false,
      "iteration": 669,
      "native_traversal_sec": 0.000757179,
      "row_count": 1417
    },
    {
      "elapsed_sec": 0.0008663982152938843,
      "is_warmup": false,
      "iteration": 670,
      "native_traversal_sec": 0.000825099,
      "row_count": 1417
    },
    {
      "elapsed_sec": 0.0008305981755256653,
      "is_warmup": false,
      "iteration": 671,
      "native_traversal_sec": 0.00078923,
      "row_count": 1417
    },
    {
      "elapsed_sec": 0.0007848963141441345,
      "is_warmup": false,
      "iteration": 672,
      "native_traversal_sec": 0.000744135,
      "row_count": 1417
    },
    {
      "elapsed_sec": 0.0007940903306007385,
      "is_warmup": false,
      "iteration": 673,
      "native_traversal_sec": 0.000753472,
      "row_count": 1417
    },
    {
      "elapsed_sec": 0.0007374808192253113,
      "is_warmup": false,
      "iteration": 674,
      "native_traversal_sec": 0.000696845,
      "row_count": 1417
    },
    {
      "elapsed_sec": 0.0008055716753005981,
      "is_warmup": false,
      "iteration": 675,
      "native_traversal_sec": 0.000764713,
      "row_count": 1417
    },
    {
      "elapsed_sec": 0.0007844716310501099,
      "is_warmup": false,
      "iteration": 676,
      "native_traversal_sec": 0.000743543,
      "row_count": 1417
    },
    {
      "elapsed_sec": 0.0008222535252571106,
      "is_warmup": false,
      "iteration": 677,
      "native_traversal_sec": 0.000783048,
      "row_count": 1417
    },
    {
      "elapsed_sec": 0.0007847175002098083,
      "is_warmup": false,
      "iteration": 678,
      "native_traversal_sec": 0.000744375,
      "row_count": 1417
    },
    {
      "elapsed_sec": 0.0007703155279159546,
      "is_warmup": false,
      "iteration": 679,
      "native_traversal_sec": 0.000728585,
      "row_count": 1417
    },
    {
      "elapsed_sec": 0.0009056255221366882,
      "is_warmup": false,
      "iteration": 680,
      "native_traversal_sec": 0.000863992,
      "row_count": 1417
    },
    {
      "elapsed_sec": 0.0008268803358078003,
      "is_warmup": false,
      "iteration": 681,
      "native_traversal_sec": 0.000785734,
      "row_count": 1417
    },
    {
      "elapsed_sec": 0.0007856860756874084,
      "is_warmup": false,
      "iteration": 682,
      "native_traversal_sec": 0.000744816,
      "row_count": 1417
    },
    {
      "elapsed_sec": 0.0007279664278030396,
      "is_warmup": false,
      "iteration": 683,
      "native_traversal_sec": 0.000688018,
      "row_count": 1417
    },
    {
      "elapsed_sec": 0.0007215365767478943,
      "is_warmup": false,
      "iteration": 684,
      "native_traversal_sec": 0.000681235,
      "row_count": 1417
    },
    {
      "elapsed_sec": 0.0008704587817192078,
      "is_warmup": false,
      "iteration": 685,
      "native_traversal_sec": 0.000829997,
      "row_count": 1417
    },
    {
      "elapsed_sec": 0.0007590204477310181,
      "is_warmup": false,
      "iteration": 686,
      "native_traversal_sec": 0.000717554,
      "row_count": 1417
    },
    {
      "elapsed_sec": 0.0007276758551597595,
      "is_warmup": false,
      "iteration": 687,
      "native_traversal_sec": 0.000687197,
      "row_count": 1417
    },
    {
      "elapsed_sec": 0.000681854784488678,
      "is_warmup": false,
      "iteration": 688,
      "native_traversal_sec": 0.000642952,
      "row_count": 1417
    },
    {
      "elapsed_sec": 0.0008179396390914917,
      "is_warmup": false,
      "iteration": 689,
      "native_traversal_sec": 0.00077839,
      "row_count": 1417
    },
    {
      "elapsed_sec": 0.0008753836154937744,
      "is_warmup": false,
      "iteration": 690,
      "native_traversal_sec": 0.000835078,
      "row_count": 1417
    },
    {
      "elapsed_sec": 0.0007991045713424683,
      "is_warmup": false,
      "iteration": 691,
      "native_traversal_sec": 0.000758983,
      "row_count": 1417
    },
    {
      "elapsed_sec": 0.0007961466908454895,
      "is_warmup": false,
      "iteration": 692,
      "native_traversal_sec": 0.000755165,
      "row_count": 1417
    },
    {
      "elapsed_sec": 0.0008000358939170837,
      "is_warmup": false,
      "iteration": 693,
      "native_traversal_sec": 0.000761026,
      "row_count": 1417
    },
    {
      "elapsed_sec": 0.0007649734616279602,
      "is_warmup": false,
      "iteration": 694,
      "native_traversal_sec": 0.000724407,
      "row_count": 1417
    },
    {
      "elapsed_sec": 0.0008170381188392639,
      "is_warmup": false,
      "iteration": 695,
      "native_traversal_sec": 0.000776426,
      "row_count": 1417
    },
    {
      "elapsed_sec": 0.000776439905166626,
      "is_warmup": false,
      "iteration": 696,
      "native_traversal_sec": 0.000735578,
      "row_count": 1417
    },
    {
      "elapsed_sec": 0.0007509142160415649,
      "is_warmup": false,
      "iteration": 697,
      "native_traversal_sec": 0.000711622,
      "row_count": 1417
    },
    {
      "elapsed_sec": 0.0007906630635261536,
      "is_warmup": false,
      "iteration": 698,
      "native_traversal_sec": 0.000750847,
      "row_count": 1417
    },
    {
      "elapsed_sec": 0.0007764995098114014,
      "is_warmup": false,
      "iteration": 699,
      "native_traversal_sec": 0.000735839,
      "row_count": 1417
    },
    {
      "elapsed_sec": 0.0008917525410652161,
      "is_warmup": false,
      "iteration": 700,
      "native_traversal_sec": 0.000851679,
      "row_count": 1417
    },
    {
      "elapsed_sec": 0.0007535144686698914,
      "is_warmup": false,
      "iteration": 701,
      "native_traversal_sec": 0.000713696,
      "row_count": 1417
    },
    {
      "elapsed_sec": 0.0006931498646736145,
      "is_warmup": false,
      "iteration": 702,
      "native_traversal_sec": 0.000652561,
      "row_count": 1417
    },
    {
      "elapsed_sec": 0.0006790980696678162,
      "is_warmup": false,
      "iteration": 703,
      "native_traversal_sec": 0.000639045,
      "row_count": 1417
    },
    {
      "elapsed_sec": 0.0007789731025695801,
      "is_warmup": false,
      "iteration": 704,
      "native_traversal_sec": 0.000738394,
      "row_count": 1417
    },
    {
      "elapsed_sec": 0.0008347183465957642,
      "is_warmup": false,
      "iteration": 705,
      "native_traversal_sec": 0.000795352,
      "row_count": 1417
    },
    {
      "elapsed_sec": 0.0008162185549736023,
      "is_warmup": false,
      "iteration": 706,
      "native_traversal_sec": 0.000775985,
      "row_count": 1417
    },
    {
      "elapsed_sec": 0.0008059889078140259,
      "is_warmup": false,
      "iteration": 707,
      "native_traversal_sec": 0.000765174,
      "row_count": 1417
    },
    {
      "elapsed_sec": 0.0008151978254318237,
      "is_warmup": false,
      "iteration": 708,
      "native_traversal_sec": 0.000768851,
      "row_count": 1417
    },
    {
      "elapsed_sec": 0.0007887929677963257,
      "is_warmup": false,
      "iteration": 709,
      "native_traversal_sec": 0.000748463,
      "row_count": 1417
    },
    {
      "elapsed_sec": 0.0009878575801849365,
      "is_warmup": false,
      "iteration": 710,
      "native_traversal_sec": 0.000947582,
      "row_count": 1417
    },
    {
      "elapsed_sec": 0.0007393285632133484,
      "is_warmup": false,
      "iteration": 711,
      "native_traversal_sec": 0.000699159,
      "row_count": 1417
    },
    {
      "elapsed_sec": 0.0008216202259063721,
      "is_warmup": false,
      "iteration": 712,
      "native_traversal_sec": 0.000781696,
      "row_count": 1417
    },
    {
      "elapsed_sec": 0.0008170232176780701,
      "is_warmup": false,
      "iteration": 713,
      "native_traversal_sec": 0.000776396,
      "row_count": 1417
    },
    {
      "elapsed_sec": 0.0008322820067405701,
      "is_warmup": false,
      "iteration": 714,
      "native_traversal_sec": 0.000783289,
      "row_count": 1417
    },
    {
      "elapsed_sec": 0.0008154958486557007,
      "is_warmup": false,
      "iteration": 715,
      "native_traversal_sec": 0.000775394,
      "row_count": 1417
    },
    {
      "elapsed_sec": 0.0007991716265678406,
      "is_warmup": false,
      "iteration": 716,
      "native_traversal_sec": 0.000758202,
      "row_count": 1417
    },
    {
      "elapsed_sec": 0.0008178800344467163,
      "is_warmup": false,
      "iteration": 717,
      "native_traversal_sec": 0.000778379,
      "row_count": 1417
    },
    {
      "elapsed_sec": 0.000768810510635376,
      "is_warmup": false,
      "iteration": 718,
      "native_traversal_sec": 0.000728675,
      "row_count": 1417
    },
    {
      "elapsed_sec": 0.0007566511631011963,
      "is_warmup": false,
      "iteration": 719,
      "native_traversal_sec": 0.000716232,
      "row_count": 1417
    },
    {
      "elapsed_sec": 0.0007889643311500549,
      "is_warmup": false,
      "iteration": 720,
      "native_traversal_sec": 0.000748944,
      "row_count": 1417
    },
    {
      "elapsed_sec": 0.0009017065167427063,
      "is_warmup": false,
      "iteration": 721,
      "native_traversal_sec": 0.000861448,
      "row_count": 1417
    },
    {
      "elapsed_sec": 0.0008006319403648376,
      "is_warmup": false,
      "iteration": 722,
      "native_traversal_sec": 0.000760255,
      "row_count": 1417
    },
    {
      "elapsed_sec": 0.0008284151554107666,
      "is_warmup": false,
      "iteration": 723,
      "native_traversal_sec": 0.000788017,
      "row_count": 1417
    },
    {
      "elapsed_sec": 0.0007646903395652771,
      "is_warmup": false,
      "iteration": 724,
      "native_traversal_sec": 0.000724798,
      "row_count": 1417
    },
    {
      "elapsed_sec": 0.0008140802383422852,
      "is_warmup": false,
      "iteration": 725,
      "native_traversal_sec": 0.00077364,
      "row_count": 1417
    },
    {
      "elapsed_sec": 0.0008252039551734924,
      "is_warmup": false,
      "iteration": 726,
      "native_traversal_sec": 0.000785443,
      "row_count": 1417
    },
    {
      "elapsed_sec": 0.0007698312401771545,
      "is_warmup": false,
      "iteration": 727,
      "native_traversal_sec": 0.000729046,
      "row_count": 1417
    },
    {
      "elapsed_sec": 0.0007772147655487061,
      "is_warmup": false,
      "iteration": 728,
      "native_traversal_sec": 0.0007364,
      "row_count": 1417
    },
    {
      "elapsed_sec": 0.0007819756865501404,
      "is_warmup": false,
      "iteration": 729,
      "native_traversal_sec": 0.000736229,
      "row_count": 1417
    },
    {
      "elapsed_sec": 0.0007974356412887573,
      "is_warmup": false,
      "iteration": 730,
      "native_traversal_sec": 0.000756548,
      "row_count": 1417
    },
    {
      "elapsed_sec": 0.0007039830088615417,
      "is_warmup": false,
      "iteration": 731,
      "native_traversal_sec": 0.000663752,
      "row_count": 1417
    },
    {
      "elapsed_sec": 0.0008912533521652222,
      "is_warmup": false,
      "iteration": 732,
      "native_traversal_sec": 0.000851719,
      "row_count": 1417
    },
    {
      "elapsed_sec": 0.0007852613925933838,
      "is_warmup": false,
      "iteration": 733,
      "native_traversal_sec": 0.000744796,
      "row_count": 1417
    },
    {
      "elapsed_sec": 0.0008072331547737122,
      "is_warmup": false,
      "iteration": 734,
      "native_traversal_sec": 0.000766877,
      "row_count": 1417
    },
    {
      "elapsed_sec": 0.0007961764931678772,
      "is_warmup": false,
      "iteration": 735,
      "native_traversal_sec": 0.000755286,
      "row_count": 1417
    },
    {
      "elapsed_sec": 0.0008119493722915649,
      "is_warmup": false,
      "iteration": 736,
      "native_traversal_sec": 0.000772178,
      "row_count": 1417
    },
    {
      "elapsed_sec": 0.0008060634136199951,
      "is_warmup": false,
      "iteration": 737,
      "native_traversal_sec": 0.000766707,
      "row_count": 1417
    },
    {
      "elapsed_sec": 0.0008187517523765564,
      "is_warmup": false,
      "iteration": 738,
      "native_traversal_sec": 0.000778089,
      "row_count": 1417
    },
    {
      "elapsed_sec": 0.0007647201418876648,
      "is_warmup": false,
      "iteration": 739,
      "native_traversal_sec": 0.000724747,
      "row_count": 1417
    },
    {
      "elapsed_sec": 0.0008174553513526917,
      "is_warmup": false,
      "iteration": 740,
      "native_traversal_sec": 0.000777719,
      "row_count": 1417
    },
    {
      "elapsed_sec": 0.0008299946784973145,
      "is_warmup": false,
      "iteration": 741,
      "native_traversal_sec": 0.00078896,
      "row_count": 1417
    },
    {
      "elapsed_sec": 0.0009208619594573975,
      "is_warmup": false,
      "iteration": 742,
      "native_traversal_sec": 0.000879672,
      "row_count": 1417
    },
    {
      "elapsed_sec": 0.0008290410041809082,
      "is_warmup": false,
      "iteration": 743,
      "native_traversal_sec": 0.000788308,
      "row_count": 1417
    },
    {
      "elapsed_sec": 0.0007843896746635437,
      "is_warmup": false,
      "iteration": 744,
      "native_traversal_sec": 0.000743884,
      "row_count": 1417
    },
    {
      "elapsed_sec": 0.0007628947496414185,
      "is_warmup": false,
      "iteration": 745,
      "native_traversal_sec": 0.000723055,
      "row_count": 1417
    },
    {
      "elapsed_sec": 0.0007919296622276306,
      "is_warmup": false,
      "iteration": 746,
      "native_traversal_sec": 0.000752381,
      "row_count": 1417
    },
    {
      "elapsed_sec": 0.0008013099431991577,
      "is_warmup": false,
      "iteration": 747,
      "native_traversal_sec": 0.000761167,
      "row_count": 1417
    },
    {
      "elapsed_sec": 0.000813797116279602,
      "is_warmup": false,
      "iteration": 748,
      "native_traversal_sec": 0.0007736,
      "row_count": 1417
    },
    {
      "elapsed_sec": 0.0007687956094741821,
      "is_warmup": false,
      "iteration": 749,
      "native_traversal_sec": 0.000728104,
      "row_count": 1417
    },
    {
      "elapsed_sec": 0.0007690712809562683,
      "is_warmup": false,
      "iteration": 750,
      "native_traversal_sec": 0.000722393,
      "row_count": 1417
    },
    {
      "elapsed_sec": 0.0006798654794692993,
      "is_warmup": false,
      "iteration": 751,
      "native_traversal_sec": 0.000640046,
      "row_count": 1417
    },
    {
      "elapsed_sec": 0.0006499812006950378,
      "is_warmup": false,
      "iteration": 752,
      "native_traversal_sec": 0.0006106,
      "row_count": 1417
    },
    {
      "elapsed_sec": 0.0006442517042160034,
      "is_warmup": false,
      "iteration": 753,
      "native_traversal_sec": 0.00060521,
      "row_count": 1417
    },
    {
      "elapsed_sec": 0.0009157285094261169,
      "is_warmup": false,
      "iteration": 754,
      "native_traversal_sec": 0.000877938,
      "row_count": 1417
    },
    {
      "elapsed_sec": 0.0007843077182769775,
      "is_warmup": false,
      "iteration": 755,
      "native_traversal_sec": 0.000744275,
      "row_count": 1417
    },
    {
      "elapsed_sec": 0.0007958486676216125,
      "is_warmup": false,
      "iteration": 756,
      "native_traversal_sec": 0.000754274,
      "row_count": 1417
    },
    {
      "elapsed_sec": 0.0008279085159301758,
      "is_warmup": false,
      "iteration": 757,
      "native_traversal_sec": 0.000788138,
      "row_count": 1417
    },
    {
      "elapsed_sec": 0.0007917061448097229,
      "is_warmup": false,
      "iteration": 758,
      "native_traversal_sec": 0.000750597,
      "row_count": 1417
    },
    {
      "elapsed_sec": 0.0007632225751876831,
      "is_warmup": false,
      "iteration": 759,
      "native_traversal_sec": 0.000723916,
      "row_count": 1417
    },
    {
      "elapsed_sec": 0.0007739663124084473,
      "is_warmup": false,
      "iteration": 760,
      "native_traversal_sec": 0.000733654,
      "row_count": 1417
    },
    {
      "elapsed_sec": 0.0007928460836410522,
      "is_warmup": false,
      "iteration": 761,
      "native_traversal_sec": 0.000753533,
      "row_count": 1417
    },
    {
      "elapsed_sec": 0.000745527446269989,
      "is_warmup": false,
      "iteration": 762,
      "native_traversal_sec": 0.000706503,
      "row_count": 1417
    },
    {
      "elapsed_sec": 0.0008070245385169983,
      "is_warmup": false,
      "iteration": 763,
      "native_traversal_sec": 0.000767479,
      "row_count": 1417
    },
    {
      "elapsed_sec": 0.0007839351892471313,
      "is_warmup": false,
      "iteration": 764,
      "native_traversal_sec": 0.000744234,
      "row_count": 1417
    },
    {
      "elapsed_sec": 0.000849701464176178,
      "is_warmup": false,
      "iteration": 765,
      "native_traversal_sec": 0.000808146,
      "row_count": 1417
    },
    {
      "elapsed_sec": 0.0007254555821418762,
      "is_warmup": false,
      "iteration": 766,
      "native_traversal_sec": 0.000682257,
      "row_count": 1417
    },
    {
      "elapsed_sec": 0.0007841810584068298,
      "is_warmup": false,
      "iteration": 767,
      "native_traversal_sec": 0.000744185,
      "row_count": 1417
    },
    {
      "elapsed_sec": 0.0007819086313247681,
      "is_warmup": false,
      "iteration": 768,
      "native_traversal_sec": 0.00074188,
      "row_count": 1417
    },
    {
      "elapsed_sec": 0.0007726997137069702,
      "is_warmup": false,
      "iteration": 769,
      "native_traversal_sec": 0.000732753,
      "row_count": 1417
    },
    {
      "elapsed_sec": 0.0008034110069274902,
      "is_warmup": false,
      "iteration": 770,
      "native_traversal_sec": 0.00076299,
      "row_count": 1417
    },
    {
      "elapsed_sec": 0.0007867291569709778,
      "is_warmup": false,
      "iteration": 771,
      "native_traversal_sec": 0.000745828,
      "row_count": 1417
    },
    {
      "elapsed_sec": 0.0007997825741767883,
      "is_warmup": false,
      "iteration": 772,
      "native_traversal_sec": 0.000758532,
      "row_count": 1417
    },
    {
      "elapsed_sec": 0.0007459074258804321,
      "is_warmup": false,
      "iteration": 773,
      "native_traversal_sec": 0.00070501,
      "row_count": 1417
    },
    {
      "elapsed_sec": 0.0006736069917678833,
      "is_warmup": false,
      "iteration": 774,
      "native_traversal_sec": 0.000633785,
      "row_count": 1417
    },
    {
      "elapsed_sec": 0.0007781684398651123,
      "is_warmup": false,
      "iteration": 775,
      "native_traversal_sec": 0.000738724,
      "row_count": 1417
    },
    {
      "elapsed_sec": 0.0007204338908195496,
      "is_warmup": false,
      "iteration": 776,
      "native_traversal_sec": 0.000680704,
      "row_count": 1417
    },
    {
      "elapsed_sec": 0.0007980838418006897,
      "is_warmup": false,
      "iteration": 777,
      "native_traversal_sec": 0.000758382,
      "row_count": 1417
    },
    {
      "elapsed_sec": 0.0009562075138092041,
      "is_warmup": false,
      "iteration": 778,
      "native_traversal_sec": 0.000915651,
      "row_count": 1417
    },
    {
      "elapsed_sec": 0.0007770061492919922,
      "is_warmup": false,
      "iteration": 779,
      "native_traversal_sec": 0.000738674,
      "row_count": 1417
    },
    {
      "elapsed_sec": 0.000804416835308075,
      "is_warmup": false,
      "iteration": 780,
      "native_traversal_sec": 0.000763171,
      "row_count": 1417
    },
    {
      "elapsed_sec": 0.000788465142250061,
      "is_warmup": false,
      "iteration": 781,
      "native_traversal_sec": 0.000747961,
      "row_count": 1417
    },
    {
      "elapsed_sec": 0.0008236542344093323,
      "is_warmup": false,
      "iteration": 782,
      "native_traversal_sec": 0.000783269,
      "row_count": 1417
    },
    {
      "elapsed_sec": 0.0007759109139442444,
      "is_warmup": false,
      "iteration": 783,
      "native_traversal_sec": 0.000734546,
      "row_count": 1417
    },
    {
      "elapsed_sec": 0.0008144229650497437,
      "is_warmup": false,
      "iteration": 784,
      "native_traversal_sec": 0.000773029,
      "row_count": 1417
    },
    {
      "elapsed_sec": 0.0007882565259933472,
      "is_warmup": false,
      "iteration": 785,
      "native_traversal_sec": 0.00074695,
      "row_count": 1417
    },
    {
      "elapsed_sec": 0.0007822364568710327,
      "is_warmup": false,
      "iteration": 786,
      "native_traversal_sec": 0.000740979,
      "row_count": 1417
    },
    {
      "elapsed_sec": 0.0008039921522140503,
      "is_warmup": false,
      "iteration": 787,
      "native_traversal_sec": 0.00076317,
      "row_count": 1417
    },
    {
      "elapsed_sec": 0.0007477849721908569,
      "is_warmup": false,
      "iteration": 788,
      "native_traversal_sec": 0.000706563,
      "row_count": 1417
    },
    {
      "elapsed_sec": 0.0008877888321876526,
      "is_warmup": false,
      "iteration": 789,
      "native_traversal_sec": 0.000846199,
      "row_count": 1417
    },
    {
      "elapsed_sec": 0.0008389949798583984,
      "is_warmup": false,
      "iteration": 790,
      "native_traversal_sec": 0.000792006,
      "row_count": 1417
    },
    {
      "elapsed_sec": 0.0007509663701057434,
      "is_warmup": false,
      "iteration": 791,
      "native_traversal_sec": 0.000709028,
      "row_count": 1417
    },
    {
      "elapsed_sec": 0.0007678940892219543,
      "is_warmup": false,
      "iteration": 792,
      "native_traversal_sec": 0.000728064,
      "row_count": 1417
    },
    {
      "elapsed_sec": 0.0007572546601295471,
      "is_warmup": false,
      "iteration": 793,
      "native_traversal_sec": 0.000717193,
      "row_count": 1417
    },
    {
      "elapsed_sec": 0.0007899627089500427,
      "is_warmup": false,
      "iteration": 794,
      "native_traversal_sec": 0.000749986,
      "row_count": 1417
    },
    {
      "elapsed_sec": 0.0008399635553359985,
      "is_warmup": false,
      "iteration": 795,
      "native_traversal_sec": 0.000800862,
      "row_count": 1417
    },
    {
      "elapsed_sec": 0.0007929354906082153,
      "is_warmup": false,
      "iteration": 796,
      "native_traversal_sec": 0.000749705,
      "row_count": 1417
    },
    {
      "elapsed_sec": 0.0008541718125343323,
      "is_warmup": false,
      "iteration": 797,
      "native_traversal_sec": 0.000813978,
      "row_count": 1417
    },
    {
      "elapsed_sec": 0.0007699280977249146,
      "is_warmup": false,
      "iteration": 798,
      "native_traversal_sec": 0.000728435,
      "row_count": 1417
    },
    {
      "elapsed_sec": 0.0007980242371559143,
      "is_warmup": false,
      "iteration": 799,
      "native_traversal_sec": 0.00075788,
      "row_count": 1417
    },
    {
      "elapsed_sec": 0.00101374089717865,
      "is_warmup": false,
      "iteration": 800,
      "native_traversal_sec": 0.0009732,
      "row_count": 1417
    },
    {
      "elapsed_sec": 0.0007282495498657227,
      "is_warmup": false,
      "iteration": 801,
      "native_traversal_sec": 0.000687286,
      "row_count": 1417
    },
    {
      "elapsed_sec": 0.0007685795426368713,
      "is_warmup": false,
      "iteration": 802,
      "native_traversal_sec": 0.000729437,
      "row_count": 1417
    },
    {
      "elapsed_sec": 0.0007863044738769531,
      "is_warmup": false,
      "iteration": 803,
      "native_traversal_sec": 0.000745518,
      "row_count": 1417
    },
    {
      "elapsed_sec": 0.0007566362619400024,
      "is_warmup": false,
      "iteration": 804,
      "native_traversal_sec": 0.00071584,
      "row_count": 1417
    },
    {
      "elapsed_sec": 0.000736922025680542,
      "is_warmup": false,
      "iteration": 805,
      "native_traversal_sec": 0.000697836,
      "row_count": 1417
    },
    {
      "elapsed_sec": 0.0007019564509391785,
      "is_warmup": false,
      "iteration": 806,
      "native_traversal_sec": 0.00065788,
      "row_count": 1417
    },
    {
      "elapsed_sec": 0.0008066222071647644,
      "is_warmup": false,
      "iteration": 807,
      "native_traversal_sec": 0.000765736,
      "row_count": 1417
    },
    {
      "elapsed_sec": 0.0007813200354576111,
      "is_warmup": false,
      "iteration": 808,
      "native_traversal_sec": 0.000740898,
      "row_count": 1417
    },
    {
      "elapsed_sec": 0.0006950125098228455,
      "is_warmup": false,
      "iteration": 809,
      "native_traversal_sec": 0.000654784,
      "row_count": 1417
    },
    {
      "elapsed_sec": 0.0008008703589439392,
      "is_warmup": false,
      "iteration": 810,
      "native_traversal_sec": 0.000759784,
      "row_count": 1417
    },
    {
      "elapsed_sec": 0.0008193552494049072,
      "is_warmup": false,
      "iteration": 811,
      "native_traversal_sec": 0.00077831,
      "row_count": 1417
    },
    {
      "elapsed_sec": 0.0009226202964782715,
      "is_warmup": false,
      "iteration": 812,
      "native_traversal_sec": 0.000880564,
      "row_count": 1417
    },
    {
      "elapsed_sec": 0.0007708221673965454,
      "is_warmup": false,
      "iteration": 813,
      "native_traversal_sec": 0.00073115,
      "row_count": 1417
    },
    {
      "elapsed_sec": 0.0007773265242576599,
      "is_warmup": false,
      "iteration": 814,
      "native_traversal_sec": 0.000736771,
      "row_count": 1417
    },
    {
      "elapsed_sec": 0.0007943287491798401,
      "is_warmup": false,
      "iteration": 815,
      "native_traversal_sec": 0.000753893,
      "row_count": 1417
    },
    {
      "elapsed_sec": 0.0008085891604423523,
      "is_warmup": false,
      "iteration": 816,
      "native_traversal_sec": 0.000761227,
      "row_count": 1417
    },
    {
      "elapsed_sec": 0.0008131787180900574,
      "is_warmup": false,
      "iteration": 817,
      "native_traversal_sec": 0.00077307,
      "row_count": 1417
    },
    {
      "elapsed_sec": 0.0007981061935424805,
      "is_warmup": false,
      "iteration": 818,
      "native_traversal_sec": 0.000757159,
      "row_count": 1417
    },
    {
      "elapsed_sec": 0.0007836222648620605,
      "is_warmup": false,
      "iteration": 819,
      "native_traversal_sec": 0.000743493,
      "row_count": 1417
    },
    {
      "elapsed_sec": 0.0007919147610664368,
      "is_warmup": false,
      "iteration": 820,
      "native_traversal_sec": 0.00075208,
      "row_count": 1417
    },
    {
      "elapsed_sec": 0.0007819682359695435,
      "is_warmup": false,
      "iteration": 821,
      "native_traversal_sec": 0.000734927,
      "row_count": 1417
    },
    {
      "elapsed_sec": 0.0007864236831665039,
      "is_warmup": false,
      "iteration": 822,
      "native_traversal_sec": 0.000745717,
      "row_count": 1417
    },
    {
      "elapsed_sec": 0.0008650273084640503,
      "is_warmup": false,
      "iteration": 823,
      "native_traversal_sec": 0.000824558,
      "row_count": 1417
    },
    {
      "elapsed_sec": 0.0008255615830421448,
      "is_warmup": false,
      "iteration": 824,
      "native_traversal_sec": 0.000785203,
      "row_count": 1417
    },
    {
      "elapsed_sec": 0.0007867887616157532,
      "is_warmup": false,
      "iteration": 825,
      "native_traversal_sec": 0.000745306,
      "row_count": 1417
    },
    {
      "elapsed_sec": 0.0008329227566719055,
      "is_warmup": false,
      "iteration": 826,
      "native_traversal_sec": 0.000793188,
      "row_count": 1417
    },
    {
      "elapsed_sec": 0.0007773935794830322,
      "is_warmup": false,
      "iteration": 827,
      "native_traversal_sec": 0.000736921,
      "row_count": 1417
    },
    {
      "elapsed_sec": 0.0007479637861251831,
      "is_warmup": false,
      "iteration": 828,
      "native_traversal_sec": 0.000707725,
      "row_count": 1417
    },
    {
      "elapsed_sec": 0.0007512494921684265,
      "is_warmup": false,
      "iteration": 829,
      "native_traversal_sec": 0.000711963,
      "row_count": 1417
    },
    {
      "elapsed_sec": 0.0007264986634254456,
      "is_warmup": false,
      "iteration": 830,
      "native_traversal_sec": 0.000687477,
      "row_count": 1417
    },
    {
      "elapsed_sec": 0.0008414238691329956,
      "is_warmup": false,
      "iteration": 831,
      "native_traversal_sec": 0.000801012,
      "row_count": 1417
    },
    {
      "elapsed_sec": 0.0008620172739028931,
      "is_warmup": false,
      "iteration": 832,
      "native_traversal_sec": 0.000821291,
      "row_count": 1417
    },
    {
      "elapsed_sec": 0.0008466020226478577,
      "is_warmup": false,
      "iteration": 833,
      "native_traversal_sec": 0.00080523,
      "row_count": 1417
    },
    {
      "elapsed_sec": 0.0008136332035064697,
      "is_warmup": false,
      "iteration": 834,
      "native_traversal_sec": 0.000774913,
      "row_count": 1417
    },
    {
      "elapsed_sec": 0.0007843449711799622,
      "is_warmup": false,
      "iteration": 835,
      "native_traversal_sec": 0.000742862,
      "row_count": 1417
    },
    {
      "elapsed_sec": 0.0008123666048049927,
      "is_warmup": false,
      "iteration": 836,
      "native_traversal_sec": 0.000771878,
      "row_count": 1417
    },
    {
      "elapsed_sec": 0.0008350685238838196,
      "is_warmup": false,
      "iteration": 837,
      "native_traversal_sec": 0.000794931,
      "row_count": 1417
    },
    {
      "elapsed_sec": 0.0008354485034942627,
      "is_warmup": false,
      "iteration": 838,
      "native_traversal_sec": 0.000793408,
      "row_count": 1417
    },
    {
      "elapsed_sec": 0.0007580742239952087,
      "is_warmup": false,
      "iteration": 839,
      "native_traversal_sec": 0.000717053,
      "row_count": 1417
    },
    {
      "elapsed_sec": 0.0007032603025436401,
      "is_warmup": false,
      "iteration": 840,
      "native_traversal_sec": 0.000663201,
      "row_count": 1417
    },
    {
      "elapsed_sec": 0.0007917881011962891,
      "is_warmup": false,
      "iteration": 841,
      "native_traversal_sec": 0.000745437,
      "row_count": 1417
    },
    {
      "elapsed_sec": 0.0007987841963768005,
      "is_warmup": false,
      "iteration": 842,
      "native_traversal_sec": 0.000757641,
      "row_count": 1417
    },
    {
      "elapsed_sec": 0.0009076893329620361,
      "is_warmup": false,
      "iteration": 843,
      "native_traversal_sec": 0.000866086,
      "row_count": 1417
    },
    {
      "elapsed_sec": 0.000835023820400238,
      "is_warmup": false,
      "iteration": 844,
      "native_traversal_sec": 0.000794079,
      "row_count": 1417
    },
    {
      "elapsed_sec": 0.0008062869310379028,
      "is_warmup": false,
      "iteration": 845,
      "native_traversal_sec": 0.000764814,
      "row_count": 1417
    },
    {
      "elapsed_sec": 0.0008341893553733826,
      "is_warmup": false,
      "iteration": 846,
      "native_traversal_sec": 0.000793449,
      "row_count": 1417
    },
    {
      "elapsed_sec": 0.0007843971252441406,
      "is_warmup": false,
      "iteration": 847,
      "native_traversal_sec": 0.000742882,
      "row_count": 1417
    },
    {
      "elapsed_sec": 0.0007964745163917542,
      "is_warmup": false,
      "iteration": 848,
      "native_traversal_sec": 0.000756347,
      "row_count": 1417
    },
    {
      "elapsed_sec": 0.0007021650671958923,
      "is_warmup": false,
      "iteration": 849,
      "native_traversal_sec": 0.000661106,
      "row_count": 1417
    },
    {
      "elapsed_sec": 0.0007763803005218506,
      "is_warmup": false,
      "iteration": 850,
      "native_traversal_sec": 0.000735989,
      "row_count": 1417
    },
    {
      "elapsed_sec": 0.0008284300565719604,
      "is_warmup": false,
      "iteration": 851,
      "native_traversal_sec": 0.000788408,
      "row_count": 1417
    },
    {
      "elapsed_sec": 0.0007587745785713196,
      "is_warmup": false,
      "iteration": 852,
      "native_traversal_sec": 0.000717915,
      "row_count": 1417
    },
    {
      "elapsed_sec": 0.0007666274905204773,
      "is_warmup": false,
      "iteration": 853,
      "native_traversal_sec": 0.00072597,
      "row_count": 1417
    },
    {
      "elapsed_sec": 0.0009044334292411804,
      "is_warmup": false,
      "iteration": 854,
      "native_traversal_sec": 0.000865185,
      "row_count": 1417
    },
    {
      "elapsed_sec": 0.0008627027273178101,
      "is_warmup": false,
      "iteration": 855,
      "native_traversal_sec": 0.000822483,
      "row_count": 1417
    },
    {
      "elapsed_sec": 0.000783875584602356,
      "is_warmup": false,
      "iteration": 856,
      "native_traversal_sec": 0.000742421,
      "row_count": 1417
    },
    {
      "elapsed_sec": 0.0008325725793838501,
      "is_warmup": false,
      "iteration": 857,
      "native_traversal_sec": 0.000790523,
      "row_count": 1417
    },
    {
      "elapsed_sec": 0.0008094087243080139,
      "is_warmup": false,
      "iteration": 858,
      "native_traversal_sec": 0.000767289,
      "row_count": 1417
    },
    {
      "elapsed_sec": 0.0008016154170036316,
      "is_warmup": false,
      "iteration": 859,
      "native_traversal_sec": 0.000758963,
      "row_count": 1417
    },
    {
      "elapsed_sec": 0.0007874146103858948,
      "is_warmup": false,
      "iteration": 860,
      "native_traversal_sec": 0.000746739,
      "row_count": 1417
    },
    {
      "elapsed_sec": 0.0007750838994979858,
      "is_warmup": false,
      "iteration": 861,
      "native_traversal_sec": 0.000732662,
      "row_count": 1417
    },
    {
      "elapsed_sec": 0.0007343143224716187,
      "is_warmup": false,
      "iteration": 862,
      "native_traversal_sec": 0.000693769,
      "row_count": 1417
    },
    {
      "elapsed_sec": 0.0007693096995353699,
      "is_warmup": false,
      "iteration": 863,
      "native_traversal_sec": 0.000728776,
      "row_count": 1417
    },
    {
      "elapsed_sec": 0.0007435232400894165,
      "is_warmup": false,
      "iteration": 864,
      "native_traversal_sec": 0.000703547,
      "row_count": 1417
    },
    {
      "elapsed_sec": 0.0007333755493164062,
      "is_warmup": false,
      "iteration": 865,
      "native_traversal_sec": 0.000693899,
      "row_count": 1417
    },
    {
      "elapsed_sec": 0.0008710622787475586,
      "is_warmup": false,
      "iteration": 866,
      "native_traversal_sec": 0.000831992,
      "row_count": 1417
    },
    {
      "elapsed_sec": 0.000786416232585907,
      "is_warmup": false,
      "iteration": 867,
      "native_traversal_sec": 0.00074682,
      "row_count": 1417
    },
    {
      "elapsed_sec": 0.0007695555686950684,
      "is_warmup": false,
      "iteration": 868,
      "native_traversal_sec": 0.000728335,
      "row_count": 1417
    },
    {
      "elapsed_sec": 0.0007635504007339478,
      "is_warmup": false,
      "iteration": 869,
      "native_traversal_sec": 0.000724347,
      "row_count": 1417
    },
    {
      "elapsed_sec": 0.0006903558969497681,
      "is_warmup": false,
      "iteration": 870,
      "native_traversal_sec": 0.000651078,
      "row_count": 1417
    },
    {
      "elapsed_sec": 0.0008596107363700867,
      "is_warmup": false,
      "iteration": 871,
      "native_traversal_sec": 0.00082048,
      "row_count": 1417
    },
    {
      "elapsed_sec": 0.0007927194237709045,
      "is_warmup": false,
      "iteration": 872,
      "native_traversal_sec": 0.000751568,
      "row_count": 1417
    },
    {
      "elapsed_sec": 0.0007733926177024841,
      "is_warmup": false,
      "iteration": 873,
      "native_traversal_sec": 0.000734096,
      "row_count": 1417
    },
    {
      "elapsed_sec": 0.0007561519742012024,
      "is_warmup": false,
      "iteration": 874,
      "native_traversal_sec": 0.000715911,
      "row_count": 1417
    },
    {
      "elapsed_sec": 0.0007964372634887695,
      "is_warmup": false,
      "iteration": 875,
      "native_traversal_sec": 0.000756668,
      "row_count": 1417
    },
    {
      "elapsed_sec": 0.0007852315902709961,
      "is_warmup": false,
      "iteration": 876,
      "native_traversal_sec": 0.000744205,
      "row_count": 1417
    },
    {
      "elapsed_sec": 0.000983797013759613,
      "is_warmup": false,
      "iteration": 877,
      "native_traversal_sec": 0.000943764,
      "row_count": 1417
    },
    {
      "elapsed_sec": 0.0007236450910568237,
      "is_warmup": false,
      "iteration": 878,
      "native_traversal_sec": 0.000683219,
      "row_count": 1417
    },
    {
      "elapsed_sec": 0.0007698386907577515,
      "is_warmup": false,
      "iteration": 879,
      "native_traversal_sec": 0.000730088,
      "row_count": 1417
    },
    {
      "elapsed_sec": 0.0007776021957397461,
      "is_warmup": false,
      "iteration": 880,
      "native_traversal_sec": 0.000738253,
      "row_count": 1417
    },
    {
      "elapsed_sec": 0.0008197799324989319,
      "is_warmup": false,
      "iteration": 881,
      "native_traversal_sec": 0.00077856,
      "row_count": 1417
    },
    {
      "elapsed_sec": 0.0008191168308258057,
      "is_warmup": false,
      "iteration": 882,
      "native_traversal_sec": 0.000779021,
      "row_count": 1417
    },
    {
      "elapsed_sec": 0.0007800757884979248,
      "is_warmup": false,
      "iteration": 883,
      "native_traversal_sec": 0.000740407,
      "row_count": 1417
    },
    {
      "elapsed_sec": 0.000792577862739563,
      "is_warmup": false,
      "iteration": 884,
      "native_traversal_sec": 0.00075222,
      "row_count": 1417
    },
    {
      "elapsed_sec": 0.0007745176553726196,
      "is_warmup": false,
      "iteration": 885,
      "native_traversal_sec": 0.000734406,
      "row_count": 1417
    },
    {
      "elapsed_sec": 0.0008264556527137756,
      "is_warmup": false,
      "iteration": 886,
      "native_traversal_sec": 0.000785914,
      "row_count": 1417
    },
    {
      "elapsed_sec": 0.0009631365537643433,
      "is_warmup": false,
      "iteration": 887,
      "native_traversal_sec": 0.000921862,
      "row_count": 1417
    },
    {
      "elapsed_sec": 0.0008187666535377502,
      "is_warmup": false,
      "iteration": 888,
      "native_traversal_sec": 0.000776687,
      "row_count": 1417
    },
    {
      "elapsed_sec": 0.000771641731262207,
      "is_warmup": false,
      "iteration": 889,
      "native_traversal_sec": 0.00073108,
      "row_count": 1417
    },
    {
      "elapsed_sec": 0.0007902383804321289,
      "is_warmup": false,
      "iteration": 890,
      "native_traversal_sec": 0.000750065,
      "row_count": 1417
    },
    {
      "elapsed_sec": 0.0008129477500915527,
      "is_warmup": false,
      "iteration": 891,
      "native_traversal_sec": 0.000769502,
      "row_count": 1417
    },
    {
      "elapsed_sec": 0.0006771981716156006,
      "is_warmup": false,
      "iteration": 892,
      "native_traversal_sec": 0.00063653,
      "row_count": 1417
    },
    {
      "elapsed_sec": 0.0006831362843513489,
      "is_warmup": false,
      "iteration": 893,
      "native_traversal_sec": 0.000644235,
      "row_count": 1417
    },
    {
      "elapsed_sec": 0.0007431283593177795,
      "is_warmup": false,
      "iteration": 894,
      "native_traversal_sec": 0.000703357,
      "row_count": 1417
    },
    {
      "elapsed_sec": 0.0007832273840904236,
      "is_warmup": false,
      "iteration": 895,
      "native_traversal_sec": 0.000743774,
      "row_count": 1417
    },
    {
      "elapsed_sec": 0.00081682950258255,
      "is_warmup": false,
      "iteration": 896,
      "native_traversal_sec": 0.000776436,
      "row_count": 1417
    },
    {
      "elapsed_sec": 0.0009400248527526855,
      "is_warmup": false,
      "iteration": 897,
      "native_traversal_sec": 0.00089928,
      "row_count": 1417
    },
    {
      "elapsed_sec": 0.0007779747247695923,
      "is_warmup": false,
      "iteration": 898,
      "native_traversal_sec": 0.00073641,
      "row_count": 1417
    },
    {
      "elapsed_sec": 0.0008046701550483704,
      "is_warmup": false,
      "iteration": 899,
      "native_traversal_sec": 0.000763932,
      "row_count": 1417
    },
    {
      "elapsed_sec": 0.0008162334561347961,
      "is_warmup": false,
      "iteration": 900,
      "native_traversal_sec": 0.000775364,
      "row_count": 1417
    },
    {
      "elapsed_sec": 0.0007810443639755249,
      "is_warmup": false,
      "iteration": 901,
      "native_traversal_sec": 0.000740578,
      "row_count": 1417
    },
    {
      "elapsed_sec": 0.000680968165397644,
      "is_warmup": false,
      "iteration": 902,
      "native_traversal_sec": 0.000640267,
      "row_count": 1417
    },
    {
      "elapsed_sec": 0.0007868856191635132,
      "is_warmup": false,
      "iteration": 903,
      "native_traversal_sec": 0.00074712,
      "row_count": 1417
    },
    {
      "elapsed_sec": 0.0007379502058029175,
      "is_warmup": false,
      "iteration": 904,
      "native_traversal_sec": 0.000697396,
      "row_count": 1417
    },
    {
      "elapsed_sec": 0.0008199438452720642,
      "is_warmup": false,
      "iteration": 905,
      "native_traversal_sec": 0.000780083,
      "row_count": 1417
    },
    {
      "elapsed_sec": 0.0008047148585319519,
      "is_warmup": false,
      "iteration": 906,
      "native_traversal_sec": 0.000764103,
      "row_count": 1417
    },
    {
      "elapsed_sec": 0.0009267330169677734,
      "is_warmup": false,
      "iteration": 907,
      "native_traversal_sec": 0.000886024,
      "row_count": 1417
    },
    {
      "elapsed_sec": 0.0007289722561836243,
      "is_warmup": false,
      "iteration": 908,
      "native_traversal_sec": 0.000687747,
      "row_count": 1417
    },
    {
      "elapsed_sec": 0.0007685422897338867,
      "is_warmup": false,
      "iteration": 909,
      "native_traversal_sec": 0.000727703,
      "row_count": 1417
    },
    {
      "elapsed_sec": 0.0007878243923187256,
      "is_warmup": false,
      "iteration": 910,
      "native_traversal_sec": 0.000747661,
      "row_count": 1417
    },
    {
      "elapsed_sec": 0.0008066520094871521,
      "is_warmup": false,
      "iteration": 911,
      "native_traversal_sec": 0.000766016,
      "row_count": 1417
    },
    {
      "elapsed_sec": 0.0008726567029953003,
      "is_warmup": false,
      "iteration": 912,
      "native_traversal_sec": 0.00083116,
      "row_count": 1417
    },
    {
      "elapsed_sec": 0.00082387775182724,
      "is_warmup": false,
      "iteration": 913,
      "native_traversal_sec": 0.000782768,
      "row_count": 1417
    },
    {
      "elapsed_sec": 0.0008011236786842346,
      "is_warmup": false,
      "iteration": 914,
      "native_traversal_sec": 0.000758572,
      "row_count": 1417
    },
    {
      "elapsed_sec": 0.0008184388279914856,
      "is_warmup": false,
      "iteration": 915,
      "native_traversal_sec": 0.00077812,
      "row_count": 1417
    },
    {
      "elapsed_sec": 0.0008449181914329529,
      "is_warmup": false,
      "iteration": 916,
      "native_traversal_sec": 0.000801935,
      "row_count": 1417
    },
    {
      "elapsed_sec": 0.0008913576602935791,
      "is_warmup": false,
      "iteration": 917,
      "native_traversal_sec": 0.000851268,
      "row_count": 1417
    },
    {
      "elapsed_sec": 0.000907115638256073,
      "is_warmup": false,
      "iteration": 918,
      "native_traversal_sec": 0.000865515,
      "row_count": 1417
    },
    {
      "elapsed_sec": 0.0008348822593688965,
      "is_warmup": false,
      "iteration": 919,
      "native_traversal_sec": 0.00079448,
      "row_count": 1417
    },
    {
      "elapsed_sec": 0.0007811635732650757,
      "is_warmup": false,
      "iteration": 920,
      "native_traversal_sec": 0.000739837,
      "row_count": 1417
    },
    {
      "elapsed_sec": 0.0008058026432991028,
      "is_warmup": false,
      "iteration": 921,
      "native_traversal_sec": 0.000764864,
      "row_count": 1417
    },
    {
      "elapsed_sec": 0.0007755383849143982,
      "is_warmup": false,
      "iteration": 922,
      "native_traversal_sec": 0.000735818,
      "row_count": 1417
    },
    {
      "elapsed_sec": 0.000780448317527771,
      "is_warmup": false,
      "iteration": 923,
      "native_traversal_sec": 0.000740818,
      "row_count": 1417
    },
    {
      "elapsed_sec": 0.0007927641272544861,
      "is_warmup": false,
      "iteration": 924,
      "native_traversal_sec": 0.00075233,
      "row_count": 1417
    },
    {
      "elapsed_sec": 0.0008089914917945862,
      "is_warmup": false,
      "iteration": 925,
      "native_traversal_sec": 0.000768501,
      "row_count": 1417
    },
    {
      "elapsed_sec": 0.0007596686482429504,
      "is_warmup": false,
      "iteration": 926,
      "native_traversal_sec": 0.000718816,
      "row_count": 1417
    },
    {
      "elapsed_sec": 0.0010222047567367554,
      "is_warmup": false,
      "iteration": 927,
      "native_traversal_sec": 0.000982828,
      "row_count": 1417
    },
    {
      "elapsed_sec": 0.0007606819272041321,
      "is_warmup": false,
      "iteration": 928,
      "native_traversal_sec": 0.000719979,
      "row_count": 1417
    },
    {
      "elapsed_sec": 0.0008655339479446411,
      "is_warmup": false,
      "iteration": 929,
      "native_traversal_sec": 0.00082546,
      "row_count": 1417
    },
    {
      "elapsed_sec": 0.0008003488183021545,
      "is_warmup": false,
      "iteration": 930,
      "native_traversal_sec": 0.000758842,
      "row_count": 1417
    },
    {
      "elapsed_sec": 0.0008884519338607788,
      "is_warmup": false,
      "iteration": 931,
      "native_traversal_sec": 0.000848082,
      "row_count": 1417
    },
    {
      "elapsed_sec": 0.0008105337619781494,
      "is_warmup": false,
      "iteration": 932,
      "native_traversal_sec": 0.000770325,
      "row_count": 1417
    },
    {
      "elapsed_sec": 0.0008061081171035767,
      "is_warmup": false,
      "iteration": 933,
      "native_traversal_sec": 0.000764914,
      "row_count": 1417
    },
    {
      "elapsed_sec": 0.000773012638092041,
      "is_warmup": false,
      "iteration": 934,
      "native_traversal_sec": 0.000731781,
      "row_count": 1417
    },
    {
      "elapsed_sec": 0.0007251277565956116,
      "is_warmup": false,
      "iteration": 935,
      "native_traversal_sec": 0.000685653,
      "row_count": 1417
    },
    {
      "elapsed_sec": 0.0008363798260688782,
      "is_warmup": false,
      "iteration": 936,
      "native_traversal_sec": 0.000796545,
      "row_count": 1417
    },
    {
      "elapsed_sec": 0.0007634162902832031,
      "is_warmup": false,
      "iteration": 937,
      "native_traversal_sec": 0.000723114,
      "row_count": 1417
    },
    {
      "elapsed_sec": 0.0007391944527626038,
      "is_warmup": false,
      "iteration": 938,
      "native_traversal_sec": 0.000698207,
      "row_count": 1417
    },
    {
      "elapsed_sec": 0.0008076205849647522,
      "is_warmup": false,
      "iteration": 939,
      "native_traversal_sec": 0.000767449,
      "row_count": 1417
    },
    {
      "elapsed_sec": 0.0007631555199623108,
      "is_warmup": false,
      "iteration": 940,
      "native_traversal_sec": 0.000723815,
      "row_count": 1417
    },
    {
      "elapsed_sec": 0.0007442757487297058,
      "is_warmup": false,
      "iteration": 941,
      "native_traversal_sec": 0.000705791,
      "row_count": 1417
    },
    {
      "elapsed_sec": 0.0009557753801345825,
      "is_warmup": false,
      "iteration": 942,
      "native_traversal_sec": 0.000879231,
      "row_count": 1417
    },
    {
      "elapsed_sec": 0.0007670074701309204,
      "is_warmup": false,
      "iteration": 943,
      "native_traversal_sec": 0.000726211,
      "row_count": 1417
    },
    {
      "elapsed_sec": 0.0008210837841033936,
      "is_warmup": false,
      "iteration": 944,
      "native_traversal_sec": 0.000779602,
      "row_count": 1417
    },
    {
      "elapsed_sec": 0.000784657895565033,
      "is_warmup": false,
      "iteration": 945,
      "native_traversal_sec": 0.000744495,
      "row_count": 1417
    },
    {
      "elapsed_sec": 0.0008127763867378235,
      "is_warmup": false,
      "iteration": 946,
      "native_traversal_sec": 0.000772729,
      "row_count": 1417
    },
    {
      "elapsed_sec": 0.0007137730717658997,
      "is_warmup": false,
      "iteration": 947,
      "native_traversal_sec": 0.00067293,
      "row_count": 1417
    },
    {
      "elapsed_sec": 0.0007851198315620422,
      "is_warmup": false,
      "iteration": 948,
      "native_traversal_sec": 0.000744405,
      "row_count": 1417
    },
    {
      "elapsed_sec": 0.0007769912481307983,
      "is_warmup": false,
      "iteration": 949,
      "native_traversal_sec": 0.0007364,
      "row_count": 1417
    },
    {
      "elapsed_sec": 0.0007776543498039246,
      "is_warmup": false,
      "iteration": 950,
      "native_traversal_sec": 0.000738284,
      "row_count": 1417
    },
    {
      "elapsed_sec": 0.0007982626557350159,
      "is_warmup": false,
      "iteration": 951,
      "native_traversal_sec": 0.000758913,
      "row_count": 1417
    },
    {
      "elapsed_sec": 0.0008641257882118225,
      "is_warmup": false,
      "iteration": 952,
      "native_traversal_sec": 0.000738373,
      "row_count": 1417
    },
    {
      "elapsed_sec": 0.000821433961391449,
      "is_warmup": false,
      "iteration": 953,
      "native_traversal_sec": 0.000780444,
      "row_count": 1417
    },
    {
      "elapsed_sec": 0.000754043459892273,
      "is_warmup": false,
      "iteration": 954,
      "native_traversal_sec": 0.000712574,
      "row_count": 1417
    },
    {
      "elapsed_sec": 0.000761076807975769,
      "is_warmup": false,
      "iteration": 955,
      "native_traversal_sec": 0.000721231,
      "row_count": 1417
    },
    {
      "elapsed_sec": 0.0007528215646743774,
      "is_warmup": false,
      "iteration": 956,
      "native_traversal_sec": 0.000712084,
      "row_count": 1417
    },
    {
      "elapsed_sec": 0.0007964372634887695,
      "is_warmup": false,
      "iteration": 957,
      "native_traversal_sec": 0.000757299,
      "row_count": 1417
    },
    {
      "elapsed_sec": 0.0007731318473815918,
      "is_warmup": false,
      "iteration": 958,
      "native_traversal_sec": 0.000733394,
      "row_count": 1417
    },
    {
      "elapsed_sec": 0.0007942691445350647,
      "is_warmup": false,
      "iteration": 959,
      "native_traversal_sec": 0.000753813,
      "row_count": 1417
    },
    {
      "elapsed_sec": 0.0007770732045173645,
      "is_warmup": false,
      "iteration": 960,
      "native_traversal_sec": 0.000737111,
      "row_count": 1417
    },
    {
      "elapsed_sec": 0.0007203817367553711,
      "is_warmup": false,
      "iteration": 961,
      "native_traversal_sec": 0.000680013,
      "row_count": 1417
    },
    {
      "elapsed_sec": 0.0009111389517784119,
      "is_warmup": false,
      "iteration": 962,
      "native_traversal_sec": 0.000869844,
      "row_count": 1417
    },
    {
      "elapsed_sec": 0.0007500946521759033,
      "is_warmup": false,
      "iteration": 963,
      "native_traversal_sec": 0.000709308,
      "row_count": 1417
    },
    {
      "elapsed_sec": 0.0008901059627532959,
      "is_warmup": false,
      "iteration": 964,
      "native_traversal_sec": 0.000848813,
      "row_count": 1417
    },
    {
      "elapsed_sec": 0.0007592588663101196,
      "is_warmup": false,
      "iteration": 965,
      "native_traversal_sec": 0.000717344,
      "row_count": 1417
    },
    {
      "elapsed_sec": 0.0007393583655357361,
      "is_warmup": false,
      "iteration": 966,
      "native_traversal_sec": 0.000698378,
      "row_count": 1417
    },
    {
      "elapsed_sec": 0.0007193982601165771,
      "is_warmup": false,
      "iteration": 967,
      "native_traversal_sec": 0.000679121,
      "row_count": 1417
    },
    {
      "elapsed_sec": 0.0006726756691932678,
      "is_warmup": false,
      "iteration": 968,
      "native_traversal_sec": 0.00063149,
      "row_count": 1417
    },
    {
      "elapsed_sec": 0.0007508248090744019,
      "is_warmup": false,
      "iteration": 969,
      "native_traversal_sec": 0.000710831,
      "row_count": 1417
    },
    {
      "elapsed_sec": 0.0007420182228088379,
      "is_warmup": false,
      "iteration": 970,
      "native_traversal_sec": 0.000701804,
      "row_count": 1417
    },
    {
      "elapsed_sec": 0.0007797479629516602,
      "is_warmup": false,
      "iteration": 971,
      "native_traversal_sec": 0.000738864,
      "row_count": 1417
    },
    {
      "elapsed_sec": 0.0008807182312011719,
      "is_warmup": false,
      "iteration": 972,
      "native_traversal_sec": 0.000840217,
      "row_count": 1417
    },
    {
      "elapsed_sec": 0.0008098408579826355,
      "is_warmup": false,
      "iteration": 973,
      "native_traversal_sec": 0.000764964,
      "row_count": 1417
    },
    {
      "elapsed_sec": 0.0008023679256439209,
      "is_warmup": false,
      "iteration": 974,
      "native_traversal_sec": 0.00076263,
      "row_count": 1417
    },
    {
      "elapsed_sec": 0.0008002966642379761,
      "is_warmup": false,
      "iteration": 975,
      "native_traversal_sec": 0.000759644,
      "row_count": 1417
    },
    {
      "elapsed_sec": 0.000761665403842926,
      "is_warmup": false,
      "iteration": 976,
      "native_traversal_sec": 0.0007208,
      "row_count": 1417
    },
    {
      "elapsed_sec": 0.0008233562111854553,
      "is_warmup": false,
      "iteration": 977,
      "native_traversal_sec": 0.00078366,
      "row_count": 1417
    },
    {
      "elapsed_sec": 0.0008075982332229614,
      "is_warmup": false,
      "iteration": 978,
      "native_traversal_sec": 0.0007677,
      "row_count": 1417
    },
    {
      "elapsed_sec": 0.0007337331771850586,
      "is_warmup": false,
      "iteration": 979,
      "native_traversal_sec": 0.000693488,
      "row_count": 1417
    },
    {
      "elapsed_sec": 0.0007781535387039185,
      "is_warmup": false,
      "iteration": 980,
      "native_traversal_sec": 0.00073152,
      "row_count": 1417
    },
    {
      "elapsed_sec": 0.0007389485836029053,
      "is_warmup": false,
      "iteration": 981,
      "native_traversal_sec": 0.000698377,
      "row_count": 1417
    },
    {
      "elapsed_sec": 0.0007901489734649658,
      "is_warmup": false,
      "iteration": 982,
      "native_traversal_sec": 0.000750788,
      "row_count": 1417
    },
    {
      "elapsed_sec": 0.000790812075138092,
      "is_warmup": false,
      "iteration": 983,
      "native_traversal_sec": 0.000750296,
      "row_count": 1417
    },
    {
      "elapsed_sec": 0.0007349029183387756,
      "is_warmup": false,
      "iteration": 984,
      "native_traversal_sec": 0.000693819,
      "row_count": 1417
    },
    {
      "elapsed_sec": 0.0007927268743515015,
      "is_warmup": false,
      "iteration": 985,
      "native_traversal_sec": 0.00075241,
      "row_count": 1417
    },
    {
      "elapsed_sec": 0.0008264929056167603,
      "is_warmup": false,
      "iteration": 986,
      "native_traversal_sec": 0.000786294,
      "row_count": 1417
    },
    {
      "elapsed_sec": 0.0007540881633758545,
      "is_warmup": false,
      "iteration": 987,
      "native_traversal_sec": 0.000714097,
      "row_count": 1417
    },
    {
      "elapsed_sec": 0.0007946118712425232,
      "is_warmup": false,
      "iteration": 988,
      "native_traversal_sec": 0.000754454,
      "row_count": 1417
    },
    {
      "elapsed_sec": 0.0008917376399040222,
      "is_warmup": false,
      "iteration": 989,
      "native_traversal_sec": 0.000813015,
      "row_count": 1417
    },
    {
      "elapsed_sec": 0.0007852241396903992,
      "is_warmup": false,
      "iteration": 990,
      "native_traversal_sec": 0.000743303,
      "row_count": 1417
    },
    {
      "elapsed_sec": 0.0008127987384796143,
      "is_warmup": false,
      "iteration": 991,
      "native_traversal_sec": 0.000772168,
      "row_count": 1417
    },
    {
      "elapsed_sec": 0.0007775202393531799,
      "is_warmup": false,
      "iteration": 992,
      "native_traversal_sec": 0.00073642,
      "row_count": 1417
    },
    {
      "elapsed_sec": 0.0007809698581695557,
      "is_warmup": false,
      "iteration": 993,
      "native_traversal_sec": 0.000739957,
      "row_count": 1417
    },
    {
      "elapsed_sec": 0.000788666307926178,
      "is_warmup": false,
      "iteration": 994,
      "native_traversal_sec": 0.000747221,
      "row_count": 1417
    },
    {
      "elapsed_sec": 0.0006940513849258423,
      "is_warmup": false,
      "iteration": 995,
      "native_traversal_sec": 0.000653523,
      "row_count": 1417
    },
    {
      "elapsed_sec": 0.0007922947406768799,
      "is_warmup": false,
      "iteration": 996,
      "native_traversal_sec": 0.000752561,
      "row_count": 1417
    },
    {
      "elapsed_sec": 0.0007084310054779053,
      "is_warmup": false,
      "iteration": 997,
      "native_traversal_sec": 0.000669272,
      "row_count": 1417
    },
    {
      "elapsed_sec": 0.0006741136312484741,
      "is_warmup": false,
      "iteration": 998,
      "native_traversal_sec": 0.000633985,
      "row_count": 1417
    },
    {
      "elapsed_sec": 0.0008432194590568542,
      "is_warmup": false,
      "iteration": 999,
      "native_traversal_sec": 0.000804489,
      "row_count": 1417
    },
    {
      "elapsed_sec": 0.0007988288998603821,
      "is_warmup": false,
      "iteration": 1000,
      "native_traversal_sec": 0.000758521,
      "row_count": 1417
    },
    {
      "elapsed_sec": 0.0007734000682830811,
      "is_warmup": false,
      "iteration": 1001,
      "native_traversal_sec": 0.000732904,
      "row_count": 1417
    },
    {
      "elapsed_sec": 0.0007747486233711243,
      "is_warmup": false,
      "iteration": 1002,
      "native_traversal_sec": 0.000734206,
      "row_count": 1417
    },
    {
      "elapsed_sec": 0.000746503472328186,
      "is_warmup": false,
      "iteration": 1003,
      "native_traversal_sec": 0.000707155,
      "row_count": 1417
    },
    {
      "elapsed_sec": 0.0007981806993484497,
      "is_warmup": false,
      "iteration": 1004,
      "native_traversal_sec": 0.000758732,
      "row_count": 1417
    },
    {
      "elapsed_sec": 0.0007578060030937195,
      "is_warmup": false,
      "iteration": 1005,
      "native_traversal_sec": 0.000717604,
      "row_count": 1417
    },
    {
      "elapsed_sec": 0.0006789267063140869,
      "is_warmup": false,
      "iteration": 1006,
      "native_traversal_sec": 0.000639957,
      "row_count": 1417
    },
    {
      "elapsed_sec": 0.0007242336869239807,
      "is_warmup": false,
      "iteration": 1007,
      "native_traversal_sec": 0.000684841,
      "row_count": 1417
    },
    {
      "elapsed_sec": 0.0007296428084373474,
      "is_warmup": false,
      "iteration": 1008,
      "native_traversal_sec": 0.000689611,
      "row_count": 1417
    },
    {
      "elapsed_sec": 0.000670209527015686,
      "is_warmup": false,
      "iteration": 1009,
      "native_traversal_sec": 0.00063129,
      "row_count": 1417
    },
    {
      "elapsed_sec": 0.0007084980607032776,
      "is_warmup": false,
      "iteration": 1010,
      "native_traversal_sec": 0.000669944,
      "row_count": 1417
    },
    {
      "elapsed_sec": 0.0006771832704544067,
      "is_warmup": false,
      "iteration": 1011,
      "native_traversal_sec": 0.000637822,
      "row_count": 1417
    },
    {
      "elapsed_sec": 0.0006703957915306091,
      "is_warmup": false,
      "iteration": 1012,
      "native_traversal_sec": 0.000630929,
      "row_count": 1417
    },
    {
      "elapsed_sec": 0.0007293671369552612,
      "is_warmup": false,
      "iteration": 1013,
      "native_traversal_sec": 0.000689431,
      "row_count": 1417
    },
    {
      "elapsed_sec": 0.0007326230406761169,
      "is_warmup": false,
      "iteration": 1014,
      "native_traversal_sec": 0.000692396,
      "row_count": 1417
    },
    {
      "elapsed_sec": 0.0007783696055412292,
      "is_warmup": false,
      "iteration": 1015,
      "native_traversal_sec": 0.000739605,
      "row_count": 1417
    },
    {
      "elapsed_sec": 0.000791303813457489,
      "is_warmup": false,
      "iteration": 1016,
      "native_traversal_sec": 0.000752109,
      "row_count": 1417
    },
    {
      "elapsed_sec": 0.0008032694458961487,
      "is_warmup": false,
      "iteration": 1017,
      "native_traversal_sec": 0.00076285,
      "row_count": 1417
    },
    {
      "elapsed_sec": 0.0007868260145187378,
      "is_warmup": false,
      "iteration": 1018,
      "native_traversal_sec": 0.000746338,
      "row_count": 1417
    },
    {
      "elapsed_sec": 0.0008277744054794312,
      "is_warmup": false,
      "iteration": 1019,
      "native_traversal_sec": 0.000786665,
      "row_count": 1417
    },
    {
      "elapsed_sec": 0.0008177459239959717,
      "is_warmup": false,
      "iteration": 1020,
      "native_traversal_sec": 0.000777218,
      "row_count": 1417
    },
    {
      "elapsed_sec": 0.0007778629660606384,
      "is_warmup": false,
      "iteration": 1021,
      "native_traversal_sec": 0.000737142,
      "row_count": 1417
    },
    {
      "elapsed_sec": 0.0008161738514900208,
      "is_warmup": false,
      "iteration": 1022,
      "native_traversal_sec": 0.000776326,
      "row_count": 1417
    },
    {
      "elapsed_sec": 0.0008256956934928894,
      "is_warmup": false,
      "iteration": 1023,
      "native_traversal_sec": 0.000785182,
      "row_count": 1417
    },
    {
      "elapsed_sec": 0.0007722377777099609,
      "is_warmup": false,
      "iteration": 1024,
      "native_traversal_sec": 0.000730989,
      "row_count": 1417
    },
    {
      "elapsed_sec": 0.0007710307836532593,
      "is_warmup": false,
      "iteration": 1025,
      "native_traversal_sec": 0.0007311,
      "row_count": 1417
    },
    {
      "elapsed_sec": 0.0008391514420509338,
      "is_warmup": false,
      "iteration": 1026,
      "native_traversal_sec": 0.000798748,
      "row_count": 1417
    },
    {
      "elapsed_sec": 0.0007949993014335632,
      "is_warmup": false,
      "iteration": 1027,
      "native_traversal_sec": 0.000754534,
      "row_count": 1417
    },
    {
      "elapsed_sec": 0.000781722366809845,
      "is_warmup": false,
      "iteration": 1028,
      "native_traversal_sec": 0.000734967,
      "row_count": 1417
    },
    {
      "elapsed_sec": 0.0007516294717788696,
      "is_warmup": false,
      "iteration": 1029,
      "native_traversal_sec": 0.000711803,
      "row_count": 1417
    },
    {
      "elapsed_sec": 0.0008832812309265137,
      "is_warmup": false,
      "iteration": 1030,
      "native_traversal_sec": 0.000843964,
      "row_count": 1417
    },
    {
      "elapsed_sec": 0.000796295702457428,
      "is_warmup": false,
      "iteration": 1031,
      "native_traversal_sec": 0.00075712,
      "row_count": 1417
    },
    {
      "elapsed_sec": 0.0007788240909576416,
      "is_warmup": false,
      "iteration": 1032,
      "native_traversal_sec": 0.000739275,
      "row_count": 1417
    },
    {
      "elapsed_sec": 0.0008065104484558105,
      "is_warmup": false,
      "iteration": 1033,
      "native_traversal_sec": 0.000761177,
      "row_count": 1417
    },
    {
      "elapsed_sec": 0.0007369890809059143,
      "is_warmup": false,
      "iteration": 1034,
      "native_traversal_sec": 0.000697255,
      "row_count": 1417
    },
    {
      "elapsed_sec": 0.000776924192905426,
      "is_warmup": false,
      "iteration": 1035,
      "native_traversal_sec": 0.000739004,
      "row_count": 1417
    },
    {
      "elapsed_sec": 0.0007572770118713379,
      "is_warmup": false,
      "iteration": 1036,
      "native_traversal_sec": 0.000718606,
      "row_count": 1417
    },
    {
      "elapsed_sec": 0.0008037537336349487,
      "is_warmup": false,
      "iteration": 1037,
      "native_traversal_sec": 0.000763421,
      "row_count": 1417
    },
    {
      "elapsed_sec": 0.0008266642689704895,
      "is_warmup": false,
      "iteration": 1038,
      "native_traversal_sec": 0.000785854,
      "row_count": 1417
    },
    {
      "elapsed_sec": 0.0007855519652366638,
      "is_warmup": false,
      "iteration": 1039,
      "native_traversal_sec": 0.000744926,
      "row_count": 1417
    },
    {
      "elapsed_sec": 0.0009634196758270264,
      "is_warmup": false,
      "iteration": 1040,
      "native_traversal_sec": 0.000922524,
      "row_count": 1417
    },
    {
      "elapsed_sec": 0.0007767155766487122,
      "is_warmup": false,
      "iteration": 1041,
      "native_traversal_sec": 0.000736419,
      "row_count": 1417
    },
    {
      "elapsed_sec": 0.0008068680763244629,
      "is_warmup": false,
      "iteration": 1042,
      "native_traversal_sec": 0.000766908,
      "row_count": 1417
    },
    {
      "elapsed_sec": 0.0007991120219230652,
      "is_warmup": false,
      "iteration": 1043,
      "native_traversal_sec": 0.00075214,
      "row_count": 1417
    },
    {
      "elapsed_sec": 0.000780254602432251,
      "is_warmup": false,
      "iteration": 1044,
      "native_traversal_sec": 0.000740347,
      "row_count": 1417
    },
    {
      "elapsed_sec": 0.0007547959685325623,
      "is_warmup": false,
      "iteration": 1045,
      "native_traversal_sec": 0.000716101,
      "row_count": 1417
    },
    {
      "elapsed_sec": 0.0008085668087005615,
      "is_warmup": false,
      "iteration": 1046,
      "native_traversal_sec": 0.000769283,
      "row_count": 1417
    },
    {
      "elapsed_sec": 0.0008394569158554077,
      "is_warmup": false,
      "iteration": 1047,
      "native_traversal_sec": 0.000792767,
      "row_count": 1417
    },
    {
      "elapsed_sec": 0.0007898285984992981,
      "is_warmup": false,
      "iteration": 1048,
      "native_traversal_sec": 0.000748733,
      "row_count": 1417
    },
    {
      "elapsed_sec": 0.0007970035076141357,
      "is_warmup": false,
      "iteration": 1049,
      "native_traversal_sec": 0.000755556,
      "row_count": 1417
    },
    {
      "elapsed_sec": 0.0008588060736656189,
      "is_warmup": false,
      "iteration": 1050,
      "native_traversal_sec": 0.000819227,
      "row_count": 1417
    },
    {
      "elapsed_sec": 0.0007851570844650269,
      "is_warmup": false,
      "iteration": 1051,
      "native_traversal_sec": 0.000745167,
      "row_count": 1417
    },
    {
      "elapsed_sec": 0.000704541802406311,
      "is_warmup": false,
      "iteration": 1052,
      "native_traversal_sec": 0.000664653,
      "row_count": 1417
    },
    {
      "elapsed_sec": 0.0007788017392158508,
      "is_warmup": false,
      "iteration": 1053,
      "native_traversal_sec": 0.000738724,
      "row_count": 1417
    },
    {
      "elapsed_sec": 0.0006922632455825806,
      "is_warmup": false,
      "iteration": 1054,
      "native_traversal_sec": 0.000652249,
      "row_count": 1417
    },
    {
      "elapsed_sec": 0.0006680414080619812,
      "is_warmup": false,
      "iteration": 1055,
      "native_traversal_sec": 0.000628034,
      "row_count": 1417
    },
    {
      "elapsed_sec": 0.0007675960659980774,
      "is_warmup": false,
      "iteration": 1056,
      "native_traversal_sec": 0.000729888,
      "row_count": 1417
    },
    {
      "elapsed_sec": 0.0007518455386161804,
      "is_warmup": false,
      "iteration": 1057,
      "native_traversal_sec": 0.000711162,
      "row_count": 1417
    },
    {
      "elapsed_sec": 0.0007472112774848938,
      "is_warmup": false,
      "iteration": 1058,
      "native_traversal_sec": 0.000707816,
      "row_count": 1417
    },
    {
      "elapsed_sec": 0.0008335709571838379,
      "is_warmup": false,
      "iteration": 1059,
      "native_traversal_sec": 0.00079448,
      "row_count": 1417
    },
    {
      "elapsed_sec": 0.0009861737489700317,
      "is_warmup": false,
      "iteration": 1060,
      "native_traversal_sec": 0.000944756,
      "row_count": 1417
    },
    {
      "elapsed_sec": 0.0007660016417503357,
      "is_warmup": false,
      "iteration": 1061,
      "native_traversal_sec": 0.00072639,
      "row_count": 1417
    },
    {
      "elapsed_sec": 0.0007918849587440491,
      "is_warmup": false,
      "iteration": 1062,
      "native_traversal_sec": 0.00075246,
      "row_count": 1417
    },
    {
      "elapsed_sec": 0.000769689679145813,
      "is_warmup": false,
      "iteration": 1063,
      "native_traversal_sec": 0.000730208,
      "row_count": 1417
    },
    {
      "elapsed_sec": 0.0007681325078010559,
      "is_warmup": false,
      "iteration": 1064,
      "native_traversal_sec": 0.000727563,
      "row_count": 1417
    },
    {
      "elapsed_sec": 0.0007848963141441345,
      "is_warmup": false,
      "iteration": 1065,
      "native_traversal_sec": 0.000744285,
      "row_count": 1417
    },
    {
      "elapsed_sec": 0.0006901770830154419,
      "is_warmup": false,
      "iteration": 1066,
      "native_traversal_sec": 0.000651859,
      "row_count": 1417
    },
    {
      "elapsed_sec": 0.0007387399673461914,
      "is_warmup": false,
      "iteration": 1067,
      "native_traversal_sec": 0.000700011,
      "row_count": 1417
    },
    {
      "elapsed_sec": 0.0006528124213218689,
      "is_warmup": false,
      "iteration": 1068,
      "native_traversal_sec": 0.000614468,
      "row_count": 1417
    },
    {
      "elapsed_sec": 0.0007066726684570312,
      "is_warmup": false,
      "iteration": 1069,
      "native_traversal_sec": 0.000668581,
      "row_count": 1417
    },
    {
      "elapsed_sec": 0.0006620660424232483,
      "is_warmup": false,
      "iteration": 1070,
      "native_traversal_sec": 0.000622303,
      "row_count": 1417
    },
    {
      "elapsed_sec": 0.0006818920373916626,
      "is_warmup": false,
      "iteration": 1071,
      "native_traversal_sec": 0.000643243,
      "row_count": 1417
    },
    {
      "elapsed_sec": 0.0008054673671722412,
      "is_warmup": false,
      "iteration": 1072,
      "native_traversal_sec": 0.000764894,
      "row_count": 1417
    },
    {
      "elapsed_sec": 0.000751204788684845,
      "is_warmup": false,
      "iteration": 1073,
      "native_traversal_sec": 0.000710751,
      "row_count": 1417
    },
    {
      "elapsed_sec": 0.0008037537336349487,
      "is_warmup": false,
      "iteration": 1074,
      "native_traversal_sec": 0.000764132,
      "row_count": 1417
    },
    {
      "elapsed_sec": 0.0007603764533996582,
      "is_warmup": false,
      "iteration": 1075,
      "native_traversal_sec": 0.000720359,
      "row_count": 1417
    },
    {
      "elapsed_sec": 0.0007380768656730652,
      "is_warmup": false,
      "iteration": 1076,
      "native_traversal_sec": 0.000697776,
      "row_count": 1417
    },
    {
      "elapsed_sec": 0.0007546618580818176,
      "is_warmup": false,
      "iteration": 1077,
      "native_traversal_sec": 0.000715039,
      "row_count": 1417
    },
    {
      "elapsed_sec": 0.0007013902068138123,
      "is_warmup": false,
      "iteration": 1078,
      "native_traversal_sec": 0.000661528,
      "row_count": 1417
    },
    {
      "elapsed_sec": 0.0007587596774101257,
      "is_warmup": false,
      "iteration": 1079,
      "native_traversal_sec": 0.000719278,
      "row_count": 1417
    },
    {
      "elapsed_sec": 0.0007837489247322083,
      "is_warmup": false,
      "iteration": 1080,
      "native_traversal_sec": 0.000744225,
      "row_count": 1417
    },
    {
      "elapsed_sec": 0.0007724091410636902,
      "is_warmup": false,
      "iteration": 1081,
      "native_traversal_sec": 0.000732322,
      "row_count": 1417
    },
    {
      "elapsed_sec": 0.0008375197649002075,
      "is_warmup": false,
      "iteration": 1082,
      "native_traversal_sec": 0.000797366,
      "row_count": 1417
    },
    {
      "elapsed_sec": 0.0007509440183639526,
      "is_warmup": false,
      "iteration": 1083,
      "native_traversal_sec": 0.000711192,
      "row_count": 1417
    },
    {
      "elapsed_sec": 0.0006509348750114441,
      "is_warmup": false,
      "iteration": 1084,
      "native_traversal_sec": 0.000611582,
      "row_count": 1417
    },
    {
      "elapsed_sec": 0.0006514266133308411,
      "is_warmup": false,
      "iteration": 1085,
      "native_traversal_sec": 0.000613225,
      "row_count": 1417
    },
    {
      "elapsed_sec": 0.0006529539823532104,
      "is_warmup": false,
      "iteration": 1086,
      "native_traversal_sec": 0.000614007,
      "row_count": 1417
    },
    {
      "elapsed_sec": 0.0006475746631622314,
      "is_warmup": false,
      "iteration": 1087,
      "native_traversal_sec": 0.00061022,
      "row_count": 1417
    },
    {
      "elapsed_sec": 0.0006779730319976807,
      "is_warmup": false,
      "iteration": 1088,
      "native_traversal_sec": 0.000640568,
      "row_count": 1417
    },
    {
      "elapsed_sec": 0.0007934048771858215,
      "is_warmup": false,
      "iteration": 1089,
      "native_traversal_sec": 0.000753753,
      "row_count": 1417
    },
    {
      "elapsed_sec": 0.000782497227191925,
      "is_warmup": false,
      "iteration": 1090,
      "native_traversal_sec": 0.000742661,
      "row_count": 1417
    },
    {
      "elapsed_sec": 0.0008115917444229126,
      "is_warmup": false,
      "iteration": 1091,
      "native_traversal_sec": 0.000770826,
      "row_count": 1417
    },
    {
      "elapsed_sec": 0.0007833912968635559,
      "is_warmup": false,
      "iteration": 1092,
      "native_traversal_sec": 0.000743173,
      "row_count": 1417
    },
    {
      "elapsed_sec": 0.000858597457408905,
      "is_warmup": false,
      "iteration": 1093,
      "native_traversal_sec": 0.000817784,
      "row_count": 1417
    },
    {
      "elapsed_sec": 0.0007940679788589478,
      "is_warmup": false,
      "iteration": 1094,
      "native_traversal_sec": 0.000753092,
      "row_count": 1417
    },
    {
      "elapsed_sec": 0.0008120909333229065,
      "is_warmup": false,
      "iteration": 1095,
      "native_traversal_sec": 0.000771397,
      "row_count": 1417
    },
    {
      "elapsed_sec": 0.0007238239049911499,
      "is_warmup": false,
      "iteration": 1096,
      "native_traversal_sec": 0.0006838,
      "row_count": 1417
    },
    {
      "elapsed_sec": 0.000741317868232727,
      "is_warmup": false,
      "iteration": 1097,
      "native_traversal_sec": 0.000701604,
      "row_count": 1417
    },
    {
      "elapsed_sec": 0.0007979497313499451,
      "is_warmup": false,
      "iteration": 1098,
      "native_traversal_sec": 0.00075757,
      "row_count": 1417
    },
    {
      "elapsed_sec": 0.0006892457604408264,
      "is_warmup": false,
      "iteration": 1099,
      "native_traversal_sec": 0.000648794,
      "row_count": 1417
    },
    {
      "elapsed_sec": 0.0007565915584564209,
      "is_warmup": false,
      "iteration": 1100,
      "native_traversal_sec": 0.000717705,
      "row_count": 1417
    },
    {
      "elapsed_sec": 0.0007618740200996399,
      "is_warmup": false,
      "iteration": 1101,
      "native_traversal_sec": 0.000722724,
      "row_count": 1417
    },
    {
      "elapsed_sec": 0.000758729875087738,
      "is_warmup": false,
      "iteration": 1102,
      "native_traversal_sec": 0.000717865,
      "row_count": 1417
    },
    {
      "elapsed_sec": 0.0008449852466583252,
      "is_warmup": false,
      "iteration": 1103,
      "native_traversal_sec": 0.000805411,
      "row_count": 1417
    },
    {
      "elapsed_sec": 0.0007974579930305481,
      "is_warmup": false,
      "iteration": 1104,
      "native_traversal_sec": 0.000757019,
      "row_count": 1417
    },
    {
      "elapsed_sec": 0.0007834509015083313,
      "is_warmup": false,
      "iteration": 1105,
      "native_traversal_sec": 0.000743653,
      "row_count": 1417
    },
    {
      "elapsed_sec": 0.0007663518190383911,
      "is_warmup": false,
      "iteration": 1106,
      "native_traversal_sec": 0.000725479,
      "row_count": 1417
    },
    {
      "elapsed_sec": 0.0007863044738769531,
      "is_warmup": false,
      "iteration": 1107,
      "native_traversal_sec": 0.000746199,
      "row_count": 1417
    },
    {
      "elapsed_sec": 0.0007047951221466064,
      "is_warmup": false,
      "iteration": 1108,
      "native_traversal_sec": 0.000664052,
      "row_count": 1417
    },
    {
      "elapsed_sec": 0.0007815361022949219,
      "is_warmup": false,
      "iteration": 1109,
      "native_traversal_sec": 0.000741619,
      "row_count": 1417
    },
    {
      "elapsed_sec": 0.0007658302783966064,
      "is_warmup": false,
      "iteration": 1110,
      "native_traversal_sec": 0.000726121,
      "row_count": 1417
    },
    {
      "elapsed_sec": 0.0007849559187889099,
      "is_warmup": false,
      "iteration": 1111,
      "native_traversal_sec": 0.000744265,
      "row_count": 1417
    },
    {
      "elapsed_sec": 0.000787101686000824,
      "is_warmup": false,
      "iteration": 1112,
      "native_traversal_sec": 0.000746339,
      "row_count": 1417
    },
    {
      "elapsed_sec": 0.0008786022663116455,
      "is_warmup": false,
      "iteration": 1113,
      "native_traversal_sec": 0.000837832,
      "row_count": 1417
    },
    {
      "elapsed_sec": 0.0008272305130958557,
      "is_warmup": false,
      "iteration": 1114,
      "native_traversal_sec": 0.000788379,
      "row_count": 1417
    },
    {
      "elapsed_sec": 0.0007540956139564514,
      "is_warmup": false,
      "iteration": 1115,
      "native_traversal_sec": 0.000713837,
      "row_count": 1417
    },
    {
      "elapsed_sec": 0.0007659271359443665,
      "is_warmup": false,
      "iteration": 1116,
      "native_traversal_sec": 0.000726561,
      "row_count": 1417
    },
    {
      "elapsed_sec": 0.0007611513137817383,
      "is_warmup": false,
      "iteration": 1117,
      "native_traversal_sec": 0.00072075,
      "row_count": 1417
    },
    {
      "elapsed_sec": 0.0007482990622520447,
      "is_warmup": false,
      "iteration": 1118,
      "native_traversal_sec": 0.000708958,
      "row_count": 1417
    },
    {
      "elapsed_sec": 0.0008106157183647156,
      "is_warmup": false,
      "iteration": 1119,
      "native_traversal_sec": 0.000770745,
      "row_count": 1417
    },
    {
      "elapsed_sec": 0.0007033869624137878,
      "is_warmup": false,
      "iteration": 1120,
      "native_traversal_sec": 0.000656608,
      "row_count": 1417
    },
    {
      "elapsed_sec": 0.0008120909333229065,
      "is_warmup": false,
      "iteration": 1121,
      "native_traversal_sec": 0.00077352,
      "row_count": 1417
    },
    {
      "elapsed_sec": 0.0006839781999588013,
      "is_warmup": false,
      "iteration": 1122,
      "native_traversal_sec": 0.000644885,
      "row_count": 1417
    },
    {
      "elapsed_sec": 0.0006645768880844116,
      "is_warmup": false,
      "iteration": 1123,
      "native_traversal_sec": 0.000625269,
      "row_count": 1417
    },
    {
      "elapsed_sec": 0.0008945763111114502,
      "is_warmup": false,
      "iteration": 1124,
      "native_traversal_sec": 0.000855346,
      "row_count": 1417
    },
    {
      "elapsed_sec": 0.0007674023509025574,
      "is_warmup": false,
      "iteration": 1125,
      "native_traversal_sec": 0.000728254,
      "row_count": 1417
    },
    {
      "elapsed_sec": 0.0007850229740142822,
      "is_warmup": false,
      "iteration": 1126,
      "native_traversal_sec": 0.000745517,
      "row_count": 1417
    },
    {
      "elapsed_sec": 0.0007633492350578308,
      "is_warmup": false,
      "iteration": 1127,
      "native_traversal_sec": 0.000723265,
      "row_count": 1417
    },
    {
      "elapsed_sec": 0.0007576346397399902,
      "is_warmup": false,
      "iteration": 1128,
      "native_traversal_sec": 0.000717705,
      "row_count": 1417
    },
    {
      "elapsed_sec": 0.0007709413766860962,
      "is_warmup": false,
      "iteration": 1129,
      "native_traversal_sec": 0.000729486,
      "row_count": 1417
    },
    {
      "elapsed_sec": 0.00074787437915802,
      "is_warmup": false,
      "iteration": 1130,
      "native_traversal_sec": 0.000706443,
      "row_count": 1417
    },
    {
      "elapsed_sec": 0.0007461979985237122,
      "is_warmup": false,
      "iteration": 1131,
      "native_traversal_sec": 0.000707174,
      "row_count": 1417
    },
    {
      "elapsed_sec": 0.0007569417357444763,
      "is_warmup": false,
      "iteration": 1132,
      "native_traversal_sec": 0.000718135,
      "row_count": 1417
    },
    {
      "elapsed_sec": 0.0007790550589561462,
      "is_warmup": false,
      "iteration": 1133,
      "native_traversal_sec": 0.000739385,
      "row_count": 1417
    },
    {
      "elapsed_sec": 0.0008987709879875183,
      "is_warmup": false,
      "iteration": 1134,
      "native_traversal_sec": 0.000859564,
      "row_count": 1417
    },
    {
      "elapsed_sec": 0.000811062753200531,
      "is_warmup": false,
      "iteration": 1135,
      "native_traversal_sec": 0.000771256,
      "row_count": 1417
    },
    {
      "elapsed_sec": 0.0008170977234840393,
      "is_warmup": false,
      "iteration": 1136,
      "native_traversal_sec": 0.000776015,
      "row_count": 1417
    },
    {
      "elapsed_sec": 0.0008016452193260193,
      "is_warmup": false,
      "iteration": 1137,
      "native_traversal_sec": 0.000760796,
      "row_count": 1417
    },
    {
      "elapsed_sec": 0.0007891058921813965,
      "is_warmup": false,
      "iteration": 1138,
      "native_traversal_sec": 0.000742191,
      "row_count": 1417
    },
    {
      "elapsed_sec": 0.0007883161306381226,
      "is_warmup": false,
      "iteration": 1139,
      "native_traversal_sec": 0.000747771,
      "row_count": 1417
    },
    {
      "elapsed_sec": 0.0007304176688194275,
      "is_warmup": false,
      "iteration": 1140,
      "native_traversal_sec": 0.000690953,
      "row_count": 1417
    },
    {
      "elapsed_sec": 0.0008149892091751099,
      "is_warmup": false,
      "iteration": 1141,
      "native_traversal_sec": 0.000774592,
      "row_count": 1417
    },
    {
      "elapsed_sec": 0.0007847845554351807,
      "is_warmup": false,
      "iteration": 1142,
      "native_traversal_sec": 0.000744476,
      "row_count": 1417
    },
    {
      "elapsed_sec": 0.0008146911859512329,
      "is_warmup": false,
      "iteration": 1143,
      "native_traversal_sec": 0.000774802,
      "row_count": 1417
    },
    {
      "elapsed_sec": 0.0008744299411773682,
      "is_warmup": false,
      "iteration": 1144,
      "native_traversal_sec": 0.000833164,
      "row_count": 1417
    },
    {
      "elapsed_sec": 0.000773109495639801,
      "is_warmup": false,
      "iteration": 1145,
      "native_traversal_sec": 0.000732182,
      "row_count": 1417
    },
    {
      "elapsed_sec": 0.0008089989423751831,
      "is_warmup": false,
      "iteration": 1146,
      "native_traversal_sec": 0.000769883,
      "row_count": 1417
    },
    {
      "elapsed_sec": 0.0007258802652359009,
      "is_warmup": false,
      "iteration": 1147,
      "native_traversal_sec": 0.000686325,
      "row_count": 1417
    },
    {
      "elapsed_sec": 0.0007895156741142273,
      "is_warmup": false,
      "iteration": 1148,
      "native_traversal_sec": 0.000749525,
      "row_count": 1417
    },
    {
      "elapsed_sec": 0.0007147118449211121,
      "is_warmup": false,
      "iteration": 1149,
      "native_traversal_sec": 0.000674412,
      "row_count": 1417
    },
    {
      "elapsed_sec": 0.0007481649518013,
      "is_warmup": false,
      "iteration": 1150,
      "native_traversal_sec": 0.000708818,
      "row_count": 1417
    },
    {
      "elapsed_sec": 0.0007680356502532959,
      "is_warmup": false,
      "iteration": 1151,
      "native_traversal_sec": 0.000727644,
      "row_count": 1417
    },
    {
      "elapsed_sec": 0.0007697045803070068,
      "is_warmup": false,
      "iteration": 1152,
      "native_traversal_sec": 0.000729968,
      "row_count": 1417
    },
    {
      "elapsed_sec": 0.0007884800434112549,
      "is_warmup": false,
      "iteration": 1153,
      "native_traversal_sec": 0.000748593,
      "row_count": 1417
    },
    {
      "elapsed_sec": 0.0009437799453735352,
      "is_warmup": false,
      "iteration": 1154,
      "native_traversal_sec": 0.000903087,
      "row_count": 1417
    },
    {
      "elapsed_sec": 0.000802949070930481,
      "is_warmup": false,
      "iteration": 1155,
      "native_traversal_sec": 0.000761598,
      "row_count": 1417
    },
    {
      "elapsed_sec": 0.0007712468504905701,
      "is_warmup": false,
      "iteration": 1156,
      "native_traversal_sec": 0.000725389,
      "row_count": 1417
    },
    {
      "elapsed_sec": 0.0007664263248443604,
      "is_warmup": false,
      "iteration": 1157,
      "native_traversal_sec": 0.00072612,
      "row_count": 1417
    },
    {
      "elapsed_sec": 0.0007756277918815613,
      "is_warmup": false,
      "iteration": 1158,
      "native_traversal_sec": 0.000735568,
      "row_count": 1417
    },
    {
      "elapsed_sec": 0.0008009076118469238,
      "is_warmup": false,
      "iteration": 1159,
      "native_traversal_sec": 0.000760786,
      "row_count": 1417
    },
    {
      "elapsed_sec": 0.0007647573947906494,
      "is_warmup": false,
      "iteration": 1160,
      "native_traversal_sec": 0.000725049,
      "row_count": 1417
    },
    {
      "elapsed_sec": 0.0007277056574821472,
      "is_warmup": false,
      "iteration": 1161,
      "native_traversal_sec": 0.000688138,
      "row_count": 1417
    },
    {
      "elapsed_sec": 0.0007661059498786926,
      "is_warmup": false,
      "iteration": 1162,
      "native_traversal_sec": 0.000727253,
      "row_count": 1417
    },
    {
      "elapsed_sec": 0.0007195696234703064,
      "is_warmup": false,
      "iteration": 1163,
      "native_traversal_sec": 0.000679201,
      "row_count": 1417
    },
    {
      "elapsed_sec": 0.0009415149688720703,
      "is_warmup": false,
      "iteration": 1164,
      "native_traversal_sec": 0.000900943,
      "row_count": 1417
    },
    {
      "elapsed_sec": 0.0007667914032936096,
      "is_warmup": false,
      "iteration": 1165,
      "native_traversal_sec": 0.000727653,
      "row_count": 1417
    },
    {
      "elapsed_sec": 0.000775657594203949,
      "is_warmup": false,
      "iteration": 1166,
      "native_traversal_sec": 0.000735097,
      "row_count": 1417
    },
    {
      "elapsed_sec": 0.0008067116141319275,
      "is_warmup": false,
      "iteration": 1167,
      "native_traversal_sec": 0.000765976,
      "row_count": 1417
    },
    {
      "elapsed_sec": 0.0007813423871994019,
      "is_warmup": false,
      "iteration": 1168,
      "native_traversal_sec": 0.000741709,
      "row_count": 1417
    },
    {
      "elapsed_sec": 0.0008307993412017822,
      "is_warmup": false,
      "iteration": 1169,
      "native_traversal_sec": 0.000790613,
      "row_count": 1417
    },
    {
      "elapsed_sec": 0.0007712095975875854,
      "is_warmup": false,
      "iteration": 1170,
      "native_traversal_sec": 0.000730028,
      "row_count": 1417
    },
    {
      "elapsed_sec": 0.0008142217993736267,
      "is_warmup": false,
      "iteration": 1171,
      "native_traversal_sec": 0.000773841,
      "row_count": 1417
    },
    {
      "elapsed_sec": 0.0007546544075012207,
      "is_warmup": false,
      "iteration": 1172,
      "native_traversal_sec": 0.000714337,
      "row_count": 1417
    },
    {
      "elapsed_sec": 0.0007895678281784058,
      "is_warmup": false,
      "iteration": 1173,
      "native_traversal_sec": 0.000750467,
      "row_count": 1417
    },
    {
      "elapsed_sec": 0.0009145587682723999,
      "is_warmup": false,
      "iteration": 1174,
      "native_traversal_sec": 0.000875204,
      "row_count": 1417
    },
    {
      "elapsed_sec": 0.000784553587436676,
      "is_warmup": false,
      "iteration": 1175,
      "native_traversal_sec": 0.000745938,
      "row_count": 1417
    },
    {
      "elapsed_sec": 0.0007769167423248291,
      "is_warmup": false,
      "iteration": 1176,
      "native_traversal_sec": 0.000736179,
      "row_count": 1417
    },
    {
      "elapsed_sec": 0.0007795169949531555,
      "is_warmup": false,
      "iteration": 1177,
      "native_traversal_sec": 0.000738574,
      "row_count": 1417
    },
    {
      "elapsed_sec": 0.0007529035210609436,
      "is_warmup": false,
      "iteration": 1178,
      "native_traversal_sec": 0.000712805,
      "row_count": 1417
    },
    {
      "elapsed_sec": 0.0008102208375930786,
      "is_warmup": false,
      "iteration": 1179,
      "native_traversal_sec": 0.000771467,
      "row_count": 1417
    },
    {
      "elapsed_sec": 0.0008078739047050476,
      "is_warmup": false,
      "iteration": 1180,
      "native_traversal_sec": 0.000769071,
      "row_count": 1417
    },
    {
      "elapsed_sec": 0.0008049309253692627,
      "is_warmup": false,
      "iteration": 1181,
      "native_traversal_sec": 0.000765414,
      "row_count": 1417
    },
    {
      "elapsed_sec": 0.00083942711353302,
      "is_warmup": false,
      "iteration": 1182,
      "native_traversal_sec": 0.000798699,
      "row_count": 1417
    },
    {
      "elapsed_sec": 0.0008164495229721069,
      "is_warmup": false,
      "iteration": 1183,
      "native_traversal_sec": 0.000775004,
      "row_count": 1417
    },
    {
      "elapsed_sec": 0.0009045079350471497,
      "is_warmup": false,
      "iteration": 1184,
      "native_traversal_sec": 0.000863822,
      "row_count": 1417
    },
    {
      "elapsed_sec": 0.0007858797907829285,
      "is_warmup": false,
      "iteration": 1185,
      "native_traversal_sec": 0.000745497,
      "row_count": 1417
    },
    {
      "elapsed_sec": 0.0007616207003593445,
      "is_warmup": false,
      "iteration": 1186,
      "native_traversal_sec": 0.000721712,
      "row_count": 1417
    },
    {
      "elapsed_sec": 0.0007572472095489502,
      "is_warmup": false,
      "iteration": 1187,
      "native_traversal_sec": 0.000717153,
      "row_count": 1417
    },
    {
      "elapsed_sec": 0.0007857680320739746,
      "is_warmup": false,
      "iteration": 1188,
      "native_traversal_sec": 0.000746209,
      "row_count": 1417
    },
    {
      "elapsed_sec": 0.0008276253938674927,
      "is_warmup": false,
      "iteration": 1189,
      "native_traversal_sec": 0.000787678,
      "row_count": 1417
    },
    {
      "elapsed_sec": 0.0007638037204742432,
      "is_warmup": false,
      "iteration": 1190,
      "native_traversal_sec": 0.000723755,
      "row_count": 1417
    },
    {
      "elapsed_sec": 0.0007673054933547974,
      "is_warmup": false,
      "iteration": 1191,
      "native_traversal_sec": 0.000728184,
      "row_count": 1417
    },
    {
      "elapsed_sec": 0.0007750540971755981,
      "is_warmup": false,
      "iteration": 1192,
      "native_traversal_sec": 0.000735868,
      "row_count": 1417
    },
    {
      "elapsed_sec": 0.0006971284747123718,
      "is_warmup": false,
      "iteration": 1193,
      "native_traversal_sec": 0.000656007,
      "row_count": 1417
    },
    {
      "elapsed_sec": 0.0007192417979240417,
      "is_warmup": false,
      "iteration": 1194,
      "native_traversal_sec": 0.000681445,
      "row_count": 1417
    },
    {
      "elapsed_sec": 0.0008257180452346802,
      "is_warmup": false,
      "iteration": 1195,
      "native_traversal_sec": 0.000787447,
      "row_count": 1417
    },
    {
      "elapsed_sec": 0.0007843896746635437,
      "is_warmup": false,
      "iteration": 1196,
      "native_traversal_sec": 0.000743884,
      "row_count": 1417
    },
    {
      "elapsed_sec": 0.0007795915007591248,
      "is_warmup": false,
      "iteration": 1197,
      "native_traversal_sec": 0.000739776,
      "row_count": 1417
    },
    {
      "elapsed_sec": 0.0008349567651748657,
      "is_warmup": false,
      "iteration": 1198,
      "native_traversal_sec": 0.000794981,
      "row_count": 1417
    },
    {
      "elapsed_sec": 0.000804610550403595,
      "is_warmup": false,
      "iteration": 1199,
      "native_traversal_sec": 0.000764584,
      "row_count": 1417
    },
    {
      "elapsed_sec": 0.0007865801453590393,
      "is_warmup": false,
      "iteration": 1200,
      "native_traversal_sec": 0.000745847,
      "row_count": 1417
    },
    {
      "elapsed_sec": 0.0007844939827919006,
      "is_warmup": false,
      "iteration": 1201,
      "native_traversal_sec": 0.000744996,
      "row_count": 1417
    },
    {
      "elapsed_sec": 0.0007924512028694153,
      "is_warmup": false,
      "iteration": 1202,
      "native_traversal_sec": 0.000752079,
      "row_count": 1417
    },
    {
      "elapsed_sec": 0.0007674545049667358,
      "is_warmup": false,
      "iteration": 1203,
      "native_traversal_sec": 0.000721772,
      "row_count": 1417
    },
    {
      "elapsed_sec": 0.0007897838950157166,
      "is_warmup": false,
      "iteration": 1204,
      "native_traversal_sec": 0.000749505,
      "row_count": 1417
    },
    {
      "elapsed_sec": 0.0008200556039810181,
      "is_warmup": false,
      "iteration": 1205,
      "native_traversal_sec": 0.000780634,
      "row_count": 1417
    },
    {
      "elapsed_sec": 0.0007892772555351257,
      "is_warmup": false,
      "iteration": 1206,
      "native_traversal_sec": 0.000750086,
      "row_count": 1417
    },
    {
      "elapsed_sec": 0.0007277429103851318,
      "is_warmup": false,
      "iteration": 1207,
      "native_traversal_sec": 0.000688398,
      "row_count": 1417
    },
    {
      "elapsed_sec": 0.0007135644555091858,
      "is_warmup": false,
      "iteration": 1208,
      "native_traversal_sec": 0.00067357,
      "row_count": 1417
    },
    {
      "elapsed_sec": 0.0007477328181266785,
      "is_warmup": false,
      "iteration": 1209,
      "native_traversal_sec": 0.000708417,
      "row_count": 1417
    },
    {
      "elapsed_sec": 0.0007652714848518372,
      "is_warmup": false,
      "iteration": 1210,
      "native_traversal_sec": 0.000726421,
      "row_count": 1417
    },
    {
      "elapsed_sec": 0.0008073300123214722,
      "is_warmup": false,
      "iteration": 1211,
      "native_traversal_sec": 0.000767058,
      "row_count": 1417
    },
    {
      "elapsed_sec": 0.0007910057902336121,
      "is_warmup": false,
      "iteration": 1212,
      "native_traversal_sec": 0.000751269,
      "row_count": 1417
    },
    {
      "elapsed_sec": 0.0007674470543861389,
      "is_warmup": false,
      "iteration": 1213,
      "native_traversal_sec": 0.000727773,
      "row_count": 1417
    },
    {
      "elapsed_sec": 0.0007990151643753052,
      "is_warmup": false,
      "iteration": 1214,
      "native_traversal_sec": 0.000759874,
      "row_count": 1417
    },
    {
      "elapsed_sec": 0.0007990598678588867,
      "is_warmup": false,
      "iteration": 1215,
      "native_traversal_sec": 0.000758522,
      "row_count": 1417
    },
    {
      "elapsed_sec": 0.0008311569690704346,
      "is_warmup": false,
      "iteration": 1216,
      "native_traversal_sec": 0.00078367,
      "row_count": 1417
    },
    {
      "elapsed_sec": 0.0007918253540992737,
      "is_warmup": false,
      "iteration": 1217,
      "native_traversal_sec": 0.000746669,
      "row_count": 1417
    },
    {
      "elapsed_sec": 0.0007630512118339539,
      "is_warmup": false,
      "iteration": 1218,
      "native_traversal_sec": 0.000722323,
      "row_count": 1417
    },
    {
      "elapsed_sec": 0.0007924288511276245,
      "is_warmup": false,
      "iteration": 1219,
      "native_traversal_sec": 0.000753112,
      "row_count": 1417
    },
    {
      "elapsed_sec": 0.0007597282528877258,
      "is_warmup": false,
      "iteration": 1220,
      "native_traversal_sec": 0.000719007,
      "row_count": 1417
    },
    {
      "elapsed_sec": 0.0008215010166168213,
      "is_warmup": false,
      "iteration": 1221,
      "native_traversal_sec": 0.000780173,
      "row_count": 1417
    },
    {
      "elapsed_sec": 0.0007682442665100098,
      "is_warmup": false,
      "iteration": 1222,
      "native_traversal_sec": 0.000727974,
      "row_count": 1417
    },
    {
      "elapsed_sec": 0.0007805153727531433,
      "is_warmup": false,
      "iteration": 1223,
      "native_traversal_sec": 0.000739446,
      "row_count": 1417
    },
    {
      "elapsed_sec": 0.0007723569869995117,
      "is_warmup": false,
      "iteration": 1224,
      "native_traversal_sec": 0.000732202,
      "row_count": 1417
    },
    {
      "elapsed_sec": 0.000864274799823761,
      "is_warmup": false,
      "iteration": 1225,
      "native_traversal_sec": 0.000823646,
      "row_count": 1417
    },
    {
      "elapsed_sec": 0.0008276775479316711,
      "is_warmup": false,
      "iteration": 1226,
      "native_traversal_sec": 0.000787277,
      "row_count": 1417
    },
    {
      "elapsed_sec": 0.0007942169904708862,
      "is_warmup": false,
      "iteration": 1227,
      "native_traversal_sec": 0.000752981,
      "row_count": 1417
    },
    {
      "elapsed_sec": 0.0007999539375305176,
      "is_warmup": false,
      "iteration": 1228,
      "native_traversal_sec": 0.000760777,
      "row_count": 1417
    },
    {
      "elapsed_sec": 0.0007925331592559814,
      "is_warmup": false,
      "iteration": 1229,
      "native_traversal_sec": 0.00075261,
      "row_count": 1417
    },
    {
      "elapsed_sec": 0.0007911995053291321,
      "is_warmup": false,
      "iteration": 1230,
      "native_traversal_sec": 0.000751228,
      "row_count": 1417
    },
    {
      "elapsed_sec": 0.0006495863199234009,
      "is_warmup": false,
      "iteration": 1231,
      "native_traversal_sec": 0.00061015,
      "row_count": 1417
    },
    {
      "elapsed_sec": 0.000750809907913208,
      "is_warmup": false,
      "iteration": 1232,
      "native_traversal_sec": 0.000712404,
      "row_count": 1417
    },
    {
      "elapsed_sec": 0.0008121952414512634,
      "is_warmup": false,
      "iteration": 1233,
      "native_traversal_sec": 0.0007729,
      "row_count": 1417
    },
    {
      "elapsed_sec": 0.0007709041237831116,
      "is_warmup": false,
      "iteration": 1234,
      "native_traversal_sec": 0.000730118,
      "row_count": 1417
    },
    {
      "elapsed_sec": 0.0009132921695709229,
      "is_warmup": false,
      "iteration": 1235,
      "native_traversal_sec": 0.00087321,
      "row_count": 1417
    },
    {
      "elapsed_sec": 0.0007780790328979492,
      "is_warmup": false,
      "iteration": 1236,
      "native_traversal_sec": 0.000738894,
      "row_count": 1417
    },
    {
      "elapsed_sec": 0.0007294341921806335,
      "is_warmup": false,
      "iteration": 1237,
      "native_traversal_sec": 0.000689601,
      "row_count": 1417
    },
    {
      "elapsed_sec": 0.0008119046688079834,
      "is_warmup": false,
      "iteration": 1238,
      "native_traversal_sec": 0.000771386,
      "row_count": 1417
    },
    {
      "elapsed_sec": 0.0008145943284034729,
      "is_warmup": false,
      "iteration": 1239,
      "native_traversal_sec": 0.000774592,
      "row_count": 1417
    },
    {
      "elapsed_sec": 0.0007964670658111572,
      "is_warmup": false,
      "iteration": 1240,
      "native_traversal_sec": 0.000755697,
      "row_count": 1417
    },
    {
      "elapsed_sec": 0.0007970333099365234,
      "is_warmup": false,
      "iteration": 1241,
      "native_traversal_sec": 0.000756728,
      "row_count": 1417
    },
    {
      "elapsed_sec": 0.0007844418287277222,
      "is_warmup": false,
      "iteration": 1242,
      "native_traversal_sec": 0.000744205,
      "row_count": 1417
    },
    {
      "elapsed_sec": 0.00078631192445755,
      "is_warmup": false,
      "iteration": 1243,
      "native_traversal_sec": 0.000745156,
      "row_count": 1417
    },
    {
      "elapsed_sec": 0.0007781088352203369,
      "is_warmup": false,
      "iteration": 1244,
      "native_traversal_sec": 0.000737772,
      "row_count": 1417
    },
    {
      "elapsed_sec": 0.0009340569376945496,
      "is_warmup": false,
      "iteration": 1245,
      "native_traversal_sec": 0.00089424,
      "row_count": 1417
    },
    {
      "elapsed_sec": 0.0007689595222473145,
      "is_warmup": false,
      "iteration": 1246,
      "native_traversal_sec": 0.000728685,
      "row_count": 1417
    },
    {
      "elapsed_sec": 0.0007932335138320923,
      "is_warmup": false,
      "iteration": 1247,
      "native_traversal_sec": 0.000754304,
      "row_count": 1417
    },
    {
      "elapsed_sec": 0.0007748901844024658,
      "is_warmup": false,
      "iteration": 1248,
      "native_traversal_sec": 0.000733995,
      "row_count": 1417
    },
    {
      "elapsed_sec": 0.0008013322949409485,
      "is_warmup": false,
      "iteration": 1249,
      "native_traversal_sec": 0.000760035,
      "row_count": 1417
    },
    {
      "elapsed_sec": 0.0008094161748886108,
      "is_warmup": false,
      "iteration": 1250,
      "native_traversal_sec": 0.000768751,
      "row_count": 1417
    },
    {
      "elapsed_sec": 0.0007825642824172974,
      "is_warmup": false,
      "iteration": 1251,
      "native_traversal_sec": 0.00074172,
      "row_count": 1417
    },
    {
      "elapsed_sec": 0.0008124411106109619,
      "is_warmup": false,
      "iteration": 1252,
      "native_traversal_sec": 0.000765215,
      "row_count": 1417
    },
    {
      "elapsed_sec": 0.0008127093315124512,
      "is_warmup": false,
      "iteration": 1253,
      "native_traversal_sec": 0.000770955,
      "row_count": 1417
    },
    {
      "elapsed_sec": 0.0007909238338470459,
      "is_warmup": false,
      "iteration": 1254,
      "native_traversal_sec": 0.000746469,
      "row_count": 1417
    },
    {
      "elapsed_sec": 0.0008969157934188843,
      "is_warmup": false,
      "iteration": 1255,
      "native_traversal_sec": 0.000856238,
      "row_count": 1417
    },
    {
      "elapsed_sec": 0.0007900223135948181,
      "is_warmup": false,
      "iteration": 1256,
      "native_traversal_sec": 0.000750176,
      "row_count": 1417
    },
    {
      "elapsed_sec": 0.0007139518857002258,
      "is_warmup": false,
      "iteration": 1257,
      "native_traversal_sec": 0.00067336,
      "row_count": 1417
    },
    {
      "elapsed_sec": 0.000776045024394989,
      "is_warmup": false,
      "iteration": 1258,
      "native_traversal_sec": 0.00073659,
      "row_count": 1417
    },
    {
      "elapsed_sec": 0.0007824897766113281,
      "is_warmup": false,
      "iteration": 1259,
      "native_traversal_sec": 0.0007418,
      "row_count": 1417
    },
    {
      "elapsed_sec": 0.0007743760943412781,
      "is_warmup": false,
      "iteration": 1260,
      "native_traversal_sec": 0.000733634,
      "row_count": 1417
    },
    {
      "elapsed_sec": 0.0007719546556472778,
      "is_warmup": false,
      "iteration": 1261,
      "native_traversal_sec": 0.00073133,
      "row_count": 1417
    },
    {
      "elapsed_sec": 0.0007526353001594543,
      "is_warmup": false,
      "iteration": 1262,
      "native_traversal_sec": 0.000713466,
      "row_count": 1417
    },
    {
      "elapsed_sec": 0.0007714256644248962,
      "is_warmup": false,
      "iteration": 1263,
      "native_traversal_sec": 0.000731941,
      "row_count": 1417
    },
    {
      "elapsed_sec": 0.000841580331325531,
      "is_warmup": false,
      "iteration": 1264,
      "native_traversal_sec": 0.000801394,
      "row_count": 1417
    },
    {
      "elapsed_sec": 0.0009154528379440308,
      "is_warmup": false,
      "iteration": 1265,
      "native_traversal_sec": 0.000875384,
      "row_count": 1417
    },
    {
      "elapsed_sec": 0.0009016320109367371,
      "is_warmup": false,
      "iteration": 1266,
      "native_traversal_sec": 0.000861026,
      "row_count": 1417
    },
    {
      "elapsed_sec": 0.0007938966155052185,
      "is_warmup": false,
      "iteration": 1267,
      "native_traversal_sec": 0.000752511,
      "row_count": 1417
    },
    {
      "elapsed_sec": 0.0007913634181022644,
      "is_warmup": false,
      "iteration": 1268,
      "native_traversal_sec": 0.000750777,
      "row_count": 1417
    },
    {
      "elapsed_sec": 0.0008094832301139832,
      "is_warmup": false,
      "iteration": 1269,
      "native_traversal_sec": 0.000769042,
      "row_count": 1417
    },
    {
      "elapsed_sec": 0.00081586092710495,
      "is_warmup": false,
      "iteration": 1270,
      "native_traversal_sec": 0.000774863,
      "row_count": 1417
    },
    {
      "elapsed_sec": 0.0008432194590568542,
      "is_warmup": false,
      "iteration": 1271,
      "native_traversal_sec": 0.000802596,
      "row_count": 1417
    },
    {
      "elapsed_sec": 0.0008734166622161865,
      "is_warmup": false,
      "iteration": 1272,
      "native_traversal_sec": 0.000831971,
      "row_count": 1417
    },
    {
      "elapsed_sec": 0.0008030310273170471,
      "is_warmup": false,
      "iteration": 1273,
      "native_traversal_sec": 0.000761958,
      "row_count": 1417
    },
    {
      "elapsed_sec": 0.000804312527179718,
      "is_warmup": false,
      "iteration": 1274,
      "native_traversal_sec": 0.000763492,
      "row_count": 1417
    },
    {
      "elapsed_sec": 0.0009324178099632263,
      "is_warmup": false,
      "iteration": 1275,
      "native_traversal_sec": 0.000891775,
      "row_count": 1417
    },
    {
      "elapsed_sec": 0.0007899999618530273,
      "is_warmup": false,
      "iteration": 1276,
      "native_traversal_sec": 0.000749485,
      "row_count": 1417
    },
    {
      "elapsed_sec": 0.000802360475063324,
      "is_warmup": false,
      "iteration": 1277,
      "native_traversal_sec": 0.000761437,
      "row_count": 1417
    },
    {
      "elapsed_sec": 0.0007772594690322876,
      "is_warmup": false,
      "iteration": 1278,
      "native_traversal_sec": 0.000738604,
      "row_count": 1417
    },
    {
      "elapsed_sec": 0.0007687881588935852,
      "is_warmup": false,
      "iteration": 1279,
      "native_traversal_sec": 0.000728846,
      "row_count": 1417
    },
    {
      "elapsed_sec": 0.000772722065448761,
      "is_warmup": false,
      "iteration": 1280,
      "native_traversal_sec": 0.000732753,
      "row_count": 1417
    },
    {
      "elapsed_sec": 0.0006986558437347412,
      "is_warmup": false,
      "iteration": 1281,
      "native_traversal_sec": 0.000659203,
      "row_count": 1417
    },
    {
      "elapsed_sec": 0.0006985962390899658,
      "is_warmup": false,
      "iteration": 1282,
      "native_traversal_sec": 0.000659323,
      "row_count": 1417
    },
    {
      "elapsed_sec": 0.0008327662944793701,
      "is_warmup": false,
      "iteration": 1283,
      "native_traversal_sec": 0.000793529,
      "row_count": 1417
    },
    {
      "elapsed_sec": 0.0007983669638633728,
      "is_warmup": false,
      "iteration": 1284,
      "native_traversal_sec": 0.000756678,
      "row_count": 1417
    },
    {
      "elapsed_sec": 0.0009161904454231262,
      "is_warmup": false,
      "iteration": 1285,
      "native_traversal_sec": 0.000874732,
      "row_count": 1417
    },
    {
      "elapsed_sec": 0.000796586275100708,
      "is_warmup": false,
      "iteration": 1286,
      "native_traversal_sec": 0.000755717,
      "row_count": 1417
    },
    {
      "elapsed_sec": 0.000804804265499115,
      "is_warmup": false,
      "iteration": 1287,
      "native_traversal_sec": 0.000763862,
      "row_count": 1417
    },
    {
      "elapsed_sec": 0.0008612945675849915,
      "is_warmup": false,
      "iteration": 1288,
      "native_traversal_sec": 0.00082065,
      "row_count": 1417
    },
    {
      "elapsed_sec": 0.0007897466421127319,
      "is_warmup": false,
      "iteration": 1289,
      "native_traversal_sec": 0.000749395,
      "row_count": 1417
    },
    {
      "elapsed_sec": 0.0007685869932174683,
      "is_warmup": false,
      "iteration": 1290,
      "native_traversal_sec": 0.000728244,
      "row_count": 1417
    },
    {
      "elapsed_sec": 0.0007762014865875244,
      "is_warmup": false,
      "iteration": 1291,
      "native_traversal_sec": 0.000735638,
      "row_count": 1417
    },
    {
      "elapsed_sec": 0.000791013240814209,
      "is_warmup": false,
      "iteration": 1292,
      "native_traversal_sec": 0.000750957,
      "row_count": 1417
    },
    {
      "elapsed_sec": 0.0007530301809310913,
      "is_warmup": false,
      "iteration": 1293,
      "native_traversal_sec": 0.000713436,
      "row_count": 1417
    },
    {
      "elapsed_sec": 0.0007862970232963562,
      "is_warmup": false,
      "iteration": 1294,
      "native_traversal_sec": 0.000746068,
      "row_count": 1417
    },
    {
      "elapsed_sec": 0.0010152310132980347,
      "is_warmup": false,
      "iteration": 1295,
      "native_traversal_sec": 0.000974713,
      "row_count": 1417
    },
    {
      "elapsed_sec": 0.00077839195728302,
      "is_warmup": false,
      "iteration": 1296,
      "native_traversal_sec": 0.000735528,
      "row_count": 1417
    },
    {
      "elapsed_sec": 0.0008524209260940552,
      "is_warmup": false,
      "iteration": 1297,
      "native_traversal_sec": 0.000811262,
      "row_count": 1417
    },
    {
      "elapsed_sec": 0.0008328855037689209,
      "is_warmup": false,
      "iteration": 1298,
      "native_traversal_sec": 0.000791234,
      "row_count": 1417
    },
    {
      "elapsed_sec": 0.0008148923516273499,
      "is_warmup": false,
      "iteration": 1299,
      "native_traversal_sec": 0.000774472,
      "row_count": 1417
    },
    {
      "elapsed_sec": 0.0008182376623153687,
      "is_warmup": false,
      "iteration": 1300,
      "native_traversal_sec": 0.000777858,
      "row_count": 1417
    },
    {
      "elapsed_sec": 0.0008380934596061707,
      "is_warmup": false,
      "iteration": 1301,
      "native_traversal_sec": 0.000797216,
      "row_count": 1417
    },
    {
      "elapsed_sec": 0.0008375793695449829,
      "is_warmup": false,
      "iteration": 1302,
      "native_traversal_sec": 0.000795923,
      "row_count": 1417
    },
    {
      "elapsed_sec": 0.0008363798260688782,
      "is_warmup": false,
      "iteration": 1303,
      "native_traversal_sec": 0.000795582,
      "row_count": 1417
    },
    {
      "elapsed_sec": 0.0008770599961280823,
      "is_warmup": false,
      "iteration": 1304,
      "native_traversal_sec": 0.00083655,
      "row_count": 1417
    },
    {
      "elapsed_sec": 0.00080861896276474,
      "is_warmup": false,
      "iteration": 1305,
      "native_traversal_sec": 0.000768251,
      "row_count": 1417
    },
    {
      "elapsed_sec": 0.00080069899559021,
      "is_warmup": false,
      "iteration": 1306,
      "native_traversal_sec": 0.000759814,
      "row_count": 1417
    },
    {
      "elapsed_sec": 0.000754036009311676,
      "is_warmup": false,
      "iteration": 1307,
      "native_traversal_sec": 0.000713125,
      "row_count": 1417
    },
    {
      "elapsed_sec": 0.0008017644286155701,
      "is_warmup": false,
      "iteration": 1308,
      "native_traversal_sec": 0.000761918,
      "row_count": 1417
    },
    {
      "elapsed_sec": 0.0007374435663223267,
      "is_warmup": false,
      "iteration": 1309,
      "native_traversal_sec": 0.000697636,
      "row_count": 1417
    },
    {
      "elapsed_sec": 0.0007742419838905334,
      "is_warmup": false,
      "iteration": 1310,
      "native_traversal_sec": 0.000728765,
      "row_count": 1417
    },
    {
      "elapsed_sec": 0.0007412880659103394,
      "is_warmup": false,
      "iteration": 1311,
      "native_traversal_sec": 0.000700622,
      "row_count": 1417
    },
    {
      "elapsed_sec": 0.0008187964558601379,
      "is_warmup": false,
      "iteration": 1312,
      "native_traversal_sec": 0.000779522,
      "row_count": 1417
    },
    {
      "elapsed_sec": 0.0008828788995742798,
      "is_warmup": false,
      "iteration": 1313,
      "native_traversal_sec": 0.0008413,
      "row_count": 1417
    },
    {
      "elapsed_sec": 0.0010352283716201782,
      "is_warmup": false,
      "iteration": 1314,
      "native_traversal_sec": 0.000993238,
      "row_count": 1417
    },
    {
      "elapsed_sec": 0.0008304491639137268,
      "is_warmup": false,
      "iteration": 1315,
      "native_traversal_sec": 0.00078895,
      "row_count": 1417
    },
    {
      "elapsed_sec": 0.0007866993546485901,
      "is_warmup": false,
      "iteration": 1316,
      "native_traversal_sec": 0.000745367,
      "row_count": 1417
    },
    {
      "elapsed_sec": 0.0008730515837669373,
      "is_warmup": false,
      "iteration": 1317,
      "native_traversal_sec": 0.000832663,
      "row_count": 1417
    },
    {
      "elapsed_sec": 0.0007950067520141602,
      "is_warmup": false,
      "iteration": 1318,
      "native_traversal_sec": 0.000749565,
      "row_count": 1417
    },
    {
      "elapsed_sec": 0.0008400306105613708,
      "is_warmup": false,
      "iteration": 1319,
      "native_traversal_sec": 0.000800482,
      "row_count": 1417
    },
    {
      "elapsed_sec": 0.0007955804467201233,
      "is_warmup": false,
      "iteration": 1320,
      "native_traversal_sec": 0.000755637,
      "row_count": 1417
    },
    {
      "elapsed_sec": 0.0008055642247200012,
      "is_warmup": false,
      "iteration": 1321,
      "native_traversal_sec": 0.000765215,
      "row_count": 1417
    },
    {
      "elapsed_sec": 0.0008172392845153809,
      "is_warmup": false,
      "iteration": 1322,
      "native_traversal_sec": 0.000777257,
      "row_count": 1417
    },
    {
      "elapsed_sec": 0.000775851309299469,
      "is_warmup": false,
      "iteration": 1323,
      "native_traversal_sec": 0.000735558,
      "row_count": 1417
    },
    {
      "elapsed_sec": 0.000897429883480072,
      "is_warmup": false,
      "iteration": 1324,
      "native_traversal_sec": 0.000857049,
      "row_count": 1417
    },
    {
      "elapsed_sec": 0.0008359476923942566,
      "is_warmup": false,
      "iteration": 1325,
      "native_traversal_sec": 0.000795983,
      "row_count": 1417
    },
    {
      "elapsed_sec": 0.000802256166934967,
      "is_warmup": false,
      "iteration": 1326,
      "native_traversal_sec": 0.000760796,
      "row_count": 1417
    },
    {
      "elapsed_sec": 0.0007915794849395752,
      "is_warmup": false,
      "iteration": 1327,
      "native_traversal_sec": 0.000750657,
      "row_count": 1417
    },
    {
      "elapsed_sec": 0.0007826313376426697,
      "is_warmup": false,
      "iteration": 1328,
      "native_traversal_sec": 0.00074189,
      "row_count": 1417
    },
    {
      "elapsed_sec": 0.0007889047265052795,
      "is_warmup": false,
      "iteration": 1329,
      "native_traversal_sec": 0.000748914,
      "row_count": 1417
    },
    {
      "elapsed_sec": 0.0008299052715301514,
      "is_warmup": false,
      "iteration": 1330,
      "native_traversal_sec": 0.00078913,
      "row_count": 1417
    },
    {
      "elapsed_sec": 0.0008278414607048035,
      "is_warmup": false,
      "iteration": 1331,
      "native_traversal_sec": 0.000787718,
      "row_count": 1417
    },
    {
      "elapsed_sec": 0.0008464232087135315,
      "is_warmup": false,
      "iteration": 1332,
      "native_traversal_sec": 0.000805531,
      "row_count": 1417
    },
    {
      "elapsed_sec": 0.0007857754826545715,
      "is_warmup": false,
      "iteration": 1333,
      "native_traversal_sec": 0.000742361,
      "row_count": 1417
    },
    {
      "elapsed_sec": 0.0008331462740898132,
      "is_warmup": false,
      "iteration": 1334,
      "native_traversal_sec": 0.000793098,
      "row_count": 1417
    },
    {
      "elapsed_sec": 0.0008053556084632874,
      "is_warmup": false,
      "iteration": 1335,
      "native_traversal_sec": 0.000765014,
      "row_count": 1417
    },
    {
      "elapsed_sec": 0.0008264631032943726,
      "is_warmup": false,
      "iteration": 1336,
      "native_traversal_sec": 0.000786114,
      "row_count": 1417
    },
    {
      "elapsed_sec": 0.0008244216442108154,
      "is_warmup": false,
      "iteration": 1337,
      "native_traversal_sec": 0.000784071,
      "row_count": 1417
    },
    {
      "elapsed_sec": 0.0008018165826797485,
      "is_warmup": false,
      "iteration": 1338,
      "native_traversal_sec": 0.000761728,
      "row_count": 1417
    },
    {
      "elapsed_sec": 0.0008084699511528015,
      "is_warmup": false,
      "iteration": 1339,
      "native_traversal_sec": 0.00076785,
      "row_count": 1417
    },
    {
      "elapsed_sec": 0.0007890239357948303,
      "is_warmup": false,
      "iteration": 1340,
      "native_traversal_sec": 0.000748223,
      "row_count": 1417
    },
    {
      "elapsed_sec": 0.000779666006565094,
      "is_warmup": false,
      "iteration": 1341,
      "native_traversal_sec": 0.000739085,
      "row_count": 1417
    },
    {
      "elapsed_sec": 0.0008225664496421814,
      "is_warmup": false,
      "iteration": 1342,
      "native_traversal_sec": 0.000782828,
      "row_count": 1417
    },
    {
      "elapsed_sec": 0.0009687170386314392,
      "is_warmup": false,
      "iteration": 1343,
      "native_traversal_sec": 0.000928205,
      "row_count": 1417
    },
    {
      "elapsed_sec": 0.000844217836856842,
      "is_warmup": false,
      "iteration": 1344,
      "native_traversal_sec": 0.000804389,
      "row_count": 1417
    },
    {
      "elapsed_sec": 0.0008000433444976807,
      "is_warmup": false,
      "iteration": 1345,
      "native_traversal_sec": 0.000759755,
      "row_count": 1417
    },
    {
      "elapsed_sec": 0.0007758885622024536,
      "is_warmup": false,
      "iteration": 1346,
      "native_traversal_sec": 0.000735137,
      "row_count": 1417
    },
    {
      "elapsed_sec": 0.0007673799991607666,
      "is_warmup": false,
      "iteration": 1347,
      "native_traversal_sec": 0.000727422,
      "row_count": 1417
    },
    {
      "elapsed_sec": 0.0008164867758750916,
      "is_warmup": false,
      "iteration": 1348,
      "native_traversal_sec": 0.000776827,
      "row_count": 1417
    },
    {
      "elapsed_sec": 0.0007988736033439636,
      "is_warmup": false,
      "iteration": 1349,
      "native_traversal_sec": 0.000758702,
      "row_count": 1417
    },
    {
      "elapsed_sec": 0.0007924139499664307,
      "is_warmup": false,
      "iteration": 1350,
      "native_traversal_sec": 0.0007526,
      "row_count": 1417
    },
    {
      "elapsed_sec": 0.0007874965667724609,
      "is_warmup": false,
      "iteration": 1351,
      "native_traversal_sec": 0.000746869,
      "row_count": 1417
    },
    {
      "elapsed_sec": 0.0007776990532875061,
      "is_warmup": false,
      "iteration": 1352,
      "native_traversal_sec": 0.000737532,
      "row_count": 1417
    },
    {
      "elapsed_sec": 0.0009942427277565002,
      "is_warmup": false,
      "iteration": 1353,
      "native_traversal_sec": 0.000953963,
      "row_count": 1417
    },
    {
      "elapsed_sec": 0.0008109584450721741,
      "is_warmup": false,
      "iteration": 1354,
      "native_traversal_sec": 0.000770434,
      "row_count": 1417
    },
    {
      "elapsed_sec": 0.000815272331237793,
      "is_warmup": false,
      "iteration": 1355,
      "native_traversal_sec": 0.000774132,
      "row_count": 1417
    },
    {
      "elapsed_sec": 0.0008445456624031067,
      "is_warmup": false,
      "iteration": 1356,
      "native_traversal_sec": 0.000804359,
      "row_count": 1417
    },
    {
      "elapsed_sec": 0.000827103853225708,
      "is_warmup": false,
      "iteration": 1357,
      "native_traversal_sec": 0.000784391,
      "row_count": 1417
    },
    {
      "elapsed_sec": 0.0008370578289031982,
      "is_warmup": false,
      "iteration": 1358,
      "native_traversal_sec": 0.000795752,
      "row_count": 1417
    },
    {
      "elapsed_sec": 0.0008618012070655823,
      "is_warmup": false,
      "iteration": 1359,
      "native_traversal_sec": 0.00082093,
      "row_count": 1417
    },
    {
      "elapsed_sec": 0.0008284226059913635,
      "is_warmup": false,
      "iteration": 1360,
      "native_traversal_sec": 0.000786796,
      "row_count": 1417
    },
    {
      "elapsed_sec": 0.000874638557434082,
      "is_warmup": false,
      "iteration": 1361,
      "native_traversal_sec": 0.000834777,
      "row_count": 1417
    },
    {
      "elapsed_sec": 0.0007982626557350159,
      "is_warmup": false,
      "iteration": 1362,
      "native_traversal_sec": 0.000756809,
      "row_count": 1417
    },
    {
      "elapsed_sec": 0.0008987560868263245,
      "is_warmup": false,
      "iteration": 1363,
      "native_traversal_sec": 0.000820981,
      "row_count": 1417
    },
    {
      "elapsed_sec": 0.0007855445146560669,
      "is_warmup": false,
      "iteration": 1364,
      "native_traversal_sec": 0.00074179,
      "row_count": 1417
    },
    {
      "elapsed_sec": 0.0007972866296768188,
      "is_warmup": false,
      "iteration": 1365,
      "native_traversal_sec": 0.000755266,
      "row_count": 1417
    },
    {
      "elapsed_sec": 0.0008306950330734253,
      "is_warmup": false,
      "iteration": 1366,
      "native_traversal_sec": 0.000790563,
      "row_count": 1417
    },
    {
      "elapsed_sec": 0.000817619264125824,
      "is_warmup": false,
      "iteration": 1367,
      "native_traversal_sec": 0.000777137,
      "row_count": 1417
    },
    {
      "elapsed_sec": 0.0007467269897460938,
      "is_warmup": false,
      "iteration": 1368,
      "native_traversal_sec": 0.000706303,
      "row_count": 1417
    },
    {
      "elapsed_sec": 0.0006954222917556763,
      "is_warmup": false,
      "iteration": 1369,
      "native_traversal_sec": 0.000655676,
      "row_count": 1417
    },
    {
      "elapsed_sec": 0.0007830113172531128,
      "is_warmup": false,
      "iteration": 1370,
      "native_traversal_sec": 0.000743634,
      "row_count": 1417
    },
    {
      "elapsed_sec": 0.0006954073905944824,
      "is_warmup": false,
      "iteration": 1371,
      "native_traversal_sec": 0.000656258,
      "row_count": 1417
    },
    {
      "elapsed_sec": 0.0007958635687828064,
      "is_warmup": false,
      "iteration": 1372,
      "native_traversal_sec": 0.000756708,
      "row_count": 1417
    },
    {
      "elapsed_sec": 0.0009092390537261963,
      "is_warmup": false,
      "iteration": 1373,
      "native_traversal_sec": 0.000868591,
      "row_count": 1417
    },
    {
      "elapsed_sec": 0.000816836953163147,
      "is_warmup": false,
      "iteration": 1374,
      "native_traversal_sec": 0.000776516,
      "row_count": 1417
    },
    {
      "elapsed_sec": 0.0008076578378677368,
      "is_warmup": false,
      "iteration": 1375,
      "native_traversal_sec": 0.000766367,
      "row_count": 1417
    },
    {
      "elapsed_sec": 0.000845685601234436,
      "is_warmup": false,
      "iteration": 1376,
      "native_traversal_sec": 0.000804849,
      "row_count": 1417
    },
    {
      "elapsed_sec": 0.0007960498332977295,
      "is_warmup": false,
      "iteration": 1377,
      "native_traversal_sec": 0.000754784,
      "row_count": 1417
    },
    {
      "elapsed_sec": 0.0008192434906959534,
      "is_warmup": false,
      "iteration": 1378,
      "native_traversal_sec": 0.00077859,
      "row_count": 1417
    },
    {
      "elapsed_sec": 0.0008399039506912231,
      "is_warmup": false,
      "iteration": 1379,
      "native_traversal_sec": 0.000798328,
      "row_count": 1417
    },
    {
      "elapsed_sec": 0.0008067935705184937,
      "is_warmup": false,
      "iteration": 1380,
      "native_traversal_sec": 0.000766357,
      "row_count": 1417
    },
    {
      "elapsed_sec": 0.000796094536781311,
      "is_warmup": false,
      "iteration": 1381,
      "native_traversal_sec": 0.000755036,
      "row_count": 1417
    },
    {
      "elapsed_sec": 0.0008563324809074402,
      "is_warmup": false,
      "iteration": 1382,
      "native_traversal_sec": 0.000816171,
      "row_count": 1417
    },
    {
      "elapsed_sec": 0.0007907077670097351,
      "is_warmup": false,
      "iteration": 1383,
      "native_traversal_sec": 0.000750877,
      "row_count": 1417
    },
    {
      "elapsed_sec": 0.0007861331105232239,
      "is_warmup": false,
      "iteration": 1384,
      "native_traversal_sec": 0.000746179,
      "row_count": 1417
    },
    {
      "elapsed_sec": 0.0008026733994483948,
      "is_warmup": false,
      "iteration": 1385,
      "native_traversal_sec": 0.00076257,
      "row_count": 1417
    },
    {
      "elapsed_sec": 0.0007421225309371948,
      "is_warmup": false,
      "iteration": 1386,
      "native_traversal_sec": 0.000700792,
      "row_count": 1417
    },
    {
      "elapsed_sec": 0.0008147358894348145,
      "is_warmup": false,
      "iteration": 1387,
      "native_traversal_sec": 0.000775434,
      "row_count": 1417
    },
    {
      "elapsed_sec": 0.0007933825254440308,
      "is_warmup": false,
      "iteration": 1388,
      "native_traversal_sec": 0.000753011,
      "row_count": 1417
    },
    {
      "elapsed_sec": 0.0008501112461090088,
      "is_warmup": false,
      "iteration": 1389,
      "native_traversal_sec": 0.000810832,
      "row_count": 1417
    },
    {
      "elapsed_sec": 0.000816047191619873,
      "is_warmup": false,
      "iteration": 1390,
      "native_traversal_sec": 0.000775383,
      "row_count": 1417
    },
    {
      "elapsed_sec": 0.0007873997092247009,
      "is_warmup": false,
      "iteration": 1391,
      "native_traversal_sec": 0.000746289,
      "row_count": 1417
    },
    {
      "elapsed_sec": 0.0007597282528877258,
      "is_warmup": false,
      "iteration": 1392,
      "native_traversal_sec": 0.000718946,
      "row_count": 1417
    },
    {
      "elapsed_sec": 0.0007979273796081543,
      "is_warmup": false,
      "iteration": 1393,
      "native_traversal_sec": 0.000759073,
      "row_count": 1417
    },
    {
      "elapsed_sec": 0.0007763803005218506,
      "is_warmup": false,
      "iteration": 1394,
      "native_traversal_sec": 0.00073648,
      "row_count": 1417
    },
    {
      "elapsed_sec": 0.0007919296622276306,
      "is_warmup": false,
      "iteration": 1395,
      "native_traversal_sec": 0.000751899,
      "row_count": 1417
    },
    {
      "elapsed_sec": 0.0007547065615653992,
      "is_warmup": false,
      "iteration": 1396,
      "native_traversal_sec": 0.000715049,
      "row_count": 1417
    },
    {
      "elapsed_sec": 0.0007930770516395569,
      "is_warmup": false,
      "iteration": 1397,
      "native_traversal_sec": 0.000753162,
      "row_count": 1417
    },
    {
      "elapsed_sec": 0.0007568374276161194,
      "is_warmup": false,
      "iteration": 1398,
      "native_traversal_sec": 0.000716512,
      "row_count": 1417
    },
    {
      "elapsed_sec": 0.0008016452193260193,
      "is_warmup": false,
      "iteration": 1399,
      "native_traversal_sec": 0.000761769,
      "row_count": 1417
    },
    {
      "elapsed_sec": 0.0007816329598426819,
      "is_warmup": false,
      "iteration": 1400,
      "native_traversal_sec": 0.000742161,
      "row_count": 1417
    },
    {
      "elapsed_sec": 0.000753939151763916,
      "is_warmup": false,
      "iteration": 1401,
      "native_traversal_sec": 0.000714729,
      "row_count": 1417
    },
    {
      "elapsed_sec": 0.0007406920194625854,
      "is_warmup": false,
      "iteration": 1402,
      "native_traversal_sec": 0.000701463,
      "row_count": 1417
    },
    {
      "elapsed_sec": 0.0009632930159568787,
      "is_warmup": false,
      "iteration": 1403,
      "native_traversal_sec": 0.000924337,
      "row_count": 1417
    },
    {
      "elapsed_sec": 0.0007719323039054871,
      "is_warmup": false,
      "iteration": 1404,
      "native_traversal_sec": 0.00073112,
      "row_count": 1417
    },
    {
      "elapsed_sec": 0.0008191466331481934,
      "is_warmup": false,
      "iteration": 1405,
      "native_traversal_sec": 0.00077871,
      "row_count": 1417
    },
    {
      "elapsed_sec": 0.0008139312267303467,
      "is_warmup": false,
      "iteration": 1406,
      "native_traversal_sec": 0.000772569,
      "row_count": 1417
    },
    {
      "elapsed_sec": 0.0008212476968765259,
      "is_warmup": false,
      "iteration": 1407,
      "native_traversal_sec": 0.000777619,
      "row_count": 1417
    },
    {
      "elapsed_sec": 0.0007917657494544983,
      "is_warmup": false,
      "iteration": 1408,
      "native_traversal_sec": 0.000751097,
      "row_count": 1417
    },
    {
      "elapsed_sec": 0.000805199146270752,
      "is_warmup": false,
      "iteration": 1409,
      "native_traversal_sec": 0.000764493,
      "row_count": 1417
    },
    {
      "elapsed_sec": 0.0007683485746383667,
      "is_warmup": false,
      "iteration": 1410,
      "native_traversal_sec": 0.000728444,
      "row_count": 1417
    },
    {
      "elapsed_sec": 0.0007824152708053589,
      "is_warmup": false,
      "iteration": 1411,
      "native_traversal_sec": 0.000742061,
      "row_count": 1417
    },
    {
      "elapsed_sec": 0.0007520169019699097,
      "is_warmup": false,
      "iteration": 1412,
      "native_traversal_sec": 0.000711683,
      "row_count": 1417
    },
    {
      "elapsed_sec": 0.0009592846035957336,
      "is_warmup": false,
      "iteration": 1413,
      "native_traversal_sec": 0.000881225,
      "row_count": 1417
    },
    {
      "elapsed_sec": 0.0007910281419754028,
      "is_warmup": false,
      "iteration": 1414,
      "native_traversal_sec": 0.000750176,
      "row_count": 1417
    },
    {
      "elapsed_sec": 0.0006976500153541565,
      "is_warmup": false,
      "iteration": 1415,
      "native_traversal_sec": 0.000657018,
      "row_count": 1417
    },
    {
      "elapsed_sec": 0.000752374529838562,
      "is_warmup": false,
      "iteration": 1416,
      "native_traversal_sec": 0.000712044,
      "row_count": 1417
    },
    {
      "elapsed_sec": 0.0007637515664100647,
      "is_warmup": false,
      "iteration": 1417,
      "native_traversal_sec": 0.000722544,
      "row_count": 1417
    },
    {
      "elapsed_sec": 0.0007698610424995422,
      "is_warmup": false,
      "iteration": 1418,
      "native_traversal_sec": 0.000730018,
      "row_count": 1417
    },
    {
      "elapsed_sec": 0.0008123219013214111,
      "is_warmup": false,
      "iteration": 1419,
      "native_traversal_sec": 0.000771146,
      "row_count": 1417
    },
    {
      "elapsed_sec": 0.0007645785808563232,
      "is_warmup": false,
      "iteration": 1420,
      "native_traversal_sec": 0.000723766,
      "row_count": 1417
    },
    {
      "elapsed_sec": 0.0008464455604553223,
      "is_warmup": false,
      "iteration": 1421,
      "native_traversal_sec": 0.0008053,
      "row_count": 1417
    },
    {
      "elapsed_sec": 0.0007856190204620361,
      "is_warmup": false,
      "iteration": 1422,
      "native_traversal_sec": 0.000742672,
      "row_count": 1417
    },
    {
      "elapsed_sec": 0.0009175539016723633,
      "is_warmup": false,
      "iteration": 1423,
      "native_traversal_sec": 0.000876326,
      "row_count": 1417
    },
    {
      "elapsed_sec": 0.0008138343691825867,
      "is_warmup": false,
      "iteration": 1424,
      "native_traversal_sec": 0.000771967,
      "row_count": 1417
    },
    {
      "elapsed_sec": 0.0008476302027702332,
      "is_warmup": false,
      "iteration": 1425,
      "native_traversal_sec": 0.000806563,
      "row_count": 1417
    },
    {
      "elapsed_sec": 0.0008484199643135071,
      "is_warmup": false,
      "iteration": 1426,
      "native_traversal_sec": 0.000807044,
      "row_count": 1417
    },
    {
      "elapsed_sec": 0.0008604824542999268,
      "is_warmup": false,
      "iteration": 1427,
      "native_traversal_sec": 0.000819808,
      "row_count": 1417
    },
    {
      "elapsed_sec": 0.00079316645860672,
      "is_warmup": false,
      "iteration": 1428,
      "native_traversal_sec": 0.00075235,
      "row_count": 1417
    },
    {
      "elapsed_sec": 0.0008323937654495239,
      "is_warmup": false,
      "iteration": 1429,
      "native_traversal_sec": 0.000791866,
      "row_count": 1417
    },
    {
      "elapsed_sec": 0.0008185654878616333,
      "is_warmup": false,
      "iteration": 1430,
      "native_traversal_sec": 0.000778009,
      "row_count": 1417
    },
    {
      "elapsed_sec": 0.000824369490146637,
      "is_warmup": false,
      "iteration": 1431,
      "native_traversal_sec": 0.000783008,
      "row_count": 1417
    },
    {
      "elapsed_sec": 0.00086192786693573,
      "is_warmup": false,
      "iteration": 1432,
      "native_traversal_sec": 0.00082042,
      "row_count": 1417
    },
    {
      "elapsed_sec": 0.00079336017370224,
      "is_warmup": false,
      "iteration": 1433,
      "native_traversal_sec": 0.000753422,
      "row_count": 1417
    },
    {
      "elapsed_sec": 0.0008066892623901367,
      "is_warmup": false,
      "iteration": 1434,
      "native_traversal_sec": 0.000766096,
      "row_count": 1417
    },
    {
      "elapsed_sec": 0.0008351951837539673,
      "is_warmup": false,
      "iteration": 1435,
      "native_traversal_sec": 0.000793859,
      "row_count": 1417
    },
    {
      "elapsed_sec": 0.0008270218968391418,
      "is_warmup": false,
      "iteration": 1436,
      "native_traversal_sec": 0.000785503,
      "row_count": 1417
    },
    {
      "elapsed_sec": 0.0007986128330230713,
      "is_warmup": false,
      "iteration": 1437,
      "native_traversal_sec": 0.000756869,
      "row_count": 1417
    },
    {
      "elapsed_sec": 0.0007874071598052979,
      "is_warmup": false,
      "iteration": 1438,
      "native_traversal_sec": 0.00074681,
      "row_count": 1417
    },
    {
      "elapsed_sec": 0.000801481306552887,
      "is_warmup": false,
      "iteration": 1439,
      "native_traversal_sec": 0.000760475,
      "row_count": 1417
    },
    {
      "elapsed_sec": 0.0008309409022331238,
      "is_warmup": false,
      "iteration": 1440,
      "native_traversal_sec": 0.00078919,
      "row_count": 1417
    },
    {
      "elapsed_sec": 0.000818789005279541,
      "is_warmup": false,
      "iteration": 1441,
      "native_traversal_sec": 0.000777177,
      "row_count": 1417
    },
    {
      "elapsed_sec": 0.0009092539548873901,
      "is_warmup": false,
      "iteration": 1442,
      "native_traversal_sec": 0.000867389,
      "row_count": 1417
    },
    {
      "elapsed_sec": 0.0008898824453353882,
      "is_warmup": false,
      "iteration": 1443,
      "native_traversal_sec": 0.000848493,
      "row_count": 1417
    },
    {
      "elapsed_sec": 0.0007733553647994995,
      "is_warmup": false,
      "iteration": 1444,
      "native_traversal_sec": 0.000732402,
      "row_count": 1417
    },
    {
      "elapsed_sec": 0.0008602216839790344,
      "is_warmup": false,
      "iteration": 1445,
      "native_traversal_sec": 0.000819618,
      "row_count": 1417
    },
    {
      "elapsed_sec": 0.0007648468017578125,
      "is_warmup": false,
      "iteration": 1446,
      "native_traversal_sec": 0.000723545,
      "row_count": 1417
    },
    {
      "elapsed_sec": 0.0008072629570960999,
      "is_warmup": false,
      "iteration": 1447,
      "native_traversal_sec": 0.000767108,
      "row_count": 1417
    },
    {
      "elapsed_sec": 0.0008284673094749451,
      "is_warmup": false,
      "iteration": 1448,
      "native_traversal_sec": 0.000787738,
      "row_count": 1417
    },
    {
      "elapsed_sec": 0.0007982701063156128,
      "is_warmup": false,
      "iteration": 1449,
      "native_traversal_sec": 0.00075756,
      "row_count": 1417
    },
    {
      "elapsed_sec": 0.0008479952812194824,
      "is_warmup": false,
      "iteration": 1450,
      "native_traversal_sec": 0.000806132,
      "row_count": 1417
    },
    {
      "elapsed_sec": 0.0008281320333480835,
      "is_warmup": false,
      "iteration": 1451,
      "native_traversal_sec": 0.000787016,
      "row_count": 1417
    },
    {
      "elapsed_sec": 0.0008510425686836243,
      "is_warmup": false,
      "iteration": 1452,
      "native_traversal_sec": 0.000804639,
      "row_count": 1417
    },
    {
      "elapsed_sec": 0.0008914992213249207,
      "is_warmup": false,
      "iteration": 1453,
      "native_traversal_sec": 0.000849655,
      "row_count": 1417
    },
    {
      "elapsed_sec": 0.0007919073104858398,
      "is_warmup": false,
      "iteration": 1454,
      "native_traversal_sec": 0.000750587,
      "row_count": 1417
    },
    {
      "elapsed_sec": 0.000846564769744873,
      "is_warmup": false,
      "iteration": 1455,
      "native_traversal_sec": 0.000805922,
      "row_count": 1417
    },
    {
      "elapsed_sec": 0.0008217766880989075,
      "is_warmup": false,
      "iteration": 1456,
      "native_traversal_sec": 0.000780934,
      "row_count": 1417
    },
    {
      "elapsed_sec": 0.0008376315236091614,
      "is_warmup": false,
      "iteration": 1457,
      "native_traversal_sec": 0.000797145,
      "row_count": 1417
    },
    {
      "elapsed_sec": 0.0008309036493301392,
      "is_warmup": false,
      "iteration": 1458,
      "native_traversal_sec": 0.000790082,
      "row_count": 1417
    },
    {
      "elapsed_sec": 0.0008553862571716309,
      "is_warmup": false,
      "iteration": 1459,
      "native_traversal_sec": 0.000814719,
      "row_count": 1417
    },
    {
      "elapsed_sec": 0.0008302256464958191,
      "is_warmup": false,
      "iteration": 1460,
      "native_traversal_sec": 0.000789752,
      "row_count": 1417
    },
    {
      "elapsed_sec": 0.0009428933262825012,
      "is_warmup": false,
      "iteration": 1461,
      "native_traversal_sec": 0.000901965,
      "row_count": 1417
    },
    {
      "elapsed_sec": 0.0008178874850273132,
      "is_warmup": false,
      "iteration": 1462,
      "native_traversal_sec": 0.000776165,
      "row_count": 1417
    },
    {
      "elapsed_sec": 0.0008689910173416138,
      "is_warmup": false,
      "iteration": 1463,
      "native_traversal_sec": 0.000827002,
      "row_count": 1417
    },
    {
      "elapsed_sec": 0.0008128955960273743,
      "is_warmup": false,
      "iteration": 1464,
      "native_traversal_sec": 0.000763922,
      "row_count": 1417
    },
    {
      "elapsed_sec": 0.0007964149117469788,
      "is_warmup": false,
      "iteration": 1465,
      "native_traversal_sec": 0.000755365,
      "row_count": 1417
    },
    {
      "elapsed_sec": 0.0008121728897094727,
      "is_warmup": false,
      "iteration": 1466,
      "native_traversal_sec": 0.000771426,
      "row_count": 1417
    },
    {
      "elapsed_sec": 0.000829845666885376,
      "is_warmup": false,
      "iteration": 1467,
      "native_traversal_sec": 0.00078921,
      "row_count": 1417
    },
    {
      "elapsed_sec": 0.0008075907826423645,
      "is_warmup": false,
      "iteration": 1468,
      "native_traversal_sec": 0.000766277,
      "row_count": 1417
    },
    {
      "elapsed_sec": 0.000822998583316803,
      "is_warmup": false,
      "iteration": 1469,
      "native_traversal_sec": 0.000782297,
      "row_count": 1417
    },
    {
      "elapsed_sec": 0.0008253753185272217,
      "is_warmup": false,
      "iteration": 1470,
      "native_traversal_sec": 0.000784752,
      "row_count": 1417
    },
    {
      "elapsed_sec": 0.000903204083442688,
      "is_warmup": false,
      "iteration": 1471,
      "native_traversal_sec": 0.000862089,
      "row_count": 1417
    },
    {
      "elapsed_sec": 0.0008333474397659302,
      "is_warmup": false,
      "iteration": 1472,
      "native_traversal_sec": 0.000791785,
      "row_count": 1417
    },
    {
      "elapsed_sec": 0.0007999464869499207,
      "is_warmup": false,
      "iteration": 1473,
      "native_traversal_sec": 0.000758251,
      "row_count": 1417
    },
    {
      "elapsed_sec": 0.0008200109004974365,
      "is_warmup": false,
      "iteration": 1474,
      "native_traversal_sec": 0.000778671,
      "row_count": 1417
    },
    {
      "elapsed_sec": 0.0008398815989494324,
      "is_warmup": false,
      "iteration": 1475,
      "native_traversal_sec": 0.00079932,
      "row_count": 1417
    },
    {
      "elapsed_sec": 0.0008405372500419617,
      "is_warmup": false,
      "iteration": 1476,
      "native_traversal_sec": 0.000799951,
      "row_count": 1417
    },
    {
      "elapsed_sec": 0.0008467435836791992,
      "is_warmup": false,
      "iteration": 1477,
      "native_traversal_sec": 0.000806023,
      "row_count": 1417
    },
    {
      "elapsed_sec": 0.0007801279425621033,
      "is_warmup": false,
      "iteration": 1478,
      "native_traversal_sec": 0.000738353,
      "row_count": 1417
    },
    {
      "elapsed_sec": 0.0007902085781097412,
      "is_warmup": false,
      "iteration": 1479,
      "native_traversal_sec": 0.000750677,
      "row_count": 1417
    },
    {
      "elapsed_sec": 0.0010043829679489136,
      "is_warmup": false,
      "iteration": 1480,
      "native_traversal_sec": 0.000964633,
      "row_count": 1417
    },
    {
      "elapsed_sec": 0.0007672309875488281,
      "is_warmup": false,
      "iteration": 1481,
      "native_traversal_sec": 0.000726671,
      "row_count": 1417
    },
    {
      "elapsed_sec": 0.0008377954363822937,
      "is_warmup": false,
      "iteration": 1482,
      "native_traversal_sec": 0.000796895,
      "row_count": 1417
    },
    {
      "elapsed_sec": 0.0008250623941421509,
      "is_warmup": false,
      "iteration": 1483,
      "native_traversal_sec": 0.00077851,
      "row_count": 1417
    },
    {
      "elapsed_sec": 0.0007919371128082275,
      "is_warmup": false,
      "iteration": 1484,
      "native_traversal_sec": 0.000750326,
      "row_count": 1417
    },
    {
      "elapsed_sec": 0.0007574558258056641,
      "is_warmup": false,
      "iteration": 1485,
      "native_traversal_sec": 0.000716471,
      "row_count": 1417
    },
    {
      "elapsed_sec": 0.000797756016254425,
      "is_warmup": false,
      "iteration": 1486,
      "native_traversal_sec": 0.000756568,
      "row_count": 1417
    },
    {
      "elapsed_sec": 0.0007843226194381714,
      "is_warmup": false,
      "iteration": 1487,
      "native_traversal_sec": 0.000742862,
      "row_count": 1417
    },
    {
      "elapsed_sec": 0.0007966235280036926,
      "is_warmup": false,
      "iteration": 1488,
      "native_traversal_sec": 0.000755446,
      "row_count": 1417
    },
    {
      "elapsed_sec": 0.0007743611931800842,
      "is_warmup": false,
      "iteration": 1489,
      "native_traversal_sec": 0.000733174,
      "row_count": 1417
    },
    {
      "elapsed_sec": 0.0008606314659118652,
      "is_warmup": false,
      "iteration": 1490,
      "native_traversal_sec": 0.000820299,
      "row_count": 1417
    },
    {
      "elapsed_sec": 0.0008292421698570251,
      "is_warmup": false,
      "iteration": 1491,
      "native_traversal_sec": 0.000788379,
      "row_count": 1417
    },
    {
      "elapsed_sec": 0.00080098956823349,
      "is_warmup": false,
      "iteration": 1492,
      "native_traversal_sec": 0.000759184,
      "row_count": 1417
    },
    {
      "elapsed_sec": 0.000810675323009491,
      "is_warmup": false,
      "iteration": 1493,
      "native_traversal_sec": 0.000769272,
      "row_count": 1417
    },
    {
      "elapsed_sec": 0.0008101910352706909,
      "is_warmup": false,
      "iteration": 1494,
      "native_traversal_sec": 0.000768822,
      "row_count": 1417
    },
    {
      "elapsed_sec": 0.000866420567035675,
      "is_warmup": false,
      "iteration": 1495,
      "native_traversal_sec": 0.000825629,
      "row_count": 1417
    },
    {
      "elapsed_sec": 0.000816933810710907,
      "is_warmup": false,
      "iteration": 1496,
      "native_traversal_sec": 0.000775143,
      "row_count": 1417
    },
    {
      "elapsed_sec": 0.0007927045226097107,
      "is_warmup": false,
      "iteration": 1497,
      "native_traversal_sec": 0.000751228,
      "row_count": 1417
    },
    {
      "elapsed_sec": 0.0007979869842529297,
      "is_warmup": false,
      "iteration": 1498,
      "native_traversal_sec": 0.000756207,
      "row_count": 1417
    },
    {
      "elapsed_sec": 0.0007836967706680298,
      "is_warmup": false,
      "iteration": 1499,
      "native_traversal_sec": 0.000742391,
      "row_count": 1417
    },
    {
      "elapsed_sec": 0.0008888989686965942,
      "is_warmup": false,
      "iteration": 1500,
      "native_traversal_sec": 0.000847461,
      "row_count": 1417
    },
    {
      "elapsed_sec": 0.0008338168263435364,
      "is_warmup": false,
      "iteration": 1501,
      "native_traversal_sec": 0.000794079,
      "row_count": 1417
    },
    {
      "elapsed_sec": 0.0007597729563713074,
      "is_warmup": false,
      "iteration": 1502,
      "native_traversal_sec": 0.000718165,
      "row_count": 1417
    },
    {
      "elapsed_sec": 0.0007455870509147644,
      "is_warmup": false,
      "iteration": 1503,
      "native_traversal_sec": 0.000704489,
      "row_count": 1417
    },
    {
      "elapsed_sec": 0.000779859721660614,
      "is_warmup": false,
      "iteration": 1504,
      "native_traversal_sec": 0.000738343,
      "row_count": 1417
    },
    {
      "elapsed_sec": 0.0008054375648498535,
      "is_warmup": false,
      "iteration": 1505,
      "native_traversal_sec": 0.000764433,
      "row_count": 1417
    },
    {
      "elapsed_sec": 0.000800110399723053,
      "is_warmup": false,
      "iteration": 1506,
      "native_traversal_sec": 0.000759324,
      "row_count": 1417
    },
    {
      "elapsed_sec": 0.0007689520716667175,
      "is_warmup": false,
      "iteration": 1507,
      "native_traversal_sec": 0.000728515,
      "row_count": 1417
    },
    {
      "elapsed_sec": 0.0007927268743515015,
      "is_warmup": false,
      "iteration": 1508,
      "native_traversal_sec": 0.000750026,
      "row_count": 1417
    },
    {
      "elapsed_sec": 0.0008120611310005188,
      "is_warmup": false,
      "iteration": 1509,
      "native_traversal_sec": 0.000770405,
      "row_count": 1417
    },
    {
      "elapsed_sec": 0.00092305988073349,
      "is_warmup": false,
      "iteration": 1510,
      "native_traversal_sec": 0.000881606,
      "row_count": 1417
    },
    {
      "elapsed_sec": 0.0008095577359199524,
      "is_warmup": false,
      "iteration": 1511,
      "native_traversal_sec": 0.00076802,
      "row_count": 1417
    },
    {
      "elapsed_sec": 0.0008247643709182739,
      "is_warmup": false,
      "iteration": 1512,
      "native_traversal_sec": 0.000783529,
      "row_count": 1417
    },
    {
      "elapsed_sec": 0.0008621737360954285,
      "is_warmup": false,
      "iteration": 1513,
      "native_traversal_sec": 0.000821662,
      "row_count": 1417
    },
    {
      "elapsed_sec": 0.0007907450199127197,
      "is_warmup": false,
      "iteration": 1514,
      "native_traversal_sec": 0.000749465,
      "row_count": 1417
    },
    {
      "elapsed_sec": 0.0008153319358825684,
      "is_warmup": false,
      "iteration": 1515,
      "native_traversal_sec": 0.000774863,
      "row_count": 1417
    },
    {
      "elapsed_sec": 0.000776536762714386,
      "is_warmup": false,
      "iteration": 1516,
      "native_traversal_sec": 0.000735178,
      "row_count": 1417
    },
    {
      "elapsed_sec": 0.0008446723222732544,
      "is_warmup": false,
      "iteration": 1517,
      "native_traversal_sec": 0.000804299,
      "row_count": 1417
    },
    {
      "elapsed_sec": 0.0008215829730033875,
      "is_warmup": false,
      "iteration": 1518,
      "native_traversal_sec": 0.000781135,
      "row_count": 1417
    },
    {
      "elapsed_sec": 0.000801578164100647,
      "is_warmup": false,
      "iteration": 1519,
      "native_traversal_sec": 0.000759684,
      "row_count": 1417
    },
    {
      "elapsed_sec": 0.0009379833936691284,
      "is_warmup": false,
      "iteration": 1520,
      "native_traversal_sec": 0.000861918,
      "row_count": 1417
    },
    {
      "elapsed_sec": 0.0007763206958770752,
      "is_warmup": false,
      "iteration": 1521,
      "native_traversal_sec": 0.000734636,
      "row_count": 1417
    },
    {
      "elapsed_sec": 0.0007588192820549011,
      "is_warmup": false,
      "iteration": 1522,
      "native_traversal_sec": 0.000718055,
      "row_count": 1417
    },
    {
      "elapsed_sec": 0.0007159337401390076,
      "is_warmup": false,
      "iteration": 1523,
      "native_traversal_sec": 0.000676126,
      "row_count": 1417
    },
    {
      "elapsed_sec": 0.000829741358757019,
      "is_warmup": false,
      "iteration": 1524,
      "native_traversal_sec": 0.000788028,
      "row_count": 1417
    },
    {
      "elapsed_sec": 0.0007952749729156494,
      "is_warmup": false,
      "iteration": 1525,
      "native_traversal_sec": 0.000753583,
      "row_count": 1417
    },
    {
      "elapsed_sec": 0.0007930919528007507,
      "is_warmup": false,
      "iteration": 1526,
      "native_traversal_sec": 0.000752691,
      "row_count": 1417
    },
    {
      "elapsed_sec": 0.0007857903838157654,
      "is_warmup": false,
      "iteration": 1527,
      "native_traversal_sec": 0.000745006,
      "row_count": 1417
    },
    {
      "elapsed_sec": 0.0007661134004592896,
      "is_warmup": false,
      "iteration": 1528,
      "native_traversal_sec": 0.000724818,
      "row_count": 1417
    },
    {
      "elapsed_sec": 0.0007953643798828125,
      "is_warmup": false,
      "iteration": 1529,
      "native_traversal_sec": 0.000754464,
      "row_count": 1417
    },
    {
      "elapsed_sec": 0.000921107828617096,
      "is_warmup": false,
      "iteration": 1530,
      "native_traversal_sec": 0.000842251,
      "row_count": 1417
    },
    {
      "elapsed_sec": 0.0007884949445724487,
      "is_warmup": false,
      "iteration": 1531,
      "native_traversal_sec": 0.000746539,
      "row_count": 1417
    },
    {
      "elapsed_sec": 0.0008236244320869446,
      "is_warmup": false,
      "iteration": 1532,
      "native_traversal_sec": 0.000782798,
      "row_count": 1417
    },
    {
      "elapsed_sec": 0.0007965266704559326,
      "is_warmup": false,
      "iteration": 1533,
      "native_traversal_sec": 0.000754835,
      "row_count": 1417
    },
    {
      "elapsed_sec": 0.0007911026477813721,
      "is_warmup": false,
      "iteration": 1534,
      "native_traversal_sec": 0.000751198,
      "row_count": 1417
    },
    {
      "elapsed_sec": 0.0007848143577575684,
      "is_warmup": false,
      "iteration": 1535,
      "native_traversal_sec": 0.000743113,
      "row_count": 1417
    },
    {
      "elapsed_sec": 0.0008026883006095886,
      "is_warmup": false,
      "iteration": 1536,
      "native_traversal_sec": 0.000761618,
      "row_count": 1417
    },
    {
      "elapsed_sec": 0.0008301511406898499,
      "is_warmup": false,
      "iteration": 1537,
      "native_traversal_sec": 0.000788278,
      "row_count": 1417
    },
    {
      "elapsed_sec": 0.0008326396346092224,
      "is_warmup": false,
      "iteration": 1538,
      "native_traversal_sec": 0.000790863,
      "row_count": 1417
    },
    {
      "elapsed_sec": 0.000995643436908722,
      "is_warmup": false,
      "iteration": 1539,
      "native_traversal_sec": 0.000954725,
      "row_count": 1417
    },
    {
      "elapsed_sec": 0.000804603099822998,
      "is_warmup": false,
      "iteration": 1540,
      "native_traversal_sec": 0.000763933,
      "row_count": 1417
    },
    {
      "elapsed_sec": 0.000823386013507843,
      "is_warmup": false,
      "iteration": 1541,
      "native_traversal_sec": 0.000782387,
      "row_count": 1417
    },
    {
      "elapsed_sec": 0.0008262470364570618,
      "is_warmup": false,
      "iteration": 1542,
      "native_traversal_sec": 0.000780354,
      "row_count": 1417
    },
    {
      "elapsed_sec": 0.0008287429809570312,
      "is_warmup": false,
      "iteration": 1543,
      "native_traversal_sec": 0.000785393,
      "row_count": 1417
    },
    {
      "elapsed_sec": 0.0008271560072898865,
      "is_warmup": false,
      "iteration": 1544,
      "native_traversal_sec": 0.000784211,
      "row_count": 1417
    },
    {
      "elapsed_sec": 0.0008379444479942322,
      "is_warmup": false,
      "iteration": 1545,
      "native_traversal_sec": 0.000796554,
      "row_count": 1417
    },
    {
      "elapsed_sec": 0.0008210912346839905,
      "is_warmup": false,
      "iteration": 1546,
      "native_traversal_sec": 0.000780824,
      "row_count": 1417
    },
    {
      "elapsed_sec": 0.0008522272109985352,
      "is_warmup": false,
      "iteration": 1547,
      "native_traversal_sec": 0.000810731,
      "row_count": 1417
    },
    {
      "elapsed_sec": 0.0008127614855766296,
      "is_warmup": false,
      "iteration": 1548,
      "native_traversal_sec": 0.000765064,
      "row_count": 1417
    },
    {
      "elapsed_sec": 0.0008739680051803589,
      "is_warmup": false,
      "iteration": 1549,
      "native_traversal_sec": 0.000832964,
      "row_count": 1417
    },
    {
      "elapsed_sec": 0.000804416835308075,
      "is_warmup": false,
      "iteration": 1550,
      "native_traversal_sec": 0.00076242,
      "row_count": 1417
    },
    {
      "elapsed_sec": 0.0007741674780845642,
      "is_warmup": false,
      "iteration": 1551,
      "native_traversal_sec": 0.000732413,
      "row_count": 1417
    },
    {
      "elapsed_sec": 0.0007739067077636719,
      "is_warmup": false,
      "iteration": 1552,
      "native_traversal_sec": 0.000733073,
      "row_count": 1417
    },
    {
      "elapsed_sec": 0.0007962435483932495,
      "is_warmup": false,
      "iteration": 1553,
      "native_traversal_sec": 0.000755146,
      "row_count": 1417
    },
    {
      "elapsed_sec": 0.0007103234529495239,
      "is_warmup": false,
      "iteration": 1554,
      "native_traversal_sec": 0.000669332,
      "row_count": 1417
    },
    {
      "elapsed_sec": 0.0006915852427482605,
      "is_warmup": false,
      "iteration": 1555,
      "native_traversal_sec": 0.00065251,
      "row_count": 1417
    },
    {
      "elapsed_sec": 0.000686153769493103,
      "is_warmup": false,
      "iteration": 1556,
      "native_traversal_sec": 0.000646809,
      "row_count": 1417
    },
    {
      "elapsed_sec": 0.0008075833320617676,
      "is_warmup": false,
      "iteration": 1557,
      "native_traversal_sec": 0.00076824,
      "row_count": 1417
    },
    {
      "elapsed_sec": 0.0008144453167915344,
      "is_warmup": false,
      "iteration": 1558,
      "native_traversal_sec": 0.00077316,
      "row_count": 1417
    },
    {
      "elapsed_sec": 0.0009689182043075562,
      "is_warmup": false,
      "iteration": 1559,
      "native_traversal_sec": 0.000928214,
      "row_count": 1417
    },
    {
      "elapsed_sec": 0.0008424967527389526,
      "is_warmup": false,
      "iteration": 1560,
      "native_traversal_sec": 0.000801193,
      "row_count": 1417
    },
    {
      "elapsed_sec": 0.0008230060338973999,
      "is_warmup": false,
      "iteration": 1561,
      "native_traversal_sec": 0.000781856,
      "row_count": 1417
    },
    {
      "elapsed_sec": 0.0007862895727157593,
      "is_warmup": false,
      "iteration": 1562,
      "native_traversal_sec": 0.000745266,
      "row_count": 1417
    },
    {
      "elapsed_sec": 0.0008113384246826172,
      "is_warmup": false,
      "iteration": 1563,
      "native_traversal_sec": 0.000764693,
      "row_count": 1417
    },
    {
      "elapsed_sec": 0.0007874667644500732,
      "is_warmup": false,
      "iteration": 1564,
      "native_traversal_sec": 0.000746529,
      "row_count": 1417
    },
    {
      "elapsed_sec": 0.0008857101202011108,
      "is_warmup": false,
      "iteration": 1565,
      "native_traversal_sec": 0.000845096,
      "row_count": 1417
    },
    {
      "elapsed_sec": 0.0008124113082885742,
      "is_warmup": false,
      "iteration": 1566,
      "native_traversal_sec": 0.000771587,
      "row_count": 1417
    },
    {
      "elapsed_sec": 0.0008268803358078003,
      "is_warmup": false,
      "iteration": 1567,
      "native_traversal_sec": 0.000786014,
      "row_count": 1417
    },
    {
      "elapsed_sec": 0.0008442029356956482,
      "is_warmup": false,
      "iteration": 1568,
      "native_traversal_sec": 0.000802696,
      "row_count": 1417
    },
    {
      "elapsed_sec": 0.0009055659174919128,
      "is_warmup": false,
      "iteration": 1569,
      "native_traversal_sec": 0.000863893,
      "row_count": 1417
    },
    {
      "elapsed_sec": 0.0008062422275543213,
      "is_warmup": false,
      "iteration": 1570,
      "native_traversal_sec": 0.000765145,
      "row_count": 1417
    },
    {
      "elapsed_sec": 0.0007798895239830017,
      "is_warmup": false,
      "iteration": 1571,
      "native_traversal_sec": 0.000738194,
      "row_count": 1417
    },
    {
      "elapsed_sec": 0.0007763803005218506,
      "is_warmup": false,
      "iteration": 1572,
      "native_traversal_sec": 0.000736029,
      "row_count": 1417
    },
    {
      "elapsed_sec": 0.0007743015885353088,
      "is_warmup": false,
      "iteration": 1573,
      "native_traversal_sec": 0.000733735,
      "row_count": 1417
    },
    {
      "elapsed_sec": 0.0007449612021446228,
      "is_warmup": false,
      "iteration": 1574,
      "native_traversal_sec": 0.00069987,
      "row_count": 1417
    },
    {
      "elapsed_sec": 0.0007736906409263611,
      "is_warmup": false,
      "iteration": 1575,
      "native_traversal_sec": 0.000733454,
      "row_count": 1417
    },
    {
      "elapsed_sec": 0.0008172467350959778,
      "is_warmup": false,
      "iteration": 1576,
      "native_traversal_sec": 0.000776787,
      "row_count": 1417
    },
    {
      "elapsed_sec": 0.0008293092250823975,
      "is_warmup": false,
      "iteration": 1577,
      "native_traversal_sec": 0.000788619,
      "row_count": 1417
    },
    {
      "elapsed_sec": 0.0007984638214111328,
      "is_warmup": false,
      "iteration": 1578,
      "native_traversal_sec": 0.0007577,
      "row_count": 1417
    },
    {
      "elapsed_sec": 0.0009066388010978699,
      "is_warmup": false,
      "iteration": 1579,
      "native_traversal_sec": 0.000865465,
      "row_count": 1417
    },
    {
      "elapsed_sec": 0.0007983222603797913,
      "is_warmup": false,
      "iteration": 1580,
      "native_traversal_sec": 0.00075737,
      "row_count": 1417
    },
    {
      "elapsed_sec": 0.00086936354637146,
      "is_warmup": false,
      "iteration": 1581,
      "native_traversal_sec": 0.000829286,
      "row_count": 1417
    },
    {
      "elapsed_sec": 0.0008656159043312073,
      "is_warmup": false,
      "iteration": 1582,
      "native_traversal_sec": 0.000824277,
      "row_count": 1417
    },
    {
      "elapsed_sec": 0.0008201301097869873,
      "is_warmup": false,
      "iteration": 1583,
      "native_traversal_sec": 0.000779612,
      "row_count": 1417
    },
    {
      "elapsed_sec": 0.0007902607321739197,
      "is_warmup": false,
      "iteration": 1584,
      "native_traversal_sec": 0.000748543,
      "row_count": 1417
    },
    {
      "elapsed_sec": 0.0007513761520385742,
      "is_warmup": false,
      "iteration": 1585,
      "native_traversal_sec": 0.00071034,
      "row_count": 1417
    },
    {
      "elapsed_sec": 0.0007527917623519897,
      "is_warmup": false,
      "iteration": 1586,
      "native_traversal_sec": 0.000713446,
      "row_count": 1417
    },
    {
      "elapsed_sec": 0.0008419901132583618,
      "is_warmup": false,
      "iteration": 1587,
      "native_traversal_sec": 0.000803327,
      "row_count": 1417
    },
    {
      "elapsed_sec": 0.0008100196719169617,
      "is_warmup": false,
      "iteration": 1588,
      "native_traversal_sec": 0.000770505,
      "row_count": 1417
    },
    {
      "elapsed_sec": 0.0007483959197998047,
      "is_warmup": false,
      "iteration": 1589,
      "native_traversal_sec": 0.000707946,
      "row_count": 1417
    },
    {
      "elapsed_sec": 0.0007881969213485718,
      "is_warmup": false,
      "iteration": 1590,
      "native_traversal_sec": 0.000748272,
      "row_count": 1417
    },
    {
      "elapsed_sec": 0.0007967725396156311,
      "is_warmup": false,
      "iteration": 1591,
      "native_traversal_sec": 0.000756889,
      "row_count": 1417
    },
    {
      "elapsed_sec": 0.0008103400468826294,
      "is_warmup": false,
      "iteration": 1592,
      "native_traversal_sec": 0.000769362,
      "row_count": 1417
    },
    {
      "elapsed_sec": 0.0008221417665481567,
      "is_warmup": false,
      "iteration": 1593,
      "native_traversal_sec": 0.000779281,
      "row_count": 1417
    },
    {
      "elapsed_sec": 0.0007819682359695435,
      "is_warmup": false,
      "iteration": 1594,
      "native_traversal_sec": 0.000741108,
      "row_count": 1417
    },
    {
      "elapsed_sec": 0.0008029043674468994,
      "is_warmup": false,
      "iteration": 1595,
      "native_traversal_sec": 0.0007628,
      "row_count": 1417
    },
    {
      "elapsed_sec": 0.0007741227746009827,
      "is_warmup": false,
      "iteration": 1596,
      "native_traversal_sec": 0.000733174,
      "row_count": 1417
    },
    {
      "elapsed_sec": 0.0007638633251190186,
      "is_warmup": false,
      "iteration": 1597,
      "native_traversal_sec": 0.000723435,
      "row_count": 1417
    },
    {
      "elapsed_sec": 0.0009260773658752441,
      "is_warmup": false,
      "iteration": 1598,
      "native_traversal_sec": 0.000885744,
      "row_count": 1417
    },
    {
      "elapsed_sec": 0.0008009225130081177,
      "is_warmup": false,
      "iteration": 1599,
      "native_traversal_sec": 0.000761146,
      "row_count": 1417
    },
    {
      "elapsed_sec": 0.0007685869932174683,
      "is_warmup": false,
      "iteration": 1600,
      "native_traversal_sec": 0.000727032,
      "row_count": 1417
    },
    {
      "elapsed_sec": 0.0007695406675338745,
      "is_warmup": false,
      "iteration": 1601,
      "native_traversal_sec": 0.000729016,
      "row_count": 1417
    },
    {
      "elapsed_sec": 0.0008843988180160522,
      "is_warmup": false,
      "iteration": 1602,
      "native_traversal_sec": 0.000843904,
      "row_count": 1417
    },
    {
      "elapsed_sec": 0.0007722079753875732,
      "is_warmup": false,
      "iteration": 1603,
      "native_traversal_sec": 0.000730508,
      "row_count": 1417
    },
    {
      "elapsed_sec": 0.0007731392979621887,
      "is_warmup": false,
      "iteration": 1604,
      "native_traversal_sec": 0.000732703,
      "row_count": 1417
    },
    {
      "elapsed_sec": 0.0007813870906829834,
      "is_warmup": false,
      "iteration": 1605,
      "native_traversal_sec": 0.000735578,
      "row_count": 1417
    },
    {
      "elapsed_sec": 0.0007337853312492371,
      "is_warmup": false,
      "iteration": 1606,
      "native_traversal_sec": 0.000693298,
      "row_count": 1417
    },
    {
      "elapsed_sec": 0.000835813581943512,
      "is_warmup": false,
      "iteration": 1607,
      "native_traversal_sec": 0.000795061,
      "row_count": 1417
    },
    {
      "elapsed_sec": 0.0008348748087882996,
      "is_warmup": false,
      "iteration": 1608,
      "native_traversal_sec": 0.000793007,
      "row_count": 1417
    },
    {
      "elapsed_sec": 0.0007732212543487549,
      "is_warmup": false,
      "iteration": 1609,
      "native_traversal_sec": 0.000733104,
      "row_count": 1417
    },
    {
      "elapsed_sec": 0.0007982030510902405,
      "is_warmup": false,
      "iteration": 1610,
      "native_traversal_sec": 0.000758192,
      "row_count": 1417
    },
    {
      "elapsed_sec": 0.0008077993988990784,
      "is_warmup": false,
      "iteration": 1611,
      "native_traversal_sec": 0.000766577,
      "row_count": 1417
    },
    {
      "elapsed_sec": 0.0008114725351333618,
      "is_warmup": false,
      "iteration": 1612,
      "native_traversal_sec": 0.000770505,
      "row_count": 1417
    },
    {
      "elapsed_sec": 0.0008338242769241333,
      "is_warmup": false,
      "iteration": 1613,
      "native_traversal_sec": 0.000792276,
      "row_count": 1417
    },
    {
      "elapsed_sec": 0.000811353325843811,
      "is_warmup": false,
      "iteration": 1614,
      "native_traversal_sec": 0.000770545,
      "row_count": 1417
    },
    {
      "elapsed_sec": 0.0007728114724159241,
      "is_warmup": false,
      "iteration": 1615,
      "native_traversal_sec": 0.000731932,
      "row_count": 1417
    },
    {
      "elapsed_sec": 0.0008028596639633179,
      "is_warmup": false,
      "iteration": 1616,
      "native_traversal_sec": 0.000762639,
      "row_count": 1417
    },
    {
      "elapsed_sec": 0.0008031502366065979,
      "is_warmup": false,
      "iteration": 1617,
      "native_traversal_sec": 0.00076272,
      "row_count": 1417
    },
    {
      "elapsed_sec": 0.0009118840098381042,
      "is_warmup": false,
      "iteration": 1618,
      "native_traversal_sec": 0.000872067,
      "row_count": 1417
    },
    {
      "elapsed_sec": 0.0008082017302513123,
      "is_warmup": false,
      "iteration": 1619,
      "native_traversal_sec": 0.000768281,
      "row_count": 1417
    },
    {
      "elapsed_sec": 0.0007983148097991943,
      "is_warmup": false,
      "iteration": 1620,
      "native_traversal_sec": 0.000758111,
      "row_count": 1417
    },
    {
      "elapsed_sec": 0.0007820427417755127,
      "is_warmup": false,
      "iteration": 1621,
      "native_traversal_sec": 0.000741289,
      "row_count": 1417
    },
    {
      "elapsed_sec": 0.0007860660552978516,
      "is_warmup": false,
      "iteration": 1622,
      "native_traversal_sec": 0.000744796,
      "row_count": 1417
    },
    {
      "elapsed_sec": 0.000775359570980072,
      "is_warmup": false,
      "iteration": 1623,
      "native_traversal_sec": 0.000735227,
      "row_count": 1417
    },
    {
      "elapsed_sec": 0.0007786527276039124,
      "is_warmup": false,
      "iteration": 1624,
      "native_traversal_sec": 0.000738995,
      "row_count": 1417
    },
    {
      "elapsed_sec": 0.0008230730891227722,
      "is_warmup": false,
      "iteration": 1625,
      "native_traversal_sec": 0.000783439,
      "row_count": 1417
    },
    {
      "elapsed_sec": 0.0008101314306259155,
      "is_warmup": false,
      "iteration": 1626,
      "native_traversal_sec": 0.000769803,
      "row_count": 1417
    },
    {
      "elapsed_sec": 0.0008114650845527649,
      "is_warmup": false,
      "iteration": 1627,
      "native_traversal_sec": 0.000770685,
      "row_count": 1417
    },
    {
      "elapsed_sec": 0.0009033083915710449,
      "is_warmup": false,
      "iteration": 1628,
      "native_traversal_sec": 0.000862189,
      "row_count": 1417
    },
    {
      "elapsed_sec": 0.000777803361415863,
      "is_warmup": false,
      "iteration": 1629,
      "native_traversal_sec": 0.000737441,
      "row_count": 1417
    },
    {
      "elapsed_sec": 0.0007634162902832031,
      "is_warmup": false,
      "iteration": 1630,
      "native_traversal_sec": 0.000723806,
      "row_count": 1417
    },
    {
      "elapsed_sec": 0.0007821321487426758,
      "is_warmup": false,
      "iteration": 1631,
      "native_traversal_sec": 0.000743203,
      "row_count": 1417
    },
    {
      "elapsed_sec": 0.0007897019386291504,
      "is_warmup": false,
      "iteration": 1632,
      "native_traversal_sec": 0.000749334,
      "row_count": 1417
    },
    {
      "elapsed_sec": 0.0007868111133575439,
      "is_warmup": false,
      "iteration": 1633,
      "native_traversal_sec": 0.000746409,
      "row_count": 1417
    },
    {
      "elapsed_sec": 0.000698871910572052,
      "is_warmup": false,
      "iteration": 1634,
      "native_traversal_sec": 0.000659002,
      "row_count": 1417
    },
    {
      "elapsed_sec": 0.000775463879108429,
      "is_warmup": false,
      "iteration": 1635,
      "native_traversal_sec": 0.00073646,
      "row_count": 1417
    },
    {
      "elapsed_sec": 0.0008214637637138367,
      "is_warmup": false,
      "iteration": 1636,
      "native_traversal_sec": 0.000781325,
      "row_count": 1417
    },
    {
      "elapsed_sec": 0.0008221641182899475,
      "is_warmup": false,
      "iteration": 1637,
      "native_traversal_sec": 0.000781786,
      "row_count": 1417
    },
    {
      "elapsed_sec": 0.0009661167860031128,
      "is_warmup": false,
      "iteration": 1638,
      "native_traversal_sec": 0.000924828,
      "row_count": 1417
    },
    {
      "elapsed_sec": 0.0007806345820426941,
      "is_warmup": false,
      "iteration": 1639,
      "native_traversal_sec": 0.000740297,
      "row_count": 1417
    },
    {
      "elapsed_sec": 0.0007805600762367249,
      "is_warmup": false,
      "iteration": 1640,
      "native_traversal_sec": 0.000740327,
      "row_count": 1417
    },
    {
      "elapsed_sec": 0.0008256062865257263,
      "is_warmup": false,
      "iteration": 1641,
      "native_traversal_sec": 0.000780353,
      "row_count": 1417
    },
    {
      "elapsed_sec": 0.0007789880037307739,
      "is_warmup": false,
      "iteration": 1642,
      "native_traversal_sec": 0.000738173,
      "row_count": 1417
    },
    {
      "elapsed_sec": 0.0006771236658096313,
      "is_warmup": false,
      "iteration": 1643,
      "native_traversal_sec": 0.000635358,
      "row_count": 1417
    },
    {
      "elapsed_sec": 0.0007234513759613037,
      "is_warmup": false,
      "iteration": 1644,
      "native_traversal_sec": 0.000684201,
      "row_count": 1417
    },
    {
      "elapsed_sec": 0.0008082017302513123,
      "is_warmup": false,
      "iteration": 1645,
      "native_traversal_sec": 0.000762639,
      "row_count": 1417
    },
    {
      "elapsed_sec": 0.0008300840854644775,
      "is_warmup": false,
      "iteration": 1646,
      "native_traversal_sec": 0.000789291,
      "row_count": 1417
    },
    {
      "elapsed_sec": 0.0008227750658988953,
      "is_warmup": false,
      "iteration": 1647,
      "native_traversal_sec": 0.000782758,
      "row_count": 1417
    },
    {
      "elapsed_sec": 0.000872485339641571,
      "is_warmup": false,
      "iteration": 1648,
      "native_traversal_sec": 0.000832994,
      "row_count": 1417
    },
    {
      "elapsed_sec": 0.0008101239800453186,
      "is_warmup": false,
      "iteration": 1649,
      "native_traversal_sec": 0.000770945,
      "row_count": 1417
    },
    {
      "elapsed_sec": 0.0007776767015457153,
      "is_warmup": false,
      "iteration": 1650,
      "native_traversal_sec": 0.000737913,
      "row_count": 1417
    },
    {
      "elapsed_sec": 0.0007897615432739258,
      "is_warmup": false,
      "iteration": 1651,
      "native_traversal_sec": 0.000749234,
      "row_count": 1417
    },
    {
      "elapsed_sec": 0.0008292123675346375,
      "is_warmup": false,
      "iteration": 1652,
      "native_traversal_sec": 0.000789901,
      "row_count": 1417
    },
    {
      "elapsed_sec": 0.0008315891027450562,
      "is_warmup": false,
      "iteration": 1653,
      "native_traversal_sec": 0.000791575,
      "row_count": 1417
    },
    {
      "elapsed_sec": 0.0008260011672973633,
      "is_warmup": false,
      "iteration": 1654,
      "native_traversal_sec": 0.000785453,
      "row_count": 1417
    },
    {
      "elapsed_sec": 0.00080137699842453,
      "is_warmup": false,
      "iteration": 1655,
      "native_traversal_sec": 0.000760536,
      "row_count": 1417
    },
    {
      "elapsed_sec": 0.0008055791258811951,
      "is_warmup": false,
      "iteration": 1656,
      "native_traversal_sec": 0.000758101,
      "row_count": 1417
    },
    {
      "elapsed_sec": 0.0008237212896347046,
      "is_warmup": false,
      "iteration": 1657,
      "native_traversal_sec": 0.00078358,
      "row_count": 1417
    },
    {
      "elapsed_sec": 0.0008681192994117737,
      "is_warmup": false,
      "iteration": 1658,
      "native_traversal_sec": 0.000828325,
      "row_count": 1417
    },
    {
      "elapsed_sec": 0.0008478164672851562,
      "is_warmup": false,
      "iteration": 1659,
      "native_traversal_sec": 0.000807034,
      "row_count": 1417
    },
    {
      "elapsed_sec": 0.0008066147565841675,
      "is_warmup": false,
      "iteration": 1660,
      "native_traversal_sec": 0.000766607,
      "row_count": 1417
    },
    {
      "elapsed_sec": 0.000806078314781189,
      "is_warmup": false,
      "iteration": 1661,
      "native_traversal_sec": 0.000765054,
      "row_count": 1417
    },
    {
      "elapsed_sec": 0.0007685944437980652,
      "is_warmup": false,
      "iteration": 1662,
      "native_traversal_sec": 0.000727573,
      "row_count": 1417
    },
    {
      "elapsed_sec": 0.0007887184619903564,
      "is_warmup": false,
      "iteration": 1663,
      "native_traversal_sec": 0.000749013,
      "row_count": 1417
    },
    {
      "elapsed_sec": 0.0007742419838905334,
      "is_warmup": false,
      "iteration": 1664,
      "native_traversal_sec": 0.000734205,
      "row_count": 1417
    },
    {
      "elapsed_sec": 0.0007849410176277161,
      "is_warmup": false,
      "iteration": 1665,
      "native_traversal_sec": 0.000744605,
      "row_count": 1417
    },
    {
      "elapsed_sec": 0.0008084028959274292,
      "is_warmup": false,
      "iteration": 1666,
      "native_traversal_sec": 0.000766217,
      "row_count": 1417
    },
    {
      "elapsed_sec": 0.0008228644728660583,
      "is_warmup": false,
      "iteration": 1667,
      "native_traversal_sec": 0.000767299,
      "row_count": 1417
    },
    {
      "elapsed_sec": 0.0009266063570976257,
      "is_warmup": false,
      "iteration": 1668,
      "native_traversal_sec": 0.000885473,
      "row_count": 1417
    },
    {
      "elapsed_sec": 0.0007981136441230774,
      "is_warmup": false,
      "iteration": 1669,
      "native_traversal_sec": 0.000755997,
      "row_count": 1417
    },
    {
      "elapsed_sec": 0.0008448511362075806,
      "is_warmup": false,
      "iteration": 1670,
      "native_traversal_sec": 0.000803929,
      "row_count": 1417
    },
    {
      "elapsed_sec": 0.0008386299014091492,
      "is_warmup": false,
      "iteration": 1671,
      "native_traversal_sec": 0.000796874,
      "row_count": 1417
    },
    {
      "elapsed_sec": 0.0008231028914451599,
      "is_warmup": false,
      "iteration": 1672,
      "native_traversal_sec": 0.000782217,
      "row_count": 1417
    },
    {
      "elapsed_sec": 0.0007907673716545105,
      "is_warmup": false,
      "iteration": 1673,
      "native_traversal_sec": 0.000750597,
      "row_count": 1417
    },
    {
      "elapsed_sec": 0.0008330196142196655,
      "is_warmup": false,
      "iteration": 1674,
      "native_traversal_sec": 0.000792557,
      "row_count": 1417
    },
    {
      "elapsed_sec": 0.000826030969619751,
      "is_warmup": false,
      "iteration": 1675,
      "native_traversal_sec": 0.000786245,
      "row_count": 1417
    },
    {
      "elapsed_sec": 0.000809989869594574,
      "is_warmup": false,
      "iteration": 1676,
      "native_traversal_sec": 0.000768581,
      "row_count": 1417
    },
    {
      "elapsed_sec": 0.0008284449577331543,
      "is_warmup": false,
      "iteration": 1677,
      "native_traversal_sec": 0.000787397,
      "row_count": 1417
    },
    {
      "elapsed_sec": 0.0008716508746147156,
      "is_warmup": false,
      "iteration": 1678,
      "native_traversal_sec": 0.00083135,
      "row_count": 1417
    },
    {
      "elapsed_sec": 0.0007936283946037292,
      "is_warmup": false,
      "iteration": 1679,
      "native_traversal_sec": 0.00075274,
      "row_count": 1417
    },
    {
      "elapsed_sec": 0.0008040443062782288,
      "is_warmup": false,
      "iteration": 1680,
      "native_traversal_sec": 0.000763882,
      "row_count": 1417
    },
    {
      "elapsed_sec": 0.0008110329508781433,
      "is_warmup": false,
      "iteration": 1681,
      "native_traversal_sec": 0.000771006,
      "row_count": 1417
    },
    {
      "elapsed_sec": 0.0008065328001976013,
      "is_warmup": false,
      "iteration": 1682,
      "native_traversal_sec": 0.000766426,
      "row_count": 1417
    },
    {
      "elapsed_sec": 0.0008089616894721985,
      "is_warmup": false,
      "iteration": 1683,
      "native_traversal_sec": 0.000769102,
      "row_count": 1417
    },
    {
      "elapsed_sec": 0.0007745027542114258,
      "is_warmup": false,
      "iteration": 1684,
      "native_traversal_sec": 0.000734436,
      "row_count": 1417
    },
    {
      "elapsed_sec": 0.000819966197013855,
      "is_warmup": false,
      "iteration": 1685,
      "native_traversal_sec": 0.000780504,
      "row_count": 1417
    },
    {
      "elapsed_sec": 0.0007939189672470093,
      "is_warmup": false,
      "iteration": 1686,
      "native_traversal_sec": 0.000754765,
      "row_count": 1417
    },
    {
      "elapsed_sec": 0.0010027587413787842,
      "is_warmup": false,
      "iteration": 1687,
      "native_traversal_sec": 0.000960305,
      "row_count": 1417
    },
    {
      "elapsed_sec": 0.0008064880967140198,
      "is_warmup": false,
      "iteration": 1688,
      "native_traversal_sec": 0.000765485,
      "row_count": 1417
    },
    {
      "elapsed_sec": 0.0007962137460708618,
      "is_warmup": false,
      "iteration": 1689,
      "native_traversal_sec": 0.000756137,
      "row_count": 1417
    },
    {
      "elapsed_sec": 0.0007754266262054443,
      "is_warmup": false,
      "iteration": 1690,
      "native_traversal_sec": 0.00073664,
      "row_count": 1417
    },
    {
      "elapsed_sec": 0.0008074119687080383,
      "is_warmup": false,
      "iteration": 1691,
      "native_traversal_sec": 0.000767509,
      "row_count": 1417
    },
    {
      "elapsed_sec": 0.0007261857390403748,
      "is_warmup": false,
      "iteration": 1692,
      "native_traversal_sec": 0.000686194,
      "row_count": 1417
    },
    {
      "elapsed_sec": 0.0008142367005348206,
      "is_warmup": false,
      "iteration": 1693,
      "native_traversal_sec": 0.000774642,
      "row_count": 1417
    },
    {
      "elapsed_sec": 0.00078582763671875,
      "is_warmup": false,
      "iteration": 1694,
      "native_traversal_sec": 0.000744886,
      "row_count": 1417
    },
    {
      "elapsed_sec": 0.0007998719811439514,
      "is_warmup": false,
      "iteration": 1695,
      "native_traversal_sec": 0.000759994,
      "row_count": 1417
    },
    {
      "elapsed_sec": 0.0007791370153427124,
      "is_warmup": false,
      "iteration": 1696,
      "native_traversal_sec": 0.000738374,
      "row_count": 1417
    },
    {
      "elapsed_sec": 0.0008387565612792969,
      "is_warmup": false,
      "iteration": 1697,
      "native_traversal_sec": 0.000798367,
      "row_count": 1417
    },
    {
      "elapsed_sec": 0.0008264854550361633,
      "is_warmup": false,
      "iteration": 1698,
      "native_traversal_sec": 0.000786786,
      "row_count": 1417
    },
    {
      "elapsed_sec": 0.000744253396987915,
      "is_warmup": false,
      "iteration": 1699,
      "native_traversal_sec": 0.000703457,
      "row_count": 1417
    },
    {
      "elapsed_sec": 0.0007770434021949768,
      "is_warmup": false,
      "iteration": 1700,
      "native_traversal_sec": 0.000737572,
      "row_count": 1417
    },
    {
      "elapsed_sec": 0.0008295997977256775,
      "is_warmup": false,
      "iteration": 1701,
      "native_traversal_sec": 0.00078914,
      "row_count": 1417
    },
    {
      "elapsed_sec": 0.0007635951042175293,
      "is_warmup": false,
      "iteration": 1702,
      "native_traversal_sec": 0.000722524,
      "row_count": 1417
    },
    {
      "elapsed_sec": 0.0007992982864379883,
      "is_warmup": false,
      "iteration": 1703,
      "native_traversal_sec": 0.000759303,
      "row_count": 1417
    },
    {
      "elapsed_sec": 0.0008605867624282837,
      "is_warmup": false,
      "iteration": 1704,
      "native_traversal_sec": 0.000819267,
      "row_count": 1417
    },
    {
      "elapsed_sec": 0.0008046254515647888,
      "is_warmup": false,
      "iteration": 1705,
      "native_traversal_sec": 0.000763802,
      "row_count": 1417
    },
    {
      "elapsed_sec": 0.0008389130234718323,
      "is_warmup": false,
      "iteration": 1706,
      "native_traversal_sec": 0.000798017,
      "row_count": 1417
    },
    {
      "elapsed_sec": 0.0009833872318267822,
      "is_warmup": false,
      "iteration": 1707,
      "native_traversal_sec": 0.000942732,
      "row_count": 1417
    },
    {
      "elapsed_sec": 0.0007674917578697205,
      "is_warmup": false,
      "iteration": 1708,
      "native_traversal_sec": 0.000727382,
      "row_count": 1417
    },
    {
      "elapsed_sec": 0.0007998347282409668,
      "is_warmup": false,
      "iteration": 1709,
      "native_traversal_sec": 0.000758802,
      "row_count": 1417
    },
    {
      "elapsed_sec": 0.0007751062512397766,
      "is_warmup": false,
      "iteration": 1710,
      "native_traversal_sec": 0.000733684,
      "row_count": 1417
    },
    {
      "elapsed_sec": 0.0008249282836914062,
      "is_warmup": false,
      "iteration": 1711,
      "native_traversal_sec": 0.000784311,
      "row_count": 1417
    },
    {
      "elapsed_sec": 0.0007867366075515747,
      "is_warmup": false,
      "iteration": 1712,
      "native_traversal_sec": 0.000745287,
      "row_count": 1417
    },
    {
      "elapsed_sec": 0.0008165687322616577,
      "is_warmup": false,
      "iteration": 1713,
      "native_traversal_sec": 0.000775935,
      "row_count": 1417
    },
    {
      "elapsed_sec": 0.0008264333009719849,
      "is_warmup": false,
      "iteration": 1714,
      "native_traversal_sec": 0.000785784,
      "row_count": 1417
    },
    {
      "elapsed_sec": 0.0007958859205245972,
      "is_warmup": false,
      "iteration": 1715,
      "native_traversal_sec": 0.000755065,
      "row_count": 1417
    },
    {
      "elapsed_sec": 0.0008292496204376221,
      "is_warmup": false,
      "iteration": 1716,
      "native_traversal_sec": 0.000788179,
      "row_count": 1417
    },
    {
      "elapsed_sec": 0.0009215995669364929,
      "is_warmup": false,
      "iteration": 1717,
      "native_traversal_sec": 0.000880333,
      "row_count": 1417
    },
    {
      "elapsed_sec": 0.0007776170969009399,
      "is_warmup": false,
      "iteration": 1718,
      "native_traversal_sec": 0.00073698,
      "row_count": 1417
    },
    {
      "elapsed_sec": 0.0008202120661735535,
      "is_warmup": false,
      "iteration": 1719,
      "native_traversal_sec": 0.000779833,
      "row_count": 1417
    },
    {
      "elapsed_sec": 0.0007958859205245972,
      "is_warmup": false,
      "iteration": 1720,
      "native_traversal_sec": 0.000755115,
      "row_count": 1417
    },
    {
      "elapsed_sec": 0.000799812376499176,
      "is_warmup": false,
      "iteration": 1721,
      "native_traversal_sec": 0.000759263,
      "row_count": 1417
    },
    {
      "elapsed_sec": 0.0008054152131080627,
      "is_warmup": false,
      "iteration": 1722,
      "native_traversal_sec": 0.000764032,
      "row_count": 1417
    },
    {
      "elapsed_sec": 0.00083170086145401,
      "is_warmup": false,
      "iteration": 1723,
      "native_traversal_sec": 0.000791014,
      "row_count": 1417
    },
    {
      "elapsed_sec": 0.0008416995406150818,
      "is_warmup": false,
      "iteration": 1724,
      "native_traversal_sec": 0.00079485,
      "row_count": 1417
    },
    {
      "elapsed_sec": 0.0008127391338348389,
      "is_warmup": false,
      "iteration": 1725,
      "native_traversal_sec": 0.000772438,
      "row_count": 1417
    },
    {
      "elapsed_sec": 0.0007965639233589172,
      "is_warmup": false,
      "iteration": 1726,
      "native_traversal_sec": 0.000756067,
      "row_count": 1417
    },
    {
      "elapsed_sec": 0.0008607879281044006,
      "is_warmup": false,
      "iteration": 1727,
      "native_traversal_sec": 0.000814899,
      "row_count": 1417
    },
    {
      "elapsed_sec": 0.0008321702480316162,
      "is_warmup": false,
      "iteration": 1728,
      "native_traversal_sec": 0.000792496,
      "row_count": 1417
    },
    {
      "elapsed_sec": 0.0007707402110099792,
      "is_warmup": false,
      "iteration": 1729,
      "native_traversal_sec": 0.000730108,
      "row_count": 1417
    },
    {
      "elapsed_sec": 0.0007829442620277405,
      "is_warmup": false,
      "iteration": 1730,
      "native_traversal_sec": 0.000742161,
      "row_count": 1417
    },
    {
      "elapsed_sec": 0.0007927343249320984,
      "is_warmup": false,
      "iteration": 1731,
      "native_traversal_sec": 0.00075228,
      "row_count": 1417
    },
    {
      "elapsed_sec": 0.0007750317454338074,
      "is_warmup": false,
      "iteration": 1732,
      "native_traversal_sec": 0.000734476,
      "row_count": 1417
    },
    {
      "elapsed_sec": 0.0007983148097991943,
      "is_warmup": false,
      "iteration": 1733,
      "native_traversal_sec": 0.000758341,
      "row_count": 1417
    },
    {
      "elapsed_sec": 0.000811062753200531,
      "is_warmup": false,
      "iteration": 1734,
      "native_traversal_sec": 0.000770224,
      "row_count": 1417
    },
    {
      "elapsed_sec": 0.0007828250527381897,
      "is_warmup": false,
      "iteration": 1735,
      "native_traversal_sec": 0.000743142,
      "row_count": 1417
    },
    {
      "elapsed_sec": 0.0008876845240592957,
      "is_warmup": false,
      "iteration": 1736,
      "native_traversal_sec": 0.000758021,
      "row_count": 1417
    },
    {
      "elapsed_sec": 0.0007848963141441345,
      "is_warmup": false,
      "iteration": 1737,
      "native_traversal_sec": 0.000744074,
      "row_count": 1417
    },
    {
      "elapsed_sec": 0.0008483231067657471,
      "is_warmup": false,
      "iteration": 1738,
      "native_traversal_sec": 0.000807856,
      "row_count": 1417
    },
    {
      "elapsed_sec": 0.0008407384157180786,
      "is_warmup": false,
      "iteration": 1739,
      "native_traversal_sec": 0.00079958,
      "row_count": 1417
    },
    {
      "elapsed_sec": 0.0008422285318374634,
      "is_warmup": false,
      "iteration": 1740,
      "native_traversal_sec": 0.000801985,
      "row_count": 1417
    },
    {
      "elapsed_sec": 0.0007526576519012451,
      "is_warmup": false,
      "iteration": 1741,
      "native_traversal_sec": 0.000712534,
      "row_count": 1417
    },
    {
      "elapsed_sec": 0.0008714571595191956,
      "is_warmup": false,
      "iteration": 1742,
      "native_traversal_sec": 0.000832232,
      "row_count": 1417
    },
    {
      "elapsed_sec": 0.0007201060652732849,
      "is_warmup": false,
      "iteration": 1743,
      "native_traversal_sec": 0.000679492,
      "row_count": 1417
    },
    {
      "elapsed_sec": 0.0007617920637130737,
      "is_warmup": false,
      "iteration": 1744,
      "native_traversal_sec": 0.000722473,
      "row_count": 1417
    },
    {
      "elapsed_sec": 0.000768519937992096,
      "is_warmup": false,
      "iteration": 1745,
      "native_traversal_sec": 0.000729257,
      "row_count": 1417
    },
    {
      "elapsed_sec": 0.0007180199027061462,
      "is_warmup": false,
      "iteration": 1746,
      "native_traversal_sec": 0.00067828,
      "row_count": 1417
    },
    {
      "elapsed_sec": 0.0009130239486694336,
      "is_warmup": false,
      "iteration": 1747,
      "native_traversal_sec": 0.00087345,
      "row_count": 1417
    },
    {
      "elapsed_sec": 0.0008733123540878296,
      "is_warmup": false,
      "iteration": 1748,
      "native_traversal_sec": 0.000832823,
      "row_count": 1417
    },
    {
      "elapsed_sec": 0.0007836297154426575,
      "is_warmup": false,
      "iteration": 1749,
      "native_traversal_sec": 0.000742161,
      "row_count": 1417
    },
    {
      "elapsed_sec": 0.0007911473512649536,
      "is_warmup": false,
      "iteration": 1750,
      "native_traversal_sec": 0.000750287,
      "row_count": 1417
    },
    {
      "elapsed_sec": 0.0008343979716300964,
      "is_warmup": false,
      "iteration": 1751,
      "native_traversal_sec": 0.000793197,
      "row_count": 1417
    },
    {
      "elapsed_sec": 0.0008024349808692932,
      "is_warmup": false,
      "iteration": 1752,
      "native_traversal_sec": 0.000761127,
      "row_count": 1417
    },
    {
      "elapsed_sec": 0.0007779821753501892,
      "is_warmup": false,
      "iteration": 1753,
      "native_traversal_sec": 0.000736811,
      "row_count": 1417
    },
    {
      "elapsed_sec": 0.0007136017084121704,
      "is_warmup": false,
      "iteration": 1754,
      "native_traversal_sec": 0.000674151,
      "row_count": 1417
    },
    {
      "elapsed_sec": 0.000840798020362854,
      "is_warmup": false,
      "iteration": 1755,
      "native_traversal_sec": 0.000801043,
      "row_count": 1417
    },
    {
      "elapsed_sec": 0.000799134373664856,
      "is_warmup": false,
      "iteration": 1756,
      "native_traversal_sec": 0.000759133,
      "row_count": 1417
    },
    {
      "elapsed_sec": 0.0007913559675216675,
      "is_warmup": false,
      "iteration": 1757,
      "native_traversal_sec": 0.000751228,
      "row_count": 1417
    },
    {
      "elapsed_sec": 0.0007881969213485718,
      "is_warmup": false,
      "iteration": 1758,
      "native_traversal_sec": 0.000747852,
      "row_count": 1417
    },
    {
      "elapsed_sec": 0.0008542835712432861,
      "is_warmup": false,
      "iteration": 1759,
      "native_traversal_sec": 0.000812735,
      "row_count": 1417
    },
    {
      "elapsed_sec": 0.0007819309830665588,
      "is_warmup": false,
      "iteration": 1760,
      "native_traversal_sec": 0.00074137,
      "row_count": 1417
    },
    {
      "elapsed_sec": 0.0007866770029067993,
      "is_warmup": false,
      "iteration": 1761,
      "native_traversal_sec": 0.000744405,
      "row_count": 1417
    },
    {
      "elapsed_sec": 0.0008554533123970032,
      "is_warmup": false,
      "iteration": 1762,
      "native_traversal_sec": 0.000814098,
      "row_count": 1417
    },
    {
      "elapsed_sec": 0.0007952079176902771,
      "is_warmup": false,
      "iteration": 1763,
      "native_traversal_sec": 0.000754103,
      "row_count": 1417
    },
    {
      "elapsed_sec": 0.0007920414209365845,
      "is_warmup": false,
      "iteration": 1764,
      "native_traversal_sec": 0.000752491,
      "row_count": 1417
    },
    {
      "elapsed_sec": 0.0008109882473945618,
      "is_warmup": false,
      "iteration": 1765,
      "native_traversal_sec": 0.000771557,
      "row_count": 1417
    },
    {
      "elapsed_sec": 0.0008560940623283386,
      "is_warmup": false,
      "iteration": 1766,
      "native_traversal_sec": 0.000815701,
      "row_count": 1417
    },
    {
      "elapsed_sec": 0.0008581057190895081,
      "is_warmup": false,
      "iteration": 1767,
      "native_traversal_sec": 0.000817574,
      "row_count": 1417
    },
    {
      "elapsed_sec": 0.0007721781730651855,
      "is_warmup": false,
      "iteration": 1768,
      "native_traversal_sec": 0.000730378,
      "row_count": 1417
    },
    {
      "elapsed_sec": 0.0008043944835662842,
      "is_warmup": false,
      "iteration": 1769,
      "native_traversal_sec": 0.000764233,
      "row_count": 1417
    },
    {
      "elapsed_sec": 0.0008092299103736877,
      "is_warmup": false,
      "iteration": 1770,
      "native_traversal_sec": 0.00076798,
      "row_count": 1417
    },
    {
      "elapsed_sec": 0.0008119121193885803,
      "is_warmup": false,
      "iteration": 1771,
      "native_traversal_sec": 0.000771266,
      "row_count": 1417
    },
    {
      "elapsed_sec": 0.0007935464382171631,
      "is_warmup": false,
      "iteration": 1772,
      "native_traversal_sec": 0.000752912,
      "row_count": 1417
    },
    {
      "elapsed_sec": 0.0008343607187271118,
      "is_warmup": false,
      "iteration": 1773,
      "native_traversal_sec": 0.000792767,
      "row_count": 1417
    },
    {
      "elapsed_sec": 0.0008300989866256714,
      "is_warmup": false,
      "iteration": 1774,
      "native_traversal_sec": 0.00078386,
      "row_count": 1417
    },
    {
      "elapsed_sec": 0.0008082985877990723,
      "is_warmup": false,
      "iteration": 1775,
      "native_traversal_sec": 0.000764513,
      "row_count": 1417
    },
    {
      "elapsed_sec": 0.0008801445364952087,
      "is_warmup": false,
      "iteration": 1776,
      "native_traversal_sec": 0.000839115,
      "row_count": 1417
    },
    {
      "elapsed_sec": 0.0008495375514030457,
      "is_warmup": false,
      "iteration": 1777,
      "native_traversal_sec": 0.000808157,
      "row_count": 1417
    },
    {
      "elapsed_sec": 0.0007638633251190186,
      "is_warmup": false,
      "iteration": 1778,
      "native_traversal_sec": 0.000723365,
      "row_count": 1417
    },
    {
      "elapsed_sec": 0.0008018836379051208,
      "is_warmup": false,
      "iteration": 1779,
      "native_traversal_sec": 0.000760927,
      "row_count": 1417
    },
    {
      "elapsed_sec": 0.0007613375782966614,
      "is_warmup": false,
      "iteration": 1780,
      "native_traversal_sec": 0.000721451,
      "row_count": 1417
    },
    {
      "elapsed_sec": 0.0008304938673973083,
      "is_warmup": false,
      "iteration": 1781,
      "native_traversal_sec": 0.000790513,
      "row_count": 1417
    },
    {
      "elapsed_sec": 0.0008210912346839905,
      "is_warmup": false,
      "iteration": 1782,
      "native_traversal_sec": 0.000781355,
      "row_count": 1417
    },
    {
      "elapsed_sec": 0.000718139111995697,
      "is_warmup": false,
      "iteration": 1783,
      "native_traversal_sec": 0.000677819,
      "row_count": 1417
    },
    {
      "elapsed_sec": 0.0007950887084007263,
      "is_warmup": false,
      "iteration": 1784,
      "native_traversal_sec": 0.000754564,
      "row_count": 1417
    },
    {
      "elapsed_sec": 0.0008221566677093506,
      "is_warmup": false,
      "iteration": 1785,
      "native_traversal_sec": 0.000782026,
      "row_count": 1417
    },
    {
      "elapsed_sec": 0.0008891895413398743,
      "is_warmup": false,
      "iteration": 1786,
      "native_traversal_sec": 0.000847791,
      "row_count": 1417
    },
    {
      "elapsed_sec": 0.0007833540439605713,
      "is_warmup": false,
      "iteration": 1787,
      "native_traversal_sec": 0.000743183,
      "row_count": 1417
    },
    {
      "elapsed_sec": 0.0007785707712173462,
      "is_warmup": false,
      "iteration": 1788,
      "native_traversal_sec": 0.000738253,
      "row_count": 1417
    },
    {
      "elapsed_sec": 0.000804506242275238,
      "is_warmup": false,
      "iteration": 1789,
      "native_traversal_sec": 0.000760055,
      "row_count": 1417
    },
    {
      "elapsed_sec": 0.0008269920945167542,
      "is_warmup": false,
      "iteration": 1790,
      "native_traversal_sec": 0.000785744,
      "row_count": 1417
    },
    {
      "elapsed_sec": 0.0008010044693946838,
      "is_warmup": false,
      "iteration": 1791,
      "native_traversal_sec": 0.000758662,
      "row_count": 1417
    },
    {
      "elapsed_sec": 0.0008235275745391846,
      "is_warmup": false,
      "iteration": 1792,
      "native_traversal_sec": 0.000782798,
      "row_count": 1417
    },
    {
      "elapsed_sec": 0.0008054226636886597,
      "is_warmup": false,
      "iteration": 1793,
      "native_traversal_sec": 0.000764653,
      "row_count": 1417
    },
    {
      "elapsed_sec": 0.0007641613483428955,
      "is_warmup": false,
      "iteration": 1794,
      "native_traversal_sec": 0.000723916,
      "row_count": 1417
    },
    {
      "elapsed_sec": 0.0008346214890480042,
      "is_warmup": false,
      "iteration": 1795,
      "native_traversal_sec": 0.000788619,
      "row_count": 1417
    },
    {
      "elapsed_sec": 0.0007997229695320129,
      "is_warmup": false,
      "iteration": 1796,
      "native_traversal_sec": 0.000758973,
      "row_count": 1417
    },
    {
      "elapsed_sec": 0.0008833706378936768,
      "is_warmup": false,
      "iteration": 1797,
      "native_traversal_sec": 0.0008419,
      "row_count": 1417
    },
    {
      "elapsed_sec": 0.0007687360048294067,
      "is_warmup": false,
      "iteration": 1798,
      "native_traversal_sec": 0.000727973,
      "row_count": 1417
    },
    {
      "elapsed_sec": 0.0008429065346717834,
      "is_warmup": false,
      "iteration": 1799,
      "native_traversal_sec": 0.000802345,
      "row_count": 1417
    },
    {
      "elapsed_sec": 0.0007934272289276123,
      "is_warmup": false,
      "iteration": 1800,
      "native_traversal_sec": 0.000751729,
      "row_count": 1417
    },
    {
      "elapsed_sec": 0.0008106231689453125,
      "is_warmup": false,
      "iteration": 1801,
      "native_traversal_sec": 0.000770264,
      "row_count": 1417
    },
    {
      "elapsed_sec": 0.0008104220032691956,
      "is_warmup": false,
      "iteration": 1802,
      "native_traversal_sec": 0.000770023,
      "row_count": 1417
    },
    {
      "elapsed_sec": 0.000764794647693634,
      "is_warmup": false,
      "iteration": 1803,
      "native_traversal_sec": 0.000723545,
      "row_count": 1417
    },
    {
      "elapsed_sec": 0.0007262304425239563,
      "is_warmup": false,
      "iteration": 1804,
      "native_traversal_sec": 0.000686916,
      "row_count": 1417
    },
    {
      "elapsed_sec": 0.0007871761918067932,
      "is_warmup": false,
      "iteration": 1805,
      "native_traversal_sec": 0.000747481,
      "row_count": 1417
    },
    {
      "elapsed_sec": 0.0008503943681716919,
      "is_warmup": false,
      "iteration": 1806,
      "native_traversal_sec": 0.000809819,
      "row_count": 1417
    },
    {
      "elapsed_sec": 0.0007980167865753174,
      "is_warmup": false,
      "iteration": 1807,
      "native_traversal_sec": 0.000757911,
      "row_count": 1417
    },
    {
      "elapsed_sec": 0.0007459819316864014,
      "is_warmup": false,
      "iteration": 1808,
      "native_traversal_sec": 0.000705,
      "row_count": 1417
    },
    {
      "elapsed_sec": 0.0007152184844017029,
      "is_warmup": false,
      "iteration": 1809,
      "native_traversal_sec": 0.000674632,
      "row_count": 1417
    },
    {
      "elapsed_sec": 0.0007839351892471313,
      "is_warmup": false,
      "iteration": 1810,
      "native_traversal_sec": 0.000743483,
      "row_count": 1417
    },
    {
      "elapsed_sec": 0.0007800757884979248,
      "is_warmup": false,
      "iteration": 1811,
      "native_traversal_sec": 0.000739285,
      "row_count": 1417
    },
    {
      "elapsed_sec": 0.000775657594203949,
      "is_warmup": false,
      "iteration": 1812,
      "native_traversal_sec": 0.000734937,
      "row_count": 1417
    },
    {
      "elapsed_sec": 0.000704251229763031,
      "is_warmup": false,
      "iteration": 1813,
      "native_traversal_sec": 0.000664724,
      "row_count": 1417
    },
    {
      "elapsed_sec": 0.000750616192817688,
      "is_warmup": false,
      "iteration": 1814,
      "native_traversal_sec": 0.000703578,
      "row_count": 1417
    },
    {
      "elapsed_sec": 0.0008327886462211609,
      "is_warmup": false,
      "iteration": 1815,
      "native_traversal_sec": 0.000792226,
      "row_count": 1417
    },
    {
      "elapsed_sec": 0.0008797198534011841,
      "is_warmup": false,
      "iteration": 1816,
      "native_traversal_sec": 0.000839175,
      "row_count": 1417
    },
    {
      "elapsed_sec": 0.0007802173495292664,
      "is_warmup": false,
      "iteration": 1817,
      "native_traversal_sec": 0.000740217,
      "row_count": 1417
    },
    {
      "elapsed_sec": 0.0007568448781967163,
      "is_warmup": false,
      "iteration": 1818,
      "native_traversal_sec": 0.000716171,
      "row_count": 1417
    },
    {
      "elapsed_sec": 0.0007680952548980713,
      "is_warmup": false,
      "iteration": 1819,
      "native_traversal_sec": 0.000721442,
      "row_count": 1417
    },
    {
      "elapsed_sec": 0.0007274597883224487,
      "is_warmup": false,
      "iteration": 1820,
      "native_traversal_sec": 0.000688037,
      "row_count": 1417
    },
    {
      "elapsed_sec": 0.0008102282881736755,
      "is_warmup": false,
      "iteration": 1821,
      "native_traversal_sec": 0.000769923,
      "row_count": 1417
    },
    {
      "elapsed_sec": 0.0008455514907836914,
      "is_warmup": false,
      "iteration": 1822,
      "native_traversal_sec": 0.000805692,
      "row_count": 1417
    },
    {
      "elapsed_sec": 0.000782012939453125,
      "is_warmup": false,
      "iteration": 1823,
      "native_traversal_sec": 0.000741129,
      "row_count": 1417
    },
    {
      "elapsed_sec": 0.0007954537868499756,
      "is_warmup": false,
      "iteration": 1824,
      "native_traversal_sec": 0.000755305,
      "row_count": 1417
    },
    {
      "elapsed_sec": 0.0007797554135322571,
      "is_warmup": false,
      "iteration": 1825,
      "native_traversal_sec": 0.000739806,
      "row_count": 1417
    },
    {
      "elapsed_sec": 0.000916309654712677,
      "is_warmup": false,
      "iteration": 1826,
      "native_traversal_sec": 0.000876225,
      "row_count": 1417
    },
    {
      "elapsed_sec": 0.0008014664053916931,
      "is_warmup": false,
      "iteration": 1827,
      "native_traversal_sec": 0.00076268,
      "row_count": 1417
    },
    {
      "elapsed_sec": 0.0008153766393661499,
      "is_warmup": false,
      "iteration": 1828,
      "native_traversal_sec": 0.000774713,
      "row_count": 1417
    },
    {
      "elapsed_sec": 0.0008190646767616272,
      "is_warmup": false,
      "iteration": 1829,
      "native_traversal_sec": 0.000778941,
      "row_count": 1417
    },
    {
      "elapsed_sec": 0.0007927939295768738,
      "is_warmup": false,
      "iteration": 1830,
      "native_traversal_sec": 0.000750958,
      "row_count": 1417
    },
    {
      "elapsed_sec": 0.0007891878485679626,
      "is_warmup": false,
      "iteration": 1831,
      "native_traversal_sec": 0.000747811,
      "row_count": 1417
    },
    {
      "elapsed_sec": 0.0007931292057037354,
      "is_warmup": false,
      "iteration": 1832,
      "native_traversal_sec": 0.000751859,
      "row_count": 1417
    },
    {
      "elapsed_sec": 0.0008485168218612671,
      "is_warmup": false,
      "iteration": 1833,
      "native_traversal_sec": 0.000807786,
      "row_count": 1417
    },
    {
      "elapsed_sec": 0.0008121803402900696,
      "is_warmup": false,
      "iteration": 1834,
      "native_traversal_sec": 0.000771697,
      "row_count": 1417
    },
    {
      "elapsed_sec": 0.0008039847016334534,
      "is_warmup": false,
      "iteration": 1835,
      "native_traversal_sec": 0.000763111,
      "row_count": 1417
    },
    {
      "elapsed_sec": 0.0009460598230361938,
      "is_warmup": false,
      "iteration": 1836,
      "native_traversal_sec": 0.000905311,
      "row_count": 1417
    },
    {
      "elapsed_sec": 0.0008014217019081116,
      "is_warmup": false,
      "iteration": 1837,
      "native_traversal_sec": 0.000759985,
      "row_count": 1417
    },
    {
      "elapsed_sec": 0.0008183270692825317,
      "is_warmup": false,
      "iteration": 1838,
      "native_traversal_sec": 0.000777118,
      "row_count": 1417
    },
    {
      "elapsed_sec": 0.00081615149974823,
      "is_warmup": false,
      "iteration": 1839,
      "native_traversal_sec": 0.000774983,
      "row_count": 1417
    },
    {
      "elapsed_sec": 0.0008120909333229065,
      "is_warmup": false,
      "iteration": 1840,
      "native_traversal_sec": 0.000771136,
      "row_count": 1417
    },
    {
      "elapsed_sec": 0.0008294880390167236,
      "is_warmup": false,
      "iteration": 1841,
      "native_traversal_sec": 0.000788529,
      "row_count": 1417
    },
    {
      "elapsed_sec": 0.0008001625537872314,
      "is_warmup": false,
      "iteration": 1842,
      "native_traversal_sec": 0.000758612,
      "row_count": 1417
    },
    {
      "elapsed_sec": 0.0008064284920692444,
      "is_warmup": false,
      "iteration": 1843,
      "native_traversal_sec": 0.000766578,
      "row_count": 1417
    },
    {
      "elapsed_sec": 0.0009133666753768921,
      "is_warmup": false,
      "iteration": 1844,
      "native_traversal_sec": 0.000872138,
      "row_count": 1417
    },
    {
      "elapsed_sec": 0.0008135512471199036,
      "is_warmup": false,
      "iteration": 1845,
      "native_traversal_sec": 0.00077325,
      "row_count": 1417
    },
    {
      "elapsed_sec": 0.0008362308144569397,
      "is_warmup": false,
      "iteration": 1846,
      "native_traversal_sec": 0.000796404,
      "row_count": 1417
    },
    {
      "elapsed_sec": 0.0008198544383049011,
      "is_warmup": false,
      "iteration": 1847,
      "native_traversal_sec": 0.000777227,
      "row_count": 1417
    },
    {
      "elapsed_sec": 0.0007967054843902588,
      "is_warmup": false,
      "iteration": 1848,
      "native_traversal_sec": 0.000754524,
      "row_count": 1417
    },
    {
      "elapsed_sec": 0.0007964298129081726,
      "is_warmup": false,
      "iteration": 1849,
      "native_traversal_sec": 0.000755385,
      "row_count": 1417
    },
    {
      "elapsed_sec": 0.0008378326892852783,
      "is_warmup": false,
      "iteration": 1850,
      "native_traversal_sec": 0.000796514,
      "row_count": 1417
    },
    {
      "elapsed_sec": 0.0008321180939674377,
      "is_warmup": false,
      "iteration": 1851,
      "native_traversal_sec": 0.000790373,
      "row_count": 1417
    },
    {
      "elapsed_sec": 0.0007432997226715088,
      "is_warmup": false,
      "iteration": 1852,
      "native_traversal_sec": 0.000695502,
      "row_count": 1417
    },
    {
      "elapsed_sec": 0.0008061528205871582,
      "is_warmup": false,
      "iteration": 1853,
      "native_traversal_sec": 0.000765285,
      "row_count": 1417
    },
    {
      "elapsed_sec": 0.0008919760584831238,
      "is_warmup": false,
      "iteration": 1854,
      "native_traversal_sec": 0.000850877,
      "row_count": 1417
    },
    {
      "elapsed_sec": 0.0008763819932937622,
      "is_warmup": false,
      "iteration": 1855,
      "native_traversal_sec": 0.00083659,
      "row_count": 1417
    },
    {
      "elapsed_sec": 0.0007929727435112,
      "is_warmup": false,
      "iteration": 1856,
      "native_traversal_sec": 0.00075223,
      "row_count": 1417
    },
    {
      "elapsed_sec": 0.000790126621723175,
      "is_warmup": false,
      "iteration": 1857,
      "native_traversal_sec": 0.000748853,
      "row_count": 1417
    },
    {
      "elapsed_sec": 0.0007982105016708374,
      "is_warmup": false,
      "iteration": 1858,
      "native_traversal_sec": 0.000758021,
      "row_count": 1417
    },
    {
      "elapsed_sec": 0.0007711201906204224,
      "is_warmup": false,
      "iteration": 1859,
      "native_traversal_sec": 0.000730369,
      "row_count": 1417
    },
    {
      "elapsed_sec": 0.0007581785321235657,
      "is_warmup": false,
      "iteration": 1860,
      "native_traversal_sec": 0.000718386,
      "row_count": 1417
    },
    {
      "elapsed_sec": 0.0007814764976501465,
      "is_warmup": false,
      "iteration": 1861,
      "native_traversal_sec": 0.000740177,
      "row_count": 1417
    },
    {
      "elapsed_sec": 0.0008738785982131958,
      "is_warmup": false,
      "iteration": 1862,
      "native_traversal_sec": 0.000833284,
      "row_count": 1417
    },
    {
      "elapsed_sec": 0.0007631778717041016,
      "is_warmup": false,
      "iteration": 1863,
      "native_traversal_sec": 0.000721802,
      "row_count": 1417
    },
    {
      "elapsed_sec": 0.0008822083473205566,
      "is_warmup": false,
      "iteration": 1864,
      "native_traversal_sec": 0.000842682,
      "row_count": 1417
    },
    {
      "elapsed_sec": 0.0008552223443984985,
      "is_warmup": false,
      "iteration": 1865,
      "native_traversal_sec": 0.000814388,
      "row_count": 1417
    },
    {
      "elapsed_sec": 0.0008118376135826111,
      "is_warmup": false,
      "iteration": 1866,
      "native_traversal_sec": 0.000763391,
      "row_count": 1417
    },
    {
      "elapsed_sec": 0.0008122101426124573,
      "is_warmup": false,
      "iteration": 1867,
      "native_traversal_sec": 0.000772529,
      "row_count": 1417
    },
    {
      "elapsed_sec": 0.000773303210735321,
      "is_warmup": false,
      "iteration": 1868,
      "native_traversal_sec": 0.000732954,
      "row_count": 1417
    },
    {
      "elapsed_sec": 0.0007606372237205505,
      "is_warmup": false,
      "iteration": 1869,
      "native_traversal_sec": 0.000720279,
      "row_count": 1417
    },
    {
      "elapsed_sec": 0.0007479563355445862,
      "is_warmup": false,
      "iteration": 1870,
      "native_traversal_sec": 0.000707656,
      "row_count": 1417
    },
    {
      "elapsed_sec": 0.0007638782262802124,
      "is_warmup": false,
      "iteration": 1871,
      "native_traversal_sec": 0.000723705,
      "row_count": 1417
    },
    {
      "elapsed_sec": 0.0007529556751251221,
      "is_warmup": false,
      "iteration": 1872,
      "native_traversal_sec": 0.000713086,
      "row_count": 1417
    },
    {
      "elapsed_sec": 0.0007482245564460754,
      "is_warmup": false,
      "iteration": 1873,
      "native_traversal_sec": 0.000706633,
      "row_count": 1417
    },
    {
      "elapsed_sec": 0.0009094178676605225,
      "is_warmup": false,
      "iteration": 1874,
      "native_traversal_sec": 0.000869112,
      "row_count": 1417
    },
    {
      "elapsed_sec": 0.000787295401096344,
      "is_warmup": false,
      "iteration": 1875,
      "native_traversal_sec": 0.000747931,
      "row_count": 1417
    },
    {
      "elapsed_sec": 0.0007839426398277283,
      "is_warmup": false,
      "iteration": 1876,
      "native_traversal_sec": 0.000743684,
      "row_count": 1417
    },
    {
      "elapsed_sec": 0.000793159008026123,
      "is_warmup": false,
      "iteration": 1877,
      "native_traversal_sec": 0.000752631,
      "row_count": 1417
    },
    {
      "elapsed_sec": 0.0008330270648002625,
      "is_warmup": false,
      "iteration": 1878,
      "native_traversal_sec": 0.000793238,
      "row_count": 1417
    },
    {
      "elapsed_sec": 0.0008366033434867859,
      "is_warmup": false,
      "iteration": 1879,
      "native_traversal_sec": 0.000795763,
      "row_count": 1417
    },
    {
      "elapsed_sec": 0.0008223056793212891,
      "is_warmup": false,
      "iteration": 1880,
      "native_traversal_sec": 0.000780734,
      "row_count": 1417
    },
    {
      "elapsed_sec": 0.0008314177393913269,
      "is_warmup": false,
      "iteration": 1881,
      "native_traversal_sec": 0.000789621,
      "row_count": 1417
    },
    {
      "elapsed_sec": 0.0007943138480186462,
      "is_warmup": false,
      "iteration": 1882,
      "native_traversal_sec": 0.000752781,
      "row_count": 1417
    },
    {
      "elapsed_sec": 0.0008130744099617004,
      "is_warmup": false,
      "iteration": 1883,
      "native_traversal_sec": 0.000766647,
      "row_count": 1417
    },
    {
      "elapsed_sec": 0.0008678361773490906,
      "is_warmup": false,
      "iteration": 1884,
      "native_traversal_sec": 0.000826461,
      "row_count": 1417
    },
    {
      "elapsed_sec": 0.0008585155010223389,
      "is_warmup": false,
      "iteration": 1885,
      "native_traversal_sec": 0.000817393,
      "row_count": 1417
    },
    {
      "elapsed_sec": 0.0007428303360939026,
      "is_warmup": false,
      "iteration": 1886,
      "native_traversal_sec": 0.000702124,
      "row_count": 1417
    },
    {
      "elapsed_sec": 0.0007974728941917419,
      "is_warmup": false,
      "iteration": 1887,
      "native_traversal_sec": 0.00075762,
      "row_count": 1417
    },
    {
      "elapsed_sec": 0.000793062150478363,
      "is_warmup": false,
      "iteration": 1888,
      "native_traversal_sec": 0.0007524,
      "row_count": 1417
    },
    {
      "elapsed_sec": 0.0007912367582321167,
      "is_warmup": false,
      "iteration": 1889,
      "native_traversal_sec": 0.000750887,
      "row_count": 1417
    },
    {
      "elapsed_sec": 0.0008205175399780273,
      "is_warmup": false,
      "iteration": 1890,
      "native_traversal_sec": 0.000779972,
      "row_count": 1417
    },
    {
      "elapsed_sec": 0.0007612034678459167,
      "is_warmup": false,
      "iteration": 1891,
      "native_traversal_sec": 0.00072093,
      "row_count": 1417
    },
    {
      "elapsed_sec": 0.000809013843536377,
      "is_warmup": false,
      "iteration": 1892,
      "native_traversal_sec": 0.000770064,
      "row_count": 1417
    },
    {
      "elapsed_sec": 0.0008115842938423157,
      "is_warmup": false,
      "iteration": 1893,
      "native_traversal_sec": 0.000771076,
      "row_count": 1417
    },
    {
      "elapsed_sec": 0.0008513554930686951,
      "is_warmup": false,
      "iteration": 1894,
      "native_traversal_sec": 0.00081013,
      "row_count": 1417
    },
    {
      "elapsed_sec": 0.0008422732353210449,
      "is_warmup": false,
      "iteration": 1895,
      "native_traversal_sec": 0.000801083,
      "row_count": 1417
    },
    {
      "elapsed_sec": 0.0008181557059288025,
      "is_warmup": false,
      "iteration": 1896,
      "native_traversal_sec": 0.000776286,
      "row_count": 1417
    },
    {
      "elapsed_sec": 0.0007760822772979736,
      "is_warmup": false,
      "iteration": 1897,
      "native_traversal_sec": 0.000734225,
      "row_count": 1417
    },
    {
      "elapsed_sec": 0.000767931342124939,
      "is_warmup": false,
      "iteration": 1898,
      "native_traversal_sec": 0.000726691,
      "row_count": 1417
    },
    {
      "elapsed_sec": 0.0007401853799819946,
      "is_warmup": false,
      "iteration": 1899,
      "native_traversal_sec": 0.000692616,
      "row_count": 1417
    },
    {
      "elapsed_sec": 0.0009689703583717346,
      "is_warmup": false,
      "iteration": 1900,
      "native_traversal_sec": 0.000907956,
      "row_count": 1417
    },
    {
      "elapsed_sec": 0.0008043944835662842,
      "is_warmup": false,
      "iteration": 1901,
      "native_traversal_sec": 0.000761988,
      "row_count": 1417
    },
    {
      "elapsed_sec": 0.0007032528519630432,
      "is_warmup": false,
      "iteration": 1902,
      "native_traversal_sec": 0.000663421,
      "row_count": 1417
    },
    {
      "elapsed_sec": 0.0008004382252693176,
      "is_warmup": false,
      "iteration": 1903,
      "native_traversal_sec": 0.000759624,
      "row_count": 1417
    },
    {
      "elapsed_sec": 0.0009549856185913086,
      "is_warmup": false,
      "iteration": 1904,
      "native_traversal_sec": 0.000913747,
      "row_count": 1417
    },
    {
      "elapsed_sec": 0.0008291006088256836,
      "is_warmup": false,
      "iteration": 1905,
      "native_traversal_sec": 0.000787457,
      "row_count": 1417
    },
    {
      "elapsed_sec": 0.0008715987205505371,
      "is_warmup": false,
      "iteration": 1906,
      "native_traversal_sec": 0.000831381,
      "row_count": 1417
    },
    {
      "elapsed_sec": 0.0007971376180648804,
      "is_warmup": false,
      "iteration": 1907,
      "native_traversal_sec": 0.000755737,
      "row_count": 1417
    },
    {
      "elapsed_sec": 0.0008186697959899902,
      "is_warmup": false,
      "iteration": 1908,
      "native_traversal_sec": 0.000777899,
      "row_count": 1417
    },
    {
      "elapsed_sec": 0.0008101239800453186,
      "is_warmup": false,
      "iteration": 1909,
      "native_traversal_sec": 0.000768501,
      "row_count": 1417
    },
    {
      "elapsed_sec": 0.0007560700178146362,
      "is_warmup": false,
      "iteration": 1910,
      "native_traversal_sec": 0.000713025,
      "row_count": 1417
    },
    {
      "elapsed_sec": 0.0007558837532997131,
      "is_warmup": false,
      "iteration": 1911,
      "native_traversal_sec": 0.000715841,
      "row_count": 1417
    },
    {
      "elapsed_sec": 0.0007836222648620605,
      "is_warmup": false,
      "iteration": 1912,
      "native_traversal_sec": 0.000744335,
      "row_count": 1417
    },
    {
      "elapsed_sec": 0.0009612441062927246,
      "is_warmup": false,
      "iteration": 1913,
      "native_traversal_sec": 0.000920109,
      "row_count": 1417
    },
    {
      "elapsed_sec": 0.0008936896920204163,
      "is_warmup": false,
      "iteration": 1914,
      "native_traversal_sec": 0.000832181,
      "row_count": 1417
    },
    {
      "elapsed_sec": 0.0008231773972511292,
      "is_warmup": false,
      "iteration": 1915,
      "native_traversal_sec": 0.000780644,
      "row_count": 1417
    },
    {
      "elapsed_sec": 0.0008068084716796875,
      "is_warmup": false,
      "iteration": 1916,
      "native_traversal_sec": 0.000765916,
      "row_count": 1417
    },
    {
      "elapsed_sec": 0.000825539231300354,
      "is_warmup": false,
      "iteration": 1917,
      "native_traversal_sec": 0.000784562,
      "row_count": 1417
    },
    {
      "elapsed_sec": 0.000813014805316925,
      "is_warmup": false,
      "iteration": 1918,
      "native_traversal_sec": 0.000765175,
      "row_count": 1417
    },
    {
      "elapsed_sec": 0.0008510127663612366,
      "is_warmup": false,
      "iteration": 1919,
      "native_traversal_sec": 0.000810801,
      "row_count": 1417
    },
    {
      "elapsed_sec": 0.0008042231202125549,
      "is_warmup": false,
      "iteration": 1920,
      "native_traversal_sec": 0.00076313,
      "row_count": 1417
    },
    {
      "elapsed_sec": 0.0008038133382797241,
      "is_warmup": false,
      "iteration": 1921,
      "native_traversal_sec": 0.000762088,
      "row_count": 1417
    },
    {
      "elapsed_sec": 0.0008115246891975403,
      "is_warmup": false,
      "iteration": 1922,
      "native_traversal_sec": 0.000769933,
      "row_count": 1417
    },
    {
      "elapsed_sec": 0.0009118244051933289,
      "is_warmup": false,
      "iteration": 1923,
      "native_traversal_sec": 0.000870295,
      "row_count": 1417
    },
    {
      "elapsed_sec": 0.0007948949933052063,
      "is_warmup": false,
      "iteration": 1924,
      "native_traversal_sec": 0.000755786,
      "row_count": 1417
    },
    {
      "elapsed_sec": 0.0007857456803321838,
      "is_warmup": false,
      "iteration": 1925,
      "native_traversal_sec": 0.000744655,
      "row_count": 1417
    },
    {
      "elapsed_sec": 0.0007702410221099854,
      "is_warmup": false,
      "iteration": 1926,
      "native_traversal_sec": 0.000728645,
      "row_count": 1417
    },
    {
      "elapsed_sec": 0.0007799491286277771,
      "is_warmup": false,
      "iteration": 1927,
      "native_traversal_sec": 0.000738574,
      "row_count": 1417
    },
    {
      "elapsed_sec": 0.0007729902863502502,
      "is_warmup": false,
      "iteration": 1928,
      "native_traversal_sec": 0.000732312,
      "row_count": 1417
    },
    {
      "elapsed_sec": 0.0007770657539367676,
      "is_warmup": false,
      "iteration": 1929,
      "native_traversal_sec": 0.000737072,
      "row_count": 1417
    },
    {
      "elapsed_sec": 0.0007628872990608215,
      "is_warmup": false,
      "iteration": 1930,
      "native_traversal_sec": 0.000723004,
      "row_count": 1417
    },
    {
      "elapsed_sec": 0.0007552355527877808,
      "is_warmup": false,
      "iteration": 1931,
      "native_traversal_sec": 0.00071558,
      "row_count": 1417
    },
    {
      "elapsed_sec": 0.0007665455341339111,
      "is_warmup": false,
      "iteration": 1932,
      "native_traversal_sec": 0.0007262,
      "row_count": 1417
    },
    {
      "elapsed_sec": 0.0008705183863639832,
      "is_warmup": false,
      "iteration": 1933,
      "native_traversal_sec": 0.000829797,
      "row_count": 1417
    },
    {
      "elapsed_sec": 0.0007556453347206116,
      "is_warmup": false,
      "iteration": 1934,
      "native_traversal_sec": 0.00071539,
      "row_count": 1417
    },
    {
      "elapsed_sec": 0.0007424503564834595,
      "is_warmup": false,
      "iteration": 1935,
      "native_traversal_sec": 0.000702024,
      "row_count": 1417
    },
    {
      "elapsed_sec": 0.0007817372679710388,
      "is_warmup": false,
      "iteration": 1936,
      "native_traversal_sec": 0.00074174,
      "row_count": 1417
    },
    {
      "elapsed_sec": 0.000806175172328949,
      "is_warmup": false,
      "iteration": 1937,
      "native_traversal_sec": 0.000764894,
      "row_count": 1417
    },
    {
      "elapsed_sec": 0.0008201450109481812,
      "is_warmup": false,
      "iteration": 1938,
      "native_traversal_sec": 0.000780003,
      "row_count": 1417
    },
    {
      "elapsed_sec": 0.0007409527897834778,
      "is_warmup": false,
      "iteration": 1939,
      "native_traversal_sec": 0.000701243,
      "row_count": 1417
    },
    {
      "elapsed_sec": 0.0007995292544364929,
      "is_warmup": false,
      "iteration": 1940,
      "native_traversal_sec": 0.000759403,
      "row_count": 1417
    },
    {
      "elapsed_sec": 0.0008038729429244995,
      "is_warmup": false,
      "iteration": 1941,
      "native_traversal_sec": 0.00075729,
      "row_count": 1417
    },
    {
      "elapsed_sec": 0.0008220672607421875,
      "is_warmup": false,
      "iteration": 1942,
      "native_traversal_sec": 0.000780473,
      "row_count": 1417
    },
    {
      "elapsed_sec": 0.0008225515484809875,
      "is_warmup": false,
      "iteration": 1943,
      "native_traversal_sec": 0.000781916,
      "row_count": 1417
    },
    {
      "elapsed_sec": 0.0007777959108352661,
      "is_warmup": false,
      "iteration": 1944,
      "native_traversal_sec": 0.000737121,
      "row_count": 1417
    },
    {
      "elapsed_sec": 0.0007514283061027527,
      "is_warmup": false,
      "iteration": 1945,
      "native_traversal_sec": 0.000711222,
      "row_count": 1417
    },
    {
      "elapsed_sec": 0.0006687045097351074,
      "is_warmup": false,
      "iteration": 1946,
      "native_traversal_sec": 0.000628775,
      "row_count": 1417
    },
    {
      "elapsed_sec": 0.0007425099611282349,
      "is_warmup": false,
      "iteration": 1947,
      "native_traversal_sec": 0.000703868,
      "row_count": 1417
    },
    {
      "elapsed_sec": 0.0006950646638870239,
      "is_warmup": false,
      "iteration": 1948,
      "native_traversal_sec": 0.000655767,
      "row_count": 1417
    },
    {
      "elapsed_sec": 0.0007557347416877747,
      "is_warmup": false,
      "iteration": 1949,
      "native_traversal_sec": 0.000716342,
      "row_count": 1417
    },
    {
      "elapsed_sec": 0.00077085942029953,
      "is_warmup": false,
      "iteration": 1950,
      "native_traversal_sec": 0.000730779,
      "row_count": 1417
    },
    {
      "elapsed_sec": 0.0007580369710922241,
      "is_warmup": false,
      "iteration": 1951,
      "native_traversal_sec": 0.000717134,
      "row_count": 1417
    },
    {
      "elapsed_sec": 0.0007072165608406067,
      "is_warmup": false,
      "iteration": 1952,
      "native_traversal_sec": 0.000667589,
      "row_count": 1417
    },
    {
      "elapsed_sec": 0.0007387623190879822,
      "is_warmup": false,
      "iteration": 1953,
      "native_traversal_sec": 0.0006994,
      "row_count": 1417
    },
    {
      "elapsed_sec": 0.000902906060218811,
      "is_warmup": false,
      "iteration": 1954,
      "native_traversal_sec": 0.000863231,
      "row_count": 1417
    },
    {
      "elapsed_sec": 0.0007917135953903198,
      "is_warmup": false,
      "iteration": 1955,
      "native_traversal_sec": 0.000750727,
      "row_count": 1417
    },
    {
      "elapsed_sec": 0.0008268952369689941,
      "is_warmup": false,
      "iteration": 1956,
      "native_traversal_sec": 0.000785023,
      "row_count": 1417
    },
    {
      "elapsed_sec": 0.0006871223449707031,
      "is_warmup": false,
      "iteration": 1957,
      "native_traversal_sec": 0.00064722,
      "row_count": 1417
    },
    {
      "elapsed_sec": 0.0006671473383903503,
      "is_warmup": false,
      "iteration": 1958,
      "native_traversal_sec": 0.000628695,
      "row_count": 1417
    },
    {
      "elapsed_sec": 0.0007894933223724365,
      "is_warmup": false,
      "iteration": 1959,
      "native_traversal_sec": 0.000750507,
      "row_count": 1417
    },
    {
      "elapsed_sec": 0.0006886273622512817,
      "is_warmup": false,
      "iteration": 1960,
      "native_traversal_sec": 0.000648243,
      "row_count": 1417
    },
    {
      "elapsed_sec": 0.0007459893822669983,
      "is_warmup": false,
      "iteration": 1961,
      "native_traversal_sec": 0.000706042,
      "row_count": 1417
    },
    {
      "elapsed_sec": 0.0007756128907203674,
      "is_warmup": false,
      "iteration": 1962,
      "native_traversal_sec": 0.000735107,
      "row_count": 1417
    },
    {
      "elapsed_sec": 0.0007566288113594055,
      "is_warmup": false,
      "iteration": 1963,
      "native_traversal_sec": 0.000716853,
      "row_count": 1417
    },
    {
      "elapsed_sec": 0.0008181333541870117,
      "is_warmup": false,
      "iteration": 1964,
      "native_traversal_sec": 0.000777839,
      "row_count": 1417
    },
    {
      "elapsed_sec": 0.0007677748799324036,
      "is_warmup": false,
      "iteration": 1965,
      "native_traversal_sec": 0.000726591,
      "row_count": 1417
    },
    {
      "elapsed_sec": 0.0008090510964393616,
      "is_warmup": false,
      "iteration": 1966,
      "native_traversal_sec": 0.000769352,
      "row_count": 1417
    },
    {
      "elapsed_sec": 0.0007857680320739746,
      "is_warmup": false,
      "iteration": 1967,
      "native_traversal_sec": 0.000745858,
      "row_count": 1417
    },
    {
      "elapsed_sec": 0.0008095055818557739,
      "is_warmup": false,
      "iteration": 1968,
      "native_traversal_sec": 0.000769172,
      "row_count": 1417
    },
    {
      "elapsed_sec": 0.0007448345422744751,
      "is_warmup": false,
      "iteration": 1969,
      "native_traversal_sec": 0.000705631,
      "row_count": 1417
    },
    {
      "elapsed_sec": 0.000706501305103302,
      "is_warmup": false,
      "iteration": 1970,
      "native_traversal_sec": 0.000667619,
      "row_count": 1417
    },
    {
      "elapsed_sec": 0.0008010268211364746,
      "is_warmup": false,
      "iteration": 1971,
      "native_traversal_sec": 0.000761868,
      "row_count": 1417
    },
    {
      "elapsed_sec": 0.0008228495717048645,
      "is_warmup": false,
      "iteration": 1972,
      "native_traversal_sec": 0.000782508,
      "row_count": 1417
    },
    {
      "elapsed_sec": 0.0006688982248306274,
      "is_warmup": false,
      "iteration": 1973,
      "native_traversal_sec": 0.000628465,
      "row_count": 1417
    },
    {
      "elapsed_sec": 0.0007802024483680725,
      "is_warmup": false,
      "iteration": 1974,
      "native_traversal_sec": 0.000740277,
      "row_count": 1417
    },
    {
      "elapsed_sec": 0.0009241700172424316,
      "is_warmup": false,
      "iteration": 1975,
      "native_traversal_sec": 0.000845999,
      "row_count": 1417
    },
    {
      "elapsed_sec": 0.0008088797330856323,
      "is_warmup": false,
      "iteration": 1976,
      "native_traversal_sec": 0.00076768,
      "row_count": 1417
    },
    {
      "elapsed_sec": 0.0007658675312995911,
      "is_warmup": false,
      "iteration": 1977,
      "native_traversal_sec": 0.00072576,
      "row_count": 1417
    },
    {
      "elapsed_sec": 0.0006668493151664734,
      "is_warmup": false,
      "iteration": 1978,
      "native_traversal_sec": 0.000625278,
      "row_count": 1417
    },
    {
      "elapsed_sec": 0.0006946399807929993,
      "is_warmup": false,
      "iteration": 1979,
      "native_traversal_sec": 0.000654905,
      "row_count": 1417
    },
    {
      "elapsed_sec": 0.000736922025680542,
      "is_warmup": false,
      "iteration": 1980,
      "native_traversal_sec": 0.000697526,
      "row_count": 1417
    },
    {
      "elapsed_sec": 0.000763431191444397,
      "is_warmup": false,
      "iteration": 1981,
      "native_traversal_sec": 0.000723264,
      "row_count": 1417
    },
    {
      "elapsed_sec": 0.0007522478699684143,
      "is_warmup": false,
      "iteration": 1982,
      "native_traversal_sec": 0.000713266,
      "row_count": 1417
    },
    {
      "elapsed_sec": 0.0007150396704673767,
      "is_warmup": false,
      "iteration": 1983,
      "native_traversal_sec": 0.000673601,
      "row_count": 1417
    },
    {
      "elapsed_sec": 0.0007111206650733948,
      "is_warmup": false,
      "iteration": 1984,
      "native_traversal_sec": 0.000671276,
      "row_count": 1417
    },
    {
      "elapsed_sec": 0.0007806718349456787,
      "is_warmup": false,
      "iteration": 1985,
      "native_traversal_sec": 0.000741169,
      "row_count": 1417
    },
    {
      "elapsed_sec": 0.0006814524531364441,
      "is_warmup": false,
      "iteration": 1986,
      "native_traversal_sec": 0.000642762,
      "row_count": 1417
    },
    {
      "elapsed_sec": 0.0007795542478561401,
      "is_warmup": false,
      "iteration": 1987,
      "native_traversal_sec": 0.000732703,
      "row_count": 1417
    },
    {
      "elapsed_sec": 0.0008227154612541199,
      "is_warmup": false,
      "iteration": 1988,
      "native_traversal_sec": 0.000781506,
      "row_count": 1417
    },
    {
      "elapsed_sec": 0.0007654950022697449,
      "is_warmup": false,
      "iteration": 1989,
      "native_traversal_sec": 0.000724127,
      "row_count": 1417
    },
    {
      "elapsed_sec": 0.0008331164717674255,
      "is_warmup": false,
      "iteration": 1990,
      "native_traversal_sec": 0.000792537,
      "row_count": 1417
    },
    {
      "elapsed_sec": 0.0007689222693443298,
      "is_warmup": false,
      "iteration": 1991,
      "native_traversal_sec": 0.000727894,
      "row_count": 1417
    },
    {
      "elapsed_sec": 0.0007767602801322937,
      "is_warmup": false,
      "iteration": 1992,
      "native_traversal_sec": 0.000730178,
      "row_count": 1417
    },
    {
      "elapsed_sec": 0.0007938668131828308,
      "is_warmup": false,
      "iteration": 1993,
      "native_traversal_sec": 0.000754374,
      "row_count": 1417
    },
    {
      "elapsed_sec": 0.0007971227169036865,
      "is_warmup": false,
      "iteration": 1994,
      "native_traversal_sec": 0.000757009,
      "row_count": 1417
    },
    {
      "elapsed_sec": 0.0009127780795097351,
      "is_warmup": false,
      "iteration": 1995,
      "native_traversal_sec": 0.000873009,
      "row_count": 1417
    },
    {
      "elapsed_sec": 0.0008042827248573303,
      "is_warmup": false,
      "iteration": 1996,
      "native_traversal_sec": 0.000763882,
      "row_count": 1417
    },
    {
      "elapsed_sec": 0.0007682368159294128,
      "is_warmup": false,
      "iteration": 1997,
      "native_traversal_sec": 0.000727493,
      "row_count": 1417
    },
    {
      "elapsed_sec": 0.000779077410697937,
      "is_warmup": false,
      "iteration": 1998,
      "native_traversal_sec": 0.000738835,
      "row_count": 1417
    },
    {
      "elapsed_sec": 0.0008024871349334717,
      "is_warmup": false,
      "iteration": 1999,
      "native_traversal_sec": 0.000761167,
      "row_count": 1417
    },
    {
      "elapsed_sec": 0.0006970539689064026,
      "is_warmup": false,
      "iteration": 2000,
      "native_traversal_sec": 0.000655876,
      "row_count": 1417
    },
    {
      "elapsed_sec": 0.0006735995411872864,
      "is_warmup": false,
      "iteration": 2001,
      "native_traversal_sec": 0.000633254,
      "row_count": 1417
    },
    {
      "elapsed_sec": 0.0007850080728530884,
      "is_warmup": false,
      "iteration": 2002,
      "native_traversal_sec": 0.000745607,
      "row_count": 1417
    },
    {
      "elapsed_sec": 0.0006944835186004639,
      "is_warmup": false,
      "iteration": 2003,
      "native_traversal_sec": 0.000654153,
      "row_count": 1417
    },
    {
      "elapsed_sec": 0.0006811618804931641,
      "is_warmup": false,
      "iteration": 2004,
      "native_traversal_sec": 0.000641409,
      "row_count": 1417
    },
    {
      "elapsed_sec": 0.000743471086025238,
      "is_warmup": false,
      "iteration": 2005,
      "native_traversal_sec": 0.000703757,
      "row_count": 1417
    },
    {
      "elapsed_sec": 0.0009393468499183655,
      "is_warmup": false,
      "iteration": 2006,
      "native_traversal_sec": 0.00089929,
      "row_count": 1417
    },
    {
      "elapsed_sec": 0.0008222535252571106,
      "is_warmup": false,
      "iteration": 2007,
      "native_traversal_sec": 0.000781997,
      "row_count": 1417
    },
    {
      "elapsed_sec": 0.0007463693618774414,
      "is_warmup": false,
      "iteration": 2008,
      "native_traversal_sec": 0.000705891,
      "row_count": 1417
    },
    {
      "elapsed_sec": 0.00075521320104599,
      "is_warmup": false,
      "iteration": 2009,
      "native_traversal_sec": 0.000715159,
      "row_count": 1417
    }
  ],
  "workload": "pip"
}
