{
  "app_level_speed_claim_authorized": false,
  "arbitrary_callback_authorized": false,
  "classification": {
    "app_level_speed_claim_authorized": false,
    "arbitrary_callback_authorized": false,
    "classification": "fail_focused_app_gate_not_high_performance",
    "correctness_all_passed": true,
    "denominator_discovery_complete": true,
    "denominator_quality": "strong_materialized_device_fallback_after_no_custom_repo_route_found",
    "formal_high_performance_authorized": false,
    "min_primary_v3_speedup": 1.0144917291107025,
    "next_goal": "Stop custom-scored app as formal high-performance V4 proof; reselect or redesign the runtime lever",
    "primary_callbacks_min_v3_speedup": [
      {
        "min_v3_speedup": 1.0144917291107025,
        "passes": false,
        "protocol_callback": "affine_score"
      },
      {
        "min_v3_speedup": 1.0170293951384963,
        "passes": false,
        "protocol_callback": "minmax_score"
      },
      {
        "min_v3_speedup": 1.0169551645856982,
        "passes": false,
        "protocol_callback": "threshold_score"
      }
    ],
    "primary_geomean_v2_speedup": 1.0289410940907995,
    "primary_geomean_v3_speedup": 1.0289410940907995,
    "primary_speed_row_count": 12,
    "raw_optix_callback_authorized": false,
    "release_authorized": false,
    "tier3_public_support_authorized": false,
    "weighted_sum_used_as_claim_evidence": false
  },
  "denominator_discovery": {
    "completed_before_v4_timing": true,
    "completed_utc": "2026-06-26T05:48:03Z",
    "fallback_description": "The fallback is not a slow CPU path: it traces the same OptiX geometry, materializes hit IDs on device, then evaluates the callback and reduces in a separate device kernel. It does not get V4's callback-in-hit fusion.",
    "quality": "strong_materialized_device_fallback_after_no_custom_repo_route_found",
    "started_utc": "2026-06-26T05:48:02Z",
    "v2_14": {
      "baseline_reason": "no specialized custom-callback route strings found; use strong device fallback with same OptiX hit discovery, materialized hit IDs, and separate device callback/reduction",
      "exists": true,
      "file_count_scanned": 1056,
      "has_specialized_custom_callback_route": false,
      "has_weighted_sum_route": true,
      "hits": {
        "custom_callbacks": [],
        "specialized_tier3": [],
        "weighted_sum": [
          "src/rtdsl/current_prepared_session_residency_profiles.py",
          "src/rtdsl/embree_runtime.py",
          "src/rtdsl/optix_runtime.py",
          "src/rtdsl/v2_13_embree_cpu_fairness_packet.py",
          "src/native/embree/rtdl_embree_api.cpp",
          "src/native/embree/rtdl_embree_prelude.h",
          "src/native/optix/rtdl_optix_api.cpp",
          "src/native/optix/rtdl_optix_core.cpp",
          "src/native/optix/rtdl_optix_prelude.h",
          "src/native/optix/rtdl_optix_workloads.cpp",
          "scripts/goal3872_prepared_session_amortization_probe.py",
          "scripts/rtdl_human_scale_rt_vs_embree_comparison.py",
          "examples/current/research_benchmarks/triangle_counting/rtdl_triangle_counting_benchmark_app.py"
        ]
      },
      "root": "/root/rtdl_v2_14_tag",
      "selected_baseline": "materialized_hit_id_plus_device_callback_reduce_fallback"
    },
    "v3_0_2": {
      "baseline_reason": "no specialized custom-callback route strings found; use strong device fallback with same OptiX hit discovery, materialized hit IDs, and separate device callback/reduction",
      "exists": true,
      "file_count_scanned": 1239,
      "has_specialized_custom_callback_route": false,
      "has_weighted_sum_route": true,
      "hits": {
        "custom_callbacks": [],
        "specialized_tier3": [],
        "weighted_sum": [
          "src/rtdsl/current_prepared_session_residency_profiles.py",
          "src/rtdsl/embree_runtime.py",
          "src/rtdsl/optix_runtime.py",
          "src/rtdsl/v2_13_embree_cpu_fairness_packet.py",
          "src/native/embree/rtdl_embree_api.cpp",
          "src/native/embree/rtdl_embree_prelude.h",
          "src/native/optix/rtdl_optix_api.cpp",
          "src/native/optix/rtdl_optix_core.cpp",
          "src/native/optix/rtdl_optix_prelude.h",
          "src/native/optix/rtdl_optix_workloads.cpp",
          "scripts/goal3872_prepared_session_amortization_probe.py",
          "scripts/goal4521_m125_triangle_unique_count_gate.py",
          "scripts/goal4530_m133_triangle_device_key_payload_merge.py",
          "scripts/goal4531_m134_triangle_weighted_replay_graph_capture.py",
          "scripts/goal4539_m140_triangle_capture_mode_audit.py",
          "scripts/rtdl_human_scale_rt_vs_embree_comparison.py",
          "examples/current/research_benchmarks/triangle_counting/rtdl_triangle_counting_benchmark_app.py"
        ]
      },
      "root": "/root/rtdl_v3_0_2_tag",
      "selected_baseline": "materialized_hit_id_plus_device_callback_reduce_fallback"
    }
  },
  "dry_run": false,
  "formal_high_performance_authorized": false,
  "loader_compile": {
    "returncode": 0,
    "stderr": "nvcc warning : Support for offline compilation for architectures prior to '<compute/sm/lto>_75' will be removed in a future release (Use -Wno-deprecated-gpu-targets to suppress warning).\n/tmp/rtdl-v4-goal4711-custom-scored-zv6f5_b5/v4_goal4711_custom_scored_app.cu(322): warning #68-D: integer conversion resulted in a change of sign\n          pipeline_options.usesPrimitiveTypeFlags = OPTIX_PRIMITIVE_TYPE_FLAGS_TRIANGLE;\n                                                    ^\n\nRemark: The warnings can be suppressed with \"-diag-suppress <warning-number>\"\n\n/tmp/rtdl-v4-goal4711-custom-scored-zv6f5_b5/v4_goal4711_custom_scored_app.cu(322): warning #68-D: integer conversion resulted in a change of sign\n          pipeline_options.usesPrimitiveTypeFlags = OPTIX_PRIMITIVE_TYPE_FLAGS_TRIANGLE;\n                                                    ^\n\nRemark: The warnings can be suppressed with \"-diag-suppress <warning-number>\"\n\nnvlink warning : Skipping incompatible '/usr/lib/x86_64-linux-gnu/libdl.a' when searching for -ldl",
    "stdout": ""
  },
  "parameters": {
    "regimes": [
      "dense_hits",
      "sparse_hits",
      "no_hit_empty_reduction"
    ],
    "repeat": 7,
    "scales": [
      262144,
      524288
    ],
    "warmups": 2
  },
  "protocol": {
    "app": "ray_triangle_custom_scored_accumulation",
    "app_level_speed_claim_authorized": false,
    "baselines": [
      {
        "name": "v2_14_strongest_available",
        "required_discovery": "discover strongest semantically comparable route before timing: built-in fixed reduction if exactly equivalent, materialized hit IDs plus partner/device reduction, then host scalar fallback only if no stronger route exists",
        "root": "/root/rtdl_v2_14_tag"
      },
      {
        "name": "v3_0_2_strongest_available",
        "required_discovery": "discover strongest semantically comparable current route before timing under the same callback semantics",
        "root": "/root/rtdl_v3_0_2_tag"
      },
      {
        "name": "v4_specialized_callback_candidate",
        "required_discovery": "use the Goal4700-4706 specialized direct-device callback path",
        "root": "/root/rtdl_v4_candidate_pod"
      },
      {
        "name": "v4_tier2_builtin_control",
        "required_discovery": "weighted_sum only; context/control row, not primary app-level win evidence",
        "root": "/root/rtdl_v4_candidate_pod"
      }
    ],
    "control_callbacks": [
      "weighted_sum"
    ],
    "kill_conditions": [
      "any correctness failure kills the goal",
      "if V2/V3 denominator discovery is missing or only a known-slow fallback is used without proof no stronger route exists, the result is invalid",
      "if the win comes only from weighted_sum or operator-only rows, the app-level claim is invalid",
      "if primary custom-callback geomean over V3.0.2 is <1.20x, do not continue toward high-performance wording",
      "if any primary callback regresses below 0.95x versus V3.0.2, stop and diagnose before more POD spend"
    ],
    "next_goal": "Goal4711 ray-triangle custom scored accumulation focused POD benchmark",
    "pass_conditions": [
      "correctness must pass for every callback x regime x scale x implementation row",
      "primary custom-callback geomean speedup over strongest V2.14 baseline must be >=1.50x",
      "primary custom-callback geomean speedup over strongest V3.0.2 baseline must be >=1.20x",
      "every primary callback must be >=1.10x over the strongest V3.0.2 baseline in both dense and sparse regimes",
      "weighted_sum is a control row only and cannot by itself support the app-level claim",
      "all denominators and fallback selections must be recorded before reading V4 timing"
    ],
    "performance_claim_authorized": false,
    "pod_authorized_for_next_goal": true,
    "primary_callbacks": [
      "affine_score",
      "threshold_score",
      "minmax_score"
    ],
    "regimes": [
      "dense_hits",
      "sparse_hits",
      "no_hit_empty_reduction"
    ],
    "release_authorized": false,
    "scales": [
      262144,
      524288
    ],
    "status": "goal4710_ray_triangle_custom_scored_app_protocol_frozen_not_run"
  },
  "protocol_validation": {
    "missing_or_invalid": [],
    "protocol": {
      "app": "ray_triangle_custom_scored_accumulation",
      "app_level_speed_claim_authorized": false,
      "baselines": [
        {
          "name": "v2_14_strongest_available",
          "required_discovery": "discover strongest semantically comparable route before timing: built-in fixed reduction if exactly equivalent, materialized hit IDs plus partner/device reduction, then host scalar fallback only if no stronger route exists",
          "root": "/root/rtdl_v2_14_tag"
        },
        {
          "name": "v3_0_2_strongest_available",
          "required_discovery": "discover strongest semantically comparable current route before timing under the same callback semantics",
          "root": "/root/rtdl_v3_0_2_tag"
        },
        {
          "name": "v4_specialized_callback_candidate",
          "required_discovery": "use the Goal4700-4706 specialized direct-device callback path",
          "root": "/root/rtdl_v4_candidate_pod"
        },
        {
          "name": "v4_tier2_builtin_control",
          "required_discovery": "weighted_sum only; context/control row, not primary app-level win evidence",
          "root": "/root/rtdl_v4_candidate_pod"
        }
      ],
      "control_callbacks": [
        "weighted_sum"
      ],
      "kill_conditions": [
        "any correctness failure kills the goal",
        "if V2/V3 denominator discovery is missing or only a known-slow fallback is used without proof no stronger route exists, the result is invalid",
        "if the win comes only from weighted_sum or operator-only rows, the app-level claim is invalid",
        "if primary custom-callback geomean over V3.0.2 is <1.20x, do not continue toward high-performance wording",
        "if any primary callback regresses below 0.95x versus V3.0.2, stop and diagnose before more POD spend"
      ],
      "next_goal": "Goal4711 ray-triangle custom scored accumulation focused POD benchmark",
      "pass_conditions": [
        "correctness must pass for every callback x regime x scale x implementation row",
        "primary custom-callback geomean speedup over strongest V2.14 baseline must be >=1.50x",
        "primary custom-callback geomean speedup over strongest V3.0.2 baseline must be >=1.20x",
        "every primary callback must be >=1.10x over the strongest V3.0.2 baseline in both dense and sparse regimes",
        "weighted_sum is a control row only and cannot by itself support the app-level claim",
        "all denominators and fallback selections must be recorded before reading V4 timing"
      ],
      "performance_claim_authorized": false,
      "pod_authorized_for_next_goal": true,
      "primary_callbacks": [
        "affine_score",
        "threshold_score",
        "minmax_score"
      ],
      "regimes": [
        "dense_hits",
        "sparse_hits",
        "no_hit_empty_reduction"
      ],
      "release_authorized": false,
      "scales": [
        262144,
        524288
      ],
      "status": "goal4710_ray_triangle_custom_scored_app_protocol_frozen_not_run"
    },
    "status": "passed"
  },
  "raw_optix_callback_authorized": false,
  "release_authorized": false,
  "result_contract_validation": {
    "failing_example": {
      "app_level_speed_claim_authorized": false,
      "arbitrary_callback_authorized": false,
      "classification": "fail_focused_app_gate_not_high_performance",
      "correctness_all_passed": true,
      "denominator_discovery_complete": true,
      "denominator_quality": "strong_materialized_device_fallback_after_no_custom_repo_route_found",
      "formal_high_performance_authorized": false,
      "min_primary_v3_speedup": 1.01,
      "next_goal": "Stop custom-scored app as formal high-performance V4 proof; reselect or redesign the runtime lever",
      "primary_callbacks_min_v3_speedup": [
        {
          "min_v3_speedup": 1.01,
          "passes": false,
          "protocol_callback": "affine_score"
        },
        {
          "min_v3_speedup": 1.01,
          "passes": false,
          "protocol_callback": "minmax_score"
        },
        {
          "min_v3_speedup": 1.01,
          "passes": false,
          "protocol_callback": "threshold_score"
        }
      ],
      "primary_geomean_v2_speedup": 1.6,
      "primary_geomean_v3_speedup": 1.01,
      "primary_speed_row_count": 12,
      "raw_optix_callback_authorized": false,
      "release_authorized": false,
      "tier3_public_support_authorized": false,
      "weighted_sum_used_as_claim_evidence": false
    },
    "goal_status": "goal4711_ray_triangle_custom_scored_app_focused_result_pending_pod",
    "missing_or_invalid": [],
    "passing_example": {
      "app_level_speed_claim_authorized": false,
      "arbitrary_callback_authorized": false,
      "classification": "pass_numeric_gate_pending_external_denominator_review_not_release",
      "correctness_all_passed": true,
      "denominator_discovery_complete": true,
      "denominator_quality": "strong_materialized_device_fallback_after_no_custom_repo_route_found",
      "formal_high_performance_authorized": false,
      "min_primary_v3_speedup": 1.3,
      "next_goal": "Goal4712 external denominator review for custom-scored app and release-hardening decision",
      "primary_callbacks_min_v3_speedup": [
        {
          "min_v3_speedup": 1.3,
          "passes": true,
          "protocol_callback": "affine_score"
        },
        {
          "min_v3_speedup": 1.3,
          "passes": true,
          "protocol_callback": "minmax_score"
        },
        {
          "min_v3_speedup": 1.3,
          "passes": true,
          "protocol_callback": "threshold_score"
        }
      ],
      "primary_geomean_v2_speedup": 1.6,
      "primary_geomean_v3_speedup": 1.3,
      "primary_speed_row_count": 12,
      "raw_optix_callback_authorized": false,
      "release_authorized": false,
      "tier3_public_support_authorized": false,
      "weighted_sum_used_as_claim_evidence": false
    },
    "status": "passed",
    "weighted_control_claim_example": {
      "app_level_speed_claim_authorized": false,
      "arbitrary_callback_authorized": false,
      "classification": "fail_focused_app_gate_not_high_performance",
      "correctness_all_passed": true,
      "denominator_discovery_complete": true,
      "denominator_quality": "strong_materialized_device_fallback_after_no_custom_repo_route_found",
      "formal_high_performance_authorized": false,
      "min_primary_v3_speedup": 1.3,
      "next_goal": "Stop custom-scored app as formal high-performance V4 proof; reselect or redesign the runtime lever",
      "primary_callbacks_min_v3_speedup": [
        {
          "min_v3_speedup": 1.3,
          "passes": true,
          "protocol_callback": "affine_score"
        },
        {
          "min_v3_speedup": 1.3,
          "passes": true,
          "protocol_callback": "minmax_score"
        },
        {
          "min_v3_speedup": 1.3,
          "passes": true,
          "protocol_callback": "threshold_score"
        }
      ],
      "primary_geomean_v2_speedup": 1.6,
      "primary_geomean_v3_speedup": 1.3,
      "primary_speed_row_count": 12,
      "raw_optix_callback_authorized": false,
      "release_authorized": false,
      "tier3_public_support_authorized": false,
      "weighted_sum_used_as_claim_evidence": true
    }
  },
  "rows": [
    {
      "callback_role": "control",
      "counts_toward_primary_claim": false,
      "expected_sum": 34359869440,
      "global_atomic_control_correctness_passed": true,
      "global_atomic_control_median_s": 0.000213472,
      "global_atomic_control_output_sum": 34359869440,
      "materialized_fallback_correctness_passed": true,
      "materialized_fallback_median_s": 0.000248832,
      "materialized_fallback_output_sum": 34359869440,
      "parsed": {
        "dataset": "dense_hits",
        "expected_sum": 34359869440,
        "global_atomic_control_correctness_passed": true,
        "global_atomic_control_median_ms": 0.213472,
        "global_atomic_control_median_s": 0.000213472,
        "global_atomic_control_output_sum": 34359869440,
        "global_atomic_control_sample_count": 7,
        "hit_count": 262144,
        "hit_id_fallback_correctness_passed": true,
        "hit_id_fallback_median_ms": 0.248832,
        "hit_id_fallback_median_s": 0.000248832,
        "hit_id_fallback_output_sum": 34359869440,
        "hit_id_fallback_sample_count": 7,
        "ray_count": 262144,
        "samples_ms": {
          "global_atomic_control": [
            0.214272,
            0.213824,
            0.213472,
            0.21216,
            0.206592,
            0.213824,
            0.207808
          ],
          "hit_id_fallback": [
            0.243456,
            0.24288,
            0.242688,
            0.248832,
            0.248896,
            0.251904,
            0.25696
          ],
          "v4_callback_contribution": [
            0.242656,
            0.241952,
            0.240704,
            0.24144,
            0.24048,
            0.250112,
            0.24128
          ]
        },
        "v4_callback_contribution_correctness_passed": true,
        "v4_callback_contribution_median_ms": 0.24144,
        "v4_callback_contribution_median_s": 0.00024144,
        "v4_callback_contribution_output_sum": 34359869440,
        "v4_callback_contribution_sample_count": 7,
        "variant": "custom_scalar_reduce_weighted_sum"
      },
      "protocol_callback": "weighted_sum",
      "regime": "dense_hits",
      "returncode": 0,
      "route_boundary": "v4_callback_in_hit_contribution_route_vs_materialized_hit_id_device_callback_reduce_fallback",
      "scale": 262144,
      "stderr": "",
      "stdout": "optix_module_create_result=0\nraygen_program_group_result=0\nmiss_program_group_result=0\nhit_program_group_result=0\npipeline_create_result=0\nsample_global_atomic_control_ms=0.214272\nsample_global_atomic_control_ms=0.213824\nsample_global_atomic_control_ms=0.213472\nsample_global_atomic_control_ms=0.21216\nsample_global_atomic_control_ms=0.206592\nsample_global_atomic_control_ms=0.213824\nsample_global_atomic_control_ms=0.207808\noutput_global_atomic_control=34359869440\nsample_v4_callback_contribution_ms=0.242656\nsample_v4_callback_contribution_ms=0.241952\nsample_v4_callback_contribution_ms=0.240704\nsample_v4_callback_contribution_ms=0.24144\nsample_v4_callback_contribution_ms=0.24048\nsample_v4_callback_contribution_ms=0.250112\nsample_v4_callback_contribution_ms=0.24128\noutput_v4_callback_contribution=34359869440\nsample_hit_id_fallback_ms=0.243456\nsample_hit_id_fallback_ms=0.24288\nsample_hit_id_fallback_ms=0.242688\nsample_hit_id_fallback_ms=0.248832\nsample_hit_id_fallback_ms=0.248896\nsample_hit_id_fallback_ms=0.251904\nsample_hit_id_fallback_ms=0.25696\noutput_hit_id_fallback=34359869440\nvariant=custom_scalar_reduce_weighted_sum\ndataset=dense_hits\nray_count=262144\nhit_count=262144\nexpected_sum=34359869440",
      "v2_baseline_median_s": 0.000248832,
      "v2_baseline_over_v4_ratio": 1.0306163021868788,
      "v2_baseline_selected": "materialized_hit_id_plus_device_callback_reduce_fallback",
      "v3_baseline_median_s": 0.000248832,
      "v3_baseline_over_v4_ratio": 1.0306163021868788,
      "v3_baseline_selected": "materialized_hit_id_plus_device_callback_reduce_fallback",
      "v4_fused_correctness_passed": true,
      "v4_fused_median_s": 0.00024144,
      "v4_fused_output_sum": 34359869440,
      "variant": "custom_scalar_reduce_weighted_sum"
    },
    {
      "callback_role": "control",
      "counts_toward_primary_claim": false,
      "expected_sum": 2147516416,
      "global_atomic_control_correctness_passed": true,
      "global_atomic_control_median_s": 7.904e-05,
      "global_atomic_control_output_sum": 2147516416,
      "materialized_fallback_correctness_passed": true,
      "materialized_fallback_median_s": 0.0001168,
      "materialized_fallback_output_sum": 2147516416,
      "parsed": {
        "dataset": "sparse_hits",
        "expected_sum": 2147516416,
        "global_atomic_control_correctness_passed": true,
        "global_atomic_control_median_ms": 0.07904,
        "global_atomic_control_median_s": 7.904e-05,
        "global_atomic_control_output_sum": 2147516416,
        "global_atomic_control_sample_count": 7,
        "hit_count": 65536,
        "hit_id_fallback_correctness_passed": true,
        "hit_id_fallback_median_ms": 0.1168,
        "hit_id_fallback_median_s": 0.0001168,
        "hit_id_fallback_output_sum": 2147516416,
        "hit_id_fallback_sample_count": 7,
        "ray_count": 262144,
        "samples_ms": {
          "global_atomic_control": [
            0.081568,
            0.080288,
            0.072608,
            0.075552,
            0.080384,
            0.07904,
            0.072736
          ],
          "hit_id_fallback": [
            0.10864,
            0.108448,
            0.10672,
            0.11872,
            0.1168,
            0.119392,
            0.124128
          ],
          "v4_callback_contribution": [
            0.115616,
            0.119712,
            0.10944,
            0.110368,
            0.109024,
            0.11504,
            0.107712
          ]
        },
        "v4_callback_contribution_correctness_passed": true,
        "v4_callback_contribution_median_ms": 0.110368,
        "v4_callback_contribution_median_s": 0.000110368,
        "v4_callback_contribution_output_sum": 2147516416,
        "v4_callback_contribution_sample_count": 7,
        "variant": "custom_scalar_reduce_weighted_sum"
      },
      "protocol_callback": "weighted_sum",
      "regime": "sparse_hits",
      "returncode": 0,
      "route_boundary": "v4_callback_in_hit_contribution_route_vs_materialized_hit_id_device_callback_reduce_fallback",
      "scale": 262144,
      "stderr": "",
      "stdout": "optix_module_create_result=0\nraygen_program_group_result=0\nmiss_program_group_result=0\nhit_program_group_result=0\npipeline_create_result=0\nsample_global_atomic_control_ms=0.081568\nsample_global_atomic_control_ms=0.080288\nsample_global_atomic_control_ms=0.072608\nsample_global_atomic_control_ms=0.075552\nsample_global_atomic_control_ms=0.080384\nsample_global_atomic_control_ms=0.07904\nsample_global_atomic_control_ms=0.072736\noutput_global_atomic_control=2147516416\nsample_v4_callback_contribution_ms=0.115616\nsample_v4_callback_contribution_ms=0.119712\nsample_v4_callback_contribution_ms=0.10944\nsample_v4_callback_contribution_ms=0.110368\nsample_v4_callback_contribution_ms=0.109024\nsample_v4_callback_contribution_ms=0.11504\nsample_v4_callback_contribution_ms=0.107712\noutput_v4_callback_contribution=2147516416\nsample_hit_id_fallback_ms=0.10864\nsample_hit_id_fallback_ms=0.108448\nsample_hit_id_fallback_ms=0.10672\nsample_hit_id_fallback_ms=0.11872\nsample_hit_id_fallback_ms=0.1168\nsample_hit_id_fallback_ms=0.119392\nsample_hit_id_fallback_ms=0.124128\noutput_hit_id_fallback=2147516416\nvariant=custom_scalar_reduce_weighted_sum\ndataset=sparse_hits\nray_count=262144\nhit_count=65536\nexpected_sum=2147516416",
      "v2_baseline_median_s": 0.0001168,
      "v2_baseline_over_v4_ratio": 1.0582777616700494,
      "v2_baseline_selected": "materialized_hit_id_plus_device_callback_reduce_fallback",
      "v3_baseline_median_s": 0.0001168,
      "v3_baseline_over_v4_ratio": 1.0582777616700494,
      "v3_baseline_selected": "materialized_hit_id_plus_device_callback_reduce_fallback",
      "v4_fused_correctness_passed": true,
      "v4_fused_median_s": 0.000110368,
      "v4_fused_output_sum": 2147516416,
      "variant": "custom_scalar_reduce_weighted_sum"
    },
    {
      "callback_role": "control",
      "counts_toward_primary_claim": false,
      "expected_sum": 0,
      "global_atomic_control_correctness_passed": true,
      "global_atomic_control_median_s": 4.704e-05,
      "global_atomic_control_output_sum": 0,
      "materialized_fallback_correctness_passed": true,
      "materialized_fallback_median_s": 5.9424e-05,
      "materialized_fallback_output_sum": 0,
      "parsed": {
        "dataset": "no_hit_empty_reduction",
        "expected_sum": 0,
        "global_atomic_control_correctness_passed": true,
        "global_atomic_control_median_ms": 0.04704,
        "global_atomic_control_median_s": 4.704e-05,
        "global_atomic_control_output_sum": 0,
        "global_atomic_control_sample_count": 7,
        "hit_count": 0,
        "hit_id_fallback_correctness_passed": true,
        "hit_id_fallback_median_ms": 0.059424,
        "hit_id_fallback_median_s": 5.9424e-05,
        "hit_id_fallback_output_sum": 0,
        "hit_id_fallback_sample_count": 7,
        "ray_count": 262144,
        "samples_ms": {
          "global_atomic_control": [
            0.048928,
            0.047072,
            0.04704,
            0.046176,
            0.047104,
            0.046272,
            0.045088
          ],
          "hit_id_fallback": [
            0.05744,
            0.057952,
            0.053952,
            0.059424,
            0.064608,
            0.059488,
            0.062432
          ],
          "v4_callback_contribution": [
            0.061952,
            0.057792,
            0.05744,
            0.052128,
            0.053408,
            0.055424,
            0.054432
          ]
        },
        "v4_callback_contribution_correctness_passed": true,
        "v4_callback_contribution_median_ms": 0.055424,
        "v4_callback_contribution_median_s": 5.5424e-05,
        "v4_callback_contribution_output_sum": 0,
        "v4_callback_contribution_sample_count": 7,
        "variant": "custom_scalar_reduce_weighted_sum"
      },
      "protocol_callback": "weighted_sum",
      "regime": "no_hit_empty_reduction",
      "returncode": 0,
      "route_boundary": "v4_callback_in_hit_contribution_route_vs_materialized_hit_id_device_callback_reduce_fallback",
      "scale": 262144,
      "stderr": "",
      "stdout": "optix_module_create_result=0\nraygen_program_group_result=0\nmiss_program_group_result=0\nhit_program_group_result=0\npipeline_create_result=0\nsample_global_atomic_control_ms=0.048928\nsample_global_atomic_control_ms=0.047072\nsample_global_atomic_control_ms=0.04704\nsample_global_atomic_control_ms=0.046176\nsample_global_atomic_control_ms=0.047104\nsample_global_atomic_control_ms=0.046272\nsample_global_atomic_control_ms=0.045088\noutput_global_atomic_control=0\nsample_v4_callback_contribution_ms=0.061952\nsample_v4_callback_contribution_ms=0.057792\nsample_v4_callback_contribution_ms=0.05744\nsample_v4_callback_contribution_ms=0.052128\nsample_v4_callback_contribution_ms=0.053408\nsample_v4_callback_contribution_ms=0.055424\nsample_v4_callback_contribution_ms=0.054432\noutput_v4_callback_contribution=0\nsample_hit_id_fallback_ms=0.05744\nsample_hit_id_fallback_ms=0.057952\nsample_hit_id_fallback_ms=0.053952\nsample_hit_id_fallback_ms=0.059424\nsample_hit_id_fallback_ms=0.064608\nsample_hit_id_fallback_ms=0.059488\nsample_hit_id_fallback_ms=0.062432\noutput_hit_id_fallback=0\nvariant=custom_scalar_reduce_weighted_sum\ndataset=no_hit_empty_reduction\nray_count=262144\nhit_count=0\nexpected_sum=0",
      "v2_baseline_median_s": 5.9424e-05,
      "v2_baseline_over_v4_ratio": 1.0721709006928406,
      "v2_baseline_selected": "materialized_hit_id_plus_device_callback_reduce_fallback",
      "v3_baseline_median_s": 5.9424e-05,
      "v3_baseline_over_v4_ratio": 1.0721709006928406,
      "v3_baseline_selected": "materialized_hit_id_plus_device_callback_reduce_fallback",
      "v4_fused_correctness_passed": true,
      "v4_fused_median_s": 5.5424e-05,
      "v4_fused_output_sum": 0,
      "variant": "custom_scalar_reduce_weighted_sum"
    },
    {
      "callback_role": "control",
      "counts_toward_primary_claim": false,
      "expected_sum": 137439215616,
      "global_atomic_control_correctness_passed": true,
      "global_atomic_control_median_s": 0.00039350400000000003,
      "global_atomic_control_output_sum": 137439215616,
      "materialized_fallback_correctness_passed": true,
      "materialized_fallback_median_s": 0.0004584,
      "materialized_fallback_output_sum": 137439215616,
      "parsed": {
        "dataset": "dense_hits",
        "expected_sum": 137439215616,
        "global_atomic_control_correctness_passed": true,
        "global_atomic_control_median_ms": 0.393504,
        "global_atomic_control_median_s": 0.00039350400000000003,
        "global_atomic_control_output_sum": 137439215616,
        "global_atomic_control_sample_count": 7,
        "hit_count": 524288,
        "hit_id_fallback_correctness_passed": true,
        "hit_id_fallback_median_ms": 0.4584,
        "hit_id_fallback_median_s": 0.0004584,
        "hit_id_fallback_output_sum": 137439215616,
        "hit_id_fallback_sample_count": 7,
        "ray_count": 524288,
        "samples_ms": {
          "global_atomic_control": [
            0.396768,
            0.400704,
            0.395904,
            0.391424,
            0.392256,
            0.391424,
            0.393504
          ],
          "hit_id_fallback": [
            0.457856,
            0.452352,
            0.457152,
            0.4584,
            0.464032,
            0.462016,
            0.465024
          ],
          "v4_callback_contribution": [
            0.455232,
            0.452288,
            0.450784,
            0.457952,
            0.451296,
            0.451968,
            0.449824
          ]
        },
        "v4_callback_contribution_correctness_passed": true,
        "v4_callback_contribution_median_ms": 0.451968,
        "v4_callback_contribution_median_s": 0.00045196799999999997,
        "v4_callback_contribution_output_sum": 137439215616,
        "v4_callback_contribution_sample_count": 7,
        "variant": "custom_scalar_reduce_weighted_sum"
      },
      "protocol_callback": "weighted_sum",
      "regime": "dense_hits",
      "returncode": 0,
      "route_boundary": "v4_callback_in_hit_contribution_route_vs_materialized_hit_id_device_callback_reduce_fallback",
      "scale": 524288,
      "stderr": "",
      "stdout": "optix_module_create_result=0\nraygen_program_group_result=0\nmiss_program_group_result=0\nhit_program_group_result=0\npipeline_create_result=0\nsample_global_atomic_control_ms=0.396768\nsample_global_atomic_control_ms=0.400704\nsample_global_atomic_control_ms=0.395904\nsample_global_atomic_control_ms=0.391424\nsample_global_atomic_control_ms=0.392256\nsample_global_atomic_control_ms=0.391424\nsample_global_atomic_control_ms=0.393504\noutput_global_atomic_control=137439215616\nsample_v4_callback_contribution_ms=0.455232\nsample_v4_callback_contribution_ms=0.452288\nsample_v4_callback_contribution_ms=0.450784\nsample_v4_callback_contribution_ms=0.457952\nsample_v4_callback_contribution_ms=0.451296\nsample_v4_callback_contribution_ms=0.451968\nsample_v4_callback_contribution_ms=0.449824\noutput_v4_callback_contribution=137439215616\nsample_hit_id_fallback_ms=0.457856\nsample_hit_id_fallback_ms=0.452352\nsample_hit_id_fallback_ms=0.457152\nsample_hit_id_fallback_ms=0.4584\nsample_hit_id_fallback_ms=0.464032\nsample_hit_id_fallback_ms=0.462016\nsample_hit_id_fallback_ms=0.465024\noutput_hit_id_fallback=137439215616\nvariant=custom_scalar_reduce_weighted_sum\ndataset=dense_hits\nray_count=524288\nhit_count=524288\nexpected_sum=137439215616",
      "v2_baseline_median_s": 0.0004584,
      "v2_baseline_over_v4_ratio": 1.014231096006797,
      "v2_baseline_selected": "materialized_hit_id_plus_device_callback_reduce_fallback",
      "v3_baseline_median_s": 0.0004584,
      "v3_baseline_over_v4_ratio": 1.014231096006797,
      "v3_baseline_selected": "materialized_hit_id_plus_device_callback_reduce_fallback",
      "v4_fused_correctness_passed": true,
      "v4_fused_median_s": 0.00045196799999999997,
      "v4_fused_output_sum": 137439215616,
      "variant": "custom_scalar_reduce_weighted_sum"
    },
    {
      "callback_role": "control",
      "counts_toward_primary_claim": false,
      "expected_sum": 8590000128,
      "global_atomic_control_correctness_passed": true,
      "global_atomic_control_median_s": 0.00012912,
      "global_atomic_control_output_sum": 8590000128,
      "materialized_fallback_correctness_passed": true,
      "materialized_fallback_median_s": 0.000204064,
      "materialized_fallback_output_sum": 8590000128,
      "parsed": {
        "dataset": "sparse_hits",
        "expected_sum": 8590000128,
        "global_atomic_control_correctness_passed": true,
        "global_atomic_control_median_ms": 0.12912,
        "global_atomic_control_median_s": 0.00012912,
        "global_atomic_control_output_sum": 8590000128,
        "global_atomic_control_sample_count": 7,
        "hit_count": 131072,
        "hit_id_fallback_correctness_passed": true,
        "hit_id_fallback_median_ms": 0.204064,
        "hit_id_fallback_median_s": 0.000204064,
        "hit_id_fallback_output_sum": 8590000128,
        "hit_id_fallback_sample_count": 7,
        "ray_count": 524288,
        "samples_ms": {
          "global_atomic_control": [
            0.131584,
            0.131744,
            0.129088,
            0.127648,
            0.13472,
            0.12912,
            0.124832
          ],
          "hit_id_fallback": [
            0.196,
            0.195904,
            0.204064,
            0.208928,
            0.212992,
            0.202656,
            0.208224
          ],
          "v4_callback_contribution": [
            0.196224,
            0.200096,
            0.195584,
            0.196256,
            0.203936,
            0.195712,
            0.1976
          ]
        },
        "v4_callback_contribution_correctness_passed": true,
        "v4_callback_contribution_median_ms": 0.196256,
        "v4_callback_contribution_median_s": 0.000196256,
        "v4_callback_contribution_output_sum": 8590000128,
        "v4_callback_contribution_sample_count": 7,
        "variant": "custom_scalar_reduce_weighted_sum"
      },
      "protocol_callback": "weighted_sum",
      "regime": "sparse_hits",
      "returncode": 0,
      "route_boundary": "v4_callback_in_hit_contribution_route_vs_materialized_hit_id_device_callback_reduce_fallback",
      "scale": 524288,
      "stderr": "",
      "stdout": "optix_module_create_result=0\nraygen_program_group_result=0\nmiss_program_group_result=0\nhit_program_group_result=0\npipeline_create_result=0\nsample_global_atomic_control_ms=0.131584\nsample_global_atomic_control_ms=0.131744\nsample_global_atomic_control_ms=0.129088\nsample_global_atomic_control_ms=0.127648\nsample_global_atomic_control_ms=0.13472\nsample_global_atomic_control_ms=0.12912\nsample_global_atomic_control_ms=0.124832\noutput_global_atomic_control=8590000128\nsample_v4_callback_contribution_ms=0.196224\nsample_v4_callback_contribution_ms=0.200096\nsample_v4_callback_contribution_ms=0.195584\nsample_v4_callback_contribution_ms=0.196256\nsample_v4_callback_contribution_ms=0.203936\nsample_v4_callback_contribution_ms=0.195712\nsample_v4_callback_contribution_ms=0.1976\noutput_v4_callback_contribution=8590000128\nsample_hit_id_fallback_ms=0.196\nsample_hit_id_fallback_ms=0.195904\nsample_hit_id_fallback_ms=0.204064\nsample_hit_id_fallback_ms=0.208928\nsample_hit_id_fallback_ms=0.212992\nsample_hit_id_fallback_ms=0.202656\nsample_hit_id_fallback_ms=0.208224\noutput_hit_id_fallback=8590000128\nvariant=custom_scalar_reduce_weighted_sum\ndataset=sparse_hits\nray_count=524288\nhit_count=131072\nexpected_sum=8590000128",
      "v2_baseline_median_s": 0.000204064,
      "v2_baseline_over_v4_ratio": 1.0397847709114625,
      "v2_baseline_selected": "materialized_hit_id_plus_device_callback_reduce_fallback",
      "v3_baseline_median_s": 0.000204064,
      "v3_baseline_over_v4_ratio": 1.0397847709114625,
      "v3_baseline_selected": "materialized_hit_id_plus_device_callback_reduce_fallback",
      "v4_fused_correctness_passed": true,
      "v4_fused_median_s": 0.000196256,
      "v4_fused_output_sum": 8590000128,
      "variant": "custom_scalar_reduce_weighted_sum"
    },
    {
      "callback_role": "control",
      "counts_toward_primary_claim": false,
      "expected_sum": 0,
      "global_atomic_control_correctness_passed": true,
      "global_atomic_control_median_s": 7.075199999999999e-05,
      "global_atomic_control_output_sum": 0,
      "materialized_fallback_correctness_passed": true,
      "materialized_fallback_median_s": 8.7104e-05,
      "materialized_fallback_output_sum": 0,
      "parsed": {
        "dataset": "no_hit_empty_reduction",
        "expected_sum": 0,
        "global_atomic_control_correctness_passed": true,
        "global_atomic_control_median_ms": 0.070752,
        "global_atomic_control_median_s": 7.075199999999999e-05,
        "global_atomic_control_output_sum": 0,
        "global_atomic_control_sample_count": 7,
        "hit_count": 0,
        "hit_id_fallback_correctness_passed": true,
        "hit_id_fallback_median_ms": 0.087104,
        "hit_id_fallback_median_s": 8.7104e-05,
        "hit_id_fallback_output_sum": 0,
        "hit_id_fallback_sample_count": 7,
        "ray_count": 524288,
        "samples_ms": {
          "global_atomic_control": [
            0.071264,
            0.07232,
            0.070336,
            0.072736,
            0.070752,
            0.069824,
            0.069792
          ],
          "hit_id_fallback": [
            0.083168,
            0.077888,
            0.083392,
            0.087136,
            0.088288,
            0.090368,
            0.087104
          ],
          "v4_callback_contribution": [
            0.084608,
            0.082304,
            0.08096,
            0.080416,
            0.080576,
            0.08224,
            0.08512
          ]
        },
        "v4_callback_contribution_correctness_passed": true,
        "v4_callback_contribution_median_ms": 0.08224,
        "v4_callback_contribution_median_s": 8.224e-05,
        "v4_callback_contribution_output_sum": 0,
        "v4_callback_contribution_sample_count": 7,
        "variant": "custom_scalar_reduce_weighted_sum"
      },
      "protocol_callback": "weighted_sum",
      "regime": "no_hit_empty_reduction",
      "returncode": 0,
      "route_boundary": "v4_callback_in_hit_contribution_route_vs_materialized_hit_id_device_callback_reduce_fallback",
      "scale": 524288,
      "stderr": "",
      "stdout": "optix_module_create_result=0\nraygen_program_group_result=0\nmiss_program_group_result=0\nhit_program_group_result=0\npipeline_create_result=0\nsample_global_atomic_control_ms=0.071264\nsample_global_atomic_control_ms=0.07232\nsample_global_atomic_control_ms=0.070336\nsample_global_atomic_control_ms=0.072736\nsample_global_atomic_control_ms=0.070752\nsample_global_atomic_control_ms=0.069824\nsample_global_atomic_control_ms=0.069792\noutput_global_atomic_control=0\nsample_v4_callback_contribution_ms=0.084608\nsample_v4_callback_contribution_ms=0.082304\nsample_v4_callback_contribution_ms=0.08096\nsample_v4_callback_contribution_ms=0.080416\nsample_v4_callback_contribution_ms=0.080576\nsample_v4_callback_contribution_ms=0.08224\nsample_v4_callback_contribution_ms=0.08512\noutput_v4_callback_contribution=0\nsample_hit_id_fallback_ms=0.083168\nsample_hit_id_fallback_ms=0.077888\nsample_hit_id_fallback_ms=0.083392\nsample_hit_id_fallback_ms=0.087136\nsample_hit_id_fallback_ms=0.088288\nsample_hit_id_fallback_ms=0.090368\nsample_hit_id_fallback_ms=0.087104\noutput_hit_id_fallback=0\nvariant=custom_scalar_reduce_weighted_sum\ndataset=no_hit_empty_reduction\nray_count=524288\nhit_count=0\nexpected_sum=0",
      "v2_baseline_median_s": 8.7104e-05,
      "v2_baseline_over_v4_ratio": 1.0591439688715953,
      "v2_baseline_selected": "materialized_hit_id_plus_device_callback_reduce_fallback",
      "v3_baseline_median_s": 8.7104e-05,
      "v3_baseline_over_v4_ratio": 1.0591439688715953,
      "v3_baseline_selected": "materialized_hit_id_plus_device_callback_reduce_fallback",
      "v4_fused_correctness_passed": true,
      "v4_fused_median_s": 8.224e-05,
      "v4_fused_output_sum": 0,
      "variant": "custom_scalar_reduce_weighted_sum"
    },
    {
      "callback_role": "primary",
      "counts_toward_primary_claim": true,
      "expected_sum": 68720525312,
      "global_atomic_control_correctness_passed": true,
      "global_atomic_control_median_s": 0.000212864,
      "global_atomic_control_output_sum": 68720525312,
      "materialized_fallback_correctness_passed": true,
      "materialized_fallback_median_s": 0.000248704,
      "materialized_fallback_output_sum": 68720525312,
      "parsed": {
        "dataset": "dense_hits",
        "expected_sum": 68720525312,
        "global_atomic_control_correctness_passed": true,
        "global_atomic_control_median_ms": 0.212864,
        "global_atomic_control_median_s": 0.000212864,
        "global_atomic_control_output_sum": 68720525312,
        "global_atomic_control_sample_count": 7,
        "hit_count": 262144,
        "hit_id_fallback_correctness_passed": true,
        "hit_id_fallback_median_ms": 0.248704,
        "hit_id_fallback_median_s": 0.000248704,
        "hit_id_fallback_output_sum": 68720525312,
        "hit_id_fallback_sample_count": 7,
        "ray_count": 262144,
        "samples_ms": {
          "global_atomic_control": [
            0.214464,
            0.212832,
            0.214176,
            0.21376,
            0.212864,
            0.206816,
            0.208864
          ],
          "hit_id_fallback": [
            0.239328,
            0.241536,
            0.24272,
            0.248704,
            0.25168,
            0.2552,
            0.249504
          ],
          "v4_callback_contribution": [
            0.24272,
            0.241184,
            0.243072,
            0.24144,
            0.242752,
            0.242528,
            0.240768
          ]
        },
        "v4_callback_contribution_correctness_passed": true,
        "v4_callback_contribution_median_ms": 0.242528,
        "v4_callback_contribution_median_s": 0.000242528,
        "v4_callback_contribution_output_sum": 68720525312,
        "v4_callback_contribution_sample_count": 7,
        "variant": "custom_score_affine"
      },
      "protocol_callback": "affine_score",
      "regime": "dense_hits",
      "returncode": 0,
      "route_boundary": "v4_callback_in_hit_contribution_route_vs_materialized_hit_id_device_callback_reduce_fallback",
      "scale": 262144,
      "stderr": "",
      "stdout": "optix_module_create_result=0\nraygen_program_group_result=0\nmiss_program_group_result=0\nhit_program_group_result=0\npipeline_create_result=0\nsample_global_atomic_control_ms=0.214464\nsample_global_atomic_control_ms=0.212832\nsample_global_atomic_control_ms=0.214176\nsample_global_atomic_control_ms=0.21376\nsample_global_atomic_control_ms=0.212864\nsample_global_atomic_control_ms=0.206816\nsample_global_atomic_control_ms=0.208864\noutput_global_atomic_control=68720525312\nsample_v4_callback_contribution_ms=0.24272\nsample_v4_callback_contribution_ms=0.241184\nsample_v4_callback_contribution_ms=0.243072\nsample_v4_callback_contribution_ms=0.24144\nsample_v4_callback_contribution_ms=0.242752\nsample_v4_callback_contribution_ms=0.242528\nsample_v4_callback_contribution_ms=0.240768\noutput_v4_callback_contribution=68720525312\nsample_hit_id_fallback_ms=0.239328\nsample_hit_id_fallback_ms=0.241536\nsample_hit_id_fallback_ms=0.24272\nsample_hit_id_fallback_ms=0.248704\nsample_hit_id_fallback_ms=0.25168\nsample_hit_id_fallback_ms=0.2552\nsample_hit_id_fallback_ms=0.249504\noutput_hit_id_fallback=68720525312\nvariant=custom_score_affine\ndataset=dense_hits\nray_count=262144\nhit_count=262144\nexpected_sum=68720525312",
      "v2_baseline_median_s": 0.000248704,
      "v2_baseline_over_v4_ratio": 1.025465100936799,
      "v2_baseline_selected": "materialized_hit_id_plus_device_callback_reduce_fallback",
      "v3_baseline_median_s": 0.000248704,
      "v3_baseline_over_v4_ratio": 1.025465100936799,
      "v3_baseline_selected": "materialized_hit_id_plus_device_callback_reduce_fallback",
      "v4_fused_correctness_passed": true,
      "v4_fused_median_s": 0.000242528,
      "v4_fused_output_sum": 68720525312,
      "variant": "custom_score_affine"
    },
    {
      "callback_role": "primary",
      "counts_toward_primary_claim": true,
      "expected_sum": 4295229440,
      "global_atomic_control_correctness_passed": true,
      "global_atomic_control_median_s": 7.6288e-05,
      "global_atomic_control_output_sum": 4295229440,
      "materialized_fallback_correctness_passed": true,
      "materialized_fallback_median_s": 0.00012080000000000001,
      "materialized_fallback_output_sum": 4295229440,
      "parsed": {
        "dataset": "sparse_hits",
        "expected_sum": 4295229440,
        "global_atomic_control_correctness_passed": true,
        "global_atomic_control_median_ms": 0.076288,
        "global_atomic_control_median_s": 7.6288e-05,
        "global_atomic_control_output_sum": 4295229440,
        "global_atomic_control_sample_count": 7,
        "hit_count": 65536,
        "hit_id_fallback_correctness_passed": true,
        "hit_id_fallback_median_ms": 0.1208,
        "hit_id_fallback_median_s": 0.00012080000000000001,
        "hit_id_fallback_output_sum": 4295229440,
        "hit_id_fallback_sample_count": 7,
        "ray_count": 262144,
        "samples_ms": {
          "global_atomic_control": [
            0.0824,
            0.075456,
            0.076288,
            0.07792,
            0.081056,
            0.075936,
            0.074912
          ],
          "hit_id_fallback": [
            0.118496,
            0.11824,
            0.120608,
            0.12144,
            0.1208,
            0.128832,
            0.127008
          ],
          "v4_callback_contribution": [
            0.118784,
            0.11968,
            0.112608,
            0.117632,
            0.112704,
            0.11168,
            0.111424
          ]
        },
        "v4_callback_contribution_correctness_passed": true,
        "v4_callback_contribution_median_ms": 0.112704,
        "v4_callback_contribution_median_s": 0.000112704,
        "v4_callback_contribution_output_sum": 4295229440,
        "v4_callback_contribution_sample_count": 7,
        "variant": "custom_score_affine"
      },
      "protocol_callback": "affine_score",
      "regime": "sparse_hits",
      "returncode": 0,
      "route_boundary": "v4_callback_in_hit_contribution_route_vs_materialized_hit_id_device_callback_reduce_fallback",
      "scale": 262144,
      "stderr": "",
      "stdout": "optix_module_create_result=0\nraygen_program_group_result=0\nmiss_program_group_result=0\nhit_program_group_result=0\npipeline_create_result=0\nsample_global_atomic_control_ms=0.0824\nsample_global_atomic_control_ms=0.075456\nsample_global_atomic_control_ms=0.076288\nsample_global_atomic_control_ms=0.07792\nsample_global_atomic_control_ms=0.081056\nsample_global_atomic_control_ms=0.075936\nsample_global_atomic_control_ms=0.074912\noutput_global_atomic_control=4295229440\nsample_v4_callback_contribution_ms=0.118784\nsample_v4_callback_contribution_ms=0.11968\nsample_v4_callback_contribution_ms=0.112608\nsample_v4_callback_contribution_ms=0.117632\nsample_v4_callback_contribution_ms=0.112704\nsample_v4_callback_contribution_ms=0.11168\nsample_v4_callback_contribution_ms=0.111424\noutput_v4_callback_contribution=4295229440\nsample_hit_id_fallback_ms=0.118496\nsample_hit_id_fallback_ms=0.11824\nsample_hit_id_fallback_ms=0.120608\nsample_hit_id_fallback_ms=0.12144\nsample_hit_id_fallback_ms=0.1208\nsample_hit_id_fallback_ms=0.128832\nsample_hit_id_fallback_ms=0.127008\noutput_hit_id_fallback=4295229440\nvariant=custom_score_affine\ndataset=sparse_hits\nray_count=262144\nhit_count=65536\nexpected_sum=4295229440",
      "v2_baseline_median_s": 0.00012080000000000001,
      "v2_baseline_over_v4_ratio": 1.0718341851220898,
      "v2_baseline_selected": "materialized_hit_id_plus_device_callback_reduce_fallback",
      "v3_baseline_median_s": 0.00012080000000000001,
      "v3_baseline_over_v4_ratio": 1.0718341851220898,
      "v3_baseline_selected": "materialized_hit_id_plus_device_callback_reduce_fallback",
      "v4_fused_correctness_passed": true,
      "v4_fused_median_s": 0.000112704,
      "v4_fused_output_sum": 4295229440,
      "variant": "custom_score_affine"
    },
    {
      "callback_role": "primary",
      "counts_toward_primary_claim": true,
      "expected_sum": 0,
      "global_atomic_control_correctness_passed": true,
      "global_atomic_control_median_s": 4.6303999999999996e-05,
      "global_atomic_control_output_sum": 0,
      "materialized_fallback_correctness_passed": true,
      "materialized_fallback_median_s": 6.08e-05,
      "materialized_fallback_output_sum": 0,
      "parsed": {
        "dataset": "no_hit_empty_reduction",
        "expected_sum": 0,
        "global_atomic_control_correctness_passed": true,
        "global_atomic_control_median_ms": 0.046304,
        "global_atomic_control_median_s": 4.6303999999999996e-05,
        "global_atomic_control_output_sum": 0,
        "global_atomic_control_sample_count": 7,
        "hit_count": 0,
        "hit_id_fallback_correctness_passed": true,
        "hit_id_fallback_median_ms": 0.0608,
        "hit_id_fallback_median_s": 6.08e-05,
        "hit_id_fallback_output_sum": 0,
        "hit_id_fallback_sample_count": 7,
        "ray_count": 262144,
        "samples_ms": {
          "global_atomic_control": [
            0.046528,
            0.049408,
            0.045728,
            0.04608,
            0.047104,
            0.046176,
            0.046304
          ],
          "hit_id_fallback": [
            0.055424,
            0.054784,
            0.0608,
            0.063264,
            0.067936,
            0.065632,
            0.05856
          ],
          "v4_callback_contribution": [
            0.057216,
            0.051936,
            0.056384,
            0.05536,
            0.055584,
            0.05488,
            0.056352
          ]
        },
        "v4_callback_contribution_correctness_passed": true,
        "v4_callback_contribution_median_ms": 0.055584,
        "v4_callback_contribution_median_s": 5.5584e-05,
        "v4_callback_contribution_output_sum": 0,
        "v4_callback_contribution_sample_count": 7,
        "variant": "custom_score_affine"
      },
      "protocol_callback": "affine_score",
      "regime": "no_hit_empty_reduction",
      "returncode": 0,
      "route_boundary": "v4_callback_in_hit_contribution_route_vs_materialized_hit_id_device_callback_reduce_fallback",
      "scale": 262144,
      "stderr": "",
      "stdout": "optix_module_create_result=0\nraygen_program_group_result=0\nmiss_program_group_result=0\nhit_program_group_result=0\npipeline_create_result=0\nsample_global_atomic_control_ms=0.046528\nsample_global_atomic_control_ms=0.049408\nsample_global_atomic_control_ms=0.045728\nsample_global_atomic_control_ms=0.04608\nsample_global_atomic_control_ms=0.047104\nsample_global_atomic_control_ms=0.046176\nsample_global_atomic_control_ms=0.046304\noutput_global_atomic_control=0\nsample_v4_callback_contribution_ms=0.057216\nsample_v4_callback_contribution_ms=0.051936\nsample_v4_callback_contribution_ms=0.056384\nsample_v4_callback_contribution_ms=0.05536\nsample_v4_callback_contribution_ms=0.055584\nsample_v4_callback_contribution_ms=0.05488\nsample_v4_callback_contribution_ms=0.056352\noutput_v4_callback_contribution=0\nsample_hit_id_fallback_ms=0.055424\nsample_hit_id_fallback_ms=0.054784\nsample_hit_id_fallback_ms=0.0608\nsample_hit_id_fallback_ms=0.063264\nsample_hit_id_fallback_ms=0.067936\nsample_hit_id_fallback_ms=0.065632\nsample_hit_id_fallback_ms=0.05856\noutput_hit_id_fallback=0\nvariant=custom_score_affine\ndataset=no_hit_empty_reduction\nray_count=262144\nhit_count=0\nexpected_sum=0",
      "v2_baseline_median_s": 6.08e-05,
      "v2_baseline_over_v4_ratio": 1.0938399539435808,
      "v2_baseline_selected": "materialized_hit_id_plus_device_callback_reduce_fallback",
      "v3_baseline_median_s": 6.08e-05,
      "v3_baseline_over_v4_ratio": 1.0938399539435808,
      "v3_baseline_selected": "materialized_hit_id_plus_device_callback_reduce_fallback",
      "v4_fused_correctness_passed": true,
      "v4_fused_median_s": 5.5584e-05,
      "v4_fused_output_sum": 0,
      "variant": "custom_score_affine"
    },
    {
      "callback_role": "primary",
      "counts_toward_primary_claim": true,
      "expected_sum": 274880004096,
      "global_atomic_control_correctness_passed": true,
      "global_atomic_control_median_s": 0.000395008,
      "global_atomic_control_output_sum": 274880004096,
      "materialized_fallback_correctness_passed": true,
      "materialized_fallback_median_s": 0.00045923199999999996,
      "materialized_fallback_output_sum": 274880004096,
      "parsed": {
        "dataset": "dense_hits",
        "expected_sum": 274880004096,
        "global_atomic_control_correctness_passed": true,
        "global_atomic_control_median_ms": 0.395008,
        "global_atomic_control_median_s": 0.000395008,
        "global_atomic_control_output_sum": 274880004096,
        "global_atomic_control_sample_count": 7,
        "hit_count": 524288,
        "hit_id_fallback_correctness_passed": true,
        "hit_id_fallback_median_ms": 0.459232,
        "hit_id_fallback_median_s": 0.00045923199999999996,
        "hit_id_fallback_output_sum": 274880004096,
        "hit_id_fallback_sample_count": 7,
        "ray_count": 524288,
        "samples_ms": {
          "global_atomic_control": [
            0.397056,
            0.400896,
            0.395552,
            0.395008,
            0.388128,
            0.38672,
            0.387008
          ],
          "hit_id_fallback": [
            0.458816,
            0.452576,
            0.452576,
            0.466944,
            0.459552,
            0.466848,
            0.459232
          ],
          "v4_callback_contribution": [
            0.453408,
            0.452672,
            0.451584,
            0.45264,
            0.4584,
            0.452672,
            0.455648
          ]
        },
        "v4_callback_contribution_correctness_passed": true,
        "v4_callback_contribution_median_ms": 0.452672,
        "v4_callback_contribution_median_s": 0.000452672,
        "v4_callback_contribution_output_sum": 274880004096,
        "v4_callback_contribution_sample_count": 7,
        "variant": "custom_score_affine"
      },
      "protocol_callback": "affine_score",
      "regime": "dense_hits",
      "returncode": 0,
      "route_boundary": "v4_callback_in_hit_contribution_route_vs_materialized_hit_id_device_callback_reduce_fallback",
      "scale": 524288,
      "stderr": "",
      "stdout": "optix_module_create_result=0\nraygen_program_group_result=0\nmiss_program_group_result=0\nhit_program_group_result=0\npipeline_create_result=0\nsample_global_atomic_control_ms=0.397056\nsample_global_atomic_control_ms=0.400896\nsample_global_atomic_control_ms=0.395552\nsample_global_atomic_control_ms=0.395008\nsample_global_atomic_control_ms=0.388128\nsample_global_atomic_control_ms=0.38672\nsample_global_atomic_control_ms=0.387008\noutput_global_atomic_control=274880004096\nsample_v4_callback_contribution_ms=0.453408\nsample_v4_callback_contribution_ms=0.452672\nsample_v4_callback_contribution_ms=0.451584\nsample_v4_callback_contribution_ms=0.45264\nsample_v4_callback_contribution_ms=0.4584\nsample_v4_callback_contribution_ms=0.452672\nsample_v4_callback_contribution_ms=0.455648\noutput_v4_callback_contribution=274880004096\nsample_hit_id_fallback_ms=0.458816\nsample_hit_id_fallback_ms=0.452576\nsample_hit_id_fallback_ms=0.452576\nsample_hit_id_fallback_ms=0.466944\nsample_hit_id_fallback_ms=0.459552\nsample_hit_id_fallback_ms=0.466848\nsample_hit_id_fallback_ms=0.459232\noutput_hit_id_fallback=274880004096\nvariant=custom_score_affine\ndataset=dense_hits\nray_count=524288\nhit_count=524288\nexpected_sum=274880004096",
      "v2_baseline_median_s": 0.00045923199999999996,
      "v2_baseline_over_v4_ratio": 1.0144917291107025,
      "v2_baseline_selected": "materialized_hit_id_plus_device_callback_reduce_fallback",
      "v3_baseline_median_s": 0.00045923199999999996,
      "v3_baseline_over_v4_ratio": 1.0144917291107025,
      "v3_baseline_selected": "materialized_hit_id_plus_device_callback_reduce_fallback",
      "v4_fused_correctness_passed": true,
      "v4_fused_median_s": 0.000452672,
      "v4_fused_output_sum": 274880004096,
      "variant": "custom_score_affine"
    },
    {
      "callback_role": "primary",
      "counts_toward_primary_claim": true,
      "expected_sum": 17180393472,
      "global_atomic_control_correctness_passed": true,
      "global_atomic_control_median_s": 0.000129472,
      "global_atomic_control_output_sum": 17180393472,
      "materialized_fallback_correctness_passed": true,
      "materialized_fallback_median_s": 0.00020505599999999998,
      "materialized_fallback_output_sum": 17180393472,
      "parsed": {
        "dataset": "sparse_hits",
        "expected_sum": 17180393472,
        "global_atomic_control_correctness_passed": true,
        "global_atomic_control_median_ms": 0.129472,
        "global_atomic_control_median_s": 0.000129472,
        "global_atomic_control_output_sum": 17180393472,
        "global_atomic_control_sample_count": 7,
        "hit_count": 131072,
        "hit_id_fallback_correctness_passed": true,
        "hit_id_fallback_median_ms": 0.205056,
        "hit_id_fallback_median_s": 0.00020505599999999998,
        "hit_id_fallback_output_sum": 17180393472,
        "hit_id_fallback_sample_count": 7,
        "ray_count": 524288,
        "samples_ms": {
          "global_atomic_control": [
            0.131808,
            0.129408,
            0.129472,
            0.130016,
            0.13184,
            0.127808,
            0.12912
          ],
          "hit_id_fallback": [
            0.19712,
            0.196576,
            0.205056,
            0.204128,
            0.210144,
            0.205856,
            0.20976
          ],
          "v4_callback_contribution": [
            0.2056,
            0.19824,
            0.204864,
            0.197568,
            0.205888,
            0.201088,
            0.200704
          ]
        },
        "v4_callback_contribution_correctness_passed": true,
        "v4_callback_contribution_median_ms": 0.201088,
        "v4_callback_contribution_median_s": 0.00020108799999999998,
        "v4_callback_contribution_output_sum": 17180393472,
        "v4_callback_contribution_sample_count": 7,
        "variant": "custom_score_affine"
      },
      "protocol_callback": "affine_score",
      "regime": "sparse_hits",
      "returncode": 0,
      "route_boundary": "v4_callback_in_hit_contribution_route_vs_materialized_hit_id_device_callback_reduce_fallback",
      "scale": 524288,
      "stderr": "",
      "stdout": "optix_module_create_result=0\nraygen_program_group_result=0\nmiss_program_group_result=0\nhit_program_group_result=0\npipeline_create_result=0\nsample_global_atomic_control_ms=0.131808\nsample_global_atomic_control_ms=0.129408\nsample_global_atomic_control_ms=0.129472\nsample_global_atomic_control_ms=0.130016\nsample_global_atomic_control_ms=0.13184\nsample_global_atomic_control_ms=0.127808\nsample_global_atomic_control_ms=0.12912\noutput_global_atomic_control=17180393472\nsample_v4_callback_contribution_ms=0.2056\nsample_v4_callback_contribution_ms=0.19824\nsample_v4_callback_contribution_ms=0.204864\nsample_v4_callback_contribution_ms=0.197568\nsample_v4_callback_contribution_ms=0.205888\nsample_v4_callback_contribution_ms=0.201088\nsample_v4_callback_contribution_ms=0.200704\noutput_v4_callback_contribution=17180393472\nsample_hit_id_fallback_ms=0.19712\nsample_hit_id_fallback_ms=0.196576\nsample_hit_id_fallback_ms=0.205056\nsample_hit_id_fallback_ms=0.204128\nsample_hit_id_fallback_ms=0.210144\nsample_hit_id_fallback_ms=0.205856\nsample_hit_id_fallback_ms=0.20976\noutput_hit_id_fallback=17180393472\nvariant=custom_score_affine\ndataset=sparse_hits\nray_count=524288\nhit_count=131072\nexpected_sum=17180393472",
      "v2_baseline_median_s": 0.00020505599999999998,
      "v2_baseline_over_v4_ratio": 1.01973265436028,
      "v2_baseline_selected": "materialized_hit_id_plus_device_callback_reduce_fallback",
      "v3_baseline_median_s": 0.00020505599999999998,
      "v3_baseline_over_v4_ratio": 1.01973265436028,
      "v3_baseline_selected": "materialized_hit_id_plus_device_callback_reduce_fallback",
      "v4_fused_correctness_passed": true,
      "v4_fused_median_s": 0.00020108799999999998,
      "v4_fused_output_sum": 17180393472,
      "variant": "custom_score_affine"
    },
    {
      "callback_role": "primary",
      "counts_toward_primary_claim": true,
      "expected_sum": 0,
      "global_atomic_control_correctness_passed": true,
      "global_atomic_control_median_s": 7.3856e-05,
      "global_atomic_control_output_sum": 0,
      "materialized_fallback_correctness_passed": true,
      "materialized_fallback_median_s": 8.6752e-05,
      "materialized_fallback_output_sum": 0,
      "parsed": {
        "dataset": "no_hit_empty_reduction",
        "expected_sum": 0,
        "global_atomic_control_correctness_passed": true,
        "global_atomic_control_median_ms": 0.073856,
        "global_atomic_control_median_s": 7.3856e-05,
        "global_atomic_control_output_sum": 0,
        "global_atomic_control_sample_count": 7,
        "hit_count": 0,
        "hit_id_fallback_correctness_passed": true,
        "hit_id_fallback_median_ms": 0.086752,
        "hit_id_fallback_median_s": 8.6752e-05,
        "hit_id_fallback_output_sum": 0,
        "hit_id_fallback_sample_count": 7,
        "ray_count": 524288,
        "samples_ms": {
          "global_atomic_control": [
            0.073856,
            0.075328,
            0.07392,
            0.071072,
            0.071264,
            0.074464,
            0.072512
          ],
          "hit_id_fallback": [
            0.085152,
            0.083232,
            0.0784,
            0.0888,
            0.086752,
            0.091008,
            0.087776
          ],
          "v4_callback_contribution": [
            0.084416,
            0.082624,
            0.08272,
            0.078464,
            0.086528,
            0.083776,
            0.0848
          ]
        },
        "v4_callback_contribution_correctness_passed": true,
        "v4_callback_contribution_median_ms": 0.083776,
        "v4_callback_contribution_median_s": 8.3776e-05,
        "v4_callback_contribution_output_sum": 0,
        "v4_callback_contribution_sample_count": 7,
        "variant": "custom_score_affine"
      },
      "protocol_callback": "affine_score",
      "regime": "no_hit_empty_reduction",
      "returncode": 0,
      "route_boundary": "v4_callback_in_hit_contribution_route_vs_materialized_hit_id_device_callback_reduce_fallback",
      "scale": 524288,
      "stderr": "",
      "stdout": "optix_module_create_result=0\nraygen_program_group_result=0\nmiss_program_group_result=0\nhit_program_group_result=0\npipeline_create_result=0\nsample_global_atomic_control_ms=0.073856\nsample_global_atomic_control_ms=0.075328\nsample_global_atomic_control_ms=0.07392\nsample_global_atomic_control_ms=0.071072\nsample_global_atomic_control_ms=0.071264\nsample_global_atomic_control_ms=0.074464\nsample_global_atomic_control_ms=0.072512\noutput_global_atomic_control=0\nsample_v4_callback_contribution_ms=0.084416\nsample_v4_callback_contribution_ms=0.082624\nsample_v4_callback_contribution_ms=0.08272\nsample_v4_callback_contribution_ms=0.078464\nsample_v4_callback_contribution_ms=0.086528\nsample_v4_callback_contribution_ms=0.083776\nsample_v4_callback_contribution_ms=0.0848\noutput_v4_callback_contribution=0\nsample_hit_id_fallback_ms=0.085152\nsample_hit_id_fallback_ms=0.083232\nsample_hit_id_fallback_ms=0.0784\nsample_hit_id_fallback_ms=0.0888\nsample_hit_id_fallback_ms=0.086752\nsample_hit_id_fallback_ms=0.091008\nsample_hit_id_fallback_ms=0.087776\noutput_hit_id_fallback=0\nvariant=custom_score_affine\ndataset=no_hit_empty_reduction\nray_count=524288\nhit_count=0\nexpected_sum=0",
      "v2_baseline_median_s": 8.6752e-05,
      "v2_baseline_over_v4_ratio": 1.0355233002291826,
      "v2_baseline_selected": "materialized_hit_id_plus_device_callback_reduce_fallback",
      "v3_baseline_median_s": 8.6752e-05,
      "v3_baseline_over_v4_ratio": 1.0355233002291826,
      "v3_baseline_selected": "materialized_hit_id_plus_device_callback_reduce_fallback",
      "v4_fused_correctness_passed": true,
      "v4_fused_median_s": 8.3776e-05,
      "v4_fused_output_sum": 0,
      "variant": "custom_score_affine"
    },
    {
      "callback_role": "primary",
      "counts_toward_primary_claim": true,
      "expected_sum": 262144,
      "global_atomic_control_correctness_passed": true,
      "global_atomic_control_median_s": 0.000213504,
      "global_atomic_control_output_sum": 262144,
      "materialized_fallback_correctness_passed": true,
      "materialized_fallback_median_s": 0.000247296,
      "materialized_fallback_output_sum": 262144,
      "parsed": {
        "dataset": "dense_hits",
        "expected_sum": 262144,
        "global_atomic_control_correctness_passed": true,
        "global_atomic_control_median_ms": 0.213504,
        "global_atomic_control_median_s": 0.000213504,
        "global_atomic_control_output_sum": 262144,
        "global_atomic_control_sample_count": 7,
        "hit_count": 262144,
        "hit_id_fallback_correctness_passed": true,
        "hit_id_fallback_median_ms": 0.247296,
        "hit_id_fallback_median_s": 0.000247296,
        "hit_id_fallback_output_sum": 262144,
        "hit_id_fallback_sample_count": 7,
        "ray_count": 262144,
        "samples_ms": {
          "global_atomic_control": [
            0.214496,
            0.214688,
            0.2136,
            0.213504,
            0.211136,
            0.211904,
            0.211872
          ],
          "hit_id_fallback": [
            0.247296,
            0.243648,
            0.239968,
            0.243712,
            0.249728,
            0.25184,
            0.248704
          ],
          "v4_callback_contribution": [
            0.24336,
            0.240992,
            0.240448,
            0.239584,
            0.24096,
            0.24304,
            0.245952
          ]
        },
        "v4_callback_contribution_correctness_passed": true,
        "v4_callback_contribution_median_ms": 0.240992,
        "v4_callback_contribution_median_s": 0.000240992,
        "v4_callback_contribution_output_sum": 262144,
        "v4_callback_contribution_sample_count": 7,
        "variant": "custom_threshold_flag"
      },
      "protocol_callback": "threshold_score",
      "regime": "dense_hits",
      "returncode": 0,
      "route_boundary": "v4_callback_in_hit_contribution_route_vs_materialized_hit_id_device_callback_reduce_fallback",
      "scale": 262144,
      "stderr": "",
      "stdout": "optix_module_create_result=0\nraygen_program_group_result=0\nmiss_program_group_result=0\nhit_program_group_result=0\npipeline_create_result=0\nsample_global_atomic_control_ms=0.214496\nsample_global_atomic_control_ms=0.214688\nsample_global_atomic_control_ms=0.2136\nsample_global_atomic_control_ms=0.213504\nsample_global_atomic_control_ms=0.211136\nsample_global_atomic_control_ms=0.211904\nsample_global_atomic_control_ms=0.211872\noutput_global_atomic_control=262144\nsample_v4_callback_contribution_ms=0.24336\nsample_v4_callback_contribution_ms=0.240992\nsample_v4_callback_contribution_ms=0.240448\nsample_v4_callback_contribution_ms=0.239584\nsample_v4_callback_contribution_ms=0.24096\nsample_v4_callback_contribution_ms=0.24304\nsample_v4_callback_contribution_ms=0.245952\noutput_v4_callback_contribution=262144\nsample_hit_id_fallback_ms=0.247296\nsample_hit_id_fallback_ms=0.243648\nsample_hit_id_fallback_ms=0.239968\nsample_hit_id_fallback_ms=0.243712\nsample_hit_id_fallback_ms=0.249728\nsample_hit_id_fallback_ms=0.25184\nsample_hit_id_fallback_ms=0.248704\noutput_hit_id_fallback=262144\nvariant=custom_threshold_flag\ndataset=dense_hits\nray_count=262144\nhit_count=262144\nexpected_sum=262144",
      "v2_baseline_median_s": 0.000247296,
      "v2_baseline_over_v4_ratio": 1.026158544681981,
      "v2_baseline_selected": "materialized_hit_id_plus_device_callback_reduce_fallback",
      "v3_baseline_median_s": 0.000247296,
      "v3_baseline_over_v4_ratio": 1.026158544681981,
      "v3_baseline_selected": "materialized_hit_id_plus_device_callback_reduce_fallback",
      "v4_fused_correctness_passed": true,
      "v4_fused_median_s": 0.000240992,
      "v4_fused_output_sum": 262144,
      "variant": "custom_threshold_flag"
    },
    {
      "callback_role": "primary",
      "counts_toward_primary_claim": true,
      "expected_sum": 65536,
      "global_atomic_control_correctness_passed": true,
      "global_atomic_control_median_s": 7.324799999999999e-05,
      "global_atomic_control_output_sum": 65536,
      "materialized_fallback_correctness_passed": true,
      "materialized_fallback_median_s": 0.000114752,
      "materialized_fallback_output_sum": 65536,
      "parsed": {
        "dataset": "sparse_hits",
        "expected_sum": 65536,
        "global_atomic_control_correctness_passed": true,
        "global_atomic_control_median_ms": 0.073248,
        "global_atomic_control_median_s": 7.324799999999999e-05,
        "global_atomic_control_output_sum": 65536,
        "global_atomic_control_sample_count": 7,
        "hit_count": 65536,
        "hit_id_fallback_correctness_passed": true,
        "hit_id_fallback_median_ms": 0.114752,
        "hit_id_fallback_median_s": 0.000114752,
        "hit_id_fallback_output_sum": 65536,
        "hit_id_fallback_sample_count": 7,
        "ray_count": 262144,
        "samples_ms": {
          "global_atomic_control": [
            0.073248,
            0.073248,
            0.07904,
            0.071712,
            0.07168,
            0.078944,
            0.07104
          ],
          "hit_id_fallback": [
            0.111776,
            0.107776,
            0.10736,
            0.119776,
            0.117632,
            0.115328,
            0.114752
          ],
          "v4_callback_contribution": [
            0.110624,
            0.1152,
            0.108512,
            0.107072,
            0.111488,
            0.106432,
            0.105504
          ]
        },
        "v4_callback_contribution_correctness_passed": true,
        "v4_callback_contribution_median_ms": 0.108512,
        "v4_callback_contribution_median_s": 0.000108512,
        "v4_callback_contribution_output_sum": 65536,
        "v4_callback_contribution_sample_count": 7,
        "variant": "custom_threshold_flag"
      },
      "protocol_callback": "threshold_score",
      "regime": "sparse_hits",
      "returncode": 0,
      "route_boundary": "v4_callback_in_hit_contribution_route_vs_materialized_hit_id_device_callback_reduce_fallback",
      "scale": 262144,
      "stderr": "",
      "stdout": "optix_module_create_result=0\nraygen_program_group_result=0\nmiss_program_group_result=0\nhit_program_group_result=0\npipeline_create_result=0\nsample_global_atomic_control_ms=0.073248\nsample_global_atomic_control_ms=0.073248\nsample_global_atomic_control_ms=0.07904\nsample_global_atomic_control_ms=0.071712\nsample_global_atomic_control_ms=0.07168\nsample_global_atomic_control_ms=0.078944\nsample_global_atomic_control_ms=0.07104\noutput_global_atomic_control=65536\nsample_v4_callback_contribution_ms=0.110624\nsample_v4_callback_contribution_ms=0.1152\nsample_v4_callback_contribution_ms=0.108512\nsample_v4_callback_contribution_ms=0.107072\nsample_v4_callback_contribution_ms=0.111488\nsample_v4_callback_contribution_ms=0.106432\nsample_v4_callback_contribution_ms=0.105504\noutput_v4_callback_contribution=65536\nsample_hit_id_fallback_ms=0.111776\nsample_hit_id_fallback_ms=0.107776\nsample_hit_id_fallback_ms=0.10736\nsample_hit_id_fallback_ms=0.119776\nsample_hit_id_fallback_ms=0.117632\nsample_hit_id_fallback_ms=0.115328\nsample_hit_id_fallback_ms=0.114752\noutput_hit_id_fallback=65536\nvariant=custom_threshold_flag\ndataset=sparse_hits\nray_count=262144\nhit_count=65536\nexpected_sum=65536",
      "v2_baseline_median_s": 0.000114752,
      "v2_baseline_over_v4_ratio": 1.0575051607195518,
      "v2_baseline_selected": "materialized_hit_id_plus_device_callback_reduce_fallback",
      "v3_baseline_median_s": 0.000114752,
      "v3_baseline_over_v4_ratio": 1.0575051607195518,
      "v3_baseline_selected": "materialized_hit_id_plus_device_callback_reduce_fallback",
      "v4_fused_correctness_passed": true,
      "v4_fused_median_s": 0.000108512,
      "v4_fused_output_sum": 65536,
      "variant": "custom_threshold_flag"
    },
    {
      "callback_role": "primary",
      "counts_toward_primary_claim": true,
      "expected_sum": 0,
      "global_atomic_control_correctness_passed": true,
      "global_atomic_control_median_s": 4.8768e-05,
      "global_atomic_control_output_sum": 0,
      "materialized_fallback_correctness_passed": true,
      "materialized_fallback_median_s": 6.4032e-05,
      "materialized_fallback_output_sum": 0,
      "parsed": {
        "dataset": "no_hit_empty_reduction",
        "expected_sum": 0,
        "global_atomic_control_correctness_passed": true,
        "global_atomic_control_median_ms": 0.048768,
        "global_atomic_control_median_s": 4.8768e-05,
        "global_atomic_control_output_sum": 0,
        "global_atomic_control_sample_count": 7,
        "hit_count": 0,
        "hit_id_fallback_correctness_passed": true,
        "hit_id_fallback_median_ms": 0.064032,
        "hit_id_fallback_median_s": 6.4032e-05,
        "hit_id_fallback_output_sum": 0,
        "hit_id_fallback_sample_count": 7,
        "ray_count": 262144,
        "samples_ms": {
          "global_atomic_control": [
            0.050336,
            0.047872,
            0.046496,
            0.049568,
            0.049856,
            0.04704,
            0.048768
          ],
          "hit_id_fallback": [
            0.054336,
            0.059808,
            0.062304,
            0.069312,
            0.068064,
            0.064032,
            0.066944
          ],
          "v4_callback_contribution": [
            0.056864,
            0.06016,
            0.061504,
            0.055552,
            0.05488,
            0.056,
            0.059968
          ]
        },
        "v4_callback_contribution_correctness_passed": true,
        "v4_callback_contribution_median_ms": 0.056864,
        "v4_callback_contribution_median_s": 5.6863999999999996e-05,
        "v4_callback_contribution_output_sum": 0,
        "v4_callback_contribution_sample_count": 7,
        "variant": "custom_threshold_flag"
      },
      "protocol_callback": "threshold_score",
      "regime": "no_hit_empty_reduction",
      "returncode": 0,
      "route_boundary": "v4_callback_in_hit_contribution_route_vs_materialized_hit_id_device_callback_reduce_fallback",
      "scale": 262144,
      "stderr": "",
      "stdout": "optix_module_create_result=0\nraygen_program_group_result=0\nmiss_program_group_result=0\nhit_program_group_result=0\npipeline_create_result=0\nsample_global_atomic_control_ms=0.050336\nsample_global_atomic_control_ms=0.047872\nsample_global_atomic_control_ms=0.046496\nsample_global_atomic_control_ms=0.049568\nsample_global_atomic_control_ms=0.049856\nsample_global_atomic_control_ms=0.04704\nsample_global_atomic_control_ms=0.048768\noutput_global_atomic_control=0\nsample_v4_callback_contribution_ms=0.056864\nsample_v4_callback_contribution_ms=0.06016\nsample_v4_callback_contribution_ms=0.061504\nsample_v4_callback_contribution_ms=0.055552\nsample_v4_callback_contribution_ms=0.05488\nsample_v4_callback_contribution_ms=0.056\nsample_v4_callback_contribution_ms=0.059968\noutput_v4_callback_contribution=0\nsample_hit_id_fallback_ms=0.054336\nsample_hit_id_fallback_ms=0.059808\nsample_hit_id_fallback_ms=0.062304\nsample_hit_id_fallback_ms=0.069312\nsample_hit_id_fallback_ms=0.068064\nsample_hit_id_fallback_ms=0.064032\nsample_hit_id_fallback_ms=0.066944\noutput_hit_id_fallback=0\nvariant=custom_threshold_flag\ndataset=no_hit_empty_reduction\nray_count=262144\nhit_count=0\nexpected_sum=0",
      "v2_baseline_median_s": 6.4032e-05,
      "v2_baseline_over_v4_ratio": 1.1260551491277435,
      "v2_baseline_selected": "materialized_hit_id_plus_device_callback_reduce_fallback",
      "v3_baseline_median_s": 6.4032e-05,
      "v3_baseline_over_v4_ratio": 1.1260551491277435,
      "v3_baseline_selected": "materialized_hit_id_plus_device_callback_reduce_fallback",
      "v4_fused_correctness_passed": true,
      "v4_fused_median_s": 5.6863999999999996e-05,
      "v4_fused_output_sum": 0,
      "variant": "custom_threshold_flag"
    },
    {
      "callback_role": "primary",
      "counts_toward_primary_claim": true,
      "expected_sum": 524288,
      "global_atomic_control_correctness_passed": true,
      "global_atomic_control_median_s": 0.00039024,
      "global_atomic_control_output_sum": 524288,
      "materialized_fallback_correctness_passed": true,
      "materialized_fallback_median_s": 0.00045872,
      "materialized_fallback_output_sum": 524288,
      "parsed": {
        "dataset": "dense_hits",
        "expected_sum": 524288,
        "global_atomic_control_correctness_passed": true,
        "global_atomic_control_median_ms": 0.39024,
        "global_atomic_control_median_s": 0.00039024,
        "global_atomic_control_output_sum": 524288,
        "global_atomic_control_sample_count": 7,
        "hit_count": 524288,
        "hit_id_fallback_correctness_passed": true,
        "hit_id_fallback_median_ms": 0.45872,
        "hit_id_fallback_median_s": 0.00045872,
        "hit_id_fallback_output_sum": 524288,
        "hit_id_fallback_sample_count": 7,
        "ray_count": 524288,
        "samples_ms": {
          "global_atomic_control": [
            0.398528,
            0.397184,
            0.39024,
            0.387424,
            0.388576,
            0.387616,
            0.390272
          ],
          "hit_id_fallback": [
            0.451616,
            0.45712,
            0.45376,
            0.465056,
            0.458784,
            0.45872,
            0.461344
          ],
          "v4_callback_contribution": [
            0.455712,
            0.451072,
            0.450912,
            0.456544,
            0.45072,
            0.45184,
            0.449888
          ]
        },
        "v4_callback_contribution_correctness_passed": true,
        "v4_callback_contribution_median_ms": 0.451072,
        "v4_callback_contribution_median_s": 0.00045107199999999995,
        "v4_callback_contribution_output_sum": 524288,
        "v4_callback_contribution_sample_count": 7,
        "variant": "custom_threshold_flag"
      },
      "protocol_callback": "threshold_score",
      "regime": "dense_hits",
      "returncode": 0,
      "route_boundary": "v4_callback_in_hit_contribution_route_vs_materialized_hit_id_device_callback_reduce_fallback",
      "scale": 524288,
      "stderr": "",
      "stdout": "optix_module_create_result=0\nraygen_program_group_result=0\nmiss_program_group_result=0\nhit_program_group_result=0\npipeline_create_result=0\nsample_global_atomic_control_ms=0.398528\nsample_global_atomic_control_ms=0.397184\nsample_global_atomic_control_ms=0.39024\nsample_global_atomic_control_ms=0.387424\nsample_global_atomic_control_ms=0.388576\nsample_global_atomic_control_ms=0.387616\nsample_global_atomic_control_ms=0.390272\noutput_global_atomic_control=524288\nsample_v4_callback_contribution_ms=0.455712\nsample_v4_callback_contribution_ms=0.451072\nsample_v4_callback_contribution_ms=0.450912\nsample_v4_callback_contribution_ms=0.456544\nsample_v4_callback_contribution_ms=0.45072\nsample_v4_callback_contribution_ms=0.45184\nsample_v4_callback_contribution_ms=0.449888\noutput_v4_callback_contribution=524288\nsample_hit_id_fallback_ms=0.451616\nsample_hit_id_fallback_ms=0.45712\nsample_hit_id_fallback_ms=0.45376\nsample_hit_id_fallback_ms=0.465056\nsample_hit_id_fallback_ms=0.458784\nsample_hit_id_fallback_ms=0.45872\nsample_hit_id_fallback_ms=0.461344\noutput_hit_id_fallback=524288\nvariant=custom_threshold_flag\ndataset=dense_hits\nray_count=524288\nhit_count=524288\nexpected_sum=524288",
      "v2_baseline_median_s": 0.00045872,
      "v2_baseline_over_v4_ratio": 1.0169551645856982,
      "v2_baseline_selected": "materialized_hit_id_plus_device_callback_reduce_fallback",
      "v3_baseline_median_s": 0.00045872,
      "v3_baseline_over_v4_ratio": 1.0169551645856982,
      "v3_baseline_selected": "materialized_hit_id_plus_device_callback_reduce_fallback",
      "v4_fused_correctness_passed": true,
      "v4_fused_median_s": 0.00045107199999999995,
      "v4_fused_output_sum": 524288,
      "variant": "custom_threshold_flag"
    },
    {
      "callback_role": "primary",
      "counts_toward_primary_claim": true,
      "expected_sum": 131072,
      "global_atomic_control_correctness_passed": true,
      "global_atomic_control_median_s": 0.000129344,
      "global_atomic_control_output_sum": 131072,
      "materialized_fallback_correctness_passed": true,
      "materialized_fallback_median_s": 0.000204128,
      "materialized_fallback_output_sum": 131072,
      "parsed": {
        "dataset": "sparse_hits",
        "expected_sum": 131072,
        "global_atomic_control_correctness_passed": true,
        "global_atomic_control_median_ms": 0.129344,
        "global_atomic_control_median_s": 0.000129344,
        "global_atomic_control_output_sum": 131072,
        "global_atomic_control_sample_count": 7,
        "hit_count": 131072,
        "hit_id_fallback_correctness_passed": true,
        "hit_id_fallback_median_ms": 0.204128,
        "hit_id_fallback_median_s": 0.000204128,
        "hit_id_fallback_output_sum": 131072,
        "hit_id_fallback_sample_count": 7,
        "ray_count": 524288,
        "samples_ms": {
          "global_atomic_control": [
            0.13216,
            0.129056,
            0.129024,
            0.129376,
            0.12992,
            0.129344,
            0.127168
          ],
          "hit_id_fallback": [
            0.195744,
            0.201536,
            0.201024,
            0.204128,
            0.210144,
            0.209152,
            0.209792
          ],
          "v4_callback_contribution": [
            0.197216,
            0.195712,
            0.195008,
            0.19984,
            0.201248,
            0.199904,
            0.200224
          ]
        },
        "v4_callback_contribution_correctness_passed": true,
        "v4_callback_contribution_median_ms": 0.19984,
        "v4_callback_contribution_median_s": 0.00019983999999999998,
        "v4_callback_contribution_output_sum": 131072,
        "v4_callback_contribution_sample_count": 7,
        "variant": "custom_threshold_flag"
      },
      "protocol_callback": "threshold_score",
      "regime": "sparse_hits",
      "returncode": 0,
      "route_boundary": "v4_callback_in_hit_contribution_route_vs_materialized_hit_id_device_callback_reduce_fallback",
      "scale": 524288,
      "stderr": "",
      "stdout": "optix_module_create_result=0\nraygen_program_group_result=0\nmiss_program_group_result=0\nhit_program_group_result=0\npipeline_create_result=0\nsample_global_atomic_control_ms=0.13216\nsample_global_atomic_control_ms=0.129056\nsample_global_atomic_control_ms=0.129024\nsample_global_atomic_control_ms=0.129376\nsample_global_atomic_control_ms=0.12992\nsample_global_atomic_control_ms=0.129344\nsample_global_atomic_control_ms=0.127168\noutput_global_atomic_control=131072\nsample_v4_callback_contribution_ms=0.197216\nsample_v4_callback_contribution_ms=0.195712\nsample_v4_callback_contribution_ms=0.195008\nsample_v4_callback_contribution_ms=0.19984\nsample_v4_callback_contribution_ms=0.201248\nsample_v4_callback_contribution_ms=0.199904\nsample_v4_callback_contribution_ms=0.200224\noutput_v4_callback_contribution=131072\nsample_hit_id_fallback_ms=0.195744\nsample_hit_id_fallback_ms=0.201536\nsample_hit_id_fallback_ms=0.201024\nsample_hit_id_fallback_ms=0.204128\nsample_hit_id_fallback_ms=0.210144\nsample_hit_id_fallback_ms=0.209152\nsample_hit_id_fallback_ms=0.209792\noutput_hit_id_fallback=131072\nvariant=custom_threshold_flag\ndataset=sparse_hits\nray_count=524288\nhit_count=131072\nexpected_sum=131072",
      "v2_baseline_median_s": 0.000204128,
      "v2_baseline_over_v4_ratio": 1.0214571657325862,
      "v2_baseline_selected": "materialized_hit_id_plus_device_callback_reduce_fallback",
      "v3_baseline_median_s": 0.000204128,
      "v3_baseline_over_v4_ratio": 1.0214571657325862,
      "v3_baseline_selected": "materialized_hit_id_plus_device_callback_reduce_fallback",
      "v4_fused_correctness_passed": true,
      "v4_fused_median_s": 0.00019983999999999998,
      "v4_fused_output_sum": 131072,
      "variant": "custom_threshold_flag"
    },
    {
      "callback_role": "primary",
      "counts_toward_primary_claim": true,
      "expected_sum": 0,
      "global_atomic_control_correctness_passed": true,
      "global_atomic_control_median_s": 7.0208e-05,
      "global_atomic_control_output_sum": 0,
      "materialized_fallback_correctness_passed": true,
      "materialized_fallback_median_s": 8.96e-05,
      "materialized_fallback_output_sum": 0,
      "parsed": {
        "dataset": "no_hit_empty_reduction",
        "expected_sum": 0,
        "global_atomic_control_correctness_passed": true,
        "global_atomic_control_median_ms": 0.070208,
        "global_atomic_control_median_s": 7.0208e-05,
        "global_atomic_control_output_sum": 0,
        "global_atomic_control_sample_count": 7,
        "hit_count": 0,
        "hit_id_fallback_correctness_passed": true,
        "hit_id_fallback_median_ms": 0.0896,
        "hit_id_fallback_median_s": 8.96e-05,
        "hit_id_fallback_output_sum": 0,
        "hit_id_fallback_sample_count": 7,
        "ray_count": 524288,
        "samples_ms": {
          "global_atomic_control": [
            0.075136,
            0.072704,
            0.070336,
            0.070208,
            0.069248,
            0.069216,
            0.070176
          ],
          "hit_id_fallback": [
            0.08496,
            0.085632,
            0.085152,
            0.10608,
            0.095744,
            0.092448,
            0.0896
          ],
          "v4_callback_contribution": [
            0.08592,
            0.083776,
            0.086336,
            0.091552,
            0.092896,
            0.091648,
            0.084576
          ]
        },
        "v4_callback_contribution_correctness_passed": true,
        "v4_callback_contribution_median_ms": 0.086336,
        "v4_callback_contribution_median_s": 8.6336e-05,
        "v4_callback_contribution_output_sum": 0,
        "v4_callback_contribution_sample_count": 7,
        "variant": "custom_threshold_flag"
      },
      "protocol_callback": "threshold_score",
      "regime": "no_hit_empty_reduction",
      "returncode": 0,
      "route_boundary": "v4_callback_in_hit_contribution_route_vs_materialized_hit_id_device_callback_reduce_fallback",
      "scale": 524288,
      "stderr": "",
      "stdout": "optix_module_create_result=0\nraygen_program_group_result=0\nmiss_program_group_result=0\nhit_program_group_result=0\npipeline_create_result=0\nsample_global_atomic_control_ms=0.075136\nsample_global_atomic_control_ms=0.072704\nsample_global_atomic_control_ms=0.070336\nsample_global_atomic_control_ms=0.070208\nsample_global_atomic_control_ms=0.069248\nsample_global_atomic_control_ms=0.069216\nsample_global_atomic_control_ms=0.070176\noutput_global_atomic_control=0\nsample_v4_callback_contribution_ms=0.08592\nsample_v4_callback_contribution_ms=0.083776\nsample_v4_callback_contribution_ms=0.086336\nsample_v4_callback_contribution_ms=0.091552\nsample_v4_callback_contribution_ms=0.092896\nsample_v4_callback_contribution_ms=0.091648\nsample_v4_callback_contribution_ms=0.084576\noutput_v4_callback_contribution=0\nsample_hit_id_fallback_ms=0.08496\nsample_hit_id_fallback_ms=0.085632\nsample_hit_id_fallback_ms=0.085152\nsample_hit_id_fallback_ms=0.10608\nsample_hit_id_fallback_ms=0.095744\nsample_hit_id_fallback_ms=0.092448\nsample_hit_id_fallback_ms=0.0896\noutput_hit_id_fallback=0\nvariant=custom_threshold_flag\ndataset=no_hit_empty_reduction\nray_count=524288\nhit_count=0\nexpected_sum=0",
      "v2_baseline_median_s": 8.96e-05,
      "v2_baseline_over_v4_ratio": 1.0378057820607858,
      "v2_baseline_selected": "materialized_hit_id_plus_device_callback_reduce_fallback",
      "v3_baseline_median_s": 8.96e-05,
      "v3_baseline_over_v4_ratio": 1.0378057820607858,
      "v3_baseline_selected": "materialized_hit_id_plus_device_callback_reduce_fallback",
      "v4_fused_correctness_passed": true,
      "v4_fused_median_s": 8.6336e-05,
      "v4_fused_output_sum": 0,
      "variant": "custom_threshold_flag"
    },
    {
      "callback_role": "primary",
      "counts_toward_primary_claim": true,
      "expected_sum": 2359270,
      "global_atomic_control_correctness_passed": true,
      "global_atomic_control_median_s": 0.000212192,
      "global_atomic_control_output_sum": 2359270,
      "materialized_fallback_correctness_passed": true,
      "materialized_fallback_median_s": 0.000248768,
      "materialized_fallback_output_sum": 2359270,
      "parsed": {
        "dataset": "dense_hits",
        "expected_sum": 2359270,
        "global_atomic_control_correctness_passed": true,
        "global_atomic_control_median_ms": 0.212192,
        "global_atomic_control_median_s": 0.000212192,
        "global_atomic_control_output_sum": 2359270,
        "global_atomic_control_sample_count": 7,
        "hit_count": 262144,
        "hit_id_fallback_correctness_passed": true,
        "hit_id_fallback_median_ms": 0.248768,
        "hit_id_fallback_median_s": 0.000248768,
        "hit_id_fallback_output_sum": 2359270,
        "hit_id_fallback_sample_count": 7,
        "ray_count": 262144,
        "samples_ms": {
          "global_atomic_control": [
            0.212192,
            0.211936,
            0.212768,
            0.213888,
            0.211456,
            0.212896,
            0.210592
          ],
          "hit_id_fallback": [
            0.241856,
            0.243008,
            0.240512,
            0.252352,
            0.2536,
            0.249184,
            0.248768
          ],
          "v4_callback_contribution": [
            0.24768,
            0.243264,
            0.241824,
            0.245536,
            0.24128,
            0.244384,
            0.242528
          ]
        },
        "v4_callback_contribution_correctness_passed": true,
        "v4_callback_contribution_median_ms": 0.243264,
        "v4_callback_contribution_median_s": 0.000243264,
        "v4_callback_contribution_output_sum": 2359270,
        "v4_callback_contribution_sample_count": 7,
        "variant": "custom_minmax_score"
      },
      "protocol_callback": "minmax_score",
      "regime": "dense_hits",
      "returncode": 0,
      "route_boundary": "v4_callback_in_hit_contribution_route_vs_materialized_hit_id_device_callback_reduce_fallback",
      "scale": 262144,
      "stderr": "",
      "stdout": "optix_module_create_result=0\nraygen_program_group_result=0\nmiss_program_group_result=0\nhit_program_group_result=0\npipeline_create_result=0\nsample_global_atomic_control_ms=0.212192\nsample_global_atomic_control_ms=0.211936\nsample_global_atomic_control_ms=0.212768\nsample_global_atomic_control_ms=0.213888\nsample_global_atomic_control_ms=0.211456\nsample_global_atomic_control_ms=0.212896\nsample_global_atomic_control_ms=0.210592\noutput_global_atomic_control=2359270\nsample_v4_callback_contribution_ms=0.24768\nsample_v4_callback_contribution_ms=0.243264\nsample_v4_callback_contribution_ms=0.241824\nsample_v4_callback_contribution_ms=0.245536\nsample_v4_callback_contribution_ms=0.24128\nsample_v4_callback_contribution_ms=0.244384\nsample_v4_callback_contribution_ms=0.242528\noutput_v4_callback_contribution=2359270\nsample_hit_id_fallback_ms=0.241856\nsample_hit_id_fallback_ms=0.243008\nsample_hit_id_fallback_ms=0.240512\nsample_hit_id_fallback_ms=0.252352\nsample_hit_id_fallback_ms=0.2536\nsample_hit_id_fallback_ms=0.249184\nsample_hit_id_fallback_ms=0.248768\noutput_hit_id_fallback=2359270\nvariant=custom_minmax_score\ndataset=dense_hits\nray_count=262144\nhit_count=262144\nexpected_sum=2359270",
      "v2_baseline_median_s": 0.000248768,
      "v2_baseline_over_v4_ratio": 1.0226256248355696,
      "v2_baseline_selected": "materialized_hit_id_plus_device_callback_reduce_fallback",
      "v3_baseline_median_s": 0.000248768,
      "v3_baseline_over_v4_ratio": 1.0226256248355696,
      "v3_baseline_selected": "materialized_hit_id_plus_device_callback_reduce_fallback",
      "v4_fused_correctness_passed": true,
      "v4_fused_median_s": 0.000243264,
      "v4_fused_output_sum": 2359270,
      "variant": "custom_minmax_score"
    },
    {
      "callback_role": "primary",
      "counts_toward_primary_claim": true,
      "expected_sum": 589816,
      "global_atomic_control_correctness_passed": true,
      "global_atomic_control_median_s": 7.7696e-05,
      "global_atomic_control_output_sum": 589816,
      "materialized_fallback_correctness_passed": true,
      "materialized_fallback_median_s": 0.000115808,
      "materialized_fallback_output_sum": 589816,
      "parsed": {
        "dataset": "sparse_hits",
        "expected_sum": 589816,
        "global_atomic_control_correctness_passed": true,
        "global_atomic_control_median_ms": 0.077696,
        "global_atomic_control_median_s": 7.7696e-05,
        "global_atomic_control_output_sum": 589816,
        "global_atomic_control_sample_count": 7,
        "hit_count": 65536,
        "hit_id_fallback_correctness_passed": true,
        "hit_id_fallback_median_ms": 0.115808,
        "hit_id_fallback_median_s": 0.000115808,
        "hit_id_fallback_output_sum": 589816,
        "hit_id_fallback_sample_count": 7,
        "ray_count": 262144,
        "samples_ms": {
          "global_atomic_control": [
            0.08,
            0.073184,
            0.078752,
            0.071968,
            0.078592,
            0.077696,
            0.071008
          ],
          "hit_id_fallback": [
            0.114016,
            0.112512,
            0.111424,
            0.115808,
            0.11808,
            0.115904,
            0.118016
          ],
          "v4_callback_contribution": [
            0.108416,
            0.111744,
            0.107776,
            0.11216,
            0.115776,
            0.112032,
            0.111904
          ]
        },
        "v4_callback_contribution_correctness_passed": true,
        "v4_callback_contribution_median_ms": 0.111904,
        "v4_callback_contribution_median_s": 0.000111904,
        "v4_callback_contribution_output_sum": 589816,
        "v4_callback_contribution_sample_count": 7,
        "variant": "custom_minmax_score"
      },
      "protocol_callback": "minmax_score",
      "regime": "sparse_hits",
      "returncode": 0,
      "route_boundary": "v4_callback_in_hit_contribution_route_vs_materialized_hit_id_device_callback_reduce_fallback",
      "scale": 262144,
      "stderr": "",
      "stdout": "optix_module_create_result=0\nraygen_program_group_result=0\nmiss_program_group_result=0\nhit_program_group_result=0\npipeline_create_result=0\nsample_global_atomic_control_ms=0.08\nsample_global_atomic_control_ms=0.073184\nsample_global_atomic_control_ms=0.078752\nsample_global_atomic_control_ms=0.071968\nsample_global_atomic_control_ms=0.078592\nsample_global_atomic_control_ms=0.077696\nsample_global_atomic_control_ms=0.071008\noutput_global_atomic_control=589816\nsample_v4_callback_contribution_ms=0.108416\nsample_v4_callback_contribution_ms=0.111744\nsample_v4_callback_contribution_ms=0.107776\nsample_v4_callback_contribution_ms=0.11216\nsample_v4_callback_contribution_ms=0.115776\nsample_v4_callback_contribution_ms=0.112032\nsample_v4_callback_contribution_ms=0.111904\noutput_v4_callback_contribution=589816\nsample_hit_id_fallback_ms=0.114016\nsample_hit_id_fallback_ms=0.112512\nsample_hit_id_fallback_ms=0.111424\nsample_hit_id_fallback_ms=0.115808\nsample_hit_id_fallback_ms=0.11808\nsample_hit_id_fallback_ms=0.115904\nsample_hit_id_fallback_ms=0.118016\noutput_hit_id_fallback=589816\nvariant=custom_minmax_score\ndataset=sparse_hits\nray_count=262144\nhit_count=65536\nexpected_sum=589816",
      "v2_baseline_median_s": 0.000115808,
      "v2_baseline_over_v4_ratio": 1.0348870460394624,
      "v2_baseline_selected": "materialized_hit_id_plus_device_callback_reduce_fallback",
      "v3_baseline_median_s": 0.000115808,
      "v3_baseline_over_v4_ratio": 1.0348870460394624,
      "v3_baseline_selected": "materialized_hit_id_plus_device_callback_reduce_fallback",
      "v4_fused_correctness_passed": true,
      "v4_fused_median_s": 0.000111904,
      "v4_fused_output_sum": 589816,
      "variant": "custom_minmax_score"
    },
    {
      "callback_role": "primary",
      "counts_toward_primary_claim": true,
      "expected_sum": 0,
      "global_atomic_control_correctness_passed": true,
      "global_atomic_control_median_s": 4.6752e-05,
      "global_atomic_control_output_sum": 0,
      "materialized_fallback_correctness_passed": true,
      "materialized_fallback_median_s": 5.5296e-05,
      "materialized_fallback_output_sum": 0,
      "parsed": {
        "dataset": "no_hit_empty_reduction",
        "expected_sum": 0,
        "global_atomic_control_correctness_passed": true,
        "global_atomic_control_median_ms": 0.046752,
        "global_atomic_control_median_s": 4.6752e-05,
        "global_atomic_control_output_sum": 0,
        "global_atomic_control_sample_count": 7,
        "hit_count": 0,
        "hit_id_fallback_correctness_passed": true,
        "hit_id_fallback_median_ms": 0.055296,
        "hit_id_fallback_median_s": 5.5296e-05,
        "hit_id_fallback_output_sum": 0,
        "hit_id_fallback_sample_count": 7,
        "ray_count": 262144,
        "samples_ms": {
          "global_atomic_control": [
            0.047872,
            0.046752,
            0.047968,
            0.045824,
            0.046176,
            0.047168,
            0.045216
          ],
          "hit_id_fallback": [
            0.05264,
            0.055296,
            0.055168,
            0.054304,
            0.064128,
            0.063488,
            0.064192
          ],
          "v4_callback_contribution": [
            0.057088,
            0.05712,
            0.056768,
            0.052352,
            0.052832,
            0.05632,
            0.057824
          ]
        },
        "v4_callback_contribution_correctness_passed": true,
        "v4_callback_contribution_median_ms": 0.056768,
        "v4_callback_contribution_median_s": 5.6767999999999996e-05,
        "v4_callback_contribution_output_sum": 0,
        "v4_callback_contribution_sample_count": 7,
        "variant": "custom_minmax_score"
      },
      "protocol_callback": "minmax_score",
      "regime": "no_hit_empty_reduction",
      "returncode": 0,
      "route_boundary": "v4_callback_in_hit_contribution_route_vs_materialized_hit_id_device_callback_reduce_fallback",
      "scale": 262144,
      "stderr": "",
      "stdout": "optix_module_create_result=0\nraygen_program_group_result=0\nmiss_program_group_result=0\nhit_program_group_result=0\npipeline_create_result=0\nsample_global_atomic_control_ms=0.047872\nsample_global_atomic_control_ms=0.046752\nsample_global_atomic_control_ms=0.047968\nsample_global_atomic_control_ms=0.045824\nsample_global_atomic_control_ms=0.046176\nsample_global_atomic_control_ms=0.047168\nsample_global_atomic_control_ms=0.045216\noutput_global_atomic_control=0\nsample_v4_callback_contribution_ms=0.057088\nsample_v4_callback_contribution_ms=0.05712\nsample_v4_callback_contribution_ms=0.056768\nsample_v4_callback_contribution_ms=0.052352\nsample_v4_callback_contribution_ms=0.052832\nsample_v4_callback_contribution_ms=0.05632\nsample_v4_callback_contribution_ms=0.057824\noutput_v4_callback_contribution=0\nsample_hit_id_fallback_ms=0.05264\nsample_hit_id_fallback_ms=0.055296\nsample_hit_id_fallback_ms=0.055168\nsample_hit_id_fallback_ms=0.054304\nsample_hit_id_fallback_ms=0.064128\nsample_hit_id_fallback_ms=0.063488\nsample_hit_id_fallback_ms=0.064192\noutput_hit_id_fallback=0\nvariant=custom_minmax_score\ndataset=no_hit_empty_reduction\nray_count=262144\nhit_count=0\nexpected_sum=0",
      "v2_baseline_median_s": 5.5296e-05,
      "v2_baseline_over_v4_ratio": 0.9740698985343856,
      "v2_baseline_selected": "materialized_hit_id_plus_device_callback_reduce_fallback",
      "v3_baseline_median_s": 5.5296e-05,
      "v3_baseline_over_v4_ratio": 0.9740698985343856,
      "v3_baseline_selected": "materialized_hit_id_plus_device_callback_reduce_fallback",
      "v4_fused_correctness_passed": true,
      "v4_fused_median_s": 5.6767999999999996e-05,
      "v4_fused_output_sum": 0,
      "variant": "custom_minmax_score"
    },
    {
      "callback_role": "primary",
      "counts_toward_primary_claim": true,
      "expected_sum": 4718556,
      "global_atomic_control_correctness_passed": true,
      "global_atomic_control_median_s": 0.000392832,
      "global_atomic_control_output_sum": 4718556,
      "materialized_fallback_correctness_passed": true,
      "materialized_fallback_median_s": 0.000460576,
      "materialized_fallback_output_sum": 4718556,
      "parsed": {
        "dataset": "dense_hits",
        "expected_sum": 4718556,
        "global_atomic_control_correctness_passed": true,
        "global_atomic_control_median_ms": 0.392832,
        "global_atomic_control_median_s": 0.000392832,
        "global_atomic_control_output_sum": 4718556,
        "global_atomic_control_sample_count": 7,
        "hit_count": 524288,
        "hit_id_fallback_correctness_passed": true,
        "hit_id_fallback_median_ms": 0.460576,
        "hit_id_fallback_median_s": 0.000460576,
        "hit_id_fallback_output_sum": 4718556,
        "hit_id_fallback_sample_count": 7,
        "ray_count": 524288,
        "samples_ms": {
          "global_atomic_control": [
            0.403264,
            0.39504,
            0.392832,
            0.395136,
            0.390144,
            0.391072,
            0.388512
          ],
          "hit_id_fallback": [
            0.454336,
            0.460832,
            0.4584,
            0.459872,
            0.460576,
            0.465248,
            0.461312
          ],
          "v4_callback_contribution": [
            0.452736,
            0.453888,
            0.451104,
            0.452864,
            0.4536,
            0.461056,
            0.451904
          ]
        },
        "v4_callback_contribution_correctness_passed": true,
        "v4_callback_contribution_median_ms": 0.452864,
        "v4_callback_contribution_median_s": 0.000452864,
        "v4_callback_contribution_output_sum": 4718556,
        "v4_callback_contribution_sample_count": 7,
        "variant": "custom_minmax_score"
      },
      "protocol_callback": "minmax_score",
      "regime": "dense_hits",
      "returncode": 0,
      "route_boundary": "v4_callback_in_hit_contribution_route_vs_materialized_hit_id_device_callback_reduce_fallback",
      "scale": 524288,
      "stderr": "",
      "stdout": "optix_module_create_result=0\nraygen_program_group_result=0\nmiss_program_group_result=0\nhit_program_group_result=0\npipeline_create_result=0\nsample_global_atomic_control_ms=0.403264\nsample_global_atomic_control_ms=0.39504\nsample_global_atomic_control_ms=0.392832\nsample_global_atomic_control_ms=0.395136\nsample_global_atomic_control_ms=0.390144\nsample_global_atomic_control_ms=0.391072\nsample_global_atomic_control_ms=0.388512\noutput_global_atomic_control=4718556\nsample_v4_callback_contribution_ms=0.452736\nsample_v4_callback_contribution_ms=0.453888\nsample_v4_callback_contribution_ms=0.451104\nsample_v4_callback_contribution_ms=0.452864\nsample_v4_callback_contribution_ms=0.4536\nsample_v4_callback_contribution_ms=0.461056\nsample_v4_callback_contribution_ms=0.451904\noutput_v4_callback_contribution=4718556\nsample_hit_id_fallback_ms=0.454336\nsample_hit_id_fallback_ms=0.460832\nsample_hit_id_fallback_ms=0.4584\nsample_hit_id_fallback_ms=0.459872\nsample_hit_id_fallback_ms=0.460576\nsample_hit_id_fallback_ms=0.465248\nsample_hit_id_fallback_ms=0.461312\noutput_hit_id_fallback=4718556\nvariant=custom_minmax_score\ndataset=dense_hits\nray_count=524288\nhit_count=524288\nexpected_sum=4718556",
      "v2_baseline_median_s": 0.000460576,
      "v2_baseline_over_v4_ratio": 1.0170293951384963,
      "v2_baseline_selected": "materialized_hit_id_plus_device_callback_reduce_fallback",
      "v3_baseline_median_s": 0.000460576,
      "v3_baseline_over_v4_ratio": 1.0170293951384963,
      "v3_baseline_selected": "materialized_hit_id_plus_device_callback_reduce_fallback",
      "v4_fused_correctness_passed": true,
      "v4_fused_median_s": 0.000452864,
      "v4_fused_output_sum": 4718556,
      "variant": "custom_minmax_score"
    },
    {
      "callback_role": "primary",
      "counts_toward_primary_claim": true,
      "expected_sum": 1179633,
      "global_atomic_control_correctness_passed": true,
      "global_atomic_control_median_s": 0.00013158400000000002,
      "global_atomic_control_output_sum": 1179633,
      "materialized_fallback_correctness_passed": true,
      "materialized_fallback_median_s": 0.000205728,
      "materialized_fallback_output_sum": 1179633,
      "parsed": {
        "dataset": "sparse_hits",
        "expected_sum": 1179633,
        "global_atomic_control_correctness_passed": true,
        "global_atomic_control_median_ms": 0.131584,
        "global_atomic_control_median_s": 0.00013158400000000002,
        "global_atomic_control_output_sum": 1179633,
        "global_atomic_control_sample_count": 7,
        "hit_count": 131072,
        "hit_id_fallback_correctness_passed": true,
        "hit_id_fallback_median_ms": 0.205728,
        "hit_id_fallback_median_s": 0.000205728,
        "hit_id_fallback_output_sum": 1179633,
        "hit_id_fallback_sample_count": 7,
        "ray_count": 524288,
        "samples_ms": {
          "global_atomic_control": [
            0.131584,
            0.133152,
            0.132576,
            0.1272,
            0.12736,
            0.133856,
            0.125952
          ],
          "hit_id_fallback": [
            0.205984,
            0.205728,
            0.204864,
            0.199488,
            0.20496,
            0.208352,
            0.221248
          ],
          "v4_callback_contribution": [
            0.201536,
            0.204928,
            0.197344,
            0.199328,
            0.206016,
            0.20736,
            0.201152
          ]
        },
        "v4_callback_contribution_correctness_passed": true,
        "v4_callback_contribution_median_ms": 0.201536,
        "v4_callback_contribution_median_s": 0.000201536,
        "v4_callback_contribution_output_sum": 1179633,
        "v4_callback_contribution_sample_count": 7,
        "variant": "custom_minmax_score"
      },
      "protocol_callback": "minmax_score",
      "regime": "sparse_hits",
      "returncode": 0,
      "route_boundary": "v4_callback_in_hit_contribution_route_vs_materialized_hit_id_device_callback_reduce_fallback",
      "scale": 524288,
      "stderr": "",
      "stdout": "optix_module_create_result=0\nraygen_program_group_result=0\nmiss_program_group_result=0\nhit_program_group_result=0\npipeline_create_result=0\nsample_global_atomic_control_ms=0.131584\nsample_global_atomic_control_ms=0.133152\nsample_global_atomic_control_ms=0.132576\nsample_global_atomic_control_ms=0.1272\nsample_global_atomic_control_ms=0.12736\nsample_global_atomic_control_ms=0.133856\nsample_global_atomic_control_ms=0.125952\noutput_global_atomic_control=1179633\nsample_v4_callback_contribution_ms=0.201536\nsample_v4_callback_contribution_ms=0.204928\nsample_v4_callback_contribution_ms=0.197344\nsample_v4_callback_contribution_ms=0.199328\nsample_v4_callback_contribution_ms=0.206016\nsample_v4_callback_contribution_ms=0.20736\nsample_v4_callback_contribution_ms=0.201152\noutput_v4_callback_contribution=1179633\nsample_hit_id_fallback_ms=0.205984\nsample_hit_id_fallback_ms=0.205728\nsample_hit_id_fallback_ms=0.204864\nsample_hit_id_fallback_ms=0.199488\nsample_hit_id_fallback_ms=0.20496\nsample_hit_id_fallback_ms=0.208352\nsample_hit_id_fallback_ms=0.221248\noutput_hit_id_fallback=1179633\nvariant=custom_minmax_score\ndataset=sparse_hits\nray_count=524288\nhit_count=131072\nexpected_sum=1179633",
      "v2_baseline_median_s": 0.000205728,
      "v2_baseline_over_v4_ratio": 1.0208002540489045,
      "v2_baseline_selected": "materialized_hit_id_plus_device_callback_reduce_fallback",
      "v3_baseline_median_s": 0.000205728,
      "v3_baseline_over_v4_ratio": 1.0208002540489045,
      "v3_baseline_selected": "materialized_hit_id_plus_device_callback_reduce_fallback",
      "v4_fused_correctness_passed": true,
      "v4_fused_median_s": 0.000201536,
      "v4_fused_output_sum": 1179633,
      "variant": "custom_minmax_score"
    },
    {
      "callback_role": "primary",
      "counts_toward_primary_claim": true,
      "expected_sum": 0,
      "global_atomic_control_correctness_passed": true,
      "global_atomic_control_median_s": 7.3184e-05,
      "global_atomic_control_output_sum": 0,
      "materialized_fallback_correctness_passed": true,
      "materialized_fallback_median_s": 8.8736e-05,
      "materialized_fallback_output_sum": 0,
      "parsed": {
        "dataset": "no_hit_empty_reduction",
        "expected_sum": 0,
        "global_atomic_control_correctness_passed": true,
        "global_atomic_control_median_ms": 0.073184,
        "global_atomic_control_median_s": 7.3184e-05,
        "global_atomic_control_output_sum": 0,
        "global_atomic_control_sample_count": 7,
        "hit_count": 0,
        "hit_id_fallback_correctness_passed": true,
        "hit_id_fallback_median_ms": 0.088736,
        "hit_id_fallback_median_s": 8.8736e-05,
        "hit_id_fallback_output_sum": 0,
        "hit_id_fallback_sample_count": 7,
        "ray_count": 524288,
        "samples_ms": {
          "global_atomic_control": [
            0.073088,
            0.089504,
            0.072256,
            0.073792,
            0.073184,
            0.07136,
            0.073312
          ],
          "hit_id_fallback": [
            0.079872,
            0.082304,
            0.082816,
            0.089056,
            0.088736,
            0.093248,
            0.090912
          ],
          "v4_callback_contribution": [
            0.080352,
            0.078752,
            0.082656,
            0.0792,
            0.082432,
            0.087072,
            0.084544
          ]
        },
        "v4_callback_contribution_correctness_passed": true,
        "v4_callback_contribution_median_ms": 0.082432,
        "v4_callback_contribution_median_s": 8.2432e-05,
        "v4_callback_contribution_output_sum": 0,
        "v4_callback_contribution_sample_count": 7,
        "variant": "custom_minmax_score"
      },
      "protocol_callback": "minmax_score",
      "regime": "no_hit_empty_reduction",
      "returncode": 0,
      "route_boundary": "v4_callback_in_hit_contribution_route_vs_materialized_hit_id_device_callback_reduce_fallback",
      "scale": 524288,
      "stderr": "",
      "stdout": "optix_module_create_result=0\nraygen_program_group_result=0\nmiss_program_group_result=0\nhit_program_group_result=0\npipeline_create_result=0\nsample_global_atomic_control_ms=0.073088\nsample_global_atomic_control_ms=0.089504\nsample_global_atomic_control_ms=0.072256\nsample_global_atomic_control_ms=0.073792\nsample_global_atomic_control_ms=0.073184\nsample_global_atomic_control_ms=0.07136\nsample_global_atomic_control_ms=0.073312\noutput_global_atomic_control=0\nsample_v4_callback_contribution_ms=0.080352\nsample_v4_callback_contribution_ms=0.078752\nsample_v4_callback_contribution_ms=0.082656\nsample_v4_callback_contribution_ms=0.0792\nsample_v4_callback_contribution_ms=0.082432\nsample_v4_callback_contribution_ms=0.087072\nsample_v4_callback_contribution_ms=0.084544\noutput_v4_callback_contribution=0\nsample_hit_id_fallback_ms=0.079872\nsample_hit_id_fallback_ms=0.082304\nsample_hit_id_fallback_ms=0.082816\nsample_hit_id_fallback_ms=0.089056\nsample_hit_id_fallback_ms=0.088736\nsample_hit_id_fallback_ms=0.093248\nsample_hit_id_fallback_ms=0.090912\noutput_hit_id_fallback=0\nvariant=custom_minmax_score\ndataset=no_hit_empty_reduction\nray_count=524288\nhit_count=0\nexpected_sum=0",
      "v2_baseline_median_s": 8.8736e-05,
      "v2_baseline_over_v4_ratio": 1.076475155279503,
      "v2_baseline_selected": "materialized_hit_id_plus_device_callback_reduce_fallback",
      "v3_baseline_median_s": 8.8736e-05,
      "v3_baseline_over_v4_ratio": 1.076475155279503,
      "v3_baseline_selected": "materialized_hit_id_plus_device_callback_reduce_fallback",
      "v4_fused_correctness_passed": true,
      "v4_fused_median_s": 8.2432e-05,
      "v4_fused_output_sum": 0,
      "variant": "custom_minmax_score"
    }
  ],
  "schema": "rtdl.v4.goal4711_custom_scored_app_pod.v1",
  "status": "goal4711_custom_scored_app_measured_not_release",
  "tier3_public_support_authorized": false,
  "toolchain": {
    "compiler": "g++",
    "cuda_lib_dir": "/usr/lib/x86_64-linux-gnu",
    "cuda_root": "/usr/local/cuda",
    "nvcc": "/usr/local/cuda/bin/nvcc",
    "optix_include": "/root/vendor/optix-dev/include"
  },
  "variant_records": [
    {
      "compile_plan": {
        "accepted": true,
        "cache_components": {
          "callback_ptx_cache_canonicalization": "numba_env_b2v_version_token_normalized",
          "callback_ptx_raw_sha256": "4dcef08e8c20a320c9776bdf95887d9b6aa08458d7abb8bce990206437e518e9",
          "callback_ptx_sha256": "0929d05e9645dab35ba489234a43add914f2a250c4b3623db730de73802205a4",
          "callback_symbol": "custom_scalar_reduce_weighted_sum",
          "compute_target": "sm_86",
          "contract_version": "goal4698.specialized_tier3_cache.v1",
          "optix_abi": "8.0",
          "toolchain_fingerprint_sha256": "76ebece3deb67b7f168ebd4567eaddd7a663982fa193fd0dc1e8954106c023ca",
          "wrapper_strategy": "specialize_hit_program_module_and_call_callback_as_direct_device_function"
        },
        "cache_key": "rtdl-v4-tier3-5c12d060d3150c992a34597d102a1ba3",
        "callback_shape": "custom_scalar_reduce",
        "error_code": null,
        "error_message": null,
        "internal_compile_allowed": true,
        "performance_claim_authorized": false,
        "raw_optix_callback_authorized": false,
        "release_authorized": false,
        "stage": "compile_cache_ready_not_executed",
        "tier3_public_support_authorized": false
      },
      "ptx_generation": {
        "numba_legacy_nvvm_environment": {
          "numba_legacy_libdevice_env_configured": false,
          "numba_legacy_nvvm_env_configured": false
        },
        "numba_nvvm_reexec_environment": {
          "reason": "nvvm_lib_dir_missing",
          "reexec_required": false,
          "reexec_supported": true
        },
        "numba_toolchain_environment": {
          "configured": false,
          "numba_cuda_prefix": null,
          "reason": "nvidia_cuda_nvcc_package_not_found"
        },
        "ptx_length": 1214,
        "return_type": "float64",
        "status": "ptx_generated",
        "variant": "custom_scalar_reduce_weighted_sum"
      },
      "symbol_probe": {
        "c_identifier_compatible": true,
        "reason": "one PTX .func symbol matched the callback name hint",
        "status": "symbol_extracted",
        "symbol": "custom_scalar_reduce_weighted_sum"
      },
      "variant": "custom_scalar_reduce_weighted_sum",
      "wrapper_compile": {
        "returncode": 0,
        "stderr": "nvcc warning : Support for offline compilation for architectures prior to '<compute/sm/lto>_75' will be removed in a future release (Use -Wno-deprecated-gpu-targets to suppress warning).",
        "stdout": ""
      }
    },
    {
      "compile_plan": {
        "accepted": true,
        "cache_components": {
          "callback_ptx_cache_canonicalization": "numba_env_b2v_version_token_normalized",
          "callback_ptx_raw_sha256": "3695c9737dc98d625079094e2caa3fd4ce3d69e51babd463e7807c7405d68b24",
          "callback_ptx_sha256": "dd64f60a82ac076f3455157350cec857144fd410b66cfa1242e5e237a3acb355",
          "callback_symbol": "custom_score_affine",
          "compute_target": "sm_86",
          "contract_version": "goal4698.specialized_tier3_cache.v1",
          "optix_abi": "8.0",
          "toolchain_fingerprint_sha256": "76ebece3deb67b7f168ebd4567eaddd7a663982fa193fd0dc1e8954106c023ca",
          "wrapper_strategy": "specialize_hit_program_module_and_call_callback_as_direct_device_function"
        },
        "cache_key": "rtdl-v4-tier3-97d5f98b3d32107c041afb72a4eb1557",
        "callback_shape": "custom_score",
        "error_code": null,
        "error_message": null,
        "internal_compile_allowed": true,
        "performance_claim_authorized": false,
        "raw_optix_callback_authorized": false,
        "release_authorized": false,
        "stage": "compile_cache_ready_not_executed",
        "tier3_public_support_authorized": false
      },
      "ptx_generation": {
        "numba_legacy_nvvm_environment": {
          "numba_legacy_libdevice_env_configured": false,
          "numba_legacy_nvvm_env_configured": false
        },
        "numba_nvvm_reexec_environment": {
          "reason": "nvvm_lib_dir_missing",
          "reexec_required": false,
          "reexec_supported": true
        },
        "numba_toolchain_environment": {
          "configured": false,
          "numba_cuda_prefix": null,
          "reason": "nvidia_cuda_nvcc_package_not_found"
        },
        "ptx_length": 1167,
        "return_type": "float64",
        "status": "ptx_generated",
        "variant": "custom_score_affine"
      },
      "symbol_probe": {
        "c_identifier_compatible": true,
        "reason": "one PTX .func symbol matched the callback name hint",
        "status": "symbol_extracted",
        "symbol": "custom_score_affine"
      },
      "variant": "custom_score_affine",
      "wrapper_compile": {
        "returncode": 0,
        "stderr": "nvcc warning : Support for offline compilation for architectures prior to '<compute/sm/lto>_75' will be removed in a future release (Use -Wno-deprecated-gpu-targets to suppress warning).",
        "stdout": ""
      }
    },
    {
      "compile_plan": {
        "accepted": true,
        "cache_components": {
          "callback_ptx_cache_canonicalization": "numba_env_b2v_version_token_normalized",
          "callback_ptx_raw_sha256": "2e61d5eee86a93fc456b7fa8bf74e9b753df10bcce3cbd7d55403a984d50f588",
          "callback_ptx_sha256": "2f3dbd6be34aa6245235846d1b839b45c6ecee745f4d53ca8760535b2bced7a3",
          "callback_symbol": "custom_threshold_flag",
          "compute_target": "sm_86",
          "contract_version": "goal4698.specialized_tier3_cache.v1",
          "optix_abi": "8.0",
          "toolchain_fingerprint_sha256": "76ebece3deb67b7f168ebd4567eaddd7a663982fa193fd0dc1e8954106c023ca",
          "wrapper_strategy": "specialize_hit_program_module_and_call_callback_as_direct_device_function"
        },
        "cache_key": "rtdl-v4-tier3-108abec626b8703d381600541b60bfec",
        "callback_shape": "custom_threshold",
        "error_code": null,
        "error_message": null,
        "internal_compile_allowed": true,
        "performance_claim_authorized": false,
        "raw_optix_callback_authorized": false,
        "release_authorized": false,
        "stage": "compile_cache_ready_not_executed",
        "tier3_public_support_authorized": false
      },
      "ptx_generation": {
        "numba_legacy_nvvm_environment": {
          "numba_legacy_libdevice_env_configured": false,
          "numba_legacy_nvvm_env_configured": false
        },
        "numba_nvvm_reexec_environment": {
          "reason": "nvvm_lib_dir_missing",
          "reexec_required": false,
          "reexec_supported": true
        },
        "numba_toolchain_environment": {
          "configured": false,
          "numba_cuda_prefix": null,
          "reason": "nvidia_cuda_nvcc_package_not_found"
        },
        "ptx_length": 914,
        "return_type": "float64",
        "status": "ptx_generated",
        "variant": "custom_threshold_flag"
      },
      "symbol_probe": {
        "c_identifier_compatible": true,
        "reason": "one PTX .func symbol matched the callback name hint",
        "status": "symbol_extracted",
        "symbol": "custom_threshold_flag"
      },
      "variant": "custom_threshold_flag",
      "wrapper_compile": {
        "returncode": 0,
        "stderr": "nvcc warning : Support for offline compilation for architectures prior to '<compute/sm/lto>_75' will be removed in a future release (Use -Wno-deprecated-gpu-targets to suppress warning).",
        "stdout": ""
      }
    },
    {
      "compile_plan": {
        "accepted": true,
        "cache_components": {
          "callback_ptx_cache_canonicalization": "numba_env_b2v_version_token_normalized",
          "callback_ptx_raw_sha256": "eadb6101be88bbdff3edb1db3b710afb793a3429cd62aac9f5ff298021c89068",
          "callback_ptx_sha256": "83bfc5b554e4850b5a3eb3bfd41f2e4722d32d59bf3529f49203803e83b6cefa",
          "callback_symbol": "custom_minmax_score",
          "compute_target": "sm_86",
          "contract_version": "goal4698.specialized_tier3_cache.v1",
          "optix_abi": "8.0",
          "toolchain_fingerprint_sha256": "76ebece3deb67b7f168ebd4567eaddd7a663982fa193fd0dc1e8954106c023ca",
          "wrapper_strategy": "specialize_hit_program_module_and_call_callback_as_direct_device_function"
        },
        "cache_key": "rtdl-v4-tier3-d13b7d8ebac599ceb4d7f2218c0534e4",
        "callback_shape": "custom_minmax",
        "error_code": null,
        "error_message": null,
        "internal_compile_allowed": true,
        "performance_claim_authorized": false,
        "raw_optix_callback_authorized": false,
        "release_authorized": false,
        "stage": "compile_cache_ready_not_executed",
        "tier3_public_support_authorized": false
      },
      "ptx_generation": {
        "numba_legacy_nvvm_environment": {
          "numba_legacy_libdevice_env_configured": false,
          "numba_legacy_nvvm_env_configured": false
        },
        "numba_nvvm_reexec_environment": {
          "reason": "nvvm_lib_dir_missing",
          "reexec_required": false,
          "reexec_supported": true
        },
        "numba_toolchain_environment": {
          "configured": false,
          "numba_cuda_prefix": null,
          "reason": "nvidia_cuda_nvcc_package_not_found"
        },
        "ptx_length": 1328,
        "return_type": "float64",
        "status": "ptx_generated",
        "variant": "custom_minmax_score"
      },
      "symbol_probe": {
        "c_identifier_compatible": true,
        "reason": "one PTX .func symbol matched the callback name hint",
        "status": "symbol_extracted",
        "symbol": "custom_minmax_score"
      },
      "variant": "custom_minmax_score",
      "wrapper_compile": {
        "returncode": 0,
        "stderr": "nvcc warning : Support for offline compilation for architectures prior to '<compute/sm/lto>_75' will be removed in a future release (Use -Wno-deprecated-gpu-targets to suppress warning).",
        "stdout": ""
      }
    }
  ]
}
