{
  "boundary": "Measures repeated app summary phases with Python density/core conversion, but excludes full CLI JSON output and oracle work. Prepared mode reports run-only timing after one reusable Embree BVH prepare.",
  "cases": [
    {
      "copies": 512,
      "dbscan": {
        "one_shot": {
          "label": "one_shot_summary_plus_core_flags",
          "max_sec": 0.024755387999903178,
          "median_sec": 0.019661195000026055,
          "min_sec": 0.01929136799992648,
          "repeat_count": 3,
          "row_count": 4096,
          "samples_sec": [
            0.024755387999903178,
            0.019661195000026055,
            0.01929136799992648
          ]
        },
        "prepare_sec": 0.006132079000053636,
        "prepared_run_only": {
          "label": "prepared_summary_plus_core_flags",
          "max_sec": 0.012561817000005249,
          "median_sec": 0.011867990000041573,
          "min_sec": 0.011683154000024842,
          "repeat_count": 3,
          "row_count": 4096,
          "samples_sec": [
            0.012561817000005249,
            0.011683154000024842,
            0.011867990000041573
          ]
        },
        "prepared_speedup_vs_one_shot": 1.6566575300414967
      },
      "dbscan_point_count": 4096,
      "outlier": {
        "one_shot": {
          "label": "one_shot_summary_plus_density",
          "max_sec": 0.02837232900003528,
          "median_sec": 0.02087052499996389,
          "min_sec": 0.018548291999991307,
          "repeat_count": 3,
          "row_count": 4096,
          "samples_sec": [
            0.02087052499996389,
            0.02837232900003528,
            0.018548291999991307
          ]
        },
        "prepare_sec": 0.0062613210000108666,
        "prepared_run_only": {
          "label": "prepared_summary_plus_density",
          "max_sec": 0.011961996000081854,
          "median_sec": 0.011946153999929265,
          "min_sec": 0.011504586999990352,
          "repeat_count": 3,
          "row_count": 4096,
          "samples_sec": [
            0.011504586999990352,
            0.011946153999929265,
            0.011961996000081854
          ]
        },
        "prepared_speedup_vs_one_shot": 1.74704971994229
      },
      "outlier_point_count": 4096
    }
  ],
  "copies": [
    512
  ],
  "embree_threads": {
    "auto": true,
    "effective_threads": 8,
    "requested": "auto",
    "source": "api"
  },
  "embree_version": [
    4,
    3,
    0
  ],
  "goal": 718,
  "host": "lx1",
  "platform": "Linux-6.17.0-20-generic-x86_64-with-glibc2.39",
  "python": "3.12.3",
  "repeats": 3,
  "valid": true,
  "warmups": 1
}
