POLYGON ((-86.439632 32.708213, -86.424428 32.707738, -86.42421 32.707731, -86.416159 32.707479, -86.415826 32.70747, -86.413116 32.707386, -86.413047 32.6906, -86.413044 32.689761, -86.413044 32.689738, -86.413044 32.689713, -86.413043 32.68943, -86.413043 32.689392, -86.413035 32.687713, -86.412997 32.678182, -86.412983 32.67762, -86.412995 32.677556, -86.412984 32.674788, -86.412983 32.674597, -86.412981 32.674236, -86.412981 32.674149, -86.41298 32.674053, -86.412962 32.669522, -86.412923 32.659717, -86.412912 32.657263, -86.412877 32.648913, -86.412826 32.635879, -86.412785 32.625227, -86.412607 32.61636, -86.412606 32.616104, -86.412604 32.615844, -86.412604 32.615696, -86.412598 32.614632, -86.412589 32.612423, -86.412588 32.612289, -86.412567 32.607455, -86.412522 32.596806, -86.41252 32.596357, -86.412497 32.589457, -86.412486 32.5894235, -86.412487 32.588817, -86.412481 32.587548, -86.412476 32.586162, -86.412475 32.586008, -86.412462 32.582985, -86.412448 32.579854, -86.412446 32.579324, -86.412445 32.579085, -86.412442 32.578305, -86.412443 32.578156, -86.412471 32.574554, -86.412457 32.571933, -86.41245 32.57084, -86.412443 32.569471, -86.412411 32.563316, -86.412404 32.562016, -86.412377 32.556969, -86.412342 32.550226, -86.412333 32.548658, -86.412343 32.546585, -86.412343 32.54656, -86.412342 32.546452, -86.412325 32.543253, -86.412262 32.533436, -86.412242 32.530292, -86.412241 32.530173, -86.412236 32.529553, -86.412232 32.529044, -86.41223 32.528804, -86.412226 32.5287665, -86.412231 32.528738, -86.412222 32.528205, -86.412196 32.526944, -86.412188 32.526923, -86.412194 32.526764, -86.412199 32.526706, -86.412202 32.526677, -86.412206 32.526619, -86.412248 32.52612, -86.412254 32.525989, -86.412335 32.525215, -86.412293 32.523952, -86.412281 32.523925, -86.412296 32.521822, -86.412297 32.520816, -86.412299 32.517111, -86.412305 32.515498, -86.412314 32.51287, -86.412314 32.512841, -86.412314 32.512784, -86.412314 32.512759, -86.412315 32.512724, -86.412315 32.512671, -86.412329 32.508657, -86.412335 32.506931, -86.412336 32.506588, -86.412338 32.505731, -86.412343 32.504463, -86.412342 32.503781, -86.412342 32.50368, -86.412285 32.502219, -86.41226 32.501576, -86.412232 32.500854, -86.41222 32.500514, -86.412205 32.500134, -86.412203 32.500061, -86.412202 32.499998, -86.412201 32.499963, -86.4122 32.499902, -86.412198 32.499821, -86.41219 32.499462, -86.412188 32.499338, -86.412174 32.498641, -86.412125 32.496257, -86.412098 32.494881, -86.412078 32.493962, -86.412073 32.493105, -86.411981 32.49174, -86.411972 32.491633, -86.411972 32.491417, -86.411972 32.491017, -86.411973 32.49065, -86.411973 32.489355, -86.411973 32.488729, -86.411973 32.488253, -86.411973 32.487645, -86.411973 32.487164, -86.411973 32.486596, -86.411971 32.485764, -86.411966 32.485539, -86.411937 32.484268, -86.411907 32.48294, -86.411878 32.481643, -86.411873 32.481417, -86.411871 32.481267, -86.41187 32.481121, -86.411865 32.48061, -86.411845 32.478527, -86.411818 32.475703, -86.411803 32.474156, -86.411799 32.473688, -86.411795 32.473281, -86.411786 32.472316, -86.411773 32.471035, -86.411773 32.470632, -86.411773 32.470408, -86.411773 32.467734, -86.411773 32.465995, -86.411772 32.465733, -86.411679 32.460067, -86.411676 32.459855, -86.411675 32.459798, -86.411672 32.456257, -86.411672 32.453882, -86.411672 32.453001, -86.411672 32.450536, -86.411668 32.450266, -86.411656 32.449233, -86.411644 32.448345, -86.411632 32.447148, -86.411601 32.444836, -86.411581 32.443303, -86.411576 32.442726, -86.41157 32.4424485, -86.411542 32.440244, -86.411542 32.4402135, -86.411541 32.440178, -86.41154 32.440118, -86.411539 32.440022, -86.411538 32.439927, -86.411489 32.436185, -86.411492 32.436132, -86.411508 32.435767, -86.411369 32.426948, -86.411373 32.426497, -86.411378 32.425731, -86.411374 32.425108, -86.411374 32.425041, -86.411372 32.424736, -86.411356 32.4242315, -86.411355 32.424182, -86.411352804 32.424050779, -86.411348 32.423997, -86.411296 32.422226, -86.411292 32.422105, -86.411291 32.422054, -86.411286 32.4218905, -86.411285 32.421851, -86.411273 32.421433, -86.411273 32.41995, -86.411278 32.419922, -86.411272 32.419408, -86.411252 32.417702, -86.411178 32.411358, -86.411176 32.410882, -86.411174 32.410404, -86.411173 32.410171, -86.411172 32.409937, -86.416147 32.407203, -86.416235 32.407156, -86.416469 32.407031, -86.416909 32.406796, -86.417671 32.406388, -86.418574 32.405906, -86.425072 32.402437, -86.426211 32.402237, -86.428193 32.401843, -86.428598 32.401761, -86.429002 32.401681, -86.43001 32.40148, -86.431776 32.401325, -86.432111 32.401296, -86.432446 32.401266, -86.432816 32.401234, -86.433185 32.401201, -86.433306 32.40119, -86.433427 32.401181, -86.433826 32.401145, -86.43613 32.40094, -86.438526 32.40036, -86.439257 32.400253, -86.4394 32.400232, -86.439543 32.400211, -86.439796 32.400174, -86.440876 32.400016, -86.443573 32.399836, -86.444721 32.399841, -86.444785 32.399859, -86.445407 32.400039, -86.44603 32.400219, -86.446526 32.400364, -86.447022 32.400508, -86.447696 32.400703, -86.448073 32.400937, -86.449604 32.402206, -86.451282 32.403694, -86.453037 32.404808, -86.455616 32.405807, -86.456273 32.405837, -86.457035 32.405966, -86.458759 32.405731, -86.459398 32.405496, -86.459552 32.405441, -86.46056 32.404701, -86.460653 32.404566, -86.460673 32.404536, -86.461243 32.403533, -86.461277 32.403473, -86.461246 32.403211, -86.461224 32.40303, -86.461202 32.402849, -86.461048 32.401573, -86.4603 32.399749, -86.459339 32.397514, -86.45914 32.395781, -86.460514 32.392913, -86.462055 32.390304, -86.462373 32.389037, -86.462385 32.388996, -86.462574 32.388365, -86.462472 32.387687, -86.462376 32.38704, -86.462279 32.386394, -86.461994 32.384483, -86.461772 32.381155, -86.46175 32.38082, -86.462163 32.3793355, -86.462497 32.378135, -86.463498 32.377339, -86.463564 32.377288, -86.464082 32.376877, -86.464599 32.376466, -86.466273 32.375137, -86.466648 32.37487, -86.466907 32.374671, -86.467182 32.374473, -86.467487 32.374283, -86.467777 32.374091, -86.468067 32.373893, -86.468357 32.37368, -86.468616 32.373466, -86.468891 32.373237, -86.46915 32.373008, -86.46941 32.372771, -86.469654 32.372543, -86.469913 32.372314, -86.470173 32.372078, -86.470432 32.371841, -86.470683 32.3716, -86.47092 32.37136, -86.471149 32.371108, -86.471363 32.370849, -86.471592 32.37059, -86.471805 32.370331, -86.472019 32.370064, -86.472233 32.369805, -86.472446 32.369538, -86.472645 32.369279, -86.472858 32.369011, -86.473056 32.368744, -86.473255 32.36847, -86.473438 32.368188, -86.473606 32.367905, -86.473758 32.367615, -86.473926 32.367326, -86.474094 32.367043, -86.474262 32.366753, -86.47443 32.366456, -86.474582 32.366166, -86.474765 32.365876, -86.474949 32.3656, -86.475162 32.365349, -86.475422 32.365128, -86.475712 32.364922, -86.476017 32.364731, -86.476352 32.364564, -86.476703 32.364418, -86.47707 32.364303, -86.477421 32.36422, -86.477771 32.364182, -86.478153 32.364213, -86.478432 32.364265, -86.478519 32.364281, -86.478901 32.364373, -86.47906 32.364421, -86.479267 32.364486, -86.479431 32.364547, -86.479603 32.364609, -86.479924 32.364776, -86.480229 32.364967, -86.480534 32.365159, -86.480855 32.365333, -86.48116 32.365516, -86.481465 32.365693, -86.481786 32.365868, -86.482106 32.366036, -86.482426 32.366204, -86.482747 32.366372, -86.483083 32.366532, -86.483418 32.366669, -86.483769 32.366776, -86.48412 32.366844, -86.484502 32.366898, -86.484883 32.366929, -86.485265 32.366943, -86.485674 32.366937, -86.485997 32.366936, -86.486363 32.366898, -86.486729 32.36683, -86.487096 32.366737, -86.487462 32.366631, -86.487813 32.366517, -86.488148 32.366387, -86.488484 32.36625, -86.48882 32.366104, -86.489156 32.365945, -86.489476 32.365792, -86.489796 32.365631, -86.490132 32.365471, -86.490468 32.365319, -86.490803 32.365159, -86.491109 32.364991, -86.491414 32.364793, -86.491673 32.36457, -86.491902 32.364327, -86.492116 32.364052, -86.492299 32.36377, -86.492451 32.36348, -86.492574 32.363138, -86.49265 32.362862, -86.492696 32.362549, -86.492741 32.362229, -86.492757 32.361908, -86.492772 32.361587, -86.492761 32.361364, -86.492757 32.361268, -86.492726 32.360947, -86.49268 32.360635, -86.492635 32.360321, -86.492558 32.360008, -86.492482 32.359696, -86.49239 32.359383, -86.492299 32.359077, -86.492192 32.358773, -86.49207 32.358468, -86.491959 32.358196, -86.491948 32.35817, -86.491811 32.357872, -86.491673 32.357574, -86.491551 32.35727, -86.491429 32.356972, -86.491322 32.356667, -86.491215 32.356361, -86.491109 32.356057, -86.491002 32.355752, -86.49091 32.355438, -86.490803 32.355134, -86.490712 32.354821, -86.490636 32.354515, -86.490529 32.354203, -86.490437 32.353898, -86.49033 32.353592, -86.490193 32.353295, -86.490071 32.35299, -86.489949 32.352691, -86.489937 32.352643, -86.489873 32.352379, -86.489812 32.352066, -86.489766 32.351746, -86.489735 32.351425, -86.48972 32.351104, -86.489735 32.350793, -86.489766 32.350472, -86.489827 32.350158, -86.489903 32.349846, -86.489979 32.349534, -86.490041 32.349221, -86.490117 32.348908, -86.490193 32.348595, -86.490274 32.348238, -86.490376 32.347977, -86.490468 32.347665, -86.49059 32.347358, -86.490712 32.347054, -86.490865 32.346772, -86.491063 32.346497, -86.491292 32.346245, -86.491551 32.346009, -86.491826 32.345788, -86.492116 32.345588, -86.492421 32.345399, -86.492741 32.345231, -86.493077 32.345086, -86.493413 32.344963, -86.493779 32.344872, -86.494145 32.344796, -86.494511 32.344727, -86.494878 32.344673, -86.495259 32.34462, -86.495625 32.344582, -86.495991 32.344535, -86.496373 32.344506, -86.496774 32.344437, -86.49697 32.344408, -86.497166 32.344377, -86.497411 32.344338, -86.497777 32.344268, -86.498143 32.344201, -86.498509 32.344132, -86.498875 32.344063, -86.499242 32.343987, -86.499608 32.343919, -86.499974 32.343958, -86.50037 32.343902, -86.500766 32.343846, -86.501855 32.343694, -86.502944 32.343541, -86.505718 32.343038, -86.508492 32.342537, -86.50913 32.342422, -86.509769 32.342306, -86.511142 32.342056, -86.513113 32.341676, -86.516445 32.341032, -86.519777 32.340387, -86.520054 32.340333, -86.532499 32.338779, -86.532531 32.338775, -86.532554 32.338787, -86.534111 32.339613, -86.535668 32.34044, -86.536392 32.340823, -86.537115 32.341209, -86.537215 32.341262, -86.537388 32.341596, -86.539251 32.3452, -86.539671 32.34754, -86.540578 32.352596, -86.541484 32.35765, -86.541804 32.359434, -86.542125 32.361221, -86.542142 32.361317, -86.54216 32.361417, -86.542241 32.361869, -86.542322 32.362321, -86.542418 32.362858, -86.542515 32.363394, -86.542537 32.363517, -86.543139 32.364652, -86.543404 32.365152, -86.543669 32.365651, -86.544042 32.366356, -86.544418 32.366637, -86.544454 32.366664, -86.54544 32.367402, -86.5464325 32.368144, -86.547899 32.369242, -86.549909 32.369203, -86.550224 32.369197, -86.550539 32.369193, -86.558946 32.369033, -86.561591 32.370359, -86.563526 32.371391, -86.565243 32.372273, -86.565918 32.372621, -86.566588 32.3729655, -86.568572 32.373987, -86.570551 32.375006, -86.5714 32.375137, -86.572586 32.375541, -86.573809 32.375822, -86.575392 32.37608, -86.576637 32.376067, -86.576966 32.376063, -86.579213 32.37586, -86.580921 32.375464, -86.581347 32.37527, -86.58164 32.375138, -86.58173 32.3750925, -86.581753 32.375081, -86.581799 32.3750565, -86.581873 32.375019, -86.588261 32.367749, -86.588342 32.367658, -86.588427 32.367446, -86.590571 32.362125, -86.592865 32.361668, -86.593907 32.361576, -86.594594 32.361464, -86.595335 32.361345, -86.605097 32.367811, -86.60548 32.368065, -86.605863 32.368319, -86.610104 32.371128, -86.614345 32.373938, -86.614841 32.374266, -86.615144 32.374989, -86.615206 32.375137, -86.61622 32.377356, -86.616391 32.378444, -86.616594 32.379744, -86.616619 32.379904, -86.616458 32.380716, -86.616326 32.38138, -86.616146 32.382269, -86.616071 32.382638, -86.615607 32.383848, -86.61502 32.385333, -86.614585 32.386712, -86.61457 32.386758, -86.614332 32.3875, -86.614092 32.388247, -86.614074 32.388302, -86.613847 32.389673, -86.61361 32.391173, -86.613441 32.392166, -86.613393 32.392448, -86.613176 32.393948, -86.613319 32.396825, -86.613453 32.398584, -86.613738 32.399689, -86.614507 32.401356, -86.615485 32.403066, -86.616387 32.404097, -86.616921 32.404634, -86.616963 32.404676, -86.617005 32.404718, -86.617472 32.405186, -86.617938 32.405655, -86.618 32.405717, -86.619812 32.406474, -86.621405 32.406682, -86.621509 32.40668, -86.621706 32.406675, -86.621903 32.40667, -86.622856 32.406647, -86.623634 32.406155, -86.624107 32.405631, -86.624281 32.405427, -86.62461 32.405042, -86.624978 32.404728, -86.625821 32.404235, -86.626264 32.403978, -86.626706 32.40372, -86.626851 32.403636, -86.628712 32.402769, -86.630933 32.402113, -86.631319 32.402101, -86.633057 32.402046, -86.635248 32.402389, -86.635994 32.402506, -86.636021 32.402509, -86.637766 32.40272, -86.639547 32.402966, -86.641448 32.40294, -86.641542 32.402939, -86.641636 32.402938, -86.642459 32.402926, -86.64541 32.402296, -86.645964 32.402071, -86.647907 32.401285, -86.649234 32.400699, -86.649559 32.400554, -86.651507 32.399317, -86.652072 32.398705, -86.652746 32.397976, -86.653419 32.397247, -86.653953 32.396279, -86.654424 32.394999, -86.654528 32.394716, -86.654923 32.392812, -86.65579 32.388689, -86.655516 32.387517, -86.655473 32.387334, -86.654808 32.385672, -86.654777 32.385596, -86.654034 32.383884, -86.653831 32.382519, -86.653835 32.381262, -86.653837 32.380687, -86.654168 32.379389, -86.654181 32.379337, -86.654219 32.379188, -86.654257 32.37904, -86.654269 32.378993, -86.65429 32.37895, -86.654947 32.377647, -86.655242 32.376967, -86.655597 32.376147, -86.656338 32.375447, -86.656665 32.375137, -86.6571 32.374779, -86.657472 32.374474, -86.657921 32.374107, -86.658682 32.373484, -86.660107 32.372317, -86.66123 32.371397, -86.661251 32.371377, -86.66241 32.370261, -86.662559 32.370117, -86.662705 32.369977, -86.662761 32.369923, -86.663035 32.369659, -86.663308 32.369396, -86.663331 32.369374, -86.663528 32.369185, -86.663719 32.369001, -86.663747 32.368974, -86.664753 32.368004, -86.66625 32.366407, -86.667497 32.365077, -86.668337 32.364334, -86.668528 32.364165, -86.668719 32.363996, -86.668986 32.36376, -86.669254 32.363524, -86.671134 32.361862, -86.673513 32.359732, -86.674805 32.358638, -86.67531 32.35821, -86.675816 32.357781, -86.676041 32.35759, -86.676266 32.357399, -86.676426 32.357264, -86.677215 32.35663, -86.677264 32.356591, -86.67732 32.356546, -86.67739 32.35649, -86.67747 32.356425, -86.677954 32.356036, -86.67842 32.355661, -86.678442 32.355643, -86.678795 32.355359, -86.67976 32.35476, -86.67987 32.354692, -86.67998 32.354622, -86.680345 32.354396, -86.681001 32.354049, -86.681314 32.353883, -86.682286 32.353667, -86.682654 32.353583, -86.682741 32.353563, -86.682802 32.353549, -86.68284 32.35354, -86.683537 32.353395, -86.684378 32.353375, -86.685994 32.353693, -86.686199 32.353735, -86.687447 32.354202, -86.689391 32.354929, -86.689841 32.355098, -86.690069 32.355182, -86.690297 32.355269, -86.690817 32.355463, -86.691335 32.355658, -86.691544 32.355736, -86.69175 32.355812, -86.691821 32.355839, -86.692792 32.356204, -86.693928 32.356583, -86.694069 32.35663, -86.694276 32.356698, -86.694482 32.356766, -86.694598 32.356806, -86.694709 32.356843, -86.694861 32.356893, -86.69497 32.35693, -86.695008 32.356943, -86.69696 32.357594, -86.700609 32.358393, -86.701247 32.358479, -86.701283 32.358484, -86.701792 32.358552, -86.702336 32.358626, -86.703595 32.358795, -86.705575 32.359338, -86.70621 32.359512, -86.709716 32.3604, -86.710258 32.360522, -86.710799 32.360644, -86.711337 32.360767, -86.712265 32.361277, -86.713086 32.36186, -86.713372 32.362077, -86.713477 32.362192, -86.713768 32.362508, -86.71406 32.362824, -86.714118 32.362887, -86.714189 32.363081, -86.714278 32.363324, -86.714338 32.363488, -86.714366 32.363566, -86.714419 32.363709, -86.714457 32.364078, -86.714518 32.365015, -86.714545 32.365107, -86.714987 32.366614, -86.71532 32.367632, -86.715362 32.367759, -86.715448 32.367902, -86.71576 32.36842, -86.716072 32.368938, -86.716239 32.369214, -86.716669 32.369646, -86.717969 32.370952, -86.719028 32.372059, -86.719172 32.372551, -86.719431 32.373438, -86.719718 32.375137, -86.719744 32.375706, -86.719893 32.376699, -86.719663 32.377868, -86.719328 32.379047, -86.718983 32.380401, -86.71898 32.381468, -86.719071 32.382921, -86.71909 32.38313, -86.719171 32.384027, -86.719253 32.384923, -86.719273 32.38514, -86.719351 32.385545, -86.719535 32.386529, -86.719823 32.388402, -86.719847 32.388771, -86.719908 32.389705, -86.719914 32.389789, -86.719945 32.390594, -86.719967 32.391154, -86.719916 32.391526, -86.719774 32.392558, -86.719268 32.39372, -86.719219 32.393797, -86.718714 32.394584, -86.718497 32.39492, -86.718485 32.394939, -86.717985 32.395729, -86.717812 32.396001, -86.717572 32.397171, -86.717561 32.397267, -86.717449 32.398207, -86.717193 32.400367, -86.717194 32.400402, -86.717209 32.401287, -86.717897 32.402814, -86.719259 32.403995, -86.720954 32.404812, -86.722435 32.405126, -86.722688 32.40518, -86.723414 32.405258, -86.724072 32.405327, -86.725355 32.404955, -86.725704 32.404854, -86.727181 32.404497, -86.7277745 32.404022, -86.727802 32.404, -86.727825 32.403982, -86.728523 32.403422, -86.728563 32.403375, -86.728667 32.403253, -86.729874 32.401843, -86.73046 32.40109, -86.730834 32.40061, -86.732099 32.399054, -86.732323 32.398848, -86.733738 32.397551, -86.733838 32.39746, -86.735956 32.395833, -86.736362 32.395516, -86.736767 32.395201, -86.737372 32.39473, -86.739074 32.393693, -86.739869 32.393209, -86.740171 32.393017, -86.742157 32.391751, -86.74397 32.390892, -86.744237 32.390782, -86.746598 32.389806, -86.74846 32.389364, -86.748514 32.38935, -86.749981 32.389105, -86.751902 32.389193, -86.754465 32.389086, -86.755426 32.389136, -86.757398 32.389239, -86.758015 32.389348, -86.759641 32.389637, -86.761259 32.389925, -86.761785 32.390102, -86.762305 32.390278, -86.763543 32.390697, -86.767256 32.392688, -86.76756 32.392868, -86.768276 32.393293, -86.768992 32.393718, -86.769425 32.393976, -86.771681 32.394796, -86.773026 32.39495, -86.774765 32.39515, -86.778365 32.394601, -86.780021 32.393742, -86.781354 32.392494, -86.782141 32.390473, -86.78226 32.389102, -86.78228 32.388877, -86.782169 32.388205, -86.781973 32.387013, -86.781879 32.386591, -86.781516 32.384956, -86.781243 32.379472, -86.781342 32.378452, -86.781411 32.377747, -86.781746 32.376616, -86.781757 32.376579, -86.781854 32.376303, -86.78216 32.375435, -86.782184 32.375411, -86.782326 32.375275, -86.782467 32.375137, -86.782442 32.374651, -86.782417 32.374166, -86.782397 32.37377, -86.782377 32.373375, -86.782218 32.370288, -86.780447 32.3686, -86.77694 32.355179, -86.776656 32.354092, -86.776371 32.353004, -86.775448 32.349471, -86.774525 32.345937, -86.77405 32.344123, -86.773576 32.342309, -86.773163 32.340728, -86.774233 32.339171, -86.774989 32.338067, -86.775745 32.336962, -86.775804 32.336878, -86.775862 32.336793, -86.777003 32.33513, -86.778143 32.333466, -86.779039 32.33216, -86.78122 32.32898, -86.784297 32.324492, -86.784355 32.324408, -86.784392 32.324354, -86.786411 32.32141, -86.788426 32.318472, -86.78886 32.317838, -86.78929 32.317211, -86.789953 32.316245, -86.790616 32.315278, -86.791073 32.314611, -86.791632 32.314147, -86.792363 32.31354, -86.793094 32.312932, -86.7943 32.311929, -86.795506 32.310927, -86.798268 32.308632, -86.801146 32.308389, -86.802047 32.308313, -86.802948 32.308237, -86.803516 32.308189, -86.804085 32.308141, -86.806254 32.307958, -86.808424 32.307775, -86.809613 32.307675, -86.810802 32.307574, -86.811559 32.307916, -86.812317 32.308258, -86.8124 32.308296, -86.812924 32.308541, -86.813098 32.308622, -86.813591 32.308843, -86.813676 32.308881, -86.816107 32.30997, -86.818374 32.312711, -86.818446 32.312798, -86.818778 32.313198, -86.81911 32.313601, -86.820273 32.315007, -86.820329 32.316574, -86.820394 32.318399, -86.820458 32.320224, -86.820476 32.320731, -86.820494 32.321238, -86.820596 32.324087, -86.820697 32.326936, -86.820805 32.329977, -86.820913 32.333018, -86.820921 32.33324, -86.820875 32.333373, -86.820554 32.334314, -86.820232 32.335254, -86.819985 32.33598, -86.819738 32.336706, -86.819706 32.336799, -86.819679 32.336823, -86.818602 32.337722, -86.817525 32.338621, -86.816939 32.339109, -86.816353 32.339599, -86.815632 32.340201, -86.814912 32.340803, -86.812293 32.34299, -86.812065 32.343179, -86.810732 32.344282, -86.809259 32.345501, -86.809045 32.345864, -86.808788 32.3463, -86.808528 32.346741, -86.808401 32.346958, -86.808167 32.347356, -86.808146 32.347392, -86.807765 32.348038, -86.807651 32.348232, -86.807438 32.348593, -86.807246 32.349663, -86.80701 32.35098, -86.806867 32.351781, -86.807046 32.352681, -86.807378 32.354356, -86.807395 32.35439, -86.80786 32.355311, -86.808356 32.356226, -86.808683 32.356838, -86.8088485 32.3571475, -86.809658 32.358685, -86.810986 32.361207, -86.811142 32.361593, -86.811789 32.363198, -86.812406 32.364727, -86.812714 32.365354, -86.812778 32.365485, -86.812811 32.365551, -86.812827 32.365584, -86.812845 32.36562, -86.812945 32.365824, -86.813049 32.366035, -86.813078 32.366095, -86.813477 32.366907, -86.813608 32.367174, -86.813915 32.3678, -86.814985 32.369978, -86.81506 32.370131, -86.815132 32.370278, -86.815399 32.370821, -86.815963 32.371377, -86.816201 32.371612, -86.817664 32.373056, -86.820502 32.374397, -86.821233 32.374741, -86.821522 32.374878, -86.821958 32.375084, -86.822067 32.375137, -86.822216 32.375254, -86.822263 32.37529, -86.8223615 32.3753655, -86.822906 32.375791, -86.823081 32.375894, -86.823412 32.376088, -86.824317 32.376618, -86.826296 32.378031, -86.827244 32.378816, -86.829107 32.380836, -86.830079 32.382458, -86.830673 32.383645, -86.83167 32.385784, -86.831798 32.386051, -86.831883 32.386223, -86.832085 32.386636, -86.832095 32.3866575, -86.832624 32.387977, -86.833644 32.38964, -86.834286 32.390321, -86.8344 32.390442, -86.834514 32.390562, -86.835489 32.391595, -86.836023 32.392139, -86.837069 32.393203, -86.837957 32.393717, -86.838272 32.393898, -86.83866 32.394142, -86.839343 32.39457, -86.840336 32.395563, -86.840846 32.396434, -86.841357 32.397138, -86.842378 32.398283, -86.842718 32.398809, -86.843758 32.400416, -86.844085 32.401549, -86.844509 32.403021, -86.845119 32.405184, -86.845864 32.408468, -86.846149 32.409725, -86.846115 32.410975, -86.846074 32.412475, -86.845766 32.414015, -86.845456 32.41538, -86.845448 32.415416, -86.845392 32.415483, -86.844524 32.416504, -86.843781 32.417067, -86.842811 32.417614, -86.841099 32.41849, -86.838731 32.419437, -86.836567 32.42009, -86.836393 32.420143, -86.836147 32.420169, -86.834531 32.420341, -86.832005 32.420554, -86.83003 32.420518, -86.829314 32.420603, -86.828082 32.420749, -86.827446 32.421028, -86.827304 32.421092, -86.827161 32.421155, -86.82677 32.421326, -86.825266 32.422459, -86.825189 32.422517, -86.824579 32.423186, -86.824292 32.423918, -86.824394 32.424725, -86.824494 32.424869, -86.82461 32.425036, -86.824725 32.425202, -86.825084 32.425718, -86.826485 32.426955, -86.827515 32.427639, -86.828371 32.428207, -86.830685 32.429026, -86.831056 32.42915, -86.8312 32.429198, -86.831345 32.429246, -86.832896 32.429765, -86.834011 32.42996, -86.834153 32.429985, -86.834259 32.430003, -86.834961 32.430126, -86.835663 32.430249, -86.83609 32.430324, -86.836518 32.430399, -86.837081 32.430497, -86.83809 32.430735, -86.838576 32.43085, -86.839063 32.430965, -86.840042 32.431196, -86.840593 32.431416, -86.841522 32.431787, -86.8427325 32.4325765, -86.842761 32.432595, -86.843096 32.432814, -86.8433 32.432966, -86.843482 32.433101, -86.843503 32.433117, -86.844802 32.434083, -86.845328 32.434558, -86.845349 32.434577, -86.845643 32.434843, -86.84601 32.435167, -86.846141 32.435284, -86.846376 32.435493, -86.846857 32.435924, -86.847569 32.436601, -86.847677 32.436704, -86.847822 32.436842, -86.848192 32.437193, -86.849898 32.438325, -86.851284 32.438746, -86.852594 32.438868, -86.85318 32.438904, -86.853346 32.438914, -86.853385 32.4389165, -86.853441 32.4389195, -86.853572 32.438927, -86.854829 32.43864, -86.855061 32.438575, -86.855291 32.438512, -86.855658 32.438484, -86.856023 32.438456, -86.85676 32.438401, -86.856989 32.4383855, -86.857038 32.438382, -86.857105 32.438377, -86.857201 32.43837, -86.857263 32.438457, -86.857402 32.438654, -86.857527 32.438833, -86.857545 32.438858, -86.857667 32.439031, -86.85791 32.439319, -86.857938 32.439353, -86.858253 32.439726, -86.858309 32.439757, -86.858475 32.439849, -86.85874 32.439996, -86.859192 32.44017, -86.859231 32.440174, -86.859657 32.440216, -86.859927 32.44016, -86.860193 32.440105, -86.860818 32.439801, -86.86093 32.439724, -86.861249 32.439507, -86.861825 32.43902, -86.862262 32.438736, -86.862424 32.438691, -86.86268 32.438696, -86.862802 32.438723, -86.863175 32.438806, -86.863786 32.439059, -86.864331 32.439445, -86.864483 32.43938, -86.864681 32.439194, -86.864938 32.438826, -86.865258 32.438201, -86.865533 32.43784, -86.866016 32.437548, -86.866269 32.437528, -86.866452 32.437573, -86.866663 32.437798, -86.866684 32.43784, -86.866873 32.438229, -86.867034 32.43871, -86.86709 32.439188, -86.867067 32.439324, -86.866996 32.439745, -86.866903 32.440302, -86.866605 32.440939, -86.865726 32.441612, -86.865771 32.441967, -86.866248 32.442726, -86.866315 32.442932, -86.866371 32.443429, -86.866323 32.443638, -86.866231 32.443759, -86.865608 32.443804, -86.86492 32.444155, -86.864856 32.44428, -86.864911 32.44454, -86.864982 32.444879, -86.864936 32.445268, -86.864606 32.445724, -86.864152 32.445917, -86.862793 32.446393, -86.862307 32.446841, -86.862194 32.447034, -86.861962 32.447685, -86.861908 32.448431, -86.861835 32.448711, -86.861382 32.449478, -86.86118 32.449661, -86.860994 32.449748, -86.860776 32.449827, -86.860138 32.450183, -86.859955 32.450381, -86.85995 32.450628, -86.860056 32.450861, -86.860521 32.451417, -86.860923 32.452088, -86.861556 32.453418, -86.86197 32.454244, -86.862269 32.456052, -86.862426 32.456451, -86.86277 32.456803, -86.863115 32.457154, -86.863512 32.457478, -86.864415 32.45835, -86.864761 32.458559, -86.865142 32.458499, -86.865964 32.458312, -86.867017 32.458171, -86.867442 32.458181, -86.868591 32.45809, -86.868932 32.458078, -86.869225 32.458123, -86.869547 32.458295, -86.86969 32.458512, -86.869776 32.458899, -86.869854 32.460113, -86.869974 32.460605, -86.870014 32.461208, -86.870112 32.461955, -86.870199 32.462193, -86.870413 32.462623, -86.871019 32.463526, -86.871172 32.463973, -86.871198 32.464235, -86.871169 32.464951, -86.87096 32.465716, -86.870867 32.466462, -86.870588 32.467138, -86.870029 32.467627, -86.869335 32.467803, -86.869116 32.467913, -86.869054 32.467962, -86.869074 32.46821, -86.869139 32.468342, -86.869343 32.468527, -86.869904 32.468853, -86.870212 32.468974, -86.870718 32.469043, -86.871271 32.469026, -86.871724 32.468924, -86.872251 32.468691, -86.872658 32.468584, -86.872869 32.468567, -86.873112 32.468632, -86.873603 32.469257, -86.873813 32.469762, -86.873838666 32.470454, -86.873846 32.4706955, -86.873781 32.471257, -86.873613 32.471584, -86.873621 32.471688, -86.873636 32.471879, -86.873498 32.472006, -86.873446 32.472143, -86.87348 32.472459, -86.8739 32.472699, -86.874324 32.472692, -86.874507 32.472638, -86.874618 32.472605, -86.874874 32.472529, -86.875063 32.472583, -86.875276 32.472647, -86.875413 32.472731, -86.876534 32.473806, -86.876902 32.474294, -86.877044 32.474514, -86.877201 32.474998, -86.8774 32.475859, -86.877513 32.477, -86.877763 32.478547, -86.877937 32.478822, -86.878168 32.478982, -86.878508 32.479025, -86.878842 32.478958, -86.879315 32.478941, -86.879827 32.479, -86.881289 32.479631, -86.881493 32.479765, -86.881726 32.48006, -86.881641 32.480296, -86.881429 32.480609, -86.881429 32.480795, -86.881624 32.481024, -86.882001 32.481265, -86.882622 32.481284, -86.882913 32.481231, -86.883723 32.481216, -86.884212 32.481341, -86.884433 32.481448, -86.884818 32.481777, -86.88497 32.481907, -86.885158 32.482227, -86.885203 32.482438, -86.885031 32.482798, -86.88448 32.482987, -86.883453 32.48311, -86.883158 32.483075, -86.882692 32.483236, -86.882109 32.483549, -86.881814 32.483681, -86.881557 32.483731, -86.881269 32.483737, -86.880974 32.483687, -86.880736 32.483631, -86.880573 32.483593, -86.88046 32.483593, -86.880297 32.483806, -86.880239 32.484229, -86.880226 32.484655, -86.880033 32.485286, -86.879826 32.485634, -86.879453 32.485892, -86.879233 32.486124, -86.879092 32.486407, -86.878989 32.486897, -86.878989 32.487323, -86.879138 32.487615, -86.879223 32.487792, -86.8796895 32.488186, -86.8802835 32.488525, -86.880578 32.488693, -86.880722 32.488775, -86.880794 32.488816, -86.8808665 32.488858, -86.881424 32.489272, -86.881917 32.489638, -86.882152 32.489818, -86.882706 32.490242, -86.883398 32.490519, -86.883423 32.490525, -86.883708 32.490599, -86.884007 32.490722, -86.884098 32.490863, -86.884098 32.490962, -86.884056 32.491082, -86.883972 32.49118, -86.88381 32.491307, -86.883274 32.491525, -86.882936 32.491687, -86.882569 32.491887, -86.882369 32.492103, -86.882355 32.49221, -86.882369 32.492335, -86.882569 32.492674, -86.882782 32.493106, -86.882968 32.49346, -86.883038 32.493641, -86.883047 32.493808, -86.883029 32.493897, -86.882913 32.494027, -86.88196 32.49459, -86.881799 32.494855, -86.881752 32.495063, -86.881776 32.495287, -86.881853 32.495487, -86.881968 32.495657, -86.882107 32.495772, -86.882349 32.495915, -86.882824 32.496034, -86.883286 32.496081, -86.883933 32.496189, -86.884242 32.496281, -86.884481 32.496396, -86.884689 32.496566, -86.884913 32.49696, -86.885028 32.497924, -86.885054 32.498294, -86.885197 32.4985, -86.885413 32.498639, -86.88569 32.498716, -86.885937 32.498801, -86.886153 32.498947, -86.886307 32.499148, -86.886559 32.499869, -86.886705 32.5004, -86.886879 32.50064, -86.88717 32.500981, -86.887264 32.501091, -86.8875 32.50125, -86.888186 32.501411, -86.889248 32.501552, -86.889596 32.501655, -86.88986 32.50189, -86.890367 32.502455, -86.890585 32.503021, -86.890668 32.503461, -86.890692 32.504161, -86.890674 32.505412, -86.89058 32.505986, -86.889919 32.508537, -86.889676 32.5098, -86.889616 32.510184, -86.889666 32.510386, -86.889765 32.51049, -86.890141 32.510508, -86.890667 32.51051, -86.891142 32.510528, -86.891354 32.510599, -86.891506 32.51073, -86.891627 32.510922, -86.891587 32.511175, -86.891405 32.511458, -86.890808 32.512246, -86.890445 32.512852, -86.890414 32.513237, -86.890475 32.51352, -86.890626 32.513661, -86.890829 32.513742, -86.891416 32.513817, -86.892133 32.513803, -86.892911 32.513908, -86.893457 32.514086, -86.893808 32.514221, -86.894621 32.514904, -86.895006 32.515659, -86.895312 32.516402, -86.895402 32.517939, -86.895371 32.518652, -86.895226 32.519392, -86.894853 32.520228, -86.894779 32.520901, -86.894833 32.52111, -86.895057 32.521496, -86.8957065 32.522223, -86.896696 32.523046, -86.896722 32.523068, -86.8967835 32.523119, -86.896816 32.5231455, -86.896964 32.523269, -86.897846 32.524001, -86.8978795 32.5240285, -86.897915 32.524059, -86.898317 32.524375, -86.898337 32.524391, -86.898909 32.524841, -86.899508 32.525398, -86.899791 32.525878, -86.900017 32.526454, -86.900323 32.52684, -86.9005625 32.527053, -86.901284 32.527813, -86.901361 32.528308, -86.901357 32.52895, -86.901486 32.529251, -86.901894 32.529564, -86.903634 32.530319, -86.903757 32.530422, -86.903818 32.530473, -86.903811 32.530862, -86.903682 32.531087, -86.903531 32.531213, -86.903281 32.53135, -86.901623 32.531999, -86.901308 32.532179, -86.90109 32.532486, -86.901022 32.532766, -86.901069 32.533299, -86.901573 32.534242, -86.901709 32.535021, -86.901943 32.535856, -86.90233 32.536409, -86.902607 32.536679, -86.9032 32.536963, -86.903993 32.537104, -86.904539 32.537111, -86.904733 32.537087, -86.90476 32.537083, -86.9049 32.537065, -86.905011 32.53705, -86.906403 32.536712, -86.906527 32.536731, -86.906667 32.53685, -86.906742 32.536977, -86.90675 32.537298, -86.906501 32.538276, -86.906461 32.539253, -86.906345 32.53951, -86.90623 32.539766, -86.90604 32.539962, -86.905793 32.540101, -86.905436 32.540219, -86.904929 32.540281, -86.904469 32.540224, -86.903845 32.539915, -86.903509 32.539924, -86.90323 32.540139, -86.903096 32.540626, -86.903115 32.540826, -86.903133 32.541018, -86.903253 32.541432, -86.903466 32.541701, -86.903925 32.542074, -86.904899 32.542515, -86.906032 32.542831, -86.906308 32.543024, -86.906518 32.54317, -86.906603 32.543346, -86.906625 32.543391, -86.906688 32.543522, -86.906637 32.543747, -86.906563 32.544074, -86.906106 32.544756, -86.905947 32.545126, -86.905907 32.545839, -86.905972 32.546514, -86.905915 32.547297, -86.905878 32.547366, -86.905354 32.548344, -86.905223 32.548758, -86.905214 32.549152, -86.905131 32.549391, -86.904939 32.549669, -86.904526 32.550123, -86.903923 32.550674, -86.903732 32.551028, -86.903797 32.551738, -86.903994 32.55247, -86.904178 32.552981, -86.904782 32.553579, -86.904806 32.553756, -86.904732 32.554071, -86.90446 32.554288, -86.903779 32.554313, -86.903532 32.554364, -86.903131 32.554732, -86.903 32.554916, -86.902828 32.555317, -86.902737 32.555391, -86.902514 32.555494, -86.901184 32.55576, -86.900709 32.555918, -86.900527 32.556056, -86.900234 32.556275, -86.899764 32.556739, -86.899601 32.556989, -86.899589 32.557222, -86.899582 32.557353, -86.899581 32.557381, -86.899612 32.557439, -86.899639 32.557488, -86.899679 32.557563, -86.899889 32.557786, -86.900329 32.558056, -86.900533 32.558563, -86.900499 32.558883, -86.900235 32.559328, -86.899743 32.559894, -86.899458 32.560414, -86.899346 32.56105, -86.899318 32.561762, -86.899363 32.561936, -86.899259 32.562207, -86.899211 32.562525, -86.899138 32.564242, -86.898917 32.565008, -86.898065 32.566285, -86.897996 32.566491, -86.897968 32.566848, -86.898192 32.567495, -86.898304 32.567687, -86.898822 32.568058, -86.899514 32.568471, -86.899857 32.568835, -86.900151 32.56931, -86.900401 32.570194, -86.900682 32.571188, -86.900757 32.571863, -86.9009 32.573389, -86.90128 32.574374, -86.901367 32.574834, -86.9013345 32.575052, -86.901332 32.575085, -86.901329 32.57511, -86.901324 32.575145, -86.9013075 32.575233, -86.900828 32.575662, -86.89939 32.576355, -86.898982 32.57681, -86.898707 32.577446, -86.898783 32.577831, -86.899049 32.578194, -86.899389 32.578465, -86.900637 32.579206, -86.900921 32.579422, -86.901457 32.579925, -86.901646 32.580162, -86.902205 32.581085, -86.902231 32.581296, -86.901948 32.58193, -86.901941 32.582214, -86.902089 32.582342, -86.902266 32.582495, -86.902975 32.582819, -86.903624 32.583222, -86.903718 32.583401, -86.903898 32.583745, -86.904026 32.5842755, -86.903876 32.584875, -86.903277 32.585828, -86.90281 32.586373, -86.902669 32.586841, -86.90277 32.587173, -86.903188 32.587459, -86.903899 32.587594, -86.904368 32.58763, -86.904731 32.587685, -86.904776 32.587715, -86.905067 32.588006, -86.905241 32.588226, -86.9054 32.588876, -86.905392 32.589209, -86.905392 32.589663, -86.905385 32.589867, -86.90544 32.590437, -86.905297 32.590809, -86.90505 32.591099, -86.904076 32.591887, -86.903849 32.592122, -86.903698 32.592386, -86.903645 32.592606, -86.903728 32.592871, -86.904216 32.593997, -86.904364 32.594656, -86.9045 32.59514, -86.904636 32.59545, -86.90478 32.595715, -86.90512 32.596249, -86.905732 32.596994, -86.906234 32.597485, -86.906265 32.597758, -86.906265 32.598059, -86.906119 32.598352, -86.906093 32.59873, -86.906272 32.599869, -86.906138 32.600242, -86.9058 32.600696, -86.905677 32.601002, -86.905754 32.601385, -86.906187 32.601872, -86.906424 32.602331, -86.906496 32.602719, -86.906556 32.604004, -86.906648 32.604352, -86.906764 32.604541, -86.907212 32.604937, -86.90778 32.605471, -86.908391 32.606082, -86.908532 32.606266, -86.908589 32.606418, -86.908564 32.606573, -86.908513 32.606755, -86.908358 32.606895, -86.908123 32.606985, -86.907536 32.607072, -86.906888 32.607239, -86.906389 32.607367, -86.906144 32.607546, -86.905981 32.607735, -86.905886 32.607925, -86.905895 32.60808, -86.905946 32.608183, -86.906075 32.608347, -86.906308 32.608493, -86.906497 32.608562, -86.906954 32.608605, -86.90765 32.608421, -86.908598 32.608252, -86.909278 32.608166, -86.909631 32.608149, -86.909881 32.608192, -86.910107 32.608338, -86.910146 32.608576, -86.910135 32.608762, -86.909849 32.609151, -86.909626 32.609509, -86.909433 32.609914, -86.909371 32.61023, -86.909424 32.610529, -86.909529 32.610766, -86.909855 32.610977, -86.910391 32.611311, -86.910769 32.611478, -86.910997 32.611487, -86.911296811 32.611383703, -86.911648 32.611267, -86.911938 32.611241, -86.912122 32.611285, -86.912254 32.611461, -86.912267 32.611816, -86.912132 32.612121, -86.912011 32.612248, -86.911706 32.612421, -86.910687 32.612919, -86.910428 32.613094, -86.910117 32.613209, -86.909892 32.613297, -86.909703 32.61348, -86.909617 32.613698, -86.90968 32.61407, -86.910044 32.614804, -86.910115 32.614946, -86.91013 32.615189, -86.910156 32.615626, -86.910109 32.615985, -86.909963 32.616363, -86.909673 32.61688, -86.909573 32.617117, -86.909547 32.617388, -86.909544 32.617658, -86.9097 32.617835, -86.909929 32.618127, -86.910273 32.618325, -86.910617 32.618513, -86.911398 32.618877, -86.911794 32.6192, -86.912013 32.619356, -86.912158 32.619492, -86.912321 32.619843, -86.911715 32.620576, -86.911631 32.620855, -86.911675 32.621281, -86.911646 32.621816, -86.911604 32.621991, -86.911502 32.622144, -86.911393 32.622359, -86.911135 32.622867, -86.911106 32.623188, -86.91115 32.623506, -86.911233 32.623671, -86.911482 32.623866, -86.912058 32.62409, -86.912699 32.62471, -86.912822 32.625051, -86.9127305 32.6253735, -86.912692 32.625558, -86.912683 32.625601, -86.912657 32.625858, -86.912556 32.626054, -86.9123 32.62634, -86.912023 32.626506, -86.911501 32.626663, -86.911358 32.626795, -86.91123 32.627018, -86.911224 32.627077, -86.911149 32.627764, -86.910894 32.628484, -86.910845 32.628802, -86.910859 32.629088, -86.911027 32.629677, -86.911128 32.630367, -86.911679 32.630605, -86.911808 32.630743, -86.911935 32.63123, -86.911882 32.631402, -86.911741 32.631534, -86.911904 32.631783, -86.912353 32.632055, -86.912472 32.632095, -86.912785 32.632202, -86.912884 32.632361, -86.912956 32.632711, -86.912846 32.63342, -86.912833 32.633954, -86.912948 32.634259, -86.91309 32.634433, -86.913754 32.635391, -86.913967 32.635896, -86.913903 32.636536, -86.913706 32.63693, -86.91378 32.637354, -86.914034 32.637641, -86.914311 32.637808, -86.91516 32.637878, -86.91554 32.638039, -86.915691 32.638208, -86.916078 32.63864, -86.916285 32.639072, -86.916309 32.639294, -86.916193 32.63939, -86.916102 32.63959, -86.916059 32.639943, -86.915932 32.640175, -86.91592 32.640458, -86.916018 32.640566, -86.916265 32.640607, -86.917419 32.641466, -86.918099 32.642059, -86.918251 32.642315, -86.918385 32.642837, -86.918808 32.643535, -86.918865 32.643818, -86.918817 32.644278, -86.918501 32.644519, -86.918274 32.644779, -86.918106 32.645069, -86.91797 32.64537, -86.917998 32.645905, -86.917989 32.646256, -86.917883 32.646565, -86.917639 32.646813, -86.917341 32.646953, -86.916874 32.646987, -86.915938 32.646732, -86.915215 32.64667, -86.914713 32.646756, -86.913852 32.64707, -86.913692 32.647185, -86.913547 32.647219, -86.913386 32.647332, -86.913176 32.647635, -86.913146 32.647775, -86.913187 32.648018, -86.913244 32.648114, -86.913385 32.648193, -86.913795 32.648941, -86.914112 32.649366, -86.914435 32.649745, -86.915049 32.650292, -86.915457 32.650487, -86.91594 32.650633, -86.916734 32.650782, -86.917253 32.650945, -86.918152 32.651356, -86.918413 32.651638, -86.918499 32.651915, -86.918494 32.651999, -86.918477 32.652271, -86.918379 32.652529, -86.918411 32.65281, -86.91827 32.653219, -86.918222 32.653534, -86.918204 32.653652, -86.918155 32.653789, -86.917991 32.653978, -86.918054 32.654186, -86.918286 32.654569, -86.918604 32.654859, -86.918884 32.654948, -86.920323 32.655405, -86.920452 32.655463, -86.920586 32.655524, -86.920876 32.655785, -86.921145 32.65623, -86.921205 32.656475, -86.921211 32.656588, -86.921237 32.65708, -86.921196 32.657542, -86.920923 32.657952, -86.920535 32.658322, -86.920352 32.658563, -86.920277 32.658759, -86.920236 32.658868, -86.9202465 32.659179, -86.92025 32.65926, -86.920328 32.659656, -86.920411 32.660077, -86.920322 32.660403, -86.920287 32.660459, -86.920106 32.66075, -86.919478 32.661284, -86.919122 32.661766, -86.918746 32.662599, -86.918491 32.663012, -86.918123 32.663773, -86.91767 32.664113, -86.9175866 32.664169, -86.9174895 32.664167, -86.917411 32.664166, -86.916956 32.664158, -86.914853 32.664336, -86.91461 32.664355, -86.914555 32.664353, -86.913644 32.664311, -86.912407 32.664254, -86.912165 32.664242, -86.911916 32.664231, -86.905049 32.663913, -86.904764 32.6639, -86.904685 32.663896, -86.903593 32.663845, -86.899864 32.663764, -86.899608 32.66375, -86.898308 32.663688, -86.892903 32.663432, -86.892165 32.663398, -86.880107 32.662871, -86.88001 32.662861, -86.879521 32.66284, -86.874988 32.662525, -86.873965 32.6625945, -86.873902 32.662599, -86.873577 32.662585, -86.866041 32.662259, -86.860103 32.662002, -86.859868 32.661994, -86.857697 32.661898, -86.857553 32.661892, -86.851433 32.661627, -86.849104 32.661526, -86.845569 32.661372, -86.845388 32.661365, -86.845208 32.661357, -86.845008 32.661347, -86.844808 32.661338, -86.837776 32.661034, -86.836352 32.660973, -86.83617 32.660961, -86.834074 32.660835, -86.833825 32.660825, -86.832178 32.660756, -86.831127 32.660747, -86.830851 32.660744, -86.829564 32.660687, -86.829502 32.660684, -86.826963 32.660573, -86.82315 32.660406, -86.820325 32.660282, -86.817637 32.660164, -86.816574 32.660117, -86.814095 32.660156, -86.814042 32.660157, -86.813744 32.660162, -86.813418 32.660167, -86.813289 32.660169, -86.81325 32.660169, -86.813193 32.66017, -86.813066 32.660172, -86.812633 32.660179, -86.809646 32.660227, -86.806957 32.660272, -86.804839 32.660308, -86.797659 32.660396, -86.796176 32.660415, -86.791039 32.660477, -86.787674 32.660519, -86.787599 32.66052, -86.783664 32.660567, -86.779944 32.660612, -86.771532 32.660717, -86.769686 32.660739, -86.761978 32.660835, -86.759539 32.660865, -86.756856 32.660896, -86.754042 32.660933, -86.749984 32.660984, -86.735885 32.661402, -86.73455 32.661442, -86.732991 32.661488, -86.732694 32.6614965, -86.732176 32.661512, -86.73164 32.661518, -86.726564 32.661577, -86.726155 32.661582, -86.725076 32.661594, -86.72388 32.661608, -86.719862 32.661655, -86.719341 32.661661, -86.717606 32.661687, -86.714951 32.661727, -86.71339 32.661732, -86.713405 32.662605, -86.71344 32.664476, -86.713472 32.666217, -86.713495 32.667382, -86.71363 32.674588, -86.713658 32.676051, -86.713773 32.682192, -86.713866 32.687131, -86.714016 32.695043, -86.714213 32.705396, -86.714219 32.705694, -86.712659 32.705744, -86.712575 32.705745, -86.698069 32.705852, -86.69353 32.705905, -86.69339 32.705907, -86.691726 32.705919, -86.679583 32.706004, -86.673079 32.706049, -86.672727 32.706052, -86.672698 32.706052, -86.667039 32.706092, -86.661223 32.706134, -86.653695 32.706187, -86.648441 32.706175, -86.645395 32.70622, -86.645233 32.706221, -86.634548 32.706311, -86.634478 32.706312, -86.63189 32.706334, -86.62961 32.706353, -86.629387 32.706355, -86.62619 32.706381, -86.62498 32.706393, -86.620711 32.70626, -86.620663 32.70626, -86.620557 32.70626, -86.617895 32.706287, -86.6177855 32.706288, -86.617684 32.706289, -86.617491 32.706291, -86.611683 32.70635, -86.611651 32.706352, -86.608504 32.706397, -86.607824 32.706405, -86.607758 32.706406, -86.607426 32.706408, -86.603953 32.706442, -86.603917 32.706442, -86.6029405 32.706451, -86.59665 32.706513, -86.595155 32.706528, -86.595103 32.706528, -86.590341 32.706576, -86.587853 32.706601, -86.584606 32.706632, -86.581404 32.706665, -86.578575 32.706691, -86.577342 32.706705, -86.574986 32.706728, -86.570148 32.706777, -86.569962 32.706778, -86.566303 32.706816, -86.566226 32.706817, -86.56313 32.706847, -86.560171 32.706877, -86.554725 32.706933, -86.553278 32.706938, -86.533399 32.70702, -86.533095 32.70702, -86.5294535 32.707036, -86.529421 32.707036, -86.524693 32.707057, -86.524434 32.707058, -86.509897 32.7071195, -86.5039525 32.707143, -86.499977 32.707158, -86.496304 32.707302, -86.491021 32.707507, -86.490704 32.70751, -86.487752 32.707548, -86.487668 32.707549, -86.487617 32.70755, -86.486421 32.707572, -86.486263 32.707576, -86.485361 32.707593, -86.484684 32.707596, -86.484073 32.707599, -86.484004 32.707599, -86.482239 32.707608, -86.480572 32.707616, -86.479666 32.707631, -86.479162 32.707642, -86.477278 32.707679, -86.476875 32.707687, -86.471965 32.707782, -86.469307 32.707834, -86.469173 32.707837, -86.468575 32.707849, -86.468242 32.707855, -86.46818 32.707856, -86.468032 32.707859, -86.463763 32.707943, -86.463582 32.707929, -86.46349 32.707923, -86.463413 32.707918, -86.463236 32.70792, -86.46309 32.707923, -86.45851 32.708004, -86.458395 32.708005, -86.450354 32.708094, -86.448705 32.708112, -86.448487 32.708114, -86.442304 32.708183, -86.441019 32.708197, -86.439632 32.708213))
MULTIPOLYGON (((-87.564908 30.281622, -87.564699 30.281611001, -87.564591001 30.281622, -87.564483054 30.281600889, -87.564403468 30.281536783, -87.564299055 30.281495885, -87.564150469 30.281376784, -87.563907 30.281293001, -87.563773938 30.281231042, -87.563663332 30.281107452, -87.563610485 30.281008215, -87.563533 30.280962, -87.563476 30.280945, -87.563241001 30.280929, -87.563094088 30.280896842, -87.562920468 30.280755783, -87.562786912 30.280679349, -87.562622467 30.280557784, -87.562333703 30.28047462, -87.562307937 30.280395567, -87.562307937 30.280301567, -87.562352936 30.280208567, -87.562428936 30.280114567, -87.562592936 30.280103567, -87.562979937 30.279823567, -87.563328937 30.279674567, -87.563543937 30.279608567, -87.563879936 30.279520566, -87.564120936 30.279547567, -87.564335936 30.279531567, -87.564735937 30.279426566, -87.564931937 30.279294567, -87.565052937 30.279256567, -87.565185937 30.279245566, -87.565578937 30.279250566, -87.565736937 30.279206566, -87.565768937 30.279168566, -87.565743809 30.279085916, -87.565522027 30.279020923, -87.565456296 30.278967458, -87.565419937 30.278898567, -87.565426937 30.278733566, -87.565533937 30.278640567, -87.565635937 30.278651566, -87.565825937 30.278733566, -87.565912094 30.278808107, -87.566070545 30.278994736, -87.566132993 30.27904523, -87.56644016 30.279184217, -87.566545772 30.279317096, -87.566623937 30.279311566, -87.566700937 30.279201567, -87.566757937 30.279184566, -87.567213937 30.279305566, -87.567695937 30.279344566, -87.568322938 30.279250566, -87.568519938 30.279162566, -87.568603051 30.279199401, -87.568642 30.281578, -87.565181001 30.281671, -87.565016 30.281671, -87.564908 30.281622)), ((-87.55722 30.28177, -87.557144 30.281721, -87.557068 30.281721, -87.556890001 30.281792, -87.556694 30.281765, -87.556649 30.28166, -87.556656 30.281512001, -87.556618001 30.281402, -87.556624 30.281286, -87.556662 30.281204, -87.556795 30.281105001, -87.556998 30.280863, -87.557283 30.280742001, -87.557448 30.280610001, -87.557562001 30.280483, -87.557708 30.280395001, -87.55805 30.280346, -87.558215 30.280291, -87.558462 30.280225, -87.558754 30.280186, -87.558944 30.280098, -87.559007 30.280027, -87.559134 30.279972001, -87.55921 30.279972001, -87.559371499 30.280065501, -87.55935 30.280153, -87.559166 30.280252, -87.55909 30.280351, -87.558982 30.280434, -87.558608001 30.280511, -87.558519 30.280494, -87.558456 30.280527, -87.558297 30.280676, -87.558183001 30.280835, -87.558139 30.28111, -87.55793 30.281435001, -87.557917 30.281550001, -87.557936001 30.281627, -87.55793 30.281721, -87.557879 30.281798, -87.557581 30.28177, -87.557416 30.281814, -87.557321001 30.281814, -87.55722 30.28177)), ((-87.51877 30.282915, -87.518669 30.282904, -87.518381 30.282934, -87.518383 30.2823655, -87.518383 30.28232, -87.518383 30.282257, -87.518383 30.282159, -87.518383 30.282136, -87.518384 30.282084, -87.518384 30.282029, -87.518386 30.281586, -87.518386 30.281562, -87.518386 30.280649, -87.518324 30.280442, -87.518325 30.280206, -87.519024924 30.280041568, -87.519315925 30.280008568, -87.519645924 30.279992568, -87.519911924 30.280008568, -87.520209924 30.279942568, -87.520665924 30.279899568, -87.520722924 30.279882568, -87.521496924 30.279811568, -87.521730925 30.279772568, -87.521863925 30.279789568, -87.521958925 30.279767568, -87.522294925 30.279652568, -87.522700926 30.279542568, -87.522852925 30.279487568, -87.523106926 30.279426568, -87.523372926 30.279289568, -87.523600925 30.279195568, -87.523917926 30.279151568, -87.524221925 30.279151568, -87.524605425 30.279086068, -87.524938926 30.279064568, -87.525293926 30.279009567, -87.525616926 30.279025568, -87.526041926 30.278970568, -87.526256927 30.278987567, -87.526414927 30.278938568, -87.526972926 30.278839568, -87.527251927 30.278756568, -87.527796926 30.278679568, -87.528386926 30.278509568, -87.529096927 30.278388568, -87.529330927 30.278333568, -87.529438927 30.278328568, -87.529932927 30.278174567, -87.530230927 30.278113567, -87.530864927 30.277954568, -87.531764928 30.277806567, -87.532512928 30.277608567, -87.533412929 30.277322567, -87.533907928 30.277234567, -87.534179928 30.277141567, -87.534414928 30.277113567, -87.534933929 30.276976567, -87.535776929 30.276811567, -87.536581929 30.276762567, -87.53752693 30.276597567, -87.538204929 30.276404566, -87.53857893 30.276267567, -87.53887093 30.276212566, -87.53947293 30.275964566, -87.54013793 30.275766566, -87.54049293 30.275684567, -87.54054993 30.275662567, -87.54086093 30.275607567, -87.54172893 30.275321567, -87.54210893 30.275266566, -87.543325931 30.275019566, -87.543395931 30.274991566, -87.543477931 30.274942566, -87.543927931 30.274810566, -87.544536931 30.274716566, -87.544821931 30.274656566, -87.545284931 30.274474566, -87.545537931 30.274431566, -87.545924931 30.274299566, -87.546406932 30.274227566, -87.547039932 30.274018566, -87.548725932 30.273650566, -87.548973932 30.273633566, -87.549543932 30.273501566, -87.549651933 30.273496566, -87.549854932 30.273452566, -87.549949933 30.273441565, -87.550443933 30.273424566, -87.550810933 30.273364565, -87.551343933 30.273265565, -87.551577933 30.273248566, -87.551970933 30.273160565, -87.552230933 30.273116566, -87.552820933 30.273056566, -87.553067933 30.273122565, -87.553143933 30.273183566, -87.553504934 30.273298565, -87.55381895 30.273538288, -87.553992934 30.273617566, -87.554119934 30.273656566, -87.554407991 30.27388523, -87.554515459 30.274073388, -87.554482 30.274173, -87.554419 30.274256, -87.554254 30.274349, -87.553975001 30.274415001, -87.553741 30.274542, -87.553519001 30.274591, -87.553405 30.274745001, -87.553367 30.274861001, -87.553348 30.27513, -87.553303001 30.275191, -87.553259 30.27535, -87.553177 30.275515, -87.553107 30.275757, -87.552955 30.27611, -87.552771 30.276445, -87.552779467 30.276574783, -87.552849268 30.276736283, -87.552847001 30.276869, -87.552752 30.277023, -87.552549001 30.27716, -87.551795001 30.277573, -87.551414 30.277705, -87.55111 30.277771, -87.550895 30.277848, -87.550489 30.278161001, -87.550071001 30.278409001, -87.549849 30.278486001, -87.549361 30.278684001, -87.548797 30.278849, -87.548657 30.278898, -87.548442 30.279052, -87.54815 30.279217, -87.547865001 30.279399, -87.547776 30.279421, -87.547675001 30.279492, -87.547447 30.279608, -87.547111001 30.279707, -87.546363 30.279839, -87.545932 30.279822, -87.545425 30.279877, -87.545089001 30.279838, -87.544778 30.279772, -87.544550001 30.27969, -87.544307 30.279637001, -87.544144 30.279602001, -87.543694001 30.279536, -87.543504001 30.279459, -87.543327 30.279349, -87.543149 30.279288, -87.542953 30.279277, -87.542737 30.279299, -87.542611001 30.279475, -87.542414 30.279574, -87.542319001 30.279574, -87.542192 30.279651, -87.542129001 30.279673001, -87.542021001 30.279640001, -87.541825 30.279629, -87.541609 30.279684, -87.541457001 30.279684, -87.541267001 30.279568, -87.541178 30.279387, -87.541166 30.279293001, -87.541077001 30.279299, -87.540918001 30.279354001, -87.540728001 30.279376, -87.540557 30.27931, -87.540297001 30.279123, -87.540228 30.279106001, -87.540113 30.279013, -87.540056001 30.278991, -87.539917 30.279002001, -87.539904 30.2790455, -87.539923001 30.279106001, -87.540018 30.279255001, -87.540006 30.27931, -87.539961 30.279348, -87.539771 30.279409, -87.539435001 30.279453, -87.539061001 30.279535, -87.538719 30.27965, -87.538656 30.279678, -87.538421 30.279705, -87.537851 30.279815, -87.53773 30.279865, -87.537546 30.280002, -87.537483 30.280035, -87.537046 30.280123001, -87.536836 30.280129, -87.536703 30.280068, -87.536608 30.279958001, -87.53631 30.279733, -87.536184 30.279688, -87.536139 30.279644, -87.53607 30.279639001, -87.535867 30.279743, -87.535739 30.2797585, -87.535455 30.279655001, -87.535277 30.279655001, -87.535093 30.279683, -87.534719 30.279782001, -87.534453001 30.279886, -87.534117 30.27993, -87.533781001 30.279958001, -87.533623 30.279979, -87.533331 30.2801, -87.5329 30.280139001, -87.532545001 30.280216, -87.5324 30.280221001, -87.531931 30.280172001, -87.531645 30.280166, -87.531455 30.280265, -87.531221001 30.280447, -87.530790001 30.280468, -87.530466 30.280507, -87.529908001 30.280672, -87.529642 30.280804, -87.529281 30.280936, -87.528799001 30.280985, -87.528577 30.28098, -87.528451001 30.281001, -87.527969 30.281188001, -87.527924 30.281298, -87.527709 30.281414, -87.527595 30.281452, -87.527354 30.28148, -87.527132001 30.281463, -87.526866 30.281419, -87.526631 30.281348, -87.526378001 30.281353, -87.526232 30.281309, -87.526105 30.281391, -87.526054 30.281432, -87.525952001 30.281476, -87.5258 30.281509, -87.525483 30.281553, -87.525343 30.281541, -87.524994 30.281453, -87.524671 30.281557, -87.524588 30.28159, -87.524082 30.281838, -87.523531 30.281921, -87.523328 30.281987001, -87.523125001 30.282119, -87.522605 30.282245, -87.522434 30.282317001, -87.522339 30.282366, -87.522199 30.282465, -87.522041 30.28247, -87.521845 30.282415, -87.521559 30.282509, -87.521154 30.282503, -87.520881 30.282575, -87.520577 30.282679, -87.520475 30.282729001, -87.520355 30.282756, -87.51988 30.282695, -87.519689 30.282739001, -87.519525 30.282827, -87.519125 30.282985, -87.518935 30.282963, -87.51877 30.282915)), ((-87.551300106 30.281445284, -87.551145585 30.28137064, -87.551496359 30.281387128, -87.551497001 30.281264, -87.551516 30.28122, -87.55149 30.281077001, -87.551420001 30.280972, -87.551306 30.280901, -87.550977 30.280796, -87.550894 30.280752, -87.550628 30.280499, -87.550324 30.280406, -87.55028 30.280356, -87.550286 30.280268, -87.55033 30.280224, -87.550394001 30.280197, -87.550818 30.280202, -87.55111 30.280191001, -87.551287001 30.280213, -87.551468 30.280177501, -87.551978 30.280241, -87.552587 30.2804, -87.552790001 30.280472001, -87.552923 30.28056, -87.552999 30.280653001, -87.553011001 30.280769001, -87.552961 30.28089, -87.552916 30.280934, -87.552669 30.2809395, -87.552536 30.281055, -87.552492 30.281132001, -87.552504 30.281666, -87.552492 30.281957, -87.552454 30.2821, -87.552428 30.282337, -87.552358 30.282584, -87.552295 30.282711, -87.552054 30.282969, -87.551927 30.283156, -87.551801 30.283266, -87.551712 30.283299, -87.551642 30.28331, -87.551509 30.283288, -87.551395001 30.283233, -87.551338001 30.283090001, -87.551268 30.282969, -87.551224 30.282793001, -87.551211 30.282518, -87.551249 30.282287, -87.551401 30.281803, -87.551452 30.28166, -87.55146971 30.281540348, -87.551300106 30.281445284)), ((-87.552548 30.283585001, -87.552742 30.2835635, -87.552789 30.283706001, -87.552770001 30.283948, -87.552726 30.284400001, -87.552631001 30.28484, -87.552523001 30.285153001, -87.552377 30.285417, -87.552276 30.285511, -87.551864 30.285725, -87.551788 30.2858075, -87.55168 30.285951, -87.551597 30.286204, -87.551547 30.286275, -87.551382 30.286457, -87.551046001 30.286649, -87.550894 30.286792, -87.550729 30.287056, -87.550697001 30.287133, -87.550532 30.287304, -87.55007 30.287524, -87.549841 30.287590001, -87.549689 30.287656, -87.549537001 30.287755, -87.549436 30.287848, -87.549239 30.287903, -87.549119 30.287903, -87.548973001 30.287771001, -87.548935 30.287722, -87.548903 30.287507001, -87.548998 30.287293, -87.549201 30.287073, -87.549392 30.286836001, -87.549943001 30.286011, -87.550025001 30.285918, -87.550184001 30.285791, -87.5503995 30.285582, -87.550666001 30.285346, -87.550799 30.285186001, -87.551059 30.284994, -87.551097001 30.284939001, -87.551224 30.284834001, -87.551293 30.284752001, -87.551395001 30.284553, -87.551414 30.284465, -87.551439 30.284405, -87.551610001 30.284179, -87.55175 30.283926001, -87.551927 30.283739, -87.552124 30.283640001, -87.552428 30.283618, -87.552548 30.283585001)), ((-87.539351 30.288029, -87.539294 30.287918001, -87.539307001 30.287737, -87.539389001 30.287578, -87.539351 30.287341001, -87.539376 30.287258001, -87.539427 30.287154001, -87.539421 30.287093, -87.539395 30.286972, -87.539421 30.286791, -87.539548001 30.286692, -87.539903 30.286598001, -87.540029 30.286637, -87.540143001 30.286708001, -87.540283 30.286758, -87.540416 30.28678, -87.540511 30.286758, -87.540815001 30.286654, -87.540955 30.286626001, -87.541551 30.286593, -87.542045 30.286533, -87.542299 30.286533, -87.542628 30.286505, -87.542825 30.286439001, -87.543066 30.286335001, -87.543357 30.286318, -87.543731 30.286219, -87.54389 30.286104, -87.543959 30.286082, -87.544137 30.28606, -87.544327 30.286109, -87.544568 30.286346, -87.5446 30.286396, -87.544593 30.286462, -87.544523 30.286533, -87.544333 30.286588, -87.544149 30.286577, -87.543959 30.286445, -87.543826 30.286434, -87.543693 30.286439001, -87.543433 30.286505, -87.542901 30.286571001, -87.542723 30.286659, -87.542615 30.286742001, -87.542527 30.286791, -87.542007 30.286956001, -87.541861 30.287044, -87.541747 30.287193001, -87.54169 30.287539001, -87.541544001 30.287754, -87.541449 30.287853, -87.54136 30.287985001, -87.541145 30.288205, -87.541043 30.288293001, -87.540929 30.288359, -87.540872001 30.2883395, -87.541062001 30.287847, -87.541297 30.287666, -87.541455 30.287451, -87.541487 30.287336, -87.541487 30.287253, -87.541455 30.287171, -87.541411 30.287143, -87.541329 30.287143, -87.541227 30.287176, -87.541069 30.287336, -87.540923001 30.287539001, -87.540872001 30.287671001, -87.540948 30.287891, -87.54091 30.287974001, -87.540828 30.288029, -87.540764001 30.288040001, -87.540574001 30.287968001, -87.540365 30.287952, -87.540251001 30.287963, -87.54013 30.288007, -87.540061001 30.288073, -87.539902001 30.288414, -87.539858 30.288458001, -87.539756 30.288485, -87.539687001 30.28843, -87.539598 30.288298001, -87.539351 30.288029)), ((-87.745596457 30.293887439, -87.745443 30.293862, -87.745323 30.294555, -87.745234 30.294583, -87.745164 30.294583, -87.745018 30.294528, -87.744961 30.294528, -87.744898 30.294517, -87.744759 30.294473, -87.744473 30.294446, -87.744416501 30.294470501, -87.744231537 30.294602936, -87.744152232 30.29455299, -87.744076 30.294482259, -87.743799389 30.294279018, -87.743767987 30.294176564, -87.743767987 30.294121564, -87.743751931 30.294058112, -87.743584 30.293972, -87.743478 30.293929, -87.743402 30.293932, -87.743262 30.293929, -87.743161 30.293885, -87.742888 30.293731, -87.742781982 30.293685285, -87.742579213 30.293531009, -87.742465958 30.293425549, -87.742396342 30.293321448, -87.742359987 30.293252564, -87.742366487 30.293115564, -87.742416987 30.293060564, -87.743436987 30.292245564, -87.744178988 30.291684564, -87.744254987 30.291618563, -87.744317988 30.291590564, -87.744463987 30.291596564, -87.744539988 30.291623564, -87.746378988 30.292365564, -87.746511988 30.292414563, -87.74656615 30.292462075, -87.746646907 30.292579542, -87.746731977 30.29304377, -87.746904988 30.293036563, -87.746622069 30.291451145, -87.746525 30.29148, -87.746621 30.292002001, -87.746627 30.292129, -87.746576 30.292195, -87.746507 30.292222501, -87.746443 30.292206, -87.74548 30.291827, -87.74489 30.291585, -87.744738 30.291514, -87.744624001 30.291481, -87.744446 30.291442, -87.744364 30.291431, -87.744262 30.291448001, -87.744212 30.291464, -87.744104 30.291514, -87.743945 30.291618, -87.743781 30.291751001, -87.743571271 30.29190563, -87.742172493 30.290697782, -87.742052652 30.290802643, -87.743288244 30.291967979, -87.743337221 30.292025863, -87.743347 30.292086, -87.742083 30.293011, -87.7419465 30.293022, -87.741778 30.292984, -87.741659843 30.292921531, -87.741609385 30.29288786, -87.741509056 30.292782516, -87.741210208 30.292348475, -87.741171674 30.292282674, -87.741127128 30.292228098, -87.741076603 30.292183714, -87.740892456 30.291963808, -87.740790889 30.291854439, -87.74067022 30.291771002, -87.740576558 30.291682422, -87.740550726 30.291627648, -87.740513022 30.291578527, -87.740333256 30.291290468, -87.740023638 30.291017693, -87.739871973 30.290841543, -87.739829986 30.290778563, -87.739810986 30.290630563, -87.739889986 30.290528064, -87.740145986 30.290327564, -87.740247986 30.290272563, -87.740355986 30.290233563, -87.740507986 30.290162564, -87.740646986 30.290118563, -87.740760986 30.290090563, -87.740893986 30.290074563, -87.741122987 30.290084564, -87.741369986 30.290112563, -87.741483986 30.290134563, -87.741578987 30.290134563, -87.741654987 30.290090563, -87.741679987 30.290046563, -87.741692987 30.290002563, -87.741724986 30.289936563, -87.741768987 30.289875563, -87.741869987 30.289765563, -87.742053987 30.289611563, -87.742535987 30.289248563, -87.742680987 30.289105563, -87.742839987 30.288961563, -87.742927987 30.288912563, -87.742991987 30.288906563, -87.743048987 30.288923563, -87.743124987 30.288989563, -87.743232987 30.289132563, -87.743251987 30.289187563, -87.743213487 30.289250564, -87.743162987 30.289297563, -87.742034568 30.290164549, -87.741065987 30.290981563, -87.741141987 30.291036563, -87.743454987 30.289176563, -87.742597987 30.288324563, -87.742490987 30.288417563, -87.742858987 30.288796563, -87.742332987 30.289220563, -87.742059987 30.289418563, -87.741914986 30.289512563, -87.741806986 30.289435563, -87.741736987 30.289490563, -87.741698986 30.289529563, -87.741654987 30.289677563, -87.741622986 30.289738563, -87.741565986 30.289826564, -87.741508986 30.289886563, -87.741448986 30.289911563, -87.741337987 30.289914563, -87.741242986 30.289908563, -87.741071987 30.289881563, -87.741001986 30.289853563, -87.740900986 30.289848563, -87.740735986 30.289870563, -87.740429457 30.289968222, -87.740331 30.290019, -87.740173 30.290124001, -87.740002001 30.290223001, -87.739869 30.290261, -87.739758 30.290266, -87.739590127 30.290187417, -87.739562986 30.290091563, -87.739556986 30.289711563, -87.739530986 30.289634563, -87.739511986 30.289491563, -87.739505986 30.289337563, -87.739581986 30.289276563, -87.739701986 30.289287563, -87.739980986 30.289282563, -87.740056986 30.289274063, -87.740139986 30.289276563, -87.740297986 30.289320563, -87.740380236 30.289316564, -87.740370374 30.28924036, -87.740268 30.289200001, -87.740197373 30.289189202, -87.740048493 30.289092782, -87.739976001 30.289062, -87.739894001 30.289057, -87.7398015 30.289068, -87.739697 30.289106001, -87.739615 30.289117001, -87.739551 30.289112, -87.739494001 30.289117001, -87.739444 30.289134001, -87.739386001 30.289134001, -87.739253001 30.289173001, -87.739171963 30.289160813, -87.739124986 30.289101563, -87.739124986 30.289018563, -87.739159985 30.288972063, -87.739270986 30.288941563, -87.739340986 30.288941563, -87.739473986 30.288913563, -87.739688986 30.288891563, -87.739853986 30.288853563, -87.739948986 30.288820563, -87.740024986 30.288781563, -87.740088986 30.288737563, -87.740100986 30.288688063, -87.740021398 30.288470897, -87.739963 30.288474, -87.739906 30.288485, -87.739862 30.288529001, -87.739773 30.288650001, -87.739716 30.288688, -87.739653001 30.288699, -87.739596471 30.288693377, -87.739574986 30.288636063, -87.739549986 30.288523563, -87.739549986 30.288462563, -87.739516055 30.288261516, -87.739414602 30.288091418, -87.739300267 30.287832461, -87.739217738 30.28768464, -87.739077392 30.287502853, -87.738988984 30.28740954, -87.738938297 30.287332456, -87.738870986 30.287208563, -87.738851985 30.287115563, -87.739358986 30.286933563, -87.739706986 30.286834562, -87.739624986 30.286625562, -87.739338985 30.286713562, -87.739348103 30.286789374, -87.738764 30.286972, -87.738713 30.286972, -87.738616854 30.286951202, -87.73852449 30.286885815, -87.738462822 30.286831602, -87.738388986 30.286730563, -87.738360152 30.28665107, -87.738310493 30.286606782, -87.738208237 30.286551984, -87.738062 30.286415258, -87.738005493 30.286370782, -87.737858847 30.286288522, -87.737656492 30.286155781, -87.737502842 30.286075566, -87.73746034 30.286015613, -87.737788986 30.285802562, -87.738047985 30.285664563, -87.738300986 30.285548562, -87.738536986 30.285458562, -87.738758986 30.285402562, -87.739031985 30.285345563, -87.739592986 30.285288562, -87.739902986 30.285249562, -87.740043986 30.285223562, -87.740398986 30.285177562, -87.740847 30.285099001, -87.741087 30.2851, -87.7411555 30.285219, -87.741237 30.285183, -87.741253 30.285105001, -87.741244 30.285027001, -87.741216 30.284986001, -87.740994 30.285002, -87.7407555 30.285039, -87.740454 30.285065, -87.74005 30.285118, -87.739822001 30.285135, -87.739143 30.285228, -87.738852001 30.285251, -87.738636 30.285311001, -87.73825 30.285449001, -87.738111 30.285515, -87.737749001 30.285708, -87.737648 30.285768, -87.737369 30.285906, -87.737223 30.285939, -87.737152788 30.285962322, -87.737102985 30.285926812, -87.737189985 30.285861562, -87.737468985 30.285740562, -87.737722985 30.285619563, -87.737700528 30.285557128, -87.736995001 30.285807, -87.7369 30.285812, -87.736826 30.2857875, -87.736749999 30.285750258, -87.736693747 30.285705637, -87.736585275 30.285578949, -87.73652873 30.285523645, -87.736478119 30.285457497, -87.736408412 30.285342436, -87.736251985 30.285031563, -87.736219984 30.284932562, -87.736219984 30.284844562, -87.736289985 30.284750562, -87.736769434 30.284538434, -87.736711492 30.284423781, -87.736214669 30.284625247, -87.736082703 30.284482999, -87.736098985 30.284421562, -87.736160561 30.284384003, -87.736132 30.284344, -87.736043705 30.284338379, -87.736002568 30.28430242, -87.735971985 30.284234562, -87.735939626 30.284060416, -87.735918963 30.284017311, -87.735868493 30.283978781, -87.735600001 30.28391, -87.735498 30.283904, -87.735410001 30.283888001, -87.735162 30.283822, -87.734941808 30.283753613, -87.734714493 30.283615782, -87.734566 30.283552, -87.734402 30.283498001, -87.734287715 30.283435429, -87.734260984 30.283360562, -87.734253985 30.283299562, -87.734487984 30.283260562, -87.734575984 30.283207562, -87.734980984 30.283072562, -87.735162985 30.282983562, -87.735174984 30.282895562, -87.735280985 30.282872562, -87.735409984 30.282760562, -87.735603985 30.282643562, -87.735809984 30.282545562, -87.735967236 30.282489209, -87.735545683 30.282380404, -87.735615984 30.281961562, -87.735691984 30.281814562, -87.735673985 30.281656562, -87.735615984 30.281313562, -87.735676984 30.281098561, -87.735668985 30.280998561, -87.735715985 30.280886561, -87.735760496 30.280813778, -87.735720985 30.280769562, -87.735720985 30.280651562, -87.735944985 30.280140561, -87.735932984 30.280087561, -87.735932984 30.279899561, -87.735979984 30.279788561, -87.736073485 30.279767561, -87.736249985 30.279682561, -87.736490985 30.279647561, -87.736660985 30.279711561, -87.736785913 30.27984706, -87.736844 30.281069, -87.736833 30.281198, -87.7367855 30.281217501, -87.736706958 30.281226755, -87.736756785 30.28139991, -87.736917086 30.281411321, -87.736936 30.282583, -87.736664 30.282589, -87.736680158 30.282733886, -87.737422985 30.282753562, -87.737400959 30.282641576, -87.7372129 30.282613158, -87.737169985 30.282561562, -87.737156985 30.282506561, -87.737130985 30.282302562, -87.737143985 30.281983562, -87.737149985 30.281120561, -87.737136985 30.280498561, -87.737142985 30.279992561, -87.737129985 30.279678561, -87.737173985 30.279645561, -87.737224985 30.279629561, -87.737395985 30.279634561, -87.737478985 30.279629561, -87.737915985 30.279717561, -87.738028985 30.279754561, -87.738422985 30.279749561, -87.738568986 30.279782561, -87.738764985 30.279837561, -87.738878985 30.279876561, -87.738954985 30.279892561, -87.739024986 30.279920561, -87.739113985 30.279942561, -87.739240986 30.279947561, -87.739316986 30.279980561, -87.739387518 30.28004738, -87.739352493 30.280115781, -87.739439118 30.280227924, -87.739432001 30.280322, -87.739407 30.280393001, -87.739293 30.280410001, -87.73923495 30.280382049, -87.739189512 30.280312123, -87.739103 30.280432, -87.739008 30.280426001, -87.738992698 30.280521854, -87.739139985 30.280525561, -87.739341986 30.280547562, -87.739481986 30.280522561, -87.739532986 30.280470561, -87.739519985 30.280365561, -87.739519985 30.280294561, -87.739532485 30.280214561, -87.739557485 30.280140561, -87.739683985 30.280106561, -87.739924985 30.280068561, -87.740019986 30.280062561, -87.740108985 30.280068561, -87.740222986 30.280090561, -87.740393986 30.280134561, -87.740514986 30.280178561, -87.740685986 30.280222561, -87.740983986 30.280260561, -87.741154986 30.280304561, -87.741458986 30.280414561, -87.741604986 30.280496561, -87.741896986 30.280612561, -87.742010987 30.280667562, -87.74210879 30.280725663, -87.74223147 30.280778444, -87.742286431 30.280853386, -87.742291 30.280964, -87.742266 30.281058, -87.742196 30.281069, -87.742108 30.281069, -87.742013001 30.281107001, -87.741949 30.281151, -87.74188 30.281283, -87.741861 30.281382, -87.741823001 30.281481, -87.741813569 30.281609319, -87.741950307 30.281553989, -87.741935486 30.281476062, -87.741966986 30.281420562, -87.742010987 30.281382562, -87.742023986 30.281321561, -87.742042986 30.281272561, -87.742093986 30.281203561, -87.742169987 30.281167561, -87.742251987 30.281167561, -87.742410987 30.281206561, -87.742486987 30.281233561, -87.742515201 30.28118102, -87.742404053 30.281078947, -87.742413487 30.280807061, -87.742479986 30.280774062, -87.742509129 30.280730096, -87.742458593 30.280685719, -87.742441986 30.280636561, -87.742511987 30.280617561, -87.742707987 30.280639561, -87.742878986 30.280672561, -87.743176986 30.280743561, -87.743278986 30.280776561, -87.743411986 30.280831561, -87.743620987 30.280935561, -87.743702987 30.280963561, -87.743880987 30.281007561, -87.744495987 30.281133561, -87.744913987 30.281243561, -87.745547987 30.281391561, -87.746033987 30.281548562, -87.747639988 30.281858561, -87.747956988 30.281946561, -87.748064988 30.282001561, -87.748558988 30.282055562, -87.748609988 30.282055562, -87.748714488 30.282072561, -87.748862988 30.282116561, -87.748989988 30.282187561, -87.749046988 30.282198561, -87.749179988 30.282264561, -87.749240807 30.282301622, -87.749357988 30.282341561, -87.749572988 30.282374561, -87.749674989 30.282374561, -87.750005489 30.282304061, -87.750081684 30.282349541, -87.750083001 30.282414, -87.749987 30.282563, -87.749992299 30.283396014, -87.750112989 30.283211561, -87.750131988 30.283151561, -87.750195989 30.283052561, -87.750227989 30.282958561, -87.750461989 30.282568562, -87.750518989 30.282513562, -87.750607989 30.282513562, -87.750721988 30.282546562, -87.751108989 30.282618561, -87.751621989 30.282678561, -87.751761043 30.282747136, -87.75162 30.282901, -87.751566001 30.282973001, -87.751382 30.283185, -87.751256 30.283251, -87.751141 30.28335, -87.751091 30.283460001, -87.751078 30.283515, -87.7510685 30.283817501, -87.751027001 30.283927, -87.750634 30.284576, -87.750526 30.284741, -87.750418 30.284978001, -87.750272 30.285165, -87.75017 30.285319, -87.749989 30.285438, -87.7499 30.285488, -87.749653 30.285598, -87.749513 30.285691001, -87.749437001 30.285763, -87.749393 30.285824001, -87.749298001 30.285934001, -87.749114001 30.286104, -87.748912 30.286357, -87.748861 30.286401, -87.748671 30.286467001, -87.748563 30.286594, -87.748411001 30.286748001, -87.748386 30.286792, -87.748304 30.286902001, -87.748221001 30.286968, -87.748164 30.28699, -87.748025 30.287012, -87.747987 30.287051, -87.747961 30.287089, -87.747866 30.287309001, -87.747828 30.287387, -87.747790001 30.287436, -87.74774 30.287546, -87.747651 30.287634001, -87.74748 30.287733001, -87.747410001 30.287761, -87.747379 30.287915, -87.747372 30.288014, -87.747322 30.288289, -87.747284 30.288625, -87.747278 30.288734, -87.747278 30.289191, -87.747342 30.289659001, -87.747456 30.290181001, -87.747469 30.290286, -87.747507 30.290423001, -87.747526 30.290550001, -87.74752 30.290786001, -87.747488 30.291023001, -87.74747 30.291287, -87.747476 30.291364, -87.747497337 30.291432235, -87.747573137 30.291499089, -87.747623845 30.29153253, -87.747691504 30.291595393, -87.747723001 30.291677, -87.747673 30.291864, -87.747694493 30.291921782, -87.747765336 30.292053449, -87.74789858 30.29235042, -87.748003 30.292689, -87.748047001 30.292871, -87.748086 30.293085, -87.748086 30.293272, -87.748054 30.293327001, -87.747991 30.293410001, -87.748012493 30.293478778, -87.74807232 30.293541931, -87.74814978 30.29365159, -87.748168 30.293729, -87.748168 30.293784, -87.748156 30.29385, -87.748111 30.293987, -87.74808 30.294059001, -87.74796 30.294241, -87.747922 30.294323, -87.747871 30.294406, -87.747592 30.294752, -87.747554001 30.294824, -87.74751 30.294879, -87.74732 30.295044, -87.747231001 30.295071, -87.747054 30.295088001, -87.746978 30.295088001, -87.746882001 30.295066, -87.746787 30.295028, -87.746623 30.294978, -87.746413 30.294901001, -87.746109 30.294802, -87.745758755 30.294716384, -87.745680494 30.294662783, -87.745571867 30.294613484, -87.745518446 30.294574638, -87.745596457 30.293887439)), ((-87.474238 30.300034, -87.474846001 30.299923, -87.47574 30.299940001, -87.476114 30.299868, -87.476989 30.299565, -87.477293001 30.299527, -87.47761 30.299538, -87.477851 30.299642, -87.478092 30.299823, -87.47825 30.300021001, -87.47832 30.300236, -87.478327 30.300472, -87.478282 30.300638, -87.478067 30.300979, -87.477852001 30.301078001, -87.477547 30.301133, -87.475512 30.301315001, -87.473756 30.301525, -87.472672 30.301893, -87.471075001 30.302548, -87.470517 30.302791, -87.470124 30.303165, -87.469998 30.30339, -87.469909 30.303654, -87.469915001 30.303896, -87.469839 30.304546001, -87.468559 30.304733, -87.468413 30.304733, -87.468204 30.304618, -87.467976001 30.30459, -87.468172 30.303886001, -87.468355 30.302907001, -87.468425 30.302703, -87.468507 30.302527001, -87.468888 30.302004001, -87.469065 30.301867, -87.472076 30.300557, -87.472659 30.300342001, -87.473293 30.300221, -87.473787 30.300171, -87.474238 30.300034)), ((-87.472356 30.304589, -87.471938 30.304512001, -87.471697 30.304595, -87.471583001 30.304606001, -87.470461 30.304496001, -87.469954 30.304557, -87.470175 30.303418, -87.470308 30.303225, -87.470473 30.303066, -87.470701 30.302917, -87.471088 30.302735, -87.472936913 30.301997575, -87.473082912 30.301948574, -87.473881912 30.301711574, -87.474426913 30.301612574, -87.477427 30.301369, -87.477655 30.301331, -87.478061 30.301215, -87.478245 30.301089, -87.47839 30.30094, -87.478492 30.300714, -87.47858 30.300175, -87.478739 30.299955, -87.478853001 30.299873, -87.47967 30.299504001, -87.479981 30.29952, -87.480717 30.300032, -87.481484 30.300433, -87.481541001 30.300504, -87.481313 30.300659, -87.4804 30.301456001, -87.479532 30.302496001, -87.479272 30.302827, -87.479082 30.302981, -87.478740001 30.303162, -87.478702 30.303239, -87.478423 30.303542, -87.478309001 30.303597, -87.477884 30.303658, -87.477694 30.303641, -87.477466 30.303564, -87.47732 30.303564, -87.476572 30.30368, -87.476388 30.303785, -87.476217 30.303944, -87.476103001 30.303972001, -87.4759 30.303928, -87.475501 30.303922, -87.475348 30.303967, -87.47519 30.304060001, -87.474994 30.304319, -87.474899 30.30439, -87.474410001 30.304484, -87.474227 30.304594, -87.474062 30.304765001, -87.473954 30.304803, -87.473643 30.304792, -87.473168001 30.304699, -87.472356 30.304589)), ((-87.460391909 30.305774575, -87.460226909 30.304938575, -87.460277909 30.304740576, -87.460441909 30.304503576, -87.46266091 30.303837576, -87.465944911 30.303237575, -87.466185911 30.303176575, -87.466527911 30.302984575, -87.46707991 30.302609575, -87.467275911 30.302549575, -87.468 30.302637, -87.468102 30.302692, -87.468184 30.302786, -87.46821 30.303011, -87.467874 30.304579, -87.467386001 30.304563, -87.46705 30.304640001, -87.465922 30.305009, -87.465617 30.305075, -87.465452001 30.305086, -87.465142 30.30497, -87.464476 30.305069, -87.463671001 30.30529, -87.463405 30.305427, -87.463113 30.305636001, -87.462999001 30.305669, -87.462593 30.305609, -87.462511 30.30562, -87.461947001 30.305791, -87.461522 30.305824, -87.460913 30.306011, -87.460510347 30.306065287, -87.460391909 30.305774575)), ((-87.457033 30.30654, -87.456437001 30.306028, -87.456228 30.305957, -87.456209 30.305896, -87.456456 30.30545, -87.456735001 30.305109001, -87.457711 30.30429, -87.458155 30.304053, -87.458573 30.303690001, -87.458656 30.303673, -87.458871 30.303712, -87.459182001 30.303409, -87.459372001 30.303283, -87.4596 30.303200001, -87.459746001 30.303183, -87.459848 30.303101001, -87.46 30.302864, -87.46019 30.302677, -87.460291 30.302622, -87.460367001 30.302606001, -87.460729 30.302622, -87.461344 30.30249, -87.462244 30.302198, -87.463036 30.301863001, -87.463594001 30.30167, -87.464298 30.301505, -87.465122 30.301367, -87.465534001 30.301114001, -87.466168 30.300795, -87.466427 30.300696, -87.467017 30.300305001, -87.467226 30.300206, -87.467454 30.300134, -87.467911 30.300052001, -87.46843 30.29987, -87.468982 30.299837, -87.469128 30.299782, -87.469977001 30.299149001, -87.470155 30.299056001, -87.470655 30.298923001, -87.470776 30.298846, -87.470884 30.298692, -87.471004 30.298659, -87.471277 30.298703, -87.471454001 30.298703, -87.471752001 30.298648, -87.472056 30.298681, -87.472221 30.29867, -87.472614001 30.298560001, -87.473261 30.298488, -87.473419001 30.29845, -87.47359 30.298334001, -87.473863 30.298213, -87.474237 30.297916, -87.474332 30.297877, -87.474661001 30.297888, -87.475232 30.297805001, -87.475390001 30.297838, -87.475619 30.297965001, -87.475955 30.29802, -87.47636 30.297981, -87.476608 30.297926, -87.47728 30.297871, -87.47747 30.297816, -87.477844 30.297557, -87.478059 30.29754, -87.478237001 30.297469, -87.478509001 30.297496001, -87.478738 30.297447001, -87.478921 30.297375, -87.479143 30.297139, -87.479308 30.296858, -87.479397001 30.296803, -87.479479001 30.296803, -87.479669001 30.296869, -87.479866 30.296874, -87.480208 30.296808, -87.480417 30.296808, -87.480645 30.296753, -87.480836 30.296665, -87.481628001 30.296054, -87.481919 30.295927, -87.482116001 30.295883, -87.482699 30.295834, -87.482876 30.295608, -87.482997 30.295228, -87.483092 30.29514, -87.483269 30.295102, -87.483339 30.295041001, -87.483599001 30.294915, -87.483903 30.294606, -87.484099 30.294595, -87.484429 30.294672001, -87.484537 30.294645, -87.48467 30.294513, -87.484796 30.294265, -87.484948001 30.293869001, -87.48517 30.292796, -87.485277 30.292741001, -87.485398 30.292829001, -87.48555 30.293165, -87.485664 30.293297001, -87.485817 30.293407, -87.486121 30.293538, -87.486286 30.293566, -87.486628 30.293527001, -87.486932 30.293384, -87.487338 30.293048, -87.487509 30.292977, -87.488301 30.292966, -87.488428 30.293037, -87.488548 30.293009, -87.488694 30.29291, -87.488891 30.292861, -87.489436 30.292822, -87.489601001 30.292789, -87.489784 30.292706001, -87.489899001 30.292585, -87.490120001 30.292145, -87.490222001 30.29198, -87.490291 30.291925, -87.490405 30.291925, -87.490577 30.292079, -87.490818 30.292194001, -87.491648 30.292155, -87.492345 30.292216, -87.492548 30.292205, -87.493163 30.292045, -87.493841 30.291758, -87.493993001 30.291753, -87.494418 30.291885, -87.494494 30.291874, -87.494608 30.291830001, -87.494874 30.291621, -87.495064 30.291538, -87.495743001 30.291571, -87.495926 30.291516, -87.496072 30.291438, -87.496566 30.290954001, -87.497035 30.290739, -87.497168 30.290712, -87.497428 30.290717, -87.497751 30.290679, -87.49791 30.290508, -87.497967 30.290381, -87.498226001 30.290057001, -87.498391 30.289688, -87.498619 30.28938, -87.498898001 30.289198, -87.499044 30.289171, -87.499557 30.289335, -87.500009276 30.289333, -87.500136919 30.289347571, -87.500409919 30.289446571, -87.500495767 30.289499622, -87.500533373 30.289561411, -87.500506 30.289628, -87.500443 30.289655, -87.500145001 30.289738, -87.500005 30.289743, -87.499621 30.289704, -87.499164 30.289798001, -87.498968 30.289908, -87.498829 30.290056001, -87.498759 30.290189, -87.498777276 30.290303732, -87.498909919 30.290358571, -87.500009919 30.290254571, -87.50015592 30.290254571, -87.500732919 30.290090571, -87.501239919 30.289782571, -87.50146192 30.289617571, -87.50167792 30.289490571, -87.50198792 30.289408571, -87.50228592 30.289260571, -87.50246992 30.289199571, -87.50266692 30.289144571, -87.50281892 30.289122571, -87.50300892 30.289078571, -87.50366192 30.28898557, -87.503864921 30.288897571, -87.504244921 30.288909571, -87.50435892 30.288898571, -87.504606921 30.288766571, -87.50475892 30.28861257, -87.504821921 30.28860157, -87.504872921 30.288557571, -87.50504092 30.288211071, -87.505173829 30.288291483, -87.505257445 30.288383796, -87.505326757 30.288477623, -87.505401888 30.288533376, -87.505556921 30.288617571, -87.505690921 30.288640571, -87.505823921 30.288634571, -87.506133921 30.28859057, -87.506235921 30.288557571, -87.506400921 30.288442571, -87.506457921 30.28842557, -87.506666921 30.288216571, -87.506710921 30.28813957, -87.506774921 30.288090071, -87.506869921 30.288107571, -87.50696232 30.288202887, -87.507268921 30.288371571, -87.507395921 30.288393571, -87.507572922 30.288382571, -87.507718921 30.28834957, -87.507870922 30.28827757, -87.508073921 30.28813557, -87.508213922 30.28811857, -87.508333921 30.288162571, -87.508644922 30.28822357, -87.508815921 30.28821757, -87.508999922 30.28818457, -87.509195922 30.28803057, -87.509265922 30.28795957, -87.509360922 30.28781057, -87.509436922 30.28774457, -87.509512922 30.28771757, -87.509582922 30.28772857, -87.509747922 30.28780557, -87.509823922 30.28781157, -87.510000922 30.28778357, -87.510197922 30.28771757, -87.510305922 30.28759157, -87.510353422 30.28742607, -87.510451922 30.28739857, -87.51052481 30.287446523, -87.510729922 30.28751957, -87.511097923 30.28753157, -87.511496923 30.28745957, -87.511725922 30.28738257, -87.511871923 30.28731657, -87.512232922 30.28709157, -87.512384923 30.28693157, -87.512524922 30.28669557, -87.512593923 30.28663557, -87.512676923 30.28661857, -87.512733923 30.28664057, -87.512940125 30.286825066, -87.513069923 30.28683857, -87.513196923 30.28681157, -87.513424923 30.28675657, -87.513595923 30.28660257, -87.513709923 30.28652557, -87.513836923 30.28636557, -87.514172923 30.28634457, -87.514654923 30.286256569, -87.514958923 30.286113569, -87.515611923 30.28601457, -87.515782923 30.28596457, -87.515883924 30.285904569, -87.516397923 30.28574557, -87.516638923 30.285651569, -87.517107924 30.285547569, -87.517354924 30.285470569, -87.517899925 30.285388569, -87.518235924 30.28539957, -87.518407925 30.28532257, -87.518495924 30.285195569, -87.518844924 30.284997569, -87.519155925 30.284920569, -87.519801925 30.28472357, -87.519947924 30.28465757, -87.520074925 30.284536569, -87.520175925 30.28448157, -87.520239924 30.284382569, -87.520315925 30.284332569, -87.520385925 30.284316569, -87.520480925 30.284321569, -87.520584959 30.284402269, -87.520816925 30.284497569, -87.521031925 30.284509569, -87.521266925 30.284492569, -87.521373925 30.284509569, -87.521443925 30.284536569, -87.521593353 30.284693862, -87.521671925 30.284723569, -87.521785925 30.284729569, -87.522780925 30.284619569, -87.523427926 30.284581569, -87.523915926 30.284355569, -87.524181926 30.284256569, -87.524454926 30.284289569, -87.524809926 30.284394569, -87.525151926 30.284400569, -87.525937927 30.284334569, -87.526241926 30.284202569, -87.526539926 30.283977569, -87.526653926 30.283955569, -87.526907927 30.283933569, -87.527129926 30.283856569, -87.527338927 30.283724568, -87.527744926 30.283515569, -87.527845927 30.283416569, -87.527864927 30.283322569, -87.527921927 30.283300569, -87.528048927 30.283339569, -87.528295927 30.283317568, -87.528448927 30.283064569, -87.528543927 30.283042568, -87.528720927 30.283036569, -87.528860927 30.283053569, -87.529639927 30.282894569, -87.529931927 30.282900069, -87.530039927 30.282844568, -87.530178928 30.282718569, -87.530292928 30.282679568, -87.530577927 30.282674569, -87.530704927 30.282646568, -87.530970928 30.282520568, -87.531148928 30.282393569, -87.531351927 30.282278568, -87.531497928 30.282256568, -87.531699928 30.282327569, -87.532149928 30.282306568, -87.532587928 30.282141568, -87.532999928 30.282102568, -87.533183928 30.281871568, -87.533183928 30.281811568, -87.533221929 30.281745568, -87.533259928 30.281695568, -87.533316928 30.281668568, -87.533478758 30.281754657, -87.533603702 30.281875673, -87.533855928 30.281893568, -87.534038929 30.281882568, -87.534330929 30.281800568, -87.534444928 30.281795568, -87.534780929 30.281685568, -87.535262929 30.281569568, -87.535604929 30.281454568, -87.535756929 30.281327568, -87.535972929 30.281025568, -87.536060577 30.280994112, -87.536132 30.280978, -87.536183 30.280976, -87.536253 30.280992, -87.536589 30.281311, -87.536697 30.281339, -87.536874 30.281361, -87.537115 30.281333001, -87.537286 30.281295, -87.537483 30.281224, -87.537628 30.281191, -87.538072 30.28118, -87.538307 30.281147001, -87.538516 30.281092001, -87.538719 30.280993, -87.538991 30.280938, -87.539276001 30.28091, -87.539473 30.280954001, -87.539828 30.280899001, -87.540164001 30.28091, -87.540443 30.280987, -87.541114 30.28123, -87.541248 30.281329, -87.54164 30.281538001, -87.541717 30.281565, -87.541761 30.281593, -87.541894 30.281631, -87.542167 30.281565, -87.54223 30.281593, -87.542236 30.281637001, -87.542192 30.281785001, -87.542166 30.281961, -87.542052001 30.282115001, -87.541925 30.282209, -87.541678 30.282335, -87.541342 30.282451001, -87.540702 30.282577, -87.53984 30.282847, -87.53965 30.282935, -87.53927 30.283034, -87.539111 30.283127, -87.538794001 30.283243, -87.53835 30.283331, -87.537995 30.283374001, -87.537488 30.283501, -87.53713 30.283547501, -87.536658 30.283578, -87.536468 30.283622001, -87.536208001 30.283726, -87.536056 30.283847, -87.535365 30.284034, -87.535086 30.284161, -87.534972001 30.284238, -87.534706 30.284331001, -87.534313 30.28438, -87.533647 30.284419, -87.533457 30.284386, -87.53321 30.284314001, -87.532874 30.284303, -87.532538 30.284342, -87.53231 30.284391001, -87.532012 30.284573, -87.531980001 30.284611001, -87.531859 30.284705, -87.531619 30.284842001, -87.531378 30.284952, -87.530731 30.285177001, -87.530547 30.28526, -87.530332 30.285447, -87.530205001 30.285606, -87.530059 30.285678, -87.529837 30.285826, -87.529634 30.285997, -87.529495 30.286151001, -87.529298 30.286261, -87.528899 30.286338, -87.528696 30.286266, -87.528398 30.286321001, -87.528252 30.286249, -87.528208 30.286189, -87.5281 30.286178, -87.527993 30.286200001, -87.527764 30.286293001, -87.527682 30.286403, -87.527669 30.286464, -87.527707001 30.286585001, -87.527701 30.286695, -87.527568001 30.286893, -87.527466 30.286975, -87.527327001 30.287047, -87.526972 30.287195, -87.526667 30.287344, -87.526464 30.287388, -87.525907 30.287569, -87.525285001 30.287668, -87.524911 30.287695, -87.524138 30.287552001, -87.523789 30.287563, -87.523612001 30.287607, -87.523447 30.287689001, -87.523111 30.287794, -87.522585 30.287893, -87.522407001 30.28797, -87.522109001 30.288129, -87.521843 30.28825, -87.521399 30.288349, -87.521171 30.288442, -87.520791 30.288519, -87.520594 30.28858, -87.520525 30.288574, -87.520309 30.288486, -87.520182 30.28848, -87.519789 30.288618, -87.519567 30.288667, -87.51932 30.288662001, -87.518921 30.288849, -87.518857 30.288838, -87.518737 30.288777001, -87.518464 30.288733, -87.518204 30.288771001, -87.517907001 30.288876, -87.517754 30.288986, -87.517621 30.289129, -87.51757 30.289239001, -87.517545 30.289360001, -87.517564 30.289778, -87.517532 30.289871, -87.517481001 30.289937, -87.517304 30.290058, -87.51719 30.290196, -87.517088 30.290355, -87.517018 30.290421, -87.516898 30.290471, -87.516746 30.290476, -87.516581 30.290515001, -87.516391 30.290586, -87.516334 30.290597, -87.516258 30.290669, -87.516029001 30.291004, -87.515731 30.291119, -87.515516001 30.291273, -87.515389 30.291323, -87.514901001 30.291422, -87.51452 30.291405001, -87.514381 30.291427, -87.514127 30.291509, -87.513297 30.291636, -87.512929 30.29163, -87.512866 30.291613, -87.512638001 30.29174, -87.512283 30.291866, -87.511452 30.292037, -87.511199 30.292042, -87.511084 30.292113, -87.511002 30.292201, -87.510793 30.292339001, -87.510476 30.292443001, -87.510368 30.29246, -87.510228 30.292454, -87.51007 30.292487, -87.509848 30.29263, -87.509613 30.292729, -87.509353 30.292778, -87.509055 30.292883, -87.508751 30.292932, -87.508377 30.293042, -87.507509 30.293196, -87.507439 30.293267001, -87.507356 30.293328, -87.507210001 30.293405, -87.506989001 30.293564001, -87.506767 30.293674001, -87.50657 30.293894001, -87.506202 30.29418, -87.505929 30.294361, -87.505866 30.294438, -87.505733 30.294554, -87.505454 30.294867, -87.505435001 30.294928001, -87.505346 30.294994, -87.505149 30.295247001, -87.505111001 30.29534, -87.505111001 30.295456, -87.505060001 30.295703, -87.504927001 30.295857, -87.504838 30.295918, -87.504743 30.296005, -87.504705 30.296082, -87.504699 30.296148, -87.504737001 30.296352001, -87.504724 30.296407001, -87.504603001 30.296501, -87.504502 30.296528, -87.504236 30.296511, -87.504033 30.296467, -87.503868 30.296506, -87.503709 30.296616, -87.50357 30.296748, -87.503500001 30.296825001, -87.503468 30.296973, -87.503525 30.297215, -87.503588 30.297386, -87.503571343 30.297452854, -87.503456937 30.297328299, -87.503358586 30.297252104, -87.503306454 30.29703079, -87.50326746 30.296986786, -87.503177001 30.296973, -87.503101 30.297033, -87.5030245 30.297113, -87.502899373 30.297065411, -87.502824193 30.296936998, -87.502459957 30.296585554, -87.50227346 30.296458786, -87.502042 30.296373, -87.501916 30.296345001, -87.501694001 30.29634, -87.501434 30.296356001, -87.501294001 30.296373, -87.501091 30.296444, -87.500806 30.296598, -87.500546 30.296818001, -87.500387 30.296867, -87.500248 30.296845, -87.500071 30.296741, -87.499999 30.296712, -87.499872 30.296784, -87.499194 30.296696001, -87.499042001 30.296713, -87.498915 30.296779, -87.498618 30.297048, -87.498491 30.297092, -87.498224 30.297098001, -87.498148 30.297071, -87.498079 30.297098001, -87.49792 30.297214001, -87.497857001 30.297379, -87.49789146 30.297650787, -87.498076171 30.297975486, -87.49840515 30.298278039, -87.498578919 30.298346573, -87.49895892 30.298390573, -87.499833919 30.298604573, -87.50000492 30.298543573, -87.50023292 30.298583573, -87.50038492 30.298555573, -87.50067692 30.298446573, -87.50113892 30.298495573, -87.50175392 30.298496573, -87.502590921 30.298435573, -87.503617921 30.298249573, -87.503713921 30.298210572, -87.503827921 30.298095573, -87.503833921 30.297908573, -87.503719921 30.297484573, -87.503947797 30.297594513, -87.50400163 30.297637523, -87.504083 30.297683, -87.50414 30.2977, -87.504222 30.29776, -87.504298 30.297892, -87.504393001 30.297975001, -87.504736 30.298118, -87.504888 30.298272, -87.504951 30.298366, -87.504951 30.298481, -87.504881 30.298674, -87.504761 30.298811, -87.50464 30.298877, -87.504507 30.298921, -87.504152001 30.298992, -87.503968 30.299086, -87.50386 30.299174, -87.5036 30.299295, -87.503480001 30.299328, -87.503074 30.299338, -87.502966 30.299366, -87.50277 30.299377001, -87.502668 30.299399001, -87.502497 30.299487, -87.502104 30.299514, -87.501749 30.299624001, -87.501584 30.299739, -87.501451 30.299915, -87.501330001 30.30002, -87.501216 30.300086001, -87.500981001 30.300157001, -87.500747 30.300157001, -87.500316 30.300206, -87.500075 30.300179001, -87.499988 30.299869501, -87.49945 30.299644, -87.499399 30.299573, -87.498879 30.299205, -87.49846 30.299122, -87.498283 30.299254, -87.49794 30.299101001, -87.497807 30.299013, -87.497617 30.298947, -87.496996 30.298875, -87.495721 30.298205, -87.49451 30.29776, -87.493889 30.297689001, -87.493629001 30.297628, -87.493033 30.297601, -87.491961 30.297453, -87.49167 30.297519, -87.491182001 30.297508, -87.490998 30.297464, -87.490662 30.297294001, -87.490510001 30.297266001, -87.489958 30.297272, -87.489635 30.297316, -87.488925 30.297581, -87.487841 30.298120001, -87.487062001 30.298385, -87.486022 30.298836, -87.485414 30.299265001, -87.485192 30.299375, -87.485014 30.299381, -87.484881001 30.29948, -87.484736 30.29953, -87.48355 30.299657, -87.482942001 30.299822001, -87.48239 30.300031, -87.481661 30.300433, -87.481268 30.300152, -87.480786 30.299905, -87.480387001 30.299641, -87.480336 30.299465, -87.480355 30.299328, -87.480431 30.299201001, -87.482554 30.29832, -87.482839001 30.298128, -87.483416 30.297324, -87.483631 30.297132, -87.485235001 30.296718001, -87.485495 30.29679, -87.485647 30.296757001, -87.48578 30.296608, -87.485748001 30.296438, -87.485533001 30.296339, -87.4854 30.296366, -87.485172 30.296564, -87.483568001 30.296945, -87.483289 30.297159, -87.482801 30.297885, -87.48258 30.298073001, -87.482174 30.298276, -87.480919 30.298805, -87.480291 30.299119, -87.478548 30.299867, -87.478288001 30.299768, -87.477933 30.299565, -87.477718 30.299471, -87.477299 30.2994, -87.476684 30.29956, -87.476317 30.299719, -87.47593 30.299802, -87.47574 30.29983, -87.475087001 30.299824, -87.474567 30.299879, -87.473663 30.3000705, -87.472665001 30.300221, -87.471442 30.300716, -87.470941001 30.300948, -87.469014 30.301762001, -87.468818 30.301894, -87.468672 30.302048, -87.468393 30.302423001, -87.46826 30.302494, -87.468 30.302511, -87.467309001 30.302423001, -87.467176 30.302434001, -87.466346 30.302962, -87.466022 30.303105, -87.465598 30.30316, -87.464767 30.303337001, -87.464526 30.303353001, -87.463049 30.303606001, -87.461598 30.303997, -87.460609 30.3043, -87.46033 30.304438, -87.460158 30.304597, -87.460127 30.304669001, -87.460108 30.305076, -87.460237455 30.305644788, -87.46027378 30.305696599, -87.460275454 30.305853788, -87.460349271 30.305944838, -87.460368 30.306088, -87.459924 30.306154001, -87.459709 30.306352001, -87.459569 30.306435, -87.459455 30.306451, -87.459062 30.306391001, -87.458815 30.306402, -87.458466 30.306479, -87.457921 30.306716, -87.457604 30.306727001, -87.457293 30.306809, -87.457224 30.306804, -87.457262 30.306683001, -87.457255 30.306622001, -87.457033 30.30654)), ((-87.523052881 30.310543394, -87.522623463 30.310234787, -87.522101 30.309984, -87.521853001 30.309907001, -87.52172 30.309896001, -87.521454 30.310094, -87.52134 30.310122, -87.521213 30.310127, -87.52108 30.310116, -87.520306 30.309929001, -87.520059 30.309907001, -87.519698001 30.31, -87.51945 30.310215001, -87.519279 30.310512001, -87.519152 30.310572, -87.518968 30.310567, -87.518379001 30.310401001, -87.518119 30.310368001, -87.517998 30.310368001, -87.517865 30.310374, -87.517599001 30.310577001, -87.517478 30.310599, -87.517389878 30.310561084, -87.517290463 30.310452788, -87.517098316 30.310400813, -87.517058925 30.310351575, -87.516957925 30.309905575, -87.516883925 30.309537575, -87.516856424 30.309446575, -87.516798925 30.309449575, -87.516777518 30.30956145, -87.516838 30.310087, -87.516724 30.310214, -87.516542133 30.310123061, -87.516199758 30.309815651, -87.515991552 30.309687733, -87.515891567 30.309566432, -87.515871066 30.309523134, -87.515446283 30.309159921, -87.515244106 30.308955504, -87.515004925 30.308551575, -87.51492731 30.30826846, -87.514871925 30.308161574, -87.514851583 30.307982714, -87.514808924 30.307930574, -87.514789925 30.307875574, -87.514713925 30.307534575, -87.514682925 30.307193575, -87.514702 30.306274, -87.514708925 30.306230574, -87.514758924 30.305828574, -87.515012924 30.305647574, -87.515101924 30.305537574, -87.515215925 30.305311574, -87.515304924 30.305212574, -87.515666925 30.304514574, -87.515818924 30.304140574, -87.515773586 30.30365843, -87.515577924 30.303199573, -87.515540924 30.303089573, -87.515521924 30.302858574, -87.515489924 30.302687573, -87.515444143 30.302569493, -87.515359924 30.302399074, -87.515432924 30.302379573, -87.515888925 30.302512573, -87.515952924 30.302468573, -87.51595552 30.302405094, -87.515625 30.302286, -87.515408859 30.302264581, -87.515445924 30.302066573, -87.515399425 30.301887812, -87.515283419 30.301776149, -87.515152067 30.301667513, -87.515116924 30.301609573, -87.515116924 30.301554573, -87.515185925 30.301384573, -87.515338924 30.301213573, -87.515597924 30.301098573, -87.515793924 30.301038573, -87.516073924 30.300900573, -87.516530924 30.300531573, -87.516593924 30.300509573, -87.516923925 30.300488573, -87.517316924 30.300570573, -87.517401924 30.300634322, -87.517506925 30.300664573, -87.517709925 30.300675573, -87.517962925 30.300746573, -87.518488925 30.300785573, -87.519023 30.300863001, -87.519537 30.300841, -87.519803 30.300781, -87.520006001 30.300682, -87.520583 30.300649001, -87.520881 30.300616001, -87.521388 30.300501, -87.521445 30.300484, -87.521902 30.300248, -87.522308 30.300127, -87.522542 30.299978001, -87.522682 30.299923, -87.522954 30.299857, -87.523347 30.299797001, -87.523664001 30.299638, -87.524 30.299533, -87.5241405 30.299473501, -87.524584 30.299203, -87.524692 30.299115, -87.525116001 30.298901, -87.525313 30.29873, -87.525541 30.298598, -87.525706001 30.298576001, -87.526644 30.298681, -87.526964 30.298686501, -87.527291001 30.298665001, -87.527627 30.298604, -87.528014001 30.298583001, -87.528603 30.298489, -87.529123001 30.298308, -87.529579001 30.298225, -87.529846001 30.298143, -87.530004 30.298071, -87.530226001 30.298011, -87.530962 30.297714, -87.531615 30.2975, -87.531837001 30.297373, -87.532211001 30.297285, -87.532439 30.297153, -87.532667 30.297098001, -87.532850334 30.297095879, -87.533115929 30.297048572, -87.533324929 30.296988572, -87.533521929 30.296905571, -87.534110929 30.296768571, -87.534624929 30.296548572, -87.534846929 30.296460571, -87.534998929 30.296367571, -87.53532893 30.296037571, -87.535353929 30.295987571, -87.535404929 30.295949571, -87.53544293 30.295894571, -87.53584893 30.295591571, -87.53600693 30.295382571, -87.536050929 30.295338571, -87.536146543 30.295150163, -87.536452 30.294756, -87.536592 30.29453, -87.536833 30.29431, -87.53701 30.2942, -87.537353 30.294101, -87.537467 30.294030001, -87.537682 30.2937575, -87.537879 30.293524, -87.537923 30.293419, -87.538069 30.293337, -87.538215 30.293199001, -87.538481001 30.293001, -87.538893 30.292759001, -87.539115 30.292528001, -87.539293 30.292429001, -87.539622 30.292325, -87.539977 30.292105, -87.540206 30.291934, -87.54039 30.291764, -87.540618 30.291632, -87.540979 30.291368, -87.541543 30.290796001, -87.541848 30.290389, -87.542025 30.290235, -87.542139001 30.290114001, -87.542526 30.289839, -87.542672 30.289712, -87.542945001 30.289525, -87.543274 30.289349001, -87.54368 30.289218, -87.543876 30.28919, -87.544073001 30.28919, -87.544396 30.289141, -87.544624 30.289135, -87.544897 30.289185, -87.545087 30.289284, -87.54528604 30.289452168, -87.545374924 30.289583558, -87.545398 30.289669, -87.54541 30.289933, -87.54536 30.290191, -87.545322 30.290268, -87.545087 30.290422, -87.544859 30.290505, -87.544624 30.290543, -87.544333 30.290659, -87.544130001 30.290829, -87.54387 30.291082001, -87.543730001 30.291176, -87.543540001 30.291231, -87.543426 30.291231, -87.543274 30.291192, -87.543134001 30.291203001, -87.54283 30.291368, -87.542741 30.291456, -87.54264 30.291753, -87.542570001 30.291896, -87.542418 30.292094001, -87.542335 30.292155, -87.542247001 30.292254, -87.542114 30.292358, -87.542012 30.292413, -87.541854 30.292567, -87.541461 30.292842001, -87.541137 30.293128, -87.54096 30.293233001, -87.540846001 30.293348001, -87.540567 30.293557, -87.540351 30.293772, -87.540193 30.293893, -87.539857 30.294091, -87.539825001 30.294146, -87.539827466 30.294208786, -87.539865864 30.29426358, -87.539940816 30.294314522, -87.540019931 30.294332571, -87.540120931 30.294316571, -87.540349931 30.29421157, -87.540418931 30.294145571, -87.540577931 30.293920571, -87.540691931 30.29381057, -87.540805931 30.293744571, -87.540881931 30.293716571, -87.541049931 30.293727571, -87.541065931 30.293628571, -87.541135931 30.293557571, -87.541648931 30.29313357, -87.541724931 30.29309507, -87.541902931 30.293139571, -87.541940931 30.29308957, -87.541959931 30.29284257, -87.542308931 30.29261657, -87.542504931 30.29242457, -87.542615931 30.29237457, -87.542758015 30.292424192, -87.542889818 30.292608599, -87.543084834 30.292741485, -87.543169145 30.292883491, -87.543244093 30.292950106, -87.543347932 30.292996571, -87.543575931 30.29308457, -87.544140932 30.29312857, -87.54425 30.293157517, -87.544275 30.293222, -87.544199 30.293277, -87.544176445 30.293365114, -87.544261986 30.293983774, -87.544504932 30.293984071, -87.544525248 30.293912469, -87.544469932 30.29381057, -87.544463932 30.29375057, -87.544558932 30.29347557, -87.544552932 30.29334857, -87.544588908 30.293136564, -87.544520932 30.293035571, -87.544514932 30.29294757, -87.544558932 30.29290857, -87.544628932 30.29291457, -87.544739836 30.29298948, -87.545002932 30.29306857, -87.545109932 30.29306257, -87.545230932 30.293018571, -87.545382932 30.29300257, -87.545680932 30.293057571, -87.546003932 30.29305157, -87.546162932 30.29309557, -87.546320932 30.29316757, -87.546466933 30.293178571, -87.546536932 30.29316257, -87.546758933 30.29302457, -87.546954933 30.29295857, -87.547138933 30.29285957, -87.547246933 30.29284357, -87.547354933 30.29285457, -87.547698538 30.29295232, -87.547764088 30.293456107, -87.547911933 30.29347857, -87.547924933 30.29321757, -87.547962933 30.29276657, -87.547971182 30.292569571, -87.548256873 30.29255157, -87.548272003 30.292630891, -87.548699794 30.292645439, -87.548674 30.293327001, -87.548696008 30.293445001, -87.548859433 30.29345357, -87.548875933 30.29334957, -87.548837933 30.29318457, -87.548907933 30.29298057, -87.548862933 30.29284357, -87.548894933 30.29278857, -87.548976933 30.29272757, -87.549084933 30.29268957, -87.549446433 30.292636571, -87.549610933 30.29262857, -87.550333934 30.29253557, -87.550678467 30.29246957, -87.550730736 30.2925702, -87.550821934 30.29260157, -87.550846934 30.29254657, -87.550840934 30.29248557, -87.550875933 30.29242257, -87.551113934 30.29239257, -87.551366934 30.29238657, -87.551453857 30.292408056, -87.551478373 30.292468279, -87.551413 30.292574, -87.551409481 30.292658588, -87.551453285 30.292702921, -87.551525934 30.29271157, -87.551620934 30.29267857, -87.551620934 30.29244757, -87.551670934 30.29240357, -87.551797934 30.29234857, -87.552070934 30.29230457, -87.552450934 30.29228257, -87.552539934 30.29224357, -87.552609934 30.29224357, -87.552670847 30.292260006, -87.552733676 30.292422107, -87.552805934 30.29244257, -87.552885434 30.29240057, -87.552894935 30.29229857, -87.552951935 30.29223257, -87.553249934 30.29220557, -87.553310801 30.2922104, -87.553353 30.292343, -87.553359 30.292459, -87.553339196 30.292818781, -87.553426934 30.29283257, -87.553515935 30.29279957, -87.553553934 30.29271757, -87.553560935 30.29229957, -87.553540935 30.292188569, -87.553547934 30.29212257, -87.553591935 30.29209057, -87.553731935 30.29209557, -87.553972935 30.29204057, -87.554219934 30.292046569, -87.554758934 30.29201357, -87.555011935 30.291935569, -87.555119935 30.291935569, -87.555208114 30.291969257, -87.555267787 30.292050612, -87.55533387 30.292116088, -87.555531935 30.29200257, -87.555632935 30.29198057, -87.556184935 30.291963569, -87.556444936 30.291936569, -87.556527935 30.29190657, -87.556583936 30.291853569, -87.556621935 30.29177157, -87.556678935 30.29173857, -87.556830935 30.29179357, -87.556926936 30.291815569, -87.557154935 30.29179357, -87.557320435 30.29175507, -87.557445936 30.291716569, -87.557496936 30.29160657, -87.557553935 30.291562569, -87.557819936 30.29157357, -87.558155936 30.291485569, -87.558536936 30.291177569, -87.558681936 30.291116569, -87.558853936 30.29108357, -87.558948697 30.291094542, -87.559026214 30.291187869, -87.559045 30.291843, -87.558988001 30.291843, -87.559004136 30.291966275, -87.559062936 30.29198557, -87.559195936 30.291969569, -87.559233936 30.291721569, -87.559246936 30.291276569, -87.559353936 30.29121057, -87.559582936 30.291149569, -87.559956936 30.29112757, -87.560148436 30.29107707, -87.560342936 30.290923569, -87.560558937 30.290830569, -87.560602936 30.290786569, -87.560691937 30.290654569, -87.560835937 30.290514569, -87.560964488 30.290490765, -87.560928 30.290654, -87.560942442 30.290706675, -87.560993399 30.290761833, -87.561052936 30.290775569, -87.561122937 30.290737569, -87.561185936 30.290742569, -87.561265825 30.290795508, -87.561418409 30.290959826, -87.561521937 30.290990569, -87.561578937 30.290957569, -87.561616936 30.29090257, -87.561601908 30.290845357, -87.561450468 30.290733785, -87.561329194 30.290674003, -87.561160733 30.290515746, -87.561141936 30.290439569, -87.561223936 30.290307569, -87.561306937 30.290252569, -87.561388937 30.290159569, -87.561464936 30.290032569, -87.561813937 30.289389569, -87.561838936 30.289229569, -87.562054937 30.288773569, -87.562225937 30.288569568, -87.562574937 30.288349569, -87.562624937 30.288234568, -87.562656937 30.288047568, -87.562694936 30.287981568, -87.562740936 30.287950069, -87.562884937 30.287920568, -87.562966937 30.287947569, -87.563017989 30.287986977, -87.563081009 30.288230015, -87.563482937 30.288219569, -87.563521944 30.288249041, -87.563546958 30.288732104, -87.564075937 30.288237068, -87.564191279 30.288291854, -87.564258937 30.288939569, -87.564366937 30.289033568, -87.564384937 30.289126569, -87.564646938 30.288893569, -87.564607819 30.288470598, -87.564465937 30.288271569, -87.564709937 30.287330568, -87.564799937 30.286887568, -87.564566937 30.286270568, -87.564640937 30.283409567, -87.572892939 30.283343567, -87.573482939 30.282848567, -87.57512394 30.282809567, -87.579421942 30.282726567, -87.579432187 30.28197548, -87.57940572 30.281931505, -87.579315 30.281896, -87.57621 30.282474, -87.575119001 30.282562, -87.573389 30.282689, -87.572918221 30.283075535, -87.572888871 30.282984529, -87.57273 30.282997001, -87.57269447 30.283037783, -87.572712074 30.283120144, -87.572495 30.283134, -87.572413 30.283167, -87.572305 30.283134, -87.572261001 30.283167, -87.572204 30.283173, -87.572045 30.28314, -87.571938001 30.283167, -87.571821777 30.283157365, -87.571640001 30.283167, -87.571538001 30.28314, -87.571437 30.283167, -87.571304 30.283129001, -87.571228 30.283162, -87.571114 30.283145, -87.570974 30.283178001, -87.570866 30.283255, -87.570794456 30.283254177, -87.57069147 30.283186784, -87.5706 30.283233, -87.570492 30.283233, -87.570226 30.283184, -87.569992 30.283222, -87.569694 30.283195, -87.569567001 30.283162, -87.569466 30.283178001, -87.569282 30.283167, -87.569168 30.283189001, -87.56906 30.283184, -87.568978 30.283211, -87.568838 30.283212, -87.568762001 30.283239, -87.568604 30.283195, -87.56842 30.283233, -87.568344 30.283223, -87.568299 30.28325, -87.568154 30.283212, -87.56804 30.283233, -87.567944 30.283223, -87.567827402 30.283230793, -87.56773706 30.28312072, -87.567596 30.283096, -87.567488 30.283102, -87.567393 30.283173, -87.5672155 30.283187001, -87.567117 30.283242, -87.564439083 30.283271947, -87.564405937 30.283233567, -87.564422434 30.283137807, -87.564257469 30.282955784, -87.564148 30.282931, -87.563818 30.282942, -87.563412 30.282915, -87.563235 30.28292, -87.563108001 30.282964, -87.56307 30.283102, -87.563124133 30.283577242, -87.563252937 30.283613568, -87.563619937 30.283602568, -87.563993937 30.283635567, -87.564163143 30.283694939, -87.564212899 30.283794313, -87.564192 30.283839, -87.564148 30.283894, -87.563926 30.283943001, -87.563843 30.283976, -87.563774 30.284042001, -87.563742 30.284191001, -87.563700468 30.284297784, -87.563750338 30.28441528, -87.563672001 30.284576, -87.563723956 30.284709045, -87.563803937 30.284740568, -87.564152937 30.284933568, -87.564298937 30.284982568, -87.564337639 30.28502127, -87.564376 30.285357001, -87.564382 30.285665, -87.56442 30.285847001, -87.564401001 30.285984, -87.564449 30.2861875, -87.564395 30.28621, -87.564299474 30.286177417, -87.564230411 30.286095542, -87.564074468 30.285953784, -87.56347 30.285764, -87.563102 30.285605, -87.562734 30.285396001, -87.562595001 30.285395001, -87.562449 30.285489, -87.562189 30.2855, -87.561847 30.285385, -87.561524 30.285335, -87.561105 30.285186001, -87.560953001 30.285192, -87.56084077 30.285157639, -87.560442468 30.284913784, -87.560294 30.284911, -87.560066 30.284972, -87.559882 30.284955001, -87.559610997 30.284837225, -87.559542468 30.284781784, -87.559324 30.284664, -87.559045 30.284664, -87.558779 30.284647, -87.558316001 30.284504, -87.558006 30.284499, -87.557784 30.284444, -87.557568 30.28446, -87.557442 30.284499, -87.557328 30.284609, -87.557239 30.284746, -87.557118 30.285093, -87.557023001 30.285321, -87.556966 30.285412, -87.556839 30.285494001, -87.556732 30.285538, -87.556618001 30.28556, -87.556383 30.285533001, -87.556142 30.285467, -87.555762 30.285527, -87.555667 30.285533001, -87.555306771 30.285387633, -87.555154874 30.285294412, -87.554718467 30.284985784, -87.554648159 30.284947036, -87.554536696 30.284844639, -87.554492934 30.284674568, -87.554437 30.284374, -87.554336 30.283794, -87.554355001 30.283718, -87.554412 30.283618, -87.554608 30.283445, -87.554925001 30.283184, -87.55509 30.283090001, -87.555198 30.283052, -87.555819 30.282997001, -87.556104 30.282898, -87.556345 30.282799, -87.556504 30.282815, -87.556618001 30.282887, -87.556700001 30.283008001, -87.556732 30.283085, -87.556656 30.283195, -87.556656 30.283272, -87.556744 30.28336, -87.556801 30.283459, -87.556865 30.283506001, -87.55696 30.283459, -87.556985 30.283399, -87.556922 30.283173, -87.556795 30.282975, -87.556744 30.282848, -87.556732 30.282749, -87.55677 30.282689, -87.556846 30.282667001, -87.557036 30.282656001, -87.55722 30.282661, -87.557645 30.282617, -87.558272 30.28248, -87.558418 30.282408, -87.558488 30.282342, -87.558766 30.282177, -87.558931 30.282133, -87.559014001 30.282155, -87.55914 30.282271, -87.5592005 30.2823585, -87.559197 30.282232, -87.559204 30.282139, -87.559236 30.282095, -87.559381 30.281985001, -87.559793 30.281842, -87.560155 30.281528, -87.560313 30.28144, -87.560364 30.28144, -87.560503 30.281484, -87.560814 30.281715, -87.561251001 30.282084, -87.561333001 30.282128, -87.561809 30.282128, -87.562081 30.282095, -87.562145 30.282034001, -87.562132 30.281938001, -87.561942 30.281957, -87.561752 30.281957, -87.561511 30.282007, -87.561378 30.281985001, -87.56089 30.281677, -87.560852 30.281534, -87.560915 30.281462001, -87.560738001 30.281253001, -87.560516 30.281286, -87.560478 30.281253001, -87.560522001 30.281187001, -87.560807 30.281, -87.561309936 30.280783567, -87.561449936 30.280768567, -87.562582752 30.281033516, -87.562502468 30.281200783, -87.562553638 30.281321424, -87.56260309 30.281366111, -87.562656937 30.281346567, -87.562694936 30.281253567, -87.562751936 30.281203567, -87.562857469 30.281181352, -87.562874 30.281226001, -87.562825562 30.281360229, -87.562909936 30.281385567, -87.563030936 30.281297567, -87.563211831 30.281405497, -87.563381157 30.281565708, -87.563461937 30.281561567, -87.563556936 30.281495567, -87.563632936 30.281489567, -87.56366363 30.281563424, -87.563911937 30.281616567, -87.564202937 30.281748567, -87.564304937 30.281704567, -87.564367937 30.281709567, -87.564519437 30.281773067, -87.564722937 30.281797567, -87.565375938 30.281770567, -87.565559937 30.281753567, -87.565692937 30.281808567, -87.565812937 30.281819567, -87.565920937 30.281770567, -87.568176938 30.281751567, -87.568608938 30.281748567, -87.568645276 30.281816462, -87.568722938 30.281858567, -87.568760938 30.281819567, -87.568785938 30.281440567, -87.568817938 30.281401567, -87.568931938 30.281379567, -87.569375439 30.281356067, -87.569469939 30.281374567, -87.569571939 30.281363567, -87.569685938 30.281374567, -87.569777326 30.28143315, -87.569881938 30.281412567, -87.569957938 30.281418567, -87.5700379 30.28147637, -87.570091938 30.281467567, -87.570186939 30.281418567, -87.570319939 30.281473567, -87.570452939 30.281423567, -87.570575044 30.281447308, -87.570743938 30.281434567, -87.570877939 30.281489567, -87.571010939 30.281456567, -87.571124939 30.281478567, -87.571225939 30.281434567, -87.571355939 30.281440067, -87.571517939 30.281423567, -87.571669939 30.281434567, -87.571758939 30.281412567, -87.571865939 30.281429566, -87.572068939 30.281395567, -87.572125939 30.281417566, -87.572252939 30.281384567, -87.572417939 30.281417566, -87.572467939 30.281379566, -87.572550939 30.281357567, -87.572607939 30.281357567, -87.572689939 30.281384567, -87.572791939 30.281346567, -87.572956939 30.281362567, -87.573063939 30.281335567, -87.573165939 30.281346567, -87.573298939 30.281318567, -87.573374939 30.281335567, -87.573545939 30.281296567, -87.57358729 30.281337917, -87.57364094 30.281340566, -87.57371094 30.281307567, -87.573856939 30.281318567, -87.573989939 30.281247566, -87.57415394 30.281274566, -87.574344939 30.281219567, -87.57445894 30.281247566, -87.574559939 30.281219567, -87.574667939 30.281219567, -87.57476294 30.281181566, -87.57489594 30.281214567, -87.57500994 30.281175567, -87.57513694 30.281175567, -87.57529844 30.281140067, -87.57539694 30.281186567, -87.57558994 30.281137567, -87.575672758 30.281173678, -87.57579594 30.281137567, -87.57587794 30.281170566, -87.575953941 30.281115566, -87.57602394 30.281093567, -87.576112941 30.281115566, -87.57628394 30.281076566, -87.57637294 30.281098567, -87.57649994 30.281043567, -87.57658794 30.281076566, -87.57668294 30.281032566, -87.57677194 30.281004566, -87.57687394 30.281037567, -87.577025941 30.280993566, -87.57714594 30.281015567, -87.57722194 30.280944567, -87.577272941 30.280922566, -87.57741994 30.280919317, -87.57755194 30.280905567, -87.577665941 30.280850566, -87.577785941 30.280867566, -87.57792594 30.280773567, -87.57803294 30.280779566, -87.578121941 30.280729567, -87.578184941 30.280713566, -87.578265677 30.280733525, -87.578343941 30.280696566, -87.578413941 30.280674567, -87.578539941 30.280685567, -87.578615941 30.280630567, -87.578717941 30.280603566, -87.578844941 30.280608566, -87.578882941 30.280559566, -87.578945941 30.280542566, -87.579053941 30.280548566, -87.579129941 30.280487566, -87.579198941 30.280460566, -87.579319941 30.280427566, -87.579420941 30.280471566, -87.579585941 30.280399566, -87.579712941 30.280440566, -87.579794941 30.280360566, -87.579883941 30.280316566, -87.579978941 30.280294566, -87.579956254 30.280203924, -87.579765 30.280223001, -87.579667007 30.280218196, -87.579623941 30.279970566, -87.57964027 30.279362961, -87.57953 30.279321, -87.5794985 30.2793905, -87.579499 30.279442, -87.579454001 30.279514, -87.579463471 30.279576784, -87.579537696 30.279722202, -87.579435 30.279833, -87.57945047 30.279884784, -87.579501944 30.27996155, -87.579524 30.280036, -87.57941 30.280267, -87.579353 30.280311, -87.579131001 30.280350001, -87.579074001 30.280345, -87.579017 30.280389, -87.578916 30.280411001, -87.578827 30.280394, -87.578776 30.280433, -87.578643 30.280466, -87.578571328 30.280453753, -87.578409 30.280504001, -87.578301 30.280488001, -87.578263 30.280537, -87.578193 30.280554, -87.578066 30.280554, -87.577914 30.28062, -87.577775 30.280614, -87.577692 30.280675, -87.577591 30.280686, -87.57749 30.280658, -87.577369 30.280708, -87.57719175 30.28072275, -87.57704 30.280757001, -87.576951 30.280796, -87.576813853 30.280775406, -87.576767 30.280818, -87.576716 30.280845, -87.576583 30.280878, -87.576444 30.280862, -87.576387 30.280889, -87.576285 30.280895, -87.576159 30.280867, -87.576064 30.280906, -87.57593 30.280923, -87.575829 30.280956, -87.575639 30.280945, -87.575531 30.280978, -87.575404 30.280939001, -87.575341 30.280972, -87.575233 30.280983001, -87.575125 30.280978, -87.575018 30.281027, -87.574916651 30.281004505, -87.574828 30.281022, -87.574695 30.281016, -87.574587 30.281044, -87.574454 30.281027, -87.574378 30.281055, -87.574187 30.281044, -87.574143 30.281066001, -87.573953 30.281071, -87.573813 30.281121, -87.573535 30.281132001, -87.573478 30.281115, -87.573344001 30.281159001, -87.57318 30.281148, -87.573053 30.281176, -87.572994683 30.281171518, -87.57294747 30.281139784, -87.572755 30.281187001, -87.57254 30.281187001, -87.5724 30.281154, -87.572349 30.281187001, -87.572197 30.281181, -87.572058 30.281214001, -87.571931 30.281192, -87.571817 30.281225001, -87.571418 30.281192, -87.57131 30.28122, -87.571126 30.281209, -87.570993 30.281231, -87.570854 30.28122, -87.570771 30.281248, -87.570619001 30.281237, -87.570543 30.28127, -87.570365 30.281259, -87.570251 30.281286, -87.570093 30.281275, -87.569922 30.281297, -87.569839001 30.281275, -87.569763 30.281286, -87.569656 30.281281, -87.569326001 30.281297, -87.568835527 30.28129975, -87.568785938 30.281247566, -87.568759938 30.279085566, -87.568937938 30.279008567, -87.569247938 30.278981566, -87.569469939 30.278920567, -87.570002939 30.278590566, -87.570217939 30.278425566, -87.570325939 30.278282566, -87.570433939 30.277880566, -87.570477938 30.277820566, -87.570857939 30.277616566, -87.571047939 30.277572566, -87.571548938 30.277589566, -87.571947939 30.277484566, -87.572059939 30.277484566, -87.572429939 30.277484566, -87.57277894 30.277446566, -87.573018939 30.277391566, -87.573582939 30.277176565, -87.574109939 30.277132565, -87.574261939 30.277094566, -87.57459794 30.276945566, -87.57497194 30.276862566, -87.575123939 30.276802566, -87.57523094 30.276747566, -87.57538294 30.276626566, -87.57549094 30.276505565, -87.57559294 30.276433565, -87.57576394 30.276362565, -87.57639694 30.276158565, -87.57651794 30.276098566, -87.57678394 30.275823565, -87.57692994 30.275564565, -87.57702494 30.275542565, -87.577189941 30.275569565, -87.577328941 30.275531565, -87.57744894 30.275454565, -87.57756994 30.275344565, -87.57766494 30.275289565, -87.57804494 30.275135565, -87.578152941 30.275107565, -87.57838694 30.274981565, -87.57871094 30.274684565, -87.579318941 30.274557565, -87.579647941 30.274408565, -87.580059941 30.274282565, -87.580281941 30.274106565, -87.580357941 30.274078565, -87.580921941 30.273979565, -87.581071 30.273924, -87.581618941 30.273753564, -87.581897942 30.273621564, -87.582195942 30.273462565, -87.582468441 30.273349565, -87.582797942 30.273165565, -87.582867942 30.273093564, -87.583203941 30.272873564, -87.583900942 30.272532565, -87.584255942 30.272323564, -87.584312942 30.272273564, -87.584375942 30.272180564, -87.584368152 30.272028488, -87.584334831 30.271973659, -87.583908 30.271889, -87.583598 30.2719, -87.583198 30.271883001, -87.582837 30.272082, -87.582628 30.272131, -87.582362 30.272104, -87.582077 30.271994, -87.581975 30.271983, -87.581893 30.272049, -87.58190147 30.272128782, -87.582003996 30.272287531, -87.582026 30.272379001, -87.582001 30.272472, -87.581937001 30.272571, -87.581817 30.272681, -87.581709 30.272747, -87.581392 30.272863, -87.581077 30.273131, -87.581038 30.273165, -87.580828 30.273391, -87.580721 30.273463, -87.580664 30.273474, -87.580546 30.273448, -87.580467 30.27343, -87.579986 30.273386, -87.579561 30.273281, -87.579421 30.273281, -87.579263 30.273314, -87.579092 30.273325, -87.578743 30.273397, -87.578306 30.27338, -87.578122 30.273402001, -87.578021 30.27343, -87.577691 30.273584, -87.577298 30.273859, -87.576791001 30.27409, -87.576487 30.274349, -87.576126 30.27458, -87.575765001 30.274723, -87.575651 30.274805, -87.575372 30.275053, -87.575137 30.275196, -87.574897 30.275229, -87.574637 30.275224, -87.574428 30.275191, -87.574142 30.275191, -87.573965 30.275218, -87.573718001 30.275235, -87.572754 30.275185001, -87.572644 30.275195, -87.572583 30.275202, -87.572374001 30.275262, -87.572159 30.275389, -87.571924 30.275658, -87.571797 30.275735, -87.571595 30.275708, -87.571411 30.275631, -87.571221 30.275587, -87.570986 30.275554, -87.570771 30.275587, -87.570587 30.275637, -87.57013 30.275697, -87.569991 30.275686, -87.569915 30.275659, -87.569719 30.275631, -87.569319 30.27567, -87.569135 30.27573, -87.569072 30.27578, -87.568793001 30.275917, -87.568692 30.275939, -87.568483 30.275928, -87.568299 30.275901, -87.568039 30.275824001, -87.567538 30.275796, -87.567266 30.275917, -87.567095 30.276044, -87.567063 30.276093, -87.566955 30.276171, -87.566531 30.276297, -87.566232 30.276312, -87.565681 30.276275, -87.564933 30.276313, -87.564750001 30.276357, -87.564445 30.276544, -87.564293001 30.276594, -87.564179 30.276676, -87.564116 30.276687, -87.563831001 30.276858, -87.563736 30.276952, -87.563628 30.277353001, -87.563533 30.27754, -87.563286 30.277821, -87.563146 30.278024, -87.563083 30.278079001, -87.563026001 30.278101, -87.562804 30.278277001, -87.562639 30.278371, -87.562278 30.278563001, -87.562088 30.278618, -87.561479 30.278662, -87.56115 30.27864, -87.56096 30.278591, -87.560820001 30.278503, -87.560693 30.27831, -87.560668 30.278255, -87.560668 30.277969, -87.560731 30.277711, -87.560731 30.277617, -87.560592 30.277139001, -87.560478 30.277073, -87.560186 30.277029, -87.559952 30.276935, -87.559787 30.276957, -87.5596225 30.2770505, -87.559667 30.27715, -87.55973 30.277161, -87.560079 30.277095001, -87.5602825 30.277193501, -87.560408 30.277309, -87.560478 30.277777, -87.560478 30.278008, -87.560554 30.278239, -87.560529 30.278387, -87.560491001 30.278437001, -87.560440001 30.278453, -87.560364 30.278453, -87.560243 30.278426, -87.55992 30.278255, -87.559629001 30.278112, -87.559293 30.277903, -87.559084 30.277821, -87.558906001 30.277804, -87.55883 30.277815, -87.558748 30.277859001, -87.558653 30.277958001, -87.558532 30.278145, -87.558418 30.278255, -87.558374 30.278277001, -87.558038 30.278299001, -87.557974 30.278327001, -87.557848 30.278453, -87.557752001 30.278585001, -87.557638 30.278695, -87.557321001 30.278937001, -87.557068 30.279047, -87.556954 30.279064001, -87.556643001 30.279064001, -87.556168 30.279130001, -87.55587 30.279047, -87.555616 30.279053, -87.55549 30.279036, -87.555376001 30.27897, -87.555211 30.278811, -87.555084001 30.278717, -87.554976001 30.278701, -87.554862 30.278734, -87.554812001 30.278767, -87.554697 30.278761, -87.554412 30.278668, -87.554374 30.278585001, -87.554324001 30.278558, -87.554267 30.278475, -87.554229 30.278393, -87.554228 30.278288, -87.55421 30.278211, -87.554220162 30.277969688, -87.554277934 30.277825566, -87.554340934 30.277759566, -87.554467934 30.277710567, -87.556064935 30.276758566, -87.559138936 30.274888566, -87.559474935 30.274690566, -87.559322936 30.274074566, -87.558669935 30.271307565, -87.558714935 30.271285565, -87.558803935 30.271312565, -87.558948935 30.271307565, -87.559183935 30.271324565, -87.559569936 30.271401565, -87.560057935 30.271450565, -87.560856936 30.271610565, -87.561090936 30.271643565, -87.562738936 30.271758565, -87.563188936 30.271758565, -87.563663936 30.271791565, -87.564082937 30.271758565, -87.565362937 30.271747565, -87.566268937 30.271758565, -87.567143937 30.271698565, -87.568429937 30.271483565, -87.569279938 30.271406565, -87.569767938 30.271384564, -87.570210938 30.271290564, -87.570464939 30.271318565, -87.570768938 30.271263565, -87.571028939 30.271180564, -87.571776939 30.271032565, -87.571852938 30.271048565, -87.572194938 30.270999565, -87.572682938 30.270894564, -87.572890939 30.270868565, -87.573138939 30.270839564, -87.573582939 30.270817565, -87.574146939 30.270740564, -87.57458994 30.270630564, -87.57503994 30.270597564, -87.57570594 30.270509564, -87.576155939 30.270404564, -87.57654194 30.270289564, -87.57676394 30.270250564, -87.57721394 30.270206564, -87.577815941 30.270085564, -87.57837394 30.269936564, -87.579000941 30.269843564, -87.579989941 30.269573564, -87.580498 30.269485, -87.582102 30.269128, -87.582219 30.269112, -87.582244441 30.269114564, -87.582448942 30.269050564, -87.583303942 30.268863564, -87.583797942 30.268681564, -87.584064942 30.268643563, -87.584399942 30.268538564, -87.584818942 30.268489563, -87.585033943 30.268423563, -87.585344942 30.268378563, -87.585705943 30.268263563, -87.586041942 30.268180563, -87.586269943 30.268147563, -87.586554942 30.268054563, -87.587023943 30.267960563, -87.587562943 30.267833563, -87.588411943 30.267679564, -87.588658943 30.267608563, -87.588861943 30.267597563, -87.589108943 30.267520563, -87.589190943 30.267514563, -87.590033944 30.267195563, -87.590192944 30.267173563, -87.590496944 30.267112563, -87.590718943 30.267101563, -87.590908943 30.267024563, -87.591339943 30.267008563, -87.591478944 30.266958563, -87.591617944 30.266947563, -87.591795944 30.266886563, -87.592137944 30.266732563, -87.592435944 30.266672563, -87.592549944 30.266672563, -87.592783944 30.266584563, -87.593075944 30.266540562, -87.593347944 30.266440563, -87.593791944 30.266330563, -87.594158945 30.266182563, -87.594342945 30.266143563, -87.594412944 30.266116562, -87.594507945 30.266039563, -87.594982945 30.265835562, -87.595217944 30.265813563, -87.595584945 30.265736563, -87.595876945 30.265620563, -87.596097945 30.265593562, -87.596402945 30.265521563, -87.596655945 30.265405563, -87.597187945 30.265240563, -87.597415946 30.265213562, -87.597787445 30.265073062, -87.598087946 30.264993562, -87.598258946 30.264926563, -87.598467946 30.264882563, -87.598866946 30.264767562, -87.599304946 30.264651562, -87.599424946 30.264646562, -87.599817946 30.264546562, -87.599944946 30.264480562, -87.600127946 30.264436562, -87.600413946 30.264315562, -87.600812947 30.264216562, -87.601321196 30.264050812, -87.601555947 30.264007562, -87.601895947 30.263957562, -87.602092947 30.263875562, -87.602231947 30.263847562, -87.602681946 30.263704562, -87.602896946 30.263550562, -87.603118947 30.263473561, -87.603315947 30.263363562, -87.603403947 30.263324562, -87.603777947 30.263291561, -87.604214947 30.263175562, -87.604354947 30.263120562, -87.604588948 30.263093562, -87.604778948 30.263038562, -87.605025947 30.262922561, -87.605323947 30.262856562, -87.605456947 30.262812561, -87.605824948 30.262641562, -87.606001948 30.262614562, -87.606495948 30.262448562, -87.606698948 30.262410561, -87.607053948 30.262382561, -87.607763949 30.262222562, -87.607984949 30.262145561, -87.608371948 30.262052561, -87.609264949 30.261765561, -87.609521449 30.261710561, -87.610006948 30.261578561, -87.610126949 30.261562561, -87.610392949 30.261495561, -87.610861949 30.261440561, -87.610950949 30.261391561, -87.611203949 30.261325561, -87.611438949 30.261204561, -87.611640949 30.261165561, -87.611742949 30.261165561, -87.612166949 30.261066561, -87.61231895 30.261049561, -87.612736949 30.260950561, -87.612844949 30.260900561, -87.61329495 30.260768561, -87.61334595 30.260779561, -87.61360595 30.260730561, -87.61384595 30.260614561, -87.61419495 30.260537561, -87.61478395 30.26033356, -87.61531595 30.26027256, -87.61565195 30.26017356, -87.616114951 30.260090561, -87.616380951 30.26001956, -87.61662095 30.260002561, -87.616918951 30.25992056, -87.617197951 30.25988756, -87.617508951 30.25980956, -87.617932951 30.25973256, -87.618388951 30.25960556, -87.618800951 30.25950656, -87.618978951 30.259446561, -87.619028952 30.25940756, -87.619282951 30.25932556, -87.619833952 30.25926456, -87.620327951 30.25910456, -87.620612952 30.25898856, -87.620802952 30.258895561, -87.621119952 30.25879656, -87.621404952 30.25873556, -87.622000952 30.25864156, -87.622209952 30.25858156, -87.622646952 30.25849256, -87.622792952 30.25848156, -87.622931952 30.25849256, -87.623349952 30.25841556, -87.623736953 30.25828856, -87.624832952 30.25798056, -87.624990953 30.25795656, -87.625142953 30.25791756, -87.625415953 30.25780756, -87.625586953 30.257714559, -87.625744953 30.25767056, -87.626144953 30.25753356, -87.626562953 30.257412559, -87.626720953 30.25737356, -87.627018953 30.25731956, -87.627170954 30.257253559, -87.627456954 30.25718756, -87.627747954 30.25709356, -87.627963954 30.25704456, -87.628279953 30.25695656, -87.628571953 30.25689056, -87.628704954 30.25687456, -87.629224954 30.256753559, -87.629794954 30.256583559, -87.630016954 30.256495559, -87.630212954 30.256451559, -87.630745955 30.25628656, -87.631714955 30.256083559, -87.631961955 30.25604556, -87.632202955 30.25599056, -87.632443955 30.255874559, -87.632538955 30.255841559, -87.632703955 30.255808559, -87.632887955 30.255759559, -87.633140955 30.255671559, -87.633407955 30.255600559, -87.633901955 30.255451559, -87.634459956 30.255303559, -87.634744955 30.255242559, -87.634991956 30.255171559, -87.635219955 30.255127559, -87.635758955 30.254995559, -87.635961956 30.254929559, -87.636353955 30.254864559, -87.636588956 30.254847559, -87.636746956 30.254820559, -87.637266956 30.254710559, -87.637634956 30.254639559, -87.637798957 30.254600559, -87.638083956 30.254551559, -87.638217956 30.254540559, -87.638407956 30.254534559, -87.638578957 30.254518559, -87.638863956 30.254507559, -87.639528957 30.254436559, -87.639985956 30.254353559, -87.640149956 30.254293558, -87.640251957 30.254276559, -87.640371957 30.254271558, -87.640523957 30.254282558, -87.640694957 30.254277559, -87.640992957 30.254211559, -87.641246958 30.254172559, -87.641442957 30.254123559, -87.641752957 30.254073559, -87.641873957 30.254029558, -87.642608957 30.253859558, -87.642900957 30.253760558, -87.643096958 30.253711558, -87.643210958 30.253705559, -87.643400958 30.253672558, -87.643628958 30.253651558, -87.643926958 30.253612558, -87.644072958 30.253585558, -87.644224958 30.253579558, -87.644458958 30.253552559, -87.645136958 30.253447558, -87.645510958 30.253371558, -87.645878959 30.253288558, -87.646011959 30.253239558, -87.646188958 30.253189558, -87.646360959 30.253129558, -87.646790959 30.253030558, -87.647221959 30.252887558, -87.647709959 30.252750558, -87.647836959 30.252695558, -87.647982959 30.252645558, -87.648153959 30.252607558, -87.648305959 30.252563558, -87.649129959 30.252283558, -87.649370959 30.252228558, -87.64956696 30.252167557, -87.649763959 30.252096558, -87.650086959 30.252013558, -87.65040396 30.251909558, -87.65084696 30.251722558, -87.65104396 30.251656557, -87.65130996 30.251540558, -87.65149996 30.251469557, -87.65228596 30.251200557, -87.65283096 30.251040557, -87.65356596 30.250782558, -87.654084961 30.250584557, -87.654598961 30.250441557, -87.655303961 30.250207557, -87.655664961 30.250147557, -87.655987961 30.250064557, -87.656627961 30.249960557, -87.657007961 30.249910557, -87.657286962 30.249839557, -87.657970961 30.249696557, -87.658294961 30.249613557, -87.658465962 30.249586557, -87.658782962 30.249575557, -87.659098962 30.249581557, -87.659415962 30.249548557, -87.660175963 30.249449557, -87.660359963 30.249399557, -87.660511962 30.249372557, -87.660847963 30.249394557, -87.661094962 30.249394557, -87.661734963 30.249339557, -87.661924963 30.249328557, -87.662298963 30.249323557, -87.662495963 30.249312557, -87.662805963 30.249306557, -87.663084963 30.249284556, -87.663192963 30.249284556, -87.663337963 30.249301557, -87.663458964 30.249295557, -87.663572963 30.249268557, -87.664066963 30.249279557, -87.664224963 30.249268557, -87.664421964 30.249241557, -87.664953963 30.249197556, -87.665194963 30.249164557, -87.665612964 30.249125557, -87.666062964 30.249087556, -87.666315964 30.249076557, -87.666607964 30.249076557, -87.667126965 30.249103557, -87.667297964 30.249103557, -87.667431964 30.249082557, -87.667665964 30.249027557, -87.667836964 30.249005557, -87.668305965 30.248900556, -87.668400964 30.248884557, -87.668793965 30.248961557, -87.668951965 30.248977556, -87.669059965 30.248972556, -87.669173965 30.248950557, -87.669274965 30.248939556, -87.669414965 30.248906556, -87.669661964 30.248873556, -87.669807965 30.248878557, -87.669933965 30.248895557, -87.670142965 30.248944557, -87.670339965 30.248966556, -87.670643965 30.248977556, -87.671017965 30.249005556, -87.671257965 30.249005556, -87.671720965 30.249033557, -87.671828966 30.249005556, -87.672050966 30.248977556, -87.672297966 30.248972556, -87.672430966 30.248961557, -87.672569966 30.248961557, -87.672873965 30.248912557, -87.673165965 30.248851556, -87.673405966 30.248813556, -87.673665966 30.248785556, -87.673836966 30.248758557, -87.674160966 30.248719556, -87.674426966 30.248664557, -87.674666967 30.248626556, -87.674920966 30.248598556, -87.675268966 30.248576557, -87.675560966 30.248532556, -87.675883966 30.248532556, -87.676327967 30.248483556, -87.676542967 30.248488556, -87.676789967 30.248472556, -87.677017966 30.248428556, -87.677169967 30.248428556, -87.677860967 30.248340556, -87.678221967 30.248351556, -87.678937967 30.248345556, -87.679292968 30.248362556, -87.679634967 30.248395556, -87.679849967 30.248389556, -87.680432968 30.248246556, -87.680952968 30.248164556, -87.681142968 30.248142556, -87.681503968 30.248081556, -87.681731968 30.248059555, -87.681921968 30.248065556, -87.682023969 30.248048555, -87.682232968 30.248037556, -87.682409968 30.248032556, -87.682574968 30.248037556, -87.682688969 30.248059555, -87.682808969 30.248098555, -87.683182969 30.248098555, -87.683778968 30.248065556, -87.684171969 30.247988556, -87.684956969 30.247927556, -87.685241969 30.247850556, -87.685387969 30.247801556, -87.685571969 30.247724556, -87.68587597 30.247625556, -87.68605997 30.247581556, -87.686242969 30.247515556, -87.68657297 30.247427555, -87.686749969 30.247388556, -87.687047969 30.247410556, -87.68721297 30.247405555, -87.68732097 30.247372556, -87.68759297 30.247328556, -87.68771997 30.247300555, -87.68816997 30.247251555, -87.68845497 30.247256555, -87.68862597 30.247223556, -87.689056971 30.247196556, -87.689223 30.24715, -87.68930997 30.247135555, -87.689569971 30.247108555, -87.68990597 30.247053556, -87.69006397 30.247047555, -87.690874971 30.246921555, -87.69109497 30.246900555, -87.691235971 30.246877556, -87.691387971 30.246866556, -87.691571971 30.246866556, -87.691723971 30.246849555, -87.691970971 30.246838555, -87.692154971 30.246816555, -87.692350971 30.246805556, -87.692597971 30.246772555, -87.692737971 30.246739555, -87.692895971 30.246690555, -87.693066971 30.246651555, -87.693326971 30.246612555, -87.693535971 30.246524555, -87.693694971 30.246475555, -87.693839971 30.246447555, -87.693928972 30.246420555, -87.694086972 30.246359555, -87.694334972 30.246299555, -87.694986972 30.246194555, -87.695455972 30.246084555, -87.696177972 30.245903555, -87.696437972 30.245842555, -87.696589972 30.245814555, -87.696880972 30.245743555, -87.697261972 30.245638555, -87.697394972 30.245622555, -87.697527972 30.245589555, -87.697672973 30.245545555, -87.698160973 30.245429554, -87.698376973 30.245369555, -87.698572973 30.245297555, -87.698718973 30.245264555, -87.698971973 30.245248555, -87.699168973 30.245215555, -87.699491973 30.245182555, -87.700118973 30.245104554, -87.700428974 30.245077555, -87.700600973 30.245049555, -87.701106974 30.245027555, -87.701265974 30.244989555, -87.701594973 30.244950555, -87.702031973 30.244934554, -87.702158973 30.244906554, -87.702374973 30.244818555, -87.702526974 30.244785555, -87.702842974 30.244741555, -87.703013974 30.244741555, -87.703153974 30.244725554, -87.703362974 30.244675554, -87.703577974 30.244642555, -87.703729974 30.244625554, -87.703900974 30.244620554, -87.704312975 30.244554554, -87.704471975 30.244521555, -87.704673974 30.244510554, -87.704889974 30.244477554, -87.705098974 30.244455554, -87.705826974 30.244339555, -87.706023975 30.244317555, -87.706200975 30.244284554, -87.706365974 30.244235554, -87.706783975 30.244141554, -87.706992975 30.244069554, -87.707119975 30.244047554, -87.707277976 30.244031554, -87.707467975 30.244003554, -87.707689975 30.243992554, -87.708050975 30.243948554, -87.708392975 30.243932554, -87.708589976 30.243910554, -87.708747975 30.243915554, -87.708969976 30.243887554, -87.709121975 30.243849554, -87.709235976 30.243838554, -87.709438975 30.243843554, -87.709552976 30.243832554, -87.709697976 30.243810554, -87.710040976 30.243777554, -87.710242976 30.243744554, -87.710356976 30.243744554, -87.710705976 30.243684554, -87.710870976 30.243662554, -87.711041976 30.243651554, -87.711281976 30.243618554, -87.711700976 30.243546554, -87.711985977 30.243485554, -87.712276976 30.243403554, -87.712441977 30.243337554, -87.712605977 30.243282554, -87.712789977 30.243238554, -87.713163977 30.243216553, -87.713366977 30.243188554, -87.713930977 30.243127554, -87.714595977 30.243072553, -87.714804977 30.243078554, -87.715038978 30.243061554, -87.715608978 30.243033554, -87.715881977 30.243028554, -87.716185977 30.243006553, -87.716508978 30.242973554, -87.716666977 30.242923554, -87.716964978 30.242907554, -87.718516979 30.242758553, -87.718821978 30.242736554, -87.719289978 30.242686553, -87.719460979 30.242691553, -87.719613979 30.242675553, -87.719910979 30.242603553, -87.720024979 30.242598553, -87.720170978 30.242570553, -87.720316979 30.242554553, -87.720582979 30.242510553, -87.720848979 30.242493554, -87.721133979 30.242416553, -87.721266979 30.242366554, -87.721437979 30.242328553, -87.721538979 30.242333553, -87.722330979 30.242223553, -87.722470979 30.242196554, -87.722660979 30.242173553, -87.723167979 30.242157553, -87.723382979 30.242157553, -87.723566979 30.242168553, -87.724022979 30.242223553, -87.724504979 30.242228554, -87.72504298 30.242178553, -87.72558798 30.242096553, -87.72602498 30.242040553, -87.726334981 30.242007553, -87.72650698 30.241963553, -87.72720998 30.241853553, -87.728406981 30.241649553, -87.730376982 30.241329553, -87.731263982 30.241170553, -87.731593981 30.241120553, -87.731859982 30.241054552, -87.732727982 30.240933552, -87.733075983 30.240855553, -87.733474982 30.240784553, -87.733658982 30.240740553, -87.734031982 30.240630552, -87.734272982 30.240585553, -87.734912982 30.240519553, -87.735134983 30.240508553, -87.735311983 30.240508553, -87.735856982 30.240491553, -87.736059983 30.240502553, -87.736274983 30.240502553, -87.736521983 30.240524552, -87.736692983 30.240524552, -87.737180983 30.240590552, -87.737358984 30.240634552, -87.737522984 30.240700552, -87.737686289 30.240787649, -87.7377484 30.240892393, -87.737778 30.241096001, -87.737760001 30.241206, -87.737684 30.241399001, -87.737678 30.2414635, -87.737582 30.241674, -87.737544001 30.241822, -87.737532 30.241938, -87.7375 30.242103, -87.737355 30.242571, -87.737247001 30.242807001, -87.737178 30.242934, -87.737114 30.243027001, -87.737051 30.243099, -87.736987501 30.243148501, -87.736899 30.243187001, -87.736791 30.243187001, -87.736671 30.243176, -87.736588 30.243148, -87.736519 30.243143, -87.735568 30.243242, -87.735505 30.243242, -87.735423 30.243220001, -87.735359 30.243182001, -87.735321 30.243149001, -87.735245 30.243135001, -87.735131 30.243144, -87.734605 30.243221, -87.734485 30.243254, -87.734352 30.243309, -87.734035001 30.243424, -87.733801 30.243529, -87.73375 30.243573, -87.733522001 30.243672, -87.733376 30.243766, -87.733275 30.243865001, -87.733199 30.243969, -87.73313 30.244085, -87.733079 30.244228, -87.733041 30.244536001, -87.733035 30.244635, -87.733003 30.244723, -87.732883 30.245196, -87.732756 30.245614, -87.732674 30.245834, -87.732611 30.245906, -87.732544501 30.2459385, -87.732465001 30.245944, -87.732414 30.245928001, -87.732345 30.245889, -87.732098 30.245681, -87.731806 30.245582001, -87.731713 30.245542001, -87.731629 30.245538, -87.7313845 30.2454855, -87.7312835 30.24548, -87.731244999 30.245540501, -87.731052 30.245604, -87.730951001 30.245609, -87.730906 30.245477, -87.730860249 30.245414, -87.730444 30.245516001, -87.730032 30.245511001, -87.729899 30.2455, -87.729766001 30.2455, -87.729627 30.245533, -87.729398 30.245643, -87.729348 30.245659001, -87.729272 30.245665, -87.728993 30.245654, -87.728740001 30.245693, -87.728613 30.245671, -87.728537 30.245632, -87.72841 30.245599, -87.728321 30.245588, -87.728055 30.245616, -87.727973 30.24561, -87.727865 30.245589, -87.727580001 30.24555, -87.72751 30.245545, -87.727447001 30.245556, -87.727327 30.245611, -87.727238 30.245682001, -87.727124001 30.245743001, -87.726972 30.245836, -87.726782 30.245974, -87.726598 30.246089, -87.726456 30.2462105, -87.726345 30.246266, -87.726256 30.246266, -87.726186 30.246227, -87.725863 30.246134, -87.725608 30.246082, -87.725546 30.246073001, -87.725432 30.246073001, -87.725173 30.246029001, -87.725084 30.246007, -87.725014 30.246002, -87.724938001 30.245980001, -87.724761 30.245986, -87.724666001 30.245975, -87.724374001 30.245892001, -87.724165 30.245854, -87.724013 30.245843001, -87.723753001 30.245843001, -87.723342 30.245876, -87.723075 30.245926, -87.722885 30.246019, -87.722803 30.246069, -87.722670001 30.246129, -87.72248 30.246179001, -87.722296001 30.246239001, -87.722132001 30.246311, -87.72198 30.246394, -87.721847 30.246443001, -87.721739 30.246471, -87.72165 30.246504, -87.72153 30.246537, -87.721403001 30.246553001, -87.721181 30.246559, -87.721036 30.246548001, -87.720776 30.246487, -87.720579 30.246432, -87.720415 30.246355, -87.720389 30.246262, -87.7203355 30.246130001, -87.7202845 30.2461295, -87.720275 30.246196, -87.720288 30.246245, -87.720288 30.246311, -87.720237 30.246372001, -87.72018 30.246394, -87.720066 30.246411, -87.719889 30.246416, -87.719787001 30.246405, -87.71966 30.246372001, -87.719534 30.246356, -87.719274001 30.24635, -87.719103 30.246389, -87.719033001 30.246438, -87.718913 30.246449, -87.718710001 30.24646, -87.718558 30.24646, -87.718444 30.246471, -87.718267 30.24646, -87.718121 30.24646, -87.717924 30.246483, -87.717804 30.246477001, -87.717677 30.246477001, -87.71762 30.246483, -87.717557 30.246472001, -87.717481 30.246477001, -87.717228 30.246543001, -87.717132 30.24656, -87.717057 30.246587, -87.716955001 30.246604, -87.71679 30.246642, -87.716607 30.246675, -87.716429 30.246686, -87.715675 30.246846, -87.715479 30.246912, -87.715188 30.247028, -87.715093 30.247055001, -87.714915 30.247143, -87.714852 30.247193, -87.714776 30.247275, -87.714643 30.247562, -87.714605001 30.247705, -87.714542 30.248106001, -87.714529 30.248249, -87.714542 30.24853, -87.7145325 30.2486205, -87.714491 30.248684, -87.714447 30.248651001, -87.714193 30.248277, -87.713997 30.248029, -87.713769001 30.247826, -87.713686 30.247765, -87.713623 30.247688, -87.713414 30.247501001, -87.713338001 30.247446, -87.712894 30.247188, -87.712742 30.247133001, -87.71266 30.247111, -87.712362 30.246984, -87.712058 30.246908001, -87.711703 30.246886, -87.711576 30.246897, -87.711335 30.246891, -87.711228 30.246908001, -87.711107 30.246935001, -87.710480001 30.247139, -87.71036 30.247166, -87.710119 30.247243, -87.709675001 30.247453, -87.709479 30.247535, -87.709384 30.247557, -87.709302 30.247585001, -87.709194 30.247596001, -87.708991 30.247645, -87.708890001 30.247678001, -87.708795 30.247728, -87.708674001 30.247777001, -87.70856 30.247838, -87.708465 30.247898001, -87.708269001 30.248074, -87.708237 30.24814, -87.708199 30.248195001, -87.708123 30.248256, -87.707838001 30.248421, -87.707762 30.248449, -87.707648001 30.248476001, -87.707426 30.248515, -87.707262 30.248493001, -87.707141 30.248454, -87.706869 30.248443, -87.706786 30.2484625, -87.706748 30.248531, -87.7067325 30.248610501, -87.706685 30.24863, -87.70652 30.248614, -87.706413 30.248597, -87.706248 30.248559, -87.706089 30.24846, -87.706039 30.24841, -87.705899 30.248240001, -87.70583 30.248201001, -87.705779 30.248157, -87.705728 30.248091, -87.705722 30.248042001, -87.705734001 30.247970001, -87.705766 30.247899, -87.70581 30.247827, -87.706045 30.247646, -87.706387 30.24747, -87.706488001 30.247398, -87.706602 30.247338001, -87.706786001 30.247217, -87.7069 30.247101001, -87.707033 30.24698, -87.707084001 30.246969, -87.707249 30.246881, -87.707217001 30.246826001, -87.707097 30.246831001, -87.707021 30.246859, -87.706906 30.246914, -87.706748 30.24704, -87.706685 30.247068, -87.706596001 30.247096, -87.706533 30.247101001, -87.706444 30.247096, -87.706387 30.247079, -87.706216 30.246986, -87.706127 30.246969, -87.705924001 30.246903001, -87.705848 30.246897501, -87.705779 30.246909, -87.705721501 30.246944501, -87.705614 30.247288, -87.705573 30.247368001, -87.7055 30.24742, -87.705373 30.247481, -87.705265 30.247492, -87.705183 30.247481, -87.704999 30.24742, -87.704904 30.247365001, -87.704714 30.247283, -87.704378 30.247123, -87.704119 30.247019, -87.704068 30.24703, -87.704011 30.247057, -87.703992 30.247118, -87.704017 30.247195001, -87.704157 30.247376001, -87.704296 30.247514, -87.70453 30.247662001, -87.704638 30.247717, -87.704822 30.247778, -87.704936 30.247805, -87.705133 30.247888, -87.705196001 30.247926001, -87.70531 30.248009001, -87.705386 30.248124, -87.705405 30.248229001, -87.705373 30.248372001, -87.705367 30.248438, -87.705304 30.248597, -87.705082 30.248801, -87.705025 30.248867, -87.704797 30.249043001, -87.704715 30.249126, -87.704601 30.249203, -87.704309 30.249351, -87.704151 30.249445, -87.703954001 30.249588, -87.703916 30.249626, -87.703834 30.249654, -87.703758 30.249670001, -87.703669 30.249670001, -87.703574001 30.249604, -87.703397 30.249434, -87.7033345 30.2493655, -87.703257 30.249307, -87.703200001 30.249252, -87.703121499 30.2491475, -87.703137 30.249065, -87.703251001 30.248983, -87.703378 30.248845001, -87.70346 30.248774, -87.703637 30.248598, -87.703682001 30.248565, -87.703726 30.248543, -87.70374475 30.248498751, -87.703682001 30.248477, -87.703612 30.248493001, -87.703568 30.248515, -87.703504 30.248581, -87.703251001 30.248779001, -87.703188 30.248801, -87.703124 30.248787501, -87.702972 30.248653, -87.702864 30.248576, -87.702795 30.248510001, -87.7027465 30.248427501, -87.702725 30.248356, -87.702719 30.248284, -87.702738001 30.248059001, -87.702788 30.247954, -87.702864 30.247872, -87.702997 30.247707, -87.703061001 30.247608, -87.703111 30.247547001, -87.703149 30.247432, -87.703137 30.247261, -87.703092001 30.24719, -87.703092001 30.247063001, -87.703054 30.246975001, -87.703029 30.24686, -87.703003 30.246788, -87.702965 30.246722001, -87.702927 30.246623, -87.702864 30.246549, -87.702782 30.246612, -87.702845 30.246975001, -87.702889 30.247113, -87.702889 30.247256, -87.702858 30.247349001, -87.702801 30.24747, -87.7026725 30.247676001, -87.702630001 30.247723, -87.702528001 30.247811, -87.702459 30.24791, -87.702338001 30.248141, -87.7022435 30.2483665, -87.70218 30.248438, -87.702072 30.248488, -87.701996 30.248532001, -87.701952 30.24857, -87.701933 30.248620001, -87.701933 30.248686, -87.701939 30.248746, -87.701965 30.2488565, -87.70187 30.248917001, -87.70173 30.248961, -87.701686001 30.248989, -87.7016575 30.249031, -87.70168 30.249088, -87.701743001 30.249082, -87.701882 30.249033, -87.701984001 30.248983, -87.70206 30.248928001, -87.702167 30.248889501, -87.7022275 30.2488455, -87.702208499 30.248804, -87.702129 30.248757, -87.70206 30.248669, -87.70206 30.248625, -87.702098 30.248581, -87.702155 30.248543, -87.70224 30.248515501, -87.702357 30.248510001, -87.702440001 30.248526, -87.702503 30.248554, -87.702605001 30.248653, -87.702668 30.248724, -87.702757 30.248851001, -87.702801 30.248983, -87.702820001 30.249142, -87.702858 30.249203, -87.702884 30.249274, -87.702896 30.249362001, -87.702896 30.249467001, -87.702922 30.249792, -87.702896 30.249885, -87.702839 30.250006, -87.702795 30.250045, -87.702725 30.250072, -87.702618 30.250094, -87.70251 30.250094, -87.702301 30.250111, -87.702225001 30.2501, -87.702168 30.250105, -87.702123 30.250083001, -87.702073 30.250045, -87.702047 30.250006, -87.701965 30.250050001, -87.701959 30.250094, -87.701984001 30.250138, -87.70198 30.250203001, -87.701932001 30.250263, -87.701862 30.250285001, -87.701748001 30.250291001, -87.701602 30.250308, -87.701355 30.250346, -87.701260001 30.250379, -87.701152 30.250429, -87.70107 30.250484, -87.701 30.25055, -87.700931 30.250594, -87.700785 30.250665, -87.700677 30.250698, -87.700582 30.250709, -87.700519 30.250682, -87.700531 30.250319, -87.700443 30.250324001, -87.70043 30.250511, -87.700373001 30.250599, -87.700373001 30.250665, -87.700411 30.250731, -87.700329 30.250808, -87.700189 30.250836, -87.700037 30.250588, -87.699872 30.250638001, -87.700037 30.250935, -87.699657 30.251094, -87.699435 30.250775, -87.699264 30.250847001, -87.699366 30.251078, -87.698973 30.251243001, -87.698827 30.250995, -87.698707 30.25105, -87.698776 30.251237, -87.698795 30.25132, -87.698789 30.251364, -87.698795 30.251435001, -87.698814 30.251534, -87.698821 30.251622, -87.698795 30.251672, -87.698732 30.251711, -87.697826 30.25203, -87.697636 30.251678, -87.697737 30.251606, -87.697693 30.251513, -87.697515001 30.251557, -87.697439 30.251419, -87.697294001 30.251078, -87.697005 30.250474, -87.696964 30.250418001, -87.696907 30.250363, -87.696869 30.25028, -87.69687125 30.250189001, -87.696934 30.250144, -87.696991 30.250122001, -87.697048001 30.250111, -87.6971715 30.250155001, -87.697213 30.250111, -87.697283 30.249968, -87.697213 30.249963, -87.696985 30.250023001, -87.696757 30.250095001, -87.696706 30.250138501, -87.696693 30.250203001, -87.6967075 30.250280001, -87.696666 30.250308, -87.696552 30.250347, -87.69647 30.250363, -87.695976001 30.25049, -87.695817001 30.250517, -87.6957575 30.2504845, -87.695665 30.25027, -87.6956505 30.250205501, -87.695625499 30.250139, -87.695578 30.250108501, -87.695375 30.250128001, -87.695255 30.250133, -87.6951825 30.2501195, -87.695173 30.249990001, -87.695183 30.249887501, -87.695185 30.249721, -87.695195 30.249658001, -87.695312 30.249666, -87.695502 30.24971, -87.69585 30.249754, -87.69618 30.249759, -87.696326 30.249754, -87.696465 30.249737, -87.696744 30.24966, -87.696864 30.249644, -87.696959 30.249605001, -87.697118 30.249578, -87.697187001 30.249556, -87.697320001 30.249528, -87.697289001 30.24944, -87.697175 30.249429001, -87.697042 30.2494295, -87.696953 30.249446, -87.696909 30.249484, -87.696858001 30.249512, -87.696738 30.249556, -87.696598 30.249578, -87.696465 30.249611001, -87.696262 30.249644, -87.696091 30.249649001, -87.695984 30.249638, -87.695888 30.249644, -87.695762 30.249638, -87.695426 30.2495585, -87.695356 30.249385001, -87.695242001 30.24938, -87.695223 30.249446, -87.695192 30.249512, -87.695147501 30.249553001, -87.694976 30.249583, -87.69483 30.249578, -87.694691 30.249589, -87.694539001 30.249589, -87.694304 30.249605001, -87.694222 30.249605001, -87.694095 30.249616, -87.694034 30.249499001, -87.693867001 30.249534001, -87.693614 30.249622, -87.6931545 30.249765501, -87.691067 30.250013, -87.691079 30.250128001, -87.69229 30.249974, -87.692765 30.249903, -87.693215 30.249859001, -87.693722 30.249787, -87.69445 30.249732001, -87.694913 30.249688, -87.6950015 30.249698501, -87.695039 30.249732001, -87.695014 30.250023001, -87.69502 30.250089001, -87.695002 30.250204, -87.693853 30.250418001, -87.689893 30.25121, -87.689836 30.251161001, -87.689753 30.251172, -87.689741 30.251386, -87.689887 30.251386, -87.689906001 30.251342, -87.691927 30.250913, -87.692915 30.250743, -87.694341 30.250484, -87.695241 30.250336001, -87.695399 30.250281, -87.695456 30.25027, -87.695507 30.250286, -87.695545001 30.250319, -87.695576001 30.250369, -87.69564 30.250616001, -87.692542 30.251502001, -87.691287 30.251854001, -87.689722001 30.252316001, -87.689722001 30.252256, -87.689614001 30.252250001, -87.68957 30.252553, -87.689678 30.252569, -87.689709 30.252481001, -87.692563 30.251625, -87.696666 30.250435, -87.696723 30.250423, -87.696793 30.250429, -87.696844 30.250462, -87.696939 30.250556, -87.697668 30.252162001, -87.697541001 30.252189, -87.69749 30.252145, -87.697458 30.252101, -87.697401 30.252057, -87.697338 30.252046, -87.697268 30.252057, -87.697173 30.252096, -87.696679001 30.252250001, -87.696457 30.252332001, -87.69564 30.252684, -87.695456 30.25275, -87.695101 30.25291, -87.694968 30.252954, -87.694848 30.253009, -87.694791001 30.253042, -87.694734001 30.253053, -87.694658 30.253004, -87.694576 30.252784001, -87.694493001 30.252795, -87.694563 30.253158, -87.6945915 30.253221001, -87.694658 30.253257, -87.694734 30.25324, -87.69481 30.253174001, -87.695868001 30.252706, -87.696654 30.252387, -87.696945 30.252305, -87.697078 30.252277, -87.697351001 30.252195, -87.69756 30.252563, -87.696667 30.252981, -87.696115 30.253218, -87.695963 30.253268, -87.695856 30.253317001, -87.695818 30.25335, -87.695716 30.253515, -87.695678001 30.253598, -87.695627001 30.253647, -87.695551 30.253686, -87.69552 30.253724, -87.695412 30.253823, -87.695171 30.253933, -87.695057001 30.253972001, -87.694975001 30.25401, -87.694797 30.254076, -87.694721 30.25412, -87.694531 30.254252, -87.694474 30.254307, -87.694411001 30.254384, -87.694291 30.2545, -87.694208 30.254555, -87.694126 30.254599, -87.694031001 30.254637, -87.693942 30.254637, -87.693758 30.254571, -87.693714 30.254533, -87.693689 30.254489, -87.693581 30.254384, -87.693543 30.254329001, -87.69341 30.254208, -87.693258 30.254109, -87.693099 30.253955001, -87.693049 30.253895001, -87.693017 30.253829, -87.693004 30.253746, -87.692998 30.25357, -87.692972 30.253499, -87.69289 30.253389001, -87.692827 30.25335, -87.692713001 30.253339, -87.692643 30.253339, -87.692554001 30.25335, -87.692491 30.253372001, -87.692269 30.253471, -87.692206 30.253543, -87.692079 30.253636, -87.692003 30.253675, -87.691686 30.25379, -87.691502001 30.25384, -87.69135 30.253911, -87.691249 30.253928, -87.691040001 30.253933, -87.690824 30.25384, -87.690717001 30.253823, -87.690615 30.253823, -87.690495 30.253867, -87.690451 30.253906, -87.690419001 30.253955001, -87.690419001 30.253999, -87.690406 30.254049, -87.690362 30.254131, -87.690286001 30.254175001, -87.690216 30.2541725, -87.690051 30.254126, -87.689969 30.25412, -87.689912 30.254131, -87.689855001 30.254153, -87.689722001 30.25423, -87.689659 30.25428, -87.689614001 30.254406, -87.689633 30.2545, -87.689671 30.254604, -87.689697 30.25472, -87.689703 30.254825001, -87.689671 30.254863, -87.689608 30.254902001, -87.689449 30.254896, -87.68924 30.254836001, -87.689152001 30.254819, -87.689044001 30.254808, -87.688911001 30.254819, -87.68879 30.254839, -87.688708 30.254847001, -87.688594 30.254874, -87.688524 30.254869001, -87.688442 30.254874, -87.688309 30.254863, -87.688214 30.254863, -87.688151 30.254852, -87.688125 30.254797, -87.688112 30.254742, -87.688125 30.254538, -87.688163 30.254236001, -87.688157001 30.254016, -87.688138 30.253884001, -87.688093 30.253719001, -87.688049001 30.253603, -87.688017 30.253548001, -87.687916001 30.253565, -87.687941001 30.25368, -87.687948 30.253768001, -87.688011 30.253983001, -87.688024 30.254098, -87.688011 30.254406, -87.68796 30.254759, -87.687954 30.254880001, -87.68796 30.254929, -87.6879475 30.254998, -87.687865 30.255028001, -87.687777001 30.255028001, -87.687682 30.25505, -87.687593 30.255078, -87.687447 30.255149, -87.6873625 30.255213, -87.687301 30.255292, -87.68727 30.255347001, -87.687257 30.255419001, -87.687238001 30.255474, -87.687154407 30.255540544, -87.687212426 30.255594095, -87.687185024 30.255748536, -87.687257 30.255727, -87.687319 30.2556855, -87.68739 30.255622, -87.687453 30.25554, -87.687567001 30.255298001, -87.687643 30.25521, -87.68772 30.255182, -87.68778875 30.25517975, -87.687884 30.255221, -87.687897 30.25527, -87.687878 30.255342, -87.687872 30.255413, -87.687827 30.255683001, -87.687732 30.2562, -87.687713 30.256673001, -87.687726001 30.256942001, -87.687745 30.256992, -87.68781125 30.25701525, -87.687891 30.256953, -87.687872 30.256849, -87.687884 30.256755, -87.687884 30.256678, -87.687859001 30.256601, -87.687872 30.256453, -87.687872 30.256233, -87.687916001 30.255974, -87.687929 30.255787001, -87.68796 30.255617, -87.687967001 30.255523, -87.688001499 30.2554575, -87.688081 30.255397, -87.6881695 30.2553995, -87.688252 30.255364, -87.688271 30.25532, -87.688239001 30.255265, -87.688176 30.255215001, -87.688132 30.255166, -87.688106 30.255122001, -87.688100001 30.25505, -87.688151 30.255028001, -87.688233 30.255006001, -87.688442 30.255001, -87.688683 30.255023, -87.688762 30.255021, -87.688886 30.255017001, -87.689095 30.255023, -87.68919 30.255067, -87.689171 30.255138, -87.689088 30.255347001, -87.689006 30.255782, -87.688968 30.256134001, -87.688968 30.256469, -87.688993001 30.256865, -87.689082 30.256849, -87.689133 30.256354, -87.689133 30.256293, -87.689183001 30.256189001, -87.689228 30.256156, -87.690007 30.255853001, -87.690787 30.255512, -87.691363001 30.255242001, -87.691585 30.255121, -87.691743001 30.255017001, -87.691838 30.254945, -87.691927 30.254863, -87.692028 30.254753, -87.692079 30.254709, -87.692143001 30.254632, -87.692168 30.254571, -87.6922215 30.2544915, -87.692276 30.254428, -87.692421 30.254373, -87.69251 30.254329001, -87.692852 30.254109, -87.692973 30.254104001, -87.693061 30.2541395, -87.693175 30.254241, -87.693283 30.254302, -87.693359001 30.254362001, -87.693454 30.25445, -87.693517 30.254522, -87.693549001 30.254571, -87.693613 30.254637, -87.693676 30.254797, -87.693644 30.254874, -87.693606 30.254907, -87.693568 30.254967, -87.693384 30.255088001, -87.693296 30.255116, -87.693023 30.255166, -87.692947 30.255193001, -87.692706 30.255314, -87.692529 30.25543, -87.692453 30.255446001, -87.692295 30.255496, -87.692149 30.255567, -87.692104 30.255611, -87.692092001 30.255655, -87.692028 30.255782, -87.69199 30.255875, -87.691927 30.255958001, -87.691769001 30.256084, -87.69137 30.256365, -87.691306 30.256431001, -87.691255 30.256519001, -87.691236 30.256585, -87.691179001 30.256722, -87.691135 30.256777, -87.690901 30.256970001, -87.690869 30.257019, -87.690812 30.257162, -87.690799001 30.257223001, -87.690768001 30.257283, -87.690698 30.257371, -87.690615 30.257492001, -87.690552 30.257602001, -87.690508 30.257701, -87.690432 30.257943, -87.690457 30.258114, -87.690533 30.258312, -87.690565 30.258422, -87.690723 30.258681, -87.690844 30.258857, -87.691008 30.259033, -87.691141 30.25914, -87.691218 30.259181, -87.691332 30.25922, -87.691427 30.259264, -87.691636 30.259297, -87.691712001 30.259286001, -87.692067 30.259143, -87.69225 30.259099001, -87.692403 30.259088, -87.692561 30.259093, -87.692833 30.259088, -87.692941 30.259093, -87.693062001 30.259126, -87.693144001 30.259192, -87.693144001 30.259242, -87.693093 30.259390001, -87.693043 30.259583, -87.692998 30.259649, -87.692979 30.259737, -87.692948 30.259781, -87.692859 30.259825, -87.692631001 30.259896, -87.692333001 30.260023, -87.692206 30.260089, -87.692086 30.260133, -87.691820001 30.260265001, -87.691731 30.260331, -87.691591 30.260391001, -87.691458 30.260496, -87.691218 30.260645001, -87.691097001 30.260711, -87.690901 30.260854, -87.690818 30.260898001, -87.690717001 30.260931, -87.690628 30.260953, -87.690419001 30.260958, -87.689881001 30.260876, -87.689475001 30.260804, -87.68912 30.260749, -87.688892 30.260722001, -87.688854 30.260821001, -87.6904 30.261096, -87.690489 30.261107, -87.690584 30.261096, -87.690837 30.261030001, -87.69092 30.260986, -87.691230001 30.260777, -87.691509 30.260573001, -87.69168 30.260468, -87.692238 30.260193, -87.692358 30.260149, -87.692637 30.260012001, -87.692827 30.259973001, -87.69291 30.259946, -87.693068 30.259869, -87.693131 30.259786, -87.693176 30.259654, -87.693201 30.259533001, -87.69329 30.25933, -87.69334 30.259169001, -87.693359001 30.259082, -87.693562 30.259027, -87.693587 30.259132001, -87.693473 30.259632, -87.693467001 30.259693, -87.693499 30.259786, -87.693651 30.259962, -87.693727 30.2601, -87.693727 30.260166, -87.693702 30.260221, -87.693651 30.260303, -87.6934735 30.260468501, -87.693435 30.260556, -87.693505 30.260622, -87.693822 30.260339, -87.693898001 30.260325001, -87.694316 30.260985, -87.694411001 30.260941, -87.694119 30.260405, -87.693865 30.260065, -87.693613 30.259698, -87.693765 30.259033, -87.693768 30.258939501, -87.693847001 30.258824, -87.693923 30.258796001, -87.694126 30.258752, -87.694253 30.258741001, -87.694348 30.258741001, -87.69443 30.258758, -87.694525 30.258763, -87.694722 30.258746, -87.695032001 30.258746, -87.695222001 30.258691001, -87.695298 30.258642, -87.695393 30.258565001, -87.695507 30.258455, -87.69559 30.258416, -87.695685 30.258405, -87.696388 30.258367, -87.69649 30.258378, -87.696724 30.258339, -87.6968 30.258317, -87.696952 30.258235001, -87.697054 30.258152, -87.697142 30.25807, -87.697215 30.258053501, -87.69744 30.25813, -87.697510001 30.258125001, -87.697979 30.257998001, -87.698099 30.257976001, -87.698156001 30.257954, -87.698257 30.257888, -87.698327 30.257833001, -87.698378 30.257811, -87.698448 30.257795001, -87.698612 30.25785, -87.698695001 30.257861, -87.698847 30.257844, -87.698955 30.257806, -87.699145 30.257756001, -87.699284 30.257712, -87.699385 30.257668, -87.699569 30.257558, -87.69962 30.257514, -87.699721001 30.257453, -87.699975 30.257431, -87.700127 30.257409, -87.700266 30.257404, -87.700412 30.257415, -87.700475001 30.257398, -87.700589 30.257393, -87.700989 30.257305, -87.701635001 30.256942001, -87.702034 30.256788, -87.702243 30.256683, -87.702307001 30.256644001, -87.70237 30.25659, -87.702547 30.256529, -87.702623 30.256523001, -87.702921 30.256534, -87.70332 30.256534, -87.703548 30.256523001, -87.70358 30.257211, -87.703707 30.257222, -87.70372 30.256534, -87.70396 30.256534, -87.703992 30.256925001, -87.704093 30.256925001, -87.704112 30.256512, -87.704201 30.256496, -87.704429 30.25643, -87.704588 30.256435001, -87.704708001 30.256452, -87.704835 30.256452, -87.705114 30.256435001, -87.705367 30.256435001, -87.70543 30.256463001, -87.705424 30.256941, -87.705557 30.256936, -87.705592 30.2564685, -87.705792 30.256452, -87.705792 30.256908, -87.705931 30.256908, -87.705950001 30.256534, -87.706058 30.25665, -87.706051 30.256996, -87.706115 30.256991001, -87.706159 30.256639, -87.706222001 30.256622, -87.706406001 30.256622, -87.706514001 30.256633, -87.706653001 30.256677001, -87.706939 30.256688, -87.707084001 30.256677001, -87.707369 30.256638, -87.70761 30.256616001, -87.707686 30.256600001, -87.707756001 30.256567, -87.707807001 30.256512, -87.708022 30.256363001, -87.708142 30.256292001, -87.708225 30.256264001, -87.708465 30.256149, -87.708592001 30.256121, -87.708744 30.256066, -87.708827 30.256055001, -87.708922 30.256016001, -87.708991 30.255972, -87.709067 30.255961, -87.709248 30.255812501, -87.709315001 30.255769, -87.709391 30.255747, -87.709593 30.255708, -87.709739 30.25573, -87.709834001 30.255736, -87.709929 30.255758, -87.709999 30.255785, -87.710138 30.255818001, -87.710271 30.255824, -87.710525 30.25578, -87.710645 30.25573, -87.710696001 30.255686, -87.710816 30.255626, -87.71093 30.255527, -87.711006 30.255471, -87.711032 30.255433, -87.711139 30.255312, -87.711209001 30.25529, -87.711253 30.255262, -87.711298 30.25518, -87.71131 30.254993, -87.711336 30.254905, -87.711361 30.254861, -87.711418 30.254833, -87.711516 30.254844, -87.711633 30.254976001, -87.711659 30.255015, -87.71183 30.255141, -87.711938 30.255185001, -87.71202 30.255202, -87.712261 30.255213, -87.712704 30.255262, -87.712838 30.25529, -87.712977 30.255328001, -87.713142 30.255356, -87.713243 30.255345, -87.713306 30.255328001, -87.713376 30.255295, -87.713528001 30.255168, -87.713668 30.255086, -87.713712001 30.255053, -87.713801 30.25502, -87.713972 30.254932001, -87.714067 30.254932001, -87.714187 30.254943001, -87.714377 30.255047001, -87.714618 30.255135, -87.715103001 30.255212001, -87.7151375 30.255338501, -87.715182 30.255402, -87.715207 30.25535, -87.715201 30.255273, -87.715207 30.255223001, -87.715239 30.255157501, -87.715302 30.255113, -87.715518001 30.255064, -87.715702 30.255041, -87.715968 30.255036001, -87.716171 30.255008, -87.716563 30.254975, -87.716931 30.254931, -87.71702 30.254915, -87.717178 30.254904, -87.717305 30.254887001, -87.7174 30.254865001, -87.717514001 30.254854001, -87.717679 30.254849, -87.717881 30.25486, -87.718033 30.254854001, -87.718179 30.254865001, -87.718597001 30.254914, -87.718762 30.254953, -87.718895 30.254964, -87.71899 30.254964, -87.719085 30.254953, -87.719725 30.254848, -87.719846 30.254815, -87.72001 30.25476, -87.720156001 30.254688, -87.720504 30.254595, -87.720777001 30.25454, -87.720847 30.254512, -87.720986 30.254430001, -87.7211 30.254386, -87.721309 30.254342, -87.721385 30.254303, -87.721531001 30.254199, -87.721583001 30.254173501, -87.721683 30.254105, -87.721759 30.254022001, -87.721841 30.253956, -87.721968001 30.253868, -87.722215 30.253791, -87.722418 30.253742, -87.7225865 30.2537165, -87.722665001 30.253714, -87.722754 30.253731, -87.722861 30.253775001, -87.723083 30.253791, -87.723241 30.25378, -87.723368001 30.25378, -87.723596 30.253736, -87.723736 30.253692, -87.723875 30.253664, -87.723989001 30.253648, -87.724192 30.253653001, -87.724414 30.253598, -87.72449 30.253587, -87.724566 30.253549, -87.72473 30.253488, -87.724889 30.253449, -87.725054 30.253422, -87.725168 30.253422, -87.725256001 30.253411, -87.725503001 30.253356, -87.72577 30.253262001, -87.725871 30.253207001, -87.726105 30.253108001, -87.72615 30.25307, -87.726264 30.252932001, -87.726504 30.252673, -87.726561 30.252618, -87.726631001 30.252563, -87.726777 30.25247, -87.726897 30.252431001, -87.726992 30.252426, -87.727101 30.2523785, -87.727157 30.252343, -87.727188 30.252305, -87.727283001 30.252266, -87.727366 30.252255, -87.727588 30.252271, -87.727778 30.252266, -87.728012 30.252282, -87.728123 30.252318, -87.728164 30.252387, -87.728221 30.252428001, -87.728253001 30.252315, -87.728278001 30.252271, -87.728462 30.252238, -87.728627001 30.252216, -87.728754 30.252183, -87.728931 30.252128, -87.729083 30.252067001, -87.729407879 30.251963837, -87.729445574 30.251844445, -87.728728 30.252073, -87.728608 30.252101, -87.728513 30.252106, -87.728475 30.252062, -87.7285 30.251963, -87.728722 30.251628, -87.72876 30.251584, -87.728836 30.251468, -87.728855 30.251424, -87.728899001 30.25127, -87.728924 30.25116, -87.728981001 30.251116, -87.729032001 30.251094, -87.729140001 30.251066, -87.729254 30.25105, -87.729349 30.251022, -87.729893 30.250945, -87.730046 30.250906001, -87.730185 30.250884001, -87.730413001 30.250796, -87.730584 30.250714, -87.730704 30.250609, -87.730812 30.250527, -87.730869001 30.250466, -87.730958 30.250312001, -87.730983 30.250252, -87.731042 30.250170001, -87.731073 30.250054, -87.731118 30.249928, -87.73113 30.249834, -87.731118 30.249746, -87.731073 30.249576, -87.731149 30.2495645, -87.7312 30.249592, -87.731238 30.249636, -87.731282 30.249708001, -87.731333 30.249774, -87.731377001 30.249856001, -87.731555 30.250082, -87.731617 30.250202, -87.731642 30.250268, -87.731819 30.250444, -87.732054001 30.250609, -87.732263 30.250664, -87.732415 30.250713, -87.732662 30.250719, -87.732947001 30.250707, -87.733283 30.250669, -87.733397 30.250641001, -87.733518 30.250625, -87.733638 30.250630501, -87.733746 30.250625, -87.73379 30.250647001, -87.733799001 30.250717, -87.733651 30.250806, -87.7336 30.250845, -87.733549 30.250900001, -87.733531 30.250982, -87.73355 30.251136001, -87.733524501 30.251216, -87.733436 30.251252001, -87.733338468 30.251250476, -87.733512555 30.251367, -87.733632 30.251334001, -87.73367 30.251224001, -87.73367 30.25101, -87.733695 30.250949001, -87.73374 30.250911, -87.7338125 30.2508915, -87.733892 30.250878001, -87.733961 30.250894, -87.734012 30.250944, -87.734044 30.25101, -87.734066001 30.2512245, -87.734171 30.251257, -87.734266001 30.251224001, -87.7345 30.251114, -87.734956 30.250729, -87.735076001 30.250652, -87.735121 30.250608, -87.735273 30.250509, -87.735361 30.250476001, -87.735437808 30.250458213, -87.735390603 30.250245648, -87.735341934 30.250136814, -87.735621984 30.250069953, -87.735919464 30.250059877, -87.736459014 30.250071244, -87.736643446 30.250109177, -87.736965816 30.250251146, -87.737087397 30.250291654, -87.737216107 30.250309242, -87.737346227 30.250303127, -87.737491 30.2501945, -87.737568 30.2500985, -87.737549001 30.250013, -87.737479 30.249887, -87.737371 30.249738, -87.737333 30.249672, -87.737346 30.249623, -87.737390001 30.249595, -87.737485 30.249612, -87.737644 30.249617, -87.737815 30.24965, -87.737948 30.249666, -87.738068 30.249694, -87.738239 30.24971, -87.738575001 30.249765, -87.738714001 30.249771, -87.739 30.24976, -87.739367 30.249781, -87.739538 30.249776001, -87.73969 30.249759, -87.739766001 30.249732001, -87.739804 30.249688, -87.739836 30.249572, -87.739861 30.249523, -87.739918 30.249503501, -87.739975 30.249528, -87.740077 30.249627, -87.740146 30.249671, -87.740222001 30.24971, -87.740305 30.249709, -87.740539 30.249676, -87.740666 30.249665, -87.74104 30.249588, -87.741147 30.249544, -87.74147 30.249467001, -87.741623001 30.249412, -87.741718 30.24939, -87.742155 30.249208, -87.742319 30.249175, -87.742712 30.24907, -87.742902 30.249032, -87.743080001 30.248982, -87.743352001 30.248861, -87.743574 30.248723, -87.743675001 30.248646, -87.74389 30.248465, -87.744011 30.248338001, -87.744169 30.248135, -87.744257 30.248058, -87.744365 30.247942, -87.744441 30.247826, -87.74453 30.247727, -87.744631 30.247595, -87.744726 30.247337, -87.744795 30.247084, -87.744789001 30.246963, -87.744839 30.246490001, -87.744858 30.246374, -87.74489 30.246316, -87.744953001 30.246324, -87.7450105 30.246365501, -87.745055001 30.246423, -87.74508 30.246506001, -87.745163001 30.24672, -87.745296 30.246940001, -87.745537 30.247292001, -87.745695 30.247496, -87.745886 30.247655, -87.746032 30.247798, -87.746279 30.248018, -87.746393 30.248101, -87.746532 30.248244, -87.746653 30.248348, -87.74709 30.248678, -87.747394 30.248887, -87.74754 30.248969, -87.747838 30.249101, -87.748009 30.249156, -87.748681 30.249282, -87.749055 30.249299, -87.74927 30.249326, -87.749517 30.249315001, -87.749986001 30.249265, -87.750119001 30.249184, -87.750708 30.248986, -87.750879001 30.248898, -87.751209 30.248601, -87.751348 30.248453001, -87.75138 30.248409, -87.751431 30.248365, -87.751513 30.248183, -87.751545 30.248068, -87.751586 30.2480015, -87.751672 30.247985, -87.751735001 30.24804, -87.751754 30.24809, -87.751900001 30.248228, -87.752102 30.248316, -87.752546001 30.248492, -87.752666 30.248574, -87.752711 30.248624, -87.752749 30.248701, -87.752856 30.248784, -87.753186 30.248943, -87.753407 30.249059, -87.754072 30.249323, -87.754313 30.2494, -87.754579 30.249367, -87.7547 30.24934, -87.754776 30.249345, -87.755042 30.24945, -87.755422 30.249555001, -87.755707001 30.24961, -87.755929 30.249577, -87.756163001 30.2495, -87.756315 30.249473001, -87.757297001 30.249627, -87.757703 30.249682, -87.758381 30.249666, -87.759014 30.249694, -87.759287 30.24965, -87.76025 30.249590001, -87.76044 30.249551, -87.760839 30.249419, -87.761524 30.249079, -87.762221 30.248897, -87.762576 30.248771001, -87.763 30.248557, -87.763197001 30.248441, -87.763292 30.248359, -87.76333 30.248254001, -87.763343 30.248194, -87.763374 30.248117001, -87.763539 30.248073001, -87.763672 30.248001, -87.763805 30.247941, -87.764027 30.247924, -87.764534 30.248007, -87.764794 30.248018, -87.764984 30.248057, -87.765237 30.248068, -87.765535 30.248029, -87.765807 30.247947, -87.766156 30.247798, -87.766289 30.247771, -87.766454 30.247821001, -87.766587 30.247777001, -87.766961 30.247722001, -87.767379001 30.247617, -87.767709 30.247458, -87.767873 30.247425001, -87.768076 30.247354001, -87.768526 30.247282, -87.768957 30.247200001, -87.769394 30.247139, -87.769673 30.247084, -87.769838 30.247008, -87.770243 30.246892001, -87.770788 30.246689, -87.771067 30.246656001, -87.77113 30.246612, -87.771960001 30.246376, -87.772334 30.246244001, -87.772569 30.246128, -87.772816 30.245892001, -87.772898 30.245826, -87.773095 30.245787001, -87.773234 30.245738001, -87.773316 30.245683, -87.773399 30.245595001, -87.773526 30.245342, -87.773583 30.245281, -87.773697 30.245265, -87.773906 30.245457, -87.774102 30.245568, -87.774362 30.245628001, -87.774647 30.245645, -87.77497 30.245617, -87.775458 30.245529001, -87.776846 30.245326001, -87.777175 30.245255, -87.777543 30.245255, -87.777916 30.245272, -87.778183 30.245266, -87.778404001 30.245321001, -87.778829 30.245299, -87.779082001 30.245349001, -87.779481 30.245393, -87.780096 30.245399, -87.780577 30.245459, -87.781072001 30.245509, -87.781262001 30.245514, -87.781522 30.245487, -87.781788 30.245426, -87.781997 30.245333, -87.782212 30.245207, -87.782377 30.245031, -87.782662 30.244789, -87.782859 30.244646, -87.783023 30.244563001, -87.783334 30.244497, -87.783777 30.244486, -87.784164 30.244459, -87.784652 30.244371, -87.784867 30.244288001, -87.785336001 30.24414, -87.785672 30.244113001, -87.785786 30.244069001, -87.785989 30.243931001, -87.78611621 30.243895398, -87.786233997 30.243865551, -87.786734997 30.243848551, -87.786956997 30.243804552, -87.787082997 30.243744552, -87.787317998 30.243496551, -87.787456998 30.243265552, -87.787640998 30.242875551, -87.787704997 30.242633551, -87.787723997 30.242501551, -87.787748998 30.242407551, -87.787824998 30.241983551, -87.787868997 30.241835551, -87.787919997 30.241604551, -87.787945997 30.241549551, -87.788173998 30.241202551, -87.788306998 30.241087551, -87.788401997 30.241043551, -87.788578998 30.241037551, -87.789003998 30.241197551, -87.789158962 30.241311322, -87.789267512 30.241431766, -87.789533176 30.241668047, -87.789712998 30.241753551, -87.790004998 30.241907551, -87.790257998 30.242023551, -87.790580999 30.242083551, -87.791087999 30.242067551, -87.791448998 30.242034551, -87.792031999 30.241918551, -87.792684998 30.241808551, -87.792931999 30.241803551, -87.793526999 30.241979551, -87.793691999 30.242056551, -87.793944999 30.242149551, -87.794172999 30.242177551, -87.794400999 30.242188551, -87.794831999 30.242133551, -87.795054 30.242073551, -87.795479 30.241930551, -87.795737999 30.241814551, -87.795921999 30.241644551, -87.796054999 30.241556551, -87.796505 30.241457551, -87.796771 30.241435551, -87.797227 30.24155055, -87.797443 30.241594551, -87.797664 30.241600551, -87.798152001 30.241528551, -87.798298 30.241479551, -87.798513 30.241347551, -87.798856 30.241182551, -87.79916 30.24098455, -87.799286001 30.240879551, -87.799609001 30.24044555, -87.799749 30.240307551, -87.799825001 30.24024155, -87.799914 30.24012655, -87.800009001 30.23998355, -87.800066001 30.23985655, -87.800104001 30.23965855, -87.800154 30.23948855, -87.800250001 30.23930655, -87.800344 30.23927955, -87.800418229 30.239347995, -87.800450528 30.239413416, -87.80057701 30.239606525, -87.800703205 30.239722019, -87.800788001 30.23976855, -87.801054001 30.23986255, -87.801485001 30.23995555, -87.801998001 30.24014255, -87.802321001 30.240186551, -87.802505001 30.24019255, -87.802822001 30.24012055, -87.803031002 30.24002755, -87.803107002 30.23997255, -87.803734002 30.23933455, -87.803829002 30.23921855, -87.803880002 30.23912555, -87.803975002 30.23900455, -87.804095002 30.23888355, -87.804228002 30.23882855, -87.804294357 30.238864572, -87.804312 30.238911, -87.804318 30.238971001, -87.804358431 30.239111523, -87.804393687 30.239147234, -87.804403501 30.239204775, -87.804492185 30.239353473, -87.804529501 30.239452775, -87.804579428 30.239537383, -87.804595772 30.239592695, -87.804714536 30.239831414, -87.804821852 30.239980586, -87.804916237 30.240068988, -87.80503064 30.240206691, -87.80570815 30.240795078, -87.805985867 30.240977498, -87.806173002 30.241067551, -87.806458003 30.241160551, -87.806762002 30.24120455, -87.807142003 30.24123755, -87.808150003 30.24123755, -87.808543003 30.24124355, -87.809341003 30.24116655, -87.809917003 30.24116055, -87.810184003 30.24121055, -87.810836004 30.24128155, -87.811070003 30.24128755, -87.811286004 30.24125455, -87.811767004 30.24123255, -87.811926004 30.24125455, -87.812433004 30.24138055, -87.812844005 30.24141955, -87.813180004 30.24139755, -87.813465005 30.24133155, -87.814118004 30.24127655, -87.814295005 30.24123755, -87.814435005 30.24118255, -87.814631005 30.24101755, -87.815157005 30.24077055, -87.815233005 30.24070955, -87.815265005 30.24059455, -87.815309005 30.24051155, -87.815353005 30.24045155, -87.815531005 30.24037955, -87.816361005 30.24014255, -87.816810005 30.24012655, -87.817222005 30.24018655, -87.817463005 30.24023655, -87.817830006 30.24030255, -87.818033006 30.24030755, -87.818356006 30.24026355, -87.818622006 30.24020855, -87.818876006 30.24009355, -87.818983006 30.24000555, -87.819047006 30.23991755, -87.819161006 30.23969755, -87.819192006 30.239581549, -87.819218006 30.239526549, -87.819218006 30.239361549, -87.819165212 30.239160467, -87.819135006 30.23910855, -87.8191212 30.23904547, -87.818923332 30.238709905, -87.818741474 30.23852842, -87.818655647 30.23837052, -87.818613827 30.238264597, -87.818571006 30.238206549, -87.818556851 30.238154586, -87.818527006 30.238113549, -87.818473904 30.237961564, -87.818426006 30.237893549, -87.818236006 30.237287549, -87.818185005 30.236974549, -87.818172006 30.236853549, -87.818092585 30.236540152, -87.818052005 30.236440549, -87.817988006 30.236204549, -87.817763331 30.235555397, -87.817719762 30.235458626, -87.817643391 30.235359856, -87.817510993 30.23522253, -87.817443005 30.235120549, -87.81739724 30.23495246, -87.817352644 30.234875688, -87.817131043 30.234606514, -87.816915375 30.234259868, -87.816813164 30.234156064, -87.816598503 30.233967774, -87.816475 30.233916001, -87.81626 30.233861001, -87.815132 30.233856, -87.813289 30.233949001, -87.812852 30.233933, -87.812624 30.233955, -87.812351 30.234021, -87.811629 30.234252, -87.810527001 30.234428, -87.810394001 30.234395, -87.810267 30.23434, -87.810185 30.234312001, -87.809995 30.234312001, -87.809907946 30.23428235, -87.809794502 30.234199775, -87.809703 30.234158, -87.809475 30.234158, -87.809395082 30.234117157, -87.809268501 30.234012775, -87.809177 30.233971001, -87.808981 30.233938001, -87.808715 30.233938001, -87.808512 30.233977, -87.808265001 30.234087, -87.808037 30.234279, -87.807967001 30.234406, -87.807923 30.234626001, -87.807923 30.234857, -87.807942 30.235203, -87.80798 30.235379001, -87.80798 30.235506, -87.807955 30.235550001, -87.807898 30.235594001, -87.807840396 30.235594502, -87.807654298 30.235425448, -87.807520786 30.235183614, -87.807413238 30.235040461, -87.807368715 30.234963649, -87.807261335 30.234826441, -87.807127458 30.234578804, -87.807077038 30.234523516, -87.806962488 30.234347784, -87.806582229 30.233929995, -87.806367125 30.233732106, -87.806075501 30.233483775, -87.805902 30.233388, -87.805725001 30.233317001, -87.805167 30.233217, -87.804851 30.233212, -87.804629 30.233228, -87.804059 30.23325, -87.80371 30.233245001, -87.803546 30.233267, -87.803381 30.233322, -87.802702001 30.233316549, -87.802588001 30.233343549, -87.802106001 30.233354549, -87.801954001 30.233349549, -87.801612001 30.233431548, -87.801379001 30.233514, -87.801284 30.233575, -87.801221 30.233635, -87.801195001 30.233795001, -87.801164001 30.233833, -87.801078 30.233849501, -87.80105 30.233663, -87.80098 30.233619, -87.800859 30.233635, -87.800612 30.233729, -87.80034 30.233756, -87.800201 30.233734, -87.800049 30.233663, -87.799941 30.233569001, -87.799827 30.233503, -87.799466001 30.233261001, -87.799149 30.233085, -87.798909 30.232933, -87.79875 30.232953, -87.798579 30.232936, -87.798528 30.232969, -87.798528 30.233057, -87.798579 30.233101001, -87.798851 30.233217, -87.799149 30.233321, -87.799219001 30.233377001, -87.799282 30.233514, -87.79932 30.233547, -87.799662 30.233668, -87.7997225 30.233726001, -87.799719 30.233883001, -87.799624 30.234031, -87.799428 30.234284001, -87.799244 30.234438001, -87.799086001 30.234543, -87.798598 30.234763, -87.798395 30.234895, -87.798218 30.235054, -87.798173001 30.235142001, -87.798129 30.235291, -87.798047 30.235511, -87.797932001 30.235868001, -87.797907 30.236099, -87.797901001 30.236385001, -87.797850001 30.236484, -87.797799 30.236523, -87.797736 30.236512001, -87.797673 30.236446, -87.797647 30.236374, -87.797641 30.236308, -87.797609 30.236231, -87.797578001 30.236187001, -87.797502 30.236209, -87.797451 30.236264, -87.79735 30.236429, -87.797223 30.236721, -87.79702 30.237122, -87.796969 30.237095001, -87.796976 30.237018, -87.797034249 30.2369145, -87.797071 30.236732, -87.7970935 30.236344001, -87.797109 30.236292, -87.79721 30.236072, -87.797337 30.235846, -87.797407 30.235659001, -87.797445 30.235615001, -87.797514 30.235412, -87.797660001 30.235109, -87.797774 30.234917, -87.797888 30.234691, -87.797952001 30.234587001, -87.797986915 30.234515358, -87.797893618 30.234586804, -87.797822069 30.234566157, -87.797369 30.235131, -87.797280001 30.235214001, -87.797185 30.235280001, -87.797052 30.235280001, -87.796938 30.235192, -87.796856 30.235049, -87.7968305 30.234955, -87.796596 30.234922, -87.796506999 30.234859, -87.796495001 30.234642, -87.796596 30.234477001, -87.796615 30.234433, -87.7966055 30.234353001, -87.796482 30.234356, -87.796399 30.234411, -87.79633 30.234433, -87.796254001 30.234427001, -87.796209 30.2344, -87.796222 30.234306, -87.796463 30.234031, -87.796444 30.2339565, -87.796349 30.233965, -87.796235 30.23408, -87.79614 30.23413, -87.796083 30.234124, -87.796032 30.234097, -87.795988 30.233992, -87.795981 30.233921, -87.795899 30.233712, -87.7959215 30.2334535, -87.795994 30.233261001, -87.796032 30.233206, -87.79602 30.233134, -87.795912 30.233145, -87.795823001 30.233200001, -87.795791 30.233244, -87.79562 30.233437, -87.795538 30.233481, -87.795354 30.233503, -87.795291 30.2335715, -87.795285 30.233756, -87.7953225 30.233893501, -87.795373 30.234014, -87.795481 30.234146, -87.795842 30.234476, -87.795975 30.234636, -87.79609975 30.234856251, -87.79614 30.234977, -87.796241 30.235076001, -87.796589 30.235186, -87.796678 30.235236, -87.796684 30.235318001, -87.796589 30.235549, -87.79652 30.235654, -87.79638 30.235797001, -87.796279 30.235868001, -87.796133 30.235918, -87.796032 30.235912, -87.79593 30.235846, -87.795842 30.235725, -87.795531 30.235456, -87.795265 30.235329, -87.794486 30.235054, -87.794043001 30.234872, -87.793815 30.234828001, -87.793492 30.234839001, -87.793175 30.2349, -87.793067 30.2349, -87.792833 30.234845, -87.792370001 30.234801, -87.792237001 30.234773, -87.792136 30.234729, -87.791959 30.234591, -87.7918445 30.234608, -87.791819 30.234729, -87.791838 30.234806, -87.791809499 30.234877001, -87.791743 30.23491, -87.791661 30.234899001, -87.791604 30.234877, -87.791521 30.234806, -87.791445 30.234756, -87.791274 30.234773, -87.790837 30.235119, -87.790571 30.23535, -87.790318001 30.235515, -87.790273 30.235565, -87.790235 30.235658, -87.790134 30.235724001, -87.790083 30.235741, -87.789969001 30.235730001, -87.789785 30.235686001, -87.789627 30.23557, -87.789513 30.235521, -87.789418 30.235499, -87.789285 30.235521, -87.788879 30.235510001, -87.788772 30.235466, -87.788607 30.235306, -87.788341 30.234976001, -87.788138 30.234789, -87.78798 30.234668, -87.787898 30.23458, -87.787771 30.234426, -87.787619001 30.234288001, -87.787467 30.234211, -87.787271 30.234189, -87.787049 30.234189, -87.786498 30.234310001, -87.786384 30.234371001, -87.786187 30.234535, -87.785978 30.234612, -87.785763 30.23464, -87.785509 30.234662, -87.785414 30.2347, -87.785174 30.234821, -87.784825 30.234865, -87.784768 30.234904, -87.784521 30.235399, -87.784464001 30.235487, -87.784388 30.235575001, -87.784204 30.235674, -87.784077 30.235701001, -87.783856 30.235701001, -87.783254 30.23563, -87.782741 30.235519, -87.782158 30.235552001, -87.781594 30.235635, -87.781182 30.235772001, -87.780764 30.235844, -87.780422 30.235937, -87.780156 30.235959, -87.779826001 30.235926001, -87.779668 30.235838, -87.779484 30.235772001, -87.779339 30.235761, -87.779028 30.235772001, -87.77887 30.235794, -87.778496 30.235728001, -87.777749 30.235771, -87.777235001 30.235898, -87.776728 30.235958, -87.776424001 30.236057001, -87.776348 30.236063001, -87.775981 30.236013, -87.775626 30.236051, -87.774505001 30.236304, -87.774162 30.236453, -87.774023001 30.236535, -87.773833001 30.236607, -87.773662 30.236711, -87.773275 30.236837, -87.772794 30.236953, -87.772686 30.236969, -87.772312 30.236969, -87.771996001 30.237057, -87.771723 30.237085001, -87.771495 30.237172, -87.771273001 30.237271, -87.771178 30.237337, -87.771032001 30.237409, -87.770564 30.237612, -87.770234 30.237937, -87.770095 30.238058001, -87.769911 30.238107, -87.769575001 30.238156, -87.769404 30.238195, -87.769189 30.238112, -87.768961 30.238123001, -87.768207 30.23825, -87.768029 30.23831, -87.767826 30.238404, -87.767603 30.238413, -87.767034 30.238342001, -87.766746 30.238342001, -87.766495 30.238354001, -87.766219001 30.238354001, -87.766075 30.238402, -87.765931 30.238402, -87.765739 30.238534, -87.765451 30.238678, -87.765188001 30.238882, -87.764996 30.238942, -87.764696 30.238978, -87.764432 30.23887, -87.764253 30.238822, -87.763929 30.238846001, -87.763821 30.238762, -87.763533 30.23881, -87.763341001 30.238786, -87.763090001 30.238786, -87.762730001 30.23893, -87.762274001 30.239014, -87.762095 30.239121, -87.761723 30.239205001, -87.761567 30.239217, -87.761351 30.239193, -87.761195 30.239241001, -87.761063001 30.239241001, -87.76086 30.239385, -87.760608 30.239445, -87.760428 30.239409, -87.760344 30.239505, -87.760224 30.239457, -87.76002 30.239457, -87.759577 30.239505, -87.759109 30.239517, -87.758390001 30.239457, -87.75765 30.239439001, -87.757493 30.239483, -87.756878 30.239786, -87.756764 30.239824, -87.756365 30.239901, -87.756175 30.239978001, -87.756023 30.240082, -87.755725 30.240368, -87.755623 30.240489, -87.755566 30.240577, -87.755357 30.241127001, -87.755186 30.241358, -87.75511 30.241342, -87.754958 30.241171, -87.754787 30.241017, -87.754388001 30.240813, -87.754141 30.240725, -87.754046 30.240709, -87.753608001 30.24072, -87.753209 30.240785001, -87.752924 30.240923, -87.752816 30.240923, -87.75274 30.240906001, -87.75262 30.240829001, -87.752487 30.24078, -87.752379 30.240757, -87.751885 30.240779, -87.750884001 30.240905, -87.750738 30.240894, -87.750466 30.240916, -87.750013 30.240976, -87.749765001 30.24108, -87.749423 30.24114, -87.749202 30.241157, -87.748904 30.241223, -87.748783 30.241262, -87.748606001 30.241273, -87.748188 30.241229, -87.748023 30.241224, -87.747782 30.241235, -87.747656 30.241262, -87.747212 30.241389, -87.74713 30.241406, -87.747009 30.24145, -87.74694 30.241488, -87.74687 30.241549001, -87.746807 30.241631, -87.746344 30.241681, -87.746281 30.241516, -87.745926 30.241533001, -87.745945 30.241769, -87.745394001 30.241819, -87.74535 30.241841, -87.745204001 30.241962001, -87.745141 30.241995, -87.744907001 30.242056, -87.744634 30.242171, -87.744564 30.242188001, -87.744450001 30.242199, -87.744324 30.242199, -87.744222 30.242188001, -87.743981 30.242089, -87.743918 30.242078, -87.74381 30.242073, -87.743709 30.242084, -87.743557001 30.242117001, -87.743475001 30.242128, -87.743367001 30.242128, -87.743253 30.242117001, -87.743196 30.242123, -87.743101001 30.242090001, -87.742784 30.242024, -87.742531001 30.241996, -87.742322 30.241991, -87.742226 30.241991, -87.742132 30.242013, -87.742024 30.242019001, -87.741903 30.242046, -87.741726001 30.242096, -87.74153 30.242134, -87.741359 30.242189, -87.741219 30.242217, -87.740991 30.242289001, -87.740827 30.242349, -87.740643001 30.242399001, -87.740548 30.242432, -87.740434 30.242503001, -87.740339 30.242575, -87.740067 30.242806, -87.739953 30.242911, -87.739782 30.243026, -87.739677 30.243089501, -87.739585 30.243092, -87.739433 30.243109001, -87.739351 30.243136, -87.739275 30.243175001, -87.739167 30.243257, -87.739078001 30.243356, -87.73899 30.243422, -87.73885 30.243549, -87.738774 30.243632, -87.738642001 30.243725, -87.738572 30.243764, -87.738483001 30.243802, -87.738375001 30.243841, -87.738293001 30.243857, -87.738154 30.243852, -87.737907 30.243814, -87.737805 30.243770001, -87.737716 30.24372, -87.737558 30.243561, -87.737507 30.243429, -87.737488001 30.243308, -87.737501 30.243242, -87.737583 30.243137, -87.73764 30.242988, -87.737703001 30.24279, -87.737798 30.242598001, -87.737849 30.242466001, -87.73788 30.242317, -87.737918 30.242196, -87.737994 30.241767, -87.738026001 30.241674, -87.738013 30.241503, -87.737976983 30.241409553, -87.737973984 30.241327552, -87.737992983 30.241261553, -87.738074983 30.241145552, -87.738213984 30.241007552, -87.738276984 30.240930552, -87.738378984 30.240793553, -87.738416983 30.240721552, -87.738549983 30.240556553, -87.738631983 30.240529552, -87.738720984 30.240490552, -87.738922984 30.240435552, -87.739043984 30.240408553, -87.739233984 30.240380553, -87.739771984 30.240336552, -87.740177984 30.240358553, -87.740494984 30.240330553, -87.740728985 30.240280553, -87.740988984 30.240203552, -87.741241985 30.240104552, -87.741545984 30.240038552, -87.741729985 30.239983552, -87.741906985 30.239939552, -87.742039984 30.239917552, -87.742394985 30.239911552, -87.743154985 30.239801552, -87.743395985 30.239773552, -87.743674985 30.239718552, -87.743769985 30.239712552, -87.743883985 30.239718552, -87.744092985 30.239696552, -87.744415985 30.239652552, -87.744561985 30.239646552, -87.744801986 30.239618552, -87.745036986 30.239574552, -87.745105985 30.239552552, -87.745200986 30.239536552, -87.745308986 30.239503552, -87.745726985 30.239425552, -87.745916985 30.239381552, -87.746189986 30.239337552, -87.746417986 30.239288552, -87.746607986 30.239233552, -87.746841986 30.239183552, -87.747003985 30.239157552, -87.747582987 30.239006552, -87.748000986 30.238946552, -87.748222986 30.238935551, -87.748532986 30.238907552, -87.748646986 30.238879552, -87.748843987 30.238797552, -87.749071986 30.238747552, -87.749641986 30.238653552, -87.749989986 30.238582551, -87.750307986 30.238561551, -87.751130987 30.238484552, -87.751618987 30.238402552, -87.752049988 30.238287552, -87.752695988 30.238150551, -87.753703987 30.237952552, -87.754159988 30.237842551, -87.754336988 30.237826551, -87.754767988 30.237749551, -87.755223988 30.237700551, -87.755553989 30.237639551, -87.755768989 30.237634551, -87.756281989 30.237568551, -87.757042988 30.237563551, -87.757213989 30.237569551, -87.758385989 30.237415551, -87.758987989 30.237228551, -87.759234989 30.237173551, -87.759766989 30.237113551, -87.760146989 30.237053551, -87.761008989 30.236811551, -87.76150899 30.236718551, -87.76284599 30.236570551, -87.763510991 30.236531551, -87.76408199 30.236438551, -87.764607991 30.236317551, -87.765088991 30.23617455, -87.765437991 30.236086551, -87.766507991 30.235889551, -87.767287991 30.23572455, -87.768535992 30.23553255, -87.771228992 30.23488955, -87.771525992 30.23484555, -87.771709992 30.23480155, -87.772121993 30.23463655, -87.772666993 30.23447755, -87.773128993 30.23438355, -87.773635993 30.23432355, -87.774661994 30.23430155, -87.776156993 30.23412655, -87.776663994 30.23402755, -87.777588994 30.23393455, -87.778159994 30.23380255, -87.779299995 30.233571549, -87.780072995 30.23342855, -87.780769995 30.23331855, -87.781339995 30.233285549, -87.781896995 30.23317055, -87.782283995 30.233137549, -87.782479996 30.233104549, -87.782726996 30.232989549, -87.783011996 30.232901549, -87.784234996 30.232758549, -87.784665996 30.232730549, -87.785248996 30.232659549, -87.786198997 30.232527549, -87.786642996 30.232428549, -87.786990996 30.232335549, -87.788358997 30.232027549, -87.788682998 30.231944549, -87.789271998 30.231736549, -87.790170998 30.231472548, -87.790810998 30.231422548, -87.792324999 30.231378549, -87.792628998 30.231423549, -87.792945999 30.231456549, -87.793167998 30.231456549, -87.793401999 30.231401548, -87.793585999 30.231368548, -87.794206999 30.231368548, -87.794649998 30.231296548, -87.795270999 30.231274549, -87.795359999 30.231285548, -87.795721 30.231285548, -87.796347999 30.231192548, -87.797937999 30.230890548, -87.799693 30.230582548, -87.800244 30.230455548, -87.800554 30.230400548, -87.800821 30.230334548, -87.801182001 30.230197548, -87.801492001 30.230114548, -87.801986 30.230026548, -87.802962001 30.229977548, -87.803614001 30.229889548, -87.803925001 30.229817548, -87.804311001 30.229757548, -87.804666002 30.229691548, -87.805103002 30.229663548, -87.805268002 30.229680548, -87.805394002 30.229685548, -87.806230002 30.229636548, -87.807130003 30.229619548, -87.807447003 30.229548548, -87.807909003 30.229493548, -87.809125003 30.229284548, -87.809696003 30.229229547, -87.810620003 30.229124547, -87.811317003 30.228943547, -87.812901004 30.228690547, -87.813503004 30.228629548, -87.813838004 30.228624548, -87.814352004 30.228717548, -87.814649004 30.228789547, -87.815048004 30.228866547, -87.815834005 30.228948547, -87.816138005 30.228965548, -87.817012005 30.228915547, -87.817443005 30.228855547, -87.818000006 30.228717547, -87.818634005 30.228640547, -87.819255006 30.228596547, -87.819895006 30.228497547, -87.820661006 30.228414547, -87.820984006 30.228348547, -87.821212006 30.228244547, -87.821307006 30.228178547, -87.821503006 30.228112547, -87.821915006 30.228068547, -87.822587006 30.228046547, -87.823265006 30.228117547, -87.824373007 30.228255547, -87.824645007 30.228304547, -87.825089008 30.228364547, -87.825520008 30.228364547, -87.826476007 30.228227547, -87.827312007 30.228227547, -87.827553008 30.228210547, -87.827921008 30.228150547, -87.828098008 30.228089547, -87.828242008 30.228073547, -87.828807008 30.228067546, -87.829181008 30.228034547, -87.829244009 30.228045547, -87.829536009 30.228023547, -87.829789008 30.227968547, -87.830138008 30.227957547, -87.830461008 30.227907547, -87.830578 30.227893, -87.830893 30.227869, -87.831216 30.227814, -87.83148 30.227831, -87.831563009 30.227841546, -87.832253009 30.227863546, -87.832843009 30.227841546, -87.83374201 30.227769546, -87.83390001 30.227780546, -87.834103009 30.227818546, -87.834452009 30.227835547, -87.834806009 30.227879546, -87.83522401 30.227884546, -87.83552801 30.227840547, -87.83616801 30.227835547, -87.836985011 30.227785546, -87.83727001 30.227790547, -87.839830011 30.227762546, -87.840843012 30.227839546, -87.841578011 30.227806547, -87.841838012 30.227811546, -87.842110012 30.227839546, -87.842452012 30.227833546, -87.842769012 30.227811546, -87.843054013 30.227839546, -87.843738012 30.227811546, -87.844378012 30.227794546, -87.845442013 30.227838546, -87.846304013 30.227838546, -87.846646013 30.227827546, -87.846829014 30.227865546, -87.847102013 30.227838546, -87.847260014 30.227804546, -87.847406013 30.227810546, -87.847837013 30.227920546, -87.848020013 30.227920546, -87.848128013 30.227898546, -87.848217013 30.227859546, -87.848350013 30.227859546, -87.848527014 30.227881546, -87.848806013 30.227936546, -87.849072013 30.227952546, -87.849769014 30.227930546, -87.850757014 30.228018546, -87.851194015 30.228117546, -87.851999015 30.228210546, -87.852271015 30.228232546, -87.853120015 30.228182546, -87.853950015 30.228149546, -87.854209015 30.228116546, -87.854393015 30.228121546, -87.855014015 30.228231546, -87.855305015 30.228231546, -87.855704016 30.228159546, -87.855901016 30.228159546, -87.856281016 30.228225546, -87.857415016 30.228230546, -87.858004016 30.228258546, -87.858492016 30.228296546, -87.858701016 30.228296546, -87.859980017 30.228350546, -87.860924017 30.228372546, -87.861741018 30.228350546, -87.862368018 30.228410545, -87.862635017 30.228388546, -87.862717017 30.228371546, -87.862850018 30.228388546, -87.862996018 30.228421546, -87.863154017 30.228481546, -87.863616018 30.228536546, -87.864142018 30.228536546, -87.865441018 30.228453546, -87.865916019 30.228452545, -87.866201018 30.228463546, -87.866815019 30.228436545, -87.867519019 30.228386545, -87.867962019 30.228386545, -87.868304019 30.228396546, -87.868767019 30.228451546, -87.869603019 30.228577545, -87.869812019 30.228577545, -87.87073702 30.228505546, -87.87111002 30.228505545, -87.87165502 30.228532546, -87.872447021 30.228637545, -87.873068021 30.228653545, -87.874347021 30.228625546, -87.874810021 30.228641546, -87.874995278 30.228680704, -87.875389021 30.228736545, -87.875567021 30.228769545, -87.875972022 30.228819545, -87.877271021 30.228891545, -87.877771022 30.228897546, -87.878246022 30.228941545, -87.878759022 30.228969546, -87.878880022 30.228958545, -87.879082022 30.228969546, -87.879976022 30.229046545, -87.880153023 30.229074546, -87.880989023 30.229074546, -87.881692023 30.229118545, -87.882218023 30.229179545, -87.882389023 30.229212545, -87.882706023 30.229234545, -87.882927024 30.229234545, -87.883111023 30.229251545, -87.883504023 30.229312545, -87.883744023 30.229334545, -87.883916024 30.229361545, -87.884277024 30.229389545, -87.884885024 30.229384545, -87.885708024 30.229439545, -87.886082024 30.229450545, -87.886348024 30.229500545, -87.887602024 30.229478545, -87.888274024 30.229550545, -87.888438024 30.229545545, -87.888926025 30.229605545, -87.889427025 30.229600545, -87.889781026 30.229589545, -87.889946025 30.229628545, -87.891359026 30.229678545, -87.891625026 30.229716545, -87.892347025 30.229733545, -87.892733026 30.229782545, -87.893177027 30.229799545, -87.893316026 30.229821545, -87.893848027 30.229805545, -87.894336027 30.229855545, -87.894824027 30.229849545, -87.895907026 30.229904545, -87.896604028 30.229894545, -87.896959027 30.229916545, -87.897852027 30.229916545, -87.898137028 30.229900545, -87.898276028 30.229916545, -87.899163028 30.229928545, -87.899670028 30.229961545, -87.899955028 30.229955545, -87.900690028 30.229999544, -87.902299028 30.229978545, -87.902514028 30.229939545, -87.902723029 30.229989545, -87.903211029 30.230006545, -87.903369029 30.230050545, -87.903832029 30.230061544, -87.904009029 30.230099545, -87.90426203 30.230083545, -87.904357029 30.230061544, -87.904649029 30.230061544, -87.905035029 30.230105545, -87.90551703 30.230083545, -87.906080029 30.230122545, -87.90694203 30.230100545, -87.90739803 30.230166545, -87.90773403 30.230144545, -87.907956031 30.230117545, -87.90832303 30.230183545, -87.90848803 30.230194545, -87.908709031 30.230172545, -87.90893703 30.230177545, -87.90931703 30.230221545, -87.90958303 30.230194545, -87.909792031 30.230205544, -87.91025503 30.230249544, -87.910489031 30.230211545, -87.910781031 30.230255545, -87.911446031 30.230310544, -87.912155031 30.230332545, -87.912852031 30.230382544, -87.913080032 30.230376545, -87.913251031 30.230343544, -87.913422032 30.230349545, -87.913720032 30.230409544, -87.914309032 30.230431544, -87.914886033 30.230486545, -87.915171032 30.230536544, -87.916121033 30.230580544, -87.916938033 30.230652544, -87.917502033 30.230663545, -87.917768033 30.230679544, -87.918161033 30.230679544, -87.918395034 30.230701544, -87.918908034 30.230701544, -87.919187033 30.230740544, -87.919656034 30.230735544, -87.920156033 30.230762544, -87.921030034 30.230751545, -87.921201034 30.230768545, -87.921999034 30.230768545, -87.922272034 30.230801544, -87.922665034 30.230768545, -87.923380035 30.230773545, -87.923957034 30.230823544, -87.924274035 30.230867545, -87.925515035 30.230873544, -87.926586036 30.230922544, -87.926681035 30.230939544, -87.927929036 30.230917544, -87.928391036 30.230983544, -87.928974036 30.230977544, -87.930140036 30.231038544, -87.930912037 30.231038544, -87.931723037 30.230972544, -87.932521037 30.230955544, -87.932806037 30.231005544, -87.933142037 30.231016544, -87.933624038 30.230983544, -87.934118038 30.231027544, -87.934466038 30.231016544, -87.934992038 30.231055544, -87.935283038 30.231066544, -87.935594038 30.231049544, -87.935822038 30.231011544, -87.936240038 30.230988544, -87.936924039 30.230994544, -87.937108039 30.230961544, -87.937336038 30.230900544, -87.937488039 30.230884544, -87.937792038 30.230922544, -87.937919039 30.230928544, -87.938128039 30.230895544, -87.938223038 30.230851544, -87.938349039 30.230834544, -87.938615039 30.230862544, -87.939236039 30.230889544, -87.939724039 30.230889544, -87.94007904 30.230873543, -87.940579039 30.230906544, -87.940813039 30.230906544, -87.940947039 30.230867544, -87.941137039 30.230845544, -87.94155504 30.230862544, -87.94223904 30.230862544, -87.94259404 30.230873543, -87.94264404 30.230884544, -87.94314504 30.230862544, -87.94357604 30.230851544, -87.94375904 30.230884544, -87.944013041 30.230900543, -87.94412004 30.230900543, -87.944367041 30.230818543, -87.94481104 30.230818543, -87.944874041 30.230834544, -87.945558041 30.230818543, -87.945736041 30.230790544, -87.945888041 30.230746544, -87.946293041 30.230729544, -87.946553041 30.230763544, -87.946736041 30.230751544, -87.947098041 30.230641543, -87.947288041 30.230592543, -87.947554041 30.230581544, -87.947913041 30.230624543, -87.948269041 30.230652544, -87.948726042 30.230641543, -87.949150041 30.230658543, -87.950075042 30.230608544, -87.950252042 30.230564543, -87.950525042 30.230548543, -87.950658042 30.230592543, -87.950867043 30.230614543, -87.950981042 30.230608044, -87.951247042 30.230564543, -87.951608042 30.230569543, -87.951893043 30.230498543, -87.952235043 30.230481543, -87.952387042 30.230503543, -87.952526042 30.230498543, -87.952697043 30.230448543, -87.953128043 30.230437543, -87.954433043 30.230277543, -87.954946043 30.230239543, -87.955162043 30.230211543, -87.955250043 30.230189543, -87.955510043 30.230151543, -87.955858044 30.230211543, -87.956067044 30.230217543, -87.956473044 30.230167543, -87.957645044 30.230106543, -87.958018045 30.230068543, -87.958753044 30.230046543, -87.959551045 30.229958543, -87.959912044 30.229941543, -87.960958045 30.229919543, -87.961787045 30.229842543, -87.963206045 30.229792543, -87.963682045 30.229720543, -87.964138046 30.229720543, -87.964328046 30.229692543, -87.964739046 30.229670543, -87.964986046 30.229599542, -87.965214046 30.229577543, -87.965493046 30.229626543, -87.965620047 30.229626543, -87.965841047 30.229555543, -87.966165046 30.229571542, -87.966538047 30.229565543, -87.967438046 30.229466542, -87.968033047 30.229439543, -87.968274047 30.229400542, -87.968603047 30.229383543, -87.969357047 30.229273542, -87.969718048 30.229251542, -87.970681048 30.229119543, -87.971302048 30.229091543, -87.971891048 30.228976543, -87.973405048 30.228827543, -87.974418049 30.228826542, -87.975609049 30.228688542, -87.976452049 30.228694542, -87.976806049 30.228671542, -87.97716705 30.228633542, -87.977497049 30.228567542, -87.97868805 30.228451542, -87.979061049 30.228440542, -87.97934605 30.228456542, -87.980645051 30.228362542, -87.98130405 30.228296542, -87.982038051 30.228175542, -87.982513051 30.228147542, -87.983077051 30.228081542, -87.983616051 30.228042542, -87.985243051 30.227832541, -87.986301052 30.227727542, -87.986732052 30.227650541, -87.987156052 30.227590542, -87.987657052 30.227507541, -87.988119053 30.227408541, -87.988664052 30.227314542, -87.989810053 30.227182541, -87.991261053 30.226972541, -87.992192054 30.226823541, -87.993091053 30.226702541, -87.994352054 30.226459541, -87.995384054 30.226343541, -87.996201054 30.226188541, -87.997347055 30.225984541, -88.000005056 30.225737541, -88.000651056 30.225573541, -88.001665056 30.225392541, -88.002045056 30.225282541, -88.002641056 30.22505754, -88.004769057 30.22452954, -88.005795057 30.22438154, -88.006714058 30.22418454, -88.006948057 30.22414554, -88.008475058 30.22377254, -88.009267058 30.22362954, -88.011199059 30.223212539, -88.012067059 30.223069539, -88.013397059 30.222695539, -88.01464506 30.222503539, -88.01547506 30.22243854, -88.01609506 30.222328539, -88.01702006 30.222213539, -88.01728606 30.22219154, -88.01762206 30.22220754, -88.01819206 30.222262539, -88.019180061 30.222186539, -88.019516061 30.22211454, -88.020042061 30.221938539, -88.020441061 30.221834539, -88.021169061 30.221724539, -88.021549061 30.221697539, -88.022088062 30.221714539, -88.022645061 30.221692539, -88.022835062 30.221637539, -88.023171062 30.221505539, -88.023709062 30.221241539, -88.023956062 30.221153539, -88.024343062 30.221120539, -88.024862062 30.221159539, -88.025343062 30.221142539, -88.025838063 30.221076539, -88.026610062 30.220939539, -88.026756063 30.220928538, -88.027035063 30.220928538, -88.027560063 30.220956538, -88.027820063 30.221022539, -88.028162063 30.221160539, -88.028365063 30.221226539, -88.028650064 30.221352539, -88.028829994 30.221482326, -88.028913289 30.221558965, -88.029001833 30.221674599, -88.029032387 30.221722525, -88.029093238 30.221866481, -88.029132 30.222062001, -88.029132 30.222403, -88.029011 30.222931001, -88.02898 30.223003, -88.028872 30.223355, -88.028688 30.223773001, -88.028264 30.224378001, -88.028181 30.224554, -88.027966 30.224901, -88.027440001 30.225500001, -88.02722471 30.22580243, -88.026932063 30.22623654, -88.026868063 30.22634654, -88.026589063 30.22673754, -88.026273063 30.22703954, -88.025753062 30.227507541, -88.025614062 30.227666541, -88.025537062 30.22778754, -88.025189062 30.228387541, -88.025145063 30.228442541, -88.024980063 30.228733541, -88.024644063 30.22909154, -88.024562063 30.229223541, -88.024530063 30.22930054, -88.024511062 30.229388541, -88.024473063 30.229509541, -88.024325296 30.229841832, -88.024087 30.23023, -88.02402425 30.2303075, -88.023942 30.230461001, -88.023891 30.230505001, -88.0238055 30.230516, -88.023735122 30.230497146, -88.023519531 30.230320771, -88.023429 30.230279, -88.023213 30.230323, -88.022294529 30.23055393, -88.022224897 30.230578251, -88.021818061 30.230680541, -88.020001001 30.231164, -88.019409 30.231301, -88.018088 30.231581, -88.018088 30.231702, -88.018113 30.231785, -88.01812 30.231867, -88.018145 30.231955001, -88.018202 30.232434, -88.01817 30.232494001, -88.018119 30.232516, -88.017632 30.232588001, -88.01757893 30.232577759, -88.017567061 30.232527541, -88.017662061 30.232477542, -88.018042061 30.232417541, -88.018036061 30.232224542, -88.017943879 30.231645091, -88.017885 30.231619, -88.017314767 30.231771521, -88.017353001 30.23201, -88.017378 30.232224501, -88.017293794 30.232240671, -88.017179991 30.231797108, -88.016504 30.231916, -88.01556 30.23207, -88.013913 30.232256, -88.012836 30.232317001, -88.012792001 30.232355, -88.012596 30.232437001, -88.012355 30.232586001, -88.012298 30.232597, -88.012114 30.232586001, -88.011734 30.232448, -88.011493 30.232316, -88.009694 30.232392, -88.009587 30.232409001, -88.009454 30.232403, -88.009392794 30.232383746, -88.009395058 30.232331542, -88.009636058 30.232221542, -88.009632921 30.232153451, -88.009576529 30.232114771, -88.009473 30.232084, -88.009067001 30.232068, -88.008561 30.232089, -88.007515 30.232216, -88.006806 30.232281, -88.005982 30.232347001, -88.004944 30.232379, -88.004608 30.232374, -88.004354 30.232335, -88.003544 30.232340001, -88.00317 30.232379, -88.002403 30.232384001, -88.001773 30.232323, -88.001038001 30.232304, -88.000386001 30.232256, -87.999995 30.232166, -87.999519001 30.232227001, -87.998449 30.232437001, -87.997429 30.232542, -87.996555 30.232647, -87.995738001 30.232658, -87.995066001 30.232757001, -87.994559 30.232812, -87.994262 30.232835, -87.993457 30.233, -87.992456 30.233132, -87.991709 30.233243001, -87.990486 30.233353, -87.990201 30.233414, -87.990151001 30.233447, -87.990081 30.233563, -87.989999 30.233612, -87.989841 30.233607, -87.989655588 30.233569141, -87.989662234 30.233346088, -87.988827001 30.23336, -87.988333 30.233404001, -87.986888 30.233586, -87.985843 30.233680001, -87.984424 30.233873, -87.983265001 30.234011, -87.982942001 30.234071, -87.982492 30.234193, -87.981872 30.234297001, -87.981561 30.234385, -87.981321001 30.234523, -87.981233018 30.234522494, -87.981193051 30.234462543, -87.981126021 30.234244504, -87.981036946 30.234114396, -87.980917526 30.234030772, -87.98082 30.234001, -87.980288 30.234034, -87.97961 30.234128, -87.979021 30.234243, -87.978514001 30.234315, -87.977972 30.234411001, -87.977488001 30.23448, -87.977302716 30.234459505, -87.977237524 30.234416772, -87.976956 30.234464001, -87.97688673 30.234463604, -87.976839534 30.234415805, -87.976443 30.234464001, -87.97631 30.234508, -87.976265 30.23458, -87.976208 30.234596001, -87.975759001 30.234602, -87.975436001 30.234668, -87.975322017 30.234662494, -87.975280366 30.234585353, -87.9751 30.234613001, -87.974992 30.234608, -87.97492133 30.234586576, -87.974828262 30.234515886, -87.974295 30.234503001, -87.973598 30.234515, -87.973231 30.234570001, -87.972541 30.234768001, -87.971318 30.234977, -87.97045 30.235198, -87.968974 30.235633, -87.967695 30.236205, -87.967264 30.236436001, -87.966776 30.236761001, -87.966466 30.237008001, -87.966225 30.237179, -87.965934001 30.237355, -87.965687 30.237515, -87.965478 30.237685001, -87.965225 30.237845, -87.964965 30.238092, -87.964883 30.238186, -87.964762 30.238384, -87.964661 30.23851, -87.963876 30.239204, -87.963331 30.239666001, -87.963052 30.239914, -87.96297 30.240007, -87.96285 30.240167001, -87.962673 30.240372501, -87.9625995 30.240417001, -87.962476001 30.240425001, -87.96221 30.240376, -87.961735 30.240354, -87.961610192 30.240301705, -87.961607046 30.240221545, -87.961657045 30.240199545, -87.961797046 30.240199545, -87.962113045 30.240238545, -87.962247046 30.240227545, -87.962269362 30.240152895, -87.96195221 30.239840037, -87.961598751 30.239515822, -87.961541263 30.239443454, -87.961337284 30.239091963, -87.961093045 30.23884927, -87.961118045 30.238802545, -87.961309045 30.238736545, -87.961492045 30.238637545, -87.96160727 30.238638932, -87.961670868 30.238709095, -87.961671 30.238858, -87.961722001 30.239111001, -87.961762523 30.239212773, -87.961820343 30.239316437, -87.961891046 30.239358545, -87.961948546 30.239344545, -87.961972448 30.23929442, -87.961904046 30.239160545, -87.961904046 30.239017545, -87.961929045 30.238962544, -87.962056045 30.238940545, -87.962284046 30.239044545, -87.962583885 30.239318099, -87.962645046 30.239286545, -87.962671045 30.239011545, -87.962709046 30.238901545, -87.962724546 30.238618545, -87.962797046 30.238599545, -87.962880682 30.238682241, -87.962934201 30.238805009, -87.963003083 30.238861184, -87.963152046 30.238907545, -87.963247046 30.238912544, -87.963462046 30.238873545, -87.963722047 30.238763545, -87.963811046 30.238659545, -87.963808826 30.238568603, -87.963726389 30.238458429, -87.963678046 30.238367545, -87.963661546 30.238246545, -87.963785046 30.238208544, -87.963842046 30.238169544, -87.963899046 30.238087545, -87.963947046 30.237787544, -87.964112289 30.237913959, -87.964163194 30.237996471, -87.964251181 30.238074067, -87.964345873 30.238134541, -87.964432046 30.238136545, -87.964447576 30.238051738, -87.964403104 30.238002159, -87.964113318 30.237765443, -87.964032046 30.237619545, -87.964030555 30.237399589, -87.963964 30.237389001, -87.963913001 30.237477, -87.963749 30.237609, -87.963723001 30.237653001, -87.963692001 30.237790001, -87.963654 30.237862, -87.963647 30.238021001, -87.963594478 30.23807064, -87.963538046 30.237999545, -87.963494046 30.237614544, -87.963513046 30.237196544, -87.963570046 30.236943544, -87.963665046 30.236651545, -87.963873046 30.236338544, -87.963962046 30.236178544, -87.964133046 30.235897544, -87.964152046 30.235826544, -87.964203046 30.235705544, -87.964342046 30.235435544, -87.964443046 30.235094544, -87.964526046 30.234929544, -87.964583046 30.234847544, -87.964785046 30.234671544, -87.964874046 30.234577544, -87.964956046 30.234445544, -87.965013046 30.234285543, -87.965070046 30.233994544, -87.965165046 30.233823543, -87.965161682 30.233761046, -87.965097 30.233741, -87.964995001 30.233813, -87.964945 30.233895, -87.964837 30.234418, -87.964806 30.234479001, -87.964723001 30.234561, -87.964426001 30.234704, -87.964217 30.235177, -87.964084 30.235375001, -87.964033 30.235414, -87.963944 30.235557, -87.963894 30.23559, -87.963817978 30.235590015, -87.963699523 30.235460773, -87.963152 30.23526, -87.963033014 30.235199496, -87.962993046 30.235139544, -87.962993046 30.235023544, -87.96297197 30.234921541, -87.962933036 30.234866653, -87.9628705 30.2348695, -87.962823 30.235043001, -87.962779001 30.23515, -87.962688635 30.235173698, -87.962647523 30.235147773, -87.962512001 30.235101, -87.962379 30.235106001, -87.962240001 30.235128, -87.962139 30.235189, -87.962101001 30.235255, -87.962094 30.235343, -87.962135523 30.235455773, -87.962212507 30.235614748, -87.962145 30.235629, -87.962020447 30.235559826, -87.961831466 30.235350417, -87.961783046 30.235254544, -87.961783046 30.235078544, -87.961878045 30.234891544, -87.961992046 30.234770544, -87.962087045 30.234616544, -87.962137046 30.234473544, -87.962143045 30.234297544, -87.962110266 30.234201453, -87.962074046 30.234138544, -87.962020446 30.234008827, -87.961931523 30.233915772, -87.961815 30.233896, -87.961777 30.23394, -87.961786523 30.234047772, -87.961891593 30.234192666, -87.961885 30.234369, -87.961809001 30.234628, -87.961763249 30.23472125, -87.961575 30.235013, -87.961493 30.235068, -87.961398 30.235062, -87.961163001 30.235029001, -87.960865001 30.234952, -87.96065 30.234876, -87.960395045 30.234826544, -87.960294045 30.234793544, -87.960028045 30.234771544, -87.959945045 30.234743544, -87.959831045 30.234650544, -87.959679045 30.234600544, -87.959287045 30.234611544, -87.959115045 30.234633544, -87.958887044 30.234699544, -87.958748044 30.234815544, -87.958678045 30.234837544, -87.958621045 30.234831544, -87.958457044 30.234705544, -87.958381045 30.234705544, -87.958339544 30.234771045, -87.958305045 30.234809544, -87.957773044 30.234887544, -87.957354044 30.234903544, -87.956886044 30.235013544, -87.956594044 30.235035544, -87.956379044 30.235107544, -87.956151044 30.235239544, -87.956018043 30.235222544, -87.955771044 30.235162544, -87.955625044 30.235184544, -87.955511043 30.235222544, -87.955118044 30.235217544, -87.954859043 30.235311544, -87.954548043 30.235382544, -87.954282043 30.235399544, -87.954003043 30.235355544, -87.953376043 30.235371545, -87.953110043 30.235415545, -87.953053043 30.235437544, -87.952977043 30.235503544, -87.952838043 30.235591544, -87.952603043 30.235663545, -87.952236043 30.235630544, -87.952179043 30.235597544, -87.951761042 30.235625545, -87.951615043 30.235658544, -87.951558043 30.235685544, -87.951165042 30.235740545, -87.950931042 30.235784545, -87.950551042 30.235828545, -87.950386042 30.235878545, -87.950088042 30.235911545, -87.949993042 30.235944545, -87.949489542 30.235980045, -87.949525042 30.236037544, -87.949905042 30.236037544, -87.950329042 30.236004544, -87.951089042 30.235889544, -87.951400043 30.235800544, -87.951640043 30.235757545, -87.952046043 30.235751545, -87.952166042 30.235779544, -87.952641043 30.235778545, -87.952850043 30.235800544, -87.952926043 30.235828045, -87.953033543 30.235710544, -87.953072043 30.235646545, -87.953186043 30.235553544, -87.953383043 30.235481544, -87.953554043 30.235481544, -87.954010043 30.235503544, -87.954624043 30.235514545, -87.954973043 30.235448544, -87.955372043 30.235349544, -87.955511043 30.235333545, -87.955733044 30.235332544, -87.955974044 30.235398544, -87.956214044 30.235404544, -87.956341043 30.235371545, -87.956689044 30.235244544, -87.956822044 30.235173544, -87.956905044 30.235140544, -87.956987044 30.235140544, -87.957139044 30.235178544, -87.957823045 30.235167544, -87.958058045 30.235101544, -87.959211045 30.234941544, -87.959527044 30.234914544, -87.959679045 30.234958544, -87.959850044 30.235046544, -87.959920045 30.235073544, -87.960072045 30.235095544, -87.960231045 30.235139544, -87.960370045 30.235255544, -87.960475553 30.235373753, -87.96054568 30.235532398, -87.960563205 30.235603508, -87.960752133 30.235832914, -87.960739 30.23591, -87.960707 30.23597, -87.960631 30.236036001, -87.960568 30.236047, -87.960492 30.236042, -87.960213001 30.235954, -87.959914045 30.235931544, -87.959306044 30.235948544, -87.959268045 30.236003545, -87.959242544 30.236099544, -87.959141045 30.236107544, -87.958881044 30.236020544, -87.958533044 30.236047544, -87.958419044 30.236009545, -87.958375045 30.235987544, -87.958318044 30.235926544, -87.958298045 30.235712544, -87.958343044 30.235654544, -87.958565045 30.235563544, -87.958862045 30.235502544, -87.959401045 30.235436544, -87.959882045 30.235414544, -87.959971045 30.235376544, -87.959958045 30.235304544, -87.959901044 30.235255544, -87.959749045 30.235205544, -87.959426045 30.235227544, -87.958406045 30.235376544, -87.958279045 30.235431544, -87.958191045 30.235525544, -87.958146045 30.235640544, -87.958102044 30.235855544, -87.958058045 30.236009544, -87.957982045 30.236130544, -87.957900045 30.236174544, -87.957760044 30.236196544, -87.957513044 30.236190544, -87.957336044 30.236223544, -87.957203044 30.236218545, -87.957044044 30.236196544, -87.956892044 30.236237545, -87.956873044 30.236295544, -87.956949044 30.236328544, -87.957374044 30.236328544, -87.957564044 30.236361544, -87.957760045 30.236366544, -87.957919045 30.236311545, -87.958058045 30.236240544, -87.958242045 30.236190544, -87.958318044 30.236190544, -87.958533044 30.236245545, -87.958780045 30.236322544, -87.958910045 30.236402045, -87.959129045 30.236399545, -87.959376045 30.236338544, -87.959591045 30.236333544, -87.959901044 30.236393545, -87.960092045 30.236465545, -87.960244045 30.236487544, -87.960541045 30.236503544, -87.960645912 30.236573456, -87.960708856 30.236673293, -87.960714 30.23679, -87.960657 30.236823, -87.960544695 30.23683674, -87.960269045 30.236828545, -87.959693045 30.236778544, -87.959148044 30.236784544, -87.958806045 30.236801544, -87.958476044 30.236877545, -87.957843045 30.236850545, -87.956234044 30.237026545, -87.955803044 30.237081545, -87.954853044 30.237390545, -87.954181043 30.237747545, -87.954048043 30.237797545, -87.953864043 30.237923545, -87.953750043 30.237973545, -87.952414043 30.237984545, -87.951964043 30.238028545, -87.951749043 30.238072545, -87.951641043 30.238072545, -87.951520042 30.238050545, -87.951473042 30.238084045, -87.951546043 30.238149545, -87.951654043 30.238166545, -87.951882043 30.238160545, -87.952018043 30.238199546, -87.952059043 30.238259545, -87.952046043 30.238342545, -87.951989043 30.238413545, -87.951932043 30.238463545, -87.951882043 30.238490545, -87.951806043 30.238584545, -87.951926043 30.238595545, -87.951989043 30.238551545, -87.952084043 30.238424545, -87.952167043 30.238364545, -87.952249043 30.238347545, -87.952300043 30.238375545, -87.952350543 30.238438545, -87.952629043 30.238419545, -87.952731043 30.238441545, -87.952946043 30.238463545, -87.953085043 30.238501545, -87.953167544 30.238463046, -87.952914043 30.238358545, -87.952712043 30.238331545, -87.952635043 30.238298545, -87.952635043 30.238254545, -87.952686043 30.238210545, -87.952800043 30.238171545, -87.952940043 30.238171545, -87.953643043 30.238352545, -87.953991044 30.238314545, -87.954156043 30.238314545, -87.954238043 30.238330545, -87.954340043 30.238374545, -87.954496143 30.238474487, -87.954606044 30.238534545, -87.954685289 30.238608958, -87.954711076 30.238660268, -87.954683001 30.238727, -87.954607 30.238721001, -87.9544865 30.238699501, -87.954481 30.238815, -87.954508522 30.239020773, -87.954570501 30.239127358, -87.954557 30.239172, -87.9545 30.239238, -87.95393 30.239558, -87.953847 30.239558, -87.953499 30.239530001, -87.953054043 30.239579545, -87.952952043 30.239574545, -87.952775044 30.239552545, -87.952199043 30.239568545, -87.951977043 30.239552546, -87.951153043 30.239530545, -87.951077043 30.239519545, -87.950913043 30.239535546, -87.950773043 30.239602545, -87.950697043 30.239580545, -87.950665043 30.239536545, -87.950646043 30.239480546, -87.950558043 30.239409545, -87.950431042 30.239376545, -87.950127043 30.239321545, -87.949354042 30.239332546, -87.949291042 30.239343545, -87.949189042 30.239343545, -87.949107042 30.239261545, -87.949075042 30.239200545, -87.949063042 30.239079545, -87.949037042 30.239035545, -87.949025042 30.238936545, -87.948885042 30.238821545, -87.948879042 30.238733545, -87.948999042 30.238683545, -87.949965542 30.238551545, -87.949949042 30.238501545, -87.949867042 30.238474545, -87.949481042 30.238507545, -87.948828042 30.238491545, -87.948682042 30.238540545, -87.948587042 30.238595545, -87.948442042 30.238623545, -87.947795041 30.238573545, -87.947678041 30.238529545, -87.947327042 30.238529545, -87.947029042 30.238469545, -87.946604042 30.238491545, -87.946357042 30.238491545, -87.946313041 30.238546546, -87.946408042 30.238584545, -87.946547042 30.238601545, -87.946680042 30.238612546, -87.946959041 30.238612546, -87.947282041 30.238650545, -87.947662041 30.238661545, -87.948062041 30.238744545, -87.948277041 30.238821545, -87.948328042 30.238887545, -87.948359041 30.238964545, -87.948359041 30.239019545, -87.948334042 30.239063546, -87.948201042 30.239206546, -87.948119042 30.239261545, -87.948119042 30.239321545, -87.948334042 30.239503546, -87.948334042 30.239552546, -87.948150042 30.239679545, -87.948055042 30.239761545, -87.947929041 30.239761545, -87.947745042 30.239717545, -87.947644042 30.239679545, -87.947555041 30.239690546, -87.947561042 30.239739546, -87.947606041 30.239778546, -87.947713041 30.239816546, -87.947935042 30.239855545, -87.947986042 30.239882546, -87.947970041 30.239937545, -87.947796042 30.239948545, -87.947656041 30.239904546, -87.947257041 30.239833546, -87.946864042 30.239866545, -87.946288041 30.239833546, -87.945920041 30.239773546, -87.945775041 30.239762545, -87.945331041 30.239652546, -87.944989041 30.239646546, -87.944812041 30.239619545, -87.944596041 30.239575546, -87.94439404 30.239498545, -87.944146041 30.239465546, -87.944058041 30.239476546, -87.944001041 30.239547545, -87.94396904 30.239635546, -87.943874041 30.239679545, -87.943690041 30.239707546, -87.943526041 30.239701546, -87.94334804 30.239707546, -87.94329104 30.239779046, -87.94334804 30.239833546, -87.943709041 30.239795546, -87.944070041 30.239745545, -87.94422604 30.239652546, -87.944356041 30.239734545, -87.944634041 30.239762545, -87.944945041 30.239745545, -87.945357041 30.239839546, -87.945566041 30.239872546, -87.945901541 30.239982545, -87.946003042 30.240031545, -87.946205041 30.240042545, -87.946364041 30.240075546, -87.946738041 30.240108546, -87.947251041 30.240108546, -87.947587042 30.240146546, -87.947720042 30.240196546, -87.947802042 30.240179546, -87.947929042 30.240113545, -87.948068042 30.240113545, -87.948360042 30.240185546, -87.948543042 30.240245545, -87.949177042 30.240399545, -87.949392042 30.240432546, -87.949589043 30.240377545, -87.950013042 30.240311546, -87.950368043 30.240311546, -87.950602042 30.240394545, -87.950685043 30.240394545, -87.950805043 30.240366545, -87.950875043 30.240377545, -87.951008043 30.240427545, -87.951065043 30.240471546, -87.951407042 30.240630545, -87.951907043 30.240801546, -87.952262043 30.240905546, -87.952908044 30.241064546, -87.953048043 30.241136545, -87.953181043 30.241268546, -87.953523044 30.241449546, -87.953612043 30.241510546, -87.953764044 30.241570546, -87.953935043 30.241548546, -87.954068044 30.241548546, -87.954233043 30.241598546, -87.954271312 30.241631595, -87.95432541 30.241760493, -87.954398345 30.241846559, -87.954392 30.241895, -87.954316 30.241939, -87.954044 30.241994001, -87.953937097 30.241949469, -87.953880052 30.241870602, -87.953808043 30.241818546, -87.953086043 30.241576545, -87.952636043 30.241450546, -87.952053043 30.241422546, -87.951711043 30.241312545, -87.951242042 30.241329546, -87.951017543 30.241346046, -87.951008043 30.241417545, -87.951084042 30.241461546, -87.951280043 30.241499546, -87.951388043 30.241488546, -87.951470043 30.241439545, -87.951920043 30.241477545, -87.952142043 30.241538545, -87.952471043 30.241593546, -87.953244043 30.241835546, -87.953612043 30.242027546, -87.953840044 30.242115545, -87.953960044 30.242175546, -87.954125043 30.242208546, -87.954258043 30.242197546, -87.954474043 30.242115545, -87.954608354 30.24215835, -87.954623522 30.242414773, -87.954660752 30.242483311, -87.954665 30.24266, -87.954614 30.242687, -87.954040487 30.242536263, -87.953244043 30.242302546, -87.953042043 30.242264546, -87.951965043 30.242231546, -87.951445043 30.242115546, -87.951065043 30.241994546, -87.950913043 30.241928546, -87.950546042 30.241818546, -87.949532043 30.241664546, -87.949285042 30.241604546, -87.949025043 30.241554546, -87.948753042 30.241488546, -87.948195041 30.241412546, -87.948100042 30.241390546, -87.947568042 30.241335546, -87.947245042 30.241285546, -87.946896042 30.241197546, -87.946827041 30.241164546, -87.946750041 30.241148546, -87.946605041 30.241164546, -87.946598042 30.241214545, -87.946839042 30.241335546, -87.947036041 30.241450546, -87.947251041 30.241505546, -87.947359041 30.241599546, -87.947447041 30.241599546, -87.947580041 30.241571546, -87.947796042 30.241577546, -87.948030042 30.241599546, -87.948398042 30.241786546, -87.948556042 30.241769546, -87.948803042 30.241769546, -87.949209042 30.241863546, -87.949392042 30.241912546, -87.949551042 30.241989546, -87.949747043 30.242143546, -87.949773043 30.242247546, -87.949703042 30.242435546, -87.949652042 30.242644546, -87.949640043 30.242787546, -87.949684042 30.242924546, -87.949792042 30.242990546, -87.950381042 30.243177546, -87.950691043 30.243226546, -87.950831043 30.243265546, -87.950945042 30.243265546, -87.951036542 30.243213046, -87.950755042 30.243116546, -87.950318043 30.243023546, -87.950115042 30.242952546, -87.949975042 30.242880546, -87.949899042 30.242803546, -87.949817042 30.242671546, -87.949792042 30.242583546, -87.949798042 30.242479546, -87.949855043 30.242413546, -87.950051043 30.242325546, -87.950108042 30.242253546, -87.950172042 30.242231546, -87.950248042 30.242231546, -87.950704042 30.242401546, -87.951433043 30.242588546, -87.952529043 30.243001546, -87.953143044 30.243281546, -87.953669043 30.243408546, -87.953891044 30.243496546, -87.954081044 30.243589546, -87.954239043 30.243683546, -87.954645044 30.244035546, -87.954772044 30.244123546, -87.954924044 30.244216546, -87.955152044 30.244431546, -87.955652044 30.244590546, -87.955842044 30.244667546, -87.956394044 30.244936547, -87.956666044 30.245101547, -87.957179045 30.245321546, -87.957509045 30.245387546, -87.957845045 30.245547546, -87.958168045 30.245756546, -87.958257045 30.245778547, -87.958573045 30.245816546, -87.958643045 30.245844546, -87.958780008 30.245946291, -87.958871045 30.245987547, -87.959213045 30.246025547, -87.959397046 30.246069547, -87.959594045 30.246036547, -87.959701045 30.246064547, -87.95978121 30.246124461, -87.959804 30.246289, -87.959781523 30.246396774, -87.95982014 30.246457487, -87.959907096 30.246529167, -87.959952321 30.246629251, -87.959955499 30.246748, -87.959925 30.246845, -87.959855 30.246900001, -87.959791 30.246933, -87.9596915 30.246920501, -87.959399 30.246807001, -87.959196 30.246691, -87.958809912 30.246565477, -87.958504045 30.246432547, -87.958282045 30.246284546, -87.958193045 30.246245546, -87.958010045 30.246218547, -87.957649044 30.245992547, -87.957471045 30.245915547, -87.957148044 30.245860547, -87.956933045 30.245860547, -87.956875044 30.245833546, -87.956806045 30.245772546, -87.956299045 30.245619546, -87.956166044 30.245520547, -87.955304044 30.245333547, -87.954943044 30.245333547, -87.954854044 30.245349546, -87.954740044 30.245349546, -87.954366043 30.245239547, -87.954164044 30.245234047, -87.953936043 30.245014547, -87.953695043 30.244904547, -87.953460043 30.244838546, -87.952174043 30.244326547, -87.951382043 30.244250546, -87.950698042 30.244156546, -87.950330042 30.244052546, -87.950166042 30.244024546, -87.950071043 30.244035546, -87.950077042 30.244079546, -87.950159043 30.244129547, -87.951198043 30.244437547, -87.952466043 30.244668547, -87.953131043 30.244959547, -87.953486044 30.245047546, -87.953872044 30.245234547, -87.954126044 30.245377546, -87.954252044 30.245426547, -87.954392043 30.245509546, -87.954747044 30.245635547, -87.955254044 30.245696547, -87.955748044 30.245817547, -87.956058045 30.245910547, -87.956394044 30.245998546, -87.956533044 30.246059547, -87.956800045 30.246224546, -87.957015045 30.246301547, -87.957623044 30.246410546, -87.957769045 30.246482547, -87.957997045 30.246680547, -87.958168045 30.246784546, -87.958700045 30.246949546, -87.958856924 30.247042292, -87.959008446 30.247199828, -87.959045233 30.247257427, -87.959038001 30.247384001, -87.959012 30.24745, -87.958892 30.247516, -87.95881 30.247544, -87.958632 30.247544, -87.958569 30.247527, -87.958390045 30.247450547, -87.958295045 30.247400547, -87.958061045 30.247307547, -87.957997045 30.247241547, -87.957858045 30.247191547, -87.957712045 30.247147547, -87.957649044 30.247153546, -87.957598044 30.247208547, -87.957566045 30.247269547, -87.957497045 30.247329547, -87.957414044 30.247329547, -87.957338045 30.247302547, -87.957117044 30.247131547, -87.956990045 30.247120547, -87.956850044 30.247076547, -87.956717044 30.246961547, -87.956559045 30.246774547, -87.956071044 30.246565546, -87.955697044 30.246510547, -87.955387044 30.246433547, -87.954899044 30.246323547, -87.954525043 30.246339546, -87.954354044 30.246400547, -87.954303044 30.246433547, -87.954139044 30.246477547, -87.954037044 30.246472547, -87.953778044 30.246417547, -87.953730043 30.246432047, -87.953790044 30.246510547, -87.953930043 30.246565546, -87.954253043 30.246598547, -87.954519044 30.246592547, -87.954658044 30.246576547, -87.954924044 30.246576547, -87.955057044 30.246603547, -87.955887044 30.247049547, -87.956141044 30.247142547, -87.956451044 30.247208547, -87.956572044 30.247252547, -87.956578044 30.247310547, -87.956071044 30.247258547, -87.955799044 30.247164547, -87.955678045 30.247109547, -87.955381044 30.246939547, -87.955311044 30.246944546, -87.955298044 30.246999547, -87.955343044 30.247043546, -87.955457044 30.247076547, -87.955583044 30.247148547, -87.955754044 30.247280547, -87.955875044 30.247329547, -87.956090044 30.247390547, -87.956432045 30.247549547, -87.956730045 30.247764547, -87.956958044 30.247874547, -87.957237045 30.247934547, -87.957465044 30.247912547, -87.957668045 30.247868547, -87.957753545 30.247904547, -87.957766544 30.248022547, -87.957668045 30.248072547, -87.957199045 30.248143547, -87.956851045 30.248182547, -87.956670522 30.248976774, -87.956706116 30.249053136, -87.95677 30.249321001, -87.956764 30.249447, -87.956726 30.249503, -87.956555001 30.249662, -87.956384 30.249800001, -87.956194 30.249871001, -87.955927 30.249893, -87.9553 30.249981001, -87.954929001 30.250002001, -87.95447 30.250053001, -87.954058 30.250075, -87.95383 30.250064, -87.95371 30.25007, -87.953634 30.250092001, -87.953532 30.250108, -87.953323001 30.250064, -87.953152 30.250064, -87.95288 30.249971, -87.952538001 30.249899, -87.951986 30.249822, -87.951827043 30.249761548, -87.951668043 30.249651547, -87.951370043 30.249459547, -87.951022043 30.249310548, -87.950648043 30.249239548, -87.950350043 30.249107548, -87.950243043 30.249035547, -87.950097043 30.248920547, -87.949229043 30.248551547, -87.948982042 30.248546548, -87.948855043 30.248518548, -87.948773043 30.248540547, -87.948868042 30.248612547, -87.949108042 30.248689547, -87.949375042 30.248837547, -87.949660043 30.248920547, -87.949875043 30.249013547, -87.950468155 30.249517096, -87.950642043 30.249552548, -87.950777871 30.24963854, -87.951127068 30.249913203, -87.951201732 30.250001407, -87.951239883 30.250067637, -87.951283 30.25018, -87.951350501 30.250457, -87.951009001 30.250482001, -87.950774 30.250443, -87.95046935 30.250317554, -87.950416639 30.250269402, -87.950386249 30.250205122, -87.950308 30.250163, -87.950098 30.249998, -87.949991 30.249932, -87.949731 30.249729001, -87.949598001 30.249646001, -87.949541 30.249625, -87.949338 30.249493001, -87.949260089 30.249465207, -87.949208969 30.249535529, -87.948842985 30.250229674, -87.947656042 30.250275547, -87.947719042 30.250393547, -87.947934042 30.250547548, -87.948036042 30.250580548, -87.948391042 30.250558548, -87.948549042 30.250509548, -87.948758043 30.250454548, -87.948847042 30.250454548, -87.949116065 30.250666206, -87.949921223 30.251387023, -87.949984689 30.251463672, -87.950181257 30.251644989, -87.950286765 30.25179059, -87.950287 30.25184, -87.950217 30.252016, -87.950263521 30.252150775, -87.950521871 30.252521548, -87.950527001 30.252566, -87.950464 30.252643, -87.950413 30.252676, -87.950356 30.252676, -87.950174925 30.252597429, -87.949794353 30.252337903, -87.949313138 30.251865117, -87.948939618 30.251551713, -87.94877506 30.251358512, -87.948616178 30.25111707, -87.948457775 30.250980025, -87.948302042 30.250938548, -87.948105042 30.251026548, -87.947979042 30.251097548, -87.947795042 30.251136548, -87.947719042 30.251097548, -87.947637042 30.250993548, -87.947567042 30.250811548, -87.947342042 30.250622048, -87.947383042 30.250591548, -87.947525541 30.250575548, -87.947275042 30.250366548, -87.947142042 30.250355548, -87.947098042 30.250377548, -87.947060042 30.250487548, -87.946946042 30.250613548, -87.947092042 30.250828548, -87.947288042 30.250949548, -87.947358042 30.251048548, -87.947421042 30.251290548, -87.947466042 30.251384548, -87.947510042 30.251422548, -87.948023042 30.251350548, -87.948124042 30.251383548, -87.948156042 30.251460548, -87.948049042 30.251559548, -87.947890042 30.251576548, -87.947886542 30.251637048, -87.948068042 30.251741548, -87.948118542 30.251934049, -87.947903042 30.252071549, -87.947868042 30.252283548, -87.947954042 30.252269548, -87.948093042 30.252104548, -87.948163043 30.252088548, -87.948289042 30.252159549, -87.948400542 30.252157048, -87.948321043 30.252032549, -87.948277042 30.251983548, -87.948321043 30.251812548, -87.948378043 30.251757548, -87.948473042 30.251818548, -87.948860043 30.252087548, -87.948929042 30.252181548, -87.948942043 30.252379549, -87.948999043 30.252417548, -87.949081043 30.252384548, -87.949271043 30.252533548, -87.949604206 30.25282804, -87.949744978 30.253031541, -87.950073473 30.253382808, -87.950333308 30.253630941, -87.950542846 30.253911595, -87.950707323 30.254070928, -87.950803214 30.254230468, -87.950872397 30.254301866, -87.951021894 30.254400491, -87.951123235 30.254518853, -87.951123 30.254651, -87.951022 30.254739, -87.950895 30.254756, -87.950718 30.254822, -87.950654 30.254816, -87.950242 30.254629, -87.949562892 30.254448934, -87.9494327 30.254602193, -87.949341209 30.254776364, -87.949140101 30.255467076, -87.949248 30.255449, -87.949286 30.255399, -87.949298 30.255278, -87.949273 30.255212, -87.949501001 30.255234001, -87.949641 30.255339, -87.950002 30.255416, -87.9500585 30.255440501, -87.950072 30.25552, -87.949666 30.255856, -87.949596 30.255977001, -87.949611521 30.256056775, -87.94972342 30.256196751, -87.949755 30.256301, -87.949704 30.256411001, -87.949546 30.256477, -87.949375 30.256499001, -87.949261 30.256494, -87.949001 30.256422, -87.948462 30.256169001, -87.948139 30.256136, -87.947721 30.25612, -87.947429 30.256071001, -87.94737597 30.256045156, -87.947015983 30.256278173, -87.946904222 30.256434107, -87.94703 30.256489, -87.94741 30.256747, -87.947461 30.256742, -87.947486 30.256703, -87.947461 30.25661, -87.947391 30.256533, -87.947398 30.256489, -87.947543 30.256560001, -87.947727 30.256577, -87.947829 30.256626, -87.94786 30.256692, -87.947816 30.256852, -87.947708 30.256967, -87.947544 30.257055, -87.947296 30.257127001, -87.947138 30.257281001, -87.946999 30.257319001, -87.946967 30.257484, -87.946929 30.25755, -87.946745 30.257699, -87.9463525 30.2578685, -87.945826 30.257996, -87.945186001 30.258067, -87.944242001 30.257963001, -87.943792 30.257963001, -87.943349001 30.258024001, -87.943184 30.258156001, -87.943076 30.258293, -87.942962 30.258321, -87.942823 30.258321, -87.94269 30.258348, -87.942581125 30.258348817, -87.942419728 30.258218652, -87.942234 30.257985001, -87.941917 30.258073, -87.941929 30.258178001, -87.941898 30.258216, -87.941625001 30.258321, -87.941359 30.258579, -87.941321 30.258700001, -87.941328001 30.258761, -87.94115 30.258981, -87.941017 30.259052, -87.940732001 30.259553, -87.940656 30.25963, -87.940440001 30.259729001, -87.940035001 30.259861, -87.939636 30.260081001, -87.939015 30.260317, -87.938812 30.260345001, -87.938432 30.260471, -87.938197 30.260581, -87.938077 30.260609001, -87.93783 30.260724, -87.937665 30.260785, -87.937285001 30.260834, -87.937126001 30.260884, -87.936734 30.260944, -87.936658 30.260972001, -87.936499 30.261165, -87.936436 30.261214, -87.936353 30.261225, -87.936024 30.261098001, -87.935834 30.261055, -87.935384 30.260884, -87.934979815 30.260694684, -87.934790519 30.260583776, -87.934452158 30.260443899, -87.934265382 30.260226434, -87.934188247 30.260083999, -87.933827117 30.259754138, -87.933579895 30.259550485, -87.933111519 30.259241775, -87.932780001 30.259069, -87.932655057 30.259022215, -87.932382519 30.258807775, -87.931912 30.258557, -87.931474 30.258364, -87.930898 30.25804, -87.93015 30.257759, -87.929751 30.257539, -87.929656 30.257506, -87.92952759 30.257491818, -87.929189519 30.257294775, -87.928313 30.256901001, -87.927463 30.256577, -87.92718994 30.256506079, -87.927073518 30.256419775, -87.926716 30.256274, -87.926329 30.256153, -87.926095001 30.256114001, -87.925835 30.256021, -87.925271 30.255718, -87.924593 30.255427001, -87.923998 30.255278, -87.923529001 30.255113, -87.922877821 30.254808659, -87.922504517 30.254587775, -87.922312 30.254502, -87.921857835 30.254357618, -87.920965517 30.253817775, -87.920596876 30.25366352, -87.920306517 30.253475775, -87.920026847 30.253350588, -87.919767517 30.253189776, -87.919329812 30.252992684, -87.919121517 30.252870775, -87.918948001 30.252846, -87.918632993 30.252695306, -87.917961812 30.252200684, -87.91727822 30.251804021, -87.917100567 30.251643743, -87.916955871 30.251478582, -87.916816589 30.251286407, -87.916704033 30.251041549, -87.916660034 30.250876549, -87.916635034 30.250651549, -87.916584034 30.250474549, -87.916587981 30.250207539, -87.916331196 30.249830472, -87.916241388 30.249681869, -87.916167013 30.249589392, -87.915886369 30.249147884, -87.915843439 30.249103423, -87.915817846 30.249054593, -87.915734581 30.248933732, -87.915636033 30.248820549, -87.915577033 30.24864752, -87.915504516 30.248538774, -87.915422 30.248546, -87.915093 30.248485, -87.914914705 30.248419221, -87.914873516 30.248377774, -87.914717673 30.248338591, -87.914676451 30.248311821, -87.914573091 30.248212517, -87.914509139 30.248065295, -87.914482358 30.247952975, -87.914477032 30.247775549, -87.914515033 30.247616549, -87.914553033 30.247550549, -87.914648033 30.247434548, -87.914724033 30.247242548, -87.914787033 30.247165548, -87.914908033 30.247082548, -87.915041033 30.247038548, -87.915332033 30.247038548, -87.915440033 30.247066548, -87.915617033 30.247159548, -87.915848992 30.247366304, -87.915938265 30.247519455, -87.916037 30.247957, -87.916087 30.248238, -87.916078411 30.248487552, -87.916270034 30.248567549, -87.916510033 30.248600548, -87.917397034 30.248546548, -87.917588034 30.248557548, -87.917752034 30.248601549, -87.917809034 30.248623548, -87.917908084 30.248703177, -87.918026247 30.248842845, -87.91804583 30.248883454, -87.918105507 30.248961415, -87.918155312 30.249010934, -87.918327416 30.249340427, -87.918433769 30.249478628, -87.918611354 30.249665898, -87.918737901 30.249841569, -87.918776144 30.249875103, -87.918853323 30.250012443, -87.919001802 30.250208613, -87.919058517 30.250356775, -87.919122875 30.250444581, -87.919381211 30.25067603, -87.919508561 30.250819745, -87.919598401 30.25098943, -87.919951828 30.251462601, -87.920724261 30.252172981, -87.920981034 30.252318549, -87.921101035 30.252340549, -87.921462035 30.252235549, -87.921690035 30.252263549, -87.921912035 30.252384549, -87.921982035 30.252362549, -87.922052035 30.252274549, -87.922077035 30.252158549, -87.922166034 30.252081549, -87.922272898 30.252120489, -87.922416557 30.252282748, -87.922631842 30.252415598, -87.922853681 30.252684674, -87.923088376 30.25292088, -87.923449135 30.253224115, -87.92366387 30.253361533, -87.924184041 30.253763235, -87.924810846 30.254148591, -87.925017036 30.254244549, -87.925716813 30.254649684, -87.926154139 30.255017111, -87.926588036 30.25518455, -87.926775058 30.255331214, -87.927123131 30.25562212, -87.927393036 30.25576255, -87.927576037 30.25575155, -87.927773036 30.255795549, -87.928539037 30.25615855, -87.928609037 30.25616455, -87.928631848 30.256095593, -87.928574045 30.256018555, -87.928207224 30.25584802, -87.928047885 30.255705504, -87.927954519 30.255643775, -87.927538705 30.255543517, -87.927352128 30.255424125, -87.927002843 30.255133599, -87.926770349 30.254989439, -87.92672387 30.254907536, -87.926060264 30.254483457, -87.925996302 30.254373944, -87.925868865 30.254253547, -87.925546031 30.254049249, -87.925273615 30.253839713, -87.925052294 30.253580951, -87.924918851 30.25345558, -87.924830993 30.253399534, -87.924748228 30.253279015, -87.92458283 30.253130633, -87.92439972 30.253019654, -87.924358036 30.252967549, -87.924342596 30.252887724, -87.924246918 30.252778435, -87.924101518 30.252678775, -87.923790995 30.252525302, -87.923191703 30.252081085, -87.923165686 30.251969402, -87.923119494 30.251864791, -87.922556555 30.25125375, -87.922347445 30.251017738, -87.921827218 30.250754024, -87.921623861 30.250572554, -87.921371518 30.250412774, -87.92116 30.25036, -87.920792 30.25036, -87.920735 30.250393, -87.92064 30.250536, -87.920716 30.250762, -87.920651727 30.250790468, -87.920605053 30.250758514, -87.920414719 30.250467654, -87.920369987 30.250413314, -87.92020597 30.250291542, -87.920149636 30.250208404, -87.920101229 30.250100464, -87.919828276 30.249643453, -87.919701716 30.249418656, -87.919568992 30.249252534, -87.919352489 30.248933795, -87.91898613 30.24851049, -87.918896494 30.24836779, -87.918745469 30.248202419, -87.918719598 30.248152722, -87.918364991 30.247740534, -87.918282542 30.247619757, -87.918041466 30.247349747, -87.917785 30.247215, -87.917488 30.247083, -87.91731 30.247039001, -87.917032 30.246995, -87.916822 30.247, -87.916727 30.247028, -87.916588001 30.247099, -87.91652488 30.247099085, -87.916444837 30.247013597, -87.916223261 30.24671698, -87.91593797 30.246453341, -87.91570887 30.246288531, -87.915057517 30.245841774, -87.914827 30.245713, -87.914276 30.245432, -87.913718 30.245267, -87.913433 30.245130001, -87.913262 30.245119, -87.913179521 30.245096381, -87.913120965 30.245040932, -87.913112322 30.244983924, -87.913048949 30.244923373, -87.912808183 30.244753059, -87.912649868 30.244615533, -87.912504344 30.244521905, -87.911977849 30.244005578, -87.911915516 30.243965774, -87.9118525 30.243966001, -87.911845516 30.24403732, -87.912023122 30.244186128, -87.91207395 30.244257549, -87.912138445 30.244383423, -87.912371212 30.244593029, -87.912437032 30.244628548, -87.91273207 30.244863192, -87.912916759 30.245098633, -87.912999694 30.2452914, -87.91315668 30.245484674, -87.913207516 30.245616774, -87.913256516 30.245679703, -87.913258516 30.245764774, -87.913316344 30.245869438, -87.913325001 30.245938, -87.913275 30.245971, -87.913179439 30.24597146, -87.91296079 30.245781617, -87.912845938 30.245633394, -87.912586516 30.245451775, -87.9124 30.245344001, -87.912027 30.245162, -87.911906 30.245124, -87.911594815 30.245114294, -87.911543381 30.245077699, -87.911519032 30.245008548, -87.911525032 30.244947548, -87.911671032 30.244810548, -87.911667677 30.24476441, -87.911602 30.24475, -87.911457001 30.244871, -87.911406001 30.244882, -87.911323 30.244876, -87.911279 30.244854, -87.911114 30.244827, -87.910975001 30.244788001, -87.910702328 30.244684577, -87.910636637 30.244625404, -87.910584122 30.244511128, -87.910477515 30.244421774, -87.91031 30.244364001, -87.910171 30.244397, -87.910119705 30.244381221, -87.910008276 30.244251732, -87.909784001 30.244210001, -87.909488162 30.244081081, -87.909431515 30.244031774, -87.909328001 30.24399, -87.909214 30.243979, -87.908840001 30.243891, -87.908745007 30.243907386, -87.90881708 30.243988179, -87.908939641 30.244045368, -87.908989832 30.244085124, -87.909075869 30.244131531, -87.909270031 30.244160548, -87.909380862 30.244230546, -87.909510032 30.244276548, -87.909707031 30.244369548, -87.909878032 30.244397548, -87.909964697 30.244445022, -87.910033679 30.244537674, -87.910140531 30.244581548, -87.910251031 30.244556548, -87.910359031 30.244551548, -87.910410602 30.244601308, -87.910439384 30.244713216, -87.910597127 30.244846122, -87.910879032 30.244914547, -87.911119032 30.245002548, -87.911236977 30.245088327, -87.911370235 30.245209004, -87.911525032 30.245283548, -87.911610795 30.24535591, -87.91152 30.245393, -87.911349001 30.245333, -87.911102 30.245316001, -87.910893001 30.245278001, -87.910671 30.245283001, -87.910519 30.245267, -87.910225787 30.245218346, -87.910122516 30.245147774, -87.909904 30.245085, -87.909822 30.245041, -87.909663 30.244975, -87.9095905 30.244980001, -87.909583444 30.245032304, -87.909640162 30.245082081, -87.909829868 30.245203533, -87.910017032 30.245261548, -87.910156032 30.245326548, -87.910254828 30.245385633, -87.910448032 30.245470548, -87.910733031 30.245558548, -87.911265032 30.245541548, -87.911436032 30.245580548, -87.911943032 30.245569548, -87.912051032 30.245613548, -87.912225088 30.24575417, -87.912321194 30.245912472, -87.91247877 30.246116628, -87.912656171 30.246271072, -87.913121033 30.246433548, -87.913159705 30.246472221, -87.9131545 30.2465515, -87.912986 30.24662, -87.912894001 30.246719, -87.912799 30.246763, -87.912652772 30.246770375, -87.912383516 30.246589775, -87.912197 30.246532001, -87.912073272 30.246462969, -87.911999987 30.246393942, -87.911993032 30.246300548, -87.912108032 30.246025548, -87.912127032 30.245943548, -87.912105767 30.245879628, -87.912067251 30.245830747, -87.911691 30.245789, -87.911222 30.245696, -87.911146 30.245696, -87.911064 30.245729, -87.911006 30.245789, -87.91098575 30.24585525, -87.910949001 30.245927, -87.910911 30.24596, -87.910835 30.245971, -87.91074199 30.245935307, -87.910571516 30.245808775, -87.90981692 30.245401425, -87.909583516 30.245241774, -87.909436936 30.245170397, -87.909342516 30.245103775, -87.909283 30.245079, -87.909116 30.244985, -87.908276001 30.244584, -87.907921 30.244424, -87.907712001 30.244314, -87.907174 30.2441, -87.906649905 30.243872453, -87.906371515 30.243684774, -87.905844001 30.243533001, -87.905539 30.243395001, -87.905305001 30.243313, -87.905085173 30.243211068, -87.905009515 30.243144774, -87.904268 30.242796, -87.90369 30.242575, -87.903259 30.242476, -87.902942 30.242416, -87.90267 30.242311, -87.902492 30.242223, -87.902271 30.242162, -87.90191 30.242041, -87.901669 30.241926001, -87.901004 30.241678, -87.900731 30.241612001, -87.900168 30.241397, -87.899743 30.241282, -87.89942 30.241171, -87.898527 30.240775, -87.89835 30.240731, -87.896836 30.240258001, -87.895537001 30.239933001, -87.895176 30.2399, -87.894694 30.239800001, -87.89427 30.239679, -87.894042 30.239646, -87.893712 30.239575, -87.89363 30.239575, -87.893288 30.239536, -87.892876 30.23947, -87.892648001 30.239398, -87.892452 30.239376, -87.892224 30.239365001, -87.89197 30.23931, -87.891683649 30.23931165, -87.891561513 30.239235774, -87.891464 30.239211, -87.891356 30.2392, -87.891166 30.239282, -87.891014 30.239299, -87.89064 30.239266001, -87.890157734 30.239200453, -87.889952513 30.239065774, -87.889557 30.239009, -87.889086 30.238999, -87.888497001 30.238921, -87.887854 30.238862, -87.886716 30.238788, -87.885955 30.238935, -87.884647 30.238922, -87.884577 30.238906001, -87.884286 30.238922, -87.884216 30.238900001, -87.883925 30.238851, -87.883779 30.238850001, -87.883304 30.238894, -87.882968 30.238856001, -87.882664001 30.238872, -87.882461 30.238850001, -87.882373 30.238822, -87.882005 30.238822, -87.881885 30.238795, -87.881543 30.238811, -87.881441 30.238800001, -87.880953 30.238816, -87.880105 30.238904001, -87.878559001 30.238942, -87.878115 30.23903, -87.877418 30.239051, -87.876607 30.239095, -87.876284 30.239029, -87.876056001 30.239056, -87.875568001 30.239067001, -87.875391 30.239084, -87.875264 30.239116, -87.875112001 30.239166, -87.874989 30.239149, -87.874349 30.239137, -87.874242 30.239159001, -87.87395 30.239159001, -87.873595 30.239093, -87.873443 30.239099, -87.872956 30.239204, -87.872398001 30.239232, -87.872024 30.239259, -87.871866 30.239215, -87.87167 30.239237, -87.871467 30.239287001, -87.871283 30.239265, -87.871188 30.239243001, -87.871068 30.239265, -87.870922 30.239337, -87.870441 30.239425, -87.869459 30.239513001, -87.868901 30.23958, -87.868445 30.239712, -87.867913001 30.239762001, -87.867425 30.239822, -87.867191 30.239806, -87.867115 30.239784, -87.867007 30.239795, -87.8669595 30.2398365, -87.866741 30.239861, -87.866602 30.2399, -87.866234 30.239955, -87.866076561 30.239938682, -87.866024319 30.239878442, -87.86593 30.239845001, -87.865734 30.239845001, -87.865214 30.239768001, -87.864821 30.239774, -87.864258 30.239818, -87.863174 30.239989, -87.862459 30.240144, -87.86185 30.240265, -87.86142 30.24032, -87.860514 30.240485, -87.859152 30.240838001, -87.858411001 30.241097, -87.857866 30.241245001, -87.857144001 30.241455001, -87.856878 30.241493001, -87.856783 30.241526, -87.856745 30.241581, -87.856719 30.241647, -87.856662001 30.241741, -87.856371 30.241851001, -87.855414 30.242132, -87.855079 30.242193, -87.854673 30.242341, -87.853767 30.242595, -87.853704 30.242655, -87.8536405 30.24276, -87.853539 30.242804, -87.852716 30.242864, -87.852590743 30.242859153, -87.852543854 30.242683403, -87.852462 30.242656001, -87.852323 30.242689, -87.851936 30.242848, -87.851746 30.242964, -87.851639001 30.243085, -87.851569 30.243107, -87.851493 30.243096, -87.851441549 30.243079354, -87.851242508 30.242889775, -87.851113 30.242854, -87.850935 30.242882, -87.850809 30.24292, -87.850568 30.243096, -87.850492 30.243135001, -87.850429 30.243179, -87.850282664 30.243195787, -87.850146878 30.243087576, -87.850098014 30.243019549, -87.850092015 30.242947549, -87.850104015 30.242887549, -87.850148015 30.242788549, -87.850262014 30.242628549, -87.850260451 30.242515422, -87.850224724 30.242467072, -87.85008 30.242409, -87.849865 30.242425, -87.849725001 30.242491, -87.849592001 30.242645, -87.8492 30.242805, -87.8490505 30.2429265, -87.848927 30.242965, -87.848845143 30.242925908, -87.848794331 30.242860954, -87.848808514 30.242733549, -87.848913014 30.242678549, -87.849059015 30.24267355, -87.849147015 30.242634549, -87.849192015 30.242579549, -87.849280015 30.242496549, -87.849420015 30.242458549, -87.849477014 30.242408549, -87.849565014 30.24231555, -87.849698014 30.242282549, -87.849762015 30.242254549, -87.849863014 30.242161549, -87.849952015 30.242144549, -87.850243015 30.242260549, -87.850300015 30.242265549, -87.850414015 30.242238549, -87.850490015 30.242139549, -87.850554014 30.242111549, -87.850680015 30.242128549, -87.850763015 30.242045549, -87.850801015 30.241940549, -87.850791472 30.241877799, -87.850609406 30.241679429, -87.850560015 30.241583549, -87.850560015 30.241401549, -87.850648015 30.241280549, -87.850769015 30.241209549, -87.850902015 30.241176549, -87.851200015 30.241198549, -87.851681015 30.241385549, -87.851852015 30.241429549, -87.851900126 30.241470113, -87.85193338 30.241530433, -87.852001508 30.241733775, -87.852034249 30.241789459, -87.852109792 30.242097681, -87.852201015 30.242099549, -87.852226015 30.242028549, -87.852220016 30.241566549, -87.852264015 30.241401549, -87.852289015 30.241351549, -87.852315015 30.241274549, -87.852315015 30.241186549, -87.852279929 30.241102393, -87.852128508 30.241002775, -87.852018 30.240972, -87.851619 30.240995, -87.850992 30.24105, -87.850726001 30.241094001, -87.849991 30.241259, -87.849725001 30.241303001, -87.84949 30.241391, -87.849402001 30.241391, -87.849325315 30.241375588, -87.849221079 30.241283504, -87.849113233 30.241113463, -87.848966753 30.240860632, -87.848858835 30.240723587, -87.848637532 30.240585758, -87.848574647 30.240513405, -87.848523199 30.240399062, -87.848451 30.240357, -87.848369 30.240368, -87.848115 30.240490001, -87.847938 30.240556, -87.847837001 30.240649, -87.847754 30.240759001, -87.847704001 30.240858001, -87.847712507 30.240959775, -87.847845578 30.241113729, -87.847870159 30.241165268, -87.847856 30.241557, -87.847837001 30.241694, -87.8477835 30.241936001, -87.847698 30.242162, -87.847691 30.242233, -87.847483001 30.242795, -87.847451 30.242861, -87.847350001 30.243031, -87.847109001 30.243218, -87.847084 30.243273, -87.847098506 30.243347775, -87.847168801 30.24344061, -87.847269094 30.24352415, -87.847342014 30.24355355, -87.847539014 30.24355355, -87.847760014 30.24354255, -87.847938014 30.243509549, -87.848147015 30.24343255, -87.848425014 30.243366549, -87.848768015 30.243355549, -87.848863014 30.243366549, -87.849065015 30.243333549, -87.849106514 30.24329205, -87.849138014 30.243239549, -87.849300015 30.24304755, -87.849314924 30.24300158, -87.849186078 30.242983729, -87.849173015 30.242931549, -87.849287014 30.242854549, -87.849623015 30.242705549, -87.849933015 30.242529549, -87.850047014 30.242518549, -87.85010366 30.242553616, -87.850112 30.242667, -87.8500865 30.242722, -87.849992001 30.242876, -87.849973 30.242926001, -87.849973 30.242992, -87.850000508 30.243104775, -87.850095798 30.243230611, -87.850184077 30.243303172, -87.850244015 30.243316549, -87.850402015 30.24329955, -87.850516015 30.243255549, -87.850614514 30.24320055, -87.850719015 30.243112549, -87.850972015 30.24296955, -87.8511365 30.242975531, -87.851197769 30.243054625, -87.851260978 30.243183285, -87.851259001 30.243266, -87.851227 30.243305001, -87.850993001 30.243393, -87.850834 30.243415, -87.850486 30.243421001, -87.850119 30.243525, -87.850011 30.24358, -87.849954 30.243641, -87.849872 30.243778, -87.849789 30.24385, -87.849472 30.243977001, -87.84901 30.244147001, -87.848693 30.244279, -87.848548 30.244384, -87.848478 30.244384, -87.84837 30.244411, -87.848142 30.244533, -87.847737 30.24472, -87.847515 30.244841, -87.8474265 30.244882, -87.847401001 30.244951, -87.847325 30.244995, -87.847097 30.245077001, -87.846685 30.245287, -87.846375001 30.245424, -87.846236 30.245501001, -87.846133073 30.245529882, -87.846066507 30.245476775, -87.845919 30.245474, -87.845209 30.245694, -87.844462 30.245964001, -87.844227 30.246019, -87.843644 30.246201, -87.843562 30.246245, -87.842859 30.246481, -87.841674 30.24696, -87.840515 30.247406001, -87.840002 30.247610001, -87.8394 30.247890001, -87.838519 30.248215001, -87.837715 30.248573, -87.837613 30.248589001, -87.837119001 30.248727, -87.836783 30.248848001, -87.836593 30.248931001, -87.835922 30.249162, -87.835763 30.249211, -87.835282 30.249305, -87.835086 30.249365, -87.834978 30.249415, -87.834636001 30.249514001, -87.834522 30.249536, -87.834395001 30.249531, -87.834116 30.249657, -87.833597 30.249822, -87.83332367 30.249883281, -87.833283584 30.249853932, -87.833244505 30.249808776, -87.833077 30.249839, -87.832919 30.249905, -87.832640001 30.25007, -87.832564 30.250092001, -87.831588 30.250043, -87.831449697 30.250042622, -87.83142201 30.250004551, -87.831400697 30.249951661, -87.831356218 30.249896655, -87.83129 30.249867, -87.831164 30.249883001, -87.830948 30.249938, -87.830739 30.24996, -87.830479 30.25007, -87.8302095 30.2502005, -87.829784 30.250384, -87.829413001 30.250573, -87.82897 30.250859, -87.828716 30.251046001, -87.828127 30.251371, -87.828032 30.251404, -87.827913355 30.251381752, -87.827896611 30.25130601, -87.827856084 30.25123116, -87.827768504 30.251158776, -87.827615972 30.251090265, -87.827631009 30.250957552, -87.82762172 30.250844763, -87.827563 30.250809, -87.82748301 30.250780258, -87.827434891 30.250742313, -87.827413289 30.250542945, -87.827292504 30.250426776, -87.82717 30.250402, -87.827094001 30.250402, -87.826866 30.25049, -87.826733 30.25049, -87.826055 30.250414, -87.825973 30.250414, -87.825826523 30.250370379, -87.825761939 30.250308934, -87.825751008 30.250210552, -87.825764008 30.249966551, -87.825802009 30.249823551, -87.825784801 30.249674237, -87.8256955 30.249733001, -87.825632001 30.249862001, -87.825554 30.25032, -87.825453 30.250386, -87.825244 30.250469, -87.824965001 30.250546001, -87.824807 30.250634, -87.8247085 30.250730001, -87.824192 30.250617, -87.824002 30.250628, -87.82392 30.250683, -87.823889252 30.250764324, -87.823922393 30.250817856, -87.824026008 30.250793552, -87.824115007 30.250754552, -87.824216008 30.250754552, -87.824324008 30.250782552, -87.824527008 30.250897552, -87.824609008 30.250914552, -87.824793008 30.250897552, -87.825002008 30.250798552, -87.825274008 30.250699552, -87.825521008 30.250771552, -87.826136008 30.251013552, -87.826253093 30.251110148, -87.826358008 30.251156552, -87.826466432 30.251255465, -87.82649442 30.251329533, -87.826564369 30.251400876, -87.826643009 30.251381552, -87.826795009 30.251310552, -87.826871008 30.251299552, -87.827327009 30.251337552, -87.827422009 30.251359552, -87.827521148 30.251445084, -87.827663009 30.251425552, -87.827728624 30.251461171, -87.82774 30.251519, -87.827703 30.251618, -87.82762 30.251712001, -87.827563 30.251761, -87.827278 30.251919, -87.82672 30.252174, -87.826429 30.252273, -87.826233 30.252372, -87.826093 30.252418, -87.825795 30.252515, -87.825212 30.252763, -87.82513 30.252779, -87.824915 30.252796, -87.824642001 30.252884, -87.824376 30.252988, -87.824135 30.253032, -87.823952 30.253181, -87.823844 30.253181, -87.823743 30.253164, -87.823312 30.253269001, -87.823198 30.253307, -87.822995001 30.253357, -87.821474 30.253835001, -87.820771 30.253995, -87.819883 30.254113, -87.819535 30.254221, -87.819358 30.254243001, -87.818832 30.254430001, -87.818433 30.254584, -87.817844001 30.25471, -87.817630862 30.254726694, -87.817623669 30.254334479, -87.817495001 30.254314, -87.817482 30.254556, -87.817438001 30.254578, -87.817223001 30.254617, -87.816545 30.254639, -87.81548 30.254661, -87.815246 30.254688, -87.814656 30.254622, -87.814327 30.254617, -87.813972 30.254666, -87.813681 30.254677, -87.81355437 30.254654779, -87.813461035 30.25451522, -87.813391503 30.254459776, -87.81325 30.254408, -87.812844 30.254325, -87.812458 30.254221, -87.812020001 30.254237, -87.811425001 30.254298, -87.810405 30.254265001, -87.810005 30.254232001, -87.809746 30.254226, -87.809524 30.254243001, -87.808909 30.254177, -87.808155 30.254045, -87.807883 30.253990001, -87.807636 30.253968, -87.807300001 30.253907, -87.806907 30.253792, -87.80673 30.253726001, -87.806229 30.253583001, -87.805773 30.253489001, -87.805602001 30.253478, -87.804898 30.253599, -87.804379 30.253637, -87.803587 30.253637, -87.80301 30.253593, -87.802307 30.253483, -87.801838 30.253434001, -87.799772 30.253268, -87.799684 30.253219, -87.799487 30.253142, -87.799379 30.253142, -87.799227 30.253175, -87.798949 30.253213, -87.79803 30.253153001, -87.797814001 30.253175, -87.797016 30.253285, -87.796104 30.253356, -87.795419 30.253461, -87.795083 30.253466, -87.794488 30.25357, -87.793829 30.253581, -87.793341 30.253631, -87.792384 30.253807001, -87.792188 30.253834, -87.791921 30.253845001, -87.790800001 30.254092, -87.790274 30.254246, -87.789526 30.254411, -87.789102001 30.25456, -87.789045001 30.254587, -87.788702001 30.254670001, -87.788050001 30.254857, -87.787511001 30.254955, -87.78696 30.255109, -87.786694 30.255159001, -87.786487 30.255215001, -87.786193001 30.255263, -87.785591 30.255467, -87.78395 30.255857, -87.783652 30.255945, -87.783284001 30.256077, -87.782575 30.256308001, -87.782258001 30.256429, -87.781567 30.256731, -87.781396001 30.256835001, -87.781263 30.256896001, -87.780995001 30.257054, -87.780369 30.257314, -87.780033 30.257391, -87.779672001 30.25744, -87.779444 30.257446, -87.778804 30.257506, -87.778012 30.257616, -87.777657 30.257709001, -87.777473 30.257792, -87.777232 30.257929001, -87.776795 30.258127, -87.776174 30.258451, -87.775787 30.258699, -87.775432 30.258869001, -87.774767001 30.259166, -87.774279001 30.259364, -87.77355 30.259721, -87.773309 30.259892, -87.772992001 30.260079, -87.772751 30.260211, -87.772276 30.260518, -87.772159 30.260609001, -87.771661 30.260931, -87.770704 30.261475, -87.770558 30.26158, -87.770292 30.261744, -87.769874 30.261981, -87.769474 30.262146, -87.769176 30.262294, -87.76865 30.262498, -87.768359001 30.262624, -87.768181 30.262728, -87.768131 30.262772001, -87.768067 30.2628, -87.767947 30.262915, -87.76775 30.263163, -87.767712001 30.263229001, -87.767655 30.263273001, -87.767623 30.263339, -87.767617 30.263482, -87.767547 30.263575001, -87.767459 30.263647, -87.767357 30.263702, -87.7673 30.26379, -87.767302496 30.263902779, -87.767341328 30.263973447, -87.767545993 30.264070557, -87.767616294 30.264131607, -87.7676265 30.264238501, -87.767617 30.26429, -87.767515 30.264390001, -87.767325 30.264631, -87.767268 30.264664, -87.766938 30.264923001, -87.766742 30.265038, -87.766514 30.265115, -87.766393 30.265269, -87.766403356 30.265405511, -87.766399001 30.265539001, -87.766374 30.265599, -87.766317001 30.265693001, -87.766209001 30.265781, -87.765962 30.265885, -87.765911001 30.265951, -87.765886001 30.266017001, -87.765861 30.266204001, -87.765689 30.266452, -87.765676 30.266523, -87.765597 30.266688, -87.765515 30.2667875, -87.765366 30.266787, -87.765051866 30.266749534, -87.764989598 30.266695414, -87.764939992 30.266583557, -87.764938625 30.266277412, -87.764889992 30.266165557, -87.764881214 30.26610747, -87.764803659 30.265975363, -87.764669 30.265907, -87.764386272 30.265786781, -87.764426992 30.265741557, -87.764578992 30.265747557, -87.764686992 30.265697557, -87.764838992 30.265554557, -87.764908992 30.265527557, -87.765016992 30.265527557, -87.765104992 30.265560557, -87.765218992 30.265615557, -87.765355491 30.265607057, -87.765359486 30.265540785, -87.765056 30.26539, -87.764948 30.26539, -87.764841 30.265412, -87.764517 30.265599, -87.764378 30.265626, -87.764262224 30.265630168, -87.764166992 30.265560557, -87.764141991 30.265493557, -87.764135992 30.265306557, -87.764103992 30.265246557, -87.764059991 30.265224557, -87.764008991 30.265174557, -87.763812992 30.265119557, -87.763622992 30.265020557, -87.763539992 30.265009557, -87.763476992 30.265086557, -87.763349992 30.265114557, -87.763222992 30.265081557, -87.763115991 30.265025557, -87.763070991 30.265047557, -87.763020992 30.265185557, -87.762981992 30.265235557, -87.762893992 30.265256557, -87.762791992 30.265185557, -87.762734992 30.265168557, -87.762557991 30.265157557, -87.762443991 30.265124557, -87.762449991 30.265179557, -87.762551991 30.265234557, -87.762798991 30.265295557, -87.762829991 30.265350557, -87.762861991 30.265430057, -87.762981992 30.265394557, -87.763032992 30.265350557, -87.763070991 30.265278557, -87.763153991 30.265185557, -87.763311991 30.265191557, -87.763355992 30.265213557, -87.763438991 30.265213557, -87.763520992 30.265169557, -87.763919992 30.265257557, -87.763970992 30.265301557, -87.763957991 30.265361557, -87.763811992 30.265598557, -87.763786992 30.265675557, -87.763792991 30.265763557, -87.763843992 30.265807557, -87.763976992 30.265851557, -87.764145142 30.265887582, -87.7641465 30.265956001, -87.763972001 30.266011, -87.763833352 30.266106683, -87.763758492 30.266181558, -87.763570992 30.266324557, -87.763330992 30.266417557, -87.763247992 30.266467557, -87.763190992 30.266522557, -87.763127991 30.266599557, -87.762962991 30.266819557, -87.762911991 30.266912558, -87.762879991 30.266951557, -87.762822992 30.266984558, -87.762746991 30.266945557, -87.762645991 30.266747557, -87.762531991 30.266659558, -87.762480991 30.266643557, -87.762379991 30.266654557, -87.762341991 30.266708558, -87.762325991 30.266827058, -87.762252992 30.266807558, -87.762182991 30.266829557, -87.762157991 30.266898557, -87.762106991 30.266994558, -87.762131991 30.267033557, -87.762182991 30.267011558, -87.762258991 30.266923557, -87.762315991 30.266923557, -87.762372991 30.266956558, -87.762439491 30.266937558, -87.762455991 30.266813558, -87.762515991 30.266789057, -87.762562991 30.266830557, -87.762588991 30.266978557, -87.762645991 30.267061557, -87.762740992 30.267088557, -87.762848991 30.267088557, -87.762930992 30.267066557, -87.763031992 30.266967557, -87.763044991 30.266918557, -87.763165992 30.266742557, -87.763247992 30.266681557, -87.763298992 30.266681557, -87.763412992 30.266764557, -87.763399991 30.266836058, -87.763279991 30.266863557, -87.763202991 30.266923557, -87.763120991 30.267083558, -87.763057992 30.267154558, -87.762930992 30.267248558, -87.762904992 30.267303558, -87.762911991 30.267402557, -87.762961991 30.267484557, -87.763037992 30.267572557, -87.763067261 30.267711727, -87.763177991 30.267776557, -87.763367991 30.267743558, -87.763464001 30.26779584, -87.763464001 30.267870001, -87.763432 30.267909001, -87.763312 30.267969, -87.763242 30.267958, -87.763147 30.267925, -87.763014 30.267947, -87.762946112 30.267990606, -87.76289883 30.268052853, -87.762868 30.268233, -87.762818001 30.268348, -87.762740361 30.268348535, -87.762659504 30.268236916, -87.762593991 30.268199558, -87.762492992 30.268210558, -87.762416992 30.268238558, -87.762372991 30.268298557, -87.762346991 30.268381558, -87.762289991 30.268441558, -87.762245492 30.268403058, -87.762283992 30.268337558, -87.762289991 30.268161558, -87.762226992 30.268117558, -87.762099991 30.268128558, -87.762011992 30.268155558, -87.761957991 30.268084558, -87.761941991 30.267946557, -87.761827991 30.267863558, -87.761801992 30.267819558, -87.761675991 30.267808557, -87.761542991 30.267836557, -87.761472991 30.267891558, -87.761472991 30.267951558, -87.761561991 30.267935558, -87.761611992 30.267913558, -87.761662992 30.267924558, -87.761776991 30.267990558, -87.761770992 30.268094558, -87.761960992 30.268276558, -87.762042992 30.268276558, -87.762124992 30.268210558, -87.762194991 30.268221558, -87.762201992 30.268298557, -87.762067992 30.268419558, -87.762074991 30.268507558, -87.762175992 30.268568558, -87.762251992 30.268579558, -87.762371991 30.268546558, -87.762429991 30.268485558, -87.762467992 30.268378558, -87.762524992 30.268326558, -87.762579815 30.268331367, -87.762617168 30.268443778, -87.762685839 30.268489548, -87.762815992 30.268469558, -87.762929992 30.268386558, -87.762980992 30.268293558, -87.762995242 30.268223308, -87.763037992 30.268161557, -87.763088992 30.268150558, -87.763272992 30.268139558, -87.763392991 30.268051558, -87.763551991 30.267958557, -87.763601992 30.267903558, -87.763633991 30.267820558, -87.763625301 30.267718927, -87.763574525 30.267660872, -87.763515001 30.267623, -87.763337058 30.267639895, -87.763272738 30.267588268, -87.763245596 30.267459717, -87.763145992 30.267341558, -87.763126991 30.267270557, -87.763152991 30.267231557, -87.763247992 30.267160557, -87.763285991 30.267044558, -87.763367991 30.267006557, -87.763450992 30.266995557, -87.763551991 30.266945557, -87.763595992 30.266885558, -87.763574625 30.2667507, -87.763494992 30.266654557, -87.763529992 30.266549558, -87.763735992 30.266516557, -87.763811992 30.266489557, -87.764217992 30.266143557, -87.764337992 30.266088557, -87.764534992 30.266049557, -87.764616992 30.266071557, -87.764736602 30.266172538, -87.764758 30.266363, -87.764745 30.266413, -87.764739 30.266649001, -87.764785496 30.266778779, -87.764848214 30.266867635, -87.764865001 30.266996, -87.76484 30.267089, -87.764745 30.267177, -87.764586 30.267227001, -87.764548 30.26726, -87.764531496 30.267344779, -87.764592836 30.267409613, -87.764774992 30.267430557, -87.764855187 30.267462832, -87.7648988 30.267545314, -87.764890001 30.267623, -87.7647475 30.2678185, -87.764573 30.267992, -87.764459 30.268142501, -87.764459001 30.268415, -87.764402 30.268503, -87.764224 30.268668, -87.764085001 30.268750001, -87.763977001 30.268783001, -87.763711 30.268849, -87.763464001 30.268943, -87.763261 30.269064, -87.763090001 30.269135, -87.76288 30.269273, -87.762817 30.269339001, -87.762757 30.2693775, -87.762716 30.269443, -87.762633001 30.269509, -87.762519 30.269652, -87.762494001 30.269696001, -87.762443001 30.26974, -87.762411 30.269811, -87.762310001 30.269916, -87.762075 30.270202, -87.761999 30.270345, -87.76198 30.270449, -87.761948 30.27051, -87.761936 30.270719001, -87.761916 30.270812, -87.761891 30.270856, -87.761878 30.270928, -87.7618185 30.2710515, -87.761758 30.271148, -87.7617355 30.271202501, -87.761542 30.271472, -87.761504001 30.271599001, -87.761498 30.271802, -87.761409 30.271989001, -87.761155001 30.272457, -87.761111 30.272567, -87.761041 30.272682, -87.760914001 30.27282, -87.760781001 30.272869, -87.76028 30.273007001, -87.760153 30.273084, -87.759805 30.273342, -87.759672 30.273375, -87.759586064 30.27337096, -87.759530991 30.273314559, -87.759530991 30.273176559, -87.759631991 30.273061559, -87.759657991 30.273011559, -87.759828991 30.272808559, -87.759841991 30.272753559, -87.759872991 30.272692559, -87.75988249 30.272649059, -87.759878213 30.272596471, -87.759838738 30.272530501, -87.759761 30.2725, -87.759609 30.272522, -87.759526 30.272572, -87.759349001 30.272704, -87.759253291 30.27271561, -87.75918276 30.272653542, -87.759137991 30.272456558, -87.75916049 30.272376559, -87.759157491 30.272236559, -87.75911999 30.272175559, -87.75901199 30.272125559, -87.758846991 30.272136559, -87.75868899 30.272197559, -87.758605991 30.272197559, -87.758554991 30.272175559, -87.758542991 30.272131559, -87.758726991 30.272004559, -87.758764991 30.271914058, -87.75871999 30.271872559, -87.75834599 30.271894559, -87.75825799 30.271856559, -87.758266991 30.271796059, -87.75850499 30.271762559, -87.758656991 30.271680559, -87.75866399 30.271625559, -87.758599991 30.271564559, -87.75853699 30.271537558, -87.75847999 30.271526559, -87.75826399 30.271443558, -87.75820449 30.271380559, -87.75822799 30.271263809, -87.75826399 30.271212559, -87.75850499 30.271185558, -87.75856199 30.271135558, -87.758600991 30.270987559, -87.75861299 30.270739559, -87.75869899 30.270726058, -87.75887899 30.270921559, -87.75897399 30.270907559, -87.75903799 30.270734558, -87.75908899 30.270712558, -87.75915199 30.270717558, -87.75927899 30.270767558, -87.759379991 30.270756559, -87.75941799 30.270673558, -87.759392991 30.270602558, -87.759297991 30.270514558, -87.75933599 30.270305558, -87.759405991 30.270250559, -87.759500991 30.270228558, -87.759551991 30.270250559, -87.75955099 30.270310559, -87.759500991 30.270365558, -87.759487991 30.270448558, -87.759493991 30.270547558, -87.75951999 30.270591558, -87.75960199 30.270668558, -87.75968399 30.270707559, -87.759835991 30.270701558, -87.75995099 30.270668558, -87.760019991 30.270580559, -87.760083991 30.270481558, -87.760184991 30.270415559, -87.760266991 30.270421558, -87.760374991 30.270454558, -87.760596991 30.270404558, -87.760729992 30.270360558, -87.760856991 30.270278558, -87.76096863 30.270284537, -87.760972 30.270366001, -87.760922 30.270438, -87.760769957 30.270560306, -87.760697991 30.270602558, -87.760228991 30.270608558, -87.760140991 30.270712558, -87.760165991 30.270811558, -87.760304991 30.270954559, -87.760387991 30.270993558, -87.760501491 30.270974058, -87.760513991 30.270888559, -87.760494991 30.270833558, -87.760539991 30.270784558, -87.760970992 30.270652558, -87.761046991 30.270581559, -87.761141991 30.270443559, -87.761166991 30.270377558, -87.76113652 30.270194264, -87.761099981 30.270117304, -87.761034991 30.270047558, -87.760964991 30.270003558, -87.760862991 30.270025558, -87.760786991 30.270091558, -87.760755991 30.270135558, -87.760571991 30.270278558, -87.760488991 30.270300558, -87.760400991 30.270294559, -87.760172991 30.270206558, -87.759924991 30.270162558, -87.759595991 30.270063558, -87.759405991 30.270074558, -87.759303991 30.270112558, -87.759234991 30.270184558, -87.759221991 30.270233558, -87.75920299 30.270431559, -87.75917099 30.270503559, -87.759113991 30.270547558, -87.75899649 30.270580559, -87.758948991 30.270618558, -87.75884799 30.270618558, -87.75877199 30.270552559, -87.75866399 30.270552559, -87.758619991 30.270574558, -87.758562991 30.270640558, -87.75853699 30.270695559, -87.758517991 30.270838559, -87.75847999 30.270893558, -87.75839799 30.270970559, -87.75818199 30.271085558, -87.75814999 30.271129559, -87.758061991 30.271300559, -87.75807999 30.271536558, -87.75813099 30.271581559, -87.75842299 30.271614558, -87.758472991 30.271630559, -87.75846049 30.271683059, -87.75836599 30.271685559, -87.75829599 30.271669559, -87.758143991 30.271685559, -87.75807999 30.271735558, -87.75807999 30.271834559, -87.75812499 30.271894559, -87.75823199 30.271966558, -87.75851749 30.271988559, -87.758497991 30.272059559, -87.75844799 30.272087559, -87.758352991 30.272114559, -87.75828899 30.272158559, -87.75828899 30.272257559, -87.75838749 30.272340059, -87.75861199 30.272318559, -87.758738991 30.272290559, -87.75883399 30.272296559, -87.758903991 30.272332059, -87.758903991 30.272433559, -87.758871991 30.272483559, -87.75886724 30.272563059, -87.759032231 30.272766208, -87.759184637 30.272900751, -87.759302991 30.272885559, -87.759543991 30.272758559, -87.759601002 30.272763989, -87.759590001 30.272819, -87.759387 30.273028, -87.759304 30.273166, -87.759272001 30.273243, -87.759247001 30.273331001, -87.759262422 30.273415316, -87.759357148 30.273499076, -87.759618991 30.273594559, -87.759815991 30.273639559, -87.759894875 30.273692469, -87.759995199 30.273809875, -87.760001001 30.273947001, -87.76002 30.274052001, -87.760001001 30.274145, -87.759969 30.274206, -87.759918 30.274244, -87.759728 30.274321, -87.759532 30.274426, -87.759329001 30.274607, -87.759259 30.274689, -87.759202 30.274783, -87.758980001 30.275036, -87.758536 30.275382, -87.758314 30.275542, -87.758073 30.275762, -87.757889 30.276004001, -87.757775 30.276125, -87.757636001 30.276295, -87.757528001 30.276405, -87.757204 30.276636, -87.7570375 30.2766945, -87.756678 30.276652001, -87.756534882 30.276589454, -87.75641513 30.276506493, -87.75635999 30.27641556, -87.756358041 30.27635252, -87.756293827 30.276237572, -87.756224495 30.27619278, -87.756172 30.276168, -87.756045001 30.276184, -87.75595 30.276234, -87.755867 30.276234, -87.755807037 30.276204454, -87.75575799 30.27615156, -87.75572999 30.27589006, -87.75562499 30.27587056, -87.755574989 30.27588156, -87.75550499 30.275942559, -87.75545399 30.275942559, -87.755441989 30.275799559, -87.75539099 30.275777559, -87.75531499 30.275798559, -87.75532749 30.27587056, -87.75533999 30.27606356, -87.75538399 30.276101559, -87.75551099 30.27608556, -87.75561299 30.27603306, -87.755656989 30.27607956, -87.75566299 30.276222559, -87.75568199 30.27627756, -87.755781131 30.276363094, -87.75613199 30.27636056, -87.756200742 30.276392971, -87.756280122 30.276532433, -87.756370413 30.276643839, -87.756432908 30.276688407, -87.75672099 30.27676256, -87.75682899 30.276811559, -87.756919596 30.276879997, -87.756944 30.276927, -87.756938001 30.27701, -87.756843 30.277125, -87.756589001 30.277323, -87.756462 30.277411, -87.756196 30.277571, -87.756019 30.277686, -87.755905699 30.277623924, -87.755854 30.277614, -87.755765 30.277702, -87.755721 30.277807, -87.755664 30.277878, -87.75541 30.278109, -87.755302 30.278258, -87.755308 30.278335, -87.755346 30.278434001, -87.755359 30.278511001, -87.755353001 30.278654, -87.755334 30.278709001, -87.755357464 30.278908583, -87.755386495 30.279030781, -87.755494826 30.2791956, -87.755639475 30.279371794, -87.755672355 30.279432444, -87.75572 30.279595, -87.755775952 30.279889257, -87.755828131 30.279962467, -87.755873495 30.28031278, -87.755898352 30.280353405, -87.755865 30.280783001, -87.755839 30.280877, -87.75582 30.281003, -87.755763001 30.281218, -87.755725 30.281465, -87.7557 30.281526, -87.755681001 30.281636001, -87.755623 30.28179, -87.755547 30.2819, -87.755471001 30.281927001, -87.755268 30.281954, -87.754996 30.281954, -87.754806 30.282059, -87.754438 30.282125001, -87.754280001 30.282119, -87.75402 30.282036, -87.753829001 30.282113001, -87.753576 30.282124, -87.753418001 30.282091001, -87.753285791 30.282050664, -87.753109495 30.281944781, -87.752917 30.281871, -87.752581 30.281843001, -87.752315 30.281802, -87.752131 30.281744, -87.751884001 30.281601, -87.751459 30.281463, -87.750712 30.281391, -87.750426 30.281336, -87.749986001 30.281231, -87.749808 30.281175, -87.749675 30.281148, -87.749396001 30.281104, -87.749168 30.281093001, -87.748965001 30.28106, -87.748585001 30.280967001, -87.748433 30.280912001, -87.748287 30.280868, -87.747970001 30.280813001, -87.74785 30.280802, -87.747355 30.280687, -87.74714 30.280610001, -87.746924 30.280549001, -87.746677001 30.280461, -87.746569001 30.280434, -87.746392 30.280423, -87.746081 30.280374, -87.745885 30.280352, -87.745618 30.280291, -87.745397 30.280226, -87.745225001 30.280187, -87.745023 30.280132, -87.744845001 30.280094, -87.744642 30.280066, -87.743793001 30.279984, -87.743539 30.279924001, -87.743298 30.27988, -87.742988001 30.279809, -87.742829001 30.279781001, -87.742196 30.279616, -87.741885001 30.279545001, -87.741829857 30.279521502, -87.741652493 30.27941078, -87.741555 30.279391001, -87.741409 30.279402, -87.741321 30.279402, -87.741232 30.279391001, -87.740826 30.279314001, -87.740760674 30.279274001, -87.740737017 30.279126942, -87.740633001 30.279075, -87.740528 30.2791, -87.740478 30.279122, -87.740395 30.279139, -87.73978 30.279062, -87.739597 30.279001001, -87.739362 30.278952, -87.739197 30.27893, -87.739058001 30.278897, -87.738804 30.278815, -87.738684 30.278793, -87.738576 30.278743, -87.737866 30.278611001, -87.737758 30.278612001, -87.737239 30.278562001, -87.737029 30.278562001, -87.736789 30.278573, -87.736605001 30.27859, -87.736053 30.278552, -87.735831 30.278502, -87.735641001 30.27848, -87.735487624 30.278443683, -87.73540893 30.278395364, -87.735295729 30.278312644, -87.735245546 30.278246421, -87.73520705 30.278163516, -87.735049985 30.277908561, -87.734998376 30.277756441, -87.734922984 30.277594561, -87.734884984 30.277402561, -87.734859985 30.277314561, -87.734865984 30.277215561, -87.734928984 30.277000561, -87.735239984 30.27654956, -87.735359984 30.276450561, -87.735467984 30.27637956, -87.735860984 30.27623056, -87.735986985 30.27619756, -87.736202985 30.276164561, -87.736316985 30.27610356, -87.736455984 30.27601056, -87.736519985 30.27597756, -87.736664985 30.275883561, -87.736791985 30.27584456, -87.736874985 30.27581156, -87.736981985 30.27572356, -87.737114985 30.27564156, -87.737285985 30.275503561, -87.737437985 30.27529456, -87.737545985 30.27527856, -87.737602985 30.27526156, -87.737748984 30.27520056, -87.737792985 30.27517356, -87.737913985 30.27512956, -87.738008985 30.27507956, -87.738109985 30.27503556, -87.738179985 30.27499156, -87.738229985 30.27494756, -87.738293985 30.27486556, -87.738343985 30.27478856, -87.738375985 30.27472256, -87.738438985 30.27454056, -87.738451985 30.27445856, -87.738451985 30.27440356, -87.738432985 30.27424956, -87.738501985 30.27416056, -87.738558985 30.27411156, -87.738609986 30.27409456, -87.738723985 30.27408356, -87.738831985 30.27406156, -87.738932986 30.27405656, -87.739123985 30.27403456, -87.739363986 30.27402356, -87.739706986 30.27396856, -87.739832985 30.273918559, -87.739959985 30.27388556, -87.740105986 30.273824559, -87.740232985 30.27376456, -87.740289985 30.273725559, -87.740358986 30.27366556, -87.740402986 30.273560559, -87.740485986 30.27331856, -87.740523985 30.27325256, -87.740516986 30.27318156, -87.740605986 30.27296656, -87.740649986 30.272916559, -87.740915986 30.272834559, -87.741112986 30.272801559, -87.741251986 30.272773559, -87.741302986 30.27275756, -87.741549986 30.272740559, -87.741619986 30.27272956, -87.741720986 30.272740559, -87.741847986 30.27273456, -87.741942986 30.272745559, -87.742126986 30.272795559, -87.742189986 30.272822559, -87.742215986 30.272866559, -87.742221986 30.272921559, -87.742208986 30.272976559, -87.742183986 30.27302656, -87.742082986 30.273108559, -87.741930986 30.27321356, -87.741904986 30.273285059, -87.741917986 30.27335656, -87.741974986 30.27340056, -87.742031986 30.27342756, -87.742101986 30.27343356, -87.742193986 30.27348806, -87.742152986 30.27355456, -87.742060986 30.27359006, -87.741987986 30.273730559, -87.741936986 30.27376356, -87.741765986 30.27378556, -87.741695986 30.27380756, -87.741657986 30.27384056, -87.741607986 30.273906559, -87.741582986 30.27397256, -87.741639986 30.27400556, -87.741702986 30.273967559, -87.741753986 30.27389306, -87.741930986 30.27385156, -87.742085986 30.27383806, -87.742126986 30.273774559, -87.742126986 30.27371956, -87.742152986 30.27366956, -87.742202986 30.273642559, -87.742301486 30.27362556, -87.742329986 30.27358156, -87.742335986 30.273488559, -87.742307485 30.273416559, -87.742228986 30.273372559, -87.742164986 30.27336156, -87.742101986 30.27336156, -87.742057486 30.273315059, -87.742120986 30.273240559, -87.742209986 30.27321356, -87.742316986 30.273163559, -87.742405986 30.27311456, -87.742456986 30.273070559, -87.742519986 30.273042559, -87.742690986 30.27305956, -87.742810987 30.27305956, -87.742918987 30.273036559, -87.742969987 30.273009559, -87.743058986 30.27293256, -87.743203986 30.272827559, -87.743279986 30.272794559, -87.743362986 30.272767559, -87.743431986 30.27277006, -87.743514986 30.27278956, -87.743590987 30.272822559, -87.743812986 30.272882559, -87.743938987 30.27287756, -87.744173987 30.272827559, -87.744249986 30.272772559, -87.744274986 30.272722559, -87.744312987 30.272513559, -87.744350986 30.272469559, -87.744420987 30.27247806, -87.744483987 30.272497559, -87.744559987 30.272535559, -87.744635987 30.272557559, -87.744730986 30.272574559, -87.744832987 30.272569059, -87.744965987 30.272447559, -87.745016987 30.272359559, -87.745035987 30.272282559, -87.745009987 30.272238559, -87.744768987 30.272139559, -87.744667987 30.272090559, -87.744603987 30.272040559, -87.744508987 30.271914559, -87.744518486 30.271834559, -87.744641987 30.271754559, -87.744679986 30.271716559, -87.744736986 30.271633559, -87.744797486 30.27150106, -87.744885986 30.271484559, -87.744939987 30.271534559, -87.745028986 30.271633559, -87.745114487 30.271641559, -87.745215987 30.27160006, -87.745199987 30.271473559, -87.745218987 30.271424559, -87.745262987 30.271391559, -87.745319987 30.271396559, -87.745370987 30.271413559, -87.745557986 30.271493059, -87.745611987 30.271462559, -87.745478987 30.271341559, -87.745363987 30.271248559, -87.745300986 30.271229059, -87.745237987 30.271237559, -87.745180987 30.271259559, -87.745129987 30.271292559, -87.745091987 30.271366559, -87.745091987 30.271429559, -87.745047736 30.271461559, -87.745002986 30.271358559, -87.744936986 30.271322559, -87.744863986 30.271330559, -87.744774987 30.27137206, -87.744704986 30.271396559, -87.744679986 30.271435559, -87.744616987 30.271501559, -87.744603987 30.271562559, -87.744553987 30.271655559, -87.744493486 30.271722059, -87.744445987 30.271760559, -87.744331986 30.271776559, -87.744305986 30.271826559, -87.744369987 30.271974559, -87.744432986 30.272079559, -87.744508987 30.272167559, -87.744686987 30.272299559, -87.744743987 30.272315559, -87.744813487 30.272365059, -87.744772486 30.27245306, -87.744705986 30.272458559, -87.744610987 30.272447559, -87.744395987 30.272398559, -87.744290486 30.272324059, -87.744242987 30.272277559, -87.744179987 30.272282559, -87.744128987 30.272332559, -87.744109986 30.27241206, -87.744128987 30.272579559, -87.744103986 30.27264006, -87.744052987 30.272689559, -87.744008986 30.272717559, -87.743881987 30.27275656, -87.743818986 30.27275656, -87.743647986 30.272684559, -87.743520986 30.272662559, -87.743305986 30.272585559, -87.743254986 30.272580559, -87.743184987 30.27259656, -87.743089986 30.272602559, -87.742988986 30.27257756, -87.742937986 30.272525559, -87.742918987 30.272459559, -87.743080486 30.27232156, -87.743061486 30.272261559, -87.742886986 30.272255559, -87.742886986 30.27236556, -87.742854986 30.27241556, -87.742779986 30.272486559, -87.742772986 30.27254756, -87.742829986 30.27265156, -87.742912986 30.272739559, -87.742931986 30.27278356, -87.742912986 30.27284456, -87.742839986 30.27288556, -87.742703986 30.27290556, -87.742627986 30.272888559, -87.742570986 30.272850559, -87.742405986 30.27276256, -87.742341986 30.272718559, -87.742297986 30.27267456, -87.742215986 30.27261956, -87.741974986 30.272536559, -87.741910986 30.27254256, -87.741834986 30.272536559, -87.741682986 30.27254256, -87.741457624 30.272570826, -87.740918 30.272658001, -87.74081 30.272669, -87.740702 30.272702, -87.740595 30.272724, -87.740525001 30.27273, -87.740404 30.272779, -87.740303 30.272851, -87.740259 30.272917001, -87.740189141 30.272941914, -87.740142986 30.27290056, -87.740149985 30.272856559, -87.740142986 30.27262556, -87.740180985 30.272554559, -87.740211039 30.272474519, -87.740165823 30.272413924, -87.740063971 30.272376298, -87.740020915 30.272342563, -87.739984986 30.272290559, -87.739962995 30.272226534, -87.739917246 30.272192891, -87.739859 30.272246, -87.739880493 30.27231478, -87.739919627 30.272402415, -87.740029615 30.272525088, -87.74003 30.272587, -87.739999 30.27267, -87.739986001 30.272769001, -87.740052493 30.27305778, -87.740078392 30.273106438, -87.740088 30.273203, -87.740063001 30.273401001, -87.740031 30.273489, -87.740006 30.273533, -87.739968 30.273572, -87.739911 30.273605, -87.739803 30.273627, -87.739106 30.273699, -87.738814 30.273754, -87.738485 30.273831, -87.738212 30.273947001, -87.738155001 30.27398, -87.738009 30.274013, -87.737945016 30.273996952, -87.737892674 30.273954413, -87.737842985 30.27380956, -87.737829985 30.27372156, -87.737912985 30.27338556, -87.737950985 30.27326456, -87.738007985 30.273110559, -87.738064985 30.273005559, -87.738171985 30.272835559, -87.738222985 30.272697559, -87.738222985 30.27259856, -87.738355985 30.272362559, -87.738475985 30.272076559, -87.738545985 30.271927559, -87.738690985 30.271674559, -87.738722985 30.271597559, -87.738709985 30.271520559, -87.738849985 30.27130556, -87.738912985 30.271151559, -87.738963985 30.271052559, -87.739051985 30.270915559, -87.739140985 30.270755559, -87.739387985 30.270238559, -87.739444985 30.270144559, -87.739501985 30.270073559, -87.739659985 30.269913559, -87.739938986 30.269682559, -87.740033985 30.269572559, -87.740178986 30.269424559, -87.740229986 30.269341558, -87.740273985 30.269248559, -87.740292986 30.269198559, -87.740318985 30.269088559, -87.740305985 30.268934559, -87.740254985 30.268714558, -87.740222985 30.268521559, -87.740178986 30.268411559, -87.740146985 30.268307559, -87.740082314 30.268144451, -87.739962985 30.267922559, -87.73992322 30.26782047, -87.739879659 30.267743413, -87.739829985 30.267625558, -87.739758441 30.26741843, -87.739676234 30.267231466, -87.739562985 30.267031558, -87.739523348 30.266923444, -87.739390048 30.266670515, -87.739328985 30.266574558, -87.739315985 30.266509558, -87.739347485 30.266451059, -87.739422469 30.266477442, -87.739471882 30.266533574, -87.739536192 30.266643476, -87.739598493 30.266819779, -87.739636914 30.266874562, -87.739758085 30.267088505, -87.73984596 30.267155315, -87.739884551 30.267198741, -87.740060854 30.267315507, -87.740139985 30.267350559, -87.740336985 30.267399558, -87.740399986 30.267399558, -87.740741985 30.267350559, -87.741026985 30.267333558, -87.741077986 30.267338558, -87.741293985 30.267393558, -87.741629986 30.267448558, -87.741819986 30.267498558, -87.741895986 30.267503558, -87.742015986 30.267454559, -87.742047985 30.267410558, -87.742066986 30.267332558, -87.742078985 30.267167558, -87.742142986 30.267085558, -87.742215485 30.267077058, -87.742297906 30.267121407, -87.742349129 30.267165094, -87.74243841 30.267258838, -87.742509986 30.267299558, -87.742636986 30.267338558, -87.742776986 30.267349558, -87.742944485 30.267327558, -87.743004986 30.267283558, -87.743023986 30.267233558, -87.743086986 30.267123558, -87.743118986 30.267041558, -87.743168986 30.267051558, -87.743238986 30.267084558, -87.743282986 30.267123558, -87.743441986 30.267205558, -87.743473986 30.267249558, -87.743476486 30.267302058, -87.743454986 30.267398558, -87.743460986 30.267447558, -87.743485986 30.267491559, -87.743530986 30.267513558, -87.743593986 30.267497558, -87.743637986 30.267469558, -87.743891986 30.267497558, -87.743942986 30.267497558, -87.743986986 30.267458558, -87.744077986 30.267338059, -87.744154987 30.267412059, -87.744227986 30.267425558, -87.744328987 30.267408558, -87.744237486 30.267357058, -87.744195987 30.267282558, -87.744138986 30.267230559, -87.744062987 30.267211558, -87.744005987 30.267233558, -87.743967986 30.267277558, -87.743907486 30.267368058, -87.743834986 30.267376558, -87.743688986 30.267348558, -87.743618986 30.267368058, -87.743574986 30.267340559, -87.743618986 30.267271558, -87.743653985 30.267162059, -87.743631987 30.267090558, -87.743593986 30.267051558, -87.743510986 30.267007558, -87.743409986 30.266974558, -87.743276986 30.266952558, -87.743156986 30.266908558, -87.743041986 30.266930558, -87.742997986 30.266980558, -87.742978986 30.267030558, -87.742978986 30.267085558, -87.742959986 30.267134558, -87.742928986 30.267184558, -87.742887485 30.267231058, -87.742754485 30.267247558, -87.742683179 30.267218264, -87.742425493 30.26699478, -87.742378 30.266975, -87.742315 30.266959, -87.742112 30.266986, -87.742049001 30.267003, -87.741989 30.2670465, -87.741967001 30.267124, -87.7419255 30.267223, -87.741872 30.267262, -87.741819626 30.267252683, -87.741759492 30.267214779, -87.741602646 30.267159042, -87.741394613 30.267125718, -87.741325427 30.267084033, -87.741375985 30.266909558, -87.741432985 30.266827558, -87.741463985 30.266761558, -87.741480486 30.266673558, -87.741558986 30.266643058, -87.741698985 30.266695558, -87.741866485 30.266673058, -87.741926986 30.266623558, -87.742002986 30.266469558, -87.742021986 30.266408558, -87.742084986 30.266326558, -87.742160985 30.266243558, -87.742274986 30.266144558, -87.742312986 30.266100558, -87.742338986 30.266034558, -87.742287986 30.265864558, -87.742236986 30.265814558, -87.742166985 30.265770558, -87.742052985 30.265721558, -87.741983986 30.265682558, -87.741887986 30.265649558, -87.741872485 30.265605558, -87.742008986 30.265567558, -87.742065986 30.265561558, -87.742147986 30.265539558, -87.742192986 30.265484557, -87.742261986 30.265534558, -87.742306986 30.265578558, -87.742369986 30.265594558, -87.742432985 30.265578558, -87.742483985 30.265539558, -87.742534986 30.265468557, -87.742534986 30.265401558, -87.742426986 30.265445558, -87.742375986 30.265451558, -87.742318986 30.265418558, -87.742280986 30.265374558, -87.742229986 30.265341558, -87.742179986 30.265325557, -87.742033986 30.265407558, -87.741843985 30.265435558, -87.741761985 30.265506558, -87.741723986 30.265567558, -87.741710985 30.265622557, -87.741735985 30.265666558, -87.741995986 30.265814558, -87.742065986 30.265864558, -87.742147986 30.265963558, -87.742166986 30.266021058, -87.741913986 30.266282558, -87.741875986 30.266337558, -87.741858399 30.266399481, -87.7418045 30.2665325, -87.741711861 30.266559192, -87.741607493 30.266483779, -87.741538501 30.266450501, -87.74144 30.266470001, -87.741307 30.266662, -87.741295001 30.266712, -87.741269001 30.266756, -87.741244 30.266849001, -87.741219 30.266899, -87.741136001 30.26697, -87.741029 30.267031, -87.740807001 30.266998, -87.740617001 30.267004, -87.740408 30.26707, -87.740357 30.267075, -87.740292997 30.267070979, -87.74024578 30.267033619, -87.740202985 30.266976558, -87.74011345 30.266758429, -87.740061801 30.266654609, -87.740006985 30.266580558, -87.739991914 30.266511561, -87.73995343 30.266456823, -87.739801061 30.266308173, -87.739686805 30.266215621, -87.739603246 30.26616639, -87.739444 30.266113, -87.739368 30.266107001, -87.739292 30.266113, -87.739171001 30.266179001, -87.738962 30.266322, -87.738867 30.266372, -87.738772 30.266388, -87.738676747 30.266339183, -87.738591376 30.266236439, -87.738508973 30.26607754, -87.738394729 30.265906643, -87.738306024 30.265791523, -87.738223484 30.265664785, -87.738159924 30.265593558, -87.738102622 30.265510699, -87.73793113 30.265313091, -87.737791341 30.265191891, -87.737677539 30.265076749, -87.737576065 30.264961168, -87.737449492 30.264856779, -87.737087806 30.264670615, -87.736980492 30.264603779, -87.736661 30.264475, -87.736471 30.264425, -87.736363 30.264409, -87.735907 30.264304, -87.735039 30.264222, -87.734867 30.264239001, -87.734576 30.264206001, -87.734253 30.264145001, -87.734151 30.264146, -87.734012 30.264157, -87.73379 30.264151, -87.733632 30.264157, -87.733448 30.264173, -87.733283 30.264151, -87.733004001 30.264135, -87.732586 30.264124, -87.732459 30.264146, -87.732307 30.26419, -87.732238 30.264218, -87.731927 30.264377, -87.731319 30.264614, -87.731173 30.264653001, -87.730749 30.26479, -87.730273 30.264961, -87.729868 30.265088, -87.729742 30.265133, -87.729393 30.265275001, -87.729171001 30.265352, -87.728937 30.265445, -87.728696 30.265528, -87.728544 30.265572, -87.728119001 30.26566, -87.728011001 30.265699, -87.727802 30.265759, -87.727517 30.265886, -87.727137 30.266002001, -87.726934001 30.266084, -87.726769 30.266139001, -87.726554001 30.266249, -87.726427 30.266326, -87.726339001 30.266392, -87.726206 30.266464, -87.726047 30.266574, -87.725762 30.266723, -87.725572 30.266844, -87.725281 30.267053, -87.725179001 30.267135, -87.724939 30.267345, -87.724761 30.267554, -87.724685 30.267609, -87.724615001 30.26768, -87.724489 30.267834, -87.724387 30.267939, -87.724223 30.268087, -87.724134 30.268197001, -87.724001 30.268395, -87.723862 30.268566, -87.723754 30.268687, -87.723678 30.268814, -87.723406 30.269171, -87.723336 30.269292001, -87.722975 30.269782, -87.722937001 30.269848, -87.722867 30.269947, -87.722791 30.270090001, -87.722715 30.270211, -87.722633 30.27036, -87.722525 30.270519, -87.722329 30.270783001, -87.72224 30.270871, -87.722066 30.271014501, -87.722031 30.27108, -87.722018 30.271163, -87.721999 30.271224001, -87.721987 30.271367, -87.721974 30.271427001, -87.721942001 30.271482001, -87.721917 30.271565, -87.721904 30.271658001, -87.721803001 30.272054001, -87.721746 30.272566, -87.721734 30.272846, -87.721721001 30.272929, -87.72169249 30.27303578, -87.721730106 30.273115281, -87.721734 30.273259001, -87.721766 30.273391, -87.72184449 30.27360278, -87.721875194 30.27366672, -87.721918 30.273875, -87.721924 30.274194, -87.721886 30.274436, -87.721855001 30.274557001, -87.721779 30.274662, -87.721633 30.274722, -87.721506821 30.274666575, -87.721452484 30.274587427, -87.72139098 30.27445856, -87.721250981 30.27401256, -87.72121298 30.27391356, -87.721179625 30.273773416, -87.721129049 30.273657516, -87.720880547 30.273283744, -87.720841881 30.273240447, -87.72075449 30.273179781, -87.720676373 30.273135703, -87.72061698 30.27311056, -87.72051598 30.27311656, -87.72038898 30.27314956, -87.72031898 30.27317656, -87.72026198 30.273220561, -87.72022398 30.27326456, -87.72018598 30.27333056, -87.72016698 30.27340756, -87.72016698 30.27349556, -87.72015498 30.273550561, -87.72011648 30.27361706, -87.72005298 30.27366056, -87.71995798 30.273666561, -87.71983198 30.27364956, -87.71975498 30.27365556, -87.71967898 30.27363956, -87.71943898 30.27353956, -87.71939398 30.273512561, -87.71908398 30.27341956, -87.71881698 30.273287561, -87.718645979 30.27327656, -87.718563979 30.273287561, -87.71849998 30.27330356, -87.71839898 30.27339156, -87.718354979 30.27344156, -87.718328979 30.27350156, -87.71829098 30.27367756, -87.718246979 30.273760561, -87.71823398 30.273809561, -87.718195979 30.27387056, -87.718104479 30.273933561, -87.718031979 30.273952561, -87.71790498 30.27395856, -87.717835479 30.27397756, -87.717815979 30.274046561, -87.717815979 30.274156561, -87.717939979 30.274285561, -87.717809979 30.27461856, -87.717739979 30.27470156, -87.717682979 30.27470656, -87.717632979 30.274668561, -87.717594979 30.27461856, -87.717543979 30.274569561, -87.717467979 30.274404561, -87.717359979 30.274266561, -87.717194979 30.273892561, -87.717181979 30.27383256, -87.717124979 30.27372756, -87.717074979 30.27360656, -87.717035979 30.273551561, -87.716966979 30.27348056, -87.716852979 30.27339256, -87.716680979 30.27321656, -87.716509979 30.27306756, -87.716452979 30.273029561, -87.716199979 30.27295756, -87.716104979 30.27294156, -87.715838979 30.27291356, -87.715774979 30.272880561, -87.715749979 30.27283156, -87.715730979 30.27260556, -87.715708479 30.27254256, -87.715679979 30.27249056, -87.715635979 30.27246856, -87.715533979 30.27246256, -87.714855978 30.27249056, -87.714798978 30.27250156, -87.714716978 30.27250656, -87.714640978 30.27249556, -87.714545979 30.27246256, -87.714402978 30.27236656, -87.714297978 30.27235856, -87.714202978 30.27238556, -87.714046 30.272447, -87.714310978 30.27251256, -87.714392978 30.27253956, -87.714513978 30.27260556, -87.714583978 30.27263356, -87.714640978 30.27263856, -87.714697978 30.27263356, -87.714779978 30.27261656, -87.715077979 30.27257856, -87.715134979 30.27258956, -87.715349979 30.27261156, -87.715463979 30.27261656, -87.715543479 30.27264706, -87.715565979 30.27269956, -87.715622979 30.27295756, -87.715666978 30.273007561, -87.715742978 30.27304056, -87.715983978 30.27306756, -87.716097979 30.27306756, -87.716186979 30.27307856, -87.716281979 30.27310656, -87.716370979 30.273155561, -87.716592979 30.273359561, -87.716712979 30.27348556, -87.716826979 30.27356256, -87.716934979 30.27365056, -87.716972979 30.27369456, -87.716998979 30.273760561, -87.717004979 30.273804561, -87.717042979 30.273887561, -87.717067979 30.27398056, -87.717118979 30.27411856, -87.717283979 30.27450856, -87.717378979 30.27469056, -87.717562979 30.274866561, -87.71766398 30.27493256, -87.71774698 30.274965561, -87.717809979 30.274981561, -87.717860979 30.274954561, -87.717923979 30.274882561, -87.717968979 30.27470656, -87.718031979 30.274586061, -87.71809498 30.27443156, -87.718088979 30.27438756, -87.718101979 30.27423856, -87.71809498 30.27418956, -87.718072979 30.274134061, -87.718088979 30.27408456, -87.718164979 30.27406006, -87.718303979 30.274051561, -87.718373979 30.274035561, -87.71841798 30.273996561, -87.71852598 30.27368856, -87.71860198 30.27353456, -87.71863998 30.27348556, -87.718728979 30.27346356, -87.71884298 30.27349656, -87.71897598 30.27356256, -87.71910898 30.27360656, -87.71922898 30.27367756, -87.71930498 30.273710561, -87.719374979 30.27373256, -87.71981248 30.273820061, -87.72000898 30.27381456, -87.72010398 30.27382556, -87.72017398 30.27382556, -87.72022498 30.27380956, -87.72026898 30.27377056, -87.72029998 30.27373256, -87.72033798 30.273671561, -87.72035698 30.27356156, -87.72038298 30.27349556, -87.72045198 30.27340256, -87.72050998 30.273358561, -87.72055998 30.27334156, -87.72061698 30.27334156, -87.72067398 30.27336356, -87.720735256 30.273421964, -87.72077967 30.273476673, -87.720869525 30.273668422, -87.720967001 30.274018, -87.720967001 30.274216001, -87.721001491 30.274460781, -87.721047384 30.27454844, -87.721109959 30.274642546, -87.721179467 30.274719796, -87.721249117 30.274780106, -87.72158998 30.274952561, -87.72181305 30.275143186, -87.721959595 30.275324715, -87.722010474 30.275428428, -87.72209 30.275646, -87.722104491 30.275703781, -87.722160934 30.27579079, -87.722147001 30.275861, -87.722096 30.275924, -87.721792 30.276053, -87.721703 30.276075, -87.721621 30.276119, -87.721558 30.276169, -87.721507 30.276224, -87.721405 30.276306, -87.72126 30.276466, -87.721184 30.276571, -87.721082 30.276769001, -87.721019 30.276862, -87.720968 30.276890001, -87.720884245 30.276921391, -87.720915591 30.276981518, -87.72099198 30.276983561, -87.72142298 30.276884561, -87.72173398 30.276790561, -87.721759915 30.276735453, -87.72171249 30.27669378, -87.721653 30.276691, -87.721299419 30.276726976, -87.72130898 30.276631561, -87.721327981 30.276548561, -87.721479981 30.276377561, -87.72155598 30.276333561, -87.72163198 30.276328561, -87.72171498 30.276339561, -87.721771981 30.276355561, -87.721850867 30.276408473, -87.722075981 30.276531561, -87.722202981 30.276592561, -87.722345918 30.276694379, -87.722598965 30.276892305, -87.722726197 30.27700802, -87.722954305 30.277232921, -87.723183669 30.277518675, -87.723506886 30.277964574, -87.723556578 30.278054355, -87.723539 30.278155001, -87.723472 30.278193001, -87.723396 30.278198, -87.723105 30.278187, -87.72287 30.278187, -87.72249 30.278160001, -87.722262 30.278127, -87.722174892 30.278099303, -87.722136542 30.278025369, -87.722059 30.27799, -87.721935499 30.2779845, -87.721885875 30.277959243, -87.721883481 30.277907062, -87.721936981 30.277857562, -87.721999981 30.277819561, -87.72199443 30.277745325, -87.721925703 30.277689975, -87.721955981 30.277621561, -87.72201298 30.277571561, -87.722044981 30.277516561, -87.722017437 30.277425432, -87.72197872 30.277348647, -87.721940096 30.277299559, -87.721827 30.277241501, -87.721628 30.277231001, -87.721549767 30.277262371, -87.721586698 30.277317697, -87.721771981 30.277351561, -87.72183598 30.277373561, -87.721902781 30.277422587, -87.7219 30.277511001, -87.721881 30.277566, -87.721818 30.27761, -87.72171 30.277649, -87.721681733 30.277700397, -87.721823162 30.277822638, -87.721669 30.277852001, -87.721634001 30.277902, -87.72164349 30.277948781, -87.721674639 30.277986691, -87.721724841 30.27802053, -87.721745542 30.278074742, -87.721679 30.278155, -87.721552001 30.278182, -87.721197 30.278188001, -87.720608001 30.278221001, -87.72017 30.278232, -87.719822 30.278254, -87.718681 30.278304001, -87.717084 30.278365, -87.716792 30.278365, -87.716488001 30.278354001, -87.716177 30.27831, -87.715398 30.278305, -87.714263 30.278338, -87.70963 30.278532, -87.708375 30.278559001, -87.707171001 30.278576, -87.704503001 30.278637001, -87.704287001 30.278653, -87.702855 30.278676, -87.701727001 30.278703, -87.700998 30.278709001, -87.700225 30.278736, -87.699933 30.278736, -87.698672 30.27877, -87.698133 30.27877, -87.697252 30.278792, -87.696447 30.278797, -87.695826 30.278764, -87.695674 30.278781, -87.695097 30.278786, -87.693975001 30.278836, -87.693487001 30.278847001, -87.691852 30.278908, -87.691269 30.278924, -87.690832 30.27893, -87.690566 30.278919, -87.689913 30.278941, -87.689653 30.278941, -87.689247 30.278935001, -87.688968 30.278908, -87.688601 30.278886, -87.688474 30.278963, -87.688398001 30.279001001, -87.688132 30.279084, -87.688075001 30.279089001, -87.688005 30.279111, -87.687927474 30.279100289, -87.687799321 30.278811451, -87.687754485 30.278728781, -87.687048 30.278743, -87.686978 30.278897, -87.686855 30.278902, -87.686742 30.2789075, -87.686623001 30.278897, -87.686556523 30.278880024, -87.686500194 30.278712478, -87.686461485 30.278646781, -87.686021 30.278682001, -87.686002001 30.278864, -87.685742 30.27888, -87.685717 30.279007, -87.685457 30.278996, -87.685381 30.279037001, -87.685305 30.279062, -87.685223 30.279073, -87.685153 30.279067001, -87.684963 30.279067001, -87.684564 30.279117, -87.684443 30.279122, -87.684335 30.279122, -87.684101 30.2791, -87.683874874 30.279068468, -87.68344 30.279048, -87.68341 30.279172001, -87.683131 30.279166, -87.683055 30.279172001, -87.682998 30.279183, -87.682935 30.279205, -87.682859 30.279216, -87.682592 30.279205, -87.682383 30.279188, -87.681762 30.279172001, -87.681084 30.279166, -87.679094 30.279188, -87.676996 30.279237, -87.675652 30.279259, -87.672863 30.27933, -87.671456 30.279347, -87.670296 30.279374001, -87.668756 30.279385, -87.666665 30.27944, -87.664618 30.279467, -87.660365 30.279549, -87.658926 30.279559, -87.657234001 30.279531, -87.655865001 30.279553, -87.655161 30.279558, -87.654343 30.279586, -87.653469001 30.279602001, -87.653133 30.279629, -87.652924 30.279629, -87.652455 30.279673001, -87.652005 30.279783001, -87.651567 30.279959, -87.651111 30.280173001, -87.650908001 30.280278, -87.650749001 30.280410001, -87.650667001 30.280454, -87.650464 30.280580001, -87.65035 30.280696001, -87.650153 30.280877, -87.649989 30.280998, -87.649516 30.281365431, -87.649424 30.281471, -87.649348 30.28157, -87.649145 30.281757, -87.648835 30.282065, -87.648638 30.28228, -87.648568 30.282379, -87.64848 30.282461001, -87.648359 30.282555, -87.648194001 30.282703, -87.647858 30.283055, -87.647465 30.283434, -87.647243 30.283676, -87.646983001 30.283946, -87.646768001 30.284144, -87.646374 30.284545, -87.645772 30.285139, -87.644593001 30.286272001, -87.644352 30.286492, -87.643971 30.286904, -87.643749 30.287119, -87.643502 30.287388, -87.643375 30.287509, -87.64328 30.287619, -87.643077 30.287806, -87.64276 30.288125001, -87.642519 30.288301, -87.642316 30.288488001, -87.641828 30.288884, -87.641593 30.288994, -87.641359 30.289126, -87.641244 30.289219, -87.640934001 30.289395, -87.640674 30.289593, -87.640598 30.289637001, -87.640471 30.289676, -87.64023 30.289797, -87.640008 30.289879, -87.639805 30.289983001, -87.639704 30.290044, -87.639266 30.290192001, -87.638892001 30.290341001, -87.638708001 30.290396, -87.63843 30.290473, -87.637929 30.290582, -87.637066001 30.290813, -87.636768001 30.290885001, -87.636642 30.290906, -87.636477 30.290983001, -87.636223 30.291082001, -87.635932001 30.291214, -87.635443 30.291412, -87.63531 30.291456, -87.635069 30.291511, -87.634797 30.291527, -87.634670001 30.291549, -87.634587 30.291582, -87.634416 30.291709001, -87.634401982 30.291784175, -87.634538104 30.291858323, -87.634518 30.291912, -87.634454001 30.291929, -87.634384 30.291923001, -87.634283 30.291929, -87.634188001 30.291984, -87.63415 30.292044, -87.633985 30.292259, -87.633909 30.292341, -87.633782001 30.292457, -87.633668 30.292550001, -87.633547 30.292677, -87.633439001 30.292776, -87.633319 30.292919, -87.633141001 30.293067, -87.633002 30.293208, -87.632932 30.293287, -87.632824 30.293391001, -87.632678 30.293507, -87.632533 30.293672, -87.632292 30.293881, -87.632165 30.294029, -87.631308 30.294904, -87.631135001 30.295066, -87.630592 30.295043, -87.627073 30.296542, -87.627074 30.297061, -87.62711 30.297711, -87.626996 30.297702, -87.626939 30.297724, -87.626914 30.297768, -87.626907001 30.297834, -87.626926 30.297933, -87.626933001 30.298021, -87.626913 30.298202, -87.626888 30.298279, -87.626844 30.298345, -87.626774001 30.2984, -87.626666001 30.298499, -87.626526 30.298604, -87.626349 30.298719, -87.62619 30.298851, -87.625556 30.29934, -87.625302 30.299593, -87.624985 30.299813, -87.624677 30.299842, -87.624493501 30.299816501, -87.62429 30.299755, -87.624068 30.299771, -87.623853 30.299876, -87.623675001 30.300096, -87.623568 30.300289, -87.623466 30.300377, -87.623428 30.300487, -87.623346 30.300542, -87.623238 30.300569, -87.623004 30.300564001, -87.622833 30.300602, -87.622668 30.300564001, -87.622517891 30.300496403, -87.622378477 30.300396785, -87.622110001 30.300289, -87.621514 30.300223, -87.621330001 30.300213001, -87.621229 30.300235, -87.620918 30.30024, -87.620817532 30.300217701, -87.620761103 30.300143625, -87.620696 30.300114001, -87.620576001 30.300169, -87.620462 30.300191001, -87.620369598 30.300148649, -87.620349852 30.300094587, -87.620317924 30.300051348, -87.620273477 30.300017785, -87.620163 30.300004, -87.620068001 30.300032, -87.619948 30.300153, -87.619821 30.300213001, -87.619726 30.300219001, -87.61953 30.300191001, -87.619333 30.300208, -87.619232001 30.300257, -87.619111 30.300362, -87.618693001 30.30045, -87.618596386 30.300401691, -87.618678953 30.30034057, -87.618716953 30.300285569, -87.618741953 30.300230569, -87.618720313 30.300150483, -87.618657476 30.300095785, -87.618598044 30.300059971, -87.618479437 30.299924767, -87.618357 30.299867, -87.618287 30.299862, -87.617887 30.299917, -87.617197 30.299983, -87.616949001 30.300077001, -87.616569001 30.300116, -87.616423 30.300149, -87.615859 30.30049, -87.615694 30.300518, -87.615453 30.300496, -87.615289 30.300457, -87.615194915 30.300416359, -87.614923476 30.300217785, -87.6148 30.300171, -87.614686 30.300156001, -87.614604001 30.300166, -87.614401 30.300127, -87.614351773 30.300103654, -87.614060476 30.299926785, -87.61364 30.299765, -87.613317 30.29971, -87.61312 30.299715001, -87.612619 30.299809001, -87.612290001 30.299941, -87.612201 30.299996001, -87.611929 30.300189, -87.611764 30.300343, -87.611662 30.300387, -87.611504 30.30042, -87.611403001 30.300415001, -87.611168 30.300343, -87.611003 30.300283, -87.610719623 30.300232353, -87.610684951 30.30016757, -87.61067795 30.300029569, -87.610829951 30.29978757, -87.610905951 30.29957857, -87.610904164 30.299487487, -87.610854951 30.29940257, -87.610753951 30.29908357, -87.610835951 30.29883657, -87.610905951 30.298731569, -87.61098195 30.298500569, -87.61101295 30.298357569, -87.611004872 30.298233579, -87.610946982 30.298152255, -87.610820475 30.298052785, -87.61066 30.298055, -87.610596 30.298077, -87.610558 30.298127001, -87.610567397 30.29818417, -87.610642996 30.298245237, -87.610790742 30.298280598, -87.610698 30.298424001, -87.6104285 30.298479001, -87.610375 30.2986, -87.610254 30.298616001, -87.609975 30.298611, -87.6099085 30.298635501, -87.609936026 30.298770195, -87.61032895 30.298814569, -87.61039288 30.298846905, -87.610381 30.299199, -87.610415475 30.299289785, -87.610477269 30.299391433, -87.610457 30.29948, -87.610413 30.299562, -87.61035 30.299596, -87.61009 30.299838, -87.610039 30.300157001, -87.610001 30.300322, -87.60997 30.300377, -87.609925001 30.300404, -87.609818 30.300388, -87.609589 30.300294, -87.609304001 30.300234001, -87.609154119 30.300155087, -87.60908413 30.300097203, -87.608689 30.299943, -87.608264 30.299805, -87.608163 30.299800001, -87.607907202 30.299729417, -87.607453 30.299657, -87.606977 30.299531, -87.606178 30.299476, -87.605728001 30.299399001, -87.605614 30.299355, -87.605018 30.299218, -87.603934 30.298877, -87.603173001 30.298789, -87.602844 30.298679, -87.602450001 30.298498, -87.602216 30.298372, -87.602057 30.298306, -87.601119 30.297998, -87.600618001 30.297866001, -87.600326 30.297701, -87.6002 30.297663, -87.600105001 30.297674, -87.600016 30.297663, -87.599863036 30.297613914, -87.599720473 30.297500785, -87.59961 30.297443, -87.599382 30.297377, -87.599134 30.297349, -87.598982 30.297322001, -87.598526 30.297157, -87.598412001 30.297091001, -87.59781 30.296937, -87.597283001 30.296866, -87.596909 30.296838, -87.596415 30.29686, -87.59613 30.296850001, -87.595800001 30.296789001, -87.595641001 30.296712, -87.59554 30.296701, -87.59535 30.296712, -87.595166 30.296696001, -87.594589 30.296696001, -87.594221 30.296591, -87.593391 30.29646, -87.592998 30.296333, -87.592497 30.296091, -87.591894552 30.295882345, -87.591738472 30.295730785, -87.591501246 30.295646652, -87.591454314 30.295604456, -87.591364486 30.295434776, -87.591320457 30.295384784, -87.591216 30.295376, -87.591099891 30.295317946, -87.591066936 30.295208555, -87.591024945 30.295145569, -87.590953162 30.294966487, -87.590881939 30.294846315, -87.590838472 30.294812785, -87.590588001 30.294717, -87.590138 30.294612001, -87.589827 30.294612001, -87.589555 30.294612001, -87.589473 30.29459, -87.5892 30.294464001, -87.588661 30.294442, -87.588287 30.294381, -87.588134268 30.294332628, -87.588029472 30.294240785, -87.587774 30.294156, -87.587479 30.29417, -87.586867 30.294173001, -87.586569 30.294195, -87.585764 30.294167, -87.585435 30.294178, -87.585282 30.294206001, -87.584953 30.294212, -87.584725 30.294195, -87.584395001 30.294113, -87.584224 30.294091, -87.583698 30.294074, -87.583463 30.294113, -87.58293 30.294124001, -87.582734 30.294113, -87.582576 30.294058, -87.582523599 30.294059723, -87.582400471 30.293983785, -87.582037 30.293915001, -87.581764 30.293898001, -87.581324 30.293919, -87.581168001 30.293926, -87.580642 30.29391, -87.580376 30.293932, -87.579824 30.294031, -87.579216 30.294102, -87.578474001 30.294246, -87.577638001 30.294455, -87.577378 30.294477, -87.577124 30.294394, -87.576852 30.294372001, -87.576750001 30.294378, -87.57642 30.294466, -87.5763 30.294521, -87.576034 30.2945675, -87.57592 30.294614, -87.575736 30.294636001, -87.575578 30.294717501, -87.575032 30.294912, -87.574836 30.295022001, -87.57443 30.295143, -87.574069 30.295319, -87.573745 30.295385001, -87.573384 30.295517, -87.573067 30.295555, -87.572807 30.295638, -87.572693 30.29572, -87.572383 30.295907, -87.572211 30.295985, -87.571971 30.296125001, -87.571457 30.296386, -87.571121 30.296623, -87.570925 30.296815, -87.570633 30.297057, -87.570418 30.297288, -87.570335 30.297426, -87.570063 30.297651001, -87.569955 30.297783, -87.569847 30.29797, -87.569727 30.298136, -87.569651 30.298196, -87.569517 30.298246, -87.569359 30.298207001, -87.569214992 30.298128235, -87.568771469 30.297775786, -87.568499361 30.297475547, -87.568317939 30.29721657, -87.568158939 30.296815571, -87.568165939 30.29672757, -87.568279939 30.29662257, -87.568276927 30.296565327, -87.568226469 30.296526786, -87.56805468 30.296517345, -87.567967602 30.296350427, -87.567886938 30.29616057, -87.567911938 30.29605057, -87.568215939 30.29584157, -87.568240458 30.295778437, -87.568200658 30.295715627, -87.568148 30.29571, -87.568034 30.295754, -87.567825 30.295963, -87.567717 30.296045, -87.567527 30.296106, -87.567328235 30.296142893, -87.567364715 30.296207646, -87.567650122 30.296302977, -87.567676458 30.296355437, -87.567685 30.296474, -87.567643816 30.296580956, -87.567740939 30.29663357, -87.567867939 30.29662257, -87.567904502 30.296702433, -87.567933 30.296887, -87.56792 30.296953001, -87.567863 30.296997, -87.56785945 30.297068113, -87.568019178 30.297167155, -87.56809146 30.297260737, -87.568135 30.297404, -87.568093801 30.297510001, -87.568178938 30.297558571, -87.568317939 30.297530571, -87.568387557 30.29755245, -87.568581613 30.2977917, -87.568873212 30.298031338, -87.568913585 30.298058448, -87.569019596 30.298187708, -87.569107206 30.298270994, -87.569293268 30.29836125, -87.569391439 30.298487748, -87.569391 30.298559, -87.569308 30.298719, -87.568972001 30.29895, -87.568896 30.299016, -87.56877 30.29917, -87.568611 30.299527, -87.568503 30.299874, -87.568351001 30.300176001, -87.568300001 30.300402, -87.568136001 30.300815001, -87.568047 30.301508, -87.567977001 30.301689, -87.567914 30.301799, -87.567673 30.302003, -87.567591 30.302168, -87.567445 30.302245, -87.567312 30.302272, -87.567191 30.302256, -87.567007001 30.302278001, -87.566849 30.302338001, -87.5665665 30.302522501, -87.5662625 30.3027425, -87.565752 30.303175001, -87.565283001 30.303675, -87.564865 30.303978, -87.56463 30.304093, -87.563888001 30.304286, -87.563628 30.304335, -87.563311 30.304346001, -87.56314 30.304324, -87.562652 30.304203, -87.562456001 30.30417, -87.56224 30.304165, -87.56201129 30.30420066, -87.561952901 30.304153049, -87.561940937 30.303977572, -87.562016937 30.303845572, -87.562352937 30.303691572, -87.563024938 30.303521572, -87.563125937 30.303510572, -87.563429938 30.303416572, -87.563556937 30.303350572, -87.563664938 30.303268572, -87.563677938 30.303213572, -87.563656062 30.303156061, -87.563606001 30.3031415, -87.563464 30.303252001, -87.563286 30.303351, -87.562944001 30.303417, -87.562462 30.303571001, -87.56205 30.303664, -87.561891 30.303747, -87.561815001 30.303813, -87.561739 30.303945001, -87.561714 30.304093, -87.56172 30.304242, -87.561676 30.304352, -87.561295 30.304286, -87.561118 30.304291001, -87.561062137 30.304285473, -87.561026559 30.30422743, -87.560936618 30.304024697, -87.560803207 30.303859993, -87.560637635 30.303712187, -87.560580843 30.303651473, -87.560410468 30.303534786, -87.560253937 30.303484522, -87.560253937 30.303433572, -87.560317937 30.303328572, -87.560329937 30.303246572, -87.560253937 30.302861572, -87.560260436 30.302723572, -87.560469937 30.302685572, -87.560703936 30.302712571, -87.560868937 30.302707572, -87.561236937 30.302630572, -87.561375937 30.302542572, -87.561642937 30.302261571, -87.561813937 30.302206572, -87.561817875 30.302148577, -87.561722218 30.302010982, -87.561531834 30.301830493, -87.561315234 30.301696394, -87.561266619 30.301746549, -87.561446352 30.301909537, -87.561524 30.302113001, -87.561479 30.302195, -87.561403 30.302256, -87.561302001 30.302295001, -87.561143001 30.302316, -87.560674 30.302311, -87.560617 30.302338001, -87.560522001 30.302432, -87.560395 30.302531, -87.560181332 30.302563419, -87.560126937 30.302470572, -87.560023932 30.302197556, -87.559928313 30.3020549, -87.559712752 30.301834629, -87.559642972 30.301742261, -87.559515793 30.301643579, -87.559281468 30.301493787, -87.558981 30.301376, -87.558588001 30.301293, -87.558195 30.301337, -87.557663 30.301194001, -87.557403001 30.301178, -87.557162001 30.301194001, -87.556769 30.301128, -87.556624726 30.301128192, -87.556602936 30.301007571, -87.556640935 30.300869571, -87.556684936 30.300787572, -87.556689911 30.300668563, -87.556602008 30.300560351, -87.556547 30.300606, -87.556534 30.300688, -87.556541001 30.300776001, -87.556465 30.300952, -87.556414 30.301029, -87.556281 30.301123, -87.556167 30.301167001, -87.555184 30.30137, -87.55488 30.301392, -87.554613 30.301436, -87.554176 30.301458, -87.553954 30.301508, -87.553701 30.301513, -87.553396001 30.301563, -87.552712 30.301579001, -87.552304948 30.301492035, -87.551858625 30.301152692, -87.55166832 30.300915893, -87.551390054 30.300629517, -87.551327934 30.300528571, -87.551251934 30.300264572, -87.551353934 30.300148571, -87.551429934 30.300093571, -87.551479934 30.300016572, -87.551632935 30.299978571, -87.551739934 30.299890572, -87.551803934 30.299873572, -87.551928091 30.29998111, -87.552132934 30.300071571, -87.552491751 30.300278689, -87.552646935 30.300302571, -87.552779934 30.300264572, -87.552893935 30.300176571, -87.552944935 30.300115571, -87.553045934 30.300022571, -87.553217935 30.299714572, -87.553527934 30.299384571, -87.553603934 30.299274572, -87.553698935 30.298933571, -87.553686934 30.298878571, -87.553768934 30.298603571, -87.553667935 30.298152571, -87.553620649 30.298033679, -87.553423872 30.297786417, -87.553151467 30.297593785, -87.552782 30.297448, -87.552661 30.297426, -87.552566 30.29747, -87.552522 30.297541001, -87.552389 30.297596001, -87.552192 30.297591, -87.551818 30.297481, -87.551216 30.297261, -87.550468 30.296892, -87.550208 30.296848, -87.549942 30.296859, -87.549308 30.297085, -87.549025 30.297152501, -87.548782 30.297233, -87.548408 30.297403, -87.548021 30.29748, -87.547767001 30.297497, -87.547628 30.297524, -87.547247 30.297761001, -87.547 30.297849001, -87.546607 30.297959, -87.546189 30.298173, -87.546049001 30.298283, -87.54584 30.298520001, -87.545055 30.2992205, -87.544686 30.299466001, -87.544426 30.299598, -87.544306 30.299735, -87.543862 30.300082, -87.543158 30.30072, -87.542822 30.300978, -87.542708 30.301088, -87.542448 30.301424001, -87.542124001 30.301748, -87.54175 30.302354, -87.541617 30.302469, -87.541471 30.30254, -87.54123 30.302612, -87.541097 30.302612, -87.540837 30.302529, -87.540717 30.302518, -87.540622 30.30254, -87.540413 30.30265, -87.540267 30.302766, -87.539956 30.303151, -87.539823 30.303244001, -87.539563 30.303371, -87.539309 30.303459, -87.538694 30.303459, -87.538022 30.303519, -87.537769 30.303574, -87.537376 30.303712, -87.537261 30.303728, -87.537116001 30.303728, -87.536355 30.303447, -87.536222 30.303414, -87.535841 30.303392, -87.535715 30.303332, -87.535322 30.303227, -87.534941001 30.303238, -87.534675 30.303199, -87.534377 30.303238, -87.534041 30.303359001, -87.533654 30.303331, -87.533445 30.303353001, -87.53302 30.303474, -87.532874 30.303529, -87.532653001 30.303694, -87.532494 30.303854001, -87.532113 30.304409, -87.532044 30.304470001, -87.531796001 30.304794, -87.5316 30.305267, -87.531454 30.305482, -87.530953 30.305927, -87.530839 30.306164001, -87.530741775 30.306168766, -87.530735928 30.305948574, -87.530875929 30.305387573, -87.530932929 30.304722573, -87.531084928 30.304463573, -87.531192928 30.304375573, -87.531369929 30.304155573, -87.531465929 30.303930573, -87.531465929 30.303479573, -87.531501825 30.303366597, -87.531351928 30.303154573, -87.531408929 30.302703572, -87.531383929 30.302478573, -87.531402928 30.302257573, -87.531459929 30.302076573, -87.531617928 30.301807573, -87.531782929 30.301476572, -87.531985929 30.301256572, -87.532020927 30.301139321, -87.531977465 30.301105786, -87.531861 30.30113, -87.53169 30.301466, -87.531531 30.301686, -87.531379 30.302021, -87.531334001 30.302209, -87.531201001 30.302467, -87.531195001 30.302918, -87.531321 30.303364001, -87.53134 30.303760001, -87.531321 30.303809, -87.531213 30.303897001, -87.53108 30.303892, -87.530733886 30.303719385, -87.530442464 30.303508787, -87.530307 30.303446001, -87.530239464 30.303475787, -87.530436562 30.303712726, -87.530664159 30.303922034, -87.530722392 30.304037447, -87.530738 30.304145001, -87.530814 30.304370001, -87.530814 30.304579, -87.530731 30.305036, -87.530585001 30.30547, -87.530452 30.306152, -87.530471 30.306263001, -87.530452 30.306312, -87.530319 30.306351, -87.530059 30.306328, -87.529932 30.306339, -87.529596 30.306493, -87.529558 30.306543, -87.529298 30.306664, -87.528784001 30.306763, -87.528404001 30.307005, -87.528074 30.307164, -87.527757 30.307406, -87.527319 30.307621, -87.527193 30.30773, -87.52711 30.307950001, -87.527047 30.308066, -87.526945 30.308181, -87.526799 30.308511, -87.52664 30.309408001, -87.526621 30.309672001, -87.526476356 30.309633791, -87.526394767 30.309532635, -87.526351463 30.309504787, -87.526222 30.309518001, -87.525803001 30.309743001, -87.525277 30.310079001, -87.525273501 30.310196079, -87.525329843 30.310236465, -87.525509927 30.310199575, -87.526099928 30.309820575, -87.526226271 30.309826544, -87.526453808 30.310144604, -87.52648838 30.310205802, -87.526361 30.310338, -87.526222 30.310415, -87.525416 30.310635, -87.525068 30.310827, -87.524687 30.310843, -87.524611 30.310871, -87.52444 30.311003, -87.524313 30.311041, -87.52418 30.311052, -87.524047 30.31114, -87.523926 30.311135, -87.523844 30.311091, -87.523629856 30.310995437, -87.523471996 30.310885223, -87.523320261 30.310762939, -87.523142464 30.310586788, -87.523052881 30.310543394)), ((-87.926658054 30.660016639, -87.926874055 30.659295638, -87.926900055 30.659163639, -87.927135054 30.658553638, -87.927205054 30.658300639, -87.927212054 30.658228638, -87.927250054 30.658102639, -87.927339054 30.657711638, -87.927393054 30.657665139, -87.927463155 30.657704138, -87.927494691 30.657760333, -87.927480001 30.657866, -87.927359 30.658196, -87.927238 30.658553, -87.927207 30.658669, -87.927124 30.658894, -87.927054001 30.659131001, -87.927054001 30.659367001, -87.927118393 30.659478317, -87.927211054 30.659394638, -87.927313054 30.659114638, -87.927561055 30.658707639, -87.927695055 30.658547639, -87.927746055 30.658432639, -87.927752054 30.658278639, -87.927663054 30.657915638, -87.927651054 30.657783638, -87.927612054 30.657601638, -87.927574054 30.657486638, -87.927565369 30.657422045, -87.927511054 30.657293638, -87.927460054 30.657112638, -87.927447054 30.656831638, -87.927473054 30.656628638, -87.927511054 30.656430638, -87.927543054 30.656325638, -87.927554 30.656214, -87.927623554 30.655786138, -87.927651054 30.655714638, -87.927657054 30.655659638, -87.927683054 30.655621638, -87.927708054 30.655533638, -87.927708054 30.655423638, -87.927778054 30.655153638, -87.927791054 30.654570637, -87.927810054 30.654317638, -87.927829054 30.654273637, -87.927918054 30.653899638, -87.927988054 30.653685637, -87.928014054 30.653569638, -87.928020054 30.653498638, -87.928045054 30.653399637, -87.928440054 30.652684637, -87.928516055 30.652568637, -87.928548054 30.652453637, -87.928707054 30.652200637, -87.928809054 30.652062637, -87.928911055 30.651886637, -87.928909816 30.651712047, -87.928860055 30.651331637, -87.928831677 30.651256728, -87.928758054 30.651166637, -87.928752055 30.651089637, -87.928773054 30.651039137, -87.929064055 30.650671637, -87.929197055 30.650517637, -87.929324054 30.650434637, -87.929547055 30.650407637, -87.929846054 30.650346637, -87.929954054 30.650341637, -87.930062054 30.650385636, -87.930161003 30.650460333, -87.930295271 30.65058602, -87.930429294 30.6508225, -87.930642255 30.651007639, -87.930668 30.651073001, -87.930674 30.651199, -87.930702527 30.651289819, -87.930786514 30.651460464, -87.930835527 30.651685819, -87.930932594 30.651894456, -87.931064471 30.652037858, -87.931126906 30.652128543, -87.931140023 30.652176763, -87.931145 30.652255001, -87.931132 30.652321, -87.931005001 30.652503, -87.930795 30.652739, -87.930706 30.652888, -87.930674 30.652981, -87.930655 30.653146, -87.930676995 30.653220338, -87.930756055 30.653250637, -87.930820957 30.653322029, -87.930848527 30.653451819, -87.930886763 30.653500683, -87.931023055 30.653569637, -87.931105421 30.653634921, -87.93112 30.653834, -87.931101 30.653928001, -87.931124247 30.654122192, -87.931207055 30.654158637, -87.931309055 30.654175638, -87.931430055 30.654208638, -87.931710055 30.654367637, -87.931840294 30.654492001, -87.931931166 30.654639532, -87.932000403 30.654711909, -87.932174055 30.654758637, -87.932416055 30.654873638, -87.932501985 30.654937361, -87.932639056 30.655000638, -87.932864866 30.655146577, -87.933071056 30.655242638, -87.933428056 30.655352638, -87.933571 30.655460336, -87.933867055 30.655594637, -87.934168913 30.655801484, -87.934541056 30.656017638, -87.934885056 30.656177638, -87.935307811 30.656428712, -87.935492385 30.656614924, -87.935842067 30.656895246, -87.935969819 30.656972691, -87.936288036 30.65722793, -87.936370171 30.657308123, -87.936514242 30.657431655, -87.936597001 30.657734, -87.936593617 30.657791005, -87.936637818 30.657819695, -87.936834593 30.658173351, -87.936839 30.658355, -87.936821 30.658443, -87.936763 30.658586, -87.936655 30.658636, -87.936502 30.658666001, -87.936438001 30.658718, -87.936317 30.658795, -87.936069001 30.658867, -87.935917 30.658938, -87.935649 30.659164001, -87.93549 30.659224, -87.93521 30.659241, -87.935051 30.65918, -87.934364 30.659043, -87.934281 30.659037001, -87.934173 30.659081, -87.934091 30.65917, -87.9339505 30.659428001, -87.933887 30.659598, -87.933862 30.659725, -87.933862 30.659857001, -87.933804 30.660061001, -87.933696 30.660352, -87.933645 30.660517001, -87.933633 30.660578, -87.933588 30.66066, -87.933569 30.660743, -87.933486 30.660957, -87.93341 30.661117, -87.933314 30.661359, -87.933302 30.66143, -87.933251 30.66154, -87.933244 30.661639, -87.933162 30.661865, -87.93313 30.661986001, -87.933041 30.662162, -87.932939001 30.662255, -87.932856 30.662283, -87.932773766 30.662255167, -87.932719581 30.662197458, -87.932651055 30.662049639, -87.932626056 30.661875639, -87.932619056 30.661595639, -87.932645056 30.661457639, -87.932677055 30.661375639, -87.932696056 30.661144639, -87.932639056 30.660913639, -87.932632056 30.660704639, -87.932645056 30.660632639, -87.932759055 30.660428638, -87.932823056 30.660275639, -87.932836055 30.659779639, -87.932849056 30.659713639, -87.932925056 30.659537638, -87.932957056 30.659383638, -87.932957056 30.659097639, -87.932916854 30.659001642, -87.932750062 30.6587756, -87.932678 30.658740001, -87.932519 30.658702, -87.932067001 30.658630001, -87.931902 30.658614, -87.931539 30.658658, -87.931196 30.658729001, -87.930496 30.658949, -87.930203 30.659081, -87.929726 30.659351, -87.929592 30.659444001, -87.929166 30.659659001, -87.928714 30.660044, -87.928651 30.660143, -87.928640527 30.66024482, -87.928767597 30.660392775, -87.928888856 30.660557642, -87.928940426 30.660656478, -87.928969 30.660786001, -87.928981 30.661094, -87.929045001 30.661402001, -87.929045001 30.661732, -87.928937001 30.662101, -87.92893 30.662299, -87.92895 30.662365, -87.928962 30.662772, -87.928899 30.663344, -87.928873 30.663427, -87.928867 30.66352, -87.928848 30.663575, -87.928841 30.663691, -87.928759 30.664076, -87.928638 30.664516, -87.928561 30.664686, -87.928472 30.664760501, -87.928332001 30.664774001, -87.927963 30.664725001, -87.927594 30.664626001, -87.927454001 30.664565, -87.927352001 30.664538001, -87.927085001 30.664439, -87.926911526 30.664337983, -87.926817055 30.66424064, -87.926775763 30.664132685, -87.926740055 30.66408664, -87.926696054 30.66395964, -87.926619554 30.66355014, -87.926600054 30.663272639, -87.926518054 30.662887639, -87.926524054 30.661974639, -87.926537054 30.661561639, -87.926562054 30.661440639, -87.926581054 30.660643639, -87.926626054 30.660467639, -87.926632054 30.660368639, -87.926658054 30.660269639, -87.926658054 30.660016639)), ((-87.958149 30.663666, -87.958804419 30.663176833, -87.958638001 30.663122, -87.958546052 30.663079857, -87.958528063 30.663012638, -87.958566064 30.662907639, -87.958706063 30.662792638, -87.958897063 30.662693638, -87.959272063 30.662456639, -87.959540064 30.662352638, -87.959692063 30.662319638, -87.960023064 30.662302639, -87.960176064 30.662351638, -87.960287044 30.662438282, -87.960415868 30.662612637, -87.960464 30.662737001, -87.960495 30.662852, -87.960527 30.663023, -87.960546 30.663259, -87.960572 30.663353001, -87.9605685 30.663628, -87.960496001 30.663661001, -87.960261531 30.66359382, -87.960339479 30.663677856, -87.96043644 30.663829276, -87.960433 30.663992, -87.960298 30.664163001, -87.960176 30.66424, -87.960067748 30.664351436, -87.960189063 30.664376639, -87.962308064 30.665002638, -87.963142065 30.665277639, -87.966350001 30.66652185, -87.966153 30.66663, -87.965402 30.6669, -87.964893 30.667026, -87.962927 30.667269001, -87.962724 30.66728, -87.962431 30.667346, -87.962202 30.667373, -87.961725 30.667506001, -87.961470001 30.667594, -87.960961 30.667715001, -87.959161 30.668073, -87.958741001 30.668161, -87.958244 30.668276, -87.957684001 30.66837, -87.957487 30.668430001, -87.957175 30.668496001, -87.956965 30.668562, -87.956316 30.668706001, -87.956024 30.668739, -87.955725 30.66881, -87.95547 30.66886, -87.955381 30.668909001, -87.95512 30.668964001, -87.954987 30.668953, -87.954797948 30.668909246, -87.954782062 30.66878864, -87.954883063 30.668595639, -87.955042063 30.66839264, -87.955055062 30.66834864, -87.955093063 30.66830464, -87.955170063 30.668183639, -87.955201063 30.66814864, -87.955391562 30.66787364, -87.955437063 30.667820639, -87.955500062 30.667721639, -87.955570063 30.66764464, -87.955774063 30.66736364, -87.955831063 30.66731964, -87.955936062 30.667143639, -87.955984063 30.667049639, -87.956041063 30.666967639, -87.956073063 30.666879639, -87.956105062 30.66682964, -87.956137063 30.666747639, -87.956187062 30.66667064, -87.956359063 30.666268639, -87.956416063 30.666076639, -87.956518063 30.665878639, -87.956633062 30.665691639, -87.956652063 30.665647639, -87.956703063 30.665581639, -87.956798062 30.665416639, -87.957396063 30.664547639, -87.957555063 30.664360639, -87.957719562 30.664132639, -87.957816464 30.664029866, -87.957640159 30.663841583, -87.957876063 30.663704639, -87.958149 30.663666)), ((-87.931174056 30.690279645, -87.931168056 30.690180645, -87.932428057 30.690163645, -87.932523057 30.690207646, -87.934878058 30.690169645, -87.935536369 30.690082551, -87.935536461 30.690028372, -87.935471 30.689999, -87.935185 30.689988001, -87.934994 30.689972001, -87.933358 30.689966001, -87.932474 30.689977, -87.932366 30.690015, -87.932124 30.690037, -87.931888 30.690015, -87.931411 30.690065, -87.931250984 30.690010979, -87.931146474 30.689929861, -87.931047038 30.689822497, -87.931038567 30.689764463, -87.930945057 30.689564645, -87.930930262 30.689511512, -87.930854195 30.689385079, -87.930714715 30.689104454, -87.930582057 30.688788645, -87.930468057 30.688447645, -87.930436056 30.688370645, -87.930417057 30.688271645, -87.930294229 30.68796052, -87.930251056 30.687886645, -87.930105057 30.687507645, -87.930058608 30.68735046, -87.930035056 30.687298645, -87.930029056 30.687248645, -87.929952056 30.687045645, -87.929925516 30.686921469, -87.929895057 30.686858645, -87.929800056 30.686407644, -87.929768056 30.686071645, -87.929723056 30.685917645, -87.929717056 30.685708645, -87.929761056 30.685598644, -87.929691056 30.685109644, -87.929691056 30.684795644, -87.929717056 30.684641644, -87.929723056 30.684405644, -87.929793056 30.684294644, -87.929787056 30.684179644, -87.929800056 30.684053644, -87.929774056 30.683783644, -87.929749056 30.683667644, -87.929720556 30.683252644, -87.929685056 30.683079644, -87.929717056 30.683013644, -87.929783556 30.682963894, -87.929882056 30.683051644, -87.929940056 30.683183644, -87.929984056 30.683519644, -87.930054057 30.683805644, -87.930061056 30.683893644, -87.930080056 30.683937644, -87.930086056 30.684063644, -87.930143056 30.684438644, -87.930150056 30.684553644, -87.930169056 30.684614644, -87.930196 30.684911, -87.930287528 30.685194822, -87.930449057 30.685510644, -87.930582057 30.685681645, -87.930601056 30.685752644, -87.930633057 30.685818645, -87.930652056 30.685890645, -87.930773056 30.686176645, -87.930862056 30.686489644, -87.930932056 30.686632644, -87.931009056 30.686742645, -87.931091056 30.686814645, -87.931142056 30.686814645, -87.931200056 30.686770645, -87.931282056 30.686627644, -87.931327056 30.686462644, -87.931301057 30.686187645, -87.931282056 30.686137644, -87.931266556 30.686036145, -87.931251056 30.685813644, -87.931270057 30.685719645, -87.931282056 30.685483644, -87.931257056 30.685329645, -87.931200056 30.685235644, -87.931136057 30.685076644, -87.931066056 30.684839644, -87.931002057 30.684680644, -87.930971057 30.684537644, -87.930958056 30.684328644, -87.930926057 30.684168644, -87.930920057 30.684025644, -87.930888056 30.683783644, -87.930894056 30.683398644, -87.930913056 30.683315644, -87.930913056 30.682908644, -87.930841805 30.682620394, -87.930792057 30.682512643, -87.930786056 30.682419644, -87.930735056 30.682276644, -87.930646056 30.681660644, -87.930589056 30.681462644, -87.930582056 30.681374644, -87.930436056 30.680818643, -87.930423056 30.680730643, -87.930398057 30.680653643, -87.930392056 30.680554643, -87.930315056 30.680257643, -87.930277056 30.680120643, -87.930226056 30.680004643, -87.929927055 30.679130643, -87.929768055 30.678453643, -87.929679056 30.678140643, -87.929615056 30.678013643, -87.929526056 30.677782642, -87.929444056 30.677496642, -87.929437056 30.677331642, -87.929463055 30.677225642, -87.929494056 30.677144643, -87.930080056 30.676687643, -87.930226056 30.676616643, -87.930468056 30.676544643, -87.931047056 30.676325643, -87.931200056 30.676275642, -87.931862056 30.676182642, -87.932072056 30.676105642, -87.932326057 30.675956642, -87.932746057 30.675731642, -87.932952057 30.675675642, -87.933160056 30.675659642, -87.933376057 30.675736642, -87.933586057 30.675797642, -87.933898057 30.675841642, -87.934057057 30.675846642, -87.934509057 30.675819642, -87.934668057 30.675780642, -87.935063057 30.675720642, -87.935476058 30.675808642, -87.935985057 30.675929642, -87.936482058 30.676149642, -87.936857057 30.676363642, -87.936914057 30.676413643, -87.936955558 30.676500643, -87.937095 30.676509, -87.937239058 30.676517642, -87.937233058 30.676429642, -87.937156058 30.676275642, -87.937099057 30.676204642, -87.937035058 30.676149642, -87.936393058 30.675747642, -87.936113057 30.675643642, -87.935648057 30.675511642, -87.935540057 30.675489642, -87.934846057 30.675522642, -87.934515057 30.675549642, -87.934083057 30.675566642, -87.933930057 30.675560642, -87.933720057 30.675527642, -87.933605056 30.675478642, -87.933548057 30.675428642, -87.933548057 30.675329642, -87.933835057 30.675203642, -87.934000056 30.675076642, -87.934178057 30.674917642, -87.934566057 30.674653642, -87.934808057 30.674504642, -87.935056058 30.674388642, -87.935266058 30.674245642, -87.935451058 30.674097641, -87.935661058 30.673987642, -87.936424058 30.673288642, -87.936711058 30.672947641, -87.936851058 30.672843642, -87.936997057 30.672749641, -87.937175058 30.672617641, -87.937309057 30.672551641, -87.937474057 30.672447641, -87.937640058 30.672287641, -87.937748058 30.672144641, -87.937786057 30.672040641, -87.937799058 30.671886641, -87.937831058 30.671765641, -87.937888058 30.671622641, -87.937983058 30.671501641, -87.938238058 30.671248641, -87.938295058 30.671061641, -87.938282058 30.670967641, -87.938232057 30.670841641, -87.938117058 30.670731641, -87.937996057 30.670670641, -87.937831058 30.670643641, -87.937691058 30.670632641, -87.937595058 30.670676641, -87.937385058 30.671039641, -87.937315057 30.671121641, -87.937252057 30.671176641, -87.937105057 30.671187641, -87.936908058 30.671237641, -87.936666058 30.671358641, -87.936456058 30.671429641, -87.936310057 30.671578641, -87.936163057 30.671644641, -87.936023057 30.671765641, -87.935947057 30.671880641, -87.935947057 30.671974641, -87.935966057 30.672095642, -87.935992057 30.672194642, -87.935915057 30.672249641, -87.935724057 30.672304642, -87.935610058 30.672392641, -87.935425057 30.672480641, -87.935247057 30.672595641, -87.935133057 30.672738641, -87.934993057 30.672870641, -87.934885057 30.672925641, -87.934827057 30.672942642, -87.934770057 30.672925641, -87.934700057 30.672887642, -87.934649057 30.672799642, -87.934598057 30.672639642, -87.934643057 30.672326641, -87.934643057 30.672238641, -87.934375056 30.671534641, -87.934382057 30.671385641, -87.934407057 30.671220641, -87.934528057 30.670764641, -87.934522057 30.670676641, -87.934503056 30.670610641, -87.934458057 30.670544641, -87.934401056 30.670505641, -87.934312057 30.670522641, -87.934248057 30.670610641, -87.934172057 30.670868641, -87.934089057 30.670956641, -87.934038057 30.671242641, -87.934006056 30.671358641, -87.933962057 30.671611641, -87.933994057 30.671732641, -87.934038057 30.671842641, -87.934095057 30.672034641, -87.934070057 30.672095642, -87.934146057 30.672419641, -87.934095057 30.672623641, -87.934083056 30.672815641, -87.934108056 30.673008642, -87.934159056 30.673195641, -87.934121057 30.673387641, -87.934019057 30.673596642, -87.933911057 30.673794642, -87.933739056 30.673976642, -87.933364056 30.674322642, -87.933141057 30.674487642, -87.932899056 30.674586642, -87.932651056 30.674735642, -87.932454057 30.674817642, -87.932244057 30.675098642, -87.931875057 30.675290642, -87.931677056 30.675362642, -87.931200056 30.675632642, -87.931022056 30.675753642, -87.930805056 30.675830642, -87.930475056 30.675928643, -87.930175056 30.675994642, -87.9297 30.675984, -87.929502 30.67594, -87.929310026 30.675885919, -87.929194158 30.675793537, -87.929116359 30.675667945, -87.928885 30.675434, -87.928821 30.675335, -87.928809001 30.675219001, -87.92879 30.674752001, -87.928751 30.674636, -87.928688 30.674488, -87.928694 30.674345, -87.928662 30.67418, -87.928612 30.674081, -87.928618 30.673971, -87.928656 30.673883, -87.928637 30.673811001, -87.928554 30.673718, -87.928484 30.673608, -87.928472 30.673465, -87.928478 30.6733, -87.92851 30.673223, -87.928523 30.673085, -87.928389 30.673041, -87.928319 30.672981001, -87.928293 30.67281, -87.928255001 30.672662, -87.928262 30.672546, -87.928255001 30.672403, -87.9282905 30.672362001, -87.928408 30.672282, -87.92851 30.672233, -87.928688 30.672189001, -87.929025 30.672084, -87.929261 30.672046, -87.929579 30.671969, -87.929789001 30.671875, -87.929865 30.671826, -87.929897 30.671787, -87.9298935 30.671721501, -87.929783 30.671688, -87.929687 30.671710001, -87.929547 30.671727, -87.929238499 30.671815001, -87.929159 30.671655001, -87.928936 30.670819, -87.928682 30.670808, -87.928949 30.671886, -87.928201 30.6721445, -87.928007 30.671534, -87.927925 30.67116, -87.927778001 30.670808, -87.927721001 30.670626, -87.927708 30.670445, -87.927638 30.66995, -87.927581 30.66973, -87.927511001 30.669389, -87.92753 30.669273, -87.927441 30.669048, -87.92732 30.668657, -87.927236 30.668365, -87.927160055 30.66805264, -87.927160055 30.667837641, -87.927134055 30.667628641, -87.927294055 30.667133641, -87.9271963 30.666784501, -87.927084055 30.666583641, -87.926995054 30.666358641, -87.926950055 30.66616564, -87.926906054 30.66604464, -87.926867054 30.66565964, -87.926791055 30.66522564, -87.926791054 30.66499164, -87.926810054 30.66492264, -87.926867054 30.66483464, -87.926982055 30.66478564, -87.927077054 30.66479064, -87.927459055 30.66487864, -87.927949055 30.66503264, -87.928157448 30.665109051, -87.928316309 30.665392499, -87.928372302 30.665521265, -87.92837 30.665621, -87.928294 30.665748001, -87.928332001 30.665841, -87.928240673 30.666305286, -87.928433055 30.666347641, -87.928655055 30.66630864, -87.928763055 30.66624864, -87.929107055 30.66612764, -87.929412055 30.66606164, -87.929502055 30.66601764, -87.929571555 30.66588514, -87.929896055 30.66603964, -87.930201055 30.66614364, -87.930354055 30.66612164, -87.930443056 30.66607264, -87.930634056 30.66591264, -87.930749055 30.66576464, -87.931010055 30.66552764, -87.931105056 30.66536864, -87.931131056 30.66528064, -87.931127148 30.665085148, -87.931057528 30.66502482, -87.930832757 30.664945175, -87.930774089 30.664884391, -87.930787056 30.66479064, -87.930889056 30.66463164, -87.931010055 30.66453264, -87.931181056 30.66444464, -87.931271055 30.664383639, -87.931474056 30.664158639, -87.931531056 30.664081639, -87.931830056 30.66353164, -87.931907056 30.663272639, -87.932059555 30.663031139, -87.932199056 30.662849639, -87.932320056 30.662755639, -87.932505056 30.662761639, -87.932728055 30.662805639, -87.933020056 30.66289864, -87.933097056 30.662937639, -87.933205275 30.663031618, -87.933263 30.663185001, -87.93327 30.663262001, -87.93327 30.664059001, -87.933289 30.664136, -87.933295 30.664307, -87.933321 30.664395, -87.93334 30.664543, -87.933378 30.664703, -87.933384 30.664818, -87.933486 30.665324, -87.933467001 30.66544, -87.933403 30.665555, -87.933405528 30.66571782, -87.933476311 30.665843498, -87.933514528 30.66595982, -87.933559365 30.666041488, -87.934302509 30.666861833, -87.934818205 30.667324087, -87.935145057 30.66748664, -87.935642057 30.66769564, -87.936386057 30.66794264, -87.936590058 30.66801964, -87.936870057 30.66815164, -87.936974947 30.668226423, -87.937021122 30.668297546, -87.937081 30.668449001, -87.9370585 30.668569501, -87.937018001 30.668685, -87.937019538 30.668748261, -87.937096037 30.668809287, -87.937341057 30.668861641, -87.937436058 30.668866641, -87.937589058 30.668833641, -87.937671058 30.66880064, -87.937722058 30.66871264, -87.937767057 30.668597641, -87.937843057 30.66849264, -87.937837057 30.66829464, -87.937881058 30.66821264, -87.937983058 30.66814664, -87.938130057 30.668157641, -87.938333058 30.668234641, -87.938592518 30.668219507, -87.938715058 30.66825064, -87.938931058 30.66821264, -87.939033058 30.668162641, -87.939415058 30.66793164, -87.939466058 30.66787664, -87.939517058 30.667783641, -87.939502692 30.667620452, -87.939459058 30.66751864, -87.939447058 30.66732664, -87.939466058 30.66722764, -87.939536058 30.66718364, -87.939784058 30.66713364, -87.939860058 30.66706764, -87.939905058 30.66697464, -87.939918058 30.66692464, -87.940045058 30.66685864, -87.940223058 30.66684764, -87.940471058 30.66687564, -87.940764058 30.66694164, -87.941286058 30.66719464, -87.941419058 30.66721664, -87.941565381 30.667287313, -87.941658746 30.667405695, -87.941702485 30.667503377, -87.941767066 30.667609563, -87.941818503 30.667713468, -87.941843529 30.66782982, -87.941889764 30.667917412, -87.941947893 30.667976119, -87.941981 30.668052001, -87.942000001 30.6683, -87.942076 30.668514, -87.94207 30.668729001, -87.942000001 30.668927001, -87.941955 30.668971, -87.941822 30.669043, -87.941674246 30.66909516, -87.941822895 30.669151144, -87.941841001 30.669235001, -87.941849513 30.669375449, -87.941983218 30.669497076, -87.942225262 30.669941509, -87.942339466 30.670057865, -87.942411096 30.670152092, -87.942536089 30.670250221, -87.942743059 30.670324641, -87.943106059 30.67042864, -87.94354506 30.670604641, -87.94383706 30.67064864, -87.944143059 30.670642641, -87.944353059 30.67062064, -87.944506059 30.67062064, -87.94468406 30.670659641, -87.94491306 30.67075264, -87.94521806 30.67078064, -87.94565106 30.670730641, -87.94594406 30.67068664, -87.94630606 30.670543641, -87.94649106 30.670488641, -87.94678406 30.67043364, -87.94685406 30.67037864, -87.94687906 30.67029064, -87.94692406 30.67025264, -87.94698106 30.670257641, -87.94703806 30.670274641, -87.94715906 30.67024664, -87.94724206 30.67015364, -87.947388061 30.670054641, -87.94756006 30.66990064, -87.947674061 30.66974064, -87.947782061 30.66964164, -87.947916061 30.669581641, -87.947967061 30.66948764, -87.948151061 30.66931764, -87.94819006 30.66925164, -87.94821506 30.66915264, -87.94837406 30.66881164, -87.948412061 30.66870664, -87.948501061 30.66851464, -87.948578061 30.66839364, -87.948603061 30.66824464, -87.94861006 30.66813464, -87.948711061 30.66764464, -87.94883206 30.667452639, -87.948921061 30.66736464, -87.949055061 30.66728764, -87.94916906 30.66715564, -87.949214061 30.66707864, -87.949284061 30.666731639, -87.949379061 30.666588639, -87.949716061 30.666269639, -87.949856061 30.666176639, -87.949939061 30.666082639, -87.950015061 30.66594564, -87.950251061 30.665807639, -87.950486061 30.665626639, -87.950727561 30.66536064, -87.950807561 30.66524414, -87.950976061 30.665037639, -87.951135061 30.664883639, -87.951294061 30.664784639, -87.951510061 30.664668639, -87.951778061 30.664487639, -87.951879061 30.664437639, -87.951988061 30.664349639, -87.952128062 30.664278639, -87.952465062 30.664157639, -87.952757062 30.664036639, -87.952891062 30.663948639, -87.953116561 30.663736639, -87.953195561 30.663627639, -87.953241062 30.663579639, -87.953463562 30.663249639, -87.953712062 30.662826639, -87.953813062 30.662765638, -87.953807061 30.662710639, -87.953869 30.662605, -87.953998062 30.662424639, -87.954214062 30.662050638, -87.954214062 30.661995638, -87.954329062 30.661802638, -87.954564062 30.661511638, -87.955022062 30.661137638, -87.955098062 30.661038638, -87.955136562 30.660975138, -87.955238062 30.660746638, -87.955270062 30.660559638, -87.955283062 30.660130638, -87.955308062 30.660004638, -87.955333062 30.659932638, -87.955492062 30.659663638, -87.955594062 30.659360638, -87.955626062 30.659300638, -87.955715062 30.659223638, -87.955931062 30.659107637, -87.956052063 30.658997638, -87.956090562 30.658898138, -87.956179062 30.658843638, -87.956218929 30.658887048, -87.956238 30.658986, -87.956251 30.659173, -87.956266531 30.659230819, -87.956365671 30.659365637, -87.956385 30.659437, -87.956378 30.659767, -87.956359 30.659988, -87.956359 30.660158, -87.956397 30.660328, -87.956232001 30.660824001, -87.956188 30.661033, -87.956092 30.661319, -87.955933 30.661616, -87.955857 30.661704001, -87.955685 30.661984, -87.955539001 30.662248, -87.955463 30.662336, -87.955469 30.662413, -87.955412 30.6626, -87.955217 30.662933, -87.955164 30.663024, -87.954896 30.663288, -87.954846 30.663387001, -87.95482 30.663486, -87.954744001 30.663668001, -87.954699 30.663755001, -87.954413 30.664064, -87.954159001 30.664537, -87.953917 30.66496, -87.953745 30.665301, -87.95323 30.666115, -87.953192 30.666187, -87.952721 30.66694, -87.95213 30.668052001, -87.951735 30.668822001, -87.951678 30.668965, -87.95136 30.669559, -87.951239 30.669757001, -87.950946 30.670274, -87.950819001 30.670582001, -87.950781 30.670763, -87.950635 30.671137, -87.950571 30.671347001, -87.950444 30.671627, -87.950317 30.671787, -87.950253 30.671814, -87.950228 30.671875, -87.95017 30.671924001, -87.950071 30.6720455, -87.950005 30.67214, -87.949954 30.672238, -87.949852 30.672381, -87.949744 30.672441, -87.949591 30.672485, -87.949445 30.672551, -87.949401 30.672705, -87.949381 30.672887, -87.949356 30.672991, -87.949235 30.67325, -87.949108 30.673453, -87.948885 30.673734, -87.948828 30.673844, -87.948777 30.67397, -87.948682 30.674212, -87.94851 30.674476, -87.948395 30.674575, -87.948262 30.674658, -87.948224 30.674718, -87.948173 30.674878, -87.948115 30.674966, -87.948045 30.675049, -87.947988 30.675087, -87.947829 30.675159, -87.947804 30.675274, -87.947727 30.67539, -87.947676 30.675439, -87.9476 30.6755, -87.9475125 30.67555725, -87.947512395 30.675615366, -87.947517 30.675643, -87.9476 30.675714, -87.947587 30.675769, -87.94732 30.676176, -87.947187 30.676319, -87.947054 30.676498, -87.946977 30.676622001, -87.946881 30.676748, -87.946296 30.677815, -87.946054 30.678195, -87.945876 30.678514, -87.945793 30.678717, -87.945723 30.678981001, -87.945679 30.679069, -87.945577 30.679223001, -87.945481 30.679333, -87.945424 30.679427001, -87.945329001 30.67968, -87.945259 30.679955, -87.945252 30.680087001, -87.945208 30.680263, -87.945125 30.680456, -87.945049 30.68072, -87.944782 30.681369, -87.944756 30.681501, -87.944769 30.681600001, -87.944794 30.681666, -87.944763 30.681825, -87.944534001 30.682381, -87.944215 30.683437001, -87.944101 30.684003001, -87.944088001 30.684278001, -87.944044 30.684482001, -87.943808 30.685252, -87.943662001 30.685505, -87.943636001 30.685654, -87.94363 30.685791, -87.943554001 30.686275001, -87.943131 30.687422, -87.942994 30.687815, -87.942873 30.688239, -87.942759001 30.688503001, -87.942625 30.688745, -87.942389 30.68908, -87.942294 30.689267, -87.942128001 30.689432, -87.942052 30.689537, -87.941849 30.689773, -87.941721 30.689960001, -87.941333001 30.690433, -87.9409 30.690857, -87.940741 30.691022001, -87.940639 30.691116, -87.940187 30.691583, -87.939831 30.692067001, -87.939697 30.692194, -87.939577 30.692364, -87.939494 30.692441, -87.939227 30.692634001, -87.938533 30.693321, -87.938176 30.693701, -87.938075001 30.693866, -87.937814 30.694163, -87.93754 30.694608, -87.937425 30.694773, -87.937349 30.694927001, -87.937177001 30.69523, -87.937152 30.695312, -87.937120001 30.695598, -87.937075 30.695736001, -87.936961001 30.695939, -87.936910001 30.695989, -87.936623001 30.696341001, -87.936604 30.69639, -87.936585 30.696539, -87.936515001 30.696731, -87.93635 30.697001, -87.936343 30.697072001, -87.936292 30.697177, -87.936248001 30.697204, -87.936222 30.69727, -87.936114 30.697424, -87.935993 30.697524, -87.935898 30.697562, -87.935853001 30.697645, -87.935822001 30.697683, -87.935713 30.697716, -87.935630995 30.697688004, -87.935417172 30.697465536, -87.935345234 30.697356059, -87.935291405 30.697301815, -87.935213662 30.697068524, -87.935184058 30.697017647, -87.93515859 30.696942999, -87.935098186 30.696855111, -87.934799852 30.696590648, -87.934711113 30.696469552, -87.934481704 30.696095455, -87.934411502 30.695930471, -87.934041905 30.695177625, -87.93392762 30.695017766, -87.933685822 30.694731662, -87.933266007 30.694170586, -87.932629332 30.693252497, -87.932451518 30.692927469, -87.932224057 30.692457646, -87.932154057 30.692248646, -87.932031429 30.691948481, -87.931906057 30.691704646, -87.931898596 30.69162946, -87.931806058 30.691444326, -87.931747057 30.691225646, -87.931661903 30.691002625, -87.931445359 30.690699948, -87.931324812 30.690578664, -87.931257057 30.690488646, -87.931174056 30.690279645)), ((-87.788782 31.298773, -87.788489 31.297409, -87.78726 31.297644, -87.785797 31.297846, -87.783969 31.297964, -87.782527 31.297892, -87.781263 31.297739, -87.77997 31.297723, -87.778905 31.29741, -87.777823 31.296742, -87.775978 31.295617, -87.774326 31.294776, -87.77301 31.294187, -87.77158 31.293719, -87.769969 31.293677, -87.768779 31.293807, -87.767708 31.294132, -87.766515 31.294512, -87.765703 31.295266, -87.765216 31.296377, -87.765152 31.297346, -87.763603 31.297253, -87.763461 31.297143, -87.763208 31.297108, -87.762921 31.297108, -87.762651 31.29716, -87.762473 31.297344, -87.762409 31.297413, -87.762099 31.297579, -87.761846 31.297666, -87.761421 31.297729, -87.761076 31.297585, -87.760604 31.297467, -87.760399 31.297501, -87.760134 31.297775, -87.759904 31.298022, -87.75972 31.298131, -87.759726 31.298321, -87.759925 31.29858, -87.759919 31.298627, -87.760026 31.298833, -87.760293 31.299086, -87.760293 31.299292, -87.760132 31.299566, -87.759225 31.299634, -87.759198 31.299452, -87.759305 31.299291, -87.759412 31.298902, -87.759199 31.29881, -87.758745 31.298879, -87.758371 31.299085, -87.758264 31.299291, -87.757917 31.29936, -87.757811 31.299268, -87.757303 31.299061, -87.757063 31.298763, -87.756956 31.298695, -87.756743 31.298672, -87.756315 31.298832, -87.756022 31.299084, -87.755701 31.299129, -87.755488 31.298946, -87.755275 31.298854, -87.754554 31.298969, -87.754501 31.298739, -87.754581 31.298579, -87.754501 31.298396, -87.754288 31.298212, -87.754047 31.298166, -87.753781 31.297983, -87.753781 31.297822, -87.754395 31.297777, -87.754528 31.297662, -87.754528 31.297502, -87.754395 31.297387, -87.753915 31.297227, -87.75306 31.297364, -87.75274 31.297295, -87.751913 31.296974, -87.75162 31.296928, -87.751459 31.297065, -87.751246 31.297409, -87.750925 31.297592, -87.750658 31.297638, -87.750552 31.297569, -87.750579 31.297179, -87.750483 31.297065, -87.750309 31.296927, -87.749993 31.296938, -87.74957 31.297063, -87.748789 31.297147, -87.748713 31.297155, -87.748473 31.297453, -87.748394 31.298141, -87.748287 31.298347, -87.748047 31.298599, -87.747567 31.298806, -87.74746 31.298921, -87.747327 31.299196, -87.746874 31.299746, -87.74666 31.299861, -87.746367 31.300089, -87.74634 31.300547, -87.746234 31.300662, -87.745967 31.300731, -87.74554 31.300914, -87.745113 31.30135, -87.744393 31.301694, -87.743432 31.301786, -87.742658 31.301397, -87.742391 31.301397, -87.742204 31.301718, -87.741644 31.301787, -87.74135 31.301718, -87.741057 31.301512, -87.740603 31.301283, -87.740496 31.301329, -87.74047 31.301512, -87.740363 31.301604, -87.739883 31.301696, -87.739696 31.301879, -87.739696 31.301994, -87.739589 31.302154, -87.738895 31.302223, -87.738602 31.302613, -87.738202 31.302705, -87.737801 31.302453, -87.737241 31.30227, -87.736787 31.302339, -87.73652 31.302522, -87.73652 31.302614, -87.736414 31.302706, -87.736093 31.302797, -87.735639 31.302454, -87.734839 31.302248, -87.734332 31.302248, -87.733851 31.302432, -87.733264 31.302501, -87.73225 31.302295, -87.731956 31.302295, -87.73185 31.302387, -87.731583 31.30241, -87.731262 31.302318, -87.730915 31.302295, -87.730782 31.302387, -87.730462 31.302433, -87.730328 31.302295, -87.730328 31.302043, -87.730568 31.301654, -87.730568 31.301424, -87.730381 31.301333, -87.729687 31.30131, -87.72966 31.300852, -87.729554 31.300669, -87.72934 31.300578, -87.728993 31.300578, -87.728886 31.300669, -87.728566 31.300738, -87.728273 31.300647, -87.728006 31.300624, -87.727739 31.300692, -87.727339 31.301036, -87.72719 31.301079, -87.727018 31.301128, -87.726218 31.300876, -87.725897 31.300968, -87.725524 31.301036, -87.72499 31.300625, -87.724536 31.300373, -87.724269 31.30035, -87.723976 31.300511, -87.723762 31.300809, -87.723709 31.301106, -87.723522 31.301243, -87.723309 31.301335, -87.722962 31.301335, -87.722161 31.301037, -87.721841 31.301129, -87.721707 31.30129, -87.721734 31.301977, -87.721681 31.302183, -87.721494 31.302344, -87.721228 31.302711, -87.720881 31.30278, -87.71944 31.302849, -87.719226 31.303032, -87.718772 31.303124, -87.718506 31.303238, -87.718185 31.303307, -87.717944 31.303307, -87.71765 31.303124, -87.71773 31.302712, -87.71757 31.302414, -87.716769 31.301681, -87.715995 31.301268, -87.715595 31.301177, -87.715301 31.301177, -87.715034 31.30136, -87.714874 31.301773, -87.714741 31.301979, -87.714634 31.302048, -87.714287 31.302117, -87.714047 31.302002, -87.713273 31.30136, -87.712606 31.301247, -87.712365 31.301132, -87.712259 31.300605, -87.712045 31.300285, -87.711484 31.300124, -87.711164 31.299872, -87.711164 31.29962, -87.711271 31.299345, -87.711297 31.29907, -87.711111 31.29891, -87.710598 31.298679, -87.710123 31.298429, -87.709829 31.29797, -87.709589 31.297237, -87.709349 31.297031, -87.709135 31.296985, -87.708948 31.297031, -87.708281 31.2971, -87.708148 31.297031, -87.707427 31.296252, -87.706706 31.295771, -87.706706 31.295679, -87.70692 31.295289, -87.706946 31.295037, -87.706893 31.294854, -87.706679 31.294762, -87.705879 31.294946, -87.705665 31.294808, -87.705345 31.294488, -87.705265 31.294281, -87.705238 31.293938, -87.705452 31.293296, -87.705451 31.292631, -87.705345 31.292242, -87.705238 31.292081, -87.704544 31.29199, -87.704437 31.291875, -87.704411 31.291577, -87.704464 31.291417, -87.704357 31.290936, -87.703797 31.290523, -87.70345 31.290065, -87.702782 31.289561, -87.702329 31.289102, -87.701848 31.288369, -87.701768 31.287819, -87.701821 31.287613, -87.702035 31.287429, -87.702702 31.287315, -87.702889 31.287154, -87.702915 31.286788, -87.702835 31.286558, -87.702675 31.286284, -87.702568 31.286192, -87.702488 31.286054, -87.702168 31.285642, -87.701714 31.285229, -87.701474 31.285115, -87.701127 31.285092, -87.70054 31.285321, -87.700193 31.285413, -87.700113 31.285298, -87.700086 31.285023, -87.699926 31.284634, -87.699766 31.284565, -87.699419 31.284542, -87.698405 31.285184, -87.698059 31.28523, -87.697605 31.285001, -87.696964 31.284794, -87.696217 31.28468, -87.696164 31.284611, -87.696084 31.284015, -87.695977 31.28374, -87.69563 31.283488, -87.695283 31.283465, -87.69475 31.283855, -87.694536 31.283924, -87.694029 31.283465, -87.693869 31.28342, -87.693469 31.283465, -87.692802 31.283947, -87.692401 31.284016, -87.692055 31.283832, -87.691494 31.283374, -87.690614 31.282916, -87.690453 31.282686, -87.690453 31.282274, -87.690373 31.281999, -87.690107 31.281793, -87.690053 31.281472, -87.69024 31.281105, -87.69024 31.280143, -87.690026 31.279753, -87.68968 31.279455, -87.68968 31.278676, -87.689599 31.278492, -87.688772 31.278492, -87.688505 31.278401, -87.688319 31.27824, -87.688319 31.278126, -87.688826 31.277576, -87.688852 31.277255, -87.688799 31.277049, -87.688692 31.276934, -87.688025 31.276683, -87.687892 31.276546, -87.687838 31.276316, -87.688105 31.275973, -87.688079 31.275423, -87.687704 31.274758, -87.687491 31.274483, -87.687117 31.274162, -87.686503 31.273887, -87.686397 31.273772, -87.686397 31.273314, -87.686343 31.273016, -87.686157 31.272879, -87.685463 31.272627, -87.685223 31.272352, -87.685063 31.271687, -87.684769 31.271274, -87.683675 31.271068, -87.683248 31.270908, -87.682928 31.270701, -87.682928 31.270564, -87.683649 31.270106, -87.683675 31.269854, -87.682928 31.269349, -87.682555 31.269028, -87.682448 31.268731, -87.681941 31.26857, -87.681781 31.268455, -87.681594 31.268249, -87.681594 31.267883, -87.681488 31.267653, -87.680634 31.267516, -87.679807 31.267264, -87.679193 31.267264, -87.67906 31.267126, -87.679033 31.266943, -87.679247 31.266622, -87.6793 31.266393, -87.679087 31.266209, -87.67858 31.266072, -87.6781 31.265866, -87.677886 31.265568, -87.677806 31.265178, -87.677753 31.265086, -87.677246 31.264949, -87.676979 31.264788, -87.676953 31.264651, -87.677113 31.264193, -87.677139 31.263917, -87.677006 31.263688, -87.67689 31.263553, -87.676473 31.263069, -87.676553 31.262336, -87.676419 31.261992, -87.676233 31.261855, -87.675726 31.261694, -87.675086 31.26103, -87.674899 31.260938, -87.674739 31.260938, -87.674045 31.261373, -87.673672 31.261419, -87.673565 31.261373, -87.673058 31.260686, -87.672765 31.260342, -87.672445 31.259815, -87.672285 31.259654, -87.671778 31.25954, -87.671404 31.25954, -87.671031 31.259425, -87.670657 31.259242, -87.669137 31.258737, -87.668683 31.25837, -87.668123 31.258004, -87.66807 31.257889, -87.66671 31.257797, -87.666389 31.257683, -87.666149 31.257499, -87.665883 31.257041, -87.665456 31.256628, -87.664923 31.256536, -87.664576 31.256422, -87.664256 31.256078, -87.664149 31.255849, -87.663909 31.255642, -87.663322 31.25539, -87.663136 31.255092, -87.663109 31.254313, -87.663029 31.254198, -87.662762 31.253946, -87.662656 31.253717, -87.662576 31.253167, -87.662469 31.252984, -87.661776 31.253121, -87.661322 31.252731, -87.660602 31.251907, -87.659642 31.251907, -87.658762 31.251586, -87.658094 31.251196, -87.657561 31.250784, -87.657401 31.250601, -87.657001 31.250498, -87.656681 31.250533, -87.65612 31.250714, -87.655613 31.250783, -87.65532 31.250647, -87.655027 31.250498, -87.654974 31.250172, -87.654815 31.249654, -87.654709 31.249562, -87.654495 31.249493, -87.653935 31.249493, -87.653401 31.249697, -87.652708 31.249743, -87.652281 31.249743, -87.651988 31.249674, -87.651668 31.24947, -87.651454 31.24924, -87.651108 31.248988, -87.650894 31.248782, -87.650388 31.24869, -87.649588 31.248484, -87.649374 31.248461, -87.649107 31.24869, -87.64892 31.248988, -87.648547 31.249171, -87.6474 31.249331, -87.646973 31.249331, -87.64644 31.24917, -87.645906 31.248918, -87.645613 31.24862, -87.645 31.248138, -87.64452 31.247565, -87.644067 31.24713, -87.643427 31.246832, -87.642813 31.246259, -87.642627 31.245961, -87.642174 31.245548, -87.641853 31.245433, -87.641614 31.245227, -87.641507 31.244677, -87.641374 31.24447, -87.64116 31.244379, -87.640734 31.244333, -87.639907 31.244562, -87.63884 31.244767, -87.638786 31.244859, -87.638173 31.245042, -87.637373 31.245157, -87.636466 31.245042, -87.635799 31.244743, -87.635239 31.244262, -87.635159 31.244101, -87.634919 31.243849, -87.634546 31.24362, -87.633639 31.243551, -87.633319 31.24339, -87.632973 31.243115, -87.632599 31.242977, -87.632226 31.242931, -87.631799 31.243183, -87.631745 31.24355, -87.631639 31.243688, -87.631452 31.244123, -87.631078 31.244421, -87.630491 31.24442, -87.629931 31.244214, -87.628998 31.243732, -87.628385 31.243526, -87.627184 31.243731, -87.627158 31.2438, -87.626864 31.243938, -87.626224 31.243479, -87.62593 31.243433, -87.625403 31.24341, -87.624989 31.243524, -87.624317 31.243959, -87.623971 31.244097, -87.622984 31.244189, -87.622317 31.244533, -87.621144 31.244556, -87.620637 31.244809, -87.62037 31.2449, -87.619757 31.244901, -87.618743 31.244718, -87.618423 31.244695, -87.618023 31.244879, -87.617463 31.244902, -87.61725 31.244787, -87.617223 31.244696, -87.617036 31.244604, -87.616396 31.244421, -87.616158 31.244439, -87.61589 31.244458, -87.61597 31.242461, -87.61598 31.242412, -87.615932 31.241775, -87.615913 31.241437, -87.615869 31.241045, -87.615872 31.233816, -87.615875 31.225237, -87.615876 31.222558, -87.615872 31.220588, -87.615871 31.213574, -87.615919 31.20546, -87.61592 31.205301, -87.61589 31.203995, -87.6159 31.195668, -87.615909 31.187632, -87.615931 31.181706, -87.615938 31.177312, -87.615948 31.17088, -87.615951 31.16923, -87.615761 31.162377, -87.615709 31.162266, -87.615756 31.155071, -87.61577 31.152959, -87.61584 31.141938, -87.61575 31.140136, -87.615729 31.139707, -87.615727 31.137804, -87.615721 31.137388, -87.615724 31.137275, -87.615718 31.135531, -87.615715 31.13466, -87.61572 31.134006, -87.615721 31.133829, -87.615722 31.133728, -87.615729 31.133651, -87.615723 31.13347, -87.615719 31.132888, -87.615722 31.131329, -87.615707 31.129212, -87.615669 31.128443, -87.615646 31.126824, -87.615576 31.125172, -87.615621 31.124216, -87.615852 31.119581, -87.61586 31.119376, -87.615954 31.117044, -87.616074 31.114078, -87.615928 31.110581, -87.615793 31.107361, -87.615721 31.105634, -87.61568 31.10463, -87.615678 31.10459, -87.615457 31.099263, -87.615454 31.09669, -87.615453 31.095715, -87.61544 31.080092, -87.615447 31.079923, -87.615477 31.079176, -87.615621 31.075522, -87.615765 31.071908, -87.615883 31.068948, -87.615835 31.068892, -87.615788 31.068838, -87.615562 31.066152, -87.615561 31.065355, -87.615559 31.06403, -87.615554 31.059008, -87.615454 31.057467, -87.615465 31.05743, -87.615503 31.057303, -87.615556 31.057222, -87.615596 31.05716, -87.615592 31.056974, -87.615537 31.050805, -87.615511 31.05077, -87.615504 31.05068, -87.615498 31.050068, -87.615491 31.049307, -87.615415 31.041157, -87.615417 31.041002, -87.615422 31.040726, -87.615657 31.026656, -87.615656 31.0265895, -87.615518 31.026587, -87.615455 31.026581, -87.615398 31.026559, -87.615366 31.026505, -87.615371 31.026431, -87.615392 31.026277, -87.6154 31.025968, -87.615382 31.024879, -87.615375 31.022699, -87.615366 31.021258, -87.615366 31.021226, -87.615378 31.020201, -87.615365 31.01984, -87.615344 31.019627, -87.615335 31.019535, -87.615301 31.019203, -87.615294 31.019136, -87.615286 31.01878, -87.615287 31.018412, -87.615283 31.018127, -87.615282 31.018047, -87.615291 31.016605, -87.615298 31.015539, -87.615282 31.014817, -87.61528 31.014549, -87.615276 31.014095, -87.615282 31.013808, -87.61529 31.013405, -87.615299 31.012697, -87.615302 31.011259, -87.615317 31.010537, -87.615312 31.010195, -87.615338 31.009986, -87.615376 31.009843, -87.615509 31.00952, -87.615564 31.009406, -87.615617 31.009279, -87.615537 31.007906, -87.61553 31.007724, -87.61537 31.000181, -87.615382 30.999616, -87.615431 30.997361, -87.614791 30.997364, -87.610873 30.997387, -87.609445 30.997395, -87.608639 30.9974, -87.608593 30.9974, -87.603828 30.997428, -87.598829 30.997455, -87.598839 30.997426, -87.598839 30.997398, -87.598711 30.997239, -87.598621 30.997074, -87.598621 30.997041, -87.598647 30.996821, -87.5988 30.996766, -87.598838 30.996766, -87.598991 30.996551, -87.598998 30.996298, -87.598621 30.995633, -87.598589 30.995413, -87.59871 30.995028, -87.598429 30.994588, -87.598237 30.994291, -87.598135 30.993675, -87.598109 30.99335, -87.598198 30.992993, -87.598166 30.992993, -87.597758 30.992432, -87.597687 30.992135, -87.597598 30.991612, -87.597438 30.991277, -87.597336 30.991002, -87.597176 30.990782, -87.597144 30.990782, -87.596703 30.990644, -87.596384 30.989924, -87.596448 30.989814, -87.596473 30.989731, -87.596735 30.989434, -87.596792 30.989104, -87.596767 30.988824, -87.596664 30.988714, -87.596543 30.988472, -87.596504 30.987229, -87.596229 30.986783, -87.59591 30.986783, -87.595648 30.98664, -87.595521 30.986316, -87.595138 30.986118, -87.595112 30.986124, -87.594729 30.985794, -87.594697 30.985464, -87.595048 30.985161, -87.595105 30.984968, -87.594818 30.984556, -87.594435 30.984226, -87.593764 30.98405, -87.593605 30.983951, -87.593285 30.983396, -87.593132 30.983038, -87.593068 30.982433, -87.592972 30.982103, -87.59285 30.981636, -87.59285 30.981377, -87.593106 30.981108, -87.593201 30.980794, -87.593131 30.980464, -87.592939 30.980305, -87.592499 30.980277, -87.592301 30.980184, -87.592237 30.979942, -87.592339 30.979755, -87.592499 30.979579, -87.592531 30.979392, -87.59246 30.979062, -87.592779 30.978561, -87.592849 30.978369, -87.592849 30.978182, -87.5932 30.977741, -87.593254 30.977696, -87.593481 30.97751, -87.593493 30.977438, -87.593551 30.977103, -87.593551 30.976988, -87.593513 30.976993, -87.593264 30.976751, -87.593264 30.976718, -87.593193 30.976498, -87.593315 30.976273, -87.593347 30.97624, -87.593481 30.976075, -87.593538 30.975959, -87.593512 30.975668, -87.593231 30.975475, -87.593072 30.975393, -87.593002 30.975365, -87.592944 30.975112, -87.592944 30.974672, -87.59283 30.974459, -87.59265 30.974122, -87.59249 30.97393, -87.592458 30.973352, -87.592682 30.972874, -87.59265 30.972659, -87.59233 30.972329, -87.592081 30.97184, -87.591953 30.971361, -87.591934 30.97129, -87.591934 30.970949, -87.591883 30.97074, -87.591774 30.970542, -87.59173 30.970426, -87.591666 30.970179, -87.591538 30.970091, -87.591187 30.969937, -87.590906 30.969662, -87.590746 30.969348, -87.590612 30.969068, -87.590452 30.968578, -87.590452 30.968435, -87.590363 30.967968, -87.590044 30.967556, -87.589973 30.967275, -87.589692 30.966923, -87.589309 30.966626, -87.589054 30.966285, -87.589054 30.966263, -87.588862 30.96579, -87.588798 30.965273, -87.58883 30.964943, -87.588887 30.964519, -87.58867 30.964162, -87.588677 30.963837, -87.588887 30.963282, -87.5889 30.962726, -87.589059 30.962264, -87.589116 30.962039, -87.589148 30.961929, -87.589116 30.961874, -87.589027 30.961648, -87.588957 30.961384, -87.588957 30.961351, -87.589122 30.961126, -87.589403 30.960933, -87.58941 30.960911, -87.589531 30.960774, -87.589633 30.960438, -87.589729 30.960158, -87.589952 30.959965, -87.589945 30.959888, -87.590041 30.959723, -87.589952 30.95931, -87.58992 30.959228, -87.589881 30.958892, -87.590073 30.958557, -87.590424 30.958122, -87.590513 30.957842, -87.590896 30.957462, -87.591189 30.957126, -87.591317 30.956659, -87.591355 30.956406, -87.591387 30.955718, -87.591355 30.955036, -87.591195 30.954618, -87.591093 30.954343, -87.590933 30.953821, -87.590933 30.953513, -87.591092 30.953133, -87.591418 30.952798, -87.591826 30.95255, -87.591858 30.952297, -87.591666 30.951939, -87.591609 30.95167, -87.591736 30.951362, -87.591985 30.951197, -87.592662 30.951164, -87.593038 30.950922, -87.593293 30.950613, -87.593517 30.950316, -87.593836 30.950129, -87.594155 30.949898, -87.594186 30.949871, -87.594186 30.949733, -87.594116 30.949651, -87.593893 30.949453, -87.593803 30.949128, -87.593803 30.948688, -87.593905 30.948353, -87.593905 30.94805, -87.594064 30.947605, -87.594383 30.946972, -87.594447 30.946834, -87.594466 30.946477, -87.5946 30.946125, -87.594849 30.945734, -87.594887 30.945707, -87.594887 30.945371, -87.595014 30.944634, -87.595467 30.943358, -87.595741 30.94278, -87.595818 30.942483, -87.595811 30.942428, -87.596009 30.941983, -87.59606 30.941927, -87.596168 30.941812, -87.596481 30.94151, -87.596704 30.941014, -87.596736 30.940932, -87.596863 30.940574, -87.597335 30.939881, -87.597756 30.939304, -87.597916 30.938968, -87.598005 30.938528, -87.598005 30.93839, -87.59811 30.938287, -87.598196 30.938203, -87.598228 30.938203, -87.598458 30.938038, -87.599351 30.93795, -87.599702 30.937818, -87.600716 30.936657, -87.600946 30.936376, -87.601194 30.935969, -87.601328 30.935859, -87.601679 30.935749, -87.601769 30.935579, -87.601769 30.935331, -87.601711 30.935084, -87.601807 30.934946, -87.601998 30.934753, -87.602087 30.934423, -87.602428 30.933789, -87.602789 30.93312, -87.603082 30.932564, -87.603114 30.932564, -87.603082 30.932349, -87.602954 30.932069, -87.602788 30.931799, -87.60282 30.931601, -87.602986 30.931436, -87.603273 30.931332, -87.603305 30.931304, -87.603464 30.931194, -87.603521 30.931112, -87.603521 30.930831, -87.603681 30.930617, -87.603872 30.930534, -87.604223 30.929978, -87.604388 30.929456, -87.604516 30.929175, -87.604739 30.929038, -87.604829 30.928961, -87.604899 30.928878, -87.604867 30.92868, -87.604898 30.928356, -87.605058 30.928124, -87.605249 30.92802, -87.605307 30.927855, -87.605338 30.927574, -87.60553 30.92736, -87.605759 30.927222, -87.605823 30.927024, -87.605791 30.926804, -87.605823 30.926606, -87.606352 30.925621, -87.606613 30.925258, -87.606964 30.925231, -87.607053 30.925121, -87.607245 30.924708, -87.607436 30.92391, -87.607506 30.923294, -87.607499 30.922953, -87.607697 30.92248, -87.607735 30.922222, -87.607639 30.921732, -87.608302 30.920736, -87.608276 30.920126, -87.608429 30.919763, -87.608659 30.919521, -87.609092 30.919168, -87.609602 30.91809, -87.609768 30.917672, -87.609926 30.9171145, -87.609895 30.916737, -87.609952 30.916517, -87.610175 30.916291, -87.610558 30.916044, -87.610628 30.915769, -87.610685 30.915416, -87.610749 30.91535, -87.610908 30.915114, -87.610947 30.915114, -87.611387 30.914833, -87.611521 30.914553, -87.611712 30.914002, -87.612062 30.9137, -87.612222 30.91337, -87.612285 30.912924, -87.612285 30.911797, -87.612284 30.910944, -87.612342 30.910609, -87.612565 30.910223, -87.612565 30.910196, -87.612667 30.91008, -87.612756 30.90997, -87.612953 30.909448, -87.613266 30.909068, -87.613718 30.908705, -87.613967 30.908485, -87.613999 30.908485, -87.614101 30.908259, -87.614126 30.90799, -87.613839 30.90766, -87.613839 30.907467, -87.613877 30.90744, -87.614068 30.907187, -87.6141 30.907187, -87.614349 30.906917, -87.614317 30.906559, -87.61438 30.906163, -87.6146865 30.905839, -87.615018 30.905641, -87.615152 30.905475, -87.615241 30.905206, -87.615241 30.905167, -87.615113 30.905008, -87.614699 30.904854, -87.614609 30.904568, -87.614411 30.904458, -87.614379 30.904315, -87.614411 30.904134, -87.614762 30.903853, -87.614832 30.903826, -87.615272 30.903682, -87.615342 30.903545, -87.615272 30.903105, -87.615272 30.90278, -87.615456 30.902082, -87.615686 30.901641, -87.615972 30.901284, -87.616004 30.901256, -87.616323 30.900948, -87.616706 30.900651, -87.617318 30.900095, -87.61735 30.900095, -87.61779 30.899908, -87.617892 30.89988, -87.618243 30.899957, -87.618459 30.899957, -87.618593 30.89988, -87.618753 30.899484, -87.618842 30.899187, -87.618976 30.899104, -87.619224 30.899077, -87.619767 30.899275, -87.619926 30.899274, -87.620156 30.899071, -87.6203595 30.898658, -87.620621 30.898383, -87.620882 30.898328, -87.621042 30.898196, -87.621073 30.898047, -87.621424 30.897888, -87.621807 30.897723, -87.621864 30.897557, -87.621806 30.8972, -87.621743 30.89709, -87.621832 30.896952, -87.622125 30.896754, -87.622125 30.896617, -87.622023 30.896567, -87.621863 30.896567, -87.621647 30.89654, -87.621327 30.896315, -87.621232 30.896183, -87.621232 30.896034, -87.621072 30.895902, -87.620919 30.895737, -87.620881 30.895462, -87.620919 30.89527, -87.62111 30.895099, -87.621333 30.895072, -87.621646 30.895132, -87.621863 30.895104, -87.621894 30.895104, -87.622213 30.894824, -87.622213 30.894796, -87.622245 30.894604, -87.622034 30.894246, -87.622002 30.893993, -87.622027 30.893669, -87.622028 30.893614, -87.621746 30.892481, -87.621523 30.892261, -87.621363 30.892211, -87.621293 30.892173, -87.621229 30.891986, -87.621211 30.891594, -87.621203 30.891408, -87.62075 30.89066, -87.620718 30.89066, -87.620431 30.890006, -87.62043 30.889473, -87.620469 30.889307, -87.620558 30.888972, -87.620532 30.888647, -87.62034 30.888262, -87.62034 30.888064, -87.620372 30.888064, -87.620653 30.887817, -87.620653 30.887767, -87.620591 30.8876665, -87.620537 30.887641, -87.620397 30.887597, -87.620397 30.887569, -87.62027 30.887404, -87.620306 30.887335, -87.62034 30.887272, -87.620531 30.887041, -87.620914 30.887014, -87.621041 30.886959, -87.621073 30.886876, -87.620939 30.886717, -87.620913 30.886634, -87.621003 30.886579, -87.621105 30.886551, -87.621105 30.886524, -87.621041 30.886249, -87.62113 30.886084, -87.621162 30.885858, -87.621296 30.885831, -87.621455 30.885534, -87.621544 30.885479, -87.621614 30.885479, -87.621965 30.885451, -87.622156 30.88522, -87.622156 30.885033, -87.622277 30.884895, -87.622437 30.884868, -87.622819 30.884895, -87.622947 30.88484, -87.62317 30.884675, -87.623431 30.884592, -87.623648 30.884592, -87.624324 30.884537, -87.624484 30.884482, -87.624675 30.884372, -87.6247 30.884234, -87.624573 30.884174, -87.624292 30.884174, -87.624254 30.884091, -87.624349 30.883959, -87.62454 30.883816, -87.624732 30.883778, -87.625 30.883773, -87.625313 30.883828, -87.625383 30.883828, -87.62544 30.883812, -87.625504 30.883784, -87.625893 30.88341, -87.625982 30.883311, -87.626046 30.882981, -87.626098 30.882833, -87.626219 30.882575, -87.626391 30.882327, -87.626589 30.882091, -87.626832 30.881882, -87.626959 30.881783, -87.627521 30.881618, -87.62798 30.880997, -87.628146 30.880799, -87.62828 30.880683, -87.628822 30.880513, -87.628924 30.880464, -87.629103 30.880425, -87.629211 30.880194, -87.629282 30.880013, -87.629326 30.879941, -87.629422 30.879853, -87.629435 30.879771, -87.629416 30.879562, -87.629614 30.879342, -87.629576 30.879215, -87.629595 30.878907, -87.629493 30.878803, -87.629461 30.878742, -87.629474 30.878671, -87.629582 30.878627, -87.629659 30.878478, -87.62962 30.878381, -87.62957 30.878258, -87.629595 30.878192, -87.629716 30.877996, -87.629946 30.877626, -87.630061 30.877334, -87.630151 30.876416, -87.630183 30.876212, -87.630247 30.876152, -87.630387 30.875987, -87.630458 30.875877, -87.630534 30.875541, -87.630662 30.875432, -87.630783 30.875184, -87.6309 30.875, -87.631002 30.874824, -87.631002 30.874554, -87.631162 30.874312, -87.631226 30.873812, -87.631455 30.873311, -87.631704 30.873003, -87.631806 30.872921, -87.631896 30.872833, -87.631934 30.872734, -87.632017 30.872591, -87.632017 30.872393, -87.631992 30.872349, -87.63189 30.872343, -87.631851 30.872349, -87.631686 30.872327, -87.631705 30.872294, -87.631845 30.872151, -87.632062 30.871876, -87.632196 30.871794, -87.632247 30.871805, -87.632317 30.871772, -87.632387 30.871678, -87.632394 30.871392, -87.632547 30.871293, -87.632757 30.87126, -87.632872 30.871205, -87.632917 30.87109, -87.632892 30.869896, -87.63309 30.869484, -87.633135 30.869357, -87.633128 30.869258, -87.633103 30.869159, -87.633026 30.868989, -87.633035 30.868949, -87.633071 30.868802, -87.63339 30.868444, -87.633728 30.868274, -87.633875 30.868131, -87.634092 30.867812, -87.634232 30.867658, -87.634322 30.867422, -87.634558 30.866971, -87.634788 30.866707, -87.634851 30.866536, -87.634871 30.866344, -87.634896 30.866261, -87.634866 30.866184, -87.634836 30.866107, -87.634768 30.866071, -87.634725 30.865809, -87.634744 30.86561, -87.634544 30.865421, -87.633914 30.865262, -87.633652 30.865146, -87.63363 30.864974, -87.633754 30.864793, -87.633617 30.864649, -87.632925 30.864607, -87.632463 30.864392, -87.632283 30.864185, -87.632261 30.863914, -87.632176 30.86377, -87.631956 30.863726, -87.63183 30.863681, -87.631807 30.863437, -87.631942 30.863193, -87.631878 30.863076, -87.63171 30.863058, -87.631501 30.863114, -87.631447 30.862906, -87.63155 30.862517, -87.631558 30.862182, -87.631369 30.862138, -87.631045 30.862284, -87.63072 30.862268, -87.630426 30.86217, -87.630267 30.8618, -87.630066 30.861449, -87.629612 30.861044, -87.628991 30.860595, -87.628802 30.86047, -87.628685 30.860253, -87.628621 30.860082, -87.62837 30.860038, -87.628119 30.860166, -87.627868 30.860185, -87.627783 30.860077, -87.627792 30.859869, -87.627634 30.859671, -87.627202 30.85923, -87.627136 30.858869, -87.626935 30.858481, -87.626818 30.858184, -87.626816 30.857931, -87.62672 30.857723, -87.626238 30.857662, -87.626006 30.857438, -87.626002 30.856832, -87.626011 30.856516, -87.625904 30.856227, -87.625761 30.856013, -87.625724 30.855957, -87.625712 30.855713, -87.625815 30.855441, -87.62595 30.855242, -87.625949 30.855133, -87.625665 30.854873, -87.625476 30.854847, -87.625225 30.85483, -87.625072 30.854659, -87.62509 30.854234, -87.625192 30.853899, -87.625473 30.853581, -87.625492 30.853283, -87.625397 30.853094, -87.625532 30.85293, -87.625783 30.852839, -87.625918 30.852694, -87.625955 30.852016, -87.625994 30.851482, -87.625975 30.85103, -87.626298 30.850767, -87.626401 30.850522, -87.6264 30.85026, -87.626377 30.849935, -87.626522 30.849708, -87.62672 30.849599, -87.626909 30.849625, -87.627023 30.849561, -87.627069 30.849241, -87.627084 30.849136, -87.627072 30.848928, -87.626923 30.84864, -87.626922 30.848459, -87.627067 30.848251, -87.627056 30.848088, -87.626976 30.847826, -87.626679 30.847304, -87.6265895 30.8472615, -87.626416 30.847178, -87.626196 30.847143, -87.626153 30.847017, -87.626225 30.846763, -87.626224 30.846664, -87.626042 30.846541, -87.625994 30.846509, -87.625919 30.846458, -87.625604 30.846378, -87.625467 30.846207, -87.625456 30.846053, -87.62534 30.845945, -87.625006 30.846096, -87.624836 30.846161, -87.624614 30.846052, -87.624425 30.845781, -87.624305 30.845693, -87.624127 30.845723, -87.623898 30.845805, -87.62377 30.845762, -87.623499 30.845508, -87.62342 30.845434, -87.623341 30.84536, -87.623211 30.845001, -87.622971 30.844693, -87.62291 30.844495, -87.622837 30.844433, -87.622816 30.844415, -87.622646 30.844416, -87.622582 30.844399, -87.622535 30.844387, -87.62244 30.844306, -87.622397 30.844138, -87.622455 30.843844, -87.622146 30.843595, -87.621684 30.843208, -87.621344 30.843217, -87.621139 30.843189, -87.621019 30.843116, -87.62101 30.84305, -87.621163 30.84288, -87.621196 30.842792, -87.620991 30.842609, -87.620649 30.842398, -87.620401 30.842259, -87.620389 30.842234, -87.620297 30.842047, -87.620237 30.8419, -87.620092 30.841864, -87.619845 30.841858, -87.619555 30.841778, -87.619299 30.841633, -87.619232 30.841831, -87.619164 30.841949, -87.619003 30.841957, -87.6189 30.841899, -87.618924 30.841664, -87.618902 30.841502, -87.618952 30.841282, -87.618823 30.841106, -87.618601 30.841019, -87.618371 30.841005, -87.618192 30.840947, -87.618088 30.840779, -87.617925 30.840596, -87.617414 30.840474, -87.617072 30.840328, -87.616986 30.840197, -87.617171 30.839836, -87.617136 30.839674, -87.61688 30.839506, -87.61634 30.839039, -87.616178 30.838871, -87.616155 30.838709, -87.616238 30.838341, -87.616271 30.838143, -87.61621 30.838033, -87.616082 30.837901, -87.61586 30.837873, -87.615613 30.837808, -87.615493 30.837721, -87.615373 30.837559, -87.615474 30.83739, -87.615507 30.837236, -87.615138 30.836738, -87.61494 30.83643, -87.614948 30.836232, -87.615053 30.83615, -87.615241 30.836135, -87.61524 30.835988, -87.61511 30.835702, -87.615049 30.835489, -87.615159 30.835283, -87.615423 30.835311, -87.615669 30.835259, -87.61571 30.835031, -87.61559 30.834811, -87.615383 30.834489, -87.615245 30.83421, -87.615058 30.834138, -87.614862 30.834212, -87.614761 30.834286, -87.614658 30.834184, -87.614462 30.834104, -87.614206 30.834105, -87.61396 30.834157, -87.613721 30.834078, -87.612824 30.833627, -87.612312 30.833394, -87.612043 30.833307, -87.611907 30.833286, -87.611754 30.833404, -87.611584 30.833471, -87.611405 30.833413, -87.611225 30.833267, -87.610754 30.832711, -87.610582 30.832557, -87.610395 30.832507, -87.610105 30.832501, -87.609902 30.832649, -87.609724 30.832796, -87.609367 30.832813, -87.609026 30.832734, -87.608667 30.83264, -87.60853 30.83242, -87.608324 30.832171, -87.607457 30.831771, -87.607047 30.831567, -87.606817 30.831414, -87.606645 30.831246, -87.606373 30.831203, -87.60616 30.831204, -87.605896 30.831176, -87.605708 30.831052, -87.605562 30.830898, -87.605486 30.83095, -87.605394 30.831186, -87.605284 30.831385, -87.605037 30.831327, -87.604866 30.831152, -87.604721 30.83113, -87.604552 30.831403, -87.604314 30.831419, -87.604108 30.83117, -87.603841 30.830716, -87.6034855 30.830213, -87.603115 30.829668, -87.602935 30.829375, -87.602848 30.829163, -87.602907 30.828986, -87.603094 30.828949, -87.603092 30.828713, -87.603047 30.828354, -87.603037 30.828097, -87.602883 30.827906, -87.602781 30.827253, -87.603001 30.827024, -87.603153 30.826796, -87.603152 30.82676, -87.603046 30.826565, -87.602693 30.826423, -87.602267 30.826329, -87.602118 30.826234, -87.602085 30.8261565, -87.602043 30.826058, -87.602042 30.825851, -87.60217 30.825626, -87.602187 30.825467, -87.60165 30.825389, -87.601502 30.825342, -87.601407 30.825071, -87.601347 30.824304, -87.601235 30.823539, -87.601231 30.823506, -87.601041 30.822724, -87.60085 30.821751, -87.600792 30.821288, -87.60053 30.820922, -87.600102 30.820508, -87.599657 30.820463, -87.59923 30.820225, -87.598653 30.819748, -87.598281 30.819351, -87.597889 30.818905, -87.597517 30.818619, -87.596923 30.818303, -87.596534 30.818193, -87.596275 30.818162, -87.596053 30.818275, -87.595868 30.818196, -87.595661 30.81767, -87.595124 30.81764, -87.59502 30.817624, -87.594624 30.817562, -87.594142 30.817501, -87.594067 30.817357, -87.594177 30.817245, -87.594309 30.817157, -87.594364 30.817076, -87.594345 30.817013, -87.594207 30.816928, -87.593925 30.816909, -87.593736 30.81696, -87.593642 30.81694, -87.593593 30.816686, -87.593498 30.816433, -87.593332 30.816382, -87.593191 30.816475, -87.593074 30.816506, -87.592979 30.816404, -87.592729 30.815999, -87.592517 30.815969, -87.592317 30.816092, -87.59207 30.816093, -87.591893 30.816013, -87.591657 30.815953, -87.591351 30.816015, -87.591021 30.816047, -87.590844 30.815997, -87.590548 30.815734, -87.590395 30.815857, -87.590195 30.815919, -87.590065 30.815787, -87.58965 30.815433, -87.589284 30.815221, -87.5888 30.815122, -87.588506 30.815093, -87.588246 30.815084, -87.588081 30.815044, -87.587939 30.814922, -87.587798 30.814913, -87.587669 30.815086, -87.587529 30.815239, -87.587281 30.8152, -87.587233 30.815017, -87.587277 30.814641, -87.587288 30.814417, -87.587123 30.814428, -87.586935 30.814561, -87.586864 30.814459, -87.586862 30.814144, -87.586719 30.813941, -87.586471 30.813821, -87.586118 30.813822, -87.585775 30.81361, -87.585621 30.81355, -87.585409 30.813551, -87.58521 30.813714, -87.585069 30.813725, -87.584749 30.813544, -87.584548 30.813331, -87.584335 30.81319, -87.584194 30.81319, -87.584077 30.813343, -87.583854 30.813487, -87.583641 30.813427, -87.583557 30.813183, -87.583556 30.812888, -87.583467 30.812807, -87.583195 30.812768, -87.58283 30.81279, -87.582559 30.81272, -87.582241 30.812741, -87.58191 30.81257, -87.581803 30.812316, -87.581542 30.812155, -87.581164 30.811953, -87.581022 30.811811, -87.581021 30.811669, -87.58109 30.811425, -87.580983 30.811303, -87.580759 30.811263, -87.580382 30.811265, -87.58017 30.811286, -87.580123 30.811185, -87.580263 30.810991, -87.580297 30.810859, -87.58025 30.810767, -87.580097 30.810758, -87.579756 30.810881, -87.579567 30.810892, -87.579377 30.810619, -87.57895 30.810092, -87.578795 30.809879, -87.578723 30.809625, -87.578604 30.809392, -87.578438 30.809159, -87.577853 30.808856, -87.577676 30.808837, -87.577488 30.808878, -87.577216 30.808778, -87.576943 30.808525, -87.576599 30.808119, -87.576504 30.807855, -87.576607 30.807448, -87.576675 30.806939, -87.57639 30.806575, -87.576224 30.806464, -87.576035 30.806403, -87.575812 30.806445, -87.575552 30.806314, -87.574971 30.805656, -87.574757 30.805331, -87.574537 30.805058, -87.574677 30.804721, -87.574593 30.804488, -87.574378 30.804062, -87.574281 30.803605, -87.574102 30.80327, -87.573499 30.802876, -87.573121 30.802715, -87.572708 30.802615, -87.572484 30.802535, -87.57233 30.802393, -87.57227 30.802119, -87.572374 30.801905, -87.572596 30.801548, -87.572607 30.801395, -87.572335 30.801142, -87.572075 30.801082, -87.571909 30.80093, -87.571884 30.800605, -87.571882 30.800371, -87.571752 30.800199, -87.571469 30.800139, -87.571174 30.80013, -87.570881 30.800294, -87.570588 30.80057, -87.570435 30.800581, -87.570351 30.800439, -87.57022 30.800145, -87.570066 30.800034, -87.569889 30.800024, -87.569702 30.800228, -87.569539 30.800493, -87.569374 30.800474, -87.569149 30.800332, -87.568795 30.800181, -87.568488 30.800162, -87.568252 30.800113, -87.568062 30.799819, -87.567872 30.799596, -87.567871 30.799341, -87.568011 30.799168, -87.567928 30.798975, -87.568045 30.798822, -87.568174 30.79875, -87.56809 30.798588, -87.567794 30.798345, -87.567628 30.798051, -87.567368 30.798022, -87.567051 30.798084, -87.566839 30.798055, -87.56666 30.797801, -87.566304 30.797314, -87.565807 30.796991, -87.56563 30.796901, -87.565524 30.796809, -87.565417 30.796759, -87.565194 30.796821, -87.564994 30.796802, -87.564602 30.796444, -87.563875 30.796267, -87.563695 30.796138, -87.563673 30.795803, -87.563473 30.795598, -87.563014 30.795402, -87.562962 30.795128, -87.562722 30.794948, -87.562552 30.794863, -87.562631 30.794622, -87.562619 30.794356, -87.56224 30.794288, -87.561981 30.794126, -87.56177 30.793844, -87.56135 30.793553, -87.56116 30.793348, -87.561084 30.793251, -87.560959 30.793091, -87.560939 30.792971, -87.560937 30.792696, -87.561154 30.792377, -87.560875 30.792301, -87.560457 30.792268, -87.560187 30.792157, -87.559998 30.792055, -87.559877 30.791858, -87.55972 30.791429, -87.559271 30.791268, -87.558932 30.791166, -87.558901 30.790968, -87.559208 30.790632, -87.559057 30.790375, -87.558649 30.790437, -87.5583 30.790326, -87.557951 30.79019, -87.557533 30.790252, -87.557165 30.790263, -87.557045 30.790143, -87.557271 30.789686, -87.557312 30.789581, -87.557438 30.789256, -87.557298 30.789128, -87.55693 30.789112, -87.55673 30.789044, -87.556579 30.788675, -87.556358 30.788427, -87.556058 30.788239, -87.55572 30.788223, -87.555311 30.788088, -87.554852 30.787858, -87.554612 30.787618, -87.55459 30.787343, -87.554479 30.78712, -87.554165 30.786958, -87.553866 30.786994, -87.553548 30.787064, -87.553328 30.787103, -87.55325 30.787117, -87.55298 30.786937, -87.55259 30.786647, -87.55226 30.78639, -87.55203 30.786194, -87.551471 30.78593, -87.551311 30.78569, -87.551398 30.785311, -87.551605 30.784992, -87.551474 30.784744, -87.551055 30.784565, -87.550736 30.784369, -87.550843 30.78399, -87.551143 30.783439, -87.551221 30.783086, -87.55118 30.782803, -87.551162 30.78278, -87.550859 30.7824, -87.550568 30.781972, -87.550416 30.781517, -87.550285 30.781251, -87.549761 30.781013, -87.549512 30.780988, -87.548966 30.7813, -87.548718 30.781395, -87.548469 30.781319, -87.548077 30.780685, -87.547897 30.780599, -87.547759 30.780772, -87.547541 30.780979, -87.547212 30.780852, -87.54712 30.780474, -87.547009 30.780096, -87.546649 30.779797, -87.54625 30.77967, -87.545781 30.779551, -87.545432 30.779389, -87.545081 30.778953, -87.544789 30.778395, -87.544771 30.777871, -87.54485 30.777639, -87.545197 30.777483, -87.545644 30.777352, -87.545952 30.777239, -87.545971 30.777093, -87.545033 30.776675, -87.544972 30.776435, -87.544961 30.776143, -87.545177 30.775652, -87.545254 30.775222, -87.545222 30.77487, -87.545489 30.773648, -87.545951 30.772589, -87.546068 30.772211, -87.546047 30.772056, -87.545847 30.771756, -87.545647 30.771688, -87.545204 30.771682, -87.544717 30.771744, -87.544368 30.771616, -87.544296 30.771307, -87.544199 30.770641, -87.544183 30.770526, -87.543881 30.770003, -87.54351 30.769566, -87.54312 30.769181, -87.542839 30.768838, -87.542162 30.76787, -87.541963 30.767615, -87.541801 30.767407, -87.541221 30.766825, -87.5406 30.76608, -87.540348 30.76566, -87.540338 30.765488, -87.540281 30.765093, -87.539909 30.764562, -87.539499 30.764117, -87.539059 30.763801, -87.53875 30.763647, -87.538371 30.763546, -87.537893 30.763384, -87.537094 30.762967, -87.536884 30.762718, -87.536855 30.762082, -87.536834 30.761807, -87.536634 30.761662, -87.536285 30.761578, -87.536069 30.7613, -87.535985 30.761192, -87.535982 30.760668, -87.53594 30.760247, -87.535649 30.759861, -87.535705 30.759234, -87.535589 30.758856, -87.535478 30.758625, -87.535308 30.758436, -87.535281 30.758342, -87.535247 30.758222, -87.535285 30.758041, -87.535453 30.757774, -87.535402 30.757448, -87.53519 30.757019, -87.535206 30.756305, -87.535224 30.755927, -87.535236 30.755446, -87.535175 30.755137, -87.534985 30.754983, -87.534706 30.754881, -87.534525 30.754486, -87.534302 30.753868, -87.5343 30.753533, -87.534438 30.753215, -87.534426 30.752888, -87.534465 30.752673, -87.534787 30.752431, -87.535085 30.752378, -87.535294 30.75236, -87.535302 30.752094, -87.53522 30.75163, -87.535168 30.751132, -87.535224 30.750539, -87.53534 30.749999, -87.535249 30.749778, -87.535114 30.749448, -87.534473 30.748965, -87.533925 30.748666, -87.533855 30.748626, -87.533559 30.748457, -87.53348 30.747998, -87.53334 30.747434, -87.533003 30.746924, -87.53253 30.746467, -87.531982 30.746233, -87.531662 30.746063, -87.531629 30.745657, -87.532386 30.745207, -87.532642 30.744813, -87.532517 30.744157, -87.532514 30.743658, -87.532588 30.743278, -87.532557 30.743199, -87.532162 30.743096, -87.531601 30.743321, -87.531069 30.743271, -87.531037 30.743252, -87.530688 30.743049, -87.530307 30.742933, -87.529866 30.74279, -87.529749 30.742701, -87.529591 30.742581, -87.529582 30.742418, -87.529575 30.742293, -87.529982 30.741766, -87.530163 30.741476, -87.530237 30.741266, -87.529977 30.740952, -87.529248 30.740916, -87.528626 30.741063, -87.528077 30.740632, -87.527422 30.740477, -87.526511 30.740533, -87.526146 30.740456, -87.525871 30.740221, -87.525534 30.739671, -87.525441 30.739212, -87.525227 30.739056, -87.524634 30.738887, -87.524131 30.738719, -87.523597 30.738288, -87.523185 30.737844, -87.52291 30.737687, -87.522363 30.737624, -87.521593 30.73758, -87.520859 30.737538, -87.520296 30.737396, -87.519914 30.737109, -87.519777 30.736921, -87.519379 30.736376, -87.519074 30.736272, -87.518603 30.736235, -87.518314 30.736106, -87.518253 30.736079, -87.51816 30.735764, -87.517882 30.734965, -87.517393 30.734324, -87.516784 30.734169, -87.516253 30.73421, -87.515874 30.734382, -87.515403 30.73441, -87.515137 30.734306, -87.515042 30.73369, -87.514935 30.733276, -87.514903 30.733152, -87.514634 30.733042, -87.514553 30.733009, -87.514098 30.733221, -87.513612 30.733262, -87.513125 30.733146, -87.512549 30.733267, -87.512141 30.733701, -87.511928 30.733768, -87.511744 30.73344, -87.511622 30.733178, -87.511286 30.732996, -87.510633 30.732907, -87.51051 30.732789, -87.510491 30.732599, -87.510478 30.732461, -87.510613 30.732067, -87.510596 30.731713, -87.51023 30.731504, -87.509896 30.7314, -87.509576 30.731205, -87.509451 30.730694, -87.509297 30.730156, -87.508959 30.729593, -87.508874 30.729279, -87.509022 30.728464, -87.508792 30.728085, -87.508214 30.727982, -87.507682 30.7278, -87.507361 30.727565, -87.507116 30.727094, -87.506674 30.726794, -87.506035 30.726665, -87.505442 30.72651, -87.505137 30.726288, -87.505044 30.726, -87.505164 30.72571, -87.505679 30.725472, -87.506028 30.7253, -87.505951 30.725064, -87.505707 30.724921, -87.505083 30.724635, -87.504314 30.724428, -87.503736 30.724207, -87.503278 30.723854, -87.503093 30.723304, -87.503059 30.72253, -87.502966 30.722123, -87.502431 30.721522, -87.502339 30.721475, -87.501944 30.721274, -87.501502 30.721092, -87.501183 30.721093, -87.50088 30.721134, -87.500576 30.721148, -87.499998 30.72089, -87.499421 30.720726, -87.499039 30.720712, -87.498704 30.720818, -87.4985 30.720987, -87.498286 30.721061, -87.498183 30.720997, -87.498133 30.720878, -87.498051 30.720683, -87.498105 30.720345, -87.498029 30.720031, -87.49786 30.719879, -87.497599 30.719855, -87.49734 30.720114, -87.49707 30.72026, -87.496828 30.720269, -87.496482 30.720174, -87.496258 30.720118, -87.495754 30.719975, -87.495307 30.719892, -87.495204 30.719873, -87.494821 30.719665, -87.494671 30.719657, -87.494476 30.719747, -87.494011 30.72003, -87.493564 30.719951, -87.493255 30.719719, -87.492966 30.719712, -87.492781 30.719914, -87.49268 30.720341, -87.49241 30.720455, -87.492093 30.720392, -87.491847 30.719724, -87.491612 30.719178, -87.491434 30.719025, -87.491191 30.718954, -87.491102 30.718922, -87.490898 30.718963, -87.490711 30.719012, -87.490534 30.719029, -87.490254 30.718973, -87.489788 30.718814, -87.489423 30.718662, -87.489056 30.718012, -87.488775 30.717642, -87.488612 30.717603, -87.488579 30.717595, -87.488402 30.717563, -87.48829 30.71758, -87.488104 30.717741, -87.487827 30.718137, -87.487623 30.718339, -87.487315 30.71838, -87.487054 30.718325, -87.486578 30.718182, -87.486292 30.717933, -87.485984 30.717677, -87.485759 30.7175, -87.485469 30.717373, -87.485152 30.717285, -87.484909 30.71723, -87.484601 30.717078, -87.48446 30.716861, -87.484578 30.716257, -87.484623 30.715918, -87.484454 30.715653, -87.48423 30.715573, -87.483959 30.715397, -87.483623 30.71531, -87.483372 30.715391, -87.483205 30.715561, -87.483021 30.716117, -87.482578 30.716908, -87.482234 30.717191, -87.481899 30.717314, -87.4817 30.717214, -87.481619 30.717173, -87.481278 30.717002, -87.481266 30.716527, -87.480975 30.716125, -87.480535 30.715756, -87.479925 30.714929, -87.479513 30.714512, -87.479064 30.714208, -87.478293 30.713711, -87.477992 30.713277, -87.478111 30.712786, -87.478334 30.712624, -87.478866 30.71267, -87.479378 30.712692, -87.479732 30.712643, -87.480034 30.712284, -87.480066 30.712247, -87.480269 30.711787, -87.480182 30.71128, -87.47983 30.710734, -87.479491 30.710002, -87.479312 30.7096, -87.479069 30.709529, -87.478743 30.709498, -87.478389 30.709547, -87.478036 30.709742, -87.477803 30.70988, -87.477449 30.709913, -87.477151 30.709914, -87.476507 30.709683, -87.47547 30.70926, -87.475171 30.70906, -87.47509 30.708601, -87.47548 30.708326, -87.475618 30.7081, -87.475271 30.707682, -87.474653 30.707048, -87.474493 30.706654, -87.47464 30.7063, -87.475375 30.706047, -87.475868 30.70582, -87.475979 30.705707, -87.47602 30.705465, -87.475805 30.705248, -87.475264 30.705218, -87.474667 30.705108, -87.47434 30.704956, -87.474209 30.704843, -87.473948 30.704804, -87.473631 30.704813, -87.473145 30.704437, -87.472771 30.704357, -87.472567 30.704535, -87.472794 30.705163, -87.472804 30.705412, -87.472628 30.705638, -87.472228 30.705664, -87.471761 30.70544, -87.4712 30.705112, -87.470944 30.705113, -87.470478 30.705179, -87.470105 30.705124, -87.469806 30.705021, -87.469637 30.704804, -87.469524 30.704385, -87.469521 30.70387, -87.469612 30.703354, -87.469611 30.703209, -87.469461 30.702968, -87.469076 30.702741, -87.468764 30.702624, -87.468526 30.702569, -87.46827 30.702499, -87.468104 30.702184, -87.467808 30.701521, -87.467732 30.701086, -87.467841 30.700896, -87.46816 30.700697, -87.468214 30.700389, -87.468085 30.700208, -87.46792 30.700153, -87.467663 30.700043, -87.467517 30.700075, -87.467125 30.700361, -87.466742 30.700655, -87.466368 30.700704, -87.465901 30.700666, -87.465526 30.700573, -87.465345 30.700516, -87.465177 30.700463, -87.464912 30.700401, -87.46419 30.700585, -87.463779 30.700595, -87.463495 30.700556, -87.463248 30.700494, -87.462937 30.700402, -87.46267 30.700314, -87.46219 30.700189, -87.462159 30.700151, -87.461907 30.699842, -87.461661 30.699767, -87.46131 30.699768, -87.461047 30.699663, -87.460817 30.69933, -87.460446 30.69877, -87.459987 30.698271, -87.459671 30.698166, -87.459214 30.698168, -87.458916 30.698078, -87.458669 30.697866, -87.458653 30.697723, -87.458614 30.697366, -87.458471 30.696821, -87.458294 30.696564, -87.458013 30.696398, -87.457505 30.696748, -87.457261 30.697022, -87.456929 30.697221, -87.456614 30.697586, -87.456264 30.697754, -87.455773 30.697771, -87.455177 30.697848, -87.454739 30.698047, -87.454144 30.698428, -87.454008 30.698561, -87.453882 30.698687, -87.453619 30.698718, -87.45325 30.698689, -87.452933 30.698372, -87.452616 30.698191, -87.45216 30.698193, -87.45188 30.698451, -87.451604 30.699393, -87.451306 30.699591, -87.45113 30.6995, -87.450901 30.699122, -87.450636 30.698895, -87.45025 30.698851, -87.449847 30.698974, -87.449566 30.69896, -87.449214 30.698673, -87.449124 30.698324, -87.448913 30.698173, -87.448719 30.697916, -87.4487 30.697553, -87.448803 30.697158, -87.448661 30.696688, -87.448485 30.696592, -87.448441 30.696568, -87.447878 30.696418, -87.44749 30.695934, -87.447155 30.695632, -87.446453 30.695634, -87.446243 30.69562, -87.446031 30.695423, -87.445732 30.695182, -87.445363 30.695138, -87.445012 30.695124, -87.444362 30.694914, -87.443676 30.694537, -87.44334 30.693916, -87.443109 30.693447, -87.442845 30.693205, -87.44277 30.692986, -87.442685 30.692736, -87.44228 30.692373, -87.441803 30.691844, -87.44131 30.691375, -87.44071 30.690695, -87.440614 30.6906, -87.440375 30.690362, -87.440343 30.690353, -87.440024 30.690258, -87.43904 30.690079, -87.4387 30.689973, -87.438649 30.689957, -87.43832 30.689854, -87.437722 30.689628, -87.43737 30.689387, -87.436965 30.688933, -87.436556 30.688904, -87.436421 30.68879, -87.436401 30.68842, -87.436309 30.688404, -87.436211 30.688386, -87.435734 30.688301, -87.43468 30.688198, -87.434101 30.6882, -87.433611 30.688353, -87.432961 30.68837, -87.432504 30.688114, -87.432064 30.687721, -87.431695 30.687647, -87.431134 30.68777, -87.430469 30.688257, -87.430136 30.688259, -87.429819 30.687987, -87.430113 30.687091, -87.429935 30.68653, -87.429443 30.68638, -87.428689 30.686383, -87.428302 30.686323, -87.427792 30.685885, -87.427736 30.685158, -87.427786 30.684505, -87.427486 30.684249, -87.427125 30.683992, -87.426612 30.683053, -87.426296 30.682857, -87.426085 30.682843, -87.42542 30.68327, -87.424982 30.683362, -87.424613 30.683272, -87.424331 30.683061, -87.423452 30.682669, -87.422697 30.682384, -87.422398 30.682203, -87.422168 30.681931, -87.422097 30.681703, -87.422128 30.681334, -87.421996 30.681017, -87.421716 30.680913, -87.421523 30.680853, -87.421313 30.680816, -87.420964 30.68087, -87.420493 30.680977, -87.42023 30.680932, -87.419905 30.68039, -87.419492 30.679893, -87.419247 30.679697, -87.419167 30.679426, -87.419077 30.67889, -87.419085 30.678648, -87.419058 30.67855, -87.419041 30.678528, -87.418629 30.678363, -87.418306 30.678251, -87.417921 30.678146, -87.417685 30.6782, -87.417451 30.678472, -87.41726 30.67879, -87.417165 30.679032, -87.417052 30.679244, -87.416904 30.679312, -87.41672 30.679298, -87.416124 30.678726, -87.415179 30.678374, -87.414553 30.678217, -87.413985 30.67806, -87.413731 30.678008, -87.413434 30.677964, -87.412936 30.67792, -87.412534 30.677861, -87.412201 30.677734, -87.41172 30.677569, -87.410928 30.677157, -87.410306 30.676942, -87.409689 30.676645, -87.409174 30.676325, -87.408801 30.676004, -87.408312 30.675684, -87.407772 30.675475, -87.407233 30.675388, -87.406757 30.675289, -87.406474 30.675146, -87.406332 30.67488, -87.406356 30.674437, -87.4067 30.67377, -87.407081 30.672915, -87.407386 30.672259, -87.407384 30.671816, -87.407152 30.671572, -87.406459 30.671375, -87.406137 30.671198, -87.405879 30.670911, -87.405839 30.670423, -87.405837 30.670112, -87.405951 30.669668, -87.406017 30.669235, -87.405545 30.668638, -87.405394 30.667998, -87.405514 30.667123, -87.405799 30.66672, -87.405833 30.666673, -87.405758 30.666439, -87.405387 30.666354, -87.40535 30.666343, -87.405203 30.666298, -87.404695 30.666143, -87.404201 30.666144, -87.403533 30.665912, -87.403087 30.665529, -87.402689 30.664847, -87.402637 30.664356, -87.403104 30.663756, -87.403347 30.662837, -87.403048 30.662112, -87.402577 30.661751, -87.402328 30.66141, -87.402202 30.660599, -87.402397 30.660107, -87.402914 30.659572, -87.402935 30.658782, -87.403327 30.658033, -87.403103 30.657479, -87.402656 30.657032, -87.402137 30.656884, -87.401717 30.656778, -87.401072 30.656225, -87.400628 30.656376, -87.400508 30.65706, -87.400212 30.657253, -87.399865 30.657062, -87.399863 30.656442, -87.399836 30.655973, -87.399663 30.655824, -87.399071 30.656167, -87.398776 30.656318, -87.398604 30.656279, -87.398397 30.656225, -87.397785 30.655638, -87.396818 30.65485, -87.396595 30.654467, -87.396505 30.653784, -87.3966 30.652652, -87.396598 30.652289, -87.396274 30.651649, -87.395975 30.65086, -87.39592 30.650541, -87.395908 30.650159, -87.396426 30.649471, -87.396598 30.64915, -87.396867 30.648701, -87.396989 30.648273, -87.396864 30.647932, -87.396195 30.647294, -87.395579 30.646794, -87.395303 30.64657, -87.394336 30.645612, -87.394334 30.645271, -87.394779 30.645227, -87.394952 30.645248, -87.39542 30.644969, -87.395739 30.644562, -87.395687 30.643964, -87.39529 30.643432, -87.395016 30.64277, -87.394594 30.642345, -87.394248 30.642175, -87.394024 30.641855, -87.394022 30.641364, -87.394339 30.640402, -87.394386 30.639826, -87.394237 30.639463, -87.394235 30.6391, -87.394269 30.638289, -87.394365 30.637541, -87.394585 30.637007, -87.394905 30.636707, -87.395212 30.636069, -87.395149 30.635418, -87.394691 30.634751, -87.394293 30.63429, -87.394113 30.633794, -87.394072 30.633502, -87.394448 30.633399, -87.395398 30.633293, -87.395655 30.632984, -87.395554 30.632659, -87.395177 30.63242, -87.394879 30.632215, -87.39464 30.631993, -87.394481 30.631788, -87.394243 30.631703, -87.393985 30.631687, -87.393688 30.631688, -87.39341 30.631534, -87.393456 30.631193, -87.393487 30.630969, -87.3934 30.630386, -87.393386 30.630289, -87.3935 30.629914, -87.393679 30.629341, -87.393698 30.629135, -87.393538 30.628861, -87.393417 30.628228, -87.393415 30.627731, -87.393294 30.627218, -87.393591 30.626868, -87.393622 30.626649, -87.393734 30.626118, -87.393846 30.625724, -87.394354 30.624998, -87.394393 30.624562, -87.394575 30.624255, -87.394855 30.624191, -87.395319 30.624253, -87.395796 30.624304, -87.396027 30.624135, -87.396014 30.623903, -87.395854 30.623745, -87.395647 30.623671, -87.395268 30.623578, -87.395121 30.623462, -87.395108 30.623314, -87.395168 30.623092, -87.395277 30.622765, -87.395215 30.62248, -87.395055 30.622216, -87.395066 30.621899, -87.395295 30.621381, -87.395318 30.621001, -87.39528 30.620463, -87.39545 30.620304, -87.395815 30.620166, -87.395986 30.620091, -87.395924 30.619849, -87.395875 30.619701, -87.395799 30.619078, -87.395845 30.618497, -87.396148 30.61781, -87.396463 30.617334, -87.396475 30.617102, -87.396387 30.616616, -87.396044 30.61629, -87.395665 30.616239, -87.395287 30.616271, -87.394957 30.616241, -87.394854 30.616083, -87.394776 30.615964, -87.394736 30.615903, -87.394672 30.615239, -87.394913 30.614266, -87.395135 30.613516, -87.39562 30.612723, -87.396238 30.611538, -87.396468 30.61102, -87.396586 30.61007, -87.396584 30.609479, -87.396655 30.608876, -87.397106 30.608394, -87.397189 30.608305, -87.397953 30.607025, -87.398409 30.606538, -87.398505 30.606094, -87.398528 30.605819, -87.398649 30.605524, -87.39877 30.605396, -87.398941 30.605417, -87.399615 30.605911, -87.40025 30.606163, -87.400921 30.605981, -87.401542 30.605567, -87.402067 30.605587, -87.402317 30.605565, -87.402811 30.605521, -87.403224 30.605382, -87.403286 30.605361, -87.403361 30.605263, -87.403484 30.605103, -87.403529 30.605044, -87.403564 30.604548, -87.403341 30.60382, -87.403413 30.603534, -87.403501 30.603417, -87.40391 30.603102, -87.403993 30.603038, -87.404082 30.603035, -87.4048935 30.6030045, -87.405198 30.603072, -87.405669 30.603396, -87.405691 30.603411, -87.406086 30.603258, -87.406106 30.602512, -87.406004 30.602328, -87.405923 30.602181, -87.405691 30.601765, -87.405711 30.601476, -87.405849 30.601374, -87.406441 30.601748, -87.406525 30.601743, -87.406718 30.601731, -87.406851 30.601668, -87.407152 30.601527, -87.4075865 30.600855, -87.407567 30.600271, -87.407495 30.600175, -87.40735 30.599982, -87.407322 30.599975, -87.406915 30.599864, -87.406367 30.599986, -87.405849 30.600101, -87.405823 30.600047, -87.40548225 30.599347, -87.405395 30.599168, -87.405314 30.598777, -87.405296 30.598692, -87.405417 30.598623, -87.405526 30.598561, -87.405673 30.598551, -87.405928 30.59854, -87.40595 30.598526, -87.406205 30.59837, -87.406196 30.598136, -87.406194 30.598084, -87.405995 30.597984, -87.405691 30.59783, -87.405457 30.597547, -87.405453 30.597521, -87.405446 30.597416, -87.405521 30.597363, -87.407127 30.596238, -87.407305 30.595984, -87.407314 30.595905, -87.407341 30.595643, -87.407296 30.595552, -87.407006 30.594964, -87.407003 30.594758, -87.406993 30.594072, -87.406841 30.593419, -87.406831 30.593374, -87.407081 30.592386, -87.407148 30.592299, -87.407692 30.59159, -87.407713 30.591524, -87.407767 30.591351, -87.407854 30.591075, -87.407852 30.5910175, -87.407852 30.5909725, -87.40782 30.590265, -87.407782 30.590107, -87.407614 30.589411, -87.407717 30.589275, -87.408139 30.58872, -87.408176 30.58867, -87.408153 30.588619, -87.40802 30.5883295, -87.4075 30.58815, -87.4074235 30.588124, -87.407403 30.588089, -87.407315 30.587896, -87.407474 30.58759, -87.407664 30.587475, -87.407686 30.587462, -87.408111 30.587203, -87.408793 30.586325, -87.408977 30.586202, -87.409172 30.586071, -87.409355 30.585853, -87.40921975 30.5854495, -87.4087475 30.585136, -87.40829 30.584376, -87.408034 30.583947, -87.408018 30.583701, -87.408317 30.583545, -87.4089 30.58331, -87.409138 30.583044, -87.409168 30.583011, -87.409195 30.582324, -87.409299 30.581987, -87.409761 30.581571, -87.410162 30.580961, -87.410506 30.58074, -87.410805 30.580622, -87.410983 30.580363, -87.410996 30.579845, -87.410755 30.579496, -87.410426 30.579587, -87.410263 30.579834, -87.410038 30.579886, -87.409798 30.579732, -87.409812 30.579395, -87.41005 30.579044, -87.410274 30.57894, -87.410438 30.578797, -87.410522 30.57851, -87.410571 30.578343, -87.410824 30.578148, -87.411079 30.578057, -87.411483 30.578055, -87.411767 30.578003, -87.411796 30.577795, -87.41154 30.577395, -87.411509 30.577123, -87.411567 30.576747, -87.4117 30.576345, -87.411835 30.576319, -87.412015 30.576396, -87.41209 30.576538, -87.412137 30.576913, -87.412227 30.577069, -87.412287 30.577133, -87.412452 30.57712, -87.41263 30.576705, -87.412524 30.576485, -87.412268 30.576149, -87.412022 30.575864, -87.411877 30.575697, -87.411846 30.575709, -87.411831 30.575575, -87.411749 30.575359, -87.411822 30.574879, -87.411933 30.574246, -87.411947 30.574169, -87.412165 30.573765, -87.412191 30.573716, -87.412361 30.573585, -87.4123805 30.5735655, -87.412404 30.573552, -87.412435 30.573528, -87.412476 30.573497, -87.412509 30.573472, -87.412552 30.573438, -87.412608 30.573406, -87.412636 30.57339, -87.412797 30.573299, -87.413105 30.573012, -87.413392 30.572946, -87.413691 30.573038, -87.41381 30.573444, -87.413928 30.573563, -87.414142 30.573618, -87.414279 30.573313, -87.414405 30.572777, -87.414532 30.572509, -87.414927 30.572619, -87.415216 30.572756, -87.415716 30.572671, -87.416099 30.572375, -87.416364 30.57195, -87.416298 30.571553, -87.416201 30.571147, -87.416288 30.570974, -87.416402 30.57075, -87.416508 30.570611, -87.416646 30.570638, -87.416871 30.570757, -87.417137 30.570692, -87.417179 30.570378, -87.417049 30.570111, -87.417155 30.569898, -87.417591 30.569839, -87.417709 30.569823, -87.417998 30.570034, -87.41818 30.570181, -87.418383 30.570273, -87.418521 30.570134, -87.418392 30.569756, -87.418182 30.569415, -87.417786 30.569066, -87.417572 30.568928, -87.417475 30.568707, -87.417474 30.568476, -87.417462 30.568153, -87.417323 30.568006, -87.417003 30.567988, -87.416715 30.568045, -87.416597 30.567906, -87.416628 30.567565, -87.416665 30.567441, -87.416754 30.567149, -87.416721 30.566808, -87.41656 30.566559, -87.416148 30.566293, -87.416137 30.566145, -87.416403 30.566034, -87.416828 30.565838, -87.417104 30.565533, -87.417295 30.565246, -87.417295 30.565117, -87.417378 30.564674, -87.417591 30.564489, -87.41774 30.564617, -87.417837 30.564848, -87.417966 30.56505, -87.418308 30.565105, -87.418467 30.564809, -87.41822 30.564422, -87.417983 30.56398, -87.418046 30.563693, -87.4183 30.563268, -87.418326 30.563028, -87.418186 30.562715, -87.417928 30.562402, -87.417917 30.562254, -87.418012 30.562106, -87.418268 30.562105, -87.418545 30.561994, -87.41898 30.561475, -87.419214 30.561327, -87.419598 30.561307, -87.419938 30.561057, -87.420501 30.560621, -87.420713 30.560545, -87.420926 30.560527, -87.421072 30.560549, -87.421165 30.560647, -87.421252 30.56079, -87.421352 30.560905, -87.421439 30.560979, -87.421539 30.561024, -87.421598 30.56103, -87.421698 30.56099, -87.421769 30.560668, -87.421788 30.560334, -87.421913 30.560127, -87.422086 30.560115, -87.422206 30.560195, -87.422187 30.560488, -87.422195 30.560764, -87.422355 30.56097, -87.422575 30.56113, -87.422755 30.561279, -87.422895 30.561428, -87.423008 30.561491, -87.423127 30.561485, -87.423239 30.561278, -87.423244 30.560875, -87.42337 30.560835, -87.423536 30.560909, -87.423663 30.561006, -87.423975 30.560959, -87.424053 30.560775, -87.423886 30.560488, -87.423918 30.560276, -87.424076 30.559879, -87.424195 30.559712, -87.424341 30.559631, -87.424586 30.559676, -87.424719 30.559733, -87.424773 30.559854, -87.42476 30.559974, -87.425107 30.560358, -87.425359 30.560311, -87.425662 30.559782, -87.425773 30.559276, -87.426071 30.559108, -87.426316 30.558964, -87.426448 30.558774, -87.426405 30.558293, -87.426357 30.557872, -87.426396 30.557493, -87.425937 30.557426, -87.425658 30.557289, -87.425636 30.55691, -87.426053 30.556477, -87.42629 30.556149, -87.426489 30.556148, -87.426549 30.556217, -87.42671 30.556613, -87.426791 30.556785, -87.42689 30.556785, -87.42701 30.55675, -87.427244 30.555732, -87.427203 30.555474, -87.427024 30.555354, -87.427002 30.555044, -87.42716 30.554785, -87.427298 30.554285, -87.427554 30.553681, -87.428129 30.553093, -87.428545 30.552626, -87.428883 30.552453, -87.429437 30.551744, -87.43039 30.55119, -87.430708 30.550947, -87.430825 30.550499, -87.430924 30.550274, -87.431182 30.550015, -87.431858 30.549772, -87.433051 30.549578, -87.434883 30.549434, -87.43512 30.549089, -87.435039 30.54871, -87.434897 30.548107, -87.434906 30.547866, -87.435203 30.547641, -87.435361 30.547382, -87.43538 30.547054, -87.435079 30.546555, -87.435078 30.5464, -87.435178 30.546348, -87.435241 30.546321, -87.435266 30.54631, -87.435337 30.546279, -87.435735 30.546295, -87.435992 30.545932, -87.436209 30.545518, -87.436148 30.545156, -87.436147 30.544949, -87.436246 30.544932, -87.436465 30.544914, -87.436663 30.54462, -87.436642 30.544224, -87.43672 30.543913, -87.436739 30.543689, -87.436619 30.543689, -87.436342 30.544087, -87.435904 30.544037, -87.435506 30.543986, -87.435346 30.543883, -87.435305 30.543728, -87.435305 30.543677, -87.435345 30.54359, -87.435403 30.54328, -87.435321 30.542867, -87.43544 30.542711, -87.435679 30.542659, -87.435978 30.542864, -87.436218 30.54295, -87.436417 30.543001, -87.436755 30.54281, -87.436793 30.542517, -87.43719 30.542188, -87.437428 30.541998, -87.437387 30.541757, -87.43673 30.54169, -87.436491 30.541639, -87.436391 30.541536, -87.43637 30.541329, -87.436667 30.541087, -87.436785 30.540725, -87.436823 30.540242, -87.436982 30.540155, -87.43728 30.540137, -87.437659 30.540136, -87.437917 30.540066, -87.438156 30.5401, -87.438276 30.540289, -87.438336 30.54034, -87.438555 30.540253, -87.438872 30.539873, -87.439248 30.539389, -87.439467 30.539371, -87.439646 30.539423, -87.439667 30.53956, -87.439608 30.539853, -87.43955 30.540078, -87.43957 30.540233, -87.43975 30.540301, -87.440027 30.53999, -87.440403 30.539386, -87.4406 30.538954, -87.440539 30.538678, -87.44024 30.538524, -87.439921 30.538439, -87.43986 30.538284, -87.439859 30.538112, -87.440177 30.537956, -87.440615 30.537782, -87.441012 30.53766, -87.44137 30.53759, -87.441569 30.537451, -87.441567 30.537089, -87.441148 30.536798, -87.440848 30.536644, -87.440791 30.536484, -87.440768 30.53642, -87.440746 30.536041, -87.440702 30.535007, -87.440378 30.533888, -87.440373 30.533855, -87.440255 30.533061, -87.440233 30.532562, -87.440331 30.53232, -87.440598 30.53194, -87.440577 30.531595, -87.440277 30.531338, -87.439858 30.531219, -87.43946 30.531151, -87.43914 30.530842, -87.438919 30.530463, -87.438899 30.530395, -87.438958 30.530291, -87.439495 30.530168, -87.440469 30.529821, -87.441185 30.529749, -87.441703 30.529747, -87.441942 30.529867, -87.442043 30.530143, -87.441986 30.530608, -87.441968 30.531056, -87.442547 30.531451, -87.443165 30.53169, -87.443901 30.531481, -87.444197 30.530928, -87.444194 30.530273, -87.443815 30.530068, -87.443317 30.530052, -87.442899 30.530088, -87.44264 30.529968, -87.442619 30.529762, -87.443074 30.529088, -87.44337 30.528673, -87.443647 30.528138, -87.444143 30.527843, -87.444402 30.527843, -87.444443 30.528222, -87.444545 30.528738, -87.444725 30.528893, -87.445103 30.528909, -87.445678 30.528286, -87.445913 30.527372, -87.44625 30.527199, -87.446649 30.527214, -87.446828 30.527283, -87.447187 30.52735, -87.447465 30.52735, -87.447723 30.52709, -87.44798 30.526607, -87.448205 30.525514, -87.448183 30.525296, -87.448152 30.525158, -87.448135 30.525081, -87.447971 30.524945, -87.447655 30.524897, -87.447238 30.524942, -87.447035 30.525006, -87.446923 30.525187, -87.447111 30.525563, -87.447265 30.525929, -87.447266 30.526173, -87.447165 30.526354, -87.446974 30.526457, -87.445998 30.526377, -87.445664 30.526237, -87.445353 30.525969, -87.445205 30.525711, -87.445119 30.525433, -87.445049 30.525047, -87.444948 30.524871, -87.444856 30.524711, -87.444646 30.524492, -87.444077 30.524207, -87.443806 30.523948, -87.443788 30.523626, -87.443923 30.523567, -87.444262 30.523609, -87.444669 30.523755, -87.445075 30.523856, -87.44629 30.523148, -87.447066 30.522541, -87.4471 30.522516, -87.447207 30.522198, -87.447283 30.521973, -87.447145 30.521256, -87.446413 30.520379, -87.446021 30.519721, -87.445881 30.518667, -87.445726 30.518184, -87.445453 30.517672, -87.445569 30.517086, -87.44572 30.516895, -87.446127 30.516967, -87.446499 30.516995, -87.446904 30.516774, -87.447173 30.516407, -87.447271 30.515601, -87.447268 30.515044, -87.446962 30.514649, -87.446759 30.514606, -87.446404 30.514754, -87.445815 30.515386, -87.444986 30.515491, -87.444562 30.515331, -87.444425 30.514907, -87.444524 30.514248, -87.444953 30.513763, -87.445629 30.513658, -87.446678 30.513654, -87.447322 30.513872, -87.448019 30.514602, -87.448529 30.515054, -87.449122 30.515301, -87.449782 30.515226, -87.450024 30.514912, -87.450371 30.514462, -87.449892 30.51447, -87.44984 30.514471, -87.449766 30.514472, -87.449032 30.51422, -87.448355 30.51374, -87.447927 30.513057, -87.447935 30.512978, -87.447978 30.512564, -87.447914 30.511821, -87.447878 30.511031, -87.447863 30.5109805, -87.447801 30.51078, -87.447785 30.510728, -87.447726 30.510534, -87.447719 30.510511, -87.447702 30.510458, -87.4476555 30.5104115, -87.447345 30.510098, -87.447281 30.510033, -87.447191 30.509943, -87.447173 30.509925, -87.446477 30.509456, -87.446069 30.508867, -87.445057 30.508196, -87.444714 30.507494, -87.443925 30.507203, -87.44322 30.506782, -87.4429155 30.506778, -87.442421 30.506773, -87.441902 30.506724, -87.441139 30.506651, -87.440386 30.506626, -87.43969 30.506649, -87.439198 30.506237, -87.438845 30.505841, -87.438269 30.505357, -87.437676 30.50463, -87.437175 30.503726, -87.436712 30.502983, -87.436509 30.502453, -87.436162 30.502206, -87.435866 30.502004, -87.435262 30.501466, -87.43465 30.500536, -87.434549 30.500314, -87.434518 30.500245, -87.433978 30.499595, -87.433878 30.499495, -87.433678 30.499395, -87.433478 30.499295, -87.433128 30.499225, -87.432978 30.499195, -87.432478 30.499095, -87.431978 30.498995, -87.431578 30.498795, -87.431021 30.498331, -87.430978 30.498295, -87.430878 30.498095, -87.430678 30.497595, -87.430578 30.497195, -87.430478 30.496595, -87.430978 30.496095, -87.430999 30.496064, -87.431178 30.495795, -87.431678 30.494895, -87.431778 30.494595, -87.431823 30.494196, -87.431878 30.493696, -87.431778 30.493396, -87.431678 30.492896, -87.431568 30.492731, -87.431478 30.492596, -87.431278 30.492096, -87.431078 30.491796, -87.430778 30.491496, -87.430732 30.491404, -87.430578 30.491096, -87.430278 30.490796, -87.429978 30.490696, -87.4298735 30.4906915, -87.429778 30.490596, -87.429378 30.490296, -87.429104 30.490205, -87.429078 30.490196, -87.42898 30.490095, -87.428954 30.490069, -87.428578 30.489696, -87.428502 30.489545, -87.428477 30.489496, -87.428438 30.489378, -87.428378 30.489196, -87.428378 30.489096, -87.428378 30.489033, -87.428378 30.488892, -87.428378 30.488751, -87.428378 30.488696, -87.428378 30.488496, -87.428459 30.488333, -87.428578 30.488096, -87.428778 30.487796, -87.428978 30.487596, -87.429096 30.487478, -87.429178 30.487396, -87.429258 30.487397, -87.429578 30.487396, -87.429778 30.487396, -87.430038 30.487507, -87.430486 30.487698, -87.430878 30.487796, -87.431478 30.488096, -87.432078 30.488196, -87.43287 30.488196, -87.433178 30.488196, -87.433578 30.487996, -87.433665 30.487909, -87.433878 30.487696, -87.434041 30.487288, -87.434078 30.487196, -87.433971 30.486982, -87.433778 30.486596, -87.433678 30.486296, -87.433178 30.485496, -87.432978 30.484896, -87.432878 30.484296, -87.432978 30.484096, -87.433126 30.48385, -87.433278 30.483596, -87.433378 30.483296, -87.434078 30.482396, -87.434078 30.482196, -87.434278 30.481996, -87.434378 30.481996, -87.434468 30.481996, -87.434578 30.481996, -87.434794 30.481888, -87.434978 30.481796, -87.435178 30.481596, -87.435228 30.481496, -87.435277 30.481395, -87.435478 30.481096, -87.435478 30.480896, -87.435578 30.480496, -87.435278 30.479896, -87.434778 30.479296, -87.434678 30.479196, -87.434278 30.478896, -87.433978 30.478796, -87.433778 30.478696, -87.433678 30.478596, -87.432878 30.478296, -87.432578 30.478196, -87.431978 30.477896, -87.431578 30.477696, -87.431278 30.477296, -87.430978 30.477096, -87.430578 30.476596, -87.430478 30.476396, -87.430317 30.475834, -87.430278 30.475696, -87.430178 30.475196, -87.430178 30.474296, -87.430178 30.474096, -87.430178 30.473096, -87.430178 30.472815, -87.430178 30.472696, -87.430078 30.471996, -87.429878 30.471596, -87.429878 30.471396, -87.429778 30.471096, -87.429578 30.470596, -87.429378 30.470396, -87.428878 30.469796, -87.428578 30.469396, -87.42804 30.468769, -87.427978 30.468696, -87.427778 30.468396, -87.427278 30.467796, -87.427078 30.467496, -87.426778 30.467296, -87.426678 30.467196, -87.426078 30.466596, -87.425778 30.466296, -87.425278 30.465796, -87.425078 30.465596, -87.424578 30.465196, -87.424278 30.464896, -87.423996 30.464662, -87.423678 30.464396, -87.423578 30.464296, -87.422678 30.463596, -87.422178 30.463196, -87.421478 30.462796, -87.421178 30.462696, -87.420378 30.462396, -87.419878 30.462196, -87.419078 30.461896, -87.418678 30.461596, -87.417777 30.461096, -87.417677 30.460896, -87.417267663 30.46038433, -87.417802776 30.459656324, -87.417861662 30.459687054, -87.417980232 30.459730793, -87.417733 30.459496, -87.417536 30.459226, -87.417435 30.459155, -87.41739 30.459072, -87.417263 30.458957, -87.417149 30.458709, -87.417181 30.458637, -87.417244001 30.458610001, -87.417619001 30.458792001, -87.417816 30.458962, -87.418006 30.459072, -87.418152001 30.459215, -87.418413 30.459303, -87.418495 30.459358001, -87.418686001 30.459435, -87.418832 30.459545, -87.418914 30.459573, -87.419016 30.459556, -87.419111 30.45949, -87.419371 30.459391001, -87.419556 30.459243001, -87.419575 30.459166, -87.419556 30.459001, -87.419359 30.458693, -87.419327001 30.458572, -87.419365 30.45839, -87.41941 30.458236, -87.419429 30.458055, -87.419334 30.457829, -87.41927 30.457758, -87.419016 30.457037001, -87.418851 30.456866, -87.418699 30.456569, -87.4185335 30.456451001, -87.418375 30.456355, -87.418273 30.456102, -87.418191 30.455992, -87.418045001 30.455849001, -87.417924 30.455761, -87.417727 30.455507001, -87.417626 30.455337, -87.417582 30.455188001, -87.417518 30.455111, -87.417474 30.45499, -87.417486 30.454941, -87.417455001 30.454660001, -87.41741 30.454539, -87.417315 30.454435, -87.417213001 30.454264, -87.417137 30.454209, -87.417074 30.454121001, -87.416985 30.453945, -87.416845 30.453571001, -87.416795 30.453505001, -87.416617 30.453417, -87.416204 30.452977, -87.416115001 30.452933, -87.416083 30.452883, -87.415887 30.452823, -87.415518 30.452647, -87.415417 30.452581, -87.415176 30.452498, -87.414699001 30.452454001, -87.414611 30.452399, -87.414611 30.452339, -87.414687 30.452223, -87.414795 30.452143001, -87.414871 30.452096, -87.414922 30.451997, -87.415023001 30.451942, -87.415119 30.451849, -87.41522 30.451695001, -87.415296 30.451524, -87.415443001 30.451288, -87.415559202 30.451190744, -87.415502367 30.451095334, -87.415465408 30.4510521, -87.415423301 30.451012521, -87.415325619 30.450946092, -87.415271165 30.450920004, -87.415154144 30.450883574, -87.415092919 30.450873648, -87.414877451 30.450862837, -87.414801 30.450941, -87.414712 30.451002, -87.414655 30.451084, -87.414452 30.451321, -87.414376001 30.451387, -87.414325001 30.451464, -87.414198 30.451502, -87.414052 30.451486, -87.413868 30.45142, -87.413703 30.451376, -87.41362 30.45137, -87.413201001 30.451398, -87.412909001 30.451365, -87.412566 30.45121, -87.412262001 30.451023001, -87.4119 30.450941, -87.411823 30.450908, -87.411493001 30.450853, -87.411354001 30.450781001, -87.411189 30.450726001, -87.410935 30.450583, -87.410706 30.450522, -87.410605001 30.45044, -87.410319 30.450324, -87.410249 30.450286, -87.40997 30.450225, -87.4095 30.450154001, -87.409043 30.450192, -87.408922001 30.450176, -87.408789001 30.450181001, -87.408433 30.450291, -87.408293 30.450384, -87.407804001 30.450549001, -87.407633 30.450632, -87.407449 30.450736001, -87.407335 30.450863, -87.407074 30.451039001, -87.406868 30.45122, -87.406807 30.451264, -87.406611 30.451336, -87.406306001 30.45138, -87.406026 30.451374, -87.405639001 30.451286, -87.405512 30.45122, -87.405252 30.45117, -87.405074001 30.451071, -87.404992001 30.451044, -87.404763 30.450934001, -87.404655 30.450857, -87.404649 30.450747, -87.404700001 30.450648, -87.404814 30.450637, -87.404909 30.450664, -87.405138 30.450664, -87.405316 30.450697001, -87.405462 30.450747, -87.405627 30.450824, -87.405773 30.45106, -87.405877501 30.4511045, -87.40602 30.451066, -87.406096 30.450962, -87.4060755 30.4508515, -87.40602 30.450769, -87.405646 30.450439001, -87.405614 30.450389, -87.405522 30.450304001, -87.405271 30.450142, -87.405182001 30.450004, -87.405182001 30.44996, -87.405227 30.449878, -87.405208001 30.44979, -87.405144 30.449724, -87.404986 30.44968, -87.404884 30.449537, -87.404745 30.449426001, -87.404649 30.449404, -87.404548 30.449404, -87.404503 30.449465, -87.404503 30.449509, -87.404535 30.449547, -87.404624 30.449619, -87.404776 30.449701, -87.404852 30.449779, -87.404871 30.449916001, -87.40477 30.450026001, -87.404801 30.450153, -87.404757 30.450257, -87.404655 30.450285, -87.404528 30.450252, -87.404408 30.450169, -87.404319 30.450064, -87.404217 30.449907501, -87.404167 30.449789, -87.40409 30.44969, -87.404071 30.449619, -87.403964 30.449393, -87.403837 30.449278, -87.403786 30.449190001, -87.403767 30.449036, -87.403678 30.448953, -87.403672 30.448865001, -87.403703 30.448827, -87.403932 30.448684, -87.403989 30.44859, -87.404015 30.44853, -87.403983 30.448464001, -87.403888 30.448392, -87.403824 30.448177, -87.403824 30.448023, -87.403678 30.447743, -87.403405 30.447539, -87.403047 30.447410001, -87.402917 30.447369, -87.402599 30.447369, -87.402447 30.447391, -87.402072 30.447561, -87.401964 30.447572, -87.401894 30.447522, -87.401786001 30.447418, -87.401729001 30.447407, -87.401666 30.447346, -87.401437001 30.447203, -87.401279 30.447121, -87.400999 30.447022, -87.400904 30.446961, -87.400714 30.446889001, -87.400288 30.446779, -87.400149001 30.446719001, -87.399844 30.446647, -87.399598 30.446578, -87.399349001 30.446532, -87.398581 30.446443001, -87.39813 30.446454, -87.397723 30.446548001, -87.397203 30.446602, -87.397050001 30.446591001, -87.396434001 30.446602, -87.395965 30.446553, -87.395476 30.446514, -87.395247 30.446508, -87.394943 30.446525001, -87.394568 30.446503, -87.394485001 30.446481, -87.394308 30.446354, -87.394111 30.446282, -87.39394 30.446266, -87.393565 30.446321001, -87.393266 30.446398, -87.392892 30.44637, -87.392663001 30.446381, -87.392174 30.446496, -87.391819 30.44648, -87.391692 30.446463, -87.391425 30.446474001, -87.390587 30.446342, -87.389933 30.446308, -87.389705 30.446341, -87.389597 30.446341, -87.38933 30.446424, -87.389152 30.446451001, -87.388962 30.446534, -87.388806285 30.446567224, -87.388813895 30.446489609, -87.388896896 30.446434609, -87.388978896 30.446308609, -87.389042895 30.446159609, -87.389112895 30.446099609, -87.389302895 30.446016609, -87.389468895 30.445961609, -87.389677895 30.445796609, -87.389760895 30.445807609, -87.389826895 30.445763609, -87.389925895 30.445637609, -87.390039896 30.445554609, -87.390268895 30.445505609, -87.390446895 30.445444609, -87.390712896 30.445225609, -87.391011895 30.444867609, -87.391303895 30.444664609, -87.391430896 30.444548609, -87.391513895 30.444504609, -87.391659896 30.444229609, -87.391779896 30.444130608, -87.391830896 30.444048609, -87.391938896 30.443971609, -87.392021895 30.443861608, -87.392237896 30.443679608, -87.392383896 30.443509608, -87.392592896 30.443305609, -87.392650896 30.443206609, -87.392796896 30.443080609, -87.392955896 30.442849609, -87.393056896 30.442755608, -87.393139896 30.442739608, -87.393278896 30.442772609, -87.393367896 30.442767609, -87.393596896 30.442673608, -87.393901896 30.442503609, -87.394224896 30.442453608, -87.394510896 30.442217608, -87.394650897 30.442140608, -87.394764897 30.442112608, -87.394828896 30.442063609, -87.394961896 30.441986608, -87.395139897 30.441832608, -87.395222896 30.441678608, -87.395361896 30.441529608, -87.395418896 30.441403608, -87.395479896 30.441346108, -87.395634897 30.441161608, -87.395781897 30.440880608, -87.395806897 30.440765608, -87.395798696 30.440663666, -87.395705896 30.440539608, -87.395711897 30.440490608, -87.396022897 30.440182608, -87.396130896 30.439879608, -87.396245897 30.439626608, -87.396238896 30.439516607, -87.396283897 30.439335607, -87.396365897 30.439291607, -87.396511897 30.439164608, -87.396581897 30.439043608, -87.396594897 30.438944607, -87.396600897 30.438790607, -87.396778897 30.438537607, -87.396791897 30.438422608, -87.396816897 30.438334608, -87.396880897 30.438235607, -87.397013897 30.438108608, -87.397038478 30.438050459, -87.397007897 30.437982607, -87.397013897 30.437872607, -87.397058897 30.437828608, -87.397204897 30.437734607, -87.397255897 30.437646607, -87.397318897 30.437602607, -87.397344897 30.437355607, -87.397388897 30.437201607, -87.397342386 30.437071846, -87.397274897 30.436997461, -87.397274897 30.436926607, -87.397325897 30.436799607, -87.397439897 30.436662607, -87.397471897 30.436590607, -87.397585897 30.436535607, -87.397719897 30.436343607, -87.397770897 30.436156607, -87.397884898 30.435936606, -87.397916897 30.435837607, -87.397852897 30.435578607, -87.397871897 30.435485606, -87.397935898 30.435380607, -87.397992897 30.435226606, -87.398005897 30.435155607, -87.398043898 30.435061606, -87.39805532 30.434976477, -87.397990072 30.434850121, -87.397941536 30.434805455, -87.397885397 30.434663106, -87.398008897 30.434583607, -87.398107897 30.434528606, -87.398145898 30.434357606, -87.398113897 30.434258606, -87.398107897 30.434148606, -87.398158897 30.434060606, -87.398239897 30.433970107, -87.398272897 30.433906606, -87.398386898 30.433818606, -87.398385241 30.43370549, -87.398310897 30.433565606, -87.398266897 30.433372606, -87.398494898 30.433075606, -87.398507897 30.433004606, -87.398482897 30.432866606, -87.398507897 30.432767606, -87.398558897 30.432685606, -87.398577897 30.432525606, -87.398615897 30.432388606, -87.398634642 30.43205545, -87.398563972 30.431879558, -87.398455387 30.431708846, -87.398387825 30.43163438, -87.398355897 30.431535605, -87.398527897 30.431354606, -87.398559897 30.431134605, -87.398603897 30.431029606, -87.398660897 30.430947606, -87.398718897 30.430765606, -87.398652195 30.430564999, -87.398596175 30.430509503, -87.398496897 30.430330605, -87.398470897 30.430204605, -87.398502897 30.429973605, -87.398547897 30.429874606, -87.398556897 30.429508606, -87.398572897 30.429450605, -87.398648897 30.429395605, -87.398848897 30.429295356, -87.398883897 30.429219605, -87.398915898 30.428966605, -87.398902897 30.428796605, -87.398928897 30.428680605, -87.398914396 30.428567466, -87.398839897 30.428411605, -87.398848347 30.428225613, -87.398808897 30.428031605, -87.398846897 30.427905605, -87.398890897 30.427806605, -87.398890897 30.427740605, -87.398960897 30.427613605, -87.398916897 30.427157605, -87.398916897 30.426948605, -87.398941897 30.426882605, -87.398979897 30.426821604, -87.399094897 30.426722605, -87.399221897 30.426513604, -87.399373897 30.426370605, -87.399392898 30.426299605, -87.399538897 30.426106604, -87.399589897 30.426018604, -87.399672897 30.425809605, -87.399716897 30.425644604, -87.399748897 30.425556604, -87.399742897 30.424879604, -87.399659898 30.424533604, -87.399647897 30.423950604, -87.399685897 30.423807604, -87.399685897 30.423724604, -87.399755897 30.423570604, -87.399787898 30.423477604, -87.399869898 30.423372604, -87.399914897 30.423345604, -87.399952897 30.423273604, -87.400206897 30.423147604, -87.400339897 30.423108604, -87.400733897 30.423207604, -87.401015825 30.423403469, -87.401163249 30.423678487, -87.401295823 30.42387061, -87.40138423 30.423958967, -87.401570898 30.424049604, -87.401957898 30.424148604, -87.402491898 30.424231604, -87.402637898 30.424220604, -87.402979898 30.424165604, -87.403296398 30.424031104, -87.403437898 30.423918604, -87.403525898 30.423857604, -87.403608898 30.423720604, -87.403671898 30.423659604, -87.403735898 30.423522604, -87.403748898 30.423423603, -87.403722899 30.423351604, -87.403741898 30.423280604, -87.403888898 30.423060603, -87.404084898 30.422922604, -87.404376898 30.422790604, -87.404599899 30.422763603, -87.404865899 30.422757603, -87.404979899 30.422785604, -87.405094899 30.422779603, -87.405157899 30.422680604, -87.405208899 30.422471604, -87.405284899 30.422323603, -87.405538899 30.422064603, -87.405697899 30.421927603, -87.405767899 30.421839604, -87.405875899 30.421757603, -87.405926899 30.421657603, -87.406027899 30.421559603, -87.406103898 30.421432603, -87.406173899 30.421338603, -87.406275899 30.421124604, -87.406357899 30.421014603, -87.406453899 30.420942603, -87.406795899 30.420761603, -87.406878899 30.420690603, -87.406980899 30.420591603, -87.407094899 30.420337603, -87.407189899 30.420217603, -87.407291899 30.420118603, -87.407437899 30.420030603, -87.407545899 30.419991603, -87.407659899 30.419980603, -87.407741899 30.419947603, -87.4081039 30.419667603, -87.4083389 30.419463603, -87.408598899 30.419265603, -87.4086309 30.419227603, -87.4087709 30.419166603, -87.4088719 30.419067603, -87.4092149 30.418941603, -87.4095899 30.418858603, -87.4099129 30.418726602, -87.4101289 30.418671603, -87.4108399 30.418545603, -87.4110559 30.418534602, -87.4113349 30.418545603, -87.4118239 30.418606603, -87.4122299 30.418705603, -87.4129219 30.418820603, -87.413099901 30.418798602, -87.413296901 30.418809602, -87.413886901 30.418700602, -87.414127901 30.418672602, -87.415136902 30.418650603, -87.415282901 30.418683602, -87.415447901 30.418678603, -87.415619901 30.418722603, -87.415936902 30.418744602, -87.416171902 30.418827602, -87.416463902 30.418854602, -87.416729902 30.418915602, -87.416805902 30.418953602, -87.416920902 30.418986603, -87.416983902 30.418986603, -87.417044736 30.419023673, -87.417396902 30.419113602, -87.417637902 30.419146602, -87.418005902 30.419157602, -87.418399902 30.419217603, -87.418710902 30.419206602, -87.419097902 30.419179602, -87.419751903 30.419047602, -87.420227903 30.418915602, -87.420404903 30.418805602, -87.420512903 30.418783602, -87.421001903 30.418541602, -87.421496903 30.418233602, -87.421661903 30.418162602, -87.421687903 30.418123602, -87.421871903 30.418079602, -87.422118903 30.418068602, -87.422309903 30.418096602, -87.423026903 30.418162602, -87.423216903 30.418156602, -87.424016903 30.418195602, -87.424245904 30.418178602, -87.424391903 30.418195602, -87.424911904 30.418195602, -87.424962904 30.418179602, -87.425184904 30.418184602, -87.425628904 30.418157602, -87.426257905 30.418080602, -87.426403904 30.418091602, -87.426923905 30.418014602, -87.426980905 30.417986602, -87.427152904 30.417970602, -87.427450905 30.417959601, -87.428053905 30.417876601, -87.428199905 30.417887602, -87.428586905 30.417810602, -87.428802905 30.417805602, -87.429405905 30.417673602, -87.429576906 30.417667601, -87.429805905 30.417612601, -87.430490905 30.417365602, -87.430554906 30.417310601, -87.430782906 30.417200602, -87.430839905 30.417139602, -87.430966906 30.417073601, -87.431068906 30.416974602, -87.431265905 30.416820602, -87.431379906 30.416705601, -87.431550906 30.416551601, -87.431671906 30.416375601, -87.431830906 30.416259602, -87.431912906 30.416133601, -87.431982906 30.416048101, -87.432109906 30.415916102, -87.432306905 30.415627601, -87.432420906 30.415434601, -87.432540906 30.415291601, -87.432553906 30.415203601, -87.432706906 30.415038601, -87.432788906 30.414895601, -87.432864906 30.414631601, -87.432839906 30.414515601, -87.432966405 30.413864101, -87.433055906 30.4137626, -87.433118906 30.413657601, -87.433169906 30.413611101, -87.433328906 30.413393601, -87.433397906 30.413239601, -87.433448906 30.413223601, -87.433518906 30.4130966, -87.433810906 30.412887601, -87.433842906 30.4128326, -87.433893906 30.4128166, -87.434032906 30.4126786, -87.434115906 30.412640601, -87.434299906 30.4124696, -87.434546907 30.4121176, -87.434546907 30.4120626, -87.434591906 30.4120346, -87.434591906 30.4119746, -87.434750407 30.4117406, -87.434971907 30.4115016, -87.435041906 30.4113916, -87.435098906 30.4112756, -87.435155906 30.4112316, -87.435352907 30.4108246, -87.435460907 30.4106816, -87.435511907 30.4105166, -87.435530907 30.4102476, -87.435695907 30.4097686, -87.435714906 30.4095046, -87.435771907 30.4092796, -87.435758907 30.408893599, -87.435809907 30.408629599, -87.435803907 30.408178599, -87.435841906 30.408011099, -87.435860907 30.4078816, -87.435895 30.407759, -87.435956906 30.407654599, -87.435962907 30.4076016, -87.436025907 30.407546599, -87.436025907 30.407491599, -87.436127907 30.407304599, -87.436177907 30.407122599, -87.436292906 30.406616599, -87.436374906 30.406424599, -87.436444907 30.406181599, -87.436476907 30.406099599, -87.436520907 30.405730599, -87.436558907 30.405675599, -87.436622907 30.405417599, -87.436723906 30.405109599, -87.436787907 30.405026599, -87.436939906 30.404955599, -87.437047906 30.404878599, -87.437098906 30.404806599, -87.437136907 30.404691599, -87.437199907 30.404592598, -87.437250907 30.404548599, -87.437282907 30.404465599, -87.437396907 30.404339598, -87.437459907 30.404300598, -87.437605907 30.404130598, -87.437758907 30.404047598, -87.437808907 30.403965598, -87.437954907 30.403833598, -87.438018907 30.403805599, -87.438176907 30.403778598, -87.438278907 30.403712598, -87.438519907 30.403442598, -87.438690907 30.403343598, -87.439014907 30.403249598, -87.439319907 30.403139598, -87.440398908 30.402930598, -87.440816908 30.402919598, -87.441140907 30.402881598, -87.441438908 30.402798598, -87.441775908 30.402716598, -87.442397908 30.402446598, -87.443520908 30.402017598, -87.443723909 30.401907598, -87.443882909 30.401863598, -87.444205909 30.401709597, -87.444294909 30.401682597, -87.444548909 30.401571598, -87.444681909 30.401544598, -87.445087909 30.401379597, -87.445462909 30.401186597, -87.446820909 30.400614597, -87.447245909 30.400345597, -87.447549909 30.400136597, -87.44779791 30.399987597, -87.44801391 30.399888597, -87.448127909 30.399827597, -87.44833091 30.399690597, -87.44847091 30.399624597, -87.44854691 30.399563597, -87.448609909 30.399536597, -87.44881291 30.399382597, -87.44886991 30.399327597, -87.44903491 30.399217597, -87.44930191 30.398975597, -87.44938391 30.398854597, -87.44959691 30.398662097, -87.44991691 30.398304596, -87.45012641 30.397825597, -87.45015191 30.397682597, -87.450214911 30.397561597, -87.45025391 30.397407596, -87.450455911 30.396824596, -87.45050091 30.396659596, -87.450532911 30.396345596, -87.45052591 30.396054596, -87.45049391 30.395922596, -87.45049391 30.395784596, -87.45036691 30.395322596, -87.45037991 30.395190596, -87.45035491 30.395052596, -87.45036691 30.394728596, -87.45036691 30.394458596, -87.450276065 30.394230526, -87.450123717 30.393977653, -87.449972255 30.393773482, -87.449870582 30.393581445, -87.44968191 30.393133595, -87.44963691 30.392863596, -87.44966891 30.392483595, -87.44970691 30.392401596, -87.44975191 30.392159595, -87.44978291 30.392115596, -87.44981491 30.391977596, -87.450061909 30.391636595, -87.45012591 30.391581595, -87.45017691 30.391526595, -87.45023391 30.391416595, -87.45053791 30.391152595, -87.45088691 30.390800595, -87.45122291 30.390503595, -87.45130591 30.390387595, -87.451476911 30.390239594, -87.451717911 30.389986594, -87.451819911 30.389832595, -87.451901911 30.389678594, -87.45201591 30.389535594, -87.45223191 30.388836595, -87.45236491 30.388495594, -87.45261291 30.388033594, -87.45264391 30.387945594, -87.45265354 30.387804893, -87.452463704 30.387702349, -87.452372 30.387496, -87.452386 30.387445, -87.452474 30.387307, -87.452722 30.387164, -87.452842 30.38701, -87.453026 30.386422, -87.453035 30.386093, -87.453039 30.38597, -87.452963 30.385393, -87.452791 30.384815, -87.452595 30.384392, -87.452182 30.383825, -87.451528 30.383226, -87.451097 30.382764, -87.451046 30.382621, -87.451188 30.382388, -87.450989 30.382016, -87.450989 30.381856, -87.451071 30.381509, -87.451154 30.381421, -87.451236 30.381383, -87.45135 30.381339, -87.451921 30.38102, -87.452277 30.380767, -87.453351 30.379941, -87.453444 30.37987, -87.453501 30.379787, -87.453926 30.379534, -87.454305 30.379277, -87.455011 30.378797, -87.455125 30.378637, -87.455201 30.378599, -87.455493 30.378415, -87.455759 30.378247, -87.456267 30.377867, -87.4564 30.377686, -87.456516 30.377579, -87.456609 30.377493, -87.456811 30.37736, -87.457079 30.37713, -87.457276 30.376877, -87.457529 30.376569, -87.457561 30.376371, -87.458424 30.375419, -87.458582 30.375001, -87.458945 30.374631, -87.459192 30.374433, -87.459344 30.374152, -87.459427 30.373761, -87.459534 30.373591, -87.459622533 30.373312173, -87.459782 30.373145, -87.459839 30.372832, -87.460035 30.372623, -87.4602 30.372342, -87.460479 30.371627, -87.46065 30.370862, -87.460631 30.370719, -87.46065 30.37051, -87.460574 30.370213, -87.460599 30.369988, -87.460568 30.369806, -87.460637 30.369652, -87.460637 30.36958, -87.460529 30.369311, -87.460237 30.36886, -87.460218 30.368744, -87.460104 30.368607, -87.459977 30.368508, -87.459895 30.368365, -87.459888 30.3682, -87.459971 30.368013, -87.460117 30.367831, -87.460136 30.367534, -87.46025 30.367364, -87.460269 30.367155, -87.460351 30.366918, -87.460288 30.36672, -87.460351 30.366604, -87.46089 30.366142, -87.461055 30.365878, -87.461068 30.36568, -87.461201 30.365273, -87.461398 30.365047, -87.46148 30.364992, -87.461632 30.364778, -87.461778 30.364646, -87.46212 30.363898, -87.462171 30.363672, -87.46252 30.363111, -87.462647 30.362814, -87.462704 30.362297, -87.463014 30.362066, -87.463357 30.361856, -87.463585 30.361664, -87.463801 30.361422, -87.463801 30.361356, -87.463908 30.361257, -87.463947 30.361169, -87.464879 30.36036, -87.465069 30.360079, -87.46519 30.359953, -87.465532 30.359887, -87.465608 30.359854, -87.465691808 30.359890956, -87.465712236 30.359981717, -87.466150998 30.360227081, -87.466224582 30.360326682, -87.466213457 30.360378794, -87.466258043 30.360450527, -87.466536747 30.360621665, -87.466684913 30.360673587, -87.466703913 30.360612588, -87.466881914 30.360667588, -87.467173914 30.360672588, -87.46745438 30.360853515, -87.467522914 30.360815588, -87.467520499 30.360757767, -87.467431399 30.360653778, -87.467131 30.360568, -87.466909001 30.360569, -87.466770409 30.360516791, -87.467008913 30.360249588, -87.467224913 30.360337587, -87.467420914 30.360375588, -87.46760915 30.360549042, -87.467692257 30.360702477, -87.467787367 30.360759692, -87.467842043 30.360847528, -87.467911 30.360964, -87.468051 30.361432, -87.467987 30.361487, -87.467987 30.361547, -87.46807 30.361613, -87.468051 30.361745, -87.467956 30.361801001, -87.467950001 30.361866, -87.467835 30.361921, -87.467804 30.361982, -87.467709001 30.361966, -87.46765786 30.362001159, -87.467738357 30.362050124, -87.467877566 30.362113821, -87.468038 30.362020001, -87.468007001 30.361954, -87.468184 30.361866, -87.468197 30.361729, -87.468133 30.361701, -87.468121 30.361613, -87.468184 30.361487, -87.468159 30.361140001, -87.468222001 30.361113, -87.468216 30.361069001, -87.468159 30.361014001, -87.468089001 30.360997, -87.468057 30.360926001, -87.467930001 30.36081, -87.467978131 30.360762736, -87.46795094 30.360676293, -87.46772412 30.360499507, -87.467626652 30.360334364, -87.467511 30.360271, -87.466928 30.360084001, -87.466134696 30.359942222, -87.466070044 30.359875367, -87.466168895 30.359702575, -87.466105457 30.359608794, -87.465919 30.359826001, -87.465722 30.359771, -87.466578 30.358984, -87.467378 30.358429, -87.467657 30.358175, -87.470529 30.356271, -87.471257 30.35572, -87.47275 30.35459, -87.472848 30.354516, -87.47351 30.354015, -87.473954 30.353712, -87.474822 30.353008, -87.475425 30.352491, -87.475881 30.352012, -87.477631 30.350444, -87.481068 30.347153, -87.481378 30.346938, -87.482278 30.346168, -87.482862 30.345739, -87.483534 30.345177, -87.484377 30.344533, -87.485068 30.343873, -87.485338 30.343651, -87.485804 30.343268, -87.486488 30.34275, -87.486945 30.342629, -87.487154 30.342629, -87.487414 30.342733, -87.487557 30.342744, -87.487769 30.342761, -87.488407 30.342965, -87.489057 30.343173, -87.489672 30.34342, -87.48999 30.343613, -87.490269 30.343827, -87.490586 30.34414, -87.493479 30.3453, -87.493777 30.345492, -87.493929 30.34541, -87.494031 30.345311, -87.49464 30.346191, -87.494754 30.346372, -87.494957 30.346581, -87.495027 30.346828, -87.494989 30.346938, -87.494882 30.346977, -87.494831 30.346966, -87.494716 30.346757, -87.494107 30.346202, -87.493828 30.346103, -87.492712 30.345922, -87.492464 30.345911, -87.49235 30.345927, -87.492154 30.346032, -87.492084 30.346021, -87.491881 30.345939, -87.4919 30.345526, -87.49195 30.345372, -87.491754 30.345147, -87.491481 30.344888, -87.491348 30.344806, -87.490865 30.344674, -87.490618 30.344762, -87.490212 30.344982, -87.489705 30.345175, -87.489547 30.345362, -87.489477 30.345516, -87.489217 30.345588, -87.488811 30.345555, -87.488563 30.345395, -87.488437 30.34534, -87.488354 30.345357, -87.488354 30.345429, -87.488456 30.34555, -87.488468 30.345627, -87.488532 30.345693, -87.488741 30.345835, -87.488925 30.345907, -87.489211 30.345934, -87.489445 30.345813, -87.489737 30.345725, -87.489834 30.345761, -87.489931919 30.345801584, -87.490053732 30.345928193, -87.4902 30.346319, -87.490215459 30.346497793, -87.490489476 30.347091444, -87.490505 30.347353001, -87.490341 30.347887, -87.49034346 30.348070793, -87.490407233 30.34818648, -87.49061607 30.348368129, -87.490693083 30.348494515, -87.491002838 30.348709465, -87.49116109 30.34895849, -87.49118146 30.349087793, -87.491236993 30.349172522, -87.491014 30.349174, -87.490798 30.349218, -87.490411 30.349394001, -87.489987 30.349801001, -87.489983351 30.349957143, -87.490282919 30.350009585, -87.49063892 30.349910585, -87.490993919 30.349839584, -87.49135492 30.349712584, -87.491465348 30.349770705, -87.491484001 30.349822, -87.491458 30.350021, -87.49149846 30.350188793, -87.491815013 30.350679515, -87.49183546 30.350787793, -87.492057782 30.35109562, -87.49233892 30.351213585, -87.49292292 30.351301585, -87.49320192 30.351417585, -87.49352492 30.351444585, -87.49416592 30.351570585, -87.494432921 30.351587585, -87.49455892 30.351620585, -87.494879846 30.351843451, -87.495244921 30.351878585, -87.495726921 30.351768585, -87.49587192 30.351789585, -87.495999791 30.351879284, -87.496054385 30.352034566, -87.496212333 30.352199883, -87.496421895 30.352354366, -87.496766921 30.352460585, -87.497217921 30.352487585, -87.497262274 30.352526615, -87.497149001 30.352653001, -87.496972 30.352752, -87.496674 30.353033, -87.496541 30.353088001, -87.496204 30.353116, -87.495976 30.353198, -87.495879447 30.353245216, -87.495985195 30.353298376, -87.495731461 30.353393793, -87.495800478 30.353516389, -87.495748796 30.35363724, -87.495807086 30.353707112, -87.495858155 30.353819295, -87.495774001 30.353957, -87.495729 30.354117, -87.495596 30.354298001, -87.495565 30.354546, -87.49544646 30.354972793, -87.495571312 30.355128815, -87.495502001 30.355971, -87.495528 30.356482, -87.49558146 30.356704793, -87.495822737 30.357029641, -87.495885461 30.357227794, -87.496125417 30.35753776, -87.496157 30.357648001, -87.496125 30.357747001, -87.495928 30.357879001, -87.495783 30.358028, -87.495554 30.358369001, -87.495408 30.358424001, -87.495256 30.358661001, -87.495149 30.358694, -87.495060001 30.358931001, -87.494978001 30.359041001, -87.494768001 30.359167, -87.494574826 30.359422321, -87.494944767 30.359680325, -87.49468 30.360009, -87.494369 30.360218, -87.494323698 30.360291463, -87.494244461 30.360237794, -87.493963 30.360301, -87.493672 30.360499001, -87.493405 30.360609, -87.493266 30.360708, -87.493266 30.360780001, -87.493133 30.360895, -87.493018001 30.360851, -87.492955 30.360879, -87.492904 30.361, -87.49274392 30.361026195, -87.49274064 30.360963882, -87.492632 30.360906, -87.492174201 30.360846695, -87.49209692 30.360779668, -87.492093641 30.36071725, -87.491904087 30.3606583, -87.49187246 30.360590794, -87.49170746 30.360590794, -87.491835174 30.360815494, -87.492033921 30.360879587, -87.492202218 30.36104198, -87.492382274 30.361086998, -87.49234423 30.361130898, -87.492349357 30.361184461, -87.49247192 30.361187587, -87.49279492 30.361093587, -87.49313792 30.361076587, -87.493226421 30.361002587, -87.493283921 30.360939587, -87.49357492 30.360856587, -87.49375892 30.360729587, -87.49396892 30.360663587, -87.494177921 30.360647587, -87.494500921 30.360691586, -87.494565902 30.360763067, -87.49463 30.360983001, -87.49463 30.361115, -87.494772461 30.361480794, -87.494905491 30.361634774, -87.494970652 30.361793436, -87.49514027 30.361964936, -87.495399926 30.362162319, -87.495565635 30.362370692, -87.4955945 30.3624975, -87.49536 30.362732, -87.495265 30.362908, -87.49526746 30.363014354, -87.495350079 30.363087122, -87.496113196 30.363446248, -87.496302708 30.363696655, -87.496596922 30.363869587, -87.496886024 30.364109186, -87.497115935 30.364216133, -87.497241827 30.364394603, -87.497837985 30.364873237, -87.497982385 30.365056776, -87.497994 30.365167, -87.497944001 30.365371, -87.497963 30.365481, -87.4979 30.36558, -87.497944001 30.365695, -87.497735 30.365877, -87.49769946 30.366017795, -87.49776105 30.366113503, -87.497367 30.366378, -87.497285 30.366521, -87.497190001 30.366614001, -87.496822 30.366686, -87.496492001 30.367126001, -87.496410001 30.367291001, -87.496372 30.367528, -87.496309 30.367633, -87.496163 30.367759001, -87.496125 30.367853, -87.496125 30.367979, -87.496112001 30.368089, -87.495947 30.368221, -87.495916 30.368315, -87.495632461 30.368741795, -87.495747594 30.368883715, -87.495911978 30.369232309, -87.495789001 30.369448, -87.495809 30.369547, -87.495771 30.369624, -87.495631 30.369723001, -87.495709461 30.370121795, -87.495755493 30.370220445, -87.495842422 30.370254089, -87.495902921 30.370207589, -87.495952922 30.370196589, -87.496046717 30.370242068, -87.495961 30.370301, -87.495885 30.3704, -87.49582095 30.370443881, -87.496016922 30.370504589, -87.496369791 30.370732566, -87.496548994 30.370767416, -87.496649921 30.370918568, -87.496889924 30.371101325, -87.497547601 30.371298223, -87.497459 30.371329, -87.497262 30.371285, -87.49719546 30.371325795, -87.497234278 30.371397474, -87.497552923 30.371543589, -87.497647922 30.371559589, -87.497945922 30.371520589, -87.498080765 30.371556609, -87.497891 30.371636001, -87.497956296 30.371864202, -87.498068217 30.371961678, -87.498007749 30.372106151, -87.49809863 30.372165616, -87.497948 30.372247001, -87.497904 30.372302001, -87.497923001 30.372473, -87.497950406 30.372557613, -87.498033356 30.372645869, -87.498190319 30.372655942, -87.498232922 30.372593589, -87.498491923 30.372312589, -87.498643923 30.371955589, -87.498593923 30.371784589, -87.498675923 30.371658589, -87.498935923 30.371448589, -87.498986922 30.371338589, -87.499081923 30.371327589, -87.499097804 30.371138539, -87.498994153 30.371068829, -87.499080359 30.371011461, -87.499023923 30.370898589, -87.499036922 30.370832589, -87.499182923 30.370717589, -87.499250632 30.370587694, -87.499072197 30.370362672, -87.498818763 30.37022438, -87.499074922 30.370225089, -87.499169922 30.370216589, -87.499298931 30.370269939, -87.499313881 30.37032303, -87.499397923 30.370337589, -87.499429923 30.370287589, -87.499531923 30.370337589, -87.499606916 30.370407526, -87.499696923 30.370430589, -87.499778923 30.370474589, -87.500050923 30.370734589, -87.500010923 30.370519589, -87.500010923 30.370354589, -87.499721923 30.370177588, -87.499444 30.370057001, -87.499101 30.370035, -87.498486 30.370107, -87.49821475 30.370107751, -87.498142523 30.37009519, -87.498078857 30.370031264, -87.497982127 30.369989709, -87.49770846 30.369724795, -87.497287001 30.369645, -87.497046001 30.369728, -87.497019092 30.369786708, -87.497010538 30.369857568, -87.49707048 30.369915406, -87.496811 30.369932, -87.496697344 30.369887798, -87.496618922 30.369788589, -87.496634787 30.369638576, -87.496536127 30.36955659, -87.496675922 30.369535589, -87.496986922 30.369315589, -87.497030922 30.369227589, -87.497113922 30.369199589, -87.497214302 30.369232386, -87.497320707 30.369372656, -87.497424922 30.369425589, -87.497538922 30.369441588, -87.497678922 30.369392589, -87.497735922 30.369243589, -87.497992983 30.368910547, -87.497899922 30.368764589, -87.498045923 30.368682588, -87.498108922 30.368605589, -87.498127923 30.368500588, -87.498286923 30.368478588, -87.498337923 30.368445589, -87.498368923 30.368324589, -87.498447654 30.368261577, -87.498383 30.368231, -87.498268319 30.368241012, -87.498368923 30.368137589, -87.498419923 30.367972588, -87.498520922 30.367911588, -87.49853698 30.367865244, -87.498468461 30.367809794, -87.498421535 30.367845703, -87.498343922 30.367741589, -87.498476923 30.367598588, -87.498491709 30.367459558, -87.498894922 30.367405588, -87.499186922 30.367460588, -87.499319922 30.367438588, -87.499478922 30.367383588, -87.499757923 30.367223588, -87.499858923 30.367075588, -87.500004923 30.366992588, -87.500003923 30.365611588, -87.499933923 30.365309588, -87.499984923 30.365210588, -87.499984923 30.365017588, -87.499908922 30.364693588, -87.499888922 30.364297588, -87.499823068 30.363987135, -87.499761542 30.363933356, -87.499696354 30.36372787, -87.499212901 30.363217359, -87.498870461 30.362963794, -87.498659 30.362846, -87.498518753 30.362825353, -87.498371114 30.36272256, -87.498314922 30.362581587, -87.498276922 30.362416587, -87.498295922 30.362279587, -87.498250922 30.361811587, -87.498351922 30.361574587, -87.498573922 30.361343587, -87.498622072 30.361385129, -87.498865922 30.361404587, -87.499227922 30.361376587, -87.499798923 30.361546587, -87.500009923 30.361674587, -87.500364923 30.361756587, -87.500504922 30.361773587, -87.500605923 30.361773587, -87.500662922 30.361784587, -87.500789923 30.361773587, -87.501036923 30.361768587, -87.501100923 30.361757587, -87.502597923 30.361620587, -87.502794923 30.361823587, -87.502984924 30.361768587, -87.502933924 30.361669587, -87.502902423 30.361537587, -87.502933924 30.361499587, -87.503943924 30.359948586, -87.503869424 30.359937586, -87.503788423 30.359957086, -87.502768923 30.361433587, -87.502730923 30.361466587, -87.502675923 30.361487587, -87.501087923 30.361691587, -87.500872923 30.361696587, -87.500529922 30.361674587, -87.500351923 30.361657587, -87.500307923 30.361635587, -87.500168923 30.361602587, -87.500028922 30.361553587, -87.499442922 30.361277587, -87.498624718 30.361213425, -87.498546882 30.361159582, -87.498421922 30.360975587, -87.498357922 30.360557587, -87.498516922 30.360331586, -87.498617922 30.360018586, -87.499225923 30.359165586, -87.499242508 30.359019764, -87.499079922 30.358829587, -87.499066923 30.358725587, -87.499276922 30.358361586, -87.499498922 30.358161586, -87.499432922 30.357698586, -87.499331922 30.357339586, -87.499315861 30.357245589, -87.49913901 30.356990204, -87.498929821 30.356819501, -87.498219526 30.356340752, -87.497941611 30.356010436, -87.497885922 30.355876586, -87.497938921 30.355717086, -87.497929921 30.355562586, -87.497726922 30.354985585, -87.497726922 30.354847586, -87.497681922 30.354732586, -87.497725922 30.354677585, -87.498036921 30.354610586, -87.498556922 30.354412586, -87.499032922 30.354131585, -87.499171922 30.353955585, -87.499241922 30.353708585, -87.498827163 30.352533495, -87.498604345 30.352143874, -87.498282775 30.35180516, -87.498244922 30.351695585, -87.498269922 30.351282585, -87.498497922 30.350974584, -87.498776922 30.350836584, -87.499008995 30.350652021, -87.498918 30.350617, -87.498252001 30.350771, -87.49796 30.350799, -87.4974345 30.350794, -87.497129 30.350711001, -87.496723001 30.350541001, -87.496546845 30.350452325, -87.496403921 30.350161585, -87.496454921 30.350018585, -87.496650921 30.349781584, -87.49662901 30.349642203, -87.496541461 30.349569793, -87.496488 30.349589001, -87.496405001 30.349721, -87.496291 30.350068, -87.496285 30.350216, -87.496235001 30.350266001, -87.495981 30.350327001, -87.495524 30.350481, -87.495359 30.350486, -87.495102927 30.350421981, -87.495083069 30.350335519, -87.494735921 30.349760584, -87.494574159 30.349351187, -87.494331 30.349233, -87.493987999 30.349128955, -87.493796466 30.348978071, -87.49374592 30.348809584, -87.49435492 30.348418584, -87.49510292 30.347818584, -87.495660921 30.347449584, -87.496084921 30.347091584, -87.496262921 30.346860584, -87.496604921 30.346228584, -87.496673921 30.346019583, -87.496704244 30.345762477, -87.49662619 30.345621794, -87.496477 30.345543, -87.496394001 30.345597001, -87.495999001 30.345791, -87.495724229 30.345653669, -87.49575492 30.345463583, -87.496083921 30.345133583, -87.497319921 30.344346583, -87.497985921 30.343983583, -87.499101922 30.343212583, -87.499992422 30.342445082, -87.500173922 30.342349583, -87.500414922 30.342123582, -87.501049922 30.341678582, -87.501303922 30.341453583, -87.501658922 30.341277582, -87.502153922 30.340991582, -87.502711922 30.340832582, -87.502977922 30.340628582, -87.503238922 30.340463582, -87.503764923 30.340145582, -87.503942923 30.340068582, -87.504443922 30.339606582, -87.505217923 30.339144581, -87.505359923 30.339116582, -87.505427923 30.339060582, -87.505563923 30.339016581, -87.505770923 30.339038582, -87.506069923 30.339081582, -87.506260923 30.339098582, -87.506542923 30.339144581, -87.506603295 30.339205913, -87.506956924 30.339234582, -87.507064595 30.339256313, -87.507107175 30.339329491, -87.507115 30.339381, -87.507095824 30.339500792, -87.507280423 30.339558082, -87.507327411 30.339603763, -87.507358164 30.339905374, -87.507456993 30.339941269, -87.507504896 30.340025797, -87.507525462 30.340107791, -87.507572745 30.340174612, -87.507572 30.340257, -87.507424 30.340332, -87.507393 30.340524, -87.507432 30.340664, -87.507337 30.340675001, -87.50728 30.340658, -87.50694591 30.340479344, -87.506806371 30.340374854, -87.506502461 30.340049791, -87.506398 30.340014, -87.506202 30.340064, -87.505999001 30.340179, -87.505783001 30.340261, -87.505656 30.340349, -87.505453 30.340553, -87.504958 30.341229, -87.504799 30.341587, -87.504793001 30.34179, -87.504890462 30.342227792, -87.505024179 30.34246349, -87.505342923 30.342654582, -87.505587112 30.342872085, -87.505817924 30.343000583, -87.50635384 30.343367466, -87.506557202 30.343559995, -87.506684783 30.343735618, -87.506714701 30.343792346, -87.506688 30.343914, -87.506485 30.344057, -87.506434 30.344145, -87.506402 30.344261, -87.506396 30.344382, -87.506449242 30.344527174, -87.506537092 30.344605106, -87.506628924 30.344640583, -87.506901923 30.344690583, -87.507040924 30.344695583, -87.507167923 30.344607583, -87.507193923 30.344552583, -87.507205924 30.344492583, -87.507148924 30.344310583, -87.507167923 30.344261583, -87.507237924 30.344255583, -87.507300277 30.344373471, -87.507432709 30.344549653, -87.507455 30.344613001, -87.507438 30.344716, -87.507463462 30.344846792, -87.507610661 30.345210434, -87.507635168 30.345254493, -87.507776924 30.345301583, -87.507985924 30.345279583, -87.508071519 30.345306381, -87.508173731 30.345424642, -87.50823707 30.345480131, -87.508467924 30.345565583, -87.508594924 30.345582583, -87.508854925 30.345576583, -87.508924924 30.345598583, -87.508976822 30.345654124, -87.509033 30.346121, -87.509033 30.346413001, -87.509143462 30.346712792, -87.509225805 30.34682761, -87.509668745 30.347093686, -87.509922959 30.347291272, -87.510072661 30.34744225, -87.510086 30.347519001, -87.51006 30.347574, -87.509902 30.3477, -87.509743 30.347799001, -87.509502 30.348052001, -87.509407 30.348333, -87.509368 30.34852, -87.509368 30.348575, -87.5094 30.348696, -87.509406001 30.348987, -87.509444 30.349218, -87.509685 30.349857, -87.509615 30.350275, -87.509697 30.350847, -87.509697 30.350913, -87.509589 30.351083, -87.5095 30.351325, -87.509462001 30.351501001, -87.50931 30.351969, -87.509284 30.352084, -87.509347 30.352260001, -87.509309 30.35237, -87.509189 30.352607, -87.509214 30.352783001, -87.509201 30.352904, -87.509241462 30.353022792, -87.509293026 30.353104532, -87.509315 30.35319, -87.509283 30.353284, -87.509311463 30.353368793, -87.509545614 30.353660702, -87.509637409 30.353746475, -87.509657001 30.353828001, -87.509569 30.353988, -87.509524001 30.354125, -87.509499 30.354274, -87.509507463 30.354364793, -87.509590462 30.354540446, -87.509767642 30.354766688, -87.509951999 30.35505754, -87.51002861 30.355239436, -87.510084222 30.355294978, -87.510289925 30.355412585, -87.510408 30.355532, -87.510437 30.355578, -87.510519 30.355627, -87.510659 30.355672, -87.510855 30.355677, -87.510925 30.355716, -87.510963 30.35576, -87.510976 30.355875, -87.511026 30.355925, -87.511001 30.356106, -87.51102 30.356161, -87.511331 30.356365, -87.511737 30.35647, -87.51187 30.356541, -87.51194 30.356613, -87.511965 30.35669, -87.511977 30.356871, -87.511939 30.357218, -87.511907 30.357273, -87.511869 30.357454, -87.511685 30.357795, -87.511488 30.358323, -87.511476 30.358439, -87.511488 30.358505, -87.511602 30.358675, -87.511659 30.358906, -87.511691 30.358951, -87.511818 30.359083, -87.512052 30.359198, -87.51224 30.359325, -87.512395 30.359429, -87.51263 30.359462, -87.512769 30.359523, -87.513067 30.359754, -87.513162 30.359837, -87.513365 30.35998, -87.513574 30.360161, -87.51365 30.360282, -87.513688 30.360475, -87.513682 30.360827, -87.513739 30.3613, -87.513777 30.361465, -87.51384 30.361581, -87.513942 30.361702, -87.51417 30.361878, -87.514455 30.36201, -87.514525 30.362021, -87.514658 30.361977, -87.514861 30.361939, -87.515007 30.36195, -87.515407 30.361999, -87.51554 30.362032, -87.51561 30.362065, -87.515749 30.362203, -87.515787 30.362456, -87.515844 30.362632, -87.515857 30.362759, -87.515857 30.3631, -87.515806 30.363259, -87.515856 30.363512, -87.515901 30.363633, -87.515951 30.363743, -87.516021 30.363837, -87.516192 30.363975, -87.516364 30.364107, -87.516478 30.364206, -87.516516 30.364261, -87.516503 30.364321, -87.516421 30.36442, -87.516433 30.364492, -87.516554 30.364552, -87.516643 30.364558, -87.516681 30.364486, -87.516691075 30.364346804, -87.516858 30.364305, -87.516896 30.364261, -87.516966 30.364228, -87.51703 30.364261, -87.517142 30.364379, -87.517174 30.36443, -87.51722 30.364618, -87.517213 30.364789, -87.517188 30.364882, -87.517143 30.365141, -87.517219 30.365367, -87.517131 30.365488, -87.517175 30.365537, -87.517226 30.365537, -87.517283 30.365482, -87.517289 30.365416, -87.517365 30.365427, -87.517384 30.365482, -87.517264 30.365955, -87.517365 30.366131, -87.517416 30.366181, -87.517644 30.366274, -87.51786 30.366307, -87.517923 30.366302, -87.518126 30.366148, -87.518323 30.365906, -87.518393 30.365862, -87.518463 30.365851, -87.518494 30.365895, -87.518469 30.366071, -87.518526 30.366121, -87.518659 30.366198, -87.519135 30.366352, -87.519179 30.366418, -87.51916 30.366473, -87.519008 30.366588, -87.518862 30.366588, -87.518767 30.366643, -87.518729 30.366753, -87.518767 30.36688, -87.518868 30.366918, -87.519008 30.366918, -87.519128 30.366841, -87.519065 30.366797, -87.518875 30.366825, -87.518824 30.366786, -87.51883 30.366726, -87.518913 30.366687, -87.519046 30.366715, -87.519224 30.366621, -87.519325 30.3665, -87.519351 30.366418, -87.519338 30.366363, -87.519179 30.366253, -87.518919 30.366187, -87.518824 30.366132, -87.518672 30.366005, -87.518653 30.365884, -87.518685 30.365741, -87.51864 30.365697, -87.518539 30.365686, -87.518336 30.36568, -87.518165 30.365746, -87.518088 30.365812, -87.517917 30.366049, -87.51779 30.366109, -87.517663 30.36612, -87.517517 30.366043, -87.517454 30.365928, -87.517467 30.365719, -87.517511 30.365576, -87.517511 30.365301, -87.517384 30.365086, -87.517359 30.364993, -87.517372 30.364877, -87.517423 30.364712, -87.517423 30.364646, -87.517195 30.364239, -87.517138 30.364068, -87.517081 30.364024, -87.51696 30.363991, -87.516833 30.364019, -87.51663 30.363997, -87.51644 30.363898, -87.516307 30.363766, -87.516167 30.363672, -87.516053 30.363518, -87.516009 30.363177, -87.516011 30.363133, -87.516015 30.363083, -87.516053 30.363039, -87.516123 30.363045, -87.516174 30.363083, -87.516195 30.363129, -87.516275 30.363303, -87.516332 30.36338, -87.516345 30.363523, -87.516364 30.36354, -87.516409863 30.363540348, -87.516434 30.363523, -87.51658 30.363292, -87.516561 30.363238, -87.516364 30.363127, -87.516256 30.363012, -87.516206 30.362929, -87.516098 30.362599, -87.515952 30.362181, -87.515914 30.362104, -87.515838 30.361999, -87.515686 30.361878, -87.515458 30.361746, -87.515331 30.361697, -87.515198 30.361675, -87.514969 30.361691, -87.514831972 30.361669614, -87.514793 30.361672, -87.514677 30.36168, -87.514347 30.361601, -87.514284 30.361586, -87.514221 30.361559, -87.514056 30.361405, -87.514031 30.36135, -87.514081 30.361295, -87.514145 30.361267, -87.514365 30.361303, -87.514402594 30.361309492, -87.514487 30.361278, -87.514482334 30.361223946, -87.514463 30.361203, -87.514411 30.361140512, -87.514411 30.361113, -87.514437 30.361064, -87.514411 30.361014, -87.514348 30.361031, -87.514272 30.361113, -87.514221 30.361141, -87.514094 30.361152, -87.514015086 30.361189674, -87.513986 30.360998, -87.514031 30.360893, -87.514018 30.360712, -87.514031 30.360651, -87.514075 30.360618, -87.514208 30.360723, -87.514272 30.360739, -87.514329 30.360712, -87.514355 30.360665, -87.514385591 30.360599508, -87.514399 30.360541, -87.514323 30.360019, -87.514038 30.359788, -87.513843 30.359566, -87.513733 30.359441, -87.513543 30.359325, -87.513486 30.35927, -87.513435 30.359039, -87.513207 30.35877, -87.513068 30.35867, -87.512915 30.358522, -87.512795 30.358236, -87.512782 30.35812, -87.512789 30.357724, -87.512935 30.357411, -87.513246 30.357081, -87.51329 30.35685, -87.513259 30.356652, -87.513024 30.356272, -87.513005 30.356157, -87.512923 30.35587, -87.512923 30.355573, -87.512885 30.355463, -87.512777 30.355293, -87.512543 30.355089, -87.512194 30.354875, -87.511719 30.354649, -87.51168 30.354605, -87.511725 30.354544, -87.511845 30.354456, -87.512048 30.354379, -87.512321 30.354335, -87.512359 30.354269, -87.512442 30.35422, -87.512512 30.354198, -87.512778 30.35405, -87.512841 30.354039, -87.513006 30.354072, -87.513076 30.354187, -87.513184 30.354303, -87.513254 30.354418, -87.513304 30.354429, -87.513329013 30.354420402, -87.513361 30.354363, -87.513304 30.354132, -87.513298 30.353962, -87.513254 30.353885, -87.513114 30.353775, -87.513045 30.353747, -87.512886 30.353731, -87.512778 30.353659, -87.512721 30.353587, -87.51274 30.353494, -87.512778 30.353417, -87.513077 30.353093, -87.513153 30.352922, -87.513159 30.352746, -87.513115 30.352454, -87.513045 30.352306, -87.512906 30.352185, -87.512703 30.35208, -87.512576 30.352042, -87.512367 30.35202, -87.512107 30.351849, -87.511758 30.351711, -87.511701 30.351656, -87.511714 30.351596, -87.511764 30.351519, -87.512297 30.351337, -87.512526 30.351244, -87.512919 30.350958, -87.51316 30.350716, -87.513357 30.350606, -87.513687 30.35048, -87.514036 30.35054, -87.514175 30.350601, -87.514289 30.350689, -87.514518 30.350772, -87.514625 30.350832, -87.514752 30.350953, -87.514816 30.350948, -87.514816 30.350893, -87.514771 30.350761, -87.514518 30.350541, -87.514435 30.350458, -87.514125 30.35032, -87.514029 30.350221, -87.513763 30.350051, -87.513636 30.349996, -87.513357 30.349968, -87.513249 30.349919, -87.513123 30.349803, -87.513034 30.349495, -87.512698 30.348906, -87.512489 30.348631, -87.512419 30.34846, -87.512426 30.348361, -87.512591 30.34813, -87.512654 30.347894, -87.512756 30.347768, -87.512956462 30.347672792, -87.513172926 30.347635583, -87.513635926 30.347663583, -87.513920926 30.347729583, -87.514047926 30.347718584, -87.514111926 30.347696584, -87.514250926 30.347625583, -87.514422926 30.347504584, -87.514790926 30.347284583, -87.514929926 30.347157583, -87.515081926 30.346970583, -87.515247926 30.346800583, -87.515703926 30.346448583, -87.515925926 30.346376583, -87.516262926 30.346349583, -87.516636927 30.346151583, -87.516934926 30.346063583, -87.517416926 30.346041583, -87.517613927 30.345915583, -87.517955926 30.345843583, -87.518019927 30.345794583, -87.518190927 30.345563583, -87.518298927 30.345513583, -87.518368927 30.345514582, -87.518488927 30.345580582, -87.518564927 30.345574583, -87.518900927 30.345514582, -87.519230927 30.345420583, -87.519566927 30.345283583, -87.519763927 30.345151583, -87.519839927 30.345118583, -87.519947927 30.345030583, -87.520182927 30.344793582, -87.520315927 30.344584582, -87.520309928 30.344441582, -87.520271927 30.344326582, -87.520334928 30.344089583, -87.520315927 30.343974582, -87.520334928 30.343853582, -87.520404927 30.343737583, -87.520449927 30.343616582, -87.520449927 30.343501582, -87.520424428 30.343377583, -87.52049985 30.343374397, -87.520693118 30.34368248, -87.520724001 30.343859001, -87.520711 30.343975, -87.520783464 30.344153791, -87.520821859 30.344208588, -87.520873928 30.344222583, -87.520962927 30.344266583, -87.521068446 30.344384803, -87.521184928 30.344414583, -87.521520927 30.344480583, -87.521572271 30.34452562, -87.521607308 30.344615363, -87.521715222 30.344719978, -87.521856928 30.344744583, -87.521951927 30.344673582, -87.521938077 30.344549516, -87.521869927 30.344436583, -87.521863928 30.344365582, -87.521869927 30.344321582, -87.521899584 30.344257718, -87.521854299 30.344202738, -87.521568814 30.344110522, -87.521303029 30.343934182, -87.52116552 30.343819245, -87.521140928 30.343738583, -87.521146927 30.343677582, -87.521178927 30.343628582, -87.521305927 30.343529582, -87.521387927 30.343490582, -87.521502928 30.343463582, -87.521565928 30.343386582, -87.521717928 30.343336582, -87.521914928 30.343182582, -87.522047928 30.343127582, -87.522174928 30.343094582, -87.522244928 30.343056582, -87.522307928 30.342979582, -87.522517928 30.342896582, -87.522650928 30.342803582, -87.522701928 30.342737582, -87.522796928 30.342500582, -87.522802928 30.342385582, -87.522769637 30.342206433, -87.522743303 30.342145909, -87.522635081 30.342036121, -87.522502964 30.34192055, -87.522390928 30.341747582, -87.522384928 30.341686581, -87.522441928 30.341637582, -87.522783928 30.341697582, -87.523380928 30.341521582, -87.523589928 30.341406582, -87.523645312 30.341513463, -87.523912928 30.341576582, -87.523931928 30.341444582, -87.523969928 30.341384582, -87.523928532 30.341319516, -87.523718172 30.341268893, -87.523670553 30.341210437, -87.52356872 30.340979648, -87.523500928 30.340889581, -87.523494928 30.340806582, -87.523576928 30.340784582, -87.523646928 30.340790581, -87.523779928 30.340845581, -87.523923031 30.340964181, -87.524128928 30.341054581, -87.524253276 30.341178931, -87.524359742 30.341329613, -87.52439 30.341445, -87.524371 30.341506, -87.524149 30.341913, -87.524098 30.341962, -87.523883 30.342204, -87.523813 30.342496, -87.523808464 30.342674791, -87.523929811 30.342844608, -87.524058929 30.342902582, -87.524204928 30.342930582, -87.524337928 30.342930582, -87.524540929 30.342880582, -87.524660928 30.342792582, -87.524724929 30.342490582, -87.524825928 30.342380582, -87.524968031 30.342370908, -87.524996929 30.342441582, -87.524977929 30.342556582, -87.525003929 30.342716582, -87.524958928 30.342963582, -87.524958928 30.343200582, -87.525034928 30.343321582, -87.525180929 30.343431582, -87.525282929 30.343442582, -87.525339929 30.343431582, -87.525396929 30.343370582, -87.525402929 30.343304582, -87.525447929 30.343255582, -87.525554929 30.343244582, -87.525618929 30.343299582, -87.525633929 30.343360582, -87.525637929 30.343733582, -87.525725929 30.343898582, -87.525877929 30.344074582, -87.525891429 30.344201583, -87.525744929 30.344256582, -87.525617929 30.344360583, -87.525573928 30.344426582, -87.525560929 30.344487582, -87.525621429 30.344545583, -87.525478929 30.344756582, -87.525446929 30.344894582, -87.525478929 30.344955582, -87.525541929 30.345010582, -87.525820929 30.345087582, -87.525916429 30.345073582, -87.525909929 30.345021583, -87.525801929 30.344966582, -87.525636929 30.344938583, -87.525585929 30.344900582, -87.525674929 30.344707582, -87.525712929 30.344520582, -87.525782929 30.344432582, -87.525954929 30.344322582, -87.526004929 30.344240582, -87.526030929 30.344157582, -87.525992929 30.343976582, -87.525789929 30.343805582, -87.525776929 30.343750582, -87.525789929 30.343667582, -87.525846929 30.343590582, -87.525935929 30.343497582, -87.526049929 30.343431582, -87.526144929 30.343392582, -87.526157929 30.343337582, -87.526074929 30.343304582, -87.525922929 30.343332582, -87.525814928 30.343310582, -87.525802929 30.343216582, -87.525745929 30.343051582, -87.525611929 30.342991582, -87.525478929 30.342991582, -87.525339929 30.343018582, -87.525282929 30.343057582, -87.525142928 30.343183582, -87.525053929 30.343183582, -87.525072929 30.343046582, -87.525149929 30.342936582, -87.525142928 30.342875582, -87.525149929 30.342820582, -87.525244929 30.342705582, -87.525256929 30.342650582, -87.525212929 30.342446582, -87.525040262 30.342243132, -87.525001464 30.342206791, -87.524942 30.342193001, -87.524733 30.342243, -87.524558 30.3424845, -87.524276 30.342672, -87.524149 30.342721001, -87.524046024 30.342710921, -87.523975631 30.34265422, -87.523963928 30.342600582, -87.523975928 30.342534582, -87.524020928 30.342484582, -87.524096928 30.342424582, -87.524299929 30.342314582, -87.524470928 30.342011582, -87.524585429 30.341888082, -87.524699929 30.341797582, -87.524800928 30.341632581, -87.524902928 30.341615581, -87.524997929 30.341670581, -87.525073929 30.341621582, -87.525033776 30.341387622, -87.525001464 30.341343792, -87.524936001 30.341346, -87.524847 30.341440001, -87.524737032 30.341429389, -87.524699929 30.341214582, -87.524740929 30.341164581, -87.524734952 30.341080285, -87.524623929 30.340993397, -87.524623929 30.340873581, -87.524590218 30.340790664, -87.524539422 30.340727785, -87.524467 30.340714, -87.524397001 30.340763, -87.524328827 30.340756326, -87.524272465 30.340644791, -87.524179036 30.34069365, -87.524135929 30.340647581, -87.524121159 30.340528494, -87.524057403 30.340418832, -87.524012464 30.340369791, -87.523870015 30.340334934, -87.523780232 30.340285896, -87.523738 30.340345, -87.523763 30.340411, -87.523718 30.340466, -87.523275 30.340493, -87.522951 30.340543001, -87.522215 30.340729, -87.522025 30.340729, -87.521568 30.340768001, -87.521365001 30.340834, -87.521207 30.340938001, -87.52101 30.341285, -87.520915 30.341367, -87.520775001 30.34145, -87.520439 30.341592001, -87.520243 30.341642, -87.519881 30.341686, -87.519716 30.341768, -87.51945 30.341851, -87.518923001 30.341845, -87.518657 30.341806, -87.518448 30.341817001, -87.518226 30.341867, -87.517959 30.341982001, -87.517851001 30.342048, -87.517718 30.342213, -87.517705 30.342323001, -87.517743001 30.342433, -87.517737 30.342554, -87.517692001 30.342725, -87.517591 30.342857, -87.517458 30.342961, -87.517286001 30.343132, -87.517102001 30.343594, -87.517007 30.343731001, -87.516937001 30.343786, -87.516671001 30.343885, -87.516601 30.343935, -87.516474 30.343962, -87.516378624 30.343940281, -87.516216463 30.343777792, -87.516151 30.343764, -87.516011 30.343791, -87.515935 30.343830001, -87.51591 30.343885, -87.515948 30.344061001, -87.51587122 30.344121677, -87.515817463 30.344074792, -87.515766463 30.344118792, -87.515811161 30.344195494, -87.515869922 30.344227971, -87.515814001 30.344281, -87.515688 30.344281, -87.515358 30.344198, -87.515155 30.344182, -87.515022 30.344193, -87.514825 30.344259, -87.514603001 30.344402, -87.5144 30.344583, -87.514108 30.344907, -87.513969 30.344946, -87.513639 30.344940001, -87.513176 30.344775, -87.513100001 30.344764, -87.51284 30.344681, -87.512446 30.34461, -87.512187 30.344516, -87.511920001 30.344467, -87.511615 30.344466, -87.511115 30.344389, -87.510924001 30.344384001, -87.510658001 30.344411, -87.510517939 30.344401042, -87.510465282 30.344359864, -87.510428925 30.344262582, -87.510447925 30.343921583, -87.510370192 30.343687487, -87.510260963 30.343495268, -87.510065503 30.343340441, -87.509965924 30.343118583, -87.509953924 30.342826582, -87.509907586 30.342728945, -87.509927924 30.342600583, -87.509984924 30.342540583, -87.509959924 30.342364582, -87.509966925 30.342254582, -87.509991924 30.342144582, -87.509975823 30.342026489, -87.509905 30.342012, -87.509841 30.342122, -87.509727 30.342144001, -87.509702 30.342183, -87.509684462 30.342361791, -87.509723566 30.342449436, -87.509796512 30.342478015, -87.509803 30.342529, -87.509790001 30.342573, -87.509714 30.342595, -87.509321 30.342562, -87.509124 30.342535, -87.508985 30.342485, -87.509055 30.342161, -87.509087 30.341874, -87.509321 30.341605, -87.509702 30.341407, -87.509897 30.341249, -87.510267 30.340951, -87.510768 30.3405, -87.510895 30.340313, -87.511047 30.340032, -87.511333 30.33957, -87.511404 30.339206, -87.511422 30.339114, -87.51153 30.338756, -87.511682 30.338322, -87.511917 30.337513, -87.512178 30.337046, -87.512457 30.336589, -87.512679 30.336127, -87.51299 30.335764, -87.513142 30.33544, -87.513244 30.335077, -87.513422 30.334741, -87.513517 30.334593, -87.513733 30.333828, -87.514298 30.332475, -87.51452 30.331535, -87.515085 30.330253, -87.515282 30.329923, -87.515333 30.329582, -87.515435 30.329241, -87.515536 30.328306, -87.515594 30.32802, -87.515854 30.327217, -87.516121 30.326645, -87.516183 30.326527, -87.516374 30.326166, -87.516576 30.325618, -87.516686 30.325319, -87.516762 30.325099, -87.517067 30.323724, -87.517067 30.323273, -87.517105 30.322344, -87.517144 30.321628, -87.51722 30.32093, -87.517252 30.320748, -87.517411 30.320479, -87.517565 30.320375, -87.517668925 30.320313577, -87.518207925 30.320501577, -87.518553851 30.320741446, -87.518993926 30.320902578, -87.519336926 30.320974578, -87.520017812 30.321423527, -87.520823926 30.321742577, -87.520931926 30.321752577, -87.521739927 30.321767577, -87.521922927 30.321723577, -87.522271927 30.321734577, -87.522778927 30.321591577, -87.522981927 30.321492577, -87.523311927 30.321256577, -87.523440427 30.321206077, -87.523627927 30.321159577, -87.523844928 30.321179577, -87.523914928 30.321217577, -87.52401925 30.321319951, -87.524243427 30.321436577, -87.524421927 30.321493578, -87.525270928 30.321608577, -87.525340928 30.321630578, -87.525489812 30.321728527, -87.525562928 30.321741577, -87.525778928 30.321741577, -87.526279928 30.321642577, -87.526494928 30.321587577, -87.526545928 30.321554577, -87.526710928 30.321499577, -87.526919928 30.321455577, -87.527274928 30.321460577, -87.528492928 30.321576577, -87.529487929 30.321582577, -87.530134929 30.321632577, -87.530324929 30.321731577, -87.530920929 30.321769577, -87.531237929 30.321918577, -87.531459929 30.321968577, -87.53235393 30.322012577, -87.53264593 30.322149577, -87.532845779 30.322274606, -87.53311493 30.322402577, -87.533209632 30.322457404, -87.533265574 30.322548954, -87.533066 30.322496, -87.532800888 30.322356385, -87.532587982 30.322217395, -87.532567465 30.322295789, -87.532801764 30.322614625, -87.53308293 30.322710577, -87.53358993 30.322793577, -87.53367893 30.322843577, -87.533768416 30.32292647, -87.533769 30.32308, -87.533712 30.323201, -87.533598 30.32336, -87.533528 30.323531001, -87.533401 30.323674, -87.533357 30.323751, -87.533331 30.323993, -87.533371465 30.324160789, -87.533486514 30.324413437, -87.533752576 30.324737721, -87.533853265 30.32483794, -87.53433496 30.325212274, -87.534509909 30.325358091, -87.534529 30.3255, -87.534517 30.325621, -87.534453001 30.325836, -87.534263 30.326012, -87.533895 30.326111, -87.533578 30.326116, -87.533363 30.326105, -87.532976001 30.325962, -87.532659 30.325951001, -87.532575064 30.32591887, -87.532503572 30.325859433, -87.532463937 30.325772306, -87.532356465 30.325689789, -87.532212732 30.325652145, -87.532236986 30.325722541, -87.532287082 30.325767121, -87.532350689 30.325848661, -87.532421641 30.326019431, -87.53273293 30.326160578, -87.53299293 30.326215578, -87.53325293 30.326319578, -87.533354931 30.326336578, -87.53344993 30.326319578, -87.533810931 30.326479578, -87.53412193 30.326446578, -87.53424893 30.326495578, -87.534341265 30.32658694, -87.53449593 30.326639578, -87.534698931 30.326595578, -87.534857931 30.326441578, -87.534952931 30.326419578, -87.535186931 30.326435578, -87.535427931 30.326408578, -87.535548931 30.326446578, -87.535916931 30.326595578, -87.536163931 30.326650578, -87.536416931 30.326771578, -87.536638931 30.326826578, -87.536930931 30.326832578, -87.537057932 30.326804578, -87.537254931 30.326733578, -87.537314051 30.326748592, -87.537332001 30.326827, -87.537287 30.326915, -87.537275001 30.32703, -87.537308458 30.327137763, -87.537416451 30.327258799, -87.537646932 30.327321578, -87.537945932 30.327283578, -87.538090931 30.327288578, -87.538306931 30.327387578, -87.538360956 30.327429281, -87.538543332 30.327656804, -87.538615466 30.32789079, -87.538696519 30.328036377, -87.538714 30.328406, -87.538798466 30.32870579, -87.538834418 30.328751759, -87.53891 30.32917, -87.538942 30.329258, -87.538936 30.329313, -87.53898 30.329456, -87.538974 30.329511, -87.539050001 30.329957, -87.539109673 30.330167462, -87.539171932 30.330138579, -87.539168932 30.329890578, -87.539187932 30.329725578, -87.539098932 30.329417578, -87.539073932 30.329076578, -87.538997932 30.328708579, -87.538959932 30.328279578, -87.538965932 30.328224578, -87.539067932 30.328092578, -87.539079932 30.328037578, -87.539067932 30.327954578, -87.539092932 30.327899578, -87.539340932 30.327696578, -87.539733932 30.327690578, -87.539936932 30.327712578, -87.540227932 30.327635578, -87.540373932 30.327619578, -87.540462932 30.327663578, -87.540574369 30.327781857, -87.540956933 30.327899578, -87.541286932 30.328026578, -87.541549945 30.328227299, -87.541777068 30.328427286, -87.541812109 30.328320505, -87.541683855 30.328107448, -87.541278466 30.327825789, -87.540977333 30.327696096, -87.541020932 30.327652578, -87.541022067 30.327604139, -87.540946 30.327581001, -87.540851001 30.327614, -87.540648 30.327581001, -87.540590082 30.327559846, -87.540504467 30.327489789, -87.54035 30.327421, -87.540192 30.327438, -87.539932 30.327416, -87.539634 30.327328, -87.539221 30.327421, -87.539057 30.327388, -87.538908049 30.327317906, -87.538883932 30.327217578, -87.538888149 30.327039049, -87.538768298 30.326928464, -87.538737931 30.326870578, -87.538725932 30.326656578, -87.538756932 30.326573578, -87.538813931 30.326496578, -87.538814931 30.326370578, -87.538877932 30.326287578, -87.538890931 30.326232577, -87.538985932 30.326205577, -87.539131932 30.326199577, -87.539416932 30.326238577, -87.539479932 30.326205577, -87.53945207 30.326126171, -87.539241 30.326029, -87.539070074 30.325990953, -87.539034391 30.325949746, -87.538886001 30.325864, -87.538461 30.325798, -87.538321 30.325804, -87.538182 30.3258645, -87.538017 30.325952, -87.537877 30.325974, -87.537681001 30.325952, -87.537579 30.325968, -87.537383001 30.326034, -87.537269 30.326095, -87.536933 30.326117, -87.536690434 30.326045041, -87.536630739 30.325871637, -87.536547892 30.325762381, -87.536389465 30.32564679, -87.536235 30.325578, -87.535912 30.325501, -87.535727759 30.325412172, -87.535643765 30.325324121, -87.535605931 30.325219578, -87.535573368 30.324974453, -87.53545139 30.324732841, -87.535139979 30.324398248, -87.535007465 30.324292789, -87.534740843 30.324156466, -87.534534266 30.324013654, -87.53449693 30.323905577, -87.53452193 30.323761577, -87.534877931 30.323222577, -87.53489693 30.323074577, -87.534832931 30.322782577, -87.534718931 30.322474577, -87.534685732 30.32231264, -87.53454502 30.322125532, -87.534372 30.322024001, -87.534106249 30.321929849, -87.534032465 30.321839788, -87.533928 30.321842, -87.533801 30.321919, -87.53375 30.321991, -87.533719 30.322128, -87.533738 30.322343, -87.533706 30.32242, -87.533617628 30.32241366, -87.53358993 30.322375577, -87.533531344 30.322212456, -87.53343793 30.322028577, -87.53345093 30.321896577, -87.53348893 30.321792577, -87.53370493 30.321467577, -87.53371793 30.321407577, -87.534313931 30.320334577, -87.53458693 30.319663577, -87.53484093 30.319185577, -87.53502493 30.318607576, -87.53517693 30.318299576, -87.53520893 30.318184576, -87.53536693 30.317799576, -87.535493931 30.317546576, -87.53553193 30.317309576, -87.53564593 30.317051576, -87.53569093 30.317023576, -87.53582393 30.316825576, -87.535899931 30.316550576, -87.53596393 30.316435576, -87.53604593 30.316176576, -87.536235931 30.315769575, -87.536293931 30.315499576, -87.53638893 30.315318576, -87.536451931 30.315257576, -87.536565931 30.315004576, -87.53666093 30.314883575, -87.536933931 30.314757576, -87.537092931 30.314608575, -87.537168931 30.314597575, -87.537237931 30.314608575, -87.537371931 30.314685576, -87.537647213 30.314947986, -87.537735 30.314995, -87.537808931 30.315038575, -87.538024931 30.315093575, -87.538455931 30.315159575, -87.538886931 30.315329575, -87.539093356 30.315546865, -87.53924012 30.315794501, -87.539309304 30.315926462, -87.539338001 30.316045, -87.539332 30.316172, -87.5393 30.316271, -87.5393 30.316485, -87.539161 30.316584, -87.539084 30.31659, -87.537652 30.316215, -87.535585516 30.32113567, -87.536067319 30.321630895, -87.53619429 30.321454919, -87.535880052 30.321138288, -87.537852931 30.316435576, -87.539126931 30.316771575, -87.539228932 30.316688575, -87.539336932 30.316545576, -87.539577932 30.316061575, -87.539582508 30.315855436, -87.539418932 30.315494576, -87.539418932 30.315428575, -87.539450931 30.315362575, -87.539564931 30.315241575, -87.539805931 30.315082575, -87.539919932 30.315054576, -87.540103932 30.314884575, -87.540376932 30.314812575, -87.541086931 30.314758575, -87.541232932 30.314752575, -87.541593932 30.314780575, -87.541663932 30.314763575, -87.542012932 30.314609575, -87.542379932 30.314615575, -87.542880933 30.314719575, -87.543020932 30.314758575, -87.543074957 30.314800279, -87.543298989 30.314912108, -87.543593656 30.315319648, -87.543681 30.315721, -87.543690464 30.315910736, -87.543740424 30.315965817, -87.543882932 30.316001575, -87.544028933 30.316078575, -87.544159217 30.316202983, -87.544260759 30.316339627, -87.544310948 30.316379293, -87.544370933 30.316337576, -87.544330951 30.316202551, -87.544253976 30.316087253, -87.54418556 30.316031432, -87.544152883 30.315961397, -87.544083466 30.315910788, -87.543877708 30.315826213, -87.54384488 30.315792179, -87.543819933 30.315605575, -87.543857932 30.315187575, -87.543842307 30.315102904, -87.543727813 30.314987531, -87.543521333 30.314851012, -87.543468741 30.314716635, -87.543386169 30.314607029, -87.543183466 30.314419788, -87.54301 30.314335001, -87.542367829 30.314193224, -87.542162466 30.314045788, -87.542021001 30.313988, -87.541716 30.313955, -87.541437 30.313983001, -87.541349001 30.314027, -87.541234 30.314125001, -87.541006 30.314175, -87.54086 30.314169, -87.540531 30.31412, -87.54029 30.314114, -87.539795 30.314136, -87.53958 30.314219, -87.539294 30.314428, -87.53922274 30.314418388, -87.539087349 30.31432587, -87.539025429 30.314259444, -87.538872004 30.313940534, -87.538832968 30.313881264, -87.538784336 30.313841456, -87.538738552 30.313753733, -87.538630547 30.313624737, -87.538569931 30.313533575, -87.538550931 30.313327575, -87.538576931 30.313140575, -87.538607931 30.313079575, -87.538709931 30.313019575, -87.538760931 30.312947575, -87.538785931 30.312887575, -87.538836931 30.312452575, -87.538848931 30.312249575, -87.538867931 30.312144575, -87.538824431 30.311823074, -87.538836931 30.311176575, -87.538937931 30.311000574, -87.539026931 30.310912574, -87.539159931 30.310670574, -87.539248931 30.310412574, -87.539318931 30.310280574, -87.539318931 30.310109574, -87.539343931 30.309988574, -87.539470931 30.309812574, -87.539502931 30.309570574, -87.539629931 30.309350574, -87.539686931 30.309152574, -87.539686931 30.308992574, -87.539731932 30.308750574, -87.539680931 30.308508574, -87.539680931 30.308217573, -87.539617931 30.307980574, -87.539598931 30.307799574, -87.539617931 30.307738574, -87.539560931 30.307502574, -87.539553931 30.307381573, -87.539579931 30.307210574, -87.539674931 30.306913573, -87.539693931 30.306792573, -87.539661931 30.306385573, -87.539668431 30.306069074, -87.539814931 30.306071573, -87.539951094 30.306190105, -87.540046928 30.306332558, -87.5401599 30.306416366, -87.540371932 30.306523573, -87.540635817 30.30669752, -87.540980931 30.306842573, -87.541119932 30.306880574, -87.541804932 30.306699573, -87.541944932 30.306688574, -87.542216932 30.306732574, -87.542552932 30.306825573, -87.542761932 30.306842573, -87.543433932 30.306738573, -87.543573933 30.306809573, -87.543858932 30.306886573, -87.54405283 30.307016495, -87.544218853 30.307252587, -87.544414216 30.307439983, -87.544539266 30.307532599, -87.544946802 30.307808555, -87.545213272 30.308071933, -87.54546589 30.308254385, -87.545963933 30.308509573, -87.546248933 30.308592573, -87.546381933 30.308619573, -87.546660933 30.308625574, -87.546857933 30.308691574, -87.546924785 30.308733595, -87.54722223 30.309018971, -87.547748918 30.309410338, -87.547868846 30.309492464, -87.548156933 30.309637573, -87.548898934 30.309879574, -87.549234934 30.310077574, -87.549450934 30.310121574, -87.549722934 30.310143574, -87.549855934 30.310171574, -87.550001935 30.310237574, -87.550126216 30.310355985, -87.550309848 30.310482461, -87.55075513 30.310737542, -87.550843219 30.310894477, -87.550912201 30.310960997, -87.551149935 30.311079574, -87.551222897 30.311132375, -87.551249623 30.311191428, -87.551362094 30.311291108, -87.551408136 30.311367496, -87.551637935 30.311480574, -87.551704979 30.311533251, -87.551744663 30.311626427, -87.551774467 30.311785787, -87.551851021 30.311906528, -87.551922935 30.311942574, -87.552076058 30.31206488, -87.552096 30.312124, -87.552019 30.3123, -87.551848 30.312476, -87.551772 30.312581, -87.551696 30.312724, -87.551531 30.3129, -87.551506 30.312966, -87.551512 30.313076, -87.551533467 30.313138788, -87.551844727 30.313551642, -87.55205917 30.313750029, -87.552187156 30.313969492, -87.552814709 30.314794651, -87.552858864 30.314915543, -87.552949935 30.314968575, -87.553007496 30.315023394, -87.55304 30.315144, -87.552964 30.315199001, -87.552812 30.315227, -87.552748 30.315266001, -87.552742 30.315321, -87.552782467 30.315620788, -87.552859577 30.315796431, -87.552935021 30.315917529, -87.553321398 30.316335835, -87.553746 30.316677221, -87.553936816 30.316782414, -87.553975498 30.316863436, -87.553985 30.316971, -87.553972 30.317031, -87.553839 30.317207, -87.553832001 30.317455001, -87.553769 30.317625001, -87.553687 30.317917, -87.5536105 30.318079001, -87.553382 30.318203, -87.553312 30.318335, -87.553333468 30.318392788, -87.553441531 30.318519749, -87.553576936 30.318588576, -87.554008935 30.318786576, -87.554139153 30.318905046, -87.55417722 30.318989286, -87.554054 30.319287, -87.553927 30.319452001, -87.553896 30.319573001, -87.553889 30.319875, -87.553910467 30.319932788, -87.554012545 30.32005374, -87.554134936 30.320111576, -87.554553936 30.320188576, -87.554927936 30.320232576, -87.555440936 30.320260576, -87.555656936 30.320244576, -87.556322936 30.320293576, -87.556396674 30.320320742, -87.556445 30.320459, -87.556432 30.320514, -87.556311 30.320679001, -87.556292 30.320756, -87.556292 30.320921, -87.556345156 30.321059949, -87.55639595 30.321100293, -87.556460168 30.321209489, -87.556527 30.321399, -87.556502 30.321757, -87.556432 30.322059, -87.55638088 30.322054082, -87.556256468 30.321918788, -87.555925001 30.321724001, -87.555766001 30.321685, -87.555443001 30.321669, -87.555189 30.321713, -87.555132 30.321746, -87.554948 30.321955, -87.554732 30.322114, -87.554606 30.322164, -87.554377 30.322147, -87.5542 30.322158, -87.554092 30.322202, -87.553978 30.322323, -87.553946 30.322411, -87.553978 30.322615001, -87.553813 30.322719, -87.553744833 30.322702323, -87.553682462 30.322578792, -87.553555468 30.322435789, -87.55342 30.322373, -87.553223 30.322373, -87.553052001 30.322406, -87.552932 30.322472, -87.552786 30.322620001, -87.552627 30.322917, -87.552621001 30.323093, -87.552564 30.32333, -87.552462001 30.323649, -87.55246529 30.32383197, -87.552555936 30.323841577, -87.552600936 30.323780577, -87.552631936 30.323368577, -87.552682936 30.323236577, -87.552745936 30.322873577, -87.552917935 30.322653576, -87.553088936 30.322521576, -87.553189936 30.322499577, -87.553291935 30.322526577, -87.553384101 30.322607101, -87.553423159 30.322672492, -87.553530455 30.322793797, -87.553652936 30.322856576, -87.553792936 30.322889577, -87.553880935 30.322867576, -87.554020936 30.322801576, -87.554109936 30.322614577, -87.554185936 30.322383576, -87.554248936 30.322367576, -87.554324936 30.322372576, -87.554506308 30.322556906, -87.554648936 30.322631576, -87.554813936 30.322614577, -87.555218936 30.322416576, -87.555269937 30.322405577, -87.555338287 30.322446103, -87.555297 30.322521, -87.555138 30.322637, -87.554923 30.322752001, -87.554802 30.322862, -87.554777 30.323044001, -87.554811468 30.323129788, -87.554855598 30.323183709, -87.555072936 30.323297576, -87.555567936 30.323462576, -87.555770936 30.323539577, -87.555833937 30.323539577, -87.556005936 30.323467576, -87.556093937 30.323401577, -87.556239936 30.323269577, -87.556429936 30.323253577, -87.556696936 30.323352577, -87.556864914 30.323476349, -87.556954366 30.323569861, -87.557214654 30.32389968, -87.557468672 30.32404597, -87.557497 30.324144, -87.557465 30.324408001, -87.557510001 30.324898, -87.557543414 30.324982647, -87.557696397 30.325147838, -87.557773579 30.325323432, -87.557834777 30.325363621, -87.557913937 30.325318577, -87.558027937 30.325283577, -87.558237937 30.325321577, -87.558459937 30.325299577, -87.558890938 30.325216577, -87.558894428 30.325109816, -87.558826886 30.325035423, -87.558774055 30.324884081, -87.558708 30.324848, -87.558174281 30.324843611, -87.558095532 30.324773748, -87.558046937 30.324716577, -87.558002937 30.324573577, -87.558008937 30.324287577, -87.557989937 30.324171577, -87.558000926 30.323954561, -87.557956171 30.323889029, -87.557651494 30.323607772, -87.557321417 30.323228761, -87.556908135 30.323005474, -87.556873937 30.322950577, -87.556886936 30.322906576, -87.557000937 30.322813576, -87.557222937 30.322719576, -87.557362937 30.322642576, -87.557469937 30.322620577, -87.557767937 30.322675577, -87.557837937 30.322670577, -87.557901937 30.322609577, -87.557970937 30.322433576, -87.557958937 30.322218576, -87.557924391 30.322100842, -87.557816765 30.321984625, -87.557729937 30.321866576, -87.557723937 30.321751576, -87.557882937 30.321448576, -87.558097937 30.321217576, -87.558516937 30.320975576, -87.558566937 30.320915576, -87.558598937 30.320860576, -87.558566937 30.320497576, -87.558649937 30.320200576, -87.558630937 30.320024576, -87.558596784 30.319911617, -87.558563819 30.319868523, -87.558362469 30.319734788, -87.55784 30.319490001, -87.557738 30.319474, -87.557358 30.319314, -87.557199 30.319287, -87.556914 30.319303001, -87.556578 30.319364, -87.556432 30.319424, -87.556312 30.319435, -87.556096 30.319496, -87.556039 30.319496, -87.555898243 30.319446653, -87.555767775 30.319334625, -87.555572468 30.319212788, -87.555486918 30.319188056, -87.555421931 30.319116472, -87.555409936 30.318863575, -87.555421936 30.318621576, -87.555408012 30.318491532, -87.555263936 30.318263576, -87.555422936 30.318054575, -87.555453936 30.317851576, -87.555574936 30.317444575, -87.555599936 30.317256576, -87.555548936 30.316970575, -87.555534526 30.316731751, -87.555338035 30.316500525, -87.555301936 30.316442575, -87.555308936 30.316376575, -87.555441936 30.316255575, -87.555751936 30.316046575, -87.555808936 30.315953575, -87.555777936 30.315601575, -87.555815936 30.315480575, -87.555967936 30.315326575, -87.556043936 30.315188575, -87.556049936 30.315067575, -87.555997632 30.31488869, -87.555872936 30.314732575, -87.555853936 30.314594575, -87.555891936 30.314473575, -87.555859936 30.314302574, -87.555885936 30.314176575, -87.555859936 30.314000575, -87.555891936 30.313813574, -87.555866936 30.313642574, -87.555782014 30.31340353, -87.55567347 30.313232786, -87.555568936 30.313114574, -87.555527974 30.312953231, -87.55545 30.312922, -87.555324849 30.31290532, -87.555251936 30.312757574, -87.555352935 30.312520575, -87.555473936 30.312355574, -87.555561936 30.312174574, -87.555834936 30.311816574, -87.556348936 30.311409574, -87.556392936 30.311332574, -87.556646936 30.311167574, -87.556867936 30.311041574, -87.557013937 30.310864574, -87.557223937 30.310776574, -87.557432936 30.310666574, -87.557628937 30.310507574, -87.557838937 30.310441573, -87.557964936 30.310479574, -87.558037818 30.310527523, -87.558178367 30.310674858, -87.558451038 30.310901174, -87.558529936 30.310941574, -87.558865937 30.311057574, -87.559128979 30.311264251, -87.559465166 30.311572034, -87.559752937 30.311739574, -87.559953018 30.311902201, -87.56020728 30.312154928, -87.560434961 30.312331277, -87.560779937 30.312476574, -87.56104382 30.31265052, -87.561192937 30.312713574, -87.561499816 30.312914531, -87.561851938 30.313103574, -87.562460938 30.313389574, -87.563316938 30.313725575, -87.563772938 30.313797574, -87.564089938 30.313802574, -87.564267939 30.313796574, -87.564406938 30.313835574, -87.564539938 30.313846575, -87.564615939 30.313835574, -87.564932939 30.313846575, -87.565230939 30.313796574, -87.565535938 30.313829574, -87.566169939 30.313736574, -87.566517939 30.313736574, -87.566892939 30.313675574, -87.567304939 30.313554574, -87.567494939 30.313521574, -87.567874939 30.313373574, -87.56823694 30.313197574, -87.568546939 30.313076574, -87.568876939 30.312861574, -87.568958939 30.312828574, -87.56914994 30.312691573, -87.56929494 30.312603573, -87.56982194 30.312195573, -87.57004294 30.312008573, -87.57015094 30.311810574, -87.57055694 30.311414573, -87.57064594 30.311255573, -87.57073394 30.311123573, -87.57096294 30.310903574, -87.57128594 30.310397574, -87.57138094 30.310171573, -87.571659941 30.309615573, -87.57169794 30.309522573, -87.57184994 30.309208573, -87.571951941 30.308950573, -87.57199594 30.308862573, -87.57207194 30.308653573, -87.57210394 30.308504573, -87.57234494 30.307805573, -87.57236394 30.307640573, -87.57243994 30.307376573, -87.57245194 30.307145572, -87.572489941 30.306848572, -87.572489941 30.306546572, -87.572546941 30.306326573, -87.57261694 30.306133573, -87.57266794 30.305880572, -87.57280694 30.305308572, -87.57285794 30.305143572, -87.57285794 30.305044572, -87.57290194 30.304945572, -87.572971941 30.304884572, -87.57309194 30.304818572, -87.573243941 30.304807572, -87.57352294 30.304818572, -87.57363694 30.304758572, -87.57378994 30.304620572, -87.57390394 30.304450572, -87.573915941 30.304345572, -87.57406194 30.304054572, -87.574137941 30.303663571, -87.574283941 30.303328572, -87.574346941 30.303245572, -87.574422941 30.303190572, -87.57484194 30.303085571, -87.575031941 30.302981572, -87.575101941 30.302909572, -87.575246941 30.302744571, -87.575354941 30.302574572, -87.575399941 30.302315571, -87.575475941 30.302156571, -87.575487941 30.302051571, -87.575532441 30.302006071, -87.575576941 30.301980571, -87.575627941 30.301974571, -87.575741941 30.301996571, -87.575998951 30.302192294, -87.576153941 30.302255572, -87.576565941 30.302255572, -87.576869941 30.302293571, -87.577015941 30.302365571, -87.577228986 30.302533246, -87.577642026 30.303187525, -87.57780629 30.303352921, -87.577887837 30.30340849, -87.578101903 30.303641067, -87.578172 30.303911, -87.578146001 30.304092001, -87.578191 30.304796001, -87.578313471 30.305189786, -87.578351343 30.305236697, -87.578523471 30.305684786, -87.578618743 30.305811635, -87.578695537 30.305981431, -87.578860195 30.306273481, -87.578917521 30.306399432, -87.579069345 30.306696453, -87.579208836 30.306894594, -87.579386275 30.307224465, -87.579569828 30.307483598, -87.579710227 30.307736474, -87.58017911 30.308522502, -87.580290001 30.308856, -87.580398001 30.309356, -87.580482471 30.309710787, -87.580544448 30.309790743, -87.580552471 30.309864787, -87.580648167 30.310029489, -87.580723471 30.310233787, -87.580806886 30.310354575, -87.580857472 30.310552787, -87.581175298 30.311152461, -87.581269472 30.311482786, -87.581340079 30.311597511, -87.581453472 30.312054787, -87.581600435 30.312356441, -87.581717001 30.312679, -87.581743 30.312778001, -87.581717001 30.31291, -87.581738471 30.312989787, -87.581803357 30.313115452, -87.581865359 30.313181867, -87.5820298 30.313287574, -87.582110429 30.313361458, -87.582149 30.313504, -87.582155 30.31357, -87.58206 30.313933, -87.581946 30.314153, -87.581978001 30.314356, -87.581889 30.314643, -87.58187 30.314885, -87.581973471 30.315272788, -87.582051568 30.31544843, -87.582081471 30.315574787, -87.582171571 30.31577843, -87.582240471 30.316185788, -87.582514331 30.316713456, -87.582622655 30.316977426, -87.582868996 30.317362537, -87.583039147 30.317517056, -87.583369949 30.318016553, -87.583610645 30.318319685, -87.583870069 30.318540142, -87.584016203 30.318677001, -87.584075944 30.318696575, -87.584339281 30.318957931, -87.584460826 30.3191276, -87.584613138 30.319386497, -87.584693 30.31962, -87.584699 30.319813, -87.584572 30.320143, -87.58449 30.320237, -87.584262 30.320594, -87.58416 30.320721001, -87.584097001 30.320858, -87.583938001 30.321403, -87.583951 30.321606, -87.583913001 30.321766, -87.583862 30.321887, -87.583723001 30.322035, -87.583679 30.322168, -87.583596 30.322624, -87.583615001 30.3228, -87.583605472 30.322918788, -87.583674388 30.323085279, -87.583666001 30.323295, -87.583694452 30.323506626, -87.583786759 30.323603172, -87.583825001 30.323708001, -87.583761 30.323807, -87.583578 30.323895, -87.583501 30.32395, -87.583440472 30.324018788, -87.583472286 30.324065163, -87.583683944 30.324092576, -87.583794259 30.324140959, -87.583884472 30.324419788, -87.583973704 30.324535656, -87.584207772 30.324679646, -87.584386434 30.324773783, -87.584430073 30.324843515, -87.584557571 30.325134431, -87.584582473 30.325228789, -87.584709297 30.325527281, -87.584612 30.326001, -87.584548 30.326134, -87.584466 30.32664, -87.584472001 30.326739001, -87.584409 30.32703, -87.584194 30.327487, -87.584117 30.327575001, -87.583585 30.32781, -87.583168 30.328361, -87.582529 30.32904, -87.581694 30.329719, -87.581056 30.331416, -87.580687 30.332435001, -87.579680001 30.33288, -87.578673 30.333283, -87.577936 30.333686, -87.577584394 30.333979895, -87.577631 30.333885, -87.577581001 30.333836, -87.577346 30.333792, -87.577168 30.333698, -87.577067 30.333709, -87.576889001 30.333798001, -87.576655 30.333814, -87.576598 30.33377, -87.576566001 30.333693, -87.576515 30.33366, -87.576445 30.333671, -87.576217001 30.333803, -87.575989 30.333952, -87.575653 30.334056, -87.575551 30.334128, -87.575469 30.334271, -87.575513 30.334469, -87.575513 30.33459, -87.575475 30.334645, -87.5751645 30.334650501, -87.575127 30.334579001, -87.575063 30.334595, -87.574936 30.334733, -87.574886 30.334826, -87.574816001 30.33481, -87.574822 30.334705001, -87.574683001 30.334524, -87.574594 30.334507001, -87.574232 30.334502, -87.574023 30.334584, -87.57375 30.334623, -87.573662001 30.334662, -87.573459 30.334667, -87.573332 30.33459, -87.5733065 30.3344795, -87.573059 30.334469, -87.572799 30.334436001, -87.572349 30.334189, -87.57193 30.33409, -87.57174 30.334062001, -87.571023 30.334057001, -87.570865001 30.334046, -87.570719 30.334068, -87.571112001 30.33415, -87.57122 30.334134, -87.571436 30.33415, -87.571607 30.334145001, -87.571943001 30.334194, -87.572209 30.33426, -87.572349 30.334359, -87.572653 30.334491, -87.572958 30.334552001, -87.573148 30.334552001, -87.573237 30.334618, -87.5733415 30.334760501, -87.573484 30.334788, -87.573592 30.334766, -87.57382 30.334683, -87.574074 30.334661, -87.574264 30.334617, -87.574562 30.334606001, -87.574632 30.334617, -87.574708001 30.334672, -87.574708001 30.334738, -87.574575001 30.334711, -87.574518001 30.334722, -87.574461 30.334766, -87.574448 30.334848, -87.574518001 30.334986, -87.574588 30.335008, -87.57486 30.33498, -87.575088001 30.334799, -87.575602 30.334733, -87.575666 30.334661, -87.575697 30.334524, -87.575653 30.334359, -87.575666 30.334287, -87.575767 30.334210001, -87.575894 30.334185501, -87.575938 30.334221, -87.576027001 30.334359, -87.576103 30.334375, -87.576515 30.334304, -87.576782 30.334238, -87.576864 30.334199, -87.576997001 30.334221, -87.577067 30.334304, -87.577276 30.334463, -87.577530001 30.334601001, -87.577525001 30.334909001, -87.577596 30.335118, -87.577569 30.335534001, -87.577463001 30.335752, -87.577441 30.335973001, -87.577313 30.336206, -87.577264 30.336401, -87.577215 30.336485001, -87.576636 30.3363675, -87.576072 30.336312, -87.576065 30.335893, -87.574911 30.336174, -87.574708001 30.336191, -87.574391 30.336141001, -87.57318 30.336097, -87.573174001 30.336213, -87.57486 30.336312, -87.575146 30.336279001, -87.575957 30.336064, -87.575996001 30.336372, -87.576997943 30.336484579, -87.577220977 30.336614114, -87.577130001 30.336802001, -87.577154139 30.337029044, -87.577263219 30.337045869, -87.577229 30.337259001, -87.5770915 30.3372845, -87.577032001 30.337358, -87.577048471 30.33740979, -87.577116728 30.337505618, -87.577116 30.337569, -87.577130001 30.33771, -87.577088 30.337759, -87.577081 30.337857, -87.577004 30.337864001, -87.576865843 30.337915661, -87.576907083 30.337952128, -87.577034734 30.337968336, -87.577069471 30.33807779, -87.577189264 30.338356283, -87.576962104 30.338334934, -87.576788472 30.33814179, -87.576666 30.338131, -87.576533 30.338096, -87.576385 30.338082001, -87.576237001 30.338110001, -87.576013 30.338332, -87.575958 30.338358, -87.575127 30.338226, -87.574157 30.338083, -87.573573 30.338089, -87.573593 30.34063, -87.573713001 30.340608, -87.5737 30.340217, -87.57507 30.340195001, -87.575127 30.340217, -87.576402 30.340927, -87.576478001 30.340833, -87.575102 30.340107, -87.573688 30.340118, -87.573656 30.33821, -87.574119 30.338144, -87.574296 30.338171, -87.57455 30.338232, -87.574791 30.33833, -87.574949001 30.338369, -87.575127 30.338374001, -87.57547 30.338418, -87.575765943 30.338511579, -87.576070943 30.338500579, -87.576311943 30.33839058, -87.576558942 30.338418579, -87.576659943 30.338412579, -87.576747999 30.338461426, -87.576738 30.338589, -87.576497 30.338836, -87.5763 30.339133, -87.575692 30.339266001, -87.575609 30.339310001, -87.575602186 30.339353681, -87.575683943 30.339370579, -87.575949943 30.33934258, -87.576209942 30.33927158, -87.576349943 30.339337579, -87.576457943 30.339221579, -87.576590943 30.33903958, -87.576602943 30.33898458, -87.576641943 30.33894058, -87.576751554 30.338956179, -87.576784841 30.339020596, -87.576850943 30.339028579, -87.576907943 30.338847579, -87.576996943 30.338786579, -87.577074039 30.338852974, -87.577114471 30.33896579, -87.57716908 30.339028949, -87.577182 30.339095, -87.577087 30.339199, -87.576998 30.339221, -87.576757 30.339199, -87.5767 30.339221, -87.576711804 30.339265237, -87.576945943 30.33934758, -87.577116943 30.339364579, -87.577173943 30.33934758, -87.577345943 30.339182579, -87.577395943 30.33915558, -87.577497943 30.339188579, -87.577577201 30.339263005, -87.577622598 30.339317713, -87.577843863 30.339472443, -87.578028352 30.339663875, -87.578150943 30.339694579, -87.578210765 30.339730663, -87.578426888 30.339884401, -87.578732251 30.340180959, -87.578943943 30.340293579, -87.579111805 30.340401561, -87.579385358 30.340686871, -87.579562847 30.340808475, -87.579728245 30.340967964, -87.579844944 30.34103658, -87.580135944 30.34112958, -87.580286044 30.341254174, -87.580323086 30.341310489, -87.58031825 30.341447251, -87.580106001 30.341410001, -87.579967001 30.341416001, -87.579833 30.34146, -87.57963 30.34157, -87.57937 30.341652, -87.579269001 30.341669001, -87.579003001 30.341669001, -87.578939 30.341691001, -87.578743 30.341823, -87.578489 30.342082, -87.578337 30.342159001, -87.578121569 30.342166737, -87.578065746 30.34210041, -87.578001 30.342065, -87.577791 30.342137, -87.5778105 30.342260501, -87.577703 30.342324001, -87.577714206 30.34239279, -87.577833943 30.34240058, -87.577916944 30.34237358, -87.577979943 30.34233458, -87.578036943 30.34233458, -87.578131528 30.342377931, -87.578232069 30.342540518, -87.578296944 30.34257658, -87.578373972 30.342559326, -87.578409422 30.342716549, -87.578561308 30.342870911, -87.578807944 30.343058309, -87.579235944 30.34330258, -87.579408522 30.343468372, -87.579453 30.343578, -87.579396 30.343721001, -87.579257 30.343886, -87.579155 30.344078, -87.579170472 30.34422979, -87.579201356 30.344281413, -87.579149 30.344387, -87.579155027 30.344466256, -87.579229944 30.34449158, -87.57930144 30.344581542, -87.579308 30.344722001, -87.5792315 30.344876, -87.579048 30.345124, -87.57901 30.345272001, -87.579003001 30.345509001, -87.578965 30.345608, -87.578902 30.345679, -87.578788 30.345899, -87.57868 30.346235, -87.57868 30.346356001, -87.578720471 30.346468791, -87.578930166 30.346831493, -87.578971889 30.346878077, -87.5789845 30.346999001, -87.578902 30.347021, -87.578674001 30.347038, -87.578572001 30.347082, -87.578496 30.347131, -87.578407 30.347302, -87.578369 30.347495, -87.578376 30.347583, -87.578369 30.347638001, -87.578281 30.347665, -87.578202117 30.3476382, -87.578039016 30.347651772, -87.578028777 30.347531046, -87.577964 30.347500001, -87.577913 30.347511, -87.577659 30.347852, -87.577659 30.347979, -87.577627 30.348067, -87.577539 30.348166001, -87.577406 30.348204, -87.577164 30.348193, -87.576968 30.348094, -87.576625 30.347979, -87.576346 30.34794, -87.576251 30.347896, -87.575972 30.347841001, -87.575914976 30.347814017, -87.575808814 30.347696542, -87.575515 30.347511, -87.575401001 30.347506, -87.575281 30.347555, -87.575211001 30.34766, -87.575143621 30.347665775, -87.575101942 30.347561581, -87.575101942 30.347440581, -87.575151943 30.347324582, -87.575380943 30.347038581, -87.575398349 30.346952458, -87.575250927 30.346667334, -87.575200471 30.346628791, -87.574887 30.346571, -87.574786 30.346582001, -87.574729001 30.346692001, -87.574555718 30.346709432, -87.574502471 30.346672791, -87.574380001 30.34662, -87.574290636 30.34664281, -87.574154471 30.346534791, -87.573944965 30.346488622, -87.573886473 30.34634756, -87.573790001 30.346323, -87.573747235 30.346349396, -87.573786031 30.3464433, -87.573752 30.346565001, -87.573806268 30.346654717, -87.573892086 30.346762489, -87.573873 30.346846, -87.573822 30.346896, -87.573752 30.346896, -87.573703225 30.346870983, -87.573634471 30.346804791, -87.573505 30.346764, -87.573333001 30.346808, -87.57327 30.346923, -87.573264 30.347121001, -87.573226001 30.347231, -87.57313 30.347314001, -87.572915 30.347374, -87.57285618 30.347415572, -87.572989942 30.347445581, -87.573147942 30.347467581, -87.573230942 30.347412581, -87.573306942 30.347319581, -87.573369942 30.347154581, -87.573382942 30.347044582, -87.573452942 30.346945581, -87.573553942 30.346923582, -87.573642943 30.346956582, -87.573734792 30.347014592, -87.573864943 30.347038581, -87.573934943 30.347027582, -87.574038169 30.346844516, -87.574003942 30.346752581, -87.574041942 30.346703581, -87.574130943 30.346708581, -87.574390943 30.346768581, -87.574581943 30.346840581, -87.574803943 30.346851581, -87.575031943 30.346779581, -87.575152261 30.346808172, -87.575173 30.347000001, -87.575141 30.347165, -87.575067065 30.347153297, -87.575011719 30.347064138, -87.574906 30.347071, -87.574875 30.347154001, -87.574919001 30.347291, -87.574913 30.347346, -87.574875 30.347435, -87.574792 30.347528, -87.574788472 30.347585791, -87.574814379 30.347635453, -87.574949943 30.347693581, -87.574988957 30.347737029, -87.575042788 30.347877349, -87.575107943 30.347907581, -87.575223364 30.347898509, -87.575255 30.347985, -87.575262001 30.348051001, -87.575097 30.34832, -87.575054472 30.348487791, -87.575137302 30.348682282, -87.575137472 30.349043791, -87.575181277 30.349144282, -87.574989 30.349255001, -87.574824 30.349382, -87.574735 30.349563, -87.574621001 30.349662, -87.574311 30.349844001, -87.574203 30.349948, -87.574057001 30.350141001, -87.573848 30.350284, -87.573632 30.350372, -87.5734635 30.350553501, -87.573372 30.350719001, -87.573334 30.350856, -87.573347 30.351131001, -87.573404 30.351500001, -87.573385001 30.351588, -87.57334 30.351725, -87.573245 30.351907, -87.57315 30.352182, -87.573158452 30.352267517, -87.573194559 30.352303337, -87.573201 30.35238, -87.573112 30.352474, -87.573115295 30.35252552, -87.573186943 30.352556582, -87.573275942 30.352550582, -87.573392943 30.352437583, -87.573459942 30.352451583, -87.573594392 30.352533035, -87.573668943 30.352528583, -87.573733942 30.352438083, -87.573801943 30.352429583, -87.573876589 30.352474778, -87.573877943 30.352341582, -87.573928943 30.352324582, -87.574106942 30.352319582, -87.574283943 30.352247582, -87.574366943 30.352170583, -87.574467943 30.352027582, -87.574537942 30.351989582, -87.574594943 30.351972582, -87.574679311 30.352014292, -87.574691 30.352138, -87.574666 30.352259001, -87.574508001 30.352457, -87.574476 30.352523001, -87.574393 30.3526, -87.574178 30.352749, -87.573905 30.352848, -87.573461 30.352903, -87.573182 30.352996001, -87.573112 30.353040001, -87.572916 30.353205, -87.572846001 30.353310001, -87.572706 30.35364, -87.572672942 30.353826583, -87.572691942 30.353931582, -87.572729943 30.354002583, -87.572825942 30.354101583, -87.572920442 30.354154083, -87.572888942 30.354214583, -87.572742942 30.354200583, -87.572622943 30.354107583, -87.572565943 30.353997583, -87.572539943 30.353832583, -87.572425942 30.353777583, -87.572361942 30.353870583, -87.572336942 30.354030583, -87.572400942 30.354107583, -87.572666942 30.354294583, -87.572768942 30.354426583, -87.572837943 30.354492583, -87.573009942 30.354552583, -87.573193942 30.354558583, -87.573453943 30.354640583, -87.573529943 30.354728583, -87.573554943 30.354882583, -87.573462942 30.355012084, -87.573300942 30.355009583, -87.573154943 30.354959583, -87.573085942 30.354915583, -87.572894943 30.354756583, -87.572748942 30.354602583, -87.572717942 30.354536583, -87.572584942 30.354420583, -87.572330943 30.354261583, -87.572127942 30.354184583, -87.572095942 30.354145583, -87.572057942 30.353939583, -87.571975942 30.353854583, -87.571860942 30.353802083, -87.571746942 30.353799583, -87.571511942 30.353920583, -87.571334942 30.353942583, -87.571163942 30.353920583, -87.570909942 30.353749583, -87.570753941 30.353685083, -87.570636942 30.353661583, -87.570306942 30.353672583, -87.570218941 30.353628583, -87.569989942 30.353612583, -87.569888942 30.353584583, -87.569761941 30.353518583, -87.569659941 30.353447583, -87.569685941 30.353364583, -87.569653941 30.353243582, -87.569602941 30.353188583, -87.569431942 30.353106583, -87.569285941 30.353084583, -87.569190942 30.353128583, -87.569203941 30.353194583, -87.569158941 30.353216583, -87.569019941 30.353199582, -87.568936941 30.353150583, -87.568866941 30.353018582, -87.568797941 30.352946583, -87.568740941 30.352919583, -87.568600942 30.352919583, -87.568518441 30.352971583, -87.568632941 30.353073583, -87.568778941 30.353122583, -87.568822941 30.353282583, -87.568867942 30.353332583, -87.569025942 30.353348583, -87.569165942 30.353331583, -87.569348942 30.353282583, -87.569463941 30.353298583, -87.569520441 30.353359083, -87.569494941 30.353436583, -87.569577941 30.353563583, -87.569716941 30.353673583, -87.569894941 30.353744583, -87.570148942 30.353815583, -87.570376941 30.353815583, -87.570484941 30.353793583, -87.570655941 30.353813083, -87.570782942 30.353942583, -87.571042942 30.353997583, -87.571080942 30.354030583, -87.571188942 30.354074583, -87.571309942 30.354090583, -87.571454942 30.354096583, -87.571531942 30.354079583, -87.571695942 30.353936583, -87.571803942 30.353909583, -87.571873943 30.353914583, -87.571911942 30.354002583, -87.571905942 30.354068583, -87.571835942 30.354096583, -87.571791943 30.354156583, -87.571378942 30.354266583, -87.571220942 30.354382583, -87.570947942 30.354487583, -87.570820942 30.354580583, -87.570706942 30.354701583, -87.570693942 30.354789583, -87.570744942 30.354954583, -87.570782942 30.355015583, -87.570767442 30.355078584, -87.570614941 30.355015084, -87.570592941 30.355064583, -87.570617941 30.355130583, -87.570751942 30.355312583, -87.570776942 30.355521583, -87.570928942 30.355455583, -87.570966942 30.355405583, -87.570890942 30.355251583, -87.570912942 30.355191083, -87.571030942 30.355169583, -87.571118942 30.355166583, -87.571201942 30.355268583, -87.571309942 30.355565583, -87.571277942 30.355642583, -87.570791942 30.355821583, -87.571197942 30.355817583, -87.571426942 30.355796083, -87.571499942 30.355653583, -87.571499942 30.355570583, -87.571543942 30.355389583, -87.571512942 30.355240583, -87.571467942 30.355130583, -87.571340942 30.354987583, -87.571226942 30.354910583, -87.571118942 30.354789583, -87.571093942 30.354734583, -87.571125942 30.354685583, -87.571353942 30.354558583, -87.571455942 30.354542583, -87.571651942 30.354431583, -87.571784942 30.354409583, -87.572032943 30.354409583, -87.572133942 30.354426583, -87.572254942 30.354464583, -87.572400942 30.354558583, -87.572444942 30.354607583, -87.572450942 30.354695583, -87.572400942 30.354734583, -87.572127942 30.354767583, -87.571873943 30.354663583, -87.571835942 30.354773583, -87.571677942 30.354828583, -87.571613942 30.354894583, -87.571613942 30.354949583, -87.571664941 30.354971583, -87.571966442 30.354886083, -87.571949942 30.354960583, -87.571842943 30.355081583, -87.571873943 30.355218583, -87.571994942 30.355427583, -87.572064942 30.355449583, -87.572152942 30.355433583, -87.572634942 30.355146583, -87.572825942 30.355086583, -87.572932942 30.355091583, -87.573123943 30.355212583, -87.573294943 30.355207583, -87.573453943 30.355229583, -87.573605943 30.355152583, -87.573706942 30.354849583, -87.573706942 30.354698583, -87.573641726 30.354516648, -87.573533274 30.35437394, -87.573228704 30.354071659, -87.573129943 30.353942583, -87.573078943 30.353777583, -87.573072943 30.353650583, -87.573110942 30.353452582, -87.573218942 30.353265583, -87.573268943 30.353232583, -87.573389942 30.353205582, -87.5734712 30.353234192, -87.573502992 30.353306761, -87.573410001 30.35337, -87.573341 30.353376, -87.573298471 30.353466791, -87.573420193 30.353680488, -87.573482471 30.353900792, -87.573572493 30.354093441, -87.573627962 30.354138283, -87.573833943 30.354250583, -87.573876415 30.35429683, -87.573927586 30.354412434, -87.573939207 30.354576846, -87.574100943 30.354976583, -87.574296943 30.355152583, -87.574322943 30.355234583, -87.574347943 30.355443583, -87.574410943 30.355581583, -87.574512943 30.355674583, -87.574534943 30.355741583, -87.574593943 30.355759583, -87.574652943 30.355758583, -87.574632943 30.355680583, -87.574575943 30.355564583, -87.574442943 30.355421583, -87.574398943 30.355317583, -87.574391943 30.355267583, -87.574429943 30.355174583, -87.574315943 30.355009583, -87.574198942 30.354932083, -87.574239942 30.354767583, -87.574206055 30.354511524, -87.574017943 30.354206583, -87.574017943 30.354140582, -87.574068943 30.354041583, -87.574080942 30.353832583, -87.574131942 30.353711583, -87.574283943 30.353491582, -87.574416943 30.353161582, -87.574664943 30.352698582, -87.574917943 30.352445583, -87.574981943 30.352352583, -87.575000943 30.352269583, -87.574994943 30.352077582, -87.574954531 30.351865437, -87.574797943 30.351516582, -87.574752942 30.351356583, -87.574816943 30.351274582, -87.574981943 30.351318583, -87.575062581 30.351377285, -87.575138942 30.351347083, -87.575336943 30.351021582, -87.575342943 30.350834582, -87.575463443 30.350561582, -87.575596943 30.350454582, -87.575710943 30.350404582, -87.575843943 30.350283582, -87.575919943 30.350096582, -87.576274943 30.349959582, -87.576389943 30.349882582, -87.576553943 30.349475082, -87.576610218 30.349490609, -87.576654177 30.349565491, -87.576792101 30.349687108, -87.576921944 30.349640581, -87.577111443 30.349611082, -87.577327943 30.349601581, -87.577562944 30.349629582, -87.577702943 30.349601581, -87.577917943 30.349474582, -87.577962944 30.349331581, -87.578038944 30.349282582, -87.578190943 30.349304582, -87.578393944 30.349375582, -87.578472771 30.349423648, -87.57857598 30.349468735, -87.578614487 30.349548441, -87.578761944 30.349634581, -87.578902792 30.349783148, -87.578909 30.349854, -87.578814 30.349843001, -87.578712 30.349876, -87.578689471 30.349972791, -87.578737322 30.350049677, -87.578799944 30.350085582, -87.578907943 30.350085582, -87.579078944 30.349997582, -87.579157944 30.349915082, -87.579611944 30.349705582, -87.580023944 30.349595581, -87.580372944 30.349452582, -87.580524944 30.349348582, -87.580670945 30.349276582, -87.580860945 30.349029581, -87.580936945 30.348753582, -87.580936945 30.348616582, -87.580903046 30.348448525, -87.580822944 30.348319582, -87.580796944 30.348242581, -87.580822944 30.348148581, -87.580822944 30.347862581, -87.580860945 30.347697581, -87.580929944 30.347510581, -87.580974944 30.347246581, -87.580961944 30.347087581, -87.580790944 30.346614581, -87.580788232 30.346517976, -87.580739976 30.346471057, -87.580752944 30.346251581, -87.580802944 30.346163581, -87.580777944 30.345981581, -87.580809945 30.345832581, -87.580923944 30.345706581, -87.580980944 30.345552581, -87.581081945 30.345442581, -87.581195944 30.345167581, -87.581195944 30.344842581, -87.581157944 30.34465558, -87.581316945 30.34442458, -87.581341944 30.344364581, -87.581354944 30.34420458, -87.581607944 30.34393558, -87.581677944 30.34380858, -87.581709944 30.34368758, -87.581677944 30.34359458, -87.581702945 30.34345658, -87.581652944 30.343313581, -87.581652944 30.34323658, -87.581702945 30.34312658, -87.581842944 30.34295058, -87.581931944 30.34289558, -87.582089944 30.34282958, -87.582203945 30.34276358, -87.582501945 30.34269158, -87.582590945 30.34268658, -87.582717945 30.34262058, -87.582784904 30.342631337, -87.582776 30.342697, -87.582728472 30.342776791, -87.582766719 30.342826651, -87.582882945 30.34285158, -87.583047944 30.34282358, -87.583117945 30.34279658, -87.583440945 30.34261458, -87.583554945 30.34253758, -87.583668945 30.34242158, -87.583789945 30.34225658, -87.583814945 30.34220158, -87.583814945 30.34193758, -87.583780098 30.341825112, -87.583539472 30.341615791, -87.583252 30.341536, -87.583186018 30.341504895, -87.583033624 30.340900431, -87.582951945 30.34070558, -87.582919944 30.34050758, -87.582951944 30.340199579, -87.582938945 30.340051579, -87.582980444 30.33998808, -87.583351945 30.339891579, -87.583604945 30.339880579, -87.583775945 30.33990258, -87.584055945 30.340006579, -87.584202545 30.340167932, -87.584114942 30.340182536, -87.584045003 30.340104359, -87.584015472 30.34017479, -87.584079175 30.34028449, -87.584239945 30.34033658, -87.584318928 30.340395335, -87.584454945 30.340424579, -87.584644945 30.340408579, -87.584904945 30.34033158, -87.585063945 30.340232579, -87.585133945 30.34016058, -87.585183945 30.340072579, -87.585221946 30.339946579, -87.585278946 30.339269579, -87.585342945 30.339044579, -87.585309276 30.338760469, -87.585272945 30.338667579, -87.585277548 30.338590434, -87.585202945 30.338422579, -87.585196945 30.338362579, -87.585269445 30.338285079, -87.585353943 30.338295325, -87.585420944 30.338374068, -87.585538945 30.338350579, -87.585583945 30.338306579, -87.585665945 30.338147579, -87.585633945 30.338053579, -87.585652946 30.337998579, -87.585728945 30.337894579, -87.585779945 30.337855579, -87.585842946 30.337784579, -87.585906945 30.337751579, -87.585950946 30.337701579, -87.586020945 30.337468079, -87.58620436 30.337503428, -87.586254333 30.337557615, -87.586353945 30.337537079, -87.586400946 30.337437579, -87.586373085 30.337358127, -87.586305734 30.337299505, -87.586293946 30.337239578, -87.586356945 30.337140579, -87.586445945 30.337096578, -87.586514946 30.337030579, -87.586527945 30.336975578, -87.586511942 30.336918098, -87.58639 30.33686, -87.586339001 30.336871, -87.586187 30.336937001, -87.586111 30.337042001, -87.586100473 30.33709379, -87.586184472 30.337266768, -87.58613 30.337361001, -87.585965001 30.337421, -87.585762 30.337372, -87.585699 30.337399, -87.585604 30.337388, -87.585541601 30.337348188, -87.585541577 30.337236984, -87.585452817 30.337195323, -87.585430945 30.337151579, -87.585576945 30.337041579, -87.585804945 30.336992579, -87.585982945 30.336992579, -87.586064945 30.336931579, -87.586115945 30.336849579, -87.586216946 30.336761579, -87.586356945 30.336717579, -87.586590946 30.336667579, -87.587459945 30.336364578, -87.587675946 30.336326578, -87.587833946 30.336359578, -87.587986946 30.336419579, -87.588271946 30.336414579, -87.588506946 30.336524579, -87.588594946 30.336513579, -87.588696946 30.336474579, -87.588816946 30.336369578, -87.588835946 30.336309578, -87.588772946 30.336023578, -87.588778946 30.335968578, -87.588924946 30.335874579, -87.588994946 30.335869579, -87.589330947 30.335935578, -87.589488946 30.335896578, -87.589603946 30.335841578, -87.589628947 30.335792578, -87.589742946 30.335715578, -87.590008946 30.335654578, -87.590053947 30.335627579, -87.590053947 30.335352579, -87.590173946 30.335280578, -87.590211947 30.335225578, -87.590262946 30.335120578, -87.590262946 30.335032578, -87.590313946 30.334988578, -87.590459947 30.334988578, -87.590738946 30.335104578, -87.590877947 30.335104578, -87.590979946 30.335065578, -87.591048947 30.334988578, -87.591137946 30.334939578, -87.591203001 30.334939578, -87.591203001 30.335055, -87.591173473 30.33510679, -87.591217345 30.335180415, -87.591216 30.335258, -87.591159 30.335258, -87.591013001 30.335214001, -87.590841 30.335231, -87.590677 30.33533, -87.590645 30.335379, -87.5906711 30.335641719, -87.590793091 30.33573412, -87.590849174 30.335817514, -87.591048947 30.335681578, -87.591169947 30.335621578, -87.591480947 30.335582578, -87.591549947 30.335544578, -87.591587947 30.335500578, -87.591554104 30.335388105, -87.591410695 30.335262509, -87.591397947 30.335208578, -87.591403947 30.335153578, -87.591505947 30.335120578, -87.591625947 30.335131578, -87.591828947 30.335241578, -87.591962947 30.335280578, -87.592038947 30.335280578, -87.592120947 30.335241578, -87.592076947 30.335104578, -87.592098947 30.335043078, -87.592298947 30.335142578, -87.592399947 30.335153578, -87.592488947 30.335114578, -87.59255035 30.335012455, -87.592478673 30.334875591, -87.5923 30.334829, -87.592084 30.334928001, -87.591992629 30.334919501, -87.592006947 30.334828578, -87.592107947 30.334784578, -87.592152947 30.334740578, -87.592156165 30.334683041, -87.592042474 30.334578789, -87.591983001 30.334543001, -87.59183 30.334592001, -87.59178 30.334642001, -87.591763473 30.334732789, -87.591832777 30.334867329, -87.591773001 30.334906, -87.591707394 30.334885082, -87.591686759 30.334832685, -87.591623473 30.334793789, -87.591399 30.334752, -87.591336 30.334769, -87.591301001 30.3348295, -87.591219235 30.334829363, -87.591207947 30.334746578, -87.591226947 30.334697578, -87.591410947 30.334653578, -87.591473947 30.334625578, -87.591581947 30.334455578, -87.591676946 30.334383578, -87.591746947 30.334361578, -87.592075947 30.334300578, -87.592145947 30.334306578, -87.592633947 30.334449578, -87.592786947 30.334520578, -87.592976947 30.334575578, -87.593135947 30.334570578, -87.593585947 30.334674578, -87.593883947 30.334680578, -87.594073947 30.334707578, -87.594143155 30.334723398, -87.594192836 30.334792599, -87.59424 30.334955001, -87.594183 30.335285, -87.594107001 30.335533, -87.594076001 30.335824, -87.594095 30.335907, -87.594057 30.336198, -87.593981 30.336457, -87.593803 30.336704001, -87.593468 30.337073001, -87.593366 30.337238001, -87.593239 30.337552, -87.593195 30.337623, -87.593115358 30.337651104, -87.593057474 30.33761479, -87.592865 30.337524, -87.592751 30.337524, -87.592415 30.337563, -87.592225 30.337651, -87.592117 30.3377385, -87.591819001 30.337915, -87.591559 30.337959001, -87.591413 30.338014001, -87.591324 30.33808, -87.591301473 30.338176789, -87.591352946 30.338253556, -87.591415703 30.338335658, -87.591525947 30.338393579, -87.591628558 30.338493339, -87.591642 30.338581, -87.591616 30.338729, -87.591642 30.338867, -87.591493216 30.338916197, -87.591449947 30.338872579, -87.591544947 30.338745579, -87.591563947 30.338663578, -87.591555101 30.33861711, -87.591449237 30.338537895, -87.591369 30.338531001, -87.591267 30.338713, -87.591204 30.338795, -87.591187473 30.33884179, -87.591256377 30.338959408, -87.591255001 30.339004, -87.591090001 30.339285001, -87.591074623 30.339418457, -87.591312988 30.3393891, -87.591378383 30.339485451, -87.591403316 30.339578225, -87.591441102 30.339612109, -87.591773947 30.339653579, -87.591861947 30.339675579, -87.591942083 30.33974413, -87.592058947 30.339741579, -87.592134947 30.339702579, -87.592210947 30.339620579, -87.592236947 30.339526579, -87.592159947 30.339246579, -87.592197947 30.339037579, -87.592189668 30.338990676, -87.592103447 30.338861579, -87.592235947 30.338707579, -87.592235947 30.338580579, -87.592267947 30.338530579, -87.592483947 30.338426579, -87.592654948 30.338294579, -87.592685948 30.338244578, -87.592701947 30.338069079, -87.592793624 30.338079464, -87.593032588 30.33836872, -87.593098947 30.338404579, -87.593478947 30.338415579, -87.593960948 30.338475578, -87.594150948 30.338409579, -87.594258948 30.338415579, -87.59434728 30.338442376, -87.594440747 30.338566637, -87.594485228 30.338609981, -87.594585085 30.338650087, -87.594597 30.338695, -87.594527 30.338750001, -87.59436222 30.338739874, -87.594294243 30.338687765, -87.594235001 30.338679001, -87.594147 30.338707, -87.594007 30.338806, -87.594003473 30.33887479, -87.59406133 30.338984459, -87.594104293 30.339028925, -87.594214948 30.338992579, -87.594325948 30.338916079, -87.594407206 30.338981873, -87.594426 30.339108, -87.594337 30.339180001, -87.594147 30.339207, -87.594109 30.339268, -87.594058 30.339295, -87.593861001 30.339361, -87.593817 30.339411, -87.593785 30.339526, -87.593811 30.339653, -87.593805 30.339735001, -87.593697001 30.339818, -87.593697001 30.339988, -87.593767 30.340186, -87.593633 30.340379, -87.593583 30.34061, -87.593621 30.341028, -87.593596 30.341105001, -87.593623473 30.34136079, -87.593688299 30.341481465, -87.593746948 30.341512579, -87.594079838 30.341735497, -87.59430828 30.341960936, -87.594379415 30.342103447, -87.594517986 30.342214252, -87.594751797 30.342362587, -87.594856948 30.342403579, -87.595097948 30.342452579, -87.595236948 30.34251858, -87.595361225 30.342636985, -87.595471948 30.34268858, -87.595609046 30.342802175, -87.595953949 30.34300258, -87.596072423 30.343131825, -87.596274762 30.34325368, -87.596492948 30.34334358, -87.596613949 30.34341458, -87.596714948 30.34344258, -87.596797949 30.343458579, -87.597051949 30.34345358, -87.597197262 30.343508222, -87.597047001 30.343596001, -87.596983 30.343657, -87.597004221 30.343708138, -87.597093099 30.343786113, -87.597225949 30.34380808, -87.597349948 30.343496579, -87.597482949 30.34343658, -87.597685949 30.34348058, -87.597958949 30.34362358, -87.598008949 30.34363458, -87.598148949 30.34371158, -87.598256949 30.34374958, -87.598554949 30.34376058, -87.598744949 30.34376058, -87.599156949 30.343826579, -87.59930295 30.343826579, -87.599683949 30.34387058, -87.60001995 30.34388158, -87.600114201 30.343908366, -87.60014264 30.343946654, -87.600129 30.344024, -87.599882 30.344266, -87.599831 30.344437001, -87.599857 30.344558001, -87.599776475 30.34493479, -87.599878489 30.345050782, -87.599923465 30.345143442, -87.599996 30.3454, -87.599984 30.345598001, -87.599908 30.34568, -87.599597001 30.345911, -87.599527 30.346054001, -87.599344 30.346307, -87.599166001 30.346434, -87.599109 30.346456, -87.598868001 30.346665, -87.598596 30.347094, -87.598481 30.347441, -87.598515437 30.347685507, -87.598560261 30.347729953, -87.598669247 30.347791636, -87.598724392 30.347885403, -87.598754 30.348266, -87.598788475 30.34835079, -87.598935097 30.348592511, -87.599061474 30.348933791, -87.599176081 30.349120516, -87.599247949 30.349156581, -87.599523915 30.349358362, -87.599588226 30.349502283, -87.599510001 30.349872, -87.599548 30.350086001, -87.599586 30.350213, -87.599574 30.350378, -87.599675 30.350741, -87.599656 30.350906, -87.59958 30.35106, -87.599479001 30.351132001, -87.599187 30.35106, -87.598952 30.351082, -87.598863001 30.351143001, -87.598809014 30.351248806, -87.59888095 30.351280582, -87.599191949 30.351197581, -87.59929295 30.351203581, -87.599394603 30.351265703, -87.599409 30.351324, -87.5992 30.35161, -87.599136 30.35183, -87.599092 30.352078, -87.599086 30.352326, -87.599162 30.352738, -87.599202475 30.352867791, -87.599253947 30.352944559, -87.599399037 30.353065188, -87.59951595 30.353106582, -87.59974495 30.353150582, -87.600016949 30.353125582, -87.60031495 30.353194582, -87.60060695 30.353205582, -87.600841951 30.353271582, -87.60108895 30.353238582, -87.601139951 30.353259581, -87.601233345 30.353378114, -87.601173 30.353447, -87.600939 30.353865, -87.600869001 30.353931, -87.6003935 30.3541375, -87.600266 30.354261, -87.6001365 30.354435, -87.599968 30.354405001, -87.599899 30.354427001, -87.599791 30.35457, -87.5995975 30.354897001, -87.599493 30.354905001, -87.599195 30.354883001, -87.599093 30.354933, -87.598979 30.355026, -87.598732 30.355071, -87.598541 30.35517, -87.598497 30.355258, -87.598548 30.3554255, -87.598466 30.355445, -87.598326 30.355406, -87.598231 30.355417, -87.5982595 30.355563, -87.598161 30.355637, -87.598146326 30.355759419, -87.59837495 30.355648583, -87.59885095 30.355587582, -87.59895295 30.355549582, -87.59916195 30.355554582, -87.59952295 30.355477582, -87.59970095 30.355389583, -87.59999295 30.355141582, -87.60012595 30.355081582, -87.60021495 30.355108582, -87.600269116 30.355156096, -87.600536555 30.355251121, -87.600579346 30.355322415, -87.600571 30.355483, -87.600584 30.355697, -87.600546001 30.35584, -87.600426 30.355912001, -87.6003245 30.355923001, -87.600301475 30.355996791, -87.60032752 30.356051438, -87.60039295 30.356076582, -87.600569951 30.356087582, -87.60062695 30.356076582, -87.600677951 30.356032583, -87.60076695 30.355851582, -87.60087495 30.355586582, -87.600943951 30.355212582, -87.60091195 30.355069582, -87.600918951 30.354987582, -87.601026951 30.354926582, -87.60114095 30.354723582, -87.60122295 30.354668582, -87.601476951 30.354657582, -87.60157795 30.354662582, -87.60163495 30.354679582, -87.601716993 30.354740181, -87.6017285 30.354814501, -87.601656 30.354998, -87.601586 30.355097, -87.601485001 30.355383001, -87.601479 30.355598, -87.601434001 30.355801, -87.601428 30.35595, -87.601443475 30.356073792, -87.601558291 30.356287468, -87.601634098 30.356414512, -87.601823517 30.356634765, -87.60214681 30.356844559, -87.602441951 30.356939583, -87.602739951 30.356967583, -87.603164951 30.357082583, -87.603513951 30.357274582, -87.604052952 30.357467582, -87.604661951 30.357549583, -87.604900977 30.357653722, -87.604938038 30.357730297, -87.60493 30.357792, -87.604867 30.357902001, -87.604765 30.35799, -87.604613 30.358067, -87.604524 30.358149, -87.604417 30.358342, -87.604379001 30.358518, -87.604341 30.3586, -87.603941 30.359035, -87.603871001 30.359244, -87.603789001 30.359387, -87.603745 30.359431, -87.603707001 30.359547001, -87.603593 30.359607, -87.603554 30.359695, -87.603358001 30.359904, -87.603104 30.360014001, -87.602996 30.360097, -87.602984 30.360152, -87.603003 30.360284, -87.602908 30.360444, -87.60292301 30.36050139, -87.603254951 30.360625583, -87.603337951 30.360586583, -87.6033278 30.36052904, -87.603185951 30.360449919, -87.603248951 30.360421584, -87.603305951 30.360432583, -87.603616952 30.360586583, -87.603665238 30.360632976, -87.603778797 30.360705591, -87.604009951 30.360795584, -87.604121839 30.3608705, -87.604181951 30.360894583, -87.604276951 30.360872583, -87.604320951 30.360828584, -87.604374951 30.360696584, -87.604453951 30.360657583, -87.604524346 30.360662188, -87.604551 30.361048, -87.604462 30.361334, -87.604437 30.361516, -87.604399311 30.361582698, -87.604276952 30.361653584, -87.604238951 30.361697584, -87.604238951 30.361785584, -87.604283952 30.361873584, -87.604226451 30.362079583, -87.604162951 30.362115583, -87.603991952 30.362076584, -87.603908952 30.362115583, -87.603908952 30.362170583, -87.603959952 30.362313584, -87.603940951 30.362407584, -87.603864951 30.362462584, -87.603725951 30.362489584, -87.603655951 30.362423583, -87.603598951 30.362286584, -87.603515951 30.362231584, -87.603407951 30.362220583, -87.603306951 30.362236584, -87.603280951 30.362286584, -87.603312951 30.362341584, -87.603503952 30.362407584, -87.603630951 30.362544584, -87.603636952 30.362605584, -87.603598951 30.362654584, -87.603490951 30.362737584, -87.603369952 30.362786584, -87.603300451 30.362748084, -87.603382951 30.362621584, -87.603382951 30.362561583, -87.603350951 30.362495584, -87.603243951 30.362445584, -87.603109951 30.362440584, -87.602963951 30.362489584, -87.602900951 30.362528584, -87.602856951 30.362611584, -87.602818951 30.362748584, -87.602818951 30.362808584, -87.602944952 30.362836584, -87.603122951 30.362825584, -87.603198951 30.362885584, -87.603192951 30.362968584, -87.603129952 30.363083584, -87.603052952 30.363122584, -87.603014951 30.363199584, -87.602932951 30.363238584, -87.602704951 30.363419584, -87.602474951 30.363653584, -87.602477 30.363919, -87.602495142 30.364308459, -87.602622951 30.364365584, -87.602692451 30.364349584, -87.602742951 30.364167584, -87.602730451 30.364068584, -87.602904951 30.363989084, -87.603069951 30.364322084, -87.603123952 30.364316584, -87.603135951 30.364261584, -87.603135951 30.364134584, -87.603116951 30.364013584, -87.603116951 30.363843584, -87.603234451 30.363876584, -87.603313952 30.364052584, -87.603383951 30.364123584, -87.603446952 30.364156584, -87.603649951 30.364205584, -87.603735951 30.364173085, -87.603751951 30.364101584, -87.603719952 30.364051584, -87.603624951 30.363996584, -87.603523201 30.363956834, -87.603871952 30.363875584, -87.604023951 30.363958584, -87.604093952 30.363936584, -87.604321951 30.363512584, -87.604391952 30.363243584, -87.604473952 30.363143584, -87.604535951 30.362886584, -87.604435952 30.363023584, -87.604289951 30.363105584, -87.604061952 30.363375584, -87.603839951 30.363551084, -87.603782951 30.363611584, -87.603763951 30.363694584, -87.603586951 30.363787584, -87.603529952 30.363798584, -87.603427951 30.363787584, -87.603427951 30.363699584, -87.603459951 30.363639584, -87.603522951 30.363567584, -87.603605952 30.363523584, -87.603693952 30.363430584, -87.603909951 30.363276584, -87.604194952 30.362924584, -87.604442952 30.362703584, -87.604663952 30.362346584, -87.604771951 30.362230584, -87.604815952 30.362087584, -87.604815952 30.361972584, -87.604923952 30.361834584, -87.604917952 30.361554584, -87.605031952 30.361075584, -87.605094952 30.360739584, -87.605100951 30.360387584, -87.605113952 30.360140583, -87.605170952 30.359997583, -87.605214952 30.359722583, -87.605265951 30.359650583, -87.605366952 30.359601583, -87.605696952 30.359562583, -87.605867952 30.359496583, -87.605967452 30.359430083, -87.606121952 30.359215583, -87.606337952 30.359089583, -87.606360952 30.359028583, -87.606460952 30.358969583, -87.606511452 30.358926083, -87.606549952 30.358822333, -87.606536951 30.358731583, -87.606543285 30.358677916, -87.606591952 30.358627083, -87.606692952 30.358301583, -87.606786952 30.358242083, -87.606807952 30.358180083, -87.606810952 30.358101583, -87.606823452 30.358032083, -87.606819829 30.35793516, -87.606659329 30.357720461, -87.606601169 30.357608018, -87.606577452 30.357540083, -87.606579952 30.357471583, -87.606555609 30.357347432, -87.606495951 30.357223083, -87.606494952 30.357162583, -87.606519952 30.357065583, -87.606509952 30.356843583, -87.606475437 30.356719947, -87.606331951 30.356420583, -87.606282952 30.356228582, -87.606255952 30.356047582, -87.606226603 30.355970011, -87.606188296 30.355908926, -87.606150476 30.355870792, -87.60608671 30.355823771, -87.606085951 30.355771582, -87.606138952 30.355728582, -87.606367951 30.355457082, -87.606482452 30.355277082, -87.606627952 30.355163582, -87.606735451 30.355111582, -87.606802952 30.355097582, -87.606885451 30.355096082, -87.60696491 30.355144878, -87.607083956 30.355230937, -87.607188952 30.355272582, -87.607299952 30.355300582, -87.607367952 30.355293582, -87.607459952 30.355265582, -87.607523452 30.355257582, -87.607642952 30.355274582, -87.607779952 30.355312582, -87.607867952 30.355351083, -87.608185453 30.355422582, -87.608283702 30.355422582, -87.608453952 30.355435582, -87.608649953 30.355408582, -87.608831952 30.355427582, -87.608927952 30.355449582, -87.609172953 30.355566582, -87.609266453 30.355568082, -87.609346258 30.355604441, -87.609392781 30.355651146, -87.60947186 30.355704461, -87.60966336 30.355798627, -87.609989132 30.35599432, -87.610099953 30.356002582, -87.610248953 30.355966582, -87.61030269 30.355969321, -87.610414111 30.356125078, -87.610447321 30.356186462, -87.610711317 30.356813605, -87.610953745 30.357092653, -87.611147271 30.357427972, -87.611319914 30.357778681, -87.611427925 30.357849353, -87.611513911 30.357967572, -87.611576531 30.358003464, -87.611605119 30.358082448, -87.611717845 30.358256627, -87.611767519 30.358314764, -87.611911349 30.358445383, -87.611975729 30.358531409, -87.612038499 30.358597292, -87.612072208 30.358670243, -87.612288408 30.35889684, -87.612337958 30.358981795, -87.612420853 30.359061907, -87.612472308 30.359137634, -87.612530522 30.359205763, -87.612620241 30.359285974, -87.61266694 30.359352456, -87.612697693 30.359416304, -87.612779133 30.359491103, -87.612845725 30.359583529, -87.612890647 30.359676546, -87.612936612 30.359743804, -87.613160954 30.359873582, -87.613292733 30.359922757, -87.613521954 30.360057583, -87.613596341 30.360104283, -87.613636044 30.360137484, -87.613711957 30.360276556, -87.613915261 30.360475957, -87.613990583 30.360576679, -87.614017931 30.360662487, -87.614209955 30.360758583, -87.614329924 30.360841992, -87.614663954 30.360761583, -87.614716955 30.360742583, -87.614992954 30.360609583, -87.615129954 30.360548583, -87.615192954 30.360529583, -87.615426954 30.360551583, -87.615750954 30.360674583, -87.616136955 30.360802583, -87.616256955 30.360877583, -87.616274954 30.360944083, -87.616183955 30.360960583, -87.615907955 30.360855583, -87.615634955 30.360774583, -87.615451001 30.360745, -87.615123 30.360733, -87.615050249 30.360738376, -87.614938001 30.360792, -87.614882 30.360829001, -87.6148315 30.360905, -87.614825927 30.360974318, -87.6148691 30.361026121, -87.615051888 30.361118062, -87.615116326 30.361164752, -87.615196954 30.361199083, -87.615533955 30.361241084, -87.615648955 30.361265583, -87.615729954 30.361274583, -87.615928955 30.361279583, -87.615981955 30.361274583, -87.616109955 30.361242583, -87.616172455 30.361217083, -87.616247454 30.361154583, -87.616284455 30.361089083, -87.616333955 30.361052583, -87.616395955 30.361027333, -87.616484954 30.361020833, -87.616542955 30.361031583, -87.616720704 30.361126583, -87.616993455 30.361260583, -87.617096955 30.361338583, -87.617200956 30.361402583, -87.617296205 30.361493833, -87.617306955 30.361554584, -87.617115955 30.362056334, -87.617032955 30.362052583, -87.617004955 30.362156583, -87.617204955 30.362198584, -87.617338955 30.361841583, -87.617479955 30.361534583, -87.617620956 30.361730583, -87.617835955 30.361891583, -87.618170955 30.362111583, -87.618390956 30.362214583, -87.618806955 30.362462583, -87.619130955 30.362617583, -87.619522956 30.362612583, -87.619622955 30.362655584, -87.619658955 30.362764584, -87.619772956 30.362805583, -87.619876956 30.362814583, -87.619933956 30.362844584, -87.620047956 30.362886583, -87.620213956 30.362886583, -87.620330956 30.362913583, -87.620401956 30.362949583, -87.620447956 30.363006583, -87.620360956 30.363071083, -87.620427956 30.363192584, -87.620383956 30.363368583, -87.620076456 30.363448584, -87.620098956 30.363544584, -87.620155956 30.363588584, -87.620231956 30.363781583, -87.620301456 30.363859084, -87.620358956 30.363962584, -87.620422956 30.364039583, -87.620517956 30.364127584, -87.620694956 30.364204584, -87.620840956 30.364138584, -87.621024956 30.363962584, -87.621138956 30.363698584, -87.621106956 30.363549584, -87.621049956 30.363511584, -87.620967956 30.363495583, -87.620650956 30.363621583, -87.620459956 30.363676583, -87.620310955 30.363668584, -87.620364956 30.363616583, -87.620428956 30.363539583, -87.620548956 30.363528583, -87.620516956 30.363418583, -87.620580956 30.363341584, -87.620586956 30.363280583, -87.620580956 30.363192584, -87.620600206 30.363110083, -87.620711456 30.363060084, -87.620808456 30.363034584, -87.620920456 30.362974084, -87.620975206 30.362923833, -87.620995455 30.362803084, -87.621068957 30.362815583, -87.621110956 30.362848583, -87.621162956 30.362870584, -87.621233956 30.362867583, -87.621309456 30.362887584, -87.621359956 30.362970084, -87.621386956 30.363042584, -87.621427957 30.363094584, -87.621580957 30.363408583, -87.621559957 30.363538583, -87.621551956 30.363745583, -87.621540957 30.363851583, -87.621506956 30.364022583, -87.621430956 30.364187584, -87.621386957 30.364478583, -87.621364957 30.364557584, -87.621270956 30.364693084, -87.621163956 30.365317584, -87.621070956 30.365567584, -87.621076956 30.365725584, -87.621119957 30.365899584, -87.621124957 30.366808584, -87.621118957 30.366928584, -87.620944957 30.367494584, -87.620797956 30.367663585, -87.620797956 30.367717584, -87.620690956 30.367795584, -87.620633956 30.367858585, -87.620525956 30.367953584, -87.620414956 30.367981585, -87.620362956 30.368092585, -87.620286956 30.368141584, -87.620194956 30.368174585, -87.620115955 30.368231584, -87.620025956 30.368326584, -87.619924956 30.368378585, -87.619845956 30.368473584, -87.619698956 30.368533585, -87.619628956 30.368637585, -87.619497956 30.368729585, -87.619318956 30.368783584, -87.619334956 30.368832584, -87.619258956 30.368930585, -87.619108956 30.369031585, -87.619018956 30.369023584, -87.618937956 30.369061584, -87.618904956 30.369159585, -87.618812956 30.369192585, -87.618682956 30.369323585, -87.618610956 30.369381585, -87.618306956 30.369827585, -87.618262956 30.369976585, -87.618306956 30.370179585, -87.618375 30.37038, -87.618517 30.370379, -87.618483 30.370304, -87.618387 30.369998, -87.618503 30.369732, -87.618783 30.369363, -87.619368 30.368926, -87.619439 30.368872, -87.620844 30.367823, -87.620917 30.36777, -87.621658957 30.367839584, -87.621887957 30.367476584, -87.621810957 30.367358584, -87.621728957 30.367088584, -87.621682957 30.367038584, -87.621598956 30.366701584, -87.621601957 30.366218584, -87.621618956 30.366128584, -87.621655956 30.366067584, -87.621699957 30.366022584, -87.621969957 30.365924584, -87.622027957 30.365803584, -87.622177956 30.365622584, -87.622189957 30.365572584, -87.622162956 30.365511584, -87.622059956 30.365480584, -87.621925956 30.365500584, -87.621818956 30.365475084, -87.621823956 30.365263584, -87.621835957 30.365202584, -87.621941956 30.365038583, -87.622149957 30.364901584, -87.622262957 30.364776584, -87.622351956 30.364425583, -87.622329957 30.364303583, -87.622323957 30.364031584, -87.622246957 30.363705584, -87.622177956 30.363494583, -87.622154957 30.362995583, -87.622217957 30.362960583, -87.622306956 30.362942583, -87.622581957 30.362920583, -87.622735456 30.362875583, -87.622706956 30.362767583, -87.622635957 30.362747583, -87.622156956 30.362801583, -87.621989956 30.362787583, -87.621596957 30.362330583, -87.621446956 30.362238583, -87.621290956 30.362163583, -87.621065956 30.362135583, -87.620945956 30.362148583, -87.620540956 30.362140583, -87.620221956 30.362191584, -87.620041956 30.362179583, -87.619752956 30.362101583, -87.619454956 30.361936583, -87.619047956 30.361828583, -87.618892956 30.361753583, -87.618736955 30.361623583, -87.618574956 30.361543583, -87.618368956 30.361480583, -87.618135955 30.361342583, -87.617921455 30.361093584, -87.617968955 30.361050583, -87.618425956 30.361190583, -87.618567955 30.361209583, -87.618618955 30.361181583, -87.618539956 30.361116583, -87.618223955 30.361000583, -87.618196955 30.360945583, -87.618270955 30.360652583, -87.618331955 30.360681583, -87.618423455 30.360891583, -87.618496955 30.360884583, -87.618479955 30.360717582, -87.618368955 30.360617583, -87.618278955 30.360549583, -87.618027955 30.360538583, -87.617892955 30.360485583, -87.617790956 30.360498583, -87.617688955 30.360551583, -87.617548955 30.360554583, -87.617489955 30.360527583, -87.617385955 30.360440583, -87.617262955 30.360393583, -87.616782955 30.360375583, -87.616427955 30.360255583, -87.616322955 30.360168583, -87.616062954 30.360013583, -87.615651001 30.359855, -87.615504916 30.359789363, -87.615453856 30.359750594, -87.615379903 30.359647385, -87.615237223 30.359543991, -87.61500708 30.359319517, -87.614887954 30.359124583, -87.614843954 30.359014583, -87.614834462 30.358890801, -87.614765477 30.358813792, -87.6146575 30.358805, -87.614648 30.358910001, -87.614706 30.359081, -87.614718 30.359224, -87.614699 30.359279001, -87.614639 30.359336501, -87.614427 30.359339, -87.614243 30.359306, -87.614076988 30.359251977, -87.61402565 30.359211175, -87.614012954 30.359152583, -87.613980954 30.358888583, -87.613940019 30.358769982, -87.613728319 30.358645809, -87.613675954 30.358580582, -87.613758937 30.358480658, -87.613699941 30.358454323, -87.61366935 30.358417544, -87.613628238 30.358272479, -87.613603173 30.358228758, -87.613553191 30.358184086, -87.613442448 30.358134354, -87.613389253 30.358089963, -87.613323608 30.358025712, -87.613229785 30.357904519, -87.613339954 30.357854583, -87.613497953 30.357755582, -87.613637954 30.357584582, -87.613713954 30.357419582, -87.613764954 30.357381582, -87.613785048 30.357280042, -87.613819954 30.357176583, -87.613813278 30.357117007, -87.613717954 30.356878582, -87.613662896 30.356641067, -87.613618 30.356618, -87.613545 30.356594, -87.613431 30.356569001, -87.613174 30.356494001, -87.613006 30.356423, -87.612958385 30.356396774, -87.61280385 30.356187967, -87.612772954 30.356122582, -87.612746915 30.356024083, -87.6127141 30.355972117, -87.612609 30.35588, -87.612535 30.355752, -87.612334 30.355702, -87.6123 30.35555, -87.612226 30.355444, -87.612189953 30.355390582, -87.612164953 30.355269582, -87.612278953 30.355087582, -87.612316954 30.354922581, -87.612264576 30.354683433, -87.612164953 30.354455582, -87.612188593 30.354188432, -87.612113953 30.354015582, -87.612170953 30.353811582, -87.612227953 30.353773582, -87.612284953 30.353657581, -87.612417953 30.353514581, -87.612639954 30.353453582, -87.612797954 30.353442582, -87.612867953 30.353415582, -87.612962954 30.353338582, -87.613260954 30.353310581, -87.613324953 30.353277581, -87.613476954 30.353217581, -87.613622954 30.353217581, -87.613844954 30.353271581, -87.614148954 30.353238581, -87.614408954 30.353128581, -87.614592954 30.353079581, -87.614801954 30.352930581, -87.614953954 30.352798581, -87.615049954 30.352748582, -87.615379955 30.352792581, -87.615537954 30.352787581, -87.616032954 30.352693581, -87.616139954 30.352605581, -87.616254954 30.352544581, -87.616600454 30.352454081, -87.616619454 30.352264581, -87.616666955 30.352247581, -87.616793955 30.352253581, -87.616945954 30.352291581, -87.617008955 30.352318581, -87.617082221 30.352387992, -87.617224955 30.352445581, -87.617376954 30.352445581, -87.617452955 30.352417581, -87.617503955 30.352379581, -87.617535954 30.352291581, -87.617521302 30.352194465, -87.617452955 30.352065581, -87.617452955 30.351999581, -87.617490955 30.351939581, -87.617541955 30.351917581, -87.617642954 30.351911581, -87.617858955 30.351972581, -87.617972955 30.351972581, -87.618182955 30.351933581, -87.618283955 30.351933581, -87.618435955 30.351966581, -87.618581955 30.352059581, -87.618689955 30.352065581, -87.618974955 30.352054581, -87.619031955 30.351889581, -87.619184955 30.351811581, -87.619368955 30.351778581, -87.619538955 30.351781581, -87.619539956 30.351606581, -87.619475955 30.351608581, -87.619082955 30.351663581, -87.619000955 30.351685581, -87.618892955 30.351762581, -87.618816956 30.351861581, -87.618689955 30.351944581, -87.618613955 30.351938581, -87.618397955 30.351861581, -87.618245955 30.351850581, -87.617934955 30.351895581, -87.617820955 30.351818581, -87.617750954 30.351796581, -87.617566954 30.351796581, -87.617312021 30.351861139, -87.617252 30.35195, -87.617232 30.352016001, -87.617264 30.352137, -87.617224408 30.35216657, -87.617160045 30.35209918, -87.617017477 30.351980791, -87.616755 30.351915, -87.616475 30.351969, -87.616256001 30.352083, -87.61611 30.352271001, -87.615999 30.352318, -87.615888693 30.352291143, -87.615883794 30.352241619, -87.615780848 30.352102484, -87.615664477 30.352022791, -87.615481001 30.351985, -87.615351 30.352020001, -87.615212 30.352035001, -87.615119 30.352023001, -87.614988 30.352017501, -87.614729 30.351968, -87.61456725 30.35199925, -87.614462 30.352051, -87.614420999 30.352087, -87.6143435 30.3521815, -87.61426191 30.352373572, -87.61411 30.352292, -87.614022483 30.352252643, -87.61391762 30.352182238, -87.6138325 30.352143001, -87.61377 30.352128, -87.6136945 30.352123, -87.613511 30.352150001, -87.613409 30.352150001, -87.6132935 30.352169751, -87.613104 30.352233, -87.6129305 30.352258501, -87.612872049 30.352240559, -87.612791626 30.35218122, -87.61272 30.352151001, -87.612656 30.35213, -87.612241 30.352030001, -87.6121285 30.351992, -87.6119985 30.3519795, -87.611490001 30.351976, -87.611434 30.351979, -87.611281 30.352032001, -87.611029804 30.352085155, -87.610953554 30.352084356, -87.610872 30.352096, -87.61069 30.3521715, -87.6105 30.352340001, -87.610431749 30.35234075, -87.610369 30.352354001, -87.610312 30.35237, -87.610220749 30.352408501, -87.610185619 30.352491448, -87.610214856 30.35256131, -87.610260953 30.352581581, -87.610341452 30.352578581, -87.610428577 30.352563081, -87.610503881 30.352542047, -87.610521003 30.352496875, -87.61055275 30.352561501, -87.61051225 30.352621, -87.610432 30.352643, -87.610356001 30.352655001, -87.610279 30.352658501, -87.610158 30.352655001, -87.61009 30.352644, -87.61004 30.352624, -87.609993222 30.352596442, -87.609934925 30.352528903, -87.609878476 30.352489791, -87.609821 30.352466, -87.609766 30.352461, -87.609555 30.352511001, -87.609448001 30.352518001, -87.609209 30.35255, -87.608742 30.35256475, -87.608506 30.352521001, -87.608239 30.352459, -87.608141 30.352426501, -87.608034 30.352382, -87.607925 30.352347501, -87.607824 30.352326, -87.607705 30.352318, -87.607615 30.35232, -87.607461 30.352335, -87.6072 30.352397, -87.6071395 30.352421, -87.607049 30.352477, -87.606939001 30.352571, -87.606866 30.352643, -87.606805 30.3526895, -87.606742 30.352716001, -87.60662767 30.352717775, -87.606586805 30.35268407, -87.606587952 30.352622582, -87.606599952 30.352547582, -87.606576414 30.35246325, -87.606470476 30.352392791, -87.606341 30.352323, -87.606132933 30.352252332, -87.606067737 30.352208646, -87.60599625 30.352208751, -87.605901 30.352177, -87.605834789 30.352151614, -87.605739238 30.352092896, -87.605463 30.352006, -87.605336897 30.351950392, -87.605210476 30.351858791, -87.604680905 30.35161278, -87.604603475 30.351566791, -87.6044555 30.351500001, -87.604386837 30.351475505, -87.604344968 30.351447282, -87.604284195 30.351391945, -87.604256951 30.351334581, -87.604241951 30.351219582, -87.60427345 30.350988081, -87.6042777 30.350866832, -87.604310647 30.35083102, -87.604282476 30.350755791, -87.604159177 30.35082089, -87.60408357 30.350730732, -87.604031258 30.350656007, -87.603910451 30.350399581, -87.603845668 30.350221167, -87.603729143 30.350017692, -87.603682206 30.349959003, -87.603615872 30.349897436, -87.603549237 30.349850896, -87.603449074 30.349799644, -87.603348451 30.349556081, -87.603327569 30.349418301, -87.60322649 30.34931244, -87.60313945 30.349122081, -87.603286951 30.349074581, -87.603238248 30.349003532, -87.603098232 30.349032445, -87.60305395 30.348952081, -87.60299795 30.34873958, -87.60297795 30.348537581, -87.602901666 30.348253429, -87.60283895 30.348099581, -87.602796258 30.347967634, -87.602714951 30.34785758, -87.60269595 30.347789581, -87.60273145 30.347699581, -87.602839451 30.347513581, -87.60282995 30.34742658, -87.602807416 30.347353448, -87.6027262 30.347204331, -87.60270695 30.34703558, -87.602672951 30.346872581, -87.602670451 30.346792581, -87.602597331 30.346621356, -87.602526582 30.346544293, -87.602472471 30.346461357, -87.602427259 30.346428123, -87.60240495 30.34638158, -87.60241495 30.346305331, -87.60245295 30.34623133, -87.6024657 30.34617283, -87.60251595 30.34614058, -87.602641951 30.34609958, -87.60288095 30.34599758, -87.603011951 30.34592958, -87.60318295 30.34582058, -87.603266951 30.34577858, -87.60333545 30.34572633, -87.603427951 30.34562058, -87.60355695 30.34551658, -87.60376795 30.34536158, -87.603850075 30.345266206, -87.60384281 30.345120505, -87.603810951 30.34502458, -87.60379745 30.34488458, -87.60391545 30.34477908, -87.604135951 30.34455558, -87.604166451 30.34449058, -87.6041647 30.34439833, -87.604200951 30.34434558, -87.6042492 30.34430608, -87.604335951 30.344119579, -87.604334951 30.34405458, -87.604357451 30.343945579, -87.60434295 30.34386108, -87.604350951 30.34379358, -87.604375951 30.34374308, -87.604446489 30.343664712, -87.604357929 30.343543706, -87.604350951 30.343263579, -87.604369951 30.343186579, -87.604419944 30.34310857, -87.604348244 30.342985968, -87.604294148 30.342933236, -87.604309545 30.342863889, -87.60436795 30.342683579, -87.60445495 30.34255708, -87.604514951 30.342491579, -87.604769951 30.342152579, -87.604861951 30.342082079, -87.604947451 30.342038079, -87.605116951 30.341981579, -87.605188951 30.341943579, -87.605258951 30.341891579, -87.605328305 30.341870689, -87.605368322 30.341930689, -87.60544995 30.341969079, -87.605644951 30.341990579, -87.605867951 30.341987579, -87.605947451 30.34197358, -87.606002952 30.341947579, -87.606085951 30.341887579, -87.606218951 30.341812579, -87.606304951 30.341755079, -87.606374804 30.341749961, -87.606485512 30.341842362, -87.606567951 30.341869079, -87.606652332 30.341881257, -87.606677689 30.341921422, -87.606728201 30.34193458, -87.606782894 30.341924041, -87.606839451 30.34195008, -87.606987952 30.341982579, -87.607042951 30.341986579, -87.607180951 30.341962579, -87.607290952 30.341958579, -87.607529952 30.341980579, -87.607790952 30.341974579, -87.607910952 30.341963579, -87.608080952 30.341972579, -87.608261951 30.341961079, -87.608502952 30.341956579, -87.608583201 30.341948579, -87.608638702 30.341967191, -87.60869097 30.342041302, -87.608739936 30.342063575, -87.608857012 30.342195992, -87.608846523 30.342306011, -87.608971952 30.342319579, -87.608994452 30.342220079, -87.609057452 30.34220058, -87.609150952 30.342189579, -87.609253952 30.342229579, -87.60935998 30.342307902, -87.609466952 30.342344079, -87.609559952 30.34235508, -87.609649952 30.342382829, -87.609761952 30.342375579, -87.609970952 30.342348579, -87.610123952 30.342342579, -87.610244953 30.342328579, -87.610301452 30.342312079, -87.610437952 30.342231579, -87.610502202 30.342182329, -87.610566452 30.34216658, -87.610620452 30.34211383, -87.610735952 30.342085579, -87.610898702 30.342064579, -87.611092452 30.342160579, -87.611174952 30.342175579, -87.611265452 30.34217458, -87.611347953 30.342139579, -87.6114629 30.342109447, -87.6114515 30.3421665, -87.611458923 30.342212952, -87.611525314 30.342221243, -87.611534225 30.342318429, -87.611605952 30.342340579, -87.611762953 30.342337579, -87.611888453 30.34232258, -87.611981453 30.342294079, -87.612067452 30.342240829, -87.612123952 30.342252579, -87.612257953 30.342315579, -87.612405202 30.342352829, -87.612623953 30.342396579, -87.612777453 30.34240758, -87.612930953 30.342445079, -87.613148954 30.342522579, -87.613351953 30.34256608, -87.613432369 30.342615448, -87.613572045 30.34273218, -87.613624488 30.342790782, -87.613715531 30.342860342, -87.614051914 30.343098365, -87.614161171 30.343284492, -87.614349945 30.343428316, -87.614471297 30.343548923, -87.614573321 30.343741461, -87.614701954 30.343804579, -87.614841954 30.34384858, -87.614985434 30.344005819, -87.615171954 30.34400758, -87.615344 30.344085, -87.6154985 30.3442545, -87.615573 30.3443135, -87.615685163 30.344389028, -87.6159292 30.344350425, -87.616038011 30.344322497, -87.616138905 30.344277592, -87.616228363 30.344217278, -87.616495393 30.344126928, -87.616410001 30.344057, -87.616346 30.344035, -87.616264 30.344062, -87.616143001 30.3442, -87.6160675 30.344194501, -87.616074 30.344008, -87.616048 30.343953, -87.616010001 30.343903, -87.615883 30.343870001, -87.615807 30.343826, -87.615655 30.343667, -87.6156485 30.3435925, -87.615731 30.343573, -87.615813 30.343601, -87.615947 30.343689, -87.616143001 30.343688, -87.616194 30.343661, -87.616302001 30.343545, -87.616257 30.34338, -87.616143001 30.343265001, -87.615934 30.343243, -87.61568 30.343254, -87.615629 30.343210001, -87.615616 30.343155001, -87.615655 30.3431, -87.615559 30.342985001, -87.615578 30.342924, -87.615623 30.342869001, -87.615610001 30.342798, -87.615407 30.342682, -87.615266999 30.342558001, -87.615142056 30.342504165, -87.615016476 30.34239879, -87.614861001 30.342352, -87.614747 30.342347, -87.614641324 30.342285278, -87.614541246 30.342046475, -87.614419078 30.34182714, -87.614102917 30.341557568, -87.613816048 30.341135176, -87.613550476 30.340914789, -87.613408 30.340868, -87.613281 30.340868, -87.613212 30.340873, -87.613104 30.340923, -87.613047 30.340978, -87.612895 30.341275001, -87.612825 30.341302, -87.612754946 30.341302037, -87.612580186 30.341107488, -87.612472155 30.340942703, -87.612294398 30.34074477, -87.612032 30.340676001, -87.611632 30.340659, -87.61155554 30.340632356, -87.611501476 30.34057979, -87.61136 30.340533, -87.611245 30.340549, -87.611131001 30.340593, -87.610377 30.340968001, -87.610237 30.340951, -87.61006 30.340852001, -87.609971001 30.340836, -87.60985 30.340847, -87.609787 30.34088, -87.609641 30.341023, -87.60948246 30.341001429, -87.609422166 30.340943493, -87.609353952 30.340825579, -87.609256013 30.34057022, -87.609180476 30.34050879, -87.609031641 30.340435268, -87.608990476 30.34039379, -87.608658001 30.340303001, -87.608252001 30.340248, -87.607992 30.340155001, -87.607789 30.340166, -87.607656 30.34021, -87.607567 30.34021, -87.607453076 30.340154952, -87.607131267 30.339783948, -87.606978833 30.339635513, -87.606896405 30.339579838, -87.606687842 30.339354596, -87.606395374 30.338941861, -87.6062489 30.338788385, -87.605867807 30.338514567, -87.605532475 30.33829879, -87.605264 30.338192, -87.605074 30.338142, -87.604915 30.338148, -87.604718 30.338197, -87.604522001 30.338373, -87.604142 30.338957, -87.603793 30.339292, -87.603615 30.339535, -87.603495 30.33965, -87.603355 30.3397, -87.603172 30.339689001, -87.602905 30.33959, -87.602619071 30.339559458, -87.60275795 30.338973578, -87.60278895 30.338572578, -87.60294095 30.338286579, -87.60300495 30.338109579, -87.60309295 30.337592578, -87.60311795 30.337361578, -87.60307995 30.337130578, -87.60309295 30.336960578, -87.603059281 30.336500467, -87.603014181 30.336419026, -87.602914814 30.336326775, -87.60287695 30.336102578, -87.602855321 30.336049902, -87.602747475 30.335939789, -87.602542258 30.335837843, -87.60250227 30.335754004, -87.60248395 30.335656578, -87.60250245 30.335604578, -87.60258495 30.335557578, -87.60266695 30.335486578, -87.60263595 30.335398578, -87.60268595 30.335359578, -87.60278795 30.335381578, -87.60323795 30.335639578, -87.60368195 30.335788578, -87.60410095 30.335854578, -87.604176951 30.335832578, -87.604360951 30.335716578, -87.604924951 30.335760577, -87.605089951 30.335760577, -87.605191951 30.335732578, -87.60533695 30.335639578, -87.605482951 30.335474578, -87.60560395 30.335369577, -87.605729951 30.335298577, -87.605863951 30.335292578, -87.605939973 30.3353145, -87.6059503 30.335382333, -87.606066147 30.335418347, -87.606127822 30.335503604, -87.606237951 30.335479578, -87.606351951 30.335484578, -87.606427951 30.335468577, -87.606431131 30.335400079, -87.606390239 30.335363039, -87.60643745 30.335300578, -87.606579951 30.335319578, -87.606738951 30.335396578, -87.606953951 30.335435577, -87.607106951 30.335512578, -87.607214951 30.335523578, -87.607283951 30.335490578, -87.607334951 30.335429578, -87.607550451 30.335426578, -87.607594951 30.335363577, -87.60757836 30.335321534, -87.607507 30.335303001, -87.607241 30.33538, -87.607117647 30.335375143, -87.607106951 30.335330578, -87.607156951 30.335275577, -87.607226951 30.335259578, -87.607242796 30.335196595, -87.607173475 30.335151789, -87.607052962 30.33511078, -87.607001957 30.334949052, -87.606645 30.33477, -87.606575001 30.33477, -87.606461 30.334814001, -87.606363951 30.334797825, -87.606363951 30.334747578, -87.606401951 30.334681577, -87.606642951 30.334434577, -87.606661951 30.334291578, -87.606699951 30.334109577, -87.606883951 30.333696578, -87.606921951 30.333476577, -87.60690758 30.333347431, -87.606800951 30.333102577, -87.606798804 30.333028612, -87.606724951 30.332926577, -87.606762951 30.332728577, -87.606692951 30.332536577, -87.606679951 30.332420577, -87.606990951 30.332426577, -87.607187951 30.332288577, -87.607351951 30.332244577, -87.607466951 30.332128577, -87.607611951 30.332040577, -87.607732951 30.331903577, -87.607973951 30.331809577, -87.608157952 30.331793577, -87.608347951 30.331842576, -87.608474952 30.331903577, -87.608607952 30.331952577, -87.608756451 30.331947077, -87.608775403 30.331888811, -87.608591162 30.331797464, -87.608550951 30.331732577, -87.608645951 30.331402576, -87.608613951 30.331132576, -87.608746952 30.331088576, -87.608892951 30.331099576, -87.608949951 30.331132576, -87.609050951 30.331099576, -87.609260952 30.330824577, -87.609298951 30.330742577, -87.609283149 30.33066566, -87.609129 30.33066, -87.609078001 30.330632, -87.608944238 30.330626645, -87.608997658 30.330717681, -87.609077054 30.330781887, -87.609091 30.330836, -87.609091 30.330891, -87.60904 30.330968, -87.608945001 30.330984, -87.608831 30.330924, -87.608672 30.330896001, -87.608583 30.33099, -87.608526 30.331094, -87.608419 30.331408, -87.6083015 30.331551, -87.608045 30.331617, -87.607956 30.331661, -87.607696 30.331711, -87.607658 30.331755, -87.607506 30.33181, -87.607189 30.331711, -87.606827 30.331728, -87.606618 30.331662001, -87.606567 30.331678001, -87.606428 30.33164, -87.606345 30.33164, -87.606188771 30.33159366, -87.606031634 30.331492565, -87.606007951 30.331364577, -87.606038951 30.331199577, -87.606051951 30.330974577, -87.60601805 30.330784522, -87.605848951 30.330512576, -87.605776716 30.330217652, -87.605580528 30.329944842, -87.605467875 30.329829659, -87.60546195 30.329758576, -87.60546795 30.329588576, -87.60553795 30.329577576, -87.605632951 30.329516577, -87.60576545 30.329305077, -87.60588595 30.329291576, -87.606088951 30.329296577, -87.60618849 30.329246004, -87.606065 30.329209, -87.605824 30.329214, -87.605634 30.329269001, -87.605513001 30.329341001, -87.605393 30.329368, -87.605292001 30.329374, -87.605201724 30.329347426, -87.605149541 30.329310432, -87.605028065 30.329040517, -87.604867874 30.328783432, -87.604386245 30.328446966, -87.604272774 30.328336624, -87.604126274 30.32813894, -87.603853475 30.327869788, -87.603744 30.327818, -87.603667 30.327807, -87.603566 30.327807, -87.603388 30.327823, -87.603147001 30.32779, -87.603002 30.327763001, -87.60286388 30.327694418, -87.602763628 30.327622696, -87.602571798 30.327386589, -87.602057888 30.327062404, -87.601747763 30.326842677, -87.601545097 30.326721114, -87.601450604 30.326638709, -87.601360791 30.326501602, -87.601177669 30.326385674, -87.601055918 30.326232353, -87.600936474 30.326143789, -87.600509595 30.325964673, -87.600467332 30.325906457, -87.600411949 30.325799576, -87.600430949 30.325739575, -87.600538949 30.325623576, -87.600614949 30.325508576, -87.600607155 30.325461493, -87.60054235 30.325351877, -87.600283435 30.325081442, -87.600170949 30.324848576, -87.600164949 30.324633575, -87.600208949 30.324529575, -87.600188095 30.324366509, -87.600053947 30.324147309, -87.599952827 30.3240696, -87.599869802 30.323955576, -87.599775191 30.323893485, -87.599749002 30.32385023, -87.599597148 30.323729059, -87.599261403 30.323426837, -87.599050783 30.323201623, -87.598918474 30.323118788, -87.598352 30.322846, -87.597832001 30.322626, -87.597553 30.322527, -87.597274 30.322456, -87.597039 30.322368, -87.596741 30.322297, -87.596474 30.322275001, -87.596322 30.322291, -87.596031001 30.322247, -87.595777 30.322236001, -87.595625 30.322259, -87.595561 30.322286, -87.595416 30.322363, -87.595149001 30.322556, -87.595010001 30.322611, -87.594839 30.322644, -87.594723909 30.322634097, -87.594638554 30.322569738, -87.594567818 30.322487537, -87.594416473 30.322387788, -87.594325 30.322374001, -87.594255595 30.322340673, -87.594110935 30.322146325, -87.594016473 30.322074788, -87.593843 30.321984, -87.593659 30.321962001, -87.593511768 30.32191934, -87.593427203 30.321859482, -87.593397947 30.321807575, -87.593416947 30.321664575, -87.593561947 30.321604575, -87.593733946 30.321444575, -87.593790947 30.321274575, -87.593929947 30.321037575, -87.594138947 30.320718575, -87.594297947 30.320581574, -87.594309947 30.320526575, -87.594461947 30.320272575, -87.594810947 30.319887575, -87.595064947 30.319722575, -87.595228947 30.319662575, -87.595425948 30.319524575, -87.595501947 30.319425574, -87.595621947 30.319150574, -87.595653947 30.318985574, -87.595799948 30.318671574, -87.595837947 30.318490574, -87.595824947 30.318176574, -87.595798048 30.318091521, -87.595602947 30.317764574, -87.595545947 30.317478574, -87.595608947 30.317247574, -87.595684947 30.317115574, -87.596781947 30.316025574, -87.597028947 30.315811574, -87.597383948 30.315447574, -87.598029948 30.314892573, -87.598194948 30.314782573, -87.598302948 30.314660573, -87.598384948 30.314600573, -87.598574948 30.314413573, -87.598758948 30.314138573, -87.598986948 30.313560573, -87.599138948 30.313291573, -87.59930867 30.313133425, -87.599240948 30.312966573, -87.599189948 30.312674573, -87.599163948 30.312410573, -87.599169948 30.311921572, -87.599271948 30.311580573, -87.599423948 30.311228573, -87.599486948 30.311151572, -87.599569948 30.310947572, -87.599645948 30.310809573, -87.599955948 30.310397572, -87.600082948 30.310281572, -87.600294948 30.310034072, -87.600396448 30.309900073, -87.600576948 30.309742573, -87.600696948 30.309555572, -87.601007948 30.309225572, -87.601299949 30.309049572, -87.601596949 30.308784572, -87.601806949 30.308531572, -87.602002949 30.308207572, -87.602300948 30.307877571, -87.602522949 30.307756572, -87.602864949 30.307645572, -87.603022949 30.307601571, -87.603644949 30.307486572, -87.603885949 30.307414571, -87.604165949 30.307254572, -87.604322949 30.307128572, -87.604442949 30.307056572, -87.604537949 30.306963571, -87.604550949 30.306908572, -87.60471595 30.306666571, -87.604962949 30.306484572, -87.605044949 30.306391571, -87.605168949 30.306234071, -87.605260949 30.306093571, -87.605349949 30.306000571, -87.60541295 30.305884571, -87.605665949 30.305626571, -87.60592595 30.305560571, -87.60604987 30.305646436, -87.606279057 30.306013517, -87.606417887 30.306113406, -87.606659586 30.306403717, -87.607040487 30.30650519, -87.607110241 30.306629471, -87.607173411 30.30685456, -87.607243338 30.306926885, -87.60731545 30.306923572, -87.60725195 30.306720571, -87.607337449 30.306643071, -87.607783951 30.306687571, -87.60820295 30.306664571, -87.60856995 30.306466571, -87.608747951 30.306334571, -87.609501951 30.306119571, -87.609881951 30.305960571, -87.61021195 30.305888571, -87.610274951 30.305861571, -87.610591951 30.305635571, -87.610769951 30.305459571, -87.610959951 30.305305571, -87.611136951 30.30511257, -87.611162951 30.305024571, -87.611288951 30.304931571, -87.611345951 30.304826571, -87.611409951 30.304793571, -87.611535951 30.304804571, -87.611637951 30.304765571, -87.611789951 30.304562571, -87.611979952 30.304430571, -87.612055951 30.30433157, -87.61205776 30.3040631, -87.611728 30.304282, -87.611531001 30.304353, -87.611246 30.304381, -87.611005 30.304365, -87.610878 30.304332, -87.610758297 30.304270821, -87.610660951 30.304150571, -87.610697578 30.303976427, -87.610664765 30.303906675, -87.610544475 30.303833785, -87.610320001 30.303798, -87.610172011 30.303718164, -87.610140951 30.30360557, -87.61013495 30.30335857, -87.610178951 30.30324857, -87.61032495 30.30308357, -87.610717951 30.30273057, -87.610983951 30.30257657, -87.611243951 30.30249957, -87.611325951 30.30249957, -87.611484951 30.30247257, -87.611617951 30.30240557, -87.611737951 30.302378571, -87.611896951 30.302361571, -87.612124951 30.302378571, -87.612378951 30.30242257, -87.612631952 30.30251057, -87.612853951 30.30248857, -87.612942951 30.30250957, -87.613164952 30.30263657, -87.613310951 30.30265857, -87.613684951 30.30260357, -87.613804952 30.30254857, -87.613918952 30.30244957, -87.614114951 30.30235557, -87.614178952 30.30235557, -87.614305952 30.30239957, -87.614438951 30.30239957, -87.614527952 30.30236657, -87.614660952 30.30223457, -87.614729952 30.30220657, -87.614786951 30.30220657, -87.614879943 30.302276315, -87.615008952 30.30231657, -87.615522952 30.30221757, -87.615674952 30.30215157, -87.615794952 30.30212957, -87.615985952 30.30214057, -87.616314953 30.30221157, -87.616511952 30.30223357, -87.616720952 30.30220057, -87.616910952 30.30207357, -87.616980953 30.30205157, -87.617100952 30.30206857, -87.617227953 30.30212857, -87.617574129 30.302434079, -87.618273075 30.302748728, -87.61833485 30.302870317, -87.618333 30.302926, -87.618301 30.302975, -87.618143 30.303058, -87.617978 30.303107, -87.617961476 30.303148785, -87.618007269 30.303231465, -87.618104901 30.303339068, -87.618118 30.303399, -87.618121302 30.303532857, -87.618192953 30.303536571, -87.618280953 30.30349257, -87.618343454 30.303514054, -87.618374209 30.303566477, -87.618431476 30.303890785, -87.618501041 30.304000521, -87.618693953 30.304113571, -87.619137953 30.30421857, -87.619432798 30.304403591, -87.619540485 30.30452378, -87.619657953 30.30458157, -87.620132953 30.30465257, -87.62025945 30.304718309, -87.620375294 30.304860823, -87.620460477 30.305116786, -87.620517989 30.305204538, -87.620726113 30.305387097, -87.620783148 30.305476468, -87.620763 30.305719001, -87.620858001 30.305967001, -87.620870433 30.306120615, -87.620989954 30.306159571, -87.621135954 30.306225571, -87.621306953 30.306247571, -87.621433954 30.306131571, -87.62164069 30.306175094, -87.621689001 30.306329, -87.621689001 30.306571, -87.621638001 30.306599, -87.62127 30.306643, -87.621207001 30.306676, -87.621163 30.306742, -87.621131 30.30683, -87.621178405 30.307025477, -87.621225589 30.307072313, -87.621279477 30.307212786, -87.621431839 30.307426594, -87.621468 30.307562, -87.62148 30.307793, -87.621472954 30.307952571, -87.621504954 30.308144571, -87.621542954 30.308205571, -87.621618954 30.308232571, -87.621998954 30.308304571, -87.622150954 30.308425571, -87.622487954 30.308441571, -87.622594954 30.308402571, -87.622626954 30.308353571, -87.622594954 30.308215571, -87.622632954 30.308105571, -87.622683954 30.308056571, -87.622962955 30.307968571, -87.623323954 30.307956571, -87.623402955 30.307923571, -87.623456954 30.307951571, -87.623526955 30.308088571, -87.623532954 30.308253571, -87.623387955 30.308407571, -87.623285955 30.308567571, -87.623235954 30.308688571, -87.623298954 30.308881572, -87.623362955 30.309046571, -87.623527954 30.309244571, -87.623508954 30.309354571, -87.623451954 30.309469571, -87.623464955 30.309557571, -87.623584954 30.309623571, -87.623616955 30.309711572, -87.623578955 30.309854571, -87.623464955 30.310019572, -87.623312954 30.310206571, -87.623210954 30.310371572, -87.623204954 30.310542571, -87.623280955 30.310575571, -87.623502954 30.310613572, -87.623851954 30.310569572, -87.623946955 30.310602572, -87.623952955 30.310668571, -87.623921955 30.310778571, -87.623693955 30.311092572, -87.623477954 30.311295572, -87.623351955 30.311389572, -87.623072954 30.311697572, -87.623066954 30.311752572, -87.623129955 30.311912572, -87.623110955 30.311994572, -87.623021955 30.312247572, -87.622850954 30.312517572, -87.622743954 30.312627572, -87.622686954 30.312654572, -87.622584954 30.312665572, -87.622388954 30.312638572, -87.622235954 30.312561572, -87.622045954 30.312490572, -87.621975954 30.312484572, -87.621887954 30.312506572, -87.621722954 30.312583572, -87.621608954 30.312671572, -87.621494954 30.312826572, -87.621373954 30.312930572, -87.621253954 30.313007573, -87.621126954 30.313106572, -87.621000954 30.313326573, -87.621000954 30.313442572, -87.620854954 30.313744573, -87.620841954 30.313855573, -87.620854954 30.313915572, -87.620930954 30.314020572, -87.621171954 30.314195572, -87.621178454 30.314286573, -87.620892954 30.314410573, -87.620785954 30.314537573, -87.620626954 30.314581573, -87.620543454 30.314648573, -87.620582954 30.314702573, -87.620702954 30.314630573, -87.620931954 30.314531573, -87.621159954 30.314476573, -87.621235454 30.314432572, -87.621298954 30.314410573, -87.621355954 30.314443573, -87.621393954 30.314558573, -87.621457954 30.314630573, -87.621622955 30.314679573, -87.621907954 30.314718573, -87.622091954 30.314712573, -87.622186955 30.314723573, -87.622313954 30.314773572, -87.622332954 30.314827572, -87.622319955 30.314893573, -87.622212955 30.315015573, -87.622021954 30.315147573, -87.621831954 30.315202572, -87.621800954 30.315257573, -87.621812955 30.315345573, -87.621889955 30.315482573, -87.622111954 30.315636573, -87.622225954 30.315746572, -87.622339955 30.315807573, -87.622510955 30.315851573, -87.622637955 30.315867573, -87.622738954 30.315839573, -87.622814954 30.315784572, -87.622852955 30.315696573, -87.622960955 30.315570572, -87.623005455 30.315421573, -87.623128954 30.315400073, -87.623188955 30.315476573, -87.623214954 30.315647573, -87.623284454 30.315848073, -87.623563955 30.315889573, -87.623613955 30.315850572, -87.623677955 30.315713573, -87.623724955 30.315694073, -87.623861955 30.315894573, -87.623949955 30.315987573, -87.624191955 30.316125573, -87.624400955 30.316218573, -87.624985955 30.316574573, -87.625106956 30.316580573, -87.625185455 30.316572073, -87.625175955 30.316629573, -87.625150955 30.316673573, -87.625141455 30.316731574, -87.625175955 30.316836073, -87.625223955 30.316943073, -87.625302955 30.316948573, -87.625397956 30.316877573, -87.625467955 30.316866573, -87.625518955 30.316899573, -87.625581956 30.316992573, -87.625727956 30.317256573, -87.625841955 30.317422573, -87.625885956 30.317543573, -87.625910956 30.317598573, -87.625942956 30.317647573, -87.625986956 30.317669573, -87.626101956 30.317686573, -87.626164955 30.317672574, -87.626247456 30.317620073, -87.626335955 30.317590073, -87.626386955 30.317614573, -87.626418956 30.317697573, -87.626418956 30.317746573, -87.626399956 30.317801573, -87.626322956 30.317961573, -87.626307456 30.318038074, -87.626348456 30.318115073, -87.626417956 30.318181573, -87.626645956 30.318351573, -87.626798956 30.318478573, -87.626855956 30.318539573, -87.626956956 30.318671573, -87.627013956 30.318676573, -87.627165956 30.318622074, -87.627330956 30.318737574, -87.627444956 30.318786574, -87.627514956 30.318792573, -87.627577956 30.318808573, -87.627660956 30.318803573, -87.627882956 30.318759573, -87.627964956 30.318762573, -87.628031456 30.318793073, -87.628104956 30.318798573, -87.628186956 30.318792573, -87.628268956 30.318798573, -87.628325956 30.318814573, -87.628382956 30.318853574, -87.628420957 30.318897573, -87.628458956 30.319012574, -87.628490956 30.319078573, -87.628547957 30.319139573, -87.628652456 30.319219574, -87.628750956 30.319211574, -87.628845957 30.319178574, -87.628706957 30.319090573, -87.628668956 30.319046573, -87.628604957 30.318908573, -87.628522957 30.318776573, -87.628478956 30.318732573, -87.628364956 30.318655573, -87.628294956 30.318633574, -87.628135956 30.318600573, -87.627951956 30.318616573, -87.627818956 30.318638573, -87.627749956 30.318666573, -87.627590956 30.318671573, -87.627495956 30.318643573, -87.627416456 30.318597074, -87.627254956 30.318489573, -87.627197956 30.318437574, -87.627147456 30.318407573, -87.627045956 30.318495573, -87.626943956 30.318418573, -87.626855956 30.318330573, -87.626823956 30.318286573, -87.626766956 30.318236573, -87.626595956 30.318126573, -87.626544956 30.318049573, -87.626551956 30.317950573, -87.626595955 30.317752573, -87.626601956 30.317697573, -87.626589956 30.317576573, -87.626538955 30.317488573, -87.626487955 30.317438573, -87.626443956 30.317411573, -87.626392956 30.317394573, -87.626266955 30.317383573, -87.626168455 30.317425073, -87.626110956 30.317472073, -87.626022456 30.317458073, -87.625980955 30.317411573, -87.625968956 30.317367573, -87.625930956 30.317284573, -87.625854956 30.317174573, -87.625790955 30.317064573, -87.625778956 30.317003573, -87.625733955 30.316899573, -87.625727956 30.316794573, -87.625702455 30.316729073, -87.625638956 30.316695573, -87.625524955 30.316684573, -87.625382705 30.316639573, -87.625379455 30.316564073, -87.625417456 30.316500573, -87.625372956 30.316459573, -87.625315955 30.316443073, -87.625252955 30.316443073, -87.625163955 30.316453573, -87.625055956 30.316431573, -87.624985955 30.316431573, -87.624340955 30.316097573, -87.624121955 30.315932573, -87.624076955 30.315839573, -87.624082955 30.315784572, -87.624279955 30.315789573, -87.624387955 30.315762573, -87.624254955 30.315594573, -87.624152955 30.315646572, -87.624082955 30.315657573, -87.623987955 30.315641573, -87.623860955 30.315580573, -87.623791955 30.315564573, -87.623563954 30.315652573, -87.623388955 30.315636073, -87.623341955 30.315526573, -87.623296954 30.315476573, -87.623233955 30.315361572, -87.623188955 30.315311572, -87.623099955 30.315273572, -87.622998955 30.315284573, -87.622858955 30.315372572, -87.622776955 30.315553572, -87.622599954 30.315702573, -87.622472955 30.315702573, -87.622180955 30.315581573, -87.621977955 30.315400573, -87.621964954 30.315317572, -87.622009954 30.315268573, -87.622167955 30.315152573, -87.622237955 30.315136573, -87.622332954 30.315042573, -87.622395954 30.314778573, -87.622319955 30.314673573, -87.622275954 30.314635572, -87.622135955 30.314619573, -87.621856954 30.314608572, -87.621615954 30.314536572, -87.621507954 30.314421572, -87.621374954 30.314190572, -87.621355954 30.314008572, -87.621412954 30.313926573, -87.621501954 30.313937572, -87.621754954 30.314047573, -87.621824954 30.314052572, -87.621900955 30.313992572, -87.621894955 30.313871573, -87.621837954 30.313832572, -87.621586954 30.313786072, -87.621583954 30.313678573, -87.621545954 30.313623572, -87.621463954 30.313568572, -87.621272954 30.313469572, -87.621317954 30.313244572, -87.621342954 30.313200572, -87.621500955 30.313079572, -87.621589954 30.312941572, -87.621709954 30.312792572, -87.621785954 30.312732572, -87.621836954 30.312710572, -87.622045954 30.312682572, -87.622426954 30.312875573, -87.622496954 30.312897572, -87.622686954 30.312847572, -87.622800954 30.312775572, -87.622901954 30.312698572, -87.623098955 30.312445572, -87.623250954 30.312286572, -87.623275955 30.312231572, -87.623275955 30.312110572, -87.623484955 30.311790572, -87.623484955 30.311713572, -87.623573954 30.311521572, -87.623649955 30.311411572, -87.624118955 30.311218572, -87.624257955 30.311081572, -87.624301955 30.310899572, -87.624269955 30.310723572, -87.624212955 30.310585572, -87.624111955 30.310459572, -87.623997955 30.310377571, -87.623781955 30.310179572, -87.623762955 30.310085572, -87.623793955 30.309871572, -87.623844955 30.309843571, -87.623977955 30.309859571, -87.624034955 30.309887571, -87.624152955 30.309989072, -87.624250955 30.309931571, -87.624244955 30.309865571, -87.624288955 30.309821571, -87.624393454 30.309829572, -87.624503955 30.309804572, -87.624542955 30.309755571, -87.624586955 30.309502571, -87.624522955 30.309342571, -87.624402955 30.309243571, -87.624300955 30.309194572, -87.623799954 30.308985571, -87.623609954 30.308941571, -87.623565955 30.308891571, -87.623571955 30.308825571, -87.623609954 30.308754571, -87.623628955 30.308567571, -87.623685955 30.308462571, -87.623757955 30.308465571, -87.623799954 30.308583571, -87.623862955 30.308616571, -87.623919955 30.308616571, -87.623989954 30.308556571, -87.623983955 30.308462571, -87.623878955 30.308248572, -87.623824955 30.308094571, -87.623811955 30.308028571, -87.623837955 30.307956571, -87.623900955 30.307970571, -87.624141955 30.307967571, -87.624204954 30.307989571, -87.624306955 30.308039071, -87.624449454 30.308066071, -87.624639955 30.308118572, -87.624724955 30.308148571, -87.625003955 30.308162571, -87.625079955 30.308185571, -87.625200954 30.308238072, -87.625510955 30.308185571, -87.625618955 30.308158571, -87.625745955 30.308097571, -87.625815955 30.308048571, -87.625843955 30.308007071, -87.625802955 30.307943571, -87.625644955 30.307993571, -87.625574955 30.308031571, -87.625269955 30.308078571, -87.625212955 30.308053571, -87.625117955 30.307987571, -87.625054955 30.307971571, -87.624788955 30.307983571, -87.624724955 30.307978571, -87.624639454 30.307950571, -87.624468455 30.307909571, -87.624198955 30.307822071, -87.624090955 30.307819571, -87.623913954 30.307786571, -87.623729955 30.307780571, -87.623570954 30.307758571, -87.623240954 30.307742571, -87.623183954 30.307764571, -87.623044955 30.307786571, -87.62291 30.3077975, -87.62267075 30.307777, -87.622583 30.307759, -87.622457 30.3077595, -87.622381 30.307798, -87.622324 30.307811501, -87.622178 30.307798, -87.622121 30.307778501, -87.622033684 30.307733476, -87.621878748 30.307642014, -87.621812477 30.307586786, -87.621772949 30.307536755, -87.621746179 30.307427576, -87.621751454 30.307363572, -87.621807954 30.307237571, -87.621871383 30.307204807, -87.621900324 30.307309623, -87.621889017 30.307479107, -87.621913914 30.307520565, -87.62210377 30.307625667, -87.622179998 30.307685238, -87.622258454 30.307709571, -87.622404954 30.307676571, -87.622400954 30.307487071, -87.622364478 30.307370227, -87.62231392 30.307300817, -87.622289954 30.307236571, -87.622295545 30.307147033, -87.622257954 30.306774571, -87.622282954 30.30659357, -87.622251954 30.30620257, -87.622257954 30.30604357, -87.62221757 30.305858727, -87.622134102 30.30576011, -87.622039891 30.305677573, -87.621881457 30.305446436, -87.621774954 30.30522357, -87.621723252 30.304989469, -87.621676772 30.304907653, -87.621409 30.304855, -87.621084849 30.3047216, -87.621108954 30.30466857, -87.621159954 30.304635571, -87.621261954 30.30460757, -87.621349954 30.304624571, -87.621457954 30.30455257, -87.621495954 30.304415571, -87.621456465 30.304170435, -87.621379073 30.304011143, -87.621131477 30.303801785, -87.621041 30.30375, -87.620490782 30.303573326, -87.620396327 30.303389895, -87.620287763 30.303280686, -87.619990477 30.303103786, -87.619771615 30.303008291, -87.619687835 30.302925005, -87.619649953 30.30274357, -87.619609711 30.302619652, -87.619546026 30.3025382, -87.619364869 30.302390463, -87.619357953 30.30229857, -87.619383953 30.30215557, -87.619338953 30.30196257, -87.619411453 30.30181157, -87.619649953 30.30174857, -87.619794953 30.30169257, -87.620149953 30.301720569, -87.620460953 30.30169257, -87.620783953 30.30176957, -87.621024953 30.30189057, -87.621250819 30.302036544, -87.621310954 30.30205557, -87.621487954 30.30207157, -87.621785954 30.30222557, -87.621944954 30.302291569, -87.622350954 30.30235757, -87.622610954 30.302362569, -87.622736954 30.30235757, -87.622990954 30.30230757, -87.623396954 30.30230157, -87.623522954 30.30227957, -87.623700955 30.30207657, -87.624010954 30.30187857, -87.624042954 30.30181257, -87.624067954 30.30169057, -87.624264955 30.301525569, -87.624568955 30.301382569, -87.624821954 30.30110257, -87.625005954 30.30098657, -87.625420954 30.30066557, -87.625597955 30.300484569, -87.625750955 30.300369569, -87.625927955 30.300154569, -87.626162955 30.299912569, -87.626251955 30.299802569, -87.626371955 30.299703569, -87.626422955 30.299703569, -87.626476863 30.299740454, -87.626513817 30.29979158, -87.626526 30.299946, -87.626513 30.300193, -87.626411 30.30065, -87.62636 30.300782001, -87.626240001 30.300936, -87.626189001 30.301013, -87.626107001 30.301073, -87.625935 30.301216, -87.625815 30.301282, -87.625745 30.301304, -87.625656 30.30131, -87.62558 30.30137, -87.625504 30.301612, -87.625516001 30.301675771, -87.625590955 30.30170557, -87.625730955 30.301656569, -87.626129955 30.301414569, -87.626244955 30.30133157, -87.626364955 30.301232569, -87.626459955 30.301128569, -87.626554955 30.30104057, -87.626624955 30.300941569, -87.626669955 30.30090357, -87.626764955 30.300848569, -87.626821955 30.30083157, -87.62691535 30.300853198, -87.626946368 30.300911447, -87.626964478 30.300971785, -87.627038305 30.301062817, -87.627064 30.301145, -87.627076 30.301261, -87.627076 30.301343, -87.627051001 30.301497001, -87.627059478 30.301576785, -87.627098518 30.30165943, -87.627204898 30.30173739, -87.627300195 30.301825012, -87.627346955 30.30184457, -87.627410455 30.30185257, -87.62743373 30.301797642, -87.627395414 30.301747829, -87.627294731 30.301648642, -87.627258955 30.301601569, -87.627251955 30.301552569, -87.627264955 30.301337569, -87.627264955 30.301205569, -87.627125955 30.300749569, -87.627113955 30.300672569, -87.627074955 30.300562569, -87.627062955 30.300474569, -87.627087955 30.300188569, -87.627100955 30.300144569, -87.627093539 30.300080428, -87.627062955 30.300012569, -87.627031955 30.299902569, -87.627037955 30.299687569, -87.627050955 30.299616569, -87.627088955 30.299495569, -87.627139955 30.299401569, -87.627164955 30.299335569, -87.627217455 30.299269069, -87.627259955 30.299154569, -87.62733113 30.299012618, -87.627538956 30.298747569, -87.627672955 30.298631569, -87.627849955 30.298505569, -87.628464955 30.297993569, -87.628636956 30.297834569, -87.628953956 30.297603568, -87.629149956 30.297438568, -87.629257956 30.297367568, -87.629460956 30.297251569, -87.629847956 30.296927569, -87.629910956 30.296894568, -87.630031956 30.296844568, -87.630189956 30.296822568, -87.630310956 30.296844568, -87.630408839 30.296909501, -87.630458955 30.296982529, -87.630477 30.297065, -87.630460599 30.297183277, -87.63050996 30.297222292, -87.630557956 30.297246568, -87.630620561 30.297290705, -87.630696956 30.297362569, -87.630785956 30.297505569, -87.630956956 30.297725569, -87.631019956 30.297791568, -87.631070956 30.297813569, -87.631140956 30.297824569, -87.631216957 30.297846568, -87.631285956 30.297885569, -87.631349957 30.297934568, -87.631393956 30.298022568, -87.631399956 30.298072569, -87.631393956 30.298127568, -87.631254956 30.298226569, -87.631095956 30.298358569, -87.631051956 30.298435569, -87.631044956 30.298490568, -87.631069956 30.298550569, -87.631088957 30.298627569, -87.631171956 30.298792569, -87.631209956 30.298886569, -87.631240956 30.299012569, -87.631291956 30.299326569, -87.631297957 30.299425569, -87.631278956 30.299656569, -87.631284956 30.299909569, -87.631310956 30.299986569, -87.631348957 30.300063569, -87.631417956 30.300151569, -87.631538957 30.300239569, -87.631836957 30.300404569, -87.631874956 30.300443569, -87.631918957 30.300514569, -87.631931956 30.300569569, -87.631962956 30.300635569, -87.632121956 30.300795569, -87.632197956 30.300861569, -87.632488957 30.300982569, -87.632602956 30.301004569, -87.632805957 30.301070569, -87.632875957 30.30110357, -87.632951957 30.301153569, -87.633084956 30.301296569, -87.633141957 30.30137857, -87.633204957 30.301549569, -87.633211957 30.301631569, -87.633230957 30.301703569, -87.633240457 30.301789069, -87.633287957 30.301846569, -87.633363957 30.30189657, -87.633458957 30.30194557, -87.633534957 30.301967569, -87.633616957 30.301934569, -87.633673957 30.30182457, -87.633705957 30.30173157, -87.633737957 30.30167057, -87.633794957 30.301626569, -87.633845957 30.301610569, -87.634133957 30.30166007, -87.634181958 30.301720569, -87.634231957 30.301874569, -87.634275957 30.301912569, -87.634396958 30.302056569, -87.634478958 30.30210057, -87.634624957 30.302144569, -87.634687957 30.30217157, -87.634852958 30.302221569, -87.635068958 30.302270569, -87.635195958 30.302320569, -87.635277958 30.302369569, -87.635385958 30.30244657, -87.635492958 30.30258457, -87.635549958 30.30274457, -87.635575958 30.302909569, -87.635593957 30.30308557, -87.635606958 30.30314057, -87.635679958 30.30316257, -87.635784958 30.30312957, -87.635758958 30.30297557, -87.635746958 30.302782569, -87.635695957 30.302513569, -87.635587958 30.30238157, -87.635385958 30.302210569, -87.635277958 30.302166569, -87.635125958 30.302127569, -87.634998957 30.302078569, -87.634548957 30.301935569, -87.634491957 30.301891569, -87.634358957 30.301648569, -87.634333957 30.301588569, -87.634295957 30.301544569, -87.634130958 30.30147257, -87.633927957 30.30142857, -87.633769957 30.301434569, -87.633686957 30.301461569, -87.633604957 30.301516569, -87.633578957 30.301593569, -87.633572957 30.301654569, -87.633534957 30.301742569, -87.633455457 30.301750569, -87.633401957 30.301709569, -87.633375957 30.301604569, -87.633363957 30.301522569, -87.633325957 30.301417569, -87.633268957 30.301301569, -87.633116957 30.30110357, -87.633065957 30.301054569, -87.632995957 30.301004569, -87.632602956 30.300806569, -87.632438956 30.300757569, -87.632235957 30.300652569, -87.632178957 30.300591569, -87.632152956 30.300547569, -87.632140956 30.300498569, -87.632156956 30.300440569, -87.632140956 30.300377569, -87.632058956 30.300322569, -87.631975957 30.300256569, -87.631842957 30.300184569, -87.631677957 30.300080569, -87.631589957 30.300014569, -87.631538957 30.299931569, -87.631532956 30.299865569, -87.631500956 30.299739569, -87.631487957 30.299463569, -87.631494956 30.299331569, -87.631487957 30.299276569, -87.631506956 30.299205569, -87.631519957 30.299040569, -87.631405957 30.298770569, -87.631317956 30.298512569, -87.631320456 30.298443569, -87.631380957 30.298385569, -87.631526956 30.298286569, -87.631621957 30.298209569, -87.631653956 30.298165569, -87.631666957 30.298110568, -87.631666957 30.298033568, -87.631634956 30.297929569, -87.631514956 30.297791568, -87.631146956 30.297626569, -87.631070956 30.297582568, -87.630994956 30.297494569, -87.630753956 30.297004568, -87.630689519 30.296820429, -87.630652956 30.296740568, -87.630633956 30.296658568, -87.630621956 30.296548568, -87.630628205 30.296483819, -87.630701956 30.296412568, -87.630976956 30.296223568, -87.631248956 30.296020568, -87.631464956 30.295849568, -87.631686956 30.295690568, -87.631870956 30.295541568, -87.631937 30.295467, -87.632162956 30.295255568, -87.632384957 30.295025568, -87.632517956 30.294876568, -87.632758957 30.294486568, -87.632879956 30.294337567, -87.633119957 30.294084567, -87.633824957 30.293369568, -87.634007957 30.293210567, -87.634191957 30.293073568, -87.634515957 30.292814567, -87.634724957 30.292666568, -87.635181957 30.292363567, -87.635460957 30.292242567, -87.635643958 30.292176567, -87.635764957 30.292116567, -87.636157957 30.291962567, -87.636309958 30.291918567, -87.636618958 30.291788067, -87.637032958 30.291627567, -87.637412958 30.291462567, -87.637577958 30.291374567, -87.637844958 30.291247567, -87.638002958 30.291193567, -87.638509958 30.291050567, -87.638687958 30.291006567, -87.638905208 30.290937317, -87.639226958 30.290863566, -87.639574958 30.290797567, -87.639847958 30.290715567, -87.640088958 30.290638566, -87.640410458 30.290474567, -87.640697958 30.290346567, -87.640766959 30.290330566, -87.641009 30.290314, -87.641111 30.290347, -87.641212 30.290391, -87.641396001 30.290523, -87.641421 30.290567, -87.641474062 30.290775982, -87.6416685 30.290669, -87.641707 30.290611001, -87.641769506 30.290575965, -87.641803953 30.290525975, -87.641856572 30.290419004, -87.641886152 30.290305623, -87.641834 30.290265, -87.641523 30.290287, -87.641276 30.29027, -87.641092 30.290187001, -87.641016 30.290127, -87.641134958 30.289989567, -87.641286959 30.289918566, -87.641590958 30.289758566, -87.641787959 30.289615566, -87.641895959 30.289527566, -87.642250959 30.289296567, -87.642535959 30.289087566, -87.642700959 30.288950567, -87.642865959 30.288845566, -87.64297996 30.288763566, -87.643087959 30.288631566, -87.643372959 30.288411566, -87.64356996 30.288241566, -87.64386196 30.287955566, -87.64400096 30.287839566, -87.644114959 30.287724566, -87.64415996 30.287663565, -87.64426696 30.287581566, -87.644355959 30.287586566, -87.644412959 30.287619566, -87.644495959 30.287647566, -87.644545959 30.287636566, -87.644556806 30.287550606, -87.644526959 30.287509566, -87.644520959 30.287449565, -87.64453396 30.287366565, -87.644571959 30.287295565, -87.64461596 30.287190566, -87.64468596 30.287119566, -87.644786959 30.287036566, -87.64491396 30.286948565, -87.64512296 30.286761565, -87.64524996 30.286629566, -87.64538296 30.286503565, -87.64552296 30.286349565, -87.645642959 30.286195565, -87.645750959 30.286096566, -87.645909959 30.285931566, -87.64597296 30.285848565, -87.64621996 30.285601565, -87.64637296 30.285485566, -87.64644196 30.285414565, -87.64650596 30.285364565, -87.64654396 30.285326565, -87.64663896 30.285188565, -87.64672096 30.285128566, -87.64691796 30.284947565, -87.64707696 30.284787565, -87.647355961 30.284540565, -87.64751396 30.284386565, -87.64760896 30.284270565, -87.64783096 30.284067565, -87.64864896 30.283236565, -87.64923896 30.282670564, -87.649479961 30.282384565, -87.649631961 30.282224565, -87.649770961 30.282087564, -87.649954961 30.281922564, -87.65007596 30.281828564, -87.650151961 30.281740564, -87.650233961 30.281669564, -87.650341961 30.281553564, -87.650525961 30.281427564, -87.650835961 30.281257564, -87.651267961 30.280987564, -87.651571961 30.280817564, -87.651900962 30.280679564, -87.652211961 30.280602564, -87.652471961 30.280514564, -87.652858962 30.280404564, -87.653371962 30.280317564, -87.653675962 30.280295564, -87.653866961 30.280289564, -87.654373962 30.280240564, -87.655038962 30.280245564, -87.656306963 30.280295564, -87.656984963 30.280290564, -87.658188963 30.280246563, -87.658632963 30.280252564, -87.659329963 30.280224564, -87.659804964 30.280191564, -87.660413964 30.280197563, -87.661421964 30.280148563, -87.662111964 30.280126564, -87.662777964 30.280121564, -87.663056965 30.280132563, -87.663785965 30.280143564, -87.664360464 30.280137563, -87.664913965 30.280110564, -87.665306965 30.280105563, -87.666035965 30.280110564, -87.666751966 30.280132563, -87.667340966 30.280094564, -87.668044965 30.280066563, -87.668310966 30.280039563, -87.668621966 30.280023563, -87.668950966 30.280028564, -87.671074967 30.280023563, -87.672056966 30.279940563, -87.672525967 30.279974563, -87.672709967 30.279979564, -87.674072967 30.279946564, -87.675808968 30.279935563, -87.676854968 30.279891563, -87.677735968 30.279875563, -87.678039968 30.279858563, -87.678641969 30.279836563, -87.679079968 30.279831563, -87.679636969 30.279809563, -87.680422969 30.279798563, -87.680771969 30.279804563, -87.680866969 30.279787563, -87.68092997 30.279793563, -87.680981007 30.27983296, -87.681017313 30.280119733, -87.681100969 30.280117563, -87.681177969 30.280106563, -87.68117097 30.279859563, -87.681202969 30.279804563, -87.68127897 30.279765563, -87.682252681 30.279738614, -87.682303807 30.279921854, -87.682444969 30.279925563, -87.68245797 30.279793563, -87.68247697 30.279738563, -87.68251497 30.279694563, -87.682628969 30.279677563, -87.68468297 30.279699563, -87.685322471 30.279735563, -87.685403268 30.279764906, -87.685439685 30.279831337, -87.685445 30.279925, -87.685483 30.280107001, -87.685521 30.280426001, -87.685495 30.280635, -87.6854255 30.2807555, -87.685026 30.280745, -87.684918 30.281295, -87.684792 30.281306001, -87.684782448 30.281473006, -87.685109166 30.281504155, -87.68511826 30.281688031, -87.68526597 30.281707563, -87.685325971 30.281545563, -87.685531971 30.281438563, -87.685575971 30.281399563, -87.685613971 30.281349563, -87.685632971 30.281295563, -87.685772971 30.280706563, -87.685905971 30.280238563, -87.685962971 30.279985563, -87.68596897 30.279776563, -87.68600097 30.279697062, -87.686089971 30.279672562, -87.68682 30.279672, -87.687692971 30.279683563, -87.690722972 30.279661563, -87.692389973 30.279551563, -87.693072973 30.279575563, -87.693624973 30.279814562, -87.693782632 30.279911657, -87.69383 30.280090001, -87.693612 30.280117, -87.693644244 30.28085689, -87.694634973 30.280882562, -87.694645626 30.280084633, -87.694334771 30.280067257, -87.694361973 30.279886562, -87.694806973 30.279550562, -87.694930973 30.279540562, -87.695665973 30.279512562, -87.697415974 30.279556563, -87.697865974 30.279534562, -87.698632975 30.279468562, -87.699126974 30.279440562, -87.700413974 30.279435562, -87.701224975 30.279423563, -87.702770975 30.279434562, -87.703094976 30.279423562, -87.703277975 30.279368562, -87.703373975 30.279352562, -87.703626975 30.279341562, -87.705489976 30.279351562, -87.706085977 30.279362562, -87.708430977 30.279323562, -87.709096977 30.279318562, -87.709349977 30.279334562, -87.709457977 30.279334562, -87.709723978 30.279323562, -87.709964978 30.279285562, -87.710161977 30.279224562, -87.710256978 30.279224562, -87.710820978 30.279290562, -87.711238977 30.279328562, -87.712005978 30.279367562, -87.712493978 30.279367562, -87.713323978 30.279344562, -87.713564979 30.279323562, -87.713811979 30.279317562, -87.715079979 30.279245562, -87.715396979 30.279234561, -87.716739979 30.279124562, -87.71821098 30.279129561, -87.71873098 30.279118562, -87.719173979 30.279118562, -87.72002298 30.279101562, -87.720511981 30.279101562, -87.721563981 30.279068561, -87.72175998 30.279040562, -87.722234981 30.279111561, -87.72237498 30.279111561, -87.722742981 30.279056561, -87.722906981 30.279045561, -87.723134981 30.279012561, -87.723470981 30.278995562, -87.724066982 30.278990561, -87.724212981 30.279017562, -87.724541981 30.279050561, -87.724592981 30.279078561, -87.724808982 30.279138561, -87.725030982 30.279209562, -87.725150981 30.279264561, -87.725423982 30.279418561, -87.725566305 30.279558922, -87.725636681 30.279646669, -87.725763426 30.279773826, -87.725979293 30.279965933, -87.726036688 30.280037665, -87.726240074 30.280181807, -87.726296508 30.28024077, -87.72634676 30.28030663, -87.726404366 30.280416443, -87.726427 30.280541, -87.726395001 30.28075, -87.726395001 30.280854, -87.726433936 30.280974778, -87.726414 30.281036001, -87.726332 30.281184, -87.726159982 30.281305561, -87.726070982 30.281338562, -87.725981982 30.281365562, -87.725905982 30.281377562, -87.725829982 30.281399562, -87.725671982 30.281421562, -87.725569982 30.281454562, -87.725430982 30.281487562, -87.725322982 30.281531562, -87.725240982 30.281553562, -87.725031981 30.281641562, -87.724935981 30.281696562, -87.724859982 30.281756562, -87.724733982 30.281888562, -87.724688981 30.281965562, -87.724663981 30.282053562, -87.724695982 30.282169562, -87.724758982 30.282241562, -87.724809982 30.282284562, -87.724955981 30.282466562, -87.724993982 30.282543562, -87.725037981 30.282604063, -87.725145982 30.282600562, -87.725088981 30.282482562, -87.725018982 30.282383562, -87.724828982 30.282163562, -87.724809982 30.282092562, -87.724828982 30.282020562, -87.724929981 30.281872562, -87.724980981 30.281822562, -87.725081982 30.281762562, -87.725506982 30.281602562, -87.726102982 30.281431562, -87.726330982 30.281332561, -87.726463982 30.281244562, -87.726526982 30.281151562, -87.726646982 30.281019562, -87.726691982 30.280986562, -87.726938982 30.280920562, -87.727014982 30.280884561, -87.727096982 30.280766562, -87.727128983 30.280694562, -87.727185983 30.280595561, -87.727343982 30.280413561, -87.727489982 30.280276561, -87.727540982 30.280243561, -87.727717982 30.280155562, -87.727863982 30.280072562, -87.727964983 30.280034562, -87.728224982 30.279891561, -87.728408982 30.279813562, -87.728540982 30.279782561, -87.728655983 30.279769561, -87.728744983 30.279780562, -87.729061983 30.279934562, -87.729205011 30.28003724, -87.729295983 30.280083561, -87.7293511 30.280130126, -87.729414528 30.280201757, -87.729673859 30.280383495, -87.729828983 30.280457561, -87.729914873 30.280515465, -87.730056983 30.280594561, -87.730164983 30.280644561, -87.730205968 30.280675301, -87.730380983 30.280737562, -87.730449983 30.280753562, -87.730658983 30.280830561, -87.730747983 30.280869562, -87.730887983 30.280907562, -87.731134984 30.280940561, -87.731242984 30.280951562, -87.731424483 30.280948062, -87.731603983 30.280995562, -87.731692984 30.281028561, -87.731933984 30.281072562, -87.732053984 30.281077562, -87.732148984 30.281088562, -87.732249983 30.281110561, -87.732497984 30.281099562, -87.732731983 30.281121561, -87.732787064 30.281142821, -87.732813501 30.281195425, -87.73285093 30.281327345, -87.732912984 30.281342062, -87.732966984 30.281198562, -87.733023984 30.281165562, -87.733080983 30.281176561, -87.733137984 30.281198562, -87.733251984 30.281259562, -87.733325135 30.281323088, -87.733479984 30.281407562, -87.733635816 30.28150459, -87.733705263 30.28156996, -87.733744529 30.281651423, -87.733862 30.28199, -87.733894 30.282255, -87.733919 30.282364, -87.733913 30.282508, -87.733862 30.282695, -87.733856 30.282876001, -87.733837 30.283014, -87.733806 30.283102, -87.733799001 30.283206, -87.733818 30.283278001, -87.733863 30.283388, -87.733846 30.283534001, -87.733857 30.283613001, -87.733890492 30.283725782, -87.733980537 30.283918422, -87.734055638 30.284011692, -87.734149029 30.284198746, -87.734005921 30.284325457, -87.734086946 30.284386339, -87.734270984 30.284292563, -87.734325994 30.284339004, -87.734358001 30.284471, -87.734377 30.284664, -87.734447 30.284972, -87.734506492 30.285133781, -87.734615448 30.285353431, -87.734697086 30.285485507, -87.734758001 30.285698001, -87.734751 30.285791, -87.734713 30.285857, -87.734641746 30.285907892, -87.734663805 30.285973989, -87.734793984 30.285950563, -87.734854804 30.285987624, -87.734906269 30.286035954, -87.735020863 30.286195585, -87.735186141 30.286470491, -87.735261346 30.28654789, -87.735368889 30.286630435, -87.735464312 30.286723918, -87.735565054 30.286806184, -87.735901648 30.287207688, -87.73609929 30.287553457, -87.736188084 30.287696507, -87.736257682 30.287784669, -87.736333461 30.287842816, -87.736504131 30.287999094, -87.736614985 30.288062563, -87.736910185 30.288329036, -87.737096788 30.288443322, -87.737104 30.288491, -87.737054 30.288557001, -87.7369015 30.2886945, -87.736923497 30.288778612, -87.737039986 30.288749563, -87.737089985 30.288727563, -87.737203986 30.288661563, -87.737262259 30.288711643, -87.737269 30.288766001, -87.737244 30.28881, -87.737174 30.288849, -87.737195923 30.288938854, -87.737273985 30.288942563, -87.737344471 30.288969697, -87.737390001 30.289157, -87.737371 30.289470001, -87.737358 30.289547, -87.737365001 30.289635, -87.737437493 30.289940782, -87.737482653 30.290044416, -87.737491 30.290109001, -87.737486 30.290372001, -87.737454 30.290449001, -87.737435 30.290526, -87.737448 30.290614, -87.737454 30.290807, -87.737473 30.290917, -87.73753 30.291115, -87.737549001 30.291203001, -87.737556 30.291275, -87.737575001 30.291341, -87.737588 30.291473, -87.737581 30.291533, -87.7375435 30.2915635, -87.737473 30.291588, -87.737385001 30.291583, -87.737169 30.291599, -87.736979 30.291605001, -87.736869919 30.291617094, -87.736821194 30.291575604, -87.736796838 30.291481783, -87.736675 30.291484, -87.736675 30.291583, -87.736567 30.291583, -87.736073 30.291605001, -87.735984001 30.291589, -87.73592 30.291561, -87.735782861 30.291487492, -87.735593492 30.291360782, -87.735490246 30.291496849, -87.73556842 30.291596833, -87.735687946 30.291685336, -87.735839985 30.291740064, -87.735956985 30.291742564, -87.736077985 30.291770564, -87.736324985 30.291775564, -87.736603986 30.291758564, -87.737338985 30.291742564, -87.737476833 30.291762457, -87.73758287 30.291924821, -87.737596493 30.291981782, -87.737705002 30.292146534, -87.737790097 30.292256229, -87.737894161 30.292345061, -87.737907551 30.29240687, -87.737686499 30.292435501, -87.737672493 30.292481782, -87.73770483 30.292525599, -87.737763985 30.292550564, -87.737839986 30.292556564, -87.737915986 30.292572564, -87.737991986 30.292567564, -87.738080986 30.292572564, -87.738220985 30.292616564, -87.738464815 30.292773596, -87.738587986 30.292841564, -87.738683986 30.292874564, -87.738765986 30.292874564, -87.738955986 30.292825564, -87.739012827 30.29284152, -87.739046116 30.292879926, -87.739059 30.292924, -87.738786001 30.292985, -87.738362 30.293018, -87.737994 30.293057, -87.737938 30.2932055, -87.737839785 30.293597855, -87.738005986 30.293601564, -87.738093986 30.293205564, -87.738258986 30.293177564, -87.739158986 30.293092064, -87.739232258 30.293146966, -87.739262674 30.293187635, -87.7393005 30.293366, -87.739326 30.293672, -87.739326 30.293793, -87.739307 30.294123, -87.73925 30.294277, -87.739009 30.294783001, -87.738914001 30.294916001, -87.738876 30.295037, -87.738541 30.295559, -87.738477 30.295631, -87.738382 30.295713, -87.738249 30.295812, -87.738129001 30.295884001, -87.738027 30.295939, -87.737951 30.295967, -87.737691 30.296082, -87.737584 30.296110001, -87.737432 30.29617, -87.737311 30.296225, -87.737248 30.296269, -87.737222 30.296324, -87.737191 30.296363001, -87.737159001 30.296424, -87.736975001 30.296627, -87.736925 30.296765, -87.736792 30.296968, -87.73669 30.29715, -87.736462001 30.297474, -87.736418 30.297507, -87.736374001 30.297557, -87.736348 30.297623, -87.736336 30.297689001, -87.736215001 30.297794, -87.736165 30.297827, -87.736095 30.297854, -87.735943001 30.297898, -87.735772 30.297937, -87.735639 30.298014, -87.735588 30.298058, -87.735531 30.298096, -87.735385 30.298151, -87.735284 30.298201, -87.735163 30.298245, -87.735005 30.298289, -87.734948001 30.298317, -87.734827 30.298399, -87.734802 30.298449, -87.734758001 30.29857, -87.734707001 30.298735, -87.734694 30.298922, -87.734656001 30.299043001, -87.734542 30.299323, -87.734511 30.299483, -87.73446 30.299615, -87.734422 30.299769, -87.734403 30.299896, -87.73434 30.300022, -87.734283 30.300165, -87.734213 30.300303, -87.734156 30.300435, -87.734099 30.300501, -87.734023 30.300506, -87.733966 30.300479001, -87.733865 30.300446, -87.733789 30.30044, -87.733586 30.300468, -87.733243 30.300584, -87.73292 30.300672, -87.732851 30.300705, -87.732755 30.300771, -87.732584 30.300837, -87.732464 30.300853, -87.732261 30.300831, -87.732184991 30.300787005, -87.732145984 30.300743554, -87.732132984 30.300583566, -87.732163984 30.300451566, -87.732170985 30.300374566, -87.732149453 30.30031681, -87.732104022 30.300268227, -87.731971447 30.300162814, -87.731794492 30.299970784, -87.731734 30.299990001, -87.731736492 30.300036783, -87.731788656 30.300157417, -87.731863916 30.300284565, -87.731934649 30.300449418, -87.731937 30.300496, -87.731874 30.3007, -87.731805 30.300771, -87.731735 30.300799, -87.731583 30.300782001, -87.731399 30.300722, -87.731209 30.3007, -87.730797001 30.300678, -87.730708 30.300683, -87.730435 30.300623, -87.730372 30.300623, -87.730321 30.300640001, -87.730226 30.300645, -87.730131 30.300662, -87.729947 30.300662, -87.729839 30.300678, -87.729757 30.300711, -87.729503 30.300838, -87.729427 30.300865, -87.729364 30.300915, -87.729243001 30.30097, -87.729009 30.301113, -87.728851 30.30119, -87.728749 30.301267, -87.728629 30.301377001, -87.728508 30.30146, -87.728255 30.301713, -87.728173 30.301784, -87.728115 30.301867, -87.728058001 30.301972, -87.728002 30.302142, -87.7279565 30.302208, -87.727887 30.302269, -87.727659 30.302324001, -87.727596001 30.302351, -87.727469 30.302428, -87.727203 30.302615, -87.727133 30.302692, -87.726962 30.302858, -87.726797 30.303045, -87.726709 30.303155, -87.726649 30.303211001, -87.726252001 30.303628001, -87.726132 30.30382, -87.7261 30.303903, -87.72605 30.304079, -87.726018 30.30415, -87.725929 30.304321, -87.725822 30.304481, -87.725784 30.304552, -87.725701 30.3048, -87.725575 30.305113, -87.725549001 30.305218, -87.725568 30.305306001, -87.725568 30.305372001, -87.725581 30.305432, -87.725568 30.305548, -87.725537 30.305674001, -87.725455 30.305878, -87.725359001 30.305982001, -87.725309 30.306021, -87.725062 30.306351, -87.724955 30.306531, -87.72491 30.306637, -87.7248845 30.306984001, -87.724891 30.307204, -87.724885 30.307281, -87.724891 30.307457, -87.724933048 30.307611826, -87.725040558 30.30749983, -87.725133932 30.30757036, -87.725407195 30.307828026, -87.725541044 30.308036522, -87.72561068 30.308124673, -87.725692429 30.308212827, -87.725744296 30.308306458, -87.72576 30.308381001, -87.725785001 30.308452, -87.725798 30.308540001, -87.725798 30.308678001, -87.725838492 30.308817785, -87.725871585 30.308889422, -87.725887001 30.308986001, -87.725881 30.309156001, -87.725893 30.309492, -87.725868 30.309629, -87.725798 30.309756, -87.725741 30.309839, -87.725551 30.309960001, -87.725336 30.310053, -87.725228 30.310114001, -87.725139 30.310152, -87.724879 30.310312, -87.724429 30.310483, -87.724207 30.310598, -87.724119 30.310659, -87.723891 30.310796, -87.72377 30.310890001, -87.723688 30.310928, -87.723612 30.310978001, -87.723434 30.311132001, -87.723358001 30.311159, -87.723300156 30.311154762, -87.723182928 30.311058368, -87.722750864 30.310739482, -87.722614982 30.310648568, -87.722462982 30.310516568, -87.722411982 30.310450569, -87.722360982 30.310323568, -87.722347982 30.310263568, -87.722208982 30.309949568, -87.722151482 30.309845068, -87.721973982 30.309680569, -87.721884982 30.309619568, -87.721780482 30.309609068, -87.721796982 30.309674568, -87.721827982 30.309724568, -87.721897982 30.309773568, -87.721948982 30.309795568, -87.721998982 30.309828568, -87.722189982 30.310224568, -87.722366982 30.310560568, -87.722725931 30.310827362, -87.72293517 30.311014052, -87.723067959 30.311113318, -87.72314361 30.311213664, -87.723149 30.311258, -87.72313 30.311324, -87.723060001 30.311424, -87.722978001 30.311517, -87.722781 30.311682, -87.722699 30.311726, -87.722572 30.311831, -87.72242 30.311897, -87.722268 30.311974001, -87.722033 30.31204, -87.7219 30.312084001, -87.72138 30.312123, -87.72119 30.312123, -87.720746 30.312101001, -87.720366 30.312051001, -87.720081 30.311985, -87.719998954 30.311951526, -87.719958981 30.311891569, -87.719970982 30.311842569, -87.720021982 30.311781568, -87.720078982 30.311721569, -87.720148981 30.311671569, -87.720256981 30.311616569, -87.720338981 30.311561569, -87.720471981 30.311495568, -87.720623982 30.311435569, -87.720693982 30.311396569, -87.720788981 30.311363569, -87.720698982 30.311237569, -87.720649982 30.311259569, -87.720547981 30.311286569, -87.720363981 30.311352569, -87.720213287 30.311416973, -87.71996 30.311551, -87.719884 30.311639, -87.71984 30.311727001, -87.719814 30.311815001, -87.719745 30.311930001, -87.719637 30.311997, -87.719554 30.312019, -87.719465 30.312019, -87.719389 30.312008, -87.719225 30.312002, -87.719079001 30.311986, -87.7185915 30.311911501, -87.718451 30.311909001, -87.718207 30.311882001, -87.718134 30.311865001, -87.718039709 30.311828591, -87.718525982 30.310990569, -87.718372981 30.310797568, -87.718322981 30.310841569, -87.718347981 30.310902569, -87.718344981 30.310971069, -87.718309981 30.311050569, -87.718296981 30.311144569, -87.718265981 30.311215568, -87.718052 30.311546001, -87.717887 30.311777, -87.717798 30.311832, -87.717735001 30.311854, -87.717665 30.311859001, -87.71738 30.311838001, -87.717253 30.311821, -87.717063001 30.311821, -87.716904001 30.31181, -87.716815 30.31181, -87.716758 30.311827, -87.716352 30.311832, -87.7162 30.311777, -87.716008891 30.311718135, -87.71579649 30.311570785, -87.715650779 30.311527686, -87.715549753 30.311466636, -87.7154542 30.31132902, -87.715264482 30.31114779, -87.715177979 30.311051548, -87.71517198 30.310875569, -87.71519698 30.310754568, -87.71522898 30.310671569, -87.71528598 30.310561569, -87.71534298 30.310385568, -87.71531098 30.310347569, -87.71523498 30.310286569, -87.71510198 30.310539569, -87.71506998 30.310616569, -87.71498798 30.310726568, -87.714880294 30.310798761, -87.714775 30.310925, -87.71465131 30.311017654, -87.714575551 30.31112235, -87.71464 30.311118, -87.714869 30.311063, -87.714919 30.311095, -87.714976 30.311145, -87.715053 30.311222, -87.715103 30.311304, -87.715107 30.311489001, -87.715074 30.311744, -87.715064 30.311901, -87.714987 30.312132001, -87.714798 30.312251, -87.714579001 30.312263, -87.714026 30.312213001, -87.713841001 30.312269, -87.7137 30.312334, -87.713562 30.312422, -87.713502001 30.312548, -87.713515 30.312688, -87.713388 30.312814, -87.713232 30.312994001, -87.713167 30.313132, -87.713164 30.31331, -87.713210001 30.313469, -87.713314 30.313776, -87.713292001 30.31397, -87.713113 30.314303, -87.713107001 30.314402, -87.713075 30.3146, -87.713012 30.31471, -87.712847 30.314902, -87.712727001 30.315057001, -87.712467 30.315326, -87.712429 30.315398, -87.712429 30.315442, -87.712397 30.315601001, -87.712391 30.315832001, -87.712359 30.315997, -87.712359 30.316124, -87.712379 30.316564, -87.712374489 30.316643785, -87.712421683 30.31672167, -87.712464541 30.316819427, -87.712474 30.316949, -87.712429 30.317015, -87.712372 30.317042, -87.712315 30.317032001, -87.712266003 30.317007249, -87.712216396 30.316967852, -87.7121602 30.316907481, -87.712121544 30.316841751, -87.71206442 30.316775833, -87.711791058 30.316490179, -87.711669937 30.316391351, -87.71147449 30.316247785, -87.711224001 30.316113, -87.711136 30.316091, -87.710977 30.316064, -87.710863 30.316058, -87.710762001 30.316069, -87.710597 30.316102, -87.710388001 30.316174, -87.710172001 30.316295001, -87.710064 30.316366, -87.709589 30.316702, -87.709487 30.316812001, -87.709329 30.317005, -87.709177001 30.317214, -87.708974 30.317555, -87.708942 30.317654, -87.708917 30.317769001, -87.708892 30.317967, -87.70891349 30.318052786, -87.708957964 30.318118549, -87.709029979 30.318159571, -87.709099979 30.318181571, -87.709144661 30.318226252, -87.709158 30.318286001, -87.709145 30.318363, -87.709088 30.318424, -87.709010815 30.318403265, -87.708951213 30.318361008, -87.708855837 30.318273537, -87.708726886 30.318198078, -87.708678065 30.318146168, -87.708557954 30.318047323, -87.708317798 30.317876616, -87.708274979 30.31781857, -87.708262978 30.317763571, -87.708228625 30.317678703, -87.708195788 30.317640656, -87.70803149 30.317540786, -87.707953 30.317527, -87.707910244 30.317564394, -87.708069705 30.317840885, -87.708133288 30.317898939, -87.708520025 30.31820722, -87.708979008 30.318561957, -87.7089935 30.318707001, -87.708949 30.318776, -87.708619 30.319089001, -87.708473 30.319222, -87.70834 30.319145, -87.708215562 30.319273714, -87.708308751 30.31937018, -87.708271 30.319447001, -87.708214 30.319491, -87.708146001 30.319523001, -87.708049 30.319546, -87.707973 30.319552, -87.707839 30.319513, -87.707636 30.319398, -87.707541 30.319326, -87.707408 30.319238, -87.707155001 30.319013, -87.707085 30.318963001, -87.706958 30.318903, -87.706749 30.318848, -87.706641 30.318837001, -87.706501 30.318842001, -87.706413 30.318881, -87.706349 30.318930001, -87.706286 30.319007, -87.70626 30.319051, -87.706248 30.319117, -87.706254 30.319167, -87.706305 30.319222, -87.706343 30.319282001, -87.706375 30.319359, -87.706387 30.319409, -87.706387 30.319464001, -87.706343 30.319524, -87.706204 30.31964, -87.706108 30.319766, -87.706013 30.319959, -87.705963 30.319987001, -87.705899 30.319976, -87.705829 30.319926, -87.705715 30.319822, -87.705684 30.319778001, -87.705595 30.319775, -87.705601001 30.319849, -87.7058295 30.3200585, -87.705817 30.320124, -87.705766 30.320185, -87.705519001 30.320355, -87.705411001 30.320438, -87.705170001 30.320537, -87.705113001 30.320575, -87.705069 30.320625001, -87.704961 30.320801, -87.704863 30.320911, -87.704828 30.320999, -87.704822 30.321076001, -87.704745 30.321296001, -87.704593 30.321527, -87.704543 30.321626, -87.704308001 30.321945, -87.704219 30.322094, -87.704137 30.32216, -87.703877001 30.322215001, -87.703516 30.322275001, -87.703414 30.322275001, -87.703243 30.322297, -87.703053 30.322297, -87.702989001 30.322286, -87.702843 30.322275001, -87.702755 30.322281, -87.702666001 30.322270001, -87.702583 30.322270001, -87.702469 30.322281, -87.702286 30.322319001, -87.7021205 30.3223655, -87.702006 30.322386, -87.701823 30.322446, -87.701766 30.322452001, -87.70162 30.322496, -87.701474 30.322573, -87.701455001 30.322622, -87.701244 30.322831501, -87.701315 30.322875, -87.701417 30.322848, -87.701512001 30.322831001, -87.701575 30.322809, -87.701639 30.32276, -87.70169 30.322705, -87.701734 30.322672, -87.701816 30.322633001, -87.701987 30.322567, -87.702116 30.322535, -87.702254 30.322517, -87.702419 30.322534, -87.702533001 30.322572, -87.702755 30.322688, -87.702863 30.322688, -87.702907001 30.32266, -87.702964001 30.3226, -87.70304 30.322473001, -87.703072 30.322435, -87.703129 30.322424, -87.703192 30.322418001, -87.703281 30.322429, -87.70344 30.322432, -87.703497001 30.322457, -87.703395001 30.322715001, -87.703389 30.322770001, -87.70344 30.322814, -87.703617 30.322638, -87.70375 30.322517, -87.70382 30.322473501, -87.703883 30.32249, -87.703909 30.322528001, -87.703906 30.3226495, -87.704029 30.322666, -87.70415 30.322649001, -87.704403 30.322578001, -87.704575001 30.322501, -87.704644 30.322451, -87.704689 30.322391, -87.704708001 30.32233, -87.70467 30.322171001, -87.7046635 30.3219895, -87.704796 30.321907, -87.704974 30.321829001, -87.70505 30.321808, -87.70512 30.321807, -87.705202 30.321791, -87.705278001 30.321769, -87.705535 30.321631001, -87.7055795 30.321562501, -87.705513 30.321516001, -87.705405 30.321488001, -87.705329001 30.321477, -87.705132 30.321461, -87.705094 30.321428, -87.705063 30.321364501, -87.705145 30.321268, -87.705227 30.321219, -87.705303001 30.32118, -87.705380001 30.321158, -87.705494 30.321109, -87.705506 30.321065, -87.705478001 30.321018, -87.705386 30.320963, -87.705563 30.320806, -87.705601001 30.320762, -87.705627 30.320685, -87.705671 30.320614, -87.705715 30.320564, -87.705792 30.320504, -87.705874 30.32046, -87.705937 30.32041, -87.706096 30.320333, -87.706292 30.320190001, -87.706394 30.320047, -87.706432001 30.319920001, -87.706476 30.319827, -87.706578 30.319662, -87.706641 30.319568, -87.706692 30.319513, -87.706711 30.319469, -87.706882 30.319244001, -87.706939 30.319233, -87.70704 30.319233, -87.707142 30.319271, -87.707262 30.319365, -87.707319 30.319392, -87.707484001 30.319612, -87.707529 30.319662, -87.707542 30.319904, -87.707504001 30.320316, -87.707402001 30.320729, -87.707364 30.321004, -87.707333 30.32107, -87.707256 30.321196001, -87.707206 30.321224, -87.707066 30.321257, -87.707009 30.321252, -87.706901 30.321263, -87.706756 30.32129, -87.706673001 30.321312, -87.706654 30.321356, -87.706654 30.3214, -87.706794 30.321439, -87.707218 30.321406, -87.707301 30.321433, -87.707358 30.321488001, -87.707459 30.321763, -87.707574 30.321983001, -87.707618 30.322126, -87.707631 30.322203, -87.707682 30.322379001, -87.707701 30.322478, -87.707694001 30.32255, -87.70765 30.322649001, -87.707212001 30.322709, -87.706249 30.322781001, -87.706172 30.322814, -87.706147 30.322853, -87.706115 30.322935, -87.706116 30.323039, -87.706182 30.3230505, -87.706242001 30.323023, -87.706274 30.322979, -87.706325 30.322935, -87.706369 30.322907, -87.706477 30.322885, -87.706927 30.32288, -87.707606 30.322847001, -87.707606 30.322907, -87.707555 30.323039, -87.707498 30.323138, -87.707441 30.32321, -87.707377 30.323265, -87.707301 30.323375, -87.706902 30.323826, -87.706718 30.323953, -87.706591001 30.324008, -87.706502 30.324013001, -87.706426 30.324002001, -87.706319 30.323969, -87.706274 30.32392, -87.706249 30.323865, -87.706223 30.323793001, -87.706223 30.323700001, -87.706173 30.3235675, -87.706122 30.323612, -87.706103 30.323689001, -87.706103 30.323815, -87.706141 30.323969, -87.706173 30.324035001, -87.706211001 30.324074, -87.706262 30.324101, -87.706401001 30.324129001, -87.706455 30.324181, -87.70642 30.324239, -87.706401001 30.324288, -87.706326 30.32443, -87.706287 30.324492001, -87.706249 30.324602001, -87.706211001 30.324657, -87.706134 30.324796, -87.706014 30.32508, -87.706014 30.325152, -87.706046 30.325322, -87.706072 30.325548, -87.706078001 30.325636, -87.706065 30.32568, -87.706021 30.325713, -87.705951 30.325696, -87.705869 30.325696, -87.705812 30.325685001, -87.705742 30.32568, -87.705666 30.325713, -87.705634 30.325757, -87.705663 30.325823, -87.705742 30.325856001, -87.706084 30.325916, -87.706161 30.325960001, -87.706224 30.326026, -87.706275 30.326131, -87.706294 30.326269, -87.706262 30.326417, -87.706224 30.326736001, -87.706306 30.326758, -87.706351 30.326412, -87.706414 30.326373, -87.7065 30.326361501, -87.706573 30.326411, -87.706649 30.326532, -87.706826 30.326714, -87.706833 30.32678, -87.706795 30.326813001, -87.7065015 30.326816001, -87.706497 30.326868001, -87.70682 30.326896001, -87.706858001 30.326956, -87.706845501 30.327019, -87.706763 30.327088001, -87.706719001 30.327204, -87.706719001 30.327286, -87.706738 30.327407001, -87.706725 30.327479, -87.706294 30.327908, -87.706218 30.327941, -87.706161 30.327979, -87.706028 30.328122, -87.705983 30.328188, -87.705945001 30.328331, -87.705933 30.328408001, -87.705882 30.328568, -87.705838 30.32865, -87.705755001 30.3287, -87.705692 30.328716001, -87.705597 30.328705, -87.705478248 30.32864475, -87.705477026 30.328724952, -87.70553552 30.328833667, -87.705324 30.328737, -87.705208 30.328697, -87.705136 30.328661, -87.705119 30.328631, -87.7051 30.328561, -87.705049 30.328504, -87.705024 30.328476, -87.704988 30.328427, -87.704957 30.328385, -87.704875 30.328304, -87.704808488 30.328252008, -87.704779 30.328236, -87.704668 30.328187, -87.704629 30.328175, -87.704385 30.328125, -87.704303 30.328114, -87.70422 30.328112, -87.704013 30.328128, -87.703878752 30.328123797, -87.703756447 30.328112699, -87.703728 30.328125, -87.703608 30.328155, -87.703486 30.328174, -87.703283 30.328212, -87.7032 30.328222, -87.702874 30.328281, -87.702845 30.328258, -87.702716 30.328114, -87.702665 30.328075, -87.702596 30.328087, -87.702513 30.328119, -87.702453 30.328159, -87.70237422 30.328198634, -87.702343 30.328208, -87.702254049 30.328224388, -87.702062 30.328375, -87.702029 30.328396, -87.701992 30.328413, -87.701952 30.328425, -87.701916 30.328419, -87.701835 30.328389, -87.701777 30.328404, -87.701635 30.328414, -87.701528 30.328423, -87.701404 30.328422, -87.701313327 30.328412813, -87.701226 30.328461, -87.701153495 30.328511861, -87.701127 30.328527, -87.701052 30.328557, -87.70098 30.328593, -87.700780637 30.328664224, -87.700751191 30.328674196, -87.700497 30.328794, -87.700382 30.328837, -87.700309 30.328871, -87.70023 30.328893, -87.700100433 30.328916582, -87.700069 30.328919, -87.699914 30.328866, -87.69975 30.328842, -87.699628 30.328819, -87.699545 30.328812, -87.699421 30.328808, -87.699372597 30.328810308, -87.699342 30.328807, -87.699229 30.328759, -87.699065 30.328746, -87.699023 30.328747, -87.698899 30.328741, -87.6988075 30.328731, -87.698534 30.328675, -87.698442949 30.328673589, -87.69841 30.328676, -87.698361462 30.328690269, -87.698334 30.328704, -87.698274 30.328753, -87.69822 30.328808, -87.698107 30.328955, -87.698032 30.328985, -87.697933 30.329051, -87.697910881 30.329070068, -87.697832 30.329111, -87.697668 30.329138, -87.697604 30.329159, -87.697552 30.329176, -87.697482 30.329215, -87.697457949 30.329231535, -87.697423 30.329264, -87.697387 30.329329, -87.697378 30.3294, -87.697406 30.329456, -87.697572 30.329465, -87.697653 30.329479, -87.69768622 30.329488967, -87.697763 30.329528, -87.697789233 30.329548309, -87.697818 30.329582, -87.697835 30.329614, -87.697847 30.329649, -87.697852021 30.329678288, -87.697832181 30.329759642, -87.697808 30.329774, -87.69777 30.329788, -87.697631 30.329867, -87.697599 30.32989, -87.697542 30.329941, -87.697517 30.32997, -87.697486 30.329994, -87.697418 30.330034, -87.697371293 30.330048385, -87.697339 30.33005, -87.697292032 30.330042419, -87.697261 30.330029, -87.69713 30.32994, -87.697016516 30.329884474, -87.696986 30.329882, -87.696947 30.329894, -87.696906 30.3299, -87.696824 30.329903, -87.6967 30.329895, -87.696530478 30.329868993, -87.696498 30.329859, -87.696424016 30.329815262, -87.696397 30.329795, -87.696344 30.329742, -87.696297758 30.329727763, -87.696264 30.329722, -87.696154 30.329673, -87.696038 30.329635, -87.695998 30.329645, -87.695965 30.329631, -87.695945 30.329598, -87.695918975 30.329652574, -87.695943976 30.329691574, -87.696019976 30.329724573, -87.696102976 30.329735074, -87.696248976 30.329817574, -87.696273975 30.329856573, -87.696324975 30.329894574, -87.696476976 30.329944573, -87.696926976 30.329977574, -87.697002976 30.329988574, -87.697072976 30.330010574, -87.697262976 30.330136573, -87.697351976 30.330158574, -87.697421976 30.330142573, -87.697560976 30.330054573, -87.697649976 30.329960574, -87.697731976 30.329911574, -87.697813226 30.329909824, -87.697833976 30.329988574, -87.697871976 30.330032573, -87.697960976 30.330087574, -87.698048976 30.330114573, -87.698017976 30.330043573, -87.698004976 30.329982574, -87.697985977 30.329828573, -87.697991976 30.329718574, -87.697985977 30.329663574, -87.697941976 30.329581573, -87.697890976 30.329531574, -87.697782976 30.329465574, -87.697719976 30.329438574, -87.697617976 30.329410574, -87.697566976 30.329405573, -87.697481976 30.329367074, -87.697503976 30.329306573, -87.697554976 30.329267573, -87.697611976 30.329240573, -87.697681976 30.329223573, -87.697833976 30.329223573, -87.697896976 30.329212573, -87.697947976 30.329185573, -87.698004976 30.329135573, -87.698067977 30.329091573, -87.698181976 30.329074573, -87.698258976 30.329085573, -87.698340976 30.329085573, -87.698448976 30.329096574, -87.698619976 30.329055574, -87.698606976 30.328981574, -87.698274476 30.328932074, -87.698315976 30.328860573, -87.698397976 30.328788573, -87.698467977 30.328766574, -87.698543977 30.328766574, -87.698790476 30.328812073, -87.699000977 30.328838573, -87.699082977 30.328832573, -87.699171976 30.328849573, -87.699247977 30.328948573, -87.699279976 30.329019573, -87.699279976 30.329074573, -87.699260977 30.329135573, -87.699222976 30.329173573, -87.699006977 30.329245574, -87.699044976 30.329476573, -87.699145976 30.329470573, -87.699215977 30.329437574, -87.699329977 30.329349573, -87.699374977 30.329267573, -87.699437976 30.329085573, -87.699456977 30.328948573, -87.699548976 30.328942573, -87.699843976 30.328975573, -87.699888476 30.329053073, -87.699900976 30.329118573, -87.699894976 30.329168573, -87.699849977 30.329344573, -87.699862977 30.329421573, -87.699932977 30.329432573, -87.699989977 30.329421573, -87.700084976 30.329289573, -87.700179977 30.329184574, -87.700255977 30.329113573, -87.700280977 30.329069573, -87.700420977 30.328997573, -87.700629977 30.328865573, -87.700724977 30.328827573, -87.700819977 30.328799573, -87.700991977 30.328722573, -87.701124977 30.328645573, -87.701257977 30.328584573, -87.701358977 30.328552573, -87.701453977 30.328535573, -87.701561977 30.328530573, -87.701651977 30.328515073, -87.701828977 30.328551573, -87.701942977 30.328590573, -87.702006477 30.328581073, -87.702056977 30.328557573, -87.702132977 30.328502573, -87.702195977 30.328436573, -87.702367977 30.328359573, -87.702544978 30.328199573, -87.702671977 30.328293573, -87.702665977 30.328397573, -87.702671977 30.328568573, -87.702665977 30.328645573, -87.702696977 30.328760573, -87.702760978 30.328837573, -87.702899978 30.328942573, -87.702944978 30.328986573, -87.703026978 30.329030573, -87.703071977 30.329063573, -87.703172977 30.329101573, -87.703235978 30.329140573, -87.703280977 30.329195573, -87.703343978 30.329255573, -87.703432978 30.329299573, -87.703540978 30.329338573, -87.703610978 30.329349573, -87.703660977 30.329338573, -87.703660977 30.329167573, -87.703540978 30.329096573, -87.703426978 30.329002573, -87.703261978 30.328931573, -87.703159978 30.328870573, -87.703077978 30.328810573, -87.702887978 30.328634573, -87.702878978 30.328545573, -87.702893978 30.328502573, -87.702982977 30.328436573, -87.703064977 30.328397573, -87.703172977 30.328364573, -87.703394978 30.328320573, -87.703565978 30.328293573, -87.703812978 30.328276573, -87.703907978 30.328282573, -87.704415978 30.328282573, -87.704630978 30.328320573, -87.704713978 30.328359573, -87.704770978 30.328403573, -87.704840978 30.328474573, -87.704857478 30.328527574, -87.704865978 30.328617573, -87.704827978 30.328738573, -87.704776978 30.328821573, -87.704700978 30.328903573, -87.704599978 30.328942573, -87.704510978 30.329008573, -87.704415978 30.329101573, -87.704326977 30.329162573, -87.704180978 30.329206573, -87.704016978 30.329233573, -87.704016978 30.329354573, -87.704161978 30.329360573, -87.704225978 30.329349573, -87.704402978 30.329283573, -87.704669978 30.329079573, -87.704872978 30.328942573, -87.705043978 30.328898573, -87.705144978 30.328887573, -87.705265978 30.328892573, -87.705353978 30.328909573, -87.705449978 30.328952573, -87.705569978 30.329030573, -87.705674978 30.329041073, -87.705747978 30.329002573, -87.705930979 30.328837573, -87.706007979 30.328738573, -87.706045978 30.328666573, -87.706089979 30.328606573, -87.706228979 30.328435573, -87.706286978 30.328386573, -87.706450978 30.328281573, -87.706520979 30.328270573, -87.706599 30.328307233, -87.706599 30.328364, -87.706582489 30.328476787, -87.706622298 30.328527498, -87.706729979 30.328540573, -87.70678018 30.328556322, -87.706820705 30.328627152, -87.706848265 30.328740026, -87.706898982 30.328780281, -87.706977979 30.328820573, -87.707046978 30.328842573, -87.707110979 30.328853573, -87.707262979 30.328914573, -87.707421979 30.328991573, -87.707554979 30.329040573, -87.707662979 30.329068573, -87.707738979 30.329079573, -87.707846979 30.329068573, -87.707922978 30.329035573, -87.708010979 30.328980573, -87.708112979 30.328848573, -87.708130108 30.328757506, -87.708067979 30.328655573, -87.708048979 30.328578573, -87.708061979 30.328506573, -87.708156979 30.328451573, -87.708226979 30.328446573, -87.708339403 30.328511661, -87.708497881 30.328745582, -87.708520001 30.328826001, -87.708609 30.329079001, -87.70866 30.329354, -87.708698 30.329717, -87.70873 30.329932, -87.708799 30.330245, -87.70878 30.330328, -87.708763495 30.330451753, -87.708878457 30.33057781, -87.708922835 30.330638601, -87.708971 30.330779001, -87.7089755 30.3308435, -87.708971 30.330938, -87.708914 30.330955001, -87.708910469 30.331038974, -87.70915298 30.331064573, -87.709220319 30.331108914, -87.709243 30.331175001, -87.709231 30.331224, -87.709161 30.331257001, -87.708964 30.331323, -87.70873 30.331340001, -87.708514 30.331384, -87.708387001 30.331417, -87.708305001 30.33145, -87.708248001 30.331516, -87.70825049 30.331579787, -87.708304404 30.331642397, -87.708391979 30.331680573, -87.708626979 30.331691573, -87.708861979 30.331713574, -87.709102979 30.331719573, -87.709159812 30.331759267, -87.709187001 30.331824001, -87.709187001 30.33189, -87.709155 30.331961, -87.708914 30.332159, -87.708781 30.332291, -87.708679001 30.332352001, -87.708578 30.332385, -87.708476 30.332391001, -87.708304042 30.332347909, -87.708237645 30.332294694, -87.708132979 30.332165573, -87.708094979 30.332066574, -87.708097614 30.331838604, -87.70802 30.33183, -87.707975 30.331857, -87.707934 30.331917501, -87.707944 30.332011, -87.707931 30.332083, -87.70787636 30.33212627, -87.707844757 30.332052636, -87.707697991 30.331860268, -87.70758449 30.331771787, -87.707487 30.331736, -87.707392 30.331720001, -87.707309001 30.331736, -87.707214 30.331813, -87.707164 30.33189, -87.707119 30.331989, -87.707088 30.332138, -87.707088 30.332358, -87.707113 30.332484, -87.707183 30.332704001, -87.707196 30.332792, -87.707202001 30.332897, -87.707196 30.333111, -87.707208 30.333254, -87.707202001 30.333568001, -87.707215 30.333656, -87.707196 30.333744, -87.70717 30.333788, -87.70717 30.333887, -87.707144 30.333993501, -87.707107 30.334091, -87.707037001 30.334217, -87.707009202 30.334295178, -87.707171961 30.334401733, -87.707239097 30.334439814, -87.707243 30.334541, -87.70736 30.334934, -87.707498 30.335218, -87.70776 30.335443, -87.707978 30.335596, -87.708217 30.335788, -87.708395 30.336075, -87.708439 30.33641, -87.708303 30.336673, -87.708116 30.336795, -87.707883 30.336847, -87.707738 30.336927, -87.70772 30.336996, -87.707687 30.33713, -87.707723 30.337472, -87.707861 30.337756, -87.708079 30.338076, -87.708327 30.338367, -87.708436 30.338621, -87.708392 30.338956, -87.708189 30.339283, -87.708109 30.339618, -87.708079 30.339989, -87.707949 30.340156, -87.70781 30.340258, -87.707519 30.340309, -87.707301 30.340418, -87.707221 30.3406, -87.70725 30.340723, -87.707316 30.340781, -87.707599 30.341014, -87.707652 30.341108, -87.707665 30.34113, -87.70780398 30.341115575, -87.707753979 30.341049575, -87.707563979 30.340900576, -87.707468979 30.340840575, -87.70734198 30.340686575, -87.707341979 30.340590076, -87.70739298 30.340521576, -87.707493979 30.340438576, -87.707550979 30.340427575, -87.707620979 30.340427575, -87.70771598 30.340476575, -87.707842979 30.340611576, -87.707906479 30.340587076, -87.707912979 30.340509576, -87.70793198 30.340443575, -87.707975979 30.340383576, -87.708026979 30.340289576, -87.708057979 30.340251575, -87.708108979 30.340207576, -87.708127979 30.340163575, -87.70817298 30.340097575, -87.708184979 30.340036575, -87.708165979 30.339921576, -87.708165979 30.339778576, -87.708184979 30.339629576, -87.708241979 30.339514575, -87.70831198 30.339431575, -87.70851498 30.339079576, -87.70854598 30.338997575, -87.708564979 30.338881575, -87.708564979 30.338810575, -87.70854598 30.338634575, -87.70852698 30.338551575, -87.708488979 30.338480575, -87.70833098 30.338237575, -87.70820398 30.338078575, -87.708012979 30.337875575, -87.707943979 30.337770575, -87.707898979 30.337682575, -87.70790598 30.337605575, -87.707886979 30.337412575, -87.707860979 30.337258575, -87.70785498 30.337165575, -87.707822979 30.337088575, -87.707827479 30.337029075, -87.707860979 30.336967575, -87.707923979 30.336950575, -87.708047979 30.336964575, -87.708101979 30.337022574, -87.708168479 30.337047075, -87.70836798 30.336884575, -87.708463979 30.336763575, -87.70852698 30.336637575, -87.708570979 30.336516574, -87.708570979 30.336395574, -87.708558979 30.336329574, -87.708564979 30.336246575, -87.70855798 30.336175574, -87.70852698 30.336076574, -87.708481979 30.335982574, -87.708240979 30.335691574, -87.70815198 30.335603575, -87.707929979 30.335438574, -87.707708979 30.335251574, -87.707619979 30.335146575, -87.707523979 30.335003575, -87.707441979 30.334789574, -87.707403979 30.334662574, -87.707403979 30.334591574, -87.707473479 30.334481074, -87.708037979 30.334431574, -87.708028776 30.334335675, -87.707653001 30.334322, -87.707336492 30.334291395, -87.707339979 30.334239574, -87.707377979 30.334167574, -87.707402 30.33406, -87.707411 30.333942, -87.70744 30.333898, -87.707481 30.333947, -87.707551 30.333958501, -87.707576001 30.333914001, -87.707538 30.333672, -87.707513 30.333568001, -87.707468001 30.333436, -87.707443001 30.333271, -87.707437 30.333073, -87.707405 30.332996, -87.707386001 30.332897, -87.707386001 30.332792, -87.707367 30.332561, -87.707354 30.332253001, -87.707373 30.332193, -87.707436 30.332143001, -87.707494001 30.332116, -87.707551 30.332149, -87.707874001 30.332539001, -87.707918 30.332578, -87.70795 30.332633, -87.707931 30.332712501, -87.707855 30.332809001, -87.707836 30.332979, -87.708115001 30.333238, -87.708071 30.333309, -87.708185 30.333408001, -87.708134 30.333496001, -87.70809 30.333601, -87.708096 30.333656, -87.708179 30.333914001, -87.70823 30.33398, -87.708287 30.334024, -87.708344 30.334057001, -87.70842 30.334085, -87.708521 30.334079001, -87.708578 30.334068, -87.708648001 30.334024, -87.708718 30.333892, -87.708775 30.333815001, -87.708807 30.333733, -87.708826 30.333656, -87.708857 30.333469, -87.708857 30.333392, -87.708895001 30.333315, -87.708908 30.33326, -87.708921 30.333172, -87.708921 30.333100001, -87.708933 30.333056, -87.708971 30.332974, -87.708997001 30.332875, -87.709054001 30.332737, -87.709085001 30.332632, -87.709111 30.332517, -87.709117 30.332418, -87.70913 30.332357, -87.709174 30.332313, -87.709231 30.332275, -87.709345 30.332253001, -87.709561 30.332269001, -87.709662 30.332264, -87.709726001 30.332247, -87.709814 30.332198001, -87.70991 30.332132, -87.709954 30.332082, -87.709979 30.332033001, -87.709992 30.331983001, -87.709935 30.331945, -87.709872 30.331917, -87.70964 30.3318565, -87.70965 30.331791, -87.709694 30.331747001, -87.709897 30.331620001, -87.709922 30.331565, -87.709916001 30.331521001, -87.70984 30.331367, -87.709732 30.331224, -87.709643 30.331048001, -87.709567001 30.330878001, -87.709529 30.330773, -87.709503 30.330724001, -87.709431 30.330635, -87.709402 30.33057, -87.709357 30.330394001, -87.709281 30.330245, -87.709161 30.329921001, -87.709142 30.329833001, -87.709135 30.329734, -87.709154 30.329673, -87.709332 30.329744, -87.709383 30.329783, -87.709446 30.32986, -87.709510001 30.329954, -87.70963 30.330229001, -87.709694 30.330581, -87.709732 30.330718, -87.709776 30.330795, -87.709827 30.330823001, -87.709928 30.33085, -87.710023001 30.33085, -87.710230577 30.330837561, -87.710134994 30.33066071, -87.710061 30.330658001, -87.709979 30.330674, -87.709928 30.330658001, -87.709878 30.330586, -87.709833 30.330361, -87.70982 30.330234, -87.709776 30.330014, -87.709744 30.329909, -87.709700001 30.329832, -87.709643 30.329783, -87.709567001 30.329744, -87.709408001 30.329607, -87.7093225 30.329502501, -87.709306 30.329458001, -87.709306 30.329398, -87.709326001 30.329310001, -87.709306 30.329134, -87.709256 30.328963, -87.709218001 30.328859, -87.709116 30.328655, -87.709053 30.328600001, -87.708958 30.328529, -87.708894 30.328463, -87.708818001 30.328408001, -87.70859 30.32821, -87.708513 30.328155, -87.708456 30.328122, -87.708393 30.328105, -87.708311 30.328067, -87.708152 30.328017001, -87.708051 30.327973, -87.707943 30.327973, -87.707835 30.327963, -87.707632 30.328056001, -87.707442 30.328155, -87.707271 30.32821, -87.707207001 30.328216, -87.707131 30.328177, -87.70708 30.328122, -87.707112 30.328042501, -87.707271 30.327957, -87.707493 30.327869001, -87.70767 30.327781, -87.707721 30.32772, -87.707689001 30.327555, -87.707588 30.327302, -87.707549 30.32717, -87.7074225 30.326821, -87.707632 30.326714, -87.707695 30.326653001, -87.707701 30.326494, -87.707714 30.326422001, -87.707701 30.326351, -87.707657 30.326318, -87.707581001 30.326312, -87.707543 30.326351, -87.707518 30.3264, -87.707473 30.326444, -87.70741 30.326538001, -87.707302 30.326543, -87.707232001 30.326499, -87.707175 30.326439, -87.707105 30.326356, -87.707004 30.326213, -87.706864 30.326114, -87.706826 30.326037, -87.706839 30.325971, -87.706896 30.325911, -87.707124 30.3259, -87.707625 30.325911, -87.708031 30.325911, -87.708044 30.325834, -87.706839 30.325817, -87.706776001 30.325779, -87.7067475 30.325738001, -87.706674 30.325608, -87.70668 30.325537, -87.707023 30.325515001, -87.707663001 30.325515001, -87.708063 30.325504, -87.708069001 30.325410001, -87.706753 30.325402, -87.706699001 30.325355001, -87.706661 30.325212, -87.706661 30.325119, -87.706687 30.325020001, -87.706731 30.324987, -87.707118 30.32497, -87.707879001 30.32497, -87.707885 30.324849001, -87.706807001 30.324860001, -87.706813 30.324789001, -87.706832001 30.324717, -87.706908 30.324552, -87.706972 30.324475001, -87.707042 30.324442, -87.707124 30.324431, -87.707282 30.324426, -87.707841 30.324436001, -87.707961001 30.324431, -87.708031 30.324387, -87.708075 30.324348, -87.708119 30.324288, -87.708139 30.324172, -87.708183 30.32404, -87.708202 30.3238865, -87.708145 30.323848, -87.7079395 30.323760001, -87.707955 30.323683001, -87.708041 30.32347, -87.708088 30.323419, -87.7081605 30.3233745, -87.708322 30.323369, -87.708395 30.3233365, -87.708493 30.323331, -87.7085025 30.3232265, -87.708367 30.323226001, -87.7082585 30.323207001, -87.708233001 30.323144, -87.708259 30.322984, -87.708297 30.322852001, -87.708354 30.322775, -87.708417 30.322753, -87.708500001 30.322742, -87.708614 30.322737, -87.708614 30.322665, -87.708557 30.322649001, -87.708341001 30.322638, -87.708309 30.322451, -87.708284001 30.32239, -87.70829 30.322324, -87.708366001 30.322247, -87.70888 30.322219, -87.70888 30.322126, -87.70843 30.322126, -87.708347 30.322132, -87.708259 30.322071, -87.708233001 30.322027, -87.708176001 30.321884, -87.708163 30.321829001, -87.708217 30.321721501, -87.708905001 30.321724001, -87.708994 30.321719001, -87.70907 30.321688501, -87.709127 30.321636, -87.709184 30.321565, -87.709514 30.321207, -87.709603001 30.321119, -87.709596 30.321059, -87.709564 30.321015, -87.7094 30.321015, -87.709285001 30.321026001, -87.708005 30.321048, -87.707979 30.320976001, -87.708005 30.320811, -87.708049 30.320696, -87.708131 30.320558, -87.708188 30.320492, -87.708277 30.32041, -87.708366001 30.320294, -87.708651 30.320052, -87.708867 30.319893, -87.708936001 30.319854, -87.709006 30.319788001, -87.709215 30.319573001, -87.709323 30.31943, -87.709418001 30.319326, -87.709558 30.319133, -87.709615 30.319018, -87.70964 30.318935001, -87.709653 30.318831, -87.709678 30.318759, -87.709741001 30.318677001, -87.709792 30.318512, -87.709824 30.318352, -87.709868 30.318209, -87.709906 30.318044, -87.709988001 30.317632001, -87.710026 30.317389, -87.710090001 30.317197, -87.710153 30.317087001, -87.710198001 30.316988001, -87.710261 30.316900001, -87.710337 30.316812001, -87.71054 30.316652, -87.710654 30.316592001, -87.710812 30.316559001, -87.710914 30.316548, -87.711104 30.316548, -87.711212 30.316592001, -87.711275001 30.31663, -87.711377 30.316724, -87.711472 30.316823001, -87.711611 30.316982, -87.711757 30.317213001, -87.711808 30.317307, -87.711833 30.317373001, -87.711986 30.317604, -87.712094 30.317747, -87.712214001 30.317956, -87.712322001 30.318121, -87.71236 30.318231, -87.712411 30.318451001, -87.712398 30.318627, -87.712347 30.318737, -87.7122935 30.318802501, -87.712189001 30.318808, -87.712113 30.318770001, -87.712037 30.318748, -87.711961 30.318759, -87.711891001 30.318797, -87.711834 30.318863, -87.711707 30.319226, -87.711701001 30.319276, -87.711669 30.319364, -87.711492 30.319535001, -87.711397 30.319683, -87.711352001 30.319942, -87.711276 30.320167, -87.711207 30.32025, -87.711124 30.32031, -87.711054 30.320354, -87.710934 30.320404, -87.710889499 30.320489, -87.710851 30.320662001, -87.710896001 30.320695, -87.711099 30.320657001, -87.711188001 30.320602, -87.711276 30.320558, -87.711352001 30.320503, -87.711422 30.320442, -87.711536 30.320261, -87.711555 30.320211, -87.711581 30.320063, -87.711619001 30.319975001, -87.711676 30.319876, -87.711783001 30.319743, -87.711828 30.319705, -87.711904 30.319688, -87.711986 30.319688, -87.712113 30.319738, -87.712164 30.319782, -87.712227 30.31982, -87.712322001 30.319859, -87.7124925 30.319948501, -87.712582 30.320007, -87.712817 30.320128, -87.712899 30.320156, -87.713185 30.320381, -87.713305 30.320431, -87.713426 30.320469, -87.713572 30.320480001, -87.713813 30.320464, -87.713984001 30.320442, -87.71406 30.32042, -87.714136 30.320370001, -87.714231001 30.320282, -87.714332 30.320161001, -87.714421 30.320002, -87.71451 30.319886001, -87.714561 30.319776001, -87.714611 30.319688, -87.714662001 30.319572, -87.714725 30.319341001, -87.714757 30.319187, -87.714751 30.319061001, -87.714757 30.318978, -87.714789 30.318791, -87.714789 30.318692, -87.714769001 30.318582, -87.714782 30.318511001, -87.714782 30.318412001, -87.714776 30.318302001, -87.71475 30.318175, -87.714757 30.318087, -87.714738 30.317988001, -87.714687001 30.317873, -87.714623 30.31768, -87.714604 30.317548, -87.714668 30.317499, -87.71475 30.317471001, -87.714896 30.317465, -87.714896 30.31735, -87.714763 30.317344001, -87.714617 30.317383, -87.71455 30.317386001, -87.714446001 30.317295001, -87.714382 30.317257001, -87.714344 30.317185, -87.714281 30.317037, -87.714236001 30.3168, -87.714192 30.316685, -87.714014 30.316437, -87.713989001 30.316333, -87.713989001 30.316162, -87.713944 30.315936, -87.713913 30.315606, -87.713925 30.315474001, -87.713925 30.315232, -87.713938001 30.315128001, -87.713969001 30.315018, -87.714008 30.314913, -87.714077001 30.314781001, -87.714141 30.314721001, -87.714331 30.314671, -87.714527 30.314611, -87.714622 30.314594, -87.714718001 30.314611, -87.714984 30.314622001, -87.715161 30.314616001, -87.71532 30.314605, -87.71551 30.314561, -87.715795001 30.314539, -87.715897 30.314544001, -87.715992 30.314566, -87.716087 30.314599, -87.716214 30.314676, -87.716303001 30.314715001, -87.716398 30.314797, -87.716512 30.314973, -87.716842001 30.315424, -87.717077 30.315683, -87.717140001 30.315793, -87.717197 30.315952, -87.717261 30.316183001, -87.717261 30.316293001, -87.717248 30.316359, -87.717261 30.316409, -87.717356 30.316403001, -87.717406001 30.31637, -87.717413 30.316172, -87.7174 30.316068, -87.717419 30.315996, -87.717482 30.315930001, -87.7174855 30.315801, -87.717577 30.315716, -87.7176025 30.315658001, -87.717666 30.315578, -87.71778 30.315523, -87.717856 30.315462, -87.717913 30.315358, -87.717926 30.315286, -87.717875 30.315028001, -87.717875 30.31494, -87.717907 30.314786, -87.717938 30.314703, -87.717983 30.314626001, -87.718053001 30.314566, -87.718167 30.314511001, -87.718293 30.314472001, -87.718382 30.314467, -87.71856 30.314494, -87.718642 30.314522, -87.718947 30.314665, -87.719130001 30.314758, -87.719555 30.314939, -87.719689 30.314967, -87.719796 30.315011, -87.720075 30.315093, -87.720196 30.315148, -87.720386 30.315214, -87.720563 30.315286, -87.720659001 30.315313, -87.720741001 30.315346001, -87.7207985 30.3153875, -87.720868 30.315539, -87.720862 30.315665, -87.720798001 30.31577, -87.720691 30.315913001, -87.720599482 30.316021266, -87.720867353 30.316133284, -87.720932 30.316078001, -87.72102 30.315924001, -87.721077 30.315803, -87.721141 30.315572, -87.72116 30.315401, -87.721141 30.315253, -87.721077 30.315143, -87.720938 30.31495, -87.720842 30.31484, -87.720696 30.314637, -87.720532 30.314483, -87.720373 30.314307, -87.720303 30.314164, -87.720278 30.314026, -87.720309 30.313927, -87.720354 30.313817, -87.720417 30.313735001, -87.720506 30.313652, -87.720595 30.313581, -87.720696 30.313514, -87.720899 30.313432, -87.72095 30.313399, -87.721184 30.31336, -87.721324 30.313322, -87.721647 30.313256, -87.722154 30.313118, -87.722277 30.313131001, -87.722338 30.313145, -87.722382 30.313178001, -87.722433 30.313239, -87.722503 30.313299001, -87.722623 30.313426, -87.722776 30.313624, -87.722807 30.313679, -87.722961109 30.31383315, -87.723081423 30.313814237, -87.723193497 30.313771992, -87.723244548 30.313742778, -87.723188 30.31369, -87.723124 30.313646, -87.723086001 30.313602, -87.723004001 30.313536, -87.72289 30.313382, -87.722814001 30.313225, -87.722826 30.313151, -87.722852 30.313074, -87.722928 30.312986, -87.722972 30.312953, -87.723105 30.312887, -87.723251 30.312837, -87.723587 30.312738, -87.723682 30.312683, -87.723752 30.312622, -87.723796 30.312529, -87.723859 30.312435, -87.723999001 30.312067, -87.724081001 30.311935, -87.724138001 30.311858, -87.724208 30.311781, -87.724297001 30.311704001, -87.724379001 30.311649001, -87.724873 30.311379001, -87.724943001 30.311329, -87.725007 30.311296001, -87.725064 30.311258, -87.725254 30.311071, -87.725336 30.311016, -87.725412 30.310983, -87.725558 30.310950001, -87.72564 30.310922001, -87.725729 30.310862001, -87.725831001 30.310741, -87.725957 30.310653001, -87.726046001 30.310609, -87.726128 30.310559, -87.726255 30.310471, -87.726363 30.310361, -87.726433 30.310306, -87.726559 30.310267, -87.726686 30.310245, -87.726845 30.310223, -87.727136 30.310196, -87.7272 30.310196, -87.727517 30.310432, -87.727580001 30.310443, -87.727656 30.310421, -87.727789 30.310349, -87.727973 30.310272001, -87.728062 30.310217, -87.728106 30.310184, -87.728087 30.310091, -87.728087 30.310041, -87.728189 30.30997, -87.72831725 30.309922001, -87.728423 30.30997, -87.728544 30.310036, -87.728601001 30.31008, -87.728715 30.310206, -87.728804 30.310283001, -87.72888 30.310338, -87.728950001 30.310415, -87.729 30.310509, -87.72907 30.31058, -87.729153 30.310646, -87.729241 30.310701, -87.729559 30.310855, -87.729603 30.310904, -87.729616 30.310954, -87.729692 30.311009, -87.729793 30.311058, -87.729876 30.311086, -87.729945 30.311119001, -87.730079001 30.311223, -87.730117 30.311267, -87.730117 30.311311001, -87.7300975 30.311377501, -87.730332 30.311465, -87.730472 30.311526, -87.730542 30.311575, -87.730719 30.311663, -87.730808001 30.311718, -87.730884 30.311746001, -87.730941 30.3117265, -87.730903 30.311669, -87.730783 30.311564, -87.730706 30.311515, -87.7306365 30.311446001, -87.730732 30.311457001, -87.730827 30.311509, -87.730909 30.311542, -87.730979 30.311592, -87.7310455 30.311556, -87.731004 30.311471, -87.730941001 30.311427, -87.730859001 30.311405, -87.730757 30.311355, -87.730592001 30.311262001, -87.730494 30.3111765, -87.730522 30.311097, -87.730744 30.310921, -87.730668 30.310849001, -87.730389 30.311036001, -87.730332 30.311053001, -87.730123 30.311003, -87.730009 30.310943, -87.729939 30.310896001, -87.729844 30.310866, -87.729755 30.310827, -87.729616 30.310734, -87.729444 30.310585, -87.729394 30.310519, -87.729305 30.310448, -87.729146 30.310294001, -87.729114 30.310239001, -87.729057 30.310167001, -87.728994 30.310096, -87.728892 30.310013001, -87.728842 30.309942, -87.728778 30.309876001, -87.728759 30.309819, -87.728765 30.309761001, -87.728778 30.309711, -87.728816 30.309667, -87.72888 30.309672001, -87.728962 30.3097, -87.729222001 30.30976, -87.729342 30.309755, -87.729469001 30.309711, -87.729482 30.309661, -87.729406 30.309628, -87.729317 30.309623001, -87.729228 30.309645001, -87.7290665 30.309617, -87.729013 30.309568, -87.729019 30.309513, -87.729063001 30.309419, -87.729285 30.309106001, -87.729355 30.309018001, -87.729418 30.308952001, -87.729456 30.308897, -87.729558 30.308809, -87.729615 30.308732, -87.729741 30.308765001, -87.729805 30.308682, -87.7296495 30.308608, -87.7295825 30.308542001, -87.729576001 30.308435, -87.729589 30.308374001, -87.729595 30.308275, -87.729412001 30.308242001, -87.729361001 30.308462001, -87.72931 30.308594, -87.729152 30.308776, -87.729044 30.308919, -87.728917 30.309056, -87.728544 30.309348, -87.72841 30.309442001, -87.728309001 30.309469, -87.728252 30.309491001, -87.728182 30.309497, -87.727954 30.309442001, -87.727878 30.309409, -87.727803 30.309333001, -87.727732 30.309178, -87.727706 30.309073, -87.727681 30.308914, -87.727643 30.308798, -87.727643 30.308666, -87.72763 30.308534, -87.727624 30.30827, -87.727598 30.308028, -87.727605 30.307896001, -87.727655 30.307605, -87.727661 30.3075, -87.727712 30.307219, -87.727750001 30.307093, -87.727788 30.306911, -87.727896 30.306548, -87.728022001 30.306064, -87.728054 30.305987001, -87.728079 30.30585, -87.72813 30.305806, -87.728181001 30.305817001, -87.72846 30.305954, -87.728802001 30.306146, -87.728986001 30.306262, -87.729018 30.306344, -87.728992 30.306482001, -87.728954 30.306614, -87.728929 30.306796, -87.728967 30.306972001, -87.72905 30.307071001, -87.729157 30.307136001, -87.729367 30.307202, -87.729494001 30.307224, -87.729563 30.307224, -87.729671 30.307208001, -87.72976 30.307175, -87.729893 30.307158, -87.730115001 30.307114001, -87.730261 30.307076, -87.730413001 30.307021, -87.730571 30.306943001, -87.730666 30.306888, -87.730742 30.306822, -87.730806 30.306745, -87.730825 30.306696, -87.730806 30.306641, -87.730755 30.306597001, -87.730666 30.306602, -87.73059 30.306635, -87.730425 30.306746, -87.730286 30.306828, -87.72995 30.306944, -87.729734 30.306993, -87.729487 30.306988, -87.729316 30.306949, -87.729259 30.306911, -87.729208 30.306773001, -87.729221 30.306636, -87.729221 30.306553, -87.729278 30.306405, -87.729259 30.306278001, -87.729233 30.306229, -87.729182 30.306157, -87.729075 30.306086, -87.728897 30.305992001, -87.728758 30.305904, -87.728599 30.305816, -87.728314001 30.305619, -87.728206001 30.305553, -87.728041 30.305333, -87.728022001 30.305223, -87.728015 30.305107, -87.728053 30.304832, -87.728104001 30.30415, -87.728116 30.304078, -87.728135001 30.304018, -87.728212 30.303946, -87.728364 30.303886001, -87.728738 30.303682001, -87.728801 30.303655001, -87.72908 30.303616, -87.729333 30.303544001, -87.729898 30.303484001, -87.729961001 30.303462, -87.730284001 30.303429, -87.730405 30.303423, -87.730481 30.303423, -87.73057 30.303428, -87.730652 30.303423, -87.730788 30.303398, -87.730906 30.303401, -87.731184 30.303423, -87.731280001 30.303417, -87.731565 30.303417, -87.731673 30.303428, -87.731774 30.303461, -87.732237 30.303494, -87.732636 30.303483, -87.732858 30.303455, -87.733023 30.303411, -87.733384 30.303295, -87.733498 30.30329, -87.733727001 30.303257, -87.733803 30.30324, -87.733853 30.303185, -87.733822 30.303103, -87.734024 30.303059, -87.734338 30.302979001, -87.734405 30.302927, -87.734398 30.302872, -87.734405 30.302806, -87.734386 30.302728, -87.7346425 30.302656501, -87.734741 30.302651001, -87.734836 30.302783, -87.734906 30.302772, -87.735013 30.302717, -87.735096 30.302662001, -87.735165 30.302657, -87.735248 30.30264, -87.735432 30.302635, -87.735641001 30.302552, -87.735787 30.302475, -87.735996 30.302343, -87.736154001 30.302211, -87.736636001 30.30188, -87.736762 30.301798, -87.736883 30.301737, -87.737067001 30.301605001, -87.737174 30.301501, -87.737212 30.301429, -87.737238 30.301352, -87.737231001 30.301264, -87.737123001 30.300923001, -87.7371785 30.300852, -87.737294 30.300747, -87.737535 30.300593, -87.7376305 30.300559501, -87.737668 30.300604001, -87.737865 30.301022, -87.737897 30.301132, -87.737935 30.301313, -87.737948 30.301418001, -87.738005 30.30161, -87.738043 30.301709, -87.738189 30.302023, -87.738271 30.302083, -87.738316 30.302133001, -87.738373 30.302177, -87.738424 30.302193001, -87.738506 30.302204001, -87.738614 30.302188, -87.738734001 30.30216, -87.738798 30.302155, -87.738867 30.30216, -87.739026 30.302138, -87.739178 30.302089, -87.739241 30.302083, -87.739317 30.302111, -87.739324 30.302182501, -87.739248 30.302259, -87.739184 30.302303, -87.739064 30.302358001, -87.7389515 30.302445001, -87.738893 30.302501, -87.738842001 30.302628001, -87.738836 30.30271, -87.738836 30.302963001, -87.738823 30.303073001, -87.738760001 30.303233001, -87.738703 30.303293001, -87.738378 30.303437, -87.736808 30.304053, -87.7364495 30.304223501, -87.736479 30.304306, -87.738748 30.30342, -87.738836 30.303491, -87.7389 30.303574, -87.739058001 30.303739, -87.739135001 30.303783, -87.739268001 30.303788, -87.739394 30.303772, -87.73949 30.303783, -87.7395405 30.3038295, -87.739566001 30.30403, -87.739604 30.304140001, -87.739629 30.304184, -87.739699 30.304198001, -87.739705 30.303992, -87.739692 30.303794, -87.739648001 30.3037, -87.739572 30.303667, -87.739268001 30.303651, -87.739217001 30.303656, -87.739122 30.303645, -87.739033 30.303546, -87.738881 30.303398, -87.738868001 30.303348001, -87.738893 30.303194, -87.738950001 30.303090001, -87.738976001 30.303007001, -87.739007 30.302754001, -87.739026 30.302699, -87.739058001 30.302639, -87.739121 30.302589001, -87.739204 30.30254, -87.739406 30.302463, -87.739482 30.302396, -87.739571001 30.302154, -87.73952 30.302017, -87.739457 30.301973, -87.739336 30.30194, -87.739153 30.301929, -87.73907 30.301935001, -87.738975 30.301957, -87.738702 30.301995, -87.738601001 30.302001001, -87.738531 30.302001001, -87.738392 30.301962, -87.738271 30.301808001, -87.738214 30.301709, -87.738170001 30.301621, -87.738119001 30.301473, -87.738036 30.301181, -87.738011001 30.300967, -87.738017 30.300752001, -87.738004 30.300648, -87.738042001 30.30045, -87.738137 30.300257, -87.738169 30.300158, -87.738232001 30.300048, -87.738422 30.299812, -87.738498001 30.299745, -87.738644 30.299591, -87.738809 30.299465, -87.73898 30.299294001, -87.739024 30.299234, -87.7391 30.299179, -87.739297 30.299102, -87.739512 30.299035, -87.739652 30.299008, -87.739740001 30.299008, -87.740115001 30.298969, -87.740330001 30.298936001, -87.740476 30.298892, -87.740698 30.298848001, -87.741015 30.298809001, -87.741135 30.298815, -87.741249 30.298809001, -87.741408 30.29882, -87.741655 30.298859, -87.741737 30.29888, -87.741997 30.298968, -87.742143 30.299040001, -87.742289 30.299144, -87.74239 30.299238, -87.74246 30.299287001, -87.742543 30.299337, -87.742625 30.299364001, -87.74279 30.299375, -87.742898 30.299353, -87.743005 30.299348001, -87.743316001 30.299314, -87.743639001 30.29927, -87.743817 30.299254, -87.743969 30.299226, -87.744077 30.299215, -87.744153 30.299248, -87.74421 30.299303001, -87.744216 30.29949, -87.744235 30.299589001, -87.744261 30.299666, -87.744267 30.299826, -87.74428 30.299881001, -87.744356 30.299897001, -87.744419001 30.29987, -87.744432 30.29982, -87.744375 30.299649001, -87.744381 30.299556, -87.744406 30.299484, -87.744425 30.299242, -87.744472 30.2992015, -87.744565 30.299182, -87.744844 30.299171, -87.745123 30.299187, -87.745440001 30.299176, -87.745516 30.299209, -87.745566 30.299286, -87.745592 30.299357, -87.745617 30.299495, -87.745665325 30.299540615, -87.745742988 30.299533565, -87.745748988 30.299395565, -87.745761988 30.299351565, -87.745799988 30.299318566, -87.745868988 30.299302566, -87.746173988 30.299313565, -87.746350988 30.299329565, -87.746502989 30.299334566, -87.746705988 30.299323565, -87.746857989 30.299307565, -87.746984989 30.299285565, -87.747085988 30.299257565, -87.747447989 30.299119565, -87.747643988 30.299081565, -87.747789989 30.299031565, -87.748771989 30.298750565, -87.748987989 30.298673565, -87.749101989 30.298624565, -87.749164989 30.298585565, -87.749278989 30.298453565, -87.749316989 30.298398565, -87.749380989 30.298359565, -87.749773989 30.298205565, -87.749931989 30.298128565, -87.749989989 30.298112565, -87.75021199 30.298196565, -87.750312989 30.298207565, -87.750528989 30.298113565, -87.75066799 30.298097565, -87.75072499 30.298091565, -87.75099199 30.298130564, -87.751219989 30.298130564, -87.751559495 30.298075343, -87.751576001 30.298136, -87.751475 30.298252, -87.75143 30.298362, -87.7514075 30.298452501, -87.751398 30.298576001, -87.751444423 30.298704095, -87.751449 30.298780001, -87.751373 30.298912, -87.751354 30.299165, -87.751328 30.299214, -87.751252 30.299401, -87.751205985 30.299649517, -87.751275989 30.299662565, -87.75132349 30.299596565, -87.75135199 30.299379565, -87.75140299 30.299258565, -87.75145399 30.299181565, -87.751491989 30.299049565, -87.75159999 30.299032565, -87.751617345 30.298958448, -87.75158099 30.298889565, -87.751577489 30.298793565, -87.75163199 30.298724564, -87.75173899 30.298647565, -87.75190399 30.298625565, -87.751984064 30.298664068, -87.751975 30.298725, -87.751912 30.298780001, -87.751791 30.298829001, -87.751721 30.298884001, -87.751733226 30.298958776, -87.751979328 30.299055323, -87.752040743 30.299134641, -87.752116254 30.299206973, -87.75218249 30.299198065, -87.752187372 30.299112444, -87.752128826 30.299003576, -87.752059495 30.298958783, -87.751907946 30.298912849, -87.75201199 30.298835565, -87.75209399 30.298785565, -87.75213199 30.298747564, -87.75214499 30.298675564, -87.752110155 30.298585208, -87.752048439 30.298546791, -87.751990495 30.298496783, -87.751912 30.298472, -87.751791 30.298527001, -87.751688788 30.298528321, -87.751637798 30.298492, -87.75163199 30.298444564, -87.75165049 30.298392065, -87.75174599 30.298229565, -87.75177799 30.298141565, -87.75192999 30.298015565, -87.75223399 30.297839564, -87.75272299 30.297454565, -87.75276699 30.297427564, -87.75281099 30.297383565, -87.75298299 30.297262565, -87.75320499 30.297031564, -87.75326799 30.296948564, -87.75330599 30.296877564, -87.75337599 30.296816564, -87.75348999 30.296558564, -87.75356599 30.296486565, -87.75366099 30.296442564, -87.753838991 30.296426564, -87.75385199 30.296261564, -87.75415599 30.295772564, -87.754193991 30.295694564, -87.75422599 30.295656564, -87.754479991 30.294985564, -87.754485991 30.294732564, -87.754429991 30.294374564, -87.75438499 30.294253564, -87.75437899 30.294088564, -87.754397991 30.294000564, -87.754454991 30.293901564, -87.75459499 30.293731564, -87.754803991 30.293544564, -87.75500099 30.293291563, -87.75531149 30.292989564, -87.755361991 30.292813563, -87.75540699 30.292747563, -87.755552991 30.292653564, -87.755767991 30.292466564, -87.755765826 30.292403926, -87.755554 30.29239, -87.755489976 30.292374009, -87.755246495 30.292188782, -87.755087017 30.292101237, -87.754833843 30.291903538, -87.754663495 30.291792782, -87.754369 30.29163, -87.754128 30.29158, -87.753856 30.291564, -87.75359 30.291465, -87.753406 30.291431, -87.753349 30.291437, -87.75331517 30.291476471, -87.753397757 30.291548382, -87.753399 30.291597, -87.753342 30.29163, -87.753266 30.291635, -87.753101 30.291607, -87.7529555 30.291607501, -87.752948895 30.291665119, -87.75309399 30.291733564, -87.75334699 30.291772563, -87.75346099 30.291811563, -87.753566063 30.291897178, -87.75365799 30.291943563, -87.75378399 30.291954563, -87.75402499 30.291882564, -87.754084545 30.291913271, -87.754096001 30.291982, -87.754052 30.292020001, -87.753862 30.292108, -87.753672 30.292119, -87.753551 30.292086, -87.753006 30.29186, -87.752805143 30.291748083, -87.752706922 30.291661693, -87.75270099 30.291585563, -87.75274499 30.291475563, -87.75280899 30.291403563, -87.75294799 30.291310563, -87.75306199 30.291205563, -87.75317599 30.291123563, -87.75367699 30.290920563, -87.75379799 30.290887563, -87.75395599 30.290920563, -87.75406999 30.290936563, -87.75422899 30.290947563, -87.75436488 30.29103946, -87.754561057 30.291198184, -87.754700874 30.291292471, -87.75483099 30.291366563, -87.754972887 30.291463445, -87.755115991 30.291542563, -87.75531899 30.291569563, -87.755429878 30.291644462, -87.755657946 30.291810344, -87.755923901 30.291986422, -87.756013216 30.292068007, -87.756089509 30.292161494, -87.756148311 30.29226199, -87.756364022 30.292354141, -87.756346 30.292412001, -87.756348496 30.292496915, -87.756411793 30.292536665, -87.756655991 30.292615563, -87.756719798 30.292682144, -87.756723 30.292775001, -87.756657 30.292869001, -87.756511 30.292973, -87.756479 30.293045, -87.756494495 30.293190782, -87.756551908 30.293272568, -87.756645491 30.293308563, -87.756768991 30.293264564, -87.756889991 30.293176563, -87.756959991 30.293209563, -87.757052392 30.293305855, -87.757141052 30.293454518, -87.757237991 30.293512563, -87.757313991 30.293512563, -87.757427991 30.293474563, -87.757472991 30.293402563, -87.757466991 30.293353564, -87.757812054 30.29363719, -87.758148008 30.293890251, -87.758305867 30.293995487, -87.758477003 30.294127258, -87.758661134 30.294286095, -87.758813245 30.294428981, -87.759148968 30.294688309, -87.759263344 30.294802894, -87.759434563 30.295001739, -87.759668449 30.295254815, -87.759903783 30.295567622, -87.760031041 30.295765522, -87.760220599 30.295991718, -87.760492813 30.296360608, -87.760626417 30.296624437, -87.760689606 30.296767418, -87.760840696 30.296959664, -87.761176914 30.297444566, -87.761285113 30.297620501, -87.761391788 30.297763619, -87.761456028 30.297862526, -87.761646103 30.298181503, -87.761760548 30.298429422, -87.761797496 30.298528782, -87.762007187 30.29888548, -87.76219696 30.29918255, -87.762278718 30.299287653, -87.762405321 30.299413915, -87.762684032 30.29963522, -87.762741408 30.299694845, -87.762825993 30.299675565, -87.762908993 30.299626565, -87.762965993 30.299626565, -87.763015993 30.299642565, -87.763273389 30.29990986, -87.763335678 30.299994633, -87.763347 30.300198, -87.763393496 30.300321783, -87.763501841 30.300470596, -87.763717544 30.300718752, -87.763812777 30.300844625, -87.764407642 30.301554694, -87.764737311 30.301879923, -87.764813747 30.30197864, -87.764972156 30.302242489, -87.765009333 30.302280905, -87.765048214 30.302346475, -87.7651868 30.302533615, -87.765225448 30.302610433, -87.765294798 30.302704616, -87.765510084 30.30305651, -87.76617575 30.303925639, -87.766327512 30.304096773, -87.766504235 30.304261993, -87.766580557 30.304349744, -87.766746149 30.304624492, -87.766802557 30.304690744, -87.767215002 30.305323536, -87.767240429 30.305373435, -87.767391697 30.305565665, -87.767424473 30.30563143, -87.767593123 30.305886483, -87.767744771 30.306078377, -87.767930869 30.306346586, -87.767981414 30.306445438, -87.768111243 30.30660285, -87.768145127 30.306674092, -87.768291663 30.306858684, -87.768330215 30.306924476, -87.768551636 30.307194698, -87.768715796 30.307414618, -87.768950604 30.307694717, -87.769039154 30.307773076, -87.769273547 30.308041752, -87.769418935 30.308147366, -87.76960967 30.30838268, -87.769705106 30.308536504, -87.769756472 30.308641431, -87.7698245 30.308718782, -87.769951071 30.308823172, -87.770084268 30.308949962, -87.770382666 30.309318682, -87.770453398 30.309455441, -87.770509808 30.309532612, -87.770572148 30.309588082, -87.770811773 30.309940284, -87.770891092 30.310040441, -87.771320422 30.310506836, -87.771372112 30.310589502, -87.771434265 30.310649967, -87.771479121 30.3107215, -87.771529584 30.310781729, -87.771587307 30.310886456, -87.771645995 30.310905567, -87.771816996 30.310905567, -87.771924996 30.310916567, -87.772178996 30.311037567, -87.772365987 30.311179286, -87.772594283 30.31139895, -87.772721514 30.311541772, -87.772779028 30.311629528, -87.772872905 30.31169642, -87.772995996 30.311725567, -87.773870997 30.312215567, -87.774179015 30.312455247, -87.774488904 30.312670422, -87.774761823 30.312840591, -87.774990042 30.31302221, -87.77512955 30.313181751, -87.775187117 30.313274501, -87.77535114 30.313418092, -87.775683997 30.313602567, -87.775917998 30.313695568, -87.776276843 30.313925547, -87.776545997 30.314081568, -87.777354182 30.314805048, -87.777581828 30.31494858, -87.777813998 30.315066568, -87.778370997 30.315225568, -87.778516998 30.315291567, -87.778748975 30.315465304, -87.778856159 30.315559073, -87.778935889 30.315616359, -87.779283998 30.315814568, -87.779588998 30.315952568, -87.779924998 30.316128568, -87.780542813 30.316506619, -87.781001999 30.316711568, -87.781508999 30.316810568, -87.781952999 30.316937568, -87.782358999 30.316953568, -87.782726999 30.316931568, -87.782922999 30.316970568, -87.783202 30.317119568, -87.783610816 30.317370614, -87.784052 30.317575568, -87.784336999 30.317669568, -87.784616 30.317779568, -87.78537 30.318159568, -87.786195 30.318621568, -87.786911001 30.318907568, -87.787027803 30.31897765, -87.787256969 30.319147317, -87.787621 30.319336568, -87.787972793 30.31954368, -87.788477001 30.319809568, -87.788828875 30.320044482, -87.788994006 30.320171264, -87.78928489 30.320369452, -87.789703834 30.320633573, -87.789815001 30.320690569, -87.790324927 30.321062387, -87.790759001 30.321284568, -87.790949001 30.321389569, -87.7910099 30.321431436, -87.791311002 30.321554568, -87.791653002 30.321642569, -87.792319002 30.322005569, -87.792885875 30.322383484, -87.793289002 30.322616569, -87.793986002 30.322918569, -87.794240003 30.323050569, -87.794468002 30.323144569, -87.795730003 30.323876569, -87.796643003 30.324310569, -87.797220004 30.324536569, -87.798021841 30.32504056, -87.798589004 30.325356569, -87.798776807 30.325469644, -87.799426004 30.325774569, -87.799845004 30.325983569, -87.799892974 30.326019312, -87.800225004 30.326170569, -87.800760885 30.326531468, -87.800926243 30.326684992, -87.800977617 30.326745714, -87.801186187 30.326933048, -87.80145203 30.327142233, -87.802150133 30.327741105, -87.802245492 30.327845792, -87.802828202 30.328374032, -87.802960916 30.32846741, -87.803339005 30.32852457, -87.803427005 30.32856857, -87.803557866 30.328654508, -87.803700006 30.32871757, -87.804141107 30.329084136, -87.804787924 30.329540398, -87.805434124 30.330090117, -87.805866202 30.330481033, -87.806107148 30.330690091, -87.806183455 30.330771818, -87.806245916 30.330816412, -87.806519294 30.331079948, -87.807000957 30.331432344, -87.807188007 30.33152857, -87.807574007 30.33168857, -87.807771007 30.33178157, -87.807946017 30.331917253, -87.808158007 30.33204057, -87.80832019 30.332186045, -87.808346246 30.332229471, -87.808586118 30.332434125, -87.80892229 30.33275795, -87.809010824 30.332813605, -87.809293007 30.332920571, -87.809390864 30.332984516, -87.809518023 30.333083245, -87.809715142 30.333253098, -87.80998121 30.333495026, -87.810178586 30.333725733, -87.810247173 30.333787064, -87.810388102 30.334011509, -87.810526665 30.334182689, -87.810683707 30.33439962, -87.810679544 30.334457421, -87.810742156 30.334513082, -87.810863411 30.334682441, -87.811135694 30.335024673, -87.811281312 30.335167931, -87.811344873 30.335255589, -87.811547574 30.335491741, -87.81187127 30.335799969, -87.812340389 30.336283869, -87.812386095 30.336355511, -87.812638468 30.33663081, -87.812719945 30.336741239, -87.812852684 30.336900338, -87.813862138 30.337967104, -87.814070194 30.338198405, -87.814124704 30.338281926, -87.81436362 30.338582714, -87.814585185 30.338781053, -87.814678793 30.338896901, -87.814909492 30.339154794, -87.815416262 30.339633977, -87.815854008 30.339970269, -87.816272399 30.340403862, -87.816494113 30.340591132, -87.816875053 30.340877206, -87.817210798 30.34107568, -87.817483952 30.341273354, -87.81772801 30.341385572, -87.817857928 30.341477394, -87.818175092 30.341746159, -87.818214102 30.34180651, -87.818638185 30.342186054, -87.818771344 30.342361906, -87.818810362 30.34243345, -87.819336555 30.343038754, -87.819640388 30.343351872, -87.819849777 30.343626633, -87.81990132 30.343720457, -87.819976658 30.343813694, -87.820015362 30.34388545, -87.820224488 30.344116798, -87.820358068 30.34432552, -87.820522714 30.344534664, -87.820600975 30.344681584, -87.820756801 30.344902622, -87.820877344 30.345023907, -87.821029569 30.345199746, -87.821068463 30.345276435, -87.821270656 30.345524695, -87.821727149 30.345921093, -87.821847558 30.346058753, -87.822291131 30.346438114, -87.82258326 30.346712982, -87.822697569 30.346844746, -87.822906995 30.347004289, -87.823033865 30.347087518, -87.823205106 30.347230143, -87.823401178 30.347379062, -87.823719608 30.347763723, -87.82379495 30.347819359, -87.824372192 30.348336047, -87.824637948 30.348528363, -87.824772032 30.348633239, -87.824962276 30.348813967, -87.825336388 30.349198873, -87.8253957 30.349272672, -87.825622248 30.349484992, -87.825907155 30.349733088, -87.826122903 30.349881443, -87.826351152 30.35007909, -87.826516345 30.350243907, -87.826694238 30.350409002, -87.826870803 30.35051467, -87.827277213 30.350866027, -87.827360618 30.350964718, -87.827411251 30.351052472, -87.827592542 30.351259764, -87.82784818 30.351487062, -87.828311456 30.351976823, -87.828425874 30.352135591, -87.828774429 30.352504843, -87.829206673 30.353037687, -87.829289047 30.353164528, -87.82958048 30.353483807, -87.829701659 30.353631695, -87.829796331 30.35372592, -87.829897768 30.353857639, -87.829936464 30.353934436, -87.83001244 30.354016835, -87.830308674 30.354391338, -87.830405331 30.35449592, -87.830479802 30.354589362, -87.830747862 30.354968597, -87.830766507 30.355017788, -87.831262144 30.3558315, -87.83145275 30.356084648, -87.831667951 30.356398561, -87.831734967 30.356473023, -87.831735 30.356533, -87.831621 30.356632, -87.831336 30.356803001, -87.831353824 30.356863215, -87.831468015 30.356857575, -87.831677015 30.356786575, -87.831842015 30.356769575, -87.831908962 30.356797319, -87.831928 30.356851, -87.831959507 30.356997787, -87.832119224 30.357272479, -87.832239604 30.357415727, -87.832278572 30.357498425, -87.832296507 30.357569788, -87.832335366 30.357641451, -87.832351 30.357732, -87.832416507 30.357899788, -87.832493169 30.358026492, -87.832626671 30.358191689, -87.832709237 30.358334477, -87.832776913 30.358584825, -87.832849215 30.358713482, -87.833024224 30.358916322, -87.833184347 30.359087908, -87.833210446 30.359137439, -87.833463572 30.359456748, -87.833572506 30.359681432, -87.833730943 30.359912565, -87.833801157 30.360028496, -87.833870498 30.360171432, -87.833936967 30.360246023, -87.834029131 30.360385503, -87.834047507 30.360440788, -87.834105231 30.360539477, -87.834123507 30.360594789, -87.834188491 30.360726434, -87.834206146 30.36078221, -87.834315407 30.360985444, -87.834358995 30.361051546, -87.834398805 30.361149132, -87.834535631 30.361378341, -87.83454 30.361423, -87.834687188 30.361740381, -87.834732508 30.361870789, -87.834849504 30.362096209, -87.834866507 30.362140788, -87.834968134 30.362305503, -87.835051615 30.362492422, -87.835125564 30.362626354, -87.835132508 30.362673789, -87.835164852 30.362717602, -87.835247508 30.362932788, -87.835291995 30.362998546, -87.835316508 30.363069788, -87.835368006 30.363146543, -87.835413281 30.363291448, -87.835508703 30.363520419, -87.835609237 30.363696477, -87.835812582 30.364142425, -87.835906888 30.364303296, -87.835547 30.364503, -87.835419479 30.364555335, -87.835983016 30.364532577, -87.83604617 30.364588076, -87.83620189 30.364843334, -87.836256508 30.364994789, -87.836306785 30.365088632, -87.836434928 30.365369842, -87.836577705 30.365574621, -87.836641 30.365834, -87.836678426 30.365924238, -87.836771614 30.366111423, -87.836846508 30.366347789, -87.836904653 30.36647942, -87.836942607 30.366600625, -87.837120702 30.367073419, -87.837130001 30.367176, -87.837176508 30.367337789, -87.837240305 30.367483263, -87.837248693 30.367540668, -87.837306078 30.367648358, -87.837329508 30.367706789, -87.837358793 30.367747584, -87.837449508 30.368080789, -87.837482492 30.368146434, -87.837494508 30.368212789, -87.837545655 30.36832842, -87.837549 30.368386, -87.837620081 30.368574216, -87.837669 30.368892, -87.837681478 30.369212584, -87.837697509 30.369290789, -87.837723253 30.369334475, -87.837752 30.369497001, -87.837746 30.369657001, -87.8377205 30.369897001, -87.837727 30.370141, -87.837746 30.370240001, -87.837740001 30.370548, -87.837721 30.370608001, -87.837714 30.370669, -87.837638001 30.370828, -87.837562 30.371015, -87.837524 30.371147, -87.837429 30.371571, -87.837353 30.371802, -87.837258001 30.372308, -87.83722 30.372864, -87.837258001 30.373749001, -87.837233 30.373991, -87.837202 30.374706001, -87.83717 30.374981, -87.837107 30.375086, -87.836916 30.375157, -87.836726 30.375146001, -87.836485 30.375119, -87.836003 30.375092, -87.835762 30.375053, -87.835197 30.375103, -87.834778 30.375097, -87.833947 30.375103, -87.833857 30.375200001, -87.833787 30.3753, -87.833495 30.375448001, -87.833108 30.375663, -87.832753001 30.375833, -87.832553957 30.375987148, -87.832498016 30.37592158, -87.832498016 30.37572858, -87.832536015 30.375624579, -87.832618015 30.375459579, -87.832739016 30.375277579, -87.832779016 30.375206579, -87.833032016 30.374921579, -87.833146015 30.374745579, -87.833406016 30.374454579, -87.833470016 30.374338579, -87.833698016 30.374046579, -87.833844016 30.373920579, -87.833895016 30.373914579, -87.833946015 30.373942579, -87.834015016 30.374041578, -87.834098016 30.374294579, -87.834161016 30.374343579, -87.834345016 30.374387579, -87.834459016 30.374393579, -87.834961016 30.374316579, -87.835030016 30.374277579, -87.835062016 30.374173579, -87.835037016 30.373991579, -87.835049016 30.373903578, -87.835037016 30.373485579, -87.835062016 30.373414578, -87.835049015 30.373282578, -87.834916016 30.373221579, -87.834846016 30.373216578, -87.834688016 30.373326579, -87.834415016 30.373414578, -87.834282016 30.373430579, -87.834237016 30.373408579, -87.834206016 30.373348578, -87.834161016 30.373183579, -87.834053016 30.373062578, -87.833989515 30.373054079, -87.833933016 30.373183579, -87.833939016 30.373370579, -87.833971016 30.373419579, -87.834180016 30.373568579, -87.834237016 30.373595579, -87.834409016 30.373579579, -87.834535016 30.373524579, -87.834605016 30.373463579, -87.834694016 30.373419579, -87.834821016 30.373403579, -87.834922016 30.373422579, -87.834916016 30.374079579, -87.834859016 30.374156579, -87.834675016 30.374217579, -87.834472016 30.374266579, -87.834396016 30.374255579, -87.834339016 30.374217579, -87.834295016 30.374156579, -87.834231016 30.373975579, -87.834168016 30.373876579, -87.834015016 30.373755579, -87.833882016 30.373738579, -87.833762016 30.373766579, -87.833679015 30.373799579, -87.833571015 30.373920579, -87.833425016 30.374129579, -87.833273016 30.374404579, -87.833165016 30.374514579, -87.832975016 30.374679579, -87.832937016 30.374745579, -87.832810016 30.374894579, -87.832626016 30.375092579, -87.832548016 30.375206579, -87.832434015 30.375404579, -87.832383015 30.375547579, -87.83235072 30.375709993, -87.832319 30.376123, -87.832296 30.376169, -87.832106 30.376274, -87.831922001 30.376455, -87.831732001 30.376708, -87.831548 30.376994, -87.831465001 30.377154, -87.831433 30.377269, -87.831414001 30.377401, -87.831408 30.377693, -87.83137 30.37783, -87.831338 30.378039001, -87.831358001 30.378320001, -87.831523 30.379392001, -87.831631 30.379783001, -87.831650001 30.380058001, -87.831631 30.380196, -87.831523 30.380504, -87.831453 30.380625001, -87.831237 30.380883, -87.831168001 30.380993, -87.831142001 30.381059001, -87.831104 30.381246, -87.830984 30.381488, -87.830958 30.381598, -87.831022 30.381807, -87.831060001 30.381901, -87.831068508 30.381947791, -87.831209149 30.382178501, -87.831260616 30.382293425, -87.831276001 30.38244, -87.831282 30.382654001, -87.831276001 30.382962, -87.831360508 30.383173791, -87.831430812 30.383267622, -87.831817171 30.383609075, -87.831855935 30.38366357, -87.831892672 30.383731335, -87.831892 30.384013001, -87.831866001 30.384129, -87.831854 30.384266001, -87.831765 30.384497, -87.831543 30.384943, -87.831384 30.385196, -87.831169 30.385443001, -87.830794 30.385762, -87.830134 30.386296001, -87.830058 30.38634, -87.829322 30.386978, -87.829234001 30.387028, -87.829113 30.387121, -87.828834 30.387259, -87.828428001 30.387446001, -87.828174 30.387594, -87.827565 30.387853001, -87.827362 30.387974, -87.827064 30.388189001, -87.826797001 30.388326, -87.82629 30.388535, -87.825973 30.388684, -87.825452001 30.388882, -87.824367 30.389317, -87.82367 30.389559001, -87.823378 30.389724001, -87.822991 30.389856, -87.822832 30.389845, -87.822610001 30.389795, -87.822401 30.389817001, -87.82176 30.390054, -87.821512001 30.390114, -87.821398 30.390114, -87.821119 30.390081001, -87.820948001 30.390048, -87.820649 30.390043, -87.820484 30.39007, -87.820192 30.390158, -87.820047 30.390230001, -87.819723 30.390445, -87.819539 30.390621, -87.81933 30.390758, -87.818974 30.390934, -87.818689 30.391028, -87.818308 30.391171, -87.818149 30.391198001, -87.817972001 30.391187, -87.817914848 30.391160107, -87.81783692 30.391077307, -87.817807197 30.391020601, -87.817736012 30.390769583, -87.817634012 30.390081583, -87.81759449 30.389913438, -87.817460403 30.389638865, -87.817367932 30.38954226, -87.817304012 30.389283583, -87.817209012 30.389053583, -87.817145012 30.388860583, -87.817120011 30.388744583, -87.817028566 30.388549752, -87.81695296 30.388461562, -87.816826633 30.388274426, -87.816704511 30.387994083, -87.816689011 30.387941582, -87.816562012 30.387743582, -87.816447012 30.387523582, -87.816422011 30.387441582, -87.816340011 30.387303582, -87.816282012 30.387248582, -87.816232011 30.387166582, -87.816168012 30.387111582, -87.815933012 30.386858582, -87.815819011 30.386748583, -87.815737011 30.386676582, -87.815612 30.386593, -87.815417 30.386819, -87.815384 30.387029, -87.815236012 30.387204582, -87.815083588 30.387401421, -87.815027001 30.387562001, -87.814831 30.387843, -87.814767 30.387958, -87.814717 30.388002, -87.814444 30.388508, -87.814418 30.388607, -87.814387 30.388888, -87.814387 30.389108, -87.814412 30.389174, -87.814433505 30.389270792, -87.81457861 30.389549242, -87.814577 30.389631001, -87.814412 30.389796, -87.814412 30.390027, -87.814304 30.390302, -87.814254 30.39056, -87.814127 30.391055, -87.814089 30.391149, -87.814057001 30.39133, -87.81405 30.39149, -87.814019 30.391715, -87.814025 30.391968, -87.814063 30.392243, -87.814089 30.392337, -87.814108 30.392469, -87.814114001 30.39264, -87.814158 30.39281, -87.814184 30.392975001, -87.814311 30.393399, -87.814433505 30.393692792, -87.814517329 30.393846462, -87.814606665 30.394055425, -87.81484148 30.394384576, -87.815055349 30.394589909, -87.815198012 30.394663584, -87.815452011 30.394746584, -87.815737012 30.394817584, -87.815991011 30.394850584, -87.816232011 30.394916584, -87.816727012 30.395098584, -87.817634012 30.395329584, -87.817863012 30.395406584, -87.818205013 30.395538584, -87.818453012 30.395659584, -87.818637013 30.395763584, -87.818792956 30.395877354, -87.818951203 30.396020041, -87.819107013 30.396099584, -87.819275053 30.396234213, -87.819433798 30.396328684, -87.819624646 30.396558708, -87.819967193 30.396867053, -87.820109013 30.396940584, -87.820611013 30.397100584, -87.820934013 30.397144585, -87.821296013 30.397182585, -87.821632014 30.397149585, -87.821835013 30.397050584, -87.821962013 30.396962584, -87.822121013 30.396962584, -87.822260654 30.397023594, -87.822306 30.397139, -87.8223 30.397271001, -87.822268 30.397353, -87.822264507 30.397504792, -87.822323838 30.397590052, -87.822378033 30.397693284, -87.82237 30.397771, -87.822243 30.397936, -87.822129 30.398107, -87.822002 30.398332, -87.821894 30.398497, -87.821792 30.398723, -87.821767 30.398822001, -87.821615001 30.399157001, -87.821551 30.399328, -87.821510499 30.399504, -87.821456001 30.399757001, -87.821443 30.399922, -87.821403038 30.400070035, -87.821271013 30.400378585, -87.821182013 30.400763585, -87.821182013 30.401110586, -87.821201014 30.401181585, -87.821207014 30.401324585, -87.821233013 30.401451585, -87.821239013 30.401621585, -87.821260817 30.401736012, -87.821253 30.402001, -87.821291001 30.402100001, -87.821348001 30.402304, -87.821374 30.402474, -87.821393 30.402793001, -87.821450001 30.403041, -87.821535507 30.403307793, -87.821618407 30.40346745, -87.821738884 30.403637594, -87.822055598 30.404011736, -87.822139269 30.404159475, -87.822188781 30.404225639, -87.82222757 30.404308431, -87.822410919 30.40457258, -87.822551147 30.404803505, -87.822684268 30.405040475, -87.822842541 30.405221771, -87.823210154 30.405563095, -87.823267819 30.405639621, -87.823407207 30.40576704, -87.823515655 30.405898704, -87.823661253 30.406035995, -87.823832862 30.406272603, -87.82414333 30.406596926, -87.824422706 30.406948675, -87.824599203 30.407217432, -87.824703115 30.407394514, -87.824796443 30.407572382, -87.824795 30.407755, -87.824744001 30.407826001, -87.824653564 30.407931365, -87.824603015 30.408040587, -87.824578014 30.408156587, -87.824559015 30.408453587, -87.824521015 30.408667587, -87.824426015 30.408915586, -87.824331015 30.409102587, -87.824286014 30.409151587, -87.824199 30.409284, -87.824154001 30.409405, -87.824142 30.409476, -87.824148 30.410131, -87.824072001 30.41023, -87.824015 30.410263, -87.8239 30.410291, -87.82385 30.41039, -87.823824 30.410483, -87.823799 30.410731, -87.823831001 30.411066, -87.823890508 30.411338794, -87.823929228 30.411404486, -87.824036139 30.411498111, -87.824140855 30.411573195, -87.824176507 30.411706794, -87.824284196 30.411945271, -87.824288001 30.412188001, -87.824360507 30.412399794, -87.824499956 30.412603566, -87.824614004 30.412692284, -87.824826015 30.412804588, -87.824943844 30.412879569, -87.825015064 30.41298853, -87.825083279 30.413175175, -87.825290266 30.413354633, -87.825303 30.413423001, -87.825297 30.413519, -87.82524 30.413706, -87.825158 30.413855, -87.82407 30.415005, -87.823819385 30.41521852, -87.823964278 30.415409535, -87.823736 30.415648, -87.823073 30.416497, -87.82274 30.417214, -87.822394 30.418717, -87.822522 30.419545, -87.822554 30.419751, -87.822891 30.421015, -87.823426 30.422507, -87.824 30.423409, -87.824629 30.424138, -87.825191 30.4246, -87.825858 30.424913, -87.826888 30.425386, -87.827595 30.425778, -87.827785 30.426085, -87.828011 30.42645, -87.828022 30.427077, -87.828025 30.427202, -87.827759 30.427895, -87.827492 30.428439, -87.82683 30.428901, -87.826302 30.429349, -87.825542 30.429951, -87.8249 30.430259, -87.823927 30.431051, -87.822154 30.432313, -87.822611 30.432419, -87.82286 30.43273, -87.822904 30.432791, -87.822983 30.432918, -87.8230485 30.433009, -87.823213 30.433218, -87.823356 30.433438, -87.823386 30.433505, -87.823431 30.433643, -87.823458 30.433785, -87.823462 30.433857, -87.823457 30.433929, -87.82344 30.434, -87.823377 30.434093, -87.823287 30.434213, -87.823171 30.434405, -87.823150255 30.434424977, -87.82308 30.434476, -87.823021 30.434527, -87.822923 30.434644, -87.822834 30.434766, -87.822746 30.434929, -87.822656 30.43513, -87.822574 30.435334, -87.822522 30.435581, -87.822521174 30.435610743, -87.822529 30.435725, -87.822567 30.435975, -87.822582 30.436118, -87.82259 30.436153, -87.822617 30.436221, -87.822653 30.436286, -87.822695 30.436348, -87.822833 30.436529, -87.822912 30.43655, -87.823211 30.436678, -87.823368 30.436726, -87.823513 30.43676, -87.823768 30.43682, -87.82393 30.436782, -87.823961008 30.436782, -87.824207 30.436845, -87.824451 30.436893, -87.824608 30.436941, -87.824684 30.436971, -87.824757 30.437005, -87.824871 30.437049, -87.825019 30.437115, -87.825211 30.437184, -87.825248 30.437201, -87.825349 30.437264, -87.825438 30.43734, -87.825513 30.437426, -87.825556 30.437488, -87.82564 30.437652, -87.825683 30.437791, -87.825706 30.438006, -87.825706 30.438114, -87.825699 30.438258, -87.825682 30.438401, -87.825673867 30.438427839, -87.825572 30.438593, -87.825407 30.438962, -87.825336 30.439168, -87.825317 30.439275, -87.825318 30.439382, -87.8253 30.439453, -87.825296 30.439525, -87.825298495 30.439554937, -87.825327 30.439666, -87.825391 30.439799, -87.825431 30.439862, -87.825477 30.439922, -87.82553 30.439978, -87.825589 30.440028, -87.825672 30.440006, -87.825826 30.43995, -87.825972 30.439881, -87.826052 30.43986, -87.82613 30.439834, -87.82633 30.439785, -87.826455 30.439783, -87.826488723 30.439787935, -87.826809 30.439888, -87.826885 30.439917, -87.826914509 30.439933019, -87.827032 30.440129, -87.827124 30.440249, -87.827207 30.44033, -87.827452 30.440524, -87.827521 30.440563, -87.827584 30.440611, -87.82769 30.440666, -87.827716251 30.440686324, -87.827872 30.44075, -87.827905881 30.440757437, -87.827995 30.44077, -87.828245 30.440786, -87.828339412 30.440716599, -87.828374 30.440697, -87.828529 30.440644, -87.828611 30.44063, -87.828735 30.440616, -87.828777 30.440616, -87.828859 30.440626, -87.82898 30.440654, -87.829057 30.440679, -87.829126 30.440721, -87.829217 30.440794, -87.829315 30.440911, -87.829313 30.440982, -87.829322 30.44109, -87.829338 30.441161, -87.829351 30.441195, -87.829401 30.441294, -87.829418801 30.441320277, -87.829476 30.44138, -87.829607 30.441468, -87.83001 30.441655, -87.830251 30.441715, -87.830483 30.441794, -87.830597 30.441838, -87.830704 30.441893, -87.831089 30.442028, -87.831234 30.442099, -87.83144 30.442221, -87.831623 30.442305, -87.831701 30.442332, -87.831734782 30.442337768, -87.832032 30.442358, -87.832073 30.442358, -87.83228 30.44234, -87.832483 30.4423, -87.832766 30.442238, -87.833016 30.442231, -87.833049782 30.442236768, -87.833175 30.442273, -87.833476 30.442396, -87.833628 30.442453, -87.83375 30.442476, -87.833832 30.442487, -87.833907 30.442518, -87.833938 30.442536, -87.833951 30.442571, -87.834022 30.442659, -87.834124 30.442717, -87.834201 30.442741, -87.834405 30.442778, -87.834529 30.442785, -87.834612 30.44278, -87.834776 30.442756, -87.834895749 30.442727184, -87.834926847 30.442724285, -87.835055 30.442752, -87.835133 30.442777, -87.83524 30.442832, -87.835338 30.4429, -87.835459 30.442997, -87.835507 30.443026, -87.83556 30.44306, -87.835624 30.443106, -87.835715 30.443179, -87.835859 30.443306, -87.835922 30.443352, -87.836036 30.443426, -87.836023019 30.443380594, -87.835870019 30.443215594, -87.835680019 30.443028594, -87.835223019 30.442676594, -87.834988019 30.442577594, -87.834912019 30.442533594, -87.834861019 30.442484594, -87.834861019 30.442396594, -87.834899019 30.442352594, -87.834911019 30.442308594, -87.834848019 30.442275594, -87.834772019 30.442308594, -87.834740019 30.442346594, -87.834721019 30.442396594, -87.834740019 30.442462594, -87.834772019 30.442511594, -87.834778019 30.442605594, -87.834721019 30.442638594, -87.834499019 30.442676594, -87.834156019 30.442676594, -87.834074019 30.442638594, -87.834076518 30.442572094, -87.834423019 30.442539594, -87.834492519 30.442465094, -87.834353019 30.442374594, -87.834099019 30.442401594, -87.833927518 30.442390595, -87.833693018 30.442358594, -87.833267018 30.442149594, -87.833083018 30.442083594, -87.832797018 30.442099594, -87.832239019 30.442198594, -87.831744018 30.442237594, -87.831667018 30.442215594, -87.831534018 30.442143594, -87.831350018 30.441989594, -87.831166018 30.441890594, -87.830766018 30.441775594, -87.830594018 30.441659594, -87.830334018 30.441538594, -87.830093018 30.441456594, -87.829928017 30.441379594, -87.829693017 30.441285594, -87.829585017 30.441220594, -87.829560018 30.441148594, -87.829585017 30.441077593, -87.829718017 30.441071594, -87.829896018 30.441126593, -87.829985017 30.441137593, -87.830036017 30.441082594, -87.830004018 30.441027594, -87.829642018 30.440774594, -87.829344017 30.440604594, -87.829147018 30.440532594, -87.828912017 30.440472594, -87.828417017 30.440444594, -87.828302017 30.440444594, -87.827909017 30.440560594, -87.827845017 30.440538594, -87.827839017 30.440400594, -87.827782017 30.440400594, -87.827712017 30.440466594, -87.827655017 30.440477593, -87.827528017 30.440422594, -87.827344017 30.440263594, -87.827287017 30.440186594, -87.827255016 30.440076594, -87.827249017 30.439828594, -87.827223017 30.439779594, -87.827102017 30.439702594, -87.826918017 30.439641594, -87.826347016 30.439669594, -87.826220016 30.439680593, -87.826159516 30.439652594, -87.826131016 30.439592594, -87.825776017 30.439603594, -87.825655016 30.439581594, -87.825598016 30.439526594, -87.825582516 30.439463094, -87.825664516 30.439394594, -87.825807017 30.439328594, -87.825941017 30.439284594, -87.826207017 30.439163594, -87.826214016 30.439119594, -87.826182017 30.439069594, -87.826017017 30.439102594, -87.825833017 30.439163594, -87.825699017 30.439256593, -87.825573016 30.439278594, -87.825579016 30.439207594, -87.825655016 30.439014593, -87.825833017 30.438728594, -87.825903016 30.438662594, -87.825979016 30.438618593, -87.826239016 30.438580593, -87.826245016 30.438519593, -87.826074016 30.438498094, -87.826029016 30.438360593, -87.826023017 30.438239594, -87.825991017 30.438079593, -87.825890016 30.437722593, -87.825833017 30.437595593, -87.825655016 30.437309593, -87.825483016 30.437139593, -87.825356017 30.437067593, -87.825121016 30.436985593, -87.824937016 30.436891593, -87.824658016 30.436792593, -87.824303016 30.436732593, -87.824201016 30.436682593, -87.824201016 30.436583593, -87.824264016 30.436374593, -87.824328016 30.436242593, -87.824436016 30.435934593, -87.824448016 30.435802593, -87.824398016 30.435775593, -87.824061015 30.435698593, -87.823902016 30.435841593, -87.823890015 30.435896593, -87.823928016 30.435929593, -87.824118016 30.435945593, -87.824150016 30.435989593, -87.824144016 30.436143593, -87.824036016 30.436429593, -87.823960016 30.436517593, -87.823845016 30.436567593, -87.823611016 30.436567593, -87.823433015 30.436545593, -87.823331015 30.436517593, -87.823007016 30.436341593, -87.822912015 30.436253593, -87.822817016 30.436077593, -87.822772015 30.435604593, -87.822811016 30.435467593, -87.822823015 30.435384593, -87.822918016 30.435164593, -87.823064015 30.434928592, -87.823141015 30.434862593, -87.823287016 30.434757593, -87.823420016 30.434702593, -87.823655015 30.434675593, -87.823750016 30.434708592, -87.823858016 30.434763593, -87.824048016 30.434894593, -87.824220016 30.435049593, -87.824448016 30.435280592, -87.824582016 30.435378593, -87.824740016 30.435384593, -87.824842016 30.435345592, -87.824950016 30.435257593, -87.825058016 30.435219593, -87.825635016 30.435191593, -87.825832016 30.435257593, -87.825966017 30.435334593, -87.826143016 30.435510592, -87.826194016 30.435538592, -87.826270016 30.435598593, -87.826321016 30.435593592, -87.826302016 30.435532593, -87.826238017 30.435444593, -87.825902016 30.435147593, -87.825902016 30.435059593, -87.826213017 30.434718592, -87.826353016 30.434636593, -87.826454017 30.434559592, -87.826505017 30.434537592, -87.826632016 30.434540093, -87.826810016 30.434724593, -87.826911016 30.434894593, -87.826930017 30.434955593, -87.826962017 30.435010593, -87.827019016 30.435070593, -87.827098516 30.435027093, -87.826879017 30.434685593, -87.826848017 30.434581592, -87.826848017 30.434443592, -87.826911016 30.434383592, -87.827229016 30.434284592, -87.827419016 30.434234592, -87.828066017 30.433887593, -87.828333017 30.433700592, -87.828492017 30.433623593, -87.828625017 30.433475592, -87.828638017 30.433403592, -87.828568017 30.433376592, -87.828504017 30.433414592, -87.828403017 30.433552593, -87.828250016 30.433656592, -87.828085017 30.433755592, -87.827254017 30.434146592, -87.826638017 30.434361592, -87.826454017 30.434438593, -87.826232017 30.434553593, -87.826048017 30.434707593, -87.825794016 30.434944593, -87.825686016 30.435026592, -87.825572016 30.435054592, -87.825299016 30.435059593, -87.824988016 30.435120592, -87.824747016 30.435230593, -87.824607016 30.435213593, -87.824417016 30.435126593, -87.824283016 30.435004592, -87.824048016 30.434707593, -87.823985016 30.434642593, -87.823712016 30.434581593, -87.823579016 30.434537592, -87.823566016 30.434471593, -87.823623015 30.434339592, -87.823712016 30.434234592, -87.823782015 30.434168592, -87.823813015 30.434108593, -87.823813015 30.433965593, -87.823788015 30.433470592, -87.823775016 30.433376592, -87.823705015 30.433184593, -87.823680015 30.433079592, -87.823655015 30.433035592, -87.823623015 30.432914593, -87.823597016 30.432859592, -87.823591016 30.432672592, -87.823629015 30.432628592, -87.823756016 30.432562592, -87.823940016 30.432546592, -87.824175016 30.432606592, -87.824403015 30.432650592, -87.824670015 30.432650592, -87.825191016 30.432524592, -87.825591016 30.432320592, -87.825756016 30.432188592, -87.825863016 30.432056592, -87.825959016 30.431885592, -87.825984016 30.431753592, -87.826035016 30.431632592, -87.826073016 30.431588592, -87.826219016 30.431561592, -87.826339016 30.431627592, -87.826511016 30.431660592, -87.826689017 30.431671592, -87.827038017 30.431616592, -87.827095017 30.431643592, -87.827101016 30.431720592, -87.827044017 30.431935592, -87.827044017 30.432100592, -87.827095017 30.432166592, -87.827146017 30.432188592, -87.827146017 30.431957592, -87.827203017 30.431764592, -87.827228017 30.431709592, -87.827225016 30.431575092, -87.827063017 30.431522592, -87.826930017 30.431517592, -87.826650016 30.431544592, -87.826562016 30.431533592, -87.826355016 30.431370592, -87.826371016 30.431324591, -87.826568016 30.431104592, -87.826720017 30.430972592, -87.827006016 30.430747592, -87.827260016 30.430582591, -87.827463017 30.430406592, -87.827679017 30.430290592, -87.828116017 30.430103591, -87.828193017 30.430053591, -87.828332017 30.429916591, -87.828459017 30.429839591, -87.828567017 30.429822591, -87.828707016 30.429866591, -87.828891017 30.429993591, -87.828967017 30.430031591, -87.829240017 30.430053591, -87.829316017 30.430075591, -87.829494017 30.430169592, -87.829557017 30.430169592, -87.829557017 30.430119592, -87.829456017 30.430053591, -87.829323017 30.430009592, -87.829075017 30.429905592, -87.828986017 30.429833591, -87.828961017 30.429773591, -87.828961017 30.429404591, -87.828999017 30.429217591, -87.829043017 30.429102591, -87.829240017 30.428805591, -87.829297017 30.428700591, -87.829475017 30.428453591, -87.829633017 30.428288591, -87.829766017 30.428067591, -87.829824017 30.427913591, -87.829877517 30.427732091, -87.829970017 30.427605591, -87.830033017 30.427545591, -87.830122018 30.427517591, -87.830223017 30.427528591, -87.830338017 30.42757859, -87.830408017 30.427633591, -87.830465018 30.427770591, -87.830465018 30.428359591, -87.830516018 30.428546591, -87.830605017 30.428733591, -87.830751017 30.428892591, -87.830954017 30.429002591, -87.831284017 30.429096591, -87.831462017 30.429101591, -87.831544017 30.429085591, -87.831747018 30.429030591, -87.831950017 30.428903591, -87.832115018 30.428749591, -87.832172018 30.428639591, -87.832191018 30.428562591, -87.832172018 30.428304591, -87.832198018 30.428210591, -87.832267017 30.428078591, -87.832401017 30.427913591, -87.832553018 30.427787591, -87.832813018 30.427643591, -87.833569018 30.42758359, -87.833772018 30.427528591, -87.833981018 30.42735259, -87.834076018 30.42723159, -87.834127018 30.42713759, -87.834140018 30.42700059, -87.834076018 30.426906591, -87.833829018 30.42663159, -87.833676018 30.426351591, -87.833410018 30.42615859, -87.833378018 30.42609859, -87.833371018 30.42588959, -87.833397018 30.42579559, -87.833644018 30.42541659, -87.833790018 30.42524059, -87.833885018 30.42504759, -87.834101018 30.42487659, -87.834361018 30.42462959, -87.834602018 30.42444259, -87.834850018 30.42420559, -87.834907019 30.42413459, -87.834913019 30.42401359, -87.834882019 30.42393059, -87.834818018 30.42385359, -87.834761018 30.42380959, -87.834666018 30.42371059, -87.834659018 30.42364459, -87.834691018 30.42354059, -87.834881018 30.42323759, -87.834951018 30.42317759, -87.835008018 30.42314959, -87.835126018 30.42314709, -87.835434018 30.423463589, -87.835554019 30.42365559, -87.835599019 30.42376559, -87.835795518 30.42415659, -87.835910018 30.42420559, -87.836113019 30.42439259, -87.836183019 30.42443159, -87.836380019 30.42448659, -87.836532019 30.42450259, -87.836703019 30.42450259, -87.836856019 30.42440859, -87.837052019 30.42418859, -87.837116019 30.42410659, -87.837116019 30.42395259, -87.837052019 30.42385359, -87.836983019 30.42383159, -87.836830518 30.42380659, -87.836837019 30.42374359, -87.836989019 30.42356159, -87.837065019 30.423506589, -87.837230019 30.42345759, -87.837332019 30.42341359, -87.837427019 30.423325589, -87.837497019 30.42323759, -87.837604019 30.42305059, -87.837655019 30.422896589, -87.837687019 30.42276459, -87.837731019 30.422692589, -87.837871019 30.422621589, -87.838106019 30.42259859, -87.838518019 30.42273659, -87.83868302 30.42271959, -87.83915902 30.422527589, -87.839388019 30.42246659, -87.83945102 30.422428589, -87.839464019 30.42237359, -87.839286019 30.422384589, -87.83889302 30.42254959, -87.838620019 30.422620589, -87.838486019 30.422576589, -87.838372019 30.42242259, -87.838321019 30.422384589, -87.838112019 30.42238959, -87.837922019 30.42242259, -87.837763019 30.422511589, -87.837573019 30.422687589, -87.837515019 30.42281959, -87.837465019 30.423022589, -87.837389019 30.42323759, -87.837281019 30.423325589, -87.837205019 30.42331959, -87.837103019 30.42329259, -87.837020019 30.42312159, -87.836913019 30.423132589, -87.836805019 30.42318259, -87.836773019 30.42323159, -87.836773019 30.42351259, -87.836741019 30.42359459, -87.836716019 30.42372159, -87.836716019 30.42385859, -87.836741019 30.424034589, -87.836767019 30.42411159, -87.836729019 30.42419959, -87.836678019 30.42425459, -87.836538019 30.42432059, -87.836450019 30.42430459, -87.836323019 30.42424959, -87.836088019 30.42404659, -87.835897019 30.42379859, -87.835859018 30.42369959, -87.835865019 30.42356159, -87.836075019 30.42357859, -87.836126018 30.42360059, -87.836303019 30.42374309, -87.836392018 30.423737589, -87.836437019 30.42368859, -87.836430019 30.42363359, -87.836303019 30.42353959, -87.836183019 30.42349059, -87.835872019 30.42343559, -87.835573018 30.42327559, -87.835300018 30.42304559, -87.835123019 30.42295759, -87.835002018 30.42297359, -87.834818018 30.423061589, -87.834666018 30.42318259, -87.834602018 30.423248589, -87.834501018 30.42341359, -87.834456018 30.42357359, -87.834469018 30.42382659, -87.834533018 30.42393659, -87.834558018 30.42404059, -87.834552018 30.42422759, -87.834475018 30.42432159, -87.834330018 30.42447559, -87.834095018 30.42465159, -87.834012018 30.42469559, -87.833676018 30.42505359, -87.833631018 30.42511359, -87.833435018 30.425300591, -87.833295018 30.42548759, -87.833181018 30.42566959, -87.833111018 30.42594959, -87.833124018 30.42609259, -87.833168018 30.42617559, -87.833365018 30.426378591, -87.833473018 30.426554591, -87.833670018 30.42676959, -87.833753018 30.426906591, -87.833784018 30.42700059, -87.833778018 30.42709359, -87.833727018 30.42717059, -87.833619018 30.42728059, -87.833365018 30.427385591, -87.832737018 30.427495591, -87.832413018 30.42757859, -87.832172018 30.427715591, -87.832033018 30.427853591, -87.831944017 30.427979591, -87.831893017 30.428106591, -87.831861018 30.428579591, -87.831779018 30.428744591, -87.831680517 30.428832591, -87.831569017 30.428881591, -87.831404018 30.428892591, -87.831214018 30.428859591, -87.831062017 30.428799591, -87.830922018 30.428727591, -87.830795017 30.428623591, -87.830757018 30.428513591, -87.830750017 30.428331591, -87.830763018 30.428260591, -87.830807017 30.428144591, -87.830814018 30.427842591, -87.830782017 30.427721591, -87.830687017 30.427550591, -87.830655018 30.427512591, -87.830623017 30.427457591, -87.830522018 30.427374591, -87.830388017 30.427319591, -87.830192017 30.42726459, -87.829506017 30.42716559, -87.829392017 30.42712159, -87.829290017 30.427055591, -87.829195017 30.426956591, -87.829093017 30.426692591, -87.829049017 30.42641759, -87.829005016 30.42625259, -87.828928016 30.42614859, -87.828820016 30.42595059, -87.828700017 30.42585659, -87.828408017 30.42564759, -87.828109016 30.425345591, -87.827976017 30.42525759, -87.827576016 30.42512559, -87.827500017 30.425081591, -87.827329016 30.425004591, -87.826891016 30.424778591, -87.826427016 30.42452059, -87.826142015 30.42434459, -87.825761016 30.42408659, -87.825431016 30.42381659, -87.825164015 30.42361359, -87.824910016 30.42334359, -87.824637016 30.42296459, -87.824599015 30.42286559, -87.824523015 30.42274359, -87.824497015 30.42261259, -87.824631015 30.42261259, -87.824948015 30.42264459, -87.825710016 30.42267259, -87.826287016 30.42274359, -87.827112016 30.42285959, -87.827195016 30.42287559, -87.827296016 30.42285959, -87.827430016 30.42272759, -87.827455016 30.42265559, -87.827703016 30.42216059, -87.827728016 30.42201759, -87.827734016 30.421748589, -87.827722016 30.42170359, -87.827667516 30.42169609, -87.827626016 30.42197359, -87.827557017 30.42207259, -87.827430016 30.422094589, -87.827335016 30.422386589, -87.827398017 30.42245759, -87.827398017 30.42255159, -87.827227016 30.42273009, -87.827119016 30.42272759, -87.826732016 30.42265059, -87.826338016 30.42258959, -87.825151016 30.42255159, -87.825012016 30.42252959, -87.824529015 30.42249159, -87.824358015 30.42245759, -87.824294016 30.42241459, -87.824129015 30.42207259, -87.824116015 30.42200659, -87.823983015 30.42172059, -87.823837015 30.42121459, -87.823824015 30.42109959, -87.823754015 30.42078559, -87.823647015 30.42045559, -87.823545015 30.420202589, -87.823532015 30.420131589, -87.823449515 30.41995009, -87.823329015 30.419542589, -87.823323015 30.419454589, -87.823247015 30.419234589, -87.823208014 30.418932589, -87.823189015 30.418844589, -87.823189015 30.418387589, -87.823215015 30.418074589, -87.823246015 30.418030589, -87.823304015 30.418068589, -87.823399015 30.418162589, -87.823595514 30.418400589, -87.823646015 30.418448589, -87.823716015 30.418552589, -87.823824015 30.418679589, -87.823945015 30.418877589, -87.824491015 30.419416589, -87.824598015 30.419471589, -87.824986016 30.419641589, -87.825455015 30.419768589, -87.825658016 30.41986159, -87.825779015 30.419927589, -87.826408016 30.420450589, -87.826617016 30.42054359, -87.826744016 30.420582589, -87.826972016 30.420631589, -87.827074016 30.42067059, -87.827252016 30.42076359, -87.827328016 30.42079659, -87.827480016 30.420746589, -87.827747017 30.42074159, -87.828477016 30.420999589, -87.828566016 30.42107659, -87.828585016 30.421373589, -87.828566017 30.421423589, -87.828515017 30.42148359, -87.828432016 30.421533589, -87.828267016 30.42154959, -87.827906017 30.42150059, -87.827908516 30.42158609, -87.828236016 30.42164859, -87.828534016 30.421665589, -87.828947017 30.42170359, -87.829340017 30.421692589, -87.829346017 30.42162159, -87.829023017 30.421588589, -87.828686516 30.42150059, -87.828667016 30.42141759, -87.828775016 30.42109859, -87.828788017 30.420862589, -87.828407016 30.420735589, -87.828305017 30.42066959, -87.828255017 30.420581589, -87.828242016 30.420444589, -87.828191016 30.420273589, -87.828115016 30.420169589, -87.828108016 30.420119589, -87.828140016 30.420042589, -87.828216016 30.419971589, -87.828248016 30.419784589, -87.828248016 30.419630589, -87.828229017 30.419580589, -87.827924016 30.419173589, -87.827683016 30.418931589, -87.827632016 30.418865589, -87.827410016 30.418651589, -87.827213016 30.418486589, -87.826344016 30.417897589, -87.826058016 30.417628589, -87.825817016 30.417320588, -87.825709016 30.417210589, -87.825652015 30.417182588, -87.825334015 30.416929588, -87.824693015 30.416500589, -87.824554015 30.416374589, -87.824452015 30.416247589, -87.824414014 30.416138088, -87.824408015 30.416066588, -87.824439015 30.415950588, -87.824535015 30.415807589, -87.824604015 30.415736588, -87.824788 30.415584, -87.825042015 30.415395588, -87.825233016 30.415279588, -87.825392596 30.415423359, -87.825285 30.415577001, -87.825249642 30.415661505, -87.825350154 30.415750096, -87.825487015 30.415807589, -87.825550015 30.415807589, -87.825575015 30.415686588, -87.825588015 30.415483588, -87.825480015 30.415175588, -87.825493015 30.415131588, -87.825645015 30.415026588, -87.825810015 30.414977588, -87.826032016 30.414971588, -87.826096015 30.414993589, -87.826213148 30.415095103, -87.826309785 30.415221638, -87.826385167 30.415288128, -87.826505104 30.415189153, -87.826170356 30.41491846, -87.826146016 30.414872588, -87.826153015 30.414789588, -87.826191016 30.414729588, -87.826641015 30.414338588, -87.827048016 30.414052588, -87.827225015 30.413898588, -87.827397016 30.413733588, -87.827593016 30.413519587, -87.828012016 30.413001588, -87.828332016 30.412554088, -87.828412016 30.412363587, -87.828475016 30.412281587, -87.828589016 30.412044587, -87.828666016 30.411846587, -87.828957016 30.411318587, -87.828964016 30.411274587, -87.829040017 30.411104587, -87.829116016 30.410779587, -87.829186016 30.410581587, -87.829230016 30.410526587, -87.829306016 30.410465587, -87.829357016 30.410449587, -87.829560016 30.410449587, -87.82969239 30.410493381, -87.829739484 30.410553722, -87.829733 30.410636001, -87.829593001 30.410846, -87.829574 30.410983, -87.829574 30.411616, -87.829549 30.411764, -87.829555 30.412248001, -87.829575 30.412309001, -87.829594 30.412853, -87.829568 30.412996, -87.829568 30.413986, -87.829549 30.414366001, -87.829569 30.414525001, -87.829556 30.414795, -87.829493 30.415004, -87.829442 30.415087001, -87.829308 30.415142, -87.828838016 30.415218588, -87.828533016 30.415240588, -87.828374016 30.415301588, -87.828273016 30.415367588, -87.828120016 30.415438588, -87.827759016 30.415570589, -87.827556016 30.415669589, -87.827473016 30.415757588, -87.827410016 30.415878588, -87.827379266 30.415914338, -87.827334016 30.416021589, -87.827317516 30.416112589, -87.827343015 30.416229838, -87.827473016 30.415950588, -87.827549016 30.415834589, -87.827682016 30.415719588, -87.827797016 30.415669589, -87.828146016 30.415576588, -87.828323016 30.415488588, -87.828514016 30.415422588, -87.828857016 30.415367588, -87.828984016 30.415328588, -87.829187016 30.415306588, -87.829269016 30.415328588, -87.829447016 30.415422588, -87.829656016 30.415477588, -87.829815016 30.415488588, -87.830031016 30.415394588, -87.830215016 30.415229588, -87.830285017 30.415179588, -87.830754016 30.415025588, -87.831325017 30.414761588, -87.831611017 30.414684588, -87.831877017 30.414635588, -87.832081017 30.414585588, -87.832315017 30.414453588, -87.832652017 30.414343588, -87.832785017 30.414282588, -87.832893017 30.414200588, -87.833096017 30.413991587, -87.833293017 30.413886588, -87.833477018 30.413754588, -87.833629018 30.413672588, -87.833832017 30.413523587, -87.833940017 30.413457587, -87.834289017 30.413182588, -87.834555017 30.413055587, -87.834632017 30.412989588, -87.834714017 30.412857588, -87.834771017 30.412731588, -87.834815018 30.412527587, -87.834822017 30.412318588, -87.834790018 30.411944587, -87.834783018 30.411444587, -87.834815018 30.411339587, -87.835088018 30.410844587, -87.835139018 30.410597587, -87.835164018 30.410542587, -87.835196018 30.410503587, -87.835215018 30.410459587, -87.835310018 30.410333587, -87.835443017 30.410206587, -87.835576017 30.410063586, -87.835659018 30.409892586, -87.835697018 30.409777587, -87.835779018 30.409612587, -87.835982018 30.409370586, -87.836159517 30.409175587, -87.836446018 30.408919586, -87.836528018 30.408836586, -87.836610018 30.408671586, -87.836661018 30.408506586, -87.836693018 30.408440586, -87.836699018 30.408396586, -87.836832019 30.408055587, -87.836890018 30.407829586, -87.837010018 30.407494586, -87.837067018 30.407235586, -87.837137018 30.407015586, -87.837219018 30.406889586, -87.837740019 30.406289586, -87.838209018 30.405833586, -87.838406019 30.405728586, -87.838488019 30.405640586, -87.838717018 30.405546586, -87.839389019 30.405299586, -87.839478019 30.405249585, -87.839732019 30.405035586, -87.839827019 30.404969586, -87.839948019 30.404864586, -87.840246019 30.404495586, -87.840354019 30.404380585, -87.840455019 30.404292585, -87.840760019 30.404209585, -87.840861019 30.404110585, -87.840944019 30.404000585, -87.841153019 30.403786585, -87.841204019 30.403747585, -87.841343019 30.403615585, -87.841400019 30.403549585, -87.841724019 30.403241585, -87.841794019 30.403197585, -87.842409019 30.402614585, -87.84253002 30.402487585, -87.842815019 30.402234585, -87.843507019 30.401447584, -87.843779019 30.401062584, -87.843969019 30.400749584, -87.844179019 30.400369585, -87.84433702 30.400011584, -87.84436302 30.399967584, -87.84439402 30.399852584, -87.84457202 30.399522584, -87.84478802 30.399208584, -87.84497802 30.398961584, -87.84510502 30.398823584, -87.84516202 30.398730584, -87.84528202 30.398460584, -87.84537702 30.398168584, -87.84540302 30.398009584, -87.84546002 30.397871584, -87.845466021 30.397816584, -87.845707021 30.397349584, -87.84591602 30.397046584, -87.84618302 30.396722583, -87.84626502 30.396600584, -87.84641702 30.396303583, -87.84655702 30.396001583, -87.846575222 30.395776592, -87.846725226 30.395883022, -87.84679539 30.395954879, -87.846896918 30.396026425, -87.846963021 30.396045583, -87.84705802 30.395995584, -87.84721702 30.395973583, -87.847306021 30.395990583, -87.84735002 30.395968583, -87.84745802 30.395880583, -87.847553021 30.395847583, -87.84762302 30.395797584, -87.847502021 30.395753583, -87.84735002 30.395748583, -87.847147021 30.395847583, -87.847045021 30.395880583, -87.846907 30.395875, -87.84681727 30.395836632, -87.846712808 30.395745626, -87.84660802 30.395605584, -87.84658202 30.395528583, -87.84660102 30.395192583, -87.84663302 30.394939583, -87.84663302 30.394703583, -87.84661302 30.394477583, -87.84663902 30.394098583, -87.84666402 30.393955583, -87.84668902 30.393894583, -87.84663902 30.393603583, -87.846598703 30.393253422, -87.84657502 30.393196583, -87.846567689 30.393094422, -87.84644802 30.392805582, -87.84644152 30.392676583, -87.84692402 30.392634582, -87.84700602 30.392667582, -87.850833021 30.393431582, -87.851074021 30.393491582, -87.851188021 30.393513583, -87.851359022 30.393524583, -87.851455021 30.393508583, -87.851620022 30.393458583, -87.851733521 30.393387083, -87.851753022 30.393315583, -87.851664021 30.393216582, -87.851581022 30.393222583, -87.851372021 30.393315583, -87.851067022 30.393337582, -87.850833021 30.393299582, -87.846595 30.392486001, -87.846276064 30.39247171, -87.84621902 30.392426582, -87.846178982 30.392329555, -87.84611102 30.392228583, -87.84605402 30.392068583, -87.84604802 30.391810582, -87.84607302 30.391634583, -87.84609202 30.391375583, -87.84607302 30.391309582, -87.851416022 30.391616582, -87.851428021 30.391500582, -87.851022021 30.391462582, -87.846356912 30.391167546, -87.846119 30.39115, -87.845971788 30.391129318, -87.845919297 30.391091468, -87.84577502 30.390830582, -87.84577502 30.390687582, -87.84585102 30.390539582, -87.84595802 30.390291582, -87.84599702 30.390236582, -87.84634502 30.390016582, -87.84650402 30.389972582, -87.851111021 30.389976582, -87.851415022 30.389993582, -87.851498022 30.390020582, -87.851536021 30.390070581, -87.851548021 30.390119582, -87.851631022 30.390147582, -87.851697521 30.390144582, -87.851745022 30.390086582, -87.851764022 30.389971582, -87.851745022 30.389905582, -87.851694022 30.389828582, -87.851643021 30.389784582, -87.851574022 30.389784582, -87.851466021 30.389833582, -87.851294021 30.389855582, -87.84727802 30.389823582, -87.84698002 30.389824582, -87.84647902 30.389840582, -87.84597102 30.390033582, -87.84586302 30.390099582, -87.8457 30.390275001, -87.845674 30.390347, -87.845662001 30.390473, -87.845617 30.390556, -87.845524382 30.390589683, -87.845416698 30.390531679, -87.845372209 30.390477039, -87.845117647 30.390246612, -87.844845513 30.390025789, -87.844731379 30.389898886, -87.844306604 30.389464732, -87.844217209 30.389360039, -87.84379828 30.38898097, -87.843538752 30.388732652, -87.843399335 30.38855146, -87.843312019 30.388389582, -87.843266449 30.388254442, -87.843201644 30.388127708, -87.843107655 30.388012423, -87.843050273 30.387880472, -87.84295388 30.387709594, -87.842891261 30.387621475, -87.842745574 30.387363428, -87.842706797 30.38728063, -87.842637198 30.387187489, -87.842493019 30.386942581, -87.842478233 30.386884481, -87.842382861 30.386719602, -87.842243532 30.386527776, -87.842034615 30.386285425, -87.842001287 30.386213964, -87.841862732 30.386084886, -87.841801019 30.385980581, -87.841776019 30.385864581, -87.841744018 30.385457582, -87.841782019 30.385314581, -87.841788019 30.385232581, -87.841807019 30.385188581, -87.841814019 30.384962581, -87.841794018 30.384913581, -87.841788019 30.384544581, -87.841737019 30.384341581, -87.841653271 30.384107472, -87.841525605 30.383881729, -87.84140478 30.383738636, -87.841196109 30.383463513, -87.840877573 30.38295275, -87.840745276 30.382798471, -87.84064284 30.38261661, -87.840601018 30.38255958, -87.840574195 30.382484489, -87.84039551 30.38218279, -87.84010379 30.381857633, -87.839973017 30.38168458, -87.839871608 30.381264916, -87.839863307 30.381175464, -87.839817825 30.381093616, -87.839760301 30.38101695, -87.839698078 30.380955522, -87.839653564 30.380884428, -87.839566018 30.38069458, -87.839501132 30.380515506, -87.839392002 30.380340285, -87.839068546 30.380086766, -87.838968377 30.379971451, -87.838765496 30.379646435, -87.838719679 30.379553688, -87.83864342 30.379459853, -87.838523709 30.379333672, -87.8383975 30.379173434, -87.838192787 30.378750633, -87.838021215 30.37852503, -87.837887831 30.378404602, -87.837640147 30.378250103, -87.837547767 30.378169532, -87.837523017 30.378065579, -87.837491017 30.377724579, -87.837389017 30.377295579, -87.837300017 30.37706458, -87.837275017 30.37692758, -87.83726719 30.37679749, -87.837240141 30.376754108, -87.837173925 30.376690075, -87.836958017 30.37638258, -87.836951017 30.376289579, -87.836977017 30.37624558, -87.837072017 30.376206579, -87.837250017 30.376195579, -87.837757017 30.376256579, -87.837960017 30.37629458, -87.838182018 30.376360579, -87.838392018 30.376442579, -87.839292017 30.37684458, -87.840105018 30.377168579, -87.840492018 30.377295579, -87.840777018 30.377366579, -87.841278018 30.37753158, -87.841526018 30.377591579, -87.841811018 30.37763058, -87.842604019 30.377811579, -87.842972019 30.37786658, -87.844438019 30.378009579, -87.844895019 30.378031579, -87.845377019 30.378025579, -87.84618902 30.37813558, -87.84663902 30.37813558, -87.84787002 30.378041579, -87.84820702 30.377986579, -87.84853002 30.37794758, -87.84872702 30.377914579, -87.84936102 30.377925579, -87.84971002 30.377941579, -87.85003402 30.378002579, -87.850529021 30.378134579, -87.85072502 30.37816158, -87.85126402 30.378194579, -87.853155022 30.378523579, -87.854335022 30.378848579, -87.855325022 30.379177579, -87.855744022 30.379282579, -87.856398023 30.379518579, -87.856651022 30.379633579, -87.857140023 30.379875579, -87.857191023 30.37989258, -87.857656824 30.380176629, -87.858130023 30.38043158, -87.858390023 30.38055158, -87.858720023 30.380722579, -87.859818024 30.381195579, -87.860421023 30.38142558, -87.860909024 30.381651579, -87.861132024 30.38172858, -87.861531024 30.38189858, -87.861718878 30.382022505, -87.862007024 30.38216758, -87.862593804 30.382512686, -87.863023024 30.38274558, -87.863562024 30.38300358, -87.863765024 30.38308558, -87.864038024 30.38322858, -87.864590025 30.38350358, -87.865060025 30.38367958, -87.865206025 30.38375658, -87.865320025 30.38380558, -87.865506889 30.383930485, -87.865663025 30.38400958, -87.866459856 30.384518556, -87.866814805 30.384727684, -87.867303868 30.385045528, -87.867560026 30.38517958, -87.86786185 30.385370571, -87.868322026 30.38563058, -87.868576026 30.385757581, -87.86902991 30.386068446, -87.869515026 30.38633958, -87.869890026 30.38651558, -87.870114843 30.386656585, -87.870315027 30.386751581, -87.870533811 30.386881669, -87.870641945 30.386958383, -87.870823027 30.38705458, -87.871555876 30.387535513, -87.871809847 30.387695578, -87.871974972 30.38781634, -87.87222286 30.387975549, -87.872514976 30.388190334, -87.872729881 30.388332503, -87.872959087 30.38851918, -87.873453839 30.388827597, -87.873618888 30.388937489, -87.873765385 30.389085885, -87.874330019 30.389476269, -87.874593028 30.389615581, -87.874761979 30.38974033, -87.874994028 30.389864581, -87.875413028 30.390068581, -87.87611382 30.390490649, -87.876481914 30.39074344, -87.876905142 30.391113074, -87.877065878 30.391325596, -87.877281308 30.391534949, -87.877521816 30.391679661, -87.877696029 30.391774582, -87.878204029 30.392071581, -87.879424991 30.392983313, -87.879633921 30.393121428, -87.880043029 30.393354581, -87.88021403 30.393425582, -87.880652029 30.393591582, -87.88100703 30.393772582, -87.881130921 30.393858429, -87.881550143 30.394216116, -87.881645418 30.394314861, -87.882380252 30.394998002, -87.882627943 30.395174391, -87.882785845 30.395273587, -87.88285903 30.395302582, -87.883039953 30.395432375, -87.88347403 30.395677582, -87.884124868 30.396098537, -87.885202222 30.39671667, -87.885314032 30.396772582, -87.885618031 30.396948582, -87.886268825 30.397342641, -87.886519032 30.397449583, -87.886678032 30.397499582, -87.886817032 30.397565582, -87.887048878 30.397717516, -87.887531001 30.3980803, -87.887607377 30.398156893, -87.888267151 30.398724108, -87.888773827 30.399032636, -87.889031032 30.399166583, -87.889501032 30.399359583, -87.889643823 30.399445648, -87.889745168 30.399533088, -87.889822106 30.399653516, -87.889879407 30.399763448, -87.889952807 30.39985729, -87.8900944 30.400011875, -87.890246061 30.400133217, -87.890480828 30.400276633, -87.891004032 30.400564583, -87.89113417 30.400678087, -87.891267745 30.400847659, -87.891496159 30.401046099, -87.891952046 30.401404238, -87.89218685 30.401552579, -87.893560034 30.402281583, -87.893649034 30.402314583, -87.893764033 30.402380583, -87.894277034 30.402628583, -87.894842034 30.402936583, -87.894990922 30.403039433, -87.895486211 30.403484045, -87.89561329 30.403604969, -87.895854497 30.403868805, -87.89622819 30.404200067, -87.89667184 30.404475605, -87.896755253 30.404552004, -87.896920499 30.404732804, -87.89721801 30.40495929, -87.897430035 30.405082583, -87.897659035 30.405198584, -87.898090035 30.405352584, -87.898395036 30.405429584, -87.898737035 30.405572584, -87.899285839 30.40591161, -87.899505035 30.406029584, -87.899689035 30.406111584, -87.900286036 30.406309584, -87.900584036 30.406420584, -87.900831036 30.406557584, -87.901265838 30.406825613, -87.901605036 30.406970584, -87.902018036 30.407102584, -87.902341036 30.407234584, -87.903115036 30.407625584, -87.903283939 30.407744405, -87.903667037 30.407922584, -87.904435037 30.408346584, -87.904816037 30.408533584, -87.905154848 30.408745589, -87.905567978 30.40904834, -87.905898143 30.409329121, -87.906123358 30.40958444, -87.906456193 30.409879066, -87.906495363 30.409949456, -87.906754767 30.41028565, -87.90696354 30.410656356, -87.906970519 30.410703793, -87.907142258 30.411028478, -87.907179519 30.411121793, -87.907751068 30.41200753, -87.907795399 30.412089751, -87.907967147 30.412359506, -87.90802384 30.412436616, -87.908170246 30.412689481, -87.908192 30.412753001, -87.908200519 30.412805793, -87.908246432 30.412893445, -87.908256 30.412962, -87.908353519 30.413206793, -87.908382806 30.413247578, -87.908401 30.413375, -87.908481284 30.413626444, -87.908642 30.414260001, -87.90868 30.414365001, -87.908708519 30.414521793, -87.908745462 30.414584375, -87.908758519 30.414680793, -87.908813566 30.414793682, -87.908847519 30.414906793, -87.908891827 30.414991306, -87.908898519 30.415044793, -87.908943466 30.415132441, -87.909023 30.416021001, -87.909022 30.416928, -87.909003499 30.416995, -87.909009 30.417176001, -87.909058 30.417442, -87.909145519 30.417777793, -87.909171077 30.417816527, -87.909303548 30.418084558, -87.90933 30.418153, -87.909388365 30.418317359, -87.90946 30.418551, -87.909481519 30.418647794, -87.909514614 30.418718426, -87.909529 30.418788, -87.90958 30.418914, -87.909646546 30.419172612, -87.909663 30.419299, -87.909739 30.419508, -87.909796 30.419723, -87.909821 30.419794, -87.909834 30.419888001, -87.909885 30.420086, -87.909929 30.420201, -87.909935125 30.420247128, -87.909989511 30.420368436, -87.91000152 30.420473794, -87.910027602 30.420528427, -87.910077519 30.420682793, -87.910122546 30.420775432, -87.910141277 30.420844668, -87.910172519 30.420913794, -87.910205047 30.420962538, -87.910235519 30.421050793, -87.91026808 30.421100527, -87.910311 30.42124, -87.910316 30.421367, -87.910335 30.421444, -87.91036 30.421763001, -87.910385001 30.421956, -87.910392 30.422209, -87.910411 30.422314, -87.910423 30.422765, -87.91045152 30.423053794, -87.910477271 30.423097476, -87.910582 30.423513, -87.910594 30.423606001, -87.910626001 30.423711001, -87.910632 30.423788, -87.910734001 30.424195, -87.91081 30.424629, -87.910848 30.425306, -87.910873 30.425416, -87.91088449 30.425565584, -87.910899 30.425647, -87.911006 30.426131001, -87.9110125 30.426267501, -87.911032 30.426329, -87.911048829 30.426468354, -87.911108001 30.426703, -87.911146 30.427044, -87.911184 30.42722, -87.911207491 30.427606584, -87.911222 30.427743, -87.911254 30.427858, -87.911279 30.428216, -87.911304 30.428375, -87.91133852 30.428487794, -87.911380078 30.428534949, -87.91138252 30.428597794, -87.911434704 30.428718423, -87.911444 30.42881, -87.911507 30.429013, -87.911571 30.429277, -87.911596001 30.429475, -87.911602 30.429629, -87.911621001 30.429734, -87.911627 30.430207, -87.911665 30.430504001, -87.911799 30.430911, -87.91183 30.431093001, -87.911862001 30.431192, -87.911887125 30.431386129, -87.911951 30.431698, -87.911995 30.431808, -87.91204 30.432033, -87.912059 30.43222, -87.912109001 30.432974, -87.912217 30.433452, -87.912236 30.433595, -87.912255 30.433650001, -87.912268001 30.434228, -87.912312 30.434492, -87.912436435 30.434961532, -87.912604 30.435499, -87.912711 30.436549, -87.912775 30.436945, -87.9128 30.437149001, -87.912844 30.437352001, -87.912861446 30.438148977, -87.912939 30.438398, -87.913041 30.438651, -87.913168 30.439074001, -87.91325 30.439278, -87.913282 30.439454, -87.913282 30.439509, -87.91333552 30.439742796, -87.913359504 30.439783366, -87.913364 30.439855, -87.913396001 30.440053, -87.913434 30.440603, -87.913447 30.440653, -87.913472 30.44095, -87.913466 30.441076, -87.913409 30.441197, -87.913396001 30.441258001, -87.913345001 30.441351, -87.913275 30.441549, -87.913256 30.441753, -87.913256 30.441879001, -87.913307 30.442143, -87.913307 30.442886, -87.913395 30.44315, -87.913491 30.443392, -87.913522 30.443827, -87.913541 30.443937001, -87.913579 30.444058001, -87.913596427 30.444138961, -87.913674 30.444327, -87.913693 30.444448001, -87.913744 30.444624, -87.913781164 30.444787687, -87.913852 30.445444, -87.913947 30.445856, -87.914004 30.446005, -87.914120521 30.446375796, -87.914191468 30.446530444, -87.914241521 30.446689797, -87.914267078 30.446728531, -87.914495698 30.447299133, -87.914520521 30.447382797, -87.914654217 30.447608492, -87.91477611 30.447925876, -87.914812521 30.448037797, -87.914914517 30.448246439, -87.914920521 30.448290796, -87.915001801 30.44844631, -87.915007776 30.448495389, -87.915047521 30.448609797, -87.915156716 30.448867425, -87.915199521 30.449021797, -87.915255787 30.449128312, -87.915254001 30.449201, -87.915286 30.449311, -87.915159 30.449581001, -87.915127 30.449757, -87.915152 30.449850001, -87.915146705 30.449909887, -87.915178716 30.4500029, -87.915248 30.450334, -87.915305001 30.450554, -87.915311 30.450774001, -87.915336001 30.450862, -87.915343 30.450978, -87.915374 30.451137001, -87.915412 30.451231001, -87.915560521 30.451794797, -87.915654988 30.452000512, -87.915675521 30.452107797, -87.915714594 30.452190432, -87.915725521 30.452256797, -87.915809459 30.452421447, -87.915859521 30.452641798, -87.915885604 30.452696431, -87.915903521 30.452784797, -87.91600646 30.452987446, -87.916049521 30.453114798, -87.916094361 30.453196462, -87.916123 30.453321001, -87.916231 30.453635, -87.916282 30.453805001, -87.916493521 30.454401797, -87.916582279 30.454598039, -87.916618136 30.454651914, -87.916640175 30.454728577, -87.916761636 30.455012429, -87.916764 30.455065, -87.916893521 30.455490797, -87.916917894 30.455537297, -87.916933419 30.455627534, -87.916962067 30.455700929, -87.917005554 30.455768687, -87.917031 30.455945, -87.917134521 30.456233797, -87.917433216 30.456739494, -87.917559777 30.456904651, -87.917636252 30.457036485, -87.917678186 30.457192476, -87.917718521 30.457289797, -87.917751082 30.457339531, -87.917769521 30.457388798, -87.917808252 30.457454485, -87.91783 30.45754, -87.917824001 30.457634, -87.917792 30.457733, -87.917800521 30.457894798, -87.91785953 30.458015438, -87.917875001 30.458079001, -87.917896548 30.458436616, -87.91792343 30.458605964, -87.918014001 30.458888, -87.91802 30.458965, -87.918052 30.459058, -87.918124521 30.459324798, -87.91818826 30.459434484, -87.918303542 30.459676437, -87.918414001 30.459988001, -87.918452 30.460153, -87.918452 30.460345, -87.918382 30.46056, -87.918357 30.460736, -87.918363 30.460797, -87.918401 30.461016, -87.918439 30.461160001, -87.918426 30.461363, -87.918395 30.461479, -87.918388 30.461627, -87.918293 30.461924, -87.918293 30.462155, -87.918261 30.462397, -87.918236 30.462441, -87.918236 30.462925, -87.918255001 30.462997, -87.918261 30.463387, -87.918345522 30.463763798, -87.918370777 30.463810314, -87.918375 30.463899, -87.918413 30.463992001, -87.91842 30.464113, -87.918483 30.464652, -87.918569389 30.464969928, -87.918635001 30.465131, -87.918692 30.465307, -87.918705 30.4654, -87.918762 30.465632, -87.918859522 30.465875799, -87.918924384 30.465996459, -87.91901 30.466248, -87.919016 30.466308, -87.919143001 30.46671, -87.919149 30.466792, -87.919168001 30.466902, -87.919417478 30.467634772, -87.919543001 30.468041, -87.919554915 30.46885003, -87.919562 30.468954, -87.919610149 30.469197356, -87.919627522 30.469264799, -87.919647676 30.469308428, -87.91967 30.469625001, -87.919695 30.469861001, -87.919765 30.470202, -87.919784001 30.470577001, -87.919868522 30.4707828, -87.920155037 30.471310547, -87.920236276 30.471532149, -87.920352675 30.471783429, -87.920370521 30.471855799, -87.920419434 30.471945746, -87.920433522 30.471998799, -87.920682063 30.472372539, -87.920730186 30.472429882, -87.920744522 30.472476799, -87.920794381 30.472547326, -87.920916623 30.472702736, -87.920960362 30.472746917, -87.921315083 30.473208574, -87.921767009 30.474004991, -87.921811363 30.474061917, -87.921875409 30.474182457, -87.922001827 30.47435263, -87.922194327 30.4745882, -87.922941352 30.475337927, -87.923182436 30.47559086, -87.923348204 30.475739065, -87.923563545 30.475980785, -87.923798035 30.476163268, -87.923852046 30.476187598, -87.924516078 30.476704211, -87.926231837 30.477758629, -87.927188036 30.478498267, -87.931435825 30.481049662, -87.932957048 30.481752599, -87.933933048 30.482120599, -87.934788049 30.482348599, -87.935429049 30.4824636, -87.935810049 30.482584599, -87.936229049 30.482645599, -87.936369049 30.482683599, -87.93676905 30.482678599, -87.93692805 30.482656599, -87.937112049 30.4826126, -87.937221533 30.482621933, -87.937247 30.482684001, -87.93727083 30.482932356, -87.937272 30.483036, -87.937164 30.483195, -87.936828001 30.483481, -87.936726 30.483602, -87.936624 30.483756001, -87.936555 30.483845, -87.93644 30.483938, -87.936345 30.484032, -87.936154 30.484318, -87.936053001 30.484439001, -87.936015 30.484510001, -87.935919 30.484615, -87.935862 30.484697, -87.935665 30.484884001, -87.935634 30.484945, -87.935564 30.485011, -87.935456 30.485154, -87.935335001 30.485297, -87.935272 30.48539, -87.935138 30.485550001, -87.934961 30.485814, -87.934802 30.486017, -87.934649 30.486237, -87.934522 30.486353, -87.934313 30.48643, -87.934097 30.486463, -87.934035945 30.486457277, -87.933795599 30.485838435, -87.933755589 30.485755567, -87.93369 30.485737001, -87.932542358 30.485973013, -87.932473524 30.486223801, -87.932511592 30.486267757, -87.932749048 30.486402601, -87.932844048 30.486424601, -87.933086048 30.4865066, -87.933263048 30.4865726, -87.933314048 30.4866006, -87.933715039 30.486717798, -87.933716 30.486798, -87.933684 30.486941, -87.933538 30.487194, -87.933544001 30.487244, -87.933117 30.487994, -87.932837 30.488297, -87.932611001 30.488591, -87.932306 30.488855, -87.932153 30.489037, -87.931855 30.48935, -87.9313755 30.490038, -87.931264 30.490159, -87.931086 30.490374, -87.930851001 30.490594, -87.930769001 30.490638, -87.930692001 30.490627, -87.930326048 30.490517097, -87.930234047 30.490500601, -87.929815047 30.490384602, -87.929783047 30.490329602, -87.929770048 30.490241601, -87.929637048 30.490214602, -87.929567047 30.490213602, -87.929522297 30.490271851, -87.929205047 30.490164602, -87.928989047 30.490059601, -87.928913047 30.490081602, -87.928881047 30.490131601, -87.928887047 30.490202602, -87.928963047 30.490268602, -87.929135048 30.490345601, -87.929452048 30.490411601, -87.930158047 30.490626602, -87.930459048 30.490703602, -87.930774048 30.490769601, -87.930825579 30.490819325, -87.930832 30.490918, -87.9308 30.490968001, -87.9308 30.491017, -87.930743001 30.491083, -87.930318 30.49176, -87.929651 30.49264, -87.929498 30.492799001, -87.929282 30.493069, -87.929073 30.493388, -87.927821 30.495065, -87.927548 30.495395001, -87.927466 30.495516, -87.92744 30.495571, -87.927326001 30.495714, -87.927148 30.495973, -87.92711 30.496066, -87.926983 30.496264, -87.926887 30.496385, -87.926608001 30.497007, -87.926563 30.497089, -87.926487 30.497337, -87.926398 30.497716, -87.926392001 30.497815, -87.926366 30.49787, -87.926074001 30.498674001, -87.925979 30.498971001, -87.925871 30.499466, -87.925773 30.500195, -87.925794523 30.500285802, -87.925826191 30.500353267, -87.92583 30.500453, -87.925849 30.500574, -87.925843001 30.500871, -87.925792001 30.50113, -87.925729 30.501245001, -87.925646 30.501355, -87.925576 30.501421001, -87.925513 30.501531, -87.925487 30.501674, -87.925462 30.502004001, -87.925338 30.502316, -87.925373 30.502643, -87.925328 30.502791, -87.925227 30.502989, -87.925138 30.503072001, -87.924903 30.503176, -87.9248695 30.503213501, -87.924814 30.503374, -87.924782 30.503853, -87.924731 30.503990001, -87.924604 30.504172, -87.924509001 30.504348, -87.924483 30.504568, -87.924458001 30.504639, -87.924407001 30.504711, -87.924392 30.504782, -87.924299001 30.504953, -87.924185 30.505123, -87.923994 30.505437, -87.9238565 30.505644, -87.923740001 30.505855, -87.923422001 30.506350001, -87.922857001 30.507131, -87.922641 30.507395, -87.922412 30.50773, -87.922177 30.508236, -87.9220975 30.508382, -87.921967 30.508544, -87.921789 30.508962001, -87.921681 30.509375, -87.921675 30.510618, -87.921626 30.511004501, -87.921522 30.511366001, -87.9214845 30.511469001, -87.921452 30.511525, -87.921433 30.511588501, -87.921401 30.511652, -87.92109 30.512191, -87.920906 30.512477, -87.920653 30.512822, -87.9205585 30.512849501, -87.920495 30.512947, -87.920455499 30.51302625, -87.920068 30.513382, -87.919715 30.513668, -87.919343001 30.513918, -87.919294 30.513957, -87.919247 30.514, -87.919159 30.514103, -87.919004001 30.514245, -87.91872 30.514484001, -87.918391 30.514875, -87.918056 30.515191001, -87.917963001 30.515326, -87.917804001 30.515495, -87.917649 30.515636, -87.917537001 30.51575, -87.917453499 30.5158185, -87.91729 30.516022, -87.917192 30.516117, -87.917056 30.516226, -87.916862 30.516436001, -87.916374 30.516892, -87.916281 30.516989, -87.916194 30.517109, -87.916055 30.517267, -87.915964 30.517346501, -87.915912 30.517419001, -87.915842 30.517483, -87.915801682 30.517558537, -87.915832146 30.517620881, -87.915794 30.517751001, -87.915781011 30.5178478, -87.915858823 30.517898666, -87.915892111 30.517946342, -87.915732 30.517879, -87.915661027 30.51799477, -87.915610501 30.518163001, -87.9155175 30.518327001, -87.915443687 30.518437771, -87.91537375 30.518472501, -87.915143 30.518774, -87.915091 30.518829, -87.915001 30.518962, -87.914966001 30.519057001, -87.9148875 30.5191595, -87.914874001 30.519229, -87.914809 30.519359, -87.914702 30.519474, -87.914583 30.519565501, -87.914468409 30.519685774, -87.9143 30.5199465, -87.914236 30.520023, -87.913989 30.520375, -87.913865 30.520621001, -87.9138445 30.5206685, -87.913849 30.520728, -87.913843522 30.520793804, -87.913932779 30.520937678, -87.913803009 30.521372876, -87.913794 30.521461, -87.9137365 30.5216265, -87.913688 30.521681001, -87.913623 30.521728751, -87.913578 30.521783001, -87.9134425 30.522057, -87.913399 30.5220885, -87.913269 30.522225, -87.9132075 30.522307, -87.913188 30.522356001, -87.913186526 30.522408562, -87.913233442 30.52246395, -87.913231896 30.522528549, -87.912916 30.522923501, -87.912863001 30.523106, -87.912805 30.523212, -87.91269 30.523452, -87.912663001 30.523538, -87.912619841 30.523625102, -87.912739039 30.523864296, -87.912767 30.524013001, -87.912763 30.524141, -87.912716 30.524286001, -87.912659 30.524395, -87.912564 30.524504, -87.912452001 30.524592, -87.912319001 30.524655, -87.912172 30.524696, -87.912018 30.524713, -87.911868 30.524701, -87.911742 30.52467, -87.91168 30.524745, -87.911432 30.525171, -87.911413 30.525262, -87.911384 30.525308, -87.911286 30.525452001, -87.911141 30.525631, -87.911014 30.525816, -87.910869 30.525998, -87.910742 30.5262, -87.910564001 30.526442001, -87.91049 30.526584001, -87.910278 30.526857, -87.910054 30.527212, -87.909939 30.527451, -87.909666001 30.527928, -87.909533001 30.52819, -87.90947 30.52833, -87.909398 30.528451001, -87.909367 30.528549, -87.909343001 30.528602001, -87.909278 30.528709001, -87.909105761 30.529106403, -87.909134906 30.529168543, -87.9091335 30.529224, -87.909109 30.529267, -87.909057 30.52931, -87.909009 30.529365, -87.908957 30.529451001, -87.90888 30.52962, -87.908779001 30.529871001, -87.908656001 30.5302, -87.908575 30.530387, -87.908500932 30.530553523, -87.908502 30.530616, -87.908482 30.530693, -87.908481 30.530754, -87.908502 30.530803, -87.908533 30.530839, -87.908557 30.530874, -87.908572419 30.530902525, -87.908578 30.53095, -87.908589 30.530991, -87.908592 30.531035, -87.90858675 30.53105825, -87.908563 30.531168, -87.908568 30.531238, -87.908554 30.53132, -87.908543 30.531378, -87.9085295 30.53140275, -87.908417 30.5316015, -87.908379 30.531667, -87.908329 30.531765, -87.90825 30.532014, -87.908225 30.532146, -87.908217 30.532223, -87.908222 30.532276, -87.908233 30.532332, -87.908295 30.532488, -87.90830175 30.53252025, -87.908291 30.53267, -87.908265 30.532793, -87.908251 30.532839, -87.908214 30.532884, -87.908217 30.532938, -87.9082155 30.5329635, -87.908203 30.533021, -87.90818 30.533074, -87.90816275 30.53310325, -87.908116 30.533182, -87.908057 30.533277, -87.908013 30.533334, -87.907945 30.533421, -87.907875 30.533531, -87.90785 30.533578, -87.907797 30.533668, -87.907662 30.533837, -87.907539 30.533985, -87.907463 30.534076, -87.907377 30.534212, -87.907278 30.534341, -87.907205 30.534434, -87.907146 30.534529, -87.907112 30.534575, -87.906911 30.534853, -87.90685 30.534941, -87.906737 30.535091, -87.906716 30.5351165, -87.906619 30.53527, -87.906591 30.53531, -87.906495 30.535447, -87.906424 30.535557, -87.906373 30.535644, -87.906315 30.535719, -87.906205 30.535856, -87.90616 30.535914, -87.906094 30.536005, -87.906027 30.53609, -87.9059355 30.536234, -87.905833 30.536434, -87.904972 30.537843, -87.904849 30.5380065, -87.90482 30.538089, -87.904797 30.538132, -87.90478 30.538157, -87.904752 30.5382, -87.904724 30.538248, -87.904681 30.538357, -87.904671 30.538384, -87.904626 30.538485, -87.904567 30.538627, -87.90456025 30.53865025, -87.904548 30.538699, -87.904523 30.538767, -87.904492 30.538832, -87.904474 30.538867, -87.90445 30.538935, -87.90443 30.539001, -87.904423999 30.53902425, -87.904404 30.539124, -87.904387 30.539183, -87.9043795 30.53921, -87.904354 30.539355, -87.904334 30.539446, -87.904319 30.539544, -87.9043 30.539615, -87.904277 30.539678, -87.904249 30.539739, -87.90423925 30.53976075, -87.9042065 30.53987825, -87.904186 30.540001, -87.904179 30.540081, -87.904177 30.540118, -87.904173 30.540258, -87.9041525 30.5404125, -87.904174 30.540528, -87.904165617 30.540587176, -87.90417309 30.540779543, -87.904168 30.540875, -87.90414 30.541031, -87.904107 30.541182, -87.904097 30.541306, -87.904058 30.541518, -87.904054 30.541688001, -87.904035 30.541869, -87.904041 30.542085, -87.904058521 30.542266807, -87.904121671 30.542343716, -87.904249907 30.542432475, -87.904332714 30.542467037, -87.904309 30.542523, -87.904232 30.542518, -87.904042 30.542413001, -87.903292 30.542022, -87.903209 30.542033001, -87.90307 30.542297, -87.903012001 30.542297, -87.902884043 30.542239275, -87.902884043 30.542159614, -87.902929042 30.542077614, -87.903005042 30.541862614, -87.902988966 30.541800184, -87.902917 30.541769001, -87.902847 30.541786001, -87.902657 30.542116, -87.902549 30.542116, -87.902072 30.54194, -87.901824 30.541868, -87.901772042 30.541844464, -87.901772042 30.541747614, -87.901827791 30.541624863, -87.901842042 30.541571614, -87.901887042 30.541494614, -87.901895515 30.541419865, -87.901812 30.541378, -87.901704001 30.541384, -87.901659 30.541444, -87.901576 30.541675, -87.901519001 30.541785, -87.90143 30.541873, -87.901379 30.541895, -87.901182 30.542033001, -87.901199823 30.542138364, -87.901239 30.54228, -87.901246 30.542396001, -87.901265 30.542467, -87.9012455 30.542640501, -87.901201001 30.542698, -87.901201001 30.54277, -87.901125 30.542896, -87.901068 30.542957001, -87.900902 30.543072, -87.900788 30.543122, -87.900476 30.543232001, -87.90033 30.543303, -87.90014 30.543435, -87.900057001 30.543551001, -87.899968 30.543595, -87.899828 30.543584, -87.899669 30.543562001, -87.899555 30.543534, -87.899447 30.543551001, -87.899455982 30.543657978, -87.899519287 30.543718989, -87.899781838 30.543831528, -87.899815124 30.543869921, -87.899817077 30.543977319, -87.899738041 30.544089614, -87.899413041 30.544276614, -87.899166042 30.544386614, -87.899102041 30.544452614, -87.899045041 30.544529614, -87.899026041 30.544623614, -87.899076041 30.544782614, -87.899121041 30.544898615, -87.899299042 30.545085614, -87.899311041 30.545151614, -87.899295541 30.545242115, -87.899197042 30.545294614, -87.899114042 30.545283614, -87.898930042 30.545233615, -87.898727041 30.545134615, -87.898619041 30.545106615, -87.898454041 30.545079615, -87.898365041 30.545134615, -87.898250041 30.545255614, -87.898234541 30.545313115, -87.898237041 30.545436614, -87.898294541 30.545541615, -87.898409041 30.545722615, -87.898526541 30.545855115, -87.898657042 30.546042615, -87.898720041 30.546157614, -87.898739041 30.546229615, -87.898803041 30.546218615, -87.898828041 30.546157614, -87.898796042 30.545987615, -87.898758041 30.545899614, -87.898498041 30.545458615, -87.898492041 30.545370615, -87.898555042 30.545337615, -87.898657041 30.545337615, -87.899032042 30.545453615, -87.899229041 30.545475614, -87.899375042 30.545448615, -87.899419041 30.545415614, -87.899464041 30.545316615, -87.899477042 30.545222615, -87.899388041 30.544986614, -87.899331041 30.544755614, -87.899318041 30.544667614, -87.899356042 30.544551614, -87.899401042 30.544496615, -87.899515042 30.544414614, -87.899814041 30.544287614, -87.899947041 30.544216614, -87.900062042 30.544029614, -87.900094042 30.543935614, -87.900151042 30.543831614, -87.900297042 30.543699614, -87.900513042 30.543550614, -87.900958042 30.543303614, -87.901094541 30.543270614, -87.901219042 30.543209614, -87.901289042 30.543223614, -87.901403042 30.543221614, -87.901445129 30.543174528, -87.901412983 30.543125345, -87.901327042 30.543060365, -87.901327042 30.543006614, -87.901384042 30.542962614, -87.901606042 30.542990614, -87.901657042 30.542984614, -87.901680993 30.54282151, -87.901568042 30.542725268, -87.901568042 30.542638614, -87.901619042 30.542478614, -87.901721042 30.542352613, -87.901785042 30.542357614, -87.902134042 30.542467614, -87.902382043 30.542533614, -87.90251698 30.542628626, -87.902539244 30.542794451, -87.902630042 30.542830614, -87.902827042 30.542847614, -87.902884043 30.542836614, -87.902995042 30.542641114, -87.903106043 30.542632614, -87.903392043 30.542720614, -87.903650042 30.542828613, -87.903730001 30.542879739, -87.903622 30.543035, -87.903571001 30.543128, -87.903533 30.543227, -87.903539 30.543535, -87.903552 30.543662, -87.903539 30.543948001, -87.903520001 30.543992, -87.903520001 30.544041, -87.903463 30.544173001, -87.903368 30.544355, -87.903221 30.544679, -87.9029735 30.5452815, -87.902929 30.545471, -87.90291 30.545587, -87.902884001 30.545675001, -87.902878 30.545752, -87.902827001 30.545867, -87.902693 30.546346, -87.902636 30.546505001, -87.902502 30.547171, -87.902458001 30.547319, -87.902407001 30.547578, -87.902178 30.54837, -87.902121 30.548513, -87.902051 30.548848001, -87.902019 30.548931001, -87.902012001 30.549008, -87.901796001 30.549893, -87.901802 30.549998, -87.901777 30.550113, -87.901732 30.550234, -87.901726 30.550333, -87.901701 30.550427, -87.90165 30.550735, -87.901675 30.550806, -87.901719001 30.551384001, -87.901783 30.551758, -87.901969521 30.552475809, -87.902001281 30.552530491, -87.902013521 30.552574808, -87.902043689 30.552615629, -87.902189 30.55299, -87.902337521 30.553471809, -87.902376483 30.553548456, -87.90243 30.553815001, -87.902684001 30.554728, -87.9027165 30.55495, -87.902713 30.555182, -87.902684433 30.555279142, -87.902718 30.555915, -87.902744 30.556455, -87.902778 30.556679001, -87.9028 30.557471, -87.902772 30.558161, -87.902747 30.558381, -87.902715 30.558507, -87.902727 30.558705, -87.902753 30.558942, -87.902791001 30.559057, -87.902797 30.559145, -87.902835 30.559266001, -87.90288 30.559563, -87.90288 30.559728, -87.902890362 30.559809341, -87.902930972 30.559886697, -87.902981001 30.560053, -87.903006 30.560268, -87.903019 30.561038, -87.903101 30.561549001, -87.903108 30.561654, -87.9032155 30.5621595, -87.903302303 30.562510477, -87.903341486 30.562622595, -87.903368 30.562798, -87.9034 30.562908, -87.903406 30.562996, -87.903504 30.563389, -87.903557703 30.563577056, -87.903609 30.563837, -87.903632366 30.56389092, -87.903647 30.563969, -87.903698 30.564129, -87.903713522 30.56422581, -87.903739434 30.564274465, -87.903755 30.564344, -87.903889001 30.564696, -87.904016 30.565075, -87.904030522 30.56515481, -87.904060688 30.56519563, -87.904073 30.565262001, -87.904111 30.565372, -87.904147159 30.565513697, -87.904155 30.565757, -87.904227522 30.56596881, -87.90427201 30.566034568, -87.904330647 30.566166443, -87.904626457 30.56668138, -87.904634521 30.56672881, -87.904710866 30.566860624, -87.90474 30.566951, -87.904982107 30.567521872, -87.905212522 30.56815281, -87.905270248 30.5682515, -87.905292 30.568326, -87.905299 30.568464001, -87.905408522 30.56875781, -87.905441077 30.568807546, -87.905466522 30.56887881, -87.905534372 30.569004475, -87.905561522 30.56908281, -87.905594043 30.569131557, -87.905605522 30.56917581, -87.905647102 30.56924054, -87.905768173 30.569497409, -87.905840521 30.569676805, -87.906113261 30.569973954, -87.906169407 30.570053762, -87.906190522 30.57011681, -87.906317831 30.57028764, -87.90643042 30.570506032, -87.906495522 30.57065081, -87.906707331 30.571031536, -87.906741049 30.571108748, -87.906755522 30.57116181, -87.906812268 30.571259158, -87.907118996 30.571734574, -87.907264523 30.57199281, -87.907441314 30.572251606, -87.907461522 30.57230081, -87.907540885 30.572443656, -87.908084061 30.573274552, -87.908153522 30.57340081, -87.908210583 30.573466771, -87.908230522 30.573516811, -87.908354637 30.573684062, -87.908674447 30.574033864, -87.908954273 30.574298006, -87.909310158 30.574606123, -87.909615032 30.574843279, -87.910179791 30.575256103, -87.91059393 30.575553438, -87.910733845 30.575641609, -87.911363046 30.57613626, -87.911469101 30.576249544, -87.911475 30.576441, -87.911431001 30.576622, -87.911431001 30.576831, -87.911471161 30.576999234, -87.911643485 30.577295459, -87.911669266 30.577363446, -87.911685 30.577442, -87.911723 30.577552001, -87.911723 30.577618, -87.911831 30.577948001, -87.911972262 30.578306906, -87.912028407 30.578393761, -87.912145704 30.578676441, -87.912257771 30.578986401, -87.912317512 30.579115608, -87.912379523 30.579298811, -87.912440992 30.579423459, -87.91245 30.579475, -87.912295 30.579491, -87.912305523 30.579554811, -87.912325704 30.579599442, -87.912360001 30.579714, -87.912369 30.579837, -87.912469 30.580153001, -87.912476 30.580205, -87.912573 30.580534, -87.912589 30.580609001, -87.912632523 30.580735811, -87.912675656 30.580831444, -87.9127 30.58092, -87.912727 30.580988, -87.912798 30.581243001, -87.912924 30.5816, -87.9129962 30.581850077, -87.913034281 30.581918495, -87.91312001 30.582121464, -87.913230844 30.582336982, -87.913372671 30.582644444, -87.913434797 30.582748994, -87.913600582 30.583095449, -87.913662407 30.583197979, -87.913774145 30.583418732, -87.913899426 30.583607103, -87.913977612 30.583781447, -87.914033906 30.583885472, -87.914097515 30.583958818, -87.914122466 30.583998462, -87.914197001 30.584197, -87.914378778 30.584541209, -87.914431162 30.584662944, -87.914597975 30.584913297, -87.914615762 30.584984406, -87.914648439 30.585049466, -87.914745586 30.585181661, -87.914772636 30.585244445, -87.914839336 30.585311952, -87.914874959 30.585388525, -87.914886524 30.585453812, -87.914934283 30.585528581, -87.915060928 30.585671471, -87.915161046 30.585751437, -87.915149375 30.585834625, -87.91509575 30.585891501, -87.91506575 30.585948001, -87.9150365 30.586226501, -87.915033001 30.586326, -87.914952 30.586510001, -87.914953 30.586555, -87.914873 30.586854001, -87.91486 30.586957501, -87.914863 30.587268, -87.9149 30.587411001, -87.914902767 30.587635067, -87.914932355 30.587688851, -87.914943 30.587749, -87.9149355 30.5879, -87.914886 30.58811, -87.914886 30.588166, -87.914934478 30.588285232, -87.914964 30.588461, -87.91497 30.5885365, -87.914946001 30.588637, -87.914943 30.5887165, -87.914929 30.5887765, -87.914900886 30.588848376, -87.914922214 30.58892173, -87.914914 30.588987, -87.914859 30.5891315, -87.914852 30.589212, -87.914855 30.58931, -87.914829 30.589438001, -87.914824 30.589515001, -87.9148215 30.589612501, -87.914834 30.589745, -87.914728 30.590756001, -87.914697 30.590996001, -87.914694001 30.591397001, -87.91468 30.591604001, -87.914692 30.591919, -87.914673 30.592109001, -87.914605 30.592511001, -87.914605 30.592609, -87.914616 30.59267, -87.9146535 30.592793001, -87.9146555 30.5928925, -87.914612001 30.593070001, -87.914596 30.59319, -87.91457 30.593275, -87.91447 30.593555, -87.914421 30.593637001, -87.914354 30.593892, -87.91428 30.594091, -87.914137501 30.594577, -87.914137 30.594743, -87.914121 30.594836, -87.914093 30.594937, -87.91402 30.595388, -87.91398 30.595671, -87.913976001 30.595778, -87.913961001 30.5959, -87.913923 30.596157, -87.913907 30.596354001, -87.913907 30.596459001, -87.913979 30.596937001, -87.91405632 30.597147724, -87.914054 30.597327, -87.914067499 30.597511501, -87.9140585 30.597862, -87.914058001 30.598312, -87.914077 30.598404, -87.914138 30.598578, -87.914164 30.598676, -87.914171001 30.598898, -87.9141905 30.598988001, -87.914184 30.599059001, -87.914022001 30.599458, -87.913979 30.599623501, -87.913912 30.599756, -87.913746 30.600184, -87.913721 30.600252, -87.913657 30.600506, -87.913616 30.600637, -87.913498 30.600905, -87.913445 30.601091, -87.91339 30.601189, -87.913336 30.601314001, -87.913265 30.601546, -87.913223 30.601757, -87.91321 30.601866, -87.9131975 30.6021665, -87.913216 30.602424001, -87.913215 30.602734, -87.913236 30.602901, -87.9132235 30.603045001, -87.913225 30.603111, -87.913242 30.60321, -87.9132405 30.603260001, -87.913157 30.603416, -87.913132 30.603549, -87.913103 30.603777, -87.913062 30.603901, -87.912967 30.604276, -87.912861 30.604601, -87.912785 30.604928001, -87.912748 30.60519, -87.9126715 30.6055385, -87.912649 30.605858001, -87.912556 30.606600001, -87.912432001 30.60729, -87.912343499 30.6079895, -87.9123405 30.6081855, -87.9123135 30.6085785, -87.912308 30.608865, -87.912354 30.609194, -87.912342 30.609918, -87.912352 30.610444, -87.912364 30.61058, -87.912385 30.610684, -87.912436 30.610872, -87.91249302 30.611030137, -87.912539524 30.611142815, -87.912629477 30.611319643, -87.912773524 30.611688814, -87.912882388 30.611885176, -87.91289125 30.611943751, -87.912878 30.612041001, -87.912935001 30.612282, -87.912999 30.612460001, -87.913186001 30.612917001, -87.913203 30.61298, -87.913204 30.613024, -87.913197 30.613075, -87.913151 30.613222, -87.913061 30.613578, -87.9130435 30.613695, -87.913028 30.613879, -87.9130235 30.6141, -87.913001001 30.614331001, -87.912768 30.61506, -87.912592 30.615318, -87.912547 30.615362, -87.912484 30.615489, -87.912458 30.615577, -87.912467286 30.615724949, -87.912505524 30.615898815, -87.912543101 30.615982075, -87.912773593 30.616415453, -87.912818595 30.616475031, -87.912849034 30.616530567, -87.912878001 30.616644, -87.912884618 30.616708852, -87.912937524 30.616888815, -87.912989326 30.61698149, -87.913070568 30.617075787, -87.913101143 30.617127058, -87.913145001 30.617232, -87.913155439 30.61729699, -87.913164 30.61748, -87.913157298 30.61769938, -87.913169048 30.61776063, -87.913200048 30.61779863, -87.913207048 30.61785363, -87.913359048 30.61801363, -87.913560585 30.618247777, -87.913859425 30.618560885, -87.913960857 30.618698635, -87.913984 30.618773, -87.914064239 30.618971205, -87.914173 30.619288001, -87.914168 30.619439501, -87.914176512 30.619540409, -87.914225138 30.619642232, -87.914312213 30.619799515, -87.91439292 30.619914609, -87.914502667 30.620048729, -87.914560357 30.620106939, -87.914590103 30.620152545, -87.914631525 30.620261816, -87.914683221 30.620348513, -87.914727 30.620459, -87.91475 30.620542, -87.914773117 30.620586546, -87.914835824 30.620635668, -87.914939994 30.620683528, -87.914993783 30.620729507, -87.91502263 30.620778252, -87.915025 30.62084, -87.914902916 30.621014655, -87.914975194 30.62113452, -87.915124889 30.621332622, -87.91525226 30.621488186, -87.915464908 30.621791614, -87.915635797 30.622019662, -87.915785998 30.62224558, -87.91587726 30.622404504, -87.916161892 30.622820621, -87.916398541 30.623094805, -87.916712759 30.623435853, -87.916771224 30.623492565, -87.917029071 30.623703234, -87.917168192 30.623827596, -87.917276995 30.62391034, -87.917371824 30.623972668, -87.91750405 30.624040631, -87.917738263 30.62413875, -87.917840367 30.624206423, -87.917881121 30.624268571, -87.917920941 30.624304425, -87.91799055 30.624336131, -87.918354051 30.624457631, -87.91872205 30.624595631, -87.919015051 30.624731632, -87.91915005 30.624807631, -87.91938205 30.624898631, -87.91982805 30.625118631, -87.920221878 30.625377546, -87.920522277 30.62562784, -87.920585391 30.625745479, -87.920665 30.625968, -87.920665 30.626144001, -87.920652 30.626188, -87.920563 30.626282, -87.920409051 30.626347632, -87.920307051 30.626512632, -87.920106051 30.626729632, -87.920059051 30.626776632, -87.919983051 30.626837632, -87.919890551 30.626939132, -87.91992505 30.627139632, -87.919976051 30.627260632, -87.920020051 30.627486632, -87.920065051 30.627590632, -87.920072051 30.627634632, -87.920091051 30.627684632, -87.920091051 30.627827632, -87.919995051 30.628212632, -87.919575051 30.628822632, -87.91936 30.629054, -87.919259 30.62912, -87.91910075 30.629208751, -87.918806051 30.629427632, -87.918608551 30.629840133, -87.918570051 30.629950632, -87.918579 30.630167, -87.918603 30.630401, -87.918622 30.630456001, -87.918571 30.630731001, -87.918508 30.63088, -87.918438 30.631023001, -87.91809905 30.631666633, -87.91804205 30.631809633, -87.918016051 30.631974633, -87.91802305 30.632144633, -87.91801655 30.632489133, -87.917876051 30.632931633, -87.91783805 30.633019633, -87.917845051 30.633079633, -87.917876051 30.633123633, -87.918061051 30.633251134, -87.918073801 30.633300134, -87.918180656 30.633313234, -87.91822805 30.633516134, -87.918299341 30.633541772, -87.9183988 30.633553133, -87.9184873 30.633431133, -87.9185543 30.633420384, -87.91862505 30.633447884, -87.918696691 30.633484518, -87.9187205 30.6335525, -87.918715 30.633623001, -87.918676871 30.633679979, -87.918725903 30.633740355, -87.918697062 30.63378235, -87.918742444 30.633811136, -87.91883055 30.633811133, -87.91897055 30.633721134, -87.919041102 30.633720435, -87.919126358 30.633811846, -87.919194051 30.633809134, -87.919268051 30.633814633, -87.919307413 30.633844897, -87.91933443 30.633892485, -87.919365681 30.633970095, -87.919371 30.634032, -87.919359 30.634125, -87.919282 30.634154, -87.919199903 30.634204405, -87.919251572 30.634301401, -87.91927144 30.634369846, -87.919346243 30.634395971, -87.9193565 30.634447501, -87.9192845 30.634463501, -87.9191905 30.634471501, -87.919066001 30.634541001, -87.919016 30.634558001, -87.918935593 30.634565466, -87.91885555 30.634556884, -87.918785051 30.634569633, -87.918701051 30.634645634, -87.918670051 30.634684634, -87.91862205 30.634726633, -87.9185563 30.634770384, -87.9184438 30.634771134, -87.918395051 30.634732634, -87.91837605 30.634659634, -87.9183268 30.634626634, -87.91830655 30.634709134, -87.918299551 30.634820133, -87.91835655 30.635001384, -87.918322051 30.635102134, -87.918332051 30.635158634, -87.918328801 30.635262134, -87.918359051 30.635346134, -87.91838805 30.635505634, -87.91840455 30.635556634, -87.91843805 30.635589634, -87.918487051 30.635615134, -87.918640217 30.635649634, -87.91869755 30.635588634, -87.91873855 30.635514759, -87.91880955 30.635475384, -87.918892602 30.635518136, -87.918962012 30.635616576, -87.919011518 30.635727622, -87.919005 30.635771, -87.918971 30.635851, -87.918962 30.636107001, -87.918947 30.63618, -87.918954 30.636228, -87.9189435 30.636311, -87.918922001 30.636376001, -87.9188995 30.636436001, -87.918847 30.6365095, -87.918795 30.636576, -87.91874 30.636623001, -87.9186775 30.6367045, -87.918606 30.636866, -87.918556 30.636954, -87.918504 30.637020501, -87.918451 30.637059, -87.918391 30.637137, -87.918259 30.637238, -87.918185 30.63728, -87.9180675 30.637332001, -87.91796775 30.6373565, -87.917398001 30.637636001, -87.9171585 30.637746001, -87.916803001 30.637876, -87.916657 30.637965, -87.91665475 30.638020001, -87.916624249 30.6380905, -87.916519 30.638147, -87.9164825 30.638178, -87.9164 30.638281, -87.916347 30.638457001, -87.916291 30.638542001, -87.916266 30.638609, -87.916261 30.638662, -87.916272501 30.6387655, -87.9162415 30.6388565, -87.916258 30.638902501, -87.916263 30.638951, -87.916198 30.639057501, -87.916191 30.63913, -87.916191 30.639289, -87.9161325 30.639425001, -87.916128 30.639525, -87.916155 30.639685, -87.9162 30.639852501, -87.916189 30.639906, -87.916164 30.639955, -87.916006 30.640108, -87.915929 30.640193, -87.915902 30.640244501, -87.915896 30.640291, -87.915914 30.640402001, -87.91595675 30.640521501, -87.9160195 30.640604, -87.916041 30.640707001, -87.916086 30.640851, -87.916065 30.640994, -87.91599325 30.641227001, -87.91601125 30.64131375, -87.9160535 30.641375, -87.9160625 30.641427001, -87.91605675 30.641545501, -87.916100001 30.641577, -87.916147 30.641594001, -87.916227 30.641606, -87.916289 30.641627001, -87.916295001 30.641673, -87.9162785 30.641736501, -87.916241 30.6417905, -87.916241 30.641836001, -87.91627425 30.641894, -87.9163715 30.6419215, -87.9164615 30.641962001, -87.91648625 30.64203025, -87.916449 30.642082, -87.9163885 30.642238001, -87.916354 30.642282501, -87.916368 30.642342, -87.916393875 30.64240625, -87.916446 30.642461, -87.916526001 30.642504, -87.9165975 30.642530001, -87.916706001 30.642611001, -87.91673 30.642666501, -87.916732 30.642768, -87.916724 30.642819, -87.916692 30.642891501, -87.916607 30.642956, -87.91652025 30.642973251, -87.9163625 30.642970001, -87.9162745 30.642984501, -87.916206499 30.643054501, -87.916099499 30.6431465, -87.916001 30.643316001, -87.915965 30.6433935, -87.915919 30.6435655, -87.915869 30.643659, -87.9158625 30.643708, -87.916021 30.643938, -87.9160375 30.643991001, -87.9160445 30.644158501, -87.916104 30.644193001, -87.916149 30.644238001, -87.9162095 30.644271, -87.916465 30.644364001, -87.916508 30.644408251, -87.916519 30.644476, -87.916512 30.644596, -87.916503 30.644653, -87.9164475 30.644783001, -87.9164055 30.644850501, -87.9163455 30.644974, -87.916264001 30.645095001, -87.916205 30.645213, -87.916156 30.645273, -87.916113 30.645303, -87.91601825 30.64534975, -87.915873 30.645369001, -87.9157865 30.645412001, -87.915692 30.6454705, -87.915549776 30.645502407, -87.915366421 30.64602297, -87.915384 30.646078, -87.9153885 30.646169501, -87.915384 30.646232, -87.91536 30.646289, -87.915251 30.6464215, -87.9152295 30.6464955, -87.9151905 30.64677, -87.9152 30.6468935, -87.9152225 30.6469745, -87.91525075 30.647044, -87.91527175 30.647325501, -87.915338501 30.647513001, -87.915334 30.647621, -87.915357999 30.647689, -87.915394 30.647842, -87.91541 30.648047, -87.915447 30.648257001, -87.91545 30.648313, -87.9154175 30.6485835, -87.915445 30.6487175, -87.915469001 30.648768001, -87.9155115 30.6488405, -87.915591 30.648950001, -87.9156185 30.6490045, -87.915636 30.6490815, -87.915644 30.649200001, -87.915679 30.649365, -87.915675 30.649455, -87.915657 30.649506501, -87.915613001 30.649545001, -87.915477 30.649589, -87.915397 30.649638, -87.9153375 30.649717, -87.9151035 30.649934, -87.915012 30.649974, -87.914881 30.650049001, -87.914518 30.65019, -87.914405 30.650247, -87.9143021 30.65032745, -87.914162116 30.651316348, -87.914172185 30.651422981, -87.91418622 30.651475158, -87.914231623 30.651574756, -87.914260459 30.651625598, -87.914440388 30.651866002, -87.914471 30.651599001, -87.914502 30.651522, -87.914579 30.651429, -87.914674001 30.651385, -87.914801 30.651385, -87.914916 30.651412, -87.914986 30.651495, -87.915011 30.651561, -87.91503 30.651654, -87.915024 30.651819, -87.914916 30.652067, -87.914916 30.652155, -87.915018001 30.652259001, -87.915177001 30.65238, -87.915247 30.652424, -87.915476 30.652485, -87.915597001 30.65254, -87.915762001 30.65265, -87.915946001 30.65276, -87.916053262 30.65286191, -87.916108377 30.652965485, -87.916165526 30.65315882, -87.916223479 30.653273469, -87.916285525 30.653494819, -87.916426577 30.653796458, -87.916541693 30.654066451, -87.916600051 30.654294638, -87.916702052 30.654558638, -87.916772051 30.654657638, -87.916848051 30.654696638, -87.918192051 30.654559638, -87.918228051 30.654519638, -87.918253051 30.654479638, -87.918313052 30.654311638, -87.918358052 30.654256138, -87.918412051 30.654249638, -87.918449051 30.654287138, -87.918472052 30.654381638, -87.918492551 30.654429139, -87.918534051 30.654464638, -87.918589052 30.654474638, -87.918649052 30.654467638, -87.918717052 30.654430638, -87.918754052 30.654393638, -87.918797051 30.654347638, -87.918856052 30.654259638, -87.918902552 30.654206138, -87.918928052 30.654137638, -87.918957052 30.653790638, -87.918980052 30.653737638, -87.919042051 30.653703638, -87.919290052 30.653848638, -87.919560051 30.654066638, -87.919803 30.654249, -87.91957 30.654004, -87.919222439 30.653633741, -87.919263422 30.653606785, -87.91921 30.653514, -87.9192225 30.653362501, -87.919324 30.6532, -87.919585 30.653052, -87.919917287 30.652908932, -87.920277875 30.652483258, -87.920330652 30.652384458, -87.920359035 30.652278502, -87.920587206 30.650708157, -87.920587676 30.650579192, -87.920256537 30.648178061, -87.920056001 30.648079, -87.92007 30.64781, -87.920044 30.647678001, -87.920044 30.647524, -87.920095 30.647337, -87.920146 30.647194, -87.920216 30.646908, -87.92025575 30.646811751, -87.920388 30.646435, -87.920433 30.646369, -87.920445 30.646276, -87.920554001 30.645874, -87.92066325 30.645629751, -87.920776 30.645473001, -87.920833819 30.645375487, -87.921346143 30.643832768, -87.921583512 30.643475378, -87.921648 30.643157001, -87.921705 30.642953001, -87.921775001 30.642838001, -87.921928 30.642667, -87.922391771 30.64225844, -87.92248065 30.642117486, -87.922715299 30.641613771, -87.922757807 30.641456614, -87.922762632 30.641393294, -87.922717 30.641116001, -87.92273 30.640946, -87.922813 30.640654, -87.922832001 30.640462, -87.922813 30.640319, -87.922787 30.640253, -87.922794 30.640088001, -87.922813 30.640016, -87.92285 30.6399565, -87.922921 30.639912, -87.923028742 30.639918206, -87.923149553 30.639366146, -87.922965001 30.639257, -87.922889 30.639191, -87.922838 30.63912, -87.922838 30.638977, -87.922934001 30.638812, -87.922966 30.638696, -87.923023 30.638575, -87.923201001 30.638328, -87.923341 30.638201001, -87.923474 30.638108001, -87.923869 30.63797, -87.924160053 30.637920634, -87.924338052 30.637920634, -87.924465052 30.637942634, -87.924580053 30.637992634, -87.924717274 30.638122015, -87.924864101 30.638352548, -87.925079387 30.638572919, -87.925156933 30.638682607, -87.925195677 30.638770449, -87.925198 30.638851, -87.925224 30.638994, -87.925224 30.639164, -87.925198 30.639219, -87.925185 30.639285, -87.925141 30.639423, -87.925109 30.639687, -87.925084001 30.639731, -87.925014 30.639764001, -87.924816 30.639775, -87.924505 30.63967, -87.92439 30.639659, -87.924231 30.639687, -87.923958 30.63972, -87.923806382 30.639682141, -87.923783687 30.639733854, -87.923757389 30.639841918, -87.923757362 30.639952325, -87.923783607 30.640060399, -87.923806277 30.64011212, -87.923869511 30.640208192, -87.923909402 30.640251522, -87.923954265 30.64029109, -87.92405695 30.640357303, -87.924686342 30.640666741, -87.924905379 30.641063491, -87.925120053 30.641133635, -87.925250877 30.641219549, -87.925327018 30.641374286, -87.925319 30.641562, -87.925306 30.641634001, -87.92523 30.641914, -87.925185 30.641986, -87.925130067 30.642145801, -87.925018053 30.642381635, -87.924713053 30.642854635, -87.924649052 30.642997635, -87.924611053 30.643162635, -87.924611053 30.643228635, -87.924738053 30.643349635, -87.924770053 30.643399635, -87.924770053 30.643481635, -87.924713053 30.643536635, -87.924560053 30.643619635, -87.924528053 30.643690636, -87.924528053 30.643833636, -87.924630053 30.643927635, -87.924745053 30.644004635, -87.924796053 30.644092635, -87.924821053 30.644279636, -87.924884053 30.644504635, -87.925044053 30.644647636, -87.925075053 30.644697636, -87.925101053 30.644768635, -87.925126053 30.644945636, -87.925145053 30.644988635, -87.925152053 30.645088635, -87.925266053 30.645539635, -87.925291053 30.645885636, -87.925285053 30.646292636, -87.925395 30.646953, -87.92542 30.647035001, -87.925452 30.647310001, -87.925477 30.647431, -87.925477 30.647961, -87.925224053 30.648182636, -87.925179053 30.648360637, -87.925158553 30.648521137, -87.925131053 30.648632637, -87.925067053 30.648980636, -87.925035053 30.649111637, -87.925026053 30.649207637, -87.924991553 30.649347637, -87.925001553 30.649476137, -87.924993053 30.649556637, -87.924964053 30.649641636, -87.924833054 30.650432637, -87.924803053 30.650554637, -87.924789053 30.650655637, -87.924780053 30.650813637, -87.924769053 30.650871637, -87.924600053 30.651307637, -87.924546053 30.651663637, -87.924516053 30.651752637, -87.924489054 30.651809637, -87.924464053 30.651899637, -87.924450526 30.652034961, -87.924408 30.65225, -87.9243355 30.652423, -87.924249053 30.652567637, -87.924202 30.652856, -87.924166001 30.652928001, -87.924173 30.653102001, -87.924091 30.653269, -87.9240105 30.653405, -87.923943 30.653611001, -87.923872463 30.653792288, -87.923846053 30.653885638, -87.923763053 30.654059638, -87.923664053 30.654347638, -87.923583053 30.654525637, -87.923506053 30.654748638, -87.923585053 30.654785638, -87.923496053 30.654922638, -87.923363053 30.655153638, -87.923351052 30.655198638, -87.923280053 30.655362638, -87.923234 30.655535, -87.923197053 30.655753638, -87.923019053 30.656429638, -87.922783553 30.657263139, -87.922777053 30.657348638, -87.922733053 30.657458638, -87.922707053 30.657601639, -87.922643052 30.657859638, -87.922605053 30.657947639, -87.922268053 30.658976639, -87.922071053 30.659383639, -87.921962053 30.659575639, -87.921791053 30.659729639, -87.921702053 30.659845639, -87.921727053 30.659982639, -87.921714053 30.660081639, -87.921689052 30.660147639, -87.921606053 30.660257639, -87.921504052 30.660411639, -87.921243052 30.660917639, -87.921199053 30.661027639, -87.921148053 30.661220639, -87.921129053 30.661357639, -87.921611053 30.661337639, -87.922054053 30.661417639, -87.922178053 30.661528639, -87.922198053 30.661869639, -87.922242053 30.661973639, -87.922236053 30.66205664, -87.922191053 30.662149639, -87.922191053 30.66234764, -87.922267053 30.66253464, -87.922431569 30.66286746, -87.922723109 30.66334055, -87.922774652 30.663456454, -87.922784 30.663542, -87.922784 30.664081, -87.922843526 30.66431982, -87.922908684 30.664468453, -87.922942522 30.664525583, -87.923007 30.664708, -87.923007 30.664873, -87.922924001 30.665038, -87.92286 30.66523, -87.922873 30.665425501, -87.922894526 30.66552482, -87.922952482 30.66563947, -87.922981 30.665731001, -87.923083001 30.665978, -87.923096 30.666116, -87.923019 30.666457, -87.923038 30.666572, -87.923076 30.666693, -87.92307 30.666743, -87.923006001 30.666803001, -87.922905 30.666847, -87.922540053 30.666863641, -87.922528053 30.66690764, -87.922572053 30.666957641, -87.922661053 30.666984641, -87.922909054 30.667039641, -87.923069053 30.66708964, -87.923147892 30.66714252, -87.92319214 30.667209466, -87.923203 30.667315, -87.923197 30.667513, -87.923178 30.667579, -87.923173 30.667649501, -87.923138 30.6677715, -87.923127 30.667876, -87.923095 30.667975001, -87.923 30.668013, -87.922578938 30.668013, -87.922569517 30.668114288, -87.922637001 30.668118, -87.922904 30.668156, -87.922968 30.6682, -87.9230025 30.668401001, -87.923009 30.668572, -87.923 30.668965, -87.923051 30.669273, -87.923108 30.66946, -87.923114001 30.669537, -87.92314 30.669625, -87.923152 30.669768, -87.923114001 30.669972, -87.923063 30.67012, -87.923031 30.670269, -87.922987 30.670395, -87.922929001 30.67067, -87.922961 30.671044, -87.922936 30.671297, -87.922888001 30.671434501, -87.922834 30.671545001, -87.922808 30.671638, -87.922834 30.671798, -87.922827 30.672062, -87.922694 30.672403, -87.922643 30.672463, -87.922589 30.672566001, -87.922554 30.672601, -87.9224455 30.672606501, -87.922331 30.672491, -87.922204 30.672287001, -87.922134001 30.672144, -87.92207 30.671979, -87.922032 30.67193, -87.9219905 30.671773, -87.921918001 30.671627, -87.921816001 30.671484, -87.921708001 30.671242, -87.921568 30.670868, -87.921517 30.670565, -87.921415 30.670219, -87.921371 30.669982001, -87.921352 30.669933, -87.921358 30.669465, -87.921339001 30.669333, -87.921256 30.669091001, -87.921231001 30.668701001, -87.921218 30.668624, -87.921174001 30.668503, -87.921072001 30.668371, -87.920976 30.668283001, -87.920849 30.668233, -87.920849 30.668178001, -87.920881 30.668123, -87.921015001 30.668013, -87.921131586 30.667958543, -87.921091869 30.667907298, -87.921002 30.667931001, -87.9209 30.667969, -87.920824 30.667969, -87.920766 30.667958, -87.920645 30.667843001, -87.920353 30.667821, -87.920327 30.667771, -87.9202625 30.667710501, -87.920203976 30.667716206, -87.920123859 30.667767779, -87.920064 30.667915, -87.920107001 30.668127, -87.920106 30.668308, -87.920165 30.668448, -87.920237 30.668926, -87.920236 30.669392001, -87.920191 30.669635001, -87.920073 30.669822001, -87.919924 30.669993, -87.919843 30.67012, -87.919824 30.670202, -87.919869 30.670389, -87.920022 30.670367, -87.919977 30.670252, -87.919977 30.670158, -87.920053 30.670098001, -87.920143001 30.670054, -87.920136 30.669927, -87.920213 30.669872, -87.920244 30.669916, -87.920289 30.67001, -87.920333001 30.67018, -87.920352 30.670334, -87.920384001 30.670433, -87.920384001 30.670626, -87.920518001 30.671258, -87.920524 30.67144, -87.920556 30.671517, -87.920594 30.671649, -87.920658 30.671781, -87.92074 30.672078001, -87.920848 30.672424001, -87.920874 30.672479, -87.920874 30.672551, -87.920912 30.672727001, -87.921116 30.67336, -87.921236001 30.673497, -87.921319 30.673684001, -87.921364001 30.673827, -87.921364001 30.673921, -87.921433501 30.674097001, -87.921478 30.674240001, -87.921485 30.674449, -87.921433501 30.674578001, -87.921421001 30.674652, -87.921395001 30.67471, -87.921319 30.674784, -87.921287001 30.674845, -87.921268 30.6749, -87.921249 30.675164, -87.921179 30.675367001, -87.921134 30.675439001, -87.921052 30.67551, -87.921007 30.675576001, -87.920988 30.675725001, -87.920988 30.675829, -87.920931 30.676049001, -87.9208955 30.676088, -87.920899 30.676143, -87.920772 30.67633, -87.92067 30.676451, -87.92064 30.676537, -87.920653527 30.676761822, -87.920677823 30.676807312, -87.920689 30.676962, -87.920682001 30.677083, -87.920600001 30.677336, -87.920549 30.677551, -87.920490053 30.677919643, -87.920484053 30.678084643, -87.920445053 30.678342643, -87.920426053 30.678535644, -87.920432053 30.678887643, -87.920458053 30.678964643, -87.920452053 30.679030643, -87.920483053 30.679178643, -87.920471054 30.679387644, -87.920420054 30.679602643, -87.920381053 30.679871644, -87.920388053 30.680113644, -87.920451054 30.680537643, -87.920483053 30.682765644, -87.920508053 30.682880644, -87.920616053 30.683150644, -87.920788054 30.683557644, -87.920947054 30.683826644, -87.921024054 30.684046644, -87.921087054 30.684437644, -87.921119053 30.684904645, -87.921214553 30.685141145, -87.921240054 30.685196645, -87.921272054 30.685240645, -87.921380054 30.685493645, -87.921386053 30.685537645, -87.921450054 30.685630645, -87.921552054 30.685971644, -87.921672054 30.686230645, -87.921691054 30.686296645, -87.921800054 30.686555645, -87.921844054 30.686621645, -87.921908054 30.686797645, -87.922041054 30.687248645, -87.922054054 30.687352645, -87.922150054 30.687682645, -87.922150054 30.687754645, -87.922220054 30.688007645, -87.922264054 30.688238646, -87.922305554 30.689110145, -87.922347054 30.689266646, -87.922538055 30.689728645, -87.922595055 30.689838646, -87.922614054 30.689899645, -87.922754055 30.690179646, -87.922856055 30.690311645, -87.923040055 30.690713646, -87.923231055 30.691098646, -87.923498055 30.691687646, -87.923505054 30.691742646, -87.923556054 30.691868646, -87.923581054 30.691973646, -87.923619055 30.692044646, -87.923746055 30.692391646, -87.923772055 30.692429646, -87.923804055 30.692534646, -87.923835055 30.692583646, -87.923969055 30.692886646, -87.924046055 30.693018646, -87.924154055 30.693144646, -87.924249055 30.693282646, -87.924345055 30.693458646, -87.924376055 30.693502646, -87.924408055 30.693595646, -87.924459055 30.693870646, -87.924459055 30.694129647, -87.924325055 30.694437647, -87.924233055 30.694528147, -87.924666055 30.695102647, -87.925001056 30.695295647, -87.925115055 30.695669647, -87.925140055 30.695575647, -87.925178055 30.695493646, -87.925255055 30.695399646, -87.925458055 30.695229647, -87.925586056 30.695064647, -87.925649055 30.694915646, -87.925624055 30.694717646, -87.925617055 30.694508647, -87.925745056 30.694090646, -87.925796056 30.693969646, -87.925834055 30.693832646, -87.925847056 30.693650647, -87.925802055 30.693414646, -87.925764055 30.693276646, -87.925592055 30.692875646, -87.925586056 30.692831646, -87.925535055 30.692737646, -87.925471055 30.692501646, -87.925465055 30.692418646, -87.925433055 30.692325646, -87.925261055 30.691989646, -87.925153055 30.691753646, -87.925039055 30.691406646, -87.925007055 30.691258646, -87.924975055 30.691203646, -87.924962055 30.691153646, -87.924924055 30.691109646, -87.924892055 30.691027646, -87.924759055 30.690818645, -87.924676055 30.690713646, -87.924479054 30.690312646, -87.924326055 30.689938646, -87.924192054 30.689552646, -87.924155304 30.689500896, -87.924135054 30.689442645, -87.923976054 30.689134645, -87.923931054 30.689024645, -87.923861055 30.688661645, -87.923849054 30.688562645, -87.923817054 30.688436645, -87.923817054 30.688276645, -87.923785055 30.688111645, -87.923779055 30.688029645, -87.923734055 30.687919645, -87.923722055 30.687825645, -87.923518054 30.687462645, -87.923429054 30.687220645, -87.923352054 30.686912645, -87.923302055 30.686648645, -87.923225054 30.686313645, -87.923187054 30.686098645, -87.923181054 30.685983645, -87.923130054 30.685823644, -87.922996054 30.685510645, -87.922984054 30.685405644, -87.922958054 30.685306645, -87.922945054 30.685213644, -87.922907054 30.685075645, -87.922895054 30.684971645, -87.922850054 30.684866644, -87.922831055 30.684795645, -87.922780055 30.684696644, -87.922767054 30.684635645, -87.922640054 30.684431645, -87.922595054 30.684327644, -87.922506054 30.684200645, -87.922385054 30.683942645, -87.922411054 30.683287644, -87.922392054 30.683238644, -87.922386054 30.683133644, -87.922303054 30.682803644, -87.922233054 30.682424644, -87.922163054 30.681956644, -87.922010054 30.681280644, -87.922004054 30.681164643, -87.921985054 30.681054643, -87.921947054 30.680713643, -87.921941054 30.680015644, -87.921966053 30.679872643, -87.921979054 30.679740643, -87.921998054 30.679674643, -87.922011054 30.679509643, -87.922042053 30.679338643, -87.922049054 30.679245644, -87.922125053 30.679008643, -87.922125053 30.678937643, -87.922233053 30.678618643, -87.922253053 30.678502643, -87.922291054 30.678381643, -87.922303054 30.678211643, -87.922354054 30.677985643, -87.922405054 30.677644643, -87.922431054 30.677545643, -87.922437054 30.677055643, -87.922507054 30.676874643, -87.922520053 30.676780643, -87.922571053 30.676720643, -87.922628053 30.676703642, -87.922715522 30.676752782, -87.922751141 30.676807466, -87.922744001 30.67732, -87.922725 30.677425, -87.92268 30.677568, -87.922674 30.677661, -87.922706 30.677997001, -87.922712 30.678717, -87.922746527 30.678923821, -87.922770491 30.678964374, -87.922776 30.679036, -87.922814 30.679185, -87.922846 30.679383, -87.922852001 30.679977, -87.922903001 30.680296, -87.922960001 30.680527, -87.92303 30.680719, -87.923036 30.680763, -87.923102527 30.680930822, -87.923230614 30.681211459, -87.923409821 30.681683374, -87.923475 30.681957, -87.923482 30.68205, -87.92352 30.682199001, -87.923558 30.682457, -87.923564 30.682567, -87.923634 30.682892001, -87.923735644 30.683165133, -87.923879692 30.683483454, -87.923897527 30.683582823, -87.923949329 30.683675498, -87.924022001 30.684042, -87.924048001 30.684212, -87.924164527 30.684528822, -87.924248504 30.684698469, -87.924266527 30.684770822, -87.924293551 30.684825465, -87.924330527 30.684946822, -87.92441446 30.685111476, -87.924484701 30.685276454, -87.924633005 30.685562185, -87.924743923 30.685795, -87.925018116 30.68623355, -87.92518079 30.686459394, -87.925319298 30.686630106, -87.92541281 30.686761665, -87.925437527 30.686832823, -87.925514322 30.686970499, -87.925552527 30.687096823, -87.92571234 30.687388496, -87.925921976 30.687696597, -87.926188746 30.688037696, -87.926291295 30.688219505, -87.926418663 30.688510456, -87.926551528 30.688884823, -87.926583133 30.688934546, -87.926665528 30.689181823, -87.927099466 30.690045475, -87.927277156 30.690336539, -87.927338985 30.690425126, -87.927410273 30.690502023, -87.927487042 30.690617573, -87.927919771 30.691178685, -87.928041106 30.691370554, -87.928365421 30.691997483, -87.928626547 30.692547465, -87.928648 30.692666, -87.928668 30.692848001, -87.928687 30.692898001, -87.928695528 30.692993824, -87.928747654 30.693109457, -87.928759528 30.693153823, -87.928957391 30.693527487, -87.929345308 30.694225503, -87.929504616 30.69457746, -87.929606296 30.694759505, -87.929797719 30.695215455, -87.929802528 30.695259823, -87.929963691 30.695633456, -87.930023 30.695807001, -87.930157 30.69633, -87.930267528 30.696618823, -87.930675243 30.697465518, -87.930719529 30.697591824, -87.930752554 30.697657739, -87.930971 30.698216, -87.931207 30.698932, -87.931222528 30.699021824, -87.93124831 30.699066503, -87.931302001 30.699289, -87.931423 30.699696, -87.931463529 30.700045824, -87.931503718 30.700138455, -87.931514529 30.700232824, -87.931636654 30.700507458, -87.931646 30.700582, -87.931684 30.700675, -87.931716 30.700736001, -87.931741 30.70089, -87.931767 30.700945, -87.931862 30.701275, -87.931888 30.701324, -87.931901 30.701396, -87.931926 30.701467001, -87.931952 30.701792, -87.931990001 30.701935001, -87.932098001 30.702182, -87.932098001 30.702226001, -87.932123001 30.702276, -87.932181 30.702496001, -87.932187 30.702738, -87.932091 30.703018, -87.93206 30.703205, -87.932066 30.703519001, -87.932135357 30.703720058, -87.93250612 30.704291277, -87.93257364 30.70437524, -87.933749479 30.705573447, -87.934227704 30.706169932, -87.934571353 30.706859745, -87.93523586 30.708654879, -87.935293089 30.708764687, -87.936065584 30.709886876, -87.936107655 30.709939911, -87.936903605 30.710802375, -87.93764177 30.711401677, -87.93774405 30.711468842, -87.938641472 30.711940057, -87.938771716 30.711991724, -87.939396173 30.712158863, -87.939472 30.712503, -87.939507 30.71268, -87.939556 30.712965, -87.939565 30.713, -87.93962 30.713136, -87.939695 30.713342, -87.939719 30.713521, -87.939739 30.713772, -87.939745 30.713807, -87.939799 30.713981, -87.939876 30.714298, -87.939924 30.714547, -87.939938 30.714906, -87.939928 30.71505, -87.939917 30.715338, -87.939863 30.715876, -87.939846 30.715946, -87.939764 30.716188, -87.939749 30.716295, -87.939559 30.716885, -87.939559 30.717065, -87.93957 30.717568, -87.93962 30.718251, -87.939615 30.718791, -87.939626 30.719042, -87.939605 30.719438, -87.939603 30.719582, -87.939608 30.719725, -87.939597 30.719833, -87.939588 30.720085, -87.939592 30.720229, -87.939572 30.720444, -87.939569 30.720588, -87.939538 30.720983, -87.939535 30.721343, -87.939529 30.721486, -87.939484 30.721953, -87.939481 30.722097, -87.939486 30.722204, -87.939477 30.722492, -87.939466 30.722636, -87.939397 30.722991, -87.939318 30.723344, -87.93925 30.723626, -87.939199 30.723763, -87.938921 30.724442, -87.938855 30.724613, -87.938809 30.724751, -87.938695 30.725135, -87.938573 30.725441, -87.938454 30.72571, -87.938341 30.726019, -87.938287 30.726155, -87.938137 30.726491, -87.937977 30.726863, -87.937925 30.727037, -87.937793 30.727308, -87.93767 30.727615, -87.937608 30.727786, -87.937551 30.72796, -87.937346 30.728694, -87.93728 30.728865, -87.937193 30.729143, -87.937118 30.729461, -87.937081 30.729638, -87.937021 30.730103, -87.937002 30.730209, -87.936851 30.73077, -87.936819 30.730912, -87.936787 30.731016, -87.936665 30.731472, -87.936565 30.731895, -87.936532 30.731999, -87.936493 30.732176, -87.936382 30.732523, -87.936155 30.733141, -87.93603 30.733368, -87.935923 30.733523, -87.935686 30.733944, -87.935548 30.734207, -87.935467 30.734372, -87.935377 30.734574, -87.935189 30.735089, -87.935158 30.735156, -87.93497 30.735478, -87.934911 30.73565, -87.934848 30.735859, -87.934703 30.736235, -87.934575 30.736615, -87.934453 30.736959, -87.934289 30.73729, -87.934248 30.737506, -87.934125 30.737998, -87.934016 30.738493, -87.933944 30.738737, -87.933782 30.739333, -87.933614 30.739778, -87.933555 30.739951, -87.933356 30.740463, -87.933145 30.740971, -87.933096 30.741109, -87.933041 30.741282, -87.932814 30.741824, -87.932785 30.741929, -87.932601 30.742445, -87.932536 30.742654, -87.93234 30.743242, -87.932282 30.743432, -87.93532806 30.743439657, -87.935331061 30.743374657, -87.93535606 30.743242657, -87.935382061 30.743176657, -87.93538806 30.743121657, -87.935490061 30.742950657, -87.93554406 30.742830157, -87.935961061 30.742092657, -87.93597406 30.741960656, -87.93607606 30.741740657, -87.936260061 30.741394157, -87.93633706 30.741262657, -87.93636906 30.741174656, -87.936757061 30.740458657, -87.93703106 30.739875656, -87.937145061 30.739694656, -87.93716506 30.739622656, -87.937356061 30.739210656, -87.93739406 30.739160656, -87.937515061 30.738918656, -87.937578061 30.738814656, -87.93774406 30.738445656, -87.937782061 30.738330656, -87.93795406 30.737989655, -87.93800506 30.737862656, -87.93805606 30.737626655, -87.93811306 30.737466656, -87.93834906 30.737070655, -87.938412061 30.736883656, -87.93861006 30.736581656, -87.938724061 30.736339655, -87.938852061 30.736102656, -87.93887706 30.736020655, -87.938884061 30.735943655, -87.938947061 30.735695655, -87.938979061 30.735602655, -87.939068061 30.735459655, -87.939348061 30.735134655, -87.939501061 30.734870655, -87.939749061 30.734562654, -87.939813061 30.734447655, -87.939864061 30.734287655, -87.939915061 30.734095654, -87.939921061 30.734018654, -87.940011061 30.733770655, -87.940291061 30.733121654, -87.940335061 30.732939655, -87.940412061 30.732758655, -87.940418061 30.732708654, -87.940443061 30.732642654, -87.940526061 30.732125654, -87.940583061 30.731966654, -87.940723062 30.731427654, -87.940749061 30.731212654, -87.940762061 30.731036654, -87.940774062 30.730987654, -87.940787061 30.730794654, -87.940813061 30.730712654, -87.940819061 30.730635654, -87.940844061 30.730541654, -87.940851062 30.730030654, -87.940832061 30.729749653, -87.940825061 30.729359654, -87.940838061 30.729260654, -87.940895061 30.729084653, -87.940902061 30.728154653, -87.940946061 30.728000653, -87.940991061 30.727907653, -87.941067061 30.727835653, -87.94112656 30.727815154, -87.941277062 30.727896653, -87.941379062 30.728033653, -87.941519061 30.728193653, -87.941837061 30.728600653, -87.942086062 30.728820654, -87.942149062 30.728908654, -87.942283061 30.729029654, -87.942391061 30.729106654, -87.942710061 30.729232654, -87.942965062 30.729293654, -87.943194062 30.729320654, -87.943404062 30.729309653, -87.943741062 30.729216654, -87.944263062 30.729127653, -87.945110062 30.728880653, -87.945231063 30.728863654, -87.945511062 30.728869654, -87.945842063 30.728913654, -87.946142062 30.729001654, -87.946492063 30.729182654, -87.947103063 30.729578653, -87.947402063 30.729705654, -87.947784063 30.729848654, -87.948135064 30.730013654, -87.948848064 30.730398653, -87.949083064 30.730552653, -87.949274064 30.730706653, -87.949491063 30.730909653, -87.949567064 30.730997654, -87.949873064 30.731223654, -87.950166064 30.731388654, -87.950414063 30.731498654, -87.951197064 30.731756654, -87.951599064 30.731844654, -87.952108064 30.732014654, -87.952713064 30.732146654, -87.953375065 30.732146654, -87.953477064 30.732168654, -87.953687064 30.732251654, -87.953725065 30.732300654, -87.953719065 30.732361654, -87.953649065 30.732438654, -87.953496065 30.732570654, -87.953184064 30.732784654, -87.952987065 30.732883654, -87.952739064 30.732982654, -87.952382065 30.733175654, -87.952280065 30.733263654, -87.951548064 30.734077654, -87.951421064 30.734182654, -87.951242064 30.734292655, -87.951007064 30.734385655, -87.950434064 30.734457655, -87.950077064 30.734512654, -87.949810064 30.734506654, -87.949479064 30.734462654, -87.949358063 30.734424654, -87.949281063 30.734363654, -87.949218064 30.734270655, -87.949141064 30.734061654, -87.949052064 30.733901654, -87.948976064 30.733786654, -87.948867064 30.733703655, -87.948759064 30.733681655, -87.948428064 30.733709654, -87.948256063 30.733764654, -87.948154063 30.733841655, -87.948103063 30.733978654, -87.948071063 30.734116654, -87.948072063 30.734589655, -87.948021063 30.734704654, -87.947989063 30.734748655, -87.947932063 30.734771654, -87.947861063 30.734770655, -87.947779063 30.734759655, -87.947556063 30.734682654, -87.947212064 30.734501655, -87.947002063 30.734518655, -87.946805063 30.734595654, -87.946378063 30.734787655, -87.946225063 30.734897655, -87.946155063 30.734969655, -87.946060063 30.735084655, -87.945964063 30.735150655, -87.945639063 30.735277655, -87.945493063 30.735354655, -87.945391063 30.735579655, -87.945404063 30.735722655, -87.945467063 30.735926655, -87.945461063 30.736047655, -87.945327063 30.736223655, -87.945175063 30.736333655, -87.945130062 30.736393655, -87.945035063 30.736553655, -87.944863062 30.736723655, -87.944672063 30.736855655, -87.944653062 30.736910655, -87.944710062 30.736910655, -87.944837063 30.736877655, -87.944914063 30.736839656, -87.944996063 30.736762655, -87.945226063 30.736459655, -87.945442063 30.736322655, -87.945563063 30.736162655, -87.945595063 30.735981655, -87.945614063 30.735733655, -87.945665063 30.735596655, -87.945734063 30.735517655, -87.945907063 30.735392655, -87.945964063 30.735365655, -87.946091063 30.735332655, -87.946359063 30.735057655, -87.946499063 30.734941655, -87.946703063 30.734820654, -87.946830063 30.734727655, -87.946945063 30.734672655, -87.947085063 30.734639655, -87.947180063 30.734644654, -87.947295063 30.734677655, -87.947709064 30.734985654, -87.947842064 30.735024654, -87.947963063 30.735001655, -87.948053064 30.734919654, -87.948129064 30.734814655, -87.948224063 30.734556654, -87.948263064 30.734281655, -87.948358063 30.734088654, -87.948473064 30.733951655, -87.948581064 30.733868654, -87.948657064 30.733841655, -87.948775064 30.733855155, -87.948899563 30.733976155, -87.948976064 30.734072654, -87.949008063 30.734154655, -87.949014063 30.734363654, -87.948976064 30.734490655, -87.948855063 30.734649655, -87.948823064 30.734869654, -87.948855063 30.735023654, -87.948880063 30.735062654, -87.948893064 30.735111655, -87.948957063 30.735227655, -87.948995064 30.735331654, -87.948995064 30.735485655, -87.948906063 30.735650655, -87.948728064 30.736096655, -87.948772063 30.736206655, -87.948900064 30.736398655, -87.948893064 30.736558655, -87.948772063 30.736783655, -87.948620064 30.736998655, -87.948518064 30.737103655, -87.948416064 30.737185655, -87.948352063 30.737279655, -87.948257064 30.737356655, -87.948059063 30.737488655, -87.947926063 30.737636655, -87.947881063 30.737746655, -87.947875063 30.738065655, -87.947830063 30.738159656, -87.947760064 30.738241655, -87.947677064 30.738291655, -87.947620063 30.738307656, -87.947435063 30.738302655, -87.947206064 30.738269655, -87.946805063 30.738313656, -87.946729063 30.738307656, -87.946589063 30.738269655, -87.946493063 30.738225656, -87.946436063 30.738175655, -87.946353063 30.738137656, -87.946194063 30.738109655, -87.946022063 30.738137656, -87.945627063 30.738291656, -87.944857063 30.738472656, -87.944717063 30.738467655, -87.944608062 30.738423655, -87.944233062 30.738230655, -87.944105062 30.738197656, -87.943882063 30.738197656, -87.943800063 30.738236655, -87.943736062 30.738302655, -87.943729063 30.738374655, -87.943819062 30.738379656, -87.943870062 30.738401655, -87.944099062 30.738429655, -87.944232062 30.738428655, -87.944551062 30.738599655, -87.944653062 30.738626655, -87.944882063 30.738626655, -87.945207062 30.738549656, -87.945551062 30.738544656, -87.945678063 30.738522655, -87.945780063 30.738483655, -87.946035063 30.738340656, -87.946136063 30.738318656, -87.946378063 30.738483655, -87.946468064 30.738522655, -87.946614063 30.738527655, -87.946748063 30.738483655, -87.946971064 30.738445656, -87.947200063 30.738494655, -87.947474063 30.738500655, -87.947588063 30.738489655, -87.947741063 30.738439656, -87.947837064 30.738368655, -87.947881063 30.738307656, -87.947958063 30.738148655, -87.948002064 30.737999655, -87.948072064 30.737812655, -87.948212064 30.737565655, -87.948269064 30.737510655, -87.948696063 30.737323655, -87.948817064 30.737202655, -87.948944064 30.736882655, -87.949014063 30.736767655, -87.949205064 30.736552655, -87.949333064 30.736464655, -87.949403063 30.736393655, -87.949402564 30.736308155, -87.949333064 30.736244655, -87.949129064 30.736178655, -87.948963063 30.736112655, -87.948906063 30.736041655, -87.948900064 30.735958655, -87.948944064 30.735832655, -87.949040063 30.735744655, -87.949243064 30.735617654, -87.949358064 30.735529654, -87.949390064 30.735463655, -87.949371064 30.735370655, -87.949313064 30.735276654, -87.949173063 30.735095655, -87.949090063 30.734957654, -87.949084064 30.734814655, -87.949122063 30.734743654, -87.949173063 30.734699655, -87.949339064 30.734655654, -87.949517064 30.734644654, -87.949886064 30.734671655, -87.950345064 30.734688655, -87.951020064 30.734633654, -87.951185064 30.734594654, -87.951370064 30.734501655, -87.951580064 30.734352654, -87.951905065 30.734011654, -87.952000064 30.733895655, -87.952197065 30.733703654, -87.952471064 30.733472654, -87.952815064 30.733252654, -87.953426065 30.732927654, -87.953531065 30.732894654, -87.953770065 30.732691654, -87.953929065 30.732454654, -87.953986065 30.732405154, -87.954037065 30.732311654, -87.954031065 30.732163654, -87.953980065 30.732119654, -87.953840065 30.732064654, -87.953515065 30.731992654, -87.953197065 30.731948654, -87.952051064 30.731745654, -87.951719064 30.731635654, -87.951427064 30.731508654, -87.951293064 30.731415653, -87.951045064 30.731294654, -87.950701064 30.731250654, -87.950522064 30.731195654, -87.950096063 30.730980654, -87.949847064 30.730832653, -87.949516063 30.730557653, -87.949236063 30.730381654, -87.949125064 30.730302154, -87.948854063 30.730079653, -87.948657063 30.729958654, -87.948326063 30.729809653, -87.948039063 30.729705653, -87.947523063 30.729485653, -87.947001063 30.729193654, -87.946721062 30.729012653, -87.946517063 30.728902653, -87.946313063 30.728819654, -87.946052063 30.728759653, -87.945384062 30.728704653, -87.945123062 30.728742653, -87.944830062 30.728753653, -87.944524063 30.728797653, -87.944301062 30.728847653, -87.944149062 30.728918654, -87.943811062 30.729012653, -87.943493062 30.729067654, -87.943225062 30.729084653, -87.943003062 30.729040654, -87.942748062 30.728974653, -87.942563062 30.728864654, -87.942289061 30.728622654, -87.942079061 30.728391653, -87.941780061 30.728028653, -87.941608061 30.727885653, -87.941220061 30.727461653, -87.941143061 30.726944653, -87.941252061 30.726466653, -87.941315061 30.726278653, -87.941455061 30.725712653, -87.941506061 30.725541653, -87.941538061 30.725360653, -87.941532061 30.725013652, -87.941557061 30.724881653, -87.941767061 30.723985652, -87.941799061 30.723770652, -87.941818061 30.722615652, -87.941799061 30.722357652, -87.941722061 30.722038652, -87.941703061 30.721862652, -87.941639061 30.721653652, -87.941620061 30.721097652, -87.941633061 30.721031652, -87.941709061 30.720866652, -87.941697061 30.720503652, -87.941722061 30.720426652, -87.941735061 30.720217652, -87.941716061 30.720140651, -87.941703061 30.720008652, -87.941748061 30.719893652, -87.941741561 30.719648652, -87.941728061 30.719524652, -87.941709061 30.719480651, -87.941716061 30.719255651, -87.941786061 30.719095651, -87.941792061 30.718985651, -87.941741061 30.718892651, -87.94170906 30.718782652, -87.941716061 30.718540651, -87.941741061 30.718375652, -87.941747061 30.717731651, -87.941703061 30.717027651, -87.941728061 30.716900651, -87.941779061 30.716845651, -87.941887061 30.716796651, -87.941919061 30.716752651, -87.941906061 30.716664651, -87.941843061 30.716609651, -87.941830061 30.71652165, -87.941856061 30.716246651, -87.941875061 30.716202651, -87.941875061 30.716108651, -87.94189406 30.716004651, -87.941881061 30.715723651, -87.941849061 30.71552065, -87.941849061 30.715201651, -87.94186806 30.71506365, -87.941906061 30.71498165, -87.941919061 30.71487165, -87.941874061 30.71479465, -87.94186806 30.71470065, -87.941995061 30.714453651, -87.94200206 30.71438765, -87.941951061 30.71430465, -87.941862061 30.71422265, -87.94181706 30.71415665, -87.941785061 30.71398065, -87.941753061 30.71363365, -87.941753061 30.71333165, -87.94176606 30.71327065, -87.941760061 30.71306165, -87.941747061 30.71299565, -87.94170906 30.71292465, -87.94169006 30.71284165, -87.941645061 30.71277065, -87.94160106 30.71261065, -87.94155606 30.71236865, -87.941537061 30.71208865, -87.941537061 30.71176365, -87.941524061 30.71168665, -87.94142906 30.711499649, -87.941308061 30.71115365, -87.94128906 30.71100465, -87.941166395 30.710666489, -87.941014316 30.710373557, -87.940907061 30.71013065, -87.940803595 30.709852463, -87.94050506 30.709217649, -87.940453127 30.70898855, -87.94039706 30.708898649, -87.940370284 30.708735509, -87.94025106 30.708524649, -87.94014737 30.708251493, -87.940108799 30.708180674, -87.94007306 30.708133649, -87.94002046 30.707948478, -87.93996406 30.707836649, -87.939950361 30.707784494, -87.939798202 30.707516073, -87.93960806 30.707148649, -87.93954406 30.706978648, -87.939478474 30.706706476, -87.93945506 30.706659649, -87.93934706 30.706241649, -87.939313256 30.705996516, -87.93927706 30.705933649, -87.93916806 30.705625648, -87.93918806 30.705553648, -87.939198356 30.705418494, -87.939105059 30.705245648, -87.939078636 30.705129087, -87.939073059 30.704970649, -87.939105059 30.704838648, -87.93919406 30.704706648, -87.93930206 30.704607648, -87.93946106 30.704519648, -87.93955706 30.704437648, -87.93964606 30.704343648, -87.93971606 30.704184648, -87.93974806 30.704068648, -87.93974806 30.703766648, -87.93980506 30.703430648, -87.93979906 30.703326648, -87.93993206 30.702743647, -87.93993206 30.702550648, -87.939945059 30.702402648, -87.93997006 30.702341647, -87.93998306 30.702226648, -87.94022506 30.701632648, -87.94024406 30.701483647, -87.940212059 30.701417648, -87.94020606 30.701296648, -87.94025706 30.701170648, -87.94042906 30.700939648, -87.94053706 30.700719647, -87.940530059 30.700526647, -87.94051106 30.700416648, -87.940530059 30.700278647, -87.94075906 30.699921647, -87.940791059 30.699690647, -87.94116006 30.699019647, -87.94119906 30.698925647, -87.94124906 30.698854647, -87.94144356 30.698480147, -87.94153006 30.698337647, -87.94161906 30.698216647, -87.94170106 30.698133647, -87.94180306 30.697985647, -87.94196906 30.697677646, -87.94205106 30.697545647, -87.94226106 30.697314647, -87.94246506 30.697033646, -87.94254806 30.696885646, -87.94264306 30.696780647, -87.94273206 30.696632646, -87.94283406 30.696555647, -87.94291106 30.696527646, -87.94294906 30.696494646, -87.94296806 30.696428646, -87.94305106 30.696236647, -87.943216061 30.696049646, -87.943381061 30.695823646, -87.94351506 30.695713646, -87.943693061 30.695510646, -87.94389356 30.695177646, -87.94399206 30.694970646, -87.94410106 30.694855646, -87.944196061 30.694718646, -87.94433606 30.694580646, -87.94455306 30.694305646, -87.94460306 30.694261646, -87.944982061 30.693700146, -87.945176061 30.693364646, -87.945253061 30.693183645, -87.945310061 30.693084646, -87.945418061 30.693012646, -87.94552606 30.692853646, -87.94552606 30.692765645, -87.945558061 30.692622645, -87.94579306 30.692193645, -87.945889061 30.691753645, -87.946131061 30.691153645, -87.946188061 30.691065645, -87.946296061 30.690944645, -87.946353061 30.690917645, -87.946442061 30.690829645, -87.946449061 30.690724645, -87.946474061 30.690614645, -87.946512061 30.690510645, -87.946748061 30.690130645, -87.946818061 30.689959644, -87.946833561 30.689883145, -87.946894061 30.689684645, -87.947219061 30.688903644, -87.947422061 30.688491645, -87.947454062 30.688414645, -87.947486061 30.688370645, -87.947568061 30.688150645, -87.947588061 30.687974644, -87.947791061 30.687110644, -87.947797061 30.687028644, -87.947829061 30.686907644, -87.947829061 30.686032644, -87.947797061 30.685834644, -87.947657061 30.685482644, -87.947657061 30.685279644, -87.947676061 30.685229644, -87.947676061 30.685141644, -87.947625061 30.684960644, -87.947549061 30.684591644, -87.947524061 30.684542644, -87.947485061 30.684344643, -87.947485061 30.684113643, -87.947517061 30.684030643, -87.947568061 30.684003643, -87.947619061 30.684003643, -87.947733061 30.684118644, -87.947759061 30.684168644, -87.947759061 30.684393643, -87.947740061 30.684437644, -87.947740061 30.684674643, -87.947810061 30.684718643, -87.947861061 30.684690643, -87.947861061 30.683981644, -87.948020061 30.683244644, -87.948026061 30.683178643, -87.948077061 30.683023643, -87.948121061 30.682946643, -87.948115061 30.682666643, -87.948147062 30.682567643, -87.948306062 30.682292643, -87.948420061 30.681989643, -87.948471061 30.681896643, -87.948516061 30.681648643, -87.948560061 30.681560643, -87.948758061 30.680917643, -87.948789061 30.680719642, -87.948885061 30.680504643, -87.949057061 30.680323642, -87.949260062 30.680020642, -87.949317061 30.679905642, -87.949457061 30.679685643, -87.949966061 30.679002642, -87.950189062 30.678799642, -87.950405061 30.678562642, -87.950622061 30.678309642, -87.950685062 30.678254642, -87.950864062 30.678045642, -87.951163062 30.677644642, -87.951233062 30.677589642, -87.951436061 30.677352642, -87.951582062 30.677149642, -87.951748062 30.677000642, -87.952111062 30.676698641, -87.952288562 30.676514142, -87.952454062 30.676395642, -87.952651062 30.676291642, -87.952779062 30.676159641, -87.952836062 30.676109641, -87.952989062 30.676043642, -87.953122062 30.675966642, -87.953237062 30.675806642, -87.953326062 30.675713642, -87.953682063 30.675438641, -87.953896 30.675339, -87.954027 30.675279, -87.95425 30.67524, -87.954867 30.675229, -87.955332 30.675207, -87.955841 30.675251, -87.956121 30.675262, -87.956382 30.675234, -87.95677 30.67524, -87.957171 30.675284, -87.958768 30.675537, -87.95915 30.675608, -87.959582 30.675696, -87.960092 30.675828, -87.96027 30.67585, -87.960671 30.675866, -87.96167 30.675927, -87.962389 30.67591, -87.962987 30.675948, -87.963178 30.675976, -87.963352 30.676043, -87.963464 30.676086, -87.963604 30.676163, -87.963929 30.676388, -87.964038 30.676492, -87.964294303 30.676737999, -87.964631381 30.677077933, -87.964835016 30.677233324, -87.965124065 30.677394642, -87.965207636 30.677477273, -87.965255402 30.677611437, -87.965306309 30.677660993, -87.965435121 30.677707314, -87.96548278 30.677773592, -87.9654785 30.677905501, -87.965446541 30.678018789, -87.965491498 30.678067845, -87.965684066 30.678098642, -87.965786066 30.678153642, -87.965923399 30.678293918, -87.965994448 30.678430475, -87.96608245 30.678524879, -87.966219066 30.678587642, -87.966359066 30.678620642, -87.966747066 30.678631642, -87.966798397 30.678687675, -87.966812 30.678797, -87.9668 30.678852, -87.966679 30.678978001, -87.96659 30.679028, -87.966488001 30.679099, -87.966431 30.679176, -87.966405 30.679297, -87.966313144 30.679376327, -87.966232066 30.679412642, -87.966092066 30.679396642, -87.965958066 30.679396642, -87.965850066 30.679423641, -87.965710066 30.679423641, -87.965628066 30.679357642, -87.965551066 30.679264642, -87.965526066 30.679187642, -87.965449066 30.679055642, -87.965360065 30.678959142, -87.965271065 30.678939642, -87.965201066 30.678961642, -87.965004066 30.678907642, -87.964908065 30.678808642, -87.964889066 30.678747642, -87.964800065 30.678632641, -87.964685066 30.678527642, -87.964558065 30.678478642, -87.964106066 30.678362642, -87.963992066 30.678318642, -87.963782066 30.678192641, -87.963527065 30.678109642, -87.963330065 30.678082642, -87.963164065 30.678038642, -87.963075065 30.677983642, -87.963024065 30.677933642, -87.962910065 30.677878641, -87.962592065 30.677906642, -87.962433065 30.677796642, -87.962267065 30.677818642, -87.962197065 30.677846641, -87.962178064 30.677961641, -87.962140065 30.678027642, -87.962044065 30.678071642, -87.961854065 30.678115642, -87.961440064 30.678132642, -87.961306565 30.678176142, -87.961300065 30.678330642, -87.961268065 30.678401642, -87.961224064 30.678456641, -87.961090064 30.678489642, -87.960613064 30.678522642, -87.960307064 30.678523142, -87.960212065 30.678462641, -87.960193064 30.678418642, -87.960199064 30.678242642, -87.960110064 30.678220642, -87.959925065 30.678226642, -87.959843065 30.678209642, -87.959785064 30.678160641, -87.959709064 30.678050642, -87.959633064 30.677978641, -87.959512064 30.677918642, -87.959168064 30.677863641, -87.959053064 30.677813641, -87.958933064 30.677725642, -87.958882064 30.677654642, -87.958850064 30.677566641, -87.958792063 30.677467641, -87.958691064 30.677395641, -87.958570064 30.677357642, -87.958315063 30.677340642, -87.958162063 30.677302642, -87.957952063 30.677192641, -87.957691063 30.677038642, -87.957596064 30.677005642, -87.957354064 30.676972641, -87.957208063 30.676845642, -87.957001064 30.676625642, -87.956864063 30.676603642, -87.956781063 30.676625642, -87.956533063 30.676719642, -87.956425063 30.676807641, -87.956349063 30.676901642, -87.956336063 30.676950642, -87.956400063 30.677044642, -87.956635063 30.677269642, -87.956769063 30.677467641, -87.956743063 30.677544642, -87.956680063 30.677621642, -87.956648063 30.677687642, -87.956654063 30.677770642, -87.956724064 30.677869641, -87.956763063 30.677951642, -87.956775064 30.678072642, -87.956839063 30.678265642, -87.956877064 30.678336642, -87.957005064 30.678496642, -87.957017063 30.678617642, -87.957113064 30.678727642, -87.957164064 30.678870642, -87.957215064 30.678963642, -87.957316063 30.679062642, -87.957406064 30.679216642, -87.957482064 30.679249642, -87.957539064 30.679315642, -87.957539064 30.679480642, -87.957628063 30.679601642, -87.957676563 30.679736642, -87.957730063 30.679793642, -87.957788063 30.679760642, -87.957947063 30.679694642, -87.958125064 30.679650642, -87.958163064 30.679595642, -87.958163064 30.679518642, -87.958233063 30.679480642, -87.958335064 30.679469642, -87.958755064 30.679623642, -87.958857064 30.679628642, -87.958939064 30.679601642, -87.959016064 30.679678642, -87.959079064 30.679777642, -87.959188064 30.679870642, -87.959366065 30.679969642, -87.959519064 30.679997642, -87.959582064 30.679997642, -87.959665064 30.680041642, -87.959716064 30.680085642, -87.959792064 30.680118642, -87.959900064 30.680200642, -87.959958064 30.680316642, -87.960149064 30.680503642, -87.960181065 30.680569642, -87.960231064 30.680618642, -87.960263065 30.680706642, -87.960282064 30.680783642, -87.960333064 30.680877643, -87.960582064 30.681251642, -87.960722064 30.681383642, -87.960773064 30.681465643, -87.960849064 30.681641643, -87.960976065 30.681762642, -87.960995065 30.681894643, -87.961072064 30.682043643, -87.961155065 30.682175643, -87.961454065 30.682417643, -87.961632065 30.682598642, -87.961798064 30.682873642, -87.961823065 30.683043643, -87.961880065 30.683236643, -87.961970065 30.683593643, -87.962091065 30.683912643, -87.962283315 30.684487894, -87.962364065 30.684627643, -87.962377066 30.684677643, -87.962422065 30.684743643, -87.962435065 30.684869643, -87.962377066 30.685007643, -87.962345065 30.685056643, -87.962352065 30.685254643, -87.962428066 30.685463643, -87.962409065 30.685733644, -87.962409065 30.685942644, -87.962429065 30.686008643, -87.962444565 30.686105143, -87.962543065 30.686398644, -87.962559565 30.686506144, -87.962582066 30.686811644, -87.962645065 30.686937644, -87.962785065 30.687058644, -87.962836065 30.687174643, -87.963034065 30.687537643, -87.963084066 30.687592644, -87.963263066 30.687641644, -87.963434066 30.687652644, -87.963530066 30.687636644, -87.963632066 30.687559644, -87.963702065 30.687487644, -87.963803066 30.687256643, -87.963835566 30.687059144, -87.963963065 30.687020644, -87.964007066 30.687042643, -87.964090066 30.687113644, -87.964122065 30.687168643, -87.964128066 30.687245643, -87.964103066 30.687311644, -87.964103066 30.687592644, -87.964128066 30.687784643, -87.964109066 30.687872644, -87.964001066 30.687938644, -87.963995066 30.687993644, -87.964020065 30.688032644, -87.964077066 30.688059644, -87.964128066 30.688103643, -87.964116066 30.688147643, -87.963944066 30.688142644, -87.963848066 30.688164644, -87.963753065 30.688257644, -87.963562066 30.688351644, -87.963091065 30.688489644, -87.962925066 30.688558644, -87.963130066 30.689281644, -87.963312065 30.689333644, -87.964242066 30.689366644, -87.964605066 30.689314644, -87.965225066 30.689120644, -87.966117066 30.688925644, -87.966637066 30.688968644, -87.966883066 30.689053644, -87.967281067 30.689146644, -87.967539066 30.689141644, -87.967887066 30.689052644, -87.968313067 30.689037644, -87.968833067 30.689126644, -87.969214067 30.689124644, -87.969652067 30.688986644, -87.969981067 30.688783644, -87.970150067 30.688876644, -87.970092068 30.688976644, -87.969973068 30.689089644, -87.969780067 30.689255644, -87.969663067 30.689429644, -87.969545067 30.689567644, -87.969380067 30.689631644, -87.969168068 30.689613644, -87.969033067 30.689672644, -87.968781067 30.689961644, -87.968572067 30.690094644, -87.968393067 30.690197644, -87.968197067 30.690221644, -87.968015067 30.690161644, -87.967469067 30.690115644, -87.967091067 30.690110644, -87.965960066 30.690272644, -87.965706067 30.690387644, -87.965405066 30.690480644, -87.965042066 30.690460644, -87.964713066 30.690625644, -87.964382066 30.690723644, -87.963960066 30.690769645, -87.963539066 30.690924644, -87.963150066 30.691117644, -87.962736066 30.691540645, -87.962542065 30.691714645, -87.962155066 30.691982645, -87.961720066 30.692202645, -87.961316065 30.692373644, -87.961046065 30.692464645, -87.960791065 30.692587645, -87.960613065 30.692802645, -87.960523065 30.693024645, -87.960547065 30.693241645, -87.960535065 30.693423645, -87.960602065 30.693781645, -87.960760065 30.694083645, -87.961170065 30.694922646, -87.961323065 30.695078645, -87.962008065 30.695318645, -87.962130066 30.695350646, -87.962325066 30.695285646, -87.962476065 30.695256645, -87.962614065 30.695367646, -87.962696065 30.696679646, -87.962661066 30.696811646, -87.962616066 30.696855646, -87.962553066 30.696860646, -87.962451066 30.696778646, -87.962444065 30.697042645, -87.962663066 30.697267646, -87.962520066 30.697389646, -87.962518066 30.697483646, -87.962441066 30.697521146, -87.962411066 30.697596646, -87.962440065 30.697749646, -87.962465065 30.697839646, -87.962597066 30.698081646, -87.962629065 30.698169646, -87.962629065 30.698378646, -87.962585066 30.698560646, -87.962553066 30.698758646, -87.962534066 30.699000647, -87.962496066 30.699209646, -87.962420066 30.699478646, -87.962420066 30.699698646, -87.962439065 30.699880646, -87.962509066 30.700034647, -87.962522066 30.700083647, -87.962636066 30.700199647, -87.962719066 30.700237646, -87.962986066 30.700204646, -87.963094066 30.700210647, -87.963203066 30.700259646, -87.963317066 30.700369647, -87.963419066 30.700529646, -87.963477066 30.700688646, -87.963540066 30.700815646, -87.963648066 30.700886646, -87.963719066 30.700908647, -87.964209066 30.700880646, -87.964412067 30.700919647, -87.964801067 30.701012647, -87.964985066 30.701073647, -87.965170067 30.701183647, -87.965259067 30.701265647, -87.965335067 30.701375646, -87.965361067 30.701452647, -87.965367067 30.701513647, -87.965476066 30.701804647, -87.965520067 30.701964647, -87.965520067 30.702085647, -87.965533067 30.702129647, -87.965546067 30.702244647, -87.965597067 30.702497647, -87.965635066 30.702602647, -87.965699067 30.702723647, -87.965750067 30.702855647, -87.965832067 30.702965647, -87.965877067 30.703047647, -87.965934067 30.703119647, -87.966068067 30.703355647, -87.966132067 30.703548647, -87.966176067 30.703724647, -87.966208067 30.704070647, -87.966170067 30.704290647, -87.966094067 30.704472648, -87.965935067 30.704730647, -87.965789067 30.704928647, -87.965706067 30.705000648, -87.965591067 30.705071648, -87.965248067 30.705203648, -87.964936067 30.705374647, -87.964827067 30.705457648, -87.964649067 30.705517648, -87.964420066 30.705545647, -87.964210066 30.705600648, -87.964134067 30.705638648, -87.963828067 30.705946648, -87.963650066 30.706034648, -87.963510067 30.706029648, -87.963383066 30.705952648, -87.963077066 30.705611647, -87.962975066 30.705539647, -87.962912066 30.705556647, -87.962784066 30.705650648, -87.962702066 30.705677647, -87.962587066 30.705672648, -87.962440066 30.705628648, -87.962250066 30.705683648, -87.962110066 30.705765648, -87.961632066 30.705853648, -87.961543066 30.705848648, -87.961479066 30.705820648, -87.961397066 30.705683648, -87.961282066 30.705567648, -87.961237066 30.705545648, -87.961142065 30.705567648, -87.961116065 30.705606648, -87.961091066 30.705705647, -87.961097066 30.705848648, -87.961123066 30.705952648, -87.961155066 30.706024648, -87.961155066 30.706068648, -87.961231066 30.706167648, -87.961295065 30.706359648, -87.961301066 30.706678648, -87.961257066 30.706761648, -87.961180066 30.706865648, -87.961041066 30.707030648, -87.960971066 30.707102648, -87.960735066 30.707229648, -87.960652066 30.707311648, -87.960601066 30.707416648, -87.960589066 30.707553648, -87.960621066 30.707801648, -87.960665065 30.707922649, -87.960723066 30.708032648, -87.960780066 30.708180648, -87.960818065 30.708461648, -87.960825066 30.708752649, -87.960863066 30.708868648, -87.960958066 30.709005649, -87.961028065 30.709143648, -87.961117066 30.709209648, -87.961238066 30.709253649, -87.961665066 30.709324649, -87.961837066 30.709329648, -87.962079066 30.709401648, -87.962556067 30.709566649, -87.962690066 30.709626649, -87.962861566 30.709805649, -87.962996067 30.709907648, -87.963244066 30.710028648, -87.963479067 30.710088649, -87.963658067 30.710072649, -87.963874067 30.710011648, -87.964014066 30.710017649, -87.964224066 30.710060649, -87.964472067 30.710038649, -87.964593066 30.709983649, -87.964714067 30.709796649, -87.964873067 30.709615648, -87.965007067 30.709499649, -87.965408067 30.709312648, -87.965561067 30.709175648, -87.965637067 30.709087649, -87.965726068 30.708905648, -87.965758067 30.708767648, -87.965822067 30.708735648, -87.965987067 30.708685648, -87.966350067 30.708652648, -87.966509067 30.708701648, -87.966713067 30.708817649, -87.966815067 30.708883648, -87.966967068 30.709026648, -87.967095068 30.709191648, -87.967229068 30.709438648, -87.967248068 30.709493648, -87.967304567 30.709591149, -87.967439068 30.709730648, -87.967560068 30.709807648, -87.967700068 30.709856649, -87.967859068 30.709895649, -87.968012068 30.709889648, -87.968152068 30.709872648, -87.968317068 30.709889648, -87.968425067 30.709938649, -87.968521068 30.710037648, -87.968553068 30.710109648, -87.968553068 30.710318649, -87.968413068 30.710873648, -87.968400568 30.710948149, -87.968407068 30.711099648, -87.968464068 30.711479648, -87.968547068 30.711710649, -87.968643068 30.712282649, -87.968828068 30.712831649, -87.968891069 30.712936649, -87.968929068 30.712969649, -87.968974068 30.713068649, -87.969369068 30.713508649, -87.969878068 30.713948649, -87.970187069 30.71416315, -87.970394069 30.714338649, -87.970617069 30.71464665, -87.970700069 30.71491065, -87.970789069 30.71583465, -87.970840069 30.71601665, -87.970968069 30.71620365, -87.971102069 30.71635165, -87.971165069 30.716456649, -87.971216069 30.71663265, -87.971235069 30.71682465, -87.971242069 30.71717665, -87.971287069 30.71736365, -87.971439069 30.71774865, -87.97154807 30.71790265, -87.97173307 30.71810065, -87.97207607 30.71838065, -87.972325069 30.718518651, -87.972433069 30.71854065, -87.972694069 30.71862865, -87.972777069 30.718639651, -87.97288507 30.71869465, -87.97305107 30.71883765, -87.97318407 30.71902965, -87.973375069 30.71918365, -87.97349607 30.719255651, -87.97364307 30.71929865, -87.97401207 30.71931565, -87.97436207 30.71927165, -87.97445807 30.71920565, -87.97448307 30.719161651, -87.97456007 30.71908465, -87.97487807 30.71886965, -87.97510007 30.71868765, -87.97518307 30.71856665, -87.97541807 30.71808865, -87.97552007 30.71784065, -87.975539071 30.71770865, -87.97561857 30.71754115, -87.97565407 30.71744465, -87.97566007 30.71723065, -87.97569207 30.71714765, -87.97568507 30.71707665, -87.97574307 30.71665865, -87.97579307 30.71653165, -87.97581907 30.71638365, -87.97597807 30.71571265, -87.97600907 30.715618649, -87.97606007 30.71538765, -87.97616207 30.715123649, -87.97623807 30.714848649, -87.97626407 30.714501649, -87.976283071 30.714358649, -87.97633307 30.714061649, -87.976365071 30.713957649, -87.97637807 30.713693649, -87.97641007 30.713506649, -87.97648607 30.713368649, -87.97662607 30.713308649, -87.97671507 30.713313649, -87.976919071 30.713379649, -87.979663072 30.714401649, -87.979797072 30.714242649, -87.979746071 30.714264649, -87.97684907 30.713165649, -87.97679807 30.713115649, -87.97681707 30.713005649, -87.976887071 30.712813649, -87.97709607 30.711773649, -87.977103071 30.711680649, -87.977134071 30.711547649, -87.977154071 30.711377649, -87.977242071 30.710992648, -87.97725507 30.710887648, -87.97728107 30.710783648, -87.977293071 30.710513649, -87.977395071 30.709820648, -87.97739407 30.709298648, -87.97742007 30.709226648, -87.97742007 30.709089648, -87.97743907 30.709006648, -87.977477071 30.708506648, -87.97752107 30.708308648, -87.97749607 30.708033647, -87.97752107 30.707950648, -87.97752707 30.707730648, -87.977540071 30.707659647, -87.977616071 30.707483648, -87.977648071 30.707378647, -87.977667071 30.707279648, -87.977693071 30.707202647, -87.97775607 30.707070648, -87.977884071 30.706965647, -87.977909071 30.706922647, -87.97815107 30.706679647, -87.978323071 30.706580648, -87.978469071 30.706443648, -87.97879307 30.705865647, -87.979022071 30.705420647, -87.979156071 30.705089647, -87.97921307 30.704693647, -87.979232071 30.704462647, -87.97932107 30.704204647, -87.97937207 30.703989647, -87.97936557 30.703734147, -87.979340071 30.703434646, -87.979390071 30.703148647, -87.97943507 30.703010647, -87.979543071 30.702845646, -87.979575071 30.702697647, -87.97959407 30.702240646, -87.97961907 30.702059646, -87.979651071 30.701993646, -87.97967607 30.701850646, -87.979772071 30.701641646, -87.979912071 30.701448647, -87.980198071 30.701173646, -87.980261071 30.701090646, -87.980331071 30.700964646, -87.980389071 30.700821646, -87.980490071 30.700518646, -87.980497071 30.700458646, -87.980522071 30.700403646, -87.980538571 30.700334646, -87.980554071 30.699847646, -87.980598071 30.699726646, -87.980681071 30.699605645, -87.980935071 30.699330646, -87.980999071 30.699231646, -87.981075071 30.699077646, -87.981221071 30.698609646, -87.981272071 30.698488645, -87.981419071 30.698279646, -87.981641071 30.698076646, -87.982169071 30.697696645, -87.982227071 30.697668645, -87.982386071 30.697536646, -87.982545071 30.697454645, -87.982736072 30.697338646, -87.982876071 30.697294645, -87.983187072 30.697135645, -87.983283071 30.697036645, -87.983289072 30.696992645, -87.983397072 30.696904645, -87.983633072 30.696760645, -87.983836071 30.696727645, -87.983970071 30.696661645, -87.984091072 30.696518645, -87.984167072 30.696381645, -87.984511072 30.696078645, -87.984727072 30.695935645, -87.984994072 30.695814645, -87.985090072 30.695709644, -87.985274072 30.695451645, -87.985376072 30.695363644, -87.985446072 30.695258645, -87.985452072 30.695110645, -87.985796072 30.694351644, -87.985846072 30.693932645, -87.985865072 30.693888644, -87.985872072 30.693795644, -87.985846072 30.693723644, -87.985846072 30.693624644, -87.985871072 30.693575644, -87.985903072 30.693289644, -87.985941072 30.693206644, -87.986081072 30.692788644, -87.986138072 30.692673644, -87.986138072 30.692486644, -87.986208072 30.692150644, -87.986246072 30.692084644, -87.986265072 30.691732643, -87.986284072 30.691666644, -87.986360072 30.691485644, -87.986507072 30.691259644, -87.986564072 30.691188644, -87.986653072 30.690990644, -87.986767072 30.690698643, -87.986774073 30.690571644, -87.986798 30.690442, -87.986869072 30.690274643, -87.987015073 30.690032643, -87.987022072 30.689966643, -87.987130072 30.689664644, -87.987161072 30.689488643, -87.987167072 30.688998643, -87.987193072 30.688883643, -87.987263072 30.688789643, -87.987422072 30.688498643, -87.987511072 30.688366643, -87.987816072 30.687683643, -87.987867073 30.687535643, -87.988057072 30.687221643, -87.988089072 30.687062642, -87.988159073 30.686935643, -87.988197072 30.686710643, -87.988272572 30.686581643, -87.988509072 30.686358643, -87.988553073 30.686264643, -87.988591072 30.686214643, -87.988668072 30.686198642, -87.988738073 30.686099643, -87.988833072 30.686011642, -87.988890072 30.685939642, -87.988890072 30.685769642, -87.988928073 30.685703642, -87.989011073 30.685604642, -87.989145072 30.685494643, -87.989297073 30.685422642, -87.989501073 30.685422642, -87.989698073 30.685466642, -87.989775073 30.685471642, -87.989845073 30.685444643, -87.990055073 30.685383643, -87.990137073 30.685345642, -87.990201073 30.685279642, -87.990297073 30.685213642, -87.990424073 30.685158642, -87.990704073 30.684905642, -87.990825073 30.684849642, -87.990971073 30.684838642, -87.991200073 30.684904642, -87.991569073 30.684750642, -87.991626073 30.684629642, -87.991683074 30.684563642, -87.991842074 30.684458642, -87.992142073 30.684453642, -87.992364073 30.684294142, -87.992377073 30.684161642, -87.992396074 30.684112642, -87.992460073 30.684073642, -87.992676073 30.683886642, -87.992803073 30.683842642, -87.993026074 30.683820642, -87.993121073 30.683737642, -87.993217074 30.683677642, -87.993242074 30.683616642, -87.993236074 30.683451642, -87.993255073 30.683380642, -87.993375074 30.683264642, -87.993426074 30.683193642, -87.993496073 30.683044642, -87.993512574 30.682948642, -87.993560074 30.682912642, -87.993730499 30.683019062, -87.993814074 30.683000642, -87.993948074 30.682895642, -87.994218295 30.682753643, -87.994312 30.682500001, -87.994801 30.682047001, -87.994923 30.681536, -87.99499 30.681174001, -87.995159 30.680979, -87.995302001 30.680585, -87.995546 30.680342, -87.995443 30.680075, -87.9951 30.680267, -87.994688 30.680194, -87.994505 30.679993, -87.994051 30.679907, -87.993962 30.679642, -87.993662 30.679508001, -87.9936 30.679475, -87.993207 30.679606, -87.993027 30.679606, -87.992893 30.67912, -87.992717 30.679197, -87.992384 30.679178, -87.992142 30.679091001, -87.991844001 30.679027, -87.991601 30.679003, -87.991342 30.678950001, -87.991004 30.678906, -87.990952 30.678817, -87.9905565 30.6787555, -87.990471 30.678722001, -87.990428001 30.67882, -87.990365 30.678848, -87.990224 30.678845, -87.990161001 30.678854, -87.990078 30.678854, -87.990205 30.678987, -87.990186 30.679102, -87.9901265 30.6791495, -87.989983 30.679191, -87.989906 30.679169, -87.9892555 30.678525, -87.988977 30.678534, -87.988718 30.6785, -87.988404 30.678446001, -87.987666 30.678365001, -87.987391 30.678297, -87.987313001 30.678324, -87.9871595 30.678335, -87.986598 30.678216, -87.986159001 30.678216, -87.985962 30.678297, -87.98576 30.678273, -87.985685 30.678305, -87.98555339 30.6783115, -87.985108267 30.677900911, -87.9850575 30.677914751, -87.984916 30.677935001, -87.984850178 30.677927188, -87.984591071 30.677872641, -87.984173001 30.677808001, -87.984058 30.677765, -87.983964 30.677752001, -87.983846653 30.677775379, -87.983675535 30.677630821, -87.983323 30.677643, -87.983069 30.677586, -87.982802 30.677505, -87.982467 30.677493, -87.982146 30.67762, -87.981878208 30.67763187, -87.981773535 30.677507821, -87.981490001 30.677551, -87.981144989 30.67738557, -87.98076 30.6773615, -87.980444 30.677248001, -87.980116 30.677158, -87.979707 30.677033, -87.979554 30.676947, -87.97908 30.677088, -87.978528 30.677132, -87.977688001 30.677102001, -87.977129001 30.677022, -87.976764 30.676854001, -87.976255 30.676701, -87.975544001 30.676293001, -87.974696 30.676253, -87.97418 30.676165, -87.973913 30.676133, -87.973722001 30.676094, -87.973569 30.676045, -87.973232 30.676017001, -87.972850001 30.675918001, -87.972666 30.675852, -87.971971953 30.675766409, -87.971827063 30.675793973, -87.971729068 30.675819641, -87.971513068 30.675907641, -87.971385068 30.675946641, -87.971144068 30.675968641, -87.970819067 30.675929641, -87.969821 30.675925, -87.969720001 30.675974, -87.969611 30.676002, -87.969561831 30.675973308, -87.969499095 30.675850525, -87.969457066 30.675803641, -87.969292067 30.675776641, -87.969184067 30.675781641, -87.968886 30.675842, -87.968695 30.675914, -87.968581001 30.675942, -87.968371001 30.675964, -87.968071 30.67592, -87.967912 30.675848, -87.967734 30.675843, -87.967537 30.675892, -87.967346 30.675909, -87.967256095 30.675889781, -87.967265485 30.675592195, -87.967117 30.675518, -87.966951 30.675485001, -87.9668595 30.675540501, -87.966843 30.675678, -87.966824 30.675749, -87.966760001 30.675782, -87.966633 30.675788, -87.966526942 30.675752443, -87.96642018 30.675675531, -87.966362153 30.675582149, -87.966279532 30.675510821, -87.966175001 30.675458, -87.966035 30.675442001, -87.965908001 30.675442001, -87.965831001 30.675491001, -87.965749001 30.675568, -87.965691 30.675585, -87.965182 30.675574, -87.964807 30.67559, -87.964565 30.675574, -87.964241001 30.675591, -87.963871 30.675503, -87.963674 30.67542, -87.963496 30.675327, -87.962745 30.675112, -87.962548001 30.675079, -87.961994001 30.675030001, -87.961377 30.675052, -87.961065001 30.675069, -87.960371 30.675080001, -87.960034001 30.675063001, -87.959531001 30.675014, -87.958984 30.674998, -87.957381001 30.67475, -87.957043001 30.674635, -87.956553 30.674607, -87.954657001 30.674602, -87.954218 30.67458, -87.954071 30.674548, -87.953722 30.67447, -87.953652 30.674421, -87.95362 30.674349, -87.953613 30.674173, -87.953645 30.674047, -87.95369 30.673975, -87.95374554 30.673928638, -87.95374 30.67386, -87.953982 30.673403, -87.954024 30.673289, -87.954043578 30.673251313, -87.954068513 30.673235029, -87.95444 30.673238, -87.954453 30.673189, -87.954085271 30.673150067, -87.95409 30.673128, -87.954252 30.672871, -87.954275 30.672834, -87.954336563 30.672745641, -87.954369063 30.67263364, -87.954490062 30.672429641, -87.954649062 30.672259641, -87.954846063 30.672088641, -87.954897063 30.67200564, -87.955011063 30.671890641, -87.955122562 30.67181614, -87.955170063 30.671752641, -87.955476063 30.67151064, -87.955527063 30.67149464, -87.955584063 30.67145564, -87.955648062 30.67138464, -87.955768562 30.671315641, -87.955902063 30.671257641, -87.956023062 30.67123564, -87.956093063 30.67120864, -87.956131063 30.67116464, -87.956405063 30.671065641, -87.956685063 30.67094964, -87.956799063 30.67088364, -87.956990063 30.67086764, -87.957200063 30.67081764, -87.957416063 30.67078464, -87.957569063 30.67072364, -87.957696063 30.67070764, -87.957925063 30.67076264, -87.958126162 30.670936137, -87.958295063 30.67100964, -87.958428063 30.67104864, -87.958937063 30.67116364, -87.959497064 30.671246641, -87.959745064 30.671262641, -87.960178064 30.671334641, -87.960369064 30.67131764, -87.960471064 30.671278641, -87.960814064 30.67110264, -87.960916064 30.67110264, -87.961052852 30.671188622, -87.961133064 30.67115264, -87.961164064 30.67108664, -87.961253064 30.67100364, -87.961336065 30.67100364, -87.961788064 30.67111364, -87.962138064 30.67125664, -87.962265064 30.67124564, -87.962354064 30.67120764, -87.962558064 30.67104264, -87.962634065 30.671028141, -87.962942874 30.671437636, -87.963335065 30.67107964, -87.964053423 30.671260479, -87.964499546 30.671846694, -87.962461001 30.671924001, -87.96150476 30.672287735, -87.96183148 30.672594411, -87.961835377 30.673008364, -87.962556065 30.673217641, -87.962995065 30.673458641, -87.964595065 30.67297864, -87.965474066 30.67321964, -87.966748815 30.67397272, -87.968431066 30.67452464, -87.969630067 30.674764641, -87.970632067 30.675097641, -87.971805068 30.675098641, -87.972174934 30.675356457, -87.972586067 30.67537364, -87.974256068 30.675678641, -87.98011307 30.676652641, -87.983615071 30.677215641, -87.984187071 30.677298641, -87.984451071 30.677355641, -87.984476743 30.6773157, -87.984278071 30.677064641, -87.984305071 30.676894641, -87.984355071 30.67684464, -87.984405071 30.676827641, -87.984463071 30.676833641, -87.984545071 30.67686064, -87.985166353 30.677473957, -87.985564072 30.677514641, -87.986189 30.677614, -87.987308072 30.677805641, -87.987709071 30.677854641, -87.988471736 30.677964592, -87.988501685 30.678000731, -87.988642214 30.678020299, -87.988319072 30.677662639, -87.988333072 30.67752264, -87.989487073 30.67815564, -87.993611074 30.678828641, -87.994459074 30.678580641, -87.995291074 30.678917641, -87.995851074 30.678493641, -87.996191074 30.678654641, -87.996838075 30.678448641, -87.998061074 30.678207641, -87.998900075 30.678668641, -87.999995075 30.67930464, -88.000220316 30.679520991, -88.000605075 30.67917264, -88.001318075 30.67939164, -88.002591076 30.67985264, -88.003508077 30.68022564, -88.004449077 30.680773641, -88.005107862 30.681188616, -88.005822077 30.681542641, -88.006261077 30.681748641, -88.006674077 30.681979641, -88.006903078 30.682089641, -88.007039901 30.682180531, -88.00724752 30.682376375, -88.007273 30.682464, -88.0072025 30.682543, -88.006974001 30.682694001, -88.006904 30.682683, -88.0067205 30.682538, -88.006589 30.6824135, -88.0064255 30.682283, -88.005613 30.681847, -88.005206 30.68166, -88.004601 30.681423, -88.004289 30.681252, -88.003876 30.681164001, -88.003704 30.681136, -88.003526001 30.681153, -88.003443 30.681186, -88.003284 30.68134, -88.003182001 30.681461, -88.003061 30.681659001, -88.00300927 30.681664626, -88.002970795 30.681630561, -88.002918068 30.681501566, -88.002888076 30.681455641, -88.002853342 30.681364992, -88.0027305 30.681381, -88.002739297 30.681515696, -88.002819 30.681703, -88.0028 30.681758, -88.00259 30.681956, -88.002405 30.68222, -88.002348 30.682368, -88.002163 30.682681, -88.001998 30.682901, -88.001819 30.683105, -88.001692 30.683231, -88.001475 30.683407, -88.001004 30.683671001, -88.000756001 30.683885, -88.000648001 30.68394, -88.000463001 30.683935, -88.000285 30.683885, -88.000234747 30.683876101, -88.000121466 30.683989249, -88.000177 30.684023, -88.000329 30.684089, -88.000355001 30.684149, -88.000285 30.684287001, -88.00024 30.684325001, -88.000114001 30.684412001, -87.999952 30.684507001, -87.999882 30.684582, -87.999774 30.684736, -87.999593 30.684886, -87.999475 30.685006, -87.99943 30.685028001, -87.999239 30.685182001, -87.999182 30.685253001, -87.998977076 30.685588642, -87.998761075 30.685764642, -87.998507075 30.685924642, -87.997597075 30.686617643, -87.996885075 30.687228643, -87.996350075 30.687773643, -87.996153074 30.687955643, -87.995924075 30.688202643, -87.995721074 30.688455643, -87.995568074 30.688681643, -87.995365075 30.688912643, -87.994372074 30.689853643, -87.994194074 30.690040643, -87.994086074 30.690167643, -87.994016074 30.690293643, -87.99389 30.690479, -87.994715452 30.690483128, -87.994164056 30.691017435, -87.993430491 30.691900294, -87.993393591 30.691951011, -87.992515345 30.693420837, -87.991994575 30.694123842, -87.991473033 30.694566025, -87.990897291 30.694938181, -87.990431 30.695504, -87.990329 30.695669, -87.990215 30.695801, -87.989954 30.696038, -87.989744 30.696291, -87.989681 30.69639, -87.989246922 30.696870692, -87.989208035 30.697312899, -87.989227027 30.697489855, -87.989396311 30.698038105, -87.989499838 30.698221482, -87.989857096 30.698625967, -87.989946221 30.698694595, -87.989996141 30.698723045, -87.990104366 30.698766894, -87.990220373 30.698792048, -87.990871258 30.698873949, -87.991273 30.698496001, -87.993328 30.696746, -87.993875001 30.696339001, -87.99411 30.696135, -87.994772 30.695475, -87.995312001 30.695018, -87.995548001 30.694770001, -87.99605 30.694143, -87.996184001 30.694017, -87.9971 30.692883001, -87.997634 30.692404001, -87.998086 30.69203, -87.998238 30.69187, -87.998429 30.691700001, -87.998715 30.691480001, -87.99909 30.691073, -87.9993 30.690819, -87.999472 30.690638, -87.999622 30.690508, -87.999967739 30.690227881, -88.000172076 30.690089643, -88.000216076 30.690045643, -88.000299076 30.690017643, -88.000496076 30.689842643, -88.000547076 30.689814643, -88.000586076 30.689759643, -88.000656076 30.689732643, -88.000847076 30.689550643, -88.000961076 30.689451643, -88.001808076 30.688847643, -88.001916076 30.688803643, -88.002050077 30.688764642, -88.002157442 30.688793362, -88.00207 30.68893, -88.001752 30.689095, -88.001593 30.689204, -88.001491 30.689298, -88.001408 30.68943, -88.00137 30.689633001, -88.001293 30.689754, -88.001115001 30.689947, -88.000574 30.690447, -88.000528 30.690511, -88.0003 30.690832, -88.000204 30.690903, -87.999994 30.690997001, -87.999911 30.691061001, -87.999791001 30.691215, -87.999759 30.691287, -87.999721 30.691331, -87.999524001 30.691606, -87.999441 30.691694, -87.999396001 30.691721001, -87.999333 30.691771, -87.999256 30.691864001, -87.998913 30.692145, -87.998837001 30.692261001, -87.998786 30.692387001, -87.998778076 30.692519644, -87.998810075 30.692645643, -87.998836075 30.692706644, -87.998817076 30.692810644, -87.998653134 30.69304926, -87.998615 30.693201, -87.998538 30.693306, -87.998468 30.693416, -87.998443 30.693548, -87.998437001 30.694466001, -87.998386 30.694604, -87.998234 30.694808, -87.998196 30.694962, -87.998170001 30.695154001, -87.998094 30.695358, -87.998011001 30.695506, -87.99791 30.695622, -87.997757 30.69577, -87.997598 30.695891, -87.997522 30.695991, -87.997426001 30.696139001, -87.997255 30.696299, -87.99714 30.696491, -87.997032 30.696574001, -87.996752 30.696645, -87.996599 30.696722, -87.99644 30.696860001, -87.996294 30.697036, -87.996103 30.697163, -87.995664 30.697405, -87.995454 30.697537, -87.994931074 30.697812645, -87.994403074 30.698131645, -87.993919075 30.698472645, -87.993404074 30.698775645, -87.993009074 30.699050645, -87.992577074 30.699397645, -87.992399074 30.699551645, -87.992233074 30.699678645, -87.991813074 30.699887645, -87.991400074 30.700239645, -87.991279073 30.700388645, -87.990904073 30.700888645, -87.990853073 30.701004646, -87.990840074 30.701075646, -87.990802073 30.701180646, -87.990770074 30.701246646, -87.990478074 30.701383646, -87.990401074 30.701461646, -87.990370074 30.701538646, -87.990357074 30.701691646, -87.990268073 30.701851646, -87.990134074 30.702033646, -87.990045074 30.702247646, -87.990033073 30.702440646, -87.989925073 30.702693646, -87.989893074 30.702814646, -87.989899073 30.703028646, -87.989969074 30.703155646, -87.990065074 30.703226647, -87.990233837 30.703329671, -87.990460074 30.703397646, -87.991014074 30.703451647, -87.991128074 30.703484646, -87.991214272 30.703565034, -87.99134303 30.703756581, -87.991400642 30.703883456, -87.991423001 30.704007, -87.991423001 30.704354, -87.991397001 30.704546, -87.991377574 30.704997147, -87.991282074 30.705503647, -87.991269074 30.705783647, -87.991244074 30.706047647, -87.991200074 30.706295647, -87.991149074 30.706922647, -87.991130074 30.707010647, -87.991048074 30.707269647, -87.990997074 30.707522647, -87.990863074 30.707978647, -87.990806074 30.708127648, -87.990698074 30.708341647, -87.990622074 30.708550648, -87.990387074 30.709078648, -87.990151074 30.709684648, -87.990069074 30.710030648, -87.990063074 30.710102648, -87.989936074 30.710536648, -87.989866074 30.710690648, -87.989840074 30.710778648, -87.989732074 30.711059648, -87.989662074 30.711317648, -87.989592074 30.711675648, -87.989395074 30.712461648, -87.989332074 30.712670648, -87.989199074 30.713166648, -87.989021073 30.713617649, -87.988954074 30.713837149, -87.988881074 30.713963649, -87.988855074 30.714024649, -87.988690074 30.714238649, -87.988582074 30.714359649, -87.988270074 30.714651649, -87.987678073 30.715377649, -87.987227073 30.715994649, -87.987182073 30.716032649, -87.987080074 30.716164649, -87.986940073 30.716302649, -87.986692073 30.716582649, -87.986565073 30.716681649, -87.986387073 30.71679765, -87.986215073 30.716951649, -87.986170073 30.71702865, -87.986075073 30.717127649, -87.986005073 30.717248649, -87.985929073 30.71744165, -87.985852073 30.71757365, -87.985744073 30.71779365, -87.985611073 30.71799165, -87.985579073 30.71810665, -87.985636073 30.718343649, -87.985675073 30.71845365, -87.985758073 30.71854165, -87.985828073 30.71856865, -87.986019074 30.71861265, -87.986101074 30.71866765, -87.986089073 30.71877765, -87.986038073 30.71884365, -87.985840073 30.71901965, -87.985669073 30.71929465, -87.985637073 30.71942665, -87.985618073 30.71963565, -87.985643073 30.71972365, -87.985675073 30.71978465, -87.985866073 30.71998765, -87.985936073 30.72003765, -87.986357074 30.72018565, -87.986847073 30.72024065, -87.987216073 30.72033965, -87.987643074 30.72039965, -87.987783074 30.72044365, -87.988152074 30.72060865, -87.988624074 30.72083365, -87.988923074 30.721092651, -87.989114074 30.72114765, -87.989292075 30.72113565, -87.989604075 30.72125165, -87.989732075 30.72124565, -87.989884074 30.72120165, -87.990075074 30.72126265, -87.990235075 30.72132265, -87.990356074 30.72135565, -87.990757075 30.72156965, -87.990941075 30.72160865, -87.991234075 30.72171865, -87.991358574 30.721792651, -87.991387075 30.72195465, -87.991368075 30.72202665, -87.991368075 30.722224651, -87.991451075 30.722411651, -87.991636075 30.722680651, -87.991744075 30.722867651, -87.991840075 30.72300465, -87.992037075 30.72321965, -87.992260075 30.723389651, -87.992394075 30.723461651, -87.992833075 30.723504651, -87.993286075 30.723653651, -87.993496075 30.72363665, -87.993712076 30.723581651, -87.993948076 30.72345465, -87.994183076 30.723284651, -87.994304076 30.723174651, -87.994565076 30.722888651, -87.994616076 30.72281165, -87.994641076 30.722585651, -87.994647076 30.72215665, -87.994666076 30.72202465, -87.994678076 30.72167265, -87.994710075 30.72140265, -87.994774076 30.72121065, -87.994901076 30.72102365, -87.994907076 30.72090265, -87.994977075 30.72078665, -87.995066076 30.72066565, -87.995130076 30.72059965, -87.995378076 30.72041865, -87.995423075 30.72034165, -87.995467076 30.72022565, -87.995537076 30.72012665, -87.995601076 30.72006665, -87.995760076 30.71999465, -87.995893076 30.71984065, -87.996040076 30.71954865, -87.996052076 30.719488649, -87.996173076 30.719323649, -87.996288076 30.71921365, -87.996421076 30.719053649, -87.996472076 30.71896565, -87.996517076 30.71880665, -87.996593076 30.71861965, -87.996663076 30.71849865, -87.996758076 30.718277649, -87.996777076 30.71812965, -87.996707076 30.717936649, -87.996694076 30.71778265, -87.996694076 30.717546649, -87.996618076 30.717414649, -87.996452076 30.717271649, -87.996274076 30.717178649, -87.996121076 30.717139649, -87.995955076 30.717068649, -87.995866076 30.716991649, -87.995707076 30.716782649, -87.995407076 30.716534649, -87.995312076 30.716463649, -87.995063076 30.716210649, -87.994892076 30.716089649, -87.994707075 30.715979649, -87.994586076 30.715875649, -87.994407075 30.715611649, -87.994350076 30.715501649, -87.994152075 30.715215649, -87.994019075 30.715045649, -87.993738075 30.714781649, -87.993586076 30.714577648, -87.993452075 30.714324649, -87.993445075 30.714269649, -87.993413075 30.714154649, -87.993413075 30.713945649, -87.993464075 30.713829649, -87.993521075 30.713736648, -87.993579075 30.713499648, -87.993629075 30.713378649, -87.993712075 30.713241648, -87.993896075 30.712905649, -87.994029575 30.712738648, -87.994119076 30.712685648, -87.994342075 30.712690648, -87.994405075 30.712641648, -87.994526075 30.712503648, -87.994813075 30.712443648, -87.994940076 30.712360648, -87.995061075 30.712310648, -87.995182075 30.712299648, -87.995360076 30.712299648, -87.995621076 30.712167648, -87.995780076 30.712145648, -87.995952075 30.712162648, -87.996188075 30.712139648, -87.996296075 30.712090648, -87.996423076 30.711936648, -87.996595076 30.711815648, -87.996703076 30.711782648, -87.996876919 30.711759781, -87.997045 30.711842501, -87.997099 30.712007, -87.997116367 30.712153533, -87.997196555 30.712110678, -87.997207 30.711798, -87.997184126 30.711609098, -87.997231076 30.711578648, -87.997390076 30.711578648, -87.997492076 30.711611648, -87.997658076 30.711611648, -87.997932076 30.711688648, -87.998052076 30.711676648, -87.998116076 30.711643648, -87.998282076 30.711528648, -87.998358076 30.711539647, -87.998498076 30.711599648, -87.998759076 30.711588648, -87.998842076 30.711544647, -87.998969076 30.711445648, -87.999125077 30.711372648, -87.999319077 30.711360648, -87.999503577 30.711338148, -87.999618077 30.711307647, -87.999688077 30.711340647, -87.999784076 30.711456648, -87.999809076 30.711538648, -87.999822077 30.711654647, -87.999813077 30.711778648, -87.999844077 30.711956648, -87.999921077 30.712148648, -88.000001077 30.712282648, -88.000050077 30.712310648, -88.000336077 30.712558648, -88.000654077 30.712734648, -88.000763077 30.712772648, -88.000912077 30.712745148, -88.000966077 30.712547648, -88.001036326 30.712375648, -88.001221077 30.712250648, -88.001444077 30.712212648, -88.001591077 30.712212648, -88.001749473 30.71225648, -88.001798786 30.712319683, -88.001859001 30.712476, -88.001874539 30.712572824, -88.001894698 30.712616455, -88.001910001 30.712696, -88.001999909 30.713028013, -88.002064539 30.713155824, -88.002113181 30.713212887, -88.002134308 30.713291891, -88.002312026 30.713420322, -88.002494077 30.713510648, -88.003092077 30.713741648, -88.003347078 30.713868648, -88.003489915 30.713965504, -88.003547452 30.714024885, -88.003751178 30.714202132, -88.00391405 30.714402118, -88.004012258 30.71450405, -88.004038489 30.714553473, -88.004393515 30.714943841, -88.004597716 30.715196719, -88.004719091 30.715384562, -88.00488357 30.715571805, -88.004941082 30.715659565, -88.005173079 30.715777649, -88.005376078 30.715843649, -88.005472078 30.715865648, -88.006446079 30.715789649, -88.006605079 30.715745649, -88.006764079 30.715646649, -88.006872079 30.715519649, -88.006930079 30.715409649, -88.006936079 30.715365649, -88.006974079 30.715277649, -88.007146079 30.715030649, -88.007255079 30.714854648, -88.007382079 30.714733649, -88.007548079 30.714651648, -88.007783079 30.714546648, -88.007866079 30.714447648, -88.007923079 30.714315648, -88.007943079 30.714216648, -88.007974079 30.714139648, -88.007981079 30.714079648, -88.008006079 30.714040648, -88.008070079 30.713837648, -88.008140078 30.713785148, -88.008224079 30.713814648, -88.008561079 30.713968648, -88.009351243 30.714688066, -88.010105117 30.715556925, -88.010305 30.716209, -88.01026 30.716286, -88.010024 30.716484, -88.009738 30.7166735, -88.009676234 30.716738914, -88.009887774 30.71708779, -88.010255518 30.716754616, -88.010380579 30.716727149, -88.010524161 30.716828747, -88.010574447 30.716948509, -88.010623051 30.71700433, -88.01086018 30.717219132, -88.010925167 30.71732254, -88.010987329 30.717383986, -88.0110077 30.717427454, -88.011074018 30.71749961, -88.011152012 30.717615274, -88.011344492 30.717916473, -88.011478283 30.718153511, -88.011515539 30.718257824, -88.011612208 30.718417529, -88.011623539 30.718466825, -88.011666651 30.718524645, -88.01168154 30.718582825, -88.011776663 30.718752749, -88.01179554 30.718802825, -88.012069964 30.719215607, -88.01232608 30.719663649, -88.012415081 30.71986765, -88.012466081 30.719944649, -88.012479081 30.719993649, -88.01255208 30.720137149, -88.012606081 30.720219649, -88.012650581 30.72031315, -88.012685581 30.720392649, -88.01269508 30.720444649, -88.01272708 30.72049465, -88.012908331 30.7208924, -88.012975081 30.721099649, -88.012981081 30.72117665, -88.013086081 30.72157015, -88.013102081 30.72165565, -88.013165581 30.72186165, -88.013204081 30.721968649, -88.01324683 30.722058399, -88.013324081 30.72231565, -88.013483081 30.72269465, -88.013509081 30.72273365, -88.013629581 30.72315415, -88.013687081 30.72331665, -88.013712081 30.72346465, -88.013782081 30.72368465, -88.013801081 30.72377865, -88.013827081 30.72384465, -88.013833082 30.72394865, -88.013852081 30.72399265, -88.013896081 30.72427365, -88.013928081 30.72456565, -88.013928081 30.72588565, -88.013947081 30.725956651, -88.013966082 30.726182651, -88.013965081 30.726693651, -88.013927081 30.727188651, -88.013895081 30.727436651, -88.013767081 30.728013651, -88.013736081 30.728118651, -88.013685081 30.728222651, -88.013595081 30.728756651, -88.013582081 30.729064651, -88.013563081 30.729108651, -88.013512081 30.729471651, -88.013480081 30.729619651, -88.013474082 30.729718651, -88.013384081 30.730329652, -88.013314082 30.730631651, -88.013282081 30.731043651, -88.013237082 30.731291652, -88.013225081 30.731401652, -88.013167081 30.731538652, -88.013142081 30.731654652, -88.013116081 30.731714651, -88.013046081 30.732072652, -88.013040081 30.732231652, -88.013020081 30.732303652, -88.013014081 30.732413652, -88.012925082 30.732792652, -88.012848082 30.733056652, -88.012721081 30.733320652, -88.012698581 30.733389652, -88.012644081 30.733480653, -88.012632082 30.733524652, -88.012523081 30.733722652, -88.012402081 30.733920652, -88.012357081 30.733969653, -88.012345082 30.734019652, -88.012294081 30.734063652, -88.012253081 30.734138652, -88.013677082 30.739468653, -88.013246082 30.739648654, -88.011868082 30.740174654, -88.011135081 30.740439654, -88.010703081 30.740576654, -88.010475081 30.740667654, -88.010243081 30.740750654, -88.009813081 30.740891654, -88.00953508 30.740971654, -88.009026081 30.741139654, -88.008353081 30.741336654, -88.007948081 30.741427654, -88.00763308 30.741527654, -88.008328081 30.743219654, -88.017033083 30.743222654, -88.017068582 30.743187155, -88.017193083 30.743211654, -88.017282083 30.743283654, -88.017294083 30.743327654, -88.017358083 30.743376654, -88.017384083 30.743426654, -88.017399583 30.743488654, -88.017524083 30.743695654, -88.017543083 30.743745654, -88.017657083 30.743943655, -88.017695083 30.743981654, -88.017727083 30.744031654, -88.017835083 30.744125654, -88.017899083 30.744218654, -88.017925083 30.744279654, -88.017963083 30.744312655, -88.018046083 30.744460654, -88.018052083 30.744504654, -88.018109083 30.744598654, -88.018185083 30.744768654, -88.018294083 30.744933654, -88.018396083 30.745032654, -88.018625083 30.745280654, -88.018835083 30.745483655, -88.018847083 30.745527655, -88.018917083 30.745560655, -88.018937083 30.745615654, -88.019064084 30.745714655, -88.019268084 30.745929655, -88.019427084 30.746127655, -88.019659084 30.746331655, -88.020095084 30.746683655, -88.020305084 30.746826655, -88.020509084 30.746985655, -88.022081085 30.747954655, -88.022635085 30.748246655, -88.022807085 30.748301655, -88.023037085 30.748400655, -88.023170085 30.748477655, -88.023412085 30.748647655, -88.023730585 30.748923155, -88.023909085 30.749093655, -88.024106085 30.749258655, -88.024373085 30.749528655, -88.024469085 30.749654655, -88.024494085 30.749704655, -88.024615086 30.749836655, -88.024774086 30.750072655, -88.024800085 30.750149655, -88.024842085 30.750193656, -88.024848085 30.750259655, -88.024944085 30.750441656, -88.025090085 30.750650656, -88.025338086 30.751194655, -88.025485086 30.751651655, -88.025554086 30.752118656, -88.025567086 30.752613656, -88.025548086 30.753031656, -88.025452085 30.753554656, -88.025401085 30.753730656, -88.024891086 30.755022657, -88.024579086 30.755655656, -88.024222085 30.756287657, -88.024050086 30.756573657, -88.023706086 30.757029657, -88.023425086 30.757464657, -88.023196085 30.757777657, -88.022992085 30.758124657, -88.022871086 30.758382657, -88.022807085 30.758635657, -88.022794086 30.758751657, -88.022769085 30.758844658, -88.022730085 30.759108658, -88.022641085 30.759262658, -88.022590085 30.759334657, -88.022278085 30.759630658, -88.022214085 30.759719658, -88.022170085 30.759823657, -88.022010085 30.760307657, -88.021953085 30.760422658, -88.021838085 30.760560658, -88.021730085 30.760741658, -88.021692085 30.760851658, -88.021666085 30.760978658, -88.021564085 30.761275658, -88.021513085 30.761396658, -88.021379085 30.761605658, -88.021092085 30.761968658, -88.021022085 30.762138658, -88.020793085 30.762842658, -88.020703085 30.763002658, -88.020404084 30.763392658, -88.020283085 30.763612659, -88.020194084 30.763804658, -88.020092084 30.764085658, -88.020034085 30.764272658, -88.020009084 30.764415659, -88.019958084 30.764530659, -88.019951085 30.764646659, -88.019894085 30.764772659, -88.019862085 30.764915659, -88.019792085 30.765053659, -88.019715085 30.765130659, -88.019505085 30.765229659, -88.019416085 30.765322659, -88.019378084 30.765432659, -88.019371085 30.765669659, -88.019314085 30.765812659, -88.019320085 30.765883659, -88.019358084 30.765960659, -88.019486084 30.766103659, -88.019473085 30.766219659, -88.019422085 30.766340659, -88.019415084 30.766730659, -88.019434085 30.766851659, -88.019460084 30.76749566, -88.019434085 30.767671659, -88.019434085 30.767814659, -88.019396085 30.76797966, -88.019351085 30.768094659, -88.019300085 30.76833166, -88.019313085 30.768413659, -88.019332084 30.76847966, -88.019408085 30.768600659, -88.019433085 30.768672659, -88.019414084 30.76885366, -88.019370085 30.769018659, -88.019376085 30.76913966, -88.019484085 30.76932166, -88.019815085 30.76976166, -88.019917085 30.76994266, -88.019923085 30.76999266, -88.019974085 30.77003666, -88.020063085 30.77016866, -88.020140085 30.77033966, -88.020146085 30.77042166, -88.020222085 30.77064766, -88.020305085 30.77078466, -88.020356085 30.77092266, -88.020337085 30.771400661, -88.020362086 30.771516661, -88.020381085 30.77169766, -88.020439086 30.77193466, -88.020496085 30.771983661, -88.020547085 30.771983661, -88.020566085 30.77171966, -88.020585085 30.77166466, -88.020598086 30.77136766, -88.020573085 30.77132366, -88.020566085 30.77125266, -88.020509085 30.77109316, -88.020426085 30.77094966, -88.020382085 30.77079066, -88.020369085 30.77060866, -88.020312085 30.77041666, -88.020146085 30.77008666, -88.020146085 30.76997066, -88.020204085 30.76991066, -88.020261085 30.76992166, -88.020344085 30.76996566, -88.020560085 30.77015266, -88.020707085 30.77036666, -88.020821085 30.77059266, -88.020879085 30.77073566, -88.020904085 30.77096666, -88.020897085 30.77128566, -88.020878085 30.77132966, -88.020853085 30.77145066, -88.020840085 30.771730661, -88.020821085 30.77186266, -88.020811085 30.772047161, -88.020776085 30.772165661, -88.020751085 30.77220966, -88.020655085 30.77257266, -88.020592085 30.772766661, -88.022198 30.772187, -88.022198 30.773271, -88.022198 30.774355, -88.022198 30.774487, -88.021956 30.774777, -88.019327 30.777932, -88.016698 30.781087, -88.016094 30.78161, -88.01549 30.782132, -88.014158 30.783283, -88.013108 30.783758, -88.012968 30.783821, -88.012297 30.784058, -88.011656 30.784287, -88.011183 30.784443, -88.011103 30.784473, -88.010798 30.784587, -88.000981 30.787172, -88.000489 30.787302, -87.999997 30.787431, -87.999876 30.787476, -87.999765 30.7875175, -87.999504 30.787564, -87.999204 30.787596, -87.998961 30.787644, -87.998802 30.787717, -87.998416 30.787905, -87.99839 30.787918, -87.998015 30.788136, -87.997773 30.788254, -87.994881 30.789695, -87.993394 30.790627, -87.992389 30.791256, -87.99184 30.792146, -87.991406 30.79285, -87.990971 30.793555, -87.990601 30.794155, -87.990548 30.794481, -87.990338 30.795774, -87.991117 30.798729, -87.991155 30.799085, -87.991678 30.803998, -87.991582 30.80636, -87.990748 30.807789, -87.98945 30.809625, -87.98937 30.809739, -87.989077 30.809956, -87.988451 30.810419, -87.987825 30.810882, -87.987065 30.811445, -87.985501 30.811863, -87.983715 30.812341, -87.981832 30.81291, -87.981426 30.813033, -87.981303 30.81307, -87.981091 30.813134, -87.981053 30.813146, -87.981027 30.813154, -87.980084 30.81344, -87.978335 30.813969, -87.978044 30.814056, -87.977755 30.814143, -87.976935 30.814391, -87.976216 30.814697, -87.974525 30.815416, -87.972834 30.816135, -87.970524 30.817118, -87.965661 30.819616, -87.963491 30.820548, -87.963441 30.820569, -87.963337 30.820571, -87.962014 30.8206, -87.960692 30.820629, -87.960112 30.820642, -87.959531 30.820654, -87.959131 30.820663, -87.958729 30.820672, -87.958627 30.82068, -87.958458 30.820694, -87.956616 30.820845, -87.95155 30.82126, -87.951053 30.821502, -87.949384 30.822317, -87.948547 30.822726, -87.94806 30.822964, -87.946736 30.82361, -87.946666 30.823644, -87.946628 30.823705, -87.945655 30.825266, -87.944682 30.826828, -87.944546 30.827046, -87.944538 30.827187, -87.944354 30.830469, -87.94417 30.833747, -87.944168 30.833793, -87.944665 30.836676, -87.944782 30.836845, -87.944804 30.836877, -87.944912 30.837034, -87.945497 30.837869, -87.947922 30.841329, -87.948031 30.841484, -87.94815 30.841654, -87.950491 30.844994, -87.952859 30.847619, -87.954476 30.849408, -87.960729 30.853834, -87.967065 30.85706, -87.973075 30.859139, -87.976734 30.860404, -87.980392 30.86167, -87.980971 30.86187, -87.981382 30.862338, -87.985044 30.866501, -87.986433 30.871944, -87.986434 30.872756, -87.986453 30.873385, -87.986432 30.874053, -87.986422 30.874139, -87.986414 30.875174, -87.986306 30.875686, -87.986085 30.876281, -87.985844 30.877106, -87.985579 30.878167, -87.985199 30.879383, -87.984934 30.880384, -87.984515 30.881452, -87.984192 30.882128, -87.984074 30.882451, -87.983868 30.882802, -87.9835 30.88357, -87.98284 30.884611, -87.982274 30.88548, -87.981054 30.887225, -87.980887 30.887456, -87.980387 30.888145, -87.979688 30.888993, -87.978842 30.889918, -87.978265 30.890533, -87.977437 30.891416, -87.977086 30.891767, -87.97675 30.892104, -87.976152 30.892754, -87.975192 30.893663, -87.973213 30.895326, -87.972417 30.896075, -87.971724 30.896626, -87.970852 30.897293, -87.969887 30.897976, -87.969839 30.89801, -87.968898 30.898676, -87.968848 30.898715, -87.968348 30.899098, -87.967688 30.899604, -87.96676 30.900014, -87.966097 30.900307, -87.965486 30.900561, -87.964639 30.900913, -87.963032 30.901546, -87.962937 30.901583, -87.962577 30.901764, -87.961574 30.902267, -87.960667 30.902691, -87.960524 30.902758, -87.960134 30.903044, -87.958843 30.903992, -87.958379 30.904504, -87.9577495 30.905557, -87.957643 30.905882, -87.957636 30.907284, -87.957412 30.907575, -87.957114 30.907782, -87.956714 30.908028, -87.95635 30.908258, -87.956016 30.908406, -87.955838 30.908532, -87.955741 30.9086, -87.955555 30.908837, -87.955518 30.909067, -87.95557 30.909305, -87.955741 30.909676, -87.955934 30.910092, -87.956039 30.910651, -87.955954 30.910988, -87.955898 30.91122, -87.95557 30.911325, -87.954772 30.911325, -87.954603 30.911497, -87.954569 30.911498, -87.954421 30.911688, -87.954423 30.91176, -87.954406 30.911939, -87.954412 30.912011, -87.954465 30.912368, -87.954521 30.912832, -87.954548 30.912974, -87.954557 30.913045, -87.954586 30.913187, -87.954602 30.913402, -87.954602 30.913474, -87.954616 30.913689, -87.954609 30.913904, -87.954594 30.91412, -87.954599 30.914335, -87.954597 30.914515, -87.954572 30.915017, -87.954571 30.915125, -87.954629 30.915481, -87.954663 30.915875, -87.954661 30.915911, -87.954629 30.916052, -87.954601 30.91612, -87.954551 30.916219, -87.95454 30.916252, -87.954561 30.916431, -87.954565 30.916575, -87.954575 30.916718, -87.954575 30.91679, -87.954589 30.917042, -87.954601 30.917473, -87.954578 30.917724, -87.954585 30.917904, -87.954576 30.918011, -87.954523 30.918185, -87.954508 30.918256, -87.954494 30.918399, -87.954476 30.918469, -87.954468 30.918577, -87.954469 30.918613, -87.954492 30.918767, -87.954498 30.918808, -87.9544 30.919417, -87.954369 30.919833, -87.954344 30.920011, -87.95431 30.920152, -87.954306 30.92026, -87.954278 30.920546, -87.954227 30.920975, -87.954175 30.921186, -87.954154 30.921292, -87.954127 30.921397, -87.95404 30.921858, -87.953999 30.922035, -87.953976 30.922104, -87.953948 30.922245, -87.953926 30.922315, -87.953874 30.922526, -87.95373 30.922863, -87.95366 30.922993, -87.953595 30.923126, -87.95354 30.923222, -87.953509 30.923289, -87.95345 30.923384, -87.953396 30.923481, -87.953351 30.923542, -87.953293 30.923637, -87.953187 30.923792, -87.953159 30.92386, -87.95314 30.923892, -87.953069 30.923981, -87.952992 30.924109, -87.952837 30.924322, -87.952555 30.924635, -87.952395 30.924801, -87.952311 30.924882, -87.951962 30.925192, -87.95171 30.925433, -87.951561 30.925559, -87.951374 30.925703, -87.951143 30.925858, -87.951079 30.925905, -87.950909 30.92601, -87.950873 30.926027, -87.950667 30.926151, -87.950533 30.926238, -87.950405 30.92633, -87.95024 30.926441, -87.949901 30.926652, -87.949828 30.926687, -87.949722 30.926746, -87.949612 30.926797, -87.949579 30.92682, -87.949359 30.926924, -87.949209 30.926988, -87.949018 30.927062, -87.94891 30.927118, -87.948758 30.927178, -87.948408 30.927299, -87.948296 30.927348, -87.948151 30.92742, -87.94801 30.927498, -87.947921 30.927537, -87.947728 30.927609, -87.947573 30.927662, -87.947322 30.927792, -87.94719 30.927882, -87.947131 30.927933, -87.947095 30.927949, -87.946737 30.928053, -87.946541 30.928116, -87.94631 30.928201, -87.945881 30.928347, -87.945644 30.928418, -87.945566 30.928445, -87.945486 30.928466, -87.945371 30.928509, -87.945253 30.928547, -87.945132 30.928575, -87.944846 30.928632, -87.944485 30.928723, -87.94432 30.928749, -87.944116 30.928791, -87.943717 30.928901, -87.943595 30.928926, -87.943139 30.928987, -87.942681 30.929029, -87.94243 30.929038, -87.942095 30.929024, -87.941424 30.929036, -87.941173 30.929032, -87.941048 30.929048, -87.940923 30.929057, -87.940757 30.929079, -87.940346 30.929148, -87.939929 30.929188, -87.939512 30.929223, -87.93893 30.929285, -87.938762 30.929287, -87.938686 30.929292, -87.938595 30.929298, -87.938387 30.92932, -87.937564 30.929452, -87.937441 30.929475, -87.936986 30.929536, -87.936618 30.929605, -87.936538 30.929627, -87.936455 30.929639, -87.936333 30.929663, -87.935972 30.929755, -87.935744 30.929781, -87.935705 30.929793, -87.935453 30.929922, -87.935333 30.929955, -87.935183 30.930019, -87.935063 30.930052, -87.934986 30.930079, -87.934916 30.930119, -87.934823 30.930192, -87.934722 30.930256, -87.934449 30.930349, -87.93432 30.93044, -87.934216 30.9305, -87.934108 30.930555, -87.933959 30.930621, -87.933924 30.93064, -87.933774 30.930706, -87.933739 30.930725, -87.93361 30.930817, -87.933575 30.930837, -87.933499 30.930866, -87.933389 30.930919, -87.933081 30.931106, -87.933045 30.931124, -87.932931 30.931169, -87.93279 30.931246, -87.932425 30.931487, -87.932251 30.931587, -87.932212 30.9316, -87.931999 30.931715, -87.931587 30.931962, -87.931386 30.932092, -87.931311 30.932123, -87.930886 30.932353, -87.930849 30.93237, -87.930631 30.932538, -87.930489 30.932614, -87.930374 30.932659, -87.930091 30.932813, -87.929956 30.932897, -87.929778 30.932992, -87.929465 30.933172, -87.929434 30.933196, -87.92938 30.933252, -87.929357 30.933282, -87.929046 30.933382, -87.92897 30.933413, -87.928863 30.93347, -87.928634 30.933627, -87.928122 30.933872, -87.927795 30.934096, -87.927726 30.934136, -87.927573 30.934194, -87.927393 30.934286, -87.927099 30.934425, -87.926711 30.934561, -87.926549 30.934596, -87.926466 30.934609, -87.926346 30.934628, -87.926314 30.934643, -87.92598 30.934758, -87.92449 30.935328, -87.924433 30.93535, -87.924362 30.935377, -87.92429 30.935405, -87.924124 30.935608, -87.923944 30.936305, -87.92436 30.938974, -87.925722 30.942908, -87.926046 30.943324, -87.926658 30.944113, -87.927271 30.944901, -87.92833 30.946261, -87.930253 30.94718, -87.930548 30.947294, -87.933372 30.948407, -87.935928 30.949201, -87.937515 30.949853, -87.937837 30.949986, -87.938159 30.950118, -87.93831 30.95023, -87.938461 30.950341, -87.939504 30.951121, -87.940546 30.951901, -87.941914 30.955411, -87.941954 30.955566, -87.94266 30.958308, -87.943366 30.961051, -87.943552 30.961773, -87.944127 30.962351, -87.944209 30.962433, -87.945021 30.963247, -87.945298 30.963524, -87.945494 30.963732, -87.945899 30.964143, -87.946184 30.964257, -87.948263 30.965088, -87.95034 30.965918, -87.950463 30.965967, -87.952738 30.966544, -87.955576 30.966593, -87.960465 30.966122, -87.963265 30.966051, -87.96452 30.966439, -87.964907 30.966817, -87.965187 30.967784, -87.964993 30.968964, -87.964583 30.969984, -87.964072 30.970374, -87.961192 30.974871, -87.961149 30.975202, -87.960934 30.976864, -87.960718 30.978525, -87.960575 30.979631, -87.960555 30.982216, -87.96055 30.982861, -87.96015 30.983324, -87.957557 30.986325, -87.957317 30.98721, -87.956619 30.989778, -87.956802 30.992312, -87.957496 30.996594, -87.957635 30.997466, -87.958427 31.00018, -87.958374 31.000757, -87.958321 31.001334, -87.958297 31.001597, -87.958273 31.001858, -87.958219 31.002444, -87.958404 31.003124, -87.95863 31.003603, -87.959201 31.004078, -87.959365 31.004139, -87.959531 31.0042, -87.959697 31.004262, -87.959896 31.004336, -87.960011 31.004359, -87.960976 31.004551, -87.961704 31.004706, -87.962269 31.004825, -87.963297 31.005313, -87.964126 31.006041, -87.964641 31.00704, -87.964797 31.007776, -87.964798 31.007915, -87.9648 31.008187, -87.964687 31.0083075, -87.96465 31.008347, -87.963458 31.009619, -87.962225 31.010933, -87.962074 31.011092, -87.961922 31.011188, -87.961278 31.011596, -87.960634 31.012003, -87.960084 31.012351, -87.958947 31.012862, -87.958432 31.012864, -87.958114 31.012783, -87.957785 31.0127, -87.957456 31.012616, -87.957298 31.012576, -87.957129 31.012516, -87.956636 31.012342, -87.956145 31.012168, -87.95586 31.012067, -87.954665 31.012085, -87.953939 31.01248, -87.95343 31.013394, -87.952853 31.015017, -87.952539 31.015726, -87.952418 31.016, -87.952349 31.016156, -87.951481 31.017243, -87.950734 31.018445, -87.95022 31.019576, -87.950066 31.020231, -87.950018 31.020432, -87.949971 31.020632, -87.949959 31.020687, -87.949987 31.021068, -87.949998 31.021212, -87.950263 31.021669, -87.950506 31.022089, -87.952464 31.023911, -87.955601 31.02683, -87.957352 31.029368, -87.957699 31.030437, -87.957745 31.030931, -87.957818 31.031706, -87.95779 31.032827, -87.95735 31.034072, -87.956651 31.035153, -87.955645 31.036134, -87.953595 31.037602, -87.950431 31.039235, -87.947578 31.040645, -87.944579 31.04307, -87.942863 31.045228, -87.942104 31.046518, -87.941152 31.048161, -87.940929 31.049812, -87.940895 31.050608, -87.940888 31.050779, -87.940881 31.050949, -87.940853 31.05161, -87.941116 31.053735, -87.941122 31.056245, -87.94121 31.057514, -87.941298 31.058782, -87.941341 31.059402, -87.941498 31.060787, -87.941561 31.061342, -87.941697 31.061603, -87.943427 31.064923, -87.9446665 31.06616, -87.944787 31.066278, -87.944935 31.066356, -87.94529 31.066544, -87.945646 31.066732, -87.946016 31.066928, -87.946385 31.067123, -87.946583 31.067228, -87.946764 31.067282, -87.94727 31.067432, -87.947776 31.067583, -87.948702 31.067859, -87.952202 31.067981, -87.955294 31.067913, -87.957166 31.067661, -87.959174 31.067669, -87.962868 31.06803, -87.96324 31.068032, -87.963823 31.068287, -87.96413 31.068422, -87.964795 31.06889, -87.96529 31.069343, -87.965509 31.069543, -87.96636 31.07032, -87.967287 31.071404, -87.967322 31.071445, -87.967565 31.07183, -87.967904 31.072366, -87.968241 31.0729, -87.968688 31.073608, -87.969509 31.075424, -87.970028 31.076377, -87.970234 31.076756, -87.970552 31.077341, -87.970863 31.077707, -87.971204 31.078018, -87.971831 31.078493, -87.972027 31.078622, -87.973301 31.079463, -87.974513 31.080736, -87.975053 31.081477, -87.975851 31.082422, -87.976878 31.085339, -87.976919 31.085926, -87.976939 31.086219, -87.97692 31.086581, -87.976884 31.087308, -87.976839 31.087468, -87.976772 31.087706, -87.976706 31.087944, -87.976596 31.088337, -87.976222 31.089535, -87.975209 31.090983, -87.975046 31.091216, -87.973042 31.092931, -87.972536 31.093365, -87.97041 31.094873, -87.965986 31.098118, -87.965852 31.098216, -87.964295 31.100155, -87.96394 31.100597, -87.963325 31.101364, -87.958632 31.107296, -87.956795 31.109523, -87.955324 31.111307, -87.952427 31.114688, -87.951621 31.115629, -87.950815 31.11657, -87.949683 31.117891, -87.948551 31.119212, -87.948418 31.119367, -87.946577 31.121685, -87.945822 31.122858, -87.945531 31.12331, -87.944875 31.124601, -87.944558 31.125176, -87.944545 31.125522, -87.944532 31.125868, -87.944528 31.125977, -87.944505 31.128629, -87.944484 31.131012, -87.944439 31.132762, -87.944242 31.134807, -87.94414 31.135199, -87.943958 31.135903, -87.943775 31.136608, -87.943752 31.136698, -87.943017 31.138398, -87.942775 31.138746, -87.941614 31.140425, -87.940765 31.141653, -87.939917 31.143607, -87.939675 31.144602, -87.939696 31.145805, -87.940121 31.147237, -87.94133 31.148449, -87.943726 31.149685, -87.946241 31.149456, -87.95086 31.147718, -87.953259 31.146847, -87.95633 31.146261, -87.960232 31.146465, -87.962571 31.146973, -87.966284 31.148261, -87.96948 31.150132, -87.972285 31.152758, -87.974186 31.156806, -87.974501 31.158703, -87.974421 31.160121, -87.974113 31.161146, -87.97347 31.162097, -87.972916 31.162647, -87.972869 31.162694, -87.971341 31.163024, -87.968391 31.162847, -87.963908 31.16111, -87.961071 31.160411, -87.959312 31.160411, -87.957073 31.160762, -87.954103 31.161649, -87.952341 31.161996, -87.948767 31.161753, -87.946071 31.161251, -87.943748 31.161341, -87.942652 31.161876, -87.941318 31.16305, -87.940818 31.164457, -87.940935 31.165848, -87.941468 31.166638, -87.942151 31.167649, -87.943432 31.16896, -87.944789 31.170482, -87.945949 31.172282, -87.946769 31.174419, -87.946979 31.176104, -87.946548 31.177642, -87.94571 31.179587, -87.945346 31.181103, -87.945192 31.183004, -87.94566 31.187868, -87.945933 31.189861, -87.946311 31.19155, -87.946588 31.19293, -87.945538 31.192974, -87.945334 31.192927, -87.944601 31.192762, -87.943559 31.19233, -87.942442 31.191412, -87.941664 31.190413, -87.940509 31.18976, -87.936282 31.189902, -87.933612 31.18999, -87.931674 31.189509, -87.929308 31.187942, -87.925679 31.186123, -87.921613 31.185486, -87.918249 31.185611, -87.914221 31.186735, -87.913637 31.187356, -87.914267 31.188536, -87.915496 31.189966, -87.915403 31.190714, -87.914647 31.191178, -87.911366 31.191063, -87.910654 31.19336, -87.907869 31.195543, -87.906544 31.198718, -87.906237 31.199162, -87.901384 31.198801, -87.899689 31.197317, -87.899211 31.197352, -87.897093 31.199659, -87.896488 31.200086, -87.892537 31.201631, -87.891387 31.202599, -87.889581 31.204349, -87.888703 31.204817, -87.887643 31.20511, -87.886749 31.205247, -87.885929 31.20541, -87.885375 31.2052, -87.885362 31.204788, -87.885783 31.203799, -87.886055 31.203016, -87.88623 31.202609, -87.886018 31.202006, -87.885751 31.201393, -87.884815 31.201149, -87.883828 31.200992, -87.882731 31.200792, -87.881973 31.200537, -87.881162 31.199957, -87.880348 31.199208, -87.879749 31.198449, -87.879167 31.197996, -87.878208 31.197865, -87.876672 31.198387, -87.875511 31.199412, -87.874996 31.200067, -87.874208 31.20128, -87.873887 31.201496, -87.873454 31.203006, -87.873426 31.203157, -87.873331 31.203693, -87.873337 31.204541, -87.873937 31.206302, -87.874495 31.207256, -87.874996 31.208519, -87.875269 31.20914, -87.875679 31.210709, -87.875904 31.212192, -87.875876 31.213208, -87.875668 31.214009, -87.875379 31.214461, -87.874996 31.214741, -87.869774 31.215765, -87.867972 31.214582, -87.865382 31.209733, -87.859946 31.204633, -87.855999 31.203452, -87.853499 31.203445, -87.849544 31.206105, -87.848503 31.208378, -87.849055 31.210583, -87.849799 31.211578, -87.857943 31.216451, -87.859657 31.218441, -87.862573 31.223962, -87.863593 31.226112, -87.864113 31.229172, -87.863757 31.2311, -87.860066 31.2354, -87.858262 31.236476, -87.85677 31.237069, -87.85455 31.237233, -87.852912 31.236986, -87.848612 31.234827, -87.84461 31.229504, -87.844391 31.228245, -87.843919 31.227032, -87.84293 31.226182, -87.841342 31.225411, -87.840143 31.225512, -87.839445 31.225726, -87.838679 31.22596, -87.83646 31.227761, -87.83565 31.228639, -87.835608 31.229736, -87.83592 31.231053, -87.840499 31.233237, -87.842926 31.234786, -87.844091 31.236145, -87.844626 31.237939, -87.844628 31.239335, -87.843966 31.240656, -87.842517 31.24204, -87.841287 31.242698, -87.841158 31.242769, -87.840131 31.24334, -87.838769 31.244111, -87.837517 31.245431, -87.837147 31.24635, -87.837105 31.247254, -87.83755 31.248361, -87.838584 31.249462, -87.840254 31.250171, -87.840978 31.250874, -87.841775 31.252024, -87.842236 31.253052, -87.842369 31.254086, -87.842288 31.254933, -87.842377 31.255466, -87.842985 31.255784, -87.843412 31.255986, -87.844314 31.25588, -87.845187 31.255578, -87.845919 31.255275, -87.846484 31.254915, -87.846992 31.254506, -87.847323 31.25408, -87.847719 31.253743, -87.84831 31.253609, -87.850897 31.253291, -87.851617 31.253352, -87.852336 31.253711, -87.852782 31.254141, -87.853142 31.254813, -87.853275 31.25596, -87.8531 31.256726, -87.852868 31.257782, -87.852545 31.258474, -87.851959 31.259109, -87.851348 31.25955, -87.850662 31.259829, -87.850052 31.259979, -87.849284 31.260007, -87.848349 31.259849, -87.84705 31.259479, -87.845612 31.258841, -87.843763 31.25817, -87.842989 31.257762, -87.842297 31.257403, -87.842055 31.257192, -87.84194 31.256972, -87.841899 31.256892, -87.841603 31.256366, -87.841288 31.255937, -87.840801 31.255877, -87.840275 31.256125, -87.839026 31.256514, -87.838097 31.256799, -87.837224 31.257134, -87.8362 31.2575, -87.835477 31.257778, -87.834583 31.258387, -87.833698 31.259076, -87.832818 31.260282, -87.832286 31.261208, -87.831727 31.262165, -87.831061 31.26347, -87.830479 31.264968, -87.830217 31.266226, -87.829819 31.268048, -87.82931 31.270926, -87.829048 31.272143, -87.828768 31.27332, -87.82861 31.274369, -87.828313 31.275304, -87.827902 31.276303, -87.827512 31.277116, -87.826869 31.277911, -87.826012 31.278552, -87.825288 31.278912, -87.824096 31.27926, -87.822971 31.279432, -87.822034 31.279467, -87.820985 31.279486, -87.819732 31.279148, -87.818219 31.278623, -87.816408 31.277717, -87.815233 31.277129, -87.814206 31.276728, -87.813114 31.276213, -87.812115 31.275707, -87.811072 31.274959, -87.808535 31.273629, -87.806585 31.272584, -87.804673 31.271549, -87.803023 31.27058, -87.801633 31.269878, -87.801502 31.269812, -87.799612 31.269543, -87.79872 31.269764, -87.797989 31.269881, -87.796929 31.270117, -87.79614 31.270307, -87.796065 31.270327, -87.794348 31.270797, -87.793004 31.27137, -87.79146 31.272313, -87.789315 31.273528, -87.787961 31.274174, -87.786804 31.274869, -87.785523 31.27579, -87.78455 31.276745, -87.783896 31.277767, -87.783671 31.278936, -87.783737 31.280042, -87.784103 31.281126, -87.784769 31.282147, -87.785775 31.282944, -87.786885 31.283459, -87.788633 31.284002, -87.790397 31.284747, -87.791992 31.285628, -87.793519 31.286758, -87.794457 31.287813, -87.795351 31.289691, -87.79566 31.290904, -87.795662 31.29188, -87.795558 31.29233, -87.797417 31.29458, -87.79747 31.294741, -87.797657 31.294924, -87.798084 31.29552, -87.798084 31.295612, -87.798244 31.295841, -87.798671 31.296322, -87.798991 31.296597, -87.799205 31.296918, -87.799551 31.297285, -87.800032 31.297904, -87.800245 31.29827, -87.800699 31.298728, -87.800752 31.298842, -87.801233 31.299415, -87.80222 31.300286, -87.8023 31.300401, -87.80254 31.300653, -87.802567 31.300767, -87.802811 31.301397, -87.803315 31.301698, -87.804014 31.30217, -87.805113 31.302976, -87.806268 31.303878, -87.80717 31.304796, -87.807997 31.305583, -87.80836 31.305892, -87.808973 31.306638, -87.809184 31.307253, -87.809465 31.308473, -87.8096 31.3092, -87.809824 31.310485, -87.809788 31.31147, -87.809537 31.312469, -87.809342 31.313429, -87.809092 31.314275, -87.808878 31.315275, -87.808449 31.316233, -87.807966 31.3169, -87.807598 31.317278, -87.807135 31.317735, -87.806325 31.318304, -87.805591 31.318695, -87.804896 31.318885, -87.804023 31.319017, -87.803517 31.319007, -87.80276 31.318817, -87.801884 31.318222, -87.80112 31.317613, -87.800402 31.317173, -87.799683 31.31691, -87.799281 31.316779, -87.798929 31.316212, -87.798794 31.31546, -87.798322 31.313234, -87.798375 31.312501, -87.798455 31.312386, -87.798455 31.311355, -87.798375 31.311309, -87.798242 31.310828, -87.798055 31.30904, -87.798112 31.30803, -87.797777 31.306599, -87.79744 31.305314, -87.796746 31.304252, -87.795633 31.302737, -87.794425 31.301511, -87.793317 31.300487, -87.792338 31.299884, -87.791208 31.29949, -87.790189 31.299259, -87.789684 31.29911, -87.789123 31.298954, -87.788782 31.298773)))
POLYGON ((-85.257834 32.147931, -85.258363 32.146926, -85.258508 32.14665, -85.258987 32.146001, -85.259235 32.145665, -85.259263 32.145207, -85.258644 32.144312, -85.258563 32.143832, -85.258994 32.14358, -85.259425 32.143535, -85.259802 32.143397, -85.259812 32.143169, -85.25983 32.142778, -85.259346 32.141267, -85.259155 32.141022, -85.258969 32.140785, -85.258688 32.140652, -85.258242 32.140441, -85.258137 32.140285, -85.258027 32.140121, -85.258162 32.139846, -85.258458 32.139525, -85.259381 32.139173, -85.259482 32.139136, -85.259724 32.13893, -85.259778 32.13854, -85.259536 32.138357, -85.258809 32.138151, -85.257571 32.138173, -85.256467 32.137898, -85.25609 32.137669, -85.2558 32.137268, -85.255741 32.137186, -85.255714 32.13673, -85.25612 32.136401, -85.256307 32.136249, -85.256226 32.135997, -85.255688 32.135607, -85.255122 32.135585, -85.254018 32.136294, -85.253695 32.136363, -85.253637 32.136322, -85.253561 32.136271, -85.253561 32.135927, -85.253696 32.135584, -85.254207 32.135195, -85.254222 32.135176, -85.25445 32.134874, -85.254369 32.134622, -85.254019 32.134416, -85.253481 32.134347, -85.253104 32.134461, -85.252835 32.134414, -85.252297 32.134071, -85.251678 32.133957, -85.25163 32.133868, -85.251516 32.133659, -85.251786 32.133201, -85.251813 32.133155, -85.25184 32.132765, -85.251625 32.132697, -85.25114 32.133108, -85.250682 32.1332, -85.249937 32.133063, -85.249544 32.133156, -85.249503 32.133294, -85.249571 32.133637, -85.249937 32.133774, -85.250087 32.133871, -85.250195 32.133941, -85.250358 32.134047, -85.250344 32.134321, -85.249937 32.134416, -85.249896 32.134411, -85.249747 32.134397, -85.249463 32.134371, -85.249409 32.134324, -85.249221 32.134165, -85.249202 32.134118, -85.249037 32.13371, -85.248928 32.1334415, -85.248861 32.133428, -85.248601 32.133409, -85.24831 32.13358, -85.24817 32.133662, -85.24774 32.133662, -85.247695 32.133619, -85.247524 32.133456, -85.24758 32.133122, -85.247605 32.132975, -85.248143 32.132402, -85.248469 32.132148, -85.24938 32.131439, -85.249937 32.130795, -85.24999 32.130741, -85.250026 32.130629, -85.250063 32.130428, -85.250063 32.130271, -85.250063 32.130204, -85.250051 32.130172, -85.250015 32.130094, -85.249937 32.13004, -85.249737 32.129922, -85.249475 32.129767, -85.249056 32.129744, -85.248626 32.129996, -85.248599 32.130134, -85.248528 32.130153, -85.24842 32.130329, -85.248251 32.130623, -85.247577 32.131805, -85.247389 32.131943, -85.246931 32.132013, -85.246689 32.131898, -85.246581 32.131647, -85.246578 32.131607, -85.246526 32.130982, -85.246714 32.130341, -85.246687 32.129722, -85.246606 32.129539, -85.24631 32.129379, -85.245395 32.129126, -85.244856 32.129126, -85.244493 32.129376, -85.244453 32.129403, -85.244399 32.129792, -85.244561 32.13009, -85.244561 32.130532, -85.244554 32.130598, -85.244292 32.130754, -85.243969 32.130754, -85.243646 32.130571, -85.243269 32.129907, -85.242811 32.129609, -85.242003 32.129724, -85.241826 32.12954, -85.241761 32.129472, -85.24168 32.129266, -85.242003 32.128739, -85.242002 32.128487, -85.241841 32.128349, -85.241737 32.128334, -85.241545 32.128304, -85.240953 32.128556, -85.24057 32.128557, -85.240522 32.128557, -85.240387 32.128419, -85.240387 32.128121, -85.240495 32.127847, -85.240518 32.127215, -85.24052 32.127136, -85.240458 32.127097, -85.24014 32.1269, -85.240116 32.126885, -85.239766 32.126862, -85.239537 32.127212, -85.239497 32.127274, -85.239382 32.127307, -85.239255 32.127343, -85.239136 32.127226, -85.239067 32.12716, -85.239104 32.126863, -85.239174 32.126312, -85.239036 32.126312, -85.238905 32.126312, -85.23858 32.126665, -85.23842 32.126838, -85.238151 32.126908, -85.23799 32.126817, -85.237989 32.125855, -85.237475 32.125152, -85.237454 32.125133, -85.236477 32.124167, -85.236419 32.12402, -85.236369 32.123894, -85.236261 32.123871, -85.236261 32.123665, -85.245425 32.123424, -85.245495 32.119143, -85.234227 32.119553, -85.234402 32.119313, -85.234402 32.119129, -85.234374 32.118236, -85.234832 32.117801, -85.234912 32.117572, -85.234508 32.117274, -85.234508 32.117022, -85.234697 32.116518, -85.234723 32.116014, -85.234616 32.115945, -85.234266 32.115921, -85.233378 32.116587, -85.233082 32.116701, -85.232786 32.116633, -85.232516 32.116427, -85.232436 32.116244, -85.232435 32.114617, -85.232273 32.114297, -85.232058 32.114205, -85.231654 32.114182, -85.23117 32.114365, -85.230631 32.114434, -85.23047 32.114389, -85.230174 32.114091, -85.230147 32.11377, -85.230039 32.113723, -85.230039 32.11361, -85.2296365 32.112617, -85.229689 32.112327, -85.22985 32.112167, -85.230136 32.112037, -85.23055 32.111846, -85.230657 32.111435, -85.230064 32.109923, -85.229607 32.109555, -85.229042 32.109305, -85.228745 32.109053, -85.228476 32.108548, -85.228476 32.107723, -85.228664 32.107289, -85.228774 32.107194, -85.228987 32.107014, -85.229713 32.10667, -85.230503 32.106603, -85.230817 32.106578, -85.230924 32.106189, -85.230655 32.105798, -85.230251 32.105547, -85.229444 32.105341, -85.227694 32.105227, -85.227645 32.104991, -85.227613 32.104838, -85.227748 32.104494, -85.228736 32.103544, -85.229012 32.103279, -85.229254 32.102936, -85.22912 32.102707, -85.228527 32.102409, -85.228339 32.102157, -85.22842 32.10163, -85.228043 32.101309, -85.227504 32.101287, -85.226912 32.101356, -85.22667 32.101264, -85.226616 32.100783, -85.226455 32.100554, -85.225674 32.100302, -85.224894 32.099891, -85.224571 32.0995, -85.22449 32.099203, -85.223278 32.097692, -85.222577 32.097096, -85.221339 32.096615, -85.221232 32.095951, -85.22107 32.095539, -85.220908 32.095332, -85.220397 32.095194, -85.219375 32.095539, -85.218917 32.095539, -85.218756 32.095402, -85.218513 32.094324, -85.218271 32.094028, -85.218029 32.094028, -85.217894 32.094302, -85.217713 32.094515, -85.217679 32.094555, -85.217616 32.094572, -85.217356 32.094645, -85.216522 32.094624, -85.21642 32.094687, -85.215842 32.095047, -85.215123 32.095494, -85.214693 32.09554, -85.2141 32.095402, -85.21297 32.094785, -85.212862 32.094487, -85.212566 32.094326, -85.212378 32.094327, -85.212232 32.094451, -85.212109 32.094555, -85.21177 32.094586, -85.211598 32.094602, -85.211221 32.094327, -85.211059 32.09341, -85.210871 32.092768, -85.210386 32.092219, -85.210117 32.092196, -85.208799 32.092815, -85.208449 32.092883, -85.208234 32.092792, -85.208072 32.092495, -85.208099 32.091715, -85.208398 32.091291, -85.208422 32.091257, -85.208453 32.091236, -85.209471 32.090547, -85.209471 32.090302, -85.209471 32.090255, -85.209121 32.089813, -85.208449 32.089516, -85.20791 32.089471, -85.206188 32.08963, -85.205623 32.089517, -85.205354 32.089219, -85.205273 32.088943, -85.205596 32.088486, -85.206941 32.087569, -85.207049 32.087386, -85.207049 32.08702, -85.206834 32.08679, -85.205569 32.086264, -85.205165 32.085943, -85.204573 32.085209, -85.203524 32.08489, -85.201775 32.084708, -85.201049 32.08457, -85.200645 32.084272, -85.200484 32.084043, -85.20008 32.082921, -85.199838 32.08276, -85.199407 32.08276, -85.198944 32.083154, -85.1986 32.083447, -85.198385 32.083425, -85.198239 32.083347, -85.19817 32.083309, -85.198143 32.082462, -85.198035 32.082302, -85.19782 32.082188, -85.197361 32.082141, -85.197069 32.082279, -85.196823 32.082394, -85.196231 32.082532, -85.195801 32.082417, -85.195693 32.082303, -85.195747 32.081843, -85.196145 32.081496, -85.196434 32.081243, -85.196662 32.081043, -85.196689 32.080103, -85.196877 32.079783, -85.196904 32.079439, -85.196769 32.079302, -85.196393 32.079164, -85.195931 32.079349, -85.195478 32.079531, -85.194913 32.079507, -85.194698 32.079324, -85.194698 32.078775, -85.194778 32.078592, -85.194778 32.077903, -85.194375 32.077354, -85.194106 32.07724, -85.193218 32.077103, -85.193083 32.076942, -85.193191 32.076186, -85.193057 32.076072, -85.192518 32.076003, -85.192249 32.075888, -85.192196 32.075522, -85.192492 32.075018, -85.192626 32.07456, -85.192868 32.074239, -85.192986 32.074154, -85.193191 32.07401, -85.193514 32.07394, -85.193917 32.074147, -85.194671 32.074948, -85.194892 32.075012, -85.195074 32.075063, -85.195532 32.074972, -85.195935 32.074742, -85.195908 32.074078, -85.195289 32.073437, -85.194455 32.072842, -85.194431 32.072707, -85.194402 32.072544, -85.194482 32.072406, -85.19517 32.072163, -85.195451 32.072063, -85.195639 32.07188, -85.195639 32.071489, -85.195182 32.071215, -85.193971 32.07094, -85.193863 32.070574, -85.193998 32.07023, -85.194859 32.069612, -85.194832 32.069336, -85.194536 32.069153, -85.194079 32.069131, -85.19346 32.069291, -85.193003 32.069566, -85.192411 32.06968, -85.192196 32.069566, -85.192169 32.06936, -85.192626 32.068191, -85.19268 32.067756, -85.192572 32.067481, -85.192222 32.067161, -85.19198 32.066747, -85.1919 32.065809, -85.191684 32.065213, -85.191953 32.064777, -85.191738 32.064641, -85.191415 32.064594, -85.190729 32.065013, -85.190366 32.065236, -85.189936 32.065351, -85.189885 32.065329, -85.189667 32.065236, -85.189479 32.064435, -85.18921 32.063954, -85.188887 32.063609, -85.186789 32.063175, -85.186412 32.0629, -85.18617 32.062441, -85.185901 32.062144, -85.185175 32.061869, -85.185067 32.061708, -85.181581 32.061855, -85.180434 32.061855, -85.179034 32.061855, -85.177834 32.061855, -85.177034 32.061855, -85.175934 32.061954, -85.175834 32.062055, -85.175036 32.062055, -85.17121 32.062055, -85.162872 32.062055, -85.160049 32.062055, -85.157913 32.062055, -85.157579 32.062055, -85.150433 32.062055, -85.150133 32.062055, -85.147753 32.062083, -85.14038 32.062173, -85.140072 32.062177, -85.124932 32.062354, -85.117759 32.062452, -85.117538 32.062449, -85.113374 32.062393, -85.113202 32.068965, -85.113187 32.069575, -85.109107 32.069661, -85.108667 32.06967, -85.104781 32.069753, -85.10483 32.067954, -85.104978 32.062539, -85.096297 32.062745, -85.0880665 32.062857, -85.078551 32.063025, -85.07113 32.063155, -85.071045 32.063153, -85.0682 32.063135, -85.060515 32.063083, -85.057078 32.06306, -85.056029 32.063055, -85.05593 32.063055, -85.05613 32.062755, -85.05633 32.061954, -85.05653 32.061055, -85.05673 32.060355, -85.05683 32.059755, -85.05673 32.059255, -85.05663 32.058754, -85.05643 32.058055, -85.05643 32.057155, -85.05653 32.055954, -85.05663 32.055055, -85.05663 32.054155, -85.05683 32.053055, -85.05703 32.052655, -85.05723 32.052155, -85.05743 32.051254, -85.05773 32.050156, -85.05803 32.049556, -85.05833 32.048755, -85.05863 32.048056, -85.05873 32.047455, -85.05883 32.046956, -85.05883 32.046656, -85.05873 32.046356, -85.05853 32.045755, -85.05843 32.045456, -85.05833 32.045156, -85.05813 32.044956, -85.05813 32.044656, -85.05803 32.044556, -85.05803 32.044255, -85.05803 32.044055, -85.05803 32.043756, -85.05783 32.043456, -85.05753 32.043056, -85.05703 32.042555, -85.05673 32.042256, -85.05613 32.041656, -85.05563 32.041156, -85.05523 32.040756, -85.054151 32.039324, -85.053468 32.037823, -85.053532 32.035952, -85.054993 32.0351, -85.056934 32.034354, -85.058034 32.033606, -85.057768 32.031815, -85.057124 32.029919, -85.056253 32.028336, -85.055217 32.027213, -85.054242 32.026654, -85.052634 32.025733, -85.050212 32.024196, -85.048866 32.023007, -85.048841 32.022215, -85.048825 32.021701, -85.049007 32.021178, -85.051202 32.020666, -85.053669 32.020662, -85.054963 32.018745, -85.055308 32.017753, -85.054627 32.015786, -85.053815 32.013502, -85.055075 32.010714, -85.058375 32.00839, -85.063441 32.00414, -85.064544 32.002488, -85.065282 32.000157, -85.06643 31.997757, -85.06663 31.997257, -85.06683 31.996557, -85.06713 31.995957, -85.06733 31.995557, -85.06743 31.995257, -85.06743 31.995057, -85.06753 31.994657, -85.06763 31.994457, -85.06773 31.994157, -85.06773 31.993957, -85.06783 31.993857, -85.06793 31.993557, -85.06803 31.993357, -85.06813 31.993057, -85.06813 31.992857, -85.06823 31.992657, -85.06823 31.992557, -85.06823 31.992357, -85.06833 31.992157, -85.06823 31.992057, -85.06823 31.991957, -85.06823 31.991857, -85.06823 31.991757, -85.06823 31.991657, -85.06823 31.991557, -85.06823 31.991157, -85.06823 31.990557, -85.06823 31.989757, -85.06813 31.989157, -85.06813 31.988357, -85.06823 31.987457, -85.06833 31.986757, -85.06853 31.986057, -85.06893 31.985357, -85.06943 31.984657, -85.06993 31.983957, -85.07033 31.983357, -85.07063 31.982857, -85.07083 31.982157, -85.07093 31.981658, -85.07083 31.980958, -85.07033 31.979658, -85.07033 31.979458, -85.07033 31.979158, -85.07013 31.978758, -85.06993 31.978358, -85.06963 31.977858, -85.06923 31.977358, -85.06863 31.976858, -85.06813 31.976358, -85.067729 31.975758, -85.067329 31.975358, -85.066829 31.974758, -85.066429 31.973858, -85.066129 31.973258, -85.065929 31.972458, -85.065929 31.971658, -85.065929 31.971158, -85.066229 31.970558, -85.066429 31.970158, -85.066729 31.969558, -85.066929 31.968958, -85.067329 31.968258, -85.067829 31.967358, -85.068429 31.966858, -85.06933 31.966158, -85.07023 31.965658, -85.07103 31.965258, -85.07233 31.964758, -85.07393 31.964158, -85.07533 31.963858, -85.07703 31.963558, -85.07843 31.963358, -85.07983 31.963058, -85.08153 31.962858, -85.08233 31.962658, -85.08323 31.962458, -85.08403 31.962058, -85.08453 31.961758, -85.08503 31.961358, -85.085361 31.961073, -85.08573 31.960758, -85.08633 31.959958, -85.08673 31.959158, -85.08683 31.958458, -85.08683 31.957758, -85.08653 31.957158, -85.08603 31.956458, -85.08563 31.955858, -85.08513 31.955258, -85.08473 31.954658, -85.08443 31.954058, -85.08433 31.953658, -85.08423 31.953058, -85.08413 31.952458, -85.08403 31.951858, -85.08393 31.951358, -85.08383 31.950558, -85.08363 31.949758, -85.08343 31.948958, -85.08323 31.948358, -85.08293 31.947658, -85.08273 31.946758, -85.08253 31.945958, -85.08243 31.945358, -85.08213 31.944658, -85.08033 31.942659, -85.08033 31.942559, -85.07973 31.942059, -85.07933 31.941859, -85.07893 31.941459, -85.07873 31.940859, -85.07893 31.940159, -85.07983 31.939559, -85.08143 31.938859, -85.08253 31.938359, -85.08363 31.937859, -85.08473 31.937359, -85.08543 31.936759, -85.08643 31.935959, -85.08723 31.935159, -85.08793 31.934359, -85.08843 31.933559, -85.08903 31.932759, -85.08963 31.931959, -85.09013 31.930959, -85.09053 31.930159, -85.09123 31.929359, -85.09183 31.928859, -85.09253 31.928359, -85.09363 31.927859, -85.09463 31.927459, -85.09563 31.927159, -85.09663 31.926859, -85.09743 31.926559, -85.09823 31.926259, -85.09893 31.925759, -85.09953 31.925259, -85.09993 31.924659, -85.10023 31.924059, -85.10043 31.923159, -85.10063 31.921959, -85.10073 31.920859, -85.10103 31.919659, -85.10133 31.918659, -85.10173 31.917959, -85.10243 31.917359, -85.10323 31.916959, -85.10393 31.916659, -85.10483 31.916359, -85.10563 31.916059, -85.10613 31.915659, -85.10663 31.915159, -85.10723 31.914759, -85.10783 31.914559, -85.10853 31.914459, -85.10913 31.914359, -85.109731 31.913959, -85.110231 31.913559, -85.110631 31.913259, -85.111131 31.913259, -85.111531 31.913059, -85.112031 31.912559, -85.112731 31.912159, -85.113131 31.911859, -85.113231 31.911559, -85.113131 31.910959, -85.113031 31.910359, -85.112731 31.909859, -85.111831 31.909259, -85.10983 31.90806, -85.10963 31.90776, -85.10913 31.90716, -85.10873 31.90676, -85.10843 31.90626, -85.10823 31.90576, -85.10803 31.90516, -85.10803 31.90456, -85.10823 31.90426, -85.10883 31.90406, -85.11003 31.90386, -85.11093 31.90376, -85.111531 31.90356, -85.112031 31.90326, -85.112231 31.90276, -85.112231 31.90206, -85.112131 31.90126, -85.111831 31.90056, -85.111531 31.89986, -85.11133 31.89936, -85.11103 31.89846, -85.11083 31.89756, -85.11063 31.89686, -85.11083 31.89646, -85.110879 31.896361, -85.11123 31.89566, -85.11163 31.89516, -85.11203 31.89476, -85.112531 31.89436, -85.113131 31.89386, -85.114031 31.89336, -85.115021 31.893063, -85.116031 31.89296, -85.117031 31.89286, -85.117531 31.89296, -85.117634 31.892973, -85.118331 31.89306, -85.119031 31.89316, -85.119931 31.89326, -85.120631 31.89336, -85.120931 31.89326, -85.121131 31.89326, -85.123931 31.89276, -85.124931 31.89281, -85.125231 31.89296, -85.125831 31.89296, -85.126331 31.89296, -85.127931 31.89306, -85.128331 31.89306, -85.129631 31.89306, -85.130231 31.89306, -85.131031 31.89306, -85.131331 31.89306, -85.131931 31.89296, -85.132431 31.89296, -85.132931 31.89306, -85.133331 31.89286, -85.133831 31.89246, -85.134131 31.89216, -85.134318 31.891504, -85.134331 31.89146, -85.134331 31.891408, -85.134331 31.89106, -85.134031 31.89016, -85.133731 31.88956, -85.132931 31.88826, -85.132531 31.88776, -85.131631 31.88676, -85.131431 31.88636, -85.130731 31.88526, -85.130531 31.88496, -85.129842 31.883513, -85.129829 31.883484, -85.129751 31.883311, -85.129731 31.88326, -85.129331 31.88246, -85.129031 31.88166, -85.128952 31.88145, -85.128796 31.881032, -85.128731 31.88086, -85.128698 31.880729, -85.128431 31.87966, -85.128431 31.87906, -85.128431 31.87816, -85.128431 31.87756, -85.128475 31.877412, -85.128506 31.87731, -85.128615 31.876948, -85.128731 31.87656, -85.128796 31.876429, -85.128831 31.87636, -85.129231 31.87596, -85.129331 31.87576, -85.129631 31.87526, -85.12978 31.87516, -85.129931 31.87506, -85.130131 31.87476, -85.130431 31.87436, -85.131131 31.87326, -85.131631 31.87276, -85.132631 31.871761, -85.133031 31.871261, -85.133731 31.870061, -85.133931 31.869461, -85.134431 31.868061, -85.134631 31.867361, -85.134731 31.866261, -85.134831 31.865461, -85.135231 31.864261, -85.135431 31.863561, -85.135831 31.862461, -85.136231 31.862061, -85.137031 31.861261, -85.137431 31.860661, -85.138231 31.860061, -85.138731 31.859861, -85.139631 31.859261, -85.140131 31.858761, -85.140224 31.858559, -85.140487 31.857989, -85.140731 31.857461, -85.140631 31.856661, -85.140231 31.855261, -85.139831 31.854461, -85.139431 31.853461, -85.139031 31.853061, -85.138942 31.852922, -85.138331 31.851961, -85.138031 31.851262, -85.137731 31.849961, -85.137631 31.849361, -85.137731 31.848061, -85.137731 31.847361, -85.137731 31.845861, -85.137931 31.845161, -85.138331 31.844161, -85.138731 31.843661, -85.139631 31.842761, -85.140031 31.842261, -85.140931 31.841561, -85.141331 31.841061, -85.141831 31.839861, -85.141831 31.839261, -85.141728 31.839003, -85.141346 31.838048, -85.141231 31.837761, -85.141109 31.837599, -85.140931 31.837361, -85.140376 31.83633, -85.140231 31.836061, -85.140031 31.835461, -85.139231 31.834161, -85.138831 31.833561, -85.137731 31.832162, -85.137231 31.831562, -85.136431 31.830862, -85.135931 31.830462, -85.135195 31.830146, -85.134531 31.829862, -85.133731 31.829462, -85.132531 31.828462, -85.132131 31.827962, -85.132106 31.827852, -85.131931 31.827062, -85.132131 31.826662, -85.133231 31.826262, -85.133631 31.826062, -85.134531 31.824962, -85.134487 31.824716, -85.134031 31.822162, -85.133631 31.821662, -85.133431 31.821362, -85.133131 31.820962, -85.132331 31.819862, -85.13213 31.819527, -85.131731 31.818862, -85.131624 31.818516, -85.131331 31.817562, -85.131231 31.816762, -85.131231 31.815262, -85.131331 31.814662, -85.131531 31.813062, -85.131831 31.812162, -85.132331 31.810562, -85.132631 31.809762, -85.132931 31.808062, -85.132931 31.807262, -85.132924 31.807144, -85.132831 31.805662, -85.132731 31.804862, -85.132531 31.803262, -85.132431 31.802562, -85.132337 31.801533, -85.132333 31.8014515, -85.132431 31.800962, -85.132514 31.800376, -85.132631 31.799562, -85.132831 31.798862, -85.132731 31.797662, -85.132631 31.797062, -85.132331 31.795962, -85.132231 31.795162, -85.132331 31.794162, -85.132431 31.793462, -85.132931 31.792363, -85.133331 31.791963, -85.134831 31.790663, -85.135323 31.790171, -85.135431 31.790063, -85.136531 31.788963, -85.136815 31.788679, -85.137131 31.788363, -85.137162 31.788313, -85.137631 31.787563, -85.137931 31.787063, -85.138731 31.786063, -85.139231 31.785463, -85.139759 31.784935, -85.140031 31.784663, -85.140431 31.784263, -85.141031 31.783463, -85.141331 31.783163, -85.141831 31.782363, -85.141876 31.782181, -85.141931 31.781963, -85.141831 31.781263, -85.141731 31.781163, -85.141431 31.780663, -85.141231 31.780463, -85.14113 31.780463, -85.140931 31.780163, -85.140431 31.779663, -85.140094 31.779374, -85.139731 31.779063, -85.138731 31.778263, -85.138131 31.777763, -85.137031 31.776963, -85.136331 31.776463, -85.134831 31.775363, -85.132899 31.773902, -85.131207 31.772623, -85.131051 31.772505, -85.130731 31.772263, -85.130531 31.772063, -85.129731 31.771463, -85.129431 31.771363, -85.128831 31.770863, -85.128431 31.770563, -85.12743 31.769763, -85.12713 31.769563, -85.12663 31.769063, -85.12633 31.768863, -85.12573 31.768163, -85.12553 31.767863, -85.12533 31.767363, -85.12523 31.767063, -85.12523 31.766263, -85.125315 31.765923, -85.12533 31.765863, -85.12548 31.765187, -85.12553 31.764963, -85.12563 31.764463, -85.12603 31.763663, -85.12623 31.763363, -85.126591 31.763002, -85.12663 31.762963, -85.12673 31.762963, -85.12713 31.762763, -85.12723 31.762663, -85.127329 31.762563, -85.12743 31.762663, -85.12763 31.762963, -85.12783 31.763163, -85.12813 31.763263, -85.128631 31.763263, -85.128731 31.763263, -85.128631 31.763763, -85.128731 31.763963, -85.129231 31.763763, -85.129331 31.763663, -85.130931 31.764663, -85.131031 31.764763, -85.131631 31.765163, -85.132231 31.765463, -85.132431 31.765563, -85.132131 31.765763, -85.132331 31.766363, -85.132931 31.766363, -85.133431 31.766563, -85.133131 31.766763, -85.132431 31.767063, -85.132431 31.767263, -85.133031 31.767463, -85.133531 31.767163, -85.134031 31.766863, -85.134231 31.766963, -85.134331 31.767763, -85.134531 31.767763, -85.134931 31.767863, -85.134931 31.768263, -85.135631 31.768363, -85.135831 31.768263, -85.136831 31.768563, -85.137531 31.769063, -85.138631 31.769563, -85.138931 31.769563, -85.139131 31.769163, -85.139231 31.768463, -85.139431 31.768063, -85.139828 31.767965, -85.140324 31.767766, -85.140321 31.76757, -85.140722 31.767075, -85.141112 31.767175, -85.141399 31.767498, -85.141542 31.767659, -85.14169 31.767769, -85.141821 31.767867, -85.142073 31.767932, -85.142529 31.76805, -85.14283 31.768462, -85.142822 31.7685185, -85.142738 31.769059, -85.142463 31.769063, -85.142322 31.769065, -85.141926298 31.769256561, -85.142222 31.769451, -85.143124 31.769658, -85.143624 31.769959, -85.143015 31.770261, -85.1428235 31.7701585, -85.1426275 31.7707565, -85.143231 31.771261, -85.144032 31.770851, -85.144133 31.771053, -85.144221 31.771198, -85.144326 31.771371, -85.144494 31.771485, -85.144748 31.771658, -85.144773 31.771649, -85.145027 31.771564, -85.145232 31.771689, -85.145254 31.771702, -85.145278 31.771717, -85.145843 31.772062, -85.14623 31.771964, -85.14643 31.772068, -85.146409 31.772264, -85.146661 31.772493, -85.146738 31.772563, -85.146925 31.77266, -85.147139 31.772771, -85.147833 31.773071, -85.148434 31.773468, -85.148623 31.773367, -85.148828 31.77315, -85.149129 31.772964, -85.150529 31.773562, -85.150631 31.773456, -85.150928 31.773364, -85.151032 31.773364, -85.151129 31.773465, -85.151025 31.773967, -85.151031 31.774162, -85.151236 31.774364, -85.152331 31.773967, -85.152729 31.773673, -85.153133 31.772961, -85.153534 31.772958, -85.153691 31.773522, -85.153699 31.773551, -85.153731 31.773667, -85.154332 31.773866, -85.154708 31.773624, -85.15522 31.773299, -85.155427 31.773169, -85.155631 31.772963, -85.155527 31.772661, -85.156228 31.771664, -85.156439 31.771646, -85.156477 31.771643, -85.156515 31.771639, -85.157438 31.77156, -85.157774 31.7716775, -85.158 31.771756, -85.159134 31.772068, -85.159431 31.771967, -85.159839 31.771557, -85.159689 31.77128, -85.159628 31.771166, -85.160433 31.770573, -85.160437 31.770362, -85.160136 31.76986, -85.160013 31.769744, -85.159995 31.769727, -85.159925 31.769662, -85.160226 31.769369, -85.160629 31.769265, -85.16077 31.769203, -85.161332 31.768963, -85.161792 31.768641, -85.16177 31.768245, -85.161579 31.767791, -85.16141 31.76716, -85.16102 31.76618, -85.161001 31.765624, -85.161339 31.765079, -85.161889 31.764778, -85.162478 31.764461, -85.162825 31.763925, -85.163321 31.763494, -85.164366 31.76286, -85.165022 31.762463, -85.164937 31.761857, -85.164705 31.760984, -85.164893 31.760421, -85.165379 31.760007, -85.166199 31.760124, -85.166842 31.760216, -85.167325 31.760376, -85.168022 31.760835, -85.168163 31.760887, -85.168585 31.761041, -85.168955 31.761015, -85.169228 31.760995, -85.170087 31.760446, -85.17057 31.760076, -85.170596 31.760056, -85.170837 31.759667, -85.171454 31.759163, -85.171732 31.758836, -85.171883 31.758659, -85.171937 31.758019, -85.171883 31.757996, -85.17183 31.757721, -85.172125 31.757125, -85.172634 31.756713, -85.173975 31.756163, -85.174243 31.75598, -85.174484 31.755957, -85.17486 31.75614, -85.175262 31.756072, -85.175396 31.755957, -85.175557 31.755591, -85.175584 31.75511, -85.175476 31.754854, -85.175342 31.754537, -85.175476 31.753872, -85.175932 31.753643, -85.176468 31.753575, -85.177246 31.753827, -85.177652 31.75384, -85.17797 31.75385, -85.178425 31.753689, -85.178627 31.753566, -85.178988 31.753346, -85.179417 31.753163, -85.179927 31.753163, -85.18124 31.753667, -85.181572 31.753648, -85.182045 31.753621, -85.182366 31.753438, -85.182661 31.75314, -85.182668 31.75301, -85.182686 31.752667, -85.182688 31.752636, -85.182367 31.751857, -85.182411 31.751704, -85.182474 31.75149, -85.182769 31.751216, -85.183278 31.750964, -85.184699 31.750607, -85.185635 31.750164, -85.185808 31.750052, -85.186476 31.74962, -85.186893 31.74935, -85.187192 31.748904, -85.187273 31.748783, -85.187322 31.748709, -85.187335 31.748658, -85.187563 31.74777, -85.187831 31.74722, -85.188314 31.746441, -85.188662 31.746212, -85.189065 31.746166, -85.189252 31.746143, -85.189547 31.746304, -85.189645 31.74647, -85.189735 31.746624, -85.190378 31.747151, -85.190727 31.747334, -85.191638 31.747495, -85.191774 31.747464, -85.192351 31.747333, -85.192442 31.747312, -85.19322 31.746899, -85.195644 31.744958, -85.196223 31.744494, -85.197491 31.74378, -85.198341 31.743301, -85.198582 31.743165, -85.199306 31.742936, -85.199978 31.742915, -85.200633 31.742894, -85.200753 31.74289, -85.201117 31.742942, -85.201399 31.742983, -85.202896 31.743198, -85.203139 31.743233, -85.204292 31.742981, -85.205069 31.742569, -85.206034 31.741813, -85.206463 31.74124, -85.206409 31.741057, -85.206731 31.740117, -85.206704 31.738537, -85.206596 31.738422, -85.206543 31.737529, -85.206677 31.736842, -85.207052 31.736177, -85.207239 31.736017, -85.207314 31.735883, -85.20807 31.734528, -85.208333 31.733715, -85.208767 31.732374, -85.208907 31.730696, -85.208927 31.73045, -85.208933 31.730268, -85.20898 31.728846, -85.208873 31.728731, -85.208852 31.728389, -85.208846 31.728296, -85.208892 31.728227, -85.209061 31.727975, -85.209516 31.727632, -85.209784 31.727128, -85.210347 31.726601, -85.210469 31.726412, -85.210647 31.726136, -85.210776 31.725936, -85.210883 31.725478, -85.210879 31.725188, -85.210871 31.724616, -85.210855 31.723462, -85.210733 31.72294, -85.210721 31.722889, -85.210721 31.722272, -85.210775 31.722154, -85.211016 31.72163, -85.211177 31.720737, -85.211133 31.720236, -85.211096 31.719815, -85.211015 31.718904, -85.2109 31.718529, -85.210854 31.718377, -85.211058 31.71799, -85.211337 31.717461, -85.211341 31.717418, -85.21139 31.716888, -85.211116 31.716209, -85.210854 31.715559, -85.210362 31.714923, -85.209862 31.714277, -85.209581 31.713699, -85.20946 31.713452, -85.209433 31.7132, -85.209272 31.713017, -85.209272 31.712719, -85.209192 31.71265, -85.209111 31.711734, -85.209513 31.710474, -85.209995 31.709649, -85.210772 31.708664, -85.212996 31.706808, -85.213773 31.705868, -85.21546 31.703119, -85.216076 31.702409, -85.219861 31.702454, -85.22076 31.702497, -85.220789 31.702498, -85.233136 31.703077, -85.239013 31.703353, -85.242896 31.703535, -85.244798 31.703624, -85.249345 31.703838, -85.249415 31.703841, -85.249934 31.703865, -85.255227 31.703961, -85.257004 31.703993, -85.258014 31.704011, -85.264479 31.704127, -85.276047 31.704334, -85.2763185 31.704339, -85.277952 31.704369, -85.290747 31.704599, -85.311043 31.705078, -85.31839 31.705654, -85.319625 31.705711, -85.331044 31.705854, -85.331071 31.705854, -85.332212 31.70587, -85.334142 31.705937, -85.346468 31.705602, -85.350062 31.705871, -85.350216 31.705914, -85.350313 31.705922, -85.350576 31.705917, -85.35118 31.705927, -85.352122 31.705935, -85.352211 31.705938, -85.352464 31.705947, -85.35272 31.705969, -85.353058 31.706012, -85.3534835 31.706085, -85.353713 31.706134, -85.353914 31.706133, -85.3653095 31.706094, -85.372527 31.706071, -85.374836 31.706113, -85.374938 31.706115, -85.387151 31.706303, -85.397598 31.706465, -85.404694 31.706542, -85.415999 31.706665, -85.416038 31.706664, -85.416034 31.706239, -85.416016 31.704346, -85.415994 31.702106, -85.415964 31.698997, -85.415933 31.6957855, -85.415917 31.694208, -85.415839 31.686219, -85.415837 31.685965, -85.415846 31.683107, -85.415846 31.683068, -85.41585 31.68164, -85.416189 31.677528, -85.416417 31.665289, -85.41642 31.665134, -85.416422 31.665022, -85.416393 31.662252, -85.416381 31.661209, -85.416377 31.660797, -85.416376 31.660717, -85.416376 31.660673, -85.416376 31.66064, -85.416371 31.660149, -85.416364 31.660128, -85.416368 31.659732, -85.4159665 31.652124, -85.41599 31.650111, -85.415994 31.649775, -85.415996 31.64966, -85.415996 31.6496365, -85.415999 31.649392, -85.416002 31.649361, -85.416199 31.632516, -85.41623 31.6297115, -85.416262 31.627126, -85.416284 31.625367, -85.416427 31.619852, -85.416437 31.619466, -85.4250095 31.619669, -85.427559 31.61973, -85.427983 31.61974, -85.42805 31.619742, -85.4281315 31.619744, -85.428178 31.619745, -85.4283 31.619748, -85.432325 31.619844, -85.434249 31.61989, -85.461191 31.620441, -85.462247 31.620466, -85.462908 31.62048, -85.467038 31.620566, -85.475051 31.620493, -85.479667 31.62045, -85.49153 31.620343, -85.4973025 31.620291, -85.499956 31.620267, -85.509201 31.619904, -85.512617 31.619769, -85.518729 31.619535, -85.519868 31.619496, -85.5283035 31.619219, -85.536183 31.618957, -85.538939 31.618866, -85.548812 31.618471, -85.551439 31.618366, -85.557821 31.618176, -85.563107 31.618019, -85.5631585 31.618017, -85.563191 31.618016, -85.563293 31.618013, -85.563463 31.618008, -85.568146 31.617866, -85.581511 31.617634, -85.585439 31.617565, -85.58878 31.617585, -85.595059 31.617622, -85.595146 31.617623, -85.602139 31.617665, -85.605099 31.617683, -85.605144 31.617683, -85.606687 31.617691, -85.606804 31.617692, -85.606979 31.617693, -85.607034 31.617693, -85.607076 31.617693, -85.607341 31.617694, -85.616096 31.617746, -85.619338 31.61776, -85.621923 31.617738, -85.623926 31.617724, -85.623976 31.617724, -85.624088 31.617723, -85.624886 31.617717, -85.627912 31.617723, -85.6364902 31.617747, -85.646384 31.617776, -85.649305 31.617784, -85.651275 31.61779, -85.651391 31.61779, -85.651841 31.617791, -85.661869 31.61782, -85.67267 31.61785, -85.680097 31.617871, -85.69097 31.617901, -85.693785 31.617933, -85.696318 31.617963, -85.704923 31.618066, -85.709462 31.618121, -85.712897 31.618115, -85.712954 31.618115, -85.71311 31.618115, -85.725857 31.618093, -85.725962 31.618091, -85.726143 31.618086, -85.726448 31.618079, -85.726506 31.618078, -85.728674 31.618054, -85.729617 31.618051, -85.729739 31.618056, -85.729872 31.618061, -85.730123 31.618102, -85.7302785 31.6181475, -85.730376 31.618189, -85.73044 31.618216, -85.730475 31.618236, -85.730759 31.618217, -85.733354 31.61818, -85.745074 31.618055, -85.74704 31.618061, -85.7481 31.61806, -85.748251 31.618048, -85.748433 31.618324, -85.748273 31.618782, -85.748087 31.61909, -85.748032 31.619181, -85.74766 31.61917, -85.747359 31.619208, -85.746944 31.619062, -85.746434 31.6192, -85.746142 31.619215, -85.746077 31.619218, -85.745783 31.619127, -85.74573 31.619036, -85.745649 31.618898, -85.745435 31.618898, -85.745285 31.619041, -85.745194 31.619127, -85.744844 31.619257, -85.744765 31.619287, -85.744739 31.619332, -85.744418 31.619883, -85.744257 31.620456, -85.743374 31.621052, -85.742973 31.621236, -85.742651 31.621259, -85.742142 31.62103, -85.742107 31.620997, -85.741875 31.620778, -85.741848 31.62048, -85.742195 31.619999, -85.742302 31.619311, -85.741945 31.61937, -85.741869 31.619382, -85.74174 31.619403, -85.741712 31.619421, -85.741419 31.61961, -85.741236 31.619804, -85.740907 31.620153, -85.74075 31.62032, -85.740884 31.620824, -85.741071 31.620962, -85.741071 31.621237, -85.740777 31.621443, -85.740054 31.621672, -85.739813 31.62181, -85.73968 31.622039, -85.73968 31.622291, -85.740162 31.622864, -85.740189 31.623093, -85.739921 31.623322, -85.739647 31.623358, -85.739603 31.623364, -85.738529 31.623506, -85.737602 31.623518, -85.736932 31.623691, -85.736855 31.623718, -85.736778 31.623758, -85.736211 31.62406, -85.735732 31.624493, -85.735478 31.625088, -85.734744 31.626155, -85.733848 31.627226, -85.7335 31.62741, -85.73252 31.628354, -85.731172 31.62994, -85.730857 31.630583, -85.730786 31.631076, -85.730757 31.631268, -85.730494 31.631682, -85.730122 31.631982, -85.729832 31.632373, -85.729807 31.632578, -85.729836 31.63276, -85.73002 31.632872, -85.730131 31.63294, -85.730712 31.63292, -85.730958 31.632911, -85.731145 31.633069, -85.731147 31.633226, -85.731148 31.63332, -85.730458 31.633874, -85.730463 31.634321, -85.730552 31.634435, -85.730894 31.634838, -85.730919 31.635076, -85.730955 31.635533, -85.73069 31.635896, -85.730359 31.636116, -85.729815 31.636286, -85.729393 31.636625, -85.729259 31.636721, -85.728925 31.636783, -85.72847 31.637379, -85.728336 31.63786, -85.728444 31.638708, -85.728459 31.638731, -85.728589 31.638859, -85.728606 31.639006, -85.728512 31.639475, -85.727969 31.640151, -85.727953 31.640192, -85.727973 31.640392, -85.727881 31.640548, -85.727842 31.640604, -85.727869 31.640693, -85.727975 31.641082, -85.727939 31.641469, -85.727837 31.641588, -85.727642 31.641779, -85.727564 31.642164, -85.727376 31.642461, -85.727132 31.642849, -85.726999 31.642993, -85.727018 31.643172, -85.72702 31.643275, -85.727036 31.643395, -85.727033 31.643643, -85.727022 31.64382, -85.726993 31.643931, -85.726956 31.644052, -85.726358 31.644265, -85.725917 31.644624, -85.725795 31.644768, -85.726005 31.644929, -85.726036 31.645285, -85.72609 31.645651, -85.725876 31.645904, -85.725581 31.645972, -85.725341 31.645839, -85.725045 31.645675, -85.724777 31.645629, -85.724639 31.6458055, -85.724548 31.645795, -85.724568 31.646027, -85.724319 31.646498, -85.724266 31.646876, -85.72384 31.647174, -85.723095 31.647702, -85.722865 31.647613, -85.722797 31.647223, -85.72269 31.646848, -85.722567 31.646642, -85.72233 31.64668, -85.722179 31.646956, -85.722147 31.64723, -85.722105 31.647592, -85.722064 31.64788, -85.721869 31.648226, -85.721788 31.648279, -85.720447 31.649299, -85.720145 31.649617, -85.719904 31.65035, -85.719423 31.651084, -85.719144 31.651623, -85.718807 31.652275, -85.718031 31.653536, -85.716961 31.655071, -85.716987 31.655346, -85.717282 31.655759, -85.717187 31.656026, -85.717304 31.656194, -85.717276 31.656719, -85.716998 31.657578, -85.716612 31.65863, -85.716256 31.660175, -85.716146 31.660505, -85.716486 31.660929, -85.716894 31.660725, -85.717037 31.66059, -85.717107 31.660381, -85.717257 31.660272, -85.717605 31.660295, -85.717793 31.660547, -85.7179 31.661647, -85.718034 31.66206, -85.718007 31.662266, -85.71715 31.662976, -85.717151 31.663177, -85.717034 31.663375, -85.716948 31.663439, -85.716928 31.663551, -85.716965 31.663592, -85.717067 31.66365, -85.717779 31.663782, -85.718511 31.663816, -85.718829 31.664386, -85.718365 31.664605, -85.717404 31.664737, -85.716865 31.664963, -85.716635 31.665186, -85.717505 31.665384, -85.717742 31.665291, -85.717913 31.665188, -85.718142 31.665483, -85.71825 31.665657, -85.718223 31.665978, -85.718035 31.666138, -85.717607 31.666276, -85.717607 31.666551, -85.71825 31.666688, -85.718384 31.666917, -85.718357 31.667238, -85.718063 31.66765, -85.717554 31.667788, -85.717206 31.667788, -85.716393 31.667677, -85.716242 31.667699, -85.715939 31.667856, -85.715906 31.668184, -85.71584 31.6686, -85.715754 31.669115, -85.715946 31.669346, -85.716009 31.669372, -85.716258 31.669964, -85.71592 31.670103, -85.715947 31.670492, -85.716296 31.670904, -85.71643 31.671247, -85.716457 31.671934, -85.71635 31.672026, -85.716296 31.672645, -85.716367 31.67318, -85.716444 31.673668, -85.716684 31.673904, -85.717236 31.674104, -85.717515 31.674353, -85.717593 31.674543, -85.717477 31.674949, -85.717396 31.67498, -85.717158 31.675102, -85.716882 31.675464, -85.716893 31.67572, -85.717057 31.675694, -85.717197 31.675736, -85.717311 31.675649, -85.717452 31.675659, -85.717479 31.675716, -85.717612 31.676146, -85.717075 31.67676, -85.716801 31.676861, -85.716701 31.67715, -85.716962 31.677315, -85.717305 31.67753, -85.717208 31.677706, -85.716678 31.677949, -85.716371 31.678016, -85.716271 31.678167, -85.716298 31.67835, -85.716566 31.678511, -85.717155 31.678717, -85.717423 31.678946, -85.717638 31.679289, -85.717611 31.679816, -85.717343 31.680229, -85.717343 31.680618, -85.717424 31.68071, -85.717424 31.681008, -85.716485 31.681901, -85.716232 31.682875, -85.716264 31.683174, -85.716838 31.683158, -85.717292 31.682963, -85.717731 31.683147, -85.717452 31.683482, -85.716705 31.683745, -85.716437 31.684008, -85.716311 31.684216, -85.716701 31.684464, -85.717344 31.684247, -85.717461 31.684172, -85.717639 31.684147, -85.717773 31.684261, -85.717773 31.684628, -85.716943 31.686095, -85.716863 31.68637, -85.716943 31.686805, -85.716917 31.687263, -85.716676 31.687561, -85.716006 31.687699, -85.716006 31.687997, -85.716167 31.68834, -85.716474 31.688565, -85.716542 31.688615, -85.716801 31.688427, -85.716801 31.68811, -85.716927 31.688109, -85.71709 31.688326, -85.717283 31.688481, -85.717497 31.688784, -85.717544 31.689202, -85.717475 31.689838, -85.717375 31.690082, -85.717383 31.690818, -85.717923 31.69111, -85.717931 31.691202, -85.717955 31.691556, -85.71819 31.691755, -85.718764 31.691995, -85.718849 31.691982, -85.718911 31.692178, -85.719651 31.692556, -85.719785 31.69212, -85.719937 31.692023, -85.72022 31.692055, -85.720502 31.692539, -85.720642 31.693063, -85.720425 31.693361, -85.720199 31.693393, -85.720016 31.693219, -85.719866 31.693174, -85.719813 31.693256, -85.71972 31.693378, -85.71922 31.6938, -85.71922 31.694252, -85.719741 31.694809, -85.719845 31.695388, -85.719072 31.695416, -85.718946 31.695431, -85.718661 31.695466, -85.718634 31.695718, -85.718875 31.69597, -85.718715 31.696474, -85.718179 31.697276, -85.717911 31.698032, -85.71759 31.698193, -85.717394 31.698193, -85.717155 31.69838, -85.717079 31.698427, -85.716986 31.698394, -85.716494 31.698064, -85.716308 31.697948, -85.716023 31.698081, -85.715953 31.698355, -85.71603 31.698727, -85.715876 31.698935, -85.715678 31.698996, -85.715527 31.699018, -85.715367 31.698499, -85.715355 31.698128, -85.715291 31.698022, -85.715168 31.698052, -85.715044 31.698285, -85.714776 31.698491, -85.714428 31.698537, -85.713704 31.697896, -85.713356 31.697896, -85.713222 31.697987, -85.712766 31.699614, -85.712981 31.699912, -85.712927 31.700095, -85.712726 31.700241, -85.712669 31.700283, -85.712351 31.700554, -85.712231 31.70076, -85.712284 31.701058, -85.712418 31.701195, -85.712954 31.701401, -85.713008 31.701837, -85.712545 31.702156, -85.712518 31.702175, -85.712404 31.702259, -85.712573 31.702285, -85.712666 31.702351, -85.712049 31.702641, -85.711671 31.702789, -85.711514 31.703118, -85.711643 31.703273, -85.711829 31.703405, -85.711921 31.703501, -85.71199 31.703578, -85.71199 31.703919, -85.711606 31.704049, -85.710078 31.703821, -85.709653 31.703941, -85.709363 31.704244, -85.70931 31.704299, -85.708935 31.705595, -85.708942 31.705785, -85.708962 31.706328, -85.708802 31.706512, -85.708534 31.706695, -85.706926 31.706695, -85.706577 31.70681, -85.706122 31.707245, -85.705747 31.708322, -85.70572 31.708803, -85.705747 31.709216, -85.70629 31.709663, -85.70623 31.709959, -85.706514 31.709866, -85.707235 31.710046, -85.707368 31.710484, -85.707991 31.710841, -85.708724 31.711368, -85.708899 31.711596, -85.708963 31.711702, -85.708307 31.712113, -85.708163 31.712248, -85.70829 31.712484, -85.708626 31.712634, -85.708517 31.712947, -85.70845 31.712995, -85.707954 31.712874, -85.707725 31.713089, -85.707388 31.713504, -85.707169 31.713523, -85.707143 31.713663, -85.707093 31.713932, -85.707064 31.714092, -85.707033 31.714138, -85.706731 31.714591, -85.706732 31.714634, -85.706741 31.714961, -85.707111 31.715322, -85.707014 31.71565, -85.707053 31.715953, -85.707358 31.716104, -85.707284 31.716317, -85.706982 31.716536, -85.706792 31.716582, -85.706727 31.716626, -85.706214 31.717103, -85.706107 31.717271, -85.706027 31.717545, -85.706414 31.717437, -85.706401 31.717655, -85.707153 31.71765, -85.70771 31.718029, -85.707188 31.718296, -85.706741 31.718112, -85.70625 31.718218, -85.705609 31.718273, -85.705047 31.718427, -85.705749 31.718748, -85.707572 31.719206, -85.708108 31.719687, -85.708055 31.719893, -85.707733 31.720008, -85.707363 31.720043, -85.706566 31.71995, -85.705936 31.719786, -85.705741 31.719959, -85.70567 31.720382, -85.706002 31.720895, -85.70643 31.721342, -85.70641 31.721543, -85.706124 31.721742, -85.705633 31.721919, -85.705413 31.722353, -85.705349 31.722056, -85.705104 31.721786, -85.704719 31.721497, -85.704517 31.721566, -85.704544 31.722001, -85.704704 31.722368, -85.704597 31.722528, -85.704571 31.722895, -85.704731 31.722964, -85.705294 31.722872, -85.705482 31.723032, -85.705428 31.723193, -85.705241 31.723353, -85.704015 31.723765, -85.703311 31.724173, -85.703298 31.724279, -85.703418 31.724362, -85.703874 31.724293, -85.704303 31.724132, -85.704517 31.724155, -85.704651 31.724384, -85.70441 31.724727, -85.70441 31.725025, -85.704732 31.725323, -85.70528 31.725383, -85.705563 31.725414, -85.706099 31.725666, -85.706179 31.725941, -85.706099 31.726102, -85.704517 31.726491, -85.704249 31.726698, -85.704249 31.72695, -85.704464 31.727041, -85.70474 31.727066667, -85.70492 31.727087, -85.704839 31.727293, -85.704598 31.727522, -85.704598 31.727797, -85.7048345 31.727801, -85.704947 31.727842, -85.70491 31.72792, -85.704937 31.728007, -85.705009 31.727984, -85.705129 31.727961, -85.705515 31.727909, -85.705512 31.728106, -85.705475 31.728144, -85.705181 31.728245, -85.704995 31.728479, -85.705001 31.728818, -85.705016 31.729077, -85.705115 31.729274, -85.705011 31.72951, -85.704732 31.72963, -85.704743 31.729906, -85.704646 31.730277, -85.704543 31.730438, -85.704495 31.730463, -85.70442 31.730406, -85.704262 31.730362, -85.704169 31.730341, -85.704108 31.730344, -85.703767 31.730364, -85.70366 31.730455, -85.703714 31.730662, -85.705108 31.731715, -85.705081 31.732059, -85.704947 31.732151, -85.704707 31.732034, -85.704485 31.732004, -85.704137 31.732023, -85.703459 31.732627, -85.702971 31.733047, -85.702645 31.733438, -85.702981 31.733564, -85.703267 31.733358, -85.703872 31.733149, -85.704049 31.733774, -85.703749 31.734253, -85.703071 31.734793, -85.703002 31.734993, -85.703099 31.735318, -85.702948 31.735856, -85.702833 31.735976, -85.702773 31.736169, -85.702928 31.736445, -85.703542 31.736317, -85.70399 31.736469, -85.70415 31.737004, -85.703932 31.737106, -85.703465 31.736913, -85.702547 31.737263, -85.702324 31.737355, -85.702073 31.737458, -85.701751 31.737583, -85.701774 31.737882, -85.701963 31.738304, -85.702168 31.738452, -85.702221 31.738639, -85.70216 31.738796, -85.702413 31.739095, -85.702439 31.739677, -85.702015 31.739953, -85.701286 31.741031, -85.70123 31.741099, -85.701122 31.741197, -85.700619 31.741901, -85.700653 31.74212, -85.700723 31.742387, -85.700597 31.742611, -85.700292 31.742841, -85.69982 31.742923, -85.699663 31.742767, -85.699398 31.74286, -85.699311 31.743004, -85.699372 31.743247, -85.699464 31.743345, -85.699241 31.743722, -85.699171 31.74393, -85.69915 31.744092, -85.699429 31.744249, -85.699601 31.744583, -85.699374 31.7447, -85.699307 31.744732, -85.69885 31.744515, -85.698614 31.744092, -85.698217 31.744191, -85.69811 31.744367, -85.697983 31.744615, -85.697744 31.744854, -85.697436 31.744704, -85.697306 31.744614, -85.69705 31.744763, -85.696668 31.745072, -85.696522 31.745353, -85.697018 31.745481, -85.697424 31.74539, -85.697583 31.745449, -85.697562 31.745546, -85.697013 31.745756, -85.696951 31.746053, -85.696414 31.746594, -85.695995 31.747396, -85.695602 31.747834, -85.694485 31.748189, -85.693456 31.747923, -85.692837 31.748318, -85.692634 31.748137, -85.692425 31.748207, -85.69231 31.748843, -85.692646 31.749009, -85.692663 31.74909, -85.692152 31.74926, -85.691706 31.749464, -85.69149 31.749774, -85.691626 31.750162, -85.691626 31.750251, -85.691626 31.750279, -85.691566 31.75022, -85.691231 31.75037, -85.691073 31.750402, -85.690922 31.750231, -85.690861 31.750162, -85.690727 31.749981, -85.690416 31.74998, -85.690352 31.750162, -85.690333 31.750217, -85.690233 31.750497, -85.690206 31.750836, -85.690125 31.750928, -85.689401 31.75118, -85.688919 31.751684, -85.688932 31.751817, -85.688946 31.751959, -85.689509 31.752303, -85.689509 31.752479, -85.689509 31.752601, -85.689321 31.752692, -85.68849 31.75228, -85.688392 31.752252, -85.687927 31.75212, -85.687823 31.752155, -85.68739 31.752303, -85.687069 31.752509, -85.687042 31.753036, -85.687229 31.75354, -85.687256 31.754113, -85.687122 31.754273, -85.686854 31.754273, -85.68664 31.753701, -85.686532 31.753609, -85.685701 31.753838, -85.685273 31.753632, -85.685073 31.7535435, -85.684789 31.753632, -85.684808 31.753934, -85.684857 31.75405, -85.68499 31.754119, -85.685106 31.754259, -85.685089 31.754522, -85.684862 31.754668, -85.684723 31.754686, -85.68436 31.754754, -85.68436 31.754974, -85.684481 31.755108, -85.684595 31.755272, -85.68451 31.755527, -85.684234 31.755565, -85.684079 31.75551, -85.683916 31.755347, -85.683447 31.755485, -85.683418 31.755487, -85.682591 31.755465, -85.682566 31.755483, -85.682162 31.755785, -85.682054 31.756015, -85.682034 31.756653, -85.682029 31.756819, -85.682027 31.756885, -85.68192 31.756977, -85.6817275 31.7569745, -85.681572 31.756885, -85.68133 31.756312, -85.681062 31.756037, -85.680767 31.755946, -85.680548 31.755976, -85.679944 31.75606, -85.679917 31.756064, -85.679614 31.756106, -85.678515 31.756496, -85.678515 31.756816, -85.679185 31.757091, -85.679426 31.757275, -85.679403 31.757345, -85.679393 31.757374, -85.679373 31.757435, -85.679185 31.757572, -85.677281 31.757572, -85.677246 31.757602, -85.67712 31.75771, -85.67712 31.757847, -85.677166 31.757882, -85.677388 31.758054, -85.677729 31.758054, -85.678059 31.758054, -85.678488 31.757962, -85.678658 31.758054, -85.678783 31.758122, -85.678783 31.758283, -85.678461 31.758604, -85.677817 31.758924, -85.677549 31.758924, -85.677342 31.758802, -85.67712 31.758672, -85.676557 31.758741, -85.676021 31.758993, -85.675852 31.75918, -85.6757475 31.7593005, -85.675495 31.759841, -85.675377 31.760093, -85.675109 31.760093, -85.675109 31.759498, -85.675109 31.759336, -85.675377 31.758947, -85.67535 31.758512, -85.675243 31.758374, -85.675002 31.758305, -85.674573 31.758443, -85.674224 31.758672, -85.674117 31.758626, -85.674004 31.758723, -85.673607 31.759061, -85.673446 31.759451, -85.672053 31.760339, -85.671794 31.760504, -85.671757 31.760527, -85.671247 31.76094, -85.671059 31.762498, -85.670764 31.763094, -85.67012 31.76385, -85.669718 31.764056, -85.669504 31.764239, -85.669262 31.764445, -85.668943 31.765029, -85.668699 31.765476, -85.668633 31.765662, -85.668618 31.765705, -85.668891 31.766105, -85.668905 31.766255, -85.668868 31.766342, -85.668769 31.766574, -85.66875 31.766806, -85.668566 31.766891, -85.668089 31.768214, -85.667713 31.768898, -85.667171 31.770174, -85.667279 31.771003, -85.667427 31.771179, -85.667491 31.771273, -85.667754 31.771498, -85.667946 31.771662, -85.66792 31.771846, -85.667759 31.77196, -85.667581 31.77196, -85.667464 31.77196, -85.667169 31.771754, -85.666902 31.771845, -85.666766 31.771891, -85.666245 31.772442, -85.666227 31.772462, -85.666203 31.772487, -85.66623 31.772877, -85.667141 31.773564, -85.667651 31.774068, -85.668098 31.774452, -85.668332 31.774786, -85.668118 31.775182, -85.667709 31.775602, -85.667077 31.776041, -85.66703 31.77628, -85.667045 31.776402, -85.667115 31.77675, -85.66669 31.7774, -85.66673 31.777596, -85.666837 31.777641, -85.667248 31.777916, -85.667248 31.778059, -85.667248 31.778146, -85.666389 31.778718, -85.666389 31.778833, -85.666564 31.77894, -85.666843 31.77911, -85.666952 31.779177, -85.667033 31.779314, -85.666979 31.779841, -85.666791 31.78007, -85.666443 31.78007, -85.666228 31.779887, -85.6660295 31.7794095, -85.665692 31.779519, -85.66545 31.779863, -85.664754 31.77968, -85.66446 31.779772, -85.664433 31.780069, -85.664621 31.780321, -85.665424 31.780755, -85.665639 31.781213, -85.665639 31.781419, -85.665129 31.781785, -85.664058 31.782266, -85.663629 31.782358, -85.663093 31.782746, -85.662692 31.783319, -85.662451 31.784555, -85.662478 31.78515, -85.662719 31.785653, -85.66363 31.785791, -85.663698 31.785832, -85.6637455 31.7858645, -85.663813 31.785912, -85.663846 31.78611, -85.664572 31.786119, -85.665654 31.786237, -85.666001 31.786377, -85.665898 31.786446, -85.66579 31.786523, -85.665696 31.78674, -85.66576 31.787505, -85.665705 31.787618, -85.664908 31.78808, -85.664912 31.78825, -85.665877 31.788021, -85.66607 31.788169, -85.666146 31.788227, -85.666333 31.788548, -85.666387 31.788891, -85.666568 31.789068, -85.666677 31.78913, -85.667004 31.789304, -85.66695 31.789602, -85.666762 31.789877, -85.666413 31.789991, -85.666465 31.7902785, -85.666789 31.790702, -85.667147 31.790641, -85.667862 31.790518, -85.667942 31.790561, -85.668076 31.790633, -85.667969 31.790816, -85.667147 31.791135, -85.666789 31.791274, -85.66644 31.791458, -85.666467 31.791664, -85.666557 31.791732, -85.666708 31.791847, -85.667191 31.79187, -85.667261 31.791897, -85.667486 31.791985, -85.667486 31.792237, -85.666913 31.792787, -85.666842 31.792855, -85.666895 31.793222, -85.667056 31.793428, -85.66762 31.79336, -85.667969 31.793108, -85.668145 31.79286, -85.668505 31.792352, -85.668881 31.7921, -85.669095 31.792168, -85.669122 31.792558, -85.66872 31.793016, -85.668639 31.793291, -85.668666 31.793726, -85.668585 31.793887, -85.668076 31.794162, -85.66806 31.794387, -85.668049 31.794551, -85.668397 31.794895, -85.668907 31.795055, -85.669363 31.79501, -85.669495 31.794747, -85.669685 31.794368, -85.669963 31.7943265, -85.670195 31.794437, -85.670436 31.794826, -85.670469 31.794861, -85.670543 31.794941, -85.670946 31.795376, -85.67116 31.795858, -85.67116 31.79627, -85.671053 31.79643, -85.670624 31.796636, -85.670623 31.796843, -85.670784 31.796957, -85.67124 31.797026, -85.671291 31.797061, -85.671375 31.797118, -85.671391 31.797213, -85.671401 31.797278, -85.671401 31.797943, -85.671267 31.798195, -85.671267 31.798722, -85.671347 31.798859, -85.671294 31.799249, -85.670569 31.799569, -85.670618 31.799861, -85.670623 31.79989, -85.67099 31.800159, -85.670998 31.800532, -85.670918 31.80083, -85.670998 31.801173, -85.671473 31.801579, -85.671482 31.801618, -85.671492 31.801878, -85.671508 31.802319, -85.671732 31.802633, -85.671893 31.80286, -85.672421 31.803602, -85.672394 31.804908, -85.672662 31.805367, -85.672796 31.805596, -85.673091 31.805733, -85.673244 31.805884, -85.673976 31.806603, -85.674137 31.806992, -85.674137 31.808138, -85.674003 31.808367, -85.67352 31.808711, -85.673439 31.808848, -85.672661 31.809054, -85.672789 31.809557, -85.672795 31.809581, -85.672917 31.809767, -85.673171 31.810154, -85.673358 31.810727, -85.673385 31.811346, -85.673427 31.811377, -85.673744 31.811618, -85.673868 31.811712, -85.673814 31.812308, -85.673168 31.812436, -85.673009 31.812468, -85.673009 31.812595, -85.673009 31.813454, -85.67309 31.81366, -85.673089 31.814668, -85.672875 31.814943, -85.672444 31.81506, -85.672282 31.815107, -85.672048 31.815509, -85.672206 31.816387, -85.672157 31.816445, -85.671757 31.816849, -85.6716685 31.8170695, -85.671694 31.817486, -85.671774 31.817578, -85.671814 31.817868, -85.671908 31.81854, -85.671982 31.818641, -85.672042 31.818723, -85.672364 31.818609, -85.67274 31.818311, -85.67286 31.81834, -85.673115 31.818403, -85.673197 31.818533, -85.673491 31.818998, -85.673759 31.819228, -85.673978 31.819334, -85.674511 31.819594, -85.674618 31.819732, -85.674591 31.819961, -85.674296 31.820167, -85.673518 31.820075, -85.673384 31.820167, -85.673437 31.820465, -85.67384 31.820717, -85.673839 31.820929, -85.673839 31.821106, -85.673819 31.821143, -85.672927 31.822802, -85.672766 31.823398, -85.672524 31.823856, -85.672489 31.82387, -85.6718 31.824153, -85.671746 31.82421, -85.671558 31.824405, -85.671612 31.824978, -85.67196 31.825276, -85.671987 31.825712, -85.67137 31.826674, -85.671281 31.827097, -85.671235 31.827315, -85.671236 31.827339, -85.671262 31.827819, -85.671557 31.828346, -85.671557 31.828667, -85.671444 31.828782, -85.671221 31.829008, -85.670859 31.829377, -85.670761 31.830744, -85.670752 31.830867, -85.670644 31.831256, -85.670401 31.831425, -85.670054 31.831668, -85.669812 31.832654, -85.669168 31.83302, -85.669221 31.833249, -85.669731 31.833364, -85.669737 31.833424, -85.66975 31.833554, -85.669758 31.833639, -85.669221 31.83428, -85.668309 31.834486, -85.668309 31.834761, -85.668523 31.834876, -85.669033 31.834899, -85.669248 31.835036, -85.669355 31.835266, -85.66914 31.836411, -85.669248 31.836526, -85.66958 31.836492, -85.669686 31.836481, -85.669918 31.836457, -85.67016 31.836618, -85.670131 31.836704, -85.670053 31.836938, -85.669569 31.83719, -85.66958 31.837339, -85.669596 31.837557, -85.669999 31.838061, -85.670106 31.838336, -85.669945 31.839366, -85.669757 31.83987, -85.669686 31.83993, -85.669649 31.839962, -85.669676 31.84026, -85.669783 31.840351, -85.670347 31.840397, -85.670562 31.840558, -85.670911 31.840489, -85.67138 31.840241, -85.671474 31.840191, -85.671716 31.840214, -85.671904 31.84042, -85.672011 31.841085, -85.671844 31.84139, -85.671823 31.841428, -85.671581 31.84152, -85.670884 31.841612, -85.670776 31.841703, -85.670776 31.84175, -85.670776 31.841841, -85.672064 31.842895, -85.672413 31.843353, -85.67244 31.843651, -85.67252 31.843697, -85.672386 31.845576, -85.67252 31.845896, -85.672835 31.8458745, -85.673117 31.845659, -85.673164 31.845622, -85.673379 31.845644, -85.673567 31.845805, -85.673298 31.846401, -85.673218 31.846905, -85.673271 31.847111, -85.673432 31.847248, -85.674103 31.847409, -85.674237 31.847648, -85.674237 31.847773, -85.674212 31.848036, -85.67452 31.848352, -85.675259 31.848574, -85.675548 31.848614, -85.675661 31.84874, -85.676504 31.848867, -85.676812 31.849182, -85.676811 31.849584, -85.676771 31.849613, -85.676384 31.849861, -85.675821 31.850021, -85.675809 31.850121, -85.675767 31.850456, -85.676438 31.851327, -85.677055 31.851877, -85.677672 31.852244, -85.67786 31.852908, -85.677753 31.853183, -85.677514 31.853314, -85.677001 31.853596, -85.676706 31.853825, -85.676713 31.853978, -85.6767315 31.8544105, -85.676985 31.854677, -85.677162 31.854856, -85.677833 31.85465, -85.678048 31.854741, -85.678155 31.854925, -85.678128 31.856001, -85.677932 31.856099, -85.677806 31.856162, -85.677645 31.856345, -85.677631 31.856459, -85.677591 31.85678, -85.677479 31.856828, -85.677323 31.856895, -85.67692 31.856918, -85.676061 31.856482, -85.675739 31.856574, -85.675677 31.856659, -85.675605 31.856741, -85.67558 31.857093, -85.675829 31.857338, -85.676279 31.857494, -85.676283 31.857806, -85.676249 31.857926, -85.676007 31.857903, -85.675309 31.857559, -85.675255 31.85757, -85.67488 31.857651, -85.674692 31.85804, -85.67547 31.858613, -85.67547 31.859026, -85.675202 31.859346, -85.675202 31.859575, -85.675443 31.859827, -85.675497 31.860102, -85.675336 31.860332, -85.67496 31.860377, -85.674943 31.860359, -85.674665 31.860056, -85.674396 31.859575, -85.67402 31.859369, -85.673765 31.859432, -85.673645 31.859461, -85.673403 31.859758, -85.673416 31.859918, -85.67343 31.860079, -85.673559 31.860132, -85.673993 31.860308, -85.674154 31.860538, -85.674047 31.860835, -85.674028 31.860851, -85.673929 31.860935, -85.673322 31.861454, -85.672866 31.861729, -85.67147 31.862004, -85.671429 31.862197, -85.671416 31.862256, -85.671845 31.862485, -85.671926 31.862645, -85.671818 31.862874, -85.671544 31.863108, -85.671523 31.863126, -85.670852 31.863218, -85.670852 31.863333, -85.670852 31.86363, -85.670718 31.863882, -85.670639 31.86394, -85.670555 31.864003, -85.670073 31.864363, -85.670073 31.864501, -85.670664 31.864776, -85.670637 31.864959, -85.670476 31.865051, -85.670303 31.86504, -85.6701 31.865028, -85.669885 31.864844, -85.669509 31.864821, -85.669429 31.864936, -85.669534 31.86507, -85.66959 31.865142, -85.669455 31.865463, -85.669093 31.865454, -85.668543 31.86544, -85.668486 31.86552, -85.668456 31.865542, -85.668533 31.866066, -85.668582 31.866138, -85.668714 31.866585, -85.668854 31.866735, -85.668838 31.867158, -85.667975 31.867212, -85.667737 31.867227, -85.667441 31.867387, -85.667361 31.867525, -85.667361 31.86796, -85.666958 31.868487, -85.666931 31.868693, -85.667253 31.868922, -85.667334 31.86922, -85.666931 31.869999, -85.666687 31.870016, -85.666609 31.870022, -85.666018 31.869816, -85.665159 31.869861, -85.664246 31.870228, -85.663628 31.870663, -85.663636 31.870883, -85.663655 31.871396, -85.664272 31.871968, -85.664514 31.872312, -85.664487 31.872472, -85.664044 31.872802, -85.663909 31.872903, -85.663842 31.872953, -85.663744 31.873188, -85.663708 31.873274, -85.663783 31.873519, -85.663842 31.873709, -85.664137 31.874168, -85.664084 31.874328, -85.663708 31.874377, -85.663024 31.874461, -85.662695 31.874742, -85.662613 31.874846, -85.6626845 31.8751755, -85.66271 31.875275, -85.662347 31.875363, -85.662015 31.875358, -85.661536 31.875653, -85.660837 31.876289, -85.660637 31.876365, -85.660391 31.876458, -85.660112 31.876564, -85.659065 31.877434, -85.659089 31.877758, -85.659092 31.877801, -85.659468 31.878191, -85.659604 31.878437, -85.659709 31.878626, -85.659709 31.878924, -85.659575 31.879107, -85.658474 31.879519, -85.657944 31.880016, -85.657668 31.880275, -85.657328 31.880958, -85.657292 31.881031, -85.656996 31.881306, -85.656798 31.881366, -85.656244 31.881535, -85.656218 31.881567, -85.656056 31.881764, -85.656003 31.88197, -85.65615 31.882293, -85.656543 31.883157, -85.656615 31.883315, -85.656754 31.88362, -85.656793 31.883783, -85.656915 31.884285, -85.656919 31.884383, -85.656934 31.884758, -85.656941 31.884949, -85.656856 31.885152, -85.656807 31.88527, -85.656446 31.885658, -85.656189 31.885934, -85.656044 31.886224, -85.656028 31.886255, -85.656082 31.886438, -85.656672 31.887286, -85.65686 31.887905, -85.657128 31.888134, -85.657303 31.888204, -85.657531 31.888294, -85.657773 31.888501, -85.657907 31.888776, -85.65788 31.888913, -85.657692 31.888913, -85.657611 31.889096, -85.657344 31.889275, -85.656847 31.889607, -85.656692 31.88971, -85.656376 31.889921, -85.656376 31.890162, -85.656376 31.890219, -85.656442 31.890258, -85.656993 31.890585, -85.656999 31.89061, -85.657047 31.890815, -85.656912 31.891067, -85.65608 31.891433, -85.656016 31.891801, -85.655892 31.89251, -85.655688 31.892696, -85.655489 31.892876, -85.654951 31.893128, -85.654744 31.893425, -85.654334 31.894013, -85.653769 31.894823, -85.653744 31.894979, -85.653688 31.895327, -85.653769 31.895808, -85.653664 31.895958, -85.653608 31.896038, -85.653232 31.896037, -85.652748 31.895877, -85.65248 31.8959, -85.652547 31.89626, -85.652748 31.897343, -85.652506 31.898603, -85.652461 31.898741, -85.652444 31.898794, -85.652075 31.899932, -85.651887 31.90023, -85.651699 31.900344, -85.651111 31.900025, -85.650813 31.899863, -85.65077 31.899876, -85.650518 31.899955, -85.650195 31.900252, -85.650088 31.900825, -85.649738 31.901306, -85.649872 31.901742, -85.649711 31.902108, -85.64964 31.902142, -85.64904 31.902429, -85.648791 31.902853, -85.648771 31.902887, -85.648771 31.903104, -85.648771 31.903412, -85.648771 31.903597, -85.64877 31.903849, -85.648931 31.904147, -85.648824 31.904628, -85.648841 31.904861, -85.648851 31.904995, -85.648893 31.905055, -85.649092 31.905339, -85.649092 31.905728, -85.648874 31.906038, -85.64885 31.906072, -85.648831 31.906345, -85.648823 31.906461, -85.649011 31.906736, -85.649011 31.907583, -85.649075 31.907703, -85.649145 31.907835, -85.649118 31.908156, -85.648957 31.908293, -85.648944 31.908335, -85.648795 31.90882, -85.648795 31.908906, -85.648795 31.909308, -85.648795 31.909439, -85.64909 31.909828, -85.649171 31.910149, -85.64908 31.910442, -85.649044 31.910558, -85.648929 31.910928, -85.648767 31.911615, -85.648391 31.911867, -85.647531 31.912004, -85.646887 31.912302, -85.646 31.912508, -85.645678 31.912783, -85.645563 31.912957, -85.645436 31.913149, -85.645194 31.913607, -85.644979 31.914409, -85.644823 31.914598, -85.644673 31.914781, -85.644602 31.914867, -85.643152 31.915577, -85.642687 31.915853, -85.641501 31.916557, -85.641378 31.91663, -85.640787 31.916768, -85.640411 31.917386, -85.640222 31.91828, -85.640356 31.919311, -85.640651 31.919929, -85.640678 31.920204, -85.640866 31.920502, -85.640946 31.921029, -85.640785 31.921419, -85.640167 31.922037, -85.639936 31.922561, -85.639844 31.92277, -85.639521 31.923114, -85.63917 31.923206, -85.638823 31.923297, -85.636969 31.923617, -85.636784 31.923831, -85.636706 31.92392, -85.636512 31.924144, -85.636483 31.924292, -85.636458 31.924418, -85.636348 31.924517, -85.635034 31.925701, -85.634846 31.925747, -85.634692 31.926009, -85.634281 31.926709, -85.63412 31.926823, -85.634066 31.927075, -85.633663 31.927694, -85.633609 31.92806, -85.63342 31.928198, -85.632883 31.929114, -85.63221 31.930603, -85.631672 31.931634, -85.631565 31.931634, -85.631538 31.931954, -85.631271 31.932228, -85.630385 31.933137, -85.630086 31.933443, -85.628661 31.934542, -85.627774 31.935458, -85.62612 31.936885, -85.625819 31.937145, -85.625332 31.937565, -85.625163 31.9376, -85.624944 31.937646, -85.624915 31.937657, -85.624802 31.937699, -85.623861 31.938049, -85.623639 31.938257, -85.623324 31.938553, -85.622989 31.939207, -85.622761 31.939653, -85.622466 31.941348, -85.621387 31.943505, -85.620883 31.944511, -85.620844 31.944575, -85.620315 31.945447, -85.620282 31.945491, -85.619868 31.945959, -85.619809 31.946024, -85.619627 31.946095, -85.617165 31.947057, -85.617101 31.947082, -85.616639 31.947262, -85.615707 31.948, -85.615511 31.948155, -85.615144 31.948815, -85.615001 31.949072, -85.614853 31.949329, -85.614502 31.949937, -85.614142 31.950561, -85.61382 31.950814, -85.613572 31.950908, -85.613336 31.950997, -85.612772 31.951662, -85.612383 31.952536, -85.612011 31.953372, -85.611967 31.953472, -85.611322 31.954091, -85.611048 31.954282, -85.611027 31.954297, -85.610516 31.954481, -85.609361 31.954664, -85.609229 31.95481, -85.609173 31.954871, -85.608844 31.955693, -85.608797 31.95581, -85.607213 31.957941, -85.606461 31.958789, -85.606365 31.958856, -85.60587 31.959202, -85.605644 31.959469, -85.605521 31.959614, -85.604769 31.960852, -85.604742 31.961883, -85.604861 31.962122, -85.605038 31.962478, -85.605025 31.962566, -85.604958 31.963005, -85.604733 31.963283, -85.60442 31.96367, -85.604367 31.963968, -85.604421 31.964793, -85.604824 31.96548, -85.604851 31.965984, -85.604834 31.96603, -85.604663 31.966488, -85.604395 31.966786, -85.604126 31.967244, -85.603912 31.968505, -85.603912 31.96886, -85.603912 31.969169, -85.604074 31.969581, -85.604047 31.970246, -85.603725 31.970842, -85.603617 31.971277, -85.602554 31.972914, -85.602516 31.972973, -85.602328 31.973225, -85.601699 31.973431, -85.601629 31.973454, -85.600984 31.973958, -85.59948 31.975608, -85.598835 31.976044, -85.598356 31.976194, -85.597733 31.976388, -85.597276 31.97664, -85.596766 31.977098, -85.595288 31.979619, -85.5951 31.980077, -85.595047 31.981268, -85.594939 31.981635, -85.594754 31.981743, -85.594079 31.982139, -85.593865 31.982483, -85.593919 31.983239, -85.594214 31.983858, -85.594239 31.984362, -85.594241 31.984407, -85.594074 31.984555, -85.593148 31.985371, -85.592683 31.985781, -85.592647 31.985858, -85.592468 31.98624, -85.592447 31.986452, -85.592398 31.986956, -85.592387 31.987065, -85.592415 31.988027, -85.592684 31.988874, -85.592689 31.988937, -85.592712 31.989222, -85.592742 31.989606, -85.592765 31.989905, -85.59298 31.990387, -85.593062 31.990736, -85.593119 31.99098, -85.593141 31.991074, -85.593545 31.991761, -85.593567 31.992513, -85.593572 31.9927, -85.593061 31.993434, -85.592846 31.993915, -85.592551 31.994259, -85.591637 31.994557, -85.590807 31.995394, -85.590615 31.995588, -85.590293 31.995771, -85.590063 31.995855, -85.58954 31.996046, -85.588788 31.996344, -85.58782 31.997123, -85.587573 31.997304, -85.587344 31.997355, -85.581771 31.997109, -85.580544 31.997055, -85.580544 31.996955, -85.577301 31.997039, -85.573255 31.997143, -85.568317 31.997271, -85.55205 31.997692, -85.547467 31.997812, -85.539306 31.998022, -85.53814 31.998053, -85.534843 31.995156, -85.534843 31.995056, -85.530563 31.998764, -85.530343 31.998956, -85.529626 31.999537, -85.528621 31.999546, -85.528605 31.9995235, -85.528529 31.999453, -85.5284785 31.9994095, -85.528429 31.999385, -85.528336 31.99934, -85.5283015 31.999336, -85.528166 31.99932, -85.527751 31.999323, -85.527327 31.99931, -85.526067 31.999296, -85.525641 31.999318, -85.525214 31.999348, -85.52479 31.99937, -85.524371 31.999374, -85.523952 31.999365, -85.523532 31.999377, -85.523165 31.999412, -85.523114 31.999417, -85.523064 31.99942, -85.522687 31.999441, -85.522423 31.999448, -85.522205 31.999434, -85.51236 31.999694, -85.512499 32.000044, -85.5125165 32.000089, -85.512545 32.000163, -85.512134 32.003763, -85.512637 32.013931, -85.512643 32.014055, -85.508313 32.01419, -85.508246 32.014192, -85.507784 32.014207, -85.499943 32.014454, -85.481636 32.014268, -85.479438 32.014246, -85.470642 32.014156, -85.470966 32.019396, -85.471142 32.022255, -85.463042 32.022354, -85.462727 32.017317, -85.46254 32.014361, -85.4471525 32.014625, -85.447121 32.014625, -85.447063 32.014626, -85.446954 32.014628, -85.446663 32.014633, -85.446628 32.014634, -85.445861 32.014647, -85.441518 32.014722, -85.428476 32.014951, -85.428568 32.022671, -85.428649 32.025694, -85.428754 32.031109, -85.428807 32.034125, -85.428817 32.034692, -85.429263 32.039476, -85.429468 32.041666, -85.429819 32.045983, -85.4298515 32.0464055, -85.429976 32.047916, -85.429983 32.048001, -85.429986 32.048032, -85.429989 32.04807, -85.429997 32.048167, -85.430313 32.051962, -85.430241 32.059088, -85.430239 32.05913, -85.429959 32.067376, -85.429538 32.080837, -85.429335 32.08708, -85.429065 32.09237, -85.429061 32.092456, -85.429014 32.093417, -85.429005 32.093598, -85.429002 32.093663, -85.429 32.093706, -85.4289375 32.095001, -85.428915 32.095515, -85.428829 32.097312, -85.428767 32.098703, -85.428607 32.102297, -85.428289 32.108189, -85.428235 32.108922, -85.427686 32.118786, -85.427587 32.124363, -85.427591 32.125152, -85.427484 32.135303, -85.427477 32.135911, -85.427442 32.13935, -85.419092 32.139398, -85.414208 32.139426, -85.410042 32.139451, -85.410104 32.14172, -85.410241 32.146651, -85.392609 32.146966, -85.391885 32.146979, -85.391438 32.146987, -85.391022 32.146994, -85.388241 32.14705, -85.385472 32.147081, -85.375753 32.147191, -85.3756 32.147193, -85.375439 32.147195, -85.375301 32.147197, -85.375101 32.147199, -85.374887 32.147201, -85.3703 32.147194, -85.363391 32.147182, -85.363002 32.147182, -85.362615 32.147181, -85.355415 32.147171, -85.343921 32.147154, -85.343141 32.147153, -85.342541 32.147153, -85.34194 32.147152, -85.33837 32.147152, -85.33243 32.147152, -85.327207 32.147152, -85.318499 32.147254, -85.317739 32.14727, -85.307109 32.147452, -85.299964 32.147578, -85.290037 32.147751, -85.286533 32.147815, -85.273238 32.148052, -85.257747 32.148251, -85.257834 32.147931))
