{
  "boundary": "Measures repeated app summary phases with Python density/core conversion, but excludes full CLI JSON output and oracle work. Prepared mode reports run-only timing after one reusable Embree BVH prepare.",
  "cases": [
    {
      "copies": 512,
      "dbscan": {
        "one_shot": {
          "label": "one_shot_summary_plus_core_flags",
          "max_sec": 0.023827658000072915,
          "median_sec": 0.019640719999983958,
          "min_sec": 0.01759623800001009,
          "repeat_count": 3,
          "row_count": 4096,
          "samples_sec": [
            0.01759623800001009,
            0.023827658000072915,
            0.019640719999983958
          ]
        },
        "prepare_sec": 0.0063405780000493905,
        "prepared_run_only": {
          "label": "prepared_summary_plus_core_flags",
          "max_sec": 0.011738508999997066,
          "median_sec": 0.011324883000042973,
          "min_sec": 0.011297590000026503,
          "repeat_count": 3,
          "row_count": 4096,
          "samples_sec": [
            0.011324883000042973,
            0.011738508999997066,
            0.011297590000026503
          ]
        },
        "prepared_speedup_vs_one_shot": 1.7342978289408755
      },
      "dbscan_point_count": 4096,
      "outlier": {
        "one_shot": {
          "label": "one_shot_summary_plus_density",
          "max_sec": 0.024643375999971795,
          "median_sec": 0.017989317000001392,
          "min_sec": 0.017550167000081274,
          "repeat_count": 3,
          "row_count": 4096,
          "samples_sec": [
            0.017550167000081274,
            0.024643375999971795,
            0.017989317000001392
          ]
        },
        "prepare_sec": 0.006023493000043345,
        "prepared_run_only": {
          "label": "prepared_summary_plus_density",
          "max_sec": 0.013701076000074863,
          "median_sec": 0.012111524999909307,
          "min_sec": 0.011162343000023611,
          "repeat_count": 3,
          "row_count": 4096,
          "samples_sec": [
            0.011162343000023611,
            0.012111524999909307,
            0.013701076000074863
          ]
        },
        "prepared_speedup_vs_one_shot": 1.485305690252557
      },
      "outlier_point_count": 4096
    }
  ],
  "copies": [
    512
  ],
  "embree_threads": {
    "auto": true,
    "effective_threads": 8,
    "requested": "auto",
    "source": "api"
  },
  "embree_version": [
    4,
    3,
    0
  ],
  "goal": 718,
  "host": "lx1",
  "platform": "Linux-6.17.0-20-generic-x86_64-with-glibc2.39",
  "python": "3.12.3",
  "repeats": 3,
  "valid": true,
  "warmups": 1
}
