{
  "boundary": "Measures repeated app summary phases with Python density/core conversion, but excludes full CLI JSON output and oracle work. Prepared mode reports run-only timing after one reusable Embree BVH prepare.",
  "cases": [
    {
      "copies": 512,
      "dbscan": {
        "one_shot": {
          "label": "one_shot_summary_plus_core_flags",
          "max_sec": 0.02550727711059153,
          "median_sec": 0.02060309494845569,
          "min_sec": 0.020071449922397733,
          "repeat_count": 3,
          "row_count": 4096,
          "samples_sec": [
            0.02550727711059153,
            0.020071449922397733,
            0.02060309494845569
          ]
        },
        "prepare_sec": 0.005181038985028863,
        "prepared_run_only": {
          "label": "prepared_summary_plus_core_flags",
          "max_sec": 0.013954482041299343,
          "median_sec": 0.013865112094208598,
          "min_sec": 0.01369441393762827,
          "repeat_count": 3,
          "row_count": 4096,
          "samples_sec": [
            0.01369441393762827,
            0.013865112094208598,
            0.013954482041299343
          ]
        },
        "prepared_speedup_vs_one_shot": 1.4859667061084578
      },
      "dbscan_point_count": 4096,
      "outlier": {
        "one_shot": {
          "label": "one_shot_summary_plus_density",
          "max_sec": 0.025819442933425307,
          "median_sec": 0.020064501091837883,
          "min_sec": 0.01990005187690258,
          "repeat_count": 3,
          "row_count": 4096,
          "samples_sec": [
            0.01990005187690258,
            0.025819442933425307,
            0.020064501091837883
          ]
        },
        "prepare_sec": 0.005129029043018818,
        "prepared_run_only": {
          "label": "prepared_summary_plus_density",
          "max_sec": 0.013805393129587173,
          "median_sec": 0.013546674977988005,
          "min_sec": 0.013542554806917906,
          "repeat_count": 3,
          "row_count": 4096,
          "samples_sec": [
            0.013805393129587173,
            0.013546674977988005,
            0.013542554806917906
          ]
        },
        "prepared_speedup_vs_one_shot": 1.481138443525123
      },
      "outlier_point_count": 4096
    }
  ],
  "copies": [
    512
  ],
  "embree_threads": {
    "auto": true,
    "effective_threads": 112,
    "requested": "auto",
    "source": "api"
  },
  "embree_version": [
    4,
    3,
    0
  ],
  "goal": 718,
  "host": "ac96d0647e50",
  "platform": "Linux-6.8.0-110-generic-x86_64-with-glibc2.39",
  "python": "3.12.3",
  "repeats": 3,
  "valid": true,
  "warmups": 1
}
