{
  "boundary": "Measures repeated app summary phases with Python density/core conversion, but excludes full CLI JSON output and oracle work. Prepared mode reports run-only timing after one reusable Embree BVH prepare.",
  "cases": [
    {
      "copies": 512,
      "dbscan": {
        "one_shot": {
          "label": "one_shot_summary_plus_core_flags",
          "max_sec": 0.024155208142474294,
          "median_sec": 0.019986750092357397,
          "min_sec": 0.015436167130246758,
          "repeat_count": 3,
          "row_count": 4096,
          "samples_sec": [
            0.019986750092357397,
            0.024155208142474294,
            0.015436167130246758
          ]
        },
        "prepare_sec": 0.005782540887594223,
        "prepared_run_only": {
          "label": "prepared_summary_plus_core_flags",
          "max_sec": 0.01859062514267862,
          "median_sec": 0.015021959086880088,
          "min_sec": 0.014950624899938703,
          "repeat_count": 3,
          "row_count": 4096,
          "samples_sec": [
            0.01859062514267862,
            0.015021959086880088,
            0.014950624899938703
          ]
        },
        "prepared_speedup_vs_one_shot": 1.3305022318835544
      },
      "dbscan_point_count": 4096,
      "outlier": {
        "one_shot": {
          "label": "one_shot_summary_plus_density",
          "max_sec": 0.02090645907446742,
          "median_sec": 0.01985433418303728,
          "min_sec": 0.018210707930848002,
          "repeat_count": 3,
          "row_count": 4096,
          "samples_sec": [
            0.018210707930848002,
            0.02090645907446742,
            0.01985433418303728
          ]
        },
        "prepare_sec": 0.0066842499654740095,
        "prepared_run_only": {
          "label": "prepared_summary_plus_density",
          "max_sec": 0.015120083000510931,
          "median_sec": 0.014096125029027462,
          "min_sec": 0.012607458047568798,
          "repeat_count": 3,
          "row_count": 4096,
          "samples_sec": [
            0.014096125029027462,
            0.015120083000510931,
            0.012607458047568798
          ]
        },
        "prepared_speedup_vs_one_shot": 1.408495891044682
      },
      "outlier_point_count": 4096
    }
  ],
  "copies": [
    512
  ],
  "embree_threads": {
    "auto": true,
    "effective_threads": 10,
    "requested": "auto",
    "source": "api"
  },
  "embree_version": [
    4,
    4,
    0
  ],
  "goal": 718,
  "host": "Rs-MacBook-Air.local",
  "platform": "macOS-26.3-arm64-arm-64bit-Mach-O",
  "python": "3.14.0",
  "repeats": 3,
  "valid": true,
  "warmups": 1
}
