{
  "app": "rayjoin_v2_spatial_join",
  "backend": "embree",
  "counts_stable": true,
  "dataset": "data/rayjoin_public_cdb/br_county_start256_count512.cdb",
  "hot_median_sec": 0.005534715950489044,
  "hot_native_traversal_median_sec": 0.005487892,
  "output_contract": "native_embree_prepared_scalar_count_no_row_materialization",
  "prepared_count_required": true,
  "row_count": 1417,
  "runs": [
    {
      "elapsed_sec": 0.09328344464302063,
      "is_warmup": true,
      "iteration": 0,
      "native_traversal_sec": 0.006421346,
      "row_count": 1417
    },
    {
      "elapsed_sec": 0.005811437964439392,
      "is_warmup": true,
      "iteration": 1,
      "native_traversal_sec": 0.005715354,
      "row_count": 1417
    },
    {
      "elapsed_sec": 0.005501300096511841,
      "is_warmup": true,
      "iteration": 2,
      "native_traversal_sec": 0.005454107,
      "row_count": 1417
    },
    {
      "elapsed_sec": 0.005436539649963379,
      "is_warmup": true,
      "iteration": 3,
      "native_traversal_sec": 0.005390868,
      "row_count": 1417
    },
    {
      "elapsed_sec": 0.005509316921234131,
      "is_warmup": true,
      "iteration": 4,
      "native_traversal_sec": 0.005462764,
      "row_count": 1417
    },
    {
      "elapsed_sec": 0.005653418600559235,
      "is_warmup": true,
      "iteration": 5,
      "native_traversal_sec": 0.005608391,
      "row_count": 1417
    },
    {
      "elapsed_sec": 0.0054564401507377625,
      "is_warmup": true,
      "iteration": 6,
      "native_traversal_sec": 0.005411015,
      "row_count": 1417
    },
    {
      "elapsed_sec": 0.00570669025182724,
      "is_warmup": true,
      "iteration": 7,
      "native_traversal_sec": 0.005652014,
      "row_count": 1417
    },
    {
      "elapsed_sec": 0.0057494863867759705,
      "is_warmup": true,
      "iteration": 8,
      "native_traversal_sec": 0.005703452,
      "row_count": 1417
    },
    {
      "elapsed_sec": 0.005488567054271698,
      "is_warmup": true,
      "iteration": 9,
      "native_traversal_sec": 0.005442706,
      "row_count": 1417
    },
    {
      "elapsed_sec": 0.0057485029101371765,
      "is_warmup": false,
      "iteration": 10,
      "native_traversal_sec": 0.005702499,
      "row_count": 1417
    },
    {
      "elapsed_sec": 0.005643784999847412,
      "is_warmup": false,
      "iteration": 11,
      "native_traversal_sec": 0.005598893,
      "row_count": 1417
    },
    {
      "elapsed_sec": 0.005614079535007477,
      "is_warmup": false,
      "iteration": 12,
      "native_traversal_sec": 0.005568746,
      "row_count": 1417
    },
    {
      "elapsed_sec": 0.005304843187332153,
      "is_warmup": false,
      "iteration": 13,
      "native_traversal_sec": 0.005260109,
      "row_count": 1417
    },
    {
      "elapsed_sec": 0.005603209137916565,
      "is_warmup": false,
      "iteration": 14,
      "native_traversal_sec": 0.005558666,
      "row_count": 1417
    },
    {
      "elapsed_sec": 0.005541503429412842,
      "is_warmup": false,
      "iteration": 15,
      "native_traversal_sec": 0.005497591,
      "row_count": 1417
    },
    {
      "elapsed_sec": 0.005515232682228088,
      "is_warmup": false,
      "iteration": 16,
      "native_traversal_sec": 0.005470989,
      "row_count": 1417
    },
    {
      "elapsed_sec": 0.005757562816143036,
      "is_warmup": false,
      "iteration": 17,
      "native_traversal_sec": 0.005713421,
      "row_count": 1417
    },
    {
      "elapsed_sec": 0.005913972854614258,
      "is_warmup": false,
      "iteration": 18,
      "native_traversal_sec": 0.005868285,
      "row_count": 1417
    },
    {
      "elapsed_sec": 0.005311861634254456,
      "is_warmup": false,
      "iteration": 19,
      "native_traversal_sec": 0.005267433,
      "row_count": 1417
    },
    {
      "elapsed_sec": 0.00566902756690979,
      "is_warmup": false,
      "iteration": 20,
      "native_traversal_sec": 0.00562347,
      "row_count": 1417
    },
    {
      "elapsed_sec": 0.005648337304592133,
      "is_warmup": false,
      "iteration": 21,
      "native_traversal_sec": 0.005602589,
      "row_count": 1417
    },
    {
      "elapsed_sec": 0.005571231245994568,
      "is_warmup": false,
      "iteration": 22,
      "native_traversal_sec": 0.005523159,
      "row_count": 1417
    },
    {
      "elapsed_sec": 0.005580209195613861,
      "is_warmup": false,
      "iteration": 23,
      "native_traversal_sec": 0.0055343,
      "row_count": 1417
    },
    {
      "elapsed_sec": 0.00563482940196991,
      "is_warmup": false,
      "iteration": 24,
      "native_traversal_sec": 0.005581159,
      "row_count": 1417
    },
    {
      "elapsed_sec": 0.005516171455383301,
      "is_warmup": false,
      "iteration": 25,
      "native_traversal_sec": 0.005471931,
      "row_count": 1417
    },
    {
      "elapsed_sec": 0.005587808787822723,
      "is_warmup": false,
      "iteration": 26,
      "native_traversal_sec": 0.005542596,
      "row_count": 1417
    },
    {
      "elapsed_sec": 0.005719050765037537,
      "is_warmup": false,
      "iteration": 27,
      "native_traversal_sec": 0.005674006,
      "row_count": 1417
    },
    {
      "elapsed_sec": 0.005426004528999329,
      "is_warmup": false,
      "iteration": 28,
      "native_traversal_sec": 0.005380026,
      "row_count": 1417
    },
    {
      "elapsed_sec": 0.00560828298330307,
      "is_warmup": false,
      "iteration": 29,
      "native_traversal_sec": 0.005564147,
      "row_count": 1417
    },
    {
      "elapsed_sec": 0.005659930408000946,
      "is_warmup": false,
      "iteration": 30,
      "native_traversal_sec": 0.005613961,
      "row_count": 1417
    },
    {
      "elapsed_sec": 0.005528539419174194,
      "is_warmup": false,
      "iteration": 31,
      "native_traversal_sec": 0.005483774,
      "row_count": 1417
    },
    {
      "elapsed_sec": 0.005696840584278107,
      "is_warmup": false,
      "iteration": 32,
      "native_traversal_sec": 0.005653637,
      "row_count": 1417
    },
    {
      "elapsed_sec": 0.005341373383998871,
      "is_warmup": false,
      "iteration": 33,
      "native_traversal_sec": 0.005297399,
      "row_count": 1417
    },
    {
      "elapsed_sec": 0.005647093057632446,
      "is_warmup": false,
      "iteration": 34,
      "native_traversal_sec": 0.00560252,
      "row_count": 1417
    },
    {
      "elapsed_sec": 0.00563550740480423,
      "is_warmup": false,
      "iteration": 35,
      "native_traversal_sec": 0.00559237,
      "row_count": 1417
    },
    {
      "elapsed_sec": 0.005534261465072632,
      "is_warmup": false,
      "iteration": 36,
      "native_traversal_sec": 0.005490306,
      "row_count": 1417
    },
    {
      "elapsed_sec": 0.006196118891239166,
      "is_warmup": false,
      "iteration": 37,
      "native_traversal_sec": 0.006151033,
      "row_count": 1417
    },
    {
      "elapsed_sec": 0.005881220102310181,
      "is_warmup": false,
      "iteration": 38,
      "native_traversal_sec": 0.005823841,
      "row_count": 1417
    },
    {
      "elapsed_sec": 0.005461052060127258,
      "is_warmup": false,
      "iteration": 39,
      "native_traversal_sec": 0.005415193,
      "row_count": 1417
    },
    {
      "elapsed_sec": 0.005648896098136902,
      "is_warmup": false,
      "iteration": 40,
      "native_traversal_sec": 0.005603282,
      "row_count": 1417
    },
    {
      "elapsed_sec": 0.005467407405376434,
      "is_warmup": false,
      "iteration": 41,
      "native_traversal_sec": 0.005422908,
      "row_count": 1417
    },
    {
      "elapsed_sec": 0.005272887647151947,
      "is_warmup": false,
      "iteration": 42,
      "native_traversal_sec": 0.005228438,
      "row_count": 1417
    },
    {
      "elapsed_sec": 0.005515366792678833,
      "is_warmup": false,
      "iteration": 43,
      "native_traversal_sec": 0.00547132,
      "row_count": 1417
    },
    {
      "elapsed_sec": 0.0056855082511901855,
      "is_warmup": false,
      "iteration": 44,
      "native_traversal_sec": 0.005640141,
      "row_count": 1417
    },
    {
      "elapsed_sec": 0.005566813051700592,
      "is_warmup": false,
      "iteration": 45,
      "native_traversal_sec": 0.005521886,
      "row_count": 1417
    },
    {
      "elapsed_sec": 0.0055709108710289,
      "is_warmup": false,
      "iteration": 46,
      "native_traversal_sec": 0.005523209,
      "row_count": 1417
    },
    {
      "elapsed_sec": 0.0056004598736763,
      "is_warmup": false,
      "iteration": 47,
      "native_traversal_sec": 0.005556642,
      "row_count": 1417
    },
    {
      "elapsed_sec": 0.0054189711809158325,
      "is_warmup": false,
      "iteration": 48,
      "native_traversal_sec": 0.005373193,
      "row_count": 1417
    },
    {
      "elapsed_sec": 0.005663946270942688,
      "is_warmup": false,
      "iteration": 49,
      "native_traversal_sec": 0.005619301,
      "row_count": 1417
    },
    {
      "elapsed_sec": 0.0055767446756362915,
      "is_warmup": false,
      "iteration": 50,
      "native_traversal_sec": 0.005531705,
      "row_count": 1417
    },
    {
      "elapsed_sec": 0.005529657006263733,
      "is_warmup": false,
      "iteration": 51,
      "native_traversal_sec": 0.005478845,
      "row_count": 1417
    },
    {
      "elapsed_sec": 0.005358181893825531,
      "is_warmup": false,
      "iteration": 52,
      "native_traversal_sec": 0.005312979,
      "row_count": 1417
    },
    {
      "elapsed_sec": 0.005591109395027161,
      "is_warmup": false,
      "iteration": 53,
      "native_traversal_sec": 0.005546844,
      "row_count": 1417
    },
    {
      "elapsed_sec": 0.005525313317775726,
      "is_warmup": false,
      "iteration": 54,
      "native_traversal_sec": 0.005473534,
      "row_count": 1417
    },
    {
      "elapsed_sec": 0.005760714411735535,
      "is_warmup": false,
      "iteration": 55,
      "native_traversal_sec": 0.005717338,
      "row_count": 1417
    },
    {
      "elapsed_sec": 0.005639560520648956,
      "is_warmup": false,
      "iteration": 56,
      "native_traversal_sec": 0.005593222,
      "row_count": 1417
    },
    {
      "elapsed_sec": 0.0055224597454071045,
      "is_warmup": false,
      "iteration": 57,
      "native_traversal_sec": 0.005477281,
      "row_count": 1417
    },
    {
      "elapsed_sec": 0.005494408309459686,
      "is_warmup": false,
      "iteration": 58,
      "native_traversal_sec": 0.00545017,
      "row_count": 1417
    },
    {
      "elapsed_sec": 0.005563847720623016,
      "is_warmup": false,
      "iteration": 59,
      "native_traversal_sec": 0.005519793,
      "row_count": 1417
    },
    {
      "elapsed_sec": 0.005412429571151733,
      "is_warmup": false,
      "iteration": 60,
      "native_traversal_sec": 0.005368124,
      "row_count": 1417
    },
    {
      "elapsed_sec": 0.00585579127073288,
      "is_warmup": false,
      "iteration": 61,
      "native_traversal_sec": 0.005810725,
      "row_count": 1417
    },
    {
      "elapsed_sec": 0.0055839791893959045,
      "is_warmup": false,
      "iteration": 62,
      "native_traversal_sec": 0.005539139,
      "row_count": 1417
    },
    {
      "elapsed_sec": 0.0055597275495529175,
      "is_warmup": false,
      "iteration": 63,
      "native_traversal_sec": 0.005515194,
      "row_count": 1417
    },
    {
      "elapsed_sec": 0.00585407018661499,
      "is_warmup": false,
      "iteration": 64,
      "native_traversal_sec": 0.005809463,
      "row_count": 1417
    },
    {
      "elapsed_sec": 0.005495570600032806,
      "is_warmup": false,
      "iteration": 65,
      "native_traversal_sec": 0.005452023,
      "row_count": 1417
    },
    {
      "elapsed_sec": 0.005383260548114777,
      "is_warmup": false,
      "iteration": 66,
      "native_traversal_sec": 0.005338047,
      "row_count": 1417
    },
    {
      "elapsed_sec": 0.005482867360115051,
      "is_warmup": false,
      "iteration": 67,
      "native_traversal_sec": 0.005439109,
      "row_count": 1417
    },
    {
      "elapsed_sec": 0.005544163286685944,
      "is_warmup": false,
      "iteration": 68,
      "native_traversal_sec": 0.005498652,
      "row_count": 1417
    },
    {
      "elapsed_sec": 0.005625121295452118,
      "is_warmup": false,
      "iteration": 69,
      "native_traversal_sec": 0.005580528,
      "row_count": 1417
    },
    {
      "elapsed_sec": 0.005289457738399506,
      "is_warmup": false,
      "iteration": 70,
      "native_traversal_sec": 0.005243898,
      "row_count": 1417
    },
    {
      "elapsed_sec": 0.005485273897647858,
      "is_warmup": false,
      "iteration": 71,
      "native_traversal_sec": 0.005440753,
      "row_count": 1417
    },
    {
      "elapsed_sec": 0.005732886493206024,
      "is_warmup": false,
      "iteration": 72,
      "native_traversal_sec": 0.0056872,
      "row_count": 1417
    },
    {
      "elapsed_sec": 0.0054495856165885925,
      "is_warmup": false,
      "iteration": 73,
      "native_traversal_sec": 0.005405937,
      "row_count": 1417
    },
    {
      "elapsed_sec": 0.005824476480484009,
      "is_warmup": false,
      "iteration": 74,
      "native_traversal_sec": 0.005780007,
      "row_count": 1417
    },
    {
      "elapsed_sec": 0.005388006567955017,
      "is_warmup": false,
      "iteration": 75,
      "native_traversal_sec": 0.005343127,
      "row_count": 1417
    },
    {
      "elapsed_sec": 0.005526535212993622,
      "is_warmup": false,
      "iteration": 76,
      "native_traversal_sec": 0.005480989,
      "row_count": 1417
    },
    {
      "elapsed_sec": 0.00547318160533905,
      "is_warmup": false,
      "iteration": 77,
      "native_traversal_sec": 0.005395486,
      "row_count": 1417
    },
    {
      "elapsed_sec": 0.0056132301688194275,
      "is_warmup": false,
      "iteration": 78,
      "native_traversal_sec": 0.005568495,
      "row_count": 1417
    },
    {
      "elapsed_sec": 0.005679398775100708,
      "is_warmup": false,
      "iteration": 79,
      "native_traversal_sec": 0.005635261,
      "row_count": 1417
    },
    {
      "elapsed_sec": 0.005713634192943573,
      "is_warmup": false,
      "iteration": 80,
      "native_traversal_sec": 0.005668325,
      "row_count": 1417
    },
    {
      "elapsed_sec": 0.005413271486759186,
      "is_warmup": false,
      "iteration": 81,
      "native_traversal_sec": 0.005363906,
      "row_count": 1417
    },
    {
      "elapsed_sec": 0.005520574748516083,
      "is_warmup": false,
      "iteration": 82,
      "native_traversal_sec": 0.00547618,
      "row_count": 1417
    },
    {
      "elapsed_sec": 0.0055737122893333435,
      "is_warmup": false,
      "iteration": 83,
      "native_traversal_sec": 0.00552918,
      "row_count": 1417
    },
    {
      "elapsed_sec": 0.005665160715579987,
      "is_warmup": false,
      "iteration": 84,
      "native_traversal_sec": 0.005613431,
      "row_count": 1417
    },
    {
      "elapsed_sec": 0.005487069487571716,
      "is_warmup": false,
      "iteration": 85,
      "native_traversal_sec": 0.005442525,
      "row_count": 1417
    },
    {
      "elapsed_sec": 0.005681298673152924,
      "is_warmup": false,
      "iteration": 86,
      "native_traversal_sec": 0.005636053,
      "row_count": 1417
    },
    {
      "elapsed_sec": 0.005592711269855499,
      "is_warmup": false,
      "iteration": 87,
      "native_traversal_sec": 0.005548116,
      "row_count": 1417
    },
    {
      "elapsed_sec": 0.005436263978481293,
      "is_warmup": false,
      "iteration": 88,
      "native_traversal_sec": 0.005391248,
      "row_count": 1417
    },
    {
      "elapsed_sec": 0.005586482584476471,
      "is_warmup": false,
      "iteration": 89,
      "native_traversal_sec": 0.005542195,
      "row_count": 1417
    },
    {
      "elapsed_sec": 0.005493387579917908,
      "is_warmup": false,
      "iteration": 90,
      "native_traversal_sec": 0.005448748,
      "row_count": 1417
    },
    {
      "elapsed_sec": 0.005658186972141266,
      "is_warmup": false,
      "iteration": 91,
      "native_traversal_sec": 0.005608832,
      "row_count": 1417
    },
    {
      "elapsed_sec": 0.005641087889671326,
      "is_warmup": false,
      "iteration": 92,
      "native_traversal_sec": 0.005596168,
      "row_count": 1417
    },
    {
      "elapsed_sec": 0.005558907985687256,
      "is_warmup": false,
      "iteration": 93,
      "native_traversal_sec": 0.005514803,
      "row_count": 1417
    },
    {
      "elapsed_sec": 0.005275219678878784,
      "is_warmup": false,
      "iteration": 94,
      "native_traversal_sec": 0.005230302,
      "row_count": 1417
    },
    {
      "elapsed_sec": 0.005412660539150238,
      "is_warmup": false,
      "iteration": 95,
      "native_traversal_sec": 0.005369187,
      "row_count": 1417
    },
    {
      "elapsed_sec": 0.00557427853345871,
      "is_warmup": false,
      "iteration": 96,
      "native_traversal_sec": 0.005530001,
      "row_count": 1417
    },
    {
      "elapsed_sec": 0.005507916212081909,
      "is_warmup": false,
      "iteration": 97,
      "native_traversal_sec": 0.005463957,
      "row_count": 1417
    },
    {
      "elapsed_sec": 0.0056548044085502625,
      "is_warmup": false,
      "iteration": 98,
      "native_traversal_sec": 0.005610275,
      "row_count": 1417
    },
    {
      "elapsed_sec": 0.005604103207588196,
      "is_warmup": false,
      "iteration": 99,
      "native_traversal_sec": 0.00556046,
      "row_count": 1417
    },
    {
      "elapsed_sec": 0.0055238306522369385,
      "is_warmup": false,
      "iteration": 100,
      "native_traversal_sec": 0.005478534,
      "row_count": 1417
    },
    {
      "elapsed_sec": 0.005131460726261139,
      "is_warmup": false,
      "iteration": 101,
      "native_traversal_sec": 0.005088042,
      "row_count": 1417
    },
    {
      "elapsed_sec": 0.0055832043290138245,
      "is_warmup": false,
      "iteration": 102,
      "native_traversal_sec": 0.0055395,
      "row_count": 1417
    },
    {
      "elapsed_sec": 0.005273826420307159,
      "is_warmup": false,
      "iteration": 103,
      "native_traversal_sec": 0.005229571,
      "row_count": 1417
    },
    {
      "elapsed_sec": 0.005752153694629669,
      "is_warmup": false,
      "iteration": 104,
      "native_traversal_sec": 0.005708671,
      "row_count": 1417
    },
    {
      "elapsed_sec": 0.0055373311042785645,
      "is_warmup": false,
      "iteration": 105,
      "native_traversal_sec": 0.005492381,
      "row_count": 1417
    },
    {
      "elapsed_sec": 0.005778655409812927,
      "is_warmup": false,
      "iteration": 106,
      "native_traversal_sec": 0.00573417,
      "row_count": 1417
    },
    {
      "elapsed_sec": 0.005312293767929077,
      "is_warmup": false,
      "iteration": 107,
      "native_traversal_sec": 0.005268184,
      "row_count": 1417
    },
    {
      "elapsed_sec": 0.005612686276435852,
      "is_warmup": false,
      "iteration": 108,
      "native_traversal_sec": 0.005567663,
      "row_count": 1417
    },
    {
      "elapsed_sec": 0.005489811301231384,
      "is_warmup": false,
      "iteration": 109,
      "native_traversal_sec": 0.005446363,
      "row_count": 1417
    },
    {
      "elapsed_sec": 0.005512252449989319,
      "is_warmup": false,
      "iteration": 110,
      "native_traversal_sec": 0.005467192,
      "row_count": 1417
    },
    {
      "elapsed_sec": 0.005603089928627014,
      "is_warmup": false,
      "iteration": 111,
      "native_traversal_sec": 0.005558106,
      "row_count": 1417
    },
    {
      "elapsed_sec": 0.005631439387798309,
      "is_warmup": false,
      "iteration": 112,
      "native_traversal_sec": 0.005573855,
      "row_count": 1417
    },
    {
      "elapsed_sec": 0.005627594888210297,
      "is_warmup": false,
      "iteration": 113,
      "native_traversal_sec": 0.005582631,
      "row_count": 1417
    },
    {
      "elapsed_sec": 0.0053742751479148865,
      "is_warmup": false,
      "iteration": 114,
      "native_traversal_sec": 0.005330663,
      "row_count": 1417
    },
    {
      "elapsed_sec": 0.005578629672527313,
      "is_warmup": false,
      "iteration": 115,
      "native_traversal_sec": 0.005535162,
      "row_count": 1417
    },
    {
      "elapsed_sec": 0.00558055192232132,
      "is_warmup": false,
      "iteration": 116,
      "native_traversal_sec": 0.00547658,
      "row_count": 1417
    },
    {
      "elapsed_sec": 0.00548243522644043,
      "is_warmup": false,
      "iteration": 117,
      "native_traversal_sec": 0.005439009,
      "row_count": 1417
    },
    {
      "elapsed_sec": 0.005516707897186279,
      "is_warmup": false,
      "iteration": 118,
      "native_traversal_sec": 0.00547153,
      "row_count": 1417
    },
    {
      "elapsed_sec": 0.005402490496635437,
      "is_warmup": false,
      "iteration": 119,
      "native_traversal_sec": 0.005357093,
      "row_count": 1417
    },
    {
      "elapsed_sec": 0.005369335412979126,
      "is_warmup": false,
      "iteration": 120,
      "native_traversal_sec": 0.00532425,
      "row_count": 1417
    },
    {
      "elapsed_sec": 0.005658835172653198,
      "is_warmup": false,
      "iteration": 121,
      "native_traversal_sec": 0.005614713,
      "row_count": 1417
    },
    {
      "elapsed_sec": 0.0052208006381988525,
      "is_warmup": false,
      "iteration": 122,
      "native_traversal_sec": 0.005175858,
      "row_count": 1417
    },
    {
      "elapsed_sec": 0.005306810140609741,
      "is_warmup": false,
      "iteration": 123,
      "native_traversal_sec": 0.005263465,
      "row_count": 1417
    },
    {
      "elapsed_sec": 0.0057915449142456055,
      "is_warmup": false,
      "iteration": 124,
      "native_traversal_sec": 0.005746583,
      "row_count": 1417
    },
    {
      "elapsed_sec": 0.005712814629077911,
      "is_warmup": false,
      "iteration": 125,
      "native_traversal_sec": 0.005667203,
      "row_count": 1417
    },
    {
      "elapsed_sec": 0.005588948726654053,
      "is_warmup": false,
      "iteration": 126,
      "native_traversal_sec": 0.005542926,
      "row_count": 1417
    },
    {
      "elapsed_sec": 0.005427815020084381,
      "is_warmup": false,
      "iteration": 127,
      "native_traversal_sec": 0.005383724,
      "row_count": 1417
    },
    {
      "elapsed_sec": 0.005791880190372467,
      "is_warmup": false,
      "iteration": 128,
      "native_traversal_sec": 0.005747044,
      "row_count": 1417
    },
    {
      "elapsed_sec": 0.005650840699672699,
      "is_warmup": false,
      "iteration": 129,
      "native_traversal_sec": 0.005605025,
      "row_count": 1417
    },
    {
      "elapsed_sec": 0.005562089383602142,
      "is_warmup": false,
      "iteration": 130,
      "native_traversal_sec": 0.005517127,
      "row_count": 1417
    },
    {
      "elapsed_sec": 0.0054184794425964355,
      "is_warmup": false,
      "iteration": 131,
      "native_traversal_sec": 0.005372372,
      "row_count": 1417
    },
    {
      "elapsed_sec": 0.005632519721984863,
      "is_warmup": false,
      "iteration": 132,
      "native_traversal_sec": 0.005587702,
      "row_count": 1417
    },
    {
      "elapsed_sec": 0.0053709521889686584,
      "is_warmup": false,
      "iteration": 133,
      "native_traversal_sec": 0.005327507,
      "row_count": 1417
    },
    {
      "elapsed_sec": 0.006138056516647339,
      "is_warmup": false,
      "iteration": 134,
      "native_traversal_sec": 0.006093253,
      "row_count": 1417
    },
    {
      "elapsed_sec": 0.005398698151111603,
      "is_warmup": false,
      "iteration": 135,
      "native_traversal_sec": 0.005351192,
      "row_count": 1417
    },
    {
      "elapsed_sec": 0.005414657294750214,
      "is_warmup": false,
      "iteration": 136,
      "native_traversal_sec": 0.005368995,
      "row_count": 1417
    },
    {
      "elapsed_sec": 0.005487121641635895,
      "is_warmup": false,
      "iteration": 137,
      "native_traversal_sec": 0.005443577,
      "row_count": 1417
    },
    {
      "elapsed_sec": 0.005666822195053101,
      "is_warmup": false,
      "iteration": 138,
      "native_traversal_sec": 0.005621326,
      "row_count": 1417
    },
    {
      "elapsed_sec": 0.005358368158340454,
      "is_warmup": false,
      "iteration": 139,
      "native_traversal_sec": 0.005313952,
      "row_count": 1417
    },
    {
      "elapsed_sec": 0.005325339734554291,
      "is_warmup": false,
      "iteration": 140,
      "native_traversal_sec": 0.005281199,
      "row_count": 1417
    },
    {
      "elapsed_sec": 0.005511656403541565,
      "is_warmup": false,
      "iteration": 141,
      "native_traversal_sec": 0.005467693,
      "row_count": 1417
    },
    {
      "elapsed_sec": 0.0057530477643013,
      "is_warmup": false,
      "iteration": 142,
      "native_traversal_sec": 0.00570803,
      "row_count": 1417
    },
    {
      "elapsed_sec": 0.005517840385437012,
      "is_warmup": false,
      "iteration": 143,
      "native_traversal_sec": 0.005474577,
      "row_count": 1417
    },
    {
      "elapsed_sec": 0.005484126508235931,
      "is_warmup": false,
      "iteration": 144,
      "native_traversal_sec": 0.005438568,
      "row_count": 1417
    },
    {
      "elapsed_sec": 0.0054917484521865845,
      "is_warmup": false,
      "iteration": 145,
      "native_traversal_sec": 0.005446954,
      "row_count": 1417
    },
    {
      "elapsed_sec": 0.005499415099620819,
      "is_warmup": false,
      "iteration": 146,
      "native_traversal_sec": 0.005454719,
      "row_count": 1417
    },
    {
      "elapsed_sec": 0.005611009895801544,
      "is_warmup": false,
      "iteration": 147,
      "native_traversal_sec": 0.005566962,
      "row_count": 1417
    },
    {
      "elapsed_sec": 0.005431480705738068,
      "is_warmup": false,
      "iteration": 148,
      "native_traversal_sec": 0.005386699,
      "row_count": 1417
    },
    {
      "elapsed_sec": 0.005533568561077118,
      "is_warmup": false,
      "iteration": 149,
      "native_traversal_sec": 0.005489235,
      "row_count": 1417
    },
    {
      "elapsed_sec": 0.005353845655918121,
      "is_warmup": false,
      "iteration": 150,
      "native_traversal_sec": 0.005309162,
      "row_count": 1417
    },
    {
      "elapsed_sec": 0.005373239517211914,
      "is_warmup": false,
      "iteration": 151,
      "native_traversal_sec": 0.005329631,
      "row_count": 1417
    },
    {
      "elapsed_sec": 0.005441188812255859,
      "is_warmup": false,
      "iteration": 152,
      "native_traversal_sec": 0.005396398,
      "row_count": 1417
    },
    {
      "elapsed_sec": 0.005511730909347534,
      "is_warmup": false,
      "iteration": 153,
      "native_traversal_sec": 0.005467713,
      "row_count": 1417
    },
    {
      "elapsed_sec": 0.0053955018520355225,
      "is_warmup": false,
      "iteration": 154,
      "native_traversal_sec": 0.005350621,
      "row_count": 1417
    },
    {
      "elapsed_sec": 0.005743019282817841,
      "is_warmup": false,
      "iteration": 155,
      "native_traversal_sec": 0.005692039,
      "row_count": 1417
    },
    {
      "elapsed_sec": 0.005735941231250763,
      "is_warmup": false,
      "iteration": 156,
      "native_traversal_sec": 0.005689996,
      "row_count": 1417
    },
    {
      "elapsed_sec": 0.005621768534183502,
      "is_warmup": false,
      "iteration": 157,
      "native_traversal_sec": 0.00557669,
      "row_count": 1417
    },
    {
      "elapsed_sec": 0.005844332277774811,
      "is_warmup": false,
      "iteration": 158,
      "native_traversal_sec": 0.005798261,
      "row_count": 1417
    },
    {
      "elapsed_sec": 0.005679666996002197,
      "is_warmup": false,
      "iteration": 159,
      "native_traversal_sec": 0.00563385,
      "row_count": 1417
    },
    {
      "elapsed_sec": 0.005761288106441498,
      "is_warmup": false,
      "iteration": 160,
      "native_traversal_sec": 0.005712578,
      "row_count": 1417
    },
    {
      "elapsed_sec": 0.005557417869567871,
      "is_warmup": false,
      "iteration": 161,
      "native_traversal_sec": 0.005513681,
      "row_count": 1417
    },
    {
      "elapsed_sec": 0.005565956234931946,
      "is_warmup": false,
      "iteration": 162,
      "native_traversal_sec": 0.005521195,
      "row_count": 1417
    },
    {
      "elapsed_sec": 0.005679965019226074,
      "is_warmup": false,
      "iteration": 163,
      "native_traversal_sec": 0.005636915,
      "row_count": 1417
    },
    {
      "elapsed_sec": 0.00561290979385376,
      "is_warmup": false,
      "iteration": 164,
      "native_traversal_sec": 0.005567543,
      "row_count": 1417
    },
    {
      "elapsed_sec": 0.005624741315841675,
      "is_warmup": false,
      "iteration": 165,
      "native_traversal_sec": 0.005580488,
      "row_count": 1417
    },
    {
      "elapsed_sec": 0.005318894982337952,
      "is_warmup": false,
      "iteration": 166,
      "native_traversal_sec": 0.005274115,
      "row_count": 1417
    },
    {
      "elapsed_sec": 0.0053648874163627625,
      "is_warmup": false,
      "iteration": 167,
      "native_traversal_sec": 0.005320914,
      "row_count": 1417
    },
    {
      "elapsed_sec": 0.005577214062213898,
      "is_warmup": false,
      "iteration": 168,
      "native_traversal_sec": 0.005531916,
      "row_count": 1417
    },
    {
      "elapsed_sec": 0.00524495542049408,
      "is_warmup": false,
      "iteration": 169,
      "native_traversal_sec": 0.005201959,
      "row_count": 1417
    },
    {
      "elapsed_sec": 0.005441971123218536,
      "is_warmup": false,
      "iteration": 170,
      "native_traversal_sec": 0.005398181,
      "row_count": 1417
    },
    {
      "elapsed_sec": 0.00519929826259613,
      "is_warmup": false,
      "iteration": 171,
      "native_traversal_sec": 0.005156141,
      "row_count": 1417
    },
    {
      "elapsed_sec": 0.005517296493053436,
      "is_warmup": false,
      "iteration": 172,
      "native_traversal_sec": 0.005473735,
      "row_count": 1417
    },
    {
      "elapsed_sec": 0.005295850336551666,
      "is_warmup": false,
      "iteration": 173,
      "native_traversal_sec": 0.005252074,
      "row_count": 1417
    },
    {
      "elapsed_sec": 0.0056382641196250916,
      "is_warmup": false,
      "iteration": 174,
      "native_traversal_sec": 0.005594755,
      "row_count": 1417
    },
    {
      "elapsed_sec": 0.005488835275173187,
      "is_warmup": false,
      "iteration": 175,
      "native_traversal_sec": 0.005445682,
      "row_count": 1417
    },
    {
      "elapsed_sec": 0.005358874797821045,
      "is_warmup": false,
      "iteration": 176,
      "native_traversal_sec": 0.005306898,
      "row_count": 1417
    },
    {
      "elapsed_sec": 0.005131863057613373,
      "is_warmup": false,
      "iteration": 177,
      "native_traversal_sec": 0.005090246,
      "row_count": 1417
    },
    {
      "elapsed_sec": 0.0054056644439697266,
      "is_warmup": false,
      "iteration": 178,
      "native_traversal_sec": 0.005361572,
      "row_count": 1417
    },
    {
      "elapsed_sec": 0.005448833107948303,
      "is_warmup": false,
      "iteration": 179,
      "native_traversal_sec": 0.005405706,
      "row_count": 1417
    },
    {
      "elapsed_sec": 0.005266927182674408,
      "is_warmup": false,
      "iteration": 180,
      "native_traversal_sec": 0.005223509,
      "row_count": 1417
    },
    {
      "elapsed_sec": 0.005336187779903412,
      "is_warmup": false,
      "iteration": 181,
      "native_traversal_sec": 0.005293072,
      "row_count": 1417
    },
    {
      "elapsed_sec": 0.005461156368255615,
      "is_warmup": false,
      "iteration": 182,
      "native_traversal_sec": 0.005417347,
      "row_count": 1417
    },
    {
      "elapsed_sec": 0.005381941795349121,
      "is_warmup": false,
      "iteration": 183,
      "native_traversal_sec": 0.005338979,
      "row_count": 1417
    },
    {
      "elapsed_sec": 0.005309879779815674,
      "is_warmup": false,
      "iteration": 184,
      "native_traversal_sec": 0.005266561,
      "row_count": 1417
    },
    {
      "elapsed_sec": 0.005250655114650726,
      "is_warmup": false,
      "iteration": 185,
      "native_traversal_sec": 0.005207519,
      "row_count": 1417
    },
    {
      "elapsed_sec": 0.005249336361885071,
      "is_warmup": false,
      "iteration": 186,
      "native_traversal_sec": 0.005206196,
      "row_count": 1417
    },
    {
      "elapsed_sec": 0.005593538284301758,
      "is_warmup": false,
      "iteration": 187,
      "native_traversal_sec": 0.005549649,
      "row_count": 1417
    },
    {
      "elapsed_sec": 0.0053785815834999084,
      "is_warmup": false,
      "iteration": 188,
      "native_traversal_sec": 0.00533478,
      "row_count": 1417
    },
    {
      "elapsed_sec": 0.005335159599781036,
      "is_warmup": false,
      "iteration": 189,
      "native_traversal_sec": 0.005292671,
      "row_count": 1417
    },
    {
      "elapsed_sec": 0.005582064390182495,
      "is_warmup": false,
      "iteration": 190,
      "native_traversal_sec": 0.005538558,
      "row_count": 1417
    },
    {
      "elapsed_sec": 0.0054061636328697205,
      "is_warmup": false,
      "iteration": 191,
      "native_traversal_sec": 0.005362994,
      "row_count": 1417
    },
    {
      "elapsed_sec": 0.005504414439201355,
      "is_warmup": false,
      "iteration": 192,
      "native_traversal_sec": 0.005461411,
      "row_count": 1417
    },
    {
      "elapsed_sec": 0.005250759422779083,
      "is_warmup": false,
      "iteration": 193,
      "native_traversal_sec": 0.005206887,
      "row_count": 1417
    },
    {
      "elapsed_sec": 0.005428396165370941,
      "is_warmup": false,
      "iteration": 194,
      "native_traversal_sec": 0.005385497,
      "row_count": 1417
    },
    {
      "elapsed_sec": 0.005901418626308441,
      "is_warmup": false,
      "iteration": 195,
      "native_traversal_sec": 0.005830433,
      "row_count": 1417
    },
    {
      "elapsed_sec": 0.005333639681339264,
      "is_warmup": false,
      "iteration": 196,
      "native_traversal_sec": 0.005239479,
      "row_count": 1417
    },
    {
      "elapsed_sec": 0.005095817148685455,
      "is_warmup": false,
      "iteration": 197,
      "native_traversal_sec": 0.005050129,
      "row_count": 1417
    },
    {
      "elapsed_sec": 0.005384944379329681,
      "is_warmup": false,
      "iteration": 198,
      "native_traversal_sec": 0.005340331,
      "row_count": 1417
    },
    {
      "elapsed_sec": 0.005274258553981781,
      "is_warmup": false,
      "iteration": 199,
      "native_traversal_sec": 0.005230533,
      "row_count": 1417
    },
    {
      "elapsed_sec": 0.005469672381877899,
      "is_warmup": false,
      "iteration": 200,
      "native_traversal_sec": 0.005425243,
      "row_count": 1417
    },
    {
      "elapsed_sec": 0.005495510995388031,
      "is_warmup": false,
      "iteration": 201,
      "native_traversal_sec": 0.005451683,
      "row_count": 1417
    },
    {
      "elapsed_sec": 0.005264051258563995,
      "is_warmup": false,
      "iteration": 202,
      "native_traversal_sec": 0.005220343,
      "row_count": 1417
    },
    {
      "elapsed_sec": 0.005469121038913727,
      "is_warmup": false,
      "iteration": 203,
      "native_traversal_sec": 0.005426425,
      "row_count": 1417
    },
    {
      "elapsed_sec": 0.005397006869316101,
      "is_warmup": false,
      "iteration": 204,
      "native_traversal_sec": 0.005352905,
      "row_count": 1417
    },
    {
      "elapsed_sec": 0.005351521074771881,
      "is_warmup": false,
      "iteration": 205,
      "native_traversal_sec": 0.005309102,
      "row_count": 1417
    },
    {
      "elapsed_sec": 0.005532264709472656,
      "is_warmup": false,
      "iteration": 206,
      "native_traversal_sec": 0.005487912,
      "row_count": 1417
    },
    {
      "elapsed_sec": 0.005548432469367981,
      "is_warmup": false,
      "iteration": 207,
      "native_traversal_sec": 0.005503712,
      "row_count": 1417
    },
    {
      "elapsed_sec": 0.005373172461986542,
      "is_warmup": false,
      "iteration": 208,
      "native_traversal_sec": 0.00532902,
      "row_count": 1417
    },
    {
      "elapsed_sec": 0.005773484706878662,
      "is_warmup": false,
      "iteration": 209,
      "native_traversal_sec": 0.005730132,
      "row_count": 1417
    },
    {
      "elapsed_sec": 0.005523547530174255,
      "is_warmup": false,
      "iteration": 210,
      "native_traversal_sec": 0.005479406,
      "row_count": 1417
    },
    {
      "elapsed_sec": 0.0053892582654953,
      "is_warmup": false,
      "iteration": 211,
      "native_traversal_sec": 0.005345431,
      "row_count": 1417
    },
    {
      "elapsed_sec": 0.005621135234832764,
      "is_warmup": false,
      "iteration": 212,
      "native_traversal_sec": 0.005577311,
      "row_count": 1417
    },
    {
      "elapsed_sec": 0.005467258393764496,
      "is_warmup": false,
      "iteration": 213,
      "native_traversal_sec": 0.005424632,
      "row_count": 1417
    },
    {
      "elapsed_sec": 0.00558808445930481,
      "is_warmup": false,
      "iteration": 214,
      "native_traversal_sec": 0.005543728,
      "row_count": 1417
    },
    {
      "elapsed_sec": 0.005424611270427704,
      "is_warmup": false,
      "iteration": 215,
      "native_traversal_sec": 0.00538154,
      "row_count": 1417
    },
    {
      "elapsed_sec": 0.0055015236139297485,
      "is_warmup": false,
      "iteration": 216,
      "native_traversal_sec": 0.005458055,
      "row_count": 1417
    },
    {
      "elapsed_sec": 0.00554676353931427,
      "is_warmup": false,
      "iteration": 217,
      "native_traversal_sec": 0.005503001,
      "row_count": 1417
    },
    {
      "elapsed_sec": 0.005414754152297974,
      "is_warmup": false,
      "iteration": 218,
      "native_traversal_sec": 0.005370409,
      "row_count": 1417
    },
    {
      "elapsed_sec": 0.005231402814388275,
      "is_warmup": false,
      "iteration": 219,
      "native_traversal_sec": 0.0051817,
      "row_count": 1417
    },
    {
      "elapsed_sec": 0.00559476763010025,
      "is_warmup": false,
      "iteration": 220,
      "native_traversal_sec": 0.005551413,
      "row_count": 1417
    },
    {
      "elapsed_sec": 0.005541838705539703,
      "is_warmup": false,
      "iteration": 221,
      "native_traversal_sec": 0.005498101,
      "row_count": 1417
    },
    {
      "elapsed_sec": 0.00537620484828949,
      "is_warmup": false,
      "iteration": 222,
      "native_traversal_sec": 0.005331935,
      "row_count": 1417
    },
    {
      "elapsed_sec": 0.005484633147716522,
      "is_warmup": false,
      "iteration": 223,
      "native_traversal_sec": 0.005441614,
      "row_count": 1417
    },
    {
      "elapsed_sec": 0.00538983941078186,
      "is_warmup": false,
      "iteration": 224,
      "native_traversal_sec": 0.005345841,
      "row_count": 1417
    },
    {
      "elapsed_sec": 0.005507439374923706,
      "is_warmup": false,
      "iteration": 225,
      "native_traversal_sec": 0.005463385,
      "row_count": 1417
    },
    {
      "elapsed_sec": 0.005672551691532135,
      "is_warmup": false,
      "iteration": 226,
      "native_traversal_sec": 0.005628388,
      "row_count": 1417
    },
    {
      "elapsed_sec": 0.005371935665607452,
      "is_warmup": false,
      "iteration": 227,
      "native_traversal_sec": 0.005327908,
      "row_count": 1417
    },
    {
      "elapsed_sec": 0.005223661661148071,
      "is_warmup": false,
      "iteration": 228,
      "native_traversal_sec": 0.005180618,
      "row_count": 1417
    },
    {
      "elapsed_sec": 0.005483068525791168,
      "is_warmup": false,
      "iteration": 229,
      "native_traversal_sec": 0.005439289,
      "row_count": 1417
    },
    {
      "elapsed_sec": 0.005525551736354828,
      "is_warmup": false,
      "iteration": 230,
      "native_traversal_sec": 0.005480217,
      "row_count": 1417
    },
    {
      "elapsed_sec": 0.005376406013965607,
      "is_warmup": false,
      "iteration": 231,
      "native_traversal_sec": 0.005333058,
      "row_count": 1417
    },
    {
      "elapsed_sec": 0.005479134619235992,
      "is_warmup": false,
      "iteration": 232,
      "native_traversal_sec": 0.005433839,
      "row_count": 1417
    },
    {
      "elapsed_sec": 0.0055520907044410706,
      "is_warmup": false,
      "iteration": 233,
      "native_traversal_sec": 0.005507799,
      "row_count": 1417
    },
    {
      "elapsed_sec": 0.005279019474983215,
      "is_warmup": false,
      "iteration": 234,
      "native_traversal_sec": 0.005235893,
      "row_count": 1417
    },
    {
      "elapsed_sec": 0.005575686693191528,
      "is_warmup": false,
      "iteration": 235,
      "native_traversal_sec": 0.005531645,
      "row_count": 1417
    },
    {
      "elapsed_sec": 0.005519792437553406,
      "is_warmup": false,
      "iteration": 236,
      "native_traversal_sec": 0.005321265,
      "row_count": 1417
    },
    {
      "elapsed_sec": 0.005616478621959686,
      "is_warmup": false,
      "iteration": 237,
      "native_traversal_sec": 0.005573103,
      "row_count": 1417
    },
    {
      "elapsed_sec": 0.0052969008684158325,
      "is_warmup": false,
      "iteration": 238,
      "native_traversal_sec": 0.005253266,
      "row_count": 1417
    },
    {
      "elapsed_sec": 0.005301140248775482,
      "is_warmup": false,
      "iteration": 239,
      "native_traversal_sec": 0.005257914,
      "row_count": 1417
    },
    {
      "elapsed_sec": 0.005355142056941986,
      "is_warmup": false,
      "iteration": 240,
      "native_traversal_sec": 0.005311517,
      "row_count": 1417
    },
    {
      "elapsed_sec": 0.005402810871601105,
      "is_warmup": false,
      "iteration": 241,
      "native_traversal_sec": 0.005358766,
      "row_count": 1417
    },
    {
      "elapsed_sec": 0.0054104626178741455,
      "is_warmup": false,
      "iteration": 242,
      "native_traversal_sec": 0.005366652,
      "row_count": 1417
    },
    {
      "elapsed_sec": 0.005596727132797241,
      "is_warmup": false,
      "iteration": 243,
      "native_traversal_sec": 0.005552454,
      "row_count": 1417
    },
    {
      "elapsed_sec": 0.005583710968494415,
      "is_warmup": false,
      "iteration": 244,
      "native_traversal_sec": 0.005540602,
      "row_count": 1417
    },
    {
      "elapsed_sec": 0.005386717617511749,
      "is_warmup": false,
      "iteration": 245,
      "native_traversal_sec": 0.00534438,
      "row_count": 1417
    },
    {
      "elapsed_sec": 0.005679517984390259,
      "is_warmup": false,
      "iteration": 246,
      "native_traversal_sec": 0.00563445,
      "row_count": 1417
    },
    {
      "elapsed_sec": 0.005744509398937225,
      "is_warmup": false,
      "iteration": 247,
      "native_traversal_sec": 0.005699214,
      "row_count": 1417
    },
    {
      "elapsed_sec": 0.0053913891315460205,
      "is_warmup": false,
      "iteration": 248,
      "native_traversal_sec": 0.005347284,
      "row_count": 1417
    },
    {
      "elapsed_sec": 0.005407348275184631,
      "is_warmup": false,
      "iteration": 249,
      "native_traversal_sec": 0.005363725,
      "row_count": 1417
    },
    {
      "elapsed_sec": 0.005462758243083954,
      "is_warmup": false,
      "iteration": 250,
      "native_traversal_sec": 0.00541857,
      "row_count": 1417
    },
    {
      "elapsed_sec": 0.005355939269065857,
      "is_warmup": false,
      "iteration": 251,
      "native_traversal_sec": 0.005313119,
      "row_count": 1417
    },
    {
      "elapsed_sec": 0.005534656345844269,
      "is_warmup": false,
      "iteration": 252,
      "native_traversal_sec": 0.005491148,
      "row_count": 1417
    },
    {
      "elapsed_sec": 0.005488738417625427,
      "is_warmup": false,
      "iteration": 253,
      "native_traversal_sec": 0.005445692,
      "row_count": 1417
    },
    {
      "elapsed_sec": 0.0053451210260391235,
      "is_warmup": false,
      "iteration": 254,
      "native_traversal_sec": 0.005301428,
      "row_count": 1417
    },
    {
      "elapsed_sec": 0.0055060014128685,
      "is_warmup": false,
      "iteration": 255,
      "native_traversal_sec": 0.005462444,
      "row_count": 1417
    },
    {
      "elapsed_sec": 0.0055820271372795105,
      "is_warmup": false,
      "iteration": 256,
      "native_traversal_sec": 0.005537697,
      "row_count": 1417
    },
    {
      "elapsed_sec": 0.00576280802488327,
      "is_warmup": false,
      "iteration": 257,
      "native_traversal_sec": 0.005708622,
      "row_count": 1417
    },
    {
      "elapsed_sec": 0.00534636527299881,
      "is_warmup": false,
      "iteration": 258,
      "native_traversal_sec": 0.005303512,
      "row_count": 1417
    },
    {
      "elapsed_sec": 0.005592949688434601,
      "is_warmup": false,
      "iteration": 259,
      "native_traversal_sec": 0.005549168,
      "row_count": 1417
    },
    {
      "elapsed_sec": 0.005655378103256226,
      "is_warmup": false,
      "iteration": 260,
      "native_traversal_sec": 0.005610876,
      "row_count": 1417
    },
    {
      "elapsed_sec": 0.0054107531905174255,
      "is_warmup": false,
      "iteration": 261,
      "native_traversal_sec": 0.005366661,
      "row_count": 1417
    },
    {
      "elapsed_sec": 0.005570530891418457,
      "is_warmup": false,
      "iteration": 262,
      "native_traversal_sec": 0.005527187,
      "row_count": 1417
    },
    {
      "elapsed_sec": 0.005518421530723572,
      "is_warmup": false,
      "iteration": 263,
      "native_traversal_sec": 0.005475037,
      "row_count": 1417
    },
    {
      "elapsed_sec": 0.005229294300079346,
      "is_warmup": false,
      "iteration": 264,
      "native_traversal_sec": 0.005185758,
      "row_count": 1417
    },
    {
      "elapsed_sec": 0.0056952014565467834,
      "is_warmup": false,
      "iteration": 265,
      "native_traversal_sec": 0.005651763,
      "row_count": 1417
    },
    {
      "elapsed_sec": 0.005579099059104919,
      "is_warmup": false,
      "iteration": 266,
      "native_traversal_sec": 0.00553441,
      "row_count": 1417
    },
    {
      "elapsed_sec": 0.0052703022956848145,
      "is_warmup": false,
      "iteration": 267,
      "native_traversal_sec": 0.005225534,
      "row_count": 1417
    },
    {
      "elapsed_sec": 0.005638502538204193,
      "is_warmup": false,
      "iteration": 268,
      "native_traversal_sec": 0.005592751,
      "row_count": 1417
    },
    {
      "elapsed_sec": 0.005434907972812653,
      "is_warmup": false,
      "iteration": 269,
      "native_traversal_sec": 0.005390116,
      "row_count": 1417
    },
    {
      "elapsed_sec": 0.005229733884334564,
      "is_warmup": false,
      "iteration": 270,
      "native_traversal_sec": 0.005185828,
      "row_count": 1417
    },
    {
      "elapsed_sec": 0.0053568035364151,
      "is_warmup": false,
      "iteration": 271,
      "native_traversal_sec": 0.005313891,
      "row_count": 1417
    },
    {
      "elapsed_sec": 0.005688466131687164,
      "is_warmup": false,
      "iteration": 272,
      "native_traversal_sec": 0.00564459,
      "row_count": 1417
    },
    {
      "elapsed_sec": 0.005340680480003357,
      "is_warmup": false,
      "iteration": 273,
      "native_traversal_sec": 0.005288533,
      "row_count": 1417
    },
    {
      "elapsed_sec": 0.005331486463546753,
      "is_warmup": false,
      "iteration": 274,
      "native_traversal_sec": 0.005288743,
      "row_count": 1417
    },
    {
      "elapsed_sec": 0.005462713539600372,
      "is_warmup": false,
      "iteration": 275,
      "native_traversal_sec": 0.005419301,
      "row_count": 1417
    },
    {
      "elapsed_sec": 0.005526892840862274,
      "is_warmup": false,
      "iteration": 276,
      "native_traversal_sec": 0.005482862,
      "row_count": 1417
    },
    {
      "elapsed_sec": 0.005362667143344879,
      "is_warmup": false,
      "iteration": 277,
      "native_traversal_sec": 0.00531299,
      "row_count": 1417
    },
    {
      "elapsed_sec": 0.00561552494764328,
      "is_warmup": false,
      "iteration": 278,
      "native_traversal_sec": 0.005572212,
      "row_count": 1417
    },
    {
      "elapsed_sec": 0.005474887788295746,
      "is_warmup": false,
      "iteration": 279,
      "native_traversal_sec": 0.005430292,
      "row_count": 1417
    },
    {
      "elapsed_sec": 0.005389198660850525,
      "is_warmup": false,
      "iteration": 280,
      "native_traversal_sec": 0.00534463,
      "row_count": 1417
    },
    {
      "elapsed_sec": 0.00557255744934082,
      "is_warmup": false,
      "iteration": 281,
      "native_traversal_sec": 0.00552883,
      "row_count": 1417
    },
    {
      "elapsed_sec": 0.005634486675262451,
      "is_warmup": false,
      "iteration": 282,
      "native_traversal_sec": 0.005590506,
      "row_count": 1417
    },
    {
      "elapsed_sec": 0.0053692832589149475,
      "is_warmup": false,
      "iteration": 283,
      "native_traversal_sec": 0.0053242,
      "row_count": 1417
    },
    {
      "elapsed_sec": 0.005548559129238129,
      "is_warmup": false,
      "iteration": 284,
      "native_traversal_sec": 0.005504183,
      "row_count": 1417
    },
    {
      "elapsed_sec": 0.005506157875061035,
      "is_warmup": false,
      "iteration": 285,
      "native_traversal_sec": 0.005463044,
      "row_count": 1417
    },
    {
      "elapsed_sec": 0.005418509244918823,
      "is_warmup": false,
      "iteration": 286,
      "native_traversal_sec": 0.005374086,
      "row_count": 1417
    },
    {
      "elapsed_sec": 0.005695261061191559,
      "is_warmup": false,
      "iteration": 287,
      "native_traversal_sec": 0.005650511,
      "row_count": 1417
    },
    {
      "elapsed_sec": 0.005570314824581146,
      "is_warmup": false,
      "iteration": 288,
      "native_traversal_sec": 0.005526194,
      "row_count": 1417
    },
    {
      "elapsed_sec": 0.005627855658531189,
      "is_warmup": false,
      "iteration": 289,
      "native_traversal_sec": 0.005580257,
      "row_count": 1417
    },
    {
      "elapsed_sec": 0.005353711545467377,
      "is_warmup": false,
      "iteration": 290,
      "native_traversal_sec": 0.005310244,
      "row_count": 1417
    },
    {
      "elapsed_sec": 0.005667649209499359,
      "is_warmup": false,
      "iteration": 291,
      "native_traversal_sec": 0.00562403,
      "row_count": 1417
    },
    {
      "elapsed_sec": 0.005535997450351715,
      "is_warmup": false,
      "iteration": 292,
      "native_traversal_sec": 0.005485948,
      "row_count": 1417
    },
    {
      "elapsed_sec": 0.005455031991004944,
      "is_warmup": false,
      "iteration": 293,
      "native_traversal_sec": 0.005412488,
      "row_count": 1417
    },
    {
      "elapsed_sec": 0.005773022770881653,
      "is_warmup": false,
      "iteration": 294,
      "native_traversal_sec": 0.005728559,
      "row_count": 1417
    },
    {
      "elapsed_sec": 0.005351200699806213,
      "is_warmup": false,
      "iteration": 295,
      "native_traversal_sec": 0.005306988,
      "row_count": 1417
    },
    {
      "elapsed_sec": 0.005652487277984619,
      "is_warmup": false,
      "iteration": 296,
      "native_traversal_sec": 0.005609372,
      "row_count": 1417
    },
    {
      "elapsed_sec": 0.00544603168964386,
      "is_warmup": false,
      "iteration": 297,
      "native_traversal_sec": 0.00540277,
      "row_count": 1417
    },
    {
      "elapsed_sec": 0.005688011646270752,
      "is_warmup": false,
      "iteration": 298,
      "native_traversal_sec": 0.005643337,
      "row_count": 1417
    },
    {
      "elapsed_sec": 0.005513526499271393,
      "is_warmup": false,
      "iteration": 299,
      "native_traversal_sec": 0.005468956,
      "row_count": 1417
    },
    {
      "elapsed_sec": 0.0056364163756370544,
      "is_warmup": false,
      "iteration": 300,
      "native_traversal_sec": 0.005591809,
      "row_count": 1417
    },
    {
      "elapsed_sec": 0.005580142140388489,
      "is_warmup": false,
      "iteration": 301,
      "native_traversal_sec": 0.005535713,
      "row_count": 1417
    },
    {
      "elapsed_sec": 0.005633294582366943,
      "is_warmup": false,
      "iteration": 302,
      "native_traversal_sec": 0.005588774,
      "row_count": 1417
    },
    {
      "elapsed_sec": 0.005924247205257416,
      "is_warmup": false,
      "iteration": 303,
      "native_traversal_sec": 0.005880689,
      "row_count": 1417
    },
    {
      "elapsed_sec": 0.005409888923168182,
      "is_warmup": false,
      "iteration": 304,
      "native_traversal_sec": 0.0053608,
      "row_count": 1417
    },
    {
      "elapsed_sec": 0.0054000914096832275,
      "is_warmup": false,
      "iteration": 305,
      "native_traversal_sec": 0.005348947,
      "row_count": 1417
    },
    {
      "elapsed_sec": 0.005370251834392548,
      "is_warmup": false,
      "iteration": 306,
      "native_traversal_sec": 0.005327357,
      "row_count": 1417
    },
    {
      "elapsed_sec": 0.0056611597537994385,
      "is_warmup": false,
      "iteration": 307,
      "native_traversal_sec": 0.005617818,
      "row_count": 1417
    },
    {
      "elapsed_sec": 0.005551658570766449,
      "is_warmup": false,
      "iteration": 308,
      "native_traversal_sec": 0.005507359,
      "row_count": 1417
    },
    {
      "elapsed_sec": 0.005340650677680969,
      "is_warmup": false,
      "iteration": 309,
      "native_traversal_sec": 0.00529743,
      "row_count": 1417
    },
    {
      "elapsed_sec": 0.00582490861415863,
      "is_warmup": false,
      "iteration": 310,
      "native_traversal_sec": 0.005780688,
      "row_count": 1417
    },
    {
      "elapsed_sec": 0.005480565130710602,
      "is_warmup": false,
      "iteration": 311,
      "native_traversal_sec": 0.005436985,
      "row_count": 1417
    },
    {
      "elapsed_sec": 0.005705595016479492,
      "is_warmup": false,
      "iteration": 312,
      "native_traversal_sec": 0.005661873,
      "row_count": 1417
    },
    {
      "elapsed_sec": 0.005392730236053467,
      "is_warmup": false,
      "iteration": 313,
      "native_traversal_sec": 0.005349038,
      "row_count": 1417
    },
    {
      "elapsed_sec": 0.0053239986300468445,
      "is_warmup": false,
      "iteration": 314,
      "native_traversal_sec": 0.005280117,
      "row_count": 1417
    },
    {
      "elapsed_sec": 0.005596570670604706,
      "is_warmup": false,
      "iteration": 315,
      "native_traversal_sec": 0.005552043,
      "row_count": 1417
    },
    {
      "elapsed_sec": 0.005555294454097748,
      "is_warmup": false,
      "iteration": 316,
      "native_traversal_sec": 0.005511036,
      "row_count": 1417
    },
    {
      "elapsed_sec": 0.00523173063993454,
      "is_warmup": false,
      "iteration": 317,
      "native_traversal_sec": 0.005187912,
      "row_count": 1417
    },
    {
      "elapsed_sec": 0.005813539028167725,
      "is_warmup": false,
      "iteration": 318,
      "native_traversal_sec": 0.005770489,
      "row_count": 1417
    },
    {
      "elapsed_sec": 0.005622856318950653,
      "is_warmup": false,
      "iteration": 319,
      "native_traversal_sec": 0.005579225,
      "row_count": 1417
    },
    {
      "elapsed_sec": 0.005725309252738953,
      "is_warmup": false,
      "iteration": 320,
      "native_traversal_sec": 0.005675478,
      "row_count": 1417
    },
    {
      "elapsed_sec": 0.005491621792316437,
      "is_warmup": false,
      "iteration": 321,
      "native_traversal_sec": 0.005448867,
      "row_count": 1417
    },
    {
      "elapsed_sec": 0.005571283400058746,
      "is_warmup": false,
      "iteration": 322,
      "native_traversal_sec": 0.005527287,
      "row_count": 1417
    },
    {
      "elapsed_sec": 0.005478173494338989,
      "is_warmup": false,
      "iteration": 323,
      "native_traversal_sec": 0.005433108,
      "row_count": 1417
    },
    {
      "elapsed_sec": 0.005424819886684418,
      "is_warmup": false,
      "iteration": 324,
      "native_traversal_sec": 0.005375327,
      "row_count": 1417
    },
    {
      "elapsed_sec": 0.005579851567745209,
      "is_warmup": false,
      "iteration": 325,
      "native_traversal_sec": 0.005536744,
      "row_count": 1417
    },
    {
      "elapsed_sec": 0.0054121315479278564,
      "is_warmup": false,
      "iteration": 326,
      "native_traversal_sec": 0.005368224,
      "row_count": 1417
    },
    {
      "elapsed_sec": 0.0055825188755989075,
      "is_warmup": false,
      "iteration": 327,
      "native_traversal_sec": 0.005537546,
      "row_count": 1417
    },
    {
      "elapsed_sec": 0.005700826644897461,
      "is_warmup": false,
      "iteration": 328,
      "native_traversal_sec": 0.005650812,
      "row_count": 1417
    },
    {
      "elapsed_sec": 0.005286231637001038,
      "is_warmup": false,
      "iteration": 329,
      "native_traversal_sec": 0.005237035,
      "row_count": 1417
    },
    {
      "elapsed_sec": 0.00556337833404541,
      "is_warmup": false,
      "iteration": 330,
      "native_traversal_sec": 0.00551849,
      "row_count": 1417
    },
    {
      "elapsed_sec": 0.005592867732048035,
      "is_warmup": false,
      "iteration": 331,
      "native_traversal_sec": 0.005548327,
      "row_count": 1417
    },
    {
      "elapsed_sec": 0.005431897938251495,
      "is_warmup": false,
      "iteration": 332,
      "native_traversal_sec": 0.005383092,
      "row_count": 1417
    },
    {
      "elapsed_sec": 0.0054937005043029785,
      "is_warmup": false,
      "iteration": 333,
      "native_traversal_sec": 0.00545022,
      "row_count": 1417
    },
    {
      "elapsed_sec": 0.0056413039565086365,
      "is_warmup": false,
      "iteration": 334,
      "native_traversal_sec": 0.005598382,
      "row_count": 1417
    },
    {
      "elapsed_sec": 0.00544179230928421,
      "is_warmup": false,
      "iteration": 335,
      "native_traversal_sec": 0.005390266,
      "row_count": 1417
    },
    {
      "elapsed_sec": 0.005558855831623077,
      "is_warmup": false,
      "iteration": 336,
      "native_traversal_sec": 0.005514963,
      "row_count": 1417
    },
    {
      "elapsed_sec": 0.0055392831563949585,
      "is_warmup": false,
      "iteration": 337,
      "native_traversal_sec": 0.005489786,
      "row_count": 1417
    },
    {
      "elapsed_sec": 0.005471490323543549,
      "is_warmup": false,
      "iteration": 338,
      "native_traversal_sec": 0.005427737,
      "row_count": 1417
    },
    {
      "elapsed_sec": 0.005284763872623444,
      "is_warmup": false,
      "iteration": 339,
      "native_traversal_sec": 0.005241203,
      "row_count": 1417
    },
    {
      "elapsed_sec": 0.005641445517539978,
      "is_warmup": false,
      "iteration": 340,
      "native_traversal_sec": 0.00559773,
      "row_count": 1417
    },
    {
      "elapsed_sec": 0.00540526956319809,
      "is_warmup": false,
      "iteration": 341,
      "native_traversal_sec": 0.005361672,
      "row_count": 1417
    },
    {
      "elapsed_sec": 0.00563301146030426,
      "is_warmup": false,
      "iteration": 342,
      "native_traversal_sec": 0.005590186,
      "row_count": 1417
    },
    {
      "elapsed_sec": 0.0055861398577690125,
      "is_warmup": false,
      "iteration": 343,
      "native_traversal_sec": 0.005541995,
      "row_count": 1417
    },
    {
      "elapsed_sec": 0.005598708987236023,
      "is_warmup": false,
      "iteration": 344,
      "native_traversal_sec": 0.005554328,
      "row_count": 1417
    },
    {
      "elapsed_sec": 0.005479194223880768,
      "is_warmup": false,
      "iteration": 345,
      "native_traversal_sec": 0.005436744,
      "row_count": 1417
    },
    {
      "elapsed_sec": 0.005517005920410156,
      "is_warmup": false,
      "iteration": 346,
      "native_traversal_sec": 0.005473734,
      "row_count": 1417
    },
    {
      "elapsed_sec": 0.005604565143585205,
      "is_warmup": false,
      "iteration": 347,
      "native_traversal_sec": 0.005560911,
      "row_count": 1417
    },
    {
      "elapsed_sec": 0.005511760711669922,
      "is_warmup": false,
      "iteration": 348,
      "native_traversal_sec": 0.00546049,
      "row_count": 1417
    },
    {
      "elapsed_sec": 0.0057722777128219604,
      "is_warmup": false,
      "iteration": 349,
      "native_traversal_sec": 0.005728369,
      "row_count": 1417
    },
    {
      "elapsed_sec": 0.005675353109836578,
      "is_warmup": false,
      "iteration": 350,
      "native_traversal_sec": 0.00562875,
      "row_count": 1417
    },
    {
      "elapsed_sec": 0.005463875830173492,
      "is_warmup": false,
      "iteration": 351,
      "native_traversal_sec": 0.005419021,
      "row_count": 1417
    },
    {
      "elapsed_sec": 0.00538211315870285,
      "is_warmup": false,
      "iteration": 352,
      "native_traversal_sec": 0.005337877,
      "row_count": 1417
    },
    {
      "elapsed_sec": 0.005561314523220062,
      "is_warmup": false,
      "iteration": 353,
      "native_traversal_sec": 0.005516837,
      "row_count": 1417
    },
    {
      "elapsed_sec": 0.0054506659507751465,
      "is_warmup": false,
      "iteration": 354,
      "native_traversal_sec": 0.005406648,
      "row_count": 1417
    },
    {
      "elapsed_sec": 0.005377680063247681,
      "is_warmup": false,
      "iteration": 355,
      "native_traversal_sec": 0.005335923,
      "row_count": 1417
    },
    {
      "elapsed_sec": 0.0056044235825538635,
      "is_warmup": false,
      "iteration": 356,
      "native_traversal_sec": 0.00556001,
      "row_count": 1417
    },
    {
      "elapsed_sec": 0.005570515990257263,
      "is_warmup": false,
      "iteration": 357,
      "native_traversal_sec": 0.005528008,
      "row_count": 1417
    },
    {
      "elapsed_sec": 0.005402855575084686,
      "is_warmup": false,
      "iteration": 358,
      "native_traversal_sec": 0.005359487,
      "row_count": 1417
    },
    {
      "elapsed_sec": 0.005541399121284485,
      "is_warmup": false,
      "iteration": 359,
      "native_traversal_sec": 0.005498942,
      "row_count": 1417
    },
    {
      "elapsed_sec": 0.005506016314029694,
      "is_warmup": false,
      "iteration": 360,
      "native_traversal_sec": 0.005462393,
      "row_count": 1417
    },
    {
      "elapsed_sec": 0.005265288054943085,
      "is_warmup": false,
      "iteration": 361,
      "native_traversal_sec": 0.005222197,
      "row_count": 1417
    },
    {
      "elapsed_sec": 0.0057038962841033936,
      "is_warmup": false,
      "iteration": 362,
      "native_traversal_sec": 0.005659167,
      "row_count": 1417
    },
    {
      "elapsed_sec": 0.0054834261536598206,
      "is_warmup": false,
      "iteration": 363,
      "native_traversal_sec": 0.005440202,
      "row_count": 1417
    },
    {
      "elapsed_sec": 0.005579851567745209,
      "is_warmup": false,
      "iteration": 364,
      "native_traversal_sec": 0.005535342,
      "row_count": 1417
    },
    {
      "elapsed_sec": 0.005496270954608917,
      "is_warmup": false,
      "iteration": 365,
      "native_traversal_sec": 0.005452955,
      "row_count": 1417
    },
    {
      "elapsed_sec": 0.005551256239414215,
      "is_warmup": false,
      "iteration": 366,
      "native_traversal_sec": 0.005506637,
      "row_count": 1417
    },
    {
      "elapsed_sec": 0.005581840872764587,
      "is_warmup": false,
      "iteration": 367,
      "native_traversal_sec": 0.005537947,
      "row_count": 1417
    },
    {
      "elapsed_sec": 0.0053605735301971436,
      "is_warmup": false,
      "iteration": 368,
      "native_traversal_sec": 0.005317137,
      "row_count": 1417
    },
    {
      "elapsed_sec": 0.005700990557670593,
      "is_warmup": false,
      "iteration": 369,
      "native_traversal_sec": 0.005657494,
      "row_count": 1417
    },
    {
      "elapsed_sec": 0.005661413073539734,
      "is_warmup": false,
      "iteration": 370,
      "native_traversal_sec": 0.005616626,
      "row_count": 1417
    },
    {
      "elapsed_sec": 0.005525238811969757,
      "is_warmup": false,
      "iteration": 371,
      "native_traversal_sec": 0.005481029,
      "row_count": 1417
    },
    {
      "elapsed_sec": 0.005584239959716797,
      "is_warmup": false,
      "iteration": 372,
      "native_traversal_sec": 0.00553972,
      "row_count": 1417
    },
    {
      "elapsed_sec": 0.005603425204753876,
      "is_warmup": false,
      "iteration": 373,
      "native_traversal_sec": 0.00556025,
      "row_count": 1417
    },
    {
      "elapsed_sec": 0.00543174147605896,
      "is_warmup": false,
      "iteration": 374,
      "native_traversal_sec": 0.005387812,
      "row_count": 1417
    },
    {
      "elapsed_sec": 0.005369849503040314,
      "is_warmup": false,
      "iteration": 375,
      "native_traversal_sec": 0.005328098,
      "row_count": 1417
    },
    {
      "elapsed_sec": 0.005621768534183502,
      "is_warmup": false,
      "iteration": 376,
      "native_traversal_sec": 0.005577863,
      "row_count": 1417
    },
    {
      "elapsed_sec": 0.005286917090415955,
      "is_warmup": false,
      "iteration": 377,
      "native_traversal_sec": 0.005243166,
      "row_count": 1417
    },
    {
      "elapsed_sec": 0.005654744803905487,
      "is_warmup": false,
      "iteration": 378,
      "native_traversal_sec": 0.005610705,
      "row_count": 1417
    },
    {
      "elapsed_sec": 0.005507871508598328,
      "is_warmup": false,
      "iteration": 379,
      "native_traversal_sec": 0.005462874,
      "row_count": 1417
    },
    {
      "elapsed_sec": 0.005570016801357269,
      "is_warmup": false,
      "iteration": 380,
      "native_traversal_sec": 0.005523209,
      "row_count": 1417
    },
    {
      "elapsed_sec": 0.005609974265098572,
      "is_warmup": false,
      "iteration": 381,
      "native_traversal_sec": 0.005557905,
      "row_count": 1417
    },
    {
      "elapsed_sec": 0.005652852356433868,
      "is_warmup": false,
      "iteration": 382,
      "native_traversal_sec": 0.005608801,
      "row_count": 1417
    },
    {
      "elapsed_sec": 0.00548592209815979,
      "is_warmup": false,
      "iteration": 383,
      "native_traversal_sec": 0.005442085,
      "row_count": 1417
    },
    {
      "elapsed_sec": 0.00531671941280365,
      "is_warmup": false,
      "iteration": 384,
      "native_traversal_sec": 0.005272312,
      "row_count": 1417
    },
    {
      "elapsed_sec": 0.005604267120361328,
      "is_warmup": false,
      "iteration": 385,
      "native_traversal_sec": 0.00556046,
      "row_count": 1417
    },
    {
      "elapsed_sec": 0.005822494626045227,
      "is_warmup": false,
      "iteration": 386,
      "native_traversal_sec": 0.005777964,
      "row_count": 1417
    },
    {
      "elapsed_sec": 0.005541592836380005,
      "is_warmup": false,
      "iteration": 387,
      "native_traversal_sec": 0.005498432,
      "row_count": 1417
    },
    {
      "elapsed_sec": 0.005520835518836975,
      "is_warmup": false,
      "iteration": 388,
      "native_traversal_sec": 0.005477021,
      "row_count": 1417
    },
    {
      "elapsed_sec": 0.005594469606876373,
      "is_warmup": false,
      "iteration": 389,
      "native_traversal_sec": 0.005544229,
      "row_count": 1417
    },
    {
      "elapsed_sec": 0.0054548680782318115,
      "is_warmup": false,
      "iteration": 390,
      "native_traversal_sec": 0.005410395,
      "row_count": 1417
    },
    {
      "elapsed_sec": 0.005662776529788971,
      "is_warmup": false,
      "iteration": 391,
      "native_traversal_sec": 0.005620013,
      "row_count": 1417
    },
    {
      "elapsed_sec": 0.005595318973064423,
      "is_warmup": false,
      "iteration": 392,
      "native_traversal_sec": 0.005551743,
      "row_count": 1417
    },
    {
      "elapsed_sec": 0.005499362945556641,
      "is_warmup": false,
      "iteration": 393,
      "native_traversal_sec": 0.005455731,
      "row_count": 1417
    },
    {
      "elapsed_sec": 0.005718030035495758,
      "is_warmup": false,
      "iteration": 394,
      "native_traversal_sec": 0.005674126,
      "row_count": 1417
    },
    {
      "elapsed_sec": 0.005696229636669159,
      "is_warmup": false,
      "iteration": 395,
      "native_traversal_sec": 0.005652845,
      "row_count": 1417
    },
    {
      "elapsed_sec": 0.005590178072452545,
      "is_warmup": false,
      "iteration": 396,
      "native_traversal_sec": 0.005547335,
      "row_count": 1417
    },
    {
      "elapsed_sec": 0.005726583302021027,
      "is_warmup": false,
      "iteration": 397,
      "native_traversal_sec": 0.005683043,
      "row_count": 1417
    },
    {
      "elapsed_sec": 0.005680471658706665,
      "is_warmup": false,
      "iteration": 398,
      "native_traversal_sec": 0.005637536,
      "row_count": 1417
    },
    {
      "elapsed_sec": 0.005665138363838196,
      "is_warmup": false,
      "iteration": 399,
      "native_traversal_sec": 0.00562357,
      "row_count": 1417
    },
    {
      "elapsed_sec": 0.005631148815155029,
      "is_warmup": false,
      "iteration": 400,
      "native_traversal_sec": 0.005587862,
      "row_count": 1417
    },
    {
      "elapsed_sec": 0.0054735466837882996,
      "is_warmup": false,
      "iteration": 401,
      "native_traversal_sec": 0.005430223,
      "row_count": 1417
    },
    {
      "elapsed_sec": 0.005532786250114441,
      "is_warmup": false,
      "iteration": 402,
      "native_traversal_sec": 0.005375418,
      "row_count": 1417
    },
    {
      "elapsed_sec": 0.0058164820075035095,
      "is_warmup": false,
      "iteration": 403,
      "native_traversal_sec": 0.005772923,
      "row_count": 1417
    },
    {
      "elapsed_sec": 0.005561225116252899,
      "is_warmup": false,
      "iteration": 404,
      "native_traversal_sec": 0.005519071,
      "row_count": 1417
    },
    {
      "elapsed_sec": 0.0055451467633247375,
      "is_warmup": false,
      "iteration": 405,
      "native_traversal_sec": 0.005501457,
      "row_count": 1417
    },
    {
      "elapsed_sec": 0.005517154932022095,
      "is_warmup": false,
      "iteration": 406,
      "native_traversal_sec": 0.005473775,
      "row_count": 1417
    },
    {
      "elapsed_sec": 0.005320005118846893,
      "is_warmup": false,
      "iteration": 407,
      "native_traversal_sec": 0.005276379,
      "row_count": 1417
    },
    {
      "elapsed_sec": 0.005538977682590485,
      "is_warmup": false,
      "iteration": 408,
      "native_traversal_sec": 0.005496619,
      "row_count": 1417
    },
    {
      "elapsed_sec": 0.005527183413505554,
      "is_warmup": false,
      "iteration": 409,
      "native_traversal_sec": 0.005482261,
      "row_count": 1417
    },
    {
      "elapsed_sec": 0.005284115672111511,
      "is_warmup": false,
      "iteration": 410,
      "native_traversal_sec": 0.005241133,
      "row_count": 1417
    },
    {
      "elapsed_sec": 0.005723237991333008,
      "is_warmup": false,
      "iteration": 411,
      "native_traversal_sec": 0.005679807,
      "row_count": 1417
    },
    {
      "elapsed_sec": 0.005463212728500366,
      "is_warmup": false,
      "iteration": 412,
      "native_traversal_sec": 0.005419783,
      "row_count": 1417
    },
    {
      "elapsed_sec": 0.005160540342330933,
      "is_warmup": false,
      "iteration": 413,
      "native_traversal_sec": 0.005116445,
      "row_count": 1417
    },
    {
      "elapsed_sec": 0.00551353394985199,
      "is_warmup": false,
      "iteration": 414,
      "native_traversal_sec": 0.005464537,
      "row_count": 1417
    },
    {
      "elapsed_sec": 0.005376636981964111,
      "is_warmup": false,
      "iteration": 415,
      "native_traversal_sec": 0.005331835,
      "row_count": 1417
    },
    {
      "elapsed_sec": 0.00528591126203537,
      "is_warmup": false,
      "iteration": 416,
      "native_traversal_sec": 0.005242986,
      "row_count": 1417
    },
    {
      "elapsed_sec": 0.00545068085193634,
      "is_warmup": false,
      "iteration": 417,
      "native_traversal_sec": 0.005405065,
      "row_count": 1417
    },
    {
      "elapsed_sec": 0.005248337984085083,
      "is_warmup": false,
      "iteration": 418,
      "native_traversal_sec": 0.005205515,
      "row_count": 1417
    },
    {
      "elapsed_sec": 0.005340747535228729,
      "is_warmup": false,
      "iteration": 419,
      "native_traversal_sec": 0.005297801,
      "row_count": 1417
    },
    {
      "elapsed_sec": 0.005530878901481628,
      "is_warmup": false,
      "iteration": 420,
      "native_traversal_sec": 0.005487531,
      "row_count": 1417
    },
    {
      "elapsed_sec": 0.005453377962112427,
      "is_warmup": false,
      "iteration": 421,
      "native_traversal_sec": 0.005409753,
      "row_count": 1417
    },
    {
      "elapsed_sec": 0.005304209887981415,
      "is_warmup": false,
      "iteration": 422,
      "native_traversal_sec": 0.00526082,
      "row_count": 1417
    },
    {
      "elapsed_sec": 0.005622759461402893,
      "is_warmup": false,
      "iteration": 423,
      "native_traversal_sec": 0.005578785,
      "row_count": 1417
    },
    {
      "elapsed_sec": 0.005535632371902466,
      "is_warmup": false,
      "iteration": 424,
      "native_traversal_sec": 0.00549201,
      "row_count": 1417
    },
    {
      "elapsed_sec": 0.005264371633529663,
      "is_warmup": false,
      "iteration": 425,
      "native_traversal_sec": 0.005219271,
      "row_count": 1417
    },
    {
      "elapsed_sec": 0.005582183599472046,
      "is_warmup": false,
      "iteration": 426,
      "native_traversal_sec": 0.00553953,
      "row_count": 1417
    },
    {
      "elapsed_sec": 0.0055548325181007385,
      "is_warmup": false,
      "iteration": 427,
      "native_traversal_sec": 0.005510345,
      "row_count": 1417
    },
    {
      "elapsed_sec": 0.00552455335855484,
      "is_warmup": false,
      "iteration": 428,
      "native_traversal_sec": 0.005480989,
      "row_count": 1417
    },
    {
      "elapsed_sec": 0.0052734315395355225,
      "is_warmup": false,
      "iteration": 429,
      "native_traversal_sec": 0.005230393,
      "row_count": 1417
    },
    {
      "elapsed_sec": 0.005508556962013245,
      "is_warmup": false,
      "iteration": 430,
      "native_traversal_sec": 0.005466431,
      "row_count": 1417
    },
    {
      "elapsed_sec": 0.005630761384963989,
      "is_warmup": false,
      "iteration": 431,
      "native_traversal_sec": 0.005578333,
      "row_count": 1417
    },
    {
      "elapsed_sec": 0.005401581525802612,
      "is_warmup": false,
      "iteration": 432,
      "native_traversal_sec": 0.005358236,
      "row_count": 1417
    },
    {
      "elapsed_sec": 0.00544951856136322,
      "is_warmup": false,
      "iteration": 433,
      "native_traversal_sec": 0.005405065,
      "row_count": 1417
    },
    {
      "elapsed_sec": 0.005597211420536041,
      "is_warmup": false,
      "iteration": 434,
      "native_traversal_sec": 0.005553406,
      "row_count": 1417
    },
    {
      "elapsed_sec": 0.005239851772785187,
      "is_warmup": false,
      "iteration": 435,
      "native_traversal_sec": 0.005196468,
      "row_count": 1417
    },
    {
      "elapsed_sec": 0.005643777549266815,
      "is_warmup": false,
      "iteration": 436,
      "native_traversal_sec": 0.005600175,
      "row_count": 1417
    },
    {
      "elapsed_sec": 0.005292922258377075,
      "is_warmup": false,
      "iteration": 437,
      "native_traversal_sec": 0.005248707,
      "row_count": 1417
    },
    {
      "elapsed_sec": 0.005296386778354645,
      "is_warmup": false,
      "iteration": 438,
      "native_traversal_sec": 0.005254448,
      "row_count": 1417
    },
    {
      "elapsed_sec": 0.005419090390205383,
      "is_warmup": false,
      "iteration": 439,
      "native_traversal_sec": 0.005375659,
      "row_count": 1417
    },
    {
      "elapsed_sec": 0.005167677998542786,
      "is_warmup": false,
      "iteration": 440,
      "native_traversal_sec": 0.005124371,
      "row_count": 1417
    },
    {
      "elapsed_sec": 0.005416654050350189,
      "is_warmup": false,
      "iteration": 441,
      "native_traversal_sec": 0.005372422,
      "row_count": 1417
    },
    {
      "elapsed_sec": 0.005515135824680328,
      "is_warmup": false,
      "iteration": 442,
      "native_traversal_sec": 0.005472042,
      "row_count": 1417
    },
    {
      "elapsed_sec": 0.005171738564968109,
      "is_warmup": false,
      "iteration": 443,
      "native_traversal_sec": 0.005128558,
      "row_count": 1417
    },
    {
      "elapsed_sec": 0.005616091191768646,
      "is_warmup": false,
      "iteration": 444,
      "native_traversal_sec": 0.005572943,
      "row_count": 1417
    },
    {
      "elapsed_sec": 0.005371168255805969,
      "is_warmup": false,
      "iteration": 445,
      "native_traversal_sec": 0.005326745,
      "row_count": 1417
    },
    {
      "elapsed_sec": 0.005241096019744873,
      "is_warmup": false,
      "iteration": 446,
      "native_traversal_sec": 0.005196899,
      "row_count": 1417
    },
    {
      "elapsed_sec": 0.005531184375286102,
      "is_warmup": false,
      "iteration": 447,
      "native_traversal_sec": 0.00548693,
      "row_count": 1417
    },
    {
      "elapsed_sec": 0.005618385970592499,
      "is_warmup": false,
      "iteration": 448,
      "native_traversal_sec": 0.005575018,
      "row_count": 1417
    },
    {
      "elapsed_sec": 0.005357228219509125,
      "is_warmup": false,
      "iteration": 449,
      "native_traversal_sec": 0.005314032,
      "row_count": 1417
    },
    {
      "elapsed_sec": 0.005769520998001099,
      "is_warmup": false,
      "iteration": 450,
      "native_traversal_sec": 0.005725654,
      "row_count": 1417
    },
    {
      "elapsed_sec": 0.0054128170013427734,
      "is_warmup": false,
      "iteration": 451,
      "native_traversal_sec": 0.005367954,
      "row_count": 1417
    },
    {
      "elapsed_sec": 0.005315013229846954,
      "is_warmup": false,
      "iteration": 452,
      "native_traversal_sec": 0.00527101,
      "row_count": 1417
    },
    {
      "elapsed_sec": 0.005600973963737488,
      "is_warmup": false,
      "iteration": 453,
      "native_traversal_sec": 0.005556191,
      "row_count": 1417
    },
    {
      "elapsed_sec": 0.005401231348514557,
      "is_warmup": false,
      "iteration": 454,
      "native_traversal_sec": 0.005358506,
      "row_count": 1417
    },
    {
      "elapsed_sec": 0.005244262516498566,
      "is_warmup": false,
      "iteration": 455,
      "native_traversal_sec": 0.005201417,
      "row_count": 1417
    },
    {
      "elapsed_sec": 0.00547143816947937,
      "is_warmup": false,
      "iteration": 456,
      "native_traversal_sec": 0.005428118,
      "row_count": 1417
    },
    {
      "elapsed_sec": 0.005332194268703461,
      "is_warmup": false,
      "iteration": 457,
      "native_traversal_sec": 0.005284015,
      "row_count": 1417
    },
    {
      "elapsed_sec": 0.005116403102874756,
      "is_warmup": false,
      "iteration": 458,
      "native_traversal_sec": 0.005072513,
      "row_count": 1417
    },
    {
      "elapsed_sec": 0.0056879594922065735,
      "is_warmup": false,
      "iteration": 459,
      "native_traversal_sec": 0.00564485,
      "row_count": 1417
    },
    {
      "elapsed_sec": 0.0053655728697776794,
      "is_warmup": false,
      "iteration": 460,
      "native_traversal_sec": 0.005322317,
      "row_count": 1417
    },
    {
      "elapsed_sec": 0.005446970462799072,
      "is_warmup": false,
      "iteration": 461,
      "native_traversal_sec": 0.005403071,
      "row_count": 1417
    },
    {
      "elapsed_sec": 0.005518853664398193,
      "is_warmup": false,
      "iteration": 462,
      "native_traversal_sec": 0.00547678,
      "row_count": 1417
    },
    {
      "elapsed_sec": 0.0054153576493263245,
      "is_warmup": false,
      "iteration": 463,
      "native_traversal_sec": 0.005372903,
      "row_count": 1417
    },
    {
      "elapsed_sec": 0.005376540124416351,
      "is_warmup": false,
      "iteration": 464,
      "native_traversal_sec": 0.005333117,
      "row_count": 1417
    },
    {
      "elapsed_sec": 0.005322754383087158,
      "is_warmup": false,
      "iteration": 465,
      "native_traversal_sec": 0.005278564,
      "row_count": 1417
    },
    {
      "elapsed_sec": 0.0054984018206596375,
      "is_warmup": false,
      "iteration": 466,
      "native_traversal_sec": 0.005456082,
      "row_count": 1417
    },
    {
      "elapsed_sec": 0.005916953086853027,
      "is_warmup": false,
      "iteration": 467,
      "native_traversal_sec": 0.005861352,
      "row_count": 1417
    },
    {
      "elapsed_sec": 0.005629308521747589,
      "is_warmup": false,
      "iteration": 468,
      "native_traversal_sec": 0.005554619,
      "row_count": 1417
    },
    {
      "elapsed_sec": 0.005248859524726868,
      "is_warmup": false,
      "iteration": 469,
      "native_traversal_sec": 0.005203181,
      "row_count": 1417
    },
    {
      "elapsed_sec": 0.005193859338760376,
      "is_warmup": false,
      "iteration": 470,
      "native_traversal_sec": 0.00515009,
      "row_count": 1417
    },
    {
      "elapsed_sec": 0.005400210618972778,
      "is_warmup": false,
      "iteration": 471,
      "native_traversal_sec": 0.005356712,
      "row_count": 1417
    },
    {
      "elapsed_sec": 0.005390249192714691,
      "is_warmup": false,
      "iteration": 472,
      "native_traversal_sec": 0.005345661,
      "row_count": 1417
    },
    {
      "elapsed_sec": 0.005451321601867676,
      "is_warmup": false,
      "iteration": 473,
      "native_traversal_sec": 0.005407239,
      "row_count": 1417
    },
    {
      "elapsed_sec": 0.005453646183013916,
      "is_warmup": false,
      "iteration": 474,
      "native_traversal_sec": 0.005410294,
      "row_count": 1417
    },
    {
      "elapsed_sec": 0.005387492477893829,
      "is_warmup": false,
      "iteration": 475,
      "native_traversal_sec": 0.005343958,
      "row_count": 1417
    },
    {
      "elapsed_sec": 0.005370289087295532,
      "is_warmup": false,
      "iteration": 476,
      "native_traversal_sec": 0.005326214,
      "row_count": 1417
    },
    {
      "elapsed_sec": 0.00529470294713974,
      "is_warmup": false,
      "iteration": 477,
      "native_traversal_sec": 0.005250932,
      "row_count": 1417
    },
    {
      "elapsed_sec": 0.005808189511299133,
      "is_warmup": false,
      "iteration": 478,
      "native_traversal_sec": 0.005763877,
      "row_count": 1417
    },
    {
      "elapsed_sec": 0.005631886422634125,
      "is_warmup": false,
      "iteration": 479,
      "native_traversal_sec": 0.005586449,
      "row_count": 1417
    },
    {
      "elapsed_sec": 0.005592778325080872,
      "is_warmup": false,
      "iteration": 480,
      "native_traversal_sec": 0.005548797,
      "row_count": 1417
    },
    {
      "elapsed_sec": 0.005413457751274109,
      "is_warmup": false,
      "iteration": 481,
      "native_traversal_sec": 0.005369016,
      "row_count": 1417
    },
    {
      "elapsed_sec": 0.005526602268218994,
      "is_warmup": false,
      "iteration": 482,
      "native_traversal_sec": 0.005483493,
      "row_count": 1417
    },
    {
      "elapsed_sec": 0.005511976778507233,
      "is_warmup": false,
      "iteration": 483,
      "native_traversal_sec": 0.005467173,
      "row_count": 1417
    },
    {
      "elapsed_sec": 0.005417421460151672,
      "is_warmup": false,
      "iteration": 484,
      "native_traversal_sec": 0.005374015,
      "row_count": 1417
    },
    {
      "elapsed_sec": 0.005378127098083496,
      "is_warmup": false,
      "iteration": 485,
      "native_traversal_sec": 0.005333148,
      "row_count": 1417
    },
    {
      "elapsed_sec": 0.00552503764629364,
      "is_warmup": false,
      "iteration": 486,
      "native_traversal_sec": 0.00548175,
      "row_count": 1417
    },
    {
      "elapsed_sec": 0.005531564354896545,
      "is_warmup": false,
      "iteration": 487,
      "native_traversal_sec": 0.005486779,
      "row_count": 1417
    },
    {
      "elapsed_sec": 0.005464345216751099,
      "is_warmup": false,
      "iteration": 488,
      "native_traversal_sec": 0.005420344,
      "row_count": 1417
    },
    {
      "elapsed_sec": 0.005586005747318268,
      "is_warmup": false,
      "iteration": 489,
      "native_traversal_sec": 0.005541374,
      "row_count": 1417
    },
    {
      "elapsed_sec": 0.005433462560176849,
      "is_warmup": false,
      "iteration": 490,
      "native_traversal_sec": 0.005389063,
      "row_count": 1417
    },
    {
      "elapsed_sec": 0.005319423973560333,
      "is_warmup": false,
      "iteration": 491,
      "native_traversal_sec": 0.005277171,
      "row_count": 1417
    },
    {
      "elapsed_sec": 0.005444183945655823,
      "is_warmup": false,
      "iteration": 492,
      "native_traversal_sec": 0.005400486,
      "row_count": 1417
    },
    {
      "elapsed_sec": 0.005557388067245483,
      "is_warmup": false,
      "iteration": 493,
      "native_traversal_sec": 0.00551355,
      "row_count": 1417
    },
    {
      "elapsed_sec": 0.005398750305175781,
      "is_warmup": false,
      "iteration": 494,
      "native_traversal_sec": 0.00535522,
      "row_count": 1417
    },
    {
      "elapsed_sec": 0.005871802568435669,
      "is_warmup": false,
      "iteration": 495,
      "native_traversal_sec": 0.005796408,
      "row_count": 1417
    },
    {
      "elapsed_sec": 0.00546332448720932,
      "is_warmup": false,
      "iteration": 496,
      "native_traversal_sec": 0.005370689,
      "row_count": 1417
    },
    {
      "elapsed_sec": 0.005273006856441498,
      "is_warmup": false,
      "iteration": 497,
      "native_traversal_sec": 0.005226534,
      "row_count": 1417
    },
    {
      "elapsed_sec": 0.005382157862186432,
      "is_warmup": false,
      "iteration": 498,
      "native_traversal_sec": 0.005338588,
      "row_count": 1417
    },
    {
      "elapsed_sec": 0.005665935575962067,
      "is_warmup": false,
      "iteration": 499,
      "native_traversal_sec": 0.005621176,
      "row_count": 1417
    },
    {
      "elapsed_sec": 0.005383685231208801,
      "is_warmup": false,
      "iteration": 500,
      "native_traversal_sec": 0.005340732,
      "row_count": 1417
    },
    {
      "elapsed_sec": 0.005621381103992462,
      "is_warmup": false,
      "iteration": 501,
      "native_traversal_sec": 0.005575649,
      "row_count": 1417
    },
    {
      "elapsed_sec": 0.005901306867599487,
      "is_warmup": false,
      "iteration": 502,
      "native_traversal_sec": 0.005854839,
      "row_count": 1417
    },
    {
      "elapsed_sec": 0.005533680319786072,
      "is_warmup": false,
      "iteration": 503,
      "native_traversal_sec": 0.005485006,
      "row_count": 1417
    },
    {
      "elapsed_sec": 0.005486592650413513,
      "is_warmup": false,
      "iteration": 504,
      "native_traversal_sec": 0.005442144,
      "row_count": 1417
    },
    {
      "elapsed_sec": 0.005473658442497253,
      "is_warmup": false,
      "iteration": 505,
      "native_traversal_sec": 0.005428308,
      "row_count": 1417
    },
    {
      "elapsed_sec": 0.005331866443157196,
      "is_warmup": false,
      "iteration": 506,
      "native_traversal_sec": 0.005284035,
      "row_count": 1417
    },
    {
      "elapsed_sec": 0.005431078374385834,
      "is_warmup": false,
      "iteration": 507,
      "native_traversal_sec": 0.005386088,
      "row_count": 1417
    },
    {
      "elapsed_sec": 0.005429379642009735,
      "is_warmup": false,
      "iteration": 508,
      "native_traversal_sec": 0.005383573,
      "row_count": 1417
    },
    {
      "elapsed_sec": 0.00555054098367691,
      "is_warmup": false,
      "iteration": 509,
      "native_traversal_sec": 0.005505956,
      "row_count": 1417
    },
    {
      "elapsed_sec": 0.005408734083175659,
      "is_warmup": false,
      "iteration": 510,
      "native_traversal_sec": 0.005365238,
      "row_count": 1417
    },
    {
      "elapsed_sec": 0.005561612546443939,
      "is_warmup": false,
      "iteration": 511,
      "native_traversal_sec": 0.005517098,
      "row_count": 1417
    },
    {
      "elapsed_sec": 0.0056897178292274475,
      "is_warmup": false,
      "iteration": 512,
      "native_traversal_sec": 0.005645812,
      "row_count": 1417
    },
    {
      "elapsed_sec": 0.005366109311580658,
      "is_warmup": false,
      "iteration": 513,
      "native_traversal_sec": 0.005321225,
      "row_count": 1417
    },
    {
      "elapsed_sec": 0.005890592932701111,
      "is_warmup": false,
      "iteration": 514,
      "native_traversal_sec": 0.005846463,
      "row_count": 1417
    },
    {
      "elapsed_sec": 0.005485758185386658,
      "is_warmup": false,
      "iteration": 515,
      "native_traversal_sec": 0.005440782,
      "row_count": 1417
    },
    {
      "elapsed_sec": 0.0053930580615997314,
      "is_warmup": false,
      "iteration": 516,
      "native_traversal_sec": 0.005349188,
      "row_count": 1417
    },
    {
      "elapsed_sec": 0.005599580705165863,
      "is_warmup": false,
      "iteration": 517,
      "native_traversal_sec": 0.005546443,
      "row_count": 1417
    },
    {
      "elapsed_sec": 0.005730397999286652,
      "is_warmup": false,
      "iteration": 518,
      "native_traversal_sec": 0.005685968,
      "row_count": 1417
    },
    {
      "elapsed_sec": 0.005371540784835815,
      "is_warmup": false,
      "iteration": 519,
      "native_traversal_sec": 0.005321104,
      "row_count": 1417
    },
    {
      "elapsed_sec": 0.00587058812379837,
      "is_warmup": false,
      "iteration": 520,
      "native_traversal_sec": 0.005826897,
      "row_count": 1417
    },
    {
      "elapsed_sec": 0.005472660064697266,
      "is_warmup": false,
      "iteration": 521,
      "native_traversal_sec": 0.005427708,
      "row_count": 1417
    },
    {
      "elapsed_sec": 0.005527682602405548,
      "is_warmup": false,
      "iteration": 522,
      "native_traversal_sec": 0.005483263,
      "row_count": 1417
    },
    {
      "elapsed_sec": 0.0052681565284729,
      "is_warmup": false,
      "iteration": 523,
      "native_traversal_sec": 0.005225133,
      "row_count": 1417
    },
    {
      "elapsed_sec": 0.005441248416900635,
      "is_warmup": false,
      "iteration": 524,
      "native_traversal_sec": 0.005396879,
      "row_count": 1417
    },
    {
      "elapsed_sec": 0.0055112168192863464,
      "is_warmup": false,
      "iteration": 525,
      "native_traversal_sec": 0.0054658,
      "row_count": 1417
    },
    {
      "elapsed_sec": 0.005835354328155518,
      "is_warmup": false,
      "iteration": 526,
      "native_traversal_sec": 0.00576055,
      "row_count": 1417
    },
    {
      "elapsed_sec": 0.005433313548564911,
      "is_warmup": false,
      "iteration": 527,
      "native_traversal_sec": 0.005343037,
      "row_count": 1417
    },
    {
      "elapsed_sec": 0.005478233098983765,
      "is_warmup": false,
      "iteration": 528,
      "native_traversal_sec": 0.005432797,
      "row_count": 1417
    },
    {
      "elapsed_sec": 0.005250170826911926,
      "is_warmup": false,
      "iteration": 529,
      "native_traversal_sec": 0.005206176,
      "row_count": 1417
    },
    {
      "elapsed_sec": 0.0056841447949409485,
      "is_warmup": false,
      "iteration": 530,
      "native_traversal_sec": 0.00563934,
      "row_count": 1417
    },
    {
      "elapsed_sec": 0.005709528923034668,
      "is_warmup": false,
      "iteration": 531,
      "native_traversal_sec": 0.005664909,
      "row_count": 1417
    },
    {
      "elapsed_sec": 0.005446501076221466,
      "is_warmup": false,
      "iteration": 532,
      "native_traversal_sec": 0.005401467,
      "row_count": 1417
    },
    {
      "elapsed_sec": 0.005382709205150604,
      "is_warmup": false,
      "iteration": 533,
      "native_traversal_sec": 0.005339109,
      "row_count": 1417
    },
    {
      "elapsed_sec": 0.00558742880821228,
      "is_warmup": false,
      "iteration": 534,
      "native_traversal_sec": 0.005543458,
      "row_count": 1417
    },
    {
      "elapsed_sec": 0.005218125879764557,
      "is_warmup": false,
      "iteration": 535,
      "native_traversal_sec": 0.005173524,
      "row_count": 1417
    },
    {
      "elapsed_sec": 0.005582854151725769,
      "is_warmup": false,
      "iteration": 536,
      "native_traversal_sec": 0.00553964,
      "row_count": 1417
    },
    {
      "elapsed_sec": 0.005531176924705505,
      "is_warmup": false,
      "iteration": 537,
      "native_traversal_sec": 0.005486168,
      "row_count": 1417
    },
    {
      "elapsed_sec": 0.005297161638736725,
      "is_warmup": false,
      "iteration": 538,
      "native_traversal_sec": 0.005251041,
      "row_count": 1417
    },
    {
      "elapsed_sec": 0.005643367767333984,
      "is_warmup": false,
      "iteration": 539,
      "native_traversal_sec": 0.005599344,
      "row_count": 1417
    },
    {
      "elapsed_sec": 0.005944952368736267,
      "is_warmup": false,
      "iteration": 540,
      "native_traversal_sec": 0.005900165,
      "row_count": 1417
    },
    {
      "elapsed_sec": 0.005433812737464905,
      "is_warmup": false,
      "iteration": 541,
      "native_traversal_sec": 0.005385698,
      "row_count": 1417
    },
    {
      "elapsed_sec": 0.0054421499371528625,
      "is_warmup": false,
      "iteration": 542,
      "native_traversal_sec": 0.005396598,
      "row_count": 1417
    },
    {
      "elapsed_sec": 0.005767591297626495,
      "is_warmup": false,
      "iteration": 543,
      "native_traversal_sec": 0.005722268,
      "row_count": 1417
    },
    {
      "elapsed_sec": 0.005379773676395416,
      "is_warmup": false,
      "iteration": 544,
      "native_traversal_sec": 0.005335061,
      "row_count": 1417
    },
    {
      "elapsed_sec": 0.0052979812026023865,
      "is_warmup": false,
      "iteration": 545,
      "native_traversal_sec": 0.005254558,
      "row_count": 1417
    },
    {
      "elapsed_sec": 0.005810178816318512,
      "is_warmup": false,
      "iteration": 546,
      "native_traversal_sec": 0.005765459,
      "row_count": 1417
    },
    {
      "elapsed_sec": 0.005432337522506714,
      "is_warmup": false,
      "iteration": 547,
      "native_traversal_sec": 0.005388442,
      "row_count": 1417
    },
    {
      "elapsed_sec": 0.005725257098674774,
      "is_warmup": false,
      "iteration": 548,
      "native_traversal_sec": 0.005681139,
      "row_count": 1417
    },
    {
      "elapsed_sec": 0.005326114594936371,
      "is_warmup": false,
      "iteration": 549,
      "native_traversal_sec": 0.0052818,
      "row_count": 1417
    },
    {
      "elapsed_sec": 0.005284525454044342,
      "is_warmup": false,
      "iteration": 550,
      "native_traversal_sec": 0.005239991,
      "row_count": 1417
    },
    {
      "elapsed_sec": 0.005452588200569153,
      "is_warmup": false,
      "iteration": 551,
      "native_traversal_sec": 0.005408441,
      "row_count": 1417
    },
    {
      "elapsed_sec": 0.00574096292257309,
      "is_warmup": false,
      "iteration": 552,
      "native_traversal_sec": 0.005696808,
      "row_count": 1417
    },
    {
      "elapsed_sec": 0.005202643573284149,
      "is_warmup": false,
      "iteration": 553,
      "native_traversal_sec": 0.005158355,
      "row_count": 1417
    },
    {
      "elapsed_sec": 0.005552738904953003,
      "is_warmup": false,
      "iteration": 554,
      "native_traversal_sec": 0.005508872,
      "row_count": 1417
    },
    {
      "elapsed_sec": 0.005475319921970367,
      "is_warmup": false,
      "iteration": 555,
      "native_traversal_sec": 0.005430262,
      "row_count": 1417
    },
    {
      "elapsed_sec": 0.005699619650840759,
      "is_warmup": false,
      "iteration": 556,
      "native_traversal_sec": 0.005654328,
      "row_count": 1417
    },
    {
      "elapsed_sec": 0.005427651107311249,
      "is_warmup": false,
      "iteration": 557,
      "native_traversal_sec": 0.005381309,
      "row_count": 1417
    },
    {
      "elapsed_sec": 0.005509637296199799,
      "is_warmup": false,
      "iteration": 558,
      "native_traversal_sec": 0.0054397,
      "row_count": 1417
    },
    {
      "elapsed_sec": 0.005501069128513336,
      "is_warmup": false,
      "iteration": 559,
      "native_traversal_sec": 0.005454879,
      "row_count": 1417
    },
    {
      "elapsed_sec": 0.005367569625377655,
      "is_warmup": false,
      "iteration": 560,
      "native_traversal_sec": 0.005317538,
      "row_count": 1417
    },
    {
      "elapsed_sec": 0.005310133099555969,
      "is_warmup": false,
      "iteration": 561,
      "native_traversal_sec": 0.00526601,
      "row_count": 1417
    },
    {
      "elapsed_sec": 0.0055250003933906555,
      "is_warmup": false,
      "iteration": 562,
      "native_traversal_sec": 0.005480839,
      "row_count": 1417
    },
    {
      "elapsed_sec": 0.005442783236503601,
      "is_warmup": false,
      "iteration": 563,
      "native_traversal_sec": 0.005398793,
      "row_count": 1417
    },
    {
      "elapsed_sec": 0.005464635789394379,
      "is_warmup": false,
      "iteration": 564,
      "native_traversal_sec": 0.005421115,
      "row_count": 1417
    },
    {
      "elapsed_sec": 0.005351588129997253,
      "is_warmup": false,
      "iteration": 565,
      "native_traversal_sec": 0.005307489,
      "row_count": 1417
    },
    {
      "elapsed_sec": 0.005411475896835327,
      "is_warmup": false,
      "iteration": 566,
      "native_traversal_sec": 0.005367302,
      "row_count": 1417
    },
    {
      "elapsed_sec": 0.0054885149002075195,
      "is_warmup": false,
      "iteration": 567,
      "native_traversal_sec": 0.0054447,
      "row_count": 1417
    },
    {
      "elapsed_sec": 0.005476802587509155,
      "is_warmup": false,
      "iteration": 568,
      "native_traversal_sec": 0.005433989,
      "row_count": 1417
    },
    {
      "elapsed_sec": 0.00543106347322464,
      "is_warmup": false,
      "iteration": 569,
      "native_traversal_sec": 0.005386779,
      "row_count": 1417
    },
    {
      "elapsed_sec": 0.0054321736097335815,
      "is_warmup": false,
      "iteration": 570,
      "native_traversal_sec": 0.005388222,
      "row_count": 1417
    },
    {
      "elapsed_sec": 0.005461253225803375,
      "is_warmup": false,
      "iteration": 571,
      "native_traversal_sec": 0.005416646,
      "row_count": 1417
    },
    {
      "elapsed_sec": 0.005238257348537445,
      "is_warmup": false,
      "iteration": 572,
      "native_traversal_sec": 0.005194354,
      "row_count": 1417
    },
    {
      "elapsed_sec": 0.005751319229602814,
      "is_warmup": false,
      "iteration": 573,
      "native_traversal_sec": 0.005708171,
      "row_count": 1417
    },
    {
      "elapsed_sec": 0.005167581140995026,
      "is_warmup": false,
      "iteration": 574,
      "native_traversal_sec": 0.00512351,
      "row_count": 1417
    },
    {
      "elapsed_sec": 0.005600325763225555,
      "is_warmup": false,
      "iteration": 575,
      "native_traversal_sec": 0.005557174,
      "row_count": 1417
    },
    {
      "elapsed_sec": 0.005393557250499725,
      "is_warmup": false,
      "iteration": 576,
      "native_traversal_sec": 0.005348858,
      "row_count": 1417
    },
    {
      "elapsed_sec": 0.005347259342670441,
      "is_warmup": false,
      "iteration": 577,
      "native_traversal_sec": 0.005303381,
      "row_count": 1417
    },
    {
      "elapsed_sec": 0.0055878981947898865,
      "is_warmup": false,
      "iteration": 578,
      "native_traversal_sec": 0.005544009,
      "row_count": 1417
    },
    {
      "elapsed_sec": 0.005580902099609375,
      "is_warmup": false,
      "iteration": 579,
      "native_traversal_sec": 0.005535953,
      "row_count": 1417
    },
    {
      "elapsed_sec": 0.0054444074630737305,
      "is_warmup": false,
      "iteration": 580,
      "native_traversal_sec": 0.005400496,
      "row_count": 1417
    },
    {
      "elapsed_sec": 0.005343794822692871,
      "is_warmup": false,
      "iteration": 581,
      "native_traversal_sec": 0.005300496,
      "row_count": 1417
    },
    {
      "elapsed_sec": 0.005580112338066101,
      "is_warmup": false,
      "iteration": 582,
      "native_traversal_sec": 0.005536274,
      "row_count": 1417
    },
    {
      "elapsed_sec": 0.005480274558067322,
      "is_warmup": false,
      "iteration": 583,
      "native_traversal_sec": 0.005436885,
      "row_count": 1417
    },
    {
      "elapsed_sec": 0.005575776100158691,
      "is_warmup": false,
      "iteration": 584,
      "native_traversal_sec": 0.005533389,
      "row_count": 1417
    },
    {
      "elapsed_sec": 0.005577400326728821,
      "is_warmup": false,
      "iteration": 585,
      "native_traversal_sec": 0.005533238,
      "row_count": 1417
    },
    {
      "elapsed_sec": 0.005564354360103607,
      "is_warmup": false,
      "iteration": 586,
      "native_traversal_sec": 0.005520654,
      "row_count": 1417
    },
    {
      "elapsed_sec": 0.005535513162612915,
      "is_warmup": false,
      "iteration": 587,
      "native_traversal_sec": 0.005490858,
      "row_count": 1417
    },
    {
      "elapsed_sec": 0.0056004598736763,
      "is_warmup": false,
      "iteration": 588,
      "native_traversal_sec": 0.005521265,
      "row_count": 1417
    },
    {
      "elapsed_sec": 0.0053961798548698425,
      "is_warmup": false,
      "iteration": 589,
      "native_traversal_sec": 0.005352354,
      "row_count": 1417
    },
    {
      "elapsed_sec": 0.005537733435630798,
      "is_warmup": false,
      "iteration": 590,
      "native_traversal_sec": 0.005356822,
      "row_count": 1417
    },
    {
      "elapsed_sec": 0.005330249667167664,
      "is_warmup": false,
      "iteration": 591,
      "native_traversal_sec": 0.005286078,
      "row_count": 1417
    },
    {
      "elapsed_sec": 0.0055727362632751465,
      "is_warmup": false,
      "iteration": 592,
      "native_traversal_sec": 0.005528309,
      "row_count": 1417
    },
    {
      "elapsed_sec": 0.005195014178752899,
      "is_warmup": false,
      "iteration": 593,
      "native_traversal_sec": 0.005150581,
      "row_count": 1417
    },
    {
      "elapsed_sec": 0.005781807005405426,
      "is_warmup": false,
      "iteration": 594,
      "native_traversal_sec": 0.005737547,
      "row_count": 1417
    },
    {
      "elapsed_sec": 0.005699515342712402,
      "is_warmup": false,
      "iteration": 595,
      "native_traversal_sec": 0.00565505,
      "row_count": 1417
    },
    {
      "elapsed_sec": 0.005562886595726013,
      "is_warmup": false,
      "iteration": 596,
      "native_traversal_sec": 0.005519542,
      "row_count": 1417
    },
    {
      "elapsed_sec": 0.0053467899560928345,
      "is_warmup": false,
      "iteration": 597,
      "native_traversal_sec": 0.005302299,
      "row_count": 1417
    },
    {
      "elapsed_sec": 0.005690649151802063,
      "is_warmup": false,
      "iteration": 598,
      "native_traversal_sec": 0.005646894,
      "row_count": 1417
    },
    {
      "elapsed_sec": 0.00554337352514267,
      "is_warmup": false,
      "iteration": 599,
      "native_traversal_sec": 0.005498451,
      "row_count": 1417
    },
    {
      "elapsed_sec": 0.005627833306789398,
      "is_warmup": false,
      "iteration": 600,
      "native_traversal_sec": 0.005583314,
      "row_count": 1417
    },
    {
      "elapsed_sec": 0.005339391529560089,
      "is_warmup": false,
      "iteration": 601,
      "native_traversal_sec": 0.005295296,
      "row_count": 1417
    },
    {
      "elapsed_sec": 0.005341149866580963,
      "is_warmup": false,
      "iteration": 602,
      "native_traversal_sec": 0.005297059,
      "row_count": 1417
    },
    {
      "elapsed_sec": 0.005738608539104462,
      "is_warmup": false,
      "iteration": 603,
      "native_traversal_sec": 0.005692831,
      "row_count": 1417
    },
    {
      "elapsed_sec": 0.005402013659477234,
      "is_warmup": false,
      "iteration": 604,
      "native_traversal_sec": 0.005357824,
      "row_count": 1417
    },
    {
      "elapsed_sec": 0.005522817373275757,
      "is_warmup": false,
      "iteration": 605,
      "native_traversal_sec": 0.005478133,
      "row_count": 1417
    },
    {
      "elapsed_sec": 0.005588904023170471,
      "is_warmup": false,
      "iteration": 606,
      "native_traversal_sec": 0.005543879,
      "row_count": 1417
    },
    {
      "elapsed_sec": 0.005299776792526245,
      "is_warmup": false,
      "iteration": 607,
      "native_traversal_sec": 0.00525556,
      "row_count": 1417
    },
    {
      "elapsed_sec": 0.005593977868556976,
      "is_warmup": false,
      "iteration": 608,
      "native_traversal_sec": 0.005549328,
      "row_count": 1417
    },
    {
      "elapsed_sec": 0.005562767386436462,
      "is_warmup": false,
      "iteration": 609,
      "native_traversal_sec": 0.005518149,
      "row_count": 1417
    },
    {
      "elapsed_sec": 0.005252838134765625,
      "is_warmup": false,
      "iteration": 610,
      "native_traversal_sec": 0.005208712,
      "row_count": 1417
    },
    {
      "elapsed_sec": 0.0055980384349823,
      "is_warmup": false,
      "iteration": 611,
      "native_traversal_sec": 0.005553597,
      "row_count": 1417
    },
    {
      "elapsed_sec": 0.0056304484605789185,
      "is_warmup": false,
      "iteration": 612,
      "native_traversal_sec": 0.005585097,
      "row_count": 1417
    },
    {
      "elapsed_sec": 0.00578511506319046,
      "is_warmup": false,
      "iteration": 613,
      "native_traversal_sec": 0.005740321,
      "row_count": 1417
    },
    {
      "elapsed_sec": 0.00526699423789978,
      "is_warmup": false,
      "iteration": 614,
      "native_traversal_sec": 0.005223139,
      "row_count": 1417
    },
    {
      "elapsed_sec": 0.005677759647369385,
      "is_warmup": false,
      "iteration": 615,
      "native_traversal_sec": 0.005633929,
      "row_count": 1417
    },
    {
      "elapsed_sec": 0.005578584969043732,
      "is_warmup": false,
      "iteration": 616,
      "native_traversal_sec": 0.005533228,
      "row_count": 1417
    },
    {
      "elapsed_sec": 0.005394376814365387,
      "is_warmup": false,
      "iteration": 617,
      "native_traversal_sec": 0.00535007,
      "row_count": 1417
    },
    {
      "elapsed_sec": 0.005460307002067566,
      "is_warmup": false,
      "iteration": 618,
      "native_traversal_sec": 0.005410936,
      "row_count": 1417
    },
    {
      "elapsed_sec": 0.005566142499446869,
      "is_warmup": false,
      "iteration": 619,
      "native_traversal_sec": 0.005521686,
      "row_count": 1417
    },
    {
      "elapsed_sec": 0.005662404000759125,
      "is_warmup": false,
      "iteration": 620,
      "native_traversal_sec": 0.005617989,
      "row_count": 1417
    },
    {
      "elapsed_sec": 0.005284160375595093,
      "is_warmup": false,
      "iteration": 621,
      "native_traversal_sec": 0.00523975,
      "row_count": 1417
    },
    {
      "elapsed_sec": 0.005908265709877014,
      "is_warmup": false,
      "iteration": 622,
      "native_traversal_sec": 0.005859047,
      "row_count": 1417
    },
    {
      "elapsed_sec": 0.005646079778671265,
      "is_warmup": false,
      "iteration": 623,
      "native_traversal_sec": 0.005600546,
      "row_count": 1417
    },
    {
      "elapsed_sec": 0.0054587721824646,
      "is_warmup": false,
      "iteration": 624,
      "native_traversal_sec": 0.005414523,
      "row_count": 1417
    },
    {
      "elapsed_sec": 0.005593359470367432,
      "is_warmup": false,
      "iteration": 625,
      "native_traversal_sec": 0.005548527,
      "row_count": 1417
    },
    {
      "elapsed_sec": 0.0055188387632369995,
      "is_warmup": false,
      "iteration": 626,
      "native_traversal_sec": 0.005474226,
      "row_count": 1417
    },
    {
      "elapsed_sec": 0.005652867257595062,
      "is_warmup": false,
      "iteration": 627,
      "native_traversal_sec": 0.00560756,
      "row_count": 1417
    },
    {
      "elapsed_sec": 0.005621783435344696,
      "is_warmup": false,
      "iteration": 628,
      "native_traversal_sec": 0.005577492,
      "row_count": 1417
    },
    {
      "elapsed_sec": 0.005410648882389069,
      "is_warmup": false,
      "iteration": 629,
      "native_traversal_sec": 0.005366831,
      "row_count": 1417
    },
    {
      "elapsed_sec": 0.005605839192867279,
      "is_warmup": false,
      "iteration": 630,
      "native_traversal_sec": 0.005561832,
      "row_count": 1417
    },
    {
      "elapsed_sec": 0.005593307316303253,
      "is_warmup": false,
      "iteration": 631,
      "native_traversal_sec": 0.005549369,
      "row_count": 1417
    },
    {
      "elapsed_sec": 0.005771465599536896,
      "is_warmup": false,
      "iteration": 632,
      "native_traversal_sec": 0.005711818,
      "row_count": 1417
    },
    {
      "elapsed_sec": 0.0053626298904418945,
      "is_warmup": false,
      "iteration": 633,
      "native_traversal_sec": 0.005319131,
      "row_count": 1417
    },
    {
      "elapsed_sec": 0.0054994672536849976,
      "is_warmup": false,
      "iteration": 634,
      "native_traversal_sec": 0.00545526,
      "row_count": 1417
    },
    {
      "elapsed_sec": 0.005364738404750824,
      "is_warmup": false,
      "iteration": 635,
      "native_traversal_sec": 0.005319773,
      "row_count": 1417
    },
    {
      "elapsed_sec": 0.005558639764785767,
      "is_warmup": false,
      "iteration": 636,
      "native_traversal_sec": 0.005515243,
      "row_count": 1417
    },
    {
      "elapsed_sec": 0.005329683423042297,
      "is_warmup": false,
      "iteration": 637,
      "native_traversal_sec": 0.005285617,
      "row_count": 1417
    },
    {
      "elapsed_sec": 0.00550437718629837,
      "is_warmup": false,
      "iteration": 638,
      "native_traversal_sec": 0.005460429,
      "row_count": 1417
    },
    {
      "elapsed_sec": 0.00551217794418335,
      "is_warmup": false,
      "iteration": 639,
      "native_traversal_sec": 0.005468615,
      "row_count": 1417
    },
    {
      "elapsed_sec": 0.005437292158603668,
      "is_warmup": false,
      "iteration": 640,
      "native_traversal_sec": 0.005392761,
      "row_count": 1417
    },
    {
      "elapsed_sec": 0.005679041147232056,
      "is_warmup": false,
      "iteration": 641,
      "native_traversal_sec": 0.00563429,
      "row_count": 1417
    },
    {
      "elapsed_sec": 0.005380548536777496,
      "is_warmup": false,
      "iteration": 642,
      "native_traversal_sec": 0.005336143,
      "row_count": 1417
    },
    {
      "elapsed_sec": 0.005274072289466858,
      "is_warmup": false,
      "iteration": 643,
      "native_traversal_sec": 0.005229931,
      "row_count": 1417
    },
    {
      "elapsed_sec": 0.0055815353989601135,
      "is_warmup": false,
      "iteration": 644,
      "native_traversal_sec": 0.005537656,
      "row_count": 1417
    },
    {
      "elapsed_sec": 0.00563301146030426,
      "is_warmup": false,
      "iteration": 645,
      "native_traversal_sec": 0.005588212,
      "row_count": 1417
    },
    {
      "elapsed_sec": 0.005809754133224487,
      "is_warmup": false,
      "iteration": 646,
      "native_traversal_sec": 0.005764568,
      "row_count": 1417
    },
    {
      "elapsed_sec": 0.0054138824343681335,
      "is_warmup": false,
      "iteration": 647,
      "native_traversal_sec": 0.005370398,
      "row_count": 1417
    },
    {
      "elapsed_sec": 0.0055871084332466125,
      "is_warmup": false,
      "iteration": 648,
      "native_traversal_sec": 0.005542546,
      "row_count": 1417
    },
    {
      "elapsed_sec": 0.005451038479804993,
      "is_warmup": false,
      "iteration": 649,
      "native_traversal_sec": 0.005406617,
      "row_count": 1417
    },
    {
      "elapsed_sec": 0.005384698510169983,
      "is_warmup": false,
      "iteration": 650,
      "native_traversal_sec": 0.005340472,
      "row_count": 1417
    },
    {
      "elapsed_sec": 0.005681775510311127,
      "is_warmup": false,
      "iteration": 651,
      "native_traversal_sec": 0.005636304,
      "row_count": 1417
    },
    {
      "elapsed_sec": 0.005419038236141205,
      "is_warmup": false,
      "iteration": 652,
      "native_traversal_sec": 0.005375188,
      "row_count": 1417
    },
    {
      "elapsed_sec": 0.005554802715778351,
      "is_warmup": false,
      "iteration": 653,
      "native_traversal_sec": 0.005508832,
      "row_count": 1417
    },
    {
      "elapsed_sec": 0.005503065884113312,
      "is_warmup": false,
      "iteration": 654,
      "native_traversal_sec": 0.005459467,
      "row_count": 1417
    },
    {
      "elapsed_sec": 0.005376808345317841,
      "is_warmup": false,
      "iteration": 655,
      "native_traversal_sec": 0.005332487,
      "row_count": 1417
    },
    {
      "elapsed_sec": 0.005608290433883667,
      "is_warmup": false,
      "iteration": 656,
      "native_traversal_sec": 0.005564187,
      "row_count": 1417
    },
    {
      "elapsed_sec": 0.005644112825393677,
      "is_warmup": false,
      "iteration": 657,
      "native_traversal_sec": 0.005599354,
      "row_count": 1417
    },
    {
      "elapsed_sec": 0.005248375236988068,
      "is_warmup": false,
      "iteration": 658,
      "native_traversal_sec": 0.005204303,
      "row_count": 1417
    },
    {
      "elapsed_sec": 0.005421429872512817,
      "is_warmup": false,
      "iteration": 659,
      "native_traversal_sec": 0.005377452,
      "row_count": 1417
    },
    {
      "elapsed_sec": 0.005526982247829437,
      "is_warmup": false,
      "iteration": 660,
      "native_traversal_sec": 0.005483032,
      "row_count": 1417
    },
    {
      "elapsed_sec": 0.00539136677980423,
      "is_warmup": false,
      "iteration": 661,
      "native_traversal_sec": 0.005347465,
      "row_count": 1417
    },
    {
      "elapsed_sec": 0.005778215825557709,
      "is_warmup": false,
      "iteration": 662,
      "native_traversal_sec": 0.005733058,
      "row_count": 1417
    },
    {
      "elapsed_sec": 0.005670316517353058,
      "is_warmup": false,
      "iteration": 663,
      "native_traversal_sec": 0.005625723,
      "row_count": 1417
    },
    {
      "elapsed_sec": 0.005831561982631683,
      "is_warmup": false,
      "iteration": 664,
      "native_traversal_sec": 0.00578666,
      "row_count": 1417
    },
    {
      "elapsed_sec": 0.005260899662971497,
      "is_warmup": false,
      "iteration": 665,
      "native_traversal_sec": 0.005216627,
      "row_count": 1417
    },
    {
      "elapsed_sec": 0.005612723529338837,
      "is_warmup": false,
      "iteration": 666,
      "native_traversal_sec": 0.005561491,
      "row_count": 1417
    },
    {
      "elapsed_sec": 0.005461111664772034,
      "is_warmup": false,
      "iteration": 667,
      "native_traversal_sec": 0.005416666,
      "row_count": 1417
    },
    {
      "elapsed_sec": 0.005434632301330566,
      "is_warmup": false,
      "iteration": 668,
      "native_traversal_sec": 0.005390587,
      "row_count": 1417
    },
    {
      "elapsed_sec": 0.005579732358455658,
      "is_warmup": false,
      "iteration": 669,
      "native_traversal_sec": 0.005534831,
      "row_count": 1417
    },
    {
      "elapsed_sec": 0.005346246063709259,
      "is_warmup": false,
      "iteration": 670,
      "native_traversal_sec": 0.005301538,
      "row_count": 1417
    },
    {
      "elapsed_sec": 0.005414262413978577,
      "is_warmup": false,
      "iteration": 671,
      "native_traversal_sec": 0.005370078,
      "row_count": 1417
    },
    {
      "elapsed_sec": 0.005831278860569,
      "is_warmup": false,
      "iteration": 672,
      "native_traversal_sec": 0.005787001,
      "row_count": 1417
    },
    {
      "elapsed_sec": 0.005591228604316711,
      "is_warmup": false,
      "iteration": 673,
      "native_traversal_sec": 0.005545131,
      "row_count": 1417
    },
    {
      "elapsed_sec": 0.005521945655345917,
      "is_warmup": false,
      "iteration": 674,
      "native_traversal_sec": 0.005477522,
      "row_count": 1417
    },
    {
      "elapsed_sec": 0.005444183945655823,
      "is_warmup": false,
      "iteration": 675,
      "native_traversal_sec": 0.005399203,
      "row_count": 1417
    },
    {
      "elapsed_sec": 0.005514979362487793,
      "is_warmup": false,
      "iteration": 676,
      "native_traversal_sec": 0.00547128,
      "row_count": 1417
    },
    {
      "elapsed_sec": 0.00571180135011673,
      "is_warmup": false,
      "iteration": 677,
      "native_traversal_sec": 0.005666772,
      "row_count": 1417
    },
    {
      "elapsed_sec": 0.00556926429271698,
      "is_warmup": false,
      "iteration": 678,
      "native_traversal_sec": 0.005525223,
      "row_count": 1417
    },
    {
      "elapsed_sec": 0.005273796617984772,
      "is_warmup": false,
      "iteration": 679,
      "native_traversal_sec": 0.00522957,
      "row_count": 1417
    },
    {
      "elapsed_sec": 0.00561947375535965,
      "is_warmup": false,
      "iteration": 680,
      "native_traversal_sec": 0.005574446,
      "row_count": 1417
    },
    {
      "elapsed_sec": 0.005654729902744293,
      "is_warmup": false,
      "iteration": 681,
      "native_traversal_sec": 0.005609764,
      "row_count": 1417
    },
    {
      "elapsed_sec": 0.005767695605754852,
      "is_warmup": false,
      "iteration": 682,
      "native_traversal_sec": 0.005723119,
      "row_count": 1417
    },
    {
      "elapsed_sec": 0.00532202422618866,
      "is_warmup": false,
      "iteration": 683,
      "native_traversal_sec": 0.005277372,
      "row_count": 1417
    },
    {
      "elapsed_sec": 0.005538560450077057,
      "is_warmup": false,
      "iteration": 684,
      "native_traversal_sec": 0.005494564,
      "row_count": 1417
    },
    {
      "elapsed_sec": 0.0056356340646743774,
      "is_warmup": false,
      "iteration": 685,
      "native_traversal_sec": 0.005590316,
      "row_count": 1417
    },
    {
      "elapsed_sec": 0.005697697401046753,
      "is_warmup": false,
      "iteration": 686,
      "native_traversal_sec": 0.005652625,
      "row_count": 1417
    },
    {
      "elapsed_sec": 0.0055351778864860535,
      "is_warmup": false,
      "iteration": 687,
      "native_traversal_sec": 0.005487581,
      "row_count": 1417
    },
    {
      "elapsed_sec": 0.00566449761390686,
      "is_warmup": false,
      "iteration": 688,
      "native_traversal_sec": 0.005619452,
      "row_count": 1417
    },
    {
      "elapsed_sec": 0.005564004182815552,
      "is_warmup": false,
      "iteration": 689,
      "native_traversal_sec": 0.005517639,
      "row_count": 1417
    },
    {
      "elapsed_sec": 0.005753114819526672,
      "is_warmup": false,
      "iteration": 690,
      "native_traversal_sec": 0.005706888,
      "row_count": 1417
    },
    {
      "elapsed_sec": 0.0057701170444488525,
      "is_warmup": false,
      "iteration": 691,
      "native_traversal_sec": 0.005704914,
      "row_count": 1417
    },
    {
      "elapsed_sec": 0.005653306841850281,
      "is_warmup": false,
      "iteration": 692,
      "native_traversal_sec": 0.005608701,
      "row_count": 1417
    },
    {
      "elapsed_sec": 0.005541674792766571,
      "is_warmup": false,
      "iteration": 693,
      "native_traversal_sec": 0.005495877,
      "row_count": 1417
    },
    {
      "elapsed_sec": 0.005775734782218933,
      "is_warmup": false,
      "iteration": 694,
      "native_traversal_sec": 0.005711708,
      "row_count": 1417
    },
    {
      "elapsed_sec": 0.005646377801895142,
      "is_warmup": false,
      "iteration": 695,
      "native_traversal_sec": 0.005601367,
      "row_count": 1417
    },
    {
      "elapsed_sec": 0.005652226507663727,
      "is_warmup": false,
      "iteration": 696,
      "native_traversal_sec": 0.005606136,
      "row_count": 1417
    },
    {
      "elapsed_sec": 0.0055008381605148315,
      "is_warmup": false,
      "iteration": 697,
      "native_traversal_sec": 0.005437566,
      "row_count": 1417
    },
    {
      "elapsed_sec": 0.005748912692070007,
      "is_warmup": false,
      "iteration": 698,
      "native_traversal_sec": 0.005704734,
      "row_count": 1417
    },
    {
      "elapsed_sec": 0.00552339106798172,
      "is_warmup": false,
      "iteration": 699,
      "native_traversal_sec": 0.005479065,
      "row_count": 1417
    },
    {
      "elapsed_sec": 0.005683489143848419,
      "is_warmup": false,
      "iteration": 700,
      "native_traversal_sec": 0.005638679,
      "row_count": 1417
    },
    {
      "elapsed_sec": 0.005523838102817535,
      "is_warmup": false,
      "iteration": 701,
      "native_traversal_sec": 0.005478003,
      "row_count": 1417
    },
    {
      "elapsed_sec": 0.0055170804262161255,
      "is_warmup": false,
      "iteration": 702,
      "native_traversal_sec": 0.005451573,
      "row_count": 1417
    },
    {
      "elapsed_sec": 0.005587436258792877,
      "is_warmup": false,
      "iteration": 703,
      "native_traversal_sec": 0.005542175,
      "row_count": 1417
    },
    {
      "elapsed_sec": 0.005265980958938599,
      "is_warmup": false,
      "iteration": 704,
      "native_traversal_sec": 0.00520273,
      "row_count": 1417
    },
    {
      "elapsed_sec": 0.0056392475962638855,
      "is_warmup": false,
      "iteration": 705,
      "native_traversal_sec": 0.005594996,
      "row_count": 1417
    },
    {
      "elapsed_sec": 0.005658499896526337,
      "is_warmup": false,
      "iteration": 706,
      "native_traversal_sec": 0.005613972,
      "row_count": 1417
    },
    {
      "elapsed_sec": 0.005345568060874939,
      "is_warmup": false,
      "iteration": 707,
      "native_traversal_sec": 0.005300636,
      "row_count": 1417
    },
    {
      "elapsed_sec": 0.005505181849002838,
      "is_warmup": false,
      "iteration": 708,
      "native_traversal_sec": 0.005450821,
      "row_count": 1417
    },
    {
      "elapsed_sec": 0.005341976881027222,
      "is_warmup": false,
      "iteration": 709,
      "native_traversal_sec": 0.005297049,
      "row_count": 1417
    },
    {
      "elapsed_sec": 0.005734309554100037,
      "is_warmup": false,
      "iteration": 710,
      "native_traversal_sec": 0.005661652,
      "row_count": 1417
    },
    {
      "elapsed_sec": 0.005641855299472809,
      "is_warmup": false,
      "iteration": 711,
      "native_traversal_sec": 0.005596959,
      "row_count": 1417
    },
    {
      "elapsed_sec": 0.005829334259033203,
      "is_warmup": false,
      "iteration": 712,
      "native_traversal_sec": 0.005784115,
      "row_count": 1417
    },
    {
      "elapsed_sec": 0.005419015884399414,
      "is_warmup": false,
      "iteration": 713,
      "native_traversal_sec": 0.005353656,
      "row_count": 1417
    },
    {
      "elapsed_sec": 0.005750574171543121,
      "is_warmup": false,
      "iteration": 714,
      "native_traversal_sec": 0.005705916,
      "row_count": 1417
    },
    {
      "elapsed_sec": 0.005466386675834656,
      "is_warmup": false,
      "iteration": 715,
      "native_traversal_sec": 0.005421565,
      "row_count": 1417
    },
    {
      "elapsed_sec": 0.005747318267822266,
      "is_warmup": false,
      "iteration": 716,
      "native_traversal_sec": 0.005702921,
      "row_count": 1417
    },
    {
      "elapsed_sec": 0.005584679543972015,
      "is_warmup": false,
      "iteration": 717,
      "native_traversal_sec": 0.005540692,
      "row_count": 1417
    },
    {
      "elapsed_sec": 0.0055562034249305725,
      "is_warmup": false,
      "iteration": 718,
      "native_traversal_sec": 0.005511697,
      "row_count": 1417
    },
    {
      "elapsed_sec": 0.005743943154811859,
      "is_warmup": false,
      "iteration": 719,
      "native_traversal_sec": 0.005699694,
      "row_count": 1417
    },
    {
      "elapsed_sec": 0.005449555814266205,
      "is_warmup": false,
      "iteration": 720,
      "native_traversal_sec": 0.005405365,
      "row_count": 1417
    },
    {
      "elapsed_sec": 0.005240142345428467,
      "is_warmup": false,
      "iteration": 721,
      "native_traversal_sec": 0.005196809,
      "row_count": 1417
    },
    {
      "elapsed_sec": 0.0056175291538238525,
      "is_warmup": false,
      "iteration": 722,
      "native_traversal_sec": 0.005574196,
      "row_count": 1417
    },
    {
      "elapsed_sec": 0.005622945725917816,
      "is_warmup": false,
      "iteration": 723,
      "native_traversal_sec": 0.005578554,
      "row_count": 1417
    },
    {
      "elapsed_sec": 0.005743794143199921,
      "is_warmup": false,
      "iteration": 724,
      "native_traversal_sec": 0.00569754,
      "row_count": 1417
    },
    {
      "elapsed_sec": 0.0055354684591293335,
      "is_warmup": false,
      "iteration": 725,
      "native_traversal_sec": 0.005471129,
      "row_count": 1417
    },
    {
      "elapsed_sec": 0.005609892308712006,
      "is_warmup": false,
      "iteration": 726,
      "native_traversal_sec": 0.005565179,
      "row_count": 1417
    },
    {
      "elapsed_sec": 0.005301333963871002,
      "is_warmup": false,
      "iteration": 727,
      "native_traversal_sec": 0.005257283,
      "row_count": 1417
    },
    {
      "elapsed_sec": 0.005256958305835724,
      "is_warmup": false,
      "iteration": 728,
      "native_traversal_sec": 0.00521344,
      "row_count": 1417
    },
    {
      "elapsed_sec": 0.00562615692615509,
      "is_warmup": false,
      "iteration": 729,
      "native_traversal_sec": 0.005581901,
      "row_count": 1417
    },
    {
      "elapsed_sec": 0.005500659346580505,
      "is_warmup": false,
      "iteration": 730,
      "native_traversal_sec": 0.005456001,
      "row_count": 1417
    },
    {
      "elapsed_sec": 0.005517356097698212,
      "is_warmup": false,
      "iteration": 731,
      "native_traversal_sec": 0.005461682,
      "row_count": 1417
    },
    {
      "elapsed_sec": 0.005640499293804169,
      "is_warmup": false,
      "iteration": 732,
      "native_traversal_sec": 0.005595887,
      "row_count": 1417
    },
    {
      "elapsed_sec": 0.0053950101137161255,
      "is_warmup": false,
      "iteration": 733,
      "native_traversal_sec": 0.00535034,
      "row_count": 1417
    },
    {
      "elapsed_sec": 0.005594968795776367,
      "is_warmup": false,
      "iteration": 734,
      "native_traversal_sec": 0.005550501,
      "row_count": 1417
    },
    {
      "elapsed_sec": 0.005445078015327454,
      "is_warmup": false,
      "iteration": 735,
      "native_traversal_sec": 0.005401357,
      "row_count": 1417
    },
    {
      "elapsed_sec": 0.005425110459327698,
      "is_warmup": false,
      "iteration": 736,
      "native_traversal_sec": 0.005380578,
      "row_count": 1417
    },
    {
      "elapsed_sec": 0.0056192874908447266,
      "is_warmup": false,
      "iteration": 737,
      "native_traversal_sec": 0.00555516,
      "row_count": 1417
    },
    {
      "elapsed_sec": 0.005339004099369049,
      "is_warmup": false,
      "iteration": 738,
      "native_traversal_sec": 0.005295326,
      "row_count": 1417
    },
    {
      "elapsed_sec": 0.005771249532699585,
      "is_warmup": false,
      "iteration": 739,
      "native_traversal_sec": 0.00571828,
      "row_count": 1417
    },
    {
      "elapsed_sec": 0.005570627748966217,
      "is_warmup": false,
      "iteration": 740,
      "native_traversal_sec": 0.005526676,
      "row_count": 1417
    },
    {
      "elapsed_sec": 0.005432896316051483,
      "is_warmup": false,
      "iteration": 741,
      "native_traversal_sec": 0.005389013,
      "row_count": 1417
    },
    {
      "elapsed_sec": 0.005670994520187378,
      "is_warmup": false,
      "iteration": 742,
      "native_traversal_sec": 0.005626125,
      "row_count": 1417
    },
    {
      "elapsed_sec": 0.005609177052974701,
      "is_warmup": false,
      "iteration": 743,
      "native_traversal_sec": 0.005563215,
      "row_count": 1417
    },
    {
      "elapsed_sec": 0.005752399563789368,
      "is_warmup": false,
      "iteration": 744,
      "native_traversal_sec": 0.005687972,
      "row_count": 1417
    },
    {
      "elapsed_sec": 0.005528457462787628,
      "is_warmup": false,
      "iteration": 745,
      "native_traversal_sec": 0.00548178,
      "row_count": 1417
    },
    {
      "elapsed_sec": 0.0055630505084991455,
      "is_warmup": false,
      "iteration": 746,
      "native_traversal_sec": 0.005518159,
      "row_count": 1417
    },
    {
      "elapsed_sec": 0.005210325121879578,
      "is_warmup": false,
      "iteration": 747,
      "native_traversal_sec": 0.005165069,
      "row_count": 1417
    },
    {
      "elapsed_sec": 0.005506232380867004,
      "is_warmup": false,
      "iteration": 748,
      "native_traversal_sec": 0.005461993,
      "row_count": 1417
    },
    {
      "elapsed_sec": 0.0053854286670684814,
      "is_warmup": false,
      "iteration": 749,
      "native_traversal_sec": 0.005340882,
      "row_count": 1417
    },
    {
      "elapsed_sec": 0.00523269921541214,
      "is_warmup": false,
      "iteration": 750,
      "native_traversal_sec": 0.005188433,
      "row_count": 1417
    },
    {
      "elapsed_sec": 0.005517058074474335,
      "is_warmup": false,
      "iteration": 751,
      "native_traversal_sec": 0.005473013,
      "row_count": 1417
    },
    {
      "elapsed_sec": 0.005470305681228638,
      "is_warmup": false,
      "iteration": 752,
      "native_traversal_sec": 0.005418319,
      "row_count": 1417
    },
    {
      "elapsed_sec": 0.00558636337518692,
      "is_warmup": false,
      "iteration": 753,
      "native_traversal_sec": 0.005541764,
      "row_count": 1417
    },
    {
      "elapsed_sec": 0.005150742828845978,
      "is_warmup": false,
      "iteration": 754,
      "native_traversal_sec": 0.005106547,
      "row_count": 1417
    },
    {
      "elapsed_sec": 0.00558820366859436,
      "is_warmup": false,
      "iteration": 755,
      "native_traversal_sec": 0.005545311,
      "row_count": 1417
    },
    {
      "elapsed_sec": 0.005454488098621368,
      "is_warmup": false,
      "iteration": 756,
      "native_traversal_sec": 0.005410575,
      "row_count": 1417
    },
    {
      "elapsed_sec": 0.005305938422679901,
      "is_warmup": false,
      "iteration": 757,
      "native_traversal_sec": 0.005262072,
      "row_count": 1417
    },
    {
      "elapsed_sec": 0.005468361079692841,
      "is_warmup": false,
      "iteration": 758,
      "native_traversal_sec": 0.00542394,
      "row_count": 1417
    },
    {
      "elapsed_sec": 0.005501314997673035,
      "is_warmup": false,
      "iteration": 759,
      "native_traversal_sec": 0.005456872,
      "row_count": 1417
    },
    {
      "elapsed_sec": 0.005208738148212433,
      "is_warmup": false,
      "iteration": 760,
      "native_traversal_sec": 0.005164868,
      "row_count": 1417
    },
    {
      "elapsed_sec": 0.005613751709461212,
      "is_warmup": false,
      "iteration": 761,
      "native_traversal_sec": 0.005569597,
      "row_count": 1417
    },
    {
      "elapsed_sec": 0.005588725209236145,
      "is_warmup": false,
      "iteration": 762,
      "native_traversal_sec": 0.00554482,
      "row_count": 1417
    },
    {
      "elapsed_sec": 0.005441837012767792,
      "is_warmup": false,
      "iteration": 763,
      "native_traversal_sec": 0.00539765,
      "row_count": 1417
    },
    {
      "elapsed_sec": 0.005251467227935791,
      "is_warmup": false,
      "iteration": 764,
      "native_traversal_sec": 0.005207939,
      "row_count": 1417
    },
    {
      "elapsed_sec": 0.0055251941084861755,
      "is_warmup": false,
      "iteration": 765,
      "native_traversal_sec": 0.005480918,
      "row_count": 1417
    },
    {
      "elapsed_sec": 0.00538259744644165,
      "is_warmup": false,
      "iteration": 766,
      "native_traversal_sec": 0.005338649,
      "row_count": 1417
    },
    {
      "elapsed_sec": 0.00517040491104126,
      "is_warmup": false,
      "iteration": 767,
      "native_traversal_sec": 0.005127126,
      "row_count": 1417
    },
    {
      "elapsed_sec": 0.005409024655818939,
      "is_warmup": false,
      "iteration": 768,
      "native_traversal_sec": 0.005364958,
      "row_count": 1417
    },
    {
      "elapsed_sec": 0.00553477555513382,
      "is_warmup": false,
      "iteration": 769,
      "native_traversal_sec": 0.005490777,
      "row_count": 1417
    },
    {
      "elapsed_sec": 0.005567207932472229,
      "is_warmup": false,
      "iteration": 770,
      "native_traversal_sec": 0.005523259,
      "row_count": 1417
    },
    {
      "elapsed_sec": 0.005384363234043121,
      "is_warmup": false,
      "iteration": 771,
      "native_traversal_sec": 0.005340662,
      "row_count": 1417
    },
    {
      "elapsed_sec": 0.005347877740859985,
      "is_warmup": false,
      "iteration": 772,
      "native_traversal_sec": 0.005303361,
      "row_count": 1417
    },
    {
      "elapsed_sec": 0.005421601235866547,
      "is_warmup": false,
      "iteration": 773,
      "native_traversal_sec": 0.005367523,
      "row_count": 1417
    },
    {
      "elapsed_sec": 0.005308844149112701,
      "is_warmup": false,
      "iteration": 774,
      "native_traversal_sec": 0.005265158,
      "row_count": 1417
    },
    {
      "elapsed_sec": 0.005549028515815735,
      "is_warmup": false,
      "iteration": 775,
      "native_traversal_sec": 0.005504733,
      "row_count": 1417
    },
    {
      "elapsed_sec": 0.005680829286575317,
      "is_warmup": false,
      "iteration": 776,
      "native_traversal_sec": 0.005636735,
      "row_count": 1417
    },
    {
      "elapsed_sec": 0.005384333431720734,
      "is_warmup": false,
      "iteration": 777,
      "native_traversal_sec": 0.005339991,
      "row_count": 1417
    },
    {
      "elapsed_sec": 0.005407616496086121,
      "is_warmup": false,
      "iteration": 778,
      "native_traversal_sec": 0.005363295,
      "row_count": 1417
    },
    {
      "elapsed_sec": 0.005720734596252441,
      "is_warmup": false,
      "iteration": 779,
      "native_traversal_sec": 0.005675569,
      "row_count": 1417
    },
    {
      "elapsed_sec": 0.005503527820110321,
      "is_warmup": false,
      "iteration": 780,
      "native_traversal_sec": 0.005459247,
      "row_count": 1417
    },
    {
      "elapsed_sec": 0.0054140761494636536,
      "is_warmup": false,
      "iteration": 781,
      "native_traversal_sec": 0.005369506,
      "row_count": 1417
    },
    {
      "elapsed_sec": 0.005730085074901581,
      "is_warmup": false,
      "iteration": 782,
      "native_traversal_sec": 0.005685608,
      "row_count": 1417
    },
    {
      "elapsed_sec": 0.005518198013305664,
      "is_warmup": false,
      "iteration": 783,
      "native_traversal_sec": 0.005473254,
      "row_count": 1417
    },
    {
      "elapsed_sec": 0.005350343883037567,
      "is_warmup": false,
      "iteration": 784,
      "native_traversal_sec": 0.005306326,
      "row_count": 1417
    },
    {
      "elapsed_sec": 0.005532488226890564,
      "is_warmup": false,
      "iteration": 785,
      "native_traversal_sec": 0.005480668,
      "row_count": 1417
    },
    {
      "elapsed_sec": 0.005314275622367859,
      "is_warmup": false,
      "iteration": 786,
      "native_traversal_sec": 0.005269517,
      "row_count": 1417
    },
    {
      "elapsed_sec": 0.0053264424204826355,
      "is_warmup": false,
      "iteration": 787,
      "native_traversal_sec": 0.005282401,
      "row_count": 1417
    },
    {
      "elapsed_sec": 0.005630500614643097,
      "is_warmup": false,
      "iteration": 788,
      "native_traversal_sec": 0.005586058,
      "row_count": 1417
    },
    {
      "elapsed_sec": 0.005924612283706665,
      "is_warmup": false,
      "iteration": 789,
      "native_traversal_sec": 0.005879516,
      "row_count": 1417
    },
    {
      "elapsed_sec": 0.005306437611579895,
      "is_warmup": false,
      "iteration": 790,
      "native_traversal_sec": 0.005248166,
      "row_count": 1417
    },
    {
      "elapsed_sec": 0.005467809736728668,
      "is_warmup": false,
      "iteration": 791,
      "native_traversal_sec": 0.00542411,
      "row_count": 1417
    },
    {
      "elapsed_sec": 0.005507118999958038,
      "is_warmup": false,
      "iteration": 792,
      "native_traversal_sec": 0.005463155,
      "row_count": 1417
    },
    {
      "elapsed_sec": 0.005520962178707123,
      "is_warmup": false,
      "iteration": 793,
      "native_traversal_sec": 0.005468926,
      "row_count": 1417
    },
    {
      "elapsed_sec": 0.005365245044231415,
      "is_warmup": false,
      "iteration": 794,
      "native_traversal_sec": 0.005319001,
      "row_count": 1417
    },
    {
      "elapsed_sec": 0.00547453761100769,
      "is_warmup": false,
      "iteration": 795,
      "native_traversal_sec": 0.005429461,
      "row_count": 1417
    },
    {
      "elapsed_sec": 0.005655206739902496,
      "is_warmup": false,
      "iteration": 796,
      "native_traversal_sec": 0.005602148,
      "row_count": 1417
    },
    {
      "elapsed_sec": 0.005946293473243713,
      "is_warmup": false,
      "iteration": 797,
      "native_traversal_sec": 0.005900696,
      "row_count": 1417
    },
    {
      "elapsed_sec": 0.005526430904865265,
      "is_warmup": false,
      "iteration": 798,
      "native_traversal_sec": 0.005473674,
      "row_count": 1417
    },
    {
      "elapsed_sec": 0.005402848124504089,
      "is_warmup": false,
      "iteration": 799,
      "native_traversal_sec": 0.005358446,
      "row_count": 1417
    },
    {
      "elapsed_sec": 0.005562543869018555,
      "is_warmup": false,
      "iteration": 800,
      "native_traversal_sec": 0.005519001,
      "row_count": 1417
    },
    {
      "elapsed_sec": 0.005219303071498871,
      "is_warmup": false,
      "iteration": 801,
      "native_traversal_sec": 0.005175268,
      "row_count": 1417
    },
    {
      "elapsed_sec": 0.005596518516540527,
      "is_warmup": false,
      "iteration": 802,
      "native_traversal_sec": 0.005552424,
      "row_count": 1417
    },
    {
      "elapsed_sec": 0.005655393004417419,
      "is_warmup": false,
      "iteration": 803,
      "native_traversal_sec": 0.005609974,
      "row_count": 1417
    },
    {
      "elapsed_sec": 0.00544748455286026,
      "is_warmup": false,
      "iteration": 804,
      "native_traversal_sec": 0.005401698,
      "row_count": 1417
    },
    {
      "elapsed_sec": 0.005325205624103546,
      "is_warmup": false,
      "iteration": 805,
      "native_traversal_sec": 0.00528187,
      "row_count": 1417
    },
    {
      "elapsed_sec": 0.005577512085437775,
      "is_warmup": false,
      "iteration": 806,
      "native_traversal_sec": 0.005532867,
      "row_count": 1417
    },
    {
      "elapsed_sec": 0.005597829818725586,
      "is_warmup": false,
      "iteration": 807,
      "native_traversal_sec": 0.005553797,
      "row_count": 1417
    },
    {
      "elapsed_sec": 0.005931675434112549,
      "is_warmup": false,
      "iteration": 808,
      "native_traversal_sec": 0.005886881,
      "row_count": 1417
    },
    {
      "elapsed_sec": 0.005474649369716644,
      "is_warmup": false,
      "iteration": 809,
      "native_traversal_sec": 0.005430162,
      "row_count": 1417
    },
    {
      "elapsed_sec": 0.005523227155208588,
      "is_warmup": false,
      "iteration": 810,
      "native_traversal_sec": 0.005478173,
      "row_count": 1417
    },
    {
      "elapsed_sec": 0.00546574592590332,
      "is_warmup": false,
      "iteration": 811,
      "native_traversal_sec": 0.005420634,
      "row_count": 1417
    },
    {
      "elapsed_sec": 0.0054924339056015015,
      "is_warmup": false,
      "iteration": 812,
      "native_traversal_sec": 0.00544469,
      "row_count": 1417
    },
    {
      "elapsed_sec": 0.005708575248718262,
      "is_warmup": false,
      "iteration": 813,
      "native_traversal_sec": 0.005664277,
      "row_count": 1417
    },
    {
      "elapsed_sec": 0.0054483115673065186,
      "is_warmup": false,
      "iteration": 814,
      "native_traversal_sec": 0.005403371,
      "row_count": 1417
    },
    {
      "elapsed_sec": 0.005651012063026428,
      "is_warmup": false,
      "iteration": 815,
      "native_traversal_sec": 0.005606798,
      "row_count": 1417
    },
    {
      "elapsed_sec": 0.005762219429016113,
      "is_warmup": false,
      "iteration": 816,
      "native_traversal_sec": 0.005717559,
      "row_count": 1417
    },
    {
      "elapsed_sec": 0.0054603517055511475,
      "is_warmup": false,
      "iteration": 817,
      "native_traversal_sec": 0.005416626,
      "row_count": 1417
    },
    {
      "elapsed_sec": 0.005728684365749359,
      "is_warmup": false,
      "iteration": 818,
      "native_traversal_sec": 0.005683704,
      "row_count": 1417
    },
    {
      "elapsed_sec": 0.005534239113330841,
      "is_warmup": false,
      "iteration": 819,
      "native_traversal_sec": 0.005489755,
      "row_count": 1417
    },
    {
      "elapsed_sec": 0.005499988794326782,
      "is_warmup": false,
      "iteration": 820,
      "native_traversal_sec": 0.005454558,
      "row_count": 1417
    },
    {
      "elapsed_sec": 0.0056502968072891235,
      "is_warmup": false,
      "iteration": 821,
      "native_traversal_sec": 0.005600415,
      "row_count": 1417
    },
    {
      "elapsed_sec": 0.005485236644744873,
      "is_warmup": false,
      "iteration": 822,
      "native_traversal_sec": 0.005440281,
      "row_count": 1417
    },
    {
      "elapsed_sec": 0.005878336727619171,
      "is_warmup": false,
      "iteration": 823,
      "native_traversal_sec": 0.005829762,
      "row_count": 1417
    },
    {
      "elapsed_sec": 0.005680747330188751,
      "is_warmup": false,
      "iteration": 824,
      "native_traversal_sec": 0.005630904,
      "row_count": 1417
    },
    {
      "elapsed_sec": 0.005755811929702759,
      "is_warmup": false,
      "iteration": 825,
      "native_traversal_sec": 0.005711416,
      "row_count": 1417
    },
    {
      "elapsed_sec": 0.005650565028190613,
      "is_warmup": false,
      "iteration": 826,
      "native_traversal_sec": 0.005604223,
      "row_count": 1417
    },
    {
      "elapsed_sec": 0.005517110228538513,
      "is_warmup": false,
      "iteration": 827,
      "native_traversal_sec": 0.005466251,
      "row_count": 1417
    },
    {
      "elapsed_sec": 0.005771078169345856,
      "is_warmup": false,
      "iteration": 828,
      "native_traversal_sec": 0.00572384,
      "row_count": 1417
    },
    {
      "elapsed_sec": 0.005456544458866119,
      "is_warmup": false,
      "iteration": 829,
      "native_traversal_sec": 0.0054027,
      "row_count": 1417
    },
    {
      "elapsed_sec": 0.005428686738014221,
      "is_warmup": false,
      "iteration": 830,
      "native_traversal_sec": 0.005382401,
      "row_count": 1417
    },
    {
      "elapsed_sec": 0.0055777207016944885,
      "is_warmup": false,
      "iteration": 831,
      "native_traversal_sec": 0.005531585,
      "row_count": 1417
    },
    {
      "elapsed_sec": 0.005710504949092865,
      "is_warmup": false,
      "iteration": 832,
      "native_traversal_sec": 0.005664318,
      "row_count": 1417
    },
    {
      "elapsed_sec": 0.005615979433059692,
      "is_warmup": false,
      "iteration": 833,
      "native_traversal_sec": 0.005569316,
      "row_count": 1417
    },
    {
      "elapsed_sec": 0.006303064525127411,
      "is_warmup": false,
      "iteration": 834,
      "native_traversal_sec": 0.006257565,
      "row_count": 1417
    },
    {
      "elapsed_sec": 0.005374304950237274,
      "is_warmup": false,
      "iteration": 835,
      "native_traversal_sec": 0.00532914,
      "row_count": 1417
    },
    {
      "elapsed_sec": 0.005760759115219116,
      "is_warmup": false,
      "iteration": 836,
      "native_traversal_sec": 0.005716095,
      "row_count": 1417
    },
    {
      "elapsed_sec": 0.005475766956806183,
      "is_warmup": false,
      "iteration": 837,
      "native_traversal_sec": 0.005431054,
      "row_count": 1417
    },
    {
      "elapsed_sec": 0.005685955286026001,
      "is_warmup": false,
      "iteration": 838,
      "native_traversal_sec": 0.005635192,
      "row_count": 1417
    },
    {
      "elapsed_sec": 0.005836904048919678,
      "is_warmup": false,
      "iteration": 839,
      "native_traversal_sec": 0.00579208,
      "row_count": 1417
    },
    {
      "elapsed_sec": 0.005378633737564087,
      "is_warmup": false,
      "iteration": 840,
      "native_traversal_sec": 0.005335473,
      "row_count": 1417
    },
    {
      "elapsed_sec": 0.005998663604259491,
      "is_warmup": false,
      "iteration": 841,
      "native_traversal_sec": 0.005953637,
      "row_count": 1417
    },
    {
      "elapsed_sec": 0.005810901522636414,
      "is_warmup": false,
      "iteration": 842,
      "native_traversal_sec": 0.00576568,
      "row_count": 1417
    },
    {
      "elapsed_sec": 0.005640819668769836,
      "is_warmup": false,
      "iteration": 843,
      "native_traversal_sec": 0.005594695,
      "row_count": 1417
    },
    {
      "elapsed_sec": 0.00561843067407608,
      "is_warmup": false,
      "iteration": 844,
      "native_traversal_sec": 0.005553677,
      "row_count": 1417
    },
    {
      "elapsed_sec": 0.005779094994068146,
      "is_warmup": false,
      "iteration": 845,
      "native_traversal_sec": 0.005734059,
      "row_count": 1417
    },
    {
      "elapsed_sec": 0.005816802382469177,
      "is_warmup": false,
      "iteration": 846,
      "native_traversal_sec": 0.005772533,
      "row_count": 1417
    },
    {
      "elapsed_sec": 0.005742087960243225,
      "is_warmup": false,
      "iteration": 847,
      "native_traversal_sec": 0.00569734,
      "row_count": 1417
    },
    {
      "elapsed_sec": 0.005944997072219849,
      "is_warmup": false,
      "iteration": 848,
      "native_traversal_sec": 0.005880068,
      "row_count": 1417
    },
    {
      "elapsed_sec": 0.005633890628814697,
      "is_warmup": false,
      "iteration": 849,
      "native_traversal_sec": 0.005568856,
      "row_count": 1417
    },
    {
      "elapsed_sec": 0.0057583823800086975,
      "is_warmup": false,
      "iteration": 850,
      "native_traversal_sec": 0.005713631,
      "row_count": 1417
    },
    {
      "elapsed_sec": 0.005666084587574005,
      "is_warmup": false,
      "iteration": 851,
      "native_traversal_sec": 0.00561841,
      "row_count": 1417
    },
    {
      "elapsed_sec": 0.005316123366355896,
      "is_warmup": false,
      "iteration": 852,
      "native_traversal_sec": 0.005269126,
      "row_count": 1417
    },
    {
      "elapsed_sec": 0.005675405263900757,
      "is_warmup": false,
      "iteration": 853,
      "native_traversal_sec": 0.005602529,
      "row_count": 1417
    },
    {
      "elapsed_sec": 0.005498863756656647,
      "is_warmup": false,
      "iteration": 854,
      "native_traversal_sec": 0.005455079,
      "row_count": 1417
    },
    {
      "elapsed_sec": 0.005457058548927307,
      "is_warmup": false,
      "iteration": 855,
      "native_traversal_sec": 0.005412689,
      "row_count": 1417
    },
    {
      "elapsed_sec": 0.005826510488986969,
      "is_warmup": false,
      "iteration": 856,
      "native_traversal_sec": 0.005750632,
      "row_count": 1417
    },
    {
      "elapsed_sec": 0.00557313859462738,
      "is_warmup": false,
      "iteration": 857,
      "native_traversal_sec": 0.005522848,
      "row_count": 1417
    },
    {
      "elapsed_sec": 0.005553334951400757,
      "is_warmup": false,
      "iteration": 858,
      "native_traversal_sec": 0.005508701,
      "row_count": 1417
    },
    {
      "elapsed_sec": 0.00571470707654953,
      "is_warmup": false,
      "iteration": 859,
      "native_traversal_sec": 0.005669788,
      "row_count": 1417
    },
    {
      "elapsed_sec": 0.005454123020172119,
      "is_warmup": false,
      "iteration": 860,
      "native_traversal_sec": 0.005409373,
      "row_count": 1417
    },
    {
      "elapsed_sec": 0.005645498633384705,
      "is_warmup": false,
      "iteration": 861,
      "native_traversal_sec": 0.005602159,
      "row_count": 1417
    },
    {
      "elapsed_sec": 0.005392484366893768,
      "is_warmup": false,
      "iteration": 862,
      "native_traversal_sec": 0.005347455,
      "row_count": 1417
    },
    {
      "elapsed_sec": 0.005554661154747009,
      "is_warmup": false,
      "iteration": 863,
      "native_traversal_sec": 0.005510625,
      "row_count": 1417
    },
    {
      "elapsed_sec": 0.005644850432872772,
      "is_warmup": false,
      "iteration": 864,
      "native_traversal_sec": 0.005599704,
      "row_count": 1417
    },
    {
      "elapsed_sec": 0.005652286112308502,
      "is_warmup": false,
      "iteration": 865,
      "native_traversal_sec": 0.00560795,
      "row_count": 1417
    },
    {
      "elapsed_sec": 0.005269952118396759,
      "is_warmup": false,
      "iteration": 866,
      "native_traversal_sec": 0.005226465,
      "row_count": 1417
    },
    {
      "elapsed_sec": 0.005585983395576477,
      "is_warmup": false,
      "iteration": 867,
      "native_traversal_sec": 0.005541223,
      "row_count": 1417
    },
    {
      "elapsed_sec": 0.005663856863975525,
      "is_warmup": false,
      "iteration": 868,
      "native_traversal_sec": 0.005619573,
      "row_count": 1417
    },
    {
      "elapsed_sec": 0.005390778183937073,
      "is_warmup": false,
      "iteration": 869,
      "native_traversal_sec": 0.005346634,
      "row_count": 1417
    },
    {
      "elapsed_sec": 0.005963034927845001,
      "is_warmup": false,
      "iteration": 870,
      "native_traversal_sec": 0.005918049,
      "row_count": 1417
    },
    {
      "elapsed_sec": 0.005402110517024994,
      "is_warmup": false,
      "iteration": 871,
      "native_traversal_sec": 0.005354267,
      "row_count": 1417
    },
    {
      "elapsed_sec": 0.005342714488506317,
      "is_warmup": false,
      "iteration": 872,
      "native_traversal_sec": 0.005295927,
      "row_count": 1417
    },
    {
      "elapsed_sec": 0.005569301545619965,
      "is_warmup": false,
      "iteration": 873,
      "native_traversal_sec": 0.005523108,
      "row_count": 1417
    },
    {
      "elapsed_sec": 0.005640693008899689,
      "is_warmup": false,
      "iteration": 874,
      "native_traversal_sec": 0.005594594,
      "row_count": 1417
    },
    {
      "elapsed_sec": 0.0058327317237854,
      "is_warmup": false,
      "iteration": 875,
      "native_traversal_sec": 0.005787261,
      "row_count": 1417
    },
    {
      "elapsed_sec": 0.005473598837852478,
      "is_warmup": false,
      "iteration": 876,
      "native_traversal_sec": 0.005427687,
      "row_count": 1417
    },
    {
      "elapsed_sec": 0.005646593868732452,
      "is_warmup": false,
      "iteration": 877,
      "native_traversal_sec": 0.005600957,
      "row_count": 1417
    },
    {
      "elapsed_sec": 0.005604058504104614,
      "is_warmup": false,
      "iteration": 878,
      "native_traversal_sec": 0.005559738,
      "row_count": 1417
    },
    {
      "elapsed_sec": 0.005298592150211334,
      "is_warmup": false,
      "iteration": 879,
      "native_traversal_sec": 0.005254107,
      "row_count": 1417
    },
    {
      "elapsed_sec": 0.005485706031322479,
      "is_warmup": false,
      "iteration": 880,
      "native_traversal_sec": 0.005442345,
      "row_count": 1417
    },
    {
      "elapsed_sec": 0.005489185452461243,
      "is_warmup": false,
      "iteration": 881,
      "native_traversal_sec": 0.00544461,
      "row_count": 1417
    },
    {
      "elapsed_sec": 0.005274079740047455,
      "is_warmup": false,
      "iteration": 882,
      "native_traversal_sec": 0.005230242,
      "row_count": 1417
    },
    {
      "elapsed_sec": 0.005568899214267731,
      "is_warmup": false,
      "iteration": 883,
      "native_traversal_sec": 0.005487872,
      "row_count": 1417
    },
    {
      "elapsed_sec": 0.005481928586959839,
      "is_warmup": false,
      "iteration": 884,
      "native_traversal_sec": 0.005437095,
      "row_count": 1417
    },
    {
      "elapsed_sec": 0.005380183458328247,
      "is_warmup": false,
      "iteration": 885,
      "native_traversal_sec": 0.005333759,
      "row_count": 1417
    },
    {
      "elapsed_sec": 0.005449891090393066,
      "is_warmup": false,
      "iteration": 886,
      "native_traversal_sec": 0.005404884,
      "row_count": 1417
    },
    {
      "elapsed_sec": 0.005468204617500305,
      "is_warmup": false,
      "iteration": 887,
      "native_traversal_sec": 0.005423109,
      "row_count": 1417
    },
    {
      "elapsed_sec": 0.005595669150352478,
      "is_warmup": false,
      "iteration": 888,
      "native_traversal_sec": 0.005550901,
      "row_count": 1417
    },
    {
      "elapsed_sec": 0.0055744946002960205,
      "is_warmup": false,
      "iteration": 889,
      "native_traversal_sec": 0.005529662,
      "row_count": 1417
    },
    {
      "elapsed_sec": 0.005616232752799988,
      "is_warmup": false,
      "iteration": 890,
      "native_traversal_sec": 0.005570719,
      "row_count": 1417
    },
    {
      "elapsed_sec": 0.005722947418689728,
      "is_warmup": false,
      "iteration": 891,
      "native_traversal_sec": 0.005654689,
      "row_count": 1417
    },
    {
      "elapsed_sec": 0.005264259874820709,
      "is_warmup": false,
      "iteration": 892,
      "native_traversal_sec": 0.005217157,
      "row_count": 1417
    },
    {
      "elapsed_sec": 0.005266562104225159,
      "is_warmup": false,
      "iteration": 893,
      "native_traversal_sec": 0.005221154,
      "row_count": 1417
    },
    {
      "elapsed_sec": 0.005281142890453339,
      "is_warmup": false,
      "iteration": 894,
      "native_traversal_sec": 0.005236645,
      "row_count": 1417
    },
    {
      "elapsed_sec": 0.005494982004165649,
      "is_warmup": false,
      "iteration": 895,
      "native_traversal_sec": 0.005451453,
      "row_count": 1417
    },
    {
      "elapsed_sec": 0.005374252796173096,
      "is_warmup": false,
      "iteration": 896,
      "native_traversal_sec": 0.005329751,
      "row_count": 1417
    },
    {
      "elapsed_sec": 0.00526033341884613,
      "is_warmup": false,
      "iteration": 897,
      "native_traversal_sec": 0.005216065,
      "row_count": 1417
    },
    {
      "elapsed_sec": 0.005411669611930847,
      "is_warmup": false,
      "iteration": 898,
      "native_traversal_sec": 0.005368475,
      "row_count": 1417
    },
    {
      "elapsed_sec": 0.005151897668838501,
      "is_warmup": false,
      "iteration": 899,
      "native_traversal_sec": 0.0051079,
      "row_count": 1417
    },
    {
      "elapsed_sec": 0.005410723388195038,
      "is_warmup": false,
      "iteration": 900,
      "native_traversal_sec": 0.005366922,
      "row_count": 1417
    },
    {
      "elapsed_sec": 0.005208320915699005,
      "is_warmup": false,
      "iteration": 901,
      "native_traversal_sec": 0.005164226,
      "row_count": 1417
    },
    {
      "elapsed_sec": 0.005337193608283997,
      "is_warmup": false,
      "iteration": 902,
      "native_traversal_sec": 0.005286268,
      "row_count": 1417
    },
    {
      "elapsed_sec": 0.005456902086734772,
      "is_warmup": false,
      "iteration": 903,
      "native_traversal_sec": 0.005411777,
      "row_count": 1417
    },
    {
      "elapsed_sec": 0.005517713725566864,
      "is_warmup": false,
      "iteration": 904,
      "native_traversal_sec": 0.005473515,
      "row_count": 1417
    },
    {
      "elapsed_sec": 0.005375631153583527,
      "is_warmup": false,
      "iteration": 905,
      "native_traversal_sec": 0.005331866,
      "row_count": 1417
    },
    {
      "elapsed_sec": 0.005428224802017212,
      "is_warmup": false,
      "iteration": 906,
      "native_traversal_sec": 0.005383423,
      "row_count": 1417
    },
    {
      "elapsed_sec": 0.00558452308177948,
      "is_warmup": false,
      "iteration": 907,
      "native_traversal_sec": 0.005540121,
      "row_count": 1417
    },
    {
      "elapsed_sec": 0.005589179694652557,
      "is_warmup": false,
      "iteration": 908,
      "native_traversal_sec": 0.00554529,
      "row_count": 1417
    },
    {
      "elapsed_sec": 0.005327276885509491,
      "is_warmup": false,
      "iteration": 909,
      "native_traversal_sec": 0.005283584,
      "row_count": 1417
    },
    {
      "elapsed_sec": 0.005401968955993652,
      "is_warmup": false,
      "iteration": 910,
      "native_traversal_sec": 0.005357343,
      "row_count": 1417
    },
    {
      "elapsed_sec": 0.005603864789009094,
      "is_warmup": false,
      "iteration": 911,
      "native_traversal_sec": 0.005559258,
      "row_count": 1417
    },
    {
      "elapsed_sec": 0.005377069115638733,
      "is_warmup": false,
      "iteration": 912,
      "native_traversal_sec": 0.005333498,
      "row_count": 1417
    },
    {
      "elapsed_sec": 0.0055816322565078735,
      "is_warmup": false,
      "iteration": 913,
      "native_traversal_sec": 0.005536955,
      "row_count": 1417
    },
    {
      "elapsed_sec": 0.005338333547115326,
      "is_warmup": false,
      "iteration": 914,
      "native_traversal_sec": 0.005294144,
      "row_count": 1417
    },
    {
      "elapsed_sec": 0.005910612642765045,
      "is_warmup": false,
      "iteration": 915,
      "native_traversal_sec": 0.005866261,
      "row_count": 1417
    },
    {
      "elapsed_sec": 0.005457542836666107,
      "is_warmup": false,
      "iteration": 916,
      "native_traversal_sec": 0.005412398,
      "row_count": 1417
    },
    {
      "elapsed_sec": 0.005337938666343689,
      "is_warmup": false,
      "iteration": 917,
      "native_traversal_sec": 0.005294534,
      "row_count": 1417
    },
    {
      "elapsed_sec": 0.005648031830787659,
      "is_warmup": false,
      "iteration": 918,
      "native_traversal_sec": 0.005603271,
      "row_count": 1417
    },
    {
      "elapsed_sec": 0.005552813410758972,
      "is_warmup": false,
      "iteration": 919,
      "native_traversal_sec": 0.00550811,
      "row_count": 1417
    },
    {
      "elapsed_sec": 0.005379699170589447,
      "is_warmup": false,
      "iteration": 920,
      "native_traversal_sec": 0.005335362,
      "row_count": 1417
    },
    {
      "elapsed_sec": 0.005624905228614807,
      "is_warmup": false,
      "iteration": 921,
      "native_traversal_sec": 0.005580007,
      "row_count": 1417
    },
    {
      "elapsed_sec": 0.005473606288433075,
      "is_warmup": false,
      "iteration": 922,
      "native_traversal_sec": 0.005428509,
      "row_count": 1417
    },
    {
      "elapsed_sec": 0.005420036613941193,
      "is_warmup": false,
      "iteration": 923,
      "native_traversal_sec": 0.005375569,
      "row_count": 1417
    },
    {
      "elapsed_sec": 0.005509510636329651,
      "is_warmup": false,
      "iteration": 924,
      "native_traversal_sec": 0.005465199,
      "row_count": 1417
    },
    {
      "elapsed_sec": 0.00526641309261322,
      "is_warmup": false,
      "iteration": 925,
      "native_traversal_sec": 0.005222388,
      "row_count": 1417
    },
    {
      "elapsed_sec": 0.005341425538063049,
      "is_warmup": false,
      "iteration": 926,
      "native_traversal_sec": 0.00529724,
      "row_count": 1417
    },
    {
      "elapsed_sec": 0.005582153797149658,
      "is_warmup": false,
      "iteration": 927,
      "native_traversal_sec": 0.005538308,
      "row_count": 1417
    },
    {
      "elapsed_sec": 0.005509413778781891,
      "is_warmup": false,
      "iteration": 928,
      "native_traversal_sec": 0.00546599,
      "row_count": 1417
    },
    {
      "elapsed_sec": 0.005308210849761963,
      "is_warmup": false,
      "iteration": 929,
      "native_traversal_sec": 0.005257414,
      "row_count": 1417
    },
    {
      "elapsed_sec": 0.005484640598297119,
      "is_warmup": false,
      "iteration": 930,
      "native_traversal_sec": 0.005440852,
      "row_count": 1417
    },
    {
      "elapsed_sec": 0.005509331822395325,
      "is_warmup": false,
      "iteration": 931,
      "native_traversal_sec": 0.005464748,
      "row_count": 1417
    },
    {
      "elapsed_sec": 0.005459442734718323,
      "is_warmup": false,
      "iteration": 932,
      "native_traversal_sec": 0.005415013,
      "row_count": 1417
    },
    {
      "elapsed_sec": 0.005385994911193848,
      "is_warmup": false,
      "iteration": 933,
      "native_traversal_sec": 0.005342065,
      "row_count": 1417
    },
    {
      "elapsed_sec": 0.005403473973274231,
      "is_warmup": false,
      "iteration": 934,
      "native_traversal_sec": 0.005358476,
      "row_count": 1417
    },
    {
      "elapsed_sec": 0.0054442062973976135,
      "is_warmup": false,
      "iteration": 935,
      "native_traversal_sec": 0.005400255,
      "row_count": 1417
    },
    {
      "elapsed_sec": 0.005522117018699646,
      "is_warmup": false,
      "iteration": 936,
      "native_traversal_sec": 0.005470849,
      "row_count": 1417
    },
    {
      "elapsed_sec": 0.005286276340484619,
      "is_warmup": false,
      "iteration": 937,
      "native_traversal_sec": 0.005242085,
      "row_count": 1417
    },
    {
      "elapsed_sec": 0.005654595792293549,
      "is_warmup": false,
      "iteration": 938,
      "native_traversal_sec": 0.005610946,
      "row_count": 1417
    },
    {
      "elapsed_sec": 0.00536569207906723,
      "is_warmup": false,
      "iteration": 939,
      "native_traversal_sec": 0.005322408,
      "row_count": 1417
    },
    {
      "elapsed_sec": 0.005436934530735016,
      "is_warmup": false,
      "iteration": 940,
      "native_traversal_sec": 0.005393462,
      "row_count": 1417
    },
    {
      "elapsed_sec": 0.0052617862820625305,
      "is_warmup": false,
      "iteration": 941,
      "native_traversal_sec": 0.005217437,
      "row_count": 1417
    },
    {
      "elapsed_sec": 0.005543768405914307,
      "is_warmup": false,
      "iteration": 942,
      "native_traversal_sec": 0.005499454,
      "row_count": 1417
    },
    {
      "elapsed_sec": 0.005528680980205536,
      "is_warmup": false,
      "iteration": 943,
      "native_traversal_sec": 0.005484606,
      "row_count": 1417
    },
    {
      "elapsed_sec": 0.005161873996257782,
      "is_warmup": false,
      "iteration": 944,
      "native_traversal_sec": 0.005118189,
      "row_count": 1417
    },
    {
      "elapsed_sec": 0.005348794162273407,
      "is_warmup": false,
      "iteration": 945,
      "native_traversal_sec": 0.005305004,
      "row_count": 1417
    },
    {
      "elapsed_sec": 0.005496129393577576,
      "is_warmup": false,
      "iteration": 946,
      "native_traversal_sec": 0.005451904,
      "row_count": 1417
    },
    {
      "elapsed_sec": 0.005639955401420593,
      "is_warmup": false,
      "iteration": 947,
      "native_traversal_sec": 0.005595406,
      "row_count": 1417
    },
    {
      "elapsed_sec": 0.005345359444618225,
      "is_warmup": false,
      "iteration": 948,
      "native_traversal_sec": 0.005301006,
      "row_count": 1417
    },
    {
      "elapsed_sec": 0.005497969686985016,
      "is_warmup": false,
      "iteration": 949,
      "native_traversal_sec": 0.005453867,
      "row_count": 1417
    },
    {
      "elapsed_sec": 0.0055240243673324585,
      "is_warmup": false,
      "iteration": 950,
      "native_traversal_sec": 0.005479867,
      "row_count": 1417
    },
    {
      "elapsed_sec": 0.005316436290740967,
      "is_warmup": false,
      "iteration": 951,
      "native_traversal_sec": 0.005272152,
      "row_count": 1417
    },
    {
      "elapsed_sec": 0.005396924912929535,
      "is_warmup": false,
      "iteration": 952,
      "native_traversal_sec": 0.005352945,
      "row_count": 1417
    },
    {
      "elapsed_sec": 0.005462072789669037,
      "is_warmup": false,
      "iteration": 953,
      "native_traversal_sec": 0.005418289,
      "row_count": 1417
    },
    {
      "elapsed_sec": 0.005385436117649078,
      "is_warmup": false,
      "iteration": 954,
      "native_traversal_sec": 0.005342405,
      "row_count": 1417
    },
    {
      "elapsed_sec": 0.005562521517276764,
      "is_warmup": false,
      "iteration": 955,
      "native_traversal_sec": 0.005517678,
      "row_count": 1417
    },
    {
      "elapsed_sec": 0.0056516677141189575,
      "is_warmup": false,
      "iteration": 956,
      "native_traversal_sec": 0.005607499,
      "row_count": 1417
    },
    {
      "elapsed_sec": 0.005408875644207001,
      "is_warmup": false,
      "iteration": 957,
      "native_traversal_sec": 0.005364437,
      "row_count": 1417
    },
    {
      "elapsed_sec": 0.005521953105926514,
      "is_warmup": false,
      "iteration": 958,
      "native_traversal_sec": 0.005476921,
      "row_count": 1417
    },
    {
      "elapsed_sec": 0.0052541568875312805,
      "is_warmup": false,
      "iteration": 959,
      "native_traversal_sec": 0.005210365,
      "row_count": 1417
    },
    {
      "elapsed_sec": 0.005161784589290619,
      "is_warmup": false,
      "iteration": 960,
      "native_traversal_sec": 0.00511842,
      "row_count": 1417
    },
    {
      "elapsed_sec": 0.005392409861087799,
      "is_warmup": false,
      "iteration": 961,
      "native_traversal_sec": 0.005348897,
      "row_count": 1417
    },
    {
      "elapsed_sec": 0.005187965929508209,
      "is_warmup": false,
      "iteration": 962,
      "native_traversal_sec": 0.005143938,
      "row_count": 1417
    },
    {
      "elapsed_sec": 0.005477115511894226,
      "is_warmup": false,
      "iteration": 963,
      "native_traversal_sec": 0.005432396,
      "row_count": 1417
    },
    {
      "elapsed_sec": 0.005868040025234222,
      "is_warmup": false,
      "iteration": 964,
      "native_traversal_sec": 0.005823059,
      "row_count": 1417
    },
    {
      "elapsed_sec": 0.005301810801029205,
      "is_warmup": false,
      "iteration": 965,
      "native_traversal_sec": 0.005256241,
      "row_count": 1417
    },
    {
      "elapsed_sec": 0.005286157131195068,
      "is_warmup": false,
      "iteration": 966,
      "native_traversal_sec": 0.005235021,
      "row_count": 1417
    },
    {
      "elapsed_sec": 0.005370005965232849,
      "is_warmup": false,
      "iteration": 967,
      "native_traversal_sec": 0.005324962,
      "row_count": 1417
    },
    {
      "elapsed_sec": 0.0053218454122543335,
      "is_warmup": false,
      "iteration": 968,
      "native_traversal_sec": 0.005277923,
      "row_count": 1417
    },
    {
      "elapsed_sec": 0.005331091582775116,
      "is_warmup": false,
      "iteration": 969,
      "native_traversal_sec": 0.005279245,
      "row_count": 1417
    },
    {
      "elapsed_sec": 0.005411528050899506,
      "is_warmup": false,
      "iteration": 970,
      "native_traversal_sec": 0.005367242,
      "row_count": 1417
    },
    {
      "elapsed_sec": 0.005477480590343475,
      "is_warmup": false,
      "iteration": 971,
      "native_traversal_sec": 0.005430363,
      "row_count": 1417
    },
    {
      "elapsed_sec": 0.005346529185771942,
      "is_warmup": false,
      "iteration": 972,
      "native_traversal_sec": 0.005280808,
      "row_count": 1417
    },
    {
      "elapsed_sec": 0.005439594388008118,
      "is_warmup": false,
      "iteration": 973,
      "native_traversal_sec": 0.005393261,
      "row_count": 1417
    },
    {
      "elapsed_sec": 0.0055692195892333984,
      "is_warmup": false,
      "iteration": 974,
      "native_traversal_sec": 0.005498451,
      "row_count": 1417
    },
    {
      "elapsed_sec": 0.0054020509123802185,
      "is_warmup": false,
      "iteration": 975,
      "native_traversal_sec": 0.005357454,
      "row_count": 1417
    },
    {
      "elapsed_sec": 0.005606800317764282,
      "is_warmup": false,
      "iteration": 976,
      "native_traversal_sec": 0.005551021,
      "row_count": 1417
    },
    {
      "elapsed_sec": 0.005783155560493469,
      "is_warmup": false,
      "iteration": 977,
      "native_traversal_sec": 0.005738248,
      "row_count": 1417
    },
    {
      "elapsed_sec": 0.005430206656455994,
      "is_warmup": false,
      "iteration": 978,
      "native_traversal_sec": 0.005383694,
      "row_count": 1417
    },
    {
      "elapsed_sec": 0.005647636950016022,
      "is_warmup": false,
      "iteration": 979,
      "native_traversal_sec": 0.005602509,
      "row_count": 1417
    },
    {
      "elapsed_sec": 0.005611754953861237,
      "is_warmup": false,
      "iteration": 980,
      "native_traversal_sec": 0.005566682,
      "row_count": 1417
    },
    {
      "elapsed_sec": 0.005210511386394501,
      "is_warmup": false,
      "iteration": 981,
      "native_traversal_sec": 0.005164828,
      "row_count": 1417
    },
    {
      "elapsed_sec": 0.005528077483177185,
      "is_warmup": false,
      "iteration": 982,
      "native_traversal_sec": 0.005484205,
      "row_count": 1417
    },
    {
      "elapsed_sec": 0.005567952990531921,
      "is_warmup": false,
      "iteration": 983,
      "native_traversal_sec": 0.005522397,
      "row_count": 1417
    },
    {
      "elapsed_sec": 0.005458950996398926,
      "is_warmup": false,
      "iteration": 984,
      "native_traversal_sec": 0.005409442,
      "row_count": 1417
    },
    {
      "elapsed_sec": 0.0055763572454452515,
      "is_warmup": false,
      "iteration": 985,
      "native_traversal_sec": 0.005531484,
      "row_count": 1417
    },
    {
      "elapsed_sec": 0.005299486219882965,
      "is_warmup": false,
      "iteration": 986,
      "native_traversal_sec": 0.005255089,
      "row_count": 1417
    },
    {
      "elapsed_sec": 0.005841448903083801,
      "is_warmup": false,
      "iteration": 987,
      "native_traversal_sec": 0.005797481,
      "row_count": 1417
    },
    {
      "elapsed_sec": 0.0053000301122665405,
      "is_warmup": false,
      "iteration": 988,
      "native_traversal_sec": 0.005255531,
      "row_count": 1417
    },
    {
      "elapsed_sec": 0.005572691559791565,
      "is_warmup": false,
      "iteration": 989,
      "native_traversal_sec": 0.005528649,
      "row_count": 1417
    },
    {
      "elapsed_sec": 0.005637437105178833,
      "is_warmup": false,
      "iteration": 990,
      "native_traversal_sec": 0.005592961,
      "row_count": 1417
    },
    {
      "elapsed_sec": 0.005466096103191376,
      "is_warmup": false,
      "iteration": 991,
      "native_traversal_sec": 0.005421686,
      "row_count": 1417
    },
    {
      "elapsed_sec": 0.005514517426490784,
      "is_warmup": false,
      "iteration": 992,
      "native_traversal_sec": 0.005470058,
      "row_count": 1417
    },
    {
      "elapsed_sec": 0.00553564727306366,
      "is_warmup": false,
      "iteration": 993,
      "native_traversal_sec": 0.005491329,
      "row_count": 1417
    },
    {
      "elapsed_sec": 0.0056321993470191956,
      "is_warmup": false,
      "iteration": 994,
      "native_traversal_sec": 0.005588032,
      "row_count": 1417
    },
    {
      "elapsed_sec": 0.005259059369564056,
      "is_warmup": false,
      "iteration": 995,
      "native_traversal_sec": 0.005214833,
      "row_count": 1417
    },
    {
      "elapsed_sec": 0.00568544864654541,
      "is_warmup": false,
      "iteration": 996,
      "native_traversal_sec": 0.005642015,
      "row_count": 1417
    },
    {
      "elapsed_sec": 0.005274005234241486,
      "is_warmup": false,
      "iteration": 997,
      "native_traversal_sec": 0.005229991,
      "row_count": 1417
    },
    {
      "elapsed_sec": 0.005365818738937378,
      "is_warmup": false,
      "iteration": 998,
      "native_traversal_sec": 0.005322507,
      "row_count": 1417
    },
    {
      "elapsed_sec": 0.005484722554683685,
      "is_warmup": false,
      "iteration": 999,
      "native_traversal_sec": 0.005440723,
      "row_count": 1417
    },
    {
      "elapsed_sec": 0.005242548882961273,
      "is_warmup": false,
      "iteration": 1000,
      "native_traversal_sec": 0.005198181,
      "row_count": 1417
    },
    {
      "elapsed_sec": 0.005580052733421326,
      "is_warmup": false,
      "iteration": 1001,
      "native_traversal_sec": 0.005535583,
      "row_count": 1417
    },
    {
      "elapsed_sec": 0.005295470356941223,
      "is_warmup": false,
      "iteration": 1002,
      "native_traversal_sec": 0.005248988,
      "row_count": 1417
    },
    {
      "elapsed_sec": 0.005319930613040924,
      "is_warmup": false,
      "iteration": 1003,
      "native_traversal_sec": 0.005275148,
      "row_count": 1417
    },
    {
      "elapsed_sec": 0.005642227828502655,
      "is_warmup": false,
      "iteration": 1004,
      "native_traversal_sec": 0.005596368,
      "row_count": 1417
    },
    {
      "elapsed_sec": 0.005356781184673309,
      "is_warmup": false,
      "iteration": 1005,
      "native_traversal_sec": 0.005311346,
      "row_count": 1417
    },
    {
      "elapsed_sec": 0.005620621144771576,
      "is_warmup": false,
      "iteration": 1006,
      "native_traversal_sec": 0.005575889,
      "row_count": 1417
    },
    {
      "elapsed_sec": 0.005783356726169586,
      "is_warmup": false,
      "iteration": 1007,
      "native_traversal_sec": 0.005737326,
      "row_count": 1417
    },
    {
      "elapsed_sec": 0.005792528390884399,
      "is_warmup": false,
      "iteration": 1008,
      "native_traversal_sec": 0.005727077,
      "row_count": 1417
    },
    {
      "elapsed_sec": 0.0054750144481658936,
      "is_warmup": false,
      "iteration": 1009,
      "native_traversal_sec": 0.005430643,
      "row_count": 1417
    },
    {
      "elapsed_sec": 0.005811057984828949,
      "is_warmup": false,
      "iteration": 1010,
      "native_traversal_sec": 0.005766191,
      "row_count": 1417
    },
    {
      "elapsed_sec": 0.005702100694179535,
      "is_warmup": false,
      "iteration": 1011,
      "native_traversal_sec": 0.005657364,
      "row_count": 1417
    },
    {
      "elapsed_sec": 0.005442313849925995,
      "is_warmup": false,
      "iteration": 1012,
      "native_traversal_sec": 0.005396878,
      "row_count": 1417
    },
    {
      "elapsed_sec": 0.0056039392948150635,
      "is_warmup": false,
      "iteration": 1013,
      "native_traversal_sec": 0.005558386,
      "row_count": 1417
    },
    {
      "elapsed_sec": 0.005703285336494446,
      "is_warmup": false,
      "iteration": 1014,
      "native_traversal_sec": 0.005635543,
      "row_count": 1417
    },
    {
      "elapsed_sec": 0.005601890385150909,
      "is_warmup": false,
      "iteration": 1015,
      "native_traversal_sec": 0.005557144,
      "row_count": 1417
    },
    {
      "elapsed_sec": 0.005374148488044739,
      "is_warmup": false,
      "iteration": 1016,
      "native_traversal_sec": 0.005329881,
      "row_count": 1417
    },
    {
      "elapsed_sec": 0.005687236785888672,
      "is_warmup": false,
      "iteration": 1017,
      "native_traversal_sec": 0.005642355,
      "row_count": 1417
    },
    {
      "elapsed_sec": 0.005768328905105591,
      "is_warmup": false,
      "iteration": 1018,
      "native_traversal_sec": 0.005722838,
      "row_count": 1417
    },
    {
      "elapsed_sec": 0.005327820777893066,
      "is_warmup": false,
      "iteration": 1019,
      "native_traversal_sec": 0.005265148,
      "row_count": 1417
    },
    {
      "elapsed_sec": 0.00586613267660141,
      "is_warmup": false,
      "iteration": 1020,
      "native_traversal_sec": 0.005820824,
      "row_count": 1417
    },
    {
      "elapsed_sec": 0.005750231444835663,
      "is_warmup": false,
      "iteration": 1021,
      "native_traversal_sec": 0.005704203,
      "row_count": 1417
    },
    {
      "elapsed_sec": 0.005515851080417633,
      "is_warmup": false,
      "iteration": 1022,
      "native_traversal_sec": 0.005451362,
      "row_count": 1417
    },
    {
      "elapsed_sec": 0.005944088101387024,
      "is_warmup": false,
      "iteration": 1023,
      "native_traversal_sec": 0.005900335,
      "row_count": 1417
    },
    {
      "elapsed_sec": 0.005957931280136108,
      "is_warmup": false,
      "iteration": 1024,
      "native_traversal_sec": 0.005911527,
      "row_count": 1417
    },
    {
      "elapsed_sec": 0.005444251000881195,
      "is_warmup": false,
      "iteration": 1025,
      "native_traversal_sec": 0.005399343,
      "row_count": 1417
    },
    {
      "elapsed_sec": 0.005802422761917114,
      "is_warmup": false,
      "iteration": 1026,
      "native_traversal_sec": 0.005758166,
      "row_count": 1417
    },
    {
      "elapsed_sec": 0.005604147911071777,
      "is_warmup": false,
      "iteration": 1027,
      "native_traversal_sec": 0.005558937,
      "row_count": 1417
    },
    {
      "elapsed_sec": 0.005350522696971893,
      "is_warmup": false,
      "iteration": 1028,
      "native_traversal_sec": 0.005305946,
      "row_count": 1417
    },
    {
      "elapsed_sec": 0.0058800652623176575,
      "is_warmup": false,
      "iteration": 1029,
      "native_traversal_sec": 0.005834771,
      "row_count": 1417
    },
    {
      "elapsed_sec": 0.005726762115955353,
      "is_warmup": false,
      "iteration": 1030,
      "native_traversal_sec": 0.00568164,
      "row_count": 1417
    },
    {
      "elapsed_sec": 0.005510389804840088,
      "is_warmup": false,
      "iteration": 1031,
      "native_traversal_sec": 0.005462703,
      "row_count": 1417
    },
    {
      "elapsed_sec": 0.005593344569206238,
      "is_warmup": false,
      "iteration": 1032,
      "native_traversal_sec": 0.005547385,
      "row_count": 1417
    },
    {
      "elapsed_sec": 0.005601063370704651,
      "is_warmup": false,
      "iteration": 1033,
      "native_traversal_sec": 0.005554658,
      "row_count": 1417
    },
    {
      "elapsed_sec": 0.005473576486110687,
      "is_warmup": false,
      "iteration": 1034,
      "native_traversal_sec": 0.005429,
      "row_count": 1417
    },
    {
      "elapsed_sec": 0.005362167954444885,
      "is_warmup": false,
      "iteration": 1035,
      "native_traversal_sec": 0.00531885,
      "row_count": 1417
    },
    {
      "elapsed_sec": 0.005461432039737701,
      "is_warmup": false,
      "iteration": 1036,
      "native_traversal_sec": 0.005417678,
      "row_count": 1417
    },
    {
      "elapsed_sec": 0.005185440182685852,
      "is_warmup": false,
      "iteration": 1037,
      "native_traversal_sec": 0.005140853,
      "row_count": 1417
    },
    {
      "elapsed_sec": 0.005441449582576752,
      "is_warmup": false,
      "iteration": 1038,
      "native_traversal_sec": 0.00539792,
      "row_count": 1417
    },
    {
      "elapsed_sec": 0.005461752414703369,
      "is_warmup": false,
      "iteration": 1039,
      "native_traversal_sec": 0.005417898,
      "row_count": 1417
    },
    {
      "elapsed_sec": 0.005721598863601685,
      "is_warmup": false,
      "iteration": 1040,
      "native_traversal_sec": 0.005677402,
      "row_count": 1417
    },
    {
      "elapsed_sec": 0.005273059010505676,
      "is_warmup": false,
      "iteration": 1041,
      "native_traversal_sec": 0.00522884,
      "row_count": 1417
    },
    {
      "elapsed_sec": 0.005497917532920837,
      "is_warmup": false,
      "iteration": 1042,
      "native_traversal_sec": 0.005453667,
      "row_count": 1417
    },
    {
      "elapsed_sec": 0.005498155951499939,
      "is_warmup": false,
      "iteration": 1043,
      "native_traversal_sec": 0.005453727,
      "row_count": 1417
    },
    {
      "elapsed_sec": 0.005200587213039398,
      "is_warmup": false,
      "iteration": 1044,
      "native_traversal_sec": 0.005155941,
      "row_count": 1417
    },
    {
      "elapsed_sec": 0.005561016499996185,
      "is_warmup": false,
      "iteration": 1045,
      "native_traversal_sec": 0.005516596,
      "row_count": 1417
    },
    {
      "elapsed_sec": 0.005603983998298645,
      "is_warmup": false,
      "iteration": 1046,
      "native_traversal_sec": 0.005559277,
      "row_count": 1417
    },
    {
      "elapsed_sec": 0.0054030641913414,
      "is_warmup": false,
      "iteration": 1047,
      "native_traversal_sec": 0.005359307,
      "row_count": 1417
    },
    {
      "elapsed_sec": 0.005541510879993439,
      "is_warmup": false,
      "iteration": 1048,
      "native_traversal_sec": 0.005496007,
      "row_count": 1417
    },
    {
      "elapsed_sec": 0.005573853850364685,
      "is_warmup": false,
      "iteration": 1049,
      "native_traversal_sec": 0.005530022,
      "row_count": 1417
    },
    {
      "elapsed_sec": 0.005357816815376282,
      "is_warmup": false,
      "iteration": 1050,
      "native_traversal_sec": 0.00531293,
      "row_count": 1417
    },
    {
      "elapsed_sec": 0.005531080067157745,
      "is_warmup": false,
      "iteration": 1051,
      "native_traversal_sec": 0.005487841,
      "row_count": 1417
    },
    {
      "elapsed_sec": 0.00550486147403717,
      "is_warmup": false,
      "iteration": 1052,
      "native_traversal_sec": 0.00546053,
      "row_count": 1417
    },
    {
      "elapsed_sec": 0.0057033970952034,
      "is_warmup": false,
      "iteration": 1053,
      "native_traversal_sec": 0.005658957,
      "row_count": 1417
    },
    {
      "elapsed_sec": 0.005336932837963104,
      "is_warmup": false,
      "iteration": 1054,
      "native_traversal_sec": 0.005293453,
      "row_count": 1417
    },
    {
      "elapsed_sec": 0.005641520023345947,
      "is_warmup": false,
      "iteration": 1055,
      "native_traversal_sec": 0.005591078,
      "row_count": 1417
    },
    {
      "elapsed_sec": 0.005318835377693176,
      "is_warmup": false,
      "iteration": 1056,
      "native_traversal_sec": 0.005273714,
      "row_count": 1417
    },
    {
      "elapsed_sec": 0.0053250715136528015,
      "is_warmup": false,
      "iteration": 1057,
      "native_traversal_sec": 0.005280958,
      "row_count": 1417
    },
    {
      "elapsed_sec": 0.005604445934295654,
      "is_warmup": false,
      "iteration": 1058,
      "native_traversal_sec": 0.005558957,
      "row_count": 1417
    },
    {
      "elapsed_sec": 0.005505703389644623,
      "is_warmup": false,
      "iteration": 1059,
      "native_traversal_sec": 0.005460951,
      "row_count": 1417
    },
    {
      "elapsed_sec": 0.0052023157477378845,
      "is_warmup": false,
      "iteration": 1060,
      "native_traversal_sec": 0.005157844,
      "row_count": 1417
    },
    {
      "elapsed_sec": 0.005491502583026886,
      "is_warmup": false,
      "iteration": 1061,
      "native_traversal_sec": 0.005448106,
      "row_count": 1417
    },
    {
      "elapsed_sec": 0.005611695349216461,
      "is_warmup": false,
      "iteration": 1062,
      "native_traversal_sec": 0.005567604,
      "row_count": 1417
    },
    {
      "elapsed_sec": 0.005212321877479553,
      "is_warmup": false,
      "iteration": 1063,
      "native_traversal_sec": 0.005168916,
      "row_count": 1417
    },
    {
      "elapsed_sec": 0.005305178463459015,
      "is_warmup": false,
      "iteration": 1064,
      "native_traversal_sec": 0.005261521,
      "row_count": 1417
    },
    {
      "elapsed_sec": 0.005451895296573639,
      "is_warmup": false,
      "iteration": 1065,
      "native_traversal_sec": 0.005398993,
      "row_count": 1417
    },
    {
      "elapsed_sec": 0.005507223308086395,
      "is_warmup": false,
      "iteration": 1066,
      "native_traversal_sec": 0.005463054,
      "row_count": 1417
    },
    {
      "elapsed_sec": 0.005509480834007263,
      "is_warmup": false,
      "iteration": 1067,
      "native_traversal_sec": 0.005464658,
      "row_count": 1417
    },
    {
      "elapsed_sec": 0.005470529198646545,
      "is_warmup": false,
      "iteration": 1068,
      "native_traversal_sec": 0.005426035,
      "row_count": 1417
    },
    {
      "elapsed_sec": 0.005114041268825531,
      "is_warmup": false,
      "iteration": 1069,
      "native_traversal_sec": 0.005041483,
      "row_count": 1417
    },
    {
      "elapsed_sec": 0.005499564111232758,
      "is_warmup": false,
      "iteration": 1070,
      "native_traversal_sec": 0.005455891,
      "row_count": 1417
    },
    {
      "elapsed_sec": 0.005294613540172577,
      "is_warmup": false,
      "iteration": 1071,
      "native_traversal_sec": 0.00525013,
      "row_count": 1417
    },
    {
      "elapsed_sec": 0.00536675751209259,
      "is_warmup": false,
      "iteration": 1072,
      "native_traversal_sec": 0.005322518,
      "row_count": 1417
    },
    {
      "elapsed_sec": 0.0055951401591300964,
      "is_warmup": false,
      "iteration": 1073,
      "native_traversal_sec": 0.005548246,
      "row_count": 1417
    },
    {
      "elapsed_sec": 0.005272634327411652,
      "is_warmup": false,
      "iteration": 1074,
      "native_traversal_sec": 0.005224491,
      "row_count": 1417
    },
    {
      "elapsed_sec": 0.005444712936878204,
      "is_warmup": false,
      "iteration": 1075,
      "native_traversal_sec": 0.00539753,
      "row_count": 1417
    },
    {
      "elapsed_sec": 0.005659863352775574,
      "is_warmup": false,
      "iteration": 1076,
      "native_traversal_sec": 0.005615274,
      "row_count": 1417
    },
    {
      "elapsed_sec": 0.005680277943611145,
      "is_warmup": false,
      "iteration": 1077,
      "native_traversal_sec": 0.005635503,
      "row_count": 1417
    },
    {
      "elapsed_sec": 0.0056365057826042175,
      "is_warmup": false,
      "iteration": 1078,
      "native_traversal_sec": 0.005592431,
      "row_count": 1417
    },
    {
      "elapsed_sec": 0.005540177226066589,
      "is_warmup": false,
      "iteration": 1079,
      "native_traversal_sec": 0.005495457,
      "row_count": 1417
    },
    {
      "elapsed_sec": 0.005788736045360565,
      "is_warmup": false,
      "iteration": 1080,
      "native_traversal_sec": 0.005722938,
      "row_count": 1417
    },
    {
      "elapsed_sec": 0.005691602826118469,
      "is_warmup": false,
      "iteration": 1081,
      "native_traversal_sec": 0.00564476,
      "row_count": 1417
    },
    {
      "elapsed_sec": 0.005386441946029663,
      "is_warmup": false,
      "iteration": 1082,
      "native_traversal_sec": 0.005341864,
      "row_count": 1417
    },
    {
      "elapsed_sec": 0.0056267306208610535,
      "is_warmup": false,
      "iteration": 1083,
      "native_traversal_sec": 0.00558203,
      "row_count": 1417
    },
    {
      "elapsed_sec": 0.005774460732936859,
      "is_warmup": false,
      "iteration": 1084,
      "native_traversal_sec": 0.005729591,
      "row_count": 1417
    },
    {
      "elapsed_sec": 0.005556806921958923,
      "is_warmup": false,
      "iteration": 1085,
      "native_traversal_sec": 0.005512769,
      "row_count": 1417
    },
    {
      "elapsed_sec": 0.005740940570831299,
      "is_warmup": false,
      "iteration": 1086,
      "native_traversal_sec": 0.005696449,
      "row_count": 1417
    },
    {
      "elapsed_sec": 0.005610249936580658,
      "is_warmup": false,
      "iteration": 1087,
      "native_traversal_sec": 0.005564989,
      "row_count": 1417
    },
    {
      "elapsed_sec": 0.005714550614356995,
      "is_warmup": false,
      "iteration": 1088,
      "native_traversal_sec": 0.005668746,
      "row_count": 1417
    },
    {
      "elapsed_sec": 0.005483604967594147,
      "is_warmup": false,
      "iteration": 1089,
      "native_traversal_sec": 0.005436935,
      "row_count": 1417
    },
    {
      "elapsed_sec": 0.005604088306427002,
      "is_warmup": false,
      "iteration": 1090,
      "native_traversal_sec": 0.005559257,
      "row_count": 1417
    },
    {
      "elapsed_sec": 0.005596853792667389,
      "is_warmup": false,
      "iteration": 1091,
      "native_traversal_sec": 0.005550631,
      "row_count": 1417
    },
    {
      "elapsed_sec": 0.005687810480594635,
      "is_warmup": false,
      "iteration": 1092,
      "native_traversal_sec": 0.005640402,
      "row_count": 1417
    },
    {
      "elapsed_sec": 0.005311496555805206,
      "is_warmup": false,
      "iteration": 1093,
      "native_traversal_sec": 0.005265309,
      "row_count": 1417
    },
    {
      "elapsed_sec": 0.0057221949100494385,
      "is_warmup": false,
      "iteration": 1094,
      "native_traversal_sec": 0.005677463,
      "row_count": 1417
    },
    {
      "elapsed_sec": 0.0052818357944488525,
      "is_warmup": false,
      "iteration": 1095,
      "native_traversal_sec": 0.005237556,
      "row_count": 1417
    },
    {
      "elapsed_sec": 0.005567699670791626,
      "is_warmup": false,
      "iteration": 1096,
      "native_traversal_sec": 0.005524291,
      "row_count": 1417
    },
    {
      "elapsed_sec": 0.0056920647621154785,
      "is_warmup": false,
      "iteration": 1097,
      "native_traversal_sec": 0.005646864,
      "row_count": 1417
    },
    {
      "elapsed_sec": 0.0057609230279922485,
      "is_warmup": false,
      "iteration": 1098,
      "native_traversal_sec": 0.005715645,
      "row_count": 1417
    },
    {
      "elapsed_sec": 0.0056432634592056274,
      "is_warmup": false,
      "iteration": 1099,
      "native_traversal_sec": 0.005598602,
      "row_count": 1417
    },
    {
      "elapsed_sec": 0.00554434210062027,
      "is_warmup": false,
      "iteration": 1100,
      "native_traversal_sec": 0.005499093,
      "row_count": 1417
    },
    {
      "elapsed_sec": 0.005406655371189117,
      "is_warmup": false,
      "iteration": 1101,
      "native_traversal_sec": 0.005362563,
      "row_count": 1417
    },
    {
      "elapsed_sec": 0.0054517388343811035,
      "is_warmup": false,
      "iteration": 1102,
      "native_traversal_sec": 0.005406958,
      "row_count": 1417
    },
    {
      "elapsed_sec": 0.005599401891231537,
      "is_warmup": false,
      "iteration": 1103,
      "native_traversal_sec": 0.005554368,
      "row_count": 1417
    },
    {
      "elapsed_sec": 0.005364120006561279,
      "is_warmup": false,
      "iteration": 1104,
      "native_traversal_sec": 0.005317628,
      "row_count": 1417
    },
    {
      "elapsed_sec": 0.0054664090275764465,
      "is_warmup": false,
      "iteration": 1105,
      "native_traversal_sec": 0.005420053,
      "row_count": 1417
    },
    {
      "elapsed_sec": 0.005350388586521149,
      "is_warmup": false,
      "iteration": 1106,
      "native_traversal_sec": 0.005305004,
      "row_count": 1417
    },
    {
      "elapsed_sec": 0.005401991307735443,
      "is_warmup": false,
      "iteration": 1107,
      "native_traversal_sec": 0.005357194,
      "row_count": 1417
    },
    {
      "elapsed_sec": 0.005362987518310547,
      "is_warmup": false,
      "iteration": 1108,
      "native_traversal_sec": 0.0053184,
      "row_count": 1417
    },
    {
      "elapsed_sec": 0.005902096629142761,
      "is_warmup": false,
      "iteration": 1109,
      "native_traversal_sec": 0.005858086,
      "row_count": 1417
    },
    {
      "elapsed_sec": 0.005445852875709534,
      "is_warmup": false,
      "iteration": 1110,
      "native_traversal_sec": 0.005401177,
      "row_count": 1417
    },
    {
      "elapsed_sec": 0.0054940879344940186,
      "is_warmup": false,
      "iteration": 1111,
      "native_traversal_sec": 0.005448988,
      "row_count": 1417
    },
    {
      "elapsed_sec": 0.005578808486461639,
      "is_warmup": false,
      "iteration": 1112,
      "native_traversal_sec": 0.005535212,
      "row_count": 1417
    },
    {
      "elapsed_sec": 0.005400910973548889,
      "is_warmup": false,
      "iteration": 1113,
      "native_traversal_sec": 0.005356112,
      "row_count": 1417
    },
    {
      "elapsed_sec": 0.005649648606777191,
      "is_warmup": false,
      "iteration": 1114,
      "native_traversal_sec": 0.005605886,
      "row_count": 1417
    },
    {
      "elapsed_sec": 0.005186751484870911,
      "is_warmup": false,
      "iteration": 1115,
      "native_traversal_sec": 0.005143327,
      "row_count": 1417
    },
    {
      "elapsed_sec": 0.005467072129249573,
      "is_warmup": false,
      "iteration": 1116,
      "native_traversal_sec": 0.005422728,
      "row_count": 1417
    },
    {
      "elapsed_sec": 0.005573861300945282,
      "is_warmup": false,
      "iteration": 1117,
      "native_traversal_sec": 0.00552935,
      "row_count": 1417
    },
    {
      "elapsed_sec": 0.0052328333258628845,
      "is_warmup": false,
      "iteration": 1118,
      "native_traversal_sec": 0.005181389,
      "row_count": 1417
    },
    {
      "elapsed_sec": 0.005457602441310883,
      "is_warmup": false,
      "iteration": 1119,
      "native_traversal_sec": 0.00541318,
      "row_count": 1417
    },
    {
      "elapsed_sec": 0.005552917718887329,
      "is_warmup": false,
      "iteration": 1120,
      "native_traversal_sec": 0.00550802,
      "row_count": 1417
    },
    {
      "elapsed_sec": 0.005510397255420685,
      "is_warmup": false,
      "iteration": 1121,
      "native_traversal_sec": 0.005463566,
      "row_count": 1417
    },
    {
      "elapsed_sec": 0.005453802645206451,
      "is_warmup": false,
      "iteration": 1122,
      "native_traversal_sec": 0.005406747,
      "row_count": 1417
    },
    {
      "elapsed_sec": 0.005616858601570129,
      "is_warmup": false,
      "iteration": 1123,
      "native_traversal_sec": 0.005570929,
      "row_count": 1417
    },
    {
      "elapsed_sec": 0.005550503730773926,
      "is_warmup": false,
      "iteration": 1124,
      "native_traversal_sec": 0.005505535,
      "row_count": 1417
    },
    {
      "elapsed_sec": 0.005571909248828888,
      "is_warmup": false,
      "iteration": 1125,
      "native_traversal_sec": 0.005527437,
      "row_count": 1417
    },
    {
      "elapsed_sec": 0.005839541554450989,
      "is_warmup": false,
      "iteration": 1126,
      "native_traversal_sec": 0.005793322,
      "row_count": 1417
    },
    {
      "elapsed_sec": 0.005817517638206482,
      "is_warmup": false,
      "iteration": 1127,
      "native_traversal_sec": 0.005768145,
      "row_count": 1417
    },
    {
      "elapsed_sec": 0.00569240003824234,
      "is_warmup": false,
      "iteration": 1128,
      "native_traversal_sec": 0.005647195,
      "row_count": 1417
    },
    {
      "elapsed_sec": 0.005435466766357422,
      "is_warmup": false,
      "iteration": 1129,
      "native_traversal_sec": 0.005389875,
      "row_count": 1417
    },
    {
      "elapsed_sec": 0.005724005401134491,
      "is_warmup": false,
      "iteration": 1130,
      "native_traversal_sec": 0.005679175,
      "row_count": 1417
    },
    {
      "elapsed_sec": 0.005304016172885895,
      "is_warmup": false,
      "iteration": 1131,
      "native_traversal_sec": 0.005258826,
      "row_count": 1417
    },
    {
      "elapsed_sec": 0.005732588469982147,
      "is_warmup": false,
      "iteration": 1132,
      "native_traversal_sec": 0.00568708,
      "row_count": 1417
    },
    {
      "elapsed_sec": 0.005733400583267212,
      "is_warmup": false,
      "iteration": 1133,
      "native_traversal_sec": 0.005688263,
      "row_count": 1417
    },
    {
      "elapsed_sec": 0.005837894976139069,
      "is_warmup": false,
      "iteration": 1134,
      "native_traversal_sec": 0.005793432,
      "row_count": 1417
    },
    {
      "elapsed_sec": 0.005672246217727661,
      "is_warmup": false,
      "iteration": 1135,
      "native_traversal_sec": 0.005626886,
      "row_count": 1417
    },
    {
      "elapsed_sec": 0.005653992295265198,
      "is_warmup": false,
      "iteration": 1136,
      "native_traversal_sec": 0.005607629,
      "row_count": 1417
    },
    {
      "elapsed_sec": 0.005271449685096741,
      "is_warmup": false,
      "iteration": 1137,
      "native_traversal_sec": 0.005226826,
      "row_count": 1417
    },
    {
      "elapsed_sec": 0.0053306519985198975,
      "is_warmup": false,
      "iteration": 1138,
      "native_traversal_sec": 0.005278123,
      "row_count": 1417
    },
    {
      "elapsed_sec": 0.0051747336983680725,
      "is_warmup": false,
      "iteration": 1139,
      "native_traversal_sec": 0.005129431,
      "row_count": 1417
    },
    {
      "elapsed_sec": 0.005417868494987488,
      "is_warmup": false,
      "iteration": 1140,
      "native_traversal_sec": 0.005373885,
      "row_count": 1417
    },
    {
      "elapsed_sec": 0.0056261420249938965,
      "is_warmup": false,
      "iteration": 1141,
      "native_traversal_sec": 0.005580137,
      "row_count": 1417
    },
    {
      "elapsed_sec": 0.005704127252101898,
      "is_warmup": false,
      "iteration": 1142,
      "native_traversal_sec": 0.005656993,
      "row_count": 1417
    },
    {
      "elapsed_sec": 0.005428135395050049,
      "is_warmup": false,
      "iteration": 1143,
      "native_traversal_sec": 0.005383253,
      "row_count": 1417
    },
    {
      "elapsed_sec": 0.005569420754909515,
      "is_warmup": false,
      "iteration": 1144,
      "native_traversal_sec": 0.005523069,
      "row_count": 1417
    },
    {
      "elapsed_sec": 0.005730539560317993,
      "is_warmup": false,
      "iteration": 1145,
      "native_traversal_sec": 0.005684786,
      "row_count": 1417
    },
    {
      "elapsed_sec": 0.005665041506290436,
      "is_warmup": false,
      "iteration": 1146,
      "native_traversal_sec": 0.005620454,
      "row_count": 1417
    },
    {
      "elapsed_sec": 0.0055980682373046875,
      "is_warmup": false,
      "iteration": 1147,
      "native_traversal_sec": 0.005553246,
      "row_count": 1417
    },
    {
      "elapsed_sec": 0.005599267780780792,
      "is_warmup": false,
      "iteration": 1148,
      "native_traversal_sec": 0.005553988,
      "row_count": 1417
    },
    {
      "elapsed_sec": 0.005869440734386444,
      "is_warmup": false,
      "iteration": 1149,
      "native_traversal_sec": 0.00582378,
      "row_count": 1417
    },
    {
      "elapsed_sec": 0.006084628403186798,
      "is_warmup": false,
      "iteration": 1150,
      "native_traversal_sec": 0.006020434,
      "row_count": 1417
    },
    {
      "elapsed_sec": 0.005693070590496063,
      "is_warmup": false,
      "iteration": 1151,
      "native_traversal_sec": 0.005645812,
      "row_count": 1417
    },
    {
      "elapsed_sec": 0.005888022482395172,
      "is_warmup": false,
      "iteration": 1152,
      "native_traversal_sec": 0.005821195,
      "row_count": 1417
    },
    {
      "elapsed_sec": 0.005374811589717865,
      "is_warmup": false,
      "iteration": 1153,
      "native_traversal_sec": 0.005327748,
      "row_count": 1417
    },
    {
      "elapsed_sec": 0.005637787282466888,
      "is_warmup": false,
      "iteration": 1154,
      "native_traversal_sec": 0.005590908,
      "row_count": 1417
    },
    {
      "elapsed_sec": 0.005559995770454407,
      "is_warmup": false,
      "iteration": 1155,
      "native_traversal_sec": 0.005510205,
      "row_count": 1417
    },
    {
      "elapsed_sec": 0.005116559565067291,
      "is_warmup": false,
      "iteration": 1156,
      "native_traversal_sec": 0.00507149,
      "row_count": 1417
    },
    {
      "elapsed_sec": 0.005371175706386566,
      "is_warmup": false,
      "iteration": 1157,
      "native_traversal_sec": 0.005326905,
      "row_count": 1417
    },
    {
      "elapsed_sec": 0.005494460463523865,
      "is_warmup": false,
      "iteration": 1158,
      "native_traversal_sec": 0.005449038,
      "row_count": 1417
    },
    {
      "elapsed_sec": 0.0052151307463645935,
      "is_warmup": false,
      "iteration": 1159,
      "native_traversal_sec": 0.005171,
      "row_count": 1417
    },
    {
      "elapsed_sec": 0.005259916186332703,
      "is_warmup": false,
      "iteration": 1160,
      "native_traversal_sec": 0.005216606,
      "row_count": 1417
    },
    {
      "elapsed_sec": 0.005448751151561737,
      "is_warmup": false,
      "iteration": 1161,
      "native_traversal_sec": 0.005403792,
      "row_count": 1417
    },
    {
      "elapsed_sec": 0.005954734981060028,
      "is_warmup": false,
      "iteration": 1162,
      "native_traversal_sec": 0.005910686,
      "row_count": 1417
    },
    {
      "elapsed_sec": 0.005459688603878021,
      "is_warmup": false,
      "iteration": 1163,
      "native_traversal_sec": 0.005415965,
      "row_count": 1417
    },
    {
      "elapsed_sec": 0.005546562373638153,
      "is_warmup": false,
      "iteration": 1164,
      "native_traversal_sec": 0.005494485,
      "row_count": 1417
    },
    {
      "elapsed_sec": 0.005637511610984802,
      "is_warmup": false,
      "iteration": 1165,
      "native_traversal_sec": 0.005591379,
      "row_count": 1417
    },
    {
      "elapsed_sec": 0.005274415016174316,
      "is_warmup": false,
      "iteration": 1166,
      "native_traversal_sec": 0.005226004,
      "row_count": 1417
    },
    {
      "elapsed_sec": 0.005598016083240509,
      "is_warmup": false,
      "iteration": 1167,
      "native_traversal_sec": 0.005554128,
      "row_count": 1417
    },
    {
      "elapsed_sec": 0.005493834614753723,
      "is_warmup": false,
      "iteration": 1168,
      "native_traversal_sec": 0.0054505,
      "row_count": 1417
    },
    {
      "elapsed_sec": 0.005790524184703827,
      "is_warmup": false,
      "iteration": 1169,
      "native_traversal_sec": 0.005744921,
      "row_count": 1417
    },
    {
      "elapsed_sec": 0.0056113749742507935,
      "is_warmup": false,
      "iteration": 1170,
      "native_traversal_sec": 0.005558276,
      "row_count": 1417
    },
    {
      "elapsed_sec": 0.005492813885211945,
      "is_warmup": false,
      "iteration": 1171,
      "native_traversal_sec": 0.005448056,
      "row_count": 1417
    },
    {
      "elapsed_sec": 0.0057886019349098206,
      "is_warmup": false,
      "iteration": 1172,
      "native_traversal_sec": 0.005742826,
      "row_count": 1417
    },
    {
      "elapsed_sec": 0.005482785403728485,
      "is_warmup": false,
      "iteration": 1173,
      "native_traversal_sec": 0.005437506,
      "row_count": 1417
    },
    {
      "elapsed_sec": 0.005730286240577698,
      "is_warmup": false,
      "iteration": 1174,
      "native_traversal_sec": 0.005684827,
      "row_count": 1417
    },
    {
      "elapsed_sec": 0.005635149776935577,
      "is_warmup": false,
      "iteration": 1175,
      "native_traversal_sec": 0.005589154,
      "row_count": 1417
    },
    {
      "elapsed_sec": 0.005965493619441986,
      "is_warmup": false,
      "iteration": 1176,
      "native_traversal_sec": 0.00591817,
      "row_count": 1417
    },
    {
      "elapsed_sec": 0.005571097135543823,
      "is_warmup": false,
      "iteration": 1177,
      "native_traversal_sec": 0.005524982,
      "row_count": 1417
    },
    {
      "elapsed_sec": 0.00534646213054657,
      "is_warmup": false,
      "iteration": 1178,
      "native_traversal_sec": 0.0053028,
      "row_count": 1417
    },
    {
      "elapsed_sec": 0.005453743040561676,
      "is_warmup": false,
      "iteration": 1179,
      "native_traversal_sec": 0.005403111,
      "row_count": 1417
    },
    {
      "elapsed_sec": 0.005359038710594177,
      "is_warmup": false,
      "iteration": 1180,
      "native_traversal_sec": 0.005314973,
      "row_count": 1417
    },
    {
      "elapsed_sec": 0.0054605454206466675,
      "is_warmup": false,
      "iteration": 1181,
      "native_traversal_sec": 0.005413842,
      "row_count": 1417
    },
    {
      "elapsed_sec": 0.005461215972900391,
      "is_warmup": false,
      "iteration": 1182,
      "native_traversal_sec": 0.005409974,
      "row_count": 1417
    },
    {
      "elapsed_sec": 0.0056400299072265625,
      "is_warmup": false,
      "iteration": 1183,
      "native_traversal_sec": 0.005593924,
      "row_count": 1417
    },
    {
      "elapsed_sec": 0.0055551305413246155,
      "is_warmup": false,
      "iteration": 1184,
      "native_traversal_sec": 0.005490546,
      "row_count": 1417
    },
    {
      "elapsed_sec": 0.005500011146068573,
      "is_warmup": false,
      "iteration": 1185,
      "native_traversal_sec": 0.005453796,
      "row_count": 1417
    },
    {
      "elapsed_sec": 0.005617804825305939,
      "is_warmup": false,
      "iteration": 1186,
      "native_traversal_sec": 0.00557072,
      "row_count": 1417
    },
    {
      "elapsed_sec": 0.005554065108299255,
      "is_warmup": false,
      "iteration": 1187,
      "native_traversal_sec": 0.005490286,
      "row_count": 1417
    },
    {
      "elapsed_sec": 0.005493722856044769,
      "is_warmup": false,
      "iteration": 1188,
      "native_traversal_sec": 0.005448507,
      "row_count": 1417
    },
    {
      "elapsed_sec": 0.00553525984287262,
      "is_warmup": false,
      "iteration": 1189,
      "native_traversal_sec": 0.005490817,
      "row_count": 1417
    },
    {
      "elapsed_sec": 0.005390040576457977,
      "is_warmup": false,
      "iteration": 1190,
      "native_traversal_sec": 0.0053452,
      "row_count": 1417
    },
    {
      "elapsed_sec": 0.005551457405090332,
      "is_warmup": false,
      "iteration": 1191,
      "native_traversal_sec": 0.005506938,
      "row_count": 1417
    },
    {
      "elapsed_sec": 0.005671188235282898,
      "is_warmup": false,
      "iteration": 1192,
      "native_traversal_sec": 0.005626575,
      "row_count": 1417
    },
    {
      "elapsed_sec": 0.005521208047866821,
      "is_warmup": false,
      "iteration": 1193,
      "native_traversal_sec": 0.005476691,
      "row_count": 1417
    },
    {
      "elapsed_sec": 0.005569905042648315,
      "is_warmup": false,
      "iteration": 1194,
      "native_traversal_sec": 0.005526144,
      "row_count": 1417
    },
    {
      "elapsed_sec": 0.005407899618148804,
      "is_warmup": false,
      "iteration": 1195,
      "native_traversal_sec": 0.005363124,
      "row_count": 1417
    },
    {
      "elapsed_sec": 0.0054657235741615295,
      "is_warmup": false,
      "iteration": 1196,
      "native_traversal_sec": 0.005421355,
      "row_count": 1417
    },
    {
      "elapsed_sec": 0.005701467394828796,
      "is_warmup": false,
      "iteration": 1197,
      "native_traversal_sec": 0.005655972,
      "row_count": 1417
    },
    {
      "elapsed_sec": 0.005580581724643707,
      "is_warmup": false,
      "iteration": 1198,
      "native_traversal_sec": 0.005535572,
      "row_count": 1417
    },
    {
      "elapsed_sec": 0.005156122148036957,
      "is_warmup": false,
      "iteration": 1199,
      "native_traversal_sec": 0.005111196,
      "row_count": 1417
    },
    {
      "elapsed_sec": 0.005647711455821991,
      "is_warmup": false,
      "iteration": 1200,
      "native_traversal_sec": 0.005603441,
      "row_count": 1417
    },
    {
      "elapsed_sec": 0.005683571100234985,
      "is_warmup": false,
      "iteration": 1201,
      "native_traversal_sec": 0.005637326,
      "row_count": 1417
    },
    {
      "elapsed_sec": 0.00538269430398941,
      "is_warmup": false,
      "iteration": 1202,
      "native_traversal_sec": 0.005320654,
      "row_count": 1417
    },
    {
      "elapsed_sec": 0.00531180202960968,
      "is_warmup": false,
      "iteration": 1203,
      "native_traversal_sec": 0.005266982,
      "row_count": 1417
    },
    {
      "elapsed_sec": 0.0054763928055763245,
      "is_warmup": false,
      "iteration": 1204,
      "native_traversal_sec": 0.005431945,
      "row_count": 1417
    },
    {
      "elapsed_sec": 0.005412675440311432,
      "is_warmup": false,
      "iteration": 1205,
      "native_traversal_sec": 0.005368224,
      "row_count": 1417
    },
    {
      "elapsed_sec": 0.005702517926692963,
      "is_warmup": false,
      "iteration": 1206,
      "native_traversal_sec": 0.005657805,
      "row_count": 1417
    },
    {
      "elapsed_sec": 0.005661994218826294,
      "is_warmup": false,
      "iteration": 1207,
      "native_traversal_sec": 0.005617738,
      "row_count": 1417
    },
    {
      "elapsed_sec": 0.005407124757766724,
      "is_warmup": false,
      "iteration": 1208,
      "native_traversal_sec": 0.005362523,
      "row_count": 1417
    },
    {
      "elapsed_sec": 0.005454890429973602,
      "is_warmup": false,
      "iteration": 1209,
      "native_traversal_sec": 0.005410605,
      "row_count": 1417
    },
    {
      "elapsed_sec": 0.005322620272636414,
      "is_warmup": false,
      "iteration": 1210,
      "native_traversal_sec": 0.005279666,
      "row_count": 1417
    },
    {
      "elapsed_sec": 0.005961179733276367,
      "is_warmup": false,
      "iteration": 1211,
      "native_traversal_sec": 0.005911557,
      "row_count": 1417
    },
    {
      "elapsed_sec": 0.005139082670211792,
      "is_warmup": false,
      "iteration": 1212,
      "native_traversal_sec": 0.005094063,
      "row_count": 1417
    },
    {
      "elapsed_sec": 0.0051765888929367065,
      "is_warmup": false,
      "iteration": 1213,
      "native_traversal_sec": 0.005132637,
      "row_count": 1417
    },
    {
      "elapsed_sec": 0.0053857192397117615,
      "is_warmup": false,
      "iteration": 1214,
      "native_traversal_sec": 0.005341293,
      "row_count": 1417
    },
    {
      "elapsed_sec": 0.005392029881477356,
      "is_warmup": false,
      "iteration": 1215,
      "native_traversal_sec": 0.005347755,
      "row_count": 1417
    },
    {
      "elapsed_sec": 0.005275428295135498,
      "is_warmup": false,
      "iteration": 1216,
      "native_traversal_sec": 0.005232156,
      "row_count": 1417
    },
    {
      "elapsed_sec": 0.005415186285972595,
      "is_warmup": false,
      "iteration": 1217,
      "native_traversal_sec": 0.005370258,
      "row_count": 1417
    },
    {
      "elapsed_sec": 0.005613550543785095,
      "is_warmup": false,
      "iteration": 1218,
      "native_traversal_sec": 0.005568555,
      "row_count": 1417
    },
    {
      "elapsed_sec": 0.005283951759338379,
      "is_warmup": false,
      "iteration": 1219,
      "native_traversal_sec": 0.00523956,
      "row_count": 1417
    },
    {
      "elapsed_sec": 0.005468018352985382,
      "is_warmup": false,
      "iteration": 1220,
      "native_traversal_sec": 0.005423189,
      "row_count": 1417
    },
    {
      "elapsed_sec": 0.00526929646730423,
      "is_warmup": false,
      "iteration": 1221,
      "native_traversal_sec": 0.005224541,
      "row_count": 1417
    },
    {
      "elapsed_sec": 0.00578608363866806,
      "is_warmup": false,
      "iteration": 1222,
      "native_traversal_sec": 0.005742556,
      "row_count": 1417
    },
    {
      "elapsed_sec": 0.005506053566932678,
      "is_warmup": false,
      "iteration": 1223,
      "native_traversal_sec": 0.00546079,
      "row_count": 1417
    },
    {
      "elapsed_sec": 0.005864880979061127,
      "is_warmup": false,
      "iteration": 1224,
      "native_traversal_sec": 0.005820163,
      "row_count": 1417
    },
    {
      "elapsed_sec": 0.005381830036640167,
      "is_warmup": false,
      "iteration": 1225,
      "native_traversal_sec": 0.005333749,
      "row_count": 1417
    },
    {
      "elapsed_sec": 0.005523599684238434,
      "is_warmup": false,
      "iteration": 1226,
      "native_traversal_sec": 0.005478624,
      "row_count": 1417
    },
    {
      "elapsed_sec": 0.005375519394874573,
      "is_warmup": false,
      "iteration": 1227,
      "native_traversal_sec": 0.005331505,
      "row_count": 1417
    },
    {
      "elapsed_sec": 0.005653098225593567,
      "is_warmup": false,
      "iteration": 1228,
      "native_traversal_sec": 0.005600947,
      "row_count": 1417
    },
    {
      "elapsed_sec": 0.005464769899845123,
      "is_warmup": false,
      "iteration": 1229,
      "native_traversal_sec": 0.005419712,
      "row_count": 1417
    },
    {
      "elapsed_sec": 0.005343109369277954,
      "is_warmup": false,
      "iteration": 1230,
      "native_traversal_sec": 0.005298382,
      "row_count": 1417
    },
    {
      "elapsed_sec": 0.0056904032826423645,
      "is_warmup": false,
      "iteration": 1231,
      "native_traversal_sec": 0.005645401,
      "row_count": 1417
    },
    {
      "elapsed_sec": 0.005530834197998047,
      "is_warmup": false,
      "iteration": 1232,
      "native_traversal_sec": 0.005483463,
      "row_count": 1417
    },
    {
      "elapsed_sec": 0.0055014267563819885,
      "is_warmup": false,
      "iteration": 1233,
      "native_traversal_sec": 0.00545564,
      "row_count": 1417
    },
    {
      "elapsed_sec": 0.005503237247467041,
      "is_warmup": false,
      "iteration": 1234,
      "native_traversal_sec": 0.005458105,
      "row_count": 1417
    },
    {
      "elapsed_sec": 0.005817301571369171,
      "is_warmup": false,
      "iteration": 1235,
      "native_traversal_sec": 0.005772252,
      "row_count": 1417
    },
    {
      "elapsed_sec": 0.0054886192083358765,
      "is_warmup": false,
      "iteration": 1236,
      "native_traversal_sec": 0.005444089,
      "row_count": 1417
    },
    {
      "elapsed_sec": 0.005297243595123291,
      "is_warmup": false,
      "iteration": 1237,
      "native_traversal_sec": 0.00524486,
      "row_count": 1417
    },
    {
      "elapsed_sec": 0.005697213113307953,
      "is_warmup": false,
      "iteration": 1238,
      "native_traversal_sec": 0.005652154,
      "row_count": 1417
    },
    {
      "elapsed_sec": 0.005438514053821564,
      "is_warmup": false,
      "iteration": 1239,
      "native_traversal_sec": 0.005385537,
      "row_count": 1417
    },
    {
      "elapsed_sec": 0.0056070685386657715,
      "is_warmup": false,
      "iteration": 1240,
      "native_traversal_sec": 0.005562294,
      "row_count": 1417
    },
    {
      "elapsed_sec": 0.0054898858070373535,
      "is_warmup": false,
      "iteration": 1241,
      "native_traversal_sec": 0.00544463,
      "row_count": 1417
    },
    {
      "elapsed_sec": 0.0055728331208229065,
      "is_warmup": false,
      "iteration": 1242,
      "native_traversal_sec": 0.005528138,
      "row_count": 1417
    },
    {
      "elapsed_sec": 0.005242735147476196,
      "is_warmup": false,
      "iteration": 1243,
      "native_traversal_sec": 0.005198582,
      "row_count": 1417
    },
    {
      "elapsed_sec": 0.005547821521759033,
      "is_warmup": false,
      "iteration": 1244,
      "native_traversal_sec": 0.005503372,
      "row_count": 1417
    },
    {
      "elapsed_sec": 0.005509704351425171,
      "is_warmup": false,
      "iteration": 1245,
      "native_traversal_sec": 0.005465149,
      "row_count": 1417
    },
    {
      "elapsed_sec": 0.005431458353996277,
      "is_warmup": false,
      "iteration": 1246,
      "native_traversal_sec": 0.005386529,
      "row_count": 1417
    },
    {
      "elapsed_sec": 0.005572959780693054,
      "is_warmup": false,
      "iteration": 1247,
      "native_traversal_sec": 0.005527868,
      "row_count": 1417
    },
    {
      "elapsed_sec": 0.005471549928188324,
      "is_warmup": false,
      "iteration": 1248,
      "native_traversal_sec": 0.005426395,
      "row_count": 1417
    },
    {
      "elapsed_sec": 0.00514955073595047,
      "is_warmup": false,
      "iteration": 1249,
      "native_traversal_sec": 0.005105374,
      "row_count": 1417
    },
    {
      "elapsed_sec": 0.0055296942591667175,
      "is_warmup": false,
      "iteration": 1250,
      "native_traversal_sec": 0.005485327,
      "row_count": 1417
    },
    {
      "elapsed_sec": 0.005508646368980408,
      "is_warmup": false,
      "iteration": 1251,
      "native_traversal_sec": 0.005463475,
      "row_count": 1417
    },
    {
      "elapsed_sec": 0.005377389490604401,
      "is_warmup": false,
      "iteration": 1252,
      "native_traversal_sec": 0.005333218,
      "row_count": 1417
    },
    {
      "elapsed_sec": 0.005546756088733673,
      "is_warmup": false,
      "iteration": 1253,
      "native_traversal_sec": 0.005503241,
      "row_count": 1417
    },
    {
      "elapsed_sec": 0.0056343525648117065,
      "is_warmup": false,
      "iteration": 1254,
      "native_traversal_sec": 0.005582422,
      "row_count": 1417
    },
    {
      "elapsed_sec": 0.005310080945491791,
      "is_warmup": false,
      "iteration": 1255,
      "native_traversal_sec": 0.005265639,
      "row_count": 1417
    },
    {
      "elapsed_sec": 0.005735740065574646,
      "is_warmup": false,
      "iteration": 1256,
      "native_traversal_sec": 0.005691979,
      "row_count": 1417
    },
    {
      "elapsed_sec": 0.005543701350688934,
      "is_warmup": false,
      "iteration": 1257,
      "native_traversal_sec": 0.005498151,
      "row_count": 1417
    },
    {
      "elapsed_sec": 0.00567471981048584,
      "is_warmup": false,
      "iteration": 1258,
      "native_traversal_sec": 0.005630633,
      "row_count": 1417
    },
    {
      "elapsed_sec": 0.0052742063999176025,
      "is_warmup": false,
      "iteration": 1259,
      "native_traversal_sec": 0.005230864,
      "row_count": 1417
    },
    {
      "elapsed_sec": 0.005586378276348114,
      "is_warmup": false,
      "iteration": 1260,
      "native_traversal_sec": 0.005542706,
      "row_count": 1417
    },
    {
      "elapsed_sec": 0.005560003221035004,
      "is_warmup": false,
      "iteration": 1261,
      "native_traversal_sec": 0.005516216,
      "row_count": 1417
    },
    {
      "elapsed_sec": 0.005402982234954834,
      "is_warmup": false,
      "iteration": 1262,
      "native_traversal_sec": 0.005359047,
      "row_count": 1417
    },
    {
      "elapsed_sec": 0.005545437335968018,
      "is_warmup": false,
      "iteration": 1263,
      "native_traversal_sec": 0.005501427,
      "row_count": 1417
    },
    {
      "elapsed_sec": 0.005571939051151276,
      "is_warmup": false,
      "iteration": 1264,
      "native_traversal_sec": 0.005527407,
      "row_count": 1417
    },
    {
      "elapsed_sec": 0.005479492247104645,
      "is_warmup": false,
      "iteration": 1265,
      "native_traversal_sec": 0.005435252,
      "row_count": 1417
    },
    {
      "elapsed_sec": 0.005282558500766754,
      "is_warmup": false,
      "iteration": 1266,
      "native_traversal_sec": 0.005237936,
      "row_count": 1417
    },
    {
      "elapsed_sec": 0.005308046936988831,
      "is_warmup": false,
      "iteration": 1267,
      "native_traversal_sec": 0.005263225,
      "row_count": 1417
    },
    {
      "elapsed_sec": 0.005553513765335083,
      "is_warmup": false,
      "iteration": 1268,
      "native_traversal_sec": 0.00550785,
      "row_count": 1417
    },
    {
      "elapsed_sec": 0.00545685738325119,
      "is_warmup": false,
      "iteration": 1269,
      "native_traversal_sec": 0.00541331,
      "row_count": 1417
    },
    {
      "elapsed_sec": 0.005506329238414764,
      "is_warmup": false,
      "iteration": 1270,
      "native_traversal_sec": 0.005461692,
      "row_count": 1417
    },
    {
      "elapsed_sec": 0.005379505455493927,
      "is_warmup": false,
      "iteration": 1271,
      "native_traversal_sec": 0.005335041,
      "row_count": 1417
    },
    {
      "elapsed_sec": 0.005575388669967651,
      "is_warmup": false,
      "iteration": 1272,
      "native_traversal_sec": 0.005530342,
      "row_count": 1417
    },
    {
      "elapsed_sec": 0.005604691803455353,
      "is_warmup": false,
      "iteration": 1273,
      "native_traversal_sec": 0.005552254,
      "row_count": 1417
    },
    {
      "elapsed_sec": 0.006132148206233978,
      "is_warmup": false,
      "iteration": 1274,
      "native_traversal_sec": 0.00608688,
      "row_count": 1417
    },
    {
      "elapsed_sec": 0.005447588860988617,
      "is_warmup": false,
      "iteration": 1275,
      "native_traversal_sec": 0.005385347,
      "row_count": 1417
    },
    {
      "elapsed_sec": 0.005630604922771454,
      "is_warmup": false,
      "iteration": 1276,
      "native_traversal_sec": 0.005585648,
      "row_count": 1417
    },
    {
      "elapsed_sec": 0.005661576986312866,
      "is_warmup": false,
      "iteration": 1277,
      "native_traversal_sec": 0.005615474,
      "row_count": 1417
    },
    {
      "elapsed_sec": 0.005849212408065796,
      "is_warmup": false,
      "iteration": 1278,
      "native_traversal_sec": 0.005804724,
      "row_count": 1417
    },
    {
      "elapsed_sec": 0.0055520012974739075,
      "is_warmup": false,
      "iteration": 1279,
      "native_traversal_sec": 0.005507258,
      "row_count": 1417
    },
    {
      "elapsed_sec": 0.005475744605064392,
      "is_warmup": false,
      "iteration": 1280,
      "native_traversal_sec": 0.005431074,
      "row_count": 1417
    },
    {
      "elapsed_sec": 0.005629129707813263,
      "is_warmup": false,
      "iteration": 1281,
      "native_traversal_sec": 0.005585037,
      "row_count": 1417
    },
    {
      "elapsed_sec": 0.005844317376613617,
      "is_warmup": false,
      "iteration": 1282,
      "native_traversal_sec": 0.005799023,
      "row_count": 1417
    },
    {
      "elapsed_sec": 0.005595564842224121,
      "is_warmup": false,
      "iteration": 1283,
      "native_traversal_sec": 0.00555047,
      "row_count": 1417
    },
    {
      "elapsed_sec": 0.00556723028421402,
      "is_warmup": false,
      "iteration": 1284,
      "native_traversal_sec": 0.005522097,
      "row_count": 1417
    },
    {
      "elapsed_sec": 0.005667649209499359,
      "is_warmup": false,
      "iteration": 1285,
      "native_traversal_sec": 0.005621195,
      "row_count": 1417
    },
    {
      "elapsed_sec": 0.005575701594352722,
      "is_warmup": false,
      "iteration": 1286,
      "native_traversal_sec": 0.005510996,
      "row_count": 1417
    },
    {
      "elapsed_sec": 0.005710132420063019,
      "is_warmup": false,
      "iteration": 1287,
      "native_traversal_sec": 0.005665119,
      "row_count": 1417
    },
    {
      "elapsed_sec": 0.005485571920871735,
      "is_warmup": false,
      "iteration": 1288,
      "native_traversal_sec": 0.005440902,
      "row_count": 1417
    },
    {
      "elapsed_sec": 0.005378752946853638,
      "is_warmup": false,
      "iteration": 1289,
      "native_traversal_sec": 0.00533442,
      "row_count": 1417
    },
    {
      "elapsed_sec": 0.005613826215267181,
      "is_warmup": false,
      "iteration": 1290,
      "native_traversal_sec": 0.005568415,
      "row_count": 1417
    },
    {
      "elapsed_sec": 0.005504250526428223,
      "is_warmup": false,
      "iteration": 1291,
      "native_traversal_sec": 0.005459267,
      "row_count": 1417
    },
    {
      "elapsed_sec": 0.005699709057807922,
      "is_warmup": false,
      "iteration": 1292,
      "native_traversal_sec": 0.005655139,
      "row_count": 1417
    },
    {
      "elapsed_sec": 0.005533047020435333,
      "is_warmup": false,
      "iteration": 1293,
      "native_traversal_sec": 0.005487551,
      "row_count": 1417
    },
    {
      "elapsed_sec": 0.005589500069618225,
      "is_warmup": false,
      "iteration": 1294,
      "native_traversal_sec": 0.005545742,
      "row_count": 1417
    },
    {
      "elapsed_sec": 0.005491435527801514,
      "is_warmup": false,
      "iteration": 1295,
      "native_traversal_sec": 0.005447044,
      "row_count": 1417
    },
    {
      "elapsed_sec": 0.005365476012229919,
      "is_warmup": false,
      "iteration": 1296,
      "native_traversal_sec": 0.005320012,
      "row_count": 1417
    },
    {
      "elapsed_sec": 0.005493529140949249,
      "is_warmup": false,
      "iteration": 1297,
      "native_traversal_sec": 0.005427758,
      "row_count": 1417
    },
    {
      "elapsed_sec": 0.0058172717690467834,
      "is_warmup": false,
      "iteration": 1298,
      "native_traversal_sec": 0.005772734,
      "row_count": 1417
    },
    {
      "elapsed_sec": 0.005566425621509552,
      "is_warmup": false,
      "iteration": 1299,
      "native_traversal_sec": 0.005521606,
      "row_count": 1417
    },
    {
      "elapsed_sec": 0.005595646798610687,
      "is_warmup": false,
      "iteration": 1300,
      "native_traversal_sec": 0.005551061,
      "row_count": 1417
    },
    {
      "elapsed_sec": 0.005329631268978119,
      "is_warmup": false,
      "iteration": 1301,
      "native_traversal_sec": 0.005283784,
      "row_count": 1417
    },
    {
      "elapsed_sec": 0.005337350070476532,
      "is_warmup": false,
      "iteration": 1302,
      "native_traversal_sec": 0.005291959,
      "row_count": 1417
    },
    {
      "elapsed_sec": 0.005332469940185547,
      "is_warmup": false,
      "iteration": 1303,
      "native_traversal_sec": 0.00528708,
      "row_count": 1417
    },
    {
      "elapsed_sec": 0.005489453673362732,
      "is_warmup": false,
      "iteration": 1304,
      "native_traversal_sec": 0.005444479,
      "row_count": 1417
    },
    {
      "elapsed_sec": 0.0054768845438957214,
      "is_warmup": false,
      "iteration": 1305,
      "native_traversal_sec": 0.005432687,
      "row_count": 1417
    },
    {
      "elapsed_sec": 0.006154745817184448,
      "is_warmup": false,
      "iteration": 1306,
      "native_traversal_sec": 0.006110976,
      "row_count": 1417
    },
    {
      "elapsed_sec": 0.005636982619762421,
      "is_warmup": false,
      "iteration": 1307,
      "native_traversal_sec": 0.005590807,
      "row_count": 1417
    },
    {
      "elapsed_sec": 0.0056199803948402405,
      "is_warmup": false,
      "iteration": 1308,
      "native_traversal_sec": 0.005575469,
      "row_count": 1417
    },
    {
      "elapsed_sec": 0.0056169405579566956,
      "is_warmup": false,
      "iteration": 1309,
      "native_traversal_sec": 0.005572062,
      "row_count": 1417
    },
    {
      "elapsed_sec": 0.005536012351512909,
      "is_warmup": false,
      "iteration": 1310,
      "native_traversal_sec": 0.005491158,
      "row_count": 1417
    },
    {
      "elapsed_sec": 0.005327999591827393,
      "is_warmup": false,
      "iteration": 1311,
      "native_traversal_sec": 0.005282561,
      "row_count": 1417
    },
    {
      "elapsed_sec": 0.005321197211742401,
      "is_warmup": false,
      "iteration": 1312,
      "native_traversal_sec": 0.005276941,
      "row_count": 1417
    },
    {
      "elapsed_sec": 0.005285285413265228,
      "is_warmup": false,
      "iteration": 1313,
      "native_traversal_sec": 0.005233188,
      "row_count": 1417
    },
    {
      "elapsed_sec": 0.005540981888771057,
      "is_warmup": false,
      "iteration": 1314,
      "native_traversal_sec": 0.005496508,
      "row_count": 1417
    },
    {
      "elapsed_sec": 0.005137801170349121,
      "is_warmup": false,
      "iteration": 1315,
      "native_traversal_sec": 0.005093633,
      "row_count": 1417
    },
    {
      "elapsed_sec": 0.005606465041637421,
      "is_warmup": false,
      "iteration": 1316,
      "native_traversal_sec": 0.005561923,
      "row_count": 1417
    },
    {
      "elapsed_sec": 0.005383193492889404,
      "is_warmup": false,
      "iteration": 1317,
      "native_traversal_sec": 0.005337997,
      "row_count": 1417
    },
    {
      "elapsed_sec": 0.005599811673164368,
      "is_warmup": false,
      "iteration": 1318,
      "native_traversal_sec": 0.00555554,
      "row_count": 1417
    },
    {
      "elapsed_sec": 0.00558200478553772,
      "is_warmup": false,
      "iteration": 1319,
      "native_traversal_sec": 0.005536955,
      "row_count": 1417
    },
    {
      "elapsed_sec": 0.0056266188621521,
      "is_warmup": false,
      "iteration": 1320,
      "native_traversal_sec": 0.005581289,
      "row_count": 1417
    },
    {
      "elapsed_sec": 0.005400247871875763,
      "is_warmup": false,
      "iteration": 1321,
      "native_traversal_sec": 0.005355791,
      "row_count": 1417
    },
    {
      "elapsed_sec": 0.005708426237106323,
      "is_warmup": false,
      "iteration": 1322,
      "native_traversal_sec": 0.005663446,
      "row_count": 1417
    },
    {
      "elapsed_sec": 0.005866646766662598,
      "is_warmup": false,
      "iteration": 1323,
      "native_traversal_sec": 0.005819963,
      "row_count": 1417
    },
    {
      "elapsed_sec": 0.005322188138961792,
      "is_warmup": false,
      "iteration": 1324,
      "native_traversal_sec": 0.005277291,
      "row_count": 1417
    },
    {
      "elapsed_sec": 0.005435273051261902,
      "is_warmup": false,
      "iteration": 1325,
      "native_traversal_sec": 0.005390166,
      "row_count": 1417
    },
    {
      "elapsed_sec": 0.005388833582401276,
      "is_warmup": false,
      "iteration": 1326,
      "native_traversal_sec": 0.005344709,
      "row_count": 1417
    },
    {
      "elapsed_sec": 0.005413122475147247,
      "is_warmup": false,
      "iteration": 1327,
      "native_traversal_sec": 0.005327617,
      "row_count": 1417
    },
    {
      "elapsed_sec": 0.005589976906776428,
      "is_warmup": false,
      "iteration": 1328,
      "native_traversal_sec": 0.005544329,
      "row_count": 1417
    },
    {
      "elapsed_sec": 0.005399100482463837,
      "is_warmup": false,
      "iteration": 1329,
      "native_traversal_sec": 0.00535554,
      "row_count": 1417
    },
    {
      "elapsed_sec": 0.005562782287597656,
      "is_warmup": false,
      "iteration": 1330,
      "native_traversal_sec": 0.005517418,
      "row_count": 1417
    },
    {
      "elapsed_sec": 0.005622558295726776,
      "is_warmup": false,
      "iteration": 1331,
      "native_traversal_sec": 0.005575578,
      "row_count": 1417
    },
    {
      "elapsed_sec": 0.005526378750801086,
      "is_warmup": false,
      "iteration": 1332,
      "native_traversal_sec": 0.005482201,
      "row_count": 1417
    },
    {
      "elapsed_sec": 0.0054776668548583984,
      "is_warmup": false,
      "iteration": 1333,
      "native_traversal_sec": 0.005431345,
      "row_count": 1417
    },
    {
      "elapsed_sec": 0.005348093807697296,
      "is_warmup": false,
      "iteration": 1334,
      "native_traversal_sec": 0.005303993,
      "row_count": 1417
    },
    {
      "elapsed_sec": 0.006504610180854797,
      "is_warmup": false,
      "iteration": 1335,
      "native_traversal_sec": 0.006459769,
      "row_count": 1417
    },
    {
      "elapsed_sec": 0.005581721663475037,
      "is_warmup": false,
      "iteration": 1336,
      "native_traversal_sec": 0.005536224,
      "row_count": 1417
    },
    {
      "elapsed_sec": 0.00543038547039032,
      "is_warmup": false,
      "iteration": 1337,
      "native_traversal_sec": 0.005385668,
      "row_count": 1417
    },
    {
      "elapsed_sec": 0.005339428782463074,
      "is_warmup": false,
      "iteration": 1338,
      "native_traversal_sec": 0.005296177,
      "row_count": 1417
    },
    {
      "elapsed_sec": 0.005379058420658112,
      "is_warmup": false,
      "iteration": 1339,
      "native_traversal_sec": 0.005334911,
      "row_count": 1417
    },
    {
      "elapsed_sec": 0.005598872900009155,
      "is_warmup": false,
      "iteration": 1340,
      "native_traversal_sec": 0.005554008,
      "row_count": 1417
    },
    {
      "elapsed_sec": 0.005743354558944702,
      "is_warmup": false,
      "iteration": 1341,
      "native_traversal_sec": 0.005698863,
      "row_count": 1417
    },
    {
      "elapsed_sec": 0.005561955273151398,
      "is_warmup": false,
      "iteration": 1342,
      "native_traversal_sec": 0.005504854,
      "row_count": 1417
    },
    {
      "elapsed_sec": 0.005681172013282776,
      "is_warmup": false,
      "iteration": 1343,
      "native_traversal_sec": 0.005635964,
      "row_count": 1417
    },
    {
      "elapsed_sec": 0.0055517107248306274,
      "is_warmup": false,
      "iteration": 1344,
      "native_traversal_sec": 0.005506998,
      "row_count": 1417
    },
    {
      "elapsed_sec": 0.005434587597846985,
      "is_warmup": false,
      "iteration": 1345,
      "native_traversal_sec": 0.005382752,
      "row_count": 1417
    },
    {
      "elapsed_sec": 0.00562112033367157,
      "is_warmup": false,
      "iteration": 1346,
      "native_traversal_sec": 0.00557633,
      "row_count": 1417
    },
    {
      "elapsed_sec": 0.005086235702037811,
      "is_warmup": false,
      "iteration": 1347,
      "native_traversal_sec": 0.005042325,
      "row_count": 1417
    },
    {
      "elapsed_sec": 0.0054552555084228516,
      "is_warmup": false,
      "iteration": 1348,
      "native_traversal_sec": 0.005405415,
      "row_count": 1417
    },
    {
      "elapsed_sec": 0.005381591618061066,
      "is_warmup": false,
      "iteration": 1349,
      "native_traversal_sec": 0.005337115,
      "row_count": 1417
    },
    {
      "elapsed_sec": 0.0054621621966362,
      "is_warmup": false,
      "iteration": 1350,
      "native_traversal_sec": 0.00541832,
      "row_count": 1417
    },
    {
      "elapsed_sec": 0.005498871207237244,
      "is_warmup": false,
      "iteration": 1351,
      "native_traversal_sec": 0.005454749,
      "row_count": 1417
    },
    {
      "elapsed_sec": 0.005591236054897308,
      "is_warmup": false,
      "iteration": 1352,
      "native_traversal_sec": 0.005546804,
      "row_count": 1417
    },
    {
      "elapsed_sec": 0.005162887275218964,
      "is_warmup": false,
      "iteration": 1353,
      "native_traversal_sec": 0.005118499,
      "row_count": 1417
    },
    {
      "elapsed_sec": 0.0055993422865867615,
      "is_warmup": false,
      "iteration": 1354,
      "native_traversal_sec": 0.00555524,
      "row_count": 1417
    },
    {
      "elapsed_sec": 0.005411528050899506,
      "is_warmup": false,
      "iteration": 1355,
      "native_traversal_sec": 0.005366722,
      "row_count": 1417
    },
    {
      "elapsed_sec": 0.005712732672691345,
      "is_warmup": false,
      "iteration": 1356,
      "native_traversal_sec": 0.005668295,
      "row_count": 1417
    },
    {
      "elapsed_sec": 0.005454942584037781,
      "is_warmup": false,
      "iteration": 1357,
      "native_traversal_sec": 0.005410134,
      "row_count": 1417
    },
    {
      "elapsed_sec": 0.005590170621871948,
      "is_warmup": false,
      "iteration": 1358,
      "native_traversal_sec": 0.005546093,
      "row_count": 1417
    },
    {
      "elapsed_sec": 0.005492106080055237,
      "is_warmup": false,
      "iteration": 1359,
      "native_traversal_sec": 0.005448207,
      "row_count": 1417
    },
    {
      "elapsed_sec": 0.005517005920410156,
      "is_warmup": false,
      "iteration": 1360,
      "native_traversal_sec": 0.005471892,
      "row_count": 1417
    },
    {
      "elapsed_sec": 0.005132220685482025,
      "is_warmup": false,
      "iteration": 1361,
      "native_traversal_sec": 0.005087871,
      "row_count": 1417
    },
    {
      "elapsed_sec": 0.005509600043296814,
      "is_warmup": false,
      "iteration": 1362,
      "native_traversal_sec": 0.005465269,
      "row_count": 1417
    },
    {
      "elapsed_sec": 0.0056178271770477295,
      "is_warmup": false,
      "iteration": 1363,
      "native_traversal_sec": 0.005573244,
      "row_count": 1417
    },
    {
      "elapsed_sec": 0.005591638386249542,
      "is_warmup": false,
      "iteration": 1364,
      "native_traversal_sec": 0.005546994,
      "row_count": 1417
    },
    {
      "elapsed_sec": 0.0050971731543540955,
      "is_warmup": false,
      "iteration": 1365,
      "native_traversal_sec": 0.005052254,
      "row_count": 1417
    },
    {
      "elapsed_sec": 0.005535252392292023,
      "is_warmup": false,
      "iteration": 1366,
      "native_traversal_sec": 0.005491128,
      "row_count": 1417
    },
    {
      "elapsed_sec": 0.0052816495299339294,
      "is_warmup": false,
      "iteration": 1367,
      "native_traversal_sec": 0.005235391,
      "row_count": 1417
    },
    {
      "elapsed_sec": 0.005473077297210693,
      "is_warmup": false,
      "iteration": 1368,
      "native_traversal_sec": 0.005429591,
      "row_count": 1417
    },
    {
      "elapsed_sec": 0.005427338182926178,
      "is_warmup": false,
      "iteration": 1369,
      "native_traversal_sec": 0.005383884,
      "row_count": 1417
    },
    {
      "elapsed_sec": 0.006131328642368317,
      "is_warmup": false,
      "iteration": 1370,
      "native_traversal_sec": 0.006085317,
      "row_count": 1417
    },
    {
      "elapsed_sec": 0.0055990442633628845,
      "is_warmup": false,
      "iteration": 1371,
      "native_traversal_sec": 0.005552856,
      "row_count": 1417
    },
    {
      "elapsed_sec": 0.005615606904029846,
      "is_warmup": false,
      "iteration": 1372,
      "native_traversal_sec": 0.005572302,
      "row_count": 1417
    },
    {
      "elapsed_sec": 0.005268409848213196,
      "is_warmup": false,
      "iteration": 1373,
      "native_traversal_sec": 0.005223509,
      "row_count": 1417
    },
    {
      "elapsed_sec": 0.005645938217639923,
      "is_warmup": false,
      "iteration": 1374,
      "native_traversal_sec": 0.005601638,
      "row_count": 1417
    },
    {
      "elapsed_sec": 0.005521617829799652,
      "is_warmup": false,
      "iteration": 1375,
      "native_traversal_sec": 0.00547665,
      "row_count": 1417
    },
    {
      "elapsed_sec": 0.005494706332683563,
      "is_warmup": false,
      "iteration": 1376,
      "native_traversal_sec": 0.005449769,
      "row_count": 1417
    },
    {
      "elapsed_sec": 0.005202949047088623,
      "is_warmup": false,
      "iteration": 1377,
      "native_traversal_sec": 0.005158806,
      "row_count": 1417
    },
    {
      "elapsed_sec": 0.005518227815628052,
      "is_warmup": false,
      "iteration": 1378,
      "native_traversal_sec": 0.005473124,
      "row_count": 1417
    },
    {
      "elapsed_sec": 0.005565278232097626,
      "is_warmup": false,
      "iteration": 1379,
      "native_traversal_sec": 0.005521075,
      "row_count": 1417
    },
    {
      "elapsed_sec": 0.005378939211368561,
      "is_warmup": false,
      "iteration": 1380,
      "native_traversal_sec": 0.005334891,
      "row_count": 1417
    },
    {
      "elapsed_sec": 0.005842357873916626,
      "is_warmup": false,
      "iteration": 1381,
      "native_traversal_sec": 0.00579725,
      "row_count": 1417
    },
    {
      "elapsed_sec": 0.0054284557700157166,
      "is_warmup": false,
      "iteration": 1382,
      "native_traversal_sec": 0.005383293,
      "row_count": 1417
    },
    {
      "elapsed_sec": 0.005517445504665375,
      "is_warmup": false,
      "iteration": 1383,
      "native_traversal_sec": 0.005473484,
      "row_count": 1417
    },
    {
      "elapsed_sec": 0.005501046776771545,
      "is_warmup": false,
      "iteration": 1384,
      "native_traversal_sec": 0.005457083,
      "row_count": 1417
    },
    {
      "elapsed_sec": 0.0055471062660217285,
      "is_warmup": false,
      "iteration": 1385,
      "native_traversal_sec": 0.00550281,
      "row_count": 1417
    },
    {
      "elapsed_sec": 0.005277805030345917,
      "is_warmup": false,
      "iteration": 1386,
      "native_traversal_sec": 0.005232667,
      "row_count": 1417
    },
    {
      "elapsed_sec": 0.005704835057258606,
      "is_warmup": false,
      "iteration": 1387,
      "native_traversal_sec": 0.00566067,
      "row_count": 1417
    },
    {
      "elapsed_sec": 0.005577839910984039,
      "is_warmup": false,
      "iteration": 1388,
      "native_traversal_sec": 0.005533509,
      "row_count": 1417
    },
    {
      "elapsed_sec": 0.0054689496755599976,
      "is_warmup": false,
      "iteration": 1389,
      "native_traversal_sec": 0.005424732,
      "row_count": 1417
    },
    {
      "elapsed_sec": 0.005490846931934357,
      "is_warmup": false,
      "iteration": 1390,
      "native_traversal_sec": 0.005213841,
      "row_count": 1417
    },
    {
      "elapsed_sec": 0.005572229623794556,
      "is_warmup": false,
      "iteration": 1391,
      "native_traversal_sec": 0.005527908,
      "row_count": 1417
    },
    {
      "elapsed_sec": 0.005608201026916504,
      "is_warmup": false,
      "iteration": 1392,
      "native_traversal_sec": 0.005565059,
      "row_count": 1417
    },
    {
      "elapsed_sec": 0.005369111895561218,
      "is_warmup": false,
      "iteration": 1393,
      "native_traversal_sec": 0.005325112,
      "row_count": 1417
    },
    {
      "elapsed_sec": 0.005553789436817169,
      "is_warmup": false,
      "iteration": 1394,
      "native_traversal_sec": 0.005509743,
      "row_count": 1417
    },
    {
      "elapsed_sec": 0.00542701780796051,
      "is_warmup": false,
      "iteration": 1395,
      "native_traversal_sec": 0.005375669,
      "row_count": 1417
    },
    {
      "elapsed_sec": 0.005274094641208649,
      "is_warmup": false,
      "iteration": 1396,
      "native_traversal_sec": 0.005230402,
      "row_count": 1417
    },
    {
      "elapsed_sec": 0.005597949028015137,
      "is_warmup": false,
      "iteration": 1397,
      "native_traversal_sec": 0.005553377,
      "row_count": 1417
    },
    {
      "elapsed_sec": 0.00547955185174942,
      "is_warmup": false,
      "iteration": 1398,
      "native_traversal_sec": 0.005434901,
      "row_count": 1417
    },
    {
      "elapsed_sec": 0.005427002906799316,
      "is_warmup": false,
      "iteration": 1399,
      "native_traversal_sec": 0.005382732,
      "row_count": 1417
    },
    {
      "elapsed_sec": 0.005843363702297211,
      "is_warmup": false,
      "iteration": 1400,
      "native_traversal_sec": 0.005798402,
      "row_count": 1417
    },
    {
      "elapsed_sec": 0.005613014101982117,
      "is_warmup": false,
      "iteration": 1401,
      "native_traversal_sec": 0.005568865,
      "row_count": 1417
    },
    {
      "elapsed_sec": 0.005511470139026642,
      "is_warmup": false,
      "iteration": 1402,
      "native_traversal_sec": 0.005467283,
      "row_count": 1417
    },
    {
      "elapsed_sec": 0.005672097206115723,
      "is_warmup": false,
      "iteration": 1403,
      "native_traversal_sec": 0.005628219,
      "row_count": 1417
    },
    {
      "elapsed_sec": 0.005622178316116333,
      "is_warmup": false,
      "iteration": 1404,
      "native_traversal_sec": 0.005577843,
      "row_count": 1417
    },
    {
      "elapsed_sec": 0.005533695220947266,
      "is_warmup": false,
      "iteration": 1405,
      "native_traversal_sec": 0.005496108,
      "row_count": 1417
    },
    {
      "elapsed_sec": 0.005569346249103546,
      "is_warmup": false,
      "iteration": 1406,
      "native_traversal_sec": 0.005524131,
      "row_count": 1417
    },
    {
      "elapsed_sec": 0.005462311208248138,
      "is_warmup": false,
      "iteration": 1407,
      "native_traversal_sec": 0.00541855,
      "row_count": 1417
    },
    {
      "elapsed_sec": 0.005478911101818085,
      "is_warmup": false,
      "iteration": 1408,
      "native_traversal_sec": 0.005435412,
      "row_count": 1417
    },
    {
      "elapsed_sec": 0.005393579602241516,
      "is_warmup": false,
      "iteration": 1409,
      "native_traversal_sec": 0.005349298,
      "row_count": 1417
    },
    {
      "elapsed_sec": 0.005542568862438202,
      "is_warmup": false,
      "iteration": 1410,
      "native_traversal_sec": 0.005498993,
      "row_count": 1417
    },
    {
      "elapsed_sec": 0.005227431654930115,
      "is_warmup": false,
      "iteration": 1411,
      "native_traversal_sec": 0.005183293,
      "row_count": 1417
    },
    {
      "elapsed_sec": 0.0055040642619132996,
      "is_warmup": false,
      "iteration": 1412,
      "native_traversal_sec": 0.005461211,
      "row_count": 1417
    },
    {
      "elapsed_sec": 0.005440250039100647,
      "is_warmup": false,
      "iteration": 1413,
      "native_traversal_sec": 0.005396318,
      "row_count": 1417
    },
    {
      "elapsed_sec": 0.005225017666816711,
      "is_warmup": false,
      "iteration": 1414,
      "native_traversal_sec": 0.005180948,
      "row_count": 1417
    },
    {
      "elapsed_sec": 0.005593642592430115,
      "is_warmup": false,
      "iteration": 1415,
      "native_traversal_sec": 0.005550751,
      "row_count": 1417
    },
    {
      "elapsed_sec": 0.005361340939998627,
      "is_warmup": false,
      "iteration": 1416,
      "native_traversal_sec": 0.005317669,
      "row_count": 1417
    },
    {
      "elapsed_sec": 0.005449868738651276,
      "is_warmup": false,
      "iteration": 1417,
      "native_traversal_sec": 0.005405065,
      "row_count": 1417
    },
    {
      "elapsed_sec": 0.00556955486536026,
      "is_warmup": false,
      "iteration": 1418,
      "native_traversal_sec": 0.005526055,
      "row_count": 1417
    },
    {
      "elapsed_sec": 0.005502946674823761,
      "is_warmup": false,
      "iteration": 1419,
      "native_traversal_sec": 0.005458135,
      "row_count": 1417
    },
    {
      "elapsed_sec": 0.005496986210346222,
      "is_warmup": false,
      "iteration": 1420,
      "native_traversal_sec": 0.005453036,
      "row_count": 1417
    },
    {
      "elapsed_sec": 0.00552629679441452,
      "is_warmup": false,
      "iteration": 1421,
      "native_traversal_sec": 0.005482922,
      "row_count": 1417
    },
    {
      "elapsed_sec": 0.005501613020896912,
      "is_warmup": false,
      "iteration": 1422,
      "native_traversal_sec": 0.005449759,
      "row_count": 1417
    },
    {
      "elapsed_sec": 0.005440987646579742,
      "is_warmup": false,
      "iteration": 1423,
      "native_traversal_sec": 0.005396799,
      "row_count": 1417
    },
    {
      "elapsed_sec": 0.005476467311382294,
      "is_warmup": false,
      "iteration": 1424,
      "native_traversal_sec": 0.005432937,
      "row_count": 1417
    },
    {
      "elapsed_sec": 0.0054431334137916565,
      "is_warmup": false,
      "iteration": 1425,
      "native_traversal_sec": 0.005398713,
      "row_count": 1417
    },
    {
      "elapsed_sec": 0.005437411367893219,
      "is_warmup": false,
      "iteration": 1426,
      "native_traversal_sec": 0.005393672,
      "row_count": 1417
    },
    {
      "elapsed_sec": 0.005352973937988281,
      "is_warmup": false,
      "iteration": 1427,
      "native_traversal_sec": 0.005308681,
      "row_count": 1417
    },
    {
      "elapsed_sec": 0.005674935877323151,
      "is_warmup": false,
      "iteration": 1428,
      "native_traversal_sec": 0.005631235,
      "row_count": 1417
    },
    {
      "elapsed_sec": 0.0052906423807144165,
      "is_warmup": false,
      "iteration": 1429,
      "native_traversal_sec": 0.005246924,
      "row_count": 1417
    },
    {
      "elapsed_sec": 0.00566449761390686,
      "is_warmup": false,
      "iteration": 1430,
      "native_traversal_sec": 0.005620584,
      "row_count": 1417
    },
    {
      "elapsed_sec": 0.005487330257892609,
      "is_warmup": false,
      "iteration": 1431,
      "native_traversal_sec": 0.005443668,
      "row_count": 1417
    },
    {
      "elapsed_sec": 0.005289047956466675,
      "is_warmup": false,
      "iteration": 1432,
      "native_traversal_sec": 0.00524497,
      "row_count": 1417
    },
    {
      "elapsed_sec": 0.00533246248960495,
      "is_warmup": false,
      "iteration": 1433,
      "native_traversal_sec": 0.005288152,
      "row_count": 1417
    },
    {
      "elapsed_sec": 0.005457751452922821,
      "is_warmup": false,
      "iteration": 1434,
      "native_traversal_sec": 0.005414221,
      "row_count": 1417
    },
    {
      "elapsed_sec": 0.005504712462425232,
      "is_warmup": false,
      "iteration": 1435,
      "native_traversal_sec": 0.005460941,
      "row_count": 1417
    },
    {
      "elapsed_sec": 0.005525641143321991,
      "is_warmup": false,
      "iteration": 1436,
      "native_traversal_sec": 0.00548157,
      "row_count": 1417
    },
    {
      "elapsed_sec": 0.005249910056591034,
      "is_warmup": false,
      "iteration": 1437,
      "native_traversal_sec": 0.005205946,
      "row_count": 1417
    },
    {
      "elapsed_sec": 0.005455315113067627,
      "is_warmup": false,
      "iteration": 1438,
      "native_traversal_sec": 0.005411717,
      "row_count": 1417
    },
    {
      "elapsed_sec": 0.005503959953784943,
      "is_warmup": false,
      "iteration": 1439,
      "native_traversal_sec": 0.00546083,
      "row_count": 1417
    },
    {
      "elapsed_sec": 0.005426235496997833,
      "is_warmup": false,
      "iteration": 1440,
      "native_traversal_sec": 0.005382702,
      "row_count": 1417
    },
    {
      "elapsed_sec": 0.005098253488540649,
      "is_warmup": false,
      "iteration": 1441,
      "native_traversal_sec": 0.005054809,
      "row_count": 1417
    },
    {
      "elapsed_sec": 0.005416005849838257,
      "is_warmup": false,
      "iteration": 1442,
      "native_traversal_sec": 0.005372913,
      "row_count": 1417
    },
    {
      "elapsed_sec": 0.00551430881023407,
      "is_warmup": false,
      "iteration": 1443,
      "native_traversal_sec": 0.005471711,
      "row_count": 1417
    },
    {
      "elapsed_sec": 0.0054766833782196045,
      "is_warmup": false,
      "iteration": 1444,
      "native_traversal_sec": 0.005433078,
      "row_count": 1417
    },
    {
      "elapsed_sec": 0.005282849073410034,
      "is_warmup": false,
      "iteration": 1445,
      "native_traversal_sec": 0.005239219,
      "row_count": 1417
    },
    {
      "elapsed_sec": 0.005377575755119324,
      "is_warmup": false,
      "iteration": 1446,
      "native_traversal_sec": 0.005333829,
      "row_count": 1417
    },
    {
      "elapsed_sec": 0.005534596741199493,
      "is_warmup": false,
      "iteration": 1447,
      "native_traversal_sec": 0.005491118,
      "row_count": 1417
    },
    {
      "elapsed_sec": 0.0053353384137153625,
      "is_warmup": false,
      "iteration": 1448,
      "native_traversal_sec": 0.005291558,
      "row_count": 1417
    },
    {
      "elapsed_sec": 0.005486436188220978,
      "is_warmup": false,
      "iteration": 1449,
      "native_traversal_sec": 0.005442416,
      "row_count": 1417
    },
    {
      "elapsed_sec": 0.005371809005737305,
      "is_warmup": false,
      "iteration": 1450,
      "native_traversal_sec": 0.005326906,
      "row_count": 1417
    },
    {
      "elapsed_sec": 0.005351245403289795,
      "is_warmup": false,
      "iteration": 1451,
      "native_traversal_sec": 0.005306867,
      "row_count": 1417
    },
    {
      "elapsed_sec": 0.0055089667439460754,
      "is_warmup": false,
      "iteration": 1452,
      "native_traversal_sec": 0.005464827,
      "row_count": 1417
    },
    {
      "elapsed_sec": 0.0054255276918411255,
      "is_warmup": false,
      "iteration": 1453,
      "native_traversal_sec": 0.005380719,
      "row_count": 1417
    },
    {
      "elapsed_sec": 0.00512685626745224,
      "is_warmup": false,
      "iteration": 1454,
      "native_traversal_sec": 0.005083073,
      "row_count": 1417
    },
    {
      "elapsed_sec": 0.005412943661212921,
      "is_warmup": false,
      "iteration": 1455,
      "native_traversal_sec": 0.005370198,
      "row_count": 1417
    },
    {
      "elapsed_sec": 0.005508497357368469,
      "is_warmup": false,
      "iteration": 1456,
      "native_traversal_sec": 0.005464217,
      "row_count": 1417
    },
    {
      "elapsed_sec": 0.005541525781154633,
      "is_warmup": false,
      "iteration": 1457,
      "native_traversal_sec": 0.00549705,
      "row_count": 1417
    },
    {
      "elapsed_sec": 0.00517764687538147,
      "is_warmup": false,
      "iteration": 1458,
      "native_traversal_sec": 0.00513434,
      "row_count": 1417
    },
    {
      "elapsed_sec": 0.005307406187057495,
      "is_warmup": false,
      "iteration": 1459,
      "native_traversal_sec": 0.005263154,
      "row_count": 1417
    },
    {
      "elapsed_sec": 0.005570590496063232,
      "is_warmup": false,
      "iteration": 1460,
      "native_traversal_sec": 0.005526886,
      "row_count": 1417
    },
    {
      "elapsed_sec": 0.005271203815937042,
      "is_warmup": false,
      "iteration": 1461,
      "native_traversal_sec": 0.005228519,
      "row_count": 1417
    },
    {
      "elapsed_sec": 0.005432404577732086,
      "is_warmup": false,
      "iteration": 1462,
      "native_traversal_sec": 0.005388072,
      "row_count": 1417
    },
    {
      "elapsed_sec": 0.005513481795787811,
      "is_warmup": false,
      "iteration": 1463,
      "native_traversal_sec": 0.005469116,
      "row_count": 1417
    },
    {
      "elapsed_sec": 0.005329512059688568,
      "is_warmup": false,
      "iteration": 1464,
      "native_traversal_sec": 0.005285717,
      "row_count": 1417
    },
    {
      "elapsed_sec": 0.005477234721183777,
      "is_warmup": false,
      "iteration": 1465,
      "native_traversal_sec": 0.005433298,
      "row_count": 1417
    },
    {
      "elapsed_sec": 0.0056534260511398315,
      "is_warmup": false,
      "iteration": 1466,
      "native_traversal_sec": 0.005609553,
      "row_count": 1417
    },
    {
      "elapsed_sec": 0.005129337310791016,
      "is_warmup": false,
      "iteration": 1467,
      "native_traversal_sec": 0.005085797,
      "row_count": 1417
    },
    {
      "elapsed_sec": 0.005326747894287109,
      "is_warmup": false,
      "iteration": 1468,
      "native_traversal_sec": 0.005282792,
      "row_count": 1417
    },
    {
      "elapsed_sec": 0.005244337022304535,
      "is_warmup": false,
      "iteration": 1469,
      "native_traversal_sec": 0.005200215,
      "row_count": 1417
    },
    {
      "elapsed_sec": 0.005440637469291687,
      "is_warmup": false,
      "iteration": 1470,
      "native_traversal_sec": 0.005396869,
      "row_count": 1417
    },
    {
      "elapsed_sec": 0.00552213191986084,
      "is_warmup": false,
      "iteration": 1471,
      "native_traversal_sec": 0.005477943,
      "row_count": 1417
    },
    {
      "elapsed_sec": 0.005658328533172607,
      "is_warmup": false,
      "iteration": 1472,
      "native_traversal_sec": 0.005613921,
      "row_count": 1417
    },
    {
      "elapsed_sec": 0.005426593124866486,
      "is_warmup": false,
      "iteration": 1473,
      "native_traversal_sec": 0.005382832,
      "row_count": 1417
    },
    {
      "elapsed_sec": 0.0056194886565208435,
      "is_warmup": false,
      "iteration": 1474,
      "native_traversal_sec": 0.005574897,
      "row_count": 1417
    },
    {
      "elapsed_sec": 0.005559958517551422,
      "is_warmup": false,
      "iteration": 1475,
      "native_traversal_sec": 0.005515565,
      "row_count": 1417
    },
    {
      "elapsed_sec": 0.005240321159362793,
      "is_warmup": false,
      "iteration": 1476,
      "native_traversal_sec": 0.005188923,
      "row_count": 1417
    },
    {
      "elapsed_sec": 0.005568221211433411,
      "is_warmup": false,
      "iteration": 1477,
      "native_traversal_sec": 0.005523639,
      "row_count": 1417
    },
    {
      "elapsed_sec": 0.0054745152592659,
      "is_warmup": false,
      "iteration": 1478,
      "native_traversal_sec": 0.005430744,
      "row_count": 1417
    },
    {
      "elapsed_sec": 0.005208045244216919,
      "is_warmup": false,
      "iteration": 1479,
      "native_traversal_sec": 0.005164306,
      "row_count": 1417
    },
    {
      "elapsed_sec": 0.005719505250453949,
      "is_warmup": false,
      "iteration": 1480,
      "native_traversal_sec": 0.005675508,
      "row_count": 1417
    },
    {
      "elapsed_sec": 0.005563855171203613,
      "is_warmup": false,
      "iteration": 1481,
      "native_traversal_sec": 0.005518901,
      "row_count": 1417
    },
    {
      "elapsed_sec": 0.005649946630001068,
      "is_warmup": false,
      "iteration": 1482,
      "native_traversal_sec": 0.005606067,
      "row_count": 1417
    },
    {
      "elapsed_sec": 0.005339227616786957,
      "is_warmup": false,
      "iteration": 1483,
      "native_traversal_sec": 0.005295305,
      "row_count": 1417
    },
    {
      "elapsed_sec": 0.005390755832195282,
      "is_warmup": false,
      "iteration": 1484,
      "native_traversal_sec": 0.005346453,
      "row_count": 1417
    },
    {
      "elapsed_sec": 0.005492173135280609,
      "is_warmup": false,
      "iteration": 1485,
      "native_traversal_sec": 0.005447896,
      "row_count": 1417
    },
    {
      "elapsed_sec": 0.005555056035518646,
      "is_warmup": false,
      "iteration": 1486,
      "native_traversal_sec": 0.005510785,
      "row_count": 1417
    },
    {
      "elapsed_sec": 0.005322955548763275,
      "is_warmup": false,
      "iteration": 1487,
      "native_traversal_sec": 0.005278494,
      "row_count": 1417
    },
    {
      "elapsed_sec": 0.005581691861152649,
      "is_warmup": false,
      "iteration": 1488,
      "native_traversal_sec": 0.005537306,
      "row_count": 1417
    },
    {
      "elapsed_sec": 0.005261585116386414,
      "is_warmup": false,
      "iteration": 1489,
      "native_traversal_sec": 0.005217428,
      "row_count": 1417
    },
    {
      "elapsed_sec": 0.005419708788394928,
      "is_warmup": false,
      "iteration": 1490,
      "native_traversal_sec": 0.00537599,
      "row_count": 1417
    },
    {
      "elapsed_sec": 0.005482666194438934,
      "is_warmup": false,
      "iteration": 1491,
      "native_traversal_sec": 0.005438267,
      "row_count": 1417
    },
    {
      "elapsed_sec": 0.00553557276725769,
      "is_warmup": false,
      "iteration": 1492,
      "native_traversal_sec": 0.005487381,
      "row_count": 1417
    },
    {
      "elapsed_sec": 0.005382448434829712,
      "is_warmup": false,
      "iteration": 1493,
      "native_traversal_sec": 0.005338417,
      "row_count": 1417
    },
    {
      "elapsed_sec": 0.005731023848056793,
      "is_warmup": false,
      "iteration": 1494,
      "native_traversal_sec": 0.005686189,
      "row_count": 1417
    },
    {
      "elapsed_sec": 0.005508348345756531,
      "is_warmup": false,
      "iteration": 1495,
      "native_traversal_sec": 0.005463465,
      "row_count": 1417
    },
    {
      "elapsed_sec": 0.005437836050987244,
      "is_warmup": false,
      "iteration": 1496,
      "native_traversal_sec": 0.005393583,
      "row_count": 1417
    },
    {
      "elapsed_sec": 0.0057617127895355225,
      "is_warmup": false,
      "iteration": 1497,
      "native_traversal_sec": 0.005716927,
      "row_count": 1417
    },
    {
      "elapsed_sec": 0.0056417956948280334,
      "is_warmup": false,
      "iteration": 1498,
      "native_traversal_sec": 0.005597971,
      "row_count": 1417
    },
    {
      "elapsed_sec": 0.005386784672737122,
      "is_warmup": false,
      "iteration": 1499,
      "native_traversal_sec": 0.005342115,
      "row_count": 1417
    },
    {
      "elapsed_sec": 0.005591250956058502,
      "is_warmup": false,
      "iteration": 1500,
      "native_traversal_sec": 0.005547375,
      "row_count": 1417
    },
    {
      "elapsed_sec": 0.005509383976459503,
      "is_warmup": false,
      "iteration": 1501,
      "native_traversal_sec": 0.005464207,
      "row_count": 1417
    },
    {
      "elapsed_sec": 0.005530104041099548,
      "is_warmup": false,
      "iteration": 1502,
      "native_traversal_sec": 0.005484716,
      "row_count": 1417
    },
    {
      "elapsed_sec": 0.005349300801753998,
      "is_warmup": false,
      "iteration": 1503,
      "native_traversal_sec": 0.005305546,
      "row_count": 1417
    },
    {
      "elapsed_sec": 0.005546972155570984,
      "is_warmup": false,
      "iteration": 1504,
      "native_traversal_sec": 0.005501978,
      "row_count": 1417
    },
    {
      "elapsed_sec": 0.0055534690618515015,
      "is_warmup": false,
      "iteration": 1505,
      "native_traversal_sec": 0.00550796,
      "row_count": 1417
    },
    {
      "elapsed_sec": 0.005524188280105591,
      "is_warmup": false,
      "iteration": 1506,
      "native_traversal_sec": 0.005480819,
      "row_count": 1417
    },
    {
      "elapsed_sec": 0.005616217851638794,
      "is_warmup": false,
      "iteration": 1507,
      "native_traversal_sec": 0.005570739,
      "row_count": 1417
    },
    {
      "elapsed_sec": 0.00550803542137146,
      "is_warmup": false,
      "iteration": 1508,
      "native_traversal_sec": 0.00546104,
      "row_count": 1417
    },
    {
      "elapsed_sec": 0.005627840757369995,
      "is_warmup": false,
      "iteration": 1509,
      "native_traversal_sec": 0.005583874,
      "row_count": 1417
    },
    {
      "elapsed_sec": 0.005427263677120209,
      "is_warmup": false,
      "iteration": 1510,
      "native_traversal_sec": 0.005382231,
      "row_count": 1417
    },
    {
      "elapsed_sec": 0.005343310534954071,
      "is_warmup": false,
      "iteration": 1511,
      "native_traversal_sec": 0.005298602,
      "row_count": 1417
    },
    {
      "elapsed_sec": 0.005519598722457886,
      "is_warmup": false,
      "iteration": 1512,
      "native_traversal_sec": 0.005475799,
      "row_count": 1417
    },
    {
      "elapsed_sec": 0.005589701235294342,
      "is_warmup": false,
      "iteration": 1513,
      "native_traversal_sec": 0.005545421,
      "row_count": 1417
    },
    {
      "elapsed_sec": 0.005535252392292023,
      "is_warmup": false,
      "iteration": 1514,
      "native_traversal_sec": 0.005491008,
      "row_count": 1417
    },
    {
      "elapsed_sec": 0.005431406199932098,
      "is_warmup": false,
      "iteration": 1515,
      "native_traversal_sec": 0.005386389,
      "row_count": 1417
    },
    {
      "elapsed_sec": 0.005416996777057648,
      "is_warmup": false,
      "iteration": 1516,
      "native_traversal_sec": 0.005373455,
      "row_count": 1417
    },
    {
      "elapsed_sec": 0.005493521690368652,
      "is_warmup": false,
      "iteration": 1517,
      "native_traversal_sec": 0.00544995,
      "row_count": 1417
    },
    {
      "elapsed_sec": 0.005616530776023865,
      "is_warmup": false,
      "iteration": 1518,
      "native_traversal_sec": 0.005572172,
      "row_count": 1417
    },
    {
      "elapsed_sec": 0.005469515919685364,
      "is_warmup": false,
      "iteration": 1519,
      "native_traversal_sec": 0.005425633,
      "row_count": 1417
    },
    {
      "elapsed_sec": 0.005516454577445984,
      "is_warmup": false,
      "iteration": 1520,
      "native_traversal_sec": 0.005472542,
      "row_count": 1417
    },
    {
      "elapsed_sec": 0.005675137042999268,
      "is_warmup": false,
      "iteration": 1521,
      "native_traversal_sec": 0.005630873,
      "row_count": 1417
    },
    {
      "elapsed_sec": 0.005550265312194824,
      "is_warmup": false,
      "iteration": 1522,
      "native_traversal_sec": 0.005505495,
      "row_count": 1417
    },
    {
      "elapsed_sec": 0.005612775683403015,
      "is_warmup": false,
      "iteration": 1523,
      "native_traversal_sec": 0.005568756,
      "row_count": 1417
    },
    {
      "elapsed_sec": 0.005453385412693024,
      "is_warmup": false,
      "iteration": 1524,
      "native_traversal_sec": 0.005409473,
      "row_count": 1417
    },
    {
      "elapsed_sec": 0.005608856678009033,
      "is_warmup": false,
      "iteration": 1525,
      "native_traversal_sec": 0.005564208,
      "row_count": 1417
    },
    {
      "elapsed_sec": 0.005699567496776581,
      "is_warmup": false,
      "iteration": 1526,
      "native_traversal_sec": 0.005655049,
      "row_count": 1417
    },
    {
      "elapsed_sec": 0.0053579360246658325,
      "is_warmup": false,
      "iteration": 1527,
      "native_traversal_sec": 0.005314142,
      "row_count": 1417
    },
    {
      "elapsed_sec": 0.005589611828327179,
      "is_warmup": false,
      "iteration": 1528,
      "native_traversal_sec": 0.00554501,
      "row_count": 1417
    },
    {
      "elapsed_sec": 0.005478277802467346,
      "is_warmup": false,
      "iteration": 1529,
      "native_traversal_sec": 0.005283653,
      "row_count": 1417
    },
    {
      "elapsed_sec": 0.0056810081005096436,
      "is_warmup": false,
      "iteration": 1530,
      "native_traversal_sec": 0.005637556,
      "row_count": 1417
    },
    {
      "elapsed_sec": 0.005435138940811157,
      "is_warmup": false,
      "iteration": 1531,
      "native_traversal_sec": 0.005390366,
      "row_count": 1417
    },
    {
      "elapsed_sec": 0.0054002925753593445,
      "is_warmup": false,
      "iteration": 1532,
      "native_traversal_sec": 0.005356913,
      "row_count": 1417
    },
    {
      "elapsed_sec": 0.005686141550540924,
      "is_warmup": false,
      "iteration": 1533,
      "native_traversal_sec": 0.005631735,
      "row_count": 1417
    },
    {
      "elapsed_sec": 0.00548262894153595,
      "is_warmup": false,
      "iteration": 1534,
      "native_traversal_sec": 0.005436725,
      "row_count": 1417
    },
    {
      "elapsed_sec": 0.005414612591266632,
      "is_warmup": false,
      "iteration": 1535,
      "native_traversal_sec": 0.005369076,
      "row_count": 1417
    },
    {
      "elapsed_sec": 0.005497172474861145,
      "is_warmup": false,
      "iteration": 1536,
      "native_traversal_sec": 0.005452966,
      "row_count": 1417
    },
    {
      "elapsed_sec": 0.005557052791118622,
      "is_warmup": false,
      "iteration": 1537,
      "native_traversal_sec": 0.005512458,
      "row_count": 1417
    },
    {
      "elapsed_sec": 0.005453072488307953,
      "is_warmup": false,
      "iteration": 1538,
      "native_traversal_sec": 0.005408571,
      "row_count": 1417
    },
    {
      "elapsed_sec": 0.005354359745979309,
      "is_warmup": false,
      "iteration": 1539,
      "native_traversal_sec": 0.005309903,
      "row_count": 1417
    },
    {
      "elapsed_sec": 0.005759194493293762,
      "is_warmup": false,
      "iteration": 1540,
      "native_traversal_sec": 0.005714112,
      "row_count": 1417
    },
    {
      "elapsed_sec": 0.005537755787372589,
      "is_warmup": false,
      "iteration": 1541,
      "native_traversal_sec": 0.005492901,
      "row_count": 1417
    },
    {
      "elapsed_sec": 0.005849622189998627,
      "is_warmup": false,
      "iteration": 1542,
      "native_traversal_sec": 0.005804694,
      "row_count": 1417
    },
    {
      "elapsed_sec": 0.005428440868854523,
      "is_warmup": false,
      "iteration": 1543,
      "native_traversal_sec": 0.005381289,
      "row_count": 1417
    },
    {
      "elapsed_sec": 0.005562029778957367,
      "is_warmup": false,
      "iteration": 1544,
      "native_traversal_sec": 0.005517128,
      "row_count": 1417
    },
    {
      "elapsed_sec": 0.005854800343513489,
      "is_warmup": false,
      "iteration": 1545,
      "native_traversal_sec": 0.005809794,
      "row_count": 1417
    },
    {
      "elapsed_sec": 0.0056901052594184875,
      "is_warmup": false,
      "iteration": 1546,
      "native_traversal_sec": 0.0056448,
      "row_count": 1417
    },
    {
      "elapsed_sec": 0.005242340266704559,
      "is_warmup": false,
      "iteration": 1547,
      "native_traversal_sec": 0.00517652,
      "row_count": 1417
    },
    {
      "elapsed_sec": 0.005800016224384308,
      "is_warmup": false,
      "iteration": 1548,
      "native_traversal_sec": 0.005754699,
      "row_count": 1417
    },
    {
      "elapsed_sec": 0.0054567307233810425,
      "is_warmup": false,
      "iteration": 1549,
      "native_traversal_sec": 0.005395336,
      "row_count": 1417
    },
    {
      "elapsed_sec": 0.005679003894329071,
      "is_warmup": false,
      "iteration": 1550,
      "native_traversal_sec": 0.00563443,
      "row_count": 1417
    },
    {
      "elapsed_sec": 0.005267038941383362,
      "is_warmup": false,
      "iteration": 1551,
      "native_traversal_sec": 0.005222207,
      "row_count": 1417
    },
    {
      "elapsed_sec": 0.005464620888233185,
      "is_warmup": false,
      "iteration": 1552,
      "native_traversal_sec": 0.005421025,
      "row_count": 1417
    },
    {
      "elapsed_sec": 0.005317792296409607,
      "is_warmup": false,
      "iteration": 1553,
      "native_traversal_sec": 0.005271791,
      "row_count": 1417
    },
    {
      "elapsed_sec": 0.005809396505355835,
      "is_warmup": false,
      "iteration": 1554,
      "native_traversal_sec": 0.005761612,
      "row_count": 1417
    },
    {
      "elapsed_sec": 0.005661860108375549,
      "is_warmup": false,
      "iteration": 1555,
      "native_traversal_sec": 0.00561321,
      "row_count": 1417
    },
    {
      "elapsed_sec": 0.005670197308063507,
      "is_warmup": false,
      "iteration": 1556,
      "native_traversal_sec": 0.005625684,
      "row_count": 1417
    },
    {
      "elapsed_sec": 0.005635902285575867,
      "is_warmup": false,
      "iteration": 1557,
      "native_traversal_sec": 0.005589365,
      "row_count": 1417
    },
    {
      "elapsed_sec": 0.005810156464576721,
      "is_warmup": false,
      "iteration": 1558,
      "native_traversal_sec": 0.005764398,
      "row_count": 1417
    },
    {
      "elapsed_sec": 0.005605198442935944,
      "is_warmup": false,
      "iteration": 1559,
      "native_traversal_sec": 0.005554157,
      "row_count": 1417
    },
    {
      "elapsed_sec": 0.005652531981468201,
      "is_warmup": false,
      "iteration": 1560,
      "native_traversal_sec": 0.005607619,
      "row_count": 1417
    },
    {
      "elapsed_sec": 0.005706317722797394,
      "is_warmup": false,
      "iteration": 1561,
      "native_traversal_sec": 0.00566095,
      "row_count": 1417
    },
    {
      "elapsed_sec": 0.005332767963409424,
      "is_warmup": false,
      "iteration": 1562,
      "native_traversal_sec": 0.005287441,
      "row_count": 1417
    },
    {
      "elapsed_sec": 0.005769453942775726,
      "is_warmup": false,
      "iteration": 1563,
      "native_traversal_sec": 0.005724572,
      "row_count": 1417
    },
    {
      "elapsed_sec": 0.005658626556396484,
      "is_warmup": false,
      "iteration": 1564,
      "native_traversal_sec": 0.005613531,
      "row_count": 1417
    },
    {
      "elapsed_sec": 0.005929537117481232,
      "is_warmup": false,
      "iteration": 1565,
      "native_traversal_sec": 0.005884806,
      "row_count": 1417
    },
    {
      "elapsed_sec": 0.005683377385139465,
      "is_warmup": false,
      "iteration": 1566,
      "native_traversal_sec": 0.005638689,
      "row_count": 1417
    },
    {
      "elapsed_sec": 0.005575858056545258,
      "is_warmup": false,
      "iteration": 1567,
      "native_traversal_sec": 0.005530773,
      "row_count": 1417
    },
    {
      "elapsed_sec": 0.005437202751636505,
      "is_warmup": false,
      "iteration": 1568,
      "native_traversal_sec": 0.005391408,
      "row_count": 1417
    },
    {
      "elapsed_sec": 0.005305618047714233,
      "is_warmup": false,
      "iteration": 1569,
      "native_traversal_sec": 0.005257695,
      "row_count": 1417
    },
    {
      "elapsed_sec": 0.005490712821483612,
      "is_warmup": false,
      "iteration": 1570,
      "native_traversal_sec": 0.005447245,
      "row_count": 1417
    },
    {
      "elapsed_sec": 0.005636982619762421,
      "is_warmup": false,
      "iteration": 1571,
      "native_traversal_sec": 0.005592461,
      "row_count": 1417
    },
    {
      "elapsed_sec": 0.005473800003528595,
      "is_warmup": false,
      "iteration": 1572,
      "native_traversal_sec": 0.005429851,
      "row_count": 1417
    },
    {
      "elapsed_sec": 0.005447596311569214,
      "is_warmup": false,
      "iteration": 1573,
      "native_traversal_sec": 0.005404033,
      "row_count": 1417
    },
    {
      "elapsed_sec": 0.005702078342437744,
      "is_warmup": false,
      "iteration": 1574,
      "native_traversal_sec": 0.005657033,
      "row_count": 1417
    },
    {
      "elapsed_sec": 0.005635075271129608,
      "is_warmup": false,
      "iteration": 1575,
      "native_traversal_sec": 0.005591058,
      "row_count": 1417
    },
    {
      "elapsed_sec": 0.005507320165634155,
      "is_warmup": false,
      "iteration": 1576,
      "native_traversal_sec": 0.005463556,
      "row_count": 1417
    },
    {
      "elapsed_sec": 0.005582131445407867,
      "is_warmup": false,
      "iteration": 1577,
      "native_traversal_sec": 0.005537516,
      "row_count": 1417
    },
    {
      "elapsed_sec": 0.0054420530796051025,
      "is_warmup": false,
      "iteration": 1578,
      "native_traversal_sec": 0.00539753,
      "row_count": 1417
    },
    {
      "elapsed_sec": 0.005267389118671417,
      "is_warmup": false,
      "iteration": 1579,
      "native_traversal_sec": 0.005223199,
      "row_count": 1417
    },
    {
      "elapsed_sec": 0.005582019686698914,
      "is_warmup": false,
      "iteration": 1580,
      "native_traversal_sec": 0.005537717,
      "row_count": 1417
    },
    {
      "elapsed_sec": 0.005413614213466644,
      "is_warmup": false,
      "iteration": 1581,
      "native_traversal_sec": 0.005367623,
      "row_count": 1417
    },
    {
      "elapsed_sec": 0.005633734166622162,
      "is_warmup": false,
      "iteration": 1582,
      "native_traversal_sec": 0.005589495,
      "row_count": 1417
    },
    {
      "elapsed_sec": 0.005519285798072815,
      "is_warmup": false,
      "iteration": 1583,
      "native_traversal_sec": 0.005474186,
      "row_count": 1417
    },
    {
      "elapsed_sec": 0.005676664412021637,
      "is_warmup": false,
      "iteration": 1584,
      "native_traversal_sec": 0.005625764,
      "row_count": 1417
    },
    {
      "elapsed_sec": 0.005560442805290222,
      "is_warmup": false,
      "iteration": 1585,
      "native_traversal_sec": 0.005514963,
      "row_count": 1417
    },
    {
      "elapsed_sec": 0.005557015538215637,
      "is_warmup": false,
      "iteration": 1586,
      "native_traversal_sec": 0.005511266,
      "row_count": 1417
    },
    {
      "elapsed_sec": 0.005492858588695526,
      "is_warmup": false,
      "iteration": 1587,
      "native_traversal_sec": 0.005448116,
      "row_count": 1417
    },
    {
      "elapsed_sec": 0.005647256970405579,
      "is_warmup": false,
      "iteration": 1588,
      "native_traversal_sec": 0.005603581,
      "row_count": 1417
    },
    {
      "elapsed_sec": 0.005291827023029327,
      "is_warmup": false,
      "iteration": 1589,
      "native_traversal_sec": 0.005247726,
      "row_count": 1417
    },
    {
      "elapsed_sec": 0.005444936454296112,
      "is_warmup": false,
      "iteration": 1590,
      "native_traversal_sec": 0.005400696,
      "row_count": 1417
    },
    {
      "elapsed_sec": 0.0056758299469947815,
      "is_warmup": false,
      "iteration": 1591,
      "native_traversal_sec": 0.005631354,
      "row_count": 1417
    },
    {
      "elapsed_sec": 0.005220480263233185,
      "is_warmup": false,
      "iteration": 1592,
      "native_traversal_sec": 0.005175909,
      "row_count": 1417
    },
    {
      "elapsed_sec": 0.005714751780033112,
      "is_warmup": false,
      "iteration": 1593,
      "native_traversal_sec": 0.005670108,
      "row_count": 1417
    },
    {
      "elapsed_sec": 0.005588211119174957,
      "is_warmup": false,
      "iteration": 1594,
      "native_traversal_sec": 0.005543919,
      "row_count": 1417
    },
    {
      "elapsed_sec": 0.005432061851024628,
      "is_warmup": false,
      "iteration": 1595,
      "native_traversal_sec": 0.005387711,
      "row_count": 1417
    },
    {
      "elapsed_sec": 0.00559651106595993,
      "is_warmup": false,
      "iteration": 1596,
      "native_traversal_sec": 0.005552705,
      "row_count": 1417
    },
    {
      "elapsed_sec": 0.005444258451461792,
      "is_warmup": false,
      "iteration": 1597,
      "native_traversal_sec": 0.005399263,
      "row_count": 1417
    },
    {
      "elapsed_sec": 0.005637183785438538,
      "is_warmup": false,
      "iteration": 1598,
      "native_traversal_sec": 0.005592731,
      "row_count": 1417
    },
    {
      "elapsed_sec": 0.005553506314754486,
      "is_warmup": false,
      "iteration": 1599,
      "native_traversal_sec": 0.005365609,
      "row_count": 1417
    },
    {
      "elapsed_sec": 0.005536854267120361,
      "is_warmup": false,
      "iteration": 1600,
      "native_traversal_sec": 0.005492441,
      "row_count": 1417
    },
    {
      "elapsed_sec": 0.005484886467456818,
      "is_warmup": false,
      "iteration": 1601,
      "native_traversal_sec": 0.005440682,
      "row_count": 1417
    },
    {
      "elapsed_sec": 0.00543830543756485,
      "is_warmup": false,
      "iteration": 1602,
      "native_traversal_sec": 0.005393353,
      "row_count": 1417
    },
    {
      "elapsed_sec": 0.005259327590465546,
      "is_warmup": false,
      "iteration": 1603,
      "native_traversal_sec": 0.005214743,
      "row_count": 1417
    },
    {
      "elapsed_sec": 0.005569636821746826,
      "is_warmup": false,
      "iteration": 1604,
      "native_traversal_sec": 0.005525604,
      "row_count": 1417
    },
    {
      "elapsed_sec": 0.005514025688171387,
      "is_warmup": false,
      "iteration": 1605,
      "native_traversal_sec": 0.005468755,
      "row_count": 1417
    },
    {
      "elapsed_sec": 0.005304284393787384,
      "is_warmup": false,
      "iteration": 1606,
      "native_traversal_sec": 0.005260219,
      "row_count": 1417
    },
    {
      "elapsed_sec": 0.005599766969680786,
      "is_warmup": false,
      "iteration": 1607,
      "native_traversal_sec": 0.00555562,
      "row_count": 1417
    },
    {
      "elapsed_sec": 0.00558064877986908,
      "is_warmup": false,
      "iteration": 1608,
      "native_traversal_sec": 0.005537225,
      "row_count": 1417
    },
    {
      "elapsed_sec": 0.005383051931858063,
      "is_warmup": false,
      "iteration": 1609,
      "native_traversal_sec": 0.005340651,
      "row_count": 1417
    },
    {
      "elapsed_sec": 0.00575970858335495,
      "is_warmup": false,
      "iteration": 1610,
      "native_traversal_sec": 0.005715234,
      "row_count": 1417
    },
    {
      "elapsed_sec": 0.005630761384963989,
      "is_warmup": false,
      "iteration": 1611,
      "native_traversal_sec": 0.005578524,
      "row_count": 1417
    },
    {
      "elapsed_sec": 0.0054176077246665955,
      "is_warmup": false,
      "iteration": 1612,
      "native_traversal_sec": 0.005372893,
      "row_count": 1417
    },
    {
      "elapsed_sec": 0.005646705627441406,
      "is_warmup": false,
      "iteration": 1613,
      "native_traversal_sec": 0.00560296,
      "row_count": 1417
    },
    {
      "elapsed_sec": 0.0054654330015182495,
      "is_warmup": false,
      "iteration": 1614,
      "native_traversal_sec": 0.005421836,
      "row_count": 1417
    },
    {
      "elapsed_sec": 0.005584940314292908,
      "is_warmup": false,
      "iteration": 1615,
      "native_traversal_sec": 0.00553954,
      "row_count": 1417
    },
    {
      "elapsed_sec": 0.005491465330123901,
      "is_warmup": false,
      "iteration": 1616,
      "native_traversal_sec": 0.005447855,
      "row_count": 1417
    },
    {
      "elapsed_sec": 0.005288116633892059,
      "is_warmup": false,
      "iteration": 1617,
      "native_traversal_sec": 0.005244029,
      "row_count": 1417
    },
    {
      "elapsed_sec": 0.005620166659355164,
      "is_warmup": false,
      "iteration": 1618,
      "native_traversal_sec": 0.005576209,
      "row_count": 1417
    },
    {
      "elapsed_sec": 0.005440086126327515,
      "is_warmup": false,
      "iteration": 1619,
      "native_traversal_sec": 0.005395627,
      "row_count": 1417
    },
    {
      "elapsed_sec": 0.005221337080001831,
      "is_warmup": false,
      "iteration": 1620,
      "native_traversal_sec": 0.005177632,
      "row_count": 1417
    },
    {
      "elapsed_sec": 0.005634389817714691,
      "is_warmup": false,
      "iteration": 1621,
      "native_traversal_sec": 0.005591048,
      "row_count": 1417
    },
    {
      "elapsed_sec": 0.0055867210030555725,
      "is_warmup": false,
      "iteration": 1622,
      "native_traversal_sec": 0.005542646,
      "row_count": 1417
    },
    {
      "elapsed_sec": 0.005547359585762024,
      "is_warmup": false,
      "iteration": 1623,
      "native_traversal_sec": 0.005502801,
      "row_count": 1417
    },
    {
      "elapsed_sec": 0.0053715333342552185,
      "is_warmup": false,
      "iteration": 1624,
      "native_traversal_sec": 0.005322247,
      "row_count": 1417
    },
    {
      "elapsed_sec": 0.005585715174674988,
      "is_warmup": false,
      "iteration": 1625,
      "native_traversal_sec": 0.005532627,
      "row_count": 1417
    },
    {
      "elapsed_sec": 0.006820984184741974,
      "is_warmup": false,
      "iteration": 1626,
      "native_traversal_sec": 0.0067549,
      "row_count": 1417
    },
    {
      "elapsed_sec": 0.005527853965759277,
      "is_warmup": false,
      "iteration": 1627,
      "native_traversal_sec": 0.005483083,
      "row_count": 1417
    },
    {
      "elapsed_sec": 0.005423709750175476,
      "is_warmup": false,
      "iteration": 1628,
      "native_traversal_sec": 0.005378734,
      "row_count": 1417
    },
    {
      "elapsed_sec": 0.005366653203964233,
      "is_warmup": false,
      "iteration": 1629,
      "native_traversal_sec": 0.005322908,
      "row_count": 1417
    },
    {
      "elapsed_sec": 0.005548253655433655,
      "is_warmup": false,
      "iteration": 1630,
      "native_traversal_sec": 0.005503983,
      "row_count": 1417
    },
    {
      "elapsed_sec": 0.005516804754734039,
      "is_warmup": false,
      "iteration": 1631,
      "native_traversal_sec": 0.005471641,
      "row_count": 1417
    },
    {
      "elapsed_sec": 0.005273550748825073,
      "is_warmup": false,
      "iteration": 1632,
      "native_traversal_sec": 0.005230763,
      "row_count": 1417
    },
    {
      "elapsed_sec": 0.005365006625652313,
      "is_warmup": false,
      "iteration": 1633,
      "native_traversal_sec": 0.005319221,
      "row_count": 1417
    },
    {
      "elapsed_sec": 0.005487851798534393,
      "is_warmup": false,
      "iteration": 1634,
      "native_traversal_sec": 0.005444539,
      "row_count": 1417
    },
    {
      "elapsed_sec": 0.0054836273193359375,
      "is_warmup": false,
      "iteration": 1635,
      "native_traversal_sec": 0.00543949,
      "row_count": 1417
    },
    {
      "elapsed_sec": 0.005417473614215851,
      "is_warmup": false,
      "iteration": 1636,
      "native_traversal_sec": 0.005372923,
      "row_count": 1417
    },
    {
      "elapsed_sec": 0.005472563207149506,
      "is_warmup": false,
      "iteration": 1637,
      "native_traversal_sec": 0.005428438,
      "row_count": 1417
    },
    {
      "elapsed_sec": 0.0055653974413871765,
      "is_warmup": false,
      "iteration": 1638,
      "native_traversal_sec": 0.005521115,
      "row_count": 1417
    },
    {
      "elapsed_sec": 0.005435563623905182,
      "is_warmup": false,
      "iteration": 1639,
      "native_traversal_sec": 0.005391699,
      "row_count": 1417
    },
    {
      "elapsed_sec": 0.0053633153438568115,
      "is_warmup": false,
      "iteration": 1640,
      "native_traversal_sec": 0.005320273,
      "row_count": 1417
    },
    {
      "elapsed_sec": 0.005522295832633972,
      "is_warmup": false,
      "iteration": 1641,
      "native_traversal_sec": 0.005479155,
      "row_count": 1417
    },
    {
      "elapsed_sec": 0.005575001239776611,
      "is_warmup": false,
      "iteration": 1642,
      "native_traversal_sec": 0.005529631,
      "row_count": 1417
    },
    {
      "elapsed_sec": 0.005281202495098114,
      "is_warmup": false,
      "iteration": 1643,
      "native_traversal_sec": 0.005237486,
      "row_count": 1417
    },
    {
      "elapsed_sec": 0.005588911473751068,
      "is_warmup": false,
      "iteration": 1644,
      "native_traversal_sec": 0.005545101,
      "row_count": 1417
    },
    {
      "elapsed_sec": 0.005254887044429779,
      "is_warmup": false,
      "iteration": 1645,
      "native_traversal_sec": 0.005210284,
      "row_count": 1417
    },
    {
      "elapsed_sec": 0.005448661744594574,
      "is_warmup": false,
      "iteration": 1646,
      "native_traversal_sec": 0.005405395,
      "row_count": 1417
    },
    {
      "elapsed_sec": 0.00544874370098114,
      "is_warmup": false,
      "iteration": 1647,
      "native_traversal_sec": 0.005404263,
      "row_count": 1417
    },
    {
      "elapsed_sec": 0.005290649831295013,
      "is_warmup": false,
      "iteration": 1648,
      "native_traversal_sec": 0.005246152,
      "row_count": 1417
    },
    {
      "elapsed_sec": 0.005502328276634216,
      "is_warmup": false,
      "iteration": 1649,
      "native_traversal_sec": 0.005459297,
      "row_count": 1417
    },
    {
      "elapsed_sec": 0.005969814956188202,
      "is_warmup": false,
      "iteration": 1650,
      "native_traversal_sec": 0.005925152,
      "row_count": 1417
    },
    {
      "elapsed_sec": 0.005386918783187866,
      "is_warmup": false,
      "iteration": 1651,
      "native_traversal_sec": 0.005341433,
      "row_count": 1417
    },
    {
      "elapsed_sec": 0.005592912435531616,
      "is_warmup": false,
      "iteration": 1652,
      "native_traversal_sec": 0.005548297,
      "row_count": 1417
    },
    {
      "elapsed_sec": 0.005537733435630798,
      "is_warmup": false,
      "iteration": 1653,
      "native_traversal_sec": 0.005493192,
      "row_count": 1417
    },
    {
      "elapsed_sec": 0.005369231104850769,
      "is_warmup": false,
      "iteration": 1654,
      "native_traversal_sec": 0.005324441,
      "row_count": 1417
    },
    {
      "elapsed_sec": 0.005368195474147797,
      "is_warmup": false,
      "iteration": 1655,
      "native_traversal_sec": 0.005324431,
      "row_count": 1417
    },
    {
      "elapsed_sec": 0.005400344729423523,
      "is_warmup": false,
      "iteration": 1656,
      "native_traversal_sec": 0.005356952,
      "row_count": 1417
    },
    {
      "elapsed_sec": 0.0054092928767204285,
      "is_warmup": false,
      "iteration": 1657,
      "native_traversal_sec": 0.005364127,
      "row_count": 1417
    },
    {
      "elapsed_sec": 0.005595415830612183,
      "is_warmup": false,
      "iteration": 1658,
      "native_traversal_sec": 0.005551503,
      "row_count": 1417
    },
    {
      "elapsed_sec": 0.0053105428814888,
      "is_warmup": false,
      "iteration": 1659,
      "native_traversal_sec": 0.005267082,
      "row_count": 1417
    },
    {
      "elapsed_sec": 0.005535125732421875,
      "is_warmup": false,
      "iteration": 1660,
      "native_traversal_sec": 0.005490457,
      "row_count": 1417
    },
    {
      "elapsed_sec": 0.005571603775024414,
      "is_warmup": false,
      "iteration": 1661,
      "native_traversal_sec": 0.005527697,
      "row_count": 1417
    },
    {
      "elapsed_sec": 0.005286030471324921,
      "is_warmup": false,
      "iteration": 1662,
      "native_traversal_sec": 0.005241564,
      "row_count": 1417
    },
    {
      "elapsed_sec": 0.005517452955245972,
      "is_warmup": false,
      "iteration": 1663,
      "native_traversal_sec": 0.005473374,
      "row_count": 1417
    },
    {
      "elapsed_sec": 0.006223961710929871,
      "is_warmup": false,
      "iteration": 1664,
      "native_traversal_sec": 0.006179818,
      "row_count": 1417
    },
    {
      "elapsed_sec": 0.005541861057281494,
      "is_warmup": false,
      "iteration": 1665,
      "native_traversal_sec": 0.005495466,
      "row_count": 1417
    },
    {
      "elapsed_sec": 0.005597271025180817,
      "is_warmup": false,
      "iteration": 1666,
      "native_traversal_sec": 0.00553964,
      "row_count": 1417
    },
    {
      "elapsed_sec": 0.005635954439640045,
      "is_warmup": false,
      "iteration": 1667,
      "native_traversal_sec": 0.005591669,
      "row_count": 1417
    },
    {
      "elapsed_sec": 0.005795672535896301,
      "is_warmup": false,
      "iteration": 1668,
      "native_traversal_sec": 0.005749529,
      "row_count": 1417
    },
    {
      "elapsed_sec": 0.0054293349385261536,
      "is_warmup": false,
      "iteration": 1669,
      "native_traversal_sec": 0.005383774,
      "row_count": 1417
    },
    {
      "elapsed_sec": 0.005819596350193024,
      "is_warmup": false,
      "iteration": 1670,
      "native_traversal_sec": 0.005774506,
      "row_count": 1417
    },
    {
      "elapsed_sec": 0.0057425349950790405,
      "is_warmup": false,
      "iteration": 1671,
      "native_traversal_sec": 0.005696759,
      "row_count": 1417
    },
    {
      "elapsed_sec": 0.005640208721160889,
      "is_warmup": false,
      "iteration": 1672,
      "native_traversal_sec": 0.005595255,
      "row_count": 1417
    },
    {
      "elapsed_sec": 0.005683533847332001,
      "is_warmup": false,
      "iteration": 1673,
      "native_traversal_sec": 0.005638077,
      "row_count": 1417
    },
    {
      "elapsed_sec": 0.005542933940887451,
      "is_warmup": false,
      "iteration": 1674,
      "native_traversal_sec": 0.00549745,
      "row_count": 1417
    },
    {
      "elapsed_sec": 0.005501076579093933,
      "is_warmup": false,
      "iteration": 1675,
      "native_traversal_sec": 0.00545529,
      "row_count": 1417
    },
    {
      "elapsed_sec": 0.005765296518802643,
      "is_warmup": false,
      "iteration": 1676,
      "native_traversal_sec": 0.005720103,
      "row_count": 1417
    },
    {
      "elapsed_sec": 0.005785062909126282,
      "is_warmup": false,
      "iteration": 1677,
      "native_traversal_sec": 0.00573958,
      "row_count": 1417
    },
    {
      "elapsed_sec": 0.005722813308238983,
      "is_warmup": false,
      "iteration": 1678,
      "native_traversal_sec": 0.005677923,
      "row_count": 1417
    },
    {
      "elapsed_sec": 0.005473695695400238,
      "is_warmup": false,
      "iteration": 1679,
      "native_traversal_sec": 0.005429912,
      "row_count": 1417
    },
    {
      "elapsed_sec": 0.005513370037078857,
      "is_warmup": false,
      "iteration": 1680,
      "native_traversal_sec": 0.005468365,
      "row_count": 1417
    },
    {
      "elapsed_sec": 0.00582459568977356,
      "is_warmup": false,
      "iteration": 1681,
      "native_traversal_sec": 0.005779466,
      "row_count": 1417
    },
    {
      "elapsed_sec": 0.005525536835193634,
      "is_warmup": false,
      "iteration": 1682,
      "native_traversal_sec": 0.005480207,
      "row_count": 1417
    },
    {
      "elapsed_sec": 0.005723647773265839,
      "is_warmup": false,
      "iteration": 1683,
      "native_traversal_sec": 0.005678664,
      "row_count": 1417
    },
    {
      "elapsed_sec": 0.0056762248277664185,
      "is_warmup": false,
      "iteration": 1684,
      "native_traversal_sec": 0.005631194,
      "row_count": 1417
    },
    {
      "elapsed_sec": 0.005929015576839447,
      "is_warmup": false,
      "iteration": 1685,
      "native_traversal_sec": 0.005883955,
      "row_count": 1417
    },
    {
      "elapsed_sec": 0.005653567612171173,
      "is_warmup": false,
      "iteration": 1686,
      "native_traversal_sec": 0.005608501,
      "row_count": 1417
    },
    {
      "elapsed_sec": 0.00546623021364212,
      "is_warmup": false,
      "iteration": 1687,
      "native_traversal_sec": 0.005421706,
      "row_count": 1417
    },
    {
      "elapsed_sec": 0.00580943375825882,
      "is_warmup": false,
      "iteration": 1688,
      "native_traversal_sec": 0.005764247,
      "row_count": 1417
    },
    {
      "elapsed_sec": 0.00561436265707016,
      "is_warmup": false,
      "iteration": 1689,
      "native_traversal_sec": 0.005568886,
      "row_count": 1417
    },
    {
      "elapsed_sec": 0.005585961043834686,
      "is_warmup": false,
      "iteration": 1690,
      "native_traversal_sec": 0.005541875,
      "row_count": 1417
    },
    {
      "elapsed_sec": 0.005744650959968567,
      "is_warmup": false,
      "iteration": 1691,
      "native_traversal_sec": 0.005699514,
      "row_count": 1417
    },
    {
      "elapsed_sec": 0.005902685225009918,
      "is_warmup": false,
      "iteration": 1692,
      "native_traversal_sec": 0.005857093,
      "row_count": 1417
    },
    {
      "elapsed_sec": 0.005767703056335449,
      "is_warmup": false,
      "iteration": 1693,
      "native_traversal_sec": 0.005722418,
      "row_count": 1417
    },
    {
      "elapsed_sec": 0.005338333547115326,
      "is_warmup": false,
      "iteration": 1694,
      "native_traversal_sec": 0.005294094,
      "row_count": 1417
    },
    {
      "elapsed_sec": 0.0054700374603271484,
      "is_warmup": false,
      "iteration": 1695,
      "native_traversal_sec": 0.005424681,
      "row_count": 1417
    },
    {
      "elapsed_sec": 0.00561138242483139,
      "is_warmup": false,
      "iteration": 1696,
      "native_traversal_sec": 0.005566772,
      "row_count": 1417
    },
    {
      "elapsed_sec": 0.005382433533668518,
      "is_warmup": false,
      "iteration": 1697,
      "native_traversal_sec": 0.005338127,
      "row_count": 1417
    },
    {
      "elapsed_sec": 0.005595773458480835,
      "is_warmup": false,
      "iteration": 1698,
      "native_traversal_sec": 0.005551663,
      "row_count": 1417
    },
    {
      "elapsed_sec": 0.005495421588420868,
      "is_warmup": false,
      "iteration": 1699,
      "native_traversal_sec": 0.005451663,
      "row_count": 1417
    },
    {
      "elapsed_sec": 0.005453646183013916,
      "is_warmup": false,
      "iteration": 1700,
      "native_traversal_sec": 0.005410004,
      "row_count": 1417
    },
    {
      "elapsed_sec": 0.005569726228713989,
      "is_warmup": false,
      "iteration": 1701,
      "native_traversal_sec": 0.005524892,
      "row_count": 1417
    },
    {
      "elapsed_sec": 0.005523152649402618,
      "is_warmup": false,
      "iteration": 1702,
      "native_traversal_sec": 0.005477602,
      "row_count": 1417
    },
    {
      "elapsed_sec": 0.00574040412902832,
      "is_warmup": false,
      "iteration": 1703,
      "native_traversal_sec": 0.005695286,
      "row_count": 1417
    },
    {
      "elapsed_sec": 0.0054191648960113525,
      "is_warmup": false,
      "iteration": 1704,
      "native_traversal_sec": 0.005374567,
      "row_count": 1417
    },
    {
      "elapsed_sec": 0.005452744662761688,
      "is_warmup": false,
      "iteration": 1705,
      "native_traversal_sec": 0.00540788,
      "row_count": 1417
    },
    {
      "elapsed_sec": 0.00564054399728775,
      "is_warmup": false,
      "iteration": 1706,
      "native_traversal_sec": 0.005595406,
      "row_count": 1417
    },
    {
      "elapsed_sec": 0.005495794117450714,
      "is_warmup": false,
      "iteration": 1707,
      "native_traversal_sec": 0.005450812,
      "row_count": 1417
    },
    {
      "elapsed_sec": 0.005416162312030792,
      "is_warmup": false,
      "iteration": 1708,
      "native_traversal_sec": 0.005372492,
      "row_count": 1417
    },
    {
      "elapsed_sec": 0.00551208108663559,
      "is_warmup": false,
      "iteration": 1709,
      "native_traversal_sec": 0.005467693,
      "row_count": 1417
    },
    {
      "elapsed_sec": 0.005605965852737427,
      "is_warmup": false,
      "iteration": 1710,
      "native_traversal_sec": 0.005561161,
      "row_count": 1417
    },
    {
      "elapsed_sec": 0.005585558712482452,
      "is_warmup": false,
      "iteration": 1711,
      "native_traversal_sec": 0.005535512,
      "row_count": 1417
    },
    {
      "elapsed_sec": 0.005643688142299652,
      "is_warmup": false,
      "iteration": 1712,
      "native_traversal_sec": 0.005599104,
      "row_count": 1417
    },
    {
      "elapsed_sec": 0.0054312944412231445,
      "is_warmup": false,
      "iteration": 1713,
      "native_traversal_sec": 0.005385747,
      "row_count": 1417
    },
    {
      "elapsed_sec": 0.005624428391456604,
      "is_warmup": false,
      "iteration": 1714,
      "native_traversal_sec": 0.005580457,
      "row_count": 1417
    },
    {
      "elapsed_sec": 0.005573786795139313,
      "is_warmup": false,
      "iteration": 1715,
      "native_traversal_sec": 0.005528379,
      "row_count": 1417
    },
    {
      "elapsed_sec": 0.005614764988422394,
      "is_warmup": false,
      "iteration": 1716,
      "native_traversal_sec": 0.005570199,
      "row_count": 1417
    },
    {
      "elapsed_sec": 0.005591161549091339,
      "is_warmup": false,
      "iteration": 1717,
      "native_traversal_sec": 0.005546353,
      "row_count": 1417
    },
    {
      "elapsed_sec": 0.005601800978183746,
      "is_warmup": false,
      "iteration": 1718,
      "native_traversal_sec": 0.005556853,
      "row_count": 1417
    },
    {
      "elapsed_sec": 0.005739368498325348,
      "is_warmup": false,
      "iteration": 1719,
      "native_traversal_sec": 0.005694474,
      "row_count": 1417
    },
    {
      "elapsed_sec": 0.005474179983139038,
      "is_warmup": false,
      "iteration": 1720,
      "native_traversal_sec": 0.005429241,
      "row_count": 1417
    },
    {
      "elapsed_sec": 0.005693770945072174,
      "is_warmup": false,
      "iteration": 1721,
      "native_traversal_sec": 0.005649038,
      "row_count": 1417
    },
    {
      "elapsed_sec": 0.005585320293903351,
      "is_warmup": false,
      "iteration": 1722,
      "native_traversal_sec": 0.005541163,
      "row_count": 1417
    },
    {
      "elapsed_sec": 0.005470208823680878,
      "is_warmup": false,
      "iteration": 1723,
      "native_traversal_sec": 0.005425684,
      "row_count": 1417
    },
    {
      "elapsed_sec": 0.005648963153362274,
      "is_warmup": false,
      "iteration": 1724,
      "native_traversal_sec": 0.005603952,
      "row_count": 1417
    },
    {
      "elapsed_sec": 0.005602158606052399,
      "is_warmup": false,
      "iteration": 1725,
      "native_traversal_sec": 0.005557274,
      "row_count": 1417
    },
    {
      "elapsed_sec": 0.005734190344810486,
      "is_warmup": false,
      "iteration": 1726,
      "native_traversal_sec": 0.005690127,
      "row_count": 1417
    },
    {
      "elapsed_sec": 0.005494199693202972,
      "is_warmup": false,
      "iteration": 1727,
      "native_traversal_sec": 0.005449489,
      "row_count": 1417
    },
    {
      "elapsed_sec": 0.005675159394741058,
      "is_warmup": false,
      "iteration": 1728,
      "native_traversal_sec": 0.005629861,
      "row_count": 1417
    },
    {
      "elapsed_sec": 0.0056109800934791565,
      "is_warmup": false,
      "iteration": 1729,
      "native_traversal_sec": 0.005566862,
      "row_count": 1417
    },
    {
      "elapsed_sec": 0.00558122992515564,
      "is_warmup": false,
      "iteration": 1730,
      "native_traversal_sec": 0.005538097,
      "row_count": 1417
    },
    {
      "elapsed_sec": 0.005676232278347015,
      "is_warmup": false,
      "iteration": 1731,
      "native_traversal_sec": 0.005631525,
      "row_count": 1417
    },
    {
      "elapsed_sec": 0.005617082118988037,
      "is_warmup": false,
      "iteration": 1732,
      "native_traversal_sec": 0.00557116,
      "row_count": 1417
    },
    {
      "elapsed_sec": 0.00546979159116745,
      "is_warmup": false,
      "iteration": 1733,
      "native_traversal_sec": 0.005425332,
      "row_count": 1417
    },
    {
      "elapsed_sec": 0.005792781710624695,
      "is_warmup": false,
      "iteration": 1734,
      "native_traversal_sec": 0.005748377,
      "row_count": 1417
    },
    {
      "elapsed_sec": 0.005726560950279236,
      "is_warmup": false,
      "iteration": 1735,
      "native_traversal_sec": 0.005681079,
      "row_count": 1417
    },
    {
      "elapsed_sec": 0.0057492852210998535,
      "is_warmup": false,
      "iteration": 1736,
      "native_traversal_sec": 0.005704563,
      "row_count": 1417
    },
    {
      "elapsed_sec": 0.005408391356468201,
      "is_warmup": false,
      "iteration": 1737,
      "native_traversal_sec": 0.005363926,
      "row_count": 1417
    },
    {
      "elapsed_sec": 0.005585752427577972,
      "is_warmup": false,
      "iteration": 1738,
      "native_traversal_sec": 0.005540461,
      "row_count": 1417
    },
    {
      "elapsed_sec": 0.005668997764587402,
      "is_warmup": false,
      "iteration": 1739,
      "native_traversal_sec": 0.00562366,
      "row_count": 1417
    },
    {
      "elapsed_sec": 0.005533240735530853,
      "is_warmup": false,
      "iteration": 1740,
      "native_traversal_sec": 0.005488813,
      "row_count": 1417
    },
    {
      "elapsed_sec": 0.005697421729564667,
      "is_warmup": false,
      "iteration": 1741,
      "native_traversal_sec": 0.005652074,
      "row_count": 1417
    },
    {
      "elapsed_sec": 0.005708217620849609,
      "is_warmup": false,
      "iteration": 1742,
      "native_traversal_sec": 0.005664237,
      "row_count": 1417
    },
    {
      "elapsed_sec": 0.005721516907215118,
      "is_warmup": false,
      "iteration": 1743,
      "native_traversal_sec": 0.005676741,
      "row_count": 1417
    },
    {
      "elapsed_sec": 0.005429305136203766,
      "is_warmup": false,
      "iteration": 1744,
      "native_traversal_sec": 0.005385076,
      "row_count": 1417
    },
    {
      "elapsed_sec": 0.0056004598736763,
      "is_warmup": false,
      "iteration": 1745,
      "native_traversal_sec": 0.005556602,
      "row_count": 1417
    },
    {
      "elapsed_sec": 0.005735352635383606,
      "is_warmup": false,
      "iteration": 1746,
      "native_traversal_sec": 0.005689625,
      "row_count": 1417
    },
    {
      "elapsed_sec": 0.005384616553783417,
      "is_warmup": false,
      "iteration": 1747,
      "native_traversal_sec": 0.00533996,
      "row_count": 1417
    },
    {
      "elapsed_sec": 0.0055765435099601746,
      "is_warmup": false,
      "iteration": 1748,
      "native_traversal_sec": 0.005531685,
      "row_count": 1417
    },
    {
      "elapsed_sec": 0.005682036280632019,
      "is_warmup": false,
      "iteration": 1749,
      "native_traversal_sec": 0.005629952,
      "row_count": 1417
    },
    {
      "elapsed_sec": 0.005518391728401184,
      "is_warmup": false,
      "iteration": 1750,
      "native_traversal_sec": 0.005472803,
      "row_count": 1417
    },
    {
      "elapsed_sec": 0.005809955298900604,
      "is_warmup": false,
      "iteration": 1751,
      "native_traversal_sec": 0.005763907,
      "row_count": 1417
    },
    {
      "elapsed_sec": 0.005574047565460205,
      "is_warmup": false,
      "iteration": 1752,
      "native_traversal_sec": 0.00552934,
      "row_count": 1417
    },
    {
      "elapsed_sec": 0.005761459469795227,
      "is_warmup": false,
      "iteration": 1753,
      "native_traversal_sec": 0.005717588,
      "row_count": 1417
    },
    {
      "elapsed_sec": 0.005432583391666412,
      "is_warmup": false,
      "iteration": 1754,
      "native_traversal_sec": 0.005388132,
      "row_count": 1417
    },
    {
      "elapsed_sec": 0.0056952983140945435,
      "is_warmup": false,
      "iteration": 1755,
      "native_traversal_sec": 0.00565014,
      "row_count": 1417
    },
    {
      "elapsed_sec": 0.005649343132972717,
      "is_warmup": false,
      "iteration": 1756,
      "native_traversal_sec": 0.005603642,
      "row_count": 1417
    },
    {
      "elapsed_sec": 0.005539558827877045,
      "is_warmup": false,
      "iteration": 1757,
      "native_traversal_sec": 0.005495085,
      "row_count": 1417
    },
    {
      "elapsed_sec": 0.005708858370780945,
      "is_warmup": false,
      "iteration": 1758,
      "native_traversal_sec": 0.005663505,
      "row_count": 1417
    },
    {
      "elapsed_sec": 0.005724817514419556,
      "is_warmup": false,
      "iteration": 1759,
      "native_traversal_sec": 0.005679827,
      "row_count": 1417
    },
    {
      "elapsed_sec": 0.005482278764247894,
      "is_warmup": false,
      "iteration": 1760,
      "native_traversal_sec": 0.005438047,
      "row_count": 1417
    },
    {
      "elapsed_sec": 0.005605630576610565,
      "is_warmup": false,
      "iteration": 1761,
      "native_traversal_sec": 0.005561412,
      "row_count": 1417
    },
    {
      "elapsed_sec": 0.005679488182067871,
      "is_warmup": false,
      "iteration": 1762,
      "native_traversal_sec": 0.005634861,
      "row_count": 1417
    },
    {
      "elapsed_sec": 0.005685247480869293,
      "is_warmup": false,
      "iteration": 1763,
      "native_traversal_sec": 0.005640372,
      "row_count": 1417
    },
    {
      "elapsed_sec": 0.005558796226978302,
      "is_warmup": false,
      "iteration": 1764,
      "native_traversal_sec": 0.005514101,
      "row_count": 1417
    },
    {
      "elapsed_sec": 0.005566462874412537,
      "is_warmup": false,
      "iteration": 1765,
      "native_traversal_sec": 0.005521986,
      "row_count": 1417
    },
    {
      "elapsed_sec": 0.005770035088062286,
      "is_warmup": false,
      "iteration": 1766,
      "native_traversal_sec": 0.005725293,
      "row_count": 1417
    },
    {
      "elapsed_sec": 0.0053178295493125916,
      "is_warmup": false,
      "iteration": 1767,
      "native_traversal_sec": 0.005273144,
      "row_count": 1417
    },
    {
      "elapsed_sec": 0.005589395761489868,
      "is_warmup": false,
      "iteration": 1768,
      "native_traversal_sec": 0.005546142,
      "row_count": 1417
    },
    {
      "elapsed_sec": 0.005713365972042084,
      "is_warmup": false,
      "iteration": 1769,
      "native_traversal_sec": 0.005666882,
      "row_count": 1417
    },
    {
      "elapsed_sec": 0.005459308624267578,
      "is_warmup": false,
      "iteration": 1770,
      "native_traversal_sec": 0.005414392,
      "row_count": 1417
    },
    {
      "elapsed_sec": 0.005561545491218567,
      "is_warmup": false,
      "iteration": 1771,
      "native_traversal_sec": 0.005515805,
      "row_count": 1417
    },
    {
      "elapsed_sec": 0.005588047206401825,
      "is_warmup": false,
      "iteration": 1772,
      "native_traversal_sec": 0.005542656,
      "row_count": 1417
    },
    {
      "elapsed_sec": 0.00558055192232132,
      "is_warmup": false,
      "iteration": 1773,
      "native_traversal_sec": 0.005535322,
      "row_count": 1417
    },
    {
      "elapsed_sec": 0.00561949610710144,
      "is_warmup": false,
      "iteration": 1774,
      "native_traversal_sec": 0.005574646,
      "row_count": 1417
    },
    {
      "elapsed_sec": 0.005700327455997467,
      "is_warmup": false,
      "iteration": 1775,
      "native_traversal_sec": 0.005654699,
      "row_count": 1417
    },
    {
      "elapsed_sec": 0.005689412355422974,
      "is_warmup": false,
      "iteration": 1776,
      "native_traversal_sec": 0.005641955,
      "row_count": 1417
    },
    {
      "elapsed_sec": 0.005561523139476776,
      "is_warmup": false,
      "iteration": 1777,
      "native_traversal_sec": 0.005514843,
      "row_count": 1417
    },
    {
      "elapsed_sec": 0.005736172199249268,
      "is_warmup": false,
      "iteration": 1778,
      "native_traversal_sec": 0.005689706,
      "row_count": 1417
    },
    {
      "elapsed_sec": 0.005764991044998169,
      "is_warmup": false,
      "iteration": 1779,
      "native_traversal_sec": 0.005719772,
      "row_count": 1417
    },
    {
      "elapsed_sec": 0.005766719579696655,
      "is_warmup": false,
      "iteration": 1780,
      "native_traversal_sec": 0.005720885,
      "row_count": 1417
    },
    {
      "elapsed_sec": 0.005670763552188873,
      "is_warmup": false,
      "iteration": 1781,
      "native_traversal_sec": 0.005605686,
      "row_count": 1417
    },
    {
      "elapsed_sec": 0.005746066570281982,
      "is_warmup": false,
      "iteration": 1782,
      "native_traversal_sec": 0.005701297,
      "row_count": 1417
    },
    {
      "elapsed_sec": 0.005457140505313873,
      "is_warmup": false,
      "iteration": 1783,
      "native_traversal_sec": 0.005398211,
      "row_count": 1417
    },
    {
      "elapsed_sec": 0.00548321008682251,
      "is_warmup": false,
      "iteration": 1784,
      "native_traversal_sec": 0.005438698,
      "row_count": 1417
    },
    {
      "elapsed_sec": 0.005521200597286224,
      "is_warmup": false,
      "iteration": 1785,
      "native_traversal_sec": 0.005476641,
      "row_count": 1417
    },
    {
      "elapsed_sec": 0.005746863782405853,
      "is_warmup": false,
      "iteration": 1786,
      "native_traversal_sec": 0.005701417,
      "row_count": 1417
    },
    {
      "elapsed_sec": 0.005520977079868317,
      "is_warmup": false,
      "iteration": 1787,
      "native_traversal_sec": 0.005476069,
      "row_count": 1417
    },
    {
      "elapsed_sec": 0.005618184804916382,
      "is_warmup": false,
      "iteration": 1788,
      "native_traversal_sec": 0.005572893,
      "row_count": 1417
    },
    {
      "elapsed_sec": 0.005603760480880737,
      "is_warmup": false,
      "iteration": 1789,
      "native_traversal_sec": 0.005559968,
      "row_count": 1417
    },
    {
      "elapsed_sec": 0.005498781800270081,
      "is_warmup": false,
      "iteration": 1790,
      "native_traversal_sec": 0.005446373,
      "row_count": 1417
    },
    {
      "elapsed_sec": 0.005788825452327728,
      "is_warmup": false,
      "iteration": 1791,
      "native_traversal_sec": 0.00574479,
      "row_count": 1417
    },
    {
      "elapsed_sec": 0.005691312253475189,
      "is_warmup": false,
      "iteration": 1792,
      "native_traversal_sec": 0.005647024,
      "row_count": 1417
    },
    {
      "elapsed_sec": 0.005608715116977692,
      "is_warmup": false,
      "iteration": 1793,
      "native_traversal_sec": 0.005563616,
      "row_count": 1417
    },
    {
      "elapsed_sec": 0.0056211575865745544,
      "is_warmup": false,
      "iteration": 1794,
      "native_traversal_sec": 0.005577572,
      "row_count": 1417
    },
    {
      "elapsed_sec": 0.005659140646457672,
      "is_warmup": false,
      "iteration": 1795,
      "native_traversal_sec": 0.00561339,
      "row_count": 1417
    },
    {
      "elapsed_sec": 0.00569828599691391,
      "is_warmup": false,
      "iteration": 1796,
      "native_traversal_sec": 0.005651724,
      "row_count": 1417
    },
    {
      "elapsed_sec": 0.005328729748725891,
      "is_warmup": false,
      "iteration": 1797,
      "native_traversal_sec": 0.005275678,
      "row_count": 1417
    },
    {
      "elapsed_sec": 0.00581812858581543,
      "is_warmup": false,
      "iteration": 1798,
      "native_traversal_sec": 0.005774126,
      "row_count": 1417
    },
    {
      "elapsed_sec": 0.0056008994579315186,
      "is_warmup": false,
      "iteration": 1799,
      "native_traversal_sec": 0.005556352,
      "row_count": 1417
    },
    {
      "elapsed_sec": 0.005665741860866547,
      "is_warmup": false,
      "iteration": 1800,
      "native_traversal_sec": 0.005621135,
      "row_count": 1417
    },
    {
      "elapsed_sec": 0.0053545087575912476,
      "is_warmup": false,
      "iteration": 1801,
      "native_traversal_sec": 0.005310054,
      "row_count": 1417
    },
    {
      "elapsed_sec": 0.005658656358718872,
      "is_warmup": false,
      "iteration": 1802,
      "native_traversal_sec": 0.005614192,
      "row_count": 1417
    },
    {
      "elapsed_sec": 0.0056577324867248535,
      "is_warmup": false,
      "iteration": 1803,
      "native_traversal_sec": 0.00561276,
      "row_count": 1417
    },
    {
      "elapsed_sec": 0.005431801080703735,
      "is_warmup": false,
      "iteration": 1804,
      "native_traversal_sec": 0.005387851,
      "row_count": 1417
    },
    {
      "elapsed_sec": 0.005555465817451477,
      "is_warmup": false,
      "iteration": 1805,
      "native_traversal_sec": 0.005511256,
      "row_count": 1417
    },
    {
      "elapsed_sec": 0.005625098943710327,
      "is_warmup": false,
      "iteration": 1806,
      "native_traversal_sec": 0.005579807,
      "row_count": 1417
    },
    {
      "elapsed_sec": 0.00541330873966217,
      "is_warmup": false,
      "iteration": 1807,
      "native_traversal_sec": 0.005368705,
      "row_count": 1417
    },
    {
      "elapsed_sec": 0.005621127784252167,
      "is_warmup": false,
      "iteration": 1808,
      "native_traversal_sec": 0.005577192,
      "row_count": 1417
    },
    {
      "elapsed_sec": 0.005649596452713013,
      "is_warmup": false,
      "iteration": 1809,
      "native_traversal_sec": 0.005603973,
      "row_count": 1417
    },
    {
      "elapsed_sec": 0.005456961691379547,
      "is_warmup": false,
      "iteration": 1810,
      "native_traversal_sec": 0.005412108,
      "row_count": 1417
    },
    {
      "elapsed_sec": 0.005687631666660309,
      "is_warmup": false,
      "iteration": 1811,
      "native_traversal_sec": 0.005643167,
      "row_count": 1417
    },
    {
      "elapsed_sec": 0.005867697298526764,
      "is_warmup": false,
      "iteration": 1812,
      "native_traversal_sec": 0.005822989,
      "row_count": 1417
    },
    {
      "elapsed_sec": 0.00548427551984787,
      "is_warmup": false,
      "iteration": 1813,
      "native_traversal_sec": 0.005437235,
      "row_count": 1417
    },
    {
      "elapsed_sec": 0.005640819668769836,
      "is_warmup": false,
      "iteration": 1814,
      "native_traversal_sec": 0.005589696,
      "row_count": 1417
    },
    {
      "elapsed_sec": 0.005824707448482513,
      "is_warmup": false,
      "iteration": 1815,
      "native_traversal_sec": 0.005780127,
      "row_count": 1417
    },
    {
      "elapsed_sec": 0.0057009682059288025,
      "is_warmup": false,
      "iteration": 1816,
      "native_traversal_sec": 0.005656142,
      "row_count": 1417
    },
    {
      "elapsed_sec": 0.005568057298660278,
      "is_warmup": false,
      "iteration": 1817,
      "native_traversal_sec": 0.005522859,
      "row_count": 1417
    },
    {
      "elapsed_sec": 0.005826994776725769,
      "is_warmup": false,
      "iteration": 1818,
      "native_traversal_sec": 0.00577645,
      "row_count": 1417
    },
    {
      "elapsed_sec": 0.005702495574951172,
      "is_warmup": false,
      "iteration": 1819,
      "native_traversal_sec": 0.005653917,
      "row_count": 1417
    },
    {
      "elapsed_sec": 0.005590662360191345,
      "is_warmup": false,
      "iteration": 1820,
      "native_traversal_sec": 0.00554472,
      "row_count": 1417
    },
    {
      "elapsed_sec": 0.005744226276874542,
      "is_warmup": false,
      "iteration": 1821,
      "native_traversal_sec": 0.005699073,
      "row_count": 1417
    },
    {
      "elapsed_sec": 0.005669683218002319,
      "is_warmup": false,
      "iteration": 1822,
      "native_traversal_sec": 0.005625052,
      "row_count": 1417
    },
    {
      "elapsed_sec": 0.005453340709209442,
      "is_warmup": false,
      "iteration": 1823,
      "native_traversal_sec": 0.0054083,
      "row_count": 1417
    },
    {
      "elapsed_sec": 0.005476213991641998,
      "is_warmup": false,
      "iteration": 1824,
      "native_traversal_sec": 0.005432547,
      "row_count": 1417
    },
    {
      "elapsed_sec": 0.005551248788833618,
      "is_warmup": false,
      "iteration": 1825,
      "native_traversal_sec": 0.005505986,
      "row_count": 1417
    },
    {
      "elapsed_sec": 0.005633465945720673,
      "is_warmup": false,
      "iteration": 1826,
      "native_traversal_sec": 0.005589626,
      "row_count": 1417
    },
    {
      "elapsed_sec": 0.005438290536403656,
      "is_warmup": false,
      "iteration": 1827,
      "native_traversal_sec": 0.005394003,
      "row_count": 1417
    },
    {
      "elapsed_sec": 0.005691453814506531,
      "is_warmup": false,
      "iteration": 1828,
      "native_traversal_sec": 0.005647415,
      "row_count": 1417
    },
    {
      "elapsed_sec": 0.005663283169269562,
      "is_warmup": false,
      "iteration": 1829,
      "native_traversal_sec": 0.005619132,
      "row_count": 1417
    },
    {
      "elapsed_sec": 0.005435153841972351,
      "is_warmup": false,
      "iteration": 1830,
      "native_traversal_sec": 0.005390737,
      "row_count": 1417
    },
    {
      "elapsed_sec": 0.005690835416316986,
      "is_warmup": false,
      "iteration": 1831,
      "native_traversal_sec": 0.005646033,
      "row_count": 1417
    },
    {
      "elapsed_sec": 0.005630142986774445,
      "is_warmup": false,
      "iteration": 1832,
      "native_traversal_sec": 0.005585026,
      "row_count": 1417
    },
    {
      "elapsed_sec": 0.0057057663798332214,
      "is_warmup": false,
      "iteration": 1833,
      "native_traversal_sec": 0.005661011,
      "row_count": 1417
    },
    {
      "elapsed_sec": 0.00560210645198822,
      "is_warmup": false,
      "iteration": 1834,
      "native_traversal_sec": 0.005557044,
      "row_count": 1417
    },
    {
      "elapsed_sec": 0.005695611238479614,
      "is_warmup": false,
      "iteration": 1835,
      "native_traversal_sec": 0.005651102,
      "row_count": 1417
    },
    {
      "elapsed_sec": 0.005718261003494263,
      "is_warmup": false,
      "iteration": 1836,
      "native_traversal_sec": 0.005673274,
      "row_count": 1417
    },
    {
      "elapsed_sec": 0.005283057689666748,
      "is_warmup": false,
      "iteration": 1837,
      "native_traversal_sec": 0.005238878,
      "row_count": 1417
    },
    {
      "elapsed_sec": 0.005909241735935211,
      "is_warmup": false,
      "iteration": 1838,
      "native_traversal_sec": 0.005854689,
      "row_count": 1417
    },
    {
      "elapsed_sec": 0.0056566521525382996,
      "is_warmup": false,
      "iteration": 1839,
      "native_traversal_sec": 0.005611557,
      "row_count": 1417
    },
    {
      "elapsed_sec": 0.00579456239938736,
      "is_warmup": false,
      "iteration": 1840,
      "native_traversal_sec": 0.005749299,
      "row_count": 1417
    },
    {
      "elapsed_sec": 0.005917713046073914,
      "is_warmup": false,
      "iteration": 1841,
      "native_traversal_sec": 0.00587105,
      "row_count": 1417
    },
    {
      "elapsed_sec": 0.005548074841499329,
      "is_warmup": false,
      "iteration": 1842,
      "native_traversal_sec": 0.005501869,
      "row_count": 1417
    },
    {
      "elapsed_sec": 0.005822606384754181,
      "is_warmup": false,
      "iteration": 1843,
      "native_traversal_sec": 0.005778474,
      "row_count": 1417
    },
    {
      "elapsed_sec": 0.005881592631340027,
      "is_warmup": false,
      "iteration": 1844,
      "native_traversal_sec": 0.005837286,
      "row_count": 1417
    },
    {
      "elapsed_sec": 0.005436830222606659,
      "is_warmup": false,
      "iteration": 1845,
      "native_traversal_sec": 0.005391859,
      "row_count": 1417
    },
    {
      "elapsed_sec": 0.005807943642139435,
      "is_warmup": false,
      "iteration": 1846,
      "native_traversal_sec": 0.005763806,
      "row_count": 1417
    },
    {
      "elapsed_sec": 0.005710385739803314,
      "is_warmup": false,
      "iteration": 1847,
      "native_traversal_sec": 0.005665519,
      "row_count": 1417
    },
    {
      "elapsed_sec": 0.005835108458995819,
      "is_warmup": false,
      "iteration": 1848,
      "native_traversal_sec": 0.005790637,
      "row_count": 1417
    },
    {
      "elapsed_sec": 0.005525365471839905,
      "is_warmup": false,
      "iteration": 1849,
      "native_traversal_sec": 0.005474757,
      "row_count": 1417
    },
    {
      "elapsed_sec": 0.0056626275181770325,
      "is_warmup": false,
      "iteration": 1850,
      "native_traversal_sec": 0.005617478,
      "row_count": 1417
    },
    {
      "elapsed_sec": 0.005599811673164368,
      "is_warmup": false,
      "iteration": 1851,
      "native_traversal_sec": 0.005553957,
      "row_count": 1417
    },
    {
      "elapsed_sec": 0.005411945283412933,
      "is_warmup": false,
      "iteration": 1852,
      "native_traversal_sec": 0.005367513,
      "row_count": 1417
    },
    {
      "elapsed_sec": 0.00557003915309906,
      "is_warmup": false,
      "iteration": 1853,
      "native_traversal_sec": 0.005525934,
      "row_count": 1417
    },
    {
      "elapsed_sec": 0.005641177296638489,
      "is_warmup": false,
      "iteration": 1854,
      "native_traversal_sec": 0.005596368,
      "row_count": 1417
    },
    {
      "elapsed_sec": 0.005741767585277557,
      "is_warmup": false,
      "iteration": 1855,
      "native_traversal_sec": 0.00569768,
      "row_count": 1417
    },
    {
      "elapsed_sec": 0.005388148128986359,
      "is_warmup": false,
      "iteration": 1856,
      "native_traversal_sec": 0.005343017,
      "row_count": 1417
    },
    {
      "elapsed_sec": 0.005612857639789581,
      "is_warmup": false,
      "iteration": 1857,
      "native_traversal_sec": 0.005569167,
      "row_count": 1417
    },
    {
      "elapsed_sec": 0.005506791174411774,
      "is_warmup": false,
      "iteration": 1858,
      "native_traversal_sec": 0.005461842,
      "row_count": 1417
    },
    {
      "elapsed_sec": 0.00572553277015686,
      "is_warmup": false,
      "iteration": 1859,
      "native_traversal_sec": 0.005591599,
      "row_count": 1417
    },
    {
      "elapsed_sec": 0.0055274441838264465,
      "is_warmup": false,
      "iteration": 1860,
      "native_traversal_sec": 0.005480167,
      "row_count": 1417
    },
    {
      "elapsed_sec": 0.005782030522823334,
      "is_warmup": false,
      "iteration": 1861,
      "native_traversal_sec": 0.005726796,
      "row_count": 1417
    },
    {
      "elapsed_sec": 0.005273148417472839,
      "is_warmup": false,
      "iteration": 1862,
      "native_traversal_sec": 0.005220674,
      "row_count": 1417
    },
    {
      "elapsed_sec": 0.005846068263053894,
      "is_warmup": false,
      "iteration": 1863,
      "native_traversal_sec": 0.005801658,
      "row_count": 1417
    },
    {
      "elapsed_sec": 0.005525656044483185,
      "is_warmup": false,
      "iteration": 1864,
      "native_traversal_sec": 0.005480888,
      "row_count": 1417
    },
    {
      "elapsed_sec": 0.0056116655468940735,
      "is_warmup": false,
      "iteration": 1865,
      "native_traversal_sec": 0.005567403,
      "row_count": 1417
    },
    {
      "elapsed_sec": 0.00583454966545105,
      "is_warmup": false,
      "iteration": 1866,
      "native_traversal_sec": 0.005789485,
      "row_count": 1417
    },
    {
      "elapsed_sec": 0.005854114890098572,
      "is_warmup": false,
      "iteration": 1867,
      "native_traversal_sec": 0.005808291,
      "row_count": 1417
    },
    {
      "elapsed_sec": 0.005810528993606567,
      "is_warmup": false,
      "iteration": 1868,
      "native_traversal_sec": 0.005748958,
      "row_count": 1417
    },
    {
      "elapsed_sec": 0.00554966926574707,
      "is_warmup": false,
      "iteration": 1869,
      "native_traversal_sec": 0.005505515,
      "row_count": 1417
    },
    {
      "elapsed_sec": 0.005750827491283417,
      "is_warmup": false,
      "iteration": 1870,
      "native_traversal_sec": 0.005705546,
      "row_count": 1417
    },
    {
      "elapsed_sec": 0.005719661712646484,
      "is_warmup": false,
      "iteration": 1871,
      "native_traversal_sec": 0.005654087,
      "row_count": 1417
    },
    {
      "elapsed_sec": 0.005613677203655243,
      "is_warmup": false,
      "iteration": 1872,
      "native_traversal_sec": 0.005568626,
      "row_count": 1417
    },
    {
      "elapsed_sec": 0.005760893225669861,
      "is_warmup": false,
      "iteration": 1873,
      "native_traversal_sec": 0.005713912,
      "row_count": 1417
    },
    {
      "elapsed_sec": 0.005544774234294891,
      "is_warmup": false,
      "iteration": 1874,
      "native_traversal_sec": 0.005498192,
      "row_count": 1417
    },
    {
      "elapsed_sec": 0.00545366108417511,
      "is_warmup": false,
      "iteration": 1875,
      "native_traversal_sec": 0.005407379,
      "row_count": 1417
    },
    {
      "elapsed_sec": 0.005366265773773193,
      "is_warmup": false,
      "iteration": 1876,
      "native_traversal_sec": 0.005306016,
      "row_count": 1417
    },
    {
      "elapsed_sec": 0.005622059106826782,
      "is_warmup": false,
      "iteration": 1877,
      "native_traversal_sec": 0.005576511,
      "row_count": 1417
    },
    {
      "elapsed_sec": 0.005659237504005432,
      "is_warmup": false,
      "iteration": 1878,
      "native_traversal_sec": 0.005614362,
      "row_count": 1417
    },
    {
      "elapsed_sec": 0.0055150315165519714,
      "is_warmup": false,
      "iteration": 1879,
      "native_traversal_sec": 0.005470338,
      "row_count": 1417
    },
    {
      "elapsed_sec": 0.005454696714878082,
      "is_warmup": false,
      "iteration": 1880,
      "native_traversal_sec": 0.005409292,
      "row_count": 1417
    },
    {
      "elapsed_sec": 0.00559428334236145,
      "is_warmup": false,
      "iteration": 1881,
      "native_traversal_sec": 0.00555003,
      "row_count": 1417
    },
    {
      "elapsed_sec": 0.0053331851959228516,
      "is_warmup": false,
      "iteration": 1882,
      "native_traversal_sec": 0.005289624,
      "row_count": 1417
    },
    {
      "elapsed_sec": 0.005764439702033997,
      "is_warmup": false,
      "iteration": 1883,
      "native_traversal_sec": 0.005720364,
      "row_count": 1417
    },
    {
      "elapsed_sec": 0.005718439817428589,
      "is_warmup": false,
      "iteration": 1884,
      "native_traversal_sec": 0.005673885,
      "row_count": 1417
    },
    {
      "elapsed_sec": 0.0053328052163124084,
      "is_warmup": false,
      "iteration": 1885,
      "native_traversal_sec": 0.005287721,
      "row_count": 1417
    },
    {
      "elapsed_sec": 0.005652487277984619,
      "is_warmup": false,
      "iteration": 1886,
      "native_traversal_sec": 0.005608371,
      "row_count": 1417
    },
    {
      "elapsed_sec": 0.0055704787373542786,
      "is_warmup": false,
      "iteration": 1887,
      "native_traversal_sec": 0.005525453,
      "row_count": 1417
    },
    {
      "elapsed_sec": 0.005759000778198242,
      "is_warmup": false,
      "iteration": 1888,
      "native_traversal_sec": 0.005715044,
      "row_count": 1417
    },
    {
      "elapsed_sec": 0.0053270310163497925,
      "is_warmup": false,
      "iteration": 1889,
      "native_traversal_sec": 0.005283393,
      "row_count": 1417
    },
    {
      "elapsed_sec": 0.005569286644458771,
      "is_warmup": false,
      "iteration": 1890,
      "native_traversal_sec": 0.005525643,
      "row_count": 1417
    },
    {
      "elapsed_sec": 0.005370572209358215,
      "is_warmup": false,
      "iteration": 1891,
      "native_traversal_sec": 0.005326796,
      "row_count": 1417
    },
    {
      "elapsed_sec": 0.005746729671955109,
      "is_warmup": false,
      "iteration": 1892,
      "native_traversal_sec": 0.005702409,
      "row_count": 1417
    },
    {
      "elapsed_sec": 0.005707018077373505,
      "is_warmup": false,
      "iteration": 1893,
      "native_traversal_sec": 0.005661712,
      "row_count": 1417
    },
    {
      "elapsed_sec": 0.005563065409660339,
      "is_warmup": false,
      "iteration": 1894,
      "native_traversal_sec": 0.005515564,
      "row_count": 1417
    },
    {
      "elapsed_sec": 0.0055395811796188354,
      "is_warmup": false,
      "iteration": 1895,
      "native_traversal_sec": 0.005494534,
      "row_count": 1417
    },
    {
      "elapsed_sec": 0.005775265395641327,
      "is_warmup": false,
      "iteration": 1896,
      "native_traversal_sec": 0.005730122,
      "row_count": 1417
    },
    {
      "elapsed_sec": 0.005664169788360596,
      "is_warmup": false,
      "iteration": 1897,
      "native_traversal_sec": 0.005618711,
      "row_count": 1417
    },
    {
      "elapsed_sec": 0.005630582571029663,
      "is_warmup": false,
      "iteration": 1898,
      "native_traversal_sec": 0.005582091,
      "row_count": 1417
    },
    {
      "elapsed_sec": 0.0058134570717811584,
      "is_warmup": false,
      "iteration": 1899,
      "native_traversal_sec": 0.005768064,
      "row_count": 1417
    },
    {
      "elapsed_sec": 0.005981095135211945,
      "is_warmup": false,
      "iteration": 1900,
      "native_traversal_sec": 0.005935994,
      "row_count": 1417
    },
    {
      "elapsed_sec": 0.00569520890712738,
      "is_warmup": false,
      "iteration": 1901,
      "native_traversal_sec": 0.00565014,
      "row_count": 1417
    },
    {
      "elapsed_sec": 0.005710430443286896,
      "is_warmup": false,
      "iteration": 1902,
      "native_traversal_sec": 0.005667172,
      "row_count": 1417
    },
    {
      "elapsed_sec": 0.005802080035209656,
      "is_warmup": false,
      "iteration": 1903,
      "native_traversal_sec": 0.005756883,
      "row_count": 1417
    },
    {
      "elapsed_sec": 0.006059214472770691,
      "is_warmup": false,
      "iteration": 1904,
      "native_traversal_sec": 0.006013691,
      "row_count": 1417
    },
    {
      "elapsed_sec": 0.005832955241203308,
      "is_warmup": false,
      "iteration": 1905,
      "native_traversal_sec": 0.005788022,
      "row_count": 1417
    },
    {
      "elapsed_sec": 0.005964487791061401,
      "is_warmup": false,
      "iteration": 1906,
      "native_traversal_sec": 0.005919121,
      "row_count": 1417
    },
    {
      "elapsed_sec": 0.0057684630155563354,
      "is_warmup": false,
      "iteration": 1907,
      "native_traversal_sec": 0.005721065,
      "row_count": 1417
    },
    {
      "elapsed_sec": 0.006020456552505493,
      "is_warmup": false,
      "iteration": 1908,
      "native_traversal_sec": 0.005952515,
      "row_count": 1417
    },
    {
      "elapsed_sec": 0.005893118679523468,
      "is_warmup": false,
      "iteration": 1909,
      "native_traversal_sec": 0.005836294,
      "row_count": 1417
    },
    {
      "elapsed_sec": 0.0065011754631996155,
      "is_warmup": false,
      "iteration": 1910,
      "native_traversal_sec": 0.006455952,
      "row_count": 1417
    },
    {
      "elapsed_sec": 0.006286129355430603,
      "is_warmup": false,
      "iteration": 1911,
      "native_traversal_sec": 0.00623894,
      "row_count": 1417
    },
    {
      "elapsed_sec": 0.006415456533432007,
      "is_warmup": false,
      "iteration": 1912,
      "native_traversal_sec": 0.006364759,
      "row_count": 1417
    },
    {
      "elapsed_sec": 0.006202913820743561,
      "is_warmup": false,
      "iteration": 1913,
      "native_traversal_sec": 0.006156813,
      "row_count": 1417
    },
    {
      "elapsed_sec": 0.006523750722408295,
      "is_warmup": false,
      "iteration": 1914,
      "native_traversal_sec": 0.006460942,
      "row_count": 1417
    },
    {
      "elapsed_sec": 0.006523847579956055,
      "is_warmup": false,
      "iteration": 1915,
      "native_traversal_sec": 0.006476341,
      "row_count": 1417
    },
    {
      "elapsed_sec": 0.006415471434593201,
      "is_warmup": false,
      "iteration": 1916,
      "native_traversal_sec": 0.006366502,
      "row_count": 1417
    },
    {
      "elapsed_sec": 0.006736643612384796,
      "is_warmup": false,
      "iteration": 1917,
      "native_traversal_sec": 0.006682192,
      "row_count": 1417
    },
    {
      "elapsed_sec": 0.0065574049949646,
      "is_warmup": false,
      "iteration": 1918,
      "native_traversal_sec": 0.006505326,
      "row_count": 1417
    },
    {
      "elapsed_sec": 0.0063248127698898315,
      "is_warmup": false,
      "iteration": 1919,
      "native_traversal_sec": 0.006274807,
      "row_count": 1417
    },
    {
      "elapsed_sec": 0.006333276629447937,
      "is_warmup": false,
      "iteration": 1920,
      "native_traversal_sec": 0.006285848,
      "row_count": 1417
    },
    {
      "elapsed_sec": 0.006681211292743683,
      "is_warmup": false,
      "iteration": 1921,
      "native_traversal_sec": 0.006630263,
      "row_count": 1417
    },
    {
      "elapsed_sec": 0.006845451891422272,
      "is_warmup": false,
      "iteration": 1922,
      "native_traversal_sec": 0.006794205,
      "row_count": 1417
    },
    {
      "elapsed_sec": 0.0067123547196388245,
      "is_warmup": false,
      "iteration": 1923,
      "native_traversal_sec": 0.006662384,
      "row_count": 1417
    },
    {
      "elapsed_sec": 0.006470993161201477,
      "is_warmup": false,
      "iteration": 1924,
      "native_traversal_sec": 0.006401548,
      "row_count": 1417
    },
    {
      "elapsed_sec": 0.005498811602592468,
      "is_warmup": false,
      "iteration": 1925,
      "native_traversal_sec": 0.005452855,
      "row_count": 1417
    },
    {
      "elapsed_sec": 0.005908705294132233,
      "is_warmup": false,
      "iteration": 1926,
      "native_traversal_sec": 0.005865269,
      "row_count": 1417
    },
    {
      "elapsed_sec": 0.006113968789577484,
      "is_warmup": false,
      "iteration": 1927,
      "native_traversal_sec": 0.006061182,
      "row_count": 1417
    },
    {
      "elapsed_sec": 0.00624462217092514,
      "is_warmup": false,
      "iteration": 1928,
      "native_traversal_sec": 0.006196408,
      "row_count": 1417
    },
    {
      "elapsed_sec": 0.006465882062911987,
      "is_warmup": false,
      "iteration": 1929,
      "native_traversal_sec": 0.006409894,
      "row_count": 1417
    },
    {
      "elapsed_sec": 0.006772637367248535,
      "is_warmup": false,
      "iteration": 1930,
      "native_traversal_sec": 0.006720785,
      "row_count": 1417
    },
    {
      "elapsed_sec": 0.00601060688495636,
      "is_warmup": false,
      "iteration": 1931,
      "native_traversal_sec": 0.005955621,
      "row_count": 1417
    },
    {
      "elapsed_sec": 0.006275355815887451,
      "is_warmup": false,
      "iteration": 1932,
      "native_traversal_sec": 0.006226135,
      "row_count": 1417
    },
    {
      "elapsed_sec": 0.005477651953697205,
      "is_warmup": false,
      "iteration": 1933,
      "native_traversal_sec": 0.005430883,
      "row_count": 1417
    },
    {
      "elapsed_sec": 0.005526430904865265,
      "is_warmup": false,
      "iteration": 1934,
      "native_traversal_sec": 0.00548136,
      "row_count": 1417
    },
    {
      "elapsed_sec": 0.0054100751876831055,
      "is_warmup": false,
      "iteration": 1935,
      "native_traversal_sec": 0.005363345,
      "row_count": 1417
    },
    {
      "elapsed_sec": 0.0058548226952552795,
      "is_warmup": false,
      "iteration": 1936,
      "native_traversal_sec": 0.005810114,
      "row_count": 1417
    },
    {
      "elapsed_sec": 0.005769975483417511,
      "is_warmup": false,
      "iteration": 1937,
      "native_traversal_sec": 0.005724622,
      "row_count": 1417
    },
    {
      "elapsed_sec": 0.005586028099060059,
      "is_warmup": false,
      "iteration": 1938,
      "native_traversal_sec": 0.005541594,
      "row_count": 1417
    },
    {
      "elapsed_sec": 0.005658425390720367,
      "is_warmup": false,
      "iteration": 1939,
      "native_traversal_sec": 0.005611477,
      "row_count": 1417
    },
    {
      "elapsed_sec": 0.006054244935512543,
      "is_warmup": false,
      "iteration": 1940,
      "native_traversal_sec": 0.005995687,
      "row_count": 1417
    },
    {
      "elapsed_sec": 0.005971178412437439,
      "is_warmup": false,
      "iteration": 1941,
      "native_traversal_sec": 0.005905045,
      "row_count": 1417
    },
    {
      "elapsed_sec": 0.005717076361179352,
      "is_warmup": false,
      "iteration": 1942,
      "native_traversal_sec": 0.005672012,
      "row_count": 1417
    },
    {
      "elapsed_sec": 0.005949348211288452,
      "is_warmup": false,
      "iteration": 1943,
      "native_traversal_sec": 0.005905085,
      "row_count": 1417
    },
    {
      "elapsed_sec": 0.006069056689739227,
      "is_warmup": false,
      "iteration": 1944,
      "native_traversal_sec": 0.006024452,
      "row_count": 1417
    },
    {
      "elapsed_sec": 0.005842551589012146,
      "is_warmup": false,
      "iteration": 1945,
      "native_traversal_sec": 0.005794485,
      "row_count": 1417
    },
    {
      "elapsed_sec": 0.006296403706073761,
      "is_warmup": false,
      "iteration": 1946,
      "native_traversal_sec": 0.006247586,
      "row_count": 1417
    },
    {
      "elapsed_sec": 0.00581030547618866,
      "is_warmup": false,
      "iteration": 1947,
      "native_traversal_sec": 0.00576044,
      "row_count": 1417
    },
    {
      "elapsed_sec": 0.006043009459972382,
      "is_warmup": false,
      "iteration": 1948,
      "native_traversal_sec": 0.005992551,
      "row_count": 1417
    },
    {
      "elapsed_sec": 0.005720816552639008,
      "is_warmup": false,
      "iteration": 1949,
      "native_traversal_sec": 0.005674667,
      "row_count": 1417
    },
    {
      "elapsed_sec": 0.005797281861305237,
      "is_warmup": false,
      "iteration": 1950,
      "native_traversal_sec": 0.005749028,
      "row_count": 1417
    },
    {
      "elapsed_sec": 0.006102539598941803,
      "is_warmup": false,
      "iteration": 1951,
      "native_traversal_sec": 0.006056953,
      "row_count": 1417
    },
    {
      "elapsed_sec": 0.006636925041675568,
      "is_warmup": false,
      "iteration": 1952,
      "native_traversal_sec": 0.006589426,
      "row_count": 1417
    },
    {
      "elapsed_sec": 0.006150446832180023,
      "is_warmup": false,
      "iteration": 1953,
      "native_traversal_sec": 0.006091339,
      "row_count": 1417
    },
    {
      "elapsed_sec": 0.006225131452083588,
      "is_warmup": false,
      "iteration": 1954,
      "native_traversal_sec": 0.006179367,
      "row_count": 1417
    },
    {
      "elapsed_sec": 0.006150916218757629,
      "is_warmup": false,
      "iteration": 1955,
      "native_traversal_sec": 0.006104514,
      "row_count": 1417
    },
    {
      "elapsed_sec": 0.0062044039368629456,
      "is_warmup": false,
      "iteration": 1956,
      "native_traversal_sec": 0.006153607,
      "row_count": 1417
    },
    {
      "elapsed_sec": 0.00580991804599762,
      "is_warmup": false,
      "iteration": 1957,
      "native_traversal_sec": 0.005761171,
      "row_count": 1417
    },
    {
      "elapsed_sec": 0.00631452351808548,
      "is_warmup": false,
      "iteration": 1958,
      "native_traversal_sec": 0.006261242,
      "row_count": 1417
    },
    {
      "elapsed_sec": 0.006052784621715546,
      "is_warmup": false,
      "iteration": 1959,
      "native_traversal_sec": 0.005987843,
      "row_count": 1417
    },
    {
      "elapsed_sec": 0.006362423300743103,
      "is_warmup": false,
      "iteration": 1960,
      "native_traversal_sec": 0.006312219,
      "row_count": 1417
    },
    {
      "elapsed_sec": 0.00579090416431427,
      "is_warmup": false,
      "iteration": 1961,
      "native_traversal_sec": 0.005743077,
      "row_count": 1417
    },
    {
      "elapsed_sec": 0.006350263953208923,
      "is_warmup": false,
      "iteration": 1962,
      "native_traversal_sec": 0.006302,
      "row_count": 1417
    },
    {
      "elapsed_sec": 0.006096094846725464,
      "is_warmup": false,
      "iteration": 1963,
      "native_traversal_sec": 0.006041424,
      "row_count": 1417
    },
    {
      "elapsed_sec": 0.006087169051170349,
      "is_warmup": false,
      "iteration": 1964,
      "native_traversal_sec": 0.00603952,
      "row_count": 1417
    },
    {
      "elapsed_sec": 0.0063081905245780945,
      "is_warmup": false,
      "iteration": 1965,
      "native_traversal_sec": 0.006253827,
      "row_count": 1417
    },
    {
      "elapsed_sec": 0.00616367906332016,
      "is_warmup": false,
      "iteration": 1966,
      "native_traversal_sec": 0.006113782,
      "row_count": 1417
    },
    {
      "elapsed_sec": 0.0057520195841789246,
      "is_warmup": false,
      "iteration": 1967,
      "native_traversal_sec": 0.005703763,
      "row_count": 1417
    },
    {
      "elapsed_sec": 0.005815774202346802,
      "is_warmup": false,
      "iteration": 1968,
      "native_traversal_sec": 0.005768635,
      "row_count": 1417
    },
    {
      "elapsed_sec": 0.005573689937591553,
      "is_warmup": false,
      "iteration": 1969,
      "native_traversal_sec": 0.005527898,
      "row_count": 1417
    },
    {
      "elapsed_sec": 0.005753643810749054,
      "is_warmup": false,
      "iteration": 1970,
      "native_traversal_sec": 0.005710185,
      "row_count": 1417
    },
    {
      "elapsed_sec": 0.005705244839191437,
      "is_warmup": false,
      "iteration": 1971,
      "native_traversal_sec": 0.005660369,
      "row_count": 1417
    },
    {
      "elapsed_sec": 0.005845509469509125,
      "is_warmup": false,
      "iteration": 1972,
      "native_traversal_sec": 0.005798752,
      "row_count": 1417
    },
    {
      "elapsed_sec": 0.0060138702392578125,
      "is_warmup": false,
      "iteration": 1973,
      "native_traversal_sec": 0.005967273,
      "row_count": 1417
    },
    {
      "elapsed_sec": 0.005787082016468048,
      "is_warmup": false,
      "iteration": 1974,
      "native_traversal_sec": 0.005740822,
      "row_count": 1417
    },
    {
      "elapsed_sec": 0.0059659406542778015,
      "is_warmup": false,
      "iteration": 1975,
      "native_traversal_sec": 0.00591817,
      "row_count": 1417
    },
    {
      "elapsed_sec": 0.005956791341304779,
      "is_warmup": false,
      "iteration": 1976,
      "native_traversal_sec": 0.005910165,
      "row_count": 1417
    },
    {
      "elapsed_sec": 0.005589529871940613,
      "is_warmup": false,
      "iteration": 1977,
      "native_traversal_sec": 0.00554482,
      "row_count": 1417
    },
    {
      "elapsed_sec": 0.005914308130741119,
      "is_warmup": false,
      "iteration": 1978,
      "native_traversal_sec": 0.005848648,
      "row_count": 1417
    },
    {
      "elapsed_sec": 0.005732342600822449,
      "is_warmup": false,
      "iteration": 1979,
      "native_traversal_sec": 0.005663215,
      "row_count": 1417
    },
    {
      "elapsed_sec": 0.005766168236732483,
      "is_warmup": false,
      "iteration": 1980,
      "native_traversal_sec": 0.005720855,
      "row_count": 1417
    },
    {
      "elapsed_sec": 0.005501799285411835,
      "is_warmup": false,
      "iteration": 1981,
      "native_traversal_sec": 0.005456572,
      "row_count": 1417
    },
    {
      "elapsed_sec": 0.005511142313480377,
      "is_warmup": false,
      "iteration": 1982,
      "native_traversal_sec": 0.005459528,
      "row_count": 1417
    },
    {
      "elapsed_sec": 0.005471430718898773,
      "is_warmup": false,
      "iteration": 1983,
      "native_traversal_sec": 0.005427788,
      "row_count": 1417
    },
    {
      "elapsed_sec": 0.0056379735469818115,
      "is_warmup": false,
      "iteration": 1984,
      "native_traversal_sec": 0.005586289,
      "row_count": 1417
    },
    {
      "elapsed_sec": 0.005447983741760254,
      "is_warmup": false,
      "iteration": 1985,
      "native_traversal_sec": 0.005402269,
      "row_count": 1417
    },
    {
      "elapsed_sec": 0.005545809864997864,
      "is_warmup": false,
      "iteration": 1986,
      "native_traversal_sec": 0.005502589,
      "row_count": 1417
    },
    {
      "elapsed_sec": 0.005696848034858704,
      "is_warmup": false,
      "iteration": 1987,
      "native_traversal_sec": 0.005652044,
      "row_count": 1417
    },
    {
      "elapsed_sec": 0.005618982017040253,
      "is_warmup": false,
      "iteration": 1988,
      "native_traversal_sec": 0.005574536,
      "row_count": 1417
    },
    {
      "elapsed_sec": 0.005431614816188812,
      "is_warmup": false,
      "iteration": 1989,
      "native_traversal_sec": 0.005388213,
      "row_count": 1417
    },
    {
      "elapsed_sec": 0.005585767328739166,
      "is_warmup": false,
      "iteration": 1990,
      "native_traversal_sec": 0.005541974,
      "row_count": 1417
    },
    {
      "elapsed_sec": 0.005570702254772186,
      "is_warmup": false,
      "iteration": 1991,
      "native_traversal_sec": 0.005527126,
      "row_count": 1417
    },
    {
      "elapsed_sec": 0.005498774349689484,
      "is_warmup": false,
      "iteration": 1992,
      "native_traversal_sec": 0.005448477,
      "row_count": 1417
    },
    {
      "elapsed_sec": 0.00565560907125473,
      "is_warmup": false,
      "iteration": 1993,
      "native_traversal_sec": 0.005611066,
      "row_count": 1417
    },
    {
      "elapsed_sec": 0.0055227130651474,
      "is_warmup": false,
      "iteration": 1994,
      "native_traversal_sec": 0.005478494,
      "row_count": 1417
    },
    {
      "elapsed_sec": 0.0053081512451171875,
      "is_warmup": false,
      "iteration": 1995,
      "native_traversal_sec": 0.005263746,
      "row_count": 1417
    },
    {
      "elapsed_sec": 0.0056512728333473206,
      "is_warmup": false,
      "iteration": 1996,
      "native_traversal_sec": 0.005607109,
      "row_count": 1417
    },
    {
      "elapsed_sec": 0.005512744188308716,
      "is_warmup": false,
      "iteration": 1997,
      "native_traversal_sec": 0.005467233,
      "row_count": 1417
    },
    {
      "elapsed_sec": 0.005651742219924927,
      "is_warmup": false,
      "iteration": 1998,
      "native_traversal_sec": 0.005606016,
      "row_count": 1417
    },
    {
      "elapsed_sec": 0.005565278232097626,
      "is_warmup": false,
      "iteration": 1999,
      "native_traversal_sec": 0.005519251,
      "row_count": 1417
    },
    {
      "elapsed_sec": 0.005784139037132263,
      "is_warmup": false,
      "iteration": 2000,
      "native_traversal_sec": 0.005737817,
      "row_count": 1417
    },
    {
      "elapsed_sec": 0.0055526867508888245,
      "is_warmup": false,
      "iteration": 2001,
      "native_traversal_sec": 0.005506898,
      "row_count": 1417
    },
    {
      "elapsed_sec": 0.005706802010536194,
      "is_warmup": false,
      "iteration": 2002,
      "native_traversal_sec": 0.005640071,
      "row_count": 1417
    },
    {
      "elapsed_sec": 0.00544428825378418,
      "is_warmup": false,
      "iteration": 2003,
      "native_traversal_sec": 0.005399053,
      "row_count": 1417
    },
    {
      "elapsed_sec": 0.005815587937831879,
      "is_warmup": false,
      "iteration": 2004,
      "native_traversal_sec": 0.005770919,
      "row_count": 1417
    },
    {
      "elapsed_sec": 0.005722559988498688,
      "is_warmup": false,
      "iteration": 2005,
      "native_traversal_sec": 0.005677092,
      "row_count": 1417
    },
    {
      "elapsed_sec": 0.005905456840991974,
      "is_warmup": false,
      "iteration": 2006,
      "native_traversal_sec": 0.00586041,
      "row_count": 1417
    },
    {
      "elapsed_sec": 0.005567759275436401,
      "is_warmup": false,
      "iteration": 2007,
      "native_traversal_sec": 0.005523269,
      "row_count": 1417
    },
    {
      "elapsed_sec": 0.005836859345436096,
      "is_warmup": false,
      "iteration": 2008,
      "native_traversal_sec": 0.005791929,
      "row_count": 1417
    },
    {
      "elapsed_sec": 0.0056540220975875854,
      "is_warmup": false,
      "iteration": 2009,
      "native_traversal_sec": 0.005609242,
      "row_count": 1417
    }
  ],
  "workload": "pip"
}
