{
  "boundary": "Measures repeated app summary phases with Python density/core conversion, but excludes full CLI JSON output and oracle work. Prepared mode reports run-only timing after one reusable Embree BVH prepare.",
  "cases": [
    {
      "copies": 512,
      "dbscan": {
        "one_shot": {
          "label": "one_shot_summary_plus_core_flags",
          "max_sec": 0.02150604105554521,
          "median_sec": 0.017585792113095522,
          "min_sec": 0.016693165991455317,
          "repeat_count": 3,
          "row_count": 4096,
          "samples_sec": [
            0.017585792113095522,
            0.02150604105554521,
            0.016693165991455317
          ]
        },
        "prepare_sec": 0.005562999984249473,
        "prepared_run_only": {
          "label": "prepared_summary_plus_core_flags",
          "max_sec": 0.011874082963913679,
          "median_sec": 0.011671666987240314,
          "min_sec": 0.011267708847299218,
          "repeat_count": 3,
          "row_count": 4096,
          "samples_sec": [
            0.011671666987240314,
            0.011267708847299218,
            0.011874082963913679
          ]
        },
        "prepared_speedup_vs_one_shot": 1.506707836363104
      },
      "dbscan_point_count": 4096,
      "outlier": {
        "one_shot": {
          "label": "one_shot_summary_plus_density",
          "max_sec": 0.01537891710177064,
          "median_sec": 0.014387625036761165,
          "min_sec": 0.014027291908860207,
          "repeat_count": 3,
          "row_count": 4096,
          "samples_sec": [
            0.014387625036761165,
            0.014027291908860207,
            0.01537891710177064
          ]
        },
        "prepare_sec": 0.004839958157390356,
        "prepared_run_only": {
          "label": "prepared_summary_plus_density",
          "max_sec": 0.013428332982584834,
          "median_sec": 0.01278524985536933,
          "min_sec": 0.01271874993108213,
          "repeat_count": 3,
          "row_count": 4096,
          "samples_sec": [
            0.01271874993108213,
            0.01278524985536933,
            0.013428332982584834
          ]
        },
        "prepared_speedup_vs_one_shot": 1.1253299856880699
      },
      "outlier_point_count": 4096
    }
  ],
  "copies": [
    512
  ],
  "embree_threads": {
    "auto": true,
    "effective_threads": 10,
    "requested": "auto",
    "source": "api"
  },
  "embree_version": [
    4,
    4,
    0
  ],
  "goal": 718,
  "host": "Rs-MacBook-Air.local",
  "platform": "macOS-26.3-arm64-arm-64bit-Mach-O",
  "python": "3.14.0",
  "repeats": 3,
  "valid": true,
  "warmups": 1
}
