{
  "boundary": "Measures repeated app summary phases with Python density/core conversion, but excludes full CLI JSON output and oracle work. Prepared mode reports run-only timing after one reusable Embree BVH prepare.",
  "cases": [
    {
      "copies": 512,
      "dbscan": {
        "one_shot": {
          "label": "one_shot_summary_plus_core_flags",
          "max_sec": 0.025419866999982332,
          "median_sec": 0.01942239499999232,
          "min_sec": 0.018912472000010894,
          "repeat_count": 3,
          "row_count": 4096,
          "samples_sec": [
            0.025419866999982332,
            0.01942239499999232,
            0.018912472000010894
          ]
        },
        "prepare_sec": 0.005923854000002393,
        "prepared_run_only": {
          "label": "prepared_summary_plus_core_flags",
          "max_sec": 0.012005329999965397,
          "median_sec": 0.01180226799999673,
          "min_sec": 0.011751153999966846,
          "repeat_count": 3,
          "row_count": 4096,
          "samples_sec": [
            0.011751153999966846,
            0.012005329999965397,
            0.01180226799999673
          ]
        },
        "prepared_speedup_vs_one_shot": 1.645649378576872
      },
      "dbscan_point_count": 4096,
      "outlier": {
        "one_shot": {
          "label": "one_shot_summary_plus_density",
          "max_sec": 0.025994430000082502,
          "median_sec": 0.019451419999995778,
          "min_sec": 0.019141966000006505,
          "repeat_count": 3,
          "row_count": 4096,
          "samples_sec": [
            0.019451419999995778,
            0.025994430000082502,
            0.019141966000006505
          ]
        },
        "prepare_sec": 0.006026888999940638,
        "prepared_run_only": {
          "label": "prepared_summary_plus_density",
          "max_sec": 0.011965885999984494,
          "median_sec": 0.01136609499997121,
          "min_sec": 0.011175664999996116,
          "repeat_count": 3,
          "row_count": 4096,
          "samples_sec": [
            0.011175664999996116,
            0.01136609499997121,
            0.011965885999984494
          ]
        },
        "prepared_speedup_vs_one_shot": 1.7113546913029538
      },
      "outlier_point_count": 4096
    }
  ],
  "copies": [
    512
  ],
  "embree_threads": {
    "auto": true,
    "effective_threads": 8,
    "requested": "auto",
    "source": "api"
  },
  "embree_version": [
    4,
    3,
    0
  ],
  "goal": 718,
  "host": "lx1",
  "platform": "Linux-6.17.0-20-generic-x86_64-with-glibc2.39",
  "python": "3.12.3",
  "repeats": 3,
  "valid": true,
  "warmups": 1
}
