{
  "goal": "Goal2820",
  "gpu": "NVIDIA RTX A5000, 570.211.01",
  "rows": [
    {
      "change_vs_goal2819": 0.9642812931485978,
      "claim_boundary": {
        "public_speedup_claim_authorized": false,
        "rtdl_beats_cupy_grid_claim_authorized": false,
        "rtdl_beats_rtnn_claim_authorized": false,
        "single_request_internal_delta_only": true,
        "v2_5_release_claim_authorized": false,
        "whole_app_speedup_claim_authorized": false
      },
      "distribution": "uniform",
      "elapsed_runs_sec": [
        0.00031072204001247883,
        0.00010283221490681171,
        7.71000050008297e-05,
        7.335213012993336e-05,
        7.59689137339592e-05,
        7.697008550167084e-05,
        7.023382931947708e-05,
        6.826408207416534e-05,
        6.766803562641144e-05,
        6.790785118937492e-05,
        6.82310201227665e-05
      ],
      "generated": {
        "dimension": 3,
        "format": "rtnn_csv_xyz",
        "path": "/tmp/goal2820_32768_3vv936pe/uniform_32768.csv",
        "point_count": 32768,
        "seed": 35587
      },
      "goal": "Goal2820",
      "goal2819_baseline_single_median_sec": 7.073208689689636e-05,
      "gpu": "NVIDIA RTX A5000, 570.211.01",
      "k_max": 50,
      "median_sec": 7.335213012993336e-05,
      "phase_summary": [
        {
          "candidate_count_pass": 3.9387e-05,
          "candidate_write_pass": 0.0,
          "count_download_and_prefix": 0.0,
          "emitted_count": 32768,
          "exact_refine": 0.0,
          "mode": "prepared_query_uniform_cell_ranked_summary_aggregate_f32_block_partials",
          "prepare": 0.0,
          "raw_candidate_count": 67798,
          "row_download": 1.154e-05,
          "row_offset_upload": 0.0,
          "upload": 0.0
        }
      ],
      "point_count": 32768,
      "radius": 0.02,
      "repeat": 11,
      "source_commit": "827b076644146d29c4aac8b8f36c0945f59b74ba",
      "source_dirty": [],
      "status": "pass",
      "summary": {
        "bounded_neighbor_count": 67798,
        "kth_id_checksum": 537484009,
        "nearest_id_checksum": 536854528,
        "row_count": 32768,
        "sum_distance": 524.3259755286854
      }
    },
    {
      "change_vs_goal2819": 1.0012726973503758,
      "claim_boundary": {
        "public_speedup_claim_authorized": false,
        "rtdl_beats_cupy_grid_claim_authorized": false,
        "rtdl_beats_rtnn_claim_authorized": false,
        "single_request_internal_delta_only": true,
        "v2_5_release_claim_authorized": false,
        "whole_app_speedup_claim_authorized": false
      },
      "distribution": "uniform",
      "elapsed_runs_sec": [
        0.00025223707780241966,
        0.00014719204045832157,
        0.00013093394227325916,
        0.00012732809409499168,
        0.00012837513349950314,
        0.00013690092600882053,
        0.00012626522220671177,
        0.00012569082900881767,
        0.00012374413199722767,
        0.00012686499394476414,
        0.0001262458972632885
      ],
      "generated": {
        "dimension": 3,
        "format": "rtnn_csv_xyz",
        "path": "/tmp/goal2820_65536_2uusofzj/uniform_65536.csv",
        "point_count": 65536,
        "seed": 68355
      },
      "goal": "Goal2820",
      "goal2819_baseline_single_median_sec": 0.00012749014422297478,
      "gpu": "NVIDIA RTX A5000, 570.211.01",
      "k_max": 50,
      "median_sec": 0.00012732809409499168,
      "phase_summary": [
        {
          "candidate_count_pass": 8.4474e-05,
          "candidate_write_pass": 0.0,
          "count_download_and_prefix": 0.0,
          "emitted_count": 65536,
          "exact_refine": 0.0,
          "mode": "prepared_query_uniform_cell_ranked_summary_aggregate_f32_block_partials",
          "prepare": 0.0,
          "raw_candidate_count": 204816,
          "row_download": 2.4274e-05,
          "row_offset_upload": 0.0,
          "upload": 0.0
        }
      ],
      "point_count": 65536,
      "radius": 0.02,
      "repeat": 11,
      "source_commit": "827b076644146d29c4aac8b8f36c0945f59b74ba",
      "source_dirty": [],
      "status": "pass",
      "summary": {
        "bounded_neighbor_count": 204816,
        "kth_id_checksum": 2146684760,
        "nearest_id_checksum": 2147450880,
        "row_count": 65536,
        "sum_distance": 2083.845113092786
      }
    }
  ],
  "source_commit": "827b076644146d29c4aac8b8f36c0945f59b74ba",
  "source_dirty": [],
  "status": "pass"
}