{
  "change_vs_goal2819": 1.0012726973503758,
  "claim_boundary": {
    "public_speedup_claim_authorized": false,
    "rtdl_beats_cupy_grid_claim_authorized": false,
    "rtdl_beats_rtnn_claim_authorized": false,
    "single_request_internal_delta_only": true,
    "v2_5_release_claim_authorized": false,
    "whole_app_speedup_claim_authorized": false
  },
  "distribution": "uniform",
  "elapsed_runs_sec": [
    0.00025223707780241966,
    0.00014719204045832157,
    0.00013093394227325916,
    0.00012732809409499168,
    0.00012837513349950314,
    0.00013690092600882053,
    0.00012626522220671177,
    0.00012569082900881767,
    0.00012374413199722767,
    0.00012686499394476414,
    0.0001262458972632885
  ],
  "generated": {
    "dimension": 3,
    "format": "rtnn_csv_xyz",
    "path": "/tmp/goal2820_65536_2uusofzj/uniform_65536.csv",
    "point_count": 65536,
    "seed": 68355
  },
  "goal": "Goal2820",
  "goal2819_baseline_single_median_sec": 0.00012749014422297478,
  "gpu": "NVIDIA RTX A5000, 570.211.01",
  "k_max": 50,
  "median_sec": 0.00012732809409499168,
  "phase_summary": [
    {
      "candidate_count_pass": 8.4474e-05,
      "candidate_write_pass": 0.0,
      "count_download_and_prefix": 0.0,
      "emitted_count": 65536,
      "exact_refine": 0.0,
      "mode": "prepared_query_uniform_cell_ranked_summary_aggregate_f32_block_partials",
      "prepare": 0.0,
      "raw_candidate_count": 204816,
      "row_download": 2.4274e-05,
      "row_offset_upload": 0.0,
      "upload": 0.0
    }
  ],
  "point_count": 65536,
  "radius": 0.02,
  "repeat": 11,
  "source_commit": "827b076644146d29c4aac8b8f36c0945f59b74ba",
  "source_dirty": [],
  "status": "pass",
  "summary": {
    "bounded_neighbor_count": 204816,
    "kth_id_checksum": 2146684760,
    "nearest_id_checksum": 2147450880,
    "row_count": 65536,
    "sum_distance": 2083.845113092786
  }
}