9.3498486,56.7408757,0
9.3501884,56.7406785,0
9.3505485,56.7405445,0
9.3508058,56.7404845,0
9.3510534,56.7404863,0
9.3514747,56.7405022,0
9.3521273,56.7405585,0
9.3524201,56.7405974,0
9.3525839,56.740629,0
9.3527255,56.7406626,0
9.3530759,56.7408002,0
9.353404,56.7409042,0
9.3537287,56.7409995,0
9.354179,56.7410594,0
9.354581,56.7411511,0
9.3547868,56.7412058,0
9.3551147,56.7412693,0
9.3553365,56.7412905,0
9.355581,56.7412975,0
8.5856624,57.0106364,0
8.5851822,57.0099725,0
8.5834239,57.0089128,0
8.5831331,57.0085517,0
8.5825621,57.0078424,0
8.5825197,57.0077898,0
8.5818832,57.0069995,0
8.5812759,57.0062707,0
8.5617847,57.0231006,0
8.5610765,57.0227781,0
8.560503,57.0228637,0
8.5595327,57.0230085,0
8.5052981,57.0427326,0
8.5053563,57.045265,0
8.5038165,57.0452699,0
8.5038165,57.0452699,0
8.5058627,57.0443316,0
8.5064511,57.0444156,0
8.5066534,57.0444345,0
8.5069191,57.0444476,0
8.5070322,57.0444408,0
8.5071685,57.0444222,0
8.5073621,57.0443894,0
8.5075176,57.0443477,0
8.5076101,57.0443768,0
8.5076473,57.0444173,0
8.5076518,57.0445107,0
8.5075176,57.0443477,0
8.5075775,57.0443127,0
8.5076333,57.0442689,0
8.507658,57.044215,0
8.5076612,57.0441594,0
8.5077825,57.0434855,0
8.5078162,57.0434553,0
8.5109209,57.0415404,0
8.5105537,57.0412931,0
8.5104987,57.0407147,0
8.5108529,57.0405045,0
8.5090345,57.0402727,0
8.5093407,57.0400268,0
8.5103032,57.0398273,0
8.5120992,57.0395103,0
8.5135412,57.0392283,0
8.5138592,57.0391655,0
8.5147731,57.0389894,0
8.5138592,57.0391655,0
8.5135412,57.0392283,0
8.5135308,57.039077,0
8.5133852,57.0388947,0
8.5128028,57.0385506,0
8.5126942,57.038338,0
8.5125974,57.0381735,0
9.9801245,56.6303015,0
9.982581,56.6305181,0
9.9867007,56.6312617,0
9.9930909,56.6332391,0
9.9934128,56.6333452,0
9.9953483,56.633563,0
9.9959662,56.6336758,0
9.9971721,56.6339171,0
9.9977471,56.6340534,0
9.9987815,56.6342829,0
9.999189,56.6342829,0
9.99979,56.6342356,0
10.0000475,56.6340941,0
9.9928806,56.634814,0
9.9931595,56.6347078,0
9.9933096,56.6345307,0
9.9938677,56.6341767,0
9.9945973,56.6338817,0
9.9952796,56.6336639,0
8.5040581,57.0349732,0
8.504651,57.0347101,0
8.5050406,57.034391,0
8.505441,57.0341125,0
8.5058769,57.0340657,0
8.506144,57.0341627,0
8.5047652,57.0361494,0
8.5054694,57.0358438,0
8.506267,57.035632,0
8.5059781,57.0352725,0
8.506267,57.035632,0
8.507655,57.0353607,0
8.5078432,57.035027,0
8.507655,57.0353607,0
8.5079715,57.0354688,0
8.5095782,57.0384223,0
8.5034799,57.034004,0
8.5031724,57.0340392,0
8.5022901,57.0342288,0
8.5031724,57.0340392,0
8.5001263,57.0330286,0
8.4964619,57.0337013,0
8.4956918,57.0338587,0
8.4937439,57.0346384,0
8.4928182,57.0349844,0
8.4924457,57.0350524,0
8.493561,57.0383121,0
8.4945638,57.038257,0
8.4950533,57.0382219,0
8.4951614,57.0385264,0
8.4952613,57.0387225,0
8.4955789,57.0387604,0
8.4950533,57.0382219,0
8.4951316,57.0377045,0
8.4934561,57.0388635,0
8.4932023,57.0388068,0
8.4915196,57.0348166,0
8.4891618,57.0355816,0
8.4888485,57.0356551,0
8.4882028,57.0357096,0
8.4868158,57.0359197,0
8.4860267,57.0360844,0
8.4855818,57.036193,0
8.4842823,57.0365102,0
8.4868158,57.0359197,0
8.5130168,57.0380911,0
8.5121478,57.0371778,0
8.4945638,57.038257,0
8.4936964,57.0374783,0
8.4935132,57.0374882,0
8.491621,57.0379374,0
8.4900758,57.0383087,0
8.4885555,57.0387995,0
8.4884066,57.0389429,0
8.4885659,57.0393508,0
8.4884962,57.0394419,0
8.4881143,57.0395223,0
9.502717,56.614923,0
9.8600316,57.0699237,0
9.8592863,57.0697554,0
9.8592865,57.0694573,0
9.8733289,57.0626141,0
9.9849413,56.6287241,0
10.002794,56.6391678,0
10.001571,56.6408315,0
10.0011632,56.6410793,0
10.00097,56.6412209,0
10.0006912,56.6414215,0
10.0005366,56.6414993,0
10.0002834,56.6414569,0
10.0000904,56.6415277,0
9.9997471,56.642153,0
9.9995969,56.6422592,0
9.9993778,56.6422309,0
9.9971463,56.6415701,0
9.9967001,56.6411973,0
9.9964641,56.6411383,0
9.9888895,56.6423181,0
9.9879453,56.6421766,0
10.0014851,56.6341059,0
10.0014208,56.6366785,0
10.0015925,56.6369145,0
10.0019142,56.6373512,0
10.0019572,56.63754,0
10.0020216,56.6377406,0
10.0025794,56.6389907,0
10.002794,56.6391678,0
10.0032661,56.6392976,0
10.0058839,56.6400173,0
10.0074289,56.6404421,0
10.008652,56.6409023,0
10.0090596,56.6411973,0
10.0092314,56.6413742,0
8.5035903,57.034136,0
10.0003907,56.6305417,0
9.9999143,56.6317521,0
10.0002406,56.632135,0
10.0002406,56.6323711,0
10.0000861,56.633416,0
10.0677356,56.8033692,0
10.067993,56.8033868,0
10.0681969,56.8034103,0
10.0683996,56.8034556,0
10.0685187,56.8035807,0
10.0685928,56.8036788,0
10.0686249,56.8037728,0
10.0685401,56.8039214,0
10.0684329,56.8040565,0
10.068421,56.8041311,0
10.068539,56.8042074,0
10.0687333,56.8042914,0
10.0689588,56.8043089,0
10.0692217,56.804353,0
10.0696508,56.8044381,0
10.07008,56.8045351,0
10.0706219,56.8046555,0
10.0709853,56.8047449,0
10.0712535,56.8048066,0
10.0714211,56.8048523,0
10.0884102,56.8043354,0
10.0881367,56.8043265,0
10.0878578,56.8042795,0
10.0877129,56.8042678,0
10.0876109,56.804306,0
10.0867793,56.805005,0
10.0861249,56.8055424,0
10.0781801,56.8034219,0
9.5685446,57.0522153,0
9.5693017,57.05361,0
9.5679435,57.0536799,0
9.4459406,56.6202037,0
9.446005,56.6200946,0
9.4461132,56.6200191,0
9.4462142,56.6199618,0
9.4463062,56.6198805,0
9.4463161,56.6198231,0
9.4463216,56.619764,0
9.4462634,56.6196739,0
9.4421319,56.6170456,0
9.4419442,56.6179695,0
9.441886,56.6182689,0
9.4418209,56.618368,0
9.4416707,56.6184329,0
9.4413433,56.6185184,0
9.4393218,56.6190541,0
9.4379377,56.6194466,0
9.437675,56.6195351,0
9.4376365,56.6195781,0
9.9780988,57.0303709,0
9.9776683,57.0303905,0
9.977128,57.0304105,0
9.9770036,57.0304165,0
9.9768982,57.0304215,0
9.975305,57.0304977,0
9.9744942,57.0305612,0
9.973836,57.0306556,0
9.9732702,57.0307863,0
9.9793703,57.0301985,0
9.9795632,57.0301891,0
9.9812198,57.0301097,0
9.9872421,57.0298284,0
9.9881274,57.0297892,0
9.9893175,57.0297452,0
9.9894907,57.0297329,0
9.9902474,57.0296839,0
9.9916817,57.0295407,0
9.9925348,57.0294118,0
9.9932084,57.0293025,0
9.9943455,57.0290611,0
9.9951495,57.0288719,0
9.9959852,57.0286286,0
9.996861,57.0283436,0
9.9973383,57.0281685,0
9.9991384,57.0275088,0
10.0029041,57.0261591,0
10.0042653,57.0256654,0
10.0071281,57.0246463,0
9.9543467,57.0338543,0
9.9542176,57.0338378,0
9.59544,57.0861845,0
9.5928221,57.0851818,0
9.5910626,57.0842022,0
10.2381461,57.2836706,0
10.2382666,57.2825106,0
10.2385707,57.2818859,0
10.2391385,57.2808065,0
10.2252264,57.5103628,0
10.2246588,57.5089472,0
10.2243614,57.508243,0
10.1645493,57.5223522,0
10.1642051,57.5232502,0
10.1640715,57.5236813,0
10.1639376,57.5241277,0
10.1640333,57.5244818,0
10.1641862,57.5250103,0
10.1644059,57.5252463,0
10.1646257,57.5253798,0
10.1648742,57.5255747,0
10.1649794,57.5258416,0
10.1651416,57.5261648,0
10.1653234,57.5264163,0
10.165266,57.526524,0
10.1651416,57.5265599,0
10.1648359,57.5265599,0
10.1642434,57.5264778,0
10.1692108,57.5170876,0
10.1666562,57.5167911,0
10.1667589,57.5166326,0
10.1673366,57.5161361,0
10.1678886,57.5158121,0
10.1689797,57.5152605,0
10.1693905,57.5150399,0
10.1695701,57.5148675,0
10.1695575,57.5145917,0
10.1848471,57.5264801,0
10.1773496,57.5201786,0
10.1780639,57.5202144,0
10.1856244,57.5252218,0
10.1857515,57.5251974,0
10.1811448,57.5228426,0
10.1811577,57.5226841,0
10.1812475,57.5226082,0
10.1814144,57.5225669,0
10.2350543,57.5386777,0
10.2120614,57.529786,0
10.2108181,57.5297171,0
10.2271341,57.5467577,0
10.2231404,57.5465945,0
10.2233566,57.5479071,0
10.2150774,57.2935475,0
10.2162534,57.2935809,0
10.2193322,57.2936683,0
10.2210616,57.2941444,0
10.2225382,57.2940717,0
10.2232276,57.2941195,0
10.2238959,57.2942008,0
10.2241704,57.2943654,0
10.2245566,57.2945057,0
10.2252272,57.2947022,0
10.2259278,57.2948697,0
10.226599,57.2948787,0
10.2266875,57.2950342,0
10.2268675,57.2953502,0
10.2283105,57.2961933,0
10.2286125,57.2965741,0
10.2286797,57.296973,0
10.2278407,57.2987226,0
10.227891,57.299176,0
10.1562097,57.5174955,0
10.1557013,57.5175394,0
10.2300888,57.541301,0
10.2302733,57.5409971,0
10.2302601,57.540891,0
10.2301548,57.5407355,0
10.2299176,57.5405093,0
10.2295752,57.5402618,0
10.2292195,57.5400427,0
10.2288507,57.5398377,0
10.2286927,57.5396963,0
10.2286267,57.5394559,0
10.228561,57.5391872,0
10.2286135,57.5388479,0
10.2763053,57.309861,0
10.2762039,57.3095667,0
10.2760518,57.309334,0
10.2755575,57.3092039,0
10.2751648,57.3091286,0
10.2747593,57.308937,0
10.2744678,57.3087248,0
10.2742016,57.3084853,0
10.2738215,57.3082731,0
10.271984,57.307705,0
10.2717939,57.3075407,0
10.2716419,57.3069658,0
10.2716547,57.3064593,0
10.2720094,57.3055558,0
10.2719588,57.3053847,0
10.2716799,57.3052751,0
10.2710718,57.3050972,0
10.2709449,57.3049808,0
10.2709577,57.3048576,0
10.2713504,57.3043648,0
10.2713504,57.3042552,0
10.2711984,57.3041663,0
10.2691835,57.3038787,0
10.2690569,57.3038035,0
10.2691328,57.3035364,0
10.2693103,57.3033654,0
10.2697159,57.3032695,0
10.2699439,57.3030642,0
9.7291404,56.9949283,0
9.7272534,56.994777,0
9.7253545,56.9946952,0
9.7235545,56.9946069,0
9.7232731,56.9946367,0
9.7231147,56.9946771,0
9.722396,56.9946303,0
9.7219131,56.9946185,0
9.7212265,56.9946128,0
9.7233893,57.0090004,0
9.7196387,57.0087063,0
9.717804,57.0085778,0
9.7168492,57.0084902,0
9.7167391,57.0087653,0
9.7163421,57.009367,0
9.6732155,57.0067667,0
9.6724965,57.0059662,0
9.6717563,57.0052886,0
9.6714559,57.0050315,0
9.6714131,57.0049264,0
9.6713701,57.0048387,0
9.6714238,57.0041493,0
9.6714559,57.0039857,0
9.6715633,57.0038688,0
9.6717456,57.0037812,0
9.6741704,57.0029048,0
9.6743634,57.0028639,0
9.6772602,57.002227,0
10.2067775,57.5398684,0
10.2066516,57.5396785,0
10.2075862,57.5217021,0
9.7196815,57.0031093,0
9.7153041,57.0027938,0
10.2103786,57.5215005,0
9.7124504,57.0067841,0
9.7120399,57.0074333,0
9.7114714,57.0082687,0
9.6770349,57.020721,0
10.1844401,57.5084343,0
10.1842446,57.5084593,0
10.182661,57.5084893,0
10.181824,57.5085091,0
10.1815137,57.5085268,0
10.1810387,57.5085519,0
10.180652,57.5086044,0
9.6738914,57.0141214,0
9.6737733,57.0135724,0
9.6738056,57.0134497,0
9.6738881,57.013386,0
9.6741778,57.0133393,0
9.6767421,57.0129421,0
9.681326,57.0122289,0
9.6826026,57.033818,0
9.6826886,57.0335495,0
9.6827422,57.0333743,0
9.6829568,57.0332225,0
9.6831579,57.0331592,0
9.6841234,57.0319098,0
9.6854002,57.0302225,0
9.6854753,57.0300824,0
9.6853921,57.0299706,0
9.6846411,57.0295969,0
9.6837185,57.0292641,0
9.6831713,57.029124,0
9.682946,57.0289955,0
9.683072,57.0288853,0
9.2697465,56.857276,0
9.2695587,56.8570179,0
9.2694151,56.8568306,0
9.6846564,57.0118535,0
9.6883078,57.0112597,0
9.6914914,57.0107334,0
9.6918134,57.010675,0
9.6919583,57.0106224,0
9.693943,57.0096118,0
9.6956758,57.0087472,0
9.6971374,57.008,0
9.6990071,57.0070851,0
9.6995112,57.0070063,0
9.6998923,57.0069331,0
9.7000853,57.0068105,0
9.7002516,57.0066411,0
9.7004448,57.006387,0
9.7005574,57.0062468,0
10.0850361,56.8073163,0
10.0851258,56.8071062,0
10.0854101,56.8065717,0
10.0855819,56.8062427,0
10.0859801,56.8071871,0
10.0860539,56.8070269,0
10.0792852,56.7979086,0
10.0789793,56.7977131,0
10.0788991,56.7976619,0
10.0785612,56.797418,0
10.0783681,56.7972741,0
10.0782125,56.7971478,0
10.0781213,56.7970419,0
10.0780836,56.7969157,0
10.0781051,56.7968011,0
10.0782125,56.7966366,0
10.0782808,56.7965351,0
10.0783131,56.7964499,0
10.0783185,56.7963648,0
10.0782446,56.7963105,0
10.0780623,56.796243,0
10.0778317,56.7962019,0
10.0776868,56.7961842,0
10.0789793,56.7977131,0
10.0789688,56.7978175,0
10.0788724,56.7980026,0
10.0788347,56.7981319,0
10.0788187,56.7982317,0
10.0788938,56.798311,0
10.0789903,56.798361,0
10.0791084,56.7984021,0
10.0791835,56.7984403,0
10.0792102,56.7984844,0
10.0791727,56.7985255,0
10.0788401,56.7987194,0
10.0787812,56.7987781,0
10.0787436,56.7988163,0
10.0787222,56.7988692,0
10.0787222,56.7989426,0
10.0787436,56.7990102,0
10.0787919,56.7990777,0
10.0788508,56.7991394,0
10.0789367,56.7991776,0
10.0790118,56.7992128,0
10.0791244,56.7992452,0
10.0797198,56.7994066,0
10.0800953,56.7995006,0
10.080444,56.799583,0
10.0806801,56.7996388,0
10.1569443,57.2120727,0
8.6901193,56.6076007,0
8.6924421,56.6075125,0
8.6944446,56.6076007,0
8.6959665,56.6074905,0
8.6967674,56.6073142,0
8.7314305,56.6005079,0
8.7315872,56.6011867,0
8.7317643,56.6019541,0
8.7318845,56.6024752,0
8.731933,56.6026852,0
8.7321248,56.6035164,0
8.7325639,56.605419,0
8.7326621,56.6063729,0
8.7327324,56.6121522,0
8.7328726,56.613541,0
8.7332702,56.6149412,0
8.7335179,56.6158134,0
8.7340649,56.6175108,0
8.7343315,56.618072,0
8.7345654,56.6182467,0
8.7542087,56.6388329,0
8.7546688,56.6387767,0
8.7557011,56.6384063,0
8.7563746,56.6381595,0
10.3069605,57.5026824,0
10.3074067,57.5024298,0
10.3103248,57.501323,0
10.3120414,57.5006774,0
10.31223,57.5006488,0
10.3128784,57.5005506,0
10.3138654,57.5002854,0
10.3145091,57.5000202,0
10.3150241,57.4995706,0
10.3154747,57.4992478,0
9.6004835,57.1578794,0
9.6041528,57.1547838,0
9.6054189,57.1460193,0
9.6064917,57.138976,0
9.6067707,57.1383239,0
9.6069198,57.1382698,0
9.6072427,57.1382657,0
9.6135095,57.1491603,0
9.6026937,57.1406292,0
9.6055474,57.1409436,0
9.6058039,57.1410175,0
9.605718,57.1412154,0
9.5871798,57.1542018,0
9.5867506,57.1542251,0
9.5864715,57.1543764,0
9.5854418,57.1543764,0
9.5851198,57.1544463,0
9.5838955,57.1545317,0
9.5833163,57.1546831,0
9.5814721,57.1547954,0
9.5797125,57.154842,0
9.6149621,57.1469162,0
9.6135095,57.1491603,0
9.6153097,57.1495271,0
9.6152882,57.1496435,0
9.5955267,57.1461124,0
9.6119849,57.1448901,0
9.6028653,57.1480215,0
8.8356793,56.7575165,0
8.835674,56.7575989,0
8.8356335,56.7576834,0
8.8354189,56.7576893,0
8.8351346,56.7576511,0
10.0120101,56.6563119,0
10.0118448,56.6562718,0
10.0117419,56.6562323,0
10.0117097,56.6561763,0
10.0117527,56.6560849,0
10.0118342,56.6560418,0
10.0120326,56.655968,0
10.0120638,56.6559021,0
10.0120701,56.6558502,0
10.0120326,56.6557646,0
10.0119897,56.6556703,0
9.9695346,56.6006224,0
9.969642,56.6005043,0
9.9699639,56.6004452,0
9.970393,56.6005279,0
9.970393,56.6003625,0
9.9708006,56.6001735,0
9.9710582,56.6000554,0
9.9718671,56.5999568,0
9.9724701,56.6000619,0
9.9727919,56.6002509,0
9.980164,56.6078754,0
9.9794323,56.6077699,0
9.9784182,56.6076739,0
9.9773024,56.6075323,0
9.9762724,56.6073906,0
9.9758002,56.6072961,0
9.9742124,56.6068945,0
9.972925,56.6063277,0
9.9725843,56.605878,0
10.0122354,56.6548995,0
10.0123105,56.654699,0
10.0123963,56.6546458,0
10.0126323,56.6545987,0
10.0140057,56.6545575,0
9.9669812,56.6105194,0
9.9676249,56.6094212,0
9.9672173,56.6071065,0
9.9673459,56.6061617,0
9.9674319,56.6060909,0
9.9676892,56.6060082,0
9.969084,56.6059254,0
9.9697278,56.6057838,0
9.9714014,56.6058783,0
9.9724314,56.6059019,0
10.0093172,56.603965,0
10.0221703,56.6098581,0
10.0226209,56.6098227,0
10.0249169,56.609492,0
10.0264618,56.6091023,0
10.0271485,56.6088189,0
10.0279639,56.6084764,0
10.0287579,56.6082521,0
10.0294015,56.608134,0
10.03041,56.6078978,0
9.9654147,56.6024538,0
9.970393,56.6005279,0
9.9706247,56.6008887,0
9.9706247,56.6011013,0
9.9706934,56.602087,0
9.9713113,56.6030384,0
10.0119187,56.6554393,0
10.0114307,56.6552416,0
10.0110338,56.6550823,0
10.0104394,56.654942,0
10.0094994,56.6546282,0
10.0088773,56.6544277,0
10.00818,56.6542036,0
10.0076176,56.6540868,0
10.0073753,56.6539028,0
10.0067422,56.6529238,0
10.0065598,56.6526525,0
10.0064525,56.6523163,0
10.0066027,56.6520804,0
10.0070964,56.6514905,0
10.0075148,56.6510306,0
10.0078687,56.6506531,0
10.0078366,56.6503995,0
10.0075148,56.6499925,0
10.0071928,56.6496504,0
10.0068495,56.6492788,0
10.0063023,56.648748,0
10.005967,56.6484342,0
10.0057553,56.6478868,0
10.0058839,56.6476509,0
10.0062488,56.6474149,0
10.0065276,56.6472968,0
10.0071714,56.6469784,0
10.0075792,56.6465773,0
10.0079224,56.6461998,0
10.0080726,56.6456925,0
10.0152395,56.6104722,0
10.0154969,56.6104013,0
10.0154969,56.6103305,0
10.015325,56.6098812,0
10.0154969,56.6098227,0
10.0209044,56.6099408,0
10.0212477,56.6099053,0
10.021548,56.6098227,0
10.0221703,56.6098581,0
9.9762359,56.6450123,0
9.9760749,56.6456052,0
9.9765041,56.6456376,0
9.9766222,56.6456553,0
9.9766757,56.6457231,0
10.0146815,56.6155378,0
10.0149391,56.6154079,0
10.0161193,56.6154669,0
10.0186083,56.6155732,0
10.0220631,56.6154315,0
10.0226854,56.6154315,0
10.0231789,56.6153607,0
10.0234577,56.6153607,0
9.8515796,57.0679596,0
9.8515549,57.0681086,0
9.8515459,57.0685493,0
9.8514678,57.0699865,0
9.8514451,57.070967,0
9.8514044,57.0711009,0
9.8513358,57.0711824,0
9.8512419,57.07129,0
9.8511174,57.0713343,0
9.8509904,57.0713619,0
9.8506956,57.0713785,0
9.9122694,57.0254074,0
9.9122475,57.0254663,0
9.912351,57.0257797,0
9.9125015,57.0261926,0
9.912664,57.0266959,0
9.9126724,57.026722,0
9.9127405,57.0269364,0
9.912828,57.0271983,0
9.9128418,57.027305,0
9.9129619,57.0280875,0
9.9129848,57.0282608,0
9.9130249,57.0285665,0
9.9130658,57.0289184,0
9.913118,57.0290871,0
9.9132087,57.0293908,0
9.9132758,57.0296325,0
9.9133112,57.0298652,0
10.1384109,56.5982916,0
10.1387713,56.5981891,0
10.1472686,56.597563,0
10.1474831,56.5975157,0
10.1475046,56.5972913,0
10.1476548,56.597185,0
10.1479338,56.5971377,0
10.1074173,56.6466552,0
10.18534,56.5839788,0
10.184429,56.5853927,0
10.1822571,56.5872577,0
10.1787039,56.592082,0
10.1782748,56.592342,0
10.1779273,56.5923715,0
10.1741079,56.5916863,0
10.1738503,56.591828,0
10.1661298,56.5985322,0
10.1637695,56.6005875,0
10.1630856,56.6014571,0
10.1723226,56.585128,0
10.1439856,56.6330202,0
10.1250599,56.6473559,0
10.1611087,56.5927785,0
10.1588987,56.5924949,0
10.1586377,56.5909626,0
10.1441358,56.6342356,0
10.1441786,56.6340587,0
10.1443288,56.6339879,0
10.1738976,56.5877745,0
10.1738332,56.5876271,0
10.1733397,56.5876623,0
10.1729748,56.5877391,0
10.1728891,56.5877214,0
10.1724598,56.5873196,0
10.1716338,56.5868411,0
10.1712583,56.5866933,0
10.1711467,56.5865583,0
10.1709149,56.5863863,0
10.170417,56.586263,0
10.1703784,56.5861501,0
10.1498433,56.6321586,0
10.1586377,56.5909626,0
10.0663087,56.6642929,0
10.0644634,56.6647175,0
10.0639912,56.6646703,0
10.1437279,56.6328904,0
10.1439856,56.6330202,0
10.1410458,56.6330376,0
10.1423762,56.6301404,0
10.1786611,56.5955554,0
10.0678537,56.6624062,0
10.0660513,56.6625949,0
10.0652788,56.6627364,0
10.1386641,56.6368673,0
10.1388356,56.6370915,0
10.1387455,56.6372396,0
10.1377842,56.638507,0
10.1377842,56.6387312,0
10.1381276,56.6388728,0
10.1384494,56.639156,0
10.1389387,56.6392928,0
10.1395866,56.639333,0
10.1404019,56.6393684,0
10.1422046,56.6396634,0
10.1436636,56.6405365,0
10.1447967,56.640992,0
10.1454188,56.6414049,0
10.1456164,56.6416692,0
10.1703784,56.5861501,0
10.1723226,56.585128,0
10.1731465,56.5861147,0
10.1522681,56.6326897,0
10.1520322,56.6326425,0
10.1519892,56.6325009,0
10.1519205,56.6322477,0
10.151839,56.6321704,0
10.1498433,56.6321586,0
10.1499722,56.6319462,0
10.1373337,56.6038002,0
10.1362607,56.6436278,0
10.1364325,56.6433919,0
10.0681541,56.6612976,0
10.1321839,56.6445481,0
10.1050184,56.6471908,0
10.1063058,56.6470728,0
10.1069496,56.6470019,0
10.1073358,56.6468369,0
10.1074173,56.6466552,0
10.0611438,56.6786127,0
9.4923909,56.5953711,0
9.4929059,56.5953946,0
9.4931525,56.595442,0
9.4933779,56.5954892,0
9.493689,56.5955127,0
9.4943435,56.5955069,0
9.4992787,56.5997832,0
9.49341,56.5976569,0
9.4933886,56.5973556,0
9.4933992,56.5969304,0
9.4933565,56.5967769,0
9.4933565,56.5966764,0
9.4933886,56.5966056,0
9.4934959,56.5965583,0
9.4936246,56.5965347,0
9.4937427,56.5965288,0
9.5129365,56.6361174,0
9.5126361,56.6356395,0
9.509632,56.6349255,0
9.5085592,56.6346541,0
9.5083982,56.6345892,0
9.508291,56.634542,0
9.5081323,56.634505,0
9.5078081,56.6344712,0
9.5071645,56.6342942,0
10.1855629,57.5353036,0
10.1856946,57.5339672,0
10.1635392,57.526395,0
10.1632825,57.5278753,0
10.1790954,57.5309762,0
10.179135,57.5314358,0
10.1790822,57.5325248,0
10.183113,57.5352965,0
10.1826123,57.5352824,0
10.1823753,57.535254,0
10.1822567,57.5351834,0
10.1822173,57.5350349,0
10.1848471,57.5264801,0
10.1855097,57.526212,0
10.185841,57.5260926,0
10.1860497,57.5260122,0
10.1861406,57.5259659,0
10.1862359,57.5259024,0
10.1862269,57.5257831,0
10.1861588,57.5252177,0
10.1861814,57.5250885,0
10.1862359,57.5250374,0
10.1865081,57.5249277,0
10.1866671,57.5248863,0
10.1882121,57.5256481,0
10.1879616,57.5254758,0
10.1877498,57.5253034,0
10.1874995,57.5251036,0
10.0612878,56.8017008,0
10.0608372,56.8026583,0
10.1782665,57.5211341,0
10.1783118,57.5210512,0
10.1782846,57.5209244,0
10.1780305,57.5203736,0
10.1780122,57.5202908,0
10.1779307,57.5191013,0
10.1779307,57.5191891,0
10.1778308,57.5194962,0
10.1776674,57.5197448,0
10.1774677,57.5199836,0
10.1773496,57.5201201,0
10.1773496,57.5201786,0
10.0621457,56.8005319,0
10.0614688,56.8004302,0
10.1764962,57.522109,0
10.1766416,57.5220944,0
10.1767051,57.5220505,0
10.1767415,57.5219432,0
10.1769049,57.5206612,0
10.1769775,57.5204711,0
10.1770774,57.5203493,0
10.1772498,57.5202859,0
10.217149,57.5371806,0
10.2171304,57.5373106,0
10.2172048,57.5374356,0
10.1897386,57.5271432,0
10.1909109,57.5281122,0
10.1911084,57.5283526,0
10.1913587,57.5284728,0
10.191609,57.5284728,0
10.191925,57.528395,0
10.1922017,57.5282536,0
10.192531,57.5281475,0
10.1930579,57.5281122,0
10.1949061,57.5280825,0
10.1957319,57.5280627,0
10.1965484,57.5280627,0
10.1965089,57.5273979,0
10.1964959,57.5269665,0
10.1964299,57.5267614,0
10.1962322,57.5265987,0
10.1959689,57.5264927,0
10.2058612,57.5163354,0
10.2055978,57.5164063,0
10.2050445,57.5164063,0
10.2039907,57.5163001,0
10.2030028,57.5162364,0
10.2012773,57.5203534,0
10.2010139,57.520311,0
10.2007635,57.5201554,0
10.1999337,57.5193349,0
10.1996967,57.5192146,0
10.2154062,57.5223399,0
10.2299476,57.5449769,0
10.2293665,57.5450331,0
10.2291941,57.5450494,0
10.2290286,57.5450966,0
10.2289172,57.5451709,0
10.2289172,57.5452687,0
10.229157,57.5460195,0
10.2292718,57.5464474,0
10.2293299,57.5466418,0
10.2294543,57.5470584,0
10.2296132,57.5475932,0
10.2287288,57.5461122,0
10.2288167,57.5462535,0
10.2290464,57.5463588,0
10.1587787,57.5177246,0
10.1532503,57.5158818,0
10.2422166,57.5382525,0
10.2425345,57.5379298,0
10.2426136,57.5378538,0
10.242709,57.5377831,0
10.2428902,57.5377283,0
10.2431076,57.5377477,0
10.243934,57.5379722,0
10.2484312,57.5391807,0
10.206984,57.5400381,0
10.2069465,57.540533,0
10.2071965,57.5404683,0
10.2065382,57.5399137,0
10.2067775,57.5398684,0
10.2068519,57.5398485,0
10.2068983,57.539915,0
10.206984,57.5400381,0
10.2071547,57.5402834,0
10.2070661,57.5403033,0
9.915457,57.0286584,0
9.91547,57.0282833,0
8.7494507,56.8349051,0
8.7488377,56.834993,0
8.7486229,56.8350143,0
8.7477315,56.8351027,0
8.7476261,56.8351131,0
8.7473464,56.8351787,0
8.7464876,56.8360491,0
8.746248,56.8362749,0
8.7459484,56.8364352,0
8.7441576,56.8370069,0
8.7437314,56.8371125,0
8.7425245,56.8372952,0
8.741854,56.8373966,0
8.7413015,56.8374985,0
8.7404892,56.8376734,0
8.7399433,56.8377644,0
8.7393574,56.8378336,0
8.7381017,56.8380801,0
8.736315,56.8384308,0
8.7346548,56.8387438,0
8.7342511,56.8388071,0
8.7338767,56.8388435,0
8.7337185,56.8388025,0
8.7336769,56.8386386,0
8.7334606,56.8379467,0
8.7332277,56.8369862,0
8.7327367,56.8351516,0
8.732645,56.8347464,0
8.7325619,56.8342046,0
8.6802072,56.9954992,0
8.6779481,56.99548,0
8.6775427,56.9953677,0
8.6748348,57.0014212,0
8.676547,57.0009744,0
8.6773,57.0008028,0
8.6782872,57.0004761,0
8.6786835,57.0003449,0
8.6796469,56.9996391,0
8.6800497,56.9988092,0
8.6801008,56.9985684,0
8.6801557,56.9983097,0
8.6801568,56.9982061,0
8.6801757,56.9963914,0
8.6802072,56.9959285,0
8.6802072,56.9954992,0
8.6802072,56.9954479,0
8.6802072,56.9947837,0
8.6806626,56.9938011,0
8.4931132,57.0399633,0
8.4930932,57.0398969,0
8.4932762,57.0395328,0
8.4933746,57.0392048,0
8.4934561,57.0388635,0
8.4935201,57.0385521,0
8.493561,57.0383121,0
8.4936964,57.0374783,0
8.4936836,57.0372732,0
8.4936277,57.037152,0
8.4935438,57.0370339,0
8.4931749,57.0366388,0
8.492472,57.0359067,0
8.4917543,57.0351189,0
8.4915196,57.0348166,0
8.4900174,57.0330753,0
8.4896332,57.0326969,0
8.4874558,57.0312891,0
8.4871411,57.0309633,0
8.486965,57.0305939,0
8.4869813,57.030216,0
8.4873461,57.0296614,0
8.4933746,57.0392048,0
8.491552,57.0395296,0
8.4913291,57.0395207,0
8.5255461,57.0361463,0
8.524074,57.0338932,0
8.5227522,57.0340884,0
8.5219112,57.032962,0
8.5222716,57.0326916,0
8.5225119,57.0320608,0
8.5224109,57.0316803,0
8.5222566,57.0310995,0
8.521806,57.0307239,0
8.5214005,57.0297777,0
8.5217009,57.0289966,0
8.5216708,57.0284859,0
8.5216107,57.0278851,0
8.5211601,57.0276297,0
8.5170027,57.0268351,0
8.5120079,57.025392,0
8.5211601,57.0276297,0
8.5228874,57.0276748,0
8.5238487,57.0273444,0
8.5247349,57.0266534,0
8.5252906,57.026308,0
8.5255009,57.0259625,0
8.5296015,57.0238746,0
8.5299536,57.0239802,0
8.5315921,57.0237126,0
8.5320818,57.023547,0
8.5324573,57.0230072,0
8.5336776,57.0233123,0
8.5341001,57.0235236,0
8.5373624,57.0224674,0
8.537691,57.022045,0
8.537949,57.0218103,0
8.5384655,57.0218103,0
8.538505,57.0177701,0
8.5378591,57.0181756,0
8.5378591,57.0185211,0
8.5360266,57.0187314,0
8.5335634,57.0190017,0
8.5300035,57.019287,0
8.5268793,57.0198579,0
8.5216066,57.0204313,0
8.5195879,57.0207798,0
8.526043,57.0106084,0
8.5261516,57.0108082,0
8.5262905,57.0108863,0
8.5274642,57.0110702,0
8.5270609,57.0104938,0
8.5265676,57.0104736,0
8.526043,57.0106084,0
8.5241789,57.0110472,0
8.5226312,57.0113445,0
8.518964,57.0112859,0
8.5126273,57.0138968,0
8.5121287,57.0147476,0
8.5116133,57.0148341,0
8.5112191,57.0150116,0
8.5104565,57.0157744,0
8.5071413,57.0165665,0
8.5063469,57.0170043,0
8.5057038,57.0173586,0
8.5045305,57.0195295,0
8.5265288,57.0120606,0
8.52593,57.0119438,0
8.5258338,57.0116794,0
8.5246203,57.0115352,0
8.5031454,57.0207214,0
8.5026048,57.0203373,0
8.5024641,57.019821,0
8.501009,57.0193751,0
8.4998589,57.0193047,0
8.4998589,57.0193047,0
8.5027458,57.0174036,0
8.5047407,57.0169343,0
8.5053978,57.0165117,0
8.505802,57.0101339,0
8.5057497,57.0109731,0
8.5043182,57.0115598,0
8.5036375,57.0135782,0
8.5039427,57.0142118,0
8.5056793,57.0161598,0
8.5110978,56.9861709,0
8.5113091,56.9865015,0
8.511431,56.9870748,0
8.5116748,56.9875696,0
8.5127386,56.9885425,0
8.5129787,56.9891793,0
8.5130069,56.9897925,0
8.5131634,56.9901912,0
8.5142187,56.9910928,0
8.5147046,56.9919744,0
8.5157339,56.9934031,0
8.5174619,56.9964412,0
8.5177343,56.9968641,0
8.5181283,56.9973495,0
8.5192266,56.9983171,0
8.5110978,56.9861709,0
8.5098953,56.986752,0
8.5097051,56.9868439,0
8.5093212,56.9869976,0
8.5090385,56.9871108,0
8.508838,56.9871911,0
8.5058407,56.9880179,0
8.5028921,56.9889684,0
8.5012679,56.9894919,0
8.5002731,56.990068,0
8.4997114,56.9903598,0
8.4987547,56.9906305,0
8.4979443,56.9908237,0
8.4971283,56.9909261,0
8.4958655,56.9910185,0
8.4946389,56.9910382,0
8.4941688,56.9909328,0
8.4936157,56.9908088,0
8.4927346,56.9906142,0
8.4918356,56.9904691,0
8.4909492,56.9904247,0
8.4900511,56.9905003,0
8.4880052,56.9908787,0
8.4869022,56.991113,0
8.5405678,57.0033649,0
8.5272724,57.0039541,0
8.5266861,57.0054645,0
8.5242218,57.0073655,0
8.5234707,57.0086329,0
8.5222268,57.0093369,0
8.519739,57.0099002,0
8.518964,57.0112859,0
8.5157766,57.0111505,0
8.515332,57.0108381,0
8.5147191,57.0095522,0
8.5135655,57.0091438,0
8.5112224,57.0086992,0
8.5100633,57.0083009,0
8.5090598,57.007897,0
9.9806497,56.7671754,0
9.9806657,56.7670314,0
10.0569587,56.7914367,0
10.0575594,56.7914631,0
10.057833,56.7914953,0
10.0580677,56.7915408,0
10.0585572,56.7916453,0
10.058985,56.7917347,0
10.0597965,56.7918979,0
10.0605688,56.7920684,0
10.0612824,56.7922329,0
10.0610247,56.786333,0
10.0611108,56.7864623,0
10.0623714,56.786859,0
10.0614941,56.7954252,0
10.0607821,56.7953483,0
10.0605475,56.7953206,0
10.0603596,56.7953029,0
10.0602203,56.7952765,0
10.0597468,56.7951809,0
10.0591782,56.7950634,0
10.0584768,56.7949033,0
10.0582126,56.794846,0
8.3704712,56.950156,0
8.3707149,56.9508978,0
8.3706807,56.9507007,0
8.3706496,56.9504993,0
8.370619,56.9503875,0
8.3704712,56.950156,0
10.0635407,56.7687365,0
10.0641628,56.7637092,0
10.0617058,56.7718468,0
8.7015058,56.8477076,0
8.70368,56.8478203,0
8.7041926,56.8478895,0
8.7047187,56.8480351,0
8.7053843,56.8484101,0
8.7057839,56.848654,0
8.7064162,56.8489307,0
8.7065428,56.8491237,0
8.7066026,56.849637,0
8.7225057,56.8457279,0
8.7229999,56.8455973,0
8.723559,56.8453626,0
8.7239882,56.8451421,0
8.7244563,56.8449999,0
8.7248593,56.8450141,0
8.7253795,56.8450355,0
8.7258476,56.8451208,0
8.7268357,56.8451777,0
8.7279671,56.8451635,0
8.7280289,56.8451643,0
8.7285001,56.8451706,0
8.7289552,56.8452416,0
8.7297484,56.8453982,0
8.732206,56.8463795,0
8.73257,56.8465714,0
8.7326871,56.8467635,0
8.7327781,56.8470337,0
8.7329472,56.8478301,0
8.7332853,56.8486336,0
8.7335193,56.8487971,0
8.7336365,56.8488423,0
8.7338704,56.8489323,0
8.7343124,56.8489607,0
8.7347156,56.8490034,0
8.7350797,56.8490461,0
8.7354567,56.849174,0
8.7393575,56.8506815,0
8.7397477,56.850781,0
8.7405279,56.850909,0
8.74162,56.8511223,0
8.7421791,56.8512858,0
8.7426382,56.8515368,0
8.7427382,56.8515916,0
8.7428198,56.8516316,0
8.7433754,56.8519044,0
8.7441817,56.8522599,0
8.7451959,56.8526936,0
8.745768,56.8528713,0
8.7460334,56.8529021,0
8.746197,56.8529211,0
8.7466912,56.8529211,0
8.751147,56.8523289,0
8.7532706,56.8520466,0
8.7555331,56.8518049,0
8.7590959,56.8514706,0
8.759512,56.8514778,0
8.6132861,56.9332748,0
8.6147643,56.9342762,0
8.6168006,56.9344452,0
8.7197282,56.8350866,0
8.7192317,56.8351858,0
8.7187448,56.8352271,0
8.7182372,56.8352195,0
8.7177648,56.8351915,0
8.7161433,56.835095,0
8.7156997,56.8350995,0
8.7116258,56.8353509,0
8.7112829,56.8353546,0
8.700707,56.9596473,0
8.747484,56.8350293,0
8.7473816,56.8351406,0
8.7064162,56.8489307,0
8.7067292,56.849029,0
8.7081872,56.8490363,0
8.7085733,56.8490582,0
8.7087664,56.8492074,0
8.7087996,56.8493749,0
8.7089864,56.8499831,0
8.7092941,56.8504011,0
8.7094335,56.8505825,0
8.7096739,56.8510005,0
8.7097604,56.851429,0
8.7097122,56.8516708,0
8.709592,56.8519941,0
8.7095008,56.8522255,0
8.7095055,56.8524305,0
8.7095295,56.8528169,0
8.7098084,56.8529983,0
8.7105569,56.8535624,0
8.7106148,56.8537575,0
8.7107338,56.854462,0
8.7109207,56.8552947,0
8.7110431,56.855488,0
8.7122703,56.8553189,0
8.7129706,56.8552203,0
10.0689763,56.7581909,0
10.0689534,56.7580929,0
10.0689695,56.75799,0
10.069125,56.7577371,0
10.0692043,56.7576619,0
8.7137566,56.8329714,0
8.7146778,56.8328446,0
8.7150962,56.8327433,0
10.2991052,57.4099785,0
10.2992534,57.4099409,0
10.299805,57.4097792,0
10.3010666,57.4094093,0
10.3012282,57.4093118,0
10.3013134,57.4091781,0
10.3013001,57.4090525,0
10.3012431,57.4086881,0
10.3012518,57.4085566,0
10.3012798,57.40824,0
10.3013463,57.4079051,0
10.3014284,57.4077556,0
10.3015924,57.4075311,0
10.301925,57.4072421,0
10.3021921,57.407103,0
8.6264358,56.8833993,0
8.626484,56.8833707,0
8.6265457,56.8833114,0
8.6266208,56.8832462,0
8.6266235,56.8832,0
8.6265873,56.8831722,0
8.6264935,56.8831464,0
8.6262574,56.8831179,0
8.6253538,56.8825253,0
8.6255415,56.8825399,0
8.6256943,56.8825311,0
9.7285835,57.0010101,0
9.7285474,57.0012969,0
9.7284477,57.0020883,0
9.7284533,57.0031516,0
9.728456,57.0037056,0
9.7283974,57.0044523,0
9.7284471,57.0045573,0
9.7285596,57.0046293,0
9.728594,57.0046515,0
8.6814221,57.0424727,0
8.6840127,57.0419889,0
8.4837295,57.0366507,0
8.6116625,57.122727,0
8.6117023,57.1229975,0
8.6117558,57.1231142,0
8.6118546,57.1232312,0
8.6121034,57.1234022,0
8.6122895,57.1234809,0
8.6124771,57.1235438,0
8.6163683,57.1244148,0
8.9201258,57.0716176,0
8.9212737,57.071361,0
8.9226739,57.0710315,0
8.9243206,57.0706145,0
8.9266382,57.0700693,0
8.9276254,57.0698476,0
8.9281994,57.0697237,0
8.9285024,57.0696406,0
8.928711,57.0695313,0
8.9288699,57.0694422,0
8.9290656,57.0693096,0
8.9292292,57.0692046,0
8.9293741,57.0691112,0
8.9294895,57.0689815,0
8.9295505,57.0688474,0
8.9296477,57.0687613,0
8.9297758,57.0687104,0
8.9299855,57.0686547,0
8.9313481,57.0683689,0
8.9317129,57.068293,0
8.6269286,57.1190545,0
8.6262065,57.1187734,0
8.6248006,57.1186292,0
8.6220536,57.1191793,0
8.6218478,57.1192912,0
8.6211205,57.119388,0
8.6208472,57.1195665,0
8.620066,57.1198308,0
8.6193102,57.1207001,0
8.6056666,57.1105497,0
8.6058789,57.1105659,0
8.6061369,57.1105887,0
8.6062981,57.1105977,0
8.6064667,57.1105835,0
8.6070967,57.1104739,0
8.6076432,57.1103718,0
8.6091939,57.1100818,0
8.610659,57.1098367,0
8.6121075,57.1095585,0
8.6128173,57.109358,0
8.9111565,57.0639214,0
8.9111988,57.0638865,0
8.9112583,57.0638543,0
8.9114031,57.063831,0
8.9116768,57.0638075,0
8.9118914,57.0638047,0
8.9120309,57.0637901,0
8.9121541,57.0637435,0
8.9137683,57.0632507,0
8.9152442,57.062781,0
8.9161984,57.0624865,0
8.9174913,57.0620869,0
8.918951,57.061623,0
8.4785496,56.9170254,0
8.4780325,56.9156399,0
8.4771541,56.9138273,0
8.4769772,56.9134093,0
8.4761774,56.9118682,0
8.475848,56.9118362,0
8.4756246,56.9118169,0
8.4749188,56.9112519,0
8.4748976,56.9112131,0
8.4747894,56.9110143,0
8.4749071,56.9107446,0
8.9368359,57.0691856,0
8.9362619,57.0692701,0
8.935763,57.0693693,0
8.9352372,57.0694218,0
8.934829,57.0695036,0
10.2473799,57.5327024,0
10.2448728,57.5317628,0
10.2583624,57.5486621,0
10.2617782,57.5468132,0
10.2668416,57.544,0
10.2709061,57.541814,0
10.2751213,57.5395375,0
10.2802583,57.5416585,0
8.6881225,56.9536094,0
8.6881066,56.9533438,0
8.6881225,56.9536094,0
8.6873061,56.9541298,0
8.6873664,56.9539878,0
8.6870421,56.9541242,0
8.6873061,56.9541298,0
8.6876002,56.9537532,0
8.6876002,56.9536175,0
8.68762,56.9538549,0
8.6876002,56.9537532,0
8.6873664,56.9539878,0
8.6874534,56.9538929,0
8.68762,56.9538549,0
8.6880478,56.9536175,0
8.6880802,56.9537722,0
8.6880926,56.9538793,0
8.6881,56.9540122,0
9.2845472,56.8631313,0
9.2843233,56.8631335,0
9.2839835,56.8631673,0
9.2834257,56.8632084,0
9.2821918,56.8632788,0
9.2809152,56.8633257,0
9.2796062,56.8633432,0
9.2785547,56.8632553,0
9.2777824,56.8631146,0
9.2771667,56.8629634,0
9.2770421,56.8629327,0
9.2766022,56.8628858,0
9.2750251,56.8628213,0
9.2745959,56.8627744,0
9.2734157,56.8624638,0
9.2731797,56.8623641,0
9.2729758,56.8621999,0
9.2725573,56.8617894,0
9.2717402,56.8610066,0
9.2717098,56.8609775,0
9.2715275,56.8608392,0
9.2708623,56.8605636,0
9.2698107,56.8601589,0
8.6897634,56.9547886,0
8.689869,56.9544697,0
8.6881025,56.9541465,0
8.6882741,56.9541085,0
8.6895376,56.953829,0
9.4275261,56.6304368,0
9.4276367,56.6306022,0
9.4277538,56.630877,0
9.4279772,56.6314153,0
9.4287056,56.6313159,0
9.4296416,56.6310029,0
9.4298117,56.6308859,0
9.4301788,56.6305437,0
9.4306734,56.6302073,0
9.4327738,56.6292888,0
9.4340927,56.6287243,0
9.4347628,56.6284025,0
9.4351616,56.6281714,0
9.4354488,56.6280895,0
9.4366454,56.627993,0
9.4371664,56.6279549,0
9.4374803,56.6279695,0
9.4381769,56.6279608,0
9.4388151,56.6279432,0
8.5963529,56.954234,0
8.5954169,56.9543996,0
8.5938402,56.9542176,0
8.5952397,56.9541421,0
10.2965378,57.409242,0
10.2964841,57.4088359,0
10.2964627,57.408689,0
10.2963799,57.4080814,0
10.2963567,57.4078027,0
10.2964211,57.4074444,0
10.2964464,57.4074168,0
10.2968179,57.407011,0
10.2968586,57.4069786,0
10.2974589,57.4064999,0
10.2981806,57.4059245,0
10.2982926,57.4058322,0
10.2987277,57.4054737,0
10.2988733,57.4052794,0
10.2989744,57.4051442,0
10.2990818,57.4048899,0
10.2992213,57.4033063,0
10.2993822,57.4025954,0
10.299704,57.4016648,0
10.2997898,57.4013815,0
10.2997898,57.4010174,0
10.2991033,57.3985376,0
10.2984702,57.3962831,0
10.2982341,57.3957454,0
10.2968287,57.3938203,0
10.2967322,57.3935369,0
10.2967428,57.3931843,0
10.2967965,57.392982,0
10.2977418,57.3911027,0
10.0196717,57.4502706,0
10.0194946,57.4501656,0
10.0191875,57.4498682,0
10.0188628,57.4495662,0
10.0185223,57.4492794,0
10.0182004,57.4491062,0
10.0178356,57.448933,0
10.017428,57.4487714,0
10.0170418,57.4486097,0
10.0165911,57.4482865,0
10.0153894,57.4472358,0
10.0151755,57.4470056,0
10.0149174,57.4467278,0
10.0147242,57.4465199,0
10.0144024,57.4463468,0
9.1354732,57.1304173,0
9.1355401,57.1303616,0
9.1355111,57.1300357,0
9.1355183,57.1299519,0
9.1356028,57.129872,0
9.1357089,57.1298118,0
9.1358391,57.1297542,0
9.1360057,57.1296664,0
9.136148,57.1295957,0
9.1362179,57.1295668,0
9.1363699,57.1295421,0
9.136599,57.1295368,0
9.5206184,56.6037752,0
9.5206019,56.6035529,0
9.5206663,56.603482,0
9.5213958,56.6030982,0
9.5216055,56.6029602,0
9.5217557,56.6029485,0
9.5220133,56.6029366,0
9.5221528,56.6028776,0
9.5222863,56.6027438,0
9.5224316,56.6025528,0
9.5226511,56.6023422,0
9.5228764,56.6021592,0
9.5231398,56.6018618,0
9.5234402,56.6016197,0
9.5237192,56.6014425,0
9.523998,56.6013421,0
9.5377309,56.5966348,0
9.5375806,56.5965167,0
9.5374675,56.5964834,0
9.5373019,56.5964636,0
9.5370657,56.5964872,0
9.5366902,56.5965345,0
9.5351561,56.5967353,0
9.5345768,56.5968003,0
9.5342703,56.5968023,0
9.5382343,56.59527,0
9.5397058,56.5948869,0
9.5410105,56.5945592,0
9.5415427,56.59426,0
9.5425113,56.5939812,0
9.5432421,56.5937814,0
9.5434378,56.593612,0
9.5435478,56.5933306,0
9.5441383,56.5929461,0
9.5445557,56.5927933,0
9.5452761,56.5926102,0
9.5456429,56.5924275,0
9.5460511,56.5922551,0
9.5460922,56.591952,0
9.5462258,56.5918526,0
9.5469304,56.5916714,0
9.5474805,56.5915498,0
9.5480315,56.5914836,0
9.5483732,56.5915498,0
9.5486899,56.5917187,0
9.5492048,56.5922621,0
9.5498915,56.593349,0
9.550074,56.5937243,0
9.5509274,56.5942243,0
9.5511656,56.5944827,0
9.5512832,56.5948097,0
9.5519461,56.5953032,0
9.5525952,56.5958299,0
9.5525261,56.5960266,0
9.552378,56.5962657,0
9.5512698,56.5968294,0
9.5507069,56.5972239,0
9.5504363,56.5974933,0
9.5503637,56.59772,0
9.5504032,56.5980398,0
9.5502403,56.599091,0
9.5502804,56.5993428,0
9.5506664,56.5998922,0
9.5510503,56.6001928,0
9.5515198,56.6004367,0
9.5522545,56.6007175,0
9.5524164,56.6009401,0
9.5524374,56.6012437,0
9.5521232,56.6036732,0
9.552166,56.6048306,0
9.1948679,57.1307629,0
9.1947948,57.130193,0
9.1948062,57.1300449,0
9.194734,57.1297917,0
9.1947038,57.1295674,0
9.1947265,57.1293842,0
9.8497004,57.0679413,0
9.8496411,57.0678594,0
9.8496702,57.0675433,0
9.8497088,57.0668163,0
9.849767,57.0660523,0
9.8498349,57.0654359,0
9.8498569,57.0653053,0
9.8498092,57.0652328,0
9.8497203,57.0651845,0
9.8495934,57.0651724,0
9.8490599,57.0651758,0
9.8489868,57.0651534,0
9.8489296,57.065112,0
9.8489583,57.0650325,0
9.8490504,57.0648323,0
9.8386035,57.0654744,0
9.8386506,57.0654233,0
9.8386879,57.0653669,0
9.838767,57.065333,0
9.8388998,57.0653194,0
9.839095,57.0653081,0
9.8431345,57.0652561,0
9.8433284,57.0652297,0
9.8434833,57.0650717,0
9.8470658,57.0676903,0
9.8471006,57.0675965,0
9.847234,57.0672167,0
9.8474531,57.0666056,0
9.8474213,57.0665383,0
9.8472657,57.0664744,0
9.5711939,57.0543162,0
9.9628119,57.0538232,0
9.4352568,56.6114704,0
9.4352226,56.6115669,0
9.4352664,56.6116863,0
9.4352762,56.6117972,0
9.4352664,56.6118988,0
9.4351958,56.6119625,0
9.435175,56.6120406,0
9.4350946,56.6121292,0
9.435024,56.6122193,0
9.4349713,56.6122827,0
9.4349382,56.6123787,0
9.4349651,56.6124703,0
9.4351045,56.6126917,0
9.4353137,56.6129337,0
9.4355176,56.6131906,0
9.435674,56.6133838,0
9.4358402,56.613555,0
9.4359735,56.6137189,0
9.4361729,56.6139919,0
9.4363598,56.6143328,0
9.4364411,56.6144907,0
9.4365155,56.6147167,0
9.436569,56.6151595,0
9.4365851,56.6153454,0
9.4365054,56.6155859,0
9.4364511,56.6158561,0
9.4364411,56.6161349,0
9.436425,56.616312,0
9.4364028,56.6164907,0
9.4363812,56.6166649,0
9.4363009,56.6168803,0
9.4361881,56.6172139,0
9.4361138,56.6174425,0
9.4361078,56.6175887,0
9.436146,56.6177495,0
9.436205,56.6179826,0
9.4363392,56.6183663,0
9.436425,56.6185611,0
9.4365155,56.6187428,0
9.4366227,56.6188963,0
9.4367622,56.6190527,0
9.4369071,56.6191501,0
9.4369983,56.619218,0
9.4372021,56.6193184,0
9.4373468,56.6193862,0
9.4374701,56.6194482,0
9.4375945,56.6195351,0
8.6925461,57.040522,0
8.6904953,57.0369226,0
10.3038991,57.4106575,0
10.3049333,57.4109398,0
10.3012282,57.4093118,0
10.3027837,57.409492,0
10.3036197,57.4095697,0
10.3043677,57.4095599,0
10.3049274,57.4094935,0
10.3056264,57.4093572,0
10.3057857,57.4097111,0
10.305798,57.409889,0
10.3057336,57.4102877,0
10.3021243,57.4110543,0
10.3024292,57.4107384,0
10.3039369,57.4117089,0
10.2968586,57.4069786,0
10.2973173,57.407148,0
10.2977972,57.4072695,0
10.2984594,57.407352,0
10.2995752,57.4073924,0
10.2999821,57.4074289,0
10.3003478,57.4074791,0
10.2949028,57.4071799,0
10.2977972,57.4072695,0
10.2977299,57.4076583,0
10.2980304,57.4080339,0
10.2986097,57.4082593,0
10.2992856,57.4085482,0
10.2999508,57.4086696,0
10.3053904,57.4090452,0
8.354204,56.9197759,0
8.3543734,56.919927,0
8.3544993,56.9200265,0
8.3546279,56.9200965,0
9.8094245,56.9645614,0
9.8077535,56.9645627,0
9.8094998,56.9623261,0
9.8087899,56.9623357,0
9.8086847,56.9623439,0
9.8085945,56.9623603,0
9.8083462,56.9624504,0
9.8082447,56.9624731,0
9.8081057,56.9624813,0
9.8065414,56.9633895,0
9.8065396,56.9637177,0
9.8064456,56.9638223,0
9.8064387,56.9641202,0
9.8064359,56.9641879,0
9.8064998,56.964229,0
9.8065412,56.964227,0
9.8065412,56.9641757,0
9.8095337,56.9654786,0
9.8089703,56.9655088,0
9.8088057,56.9655165,0
9.8086695,56.9655165,0
9.8085238,56.9655037,0
9.8082841,56.9654574,0
9.8081525,56.965437,0
9.807955,56.9654268,0
9.8099285,56.9674184,0
9.8091865,56.9674333,0
9.809202,56.9676421,0
9.8092641,56.9683111,0
9.809302,56.968601,0
9.8093185,56.9688911,0
9.8092951,56.9689716,0
9.8092137,56.9690203,0
9.8091321,56.9690478,0
9.8089962,56.9690436,0
9.8088874,56.9690203,0
9.8088174,56.9689758,0
9.8087826,56.9688996,0
9.8084718,56.9681692,0
9.8081572,56.9674177,0
9.8081222,56.9673499,0
9.8081068,56.9672949,0
9.8081222,56.9672441,0
9.8081688,56.9671975,0
9.8082349,56.9671615,0
9.808301,56.9671403,0
9.8088719,56.9671169,0
9.8089884,56.9671297,0
9.8090699,56.9671657,0
9.8091398,56.9672143,0
9.809167,56.9672631,0
9.8078187,56.9655081,0
9.8078193,56.9654325,0
9.8078,56.9650008,0
9.8071701,56.9649982,0
9.8071736,56.9647151,0
9.8071748,56.964619,0
9.8072404,56.9646185,0
9.8072404,56.9646794,0
9.8100706,56.968591,0
10.2241944,56.5915858,0
10.2240227,56.5913259,0
10.2235935,56.591255,0
10.2032087,56.5969257,0
10.2080966,56.596908,0
8.3567414,56.9200497,0
8.3565138,56.9197761,0
8.3573506,56.9198933,0
8.3574981,56.9198479,0
8.6978982,57.0473476,0
8.6977594,57.0471883,0
8.6949122,57.0442828,0
8.358124,56.9195877,0
8.3576199,56.919685,0
8.354119,56.9201654,0
8.3542312,56.9200851,0
8.354317,56.9200221,0
8.3543707,56.9199636,0
10.4115638,57.3839311,0
10.4114706,57.3826071,0
10.4114706,57.3823231,0
10.4118104,57.3819934,0
10.412315,57.3817073,0
10.4127412,57.3815526,0
10.4130892,57.3814119,0
10.4132459,57.3812524,0
10.4135069,57.3804833,0
10.4134199,57.3801222,0
10.4128087,57.3784608,0
10.379949,57.3824429,0
10.3800798,57.3826068,0
10.3802095,57.3827135,0
10.3803872,57.3827725,0
10.3843771,57.3840835,0
8.3548156,56.920584,0
8.3547435,56.9205096,0
8.3547085,56.9204218,0
8.354703,56.9203366,0
8.3547164,56.9202722,0
8.3547408,56.9201729,0
10.156449,57.2132668,0
10.3087987,57.1817088,0
10.3088301,57.1819027,0
10.3089986,57.1820756,0
10.3102481,57.182897,0
10.3104254,57.1830411,0
10.3105584,57.1832476,0
10.3105939,57.1834302,0
10.3104077,57.1838192,0
10.3102837,57.1842515,0
10.3102481,57.1845925,0
10.3103369,57.1852793,0
10.310328,57.1855579,0
10.310266,57.1857692,0
10.3099241,57.186462,0
10.3098582,57.1865953,0
10.3095569,57.1871332,0
10.3088921,57.1878728,0
10.3082806,57.1883963,0
10.3077488,57.1891311,0
10.3075716,57.1899811,0
10.3078021,57.1910712,0
10.3077924,57.1911215,0
10.3077667,57.1912537,0
10.3075894,57.1914122,0
10.307359,57.1914698,0
10.1709832,57.2175542,0
10.1701231,57.2156373,0
10.1696001,57.2149319,0
10.169148,57.2140057,0
10.1691304,57.2137993,0
10.1691392,57.2136169,0
10.1690153,57.212969,0
10.1686873,57.2123019,0
10.1686696,57.2121435,0
10.1688468,57.2117884,0
10.1690241,57.2113132,0
9.9456796,57.0815678,0
9.9455733,57.0814806,0
9.9456548,57.0812203,0
9.9456893,57.0811123,0
9.945874,57.0805733,0
9.9460351,57.080081,0
9.9457376,57.0799211,0
9.9458772,57.0798032,0
9.9460828,57.0796698,0
9.9463951,57.0795563,0
9.9466726,57.0794953,0
9.9469129,57.0793879,0
9.9471068,57.0792745,0
9.9472944,57.0790641,0
10.3843771,57.3840835,0
8.3561194,56.9201025,0
8.3560712,56.9200221,0
8.3560307,56.9199501,0
10.2403692,57.1739393,0
8.7335726,57.0305873,0
8.7369702,57.0300315,0
8.7468118,57.027698,0
8.7475469,57.0275313,0
10.2388272,57.174117,0
10.2363101,57.174732,0
10.2360531,57.17478,0
10.2343566,57.1721441,0
10.2325364,57.1719085,0
10.2323503,57.1718364,0
10.2321729,57.1717403,0
10.2287751,57.1681145,0
10.2290179,57.1682039,0
10.2292235,57.1682885,0
10.2293865,57.1684307,0
10.2458819,57.169788,0
10.2455894,57.1698936,0
10.2449868,57.1701003,0
10.2444728,57.1702444,0
10.2439675,57.1703645,0
10.2386411,57.1714121,0
10.2368419,57.1717724,0
10.2361772,57.1718733,0
8.7264576,57.0505795,0
8.7289779,57.0504352,0
8.7331663,57.0500693,0
10.0922579,57.3698415,0
10.0923041,57.3704466,0
10.0922695,57.3710298,0
10.1427924,56.9438011,0
10.1436318,56.9429534,0
10.1447258,56.941751,0
10.1463462,56.94001,0
10.1482708,56.9379415,0
10.1499076,56.9361734,0
10.1516843,56.9342438,0
10.1518159,56.9341405,0
10.1519394,56.9341002,0
10.1519394,56.9341002,0
10.1522766,56.9336424,0
10.1524987,56.9335841,0
10.1527784,56.9335841,0
10.1530332,56.9336514,0
10.1540854,56.9339199,0
10.1550162,56.934123,0
10.1567611,56.9343895,0
10.1570052,56.9344276,0
10.1571331,56.9344276,0
10.1572264,56.9343324,0
10.1581685,56.9325998,0
10.1591806,56.9307147,0
10.1608673,56.9276235,0
10.1624375,56.9247478,0
10.1640778,56.9217006,0
10.1656946,56.9187991,0
10.1663924,56.9175356,0
10.1666484,56.9169451,0
10.1669161,56.9165768,0
10.167521,56.9154974,0
10.1677768,56.9151989,0
10.1680093,56.9147417,0
10.1698008,56.9114459,0
10.1708711,56.9094455,0
9.6550298,57.303755,0
9.6542907,57.303812,0
9.6478029,57.3045218,0
9.6473453,57.3045597,0
9.6453628,57.3060332,0
9.6455106,57.3060128,0
9.6457789,57.3059596,0
9.6459649,57.3059034,0
9.6461729,57.3058443,0
9.6463425,57.3057851,0
9.6464082,57.3057733,0
9.6464902,57.305791,0
9.646545,57.3058058,0
9.6465997,57.305794,0
9.6466599,57.3057703,0
9.6468078,57.3057881,0
9.6469501,57.3058295,0
9.6470759,57.3058413,0
9.6472347,57.3058797,0
9.6473442,57.3058826,0
9.6474513,57.3059042,0
9.6475517,57.3059436,0
10.2224132,57.0395861,0
10.2730533,57.0065566,0
10.2729031,57.0085546,0
10.2301808,57.0439169,0
10.2304168,57.0437885,0
10.2304812,57.0436718,0
10.230374,57.0435317,0
10.2070923,57.039481,0
10.206985,57.0392358,0
10.2380128,57.0293346,0
10.2358456,57.0272326,0
10.2356739,57.0270925,0
10.2353735,57.0270925,0
10.234129,57.027583,0
10.2338716,57.0276063,0
10.2337213,57.0274896,0
10.2323052,57.0252707,0
10.2310177,57.0232035,0
10.2303096,57.02311,0
10.2622386,57.0144312,0
10.2349229,57.0389555,0
10.2368766,57.0391161,0
10.237691,57.0395277,0
10.2379722,57.0394553,0
10.2373263,57.038979,0
10.233378,57.0352663,0
10.231404,57.0333281,0
10.228314,57.0305257,0
10.226297,57.0285639,0
10.2250974,57.027604,0
10.2677962,57.0133564,0
10.2810998,57.0057036,0
10.2198812,57.0306542,0
10.2678175,57.0067319,0
10.2680128,57.0070099,0
10.2681846,57.0071268,0
10.2650066,57.0084728,0
9.9434987,57.269242,0
9.9437819,57.2694276,0
9.9439795,57.2695138,0
9.9443569,57.269604,0
9.9447261,57.2696597,0
10.2668519,57.013777,0
10.2349229,57.0389555,0
10.2334639,57.0384653,0
10.2281016,57.0362447,0
10.2235934,57.0344023,0
10.2230805,57.0338629,0
10.2183866,57.031977,0
10.2168985,57.0312263,0
10.2557584,57.010868,0
9.968746,57.259803,0
9.9673425,57.2600614,0
9.9655058,57.2603998,0
9.965025,57.2604884,0
9.9608879,57.2612218,0
9.9598053,57.261425,0
9.9586521,57.2616415,0
9.9565107,57.2620434,0
9.9547801,57.2624157,0
9.9535879,57.2627639,0
9.9525205,57.2631712,0
9.9514448,57.2636512,0
9.9510965,57.2638067,0
9.9490867,57.2647181,0
9.9487838,57.2648554,0
9.948497,57.2649854,0
9.9477954,57.2653642,0
9.947463,57.2655892,0
9.9472797,57.2657337,0
9.9469581,57.2660785,0
9.9467402,57.2664231,0
9.9466852,57.2665549,0
9.9465529,57.2668653,0
10.2524336,57.0145916,0
10.2510182,57.0109942,0
10.2792279,57.0010292,0
10.2774735,57.0011696,0
10.2773232,57.0013449,0
10.2765316,57.001588,0
10.27533,57.0016931,0
10.2746411,57.0015436,0
10.2716799,57.0017539,0
10.2721756,57.0025579,0
10.271916,57.0027823,0
10.2721305,57.0030394,0
10.2724545,57.0034811,0
10.2725169,57.0039041,0
10.2727744,57.0043832,0
10.2722807,57.0046169,0
10.271725,57.0047898,0
10.2714459,57.0051404,0
10.2716178,57.0053274,0
10.2719826,57.0053975,0
10.2724525,57.005318,0
10.2733129,57.0056429,0
10.2733107,57.0061126,0
10.2734201,57.0062505,0
9.501178,56.6304411,0
9.5006739,56.6300399,0
9.5003091,56.629674,0
9.5011352,56.6266818,0
9.4658389,56.6204353,0
9.4658759,56.6206964,0
9.4658971,56.6208458,0
9.4658132,56.6211418,0
9.4656174,56.621657,0
9.4654568,56.6221607,0
9.4655965,56.6225836,0
9.4657781,56.6227908,0
9.465883,56.6229104,0
9.4663723,56.6232295,0
9.4672038,56.6237292,0
9.4679655,56.6242098,0
9.4684898,56.6245866,0
9.4689158,56.6250056,0
9.4692932,56.62554,0
9.4697337,56.6262588,0
9.4701598,56.6270777,0
9.4704883,56.6278043,0
9.4706351,56.6282925,0
9.4706701,56.6286038,0
9.4707259,56.6296302,0
9.4707887,56.6306718,0
9.4708335,56.6311272,0
9.4708378,56.6311716,0
9.4708583,56.6312199,0
9.4709356,56.6314022,0
9.4711872,56.6318673,0
9.4713625,56.6321341,0
9.4716694,56.6326014,0
9.4720956,56.6334201,0
9.4724311,56.6339889,0
9.472571,56.6344386,0
9.4726129,56.6348614,0
9.4726199,56.6355186,0
9.4726547,56.6357377,0
9.4727245,56.6358876,0
9.4729972,56.6361143,0
9.4736472,56.6366024,0
9.474297,56.6371789,0
9.4746674,56.6375363,0
9.4750727,56.6379091,0
9.4754991,56.638378,0
9.4755969,56.6386161,0
9.4756528,56.6388545,0
9.4756364,56.6389929,0
9.4751643,56.6402909,0
9.4747532,56.6412896,0
9.4747201,56.6415494,0
9.4747154,56.641856,0
9.4749069,56.6427687,0
9.4760227,56.6447744,0
9.4776105,56.6474642,0
9.4780867,56.648385,0
9.4782609,56.6490583,0
9.4782412,56.649694,0
9.4781992,56.6511423,0
9.4785546,56.652348,0
9.4788747,56.65365,0
9.4791985,56.6549665,0
9.4796777,56.6567534,0
9.4800567,56.6576085,0
9.4807505,56.6589152,0
9.4816445,56.6601087,0
9.4838333,56.6624201,0
9.4850616,56.6637213,0
9.4880739,56.6669116,0
9.4885625,56.6674292,0
9.4893365,56.6680694,0
9.4897384,56.6682546,0
9.4990215,56.6305592,0
9.4995152,56.6305474,0
9.499912,56.6305415,0
9.5000194,56.6305297,0
9.5000838,56.6304706,0
9.500116,56.63027,0
9.5001804,56.6295796,0
9.5001411,56.6294866,0
9.5000838,56.629308,0
10.9307483,57.2955746,0
10.9294939,57.2947379,0
10.9283883,57.2940238,0
9.6625069,57.3106165,0
9.662482,57.3105547,0
9.6623776,57.310501,0
9.6622831,57.3104553,0
9.6621935,57.3104257,0
9.6621288,57.3103854,0
9.6621636,57.3103612,0
9.6621536,57.3103181,0
9.6621437,57.3102215,0
9.6621288,57.3101409,0
9.6621288,57.3100576,0
9.6621388,57.3099635,0
9.6622035,57.309848,0
9.6623178,57.3097781,0
9.6624372,57.3096947,0
9.6625218,57.3096491,0
9.662482,57.3095899,0
9.6625915,57.3095282,0
9.662681,57.3094718,0
9.6627607,57.309418,0
9.6628005,57.3093643,0
9.6628452,57.3093186,0
9.6627109,57.3092674,0
9.6625766,57.3092541,0
9.6624622,57.3092245,0
9.6623677,57.3091923,0
9.6622639,57.309156,0
9.6622713,57.3090302,0
9.6622494,57.308983,0
9.6621546,57.3089317,0
9.6620455,57.3089161,0
9.6619652,57.3089239,0
9.6618342,57.3089082,0
9.6615572,57.308861,0
9.6614626,57.3087941,0
9.6613534,57.3087272,0
9.661266,57.3087036,0
9.6612369,57.3086407,0
9.6611567,57.3085816,0
9.6610402,57.3084517,0
9.6609746,57.3084085,0
9.6608944,57.3083967,0
9.6603773,57.3083259,0
9.6599621,57.3082629,0
9.6597653,57.308255,0
9.6595686,57.3082393,0
9.9673972,57.2520552,0
9.9750843,57.2510757,0
9.9678575,57.2520392,0
9.9905696,57.0215384,0
9.9954799,57.0227062,0
9.9957557,57.0223931,0
9.6462273,57.3072366,0
9.6462674,57.3073134,0
9.6463354,57.3074052,0
9.6464373,57.3074752,0
9.6465053,57.3075286,0
9.6465517,57.3075737,0
9.6465918,57.3076304,0
9.6466473,57.3076788,0
9.6467247,57.3077422,0
9.646839,57.3078123,0
9.6469223,57.3078707,0
9.6469656,57.3079291,0
9.6469934,57.3079742,0
9.6469873,57.3080292,0
9.6469841,57.3080876,0
9.647015,57.3081977,0
9.6470244,57.3082595,0
9.6470376,57.308331,0
9.6470315,57.3083733,0
9.6470857,57.3084741,0
9.6471761,57.3086041,0
9.6472062,57.3087049,0
9.6472482,57.3088643,0
9.6472482,57.3089813,0
9.6472482,57.3090724,0
9.6472783,57.3091406,0
9.6473867,57.309313,0
9.6475733,57.3094756,0
9.6477359,57.3096219,0
9.6480248,57.3098853,0
9.6482417,57.3101616,0
9.6483982,57.3103437,0
9.6485367,57.3105225,0
9.648675,57.3106656,0
9.6487653,57.3107827,0
9.648922,57.310903,0
9.6490663,57.3110168,0
9.6491869,57.3110948,0
9.6492832,57.3111956,0
9.6494036,57.3112769,0
9.6495059,57.3113192,0
9.6496263,57.3113452,0
9.6497226,57.3113452,0
9.6564963,57.3041162,0
9.6568718,57.3040972,0
9.6571299,57.3040845,0
9.6574349,57.3040719,0
9.6577986,57.3040972,0
9.6580919,57.3041859,0
9.658256,57.304262,0
9.6586196,57.304319,0
9.6589365,57.3043254,0
9.6594762,57.3043127,0
9.6598281,57.3043127,0
9.6600425,57.304277,0
9.6604655,57.304243,0
9.6611585,57.3042284,0
9.6616986,57.3042965,0
9.6621487,57.3043985,0
9.6624997,57.3045347,0
9.6628417,57.3048167,0
9.6636879,57.3057069,0
9.6646055,57.3066848,0
9.6646778,57.3067466,0
9.6648018,57.3068993,0
9.6649191,57.3072046,0
9.6650267,57.3074754,0
9.6650792,57.3076078,0
9.6652178,57.3079189,0
9.6654417,57.3082876,0
9.6656764,57.3085353,0
9.6657618,57.3086678,0
9.6660497,57.3087888,0
9.6661243,57.3088982,0
9.6662524,57.3090249,0
9.6664123,57.309192,0
9.6666042,57.3093879,0
9.6667642,57.3096183,0
9.6668815,57.3098948,0
9.6669669,57.3101482,0
9.6670308,57.3104132,0
9.6670308,57.3107242,0
9.6669883,57.3109662,0
9.6668602,57.3111563,0
9.6667535,57.3113291,0
9.6665829,57.3115364,0
9.6466296,57.3041352,0
9.6467706,57.3042557,0
9.6468761,57.3043951,0
9.6470051,57.3046105,0
9.6471879,57.3051564,0
9.6474226,57.3056065,0
9.6476144,57.3059286,0
9.6476408,57.3059732,0
9.6477393,57.3061388,0
9.6481852,57.3066773,0
9.6483259,57.3068105,0
9.6484433,57.3069119,0
9.6486075,57.3069879,0
9.648713,57.3070449,0
9.6489477,57.3070892,0
9.6491706,57.3071654,0
9.6493232,57.3072224,0
9.6494169,57.3072858,0
9.6496633,57.3075456,0
9.6498745,57.307799,0
9.6500856,57.3079955,0
9.6503907,57.3081982,0
9.65074,57.3084623,0
9.6508013,57.3085087,0
9.6511534,57.3087559,0
9.6514115,57.3089396,0
9.6517517,57.3091804,0
9.6522795,57.3095036,0
9.6524437,57.3095923,0
9.6526079,57.3096873,0
9.6527958,57.3097317,0
9.6530304,57.309738,0
9.6532886,57.309719,0
9.6535819,57.3097253,0
9.6538517,57.3097824,0
9.654145,57.3098647,0
9.6543325,57.3099851,0
9.6546026,57.3101119,0
9.6547199,57.3102513,0
9.6548254,57.3104223,0
9.654978,57.3106631,0
9.6550953,57.3108215,0
9.655236,57.3109546,0
9.6553767,57.3110686,0
9.655635,57.3111827,0
9.6558812,57.311227,0
9.6562216,57.3112587,0
9.6564445,57.3112713,0
9.6568355,57.3112304,0
9.6571717,57.3111954,0
9.6575941,57.3111447,0
9.6577505,57.3111274,0
9.6580047,57.3111067,0
9.6583097,57.3110686,0
9.6585445,57.311075,0
9.6589082,57.311075,0
9.6594712,57.311094,0
9.6597529,57.311094,0
9.6602456,57.311132,0
9.6605389,57.3111447,0
9.660879,57.311151,0
9.6612663,57.3111954,0
9.661618,57.3112334,0
9.6619936,57.3113031,0
9.6622987,57.3113538,0
9.6626622,57.3113981,0
9.6630613,57.3114108,0
9.6633546,57.3114108,0
9.6643168,57.3113504,0
9.6647904,57.3113388,0
9.6651144,57.3113728,0
9.6654079,57.3114101,0
9.6664496,57.3116835,0
9.6668956,57.3118045,0
9.668354,57.3122607,0
9.6686913,57.3122951,0
9.6700537,57.3121587,0
9.671167,57.3120304,0
9.6714535,57.3119582,0
9.6720645,57.3116935,0
9.6724656,57.3115629,0
9.6729428,57.3114735,0
9.6748013,57.3112707,0
9.6753868,57.3111951,0
9.6759152,57.3111676,0
9.3500085,57.0920831,0
9.3498583,57.0911271,0
9.3497371,57.0909861,0
9.3494935,57.0909523,0
9.3450593,57.0915107,0
9.3432708,57.0918266,0
9.2624577,57.0459828,0
9.2638159,57.0465791,0
9.2641715,57.0466664,0
9.2644707,57.0465744,0
9.9878191,56.9963978,0
9.3249749,57.0973858,0
9.988111,56.9959912,0
9.9876817,56.9960473,0
9.9868749,56.9961408,0
9.3651566,57.1099851,0
9.9891857,56.995559,0
9.9886259,56.9956357,0
9.9884799,56.9957106,0
9.9884542,56.9958229,0
9.9883941,56.9959538,0
9.9883685,56.9960566,0
9.9881968,56.9962903,0
9.9878791,56.9965382,0
9.9875617,56.9968046,0
9.9877421,56.9972346,0
9.9878808,56.9972193,0
9.9879565,56.9970618,0
9.9879565,56.9970243,0
9.9878964,56.9969589,0
9.9878191,56.9969168,0
9.9877421,56.9972346,0
9.9877702,56.9971858,0
9.9876475,56.9971038,0
9.9875016,56.9970337,0
9.9871325,56.9972067,0
9.9873814,56.9969683,0
9.9867548,56.9971272,0
9.986523,56.9971459,0
9.9868835,56.9970618,0
9.9867548,56.9971272,0
9.986214,56.9968607,0
9.9859566,56.9967111,0
9.9862055,56.9966644,0
9.9860768,56.9966597,0
9.8312649,56.8821969,0
9.9861196,57.000638,0
9.9861712,57.0005492,0
9.9864115,57.0002407,0
9.9867806,56.9996657,0
9.9872183,56.9990159,0
9.9875701,56.9984829,0
9.9877099,56.998262,0
9.987922,56.9979266,0
9.9519343,57.0292541,0
9.9516688,57.0292687,0
9.9512798,57.0292365,0
9.950907,57.0291168,0
9.9507406,57.0290409,0
9.9498192,57.028656,0
9.9497107,57.0286366,0
8.6832357,56.9546628,0
8.6832179,56.9548061,0
8.6831445,56.9546832,0
8.6832357,56.9546628,0
8.6832145,56.9545738,0
9.9512557,57.0239755,0
9.9514328,57.0240062,0
9.9517412,57.0240879,0
9.9520175,57.0241828,0
9.952275,57.0242879,0
9.9525056,57.0243843,0
9.9855789,56.999834,0
9.9842828,56.9997405,0
9.9843258,57.0005912,0
9.9835448,57.000437,0
9.9832013,57.0003622,0
10.9310936,57.2871713,0
10.932543,57.2868501,0
9.9900506,57.0000303,0
9.9899992,57.0005912,0
9.9899706,57.0010596,0
9.9898198,56.999336,0
8.6251125,56.8793493,0
8.6255044,56.8792351,0
8.6265385,56.8789338,0
8.6259758,56.8783978,0
8.6251739,56.878708,0
9.9881538,56.9987494,0
9.9881281,56.9995161,0
9.988842,56.9994533,0
9.9898198,56.999336,0
9.9907562,56.9992356,0
9.9916321,56.9991475,0
9.9921529,56.9991258,0
8.8432304,57.0327681,0
8.8434548,57.0327589,0
8.8432304,57.0327681,0
9.2895914,56.6117398,0
9.9882712,56.9976143,0
9.9881968,56.9977864,0
9.9879479,56.9981791,0
9.9878791,56.9983193,0
9.9878448,56.9984596,0
9.9878534,56.9986886,0
9.9878964,56.9987214,0
9.6755228,57.0269854,0
9.6728289,57.0274027,0
9.672553,57.026936,0
9.8594041,56.9610681,0
9.8594351,56.9610897,0
9.8594599,56.9611124,0
9.8594765,56.9611487,0
9.8594637,56.9611959,0
9.8594274,56.9612285,0
9.8593659,56.9612544,0
9.8593186,56.9612634,0
9.8592602,56.9612654,0
9.8591771,56.9612511,0
9.8591106,56.9612171,0
9.859079,56.9611721,0
9.8590881,56.9611292,0
9.8590907,56.961117,0
9.859117,56.9610912,0
9.8591768,56.9610623,0
9.8592549,56.9610483,0
9.8593094,56.9610507,0
8.698381,56.9547862,0
8.6983618,56.9544139,0
9.6882675,57.0231905,0
9.6883131,57.023559,0
9.9882712,56.9976143,0
9.9887375,56.9976415,0
9.9905656,56.9977349,0
9.9913296,56.9977724,0
9.9921363,56.9978144,0
9.9929947,56.9978799,0
9.9912025,56.9963033,0
9.9912862,56.9964965,0
10.0327732,57.5129658,0
10.0279905,57.5147256,0
10.0280924,57.5149699,0
10.0281783,57.5150794,0
10.0282855,57.5151601,0
10.0287041,57.5152811,0
10.0289294,57.5152926,0
10.0291974,57.5152753,0
10.0294424,57.5152382,0
10.0309428,57.5150104,0
10.0322306,57.5147962,0
10.0230858,57.5147642,0
10.0226852,57.5146876,0
10.0222988,57.5145722,0
10.0221658,57.5145103,0
10.0219342,57.514349,0
10.0218912,57.5142038,0
10.0219232,57.5140367,0
10.0222462,57.5131121,0
10.0043082,57.5124234,0
10.0045245,57.5127572,0
10.0046958,57.5128911,0
10.0049463,57.5129756,0
10.0053506,57.5130096,0
10.0056352,57.5129918,0
10.0059643,57.5128946,0
10.0062236,57.5126995,0
10.0063382,57.5124543,0
10.0063429,57.5122405,0
10.0062342,57.5110927,0
9.9905364,56.9959667,0
9.9907618,56.9965557,0
10.0322306,57.5147962,0
10.0322442,57.5148635,0
10.0238418,57.5111686,0
10.0242408,57.511213,0
10.0245948,57.5112591,0
10.0248309,57.5113629,0
10.0249275,57.5115242,0
9.9915544,56.9958399,0
9.9911004,56.9958897,0
9.9910417,56.9959406,0
10.0348359,57.5124432,0
10.0346266,57.5123799,0
10.0344174,57.512328,0
10.034117,57.5122675,0
10.0338296,57.5122176,0
10.0337521,57.5122041,0
10.0327659,57.5120767,0
10.0309358,57.5118439,0
10.0306838,57.5117891,0
10.0305282,57.5117517,0
10.0298684,57.5115529,0
10.0296645,57.5115097,0
10.0294768,57.5114751,0
10.0291763,57.5114521,0
10.0228449,57.5125919,0
10.0232322,57.5123771,0
10.0233717,57.5122676,0
10.023522,57.5121293,0
10.0235971,57.5119622,0
10.0236829,57.5116683,0
10.0238418,57.5111686,0
10.0240164,57.5106194,0
10.024225,57.5099639,0
10.0309428,57.5150104,0
10.030942,57.5150657,0
10.0240164,57.5106194,0
10.0248336,57.5107042,0
10.025023,57.5107117,0
10.0252085,57.5106751,0
10.025303,57.5106079,0
10.0253458,57.5105273,0
10.0254318,57.5102276,0
10.0253674,57.5101411,0
10.0252708,57.5100777,0
10.0251421,57.5100547,0
10.0297944,57.5146013,0
10.0297125,57.514434,0
10.0297017,57.5142614,0
10.0219075,57.5121274,0
10.0220735,57.5120486,0
10.0221809,57.5119507,0
10.0222453,57.5117546,0
10.0225242,57.5104984,0
10.0225598,57.5103318,0
10.022898,57.5087514,0
10.0229311,57.5086896,0
10.0229749,57.5086081,0
10.0231251,57.5084814,0
10.0240907,57.5077608,0
10.0248952,57.5072941,0
10.0270195,57.5060031,0
10.0279539,57.5054251,0
10.0287148,57.5049544,0
10.0292726,57.5046546,0
10.0298091,57.5045739,0
10.0304527,57.5045624,0
10.0306212,57.5045956,0
10.0310965,57.5046892,0
10.0321266,57.5048737,0
10.0329205,57.5049659,0
10.0338431,57.5050005,0
10.0352807,57.505012,0
10.0359245,57.5050005,0
10.0363409,57.5049873,0
10.0366541,57.5049774,0
10.0373837,57.5048967,0
10.038113,57.5047584,0
10.0392718,57.5044356,0
10.0406023,57.5040552,0
10.0415679,57.5037676,0
10.0128307,57.5109151,0
10.0127395,57.5107578,0
10.012525,57.510654,0
10.0122674,57.5106195,0
10.011774,57.5106022,0
10.0111516,57.5105676,0
10.0106474,57.5104984,0
10.010229,57.5104062,0
10.1796696,57.4271519,0
9.9900502,56.9954377,0
10.0386917,57.5143737,0
10.0388643,57.5143364,0
10.0389929,57.5143075,0
10.0392181,57.5143075,0
10.0396367,57.5143075,0
10.0401837,57.5142672,0
10.040656,57.5142038,0
10.0416967,57.5140482,0
10.0419931,57.5140018,0
10.0428017,57.5138754,0
9.9928052,56.9957172,0
9.9923085,56.9957198,0
10.0309358,57.5118439,0
10.0308501,57.5120167,0
10.0307908,57.5121361,0
10.0306998,57.5122099,0
10.0305763,57.5122704,0
10.0303403,57.5122992,0
10.0282855,57.5151601,0
10.0282182,57.5152023,0
10.0280281,57.5153214,0
10.0279958,57.5154828,0
9.9843172,56.9995909,0
9.9831899,56.9994375,0
8.6857118,56.966037,0
8.68647,56.9652032,0
8.6862645,56.9648879,0
8.688317,56.9670417,0
8.6873956,56.9665696,0
8.6872987,56.966539,0
8.6857118,56.966037,0
9.9856733,56.9996049,0
10.5031664,57.4935554,0
10.5022492,57.4933075,0
8.7368604,56.9691505,0
8.7414945,56.970802,0
8.7470646,56.972787,0
8.7473322,56.972822,0
10.0143583,57.0248289,0
10.0148189,57.0252727,0
10.0149746,57.0253611,0
10.0150602,57.0253536,0
10.0151436,57.0253464,0
10.2918869,57.4094942,0
10.2918423,57.4096006,0
10.2911116,57.4102181,0
10.2908614,57.4104278,0
10.2906688,57.4106327,0
10.2903105,57.4111663,0
10.2902621,57.4112448,0
10.2898227,57.4119563,0
10.2896579,57.4123035,0
10.289526,57.412822,0
10.2888772,57.4135458,0
10.2883687,57.413997,0
10.287877,57.4142773,0
10.2873515,57.4145255,0
10.2868499,57.4146647,0
10.286148,57.4147494,0
10.2854218,57.4147258,0
10.2848157,57.4146761,0
10.2842734,57.4146638,0
10.2837842,57.4146876,0
10.2832899,57.4147506,0
10.2828877,57.4147825,0
10.282409,57.4148034,0
10.2821723,57.4147819,0
10.2818677,57.4147543,0
10.2799159,57.4144323,0
10.2790161,57.4142839,0
10.2761666,57.4137279,0
10.2758902,57.4136964,0
10.275407,57.4136414,0
10.2741408,57.4135471,0
10.2729234,57.4134829,0
10.272171,57.4134731,0
10.2719412,57.4134819,0
10.2714463,57.413501,0
10.2709226,57.4135566,0
10.2703474,57.4136339,0
10.2697619,57.4137455,0
10.2681415,57.4141422,0
10.2675356,57.4142982,0
10.2663721,57.4145979,0
10.2659435,57.4147083,0
10.2657511,57.4147611,0
10.2653262,57.4148775,0
10.2648206,57.4150385,0
10.2642909,57.4152164,0
10.2636857,57.4154696,0
10.263438,57.4155882,0
10.2630766,57.4157612,0
10.2628885,57.4158597,0
10.2620771,57.4162844,0
10.2612222,57.4167421,0
10.2594999,57.4176738,0
10.2592093,57.4178196,0
10.2584059,57.4182443,0
10.257741,57.4186345,0
10.257072,57.4190505,0
10.256419,57.4194965,0
10.2536854,57.4213953,0
10.2517614,57.4227184,0
10.2483846,57.4250404,0
10.2370095,57.432636,0
10.2357617,57.4334692,0
10.2335227,57.4348014,0
10.2276227,57.4381997,0
10.2261197,57.4388139,0
10.2230286,57.4401581,0
10.2214108,57.4412943,0
10.2206259,57.4419262,0
10.219787,57.4425336,0
10.2187817,57.4430538,0
10.2173408,57.4435818,0
10.2156958,57.4439409,0
10.2116135,57.4443279,0
10.2111149,57.4443752,0
10.2093159,57.4446547,0
10.2088961,57.4447615,0
9.9689942,57.0900742,0
9.9689878,57.0906135,0
9.9688918,57.0909816,0
9.968601,57.0915222,0
9.968424,57.0919387,0
9.96826,57.0923232,0
9.9681183,57.0928521,0
9.9679296,57.0940213,0
9.9675584,57.0942742,0
9.9675533,57.0927783,0
9.9674714,57.0921529,0
9.9672895,57.0916239,0
9.9670999,57.0912468,0
9.966894,57.0909142,0
9.9666677,57.0905783,0
9.966591,57.0904007,0
10.1836661,57.4268717,0
10.1835589,57.4269959,0
10.183525,57.4271457,0
10.183552,57.4272843,0
10.1836324,57.4277926,0
10.1836608,57.4280645,0
9.826636,57.0010311,0
9.824817,57.0028275,0
9.8250721,57.0029581,0
9.8247279,57.0021594,0
9.8249171,57.0022656,0
9.824817,57.0028275,0
10.2068983,57.539915,0
9.9721547,57.0890302,0
10.2210005,57.5197021,0
10.2211493,57.519407,0
10.2211493,57.5193369,0
10.2210656,57.5188368,0
9.5254246,56.6568158,0
8.6405931,57.0957601,0
8.6429607,57.0951765,0
8.6439753,57.0946576,0
8.6447514,57.0943874,0
8.6461042,57.0941064,0
8.6468205,57.0937497,0
8.6473776,57.0935444,0
8.6468404,57.0925499,0
8.6463828,57.0922148,0
8.6465022,57.0918798,0
8.6467609,57.0917284,0
8.6462834,57.0910366,0
8.662017,57.0898966,0
8.6567727,57.0844622,0
8.6439516,57.0861534,0
8.643693,57.0864777,0
8.6460953,57.0898227,0
8.6676957,57.0902862,0
8.6680612,57.0899109,0
8.6681195,57.0898511,0
8.6684707,57.0896138,0
8.6692844,57.0891857,0
8.6696611,57.0887529,0
8.6364946,57.0897935,0
8.6372505,57.0895773,0
8.6378674,57.0894584,0
8.6423663,57.0899495,0
8.6442199,57.090297,0
8.6448595,57.0900842,0
9.9522258,57.0793647,0
10.1759379,57.0549438,0
10.1791244,57.0549584,0
10.1811575,57.0534063,0
10.1808626,57.0532576,0
10.1755141,57.0536134,0
10.1775259,57.0544596,0
10.1795044,57.0616655,0
10.1794175,57.0618993,0
10.1796831,57.0619256,0
10.1780677,57.0553435,0
10.1779603,57.0548505,0
10.1781803,57.0545004,0
10.1742374,57.0537798,0
10.1770324,57.054693,0
10.1879746,57.0665257,0
10.1850773,57.0674009,0
10.1846159,57.0675701,0
10.1818947,57.0662971,0
10.1822261,57.066722,0
10.1832666,57.0679761,0
10.1833071,57.0680249,0
10.1841546,57.0690632,0
10.1850773,57.0701947,0
8.5916277,57.1193825,0
8.5923127,57.1195565,0
8.592486,57.1196855,0
8.5927364,57.1198005,0
9.9747497,57.0872655,0
8.6189224,57.124884,0
8.6206054,57.1224586,0
8.6203376,57.1220552,0
8.6202602,57.1219527,0
8.6201144,57.1218455,0
8.619917,57.1217011,0
8.6196909,57.1214919,0
8.6195364,57.1213196,0
8.6194105,57.1209928,0
8.6193102,57.1207001,0
8.6189871,57.1197587,0
8.6189224,57.1195715,0
8.6188871,57.1194694,0
8.6187526,57.1190803,0
8.6184702,57.1182977,0
8.6183385,57.1179957,0
8.6176831,57.1164925,0
8.6175893,57.1162805,0
8.6326635,57.1219532,0
8.6326912,57.1209319,0
8.6328255,57.1208104,0
8.6558744,57.1079617,0
8.6551992,57.1043737,0
8.6595181,57.1076893,0
8.6594324,57.1077025,0
8.654214,57.1081724,0
8.651172,57.1081763,0
8.6475053,57.108125,0
8.6464599,57.1082315,0
8.6463364,57.1084838,0
8.646438,57.109643,0
8.6466776,57.1102857,0
8.6565825,57.1031297,0
8.6550776,57.1041394,0
8.6531853,57.105666,0
8.6519347,57.1070122,0
8.6516027,57.1073306,0
8.651172,57.1081763,0
8.6506732,57.1091816,0
8.6504741,57.1097766,0
8.5895799,57.1164157,0
8.5895165,57.1165476,0
8.5894403,57.1166718,0
8.5891258,57.1171136,0
8.5890667,57.1172242,0
8.5890399,57.1173257,0
8.589038,57.1174405,0
8.5890609,57.1175306,0
8.5891371,57.1176382,0
8.5905875,57.1188178,0
8.5907838,57.1189544,0
8.591045,57.1191085,0
8.5913538,57.1192348,0
8.5915844,57.1193298,0
8.5916277,57.1193825,0
8.5916239,57.1194855,0
8.5915383,57.1196068,0
8.5908981,57.1204596,0
8.5902615,57.1214073,0
8.5902764,57.1215932,0
8.5903956,57.1217104,0
8.5907528,57.1219367,0
10.1822261,57.066722,0
10.1797452,57.0675701,0
10.2563059,57.381822,0
10.2569389,57.3820129,0
10.2587629,57.3825854,0
10.2598036,57.3830423,0
10.2605867,57.3831984,0
10.2616166,57.3832967,0
10.2639984,57.3834008,0
10.2659296,57.3834529,0
10.2678393,57.3834702,0
10.2684616,57.3835512,0
10.2694916,57.3837131,0
10.2706074,57.3838114,0
10.2715623,57.3838866,0
10.2733219,57.3840254,0
10.2742768,57.3840312,0
10.2754461,57.3840427,0
10.275636,57.3840647,0
10.2762716,57.3840474,0
10.3006383,57.4105391,0
10.3004991,57.4107156,0
10.3002512,57.4110678,0
10.3000624,57.4113895,0
10.2999187,57.4116341,0
8.6275109,57.105741,0
8.6272265,57.1047635,0
8.6276642,57.1037802,0
8.6273259,57.1031858,0
8.6395717,57.1021531,0
8.6385174,57.1014596,0
8.638329,57.1007191,0
8.6380533,57.1003961,0
8.6365885,57.0999549,0
8.6361244,57.0997658,0
8.6349059,57.0985132,0
8.7052607,57.0734722,0
8.705274,57.0736144,0
8.7053228,57.0737325,0
8.7054336,57.0738915,0
8.7057616,57.074265,0
8.7059124,57.074371,0
8.7061606,57.074465,0
8.7069986,57.0746915,0
8.7078409,57.0749373,0
8.7082133,57.0750602,0
8.7085635,57.0751999,0
8.7092906,57.0755614,0
8.7098357,57.0758722,0
8.7103677,57.0762168,0
8.7108509,57.0765228,0
8.7109574,57.0765999,0
8.7110948,57.0767686,0
8.7114673,57.0771999,0
8.7116579,57.0774143,0
8.7117952,57.0776432,0
8.7118973,57.0778336,0
8.7119549,57.0780046,0
8.7119948,57.0781829,0
8.7120257,57.0783805,0
8.7120169,57.078607,0
9.5270771,56.5902734,0
9.5274096,56.590108,0
9.5274848,56.5900489,0
9.5275279,56.5899544,0
9.5275492,56.5896354,0
9.5276243,56.5891923,0
9.5277209,56.5890386,0
9.5278283,56.5889264,0
9.5279998,56.5888378,0
9.5282359,56.5887492,0
9.5284827,56.5886606,0
9.5288259,56.5885543,0
9.5290835,56.5883711,0
9.5294911,56.5880166,0
9.5297057,56.5878512,0
9.529738,56.5877449,0
9.5297272,56.5876563,0
8.6144681,57.1186606,0
8.6150097,57.1184806,0
8.6154296,57.1186546,0
8.6161312,57.1183669,0
8.6168061,57.1181968,0
8.6172865,57.1181505,0
8.6181266,57.1180545,0
9.9346163,57.0609939,0
8.6773612,57.1057773,0
8.6773828,57.1062589,0
8.6774711,57.1065692,0
8.6778734,57.1073942,0
8.677997,57.1075772,0
8.6782377,57.1077611,0
8.6784318,57.1079703,0
8.6785993,57.1083365,0
8.6787961,57.108861,0
8.6788982,57.1090616,0
8.6792457,57.1094304,0
8.6794906,57.1096768,0
8.6798161,57.1098991,0
8.6803942,57.1101184,0
8.6810808,57.1101004,0
10.3554725,56.6725457,0
10.2670046,56.6903399,0
10.2674551,56.6894031,0
10.2676568,56.6889358,0
10.2676568,56.6882641,0
10.2675732,56.687983,0
10.2674208,56.6877751,0
10.266776,56.6871145,0
10.2477335,56.6835324,0
10.249729,56.6833084,0
10.2501797,56.6831081,0
10.2513081,56.6829566,0
10.282645,56.6533837,0
10.2830956,56.6537494,0
10.2826665,56.6582313,0
10.2823875,56.6586677,0
9.8298896,56.8813303,0
9.8310554,56.8813315,0
9.8318402,56.8813746,0
9.9147494,57.0476149,0
9.9147705,57.0476606,0
9.9147902,57.0477157,0
9.9147988,57.0477889,0
9.9147545,57.0478544,0
9.914209,57.0480655,0
9.9137031,57.0482144,0
9.8959175,57.0353169,0
9.8960085,57.0353169,0
9.8961535,57.035333,0
9.8962475,57.0353563,0
9.8963386,57.0353943,0
9.8964057,57.0354746,0
8.6226344,57.1108183,0
8.6227131,57.1108203,0
8.6234415,57.1108391,0
8.6240313,57.1108542,0
8.6243752,57.1108618,0
8.6250934,57.1108777,0
8.625948,57.1108966,0
8.626264,57.1107868,0
8.6267571,57.1108,0
8.6291793,57.1108651,0
8.6295466,57.1108784,0
8.6298541,57.1109101,0
8.630106,57.1109488,0
8.6303699,57.1109985,0
8.6306343,57.1110744,0
8.6328608,57.1118054,0
8.6340724,57.1121994,0
10.2537665,57.3810479,0
10.2538187,57.3808422,0
10.2538052,57.3805957,0
10.2537828,57.3805167,0
10.2537203,57.3802952,0
10.2530658,57.3789245,0
10.251916,57.3764988,0
10.2511904,57.3749679,0
10.2511238,57.374812,0
10.2509621,57.3744597,0
10.2502523,57.3729133,0
10.2500832,57.3725445,0
10.2492355,57.3707686,0
10.2483987,57.3694553,0
10.2478837,57.3687206,0
10.2476584,57.3681941,0
10.2473902,57.3675115,0
10.2471542,57.3665106,0
10.2469611,57.3654112,0
10.2468753,57.363797,0
10.2468546,57.3634877,0
10.2467573,57.3620148,0
10.2465781,57.3613296,0
10.2462959,57.3602499,0
10.2457059,57.3581783,0
10.2456951,57.3581467,0
10.2455557,57.3577384,0
10.2453624,57.3574317,0
10.2451586,57.3572118,0
10.2439356,57.3562454,0
10.2435386,57.3559155,0
10.2432274,57.355603,0
10.2431061,57.3552879,0
10.2430451,57.354457,0
10.2431202,57.3534268,0
10.2431155,57.3532651,0
10.2430988,57.3526744,0
10.2430451,57.3524487,0
10.2425194,57.351511,0
10.2422977,57.3511375,0
10.2420901,57.3507875,0
10.241983,57.3505618,0
10.2420472,57.3496473,0
10.2421439,57.3487674,0
10.2424228,57.3478702,0
10.2424443,57.3473608,0
10.2421783,57.3462523,0
9.9795821,57.0286798,0
9.9779715,57.0287698,0
10.2057847,56.6394515,0
10.2071151,56.6393571,0
10.2089294,56.6402196,0
10.2090045,56.6403246,0
10.2101954,56.6457768,0
10.1994548,56.6358288,0
10.2006992,56.6374809,0
10.2020941,56.6392391,0
10.2022871,56.6393217,0
10.2032957,56.6392391,0
10.2035318,56.6396167,0
10.2037248,56.6396757,0
10.2057847,56.6394515,0
10.2954253,56.6176051,0
8.6106916,57.1140386,0
8.6115858,57.1142027,0
8.6127618,57.114274,0
8.6147293,57.1144299,0
10.1837412,57.4284833,0
10.1837479,57.4283279,0
10.1835857,57.4282493,0
10.1833817,57.4282147,0
10.1831458,57.4281685,0
10.1829956,57.4281136,0
10.2402466,57.0788585,0
10.2411457,57.0808653,0
10.2414461,57.0817517,0
10.2422258,57.0823675,0
10.2425225,57.0826386,0
10.2428084,57.0828698,0
10.2431387,57.0831356,0
10.24338,57.0832253,0
10.2272195,57.0549339,0
10.2277797,57.0550956,0
10.2721302,57.0876976,0
10.2668542,57.0886765,0
10.265438,57.0892594,0
10.2644938,57.0899356,0
10.2634639,57.0901455,0
10.2249452,57.0634283,0
10.2244946,57.063685,0
10.1980802,57.0653533,0
10.1982968,57.0658648,0
10.1988548,57.0666698,0
10.1995844,57.0672297,0
10.2212974,57.0691212,0
10.2208468,57.0690629,0
10.2202244,57.0690629,0
10.2199904,57.0689679,0
10.2198812,57.0688063,0
10.247907,57.0915911,0
10.2482696,57.0915579,0
10.2502653,57.0905086,0
10.2503296,57.0903332,0
10.2483341,57.0908351,0
10.2480786,57.0909033,0
10.2461239,57.0907884,0
10.2452012,57.0907767,0
10.2444953,57.0908333,0
10.2438065,57.0909866,0
10.2061972,57.0715402,0
10.2150316,57.0685441,0
10.2180894,57.0674884,0
10.2204497,57.066701,0
10.2205708,57.0666589,0
10.2231211,57.0657732,0
10.2247542,57.0652115,0
10.2260846,57.0650132,0
10.2311914,57.0642782,0
10.2349659,57.0636616,0
10.2359315,57.0635333,0
8.6127618,57.114274,0
8.6130787,57.1130258,0
8.6131644,57.1126649,0
8.6129357,57.1122871,0
10.2165229,57.0624544,0
10.2142378,57.0639769,0
10.2143579,57.0641849,0
10.2164501,57.0660631,0
10.2120062,57.0619469,0
10.2096373,57.063759,0
10.2093798,57.0638524,0
10.2080579,57.0642336,0
10.207189,57.065196,0
10.2071997,57.0653361,0
10.1960845,57.0675698,0
10.1966446,57.0685596,0
10.2313609,57.0619349,0
10.2279257,57.0504882,0
10.2400323,57.0731995,0
10.2389142,57.0761773,0
10.2390429,57.0764572,0
10.2399011,57.07795,0
10.2402466,57.0788585,0
10.2373477,57.0546071,0
10.2503296,57.0903332,0
10.2497716,57.0881413,0
10.2398818,57.055644,0
10.2231428,57.075758,0
10.220718,57.0739736,0
10.2206322,57.0738218,0
10.2218768,57.0808887,0
10.2188727,57.0758507,0
10.2314254,57.0686196,0
10.2334874,57.0685246,0
10.2338308,57.0685946,0
10.233893,57.0687246,0
10.2336141,57.0692029,0
10.2337878,57.0696794,0
10.2343221,57.0699028,0
10.2346012,57.0700078,0
10.2346012,57.0702411,0
10.2340003,57.0706143,0
10.233745,57.0711258,0
10.2338501,57.0717574,0
10.2143579,57.0641849,0
10.2141949,57.0641578,0
10.2139374,57.0641633,0
10.211254,57.0647726,0
10.2091953,57.0651316,0
10.2076072,57.0657032,0
10.2075206,57.0657463,0
10.2066203,57.0661932,0
10.2002045,57.0676281,0
10.1990264,57.0679297,0
10.2425189,57.0659249,0
10.2402466,57.0788585,0
8.6667232,57.0897834,0
8.6675899,57.0895018,0
8.6678594,57.089732,0
8.6934634,57.0825629,0
8.6933989,57.0827947,0
8.6932385,57.0829691,0
9.9737555,57.0152896,0
9.9723914,57.0156617,0
9.9729134,57.0156565,0
9.9730138,57.0157095,0
9.9737663,57.0157011,0
9.9743676,57.0156943,0
9.9747469,57.0157796,0
9.9748099,57.0157938,0
9.9725464,57.0152572,0
9.9727857,57.015126,0
9.9729507,57.015096,0
9.9751458,57.015056,0
9.9753979,57.015053,0
9.9755428,57.015091,0
9.9761187,57.0153852,0
9.9762617,57.0154619,0
9.9764386,57.0155428,0
9.9766426,57.0155459,0
9.9770275,57.0155494,0
9.9780666,57.0155393,0
9.9787002,57.0155336,0
9.9791597,57.0155291,0
9.9794211,57.0155336,0
9.9805103,57.0155196,0
9.9806872,57.0155049,0
9.9808107,57.0154553,0
9.981503,57.0150468,0
9.9816637,57.0149705,0
9.9817548,57.0149355,0
9.9818514,57.0149209,0
9.9822162,57.0149121,0
9.9826346,57.0149063,0
9.9831702,57.0148931,0
10.5109375,57.4469977,0
10.5109323,57.4470549,0
10.5108519,57.4479503,0
10.5094839,57.4468862,0
10.509482,57.4469472,0
10.5108519,57.4479503,0
10.504773,57.450286,0
10.5046689,57.4497828,0
10.5046635,57.449756,0
10.5055468,57.4490941,0
10.5044924,57.4491527,0
10.5043812,57.448607,0
10.5034862,57.4486377,0
10.5034273,57.4486648,0
10.501542,57.4487743,0
10.5015462,57.4488124,0
10.5016742,57.450006,0
10.5016786,57.4500471,0
10.1212568,57.0629067,0
10.5012988,57.4473406,0
10.5022,57.4472898,0
10.5028181,57.4472575,0
9.9171325,57.0520628,0
10.5022,57.4472898,0
10.5021743,57.4471836,0
10.5021572,57.4469573,0
10.5022774,57.4468973,0
10.502552,57.4468557,0
10.5024834,57.4466248,0
10.5023718,57.4465786,0
10.5021914,57.4465648,0
10.501977,57.4465601,0
10.5018138,57.4465878,0
10.5015906,57.446634,0
10.5014877,57.4467264,0
10.5014619,57.4468372,0
10.5015992,57.4472206,0
10.5011671,57.4470778,0
10.5008783,57.4471143,0
10.5006809,57.4471282,0
10.500432,57.447119,0
10.5003632,57.4471143,0
10.499153,57.4470266,0
10.499153,57.4470266,0
10.498844,57.4470866,0
10.4977798,57.4470035,0
10.4971618,57.4469619,0
10.4973593,57.4463061,0
10.4976767,57.4462876,0
10.4979601,57.4463477,0
10.242015,57.3453564,0
10.239576,57.3450243,0
10.2381189,57.3448259,0
10.2364303,57.3446059,0
10.2358029,57.3445242,0
10.2353524,57.3444837,0
10.2351674,57.3431384,0
10.2347623,57.3430189,0
10.2318181,57.3424371,0
10.2296301,57.3420047,0
10.2293687,57.3419531,0
10.2283466,57.3417511,0
10.2272629,57.3415485,0
10.2268553,57.341589,0
10.2265984,57.3416905,0
10.2308053,57.3438781,0
10.2313219,57.3431432,0
10.234862,57.3438558,0
10.2362321,57.3437036,0
10.2248811,57.3402863,0
10.2421553,57.3415012,0
10.242176,57.3412764,0
10.2372568,57.3407551,0
10.2375519,57.3407322,0
10.2387858,57.3406337,0
10.2396848,57.3406185,0
10.2404594,57.3406511,0
10.230503,57.343818,0
10.2308053,57.3438781,0
10.2324236,57.3442,0
10.2431846,57.3404137,0
10.2421944,57.3461584,0
10.2421923,57.3460298,0
10.242015,57.3453564,0
10.2419937,57.3452652,0
10.2417387,57.3442786,0
10.2417252,57.344226,0
10.241618,57.3438815,0
10.2415698,57.34376,0
10.2415376,57.3436876,0
10.2406549,57.3421949,0
10.2381845,57.3438658,0
10.2395261,57.3438238,0
10.5008352,57.4469388,0
10.5005435,57.4469481,0
10.5004406,57.4469804,0
10.5003805,57.4470543,0
10.2299774,57.3428569,0
10.2313219,57.3431432,0
10.2345595,57.343665,0
10.2347503,57.3437478,0
10.2348483,57.343818,0
10.234862,57.3438558,0
10.2351043,57.3445129,0
10.2352345,57.3448658,0
10.239576,57.3450243,0
10.503971,57.4463108,0
10.5033482,57.4463061,0
10.5032761,57.4462332,0
10.5025684,57.44623,0
10.5025516,57.4461727,0
10.5023288,57.4452623,0
10.5023117,57.445216,0
10.5025516,57.4461727,0
10.5023632,57.4461311,0
10.5015649,57.4461214,0
10.5015305,57.4460752,0
10.501534,57.4456084,0
10.2590497,56.9079215,0
10.2592267,56.9079947,0
10.2593582,56.9080709,0
10.2595566,56.9081236,0
10.2597605,56.9082026,0
10.2598463,56.9082144,0
10.2599751,56.9082144,0
10.2601467,56.9082495,0
10.2602245,56.9082832,0
10.2602594,56.9083242,0
10.260262,56.9083608,0
10.2602969,56.9083681,0
10.2603399,56.9083519,0
10.2603988,56.9083623,0
9.5594679,56.619321,0
9.5598112,56.619262,0
9.5558201,56.6181993,0
9.5572213,56.6185926,0
9.5574681,56.6186988,0
9.5576977,56.6188369,0
9.5579295,56.6189822,0
9.5582083,56.6191002,0
9.5585989,56.619197,0
9.5589915,56.6192537,0
9.5594679,56.619321,0
9.5596996,56.6194072,0
9.6422321,56.9841329,0
9.640805,56.9837733,0
9.6401952,56.9836196,0
9.6400697,56.983588,0
9.6399737,56.9835638,0
9.6398183,56.9834838,0
9.6397142,56.9833171,0
9.639564,56.983019,0
9.6367455,56.9841753,0
9.6384791,56.9835058,0
9.6398183,56.9834838,0
9.6390408,56.9838546,0
9.6382605,56.9842887,0
9.6381639,56.9843314,0
9.638459,56.9847289,0
9.638576,56.9851443,0
9.6386578,56.9852641,0
9.6387594,56.9854127,0
9.638576,56.9851443,0
9.6405296,56.9855852,0
9.6408427,56.9854607,0
9.6416125,56.9851543,0
9.6421014,56.9849598,0
9.642334,56.9848477,0
9.6428953,56.9845769,0
9.6430508,56.9844751,0
9.6366887,56.9835684,0
9.4309575,56.6095803,0
9.4309909,56.6094592,0
9.4311186,56.6093441,0
9.4313127,56.6092702,0
9.4322127,56.6091315,0
9.4330175,56.6090607,0
9.4336076,56.6089426,0
9.6082738,57.1480244,0
9.6067481,57.1476996,0
9.6049897,57.1472998,0
9.6034017,57.1469738,0
9.5954409,57.1452277,0
9.5895616,57.1439705,0
9.589347,57.143889,0
9.5893245,57.1437883,0
10.2881682,56.615861,0
10.2881388,56.615956,0
10.2881242,56.6166095,0
9.6104399,57.1475209,0
9.6041528,57.1547838,0
10.1039214,56.9989846,0
10.1039736,56.9989074,0
10.1033865,57.0001036,0
10.1062296,56.9990027,0
10.1057701,56.9990048,0
10.1050758,56.999008,0
10.1049683,56.9989707,0
10.1044012,56.9989761,0
10.1064173,56.9996048,0
10.106524,56.999148,0
10.1064789,56.9990035,0
10.1039736,56.9989074,0
10.1075926,56.9996449,0
10.1066193,56.9996618,0
9.4787925,56.6321345,0
10.2005995,57.5454342,0
10.2015565,57.5439542,0
10.2016209,57.5438448,0
10.2016209,57.5437642,0
10.2016209,57.5436894,0
9.9647747,57.0789306,0
9.9644738,57.078829,0
9.9625909,57.0794603,0
9.9623975,57.0794854,0
9.9621617,57.0794148,0
9.9618136,57.079267,0
9.9609309,57.0786853,0
9.959363,57.0774327,0
9.9572584,57.0752941,0
9.9567983,57.074621,0
9.965326,57.0791854,0
10.1955382,57.5442283,0
9.9534609,57.035268,0
10.06706,56.9181074,0
10.0691798,56.916735,0
10.0702829,56.9160314,0
10.0721105,56.9148557,0
10.0732439,56.9141242,0
10.0743995,56.9133742,0
10.0768718,56.9117907,0
10.0770576,56.9116718,0
10.078705,56.9105984,0
10.0797851,56.9099006,0
10.0820573,56.9084315,0
10.0840029,56.9071828,0
10.0857775,56.9060378,0
10.0866521,56.9054704,0
10.0880373,56.9045804,0
10.0886927,56.9042016,0
10.0893837,56.9038851,0
10.0902117,56.9035651,0
10.0905983,56.9034493,0
10.0912881,56.9032452,0
10.0668421,56.9182497,0
9.4411392,56.5914727,0
9.4396626,56.591718,0
9.4395053,56.5917483,0
9.4392748,56.5917783,0
9.4384463,56.5918862,0
9.4378991,56.5919453,0
9.4375023,56.5919039,0
9.4370408,56.5919394,0
9.4357213,56.5919984,0
9.4336291,56.5921225,0
9.4316871,56.5922997,0
9.4290587,56.5925478,0
9.4286188,56.5926186,0
9.4392748,56.5917783,0
9.4394335,56.5918449,0
9.4394656,56.5919335,0
9.4394335,56.5927546,0
9.4395086,56.5932744,0
9.4396372,56.5937115,0
9.4400126,56.5944026,0
9.4402058,56.5946389,0
9.4404098,56.5948634,0
9.4403882,56.5950168,0
9.4402927,56.595138,0
9.4343586,56.5932094,0
9.431816,56.5933453,0
9.8985206,57.0371403,0
9.8986221,57.0372466,0
9.8989009,57.0374305,0
9.8989891,57.0374997,0
9.8992193,57.0376804,0
9.8992766,57.0377253,0
9.8995126,57.0378566,0
9.8983835,57.0378019,0
9.8984879,57.0377749,0
9.8986595,57.0377282,0
9.8987454,57.0376582,0
9.8987723,57.0375998,0
9.8988741,57.0375472,0
9.900132,57.0383234,0
9.9000757,57.0383236,0
9.8998076,57.0382098,0
9.8998076,57.0382098,0
9.8999953,57.0381339,0
9.9000757,57.0380697,0
9.8975894,57.0377253,0
9.8976322,57.0376654,0
9.8978602,57.0377049,0
9.8979059,57.0376363,0
9.8901796,56.8110041,0
9.8891918,56.8113619,0
9.8887605,56.8115597,0
9.8883357,56.8117834,0
9.8879451,56.8120383,0
9.887587,56.8123132,0
9.8873374,56.8125318,0
9.8871288,56.8127586,0
9.8849584,56.8158356,0
9.8842287,56.817057,0
9.8840742,56.8174986,0
9.8839456,56.8180294,0
9.8839819,56.8189074,0
9.884065,56.8200603,0
9.8841426,56.820554,0
9.8842545,56.8209558,0
9.8845227,56.8214721,0
9.8850149,56.8224647,0
9.8854219,56.8232856,0
9.886158,56.8247564,0
9.8862333,56.8249576,0
9.8862849,56.8251295,0
9.8863058,56.8252816,0
9.8863231,56.8257466,0
9.8862434,56.8262062,0
9.886229,56.8262888,0
9.8858206,56.8277597,0
9.8857799,56.828012,0
9.8857631,56.8281963,0
9.8857576,56.8283724,0
9.8857925,56.8285856,0
9.8858682,56.8288226,0
9.8860397,56.829236,0
9.8866678,56.8303067,0
9.8869051,56.8306836,0
9.886936,56.8307326,0
9.8870183,56.830889,0
9.8871212,56.8311426,0
9.8871642,56.8315558,0
9.8871573,56.8321469,0
9.8871652,56.8322979,0
9.8871722,56.8323848,0
9.8871973,56.8326918,0
9.8872413,56.8328847,0
9.8873187,56.8331007,0
9.8877046,56.8340388,0
9.9200458,57.0107234,0
9.9203533,57.0104266,0
9.9373893,57.5563664,0
9.9333003,57.5566429,0
9.9333003,57.5566429,0
9.9331587,57.5561449,0
9.9331695,57.5560011,0
9.9373874,57.5564957,0
9.9373893,57.5563664,0
9.9373981,57.5558143,0
9.9371462,57.5558143,0
9.9282378,57.5591242,0
9.9280161,57.5589732,0
9.9278711,57.5587764,0
9.9272654,57.5571975,0
9.9271119,57.5566438,0
9.9269157,57.5561632,0
9.9234086,57.5584629,0
9.9241772,57.5585915,0
9.9246277,57.5586208,0
9.924921,57.5586245,0
9.9306521,57.558305,0
9.9305374,57.5579678,0
9.9348993,57.554818,0
9.9362995,57.554713,0
9.9375376,57.5546843,0
9.9376554,57.5547073,0
9.9377251,57.5547878,0
9.9175349,57.5588081,0
9.918103,57.5591187,0
9.9185261,57.5592469,0
9.9188879,57.5593128,0
9.9192427,57.5593457,0
9.9217065,57.559342,0
9.9221912,57.559364,0
9.9225597,57.5593237,0
9.9227712,57.5592578,0
9.9229486,57.55917,0
9.9230715,57.5590418,0
9.9234086,57.5584629,0
9.9236108,57.5581156,0
9.9236721,57.5578849,0
9.9236856,57.5576872,0
9.9236585,57.5575517,0
9.9234265,57.5570575,0
9.9234196,57.556955,0
9.9234742,57.5568854,0
9.9235697,57.5568341,0
9.9237745,57.5568012,0
9.9246412,57.5566914,0
9.9247845,57.5566401,0
9.9248801,57.5565559,0
9.9248869,57.5564314,0
9.9209968,57.5573174,0
9.9210786,57.5577348,0
9.9212834,57.5581557,0
9.9216041,57.5590052,0
9.9217134,57.5591956,0
9.9236585,57.5575517,0
9.9251326,57.5573687,0
9.9252827,57.557365,0
9.917807,57.5567956,0
9.9184145,57.5568432,0
9.9188376,57.5568285,0
9.9191038,57.5567809,0
9.9192539,57.5567114,0
9.9194041,57.5565979,0
9.9196293,57.5564221,0
9.919793,57.5563379,0
9.919853,57.5563142,0
9.9199978,57.5562976,0
9.9228575,57.5559718,0
9.9234034,57.5559791,0
9.9235262,57.5560267,0
9.9182847,57.5561329,0
9.9184553,57.5561988,0
9.9187079,57.5562244,0
9.9194872,57.5562666,0
9.9197726,57.5562976,0
9.9238631,57.549508,0
9.9255905,57.5496203,0
9.9266257,57.5496903,0
9.9276892,57.5497397,0
9.9281499,57.5497801,0
9.9284681,57.549852,0
9.9286272,57.5499554,0
9.9294646,57.5507507,0
9.9295315,57.5508585,0
9.9295902,57.5510248,0
9.9295776,57.5512782,0
9.9295292,57.5522482,0
9.9295079,57.5526771,0
9.9295064,57.5527052,0
9.9294562,57.5535903,0
9.9294774,57.5537838,0
9.9295064,57.5540486,0
9.929699,57.5546192,0
9.9256961,57.5513932,0
9.9294774,57.5537838,0
9.9298431,57.5538193,0
10.5405143,57.4554245,0
10.5403834,57.4554056,0
10.5401716,57.4553606,0
10.5398688,57.4553239,0
10.5395797,57.4553166,0
10.5393122,57.4553358,0
10.539045,57.4553834,0
10.5388223,57.4554434,0
10.5385994,57.455528,0
10.5379747,57.4558522,0
10.5370391,57.4562401,0
10.5355565,57.4567526,0
10.5349026,57.4569879,0
10.5336335,57.4574445,0
10.5324214,57.4579068,0
10.5317282,57.458151,0
10.5316576,57.4581746,0
10.5311684,57.4583732,0
10.530825,57.4585348,0
10.5304217,57.4587194,0
10.5300526,57.4589226,0
10.5299044,57.4590143,0
10.5284218,57.4599013,0
10.5283378,57.4599377,0
10.5274089,57.4604969,0
10.5271085,57.4606862,0
10.5267779,57.4608822,0
10.5267136,57.4609309,0
10.5263532,57.4611709,0
10.5262073,57.4613186,0
10.5259926,57.4615402,0
10.5256028,57.4620452,0
10.5254798,57.4622045,0
10.301501,56.9775673,0
10.3014313,56.9799761,0
10.3014635,56.9801047,0
10.301485,56.9803649,0
10.3015222,56.9807655,0
10.3015029,56.9809011,0
10.3014811,56.981033,0
10.3014743,56.9811804,0
10.0664451,56.8105255,0
10.0663941,56.8105701,0
10.0662659,56.8134538,0
10.0664737,56.8132258,0
10.0664497,56.8132053,0
10.0671256,56.8126341,0
10.0660902,56.8122671,0
10.0657112,56.8121364,0
10.0652346,56.811972,0
10.0644903,56.8117037,0
10.0642608,56.8116211,0
10.0644903,56.8117037,0
10.0676338,56.8101914,0
10.0673187,56.81047,0
10.0667427,56.810266,0
10.0666803,56.8102439,0
10.0657845,56.8099238,0
10.0667427,56.810266,0
10.0664451,56.8105255,0
10.0663941,56.8105701,0
10.0657112,56.8121364,0
10.065468,56.8123332,0
10.0666803,56.8102439,0
10.0673187,56.81047,0
10.0679784,56.8107225,0
10.0677424,56.8109986,0
10.067485,56.8112217,0
10.0675815,56.8113803,0
9.9422948,57.5660553,0
9.9427096,57.565944,0
9.9428293,57.5658755,0
9.9428691,57.5657942,0
9.942892,57.5657393,0
9.9420851,57.5640537,0
9.9421095,57.5639463,0
9.9421708,57.5638433,0
9.9425354,57.5632371,0
9.9426243,57.5631558,0
9.9427551,57.5631221,0
9.945638,57.5663078,0
9.9457578,57.5661922,0
9.9459333,57.566128,0
9.9462525,57.5660767,0
9.9260334,57.0285749,0
9.9265945,57.0278969,0
9.9262345,57.026831,0
9.9262626,57.0267645,0
8.6817632,57.0570265,0
8.6803443,57.0572109,0
8.6794512,57.057082,0
8.6787628,57.0571709,0
8.6781728,57.0574436,0
8.6777196,57.057647,0
8.6761964,57.0579959,0
8.6759698,57.0582715,0
8.6744763,57.0590437,0
8.6734059,57.0594365,0
8.6728462,57.0592085,0
8.6848078,57.0649998,0
8.682414,57.0653913,0
8.6821525,57.0654197,0
8.6817166,57.0653202,0
8.6808361,57.0652017,0
8.679877,57.0653391,0
8.6792407,57.0654482,0
8.678735,57.0655714,0
8.6773489,57.0656378,0
8.6755005,57.0657468,0
8.6750211,57.0658462,0
8.6737396,57.0658084,0
8.6735128,57.0651069,0
8.6733123,57.0645097,0
8.6731467,57.0644386,0
8.6724231,57.0642679,0
8.6718651,57.0643011,0
8.6837575,57.0620141,0
8.6894983,57.0613561,0
8.6700344,57.0631019,0
8.6702697,57.0647798,0
8.6704528,57.0662824,0
8.6706184,57.0678512,0
8.6708712,57.0698464,0
8.6774623,57.0701918,0
8.6783203,57.0700986,0
8.680351,57.0697255,0
8.6808885,57.0696322,0
8.6819696,57.0696011,0
8.6820871,57.0695854,0
8.6831765,57.0694394,0
8.6835884,57.0700209,0
8.6761964,57.0579959,0
8.6766823,57.058599,0
8.6766533,57.0589466,0
8.6765565,57.0593996,0
8.6764596,57.0595998,0
8.6762175,57.0598052,0
8.676014,57.0604267,0
8.6761399,57.0610167,0
8.6741757,57.048595,0
8.6715621,57.0493538,0
8.6698205,57.0498595,0
8.6688053,57.0500913,0
8.6648834,57.0506652,0
8.6609757,57.0512833,0
8.6591643,57.0513308,0
8.6567134,57.0514519,0
8.6563454,57.0514572,0
8.6560063,57.0513776,0
8.6557027,57.0513722,0
8.6537784,57.0513802,0
8.6517477,57.0518865,0
8.6484776,57.0526789,0
8.6470388,57.0529744,0
8.6451402,57.0533158,0
8.6428077,57.0534591,0
8.6424048,57.0534591,0
8.6407387,57.053261,0
9.7750107,57.0028803,0
9.7750053,57.0024096,0
9.7750011,57.0020482,0
9.7750615,57.0019067,0
9.7751695,57.0016533,0
9.775434,57.0016403,0
9.7755028,57.0017918,0
9.8992844,57.0376342,0
9.8996225,57.0374699,0
9.8996895,57.0375064,0
9.8997459,57.0374787,0
9.8996655,57.0374261,0
9.8992193,57.0376804,0
9.9268287,57.0275574,0
9.9269971,57.0272648,0
9.9270769,57.0270481,0
8.5239078,56.6457239,0
8.5234992,56.6460025,0
9.9593807,57.0814642,0
9.9608037,57.0810136,0
9.9563125,57.0738541,0
9.9551753,57.0728185,0
10.0642059,56.8112132,0
10.0642127,56.8112952,0
10.0645131,56.8113965,0
10.0648886,56.8115256,0
10.0642608,56.8116211,0
8.5419622,57.032017,0
8.6203902,56.9965559,0
8.6383786,56.9936664,0
8.6379872,56.9929729,0
8.6469319,56.9918683,0
8.6481422,56.9936604,0
8.6488651,56.9915232,0
8.6482867,56.9907275,0
8.6172788,56.9975774,0
8.6182499,56.9987611,0
8.555245,57.0268278,0
8.5538885,57.0275248,0
8.6345228,56.994484,0
8.6326299,56.9915051,0
8.6187932,56.9970578,0
8.6197,56.9974506,0
8.6203291,56.9976563,0
8.611714,56.9993279,0
8.6133005,57.0009308,0
8.613728,57.0013189,0
8.5546534,57.0265683,0
8.554772,57.0264937,0
8.555245,57.0268278,0
8.5301444,57.0364837,0
8.5305794,57.0366628,0
8.5332903,57.0363862,0
8.5341373,57.0363011,0
8.6439078,56.9872813,0
8.6430074,56.9881031,0
8.6441386,56.9896669,0
8.6450622,56.9910043,0
8.6455494,56.9917079,0
8.5538885,57.0275248,0
8.5546548,57.0279113,0
8.5553118,57.0281729,0
8.5557692,57.0285879,0
8.6182499,56.9987611,0
8.6179148,56.9991179,0
8.6192824,57.0007391,0
8.6194756,57.0008529,0
8.6203766,57.0023602,0
8.5980441,57.0051249,0
8.5984538,57.0056017,0
8.5992038,57.0064741,0
8.5996901,57.0070968,0
8.5998984,57.0070169,0
8.600398,57.0076776,0
8.610118,57.0001308,0
8.6077021,57.0002739,0
8.6077868,57.0005798,0
8.6077868,57.0006888,0
8.6073019,57.0009445,0
8.6072865,57.0010827,0
8.6073449,57.0013578,0
8.6074624,57.0019112,0
8.6074636,57.0019168,0
9.9756877,56.7979176,0
9.9752021,56.7977272,0
9.9742774,56.7969879,0
9.9730596,56.7962454,0
9.9726532,56.7961493,0
9.9715694,56.7962113,0
9.9710879,56.7963121,0
9.9689652,56.7973156,0
9.9657736,56.7979895,0
9.9637296,56.7978091,0
9.9630455,56.7980576,0
9.9623644,56.7988754,0
9.9618161,56.7991219,0
9.9582462,56.7996871,0
9.9576736,56.7996769,0
9.9549053,56.799183,0
9.9542689,56.7991269,0
9.9993321,56.7781504,0
9.9992937,56.778182,0
9.9992428,56.7781999,0
9.9991249,56.7782146,0
9.9988834,56.7782234,0
9.9982451,56.7782616,0
9.9980733,56.7782822,0
9.9979821,56.7782939,0
9.9979178,56.7783292,0
9.9979124,56.7783968,0
9.9979124,56.7784732,0
9.9659366,56.8012687,0
9.9659244,56.8009431,0
9.9652484,56.8003439,0
9.9641757,56.7995449,0
9.9635211,56.799263,0
9.9631135,56.7989692,0
9.9893261,56.7835343,0
9.9896244,56.7835107,0
9.9919312,56.783064,0
9.9928324,56.7830523,0
9.9929826,56.7829465,0
9.9930147,56.7825996,0
9.9931542,56.782488,0
9.9933366,56.782441,0
9.9976073,56.7822212,0
9.9998975,56.7822822,0
10.0018338,56.7822907,0
10.0026814,56.7822409,0
10.0034218,56.7821762,0
10.0044142,56.7820087,0
10.0052456,56.7819499,0
10.0063293,56.7821351,0
10.0090594,56.7820986,0
10.0116458,56.7821553,0
10.0129519,56.7822306,0
10.0310693,56.8014621,0
10.0300393,56.7990418,0
10.0291381,56.7983133,0
10.028516,56.7980548,0
10.0258122,56.7974203,0
10.0252973,56.797338,0
10.0227224,56.7972558,0
10.0194881,56.7968569,0
10.017873,56.7965037,0
10.0160061,56.7963627,0
10.0152122,56.7962335,0
10.014504,56.7959867,0
10.0139032,56.7956577,0
10.013238,56.7953992,0
10.0103412,56.7946236,0
10.0069295,56.7933192,0
10.0058781,56.7930137,0
10.0054703,56.7929667,0
10.004655,56.7931312,0
10.0041401,56.7931782,0
9.9980675,56.7928021,0
9.9964941,56.7926661,0
9.9945382,56.7925915,0
9.9928269,56.7926767,0
9.9908421,56.7925092,0
9.9866687,56.7920538,0
9.9861052,56.7920361,0
9.9855583,56.792095,0
9.984877,56.7922683,0
9.9843136,56.7925562,0
9.9828009,56.793893,0
9.9825433,56.7940487,0
9.9814008,56.7943248,0
9.9794256,56.79497,0
9.9782283,56.7952811,0
9.9766249,56.7958322,0
9.9753502,56.7961806,0
9.9750215,56.7963266,0
9.852658,57.4512147,0
8.5237662,56.6469182,0
8.5236382,56.6465418,0
8.5235236,56.6464923,0
8.5233356,56.6464518,0
10.0078366,56.8155766,0
10.0085286,56.8155514,0
10.0090651,56.8154986,0
10.0101166,56.8153107,0
10.010417,56.8151346,0
10.0109855,56.8144475,0
9.9820816,56.7858092,0
9.9836377,56.7861201,0
9.9849568,56.7870434,0
9.9867164,56.7872784,0
9.9880252,56.7874312,0
9.988948,56.7875018,0
9.993596,56.7878342,0
9.9984537,56.7881482,0
10.0023804,56.7884419,0
10.0065647,56.7888886,0
10.009676,56.789253,0
10.0105773,56.789347,0
9.9836377,56.7861201,0
9.9843887,56.7855442,0
9.9846033,56.7853326,0
9.9848501,56.7851269,0
9.9853436,56.7848507,0
9.9864166,56.7840867,0
9.9865668,56.7839985,0
9.9867705,56.7839397,0
9.987028,56.7838986,0
9.9873499,56.7838575,0
9.9877791,56.7838339,0
9.9882618,56.7837693,0
9.9886803,56.7836988,0
9.9890128,56.7836281,0
10.1003001,56.942422,0
10.1047289,56.9412782,0
8.5501866,56.9650418,0
8.5134661,56.9685181,0
8.5160617,56.9680249,0
8.491248,56.9725636,0
8.508036,56.9687747,0
8.4885185,56.9694278,0
8.5644696,56.9673949,0
8.5174194,56.9677591,0
8.5171723,56.9675259,0
8.510728,56.9686921,0
8.5106015,56.967937,0
8.5105605,56.967862,0
8.4774232,56.9656092,0
8.4776042,56.9663878,0
8.4764814,56.9667335,0
8.4719015,56.9690025,0
8.4717926,56.9687912,0
8.4717274,56.968497,0
8.4811929,56.9695717,0
8.4812902,56.9700914,0
8.4813531,56.9704933,0
8.5510054,56.9664426,0
8.5501866,56.9650418,0
8.5492424,56.9634424,0
8.5487191,56.962799,0
8.5486537,56.962569,0
8.5486043,56.9612415,0
8.5484681,56.9605545,0
8.4783329,56.9689548,0
8.4773092,56.9689455,0
8.4898257,57.0243517,0
8.4898467,57.0228939,0
8.4908239,57.0215981,0
8.4910741,57.0212662,0
9.8603442,57.4511576,0
9.8603245,57.4504398,0
9.8603192,57.4503793,0
9.8602976,57.4503389,0
8.6821089,57.03232,0
8.6857251,57.0321957,0
8.6858964,57.032351,0
8.6862959,57.0341634,0
8.6866385,57.034298,0
8.6882563,57.0340081,0
8.6886593,57.0339259,0
9.99142,57.4352558,0
9.9911534,57.4351683,0
9.990912,57.4350904,0
9.9906653,57.4350442,0
9.9904023,57.4350211,0
9.9900966,57.4350124,0
9.9898444,57.4350182,0
9.9877961,57.4360535,0
9.9949748,57.4361329,0
9.9906279,57.4366381,0
9.9905848,57.4363926,0
9.9905901,57.4362164,0
9.9906062,57.436098,0
9.9906546,57.4359623,0
9.9907887,57.435792,0
9.9910354,57.4355754,0
9.99142,57.4352558,0
9.9916576,57.435073,0
9.991765,57.4349402,0
9.9918078,57.4348247,0
9.9924281,57.4366156,0
9.9923978,57.4364157,0
9.9923819,57.4362569,0
9.9924086,57.4360721,0
9.9924623,57.4359537,0
9.9926609,57.4357314,0
9.992811,57.43561,0
9.9930845,57.4354802,0
9.9933153,57.4353878,0
9.9935728,57.4353213,0
9.9939805,57.4352723,0
9.9943667,57.4352549,0
9.9949506,57.4365755,0
9.9949748,57.4361329,0
9.9906546,57.4359623,0
9.9903969,57.4359335,0
9.9901878,57.4358959,0
9.9898606,57.4358815,0
9.9894582,57.4358844,0
9.989233,57.4359306,0
9.9877961,57.4360535,0
9.986127,57.4361962,0
9.9935728,57.4353213,0
9.9934493,57.435177,0
9.9933689,57.4350268,0
9.9933581,57.4349027,0
9.9933634,57.4347208,0
9.038958,57.1430294,0
9.0381396,57.1428754,0
9.037149,57.1427643,0
9.036642,57.1426564,0
9.0362201,57.1424668,0
9.0360137,57.1422921,0
9.9197548,57.039269,0
9.9199264,57.0391942,0
9.9200072,57.0391202,0
9.9200276,57.0390588,0
9.9200636,57.0389431,0
9.9160019,57.0350285,0
9.9167957,57.0355293,0
9.9174907,57.036089,0
9.9179057,57.0366143,0
9.9180411,57.0368989,0
9.9182215,57.0373654,0
9.9183608,57.0378257,0
9.9184844,57.0380174,0
9.918939,57.0383632,0
9.9193211,57.0386,0
9.9194752,57.0386622,0
9.9196557,57.0387231,0
9.9201477,57.0388768,0
9.920601,57.0389856,0
9.9278658,57.0402683,0
9.9278829,57.0400161,0
9.9278984,57.0396152,0
9.9279212,57.0391151,0
9.927924,57.0390568,0
9.9279264,57.0390043,0
9.9279559,57.0380722,0
9.9233952,57.038932,0
9.9236581,57.0389716,0
9.9237733,57.0389889,0
9.9248102,57.0389888,0
9.92578,57.0389888,0
9.931375,57.0405042,0
9.931038,57.0404668,0
9.9303382,57.0403781,0
9.9303503,57.0397141,0
8.572307,56.9749696,0
8.5728651,56.9758691,0
8.5732137,56.9759086,0
8.5666785,56.9725049,0
8.5663776,56.9716847,0
8.5652432,56.969674,0
8.5708727,56.981741,0
8.5703753,56.9818606,0
8.5659355,56.9816322,0
8.5742849,56.9846508,0
8.5762596,56.9847224,0
8.5764394,56.984606,0
8.5702766,56.9769646,0
8.5713551,56.9769532,0
8.5742447,56.9769137,0
8.5707103,56.9765134,0
8.570295,56.9764072,0
8.5699319,56.9755129,0
8.5696271,56.9754417,0
8.5764787,56.9888208,0
8.576806,56.989463,0
8.5767556,56.9896114,0
8.5765418,56.9897555,0
8.5703753,56.9818606,0
8.5702014,56.9823399,0
8.5694582,56.9832216,0
8.5672508,56.9838406,0
8.5648495,56.984202,0
8.5602954,56.9843681,0
9.2862851,57.086062,0
9.2860515,57.0860534,0
9.2853446,57.0860583,0
9.284696,57.0860388,0
9.2841725,57.0860121,0
9.2836177,57.0859464,0
9.2832688,57.0859221,0
9.2824726,57.0858638,0
9.2805892,57.0857277,0
9.2798734,57.0856838,0
9.2797167,57.0856547,0
9.2796362,57.085594,0
9.2796139,57.0855234,0
9.2795557,57.0848914,0
9.9729507,57.015096,0
9.9725168,57.0151251,0
9.9720319,57.0152529,0
9.9715733,57.0154543,0
9.9710309,57.0156912,0
9.9706297,57.0158173,0
9.9697144,57.0160049,0
9.9650869,57.0168419,0
9.9628049,57.0170106,0
9.9620173,57.0170688,0
9.9620173,57.0170688,0
9.961897,57.016988,0
9.9618796,57.0168848,0
9.9620019,57.016827,0
9.9622419,57.016835,0
9.9624019,57.016873,0
9.9625785,57.0169273,0
9.5332664,57.0661937,0
9.5337847,57.064902,0
9.5349208,57.0620171,0
9.5362405,57.0587268,0
9.5379324,57.0545082,0
9.5460359,57.0451015,0
9.5924592,57.0618362,0
9.5922982,57.0615387,0
9.5919325,57.0607628,0
9.5917509,57.0603778,0
9.593929,57.0612645,0
9.5934033,57.061107,0
9.5254227,57.0658266,0
9.525105,57.0651213,0
9.5217148,57.0636047,0
9.5195947,57.0623493,0
9.5180016,57.0611479,0
9.5146433,57.0580734,0
9.512629,57.0562116,0
9.5111915,57.0548874,0
9.5085225,57.0525383,0
9.5051913,57.0495953,0
9.5023964,57.0471521,0
9.5002614,57.0451504,0
9.4994728,57.0443721,0
9.4983355,57.0432047,0
9.4976274,57.0433857,0
9.4941084,57.0439577,0
9.493808,57.0440452,0
9.4892761,57.0456638,0
9.4889843,57.0457668,0
9.4886523,57.0458838,0
9.4882719,57.0460179,0
9.4874244,57.0463331,0
9.4826608,57.0481888,0
9.4787017,57.0497294,0
9.4784335,57.0497178,0
9.4778328,57.0494785,0
9.4774679,57.0495077,0
9.475156,57.0498657,0
9.9723898,57.0156278,0
9.9721831,57.015589,0
9.5890581,57.0619821,0
9.5953558,57.0610254,0
9.5910429,57.0608912,0
9.5655941,57.0536041,0
9.5661842,57.0542109,0
9.5661518,57.055016,0
9.5661412,57.0552348,0
9.5660179,57.055439,0
9.5657443,57.0557161,0
9.5654278,57.0559232,0
9.5648913,57.0559466,0
9.564709,57.0560399,0
9.5645748,57.056212,0
9.5644623,57.0564863,0
9.569864,57.0515968,0
9.5685446,57.0522153,0
9.5655941,57.0536041,0
9.5653474,57.0536157,0
9.5646071,57.0533357,0
9.5610666,57.0519002,0
9.5558844,57.0498053,0
9.5548975,57.049391,0
9.5529019,57.0491051,0
9.5524626,57.0490992,0
9.5524089,57.0490117,0
9.5524519,57.0487316,0
9.5523017,57.0486032,0
9.5948623,57.0615387,0
9.5963215,57.0620754,0
9.5967113,57.0615728,0
9.5970725,57.061107,0
9.5974373,57.060582,0
9.5975875,57.060197,0
9.5379192,57.0526814,0
9.5380538,57.0522328,0
9.5382898,57.0518944,0
9.5390674,57.0512021,0
9.5406019,57.0498249,0
9.5438581,57.0470217,0
9.9162496,57.024932,0
9.9156945,57.0254838,0
9.9156163,57.0255964,0
9.9155742,57.0256912,0
9.915546,57.0257603,0
9.9155428,57.0258174,0
9.9155181,57.0262785,0
9.9155188,57.0264285,0
9.9155094,57.0269112,0
9.915498,57.0271999,0
9.9154836,57.0278134,0
9.9154779,57.0280094,0
9.91547,57.0282833,0
9.9154644,57.0284889,0
9.915457,57.0286584,0
9.915457,57.0288299,0
9.915457,57.0289761,0
9.915457,57.0293739,0
9.9154887,57.0298997,0
9.9155745,57.0301299,0
9.9155984,57.0301956,0
9.9160867,57.0315109,0
9.381685,56.9071968,0
9.3800281,56.9069581,0
9.3797598,56.9068585,0
9.3794736,56.9067152,0
9.3793736,56.9066652,0
9.3790209,56.9064389,0
9.3777647,56.9056949,0
9.3758224,56.9045445,0
9.3746421,56.9037888,0
9.3718634,56.9018496,0
9.3715201,56.9016211,0
9.3695138,56.9006661,0
9.3692778,56.9006017,0
9.3578837,56.899881,0
9.3558933,56.8997898,0
9.3553517,56.8998517,0
9.3540749,56.8999747,0
9.3536458,56.8999865,0
9.3516502,56.9000392,0
9.3511352,56.9000684,0
9.3508671,56.9001212,0
9.3507276,56.900215,0
9.3505988,56.9003614,0
9.3506095,56.9020254,0
9.3505611,56.9022302,0
9.3503307,56.9032029,0
9.3501589,56.9034314,0
9.3497513,56.9037068,0
9.3496332,56.9038532,0
9.3491182,56.9050308,0
9.348968,56.9052299,0
9.3487534,56.9053881,0
9.3470261,56.9060969,0
9.3464683,56.9063723,0
9.3461463,56.9065363,0
9.345921,56.9068116,0
9.3458352,56.9071397,0
9.3460498,56.9075439,0
9.3463181,56.9079012,0
9.3463181,56.9081882,0
9.3455134,56.9093538,0
9.3447731,56.9095179,0
9.3437217,56.9106543,0
9.339899,56.9157963,0
9.3396983,56.9160661,0
9.3377028,56.9189122,0
9.3374882,56.9192166,0
9.337338,56.9195037,0
9.3367694,56.9209911,0
9.3359433,56.923064,0
9.3356364,56.9237388,0
9.3354389,56.9242409,0
9.5698426,56.9623652,0
9.5693169,56.9622512,0
9.5686783,56.9620903,0
9.5681761,56.9619422,0
9.9955978,57.0388098,0
9.9343632,57.0307643,0
9.933994,57.0308485,0
9.9336766,57.0309419,0
9.9333332,57.0305916,0
9.9330757,57.0303253,0
9.9327582,57.0313389,0
9.9325723,57.0311563,0
9.9324491,57.0310353,0
9.9321316,57.0307083,0
9.9318739,57.0304748,0
9.9303894,57.0306245,0
9.9305008,57.0307177,0
9.9308012,57.0310119,0
9.9310416,57.0312595,0
9.9311875,57.0314183,0
9.9313333,57.031465,0
9.9315736,57.031409,0
9.931917,57.0313249,0
9.9300287,57.0307177,0
9.9299613,57.0305776,0
9.9299428,57.030372,0
9.9298999,57.0300777,0
9.9298142,57.0298676,0
9.9296167,57.02955,0
9.9294279,57.0292697,0
9.9292733,57.0289894,0
9.9290845,57.0286764,0
9.9289559,57.0284196,0
9.9288701,57.0283635,0
9.9286982,57.0282701,0
9.9284409,57.0282701,0
9.9282262,57.0283027,0
9.9292733,57.0289894,0
9.9293593,57.0289708,0
9.9300287,57.0288026,0
9.9307154,57.0286625,0
9.9312236,57.0285199,0
9.9316767,57.0284102,0
9.9321574,57.0283027,0
9.9325613,57.0282206,0
9.9329316,57.02813,0
9.9299428,57.0281954,0
9.9294708,57.0283027,0
9.9341314,57.0302786,0
9.9338051,57.0298676,0
9.9334346,57.0294264,0
9.9333933,57.0293771,0
9.9330757,57.028896,0
9.9329888,57.0287874,0
9.9328439,57.0286064,0
9.9326724,57.0283635,0
9.9325613,57.0282206,0
9.9323395,57.0279238,0
9.9320486,57.0275215,0
9.9321357,57.0297733,0
9.9323289,57.0297275,0
9.9330327,57.0295406,0
9.9335306,57.0286438,0
9.9333589,57.0280364,0
9.9335306,57.0280459,0
8.357114,56.9208431,0
8.3572268,56.9209631,0
8.3573554,56.9210246,0
8.3574655,56.9210479,0
8.3577149,56.9210261,0
8.3578649,56.9210123,0
8.3575299,56.9209236,0
8.3576103,56.9209645,0
8.3576935,56.9209807,0
8.3577792,56.9209997,0
8.3577632,56.9213071,0
9.5339442,56.9617888,0
9.5328932,56.9620699,0
9.5322065,56.9621751,0
9.5310908,56.9621868,0
9.5283011,56.9623389,0
9.526413,56.9624676,0
9.5252972,56.9626314,0
9.5212202,56.9640469,0
9.518302,56.964971,0
9.5113711,56.962994,0
9.5110062,56.9607713,0
9.5108616,56.9606025,0
9.5106426,56.9605668,0
9.9392046,57.0272441,0
9.9398819,57.0279421,0
9.9399932,57.0280237,0
9.9401649,57.0280587,0
9.9402849,57.0280717,0
9.9403525,57.0280792,0
9.9415272,57.0280441,0
9.9425625,57.0280033,0
9.9426535,57.0278485,0
9.943013,57.0270427,0
9.9430721,57.0269551,0
9.9431526,57.0268997,0
9.9432544,57.0268675,0
9.9434046,57.0268325,0
9.9390181,57.0281132,0
9.9391914,57.0280886,0
9.9394071,57.0280154,0
9.9396711,57.0279333,0
9.9397409,57.0279565,0
9.8957053,57.3472601,0
10.0129435,56.8145401,0
9.564019,56.9626248,0
9.563861,56.9625232,0
9.5638451,56.9624647,0
9.5639255,56.9622834,0
10.0112591,56.8134656,0
9.5100623,56.9605724,0
9.5098901,56.9603326,0
9.5097183,56.9601922,0
9.5094716,56.9601161,0
9.5092463,56.9600869,0
9.5090424,56.960005,0
9.5089782,56.9598822,0
9.5089352,56.9597827,0
9.5087527,56.9571269,0
9.5086775,56.9569865,0
9.5085167,56.9568929,0
9.5082056,56.9568929,0
9.5077013,56.9569631,0
9.5074546,56.9569514,0
9.5073151,56.9568636,0
9.50724,56.9558983,0
9.5068967,56.953014,0
9.5067894,56.95278,0
9.506532,56.9526279,0
10.5397243,57.4561653,0
10.5395008,57.4562987,0
10.5391752,57.4564471,0
10.5389033,57.4565454,0
10.5385716,57.4566364,0
10.5382835,57.4566938,0
10.5379383,57.4567466,0
10.5375897,57.4567789,0
10.5371616,57.4567878,0
10.5367871,57.4567754,0
10.5364647,57.4567445,0
10.5362083,57.4567114,0
9.9142751,57.0302825,0
9.9142459,57.0302169,0
10.5411087,57.4544145,0
10.5411142,57.4544659,0
10.5410204,57.4546173,0
10.540822,57.4549374,0
10.5405143,57.4554245,0
10.5403556,57.4556224,0
10.5401424,57.4558596,0
10.5398723,57.4561015,0
10.5434669,57.4515947,0
10.5434288,57.4517107,0
10.5432946,57.452056,0
10.5430138,57.4524771,0
10.5429612,57.4526552,0
10.5428973,57.4527238,0
10.5427979,57.4527995,0
10.5426929,57.4529024,0
10.5426383,57.4529841,0
10.5439913,57.4514979,0
10.5432946,57.452056,0
10.0198661,57.5582348,0
10.0198627,57.558802,0
10.0199183,57.5590594,0
10.0199739,57.5592031,0
10.0200227,57.5595109,0
10.0200817,57.5600613,0
10.020134,57.5602721,0
10.0202105,57.5604904,0
10.0203618,57.5608614,0
10.0206138,57.5613791,0
10.0212268,57.5622886,0
10.021566,57.5627946,0
10.0219153,57.5633194,0
10.0220702,57.5635727,0
10.0221589,57.5636815,0
10.0321787,57.5648623,0
10.0321637,57.5647472,0
10.0253431,57.5634108,0
10.0256501,57.5638369,0
10.0266945,57.5639122,0
9.5690199,56.961169,0
9.5688823,56.9610023,0
9.5689949,56.9608473,0
9.5690593,56.9606952,0
9.5690701,56.9605549,0
9.5690808,56.9604583,0
9.5687052,56.9602068,0
10.5394088,57.4564196,0
10.5415028,57.4518991,0
10.4176781,57.4692152,0
10.4179417,57.4688122,0
10.4182315,57.468541,0
10.4207359,57.491046,0
10.4193517,57.4917292,0
10.4190783,57.4917119,0
10.4183279,57.4912776,0
10.418108,57.491269,0
10.4178291,57.4913381,0
10.4167233,57.4917147,0
10.4164282,57.4917292,0
10.416278,57.4916543,0
10.4156297,57.4911046,0
10.4150174,57.4905674,0
10.4148886,57.4905299,0
10.4095454,57.4920058,0
10.4124207,57.4905931,0
10.4132146,57.490276,0
10.4135794,57.4901607,0
10.4139539,57.490015,0
10.4143985,57.4898015,0
10.4148593,57.489603,0
10.4270981,57.468569,0
10.4254464,57.4684198,0
10.4245875,57.468344,0
10.4239437,57.4682546,0
10.4236227,57.4681372,0
10.5418536,57.4521308,0
10.5419715,57.452139,0
10.4269532,57.4678219,0
10.4243086,57.4675276,0
10.4240894,57.4675371,0
10.4237032,57.467615,0
9.5641904,56.9682605,0
9.5611304,56.9681819,0
9.5649932,56.9644503,0
9.5646551,56.9645264,0
9.5646551,56.9646259,0
9.5646123,56.9647341,0
9.5645049,56.9648072,0
9.5643439,56.9648657,0
9.8979652,56.8535867,0
9.900967,56.8537843,0
9.9030069,56.8539132,0
9.9051397,56.8540451,0
9.9059185,56.8541021,0
9.9062146,56.8541261,0
9.9066422,56.854168,0
9.9069328,56.854162,0
9.9075909,56.8541051,0
9.9079857,56.8540511,0
9.9081281,56.8540121,0
9.908353,56.8537723,0
9.9086655,56.8534094,0
9.9086545,56.8531607,0
9.9085339,56.8520753,0
9.9082706,56.8505612,0
9.908205,56.8501264,0
9.9081884,56.8496347,0
9.9080953,56.8483663,0
9.9081776,56.8478925,0
9.9079965,56.84681,0
9.907876,56.8456255,0
9.9076346,56.8454696,0
9.9067847,56.8450046,0
9.9060116,56.8445879,0
9.9055182,56.844459,0
9.9048053,56.84445,0
9.9040485,56.844441,0
9.9034619,56.844357,0
9.9030397,56.844216,0
9.9028204,56.844087,0
9.9026779,56.8439491,0
9.9024036,56.8434933,0
9.9018003,56.8429474,0
9.9012905,56.8425486,0
9.9009616,56.8423147,0
9.9008739,56.8421078,0
9.9008957,56.8417869,0
9.9010547,56.841421,0
9.9010987,56.8410881,0
9.9009725,56.8407732,0
9.9007312,56.8403803,0
9.9004132,56.8399364,0
9.8998924,56.8395645,0
9.8994042,56.8393935,0
8.3584391,56.9214477,0
8.359099,56.9214184,0
8.3595389,56.9213686,0
8.3600323,56.9213349,0
8.3602845,56.9213159,0
8.3607405,56.9212881,0
8.3611213,56.9212164,0
8.3614003,56.9211344,0
8.3616202,56.9210466,0
8.3619046,56.9209412,0
8.3622211,56.9208621,0
9.9833929,56.7672432,0
9.9837826,56.7668798,0
9.9838202,56.766821,0
9.9851123,56.7678389,0
9.985424,56.7675384,0
10.0007931,56.7800661,0
10.0009648,56.7801484,0
10.0011365,56.7802101,0
10.0013349,56.7802043,0
10.0019519,56.7796988,0
10.0021998,56.7795694,0
10.0026715,56.7794166,0
10.0027933,56.7793053,0
10.0028316,56.7791374,0
10.0027121,56.7787163,0
10.0027477,56.7785634,0
10.0028531,56.7784468,0
10.0031428,56.7782469,0
10.0035611,56.7780146,0
10.0009648,56.7801484,0
9.9818459,56.7725756,0
9.9799953,56.772771,0
9.9798451,56.7727681,0
9.9822261,56.7736074,0
9.9824522,56.7736,0
9.9854161,56.7734091,0
9.9861342,56.7734331,0
9.9870335,56.7735235,0
9.9890319,56.7738794,0
9.9892436,56.7740027,0
9.987506,56.7686728,0
9.9880364,56.7681616,0
9.9881116,56.7681205,0
9.9882724,56.768097,0
10.1761428,57.5341704,0
10.1760403,57.5339454,0
10.1759659,57.5335854,0
10.6345256,57.7389884,0
10.6345251,57.7390824,0
10.6345193,57.7391839,0
10.6344074,57.7394526,0
10.6342332,57.7395458,0
9.2639402,56.9563005,0
9.2638377,56.9563017,0
9.2637484,56.9562848,0
9.2636797,56.9562555,0
9.2636291,56.9562135,0
9.2636055,56.9561472,0
9.2636364,56.9560826,0
9.2637096,56.9560342,0
9.2638166,56.9560053,0
9.2639164,56.956002,0
9.2640126,56.9560184,0
9.2640857,56.9560488,0
9.2641352,56.956089,0
9.2641607,56.9561554,0
9.2641257,56.956226,0
9.2640444,56.9562756,0
9.2638166,56.9560053,0
9.2634171,56.9550775,0
9.2623999,56.9532857,0
9.2610669,56.9514684,0
9.260564,56.9505437,0
9.2281458,56.9122809,0
9.2277669,56.9122196,0
9.2274196,56.9118788,0
9.2271281,56.9112768,0
9.2275454,56.9113595,0
9.2279632,56.9117744,0
9.205402,56.8142761,0
9.204737,56.814353,0
9.2041792,56.8143734,0
9.2025021,56.8143579,0
9.2011133,56.814325,0
9.2006538,56.8142925,0
9.2001489,56.8142341,0
9.1993568,56.8141299,0
9.1969943,56.8136919,0
9.1967009,56.8136254,0
9.1964924,56.813614,0
9.1961316,56.8135942,0
9.1954803,56.8136,0
9.1926293,56.8137291,0
9.1925007,56.8137349,0
9.1915602,56.8137602,0
9.1912666,56.8137618,0
9.1909796,56.8137633,0
9.1902275,56.8137605,0
9.1886064,56.8137241,0
9.1882627,56.8137241,0
9.1874305,56.8137241,0
9.1868092,56.8137537,0
9.1861259,56.8138003,0
9.1856475,56.813876,0
9.1844319,56.8140829,0
9.1834721,56.8142153,0
9.1830931,56.8142685,0
9.1827707,56.8142757,0
9.1824709,56.8142456,0
9.1822127,56.8141527,0
9.1816781,56.8138244,0
9.1812549,56.8136519,0
9.1806004,56.8134689,0
9.1803204,56.8132312,0
9.1783114,56.8108192,0
9.1779469,56.8104992,0
9.1779893,56.8104368,0
9.1780017,56.8103727,0
9.1777837,56.8103608,0
9.1777071,56.8103011,0
9.1777092,56.8101582,0
9.1775565,56.8099342,0
9.177387,56.8097801,0
9.1768758,56.8095776,0
9.0216069,57.1562584,0
9.0213858,57.1565597,0
9.3629013,57.1510502,0
9.3627376,57.1510698,0
9.362585,57.1510225,0
9.362118,57.1506245,0
9.4221931,57.168825,0
9.421826,57.1692908,0
9.420911,57.1698974,0
8.7165251,56.7967955,0
8.7163211,56.7965663,0
8.7162676,56.7964958,0
8.7162676,56.7964371,0
8.7162676,56.7963842,0
8.7163749,56.7962608,0
10.1777685,57.5251036,0
10.1823516,57.5250002,0
10.2320471,56.6063974,0
10.2323475,56.6069525,0
10.2325621,56.6074249,0
10.1858306,57.522915,0
10.1856317,57.5225979,0
10.1854584,57.5224393,0
10.1850796,57.5222705,0
10.1845725,57.5221016,0
10.2126922,56.5964284,0
10.2132072,56.5962512,0
10.2181854,56.5954597,0
10.2189364,56.5952235,0
10.2209106,56.5933569,0
10.2210392,56.593026,0
10.2208248,56.5926362,0
10.2204384,56.5922936,0
10.2202239,56.5919864,0
10.2203098,56.5913247,0
10.2202882,56.590675,0
10.2193442,56.5875675,0
10.2196873,56.5864804,0
10.220181,56.5860078,0
10.2205028,56.5854524,0
10.2286319,56.6001739,0
10.2367463,56.6008463,0
10.2338709,56.6001376,0
10.2369179,56.5982948,0
10.2338902,56.5988493,0
10.2335921,56.599606,0
10.2334202,56.5996296,0
10.2287641,56.6000431,0
10.2286319,56.6001739,0
10.2284421,56.600362,0
10.232841,56.5972908,0
10.2344075,56.5972908,0
10.2344719,56.5973735,0
10.2322616,56.6062202,0
10.2320471,56.6063974,0
10.2315535,56.6064919,0
10.2295035,56.6069071,0
10.2292749,56.608714,0
10.2295795,56.6085704,0
10.2300515,56.6081689,0
10.2302424,56.6080696,0
10.2304377,56.6079681,0
10.2315535,56.6076847,0
10.2322832,56.607543,0
10.232489,56.6075788,0
10.2295035,56.6069071,0
10.2299227,56.607543,0
10.2243923,56.6036764,0
10.2265968,56.6025944,0
10.2268972,56.6023227,0
10.2270046,56.6020038,0
10.2262284,56.6005286,0
10.2256312,56.5993934,0
10.2240434,56.596393,0
10.2232065,56.5952116,0
10.1865302,57.5228047,0
10.1864147,57.5228254,0
10.1862542,57.5228357,0
10.1860425,57.5228392,0
10.1859012,57.5228702,0
10.1858306,57.522915,0
10.1864726,57.5242247,0
10.3808287,57.2005657,0
10.3804797,57.2006183,0
10.3804057,57.2004151,0
10.0719146,56.7778282,0
10.0723706,56.7778341,0
10.0726066,56.7778605,0
10.0729125,56.7779311,0
10.0731162,56.7779957,0
10.0731913,56.7780428,0
10.0732436,56.7780882,0
10.0732597,56.7781381,0
10.0732504,56.7787305,0
10.0732451,56.7787775,0
10.0732933,56.7788275,0
10.0735348,56.7789215,0
10.0740014,56.7790655,0
10.0743662,56.7791949,0
10.0744145,56.7792478,0
10.0746237,56.7793624,0
10.0749939,56.7795123,0
10.0755839,56.7796798,0
10.0760614,56.7798179,0
10.0764315,56.7799355,0
10.0766675,56.7799972,0
10.0769035,56.7800971,0
10.0775633,56.7804028,0
10.0777458,56.780488,0
10.0778477,56.7805525,0
10.0779174,56.7805996,0
10.0780033,56.7806731,0
10.0780891,56.7807319,0
10.0781695,56.7807672,0
10.0782876,56.7807878,0
10.0783787,56.7807878,0
10.0785343,56.7807642,0
10.0788347,56.780726,0
10.0791995,56.7806849,0
10.0797789,56.7806144,0
10.0803046,56.7805585,0
10.071115,56.7741396,0
10.0711687,56.7739868,0
10.0712546,56.7738222,0
8.3597776,56.92107,0
8.3597615,56.9211432,0
9.2808941,56.8586933,0
9.2810864,56.8587568,0
9.2811486,56.8589618,0
9.2812793,56.8590503,0
9.2828029,56.8590034,0
9.2853563,56.8589799,0
9.2875665,56.8589799,0
9.2893045,56.8591441,0
9.2895835,56.8592849,0
9.2897767,56.8595195,0
9.2009952,57.0900563,0
9.203355,57.0922521,0
9.2036146,57.0925059,0
9.2037183,57.0926587,0
9.2037486,57.0927997,0
9.2037916,57.0945675,0
9.2039059,57.0989782,0
9.2039397,57.1002292,0
9.203993,57.1016711,0
9.2040672,57.1037304,0
9.2040697,57.1043169,0
9.2040333,57.1043466,0
9.2039029,57.1043647,0
9.2032778,57.1043861,0
9.2029198,57.1043993,0
9.2026105,57.1044388,0
9.2007508,57.1048079,0
9.2005959,57.1048356,0
9.1998194,57.1049743,0
9.1995935,57.1050419,0
9.1991687,57.1051112,0
9.1987046,57.1051606,0
9.1980644,57.105215,0
9.1975274,57.1052447,0
9.1971573,57.1052661,0
9.1970602,57.1053287,0
9.1968084,57.1053698,0
9.1962896,57.1054029,0
9.1955586,57.1054704,0
9.1950641,57.1055001,0
9.1945574,57.1055544,0
9.193799,57.105617,0
9.1926825,57.1057192,0
9.1922397,57.1057703,0
10.3735908,57.1951607,0
10.3735342,57.1951862,0
10.3732605,57.1953407,0
8.8246771,56.8944023,0
8.8246342,56.8943671,0
8.8246235,56.8943349,0
8.8246448,56.8943026,0
8.8246825,56.8942763,0
8.8254442,56.8941444,0
8.8260182,56.8940477,0
8.8261845,56.8940038,0
8.8262386,56.893962,0
8.8262864,56.8939218,0
9.9969685,57.4504164,0
9.9961127,57.4504514,0
9.9972409,57.4505971,0
10.3826716,57.1953793,0
10.3819187,57.1953407,0
8.6112359,56.8830368,0
8.6102642,56.8831555,0
10.0754605,56.7699418,0
10.0753694,56.7699976,0
10.0753318,56.7700564,0
10.0753962,56.7701417,0
10.0755302,56.7702534,0
10.0757449,56.7704326,0
10.0757717,56.7704856,0
10.0757342,56.7705855,0
10.0756375,56.770709,0
10.0755033,56.7708354,0
10.0754122,56.7709031,0
10.0753104,56.770953,0
10.075144,56.7710088,0
10.0749133,56.7710912,0
10.0746559,56.7711764,0
10.0743982,56.7712646,0
10.0741516,56.7713763,0
10.074012,56.7714498,0
10.0738137,56.7714732,0
10.0736045,56.771491,0
10.0733953,56.7715527,0
10.0731753,56.7716762,0
10.0729607,56.7718202,0
10.0726816,56.7719754,0
10.0719736,56.7727868,0
10.0024718,57.4760078,0
10.0018603,57.4758755,0
10.0014954,57.4758004,0
10.0009805,57.4757313,0
10.0000907,57.4756043,0
10.0023255,57.4744766,0
10.0020535,57.474491,0
10.0017852,57.4744795,0
10.0015706,57.4744333,0
10.001324,57.4743641,0
10.0009913,57.4742833,0
10.0007445,57.474243,0
10.0008478,57.4735837,0
10.0009484,57.4728873,0
10.0001336,57.4749352,0
10.0007017,57.4749929,0
10.0010772,57.4750333,0
10.001356,57.4750333,0
10.0016564,57.4750679,0
10.0022788,57.4751256,0
10.0035072,57.4732349,0
10.0042637,57.4735046,0
10.0028796,57.4754198,0
10.0029867,57.475189,0
10.0018903,57.4737647,0
10.0023002,57.4762386,0
10.0024718,57.4760078,0
10.0025131,57.4738919,0
10.0018903,57.4737647,0
10.0013776,57.4736776,0
10.0008478,57.4735837,0
10.0039497,57.47251,0
10.003974,57.4727373,0
10.0039203,57.4729046,0
10.0037487,57.4730604,0
10.0035072,57.4732349,0
10.0032014,57.4734238,0
10.0027937,57.4736373,0
10.0025131,57.4738919,0
10.0024076,57.4741161,0
10.0023389,57.4743249,0
10.0023255,57.4744766,0
10.0023108,57.4748198,0
10.0022788,57.4751256,0
10.0021607,57.4754025,0
10.0020105,57.4756678,0
10.0018603,57.4758755,0
10.0016995,57.4760655,0
10.0015706,57.4762847,0
10.0015062,57.4765731,0
10.0684383,56.7821308,0
10.0682775,56.7821719,0
10.0681166,56.7821661,0
10.0677463,56.7821485,0
10.0676069,56.7821485,0
10.0674781,56.7821485,0
10.0673763,56.7821749,0
10.0667539,56.7829449,0
10.0660619,56.7837588,0
10.0722571,56.7859453,0
10.0672341,56.7844029,0
10.0658589,56.7839785,0
10.0650427,56.7837267,0
10.0647021,56.7836153,0
10.0644956,56.7835445,0
10.0642272,56.7834974,0
10.0628164,56.7830389,0
10.0628997,56.7828924,0
10.0652572,56.7827186,0
10.0650803,56.78298,0
10.0647583,56.7832799,0
10.0133194,56.7766851,0
10.0130834,56.7769026,0
9.8926952,56.8402679,0
9.8926948,56.8401646,0
9.8919437,56.8401852,0
9.8918366,56.8392022,0
9.860507,57.3737188,0
9.8590599,57.376644,0
9.8588121,57.3768497,0
9.5830658,56.6047588,0
9.5825106,56.6043961,0
9.5799917,56.6060611,0
9.5799697,56.6059802,0
9.5799596,56.6058957,0
9.5798522,56.605872,0
9.5794445,56.6058308,0
9.5792294,56.6057853,0
9.5790153,56.6056536,0
9.5788754,56.6055904,0
9.5827333,56.6026978,0
9.5829049,56.6027096,0
9.5831241,56.6027677,0
9.5832428,56.6028159,0
9.5833394,56.6028602,0
9.5958975,56.606244,0
9.5957259,56.6054999,0
9.5956722,56.6052902,0
9.5956508,56.6052047,0
9.5956722,56.6051692,0
9.5957527,56.6051309,0
9.5958813,56.6050954,0
9.5960424,56.6050689,0
9.5963641,56.6049862,0
9.5949496,56.6038805,0
9.5941425,56.6041555,0
9.5935739,56.6043384,0
9.5931769,56.6044625,0
9.5927054,56.6045316,0
9.59234,56.6045629,0
9.5919436,56.6045611,0
9.5917393,56.604557,0
9.5916539,56.6044962,0
9.5914609,56.6036753,0
9.5913314,56.6032282,0
9.5912356,56.602884,0
9.5911605,56.6025651,0
9.5911068,56.6024529,0
9.5953661,56.6031793,0
8.8612636,56.8052643,0
8.8618212,56.8053937,0
8.861997,56.8054734,0
8.862327,56.8058006,0
8.8630182,56.8065153,0
8.8632637,56.806814,0
8.8634788,56.8071209,0
8.8635758,56.8072885,0
8.8637698,56.8076452,0
8.8640152,56.8080798,0
8.864125,56.8082495,0
8.8642577,56.8084547,0
8.8646546,56.8089824,0
9.9681881,57.0167851,0
9.9682336,57.0170881,0
9.968076,57.0167821,0
9.968023,57.0164927,0
9.9680678,57.0161892,0
9.9681399,57.0164864,0
9.9679462,57.0161936,0
9.9677866,57.0158527,0
9.9664985,57.0136261,0
9.6178541,56.5923498,0
9.6178907,56.5924344,0
9.6198549,56.5917355,0
9.991978,57.0365811,0
9.991874,57.0377133,0
9.6208719,57.2785272,0
9.6209905,57.2785956,0
9.6211591,57.278746,0
9.6212452,57.278816,0
9.6212414,57.2788732,0
9.6211667,57.2788965,0
9.6210728,57.2789156,0
9.6209905,57.2789771,0
9.6208963,57.2791191,0
9.6208688,57.2792293,0
9.6209237,57.2793289,0
9.6209316,57.2794285,0
9.6208963,57.2795197,0
8.6131581,56.7908844,0
8.3603974,56.8378552,0
8.3606925,56.8378172,0
8.3610787,56.8377585,0
8.374924,56.8443544,0
8.3749991,56.8445892,0
8.375144,56.8451026,0
8.375262,56.8454634,0
8.3753692,56.8457597,0
8.3754283,56.8458243,0
8.3756463,56.8458522,0
8.3759307,56.8458287,0
8.3762739,56.845811,0
8.3766513,56.845795,0
8.3771395,56.8457275,0
8.3778475,56.8456306,0
8.3786415,56.8455368,0
8.3788454,56.8455162,0
8.3791547,56.8455293,0
8.3794837,56.8456101,0
8.3798861,56.8457216,0
8.3801489,56.8457803,0
8.3802293,56.845795,0
8.3599655,56.8366785,0
8.3732128,56.8428991,0
8.3734362,56.8431325,0
8.3734629,56.8433173,0
8.3734736,56.8435344,0
8.3738565,56.8436415,0
8.3742748,56.8436562,0
8.3746968,56.8437134,0
8.3748149,56.8438953,0
10.1257554,56.7196728,0
10.1262484,56.7189936,0
10.1262668,56.7189782,0
10.1264422,56.7188308,0
10.1266904,56.7186381,0
10.1269023,56.7185085,0
10.1269854,56.7184686,0
10.1255187,56.7186586,0
10.1369691,56.7275842,0
10.1269854,56.7184686,0
10.1268176,56.7183848,0
10.1264674,56.7182385,0
10.1264902,56.7206533,0
10.1264966,56.7205351,0
10.1265452,56.7203724,0
10.126636,56.7202296,0
10.12666,56.7201664,0
10.1257554,56.7196728,0
8.6150196,56.791228,0
10.1308481,56.7195384,0
10.130507,56.7212677,0
10.1304472,56.7208378,0
10.1304238,56.7204105,0
10.1305323,56.7201255,0
10.1306797,56.7198619,0
10.1308481,56.7195384,0
10.1308811,56.7194748,0
10.1309471,56.7191644,0
10.1309951,56.7188805,0
10.1310091,56.7187987,0
10.1310401,56.7183755,0
10.1309935,56.7180034,0
10.1310091,56.71788,0
10.1310284,56.7178354,0
10.1310594,56.7177886,0
10.131102,56.7177418,0
10.1311756,56.7177184,0
10.1312493,56.717695,0
10.1313151,56.7176908,0
10.1313811,56.7177056,0
10.1314468,56.7177375,0
10.1314702,56.7178034,0
10.1314817,56.7178629,0
10.131474,56.7179566,0
10.1314352,56.7180309,0
10.1313848,56.718165,0
10.1311796,56.7184542,0
9.5108551,56.7161767,0
9.9942552,57.0372855,0
9.9940031,57.0373468,0
9.4909424,56.7077326,0
10.0283155,57.4506392,0
10.028661,57.4509241,0
10.0289613,57.4512185,0
10.0291223,57.4515129,0
10.0295515,57.4525344,0
10.0297231,57.4527712,0
10.0306458,57.4540872,0
10.0308117,57.4542355,0
10.0309946,57.4543334,0
10.0314182,57.4543758,0
10.0320191,57.4544047,0
10.0324805,57.4543873,0
10.0326415,57.4543354,0
10.0327487,57.4542661,0
10.0327809,57.4542026,0
10.0328024,57.4541045,0
10.0326629,57.4538852,0
10.0317367,57.4493799,0
10.035034,57.4508837,0
10.0351091,57.4509587,0
10.0140806,57.4324078,0
10.0131691,57.4319515,0
10.0130082,57.4318822,0
10.0128043,57.4318476,0
10.0126113,57.4318418,0
10.0122249,57.4318331,0
10.0121231,57.4318129,0
10.0117689,57.4316281,0
10.0113398,57.4315675,0
10.0112432,57.431527,0
10.0112112,57.4314577,0
10.02434,57.4520829,0
10.0244231,57.452194,0
10.0244875,57.4523672,0
10.0247986,57.4537178,0
10.0249167,57.4538044,0
10.0250883,57.4538563,0
10.0252708,57.4538563,0
9.8312254,57.3496964,0
8.7526726,57.0934826,0
8.7528022,57.0945039,0
8.753875,57.0959436,0
8.7534244,57.0966429,0
9.834235,57.1198257,0
9.8341984,57.1198921,0
9.8345728,57.1205699,0
9.8346625,57.120732,0
9.8346845,57.1208293,0
9.8346195,57.1209358,0
9.8342441,57.1211339,0
9.8341695,57.1212486,0
9.8341904,57.1213843,0
9.8354349,57.1232713,0
9.837871,57.127154,0
9.8388258,57.1286098,0
9.8388901,57.1287728,0
9.8389431,57.1289726,0
9.8390619,57.1302111,0
9.8391364,57.1305273,0
9.8392436,57.1308708,0
9.839351,57.1311678,0
9.2957599,56.8070082,0
9.2944826,56.8062831,0
9.2942825,56.8061349,0
9.2941529,56.8059286,0
9.2937408,56.8039087,0
9.2936843,56.8034704,0
9.2937313,56.8031198,0
9.2939245,56.8026453,0
9.294992,56.8009821,0
9.2950636,56.800848,0
9.2951164,56.8006335,0
9.2951277,56.8003653,0
9.2950036,56.7978411,0
9.2949618,56.7975473,0
9.2948018,56.7967634,0
9.2947124,56.7963766,0
9.2944863,56.7948422,0
9.2940892,56.7924286,0
9.2937876,56.7902484,0
9.2934685,56.788009,0
9.2933131,56.7866884,0
9.2932659,56.7862782,0
9.2931811,56.7860822,0
9.2929409,56.7857417,0
9.291578,56.7842681,0
9.2914308,56.7840585,0
9.2914161,56.7838932,0
9.2914749,56.7837441,0
9.2915927,56.7835547,0
9.2916884,56.783337,0
9.2917105,56.7831153,0
9.2916075,56.7828251,0
9.2908441,56.7806226,0
9.2906141,56.779959,0
9.2905314,56.7796956,0
9.290543,56.7793022,0
9.2905843,56.7784797,0
9.2906373,56.7770607,0
9.2908197,56.7762093,0
9.2910376,56.7756802,0
9.2912201,56.7751159,0
9.2916203,56.7740193,0
9.2918264,56.7735387,0
9.2918145,56.7732968,0
9.2913672,56.7726323,0
9.2912376,56.7723743,0
9.2912435,56.7722259,0
9.2914084,56.7719969,0
9.2917028,56.771742,0
9.2925386,56.7710195,0
9.2927035,56.7708518,0
9.2927859,56.7706002,0
9.2926033,56.770126,0
9.2921619,56.7694518,0
9.291744,56.7687808,0
9.2916438,56.7684582,0
10.0754075,56.7870409,0
10.0748748,56.7868906,0
10.0741129,56.7866672,0
10.0738985,56.7865731,0
10.0736409,56.7864909,0
10.073201,56.7863381,0
10.0728862,56.7862182,0
9.4835077,56.5925418,0
9.4835126,56.5924364,0
9.4834159,56.5923301,0
9.4832657,56.5922828,0
9.482982,56.5922524,0
9.4813561,56.5919225,0
9.4800638,56.5916203,0
9.4789587,56.591384,0
9.4784222,56.5913072,0
8.6253108,56.8825165,0
8.6251205,56.8824974,0
8.6250345,56.8824784,0
8.6250104,56.882452,0
8.6250157,56.8824139,0
8.6252009,56.8822307,0
9.49713,56.6130301,0
9.4985891,56.613535,0
9.86594,57.3590064,0
9.8659119,57.3614712,0
9.8658631,57.3617871,0
9.8656249,57.3628152,0
9.8653809,57.3638676,0
9.8648257,57.366263,0
9.8648745,57.3665131,0
9.8651064,57.3667895,0
9.8653993,57.3670396,0
9.8654725,57.3672568,0
9.8539045,57.3671354,0
9.854696,57.3670414,0
9.85494,57.3671007,0
9.8558889,57.3674667,0
9.8589799,57.3686407,0
9.8591385,57.3687592,0
10.1698044,57.3539707,0
10.169606,57.3540026,0
10.1693511,57.3540749,0
10.169225,57.3540807,0
10.1670176,57.3539939,0
10.1644776,57.3538897,0
10.1670966,57.3603078,0
10.1670417,57.3602151,0
10.1672133,57.3598852,0
10.1672564,57.3597232,0
10.1672187,57.3596306,0
10.1671544,57.359538,0
10.1669827,57.359486,0
10.1660574,57.3594773,0
10.1786262,57.3573824,0
10.1786905,57.3574229,0
10.1786826,57.3574981,0
10.1782427,57.3583633,0
10.1729318,57.3609268,0
10.1719126,57.3608227,0
10.169799,57.3606317,0
10.1674602,57.3603887,0
10.1693511,57.3540749,0
10.1694181,57.3542688,0
10.1695764,57.3544482,0
10.1697185,57.3545235,0
10.1696811,57.3547521,0
10.1695362,57.3551919,0
10.1695309,57.3552932,0
10.1695898,57.3553684,0
10.1696945,57.3554003,0
10.1701744,57.3555073,0
10.1729748,57.3561324,0
10.1752144,57.3566387,0
10.1786262,57.3573824,0
10.178787,57.3573882,0
10.1789025,57.357365,0
10.1789776,57.3573245,0
9.9616043,57.0310777,0
9.9615712,57.0310252,0
9.9295062,57.0051897,0
9.9290329,57.0048151,0
9.5143798,56.654885,0
9.5143525,56.6549721,0
9.514278,56.6550235,0
9.5141438,56.6550413,0
9.5140097,56.6550413,0
9.5138971,56.6550413,0
9.5137844,56.6550235,0
9.5135967,56.6549911,0
9.5134249,56.6549646,0
9.5132588,56.6549499,0
9.512175,56.6549027,0
9.7892235,57.4687362,0
9.7892343,57.4687938,0
9.789288,57.4688458,0
9.7893952,57.4688919,0
9.7895026,57.4689035,0
9.9197444,57.0676267,0
9.9188176,57.0675688,0
9.9173863,57.067477,0
9.9163279,57.0674189,0
9.9147055,57.0673228,0
9.9135343,57.0672547,0
9.9128196,57.0672135,0
9.9126189,57.0672019,0
9.9123691,57.0671826,0
9.9120701,57.0673319,0
9.9119243,57.0673183,0
8.6221568,56.9694192,0
9.8370826,57.325528,0
9.8564562,57.3360363,0
9.8502739,57.3382561,0
9.8473752,57.3392838,0
9.8439134,57.3406802,0
9.2515494,57.0899309,0
9.2515044,57.0897158,0
9.2514517,57.0894626,0
9.7579686,56.8101373,0
9.7577167,56.8110188,0
9.7576126,56.8111088,0
9.7573223,56.8111358,0
9.755564,56.8110818,0
9.7545835,56.8111537,0
9.7538825,56.8111597,0
9.7531431,56.8111507,0
9.7530169,56.8111806,0
9.7529513,56.8112467,0
9.7522939,56.8129827,0
9.7512696,56.8156121,0
9.7504865,56.8176746,0
9.7543918,56.8155041,0
9.7546713,56.8155461,0
9.7547698,56.8156061,0
9.7547534,56.815699,0
9.7560353,56.8171209,0
9.7532307,56.8175971,0
9.7532033,56.8177225,0
9.7531265,56.8177676,0
9.7510833,56.8177823,0
9.7589598,56.8163937,0
9.7589382,56.8163045,0
9.7590204,56.8160887,0
9.7670361,56.8112004,0
9.7670262,56.8112486,0
9.7668772,56.8119769,0
9.7666966,56.8125286,0
9.7661871,56.8138027,0
9.7670262,56.8112486,0
9.7673758,56.8111944,0
9.7674908,56.8111314,0
9.7674634,56.8109725,0
9.7672224,56.8105827,0
9.7670087,56.8100339,0
9.7668224,56.8097641,0
9.7662966,56.8090385,0
9.7660829,56.8086847,0
9.7656721,56.80795,0
9.7653875,56.8076082,0
9.7647028,56.8066156,0
9.7642701,56.8062677,0
9.76404,56.8059859,0
9.7637989,56.805719,0
9.7637606,56.805617,0
9.7636729,56.8049123,0
9.7638538,56.8045014,0
9.7642043,56.8040636,0
9.7656011,56.8034007,0
9.7665157,56.8030799,0
9.767173,56.8027021,0
9.2511128,57.0899657,0
10.0608268,56.813128,0
10.0610301,56.8132012,0
10.0614272,56.813301,0
10.0616525,56.8134008,0
10.0624319,56.8137608,0
10.0633153,56.8120384,0
10.063605,56.8117917,0
10.0641674,56.811982,0
10.0644204,56.8120677,0
9.2524883,57.0906219,0
9.2524931,57.0905735,0
10.0630097,56.8160546,0
10.0631828,56.8156679,0
10.063294,56.8154503,0
10.0634549,56.8152448,0
10.0636265,56.815051,0
10.0637231,56.814957,0
10.0643668,56.8145283,0
10.0624356,56.812103,0
10.0633318,56.812419,0
10.0638222,56.812592,0
10.0642622,56.8127472,0
10.0647602,56.8129228,0
10.0653979,56.8131478,0
10.0657035,56.8132555,0
10.0662659,56.8134538,0
10.0665984,56.8135711,0
10.066652,56.8136181,0
10.0656864,56.8156969,0
10.0663259,56.8158217,0
10.0665769,56.8154738,0
10.0668988,56.8150392,0
10.0664579,56.8186654,0
10.066652,56.8185919,0
10.0668022,56.8185273,0
10.0669096,56.8184451,0
10.0670061,56.8183511,0
10.0675682,56.8175665,0
10.0676749,56.8174203,0
10.0684958,56.8162924,0
10.0690795,56.8154944,0
9.2486824,57.0987657,0
9.249135,57.0985649,0
9.2525377,57.0975608,0
9.2526358,57.0975157,0
9.252681,57.0974584,0
9.2526508,57.0973723,0
9.2526358,57.0972821,0
9.2518285,57.0968723,0
9.2507346,57.0962246,0
9.2505535,57.0960444,0
9.2502893,57.0958558,0
9.2493311,57.0951918,0
9.249316,57.0951181,0
9.2493167,57.0950427,0
9.2494455,57.0950142,0
9.2502708,57.0947238,0
9.2514345,57.0944492,0
9.2516636,57.0943767,0
9.2518638,57.0942653,0
9.2519741,57.0941384,0
9.2526375,57.0930451,0
9.2529688,57.0925447,0
9.2533978,57.0919762,0
9.254027,57.0909756,0
9.2544188,57.0903524,0
9.2546458,57.0900152,0
9.2547542,57.0898542,0
9.2549927,57.089668,0
9.2552861,57.0894903,0
9.2553233,57.0894678,0
9.2556402,57.0893247,0
9.2557966,57.0892273,0
9.2559226,57.0891402,0
9.2559836,57.0890116,0
9.2559874,57.088769,0
10.0633298,56.8161937,0
10.0621889,56.8168127,0
10.0891827,56.8063765,0
10.0894187,56.8063706,0
10.0895582,56.8063883,0
10.0902555,56.8065938,0
10.0912425,56.8068817,0
10.0917147,56.8069815,0
10.0921116,56.8070579,0
10.0924227,56.8071049,0
10.0927338,56.8071166,0
10.0933883,56.8071049,0
10.0685924,56.815082,0
10.066373,56.8126666,0
10.0677142,56.8163252,0
10.0678418,56.8161413,0
10.0681971,56.8156288,0
10.0683954,56.8153631,0
10.0685924,56.815082,0
10.0689476,56.814575,0
10.0587664,56.8153851,0
10.0593752,56.8148088,0
10.0594851,56.8147045,0
10.0602147,56.8140586,0
10.0603603,56.8138948,0
10.0605044,56.8136592,0
10.0606332,56.8134126,0
10.0608268,56.813128,0
10.0610286,56.8129309,0
10.0612984,56.812749,0
10.0616417,56.8125728,0
10.0619743,56.812426,0
10.0622318,56.8122615,0
10.0624356,56.812103,0
10.0628706,56.8117152,0
10.063343,56.8112941,0
10.0635621,56.8110987,0
10.0642809,56.810482,0
10.0651837,56.8097374,0
10.0657845,56.8092418,0
10.0662411,56.8088739,0
10.0663516,56.8087847,0
10.0675211,56.8079565,0
10.0682227,56.8074895,0
10.0690124,56.8069639,0
10.0695167,56.8065997,0
10.0697527,56.8064294,0
10.0702463,56.805983,0
10.0708578,56.8054661,0
10.071201,56.8051959,0
10.0714479,56.8050078,0
10.0715981,56.8049492,0
10.0718127,56.8049374,0
10.0720701,56.8049609,0
10.0723384,56.8050137,0
10.0727246,56.8051489,0
10.0730787,56.8052957,0
10.0734649,56.8054778,0
10.073733,56.8056012,0
10.0739692,56.8056657,0
10.0746128,56.805842,0
10.0760506,56.8062414,0
10.0769517,56.8065116,0
10.0777255,56.8066986,0
10.0777779,56.8067113,0
10.0782391,56.8068053,0
10.0786254,56.8068582,0
10.0790223,56.8068817,0
10.0803636,56.8069344,0
10.0811359,56.806958,0
10.0813826,56.8069521,0
10.0816403,56.8069344,0
10.0819513,56.8068817,0
10.0836524,56.8065307,0
10.0853322,56.8061727,0
10.0853954,56.8061592,0
10.0855224,56.8061476,0
10.0856529,56.8061357,0
10.0859746,56.8061298,0
10.0864145,56.8061709,0
10.0864991,56.8061813,0
10.0885174,56.8064294,0
10.0887856,56.806447,0
10.0889464,56.8064353,0
10.0580158,56.8147166,0
10.0583158,56.8146928,0
10.058659,56.8147045,0
10.0590882,56.8147574,0
10.0631828,56.8156679,0
10.0638197,56.8158143,0
10.0587093,56.8195114,0
10.0587985,56.8193376,0
10.0589703,56.8190968,0
10.0591956,56.8189207,0
10.0594031,56.8187862,0
10.0627966,56.8135432,0
10.0624319,56.8137608,0
10.0654397,56.8123202,0
10.0669012,56.8174259,0
10.0673709,56.8167833,0
10.06618,56.8165132,0
10.064568,56.815214,0
10.0584773,56.8129346,0
10.0583586,56.8132892,0
10.0637339,56.8132187,0
10.0690795,56.8154944,0
10.0683954,56.8153631,0
10.0649248,56.813577,0
10.0681971,56.8156288,0
10.0678418,56.8161413,0
10.0637231,56.814957,0
10.064568,56.815214,0
10.0610286,56.8129309,0
10.0606438,56.8128018,0
10.060589,56.8127757,0
10.0603972,56.8126844,0
10.0600645,56.8124847,0
10.0599175,56.8123915,0
10.0594381,56.8120878,0
10.0588281,56.8117012,0
10.0586771,56.8116055,0
10.0582942,56.811363,0
10.0581549,56.8112866,0
10.0579677,56.8112259,0
10.0577578,56.811222,0
9.6950374,57.066497,0
9.6960567,57.0661179,0
9.6972879,57.0653397,0
9.6973764,57.0652838,0
9.6981488,57.0650446,0
10.0664053,56.8181045,0
10.0575695,56.8169671,0
10.0556764,56.8161432,0
10.0547865,56.8157087,0
10.0540569,56.8152624,0
10.0532522,56.8147163,0
10.0518428,56.8137098,0
10.051455,56.8134567,0
10.0510688,56.8131983,0
10.0503819,56.8127256,0
10.0499797,56.8124613,0
10.049615,56.8122176,0
10.0492199,56.8119395,0
10.0597001,56.8154693,0
9.6985446,57.0673624,0
9.6978591,57.0681885,0
9.6976446,57.0684743,0
9.6973012,57.0684976,0
9.6968935,57.0684277,0
10.062779,56.8129016,0
9.6960567,57.0661179,0
9.6967794,57.0668076,0
9.6969795,57.0669986,0
10.0594031,56.8187862,0
10.0697848,56.8167363,0
10.0692913,56.8176347,0
10.0579296,56.8125082,0
10.0577701,56.8118534,0
10.0586113,56.8118171,0
9.6998763,57.0655122,0
9.7010313,57.0653647,0
9.7019361,57.0652429,0
9.7021614,57.0652429,0
9.7024941,57.0652663,0
9.7032665,57.0655171,0
9.7008526,57.0648754,0
9.6998318,57.0641403,0
9.7017595,57.064247,0
9.6999392,57.0618483,0
9.6993335,57.0622304,0
9.6995218,57.0628354,0
9.7001051,57.062742,0
9.7005199,57.0627988,0
9.700831,57.0627695,0
9.7016036,57.0626879,0
9.7018821,57.0626548,0
9.8558889,57.3674667,0
9.2662183,57.0877895,0
8.6951124,56.9640501,0
9.9514622,56.7602736,0
9.9526473,56.760104,0
9.9543855,56.7599571,0
9.9559196,56.7597395,0
9.9577328,56.7595043,0
9.2514284,57.0912521,0
9.2514181,57.0911329,0
9.2513228,57.0908384,0
9.2513008,57.0907415,0
9.8656249,57.3628152,0
9.8697077,57.3629457,0
9.8711881,57.3630032,0
9.8720753,57.3630378,0
9.8726247,57.3630115,0
9.8732354,57.3629589,0
9.8782819,57.3625246,0
9.8482384,57.31912,0
9.8479731,57.3193111,0
8.7241032,56.8052511,0
8.7244172,56.8055692,0
8.7242112,56.805682,0
9.9753896,56.8850419,0
9.9759439,56.8850449,0
9.9764488,56.8850388,0
9.9765806,56.8850251,0
9.9768768,56.8849939,0
9.97708,56.884943,0
9.9771403,56.884847,0
9.9771897,56.8845891,0
9.9772995,56.8844632,0
9.9774475,56.8844122,0
9.9799943,56.8843013,0
9.9805212,56.8842653,0
9.9833753,56.8841903,0
9.983946,56.8841004,0
9.984451,56.8839834,0
9.9848516,56.8839145,0
9.9853786,56.8839445,0
9.9872721,56.8839864,0
9.9882819,56.8839534,0
9.9765806,56.8850251,0
9.9767452,56.8853417,0
9.9768275,56.8858125,0
9.9767835,56.8860314,0
9.9767177,56.8861633,0
9.976608,56.8863972,0
9.9765861,56.8866041,0
9.976756,56.886676,0
9.9772063,56.886667,0
9.9791327,56.8865651,0
9.9795553,56.886547,0
9.9800547,56.8864662,0
9.9804388,56.8864332,0
9.9805817,56.8864482,0
9.9807736,56.8865081,0
9.9809054,56.8865801,0
9.9841656,56.8864482,0
9.9874971,56.8863942,0
9.9138004,57.0466137,0
9.9892277,56.8859504,0
9.9911249,56.8859354,0
9.9915586,56.8859744,0
9.9919098,56.8859864,0
9.992069,56.8859654,0
9.9891598,56.886607,0
9.9896157,56.8866431,0
9.9898517,56.886688,0
9.9899394,56.886715,0
10.0161703,56.8908819,0
10.015852,56.890498,0
10.0155281,56.8900784,0
10.0154183,56.8897455,0
10.015358,56.8891398,0
10.0154018,56.8886629,0
10.0154568,56.8883992,0
10.0154237,56.8881593,0
10.0150726,56.8877245,0
10.0134587,56.8858382,0
10.0115648,56.883556,0
10.0108568,56.8826863,0
10.0107361,56.8825903,0
10.0102968,56.8824914,0
9.7849151,56.8420142,0
9.7853482,56.8420381,0
9.7857374,56.8419693,0
9.7861705,56.8418613,0
9.786664,56.8417894,0
9.7888623,56.8417714,0
9.7899972,56.8417444,0
9.7904027,56.8416664,0
9.7907536,56.8413756,0
9.7909181,56.8412466,0
9.7917513,56.8410396,0
9.7930343,56.8409798,0
9.7942952,56.8409078,0
9.7955834,56.8408334,0
9.7958849,56.840816,0
9.7961646,56.8407999,0
9.8002652,56.8406259,0
9.7951942,56.8396243,0
9.7955724,56.8396364,0
9.7956876,56.8398193,0
9.7957094,56.8402811,0
9.7957204,56.8406379,0
9.7957808,56.8407399,0
9.7955834,56.8408334,0
9.7954903,56.8410127,0
9.7954353,56.8413726,0
9.7953258,56.842245,0
9.7953642,56.842569,0
9.7951175,56.8426259,0
9.7849151,56.8420142,0
9.784844,56.8415525,0
9.7846082,56.8409918,0
9.7844821,56.8406889,0
9.7842134,56.8400202,0
9.7839885,56.8394895,0
9.7838627,56.8392496,0
9.7834625,56.838296,0
9.7833089,56.8378852,0
9.8539287,56.8144914,0
9.8538519,56.8146143,0
10.1752144,57.3566387,0
9.8631138,56.8152507,0
9.863591,56.8151455,0
9.864221,56.8150194,0
8.6882741,56.9541085,0
8.6883947,56.9541357,0
8.689869,56.9544697,0
8.6901544,56.9545342,0
9.971616,56.7581398,0
9.9712024,56.7582003,0
9.9698886,56.7585515,0
10.2968931,57.4770459,0
10.2968069,57.4771619,0
10.2964748,57.4772997,0
10.2960237,57.4774042,0
10.2955731,57.4775368,0
10.2952624,57.4776574,0
10.2950366,57.4777791,0
10.29494,57.4778714,0
10.2949508,57.4780214,0
10.2950902,57.4781944,0
10.2952732,57.4783957,0
10.2905091,57.4795902,0
10.2907777,57.4796646,0
10.2910782,57.4797627,0
10.2914423,57.4798844,0
10.2918179,57.4799824,0
10.294962,57.478638,0
10.2948649,57.4786962,0
10.2945757,57.478736,0
10.2941896,57.4787706,0
10.2940174,57.4788058,0
10.2938568,57.4788398,0
10.2934917,57.4791807,0
10.2931913,57.4794864,0
10.2928055,57.4797858,0
10.2926118,57.4798902,0
10.2924509,57.479994,0
10.2921934,57.4801036,0
10.2920217,57.4801612,0
10.2912814,57.4803862,0
10.290488,57.4806105,0
10.2895435,57.4808361,0
10.2884384,57.4810841,0
10.2875376,57.4812911,0
10.2866925,57.4814684,0
10.2856815,57.4817006,0
10.2847262,57.4819146,0
10.2952303,57.4784707,0
9.308267,56.9080009,0
9.3082956,56.9077839,0
9.3082419,56.9076434,0
9.3083279,56.9070517,0
9.3084672,56.9065831,0
9.3132551,56.907368,0
9.3133591,56.9074442,0
9.3134128,56.9075379,0
9.3134235,56.9076785,0
9.3132197,56.9086449,0
9.3133054,56.9087036,0
9.309264,56.9327077,0
9.3076347,56.8999147,0
9.3077053,56.900458,0
9.307716,56.900584,0
9.3248712,56.9150938,0
9.3248712,56.9152226,0
9.3246459,56.915902,0
9.3244527,56.9167453,0
9.3243455,56.9169093,0
9.3242273,56.9169737,0
9.3227682,56.9168976,0
9.2981578,56.912513,0
9.2981033,56.9127861,0
9.3092799,56.9327776,0
9.308993,56.9328233,0
9.3074265,56.9329286,0
9.3072228,56.9329637,0
9.3071369,56.9330516,0
9.3071477,56.9331628,0
9.30733,56.9337482,0
9.3072872,56.9338887,0
9.3071261,56.9339706,0
9.3062249,56.9340526,0
9.3032574,56.9555584,0
9.3031244,56.9556582,0
9.3029849,56.9559331,0
9.3017504,56.9133723,0
9.3020193,56.9133602,0
9.3032423,56.9134305,0
9.3033925,56.9134012,0
9.303532,56.9133249,0
9.3036608,56.9129326,0
9.3037359,56.9127803,0
9.304004,56.9123762,0
9.3040684,56.9122356,0
9.3041328,56.9118666,0
9.3048087,56.9097814,0
9.3050233,56.9090141,0
9.3051521,56.9087505,0
9.305313,56.9085923,0
9.3054953,56.9084752,0
9.3056992,56.9083873,0
9.3059031,56.9083229,0
9.3061605,56.908276,0
9.3065039,56.908235,0
9.3074265,56.908153,0
9.3081884,56.9080241,0
9.308267,56.9080009,0
9.3084458,56.907948,0
9.3087999,56.9078074,0
9.3091861,56.9076551,0
9.3095723,56.9075555,0
9.3099908,56.9075203,0
9.3103341,56.9075321,0
9.3118786,56.9076434,0
9.3122218,56.9076258,0
9.3126509,56.9074911,0
9.3130695,56.9073915,0
9.3132551,56.907368,0
9.313402,56.9073563,0
9.3137346,56.9073622,0
9.3157087,56.9075321,0
9.3159662,56.9067647,0
9.2871475,56.9393283,0
9.2845957,56.9392327,0
9.2843704,56.9392035,0
9.3027684,56.9551395,0
9.3025987,56.9551666,0
9.3016115,56.9550439,0
9.3011716,56.955038,0
9.3000237,56.9549971,0
9.3217881,56.9167752,0
9.3150124,56.9162508,0
9.3146359,56.9162358,0
9.3119429,56.9162592,0
9.3114708,56.916271,0
9.3109237,56.916312,0
9.308993,56.9165169,0
9.3085639,56.9165345,0
9.3081668,56.9165286,0
9.3076948,56.9164818,0
9.3069331,56.9163939,0
9.3062249,56.916271,0
9.3057467,56.9161784,0
9.3034999,56.9157439,0
9.3217881,56.9167752,0
9.3218129,56.9168428,0
9.2951005,56.9257359,0
9.2948417,56.9256577,0
9.2934148,56.9254587,0
9.2932538,56.925406,0
9.2932109,56.925324,0
9.2933611,56.9247969,0
9.3091571,56.9319622,0
9.3104113,56.9372205,0
9.3117069,56.9372837,0
9.3120824,56.9373421,0
9.3123935,56.9373949,0
9.3127368,56.9374242,0
9.3167709,56.9375061,0
9.3175863,56.9375646,0
9.3191467,56.9376972,0
9.3225001,56.9379217,0
9.3233476,56.9380036,0
9.3239807,56.9380563,0
9.3246136,56.9380973,0
9.3253431,56.9381265,0
9.279273,56.9453645,0
9.2793707,56.9473088,0
9.2792956,56.9476541,0
9.2791882,56.947935,0
9.279081,56.9481105,0
9.2791239,56.9483095,0
9.2791131,56.9485552,0
9.2794458,56.9485728,0
9.2813555,56.9486137,0
9.2815916,56.9486547,0
9.2880737,56.9318396,0
9.2880074,56.9317461,0
9.2880932,56.9313656,0
9.2881039,56.9310612,0
9.2880932,56.9308212,0
9.2880504,56.9305518,0
9.2879967,56.9303587,0
9.2879,56.9302182,0
9.2876426,56.9299843,0
9.2872408,56.9296058,0
9.2868809,56.9293403,0
9.2865698,56.9291296,0
9.2863445,56.9289832,0
9.2860762,56.9288954,0
9.2857221,56.9288368,0
9.2846707,56.9287842,0
9.2839197,56.9287373,0
9.2836086,56.9286788,0
9.2832331,56.9285851,0
9.339899,56.9157963,0
9.3376492,56.9156385,0
9.3370698,56.9155857,0
9.3363081,56.9154979,0
9.3356106,56.9153808,0
9.3326388,56.914801,0
9.3321561,56.9147307,0
9.3297528,56.914637,0
9.3281327,56.914637,0
9.3270277,56.9146662,0
9.3265878,56.9147131,0
9.3261372,56.9147951,0
9.3251716,56.9150352,0
9.3248712,56.9150938,0
9.3246029,56.9151172,0
9.3231753,56.9152471,0
9.3226717,56.9152929,0
9.3222962,56.9153632,0
9.3220709,56.9154745,0
9.3219314,56.9156385,0
9.2840259,56.9457538,0
9.2842631,56.9451729,0
9.284381,56.9450266,0
9.2851536,56.9442542,0
9.2858402,56.9435285,0
9.2860225,56.9433236,0
9.2861406,56.9431247,0
9.2863552,56.9426097,0
9.2866449,56.9418781,0
9.2869453,56.9410822,0
9.2870632,56.9406725,0
9.2871169,56.9403506,0
9.2871276,56.9397887,0
9.2871475,56.9393283,0
9.2871599,56.9390396,0
9.2879537,56.9319979,0
9.3157087,56.9075321,0
9.3157195,56.9075965,0
9.3170927,56.9078367,0
9.310871,56.8995773,0
9.311149,56.8997139,0
9.311444,56.8998868,0
9.3132679,56.9010117,0
9.3134342,56.9010966,0
9.3136488,56.9011435,0
9.3139867,56.9011875,0
9.3141844,56.9012033,0
9.3145124,56.9012724,0
9.307932,56.9375915,0
9.3077699,56.9375705,0
9.3072549,56.9375997,0
9.3036822,56.9376173,0
9.3034795,56.9376459,0
9.3033174,56.9378046,0
9.3032746,56.9378983,0
9.3000237,56.9549971,0
9.2959719,56.9546984,0
9.2957912,56.9547084,0
9.2957392,56.9548408,0
9.3026849,56.9305487,0
9.3033818,56.9330574,0
9.3033497,56.9331511,0
9.3031779,56.9331628,0
9.300013,56.9331921,0
9.2998521,56.9332155,0
9.2997769,56.9333209,0
9.2748689,56.9352693,0
9.3175112,56.9352466,0
9.3160306,56.9351121,0
9.3158374,56.9350359,0
9.3157838,56.9349365,0
9.3162559,56.9339647,0
9.2914455,56.9459764,0
9.2916231,56.9461267,0
9.2917246,56.9462322,0
9.2923955,56.9469285,0
9.2927252,56.9472552,0
9.2929211,56.9474493,0
9.2936722,56.9480227,0
9.2940584,56.9482978,0
9.2958287,56.9493627,0
9.2987898,56.9510888,0
9.2999486,56.9517617,0
9.3005815,56.9521829,0
9.3009463,56.9525398,0
9.3012254,56.9529435,0
9.3017724,56.9538913,0
9.3021588,56.9544763,0
9.3025343,56.954921,0
9.3027684,56.9551395,0
9.303017,56.9553715,0
9.3032574,56.9555584,0
9.3035213,56.9557635,0
9.30409,56.9561379,0
9.3057099,56.95715,0
9.3078117,56.9584563,0
9.3082312,56.9587411,0
9.3085423,56.9590044,0
9.3088105,56.9593671,0
9.3090466,56.9597707,0
9.3091861,56.9602094,0
9.3093042,56.9607944,0
9.3086279,56.9002764,0
9.3097221,56.9003321,0
9.3097972,56.9003848,0
9.3097757,56.9006221,0
9.3097381,56.9006748,0
9.309647,56.9006807,0
9.3093415,56.9006777,0
9.309218,56.9006895,0
9.3090624,56.9007568,0
9.3089659,56.9008506,0
9.3088532,56.9010498,0
9.3263517,56.9271018,0
9.3260619,56.9266844,0
9.3256758,56.926173,0
9.3255577,56.9259445,0
9.3254182,56.9256577,0
9.2922855,56.9307173,0
9.2921272,56.9304934,0
9.2920414,56.9302592,0
9.2920414,56.930107,0
9.2921595,56.929516,0
9.2922882,56.9292057,0
9.2924492,56.9289188,0
9.292814,56.9284153,0
9.2938761,56.9270863,0
9.2949919,56.9258567,0
9.2951005,56.9257359,0
9.2952601,56.9255581,0
9.2954424,56.9253298,0
9.2958287,56.924756,0
9.2963223,56.924112,0
9.2965391,56.9238357,0
9.2967729,56.9235381,0
9.2970626,56.9232337,0
9.2976955,56.9227008,0
9.2991869,56.9215766,0
9.3010537,56.9200599,0
9.3013111,56.9198198,0
9.3014613,56.9196207,0
9.3016652,56.9192576,0
9.3019226,56.9188711,0
9.3023304,56.9180571,0
9.3191467,56.9376972,0
9.319088,56.9379166,0
9.3187556,56.9388055,0
9.3187128,56.9390337,0
9.3188307,56.9391332,0
9.3202089,56.9392011,0
9.2797777,56.9329525,0
9.2803148,56.9330165,0
9.2806475,56.9330165,0
9.2844347,56.9326535,0
9.2847672,56.9326067,0
9.2878753,56.9318856,0
9.2880737,56.9318396,0
9.2911509,56.9311256,0
9.2915694,56.9310261,0
9.29202,56.9308446,0
9.2922855,56.9307173,0
9.2923741,56.9306748,0
9.2926958,56.9305695,0
9.2929319,56.9305285,0
9.2932109,56.9305226,0
9.2956034,56.9305812,0
9.2974487,56.9306397,0
9.3001739,56.9307568,0
9.3006138,56.9307568,0
9.3010752,56.9307041,0
9.3020728,56.9305929,0
9.3026849,56.9305487,0
9.3034676,56.9305168,0
9.3048731,56.9304407,0
9.3060103,56.9303587,0
9.3072872,56.9302416,0
9.3085853,56.9301127,0
9.3088493,56.9300731,0
9.3092075,56.9300192,0
9.3118035,56.9295218,0
9.3120824,56.9294282,0
9.3133912,56.9289247,0
9.3139707,56.9287315,0
9.3147323,56.9284973,0
9.3153224,56.9283685,0
9.3157517,56.9283041,0
9.3162177,56.9282524,0
9.3163847,56.9282338,0
9.3171357,56.9281166,0
9.3176015,56.9280358,0
9.3178437,56.9279938,0
9.3198179,56.9276132,0
9.3260619,56.9266844,0
9.3266429,56.926598,0
9.312746,56.9603466,0
9.3113313,56.9573957,0
9.3112347,56.9572961,0
9.3110309,56.9572494,0
9.3108276,56.9572611,0
9.3106666,56.9572142,0
9.2977164,56.9003665,0
9.2981676,56.9007246,0
9.2988542,56.9011933,0
9.2992404,56.9015507,0
9.3002919,56.9020193,0
9.3006352,56.902242,0
9.308595,56.8999313,0
9.3086279,56.9000831,0
9.3086279,56.9002764,0
9.3085261,56.9004492,0
9.3057467,56.9161784,0
9.3056239,56.9163265,0
9.3053128,56.9169152,0
9.3052108,56.917038,0
9.3049694,56.9172636,0
9.3049801,56.9173544,0
9.3049157,56.9174481,0
9.3047762,56.9175358,0
9.3045779,56.9176033,0
9.3044223,56.9177028,0
9.3043633,56.917817,0
9.3044223,56.9179986,0
9.3044974,56.9181069,0
9.3045188,56.9182035,0
9.2965391,56.9238357,0
9.2930713,56.9234796,0
9.2929962,56.923421,0
9.3231753,56.9152471,0
9.3231867,56.9153748,0
9.3105251,56.9363365,0
9.3102482,56.9361423,0
9.3101731,56.9359901,0
9.3100122,56.935475,0
9.3098512,56.9347433,0
9.3092799,56.9327776,0
9.309264,56.9327077,0
9.3092398,56.9326008,0
9.3091571,56.9319622,0
9.3090573,56.9312544,0
9.308875,56.9302358,0
9.3088493,56.9300731,0
9.3087892,56.9263135,0
9.3089394,56.9236494,0
9.3088536,56.9234972,0
9.3082098,56.9230756,0
9.3079201,56.9228414,0
9.3077913,56.9226833,0
9.3077055,56.922449,0
9.3074802,56.921395,0
9.3074481,56.9211257,0
9.3074481,56.9207919,0
9.3074695,56.9204347,0
9.7789094,56.835694,0
9.7790958,56.835709,0
9.779293,56.83567,0
9.779589,56.835574,0
9.7798576,56.8354841,0
9.7800878,56.8354151,0
9.7802687,56.8353851,0
9.7815183,56.8353821,0
9.7833492,56.8353911,0
9.7867803,56.8353611,0
9.7877396,56.8353522,0
9.7879259,56.8353731,0
10.5914863,57.7406297,0
10.5802767,57.7405739,0
10.5755027,57.7406173,0
10.2896406,56.9822503,0
10.2904693,56.9822336,0
10.2949509,56.9804323,0
10.2933876,56.9806088,0
10.2901337,56.9785262,0
10.2919035,56.9783377,0
10.2928388,56.9782452,0
10.2935454,56.9781755,0
10.2939027,56.978137,0
10.2945216,56.9780703,0
10.2949901,56.9780317,0
10.2952421,56.9780278,0
10.295399,56.9780318,0
10.2957019,56.9780586,0
10.2960264,56.9781639,0
10.2962724,56.9782816,0
10.296463,56.9783994,0
10.2965866,56.9785121,0
10.2966687,56.9786568,0
10.2967853,56.9789589,0
10.2991781,56.9791226,0
10.2978277,56.9792809,0
10.2969035,56.9793681,0
10.2981118,56.982281,0
10.298041,56.9812715,0
10.29803,56.9811046,0
10.2979785,56.9802949,0
10.2979205,56.9794457,0
10.2978834,56.9793528,0
9.8847075,57.5295946,0
8.9733146,56.6104028,0
8.9740408,56.6111625,0
8.9750722,56.6119833,0
8.9774685,56.6139743,0
8.977897,56.6149262,0
9.5561624,57.1235398,0
9.5540308,57.1267299,0
9.5520272,57.1297844,0
9.5501316,57.1223742,0
9.5467629,57.127167,0
9.5445628,57.1303228,0
9.9449151,57.5317273,0
9.9454054,57.5305017,0
9.9454805,57.5304096,0
9.9456414,57.5303232,0
9.9459097,57.5302714,0
9.938421,57.5319301,0
9.9478296,57.5253251,0
9.9493461,57.527865,0
9.9494595,57.5279274,0
9.9495387,57.5280001,0
9.9496114,57.5280922,0
9.9497952,57.5283512,0
9.9498472,57.5284858,0
9.9498377,57.5286368,0
9.9497566,57.5287486,0
9.9496755,57.5288141,0
9.9494287,57.5289695,0
9.9490425,57.5292288,0
9.9489137,57.5293786,0
9.9488967,57.5294949,0
9.9488816,57.5295974,0
9.9488816,57.5298086,0
9.9488816,57.5298739,0
9.9487635,57.5301389,0
9.9485812,57.5304153,0
9.9484203,57.5307206,0
9.9483452,57.5310432,0
9.9483666,57.5312995,0
9.9483782,57.5314823,0
9.9484191,57.5321551,0
9.948607,57.5327273,0
9.9486342,57.5328105,0
9.9491123,57.5341622,0
9.9491258,57.5344127,0
9.9491347,57.5345763,0
9.9491635,57.5349831,0
9.9491997,57.5354943,0
9.9492104,57.5356863,0
9.9492695,57.5358669,0
9.9492264,57.5361134,0
9.9488385,57.5369533,0
9.9482052,57.5385706,0
9.9499639,57.5250579,0
9.9501163,57.5250488,0
9.9508841,57.5249874,0
9.9511853,57.5249633,0
9.9514222,57.5249557,0
9.9542946,57.5248137,0
9.9594975,57.5245566,0
9.9637553,57.5243311,0
9.965455,57.5242411,0
9.9667155,57.5241944,0
9.966924,57.5242035,0
9.9676313,57.5242343,0
9.9684683,57.5243058,0
9.9715203,57.5246308,0
9.9722585,57.5247206,0
9.9730018,57.5247757,0
9.9394651,57.5326543,0
9.9399106,57.5326386,0
9.9399428,57.5330767,0
9.9399979,57.5338254,0
9.9386468,57.5345907,0
9.9436658,57.5310609,0
9.9415752,57.5311468,0
9.9414142,57.5311756,0
9.9412856,57.531262,0
9.9403889,57.5275102,0
9.9374023,57.5309798,0
9.9375202,57.5314982,0
9.9375739,57.5316018,0
9.9377348,57.5316478,0
9.9379708,57.5316478,0
9.9383615,57.5316206,0
9.938915,57.5315903,0
9.9390331,57.5315442,0
9.9390974,57.5314636,0
9.9391188,57.5313369,0
9.9466317,57.5316615,0
9.9449151,57.5317273,0
9.9440077,57.5317621,0
9.9437349,57.5317726,0
9.9421993,57.5318181,0
9.9411171,57.5318501,0
9.9393548,57.5319025,0
9.938421,57.5319301,0
9.9379478,57.5319667,0
9.9364086,57.5320972,0
9.9361453,57.5321196,0
9.9348113,57.5322345,0
9.9322777,57.5324528,0
9.9317863,57.5325292,0
9.9313444,57.5326849,0
9.9303421,57.5331213,0
9.9294964,57.5335539,0
9.9294065,57.5335999,0
9.9286561,57.5339265,0
9.9283015,57.5340296,0
9.9278447,57.5341624,0
9.9271159,57.5343076,0
9.9262466,57.534426,0
9.9206761,57.5351849,0
9.9174157,57.5356186,0
8.7944164,56.8263362,0
8.7942125,56.826342,0
8.7938156,56.8260955,0
8.7935259,56.8261424,0
8.7934294,56.8261307,0
8.7933436,56.8260896,0
8.7930323,56.8258019,0
9.9393548,57.5319025,0
9.9472233,57.5328943,0
9.9474117,57.5339399,0
9.9473903,57.5340781,0
9.9460865,57.5258102,0
9.9461994,57.5259569,0
9.9462315,57.5261124,0
10.3035831,57.4616941,0
10.3035232,57.4613882,0
10.3034804,57.4604302,0
10.303416,57.4594145,0
10.3033176,57.4578276,0
10.303258,57.4568647,0
10.3031371,57.4549129,0
10.3029654,57.4533776,0
10.302928,57.4528995,0
10.3028367,57.4517267,0
10.3027936,57.451265,0
10.3025148,57.4506185,0
10.3020397,57.4499231,0
10.3019783,57.4498334,0
10.3010769,57.4490137,0
10.3004558,57.448575,0
10.3000471,57.4482863,0
10.2985022,57.4473627,0
10.2978287,57.4469819,0
10.2972362,57.4466468,0
10.2965422,57.4459746,0
10.2963779,57.4458155,0
10.29611,57.4455123,0
10.2957556,57.4451112,0
10.2953265,57.444199,0
10.2952907,57.4439764,0
10.2952191,57.4435293,0
10.2952835,57.4425708,0
10.2953043,57.4422777,0
10.2954168,57.4419699,0
10.2959058,57.4411736,0
10.2966783,57.439707,0
10.2969573,57.4389564,0
10.2971718,57.4383443,0
10.2971718,57.4382234,0
10.2971718,57.4377091,0
10.297086,57.4369238,0
10.2968714,57.4363348,0
10.2964208,57.4357111,0
10.2963955,57.4356841,0
10.2941248,57.4332625,0
10.2940766,57.4332145,0
10.2932216,57.4323603,0
10.2920435,57.4311834,0
10.2907989,57.4298088,0
10.2896401,57.4281223,0
10.2896206,57.4280945,0
10.2883527,57.4262855,0
10.2876017,57.4251764,0
10.2870653,57.424206,0
10.2868722,57.4235937,0
10.2865456,57.4220834,0
10.2864001,57.42141,0
10.2863758,57.4212861,0
10.2859065,57.4188681,0
10.2858923,57.4188013,0
10.2855202,57.4170539,0
10.2853808,57.4166533,0
10.2853271,57.4164992,0
10.2850267,57.4160832,0
10.2841469,57.4154708,0
10.2835033,57.4149508,0
9.9501674,57.5333694,0
9.9500349,57.5334073,0
9.949992,57.5334649,0
9.9491501,57.5260289,0
9.9490785,57.5251856,0
9.9466317,57.5316615,0
9.9483782,57.5314823,0
9.9489567,57.5314348,0
9.9494105,57.5314006,0
9.9496433,57.5313887,0
9.9497614,57.5314291,0
9.9498365,57.5315673,0
9.9499832,57.5331612,0
9.9500283,57.5332633,0
9.9500931,57.5333264,0
9.9501674,57.5333694,0
9.9514083,57.5334332,0
9.9522076,57.5334447,0
9.9532375,57.5334649,0
9.9536814,57.533473,0
9.9568638,57.533531,0
9.9570248,57.5335022,0
9.9571106,57.5334331,0
9.9453726,57.5259676,0
9.9452552,57.5262508,0
9.9491635,57.5349831,0
9.9478301,57.5351493,0
9.9475512,57.5351666,0
9.9471434,57.5351435,0
9.9399428,57.5330767,0
9.9467723,57.5256615,0
9.9460865,57.5258102,0
9.9453726,57.5259676,0
9.9451694,57.5260204,0
9.9447296,57.5260895,0
9.9443109,57.526124,0
9.9439248,57.5261471,0
10.2899621,57.4188796,0
10.2900478,57.4182325,0
10.2893611,57.4180013,0
10.2887819,57.4177472,0
10.2880951,57.417493,0
10.2863356,57.4170192,0
10.2858851,57.4167535,0
10.2856275,57.4166264,0
9.9491258,57.5344127,0
9.9482808,57.5344755,0
9.9480018,57.5344812,0
9.9477121,57.5344582,0
9.9472563,57.5344038,0
9.4443546,57.0980036,0
9.4440897,57.0973829,0
9.4439959,57.0968372,0
9.4438745,57.0958717,0
9.4438634,57.0946872,0
9.4439076,57.0942854,0
9.4441445,57.0930828,0
9.4441505,57.0930529,0
9.4443546,57.0919643,0
9.9415684,57.5275043,0
9.9496114,57.5280922,0
9.9498221,57.5280568,0
9.9501674,57.5280577,0
9.9506538,57.5280463,0
9.9511391,57.5280237,0
9.9513942,57.5280145,0
9.9520092,57.5279147,0
9.9520975,57.5279004,0
9.9529586,57.5277928,0
9.953398,57.527739,0
9.9538383,57.5276934,0
9.9544059,57.5276445,0
9.9554219,57.5275775,0
9.9557021,57.5275571,0
9.955936,57.5275565,0
9.9561283,57.5275707,0
9.9563811,57.5276045,0
9.9569389,57.5276966,0
9.958087,57.5278982,0
9.9625679,57.5287092,0
9.4459665,57.0919468,0
9.4461928,57.0908007,0
9.4462812,57.0901739,0
9.9399979,57.5338254,0
9.448467,57.0889021,0
9.4484615,57.0890972,0
9.4488313,57.0891151,0
9.4490411,57.0891272,0
9.4492232,57.0891631,0
9.4492399,57.0892261,0
9.449146,57.0904078,0
9.4490135,57.0919912,0
9.947165,57.5252954,0
10.2991566,57.4226636,0
10.2976009,57.4224499,0
10.2953372,57.4221321,0
10.2940819,57.4219818,0
10.2934274,57.422005,0
10.2926871,57.4219184,0
10.2922578,57.4220455,0
10.2919684,57.4221552,0
10.2901658,57.4219531,0
10.2893183,57.4218837,0
10.2878806,57.4217624,0
10.2841469,57.4220744,0
10.2854345,57.4220801,0
10.2895436,57.4223632,0
10.2895329,57.4220397,0
9.454772,57.088419,0
9.4550424,57.088515,0
9.4554122,57.0885359,0
9.4555888,57.0885629,0
9.4556661,57.0886469,0
9.4556881,57.0894385,0
9.4556769,57.0896603,0
9.4555336,57.0898792,0
9.4554894,57.0899902,0
9.4555115,57.090305,0
9.4556715,57.0911535,0
9.4557985,57.091954,0
9.4559089,57.0921069,0
9.4562455,57.0921669,0
9.45704,57.0922388,0
9.4576472,57.0923138,0
9.4578293,57.0924097,0
9.4579397,57.0925596,0
9.4581383,57.0932312,0
9.4555336,57.0898792,0
9.4559034,57.0898163,0
9.456527,57.0897983,0
9.4414128,57.0868637,0
9.4414018,57.0874004,0
9.4413356,57.088258,0
9.4412748,57.0887497,0
9.4412969,57.0889806,0
9.4415177,57.0893074,0
9.4416721,57.0895952,0
9.4416666,57.089877,0
9.4415232,57.0904887,0
9.5876313,57.1689817,0
9.5857565,57.1685859,0
9.5820731,57.1677403,0
9.5813431,57.1675994,0
9.5788932,57.1674225,0
9.5766477,57.1672516,0
9.5710453,57.1680612,0
9.5709126,57.1678033,0
9.5708961,57.1670237,0
9.5709568,57.1668318,0
9.571272,57.1668408,0
10.3052935,57.4673661,0
10.3053954,57.4676777,0
10.3055295,57.4678469,0
10.3059855,57.4682277,0
10.3063771,57.4685739,0
10.3066614,57.4687902,0
10.3068492,57.4690066,0
10.3069563,57.4693037,0
10.3070959,57.4695662,0
10.3071443,57.469921,0
10.307053,57.4701749,0
10.3069029,57.4703912,0
10.3066614,57.4708009,0
10.3065167,57.4710788,0
10.3064254,57.4713182,0
10.3063395,57.4715201,0
10.3063021,57.4716586,0
10.3061947,57.4717711,0
10.3062376,57.4719586,0
10.306227,57.4722672,0
10.3062163,57.4724835,0
10.3062484,57.4727028,0
10.3062431,57.4730028,0
10.3062323,57.4732306,0
10.3062698,57.4734152,0
10.306361,57.473646,0
10.3064684,57.4738364,0
10.306597,57.4740142,0
10.3067364,57.47422,0
10.3086462,57.4692806,0
10.3081099,57.4694451,0
10.3077987,57.469572,0
10.3074714,57.4697335,0
10.3073158,57.4698316,0
8.4278074,56.7654345,0
8.4282195,56.765665,0
9.7859612,56.6410851,0
9.7859554,56.6415037,0
9.4358053,57.104079,0
9.4352367,57.1050925,0
9.435093,57.1053474,0
9.4350986,57.1054913,0
9.4351758,57.1062049,0
9.4352588,57.1066876,0
9.4353967,57.1068765,0
9.4355457,57.1070324,0
9.4356396,57.1072033,0
9.4357334,57.107449,0
9.4359599,57.107656,0
9.4360647,57.1078929,0
9.4359213,57.1085464,0
9.4357391,57.1099435,0
9.7834398,56.6460938,0
9.7832925,56.6462544,0
9.7830889,56.6468137,0
9.7830483,56.6478766,0
9.782992,56.6480238,0
9.7828488,56.6481493,0
9.7826374,56.6482378,0
9.5062576,56.7167731,0
9.5062585,56.7164626,0
9.5062379,56.7163819,0
9.5061574,56.7162465,0
9.5061727,56.7161947,0
9.5062317,56.7161446,0
9.5064731,56.7161034,0
9.5065967,56.7161181,0
8.6925764,56.9619864,0
8.6925788,56.9618615,0
8.6932378,56.9620142,0
9.972681,57.0898294,0
9.9725542,57.089477,0
8.4950071,56.8916055,0
8.4956721,56.8923098,0
8.4959969,56.8926638,0
8.4961686,56.8928982,0
8.4962376,56.8930808,0
8.4963208,56.8932915,0
8.4963464,56.8933564,0
8.4963805,56.895457,0
8.4964153,56.8970844,0
8.4964763,56.8975136,0
8.4968068,56.898474,0
8.4969379,56.8988544,0
8.4970234,56.8993807,0
8.4970607,56.899808,0
8.4971513,56.9008479,0
8.4972097,56.9015182,0
8.4972414,56.9026013,0
8.4972659,56.9028897,0
8.4973577,56.903975,0
8.49756,56.9063677,0
8.4975189,56.9070631,0
8.4974401,56.9076198,0
8.4974332,56.9076675,0
8.4972324,56.9093703,0
8.4973921,56.9101165,0
9.9712208,57.088831,0
9.9733034,57.0884854,0
10.3970944,57.5945327,0
9.6272618,56.9759333,0
9.6274225,56.9763797,0
9.627474,56.9767781,0
9.6275225,56.9772635,0
9.4472558,57.0828089,0
9.4474379,57.0828929,0
9.447482,57.0831147,0
9.4475482,57.0834325,0
9.4476973,57.0836394,0
9.4480448,57.0837144,0
9.4350067,57.080115,0
9.4352502,57.0800164,0
9.4354777,57.0798808,0
9.4359323,57.0796849,0
9.436376,57.0796035,0
9.4368526,57.0795734,0
9.4374018,57.0795734,0
9.438178,57.0795463,0
9.4396585,57.0794709,0
9.4412167,57.0794197,0
9.4432296,57.0792931,0
9.4444827,57.0792445,0
9.4445491,57.0792419,0
9.4457027,57.0792088,0
9.4465454,57.0791605,0
9.4474826,57.0791244,0
9.4481923,57.0791153,0
9.4487579,57.079049,0
9.4491571,57.079031,0
9.4493734,57.0790762,0
9.4497005,57.0791183,0
9.4504492,57.0791183,0
9.4511422,57.079049,0
9.4524231,57.0789586,0
9.4528834,57.0788984,0
9.4444827,57.0792445,0
9.4444717,57.0794981,0
9.4445382,57.0799441,0
10.0100535,57.1102502,0
10.0099033,57.1102968,0
10.0098227,57.1104279,0
10.0097681,57.1105759,0
10.0101341,57.1106609,0
10.0102617,57.1107653,0
10.0103754,57.1109959,0
10.0105138,57.1112575,0
10.0105728,57.1113916,0
10.0105621,57.1114907,0
10.0104183,57.1116076,0
10.0101813,57.1117383,0
10.0100471,57.1118315,0
10.0099881,57.1119888,0
10.0100096,57.1122101,0
10.0099989,57.1123471,0
10.1897614,57.5115022,0
10.1924757,57.5148575,0
10.1926553,57.5150612,0
10.1926753,57.515297,0
10.1924158,57.5157151,0
10.1923578,57.5158991,0
10.1925103,57.516014,0
10.1929095,57.5161083,0
10.1944902,57.5162026,0
10.1947777,57.5162798,0
10.195081,57.5164256,0
10.1961985,57.5174289,0
10.1967416,57.5178405,0
10.1988971,57.5192038,0
10.1283448,57.5309103,0
10.1200785,57.5244031,0
10.1206377,57.5205556,0
10.1205523,57.5204182,0
10.1203724,57.5203877,0
10.1197753,57.5203572,0
10.1169752,57.5277268,0
10.1169658,57.5279913,0
10.117051,57.5280778,0
10.117307,57.5281796,0
10.1190413,57.528607,0
10.1191646,57.5287037,0
10.1191172,57.5287902,0
10.1188895,57.5290395,0
10.1188328,57.5294974,0
10.1188139,57.529757,0
10.0791515,57.5529099,0
10.0778387,57.5501393,0
10.0777326,57.5499153,0
10.0775446,57.5496733,0
10.0772721,57.5494263,0
10.0744909,57.5472533,0
10.0999981,57.5250522,0
10.0999056,57.524892,0
10.0992771,57.5238034,0
10.0991726,57.5232039,0
10.0992306,57.5230603,0
10.0993819,57.522848,0
10.0993585,57.5226045,0
10.0965458,57.5279427,0
10.0968715,57.5292613,0
10.0970668,57.5298207,0
10.0974297,57.5306997,0
10.0978855,57.5321032,0
10.0986647,57.5343805,0
10.0995018,57.5367026,0
10.0998044,57.537383,0
10.0768622,57.5175245,0
10.0766941,57.5167167,0
10.0768799,57.5166217,0
10.0790035,57.5164838,0
10.0791275,57.5166882,0
10.0793221,57.516788,0
10.0795875,57.5168165,0
10.0806227,57.5167832,0
10.0809679,57.5168593,0
10.0827729,57.5164838,0
10.0829321,57.5164696,0
10.0831181,57.5164981,0
10.0845603,57.5174295,0
10.1951129,57.511932,0
10.198386,57.5118033,0
10.1136226,57.526926,0
10.1140927,57.5279274,0
10.1141306,57.5282205,0
10.159009,57.5464981,0
10.160718,57.54599,0
10.1604843,57.544367,0
10.1604966,57.5440305,0
10.1609884,57.5429946,0
10.1612835,57.5425459,0
10.1613819,57.5423084,0
10.1613205,57.5411932,0
10.1613451,57.5408435,0
10.1579304,57.5342677,0
10.1586545,57.5347186,0
10.1592145,57.5349259,0
10.1612711,57.535382,0
10.1623331,57.5355064,0
10.1631345,57.535579,0
10.1635207,57.5335784,0
10.1634144,57.5334385,0
10.1631635,57.5333296,0
10.1609982,57.5478585,0
10.1993918,57.5089493,0
10.1631345,57.535579,0
10.2053064,57.5105377,0
10.1843315,57.5124951,0
10.0809648,57.5498145,0
10.2055546,57.5112314,0
10.1556772,57.542889,0
10.1555419,57.5417343,0
10.1554436,57.5415298,0
10.155173,57.5414176,0
10.1548411,57.541378,0
10.1525173,57.5415166,0
8.6920803,56.9617064,0
8.6925976,56.9618289,0
9.7405959,57.3523524,0
9.739045,57.3529828,0
9.7386216,57.3531548,0
9.7288444,57.3571187,0
9.7209315,57.3603263,0
9.7185417,57.361295,0
9.7125548,57.3637817,0
9.7131921,57.3638127,0
9.7132917,57.3638062,0
9.71335,57.3637826,0
9.7133841,57.363755,0
9.713843,57.3633804,0
9.7144333,57.3630202,0
9.7151134,57.3626677,0
9.7156308,57.362453,0
9.7515131,57.3538229,0
9.7477378,57.3533144,0
9.7405959,57.3523524,0
9.7117901,57.3619854,0
9.7118237,57.3620195,0
9.7125548,57.3637817,0
9.7125769,57.363827,0
9.7126199,57.363952,0
9.712656,57.364044,0
9.7127009,57.3641369,0
9.712749,57.364226,0
9.7127909,57.364318,0
9.712854,57.364512,0
9.7128969,57.364608,0
9.712937,57.364705,0
9.7129588,57.364807,0
9.7129948,57.364906,0
9.7130269,57.364999,0
9.713061,57.36515,0
9.713088,57.365255,0
9.7131149,57.365355,0
9.7131479,57.365447,0
9.7131789,57.365538,0
9.713198,57.365635,0
9.713234,57.3657319,0
9.713255,57.365822,0
9.713274,57.365922,0
9.713304,57.366019,0
9.71334,57.36611,0
9.713385,57.366205,0
9.7134129,57.366308,0
9.7134589,57.366405,0
9.7134949,57.366498,0
9.713524,57.366587,0
9.7135625,57.3666621,0
9.713651,57.366835,0
9.7137088,57.366951,0
9.713778,57.3670729,0
9.7138599,57.367191,0
9.7139139,57.36731,0
9.7140819,57.367543,0
9.7141779,57.367663,0
9.7142838,57.367777,0
9.714388,57.367893,0
9.714498,57.368012,0
9.7145743,57.3681068,0
9.714681,57.368218,0
9.7147679,57.368314,0
9.71488,57.368414,0
9.7151179,57.368619,0
9.715394,57.368808,0
9.7156899,57.368978,0
9.7159579,57.369146,0
9.7161468,57.3692681,0
8.4983144,56.9120208,0
8.5005828,56.9163488,0
8.500685,56.9165962,0
8.5031638,56.9207587,0
8.5037646,56.9223046,0
8.5050092,56.9249512,0
8.5051735,56.9254355,0
8.505413,56.9261413,0
8.5054383,56.9262159,0
9.8655153,57.1207053,0
9.8624385,57.1215535,0
9.8626878,57.1215285,0
9.8631606,57.121481,0
9.8657536,57.1217728,0
9.8646812,57.1218941,0
9.8645323,57.1218941,0
9.864428,57.1218739,0
9.8643461,57.1218335,0
9.864294,57.1217606,0
9.8641598,57.1213806,0
9.8641077,57.1212027,0
9.8641449,57.1211461,0
9.8654813,57.1204688,0
9.4576935,57.1286962,0
9.4580577,57.1286917,0
9.4581902,57.1286558,0
9.4582564,57.1285794,0
9.4582564,57.1284536,0
9.4581736,57.1283321,0
9.4580909,57.1282019,0
9.4580826,57.128112,0
9.4581653,57.1280401,0
9.9504277,57.2857441,0
9.9496872,57.2855349,0
9.9495604,57.28547,0
9.9494604,57.2853763,0
9.9491402,57.2848354,0
9.9491,57.2847273,0
9.9491,57.2846047,0
8.8312919,56.754637,0
8.8310179,56.754621,0
8.830857,56.754685,0
8.8310199,56.754886,0
8.8315329,56.755121,0
8.8315929,56.755365,0
8.830893,56.755998,0
8.8306152,56.7566617,0
8.8303349,56.757252,0
8.829532,56.7581219,0
8.8293649,56.758345,0
8.8295379,56.7588482,0
8.829756,56.758939,0
8.8299129,56.759164,0
8.830319,56.759459,0
8.83103,56.759701,0
8.8318459,56.760271,0
8.8315579,56.760814,0
8.8315659,56.761141,0
8.831855,56.7614,0
8.831779,56.761544,0
8.8317069,56.761579,0
8.831091,56.761604,0
8.830706,56.761594,0
8.830369,56.7615333,0
8.8300796,56.7615839,0
8.82977,56.761741,0
8.8291689,56.762242,0
8.8289729,56.762295,0
9.8802037,56.679764,0
9.8789891,56.6820484,0
9.8787363,56.6823835,0
9.8783181,56.6827724,0
9.8779426,56.6831083,0
9.8775778,56.6834324,0
9.8773202,56.6836446,0
9.8683712,56.6777827,0
9.8678575,56.678818,0
9.8675248,56.6795134,0
9.8676213,56.6797433,0
9.8698744,56.6809455,0
9.8709796,56.6819238,0
9.871827,56.6824601,0
9.8735759,56.6831378,0
9.8738226,56.6832085,0
9.8741659,56.683232,0
9.8748634,56.683291,0
9.8764726,56.6836092,0
9.877052,56.6836564,0
9.877213,56.6837152,0
9.8778459,56.6842692,0
9.8782778,56.6845176,0
9.8798366,56.6852719,0
9.8806489,56.6862571,0
9.8853517,56.6904438,0
9.8875429,56.6923942,0
9.8880282,56.6925891,0
9.8919766,56.6941751,0
9.8921778,56.6942559,0
9.8931647,56.6949628,0
9.8959291,56.6964683,0
9.8967697,56.6968952,0
9.8998167,56.697932,0
9.9015401,56.6983461,0
9.9137282,56.971376,0
9.9131292,56.9715245,0
9.9126856,56.9715796,0
9.9123041,56.9716051,0
9.9120398,56.9716771,0
9.911962,56.9717705,0
9.911962,56.9719698,0
9.9120398,56.9721734,0
9.9120476,56.9723897,0
9.9119698,56.9725551,0
9.912032,56.9726526,0
9.9123198,56.9727502,0
9.912779,56.9728519,0
9.9130046,56.9729962,0
9.9131524,56.97317,0
9.9133079,56.9732252,0
9.9135181,56.9732591,0
9.9136661,56.9732421,0
9.8606462,56.813911,0
9.8602835,56.8135772,0
9.8598759,56.8133012,0
9.8595862,56.8130486,0
9.859393,56.8127433,0
9.8591785,56.8124614,0
9.858953,56.8123145,0
9.8585668,56.8121617,0
9.8582558,56.8120503,0
9.8581593,56.8119915,0
9.8580411,56.8117625,0
9.923378,56.9506461,0
9.9250205,56.9505629,0
9.9255547,56.950543,0
9.9288739,56.9504457,0
9.9298193,56.9504514,0
9.9317942,56.9503855,0
9.9339161,56.9503254,0
9.9346777,56.9503053,0
9.934956,56.9502967,0
9.9350716,56.9502623,0
9.9351556,56.950205,0
9.9351503,56.9501077,0
9.7716429,57.3559656,0
9.7717597,57.3560916,0
9.7717802,57.3561954,0
10.2882619,56.9822035,0
10.2887474,56.9821954,0
10.2787465,56.9778657,0
10.2788819,56.9779877,0
10.2789558,56.9781245,0
10.2790757,56.9782877,0
10.2790534,56.9784336,0
10.278923,56.9787637,0
10.2788683,56.9791753,0
10.2788889,56.9793797,0
10.2789787,56.9795209,0
10.2790656,56.9796047,0
10.2791051,56.9796813,0
10.2790616,56.9797508,0
10.278886,56.9797808,0
10.2771023,56.9796349,0
10.2755997,56.979512,0
10.2701249,56.9773687,0
10.2707043,56.9774213,0
10.271584,56.9774856,0
10.2719796,56.9775295,0
10.2721633,56.9775498,0
10.2730426,56.9776376,0
10.2739376,56.9777177,0
10.2739831,56.9777242,0
10.2744036,56.977764,0
10.2747792,56.9777855,0
10.275478,56.9778247,0
10.275747,56.9778428,0
10.27639,56.977889,0
10.2771943,56.9779245,0
10.2777599,56.977928,0
10.2780529,56.9779181,0
10.278322,56.977901,0
10.283388,56.9815146,0
10.2832542,56.9815059,0
10.2825375,56.9814613,0
10.2811213,56.9813911,0
10.2838055,56.9794771,0
10.2834173,56.9814028,0
8.640671,56.9596415,0
8.6410059,56.9598095,0
8.6413958,56.9597373,0
8.6419722,56.9596424,0
8.6421478,56.9597165,0
8.6422381,56.9598479,0
8.6917898,56.9611221,0
8.6917437,56.9611362,0
8.6917394,56.9611476,0
8.6919003,56.9611768,0
8.8337484,56.904556,0
8.4286032,56.9329615,0
8.4291572,56.9339731,0
8.4293885,56.9344266,0
8.4293997,56.9346376,0
8.4291889,56.9347592,0
8.4288095,56.93486,0
8.5402853,56.9355806,0
8.5301192,56.9341903,0
10.2755263,56.9799958,0
8.6384421,56.9609628,0
9.8497394,57.4664655,0
9.8493925,57.4668404,0
9.8491829,57.4670849,0
9.8490053,57.4673275,0
9.8489308,57.4675185,0
9.8488937,57.4677208,0
9.8488839,57.4680131,0
9.8487762,57.4701753,0
9.8487368,57.4706876,0
9.8486324,57.472322,0
9.8486449,57.4726448,0
9.8487056,57.4729833,0
9.8487686,57.4731129,0
9.8488625,57.473283,0
9.8490053,57.4735446,0
9.8499391,57.4749506,0
9.8503033,57.4755317,0
9.850456,57.4760117,0
9.850503,57.4766622,0
9.8504325,57.4780264,0
9.8503514,57.4792211,0
9.8503504,57.4794853,0
9.8503502,57.4797071,0
9.8507164,57.4809115,0
9.8508996,57.4818958,0
9.8509238,57.4822143,0
9.8509013,57.4827908,0
9.8508782,57.4833911,0
9.8508623,57.4839387,0
9.8508456,57.4845212,0
9.8508305,57.4850633,0
9.8508186,57.4854842,0
9.8508084,57.4858948,0
9.8507262,57.4863241,0
9.8504443,57.4867661,0
9.8503428,57.4868758,0
9.8499921,57.4872561,0
9.849005,57.4881465,0
9.8480178,57.4889399,0
9.8471369,57.4894372,0
9.8467412,57.4896296,0
9.8456811,57.4901203,0
9.8444044,57.4907113,0
9.8426522,57.4915136,0
9.8423833,57.4917227,0
9.8422815,57.491879,0
9.842255,57.4920254,0
9.8422562,57.4921833,0
10.52153,57.465687,0
10.5214888,57.4658179,0
10.5212525,57.4665669,0
10.5210082,57.4673414,0
9.8380654,57.4544607,0
9.8826345,57.0396574,0
9.8840658,57.0394951,0
9.885195,57.0393493,0
10.1257466,57.3745864,0
10.1260037,57.3745625,0
10.1263527,57.3745256,0
10.1266691,57.3744619,0
10.1269535,57.3744186,0
10.1271465,57.3744294,0
9.9186659,57.0609535,0
9.9155992,57.0629439,0
9.9158771,57.0631106,0
9.9161683,57.0626121,0
9.9170464,57.0634862,0
9.9174045,57.0635971,0
9.9203466,57.0633202,0
9.9212318,57.0643066,0
9.921666,57.0647905,0
9.9221639,57.0653644,0
9.918662,57.0647438,0
9.920159,57.0649291,0
9.2102007,57.1394447,0
9.210177,57.1392775,0
9.2101248,57.1391103,0
8.693159,56.9621468,0
8.6932039,56.9620659,0
10.2905465,56.9795597,0
10.2901337,56.9785262,0
10.290004,56.9781831,0
10.2899306,56.9779969,0
10.2896746,56.9773489,0
10.2894905,56.9768505,0
10.2892539,56.9762519,0
10.2890821,56.9758192,0
10.2894905,56.9768505,0
10.2893448,56.9768806,0
10.2890862,56.9769004,0
10.2885718,56.9769128,0
10.2878805,56.9769009,0
10.2869984,56.9768516,0
10.2866472,56.9768236,0
10.2860244,56.9767957,0
10.2851886,56.9767413,0
10.2847271,56.9767185,0
10.2837409,56.9766555,0
10.2832439,56.9766327,0
10.2822952,56.9765744,0
10.2818943,56.976551,0
10.2814354,56.9765297,0
10.2808424,56.9764799,0
10.2804281,56.9764671,0
10.2788948,56.9763743,0
10.2784714,56.9763513,0
10.278407,56.9757198,0
10.2786002,56.9756496,0
10.2808424,56.9764799,0
10.2778655,56.9750062,0
10.0052251,57.0337785,0
10.0110023,57.0338651,0
10.0097611,57.0339147,0
10.0103097,57.0338329,0
10.0107697,57.0337429,0
10.0108938,57.0337186,0
10.0123536,57.0334329,0
10.0140525,57.0330916,0
10.0143392,57.0330301,0
10.0145651,57.0329818,0
10.0026413,57.0339701,0
10.0026441,57.033912,0
9.9099815,57.0711494,0
9.9099461,57.0714833,0
9.9097601,57.071966,0
9.9085598,57.0718129,0
9.9078215,57.071687,0
9.9075641,57.0716403,0
8.4071045,56.7538417,0
8.4074421,56.7543591,0
8.4074761,56.7544114,0
8.4129169,56.7491799,0
8.4296052,56.751925,0
8.4287424,56.7523615,0
8.408225,56.7548618,0
8.4138411,56.751654,0
8.4271894,56.7497865,0
8.4283359,56.7494468,0
8.4282734,56.7452602,0
8.4368674,56.7470399,0
8.4388992,56.7463975,0
8.4402394,56.7476956,0
8.4413793,56.7473316,0
8.4137476,56.7489879,0
8.4071298,56.7503392,0
8.4203267,56.7523182,0
8.4205074,56.7516952,0
8.4207267,56.7509398,0
8.4210911,56.7504138,0
8.4211476,56.7502872,0
8.421209,56.7499066,0
8.4210456,56.7496676,0
8.4142419,56.7474372,0
8.4074761,56.7544114,0
8.4256311,56.7458917,0
8.42343,56.7463672,0
8.4206855,56.7574722,0
8.4222853,56.7573333,0
8.4336077,56.7507078,0
8.4200788,56.7554028,0
8.421509,56.7552721,0
8.4153581,56.7501183,0
8.4170272,56.7497572,0
8.4154673,56.746882,0
8.4151236,56.7495151,0
8.416206,56.7493914,0
8.4163498,56.749352,0
8.4163806,56.7492873,0
8.4163857,56.7492311,0
8.4161702,56.7487388,0
8.4247925,56.7480843,0
8.4244921,56.7477063,0
8.424179,56.747394,0
8.4239892,56.7472139,0
8.42382,56.7470114,0
8.4207267,56.7509398,0
8.4212502,56.7510017,0
8.4215477,56.7510186,0
8.4218351,56.7509792,0
8.4221133,56.7509097,0
8.4161702,56.7487388,0
8.4170013,56.7486289,0
8.4171347,56.7485868,0
8.417181,56.7484912,0
8.4172836,56.7473265,0
8.4078328,56.7549582,0
8.408225,56.7548618,0
8.4089086,56.7546938,0
8.4095817,56.7545284,0
8.4148269,56.7488163,0
8.4144361,56.7488569,0
8.4141077,56.7489047,0
8.4137476,56.7489879,0
8.4129169,56.7491799,0
8.4115902,56.7494866,0
8.4107554,56.7496795,0
8.4103611,56.7497707,0
8.4091052,56.7500609,0
8.4086436,56.7501453,0
8.4081972,56.7502128,0
8.4071298,56.7503392,0
8.4068426,56.7503732,0
8.4055754,56.7505448,0
8.4284057,56.7530911,0
8.4277082,56.7527043,0
8.4270509,56.7523747,0
8.427778,56.7478197,0
8.4262772,56.7482976,0
8.4095817,56.7545284,0
8.4259312,56.7477199,0
8.4262772,56.7482976,0
8.4266236,56.7489492,0
8.4271894,56.7497865,0
8.4275013,56.7503243,0
8.4275957,56.7503581,0
8.4278297,56.7503716,0
8.427649,56.751184,0
8.4074421,56.7543591,0
8.4067285,56.7545006,0
8.4058114,56.7546826,0
8.4199122,56.7501308,0
8.4200548,56.7501043,0
8.4207952,56.7499191,0
8.421209,56.7499066,0
8.4218699,56.7499267,0
8.4223528,56.7498931,0
8.4237946,56.7516543,0
8.4235253,56.7505245,0
8.4155698,56.7506622,0
8.4153581,56.7501183,0
8.4151236,56.7495151,0
8.4148269,56.7488163,0
8.4142419,56.7474372,0
8.4141043,56.7471131,0
8.4139497,56.7467453,0
8.4136153,56.7459583,0
8.4131277,56.7448113,0
8.4109997,56.7396889,0
8.4099792,56.7379451,0
8.409154,56.736535,0
8.4081925,56.7347921,0
8.4076468,56.7340222,0
8.4070034,56.7333913,0
8.4064967,56.7330064,0
8.4060872,56.7327177,0
8.4022861,56.7303223,0
8.394341,56.7254266,0
8.3927536,56.7243975,0
8.392052,56.7238842,0
8.3914087,56.7233494,0
8.3909212,56.7227076,0
8.3904326,56.7217586,0
8.3889134,56.7189639,0
8.4326932,56.7498765,0
8.4297156,56.7508611,0
8.4286741,56.7512042,0
8.4278687,56.7514545,0
8.4270888,56.7516515,0
8.4264936,56.7517697,0
8.4257189,56.751899,0
8.4250519,56.7519806,0
8.4377328,56.7485639,0
8.4200356,56.7496318,0
8.4199122,56.7501308,0
8.4198552,56.7503322,0
8.419535,56.7516217,0
8.4096331,56.7510534,0
8.4099519,56.7515546,0
8.4102288,56.7519091,0
8.4193358,56.7487444,0
8.4195409,56.7489244,0
8.4245532,56.7496068,0
8.4368553,56.7477809,0
8.4372471,56.7476524,0
8.4373373,56.7475644,0
8.4373272,56.747471,0
8.4368674,56.7470399,0
8.4358442,56.7460809,0
8.435734,56.7460369,0
8.4356138,56.7460149,0
8.4354634,56.7460479,0
8.4310945,56.7459989,0
8.4304152,56.7454075,0
8.4302613,56.7451598,0
8.4301587,56.7451346,0
8.4300356,56.7451571,0
8.4300048,56.7452134,0
8.4300663,56.7452753,0
8.4311284,56.7530883,0
8.4301213,56.7533851,0
8.4179971,56.7488975,0
8.4182051,56.748902,0
8.4183323,56.7489358,0
8.4195046,56.7480327,0
8.4200345,56.7485428,0
8.4204596,56.748992,0
8.4204464,56.7490578,0
8.4113817,56.7509322,0
8.4103611,56.7497707,0
8.4291598,56.7466647,0
8.4303422,56.7477394,0
8.4312657,56.7485789,0
8.4321032,56.7493402,0
8.4326932,56.7498765,0
8.4336077,56.7507078,0
8.4351728,56.7521302,0
8.436235,56.7533114,0
8.437187,56.7545256,0
8.4380888,56.7560308,0
8.4385098,56.7569482,0
8.4139497,56.7467453,0
8.412815,56.7469942,0
8.4125863,56.7470444,0
8.4127081,56.7472113,0
8.4129368,56.7471612,0
8.4297814,56.7464615,0
8.4289147,56.7457763,0
8.4286483,56.745562,0
8.4282734,56.7452602,0
8.418586,56.7483266,0
8.4183199,56.7480326,0
8.4273672,56.7472504,0
8.4303422,56.7477394,0
8.4282066,56.7484348,0
8.4266236,56.7489492,0
8.4245532,56.7496068,0
8.4218763,56.7490175,0
8.4212814,56.7484869,0
8.4210243,56.7482575,0
8.4204365,56.7477331,0
8.4196149,56.7468247,0
8.418474,56.7446068,0
8.4235099,56.7565015,0
8.422083,56.7566245,0
8.4247228,56.7540124,0
8.4212332,56.7543216,0
8.421329,56.7546521,0
8.421509,56.7552721,0
8.4216821,56.7558686,0
8.4198223,56.7547875,0
8.421329,56.7546521,0
8.4283359,56.7494468,0
8.417334,56.750492,0
8.4174335,56.7506529,0
8.4128335,56.7461387,0
8.4126248,56.7455961,0
8.4148887,56.7507121,0
8.4149902,56.7509189,0
8.4152172,56.7511909,0
8.4161313,56.7522752,0
8.4163959,56.7526376,0
8.4166155,56.7530962,0
8.416728,56.7533313,0
8.4168982,56.7536868,0
8.4169911,56.7538809,0
8.4170885,56.7539315,0
8.4089086,56.7546938,0
8.4204365,56.7477331,0
8.4195046,56.7480327,0
8.418586,56.7483266,0
8.4181093,56.7484884,0
8.418004,56.7486156,0
8.4179971,56.7488975,0
8.4181293,56.7496011,0
8.4294798,56.7527746,0
8.4287424,56.7523615,0
8.4281651,56.7520802,0
8.4212814,56.7484869,0
8.4242624,56.7581405,0
8.4225559,56.7582813,0
8.4224611,56.7579489,0
8.4222853,56.7573333,0
8.4182406,56.7530521,0
8.4185251,56.7537543,0
8.4187458,56.7542465,0
8.4194614,56.7564751,0
8.4195497,56.7569014,0
8.4194534,56.7572705,0
8.419253,56.7576353,0
8.4188923,56.7580264,0
8.4180425,56.7588262,0
8.4178501,56.7591118,0
8.4177699,56.7594458,0
8.4209163,56.7580825,0
8.4224611,56.7579489,0
8.4075653,56.7512069,0
8.4115902,56.7494866,0
8.4112191,56.7489722,0
8.418374,56.743907,0
8.4184312,56.7428785,0
8.4185027,56.7417786,0
8.4184482,56.7413009,0
8.418374,56.7406501,0
8.4178455,56.7386217,0
8.4174742,56.7377362,0
8.4169598,56.7371076,0
8.4158886,56.7353649,0
8.4156172,56.7344364,0
8.4153744,56.7324365,0
8.4154893,56.731977,0
8.4155315,56.7318081,0
8.4159743,56.7313795,0
8.4169598,56.7307225,0
8.4201168,56.7286941,0
8.4206452,56.7284798,0
8.4212024,56.7283227,0
8.4247114,56.7274118,0
8.4141043,56.7471131,0
8.4153185,56.747093,0
8.4154877,56.7470649,0
8.4162216,56.7468855,0
8.4213732,56.7517978,0
8.4212861,56.7517528,0
8.408033,56.7479931,0
8.4091052,56.7500609,0
8.4286483,56.745562,0
8.4129591,56.7519443,0
8.4132382,56.7518534,0
8.4131297,56.7517324,0
8.4210243,56.7482575,0
8.4200345,56.7485428,0
8.4154877,56.7470649,0
8.4154673,56.746882,0
8.4301213,56.7533851,0
8.427291,56.7472754,0
8.4275068,56.7474436,0
8.4275771,56.7475315,0
8.427778,56.7478197,0
10.06219,57.1146108,0
10.1466539,57.4495021,0
10.1473359,57.449561,0
10.1482766,57.4496413,0
10.1490929,57.4497056,0
10.153534,57.451765,0
10.1531626,57.4513779,0
10.1526055,57.450997,0
10.1522342,57.4505911,0
10.1517583,57.4502601,0
10.1514449,57.449823,0
10.1510851,57.4495795,0
10.1507485,57.449517,0
10.1503307,57.4495607,0
10.1498897,57.4496919,0
10.1049113,57.1322224,0
10.4886279,57.4289028,0
10.4885664,57.4288976,0
10.4884173,57.4288417,0
10.4883654,57.4287632,0
10.4884107,57.4287108,0
10.4884918,57.4286567,0
10.4885859,57.4285503,0
10.4886313,57.428484,0
10.488764,57.4280982,0
10.4887965,57.4278975,0
11.1468667,57.3195291,0
10.5280665,57.4639896,0
10.5275989,57.4640475,0
8.3559106,56.8229178,0
8.3558269,56.8226227,0
8.3557358,56.8223585,0
8.3556123,56.8222146,0
8.3555051,56.8221736,0
8.3552798,56.8221589,0
8.3548934,56.8221736,0
8.3771797,56.8388044,0
8.3773093,56.8387474,0
8.3774399,56.8386901,0
8.377607,56.8386579,0
8.3777625,56.8386271,0
8.3779603,56.838605,0
9.9328075,57.063732,0
9.9323312,57.0630675,0
9.9240247,57.0647422,0
9.9252367,57.064435,0
9.926773,57.0644729,0
9.9269687,57.0644372,0
9.9270573,57.0643967,0
9.9272514,57.0643081,0
9.927789,57.0640835,0
9.9283593,57.0638388,0
9.928808,57.0636415,0
9.9299096,57.0631484,0
9.9302776,57.0630012,0
9.9312427,57.0628188,0
9.9320495,57.0626887,0
9.9332361,57.0625178,0
9.9339167,57.0624344,0
9.9446532,57.0031867,0
9.9414841,57.0054522,0
9.9415294,57.0054801,0
9.9417922,57.0054905,0
9.9343207,57.0627772,0
9.9339584,57.0050402,0
9.9340474,57.0050123,0
9.9364254,57.0051101,0
9.9420102,57.0043904,0
9.9338763,57.0049584,0
9.8047763,57.3063821,0
9.9343281,57.0054087,0
9.8328054,57.3273758,0
9.9371091,57.0057981,0
9.9370606,57.0058354,0
9.937412,57.0061677,0
9.9376161,57.0063606,0
9.9462512,57.0031366,0
9.9461925,57.0031871,0
9.9461693,57.003221,0
9.8425978,57.326422,0
9.8709746,57.3239541,0
9.695796,57.2828822,0
9.6959834,57.2829246,0
9.696736,57.2827908,0
9.6968313,57.282663,0
9.6956288,57.2826406,0
9.6954309,57.2825908,0
9.6951919,57.2825539,0
9.6950521,57.2825429,0
9.693698,57.2825417,0
9.8018467,57.3411243,0
9.8013065,57.3396438,0
9.8400412,57.3243251,0
9.8425978,57.326422,0
9.9190659,56.9536629,0
9.9191279,56.9539226,0
9.9196553,56.9549655,0
9.9202349,56.9560969,0
9.9207796,56.9571809,0
9.9210404,56.9577402,0
9.9211448,56.9580056,0
9.9211679,56.9581763,0
9.9211507,56.9583057,0
9.9210347,56.9584322,0
9.9203102,56.9590548,0
9.9200378,56.9593139,0
9.9199451,56.9594561,0
9.9198756,56.9596488,0
9.9197829,56.9599838,0
9.9197249,56.9602113,0
9.9198467,56.9603408,0
9.9199045,56.9605083,0
9.9199104,56.9607895,0
9.9199623,56.9612048,0
9.9199725,56.9612886,0
9.9199316,56.9613445,0
9.9198722,56.9613825,0
9.9197348,56.9614305,0
9.9196652,56.9614618,0
9.9196242,56.9615143,0
9.9197388,56.9619945,0
9.9198257,56.9622915,0
9.9198604,56.9624526,0
9.9198316,56.9625474,0
9.9191649,56.9628254,0
9.9189274,56.962895,0
9.6100193,56.9442713,0
9.6100264,56.9443287,0
9.6100511,56.9445282,0
9.6101623,56.9449073,0
9.6102228,56.9453161,0
9.6101803,56.9454525,0
9.9194365,56.9637398,0
9.919333,56.9637067,0
9.9188414,56.9629084,0
9.9187246,56.9629266,0
9.9182494,56.9629898,0
9.9177625,56.9630909,0
9.917519,56.9631287,0
9.9173452,56.9631287,0
9.8422959,57.3171294,0
9.8430481,57.3211422,0
9.8438885,57.3226391,0
9.1954415,56.9141302,0
9.1946392,56.9140144,0
9.1946605,56.9145418,0
9.9230057,57.0599428,0
9.9228223,57.0597723,0
9.9227204,57.0596197,0
9.9226598,57.0593869,0
9.9226606,57.0591642,0
9.1869196,56.9126337,0
9.1849454,56.9129559,0
9.1848059,56.9130437,0
9.1847415,56.9131666,0
10.0960271,57.4739431,0
10.0959429,57.4738941,0
10.0958317,57.473873,0
10.088665,57.4737828,0
10.0879443,57.4738091,0
10.0850701,57.4740098,0
10.0848444,57.4739958,0
10.0847489,57.4739585,0
10.0846968,57.4738885,0
8.6915271,56.962602,0
8.6918735,56.9623175,0
10.4723419,57.4740008,0
10.2702646,56.964294,0
10.2705057,56.9642135,0
10.2706506,56.9641843,0
10.2708486,56.9641813,0
10.2711117,56.9642194,0
10.2711868,56.9642486,0
10.4723861,57.474484,0
10.4724062,57.474269,0
10.4723633,57.4740758,0
8.1529687,56.6108521,0
8.1530994,56.61072,0
8.1534776,56.6106595,0
8.1547172,56.6105002,0
8.1555374,56.6103919,0
8.1557704,56.6103358,0
8.1561954,56.610229,0
9.5974029,56.9356466,0
9.5950163,56.9363899,0
9.5946336,56.9367992,0
9.5943045,56.9375377,0
9.5937083,56.9379826,0
9.593341,56.9381301,0
9.5932456,56.9381606,0
9.592418,56.9381606,0
9.5918575,56.9379737,0
9.591537,56.9372085,0
9.5907005,56.9361585,0
9.5890931,56.9352856,0
9.5887514,56.9350538,0
9.5879529,56.9344644,0
9.5878088,56.9343521,0
9.5861269,56.9331954,0
9.5856792,56.932669,0
9.5854008,56.9318912,0
9.5851242,56.930962,0
9.5847417,56.9301842,0
9.5843016,56.9293593,0
9.5842442,56.9290983,0
9.5843016,56.9286702,0
9.5846076,56.9274903,0
9.5846747,56.9271562,0
9.593341,56.9381301,0
9.593777,56.9385038,0
9.5938837,56.9387974,0
9.5935813,56.9398296,0
9.5935901,56.9408618,0
9.5915703,56.9421521,0
9.5914189,56.9424902,0
9.5913389,56.9441453,0
9.5902176,56.9473932,0
9.590182,56.947847,0
9.5903512,56.9485766,0
9.6092339,56.9487282,0
9.608627,56.9488309,0
9.6082735,56.9488408,0
9.6076658,56.9487814,0
9.6072577,56.948643,0
9.6066864,56.9483215,0
9.6061787,56.9481385,0
9.6057072,56.9480445,0
9.6050633,56.9480643,0
9.6041111,56.9481781,0
9.6013561,56.9485373,0
9.6001793,56.948689,0
9.5988456,56.9488135,0
9.5975475,56.9489224,0
9.5963279,56.9489847,0
9.5947829,56.9490142,0
9.5905501,56.9488345,0
9.5850244,56.9499424,0
9.5848079,56.950001,0
9.5846586,56.9500621,0
9.5845008,56.9501888,0
9.584131,56.950663,0
9.5828059,56.9520396,0
9.582479,56.9529149,0
9.5823138,56.9531,0
9.5816064,56.9537932,0
9.5815539,56.9538848,0
9.581507,56.9539664,0
9.5814766,56.9541691,0
9.5815673,56.9544252,0
9.5819303,56.9551809,0
9.5821136,56.9554515,0
9.5829025,56.9564169,0
9.5830318,56.9567494,0
9.5831545,56.9569541,0
9.5832298,56.9571412,0
9.5831924,56.9572284,0
9.5828998,56.9573221,0
9.5821035,56.9575513,0
8.1505175,56.609212,0
8.1536122,56.6089446,0
8.1553683,56.6088412,0
9.3416694,56.8345197,0
9.3422514,56.8380168,0
9.3425519,56.8403642,0
9.3430776,56.8432217,0
9.3432278,56.8433859,0
9.3435389,56.8434329,0
9.3447084,56.8434622,0
9.3449765,56.84365,0
9.3444938,56.8459326,0
9.344631,56.8462494,0
9.3441074,56.8463557,0
9.343614,56.8464613,0
9.3434638,56.8465669,0
9.3428844,56.8468249,0
9.3419402,56.8470832,0
9.341039,56.8473883,0
9.3410604,56.8476113,0
9.3411849,56.8478888,0
9.3406098,56.8482332,0
9.3575185,56.8306449,0
9.3576581,56.8299111,0
9.3577225,56.8295061,0
9.5814249,56.9577467,0
9.5855858,56.9591138,0
9.5888913,56.9601999,0
8.3882196,56.8567875,0
8.3880695,56.8567464,0
10.1549666,57.3316932,0
10.1563396,57.3319328,0
10.1569782,57.3320638,0
10.157482,57.3321624,0
8.7112576,56.9668843,0
8.7101908,56.9661371,0
8.7101522,56.9661096,0
8.7094535,56.9656114,0
8.7091873,56.9654994,0
8.7098532,56.9662323,0
8.7099691,56.96617,0
8.7126346,56.9683458,0
8.7125472,56.9682528,0
8.7117432,56.9674247,0
10.4837227,57.4977251,0
10.9876256,57.2506637,0
10.9886756,57.2533295,0
10.9897983,57.25512,0
10.990681,57.2561178,0
10.9909312,57.2563663,0
10.4825814,57.4950378,0
10.4826533,57.4950893,0
9.639222,56.9823922,0
9.6391187,56.9826419,0
9.6389472,56.9831154,0
9.6389149,56.9832206,0
9.6388237,56.9833141,0
9.6364158,56.9832143,0
9.6366565,56.983469,0
9.6366887,56.9835684,0
9.6365547,56.9836649,0
9.6363507,56.9837701,0
9.6359753,56.9838754,0
9.6355193,56.9840741,0
9.6349595,56.9842203,0
9.6424637,56.9887132,0
9.6410429,56.9881625,0
9.6405095,56.9878426,0
9.6399624,56.9873574,0
9.6395427,56.9869852,0
9.6393711,56.9868331,0
9.6389778,56.9865886,0
9.6382276,56.9862314,0
9.637777,56.9860522,0
9.6372405,56.9858389,0
9.6369231,56.9856725,0
9.6365819,56.9854939,0
9.6362943,56.9854296,0
9.6362041,56.9854094,0
9.6357406,56.9852234,0
9.6348731,56.9848751,0
9.6343045,56.984527,0
9.6339913,56.9843276,0
9.641966,56.9891256,0
9.6424637,56.9887132,0
9.6431249,56.9882297,0
9.6438972,56.9876779,0
9.6453395,56.9870907,0
9.6451466,56.9868746,0
9.6399624,56.9873574,0
9.6404438,56.9872044,0
9.6406469,56.9871827,0
9.6409105,56.9871547,0
9.6411061,56.9871532,0
9.6412968,56.9871518,0
9.642155,56.9871488,0
9.6424287,56.9873417,0
9.6435075,56.986927,0
9.644242,56.9866173,0
9.644633,56.986449,0
9.6452895,56.9862039,0
9.6455254,56.9861135,0
10.4822884,57.4942742,0
10.4813271,57.4939974,0
10.4807263,57.4945094,0
10.4825032,57.4950318,0
10.4825814,57.4950378,0
10.4826298,57.4950181,0
10.4830887,57.49459,0
10.4830639,57.4945414,0
10.4822884,57.4942742,0
11.0317767,57.3174962,0
11.0311308,57.3173989,0
11.0312487,57.3171046,0
11.0301545,57.3170073,0
11.0293992,57.316976,0
11.0295471,57.3165612,0
11.0287725,57.316494,0
11.0263415,57.3157466,0
11.0257148,57.315684,0
11.0250054,57.3156524,0
9.6564963,57.3041162,0
9.6560974,57.3041606,0
9.6557103,57.304205,0
9.655417,57.3042176,0
9.6551823,57.3042366,0
9.6551322,57.3040923,0
9.6550948,57.3039527,0
9.6550779,57.303826,0
9.6550298,57.303755,0
9.6549692,57.303503,0
9.654925,57.303257,0
9.6548473,57.3030572,0
9.6548264,57.3030055,0
9.6547142,57.3028366,0
9.6546358,57.3026676,0
9.6545616,57.3025335,0
9.6544699,57.3023224,0
9.6544322,57.3023079,0
9.6536006,57.3024362,0
9.6530703,57.3025651,0
9.6523672,57.3024472,0
9.6519915,57.302462,0
9.6513214,57.3025246,0
9.6511814,57.3024546,0
9.6510821,57.302149,0
9.6513103,57.3017256,0
9.6515608,57.3014531,0
9.6517596,57.3014163,0
9.6520504,57.3014052,0
9.6521352,57.3013463,0
9.6521461,57.3012137,0
9.651568,57.2998955,0
9.6515533,57.2997224,0
9.9717493,57.0310388,0
9.9727464,57.030806,0
9.9732515,57.030692,0
9.9737833,57.0305719,0
9.9743146,57.0304868,0
9.9747026,57.030436,0
9.9755391,57.0303707,0
9.9768985,57.0303116,0
9.9770075,57.0303068,0
9.9771144,57.0303022,0
9.9783479,57.0302487,0
9.9531233,57.0336193,0
9.9542662,57.0337425,0
9.971193,57.0343688,0
9.9724236,57.0337911,0
9.9719994,57.0329967,0
9.9719565,57.0329154,0
9.9719517,57.0328601,0
9.9720038,57.0328116,0
9.9720654,57.0327842,0
9.9721524,57.0327581,0
9.9843885,57.030733,0
9.9834355,57.0303336,0
9.9833233,57.0302924,0
9.9832587,57.0302816,0
9.9831754,57.0302804,0
11.0349217,57.2540706,0
9.0421122,57.0925807,0
9.0423427,57.0926014,0
9.043697,57.092846,0
9.0438975,57.0928835,0
9.0441186,57.0929012,0
9.0443513,57.0928948,0
9.0447249,57.0928319,0
9.0452634,57.0927221,0
9.0458103,57.0925948,0
9.051266,57.0914889,0
9.056423,57.0904309,0
9.0622991,57.0892355,0
9.0660919,57.0884557,0
9.0662718,57.0883799,0
9.0663753,57.0882919,0
9.0664248,57.0880866,0
9.0664967,57.0878763,0
9.0666813,57.0876563,0
9.0672977,57.0869327,0
9.0707872,57.0827526,0
9.0748557,57.077867,0
9.0760836,57.0764072,0
9.0782366,57.0738135,0
9.0798313,57.0719269,0
9.0806161,57.0709407,0
9.0809867,57.0704575,0
9.08121,57.0702403,0
9.0813503,57.0701014,0
9.0833709,57.0683857,0
9.0862581,57.0658852,0
9.0876575,57.0646719,0
9.0879904,57.0643881,0
9.0882199,57.0642218,0
9.0885977,57.0639868,0
9.0927175,57.0614219,0
9.0986085,57.0577455,0
9.0992276,57.0573814,0
9.1004513,57.05662,0
9.1083971,57.0517206,0
9.110101,57.050661,0
9.1115596,57.0498341,0
9.113695,57.0486201,0
9.1177461,57.0463066,0
9.1184774,57.045905,0
9.120403,57.0448086,0
9.1222998,57.0437219,0
9.1237828,57.0428779,0
9.1251397,57.0421104,0
9.1265688,57.0412899,0
9.1268026,57.0411332,0
9.926336,57.0430335,0
9.9275005,57.0430354,0
9.9275005,57.043184,0
9.9276511,57.0431835,0
9.9279302,57.0431855,0
9.0041706,57.1044271,0
9.0059312,57.1042729,0
9.0094349,57.103995,0
9.0116396,57.1038178,0
9.0127756,57.1037079,0
9.0139791,57.1035612,0
9.0144403,57.1035185,0
9.014862,57.1035154,0
9.0153232,57.1035704,0
9.0157901,57.1036559,0
9.0167067,57.1040011,0
9.017286,57.1042516,0
9.0177866,57.1044929,0
9.0182365,57.1047555,0
9.0184513,57.1049201,0
9.0187877,57.1052626,0
9.0189845,57.1055069,0
9.019142,57.105849,0
9.0193781,57.1065057,0
9.0195749,57.1067348,0
9.0199292,57.1071257,0
9.020158,57.1073989,0
9.0202425,57.1076067,0
9.0202481,57.1079152,0
9.0202481,57.1081717,0
9.0203099,57.1085382,0
9.0204055,57.1090635,0
9.0204842,57.1094422,0
9.0204842,57.1096224,0
9.0204449,57.1097751,0
9.0203099,57.1100469,0
9.0201806,57.1102088,0
9.0199838,57.1103615,0
9.0196519,57.1105295,0
9.0190896,57.1107371,0
9.0187859,57.110899,0
9.0185272,57.1111738,0
9.0179815,57.1118274,0
9.0178128,57.1120503,0
9.017503,57.1125337,0
9.0173849,57.1127566,0
9.017053,57.1136056,0
9.0169237,57.1139445,0
9.0167494,57.1143414,0
9.0165976,57.1146469,0
9.0164907,57.1148117,0
9.0162656,57.1150408,0
9.0160464,57.1152423,0
9.0158158,57.1154225,0
9.0155065,57.1156087,0
9.0150622,57.1158805,0
9.0148597,57.1160332,0
9.0145673,57.1162622,0
9.014331,57.116479,0
9.0141173,57.1167171,0
9.0139598,57.11694,0
9.013898,57.1171141,0
9.0139543,57.1172576,0
9.0140949,57.1174133,0
9.0143197,57.1175568,0
9.0146853,57.1177736,0
9.0149946,57.1179873,0
9.0151915,57.1181583,0
9.0153265,57.1183079,0
9.0154278,57.1185247,0
9.0155965,57.1189613,0
9.0156583,57.119172,0
9.0156752,57.1193125,0
9.0156358,57.1194773,0
9.0154952,57.1197582,0
9.0149272,57.1206101,0
9.0148371,57.1207841,0
9.0147472,57.1211963,0
9.014638,57.1220635,0
9.0635459,57.0982919,0
8.894709,56.888524,0
8.8948602,56.8884701,0
8.8950309,56.8884361,0
10.0427906,57.4900839,0
10.0429421,57.4900956,0
10.0429998,57.4901537,0
10.0429998,57.4902351,0
10.0429347,57.4904598,0
10.0429493,57.4905451,0
10.0430573,57.490607,0
10.0432808,57.4906264,0
10.0454436,57.4907582,0
10.0466619,57.490793,0
10.0500575,57.4908434,0
10.0501801,57.490824,0
10.0503025,57.490762,0
10.0503818,57.4906845,0
10.0504467,57.490607,0
10.0505477,57.4905373,0
10.0506847,57.4905024,0
10.0508145,57.4905024,0
10.0518236,57.4905644,0
10.0520688,57.4905567,0
10.0522345,57.4905024,0
10.0524005,57.490394,0
10.0533751,57.4893946,0
10.0537268,57.4890339,0
10.0542602,57.4886039,0
10.0545342,57.4882513,0
10.0547577,57.48786,0
10.0556517,57.4852018,0
10.0362514,57.4844301,0
10.0399064,57.4841937,0
10.0401444,57.4841549,0
10.0419682,57.4831396,0
10.0421341,57.483004,0
10.042235,57.4828451,0
10.0422639,57.482601,0
10.053154,57.4851875,0
10.4457883,57.2050431,0
10.4461794,57.2053049,0
10.4468338,57.2062753,0
8.9485428,57.092032,0
8.9492122,57.0918854,0
8.9498482,57.0917366,0
8.9503177,57.0917579,0
8.9506797,57.0920396,0
8.9519907,57.0916781,0
9.5204761,56.7922924,0
9.5212001,56.7922748,0
9.5212807,56.7922953,0
9.2593824,56.9483535,0
9.259377,56.9482979,0
8.9252802,57.0782962,0
8.928541,57.0799362,0
8.9307739,57.0810754,0
8.9303091,57.0813478,0
8.9285502,57.0821749,0
8.9309661,57.0769374,0
8.934547,57.0788347,0
8.9346719,57.0792574,0
8.9349498,57.0797558,0
8.9349219,57.0799898,0
8.9351859,57.0800728,0
8.9050425,57.0886763,0
8.9052367,57.0892452,0
8.9062994,57.0906445,0
8.9069744,57.0919282,0
8.9101498,57.0916769,0
8.9116875,57.0915139,0
8.9119252,57.0915071,0
9.9909294,57.0248424,0
9.9864749,57.4614198,0
9.9846015,57.4623438,0
9.9841563,57.4630513,0
9.9881847,57.4565988,0
9.9888091,57.4565751,0
9.9894578,57.4565232,0
9.9895082,57.456456,0
9.9896233,57.4564392,0
9.9898079,57.4564383,0
9.9899869,57.4564317,0
9.9905992,57.4563933,0
9.9911231,57.4563475,0
9.9916573,57.4562945,0
8.9024273,56.9243576,0
8.9023628,56.9241971,0
8.9022169,56.9240457,0
8.9019337,56.9237684,0
8.9016079,56.9234733,0
8.9014466,56.9233036,0
8.9013329,56.9231764,0
8.9012402,56.9230067,0
8.9011895,56.922837,0
8.9011647,56.9226897,0
8.9011417,56.9225532,0
8.901049,56.9222139,0
8.9009144,56.9217294,0
8.9007799,56.9212398,0
8.9007482,56.9211276,0
8.900612,56.920644,0
8.9005139,56.9202412,0
8.9004064,56.9198818,0
8.9002429,56.9195377,0
8.8999861,56.9190941,0
8.89979,56.9188009,0
8.899575,56.9185639,0
8.8993275,56.918337,0
8.8990706,56.9181381,0
8.8987437,56.9179392,0
8.8983141,56.9176512,0
8.8981225,56.9174779,0
8.8979964,56.917279,0
8.8977723,56.9168278,0
8.8976472,56.916619,0
8.8976181,56.9165703,0
8.8974454,56.9163791,0
8.8971885,56.9161318,0
8.8968989,56.9158131,0
8.8966328,56.9154358,0
8.8965252,56.9152063,0
8.8964039,56.9147857,0
8.8963572,56.9144746,0
8.8964077,56.914065,0
8.8965151,56.9133716,0
8.8966038,56.9127189,0
8.8966038,56.9125047,0
8.8965665,56.91226,0
8.8964589,56.912056,0
8.8961648,56.9117143,0
8.8949816,56.9103702,0
8.894407,56.90972,0
8.8939401,56.9092049,0
8.8936599,56.908927,0
8.893431,56.9087663,0
8.8931367,56.9085776,0
8.8916328,56.907856,0
8.8902398,56.9071772,0
8.8888867,56.9065147,0
8.8883216,56.9062316,0
8.8877937,56.9059358,0
8.8869904,56.9053875,0
8.8867549,56.9052225,0
8.8859504,56.9046589,0
8.8850537,56.9040399,0
8.8845808,56.9037307,0
8.8836875,56.9033195,0
8.8827594,56.9029433,0
8.8820296,56.9026851,0
8.8812764,56.9024301,0
8.8810021,56.9023057,0
8.8806577,56.9021145,0
8.8804882,56.9019939,0
8.880214,56.9017988,0
8.8794375,56.9013143,0
8.878807,56.9009604,0
8.8771734,56.9001152,0
8.8753308,56.899129,0
8.8735373,56.8981951,0
8.872129,56.8974551,0
8.8711803,56.8969619,0
8.8706876,56.8967527,0
8.8701952,56.8965932,0
8.8695478,56.8964232,0
8.8686054,56.8962071,0
8.8683944,56.8961805,0
8.8677686,56.8961016,0
8.864829,56.8960548,0
8.8637346,56.8960782,0
8.8633698,56.8960548,0
8.8618462,56.8955743,0
8.8612454,56.8954336,0
8.8591855,56.8946366,0
8.8584345,56.8942734,0
8.8563961,56.8938046,0
8.856003,56.8937274,0
8.8544863,56.8934295,0
8.8532633,56.8929607,0
8.8512891,56.8919879,0
8.8506239,56.8917184,0
8.8502591,56.8916128,0
8.8590403,56.9268546,0
8.8593626,56.927135,0
8.8593626,56.927135,0
8.8601893,56.9278715,0
8.8618472,56.9293039,0
8.8631877,56.9304889,0
8.8645608,56.931679,0
8.8655017,56.9324658,0
8.8657798,56.9326983,0
8.866568,56.9332985,0
8.8671997,56.93372,0
8.8674844,56.9339113,0
8.8684792,56.9345305,0
8.8693058,56.934984,0
8.8703987,56.9355778,0
8.8720008,56.936411,0
8.8728714,56.9368576,0
8.8730656,56.936965,0
8.8736991,56.9373155,0
8.8753889,56.938188,0
8.8765868,56.9388225,0
8.8774266,56.9392265,0
8.8782468,56.9395953,0
8.8790364,56.9399399,0
8.8800622,56.9403368,0
8.8801558,56.9403709,0
8.8816208,56.9409051,0
8.8822093,56.9411329,0
8.8828973,56.9414105,0
8.8834156,56.9416459,0
8.8836329,56.9417445,0
8.8842968,56.9420829,0
8.8849768,56.9424538,0
8.8853735,56.9426883,0
8.885638,56.9428558,0
8.8862929,56.9432996,0
8.887259,56.9439893,0
8.8886111,56.9449587,0
8.8896177,56.9455953,0
8.8901856,56.9459543,0
8.8905793,56.9461777,0
8.8910842,56.9464531,0
8.891621,56.9467415,0
8.8919469,56.9469038,0
8.892305,56.947082,0
8.8928218,56.9473401,0
8.8931955,56.9475048,0
8.8932644,56.9475363,0
8.8936568,56.9477153,0
8.8941975,56.9479516,0
8.8946631,56.9481392,0
8.8953709,56.9484167,0
8.8960787,56.94869,0
8.8977805,56.9493406,0
8.8998107,56.9501223,0
8.9016149,56.9508243,0
8.9017913,56.9508915,0
8.9020275,56.9509815,0
8.9025793,56.9512228,0
8.9033795,56.9515887,0
8.9037969,56.9517838,0
8.9045971,56.9521904,0
8.9055703,56.9527209,0
8.9063928,56.9532014,0
8.9069531,56.9535438,0
8.9079833,56.9542438,0
8.9089053,56.9549313,0
8.9097864,56.9556016,0
8.9107912,56.9563779,0
8.9122826,56.9575052,0
8.9137456,56.9586479,0
8.914333,56.9591561,0
8.9149205,56.9597259,0
8.9157113,56.9606652,0
8.9165642,56.9616969,0
8.9170727,56.962242,0
8.9177336,56.9628732,0
8.918451,56.9635262,0
8.918818,56.9639111,0
8.9192586,56.9644377,0
8.9196259,56.9649889,0
8.9205804,56.9664516,0
8.9215352,56.9679204,0
8.9217781,56.9683515,0
8.9219248,56.9686778,0
8.922004,56.9690228,0
8.9220492,56.9694261,0
8.922021,56.9705314,0
8.9219918,56.9716613,0
8.9219813,56.9720617,0
8.9219362,56.973481,0
8.9219248,56.9741152,0
8.9219536,56.9743824,0
8.9219754,56.9745876,0
8.8919469,56.9469038,0
8.8917406,56.9470982,0
8.8916372,56.9472218,0
8.8916054,56.9473845,0
8.8916333,56.9475016,0
8.8919435,56.9478898,0
8.8922298,56.9482823,0
8.892532,56.948716,0
8.8926592,56.9488917,0
8.8928142,56.9489784,0
8.8930686,56.9490391,0
8.8937845,56.9491172,0
8.8948699,56.9492516,0
8.8950925,56.9492516,0
8.8952913,56.9492278,0
8.8954981,56.9491562,0
8.8956612,56.9490586,0
8.8728714,56.9368576,0
8.8731495,56.9365077,0
8.8733303,56.9362932,0
8.8735788,56.9360122,0
8.8738816,56.9357459,0
8.8745775,56.9352299,0
8.8749334,56.9349957,0
8.875243,56.93486,0
8.8755831,56.9348946,0
8.8770461,56.9349186,0
8.8781192,56.934934,0
8.8787067,56.9349649,0
8.8791643,56.9350511,0
8.8795494,56.9351255,0
8.8810171,56.9353932,0
8.881317,56.935475,0
8.8819604,56.9355966,0
8.8831636,56.9358124,0
8.8846096,56.9360158,0
8.8852176,56.9361004,0
8.8856716,56.9361637,0
8.8861349,56.9361699,0
8.8866037,56.9361575,0
8.8871573,56.936099,0
8.8878633,56.9359757,0
8.8889453,56.9358197,0
8.8896571,56.9356902,0
8.8904197,56.9355177,0
8.8907643,56.9354274,0
8.8926508,56.9349506,0
8.8937071,56.9346948,0
8.8943625,56.9345469,0
8.8949386,56.9344482,0
8.895543,56.9343743,0
8.8963338,56.9342971,0
8.8976557,56.9341739,0
8.8992824,56.9340014,0
8.8733303,56.9362932,0
8.8733032,56.9364337,0
8.8732941,56.9365718,0
8.8732895,56.936663,0
8.873258,56.9367518,0
8.8749608,56.8900978,0
8.8750657,56.8903635,0
8.8750949,56.8906283,0
8.8751241,56.8913745,0
8.8751066,56.8917731,0
8.8750541,56.8920442,0
8.8749666,56.8923662,0
8.874768,56.8930869,0
8.8746513,56.8935174,0
8.8745813,56.8936704,0
8.8744703,56.8937916,0
8.8743652,56.8938522,0
8.874085,56.8939542,0
8.8737873,56.8940658,0
8.8736296,56.8941455,0
8.8733318,56.8943305,0
8.8728239,56.8946557,0
8.8724912,56.8948566,0
8.8721176,56.8950447,0
8.871744,56.8952042,0
8.8715104,56.8953094,0
8.8709324,56.8955932,0
8.8701851,56.895979,0
8.8698933,56.8961257,0
8.8697414,56.8962245,0
8.8670886,56.9250841,0
8.8676624,56.9250881,0
8.8685228,56.9251,0
8.8695675,56.9251217,0
8.8704931,56.9251217,0
8.8715776,56.9251374,0
8.8727236,56.9251493,0
8.8738154,56.9251651,0
8.8743901,56.9251828,0
8.8747878,56.9252183,0
8.8749992,56.9252528,0
8.8752831,56.9252992,0
8.876111,56.9254709,0
8.8774145,56.925778,0
8.8775932,56.9258201,0
8.8779693,56.9258969,0
8.8783452,56.9259562,0
8.8784663,56.9259752,0
8.8787862,56.9260253,0
8.8794624,56.9260983,0
8.8803264,56.9261811,0
8.8808253,56.9262147,0
8.8813169,56.9262403,0
8.8821412,56.926264,0
8.8832366,56.9262561,0
8.8850044,56.9262679,0
8.8878062,56.9262756,0
8.8878858,56.9262757,0
8.8910238,56.9262837,0
8.8919999,56.9262876,0
8.8924373,56.9262757,0
8.8930915,56.9262383,0
8.8934673,56.9262141,0
8.8937641,56.9261949,0
8.8948269,56.92611,0
8.9005915,56.9256518,0
8.9016342,56.925573,0
8.8683561,56.930313,0
8.8689337,56.9302991,0
8.869288,56.9302849,0
8.8696904,56.9302927,0
8.869994,56.9302735,0
8.8703401,56.930181,0
8.8706436,56.9301232,0
8.8711501,56.9301199,0
8.8673472,56.9289405,0
8.8677182,56.9295778,0
8.8680391,56.930002,0
8.8683561,56.930313,0
8.8684412,56.9303965,0
8.8688932,56.9307614,0
8.8697473,56.9313088,0
8.8704748,56.9317305,0
8.8713019,56.9321423,0
8.8717265,56.932374,0
8.8721831,56.9327069,0
8.8731546,56.9334663,0
8.8744064,56.9344106,0
8.8748041,56.9346991,0
8.8750436,56.9348027,0
8.8640634,56.9229876,0
8.8647736,56.9231429,0
8.8650366,56.9232186,0
8.8651944,56.9232903,0
8.865325,56.9233653,0
8.8656511,56.9235657,0
8.8659596,56.9237523,0
8.8661295,56.9238424,0
8.8662729,56.9238998,0
8.8663833,56.9239178,0
8.8665478,56.923935,0
8.8730656,56.936965,0
8.8728873,56.9372177,0
8.8727653,56.937484,0
8.8726705,56.9373484,0
8.8726344,56.9372054,0
8.8726795,56.9370895,0
8.9052431,56.9231181,0
8.9059555,56.9230415,0
8.9061607,56.9230163,0
8.9063796,56.9230004,0
8.906554,56.9230088,0
8.876208,56.9310299,0
8.8759947,56.9307991,0
8.8758827,56.930661,0
8.8757778,56.9305052,0
8.8756838,56.9303946,0
8.8756259,56.9303472,0
8.8754668,56.9303079,0
8.8750005,56.9302191,0
8.8742268,56.930081,0
8.8710932,56.9293563,0
8.8711812,56.9294422,0
8.87135,56.9295583,0
8.8714612,56.9296492,0
8.871542,56.9297426,0
8.8715884,56.9298398,0
8.8716139,56.9299308,0
8.8715976,56.9300103,0
8.8715468,56.9300759,0
8.8966038,56.9127189,0
8.8968349,56.912727,0
8.8970889,56.9127148,0
8.8977167,56.9126352,0
8.8989571,56.9124578,0
8.9010084,56.9121681,0
8.9012812,56.9121253,0
8.9013858,56.9120743,0
8.9014194,56.9120191,0
8.901397,56.911903,0
8.8753608,56.9297309,0
8.8745258,56.9297959,0
8.874204,56.9298236,0
8.8739437,56.9298552,0
8.8736761,56.9299321,0
8.8736012,56.9299547,0
8.8733942,56.930017,0
8.873152,56.9300722,0
8.8728845,56.9300959,0
8.8726566,56.9300939,0
8.8724543,56.930084,0
8.8721469,56.9300761,0
8.8716516,56.9300919,0
8.8905793,56.9461777,0
8.8907387,56.9461141,0
8.8909092,56.9460641,0
8.8910694,56.9460336,0
8.8912679,56.9460253,0
8.8914436,56.9460336,0
8.8920695,56.9461197,0
8.8922783,56.9461544,0
8.8924284,56.9462043,0
8.8926549,56.9463,0
8.8928609,56.9463513,0
8.893375,56.9464625,0
8.8937312,56.9465416,0
8.8938814,56.9465999,0
8.8940557,56.9466171,0
8.8941726,56.9466768,0
8.8941415,56.946781,0
8.8940224,56.9469284,0
8.900267,56.9346766,0
8.9005335,56.9346496,0
8.9010442,56.9345436,0
8.9016633,56.934408,0
8.9022373,56.9342871,0
8.9027525,56.9341663,0
8.9032179,56.9340899,0
8.9035974,56.9340307,0
8.9039363,56.9339691,0
8.904447,56.9338434,0
8.9053012,56.9336214,0
8.9063089,56.9333675,0
8.9071177,56.9331456,0
8.8933754,56.9428615,0
8.8930726,56.9427974,0
8.8926388,56.9427481,0
8.8921823,56.9426964,0
8.8915677,56.942689,0
8.8907724,56.9427038,0
8.8899319,56.9427309,0
8.889349,56.942758,0
8.8889106,56.9427974,0
8.8886123,56.9428098,0
8.888192,56.9428024,0
8.8875684,56.9427851,0
8.8869267,56.9427753,0
8.8864794,56.9427481,0
8.8861527,56.9427546,0
8.885822,56.9428018,0
8.9219536,56.9743824,0
8.9217027,56.9743742,0
8.9215378,56.9743537,0
8.9213759,56.9743049,0
8.9212805,56.9742086,0
8.9210837,56.9739139,0
8.9209218,56.9736617,0
8.92078,56.9734221,0
8.9207194,56.973288,0
8.9207048,56.9731305,0
8.9207366,56.972954,0
8.9208234,56.9727931,0
8.9210635,56.9724196,0
8.9212977,56.9720759,0
8.9214106,56.9718537,0
8.9214973,56.9717638,0
8.9216304,56.9717102,0
8.9217866,56.9716771,0
8.8896177,56.9455953,0
8.8894574,56.9456656,0
8.8893129,56.945709,0
8.8891275,56.9457412,0
8.8889362,56.9457489,0
8.8887367,56.9457345,0
8.8882847,56.9456578,0
8.8878084,56.9455835,0
8.8875519,56.9455424,0
8.8873707,56.9455291,0
8.8871508,56.9455246,0
8.8870001,56.9455313,0
8.8868373,56.9455713,0
8.886652,56.9456401,0
8.8862997,56.9458,0
8.8860678,56.9458922,0
8.8858459,56.9459721,0
8.885628,56.9460443,0
8.8855363,56.9460954,0
8.8855059,56.9461576,0
8.8854956,56.9462941,0
8.9034513,56.9456089,0
8.9037981,56.9456837,0
8.9041862,56.9457408,0
8.904377,56.9457408,0
8.904552,56.9457218,0
8.9050164,56.9456056,0
8.9053471,56.9455414,0
8.9055667,56.9455275,0
8.905818,56.945531,0
8.9059802,56.9455119,0
8.9060946,56.9454772,0
8.9062252,56.9453887,0
8.9063238,56.9453419,0
8.9064892,56.9453141,0
8.9068327,56.9452811,0
8.9071635,56.9452619,0
8.9073576,56.9452031,0
8.907523,56.9451006,0
8.907631,56.9449636,0
8.9078188,56.9446305,0
8.9079562,56.9443513,0
8.9081416,56.9439756,0
8.9082535,56.9438205,0
8.8855363,56.9460954,0
8.8854369,56.9460776,0
8.8852517,56.9460776,0
8.8851499,56.9460631,0
8.8850459,56.9460354,0
8.8849584,56.9459843,0
8.8848342,56.9458988,0
8.8847142,56.9458288,0
8.8845573,56.9457722,0
8.8843314,56.9457223,0
8.8841279,56.9456944,0
8.8839548,56.9456923,0
8.883739,56.9457023,0
8.88334,56.94575,0
8.8827475,56.9458022,0
8.8821915,56.945853,0
8.8818413,56.9458619,0
8.88165,56.9458741,0
8.8815685,56.9459063,0
8.8815318,56.9459484,0
8.8815278,56.9460195,0
8.8815643,56.946467,0
8.8816463,56.9471653,0
8.8817179,56.9476142,0
8.8817576,56.9480219,0
8.8818251,56.9481325,0
8.8819405,56.9481845,0
8.8821155,56.9482084,0
8.8825887,56.9482344,0
8.8828113,56.9482518,0
8.8829465,56.9482865,0
8.8830379,56.9483602,0
8.8830817,56.9484665,0
8.8931367,56.9085776,0
8.8932856,56.9085302,0
8.8934738,56.9084958,0
8.8936592,56.9084665,0
8.8938564,56.9084257,0
8.8940328,56.9083572,0
8.8942151,56.9082544,0
8.8943496,56.9081613,0
8.8944782,56.9080993,0
8.8947831,56.9079965,0
8.8949594,56.9079247,0
8.8950939,56.907861,0
8.8951926,56.9077746,0
8.8952433,56.9076848,0
8.8952284,56.9075934,0
8.8951179,56.9074024,0
8.8950162,56.9072523,0
8.8948009,56.9069878,0
8.8947083,56.9068329,0
8.8946604,56.906735,0
8.8946305,56.9066028,0
8.8946365,56.9063677,0
8.8946964,56.9060005,0
8.8947792,56.9055621,0
8.8948352,56.9053912,0
8.8949426,56.9051974,0
8.8951248,56.9049475,0
8.8953069,56.9047231,0
8.8959421,56.9040728,0
8.8962549,56.9037473,0
8.896381,56.9035943,0
8.8964136,56.903454,0
8.8963575,56.9032016,0
8.8959933,56.9020233,0
8.895755,56.9012276,0
8.9016014,56.937559,0
8.9008066,56.9377239,0
8.9004248,56.9378091,0
8.9003584,56.9378517,0
8.9003699,56.9379195,0
8.8834156,56.9416459,0
8.8837098,56.9414774,0
8.883952,56.941361,0
8.8841834,56.9412802,0
8.8844761,56.9412427,0
8.8850149,56.9412289,0
8.9035653,56.939822,0
8.9043455,56.939609,0
8.9060493,56.9391826,0
8.9066413,56.9390297,0
8.9070524,56.9388917,0
8.9071337,56.9388448,0
8.8711501,56.9301199,0
8.8713,56.9306056,0
8.8712246,56.9306753,0
8.8710691,56.9307016,0
8.8708491,56.9307075,0
8.870715,56.9307309,0
8.9010678,56.9367451,0
8.8997682,56.93695,0
8.8984595,56.9371551,0
8.8981702,56.9372044,0
8.8980691,56.9372301,0
8.8980256,56.9372715,0
8.8980256,56.9373169,0
8.8852176,56.9361004,0
8.8850841,56.9364256,0
8.8850729,56.9366691,0
8.8850786,56.9369865,0
8.8850334,56.937458,0
8.8849487,56.9381174,0
8.8848695,56.9386352,0
8.8801558,56.9403709,0
8.8800203,56.9405286,0
8.8799616,56.9406198,0
8.8799299,56.9408416,0
8.8799164,56.9413642,0
8.8799616,56.9416379,0
8.8800791,56.9421654,0
8.8984838,56.947745,0
8.8975046,56.9477096,0
8.8973008,56.947726,0
8.8970721,56.9478073,0
8.8967193,56.9480188,0
8.901788,56.9378341,0
8.9022187,56.9377765,0
8.9028,56.9376834,0
8.9032772,56.9375777,0
8.9039395,56.9374482,0
8.904437,56.9373426,0
8.9054352,56.9371542,0
8.9061853,56.9370212,0
8.9068559,56.9225141,0
8.907157,56.9224409,0
8.907432,56.9223627,0
8.9076263,56.9222844,0
8.9078384,56.9221865,0
8.907967,56.9220821,0
8.9081911,56.9218341,0
8.9085498,56.9214964,0
8.9095155,56.9206444,0
8.9099938,56.9202182,0
8.9109624,56.919385,0
8.9112239,56.9191484,0
8.9114594,56.9189996,0
8.9116724,56.9189303,0
8.9118554,56.9188956,0
8.9123561,56.9188466,0
8.9130884,56.9187753,0
8.9137945,56.9186794,0
8.914127,56.9186305,0
8.9142953,56.918608,0
8.9144484,56.9185427,0
8.9145791,56.918453,0
8.9148706,56.9181736,0
8.9154945,56.9175781,0
8.9160102,56.9171111,0
8.9162119,56.9169194,0
8.9164398,56.9166665,0
8.9166192,56.9164809,0
8.9166753,56.9164401,0
8.9167799,56.916383,0
8.9171125,56.9162299,0
8.9173851,56.9160974,0
8.9176991,56.9159933,0
8.9180055,56.9159016,0
8.9181848,56.9158241,0
8.9184238,56.9156712,0
8.9186817,56.9155835,0
8.9187901,56.9156018,0
8.9189282,56.9156875,0
8.9193542,56.9160465,0
8.9196606,56.9163626,0
8.920165,56.9170377,0
8.9202845,56.9172029,0
8.9205013,56.9177433,0
8.9206844,56.9181227,0
10.0909146,57.4969904,0
10.090731,57.4964971,0
10.0907494,57.4961814,0
10.0906575,57.4961124,0
10.0893816,57.4960926,0
10.0891521,57.4961074,0
10.0885002,57.4963048,0
10.0882524,57.4963196,0
10.0880688,57.496285,0
10.0880137,57.4962061,0
10.0877383,57.4957868,0
10.08772,57.4954908,0
10.0876741,57.4953477,0
10.0874996,57.4952983,0
10.0852631,57.4949134,0
10.0849909,57.4949034,0
10.0842224,57.494889,0
10.0836499,57.4948615,0
10.0830681,57.4948047,0
10.1117418,57.5139147,0
10.1111908,57.5139169,0
10.1093639,57.5139514,0
10.1080787,57.5140105,0
10.1077572,57.5139957,0
10.1074728,57.513907,0
10.1071973,57.5138676,0
10.1068944,57.5138823,0
10.106105,57.5139957,0
10.1057193,57.5139858,0
10.1055357,57.5139169,0
10.1053521,57.5137837,0
10.1053339,57.5136457,0
10.1052236,57.5134534,0
10.0835219,57.5148349,0
10.0842882,57.5148708,0
10.0844833,57.5148524,0
10.0847474,57.5147908,0
10.0850342,57.5146429,0
10.0857686,57.5143717,0
10.0859752,57.5142793,0
10.0868243,57.51423,0
10.0872374,57.5141806,0
10.0877882,57.5140944,0
10.0882702,57.5140759,0
10.0896013,57.5141067,0
10.090657,57.5140266,0
10.0910357,57.5140019,0
10.0913341,57.5140574,0
10.0914948,57.5141683,0
10.0915521,57.5143224,0
10.0916915,57.5145708,0
10.0918636,57.5146202,0
10.0931258,57.5147002,0
10.093608,57.5146757,0
10.094021,57.514725,0
10.0944571,57.5148298,0
10.0947555,57.514916,0
10.0949046,57.5148791,0
10.0949964,57.5147558,0
10.0950308,57.5146325,0
10.0952947,57.5145339,0
10.0955817,57.5144846,0
10.0960406,57.514423,0
10.0302217,57.5035545,0
10.0285001,57.5008617,0
10.0283927,57.5006657,0
10.0283927,57.5004928,0
10.028457,57.5003198,0
10.0286503,57.5000662,0
10.0289292,57.4997434,0
10.028972,57.4996166,0
10.028972,57.499409,0
10.0288648,57.4990055,0
10.0286716,57.4983192,0
10.0285858,57.4980828,0
10.0285537,57.4978926,0
10.028457,57.4977426,0
10.0283712,57.4976044,0
10.0283176,57.4974602,0
10.0282316,57.4970797,0
10.028264,57.4969298,0
10.0283391,57.4968203,0
10.0285107,57.4967684,0
10.0289076,57.4967108,0
10.1047192,57.4982815,0
10.1016493,57.4985932,0
10.088779,57.493406,0
10.0858236,57.4946942,0
10.1472864,57.5453386,0
10.1477635,57.5463343,0
10.1480455,57.5469723,0
10.1482513,57.5472912,0
10.1489296,57.5485674,0
10.1491354,57.548825,0
10.1494861,57.5490867,0
10.1498671,57.5493279,0
10.1516735,57.5503055,0
9.4467284,56.8293338,0
9.4492718,56.8289719,0
8.7682916,56.8629566,0
8.7684956,56.8632557,0
8.768796,56.8635959,0
8.7689461,56.8637659,0
9.9374661,56.822699,0
9.9374754,56.8224903,0
9.9373042,56.8188698,0
9.9374154,56.8187111,0
9.9378053,56.8184984,0
9.9380843,56.8182653,0
9.9381079,56.8181408,0
9.9379904,56.817235,0
9.9378787,56.816895,0
9.9376524,56.8166141,0
9.9373648,56.816415,0
9.935814,56.8160723,0
9.935549,56.8159898,0
9.9353547,56.8158803,0
9.9347782,56.8153228,0
9.9324066,56.8140959,0
9.9302139,56.812778,0
9.927642,56.811398,0
9.9257529,56.810674,0
9.9250999,56.810431,0
9.9244002,56.8101082,0
9.9236535,56.8097077,0
9.9231041,56.8093566,0
9.9223576,56.8089179,0
9.9220533,56.8083152,0
9.9217577,56.8077278,0
9.9215707,56.8076477,0
9.920958,56.807349,0
9.92061,56.807122,0
9.91929,56.806114,0
9.9181375,56.8057327,0
9.9180949,56.8057168,0
9.9176819,56.805565,0
9.9160949,56.803899,0
9.9158319,56.803527,0
9.9156399,56.803192,0
9.915454,56.8030359,0
9.914198,56.802471,0
9.9112749,56.801981,0
9.9101729,56.801417,0
9.907542,56.800781,0
9.9056036,56.7988757,0
9.904193,56.7997328,0
9.9031715,56.8004566,0
9.9023647,56.8011521,0
9.9018584,56.8016832,0
9.8999616,56.80431,0
9.8977072,56.807015,0
9.8969229,56.8079254,0
9.8965311,56.808291,0
9.8960905,56.8086003,0
9.8953953,56.8090279,0
9.8949386,56.8092848,0
9.8943905,56.8095466,0
9.8940394,56.8096877,0
9.8939033,56.8097424,0
9.8936566,56.8098281,0
9.8923298,56.8102986,0
9.8915738,56.8105485,0
9.8906803,56.8108461,0
9.8183368,56.8292839,0
9.8180349,56.8297353,0
9.817056,56.8308101,0
9.8158034,56.8321476,0
9.9568371,56.8186016,0
9.9565358,56.8185817,0
9.9562034,56.8185826,0
9.9558184,56.8185945,0
9.9554951,56.8186132,0
9.955205,56.8186556,0
9.9548652,56.8187129,0
9.9544166,56.818811,0
9.9539936,56.8189251,0
9.9535415,56.8190471,0
9.9532287,56.8191561,0
9.9526981,56.8193411,0
9.9517124,56.8196905,0
9.9512525,56.8198402,0
9.9508731,56.8199496,0
9.950446,56.8200575,0
9.9498888,56.8201888,0
9.9492763,56.8203143,0
9.9487424,56.8204246,0
9.9481414,56.8205563,0
9.9472415,56.8207419,0
9.9462388,56.8209463,0
9.9452193,56.8211535,0
9.943857,56.8214321,0
9.9425422,56.8216878,0
9.9406032,56.8220592,0
9.9389705,56.8223842,0
9.9381056,56.8225568,0
9.9374661,56.822699,0
9.9370092,56.8228359,0
9.936518,56.8230123,0
9.9357787,56.8234273,0
9.9289183,56.8273246,0
9.9277379,56.8279926,0
9.9274201,56.8281709,0
9.9270138,56.8283994,0
9.9266617,56.8285622,0
9.9263901,56.8286736,0
9.9261949,56.8287463,0
9.9236739,56.8295093,0
9.9207306,56.8303828,0
9.9168459,56.8315211,0
9.9144934,56.8322548,0
9.9115369,56.8331244,0
8.672986,56.9608299,0
8.6929622,56.9556698,0
8.6929897,56.9553202,0
8.6930003,56.955185,0
8.692996,56.9550859,0
9.6234312,57.2899481,0
9.6247415,57.2894854,0
9.625215,57.2894994,0
9.6254874,57.2892435,0
9.6366822,57.284724,0
9.6358383,57.2848309,0
9.63463,57.2848639,0
9.633507,57.2849496,0
9.6243226,57.2867132,0
9.6227487,57.2868621,0
9.6223207,57.2868586,0
9.6219445,57.286799,0
9.6214515,57.2868972,0
9.6208807,57.2869147,0
9.6208028,57.2870093,0
9.6357194,57.2824105,0
9.6353123,57.2828063,0
9.6346348,57.2815676,0
9.6349383,57.2815549,0
9.6335804,57.2786502,0
9.6331985,57.2788814,0
9.6330627,57.2791746,0
9.6326561,57.2793284,0
9.6322085,57.2793212,0
9.6317339,57.2794238,0
9.6311371,57.2793725,0
9.6303641,57.2794238,0
9.6299436,57.2795118,0
9.6304781,57.2779785,0
9.6312665,57.2776921,0
9.6318358,57.2776142,0
9.6322899,57.2776415,0
9.6337965,57.2830853,0
9.6382253,57.2864806,0
9.6312665,57.2776921,0
9.631484,57.2773566,0
9.6314697,57.2770293,0
9.6317508,57.2767566,0
9.6337965,57.2830853,0
9.6335328,57.2831388,0
9.6331373,57.2829547,0
9.6329946,57.2826816,0
9.634181,57.2823669,0
9.6105926,57.2801355,0
9.6110249,57.2800459,0
9.6111404,57.2798822,0
9.6117531,57.2798122,0
9.6119259,57.2796875,0
9.6122648,57.2796252,0
10.5143452,57.4530946,0
10.5149272,57.4552156,0
10.1657458,57.4083673,0
10.1657651,57.408288,0
10.1657168,57.4081002,0
10.1656632,57.4080164,0
10.1656284,57.4079803,0
10.1655533,57.4079615,0
10.165336,57.4079572,0
10.1649712,57.40795,0
10.1647513,57.4079312,0
10.1646521,57.4078841,0
10.1644241,57.4077361,0
10.1643087,57.4076495,0
10.1640995,57.407622,0
10.1639789,57.4075873,0
10.1638824,57.407492,0
10.1638128,57.4073582,0
10.1636999,57.4072498,0
10.1636007,57.4071987,0
10.1635202,57.4071452,0
10.1634936,57.4070707,0
10.1634988,57.4070266,0
10.1635336,57.4069651,0
10.1635954,57.4069233,0
10.1556693,57.4227992,0
10.1558839,57.4234606,0
10.1559052,57.4237003,0
10.1559322,57.4240412,0
10.1559726,57.4245777,0
10.1560073,57.4250809,0
10.1561091,57.4261235,0
10.1540278,57.4037772,0
10.1544784,57.4039361,0
10.1551036,57.4041202,0
10.1554469,57.4042011,0
10.1555458,57.4042193,0
10.1503588,57.4091952,0
10.1504553,57.4094207,0
10.1505063,57.4095817,0
10.1506269,57.4096461,0
10.1516462,57.4094438,0
10.1534058,57.4090798,0
10.1549716,57.4087677,0
10.1553901,57.408733,0
10.1558277,57.4087206,0
10.1562594,57.4181054,0
10.1562487,57.4178309,0
10.1562433,57.4177414,0
10.1562808,57.4176865,0
10.1564149,57.4176345,0
10.156847,57.4174979,0
10.1571873,57.4173947,0
10.1574824,57.4173283,0
10.1577613,57.4172733,0
10.1582924,57.4172156,0
10.1590381,57.4171203,0
10.1599177,57.4170192,0
10.1608918,57.4169057,0
10.1613877,57.4168401,0
8.6871975,57.0849447,0
8.6871975,57.0848689,0
8.6871841,57.0847858,0
8.6871492,57.0846678,0
8.6871439,57.0845993,0
8.688096,57.0861602,0
8.6880156,57.0860582,0
8.6878975,57.0859606,0
8.6877876,57.0858629,0
8.6875541,57.0857157,0
8.6873771,57.0856137,0
8.6872325,57.0855497,0
9.9560114,57.3539711,0
9.9310204,57.3539036,0
9.9337275,57.3542954,0
9.933872,57.3543049,0
9.9340445,57.3543087,0
9.9342416,57.354303,0
9.9344384,57.354288,0
9.9347007,57.3542364,0
9.9349187,57.3541851,0
9.9349837,57.3541808,0
9.9350486,57.3541875,0
9.9351208,57.3542118,0
9.935298,57.354548,0
9.935273,57.354587,0
9.9352106,57.3546085,0
9.9351408,57.3546099,0
9.9350685,57.3545857,0
9.9493404,57.3517512,0
9.9496376,57.3517571,0
9.9499478,57.3516401,0
9.9510257,57.3517104,0
9.9512116,57.3517317,0
9.951365,57.3518867,0
9.9516397,57.3520005,0
9.9517301,57.3522858,0
9.95175,57.3526285,0
9.9492555,57.3515515,0
9.9459971,57.3514898,0
9.9478904,57.351535,0
9.9479248,57.3515053,0
9.9480907,57.3513615,0
9.9516397,57.3520005,0
9.951836,57.3518625,0
9.9492603,57.351578,0
9.9493586,57.3516307,0
9.9493404,57.3517512,0
9.9492732,57.352201,0
9.9480907,57.3513615,0
9.9481451,57.3513322,0
9.9489834,57.3514143,0
9.9491725,57.3514844,0
10.5234898,57.4556536,0
10.5221689,57.4556561,0
10.5213288,57.455665,0
10.5198886,57.4556837,0
10.518349,57.455687,0
10.5167712,57.4557004,0
10.515098,57.455742,0
10.5150561,57.455743,0
10.5148276,57.4557408,0
10.5135629,57.4556698,0
10.512433,57.4555972,0
10.5118704,57.4555611,0
10.5113149,57.4555254,0
10.5096755,57.4554201,0
10.5096244,57.4554172,0
10.5090988,57.45537,0
10.5087728,57.4553686,0
10.508327,57.4553865,0
10.2510182,57.0109942,0
10.2510807,57.010646,0
10.2495786,57.0084611,0
10.2466625,57.0042757,0
10.2468105,57.0040326,0
10.2477547,57.0035185,0
10.2484843,57.0031212,0
10.2573699,57.0012724,0
10.2581423,57.0012257,0
10.2662962,56.9989351,0
10.2709289,57.0122816,0
10.2596636,57.0149219,0
10.2035996,57.0374715,0
10.2037556,57.037578,0
10.2047856,57.0395744,0
10.206359,57.0422608,0
10.2070232,57.0421598,0
10.20778,57.0420259,0
10.2101458,57.0414124,0
10.2129095,57.0405759,0
10.2146905,57.0399689,0
10.2159995,57.0394785,0
10.2242818,57.0438564,0
10.2250096,57.043345,0
10.2273914,57.0420843,0
10.2296443,57.0410687,0
10.2325411,57.0403331,0
9.2927252,56.9472552,0
9.2950025,56.9474551,0
9.2959789,56.9475546,0
9.2970088,56.9476248,0
9.2996052,56.9476599,0
9.3000558,56.9476657,0
9.3008819,56.9477711,0
9.3019119,56.9479233,0
9.3039505,56.9480695,0
9.3050984,56.9481281,0
9.3063537,56.9481105,0
9.3068901,56.9480461,0
9.3071369,56.9479584,0
9.3072228,56.947853,0
9.3072335,56.9477126,0
9.3072979,56.9471216,0
9.307373,56.9467412,0
9.3073944,56.9464662,0
9.3073514,56.9462555,0
9.2956904,56.9439177,0
9.3033281,56.9445585,0
9.3043367,56.9446346,0
9.3048624,56.9446404,0
9.3055062,56.9446697,0
9.3058601,56.9446697,0
9.306107,56.9446463,0
9.2917246,56.9462322,0
9.2911081,56.9464311,0
9.2905287,56.9465891,0
9.2903248,56.9466769,0
9.290239,56.9467822,0
9.2902068,56.9469694,0
9.2901532,56.9476364,0
9.2898742,56.9486605,0
9.2897561,56.9489413,0
9.2896168,56.9491638,0
9.289488,56.9493744,0
9.2894987,56.9495792,0
9.2896703,56.9497664,0
9.2898956,56.9499361,0
9.290003,56.9500941,0
9.2900351,56.9502521,0
9.2899493,56.9506207,0
9.3033174,56.9415094,0
9.3039719,56.9421825,0
9.3051091,56.9431364,0
9.3056564,56.9436046,0
9.3060533,56.9440493,0
9.3063644,56.9444297,0
9.3064481,56.9445863,0
9.3068364,56.9453133,0
9.3071798,56.9458752,0
9.3071477,56.9459337,0
9.3070296,56.9459629,0
9.3037359,56.9458518,0
9.3034569,56.9458693,0
9.3033067,56.9459571,0
9.3032746,56.9461151,0
9.3032102,56.9462497,0
9.3019898,56.9405418,0
9.3023625,56.940772,0
9.3028347,56.9410471,0
9.3031886,56.9413222,0
9.3033174,56.9415094,0
10.5192728,57.4606937,0
10.5193958,57.4607276,0
10.5194922,57.4607544,0
10.5231695,57.458411,0
10.5234067,57.4584749,0
10.5236002,57.4585287,0
10.5229571,57.4585085,0
10.5230381,57.4584714,0
10.2063736,57.043771,0
10.2062555,57.0435959,0
10.2062234,57.0435026,0
10.2056654,57.0425395,0
10.2056548,57.0424461,0
10.2057942,57.0423469,0
9.8343077,57.3266504,0
9.8337728,57.3256932,0
9.8336595,57.3256116,0
9.8333765,57.325576,0
9.877751,56.9253951,0
9.8797075,56.9269324,0
9.879908,56.9271149,0
9.8799823,56.927731,0
9.8801681,56.9296359,0
9.8802201,56.9309653,0
10.5198886,57.4556837,0
10.4192901,57.5928499,0
10.4153328,57.5885119,0
10.4155461,57.5884165,0
10.4156069,57.5883944,0
10.4156852,57.5883921,0
10.4155351,57.5850094,0
10.417262,57.584989,0
10.4172408,57.5846765,0
10.4111775,57.5914579,0
10.4125034,57.5935021,0
10.41271,57.5934958,0
10.4141147,57.5936613,0
10.4144326,57.5936893,0
10.4107682,57.5914607,0
10.4111775,57.5914579,0
10.4114191,57.5914562,0
10.4115336,57.5914903,0
10.4225583,57.5830741,0
10.4222917,57.5830811,0
10.4219727,57.5831198,0
10.4217913,57.5831128,0
10.4168114,57.5858613,0
10.4155368,57.5858129,0
10.4152808,57.5835298,0
10.4153481,57.5835939,0
10.4153806,57.5836506,0
10.4154799,57.5845048,0
10.4154587,57.5847503,0
10.4155351,57.5850094,0
10.4155011,57.5854185,0
10.4155368,57.5858129,0
10.4155011,57.5854185,0
10.4147921,57.585526,0
10.409674,57.593765,0
9.2450654,56.9562861,0
9.2445932,56.955248,0
9.2441793,56.9527881,0
9.2428349,56.9529907,0
9.2395411,56.9534871,0
9.2394363,56.9535029,0
9.2378851,56.9537367,0
9.2366969,56.9539924,0
9.2450654,56.9562861,0
9.2463493,56.9561144,0
9.2471715,56.9560229,0
9.2479041,56.9559528,0
9.2489274,56.9558947,0
9.2499229,56.9558644,0
9.2515167,56.9558857,0
9.2516904,56.9558896,0
9.2366969,56.9539924,0
9.2379978,56.9562809,0
9.2388366,56.9577264,0
9.2401308,56.9573389,0
9.2410047,56.9570773,0
9.2410549,56.9570623,0
9.2421852,56.9567239,0
9.2424759,56.9566541,0
9.2427872,56.9566014,0
9.2431094,56.9565566,0
9.243819,56.9564584,0
9.2439181,56.9564447,0
9.2488757,56.9617796,0
9.2489791,56.9627351,0
9.2515167,56.9558857,0
9.2515264,56.9555808,0
9.2515599,56.9554832,0
9.2446097,56.9592487,0
9.2445824,56.9589471,0
9.2450654,56.9562861,0
9.2453415,56.9568706,0
9.2454246,56.957684,0
9.2455535,56.9589146,0
9.2455804,56.9590732,0
9.2456486,56.9597672,0
9.2458108,56.9613039,0
9.2458552,56.9617094,0
9.2458809,56.9617594,0
9.2459239,56.9617969,0
9.2455535,56.9589146,0
9.2445824,56.9589471,0
9.2401308,56.9573389,0
9.2402044,56.9580178,0
9.2402595,56.958074,0
9.2402686,56.9581364,0
9.2403166,56.9581663,0
9.2403968,56.9581764,0
9.2411093,56.9581551,0
9.2411368,56.9581476,0
9.2411597,56.9581264,0
9.2411437,56.9578466,0
9.241084,56.9578029,0
9.2454246,56.957684,0
9.2444382,56.9577134,0
9.2429766,56.9592925,0
9.242932,56.9590023,0
9.2428208,56.9580747,0
9.2427917,56.9577665,0
9.6169136,57.2506927,0
9.6163829,57.2507732,0
10.2374479,57.3786585,0
10.2366311,57.3787073,0
10.2356103,57.3787682,0
10.2349558,57.3787741,0
10.2323059,57.3786121,0
10.230609,57.3784926,0
10.2295966,57.3784213,0
10.2285021,57.3783461,0
10.2275099,57.3782796,0
10.2272078,57.3782637,0
10.225804,57.3781899,0
10.1100503,56.9739712,0
10.1100235,56.9741026,0
10.1096051,56.9747898,0
10.1090579,56.9754973,0
10.1090204,56.9758481,0
10.1091169,56.9764563,0
10.1039188,56.9771462,0
10.1037256,56.9770644,0
10.1034521,56.9763481,0
10.1032713,56.9761825,0
10.1030874,56.9761727,0
10.1012045,56.9764212,0
9.9774222,57.0278039,0
9.9768052,57.0278458,0
9.9767692,57.027702,0
9.9774767,57.0281305,0
9.9768839,57.0281701,0
9.9768468,57.0280144,0
9.9774772,57.0274819,0
9.9767374,57.0275333,0
9.976698,57.0273705,0
9.9775096,57.0282949,0
9.9774767,57.0281305,0
9.9774502,57.0279714,0
9.9774222,57.0278039,0
9.9775132,57.0276476,0
9.9774772,57.0274819,0
9.9774414,57.0273176,0
9.9774077,57.0271626,0
9.9774077,57.0271626,0
9.7521937,56.9884407,0
9.7520469,56.9884057,0
9.7519186,56.9883957,0
9.7518313,56.9883657,0
9.7517993,56.9882931,0
9.7517841,56.9876907,0
9.7517809,56.9875608,0
9.7518497,56.9874683,0
9.7518634,56.9873258,0
9.7519186,56.9872583,0
9.7520562,56.9872383,0
9.7523498,56.9872333,0
9.7525745,56.9872033,0
9.7527536,56.9871833,0
9.752804,56.9871234,0
9.7527581,56.9866284,0
9.7528453,56.9864134,0
9.7531894,56.9878734,0
9.7528175,56.9878753,0
9.7436341,56.9925032,0
9.7431734,56.9924864,0
9.7410836,56.9925186,0
9.7403213,56.9925304,0
9.7401488,56.9925604,0
9.740057,56.9926204,0
9.7400497,56.9927144,0
9.7400204,56.9929223,0
9.7400021,56.9930303,0
9.7398882,56.9931083,0
9.739723,56.9931083,0
9.7396056,56.9930643,0
9.7395652,56.9929823,0
9.7395799,56.9928282,0
9.7396167,56.9926064,0
9.7396167,56.9922185,0
9.7395065,56.9921425,0
9.7394698,56.9920764,0
9.7395029,56.9917705,0
9.7395469,56.9917245,0
9.739668,56.9917226,0
9.7406076,56.9916886,0
9.7411202,56.9916858,0
9.7435662,56.9916799,0
9.752863,56.9873403,0
9.7531759,56.9873389,0
9.7440917,56.9895354,0
9.744203,56.9894977,0
9.7521937,56.9884407,0
9.7521203,56.9879083,0
9.7519597,56.9878458,0
9.7521203,56.9879083,0
9.7522246,56.9878489,0
9.7524097,56.9878489,0
9.7526123,56.9878777,0
9.7528175,56.9878753,0
9.7527536,56.9871833,0
9.7528663,56.9873152,0
9.752863,56.9873403,0
9.7528611,56.9873542,0
9.752786,56.9874131,0
8.7838675,56.9641151,0
8.7832345,56.9638782,0
8.7822566,56.9637687,0
10.5200957,57.4516176,0
10.1025829,56.9989805,0
8.669417,57.024518,0
8.6684675,57.0248626,0
9.6754681,57.0743897,0
9.6756176,57.0743399,0
9.6776576,57.0740961,0
9.6780822,57.0740516,0
9.6782269,57.0751946,0
10.5059323,57.4466186,0
10.505914,57.4466871,0
10.5058184,57.4470477,0
10.5058011,57.4472561,0
10.5058446,57.4474713,0
10.5058681,57.4475548,0
10.5060161,57.4480777,0
10.5063536,57.449451,0
10.5065282,57.4501455,0
10.5066193,57.4505353,0
10.5066424,57.4517594,0
10.5066477,57.4519557,0
10.5067128,57.4530203,0
10.5067372,57.4531256,0
10.5067796,57.4532712,0
10.5069125,57.4535195,0
10.5076755,57.455112,0
10.5078391,57.4554495,0
10.5079575,57.4556955,0
10.5079844,57.455926,0
10.2211402,57.2473303,0
10.2209059,57.2472139,0
10.220706,57.247135,0
10.2205063,57.2470912,0
10.2203822,57.2469948,0
10.2201879,57.2468342,0
10.2200367,57.2467436,0
10.2196263,57.2465918,0
10.2191675,57.2463932,0
10.2189893,57.2462734,0
10.2189138,57.2461595,0
10.2188542,57.2458995,0
10.2187356,57.2457008,0
10.2185845,57.2455052,0
10.2183416,57.2453417,0
10.2181418,57.2452394,0
10.2178664,57.2451693,0
10.2176181,57.2451226,0
10.2174616,57.2450408,0
10.2173266,57.244924,0
10.2171376,57.2448071,0
10.2169217,57.2447312,0
10.2167273,57.244702,0
10.216452,57.2446815,0
10.2163008,57.2446144,0
8.9637197,57.0693961,0
8.9635073,57.0694777,0
8.9632888,57.0694811,0
8.963189,57.0695422,0
8.9630141,57.0700309,0
8.9616093,57.07054,0
8.9613782,57.0706554,0
8.9612972,57.070988,0
8.9609911,57.0726341,0
8.9543753,57.0768895,0
8.9546065,57.0769081,0
8.9571245,57.0768616,0
8.9579896,57.0766661,0
8.9585034,57.0766102,0
8.9591115,57.0764192,0
8.9593942,57.0761168,0
8.9593856,57.0756839,0
8.9592126,57.0755417,0
8.9590344,57.0753952,0
8.958786,57.0751159,0
8.9587003,57.0745014,0
8.9583572,57.0734563,0
8.9582566,57.0733943,0
8.9579069,57.0734418,0
8.9576822,57.0734554,0
8.9474196,57.0630205,0
8.9490152,57.0640201,0
8.9499101,57.0645104,0
8.9508742,57.0648687,0
8.9509367,57.0654873,0
8.9510338,57.0666791,0
8.9511449,57.068282,0
8.951124,57.068414,0
8.9512767,57.0684856,0
8.9540655,57.0685573,0
8.9567154,57.0685573,0
8.9583597,57.0684591,0
8.9590255,57.0683234,0
8.9602534,57.068478,0
8.9629244,57.0687949,0
8.9632504,57.0688552,0
8.9794089,57.0731574,0
8.9758338,57.0729812,0
8.9584591,57.0733407,0
8.9582315,57.0729158,0
8.9579069,57.0724576,0
8.9578195,57.0723965,0
8.9825293,57.0732699,0
8.9822228,57.0748951,0
8.9820432,57.0750158,0
8.9806156,57.0749526,0
8.9859025,57.0756479,0
8.9858919,57.0754871,0
8.985902,57.0733343,0
8.9859665,57.0716618,0
8.9858358,57.0711966,0
8.9584492,57.0734339,0
8.9584591,57.0733407,0
8.958475,57.0731907,0
8.9586187,57.0717042,0
8.9587997,57.07035,0
8.9588372,57.0699902,0
8.9593942,57.0761168,0
8.9594863,57.0768564,0
8.9603534,57.0772071,0
8.9605269,57.0774634,0
8.9597708,57.0774823,0
8.9595625,57.077618,0
8.9543753,57.0768895,0
8.9537072,57.076829,0
8.9535102,57.0767033,0
8.9533562,57.0765916,0
8.9525596,57.0768243,0
8.9513092,57.0770385,0
8.9732636,57.072791,0
8.9733874,57.0743436,0
8.9729752,57.0747804,0
8.97288,57.0755505,0
8.9727213,57.0762861,0
8.9726051,57.0768551,0
8.9644619,57.0728099,0
8.9644,57.0736539,0
8.9646961,57.0741136,0
8.966282,57.0747574,0
8.9670751,57.0751712,0
8.9674875,57.0752804,0
8.9675826,57.0754585,0
10.5063536,57.449451,0
10.5071047,57.4494092,0
10.508767,57.4494207,0
10.5096356,57.4494287,0
10.5113823,57.44946,0
10.5124538,57.4494641,0
10.5144465,57.4494919,0
10.5162826,57.4495159,0
10.5174436,57.4495297,0
10.51795,57.4495666,0
10.1847015,57.4056469,0
10.1686566,57.408996,0
10.1686534,57.408873,0
10.1685332,57.4087677,0
10.1684206,57.4087186,0
10.168249,57.4086955,0
10.1679754,57.4086781,0
10.167734,57.4086579,0
10.1675784,57.4085943,0
10.1673907,57.4085048,0
10.1672083,57.4084181,0
10.1667738,57.4082823,0
10.1665592,57.4082505,0
10.1663447,57.4082303,0
10.1661784,57.408236,0
10.1660496,57.4082563,0
10.1658564,57.4083083,0
10.1657458,57.4083673,0
10.1656043,57.4084556,0
10.1654058,57.4085668,0
10.1651397,57.4086534,0
10.1647863,57.4087446,0
10.1642552,57.4088443,0
10.1637188,57.4089425,0
10.16326,57.4090278,0
10.1628176,57.4091145,0
10.162383,57.4091967,0
10.1619989,57.4092501,0
10.1616401,57.4092893,0
10.1614227,57.4092994,0
10.1612698,57.4093066,0
10.1608889,57.4093326,0
10.1604733,57.4093542,0
10.1601829,57.4093614,0
10.1597303,57.4093427,0
10.1591611,57.4092877,0
10.1587083,57.4092719,0
10.1580861,57.409256,0
9.9438657,57.3515729,0
10.1763116,57.4106862,0
10.1760325,57.4107527,0
10.1756676,57.4108913,0
10.1753513,57.4110156,0
10.1751099,57.4110677,0
10.1747826,57.4111226,0
10.1742194,57.4111948,0
9.9414552,57.3520381,0
10.168442,57.4092357,0
10.1686566,57.408996,0
10.1689114,57.4091347,0
10.1690617,57.4092357,0
10.1690858,57.4092777,0
10.1690912,57.4093312,0
10.1693272,57.4094077,0
10.1695739,57.4094915,0
10.1697912,57.4095493,0
10.1700352,57.4096028,0
10.1701212,57.40961,0
10.1702069,57.4095681,0
10.1704429,57.4091982,0
10.170534,57.4091087,0
10.1706414,57.4090798,0
10.1707647,57.4090798,0
10.1714298,57.4091665,0
10.1716016,57.4091982,0
10.1717356,57.4092011,0
10.1718429,57.4091982,0
10.1719986,57.4091665,0
10.1720683,57.409126,0
10.1721434,57.4090595,0
10.1722451,57.4089266,0
10.1724223,57.408785,0
10.1726851,57.4086203,0
10.1730125,57.4084816,0
10.1740049,57.4080713,0
10.1743426,57.4079036,0
10.1745626,57.4077708,0
10.1832049,57.4064011,0
10.183548,57.4064127,0
10.1838308,57.4064091,0
10.1840577,57.406378,0
10.1842723,57.4063202,0
10.1844548,57.4062335,0
10.1846693,57.4060977,0
10.1847497,57.4060023,0
10.1847552,57.405907,0
10.1847552,57.4058174,0
10.1847068,57.405722,0
10.1847015,57.4056469,0
10.5078897,57.4172189,0
10.5078754,57.4174092,0
10.5078003,57.4182238,0
10.5078915,57.4183191,0
10.5080257,57.4184,0
10.5082187,57.4184665,0
10.5084119,57.4184809,0
10.5086265,57.418478,0
10.5087712,57.4184405,0
10.5089215,57.4183654,0
10.5090341,57.41827,0
10.5090771,57.418114,0
10.5091368,57.4172826,0
10.5091049,57.4172149,0
10.5090652,57.4171311,0
10.5089662,57.4170726,0
10.5087874,57.4170047,0
10.508539,57.416965,0
10.5083115,57.4169943,0
10.5081094,57.4170458,0
10.5079558,57.4171087,0
9.8765051,56.820751,0
9.8765286,56.8206205,0
9.8765406,56.8205207,0
9.8842942,56.8345926,0
9.8843809,56.8340163,0
9.8844341,56.8338309,0
9.8844873,56.8337511,0
9.8845642,56.8336934,0
9.8847373,56.8336114,0
9.8849175,56.8335672,0
9.8853109,56.8335032,0
9.8849268,56.8327142,0
9.8839476,56.8328287,0
9.8737964,56.8258125,0
9.87361,56.826004,0
9.8733727,56.8262381,0
9.8731848,56.8264436,0
9.873083,56.8265199,0
9.8728415,56.8267341,0
9.8727075,56.8268222,0
9.8726323,56.8268927,0
9.8725573,56.8269807,0
9.8724876,56.8270952,0
9.8723535,56.8272449,0
9.872214,56.8273476,0
9.8721203,56.8273957,0
9.8719832,56.8274621,0
9.8717312,56.8275648,0
9.8712751,56.8277292,0
9.871066,56.8278319,0
9.8708942,56.8279112,0
9.8707119,56.8279787,0
9.8705241,56.8280609,0
9.8703364,56.8281577,0
9.8701754,56.8282722,0
9.8700468,56.8283749,0
9.8698696,56.8284777,0
9.869741,56.8285569,0
9.8696352,56.8286188,0
9.8694727,56.8286363,0
9.8693604,56.8286458,0
9.8693258,56.8287779,0
9.869235,56.8290999,0
9.8691511,56.8292471,0
9.868936,56.8295784,0
9.8688478,56.8297536,0
9.8688686,56.8299113,0
9.8689673,56.8301632,0
9.8853109,56.8335032,0
9.8853512,56.8335855,0
9.885378,56.8336852,0
9.8853941,56.8337646,0
9.8854156,56.8341607,0
9.8765162,56.8204287,0
9.8764499,56.8202567,0
9.8763129,56.8200988,0
9.8762695,56.82005,0
9.8759906,56.8197311,0
9.8757812,56.8194699,0
9.8756294,56.8193593,0
9.875261,56.8191733,0
9.8748748,56.8190089,0
9.874553,56.8188445,0
9.8743305,56.8187163,0
9.8743356,56.8185698,0
9.8742971,56.8184756,0
9.8741602,56.8184468,0
9.8741559,56.8183395,0
9.8741345,56.8181047,0
9.8741131,56.8179461,0
9.8821806,56.8315861,0
9.8820307,56.8310223,0
9.8819557,56.8306114,0
9.8818592,56.8302474,0
9.8818604,56.8301283,0
9.881897,56.8298708,0
9.8818324,56.829502,0
9.881778,56.829304,0
9.881725,56.8291113,0
9.8816064,56.8287164,0
9.8815158,56.8284395,0
9.8814086,56.8281988,0
9.8813389,56.8279347,0
9.8812905,56.8276852,0
9.8813495,56.8274562,0
9.8814563,56.8272011,0
9.8815963,56.8269895,0
9.8816393,56.8268251,0
9.8816612,56.8266581,0
9.8816075,56.8265671,0
9.881426,56.8264413,0
9.8810505,56.826262,0
9.8808185,56.8261567,0
9.880467,56.8260144,0
9.8802128,56.8259213,0
9.8800567,56.825833,0
9.8799711,56.8257419,0
9.8798525,56.8256159,0
9.8795953,56.8253604,0
9.8789819,56.825148,0
9.8784067,56.8248987,0
9.8781147,56.8247264,0
9.8777875,56.8245473,0
9.8775569,56.8243477,0
9.8772619,56.8240482,0
9.8770864,56.8238611,0
9.8765699,56.8233702,0
9.8760495,56.822924,0
9.8759475,56.8228535,0
9.8757329,56.8227361,0
9.8755936,56.8225981,0
9.8754379,56.8223956,0
9.8754093,56.8221046,0
9.8754595,56.8218613,0
9.8756382,56.8215662,0
9.875887,56.821323,0
9.876117,56.8211495,0
9.8764652,56.8208193,0
9.880471,56.8344796,0
9.8804608,56.8344529,0
9.8803931,56.8342767,0
9.8800729,56.8342741,0
9.8795726,56.8342579,0
9.8790287,56.834234,0
9.8785708,56.8342213,0
9.8779557,56.8342071,0
9.8777,56.8341999,0
9.8766497,56.8341703,0
9.8762635,56.8342407,0
9.8755395,56.8342316,0
9.8751282,56.8342168,0
9.8738876,56.8341978,0
9.8729931,56.8341966,0
9.872766,56.8341913,0
9.8724137,56.8341621,0
9.8720638,56.8341556,0
9.8808957,56.8340482,0
9.8811548,56.8337213,0
9.8813475,56.8335056,0
9.8816084,56.8332367,0
9.8818355,56.8329946,0
9.8819788,56.832787,0
9.8820481,56.8326844,0
9.8820872,56.8325971,0
9.8821979,56.8321731,0
9.8822489,56.8319652,0
9.8849268,56.8327142,0
9.870371,56.8226372,0
9.8704383,56.8228418,0
9.8704866,56.8230121,0
9.8705616,56.8231676,0
9.8706153,56.8233203,0
9.8706315,56.8234905,0
9.8705884,56.823652,0
9.8705134,56.8237694,0
9.8705187,56.8238927,0
9.8705938,56.8240247,0
9.8707173,56.8241598,0
9.8708191,56.8242949,0
9.8709746,56.824424,0
9.8711839,56.8245943,0
9.8714683,56.8248526,0
9.8716561,56.8250287,0
9.8718331,56.8251843,0
9.8720477,56.8253369,0
9.8723051,56.8254485,0
9.8725519,56.825516,0
9.8728253,56.8255365,0
9.8730079,56.8255806,0
9.873083,56.8256305,0
9.873178,56.8256807,0
9.8733888,56.8257185,0
9.8735444,56.8257626,0
9.8737964,56.8258125,0
9.8746116,56.8259837,0
9.8755449,56.8261717,0
9.8760384,56.8262743,0
9.876473,56.8263009,0
9.8779429,56.8263831,0
9.8783023,56.8263977,0
9.8785543,56.8263155,0
9.8797926,56.8258094,0
10.3893326,57.2099877,0
10.3893112,57.2096797,0
10.3893112,57.2094938,0
10.3893432,57.2093195,0
10.3893219,57.2090754,0
10.3892575,57.208814,0
10.3892145,57.2086222,0
10.3890966,57.2083724,0
8.8758049,56.7421879,0
8.8763617,56.7414678,0
8.8769485,56.7406926,0
8.7761666,56.740704,0
8.7758018,56.740804,0
8.7754263,56.740904,0
8.7750938,56.7410158,0
8.7748469,56.74111,0
9.006619,57.0858801,0
9.0021568,57.0862284,0
9.9883685,56.9960566,0
9.988111,56.9959912,0
9.9374784,57.0791378,0
9.9374183,57.0792104,0
9.9371517,57.0795326,0
9.9368189,57.0800392,0
9.9363202,57.0807831,0
9.9359175,57.0813778,0
9.9356568,57.0820249,0
9.9354923,57.0826713,0
9.9352412,57.0841042,0
9.9351255,57.0848324,0
9.9350806,57.0850114,0
9.9349705,57.0852462,0
9.9348262,57.0854797,0
9.9343561,57.0862829,0
9.9340409,57.0868529,0
9.933962,57.0871464,0
9.9339535,57.0873456,0
9.9339916,57.0875864,0
9.9341952,57.0881399,0
9.9346037,57.0888365,0
9.9348002,57.0891618,0
9.9352343,57.0899071,0
9.935665,57.0906342,0
9.9196615,56.8025208,0
9.9196127,56.8023405,0
9.919795,56.8019066,0
9.9199237,56.8013306,0
9.9201421,56.8011665,0
9.9202299,56.8010368,0
9.920596,56.8006057,0
9.9203751,56.7997559,0
9.920398,56.799445,0
9.9207296,56.7989921,0
9.9212331,56.7988777,0
9.9219779,56.7987823,0
9.9224992,56.7987237,0
9.9231319,56.7989655,0
9.9237899,56.7989731,0
9.924221,56.7988434,0
9.924651,56.7988357,0
9.9258804,56.7988281,0
9.9267262,56.7987327,0
9.9273796,56.7983665,0
9.9277943,56.7982216,0
9.9286946,56.7978783,0
9.9303818,56.7974624,0
9.9307954,56.7971722,0
9.9312525,56.7969742,0
9.9314861,56.7967392,0
9.9321813,56.7964859,0
9.9325274,56.7964668,0
9.9333624,56.796482,0
9.9341305,56.7963028,0
9.934905,56.7958069,0
9.9359541,56.7952614,0
9.9373608,56.7947889,0
9.938673,56.7943993,0
9.9403027,56.7933968,0
9.9435511,56.7916146,0
9.9443007,56.7914696,0
9.0269082,56.5942985,0
9.027162,56.5942698,0
9.0277431,56.5940446,0
9.0279637,56.5939121,0
10.0102998,56.7650511,0
10.0105135,56.764566,0
10.0116615,56.7622256,0
10.0119887,56.7619904,0
10.0125412,56.7617493,0
10.0127665,56.7614964,0
10.0128309,56.7612669,0
10.0124072,56.758553,0
9.9850646,56.7662154,0
9.9874303,56.7663683,0
10.0124072,56.758553,0
10.0122193,56.7583354,0
10.0091079,56.7552358,0
10.0090168,56.7548741,0
10.0093064,56.7535624,0
10.0094462,56.7522935,0
10.0093333,56.7514817,0
9.9864166,56.7642295,0
9.9873536,56.764223,0
9.9864264,56.7649426,0
9.98744,56.7649019,0
8.6835546,57.0185313,0
8.6836375,57.0188841,0
9.9874897,56.7652711,0
9.98744,56.7649019,0
9.9873536,56.764223,0
9.9830799,56.76643,0
9.9839124,56.7665056,0
9.9850218,56.7666064,0
9.9849842,56.7667564,0
9.9858854,56.7668975,0
9.987189,56.7670592,0
9.9872748,56.7670415,0
9.9873124,56.7669886,0
10.2289302,57.23319,0
10.2296427,57.2327196,0
10.2299127,57.2325268,0
8.8122933,57.0204498,0
8.8125285,57.0198808,0
8.8126709,57.0200703,0
8.8126849,57.0201735,0
8.8466493,57.0272752,0
8.8467328,57.0274224,0
8.84703,57.0278643,0
8.8463503,57.0262545,0
8.8465157,57.0264134,0
8.8465453,57.0265171,0
8.8465439,57.026791,0
8.8465528,57.0270395,0
8.8466493,57.0272752,0
8.8463943,57.0271378,0
8.8463067,57.027031,0
8.8462953,57.0267566,0
8.8122829,57.0209581,0
8.8104347,57.0247068,0
8.809846,57.0258452,0
8.8100201,57.0264981,0
8.8116695,57.0311446,0
10.4332135,57.2249284,0
10.4332037,57.2248718,0
10.4331814,57.2244699,0
10.433117,57.2239705,0
10.4330634,57.2234245,0
10.4330312,57.2229947,0
10.5328341,57.4384761,0
10.5329488,57.4385179,0
10.5331592,57.4386802,0
10.5333566,57.4388974,0
10.533554,57.4391821,0
10.5340182,57.4397789,0
10.534326,57.44021,0
10.5343595,57.4402404,0
10.9226582,57.2960001,0
10.9226622,57.2954682,0
10.9226428,57.2951093,0
10.9226544,57.2949237,0
10.9226969,57.2948568,0
8.1503615,56.6020398,0
8.1501374,56.6019097,0
8.1500138,56.6017959,0
8.1499204,56.6016481,0
8.149878,56.6014841,0
8.1498662,56.6011002,0
8.1498121,56.6009266,0
8.1495359,56.6003172,0
8.1491111,56.5994114,0
8.148828,56.5988153,0
8.1479191,56.5971531,0
8.1477951,56.596934,0
10.5348907,57.4380523,0
10.5331008,57.4383105,0
10.5330242,57.4383287,0
10.5329274,57.4383754,0
8.8791942,57.0767882,0
8.877781,57.0766752,0
8.8738572,57.0773703,0
8.8736108,57.0774065,0
8.8701001,57.0780184,0
8.8699603,57.078051,0
8.8699337,57.0781089,0
8.8703267,57.0786954,0
8.980908,57.0900878,0
8.9802786,57.0893314,0
8.9805203,57.0895679,0
8.9809555,57.0897342,0
8.981044,57.0899006,0
8.9796492,57.0904217,0
8.9787477,57.0897342,0
8.9782239,57.0895109,0
8.9779176,57.0894934,0
8.9769508,57.0896642,0
9.6093982,57.2702825,0
9.6092443,57.2699126,0
9.609083,57.2698609,0
9.6088563,57.26989,0
9.5986088,57.2702256,0
9.6107301,57.2700815,0
9.6106449,57.2699254,0
9.6143824,57.2739365,0
9.614129,57.2734829,0
9.6144339,57.2732129,0
9.6143508,57.2731306,0
9.6140874,57.2729432,0
9.6137546,57.2726059,0
8.1669427,56.6147571,0
8.1681201,56.6145817,0
8.1689937,56.614352,0
8.1701074,56.6138251,0
8.1719685,56.6130981,0
8.176198,56.6208111,0
8.1771259,56.6208139,0
8.1779256,56.6208141,0
8.1787095,56.620803,0
8.1789618,56.6207609,0
8.1790397,56.6207372,0
8.1718068,56.6237213,0
8.1710242,56.6239394,0
8.1695255,56.6245111,0
8.1658034,56.6262219,0
8.1645658,56.6269791,0
8.1637657,56.6273311,0
8.1620744,56.6278842,0
8.1606905,56.6283444,0
8.1590019,56.6288639,0
8.1580573,56.629096,0
8.1572932,56.6292766,0
9.9854846,57.0009792,0
9.9855875,57.0007782,0
10.0118535,56.8448988,0
10.011874,56.8451481,0
10.0118793,56.8452114,0
10.0118932,56.8457845,0
10.0118563,56.8459901,0
10.0117465,56.8463589,0
10.0117139,56.8464705,0
10.011708,56.8465497,0
10.0117255,56.8466506,0
10.0117532,56.8467587,0
10.0117811,56.8468462,0
10.0118454,56.8469811,0
10.01198,56.8471645,0
10.0120647,56.8472942,0
10.0121101,56.8473638,0
10.0121506,56.8474522,0
10.0122212,56.8476063,0
10.0122765,56.8478634,0
10.012267,56.8482357,0
10.0121372,56.8501249,0
10.0120524,56.8514156,0
10.0119666,56.8524833,0
10.0118808,56.8528587,0
10.0116017,56.8536566,0
10.0109152,56.8550058,0
10.0105288,56.8557567,0
10.0101641,56.8564371,0
10.009735,56.85727,0
10.0096207,56.8575256,0
10.0095349,56.8578907,0
10.0095418,56.8585136,0
10.0095945,56.8588644,0
10.0097178,56.8592031,0
10.0100949,56.8601425,0
10.010443,56.860977,0
10.0106919,56.8615709,0
10.0108805,56.8620811,0
10.0109288,56.8623654,0
10.010958,56.8628186,0
10.0110197,56.8639929,0
10.0108551,56.8648412,0
10.0106716,56.8656065,0
10.0106083,56.8659373,0
10.0105975,56.8662648,0
10.0105718,56.868812,0
10.0105971,56.8693252,0
10.010735,56.8702875,0
10.010811,56.8707979,0
10.0108482,56.8713795,0
10.0109329,56.8733898,0
10.0110091,56.8746683,0
10.0111002,56.8752824,0
10.0112713,56.8759308,0
10.0115133,56.8765311,0
10.01164,56.8767635,0
10.0118378,56.8771263,0
10.0121147,56.8775188,0
10.0123897,56.8778808,0
10.0129686,56.8786429,0
10.0131083,56.8788289,0
10.013184,56.8789294,0
10.014033,56.8800188,0
10.0251209,56.8864963,0
10.0253085,56.8865423,0
10.0255053,56.8865642,0
10.025834,56.8870712,0
10.0256702,56.8869522,0
10.0252351,56.8866035,0
10.2300762,57.184825,0
10.2297318,57.1848156,0
10.2293408,57.1848435,0
10.2290337,57.1848668,0
10.2286984,57.1849087,0
10.2283727,57.1849506,0
10.2280561,57.1849693,0
10.2277303,57.1849879,0
10.227358,57.1850158,0
10.2270181,57.1850623,0
10.2266644,57.1850762,0
10.2262351,57.185082,0
10.2259754,57.1850623,0
10.2256356,57.1850623,0
10.2253146,57.1850577,0
10.2249747,57.1850623,0
10.2246396,57.185081,0
10.2243184,57.1850855,0
10.2238155,57.1850903,0
10.2235935,57.1850834,0
10.2233853,57.1850932,0
10.2231282,57.185108,0
10.2224984,57.1850484,0
10.2221725,57.1849925,0
10.221735,57.1849274,0
10.2213162,57.1848668,0
10.2208972,57.1847924,0
10.220483,57.1846993,0
10.2200733,57.1846014,0
10.2196404,57.1845084,0
10.2191423,57.1844014,0
10.2186816,57.184299,0
10.2181648,57.184178,0
10.2177366,57.1840801,0
10.217136,57.1839731,0
10.2166195,57.1838987,0
10.2161633,57.1838382,0
10.2156374,57.183759,0
10.2130215,57.1833541,0
10.2107126,57.1829257,0
10.2100563,57.1828188,0
10.2089393,57.1827303,0
10.2070726,57.1826372,0
10.2050805,57.1825441,0
10.2034932,57.1825023,0
10.2017756,57.1824836,0
10.2003886,57.182465,0
10.1996344,57.182465,0
10.1986967,57.1824883,0
9.9848579,57.0008904,0
9.9850124,57.000666,0
9.9834504,57.0006333,0
9.9835448,57.000437,0
9.9823947,57.0001144,0
9.9826178,57.0000583,0
9.9830641,57.0000256,0
9.983373,57.0000256,0
9.9837764,57.0001004,0
9.9839911,57.0001331,0
9.9852099,57.0003809,0
9.9778753,57.5865,0
9.9779829,57.5864339,0
9.977315,57.5860874,0
9.9771833,57.5860014,0
9.9771847,57.585901,0
9.9781287,57.584745,0
9.9794054,57.5832439,0
9.9809718,57.5814092,0
9.9814717,57.5809066,0
9.9820204,57.5804319,0
9.982496,57.5800397,0
9.9830318,57.5796836,0
9.9841048,57.5790106,0
9.985081,57.5785102,0
9.985401,57.5783841,0
9.9858296,57.5783171,0
9.986114,57.5782726,0
9.9863959,57.5781732,0
9.9868996,57.5779555,0
10.1215407,56.7099912,0
10.1224734,56.7073362,0
10.1230592,56.7062636,0
10.1238702,56.7052094,0
10.1252156,56.7033197,0
10.1252634,56.7032591,0
10.1266247,56.7015318,0
10.1294404,56.6989455,0
10.1297845,56.698632,0
10.1303138,56.6981879,0
10.1316837,56.6970392,0
10.1350799,56.6937418,0
10.4926628,57.4749438,0
9.9237731,57.4925634,0
9.9242578,57.4933881,0
9.9170478,57.4941635,0
9.9165108,57.4945029,0
9.9161674,57.4946735,0
9.9156354,57.4947889,0
9.9153263,57.4948811,0
9.9151805,57.4948719,0
9.9151135,57.4947129,0
9.9149829,57.4947057,0
9.9114896,57.4949964,0
9.9112923,57.4951025,0
9.911258,57.4951809,0
9.9111721,57.495536,0
9.9110177,57.4956883,0
9.9106314,57.4957344,0
9.9104169,57.4957574,0
9.9101164,57.4957205,0
9.9099877,57.4956883,0
9.9096443,57.4957113,0
9.9093696,57.4957481,0
9.9090264,57.4956559,0
9.9087861,57.4958036,0
9.908683,57.4959327,0
9.9084255,57.4959973,0
9.9081852,57.4960111,0
9.9055503,57.4958589,0
9.9046918,57.4957113,0
9.9039795,57.4954438,0
9.9027348,57.4950195,0
9.9023917,57.4949503,0
9.622511,57.2498208,0
9.6224555,57.2496033,0
9.8125746,56.8343139,0
9.8125398,56.8357587,0
9.8125752,56.8364803,0
9.8126654,56.8370606,0
9.8128155,56.8377427,0
9.8130547,56.8383519,0
9.8133041,56.838912,0
9.8138278,56.8398528,0
9.8142322,56.8408199,0
9.8144422,56.8413216,0
9.8146031,56.8418498,0
9.8146363,56.8419981,0
9.8148153,56.8427971,0
9.8149251,56.8436395,0
9.8150838,56.8445951,0
9.8153397,56.8456617,0
9.8155458,56.8461574,0
9.8157614,56.8465789,0
9.8161411,56.8471651,0
9.8166443,56.8477788,0
9.8171363,56.8482749,0
9.8175482,56.8486307,0
9.8180692,56.8490716,0
9.8185407,56.8494013,0
9.8195754,56.8500887,0
9.8208581,56.8508152,0
9.8221885,56.85166,0
9.8231004,56.8523347,0
9.824023,56.8531971,0
9.8249392,56.8541001,0
9.8258833,56.8549917,0
9.826877,56.8559717,0
9.8274822,56.856594,0
9.8276377,56.856773,0
9.8296229,56.8590048,0
9.8310086,56.860517,0
9.832038,56.8616822,0
9.8348871,56.8649653,0
9.8359237,56.8662846,0
9.8367332,56.8676968,0
9.837719,56.8703652,0
9.8379209,56.8708841,0
9.8382434,56.8718491,0
9.8387825,56.8735664,0
9.8391379,56.8752622,0
9.8393995,56.8768667,0
9.8394664,56.8780302,0
9.8396558,56.8818559,0
9.8397781,56.8827373,0
9.8397059,56.8832585,0
9.8396279,56.8834928,0
9.8395311,56.8837573,0
9.8388253,56.8847182,0
9.8386347,56.8849755,0
9.8383255,56.8853882,0
9.8379906,56.8858394,0
9.8376806,56.8862814,0
9.8375384,56.8865229,0
9.8374,56.887046,0
9.837306,56.8873961,0
9.842667,56.8903972,0
10.2169839,57.0070942,0
10.2193443,57.0084612,0
10.2191083,57.0084378,0
10.2185933,57.0082391,0
10.2149883,57.0066852,0
10.2151171,57.0065567,0
10.2152029,57.0063931,0
8.9286876,56.6468253,0
8.9287519,56.646725,0
8.9289772,56.6462059,0
9.2807386,56.9712208,0
9.2812817,56.9715008,0
9.2812103,56.9715399,0
9.2807651,56.97179,0
9.2794676,56.96999,0
9.2800839,56.9698192,0
9.2819828,56.9712637,0
9.281146,56.9709069,0
9.4404225,56.5878979,0
9.4397397,56.5912289,0
9.4396626,56.591718,0
9.4396111,56.5920441,0
9.4395895,56.5927766,0
9.4397397,56.5933673,0
9.4399757,56.5939698,0
9.4403835,56.594596,0
9.4408985,56.5952221,0
9.4415637,56.5958127,0
9.4421645,56.5962499,0
9.442894,56.5966633,0
9.4439883,56.5971476,0
9.4450827,56.5975138,0
9.4460483,56.5977619,0
9.4555756,56.599522,0
9.4592876,56.6002071,0
9.461139,56.6006204,0
9.4620383,56.6007988,0
9.4639226,56.6011402,0
9.4650813,56.6014946,0
9.4666441,56.6020377,0
9.4681068,56.602534,0
9.4715185,56.6037623,0
9.4816466,56.6073763,0
9.4846078,56.6084037,0
9.4934912,56.6115921,0
9.5011357,56.6142774,0
9.5018811,56.6145913,0
9.5025035,56.6148983,0
9.5031043,56.6152879,0
9.5035976,56.6157483,0
9.5039414,56.6162125,0
9.5041557,56.6165749,0
9.5042845,56.6169409,0
9.5044009,56.6175177,0
9.5048636,56.6214427,0
9.5061941,56.631189,0
9.5063187,56.6320194,0
9.5064689,56.632574,0
9.5067908,56.6331052,0
9.5072198,56.6336953,0
9.5077564,56.6341909,0
9.5081323,56.634505,0
9.5083357,56.6346748,0
9.5091726,56.6352176,0
9.5101596,56.6358785,0
9.5108249,56.6363977,0
9.511447,56.6370349,0
9.5119406,56.6377194,0
9.5121553,56.6384156,0
9.5122196,56.6391354,0
9.5121337,56.6398904,0
9.5118548,56.6409643,0
9.511769,56.6416014,0
9.5118334,56.6422976,0
9.5120479,56.6430291,0
9.5122624,56.6436426,0
9.5140434,56.6484207,0
9.5143868,56.6493762,0
9.5152274,56.6516422,0
9.5157172,56.6529622,0
9.5167256,56.6555807,0
9.5170046,56.6564417,0
9.5171762,56.6574796,0
9.5171978,56.6585175,0
9.5170475,56.6595553,0
9.5167686,56.6608054,0
9.5166693,56.6612525,0
9.5163985,56.6624691,0
9.5162966,56.6629281,0
9.5159506,56.6644066,0
9.5159102,56.6645788,0
9.5157386,56.6654987,0
9.5157172,56.6664538,0
9.5158459,56.6673617,0
9.5161678,56.6683168,0
9.5166398,56.6693661,0
9.517305,56.6703919,0
9.5176267,56.6707722,0
9.5180131,56.671229,0
9.5189788,56.6722075,0
9.5210994,56.6743592,0
9.5240213,56.6773238,0
9.5247937,56.6781607,0
9.5252872,56.6790919,0
9.5255019,56.680082,0
9.525436,56.6807506,0
9.525416,56.6809542,0
9.5251156,56.6817793,0
9.5246222,56.6825336,0
9.523914,56.6832408,0
9.5230986,56.6838419,0
9.5219399,56.6844782,0
9.5206954,56.6849851,0
9.5173694,56.6860458,0
9.5143654,56.6869532,0
9.5132496,56.6873774,0
9.5122411,56.6878135,0
9.5111897,56.6884027,0
9.5102241,56.689039,0
9.5094412,56.6896498,0
9.5094087,56.6896754,0
9.5087435,56.6903235,0
9.5084799,56.6906406,0
10.0191731,57.4626358,0
10.019172,57.4627398,0
10.0191976,57.4628425,0
10.0196297,57.4638068,0
10.0209069,57.4639814,0
10.021336,57.4631171,0
10.0200432,57.4629398,0
10.0199796,57.463073,0
10.0189476,57.4632205,0
10.019187,57.4632068,0
10.0193434,57.4631803,0
10.0194742,57.4631307,0
10.0195215,57.463095,0
10.0195448,57.4630477,0
10.019605,57.4630281,0
9.8566779,57.1101372,0
9.8565923,57.1100692,0
9.8565039,57.1100043,0
9.8564721,57.1099811,0
9.8563669,57.1099355,0
9.5139501,57.1292477,0
9.5197008,57.1217645,0
9.5223316,57.1183133,0
9.5225763,57.1179923,0
9.5223916,57.117579,0
9.5216442,57.1173504,0
9.5176873,57.1167876,0
9.5158143,57.116515,0
9.9879534,56.9976143,0
8.8090398,56.899465,0
10.1960841,57.0089408,0
10.1950112,57.0084267,0
10.1949254,57.0082632,0
10.1951829,57.0080061,0
10.1950971,57.0077724,0
9.9978188,57.0252086,0
9.9982331,57.0255318,0
9.9985483,57.0257958,0
9.9994943,57.0254893,0
9.9987508,57.02475,0
9.9990611,57.0250208,0
9.9990614,57.0250515,0
9.9992149,57.0251908,0
9.9992204,57.0252315,0
10.2105038,57.0279334,0
10.2121131,57.0297312,0
9.996915,57.0236419,0
9.9970935,57.0235396,0
9.9971778,57.0235295,0
9.9952364,57.02402,0
9.995442,57.0241279,0
9.9957822,57.0243249,0
9.9957969,57.0243334,0
9.9959557,57.0244263,0
9.9965314,57.0248442,0
9.9964109,57.0249149,0
9.997882,57.0241398,0
9.998286,57.0243904,0
9.9985201,57.0245775,0
9.9987231,57.0247264,0
9.9987508,57.02475,0
9.9977976,57.025156,0
9.9977976,57.025156,0
9.9978188,57.0252086,0
9.9974282,57.0253816,0
9.9918282,57.0232856,0
9.9917817,57.0233669,0
9.9917251,57.0234753,0
9.9916439,57.0236312,0
9.9956008,57.023113,0
9.9956391,57.0231393,0
9.9957568,57.0231734,0
9.9944712,57.0227701,0
9.9957568,57.0231734,0
9.9949108,57.0239166,0
9.9907344,57.022825,0
9.9906708,57.0231714,0
9.9906864,57.0231031,0
9.9919658,57.0229693,0
9.9918611,57.023225,0
9.9920021,57.0229536,0
9.9920885,57.0227638,0
9.9920738,57.0227227,0
9.9921231,57.0225942,0
9.9921688,57.0225741,0
9.9924974,57.0224569,0
9.9939101,57.023136,0
9.994583,57.0233025,0
9.994686,57.0233072,0
9.9940792,57.0227797,0
9.9934072,57.0226204,0
9.9924974,57.0224569,0
9.9922236,57.0224251,0
9.9919909,57.0223869,0
9.9914601,57.0223573,0
9.9908161,57.0223325,0
9.9907464,57.0223308,0
9.9902399,57.0223261,0
9.99018,57.02284,0
9.9907291,57.0228634,0
9.9907344,57.022825,0
9.9913771,57.0228889,0
9.9919658,57.0229693,0
9.9920021,57.0229536,0
9.9929611,57.023128,0
9.9979016,57.0270237,0
9.9972982,57.0264966,0
9.9969913,57.0262344,0
9.9968142,57.0260809,0
9.9963381,57.025727,0
9.996088,57.0255743,0
9.9959607,57.0254965,0
9.994479,57.0247105,0
9.9949263,57.0249096,0
9.9892097,57.02291,0
9.989651,57.0229151,0
9.9896738,57.0231213,0
9.9899762,57.0231369,0
9.9903156,57.023151,0
9.9906708,57.0231714,0
9.9909896,57.0231993,0
9.9918282,57.0232856,0
9.9923214,57.0233718,0
9.9927977,57.0234707,0
9.9932767,57.0235901,0
9.9940567,57.0237975,0
9.9941921,57.0237778,0
9.994306,57.0237613,0
9.9947977,57.0239285,0
9.9949108,57.0239166,0
9.9953007,57.0234919,0
9.9952296,57.0234549,0
9.9956008,57.023113,0
9.9953688,57.0230099,0
9.9949969,57.0229046,0
9.9944712,57.0227701,0
9.9943827,57.0227813,0
9.9941221,57.0227303,0
9.9940792,57.0227797,0
9.9938818,57.0230727,0
9.9939101,57.023136,0
9.9937671,57.0233069,0
9.9936967,57.0232997,0
9.9935633,57.0234911,0
9.9935974,57.0235339,0
9.9942616,57.0237161,0
9.9926625,57.0241287,0
9.9930982,57.0242509,0
9.9935445,57.0243881,0
9.9937892,57.0244679,0
9.9953698,57.0255869,0
9.9956394,57.0257713,0
9.9958448,57.0259139,0
9.996093,57.0260898,0
9.9962139,57.0261754,0
9.9963238,57.0262657,0
9.9967628,57.0266263,0
9.9974051,57.0272124,0
9.9967791,57.0266398,0
9.9933286,57.0259332,0
9.9922892,57.0249052,0
9.9923437,57.0248433,0
9.9923996,57.024774,0
9.9926598,57.0244874,0
9.9924484,57.0244265,0
9.9919738,57.0243255,0
9.9915108,57.0242407,0
9.9912244,57.0241881,0
9.9906403,57.0241197,0
9.9902215,57.02409,0
9.9926598,57.0244874,0
9.9931583,57.024634,0
9.9934755,57.0247425,0
9.9937063,57.0248215,0
9.9937591,57.0248395,0
9.9924484,57.0244265,0
9.9926625,57.0241287,0
9.9925505,57.0241023,0
9.9922617,57.0240338,0
9.9915045,57.0238988,0
9.9913686,57.023881,0
9.9909491,57.0238388,0
9.9905859,57.0238072,0
9.9936839,57.0253888,0
9.9937448,57.0254092,0
9.9937617,57.025416,0
9.9939088,57.0254733,0
9.9943174,57.0256708,0
9.9946481,57.0258502,0
9.9953698,57.0255869,0
9.9948845,57.0258069,0
9.9939088,57.0254733,0
9.9937318,57.0256117,0
9.9900684,57.0237565,0
9.9900255,57.0240321,0
9.9901095,57.0240951,0
9.9901496,57.0241965,0
9.9901637,57.0244222,0
9.9907973,57.0220461,0
9.9894267,57.0245743,0
9.9896168,57.024557,0
9.9898467,57.0245453,0
9.9901088,57.0245498,0
9.9901496,57.0245507,0
9.9902931,57.0245567,0
9.9910248,57.024645,0
9.9914716,57.0247173,0
9.9919587,57.0248192,0
9.9922892,57.0249052,0
9.992682,57.0250179,0
9.9931449,57.0251903,0
9.9901088,57.0245498,0
9.9901032,57.0246591,0
9.9901713,57.0247644,0
9.9902574,57.0248279,0
9.9903616,57.0248598,0
9.9903949,57.0249181,0
9.990485,57.0250611,0
9.9905277,57.0251523,0
9.9906926,57.0254462,0
9.9907722,57.0255889,0
9.990856,57.0257732,0
9.9909595,57.0261188,0
9.9909781,57.026325,0
9.9909893,57.0264793,0
10.0229311,57.5086896,0
10.0245627,57.5089021,0
10.0248952,57.5089194,0
10.0250455,57.5089078,0
10.0251742,57.5088733,0
10.0252923,57.5088099,0
10.0253674,57.5087465,0
9.708791,57.3170736,0
9.704545,57.3171464,0
9.7038522,57.3171778,0
9.7026454,57.3172925,0
9.7002689,57.3175473,0
9.6969589,57.3178853,0
9.6818558,57.3207734,0
9.6782337,57.321466,0
9.6780116,57.3215091,0
9.6767114,57.3219496,0
9.6745399,57.3227421,0
9.672889,57.3232054,0
9.6720993,57.32336,0
9.6711458,57.3234811,0
9.6700372,57.3235506,0
9.6672831,57.3236769,0
9.666568,57.3237185,0
9.6656658,57.3238736,0
9.1901613,56.814611,0
10.1796696,57.4271519,0
10.1798075,57.4269839,0
10.1798933,57.4269031,0
10.1800061,57.4268135,0
10.1801937,57.4267067,0
8.5797054,56.8801452,0
8.5803017,56.8799998,0
10.3575907,57.2761537,0
10.356475,57.2756376,0
10.3572262,57.2750762,0
10.3572501,57.2750011,0
10.356475,57.2746689,0
9.7856317,56.8893009,0
9.7859266,56.8895998,0
9.930889,57.0391268,0
9.9279212,57.0391151,0
9.9237705,57.0390947,0
9.9235828,57.0390655,0
9.730228,57.0703757,0
9.7196357,57.0693326,0
9.7197081,57.0691387,0
9.7291015,57.0723003,0
9.7324394,57.0719172,0
9.7337365,57.0701424,0
9.7212266,57.0704573,0
9.759807,57.0784761,0
9.7522968,57.0803653,0
9.7472112,57.0816481,0
9.7443144,57.0823594,0
9.7290158,57.0730759,0
9.7327172,57.0726327,0
9.732584,57.0722897,0
9.7051763,57.0662462,0
9.7045218,57.0662637,0
9.7279,57.0706848,0
9.7191954,57.0690802,0
9.7277283,57.0701832,0
9.7175895,57.0695242,0
9.7178254,57.0690051,0
9.7220741,57.0726268,0
9.722064,57.0711902,0
9.722069,57.0705177,0
9.7220784,57.0692403,0
9.7401409,57.0701602,0
9.7382531,57.0699558,0
9.7375559,57.0699674,0
9.7365403,57.0700138,0
9.7337365,57.0701424,0
9.722069,57.0705177,0
9.7212266,57.0704573,0
9.7204785,57.0704725,0
9.7196923,57.0704398,0
9.7192902,57.0703631,0
9.7189629,57.0702474,0
9.7187053,57.0700724,0
9.7185121,57.0695125,0
9.7184907,57.0691159,0
9.7185641,57.0685726,0
9.7220863,57.0791537,0
9.7219986,57.0753622,0
9.7033846,57.067057,0
9.7291766,57.0703232,0
9.729204,57.0691121,0
9.7375559,57.0699674,0
9.7385859,57.06918,0
9.7378652,57.0691289,0
9.7365098,57.0690328,0
9.7341441,57.0688651,0
9.7333128,57.068848,0
9.7313116,57.0688068,0
9.7704714,57.0856592,0
9.7666519,57.0859041,0
9.7630686,57.0816131,0
9.7624678,57.0811465,0
9.7604506,57.0787094,0
9.7600859,57.0784878,0
9.7494971,57.0676286,0
9.7445833,57.0700957,0
9.7439073,57.0703757,0
9.7433924,57.0703115,0
9.7416386,57.0702299,0
9.7365403,57.0700138,0
9.7029017,57.0672728,0
9.7028979,57.0670648,0
9.7045218,57.0662637,0
9.7045325,57.0660829,0
9.7171175,57.0688768,0
10.1597142,57.3875354,0
10.1596175,57.387651,0
10.1595048,57.3879516,0
10.1594727,57.3880945,0
10.1594834,57.3881801,0
10.1595317,57.3882813,0
10.159655,57.3884287,0
10.1597731,57.3886109,0
10.1598321,57.3887092,0
10.1401017,57.391788,0
10.140075,57.3914671,0
10.1400213,57.3911492,0
10.139973,57.3909006,0
10.1399785,57.3907109,0
10.1400427,57.3905403,0
10.1401017,57.3901587,0
10.1401554,57.3898598,0
10.14015,57.389673,0
10.1401126,57.3893741,0
10.1400536,57.3891527,0
10.1400158,57.3890272,0
10.1398873,57.3888028,0
10.1394634,57.388209,0
10.1392004,57.3877956,0
10.1390449,57.3875654,0
10.1390074,57.3874845,0
10.1390021,57.3874122,0
10.1390342,57.3873052,0
10.184723,57.3891312,0
9.9410671,57.0780489,0
9.9410252,57.0781224,0
9.944828,57.0221448,0
9.9451721,57.0218375,0
9.9453805,57.0216578,0
9.9458097,57.0213623,0
9.9460618,57.0212109,0
9.9463609,57.0210568,0
9.946779,57.0208681,0
9.9471367,57.0207339,0
9.9474985,57.0206093,0
9.9481161,57.0204198,0
9.9487132,57.0202531,0
9.9491707,57.0201548,0
9.9494027,57.0201107,0
9.9502983,57.019969,0
9.9511079,57.019873,0
9.9442996,57.0220114,0
9.9445397,57.0220687,0
9.9442996,57.0220114,0
9.9437975,57.022587,0
9.9438205,57.0226819,0
9.9437817,57.0227886,0
9.9437091,57.0228888,0
9.9435558,57.0229857,0
9.9433853,57.0230533,0
9.9432589,57.0231087,0
9.943181,57.0231926,0
9.9430891,57.0232915,0
9.9429807,57.0234083,0
9.9429545,57.0234366,0
9.9518472,57.0207026,0
9.9514552,57.0207984,0
9.9509567,57.0209954,0
9.9505623,57.0212391,0
9.9503744,57.0213401,0
9.9500984,57.0214377,0
9.9439804,57.023358,0
9.9434258,57.0235257,0
9.9429858,57.0235875,0
9.9420909,57.0236468,0
9.9418734,57.023678,0
9.9417337,57.0237178,0
9.9455881,57.0256236,0
9.9467844,57.0253608,0
9.9465161,57.0249813,0
9.9469346,57.0248469,0
9.9466251,57.0244007,0
9.9464735,57.0244342,0
9.9443081,57.0263933,0
9.944387,57.0267418,0
9.9444884,57.0270441,0
9.9445856,57.0273083,0
9.9447502,57.0275897,0
9.9448674,57.0276253,0
9.9450971,57.0277491,0
9.9457836,57.0279879,0
9.9463134,57.0281828,0
9.9467881,57.0283414,0
9.944325,57.0276271,0
9.9444412,57.027612,0
9.9473478,57.0260394,0
9.9473764,57.0263305,0
9.9473858,57.0265614,0
9.9473472,57.0267188,0
9.9471651,57.0269563,0
9.9469552,57.027054,0
9.9467446,57.0271828,0
9.9465441,57.027337,0
9.9448853,57.0296302,0
9.9448939,57.0291172,0
9.9449105,57.0290795,0
9.944989,57.0290713,0
9.9461515,57.0290812,0
9.9461728,57.0284378,0
9.9461931,57.028307,0
9.9445758,57.0307365,0
9.9446024,57.0308926,0
9.9446159,57.03097,0
9.9446618,57.0312327,0
9.9446644,57.0312474,0
9.9446657,57.0312551,0
9.9446935,57.0314143,0
9.9445161,57.0314233,0
9.9443569,57.0314317,0
9.9443291,57.0312725,0
9.9440732,57.0307618,0
9.9445758,57.0307365,0
9.9462923,57.0306346,0
9.9465354,57.0306212,0
9.9470434,57.0305976,0
9.9742672,56.9974875,0
9.9743822,56.997597,0
9.9745541,56.9976251,0
9.9800571,56.9974132,0
9.9804429,56.9974057,0
9.9817309,56.9973805,0
9.9823317,56.9973478,0
9.984117,56.9973345,0
9.9842199,56.9973338,0
9.985356,56.9974254,0
9.9865373,56.9975208,0
9.9869665,56.9975441,0
9.9873356,56.9975535,0
10.5414206,57.4601765,0
10.5414055,57.4601157,0
10.541295,57.4600635,0
10.5412478,57.4600387,0
10.5403377,57.45971,0
10.5400935,57.4596036,0
10.5395987,57.4594301,0
10.5393113,57.4594161,0
10.5390893,57.4593631,0
10.429935,57.4438947,0
9.7261335,57.374156,0
9.726732,57.3744338,0
9.7264545,57.3746179,0
9.7260977,57.3748136,0
9.7258383,57.3748876,0
9.7256766,57.3749764,0
9.7255334,57.3749978,0
9.7248716,57.3749993,0
9.7247284,57.3750142,0
9.7245789,57.3750734,0
9.7242892,57.3752148,0
9.7238347,57.3752904,0
9.7235511,57.3753184,0
9.722804,57.3754516,0
9.7222153,57.3755371,0
9.7216451,57.3756044,0
9.7211449,57.3756324,0
9.7207424,57.3756933,0
9.7203429,57.375805,0
9.7197115,57.3759909,0
9.719367,57.3760352,0
9.7190853,57.3760025,0
9.7188943,57.3760369,0
9.7186258,57.3760221,0
9.7184642,57.3759777,0
9.7181531,57.375861,0
9.7178544,57.3757738,0
9.7176072,57.3757525,0
9.7172168,57.3757459,0
9.716683,57.375781,0
9.7162772,57.3757979,0
9.7160763,57.3758527,0
9.7158995,57.3758823,0
9.7157043,57.3759284,0
9.7235511,57.3753184,0
8.6780836,56.7808176,0
9.2121435,56.8497479,0
9.2124548,56.8497935,0
9.2125691,56.8498352,0
9.2126801,56.8498757,0
9.2128196,56.8499989,0
9.2130021,56.8502336,0
9.2135813,56.8511488,0
9.2138066,56.8514949,0
9.214008,56.8521139,0
9.2143002,56.8526213,0
9.2148259,56.8540526,0
9.2148425,56.8543562,0
9.2148371,56.8543883,0
9.2147333,56.8549976,0
9.2146032,56.8555048,0
9.214386,56.8558007,0
9.2135492,56.8564929,0
9.2133239,56.8566688,0
9.2128733,56.8568213,0
9.2213384,56.8534191,0
10.2427011,57.5289543,0
10.2433815,57.5292874,0
10.2443923,57.5297241,0
10.2469191,57.5307861,0
10.2494703,57.5318636,0
8.8527201,56.928916,0
8.8525843,56.928933,0
8.8522474,56.9289949,0
8.8516532,56.9290622,0
8.8510479,56.9291254,0
8.8507977,56.9291764,0
8.8497104,56.9294312,0
8.8491836,56.9295373,0
8.8479878,56.929733,0
8.8477661,56.9297671,0
8.8462655,56.9299979,0
8.8453612,56.9301224,0
8.8436873,56.9303507,0
8.8425217,56.9304893,0
8.8421517,56.9305566,0
8.8419164,56.9306239,0
8.8416735,56.9307299,0
8.8411392,56.9310296,0
8.8410486,56.9311566,0
8.8410128,56.9312506,0
8.841051,56.9314163,0
8.8412089,56.931689,0
8.8413092,56.9318338,0
8.8413188,56.9319342,0
8.8412446,56.9320478,0
8.8411394,56.9321156,0
8.840984,56.9321613,0
8.8406445,56.9322252,0
8.839841,56.9323518,0
8.8395852,56.9323805,0
8.839059,56.9324209,0
8.8385114,56.9324536,0
8.8378994,56.9324771,0
8.8377368,56.9324965,0
8.8376124,56.9325253,0
8.8374784,56.9325684,0
8.8372442,56.9326858,0
8.8370217,56.9327615,0
8.8367921,56.9328293,0
8.8366391,56.9328724,0
8.8365196,56.9329272,0
8.8363928,56.9330303,0
8.8361226,56.9332429,0
8.8359289,56.9334047,0
8.8357806,56.9335313,0
8.8357424,56.9336056,0
8.8357495,56.9336904,0
8.8358596,56.9337896,0
8.8360055,56.9338613,0
8.8362733,56.9339501,0
8.8363666,56.9340036,0
8.8364071,56.9340662,0
8.8364311,56.934151,0
8.8364334,56.9343454,0
8.8364885,56.9345267,0
8.836596,56.9346794,0
8.8367898,56.9348594,0
8.8372035,56.9352091,0
8.8655017,56.9324658,0
8.8652525,56.9325277,0
8.8650104,56.9325799,0
8.8646725,56.9326207,0
8.8643617,56.9326321,0
8.8624936,56.9326533,0
8.8612292,56.9326745,0
8.8607568,56.9327055,0
8.8598751,56.9327903,0
8.8596987,56.9328099,0
8.859612,56.9328099,0
8.8595224,56.9327773,0
8.8592026,56.9326354,0
8.8586974,56.9324201,0
8.8585987,56.9323549,0
8.858533,56.9322733,0
8.8584703,56.932058,0
8.8583088,56.9315409,0
8.8580129,56.9307957,0
8.8573833,56.9291776,0
8.8591391,56.9329752,0
8.8592848,56.9329405,0
8.8594754,56.9328733,0
8.8624936,56.9326533,0
8.862356,56.932702,0
8.8622963,56.932751,0
8.8621319,56.9330833,0
8.8619413,56.9334339,0
8.8514811,56.9247113,0
8.8515343,56.9248961,0
8.8519572,56.9263416,0
8.852179,56.9270489,0
8.8523892,56.9278421,0
8.855682,56.9235715,0
8.8561073,56.924125,0
8.856425,56.9245696,0
8.8568696,56.9252159,0
8.8571348,56.9255483,0
8.8572582,56.9256808,0
8.8572432,56.9257664,0
8.8571909,56.9258256,0
8.8514811,56.9247113,0
8.8517699,56.9246073,0
8.8523753,56.9244238,0
8.8528535,56.9242648,0
8.8534177,56.9240976,0
8.8545797,56.9238039,0
8.855682,56.9235715,0
9.2787375,56.9564717,0
9.2791096,56.9565524,0
9.2803256,56.9568165,0
9.2805186,56.9568224,0
9.2806688,56.9567756,0
9.2807546,56.9566819,0
9.280857,56.956533,0
9.2827181,56.9538211,0
9.2829004,56.9537041,0
9.2837052,56.9533939,0
9.2847351,56.9529377,0
9.2857437,56.9523526,0
9.2861513,56.9520893,0
9.2865912,56.9519489,0
9.2868593,56.9518436,0
9.3495779,56.9406868,0
9.3496011,56.9387352,0
9.3496441,56.9386474,0
9.2873331,56.9638385,0
9.3339665,56.9422164,0
9.3340765,56.9423522,0
9.3348275,56.942797,0
9.3182836,56.9468056,0
9.3187879,56.946829,0
9.3189167,56.9467705,0
9.346951,56.9388303,0
9.3470261,56.9379742,0
9.3470905,56.9378631,0
9.347155,56.937828,0
9.2874337,56.9633416,0
9.2872992,56.9632511,0
9.2871169,56.9631926,0
9.2863552,56.9631809,0
9.3202571,56.9567656,0
9.3223606,56.9568107,0
9.3212563,56.9586724,0
9.2872706,56.9642118,0
9.288413,56.964355,0
9.2894987,56.9644911,0
9.3166561,56.9448607,0
9.3164061,56.9449068,0
9.3276827,56.94194,0
9.3275855,56.9420537,0
9.3203764,56.9572549,0
9.3202362,56.9572961,0
9.3200753,56.9574015,0
9.3193136,56.9582498,0
9.3192171,56.9584604,0
9.3192278,56.9587821,0
9.3200893,56.9546475,0
9.3162129,56.9548567,0
9.3159983,56.9548333,0
9.3158053,56.9547397,0
9.3156766,56.9547397,0
9.2881313,56.9654593,0
9.2877622,56.9652564,0
9.2874387,56.9650643,0
9.2872778,56.9648713,0
9.2872241,56.9646081,0
9.2872706,56.9642118,0
9.2872885,56.9640583,0
9.2873331,56.9638385,0
9.2874337,56.9633416,0
9.287471,56.9631574,0
9.2877714,56.9623094,0
9.2880181,56.9619058,0
9.2882864,56.9615197,0
9.2884366,56.9612331,0
9.288694,56.9606364,0
9.2749611,56.9105839,0
9.2748216,56.9106659,0
9.2746178,56.9106717,0
9.2743496,56.9107069,0
9.2709164,56.9111169,0
9.2706804,56.9111052,0
9.2704882,56.9110472,0
9.2702866,56.911031,0
9.3199158,56.950406,0
9.3310287,56.9420894,0
9.3309652,56.9431306,0
9.3308363,56.9432125,0
9.2869953,56.965512,0
9.2868058,56.9654503,0
9.285883,56.9653567,0
9.2851964,56.9653098,0
9.2847995,56.965269,0
9.2847029,56.9651988,0
9.2847565,56.9649356,0
9.2848639,56.9647074,0
9.3189167,56.9467705,0
9.3189595,56.9466124,0
9.3190132,56.9464135,0
9.285685,56.9669363,0
9.2854324,56.9667486,0
9.285368,56.9665966,0
9.2857544,56.9660878,0
9.2860225,56.9658363,0
9.2869953,56.965512,0
9.3191417,56.9462471,0
9.3192922,56.9460273,0
9.319335,56.9458458,0
9.319335,56.9455884,0
9.3472514,56.9390691,0
9.3469833,56.9390689,0
9.3178824,56.9460493,0
9.3175863,56.9465831,0
9.3124621,56.9399752,0
9.3122808,56.9400054,0
9.3115728,56.9399996,0
9.2888014,56.9500707,0
9.2791096,56.9565524,0
9.280857,56.956533,0
9.2810122,56.9564946,0
9.2811732,56.9565006,0
9.2817633,56.9566351,0
9.2819993,56.9566702,0
9.2822352,56.956641,0
9.2825356,56.9564889,0
9.2825249,56.9563368,0
9.288413,56.964355,0
9.3115728,56.9399996,0
9.3115567,56.9403713,0
9.3125277,56.9403947,0
9.3294842,56.9420751,0
9.3198991,56.9512134,0
9.2809648,56.9106549,0
9.2807333,56.9106365,0
9.2766572,56.9109391,0
9.3505826,56.9414213,0
9.2837986,56.9190068,0
9.2901853,56.9198608,0
10.479361,57.5087186,0
10.4795239,57.5089245,0
10.4796634,57.5089936,0
10.4799314,57.5090513,0
10.0719525,57.4045257,0
10.0719204,57.4047049,0
10.0721242,57.4056236,0
10.0723521,57.4063312,0
10.0630854,57.4039914,0
10.0646033,57.4039911,0
10.0661053,57.4039766,0
10.0675161,57.4039564,0
10.0676556,57.4039766,0
10.067763,57.4040229,0
10.0678488,57.4041038,0
10.0678541,57.4041586,0
10.0678058,57.4044043,0
10.0678165,57.4049245,0
10.0678649,57.4050804,0
10.0680795,57.4053954,0
10.0688144,57.406638,0
10.0690047,57.4069959,0
10.0691656,57.4074062,0
10.0694259,57.4083429,0
10.0938925,57.3938722,0
10.0941318,57.3941347,0
9.6314815,57.2628077,0
9.9934934,57.0267501,0
9.9934939,57.0266852,0
9.9932777,57.0265852,0
9.9929344,57.0264686,0
9.99289,57.0264989,0
9.9918449,57.0260833,0
9.9936787,57.0265999,0
9.9932706,57.0259886,0
9.9931299,57.0261028,0
9.9931055,57.0261609,0
9.9931179,57.0262257,0
9.9949799,57.0315219,0
9.9948221,57.0318252,0
9.9946407,57.0321665,0
9.9944189,57.0325802,0
9.9943573,57.0326593,0
9.9941817,57.0328118,0
9.9938351,57.0330696,0
9.9935092,57.0332905,0
9.9933616,57.0333906,0
9.9932495,57.0334664,0
9.9930819,57.0335262,0
9.9964506,57.0313659,0
9.9959062,57.0312816,0
9.9957372,57.0312728,0
9.9957046,57.0312781,0
9.9955844,57.0312976,0
9.9953457,57.0313925,0
9.9951285,57.0314801,0
9.9949799,57.0315219,0
9.9947721,57.0315232,0
9.9947186,57.031515,0
9.9946398,57.031503,0
9.9944453,57.0314492,0
9.9943674,57.0314135,0
9.9943458,57.0314036,0
9.9942429,57.0313137,0
9.994169,57.0312188,0
9.9941347,57.0311189,0
9.9941322,57.0310603,0
9.994141,57.030997,0
9.9942741,57.0307392,0
9.9943118,57.0306599,0
9.9943442,57.0305913,0
9.9943533,57.030501,0
9.9943343,57.0304453,0
9.9942753,57.0303709,0
9.9941546,57.0302906,0
9.9940865,57.0302674,0
9.9939821,57.0302364,0
9.9938056,57.0302264,0
9.9936688,57.0302278,0
9.9934763,57.030258,0
9.9933524,57.0302936,0
9.9931303,57.0304013,0
9.9928107,57.0304876,0
9.9926414,57.030499,0
9.9924818,57.0304933,0
9.9931303,57.0304013,0
9.9931565,57.0304851,0
9.993177,57.0305967,0
9.993177,57.0307786,0
9.9931325,57.0309914,0
9.9928642,57.0313402,0
9.9927696,57.03143,0
9.992321,57.0319551,0
9.992209,57.0320896,0
9.9921662,57.032141,0
9.9920015,57.0323043,0
9.991952,57.0323563,0
9.9918722,57.0324136,0
9.9917915,57.0324437,0
9.995677,57.0309549,0
9.9956348,57.0310045,0
9.9955801,57.0310688,0
9.9953989,57.0312185,0
9.9950543,57.0314088,0
9.9973982,57.0300199,0
9.9969589,57.0299493,0
9.9956963,57.4567066,0
9.9952269,57.4567263,0
9.9950095,57.4567402,0
9.9948949,57.4567348,0
9.9947745,57.4567217,0
9.9946635,57.4567046,0
9.994549,57.456675,0
9.9944525,57.4566257,0
9.9943667,57.4565789,0
9.9943,57.456524,0
9.9942469,57.4564582,0
9.9942097,57.4563778,0
9.9914905,57.4548432,0
9.991341,57.4549201,0
9.9913579,57.4550353,0
9.9914243,57.4551252,0
9.9917834,57.4554739,0
9.991938,57.4556468,0
9.992328,57.4558626,0
9.9925704,57.4568285,0
9.9924159,57.4567171,0
9.9921845,57.4562414,0
9.9922356,57.4559925,0
9.9894129,57.4564527,0
9.9917834,57.4554739,0
9.992484,57.4554032,0
9.9929438,57.4552612,0
9.9937442,57.4550267,0
9.9942132,57.454902,0
9.9924058,57.4563896,0
9.9922485,57.4564518,0
9.9923512,57.4562249,0
9.9923748,57.456296,0
9.9911987,57.4548786,0
9.9912695,57.4550811,0
9.9914769,57.4552769,0
9.9918409,57.455513,0
9.9920383,57.4556869,0
9.9923748,57.456296,0
9.9926676,57.4562981,0
9.9929874,57.4562981,0
9.9934128,57.4562505,0
9.9939298,57.456181,0
9.9940319,57.456192,0
9.9914905,57.4548432,0
9.9917935,57.4548064,0
9.9924368,57.454717,0
9.9932839,57.4545744,0
9.993829,57.4544809,0
9.9946851,57.4543773,0
9.9948963,57.4543574,0
9.9950919,57.454339,0
8.666589,57.0262973,0
8.6659927,57.0262535,0
9.9947061,57.0258955,0
9.9954145,57.0263697,0
9.9960175,57.0268647,0
9.9961975,57.0270426,0
9.9965897,57.027386,0
9.9967567,57.0275328,0
10.0184711,57.0285821,0
10.0185544,57.0284586,0
10.0174853,57.0274384,0
10.016971,57.0269449,0
10.0167543,57.0267902,0
10.0165513,57.0266834,0
10.0164227,57.0265802,0
10.0156783,57.0259062,0
9.9978346,57.0241133,0
9.9822142,57.4656826,0
9.9825679,57.4655988,0
9.9830124,57.4654934,0
9.0215135,56.5915873,0
9.0289171,56.5886897,0
9.0184041,56.591825,0
9.0171837,56.592712,0
9.0164414,56.5951449,0
9.0178114,56.5977848,0
9.0222604,56.5931757,0
9.0215256,56.5931077,0
9.0209609,56.5930553,0
9.0206479,56.5930262,0
9.0199232,56.5929592,0
9.019483,56.5929184,0
9.0187791,56.5928532,0
9.0183407,56.5928126,0
9.0176278,56.5927466,0
9.0171837,56.592712,0
9.0158972,56.5925863,0
9.0199232,56.5929592,0
9.0173435,56.5952286,0
9.0203803,56.5955101,0
9.0196669,56.595444,0
9.0188075,56.5953643,0
9.0184989,56.5953388,0
9.0176312,56.5952552,0
9.0173435,56.5952286,0
9.0164414,56.5951449,0
9.0161064,56.5951138,0
9.0209609,56.5930553,0
9.0250675,56.5895375,0
9.0251926,56.5891201,0
9.025203,56.5890209,0
9.0176278,56.5927466,0
9.0224103,56.5933318,0
9.0222202,56.5933166,0
9.0222604,56.5931757,0
9.0225391,56.5921948,0
9.0227943,56.5914087,0
9.0228275,56.5912502,0
9.0231295,56.590298,0
9.0231537,56.5901935,0
9.0232331,56.5899485,0
9.0233063,56.5896911,0
9.0199937,56.5909941,0
9.0189519,56.5908371,0
9.0187791,56.5928532,0
9.021365,56.5920912,0
9.0215135,56.5915873,0
9.0216457,56.5911388,0
9.7037257,57.3431957,0
9.0271294,56.5892341,0
9.0185042,56.5978482,0
9.0178114,56.5977848,0
9.0166364,56.5976722,0
9.0156441,56.597577,0
9.0155871,56.5975566,0
9.0155015,56.5974326,0
9.0155015,56.5973982,0
9.0191299,56.5908765,0
9.0176312,56.5952552,0
9.948277,57.5294685,0
9.9483776,57.5294728,0
9.9486557,57.5294846,0
9.0217292,56.590834,0
9.9486557,57.5294846,0
9.0288601,56.5893436,0
9.0174938,56.5904155,0
9.0180392,56.5906092,0
9.0184398,56.5907219,0
9.0189519,56.5908371,0
9.0191299,56.5908765,0
9.0196642,56.5909549,0
9.0199937,56.5909941,0
9.0205147,56.5910383,0
9.0210991,56.5910879,0
9.0211781,56.5910945,0
9.0216457,56.5911388,0
9.0221835,56.5911895,0
9.9489137,57.5293786,0
9.9492839,57.5294334,0
9.949418,57.5294593,0
9.9496058,57.5295399,0
9.9497453,57.529635,0
9.9498365,57.5296753,0
9.9499606,57.5296974,0
9.9501262,57.5297156,0
9.951242,57.5297847,0
9.9516067,57.5298222,0
9.0206479,56.5930262,0
9.0252427,56.5887103,0
9.0250127,56.5887057,0
9.9488816,57.5298086,0
9.9482915,57.5297847,0
9.9482163,57.5297761,0
9.9482003,57.5297387,0
9.948277,57.5294685,0
9.9482808,57.5294103,0
9.9482485,57.5293844,0
9.0184989,56.5953388,0
9.0250567,56.5886395,0
9.0249782,56.5886657,0
9.0248937,56.588694,0
9.0248534,56.5887338,0
9.0248482,56.5889665,0
9.0248455,56.5890932,0
9.0245083,56.5890917,0
9.0243157,56.588965,0
9.0166364,56.5976722,0
9.0215256,56.5931077,0
9.0205147,56.5910383,0
9.0183407,56.5928126,0
9.0220212,56.5916393,0
9.0176278,57.0496902,0
9.0182559,57.038941,0
9.0209038,57.0383096,0
9.0229267,57.0380242,0
8.9660688,57.0418753,0
8.9655777,57.0417617,0
8.9655407,57.0411472,0
8.9660196,57.0394037,0
8.9662406,57.0390029,0
9.0161064,56.5951138,0
9.0184314,56.596585,0
9.02161,56.5886396,0
9.0205903,56.5891892,0
9.019483,56.5929184,0
9.0188075,56.5953643,0
9.0270464,56.5897298,0
9.98584,57.4611103,0
9.9858128,57.4613413,0
9.9857897,57.4616042,0
9.9857015,57.4617617,0
9.9853832,57.4617138,0
9.7035199,57.369255,0
9.7049876,57.3690366,0
9.7059168,57.3688414,0
9.7157368,57.3702527,0
9.7158951,57.3701682,0
9.7160301,57.3700962,0
9.7160391,57.3700715,0
9.7160269,57.3700385,0
9.715658,57.3698462,0
9.7155878,57.3698281,0
9.7155145,57.3698281,0
9.7154536,57.3698413,0
9.7154171,57.3698676,0
9.7154354,57.3699054,0
8.9977518,57.0414336,0
8.9991941,57.0411913,0
8.9977834,57.0332737,0
8.9949776,57.0337693,0
8.992367,57.0341955,0
8.9920536,57.0343518,0
9.7136547,57.3753969,0
9.7132639,57.375086,0
9.7131971,57.3749524,0
9.7132495,57.3748034,0
9.9888788,57.0282441,0
9.9888368,57.0283433,0
9.9887616,57.0286309,0
9.9887828,57.028787,0
9.988753,57.0289132,0
9.9886476,57.0290396,0
9.9885545,57.0291198,0
9.9880655,57.0294475,0
9.9892284,57.0273649,0
9.9892289,57.0275122,0
9.989184,57.0275728,0
8.679276,57.0187575,0
8.679625,57.0187172,0
10.2284428,57.5359116,0
10.2286558,57.5359843,0
10.2299571,57.5363044,0
10.2317142,57.5367184,0
10.2326136,57.5369314,0
9.8388249,57.4876865,0
9.8389224,57.4874103,0
9.8390403,57.48722,0
9.8392442,57.4870527,0
9.8394802,57.4868394,0
9.8396412,57.4867125,0
9.839845,57.4866375,0
9.8400703,57.4865914,0
9.8403494,57.4865799,0
9.8434712,57.4869642,0
9.8438735,57.4870363,0
9.8443802,57.4872225,0
9.8445012,57.487267,0
9.8449195,57.4874746,0
9.8450215,57.4875899,0
9.8450372,57.4876418,0
9.845016,57.487685,0
9.8449195,57.4877802,0
9.8377939,57.4865318,0
9.837681,57.4864689,0
9.8376237,57.4863816,0
9.8376021,57.4862836,0
9.8376665,57.4861941,0
9.8377846,57.4861077,0
9.8378811,57.4860558,0
9.8380153,57.486001,0
9.8381278,57.4859203,0
9.8382352,57.4858107,0
9.8382942,57.4857213,0
9.8383371,57.4856319,0
9.8383801,57.4855108,0
9.8383478,57.485407,0
9.8382834,57.4853119,0
9.8381709,57.4851706,0
9.8379669,57.4850754,0
9.83779,57.4850207,0
9.8375753,57.4849802,0
9.8373501,57.4849543,0
9.8370497,57.4849284,0
9.8368139,57.4849024,0
9.8365242,57.4848649,0
9.8362829,57.4848159,0
9.8360145,57.4847698,0
9.8357625,57.4847554,0
9.8354996,57.484764,0
9.8352582,57.4848073,0
9.8350866,57.4848621,0
9.8348397,57.4849802,0
9.8345609,57.4850956,0
9.8342765,57.4852282,0
9.8450372,57.4876418,0
9.8453057,57.4876476,0
9.8457563,57.4876907,0
9.846046,57.4877715,0
9.8462392,57.4878552,0
9.846309,57.4879301,0
9.8462617,57.4880322,0
10.0427909,57.4238974,0
10.0420143,57.4232303,0
9.9254103,57.4558096,0
9.9238612,57.4550104,0
9.9225141,57.4543154,0
9.9358874,57.4600707,0
9.9344604,57.4597917,0
9.9338709,57.4596329,0
9.9331574,57.4594408,0
9.9328077,57.459323,0
9.9319648,57.4590392,0
9.9306318,57.4584395,0
9.9302025,57.4582233,0
9.9293103,57.4577739,0
10.4773435,57.5108775,0
10.4772415,57.5108141,0
10.4771396,57.5107478,0
10.4770347,57.510711,0
10.4768201,57.5105785,0
10.4766542,57.5104981,0
10.476491,57.5104243,0
9.9872608,57.020096,0
9.9875381,57.0200647,0
9.9881269,57.0199772,0
9.9889245,57.0198542,0
10.5247245,57.3172039,0
10.5244242,57.3172109,0
10.5240968,57.3172184,0
10.5052609,57.4901797,0
10.5055446,57.4902745,0
10.5058041,57.4903613,0
10.5061815,57.4904889,0
10.4859604,57.4861376,0
10.4858615,57.4862241,0
10.4853195,57.4866978,0
9.8000093,56.9028437,0
9.8013674,56.9025884,0
9.8026142,56.9024,0
9.8053525,56.9020413,0
9.806399,56.9017435,0
9.8077682,56.9013241,0
9.8111634,56.8997496,0
9.8133118,56.8988073,0
9.8138684,56.8986189,0
9.8152042,56.8981812,0
9.8180984,56.8975368,0
9.8186215,56.8974942,0
9.8191356,56.8975545,0
9.8198597,56.8977853,0
9.8186445,56.897389,0
9.8164694,56.8977371,0
9.8156924,56.8979085,0
9.815065,56.8970836,0
9.8158348,56.8969064,0
9.8164038,56.8976513,0
9.8181859,56.8973099,0
9.8181284,56.8973721,0
9.8180462,56.8974095,0
9.8178865,56.8974294,0
9.8174945,56.8974418,0
9.8172802,56.8974492,0
9.8170751,56.8974792,0
9.8166237,56.8976037,0
10.493829,57.4959281,0
10.479966,57.4960476,0
10.4803252,57.4952252,0
10.4804286,57.4951753,0
10.4807773,57.4952205,0
10.4810505,57.4952921,0
9.8173696,56.8955693,0
9.8200643,56.8973921,0
9.8197589,56.8975814,0
9.8186445,56.897389,0
9.8181859,56.8973099,0
9.8178255,56.8972477,0
9.8176523,56.8971828,0
9.8162206,56.8961868,0
9.8162206,56.8960374,0
9.8162662,56.8959104,0
9.8163618,56.8958059,0
9.8165261,56.8956963,0
9.816745,56.8956241,0
9.8169958,56.8955767,0
9.8172238,56.8955543,0
9.0449711,57.0435365,0
9.0459609,57.0438523,0
9.0471503,57.044401,0
9.0481115,57.044634,0
9.0488918,57.0450325,0
9.0492346,57.0452042,0
9.0498435,57.0455087,0
9.050995,57.0461973,0
9.0512328,57.0463526,0
9.0520512,57.0462387,0
9.0525461,57.0462232,0
9.0396235,57.0411325,0
9.0407461,57.041414,0
9.0417548,57.0419058,0
9.041964,57.0420974,0
9.0423638,57.042206,0
9.0428586,57.0424183,0
9.0440956,57.0430188,0
9.0446,57.0433657,0
9.0449711,57.0435365,0
9.0452853,57.0438264,0
9.0459133,57.0445201,0
9.0468078,57.0458038,0
9.0477024,57.0469686,0
9.0486254,57.048066,0
9.0494914,57.0487026,0
9.0506903,57.0492979,0
9.0512613,57.0493859,0
9.0518513,57.04936,0
9.0534405,57.0489614,0
9.0545158,57.0485784,0
9.0549251,57.0484904,0
9.0550964,57.0484645,0
9.0559719,57.0493548,0
9.0339068,57.0410184,0
9.0339395,57.041388,0
9.0334238,57.0427119,0
9.0512328,57.0463526,0
9.0515088,57.0466425,0
9.0516039,57.0469168,0
9.051918,57.0469375,0
9.0524509,57.0468133,0
9.0492346,57.0452042,0
9.0499766,57.045219,0
9.0508808,57.0452707,0
9.0521179,57.0452811,0
9.0525366,57.0452655,0
9.0529267,57.0452552,0
10.500564,57.4928727,0
10.5010199,57.4929359,0
10.5013429,57.4929638,0
10.5016495,57.4929653,0
10.5026466,57.4908252,0
10.5024013,57.4908452,0
10.5019699,57.490944,0
10.501845,57.4909521,0
10.5009845,57.4909381,0
10.5008618,57.4909405,0
10.5003911,57.4910052,0
10.5003144,57.4910323,0
10.5003035,57.49113,0
10.5003452,57.4913535,0
10.5006167,57.4915571,0
8.6798908,57.0203447,0
8.6798244,57.0202732,0
8.6794542,57.019917,0
8.6794917,57.0197447,0
8.6794703,57.0196483,0
8.6794166,57.0194585,0
8.6793631,57.019295,0
8.679261,57.0190555,0
8.6791521,57.0187702,0
8.6789553,57.0182173,0
8.6739314,56.8560058,0
8.6738677,56.8559319,0
8.6738032,56.8558673,0
8.6736848,56.8558416,0
8.6735775,56.8558416,0
8.6733098,56.8558733,0
10.5158123,57.4325612,0
10.5160141,57.4325544,0
10.5163551,57.4325398,0
10.5166808,57.4325523,0
10.5169559,57.4326254,0
10.5171652,57.4327172,0
10.5173164,57.4328465,0
10.517404,57.4330012,0
10.5174945,57.4332162,0
10.5175804,57.4334103,0
10.5176458,57.4335837,0
10.5176563,57.4338363,0
10.5158109,57.4325977,0
10.5158123,57.4325612,0
10.5158042,57.4320277,0
8.6334991,57.0972841,0
8.6329624,57.0967325,0
8.6322083,57.096118,0
8.6312365,57.0953458,0
8.6303807,57.0942427,0
8.6299487,57.093566,0
8.6298295,57.0927121,0
8.6291529,57.0919014,0
8.6292325,57.0913933,0
8.6297897,57.0912312,0
8.6297897,57.0907772,0
8.634127,57.0898259,0
8.635659,57.0897503,0
10.5177439,57.4319399,0
10.521972,57.4321578,0
10.5242707,57.4334018,0
9.0509765,57.0284346,0
9.0509251,57.0252977,0
9.0509079,57.0247383,0
9.0512334,57.0241557,0
9.025067,57.0266908,0
9.0251903,57.0279822,0
9.0260123,57.0284207,0
9.0264932,57.028592,0
9.026802,57.0291662,0
9.027092,57.0295521,0
9.0273553,57.0296357,0
9.034708,57.0264189,0
9.0350476,57.0282112,0
9.0353636,57.029671,0
9.0354871,57.0305603,0
10.1464155,57.3969247,0
10.1439802,57.3968293,0
10.1437589,57.3968669,0
10.1435725,57.3969305,0
10.1433901,57.3970084,0
10.1431379,57.3971068,0
10.1430091,57.3971849,0
10.1429448,57.3973265,0
10.1430091,57.397471,0
10.1432023,57.3976618,0
10.1435241,57.3979335,0
10.1437548,57.3981242,0
10.1440283,57.3983409,0
10.1441732,57.3985491,0
10.1442,57.3986214,0
10.1418393,57.3995318,0
10.1399889,57.3978901,0
10.1399769,57.398023,0
10.1398965,57.3980982,0
10.1396562,57.3982137,0
10.1496127,57.3972947,0
10.1499078,57.3979797,0
10.1499226,57.3980606,0
10.1496932,57.3982369,0
10.1494625,57.398474,0
10.1491555,57.3987947,0
10.1490053,57.3991329,0
10.1487961,57.399633,0
10.1476654,57.3982167,0
10.1476212,57.3985404,0
10.1475152,57.3989248,0
10.1474657,57.399159,0
10.1473745,57.3993785,0
10.1385459,57.3978265,0
10.138326,57.3978381,0
10.1377842,57.398023,0
9.9283567,57.04454,0
9.9283687,57.0446018,0
9.9283928,57.0446314,0
9.9284109,57.0447543,0
10.5129032,57.4306092,0
10.5147057,57.4304752,0
10.5196319,57.4293367,0
10.5192402,57.4290748,0
10.5189888,57.4288978,0
10.5188228,57.4287661,0
10.5187225,57.4287238,0
10.5186015,57.4286998,0
10.5184901,57.4287016,0
10.5175982,57.4288471,0
10.517153,57.4288928,0
10.5145254,57.4290567,0
10.5118817,57.4292508,0
10.5115385,57.4292785,0
10.5110406,57.4293247,0
10.5108003,57.4293293,0
10.5107144,57.4293247,0
10.510354,57.429334,0
10.5099248,57.429297,0
10.5092983,57.4292169,0
10.5089037,57.429187,0
10.507925,57.4290691,0
10.507724,57.4290565,0
10.5075846,57.4290471,0
10.5074051,57.4290552,0
10.5072037,57.4290762,0
10.5093985,57.4272558,0
10.509358,57.428393,0
10.507845,57.4272277,0
10.5080794,57.4285346,0
10.5080794,57.4286824,0
10.5080794,57.4287795,0
10.5080109,57.4289458,0
10.5145254,57.4290567,0
10.5144556,57.4282099,0
9.6690408,56.6284995,0
9.6692428,56.6284599,0
8.1570034,56.6078671,0
8.1561612,56.607892,0
8.1476675,56.596709,0
8.1571164,56.6078631,0
8.1570435,56.6075906,0
8.1569056,56.6073883,0
8.1565164,56.6070122,0
8.156255,56.6067844,0
8.1558151,56.6064262,0
8.1556766,56.6063149,0
8.1551993,56.6059125,0
8.1542838,56.605139,0
8.1537871,56.6045534,0
8.1533918,56.6040999,0
8.1528298,56.6035763,0
8.1520646,56.6029242,0
8.1513549,56.602514,0
8.1476675,56.596709,0
8.147508,56.5966695,0
8.1464643,56.5948512,0
8.1666301,56.6147931,0
8.2028223,56.6936958,0
8.2028454,56.6937521,0
8.2027346,56.6938049,0
8.2024931,56.6939095,0
8.2023341,56.6940101,0
8.2023085,56.6940795,0
10.5175479,57.4295679,0
10.51165,57.4299624,0
10.5114183,57.4299901,0
10.5112295,57.4300178,0
10.5118492,57.4316183,0
10.511856,57.4312838,0
10.511856,57.4311729,0
10.5117874,57.4310343,0
10.5117015,57.4309048,0
10.5113325,57.4303782,0
10.511135,57.4300409,0
10.510826,57.4294587,0
10.5150804,57.4315278,0
10.5149373,57.4311036,0
10.5148686,57.4310435,0
9.7527901,57.4110961,0
9.754464,57.4106499,0
9.7533514,57.4109465,0
9.7513535,57.4114791,0
9.7540116,57.4107705,0
9.7499414,57.4118593,0
9.7498144,57.4115136,0
9.7521521,57.4112662,0
9.7523153,57.4116224,0
9.9901138,57.0220366,0
9.9900903,57.0222869,0
9.9900931,57.0223259,0
9.9900248,57.02283,0
9.9899762,57.0231369,0
9.9899691,57.0232696,0
9.9900982,57.0233269,0
9.990047,57.0236986,0
10.4952678,57.3677126,0
10.5025527,57.3664911,0
10.5044748,57.3661591,0
10.5060601,57.3658853,0
10.5075967,57.3656199,0
10.4939609,57.3679345,0
8.6832676,57.0217729,0
8.6831084,57.0222152,0
10.9219403,57.2594047,0
10.9219464,57.2604324,0
10.9218258,57.2630867,0
10.9225026,57.2638575,0
10.9236676,57.2651306,0
10.9241642,57.2656075,0
10.924673,57.2661273,0
10.9248101,57.2664852,0
10.1478373,57.380087,0
10.1475046,57.3800754,0
10.1473437,57.3799655,0
10.1469896,57.3792137,0
10.1445649,57.3787394,0
10.1443612,57.3808967,0
10.1434063,57.3805092,0
10.1432346,57.3803588,0
8.212722,56.7043972,0
8.2122518,56.7047672,0
8.2121702,56.7048577,0
8.2122244,56.7049627,0
8.2151403,56.7060783,0
8.2155698,56.7061408,0
8.2161483,56.7060927,0
8.2164638,56.7059663,0
10.1757037,57.2248671,0
10.1760201,57.2247336,0
10.1774848,57.2245245,0
10.1790405,57.2242805,0
10.1804996,57.2241121,0
10.1806712,57.2241005,0
10.1837612,57.2241179,0
10.1861858,57.2240772,0
10.1882629,57.2240555,0
10.1884066,57.224054,0
10.1890504,57.2240192,0
10.1907593,57.2239154,0
10.1945355,57.223686,0
10.1956487,57.2236184,0
10.1956941,57.2236163,0
10.1986099,57.2234789,0
10.1990068,57.2234325,0
10.1993393,57.2233222,0
10.1995538,57.2231944,0
10.1998543,57.2229911,0
10.2002537,57.2227378,0
10.2024186,57.2213648,0
10.2048648,57.2197093,0
10.2050685,57.2195699,0
10.2051545,57.219535,0
10.2056802,57.2193317,0
10.2066349,57.218989,0
10.2078044,57.2186463,0
10.2083409,57.2184952,0
10.2087057,57.2183849,0
10.2089417,57.2182745,0
10.2091778,57.2181409,0
10.209521,57.2179318,0
10.2097356,57.2177865,0
10.2098537,57.2176529,0
10.2099288,57.2175716,0
10.2099608,57.2174612,0
10.2100145,57.2172695,0
10.210079,57.2171011,0
10.1446643,57.2324688,0
10.1452983,57.2324051,0
10.1520896,57.2313018,0
10.1522612,57.2312612,0
10.1526904,57.2311276,0
10.1563704,57.2300127,0
10.1567029,57.2298907,0
10.1568318,57.2297455,0
10.1568425,57.229612,0
10.1569497,57.2291648,0
10.1571643,57.2288919,0
10.1572287,57.228857,0
10.1585377,57.2282588,0
10.1599,57.2275039,0
10.1603723,57.2272716,0
10.160544,57.2272367,0
10.1630545,57.2267547,0
10.1653398,57.2262901,0
10.1699076,57.2256259,0
10.1735473,57.2250966,0
10.1744861,57.2249688,0
10.1746845,57.224931,0
10.1751459,57.2247974,0
9.4815226,56.6324826,0
9.4824861,56.6326104,0
9.4827993,56.6327268,0
9.482883,56.6327578,0
9.4721886,56.6312434,0
9.4910499,56.6300398,0
9.4898901,56.6300779,0
9.4869758,56.6301433,0
9.4846558,56.6302394,0
9.4839848,56.630274,0
9.4834607,56.63037,0
9.4825033,56.6306161,0
9.4811347,56.6309268,0
9.4811265,56.6318456,0
9.4813657,56.6319651,0
9.4818345,56.632005,0
9.4822744,56.6320168,0
9.4824031,56.6320816,0
9.4910927,56.6299985,0
9.4811347,56.6309268,0
9.4804348,56.6310773,0
9.4795893,56.6312618,0
9.4790604,56.6313215,0
9.4787715,56.631354,0
9.4786409,56.6313561,0
9.4780169,56.6313656,0
9.4774089,56.6313195,0
9.4770384,56.6312657,0
9.4766052,56.6311504,0
9.4761229,56.6310312,0
9.4759343,56.631012,0
9.4758215,56.631022,0
9.4757176,56.6310312,0
9.475424,56.631135,0
9.4748442,56.6313349,0
9.4741453,56.6314656,0
9.4734743,56.6315501,0
9.4730412,56.6316347,0
9.4727615,56.6316462,0
9.4725099,56.631627,0
9.4721745,56.631577,0
9.4719327,56.6315143,0
9.4710914,56.6312964,0
9.4758685,56.6302169,0
9.4782074,56.6301107,0
9.4788704,56.630244,0
9.4790957,56.630368,0
9.4791837,56.6305237,0
9.4755895,56.6315385,0
9.473948,56.6320399,0
9.4735832,56.6321108,0
9.4729824,56.6321286,0
10.1105975,57.1111155,0
10.109386,57.1112604,0
9.9929471,57.4759605,0
9.9942487,57.4759193,0
9.9945005,57.4759418,0
9.9948915,57.4759275,0
9.1649644,57.0397032,0
9.1648215,57.039562,0
9.1635705,57.0383159,0
9.1627944,57.0375277,0
9.1619667,57.0367013,0
9.1610403,57.0357673,0
9.1609641,57.0356679,0
9.1608992,57.035583,0
9.1607487,57.0353988,0
9.160636,57.0352585,0
9.29634,56.9949054,0
9.2964254,56.9948645,0
9.2967778,56.9947384,0
9.2970997,56.9946332,0
9.2974591,56.994566,0
9.2989987,56.9942679,0
9.2992829,56.994227,0
9.2994868,56.9942007,0
9.299696,56.9941978,0
9.3000018,56.9942153,0
9.3010692,56.9943176,0
9.1615327,57.0394186,0
9.1616475,57.0397465,0
9.9913909,57.4788279,0
9.9928805,57.4788865,0
9.9933901,57.478898,0
9.9937067,57.4788894,0
9.9940821,57.4788461,0
9.9943104,57.478821,0
9.9944156,57.4788223,0
9.9947205,57.4788259,0
9.9948714,57.4788379,0
10.5462507,57.4515365,0
10.0784592,57.3846151,0
10.0787188,57.3843213,0
10.0789098,57.3840425,0
10.0790997,57.3838182,0
10.0792424,57.3837187,0
10.0793443,57.3837129,0
10.0795429,57.3838055,0
10.0797489,57.3839165,0
10.0800095,57.3839644,0
10.0804655,57.3840368,0
10.0812058,57.3841495,0
10.0822895,57.3843809,0
10.0825845,57.3844242,0
10.082724,57.3844271,0
10.0829761,57.3843953,0
10.083668,57.3843028,0
10.085197,57.3840744,0
10.0858943,57.3839904,0
10.0865702,57.3838893,0
10.0875413,57.3837361,0
10.088214,57.383636,0
10.0885067,57.3836204,0
10.0886999,57.3836696,0
10.0889198,57.3837823,0
10.0891934,57.3839067,0
10.0893704,57.3839269,0
10.0897191,57.3839963,0
10.0900894,57.384057,0
10.0904111,57.3841004,0
10.0907438,57.3841004,0
10.0910978,57.3841033,0
10.091645,57.384057,0
10.0921547,57.3840021,0
10.0924947,57.3839483,0
10.1469897,57.3345221,0
10.1468341,57.3340125,0
10.1432936,57.3325879,0
10.1433929,57.3327663,0
10.1434734,57.3332412,0
10.1410889,57.3315571,0
10.1409091,57.3321206,0
10.1457828,57.330118,0
10.1458311,57.3301817,0
10.1458256,57.3302425,0
10.1457828,57.3304365,0
10.145697,57.330616,0
10.1455842,57.3308101,0
10.1454851,57.3310029,0
10.1454743,57.3311824,0
10.1455145,57.3313197,0
10.1455976,57.3314778,0
10.1456782,57.3316139,0
10.145764,57.3317587,0
10.1458149,57.3318669,0
10.1458337,57.3319874,0
10.1458792,57.3321015,0
10.1459062,57.3321912,0
10.1459543,57.3322694,0
10.1460268,57.3323465,0
10.1461556,57.3324594,0
10.1463245,57.332559,0
10.146464,57.3326603,0
10.1467242,57.3328474,0
10.1476818,57.3334595,0
9.9277472,57.4613428,0
9.9275524,57.4617288,0
9.9274237,57.4619885,0
9.9270267,57.4624328,0
9.9267585,57.4626752,0
9.9263722,57.4629634,0
9.9258364,57.4632058,0
9.9253214,57.4634366,0
9.9249673,57.4636386,0
9.9248708,57.4637597,0
9.9248385,57.4639558,0
9.9305779,57.4668179,0
9.9307174,57.4682603,0
9.9307281,57.4686007,0
9.9307174,57.4689411,0
9.9305886,57.4691661,0
9.9305028,57.469443,0
9.9304922,57.4696392,0
9.9306853,57.4706373,0
9.9308032,57.4714046,0
9.9309428,57.4719873,0
9.9310285,57.4723046,0
9.9311573,57.4725354,0
9.9313397,57.4726969,0
9.9325306,57.4733199,0
9.9330455,57.4735622,0
9.9332817,57.4735968,0
9.9334854,57.4736776,0
9.9303436,57.4610381,0
9.930181,57.4611229,0
9.9301488,57.461296,0
9.9301379,57.4618558,0
9.9301167,57.4621559,0
9.9299985,57.4622943,0
9.9295266,57.4628423,0
9.9291832,57.4633558,0
9.9290116,57.4637771,0
9.9288398,57.4642502,0
9.9288077,57.4646484,0
9.9288828,57.4653119,0
9.9290009,57.4656812,0
9.9292047,57.4660159,0
9.9294621,57.4662236,0
9.9303526,57.466691,0
9.9305779,57.4668179,0
9.9305028,57.4669102,0
9.9300522,57.466991,0
9.9275309,57.4675564,0
9.9273594,57.4676257,0
9.9272519,57.467718,0
9.9272412,57.4678391,0
9.9272306,57.4680526,0
9.9271984,57.4681449,0
9.9270804,57.4681969,0
9.9338709,57.4596329,0
9.9337644,57.4602053,0
9.9337107,57.4603496,0
9.9335284,57.460442,0
9.9330886,57.4605401,0
9.932477,57.4606728,0
9.931428,57.4608524,0
9.9303436,57.4610381,0
9.9298699,57.4610883,0
9.9277472,57.4613428,0
9.9266512,57.4614172,0
9.9253751,57.4615269,0
9.9249028,57.4615903,0
9.9244953,57.4617056,0
9.9240661,57.4618212,0
9.9236799,57.4618327,0
9.9387361,57.460381,0
9.9387211,57.4605862,0
9.9386354,57.4610824,0
9.9386996,57.4611979,0
9.9389465,57.4612325,0
9.9400516,57.4614172,0
9.9402552,57.4614807,0
9.9403197,57.4616365,0
9.9468825,57.4610501,0
9.9467244,57.4597613,0
9.9467028,57.4590571,0
9.9467076,57.4586842,0
9.931428,57.4608524,0
9.9314036,57.4609847,0
9.9339576,57.4635462,0
9.934022,57.4637655,0
9.934258,57.4639558,0
9.9356742,57.4654043,0
9.935803,57.4654504,0
9.9359209,57.4654504,0
9.9430663,57.4552709,0
9.9431844,57.455219,0
9.9433667,57.4533027,0
9.9433667,57.4530314,0
9.9432595,57.4525639,0
9.9431414,57.4522637,0
9.9428947,57.4516923,0
9.9428196,57.4514383,0
9.9428733,57.451294,0
9.9430235,57.4510112,0
9.9431093,57.4508553,0
9.9430878,57.4506417,0
9.9427982,57.4502319,0
9.942562,57.4498625,0
9.9424655,57.4497065,0
9.9532807,57.4475193,0
9.9531621,57.447588,0
9.9524004,57.4476457,0
9.9499542,57.4478478,0
9.9478407,57.4480267,0
9.9470681,57.4481133,0
9.9458236,57.4483038,0
9.9434847,57.4486444,0
9.9328077,57.459323,0
9.9328421,57.4590539,0
9.9328527,57.4588144,0
9.9328527,57.4587134,0
9.9328206,57.458572,0
9.9326865,57.4581882,0
9.9326059,57.4580122,0
9.932563,57.4578881,0
9.9325898,57.4578073,0
9.9326649,57.4577034,0
9.9328795,57.4575303,0
9.9334481,57.4571234,0
9.9339685,57.4567945,0
9.9343924,57.4565319,0
9.9347088,57.456327,0
9.9349825,57.4562115,0
9.9357386,57.4559231,0
9.9360497,57.4558192,0
9.9362642,57.4557788,0
9.9366934,57.4557153,0
9.9377126,57.4555941,0
9.9386782,57.4554671,0
9.9394615,57.4553748,0
9.9399014,57.4553171,0
9.9421114,57.4552594,0
9.9293103,57.4577739,0
9.927606,57.4580701,0
9.9254285,57.4584336,0
9.9247957,57.4585202,0
9.9244416,57.4585894,0
9.9241304,57.4586991,0
9.9237657,57.4587395,0
9.9231542,57.4587715,0
9.9188947,57.4590742,0
10.551166,57.7307213,0
10.5521212,57.7307068,0
10.5527113,57.7306982,0
10.5532828,57.7307054,0
10.5537038,57.7307268,0
10.5543529,57.730681,0
10.5547652,57.7307047,0
10.5548517,57.7307097,0
10.5554471,57.7307326,0
10.5554578,57.7306838,0
10.5565073,57.7307484,0
9.4552026,56.6262368,0
9.455387,56.6264222,0
9.4563313,56.6263985,0
9.4573399,56.6262687,0
9.458035,56.6260007,0
9.4591208,56.6253008,0
9.4596358,56.6245217,0
9.4606014,56.6238607,0
9.4612451,56.6235891,0
9.4624897,56.6232704,0
9.4638501,56.6230497,0
9.4650517,56.6228608,0
9.9452394,57.4708312,0
9.9786279,56.7662017,0
9.9786274,56.7661179,0
9.9785898,56.7659063,0
9.9783592,56.765571,0
9.9767611,56.7646345,0
9.9754343,56.763487,0
9.9748057,56.7630195,0
9.9786984,56.76688,0
9.9677378,56.7670671,0
9.9678584,56.7672997,0
9.9679919,56.7674314,0
9.968175,56.7676016,0
9.9683317,56.7676726,0
9.9686549,56.7677721,0
9.9688427,56.7678368,0
9.9689606,56.7679014,0
9.9690197,56.7679838,0
9.9683682,56.7645065,0
9.9680372,56.7651881,0
9.9677993,56.7659154,0
9.9677378,56.7670671,0
9.9788989,56.7681994,0
9.9789439,56.7684291,0
9.979019,56.7686114,0
9.9791316,56.7687437,0
9.9793615,56.7689058,0
9.9795126,56.7690318,0
9.9795877,56.7691376,0
9.9793615,56.7689058,0
9.9728326,56.767816,0
9.9726246,56.7672498,0
9.9725923,56.7671469,0
9.9725977,56.7670911,0
9.9727051,56.7670411,0
9.968175,56.7676016,0
9.9676845,56.767501,0
10.3207427,56.9959787,0
10.3181931,56.9979727,0
10.5605862,57.7282294,0
10.5607364,57.7281521,0
8.7081669,57.0802921,0
8.7079793,57.0802921,0
8.7078988,57.080222,0
8.7078612,57.0801434,0
8.7078612,57.0800384,0
8.7078772,57.0798664,0
8.7067508,57.0809043,0
8.7066166,57.0809422,0
8.7066971,57.0810588,0
8.706858,57.0811987,0
10.334095,57.3627362,0
10.3342144,57.3623752,0
10.33371,57.3617445,0
10.3327123,57.360946,0
10.3321114,57.3603268,0
10.3316921,57.3591397,0
10.3314887,57.3585639,0
10.3309849,57.3571382,0
10.3308561,57.3569299,0
10.330706,57.3567389,0
10.3301373,57.3560792,0
10.3288069,57.3549564,0
10.3259102,57.3531795,0
10.325202,57.3526239,0
10.3235095,57.3511864,0
10.3231099,57.3508471,0
10.2952969,57.3555653,0
10.2956102,57.3551057,0
10.2957347,57.3529749,0
10.2957668,57.3526451,0
10.2960565,57.3524367,0
10.2977731,57.3518059,0
10.3005636,57.3515991,0
10.3011313,57.351557,0
10.3017106,57.3515801,0
10.3051223,57.3515049,0
10.3060665,57.3514702,0
10.3097573,57.3508798,0
10.3123568,57.3502917,0
10.3180459,57.3493769,0
10.3069211,57.3371608,0
10.3076174,57.3382934,0
10.3081116,57.3390311,0
10.3084222,57.3396106,0
10.3087921,57.3401551,0
10.3092484,57.3408264,0
10.3100797,57.3417231,0
10.3101695,57.3418138,0
10.3130141,57.344688,0
10.3136793,57.3452669,0
10.3142586,57.3456837,0
10.3169017,57.3471304,0
10.3171983,57.3473619,0
10.3176714,57.3477232,0
10.3180353,57.3481497,0
10.3185395,57.3489311,0
10.318687,57.3493502,0
10.3189112,57.3502321,0
10.3188045,57.3511772,0
10.3179347,57.3523349,0
10.3175018,57.3529112,0
10.3165632,57.3540253,0
10.3150718,57.3554492,0
10.314158,57.3563475,0
10.3137551,57.3568328,0
10.3133455,57.3575082,0
10.3132602,57.3577517,0
10.3129781,57.358496,0
10.3129148,57.3586847,0
10.3128229,57.3588647,0
9.468176,56.6165647,0
9.553256,56.6214846,0
9.5532127,56.6216767,0
9.4885179,56.6186191,0
9.4884535,56.6182531,0
9.5666452,56.6240141,0
9.5763979,56.6177837,0
9.576473,56.6178899,0
9.5764851,56.6179702,0
9.576473,56.6180404,0
9.5762437,56.618224,0
9.5758561,56.6185127,0
9.5754537,56.618861,0
9.5748958,56.6195723,0
9.5748222,56.6196791,0
9.5747094,56.6197528,0
9.5745753,56.6198149,0
9.5744358,56.6198739,0
9.5743862,56.6199324,0
9.5742748,56.6201071,0
9.5741677,56.6202488,0
9.5741516,56.6203107,0
9.5741663,56.6203603,0
9.5742093,56.6203987,0
9.5743111,56.62044,0
9.5745935,56.6205227,0
9.5758934,56.6209802,0
9.5118638,56.6175919,0
9.4730124,56.6205765,0
9.4709418,56.6196024,0
9.5756145,56.6160215,0
9.5761294,56.6153722,0
9.5294803,56.6063032,0
9.566495,56.6089886,0
9.5660229,56.608984,0
9.5628043,56.6086769,0
9.5623966,56.6086297,0
9.5617185,56.6083852,0
9.5603237,56.6079719,0
9.5598431,56.6078739,0
9.5567532,56.6078384,0
9.5556589,56.6078266,0
9.5553027,56.6076885,0
9.5550881,56.6075822,0
9.4659096,56.6204377,0
9.4660066,56.6203168,0
9.4666073,56.6198445,0
9.466661,56.6197265,0
9.568555,56.6191267,0
9.5686623,56.6185718,0
9.5685764,56.6183121,0
9.568276,56.6182176,0
9.5668899,56.6180795,0
9.5655294,56.617828,0
9.5642291,56.6176899,0
9.562182,56.6176273,0
9.5609675,56.6175481,0
9.5604439,56.6173912,0
9.5495649,56.6213934,0
9.5613237,56.6256431,0
9.5261761,56.6082282,0
9.5267769,56.6083108,0
9.5269141,56.6083031,0
9.52712,56.6082636,0
9.5275604,56.6079971,0
9.5277778,56.6078804,0
9.5280642,56.607803,0
9.5283647,56.6076613,0
9.4733709,56.6204174,0
9.4730587,56.6203706,0
9.466586,56.6193428,0
9.4666288,56.6192483,0
9.4670366,56.6191893,0
9.4683026,56.6190948,0
9.4685923,56.619083,0
9.468603,56.619024,0
9.4683797,56.6181468,0
9.4682618,56.6177277,0
9.4681973,56.6176627,0
9.4678756,56.6176332,0
9.4678327,56.6175565,0
9.5269915,56.6086179,0
9.4791171,56.6214973,0
9.5234723,56.6157855,0
9.522687,56.6158008,0
9.5226569,56.615632,0
9.5229359,56.6143804,0
9.5199533,56.611145,0
9.5202967,56.6136483,0
9.5699926,56.6235183,0
8.4761936,56.9118694,0
8.4771002,56.9116322,0
8.4789509,56.9111871,0
8.4815206,56.9109264,0
8.482447,56.9109649,0
9.5448228,56.6088304,0
9.5699712,56.6088777,0
9.5698424,56.6083581,0
9.5697781,56.6070118,0
9.4707056,56.6198445,0
9.4709294,56.6199929,0
9.5335574,56.6055591,0
9.5333644,56.6040238,0
9.533287,56.6033423,0
9.4691823,56.6193782,0
9.4696222,56.6200452,0
9.9553209,57.4722501,0
9.9550285,57.4717854,0
9.9544277,57.4708046,0
9.9540199,57.47017,0
9.9538911,57.4700662,0
9.9536123,57.47002,0
9.9532689,57.4700777,0
9.9519599,57.4702046,0
9.9503935,57.4703431,0
9.9487628,57.4705162,0
9.9472607,57.4706546,0
9.9462951,57.4707008,0
9.9453397,57.4708188,0
9.9514953,56.800732,0
9.951576,56.8007679,0
9.9516657,56.8008079,0
9.9514673,56.8013836,0
9.9513698,56.8015906,0
10.4573222,57.658287,0
9.7725445,56.8614828,0
9.7729377,56.8615563,0
9.7731201,56.8616926,0
9.7736187,56.8626416,0
9.7735708,56.8628356,0
9.7734173,56.8629982,0
9.7735048,56.8630974,0
9.7773498,56.8643875,0
9.775489,56.8647912,0
9.7744437,56.8650796,0
9.773494,56.8654623,0
9.7727843,56.8659288,0
9.8744535,56.8704966,0
9.8745419,56.8708611,0
9.8756307,56.8741928,0
9.8757213,56.8746588,0
9.8757395,56.8749216,0
9.8756669,56.8750008,0
9.8747506,56.8750951,0
10.4567191,57.6573859,0
9.8413948,56.8768859,0
9.8547128,56.875258,0
9.8529491,56.8755832,0
9.8516501,56.8758014,0
9.8499807,56.8760354,0
9.8497631,56.8760988,0
9.8495671,56.8762059,0
9.8490881,56.876888,0
9.8489211,56.8769753,0
9.8487687,56.8770031,0
9.8485511,56.877007,0
9.8487687,56.8770031,0
9.848903,56.8770886,0
9.848903,56.8771878,0
9.8487508,56.8774812,0
9.8487943,56.8775606,0
9.8489831,56.8776121,0
9.8525466,56.8780284,0
9.852699,56.8780761,0
9.852786,56.8781356,0
9.8714324,56.8719047,0
9.867967,56.8705958,0
9.5706148,56.6270005,0
9.569851,56.6266736,0
9.569542,56.6265992,0
9.5692844,56.6266936,0
9.5661303,56.6288655,0
9.7734173,56.8629982,0
9.7724005,56.86401,0
9.8425428,56.8787881,0
9.8419219,56.8787371,0
9.8411787,56.8785277,0
9.7670239,56.8668945,0
9.7680367,56.866039,0
9.7681325,56.8658345,0
9.7772655,56.8699022,0
9.775176,56.8714263,0
9.7750682,56.8715246,0
9.7751042,56.871695,0
9.7648236,56.8638108,0
9.765025,56.8644975,0
9.7649961,56.8646287,0
9.7648427,56.864744,0
9.7715374,56.8647545,0
9.7709237,56.865132,0
9.7702427,56.8654204,0
9.7695713,56.8657035,0
9.768286,56.8659288,0
8.4771399,56.8404524,0
8.4763985,56.8404756,0
8.474732,56.840576,0
8.4737574,56.8408,0
8.4734311,56.8409186,0
8.4727899,56.8411515,0
8.472444,56.8414256,0
8.4724228,56.8418043,0
8.4723239,56.8420746,0
8.4715634,56.8422133,0
8.4714765,56.8422291,0
8.469817,56.8425497,0
8.4790824,56.8391117,0
8.4778532,56.8390425,0
8.4774719,56.8389769,0
8.4772317,56.8387759,0
8.4771991,56.8386849,0
8.4771611,56.838579,0
8.476928,56.8384709,0
8.4764974,56.8383936,0
8.4764056,56.8384824,0
8.4765751,56.8391507,0
8.4767375,56.839479,0
8.4770622,56.8397687,0
8.4772882,56.8400545,0
8.4773235,56.8403288,0
9.2367205,56.761817,0
8.4734311,56.8409186,0
8.4881952,56.8646368,0
8.4873636,56.8607007,0
8.4875585,56.8607002,0
8.4715634,56.8422133,0
8.4877584,56.8640163,0
8.469817,56.8425497,0
8.4870959,56.8583316,0
8.4872858,56.8582824,0
8.4893497,56.8573985,0
8.4898639,56.8572938,0
8.4872194,56.8591278,0
8.4873143,56.8591442,0
8.4893736,56.8589349,0
8.4894825,56.8589453,0
8.4895681,56.8590114,0
8.4896233,56.8594822,0
8.4771991,56.8386849,0
8.4773562,56.8384823,0
8.4772221,56.8380652,0
8.4768973,56.8373892,0
8.4857217,56.867075,0
8.4874114,56.8672452,0
8.48792,56.8673888,0
8.4891807,56.8672209,0
9.7661312,56.6663568,0
9.7647231,56.6665461,0
10.582926,57.724872,0
10.5829198,57.7245466,0
10.583201,57.7234377,0
10.5833944,57.7227424,0
10.583426,57.7226296,0
10.5834528,57.7225335,0
10.5835273,57.7222685,0
10.5836991,57.7217414,0
10.583943,57.7209191,0
10.5840063,57.720653,0
10.5842099,57.7200514,0
8.6391847,57.0956768,0
8.6361098,57.0962519,0
8.6351526,57.0965592,0
9.6046131,57.2544414,0
9.6049307,57.2544107,0
9.6054918,57.2543126,0
9.6061356,57.2542157,0
9.6065965,57.2541408,0
9.6067009,57.2541306,0
9.6069435,57.2540854,0
9.607188,57.2540328,0
9.6075459,57.2539551,0
10.5829294,57.7250508,0
10.5829925,57.7256222,0
8.3679419,56.9194349,0
8.3683379,56.9194575,0
10.0268377,57.1192308,0
10.0264037,57.1195025,0
10.0253136,57.1203738,0
10.0249101,57.1207092,0
10.0246442,57.1209143,0
10.0245413,57.1210914,0
10.0244639,57.1213523,0
10.0244554,57.1217484,0
10.0244554,57.1219566,0
10.0244554,57.1223261,0
10.0244811,57.1226336,0
10.0244554,57.1228899,0
10.0243695,57.1233232,0
10.0243695,57.1236074,0
10.0244295,57.1238497,0
10.0246098,57.1243296,0
10.0246872,57.1245113,0
10.0246872,57.1248839,0
10.0246872,57.1253032,0
10.0247129,57.125895,0
10.02472,57.1261693,0
10.02473,57.1265472,0
10.0246958,57.1269758,0
10.024627,57.1272273,0
10.0245069,57.1274743,0
10.0242924,57.1279401,0
9.9380617,57.5806236,0
9.9379895,57.5817955,0
9.9382266,57.5823217,0
10.5830014,57.7257945,0
10.5829284,57.7272048,0
10.5828873,57.7290856,0
10.5828557,57.730544,0
10.5828702,57.7311358,0
10.5828501,57.7313262,0
10.5828484,57.7313418,0
10.5828342,57.7314776,0
10.5826049,57.7322468,0
10.5825683,57.7323714,0
10.5824488,57.7326395,0
10.5822742,57.7329456,0
10.5819687,57.7333294,0
10.5818872,57.7334399,0
10.5818707,57.7334622,0
10.5817705,57.7336022,0
10.5813264,57.7341366,0
10.5809402,57.7346314,0
10.5808297,57.7349015,0
10.5804065,57.7352518,0
9.9906633,57.025039,0
9.9903616,57.0248598,0
9.9905278,57.0248335,0
9.9909294,57.0248424,0
9.9911468,57.0248616,0
9.9919102,57.0249929,0
9.9923612,57.0251158,0
9.9925766,57.0251842,0
9.9937318,57.0256117,0
9.9942742,57.0258931,0
9.9944941,57.0260205,0
9.994629,57.0261152,0
9.9951778,57.0265005,0
9.9955437,57.0267951,0
9.9959438,57.0271263,0
9.996141,57.0273121,0
9.9899746,57.0278027,0
9.9900119,57.0277383,0
9.9901547,57.0275047,0
9.9904372,57.0270143,0
9.9905871,57.0267529,0
9.9906452,57.0266964,0
9.9907405,57.0266553,0
9.9908511,57.0266404,0
9.9909831,57.0266413,0
9.9915576,57.0267436,0
9.9918916,57.0268177,0
9.9922953,57.0269242,0
9.9923257,57.0269356,0
9.992483,57.0269847,0
9.9927668,57.0270954,0
9.99295,57.0271822,0
9.9931821,57.027342,0
9.9932466,57.0274206,0
9.9932961,57.0274862,0
9.9933358,57.0275308,0
9.9933961,57.0275974,0
9.9935347,57.0277577,0
9.9936906,57.0278739,0
9.9939141,57.0280531,0
9.9940475,57.0282439,0
9.9941184,57.0283637,0
9.9941409,57.0284954,0
9.9941149,57.028614,0
9.9940416,57.0287364,0
9.9939429,57.0288269,0
9.9938059,57.0289301,0
9.9935422,57.0290069,0
9.9929315,57.0291144,0
9.992069,57.0292755,0
9.9979016,57.0270237,0
9.9979951,57.0271005,0
9.998168,57.0272543,0
9.9982136,57.027292,0
9.9985432,57.0271705,0
9.9986652,57.027194,0
9.9987887,57.0271916,0
9.9989458,57.02717,0
9.999035,57.0271927,0
9.9991385,57.0272278,0
9.9992262,57.027234,0
9.9992843,57.0272203,0
9.9996305,57.0270609,0
10.0006799,57.0265402,0
10.001172,57.0262445,0
8.5830897,56.8568506,0
8.5754215,56.8567927,0
8.5755594,56.8578323,0
8.5750113,56.8584317,0
9.0409249,56.710363,0
9.8127099,56.7732372,0
9.8123967,56.7730315,0
9.8121301,56.7728128,0
9.8119181,56.7725329,0
9.8116432,56.7723257,0
9.8113389,56.7721448,0
9.8105689,56.7717269,0
9.8098144,56.7713534,0
9.8091608,56.7710513,0
9.8086137,56.7708808,0
9.8039681,56.7696226,0
9.8027879,56.7692875,0
9.8006958,56.7687054,0
9.7990006,56.7682115,0
9.79811,56.7679881,0
9.7966511,56.7674413,0
9.7946125,56.766624,0
9.7943229,56.7664593,0
9.7937436,56.765936,0
9.7932608,56.7656067,0
9.792456,56.7648247,0
9.7915978,56.7641132,0
9.7907609,56.763284,0
9.789055,56.7610729,0
9.7878426,56.7598144,0
9.7874886,56.7595262,0
9.786834,56.7591792,0
9.7850317,56.7584676,0
9.7846885,56.7582735,0
9.7843451,56.7580677,0
9.7821672,56.7566444,0
9.7816305,56.7562797,0
9.7812015,56.7560974,0
9.7807616,56.7558974,0
9.7805364,56.7557622,0
9.7804077,56.7555387,0
9.7755412,56.7552645,0
9.7755904,56.7556269,0
9.7756547,56.7559798,0
9.7756333,56.7560974,0
9.7754186,56.7561445,0
9.7748607,56.7561974,0
9.774335,56.756268,0
9.7741097,56.7563562,0
9.7739595,56.7565209,0
9.774024,56.7567091,0
9.7744424,56.7574149,0
9.7752149,56.7586029,0
9.775408,56.7588969,0
9.7753544,56.7590675,0
9.7752149,56.7592204,0
9.7750109,56.7593263,0
9.7748071,56.7593733,0
9.7741312,56.7594027,0
9.7726184,56.7594792,0
9.7713431,56.7596316,0
9.7692888,56.7600106,0
9.7681255,56.7602186,0
9.7678562,56.7602792,0
9.7673076,56.7603966,0
9.7669107,56.7604789,0
9.7663743,56.7605672,0
9.7651006,56.7606897,0
9.7648539,56.7607253,0
9.7643086,56.7608364,0
9.7638851,56.7609494,0
9.7632951,56.7611435,0
9.7628337,56.7612552,0
9.7622223,56.7613258,0
9.7615033,56.7613199,0
9.7596365,56.7612552,0
9.7651006,56.7606897,0
9.7662455,56.7620315,0
9.7665352,56.762349,0
9.7665675,56.762496,0
9.7665995,56.7626783,0
9.766696,56.7627548,0
9.7668463,56.7627842,0
9.7548775,56.7545353,0
9.7548407,56.7544388,0
9.7545296,56.7544035,0
9.7530706,56.7543152,0
9.7525126,56.7542329,0
9.7511394,56.7539212,0
9.7506888,56.7538212,0
9.7504097,56.7537859,0
9.7498411,56.7538269,0
9.7487576,56.7539153,0
9.7484572,56.7539035,0
9.7481889,56.7538388,0
9.7476525,56.7535976,0
9.7451605,56.7514245,0
9.744423,56.7507154,0
9.7438866,56.7502212,0
9.7432214,56.7496742,0
9.7424167,56.749133,0
9.7414619,56.7484859,0
9.7407324,56.7479798,0
9.740314,56.7477093,0
9.7394341,56.7472916,0
9.7387797,56.7470269,0
9.7379107,56.7466798,0
9.7374816,56.7465151,0
9.7365588,56.7461621,0
9.7357006,56.7458209,0
9.7345096,56.745362,0
9.7337587,56.7450502,0
9.7329216,56.7447325,0
9.7321492,56.7444324,0
9.7292955,56.7433263,0
9.7261841,56.7421378,0
9.7257335,56.7419613,0
9.7254223,56.741873,0
9.8393702,56.9691227,0
9.8396154,56.9693268,0
9.8396445,56.969351,0
9.8399888,56.9696372,0
9.8402503,56.9698007,0
9.84048,56.9698737,0
9.8405172,56.9698771,0
9.8405564,56.9698807,0
9.840786,56.9698667,0
9.8411752,56.9697277,0
9.8406648,56.9693104,0
9.8406712,56.9692548,0
9.8403842,56.9690497,0
9.8205013,56.7738791,0
9.8201579,56.7728915,0
9.4187907,57.1692972,0
9.4186643,57.1693981,0
9.4185744,57.1695317,0
9.4185842,57.169774,0
9.4186176,57.1697427,0
9.4187274,57.169584,0
9.4189137,57.1695118,0
9.4189171,57.169391,0
9.4187907,57.1692972,0
9.4187508,57.1691818,0
9.8194176,56.774273,0
9.0352068,56.7122199,0
9.0361312,56.7135259,0
9.0364562,56.7140485,0
9.0365115,56.7141587,0
9.0374911,56.7140641,0
9.0397951,56.7138252,0
9.0423531,56.7137555,0
9.0434687,56.7137704,0
9.0435866,56.7135066,0
9.0438315,56.7134817,0
9.0441218,56.713626,0
9.8191709,56.7736322,0
10.5550867,57.7063085,0
10.5551094,57.7062957,0
10.5551201,57.7062742,0
10.5551228,57.7062512,0
10.5551282,57.7062254,0
10.5551335,57.7061968,0
10.5551389,57.7061767,0
10.5551605,57.7061581,0
10.5551873,57.7061352,0
10.5552247,57.7061079,0
10.555289,57.7060793,0
10.5553589,57.7060435,0
10.5554313,57.7060062,0
8.5140169,56.8381082,0
8.5206886,56.8365152,0
8.5229966,56.8359383,0
8.5264784,56.8343928,0
8.5277914,56.8335656,0
8.5283486,56.833435,0
8.5295821,56.8335765,0
8.5308953,56.8334567,0
8.5367845,56.833239,0
8.5404651,56.833239,0
8.5420369,56.8335547,0
8.5437877,56.8338377,0
8.544703,56.8336635,0
8.545678,56.833239,0
8.5474088,56.8324336,0
8.5493388,56.8319437,0
8.5504436,56.8317127,0
8.5535953,56.8310536,0
8.5538154,56.8310076,0
8.5577945,56.8301259,0
8.5588688,56.8298429,0
8.5437877,56.8338377,0
8.5442256,56.834741,0
8.5441658,56.8350023,0
10.1099762,57.1827175,0
10.1076808,57.1793207,0
10.107647,57.1792708,0
10.1067737,57.1779783,0
10.1065592,57.1776527,0
10.1061513,57.17685,0
10.1062372,57.1765477,0
10.1063445,57.1762453,0
10.1063231,57.1760127,0
10.1062588,57.1758615,0
10.1100849,57.1828978,0
9.6292808,56.7095703,0
9.6288409,56.708846,0
9.6305355,56.7111191,0
9.6318982,56.711072,0
9.6321663,56.7110543,0
9.6330893,56.7107429,0
9.6343343,56.7103161,0
10.1053676,57.1758907,0
10.1029542,57.173791,0
10.0970872,57.1701685,0
10.092003,57.1669463,0
10.0915173,57.1667413,0
10.0897578,57.1662992,0
10.0813679,57.1639723,0
10.069652,57.160563,0
10.0693944,57.1603884,0
10.0692228,57.1603069,0
10.0690082,57.1602837,0
10.0681714,57.1606212,0
10.0678924,57.1607259,0
10.0657896,57.1620059,0
10.0654462,57.1620408,0
10.0651029,57.1620059,0
10.064824,57.1618197,0
10.0628284,57.160563,0
10.0624422,57.1603419,0
10.0578931,57.1582939,0
10.0555543,57.1571767,0
10.0545456,57.156781,0
10.0480011,57.1546048,0
9.6948869,56.7528957,0
9.6911935,56.7531608,0
9.6866015,56.7535255,0
9.6855383,56.7536075,0
9.6838549,56.7537372,0
9.681366,56.7539019,0
9.6786622,56.7539608,0
9.6777113,56.7539729,0
9.676509,56.7539881,0
9.6744458,56.7540078,0
9.6737484,56.7541137,0
9.673477,56.7541679,0
9.6724357,56.7543762,0
9.6719246,56.7544784,0
9.6717432,56.7545091,0
9.6712872,56.7545862,0
9.6711233,56.7546195,0
9.6707997,56.7546851,0
9.6702967,56.7547403,0
9.6694919,56.7547286,0
9.6687249,56.7547107,0
9.6686558,56.7547091,0
9.6684833,56.754705,0
9.6677003,56.7546404,0
9.6672282,56.754511,0
9.6667694,56.7542742,0
9.666658,56.7542011,0
9.6663055,56.7539698,0
9.6644601,56.7527228,0
9.663677,56.7521464,0
9.6634517,56.7518229,0
9.6634438,56.7518092,0
9.6630655,56.7511405,0
9.6624538,56.7505993,0
9.662344,56.7505195,0
9.6607372,56.7493522,0
9.6596429,56.7486757,0
9.6581515,56.7479639,0
9.6575936,56.747658,0
9.6573792,56.747305,0
9.6573429,56.7470859,0
9.657261,56.7465931,0
9.6572246,56.7463346,0
9.6570947,56.7454187,0
9.6570144,56.7448517,0
9.6569417,56.7444285,0
9.6567353,56.7432279,0
9.6565682,56.7427488,0
9.6564993,56.7425513,0
9.6558556,56.7417334,0
9.6556946,56.7414098,0
9.6552869,56.7407626,0
9.6549973,56.7400624,0
9.6549544,56.739827,0
9.6547398,56.7386502,0
9.6545333,56.7379703,0
9.6543107,56.7372378,0
9.6538923,56.7361316,0
9.653667,56.7357785,0
9.6524975,56.7344779,0
9.6512959,56.7330479,0
9.6508881,56.7326771,0
9.6491715,56.7314,0
9.6485377,56.7309515,0
9.6480236,56.7305878,0
9.6479012,56.7304588,0
9.6474765,56.730011,0
9.6464925,56.7286308,0
9.6455344,56.7272446,0
9.6452789,56.7269171,0
9.6442256,56.7255669,0
9.6431174,56.724109,0
9.6430133,56.7239718,0
9.642292,56.7229576,0
9.642155,56.722765,0
9.6415373,56.7212963,0
9.6414147,56.7210048,0
9.6410325,56.7200667,0
9.6405993,56.7190031,0
9.64017,56.7179199,0
9.6397467,56.7169553,0
9.6396015,56.7166246,0
9.6395503,56.7164684,0
9.6390865,56.7150525,0
9.6384428,56.7138925,0
9.6374879,56.7123675,0
9.6370461,56.7116862,0
9.636415,56.7107127,0
9.6357712,56.7098236,0
9.6353528,56.7092818,0
9.6348592,56.7088755,0
9.6344842,56.7085605,0
9.6340761,56.7082176,0
9.6339689,56.7081275,0
9.6338067,56.7079917,0
9.633386,56.7076392,0
9.632971,56.7072916,0
9.6327658,56.7071249,0
9.6323373,56.706777,0
9.6333895,56.7110543,0
9.6330893,56.7107429,0
9.6327994,56.7104419,0
9.6319521,56.7095855,0
9.6312762,56.7089023,0
9.6310398,56.7086634,0
9.6306106,56.7082159,0
9.6303371,56.7079605,0
9.6302888,56.7079155,0
9.6299884,56.7076446,0
10.1517759,57.207529,0
10.1514271,57.2076015,0
10.1482513,57.2082058,0
10.1460841,57.2083685,0
10.1444136,57.2084271,0
10.1443031,57.2084266,0
10.1430158,57.2083453,0
10.1420835,57.2082277,0
10.1414494,57.2081477,0
10.1402975,57.2078851,0
10.1398186,57.2077759,0
10.1366622,57.2069029,0
10.1341066,57.206196,0
10.1302733,57.2051357,0
10.1297764,57.2049982,0
10.1290468,57.2048704,0
10.1204233,57.2041359,0
10.1184822,57.2039706,0
10.1184037,57.2039639,0
10.1170519,57.2037546,0
10.1155713,57.2033014,0
10.1143053,57.2027086,0
10.1075248,57.1984311,0
10.1069239,57.1982219,0
9.6297201,56.710383,0
10.1458119,57.2121202,0
10.1417898,57.2124883,0
10.1415217,57.2124824,0
10.1400518,57.2123953,0
10.1384855,57.212314,0
10.136286,57.2121397,0
10.134312,57.2118375,0
10.1314474,57.2113785,0
10.1281213,57.210937,0
10.1257502,57.2108382,0
10.1224672,57.2107336,0
10.1222098,57.210751,0
10.1218771,57.2107859,0
10.1165665,57.2116226,0
10.116148,57.2117155,0
10.1132726,57.2123953,0
10.1073719,57.2132842,0
10.1065885,57.2133713,0
10.1062238,57.213383,0
10.508785,57.4350471,0
10.5086623,57.4351536,0
9.4274493,56.8527387,0
9.4276425,56.8528853,0
9.4278462,56.8529792,0
9.4283935,56.8530496,0
9.4285972,56.853114,0
9.4284148,56.8537241,0
9.4284899,56.8538357,0
9.4292624,56.8538533,0
9.4297559,56.8538768,0
10.5073164,57.4377857,0
10.5068882,57.4378466,0
10.507874,57.4367435,0
10.5072043,57.4365922,0
10.5033175,57.4424428,0
10.5037381,57.4424474,0
10.5038239,57.442452,0
10.5038239,57.442452,0
10.5039339,57.4415257,0
10.5039784,57.4417407,0
10.5036093,57.4418423,0
10.5036093,57.4418423,0
10.5037468,57.4423458,0
10.5038872,57.4431547,0
10.5032574,57.4438284,0
10.5038581,57.4438238,0
10.5040472,57.443833,0
10.5040472,57.443833,0
8.828105,56.780976,0
10.1540208,57.2091183,0
10.2009876,57.0984418,0
10.1729096,57.1121982,0
10.1719654,57.112373,0
10.1695192,57.1130371,0
10.2005799,57.0977133,0
10.2198306,57.0951903,0
10.2169413,57.0957504,0
10.2154393,57.0960464,0
10.2139087,57.096321,0
10.2129754,57.0965832,0
10.2111906,57.0972529,0
10.2102143,57.097585,0
10.2077788,57.0983136,0
10.2055939,57.098862,0
10.2030152,57.099922,0
10.202901,57.0999284,0
10.2027685,57.0999045,0
10.2027041,57.0998288,0
10.2023539,57.0982792,0
10.2021492,57.0975216,0
10.202135,57.0974691,0
10.2012766,57.0936224,0
10.20059,57.0919437,0
10.1999892,57.0904748,0
10.1994312,57.0868139,0
10.1977145,57.0833626,0
10.2011166,57.0903866,0
10.2013239,57.0903553,0
10.2021982,57.090125,0
10.2044264,57.0898795,0
10.2069189,57.0895829,0
10.2088466,57.0893636,0
10.2102717,57.0892303,0
10.2111998,57.0891137,0
10.2117362,57.08835,0
10.2119936,57.087974,0
10.2121135,57.0879267,0
10.2127231,57.0878429,0
10.5084122,57.4468041,0
10.5084033,57.4468672,0
10.5083966,57.4469139,0
10.5085252,57.4475481,0
10.5085876,57.4478373,0
10.5086992,57.4480821,0
10.5087593,57.4484053,0
10.5088107,57.4487286,0
10.508785,57.4491304,0
10.5110975,57.4496514,0
10.5197961,57.4501976,0
10.519887,57.4499924,0
10.5199839,57.4497737,0
10.5201059,57.4497894,0
10.5205478,57.4498461,0
10.5216366,57.4499858,0
10.5219597,57.4500272,0
10.5228789,57.4501452,0
10.5074116,57.4451494,0
10.5074116,57.445505,0
10.5072743,57.4455789,0
10.5072229,57.4456713,0
10.5071971,57.445916,0
10.5074202,57.4461747,0
10.5074288,57.4462762,0
10.5074202,57.4463132,0
10.5074122,57.4463861,0
10.5072304,57.4467157,0
10.5074116,57.445505,0
10.5074973,57.4455503,0
10.5076348,57.4455789,0
10.5078323,57.4456343,0
10.5080897,57.4456805,0
10.5083901,57.4457082,0
10.5092827,57.4457359,0
10.5092827,57.4457359,0
10.5092989,57.4459513,0
10.5093332,57.4461241,0
10.5094372,57.4462486,0
10.5094372,57.4462486,0
10.5093687,57.4463271,0
10.5093171,57.446401,0
10.5092399,57.4464564,0
10.5091025,57.4464887,0
10.5089823,57.4465257,0
10.5088537,57.4465811,0
10.5086819,57.4466411,0
10.5085103,57.4466458,0
10.508117,57.4464557,0
10.5084845,57.4464887,0
10.5087078,57.4465117,0
10.5088794,57.4465117,0
11.0133781,57.2538759,0
11.0137457,57.2524254,0
11.0149167,57.2506481,0
11.015977,57.2477325,0
11.016055,57.2476895,0
11.0162226,57.2476719,0
11.0176135,57.2478287,0
11.0192765,57.2479564,0
11.0203601,57.2480666,0
11.0229995,57.2486645,0
11.0271944,57.249065,0
11.0307016,57.2494673,0
11.0309922,57.2495747,0
11.0325184,57.2497744,0
9.8903796,57.0059984,0
9.8928051,57.0069105,0
9.8535504,57.5008338,0
9.8545507,57.5001033,0
8.856966,56.7851363,0
8.8566763,56.7851216,0
8.8563385,56.7850864,0
8.8561613,56.7850394,0
8.8558181,56.784816,0
9.8935175,57.0068923,0
9.8934025,57.0068148,0
9.9749231,57.043169,0
9.9767643,57.041199,0
9.9767047,57.0411447,0
9.9765566,57.041044,0
9.9764418,57.0409392,0
9.9763269,57.0408284,0
9.9768972,57.04117,0
9.9772082,57.0412058,0
9.9775305,57.0412702,0
9.9777582,57.0412999,0
9.9779952,57.0413101,0
9.9782582,57.041278,0
9.9787892,57.0411748,0
9.9797016,57.0409853,0
9.9797917,57.0409672,0
9.9799125,57.0409647,0
9.9800594,57.0409672,0
9.9802277,57.0410059,0
9.9805121,57.041073,0
9.9807586,57.0411336,0
9.9809388,57.0411555,0
9.9749231,57.043169,0
9.9753477,57.0433966,0
9.9755112,57.0413645,0
9.9757094,57.041365,0
9.9758836,57.0413565,0
9.9760274,57.0413487,0
9.9761158,57.0413472,0
9.9762861,57.0413149,0
9.9767643,57.041199,0
9.9768972,57.04117,0
9.9771489,57.0411054,0
9.9774712,57.0409825,0
9.9775748,57.0409361,0
9.9776231,57.0408938,0
9.9776711,57.0408455,0
9.9777008,57.0407669,0
9.9777118,57.0406661,0
9.9777192,57.0405795,0
9.9777379,57.0405171,0
9.9778156,57.0404385,0
9.977908,57.040374,0
9.9779526,57.0403257,0
9.97796,57.0402431,0
9.9779489,57.0401423,0
9.9746179,57.0405303,0
9.9744111,57.0404901,0
9.9737784,57.0403805,0
9.9772477,57.0418683,0
9.9761158,57.0413472,0
9.9760369,57.0413888,0
9.9759404,57.0414381,0
9.9758661,57.0414842,0
9.9758006,57.0415371,0
9.9757027,57.0416314,0
8.2492976,56.723571,0
8.2477612,56.7235374,0
8.2461177,56.7235078,0
8.2431513,56.7234524,0
8.2396804,56.7233772,0
8.2392767,56.7233634,0
8.2389091,56.7233476,0
8.2384117,56.7232942,0
8.2377126,56.7231953,0
8.2372367,56.7231241,0
8.2370838,56.7231094,0
8.2368871,56.7230905,0
8.2365808,56.7230747,0
8.2360689,56.7230628,0
8.2356077,56.7230806,0
8.2351968,56.7231103,0
8.2346994,56.7231834,0
8.2341767,56.7232863,0
8.2333063,56.723448,0
8.2329638,56.7235034,0
8.2327367,56.7235092,0
8.2325674,56.7234815,0
8.2323944,56.7234104,0
8.2322574,56.7232878,0
8.2321456,56.723185,0
8.2320772,56.7231592,0
8.2319295,56.7231573,0
8.2317773,56.7231877,0
8.2316915,56.7232048,0
8.2314472,56.7232577,0
8.2311046,56.7233319,0
8.2307375,56.7234114,0
8.2306007,56.7234411,0
9.9746784,57.0421903,0
9.9747697,57.0426124,0
9.3986269,56.8531375,0
9.398643,56.8529732,0
9.4000377,56.8531199,0
9.4013677,56.8532665,0
9.4024245,56.8533897,0
9.4026231,56.8533926,0
9.8895336,57.0060915,0
9.8897723,57.006293,0
9.8897919,57.0063339,0
8.8737663,56.9139281,0
8.8736268,56.914016,0
8.8733694,56.9141214,0
8.8730797,56.9142268,0
8.8728114,56.9142971,0
8.8726398,56.9143674,0
8.8725326,56.9144377,0
8.8724466,56.9145314,0
8.872318,56.9146718,0
8.8722857,56.9147598,0
8.8722536,56.9148945,0
8.8721892,56.9150175,0
8.8721999,56.9150995,0
8.8721141,56.9151698,0
8.8720067,56.9152459,0
8.8719209,56.9153045,0
8.8721205,56.9154737,0
8.8722322,56.9155856,0
8.872318,56.9156851,0
8.8723608,56.9158023,0
8.8724682,56.9159077,0
8.872511,56.9160131,0
8.872554,56.9161244,0
8.8725968,56.9162708,0
8.8726612,56.9164289,0
8.8726935,56.9165987,0
8.4253194,56.8812405,0
8.4259462,56.8825441,0
8.4287159,56.8822675,0
8.4270732,56.8861269,0
8.4286561,56.8860719,0
8.4267072,56.8898581,0
8.4296509,56.8897672,0
8.4308249,56.8887674,0
8.4323966,56.8874305,0
8.4331327,56.8873653,0
8.6979853,57.0814261,0
8.6979209,57.0814582,0
8.6980013,57.0815806,0
8.698098,57.0817235,0
9.9214711,57.0733228,0
9.9215583,57.0733301,0
8.8350899,56.8241702,0
8.223593,56.7234791,0
8.2240652,56.7236314,0
8.2249013,56.7239457,0
8.2258818,56.7243492,0
8.2263142,56.7244856,0
8.2265809,56.7245707,0
8.226862,56.7247151,0
8.2271612,56.7248061,0
8.2275902,56.7249346,0
8.2278641,56.7249919,0
8.2281235,56.7250216,0
8.2283794,56.7250256,0
8.2286498,56.7250058,0
9.9175475,57.0525602,0
10.0409221,56.8003033,0
10.0407365,56.8005556,0
10.0407045,56.8007199,0
10.0414339,56.8016892,0
10.0418589,56.8025364,0
10.0428497,56.8045752,0
10.0433593,56.8053354,0
10.0440647,56.8062029,0
10.0456719,56.8167092,0
10.0438454,56.8165742,0
10.0441272,56.8159613,0
10.0443127,56.8157256,0
10.0445392,56.8155572,0
10.0449862,56.8154141,0
10.0456012,56.8153697,0
10.0457794,56.8164825,0
10.0463805,56.8154106,0
10.0477599,56.8130724,0
10.0487692,56.8116196,0
10.0507424,56.8090676,0
10.0463145,56.8089452,0
8.2294581,56.765043,0
8.2295792,56.7652064,0
8.229782,56.7653236,0
8.2300185,56.7653793,0
8.2303901,56.7654318,0
8.2305367,56.7655028,0
8.2307055,56.7657034,0
8.2308014,56.7658978,0
8.2307844,56.7661046,0
8.2307563,56.7663793,0
8.230807,56.7664627,0
8.230959,56.7665768,0
8.2310547,56.7667466,0
8.2311166,56.766938,0
8.2311448,56.7671231,0
8.2312688,56.7672867,0
8.2314151,56.7675429,0
8.2316461,56.7680398,0
8.2318432,56.7684256,0
8.2319389,56.7686108,0
8.2320403,56.7687064,0
8.2321191,56.7687589,0
8.2321699,56.7688299,0
8.2321191,56.7689502,0
8.2321135,56.7692465,0
8.232074,56.7693484,0
8.2319389,56.7694285,0
8.2317081,56.7694595,0
8.2309195,56.7695027,0
8.2306492,56.7695366,0
8.2303959,56.7696261,0
9.6343343,56.7103161,0
9.6338401,56.7098854,0
9.6332821,56.7093819,0
9.6322897,56.7085073,0
9.6105057,56.695474,0
9.6109345,56.6956055,0
9.6111066,56.695649,0
9.6116104,56.6957764,0
9.6124903,56.6959472,0
9.6128764,56.696065,0
9.6132735,56.6962594,0
9.6139278,56.6965775,0
9.6150115,56.697143,0
9.6186593,56.6989456,0
9.6190794,56.6991605,0
9.6194425,56.6993463,0
9.6210197,56.7001531,0
9.6219643,56.7005365,0
9.6219907,56.7005393,0
9.6222534,56.7006538,0
9.6238735,56.7013371,0
9.6247532,56.7016257,0
9.6256268,56.7018887,0
9.6257511,56.7019261,0
9.6260092,56.7020272,0
9.6272852,56.7025269,0
9.6287683,56.703191,0
9.6293238,56.7034398,0
9.6294489,56.7035484,0
9.6300635,56.7040818,0
9.6302389,56.704231,0
9.6305892,56.7045294,0
9.6310077,56.7050359,0
9.6312007,56.7055778,0
9.6313604,56.7059015,0
9.6314797,56.7061432,0
9.6315899,56.7077595,0
9.6314188,56.7076115,0
9.6313993,56.7075947,0
9.6310541,56.7077135,0
9.6303055,56.70703,0
9.6305276,56.7071824,0
9.6305626,56.7072811,0
9.6306564,56.7073694,0
9.6307584,56.7074209,0
9.6159771,56.6993578,0
9.6184984,56.6992166,0
9.6188095,56.6991989,0
9.6353528,56.7118669,0
9.6351705,56.711655,0
9.6316943,56.7080717,0
9.6318658,56.7080305,0
9.6320268,56.7080335,0
9.6323111,56.7080363,0
9.6326277,56.7079509,0
9.6331963,56.7077066,0
9.633588,56.7088755,0
9.6347917,56.7111771,0
9.6346565,56.7109798,0
9.6355352,56.7107834,0
9.6360398,56.7114559,0
9.6335504,56.7115902,0
9.6341942,56.7126795,0
9.6363853,56.7119164,0
8.2317631,56.7236358,0
8.7846209,56.7353786,0
8.7821963,56.7361554,0
8.7818315,56.7362495,0
8.7814775,56.7363554,0
8.2263027,56.7388895,0
8.2269293,56.7393836,0
8.2271815,56.7395516,0
8.2276141,56.7399346,0
8.2321375,56.7246578,0
8.2319493,56.7246386,0
8.2318266,56.7245991,0
8.2316357,56.7245338,0
8.231477,56.7244923,0
8.2313077,56.7244685,0
8.2310482,56.7244685,0
8.2305183,56.7245397,0
8.2297759,56.7247039,0
8.2290875,56.7248561,0
8.228986,56.7249087,0
8.2289704,56.7249601,0
8.2290154,56.7250222,0
8.2292676,56.7251093,0
8.2295307,56.725218,0
8.2296894,56.725305,0
9.857557,56.9405223,0
9.8586832,56.9402064,0
9.8606443,56.9398973,0
9.862719,56.9395703,0
9.8633275,56.9395481,0
9.8649195,56.9396035,0
9.8668462,56.9394928,0
9.8676473,56.9394209,0
9.8685839,56.9392339,0
9.8693616,56.9390721,0
9.8567203,56.9407859,0
9.8407809,56.9440162,0
9.8433002,56.9432902,0
9.8459462,56.9429099,0
9.8500259,56.9422159,0
9.8540744,56.9415271,0
9.8549774,56.9412851,0
9.8595959,56.9556874,0
9.8620825,56.956341,0
9.8601671,56.9558376,0
9.8595959,56.9556874,0
9.8577986,56.9596541,0
9.8581231,56.959538,0
9.8583055,56.9594164,0
9.8584678,56.9592561,0
8.7874641,56.736379,0
8.787743,56.7365261,0
8.7878348,56.73659,0
8.7750508,56.7234599,0
8.7754967,56.7241536,0
9.4818501,56.5996298,0
8.4773437,57.0361318,0
8.4767466,57.0360195,0
8.4761996,57.0359164,0
8.4752651,57.0361605,0
8.473843,57.0365635,0
8.4734164,57.0366673,0
8.4730711,57.0365853,0
8.5002971,57.0400127,0
8.5000288,57.0395111,0
8.5008544,57.0393557,0
8.5014825,57.0393353,0
8.50304,57.0389836,0
8.4752651,57.0361605,0
10.3616008,56.6616296,0
10.3603218,56.6615564,0
10.3448723,56.6613442,0
10.3436706,56.6613442,0
10.3373621,56.6616744,0
10.3365039,56.66283,0
10.3351091,56.6667927,0
10.3345727,56.6684316,0
10.3331136,56.6724638,0
10.3296803,56.6744089,0
10.3260754,56.6764012,0
10.3250239,56.6774268,0
10.3214406,56.6809629,0
10.3189944,56.6833674,0
10.3180288,56.6838152,0
10.4842494,57.5038152,0
10.4843234,57.5037003,0
10.4843668,57.503632,0
10.4844891,57.5035573,0
10.484519,57.5035226,0
10.4845141,57.5034798,0
10.4844942,57.5034369,0
10.4843593,57.5033502,0
10.4842373,57.5032709,0
10.4841781,57.5032133,0
10.4841229,57.5031338,0
10.4841043,57.5030922,0
10.4840821,57.5030171,0
10.4840818,57.5029536,0
10.4840781,57.5028643,0
10.4840766,57.502766,0
10.4840887,57.5027516,0
10.0758669,56.9063154,0
10.076471,56.9062342,0
10.0771382,56.9061111,0
10.0780308,56.9059412,0
10.0787567,56.9058157,0
10.0791713,56.905764,0
10.0798837,56.905636,0
10.0809159,56.9054293,0
10.0822144,56.9051953,0
10.0835537,56.9049411,0
10.085174,56.9046022,0
10.0874368,56.9040631,0
10.0877939,56.9039796,0
10.0882816,56.9038925,0
10.0887916,56.9037811,0
10.089273,56.9035775,0
10.0897862,56.9033617,0
10.0902899,56.9031667,0
10.090886,56.9030031,0
10.0914055,56.9028674,0
9.7155672,57.3694662,0
9.7146788,57.3688603,0
9.7181524,57.3707693,0
9.7172733,57.3703987,0
9.7163353,57.3699294,0
9.7158414,57.3696492,0
9.7132585,57.3712761,0
9.7131593,57.3713273,0
10.156086,57.2120623,0
10.153082,57.2120816,0
8.7753088,56.7313534,0
8.7794716,56.7338959,0
8.7792356,56.7340842,0
10.485228,57.5025125,0
10.4848519,57.5024641,0
10.4851043,57.5018694,0
10.4851627,57.5016621,0
10.4837003,57.5014971,0
9.9266803,56.9752437,0
9.9265449,56.9753323,0
9.9264745,56.9753841,0
9.9264373,56.9754404,0
9.926454,56.9755057,0
9.9264993,56.9755755,0
9.9265985,56.9756475,0
9.9267349,56.9756768,0
9.9268754,56.9756993,0
8.3108446,56.8699949,0
8.3106641,56.8697086,0
8.3104446,56.8694337,0
8.3102675,56.8692905,0
8.3102462,56.8691666,0
8.3102958,56.8689459,0
8.3102816,56.8687833,0
8.3102391,56.8685394,0
8.3102958,56.8682684,0
8.3102462,56.8681638,0
8.3096228,56.867858,0
8.3094104,56.8677147,0
8.3091765,56.8674901,0
8.309035,56.867374,0
8.3088862,56.8673585,0
8.6011895,56.8619776,0
8.5992848,56.8624656,0
8.5916063,56.8673585,0
8.5944242,56.8668265,0
8.595958,56.8663148,0
8.5977907,56.865912,0
9.9289746,56.9755902,0
9.9288252,56.9756385,0
9.9286766,56.9756813,0
9.9285938,56.9757173,0
9.9285443,56.9757669,0
9.0956481,56.7534492,0
9.0963138,56.7534959,0
9.9935677,57.0341743,0
9.9936351,57.0341247,0
9.9939459,57.0339232,0
9.9944623,57.0335858,0
9.9947515,57.0334072,0
9.9948908,57.0333213,0
9.9950765,57.0331778,0
9.9951974,57.0330777,0
9.9953441,57.0329323,0
9.9953978,57.0328517,0
9.9954722,57.0327554,0
9.9959,57.0321477,0
9.9959603,57.0320623,0
9.9964351,57.0313879,0
9.9964506,57.0313659,0
9.9969412,57.0306689,0
9.9969983,57.030588,0
9.9973982,57.0300199,0
9.9975957,57.0297583,0
9.9979475,57.0294145,0
9.998024,57.029352,0
9.9984681,57.0290162,0
9.9989194,57.0287556,0
9.9991936,57.0286296,0
9.9996478,57.0284207,0
10.0000665,57.0282645,0
10.0002592,57.0282003,0
10.0015336,57.027773,0
9.9943184,57.0344781,0
9.9943271,57.0345304,0
9.994333,57.0345648,0
9.9943018,57.0346784,0
9.9942993,57.034688,0
9.9942038,57.0350379,0
9.9942298,57.0351991,0
9.9942766,57.0353336,0
9.9944783,57.0356246,0
9.9948432,57.0360534,0
9.9949271,57.0362491,0
9.9949763,57.0364726,0
9.9950297,57.0366234,0
9.9951745,57.036858,0
9.9953245,57.0370951,0
9.9955048,57.0373294,0
9.9956266,57.0374737,0
9.99569,57.0375613,0
9.9957313,57.037655,0
9.9957743,57.0378036,0
9.9958006,57.0379713,0
9.9958191,57.0380499,0
9.9958414,57.0381124,0
9.9958821,57.0381728,0
9.9959635,57.0382393,0
9.9960967,57.0383017,0
9.9964005,57.0384227,0
9.9966374,57.0385214,0
9.9967022,57.038567,0
10.0029114,57.0366839,0
10.002603,57.0366921,0
10.0006262,57.0367444,0
9.9989173,57.0367922,0
9.998893,57.036793,0
9.998111,57.0367117,0
9.9972372,57.036623,0
9.9970768,57.0366112,0
9.9968796,57.0366112,0
9.9965935,57.0366226,0
9.9961753,57.03668,0
9.9951745,57.036858,0
9.3546492,56.8262275,0
9.3547029,56.8265532,0
9.3549601,56.8269319,0
9.3550191,56.8272049,0
9.3551961,56.8274192,0
9.3555341,56.8276481,0
9.3565051,56.8281941,0
9.3570131,56.8283927,0
9.3571433,56.8284435,0
9.357669,56.8285786,0
9.3582002,56.8286109,0
9.3589941,56.8287107,0
9.3592117,56.8286994,0
9.3599006,56.8286636,0
8.8222701,56.8630437,0
8.8223381,56.8631324,0
8.822387,56.8632402,0
8.8224293,56.8633289,0
8.8224943,56.8634073,0
8.8225425,56.8634748,0
8.8226392,56.8635216,0
8.8227678,56.8635451,0
8.8229181,56.8635363,0
8.8230737,56.8635305,0
8.8231805,56.8635253,0
8.8232824,56.8635165,0
8.8233521,56.8634989,0
8.8234272,56.8634784,0
8.8234647,56.863452,0
8.8235828,56.8633582,0
8.8236262,56.8633164,0
8.82369,56.8632438,0
8.8237437,56.863194,0
8.8238027,56.8631441,0
8.8238778,56.8630943,0
8.8239373,56.8630378,0
8.8240924,56.8629094,0
8.8241568,56.8628509,0
8.8242967,56.862727,0
8.8243932,56.8626419,0
8.8244572,56.8625928,0
8.8245,56.8625606,0
8.8213512,56.8641939,0
8.8212546,56.863669,0
8.821217,56.8635371,0
8.8212063,56.8634491,0
8.8211903,56.8633611,0
8.3466428,56.8347743,0
8.3470643,56.8346776,0
8.3498654,56.8342834,0
10.322492,56.6464952,0
10.3222988,56.6470969,0
10.3205822,56.6518863,0
10.3204964,56.6519925,0
10.3203248,56.6519925,0
10.3149302,56.6514982,0
10.3126215,56.6513319,0
10.3112611,56.6512977,0
10.3044675,56.6511196,0
10.3043602,56.651037,0
10.3044889,56.6508836,0
10.3071927,56.6481822,0
10.3075358,56.6479935,0
10.3082011,56.6479699,0
10.316368,56.644184,0
10.3162906,56.6439705,0
10.4841302,57.5027415,0
10.4841825,57.5027314,0
10.4842743,57.5027151,0
10.4843337,57.5026932,0
10.4844598,57.5026295,0
10.4847262,57.5025101,0
10.4856326,57.5019241,0
9.0939851,56.7680595,0
9.0926701,56.7684452,0
9.0901188,56.7697011,0
9.0892107,56.7702936,0
9.0890377,56.7706964,0
9.0889081,56.7709926,0
8.6876005,56.7045526,0
8.6864624,56.7039457,0
8.6862259,56.7038196,0
8.685935,56.7036241,0
8.6853577,56.7031757,0
8.6850429,56.7029992,0
8.6846279,56.702899,0
8.6828582,56.7028132,0
8.6817468,56.7027655,0
8.681241,56.7027169,0
8.6807546,56.7026701,0
8.6786414,56.7023886,0
8.6765283,56.7021787,0
8.6753165,56.7020452,0
8.6745582,56.7018878,0
8.674124,56.701821,0
8.673857,56.7018067,0
8.6731318,56.7017971,0
8.671091,56.7017917,0
8.6695209,56.7017876,0
8.6691595,56.7017847,0
8.6690527,56.7017839,0
8.6668965,56.7017668,0
8.6664679,56.7017174,0
8.665454,56.7015855,0
8.6613954,56.7012585,0
8.6600287,56.7009286,0
8.6591099,56.700693,0
8.6578846,56.7005751,0
8.6554575,56.7008815,0
8.6535392,56.7011214,0
8.6534147,56.7011214,0
8.652538,56.7011214,0
9.9196858,57.0111798,0
9.9197556,57.0112269,0
9.9199514,57.0113278,0
9.9204772,57.0116432,0
9.9206675,57.0117484,0
9.9207186,57.0117893,0
9.9207694,57.0118389,0
9.9208527,57.0119542,0
9.9209733,57.0121718,0
9.9211128,57.0124114,0
9.9211771,57.0125852,0
9.9212523,57.0128348,0
9.9213274,57.013067,0
9.9213703,57.0132963,0
9.9213568,57.013565,0
9.9213488,57.0138454,0
9.9199785,57.0147101,0
9.9197022,57.0148068,0
9.919476,57.0148818,0
9.9192988,57.0149238,0
9.919066,57.014966,0
9.9188533,57.0149897,0
9.9186481,57.0149868,0
9.9183809,57.0149655,0
9.9182291,57.0149631,0
9.9181092,57.0149774,0
9.9158087,57.0155068,0
9.9157148,57.0155334,0
9.9156593,57.0155608,0
9.9153393,57.0159248,0
9.9225908,57.014704,0
9.9225853,57.0146178,0
9.9225747,57.0145273,0
9.9225586,57.0144587,0
9.9225289,57.0144192,0
9.9224566,57.0143973,0
9.922309,57.0143842,0
9.9221321,57.0143725,0
9.9220113,57.0143447,0
9.9219175,57.0142922,0
9.9218638,57.0142206,0
9.9217887,57.0141067,0
9.9217324,57.0140454,0
9.9216519,57.0140074,0
9.9215044,57.0139651,0
9.9214079,57.0139417,0
9.9213381,57.0139388,0
9.9212764,57.0139476,0
9.9211128,57.0140074,0
9.9208982,57.0140746,0
9.9205898,57.0141462,0
9.9203939,57.0141841,0
9.920209,57.014225,0
9.9201312,57.0142499,0
9.9200507,57.0142834,0
9.9199352,57.0143433,0
9.9183017,57.0130136,0
9.9198521,57.0143886,0
9.9197771,57.0144251,0
9.9110973,57.0112935,0
9.911143,57.011336,0
9.91122,57.0114551,0
9.9113147,57.0118553,0
9.911385,57.0119505,0
9.9114684,57.0119908,0
9.911538,57.0120151,0
9.9116632,57.01204,0
9.9118174,57.0120628,0
9.9122149,57.0120933,0
9.9124568,57.012144,0
9.912617,57.0121857,0
9.9127997,57.0122595,0
9.9129024,57.0123259,0
9.912986,57.0124169,0
9.9130556,57.0124851,0
9.913146,57.0125154,0
9.9136681,57.0125457,0
9.913823,57.0125325,0
9.9140667,57.0124378,0
9.9141642,57.0123847,0
9.9142687,57.0122786,0
9.9144147,57.0121952,0
9.9146724,57.0121004,0
9.9151944,57.0119716,0
9.9153546,57.0119602,0
9.9155843,57.011964,0
9.9160789,57.0118744,0
9.9163368,57.011788,0
9.9166902,57.0116285,0
9.917109,57.0119106,0
9.9172836,57.0119939,0
9.9174217,57.012017,0
9.9175792,57.0120327,0
9.9177679,57.0120529,0
9.9178956,57.0121015,0
9.9179952,57.0121692,0
9.9182437,57.0124403,0
9.9182781,57.0124633,0
9.9182867,57.0125236,0
9.918253,57.0126859,0
9.9183017,57.0130136,0
9.9183043,57.0131185,0
9.9182839,57.0132071,0
9.9182814,57.0132604,0
9.9182935,57.0133297,0
9.9183176,57.0133903,0
9.9183759,57.0134686,0
9.9184681,57.0135929,0
9.9185828,57.0137796,0
9.9186517,57.0138807,0
9.9187484,57.013966,0
9.9188522,57.0140243,0
9.9190421,57.0141194,0
9.9196893,57.0144674,0
9.9197949,57.014546,0
9.9199785,57.0147101,0
9.9201693,57.0148556,0
9.9203495,57.015039,0
9.920483,57.0152452,0
9.9205378,57.0154283,0
9.9205753,57.0155096,0
9.9206142,57.0155777,0
9.9207036,57.0157129,0
9.9208779,57.0159348,0
9.9215958,57.0168833,0
9.9213902,57.0169623,0
9.9212035,57.0169974,0
9.9210071,57.0170438,0
9.9208902,57.0170916,0
9.9208154,57.0171339,0
9.9204893,57.0173584,0
9.920331,57.0174292,0
9.9201189,57.0175074,0
9.9197636,57.0176128,0
9.9191893,57.0177732,0
9.9185842,57.0179305,0
9.9183571,57.018023,0
9.9181675,57.0181366,0
9.9181341,57.0181654,0
9.9179476,57.0183263,0
9.9178378,57.0184687,0
9.917728,57.0187904,0
9.9176586,57.018925,0
9.9175802,57.0190772,0
9.9174588,57.0191787,0
9.9173158,57.0192478,0
9.917158,57.0193011,0
9.9174588,57.0191787,0
9.9175508,57.0192042,0
9.9176286,57.0192451,0
9.9176662,57.0192948,0
9.9176877,57.01934,0
9.9176904,57.0193824,0
9.9176581,57.0194189,0
9.9110574,57.0112565,0
10.4227249,57.5052461,0
10.4227555,57.5052214,0
10.4228335,57.5051585,0
10.4230911,57.5050605,0
10.4232305,57.5049683,0
10.4235094,57.5048012,0
10.4239816,57.5046282,0
10.4243571,57.5044669,0
10.4250651,57.5042421,0
10.4257517,57.504023,0
10.426256,57.5038616,0
10.4264835,57.5037867,0
10.4266903,57.5036814,0
10.4268771,57.5035858,0
10.4272042,57.5034185,0
10.4275931,57.5033146,0
10.4281787,57.5032221,0
10.4286029,57.5032084,0
10.0174617,57.3060386,0
10.0186992,57.3061001,0
10.0211883,57.3063228,0
10.0220419,57.3063613,0
10.0243035,57.3063843,0
10.0260956,57.3063459,0
10.0266788,57.3062921,0
10.0272193,57.3061846,0
10.0277598,57.3059771,0
10.0290363,57.3052609,0
10.0292249,57.305155,0
10.0299361,57.3048707,0
10.0307041,57.3046787,0
10.0386237,57.3039222,0
10.0477842,57.3030358,0
10.0481902,57.3030191,0
10.0487213,57.3030191,0
10.0521891,57.3033313,0
10.0592181,57.3043015,0
10.0606709,57.3044197,0
10.063795,57.3043944,0
10.064248,57.3043354,0
10.0649039,57.3042426,0
10.0657235,57.3042839,0
10.0663254,57.3043438,0
10.0676062,57.3045716,0
10.0692776,57.3048923,0
10.0703868,57.3049513,0
10.0713238,57.3049091,0
10.5174285,57.4508298,0
10.5175525,57.4508596,0
10.2871299,57.2253236,0
10.2895663,57.2250501,0
10.2940721,57.2245494,0
10.3005248,57.2242621,0
10.3033113,57.2241382,0
10.3063369,57.2240974,0
10.306444,57.224096,0
10.3091046,57.2240674,0
10.3125518,57.22391,0
10.3133577,57.2238812,0
10.3193891,57.2226656,0
10.3215634,57.2222364,0
10.3260118,57.2212066,0
10.3294878,57.2207631,0
10.3330494,57.2203197,0
10.3357033,57.2203381,0
10.3369231,57.2203465,0
10.3392573,57.2203626,0
10.3435199,57.219676,0
10.344507,57.2193327,0
10.3476108,57.2156566,0
10.347823,57.2155142,0
10.3481867,57.2152704,0
10.3535506,57.214026,0
10.3579216,57.2129497,0
10.3601733,57.2123953,0
10.3618996,57.2118413,0
10.3620901,57.2117802,0
10.3637208,57.2111223,0
10.3650939,57.2106931,0
10.366767,57.2103964,0
10.3671108,57.2103355,0
10.3704436,57.2099064,0
10.3709734,57.2098405,0
10.3711533,57.2098181,0
10.3733187,57.2095488,0
10.3736852,57.2095548,0
10.3745817,57.2095694,0
10.3759506,57.2095917,0
10.3780104,57.2098063,0
10.3801416,57.2098778,0
9.9532287,56.8191561,0
9.9534146,56.8193993,0
9.9535628,56.8195527,0
9.9536566,56.8196097,0
9.9537735,56.8196549,0
9.9539136,56.8196548,0
9.9540638,56.8196782,0
9.9541817,56.8197516,0
9.9542837,56.8198515,0
9.9544447,56.8200071,0
9.9546055,56.8201861,0
9.9547236,56.8203006,0
9.9549703,56.8204709,0
9.9551796,56.8205091,0
9.9555067,56.8203858,0
9.9557053,56.8203124,0
9.9560003,56.8201979,0
9.9563114,56.820057,0
9.9564884,56.819966,0
9.9565904,56.8198867,0
9.9566923,56.8197693,0
9.9567566,56.8196518,0
9.9568157,56.8195256,0
9.9568317,56.8193524,0
9.9568371,56.8192291,0
9.9580641,56.8191485,0
9.9574005,56.8191674,0
9.9571162,56.8191938,0
9.956939,56.8192144,0
9.9568371,56.8192291,0
9.9566386,56.8192584,0
9.956349,56.8192848,0
9.9561237,56.8193025,0
9.955952,56.8193259,0
9.9558287,56.8193876,0
9.9556946,56.8194727,0
9.9556088,56.819552,0
9.9555497,56.819646,0
9.9631872,56.8289359,0
9.9630169,56.8289395,0
9.9626951,56.8289424,0
9.9623464,56.8289512,0
9.9618207,56.8289805,0
9.9611931,56.829007,0
9.9605333,56.8290246,0
9.9600827,56.8290451,0
9.9594389,56.8290685,0
9.9589669,56.8290773,0
9.9586878,56.8291009,0
9.9585216,56.8291684,0
9.9583821,56.8292651,0
9.9581943,56.8293416,0
9.9579852,56.8294149,0
9.957776,56.8294618,0
9.9575507,56.8294912,0
9.9573415,56.8295118,0
9.9590679,56.8200479,0
9.9589936,56.8201304,0
9.9591599,56.8205061,0
9.95953,56.8211608,0
9.9598787,56.8218182,0
9.9609302,56.8238848,0
9.9617778,56.8256285,0
9.9627004,56.8277683,0
9.9631618,56.8288367,0
9.9631872,56.8289359,0
9.9632905,56.829324,0
9.9633228,56.8295676,0
9.9633496,56.8298404,0
9.9633709,56.8304216,0
9.963414,56.8309235,0
9.9634514,56.831173,0
9.9634674,56.8317013,0
9.963473,56.8321826,0
9.9634568,56.8324907,0
9.9634301,56.8326727,0
9.9633763,56.8328576,0
9.9633389,56.8330072,0
9.9633012,56.833201,0
9.9633012,56.833424,0
9.9633125,56.8336935,0
9.9633282,56.8340726,0
9.9633656,56.8345128,0
9.9634301,56.8351731,0
9.9635104,56.8356954,0
9.9635641,56.8359273,0
9.9636554,56.836206,0
9.96387,56.8365905,0
9.9640201,56.8368575,0
9.9642078,56.8371656,0
9.9642668,56.8373446,0
9.9642561,56.8375236,0
9.964122,56.8376879,0
9.9639397,56.8378171,0
9.9636286,56.8380078,0
9.9632691,56.8382161,0
9.9630652,56.8383687,0
9.9629741,56.8384802,0
9.9629044,56.8386152,0
9.9629257,56.8388499,0
9.9630008,56.8393282,0
9.9630438,56.8395806,0
9.9629847,56.8397185,0
9.962899,56.8398212,0
9.9626951,56.8399298,0
9.9625396,56.8399883,0
9.9617509,56.8402584,0
9.9605869,56.8407073,0
9.9594442,56.8411034,0
9.9577599,56.8416844,0
9.9560755,56.8422448,0
9.9546967,56.8427054,0
9.9543587,56.8428404,0
9.9541817,56.8429372,0
9.9540315,56.8430575,0
9.953919,56.8431543,0
9.9527548,56.8443836,0
9.9520523,56.845079,0
9.9516447,56.8454574,0
9.9515463,56.845569,0
9.9536667,56.8205619,0
9.9534146,56.8202214,0
9.9532323,56.8200012,0
9.9531357,56.819872,0
9.9531196,56.8198338,0
9.9531196,56.8198045,0
9.9531465,56.8197693,0
9.9532054,56.8197487,0
9.9904984,57.3222713,0
10.0877561,56.7203739,0
10.0877839,56.7203829,0
10.0879374,56.7204404,0
10.0881459,56.7204843,0
10.0889383,56.7205809,0
10.089303,56.7207051,0
10.0900198,56.7211468,0
10.0908122,56.7218093,0
10.0911517,56.7222786,0
10.0918058,56.7227133,0
10.0924597,56.7230239,0
10.0925352,56.723155,0
10.1093853,56.7142878,0
10.1073021,56.7154282,0
10.1068708,56.7156642,0
10.1066844,56.7157663,0
10.1062565,56.7160191,0
10.1057687,56.7163074,0
10.1055807,56.7164061,0
10.1048331,56.7167988,0
10.1041689,56.7170418,0
10.1036961,56.7172203,0
10.1033992,56.7173551,0
10.1028745,56.7175359,0
10.1023055,56.7176668,0
10.1014045,56.7180004,0
10.1011616,56.718059,0
10.1008495,56.718102,0
10.1005266,56.7181129,0
10.099738,56.7181269,0
10.0995909,56.7181295,0
10.0990377,56.7181567,0
10.0984811,56.7182176,0
10.0976813,56.7182898,0
10.096854,56.7183227,0
10.095474,56.7182772,0
10.0952884,56.7182748,0
10.094723,56.718348,0
10.0936767,56.7186009,0
10.0921723,56.7189178,0
10.0909014,56.7192903,0
10.0894872,56.7198356,0
10.0879905,56.7203085,0
10.0877839,56.7203829,0
10.0875816,56.7204763,0
10.0873032,56.7206901,0
10.0865452,56.7212985,0
10.0859003,56.7218696,0
8.895517,56.7410669,0
8.8946974,56.7410669,0
8.8927788,56.7412889,0
8.8915063,56.7412572,0
8.890388,56.7412889,0
8.8900795,56.7411885,0
8.8875727,56.7402631,0
8.8851722,56.7395388,0
8.8822896,56.7387615,0
8.8801975,56.7383544,0
10.008427,57.2867888,0
10.0079364,57.2859575,0
10.007711,57.2853985,0
10.0070744,57.2845385,0
8.7834467,56.8325165,0
8.7836553,56.833122,0
8.7873354,56.8350471,0
8.7873998,56.8347419,0
8.7874426,56.8346597,0
8.7874963,56.83456,0
8.7875821,56.8344484,0
8.6013157,56.8691823,0
8.6019793,56.8702284,0
8.6019407,56.8704434,0
8.5999729,56.8707471,0
8.5973413,56.8712743,0
8.5972102,56.8715822,0
8.5963998,56.8718099,0
8.5954276,56.8720377,0
8.5948098,56.8720734,0
8.5942623,56.8721052,0
8.5934287,56.8719785,0
8.5912448,56.8717888,0
8.5907896,56.8715569,0
8.5906995,56.8687135,0
8.6001409,56.8668953,0
8.6005611,56.8668766,0
8.6007926,56.8679639,0
8.6010412,56.8686622,0
8.6013157,56.8691823,0
8.6045739,56.8686294,0
8.605963,56.8685262,0
8.6064946,56.8684091,0
8.6069576,56.8682732,0
8.6069919,56.8682075,0
8.6059715,56.8671905,0
8.6058772,56.8670077,0
8.6089469,56.8654049,0
8.6105247,56.8644722,0
8.6111334,56.8638676,0
8.6119309,56.8635254,0
8.6069919,56.8682075,0
8.6082146,56.8693005,0
8.6105247,56.8644722,0
8.6119652,56.8658586,0
8.6129606,56.8667739,0
8.6133852,56.867162,0
8.5948098,56.8720734,0
8.5958983,56.8726577,0
8.598198,56.872995,0
8.5987381,56.8729529,0
8.6019407,56.8704434,0
8.6021154,56.8704864,0
8.6024754,56.8708045,0
8.6030788,56.8711575,0
8.6034917,56.8715335,0
8.5109788,56.9017035,0
8.5121668,56.9073986,0
8.5112009,56.9031077,0
8.5109248,56.901446,0
8.5159524,56.9067286,0
8.5159002,56.9070636,0
8.5160567,56.9075625,0
8.5053528,56.9066716,0
8.5054086,56.9066686,0
8.5108091,56.9060943,0
8.5121668,56.9073986,0
8.5159524,56.9067286,0
8.5171532,56.9064221,0
8.508107,56.9049539,0
8.5082798,56.9044605,0
8.5093558,56.904197,0
8.5099133,56.9041101,0
8.5100915,56.9041424,0
8.5104288,56.9043534,0
8.5106914,56.9044734,0
8.5110252,56.9045047,0
8.5118807,56.9045369,0
8.5129424,56.9044691,0
9.8465598,57.0064101,0
9.8468396,57.0078904,0
9.846898,57.008351,0
9.8469417,57.0084623,0
9.8470368,57.0085975,0
9.8472487,57.008709,0
9.8476139,57.0089079,0
9.8477307,57.0090113,0
9.8477819,57.0092222,0
9.8479499,57.0093933,0
9.8482495,57.0095643,0
9.8484176,57.0096518,0
9.848644,57.0097035,0
9.8492431,57.0095802,0
9.8498496,57.0096479,0
9.8504926,57.0096319,0
9.8508579,57.0095922,0
9.8510843,57.0095166,0
9.8512158,57.0094329,0
9.85134,57.0093614,0
9.8516249,57.0093336,0
9.8521291,57.0093018,0
9.8524824,57.0092857,0
9.8532688,57.00925,0
9.8535099,57.0092619,0
9.8536778,57.0092978,0
9.5382343,56.59527,0
9.5383641,56.5953891,0
9.5387717,56.5953359,0
9.5393521,56.595249,0
9.539748,56.5951824,0
9.5400709,56.5951014,0
9.5404455,56.5949934,0
9.5407683,56.5949183,0
9.5409818,56.5949165,0
9.5411439,56.5949715,0
9.5413466,56.5951233,0
9.5415301,56.5952905,0
9.5417972,56.5954717,0
9.5420441,56.5956018,0
9.5422382,56.5956803,0
9.542602,56.5956431,0
9.5429667,56.5955781,0
9.5436212,56.5954068,0
9.5461005,56.594812,0
9.5482249,56.5942863,0
9.5486648,56.5941268,0
9.5490296,56.593991,0
9.5533203,56.5972052,0
9.5531165,56.5973293,0
9.5529555,56.5974238,0
9.5527953,56.5975497,0
9.5523332,56.5977545,0
9.5518558,56.5979376,0
9.5516252,56.5980262,0
9.5513945,56.5980469,0
9.3056842,57.1366621,0
9.305742,57.1366154,0
9.306632,57.1355625,0
9.3069153,57.1353811,0
9.3072544,57.1351983,0
9.3078378,57.1350658,0
9.314223,57.1339778,0
9.3147023,57.1339187,0
9.3155379,57.1338529,0
9.3156539,57.1338438,0
9.3175912,57.1337871,0
9.3201504,57.1338438,0
9.3207607,57.1338792,0
9.3215379,57.1339778,0
9.3224251,57.1341395,0
9.3237607,57.1343404,0
9.3245234,57.1344035,0
9.325366,57.1344587,0
9.32594,57.1345257,0
8.6759103,56.999753,0
8.6758074,56.9996034,0
8.6749655,56.9983221,0
8.674797,56.9980657,0
8.67381,56.9959946,0
8.673252,56.994218,0
8.6729259,56.992128,0
8.6728591,56.9908212,0
8.6728509,56.9903623,0
8.6728451,56.9900318,0
8.6728354,56.9894869,0
8.672871,56.9889589,0
8.6729345,56.9885744,0
8.6730796,56.9878561,0
8.6732349,56.9870873,0
8.6733286,56.9866924,0
8.6736641,56.9852776,0
8.6739033,56.9842387,0
8.6740552,56.9836116,0
8.6742403,56.9827603,0
8.6744731,56.9816888,0
8.6745573,56.9813791,0
8.6747626,56.9807504,0
8.6748983,56.9805341,0
8.6754665,56.9796279,0
8.6766938,56.9782855,0
8.6771558,56.9778402,0
8.6780672,56.9769618,0
8.6794404,56.9758766,0
8.6802815,56.975203,0
8.680519,56.9749715,0
8.6806077,56.9748849,0
8.6807859,56.9746775,0
8.4979779,56.8501026,0
8.4982028,56.850468,0
8.4984443,56.8508599,0
8.4992034,56.8520451,0
8.5001748,56.8536245,0
8.500646,56.8543729,0
8.5009655,56.8549541,0
8.5013325,56.8560416,0
8.5014851,56.8566406,0
8.501588,56.8574844,0
8.5016793,56.8582266,0
8.5017397,56.8584451,0
8.5017638,56.8585327,0
8.5027462,56.859453,0
8.503611,56.8603587,0
8.5071984,56.8642098,0
8.5096386,56.866761,0
8.511189,56.8684409,0
8.5135063,56.8709272,0
8.5170927,56.8747558,0
8.5172431,56.8749699,0
8.5189196,56.8774857,0
8.5192373,56.8780231,0
8.5195701,56.8786147,0
8.5201272,56.8801266,0
8.5208615,56.8823333,0
8.5213643,56.8838597,0
8.5214574,56.8842261,0
8.521501,56.8846094,0
10.0845372,57.31087,0
10.0846246,57.3097603,0
10.0849249,57.3096859,0
8.4537916,57.0053897,0
8.4543168,57.0056832,0
8.4546863,57.0060204,0
8.4551598,57.0065627,0
8.4558629,57.007368,0
8.4562801,57.0075941,0
8.4583279,57.0084262,0
8.4613141,57.0096395,0
8.4620736,57.0102311,0
8.4623879,57.0104157,0
8.4630227,57.0107886,0
8.4641437,57.0116986,0
8.4662237,57.0128586,0
8.4683843,57.0140636,0
8.4697772,57.0146686,0
8.4706527,57.0148116,0
8.4713017,57.0148086,0
8.4900174,57.0330753,0
8.4903736,57.0329102,0
8.4906022,57.0328179,0
8.4910783,57.0326511,0
8.4913326,57.0326633,0
8.4906022,57.0328179,0
8.4924457,57.0350524,0
8.4931493,57.0353896,0
8.4937439,57.0346384,0
8.4946362,57.035259,0
8.4952794,57.035312,0
8.4888485,57.0356551,0
8.4888161,57.0357432,0
8.4882028,57.0357096,0
8.4881983,57.0357914,0
8.4883434,57.0359682,0
8.4860267,57.0360844,0
8.4842823,57.0365102,0
8.4855818,57.036193,0
8.484976,57.0361481,0
8.4847481,57.0360648,0
8.4845507,57.0359084,0
8.4840314,57.0351447,0
8.4827368,57.0375364,0
8.4830743,57.0375255,0
8.4839448,57.0373974,0
8.5076626,57.0472291,0
8.5064979,57.0478549,0
8.5067004,57.0480164,0
8.5070816,57.0480319,0
8.5070816,57.0480319,0
8.5076448,57.0482306,0
8.5085617,57.0477711,0
8.5068857,57.0425354,0
8.5081387,57.0426809,0
8.5088027,57.0427793,0
8.5096209,57.0430283,0
8.5104908,57.0426332,0
8.5106889,57.0425995,0
8.5096209,57.0430283,0
8.509932,57.0432602,0
8.5102252,57.0435032,0
8.5104491,57.043868,0
8.5106801,57.0443329,0
8.5102252,57.0435032,0
8.5103431,57.043552,0
8.5104522,57.0435597,0
8.4892262,57.0406645,0
8.489493,57.0409117,0
8.4896076,57.0409516,0
8.4897993,57.0409316,0
8.489871,57.0409617,0
9.8783152,57.0555709,0
9.8722036,57.0542106,0
9.8728859,57.0546105,0
9.8729916,57.054672,0
9.8733687,57.0548912,0
9.8735842,57.0550412,0
9.8737631,57.0552182,0
9.8740201,57.0555101,0
9.8741207,57.0555811,0
9.8742102,57.0556201,0
9.8743309,57.0556371,0
9.8744198,57.0556499,0
9.8746865,57.0556115,0
9.874805,57.0555702,0
9.8749874,57.0555021,0
9.8752029,57.0554218,0
9.8753484,57.0553829,0
9.8755495,57.0554012,0
9.8757553,57.0554705,0
9.8758917,57.0555799,0
9.87589,57.0557427,0
9.8763629,57.055748,0
9.8764311,57.0557459,0
9.8768712,57.0557548,0
9.8768935,57.0557538,0
9.8771214,57.0557599,0
9.8773344,57.055788,0
9.8775597,57.0558754,0
9.8776581,57.05598,0
9.8776656,57.0560272,0
9.8776737,57.0560785,0
9.8776537,57.0562412,0
9.8783748,57.0562534,0
9.8786644,57.0562535,0
9.3054877,57.1367401,0
9.8786429,57.0559271,0
9.8786283,57.0558735,0
9.8785789,57.0558023,0
9.8785425,57.0557655,0
9.8784671,57.0556895,0
9.8783152,57.0555709,0
9.878198,57.0555184,0
9.8780578,57.0554557,0
9.8777712,57.055363,0
9.877471,57.0552887,0
9.8772592,57.0552639,0
9.8771073,57.055246,0
9.8768124,57.055242,0
9.8764267,57.055237,0
9.8771073,57.055246,0
9.877157,57.0550061,0
9.8800032,57.0562599,0
9.8799825,57.0561303,0
9.8796136,57.05612,0
9.8795843,57.0560381,0
9.8795181,57.0558528,0
9.8793815,57.0556636,0
9.8790746,57.0553555,0
9.8789337,57.0552749,0
9.8786923,57.0551366,0
9.8786561,57.0551221,0
9.8784915,57.055056,0
9.8783674,57.0550119,0
9.8782691,57.054977,0
9.8779799,57.0548887,0
9.8779114,57.054876,0
9.8776112,57.0548202,0
9.8773565,57.0547952,0
9.8772039,57.0547802,0
9.8768873,57.0547663,0
9.8763385,57.054759,0
9.8762166,57.0547576,0
9.8757064,57.0547583,0
9.8751531,57.0547489,0
9.8750348,57.0547469,0
9.8748739,57.0547282,0
9.8747071,57.0546987,0
9.8745603,57.0546589,0
9.8744138,57.0546096,0
9.8764267,57.055237,0
9.8763369,57.0552208,0
9.8757424,57.0552144,0
9.8757372,57.0553536,0
9.8747999,57.0553536,0
9.8720187,57.0545923,0
9.871928,57.0540062,0
9.8717573,57.0539071,0
9.8716236,57.0538139,0
9.8716105,57.0537163,0
9.8716412,57.0536237,0
9.8717459,57.0535382,0
9.8718858,57.0534788,0
9.8720498,57.0534441,0
9.8722134,57.0534574,0
9.8723611,57.0534878,0
9.8724929,57.0535389,0
10.0701859,57.3193472,0
10.0698901,57.3191108,0
10.0697363,57.3188616,0
10.0694406,57.3183057,0
10.0694287,57.3180502,0
10.0693103,57.3178777,0
9.3447497,57.1483135,0
9.3441172,57.1486175,0
9.3439118,57.1487163,0
9.3435511,57.1490098,0
9.34266,57.1501894,0
9.3420553,57.1505289,0
9.3417158,57.1505979,0
9.3408148,57.15062,0
9.3397147,57.1507507,0
9.3380116,57.1509797,0
9.3363388,57.1513067,0
9.3347357,57.1515474,0
9.3342266,57.1515128,0
9.3332719,57.1513459,0
9.3321189,57.1513475,0
9.331079,57.1514047,0
9.3306728,57.1515243,0
9.330344,57.1518293,0
9.3299302,57.1519501,0
9.3295908,57.1519674,0
9.3289968,57.1519041,0
9.3282012,57.1518222,0
9.876436,57.0540376,0
9.876261,57.0542489,0
9.8762252,57.05458,0
10.1037117,57.308712,0
10.1033799,57.3097919,0
10.1033799,57.3101512,0
10.1034228,57.3104757,0
10.1035489,57.3106544,0
10.1037662,57.3109624,0
10.1045601,57.3123994,0
10.1046699,57.3125601,0
9.8711372,57.0550511,0
9.8711318,57.054959,0
9.8715215,57.0547705,0
9.8718544,57.0545707,0
9.8718231,57.0544967,0
9.8719001,57.0543855,0
9.8710061,57.054962,0
9.3270115,57.1446041,0
9.3270592,57.1441642,0
9.3268015,57.1439208,0
9.3259803,57.1433873,0
9.3258407,57.1432047,0
9.3247964,57.1418385,0
9.3250734,57.1394971,0
9.3265532,57.1377046,0
9.3266201,57.1374663,0
9.3265818,57.137228,0
9.3262603,57.1364027,0
9.3261531,57.1361815,0
9.3261714,57.1355184,0
9.3262191,57.1352075,0
10.1119217,57.3026257,0
10.1084492,57.2972363,0
10.1082114,57.2969523,0
10.1077733,57.2967968,0
10.099563,57.2950251,0
10.0992125,57.2949777,0
10.0516685,57.3097518,0
10.0518272,57.3089034,0
10.0517136,57.3082815,0
10.0515675,57.3078786,0
10.0511946,57.3075632,0
10.0489406,57.3063019,0
10.0486486,57.3060567,0
10.0485514,57.3057501,0
10.0480325,57.3046201,0
10.0479675,57.3044011,0
10.0480648,57.304112,0
10.0482432,57.3035339,0
10.0481902,57.3030191,0
10.0482594,57.2978657,0
10.0473514,57.295097,0
10.0472703,57.2946676,0
10.0473021,57.2917693,0
10.0472193,57.2914032,0
10.046575,57.2885996,0
10.0457956,57.2861967,0
10.0457113,57.285769,0
8.5208042,56.8485555,0
8.521432,56.8485509,0
8.522392,56.8485438,0
8.5223852,56.8485428,0
8.5228049,56.8485738,0
8.5234703,56.848623,0
8.524919,56.8486379,0
8.5257449,56.8486464,0
8.5266354,56.8486728,0
8.5271772,56.8486287,0
9.3373874,57.1405074,0
9.3376475,57.1405593,0
9.338018,57.1406767,0
9.3386202,57.1407887,0
9.3388439,57.1407887,0
9.3396355,57.1408634,0
9.3401862,57.1408634,0
9.3404099,57.1408821,0
9.3405822,57.1409166,0
9.7135824,56.9997795,0
9.7134574,56.9999371,0
9.7133964,56.9999802,0
9.716303,57.0002873,0
9.7150767,56.9999928,0
9.713675,56.9997044,0
9.6582859,56.9944557,0
9.6580983,56.9945026,0
9.6579222,56.9945537,0
9.6578429,56.9945536,0
9.6577208,56.994543,0
9.6575618,56.9944557,0
9.6573954,56.9943506,0
9.6571486,56.9942659,0
9.6566498,56.9941665,0
9.6545792,56.993737,0
9.6539119,56.9935622,0
9.6529055,56.9932986,0
9.6513551,56.9928077,0
9.6500516,56.9923606,0
9.6489143,56.9919193,0
9.6487875,56.9918696,0
9.648587,56.9917911,0
9.6480936,56.9915979,0
9.6468169,56.9910982,0
9.6434481,56.9898035,0
9.6391565,56.9881552,0
9.6358091,56.9868108,0
9.6350902,56.9864834,0
9.6339638,56.9858521,0
9.6337745,56.9858132,0
9.6335227,56.9858224,0
10.5472125,57.705051,0
10.5473159,57.704917,0
10.5481462,57.7044181,0
10.5482034,57.7042656,0
10.5481434,57.70364,0
10.5315628,57.4448678,0
10.5315211,57.4448262,0
10.5311143,57.4444182,0
10.5306025,57.443915,0
10.5305464,57.4438598,0
10.5304808,57.4437938,0
10.5292435,57.4425586,0
10.5285988,57.4418674,0
10.5285,57.4417613,0
10.5284304,57.4416827,0
10.2899191,56.9946829,0
10.2899512,56.9948173,0
10.2894471,56.9960153,0
10.289322,56.9964586,0
10.2890007,56.9967222,0
10.288872,56.9968895,0
10.3068678,56.997456,0
10.3068281,56.997306,0
10.185918,56.9827202,0
10.1870919,56.982197,0
10.1897488,56.9810962,0
10.1920234,56.9802739,0
10.1937191,56.9797111,0
10.1958488,56.9790438,0
10.1973423,56.9786319,0
10.200047,56.9779428,0
10.2004075,56.9778588,0
10.2012502,56.9776625,0
10.2042144,56.9770468,0
10.2066774,56.9766065,0
10.2095126,56.9761806,0
10.2112,56.9759539,0
10.2141419,56.9755768,0
9.9368755,57.542353,0
9.9366188,57.5419273,0
9.9361144,57.5413054,0
9.9356532,57.5409023,0
9.9353849,57.5406547,0
9.9351382,57.5404416,0
9.9349235,57.5402977,0
9.9346554,57.5401941,0
9.9343228,57.5401365,0
9.9337541,57.5399925,0
9.9306964,57.5391633,0
9.9303639,57.5391,0
9.9297952,57.5390539,0
9.894304,56.8314402,0
9.8939714,56.8314549,0
9.8936336,56.8314842,0
9.8930366,56.8315433,0
9.892298,56.8316163,0
9.8905584,56.8318016,0
9.8903802,56.8318207,0
9.8896673,56.8319105,0
9.8922862,56.8313356,0
9.8927701,56.8312817,0
9.8929204,56.8312671,0
9.8930115,56.8312465,0
9.8930813,56.8312201,0
9.8931348,56.8311819,0
8.7663127,56.8494436,0
8.7663283,56.849503,0
8.7662961,56.8495792,0
8.7662746,56.8496731,0
8.7662913,56.8497076,0
8.7663712,56.8497349,0
8.7665166,56.8497457,0
8.7666561,56.8497399,0
8.7666936,56.8497164,0
8.7666878,56.8496878,0
8.7666878,56.8496437,0
8.7666555,56.8495881,0
8.766618,56.8495411,0
8.7665434,56.8495081,0
8.7664625,56.8494707,0
8.7663127,56.8494436,0
8.7660387,56.8493827,0
8.7658938,56.8493387,0
8.7658187,56.8492801,0
8.7657275,56.8492243,0
9.642334,56.9848477,0
9.6430508,56.9844751,0
9.6416125,56.9851543,0
9.6415796,56.9860107,0
9.641867,56.9862212,0
9.6424442,56.9866438,0
9.6428831,56.986471,0
9.6432449,56.9863285,0
9.6408427,56.9854607,0
9.6410837,56.9856353,0
9.6406735,56.9867029,0
9.6412257,56.9864801,0
9.6411061,56.9871532,0
9.6410869,56.987023,0
9.6406735,56.9867029,0
9.6405539,56.9866102,0
9.640032,56.9862063,0
9.6398029,56.9859826,0
9.6377574,56.9844336,0
9.6377458,56.9846262,0
9.6376964,56.9848313,0
9.6375845,56.9849337,0
9.6435075,56.986927,0
9.6412613,56.9862053,0
9.6410047,56.9863118,0
9.6399722,56.9868278,0
9.6402044,56.9870195,0
9.640515,56.9869623,0
9.6402129,56.9867378,0
9.6398158,56.9864429,0
9.6395984,56.9865455,0
9.6401952,56.9836196,0
9.6400957,56.9837656,0
9.6405539,56.9866102,0
9.6402129,56.9867378,0
9.6399722,56.9868278,0
9.6401508,56.9853062,0
9.6405296,56.9855852,0
9.6388988,56.9839222,0
9.6385073,56.9841794,0
9.6382605,56.9842887,0
9.6381639,56.9843314,0
9.6377574,56.9844336,0
9.6374666,56.9845068,0
9.6370497,56.9846089,0
9.6368818,56.98465,0
9.6421204,56.9855242,0
9.6421574,56.9855822,0
9.6423703,56.9857412,0
9.6410047,56.9863118,0
9.6412257,56.9864801,0
9.6414751,56.9866747,0
9.6400793,56.9860514,0
9.6407691,56.9857639,0
9.6390408,56.9838546,0
9.6395445,56.9842343,0
9.639145,56.9844009,0
9.639145,56.9845085,0
8.4594045,56.8510891,0
8.459656,56.8510779,0
8.4600971,56.8510647,0
8.4612424,56.8509279,0
8.4635323,56.8506552,0
8.4656722,56.8506153,0
8.4669334,56.8506486,0
8.46828,56.8509199,0
8.469053,56.851098,0
8.469258,56.8511746,0
8.4694209,56.8512636,0
8.4696606,56.8513341,0
8.4701125,56.8513637,0
8.4704383,56.8513446,0
8.4707145,56.8513059,0
8.4709424,56.8512369,0
8.4711335,56.8511479,0
8.4713329,56.8510501,0
8.4715363,56.8510033,0
8.4770126,56.8498505,0
8.479222,56.8492098,0
8.480576,56.8488587,0
8.4809828,56.8486884,0
8.4823686,56.8480036,0
8.4826166,56.8478993,0
8.4829853,56.847788,0
8.4841725,56.8475244,0
8.4860132,56.8471943,0
8.4875189,56.8469243,0
9.9222628,57.0325749,0
9.9223271,57.0325732,0
9.9226673,57.0325465,0
9.9230229,57.032526,0
9.9264895,57.0323258,0
9.9283076,57.032208,0
9.9200951,57.0360362,0
9.9202921,57.0360066,0
9.9194808,57.0258268,0
9.9192034,57.0257471,0
9.9188218,57.0256375,0
9.9187451,57.0256155,0
9.9170889,57.0251619,0
9.9162496,57.024932,0
9.9157038,57.024782,0
9.9132759,57.0241243,0
9.9124118,57.0238901,0
9.921965,57.0325887,0
9.9200951,57.0360362,0
9.9199282,57.0360757,0
9.9197985,57.0361184,0
9.9194106,57.0362416,0
9.9191003,57.0363746,0
9.9188526,57.0365331,0
9.9185235,57.0367686,0
9.941067,57.3537853,0
8.8025166,56.833257,0
8.8008537,56.8332922,0
8.8001455,56.8333098,0
8.8018301,56.8365907,0
8.8025273,56.8387503,0
8.8024953,56.8386682,0
8.8024094,56.8386037,0
8.8021841,56.8385978,0
8.8017763,56.8386037,0
8.8014974,56.8386154,0
8.801358,56.8386154,0
8.8015189,56.8326348,0
8.799062,56.8323706,0
10.241361,56.9926727,0
10.2415327,56.9925675,0
10.2405026,56.9915038,0
10.2391294,56.9911999,0
10.2260617,57.0057498,0
10.2241412,57.0066437,0
10.2238622,57.0066553,0
10.2473402,56.9968753,0
10.2443918,56.9936181,0
10.2435496,56.9927195,0
10.242627,56.9922169,0
8.5708149,56.8546234,0
8.5713179,56.8599253,0
8.5732453,56.8604012,0
8.5734709,56.8608153,0
8.5745506,56.8624098,0
8.5734709,56.8608153,0
8.5740511,56.8609298,0
8.5746795,56.8608593,0
8.5750985,56.8613967,0
8.5753726,56.8615553,0
9.6414268,56.985885,0
9.9961753,57.03668,0
9.9961098,57.0365325,0
9.9963294,57.0360713,0
9.9953863,57.0359276,0
10.3289446,57.0045742,0
10.3285348,57.0049085,0
10.3270088,57.0079874,0
10.3269331,57.0082503,0
10.3239719,57.0084723,0
10.3236715,57.0084723,0
10.3224269,57.0086125,0
10.3216331,57.0086008,0
10.3204529,57.0084723,0
8.501251,57.0440027,0
8.5009395,57.0436881,0
8.4881253,56.8926128,0
8.4884868,56.8925575,0
8.488953,56.8925281,0
8.4890789,56.8924784,0
8.4891072,56.8923479,0
8.4891144,56.8920874,0
8.4889353,56.8915699,0
8.4885375,56.8894542,0
8.4884547,56.8892017,0
8.4885424,56.8890491,0
8.488768,56.888986,0
8.4890602,56.8889882,0
8.489271,56.8889417,0
8.4893396,56.888822,0
8.4890272,56.8873287,0
8.4890628,56.8871002,0
8.4890082,56.8866527,0
8.4889935,56.8863863,0
8.4890752,56.8862562,0
8.4892545,56.886315,0
8.4908142,56.886266,0
8.491585,56.8862758,0
8.4934853,56.8868536,0
8.4949196,56.8871866,0
8.4957441,56.887216,0
8.4966944,56.8870004,0
8.4969991,56.8870299,0
8.4969991,56.8870299,0
8.4965689,56.885933,0
8.4964239,56.8858854,0
8.4969094,56.8874902,0
8.4967122,56.8885772,0
8.4967301,56.8888808,0
8.4972679,56.8890081,0
8.8094367,56.776497,0
8.869505,56.7593744,0
8.8708128,56.7597159,0
9.2720051,57.0961198,0
9.2729707,57.0958954,0
10.5109892,57.4459736,0
10.511135,57.4461537,0
10.5111865,57.4462184,0
9.2720051,57.0961198,0
9.2713695,57.096248,0
9.2711173,57.0959493,0
10.5111171,57.4469865,0
10.5111136,57.4470112,0
9.7179682,57.3695256,0
9.9192496,57.0752015,0
9.7239388,57.3720792,0
9.7215744,57.3715504,0
9.7218025,57.3712331,0
9.7203944,57.3712722,0
9.7204698,57.3711872,0
9.7206544,57.370979,0
9.7227153,57.3717903,0
9.7229504,57.3714786,0
9.7176455,57.370256,0
9.7177817,57.3701679,0
9.9181825,57.0746393,0
9.9171181,57.0745552,0
9.9160195,57.0745647,0
9.9139423,57.074546,0
9.9130326,57.0742381,0
9.9128866,57.0746393,0
9.9360248,57.0778974,0
10.5111287,57.4459316,0
8.8795815,56.7591414,0
8.880605,56.7590296,0
8.8851627,56.7581118,0
8.8870828,56.757725,0
8.8874054,56.7577394,0
8.8877367,56.7577871,0
8.8880244,56.7578827,0
8.888251,56.7579927,0
9.9113217,57.0753904,0
9.9066401,57.0749138,0
9.9067352,57.0747075,0
9.9068957,57.0743361,0
9.9072906,57.0735849,0
9.9073763,57.0734916,0
9.9041972,57.0731362,0
8.8706078,56.8039147,0
9.9068957,57.0743361,0
9.905652,57.0741641,0
9.9044694,57.0739743,0
8.8722563,56.8036521,0
8.8711067,56.8039411,0
8.8711925,56.8037619,0
8.8701142,56.8038705,0
9.9054127,57.0747454,0
8.8716055,56.8040028,0
10.3284561,57.0043292,0
10.3285974,57.0042609,0
10.3288326,57.004085,0
10.3290793,57.003863,0
10.3291979,57.0035528,0
10.3294657,57.0028522,0
10.3294742,57.0028292,0
10.3295729,57.0025659,0
10.3298196,57.0018472,0
10.3304358,57.0001996,0
10.3306566,56.9996326,0
9.9042178,57.074518,0
10.5042706,57.4482405,0
10.5043673,57.4485608,0
10.5043812,57.448607,0
10.5044924,57.4491527,0
10.5046635,57.449756,0
10.5046689,57.4497828,0
10.504773,57.450286,0
10.5047835,57.4503372,0
9.9964675,57.0276197,0
9.9967567,57.0275328,0
9.9969341,57.0274778,0
9.9969703,57.0274234,0
9.9974582,57.027262,0
9.997539,57.0272824,0
9.9979784,57.0271439,0
9.9979951,57.0271005,0
9.9985076,57.0269186,0
9.9985618,57.0268793,0
9.9985996,57.0268285,0
9.9985939,57.0267788,0
9.99851,57.0266645,0
9.9982638,57.0264228,0
9.9980631,57.0262449,0
9.9978415,57.0260487,0
10.0008401,57.0259703,0
10.0010888,57.0259541,0
10.5177297,57.4413441,0
10.2867432,56.9762285,0
10.2817118,56.9772953,0
10.2922901,56.9794383,0
10.2892645,56.9744743,0
10.2893826,56.9748252,0
10.2894214,56.9748753,0
10.2894919,56.9748988,0
10.2897865,56.9748756,0
10.2904032,56.9748054,0
10.2914615,56.9747005,0
10.2920326,56.9746438,0
10.2924724,56.974603,0
10.2902408,56.9743749,0
10.2963726,56.9736994,0
10.2905465,56.9795597,0
10.2903867,56.9795988,0
10.2898141,56.9795917,0
10.2885589,56.9795733,0
10.2877411,56.9795787,0
10.287033,56.9795261,0
10.2859386,56.9794266,0
10.2855637,56.9793944,0
10.2851709,56.9793768,0
10.28487,56.9793831,0
10.2846189,56.9794032,0
10.2844295,56.9794254,0
10.2838055,56.9794771,0
10.2828167,56.9795795,0
10.2823737,56.9796088,0
10.2820375,56.979635,0
10.2815371,56.9796556,0
10.2809287,56.9796911,0
10.2838251,56.9760414,0
10.2935779,56.9739713,0
10.2969572,56.98128,0
10.2939431,56.9821208,0
10.2844295,56.9794254,0
10.2841682,56.9787367,0
10.2737187,56.9806003,0
10.2738579,56.9797717,0
10.2739545,56.9793858,0
10.2756925,56.9783042,0
10.2718629,56.9765618,0
10.2977245,56.9734684,0
10.2966017,56.9803745,0
10.2787074,56.97724,0
10.5047835,57.4503372,0
10.5053052,57.4502961,0
10.2923247,56.9741495,0
10.2759609,56.9807071,0
10.275416,56.9806842,0
10.2754425,56.9803381,0
10.2755263,56.9799958,0
10.293975,56.9793856,0
10.2939209,56.9791987,0
10.2937063,56.9786081,0
10.2846405,56.9772283,0
10.2956589,56.9825954,0
10.2949509,56.9804323,0
10.2948328,56.9801225,0
10.3007226,56.9800312,0
10.3014313,56.9799761,0
10.3018336,56.979941,0
10.3024506,56.9799147,0
10.2785603,56.9775885,0
10.2787181,56.9775498,0
10.2789971,56.9779183,0
10.2790741,56.9779724,0
10.2791687,56.9780001,0
10.2793026,56.9780118,0
10.2797267,56.9780118,0
10.280896,56.978006,0
10.2817543,56.9780118,0
10.2839002,56.9780294,0
10.2850911,56.9780469,0
10.28806,56.9781438,0
10.2897268,56.9781863,0
10.2741905,56.9769068,0
10.2757248,56.9770939,0
10.2885589,56.9795733,0
10.2884385,56.9791753,0
10.2946505,56.9796197,0
10.2932557,56.97976,0
10.292376,56.9798477,0
10.2914104,56.9798886,0
10.2910412,56.9798698,0
10.2908953,56.979836,0
10.2907838,56.9797729,0
10.2950154,56.9738251,0
10.287033,56.9795261,0
10.2869793,56.9796781,0
10.2870974,56.9808649,0
10.2871402,56.9813384,0
10.2870543,56.9814437,0
10.2854022,56.981356,0
10.2851983,56.9813268,0
10.2851768,56.9812625,0
10.2853915,56.9799997,0
10.2854773,56.9795904,0
10.2803133,56.9772107,0
10.2805956,56.9815314,0
10.2806236,56.981347,0
10.2806814,56.9809643,0
10.2808017,56.980447,0
10.2808752,56.9800728,0
10.2823737,56.9796088,0
10.282205,56.9791168,0
10.2996182,56.9743426,0
10.2992748,56.9743777,0
10.2989262,56.9743602,0
10.2986257,56.9743602,0
10.2982557,56.974404,0
10.2966578,56.9823092,0
10.2979597,56.9822863,0
10.2981118,56.982281,0
10.2917399,56.9756303,0
10.2917607,56.9755407,0
10.2917807,56.9754536,0
10.2918881,56.975363,0
10.2922367,56.9753016,0
10.2927402,56.975225,0
10.2929288,56.9751962,0
10.2939465,56.9750562,0
10.2945757,56.9749682,0
10.2948546,56.9749098,0
10.2953622,56.9748208,0
10.2954714,56.9748016,0
10.2966463,56.974632,0
10.2977351,56.9744683,0
10.2980168,56.974453,0
10.2980572,56.9744508,0
10.2982287,56.9745355,0
10.2983361,56.9748163,0
10.2984755,56.9751612,0
10.2986847,56.9757401,0
10.2943072,56.9768483,0
10.2942534,56.9766436,0
10.2941032,56.9764858,0
10.2938994,56.9763805,0
10.293481,56.9763104,0
10.2920969,56.9762227,0
10.2906379,56.9761408,0
10.2902408,56.9761408,0
10.2898225,56.9761642,0
10.2964208,56.9770411,0
10.2958521,56.9768132,0
10.2955409,56.9767664,0
10.2951655,56.9767664,0
10.2943072,56.9768483,0
10.2699747,56.97793,0
10.2701249,56.9773687,0
10.2879771,56.9764098,0
10.2913138,56.9742989,0
10.2738579,56.9782223,0
10.2787465,56.9778657,0
10.2785603,56.9775885,0
10.2784177,56.9773628,0
10.2780747,56.9771381,0
10.2779503,56.9770123,0
10.2774307,56.9755853,0
10.276905,56.9741761,0
10.2767441,56.9738253,0
10.2766581,56.9735504,0
10.2764866,56.9734569,0
8.8555392,56.8015679,0
10.2952406,56.9788362,0
10.2779778,56.9783802,0
10.2994248,56.9794618,0
10.2991781,56.9791226,0
10.2989205,56.9788069,0
10.2984699,56.9783217,0
10.2980514,56.977965,0
10.2974936,56.9775849,0
10.2969035,56.977281,0
10.2968397,56.9772486,0
10.2822536,56.9758833,0
10.2823982,56.9760063,0
10.2859278,56.9772517,0
10.2904693,56.9822336,0
10.2903803,56.981204,0
10.2903159,56.9803388,0
10.2902838,56.9800698,0
10.290295,56.9799879,0
10.2903374,56.9799295,0
10.2904554,56.9797717,0
10.2904554,56.979643,0
10.2852949,56.9761466,0
10.2776023,56.9808123,0
10.2787288,56.9808708,0
10.2788503,56.9801699,0
10.2820927,56.9805374,0
