ply
format ascii 1.0
element vertex 4096
property float x
property float y
property float z
element face 0
property list uchar int vertex_indices
end_header
0.031708300000000002 0.0557939 -0.049835999999999998
0.032002900000000001 0.0582284 -0.0496201
0.031184699999999999 0.055427499999999998 -0.0483665
0.034771200000000002 0.056347500000000002 -0.046978399999999997
0.033879300000000001 0.056718600000000001 -0.049657199999999999
0.031441900000000002 0.058826400000000001 -0.046953000000000002
0.037584600000000003 0.060034799999999999 -0.049441800000000001
0.034894399999999999 0.063251500000000002 -0.047547399999999997
0.035992700000000002 0.062390500000000002 -0.049326700000000001
0.0376253 0.062064399999999999 -0.049514000000000002
0.038727299999999999 0.063021400000000005 -0.047169900000000001
0.037770699999999997 0.056759999999999998 -0.046304400000000003
0.031130700000000001 0.063551499999999997 -0.045952399999999997
0.030112099999999999 0.069895100000000002 -0.046567900000000002
0.026261300000000001 0.067341899999999996 -0.046695399999999998
0.0332818 0.066123699999999994 -0.045670799999999998
0.0256026 0.064008899999999994 -0.046104399999999997
0.0229573 0.065752699999999997 -0.045862199999999999
0.027252999999999999 0.069402199999999997 -0.045757300000000001
0.034661699999999997 0.058767800000000002 -0.043178399999999999
0.0224286 0.063570799999999997 -0.043956299999999997
0.031750399999999998 0.060582700000000003 -0.044371500000000001
0.039697799999999998 0.063783599999999996 -0.044428000000000002
0.0304561 0.062402800000000001 -0.042894599999999998
0.026619799999999999 0.063676899999999995 -0.043210100000000001
0.023446700000000001 0.066139799999999999 -0.043293999999999999
0.034813400000000001 0.067282900000000007 -0.0432494
0.025505300000000002 0.067590200000000003 -0.042743799999999998
0.030431300000000001 0.071068699999999999 -0.042857199999999998
0.038992600000000002 0.066492999999999997 -0.041949599999999997
-0.021848900000000001 0.16245999999999999 -0.042909599999999999
-0.0260851 0.161913 -0.042616899999999999
-0.025864600000000001 0.17339099999999999 -0.042872500000000001
-0.023216899999999999 0.174174 -0.042617299999999997
0.041320099999999998 0.063442600000000002 -0.042109500000000001
0.0333747 0.069765400000000005 -0.042448800000000002
-0.024641799999999998 0.17555799999999999 -0.042550999999999999
-0.029540199999999999 0.17304600000000001 -0.041803800000000002
-0.025914300000000001 0.14993500000000001 -0.041863699999999997
-0.029233499999999999 0.16076699999999999 -0.041407699999999999
0.0268889 0.075329099999999996 -0.041613200000000003
0.029055500000000001 0.075462100000000004 -0.041543099999999999
-0.030218700000000001 0.166406 -0.041307299999999998
0.038587200000000002 0.0607187 -0.0396858
0.0349866 0.0623492 -0.038676799999999997
0.0423539 0.063034599999999996 -0.039245200000000001
0.031059300000000001 0.0639348 -0.039425000000000002
0.0263171 0.067891199999999999 -0.039165400000000003
0.0344946 0.071023900000000001 -0.039194399999999997
0.026609299999999999 0.077078599999999997 -0.038996000000000003
-0.023430200000000002 0.15017800000000001 -0.041171800000000001
-0.024373800000000001 0.15121299999999999 -0.040510400000000002
-0.030059800000000001 0.15734999999999999 -0.039798
-0.031454900000000001 0.161693 -0.039910899999999999
-0.0231939 0.16228999999999999 -0.039872600000000001
-0.023397399999999999 0.16552900000000001 -0.0402186
-0.0259361 0.16620599999999999 -0.038401400000000002
-0.029844200000000001 0.16972300000000001 -0.040389099999999997
-0.026257099999999998 0.173737 -0.039545499999999997
-0.0300688 0.174124 -0.038662099999999998
-0.034505300000000003 0.053629599999999999 -0.039933099999999999
-0.034578100000000001 0.056481200000000002 -0.0414198
-0.031583699999999999 0.056276800000000002 -0.041219600000000002
-0.0301763 0.058817700000000001 -0.040996600000000001
-0.0335996 0.059442700000000001 -0.041114600000000001
0.030750599999999999 0.075394699999999995 -0.039118899999999998
-0.0302083 0.149287 -0.039211099999999999
-0.028963099999999999 0.151308 -0.041085900000000002
-0.0306722 0.15876499999999999 -0.041135199999999997
-0.0317922 0.16495799999999999 -0.040551999999999998
-0.033765000000000003 0.166463 -0.041202299999999997
-0.034677399999999997 0.16963900000000001 -0.039443300000000001
-0.0394107 0.053673800000000001 -0.039187100000000002
-0.039778300000000003 0.059297099999999998 -0.0399003
-0.0257971 0.058944799999999999 -0.039311100000000002
-0.036447899999999998 0.060096900000000002 -0.040758900000000001
-0.026780999999999999 0.060259800000000002 -0.040836799999999999
0.038980099999999997 0.068328299999999995 -0.039958
-0.0304081 0.15307200000000001 -0.039400299999999999
-0.026094699999999998 0.15221999999999999 -0.039053200000000003
-0.035679099999999998 0.16511100000000001 -0.039951
-0.042586699999999998 0.054897399999999999 -0.038655099999999998
-0.034783300000000003 0.063167299999999996 -0.039500399999999998
-0.0307213 0.063603400000000004 -0.039828700000000002
-0.026193500000000002 0.067678600000000005 -0.039871900000000002
0.024675800000000001 0.070190000000000002 -0.039294999999999997
0.0224374 0.071534600000000004 -0.0390876
-0.033863999999999998 0.173453 -0.038759599999999998
-0.027580299999999999 0.056316100000000001 -0.039331100000000001
-0.039351799999999999 0.063280600000000006 -0.038975700000000002
-0.039421100000000001 0.165469 -0.038921699999999997
-0.023960599999999999 0.062804200000000004 -0.038264699999999999
-0.079446799999999998 0.063268400000000002 -0.039414400000000002
-0.030220299999999999 0.066739400000000004 -0.039031400000000001
-0.023545199999999999 0.067234299999999997 -0.037874699999999997
0.0390386 0.0709949 -0.037889800000000001
0.032158399999999997 0.071971599999999997 -0.039647700000000001
-0.043319000000000003 0.058935099999999997 -0.039386600000000001
-0.083167199999999997 0.063068600000000002 -0.038310999999999998
-0.026235100000000001 0.070633100000000004 -0.038427599999999999
-0.030320699999999999 0.070930099999999996 -0.0383656
0.019739699999999999 0.0742559 -0.038544399999999999
-0.034636800000000002 0.15368799999999999 -0.038510500000000003
-0.038874100000000002 0.15756200000000001 -0.038250100000000002
-0.034628699999999998 0.161996 -0.038918899999999999
-0.038831400000000002 0.169548 -0.037306199999999998
-0.082798099999999999 0.059505599999999999 -0.037830799999999998
-0.075061299999999997 0.063135499999999997 -0.037740799999999998
-0.043367500000000003 0.0632688 -0.038394900000000003
-0.032561100000000003 0.052948200000000001 -0.038119500000000001
-0.046886900000000002 0.056190400000000001 -0.037719900000000001
-0.076253199999999993 0.060412599999999997 -0.038021800000000001
-0.047481500000000003 0.063749 -0.037889600000000002
-0.0790878 0.065709299999999998 -0.038010700000000001
0.043439899999999997 0.070475399999999994 -0.037951899999999997
-0.039551000000000003 0.16212699999999999 -0.037537300000000003
-0.035026300000000003 0.067083699999999996 -0.037908900000000002
-0.051067500000000002 0.059216400000000002 -0.037410499999999999
-0.051408799999999998 0.063105499999999995 -0.0374764
0.033608899999999997 0.074190800000000001 -0.037549800000000001
-0.039419900000000001 0.17263600000000001 -0.037668399999999998
-0.029149399999999999 0.053330000000000002 -0.034913399999999997
-0.043149100000000003 0.0533707 -0.034921000000000001
-0.0270081 0.0553226 -0.034834900000000002
-0.024234800000000001 0.059995300000000001 -0.036985700000000003
0.037627000000000001 0.061451199999999997 -0.037679700000000003
0.039086900000000001 0.063029600000000005 -0.034902200000000001
-0.073968500000000006 0.062224599999999998 -0.0367286
-0.082641999999999993 0.066151699999999994 -0.035534999999999997
-0.078883499999999995 0.066881399999999994 -0.034528000000000003
0.045579000000000001 0.066549999999999998 -0.037605199999999998
0.047509299999999997 0.0677006 -0.034871600000000003
-0.034812799999999998 0.070780999999999997 -0.034742299999999997
0.039162200000000001 0.072613200000000003 -0.036314100000000002
0.018587699999999999 0.072570599999999999 -0.035878599999999997
0.018752100000000001 0.073689199999999996 -0.036646499999999999
0.025586500000000002 0.076431200000000005 -0.035506799999999998
-0.0279587 0.14973400000000001 -0.034722000000000003
-0.034305299999999997 0.14833399999999999 -0.035489100000000003
-0.027419599999999999 0.15789500000000001 -0.0351898
-0.0434388 0.16134399999999999 -0.035689899999999997
-0.042483899999999998 0.16506100000000001 -0.037417800000000001
-0.043173200000000002 0.17343700000000001 -0.035467899999999997
-0.043246100000000003 0.18168899999999999 -0.034904600000000001
-0.043155699999999998 0.18285199999999999 -0.037531799999999997
-0.042508799999999999 0.18429200000000001 -0.037685999999999997
-0.034589700000000001 0.052924199999999998 -0.035200000000000002
-0.025172699999999999 0.057642600000000002 -0.035344899999999999
-0.086065799999999998 0.060492799999999999 -0.036899500000000002
-0.086723700000000001 0.058924200000000003 -0.035548799999999998
-0.075139999999999998 0.060203 -0.035404600000000001
-0.084597800000000001 0.063333600000000004 -0.034935899999999999
0.034796300000000002 0.064189200000000002 -0.035638400000000001
-0.0752028 0.067105799999999993 -0.035146200000000002
-0.039301299999999997 0.066077499999999997 -0.036959499999999999
0.031577899999999999 0.066051799999999994 -0.035371899999999998
-0.024420500000000001 0.070565199999999995 -0.036895799999999999
0.045143000000000003 0.070686799999999994 -0.037046599999999999
0.030312800000000001 0.076369500000000007 -0.035504500000000001
-0.036982800000000003 0.150813 -0.037172999999999998
-0.038267900000000001 0.15295 -0.037115099999999998
-0.041101699999999998 0.15684999999999999 -0.037279600000000003
-0.043656100000000003 0.166299 -0.036296299999999997
-0.028375999999999998 0.168961 -0.036642500000000001
-0.042742799999999997 0.17058499999999999 -0.037284400000000002
-0.039594600000000001 0.17432500000000001 -0.034569000000000003
-0.035168400000000002 0.173815 -0.034587800000000002
-0.046903 0.18105299999999999 -0.034925200000000003
-0.0404751 0.18159400000000001 -0.035735799999999998
-0.050588500000000002 0.056184600000000001 -0.034941600000000003
-0.079110899999999998 0.058764799999999999 -0.034756299999999997
-0.0524308 0.058116500000000001 -0.036301300000000002
-0.023538799999999999 0.0603647 -0.0344292
-0.022229100000000002 0.063386499999999998 -0.0353739
-0.071124599999999996 0.063063300000000003 -0.035072199999999998
0.0467353 0.064018599999999995 -0.034520200000000001
-0.047429100000000002 0.0673425 -0.036067599999999998
-0.036613899999999998 0.068060499999999996 -0.0363191
-0.021816700000000001 0.071084900000000006 -0.036070499999999998
0.046675500000000002 0.070439699999999994 -0.034046
0.042919499999999999 0.072702100000000006 -0.035044400000000003
-0.026247199999999998 0.072581199999999998 -0.035403999999999998
-0.030289699999999999 0.072580400000000003 -0.035247100000000003
-0.035340000000000003 0.145535 -0.0352448
-0.038731500000000002 0.14539199999999999 -0.034479099999999999
-0.039407200000000003 0.14827000000000001 -0.036298200000000003
-0.030626299999999999 0.14921499999999999 -0.034449899999999999
-0.027327600000000001 0.161776 -0.035453900000000003
-0.040417500000000002 0.16885500000000001 -0.0363355
-0.04385 0.169597 -0.036478400000000001
-0.030431799999999998 0.16997300000000001 -0.034667499999999997
-0.047391700000000002 0.177538 -0.034832599999999998
-0.055099000000000002 0.058897999999999999 -0.035029499999999998
-0.056288999999999999 0.063235899999999998 -0.036415500000000003
-0.027414399999999998 0.16558400000000001 -0.036003
-0.055192600000000001 0.067085800000000001 -0.035293400000000003
-0.042784099999999999 0.068433300000000002 -0.036046500000000002
-0.038567299999999999 0.068270700000000004 -0.035501400000000002
-0.0216895 0.079531099999999993 -0.035836
-0.050466499999999997 0.177534 -0.034681900000000002
-0.0592057 0.063322400000000001 -0.035417999999999998
-0.059098600000000001 0.0673676 -0.034539500000000001
-0.046993699999999999 0.071619100000000005 -0.0358874
-0.0429644 0.071579900000000002 -0.034741000000000001
-0.051529699999999998 0.071004399999999995 -0.035557699999999998
-0.047243 0.075016100000000002 -0.034985599999999999
-0.026152000000000002 0.075410500000000005 -0.034601800000000002
-0.055490200000000003 0.075017500000000001 -0.035903200000000003
-0.058770599999999999 0.075107199999999999 -0.0352395
-0.055123400000000003 0.079460000000000003 -0.035977799999999997
-0.051118499999999997 0.079027100000000003 -0.034857899999999997
-0.025919000000000001 0.079138700000000006 -0.035368799999999999
-0.025682699999999999 0.083221299999999998 -0.035209999999999998
-0.022554100000000001 0.087799100000000005 -0.034842400000000003
-0.0434282 0.15252399999999999 -0.034944500000000003
-0.047229599999999997 0.16989599999999999 -0.034726300000000002
-0.040548099999999997 0.17888899999999999 -0.035112999999999998
-0.055357499999999997 0.071165999999999993 -0.034632499999999997
-0.059469300000000003 0.083157099999999998 -0.0355194
-0.063108899999999996 0.082935999999999996 -0.035208499999999997
-0.046813300000000002 0.165769 -0.0347359
-0.059149199999999999 0.060371500000000002 -0.0334787
-0.067158899999999994 0.067485100000000006 -0.033871600000000002
-0.019772600000000001 0.067962400000000006 -0.034112200000000002
-0.018849000000000001 0.071487300000000004 -0.033879899999999998
-0.018854200000000002 0.075301300000000002 -0.034023999999999999
0.039364400000000001 0.075209999999999999 -0.033685199999999998
-0.0191314 0.0792466 -0.033799099999999999
-0.055098899999999999 0.083724400000000004 -0.0342318
0.038906000000000003 0.078826599999999997 -0.0348778
0.0395608 0.083093200000000006 -0.035086199999999998
-0.0252474 0.086869799999999997 -0.033771299999999997
0.0136604 0.13627300000000001 -0.035311099999999998
0.0179039 0.136271 -0.035074000000000001
0.0098312399999999998 0.136349 -0.035113999999999999
0.0222382 0.14046 -0.035316699999999999
0.0179093 0.14028399999999999 -0.0353534
0.026046 0.13995199999999999 -0.0351683
0.030697200000000001 0.14035900000000001 -0.035083000000000003
0.022629900000000001 0.143983 -0.035358899999999999
0.026262400000000002 0.14360300000000001 -0.035457700000000002
0.030573599999999999 0.14410700000000001 -0.0352127
-0.046784199999999998 0.15817899999999999 -0.033525699999999999
-0.029093500000000001 0.16226499999999999 -0.033597500000000002
-0.029699699999999999 0.16630900000000001 -0.033964800000000003
-0.050831399999999999 0.17458299999999999 -0.033872600000000003
-0.063075699999999998 0.063369300000000003 -0.033725900000000003
-0.063293199999999994 0.067480600000000002 -0.033823600000000002
-0.059046000000000001 0.071416800000000003 -0.033509499999999998
-0.047804600000000003 0.078493999999999994 -0.033222799999999997
0.043063999999999998 0.079365400000000003 -0.033761600000000003
-0.052155399999999998 0.082664799999999997 -0.033479799999999997
-0.063356700000000002 0.087726600000000002 -0.033833000000000002
0.034466200000000002 0.087247400000000003 -0.034254300000000001
0.039170700000000003 0.087658700000000006 -0.033759299999999999
0.034964799999999997 0.0917771 -0.034526000000000001
0.0058078299999999999 0.124304 -0.034760300000000001
0.0099805999999999992 0.128244 -0.034751999999999998
0.0057768200000000002 0.13222500000000001 -0.034826700000000002
0.0098060500000000002 0.132325 -0.035110500000000003
0.013714799999999999 0.13214999999999999 -0.034829600000000002
0.0215383 0.136182 -0.034652200000000001
0.034750799999999998 0.136487 -0.034523600000000002
0.0263602 0.136494 -0.034376400000000001
0.0097458700000000002 0.14091100000000001 -0.034332500000000002
0.035098200000000003 0.140047 -0.034995800000000001
0.038947000000000002 0.140539 -0.034486500000000003
0.0136221 0.14474799999999999 -0.034150300000000001
0.026635200000000001 0.14845900000000001 -0.0342166
0.030336800000000001 0.149011 -0.033889700000000002
0.0220647 0.14877000000000001 -0.033881300000000003
0.034403200000000002 0.065751199999999996 -0.033503499999999999
-0.063303999999999999 0.075733400000000006 -0.033607999999999999
0.030869799999999999 0.078886100000000001 -0.034195400000000001
0.043119299999999999 0.082878300000000002 -0.033609100000000003
-0.067024700000000006 0.083538500000000002 -0.0336102
0.025946400000000001 0.087439000000000003 -0.034319000000000002
0.030308100000000001 0.087485999999999994 -0.034702200000000002
0.029840599999999998 0.091858400000000007 -0.034589599999999998
0.034615 0.096216399999999994 -0.034684
0.030199699999999999 0.096727800000000003 -0.0339876
0.039035399999999998 0.096436999999999995 -0.034117399999999999
0.034122800000000002 0.10034 -0.034283500000000001
0.0022969100000000001 0.11626 -0.034292000000000003
0.0020845099999999999 0.120353 -0.0346022
-0.00189543 0.120352 -0.034225699999999998
0.0017829199999999999 0.124372 -0.034630000000000001
0.0140343 0.12822800000000001 -0.034017899999999997
0.0018245799999999999 0.13250200000000001 -0.034004
0.0058732100000000002 0.136182 -0.0343971
0.039522399999999999 0.13628799999999999 -0.034483300000000001
0.039048800000000002 0.14436199999999999 -0.033917000000000003
0.018076999999999999 0.148313 -0.033697400000000002
0.0348276 0.14830399999999999 -0.033733899999999997
-0.072906899999999997 0.060921000000000003 -0.033831699999999999
0.025923999999999999 0.079391500000000004 -0.0339888
0.030737199999999999 0.083059499999999994 -0.034389900000000001
-0.066532999999999995 0.086944400000000005 -0.033457800000000003
0.039505400000000003 0.092532799999999998 -0.033508000000000003
0.0432559 0.10033300000000001 -0.0335581
0.035547200000000001 0.10417999999999999 -0.033844899999999997
0.0434463 0.104812 -0.033864999999999999
0.039185999999999999 0.108516 -0.033859399999999998
0.043508600000000001 0.10872 -0.034131399999999999
-0.0020399900000000002 0.112716 -0.034412499999999999
0.0021378500000000002 0.11226800000000001 -0.033922500000000001
-0.0061826700000000004 0.11644599999999999 -0.0337205
-0.0019626600000000002 0.11677999999999999 -0.034357699999999998
0.0063580099999999999 0.12025 -0.034141199999999997
0.047264599999999997 0.120476 -0.034065600000000001
-0.0020665000000000002 0.12447999999999999 -0.033834500000000003
0.0427255 0.12456200000000001 -0.0341698
0.047363200000000001 0.12422900000000001 -0.034111299999999997
0.0434306 0.128499 -0.034267600000000002
0.046991499999999999 0.128465 -0.033974600000000001
-0.00175034 0.12854299999999999 -0.0334922
0.043513799999999998 0.13222100000000001 -0.034225199999999997
0.039070300000000002 0.132159 -0.034083099999999998
0.0024675600000000002 0.136241 -0.0335103
0.0434581 0.136102 -0.034118799999999998
0.0062073199999999997 0.14028399999999999 -0.033493099999999998
0.010480700000000001 0.14399899999999999 -0.033552899999999997
-0.046616499999999998 0.17367199999999999 -0.033275100000000002
-0.053372999999999997 0.057095899999999998 -0.033362500000000003
-0.0659661 0.079996200000000003 -0.033576399999999999
0.0424316 0.086135299999999998 -0.033426200000000003
0.031073699999999999 0.10054100000000001 -0.033398400000000002
-0.0057959999999999999 0.10390000000000001 -0.033683100000000001
-0.0098292099999999997 0.104298 -0.033597000000000002
-0.0019503299999999999 0.10873099999999999 -0.033996999999999999
-0.0096971399999999999 0.108824 -0.033464300000000002
0.0469906 0.108059 -0.0334425
0.0013667600000000001 0.10885599999999999 -0.033478800000000003
0.0394182 0.112468 -0.0333964
0.042964000000000002 0.11265 -0.033949600000000003
0.047305899999999998 0.116422 -0.0339174
0.043031100000000003 0.116498 -0.033904299999999998
0.0062634199999999996 0.11669300000000001 -0.033454400000000002
0.0395555 0.128584 -0.033643399999999997
0.047500300000000002 0.13251499999999999 -0.0337446
0.034846500000000002 0.13263 -0.0334046
0.047217500000000003 0.13624800000000001 -0.033588699999999999
0.0397068 0.064364299999999999 -0.030670300000000001
-0.083495899999999998 0.067355200000000004 -0.030486300000000001
0.049146299999999997 0.066392999999999994 -0.033411700000000003
0.030714999999999999 0.066853499999999996 -0.032027800000000002
-0.039004499999999998 0.071654200000000001 -0.031336099999999999
-0.031035 0.072890499999999997 -0.031965
0.022624499999999999 0.078840300000000002 -0.033165600000000003
-0.019263200000000001 0.082856600000000002 -0.033040199999999999
0.0231092 0.087672100000000003 -0.0332509
0.043404600000000002 0.087919600000000001 -0.030870999999999999
-0.022551600000000002 0.092241400000000001 -0.0316484
0.041911200000000003 0.096741999999999995 -0.033264200000000001
-0.0062309899999999996 0.10027899999999999 -0.033533300000000002
-0.0096003000000000008 0.10043199999999999 -0.033594600000000002
0.032581499999999999 0.10376000000000001 -0.033039800000000001
0.036161499999999999 0.10798099999999999 -0.033175999999999997
0.0011241700000000001 0.10596999999999999 -0.033080199999999997
-0.0087659299999999999 0.11264 -0.033528099999999998
0.040390200000000001 0.116614 -0.033342900000000002
0.0509931 0.12066399999999999 -0.033238299999999998
0.0094717599999999992 0.12105299999999999 -0.033319599999999998
0.040305500000000001 0.120724 -0.0334157
0.039607799999999999 0.12504000000000001 -0.033257299999999997
0.051167700000000003 0.124683 -0.033280799999999999
0.012898400000000001 0.12438299999999999 -0.0330388
0.0509562 0.12837899999999999 -0.033099999999999997
-0.00131642 0.13173000000000001 -0.033287499999999998
0.049862299999999998 0.13201499999999999 -0.033177100000000001
0.0271005 0.13381199999999999 -0.033321099999999999
0.031503000000000003 0.133496 -0.033390700000000002
0.042923299999999998 0.14360500000000001 -0.033151899999999998
-0.034818000000000002 0.14477400000000001 -0.0312693
-0.039684799999999999 0.143988 -0.031839100000000002
-0.033098900000000001 0.14771100000000001 -0.032548399999999998
-0.029330100000000001 0.15245500000000001 -0.0312366
-0.050720800000000003 0.166744 -0.032850799999999999
-0.051403499999999998 0.17028799999999999 -0.031533199999999997
-0.035222999999999997 0.053116499999999997 -0.030311399999999999
-0.031732099999999999 0.052946199999999999 -0.0317857
-0.043549999999999998 0.053864500000000003 -0.030649800000000001
-0.030058600000000001 0.054304600000000001 -0.030349600000000001
-0.051113100000000002 0.056523999999999998 -0.031166200000000002
-0.055330999999999998 0.058439600000000001 -0.0301201
-0.025820699999999999 0.058923499999999997 -0.030448300000000001
-0.023823799999999999 0.060317000000000003 -0.031832100000000002
-0.075063000000000005 0.059614500000000001 -0.0304684
-0.071894200000000005 0.0606989 -0.0307668
-0.0850326 0.062741000000000005 -0.031220500000000002
-0.067000900000000002 0.062418899999999999 -0.031096800000000001
-0.063670699999999997 0.061960500000000002 -0.0303667
0.043264900000000002 0.063168100000000005 -0.031109499999999998
0.046934900000000002 0.062100200000000001 -0.031118099999999999
0.051094599999999997 0.063147900000000007 -0.031353600000000002
0.034996100000000002 0.065818500000000002 -0.031086200000000001
0.0508317 0.067387000000000002 -0.030494899999999998
0.026838799999999999 0.067035700000000004 -0.031498400000000003
-0.074938199999999996 0.068618600000000002 -0.030885800000000001
-0.072222400000000006 0.068882499999999999 -0.031293899999999999
0.024656500000000001 0.070044499999999996 -0.032646300000000003
0.044696899999999998 0.072768200000000005 -0.031844400000000002
-0.063691700000000004 0.071605299999999997 -0.031777300000000001
-0.042834900000000002 0.075494900000000004 -0.030417400000000001
0.044459899999999997 0.074787599999999996 -0.031886999999999999
-0.0509405 0.0841113 -0.030827899999999998
-0.027190599999999999 0.083649899999999999 -0.032116899999999997
-0.017300200000000002 0.083545099999999997 -0.031986500000000001
-0.055902399999999998 0.0862927 -0.032817600000000002
-0.026299699999999999 0.087854699999999994 -0.031122
-0.0202121 0.086996500000000004 -0.032881100000000003
-0.068174600000000002 0.088541599999999998 -0.032211400000000001
-0.062890399999999999 0.091536199999999998 -0.030926700000000001
-0.0241642 0.089424900000000002 -0.032350499999999997
0.021506000000000001 0.088265300000000005 -0.032106200000000001
0.024157600000000001 0.090065999999999993 -0.033217299999999998
-0.0098975299999999999 0.095969700000000005 -0.032986300000000003
-0.0064044799999999997 0.097056299999999998 -0.032943600000000003
-0.013795999999999999 0.100579 -0.033016999999999998
0.028968600000000001 0.10072200000000001 -0.032272500000000003
-0.0130753 0.10470699999999999 -0.033055899999999999
0.0067297800000000003 0.112403 -0.0317536
0.050302899999999998 0.112444 -0.032925200000000002
-0.0089012199999999996 0.115232 -0.033221199999999999
0.038558000000000002 0.120461 -0.032394600000000003
0.037716800000000002 0.12416099999999999 -0.032122299999999999
0.015031600000000001 0.12405099999999999 -0.0315999
0.00096495299999999995 0.13741700000000001 -0.032598000000000002
0.046444399999999997 0.14022000000000001 -0.033162299999999999
0.048144600000000003 0.140352 -0.032433999999999998
0.0029923200000000001 0.139316 -0.032740199999999997
0.038584599999999997 0.14721500000000001 -0.033056099999999998
-0.0445213 0.1474 -0.032004299999999999
0.0221248 0.152915 -0.030669100000000001
0.026161799999999999 0.153062 -0.030775799999999999
0.0308264 0.15129899999999999 -0.032657400000000003
0.0305373 0.153173 -0.030698300000000001
-0.0475229 0.15265599999999999 -0.031359400000000003
-0.0291194 0.15909100000000001 -0.032838800000000001
-0.031375 0.1653 -0.030948799999999999
-0.0518155 0.165578 -0.031689799999999997
-0.049153200000000001 0.16955500000000001 -0.032890299999999997
-0.035376100000000001 0.17233599999999999 -0.031181799999999999
-0.051462300000000002 0.17264599999999999 -0.031971199999999998
-0.053115799999999998 0.17494799999999999 -0.032837199999999997
-0.047550200000000001 0.17874499999999999 -0.030345799999999999
-0.046171999999999998 0.18030399999999999 -0.031866199999999997
-0.044509800000000002 0.18037500000000001 -0.031844600000000001
-0.040423000000000001 0.053020200000000003 -0.032598200000000001
-0.066961400000000004 0.075431300000000007 -0.030895700000000002
0.020786800000000001 0.082959000000000005 -0.0323407
0.0443249 0.084109799999999998 -0.032379999999999999
-0.0133417 0.093795000000000003 -0.032905700000000003
0.025208999999999999 0.096246200000000004 -0.031833699999999999
0.043969099999999997 0.095714999999999995 -0.0319131
-0.0020990000000000002 0.096278799999999998 -0.031364400000000001
0.047071099999999998 0.099659700000000004 -0.031354699999999999
-0.00060368800000000001 0.10208299999999999 -0.032503900000000002
0.030443000000000001 0.10473200000000001 -0.0311951
0.048136699999999998 0.103924 -0.032293200000000001
-0.0131273 0.107708 -0.032766400000000001
0.0030409399999999998 0.107727 -0.032415100000000002
0.033974999999999998 0.108875 -0.031518200000000003
-0.0142235 0.109093 -0.0319498
-0.010890800000000001 0.112402 -0.032643699999999998
0.034742000000000002 0.11237900000000001 -0.030649200000000001
-0.010840000000000001 0.116658 -0.031925599999999998
0.038208499999999999 0.116185 -0.032293500000000003
-0.0102687 0.120631 -0.031443100000000002
0.011069600000000001 0.119376 -0.031773999999999997
-0.00733535 0.1249 -0.031906200000000003
0.052493400000000003 0.132246 -0.032358900000000003
0.0516357 0.13603000000000001 -0.031868500000000001
-0.00210042 0.13653100000000001 -0.031116499999999998
0.010084600000000001 0.148733 -0.030469400000000001
0.0138435 0.149675 -0.031567199999999997
-0.047008800000000003 0.14890300000000001 -0.031232099999999999
0.020714699999999999 0.150972 -0.032465399999999998
0.034730400000000002 0.15245300000000001 -0.030769700000000001
-0.054548899999999997 0.17376900000000001 -0.0307651
-0.039528399999999998 0.053115200000000001 -0.030754299999999998
-0.034647999999999998 0.053044500000000001 -0.032137499999999999
-0.069322300000000003 0.069209599999999996 -0.0321129
-0.067052700000000007 0.071099599999999999 -0.030164799999999999
0.020854899999999999 0.075311900000000001 -0.032164400000000003
-0.0171685 0.075060100000000005 -0.031253499999999997
0.0206229 0.077900700000000003 -0.032324699999999998
-0.0171662 0.079314399999999993 -0.031808099999999999
-0.0709568 0.083003400000000005 -0.030538699999999998
-0.071039199999999997 0.087379999999999999 -0.030578399999999999
-0.055119899999999999 0.087672700000000006 -0.030355099999999999
-0.013819100000000001 0.087867600000000004 -0.032180500000000001
0.040536500000000003 0.089852299999999996 -0.032266599999999999
-0.067157700000000001 0.091339199999999995 -0.031068399999999999
0.022064299999999998 0.092431899999999997 -0.031212299999999998
-0.0100392 0.091845300000000005 -0.032338899999999997
-0.0062287599999999999 0.092018600000000006 -0.031852499999999999
-0.00112072 0.099977999999999997 -0.032296800000000001
0.0524523 0.11230800000000001 -0.031867600000000003
0.036988600000000003 0.113067 -0.032117100000000003
0.052416499999999998 0.11572499999999999 -0.032507099999999997
0.055045499999999997 0.12422999999999999 -0.031443100000000002
0.018017399999999999 0.12500600000000001 -0.0300564
0.055098399999999999 0.128359 -0.031297100000000001
-0.0061945300000000002 0.12825800000000001 -0.031602400000000003
-0.00578153 0.13244400000000001 -0.0302762
0.030366400000000002 0.13128500000000001 -0.031937599999999997
-0.00320594 0.13323299999999999 -0.0318108
0.0056978799999999998 0.144813 -0.031140600000000001
0.047520800000000002 0.144678 -0.031023700000000001
0.044262500000000003 0.145204 -0.032339199999999999
-0.043550100000000001 0.144174 -0.032034100000000003
-0.030365300000000001 0.14866399999999999 -0.030346499999999998
-0.030078199999999999 0.16165199999999999 -0.030534499999999999
-0.048509099999999999 0.17295099999999999 -0.0322939
-0.042335400000000002 0.174876 -0.030109400000000001
0.0225788 0.0672426 -0.030351300000000001
0.021403999999999999 0.070884100000000005 -0.031361899999999998
-0.046438399999999998 0.079593399999999995 -0.030616000000000001
-0.0049495700000000004 0.094813400000000006 -0.031972399999999998
-0.018238000000000001 0.100606 -0.0312073
-0.018165000000000001 0.104549 -0.0304999
0.0058575700000000003 0.10899300000000001 -0.030504699999999999
0.0552046 0.11619500000000001 -0.030770599999999999
0.0134815 0.120729 -0.030353000000000002
0.0185734 0.12734200000000001 -0.031636999999999998
-0.043386899999999999 0.141236 -0.0300985
0.0183235 0.15259600000000001 -0.0302376
0.017251200000000001 0.15082000000000001 -0.031827000000000001
-0.0390169 0.173542 -0.0301394
0.018523000000000001 0.079402600000000004 -0.031194699999999999
-0.049009299999999999 0.081413200000000005 -0.031916199999999999
-0.010105100000000001 0.087660100000000005 -0.031544599999999999
0.043376199999999997 0.092317999999999997 -0.030891399999999999
-0.0099049199999999993 0.12402199999999999 -0.030301700000000001
0.055133300000000003 0.13240399999999999 -0.030698199999999998
0.051136000000000001 0.14081399999999999 -0.030636500000000001
-0.0471257 0.14440600000000001 -0.030413800000000001
-0.048212499999999998 0.157107 -0.0310637
-0.0099675800000000002 0.18990199999999999 -0.030771199999999999
-0.0059835599999999997 0.19 -0.030448699999999999
-0.0031213199999999999 0.19372600000000001 -0.031383000000000001
-0.027690300000000001 0.056291599999999997 -0.0306717
-0.083205299999999996 0.0590124 -0.029911299999999998
-0.069731500000000002 0.061493699999999998 -0.029879300000000001
-0.078901700000000005 0.067889599999999994 -0.0301552
-0.070894799999999994 0.069782800000000006 -0.029484199999999999
-0.035919899999999998 0.071599300000000005 -0.030340599999999999
-0.030625599999999999 0.075121499999999994 -0.030610800000000001
-0.0281233 0.0756859 -0.031445500000000001
-0.030683499999999999 0.079000399999999998 -0.0304497
-0.0140225 0.078669500000000003 -0.0301698
-0.030493800000000001 0.083380099999999999 -0.030085500000000001
-0.048103399999999998 0.082217399999999996 -0.0298561
0.017668699999999999 0.082831699999999994 -0.030059599999999999
-0.013906699999999999 0.083389199999999997 -0.031310499999999998
-0.0057155599999999997 0.087685100000000002 -0.0300396
0.019454599999999999 0.091094599999999998 -0.029518200000000001
-0.059679299999999998 0.090849200000000005 -0.029809599999999999
-0.026177200000000001 0.091194899999999995 -0.029668300000000002
-0.0219455 0.096148399999999995 -0.0302195
0.022886099999999999 0.096126400000000001 -0.030074400000000001
0.046884500000000003 0.095979099999999998 -0.0296113
0.026115099999999999 0.10041899999999999 -0.030331
0.031449100000000001 0.108101 -0.0300717
-0.0174834 0.108443 -0.029741500000000001
0.055468900000000002 0.112649 -0.0298334
-0.0138146 0.11673500000000001 -0.029749000000000001
0.034959499999999998 0.116344 -0.0298666
0.035296800000000003 0.120476 -0.030026799999999999
0.0347721 0.124572 -0.030264200000000002
0.030890000000000001 0.129467 -0.0303217
0.0027406000000000002 0.14463500000000001 -0.029629099999999998
0.0062300200000000002 0.14738599999999999 -0.0294069
0.014002300000000001 0.15171499999999999 -0.0297433
-0.033873300000000002 0.16954 -0.029721500000000001
-0.055214800000000001 0.17009199999999999 -0.029657699999999999
-0.040866899999999998 0.073466100000000006 -0.0304449
0.054732000000000003 0.13660800000000001 -0.029732000000000001
-0.0014470100000000001 0.14016000000000001 -0.029399600000000001
-0.055159300000000001 0.16170100000000001 -0.029826399999999999
-0.0089236200000000002 0.19215299999999999 -0.029616699999999999
-0.061948000000000003 0.061089600000000001 -0.030562499999999999
0.047959300000000003 0.060746300000000003 -0.029192300000000001
0.0515322 0.060282000000000002 -0.029596899999999999
0.0184367 0.071414199999999997 -0.029670800000000001
-0.030134399999999999 0.087351899999999996 -0.029136100000000002
-0.070695499999999994 0.090929599999999999 -0.0293204
0.00096145099999999999 0.097145400000000007 -0.0294431
0.050085400000000002 0.10098500000000001 -0.0296406
0.0048528800000000004 0.104919 -0.0295179
-0.0089204899999999997 0.127632 -0.029663999999999999
0.050777700000000002 0.14399400000000001 -0.029360299999999999
0.046774099999999999 0.147647 -0.029534600000000001
-0.013719500000000001 0.18587500000000001 -0.029824900000000001
-0.00992672 0.18696199999999999 -0.029593399999999999
-0.0140117 0.189218 -0.0295593
-0.034466299999999998 0.074912699999999999 -0.029608499999999999
0.054346100000000001 0.108783 -0.0295628
-0.0128652 0.12018 -0.029251599999999999
-0.055528599999999997 0.165405 -0.029499600000000001
0.026383299999999998 0.064263600000000004 -0.0294325
0.0301033 0.064436099999999996 -0.029556700000000002
-0.010867099999999999 0.079311000000000006 -0.029279099999999999
0.057904600000000001 0.120881 -0.029243600000000002
0.058066899999999998 0.12479 -0.029219200000000001
0.057893199999999999 0.128165 -0.029222399999999999
-0.034881500000000003 0.13998099999999999 -0.029797799999999999
-0.031455999999999998 0.055886400000000003 -0.026887500000000002
-0.047336099999999999 0.056298599999999997 -0.026582399999999999
-0.078745499999999996 0.058589200000000001 -0.026317799999999999
-0.070735000000000006 0.060560099999999999 -0.026488999999999999
-0.067882200000000004 0.061833199999999998 -0.0273025
-0.087051100000000006 0.063268000000000005 -0.0292176
0.043529900000000003 0.062094700000000003 -0.026730400000000001
-0.0861711 0.0668768 -0.028904699999999998
-0.018154099999999999 0.066750599999999993 -0.027002600000000002
0.017864600000000001 0.066851300000000002 -0.026929700000000001
-0.075092699999999998 0.069627700000000001 -0.028711299999999999
-0.0145883 0.075327599999999995 -0.0292445
-0.068512299999999998 0.073916899999999994 -0.026516600000000001
-0.044322399999999998 0.078134400000000007 -0.028935499999999999
-0.034983100000000003 0.079443200000000005 -0.0294267
-0.034281699999999998 0.083225499999999994 -0.029063499999999999
-0.047304699999999998 0.083871399999999999 -0.027149400000000001
0.016668800000000001 0.084142999999999996 -0.028511100000000001
0.046721400000000003 0.0838473 -0.026109
-0.051937400000000002 0.0864264 -0.028749199999999999
0.045081200000000002 0.086469799999999999 -0.028686199999999999
-0.054787299999999997 0.088866299999999995 -0.026798499999999999
0.045105899999999997 0.091579499999999994 -0.0290499
-0.068038399999999999 0.0938108 -0.028551900000000002
-0.062637999999999999 0.093470600000000001 -0.028470800000000001
-0.024692599999999999 0.095185199999999998 -0.029048899999999999
-0.066084199999999996 0.094037800000000005 -0.028706499999999999
0.051343100000000003 0.0994675 -0.027050600000000001
0.0064249900000000002 0.10376199999999999 -0.026732200000000001
0.026123400000000001 0.10445699999999999 -0.026623999999999998
0.0069941400000000003 0.107076 -0.028102499999999999
0.029737699999999999 0.10882500000000001 -0.027812799999999999
-0.016974800000000002 0.11162 -0.028615399999999999
0.0106386 0.11228200000000001 -0.027147999999999999
0.0127925 0.117463 -0.028729299999999999
0.0154763 0.119506 -0.027517099999999999
0.032404599999999999 0.125666 -0.028712100000000001
-0.010877899999999999 0.12848499999999999 -0.026953499999999998
0.059000499999999997 0.132606 -0.026794700000000001
-0.0049391599999999997 0.13631699999999999 -0.0287304
0.056272999999999997 0.13761200000000001 -0.027982199999999999
-0.035519000000000002 0.136604 -0.029234900000000001
0.0538089 0.13966200000000001 -0.0290932
-0.046405000000000002 0.14272799999999999 -0.028822199999999999
-0.050396099999999999 0.14847299999999999 -0.029262900000000001
0.0477642 0.149647 -0.026764099999999999
0.0099340499999999998 0.15245700000000001 -0.026236700000000002
0.040946700000000003 0.151416 -0.029373199999999999
-0.028254100000000001 0.15309800000000001 -0.028827999999999999
-0.028529100000000002 0.156864 -0.028851700000000001
-0.051107899999999998 0.15798899999999999 -0.029160700000000001
-0.028960300000000001 0.16196199999999999 -0.0275807
-0.029979599999999999 0.165245 -0.026851799999999999
-0.0553868 0.17452000000000001 -0.0275807
-0.043348900000000003 0.17535700000000001 -0.027697800000000002
0.054477600000000001 0.060122099999999998 -0.0288758
-0.0221417 0.062929399999999996 -0.0270665
0.022527499999999999 0.064223500000000003 -0.0287128
0.020026100000000002 0.067486900000000002 -0.029176799999999999
-0.070531399999999994 0.076118099999999994 -0.026380299999999999
-0.063173300000000002 0.094694299999999995 -0.026531900000000001
-0.0275239 0.092735600000000001 -0.028074399999999999
0.0210691 0.097187700000000002 -0.026533999999999999
-0.021932299999999998 0.104772 -0.026451800000000001
0.054709500000000001 0.104532 -0.0264929
0.056281400000000002 0.109043 -0.0273411
0.0576208 0.117628 -0.0290353
0.0217901 0.124663 -0.026467399999999999
0.029689699999999999 0.12737000000000001 -0.027966700000000001
-0.0061823199999999998 0.13680400000000001 -0.026951900000000001
-0.0283786 0.14933199999999999 -0.028778000000000001
0.0057977599999999999 0.14980599999999999 -0.026522799999999999
0.043037899999999997 0.15263199999999999 -0.026641100000000001
0.039687300000000002 0.153865 -0.027015600000000001
0.031764800000000003 0.15483 -0.028360400000000001
-0.016764500000000002 0.188528 -0.028825900000000002
-0.038441200000000002 0.054137999999999999 -0.026627600000000001
-0.026777200000000001 0.058948800000000003 -0.026409499999999999
-0.089883400000000002 0.058349999999999999 -0.027917299999999999
-0.087678500000000006 0.063079099999999999 -0.027064499999999998
0.054617800000000001 0.0661355 -0.0261985
-0.038474500000000002 0.078171599999999994 -0.0288449
-0.0090541500000000004 0.078659499999999993 -0.027845700000000001
-0.0055037000000000003 0.082946300000000001 -0.027634700000000002
0.0229771 0.10015300000000001 -0.026402200000000001
0.017928099999999999 0.121406 -0.026224399999999998
-0.0121441 0.12339899999999999 -0.0284009
0.033133099999999999 0.123455 -0.028473600000000002
0.026059100000000002 0.12712100000000001 -0.0274808
-0.0555077 0.15739 -0.027342600000000002
-0.020592099999999999 0.184582 -0.028797
-0.0111593 0.18618199999999999 -0.027065700000000002
0.051083200000000002 0.058349600000000001 -0.026559300000000001
0.055362399999999999 0.058958200000000002 -0.0275439
-0.061247999999999997 0.061055600000000002 -0.028462500000000002
0.025813300000000001 0.062316999999999997 -0.028300100000000002
0.021579500000000001 0.063186599999999996 -0.0274703
-0.0835669 0.068235400000000002 -0.026402999999999999
-0.016972000000000001 0.0699737 -0.028286200000000001
0.051378500000000001 0.071032999999999999 -0.026571399999999998
-0.0130464 0.074393000000000001 -0.0282039
0.050668400000000002 0.0752718 -0.026683100000000001
-0.043415299999999997 0.080140699999999995 -0.0281158
-0.040166100000000003 0.079715300000000003 -0.0283214
-0.038583199999999998 0.083872799999999997 -0.027338000000000001
-0.035391899999999997 0.084816600000000006 -0.028037300000000001
-0.074419799999999994 0.086571200000000001 -0.026327699999999999
-0.031366699999999997 0.088528999999999997 -0.0280463
0.017170700000000001 0.088608400000000004 -0.0273984
-0.073381100000000005 0.088627999999999998 -0.0280094
-0.0015035599999999999 0.087210300000000004 -0.026460600000000001
-0.059783999999999997 0.092610200000000004 -0.0265274
0.046769900000000003 0.091851600000000005 -0.026531699999999998
-0.072097499999999995 0.092468900000000007 -0.0267627
-0.024221400000000001 0.097858299999999995 -0.0281409
0.024967300000000001 0.101476 -0.028265700000000001
0.0052443300000000002 0.10031900000000001 -0.026196199999999999
-0.020046600000000001 0.105822 -0.028469299999999999
0.030476799999999998 0.11215600000000001 -0.0262078
0.033013000000000001 0.116483 -0.0274668
0.059424699999999997 0.116175 -0.0262107
-0.0159445 0.116883 -0.0272617
-0.040477600000000002 0.13339699999999999 -0.028592800000000002
-0.043520900000000001 0.13217999999999999 -0.027952100000000001
-0.039202099999999997 0.131906 -0.028347199999999999
-0.032614999999999998 0.137322 -0.028742799999999999
-0.043446400000000003 0.13625599999999999 -0.028222299999999999
-0.0025723199999999999 0.14113800000000001 -0.027543700000000001
0.055360899999999998 0.14145199999999999 -0.026741500000000001
-0.051870699999999999 0.14369199999999999 -0.028236600000000001
0.00171795 0.14598 -0.027481800000000001
-0.052393799999999997 0.14818700000000001 -0.028294099999999999
0.051675600000000002 0.14552100000000001 -0.0273353
0.044541200000000003 0.15070600000000001 -0.028075599999999999
-0.052354400000000002 0.151058 -0.028203499999999999
0.0135952 0.15377399999999999 -0.026796799999999999
0.017388399999999998 0.15450800000000001 -0.027467800000000001
-0.059740599999999998 0.16101799999999999 -0.027218099999999999
-0.0590235 0.16581699999999999 -0.027498399999999999
-0.0591326 0.16970499999999999 -0.0276268
-0.017957500000000001 0.18266399999999999 -0.0267797
-0.022176100000000001 0.18187200000000001 -0.0270806
-0.0224215 0.186338 -0.027338899999999999
-0.018485700000000001 0.18849299999999999 -0.0265005
-0.0070787100000000002 0.19066900000000001 -0.027891300000000001
-0.034643800000000002 0.054818199999999997 -0.026337099999999999
-0.072340199999999993 0.079299999999999995 -0.026487299999999998
-0.00636339 0.079687800000000003 -0.026368200000000001
0.0121163 0.11551400000000001 -0.027999799999999998
0.014445100000000001 0.116796 -0.026050899999999998
-0.034908099999999997 0.13230900000000001 -0.0280054
-0.029036099999999999 0.14052000000000001 -0.028067700000000001
-0.055463699999999998 0.153279 -0.027194599999999999
-0.087247900000000003 0.059778699999999997 -0.026604300000000001
-0.083272200000000005 0.0587834 -0.0257608
-0.074930700000000003 0.0593097 -0.026211100000000001
0.047168500000000002 0.060051500000000001 -0.025835400000000001
-0.059161999999999999 0.060831200000000002 -0.026982800000000001
0.026109500000000001 0.059530600000000003 -0.026454800000000001
0.056084099999999998 0.063594600000000001 -0.0267639
-0.063294799999999998 0.062462900000000002 -0.025632599999999998
0.035107199999999998 0.0623195 -0.027299199999999999
0.052133400000000003 0.068462099999999998 -0.026517099999999998
-0.075656299999999996 0.068654699999999999 -0.026442799999999999
-0.074274400000000004 0.069550500000000001 -0.027435899999999999
-0.071248699999999998 0.069576100000000002 -0.0271735
0.0152858 0.071407899999999996 -0.025955800000000001
0.0150279 0.079239500000000004 -0.0265093
0.048945799999999998 0.080081899999999998 -0.026674900000000001
-0.073256600000000005 0.083525000000000002 -0.027833
0.045401900000000002 0.088177599999999995 -0.026009000000000001
-0.074190599999999995 0.090512200000000001 -0.0253396
-0.030278200000000002 0.091892799999999997 -0.026363399999999999
-0.070673600000000003 0.094591900000000007 -0.025432300000000001
-0.027121300000000001 0.095811499999999994 -0.026363600000000001
0.048261400000000003 0.094750000000000001 -0.0271962
0.019359000000000001 0.095126100000000005 -0.025945099999999999
-0.025077599999999999 0.099703299999999995 -0.025921
0.053012499999999997 0.10218099999999999 -0.027230399999999998
0.0280123 0.107844 -0.025954399999999999
-0.017271399999999999 0.11612699999999999 -0.025713699999999999
0.060301500000000001 0.120479 -0.0262172
0.032322400000000001 0.12060700000000001 -0.025347499999999999
-0.0136393 0.124108 -0.025740200000000001
0.030752100000000001 0.12496699999999999 -0.0263655
0.059970900000000001 0.12875400000000001 -0.0263235
-0.038953799999999997 0.128335 -0.027643899999999999
-0.0078985700000000006 0.132939 -0.027692700000000001
-0.0469872 0.14058699999999999 -0.027035199999999999
-0.050882400000000001 0.14085700000000001 -0.025775900000000001
-0.0551472 0.14461199999999999 -0.027200700000000001
-0.026430599999999999 0.14849200000000001 -0.027110700000000001
0.050523600000000002 0.14849799999999999 -0.0255505
0.0023349899999999999 0.14818600000000001 -0.025729599999999998
0.046568900000000003 0.15151600000000001 -0.0255552
-0.026176999999999999 0.152951 -0.0270105
0.021776199999999999 0.15610099999999999 -0.026024700000000001
0.0256971 0.156281 -0.026128999999999999
-0.026360399999999999 0.157808 -0.026556400000000001
-0.031569 0.16882 -0.025689199999999999
-0.0337077 0.17021600000000001 -0.026673800000000001
-0.035509100000000002 0.172817 -0.025638399999999999
-0.059092100000000002 0.17329 -0.026338199999999999
-0.043753399999999998 0.17585899999999999 -0.026457899999999999
-0.051485000000000003 0.17666299999999999 -0.025649999999999999
-0.020800099999999998 0.18792700000000001 -0.026502299999999999
-0.013785499999999999 0.18948400000000001 -0.025844300000000001
0.030522799999999999 0.059245199999999998 -0.026088500000000001
0.039794599999999999 0.062158400000000003 -0.026309699999999998
0.019145100000000002 0.063438300000000003 -0.025746100000000001
0.049616500000000001 0.078842599999999999 -0.025383599999999999
-0.0431531 0.083446999999999993 -0.026898399999999999
0.0154948 0.083064299999999994 -0.026431
-0.074155100000000002 0.083292599999999994 -0.025850700000000001
0.015739800000000002 0.086339600000000002 -0.025685400000000001
0.017845099999999999 0.092142299999999996 -0.026090100000000001
0.012678500000000001 0.113691 -0.0255488
0.031840800000000002 0.115732 -0.025672899999999998
-0.043172299999999997 0.12867700000000001 -0.027596200000000001
-0.034498000000000001 0.12873699999999999 -0.026299800000000002
-0.0472097 0.13242200000000001 -0.0270104
-0.046928499999999998 0.136044 -0.026886199999999999
-0.026767200000000001 0.14036799999999999 -0.026550500000000001
0.054435799999999999 0.144314 -0.025524999999999999
-0.055092200000000001 0.14189599999999999 -0.025776899999999998
-0.025992399999999999 0.144595 -0.0264427
0.030329100000000001 0.156333 -0.026243300000000001
-0.063180500000000001 0.161444 -0.026244099999999999
-0.026315000000000002 0.181504 -0.026721499999999999
-0.056049399999999999 0.089909500000000003 -0.025565999999999998
0.00394291 0.099179400000000001 -0.0273032
-0.0209394 0.108459 -0.0253952
-0.043426899999999997 0.124511 -0.026854699999999999
-0.047318600000000002 0.12847700000000001 -0.0269527
0.035204100000000002 0.155835 -0.026065999999999999
0.058335100000000001 0.059313900000000003 -0.025807199999999999
0.034818399999999999 0.059927000000000001 -0.0257567
-0.060010000000000001 0.061637600000000001 -0.025622800000000001
-0.071882600000000005 0.068871100000000005 -0.025672299999999999
-0.067822199999999999 0.0954068 -0.025869
-0.039303200000000003 0.12411800000000001 -0.026152100000000001
0.026075500000000001 0.12556800000000001 -0.025441399999999999
-0.036071100000000002 0.124879 -0.025212999999999999
-0.00511072 0.14025299999999999 -0.0253151
-0.059397100000000001 0.15754000000000001 -0.025422899999999998
-0.063075300000000001 0.1701 -0.025553900000000001
-0.050552300000000001 0.13248399999999999 -0.025587700000000001
-0.048775399999999997 0.0575045 -0.025921300000000001
0.055323799999999999 0.056409300000000002 -0.025219700000000001
-0.02334 0.059850899999999999 -0.025150599999999999
0.038385200000000001 0.060606199999999999 -0.025177999999999999
-0.014819499999999999 0.068179500000000004 -0.025572899999999999
-0.0107487 0.072712299999999994 -0.025306599999999999
-0.033028299999999997 0.090486499999999997 -0.025203099999999999
-0.043690800000000002 0.120243 -0.025667800000000001
-0.0512168 0.12832199999999999 -0.025642399999999999
-0.0082062899999999998 0.13492499999999999 -0.0259151
-0.026841799999999999 0.13658799999999999 -0.0252023
-0.063235 0.158882 -0.024750600000000001
-0.063121099999999999 0.16522899999999999 -0.0254933
-0.054879299999999999 0.17643600000000001 -0.025166000000000001
-0.029519500000000001 0.18476500000000001 -0.0254454
0.052472299999999999 0.056878400000000003 -0.0248138
-0.0191938 0.063975500000000005 -0.025492899999999999
-0.039729800000000003 0.086348400000000006 -0.0249477
0.00084256299999999995 0.088854000000000002 -0.024920299999999999
-0.039862799999999997 0.121424 -0.025272300000000001
-0.051017800000000002 0.120888 -0.025287199999999999
-0.032259200000000002 0.12924099999999999 -0.025222499999999998
-0.0230041 0.14053499999999999 -0.024857000000000001
-0.0578976 0.141483 -0.024686900000000001
-0.058261800000000002 0.14909 -0.025426299999999999
0.0069926299999999997 0.15160899999999999 -0.025242400000000002
0.043065100000000002 0.15440599999999999 -0.024084600000000001
0.037785100000000002 0.155723 -0.025367299999999999
-0.022262299999999999 0.157523 -0.025204399999999998
-0.027579800000000002 0.16437299999999999 -0.025181499999999999
-0.039134099999999998 0.054169599999999998 -0.022094300000000001
-0.084786500000000001 0.063000200000000006 -0.0248151
0.0155981 0.067959099999999995 -0.024942099999999998
-0.0070733499999999999 0.076155700000000007 -0.024683
-0.00092749 0.083088200000000001 -0.0226511
-0.047150999999999998 0.086083800000000002 -0.0250937
-0.043541299999999998 0.085854 -0.0246918
-0.032213100000000001 0.092441099999999998 -0.023425700000000001
-0.029605200000000002 0.094194399999999998 -0.0250691
-0.024018399999999999 0.104614 -0.023469500000000001
0.023803899999999999 0.10388600000000001 -0.022291499999999999
-0.0128389 0.127386 -0.024616800000000001
-0.013902400000000001 0.128633 -0.0224321
-0.028212899999999999 0.134516 -0.025169299999999999
0.058194900000000001 0.13922499999999999 -0.0246631
-0.022485999999999999 0.148594 -0.025191600000000001
-0.020372500000000002 0.15310099999999999 -0.025072199999999999
-0.020215799999999999 0.155555 -0.0251369
-0.0660665 0.160298 -0.024868700000000001
-0.059260100000000003 0.17624899999999999 -0.024953400000000001
-0.025714000000000001 0.17913399999999999 -0.0245791
-0.022442799999999999 0.181201 -0.0224006
-0.0175096 0.18817 -0.023635
0.059497700000000001 0.054954999999999997 -0.022627000000000001
-0.0309007 0.0543125 -0.022332000000000001
0.060396900000000003 0.059484299999999997 -0.0238727
0.047426599999999999 0.058937700000000003 -0.0222744
-0.075744500000000006 0.058842199999999997 -0.022329999999999999
-0.083610299999999999 0.0592887 -0.022383400000000001
0.036494499999999999 0.0578761 -0.023799399999999998
-0.058610500000000003 0.059280800000000002 -0.022582999999999999
0.040209000000000002 0.059131400000000001 -0.0232739
0.043087899999999998 0.059225399999999997 -0.022367999999999999
-0.058836800000000002 0.061380499999999998 -0.0244202
-0.0178636 0.062778200000000006 -0.0236654
0.017593600000000001 0.062672099999999994 -0.0231249
-0.0133943 0.066661799999999993 -0.023038800000000002
-0.075261099999999997 0.068181699999999998 -0.022306400000000001
-0.0710784 0.071190900000000001 -0.022220299999999998
-0.0681258 0.071456000000000006 -0.023731200000000001
-0.073555899999999994 0.080045099999999994 -0.024554699999999999
-0.0027982900000000002 0.079700300000000002 -0.022321299999999999
-0.075484499999999996 0.082546700000000001 -0.022471999999999999
0.045828399999999998 0.087380100000000002 -0.0223228
-0.054633899999999999 0.089316900000000005 -0.024234599999999999
-0.058345000000000001 0.092563400000000004 -0.0237015
0.047980000000000002 0.091597200000000004 -0.0227382
-0.063444 0.096868599999999999 -0.023253300000000001
0.0048452800000000004 0.097350000000000006 -0.0249898
0.052219700000000001 0.0981408 -0.0242607
-0.027349999999999999 0.10027 -0.022022
0.0217497 0.100604 -0.022423499999999999
0.023949499999999999 0.102662 -0.024909500000000001
-0.022818499999999999 0.108371 -0.022392599999999999
0.058729200000000002 0.10865 -0.0223065
-0.019079700000000002 0.11643100000000001 -0.022535400000000001
-0.050959699999999997 0.116795 -0.024776800000000002
-0.044626600000000002 0.117493 -0.024857500000000001
-0.047755899999999997 0.116982 -0.024903000000000002
0.062350999999999997 0.120627 -0.022248899999999999
0.062615199999999996 0.124755 -0.022507900000000001
-0.054266599999999998 0.12456399999999999 -0.024791899999999999
0.026590800000000001 0.12458900000000001 -0.0227323
-0.032654099999999998 0.12774199999999999 -0.0244698
-0.0301026 0.128048 -0.0226658
-0.052261599999999998 0.13303400000000001 -0.0244459
0.060322899999999999 0.13619200000000001 -0.023635400000000001
-0.024858999999999999 0.13634299999999999 -0.024182800000000001
-0.059664599999999998 0.14100399999999999 -0.022768300000000002
-0.0022189200000000001 0.145484 -0.023955899999999999
0.0057561799999999996 0.15361900000000001 -0.022720500000000001
0.047052700000000003 0.153725 -0.022952899999999998
0.0102118 0.15479999999999999 -0.023644100000000001
0.039526199999999997 0.15725700000000001 -0.023187300000000001
0.017892000000000002 0.157747 -0.023630100000000001
0.035338399999999999 0.15776200000000001 -0.023870599999999999
-0.022621700000000002 0.16123000000000001 -0.025075900000000002
-0.040277199999999999 0.175952 -0.0249027
-0.0434762 0.177902 -0.023494500000000001
-0.047446500000000003 0.17822199999999999 -0.022570799999999999
-0.018994400000000002 0.18243100000000001 -0.023354699999999999
-0.021651 0.18663299999999999 -0.0221301
-0.020878399999999998 0.18792300000000001 -0.023678500000000002
0.0262007 0.055516099999999999 -0.0223071
0.030702 0.055076 -0.022778199999999998
-0.0059874500000000001 0.074948299999999995 -0.0221786
-0.0048457300000000003 0.078127000000000002 -0.0237548
-0.075728299999999998 0.088055599999999998 -0.023136
-0.035723600000000001 0.089191500000000007 -0.024309799999999999
-0.029918199999999999 0.095984100000000003 -0.022262000000000001
0.00918916 0.10481500000000001 -0.022602799999999999
0.0108214 0.10818700000000001 -0.022211100000000001
0.0120669 0.11118699999999999 -0.023055800000000001
-0.046041600000000002 0.11559700000000001 -0.024415300000000001
-0.054346600000000002 0.120515 -0.024600199999999999
-0.055305600000000003 0.12837699999999999 -0.023734999999999999
-0.020295799999999999 0.14785899999999999 -0.023227000000000001
0.022905700000000001 0.15823200000000001 -0.023636500000000001
0.025961000000000001 0.15768299999999999 -0.024139799999999999
-0.067893499999999996 0.161332 -0.023702500000000001
-0.025179799999999999 0.165879 -0.023031900000000001
-0.067308900000000005 0.170012 -0.022453799999999999
-0.034571499999999998 0.17871500000000001 -0.024618500000000001
0.025027500000000001 0.057154700000000003 -0.024087299999999999
-0.022269600000000001 0.058521400000000001 -0.0233926
0.059363899999999997 0.0634821 -0.022381499999999999
-0.082639799999999999 0.066588400000000006 -0.022192099999999999
-0.071891700000000003 0.069129899999999994 -0.022988600000000001
0.051694200000000003 0.0754721 -0.022000499999999999
0.046059799999999998 0.0835558 -0.022041700000000001
0.00159352 0.087470900000000004 -0.022289400000000001
0.0147209 0.087647799999999998 -0.021812499999999999
-0.055082399999999997 0.091192999999999996 -0.022615099999999999
0.016983499999999999 0.093076500000000006 -0.022500300000000001
-0.067157300000000003 0.097233899999999998 -0.023246699999999999
0.0071283300000000004 0.0999337 -0.0224887
0.056020599999999997 0.10360999999999999 -0.022382800000000001
0.026803799999999999 0.108252 -0.0223229
-0.043186599999999999 0.116109 -0.023688500000000001
-0.015911999999999999 0.12137199999999999 -0.0239417
-0.0561247 0.12059 -0.0241058
-0.056265900000000001 0.124926 -0.0240246
-0.0153025 0.12468600000000001 -0.022694800000000001
-0.034091099999999999 0.12407899999999999 -0.022873600000000001
0.062490900000000002 0.13225899999999999 -0.022122300000000001
-0.010021199999999999 0.136182 -0.022816599999999999
-0.022019400000000001 0.13628000000000001 -0.022512399999999998
0.059273600000000003 0.14082900000000001 -0.022426499999999999
0.055572499999999997 0.14536099999999999 -0.0231846
0.051547599999999999 0.14984800000000001 -0.023276600000000001
-0.063110600000000003 0.15215200000000001 -0.022445400000000001
-0.063308400000000001 0.15650600000000001 -0.022100999999999999
-0.067274500000000001 0.16587499999999999 -0.02265
-0.064510200000000004 0.17405399999999999 -0.022548200000000001
-0.034363999999999999 0.174099 -0.0231717
-0.0392022 0.17787500000000001 -0.023779999999999999
-0.0354159 0.17699699999999999 -0.023781400000000001
-0.0363734 0.18218899999999999 -0.024376599999999998
-0.015497500000000001 0.18548600000000001 -0.023735300000000001
0.035233500000000001 0.055340500000000001 -0.022147799999999999
-0.0095460000000000007 0.070914400000000002 -0.022832700000000001
0.0133036 0.075122900000000006 -0.0226138
-0.071694900000000006 0.0960762 -0.0227669
-0.027930799999999999 0.097349199999999997 -0.0239119
-0.046934700000000003 0.112232 -0.022869500000000001
-0.052541699999999997 0.114937 -0.0243926
0.0306471 0.11638800000000001 -0.022068999999999998
-0.040840000000000001 0.118396 -0.023925399999999999
-0.055452799999999997 0.13214200000000001 -0.0223311
-0.0262819 0.13252800000000001 -0.023311200000000001
-0.021047699999999999 0.14036699999999999 -0.022560400000000001
-0.062950099999999995 0.144118 -0.023280599999999999
-0.054967000000000002 0.14251 -0.023799299999999999
-0.051966600000000002 0.140683 -0.022397299999999998
-0.021193 0.14404600000000001 -0.0226377
0.0137579 0.15762799999999999 -0.0232068
0.030740199999999999 0.158858 -0.0232798
-0.026504799999999998 0.16946700000000001 -0.0220501
-0.067184900000000006 0.17341000000000001 -0.022412100000000001
-0.0389906 0.182444 -0.023670199999999999
-0.031134800000000001 0.18577199999999999 -0.0222376
-0.047221699999999998 0.054995099999999998 -0.022058899999999999
0.013364300000000001 0.078963000000000005 -0.022345400000000001
-0.051498700000000001 0.089029399999999995 -0.022659100000000001
-0.055098500000000002 0.112467 -0.023692999999999999
-0.058704800000000001 0.12060899999999999 -0.0233154
-0.0068344900000000004 0.14116699999999999 -0.022875400000000001
-0.0524733 0.14319599999999999 -0.0216873
-0.059154699999999998 0.156719 -0.021743499999999999
0.030090499999999999 0.16145999999999999 -0.0217831
-0.023471499999999999 0.165579 -0.022849700000000001
-0.024413199999999999 0.168073 -0.023817399999999999
-0.0270209 0.17868700000000001 -0.021897300000000001
-0.043110999999999997 0.054765899999999999 -0.022278099999999999
0.055253499999999997 0.055189000000000002 -0.022128999999999999
0.051680700000000003 0.056531199999999997 -0.021682900000000001
0.063125100000000003 0.055359800000000001 -0.0213233
0.0626665 0.058921800000000003 -0.021433299999999999
0.0498187 0.057623500000000001 -0.021898299999999999
-0.079212599999999994 0.058545 -0.0212123
-0.018886 0.059473999999999999 -0.021512799999999999
-0.084944099999999995 0.063370399999999993 -0.021910499999999999
-0.062670600000000007 0.062018499999999997 -0.023022999999999998
-0.015044800000000001 0.063396900000000006 -0.021579899999999999
0.014386299999999999 0.067022200000000004 -0.021859300000000002
-0.010621999999999999 0.067871299999999996 -0.021159399999999998
0.0134343 0.071063100000000004 -0.0221827
0.049640799999999999 0.078232499999999996 -0.0218712
0.047953599999999999 0.080545099999999994 -0.021992600000000001
-0.042626799999999999 0.087983900000000004 -0.021806499999999999
0.0157793 0.091256799999999999 -0.021448800000000001
0.00354287 0.090871499999999994 -0.021670600000000002
-0.059348600000000001 0.096249199999999993 -0.0225296
0.0492007 0.093123899999999996 -0.021681800000000001
0.0512057 0.096023300000000006 -0.021692199999999998
0.020272499999999999 0.098400000000000001 -0.022687499999999999
-0.025285700000000001 0.103965 -0.0215955
0.0079263600000000003 0.10227 -0.022710500000000002
0.024823600000000001 0.105574 -0.021684999999999999
-0.055398900000000001 0.108252 -0.022986699999999999
-0.050781899999999998 0.10825600000000001 -0.022292900000000001
-0.059501999999999999 0.10813200000000001 -0.0227604
-0.0216282 0.11210000000000001 -0.021435300000000001
0.013261200000000001 0.112696 -0.021563800000000001
-0.0201695 0.113776 -0.022721399999999999
-0.043162399999999997 0.112857 -0.021396700000000001
0.0148936 0.115591 -0.0224659
-0.039606200000000001 0.116565 -0.021638899999999999
0.0165931 0.117864 -0.022794399999999999
-0.017811899999999999 0.120481 -0.021720799999999998
-0.035566100000000003 0.120916 -0.021612300000000001
0.020518000000000002 0.121992 -0.021946199999999999
0.0227996 0.123247 -0.0217696
-0.0312512 0.12494 -0.021331300000000001
-0.054203500000000002 0.13586699999999999 -0.021718100000000001
-0.054844299999999999 0.14419799999999999 -0.021684999999999999
-0.00226939 0.14878 -0.022365300000000001
0.054325499999999999 0.14867 -0.021994900000000001
0.0021985500000000001 0.15332799999999999 -0.022128100000000001
0.050735799999999998 0.15211 -0.0217848
-0.021497100000000002 0.15278700000000001 -0.021563800000000001
0.043539500000000002 0.156781 -0.0225437
0.010333699999999999 0.15731400000000001 -0.022129200000000002
-0.057006800000000003 0.15595400000000001 -0.023069300000000001
-0.021874899999999999 0.156582 -0.0218298
0.026479200000000001 0.16087000000000001 -0.0219203
0.0348341 0.160465 -0.0219513
-0.070833099999999996 0.158167 -0.021464899999999999
-0.071081000000000005 0.16112599999999999 -0.021623799999999999
-0.059058800000000002 0.17790400000000001 -0.021930999999999999
-0.0553962 0.17801400000000001 -0.0219829
-0.0386752 0.18604299999999999 -0.022680800000000001
-0.026113500000000001 0.18656800000000001 -0.021925
0.0228147 0.0565757 -0.021598599999999999
-0.086984500000000006 0.059583400000000002 -0.021360299999999999
0.061041699999999997 0.115842 -0.022746800000000001
-0.058797799999999997 0.12834799999999999 -0.021574300000000001
-0.0227236 0.13223099999999999 -0.021494099999999999
-0.0098118600000000004 0.14025799999999999 -0.021733300000000001
-0.00548885 0.148781 -0.021267999999999999
-0.070819099999999996 0.17302000000000001 -0.0210996
-0.051469300000000003 0.17813899999999999 -0.022036400000000001
-0.043212100000000003 0.18202599999999999 -0.022136599999999999
-0.0427728 0.18549299999999999 -0.021577200000000001
-0.034687200000000001 0.19634299999999999 -0.021642999999999999
-0.0674902 0.0607416 -0.0212584
-0.0074345100000000001 0.072512199999999999 -0.0216067
-0.063474600000000006 0.100464 -0.0226061
-0.063503699999999996 0.108277 -0.0224186
-0.047246499999999997 0.108683 -0.021262
-0.063707799999999995 0.11280800000000001 -0.0222195
-0.025981000000000001 0.128362 -0.021486700000000001
-0.066717799999999994 0.14035400000000001 -0.021311299999999998
-0.066744800000000007 0.14400399999999999 -0.021488699999999999
0.0065835499999999996 0.15724299999999999 -0.0211953
-0.039008899999999999 0.18938099999999999 -0.022424699999999999
-0.036103999999999997 0.190248 -0.021203799999999998
-0.039203300000000003 0.193409 -0.021555899999999999
-0.055210799999999997 0.056525400000000003 -0.021623300000000002
-0.023063 0.0562024 -0.021492500000000001
-0.063036999999999996 0.059906800000000003 -0.021440399999999998
0.0579106 0.066530099999999995 -0.0210733
-0.071258500000000002 0.100617 -0.021775200000000001
-0.058783099999999998 0.100465 -0.0220722
-0.067533800000000005 0.10498 -0.021915
-0.059027299999999998 0.104451 -0.0223906
-0.055143299999999999 0.10392999999999999 -0.0219367
-0.063052700000000003 0.12055399999999999 -0.021490200000000001
0.062041499999999999 0.136015 -0.0216306
0.039336900000000001 0.160519 -0.0211194
-0.074568400000000007 0.076067800000000005 -0.021457899999999999
0.0046565900000000004 0.092629100000000006 -0.021110799999999999
-0.055642999999999998 0.095744399999999993 -0.0212275
-0.066950399999999993 0.108684 -0.0217323
-0.066812399999999994 0.11238099999999999 -0.0213536
-0.062252700000000001 0.123837 -0.0210826
-0.023704800000000002 0.130166 -0.0214664
-0.065897999999999998 0.149171 -0.021530799999999999
-0.00152647 0.15223900000000001 -0.021221899999999998
-0.086796600000000002 0.062022599999999997 -0.020705399999999999
-0.078019699999999997 0.083058400000000004 -0.020744499999999999
-0.078099299999999997 0.087870000000000004 -0.021044
-0.051829600000000003 0.090657699999999994 -0.021044400000000001
-0.036840199999999997 0.090347899999999995 -0.020877799999999998
-0.075158299999999997 0.095910300000000004 -0.021104299999999999
-0.055200699999999998 0.100594 -0.0210049
-0.070867600000000003 0.10435899999999999 -0.021212000000000002
0.0085995299999999993 0.101912 -0.020750899999999999
-0.066245100000000001 0.116372 -0.021071900000000001
-0.020443699999999999 0.11550299999999999 -0.020676799999999999
-0.0169184 0.124529 -0.020719499999999998
-0.026580599999999999 0.12562400000000001 -0.020631199999999999
-0.0133486 0.13589200000000001 -0.020704400000000001
0.062215800000000002 0.139293 -0.020739899999999999
-0.0211779 0.148229 -0.021175200000000002
-0.066293199999999997 0.151115 -0.020837700000000001
0.0542592 0.15126300000000001 -0.021145899999999999
0.050380300000000003 0.15581999999999999 -0.0208045
0.00148146 0.155832 -0.0210755
0.043688499999999998 0.15928999999999999 -0.020784299999999999
-0.074242500000000003 0.16026399999999999 -0.0207741
0.030075299999999999 0.161111 -0.019724599999999998
0.022255500000000001 0.16061700000000001 -0.0198645
-0.024755800000000001 0.180229 -0.0211311
-0.045684299999999997 0.180783 -0.020943799999999999
-0.041882000000000003 0.18953300000000001 -0.021162799999999999
-0.077992800000000001 0.091840199999999997 -0.0206042
-0.0742419 0.100619 -0.020681000000000001
-0.0502318 0.103368 -0.019851199999999999
-0.069974099999999997 0.108533 -0.021002900000000001
-0.0098490299999999999 0.14349000000000001 -0.020882000000000001
0.055822499999999997 0.14953900000000001 -0.0186267
-0.024633499999999999 0.16303799999999999 -0.020602200000000001
-0.021612800000000001 0.055284699999999999 -0.0184952
-0.073853100000000005 0.071921299999999994 -0.020667700000000001
-0.00117179 0.079599500000000004 -0.0186949
-0.029367799999999999 0.098226900000000006 -0.020772100000000002
0.016597799999999999 0.117924 -0.018473199999999999
0.018132700000000002 0.120009 -0.018118200000000001
-0.027030200000000001 0.124749 -0.018259999999999998
0.064903000000000002 0.13195399999999999 -0.020115899999999999
-0.026614700000000002 0.18156800000000001 -0.0193388
-0.034640200000000003 0.053485699999999997 -0.018289199999999999
-0.030967100000000001 0.053417300000000001 -0.0180441
0.031534100000000002 0.053199900000000001 -0.0202863
-0.055225099999999999 0.0545555 -0.018563799999999998
0.026108200000000002 0.053830200000000002 -0.018646900000000001
0.0220366 0.055398900000000001 -0.0178735
-0.075435000000000002 0.070981799999999998 -0.0197699
-0.076650399999999994 0.075150599999999998 -0.020248499999999999
-0.0028597100000000001 0.076009199999999999 -0.017983699999999998
-0.079866300000000001 0.079488000000000003 -0.018876
-0.080101500000000006 0.087480699999999995 -0.0193329
-0.040285399999999999 0.089310600000000004 -0.019668999999999999
-0.0794512 0.095960100000000007 -0.0185033
-0.035228500000000003 0.092682500000000001 -0.018311600000000001
-0.075960399999999997 0.100176 -0.019879600000000001
-0.051234799999999997 0.099940899999999999 -0.019020800000000001
0.0213455 0.101365 -0.0188281
-0.075542799999999993 0.10470699999999999 -0.0191092
0.025714999999999998 0.108241 -0.018502600000000001
-0.072353100000000004 0.10856 -0.0199499
-0.043278900000000002 0.10889500000000001 -0.018108200000000001
0.061401799999999999 0.11405700000000001 -0.020422599999999999
-0.068011600000000005 0.116964 -0.019828399999999999
-0.019871699999999999 0.117607 -0.020178100000000001
-0.037472999999999999 0.116039 -0.019219300000000002
-0.034044900000000003 0.120075 -0.019750400000000001
-0.063857300000000006 0.124959 -0.0188329
0.064386899999999997 0.123956 -0.019672100000000001
-0.018227 0.12845699999999999 -0.018530600000000001
0.064305299999999996 0.13669899999999999 -0.019964599999999999
-0.012641400000000001 0.13928099999999999 -0.019461300000000001
-0.063518199999999997 0.141818 -0.019818200000000001
-0.071364200000000003 0.14088400000000001 -0.018470500000000001
-0.0232401 0.14018800000000001 -0.018415999999999998
-0.022612799999999999 0.144065 -0.018594800000000002
-0.0098082900000000008 0.14402799999999999 -0.019425600000000001
-0.068390699999999999 0.14940999999999999 -0.019613499999999999
0.055203799999999997 0.15179100000000001 -0.018510200000000001
0.051427100000000003 0.15317600000000001 -0.018065700000000001
-0.067054799999999998 0.15651000000000001 -0.018699799999999999
-0.024183400000000001 0.15759500000000001 -0.018647299999999999
-0.075696799999999995 0.16169600000000001 -0.0195252
0.0177976 0.15954199999999999 -0.019988100000000002
-0.026840300000000001 0.16603699999999999 -0.018347200000000001
-0.067010899999999998 0.17642099999999999 -0.018699199999999999
-0.023554599999999998 0.18479999999999999 -0.0201304
-0.035486400000000001 0.193885 -0.019389
0.049046300000000001 0.078362500000000002 -0.0202828
-0.080459900000000001 0.083688700000000005 -0.019100700000000002
-0.0510392 0.092280000000000001 -0.019433700000000002
0.0051174599999999999 0.091667600000000002 -0.018086999999999999
0.057922000000000001 0.104911 -0.0183159
0.0152024 0.116012 -0.018066800000000001
-0.029119099999999998 0.123699 -0.019952600000000001
0.070528900000000005 0.12898000000000001 -0.019935100000000001
0.072452000000000003 0.127745 -0.0204663
0.075391299999999994 0.12826699999999999 -0.020009200000000001
0.075674699999999998 0.13245000000000001 -0.019959000000000001
-0.0157594 0.13294600000000001 -0.0184894
-0.014287599999999999 0.13636999999999999 -0.018141299999999999
-0.053689000000000001 0.14013700000000001 -0.018188699999999999
-0.059285900000000002 0.144757 -0.018333499999999999
-0.024300499999999999 0.182618 -0.019940200000000002
-0.0296475 0.052984000000000003 -0.018226099999999999
0.030036299999999998 0.052913799999999997 -0.018096500000000001
0.034206199999999999 0.052844700000000001 -0.017449300000000001
-0.025828799999999999 0.053420500000000003 -0.018052200000000001
0.036569400000000002 0.053333800000000001 -0.019093800000000001
-0.0471484 0.053427500000000003 -0.017447799999999999
-0.051072699999999999 0.053600500000000002 -0.0176603
0.054745500000000002 0.054734900000000003 -0.017688800000000001
0.051377800000000001 0.0562333 -0.017790799999999999
-0.062858300000000006 0.057686800000000003 -0.019407600000000001
-0.0174383 0.058546500000000001 -0.018285599999999999
0.018208499999999999 0.058751200000000003 -0.018179899999999999
0.044424400000000003 0.057459000000000003 -0.019696000000000002
0.047556300000000003 0.057718400000000003 -0.018593800000000001
-0.083162799999999995 0.060283999999999997 -0.019129299999999998
-0.079361500000000001 0.059464500000000003 -0.018979800000000002
-0.075464500000000004 0.059870300000000001 -0.0180366
-0.067147299999999993 0.058694299999999998 -0.018209900000000001
0.062975400000000001 0.063316300000000006 -0.018099500000000001
-0.0133866 0.062673900000000005 -0.0181242
0.015115399999999999 0.063012399999999996 -0.018088199999999999
0.060741999999999997 0.064584699999999995 -0.019148499999999999
-0.082686899999999994 0.066171099999999997 -0.019084799999999999
-0.0094970300000000001 0.067206100000000005 -0.018201100000000001
0.059585800000000001 0.067388600000000007 -0.017962599999999999
-0.076619699999999999 0.068570000000000006 -0.019212199999999999
0.0124584 0.070549100000000003 -0.018294000000000001
0.057719699999999999 0.069609900000000002 -0.017964999999999998
0.055049599999999997 0.0719249 -0.018010600000000002
-0.0043724599999999999 0.073726799999999995 -0.017693299999999999
0.05092 0.075365699999999994 -0.017883900000000001
-0.079892199999999997 0.075266799999999995 -0.017921400000000001
0.045335100000000003 0.082597500000000004 -0.018218700000000001
0.00108548 0.083645999999999998 -0.017775099999999999
0.046424100000000003 0.087629499999999999 -0.017778800000000001
0.0030770099999999998 0.087654099999999999 -0.018134999999999998
-0.047521300000000002 0.091084399999999996 -0.017584599999999999
-0.046277400000000003 0.089506500000000003 -0.018792199999999998
-0.043526700000000002 0.089200600000000005 -0.018907299999999998
-0.038739000000000003 0.090578000000000006 -0.017745
0.048061300000000001 0.090961700000000006 -0.017717699999999999
-0.080230300000000004 0.091078199999999998 -0.018983
0.050161499999999998 0.093716800000000003 -0.0177013
-0.051020000000000003 0.095902500000000002 -0.018283400000000002
-0.031449199999999997 0.096834299999999998 -0.018327800000000002
0.018003700000000001 0.096610699999999994 -0.018068000000000001
0.051615800000000003 0.095885300000000007 -0.0182644
0.020132400000000002 0.099720600000000006 -0.0175113
0.054796999999999998 0.10001699999999999 -0.018007499999999999
-0.028102499999999999 0.101192 -0.019110599999999998
0.0085912699999999998 0.10088 -0.017536599999999999
0.056908899999999998 0.103203 -0.018230699999999999
0.023155599999999998 0.10432 -0.017594499999999999
-0.045473600000000003 0.107062 -0.018768099999999999
0.059945100000000001 0.108303 -0.0181003
-0.025755500000000001 0.108109 -0.0177713
-0.0244353 0.109607 -0.018366299999999999
-0.023157199999999999 0.11230800000000001 -0.0182994
0.0608058 0.111371 -0.019067000000000001
-0.039274799999999999 0.11246299999999999 -0.017866799999999999
0.062038700000000002 0.11253000000000001 -0.017762099999999999
-0.0710422 0.116192 -0.017991099999999999
0.029861599999999999 0.11626599999999999 -0.017973699999999999
0.063590900000000006 0.116365 -0.018111499999999999
-0.034623599999999997 0.116438 -0.017851300000000001
0.0305004 0.12052300000000001 -0.017855200000000002
-0.0304596 0.12065099999999999 -0.0183334
-0.0192207 0.121515 -0.019559
-0.019090599999999999 0.12512499999999999 -0.018797999999999999
0.028691299999999999 0.123126 -0.0179086
0.0260243 0.123778 -0.018327300000000001
-0.026089299999999999 0.12820500000000001 -0.0179209
-0.062228400000000003 0.12806200000000001 -0.017684800000000001
-0.055740900000000003 0.13671800000000001 -0.0180045
-0.023799899999999999 0.13663500000000001 -0.019053299999999999
0.063002799999999998 0.14091699999999999 -0.0181931
-0.052713099999999999 0.14147199999999999 -0.019005999999999999
0.0622845 0.143178 -0.017933000000000001
-0.071140400000000006 0.144843 -0.0186302
0.059952499999999999 0.14511099999999999 -0.018408999999999998
-0.0059643700000000001 0.144676 -0.017640699999999999
-0.0053714599999999998 0.147952 -0.018822700000000001
0.058385899999999998 0.147926 -0.018228999999999999
-0.066674800000000006 0.151757 -0.018009600000000001
-0.0020320400000000001 0.14904400000000001 -0.018456199999999999
-0.00066587199999999997 0.15204400000000001 -0.0191951
-0.063368599999999997 0.152722 -0.0178567
0.050974899999999997 0.15561800000000001 -0.0188422
0.00177243 0.15281 -0.0188019
0.00571902 0.153339 -0.0177357
-0.0632939 0.15761500000000001 -0.018542300000000001
0.0067077300000000003 0.15706999999999999 -0.019309799999999998
0.0472676 0.156942 -0.018726099999999999
0.0099886000000000003 0.15653400000000001 -0.0191869
-0.075153999999999999 0.157528 -0.018123199999999999
0.017834200000000001 0.15758 -0.0182591
0.013835800000000001 0.157249 -0.018341199999999998
0.039387199999999997 0.15771299999999999 -0.0180576
0.043028799999999999 0.157252 -0.0180594
0.0153191 0.16030700000000001 -0.019781799999999999
0.026140900000000002 0.15793299999999999 -0.0176972
-0.025796400000000001 0.16219800000000001 -0.0181307
0.026667900000000001 0.159858 -0.0190332
0.0344934 0.160608 -0.019206500000000001
-0.071900400000000003 0.16267400000000001 -0.019567299999999999
-0.071170899999999995 0.16529199999999999 -0.017938900000000001
-0.068744600000000003 0.16869100000000001 -0.019351699999999999
-0.0278441 0.16911200000000001 -0.019325499999999999
-0.071299399999999999 0.16966300000000001 -0.018032300000000001
-0.0295541 0.17047200000000001 -0.017652500000000002
-0.0304006 0.17799200000000001 -0.018704800000000001
-0.063068600000000002 0.17763599999999999 -0.018095099999999999
-0.059479700000000003 0.178922 -0.018115200000000001
-0.051056999999999998 0.18024200000000001 -0.01813
-0.0464689 0.18184800000000001 -0.017728899999999999
-0.043833700000000003 0.185809 -0.017626200000000002
-0.0261465 0.18502099999999999 -0.019556899999999999
-0.0352856 0.18615100000000001 -0.017682799999999999
-0.036024500000000001 0.19014 -0.019000099999999999
-0.042017499999999999 0.18959000000000001 -0.018196899999999998
-0.039021300000000002 0.193187 -0.018779000000000001
0.066798800000000005 0.055361199999999999 -0.017464
0.0120696 0.075139999999999998 -0.017818400000000002
0.0128056 0.082799999999999999 -0.0178018
-0.079104900000000006 0.100637 -0.017753100000000001
-0.075207700000000002 0.108906 -0.0179864
0.027773900000000001 0.112105 -0.0182604
-0.041546899999999998 0.11151899999999999 -0.018957399999999999
-0.065903100000000006 0.123877 -0.0173267
0.0223602 0.123446 -0.017712100000000001
0.075466199999999997 0.12470199999999999 -0.018754199999999999
0.067173099999999999 0.12848799999999999 -0.0187498
0.064926999999999999 0.12989999999999999 -0.019717800000000001
-0.017503500000000002 0.13183800000000001 -0.018148399999999999
-0.025576700000000001 0.13280500000000001 -0.017593999999999999
0.079838999999999993 0.132415 -0.018734899999999999
0.067386799999999997 0.13648099999999999 -0.017796800000000002
0.071166900000000005 0.13697400000000001 -0.018532099999999999
0.074848899999999996 0.13649700000000001 -0.019004900000000002
-0.063353999999999994 0.144098 -0.017877299999999999
-0.052748799999999998 0.143036 -0.018009600000000001
-0.070800500000000002 0.14878 -0.017668
0.022035300000000001 0.157885 -0.018024800000000001
-0.073547100000000004 0.17466699999999999 -0.017746999999999999
-0.052410499999999999 0.17957500000000001 -0.019413900000000001
-0.063080999999999998 0.056058700000000003 -0.017479399999999999
-0.011612000000000001 0.064180600000000004 -0.017720900000000001
0.071070099999999997 0.12044199999999999 -0.018698599999999999
0.067025399999999999 0.124262 -0.018721000000000002
-0.024887599999999999 0.13589100000000001 -0.017409999999999998
-0.0195228 0.056289499999999999 -0.0174909
0.046992800000000001 0.056594600000000002 -0.0172806
-0.015439 0.059858799999999997 -0.0173916
0.074690099999999995 0.120652 -0.017750800000000001
0.035173999999999997 0.158136 -0.017786400000000001
-0.070563000000000001 0.17605599999999999 -0.017249500000000001
-0.0298602 0.181531 -0.017664599999999999
0.067083699999999996 0.12031500000000001 -0.017857499999999998
0.0658223 0.058690699999999998 -0.017180399999999998
0.028731 0.11386400000000001 -0.0172158
0.071218699999999996 0.116961 -0.017475299999999999
-0.055083699999999999 0.18006 -0.017159600000000001
0.039649700000000003 0.052978999999999998 -0.016634300000000001
0.049405499999999998 0.057306299999999998 -0.0176475
-0.079416 0.063224600000000006 -0.017358999999999999
-0.0075605200000000003 0.068731600000000004 -0.016858499999999998
0.0120445 0.072071800000000005 -0.0171404
0.048461400000000002 0.076616400000000001 -0.016499199999999999
-0.081991999999999995 0.080001799999999998 -0.016861299999999999
-0.082370600000000002 0.087789400000000004 -0.017238400000000001
0.0044563500000000004 0.089744900000000002 -0.017152299999999999
-0.043483300000000003 0.090101600000000004 -0.017013500000000001
0.053082900000000002 0.097422099999999998 -0.016809600000000001
-0.048341000000000002 0.100633 -0.016850799999999999
-0.078690499999999997 0.104324 -0.016969600000000001
-0.044519499999999997 0.105572 -0.0166812
-0.025193900000000002 0.112223 -0.0168735
-0.036456099999999998 0.11376699999999999 -0.016842099999999999
-0.031769699999999998 0.117531 -0.016700199999999998
0.066988000000000006 0.116567 -0.016773300000000001
0.082593899999999998 0.13250899999999999 -0.016909299999999999
-0.057570499999999997 0.13481399999999999 -0.0166258
0.071354299999999996 0.13945199999999999 -0.016968199999999999
-0.074682100000000001 0.14086599999999999 -0.016854899999999999
-0.0026598300000000002 0.14615300000000001 -0.0169961
0.0018991399999999999 0.15007899999999999 -0.0170417
0.0096757800000000001 0.15418499999999999 -0.017177000000000001
0.047566999999999998 0.154228 -0.017167000000000002
-0.0786969 0.15829599999999999 -0.016853199999999999
-0.062094299999999998 0.15947 -0.017159299999999999
-0.059807300000000001 0.15948000000000001 -0.017287199999999999
-0.078745200000000001 0.16390299999999999 -0.016964300000000002
-0.033432400000000001 0.17508799999999999 -0.016718799999999999
-0.033159300000000003 0.177395 -0.016771999999999999
-0.057912400000000003 0.17974000000000001 -0.0170914
-0.066080299999999995 0.056543200000000002 -0.0165592
0.012085500000000001 0.078267400000000001 -0.017144699999999999
0.016361400000000002 0.093855499999999994 -0.0167238
0.061748400000000002 0.10997899999999999 -0.016663500000000001
-0.024597500000000001 0.116784 -0.016809500000000002
0.074213699999999994 0.117769 -0.016992899999999998
-0.069824899999999995 0.119625 -0.016695100000000001
0.078601599999999994 0.14025000000000001 -0.0169628
-0.074063799999999999 0.14434900000000001 -0.016715799999999999
0.028293700000000001 0.052844099999999998 -0.016620800000000002
-0.030566800000000002 0.053976499999999997 -0.014238199999999999
0.015693700000000001 0.061201699999999998 -0.016648699999999999
-0.080902600000000005 0.070816199999999996 -0.0155871
-0.0053797300000000001 0.070842600000000006 -0.0143436
0.045926000000000002 0.083343899999999999 -0.0142734
-0.084455000000000002 0.087870199999999996 -0.014449099999999999
-0.081947300000000001 0.094951999999999995 -0.016420000000000001
-0.048814299999999998 0.096111299999999997 -0.016358999999999999
-0.037883399999999998 0.110972 -0.016070999999999998
0.064256400000000005 0.112358 -0.015100300000000001
0.076463199999999995 0.12006699999999999 -0.0149018
-0.067737500000000006 0.12417499999999999 -0.0139913
0.067471699999999996 0.135737 -0.0143283
0.081984299999999996 0.139267 -0.0166182
-0.071555800000000003 0.141516 -0.014636
0.050700599999999998 0.151002 -0.0164008
0.046622900000000002 0.152114 -0.0148901
0.0145495 0.15555099999999999 -0.01541
-0.067896600000000001 0.15840000000000001 -0.016067499999999998
-0.025266799999999999 0.16181499999999999 -0.0143879
-0.063780100000000006 0.17896799999999999 -0.014969700000000001
-0.032663699999999997 0.18291399999999999 -0.016524799999999999
0.0472278 0.054465100000000002 -0.0146783
0.065612500000000004 0.062254799999999999 -0.016369700000000001
0.0053506099999999996 0.091814300000000001 -0.014157899999999999
0.055687500000000001 0.099326700000000004 -0.015186399999999999
-0.025957999999999998 0.112437 -0.014297300000000001
-0.028103199999999998 0.12945899999999999 -0.0155411
0.083662600000000004 0.128329 -0.0143371
-0.0111103 0.13717299999999999 -0.016336199999999999
0.068693799999999999 0.138906 -0.014668799999999999
0.071116899999999997 0.14091200000000001 -0.014282100000000001
0.079832500000000001 0.141595 -0.016047499999999999
-0.076030799999999996 0.14449799999999999 -0.0154097
0.054645100000000002 0.14777799999999999 -0.015949499999999998
0.038663099999999999 0.15543399999999999 -0.015399299999999999
-0.063297800000000001 0.16075600000000001 -0.0144479
-0.040653799999999997 0.18854299999999999 -0.016200900000000001
0.014251 0.087487200000000001 -0.014136900000000001
-0.045821399999999998 0.10313600000000001 -0.016065900000000001
-0.077246099999999998 0.10910499999999999 -0.016179599999999999
-0.022330599999999999 0.120306 -0.014562500000000001
-0.031329099999999999 0.12067600000000001 -0.0150823
0.026393 0.125222 -0.014284399999999999
0.083718399999999998 0.140427 -0.0155639
0.074808700000000006 0.14246700000000001 -0.016263
-0.055293599999999998 0.14396100000000001 -0.013906
-0.063276200000000005 0.14466300000000001 -0.013852400000000001
-0.074918100000000001 0.14793600000000001 -0.014074700000000001
-0.060388900000000002 0.154029 -0.013955800000000001
0.043181400000000002 0.15332399999999999 -0.0144581
-0.087202500000000002 0.16211600000000001 -0.013954299999999999
-0.034848799999999999 0.18176700000000001 -0.0155307
-0.036296500000000002 0.18495600000000001 -0.0159404
0.043575299999999997 0.053445600000000003 -0.0158196
-0.0473465 0.054163200000000002 -0.0137422
-0.043488899999999997 0.055206100000000001 -0.0135636
-0.059110900000000001 0.053576699999999998 -0.0134243
0.067602200000000001 0.054313100000000003 -0.014249400000000001
-0.063403799999999996 0.0547384 -0.0141951
-0.071902900000000006 0.058440800000000001 -0.014353299999999999
-0.014547300000000001 0.0593903 -0.0141061
0.017360400000000002 0.058553399999999999 -0.014446499999999999
-0.012624 0.061737800000000002 -0.013952600000000001
0.067143400000000006 0.063058199999999995 -0.013776800000000001
-0.010603899999999999 0.063703399999999993 -0.014024399999999999
0.014402699999999999 0.063567600000000002 -0.013906999999999999
-0.080228400000000005 0.067227400000000007 -0.014382300000000001
0.059004300000000003 0.068453700000000006 -0.013535999999999999
0.048106400000000001 0.076433100000000004 -0.013476800000000001
-0.0845611 0.082858000000000001 -0.0140343
0.047625300000000002 0.087579000000000004 -0.0137906
0.0044669499999999999 0.089789400000000005 -0.014914800000000001
-0.084415000000000004 0.091980900000000004 -0.0138394
-0.045531299999999997 0.091578900000000005 -0.015666699999999999
-0.0396286 0.092382800000000001 -0.014673
0.015945299999999999 0.091703400000000004 -0.014571499999999999
-0.036337300000000003 0.093206399999999995 -0.0156242
-0.034678399999999998 0.096287999999999999 -0.0148126
0.018233900000000001 0.095499799999999996 -0.0143968
0.0068378199999999997 0.095948400000000003 -0.0136845
0.052394400000000001 0.095129000000000005 -0.0148766
-0.031529799999999997 0.101156 -0.014437200000000001
0.059863300000000001 0.104071 -0.014145700000000001
-0.029682500000000001 0.104893 -0.013993800000000001
0.0095293700000000005 0.104159 -0.014293200000000001
-0.0278301 0.10567 -0.015986299999999998
-0.078900600000000001 0.108249 -0.0141361
-0.042084099999999999 0.10732 -0.015950700000000002
0.026514900000000001 0.108644 -0.0139992
-0.038677400000000001 0.108636 -0.0138867
0.010631099999999999 0.108199 -0.013606099999999999
-0.076181100000000002 0.112871 -0.0143923
-0.034335699999999997 0.116115 -0.0143324
-0.025396100000000001 0.116243 -0.014843500000000001
0.067290199999999994 0.112439 -0.014704699999999999
0.0672045 0.114373 -0.016049600000000001
-0.031855799999999997 0.117816 -0.015010300000000001
0.0143648 0.11666700000000001 -0.014190100000000001
-0.071148100000000006 0.120063 -0.014226600000000001
0.0194685 0.123268 -0.0139918
-0.021444499999999998 0.123068 -0.015348499999999999
0.021882100000000002 0.12467 -0.014149200000000001
0.077136499999999997 0.123279 -0.0137182
0.078941300000000006 0.125058 -0.014459
-0.018074900000000001 0.12470299999999999 -0.013961400000000001
-0.063554399999999997 0.12856500000000001 -0.0136355
-0.029568500000000001 0.12779099999999999 -0.0137208
0.080966099999999999 0.127717 -0.015814700000000001
0.084137699999999996 0.131715 -0.015692399999999999
-0.027573 0.13209000000000001 -0.0139782
-0.025731500000000001 0.13644300000000001 -0.0141475
-0.010052200000000001 0.13636400000000001 -0.014076699999999999
0.087275699999999998 0.13632 -0.0152248
0.085460300000000003 0.13835800000000001 -0.015940099999999999
0.059421300000000003 0.14072499999999999 -0.0147149
0.058085600000000001 0.14383099999999999 -0.015634599999999998
-0.00218447 0.14488699999999999 -0.013933600000000001
-0.059233399999999999 0.144901 -0.0137853
0.0514084 0.14883399999999999 -0.0140926
0.00475757 0.150092 -0.013739100000000001
-0.067718899999999999 0.15032699999999999 -0.013506900000000001
0.0482999 0.15068200000000001 -0.013986999999999999
0.010118800000000001 0.15335599999999999 -0.0140366
-0.057942899999999999 0.15637799999999999 -0.0142268
0.013194900000000001 0.15440499999999999 -0.013211799999999999
0.031150600000000001 0.15623400000000001 -0.0140191
-0.079108499999999998 0.158085 -0.014189
-0.059041400000000001 0.16053999999999999 -0.014682600000000001
-0.083758200000000005 0.159941 -0.014301700000000001
-0.083123100000000005 0.16545599999999999 -0.014263400000000001
-0.075433799999999995 0.16677400000000001 -0.014649799999999999
-0.073730000000000004 0.16891200000000001 -0.013740499999999999
-0.073058200000000004 0.17019999999999999 -0.0149271
-0.072945700000000002 0.173957 -0.014009799999999999
-0.067171599999999998 0.17802799999999999 -0.0139799
-0.035354700000000003 0.17752799999999999 -0.014414700000000001
-0.0471508 0.180976 -0.013886000000000001
-0.043228500000000003 0.18168100000000001 -0.013516
-0.042975100000000002 0.18509999999999999 -0.015254200000000001
-0.039231299999999997 0.18588499999999999 -0.015303199999999999
0.028913000000000001 0.052893000000000003 -0.0146161
0.030717299999999999 0.053460399999999998 -0.013592
0.034629800000000002 0.053570199999999998 -0.0138963
0.036186200000000002 0.053002199999999999 -0.0149157
-0.0552833 0.053338700000000003 -0.013701
-0.051146799999999999 0.053460399999999998 -0.0142113
-0.022328799999999999 0.053854300000000001 -0.014105400000000001
0.062933000000000003 0.053813600000000003 -0.013779
0.063205700000000004 0.066081799999999996 -0.013498400000000001
0.0133808 0.066821000000000005 -0.0135354
0.057546 0.069601399999999994 -0.014854300000000001
0.050060599999999997 0.074360599999999999 -0.0141764
-0.00234928 0.075342400000000004 -0.013762999999999999
0.0120678 0.075229199999999996 -0.0139478
-0.084288199999999994 0.078752100000000005 -0.013899
-0.00058902100000000001 0.078712000000000004 -0.0136737
0.0131667 0.083158300000000004 -0.0139393
0.0013997199999999999 0.083364300000000002 -0.0138382
-0.083583299999999999 0.096176800000000007 -0.014052500000000001
0.054508800000000003 0.096433699999999997 -0.0135018
0.021915500000000001 0.10051599999999999 -0.0134521
-0.0467155 0.099411200000000005 -0.0147125
-0.042496100000000002 0.104077 -0.014079
-0.027653299999999999 0.10872900000000001 -0.014457599999999999
0.011835500000000001 0.111276 -0.0140167
0.027968699999999999 0.111237 -0.0145133
0.075395000000000004 0.112409 -0.013952300000000001
0.012582599999999999 0.11390400000000001 -0.013605799999999999
-0.073140700000000003 0.117338 -0.014765500000000001
0.017540300000000002 0.121131 -0.0141078
0.062942200000000004 0.13254199999999999 -0.014538000000000001
0.067416400000000001 0.13228300000000001 -0.014170800000000001
-0.056395300000000002 0.13681399999999999 -0.0138379
-0.075509099999999996 0.14027100000000001 -0.0138443
-0.0060221900000000002 0.140983 -0.013477299999999999
0.071754700000000005 0.14422499999999999 -0.0138405
0.078892799999999999 0.14471100000000001 -0.0144286
-0.023833099999999999 0.145147 -0.013875500000000001
0.0552268 0.14526 -0.0140024
-0.0235479 0.14823500000000001 -0.013702799999999999
-0.066130599999999998 0.151175 -0.014732500000000001
0.018532699999999999 0.15584500000000001 -0.014376699999999999
0.0344193 0.155998 -0.014406199999999999
0.021835500000000001 0.15615000000000001 -0.013815900000000001
-0.066960800000000001 0.16020899999999999 -0.0140903
-0.082001000000000004 0.15886 -0.0136623
-0.027016600000000002 0.16602 -0.014079100000000001
-0.0295313 0.17033699999999999 -0.0140112
-0.055328299999999997 0.18066599999999999 -0.014024399999999999
-0.051303399999999999 0.18090200000000001 -0.0138215
-0.026553 0.053189 -0.013946500000000001
-0.0264374 0.053044800000000003 -0.0141344
-0.039108900000000002 0.055391200000000002 -0.0140336
-0.034433699999999998 0.055256899999999998 -0.013267599999999999
0.054709199999999999 0.054667300000000002 -0.0138811
-0.018252500000000001 0.055898000000000003 -0.013540999999999999
0.0195024 0.0561194 -0.0135917
0.051387500000000003 0.055356200000000001 -0.0134112
0.069948899999999994 0.0590935 -0.013280999999999999
-0.078818100000000002 0.063959600000000005 -0.0133046
-0.0085401299999999999 0.066593700000000006 -0.0140556
-0.0068823699999999996 0.068471400000000002 -0.013438200000000001
0.0124458 0.070661399999999999 -0.013389399999999999
0.012023600000000001 0.072008000000000003 -0.0144472
0.052026599999999999 0.072611400000000006 -0.0134352
-0.083413299999999996 0.075013800000000005 -0.0141171
0.0199848 0.0982045 -0.014604499999999999
-0.082618200000000003 0.10045 -0.013399299999999999
0.0083539900000000004 0.100436 -0.01388
0.023899500000000001 0.104131 -0.0138745
0.030495100000000001 0.11635 -0.0139992
0.031480800000000003 0.12042899999999999 -0.013367499999999999
0.082794699999999999 0.12526200000000001 -0.0135403
0.087886500000000006 0.13214699999999999 -0.014025299999999999
-0.0579391 0.13486400000000001 -0.0134269
-0.053994800000000003 0.140935 -0.0131891
-0.024914100000000002 0.14011799999999999 -0.0134638
-0.0787519 0.141483 -0.0135183
-0.078767799999999999 0.14483299999999999 -0.0133483
0.0071178700000000001 0.15188199999999999 -0.0140248
0.039817900000000003 0.154251 -0.0135561
-0.056716299999999997 0.15825900000000001 -0.013680899999999999
-0.024898199999999999 0.15917400000000001 -0.0146324
-0.031452300000000002 0.17294200000000001 -0.01358
-0.043537100000000002 0.100628 -0.013370399999999999
-0.065541799999999997 0.126888 -0.0135484
0.082860000000000003 0.14454700000000001 -0.0136635
-0.039473800000000003 0.181474 -0.0139484
0.0591234 0.054076300000000001 -0.013565300000000001
0.000161204 0.080332500000000001 -0.013449900000000001
0.071384900000000001 0.10846600000000001 -0.0134812
-0.022497300000000001 0.116475 -0.013448699999999999
0.063188999999999995 0.12883500000000001 -0.0136098
-0.0615963 0.13076499999999999 -0.013465400000000001
0.026760900000000001 0.156199 -0.0132421
0.0390099 0.053392299999999997 -0.013098800000000001
-0.019531300000000001 0.121069 -0.0131635
0.087349499999999997 0.129417 -0.0131063
0.060130900000000001 0.13645199999999999 -0.0134558
-0.0714196 0.160079 -0.013136800000000001
-0.062878100000000006 0.17986199999999999 -0.013212700000000001
0.046277100000000002 0.052946300000000002 -0.0128664
-0.038570800000000002 0.095819299999999996 -0.013017600000000001
0.0078972399999999998 0.099410899999999996 -0.0128057
0.074624700000000002 0.10834299999999999 -0.0129272
-0.033401699999999999 0.12008000000000001 -0.0129815
0.065657900000000005 0.124476 -0.012793000000000001
0.090894299999999997 0.13619500000000001 -0.013059899999999999
0.087308800000000006 0.143759 -0.012833000000000001
0.036446100000000002 0.155057 -0.012670600000000001
-0.074272000000000005 0.15922600000000001 -0.0132146
-0.087929599999999997 0.16794700000000001 -0.0127584
-0.038543800000000003 0.17840400000000001 -0.012843800000000001
0.017073399999999999 0.092391699999999993 -0.013192799999999999
0.067563799999999993 0.109164 -0.012782200000000001
-0.078162899999999993 0.111483 -0.0128568
0.089865899999999999 0.13943700000000001 -0.013135600000000001
-0.070137199999999997 0.14315 -0.012590199999999999
-0.0039057300000000001 0.072891499999999998 -0.012677300000000001
0.0205288 0.097868700000000003 -0.012722499999999999
-0.081641500000000006 0.103745 -0.012667899999999999
0.025148500000000001 0.10563500000000001 -0.012829
0.060584399999999997 0.133354 -0.0126053
-0.0079231400000000004 0.13847499999999999 -0.012974400000000001
-0.0245259 0.14336399999999999 -0.012421700000000001
0.072261699999999998 0.147095 -0.012523400000000001
0.016876200000000001 0.15502299999999999 -0.012572399999999999
-0.077822199999999994 0.167437 -0.012648299999999999
-0.090632799999999999 0.16860900000000001 -0.012593699999999999
-0.024481800000000001 0.10960300000000001 -0.0123295
-0.069650100000000006 0.123194 -0.012411699999999999
0.056987000000000003 0.14185700000000001 -0.0126269
-0.081836999999999993 0.14316400000000001 -0.012380499999999999
0.0469387 0.053269299999999999 -0.010014
0.039730799999999997 0.0548318 -0.0097573999999999994
0.072064299999999998 0.059099800000000001 -0.0103053
0.068381999999999998 0.063517400000000002 -0.011599699999999999
0.014905399999999999 0.083071199999999998 -0.0104422
0.00512985 0.092523900000000006 -0.010752100000000001
0.018700100000000001 0.091938300000000001 -0.010328800000000001
0.055260700000000003 0.096509399999999995 -0.010392999999999999
-0.0267447 0.104065 -0.0107765
-0.081352099999999997 0.105563 -0.0121875
0.070835499999999996 0.106237 -0.012126400000000001
-0.036096099999999999 0.11698600000000001 -0.011778500000000001
0.0635931 0.119939 -0.0114089
-0.035050499999999998 0.12033199999999999 -0.010423399999999999
0.076899700000000001 0.12026100000000001 -0.010367400000000001
0.083889099999999994 0.12523000000000001 -0.011451100000000001
0.067685599999999999 0.12786900000000001 -0.011376600000000001
0.059564699999999998 0.13189300000000001 -0.010137500000000001
-0.027877699999999998 0.133662 -0.0111477
-0.0088707500000000002 0.13539999999999999 -0.010722300000000001
-0.0069888499999999996 0.13736300000000001 -0.0100474
0.069142999999999996 0.13775299999999999 -0.0119399
-0.075022699999999998 0.14150599999999999 -0.010500900000000001
-0.081803200000000006 0.141453 -0.012307200000000001
0.071089100000000002 0.14446400000000001 -0.0107189
-0.063631800000000002 0.14428299999999999 -0.0104879
0.087776199999999999 0.14580899999999999 -0.0109903
0.0518582 0.14547099999999999 -0.0099428499999999996
0.050485099999999998 0.148004 -0.0113706
0.043174700000000003 0.15179599999999999 -0.0110168
-0.0218011 0.15355199999999999 -0.011598199999999999
0.028896499999999999 0.15579899999999999 -0.0121867
-0.075065400000000004 0.16156999999999999 -0.0101806
-0.087822300000000006 0.16994200000000001 -0.0104811
-0.083287100000000003 0.16884399999999999 -0.0102396
-0.025917800000000001 0.169213 -0.0118283
-0.068035399999999996 0.17886299999999999 -0.010773
-0.047272500000000002 0.055691200000000003 -0.010393400000000001
0.049882500000000003 0.088307099999999999 -0.010862399999999999
-0.041275800000000001 0.097321900000000003 -0.011902299999999999
-0.030552900000000001 0.099852700000000003 -0.0109105
0.0275649 0.107597 -0.010344600000000001
-0.025209800000000001 0.10735599999999999 -0.011472599999999999
0.076294399999999998 0.107964 -0.011876299999999999
-0.0220062 0.112347 -0.010262
0.077336100000000005 0.11148 -0.012064699999999999
0.0108048 0.11233 -0.010178
0.013044699999999999 0.11699900000000001 -0.0105787
0.093121200000000001 0.136846 -0.0098891499999999993
-0.063499399999999998 0.15401200000000001 -0.0102337
-0.020860799999999999 0.160554 -0.012038999999999999
-0.017589799999999999 0.16133700000000001 -0.011953699999999999
-0.018040500000000001 0.16597500000000001 -0.010999
-0.022372099999999999 0.16669200000000001 -0.0121285
-0.072941199999999998 0.170511 -0.0116179
0.021772 0.053802000000000003 -0.010243199999999999
-0.0551566 0.054094400000000001 -0.0099452099999999995
-0.051564400000000003 0.055021800000000003 -0.0097565099999999995
0.030259299999999999 0.054346499999999999 -0.0101609
-0.043497899999999999 0.056323499999999999 -0.0101209
-0.038969299999999998 0.056569700000000001 -0.0103607
-0.0182528 0.055339199999999998 -0.010045200000000001
0.017507100000000001 0.058674299999999999 -0.0098303699999999997
-0.013929800000000001 0.058923799999999998 -0.0103082
-0.079702999999999996 0.063119400000000006 -0.0099935100000000006
-0.0104104 0.063026499999999999 -0.0101481
0.0134339 0.070840700000000006 -0.010354199999999999
-0.083905900000000005 0.071177099999999993 -0.0099529100000000006
0.013661899999999999 0.075169700000000006 -0.0098729200000000003
-0.085409299999999994 0.077865400000000001 -0.010936700000000001
0.047309400000000001 0.083014599999999994 -0.0099692400000000007
0.017471799999999999 0.088144399999999998 -0.0095389099999999994
-0.085048700000000005 0.096424099999999999 -0.010389799999999999
0.0075440000000000004 0.100729 -0.010361799999999999
0.023205900000000002 0.099650699999999995 -0.0102177
-0.040513100000000003 0.104877 -0.010923199999999999
-0.082559800000000003 0.104436 -0.0098569199999999999
0.0086779300000000004 0.105215 -0.010241
0.071043599999999998 0.10428900000000001 -0.010683099999999999
-0.039681599999999997 0.10867 -0.0106605
0.066613599999999995 0.10757799999999999 -0.011129200000000001
-0.080716300000000005 0.108377 -0.0099915100000000003
-0.023440800000000001 0.108637 -0.0099228900000000002
-0.078632300000000002 0.112343 -0.0099758999999999994
0.029837200000000001 0.11196 -0.0099165799999999995
0.078846100000000002 0.11257300000000001 -0.0100248
0.031738700000000002 0.116456 -0.0100838
0.063515600000000005 0.11644400000000001 -0.0107367
0.032371400000000002 0.12048200000000001 -0.010857500000000001
0.065753300000000001 0.120797 -0.0094823900000000003
-0.017830599999999999 0.12055399999999999 -0.0098368199999999996
0.066941399999999998 0.124583 -0.0098914499999999995
0.075126399999999996 0.12445000000000001 -0.0097144499999999995
0.022332000000000001 0.12598100000000001 -0.011421499999999999
0.078945500000000002 0.12568199999999999 -0.011315199999999999
-0.0154926 0.12506500000000001 -0.0098615899999999999
-0.0306945 0.128552 -0.0099041100000000007
0.088123300000000002 0.12898200000000001 -0.010489500000000001
-0.063957600000000003 0.12895100000000001 -0.010005099999999999
-0.061580099999999999 0.13097 -0.0100304
0.068907200000000002 0.13117200000000001 -0.011683900000000001
-0.059415099999999998 0.132963 -0.0098543999999999993
-0.0104901 0.13267599999999999 -0.010183299999999999
0.071287400000000001 0.13655400000000001 -0.010416099999999999
0.095112199999999994 0.13663600000000001 -0.010016300000000001
-0.027597199999999999 0.136571 -0.0097952100000000004
-0.026336100000000001 0.1406 -0.010124899999999999
0.089750499999999997 0.14058599999999999 -0.0098763700000000006
-0.083460699999999999 0.14006099999999999 -0.0102767
-0.083675100000000002 0.145259 -0.0103293
0.091065499999999994 0.14423800000000001 -0.0102469
-0.054886699999999997 0.14442099999999999 -0.0098588900000000004
-0.00093571099999999999 0.14381099999999999 -0.0103406
0.084223900000000004 0.14610500000000001 -0.010488900000000001
0.076336100000000004 0.14760200000000001 -0.0103377
0.0826012 0.148226 -0.0099229599999999998
-0.0222048 0.148732 -0.0098494700000000008
0.0474633 0.149314 -0.010188600000000001
0.00631665 0.148982 -0.0097733799999999999
0.0104172 0.15173400000000001 -0.010313900000000001
0.039347100000000003 0.15265899999999999 -0.0098493999999999995
0.017879800000000001 0.153892 -0.0100255
0.025593899999999999 0.155334 -0.010951499999999999
0.0305689 0.15437699999999999 -0.0096296300000000001
-0.058642600000000003 0.155808 -0.00998309
-0.083128800000000003 0.160247 -0.0101805
-0.079356800000000005 0.16153400000000001 -0.0097404099999999997
-0.055792399999999999 0.15794900000000001 -0.0099704900000000003
-0.055660399999999999 0.160666 -0.0097395899999999994
-0.062853900000000004 0.16225999999999999 -0.010072299999999999
-0.010135099999999999 0.162101 -0.0100578
-0.090650900000000006 0.163053 -0.010096600000000001
-0.014327299999999999 0.16520899999999999 -0.0106293
-0.078790200000000005 0.16859299999999999 -0.0099926500000000005
-0.091750700000000004 0.17014000000000001 -0.010342199999999999
-0.030500900000000001 0.173511 -0.010302
-0.035963099999999998 0.17627899999999999 -0.0102556
-0.059134300000000001 0.180895 -0.0099169099999999993
-0.055254200000000003 0.18072099999999999 -0.0098213299999999996
-0.0473873 0.180372 -0.010144500000000001
0.025487900000000001 0.052882499999999999 -0.0096810200000000003
0.027256900000000001 0.053292899999999997 -0.0100156
0.043417799999999999 0.053715600000000002 -0.010247900000000001
0.047572900000000001 0.052925899999999998 -0.010244400000000001
-0.030492999999999999 0.054586900000000001 -0.0099722700000000001
0.051176199999999998 0.053638600000000002 -0.0101882
-0.063440399999999994 0.053602499999999997 -0.010133400000000001
0.067062399999999994 0.0537276 -0.0101043
-0.0219496 0.053682599999999997 -0.0098226200000000007
0.058969399999999998 0.054007600000000003 -0.0098364799999999999
-0.067278699999999997 0.054642400000000001 -0.010227
-0.034988999999999999 0.056083000000000001 -0.0097108200000000002
0.0195233 0.0562859 -0.010023499999999999
-0.070708800000000002 0.055752099999999999 -0.0098781000000000008
-0.075032299999999996 0.058389900000000002 -0.0098669900000000008
-0.077728199999999997 0.060493699999999997 -0.0099246899999999999
0.070479299999999995 0.063013100000000002 -0.0097089199999999994
0.0154009 0.063210299999999997 -0.0097475600000000006
-0.081048800000000004 0.066128500000000007 -0.011039
0.0142179 0.067286100000000001 -0.010057
0.063378400000000001 0.067310599999999998 -0.0098024400000000008
0.059187200000000002 0.067961599999999997 -0.0099875899999999993
-0.0071722299999999999 0.0674231 -0.0098882299999999996
0.054829200000000002 0.070412699999999995 -0.0096323099999999998
0.052126499999999999 0.072518899999999997 -0.010576500000000001
-0.0036625 0.072980600000000007 -0.0099963399999999994
-0.0021775499999999999 0.075298900000000002 -0.010238799999999999
0.050343499999999999 0.074948299999999995 -0.0095503299999999992
0.048258200000000001 0.076753399999999999 -0.0109532
-0.00061303799999999999 0.078882499999999994 -0.0098911299999999997
0.000115504 0.080396999999999996 -0.0113708
0.0141479 0.079123899999999997 -0.010025299999999999
0.0012543999999999999 0.083813399999999996 -0.0101254
0.015659699999999999 0.086644799999999994 -0.010853099999999999
0.047331100000000001 0.088060399999999997 -0.0088872599999999993
0.0030175900000000001 0.087510500000000005 -0.0097524099999999996
-0.086525599999999994 0.087782499999999999 -0.0098470299999999997
-0.086568000000000006 0.091317899999999994 -0.0090502099999999995
0.051270999999999997 0.091483999999999996 -0.0097458700000000002
0.053313600000000003 0.093325000000000005 -0.011487499999999999
0.0060338900000000001 0.0960646 -0.0099399399999999995
-0.040428600000000002 0.0979738 -0.011167399999999999
-0.038552799999999998 0.097042100000000006 -0.0095946
-0.034794600000000002 0.096800200000000003 -0.010049000000000001
0.058711199999999998 0.100378 -0.0108647
-0.034226300000000001 0.099081600000000006 -0.011525000000000001
0.024103900000000001 0.10206800000000001 -0.0108027
0.059048499999999997 0.104528 -0.010185100000000001
0.026076599999999998 0.10434400000000001 -0.0099735399999999995
0.067509100000000002 0.10516399999999999 -0.0094601900000000003
0.0095720000000000006 0.108625 -0.0102381
0.078862799999999997 0.108511 -0.0098080300000000006
0.0780975 0.116786 -0.0099815300000000006
-0.020786099999999998 0.11557000000000001 -0.010665300000000001
-0.019651100000000001 0.11694400000000001 -0.0094907700000000008
0.0145077 0.120238 -0.0097855900000000003
0.016345999999999999 0.12151099999999999 -0.0110884
-0.033294799999999999 0.12359199999999999 -0.0096342900000000002
-0.0166491 0.123238 -0.010149200000000001
0.0614928 0.124373 -0.011377
-0.067757700000000004 0.12527199999999999 -0.0103286
-0.0319423 0.12562000000000001 -0.0101084
0.022633199999999999 0.12715799999999999 -0.0098035099999999997
0.083694000000000005 0.128638 -0.010658600000000001
-0.065818500000000002 0.12751999999999999 -0.0099334100000000002
-0.013599699999999999 0.12825600000000001 -0.0099574799999999995
0.059892599999999997 0.12877 -0.0097084300000000005
-0.057770200000000001 0.13480600000000001 -0.0109409
-0.055876500000000003 0.13678599999999999 -0.0098249199999999991
-0.0051417199999999998 0.139904 -0.0103295
-0.053656299999999997 0.14036000000000001 -0.0099531299999999993
0.071685899999999997 0.14083100000000001 -0.0100494
0.055381199999999998 0.141043 -0.0097201700000000002
-0.052777999999999999 0.14319799999999999 -0.010006599999999999
-0.071790000000000007 0.14241000000000001 -0.0094421100000000001
-0.069629399999999994 0.14293900000000001 -0.0109938
-0.0256896 0.14427899999999999 -0.0096461600000000008
-0.067042000000000004 0.143512 -0.0098714700000000002
0.0016877699999999999 0.14557400000000001 -0.0096601199999999995
-0.024296100000000001 0.14676500000000001 -0.010049300000000001
0.0755305 0.14618700000000001 -0.0095556500000000006
-0.0751748 0.14821500000000001 -0.0099641199999999999
0.079430899999999999 0.14990999999999999 -0.0097448299999999995
-0.071453100000000005 0.14918899999999999 -0.0099520600000000004
-0.068325200000000003 0.150251 -0.0109423
-0.018036199999999999 0.15734200000000001 -0.0101125
0.013742000000000001 0.15271999999999999 -0.0098398600000000006
0.034918600000000001 0.15384500000000001 -0.0100245
-0.087543300000000004 0.16081699999999999 -0.0098964299999999995
-0.067585500000000007 0.162269 -0.0099403900000000003
-0.059227700000000001 0.162021 -0.0096572399999999992
-0.0106789 0.16430600000000001 -0.010105100000000001
-0.092703099999999997 0.16458999999999999 -0.0099377500000000004
-0.0178782 0.169684 -0.0105053
-0.0144621 0.1706 -0.0102925
-0.072723899999999994 0.17347499999999999 -0.0098990799999999993
-0.010670300000000001 0.173897 -0.0101294
-0.034499799999999997 0.175347 -0.0098551699999999999
-0.070896100000000004 0.17765 -0.0098773699999999999
-0.039244800000000003 0.177731 -0.0100635
-0.0446755 0.17994599999999999 -0.0111538
-0.051365399999999999 0.180622 -0.0099932100000000006
0.056621299999999999 0.068879800000000005 -0.0098660199999999997
0.078639000000000001 0.104978 -0.0091962199999999997
-0.0294431 0.131717 -0.0095453399999999994
-0.022222800000000001 0.17361199999999999 -0.0093285499999999997
-0.017715000000000002 0.17380499999999999 -0.010157899999999999
0.063191600000000001 0.112501 -0.0097071599999999994
0.059954399999999998 0.116146 -0.0095392500000000009
0.060492900000000002 0.120653 -0.0097290399999999996
0.060349600000000003 0.124239 -0.0097878099999999992
-0.087407100000000001 0.14045299999999999 -0.0093237800000000003
-0.087215100000000004 0.14379400000000001 -0.0093251900000000006
-0.017669500000000001 0.14893400000000001 -0.0096157299999999994
-0.013691 0.14984600000000001 -0.0097799500000000008
-0.095728999999999995 0.166634 -0.0095100400000000009
-0.095622799999999994 0.16955999999999999 -0.0092475200000000004
-0.026432799999999999 0.173404 -0.0095237199999999994
0.074878200000000006 0.12834100000000001 -0.0101875
0.055231000000000002 0.100295 -0.0099301100000000007
0.055356700000000002 0.104583 -0.0095024800000000006
0.058640100000000001 0.10870100000000001 -0.0099108600000000005
0.050241599999999997 0.052925199999999999 -0.0089135399999999993
-0.015660500000000001 0.056996499999999999 -0.0092125000000000002
0.064264799999999997 0.069798499999999999 -0.00868003
0.066820400000000002 0.070766700000000002 -0.0087344399999999996
0.0039929299999999996 0.090071399999999996 -0.0095010900000000002
-0.086055499999999993 0.093990699999999996 -0.0091954399999999992
0.051332099999999999 0.096355099999999999 -0.0094794100000000006
-0.031422699999999998 0.096746499999999999 -0.0090520600000000007
-0.027660199999999999 0.100657 -0.0091543300000000005
0.0520498 0.100063 -0.0091501800000000008
0.0250108 0.101608 -0.0092805400000000003
0.075154899999999997 0.10065399999999999 -0.0091333300000000003
0.0077787100000000003 0.10373400000000001 -0.0090095799999999997
-0.024475799999999999 0.105667 -0.0091082899999999998
0.0642485 0.10595300000000001 -0.0088521299999999997
0.056511400000000003 0.108612 -0.0086559400000000009
0.029138399999999998 0.109593 -0.0090918400000000003
0.0334162 0.120876 -0.0088397300000000005
0.033384999999999998 0.123348 -0.0087765800000000008
0.075228000000000003 0.13233200000000001 -0.0093585500000000002
0.087427099999999994 0.13245499999999999 -0.0090560399999999996
0.079120099999999999 0.13289000000000001 -0.0094189600000000005
-0.052803799999999998 0.14147399999999999 -0.0090194699999999999
0.092434699999999995 0.147204 -0.0088387499999999994
-0.081798499999999996 0.14736299999999999 -0.00904049
0.088888499999999995 0.147509 -0.0090595199999999997
0.0094433499999999997 0.14987 -0.0087400599999999991
0.043681299999999999 0.15029400000000001 -0.0089338400000000002
0.0273095 0.154339 -0.0090284300000000005
0.047489400000000001 0.091871599999999998 -0.0088994399999999998
0.070938399999999999 0.12576499999999999 -0.0088070000000000006
-0.046287700000000001 0.17951600000000001 -0.0085591999999999994
0.069581500000000004 0.066037700000000005 -0.0085824000000000004
0.053001100000000002 0.10319299999999999 -0.0083895199999999993
0.011115 0.115443 -0.0084510399999999999
0.019166599999999999 0.126719 -0.0085562999999999993
-0.0116557 0.13002 -0.0088786200000000003
0.087858400000000003 0.13486899999999999 -0.0082449700000000008
-0.089987600000000001 0.14144999999999999 -0.0085927
-0.086011500000000005 0.14747299999999999 -0.0083642400000000002
-0.073709899999999995 0.172705 -0.0084476199999999994
-0.041782800000000002 0.110849 -0.0084431999999999997
0.065309900000000004 0.11755 -0.0089566400000000001
0.015226999999999999 0.12275 -0.0085730500000000005
0.083060700000000001 0.13527500000000001 -0.0083952300000000001
-0.043650500000000002 0.055967700000000002 -0.0057173700000000003
-0.0471496 0.056515999999999997 -0.0061036399999999996
0.059212300000000002 0.068537500000000001 -0.0072669900000000001
0.075368000000000004 0.13769999999999999 -0.0080060800000000005
-0.088008299999999998 0.14887600000000001 -0.0066261699999999998
-0.0223976 0.14674200000000001 -0.0071889700000000003
-0.0223077 0.148421 -0.0053164099999999997
-0.0857956 0.15912499999999999 -0.0067294800000000004
-0.082060400000000006 0.170598 -0.00810869
-0.097723599999999994 0.17234099999999999 -0.0082063899999999992
0.025506600000000001 0.052937400000000003 -0.0060096500000000001
0.047212700000000003 0.054229899999999998 -0.0061791700000000003
0.051805999999999998 0.052929900000000002 -0.0062893799999999998
-0.0269293 0.053553400000000001 -0.0062426799999999996
0.067339700000000002 0.053688100000000002 -0.00590684
0.0718192 0.054714800000000001 -0.0061248700000000001
-0.067014099999999993 0.054033600000000001 -0.0060479000000000002
0.027904000000000002 0.053740200000000002 -0.0059754200000000004
-0.055520899999999998 0.054955299999999999 -0.0058436800000000004
-0.017728799999999999 0.055515399999999999 -0.0058954100000000002
-0.071246699999999996 0.0552466 -0.0061339000000000003
-0.030699000000000001 0.054898799999999998 -0.0058611899999999996
0.043184899999999998 0.055335599999999999 -0.0061081299999999998
0.055257100000000003 0.053632699999999998 -0.0065256799999999998
-0.034600400000000003 0.056425299999999998 -0.0059388399999999999
0.034945299999999999 0.055622600000000001 -0.0055856400000000002
0.039272000000000001 0.0557613 -0.0058965299999999997
-0.039433200000000002 0.056522900000000001 -0.0063403599999999997
-0.074093900000000004 0.056698600000000002 -0.0058419500000000003
0.074181999999999998 0.059098100000000001 -0.0058891799999999999
-0.075649900000000006 0.057690600000000002 -0.00651207
-0.014125499999999999 0.058707000000000002 -0.0059315599999999998
-0.078615099999999993 0.060461300000000003 -0.0057399699999999996
-0.0100921 0.063308299999999998 -0.0063699799999999999
0.072962600000000002 0.061212500000000003 -0.0076558299999999998
0.017203099999999999 0.063129000000000005 -0.0057527799999999999
0.015715400000000001 0.064808500000000005 -0.0078052199999999999
0.0158739 0.067097400000000001 -0.0064322800000000003
-0.083186599999999999 0.066952300000000006 -0.0057505000000000004
0.071460800000000005 0.067020099999999999 -0.0057982099999999998
0.061675899999999999 0.068731500000000001 -0.0071695099999999996
-0.0051827799999999997 0.070752800000000005 -0.0056792500000000003
0.055440499999999997 0.072259599999999993 -0.00604822
0.067245299999999994 0.072320599999999999 -0.0058585499999999997
0.063162099999999999 0.071183999999999997 -0.0060367499999999996
-0.0026415700000000002 0.075711100000000003 -0.0059014799999999997
0.051327400000000002 0.075593900000000006 -0.0060978300000000003
0.015628400000000001 0.075586500000000001 -0.0056567299999999996
-0.0867396 0.075705900000000007 -0.0054884799999999996
-0.0013501800000000001 0.079076599999999997 -0.0059767500000000003
0.0478547 0.079675599999999999 -0.0058807800000000004
0.015567299999999999 0.078502600000000006 -0.0078892300000000005
0.017069000000000001 0.079541899999999999 -0.0057083000000000004
-0.00052057600000000002 0.082591999999999999 -0.0054599000000000002
0.018373 0.083007300000000006 -0.0060608800000000003
-0.087499400000000005 0.083167400000000002 -0.0059024400000000001
0.00030660699999999997 0.083736599999999994 -0.0066127199999999999
-0.087174500000000002 0.088028200000000001 -0.0065264700000000004
0.047131300000000001 0.086635500000000004 -0.0076319700000000001
0.043762700000000002 0.087616100000000002 -0.0073277999999999998
0.019089999999999999 0.087088700000000005 -0.00722523
0.022236499999999999 0.088048100000000004 -0.0053188599999999999
0.0027092499999999999 0.091919500000000001 -0.0053138400000000002
0.022548800000000001 0.091901300000000005 -0.0068811300000000001
0.0048419600000000002 0.096174300000000004 -0.0069472199999999996
0.046731200000000001 0.096463099999999996 -0.0065461599999999997
-0.085963700000000004 0.096186199999999999 -0.0057986899999999996
-0.039819199999999999 0.095092800000000005 -0.0062197199999999998
-0.034468699999999998 0.094608600000000001 -0.0063811700000000002
-0.030115599999999999 0.096683400000000003 -0.0058042600000000003
-0.043093600000000003 0.096811300000000003 -0.0055159700000000002
0.075129100000000004 0.098395499999999997 -0.00808883
0.074939599999999995 0.096148499999999998 -0.0066065999999999998
0.049798599999999998 0.100743 -0.00703361
0.027063299999999998 0.100481 -0.0070191999999999997
0.070442900000000003 0.099607299999999996 -0.0070206899999999996
-0.043878 0.099689 -0.0068707400000000002
-0.027087400000000001 0.100216 -0.0063194599999999998
-0.0443939 0.10472099999999999 -0.0069117299999999996
0.051095000000000002 0.10484599999999999 -0.0058027
-0.025146000000000002 0.10276299999999999 -0.0059876900000000004
-0.083215499999999998 0.10467899999999999 -0.0059257299999999997
0.080857499999999999 0.104657 -0.0064359700000000001
0.0537242 0.10591299999999999 -0.0072814400000000001
-0.023659900000000001 0.104661 -0.00549761
-0.082359699999999994 0.107032 -0.0060534300000000003
0.030810000000000001 0.107711 -0.0063334200000000002
0.064334100000000005 0.104214 -0.0061051899999999999
-0.022082399999999999 0.108011 -0.0060560099999999997
0.00698483 0.10835599999999999 -0.0058899599999999996
0.054575100000000001 0.108552 -0.0067548900000000004
0.080925399999999995 0.108557 -0.0057018900000000003
0.0083239000000000004 0.109777 -0.0072273099999999998
-0.080647800000000006 0.109402 -0.0054378899999999999
0.065030900000000003 0.111752 -0.0077105699999999999
-0.041966799999999999 0.112405 -0.0058793600000000001
-0.021049700000000001 0.110948 -0.0068837899999999999
0.031676999999999997 0.11241900000000001 -0.0071127100000000004
0.0573638 0.112125 -0.00758597
-0.040661500000000003 0.113576 -0.0069714599999999996
0.080104900000000007 0.112538 -0.0061129399999999999
0.0100652 0.11647299999999999 -0.0064439199999999997
0.058215200000000002 0.116744 -0.0071157700000000004
-0.0391426 0.116615 -0.0062766200000000001
0.034419400000000003 0.116701 -0.0056981499999999999
-0.076124499999999998 0.11641799999999999 -0.0056527000000000001
0.066617300000000004 0.116843 -0.0056410599999999998
-0.074396000000000004 0.11917800000000001 -0.0065070600000000003
-0.037371700000000001 0.120064 -0.0054512900000000001
0.013202999999999999 0.121084 -0.0075632499999999997
0.035321600000000002 0.12047099999999999 -0.00566309
-0.0167864 0.119645 -0.0071848800000000003
0.075106999999999993 0.120127 -0.0062289399999999997
-0.0716778 0.121351 -0.0058938100000000002
-0.015007700000000001 0.120727 -0.0057182600000000002
0.0580723 0.12052599999999999 -0.0064317000000000003
-0.0134016 0.12436 -0.00662526
0.014031500000000001 0.12466099999999999 -0.0060796499999999998
-0.069887400000000002 0.12343899999999999 -0.0059504500000000004
0.073842900000000003 0.122706 -0.0076066099999999998
-0.034829400000000003 0.124611 -0.0057712700000000002
-0.067593200000000006 0.12523100000000001 -0.0056441800000000004
0.035447300000000001 0.12431 -0.0057302799999999999
0.034329800000000001 0.128221 -0.005653
-0.0319768 0.129027 -0.0070584599999999999
-0.065546800000000002 0.127107 -0.0061843899999999997
0.017761200000000001 0.12851000000000001 -0.0061424399999999999
-0.063405699999999995 0.129076 -0.0062643799999999999
-0.012321800000000001 0.12734699999999999 -0.0069239699999999998
-0.0104206 0.12874099999999999 -0.00587077
0.0307482 0.129576 -0.0072192200000000002
0.0276122 0.12989999999999999 -0.0078382399999999998
-0.059072399999999997 0.13220799999999999 -0.00599856
-0.030830099999999999 0.13275100000000001 -0.0066334999999999996
-0.030762500000000002 0.13613900000000001 -0.0058457500000000003
-0.054481099999999998 0.136576 -0.0063435000000000002
0.087925299999999998 0.137014 -0.0075975599999999997
0.092060699999999995 0.13671800000000001 -0.00755866
0.082891599999999996 0.137291 -0.0076380299999999996
0.095235700000000006 0.13644000000000001 -0.0077388500000000002
0.0548627 0.13619300000000001 -0.0064300800000000003
-0.0303748 0.14016400000000001 -0.0058711500000000003
-0.0015811499999999999 0.14072499999999999 -0.0070062800000000001
0.054156799999999998 0.13991000000000001 -0.0076289699999999997
0.090921299999999997 0.14075399999999999 -0.0071147900000000002
-0.091827599999999995 0.14057700000000001 -0.0064691499999999999
-0.083085699999999998 0.13981299999999999 -0.0062464299999999999
-0.027822 0.139871 -0.0079911099999999992
-0.079115199999999997 0.14039399999999999 -0.0059822699999999996
0.087360999999999994 0.14071900000000001 -0.0064987899999999999
0.072883400000000001 0.141376 -0.0078266199999999994
0.0512501 0.14055400000000001 -0.0058908199999999997
-0.051454300000000001 0.14396500000000001 -0.0058718199999999998
0.092081200000000002 0.14472299999999999 -0.00638326
-0.030352400000000002 0.14397199999999999 -0.0051394400000000003
-0.026089600000000001 0.145565 -0.0063907199999999999
0.075262899999999994 0.14401800000000001 -0.0076796099999999999
-0.063474000000000003 0.144284 -0.0055376899999999996
0.0022543300000000001 0.14374999999999999 -0.0066585699999999999
0.072790800000000003 0.14414299999999999 -0.0075987299999999997
-0.0591268 0.14522699999999999 -0.0058516200000000001
-0.055163200000000003 0.14513400000000001 -0.0058846899999999997
0.0057329900000000003 0.14471700000000001 -0.0059252200000000001
0.083701700000000004 0.14477100000000001 -0.0064826399999999996
0.093948599999999993 0.14732500000000001 -0.0070009499999999997
0.047153500000000001 0.14498800000000001 -0.0060593799999999996
0.081859100000000004 0.14843100000000001 -0.0071102800000000001
0.087560299999999994 0.144874 -0.0055886099999999999
0.0070863000000000002 0.14716899999999999 -0.0072671999999999997
-0.078747700000000004 0.14871300000000001 -0.0058352300000000003
0.088633699999999996 0.14763899999999999 -0.0069835599999999998
-0.075486499999999998 0.149565 -0.0067440199999999999
0.091999399999999995 0.14819199999999999 -0.0059706899999999999
0.0101841 0.14798700000000001 -0.0068275200000000001
0.0436082 0.14823800000000001 -0.0067045100000000003
-0.014619699999999999 0.149844 -0.00749688
-0.071259299999999998 0.15213599999999999 -0.0061638600000000002
0.0137816 0.14885100000000001 -0.0063707399999999997
0.018113400000000002 0.15162900000000001 -0.00720596
-0.014771100000000001 0.152 -0.0072780500000000003
0.035157899999999999 0.15168799999999999 -0.00694408
0.021836000000000001 0.152036 -0.0069047300000000004
0.026326800000000001 0.15208099999999999 -0.00634557
0.031031699999999999 0.15226000000000001 -0.0068175299999999996
-0.063719300000000006 0.154418 -0.0057710399999999999
-0.058885399999999997 0.15574099999999999 -0.0060762699999999999
-0.054749699999999998 0.157554 -0.0060142700000000004
-0.018458499999999999 0.15812300000000001 -0.0063120700000000004
-0.083433300000000002 0.16165499999999999 -0.0069843400000000003
-0.013986500000000001 0.16146099999999999 -0.0070638100000000002
-0.054654399999999999 0.16098199999999999 -0.0058122900000000003
-0.090846999999999997 0.16290299999999999 -0.0062518299999999999
-0.063228099999999995 0.162527 -0.00584477
-0.075095099999999998 0.163911 -0.0058965600000000003
-0.071183099999999999 0.16324 -0.0069423699999999998
-0.092835500000000001 0.16514200000000001 -0.0060486000000000003
-0.0138446 0.164551 -0.00731959
-0.0946713 0.16678299999999999 -0.0062564700000000001
-0.0183438 0.16550999999999999 -0.0062237200000000003
-0.017959900000000001 0.17015 -0.0070236700000000001
-0.099239999999999995 0.17050499999999999 -0.0064876400000000002
-0.079327900000000007 0.17078399999999999 -0.0076073299999999998
-0.091789899999999994 0.17329600000000001 -0.0059997699999999998
-0.0880021 0.17323 -0.0069165800000000003
-0.075210100000000002 0.17331199999999999 -0.0062097400000000001
-0.014344600000000001 0.173073 -0.0075989600000000001
-0.022424900000000001 0.173876 -0.0060516199999999997
-0.0183013 0.17302200000000001 -0.0066713800000000002
-0.073089100000000004 0.17484 -0.0061877099999999999
-0.033544200000000003 0.175292 -0.00708386
-0.0713921 0.17799100000000001 -0.0060026300000000001
-0.039320399999999998 0.17846799999999999 -0.0074885999999999998
-0.042981499999999999 0.178674 -0.00571288
-0.067493700000000004 0.17937700000000001 -0.0056682399999999997
-0.066067100000000004 0.17974999999999999 -0.0068156199999999997
-0.063521400000000006 0.18004999999999999 -0.0064015299999999999
-0.051657099999999997 0.179871 -0.0068815400000000002
-0.059160400000000002 0.18024299999999999 -0.0057999599999999998
-0.055511199999999997 0.180233 -0.0062723299999999996
-0.062891600000000006 0.053406799999999997 -0.0061536899999999999
-0.0226705 0.053548199999999997 -0.0059231400000000003
0.039271100000000003 0.059275899999999999 -0.0057021099999999998
0.0155666 0.070932800000000004 -0.0057850899999999997
-0.0038697900000000001 0.072888800000000004 -0.0074041599999999999
0.042677699999999999 0.082849800000000001 -0.0059500899999999999
0.071591600000000005 0.096348900000000001 -0.0054341600000000004
0.079382900000000006 0.096425399999999994 -0.0055037000000000003
0.027651999999999999 0.103475 -0.0077622999999999998
0.055483400000000002 0.112427 -0.0056163899999999998
0.065838599999999997 0.112385 -0.0056614999999999999
-0.0195427 0.11196 -0.0051216100000000004
0.058014799999999998 0.123768 -0.0065553399999999998
0.075259599999999996 0.140541 -0.0075184400000000004
-0.074980199999999997 0.14125399999999999 -0.0060135700000000002
-0.089247999999999994 0.14530000000000001 -0.0079314799999999994
0.045722699999999998 0.14818300000000001 -0.00757386
-0.059080199999999999 0.16193399999999999 -0.0061494499999999999
-0.077937199999999998 0.16325899999999999 -0.0073317399999999998
-0.079533099999999995 0.164408 -0.0056726399999999996
-0.0220833 0.170076 -0.0054439299999999996
-0.082825200000000002 0.17325499999999999 -0.0067965200000000003
-0.099312700000000004 0.174094 -0.0057744800000000002
-0.029713699999999999 0.175093 -0.0059632699999999997
0.063148499999999996 0.053956900000000002 -0.0059586500000000002
-0.081739099999999995 0.064152899999999999 -0.0054887599999999996
0.059111499999999997 0.070163500000000004 -0.00539991
0.065667699999999996 0.10895100000000001 -0.00524261
0.0302784 0.13222200000000001 -0.0053928800000000001
0.0261488 0.13255800000000001 -0.0054282100000000002
-0.096650700000000006 0.140204 -0.0060513499999999996
-0.030106600000000001 0.18199399999999999 -0.0058552400000000003
0.042119900000000002 0.060022899999999997 -0.0061222899999999999
0.073910400000000001 0.062703400000000006 -0.0052564400000000002
0.070191600000000007 0.070620699999999995 -0.0054492500000000001
0.067578799999999994 0.099773899999999999 -0.00553529
0.071033899999999997 0.120919 -0.0053705599999999999
0.0221021 0.131934 -0.0054793300000000001
0.055204700000000002 0.132465 -0.0054310499999999998
-0.096691200000000005 0.138157 -0.0060945000000000001
-0.052906799999999997 0.13782 -0.00568732
0.083412500000000001 0.140959 -0.00638253
0.078861299999999995 0.14032900000000001 -0.0067943999999999999
-0.078923400000000005 0.17354800000000001 -0.0054883800000000002
-0.0389269 0.18077799999999999 -0.00546709
-0.051076799999999999 0.17912400000000001 -0.0052405999999999998
0.036621099999999997 0.0579205 -0.0057778700000000001
0.0258958 0.092060299999999998 -0.00509875
-0.099980200000000005 0.14042099999999999 -0.0053049899999999999
0.0016013500000000001 0.14133499999999999 -0.0053291299999999996
0.050621100000000002 0.053401299999999999 -0.0048315900000000002
0.055196500000000003 0.052974399999999998 -0.0046997499999999999
0.073616200000000007 0.056800000000000003 -0.0050482399999999998
0.042725800000000001 0.062962900000000002 -0.0055418200000000003
0.0540495 0.073910699999999996 -0.0048881200000000001
0.049554099999999997 0.078506000000000006 -0.0045255900000000003
0.064419199999999996 0.100568 -0.0046819599999999998
-0.045372599999999999 0.104279 -0.0048002100000000001
0.0074264600000000002 0.112002 -0.0050542199999999999
0.033697100000000001 0.112596 -0.0050161199999999998
0.0769011 0.117356 -0.0051124999999999999
-0.033537999999999998 0.12856100000000001 -0.0051395099999999999
-0.032725799999999999 0.131356 -0.0050084200000000004
-0.055997100000000001 0.13403200000000001 -0.0052772000000000001
-0.0026262799999999999 0.13723299999999999 -0.0050698999999999996
-0.024563999999999999 0.14744499999999999 -0.0050474700000000001
-0.075050500000000006 0.15138099999999999 -0.0049835900000000004
-0.017754800000000001 0.161409 -0.0059251800000000004
0.039828500000000003 0.063142299999999998 -0.0048752800000000001
0.0438628 0.080725900000000003 -0.0050399900000000003
0.040645599999999997 0.084235599999999994 -0.0048803199999999996
0.040504999999999999 0.087712999999999999 -0.0046844800000000004
0.075102699999999994 0.092947500000000002 -0.0048696099999999999
0.077955200000000002 0.0930676 -0.0047192800000000002
-0.045428999999999997 0.100328 -0.0044855900000000002
0.030337099999999999 0.100831 -0.0049820100000000003
0.055725999999999998 0.116159 -0.0048392399999999999
-0.015818800000000001 0.117685 -0.0045900899999999998
0.055500000000000001 0.12853899999999999 -0.0048119599999999997
0.051760899999999999 0.13642099999999999 -0.0045382
-0.096532199999999999 0.14468700000000001 -0.0050517100000000001
-0.092343499999999995 0.14931700000000001 -0.0049408400000000002
0.043551199999999998 0.145034 -0.0049075799999999999
-0.022148000000000001 0.15329899999999999 -0.0049196500000000002
0.030609000000000001 0.14992800000000001 -0.0050800899999999998
0.022232499999999999 0.14919499999999999 -0.0049168399999999996
-0.052816700000000001 0.15934799999999999 -0.00462744
-0.071105299999999996 0.16380700000000001 -0.0049807200000000001
-0.031551299999999997 0.177595 -0.00542021
-0.096001600000000006 0.17618500000000001 -0.0047236800000000001
-0.083274100000000004 0.17755299999999999 -0.004646
-0.0082375199999999999 0.065967600000000001 -0.0048681899999999997
0.029459599999999999 0.097080600000000003 -0.0047235599999999999
0.081898499999999999 0.10191600000000001 -0.0047537899999999999
0.018273399999999999 0.131554 -0.0044085499999999998
-0.10064099999999999 0.14302799999999999 -0.0044924800000000001
0.034932299999999999 0.14845700000000001 -0.0044875100000000001
0.0257217 0.14963099999999999 -0.0048877
-0.022563 0.161743 -0.0046558600000000004
0.043404699999999997 0.067127400000000004 -0.0044507399999999999
0.00341684 0.096831100000000003 -0.0045812800000000001
0.047652 0.103404 -0.0044350300000000004
0.011576100000000001 0.12339 -0.0044813400000000003
-0.0113521 0.12479 -0.0043751700000000003
-0.060980100000000002 0.129798 -0.00453718
-0.095619700000000002 0.14697299999999999 -0.0045141199999999999
-0.087373099999999995 0.165493 -0.0043740100000000002
-0.063338099999999994 0.17951800000000001 -0.00440121
-0.055119899999999999 0.17950099999999999 -0.0045244400000000002
0.045858299999999998 0.067884399999999998 -0.0042387800000000002
0.020482199999999999 0.084264500000000006 -0.0045026600000000003
0.040533800000000002 0.091730900000000004 -0.0043366799999999999
0.033349900000000002 0.10853500000000001 -0.0044897599999999998
-0.025367299999999999 0.16620499999999999 -0.0043090000000000003
-0.0257253 0.169548 -0.0043627400000000004
-0.099022399999999997 0.17599400000000001 -0.0044484900000000003
-0.0110203 0.063480599999999998 -0.0023384999999999999
0.043570299999999999 0.071113300000000004 -0.0021404200000000001
-0.0049566999999999996 0.074663499999999994 -0.00195963
0.044587399999999999 0.074611499999999997 -0.0016250100000000001
0.072999999999999995 0.092832300000000006 -0.0042722899999999998
-0.033312399999999999 0.094363799999999998 -0.0021842799999999998
0.0038900699999999998 0.099497299999999997 -0.0044000000000000003
0.0023268099999999999 0.10082199999999999 -0.0019890400000000001
0.0530553 0.111538 -0.00419251
0.0062004800000000004 0.116301 -0.00232081
0.075162400000000004 0.116438 -0.00245547
-0.092078300000000002 0.141377 -0.0022502199999999998
0.0054425300000000001 0.141624 -0.0042700200000000002
-0.048948800000000001 0.14336699999999999 -0.0042385599999999997
0.013759499999999999 0.14524699999999999 -0.0042706100000000002
-0.091171100000000005 0.14991399999999999 -0.0022363700000000001
-0.082244300000000006 0.166437 -0.0033652299999999999
-0.075573699999999994 0.17433299999999999 -0.0016784600000000001
-0.080660599999999999 0.17643400000000001 -0.0041976299999999999
-0.060703899999999998 0.17952899999999999 -0.0042776100000000003
0.059379099999999997 0.053476299999999997 -0.0023483200000000001
0.0349859 0.055243100000000003 -0.00186835
0.0633518 0.054244100000000003 -0.0018497400000000001
0.031076800000000002 0.054837400000000001 -0.0019223599999999999
-0.034682900000000003 0.055761600000000001 -0.00199979
0.047389399999999998 0.055308099999999999 -0.00208318
-0.078375 0.060444999999999999 -0.0022494199999999998
0.035002199999999997 0.059131000000000003 -0.00126892
0.074328699999999998 0.06336 -0.00189358
0.039974500000000003 0.065987500000000004 -0.0022190600000000001
0.042290399999999999 0.067729800000000007 -0.0025016600000000002
0.073142299999999993 0.068080600000000005 -0.00301236
0.045768299999999998 0.069623099999999993 -0.00408311
0.046514699999999999 0.071740100000000001 -0.0025058400000000001
0.051978799999999999 0.076823799999999998 -0.0029452900000000001
0.051305900000000002 0.078768599999999994 -0.00124515
-0.0030595700000000002 0.079114400000000001 -0.0025496199999999998
0.038705900000000001 0.083603700000000003 -0.0028316299999999999
-0.0018994999999999999 0.083272600000000002 -0.0023655899999999999
0.021876699999999999 0.083399600000000004 -0.00194111
-0.087115899999999996 0.088064600000000007 -0.0014912599999999999
0.074333300000000005 0.090418799999999994 -0.0035092700000000001
0.079776299999999994 0.092359300000000005 -0.00340925
-0.0304414 0.095518800000000001 -0.0018136999999999999
0.031627599999999999 0.096142900000000003 -0.0036506799999999999
-0.028011100000000001 0.0969917 -0.00155787
0.064654799999999998 0.099304600000000007 -0.0024483
-0.025685800000000002 0.099329600000000004 -0.0018744899999999999
0.066199900000000006 0.10492 -0.0019206
0.035171300000000003 0.108541 -0.0034113799999999999
0.0050818699999999996 0.108778 -0.0030222399999999998
0.067302600000000004 0.112719 -0.00201928
-0.078661400000000006 0.112222 -0.0019711899999999998
-0.017384899999999998 0.112292 -0.00270798
0.051371300000000002 0.11276 -0.0031616600000000002
0.0777278 0.115005 -0.0030914599999999999
-0.0137536 0.11676599999999999 -0.0019768199999999998
0.073894699999999994 0.118547 -0.0039371900000000001
-0.073947100000000002 0.119148 -0.0030844599999999998
-0.0130861 0.120005 -0.00339872
0.0093678800000000003 0.12452000000000001 -0.0024598300000000001
-0.0387821 0.12413100000000001 -0.0015027700000000001
0.054308099999999998 0.12474 -0.0037605999999999998
-0.036418199999999998 0.12531700000000001 -0.0033303600000000001
0.013983000000000001 0.12873599999999999 -0.0036045700000000001
-0.062949699999999997 0.127716 -0.00221178
-0.059260699999999999 0.129551 -0.00186724
-0.0053661799999999999 0.13172300000000001 -0.0036797399999999999
0.034787999999999999 0.132746 -0.0034535099999999999
0.051240500000000001 0.13215399999999999 -0.00330043
0.0180629 0.133023 -0.0035385899999999999
-0.0036729900000000001 0.13427500000000001 -0.00435374
0.023160300000000002 0.13433600000000001 -0.0040545399999999997
0.024783900000000001 0.13445399999999999 -0.0040671300000000004
-0.034726699999999999 0.13627900000000001 -0.0031484999999999998
0.00173032 0.136545 -0.0032035399999999999
-0.0500156 0.13900199999999999 -0.0034786000000000001
-0.096185499999999993 0.141569 -0.0024586399999999998
-0.074998999999999996 0.141042 -0.00202921
0.0061377300000000001 0.140205 -0.0034798699999999999
-0.0341722 0.14424600000000001 -0.0015467300000000001
-0.100594 0.14515400000000001 -0.0028106799999999999
0.039308099999999999 0.144507 -0.00340252
-0.0306909 0.14578099999999999 -0.0029977599999999999
0.040777000000000001 0.14535799999999999 -0.0041324700000000001
0.020476999999999999 0.14604500000000001 -0.0041447300000000001
-0.095933900000000003 0.14955599999999999 -0.0028329800000000001
-0.025944999999999999 0.15342800000000001 -0.0024707100000000001
-0.063419500000000004 0.15412100000000001 -0.0017065100000000001
-0.0549604 0.15593199999999999 -0.0027943299999999998
-0.051308800000000002 0.15805900000000001 -0.0019137100000000001
-0.0233622 0.160354 -0.0038285200000000002
-0.059482 0.161662 -0.0020258799999999999
-0.071060700000000004 0.16398799999999999 -0.0018965500000000001
-0.091335799999999995 0.165545 -0.00331927
-0.095173300000000002 0.17002900000000001 -0.0018873099999999999
-0.0273435 0.170377 -0.00373421
-0.025886300000000001 0.17349999999999999 -0.00353418
-0.091853500000000005 0.17546200000000001 -0.0037174299999999999
-0.030922000000000002 0.17366300000000001 -0.0022893200000000001
-0.082744799999999993 0.17896599999999999 -0.00321295
-0.088336700000000004 0.17846200000000001 -0.0030135100000000001
-0.067435800000000004 0.17760000000000001 -0.0016427099999999999
-0.055258500000000002 0.17865200000000001 -0.00193611
-0.063280000000000003 0.0535126 -0.0020136199999999998
0.067669499999999994 0.054725700000000002 -0.0016975600000000001
-0.022442400000000001 0.053806699999999999 -0.00176139
0.039320000000000001 0.0553499 -0.0024107600000000001
-0.047489900000000002 0.0559785 -0.0018818299999999999
-0.043569400000000001 0.056046400000000003 -0.0019895999999999998
-0.039600700000000003 0.056139599999999998 -0.0018483499999999999
-0.075887700000000002 0.058053100000000003 -0.0021405500000000002
0.0196221 0.060350500000000001 -0.0030277099999999999
0.0391414 0.061138199999999997 -0.0039318599999999997
0.042643800000000003 0.064451800000000004 -0.0036729800000000002
-0.085025900000000001 0.071169499999999997 -0.0019706599999999999
0.059086 0.0723052 -0.00263218
0.071352899999999997 0.071373599999999995 -0.00180302
-0.0062383300000000003 0.071121000000000004 -0.0021080700000000001
0.0155836 0.077938499999999994 -0.00250519
-0.086868600000000004 0.079626600000000006 -0.0019375900000000001
0.017592900000000002 0.0806843 -0.0020996299999999999
0.026239800000000001 0.087322800000000006 -0.0029115999999999999
0.00051628799999999995 0.088208900000000007 -0.0034378299999999998
0.038193199999999997 0.088984199999999999 -0.00354433
0.075342000000000006 0.087604000000000001 -0.0023815199999999998
0.038270499999999999 0.091888999999999998 -0.0035819599999999999
-0.035624700000000002 0.0937698 -0.0016870800000000001
0.071251200000000001 0.091743900000000003 -0.00256376
-0.039494399999999999 0.0941911 -0.0019435500000000001
0.00156492 0.096449900000000005 -0.0023649700000000001
0.069740499999999997 0.094705499999999998 -0.0031682899999999998
0.039283600000000002 0.096668000000000004 -0.0033354700000000001
0.064770499999999995 0.095727999999999994 -0.0018407199999999999
0.043182199999999997 0.100337 -0.0035991500000000002
0.032620200000000002 0.099704799999999996 -0.00362584
0.035051300000000001 0.10070900000000001 -0.0030386599999999999
0.046597899999999998 0.105174 -0.00334805
0.081861600000000007 0.10721899999999999 -0.0021005799999999999
-0.082097100000000006 0.107532 -0.0027281100000000002
-0.045496399999999999 0.108469 -0.0018705600000000001
0.066503699999999999 0.108657 -0.00178622
0.0358623 0.112516 -0.00347109
0.0054785199999999997 0.11278299999999999 -0.0026140899999999999
0.068715399999999996 0.115843 -0.0024244000000000002
0.038539999999999998 0.11674900000000001 -0.0026675399999999999
-0.040707199999999999 0.11751200000000001 -0.00274727
0.0715118 0.116742 -0.0016938400000000001
0.0087457699999999999 0.12018 -0.0032415600000000001
-0.071570499999999995 0.12042 -0.0017274199999999999
0.038651699999999997 0.12056 -0.0028360299999999998
0.038700999999999999 0.12438399999999999 -0.0030714399999999999
-0.00859329 0.12712300000000001 -0.00355587
-0.035659700000000003 0.128381 -0.00314592
0.038952399999999998 0.128465 -0.00268286
-0.0057333699999999998 0.12800700000000001 -0.002398
0.053697799999999997 0.12861700000000001 -0.0036982500000000001
-0.0018804799999999999 0.13242000000000001 -0.0026628400000000001
0.022537000000000001 0.136411 -0.0034784199999999999
0.030769600000000001 0.135765 -0.0034528599999999999
0.0498182 0.13653000000000001 -0.0037569399999999998
-0.00103611 0.13597400000000001 -0.0035882100000000001
0.046590600000000003 0.13999800000000001 -0.0036176200000000002
-0.035646499999999998 0.14085800000000001 -0.0028917299999999999
-0.047253000000000003 0.140047 -0.0024780800000000001
-0.071202199999999993 0.141677 -0.00190077
0.0099259299999999995 0.14047499999999999 -0.0032088500000000001
0.0139857 0.143486 -0.0037088899999999998
0.042446499999999998 0.14302200000000001 -0.0035882100000000001
0.043505000000000002 0.14083599999999999 -0.00324669
0.0220442 0.144569 -0.0034572499999999998
0.034720800000000003 0.144427 -0.00313606
0.034553 0.146951 -0.0038217500000000001
0.0260752 0.14475099999999999 -0.0033491300000000001
0.027170799999999998 0.147094 -0.0036694700000000002
0.0309457 0.147566 -0.0038013500000000002
-0.027034800000000001 0.149225 -0.0028406899999999999
-0.087337600000000001 0.14971499999999999 -0.00142067
-0.023677199999999999 0.15065400000000001 -0.0037539700000000001
-0.078628900000000002 0.15142800000000001 -0.00162872
-0.067146899999999995 0.15334300000000001 -0.0018456499999999999
-0.051262700000000001 0.16050400000000001 -0.0014421200000000001
-0.0264251 0.16142599999999999 -0.00274874
-0.027009600000000002 0.16522600000000001 -0.00357114
-0.075563400000000003 0.165183 -0.00171568
-0.030996800000000001 0.166129 -0.0020907399999999998
-0.087935399999999997 0.16723099999999999 -0.00364708
-0.087603 0.16920499999999999 -0.0016476500000000001
-0.098968399999999998 0.17661399999999999 -0.00159567
-0.096484700000000007 0.17785000000000001 -0.00215709
-0.070595900000000003 0.17710600000000001 -0.0029009399999999999
-0.059048099999999999 0.17822199999999999 -0.0015788
-0.063103900000000004 0.17846200000000001 -0.0018968100000000001
-0.039151400000000003 0.18101600000000001 -0.0020538399999999999
-0.031641599999999999 0.18234700000000001 -0.0033387099999999999
-0.034039300000000002 0.18398300000000001 -0.0022005900000000001
0.026938500000000001 0.052965999999999999 -0.0019476999999999999
0.051699700000000001 0.054059299999999998 -0.0019077199999999999
0.055470199999999997 0.052902499999999998 -0.00204791
0.057975499999999999 0.052945600000000002 -0.00171193
-0.025829399999999999 0.0533953 -0.00173205
0.022737799999999999 0.055347399999999998 -0.0017871899999999999
-0.067005099999999998 0.054117899999999997 -0.0017274300000000001
-0.0304519 0.054443499999999999 -0.00166932
-0.018183000000000001 0.055780200000000002 -0.0018501100000000001
-0.074052900000000005 0.056736099999999998 -0.0018598
0.073817099999999997 0.059661800000000001 -0.00224413
0.021066999999999999 0.058840400000000001 -0.00138119
-0.080727900000000005 0.062825099999999995 -0.00175063
0.018842299999999999 0.0632712 -0.00190044
-0.081716700000000003 0.064152399999999998 -0.00257566
-0.083230299999999993 0.067058199999999998 -0.0015856399999999999
-0.0078555900000000008 0.067920400000000006 -0.0025547
0.045746299999999997 0.068401600000000007 -0.00335543
0.015439899999999999 0.070842799999999997 -0.0020028300000000001
0.067194500000000004 0.073107699999999998 -0.00198065
-0.086702899999999999 0.075417600000000001 -0.0019827600000000001
-0.0035677899999999999 0.076046900000000001 -0.0031725299999999998
-0.087476399999999996 0.083088599999999999 -0.00174702
-0.0012400899999999999 0.087618399999999999 -0.0013921199999999999
0.079367099999999996 0.087906700000000004 -0.0017985900000000001
-0.087139599999999998 0.092111700000000005 -0.0022808500000000001
0.081515199999999996 0.094037899999999994 -0.00266432
-0.086155700000000002 0.094629099999999994 -0.0020263899999999999
-0.043159299999999998 0.095432600000000006 -0.0015672500000000001
-0.045261500000000003 0.0974685 -0.00153893
0.039486500000000001 0.100579 -0.0028525099999999999
-0.046065000000000002 0.099899199999999994 -0.00189908
-0.084603100000000001 0.100316 -0.00182428
0.043528999999999998 0.104868 -0.0026330199999999998
-0.021819100000000001 0.103995 -0.0020525000000000001
0.0024170900000000002 0.104828 -0.0013686799999999999
-0.082761799999999996 0.10427 -0.00192106
0.047207699999999998 0.108831 -0.0026691699999999998
-0.044600599999999997 0.109623 -0.0027362699999999998
0.081049599999999999 0.109511 -0.0015220500000000001
-0.080743800000000004 0.108931 -0.00168239
0.079096399999999997 0.11271 -0.0018242099999999999
0.051525599999999998 0.11648699999999999 -0.0026761900000000002
-0.0754716 0.116233 -0.00172193
0.054316700000000002 0.12038500000000001 -0.0035230700000000001
0.0097528300000000005 0.12832199999999999 -0.0021027099999999998
0.051489399999999998 0.12851899999999999 -0.0029685100000000002
0.013826 0.13227900000000001 -0.0026457299999999998
0.0180155 0.136209 -0.00290559
-0.053596199999999997 0.13475300000000001 -0.0030977700000000001
0.047347500000000001 0.13619400000000001 -0.0029390800000000002
-0.083053600000000005 0.140153 -0.0018101599999999999
-0.0870118 0.14047299999999999 -0.0017412300000000001
-0.10334500000000001 0.144618 -0.0013561700000000001
-0.069250199999999998 0.14239099999999999 -0.00174292
-0.063650300000000007 0.144372 -0.00176381
-0.059320900000000003 0.145479 -0.00176498
-0.027853300000000001 0.14613300000000001 -0.0027586400000000001
-0.055482999999999998 0.14582000000000001 -0.00167475
-0.074959399999999995 0.15188399999999999 -0.00173324
-0.070874800000000002 0.15265999999999999 -0.0017432400000000001
-0.059344000000000001 0.15431900000000001 -0.0013625099999999999
-0.0265829 0.15765299999999999 -0.0021976399999999998
-0.0631684 0.16220399999999999 -0.0015333899999999999
-0.094013600000000003 0.16664200000000001 -0.0025117400000000002
-0.083574700000000002 0.16797899999999999 -0.00163152
-0.030705300000000001 0.169848 -0.0020609399999999998
-0.078523999999999997 0.17508099999999999 -0.00296591
-0.080058599999999994 0.17757300000000001 -0.0018414099999999999
-0.050658700000000001 0.17838300000000001 -0.0014589
-0.087274900000000002 0.18091199999999999 -0.0014775599999999999
-0.034740100000000003 0.18188699999999999 -0.0017442499999999999
-0.055060400000000002 0.054995799999999997 -0.00185593
0.034662499999999999 0.087543099999999999 -0.0025225
0.035329800000000001 0.096255199999999999 -0.0029841400000000001
0.035805700000000003 0.104612 -0.0029448399999999998
0.0825428 0.10384599999999999 -0.0014927199999999999
0.0507214 0.120502 -0.00233797
0.050608599999999997 0.124415 -0.0023990499999999998
0.034880800000000003 0.136377 -0.0026479099999999998
0.0059322300000000001 0.136152 -0.0024963099999999998
0.021783299999999998 0.140318 -0.0029611699999999999
0.0137649 0.140374 -0.0029099299999999998
0.017737900000000001 0.14017199999999999 -0.0027612100000000001
0.0470905 0.11259 -0.0020587800000000001
-0.064004900000000003 0.12590899999999999 -0.0011892300000000001
0.039291199999999998 0.132742 -0.0023052400000000001
0.0099388299999999992 0.13611300000000001 -0.0023285200000000002
0.01372 0.13631699999999999 -0.0024504000000000001
0.0435006 0.13622400000000001 -0.0023352300000000002
0.039569899999999998 0.14030999999999999 -0.00247474
0.034811700000000001 0.14049900000000001 -0.0025467300000000001
-0.0354854 0.177177 -0.0024807399999999999
0.071809600000000001 0.0582412 -0.0010353300000000001
0.065569199999999994 0.101163 -0.0012828
0.039613599999999999 0.104697 -0.0023121299999999999
0.0430537 0.10861700000000001 -0.0020787900000000001
0.039410399999999998 0.112635 -0.0020635599999999999
-0.0062272600000000001 0.124614 -0.0014827099999999999
-0.0016846400000000001 0.12875300000000001 -0.00176319
0.047307599999999998 0.12847600000000001 -0.00192318
0.0021709799999999999 0.132387 -0.00193301
-0.047527600000000003 0.136597 -0.0011536999999999999
-0.10292900000000001 0.14169300000000001 -0.0015449800000000001
-0.04385 0.143618 -0.0013366599999999999
-0.0307143 0.16208500000000001 -0.0014961499999999999
-0.035241099999999997 0.17397899999999999 -0.00140565
0.078360100000000002 0.083618499999999998 -0.0013675899999999999
0.035386899999999999 0.084057199999999999 -0.00119871
0.071452500000000002 0.087903800000000004 -0.0011256300000000001
0.047637600000000002 0.116495 -0.0018627299999999999
0.0097048700000000009 0.13209499999999999 -0.0020344500000000001
-0.0386214 0.13229099999999999 -0.0010574200000000001
0.0060747099999999997 0.13238900000000001 -0.0018212599999999999
0.043631499999999997 0.132713 -0.00194695
0.040035399999999999 0.13616900000000001 -0.0020409500000000001
-0.043207799999999998 0.14091799999999999 -0.0014521600000000001
-0.097644599999999998 0.142873 -0.00094447699999999999
-0.0304841 0.153118 -0.0012131100000000001
-0.056277899999999999 0.15478800000000001 -0.00098200700000000002
0.054404800000000003 0.053263400000000002 -0.0011363600000000001
-0.0164522 0.057986599999999999 -0.00089506799999999995
0.015897399999999999 0.069285600000000003 -0.0013819100000000001
0.0589854 0.073949399999999998 -0.00084809499999999999
-0.0045425600000000002 0.078719300000000006 -0.00071031700000000002
0.040431599999999998 0.080351199999999998 -0.00088781500000000002
0.075107400000000005 0.078944700000000007 -0.0015172600000000001
0.018853000000000002 0.082064100000000001 -0.00087671299999999999
0.026127500000000001 0.084562999999999999 -0.0011418999999999999
0.067162799999999995 0.091982700000000001 -0.00069650199999999999
-0.022765799999999999 0.101072 -0.00085949699999999997
-0.019449600000000001 0.105265 -0.00093712299999999999
0.0026506300000000002 0.10829900000000001 -0.00078729699999999995
-0.014189800000000001 0.112499 -0.00057130199999999999
0.0028347300000000001 0.112328 -0.00070493300000000004
0.043112999999999999 0.116854 -0.00157394
-0.010021 0.116817 -0.00036813299999999998
-0.0413508 0.119452 -0.00086248200000000003
0.047364099999999999 0.12063599999999999 -0.00170203
0.0059635000000000001 0.12427100000000001 -0.0013068400000000001
0.047334099999999997 0.124441 -0.00186429
0.042739600000000003 0.12840499999999999 -0.00182737
0.0059117800000000002 0.12856600000000001 -0.0013290400000000001
0.0019057 0.12851000000000001 -0.00118008
-0.034910099999999999 0.14888199999999999 -0.00074546699999999998
-0.096709400000000001 0.15217700000000001 -0.00063938600000000003
-0.082004199999999999 0.151312 -0.0010891099999999999
-0.031335000000000002 0.15764700000000001 -0.00094537400000000002
-0.035377499999999999 0.17004900000000001 -0.00079981699999999998
-0.039284600000000003 0.17494999999999999 -0.00045129099999999999
0.075862799999999994 0.075221499999999997 -0.00090964699999999997
0.072111599999999998 0.075172000000000003 -0.00085943800000000002
0.077896599999999996 0.078988900000000001 -0.00077058699999999999
-0.000525374 0.092751200000000006 -0.00067132599999999998
-0.035113600000000002 0.16170399999999999 -0.000382829
0.033788100000000001 0.063431100000000004 -0.000299816
0.074869199999999997 0.071292700000000001 -0.00052521700000000002
0.030704499999999999 0.084272200000000005 -0.00044836700000000003
-0.0018926699999999999 0.12435499999999999 -0.00077126899999999999
-0.0434487 0.13628299999999999 -0.00048481000000000002
-0.035444299999999998 0.15789500000000001 -0.00066703200000000002
-0.068330199999999994 0.17318800000000001 -0.000371216
-0.0083979899999999993 0.069616399999999995 -0.00032306899999999999
0.072388900000000006 0.083115999999999995 -0.00037976999999999998
0.076012300000000005 0.11401699999999999 -0.00043335999999999998
0.0030399300000000001 0.11656900000000001 -0.00055587900000000001
0.0021725400000000001 0.120296 -0.00042830199999999998
-0.0061075799999999996 0.120656 -0.00038742699999999998
0.00200614 0.124419 -0.00067597200000000005
-0.035452299999999999 0.15304999999999999 -0.00028812800000000002
-0.037821199999999999 0.160028 -0.00026267599999999999
-0.037894700000000003 0.17083100000000001 -0.00033468400000000002
0.034474900000000003 0.055326699999999999 0.00219973
0.043277299999999998 0.0583896 0.0025118800000000002
0.062153100000000003 0.073483699999999999 -0.00014760500000000001
0.064481300000000005 0.091959899999999997 -0.00028409300000000002
-0.00028384999999999999 0.096459100000000006 -0.00030622499999999998
-0.0484763 0.13398499999999999 -0.00021506300000000001
-0.096084600000000006 0.15346499999999999 0.0025107300000000001
0.026483199999999998 0.0543154 0.0022517100000000001
0.029496999999999999 0.052966800000000001 0.0020521599999999999
0.059397400000000003 0.052953300000000002 0.00143954
-0.026347800000000001 0.053365999999999997 0.0012729900000000001
0.031024300000000001 0.053502800000000003 0.00205265
-0.063199500000000006 0.0539508 0.0020091699999999998
-0.022283600000000001 0.0550106 0.0021001800000000001
0.063210299999999997 0.0538608 0.0021090800000000002
-0.059216199999999997 0.053377000000000001 0.00194031
-0.066915000000000002 0.0544643 0.0018125999999999999
-0.0349456 0.053989599999999999 0.0021290599999999999
0.0515107 0.055072999999999997 0.0019761900000000001
-0.070701799999999995 0.055682099999999998 0.0018364200000000001
0.067072499999999993 0.055871999999999998 0.00143753
-0.047069800000000002 0.054980899999999999 0.00166748
-0.0435532 0.055294700000000002 0.00174464
-0.0390292 0.055288299999999999 0.0017140199999999999
0.023828999999999999 0.0561235 0.00072129099999999999
0.046811199999999997 0.0560422 0.00161293
-0.073731400000000002 0.0570506 0.00065995599999999995
0.043665799999999998 0.056768100000000002 0.0020550299999999998
-0.018023000000000001 0.058720500000000002 0.0024753399999999999
0.022981999999999999 0.059176300000000001 0.0021846000000000001
0.034778499999999997 0.0591256 0.000163692
-0.015435600000000001 0.060281800000000003 0.0013024
-0.077577800000000002 0.060527600000000001 0.00094911599999999996
-0.079887100000000003 0.0630188 0.0016909
-0.0138589 0.063332799999999995 0.00208289
0.073115899999999998 0.062140399999999998 0.0018078599999999999
0.018691900000000001 0.064007499999999995 0.0019624899999999999
0.074288099999999996 0.064302999999999999 0.0020779000000000001
-0.011465299999999999 0.065006900000000006 0.00067787000000000001
0.075381900000000002 0.067186599999999999 0.0017128099999999999
-0.082694100000000006 0.067643800000000004 0.0020731299999999999
0.016753799999999999 0.066004599999999997 0.0017572899999999999
-0.0098697300000000002 0.071308800000000006 0.0022167200000000001
0.076942200000000002 0.071260199999999996 0.0013709799999999999
0.0150454 0.071147100000000005 0.00190687
-0.084346699999999997 0.071485300000000002 0.00175107
0.066921900000000006 0.075401599999999999 0.0010758300000000001
-0.0071949500000000003 0.075458200000000003 0.0014116599999999999
0.015304099999999999 0.075489100000000003 0.00198737
0.063235299999999994 0.075199199999999994 0.001137
0.078312900000000005 0.075216099999999994 0.0020004799999999998
0.0599137 0.075834700000000005 0.0011710900000000001
0.070056800000000002 0.075228299999999998 0.00060637400000000002
-0.086093699999999995 0.076050099999999995 0.00199555
0.056628400000000002 0.076392699999999994 0.00033991799999999998
-0.0067240499999999996 0.079171699999999998 0.0022704499999999998
0.015824600000000001 0.077934100000000006 0.0017300499999999999
0.070713899999999996 0.079370800000000005 0.00061920200000000001
0.079461000000000004 0.079242900000000005 0.0020770599999999999
-0.086219100000000007 0.078623100000000001 0.00166701
0.043420500000000001 0.078483899999999995 0.0019435800000000001
0.0513331 0.079020999999999994 0.0019147000000000001
0.038991699999999997 0.079735600000000004 0.00193019
0.017367500000000001 0.080626699999999996 0.0019688000000000002
-0.086627300000000004 0.082908499999999996 0.0016978399999999999
0.035043499999999998 0.080182699999999996 0.0024915800000000002
0.018733799999999998 0.082067000000000001 0.0020613300000000001
0.070658100000000001 0.083060499999999995 0.00048159599999999999
0.022402499999999999 0.084169099999999997 0.00237572
0.0305017 0.083350900000000006 0.00156752
-0.0035097100000000001 0.084191500000000002 0.00041250400000000001
0.026275 0.084778300000000001 0.0022503900000000001
-0.0865596 0.087155099999999999 0.00137031
-0.0032068000000000001 0.087022699999999995 0.00085667399999999998
0.082706500000000002 0.088171200000000005 0.00192793
0.067556099999999994 0.088071700000000003 0.00089991599999999995
-0.086528099999999997 0.091904399999999997 0.00086479600000000003
0.064196600000000006 0.092382599999999995 0.0016506400000000001
0.067027000000000003 0.090874999999999997 4.0888800000000001e-05
-0.039135799999999998 0.093546299999999999 0.0022016399999999999
-0.035638200000000002 0.093137899999999996 0.00219308
-0.0022370799999999998 0.096175800000000006 0.0013285199999999999
-0.040558499999999997 0.094024899999999995 0.00095277299999999997
-0.043678599999999998 0.094960100000000006 0.0022084299999999999
0.083746000000000001 0.095734399999999997 0.0019853800000000001
-0.084550200000000006 0.096162899999999996 0.0018322099999999999
-0.026191800000000001 0.095760300000000007 0.00195173
-0.045852400000000001 0.097077700000000003 0.00176961
0.00029127800000000001 0.100717 0.00021599999999999999
-0.083214300000000005 0.10069 0.0018619800000000001
0.065879300000000002 0.10007099999999999 0.0016243
0.083579500000000001 0.100175 0.00159851
-0.047509000000000003 0.100415 0.0020754300000000001
-0.082302500000000001 0.10305300000000001 0.00092032099999999999
0.066986599999999993 0.105001 0.0020705300000000001
-0.0179355 0.10377 0.00102969
0.082570699999999997 0.10420500000000001 0.0017801200000000001
0.00047054900000000001 0.104967 0.00032144299999999998
0.068065399999999998 0.108377 0.0020566500000000001
0.00086454299999999995 0.10865 0.000259344
0.080169599999999994 0.108417 0.0020345799999999998
-0.0473236 0.108794 0.0020710500000000001
-0.0139039 0.10825700000000001 0.00090345699999999998
-0.013146400000000001 0.111791 0.00026859099999999999
0.078369099999999997 0.111637 0.00063360200000000004
0.00088793499999999996 0.112692 0.00025409800000000002
-0.046329599999999999 0.11260000000000001 0.0018932700000000001
0.068547800000000006 0.111165 0.00078380599999999996
-0.076436199999999996 0.112913 0.0021413500000000002
0.075400400000000006 0.112081 0.0020908300000000001
-0.0098905399999999997 0.112605 0.00095363999999999996
0.072434200000000004 0.114608 0.00029128299999999998
-0.0092323500000000003 0.11566 0.000116438
0.00096730000000000004 0.11669 0.000214601
0.073852000000000001 0.114618 0.00032854599999999998
-0.074249899999999994 0.115741 0.00143717
-0.070343600000000006 0.11974 0.0011467199999999999
-0.043260600000000003 0.120626 0.0011325
-0.0054767499999999998 0.119186 7.2130200000000003e-05
-0.00192925 0.12026199999999999 0.00014091799999999999
-0.067503599999999997 0.120952 0.0024333599999999999
-0.066383499999999998 0.123042 0.0012470599999999999
-0.043132200000000002 0.12406300000000001 0.00126391
-0.040687300000000003 0.12557199999999999 0.000117599
-0.0615676 0.126692 0.00042667099999999999
-0.0585824 0.127941 0.00061343300000000003
-0.054971800000000001 0.128334 0.00132657
-0.051383999999999999 0.13109699999999999 0.000549612
-0.043661600000000002 0.13269700000000001 0.00042118499999999997
-0.046970699999999997 0.13276199999999999 0.000577762
-0.041910500000000003 0.13331200000000001 -7.9152200000000004e-05
-0.079135300000000006 0.14045199999999999 0.00177769
-0.086983699999999997 0.14080699999999999 0.0019609100000000002
-0.074999200000000002 0.14113300000000001 0.0019436099999999999
-0.091364399999999998 0.14178399999999999 0.00163002
-0.071220699999999998 0.142184 0.00163072
-0.10353900000000001 0.14236199999999999 0.000771469
-0.10158499999999999 0.142037 6.2502900000000001e-05
-0.038925099999999997 0.14427400000000001 0.0019423000000000001
-0.066912899999999997 0.143871 0.00192509
-0.100413 0.143927 0.0022637199999999999
-0.096320600000000006 0.14350499999999999 0.0020381100000000001
-0.043589200000000002 0.14422399999999999 0.0021944299999999998
-0.063632900000000006 0.14483199999999999 0.0015030899999999999
-0.035456300000000003 0.14533799999999999 0.000292059
-0.047199400000000002 0.144674 0.0022150899999999999
-0.10348400000000001 0.14754999999999999 0.0022617800000000001
-0.055225900000000001 0.146318 0.0025195199999999999
-0.051343100000000003 0.146089 0.00191814
-0.10088 0.149258 0.0013112600000000001
-0.091582899999999995 0.15018799999999999 0.00065189299999999996
-0.092246700000000001 0.15257000000000001 0.0023006200000000002
-0.039200499999999999 0.14876300000000001 0.0015498899999999999
-0.0874056 0.151812 0.00191614
-0.083044599999999996 0.151613 0.00184789
-0.039461299999999998 0.153305 0.00124935
-0.078888399999999997 0.15185699999999999 0.00169258
-0.0710205 0.15224699999999999 0.0022669500000000002
-0.037622999999999997 0.153 -6.4771300000000001e-05
-0.059001600000000001 0.153862 0.00207573
-0.063464000000000007 0.15237200000000001 0.0022544700000000002
-0.056042399999999999 0.15490899999999999 0.0009811659999999999
-0.0548359 0.155971 0.0017891300000000001
-0.051518300000000003 0.15704799999999999 0.0018541499999999999
-0.039463999999999999 0.15793299999999999 0.00138047
-0.0472577 0.16069 0.0020237499999999999
-0.039606200000000001 0.16206599999999999 0.0011598299999999999
-0.035058400000000003 0.16186700000000001 0.00031563799999999998
-0.051483399999999999 0.160354 0.00185739
-0.059263000000000003 0.16101099999999999 0.0018432800000000001
-0.063306600000000005 0.16172300000000001 0.00179923
-0.066946800000000001 0.16244700000000001 0.0021115000000000001
-0.038947000000000002 0.16584599999999999 0.0011885999999999999
-0.075696799999999995 0.16525200000000001 0.00153656
-0.077882300000000002 0.16639000000000001 0.00156748
-0.036212500000000002 0.168574 8.4058299999999994e-05
-0.083461999999999995 0.169459 0.0019859999999999999
-0.092730199999999999 0.17025499999999999 0.00099795000000000005
-0.039675799999999997 0.17010900000000001 0.00067020100000000004
-0.070053599999999994 0.17080999999999999 0.0019204199999999999
-0.067568299999999998 0.17043900000000001 0.00238339
-0.095521099999999998 0.17427100000000001 0.00071060800000000005
-0.071759199999999995 0.17195299999999999 0.0012485
-0.039177799999999999 0.17340900000000001 0.00062198799999999997
-0.075440800000000002 0.17327699999999999 0.0021298100000000002
-0.042971599999999999 0.17400399999999999 0.00093484600000000003
-0.039027800000000001 0.17804600000000001 0.00085405500000000005
-0.047384799999999998 0.17616499999999999 0.00030032399999999998
-0.066597699999999996 0.176764 0.00152728
-0.042935099999999997 0.17703199999999999 0.000504723
-0.059124299999999998 0.17749899999999999 0.0016772899999999999
-0.054903500000000001 0.176902 0.00143739
-0.051634800000000002 0.17737800000000001 0.00091467100000000004
-0.063400499999999999 0.177589 0.0015700499999999999
-0.087594099999999994 0.181316 0.0018530700000000001
-0.083562300000000006 0.181141 0.0018115
-0.035429099999999998 0.18159600000000001 0.00058064499999999997
-0.0076376899999999999 0.072237499999999996 0.00040163800000000001
0.045941200000000001 0.072993799999999998 3.8736199999999997e-05
0.044517399999999999 0.074271900000000002 0.00011989600000000001
0.069591200000000006 0.085852499999999998 0.000442199
-0.0023348000000000002 0.100628 0.0015790800000000001
-0.081149499999999999 0.10470599999999999 0.0023372599999999999
-0.0019599000000000001 0.11261500000000001 0.0010450100000000001
-0.0060006199999999999 0.116672 0.00053606300000000003
-0.042619200000000003 0.128439 0.00090534999999999997
-0.051445900000000003 0.12850200000000001 0.0019932600000000002
-0.089705999999999994 0.15101400000000001 0.00083070699999999997
0.038661800000000003 0.056196400000000001 0.00164967
-0.0023157799999999999 0.104421 0.00151629
-0.0023947500000000002 0.108501 0.00155317
-0.043277999999999997 0.15775700000000001 0.0020458999999999998
0.0145393 0.060506699999999997 0.0026482099999999998
0.013995799999999999 0.063400200000000004 0.0024008100000000002
0.0589347 0.0787138 0.00204872
-0.0183508 0.100538 0.0022318400000000001
-0.058885600000000003 0.12522 0.0026222300000000001
-0.081200999999999995 0.17960000000000001 0.00135906
0.0072536199999999997 0.058202700000000003 0.0023165899999999999
0.0077789799999999996 0.057004100000000002 0.0022829600000000001
0.067266099999999995 0.083291299999999999 0.0022155899999999999
-0.0143824 0.104392 0.0021548600000000002
-0.010189800000000001 0.108503 0.0018527999999999999
-0.042397499999999998 0.16561400000000001 0.0026959800000000002
-0.043889499999999998 0.16980700000000001 0.0021136100000000001
0.0579608 0.053293100000000003 0.0029211300000000001
0.0084539400000000001 0.057044999999999998 0.0024325599999999998
0.077905100000000005 0.072458900000000007 0.00320711
0.032243399999999998 0.081564800000000007 0.0031039399999999999
0.081869300000000006 0.084178699999999995 0.0027688299999999999
-0.0055460800000000001 0.087481500000000004 0.0030325700000000001
-0.031451399999999997 0.093274800000000005 0.0032044600000000001
0.065523899999999996 0.097788299999999995 0.00268797
-0.022076700000000001 0.096480800000000005 0.00315657
-0.046353699999999998 0.11663 0.0030875899999999999
-0.043169600000000002 0.15310799999999999 0.0028308999999999999
-0.042769799999999997 0.16129599999999999 0.0021820199999999998
-0.093232700000000002 0.17285 0.00284666
-0.077639399999999997 0.17496600000000001 0.0029096199999999999
-0.051104700000000003 0.17333799999999999 0.00305149
-0.094469600000000001 0.17963399999999999 0.0025577799999999999
-0.091729699999999997 0.17971200000000001 0.0029319699999999999
0.0633856 0.078914600000000001 0.0028964199999999998
-0.0856687 0.079918400000000001 0.0029654600000000001
0.059418400000000003 0.082750000000000004 0.0027525900000000001
-0.0064990500000000001 0.091703900000000005 0.00350191
-0.0060399099999999999 0.10062 0.00283979
-0.0058267600000000003 0.104771 0.0023483100000000002
-0.010407899999999999 0.10491499999999999 0.0026124400000000002
-0.046921200000000003 0.12468899999999999 0.0027727799999999999
-0.055839699999999999 0.12499200000000001 0.0034812200000000001
-0.042625200000000002 0.148481 0.0029980599999999999
-0.047257300000000002 0.169957 0.0029410700000000001
0.0098525599999999998 0.063103000000000006 0.0032402799999999999
-0.0056128599999999999 0.096210900000000002 0.0030132900000000001
0.070674899999999999 0.109939 0.0036049599999999999
-0.016348999999999999 0.061546400000000001 0.00364994
0.0109336 0.065429500000000002 0.0033931199999999999
-0.080981399999999995 0.065756499999999996 0.0033191100000000001
-0.018290899999999999 0.097334000000000004 0.0036313700000000001
-0.00999098 0.100115 0.0033919000000000002
-0.051071800000000001 0.12441099999999999 0.0037401299999999999
-0.064795400000000003 0.17374600000000001 0.0034889000000000001
0.0074090600000000003 0.061881600000000002 0.0034359299999999998
-0.063678600000000002 0.121839 0.0036945900000000002
-0.046244 0.16389599999999999 0.0036740200000000001
0.039209500000000001 0.055324100000000001 0.0063041700000000004
0.043291099999999999 0.059603900000000001 0.0053703500000000003
0.0077040900000000002 0.062640000000000001 0.0045634200000000003
0.0145609 0.066618399999999994 0.0057555999999999996
0.062385400000000001 0.087398799999999999 0.0057649600000000004
-0.047349200000000001 0.14494299999999999 0.0052117700000000001
-0.066241099999999997 0.151418 0.00579204
-0.046623999999999999 0.15323300000000001 0.0037496999999999999
-0.0593372 0.15343899999999999 0.0061781500000000003
0.0308312 0.052950799999999999 0.0045250000000000004
0.059415299999999997 0.053586099999999998 0.0060919700000000004
-0.0594178 0.054254299999999998 0.0064352599999999999
-0.0307348 0.054180300000000001 0.00594028
0.063502900000000001 0.053351900000000001 0.0062217599999999998
-0.055399999999999998 0.053550500000000001 0.0057990400000000001
-0.051488199999999998 0.053691599999999999 0.00604691
-0.026210899999999999 0.055646899999999999 0.0060396800000000004
0.030605500000000001 0.054163000000000003 0.0066464100000000002
-0.042946999999999999 0.053617699999999997 0.0063126800000000002
0.055067100000000001 0.054902100000000002 0.0057472699999999996
-0.047172899999999997 0.053731500000000001 0.0058524700000000002
-0.067032900000000006 0.055434400000000002 0.0059068899999999997
0.0273768 0.0558098 0.0052095900000000001
0.066830299999999995 0.055646599999999997 0.0059911799999999996
-0.0224566 0.056681299999999997 0.0057163200000000004
0.050635699999999999 0.055414499999999998 0.0062331299999999999
0.035826499999999997 0.0540765 0.0056026899999999996
0.043450700000000002 0.055508000000000002 0.0062163399999999999
-0.071928500000000006 0.057954400000000003 0.00654362
-0.021453 0.057739699999999998 0.0061350600000000003
0.069126999999999994 0.057563099999999999 0.0039125000000000002
-0.074791399999999994 0.059644099999999999 0.0053259700000000002
0.0099007599999999998 0.0594031 0.0058096900000000002
0.070967199999999994 0.059374299999999998 0.0060417500000000002
-0.018344800000000001 0.059572199999999999 0.0059534000000000002
0.017730599999999999 0.0604226 0.0060784100000000002
-0.078873799999999994 0.063515199999999994 0.0052289499999999996
0.022453799999999999 0.062709500000000001 0.0058275899999999997
-0.0166042 0.062116400000000002 0.0056238700000000004
0.073069200000000001 0.061830700000000002 0.0061510499999999999
0.074626499999999998 0.064282900000000004 0.0059898099999999999
0.0087284900000000002 0.063766199999999995 0.0062286900000000003
-0.013212099999999999 0.066592399999999996 0.0052909200000000002
0.0102679 0.065731600000000001 0.0059823599999999999
-0.080327499999999996 0.066819900000000002 0.0063088800000000002
0.076349200000000006 0.0673406 0.0061204600000000003
0.015987600000000001 0.071513099999999996 0.0047625999999999996
0.077502000000000001 0.070187700000000006 0.00490888
-0.011013500000000001 0.071093699999999996 0.00611146
-0.082588999999999996 0.071152400000000005 0.0059266600000000003
-0.010353899999999999 0.075183399999999997 0.0059200299999999997
0.015983799999999999 0.073999499999999996 0.0045689800000000003
0.079539499999999999 0.075329800000000002 0.0057251400000000001
0.016920999999999999 0.075477799999999998 0.00644664
-0.0101712 0.079288300000000006 0.0056289199999999999
0.080944199999999994 0.078500799999999996 0.0056819899999999996
0.048304699999999999 0.077651300000000006 0.0052296299999999999
0.018018900000000001 0.079200599999999996 0.0060917200000000001
0.043501499999999999 0.077739199999999994 0.0048983400000000002
0.051326499999999997 0.078310099999999994 0.00602602
0.039398799999999998 0.078254900000000002 0.0049509799999999998
0.054841599999999997 0.079970600000000003 0.0060358800000000004
0.034273100000000001 0.083164399999999999 0.0066595999999999999
0.082670800000000003 0.083283800000000005 0.0058493099999999999
-0.084938700000000006 0.083157400000000006 0.0060863699999999998
0.059596400000000001 0.083771600000000002 0.0059728899999999998
0.022392100000000002 0.084476399999999993 0.0059906300000000003
0.030949600000000001 0.084805400000000003 0.0051005599999999996
0.026430200000000001 0.086333300000000002 0.0065985499999999999
0.083543900000000004 0.086987700000000001 0.0058754200000000001
-0.084254700000000002 0.087798899999999999 0.00628598
-0.0076010100000000001 0.087771600000000005 0.0043512300000000002
0.084014000000000005 0.091779700000000006 0.0059617200000000002
-0.034848799999999999 0.091200100000000006 0.0061710100000000002
0.064232600000000001 0.091945399999999997 0.00603537
-0.0297089 0.091545899999999999 0.0056612299999999997
-0.026656300000000001 0.093643100000000007 0.0040775300000000002
-0.022301000000000001 0.091859899999999994 0.00567038
-0.044290299999999998 0.094184699999999996 0.0058722399999999999
-0.046755900000000003 0.095901799999999995 0.0063790399999999999
-0.017708000000000002 0.094836100000000007 0.0046230000000000004
0.065713199999999999 0.096876799999999999 0.0058502500000000004
0.083812800000000007 0.096532300000000001 0.0061314400000000002
0.082865400000000006 0.10052800000000001 0.0059682399999999997
-0.082714099999999999 0.099343500000000001 0.0046819299999999999
-0.080452399999999993 0.10076599999999999 0.0067548199999999999
-0.079151100000000002 0.10449 0.0057224099999999998
-0.050171500000000001 0.104168 0.0060519500000000004
0.082140199999999997 0.10355399999999999 0.0047612599999999998
0.068490899999999993 0.103912 0.0065126400000000001
-0.048953200000000002 0.10609499999999999 0.0044200000000000003
-0.078685400000000003 0.10732800000000001 0.0046192100000000003
-0.0488117 0.108723 0.0046511499999999997
0.078537399999999993 0.107459 0.0052374099999999996
0.075495900000000005 0.108046 0.0059442499999999999
-0.075744599999999995 0.108333 0.0066008500000000001
-0.074499999999999997 0.112203 0.00512139
-0.048694099999999997 0.11256099999999999 0.0045515399999999998
-0.070599800000000004 0.11541 0.0052451099999999999
-0.066898899999999997 0.119349 0.0043172599999999998
-0.063081700000000004 0.119951 0.0049875400000000004
-0.051694999999999998 0.12303699999999999 0.0042257199999999997
-0.083108899999999999 0.140935 0.0060285699999999996
-0.0788378 0.14105100000000001 0.0060213200000000001
-0.087823899999999996 0.14191300000000001 0.0061921099999999998
-0.072116799999999995 0.14247199999999999 0.0055214799999999996
-0.091048900000000002 0.14263100000000001 0.0051309600000000004
-0.092736200000000005 0.14307500000000001 0.0058100900000000004
-0.070047200000000004 0.14335000000000001 0.00584228
-0.0961447 0.14421400000000001 0.0063667000000000003
-0.103396 0.145702 0.0056391000000000002
-0.10033599999999999 0.14560500000000001 0.0061952800000000001
-0.063177499999999998 0.144789 0.0061649499999999998
-0.058980100000000001 0.14480199999999999 0.0059972300000000001
-0.055358200000000003 0.14422699999999999 0.0060089200000000001
-0.103093 0.14820800000000001 0.00592583
-0.10142900000000001 0.14990999999999999 0.0064560399999999997
-0.100263 0.153332 0.0059411899999999998
-0.071227899999999997 0.14999299999999999 0.00554055
-0.068527000000000005 0.15051700000000001 0.0066189600000000001
-0.075154100000000001 0.151169 0.0048784800000000001
-0.087931599999999999 0.152896 0.0060703900000000002
-0.091724 0.15424499999999999 0.0058081699999999997
-0.047968400000000001 0.15617200000000001 0.0040873000000000003
-0.059111400000000001 0.16025500000000001 0.0059179499999999999
-0.055223500000000002 0.161438 0.0064593000000000003
-0.063317700000000005 0.16072 0.0060819400000000001
-0.048633599999999999 0.162214 0.0044488000000000002
-0.067264599999999994 0.16179099999999999 0.0059655200000000002
-0.070735500000000007 0.162803 0.0062850800000000002
-0.072817499999999993 0.16383300000000001 0.0048083900000000001
-0.044508300000000001 0.16636500000000001 0.0041241799999999999
-0.046893999999999998 0.16586100000000001 0.0047446099999999998
-0.050853000000000002 0.16923299999999999 0.00479394
-0.071185300000000007 0.170463 0.00611949
-0.083363099999999996 0.169408 0.0060703099999999998
-0.087597800000000003 0.17093 0.0064514000000000004
-0.059351099999999997 0.16916600000000001 0.0057692899999999998
-0.058676499999999999 0.17158799999999999 0.00386448
-0.087645500000000001 0.17149800000000001 0.0049854599999999997
-0.063317799999999994 0.173731 0.0045473600000000003
-0.0590754 0.17379600000000001 0.0050170700000000002
-0.076399499999999995 0.172488 0.0056619299999999999
-0.079291600000000004 0.17431199999999999 0.0065760899999999997
-0.080715899999999993 0.177117 0.0053383099999999998
-0.059397899999999997 0.17608599999999999 0.0046170300000000003
-0.082946900000000004 0.17776900000000001 0.0070324899999999997
-0.094237500000000002 0.17902399999999999 0.0051577899999999998
-0.091779700000000006 0.179872 0.0061667600000000003
-0.086823300000000006 0.18041399999999999 0.0044638999999999998
-0.083487599999999995 0.180252 0.0046702200000000001
-0.0348896 0.053608200000000002 0.0060812899999999996
0.068978399999999995 0.057630899999999999 0.00616988
-0.082107200000000005 0.068095900000000001 0.0050041499999999997
-0.0106292 0.092470700000000003 0.0052007299999999998
-0.0431683 0.093165200000000004 0.0067669799999999997
-0.0207619 0.095194299999999996 0.0043200199999999999
-0.0133919 0.095265900000000001 0.0053454699999999997
-0.015223 0.097174999999999997 0.0040195500000000002
-0.067148700000000006 0.116646 0.00587282
-0.0510334 0.120628 0.0048296099999999998
0.0358908 0.123219 0.0060616300000000001
-0.055235300000000001 0.123348 0.0044468900000000002
-0.047303499999999998 0.14813000000000001 0.0049482399999999996
-0.079166299999999995 0.15157999999999999 0.00546899
-0.063628500000000004 0.152534 0.0068952600000000003
-0.051581599999999998 0.152754 0.0052305800000000003
-0.096445600000000006 0.15608900000000001 0.0061525800000000004
-0.055155299999999997 0.16921700000000001 0.0058419600000000002
-0.093396699999999999 0.17719199999999999 0.0064522199999999998
0.040811199999999999 0.057442699999999999 0.0049304300000000004
-0.010165499999999999 0.087618600000000005 0.0055423099999999999
-0.051487600000000001 0.116581 0.0057381799999999998
0.035598699999999997 0.120688 0.0065347199999999999
-0.059576400000000002 0.120266 0.00576357
-0.063389000000000001 0.16972000000000001 0.0058877299999999999
-0.025978999999999999 0.091059299999999996 0.0061230499999999997
-0.070990800000000007 0.112585 0.0068767200000000002
0.038787299999999997 0.120364 0.0065059799999999997
-0.017438100000000002 0.091383400000000004 0.0062553599999999997
-0.051121699999999999 0.112439 0.0062526400000000003
0.038261000000000003 0.11743199999999999 0.00649835
-0.074774499999999994 0.149281 0.0063675900000000002
-0.0509668 0.165627 0.0064024099999999999
-0.076626200000000005 0.061929199999999997 0.0066475800000000002
0.046297999999999999 0.077168 0.0069921999999999996
-0.0143646 0.092265799999999995 0.0070058500000000001
-0.049606400000000002 0.099793800000000002 0.0071733099999999996
0.069302000000000002 0.10627499999999999 0.0056881199999999996
-0.051189199999999997 0.108265 0.0068333100000000004
-0.052470200000000002 0.14282600000000001 0.00676371
-0.051330199999999999 0.148841 0.0065859600000000001
-0.055256199999999998 0.15295700000000001 0.0062501400000000004
-0.10062699999999999 0.15701100000000001 0.0065460199999999996
0.025054699999999999 0.062222100000000002 0.0075131299999999998
0.017448200000000001 0.067043699999999998 0.0072338300000000001
0.0170866 0.071486800000000003 0.0073578699999999999
0.038237399999999998 0.077155600000000005 0.0072908199999999999
0.081927200000000006 0.080141400000000002 0.00664469
0.030447100000000001 0.086609400000000003 0.0070236099999999996
-0.0193463 0.088166099999999997 0.0073162100000000001
0.037947799999999997 0.112884 0.0067909600000000004
0.035685700000000001 0.116705 0.00679001
-0.077994999999999995 0.15019099999999999 0.0067684700000000004
0.042971000000000002 0.077145699999999998 0.0071846899999999997
-0.055328500000000003 0.116551 0.0067003499999999999
-0.093584200000000006 0.15540699999999999 0.00706151
-0.081254099999999996 0.167492 0.0072446200000000002
-0.0287899 0.089518799999999996 0.0072434999999999999
0.0357834 0.108441 0.0076191399999999999
0.038141700000000001 0.10748099999999999 0.0076960500000000003
-0.067250900000000002 0.113551 0.0076098399999999997
-0.102912 0.156774 0.0075882500000000004
-0.0219174 0.087289199999999997 0.0078271799999999996
-0.055330699999999997 0.11286499999999999 0.0076555099999999999
0.030864300000000001 0.056358400000000003 0.0093869699999999997
-0.017416000000000001 0.058456099999999997 0.0082980299999999996
-0.0145995 0.060844500000000003 0.0078035800000000001
0.041973499999999997 0.0638928 0.0100252
0.024450199999999998 0.085893800000000006 0.0089348099999999996
-0.026472900000000001 0.088341900000000001 0.0076147899999999998
0.0836673 0.0875441 0.010236
-0.081950899999999993 0.092675900000000005 0.0087528299999999996
-0.072645799999999996 0.10978599999999999 0.0075488999999999999
-0.055191900000000002 0.14918699999999999 0.0078618899999999999
-0.058037900000000003 0.16708000000000001 0.0077685100000000002
0.034451900000000001 0.054424599999999997 0.010097999999999999
0.055247499999999998 0.054947099999999999 0.0098582300000000008
-0.0311653 0.056512399999999997 0.0093364399999999997
0.047135799999999999 0.054731099999999998 0.010003400000000001
-0.066847500000000004 0.056774400000000003 0.0085555300000000004
-0.022309300000000001 0.054201100000000002 0.0098718199999999999
-0.017665199999999999 0.054520100000000002 0.0098115800000000003
-0.070849999999999996 0.059592899999999997 0.0095979800000000007
0.022143800000000002 0.0587173 0.0096957199999999997
0.0099320099999999998 0.059543899999999997 0.0103445
-0.074953199999999998 0.063423499999999994 0.0102097
-0.011934800000000001 0.063734200000000005 0.0080199099999999999
0.018323699999999998 0.066422900000000007 0.0087548799999999996
-0.0098409900000000008 0.066909999999999997 0.0098070099999999997
0.078856399999999993 0.071195999999999995 0.00996849
0.018972099999999999 0.0749359 0.0100532
-0.011528099999999999 0.078846600000000003 0.0098774699999999993
0.0553214 0.080043400000000001 0.0098543599999999995
-0.082917500000000005 0.083640199999999998 0.0092584399999999997
0.0598208 0.083919199999999999 0.0103296
0.034522200000000003 0.087826299999999996 0.010286099999999999
-0.035058300000000001 0.087982599999999994 0.0094895599999999993
-0.039808900000000001 0.0903085 0.0087673000000000004
-0.015222599999999999 0.091287900000000005 0.0083580500000000005
-0.043124000000000003 0.091269799999999998 0.00996089
-0.081217399999999995 0.096643900000000005 0.0079672300000000005
-0.051694299999999999 0.100464 0.0091518699999999994
0.071468000000000004 0.103394 0.0096138300000000003
0.075545799999999996 0.104133 0.0096438099999999992
-0.054360100000000001 0.109568 0.0078930400000000005
0.035239300000000001 0.11254500000000001 0.0102471
0.039235600000000002 0.117205 0.010409
0.037651999999999998 0.122763 0.0081846200000000001
-0.083397100000000002 0.141925 0.010493300000000001
-0.102468 0.14844099999999999 0.0086238300000000007
-0.055356500000000003 0.14721000000000001 0.0086902799999999999
-0.083324499999999996 0.15016499999999999 0.0098587299999999996
-0.060452400000000003 0.150676 0.0081160699999999995
-0.100221 0.15318100000000001 0.010130200000000001
-0.104559 0.15731400000000001 0.0098662799999999998
-0.10030699999999999 0.15821299999999999 0.0100467
-0.059277299999999998 0.16217500000000001 0.0090459100000000008
-0.079131099999999996 0.16204099999999999 0.010460199999999999
-0.075273800000000002 0.16337099999999999 0.0088346999999999992
-0.055664699999999998 0.16542999999999999 0.0084784999999999999
-0.063550700000000002 0.16805 0.0092249099999999994
-0.074816300000000002 0.170378 0.0101951
-0.088102399999999997 0.16966700000000001 0.010018000000000001
-0.083306400000000003 0.17440900000000001 0.010414
0.0598285 0.053772800000000003 0.0098220800000000004
0.063234200000000004 0.053361800000000001 0.0098856699999999992
-0.039447999999999997 0.055579099999999999 0.0097304799999999997
-0.035515199999999997 0.055915199999999998 0.0094099100000000005
-0.026347499999999999 0.055519399999999997 0.010158
-0.073657700000000007 0.060686700000000003 0.0082867099999999992
0.0139848 0.059342199999999998 0.0097421499999999998
-0.0104349 0.063561599999999996 0.010164899999999999
0.010035799999999999 0.065373700000000007 0.01008
-0.078581600000000001 0.067482700000000007 0.0095011799999999997
-0.081203499999999998 0.070487499999999995 0.0080883599999999993
-0.0096430700000000001 0.071509299999999998 0.0095881300000000003
-0.010516899999999999 0.075178900000000007 0.010008700000000001
0.038422999999999999 0.075948199999999993 0.010644799999999999
0.043603200000000002 0.076327000000000006 0.00986099
0.022532300000000002 0.083632100000000001 0.010141499999999999
-0.023781 0.086539099999999994 0.0084227099999999999
0.062171700000000003 0.086963200000000004 0.0099293999999999997
-0.030984600000000001 0.086767399999999995 0.0093244799999999996
-0.026498000000000001 0.086534299999999995 0.0085394800000000003
-0.0141718 0.087523100000000006 0.0093517600000000006
0.066226800000000002 0.096172800000000003 0.0097746399999999994
0.068010600000000004 0.099818100000000007 0.0097537300000000004
-0.078456799999999993 0.099824700000000002 0.0092936900000000003
0.079713300000000001 0.10052700000000001 0.01064
0.078994099999999998 0.103519 0.0088175800000000002
0.038897099999999997 0.104506 0.0097143200000000002
0.035542999999999998 0.10524699999999999 0.0103269
-0.073875700000000002 0.10750999999999999 0.0083121900000000006
-0.070764999999999995 0.10821600000000001 0.0089593399999999997
-0.055447799999999998 0.108413 0.0086527099999999992
-0.056298800000000003 0.11148 0.0082532500000000002
-0.066736500000000004 0.112049 0.0084439000000000007
-0.063336900000000002 0.11257200000000001 0.0087291899999999995
0.035791999999999997 0.11634799999999999 0.0095064899999999994
0.036557899999999997 0.12045400000000001 0.0087106600000000003
-0.078735200000000005 0.14197699999999999 0.010026200000000001
-0.075366199999999994 0.14249800000000001 0.0096906100000000005
-0.059695699999999997 0.142514 0.0090567300000000007
-0.055370799999999998 0.14422199999999999 0.0093989099999999999
-0.063825400000000004 0.14404 0.0108065
-0.066392499999999993 0.14491799999999999 0.010727
-0.096378699999999998 0.14540500000000001 0.0101615
-0.101396 0.149009 0.010023900000000001
-0.075539800000000004 0.149314 0.010045
-0.071206599999999995 0.14907599999999999 0.010506400000000001
-0.059246199999999999 0.14827000000000001 0.00936326
-0.063326300000000002 0.15124699999999999 0.0085348500000000001
-0.067448300000000003 0.162054 0.0104321
-0.080701599999999998 0.16402 0.0090975599999999993
-0.083443299999999998 0.16569300000000001 0.0100844
-0.071289500000000006 0.16953299999999999 0.0096034199999999997
-0.090981800000000002 0.173738 0.0098853199999999995
-0.078795500000000004 0.17244599999999999 0.010132800000000001
0.036148300000000001 0.0530278 0.0091170599999999997
0.039211099999999999 0.0532066 0.0101688
-0.047200499999999999 0.055707 0.0105072
-0.051424600000000001 0.055899600000000001 0.0106499
-0.043522699999999997 0.055521899999999999 0.0099591899999999997
-0.063452900000000007 0.056486700000000001 0.0097247500000000008
0.051542900000000003 0.0550275 0.0102559
-0.067350900000000005 0.058810300000000003 0.010820400000000001
0.071207000000000006 0.059575200000000002 0.0100099
0.073034299999999996 0.061755499999999998 0.0088999999999999999
0.074396400000000001 0.063707200000000005 0.010334400000000001
-0.077551400000000006 0.064647800000000005 0.0086794000000000003
0.0191874 0.071301100000000006 0.0101268
-0.082246299999999994 0.074914499999999995 0.0089321299999999999
0.0367122 0.076567200000000002 0.0092082499999999994
0.047334800000000003 0.076820799999999995 0.010034599999999999
0.051813600000000001 0.078034199999999998 0.0096279299999999998
-0.082251099999999994 0.078939999999999996 0.0092028500000000003
0.082526199999999994 0.080836099999999994 0.0099244099999999998
0.036313199999999997 0.083915900000000002 0.0092698399999999997
0.061226900000000001 0.085521 0.0086145700000000002
-0.082277600000000006 0.087962899999999997 0.0091849299999999991
0.0261575 0.086779800000000004 0.0099907799999999995
0.083252699999999999 0.091825500000000004 0.010774499999999999
-0.046277499999999999 0.093208100000000002 0.010252000000000001
0.082683999999999994 0.096142099999999994 0.0097013199999999994
-0.079335699999999995 0.095996600000000001 0.0098199700000000008
0.081655400000000003 0.099493200000000004 0.0092221899999999999
0.040495799999999998 0.11224099999999999 0.0090447400000000008
0.039244599999999998 0.12010899999999999 0.0095758600000000003
-0.088800799999999999 0.143015 0.0098700999999999997
-0.099266199999999999 0.146453 0.0102872
-0.067458599999999994 0.14938399999999999 0.0099706699999999992
-0.066020999999999996 0.15110599999999999 0.0089572499999999999
-0.093661800000000003 0.15556400000000001 0.0099881799999999993
-0.071141499999999996 0.162524 0.010036099999999999
-0.067056900000000003 0.16875000000000001 0.010043399999999999
-0.084016300000000002 0.176817 0.0084061899999999991
-0.090898499999999993 0.179869 0.0093725000000000006
0.041797099999999997 0.066497799999999996 0.0107744
0.081547900000000006 0.077828999999999995 0.0100667
-0.0121066 0.082276699999999994 0.0091975900000000003
-0.059081000000000002 0.10818800000000001 0.0095096499999999997
-0.066816600000000004 0.10850799999999999 0.0094972900000000002
-0.063332200000000005 0.148371 0.0100444
-0.0115017 0.059084299999999999 0.0104847
0.0075684200000000002 0.063666 0.0106073
0.0137386 0.064657699999999999 0.0101888
0.017565299999999999 0.064655599999999994 0.010436900000000001
-0.0258877 0.082848400000000003 0.0099063199999999997
-0.085811600000000002 0.175452 0.0096536699999999996
-0.054993100000000003 0.10027800000000001 0.011014100000000001
-0.071651599999999996 0.10488699999999999 0.0103149
0.030786399999999998 0.057560199999999999 0.011055199999999999
-0.022068600000000001 0.079487199999999994 0.010308899999999999
0.037560099999999999 0.083201800000000006 0.0106263
-0.018837599999999999 0.083496600000000004 0.011003199999999999
-0.038328599999999997 0.088133600000000006 0.0105749
-0.079660599999999998 0.091791999999999999 0.0108272
-0.074847499999999997 0.10007199999999999 0.0109102
-0.085822200000000001 0.15043500000000001 0.0109449
-0.079215499999999994 0.15227399999999999 0.011254
-0.107435 0.15801200000000001 0.010892499999999999
-0.074994400000000003 0.16304099999999999 0.010936400000000001
0.0266605 0.056935399999999997 0.010977300000000001
-0.0719857 0.062075900000000003 0.0111486
0.022667099999999999 0.064820500000000003 0.0108743
-0.076166600000000001 0.067183000000000007 0.0114056
-0.0801616 0.075387399999999993 0.011177899999999999
-0.022235700000000001 0.074931600000000001 0.010563700000000001
-0.025490800000000001 0.076036500000000007 0.010962299999999999
0.050351600000000003 0.077345700000000003 0.010988299999999999
0.021184100000000001 0.079535499999999995 0.0114
0.038614099999999998 0.079389000000000001 0.0111349
-0.080058299999999999 0.082782900000000006 0.011476500000000001
-0.0408841 0.089540099999999997 0.0108848
0.065562800000000004 0.093839199999999998 0.0110253
0.069895499999999999 0.101008 0.011022000000000001
-0.059193299999999997 0.10453900000000001 0.0107227
0.041693800000000003 0.108268 0.010487700000000001
-0.063411099999999998 0.104029 0.011240099999999999
0.0416715 0.112771 0.0105877
-0.063543699999999995 0.142432 0.010834399999999999
-0.059190300000000001 0.14457200000000001 0.010378
-0.066658499999999996 0.14235100000000001 0.010858700000000001
-0.071013900000000005 0.142842 0.0107873
-0.085889999999999994 0.16705300000000001 0.0106395
-0.063139299999999995 0.165489 0.011354400000000001
0.0050706900000000001 0.055746200000000003 0.011267599999999999
0.026174200000000002 0.065029900000000002 0.011015799999999999
-0.026516399999999999 0.078588699999999997 0.0108705
-0.075706499999999996 0.096691100000000002 0.0117961
-0.0178736 0.053039700000000002 0.0116811
-0.063407500000000006 0.057712899999999998 0.0113974
-0.0599383 0.057381399999999999 0.011416900000000001
-0.038666800000000001 0.057981499999999998 0.011606
0.0061037699999999997 0.059491299999999997 0.0115157
0.0074750299999999997 0.065381700000000001 0.0114608
-0.021801600000000001 0.073037500000000005 0.011262299999999999
0.040950100000000003 0.079144500000000007 0.0114883
-0.028680600000000001 0.079920199999999997 0.011250100000000001
0.039364400000000001 0.100969 0.0118738
0.075926999999999994 0.101247 0.011919799999999999
0.0418076 0.10148600000000001 0.0117254
0.0034643899999999999 0.057375000000000002 0.011452
-0.033743099999999998 0.084633299999999995 0.011394700000000001
-0.071558700000000003 0.100719 0.011594399999999999
0.0034908199999999999 0.056166199999999999 0.0124797
0.031309299999999998 0.058208299999999998 0.0142991
0.0037637399999999998 0.058454100000000002 0.012937799999999999
0.027603300000000001 0.066965899999999995 0.013600299999999999
-0.0086580500000000005 0.067114099999999996 0.0136387
0.041522799999999999 0.067107899999999998 0.013367199999999999
0.038603199999999997 0.0751888 0.013645900000000001
0.039861500000000001 0.078870700000000002 0.0135984
0.039710700000000002 0.083528199999999997 0.0135645
0.035123700000000001 0.0900585 0.0118855
0.0345846 0.092457600000000001 0.0138453
-0.067666199999999996 0.10085 0.011909899999999999
-0.082811800000000005 0.149704 0.014578300000000001
-0.084182499999999993 0.1512 0.012512799999999999
-0.087073999999999999 0.15174499999999999 0.013720100000000001
-0.083360799999999999 0.165959 0.0134036
0.0394908 0.054800700000000001 0.013765299999999999
0.043295300000000002 0.0535881 0.014233900000000001
-0.026737799999999999 0.053446100000000003 0.013634
-0.0139823 0.053965899999999997 0.013572799999999999
0.063543000000000002 0.0541653 0.013932
0.047146500000000001 0.053326800000000001 0.014240900000000001
0.036075200000000002 0.056077799999999997 0.0130064
0.051285299999999999 0.053776600000000001 0.013900900000000001
0.055058799999999998 0.053825999999999999 0.0141756
-0.029756100000000001 0.0557314 0.013967
0.0057763800000000002 0.0563829 0.013037999999999999
0.029435800000000002 0.0563957 0.0138383
-0.011710999999999999 0.056332800000000002 0.014007800000000001
-0.055099000000000002 0.057872100000000003 0.014556299999999999
-0.047253200000000002 0.059651000000000003 0.0134483
0.0097597299999999994 0.057632000000000003 0.01367
0.034521700000000002 0.059280899999999997 0.014536
0.068644800000000006 0.057589799999999997 0.013889
-0.0439856 0.059954300000000002 0.0132081
-0.0102194 0.059357100000000003 0.0141172
0.070944199999999999 0.059518300000000003 0.013865000000000001
-0.063046199999999997 0.059557199999999998 0.0140654
0.021714600000000001 0.057679800000000003 0.013723300000000001
0.0181318 0.058285400000000001 0.0141972
0.0059023499999999998 0.059053599999999998 0.0142501
0.0134637 0.058409500000000003 0.0137094
-0.0709698 0.063587900000000003 0.0127972
0.0061915199999999998 0.063283199999999998 0.0140123
0.074474499999999999 0.063720899999999997 0.0137669
-0.0093131700000000008 0.062945200000000007 0.013580999999999999
0.017767600000000001 0.064219200000000004 0.0138703
0.022292099999999999 0.063974100000000006 0.013558000000000001
0.025528599999999999 0.064757400000000007 0.0138072
0.0073580599999999996 0.065557299999999999 0.0135432
0.0098525699999999997 0.065654799999999999 0.013793
0.076886200000000002 0.067294300000000001 0.0134786
-0.0746946 0.071405499999999997 0.0135129
-0.0096901299999999999 0.071179500000000007 0.014122900000000001
-0.0218075 0.072680599999999998 0.0137676
-0.025953500000000001 0.075458700000000004 0.013812400000000001
-0.0198756 0.072861599999999999 0.014630900000000001
-0.077924800000000002 0.075113100000000002 0.012477800000000001
-0.0178129 0.075128700000000007 0.0140421
0.080785599999999999 0.075455300000000003 0.0140524
0.042719 0.075283299999999997 0.014020299999999999
0.046630900000000003 0.0755416 0.0144788
-0.017667800000000001 0.079129099999999994 0.013598600000000001
0.050455899999999998 0.077013300000000007 0.0136936
0.082002699999999998 0.079309699999999997 0.013482600000000001
-0.028369800000000001 0.078391100000000005 0.012660299999999999
0.022795200000000002 0.078526100000000001 0.013618399999999999
-0.029949400000000001 0.079944200000000007 0.013783399999999999
0.0549988 0.079489500000000005 0.0137699
0.041757700000000002 0.079419500000000004 0.0144964
-0.017871499999999998 0.082459400000000002 0.0126997
0.023910299999999999 0.0826678 0.013417200000000001
-0.014537400000000001 0.082095100000000004 0.012558400000000001
0.059187299999999998 0.083086300000000002 0.0135789
-0.032290300000000001 0.082352999999999996 0.0138082
0.0255721 0.084127800000000003 0.014624
0.082528900000000002 0.087347499999999995 0.013703699999999999
-0.0365037 0.085972000000000007 0.013854099999999999
0.039247600000000001 0.087363700000000002 0.013584199999999999
0.027166300000000001 0.087099800000000005 0.0139361
-0.039073999999999998 0.087720099999999995 0.014068199999999999
0.029747099999999999 0.088990200000000005 0.013787900000000001
-0.041186300000000002 0.089215500000000003 0.0137156
0.039455299999999999 0.091833200000000004 0.013840999999999999
0.031862799999999997 0.090736499999999998 0.0142086
-0.077918500000000002 0.087884100000000007 0.012636
-0.0772785 0.092872800000000005 0.0119808
0.082227900000000007 0.091659500000000005 0.0129382
-0.047000199999999999 0.093014299999999994 0.0141209
0.081706600000000004 0.094087400000000002 0.0125059
0.066368800000000006 0.093176700000000001 0.0146132
-0.051243299999999999 0.095334199999999994 0.0139282
0.067711999999999994 0.0959121 0.013684099999999999
0.079530799999999999 0.095628099999999994 0.013970099999999999
-0.071200200000000005 0.095746200000000004 0.0131518
0.043322300000000001 0.099793199999999999 0.0129052
0.071235199999999999 0.099196099999999995 0.013165100000000001
0.077900899999999995 0.098877900000000005 0.013023399999999999
-0.059216299999999999 0.099662000000000001 0.012408600000000001
-0.063176099999999999 0.101256 0.0121259
0.035120600000000002 0.100813 0.01444
0.043299999999999998 0.10864 0.0137392
0.036026099999999998 0.108421 0.013327800000000001
0.042008799999999999 0.111952 0.0132485
0.036415500000000003 0.111496 0.0127289
0.038742800000000001 0.11502 0.0131538
-0.079097500000000001 0.142069 0.0141475
-0.0711011 0.14229600000000001 0.012851700000000001
-0.086083400000000004 0.14271800000000001 0.0127297
-0.083174300000000007 0.14238899999999999 0.0144604
-0.075609700000000002 0.14215900000000001 0.013446700000000001
-0.088241200000000006 0.14346400000000001 0.0138563
-0.095925399999999994 0.14557999999999999 0.0141622
-0.099986900000000004 0.14887900000000001 0.0134184
-0.071229100000000004 0.144757 0.0137126
-0.072202000000000002 0.14716899999999999 0.0124631
-0.079737199999999994 0.148594 0.014231499999999999
-0.098037799999999994 0.151613 0.0130635
-0.079978099999999996 0.15140700000000001 0.012836500000000001
-0.096115199999999998 0.152977 0.013724500000000001
-0.10015300000000001 0.156331 0.012571799999999999
-0.097711500000000007 0.155143 0.012577
-0.10476199999999999 0.157801 0.012773899999999999
-0.080104400000000006 0.162437 0.0125039
-0.071288400000000002 0.163135 0.0125965
-0.0752443 0.16492899999999999 0.0139656
-0.066060499999999994 0.16358800000000001 0.011898000000000001
-0.086013500000000007 0.16710900000000001 0.012734499999999999
-0.067358600000000005 0.165992 0.013190199999999999
-0.087548500000000001 0.169821 0.0134004
-0.075183299999999995 0.169631 0.014557
-0.079174099999999997 0.17202000000000001 0.0141516
-0.088187500000000002 0.17335600000000001 0.0146184
-0.083445500000000006 0.17318600000000001 0.014005800000000001
-0.091211 0.177368 0.013861099999999999
-0.088324600000000003 0.17699999999999999 0.0137374
-0.018053900000000001 0.053001100000000002 0.013758299999999999
-0.051438200000000003 0.0589101 0.014067100000000001
-0.039617399999999997 0.060210600000000003 0.0129382
0.026269500000000001 0.071227100000000002 0.014201800000000001
-0.077953099999999997 0.083054799999999998 0.0127864
-0.074792700000000004 0.092404399999999998 0.0132412
0.038732000000000003 0.096181600000000006 0.0138192
0.039517499999999997 0.098830500000000002 0.012629400000000001
-0.063407900000000003 0.099582500000000004 0.012803699999999999
-0.067492700000000003 0.063130099999999995 0.0142538
-0.071488700000000002 0.067242399999999994 0.0140862
0.023537599999999999 0.071815299999999999 0.013348
-0.077785499999999994 0.078703700000000001 0.0126844
0.035816399999999998 0.096457399999999999 0.014120499999999999
-0.059265699999999998 0.096103999999999995 0.014515200000000001
-0.067051799999999995 0.098642800000000003 0.012824199999999999
0.075239299999999995 0.099079899999999999 0.013797800000000001
-0.066668699999999997 0.095881999999999995 0.013562899999999999
-0.078810000000000005 0.165662 0.0142583
-0.071088499999999999 0.16553799999999999 0.014098100000000001
-0.075299500000000005 0.075410900000000003 0.013948
-0.075284000000000004 0.078819899999999998 0.0140895
0.057227 0.081227499999999994 0.013362499999999999
-0.071568699999999999 0.091552800000000004 0.0142395
-0.039048899999999998 0.062436199999999997 0.014574800000000001
-0.043100600000000003 0.063159900000000005 0.014664699999999999
0.0289471 0.068237999999999993 0.014751999999999999
0.029204999999999998 0.071219400000000002 0.0153615
0.0813667 0.078055899999999998 0.0152801
-0.075432299999999994 0.082972799999999999 0.0141196
0.081186599999999998 0.088350100000000001 0.015674500000000001
0.042430700000000002 0.092684699999999995 0.015131199999999999
0.0432629 0.096435199999999999 0.0145284
0.070715600000000003 0.096052999999999999 0.015508299999999999
0.045474300000000002 0.10037 0.0145608
-0.075475299999999995 0.14460500000000001 0.0147487
-0.083606100000000003 0.169044 0.0152646
-0.021933299999999999 0.053117600000000001 0.014642199999999999
0.026090800000000001 0.074894500000000003 0.015663199999999999
0.0230437 0.056991 0.0147625
0.072795100000000001 0.061597100000000002 0.014674599999999999
-0.046695399999999998 0.062756400000000004 0.015181399999999999
0.0403998 0.072548500000000002 0.015835800000000001
0.041217999999999998 0.087100899999999995 0.015318699999999999
0.045952600000000003 0.096808400000000003 0.0153551
-0.064567299999999994 0.061751599999999997 0.0151941
-0.070992100000000002 0.083294300000000002 0.015406400000000001
-0.071122699999999997 0.086784899999999998 0.015102300000000001
-0.063111100000000003 0.091862700000000005 0.0155406
0.075046699999999994 0.096407999999999994 0.0155833
-0.079011999999999999 0.14563400000000001 0.015716500000000001
0.035127100000000001 0.063366199999999998 0.015606
0.0341377 0.062939300000000004 0.017678900000000001
-0.068062600000000001 0.066656300000000002 0.015588400000000001
0.0352617 0.071311700000000006 0.015347599999999999
-0.070777599999999996 0.074964299999999998 0.015632199999999999
-0.070913699999999996 0.078706799999999993 0.015392299999999999
-0.026313799999999998 0.0532392 0.018351900000000001
-0.0142328 0.053754700000000002 0.017709099999999998
0.051166799999999998 0.054203500000000002 0.018121200000000001
0.055308599999999999 0.053680800000000001 0.017562100000000001
-0.030699199999999999 0.055638199999999999 0.018099899999999999
0.043243299999999998 0.055895 0.0170943
0.0629242 0.055869099999999998 0.018171900000000001
0.031053799999999999 0.055967700000000002 0.017686299999999999
0.022235499999999998 0.056539499999999999 0.017686199999999999
0.037959300000000001 0.058866399999999999 0.015915200000000001
-0.0345887 0.059164099999999997 0.017843399999999999
0.0075780400000000003 0.059691300000000003 0.017652899999999999
0.0098231700000000009 0.058132499999999997 0.0178421
-0.050345099999999997 0.059197699999999999 0.017376599999999999
0.070429900000000004 0.060004599999999998 0.0172286
-0.0097724500000000002 0.059668499999999999 0.0187517
-0.063487600000000005 0.059011899999999999 0.018020600000000001
-0.049415300000000002 0.0612708 0.0157471
-0.038719099999999999 0.062884399999999993 0.017745299999999999
0.0073016899999999996 0.062131199999999998 0.016712999999999999
-0.065892300000000001 0.063476099999999994 0.0179531
-0.047119899999999999 0.063085100000000005 0.018017200000000001
0.0178146 0.063601900000000003 0.017900800000000001
0.0249617 0.064078499999999997 0.0186524
0.013639 0.063684099999999993 0.0177228
0.0094916199999999992 0.063462599999999994 0.017943299999999999
-0.0099120600000000003 0.066892199999999999 0.018263700000000001
0.036053599999999998 0.066340200000000002 0.016046000000000001
0.075753899999999999 0.067212800000000003 0.018408899999999999
0.035580899999999999 0.067120600000000002 0.017762699999999999
0.029515699999999999 0.072016399999999994 0.0176124
0.038856000000000002 0.070972099999999996 0.0181639
0.036733500000000002 0.0699597 0.0168518
-0.022833699999999998 0.070996299999999998 0.017686400000000001
-0.0182825 0.0720779 0.018281100000000002
-0.013885 0.074124599999999999 0.017647900000000001
0.042070900000000001 0.0756878 0.017595599999999999
0.039067699999999997 0.075229799999999999 0.0170516
-0.026690700000000001 0.075015299999999993 0.017414300000000001
0.047779599999999998 0.074295100000000003 0.018173499999999999
0.079371800000000006 0.0750252 0.018108900000000001
0.042572899999999997 0.079137799999999994 0.018416499999999999
0.055618000000000001 0.078921599999999995 0.018450100000000001
-0.030658999999999999 0.078770999999999994 0.017793099999999999
-0.033886899999999998 0.080561599999999997 0.0191605
-0.0354217 0.083038899999999999 0.018056099999999999
0.027531300000000002 0.084748799999999999 0.0168735
0.043783099999999998 0.087395399999999998 0.017508300000000001
0.030346700000000001 0.087873599999999996 0.018244
0.063895999999999994 0.0867927 0.0184046
-0.042912400000000003 0.087861700000000001 0.018951300000000001
0.079178399999999996 0.087614700000000004 0.017985399999999999
0.032232799999999999 0.090743099999999993 0.0179554
0.0674347 0.091750300000000007 0.0173554
-0.047332300000000001 0.091253399999999998 0.018196799999999999
0.033848999999999997 0.095610100000000003 0.018077599999999999
0.047448299999999999 0.096299399999999993 0.017929
0.033495900000000002 0.099569500000000005 0.018066700000000002
0.047307599999999998 0.100255 0.017686799999999999
0.035279900000000003 0.104702 0.0182113
0.0446352 0.105751 0.018094300000000001
0.042901099999999998 0.107764 0.017743800000000001
-0.083222000000000004 0.14083599999999999 0.018730400000000001
-0.087412400000000001 0.14197499999999999 0.018498899999999999
-0.087511800000000001 0.145153 0.018305200000000001
-0.091982999999999995 0.14449799999999999 0.018181099999999999
-0.096590800000000004 0.144845 0.018800999999999998
-0.086500099999999996 0.15081900000000001 0.0159381
-0.083069299999999999 0.17000499999999999 0.016499
-0.086112499999999995 0.17108899999999999 0.016354299999999999
-0.086988399999999994 0.173731 0.016445100000000001
0.047641200000000002 0.055241499999999999 0.018352899999999998
0.026549900000000001 0.055655000000000003 0.018564500000000001
0.0137267 0.057994299999999999 0.017390200000000001
0.039697000000000003 0.059585100000000002 0.017423600000000001
-0.0091865100000000002 0.063462400000000002 0.018845600000000001
0.072569999999999996 0.062605400000000005 0.017990900000000001
0.07392 0.064177100000000001 0.017747499999999999
-0.067322099999999996 0.066845100000000005 0.018136900000000001
-0.068126599999999995 0.071220199999999997 0.018699500000000001
-0.069202100000000002 0.071207199999999998 0.0159194
-0.067397799999999994 0.083074099999999998 0.016019800000000001
0.080389500000000003 0.083300200000000005 0.017807
0.043583499999999997 0.083326499999999998 0.017592099999999999
-0.037123999999999997 0.085622000000000004 0.016209000000000001
0.044500999999999999 0.090993299999999999 0.016976399999999999
0.033331199999999998 0.092330499999999996 0.018793600000000001
-0.051274899999999998 0.091835399999999998 0.018782699999999999
0.045872900000000001 0.092896800000000002 0.0178227
-0.079744099999999998 0.14379700000000001 0.0169044
-0.083712700000000001 0.147564 0.0171889
-0.087966600000000006 0.148837 0.018365900000000001
-0.096534999999999996 0.148844 0.0186751
-0.017976300000000001 0.053180499999999999 0.018248799999999999
-0.043084900000000002 0.065615900000000005 0.017696099999999999
0.029639200000000001 0.074898400000000004 0.017921900000000001
0.039913999999999998 0.0785526 0.016377800000000001
-0.062853599999999996 0.087356100000000006 0.017130300000000001
0.078242699999999998 0.091682600000000003 0.016963700000000002
-0.054957800000000001 0.094544299999999998 0.016985299999999998
-0.094921800000000001 0.15124399999999999 0.016971699999999999
-0.091690099999999997 0.15195700000000001 0.016759900000000001
-0.0593611 0.055539999999999999 0.018127899999999999
-0.0552297 0.055411000000000002 0.017935199999999998
0.039446099999999998 0.066850599999999996 0.017588300000000001
0.043559 0.071186600000000003 0.018318999999999998
-0.067872199999999994 0.075403999999999999 0.018907400000000001
0.080173999999999995 0.079510399999999995 0.018169100000000001
-0.063664899999999996 0.079032199999999997 0.017758900000000001
-0.062457699999999998 0.082883200000000004 0.017435099999999999
-0.0648841 0.083661100000000002 0.016312500000000001
-0.058168600000000001 0.093950800000000001 0.0169067
0.070999800000000002 0.094080200000000003 0.017011100000000001
-0.052451299999999999 0.094072000000000003 0.0172234
-0.021908 0.053232000000000002 0.0185075
-0.045588099999999999 0.065494800000000006 0.018302599999999999
0.058081199999999999 0.081000500000000003 0.018445099999999999
-0.083102599999999999 0.14450299999999999 0.018567799999999999
0.028227499999999999 0.070103100000000002 0.018933599999999998
-0.025853399999999999 0.071381500000000001 0.0196151
-0.013808900000000001 0.071149299999999999 0.0195421
0.030166200000000001 0.083100099999999996 0.019348400000000002
0.066643099999999997 0.0887019 0.0193294
0.074912500000000007 0.091733599999999998 0.0183591
-0.055118100000000003 0.092136499999999996 0.0187412
-0.062654000000000001 0.055935400000000003 0.019613200000000001
-0.04795 0.060095799999999998 0.0196911
0.042800600000000001 0.067622600000000005 0.019498600000000001
-0.021485500000000001 0.067579899999999998 0.019396799999999999
-0.0594516 0.0795352 0.018917099999999999
-0.059170300000000002 0.083631399999999995 0.018907799999999999
0.062266000000000002 0.084959400000000004 0.018851900000000001
0.071152599999999996 0.091263300000000006 0.018838400000000002
0.046510999999999997 0.072172500000000001 0.019745100000000002
-0.029680499999999999 0.075743699999999997 0.019754799999999999
0.053284100000000001 0.077083200000000004 0.019032500000000001
-0.0387493 0.084531099999999998 0.0194591
-0.089888599999999999 0.14272199999999999 0.018796500000000001
-0.0179478 0.067204899999999998 0.019722199999999999
-0.0138633 0.067002000000000006 0.019841999999999999
0.077086100000000005 0.070777599999999996 0.019578600000000002
0.045683099999999997 0.087791999999999995 0.019683099999999999
0.018784100000000001 0.057132099999999998 0.019443499999999999
0.046072500000000002 0.057466400000000001 0.019571100000000001
0.0426956 0.063004400000000002 0.019763699999999999
0.043632299999999999 0.078965099999999996 0.022693999999999999
0.034733399999999998 0.059082099999999999 0.022525099999999999
0.0101879 0.057512899999999999 0.021889499999999999
0.037390699999999999 0.068754099999999999 0.021491900000000001
0.0390386 0.071428699999999998 0.022257200000000001
-0.058090700000000002 0.078171299999999999 0.021559600000000002
-0.055748499999999999 0.081143099999999996 0.0199487
0.035073 0.100133 0.021638399999999999
-0.0262896 0.054347800000000002 0.02247
-0.017695200000000001 0.0533567 0.022190999999999999
-0.059527400000000001 0.053677299999999997 0.0220904
-0.055246900000000002 0.053491299999999999 0.022646699999999999
-0.050863199999999997 0.054951399999999997 0.021655299999999999
-0.063733200000000004 0.055305 0.0223035
0.026739800000000001 0.056240900000000003 0.021476700000000001
0.030468800000000001 0.0558477 0.022323699999999998
0.034336600000000002 0.055902899999999998 0.022336000000000002
0.055234999999999999 0.056315999999999998 0.020645
0.0584106 0.056527599999999997 0.020742699999999999
-0.011551000000000001 0.056839300000000002 0.021253500000000002
0.0501273 0.056887899999999998 0.0204587
0.047274400000000001 0.059557499999999999 0.0213461
0.063399899999999995 0.059260899999999998 0.021602300000000001
-0.0341657 0.059886000000000002 0.0217754
0.017523500000000001 0.058195700000000003 0.022703999999999998
-0.047470499999999999 0.058958000000000003 0.022234799999999999
0.0059194499999999997 0.059359200000000001 0.022223
-0.065026299999999995 0.058205199999999999 0.020613300000000001
-0.066131300000000004 0.059321800000000001 0.022247200000000002
0.070690799999999998 0.063630000000000006 0.021721899999999999
-0.045936100000000001 0.063649499999999998 0.022318299999999999
-0.038820199999999999 0.063575000000000007 0.021888700000000001
0.0096291299999999996 0.064519000000000007 0.021809700000000001
0.021488400000000001 0.062548999999999993 0.0214209
0.026493800000000001 0.063111299999999995 0.021455999999999999
0.0177532 0.063262700000000005 0.022357200000000001
0.013617300000000001 0.063894599999999996 0.022802099999999999
-0.0179483 0.063793799999999998 0.022543299999999999
-0.043498200000000001 0.065908499999999995 0.022711200000000001
-0.0138464 0.063482899999999995 0.022394000000000001
-0.067237699999999997 0.067219200000000007 0.022394000000000001
0.073949500000000001 0.067305199999999996 0.021289099999999998
0.027533999999999999 0.067109199999999994 0.0208138
-0.023249700000000002 0.066275799999999996 0.021397099999999999
-0.016661499999999999 0.070000999999999994 0.020576299999999999
0.075238299999999994 0.071231900000000001 0.021959699999999999
0.028402299999999998 0.070006399999999996 0.0208051
0.047863799999999998 0.070681900000000006 0.021178200000000001
0.029371700000000001 0.071675699999999995 0.0223088
0.041635100000000001 0.075209100000000001 0.022000800000000001
0.077759700000000001 0.075254299999999996 0.020759300000000001
0.051763499999999997 0.074179999999999996 0.021206800000000001
0.055221300000000001 0.075601799999999997 0.022176999999999999
0.0313301 0.0789184 0.022142499999999999
-0.063498700000000005 0.077253000000000002 0.0201321
0.056410700000000001 0.077791600000000002 0.021337200000000001
0.078024499999999997 0.078703800000000004 0.020806000000000002
-0.034935000000000001 0.078634899999999994 0.020799499999999999
-0.055375800000000003 0.078988100000000006 0.022405999999999999
0.032299599999999998 0.082470100000000005 0.021569899999999999
0.060314600000000003 0.081788799999999995 0.0206941
0.078023200000000001 0.082100900000000004 0.020666299999999999
0.063297300000000001 0.082916000000000004 0.0216324
-0.041350999999999999 0.085453299999999996 0.020034
0.031994399999999999 0.086738899999999994 0.0216288
0.075031399999999998 0.085970400000000002 0.020830899999999999
-0.047248100000000001 0.088551199999999997 0.020159099999999999
0.071032499999999998 0.089207900000000007 0.020099800000000001
0.0331959 0.089154700000000003 0.022481999999999999
0.034823600000000003 0.091662400000000005 0.022391000000000001
0.0352132 0.0962364 0.0219121
0.048492199999999999 0.096253599999999995 0.021492899999999999
0.047247299999999999 0.100354 0.022511400000000001
0.036104400000000002 0.103828 0.021098800000000001
0.0430081 0.104523 0.022207899999999999
0.038501599999999997 0.106184 0.020835699999999999
0.039064099999999997 0.104878 0.0227639
-0.0842532 0.141211 0.020716700000000001
-0.084150600000000006 0.14297199999999999 0.020628899999999999
-0.091376200000000005 0.14210999999999999 0.0212274
-0.094979900000000006 0.145429 0.021321
-0.087957300000000002 0.144318 0.0217194
-0.092467400000000005 0.14721699999999999 0.0206503
-0.095980700000000002 0.14707400000000001 0.020738199999999998
0.066849199999999998 0.060446100000000003 0.0215447
0.0071301999999999997 0.062248100000000001 0.0227849
0.044401500000000003 0.063344399999999995 0.020855700000000001
0.044384199999999999 0.066136200000000006 0.020775700000000001
-0.031636600000000001 0.075173400000000001 0.020753400000000002
-0.0661056 0.075157399999999999 0.0208734
-0.039968999999999998 0.0826823 0.020825199999999999
0.075474799999999995 0.083319799999999999 0.021530400000000002
0.067454100000000003 0.086728200000000005 0.020990700000000001
-0.052634500000000001 0.0876836 0.020399400000000002
-0.047573400000000002 0.086742399999999997 0.020764299999999999
0.071170600000000001 0.086949399999999996 0.0212959
-0.021712599999999999 0.053293199999999999 0.0224771
0.0513727 0.058826200000000002 0.022088900000000002
-0.021590000000000002 0.064151700000000006 0.022971999999999999
-0.066050499999999998 0.070718500000000004 0.0222662
-0.0633793 0.074992500000000004 0.0216616
-0.051556499999999998 0.083065700000000006 0.020755800000000001
0.044703699999999999 0.082066 0.021091700000000001
-0.048537499999999997 0.056525300000000001 0.022817400000000002
0.059137099999999998 0.059232 0.022619
0.071482699999999996 0.067237000000000005 0.023249100000000002
-0.0351408 0.074835799999999994 0.0215003
-0.051660600000000001 0.079726500000000006 0.022254300000000001
-0.046898000000000002 0.079426300000000005 0.022392499999999999
-0.039493399999999998 0.078902899999999998 0.021398899999999998
0.046951100000000003 0.063303100000000001 0.0220406
-0.064147700000000002 0.072543899999999994 0.0226424
-0.0342656 0.072581900000000005 0.0226664
0.075275499999999995 0.075195300000000007 0.022835399999999999
-0.043406399999999998 0.078843099999999999 0.021758099999999999
0.066940399999999997 0.0836451 0.022382099999999999
-0.031524400000000001 0.058831000000000001 0.023382699999999999
0.0090517299999999992 0.056944300000000003 0.022635300000000001
0.0257761 0.059308300000000001 0.021966599999999999
0.055211400000000001 0.059736600000000001 0.0230612
-0.035371600000000003 0.062322700000000002 0.023599700000000001
0.067353200000000002 0.063121700000000003 0.023439399999999999
0.030276399999999998 0.063562499999999994 0.022551600000000002
0.029741500000000001 0.067079399999999997 0.02315
-0.041310800000000002 0.077254100000000006 0.0220133
0.033057900000000001 0.083383100000000002 0.023580500000000001
0.071387800000000001 0.083447400000000005 0.0225068
0.036943299999999998 0.101688 0.022517200000000001
0.030422100000000001 0.059326700000000003 0.023541099999999999
0.058802500000000001 0.075347800000000006 0.0238756
0.0633127 0.0790965 0.023652400000000001
0.0030998900000000001 0.055519499999999999 0.023628
0.0036268199999999998 0.057845899999999999 0.023611699999999999
-0.040731999999999997 0.065421699999999999 0.0233733
0.051654400000000003 0.067473099999999994 0.023698799999999999
0.070820900000000006 0.078923099999999996 0.023610300000000001
0.054529300000000003 0.071633199999999994 0.023815099999999999
0.063284800000000002 0.062057399999999999 0.0239236
-0.0218747 0.055152800000000002 0.025395500000000001
-0.063414200000000004 0.054197000000000002 0.026262000000000001
-0.018200299999999999 0.055153099999999997 0.025473900000000001
-0.025758400000000001 0.056256800000000003 0.024921499999999999
0.032471699999999999 0.056101900000000003 0.024830000000000001
-0.015387899999999999 0.0563448 0.024984800000000001
-0.065836900000000004 0.056310699999999998 0.025650300000000001
0.0071615400000000001 0.056723999999999997 0.024530300000000001
-0.0293023 0.059796200000000001 0.0251404
0.013403 0.059082000000000003 0.025320599999999999
-0.067032400000000006 0.059297900000000001 0.025747800000000001
-0.0464742 0.058583200000000002 0.026006899999999999
0.0066852600000000002 0.059000900000000002 0.025002300000000002
0.0550514 0.0621313 0.024109700000000001
-0.0341768 0.063888899999999998 0.025300599999999999
0.0101999 0.062865000000000004 0.025462100000000001
-0.026602000000000001 0.063270099999999996 0.025529300000000001
-0.038843200000000001 0.067076200000000002 0.025663499999999999
-0.026838500000000001 0.0661611 0.024559399999999999
-0.067213899999999993 0.067111400000000002 0.0265606
0.031741600000000002 0.071314199999999994 0.025217099999999999
0.072070700000000001 0.071392499999999998 0.024180400000000001
0.035264299999999998 0.071178099999999994 0.0255569
-0.0324131 0.070293099999999997 0.0248367
0.038090300000000001 0.072479299999999997 0.0252946
-0.035000299999999998 0.071064500000000003 0.025851599999999999
-0.038859200000000003 0.074776400000000007 0.0258176
0.040541000000000001 0.074420299999999995 0.0244359
-0.058883400000000002 0.074883400000000003 0.025641400000000002
-0.041770399999999999 0.076319899999999996 0.027030200000000001
0.071757799999999997 0.075829400000000005 0.024198600000000001
-0.043876699999999998 0.078184400000000001 0.0253478
-0.0542633 0.078186900000000004 0.024583899999999999
-0.051447600000000003 0.078665399999999996 0.025530899999999999
-0.047217299999999997 0.078921400000000003 0.0263889
0.067549700000000004 0.079846899999999998 0.0239253
0.045474399999999998 0.082965899999999995 0.025311299999999998
0.034511699999999999 0.087230199999999994 0.026557799999999999
0.035284900000000001 0.091392699999999993 0.025900699999999999
0.047079900000000001 0.091695499999999999 0.0270578
0.036658299999999998 0.094133099999999997 0.024666299999999999
0.046985699999999998 0.096132400000000007 0.026131000000000001
0.0375997 0.097952899999999996 0.024334700000000001
0.039094400000000001 0.100689 0.026477500000000001
0.045955299999999998 0.099851700000000002 0.0253554
0.043443799999999998 0.100592 0.026637299999999999
0.042130899999999999 0.10324899999999999 0.025134699999999999
0.0090301700000000006 0.057000000000000002 0.024690500000000001
-0.019016499999999999 0.062223199999999999 0.0247513
0.054869399999999999 0.064231999999999997 0.0246416
-0.067719699999999994 0.063608999999999999 0.0259098
0.070062700000000006 0.070965600000000004 0.024874400000000001
0.060034400000000002 0.074174599999999993 0.0245334
0.068199700000000002 0.075847800000000007 0.0244043
0.0342663 0.083790500000000004 0.026040299999999999
0.0098079900000000008 0.058532300000000002 0.026010599999999998
-0.0147759 0.058097799999999998 0.024835800000000002
-0.022638100000000001 0.0621682 0.025072000000000001
0.013040700000000001 0.062147599999999997 0.025153399999999999
0.063490900000000003 0.064241599999999996 0.025025499999999999
0.055113799999999998 0.067101300000000003 0.024912900000000002
-0.03082 0.066875699999999996 0.025803099999999999
0.056101999999999999 0.070066400000000001 0.024822799999999999
0.059129500000000002 0.071030399999999994 0.025204899999999999
0.070187299999999994 0.074240299999999995 0.024713800000000001
0.063329999999999997 0.075190099999999996 0.0249489
-0.055671100000000001 0.076259499999999994 0.026667300000000001
0.066218600000000002 0.077891699999999994 0.024526300000000001
-0.017900699999999999 0.058692000000000001 0.025539900000000001
0.059179900000000001 0.064105999999999996 0.024977099999999999
-0.042571100000000001 0.067259399999999997 0.026463500000000001
0.038696300000000003 0.075142899999999999 0.026571600000000001
-0.025987 0.058873500000000002 0.025634199999999999
-0.035512599999999998 0.066944500000000004 0.026171
0.059240599999999997 0.067186099999999999 0.0254004
0.063400200000000004 0.071041099999999996 0.0254075
-0.0480036 0.055837699999999997 0.0270011
-0.0223479 0.059278299999999999 0.025647300000000001
-0.030714200000000001 0.063539999999999999 0.0258087
-0.065974599999999994 0.070081299999999999 0.0265378
0.03456 0.075738399999999997 0.027486900000000002
0.034118500000000003 0.078704499999999997 0.0275654
0.043995100000000002 0.082926700000000006 0.0276601
-0.0395147 0.071350999999999998 0.027464800000000001
-0.061963900000000002 0.073508900000000002 0.0270473
-0.044535600000000002 0.058731199999999997 0.027661700000000001
-0.047378000000000003 0.055305399999999998 0.0307552
-0.066585400000000003 0.059250900000000002 0.030328000000000001
-0.067187499999999997 0.063306899999999999 0.029979200000000001
-0.043387700000000001 0.067047999999999996 0.0313475
-0.043453699999999998 0.070958599999999997 0.030331799999999999
-0.058988400000000003 0.074284100000000006 0.030204399999999999
-0.054731200000000001 0.076416100000000001 0.030598500000000001
-0.043506200000000002 0.075004600000000005 0.0295255
0.039716099999999997 0.078742599999999996 0.028248499999999999
0.035734299999999997 0.082933199999999999 0.0296849
0.036459499999999999 0.090000700000000003 0.028764399999999999
0.039471300000000001 0.095166200000000006 0.029818399999999998
-0.059279400000000003 0.053808000000000002 0.030264200000000002
-0.041947499999999999 0.062956799999999993 0.0304544
-0.052405300000000002 0.077450400000000003 0.028450199999999998
-0.055437800000000002 0.053981399999999999 0.031056899999999998
-0.063874299999999995 0.055194500000000001 0.0312313
-0.041572600000000001 0.058767 0.030295300000000001
-0.044165000000000003 0.0777915 0.028719100000000001
0.043317799999999997 0.095926899999999996 0.0290973
-0.066226499999999994 0.067189200000000004 0.030791099999999998
-0.065679500000000002 0.069623099999999993 0.0294886
-0.063476599999999994 0.071300699999999995 0.030809
0.036187200000000003 0.086705299999999999 0.029493700000000001
0.038954900000000001 0.091450100000000006 0.030166200000000001
0.040421199999999997 0.098827799999999993 0.029094999999999999
0.042739600000000003 0.084648799999999996 0.0294992
0.044994800000000001 0.087720000000000006 0.028972100000000001
-0.043409200000000002 0.056238900000000001 0.030982200000000001
0.039798800000000002 0.083389199999999997 0.030006399999999999
-0.051200900000000001 0.0548195 0.031808799999999998
-0.047002299999999997 0.0756053 0.031154299999999999
-0.050849999999999999 0.076660599999999995 0.0312343
0.0384001 0.088100800000000007 0.030742499999999999
-0.061086599999999998 0.072910500000000003 0.0319587
-0.046306 0.071695400000000006 0.032058999999999997
-0.0598693 0.055784599999999997 0.033795499999999999
-0.043600100000000003 0.062615500000000004 0.033361300000000003
-0.064610000000000001 0.067024600000000004 0.034654499999999998
-0.060222199999999997 0.073399300000000001 0.0327321
-0.0551935 0.075236499999999998 0.035227300000000003
-0.065659200000000001 0.063539799999999994 0.033317600000000003
-0.062399900000000001 0.056369599999999999 0.033477300000000002
-0.046014300000000001 0.056478199999999999 0.033252999999999998
-0.043787199999999998 0.056266799999999999 0.0336995
-0.047077300000000002 0.058836800000000002 0.033719499999999999
-0.0472881 0.0632379 0.033522400000000001
-0.0474486 0.067398100000000002 0.032727399999999997
-0.047979399999999998 0.070050200000000007 0.0326684
-0.063537399999999994 0.071357500000000004 0.0349007
-0.051696800000000001 0.056190200000000003 0.033818399999999998
-0.051156399999999998 0.071046600000000001 0.033846099999999997
-0.055106000000000002 0.056275100000000002 0.0348527
-0.051443700000000002 0.059140499999999999 0.035453900000000003
-0.042746600000000003 0.059014799999999999 0.034314799999999999
-0.064283300000000002 0.063009899999999994 0.035499299999999998
-0.062222 0.073913099999999995 0.035490899999999999
-0.050900899999999999 0.063626500000000002 0.0358394
-0.054571500000000002 0.070842699999999995 0.035826400000000001
-0.059081599999999998 0.058282599999999997 0.036212800000000003
-0.0545316 0.068047099999999999 0.036358300000000003
-0.0592728 0.060236699999999997 0.037043300000000001
-0.052374400000000002 0.062215100000000002 0.036746500000000001
-0.056111800000000003 0.071967600000000007 0.037019999999999997
-0.055264399999999998 0.060247599999999998 0.037119600000000003
-0.059221099999999999 0.0630936 0.037498299999999998
-0.055394199999999998 0.063321000000000002 0.0374747
-0.063182799999999997 0.067326300000000006 0.038816200000000002
-0.059159299999999998 0.067203799999999994 0.038189399999999998
-0.062457800000000001 0.073818599999999998 0.039262999999999999
-0.059998000000000003 0.073850899999999997 0.039019499999999999
-0.063579800000000006 0.071299699999999994 0.039354600000000003
-0.062671599999999994 0.072114200000000003 0.0408262
