ply
format ascii 1.0
element vertex 4096
property float x
property float y
property float z
element face 0
property list uchar int vertex_indices
end_header
-0.0072502499999999998 0.065167699999999995 -0.047265000000000001
-0.0013856599999999999 0.065102199999999999 -0.047033400000000003
-0.0074054500000000001 0.068311800000000006 -0.046739900000000001
-0.0072996800000000002 0.061863599999999998 -0.046426200000000001
-0.0015032299999999999 0.068329899999999999 -0.046526199999999997
-0.0043310400000000004 0.061957400000000003 -0.046483799999999999
-0.010398599999999999 0.061936999999999999 -0.046176500000000002
0.00158095 0.064697400000000002 -0.046546900000000002
-0.0130837 0.067974000000000007 -0.046265899999999999
0.00126907 0.062123999999999999 -0.045949299999999998
0.0041349100000000003 0.065080299999999994 -0.046067499999999997
-0.0134319 0.062120399999999999 -0.045799199999999998
-0.016427799999999999 0.064774899999999996 -0.045777999999999999
0.0043950899999999999 0.0678449 -0.045651299999999999
-0.0107843 0.070097599999999996 -0.045442000000000003
-0.00710342 0.059968800000000003 -0.045277499999999998
-0.0072521199999999999 0.070288199999999995 -0.045577600000000003
-0.015909800000000002 0.062353899999999997 -0.045305499999999999
0.0064653699999999998 0.065055199999999994 -0.045418300000000002
0.0065697899999999998 0.067241300000000004 -0.045293199999999999
-0.013393499999999999 0.069786299999999996 -0.045287300000000003
-0.0069221500000000002 0.050336400000000003 -0.044390899999999997
-0.0040323099999999999 0.052463000000000003 -0.044354999999999999
-0.0022776699999999999 0.052936200000000003 -0.045236699999999998
-0.0064253499999999998 0.052917899999999997 -0.045272800000000002
-0.00130846 0.058922599999999999 -0.0440293
0.00131887 0.060449999999999997 -0.045067299999999998
0.0077919800000000004 0.064847600000000005 -0.044973199999999998
-0.0136525 0.0711397 -0.043864899999999998
0.00168239 0.071118100000000004 -0.043902999999999998
-0.0101341 0.050344100000000003 -0.044227200000000001
-0.0105241 0.052615599999999998 -0.044928900000000001
-0.017170000000000001 0.061538200000000001 -0.044539599999999999
0.0074513100000000001 0.061894600000000001 -0.0442636
-0.020021000000000001 0.067862800000000001 -0.044341400000000003
-0.0070085 0.071443000000000006 -0.044352999999999997
-0.0134161 0.050053899999999998 -0.043525700000000001
-0.0101142 0.055688099999999997 -0.043426199999999998
0.00074258899999999999 0.054056100000000003 -0.043536199999999997
-0.0044365300000000002 0.055780000000000003 -0.043595700000000001
-0.010470999999999999 0.058777599999999999 -0.043781399999999998
0.0013311099999999999 0.058975600000000003 -0.043696499999999999
-0.016137800000000001 0.0594002 -0.043235700000000002
-0.019993199999999999 0.061786000000000001 -0.043668100000000001
0.010534699999999999 0.065203499999999998 -0.043884600000000003
-0.016401099999999998 0.070766599999999999 -0.043614800000000002
-0.00160147 0.071896500000000002 -0.043473100000000001
-0.0043029599999999998 0.058364800000000001 -0.043604999999999998
-0.022752700000000001 0.065001799999999998 -0.043451900000000002
0.0071583200000000001 0.070537100000000005 -0.043125700000000003
-0.0128126 0.055589899999999998 -0.043063900000000002
0.00145587 0.055545799999999999 -0.043128800000000002
0.0068792100000000002 0.059591499999999999 -0.043023100000000002
-0.00715074 0.076393699999999995 -0.043649399999999998
-0.0103169 0.076705499999999996 -0.043480100000000001
-0.00128089 0.0764769 -0.043524
-0.0043822699999999997 0.078777 -0.043304799999999997
-0.022719799999999998 0.0680394 -0.0431495
-0.00137846 0.078820799999999996 -0.0431543
0.00349548 0.055620200000000002 -0.042490100000000003
-0.0225285 0.062143400000000001 -0.042773600000000002
0.0013323899999999999 0.076981800000000003 -0.043262099999999998
-0.018856100000000001 0.053368499999999999 -0.042763599999999999
-0.016267199999999999 0.0549691 -0.042698600000000003
0.0127297 0.067616999999999997 -0.042582000000000002
-0.0042007600000000004 0.073967400000000003 -0.042722000000000003
0.00147752 0.078919600000000006 -0.0427108
0.0094493000000000008 0.060045399999999999 -0.0425648
0.010205199999999999 0.069899600000000006 -0.042492500000000002
-0.0160118 0.077087199999999995 -0.042563299999999998
-0.022396099999999999 0.069795800000000005 -0.0423696
-0.0099810799999999998 0.073357599999999995 -0.0424275
0.00056643799999999995 0.072826199999999994 -0.042244200000000003
-0.0158785 0.078635399999999994 -0.042378100000000002
-0.023230199999999999 0.061122799999999998 -0.041869299999999998
-0.024990700000000001 0.067263799999999999 -0.042289399999999998
0.0045973300000000002 0.056153399999999999 -0.041097099999999998
-0.016819899999999999 0.058347400000000001 -0.041833599999999999
-0.0197348 0.058458299999999998 -0.040849799999999999
0.010474199999999999 0.058751999999999999 -0.0406592
0.0139463 0.068417199999999997 -0.041561599999999997
-0.022856899999999999 0.071041199999999999 -0.040818100000000003
0.0079012100000000005 0.071600399999999995 -0.041593100000000001
-0.013151299999999999 0.073927199999999998 -0.041836600000000002
-0.00061797600000000001 0.074464100000000005 -0.042209499999999997
0.0070621399999999997 0.076633400000000004 -0.041696499999999997
-0.0171352 0.076212699999999994 -0.0416377
-0.0070784799999999998 0.079109799999999994 -0.040708899999999999
-0.023035400000000001 0.0525616 -0.040500500000000002
-0.016727700000000002 0.056557799999999998 -0.041290899999999998
0.0045608200000000002 0.057993900000000001 -0.041727
-0.02631 0.065060099999999996 -0.041547599999999997
0.016622600000000001 0.067891800000000002 -0.040120500000000003
-0.019386400000000002 0.071952799999999997 -0.041157600000000003
-0.017062000000000001 0.072153499999999995 -0.041656600000000002
-0.016764999999999999 0.079054399999999997 -0.040703299999999998
0.0015426699999999999 0.079109700000000005 -0.040365699999999997
-0.0131296 0.050215799999999998 -0.040833300000000003
-0.019797200000000001 0.050752800000000001 -0.040593400000000002
-0.022561000000000001 0.059318900000000001 -0.0405931
0.014356499999999999 0.064241699999999999 -0.041887899999999999
0.016475199999999999 0.064743300000000004 -0.040588199999999998
-0.0166316 0.073629600000000003 -0.040866100000000002
-0.020344399999999999 0.076661900000000005 -0.040735300000000002
-0.016674700000000001 0.050197499999999999 -0.040299700000000001
-0.0038321700000000002 0.0516719 -0.0403477
0.00056370300000000003 0.053834800000000002 -0.040267499999999998
0.016502699999999999 0.062021300000000001 -0.0398453
-0.019834600000000001 0.078845600000000002 -0.0405241
-0.0132158 0.079176499999999997 -0.040306700000000001
-0.0013331700000000001 0.079097700000000007 -0.040344999999999999
0.010385200000000001 0.076630000000000004 -0.0403361
-0.025699400000000001 0.0704153 -0.040017799999999999
0.010468099999999999 0.078685000000000005 -0.039971100000000002
-0.028401099999999999 0.067976200000000001 -0.039864400000000001
-0.025217900000000001 0.054282299999999999 -0.0395567
-0.024804799999999998 0.059688400000000003 -0.0397922
0.015802299999999998 0.069800799999999996 -0.0395357
-0.0227101 0.076835500000000001 -0.039774700000000003
0.0153581 0.060096299999999998 -0.039602100000000001
0.0182323 0.065931799999999999 -0.0394831
0.0094481099999999991 0.073756000000000002 -0.039420200000000002
-0.0220185 0.072399500000000006 -0.039273799999999998
-0.018687499999999999 0.050704100000000002 -0.038283499999999998
-0.013607899999999999 0.050703499999999999 -0.038470600000000001
-0.0050843099999999999 0.051237499999999998 -0.0385034
-0.022611099999999999 0.052451400000000002 -0.037581299999999998
-0.00153481 0.052950400000000002 -0.037560400000000001
0.00069948899999999997 0.053810400000000001 -0.037748200000000003
-0.026195 0.055668799999999997 -0.037326900000000003
0.0043110099999999997 0.055267799999999999 -0.037640199999999999
0.0072389799999999999 0.056324800000000001 -0.037527499999999998
-0.023194200000000002 0.0580279 -0.038573200000000002
0.013052599999999999 0.0581985 -0.037633800000000002
0.016241100000000001 0.059387299999999997 -0.037878200000000001
-0.028617199999999999 0.059711199999999999 -0.037247500000000003
-0.029187299999999999 0.061448700000000002 -0.038358799999999998
0.019967100000000002 0.065107999999999999 -0.038058799999999997
0.019607599999999999 0.067970900000000001 -0.037833800000000001
-0.0286679 0.070756299999999994 -0.037673100000000001
-0.025961399999999999 0.071963899999999997 -0.037816799999999998
-0.023695299999999999 0.072174199999999994 -0.038787700000000001
-0.0227031 0.073787000000000005 -0.0382324
-0.020643499999999999 0.074075000000000002 -0.039091399999999998
0.0137085 0.076548000000000005 -0.038444600000000002
-0.025833399999999999 0.078913700000000003 -0.0373683
0.0130394 0.078984100000000002 -0.037653899999999997
0.010190599999999999 0.0791134 -0.037854600000000002
-0.0169377 0.079227000000000006 -0.037653300000000001
-0.0043934999999999998 0.079162999999999997 -0.037475599999999998
-0.0012372500000000001 0.079163499999999998 -0.037538099999999998
0.0070960900000000002 0.079118300000000003 -0.037595400000000001
-0.020515700000000001 0.051562900000000002 -0.037523500000000001
-0.0076414100000000004 0.079175300000000004 -0.037885000000000002
0.0013565000000000001 0.079153200000000007 -0.0373975
-0.0104282 0.079207799999999995 -0.037237800000000001
-0.00120509 0.088879299999999994 -0.037670200000000001
-0.00149431 0.092520000000000005 -0.037561499999999998
-0.0071564899999999997 0.052724500000000001 -0.036848699999999998
-0.031502299999999997 0.0697266 -0.036474600000000003
-0.025112700000000002 0.073689000000000004 -0.0369325
0.015880499999999999 0.076719499999999996 -0.037149799999999997
-0.0013885099999999999 0.086764300000000003 -0.036945800000000001
0.00119943 0.089006799999999997 -0.037194100000000001
0.0010018200000000001 0.091982499999999995 -0.037027499999999998
-0.0104999 0.052153499999999998 -0.036737100000000002
0.021799099999999998 0.065374000000000002 -0.036545800000000003
-0.0063379500000000002 0.088969099999999995 -0.036730899999999997
0.015132 0.072440900000000003 -0.036479999999999999
-0.0280433 0.0786298 -0.036439800000000001
0.0042678300000000002 0.089027700000000001 -0.036383899999999997
-0.00144045 0.13449700000000001 -0.036956599999999999
-0.0041987300000000003 0.137185 -0.036835699999999999
-0.00128933 0.13711100000000001 -0.037081900000000001
-0.0016283999999999999 0.140402 -0.036979499999999998
-0.0047206899999999996 0.128305 -0.036486999999999999
-0.0041792499999999998 0.13136300000000001 -0.036837000000000002
0.0012260400000000001 0.13749500000000001 -0.036550600000000003
0.00143604 0.143205 -0.036501499999999999
0.02197 0.066889900000000002 -0.036361499999999998
-0.0021334800000000001 0.12884899999999999 -0.036452999999999999
0.0066689100000000001 0.12899099999999999 -0.036358700000000001
0.0070565799999999998 0.13158700000000001 -0.036474600000000003
0.0071030199999999998 0.134464 -0.036435200000000001
-0.0062053400000000002 0.13441400000000001 -0.0363927
-0.0040387899999999996 0.143288 -0.036362899999999997
0.001044 0.14552000000000001 -0.0363085
-0.0196315 0.0519914 -0.034595899999999999
-0.010269 0.053858299999999998 -0.035956599999999998
0.0043012199999999997 0.055875099999999997 -0.0347791
-0.0289845 0.058495100000000001 -0.035252199999999997
-0.030558600000000002 0.060179900000000001 -0.036237999999999999
-0.034948199999999999 0.065211599999999995 -0.034615
0.019743900000000002 0.071227799999999994 -0.0344398
0.017427600000000001 0.071803000000000006 -0.035528400000000002
-0.0288442 0.072127399999999994 -0.035317500000000002
-0.026882099999999999 0.075409500000000004 -0.035837399999999998
0.016634300000000001 0.078950300000000001 -0.034609599999999997
-0.0043845799999999999 0.086447399999999994 -0.034625700000000002
-0.016904800000000001 0.086843000000000004 -0.036255200000000001
-0.0021759000000000001 0.086779200000000001 -0.035141100000000002
0.00457063 0.088762300000000002 -0.035074000000000001
-0.0076011300000000002 0.089086100000000001 -0.034785799999999999
0.0044067100000000003 0.092258000000000007 -0.034936500000000002
7.5772400000000007e-05 0.094450000000000006 -0.036201499999999998
0.0045693399999999999 0.124748 -0.036276700000000002
-0.0044646499999999997 0.126413 -0.036237499999999999
-0.00629738 0.12878999999999999 -0.036306400000000003
0.00032188399999999998 0.13264799999999999 -0.036253000000000001
0.0072992400000000002 0.13725100000000001 -0.036308199999999999
0.00228122 0.136404 -0.035800100000000001
0.0078181799999999992 0.13933799999999999 -0.0362238
-0.0137013 0.053309500000000003 -0.035322300000000001
-0.00136057 0.055782699999999998 -0.035784000000000003
-0.0042994900000000004 0.055914400000000003 -0.036006099999999999
0.0102574 0.056804399999999998 -0.034673200000000001
0.0138374 0.057838000000000001 -0.034858500000000001
0.019618799999999999 0.059348699999999997 -0.034614899999999997
0.0230957 0.064619399999999994 -0.035233100000000003
-0.032980299999999997 0.068945500000000007 -0.035706099999999998
-0.029169199999999999 0.076508999999999994 -0.0351705
0.013639800000000001 0.079138899999999998 -0.034751700000000003
-0.022768900000000002 0.079300099999999998 -0.034416799999999997
-0.0071456200000000001 0.079187900000000006 -0.034666200000000001
-0.016863199999999998 0.085630200000000004 -0.034955600000000003
-0.020046700000000001 0.086202899999999999 -0.034822499999999999
-0.0196876 0.0891594 -0.0345682
0.0070705100000000003 0.089327000000000004 -0.0346314
0.0014330499999999999 0.095239799999999999 -0.035263799999999998
-0.0031249099999999998 0.095013399999999998 -0.0348867
-0.0043669599999999996 0.12489400000000001 -0.035952499999999998
-0.0069913500000000003 0.12501100000000001 -0.035774500000000001
-0.00101457 0.12826399999999999 -0.035854900000000002
0.0041340700000000001 0.128776 -0.035650599999999998
-0.0076666700000000004 0.128021 -0.035789500000000002
0.0014152699999999999 0.13131999999999999 -0.035513799999999998
0.010435399999999999 0.13120200000000001 -0.035098900000000002
-0.0075818700000000001 0.134659 -0.035826400000000001
0.0044181000000000003 0.134433 -0.035579100000000002
0.010640800000000001 0.137182 -0.0353903
-0.0074252700000000003 0.14039099999999999 -0.035688400000000002
0.0027896499999999999 0.14014499999999999 -0.036022499999999999
-0.0078068699999999996 0.14302899999999999 -0.035177699999999999
-0.0053548900000000002 0.14325299999999999 -0.0360358
0.0045506000000000001 0.14328299999999999 -0.0351162
0.0016716999999999999 0.14671799999999999 -0.036038599999999997
-0.00148131 0.148948 -0.035772999999999999
-0.010105299999999999 0.056351900000000003 -0.035457000000000002
-0.031438099999999997 0.059406100000000003 -0.034469600000000003
-0.0285831 0.073809100000000002 -0.0342615
-0.013389399999999999 0.079314700000000002 -0.034488600000000001
-0.0015421199999999999 0.079192399999999996 -0.034583000000000003
0.00158764 0.079217599999999999 -0.034790300000000003
-0.00184132 0.098089999999999997 -0.034773800000000001
0.0013809200000000001 0.118975 -0.034771799999999999
0.0016153300000000001 0.121937 -0.034879
-0.00429504 0.122225 -0.035392199999999999
-0.0079758599999999995 0.131415 -0.035734799999999997
0.0049271300000000001 0.13683699999999999 -0.035544899999999997
0.0044403899999999998 0.140235 -0.035311799999999997
0.0072335899999999998 0.14300399999999999 -0.035298400000000001
-0.0044313199999999999 0.14913999999999999 -0.0351975
-0.013146400000000001 0.055860199999999999 -0.0347926
-0.0072477699999999997 0.059180700000000003 -0.035203499999999999
-0.0014268200000000001 0.059064899999999997 -0.035115300000000002
0.0075262599999999999 0.079151600000000003 -0.034693500000000002
-0.021809700000000001 0.086898299999999998 -0.034611799999999998
0.0011023300000000001 0.112779 -0.034837100000000003
-0.0074389800000000004 0.12193 -0.035322600000000003
-0.0076414600000000001 0.145899 -0.034678
-0.00190194 0.15182100000000001 -0.034932499999999998
-0.0104236 0.058871100000000003 -0.034891400000000003
0.010106499999999999 0.089322700000000005 -0.034643899999999998
-0.0015248 0.122396 -0.0346244
-0.0101701 0.128523 -0.034754599999999997
0.0014634100000000001 0.12864300000000001 -0.0352296
0.0107784 0.12820999999999999 -0.034389299999999998
-0.0096350700000000008 0.14008799999999999 -0.034383499999999997
0.0073881499999999996 0.146202 -0.034710100000000001
0.0045683599999999996 0.14882300000000001 -0.0347897
0.0015097800000000001 0.058876999999999999 -0.034664399999999998
0.022304399999999999 0.069882299999999994 -0.034153200000000002
-0.0311116 0.077051800000000004 -0.033838399999999998
0.00144819 0.098160899999999995 -0.034447999999999999
0.0013151599999999999 0.107096 -0.034475100000000002
0.0040936200000000001 0.11262900000000001 -0.034497
-0.0074945400000000001 0.118435 -0.034926800000000001
0.0072425600000000003 0.11860800000000001 -0.034427399999999997
0.010185400000000001 0.12531400000000001 -0.034198199999999998
-0.0102004 0.137045 -0.0345537
-0.0046938500000000003 0.152257 -0.034204499999999999
-0.010952399999999999 0.087190699999999996 -0.034507999999999997
0.0068342300000000002 0.092135300000000003 -0.0340221
-0.00113083 0.10395799999999999 -0.0342936
0.00122606 0.104266 -0.034344
0.010415499999999999 0.149031 -0.034233899999999998
0.012079899999999999 0.057200500000000001 -0.034044699999999997
-0.013041799999999999 0.059213599999999998 -0.034081100000000003
0.021702200000000001 0.059649000000000001 -0.033742000000000001
-0.0102436 0.060466699999999998 -0.034254600000000003
-0.0078381700000000002 0.060645699999999997 -0.034213599999999997
-0.0043084600000000001 0.060612100000000002 -0.034295100000000002
0.018158899999999999 0.077268400000000001 -0.033941199999999998
0.013361 0.0896763 -0.033846800000000003
0.0101391 0.091085100000000002 -0.033944799999999997
0.0042908299999999998 0.095398399999999994 -0.033881000000000001
-0.010182399999999999 0.115573 -0.034278700000000002
-0.010378399999999999 0.118635 -0.034369700000000003
0.012633399999999999 0.13178100000000001 -0.033755100000000003
0.012893699999999999 0.134349 -0.033928600000000003
0.0133557 0.14025299999999999 -0.033974900000000002
0.013149299999999999 0.143065 -0.0339613
0.0131874 0.145731 -0.033659000000000001
-0.0012112799999999999 0.15468699999999999 -0.033811000000000001
0.0014865 0.10113800000000001 -0.0340057
-0.0072751700000000001 0.11274199999999999 -0.034125700000000002
0.00760979 0.115785 -0.033690900000000003
0.0102843 0.122407 -0.033579699999999997
-0.0121025 0.13087699999999999 -0.033817300000000002
-0.0038638800000000001 0.15450800000000001 -0.033532600000000003
0.0152724 0.090207599999999999 -0.0338754
0.012954500000000001 0.091179200000000002 -0.033688299999999997
0.0040670000000000003 0.107157 -0.033620700000000003
-0.012784 0.124886 -0.033600499999999998
0.012536800000000001 0.14850099999999999 -0.033550999999999997
0.0040483100000000003 0.154612 -0.033582000000000001
0.024749 0.067294800000000002 -0.033447600000000001
-0.016671600000000002 0.090653899999999996 -0.033451099999999998
-0.013069000000000001 0.107018 -0.033393600000000002
-0.0105402 0.10956100000000001 -0.033539899999999997
-0.0013972399999999999 0.112804 -0.033574699999999999
0.0069079800000000002 0.11315799999999999 -0.033483699999999998
0.0090871000000000007 0.118507 -0.033577099999999999
0.0121476 0.12934300000000001 -0.033701399999999999
-0.0190016 0.080036200000000002 -0.031817600000000001
-0.0073310500000000004 0.089167300000000005 -0.031681599999999997
0.0032809900000000001 0.101328 -0.033392999999999999
-0.015180600000000001 0.105311 -0.0333998
-0.0044723899999999997 0.110274 -0.033337699999999998
-0.0123295 0.111877 -0.0333911
-0.019850199999999998 0.14632100000000001 -0.0334338
-0.019681199999999999 0.14846100000000001 -0.033297300000000002
0.0072653300000000004 0.1512 -0.033330499999999999
-0.019643600000000001 0.053706400000000001 -0.032424799999999997
-0.0260273 0.054605500000000001 -0.031787700000000002
-0.031345699999999997 0.056656199999999997 -0.0317104
0.0079187700000000003 0.056583700000000001 -0.032779200000000001
-0.0176627 0.056630899999999998 -0.032823499999999999
0.0061390000000000004 0.058222799999999998 -0.033329600000000001
0.0162168 0.057685500000000001 -0.0316479
-0.032392400000000002 0.058633999999999999 -0.032309299999999999
-0.0166999 0.059686500000000003 -0.032557099999999999
0.0045191099999999998 0.060563400000000003 -0.031915699999999998
0.00124059 0.060720400000000001 -0.031739299999999998
-0.035420199999999999 0.061397800000000002 -0.0324189
-0.0376067 0.0651061 -0.031481799999999997
0.0257638 0.0680254 -0.031816200000000003
-0.034931400000000001 0.070935499999999999 -0.0316549
0.022726199999999998 0.071255499999999999 -0.031969200000000003
0.020358100000000001 0.071980199999999994 -0.032926400000000002
0.019744299999999999 0.073934 -0.032122199999999997
0.020213200000000001 0.076774599999999998 -0.032505800000000001
-0.0319054 0.079065200000000002 -0.031752500000000003
0.0170779 0.079192700000000005 -0.0319387
-0.0014029299999999999 0.079032599999999995 -0.031926099999999999
-0.028828400000000001 0.079338900000000004 -0.031686100000000002
-0.022637000000000001 0.079578999999999997 -0.031894400000000003
0.0105118 0.079249200000000006 -0.032003700000000003
-0.0136434 0.079930200000000007 -0.031550500000000002
-0.0163371 0.0857044 -0.031631199999999998
-0.013234900000000001 0.086383600000000005 -0.031854599999999997
-0.0023098300000000001 0.087155099999999999 -0.031963999999999999
-0.00077727899999999997 0.088733500000000007 -0.032255600000000002
-0.023381099999999998 0.089854199999999995 -0.0324435
0.010542899999999999 0.089542200000000002 -0.031478399999999997
0.0154304 0.0904475 -0.032509099999999999
-0.019872799999999999 0.091813400000000003 -0.0322934
-0.011018500000000001 0.090791499999999997 -0.0332386
0.019825599999999999 0.092126200000000005 -0.031823999999999998
0.0133889 0.092336500000000002 -0.031418500000000002
-0.0051658199999999998 0.093399200000000002 -0.032886100000000001
0.016686200000000002 0.0946766 -0.031794599999999999
0.0064185700000000002 0.094097299999999995 -0.033252799999999999
0.0073868900000000001 0.0956534 -0.032349999999999997
-0.0026552899999999998 0.096265900000000001 -0.032941100000000001
-0.0019471200000000001 0.10104200000000001 -0.032363500000000003
0.00488888 0.103849 -0.032922300000000002
-0.0136913 0.104037 -0.03245
-0.00141036 0.107028 -0.032737299999999997
-0.016856099999999999 0.10710699999999999 -0.0324744
-0.0081434999999999997 0.107992 -0.033286400000000001
0.0076617300000000003 0.11008 -0.032504999999999999
-0.012312 0.109627 -0.033260699999999997
0.0110802 0.119115 -0.032361800000000003
-0.0140514 0.12495299999999999 -0.031308099999999998
-0.0133723 0.12881400000000001 -0.031738200000000001
0.013853499999999999 0.12827 -0.031855799999999997
-0.011591600000000001 0.13450500000000001 -0.032422300000000001
-0.0107657 0.140489 -0.0320977
-0.010306900000000001 0.14301900000000001 -0.032014800000000003
-0.0099522499999999993 0.14597099999999999 -0.031656499999999997
-0.016477800000000001 0.14576 -0.032107900000000002
-0.022281100000000002 0.145958 -0.0311986
0.0139436 0.14699899999999999 -0.033132700000000001
-0.016414700000000001 0.14954200000000001 -0.032039999999999999
-0.0073555299999999999 0.15205399999999999 -0.031556899999999999
0.0100746 0.152918 -0.033080499999999999
-0.0047434599999999997 0.155718 -0.032388699999999999
0.012867200000000001 0.056868299999999997 -0.031646500000000001
-0.010316799999999999 0.0608111 -0.0318407
0.026285300000000001 0.0651563 -0.03175
0.018356500000000001 0.073200000000000001 -0.033217400000000001
0.0045402899999999998 0.079422599999999996 -0.031535500000000001
-0.0044706499999999996 0.086704100000000006 -0.031730899999999999
-0.0096067800000000005 0.088806499999999997 -0.031774900000000002
-0.025873400000000001 0.088964100000000004 -0.031251899999999999
-0.016573000000000001 0.092470300000000005 -0.032363200000000002
-0.0073904699999999997 0.092815999999999996 -0.032673199999999999
0.019965 0.095252400000000001 -0.031667500000000001
0.0048831999999999999 0.1012 -0.032814200000000002
0.0053271899999999999 0.107032 -0.033100900000000003
-0.0070732599999999996 0.106804 -0.032928199999999998
-0.0044090600000000002 0.107025 -0.032627900000000001
-0.0137162 0.109793 -0.032748100000000002
-0.013800700000000001 0.115841 -0.032805899999999999
-0.013816 0.11845799999999999 -0.032920499999999998
0.0116157 0.12155100000000001 -0.032431300000000003
0.0143348 0.13415199999999999 -0.032727199999999998
0.016013699999999999 0.13706699999999999 -0.031453099999999998
0.0132978 0.152251 -0.032230200000000001
-0.0067949400000000002 0.154528 -0.031000099999999999
0.0106579 0.15490599999999999 -0.032245299999999998
0.0012924099999999999 0.156304 -0.033017699999999997
0.00152322 0.15848100000000001 -0.031799800000000003
-0.0072025800000000001 0.079075999999999994 -0.031580799999999999
-0.0072904500000000004 0.103975 -0.0323144
-0.015656199999999999 0.118882 -0.031314500000000002
0.016163799999999999 0.14651500000000001 -0.0315871
0.00716725 0.19514999999999999 -0.032721
0.0072064399999999997 0.197962 -0.032276600000000003
-0.020096300000000001 0.056138300000000002 -0.0314556
-0.0196875 0.0589335 -0.031144999999999999
-0.036782099999999998 0.062048699999999998 -0.031207599999999999
0.0042895800000000003 0.091249200000000003 -0.0312056
0.0071667199999999997 0.104255 -0.0319206
-0.0166655 0.109651 -0.0317244
-0.016021799999999999 0.115755 -0.031809900000000002
0.0072086099999999998 0.191471 -0.032323200000000003
0.0045504600000000001 0.191774 -0.0322572
0.00136052 0.19523399999999999 -0.032273000000000003
0.0133835 0.19459699999999999 -0.032111599999999997
0.0133969 0.197542 -0.032328099999999999
0.0013666800000000001 0.197936 -0.032347300000000002
0.013339500000000001 0.200604 -0.0322017
0.0071991700000000004 0.200902 -0.032032600000000001
0.023129899999999998 0.20671700000000001 -0.032401300000000001
-0.019979199999999999 0.20672099999999999 -0.031744000000000001
-0.0135683 0.206236 -0.031954200000000002
-0.0167087 0.20984700000000001 -0.031991100000000001
-0.020237399999999999 0.21517 -0.031942100000000001
-0.0166257 0.21556800000000001 -0.0317804
-0.022161500000000001 0.218191 -0.0309714
0.0074401299999999997 0.079349600000000006 -0.031854599999999997
-0.0072152400000000004 0.095461299999999999 -0.031832600000000003
-0.0043099899999999997 0.098028699999999996 -0.031816400000000002
0.0072778299999999999 0.101225 -0.031652899999999998
-0.025516199999999999 0.100915 -0.031400299999999999
-0.0043286799999999997 0.10420500000000001 -0.032062500000000001
0.015751999999999999 0.13458899999999999 -0.031301200000000001
0.0164564 0.142705 -0.031485399999999997
0.0071770499999999999 0.15811600000000001 -0.031372400000000002
0.0072660600000000004 0.161939 -0.032154299999999997
-0.00117078 0.191164 -0.031925299999999997
-0.0013071300000000001 0.19770099999999999 -0.031918799999999997
-0.00454829 0.200988 -0.031749100000000002
0.0013992799999999999 0.20089399999999999 -0.031780999999999997
0.022661799999999999 0.203905 -0.032055500000000001
-0.0196087 0.20358599999999999 -0.031699100000000001
0.019769499999999999 0.20696800000000001 -0.032018699999999997
-0.0167853 0.218609 -0.031783400000000003
0.00718975 0.060499999999999998 -0.031274200000000002
-0.016269800000000001 0.060782200000000002 -0.030870000000000002
-0.036567000000000002 0.069721599999999995 -0.0311133
0.025057699999999999 0.070252700000000001 -0.030863499999999999
0.0222686 0.076753799999999997 -0.031286599999999998
0.021659299999999999 0.093231900000000006 -0.030904899999999999
-0.0277419 0.099495399999999998 -0.031497900000000002
-0.0101206 0.10102 -0.0318914
-0.028921800000000001 0.10399700000000001 -0.030926499999999999
0.0126217 0.119491 -0.0307038
0.0129459 0.12259399999999999 -0.031332600000000002
-0.013532300000000001 0.14593800000000001 -0.030735499999999999
-0.021742399999999999 0.14879300000000001 -0.031150500000000001
-0.017236499999999998 0.15113299999999999 -0.0310677
-0.0044529000000000001 0.158273 -0.030940499999999999
0.0044953099999999998 0.15867999999999999 -0.031610600000000003
0.00155294 0.161714 -0.031913900000000002
0.0046415299999999996 0.16492699999999999 -0.031892799999999999
0.0075793400000000004 0.16439999999999999 -0.0318161
0.0076040700000000001 0.188 -0.031815099999999999
0.00164686 0.188359 -0.031773700000000002
-0.00166237 0.200964 -0.031779700000000001
0.0255803 0.201122 -0.031728199999999998
0.0132348 0.20353399999999999 -0.031580900000000002
-0.016378199999999999 0.20404600000000001 -0.0314877
-0.010778899999999999 0.20676600000000001 -0.031292
0.023385099999999999 0.21273 -0.031759900000000001
0.026030299999999999 0.21515400000000001 -0.031672899999999997
-0.034039 0.077000600000000002 -0.030653300000000001
-0.033824199999999999 0.078631000000000006 -0.030914799999999999
-0.022657400000000001 0.092377100000000004 -0.0311156
-0.016684600000000001 0.095521300000000003 -0.031655500000000003
0.010210800000000001 0.095346100000000003 -0.0311185
-0.013380100000000001 0.0982576 -0.031719799999999999
-0.016427199999999999 0.100838 -0.031448299999999998
-0.019556 0.104111 -0.030765899999999999
-0.019276700000000001 0.109666 -0.030628800000000001
0.0102735 0.10992399999999999 -0.031048900000000001
-0.0128915 0.13414300000000001 -0.0311846
-0.0140416 0.13978099999999999 -0.030621499999999999
0.015777699999999999 0.15209900000000001 -0.0309235
0.010746 0.15809999999999999 -0.030992100000000002
-0.0014773099999999999 0.16434499999999999 -0.031523200000000001
-0.0013213299999999999 0.18847 -0.031569800000000002
0.0129163 0.188693 -0.030865699999999999
-0.0074604700000000003 0.194739 -0.0311746
0.0166508 0.201043 -0.031433999999999997
0.0073958499999999998 0.20321600000000001 -0.0308493
0.0195788 0.20077300000000001 -0.031348599999999997
-0.0043169799999999998 0.20377200000000001 -0.031135699999999999
0.0166398 0.206535 -0.030881700000000002
-0.0168775 0.21231800000000001 -0.031137000000000001
0.019926300000000001 0.21238399999999999 -0.030844799999999999
0.0224596 0.215313 -0.031123999999999999
-0.013755699999999999 0.21540999999999999 -0.0307272
0.017668699999999999 0.097516900000000004 -0.030966899999999999
-0.0070778200000000003 0.098461099999999996 -0.031503400000000001
-0.026043899999999998 0.106945 -0.030689999999999999
0.013457999999999999 0.161547 -0.030895200000000001
-0.0044996699999999999 0.161523 -0.031167199999999999
0.0044407800000000001 0.16764299999999999 -0.031316900000000002
0.0070925800000000002 0.185415 -0.031332199999999998
0.016573399999999999 0.19429099999999999 -0.0308515
0.025594499999999999 0.197544 -0.030976500000000001
-0.022655499999999999 0.20347999999999999 -0.030740699999999999
0.028650999999999999 0.20347499999999999 -0.0307248
-0.012946600000000001 0.20363500000000001 -0.031256600000000002
-0.0070693500000000003 0.20658899999999999 -0.030760599999999999
0.025919399999999999 0.20944699999999999 -0.030868199999999998
-0.021262799999999998 0.055618099999999997 -0.030829499999999999
-0.019812300000000001 0.0983131 -0.030668000000000001
-0.028682599999999999 0.106907 -0.030573099999999999
0.012390699999999999 0.115033 -0.030484000000000001
0.0132622 0.15898000000000001 -0.0306057
0.0129205 0.16398599999999999 -0.030569300000000001
-0.00128499 0.16756399999999999 -0.0309772
0.0012369099999999999 0.18507299999999999 -0.0311729
-0.0044731600000000003 0.18784899999999999 -0.030880999999999999
0.019746900000000001 0.19710800000000001 -0.0306915
0.022562200000000001 0.19803200000000001 -0.030523000000000002
-0.0223152 0.20107 -0.030580199999999998
-0.0017385199999999999 0.203434 -0.030855799999999999
-0.025575000000000001 0.20688599999999999 -0.030752700000000001
0.0174174 0.208676 -0.0305502
0.0256306 0.217726 -0.030808499999999999
-0.021957399999999998 0.095248200000000005 -0.030464499999999999
0.0126403 0.094703300000000004 -0.0304736
0.0095023399999999997 0.104153 -0.030550899999999999
-0.012928500000000001 0.14285800000000001 -0.0308702
0.010097800000000001 0.16773299999999999 -0.030612299999999999
0.0015492100000000001 0.170319 -0.030947599999999999
0.0041213400000000002 0.1825 -0.030935399999999998
0.0015399000000000001 0.18228900000000001 -0.030818700000000001
-0.0013951 0.18486900000000001 -0.030877399999999999
0.0264893 0.19441700000000001 -0.0305309
-0.0133659 0.200603 -0.030599999999999999
0.0044280300000000003 0.203045 -0.030732499999999999
-0.025378600000000001 0.20367199999999999 -0.0307488
-0.0252462 0.209733 -0.030525900000000002
0.019694199999999999 0.21460899999999999 -0.0306739
-0.028772099999999998 0.0889186 -0.030583599999999999
-0.025484799999999998 0.091392299999999996 -0.030396400000000001
0.0094428700000000008 0.101227 -0.030365099999999999
-0.0101326 0.15162500000000001 -0.0304491
-0.0042985300000000001 0.16725400000000001 -0.0304233
-0.0017566999999999999 0.17064299999999999 -0.030564899999999999
0.0040659700000000003 0.17331299999999999 -0.030735599999999998
0.0099450600000000004 0.18285399999999999 -0.0304724
-0.00424743 0.18553900000000001 -0.030436999999999999
-0.021948200000000001 0.19758200000000001 -0.030503700000000002
0.030660900000000001 0.203651 -0.030600800000000001
0.027700300000000001 0.20849899999999999 -0.030640400000000002
-0.022677900000000001 0.21243899999999999 -0.030467899999999999
-0.0254471 0.055259599999999999 -0.028397100000000002
0.026981600000000001 0.062101799999999999 -0.0297895
0.024041300000000002 0.071775699999999998 -0.0298334
-0.035195799999999999 0.071949899999999997 -0.029343500000000002
0.0235753 0.076137700000000003 -0.029305999999999999
0.0228165 0.079033000000000006 -0.029083899999999999
-0.0254512 0.086823800000000007 -0.0286229
-0.0130023 0.086449300000000007 -0.028891699999999999
0.00062960100000000003 0.086809200000000003 -0.028854600000000001
0.0099157399999999993 0.089596800000000004 -0.028686699999999999
0.022328000000000001 0.092880000000000004 -0.0291498
0.0071667700000000003 0.092294399999999999 -0.029146499999999999
0.0133074 0.094850000000000004 -0.0285569
0.016051200000000002 0.098339300000000004 -0.028918200000000002
0.020083400000000001 0.098193699999999995 -0.029186500000000001
0.0134687 0.109829 -0.028898500000000001
-0.0173578 0.115899 -0.029140300000000001
0.0139574 0.122208 -0.0298187
0.0167893 0.131386 -0.029493499999999999
0.0178298 0.140263 -0.029613
-0.015893899999999999 0.145036 -0.030013999999999999
-0.022834799999999999 0.148563 -0.028806700000000001
-0.0141995 0.14977599999999999 -0.029850399999999999
-0.0072321099999999999 0.15767300000000001 -0.029739000000000002
0.0099382299999999993 0.170348 -0.030323800000000001
0.0074747800000000003 0.17355300000000001 -0.030460299999999999
0.0013365600000000001 0.176427 -0.0305116
0.0068012100000000002 0.17618800000000001 -0.030364100000000002
0.0012838999999999999 0.179401 -0.0305689
-0.0014235599999999999 0.18213299999999999 -0.030483799999999998
0.0126243 0.186224 -0.030218399999999999
-0.0065920299999999996 0.189307 -0.030377399999999999
0.030513100000000001 0.200959 -0.030434699999999999
-0.025172699999999999 0.20153799999999999 -0.0304053
-0.0046992300000000004 0.20577599999999999 -0.030401899999999999
0.028923500000000001 0.209559 -0.0296429
0.018945900000000002 0.21605199999999999 -0.029116199999999998
-0.024572699999999999 0.21559300000000001 -0.030399200000000001
-0.012284 0.21532799999999999 -0.0296815
0.025805000000000002 0.21840300000000001 -0.028650599999999998
0.022858099999999999 0.21912999999999999 -0.028518100000000001
-0.0201373 0.22156100000000001 -0.029638100000000001
-0.025414900000000001 0.23733799999999999 -0.030302699999999998
-0.024548500000000001 0.23925099999999999 -0.030315499999999999
0.0132879 0.057006399999999999 -0.0291674
0.015972299999999998 0.056994999999999997 -0.028976600000000002
-0.0213584 0.058445900000000002 -0.0301616
0.023012299999999999 0.058382099999999999 -0.028605200000000001
-0.034405900000000003 0.058201500000000003 -0.029180999999999999
0.010911199999999999 0.060216800000000001 -0.029760600000000002
0.0011565 0.0609303 -0.0285084
-0.038909600000000003 0.064993599999999999 -0.029643800000000001
0.0283109 0.065045099999999995 -0.0289009
0.027013200000000001 0.068700300000000006 -0.029859900000000002
-0.034154999999999998 0.073282899999999998 -0.028588800000000001
0.013426799999999999 0.079242699999999999 -0.028185600000000002
0.016520199999999999 0.0793132 -0.028856099999999999
-0.031961400000000001 0.079329399999999994 -0.028888
-0.0197647 0.0799951 -0.029023899999999998
-0.016301400000000001 0.085699999999999998 -0.028830000000000001
-0.028914700000000002 0.087185600000000002 -0.028949599999999999
-0.026747 0.087478799999999995 -0.029557900000000002
-0.030270499999999999 0.0889601 -0.0303048
-0.029694600000000002 0.090239100000000003 -0.0296364
-0.028713099999999998 0.091118400000000002 -0.0287613
0.0024264199999999999 0.091596899999999995 -0.0298509
0.0165931 0.093052999999999997 -0.029525200000000001
0.0099616900000000005 0.094164499999999998 -0.028923600000000001
-0.023523700000000002 0.095154000000000002 -0.029895100000000001
-0.021358800000000001 0.097655099999999995 -0.030220199999999999
-0.025888700000000001 0.098381899999999994 -0.028911099999999999
-0.029428599999999999 0.100684 -0.028884300000000002
-0.031123399999999999 0.10413 -0.028573600000000001
-0.0210078 0.10688400000000001 -0.0298982
-0.020480999999999999 0.110619 -0.028537799999999999
0.0138575 0.116024 -0.029563599999999999
-0.0166661 0.12517900000000001 -0.028750999999999999
0.016557800000000001 0.128555 -0.029345699999999999
0.017350399999999998 0.134438 -0.029357399999999999
0.017465100000000001 0.137022 -0.029529199999999999
-0.016516599999999999 0.14019599999999999 -0.028822199999999999
-0.0226435 0.144701 -0.030272500000000001
0.0192208 0.14888499999999999 -0.028377200000000002
-0.010483299999999999 0.15509400000000001 -0.0292619
-0.0080285600000000006 0.15542400000000001 -0.029941599999999999
-0.0055249100000000001 0.15834999999999999 -0.030115599999999999
0.0168348 0.158078 -0.029530399999999998
-0.0072275300000000002 0.159245 -0.0302721
-0.010435099999999999 0.16176599999999999 -0.029523500000000001
-0.0080620299999999995 0.16407099999999999 -0.029951599999999998
0.014193300000000001 0.165015 -0.0297346
-0.0050565000000000002 0.16828299999999999 -0.030085799999999999
-0.00457574 0.17082800000000001 -0.029891000000000001
-0.00117836 0.176181 -0.030264099999999999
0.0081423699999999995 0.17683599999999999 -0.030126400000000001
-0.00249489 0.17938999999999999 -0.030059800000000001
0.0110819 0.18196699999999999 -0.0296703
0.0138072 0.184948 -0.0290108
-0.0050882100000000001 0.18490899999999999 -0.0299812
-0.0081794799999999994 0.19133900000000001 -0.029749899999999999
0.029145000000000001 0.191301 -0.0292579
0.019635400000000001 0.191603 -0.029407900000000001
0.0268019 0.192634 -0.0302475
0.020364199999999999 0.19400600000000001 -0.029947700000000001
0.0212065 0.195662 -0.030219300000000001
-0.022599500000000002 0.19594400000000001 -0.0302423
0.023205900000000002 0.196635 -0.0300015
-0.0186886 0.197244 -0.0296241
-0.0126629 0.19764000000000001 -0.029889700000000002
0.031054399999999999 0.197598 -0.028775100000000001
-0.016488300000000001 0.19766 -0.029400800000000001
-0.0260009 0.20044000000000001 -0.028908900000000001
-0.023309099999999999 0.20027200000000001 -0.0300138
-0.0012186300000000001 0.204654 -0.029836100000000001
0.030953499999999998 0.20385700000000001 -0.0288366
-0.0041653200000000001 0.207118 -0.0290511
0.0129091 0.20713100000000001 -0.0290342
-0.0089730000000000001 0.208949 -0.030178199999999999
0.016434600000000001 0.209817 -0.029178599999999999
0.026966199999999999 0.21043899999999999 -0.030114200000000001
-0.0121715 0.21268699999999999 -0.029979200000000001
-0.023618299999999998 0.21329799999999999 -0.030052800000000001
0.021114399999999998 0.216473 -0.03015
-0.022455300000000001 0.240096 -0.029888000000000001
-0.0287088 0.055449600000000002 -0.0289547
-0.037088000000000003 0.059663099999999997 -0.028147599999999998
-0.0198528 0.060835399999999998 -0.0286772
0.0044589499999999997 0.060849599999999997 -0.028880300000000001
0.0072054600000000003 0.060756699999999997 -0.028832900000000002
-0.004581 0.060981599999999997 -0.028835
0.022695799999999999 0.073544899999999996 -0.029028100000000001
-0.0072620000000000002 0.079079999999999998 -0.028804799999999998
-0.0289307 0.079397400000000007 -0.0286521
0.0069576999999999998 0.079397300000000004 -0.028654700000000002
-0.0042330800000000002 0.087077000000000002 -0.028833899999999999
-0.0312898 0.088566000000000006 -0.028577700000000001
-0.0073407899999999998 0.089167700000000003 -0.028870900000000001
0.020616499999999999 0.095019699999999999 -0.028355999999999999
-0.028011500000000002 0.099365899999999993 -0.0287712
0.019358400000000001 0.10086100000000001 -0.028518700000000001
-0.0307633 0.101993 -0.028740999999999999
0.0110826 0.10382 -0.029442300000000001
0.0113957 0.106678 -0.029695900000000001
-0.0289044 0.10946500000000001 -0.028564099999999999
0.0135759 0.11246399999999999 -0.029390199999999998
0.0150432 0.124898 -0.0295242
-0.016835900000000001 0.137157 -0.028862599999999999
-0.0166946 0.143263 -0.0288969
-0.022861699999999999 0.143786 -0.028392799999999999
-0.020486399999999998 0.15007599999999999 -0.028643700000000001
-0.018829700000000001 0.15171999999999999 -0.0283155
0.017470800000000002 0.15226600000000001 -0.0295628
-0.0076415500000000004 0.16766900000000001 -0.029305000000000001
0.0108565 0.17144999999999999 -0.030027999999999999
-0.0043010699999999997 0.17355000000000001 -0.029702800000000001
-0.00241779 0.17622299999999999 -0.030043500000000001
0.016477499999999999 0.18786700000000001 -0.029391299999999999
0.029388399999999999 0.194411 -0.0294524
-0.0230922 0.19448599999999999 -0.029779199999999999
0.023077799999999999 0.194301 -0.029318299999999999
0.029343999999999999 0.200404 -0.0300675
0.00165457 0.204457 -0.029007100000000001
0.0042719799999999999 0.20418900000000001 -0.029069999999999999
-0.026023000000000001 0.20663999999999999 -0.028619499999999999
-0.026229499999999999 0.209343 -0.0286463
0.028785100000000001 0.211783 -0.029620500000000001
0.030809799999999998 0.21258099999999999 -0.028744800000000001
0.027127100000000001 0.21642500000000001 -0.029479000000000002
-0.014086899999999999 0.220829 -0.028941100000000001
-0.0269035 0.23705499999999999 -0.029627199999999999
-0.026123400000000001 0.240032 -0.028965600000000001
-0.0073518300000000002 0.0610003 -0.028855800000000001
-0.019990600000000001 0.085887599999999995 -0.028659199999999999
0.0133905 0.097945000000000004 -0.028825
0.016127200000000001 0.101253 -0.028396299999999999
-0.0133907 0.15839400000000001 -0.028732299999999999
0.0134889 0.17039599999999999 -0.0291294
-0.0046824299999999996 0.17633199999999999 -0.029212200000000001
0.029184100000000001 0.18784999999999999 -0.0288074
-0.010588800000000001 0.191361 -0.0291113
-0.013643000000000001 0.194797 -0.029248
-0.00183863 0.206098 -0.028413299999999999
-0.026005899999999998 0.21237300000000001 -0.0289518
-0.0259987 0.234071 -0.029024899999999999
0.028804300000000001 0.240175 -0.029086899999999999
0.025605599999999999 0.23946999999999999 -0.028991200000000002
-0.00192475 0.060967500000000001 -0.028584999999999999
0.0043233500000000001 0.079448400000000002 -0.028805500000000001
-0.022754 0.079729300000000003 -0.028607500000000001
-0.022875900000000001 0.086515300000000003 -0.028888500000000001
0.0137077 0.10727200000000001 -0.0282969
-0.0072372399999999998 0.170569 -0.028988199999999999
0.013269400000000001 0.173321 -0.029096400000000001
0.028880200000000002 0.179447 -0.0286165
0.028903700000000001 0.18511900000000001 -0.029007700000000001
0.026373799999999999 0.236762 -0.028523799999999998
-0.0397992 0.064833299999999996 -0.0282712
-0.0063967599999999996 0.087284700000000007 -0.028613699999999999
-0.031057000000000001 0.106948 -0.028373599999999999
0.0167274 0.122213 -0.028887699999999999
-0.0169126 0.131213 -0.028839199999999999
0.029263899999999999 0.16173399999999999 -0.028529499999999999
0.029037299999999999 0.16776099999999999 -0.028716800000000001
0.029023500000000001 0.17064099999999999 -0.0286901
0.0288823 0.17376 -0.028729999999999999
0.0164183 0.18487799999999999 -0.0288296
-0.022642300000000001 0.18789800000000001 -0.0287321
0.022786899999999999 0.19148999999999999 -0.028579
0.0303538 0.21407200000000001 -0.029189799999999998
-0.019748600000000002 0.22450300000000001 -0.0282501
0.0313072 0.23947399999999999 -0.028432599999999999
-0.0223906 0.24173500000000001 -0.0286345
0.019821700000000001 0.158105 -0.028510199999999999
0.030306799999999998 0.16792000000000001 -0.028212000000000001
-0.025716300000000001 0.18234 -0.028564800000000001
0.013714 0.181945 -0.028665800000000002
-0.022987199999999999 0.185278 -0.028308300000000002
-0.019706999999999999 0.191273 -0.0280597
-0.0113472 0.21509700000000001 -0.028549700000000001
-0.022715300000000001 0.23355400000000001 -0.0281379
-0.028086400000000001 0.23921799999999999 -0.028135500000000001
-0.019754500000000001 0.24215500000000001 -0.028160600000000001
-0.023098500000000001 0.060613 -0.0278838
-0.039345600000000001 0.0625695 -0.0279399
-0.0311893 0.086797600000000003 -0.028176400000000001
0.0213899 0.097667699999999996 -0.027797200000000001
0.0134045 0.10088900000000001 -0.028188899999999999
0.0129902 0.10388 -0.028341000000000002
0.018655700000000001 0.10703600000000001 -0.028040699999999998
0.016956499999999999 0.11006100000000001 -0.028329300000000002
0.0191337 0.11279400000000001 -0.027984499999999999
-0.018645100000000001 0.115386 -0.027840299999999998
0.019787900000000001 0.11584899999999999 -0.027704599999999999
0.019844299999999999 0.122188 -0.028392000000000001
0.019652300000000001 0.125143 -0.028373499999999999
0.019677400000000001 0.131491 -0.0285749
0.019119500000000001 0.134575 -0.028665800000000002
0.0194901 0.13725499999999999 -0.0285621
-0.025857999999999999 0.143703 -0.027723999999999999
-0.0130507 0.15521499999999999 -0.028445399999999999
0.019160400000000001 0.16095999999999999 -0.028126000000000002
-0.0130226 0.161413 -0.0279797
0.0301868 0.162692 -0.028163799999999999
0.015976500000000001 0.16753299999999999 -0.0281783
0.030353999999999999 0.17055999999999999 -0.028255300000000001
0.030360000000000002 0.17371500000000001 -0.028296600000000002
0.030340900000000001 0.176041 -0.028536800000000001
0.016320100000000001 0.17932500000000001 -0.028046999999999999
-0.0072413800000000004 0.182006 -0.0279651
0.0263696 0.185362 -0.0278114
0.0225028 0.18834600000000001 -0.027721200000000001
-0.016371299999999998 0.19219700000000001 -0.027830199999999999
-0.016697500000000001 0.19515299999999999 -0.028608700000000001
0.00049400900000000001 0.20524100000000001 -0.028192100000000001
0.014352999999999999 0.20877299999999999 -0.028376200000000001
-0.0115855 0.21759100000000001 -0.028238099999999999
-0.025274899999999999 0.221613 -0.028160500000000002
-0.023086300000000001 0.226934 -0.0286912
-0.0262112 0.230847 -0.028261700000000001
-0.027713100000000001 0.233822 -0.028072300000000001
0.0284167 0.23383200000000001 -0.027977399999999999
-0.0174728 0.24090300000000001 -0.028050200000000001
0.022350800000000001 0.242339 -0.027784799999999998
0.018199099999999999 0.057203400000000001 -0.028145699999999999
-0.018360499999999998 0.12076000000000001 -0.028022600000000002
0.029190299999999999 0.154612 -0.027966399999999999
-0.0154442 0.157634 -0.0276753
-0.0097254200000000002 0.17066300000000001 -0.027779499999999999
-0.026206500000000001 0.17011000000000001 -0.027837600000000001
-0.025709699999999999 0.17626600000000001 -0.028037800000000002
-0.023041499999999999 0.18265899999999999 -0.027764500000000001
0.0199241 0.18516299999999999 -0.027622600000000001
0.029142499999999998 0.21828700000000001 -0.0277529
-0.017012800000000002 0.24220900000000001 -0.027673199999999998
-0.028157700000000001 0.16767599999999999 -0.028074000000000002
-0.026639199999999998 0.167464 -0.027761600000000001
-0.027631800000000001 0.173539 -0.027725400000000001
-0.0099993700000000005 0.18207200000000001 -0.0278097
0.027741399999999999 0.069656800000000005 -0.027889500000000001
-0.036357300000000002 0.077887499999999998 -0.027922599999999999
-0.018679899999999999 0.12842999999999999 -0.027752800000000001
0.029520999999999999 0.152117 -0.027676599999999999
0.021107399999999998 0.15828400000000001 -0.027871
-0.028238099999999999 0.16469 -0.027740299999999999
-0.0072698299999999997 0.17927299999999999 -0.027898800000000001
-0.023446000000000002 0.18034900000000001 -0.027533599999999998
0.0257988 0.221386 -0.027600900000000001
0.00193147 0.086021299999999995 -0.024931200000000001
0.021935400000000001 0.13148199999999999 -0.027741200000000001
-0.028288399999999998 0.16178799999999999 -0.027438000000000001
-0.0096101999999999993 0.17358499999999999 -0.027737600000000001
0.029044400000000001 0.22120400000000001 -0.027611699999999999
-0.028589099999999999 0.055873899999999997 -0.025767399999999999
-0.031790699999999998 0.056318500000000001 -0.026053900000000001
0.016746899999999999 0.057022000000000003 -0.0260045
0.019470899999999999 0.056838199999999998 -0.025638999999999999
-0.0353587 0.057742500000000002 -0.026254300000000001
0.025807799999999999 0.058294100000000001 -0.025776
0.013205100000000001 0.060714400000000002 -0.025185900000000001
0.027952399999999999 0.059648300000000001 -0.025576000000000002
0.010234500000000001 0.060830099999999998 -0.026260499999999999
-0.0402502 0.061940099999999998 -0.025723900000000001
0.0291445 0.061674300000000001 -0.025933999999999999
-0.041316699999999998 0.064895999999999995 -0.0255593
-0.040956699999999999 0.068067100000000005 -0.0257807
-0.037665400000000002 0.071667099999999997 -0.0263796
0.028346099999999999 0.070426199999999994 -0.025858200000000001
0.025078799999999998 0.073521799999999998 -0.0258135
-0.035580100000000003 0.075593400000000005 -0.0269666
0.026082500000000002 0.076625499999999999 -0.026026400000000002
-0.037170700000000001 0.078783500000000006 -0.025683500000000001
-0.034608300000000002 0.079308799999999999 -0.026181099999999999
0.022602400000000002 0.079301999999999997 -0.0259566
-0.031689099999999998 0.079418500000000003 -0.025898299999999999
-0.019665700000000001 0.080002799999999999 -0.026186399999999999
-0.01333 0.086397500000000002 -0.026326200000000001
-0.0014728199999999999 0.086858000000000005 -0.026079000000000001
-0.025697999999999999 0.086536799999999997 -0.026344800000000002
-0.011044200000000001 0.086837600000000001 -0.025733900000000001
-0.0097225799999999998 0.089072499999999999 -0.025976599999999999
0.0023386700000000002 0.087683700000000003 -0.0267231
0.0047610999999999999 0.088589299999999996 -0.025644900000000002
0.0070937800000000001 0.090210499999999999 -0.0261027
-0.028290300000000001 0.091485899999999995 -0.025759299999999999
0.0051240299999999999 0.091134900000000005 -0.026819599999999999
-0.026793299999999999 0.093268199999999996 -0.0259385
0.022872099999999999 0.094647200000000001 -0.026022
-0.0258759 0.095222000000000001 -0.026053300000000001
0.010512799999999999 0.094758499999999996 -0.025816100000000002
0.022639900000000001 0.098283300000000004 -0.025874500000000002
-0.028631 0.099266199999999999 -0.025820900000000001
0.020770500000000001 0.101121 -0.0265752
-0.030805200000000001 0.101551 -0.026362
-0.031914900000000003 0.104018 -0.025720400000000001
-0.030815499999999999 0.109974 -0.0257615
-0.028912 0.11075699999999999 -0.0262148
-0.023127100000000001 0.11114400000000001 -0.026483900000000001
-0.031554100000000002 0.11287700000000001 -0.027463700000000001
-0.031634599999999999 0.112805 -0.025733200000000001
-0.019107300000000001 0.119214 -0.027517099999999999
-0.0198202 0.122487 -0.026507900000000001
-0.0180571 0.123594 -0.0270596
0.0215576 0.12512000000000001 -0.027241999999999999
-0.020345499999999999 0.12848999999999999 -0.026216099999999999
0.023332200000000001 0.13111700000000001 -0.0262206
-0.019747199999999999 0.13409299999999999 -0.026264200000000001
0.022435699999999999 0.142931 -0.027383000000000001
-0.025962599999999999 0.14255799999999999 -0.026604099999999999
-0.0201333 0.14289299999999999 -0.0266821
-0.026704499999999999 0.14604400000000001 -0.026669200000000001
-0.022590900000000001 0.149225 -0.025687000000000001
-0.019850199999999998 0.15264900000000001 -0.0260079
0.020460599999999999 0.15174199999999999 -0.0267453
0.030395700000000001 0.153115 -0.027281300000000001
0.0286152 0.15515200000000001 -0.026308100000000001
0.021710199999999999 0.15574399999999999 -0.027430599999999999
0.023158399999999999 0.158275 -0.026197499999999999
0.022229800000000001 0.16112599999999999 -0.0256662
0.020787900000000002 0.16173999999999999 -0.026591099999999999
-0.0291311 0.162049 -0.025583100000000001
0.019900999999999999 0.16451199999999999 -0.026128100000000001
-0.0139092 0.16446 -0.025817400000000001
-0.029129100000000002 0.16475500000000001 -0.0253449
0.028346799999999998 0.16784099999999999 -0.0262352
-0.028318800000000002 0.17052200000000001 -0.025450299999999999
0.028962100000000001 0.17047799999999999 -0.026103500000000002
0.029007399999999999 0.17335400000000001 -0.026080200000000001
-0.0232569 0.17340700000000001 -0.0255179
0.028766099999999999 0.17647699999999999 -0.025637
-0.0268889 0.176457 -0.0258298
0.0292245 0.17884800000000001 -0.0263918
0.026897500000000001 0.179532 -0.025678200000000002
-0.0260856 0.18176400000000001 -0.0258012
-0.0111755 0.18191499999999999 -0.0270858
-0.021898600000000001 0.182064 -0.026702400000000001
-0.026426700000000001 0.18526500000000001 -0.025867500000000002
-0.013333299999999999 0.18490500000000001 -0.0266997
-0.026427200000000001 0.187806 -0.027085999999999999
-0.017036599999999999 0.188001 -0.026184499999999999
-0.026723899999999998 0.19145799999999999 -0.026070200000000002
0.031662299999999997 0.191664 -0.025883699999999999
-0.0264414 0.19514100000000001 -0.026081099999999999
0.031889199999999999 0.197324 -0.0259244
-0.0263311 0.20099500000000001 -0.026242100000000001
0.031422800000000001 0.20372000000000001 -0.025758099999999999
0.0020809299999999999 0.20483299999999999 -0.026057799999999999
0.00703098 0.204739 -0.025663399999999999
0.00065793899999999996 0.20536199999999999 -0.025673399999999999
0.010757900000000001 0.20668900000000001 -0.025926500000000002
-0.00148014 0.20657800000000001 -0.025773399999999998
-0.0033076199999999998 0.20777200000000001 -0.026083599999999998
-0.0048210800000000002 0.20902799999999999 -0.025992500000000002
0.013709300000000001 0.209673 -0.026104100000000002
-0.0068171899999999999 0.21044399999999999 -0.026422600000000001
-0.0083872400000000007 0.21205299999999999 -0.025806699999999998
-0.026791499999999999 0.21251800000000001 -0.026063300000000001
-0.0093122099999999996 0.21329000000000001 -0.0259524
-0.026737899999999998 0.215311 -0.0260523
-0.011062499999999999 0.21798200000000001 -0.0258912
-0.026722800000000001 0.218308 -0.025999000000000001
-0.0122343 0.218999 -0.026143300000000001
-0.0134492 0.22170899999999999 -0.025543
-0.016258399999999999 0.222221 -0.025762500000000001
-0.0174325 0.223604 -0.025929600000000001
0.028708399999999999 0.223831 -0.027425499999999998
-0.018483300000000001 0.225378 -0.026217000000000001
-0.019780200000000001 0.22748299999999999 -0.026088500000000001
-0.020752799999999998 0.229821 -0.0258344
-0.0213396 0.23147899999999999 -0.0262867
0.029143200000000001 0.231485 -0.027323900000000002
0.032944300000000003 0.233321 -0.026977500000000001
-0.028953300000000001 0.23371500000000001 -0.0260015
-0.021285499999999999 0.23521 -0.026153099999999999
-0.020302400000000002 0.23724500000000001 -0.02588
0.032043700000000001 0.24008299999999999 -0.026177300000000001
-0.016729500000000001 0.24005299999999999 -0.026073499999999999
-0.0261155 0.240952 -0.025897300000000002
-0.0231489 0.24195700000000001 -0.025997699999999999
0.026109500000000001 0.242201 -0.025983099999999999
-0.020286800000000001 0.242781 -0.0260009
0.015935399999999999 0.059011800000000003 -0.026005
-0.0074314799999999999 0.061054600000000001 -0.025913599999999998
0.00752317 0.060932699999999999 -0.0260225
0.024417399999999999 0.075346099999999999 -0.027207499999999999
-0.0042982599999999999 0.079041600000000004 -0.025994199999999999
0.020368399999999998 0.079354900000000006 -0.026056099999999999
-0.025873500000000001 0.079650299999999993 -0.026081400000000001
0.012901599999999999 0.095857999999999999 -0.025982499999999999
0.020871899999999999 0.11849999999999999 -0.026701900000000001
-0.0195859 0.12627099999999999 -0.027147299999999999
0.023283100000000001 0.133997 -0.026700600000000001
-0.018463299999999998 0.14023099999999999 -0.027299799999999999
0.022894299999999999 0.14894399999999999 -0.026176100000000001
0.028377699999999999 0.14932400000000001 -0.025921199999999998
0.019888300000000001 0.15377199999999999 -0.026953899999999999
0.022737199999999999 0.15454100000000001 -0.026544000000000002
-0.025733200000000001 0.16186300000000001 -0.026011200000000002
0.018017499999999999 0.16765099999999999 -0.026674799999999999
-0.024743500000000002 0.167657 -0.026417199999999998
0.0174255 0.170766 -0.026726099999999999
-0.0111174 0.17605599999999999 -0.0267254
0.018001099999999999 0.17868400000000001 -0.027051499999999999
-0.022081300000000002 0.17918400000000001 -0.025933100000000001
0.018770100000000001 0.18248300000000001 -0.0272739
0.025436799999999999 0.18451500000000001 -0.0265419
-0.0211451 0.184166 -0.026654899999999999
-0.0263726 0.19802900000000001 -0.026123199999999999
0.0236286 0.220306 -0.027160900000000002
0.022572999999999999 0.22134300000000001 -0.025949900000000001
0.026522500000000001 0.223695 -0.027274099999999999
-0.0283494 0.23061599999999999 -0.0261622
-0.0292508 0.23666499999999999 -0.026204100000000001
-0.024693199999999998 0.24134800000000001 -0.025748099999999999
-0.016421100000000001 0.24322299999999999 -0.026078799999999999
-0.0161402 0.061082400000000002 -0.026130299999999999
0.0045127500000000003 0.0609699 -0.026053799999999998
0.0072480899999999996 0.079461500000000004 -0.025197000000000001
0.010449099999999999 0.079208799999999996 -0.0258327
-0.0129277 0.079922599999999996 -0.026026899999999999
-0.0079621299999999996 0.090526700000000002 -0.026022300000000002
-0.0207391 0.115912 -0.026585999999999999
-0.020332599999999999 0.11895699999999999 -0.0266307
0.023732199999999998 0.13741600000000001 -0.026505799999999999
0.023806299999999999 0.14329800000000001 -0.0263333
-0.0247309 0.16428000000000001 -0.025710799999999999
0.017958200000000001 0.17569100000000001 -0.026695799999999999
0.021606500000000001 0.18532499999999999 -0.027247299999999999
-0.016285000000000001 0.185306 -0.0255284
0.023702299999999999 0.18707599999999999 -0.026879900000000002
0.031873800000000001 0.22478000000000001 -0.026061999999999998
0.029606500000000001 0.22622100000000001 -0.027161399999999999
0.028102499999999999 0.22991900000000001 -0.026839700000000001
0.0014815 0.060990200000000001 -0.025480800000000001
0.025055399999999999 0.094498299999999993 -0.025592500000000001
-0.021046599999999999 0.11339399999999999 -0.026556699999999999
-0.0200708 0.136855 -0.0260535
0.0237839 0.14021600000000001 -0.026534599999999998
-0.020694199999999999 0.15064900000000001 -0.0263999
-0.013107199999999999 0.16775799999999999 -0.025413100000000001
-0.0133087 0.181952 -0.025989999999999999
0.030721399999999999 0.215249 -0.0260606
0.0256172 0.22736999999999999 -0.025759199999999999
0.026309200000000001 0.230908 -0.025842
0.033489499999999998 0.23356099999999999 -0.025715999999999999
-0.039118899999999998 0.060506799999999999 -0.026178799999999999
-0.0285055 0.142988 -0.025571
-0.0133835 0.17933399999999999 -0.0253612
0.0230104 0.18248 -0.025502199999999999
0.033653500000000003 0.23710899999999999 -0.0258024
0.0013214699999999999 0.240005 -0.025941700000000002
0.0044288599999999997 0.242724 -0.026053799999999998
-0.00487835 0.242148 -0.025668699999999999
-0.025071699999999999 0.060676000000000001 -0.0256306
0.015656799999999998 0.096761700000000006 -0.0253279
-0.026218700000000001 0.140905 -0.025604700000000001
0.029079299999999999 0.14693999999999999 -0.025249199999999999
-0.025862 0.15829599999999999 -0.025333100000000001
0.010346899999999999 0.242698 -0.025445300000000001
-0.0075296 0.24542 -0.025715200000000001
0.0044588099999999997 0.24526400000000001 -0.0252876
0.015332699999999999 0.060435999999999997 -0.0254407
-0.036539500000000003 0.073782399999999998 -0.024940500000000001
-0.033637399999999998 0.086889800000000003 -0.025090500000000002
0.0213029 0.103988 -0.0247181
0.021304500000000001 0.112817 -0.0247005
0.021487300000000001 0.115788 -0.024894099999999999
-0.022331299999999998 0.118628 -0.025227800000000002
-0.021614299999999999 0.12500800000000001 -0.025305899999999999
-0.028897300000000001 0.13991999999999999 -0.024889000000000001
0.030631700000000001 0.146093 -0.025051799999999999
-0.021191499999999999 0.151254 -0.0253852
-0.0287484 0.15210399999999999 -0.025004599999999998
0.025715999999999999 0.15776000000000001 -0.024996999999999998
0.0261342 0.16094700000000001 -0.025049700000000001
0.030819300000000001 0.16148100000000001 -0.025434700000000001
0.031339199999999998 0.16498399999999999 -0.025127199999999999
0.019556 0.16749900000000001 -0.0253665
-0.023635 0.16762299999999999 -0.025152600000000001
0.0191015 0.17080300000000001 -0.0251293
-0.0127793 0.176402 -0.025365200000000001
0.031283699999999998 0.18559200000000001 -0.0248068
0.014749399999999999 0.21146599999999999 -0.024972999999999999
-0.0272289 0.221218 -0.025421699999999998
0.033385900000000003 0.23139199999999999 -0.024956800000000001
0.033554300000000002 0.23918500000000001 -0.025213800000000001
0.0208846 0.24066699999999999 -0.025346
-0.0135256 0.242588 -0.025457
0.0075556900000000003 0.239928 -0.024967799999999998
0.017323000000000002 0.24362400000000001 -0.025103400000000001
0.012439800000000001 0.243394 -0.0247047
0.018822499999999999 0.244449 -0.025795499999999999
-0.0214291 0.134575 -0.024979600000000001
0.024647700000000002 0.13710700000000001 -0.025412500000000001
0.024823399999999999 0.142732 -0.025219499999999999
0.019157199999999999 0.17353099999999999 -0.025194999999999999
-0.0282145 0.20100899999999999 -0.025359900000000001
0.024117 0.226215 -0.025068799999999999
-0.0014606199999999999 0.24248600000000001 -0.0250301
-0.0010273599999999999 0.24529899999999999 -0.024949699999999998
0.0221768 0.0572036 -0.025198000000000002
0.030432600000000001 0.068170800000000004 -0.024609599999999999
-0.0254589 0.112414 -0.024606800000000002
-0.021402899999999999 0.137822 -0.024835300000000001
0.0310847 0.170486 -0.024960300000000001
-0.016220600000000002 0.182699 -0.0245925
-0.028599099999999999 0.204044 -0.0250762
0.00413817 0.237677 -0.0245335
0.0020292299999999999 0.082495200000000005 -0.0246339
0.0045162600000000002 0.086037699999999995 -0.0246994
0.030577500000000001 0.15477099999999999 -0.0247082
-0.0280767 0.19538800000000001 -0.0248547
-0.028480700000000001 0.206653 -0.024766699999999999
0.00114138 0.23760999999999999 -0.024771999999999999
0.019483299999999999 0.096523499999999998 -0.024168200000000001
0.025892499999999999 0.14918799999999999 -0.0244418
-0.028963599999999999 0.14887900000000001 -0.0243886
-0.027656699999999999 0.057950000000000002 -0.0246001
0.0303673 0.062731300000000004 -0.024619800000000001
-0.033253199999999997 0.088325000000000001 -0.024772499999999999
-0.0099258300000000001 0.089016100000000001 -0.022848199999999999
-0.026574500000000001 0.0954155 -0.023839200000000001
0.020938999999999999 0.096259300000000006 -0.023862499999999998
0.0244938 0.097397600000000001 -0.024579400000000001
-0.0317372 0.11582199999999999 -0.022672500000000002
0.023288699999999999 0.122021 -0.022926999999999999
-0.0325989 0.13086400000000001 -0.024517799999999999
0.026071500000000001 0.137016 -0.0227288
-0.030404899999999999 0.14957500000000001 -0.0246491
-0.0207818 0.154784 -0.023366999999999999
0.030766600000000002 0.16175400000000001 -0.023306500000000001
-0.023833699999999999 0.170516 -0.023077899999999998
-0.026785699999999999 0.17626600000000001 -0.0239341
0.033413400000000003 0.19229099999999999 -0.024698700000000001
0.0100366 0.206785 -0.0237331
-0.0043887800000000001 0.209033 -0.0229094
-0.027242200000000001 0.21174399999999999 -0.024379499999999998
0.019624800000000001 0.22045300000000001 -0.022889900000000001
-0.0297474 0.23660200000000001 -0.0234732
-0.016608100000000001 0.24060100000000001 -0.022824500000000001
0.017052500000000002 0.24590300000000001 -0.022816400000000001
0.019443599999999998 0.056595800000000002 -0.022603100000000001
0.017864700000000001 0.056988900000000002 -0.023794900000000001
0.022673700000000001 0.056635199999999997 -0.0228545
0.026340300000000001 0.057674099999999999 -0.023419300000000001
-0.037403199999999998 0.058100199999999998 -0.0228258
-0.040097800000000003 0.059616700000000002 -0.022538300000000001
-0.0077314899999999997 0.061053200000000002 -0.0224496
0.001544 0.060977799999999999 -0.023053799999999999
-0.016096599999999999 0.061124499999999998 -0.023085000000000001
0.0300564 0.061274599999999999 -0.023868299999999999
0.031696299999999997 0.065297499999999994 -0.022760499999999999
-0.041823199999999998 0.068620100000000003 -0.023737500000000002
-0.038784699999999998 0.071970000000000006 -0.023959399999999999
-0.0376692 0.073388099999999998 -0.0228217
-0.038164200000000002 0.076062900000000003 -0.023057000000000001
0.026018800000000002 0.079243599999999997 -0.0231991
0.0103093 0.079555100000000004 -0.022574500000000001
0.019559 0.079261700000000004 -0.0229632
-0.034503399999999997 0.0793436 -0.022791200000000001
-0.019566400000000001 0.079955100000000001 -0.022757599999999999
-0.032049599999999998 0.085967500000000002 -0.022683600000000002
-0.025783199999999999 0.086325499999999999 -0.0230257
-0.029093999999999998 0.092202500000000007 -0.022812200000000001
0.012093700000000001 0.096262799999999996 -0.023894100000000001
0.016678700000000001 0.098114900000000005 -0.023095600000000001
0.021983800000000001 0.106768 -0.022822100000000001
0.021803400000000001 0.10996499999999999 -0.022876299999999999
-0.024083299999999998 0.11591799999999999 -0.023965899999999998
-0.0318634 0.118509 -0.022471999999999999
-0.023128800000000001 0.12515399999999999 -0.023311100000000001
-0.0344864 0.125003 -0.0228953
-0.031357700000000002 0.12854299999999999 -0.022568999999999999
-0.033605400000000001 0.128493 -0.022740799999999999
-0.022236800000000001 0.130799 -0.0242209
0.0257083 0.13436500000000001 -0.022788800000000001
-0.0255658 0.13945199999999999 -0.0230747
-0.0233242 0.14032600000000001 -0.023379500000000001
0.030908700000000001 0.145925 -0.022475200000000001
0.028455299999999999 0.14557700000000001 -0.0235765
-0.0227726 0.15181600000000001 -0.0232838
0.0316455 0.15191099999999999 -0.022785099999999999
-0.0198044 0.15828900000000001 -0.0226752
-0.022929000000000001 0.161441 -0.023011
-0.017164499999999999 0.162054 -0.023339800000000001
0.022648499999999998 0.162909 -0.024448600000000001
0.0231659 0.164828 -0.022777599999999999
0.0309673 0.16444 -0.0233815
0.025954499999999998 0.16427600000000001 -0.022658000000000001
0.021811299999999999 0.16750399999999999 -0.0229771
-0.014454099999999999 0.170462 -0.023054000000000002
0.0314568 0.170539 -0.0233551
0.0298228 0.179506 -0.0235912
0.023304200000000001 0.178948 -0.023301200000000001
-0.0284651 0.183869 -0.024170199999999999
-0.0288408 0.18531500000000001 -0.022652499999999999
0.032113500000000003 0.18847700000000001 -0.0229625
0.0335429 0.191242 -0.022640799999999999
-0.028644699999999999 0.19467599999999999 -0.022490400000000001
-0.028949300000000001 0.19148899999999999 -0.022625300000000001
-0.028337299999999999 0.20079900000000001 -0.023011899999999998
0.032314000000000002 0.20380599999999999 -0.0225279
0.032665600000000003 0.206592 -0.022713000000000001
0.012073 0.20774699999999999 -0.023797700000000001
0.0134877 0.2099 -0.022629900000000001
-0.0067126699999999996 0.21046599999999999 -0.022342600000000001
0.015329300000000001 0.21310899999999999 -0.0231559
0.031795700000000003 0.21810299999999999 -0.0229514
-0.0273487 0.21895000000000001 -0.0242308
-0.016753799999999999 0.221938 -0.0229298
-0.018062999999999999 0.22345400000000001 -0.0238798
0.032805000000000001 0.22470599999999999 -0.023251500000000001
0.0254979 0.230909 -0.0227183
-0.021443400000000001 0.23105800000000001 -0.022699
0.034033000000000001 0.23381399999999999 -0.022590599999999999
-0.0016667699999999999 0.236067 -0.022719300000000001
-0.0208186 0.23782200000000001 -0.022429399999999999
0.0083783299999999998 0.238625 -0.023358799999999999
0.028902500000000001 0.24082400000000001 -0.023118699999999999
-0.0023829599999999999 0.242864 -0.023942999999999999
-0.022703600000000001 0.24196999999999999 -0.022600800000000001
0.023217100000000001 0.24284 -0.023228200000000001
-0.0201712 0.243094 -0.023129500000000001
0.016535600000000001 0.24310699999999999 -0.022565700000000001
0.0080700700000000004 0.24295700000000001 -0.022974999999999999
-0.00763213 0.24557599999999999 -0.0225828
0.0015495800000000001 0.246694 -0.022767599999999999
-0.027081000000000001 0.055844100000000001 -0.0239989
0.0287543 0.0590187 -0.022458700000000002
-0.025479399999999999 0.060972899999999997 -0.022554100000000001
-0.022594400000000001 0.0610717 -0.022728399999999999
0.010156500000000001 0.060962000000000002 -0.022835000000000001
-0.0109637 0.061081799999999999 -0.023454900000000001
0.030934400000000001 0.061964600000000002 -0.022605500000000001
-0.042759699999999998 0.067769399999999994 -0.022264200000000001
0.026778900000000001 0.075694600000000001 -0.023820899999999999
-0.037712900000000001 0.079184000000000004 -0.022452300000000001
-0.00722304 0.079103300000000001 -0.022989099999999998
0.013254999999999999 0.079030100000000006 -0.022795300000000001
0.00125037 0.079881800000000003 -0.022378800000000001
-0.013188500000000001 0.079835000000000003 -0.022651000000000001
0.0010102500000000001 0.082524600000000004 -0.023029299999999999
0.0064608199999999999 0.085170499999999996 -0.024227599999999998
-0.0136385 0.086287799999999998 -0.023051100000000001
0.000820022 0.085324700000000003 -0.022452099999999999
0.0076879799999999996 0.086242799999999994 -0.0232388
-0.00176447 0.086772500000000002 -0.022543799999999999
-0.0071434200000000002 0.0886044 -0.022594900000000001
-0.032395899999999998 0.089806899999999995 -0.0232534
-0.0093559799999999999 0.090493699999999996 -0.022458800000000001
-0.0271021 0.093409599999999995 -0.023905800000000001
0.023380600000000001 0.095606999999999998 -0.023274799999999998
-0.026774099999999999 0.098186999999999997 -0.023356700000000001
0.0231833 0.097292799999999999 -0.022478000000000001
0.023251999999999998 0.101204 -0.023116399999999999
-0.0308236 0.106919 -0.023198099999999999
-0.028522200000000001 0.11006299999999999 -0.022154299999999998
-0.031579200000000002 0.113861 -0.022959199999999999
-0.033380800000000002 0.11362700000000001 -0.0241058
0.022299200000000002 0.115882 -0.022708900000000001
0.0227469 0.11869399999999999 -0.022598400000000001
0.024474699999999999 0.12848899999999999 -0.0229486
-0.033272599999999999 0.130414 -0.023204800000000001
0.025115599999999998 0.131303 -0.022791599999999999
-0.023341299999999999 0.131554 -0.022977600000000001
-0.031663799999999999 0.13711699999999999 -0.023275000000000001
-0.030964700000000001 0.140205 -0.022426600000000001
-0.030126199999999999 0.14107500000000001 -0.023803299999999999
0.0287116 0.14352500000000001 -0.0220442
-0.030772999999999998 0.14852499999999999 -0.023450599999999999
-0.0255949 0.14933099999999999 -0.0235333
-0.023576799999999998 0.149395 -0.023555400000000001
-0.029782300000000001 0.15217700000000001 -0.022710299999999999
0.030981000000000002 0.15485099999999999 -0.022443000000000001
0.030798300000000001 0.15804799999999999 -0.023034099999999998
-0.0228077 0.158139 -0.022751400000000001
-0.030883299999999999 0.16170499999999999 -0.022700399999999999
-0.030703399999999999 0.164322 -0.022726099999999999
-0.0233248 0.16714999999999999 -0.022497900000000001
0.031230500000000001 0.167986 -0.023367099999999998
0.020568400000000001 0.170263 -0.0237266
-0.023149400000000001 0.17361499999999999 -0.022686899999999999
0.031303299999999999 0.17363700000000001 -0.0226622
0.028136000000000001 0.173517 -0.022272500000000001
0.020889700000000001 0.17538699999999999 -0.023779399999999999
-0.0144499 0.17634 -0.023753199999999999
0.027434299999999998 0.175564 -0.023665499999999999
0.022421699999999999 0.17647199999999999 -0.022424699999999999
-0.0260395 0.17926900000000001 -0.022870700000000001
-0.0187768 0.18212 -0.023956000000000002
-0.017221299999999998 0.18138299999999999 -0.023708799999999999
0.0297685 0.18414 -0.023126299999999999
0.032439700000000002 0.19480500000000001 -0.022685899999999998
0.032130800000000001 0.20099700000000001 -0.022636199999999999
0.00207719 0.204848 -0.023976999999999998
0.0072076199999999997 0.20672099999999999 -0.023847400000000001
-0.0033948899999999998 0.20766899999999999 -0.023038300000000001
-0.028391799999999998 0.21237200000000001 -0.0225899
0.014189800000000001 0.21186099999999999 -0.021964399999999999
0.0160305 0.215114 -0.022793399999999998
-0.011124800000000001 0.217864 -0.0226365
-0.0126982 0.21913199999999999 -0.0224742
0.021794500000000001 0.222215 -0.0224245
-0.028479399999999998 0.22711600000000001 -0.022804499999999998
0.024615999999999999 0.22802 -0.022933100000000001
0.033091799999999998 0.226939 -0.023220399999999999
0.033494999999999997 0.22997899999999999 -0.022740900000000001
-0.0294215 0.233707 -0.0225437
-0.021458100000000001 0.23649899999999999 -0.022422299999999999
0.034394899999999999 0.23688200000000001 -0.022498899999999999
0.0239311 0.23775399999999999 -0.023054399999999999
0.022669999999999999 0.23907100000000001 -0.022620000000000001
-0.0046789500000000003 0.23963100000000001 -0.023011400000000001
0.0099800400000000008 0.240286 -0.022640400000000001
0.031860800000000002 0.240676 -0.023067000000000001
-0.0061337500000000003 0.24084 -0.0230647
-0.00433213 0.24277699999999999 -0.022794999999999999
0.0258398 0.242059 -0.022601400000000001
0.010645999999999999 0.24282599999999999 -0.0229106
0.018841500000000001 0.24437900000000001 -0.022678400000000001
-0.00162696 0.245813 -0.022722699999999998
0.013493700000000001 0.24612100000000001 -0.022676200000000001
-0.034112200000000002 0.056976400000000003 -0.023037599999999998
-0.0011435 0.060995399999999998 -0.0229392
-0.022712 0.079697100000000007 -0.022814000000000001
0.0199959 0.097949700000000001 -0.022207000000000001
-0.0343865 0.121804 -0.0229134
-0.0313803 0.135132 -0.024149799999999999
-0.0258157 0.137546 -0.021828299999999998
-0.031264399999999998 0.14613100000000001 -0.022296400000000001
-0.0291807 0.17380000000000001 -0.023068600000000002
-0.027701199999999999 0.18827099999999999 -0.022351599999999999
-0.0034463200000000001 0.23756099999999999 -0.0224117
0.01387 0.060849300000000002 -0.022764699999999999
-0.0288688 0.079505199999999998 -0.022522299999999999
-0.028974 0.13448499999999999 -0.022379099999999999
-0.0228919 0.15467 -0.022799799999999999
-0.027530800000000001 0.21803 -0.0226067
-0.0043661899999999998 0.0790661 -0.022361599999999999
0.016133600000000001 0.079188999999999996 -0.02239
-0.031940299999999998 0.12198199999999999 -0.022199199999999999
-0.0242478 0.15382699999999999 -0.023350599999999999
-0.028679400000000001 0.17630399999999999 -0.022109299999999998
0.031069699999999999 0.17898500000000001 -0.022830799999999998
0.0043627400000000004 0.20969099999999999 -0.0235532
-0.0285778 0.24224399999999999 -0.022452900000000001
0.0016158699999999999 0.20967 -0.023080300000000002
0.0042310400000000001 0.21224799999999999 -0.0230315
0.0189865 0.058985200000000002 -0.0221862
-0.042298599999999999 0.062690300000000004 -0.022306400000000001
0.0102147 0.082043900000000003 -0.022036300000000002
-0.031103200000000001 0.091135099999999997 -0.022498299999999999
-0.0279271 0.095010399999999995 -0.022180399999999999
-0.028924800000000001 0.10682800000000001 -0.021676299999999999
-0.024749299999999998 0.118864 -0.022082500000000001
-0.0297328 0.132128 -0.021736200000000001
-0.0188078 0.16073299999999999 -0.022154900000000002
0.021792300000000001 0.17045099999999999 -0.022036300000000002
0.021777600000000001 0.17354900000000001 -0.021914800000000002
-0.020346099999999999 0.17730499999999999 -0.0217013
0.0011794900000000001 0.21268300000000001 -0.022160599999999999
0.0333122 0.22794700000000001 -0.022106299999999999
0.0010023199999999999 0.23449999999999999 -0.0220406
-0.00062202799999999995 0.235121 -0.022441699999999998
-0.026081 0.2417 -0.021880799999999999
-0.0236946 0.24110799999999999 -0.0224262
0.025145299999999999 0.0570255 -0.022466099999999999
-0.039232400000000001 0.078603999999999993 -0.022348099999999999
-0.0130616 0.089461799999999994 -0.021716699999999999
0.0278715 0.097417599999999993 -0.022127600000000001
-0.031444699999999999 0.144015 -0.021754300000000001
-0.0015208299999999999 0.20971200000000001 -0.021949
0.0103371 0.21252499999999999 -0.021987199999999998
0.022960399999999999 0.245277 -0.022109400000000001
0.0273803 0.073800400000000002 -0.021669399999999998
-0.0052537199999999999 0.087442400000000003 -0.022295300000000001
-0.0293479 0.11530600000000001 -0.0213619
0.0291861 0.15842200000000001 -0.021432699999999999
-0.00069865400000000005 0.21234800000000001 -0.021498400000000001
0.00165296 0.21473 -0.021489100000000001
0.0075267800000000003 0.21520500000000001 -0.021627299999999999
-0.0195227 0.244978 -0.021799700000000002
-0.0143947 0.22092600000000001 -0.0198254
0.0204253 0.056534599999999997 -0.019594299999999999
-0.034699000000000001 0.056994000000000003 -0.019619899999999999
-0.035518500000000001 0.057345899999999998 -0.0210119
-0.040571999999999997 0.059228200000000002 -0.0200701
0.020259599999999999 0.058987600000000001 -0.019994899999999999
0.016329400000000001 0.060841699999999999 -0.0199486
0.031870999999999997 0.061839199999999997 -0.020009900000000001
0.032566199999999997 0.068008700000000005 -0.0197874
0.0312406 0.070384799999999997 -0.019645099999999999
-0.041230000000000003 0.071330900000000003 -0.020315199999999999
0.0283447 0.0735595 -0.019297999999999999
-0.0400808 0.078686699999999998 -0.0197822
0.0132315 0.079500000000000001 -0.0197003
0.025985600000000001 0.079374799999999995 -0.020376600000000002
0.0024416799999999999 0.082336099999999995 -0.019838000000000001
0.00197656 0.085710400000000006 -0.020468099999999999
-0.010977799999999999 0.086662500000000003 -0.019960499999999999
-0.0013769400000000001 0.087017999999999998 -0.020078599999999999
-0.0100965 0.089149300000000001 -0.0197898
-0.031810999999999999 0.092061400000000002 -0.020023099999999999
-0.00790364 0.090860300000000005 -0.020148599999999999
0.028021799999999999 0.096340400000000007 -0.0208232
0.022829800000000001 0.0981992 -0.0202407
0.0135064 0.098579 -0.0198891
-0.028757700000000001 0.10079200000000001 -0.019845999999999999
-0.028535399999999999 0.104037 -0.019518199999999999
0.0227049 0.109713 -0.0197336
-0.0284213 0.113025 -0.019614800000000002
-0.031776699999999998 0.115776 -0.019384800000000001
-0.034284799999999997 0.11568199999999999 -0.019723299999999999
0.0237553 0.12145 -0.021076299999999999
-0.024538500000000001 0.12267400000000001 -0.0216475
-0.033938500000000003 0.12350899999999999 -0.0210685
-0.033937599999999998 0.12497900000000001 -0.020750000000000001
-0.0308674 0.12861600000000001 -0.02044
-0.028654900000000001 0.12850600000000001 -0.019606999999999999
0.0260529 0.13098599999999999 -0.0198371
-0.031544900000000001 0.13170899999999999 -0.020820499999999999
-0.0289752 0.13426399999999999 -0.019846300000000001
-0.0242378 0.134522 -0.0214056
0.026679700000000001 0.13420899999999999 -0.019915800000000001
-0.032273799999999998 0.137153 -0.019580500000000001
-0.031905500000000003 0.14283000000000001 -0.0198166
0.031307000000000001 0.143399 -0.0198984
0.032686199999999999 0.14921599999999999 -0.0197851
-0.0298584 0.151201 -0.0210774
-0.031406499999999997 0.15365599999999999 -0.0215237
0.031012399999999999 0.15204400000000001 -0.019574399999999999
0.028631799999999999 0.15492500000000001 -0.0199142
-0.020169400000000001 0.16187799999999999 -0.020520900000000002
-0.018335400000000002 0.16289899999999999 -0.021108200000000001
-0.0172374 0.164853 -0.019653799999999999
0.025130900000000001 0.16441 -0.020099700000000002
0.022871699999999998 0.16781399999999999 -0.0200561
-0.0156124 0.170543 -0.021149399999999999
-0.029024500000000002 0.1736 -0.0202928
-0.015695500000000001 0.173537 -0.0212467
-0.017171800000000001 0.176033 -0.020205299999999999
-0.019523800000000001 0.17722199999999999 -0.0193505
-0.027600599999999999 0.17841399999999999 -0.021675
-0.026893 0.18129700000000001 -0.020981799999999998
0.031888 0.18489700000000001 -0.020084999999999999
0.032808299999999999 0.18745899999999999 -0.0200789
0.032521399999999999 0.192247 -0.0201981
-0.028160999999999999 0.19389600000000001 -0.019655599999999999
0.031916800000000002 0.200576 -0.019577799999999999
0.0318004 0.203819 -0.019402599999999999
0.031859100000000001 0.20697699999999999 -0.019588600000000001
0.031932000000000002 0.20944199999999999 -0.019643999999999998
-0.0073364700000000003 0.21007300000000001 -0.019749099999999999
-0.0089870200000000001 0.21204400000000001 -0.020985500000000001
0.0093599100000000008 0.21446100000000001 -0.021575799999999999
0.016523599999999999 0.21528600000000001 -0.019678899999999999
-0.027808599999999999 0.215974 -0.019678000000000001
0.017608499999999999 0.21770400000000001 -0.0202705
0.0188632 0.21932099999999999 -0.019843599999999999
0.020867199999999999 0.220496 -0.020247500000000002
-0.016938499999999999 0.22209499999999999 -0.019826
0.032378900000000002 0.22086500000000001 -0.0197834
0.0236758 0.22447300000000001 -0.0199077
-0.027934400000000002 0.22442300000000001 -0.019550499999999998
-0.020523599999999999 0.22714300000000001 -0.019606999999999999
-0.0216194 0.230352 -0.019707800000000001
0.0045629399999999997 0.23369599999999999 -0.019910799999999999
0.00126636 0.23394499999999999 -0.0199545
-0.022001799999999998 0.23400099999999999 -0.0201309
-0.000626328 0.234707 -0.020908400000000001
-0.021734799999999999 0.23622199999999999 -0.019929100000000002
-0.0046677400000000001 0.23982700000000001 -0.019777900000000001
0.034433999999999999 0.23960600000000001 -0.0199341
-0.019567299999999999 0.239451 -0.020160500000000001
0.021023300000000002 0.24060100000000001 -0.020212299999999999
0.0288367 0.24102000000000001 -0.0209886
0.031817100000000001 0.24123600000000001 -0.021405799999999999
-0.028711299999999999 0.24300099999999999 -0.0195958
0.019167400000000001 0.24285000000000001 -0.019802
-0.0070680500000000002 0.242783 -0.019831499999999998
0.010867099999999999 0.24307400000000001 -0.019683800000000001
0.016357199999999999 0.24304500000000001 -0.020003
-0.0196542 0.246279 -0.019999599999999999
-0.017703099999999999 0.24423700000000001 -0.021472499999999999
-0.0212859 0.245199 -0.021461600000000001
0.0132792 0.24518000000000001 -0.020120200000000001
-0.0020594400000000001 0.24604699999999999 -0.0196869
0.016641199999999998 0.24604899999999999 -0.019809799999999999
-0.010475999999999999 0.24696899999999999 -0.019217600000000001
-0.0076903300000000004 0.061111800000000001 -0.019624300000000001
-0.0041002 0.061072700000000001 -0.019579599999999999
0.0073315000000000003 0.060978600000000001 -0.019593300000000001
-0.043808899999999998 0.064829600000000001 -0.019724800000000001
-0.040101999999999999 0.076649599999999998 -0.019439600000000001
0.0191991 0.079186199999999998 -0.019491100000000001
-0.015934400000000001 0.079896599999999998 -0.0192991
0.011155699999999999 0.085485400000000003 -0.0200118
-0.031351499999999997 0.085674899999999998 -0.019629000000000001
-0.0288495 0.085801299999999997 -0.020246799999999999
0.0014315899999999999 0.088911199999999996 -0.019919099999999999
0.023120000000000002 0.107061 -0.019495599999999998
0.024851999999999999 0.125056 -0.019651600000000002
0.025517100000000001 0.12837000000000001 -0.019781699999999999
-0.02613 0.13133500000000001 -0.0193429
-0.028846699999999999 0.16789699999999999 -0.0204441
0.0282718 0.174148 -0.0210505
-0.022825100000000001 0.17627799999999999 -0.019168299999999999
-0.027038099999999999 0.18007799999999999 -0.0210428
-0.0272635 0.20085800000000001 -0.0201526
-0.0024323399999999998 0.21274499999999999 -0.020139199999999999
-0.027775500000000002 0.22134300000000001 -0.0199352
0.026038800000000001 0.23063600000000001 -0.019753
-0.0288408 0.233794 -0.0195999
-0.0293747 0.23690600000000001 -0.020006699999999999
-0.0133388 0.24219099999999999 -0.019643500000000001
0.00174172 0.24709700000000001 -0.020890100000000002
-0.026112 0.061102299999999998 -0.019751500000000002
-0.016518499999999998 0.061124100000000001 -0.019558200000000001
-0.0104178 0.079306299999999996 -0.0199889
0.023030200000000001 0.079420900000000003 -0.019851000000000001
0.0114059 0.094934099999999993 -0.019860300000000001
-0.0295108 0.094999 -0.0201671
-0.026153699999999998 0.13453799999999999 -0.0196543
0.025435599999999999 0.161025 -0.0198541
-0.027304999999999999 0.196996 -0.019639799999999999
0.013363099999999999 0.21340700000000001 -0.020509300000000001
0.0109084 0.215702 -0.020205600000000001
-0.019600800000000002 0.22531799999999999 -0.0200749
-0.0230297 0.245891 -0.0196489
-0.0308504 0.058358899999999998 -0.0195935
-0.028543599999999999 0.060995099999999997 -0.0199294
-0.043564400000000003 0.068059400000000006 -0.020005999999999999
-0.0018257900000000001 0.0791356 -0.019582700000000001
-0.036451600000000001 0.086440900000000001 -0.019773200000000001
-0.026494799999999999 0.11658300000000001 -0.0209868
-0.031835099999999998 0.121559 -0.020263799999999998
-0.028724099999999999 0.12551399999999999 -0.0194574
-0.031639100000000003 0.139851 -0.019340599999999999
0.0302346 0.15426400000000001 -0.020641
0.026393099999999999 0.15867100000000001 -0.019661399999999999
-0.022690599999999998 0.16187299999999999 -0.018953999999999999
0.028898400000000001 0.176478 -0.020317600000000002
-0.0291813 0.185611 -0.019747500000000001
0.033359 0.18940000000000001 -0.019299
0.0053464100000000002 0.21648899999999999 -0.0210733
-0.0017001200000000001 0.23631199999999999 -0.019529000000000001
-0.0159282 0.24419199999999999 -0.0199369
0.026393400000000001 0.24585199999999999 -0.0197348
-0.0012841199999999999 0.061044099999999997 -0.0197413
-0.022718499999999999 0.0611868 -0.019372500000000001
0.011885 0.080624899999999999 -0.020550499999999999
0.016093 0.079067100000000001 -0.019427
-0.025841099999999999 0.079454200000000003 -0.019789999999999999
0.025738199999999999 0.101092 -0.019763200000000002
-0.026675999999999998 0.119149 -0.020497700000000001
-0.028769699999999999 0.122361 -0.019413
-0.0012909900000000001 0.214946 -0.019382699999999999
0.00829272 0.21695 -0.020511499999999998
0.031944800000000002 0.242149 -0.019531400000000001
-0.0194977 0.079802600000000001 -0.019287700000000001
-0.0126493 0.089636300000000002 -0.019910000000000001
-0.0294232 0.097820299999999999 -0.0193352
0.0202168 0.099115800000000004 -0.019615199999999999
-0.028884300000000002 0.16151699999999999 -0.019671600000000001
0.0043918400000000002 0.21826400000000001 -0.019475599999999999
0.033630699999999999 0.24160200000000001 -0.0200036
0.028391900000000001 0.056764299999999997 -0.018894899999999999
0.030598199999999999 0.059571300000000001 -0.019271099999999999
0.0103982 0.061004999999999997 -0.0194392
-0.0043005500000000002 0.079207799999999995 -0.019184699999999999
-0.0376774 0.079402899999999998 -0.018863100000000001
-0.0036868299999999999 0.087044399999999994 -0.0195567
-0.033839399999999999 0.090690000000000007 -0.019337900000000002
-0.027884800000000001 0.10702299999999999 -0.019418700000000001
-0.032053100000000001 0.118711 -0.019731499999999999
0.027360599999999999 0.13717399999999999 -0.019061399999999999
0.031966300000000003 0.14647399999999999 -0.019122
-0.0300863 0.149501 -0.019671899999999999
-0.029129100000000002 0.158722 -0.018823800000000002
0.023836199999999998 0.16547600000000001 -0.0196326
0.0227949 0.17081299999999999 -0.019065200000000001
0.023144499999999998 0.17363200000000001 -0.019053299999999999
-0.028210699999999998 0.18240100000000001 -0.019852000000000002
0.032413699999999997 0.21212900000000001 -0.019418600000000001
0.0014724899999999999 0.21782899999999999 -0.018606399999999999
0.024342099999999998 0.225717 -0.0198259
0.033888399999999999 0.233905 -0.018873299999999999
-0.0032054800000000001 0.23802999999999999 -0.019407500000000001
0.028307100000000002 0.24196100000000001 -0.0190537
0.0084021700000000005 0.24388199999999999 -0.018951800000000001
-0.017561400000000001 0.24482999999999999 -0.0190308
-0.0074271299999999997 0.24512900000000001 -0.019175899999999999
0.00347803 0.247363 -0.0191687
-0.026036299999999998 0.164771 -0.019608199999999999
-0.026133099999999999 0.17038200000000001 -0.0197828
-0.0031917299999999998 0.24446300000000001 -0.0189392
0.0034165200000000001 0.088620599999999994 -0.018699199999999999
0.028524899999999999 0.17872299999999999 -0.018851300000000001
0.0291393 0.152556 -0.018721000000000002
-0.0292281 0.136188 -0.0184531
-0.042330699999999999 0.060250600000000001 -0.0181347
0.00108025 0.079606999999999997 -0.016679599999999999
-0.0099496099999999994 0.089148500000000006 -0.016455299999999999
0.0046813100000000002 0.089302800000000002 -0.016441899999999999
-0.030392300000000001 0.095328899999999994 -0.018726900000000001
0.0219115 0.0995616 -0.018511
-0.0196987 0.224664 -0.0166239
0.016627300000000001 0.060936999999999998 -0.016899899999999999
0.032505199999999998 0.061171799999999998 -0.016849099999999999
0.029034999999999998 0.079234799999999994 -0.016605000000000002
-0.0132613 0.085464999999999999 -0.0173191
0.013434099999999999 0.086310700000000004 -0.016735199999999999
-0.0050468400000000004 0.0877666 -0.016699800000000001
-0.032395599999999997 0.092785699999999999 -0.0175522
0.0137121 0.098029599999999995 -0.016808300000000002
0.023872999999999998 0.099017599999999997 -0.0180126
0.0291317 0.101159 -0.016627900000000001
-0.034877499999999999 0.115771 -0.016685499999999999
0.031697999999999997 0.14336499999999999 -0.016899000000000001
-0.032831399999999997 0.14306199999999999 -0.016892000000000001
-0.026017200000000001 0.158944 -0.018334099999999999
-0.016358000000000001 0.17341799999999999 -0.016709100000000001
-0.027240400000000001 0.197353 -0.0179519
-0.026558999999999999 0.197327 -0.016466999999999999
-0.0262492 0.20385800000000001 -0.016709600000000002
0.0320965 0.211949 -0.016403999999999998
-0.012119599999999999 0.21598600000000001 -0.018106500000000001
-0.013362000000000001 0.21834100000000001 -0.016816000000000001
-0.0213998 0.22908700000000001 -0.018248199999999999
-0.023040100000000001 0.23424700000000001 -0.017402500000000001
-0.028028500000000001 0.23636299999999999 -0.018045599999999998
-0.019309199999999999 0.239345 -0.016933400000000001
0.033619299999999998 0.24204899999999999 -0.017398199999999999
0.013249500000000001 0.24304600000000001 -0.016636399999999999
0.022433999999999999 0.055882099999999997 -0.016585099999999998
-0.034533300000000003 0.056770899999999999 -0.016412099999999999
0.021700000000000001 0.058979900000000002 -0.016378199999999999
-0.040880399999999997 0.058843699999999999 -0.016664600000000002
0.020901699999999999 0.059986299999999999 -0.017881000000000001
0.031367199999999998 0.0594972 -0.0161835
-0.028986700000000001 0.061100500000000002 -0.017137300000000001
-0.043753399999999998 0.061950199999999997 -0.016744200000000001
-0.019421299999999999 0.0611458 -0.0164253
-0.0446282 0.067968899999999999 -0.016478799999999998
0.031701600000000003 0.070990700000000004 -0.016262100000000002
-0.043045300000000002 0.070733000000000004 -0.016651599999999999
0.0300401 0.072083999999999995 -0.0180664
0.0297375 0.075743900000000003 -0.016556999999999999
0.030521699999999999 0.076956300000000005 -0.016409900000000002
-0.040361399999999999 0.0792321 -0.016588499999999999
-0.029166899999999999 0.079264799999999996 -0.016784400000000001
-0.0073880400000000002 0.079370599999999999 -0.016714300000000001
-0.0012734999999999999 0.079267000000000004 -0.016403899999999999
-0.034909500000000003 0.079521099999999997 -0.016878600000000001
-0.017356400000000001 0.080018400000000003 -0.016700400000000001
0.026011300000000001 0.079429799999999995 -0.017213300000000001
0.0041181799999999999 0.082473199999999997 -0.0165135
0.0141175 0.083361099999999994 -0.0172508
0.0042981900000000003 0.085930900000000005 -0.0166427
-0.037620099999999997 0.086195800000000003 -0.016739400000000002
-0.032027 0.085535799999999995 -0.0163979
-0.028671100000000001 0.0853328 -0.0165649
-0.0110524 0.086364700000000003 -0.016287200000000002
-0.0035183699999999998 0.087232000000000004 -0.016697400000000001
-0.0021752400000000002 0.087083999999999995 -0.016590400000000002
-0.0071515900000000002 0.088909100000000005 -0.016620800000000002
-0.037399300000000003 0.088963799999999996 -0.016192999999999999
0.012012500000000001 0.091957800000000006 -0.017807400000000001
-0.031541699999999999 0.095152600000000004 -0.016434899999999999
0.0255973 0.098963800000000005 -0.016931399999999999
0.019787900000000001 0.101357 -0.016443200000000002
0.026914500000000001 0.100759 -0.016654700000000001
-0.029485899999999999 0.104099 -0.01651
-0.029149499999999998 0.10730199999999999 -0.016684999999999998
0.023384200000000001 0.10981299999999999 -0.016746299999999999
-0.031677200000000003 0.11290699999999999 -0.016756099999999999
-0.034856400000000003 0.11307499999999999 -0.016803700000000001
-0.033656699999999998 0.11425100000000001 -0.018290000000000001
-0.028995400000000001 0.116497 -0.016363699999999998
0.023943200000000001 0.118157 -0.017006500000000001
0.024890499999999999 0.122005 -0.016372100000000001
-0.026158799999999999 0.12869700000000001 -0.016473000000000002
-0.0257801 0.134324 -0.0164662
0.026963500000000001 0.132719 -0.0180079
-0.031425099999999997 0.13617399999999999 -0.016910999999999999
0.029040699999999999 0.142261 -0.0166234
0.032739999999999998 0.14624899999999999 -0.0171889
-0.031390500000000002 0.149175 -0.016642500000000001
0.031680899999999998 0.14929899999999999 -0.016260799999999999
0.0290967 0.151896 -0.016524
-0.031142 0.15428700000000001 -0.017152799999999999
-0.028961199999999999 0.15690699999999999 -0.017817900000000001
0.025793300000000002 0.161666 -0.016794099999999999
-0.016924100000000001 0.16771800000000001 -0.016721799999999998
0.023693200000000001 0.16844100000000001 -0.018025699999999999
-0.016212899999999999 0.170487 -0.016783599999999999
-0.017479499999999999 0.17630199999999999 -0.016718
-0.020024400000000001 0.17911099999999999 -0.016437799999999999
-0.028258999999999999 0.17963999999999999 -0.017685800000000002
0.030856100000000001 0.182723 -0.017439099999999999
0.031412700000000002 0.185247 -0.016702499999999999
0.032342900000000001 0.18764400000000001 -0.016521000000000001
-0.028334100000000001 0.19100400000000001 -0.016931100000000001
-0.027454099999999999 0.195075 -0.01779
0.0311852 0.201073 -0.016306399999999999
0.031158700000000001 0.206564 -0.016372500000000002
-0.026627000000000001 0.20957999999999999 -0.0166924
-0.00531038 0.210538 -0.017541000000000001
-0.0273428 0.21321799999999999 -0.017554899999999998
-0.028033300000000001 0.215582 -0.016821300000000001
0.033363900000000002 0.21432100000000001 -0.0174688
0.0135832 0.21598200000000001 -0.0167016
0.032027600000000003 0.215836 -0.016795399999999999
0.010370000000000001 0.218612 -0.016714300000000001
0.019096800000000001 0.21881100000000001 -0.017013299999999999
-0.026466799999999999 0.21867700000000001 -0.016203700000000001
0.021080999999999999 0.22015299999999999 -0.0179729
0.022714600000000001 0.22150800000000001 -0.016620599999999999
0.031212 0.22125300000000001 -0.016832
-0.018491400000000002 0.22287599999999999 -0.016725199999999999
0.024489899999999998 0.22494600000000001 -0.0166099
0.031908400000000003 0.22772100000000001 -0.0166333
-0.0208858 0.22700000000000001 -0.017115999999999999
0.026581799999999999 0.230874 -0.016520699999999999
0.0049627400000000002 0.23299600000000001 -0.017638399999999999
0.0064267300000000003 0.234151 -0.0166497
0.0334845 0.23394599999999999 -0.017800699999999999
0.025290900000000002 0.23672199999999999 -0.016951600000000001
0.0336271 0.23680499999999999 -0.016815699999999999
-0.0047724899999999999 0.23976700000000001 -0.016366599999999999
0.023151600000000001 0.23877399999999999 -0.0164954
0.033764200000000001 0.23980299999999999 -0.016696300000000001
0.020427899999999999 0.24069699999999999 -0.016577000000000001
0.019706700000000001 0.24301900000000001 -0.0166433
0.031484499999999999 0.24287900000000001 -0.0165843
-0.010576800000000001 0.243503 -0.016472299999999999
-0.0070213599999999999 0.24313599999999999 -0.017078699999999999
0.028417100000000001 0.24507100000000001 -0.0166094
0.0170802 0.245893 -0.016624
-0.025659000000000001 0.24526300000000001 -0.017532699999999998
0.0076410499999999999 0.245925 -0.016579300000000002
-0.0075533400000000004 0.245257 -0.016638500000000001
-0.0190811 0.246144 -0.016940899999999998
0.00153925 0.24757499999999999 -0.0163185
0.0135388 0.061034400000000003 -0.0166058
0.033770099999999997 0.064724400000000001 -0.016556899999999999
0.020046700000000001 0.0791356 -0.016658300000000001
-0.0138307 0.081646899999999994 -0.0181703
-0.025649999999999999 0.085985300000000001 -0.0171954
-0.0077646700000000004 0.090964699999999996 -0.016203599999999999
0.028078599999999999 0.1371 -0.016328200000000001
-0.023313400000000001 0.17919599999999999 -0.0173093
0.027749200000000002 0.17979600000000001 -0.0168699
0.031228100000000002 0.20382700000000001 -0.016847399999999998
-0.011685299999999999 0.21454799999999999 -0.017849199999999999
-0.025878399999999999 0.221275 -0.0165463
-0.0033008600000000001 0.23805999999999999 -0.0165112
-0.022966899999999998 0.24251300000000001 -0.016709600000000002
-0.037477099999999999 0.057675299999999999 -0.016260299999999998
0.0013877500000000001 0.061014600000000002 -0.016553700000000001
0.0106482 0.0610155 -0.016647499999999999
-0.016454699999999999 0.082324999999999995 -0.0165101
-0.033844899999999997 0.13719799999999999 -0.0165725
-0.024882100000000001 0.15748799999999999 -0.0167355
-0.017748699999999999 0.16503999999999999 -0.0176937
-0.027167 0.22476299999999999 -0.017794299999999999
-0.026211499999999999 0.22763600000000001 -0.017217400000000001
-0.027836400000000001 0.24292 -0.017561299999999998
0.019808599999999999 0.060793 -0.016304800000000001
-0.0045759099999999999 0.0610705 -0.017050099999999999
0.014524499999999999 0.079857700000000004 -0.017584499999999999
-0.022589499999999998 0.079510999999999998 -0.0169336
0.025184399999999999 0.16458700000000001 -0.016134699999999998
0.030975800000000001 0.218025 -0.016327700000000001
-0.025991899999999998 0.23378699999999999 -0.0170825
-0.0225185 0.061201699999999998 -0.016678800000000001
-0.042733899999999998 0.060045599999999998 -0.015967599999999998
-0.0103518 0.061132300000000001 -0.016314200000000001
0.0335552 0.062905100000000005 -0.016022399999999999
0.029311500000000001 0.073789099999999996 -0.016115600000000001
-0.0118449 0.082303299999999996 -0.0164919
0.0037437199999999999 0.090615600000000004 -0.016766199999999998
0.012752599999999999 0.091869500000000007 -0.0162104
-0.030456799999999999 0.098185099999999997 -0.016205500000000001
0.0290592 0.10348599999999999 -0.016056600000000001
0.0245633 0.10652200000000001 -0.0158295
-0.031702800000000003 0.115968 -0.015975799999999998
-0.027299400000000001 0.12138400000000001 -0.0159142
-0.0265309 0.12589600000000001 -0.016238699999999998
0.026841799999999999 0.130769 -0.016703900000000001
0.0272617 0.13178100000000001 -0.0157786
-0.0285533 0.13647200000000001 -0.0162116
-0.025804400000000002 0.155024 -0.016229500000000001
-0.023612899999999999 0.15923699999999999 -0.016135799999999999
0.0244218 0.170489 -0.0157085
-0.018677300000000001 0.177872 -0.016657600000000002
-0.026791200000000001 0.19395899999999999 -0.0161694
0.031273799999999997 0.19759499999999999 -0.016157899999999999
-0.0262001 0.212645 -0.015984100000000001
-0.0034631200000000001 0.21470500000000001 -0.015965900000000002
-0.00076973600000000003 0.21753800000000001 -0.016008100000000001
0.0042766599999999998 0.220606 -0.0160322
-0.022526999999999998 0.227906 -0.016667999999999999
0.032915100000000003 0.23383799999999999 -0.016127099999999998
-0.0260179 0.23692199999999999 -0.016434600000000001
-0.025747699999999998 0.23997399999999999 -0.016187300000000002
-0.0030903200000000001 0.244584 -0.016126700000000001
-0.0105267 0.24693499999999999 -0.015929599999999999
0.0040046400000000003 0.247387 -0.0157442
-0.0069354999999999998 0.061085399999999998 -0.0160894
-0.0339987 0.13517999999999999 -0.0158674
-0.033334000000000003 0.143508 -0.015791800000000002
0.0272237 0.156974 -0.016022600000000001
0.033317100000000002 0.14641000000000001 -0.0155149
0.026110499999999998 0.242364 -0.016123800000000001
-0.019944400000000001 0.24366299999999999 -0.0158056
0.0144887 0.099651299999999998 -0.015932399999999999
0.029961600000000001 0.15013299999999999 -0.015729799999999999
0.030404500000000001 0.244362 -0.016247500000000002
-0.033390299999999998 0.139094 -0.016200200000000001
0.0064469100000000001 0.22714100000000001 -0.015647000000000001
-0.0119081 0.082734299999999997 -0.0141713
0.0022041299999999999 0.0905918 -0.015626600000000001
0.0043075199999999996 0.091195499999999999 -0.013450699999999999
-0.022977000000000001 0.22447700000000001 -0.015538400000000001
-0.019599700000000001 0.23999500000000001 -0.014243199999999999
0.0229695 0.055557299999999997 -0.013352599999999999
0.021508099999999999 0.060476700000000001 -0.015365500000000001
0.034372300000000001 0.067687899999999995 -0.013154300000000001
-0.0105319 0.079574599999999995 -0.013386
0.029092400000000001 0.079414700000000005 -0.013348499999999999
0.0047805199999999999 0.079503199999999996 -0.013766
0.0147788 0.086566599999999994 -0.0143634
-0.040042599999999998 0.086542499999999994 -0.013234599999999999
-0.034812799999999998 0.092919500000000002 -0.0136624
0.013435000000000001 0.095385899999999996 -0.0136954
0.016676400000000001 0.101339 -0.0135792
0.028967099999999999 0.10496 -0.014784800000000001
-0.034733600000000003 0.110011 -0.0155709
-0.036344500000000002 0.112748 -0.0152389
0.025907800000000002 0.12520400000000001 -0.013292
-0.028901900000000001 0.135107 -0.015411899999999999
-0.033703799999999999 0.13993900000000001 -0.013437599999999999
-0.0286544 0.15340599999999999 -0.0154155
-0.018537700000000001 0.166689 -0.0155169
-0.0208991 0.18138599999999999 -0.015318999999999999
0.029011200000000001 0.18206 -0.0134035
-0.0265571 0.191444 -0.0153416
-0.0061187899999999998 0.211258 -0.0152382
-0.026934199999999998 0.214479 -0.015092
0.031570800000000003 0.21545400000000001 -0.0137675
0.0091557300000000008 0.22009699999999999 -0.0153592
0.0075370699999999999 0.221774 -0.013761300000000001
-0.017291399999999998 0.22112999999999999 -0.014180699999999999
0.0050207200000000002 0.22523299999999999 -0.015615
0.032532899999999997 0.23053899999999999 -0.0145728
0.032308900000000002 0.23669100000000001 -0.0153189
-0.016600899999999998 0.24063300000000001 -0.0140562
-0.0072378399999999997 0.242785 -0.013770599999999999
-0.017367400000000002 0.243782 -0.015332500000000001
0.016496899999999998 0.24551000000000001 -0.013469699999999999
-0.037666499999999999 0.079565200000000003 -0.013495
0.0053550000000000004 0.082471299999999997 -0.014702099999999999
-0.029957500000000001 0.106542 -0.0150651
-0.034005199999999999 0.13433700000000001 -0.0134824
-0.031977400000000003 0.134102 -0.013742799999999999
0.0062467 0.22489500000000001 -0.015238099999999999
0.030740400000000001 0.056021799999999997 -0.0133496
0.016107400000000001 0.061045200000000001 -0.013378599999999999
-0.028682599999999999 0.0792022 -0.013980100000000001
0.0169476 0.083637500000000004 -0.014174600000000001
-0.031617300000000001 0.0853994 -0.0133122
-0.028636700000000001 0.085116399999999995 -0.0131828
0.026148100000000001 0.107373 -0.013621599999999999
-0.036807699999999999 0.110001 -0.013599200000000001
-0.034706000000000001 0.11576699999999999 -0.013485499999999999
-0.028082599999999999 0.119173 -0.013228699999999999
-0.034175200000000003 0.125527 -0.013439400000000001
-0.028862700000000002 0.129468 -0.0149011
-0.026946299999999999 0.13443099999999999 -0.013639099999999999
-0.028557599999999999 0.13422300000000001 -0.0136845
-0.0264169 0.15215899999999999 -0.0132132
-0.019716000000000001 0.16728100000000001 -0.0133431
-0.017767999999999999 0.17074300000000001 -0.014377600000000001
-0.0213466 0.18249000000000001 -0.014808399999999999
-0.0260834 0.18562200000000001 -0.0148118
-0.025793099999999999 0.18803500000000001 -0.014623199999999999
0.0307716 0.18778800000000001 -0.013481699999999999
0.0307377 0.20352899999999999 -0.013343499999999999
-0.0042906999999999997 0.215424 -0.013253600000000001
0.031370200000000001 0.218218 -0.0133493
-0.014258 0.218087 -0.0142636
0.0110884 0.21931899999999999 -0.014161
0.0292438 0.22090799999999999 -0.0132213
-0.023800600000000002 0.221918 -0.0150773
0.031307599999999998 0.22178300000000001 -0.0135347
0.0037809699999999998 0.22428500000000001 -0.0135706
0.0027095700000000001 0.23066800000000001 -0.013598000000000001
-0.021934700000000001 0.23976600000000001 -0.014586500000000001
0.024835900000000001 0.24133499999999999 -0.014338099999999999
0.0075527099999999998 0.245562 -0.013267599999999999
-0.0018556099999999999 0.245755 -0.013521099999999999
-0.0046747500000000001 0.061037300000000003 -0.01371
0.0070815000000000001 0.060999499999999998 -0.0135975
-0.022456 0.061196899999999999 -0.014376699999999999
-0.0099768300000000008 0.061108299999999997 -0.0139808
0.0337265 0.061994399999999998 -0.0132888
0.0258864 0.079382999999999995 -0.013853600000000001
-0.0021978900000000001 0.089085600000000001 -0.014113799999999999
-0.032023500000000003 0.106944 -0.014009499999999999
-0.028719600000000001 0.123809 -0.0147148
-0.034799499999999997 0.12845999999999999 -0.013655199999999999
0.0290779 0.140239 -0.013525000000000001
-0.028876599999999999 0.15190100000000001 -0.0140395
-0.022358900000000001 0.18509600000000001 -0.013639800000000001
-0.025568400000000002 0.203565 -0.0136306
-0.021571099999999999 0.24266299999999999 -0.014855800000000001
0.001694 0.061012900000000002 -0.0136975
-0.00745001 0.061066599999999999 -0.013373400000000001
0.019625299999999998 0.079577899999999993 -0.0133039
-0.034566800000000002 0.0796486 -0.013506799999999999
-0.037712900000000001 0.086006600000000002 -0.0130186
-0.010994800000000001 0.089193800000000004 -0.013406299999999999
-0.00139047 0.090712500000000001 -0.012874699999999999
0.0257573 0.100887 -0.0131599
0.022601699999999999 0.101414 -0.013994700000000001
-0.0287158 0.131582 -0.0144539
-0.017642700000000001 0.17349600000000001 -0.0141467
-0.0128792 0.21277499999999999 -0.0130166
0.016457900000000001 0.21597 -0.013325500000000001
0.00098409699999999997 0.234014 -0.0130136
0.0105185 0.23976500000000001 -0.0134561
0.0195988 0.240814 -0.0134939
0.010903700000000001 0.24271799999999999 -0.013266
0.0131282 0.24273600000000001 -0.013139100000000001
0.0287222 0.055260099999999999 -0.013321
-0.032846899999999998 0.057080499999999999 -0.012980200000000001
-0.0382032 0.057660400000000001 -0.0131287
0.031311600000000002 0.0588172 -0.0132491
0.0226716 0.0587827 -0.012922299999999999
-0.042960900000000003 0.059645700000000003 -0.0130186
0.020153000000000001 0.060847100000000001 -0.0136484
0.013630400000000001 0.0610693 -0.013417200000000001
-0.044385399999999998 0.061789499999999997 -0.0130379
-0.045483299999999997 0.065010499999999999 -0.0129388
-0.045459800000000002 0.067728800000000006 -0.012837599999999999
0.033492800000000003 0.069739599999999999 -0.0128553
0.032004400000000002 0.071393899999999996 -0.0130581
0.029955499999999999 0.073937900000000001 -0.0131804
0.031184699999999999 0.076655799999999996 -0.012867699999999999
-0.041155400000000002 0.079329999999999998 -0.012897199999999999
0.030980500000000001 0.079093800000000006 -0.0129541
0.00126457 0.079527799999999996 -0.0134328
0.016329300000000001 0.085633500000000001 -0.012798
-0.040023299999999998 0.088884599999999994 -0.012926399999999999
-0.0042856099999999996 0.088796399999999998 -0.0129152
0.0139472 0.089071300000000006 -0.012963499999999999
-0.0251679 0.0903201 -0.0127274
-0.0079636900000000007 0.091136300000000003 -0.012914
0.0139858 0.098221900000000001 -0.0132622
0.0289074 0.100379 -0.0130154
-0.030816799999999998 0.100878 -0.0130826
-0.0300675 0.10315199999999999 -0.0137631
0.0223544 0.10341599999999999 -0.012854000000000001
0.0246181 0.10899399999999999 -0.012948100000000001
0.023751000000000001 0.110676 -0.012982199999999999
-0.032018600000000001 0.115894 -0.0129809
0.0239118 0.115867 -0.012906600000000001
0.025024000000000001 0.121375 -0.0128974
0.026754500000000001 0.12873200000000001 -0.012874
0.0275287 0.13172900000000001 -0.012934899999999999
-0.034641499999999999 0.13154299999999999 -0.0129874
-0.031741900000000003 0.137293 -0.0134577
0.028793900000000001 0.13736599999999999 -0.012879
-0.032979099999999997 0.14104900000000001 -0.013101
-0.032921300000000001 0.14262 -0.012597199999999999
-0.0319785 0.14657100000000001 -0.0134155
-0.031809900000000002 0.149199 -0.0130435
0.0301161 0.150169 -0.0143284
0.029552200000000001 0.15238599999999999 -0.0136718
0.0290225 0.15482399999999999 -0.0129531
-0.023245499999999999 0.1615 -0.0133145
-0.0217691 0.16442499999999999 -0.0131036
0.024916299999999999 0.16753199999999999 -0.0130186
0.024795999999999999 0.17321300000000001 -0.013127399999999999
0.0262446 0.17621200000000001 -0.0130776
-0.019162200000000001 0.17901700000000001 -0.0132557
-0.020393100000000001 0.18185100000000001 -0.0131959
-0.0253887 0.19117999999999999 -0.0141441
-0.025155500000000001 0.19425000000000001 -0.013724699999999999
0.031983900000000003 0.20094999999999999 -0.0131123
-0.025286900000000001 0.20665700000000001 -0.0130195
0.030436399999999999 0.20958599999999999 -0.013517700000000001
-0.0078125999999999994 0.210562 -0.013198700000000001
-0.0068428100000000004 0.21209600000000001 -0.012825700000000001
-0.0053323600000000004 0.21335799999999999 -0.014060400000000001
-0.0134678 0.21507999999999999 -0.0137114
0.014261599999999999 0.216775 -0.014308299999999999
0.0135195 0.218108 -0.0130343
0.0019548999999999999 0.220888 -0.012737500000000001
0.0212134 0.219776 -0.012852499999999999
0.023052099999999999 0.22120100000000001 -0.0130323
0.031510999999999997 0.224494 -0.0129712
0.0070859299999999998 0.226942 -0.0131006
0.028772300000000001 0.22789699999999999 -0.013576899999999999
0.028575099999999999 0.23083100000000001 -0.013180900000000001
0.028321700000000002 0.23419699999999999 -0.0130422
0.032035800000000003 0.23485500000000001 -0.012824800000000001
0.0269877 0.23508000000000001 -0.0138473
0.026178900000000001 0.237013 -0.013488200000000001
0.029035700000000001 0.236847 -0.0136644
-0.0045984600000000004 0.239648 -0.013146100000000001
0.028418300000000001 0.23940600000000001 -0.014088
0.027206500000000002 0.24138599999999999 -0.014268899999999999
-0.0044379700000000003 0.242786 -0.013229100000000001
-0.0135722 0.245559 -0.012958799999999999
-0.0030566199999999999 0.24429300000000001 -0.014339599999999999
-0.0101756 0.247059 -0.0127799
0.00034875900000000003 0.24712100000000001 -0.014201099999999999
0.0039478400000000002 0.24740200000000001 -0.012991000000000001
0.0107315 0.061021499999999999 -0.0136892
-0.0045994299999999998 0.079270599999999997 -0.0129734
0.0070508300000000001 0.085140300000000002 -0.0129826
0.028781500000000002 0.107157 -0.013167
0.030808499999999999 0.10684100000000001 -0.0127528
0.0271302 0.15961700000000001 -0.013646800000000001
-0.016828599999999999 0.21815399999999999 -0.013073599999999999
-0.022780000000000002 0.21870899999999999 -0.012720800000000001
-0.033457500000000001 0.058674200000000003 -0.0125693
-0.025815399999999999 0.0612534 -0.0128662
-0.042144399999999999 0.072319099999999997 -0.0130934
0.0065162299999999996 0.079805299999999996 -0.012743000000000001
0.0069072700000000001 0.092200099999999993 -0.012658000000000001
-0.0234223 0.19109300000000001 -0.0127353
0.030116 0.20897199999999999 -0.013495500000000001
0.0185139 0.216614 -0.0126727
-0.033887800000000003 0.094601699999999997 -0.012786799999999999
-0.025590399999999999 0.079194100000000003 -0.012780100000000001
0.031572299999999998 0.15201799999999999 -0.012557799999999999
0.033438700000000002 0.22786300000000001 -0.012652699999999999
-0.0121908 0.080288799999999994 -0.0121639
0.020272700000000001 0.106252 -0.012405299999999999
-0.027084400000000002 0.13659299999999999 -0.0123897
-0.023979400000000001 0.195081 -0.0124344
0.033947199999999997 0.200151 -0.0124183
0.026027600000000001 0.22180900000000001 -0.0125408
0.023778899999999999 0.054264800000000002 -0.0121332
-0.042278900000000001 0.077337000000000003 -0.0121893
-0.012275400000000001 0.085263800000000001 -0.0122189
0.0082208999999999997 0.092909900000000004 -0.0118306
0.0130098 0.095302799999999993 -0.0110364
0.030785199999999999 0.10137699999999999 -0.0108296
-0.034028700000000002 0.104911 -0.0120734
-0.029020799999999999 0.13842699999999999 -0.011553300000000001
0.031751300000000003 0.14308899999999999 -0.0108138
0.027340300000000001 0.16012100000000001 -0.012608899999999999
0.024627599999999999 0.17367199999999999 -0.0107166
0.031752700000000002 0.19148699999999999 -0.011478800000000001
0.0320316 0.20368 -0.010876500000000001
-0.014156500000000001 0.21167 -0.011665999999999999
-0.0152695 0.21528800000000001 -0.012480099999999999
-0.0033011999999999998 0.21715899999999999 -0.012267999999999999
0.0028713900000000001 0.22812099999999999 -0.0123754
0.031881100000000002 0.23360800000000001 -0.0115055
0.0101698 0.24035100000000001 -0.011510899999999999
0.010563599999999999 0.24240600000000001 -0.0115198
-0.010434300000000001 0.24551300000000001 -0.0116171
-0.00071806699999999997 0.24535799999999999 -0.011693200000000001
-0.036743499999999998 0.057177800000000001 -0.0123035
-0.023224600000000001 0.079945000000000002 -0.0108822
0.0126877 0.092189300000000002 -0.0107828
-0.034798599999999999 0.095418100000000006 -0.010668800000000001
0.027370999999999999 0.13171099999999999 -0.0104072
-0.028641300000000001 0.13366900000000001 -0.0106534
-0.028778499999999999 0.14869499999999999 -0.011103200000000001
0.0344309 0.176229 -0.0124043
0.0322654 0.17665600000000001 -0.012283199999999999
0.034522600000000001 0.17920900000000001 -0.0123841
0.034361700000000002 0.18177599999999999 -0.012292600000000001
-0.023021099999999999 0.215363 -0.011596499999999999
0.026036400000000001 0.218309 -0.0106458
-0.00315293 0.238096 -0.0120378
-0.0128518 0.061130499999999997 -0.0107308
-0.029003899999999999 0.0801925 -0.0103851
0.0078623700000000005 0.079746700000000004 -0.010541
-0.0105641 0.079454800000000006 -0.010371
0.023332499999999999 0.10510799999999999 -0.011680400000000001
0.024316999999999998 0.119145 -0.0115107
-0.022089999999999999 0.164132 -0.0105719
0.032537499999999997 0.17360100000000001 -0.0120786
0.028835 0.21788299999999999 -0.010969
-0.0153916 0.24345900000000001 -0.012042600000000001
-0.043015299999999999 0.059463599999999998 -0.0105796
0.010208 0.061045200000000001 -0.01056
-0.010301899999999999 0.061097899999999997 -0.011071299999999999
-0.044177300000000003 0.070733299999999999 -0.010387499999999999
-0.0262229 0.079783400000000004 -0.010470399999999999
0.020527699999999999 0.080038600000000001 -0.0119098
0.026199500000000001 0.079196699999999995 -0.0104487
-0.020826299999999999 0.083211300000000002 -0.0116399
-0.0206473 0.086353100000000002 -0.011361700000000001
-0.040132000000000001 0.091750200000000004 -0.0104609
0.029193199999999999 0.101766 -0.010643100000000001
0.016705600000000001 0.10391 -0.0103284
-0.034579600000000002 0.104604 -0.010407700000000001
0.0196063 0.109961 -0.0109576
-0.035073100000000003 0.124903 -0.010370000000000001
0.025476200000000001 0.12523300000000001 -0.010847600000000001
-0.031440099999999999 0.14901500000000001 -0.011143
0.031577899999999999 0.15529299999999999 -0.011789600000000001
0.029311199999999999 0.15672700000000001 -0.011690600000000001
-0.0230286 0.161774 -0.0104736
0.0347499 0.17039499999999999 -0.010448000000000001
0.031449400000000002 0.17061200000000001 -0.0109225
-0.0187347 0.173539 -0.010674100000000001
0.033833200000000001 0.18404100000000001 -0.012097399999999999
-0.022399599999999999 0.19144600000000001 -0.0102462
0.031480500000000002 0.20677300000000001 -0.010550199999999999
0.031901499999999999 0.209366 -0.0103284
0.0325429 0.21240400000000001 -0.0106762
-0.0049907299999999996 0.21597 -0.010752899999999999
0.019442000000000001 0.215276 -0.0104127
-0.0014450400000000001 0.21947700000000001 -0.0108904
0.0333221 0.22061800000000001 -0.0105042
0.0072346700000000003 0.22450400000000001 -0.010656199999999999
0.031665400000000003 0.22714200000000001 -0.010661500000000001
0.0028842 0.227742 -0.011939200000000001
0.0067789399999999998 0.230929 -0.011026599999999999
-0.0011573 0.23688300000000001 -0.011460400000000001
-0.0040873400000000001 0.24012800000000001 -0.011475900000000001
-0.0067468099999999998 0.24318899999999999 -0.0115718
-0.0076333499999999997 0.245253 -0.011505400000000001
0.0042139400000000002 0.24565000000000001 -0.0108231
0.0044815000000000002 0.061029300000000002 -0.010522500000000001
-0.025924699999999998 0.061275900000000001 -0.0106377
-0.0128302 0.080050499999999997 -0.0098732000000000004
-0.025993100000000002 0.085715100000000002 -0.010311499999999999
0.0086884200000000005 0.088955300000000001 -0.011773199999999999
-0.023223799999999999 0.091392399999999999 -0.0099939399999999998
0.034468600000000002 0.15833 -0.0107119
0.0344999 0.16458200000000001 -0.010827099999999999
0.031768100000000001 0.16769800000000001 -0.0109157
0.029057900000000001 0.178261 -0.011539300000000001
0.032722399999999999 0.188303 -0.011665999999999999
-0.0104385 0.20946899999999999 -0.010671699999999999
-0.022319700000000001 0.21229200000000001 -0.0113391
0.033284399999999999 0.21895700000000001 -0.011148
0.023247 0.055840599999999997 -0.0103821
0.026032099999999999 0.0538912 -0.0100848
0.031575699999999998 0.0556585 -0.0103369
-0.033156400000000003 0.057067899999999998 -0.0109774
-0.033799200000000001 0.059120499999999999 -0.010177
-0.040189299999999997 0.057913199999999998 -0.0102179
-0.031787700000000002 0.061147699999999999 -0.0100269
-0.044639499999999999 0.061552000000000003 -0.010208200000000001
-0.0042059999999999997 0.060997900000000001 -0.01021
-0.0012685000000000001 0.061014100000000002 -0.010314200000000001
0.00752317 0.0610406 -0.010564199999999999
-0.0288822 0.061304400000000002 -0.010244899999999999
-0.0452322 0.062771900000000005 -0.010191499999999999
0.034873500000000002 0.064778500000000003 -0.010358900000000001
0.034693599999999998 0.067998699999999995 -0.010160000000000001
0.0337135 0.069933599999999999 -0.0101557
0.0320895 0.071787799999999999 -0.010145400000000001
-0.041366100000000003 0.073515399999999995 -0.010282299999999999
-0.042488499999999998 0.077150499999999997 -0.010148300000000001
0.031184 0.079252000000000003 -0.0102763
-0.0013766500000000001 0.079282000000000005 -0.0104581
-0.037590899999999997 0.079569699999999993 -0.0101382
0.018867200000000001 0.0853376 -0.0098859499999999993
-0.0129403 0.085220599999999994 -0.0100207
-0.031787700000000002 0.085986000000000007 -0.0102971
-0.0400562 0.086529499999999995 -0.011127700000000001
0.015551499999999999 0.087541300000000002 -0.0101887
-0.011879300000000001 0.089851 -0.010366999999999999
-0.028817800000000001 0.089716699999999996 -0.010121
-0.026155399999999999 0.090369900000000003 -0.0103879
-0.0069574600000000004 0.091245499999999993 -0.010385999999999999
0.0044377100000000001 0.092661800000000002 -0.0108004
-0.037977400000000001 0.092757800000000001 -0.010901900000000001
0.013527600000000001 0.10138999999999999 -0.010063799999999999
-0.032194399999999998 0.10359699999999999 -0.0104878
0.0165311 0.102462 -0.0113489
0.030685299999999999 0.10426299999999999 -0.010001700000000001
0.030589399999999999 0.107492 -0.010354
0.017750800000000001 0.10681400000000001 -0.0101098
-0.0372725 0.107025 -0.010391900000000001
0.028591599999999998 0.107792 -0.010021499999999999
0.026339000000000001 0.107277 -0.0102585
-0.0382505 0.11308600000000001 -0.0101832
0.022474299999999999 0.11271200000000001 -0.010262800000000001
0.0225711 0.11573 -0.010190299999999999
-0.0291364 0.11609999999999999 -0.010241399999999999
0.024532100000000001 0.121989 -0.0104197
-0.0286462 0.121304 -0.0102776
-0.033958700000000001 0.122362 -0.0102098
0.026178199999999999 0.12830900000000001 -0.0101806
-0.035176699999999998 0.131637 -0.0100249
0.0280907 0.13408800000000001 -0.010399800000000001
-0.0317927 0.13369900000000001 -0.010142099999999999
-0.0264946 0.137321 -0.010234399999999999
-0.032284100000000003 0.13847699999999999 -0.0105205
-0.034437200000000001 0.14017199999999999 -0.0098907400000000003
-0.031623800000000001 0.14008300000000001 -0.0099549700000000005
-0.033462100000000002 0.14418800000000001 -0.011001
-0.033396200000000001 0.144928 -0.0109756
-0.026893500000000001 0.14947199999999999 -0.0098691600000000001
-0.0247584 0.15745600000000001 -0.010152700000000001
-0.023817899999999999 0.15915299999999999 -0.0098781600000000004
0.031870200000000001 0.16154099999999999 -0.0114404
0.034531399999999997 0.16189300000000001 -0.0104946
0.026264900000000001 0.16498699999999999 -0.0105095
-0.021432199999999998 0.16584499999999999 -0.0108047
-0.0201759 0.16759099999999999 -0.0101742
0.024383200000000001 0.169872 -0.010482999999999999
0.034685300000000002 0.17352400000000001 -0.0103239
0.034697899999999997 0.176263 -0.010186300000000001
0.028473399999999999 0.17611099999999999 -0.0105424
-0.0194118 0.179204 -0.010104699999999999
-0.021524700000000001 0.18635099999999999 -0.0106255
-0.021656600000000002 0.18790299999999999 -0.0101609
0.034565100000000001 0.197356 -0.0102474
-0.022659599999999998 0.20111100000000001 -0.0099843399999999995
-0.023093099999999998 0.206593 -0.0103911
-0.022644000000000001 0.20955399999999999 -0.010807000000000001
-0.0085357000000000002 0.21074599999999999 -0.010901299999999999
-0.0064878899999999996 0.21510699999999999 -0.0099838400000000008
0.017091599999999998 0.216254 -0.0102918
0.032248100000000002 0.21829899999999999 -0.00990714
-0.0033761899999999998 0.21820200000000001 -0.0101072
0.030121100000000001 0.220273 -0.010244899999999999
0.0014884 0.2218 -0.010205799999999999
0.012331699999999999 0.22046499999999999 -0.0101333
0.031656799999999999 0.221604 -0.010188300000000001
0.0037148699999999999 0.22459699999999999 -0.0102065
0.0317331 0.22450700000000001 -0.010355400000000001
0.033387800000000002 0.22835 -0.0112541
0.031768600000000001 0.230299 -0.0105915
0.029896200000000001 0.23128699999999999 -0.011164500000000001
0.0044160700000000002 0.234233 -0.011125100000000001
0.00132587 0.23666599999999999 -0.011002100000000001
0.0071386799999999997 0.24273400000000001 -0.010793499999999999
0.017371999999999999 0.061067200000000002 -0.0104029
-0.0199247 0.061166199999999997 -0.0103975
0.0048151899999999996 0.0793402 -0.0100702
-0.034608399999999997 0.086602299999999993 -0.0099478299999999995
-0.0042878400000000002 0.0912134 -0.0103737
-0.0011612199999999999 0.091331300000000004 -0.010372599999999999
0.0195584 0.112745 -0.0101624
-0.026631999999999999 0.13466700000000001 -0.0097885000000000003
-0.0286942 0.139962 -0.0099402399999999995
-0.025796800000000002 0.154807 -0.0102068
0.033953200000000003 0.19139999999999999 -0.010145
-0.019441799999999999 0.212455 -0.0109225
0.0071149400000000002 0.239846 -0.010669100000000001
0.029012900000000001 0.079389699999999994 -0.010211
0.0201543 0.115672 -0.0101916
0.029878499999999999 0.17433599999999999 -0.010191199999999999
0.0336073 0.202629 -0.0100593
-0.0289682 0.091669600000000004 -0.0097733799999999999
-0.036218500000000001 0.12879199999999999 -0.0101026
0.033409000000000001 0.146256 -0.0100328
0.0285889 0.16431899999999999 -0.0099061400000000008
0.0016126700000000001 0.239484 -0.0101081
0.02222 0.121332 -0.0099089899999999995
-0.028415200000000002 0.14623700000000001 -0.010225100000000001
0.033546600000000003 0.19439600000000001 -0.00992176
-0.037389499999999999 0.087752200000000002 -0.0095970499999999993
0.028960099999999999 0.20960000000000001 -0.0100337
0.0048157699999999996 0.239844 -0.0097797600000000002
0.0313429 0.054075600000000001 -0.0094186300000000008
-0.042559600000000003 0.072383699999999995 -0.0094786200000000001
-0.024005599999999998 0.090334700000000004 -0.0092807400000000009
0.010570400000000001 0.097693000000000002 -0.0096622600000000006
0.014075300000000001 0.10313600000000001 -0.0094425900000000007
0.019992900000000001 0.119149 -0.0094609199999999994
-0.027073199999999999 0.145456 -0.0093074799999999999
-0.020950099999999999 0.1656 -0.0093642800000000009
0.023953599999999999 0.17272899999999999 -0.0096049299999999994
-0.012922599999999999 0.20754700000000001 -0.0092347499999999999
0.029018700000000001 0.21523500000000001 -0.0097990400000000002
0.022731100000000001 0.215388 -0.0094918599999999995
0.022431099999999999 0.12668099999999999 -0.0092137699999999996
0.019472699999999999 0.21332999999999999 -0.0092100800000000007
0.023275400000000002 0.0592489 -0.0075080299999999997
0.023066799999999998 0.083075800000000005 -0.0079999700000000003
-0.040497100000000001 0.092418200000000006 -0.0074480800000000002
-0.036184300000000003 0.10523 -0.0093431999999999994
-0.037741200000000003 0.106848 -0.0075792799999999999
0.0226985 0.128493 -0.0083310999999999993
0.024662799999999999 0.16944000000000001 -0.0085437699999999991
0.029179 0.17669499999999999 -0.0077759200000000004
0.029075699999999999 0.20393900000000001 -0.0092013100000000007
0.0261376 0.20958199999999999 -0.0092882899999999994
0.031553900000000003 0.218781 -0.0085579499999999999
0.0012315 0.061042699999999998 -0.0075975000000000001
0.019273800000000001 0.061044800000000003 -0.0075470600000000004
-0.023581100000000001 0.084462800000000005 -0.00897038
0.0013609 0.092797500000000005 -0.0079416799999999996
0.016461 0.106962 -0.0082555300000000005
0.019336099999999998 0.122318 -0.0073011200000000004
0.031724099999999998 0.14613799999999999 -0.0078549699999999993
-0.018502600000000001 0.16933000000000001 -0.0079035600000000004
-0.017943500000000001 0.171179 -0.0091443199999999992
-0.019222599999999999 0.206619 -0.0087545799999999997
0.026643300000000002 0.212452 -0.0091455200000000007
-0.00138174 0.22087599999999999 -0.0075770300000000002
0.0044125199999999996 0.22358 -0.0075934499999999999
0.0074919799999999996 0.061083600000000002 -0.0078236899999999995
-0.019112199999999999 0.0611738 -0.00792875
-0.0137185 0.061130299999999999 -0.0077724999999999999
0.0099765500000000007 0.079602300000000001 -0.0069813100000000001
-0.0136072 0.080156400000000003 -0.0066907199999999998
-0.032047100000000002 0.088795700000000005 -0.00717266
-0.023129299999999998 0.090195700000000004 -0.0071998100000000001
-0.026114100000000001 0.089248999999999995 -0.0067381899999999998
-0.022444800000000001 0.092420600000000006 -0.00711599
-0.00435506 0.092016600000000004 -0.0071656699999999999
0.029033900000000001 0.106916 -0.0076737300000000001
0.022963899999999999 0.13045799999999999 -0.0073945900000000004
-0.031996799999999999 0.133266 -0.0082305499999999997
0.032425200000000001 0.14882300000000001 -0.0077393200000000001
-0.022714600000000001 0.161215 -0.0073575799999999998
0.031599299999999997 0.164878 -0.0069176100000000003
-0.0183305 0.17372499999999999 -0.0086428800000000004
0.030094200000000002 0.17424500000000001 -0.0083111299999999999
0.025491300000000001 0.17912500000000001 -0.0082378599999999996
0.028162800000000002 0.20303099999999999 -0.00894673
0.025437999999999999 0.21262500000000001 -0.0089122200000000002
0.023099399999999999 0.21259400000000001 -0.0088203099999999996
0.025422500000000001 0.053092199999999999 -0.00702836
0.031638100000000002 0.055873899999999997 -0.0070674700000000002
-0.034741500000000002 0.056529099999999999 -0.0072338899999999998
-0.034044400000000002 0.059167400000000002 -0.0072724699999999996
0.032129600000000001 0.059058600000000003 -0.00721881
-0.043118099999999999 0.059434599999999997 -0.0072482900000000001
-0.033388099999999997 0.0610734 -0.0072247500000000003
-0.0071670400000000004 0.0618434 -0.0070707599999999997
-0.0013309999999999999 0.061022199999999999 -0.0076787499999999998
0.016293999999999999 0.061153199999999998 -0.0074912499999999996
-0.045432 0.0629493 -0.0071034899999999996
-0.045969299999999998 0.065309000000000006 -0.0072038600000000003
0.034805900000000001 0.068121299999999996 -0.0072501800000000002
0.033876999999999997 0.069977700000000004 -0.0071603300000000003
0.032194899999999999 0.071829299999999999 -0.0072344799999999997
-0.042442100000000003 0.072507799999999997 -0.0072011999999999996
-0.041304599999999997 0.073685600000000004 -0.0071476600000000001
0.031683099999999999 0.076497099999999998 -0.0075402799999999999
0.025973300000000001 0.079692299999999994 -0.0078577000000000004
0.031517799999999999 0.079114500000000004 -0.0070112400000000002
-0.0424473 0.078936699999999999 -0.0070977000000000002
-0.040523099999999999 0.0796708 -0.0072184299999999996
-0.031693699999999998 0.079823199999999997 -0.0073785099999999996
-0.0286737 0.080081200000000005 -0.00755545
0.010409 0.082838899999999993 -0.0073134200000000002
-0.013895299999999999 0.082797499999999996 -0.0071873299999999996
0.020059500000000001 0.085785600000000004 -0.00745365
-0.013646200000000001 0.086398100000000005 -0.0076050500000000004
0.0128871 0.086180900000000005 -0.0069184700000000003
0.015836800000000002 0.087957300000000002 -0.0074419899999999999
0.014130999999999999 0.088284000000000001 -0.0076919199999999997
-0.031290800000000001 0.091615000000000002 -0.0070150000000000004
-0.013103099999999999 0.089490100000000003 -0.0073493200000000003
-0.0013890700000000001 0.092491400000000001 -0.0072486699999999996
-0.026935799999999999 0.093360899999999997 -0.0082795999999999998
-0.023530100000000002 0.094222500000000001 -0.0070830700000000003
-0.040014899999999999 0.094592800000000005 -0.0070725400000000004
0.0063875299999999998 0.096296800000000002 -0.0073471500000000002
-0.035635800000000002 0.096209000000000003 -0.0079220200000000001
-0.034316100000000002 0.097685599999999997 -0.0069358900000000001
0.0095103700000000006 0.099154400000000004 -0.0072824500000000002
-0.032056099999999997 0.10131900000000001 -0.00705816
0.029428800000000001 0.10227799999999999 -0.0083336
-0.032070399999999999 0.103864 -0.0069800699999999997
0.015588299999999999 0.104542 -0.0081660699999999992
-0.034999599999999999 0.10484 -0.0070697299999999998
0.030548599999999999 0.107237 -0.0076519400000000003
0.030467500000000002 0.108544 -0.0083363199999999995
0.016650000000000002 0.109863 -0.0074640799999999997
0.016699499999999999 0.112653 -0.0071356700000000002
-0.0355252 0.114693 -0.0081972199999999999
-0.030919700000000001 0.114952 -0.0080054299999999991
0.0187546 0.118448 -0.0075598799999999997
-0.027951500000000001 0.118066 -0.0075989100000000004
-0.0315958 0.12174599999999999 -0.0074648500000000003
0.023507 0.122822 -0.0087194899999999999
0.020125299999999999 0.12520300000000001 -0.00746928
0.023807100000000001 0.12560399999999999 -0.0083428100000000009
-0.034352100000000003 0.131271 -0.0078045500000000004
-0.025850700000000001 0.13439400000000001 -0.0073591400000000001
0.0291445 0.13697500000000001 -0.0071243799999999996
-0.034349499999999998 0.14024400000000001 -0.0074639900000000002
0.030055700000000001 0.13965900000000001 -0.00719135
-0.028921599999999999 0.14045099999999999 -0.0072953899999999997
-0.027963200000000001 0.14282 -0.0070020999999999998
0.032592299999999998 0.15173 -0.0071747599999999996
-0.025887199999999999 0.15245600000000001 -0.0071573799999999996
0.0342463 0.158086 -0.0076750100000000003
-0.023611500000000001 0.15826200000000001 -0.0072423499999999998
0.028510899999999999 0.16409099999999999 -0.0069641299999999998
0.025244099999999998 0.166965 -0.0073490200000000004
-0.019737399999999999 0.16744300000000001 -0.00741569
0.031761900000000003 0.16772000000000001 -0.0068869600000000001
-0.017497200000000001 0.17068 -0.0072689299999999998
0.033633900000000001 0.1736 -0.0078186000000000002
0.022447399999999999 0.17338300000000001 -0.0071980500000000001
-0.0187108 0.176506 -0.0077520499999999999
0.028667000000000002 0.17893899999999999 -0.0073344999999999999
-0.0190828 0.17927299999999999 -0.0069616799999999996
0.034493299999999998 0.18213299999999999 -0.0083032999999999996
-0.020383800000000001 0.18797 -0.0071987500000000003
-0.0200749 0.191465 -0.0071987400000000003
-0.021541999999999999 0.192466 -0.0086838699999999998
0.028948499999999999 0.19161300000000001 -0.0079088600000000002
0.033898999999999999 0.195186 -0.0072549099999999998
-0.0197938 0.20060600000000001 -0.0074461700000000002
-0.019515899999999999 0.203765 -0.0079467800000000005
0.0335774 0.202877 -0.0073422899999999996
0.027165999999999999 0.20519999999999999 -0.0088280200000000007
0.0255049 0.20641899999999999 -0.0085483699999999996
0.0226979 0.206625 -0.0079273599999999996
0.022404899999999998 0.20962900000000001 -0.0086672899999999994
0.031375899999999998 0.20957999999999999 -0.0080604600000000002
-0.0072854599999999997 0.21266399999999999 -0.00727722
0.031348000000000001 0.215089 -0.0084339399999999991
0.017767399999999999 0.21635599999999999 -0.0069245599999999997
0.016172300000000001 0.218468 -0.00722012
0.0131237 0.220998 -0.0070772400000000003
0.010651300000000001 0.22220100000000001 -0.0073099799999999998
0.0083834600000000006 0.22295300000000001 -0.0076455899999999999
0.028693900000000001 0.053304499999999998 -0.00763155
0.0105232 0.061092899999999999 -0.0073694700000000004
-0.028773699999999999 0.061338900000000002 -0.00734967
-0.0014044999999999999 0.079261799999999993 -0.0074806600000000001
0.0046037700000000001 0.079366400000000004 -0.0072931200000000002
0.011321599999999999 0.085463200000000003 -0.0079049900000000006
-0.0319066 0.11336499999999999 -0.0070487900000000001
-0.028480200000000001 0.13134699999999999 -0.0072822599999999996
-0.026627999999999999 0.14877699999999999 -0.0071654600000000002
0.033656199999999997 0.152833 -0.0084968600000000002
0.033990399999999997 0.17633299999999999 -0.00826906
-0.020494499999999999 0.18510499999999999 -0.0068867800000000003
-0.0213507 0.19727900000000001 -0.0079451499999999998
0.028766300000000002 0.19745499999999999 -0.0074506299999999998
0.0254232 0.20088 -0.0078824700000000008
0.0198341 0.20952000000000001 -0.0073379200000000004
0.028487599999999998 0.079421599999999995 -0.0069033799999999998
0.030481500000000002 0.102504 -0.0083066200000000007
-0.026226800000000002 0.131741 -0.0068097000000000001
-0.017341800000000001 0.17599400000000001 -0.0068821899999999998
0.0284791 0.182007 -0.0070736799999999997
0.0258233 0.19475999999999999 -0.0075520400000000003
0.018643900000000001 0.21460699999999999 -0.0068996500000000002
0.0132003 0.061141000000000001 -0.0070225000000000001
0.028760399999999998 0.18818599999999999 -0.0071930400000000004
0.0260576 0.19126199999999999 -0.0077477700000000002
0.019833900000000002 0.20655100000000001 -0.0070791099999999996
0.023506699999999998 0.16814799999999999 -0.0070068500000000002
0.032442100000000001 0.179151 -0.00699755
0.0286024 0.18543499999999999 -0.0068494300000000001
0.032332300000000001 0.181945 -0.0069222700000000003
-0.017229899999999999 0.19503300000000001 -0.0071822600000000002
-0.0162255 0.19733400000000001 -0.0069601899999999998
-0.012760799999999999 0.091189599999999996 -0.0065754799999999999
0.020251499999999999 0.12836600000000001 -0.0064833499999999997
0.023789399999999999 0.18565999999999999 -0.0065651399999999997
-0.019743199999999999 0.19401199999999999 -0.0064048400000000002
0.022679700000000001 0.20111200000000001 -0.0069472600000000002
-0.039506600000000003 0.057164 -0.0065425600000000002
0.0143231 0.107071 -0.0066361700000000003
0.016581499999999999 0.115746 -0.0066273599999999997
0.016719899999999999 0.118684 -0.0064006200000000001
-0.031934999999999998 0.141873 -0.00630774
0.021095300000000001 0.17127300000000001 -0.0065180699999999999
0.020950099999999999 0.172871 -0.0065557699999999998
0.023740500000000001 0.182008 -0.0064968300000000003
0.0231302 0.18851299999999999 -0.0065012000000000004
0.031652600000000003 0.19276699999999999 -0.0064611900000000003
0.0310595 0.19430900000000001 -0.0062640700000000001
-0.0200275 0.197793 -0.0065036299999999998
-0.013362600000000001 0.197826 -0.0066054199999999999
-0.0130782 0.20075999999999999 -0.0063699000000000004
0.019673199999999998 0.20376900000000001 -0.0066779700000000001
0.0204575 0.13065099999999999 -0.00626087
0.00211684 0.223221 -0.0064841500000000002
-0.028101000000000001 0.12941 -0.0063171599999999996
0.0201847 0.197966 -0.0063873300000000001
-0.034830800000000002 0.079706600000000002 -0.0045549500000000003
0.0228392 0.085191600000000006 -0.0049306300000000001
-0.025938200000000002 0.085873099999999994 -0.0046300600000000001
-0.034803199999999999 0.089343099999999995 -0.0055096900000000002
-0.0294057 0.095793500000000004 -0.0051578400000000003
-0.028378899999999999 0.097751199999999996 -0.0046529300000000004
0.0127911 0.107034 -0.0045170200000000001
-0.037266800000000003 0.109364 -0.0054257300000000001
-0.031740499999999998 0.11015 -0.0050666799999999996
0.0143795 0.112868 -0.0046980299999999997
-0.028847100000000001 0.12837499999999999 -0.0054902400000000004
-0.028607 0.14314199999999999 -0.00464381
0.028622100000000001 0.16329399999999999 -0.0050946699999999999
-0.021702900000000001 0.16375200000000001 -0.00490231
0.0317997 0.18171699999999999 -0.0047456800000000004
-0.0129908 0.196107 -0.0059297000000000004
0.0180793 0.201794 -0.0061423800000000002
-0.0015143400000000001 0.22129199999999999 -0.0046363699999999999
-0.014176100000000001 0.079926200000000003 -0.0046023000000000001
-0.025038000000000001 0.088563500000000003 -0.0050099599999999999
-0.022038599999999998 0.094792600000000005 -0.0046415199999999997
0.0052904900000000001 0.0969531 -0.0050231800000000004
0.0107659 0.103952 -0.0047083300000000002
-0.034481400000000002 0.11031100000000001 -0.0053614200000000004
0.0162822 0.11859 -0.0042949299999999998
0.018578000000000001 0.12553400000000001 -0.0041775199999999997
0.020437899999999998 0.13351199999999999 -0.0043867000000000003
0.021390300000000001 0.18775600000000001 -0.0056130800000000003
-0.016253699999999999 0.19084699999999999 -0.0056337000000000002
-0.0179303 0.19689499999999999 -0.0056312599999999999
-0.0100567 0.20880000000000001 -0.0044546500000000001
0.023820600000000001 0.054229699999999999 -0.0051734199999999998
0.0237541 0.055918900000000001 -0.0042047999999999999
-0.040240100000000001 0.056951700000000001 -0.0042040599999999999
-0.0340291 0.0592658 -0.0043830900000000001
0.019050899999999999 0.061103299999999999 -0.0046401300000000001
-0.025693199999999999 0.061339499999999998 -0.0045197600000000003
-0.013443500000000001 0.061141300000000003 -0.0045725000000000002
0.0105398 0.061161100000000003 -0.0041558300000000001
0.016637800000000001 0.061187900000000003 -0.0042412500000000002
-0.0048702800000000003 0.061584300000000002 -0.0047096999999999998
0.033809400000000003 0.070046499999999998 -0.0044321899999999999
-0.041808400000000003 0.076138300000000006 -0.0044173700000000003
0.0106975 0.079569100000000004 -0.0045961600000000002
-0.0073199099999999998 0.079410599999999998 -0.0041692700000000001
0.031224600000000002 0.079192799999999994 -0.0048230199999999999
-0.028613400000000001 0.080216999999999997 -0.0047584899999999998
0.0260062 0.082721900000000001 -0.0045483399999999997
-0.014641400000000001 0.082722799999999999 -0.0052881600000000001
0.016649000000000001 0.086746599999999993 -0.0042525999999999996
-0.0283682 0.088519899999999999 -0.0054447899999999997
-0.0378591 0.089768200000000006 -0.0041504599999999999
-0.013759199999999999 0.092097799999999994 -0.0043275700000000002
-0.011259999999999999 0.093246700000000002 -0.0055871200000000001
0.0011790800000000001 0.093163599999999999 -0.0041465
-0.010625600000000001 0.094790100000000002 -0.0041930200000000004
0.0039525300000000001 0.095497700000000005 -0.0042989200000000003
-0.0258772 0.098013699999999995 -0.0048871499999999998
-0.034234100000000003 0.097233200000000006 -0.0049686900000000004
-0.0306576 0.11223900000000001 -0.0049273399999999997
-0.034411499999999998 0.125138 -0.0045126000000000003
-0.026620000000000001 0.12526499999999999 -0.0047184100000000001
0.018850499999999999 0.128581 -0.0043510199999999997
-0.029156499999999998 0.12975400000000001 -0.0058195900000000004
-0.031746700000000003 0.13031799999999999 -0.0055541399999999999
0.022697599999999998 0.13206100000000001 -0.0043087500000000001
-0.0256218 0.13148899999999999 -0.0044346400000000001
-0.024865399999999999 0.13744500000000001 -0.0042894200000000004
-0.0288244 0.13989699999999999 -0.0040642500000000002
0.030846700000000001 0.143122 -0.0046031099999999997
-0.0235269 0.158335 -0.0043904399999999998
0.032130199999999998 0.161888 -0.0041484499999999997
0.025005099999999999 0.166714 -0.0046567700000000002
-0.0197704 0.167243 -0.0043453700000000003
0.031268999999999998 0.17342399999999999 -0.0044749400000000002
0.020393000000000001 0.17593600000000001 -0.0045876099999999998
0.0219968 0.17638400000000001 -0.0044595900000000003
0.022311500000000001 0.179262 -0.00453982
0.029099900000000001 0.18207899999999999 -0.0044754599999999997
0.021865200000000001 0.182175 -0.0044798499999999996
-0.0187657 0.18498100000000001 -0.0052614899999999997
0.033727100000000003 0.18814600000000001 -0.0044134400000000002
-0.016655 0.18812200000000001 -0.0045444700000000001
-0.019204300000000001 0.19161600000000001 -0.0054816200000000004
-0.012937499999999999 0.194413 -0.0051557199999999999
0.0337072 0.19573699999999999 -0.0052700400000000001
0.018568000000000001 0.197821 -0.0052261299999999998
-0.012840000000000001 0.20116800000000001 -0.0043720800000000004
0.017263000000000001 0.20380499999999999 -0.0044917899999999998
0.031606500000000003 0.202377 -0.0057724999999999999
0.018697499999999999 0.214499 -0.0045045399999999996
0.016549500000000002 0.21837999999999999 -0.0042790500000000004
0.0047582600000000003 0.22390599999999999 -0.0044518099999999996
0.033303600000000003 0.053206700000000003 -0.0046123500000000003
-0.037793500000000001 0.0562934 -0.0041904899999999998
0.032085099999999998 0.059076200000000002 -0.00444459
-0.043018000000000001 0.059470099999999998 -0.0043521799999999998
-0.044674899999999997 0.061543300000000002 -0.0042794299999999999
-0.022915499999999998 0.0612399 -0.0042492199999999997
0.0015206499999999999 0.0610915 -0.0044911700000000001
-0.031888399999999997 0.061255200000000003 -0.0042094200000000002
0.0135753 0.061191799999999998 -0.0043662500000000003
-0.045833499999999999 0.064824099999999996 -0.0043315000000000003
-0.045811600000000001 0.067999900000000002 -0.0042911299999999998
-0.044176600000000003 0.070983299999999999 -0.0042689299999999998
0.030606399999999999 0.073901900000000006 -0.0042120700000000001
0.031710700000000001 0.076860399999999995 -0.00427591
-0.042354700000000002 0.078976500000000005 -0.0042493299999999999
0.0012852600000000001 0.079472299999999996 -0.00452624
0.0071008499999999997 0.079330499999999998 -0.0042842599999999998
-0.014734000000000001 0.085303699999999996 -0.0051414900000000003
0.0166509 0.087447899999999995 -0.0050717699999999998
-0.032190200000000002 0.092208300000000007 -0.00512679
-0.00117917 0.092495999999999995 -0.0043830700000000002
-0.031579200000000002 0.094872700000000004 -0.0040764800000000004
-0.026249499999999999 0.096280599999999994 -0.0056478400000000003
0.0069414999999999998 0.098598099999999994 -0.0043708000000000002
-0.031579299999999998 0.10090300000000001 -0.0042664499999999998
-0.034612799999999999 0.105125 -0.0050951499999999997
-0.0361806 0.10548299999999999 -0.0050851799999999999
0.0115479 0.106048 -0.0046496100000000002
0.014787099999999999 0.11518399999999999 -0.0044683300000000004
-0.028212399999999999 0.122027 -0.0051094000000000001
-0.031741199999999997 0.12242699999999999 -0.0042372800000000004
-0.028788600000000001 0.12520500000000001 -0.0050363099999999996
-0.025419899999999999 0.134461 -0.0043360200000000003
-0.032093499999999997 0.13861100000000001 -0.0040856
-0.033974900000000002 0.14021600000000001 -0.0043792800000000002
-0.033545899999999997 0.141818 -0.0044486999999999999
-0.0265011 0.14582100000000001 -0.0040641899999999996
0.031607799999999998 0.14913599999999999 -0.0045928599999999998
-0.026443299999999999 0.152556 -0.0049904399999999996
-0.025788200000000001 0.15529799999999999 -0.0046867699999999998
0.032181300000000003 0.15825400000000001 -0.0040794400000000001
0.026430599999999999 0.16477900000000001 -0.0042520199999999996
0.031878400000000001 0.16777600000000001 -0.0044278099999999999
0.021925799999999999 0.169269 -0.0044620299999999996
0.031776499999999999 0.17053099999999999 -0.00437361
0.0205235 0.17092199999999999 -0.0039914800000000004
0.020339099999999999 0.17358499999999999 -0.0042714900000000002
-0.017401400000000001 0.17627899999999999 -0.0042294100000000003
-0.018217799999999999 0.179953 -0.0050353000000000004
0.0292228 0.184888 -0.0048484000000000001
-0.019188 0.18779699999999999 -0.0054985199999999998
0.019897100000000001 0.18826699999999999 -0.0039465899999999998
0.019861699999999999 0.19158 -0.0046225099999999998
0.019047999999999999 0.19497300000000001 -0.0049068000000000002
0.031535500000000001 0.197575 -0.0044325900000000001
0.033639500000000003 0.19770499999999999 -0.0045878200000000003
0.033576000000000002 0.20086899999999999 -0.00521062
0.032027699999999999 0.20055899999999999 -0.0046237099999999996
0.018642200000000001 0.20719399999999999 -0.0045225500000000002
0.019061000000000002 0.209339 -0.0041264300000000004
-0.0085920800000000002 0.21041599999999999 -0.0046756699999999998
-0.0061859899999999997 0.21492900000000001 -0.0047097099999999998
-0.0041693499999999996 0.21826999999999999 -0.0045153199999999998
0.015061 0.21999099999999999 -0.0051917600000000001
0.0135102 0.22123599999999999 -0.0043239999999999997
0.00063200799999999998 0.22281999999999999 -0.0044016300000000001
0.0092548200000000004 0.223359 -0.0043593700000000004
0.0069917699999999996 0.22390599999999999 -0.0042543800000000003
-0.016532399999999999 0.061185200000000002 -0.00460583
-0.00128976 0.079298400000000005 -0.0042610299999999999
-0.031599799999999997 0.12839500000000001 -0.0047632300000000002
0.0229182 0.13320599999999999 -0.0044016999999999997
-0.0132224 0.20372399999999999 -0.0040720599999999997
-0.037676599999999998 0.079697500000000004 -0.0040820600000000002
-0.035043900000000003 0.10686900000000001 -0.0044131600000000002
0.0337743 0.18201000000000001 -0.0041481799999999996
-0.0152675 0.079911599999999999 -0.0036902100000000002
-0.031705799999999999 0.12552099999999999 -0.00396935
0.029408699999999999 0.13980000000000001 -0.0039776999999999998
0.033549900000000001 0.17949300000000001 -0.0038719100000000001
0.027663699999999999 0.081802100000000003 -0.0038429100000000002
-0.027348999999999998 0.084920499999999996 -0.0038511000000000001
-0.015351699999999999 0.088938600000000007 -0.0035598000000000001
-0.036692500000000003 0.092525300000000005 -0.0034700299999999998
-0.0132604 0.095079800000000006 -0.00337558
-0.027591000000000001 0.100497 -0.0036239100000000002
0.0153061 0.11654100000000001 -0.0035393199999999999
-0.026621599999999999 0.122226 -0.0036436200000000002
-0.028495699999999999 0.15157100000000001 -0.0037303599999999998
-0.026147299999999998 0.15689 -0.0037877200000000001
0.028983499999999999 0.16261900000000001 -0.00359597
-0.017855699999999999 0.18195800000000001 -0.0035829899999999999
0.020714199999999999 0.18568799999999999 -0.0036130699999999999
0.014231000000000001 0.19686300000000001 -0.0036957399999999999
0.017983200000000001 0.20599500000000001 -0.0035919699999999999
-0.025845300000000002 0.103823 -0.0032546900000000002
-0.026172600000000001 0.14294999999999999 -0.00367528
-0.0137585 0.18875500000000001 -0.0033483699999999998
0.016479500000000001 0.191416 -0.0035643200000000002
0.0131859 0.10385999999999999 -0.0035581599999999999
0.016043100000000001 0.10702299999999999 -0.00352141
-0.028164999999999999 0.14894399999999999 -0.0032385399999999998
-0.0082925399999999993 0.19273999999999999 -0.0032284800000000002
0.012685399999999999 0.101245 -0.0031972099999999998
0.0137378 0.079532000000000005 -0.0016294300000000001
-0.0070072199999999998 0.092648599999999998 -0.0012213
-0.0015980600000000001 0.092599200000000007 -0.00141186
0.015272900000000001 0.113383 -0.0031722899999999999
-0.0309007 0.14546300000000001 -0.0031602599999999998
-0.028957900000000002 0.14524400000000001 -0.0031337100000000001
0.032051999999999997 0.170401 -0.00194049
0.031435600000000001 0.050813999999999998 -0.00102961
0.031321700000000001 0.055890200000000001 -0.00123869
-0.037498799999999999 0.055632500000000001 -0.0014522199999999999
-0.040372900000000003 0.056531600000000001 -0.0013791599999999999
0.031642299999999998 0.058914399999999999 -0.00133241
0.0216919 0.060903400000000003 -0.00178101
-0.032101900000000003 0.061233500000000003 -0.00121082
0.032406400000000002 0.071400500000000006 -0.00144845
-0.041230099999999999 0.073439400000000002 -0.00120816
0.031454200000000002 0.076961100000000005 -0.00165828
-0.040975999999999999 0.0794845 -0.0012106300000000001
-0.0018182000000000001 0.079497600000000002 -0.00172832
-0.034720800000000003 0.079641600000000007 -0.0014107499999999999
-0.0159953 0.080149600000000001 -0.00185406
-0.029629800000000001 0.083319299999999999 -0.0021154899999999998
0.025827599999999999 0.083592399999999997 -0.00141669
0.022507300000000001 0.085284399999999996 -0.0015724999999999999
0.0172047 0.085377900000000007 -0.00157336
-0.016332200000000002 0.085556499999999994 -0.0015943699999999999
-0.025004200000000001 0.088403099999999998 -0.0017520700000000001
-0.021991 0.091291899999999995 -0.0013839
-0.016788999999999998 0.089126300000000006 -0.00148145
-0.038201300000000001 0.092140899999999998 -0.0022501000000000001
0.0014574 0.092424999999999993 -0.0014191
-0.0042409500000000003 0.093517199999999995 -0.0020041400000000002
0.0048878100000000002 0.094593700000000003 -0.0020985399999999999
-0.019575700000000001 0.095342200000000002 -0.00171733
-0.038489099999999998 0.095099799999999998 -0.0024951399999999999
-0.0100689 0.095857200000000004 -0.0015084899999999999
-0.028827700000000001 0.097997799999999996 -0.0014198699999999999
-0.0240796 0.10001699999999999 -0.0030925599999999998
-0.024543499999999999 0.10162499999999999 -0.00289273
-0.028357 0.101336 -0.0013360399999999999
-0.030632300000000001 0.104574 -0.0019647499999999999
0.015789399999999999 0.105174 -0.0027431000000000001
-0.030556799999999999 0.108875 -0.0024748999999999999
0.015996799999999999 0.110246 -0.00194235
0.015980000000000001 0.112707 -0.0015682300000000001
-0.0263503 0.115874 -0.0011194099999999999
-0.025243999999999999 0.122365 -0.0013462000000000001
0.0195239 0.12226099999999999 -0.0030381900000000001
-0.025024600000000001 0.125392 -0.00171418
-0.025163899999999999 0.12867400000000001 -0.0019149499999999999
0.0207858 0.12879499999999999 -0.0029470400000000002
0.022298100000000001 0.128501 -0.0019128999999999999
0.025397699999999999 0.13475300000000001 -0.0017703
0.0278038 0.13864699999999999 -0.0028218800000000001
-0.032134599999999999 0.140459 -0.0013185899999999999
-0.028842799999999998 0.14011299999999999 -0.0017072400000000001
-0.033435699999999999 0.14039499999999999 -0.0022921
-0.0318675 0.14338000000000001 -0.0024686500000000002
-0.033390499999999997 0.14171800000000001 -0.0028880099999999999
-0.0298403 0.144152 -0.00242143
-0.025615800000000001 0.14622499999999999 -0.0013091000000000001
0.030903300000000002 0.145985 -0.0016013100000000001
0.031389100000000003 0.14893899999999999 -0.0019915800000000002
-0.030043299999999998 0.15218599999999999 -0.00156609
0.0313779 0.154862 -0.0022653199999999999
-0.0261208 0.15890199999999999 -0.0014514700000000001
-0.023342399999999999 0.15915000000000001 -0.00158471
0.030982599999999999 0.16145799999999999 -0.0012166900000000001
-0.022046799999999998 0.16153799999999999 -0.0011700300000000001
0.031835500000000003 0.164411 -0.0015939699999999999
-0.0205772 0.16547600000000001 -0.00144597
-0.0171036 0.17030899999999999 -0.0013957399999999999
0.030095899999999998 0.174013 -0.0026308500000000001
0.031662200000000001 0.17615800000000001 -0.0023840900000000002
0.0192896 0.179234 -0.0026317100000000002
0.017015099999999998 0.179615 -0.00093858600000000004
0.019583900000000001 0.18229600000000001 -0.0018729700000000001
0.021446699999999999 0.18123900000000001 -0.0029090700000000001
-0.015717700000000001 0.184835 -0.0019931200000000001
0.0163248 0.18775500000000001 -0.0022117500000000002
-0.0075871799999999998 0.191493 -0.00168508
0.012803 0.190687 -0.0024061999999999998
-0.010193199999999999 0.19499 -0.0015561100000000001
0.013067 0.19734099999999999 -0.00135772
0.015900899999999999 0.20064199999999999 -0.0023030799999999999
0.016216600000000001 0.20344200000000001 -0.00115967
0.018591699999999999 0.20979900000000001 -0.0021862299999999999
-0.0055835900000000003 0.21506900000000001 -0.0013894599999999999
0.017591699999999998 0.216033 -0.0011530900000000001
-0.00158362 0.22120200000000001 -0.00138123
0.00062799299999999998 0.22267799999999999 -0.00127461
-0.033717900000000002 0.059250200000000003 -0.0013592000000000001
-0.0073435000000000002 0.061124400000000002 -0.0013725
0.034072199999999997 0.062238700000000001 -0.0014237099999999999
-0.0134685 0.0611844 -0.0015724999999999999
0.00136692 0.061148099999999997 -0.0017620800000000001
0.0163898 0.061218700000000001 -0.00155583
-0.028663500000000001 0.061396100000000002 -0.0012814899999999999
0.034636199999999999 0.067846299999999998 -0.0015332799999999999
-0.041533399999999998 0.076431100000000002 -0.00089294699999999995
-0.042313200000000002 0.077285599999999996 -0.00204434
-0.0097322099999999998 0.079530900000000002 -0.0014851
0.0013320599999999999 0.079585100000000006 -0.0016916699999999999
-0.037522600000000003 0.079674599999999998 -0.0013376200000000001
0.0044065500000000004 0.079472299999999996 -0.0013162
-0.028424499999999998 0.085478200000000004 -0.0012273900000000001
0.0071286500000000003 0.095563700000000001 -0.00114685
-0.030504199999999999 0.098135500000000001 -0.0027361500000000001
-0.0132718 0.097959000000000004 -0.00143838
0.012752599999999999 0.10122 -0.00241887
-0.0260845 0.10688599999999999 -0.00154689
0.015993 0.10703500000000001 -0.0023120900000000002
-0.026023500000000001 0.118718 -0.0014013599999999999
-0.024987100000000002 0.131132 -0.0015627600000000001
0.030550399999999998 0.14354700000000001 -0.00183187
0.0314749 0.15201000000000001 -0.0020518200000000002
0.0272324 0.16302700000000001 -0.0019130600000000001
-0.018373500000000001 0.16885600000000001 -0.0022877000000000002
0.019552 0.173457 -0.00145049
-0.017269400000000001 0.176255 -0.00137473
-0.0174512 0.17938999999999999 -0.00104162
-0.013478800000000001 0.18540200000000001 -0.00116161
0.0133606 0.18847700000000001 -0.00128545
0.011396699999999999 0.19162399999999999 -0.00138491
-0.0126464 0.198188 -0.00118852
-0.011436099999999999 0.20685300000000001 -0.0014460199999999999
-0.00973422 0.20932500000000001 -0.0013563799999999999
0.0094919199999999992 0.22345899999999999 -0.0013628100000000001
0.0046456800000000001 0.22387799999999999 -0.0014192899999999999
0.029170100000000001 0.050802600000000003 -0.0012312099999999999
0.026884399999999999 0.0512419 -0.00191348
-0.041822100000000001 0.058680000000000003 -0.0012936899999999999
-0.044369100000000002 0.061679999999999999 -0.00127162
-0.019393500000000001 0.061273399999999999 -0.00118917
0.0042940000000000001 0.061180699999999998 -0.0012725
0.034774800000000002 0.064865999999999993 -0.00134508
-0.044022400000000003 0.070843500000000004 -0.00144261
-0.042250299999999998 0.078856200000000001 -0.0018814000000000001
-0.0235661 0.089753700000000006 -0.0011499699999999999
0.0107537 0.097947099999999995 -0.00130164
-0.0286433 0.10396 -0.00087380599999999998
-0.022480900000000002 0.103979 -0.0017527
-0.024921499999999999 0.109931 -0.0010330999999999999
-0.021352699999999999 0.16372800000000001 -0.00144385
-0.016539000000000002 0.17355999999999999 -0.00140551
0.016441399999999998 0.18534900000000001 -0.0010499800000000001
-0.0085955100000000006 0.210871 -0.00157858
-0.0042011699999999997 0.21816199999999999 -0.00116244
0.010907399999999999 0.222967 -0.0013547800000000001
-0.016580999999999999 0.061237600000000003 -0.001335
0.0074346300000000002 0.0612049 -0.0014599999999999999
-0.025824099999999999 0.061398500000000002 -0.0015780499999999999
-0.031146900000000002 0.082394300000000004 -0.00082035799999999998
0.013023399999999999 0.107006 -0.0020301899999999999
0.026372900000000001 0.14003599999999999 -0.00091930899999999999
0.0094020100000000006 0.096240099999999995 -0.00147558
-0.016709000000000002 0.097895700000000002 -0.0013211200000000001
-0.0291544 0.13841200000000001 -0.0010291600000000001
0.029698700000000001 0.15823699999999999 -0.0012159
-0.030391700000000001 0.150897 -0.00112981
0.028793800000000001 0.15215000000000001 -0.00099904300000000002
-0.0199621 0.10373300000000001 -0.00115649
0.01076 0.10713399999999999 -0.00059253500000000005
-0.0225255 0.11552800000000001 -0.0011155200000000001
-0.0071403899999999999 0.18809899999999999 -0.00085246200000000001
0.0238833 0.083903099999999994 -0.00080168399999999999
-0.017147699999999998 0.10351 -0.00051603700000000001
0.011548299999999999 0.109796 -0.00055066299999999996
-0.026769899999999999 0.112681 -0.00069186300000000003
0.016594100000000001 0.118517 -0.00028546300000000001
-0.023922200000000001 0.12803700000000001 -0.00073317100000000002
0.0239072 0.13378300000000001 -0.00061368399999999997
-0.023983600000000001 0.145317 -0.00063352899999999997
0.0284674 0.14901900000000001 -0.00066974600000000003
0.021040799999999998 0.168374 -0.00054153399999999998
-0.00454346 0.188308 -0.00053564800000000001
-0.0059816899999999996 0.19037200000000001 -0.00079637299999999996
-0.012207300000000001 0.20580100000000001 -0.00064504500000000002
-0.014586500000000001 0.10014000000000001 -0.00044027200000000002
-0.0206386 0.110342 -0.00055536699999999997
-0.021734 0.11848499999999999 -0.00040991500000000001
-0.023803700000000001 0.131464 -0.00060005200000000001
-0.028907800000000001 0.10698199999999999 -0.00012501799999999999
0.014030300000000001 0.116106 -0.00016803900000000001
0.027043500000000002 0.14794399999999999 -0.00018642999999999999
0.0137527 0.184838 -0.000176706
-0.016641900000000001 0.079683599999999993 0.0015395299999999999
-0.0012528400000000001 0.18776000000000001 0.00128984
0.0043335300000000004 0.079331299999999993 0.00138273
-0.00725707 0.079280299999999998 0.00128626
0.010662400000000001 0.079420900000000003 0.0016661600000000001
0.028582199999999999 0.079664100000000002 0.00128483
0.0012475699999999999 0.0923147 0.00126593
-0.00131018 0.0922018 0.0014042900000000001
-0.0042560000000000002 0.092704999999999996 0.0013267400000000001
-0.010320599999999999 0.097897300000000007 0.00133494
-0.027725099999999999 0.101503 0.00094410200000000005
-0.026055999999999999 0.140011 0.0015586300000000001
-0.023950099999999998 0.140484 0.00173036
-0.0043960700000000002 0.188941 0.00151924
0.0290475 0.050660400000000001 0.00138086
0.027009999999999999 0.051076799999999999 0.00134848
0.024989299999999999 0.051838500000000003 0.0013579200000000001
0.031359600000000001 0.055434200000000003 0.00115464
-0.037470400000000001 0.054999899999999997 0.00151571
0.022865199999999999 0.055616800000000001 0.0015149499999999999
-0.041497199999999998 0.058885300000000002 0.00140299
-0.033461999999999999 0.0584217 0.0011900000000000001
-0.0426717 0.0600143 0.00138473
-0.032842200000000002 0.059729299999999999 0.0017897500000000001
-0.031837699999999997 0.0612469 0.00139371
-0.019570500000000001 0.0613181 0.0013985200000000001
0.00176275 0.061241700000000003 0.0015868799999999999
0.0074148399999999998 0.061272399999999998 0.0012524999999999999
0.0137628 0.061290900000000002 0.0013212499999999999
-0.029190399999999998 0.061397 0.0013212499999999999
-0.044916600000000001 0.064225099999999993 0.00155996
0.034382799999999998 0.064919099999999993 0.0013363699999999999
-0.045390199999999999 0.067348599999999995 0.00062983099999999997
0.033450000000000001 0.069607100000000005 0.001299
0.032107799999999999 0.071201399999999998 0.00150304
-0.040843699999999997 0.0733655 0.0014519299999999999
0.029727300000000002 0.073666400000000007 0.0013592700000000001
0.029882700000000002 0.075506799999999999 0.0014982999999999999
0.030901999999999999 0.076683600000000005 0.0013246600000000001
-0.040673300000000003 0.079422300000000001 0.0014159000000000001
-0.010106499999999999 0.079430100000000003 0.00133409
0.0014111600000000001 0.079585199999999995 0.0017304499999999999
-0.034882000000000003 0.079790200000000006 0.0013708500000000001
0.027379000000000001 0.081621899999999997 0.00066057799999999999
-0.017411900000000001 0.082671400000000006 0.0011839000000000001
-0.0309812 0.084949800000000006 0.00173806
0.019565900000000001 0.085037799999999997 0.00087537800000000001
0.022295700000000002 0.084745399999999999 0.0013663499999999999
-0.017539900000000001 0.085604799999999995 0.0014232800000000001
-0.026842499999999998 0.087303099999999995 0.00060804900000000005
-0.025726099999999998 0.088038099999999994 0.0015796300000000001
-0.023040100000000001 0.089595900000000006 0.0014369999999999999
0.0039146700000000003 0.092771500000000007 0.00050359000000000005
0.0045071099999999999 0.095305899999999999 0.00095336300000000004
0.0070340400000000001 0.098565600000000003 0.00042231499999999998
0.0107011 0.099137000000000003 0.00041199800000000001
-0.0137325 0.101063 0.00174803
-0.015311399999999999 0.102019 0.00083568599999999998
-0.016515499999999999 0.104105 0.00163832
-0.0189661 0.105375 0.0011025500000000001
-0.0198902 0.106963 0.00119238
0.0092918199999999992 0.10698000000000001 0.00068068399999999998
-0.028388500000000001 0.10889799999999999 0.00097187599999999999
-0.019452400000000002 0.10971400000000001 0.00156314
0.0105288 0.112674 0.00059191199999999999
-0.025517399999999999 0.112652 0.00134326
-0.023576300000000001 0.113217 0.0018701200000000001
0.0163565 0.113325 6.8768900000000003e-06
-0.0187926 0.11579399999999999 0.0014345600000000001
0.0127768 0.115735 0.00028354500000000001
-0.024985199999999999 0.11583599999999999 0.00147762
-0.022730199999999999 0.118729 0.00158757
-0.018692199999999999 0.11840100000000001 0.00080453199999999995
0.013295599999999999 0.11885999999999999 0.00086197300000000004
0.016429300000000001 0.121819 0.00061266200000000004
-0.020001600000000001 0.12522 0.00125629
0.016456999999999999 0.12486999999999999 0.00147287
0.019597 0.125975 0.00047301500000000002
-0.0236625 0.12864800000000001 0.00075815400000000003
0.022388000000000002 0.131331 0.000985449
-0.023580400000000001 0.131937 0.0015621299999999999
-0.025454299999999999 0.13427900000000001 0.00172007
-0.0263117 0.13695099999999999 0.00129582
0.0245854 0.13811699999999999 0.00058144999999999996
-0.0310642 0.13755500000000001 0.0017209300000000001
-0.031620500000000003 0.13978399999999999 0.0014929399999999999
-0.028909899999999999 0.14041300000000001 0.0017436699999999999
-0.023060299999999999 0.14308100000000001 0.00147243
0.027978599999999999 0.14333599999999999 0.00076884900000000005
-0.0225928 0.146427 0.00164124
-0.027774199999999999 0.14710699999999999 0.00027630899999999997
-0.026241899999999999 0.147226 0.00047415800000000002
-0.025648899999999999 0.14875099999999999 0.0017627400000000001
0.026107200000000001 0.14896799999999999 0.0015957499999999999
-0.030367399999999999 0.15079300000000001 0.00060250099999999997
0.026715599999999999 0.15162 0.00169494
0.027386500000000001 0.15348899999999999 0.00109589
0.027870599999999999 0.15520400000000001 0.00141314
0.028648300000000002 0.158166 0.0010976600000000001
-0.026873600000000001 0.15976299999999999 0.000766222
0.0262207 0.16150400000000001 0.0014403
0.024927899999999999 0.16373199999999999 0.0014392000000000001
-0.020404200000000001 0.16495599999999999 0.0016467599999999999
0.0236998 0.16530700000000001 0.0013928300000000001
0.0221979 0.16667299999999999 0.0014848400000000001
0.0192873 0.17047399999999999 0.00130642
-0.016582400000000001 0.17033999999999999 0.00177593
0.018911000000000001 0.17360900000000001 0.00137616
0.018414799999999999 0.17560799999999999 0.00066864799999999999
0.016013199999999998 0.17902000000000001 0.0011586700000000001
-0.016492 0.17944299999999999 0.00169236
0.0131883 0.18198900000000001 0.0013056299999999999
0.0128635 0.18560699999999999 0.00035811600000000001
-0.0073710700000000004 0.185497 0.0011417
-0.0043229000000000002 0.185556 0.00098802700000000005
0.011449300000000001 0.18773699999999999 0.00129506
-0.0095058599999999997 0.19280800000000001 0.0012426399999999999
-0.010925499999999999 0.19427800000000001 0.0013411499999999999
-0.0131051 0.19737299999999999 0.0012437399999999999
-0.0141274 0.200791 0.00143103
0.014064999999999999 0.203267 0.00181964
0.0157155 0.20455300000000001 0.00072024899999999995
-0.012623000000000001 0.205651 0.00097003200000000001
-0.011482600000000001 0.20746200000000001 0.00137856
0.017202700000000001 0.209592 0.00114379
-0.0072147799999999996 0.21255199999999999 0.0014666499999999999
-0.0051873400000000004 0.21549399999999999 0.0016040399999999999
0.0159019 0.21785099999999999 0.00120185
0.0146394 0.21945999999999999 0.0018415599999999999
0.013077099999999999 0.22128999999999999 0.0013227499999999999
0.0014759599999999999 0.22255900000000001 0.0013509800000000001
0.0042879800000000003 0.22342300000000001 0.0013942099999999999
0.0072744899999999998 0.22356699999999999 0.0014584800000000001
-0.0166018 0.061290699999999997 0.0011441699999999999
-0.010456 0.061233500000000003 0.00163375
-0.0016018300000000001 0.061215100000000001 0.0013525
-0.013170299999999999 0.079585299999999998 0.0015347099999999999
-0.00160877 0.079413200000000003 0.00130053
0.0073301199999999999 0.10140299999999999 0.0012644900000000001
-0.022618599999999999 0.137262 0.0015792600000000001
-0.0027552900000000001 0.219669 0.0014804499999999999
0.0046481700000000001 0.061257699999999998 0.0012275000000000001
0.019771799999999999 0.061029800000000002 0.0017993799999999999
-0.037706000000000003 0.079710600000000006 0.00170667
0.010233000000000001 0.11615200000000001 0.0013919900000000001
0.0014570500000000001 0.18515200000000001 0.0016437699999999999
0.0072865999999999998 0.18770300000000001 0.00142563
0.0114012 0.185395 0.00180912
0.0043266800000000003 0.18523700000000001 0.0016873299999999999
-0.0079648700000000006 0.096818500000000002 0.00214124
0.00762293 0.112772 0.0018794599999999999
0.0073023999999999997 0.18525 0.0019810499999999998
0.030005799999999999 0.056873600000000003 0.0020380200000000002
-0.042114100000000002 0.072284399999999999 0.0016025
0.0187972 0.083512400000000001 0.002098
0.0015630399999999999 0.095019400000000004 0.0021463300000000001
0.0074852499999999997 0.10416 0.0022245500000000001
0.0077825500000000001 0.11002099999999999 0.0020710199999999998
0.0105025 0.11922199999999999 0.00198402
-0.017808000000000001 0.119906 0.0021381299999999998
-0.0241678 0.12557499999999999 0.0021325300000000001
-0.0175055 0.12810199999999999 0.00220827
-0.024245200000000001 0.12867999999999999 0.0021758799999999998
-0.024666199999999999 0.13097 0.0024699600000000002
0.026944599999999999 0.15815799999999999 0.0021758699999999999
-0.010703600000000001 0.18304500000000001 0.0022894999999999999
0.0116632 0.19800499999999999 0.0022661600000000001
-0.0086752600000000006 0.21104800000000001 0.0015508200000000001
0.0048068299999999998 0.104327 0.0026251
0.0110379 0.18274599999999999 0.0025075200000000001
-0.0141149 0.103882 0.0026519299999999998
0.0109528 0.121628 0.0025324900000000001
0.0204505 0.13370599999999999 0.0027235699999999998
-0.016634800000000002 0.10700900000000001 0.0027806599999999999
0.0047969099999999997 0.10638300000000001 0.0045459799999999998
0.00081348499999999997 0.11545900000000001 0.0027842499999999998
-0.015088300000000001 0.12581800000000001 0.0034618000000000001
0.031463400000000002 0.050809800000000002 0.00434834
0.031679600000000002 0.053251600000000003 0.0043550999999999998
-0.034640600000000001 0.053621599999999998 0.0046164200000000004
-0.040410000000000001 0.055702799999999997 0.0046300500000000001
-0.0321993 0.058928500000000002 0.0043739900000000003
0.029749899999999999 0.056480299999999997 0.0043499100000000002
0.030926599999999999 0.059453899999999997 0.0043293999999999997
0.0324015 0.061368600000000002 0.0045170499999999999
-0.019749800000000001 0.061402900000000003 0.0042712200000000001
-0.044477299999999997 0.0652089 0.0041045200000000004
0.033577099999999999 0.067719799999999997 0.0043821800000000003
0.031430899999999998 0.071184200000000003 0.0043693899999999999
0.029479399999999999 0.076124499999999998 0.0047090700000000001
-0.040319800000000003 0.079246499999999997 0.0046650800000000003
-0.0013163599999999999 0.079367199999999999 0.0046293899999999997
-0.018754900000000001 0.080393300000000001 0.0043192899999999999
0.0133382 0.079571600000000006 0.0044746400000000002
0.025678599999999999 0.079851400000000003 0.0046813699999999998
-0.034248199999999999 0.082904900000000004 0.0044520499999999999
-0.0326498 0.084415000000000004 0.0034570400000000002
0.0224742 0.084520399999999996 0.0036491499999999999
-0.020627599999999999 0.088366500000000001 0.0040418800000000003
-0.0022016200000000001 0.092622800000000005 0.0033227999999999999
-0.00057975599999999996 0.093843399999999993 0.0028855999999999999
-0.0048277600000000004 0.094714400000000004 0.0047514300000000001
-0.0077270799999999999 0.098264199999999996 0.0050717799999999997
-0.011057000000000001 0.099970100000000006 0.00282505
0.0091921399999999997 0.10191699999999999 0.0032670899999999998
0.0078924000000000008 0.10419399999999999 0.0044165599999999999
0.0094267299999999995 0.104426 0.0039341999999999997
0.00046364600000000001 0.11101900000000001 0.00265585
-0.00029243500000000001 0.11081000000000001 0.0027975000000000001
-0.00036029699999999998 0.11250499999999999 0.0027284900000000001
-0.00155309 0.11276600000000001 0.00340742
0.0063184000000000001 0.115435 0.0039848100000000001
-0.00095429399999999995 0.11638999999999999 0.0027924400000000002
-0.023448500000000001 0.118809 0.0039780700000000002
0.0102103 0.122278 0.00335659
0.0126322 0.12595700000000001 0.0035215400000000001
-0.020898099999999999 0.126385 0.0036961899999999998
-0.026002000000000001 0.12840499999999999 0.0042501300000000004
-0.026473699999999999 0.134052 0.00394875
-0.028610799999999999 0.13428699999999999 0.0040648200000000002
-0.030667400000000001 0.13733000000000001 0.00321864
-0.028635500000000001 0.14027600000000001 0.00398731
-0.023057999999999999 0.139929 0.0044100399999999996
-0.022157799999999998 0.143008 0.0045543099999999998
-0.020230100000000001 0.14630499999999999 0.0049402099999999996
-0.028250399999999998 0.149836 0.0034043099999999998
-0.027798799999999999 0.15817000000000001 0.0031705599999999998
0.026039099999999999 0.15784699999999999 0.0045408100000000002
-0.019963000000000002 0.16462099999999999 0.0044944800000000003
-0.017466099999999998 0.16831599999999999 0.0045578900000000002
-0.015879299999999999 0.173404 0.0044038200000000001
0.018457600000000001 0.17319399999999999 0.0040566500000000002
-0.0157266 0.178814 0.00414797
-0.0103552 0.18217 0.0041233199999999998
-0.0043366300000000002 0.18221899999999999 0.0044845299999999996
0.00733594 0.183536 0.0028571500000000001
0.010292300000000001 0.18527099999999999 0.0037810000000000001
0.0071086400000000003 0.18879799999999999 0.0041322099999999999
-0.00444371 0.18861900000000001 0.0044258400000000003
-0.0065207800000000003 0.18982499999999999 0.0044792199999999999
-0.0094756500000000004 0.19211 0.0043317599999999996
-0.012399 0.195914 0.0044794700000000002
0.0130738 0.203925 0.0039859400000000003
-0.013675 0.20376 0.0044234299999999999
-0.0129093 0.20571800000000001 0.0043760099999999996
0.0158364 0.20763400000000001 0.0033431400000000001
-0.0105425 0.209038 0.00432191
0.0015582700000000001 0.221386 0.0045701200000000004
0.030943499999999999 0.0551151 0.00415351
0.021821400000000001 0.056338399999999997 0.0046399700000000002
-0.040734300000000001 0.058769099999999998 0.0043327299999999999
-0.0046331499999999999 0.061309000000000002 0.0042306000000000002
0.0070908799999999999 0.061331499999999997 0.0043397000000000002
0.0134231 0.0613374 0.0047520699999999997
0.016564800000000001 0.061220900000000002 0.0046441700000000004
-0.028752900000000001 0.061413200000000001 0.0043837499999999996
0.0333269 0.062679200000000004 0.0038357999999999999
-0.0403624 0.076671000000000003 0.0044289999999999998
0.030460999999999998 0.077067700000000003 0.00390625
-0.010160499999999999 0.079501199999999994 0.0044936300000000002
0.0040620600000000001 0.079464499999999993 0.00456639
0.028539700000000001 0.0794131 0.0044098000000000002
0.020262100000000002 0.082309999999999994 0.00410751
-0.0287373 0.086485000000000006 0.0044889700000000001
0.00038047899999999997 0.095987199999999995 0.00313649
0.00097745899999999997 0.098509100000000002 0.0033518799999999998
-0.0109394 0.10089099999999999 0.0050463000000000001
0.0033459800000000001 0.10426199999999999 0.0044474099999999997
-0.016815099999999999 0.10945000000000001 0.0029325800000000002
-0.0136413 0.10953300000000001 0.0042101899999999999
0.0075857800000000003 0.110084 0.00455209
-0.016544099999999999 0.112867 0.0031707699999999998
-0.0177685 0.113561 0.0029735899999999999
-0.017683299999999999 0.115924 0.0029548500000000002
-0.00205192 0.115371 0.0039954200000000004
-0.015898800000000001 0.118522 0.00323698
0.0016153700000000001 0.121985 0.0038707799999999999
-0.014235100000000001 0.122194 0.00412897
0.013483 0.12861800000000001 0.0040686799999999999
0.016953200000000002 0.13033 0.0029648399999999998
0.0162921 0.13166600000000001 0.0039318799999999996
-0.021184100000000001 0.13375999999999999 0.0035165499999999998
-0.028685599999999999 0.13669600000000001 0.0037778400000000002
-0.026369099999999999 0.150225 0.00376772
-0.022469300000000001 0.15174000000000001 0.0044219799999999998
0.0261715 0.15534600000000001 0.0043781599999999999
0.0250377 0.161492 0.0046185899999999997
-0.0186734 0.16697200000000001 0.00419411
0.0200649 0.16747100000000001 0.0048914900000000001
-0.016490399999999999 0.17628199999999999 0.0042279300000000004
0.012209100000000001 0.18096200000000001 0.00332716
-0.0074844400000000002 0.18202499999999999 0.0037386300000000002
0.0071834799999999999 0.18223300000000001 0.0045230899999999996
0.00144713 0.18365799999999999 0.0029721000000000001
-0.0014762600000000001 0.18762699999999999 0.0045477800000000004
0.0042960200000000002 0.187974 0.0042845499999999998
-0.011125899999999999 0.19401399999999999 0.0043439400000000001
0.0110557 0.20096900000000001 0.0045527099999999997
0.015824499999999998 0.20975199999999999 0.0040218299999999997
-0.0073530499999999999 0.212197 0.0043291099999999997
-0.0047158499999999997 0.21557399999999999 0.0045126000000000003
0.0136464 0.218754 0.0044469699999999997
0.0088564999999999998 0.22286500000000001 0.0029775000000000001
0.0072853600000000003 0.22251199999999999 0.0043064000000000002
0.0247835 0.051551300000000001 0.0045500100000000002
0.020025600000000001 0.0609571 0.0043908000000000003
-0.010783299999999999 0.061336700000000001 0.0046040500000000002
0.0010822099999999999 0.061319899999999997 0.0043911100000000002
-0.040090199999999999 0.073313500000000004 0.0044338299999999997
-0.0166006 0.079639299999999996 0.00440677
0.00746067 0.079517400000000002 0.0043733299999999999
0.010325300000000001 0.079600699999999996 0.00452959
-0.0254273 0.087932300000000005 0.0044356200000000004
-0.0130609 0.10696899999999999 0.0043002800000000001
0.0092116999999999997 0.106823 0.00456435
-0.0139714 0.11266 0.0042964099999999996
-0.016207099999999999 0.116035 0.0032901800000000002
-0.024837100000000001 0.121443 0.0042947599999999999
-0.024748200000000001 0.119419 0.0043910499999999996
0.0072399300000000003 0.121645 0.0042711499999999996
-0.020228699999999999 0.12858 0.0042887999999999997
-0.028028299999999999 0.13117300000000001 0.0042102199999999998
-0.0198867 0.134682 0.0043465300000000004
-0.026196199999999999 0.13859199999999999 0.0046010399999999998
0.023110200000000001 0.13947200000000001 0.0048969800000000004
-0.026119699999999999 0.14202200000000001 0.0045297100000000002
0.023384200000000001 0.14562700000000001 0.0047365999999999997
0.024438999999999999 0.14716699999999999 0.003741
-0.0285656 0.15442400000000001 0.00363146
0.0013777399999999999 0.182092 0.0042395699999999998
-0.0139861 0.200874 0.0044578400000000002
-0.00061798199999999999 0.22068399999999999 0.0037212600000000001
0.0043115100000000002 0.222443 0.0042858599999999998
0.0046464999999999996 0.061346900000000003 0.0050540200000000002
0.033064499999999997 0.068987499999999993 0.0045360599999999997
0.000325614 0.107085 0.0046365099999999999
0.0040806100000000001 0.124944 0.0047791500000000002
-0.022993599999999999 0.12844700000000001 0.0041116199999999999
-0.025477 0.15227099999999999 0.0044072599999999997
0.0080864200000000004 0.191168 0.0047201500000000002
-0.0047475900000000003 0.079302700000000004 0.0044493400000000004
-0.0012035399999999999 0.098198199999999999 0.00458334
-0.0043654899999999996 0.116035 0.0050528200000000004
-0.020967699999999999 0.162494 0.0044778400000000003
-0.0041250200000000001 0.11271200000000001 0.0044267100000000004
-0.0138621 0.118482 0.0045352400000000003
0.0018391600000000001 0.124627 0.0050451899999999997
-0.022895599999999999 0.158084 0.0046972899999999998
0.024467800000000001 0.16297900000000001 0.00408881
-0.026795900000000001 0.087324799999999994 0.0049477200000000001
-0.00101604 0.10104299999999999 0.00499199
-0.0041528399999999997 0.110059 0.0045552400000000003
0.010944799999999999 0.12779499999999999 0.0050413300000000001
-0.022790899999999999 0.15493499999999999 0.0048736500000000002
0.0088889299999999997 0.19301599999999999 0.00486331
-0.0097530099999999995 0.095820199999999994 0.0050792299999999997
-0.0043352299999999998 0.104049 0.0044831899999999997
0.00743657 0.124611 0.0054706800000000003
-0.020565199999999999 0.14810599999999999 0.0048638199999999996
-0.00722568 0.180087 0.0050557099999999997
0.0146795 0.21587500000000001 0.0052224799999999998
-0.042183400000000003 0.060549100000000002 0.0050438599999999998
-0.0072025500000000003 0.10399799999999999 0.0050384000000000002
0.017891399999999998 0.17433899999999999 0.0051736799999999999
-0.0044170099999999999 0.17981800000000001 0.0053480899999999998
-0.0056366200000000002 0.213785 0.0052275000000000004
-0.0075942199999999996 0.107196 0.0052853400000000004
-0.00731491 0.11000600000000001 0.0055915599999999998
-0.038897500000000002 0.075485499999999997 0.0056253500000000003
0.0090966699999999994 0.109053 0.0054664900000000001
-0.0069152800000000002 0.114812 0.0056113200000000004
-0.010356799999999999 0.104042 0.0057171899999999996
0.023857799999999998 0.14774200000000001 0.0055461299999999998
0.014957099999999999 0.21226300000000001 0.0056487400000000002
-0.0194246 0.080264500000000003 0.0076747500000000001
0.0190174 0.079392199999999996 0.0075207399999999997
-0.016325699999999999 0.079784300000000002 0.0070353999999999998
0.022503700000000001 0.079568799999999995 0.0069347100000000002
0.0048454600000000002 0.106901 0.0072513300000000003
0.0072711099999999999 0.107211 0.0068058299999999997
-0.0160083 0.125363 0.0071581400000000003
-0.018174599999999999 0.12934100000000001 0.00630395
-0.0023485300000000001 0.17996000000000001 0.0058244600000000001
0.0307551 0.050850699999999999 0.0070785199999999996
0.025113300000000002 0.051276099999999998 0.0065810900000000004
-0.034540700000000001 0.0526036 0.0075527800000000003
-0.037634500000000001 0.053458499999999999 0.0071990300000000004
0.030574400000000002 0.054555300000000001 0.0068601399999999998
0.021365499999999999 0.055202599999999998 0.0064845099999999998
0.028936900000000002 0.0563064 0.0072030999999999996
0.020707099999999999 0.0557659 0.00767842
-0.030720299999999999 0.059258199999999997 0.0073629699999999999
0.0291148 0.058795199999999999 0.00730849
0.031706699999999997 0.061819800000000001 0.0073794200000000003
-0.0427014 0.062365499999999997 0.0068884999999999997
0.0188293 0.0608934 0.0076310500000000003
-0.016924700000000001 0.061494899999999998 0.00769625
0.0105284 0.061461300000000003 0.0075712499999999999
0.013606500000000001 0.061365799999999998 0.00728832
0.032628900000000002 0.064717300000000005 0.0075238800000000002
-0.043389400000000002 0.067992800000000006 0.0074073200000000002
0.032660300000000003 0.067886500000000002 0.0071523699999999999
-0.042604900000000001 0.070087499999999997 0.0071043199999999999
0.029594599999999999 0.072087100000000001 0.0072765900000000003
0.027987000000000001 0.073534799999999997 0.0073306200000000004
-0.038314899999999999 0.073866000000000001 0.0076292900000000004
-0.038548600000000002 0.076064900000000005 0.0077087299999999996
-0.039559700000000003 0.079006900000000005 0.0073895300000000001
-0.0100894 0.079598699999999994 0.0077530899999999998
-0.0074808000000000001 0.079476500000000005 0.0071337500000000003
-0.0017309999999999999 0.079512600000000003 0.0074733300000000003
0.0044524100000000004 0.079609100000000002 0.0072024799999999998
0.0100909 0.079694399999999999 0.00709729
0.0165469 0.079641199999999995 0.0072698499999999996
0.023393400000000002 0.082137100000000005 0.0062528000000000002
-0.019981499999999999 0.082683699999999999 0.0074257200000000002
-0.032198400000000002 0.083984500000000004 0.0074192599999999996
-0.0307833 0.0850331 0.0069851000000000002
-0.0225069 0.086768600000000001 0.0076581799999999997
-0.0251065 0.087541499999999994 0.0064675699999999997
-0.023099600000000001 0.087756799999999996 0.0065160399999999999
-0.0072989099999999996 0.0950376 0.0065346700000000002
-0.0094098800000000007 0.095514600000000005 0.0061879999999999999
-0.0070850100000000001 0.097511100000000003 0.0060724000000000004
-0.0092698899999999994 0.097498699999999994 0.0061131500000000004
-0.00138682 0.101172 0.0065438800000000002
-0.00324268 0.10095 0.0061823800000000003
-0.00103688 0.10401100000000001 0.0067044799999999996
0.00124971 0.104168 0.00703099
0.0070802599999999997 0.105227 0.0062123600000000001
-0.0129918 0.106998 0.0075661299999999999
-0.010730699999999999 0.107652 0.0060823700000000001
-0.013479400000000001 0.110028 0.0077962999999999999
0.0017301300000000001 0.109913 0.0077924800000000001
-0.013618 0.11283899999999999 0.0076097200000000004
-0.0078939600000000002 0.112696 0.0061185399999999996
0.0082239900000000005 0.112979 0.0074075699999999996
-0.013412500000000001 0.11552900000000001 0.0079546300000000007
-0.0075062899999999997 0.11593299999999999 0.0061726200000000002
0.00280795 0.117744 0.0063168900000000004
-0.013574299999999999 0.118662 0.0081477300000000006
0.0033743599999999999 0.11901399999999999 0.0073827600000000004
-0.0046643800000000001 0.12171800000000001 0.00654157
-0.0035624200000000002 0.120653 0.0059929800000000002
-0.0022518099999999999 0.123375 0.0063082199999999998
-0.0012646000000000001 0.125417 0.0071467900000000001
0.0066573500000000002 0.125441 0.00721515
0.0035691099999999999 0.126967 0.0059732600000000002
0.0087536799999999998 0.12707499999999999 0.0060259099999999998
0.0102244 0.13115099999999999 0.0074898999999999999
0.012879399999999999 0.13237399999999999 0.0064404900000000001
-0.018625800000000001 0.134434 0.0064382900000000002
0.0156892 0.13536300000000001 0.0062853300000000004
0.016323899999999999 0.13719500000000001 0.0074759500000000003
0.017606500000000001 0.13688800000000001 0.0058380799999999998
-0.025190000000000001 0.14018600000000001 0.00617981
0.020297900000000001 0.139266 0.0076827400000000004
-0.019576099999999999 0.139345 0.0080272199999999998
-0.025117899999999999 0.14213100000000001 0.0062446000000000003
-0.0226623 0.14241200000000001 0.0069697099999999996
-0.018865300000000002 0.145958 0.0067885599999999999
-0.019515899999999999 0.149171 0.0075709699999999998
0.0232249 0.148757 0.0076741700000000001
-0.0204558 0.15179799999999999 0.0075151000000000003
-0.021212700000000001 0.15313099999999999 0.0065945600000000002
0.024605700000000001 0.15529100000000001 0.00760599
0.0246994 0.158773 0.00731826
0.022302499999999999 0.164187 0.0071296199999999997
-0.019156300000000001 0.16424900000000001 0.00742591
-0.018310099999999999 0.16630800000000001 0.0066103899999999998
-0.016808900000000002 0.16783799999999999 0.0074252299999999997
0.018230400000000001 0.17047899999999999 0.00651309
-0.015521200000000001 0.17385700000000001 0.0068308199999999996
0.018224299999999999 0.17274200000000001 0.0064774999999999998
-0.0157115 0.17643400000000001 0.0070621599999999996
0.0127178 0.17821400000000001 0.0062817000000000003
-0.014418200000000001 0.17825299999999999 0.0063977499999999998
-0.010535600000000001 0.179004 0.0070904699999999998
-0.0044872499999999999 0.17868200000000001 0.0062485800000000001
0.0098023899999999994 0.17907899999999999 0.0071934499999999997
0.0076957199999999996 0.17877399999999999 0.0072881400000000002
-0.0094331999999999992 0.18102399999999999 0.0061931699999999996
0.0015011499999999999 0.18115700000000001 0.0062500100000000003
0.0014284499999999999 0.188281 0.0071559199999999996
0.0043049400000000002 0.18908700000000001 0.0071907999999999998
-0.0042878400000000002 0.18924299999999999 0.0074244699999999999
0.0071690699999999996 0.19172900000000001 0.0070612799999999996
-0.0093177999999999993 0.19245100000000001 0.0069309699999999998
-0.0106432 0.19469 0.0069292700000000004
0.0092752100000000007 0.19585900000000001 0.0063263700000000004
0.0094798999999999994 0.198075 0.0068898099999999997
0.0097678599999999997 0.201069 0.0070936599999999999
-0.0127788 0.20355400000000001 0.0066253299999999996
0.0129265 0.20696100000000001 0.0068451700000000002
-0.010556599999999999 0.20691799999999999 0.0072696799999999997
-0.00965186 0.20932100000000001 0.0067680700000000002
-0.0066787299999999999 0.211974 0.0067212900000000004
-0.0040317199999999999 0.215145 0.0070351500000000004
-0.0032611099999999998 0.21712300000000001 0.0062164300000000002
-0.0012367400000000001 0.218115 0.0070354800000000002
0.0013998299999999999 0.21865299999999999 0.0078534699999999995
0.0022287700000000001 0.22043499999999999 0.0064361499999999999
0.0069652000000000004 0.22095500000000001 0.0067031699999999996
0.0308125 0.0532486 0.0072504600000000002
-0.019659300000000001 0.061539299999999998 0.0078028100000000003
-0.0044143300000000002 0.061426799999999997 0.0073733399999999999
0.00710824 0.079672099999999996 0.0074028499999999999
-0.0146927 0.12375800000000001 0.0067136699999999997
0.0041171200000000002 0.17882500000000001 0.0067046500000000004
0.0135789 0.212427 0.0073426899999999998
-0.0103622 0.061427599999999999 0.0072587499999999996
0.0043565000000000001 0.061435200000000002 0.0074149999999999997
0.0073751900000000002 0.109753 0.0081388499999999996
-0.0106715 0.115816 0.00725984
0.0073902300000000002 0.128274 0.0076806499999999998
0.00165653 0.17904999999999999 0.00671523
0.016464800000000002 0.061195800000000002 0.0076816699999999998
0.0014032000000000001 0.12801499999999999 0.0078702100000000007
-0.010452400000000001 0.118739 0.0075839799999999997
0.0071500699999999997 0.121776 0.0080638399999999992
-0.029962699999999998 0.0601077 0.0080538799999999994
0.0091322799999999996 0.112729 0.0080342199999999999
-0.0151421 0.11652 0.0079364599999999993
-0.015701699999999999 0.122957 0.0080367500000000005
0.011173499999999999 0.13344400000000001 0.0081808699999999998
-0.0173133 0.13711699999999999 0.0079149500000000005
-0.017532300000000001 0.14572099999999999 0.0083787900000000005
0.0235538 0.15154200000000001 0.0086258900000000006
-0.020715799999999999 0.15818199999999999 0.0080273099999999993
0.0209874 0.165495 0.0077654400000000002
0.018073700000000002 0.16841700000000001 0.0079833600000000001
-0.013856800000000001 0.17315700000000001 0.0085890700000000007
-0.0069774499999999996 0.17718200000000001 0.0081812699999999992
0.0053066800000000003 0.19028 0.0081226800000000002
0.0087892100000000004 0.19686100000000001 0.0079350299999999992
-0.0071982799999999996 0.20375299999999999 0.0075973100000000003
-0.0014225100000000001 0.21606400000000001 0.0085931800000000006
0.0041878999999999996 0.21937400000000001 0.0080903099999999999
-0.038733400000000001 0.0577762 0.0082115499999999998
0.0206561 0.143399 0.0081424300000000008
-0.010743300000000001 0.20091000000000001 0.0075987199999999998
-0.0045676500000000004 0.200629 0.0083502300000000002
-0.00508298 0.20316799999999999 0.0086514499999999998
-0.0045083399999999996 0.176038 0.0082641899999999994
0.0069766899999999998 0.17710899999999999 0.0084036400000000004
-0.0105521 0.177374 0.0084681500000000007
-0.0075836799999999998 0.20630799999999999 0.00854947
-0.0109354 0.122183 0.00827928
0.0079097999999999998 0.13056999999999999 0.00865083
-0.0078339299999999994 0.198105 0.0086866700000000005
-0.00125847 0.174373 0.0084155600000000007
-0.031525600000000001 0.052770699999999997 0.0103608
-0.038420900000000001 0.056381100000000003 0.0109319
0.018719599999999999 0.0589943 0.0095391799999999995
0.0293577 0.071199399999999996 0.0102606
-0.037785699999999998 0.079296000000000005 0.0104073
0.025948599999999999 0.079834500000000003 0.010181000000000001
-0.031959300000000003 0.083168400000000003 0.0105529
-0.014012500000000001 0.107249 0.0094277200000000005
0.00186831 0.112938 0.0092932799999999992
0.00232848 0.115965 0.0097306400000000005
-0.015491400000000001 0.119225 0.0094410399999999995
-0.015908200000000001 0.121588 0.0101741
-0.016065800000000002 0.13747100000000001 0.0098805300000000002
0.019080400000000001 0.140232 0.0099543600000000006
-0.017011800000000001 0.144182 0.0086017300000000001
-0.0188165 0.16175300000000001 0.0097483499999999994
-0.0042649799999999998 0.17426 0.0087171200000000001
0.0011068300000000001 0.17450599999999999 0.0085510699999999992
-0.0090820199999999997 0.177924 0.0090754200000000007
-0.0044459299999999998 0.191883 0.0098000299999999995
-0.0083660999999999996 0.19366900000000001 0.0087878499999999998
-0.0046380400000000004 0.21027699999999999 0.0088145299999999992
0.026059599999999999 0.050860299999999997 0.0100453
-0.0303212 0.055419700000000002 0.0095842400000000008
0.0192195 0.056071700000000002 0.0101336
-0.039638600000000003 0.060028400000000003 0.0100672
0.0166456 0.061075699999999997 0.0104752
0.013365800000000001 0.061348100000000003 0.0098101799999999999
-0.040831300000000001 0.061807399999999998 0.010384900000000001
-0.0015497499999999999 0.061537099999999997 0.00999565
0.0306915 0.069725099999999998 0.0100077
0.028190099999999999 0.072451000000000002 0.0093122900000000008
0.026379199999999998 0.073714699999999994 0.0104761
0.027847899999999998 0.078894000000000006 0.0101907
-0.0043318300000000001 0.079641600000000007 0.010725800000000001
0.020043200000000001 0.079841200000000001 0.010463
-0.0166217 0.079801399999999995 0.010138899999999999
0.016878399999999998 0.079821299999999998 0.0104888
-0.0209751 0.0825346 0.0094163400000000005
-0.013679699999999999 0.104939 0.0090798300000000005
-0.013945300000000001 0.112626 0.0093212199999999999
0.0041545200000000001 0.11915199999999999 0.010298699999999999
0.0051306299999999997 0.125275 0.010327299999999999
-0.0078998100000000002 0.126723 0.0089981200000000001
-0.0043097700000000001 0.12837100000000001 0.0095072000000000004
0.0068091499999999999 0.12817100000000001 0.010637000000000001
0.0047090099999999996 0.12869900000000001 0.010199099999999999
-0.015755700000000001 0.13101399999999999 0.0100959
0.0099133599999999995 0.134712 0.0097728099999999998
0.016199700000000001 0.13770099999999999 0.010330199999999999
0.0189211 0.14318400000000001 0.0095974900000000002
-0.016112100000000001 0.14600299999999999 0.0102024
-0.0183958 0.149308 0.0094693899999999994
-0.0190992 0.155027 0.010479499999999999
0.022934400000000001 0.15826000000000001 0.0105799
0.021689099999999999 0.16358300000000001 0.0095025800000000001
0.016823899999999999 0.16783300000000001 0.010819199999999999
-0.0129091 0.17010800000000001 0.0100105
-0.0042014900000000004 0.17325699999999999 0.010150599999999999
0.0017194199999999999 0.17335700000000001 0.010633099999999999
0.013007700000000001 0.17548 0.0099520700000000004
-0.012944499999999999 0.176122 0.0093977899999999996
-0.0098595699999999998 0.176042 0.0096241199999999999
0.0045227000000000002 0.19167300000000001 0.0101344
0.0069694500000000003 0.19464400000000001 0.0101
0.0075134099999999999 0.19769700000000001 0.010356300000000001
-0.0014229799999999999 0.19747899999999999 0.0097797700000000001
0.0088564999999999998 0.20141400000000001 0.0087090499999999994
0.0090951000000000001 0.204398 0.0092028300000000004
-0.00145944 0.212531 0.0093337400000000001
0.0118651 0.212475 0.0089523599999999995
-0.0012897200000000001 0.21471100000000001 0.0092374799999999993
0.028785000000000002 0.050616599999999998 0.0106429
0.022107399999999999 0.051877 0.0099072199999999996
0.019910500000000001 0.053543199999999999 0.0108494
-0.039891700000000002 0.055178499999999998 0.010324
-0.028120699999999998 0.061069100000000001 0.0097545300000000008
-0.016703099999999999 0.0615985 0.010071500000000001
-0.042511699999999999 0.065037300000000006 0.0095599799999999992
-0.042454100000000002 0.067698900000000006 0.0098803499999999995
-0.037487800000000002 0.073414199999999999 0.010279099999999999
0.0264859 0.075673699999999997 0.010600800000000001
0.0103982 0.079798499999999994 0.0102486
-0.034241199999999999 0.082230200000000003 0.010137999999999999
-0.028574700000000001 0.084935899999999995 0.0098637199999999994
-0.026173999999999999 0.085541000000000006 0.010507000000000001
0.0064744700000000004 0.110651 0.0090852899999999993
0.0037102400000000001 0.111919 0.0089687099999999995
0.00932412 0.118579 0.010097399999999999
0.0096073900000000004 0.12200800000000001 0.0105419
0.0076227200000000004 0.121657 0.0111246
-0.010691600000000001 0.12637699999999999 0.0090979200000000007
-0.010278900000000001 0.128355 0.0095046000000000002
-0.015930900000000001 0.128555 0.0101438
0.0040072399999999996 0.13136999999999999 0.010599900000000001
-0.0166871 0.140296 0.0106353
-0.0198376 0.140628 0.0096430700000000001
0.0197389 0.146316 0.010598
-0.019114099999999998 0.15840599999999999 0.010248
-0.015883999999999999 0.16707900000000001 0.010127499999999999
0.019038099999999999 0.166573 0.00966442
-0.0130712 0.174155 0.0095292299999999996
0.0044316399999999997 0.173568 0.0102267
-0.0083172699999999999 0.17829800000000001 0.0091367400000000008
-0.0015815 0.191272 0.010011300000000001
-0.0047162000000000003 0.19047600000000001 0.0089326700000000002
-0.00137779 0.20060700000000001 0.010404800000000001
-0.0034583999999999999 0.20125599999999999 0.0097770500000000007
0.0076634199999999998 0.203652 0.0100838
0.0095836199999999993 0.206732 0.0094638199999999995
-0.0010767400000000001 0.20905699999999999 0.0102126
0.010015100000000001 0.215139 0.0093797399999999993
0.0043191100000000001 0.21747 0.0093451000000000003
-0.0102874 0.061545999999999997 0.0101122
-0.00434732 0.061533400000000002 0.0102019
0.0015189400000000001 0.061565799999999997 0.010230400000000001
0.010637799999999999 0.061492199999999997 0.010290000000000001
-0.0141172 0.12243800000000001 0.0095585500000000007
-0.0071320400000000001 0.12864800000000001 0.0097399300000000008
-0.0099142199999999996 0.173212 0.0097420000000000007
0.0014571199999999999 0.19759099999999999 0.0098581099999999998
-0.0043685099999999999 0.208761 0.0095683299999999999
0.0045143800000000001 0.11591600000000001 0.0100345
-0.010955400000000001 0.17088900000000001 0.0110639
0.0017056700000000001 0.212286 0.0099006800000000002
-0.025973599999999999 0.061478600000000001 0.010710300000000001
-0.012959099999999999 0.13142499999999999 0.0103561
0.0013538000000000001 0.13144 0.0104999
0.013480000000000001 0.136577 0.0105405
0.0074763499999999997 0.20647699999999999 0.0102507
0.00131744 0.20971400000000001 0.0106073
0.026507200000000002 0.056945200000000001 0.0113568
-0.0202268 0.061615799999999998 0.0105608
-0.0014774899999999999 0.131323 0.010935
0.0080856599999999997 0.133933 0.0107578
0.0067222499999999999 0.17380000000000001 0.010825
0.0072488600000000002 0.20952899999999999 0.0101387
0.0072397 0.21202799999999999 0.0101543
0.026856600000000001 0.058324599999999997 0.01095
-0.0106018 0.0796597 0.0108942
-0.029072799999999999 0.083864599999999997 0.011159799999999999
-0.0074068500000000004 0.13094500000000001 0.010555800000000001
0.0169477 0.1401 0.011431999999999999
-0.0175896 0.16192699999999999 0.0112488
-0.0011275 0.194439 0.0105115
0.00171999 0.194878 0.010907500000000001
0.0042431400000000003 0.20683799999999999 0.010262800000000001
0.023729699999999999 0.051141699999999998 0.011510599999999999
-0.041902500000000002 0.068003300000000003 0.010954999999999999
-0.0099230299999999994 0.13465099999999999 0.0111237
0.0048448099999999997 0.19787299999999999 0.011306099999999999
0.0020521699999999999 0.20643900000000001 0.011256499999999999
-0.013322199999999999 0.13737099999999999 0.011193699999999999
-0.013996 0.143258 0.011546000000000001
0.0129567 0.173543 0.0110738
0.0044406000000000003 0.203267 0.0115078
-0.014323499999999999 0.14535100000000001 0.0115698
0.010275899999999999 0.17357300000000001 0.011220000000000001
0.00156521 0.203601 0.011518199999999999
-0.00744328 0.13420599999999999 0.0116954
-0.0106978 0.136655 0.011385599999999999
0.0038165899999999999 0.133491 0.011754199999999999
0.0261009 0.0506372 0.013068400000000001
-0.036944400000000002 0.051010100000000003 0.013594999999999999
-0.034805000000000003 0.051120899999999997 0.013565799999999999
0.022036400000000001 0.051582799999999998 0.013123299999999999
-0.0318651 0.0516456 0.0131541
-0.029265699999999999 0.052906500000000002 0.013115699999999999
0.018424200000000002 0.054394600000000001 0.012272
-0.037500499999999999 0.055821200000000001 0.0134241
0.025916100000000001 0.056210999999999997 0.0136057
0.025951200000000001 0.058963300000000003 0.0135684
-0.037328800000000002 0.059493999999999998 0.013030099999999999
0.0276473 0.059757999999999999 0.0124213
0.0289284 0.061807300000000003 0.013169200000000001
-0.025182199999999998 0.061103400000000002 0.0131745
0.015521200000000001 0.061051300000000003 0.0122506
-0.019456000000000001 0.061637699999999997 0.012914999999999999
-0.013112199999999999 0.061718099999999998 0.0132275
-0.0102685 0.061708100000000002 0.013258799999999999
-0.0014434999999999999 0.061721400000000003 0.013452499999999999
0.0044398399999999996 0.061692299999999999 0.0130192
-0.0405499 0.064875500000000003 0.013384800000000001
0.030461499999999999 0.064864400000000003 0.012519499999999999
-0.040644199999999998 0.068132899999999996 0.013220300000000001
0.028278000000000001 0.070690100000000006 0.013184
-0.0368939 0.072574899999999998 0.013211000000000001
0.025212499999999999 0.0733351 0.0129447
-0.035240899999999999 0.076217300000000002 0.013720899999999999
-0.036819900000000003 0.077262499999999998 0.012801
-0.036649599999999997 0.079242499999999993 0.0127642
-0.019640600000000001 0.079862199999999994 0.0130428
-0.013546300000000001 0.0798016 0.0134217
-0.0015332200000000001 0.079722500000000002 0.0130622
0.0017262899999999999 0.079774600000000001 0.0133265
0.0136446 0.079833799999999996 0.0135414
0.0071564999999999997 0.079869300000000004 0.013060799999999999
0.0200193 0.079855999999999996 0.0132855
0.023189600000000001 0.079847500000000002 0.0130949
-0.033948699999999998 0.081504400000000005 0.012254599999999999
-0.031545900000000002 0.082089800000000004 0.013424500000000001
-0.0269485 0.084341600000000003 0.0120252
-0.023753 0.084445900000000004 0.012252000000000001
0.0051837300000000001 0.123601 0.0121403
0.0050762200000000002 0.125809 0.0127761
0.0048372299999999997 0.12865599999999999 0.0129211
0.0075487699999999998 0.12869900000000001 0.0135791
0.0069709400000000001 0.13156699999999999 0.0137933
0.00716813 0.134435 0.0132263
0.0082637400000000003 0.13638900000000001 0.013599099999999999
0.010351000000000001 0.13710600000000001 0.0131028
0.0154608 0.13808100000000001 0.012323600000000001
-0.014889599999999999 0.140068 0.0117112
0.015349700000000001 0.143455 0.0126883
-0.013152 0.146152 0.013175600000000001
0.0192896 0.14962 0.013222299999999999
-0.0175272 0.15107499999999999 0.0117275
-0.016577499999999998 0.15207799999999999 0.0135292
-0.016544699999999999 0.15828100000000001 0.0135478
-0.015961800000000002 0.16146099999999999 0.0133116
0.018816800000000002 0.163907 0.013059899999999999
-0.0154859 0.16425699999999999 0.012614800000000001
-0.0132751 0.16692599999999999 0.0131425
-0.0101298 0.17009299999999999 0.012884899999999999
-0.0082356500000000006 0.17078599999999999 0.0137006
-0.0069679599999999996 0.173321 0.013069300000000001
-0.0044138199999999997 0.17236399999999999 0.0122591
0.0043531799999999999 0.17236199999999999 0.012828300000000001
0.0015746 0.172321 0.0131056
0.0083660899999999996 0.17522599999999999 0.012633200000000001
-0.00120929 0.204573 0.0124443
0.00072192299999999997 0.20669999999999999 0.0123625
0.028135 0.050913800000000002 0.013074300000000001
0.013589199999999999 0.061053799999999998 0.0135672
-0.0046032199999999999 0.079732200000000003 0.0136136
-0.0040311799999999997 0.134378 0.0131933
0.00511818 0.13467499999999999 0.013503100000000001
-0.0073334799999999999 0.136492 0.013417399999999999
-0.012932000000000001 0.13997899999999999 0.0132208
0.021603500000000001 0.158692 0.0124633
0.029518599999999999 0.067994100000000002 0.0139314
0.00816711 0.122498 0.012218100000000001
0.016664700000000001 0.14610300000000001 0.013743200000000001
0.021416500000000002 0.15468899999999999 0.012492700000000001
-0.0122685 0.16894999999999999 0.012302799999999999
-0.027247400000000001 0.058377600000000002 0.0128082
0.00120506 0.135078 0.0129274
-0.0104695 0.14336299999999999 0.0133429
0.023715699999999999 0.051200000000000002 0.0138434
-0.026435799999999999 0.055637899999999997 0.0140398
-0.035676399999999997 0.058566600000000003 0.014044299999999999
-0.038046900000000002 0.061096999999999999 0.0144499
0.0263363 0.072092400000000001 0.0139448
0.0014762499999999999 0.13585 0.0141499
-0.0104928 0.140542 0.014249299999999999
0.013246600000000001 0.14321200000000001 0.0140603
0.019951099999999999 0.15459300000000001 0.014001400000000001
-0.013786400000000001 0.16453999999999999 0.0141491
-0.0115838 0.16776199999999999 0.014022400000000001
-0.0047896299999999996 0.171351 0.0140059
0.017861999999999999 0.14870800000000001 0.014301700000000001
0.0272763 0.0542925 0.0141581
-0.00220367 0.17128099999999999 0.014478100000000001
-0.0078796500000000002 0.14325199999999999 0.0145104
0.0043168399999999997 0.17142299999999999 0.014414700000000001
0.0227178 0.052612399999999997 0.016284799999999999
0.017347600000000001 0.0539158 0.015928000000000001
0.025179099999999999 0.055460500000000003 0.015936700000000002
-0.036666400000000002 0.060114500000000001 0.0151354
0.027770599999999999 0.062235499999999999 0.0154784
0.025889800000000001 0.070828699999999994 0.016739500000000001
0.024907599999999998 0.072517600000000002 0.015085299999999999
0.0237098 0.075805399999999995 0.014959200000000001
-0.0342738 0.079065800000000006 0.0162694
-0.0230677 0.079984200000000005 0.016577600000000001
-0.031924300000000003 0.080053899999999997 0.016359599999999998
0.0069106200000000001 0.13491400000000001 0.0156921
0.0044346400000000001 0.13695299999999999 0.0168103
-0.0065919400000000001 0.13748299999999999 0.015752100000000002
0.0102275 0.13756399999999999 0.0155876
-0.0149763 0.15132200000000001 0.0147791
0.018150599999999999 0.15231 0.0151544
0.0093494500000000005 0.169822 0.0151576
0.0075650700000000001 0.170347 0.016668200000000001
0.0078780900000000008 0.17243600000000001 0.015738800000000001
-0.034763799999999997 0.050890999999999999 0.016650100000000001
-0.0288781 0.051829199999999999 0.016202000000000001
-0.026237199999999999 0.054101099999999999 0.0148843
-0.0250879 0.055572099999999999 0.0153157
0.0248086 0.059349800000000001 0.015890399999999999
-0.0221271 0.061133100000000003 0.015735200000000001
-0.039526400000000003 0.067985299999999999 0.015165400000000001
-0.0012830599999999999 0.0798045 0.016481300000000001
0.00126991 0.079828800000000005 0.016783300000000001
0.016280200000000002 0.079847100000000004 0.015774400000000001
0.0105053 0.079866500000000007 0.016742400000000001
0.012034400000000001 0.140759 0.014959099999999999
-0.0099978800000000007 0.146365 0.0157033
0.016024799999999999 0.14894299999999999 0.0160199
0.018272799999999999 0.16062499999999999 0.015211000000000001
0.017809700000000001 0.162634 0.014826499999999999
0.0105536 0.16753399999999999 0.016285299999999999
0.0149496 0.057216400000000001 0.0150467
-0.037346200000000003 0.0622155 0.0166094
0.028110199999999998 0.067704799999999996 0.016323500000000001
-0.0098734300000000007 0.079857700000000004 0.016809299999999999
-0.0067988700000000003 0.13999600000000001 0.015636299999999999
0.0102547 0.14022799999999999 0.015895099999999999
-0.0064710000000000002 0.143929 0.0155993
0.015591000000000001 0.147178 0.015473900000000001
-0.0154082 0.15226600000000001 0.015254500000000001
-0.014721 0.16105800000000001 0.0147175
-0.012994800000000001 0.16191700000000001 0.015835700000000001
-0.034641400000000003 0.059293800000000001 0.016468
0.0075704500000000003 0.061451800000000001 0.016780699999999999
-0.0195227 0.061404300000000002 0.016959499999999999
0.028167399999999999 0.064684900000000004 0.016204300000000001
0.027193200000000001 0.070491399999999996 0.0154433
-0.025896599999999999 0.080199400000000004 0.016913600000000001
-0.028679699999999999 0.081797800000000004 0.015689499999999999
-0.0093506400000000003 0.13774900000000001 0.015129800000000001
0.0123515 0.13972300000000001 0.015236899999999999
-0.0136294 0.152416 0.0164154
0.018213 0.15463199999999999 0.0155371
0.013259699999999999 0.166682 0.015511499999999999
0.0048044699999999999 0.16956099999999999 0.0167215
-0.034723700000000003 0.056299700000000001 0.016660000000000001
-0.0164143 0.0617066 0.015914999999999999
-0.0073706700000000002 0.061825199999999997 0.0167298
0.0048036399999999996 0.061650700000000003 0.016049799999999999
0.010180399999999999 0.14357700000000001 0.016158700000000002
-0.036804200000000002 0.052502899999999998 0.016566600000000001
0.013531899999999999 0.055934600000000001 0.016681600000000001
0.0016533800000000001 0.061760799999999998 0.016446300000000001
-0.038450600000000001 0.064815800000000007 0.016705899999999999
-0.032426000000000003 0.076132000000000005 0.017109099999999999
0.0245603 0.078792699999999993 0.015782500000000001
-0.0291258 0.080281900000000003 0.016929400000000001
-0.0044259700000000004 0.14047100000000001 0.0159825
0.018453500000000001 0.15777099999999999 0.015578
-0.0105367 0.16465099999999999 0.0166614
0.025986599999999999 0.061703000000000001 0.0173968
-0.032389899999999999 0.074028099999999999 0.016820399999999999
0.0073077699999999999 0.14314099999999999 0.016849300000000001
0.016313600000000001 0.15202599999999999 0.016586199999999999
0.00219039 0.16961599999999999 0.0170376
-0.032520800000000002 0.051065300000000001 0.017291000000000001
0.0232272 0.056448499999999999 0.017113300000000001
0.023055200000000001 0.077000899999999997 0.017040900000000001
0.014168999999999999 0.0798571 0.01704
0.0073964399999999998 0.13752800000000001 0.0168589
-0.010747700000000001 0.149255 0.016918699999999998
0.016520799999999999 0.158251 0.016933699999999999
0.013066400000000001 0.16431299999999999 0.0170954
-0.023411700000000001 0.0538743 0.017560900000000001
-0.0075299299999999998 0.079841899999999993 0.017173500000000001
0.0013352500000000001 0.14321900000000001 0.017226999999999999
-0.013262599999999999 0.155053 0.017353500000000001
0.0046163300000000001 0.14313000000000001 0.017237200000000001
-0.0328624 0.058137000000000001 0.017351200000000001
0.0240894 0.0721942 0.017062600000000001
0.0137442 0.14896100000000001 0.0175272
0.0085805800000000008 0.16794200000000001 0.017571
-0.0354591 0.051978000000000003 0.0180103
-0.0341435 0.052541499999999998 0.019581500000000002
0.0170428 0.055306300000000003 0.019857900000000001
-0.034139999999999997 0.055071099999999998 0.018907400000000001
0.011375400000000001 0.057027099999999997 0.017729200000000001
-0.032720399999999997 0.057002700000000003 0.018016999999999998
-0.019754399999999998 0.058701099999999999 0.018937599999999999
0.00437492 0.061309599999999999 0.019517
0.026953100000000001 0.065035899999999994 0.0179887
0.025758 0.067908499999999997 0.019391599999999998
0.022977500000000001 0.071218000000000004 0.0197535
0.019757299999999998 0.073355900000000002 0.019755399999999999
0.020047200000000001 0.076359099999999999 0.0196302
-0.031074500000000001 0.076877000000000001 0.0193609
-0.031542300000000002 0.079117199999999999 0.0192277
-0.0020469799999999999 0.145066 0.017891299999999999
-0.0111375 0.15200900000000001 0.0175902
0.0149973 0.15238499999999999 0.017980800000000002
-0.0122156 0.157613 0.0181616
0.0142626 0.16167899999999999 0.0176311
0.013077 0.16121099999999999 0.018365800000000002
-0.0089664500000000008 0.165159 0.017757499999999999
-0.0075090199999999999 0.16470299999999999 0.019061100000000001
-0.0064320499999999999 0.16688800000000001 0.018615
0.0072298400000000004 0.16758200000000001 0.018981600000000001
-0.00222755 0.168688 0.017979599999999998
-0.0043270399999999999 0.16766900000000001 0.019686100000000002
0.00092524999999999997 0.16952200000000001 0.018799699999999999
-0.019875899999999998 0.0553144 0.019189100000000001
0.0068647400000000003 0.061215899999999997 0.018854599999999999
-0.034886599999999997 0.070492200000000005 0.0193936
0.019855500000000002 0.079603800000000002 0.019614199999999998
-0.0046657699999999996 0.14695900000000001 0.018418899999999998
-0.010309799999999999 0.158529 0.019046199999999999
0.0224584 0.053802500000000003 0.018981600000000001
0.022016600000000001 0.059308199999999998 0.019104800000000002
0.0095873 0.058994100000000001 0.018712900000000001
-0.010037300000000001 0.061584199999999999 0.0196787
0.024966200000000001 0.062567700000000004 0.0194586
0.016501700000000001 0.0798764 0.019697800000000001
0.0017561199999999999 0.146149 0.019087099999999999
0.0044273200000000002 0.146176 0.019222900000000001
0.0124241 0.149648 0.0184654
-0.0095168900000000001 0.152146 0.0184637
0.013576100000000001 0.15479799999999999 0.0190408
0.012292300000000001 0.16286600000000001 0.0181248
-0.0134935 0.079913999999999999 0.0195525
-0.0040351600000000003 0.079878099999999994 0.019677500000000001
0.0047314999999999996 0.079883999999999997 0.019252499999999999
0.0107327 0.14904999999999999 0.019048699999999998
-0.0193831 0.079962199999999997 0.019769200000000001
0.013033599999999999 0.079890600000000006 0.019727499999999999
-0.023079100000000002 0.053679200000000003 0.020264799999999999
-0.016912400000000001 0.056331800000000001 0.020247299999999999
-0.034417000000000003 0.061997200000000002 0.019914299999999999
-0.018751400000000001 0.060610700000000003 0.018753300000000001
-0.036197699999999999 0.063282199999999997 0.018978999999999999
0.025015099999999998 0.069642700000000002 0.0192493
0.022031700000000001 0.072455699999999998 0.019033100000000001
0.021529699999999999 0.078854800000000003 0.019252700000000001
-0.0043308499999999998 0.148837 0.019419700000000002
-0.0077709900000000002 0.16153899999999999 0.019514199999999999
0.0104102 0.16129299999999999 0.019460000000000002
-0.0023436899999999998 0.16861100000000001 0.019362000000000001
0.0036412699999999998 0.16924800000000001 0.019742900000000001
-0.0070229300000000001 0.061601599999999999 0.0200322
-0.0039791499999999999 0.061630600000000001 0.019913199999999999
-0.0233102 0.080004000000000006 0.020102499999999999
-0.0070185000000000004 0.079884800000000006 0.0195192
0.007169 0.079895999999999995 0.019894200000000001
0.0106202 0.15163299999999999 0.0196911
0.0231314 0.061328399999999998 0.020386700000000001
-0.035575299999999997 0.064999100000000004 0.020312799999999999
-0.035520400000000001 0.067980100000000002 0.020422599999999999
0.010387800000000001 0.079901 0.0200556
-0.0075631500000000003 0.15468999999999999 0.019564100000000001
0.0072705199999999999 0.149063 0.020197799999999998
0.0074061600000000002 0.161217 0.019910400000000002
-0.0041994800000000002 0.15218699999999999 0.020221099999999999
0.0102711 0.15823599999999999 0.020098499999999998
0.0040152599999999997 0.16148299999999999 0.020358500000000002
0.0045978599999999996 0.16454099999999999 0.020269599999999999
-0.0324155 0.060848300000000001 0.0209465
0.00148168 0.148808 0.020439499999999999
-0.0024454799999999999 0.161722 0.0203406
-0.0023263099999999998 0.16453899999999999 0.020652299999999998
-0.029479999999999999 0.058683199999999998 0.020901300000000001
0.017919999999999998 0.074325199999999994 0.020524000000000001
0.0074562700000000001 0.15165300000000001 0.020609200000000001
0.0071715399999999997 0.15509300000000001 0.0205025
0.0075855200000000001 0.15815799999999999 0.020185999999999999
0.0052565399999999997 0.057109399999999998 0.021038500000000002
0.019273599999999998 0.059059500000000001 0.021689
0.0042041300000000004 0.14943100000000001 0.020720300000000001
-0.00151366 0.15859599999999999 0.020806600000000001
-0.031828299999999997 0.052821 0.021744599999999999
-0.0200958 0.055304800000000001 0.0230724
-0.016389299999999999 0.056009000000000003 0.0224975
0.0074158100000000001 0.056739400000000002 0.021867899999999999
0.022689299999999999 0.0678034 0.022701599999999999
-0.031726999999999998 0.070621600000000007 0.022543799999999999
0.018809900000000001 0.078797400000000004 0.0217655
0.0164137 0.079547999999999994 0.022724100000000001
0.0046021500000000002 0.15493299999999999 0.020938399999999999
0.00085789899999999997 0.15823699999999999 0.0217509
-0.00088775200000000001 0.16153100000000001 0.022049200000000001
0.0035976599999999999 0.16770599999999999 0.021637
-0.00060656499999999999 0.16966800000000001 0.021146999999999999
-0.013188 0.056717799999999999 0.022430499999999999
0.0242378 0.065413499999999999 0.021311199999999999
-0.0261242 0.079683199999999996 0.022854599999999999
0.0133475 0.079934000000000005 0.022357700000000001
0.00511905 0.15165500000000001 0.021001800000000001
-0.0287414 0.056084000000000002 0.022819900000000001
-0.028817700000000002 0.059005099999999998 0.022140799999999999
-0.013223199999999999 0.058849100000000001 0.0217702
-0.033984899999999998 0.064512700000000006 0.021844700000000002
-0.034104099999999998 0.068105100000000002 0.021886900000000001
0.019973000000000001 0.071338200000000004 0.022553900000000002
0.016653000000000001 0.076455700000000001 0.022580900000000001
-0.016830999999999999 0.080016000000000004 0.0226838
-0.0075341200000000001 0.079972199999999993 0.0226494
0.0072002500000000001 0.079971700000000007 0.022227500000000001
0.0011014499999999999 0.15293000000000001 0.021255300000000001
-0.00052858699999999996 0.15476100000000001 0.021248199999999998
0.0014818699999999999 0.15554399999999999 0.021810400000000001
0.0016904999999999999 0.16138 0.022372900000000001
0.0014711800000000001 0.058290000000000002 0.022305100000000001
0.0219834 0.0622114 0.0222878
-0.0105185 0.079978900000000006 0.0224567
0.0017390000000000001 0.16480600000000001 0.022058500000000002
-0.022437499999999999 0.054687300000000001 0.023208099999999999
-0.0101779 0.057048399999999999 0.023053899999999999
0.0168513 0.058907000000000001 0.023191799999999999
-0.010705299999999999 0.060901299999999998 0.021850000000000001
0.022482599999999998 0.064875299999999997 0.022901399999999999
-0.028199700000000001 0.077339599999999994 0.022322700000000001
-0.0012685000000000001 0.079994800000000005 0.0231338
0.0042315 0.079991999999999994 0.022967100000000001
0.0017621799999999999 0.167516 0.022074799999999999
-0.0238535 0.0539684 0.022410300000000001
0.0043203900000000003 0.057009900000000002 0.022432400000000002
0.020114799999999999 0.061371299999999997 0.023301700000000002
-0.0071952400000000003 0.061142799999999997 0.022215599999999999
0.0181313 0.072570300000000004 0.022386900000000001
-0.0040028700000000004 0.079991199999999998 0.023008799999999999
0.0031012499999999998 0.16280500000000001 0.0220295
-0.026447499999999999 0.058614600000000003 0.023260300000000001
-0.029299700000000001 0.071762000000000006 0.023418399999999999
-0.032560600000000002 0.064880099999999996 0.023295099999999999
-0.0264303 0.056672899999999998 0.023870100000000002
-0.029312299999999999 0.060914500000000003 0.0236945
0.0138245 0.073747699999999999 0.0238377
0.013719200000000001 0.075711100000000003 0.023796899999999999
-0.0238733 0.074434 0.0237857
-0.026724999999999999 0.053921200000000002 0.024725799999999999
-0.0256948 0.0594231 0.024674700000000001
0.016272200000000001 0.059904199999999998 0.024825300000000002
-0.031149 0.067929100000000006 0.024593400000000001
0.016627900000000001 0.070888300000000001 0.0256183
0.0212111 0.065613099999999994 0.024209899999999999
0.0154539 0.077333200000000005 0.024215
-0.025135899999999999 0.079052800000000006 0.024661599999999999
0.01043 0.079705499999999999 0.025837499999999999
-0.016419400000000001 0.0567777 0.0259425
0.010862999999999999 0.0582827 0.025687399999999999
0.013322499999999999 0.073150699999999999 0.0249675
-0.022861599999999999 0.076647000000000007 0.025227200000000002
-0.019809799999999999 0.079949500000000007 0.025573599999999998
-0.025400300000000001 0.055879400000000003 0.024941499999999998
-0.022893299999999998 0.055998199999999998 0.025778200000000001
-0.0135601 0.056899100000000001 0.0251188
-0.0071645199999999997 0.057717299999999999 0.025984899999999998
0.013568800000000001 0.059092899999999997 0.025633900000000001
0.016719100000000001 0.061550899999999999 0.025956300000000002
-0.0303772 0.063154299999999997 0.024598200000000001
0.019686599999999999 0.065345299999999995 0.025378899999999999
-0.026221399999999999 0.071449200000000004 0.025923600000000002
0.0107691 0.073488999999999999 0.0259168
0.0108326 0.076359399999999994 0.025949400000000001
0.013270799999999999 0.079207600000000003 0.025375399999999999
-0.0111898 0.0572084 0.0252158
0.0071965299999999996 0.058399199999999998 0.026214100000000001
-0.0226863 0.059025300000000003 0.026026899999999999
-0.0102407 0.080037499999999998 0.026060799999999999
0.00172317 0.080009300000000005 0.025964999999999998
-0.0097914899999999999 0.057621199999999997 0.026301600000000001
-0.029061400000000001 0.068066600000000005 0.026127500000000001
-0.019985699999999999 0.076297799999999999 0.026353499999999998
-0.0134018 0.080053399999999997 0.0259858
-0.0013309999999999999 0.080009200000000003 0.025824699999999999
0.0012172999999999999 0.0580759 0.026018699999999999
0.0137415 0.071896399999999999 0.026431699999999999
0.017987199999999998 0.064975099999999994 0.026561700000000001
0.00788289 0.073977200000000007 0.026693000000000001
0.0072686199999999999 0.075752899999999998 0.026909200000000001
-0.023953100000000001 0.071873900000000004 0.026890299999999999
-0.0187481 0.072974399999999995 0.027613200000000001
-0.019153900000000001 0.0593681 0.0279581
0.010295 0.059542699999999997 0.027829199999999998
-0.025216599999999999 0.062494300000000003 0.0276636
0.016288299999999999 0.064879199999999998 0.0276373
-0.027206000000000001 0.068839600000000001 0.027198900000000002
0.013323700000000001 0.070443500000000006 0.0280714
-0.016374099999999999 0.073402499999999996 0.0281841
0.0094243899999999995 0.077333399999999997 0.027411999999999999
0.0042960000000000003 0.079568700000000006 0.028414499999999999
0.0160602 0.067744399999999996 0.027835700000000001
0.0068302800000000002 0.072906899999999997 0.0281782
0.00727664 0.076977599999999993 0.027970399999999999
0.00968399 0.078785599999999997 0.0274305
0.0070932299999999998 0.079410999999999995 0.028021299999999999
-0.0134704 0.058677300000000002 0.0288232
-0.0072782799999999998 0.058683899999999997 0.028899299999999999
0.00128068 0.059198099999999997 0.029027399999999998
-0.0229853 0.061766000000000001 0.028343900000000002
-0.0205825 0.071471599999999996 0.028875899999999999
0.0045611499999999999 0.076690700000000001 0.0285726
-0.019607900000000001 0.079145800000000002 0.0276046
-0.010675499999999999 0.079724199999999995 0.028887400000000001
0.0013100500000000001 0.079497499999999999 0.029198200000000001
-0.00131325 0.059057100000000001 0.029042700000000001
0.0097031099999999992 0.072424600000000006 0.027881199999999998
-0.019101300000000002 0.077644099999999994 0.027746099999999999
-0.0044565999999999998 0.079901299999999995 0.029142899999999999
-0.0102668 0.058551400000000003 0.028977599999999999
0.0135341 0.065022999999999997 0.0292293
0.0014663600000000001 0.073547000000000001 0.0288933
0.0012585599999999999 0.076444799999999993 0.0290802
-0.010208099999999999 0.076420100000000005 0.029235299999999999
-0.0017274499999999999 0.074155499999999999 0.029045700000000001
-0.019547999999999999 0.061339299999999999 0.029575899999999999
-0.023182299999999999 0.064682100000000006 0.029576700000000001
-0.017325500000000001 0.071884400000000001 0.029765199999999999
-0.0076007999999999996 0.074167200000000003 0.029109300000000001
-0.0070339499999999998 0.0762679 0.029441800000000001
-0.0041731399999999997 0.076233300000000004 0.029482299999999999
0.0079778699999999998 0.0611709 0.0300939
-0.0073645899999999999 0.059804200000000002 0.031062599999999999
0.00143921 0.060132499999999998 0.030895800000000001
0.0044537700000000001 0.061462299999999997 0.031285800000000002
0.0070589299999999997 0.061932300000000003 0.030835399999999999
-0.020054599999999999 0.064895900000000006 0.030979599999999999
-0.021393499999999999 0.063825000000000007 0.030239100000000001
0.0102538 0.068107500000000001 0.030700399999999999
-0.019316199999999999 0.070120000000000002 0.030459199999999999
-0.0164347 0.070478100000000002 0.031168999999999999
0.0044194100000000004 0.0704766 0.031523500000000003
0.0015822900000000001 0.071233000000000005 0.031547800000000001
-0.0013555900000000001 0.072540199999999999 0.030617800000000001
-0.0071661800000000003 0.072533799999999996 0.030804700000000001
-0.0043666 0.072552599999999995 0.030795300000000001
-0.0014610700000000001 0.078874799999999995 0.030329700000000001
-0.012149699999999999 0.060133100000000002 0.030769299999999999
-0.019309099999999999 0.062908800000000001 0.030686700000000001
-0.019483899999999998 0.068092200000000005 0.0312114
-0.0068856899999999999 0.077776999999999999 0.030469900000000001
-0.0018574900000000001 0.077897099999999997 0.030403800000000002
-0.0044472599999999998 0.078879199999999997 0.030505399999999998
-0.010436000000000001 0.0711648 0.0318868
-0.0013397299999999999 0.071030099999999999 0.032130400000000003
0.0072135400000000001 0.064972199999999994 0.031871200000000002
-0.010397399999999999 0.061935400000000002 0.032345499999999999
-0.0071447799999999999 0.071127800000000005 0.0322577
-0.001523 0.061868100000000002 0.0325311
-0.0166363 0.068031499999999995 0.032157499999999999
-0.0042815600000000002 0.061721499999999999 0.032580499999999998
0.0043978100000000003 0.067955299999999996 0.032649600000000001
-0.0133162 0.068292000000000005 0.032930599999999997
0.0022147600000000001 0.064179200000000006 0.033012699999999999
-0.0112024 0.069045999999999996 0.0330815
-0.010329100000000001 0.065000299999999997 0.033495999999999998
0.0013364900000000001 0.065301200000000004 0.033338899999999998
0.00148748 0.067551799999999995 0.0333438
-0.012466 0.0669101 0.033352
-0.00122244 0.068004700000000001 0.033578400000000001
-0.0070247499999999997 0.064729800000000004 0.033708099999999998
-0.0073376099999999996 0.067984600000000006 0.033750000000000002
-0.0043785200000000003 0.067991499999999996 0.0337919
-0.0041434999999999996 0.069574999999999998 0.033264099999999998
