ply
format ascii 1.0
element vertex 2048
property float x
property float y
property float z
element face 0
property list uchar int vertex_indices
end_header
-0.0072502499999999998 0.065167699999999995 -0.047265000000000001
-0.0074054500000000001 0.068311800000000006 -0.046739900000000001
-0.0015032299999999999 0.068329899999999999 -0.046526199999999997
-0.010398599999999999 0.061936999999999999 -0.046176500000000002
-0.0130837 0.067974000000000007 -0.046265899999999999
0.0041349100000000003 0.065080299999999994 -0.046067499999999997
-0.016427799999999999 0.064774899999999996 -0.045777999999999999
-0.0107843 0.070097599999999996 -0.045442000000000003
-0.0072521199999999999 0.070288199999999995 -0.045577600000000003
0.0064653699999999998 0.065055199999999994 -0.045418300000000002
-0.013393499999999999 0.069786299999999996 -0.045287300000000003
-0.0040323099999999999 0.052463000000000003 -0.044354999999999999
-0.0064253499999999998 0.052917899999999997 -0.045272800000000002
0.00131887 0.060449999999999997 -0.045067299999999998
-0.0136525 0.0711397 -0.043864899999999998
-0.0101341 0.050344100000000003 -0.044227200000000001
-0.017170000000000001 0.061538200000000001 -0.044539599999999999
-0.020021000000000001 0.067862800000000001 -0.044341400000000003
-0.0134161 0.050053899999999998 -0.043525700000000001
0.00074258899999999999 0.054056100000000003 -0.043536199999999997
-0.010470999999999999 0.058777599999999999 -0.043781399999999998
-0.016137800000000001 0.0594002 -0.043235700000000002
0.010534699999999999 0.065203499999999998 -0.043884600000000003
-0.00160147 0.071896500000000002 -0.043473100000000001
-0.022752700000000001 0.065001799999999998 -0.043451900000000002
-0.0128126 0.055589899999999998 -0.043063900000000002
0.0068792100000000002 0.059591499999999999 -0.043023100000000002
-0.0103169 0.076705499999999996 -0.043480100000000001
-0.0043822699999999997 0.078777 -0.043304799999999997
-0.00137846 0.078820799999999996 -0.0431543
-0.0225285 0.062143400000000001 -0.042773600000000002
-0.018856100000000001 0.053368499999999999 -0.042763599999999999
0.0127297 0.067616999999999997 -0.042582000000000002
0.00147752 0.078919600000000006 -0.0427108
0.010205199999999999 0.069899600000000006 -0.042492500000000002
-0.0120885 0.072638499999999995 -0.0422581
0.00056643799999999995 0.072826199999999994 -0.042244200000000003
-0.023230199999999999 0.061122799999999998 -0.041869299999999998
0.0045973300000000002 0.056153399999999999 -0.041097099999999998
-0.0197348 0.058458299999999998 -0.040849799999999999
0.0139463 0.068417199999999997 -0.041561599999999997
0.0079012100000000005 0.071600399999999995 -0.041593100000000001
-0.00061797600000000001 0.074464100000000005 -0.042209499999999997
-0.0171352 0.076212699999999994 -0.0416377
-0.023035400000000001 0.0525616 -0.040500500000000002
0.0045608200000000002 0.057993900000000001 -0.041727
0.016622600000000001 0.067891800000000002 -0.040120500000000003
-0.017062000000000001 0.072153499999999995 -0.041656600000000002
0.0015426699999999999 0.079109700000000005 -0.040365699999999997
-0.019797200000000001 0.050752800000000001 -0.040593400000000002
0.014356499999999999 0.064241699999999999 -0.041887899999999999
-0.0166316 0.073629600000000003 -0.040866100000000002
-0.0051834200000000002 0.0508481 -0.0406165
0.00056370300000000003 0.053834800000000002 -0.040267499999999998
-0.019834600000000001 0.078845600000000002 -0.0405241
-0.0013331700000000001 0.079097700000000007 -0.040344999999999999
-0.025699400000000001 0.0704153 -0.040017799999999999
-0.028401099999999999 0.067976200000000001 -0.039864400000000001
-0.024804799999999998 0.059688400000000003 -0.0397922
-0.0227101 0.076835500000000001 -0.039774700000000003
0.0182323 0.065931799999999999 -0.0394831
-0.0220185 0.072399500000000006 -0.039273799999999998
-0.013607899999999999 0.050703499999999999 -0.038470600000000001
-0.022611099999999999 0.052451400000000002 -0.037581299999999998
0.00069948899999999997 0.053810400000000001 -0.037748200000000003
0.0043110099999999997 0.055267799999999999 -0.037640199999999999
-0.023194200000000002 0.0580279 -0.038573200000000002
0.016241100000000001 0.059387299999999997 -0.037878200000000001
-0.029187299999999999 0.061448700000000002 -0.038358799999999998
0.019607599999999999 0.067970900000000001 -0.037833800000000001
-0.025961399999999999 0.071963899999999997 -0.037816799999999998
0.0106698 0.074042499999999997 -0.038807300000000003
0.0137085 0.076548000000000005 -0.038444600000000002
0.0130394 0.078984100000000002 -0.037653899999999997
-0.0169377 0.079227000000000006 -0.037653300000000001
-0.0012372500000000001 0.079163499999999998 -0.037538099999999998
-0.020515700000000001 0.051562900000000002 -0.037523500000000001
0.0013565000000000001 0.079153200000000007 -0.0373975
-0.00120509 0.088879299999999994 -0.037670200000000001
-0.0071564899999999997 0.052724500000000001 -0.036848699999999998
-0.025112700000000002 0.073689000000000004 -0.0369325
-0.0013885099999999999 0.086764300000000003 -0.036945800000000001
0.0010018200000000001 0.091982499999999995 -0.037027499999999998
0.021799099999999998 0.065374000000000002 -0.036545800000000003
0.015132 0.072440900000000003 -0.036479999999999999
0.0042678300000000002 0.089027700000000001 -0.036383899999999997
-0.0041987300000000003 0.137185 -0.036835699999999999
-0.0016283999999999999 0.140402 -0.036979499999999998
-0.0012400600000000001 0.131137 -0.036580099999999997
0.00143604 0.143205 -0.036501499999999999
-0.0021334800000000001 0.12884899999999999 -0.036452999999999999
0.0070565799999999998 0.13158700000000001 -0.036474600000000003
-0.0062053400000000002 0.13441400000000001 -0.0363927
0.001044 0.14552000000000001 -0.0363085
-0.010269 0.053858299999999998 -0.035956599999999998
-0.0289845 0.058495100000000001 -0.035252199999999997
-0.034948199999999999 0.065211599999999995 -0.034615
0.017427600000000001 0.071803000000000006 -0.035528400000000002
-0.026882099999999999 0.075409500000000004 -0.035837399999999998
-0.0043845799999999999 0.086447399999999994 -0.034625700000000002
-0.0021759000000000001 0.086779200000000001 -0.035141100000000002
-0.0076011300000000002 0.089086100000000001 -0.034785799999999999
7.5772400000000007e-05 0.094450000000000006 -0.036201499999999998
-0.0044646499999999997 0.126413 -0.036237499999999999
0.00032188399999999998 0.13264799999999999 -0.036253000000000001
-0.00613804 0.13747500000000001 -0.036241299999999997
-0.0137013 0.053309500000000003 -0.035322300000000001
-0.0042994900000000004 0.055914400000000003 -0.036006099999999999
0.0138374 0.057838000000000001 -0.034858500000000001
0.0230957 0.064619399999999994 -0.035233100000000003
-0.029169199999999999 0.076508999999999994 -0.0351705
-0.022768900000000002 0.079300099999999998 -0.034416799999999997
-0.016863199999999998 0.085630200000000004 -0.034955600000000003
-0.0196876 0.0891594 -0.0345682
0.0014330499999999999 0.095239799999999999 -0.035263799999999998
-0.0043669599999999996 0.12489400000000001 -0.035952499999999998
-0.00101457 0.12826399999999999 -0.035854900000000002
-0.0076666700000000004 0.128021 -0.035789500000000002
0.010435399999999999 0.13120200000000001 -0.035098900000000002
0.0044181000000000003 0.134433 -0.035579100000000002
-0.0074252700000000003 0.14039099999999999 -0.035688400000000002
-0.0078068699999999996 0.14302899999999999 -0.035177699999999999
-0.0043976400000000004 0.14612800000000001 -0.035826999999999998
-0.00148131 0.148948 -0.035772999999999999
-0.032778300000000003 0.061305600000000002 -0.035191600000000003
-0.013389399999999999 0.079314700000000002 -0.034488600000000001
0.00158764 0.079217599999999999 -0.034790300000000003
0.0013809200000000001 0.118975 -0.034771799999999999
-0.00429504 0.122225 -0.035392199999999999
0.0049271300000000001 0.13683699999999999 -0.035544899999999997
0.0072335899999999998 0.14300399999999999 -0.035298400000000001
-0.013146400000000001 0.055860199999999999 -0.0347926
-0.0014268200000000001 0.059064899999999997 -0.035115300000000002
-0.021809700000000001 0.086898299999999998 -0.034611799999999998
-0.0074389800000000004 0.12193 -0.035322600000000003
-0.00190194 0.15182100000000001 -0.034932499999999998
0.010106499999999999 0.089322700000000005 -0.034643899999999998
-0.0101701 0.128523 -0.034754599999999997
0.0107784 0.12820999999999999 -0.034389299999999998
0.010416999999999999 0.14585799999999999 -0.034829800000000001
0.0015097800000000001 0.058876999999999999 -0.034664399999999998
-0.022579399999999999 0.088201699999999994 -0.034137199999999999
0.0013151599999999999 0.107096 -0.034475100000000002
-0.0074945400000000001 0.118435 -0.034926800000000001
0.010185400000000001 0.12531400000000001 -0.034198199999999998
-0.0046938500000000003 0.152257 -0.034204499999999999
0.0068342300000000002 0.092135300000000003 -0.0340221
0.00122606 0.104266 -0.034344
0.012079899999999999 0.057200500000000001 -0.034044699999999997
0.021702200000000001 0.059649000000000001 -0.033742000000000001
-0.0078381700000000002 0.060645699999999997 -0.034213599999999997
0.018158899999999999 0.077268400000000001 -0.033941199999999998
0.0101391 0.091085100000000002 -0.033944799999999997
-0.010182399999999999 0.115573 -0.034278700000000002
0.012633399999999999 0.13178100000000001 -0.033755100000000003
0.0133557 0.14025299999999999 -0.033974900000000002
0.0071623499999999996 0.148817 -0.034007999999999997
0.0014865 0.10113800000000001 -0.0340057
-0.00139382 0.115617 -0.034019399999999998
-0.0121025 0.13087699999999999 -0.033817300000000002
0.0170241 0.091819700000000004 -0.0336563
0.0040670000000000003 0.107157 -0.033620700000000003
0.012536800000000001 0.14850099999999999 -0.033550999999999997
0.024749 0.067294800000000002 -0.033447600000000001
-0.013069000000000001 0.107018 -0.033393600000000002
-0.0013972399999999999 0.112804 -0.033574699999999999
0.0090871000000000007 0.118507 -0.033577099999999999
-0.0190016 0.080036200000000002 -0.031817600000000001
0.0032809900000000001 0.101328 -0.033392999999999999
-0.0044723899999999997 0.110274 -0.033337699999999998
-0.019850199999999998 0.14632100000000001 -0.0334338
0.0072653300000000004 0.1512 -0.033330499999999999
-0.0260273 0.054605500000000001 -0.031787700000000002
0.010055400000000001 0.056670900000000003 -0.031967299999999997
0.0061390000000000004 0.058222799999999998 -0.033329600000000001
0.019227600000000001 0.058389000000000003 -0.031699199999999997
0.0045191099999999998 0.060563400000000003 -0.031915699999999998
0.025489499999999998 0.061981799999999997 -0.031712700000000003
0.0257638 0.0680254 -0.031816200000000003
0.022726199999999998 0.071255499999999999 -0.031969200000000003
0.019744299999999999 0.073934 -0.032122199999999997
-0.0319054 0.079065200000000002 -0.031752500000000003
-0.0014029299999999999 0.079032599999999995 -0.031926099999999999
-0.022637000000000001 0.079578999999999997 -0.031894400000000003
-0.0136434 0.079930200000000007 -0.031550500000000002
-0.013234900000000001 0.086383600000000005 -0.031854599999999997
-0.00077727899999999997 0.088733500000000007 -0.032255600000000002
0.010542899999999999 0.089542200000000002 -0.031478399999999997
-0.019872799999999999 0.091813400000000003 -0.0322934
0.019825599999999999 0.092126200000000005 -0.031823999999999998
-0.0051658199999999998 0.093399200000000002 -0.032886100000000001
0.0064185700000000002 0.094097299999999995 -0.033252799999999999
-0.0021406200000000002 0.098478599999999999 -0.032602300000000001
0.00488888 0.103849 -0.032922300000000002
-0.0103207 0.107073 -0.033297100000000003
-0.0081434999999999997 0.107992 -0.033286400000000001
-0.012312 0.109627 -0.033260699999999997
-0.0140514 0.12495299999999999 -0.031308099999999998
0.013853499999999999 0.12827 -0.031855799999999997
-0.0107657 0.140489 -0.0320977
-0.0099522499999999993 0.14597099999999999 -0.031656499999999997
-0.022281100000000002 0.145958 -0.0311986
-0.016414700000000001 0.14954200000000001 -0.032039999999999999
0.0100746 0.152918 -0.033080499999999999
0.012867200000000001 0.056868299999999997 -0.031646500000000001
0.026285300000000001 0.0651563 -0.03175
0.0045402899999999998 0.079422599999999996 -0.031535500000000001
-0.0096067800000000005 0.088806499999999997 -0.031774900000000002
-0.016573000000000001 0.092470300000000005 -0.032363200000000002
0.0052876800000000003 0.097736500000000004 -0.032953700000000002
0.0053271899999999999 0.107032 -0.033100900000000003
-0.0042299800000000004 0.10902000000000001 -0.033044900000000002
-0.013800700000000001 0.115841 -0.032805899999999999
0.014179499999999999 0.13109899999999999 -0.032325600000000003
0.016013699999999999 0.13706699999999999 -0.031453099999999998
-0.0067949400000000002 0.154528 -0.031000099999999999
0.0012924099999999999 0.156304 -0.033017699999999997
-0.0072025800000000001 0.079075999999999994 -0.031580799999999999
-0.015656199999999999 0.118882 -0.031314500000000002
0.00716725 0.19514999999999999 -0.032721
-0.020096300000000001 0.056138300000000002 -0.0314556
-0.036782099999999998 0.062048699999999998 -0.031207599999999999
0.0071667199999999997 0.104255 -0.0319206
-0.016021799999999999 0.115755 -0.031809900000000002
0.0045504600000000001 0.191774 -0.0322572
0.0133835 0.19459699999999999 -0.032111599999999997
0.0043705699999999998 0.19789699999999999 -0.032523999999999997
0.0071991700000000004 0.200902 -0.032032600000000001
-0.0166386 0.206733 -0.032461400000000001
-0.0167087 0.20984700000000001 -0.031991100000000001
-0.0231974 0.21569099999999999 -0.0311466
0.0074401299999999997 0.079349600000000006 -0.031854599999999997
-0.0043099899999999997 0.098028699999999996 -0.031816400000000002
-0.025516199999999999 0.100915 -0.031400299999999999
0.015751999999999999 0.13458899999999999 -0.031301200000000001
0.0071770499999999999 0.15811600000000001 -0.031372400000000002
-0.00117078 0.191164 -0.031925299999999997
-0.00454829 0.200988 -0.031749100000000002
0.022661799999999999 0.203905 -0.032055500000000001
0.019769499999999999 0.20696800000000001 -0.032018699999999997
0.00718975 0.060499999999999998 -0.031274200000000002
-0.036567000000000002 0.069721599999999995 -0.0311133
0.0222686 0.076753799999999997 -0.031286599999999998
-0.013508300000000001 0.101211 -0.031942199999999997
-0.028921800000000001 0.10399700000000001 -0.030926499999999999
-0.017691999999999999 0.14458799999999999 -0.030871800000000001
-0.021742399999999999 0.14879300000000001 -0.031150500000000001
-0.0014836000000000001 0.15831100000000001 -0.031563599999999997
0.00155294 0.161714 -0.031913900000000002
0.0042559800000000004 0.18851200000000001 -0.031898000000000003
0.00164686 0.188359 -0.031773700000000002
0.0255803 0.201122 -0.031728199999999998
-0.016378199999999999 0.20404600000000001 -0.0314877
0.023385099999999999 0.21273 -0.031759900000000001
-0.034039 0.077000600000000002 -0.030653300000000001
-0.022657400000000001 0.092377100000000004 -0.0311156
0.010210800000000001 0.095346100000000003 -0.0311185
-0.016427199999999999 0.100838 -0.031448299999999998
-0.019276700000000001 0.109666 -0.030628800000000001
-0.0128915 0.13414300000000001 -0.0311846
0.013668100000000001 0.15487300000000001 -0.031090599999999999
-0.0014773099999999999 0.16434499999999999 -0.031523200000000001
-0.0043454100000000001 0.19144600000000001 -0.0316339
0.0166508 0.201043 -0.031433999999999997
0.022412999999999999 0.20095399999999999 -0.031281799999999998
0.0166398 0.206535 -0.030881700000000002
0.028905400000000001 0.212925 -0.030720500000000001
-0.013755699999999999 0.21540999999999999 -0.0307272
-0.0070778200000000003 0.098461099999999996 -0.031503400000000001
0.013457999999999999 0.161547 -0.030895200000000001
0.0044407800000000001 0.16764299999999999 -0.031316900000000002
0.016573399999999999 0.19429099999999999 -0.0308515
-0.022655499999999999 0.20347999999999999 -0.030740699999999999
-0.012946600000000001 0.20363500000000001 -0.031256600000000002
0.025919399999999999 0.20944699999999999 -0.030868199999999998
-0.019812300000000001 0.0983131 -0.030668000000000001
0.012390699999999999 0.115033 -0.030484000000000001
-0.0043169799999999998 0.16477600000000001 -0.030858900000000002
0.0012369099999999999 0.18507299999999999 -0.0311729
-0.010162600000000001 0.197879 -0.030680700000000002
-0.0223152 0.20107 -0.030580199999999998
-0.0226284 0.20971699999999999 -0.0312325
0.0256306 0.217726 -0.030808499999999999
0.0096133799999999995 0.098293199999999997 -0.030537399999999999
-0.012928500000000001 0.14285800000000001 -0.0308702
0.0015492100000000001 0.170319 -0.030947599999999999
0.0015399000000000001 0.18228900000000001 -0.030818700000000001
0.0264893 0.19441700000000001 -0.0305309
0.0044280300000000003 0.203045 -0.030732499999999999
-0.0252462 0.209733 -0.030525900000000002
-0.028772099999999998 0.0889186 -0.030583599999999999
0.0094428700000000008 0.101227 -0.030365099999999999
-0.0042985300000000001 0.16725400000000001 -0.0304233
0.0040659700000000003 0.17331299999999999 -0.030735599999999998
0.028298 0.19478000000000001 -0.030397199999999999
0.030660900000000001 0.203651 -0.030600800000000001
-0.022880899999999999 0.055560100000000001 -0.029120400000000001
0.026981600000000001 0.062101799999999999 -0.0297895
-0.032921100000000002 0.074399800000000002 -0.029808899999999999
0.0228165 0.079033000000000006 -0.029083899999999999
-0.0097040100000000008 0.089012499999999994 -0.028919799999999999
0.0099157399999999993 0.089596800000000004 -0.028686699999999999
0.021673700000000001 0.094526100000000002 -0.030335399999999998
0.016051200000000002 0.098339300000000004 -0.028918200000000002
0.0134687 0.109829 -0.028898500000000001
0.0139574 0.122208 -0.0298187
0.0178298 0.140263 -0.029613
-0.022834799999999999 0.148563 -0.028806700000000001
-0.0072321099999999999 0.15767300000000001 -0.029739000000000002
0.0074747800000000003 0.17355300000000001 -0.030460299999999999
0.0068012100000000002 0.17618800000000001 -0.030364100000000002
-0.0014235599999999999 0.18213299999999999 -0.030483799999999998
-0.0065920299999999996 0.189307 -0.030377399999999999
0.0095244500000000003 0.20486699999999999 -0.029838300000000002
0.028923500000000001 0.209559 -0.0296429
0.028896000000000002 0.21540300000000001 -0.0285504
0.025805000000000002 0.21840300000000001 -0.028650599999999998
-0.0168057 0.22162399999999999 -0.028985799999999999
-0.024548500000000001 0.23925099999999999 -0.030315499999999999
0.017902399999999999 0.057515499999999997 -0.029601499999999999
0.023012299999999999 0.058382099999999999 -0.028605200000000001
0.010911199999999999 0.060216800000000001 -0.029760600000000002
-0.038909600000000003 0.064993599999999999 -0.029643800000000001
0.027013200000000001 0.068700300000000006 -0.029859900000000002
0.013426799999999999 0.079242699999999999 -0.028185600000000002
-0.031961400000000001 0.079329399999999994 -0.028888
-0.016301400000000001 0.085699999999999998 -0.028830000000000001
-0.026747 0.087478799999999995 -0.029557900000000002
-0.029694600000000002 0.090239100000000003 -0.0296364
0.0024264199999999999 0.091596899999999995 -0.0298509
0.011059299999999999 0.093396199999999999 -0.029696199999999999
-0.021358800000000001 0.097655099999999995 -0.030220199999999999
-0.022602199999999999 0.104168 -0.029803199999999998
-0.0210078 0.10688400000000001 -0.0298982
0.0137933 0.118467 -0.029675799999999999
0.016557800000000001 0.128555 -0.029345699999999999
-0.0152587 0.13786000000000001 -0.030174200000000002
-0.0226435 0.144701 -0.030272500000000001
0.0168022 0.155136 -0.0291702
-0.0055249100000000001 0.15834999999999999 -0.030115599999999999
-0.0072275300000000002 0.159245 -0.0302721
-0.0080620299999999995 0.16407099999999999 -0.029951599999999998
-0.0050565000000000002 0.16828299999999999 -0.030085799999999999
-0.00117836 0.176181 -0.030264099999999999
-0.00249489 0.17938999999999999 -0.030059800000000001
0.0138072 0.184948 -0.0290108
-0.0081794799999999994 0.19133900000000001 -0.029749899999999999
0.028397200000000001 0.19269 -0.030222599999999999
0.020364199999999999 0.19400600000000001 -0.029947700000000001
-0.019865500000000001 0.19464200000000001 -0.029290199999999999
-0.0186886 0.197244 -0.0296241
-0.023466500000000001 0.197714 -0.029682500000000001
-0.0260009 0.20044000000000001 -0.028908900000000001
0.0071671599999999997 0.20457 -0.028920100000000001
-0.0041653200000000001 0.207118 -0.0290511
-0.0074992100000000001 0.209618 -0.0286638
0.026966199999999999 0.21043899999999999 -0.030114200000000001
-0.023618299999999998 0.21329799999999999 -0.030052800000000001
-0.022455300000000001 0.240096 -0.029888000000000001
-0.037088000000000003 0.059663099999999997 -0.028147599999999998
0.0044589499999999997 0.060849599999999997 -0.028880300000000001
-0.004581 0.060981599999999997 -0.028835
-0.0072620000000000002 0.079079999999999998 -0.028804799999999998
0.0069576999999999998 0.079397300000000004 -0.028654700000000002
0.0021410999999999999 0.088709999999999997 -0.0290715
0.020616499999999999 0.095019699999999999 -0.028355999999999999
-0.020942800000000001 0.101103 -0.0298818
0.0110826 0.10382 -0.029442300000000001
-0.026448599999999999 0.109472 -0.028566999999999999
0.0150432 0.124898 -0.0295242
-0.019567600000000001 0.143433 -0.028602300000000001
-0.020486399999999998 0.15007599999999999 -0.028643700000000001
-0.0103018 0.15792400000000001 -0.029557799999999999
0.0108565 0.17144999999999999 -0.030027999999999999
-0.00241779 0.17622299999999999 -0.030043500000000001
0.029388399999999999 0.194411 -0.0294524
0.023077799999999999 0.194301 -0.029318299999999999
0.00165457 0.204457 -0.029007100000000001
-0.026023000000000001 0.20663999999999999 -0.028619499999999999
0.028785100000000001 0.211783 -0.029620500000000001
0.027127100000000001 0.21642500000000001 -0.029479000000000002
-0.020553700000000001 0.23779600000000001 -0.028593400000000001
-0.0073518300000000002 0.0610003 -0.028855800000000001
0.011117500000000001 0.100934 -0.029321799999999999
-0.0133907 0.15839400000000001 -0.028732299999999999
-0.0070577599999999997 0.18526799999999999 -0.028745400000000001
-0.010588800000000001 0.191361 -0.0291113
0.030931299999999998 0.209425 -0.028757399999999999
-0.0259987 0.234071 -0.029024899999999999
-0.013135900000000001 0.060991200000000002 -0.0284278
0.0043233500000000001 0.079448400000000002 -0.028805500000000001
-0.025774999999999999 0.095548499999999995 -0.028318300000000001
-0.0072372399999999998 0.170569 -0.028988199999999999
0.028880200000000002 0.179447 -0.0286165
0.026373799999999999 0.236762 -0.028523799999999998
-0.0063967599999999996 0.087284700000000007 -0.028613699999999999
0.0167274 0.122213 -0.028887699999999999
0.029263899999999999 0.16173399999999999 -0.028529499999999999
-0.0071589799999999997 0.17354600000000001 -0.028743299999999999
0.0164183 0.18487799999999999 -0.0288296
-0.025835199999999999 0.194415 -0.0286194
-0.019748600000000002 0.22450300000000001 -0.0282501
-0.022873299999999999 0.10959099999999999 -0.028296600000000002
0.030306799999999998 0.16792000000000001 -0.028212000000000001
-0.025438599999999999 0.185028 -0.028681700000000001
-0.019706999999999999 0.191273 -0.0280597
-0.028182100000000002 0.236979 -0.028327100000000001
-0.019754500000000001 0.24215500000000001 -0.028160600000000001
0.024985299999999998 0.076875700000000005 -0.0281164
0.0213899 0.097667699999999996 -0.027797200000000001
0.0129902 0.10388 -0.028341000000000002
0.016956499999999999 0.11006100000000001 -0.028329300000000002
-0.018645100000000001 0.115386 -0.027840299999999998
0.019844299999999999 0.122188 -0.028392000000000001
0.019677400000000001 0.131491 -0.0285749
0.019699500000000002 0.14014199999999999 -0.0283933
-0.0130507 0.15521499999999999 -0.028445399999999999
0.030221499999999998 0.15968599999999999 -0.0281432
0.015976500000000001 0.16753299999999999 -0.0281783
-0.0071403200000000003 0.176205 -0.028429300000000001
0.016320100000000001 0.17932500000000001 -0.028046999999999999
0.019361 0.18814900000000001 -0.028459999999999999
-0.016371299999999998 0.19219700000000001 -0.027830199999999999
-0.0052502499999999997 0.208619 -0.028249900000000001
-0.0115855 0.21759100000000001 -0.028238099999999999
-0.021022599999999999 0.22683500000000001 -0.0281357
-0.027713100000000001 0.233822 -0.028072300000000001
0.027752300000000001 0.24144399999999999 -0.028403000000000001
0.018199099999999999 0.057203400000000001 -0.028145699999999999
0.029190299999999999 0.154612 -0.027966399999999999
-0.0097254200000000002 0.17066300000000001 -0.027779499999999999
-0.025709699999999999 0.17626600000000001 -0.028037800000000002
-0.0102898 0.184921 -0.028037599999999999
-0.017012800000000002 0.24220900000000001 -0.027673199999999998
-0.027838399999999999 0.170514 -0.0281245
-0.0099993700000000005 0.18207200000000001 -0.0278097
0.0248823 0.078714500000000007 -0.027903000000000001
0.029520999999999999 0.152117 -0.027676599999999999
-0.0094034600000000006 0.17657999999999999 -0.027831000000000002
-0.023446000000000002 0.18034900000000001 -0.027533599999999998
-0.0290183 0.086566599999999994 -0.026104700000000002
-0.028288399999999998 0.16178799999999999 -0.027438000000000001
0.031390000000000001 0.23145399999999999 -0.027443800000000001
-0.031790699999999998 0.056318500000000001 -0.026053900000000001
-0.0259893 0.059074000000000002 -0.0260524
0.025807799999999999 0.058294100000000001 -0.025776
0.027952399999999999 0.059648300000000001 -0.025576000000000002
-0.0402502 0.061940099999999998 -0.025723900000000001
-0.041316699999999998 0.064895999999999995 -0.0255593
-0.037665400000000002 0.071667099999999997 -0.0263796
0.025078799999999998 0.073521799999999998 -0.0258135
-0.03721 0.076589599999999994 -0.025792499999999999
-0.034608300000000002 0.079308799999999999 -0.026181099999999999
0.0017547699999999999 0.079544699999999996 -0.025272200000000002
-0.01333 0.086397500000000002 -0.026326200000000001
-0.022575700000000001 0.086520399999999997 -0.026174099999999999
-0.0097225799999999998 0.089072499999999999 -0.025976599999999999
-0.031652100000000002 0.0891898 -0.025760100000000001
-0.028290300000000001 0.091485899999999995 -0.025759299999999999
0.0091651700000000003 0.093353099999999994 -0.026149100000000002
-0.0258759 0.095222000000000001 -0.026053300000000001
-0.0260214 0.098350300000000002 -0.025917699999999998
0.020770500000000001 0.101121 -0.0265752
-0.031914900000000003 0.104018 -0.025720400000000001
-0.028912 0.11075699999999999 -0.0262148
-0.031554100000000002 0.11287700000000001 -0.027463700000000001
-0.019107300000000001 0.119214 -0.027517099999999999
-0.0180571 0.123594 -0.0270596
0.023084199999999999 0.12819 -0.0258006
-0.019747199999999999 0.13409299999999999 -0.026264200000000001
-0.022558499999999999 0.14272000000000001 -0.026006000000000001
-0.026704499999999999 0.14604400000000001 -0.026669200000000001
0.030404500000000001 0.15112700000000001 -0.026932600000000001
0.030395700000000001 0.153115 -0.027281300000000001
-0.0168805 0.15843599999999999 -0.025878999999999999
0.022229800000000001 0.16112599999999999 -0.0256662
-0.0127549 0.16361200000000001 -0.027290999999999999
-0.0139092 0.16446 -0.025817400000000001
-0.011532300000000001 0.16783100000000001 -0.026939600000000001
0.028962100000000001 0.17047799999999999 -0.026103500000000002
-0.027253200000000002 0.17566499999999999 -0.0266927
-0.0268889 0.176457 -0.0258298
0.026897500000000001 0.179532 -0.025678200000000002
-0.0111755 0.18191499999999999 -0.0270858
-0.026426700000000001 0.18526500000000001 -0.025867500000000002
-0.0121333 0.186559 -0.0273575
-0.026723899999999998 0.19145799999999999 -0.026070200000000002
0.031507599999999997 0.194798 -0.026211999999999999
-0.0263311 0.20099500000000001 -0.026242100000000001
0.0044102000000000004 0.20448 -0.025463199999999998
0.00065793899999999996 0.20536199999999999 -0.025673399999999999
0.030831899999999999 0.20677499999999999 -0.0256879
-0.0048210800000000002 0.20902799999999999 -0.025992500000000002
0.015735900000000001 0.21273700000000001 -0.026292099999999999
-0.026791499999999999 0.21251800000000001 -0.026063300000000001
-0.010437399999999999 0.215055 -0.0260634
-0.026722800000000001 0.218308 -0.025999000000000001
0.019621699999999999 0.220304 -0.025654199999999999
-0.0174325 0.223604 -0.025929600000000001
-0.018483300000000001 0.225378 -0.026217000000000001
-0.020752799999999998 0.229821 -0.0258344
0.029143200000000001 0.231485 -0.027323900000000002
0.0260255 0.23397200000000001 -0.0260366
-0.020302400000000002 0.23724500000000001 -0.02588
-0.028901900000000001 0.23996799999999999 -0.025467400000000001
-0.0231489 0.24195700000000001 -0.025997699999999999
0.022626500000000001 0.242837 -0.025805600000000001
-0.0074314799999999999 0.061054600000000001 -0.025913599999999998
-0.00124584 0.0790072 -0.0259058
0.020368399999999998 0.079354900000000006 -0.026056099999999999
0.020124099999999999 0.106863 -0.025987900000000001
-0.0195859 0.12627099999999999 -0.027147299999999999
0.0230064 0.146257 -0.0265139
0.028377699999999999 0.14932400000000001 -0.025921199999999998
-0.028885600000000001 0.158466 -0.025983800000000001
0.018017499999999999 0.16765099999999999 -0.026674799999999999
-0.0112421 0.17358899999999999 -0.026596499999999999
0.018001099999999999 0.17868400000000001 -0.027051499999999999
0.018770100000000001 0.18248300000000001 -0.0272739
-0.017218600000000001 0.190641 -0.0270128
0.0236286 0.220306 -0.027160900000000002
0.0254799 0.22486800000000001 -0.026571600000000001
-0.0292508 0.23666499999999999 -0.026204100000000001
-0.0190566 0.061030599999999997 -0.025876799999999998
0.0045127500000000003 0.0609699 -0.026053799999999998
-0.0287835 0.0796018 -0.025527600000000001
-0.0079621299999999996 0.090526700000000002 -0.026022300000000002
0.022626 0.124976 -0.025701999999999999
0.023806299999999999 0.14329800000000001 -0.0263333
0.023205799999999999 0.185034 -0.026387500000000001
-0.016285000000000001 0.185306 -0.0255284
0.028780199999999999 0.22771 -0.0269614
0.028102499999999999 0.22991900000000001 -0.026839700000000001
-0.029464899999999999 0.112331 -0.025530199999999999
-0.0200708 0.136855 -0.0260535
-0.020694199999999999 0.15064900000000001 -0.0263999
-0.027517799999999999 0.188082 -0.026064799999999999
0.0256172 0.22736999999999999 -0.025759199999999999
-0.018685500000000001 0.239013 -0.025315000000000001
-0.0285055 0.142988 -0.025571
-0.028069799999999999 0.18585299999999999 -0.025446199999999999
0.0013214699999999999 0.240005 -0.025941700000000002
-0.0071100699999999996 0.24334900000000001 -0.025671200000000002
0.015656799999999998 0.096761700000000006 -0.0253279
-0.028734099999999999 0.15535299999999999 -0.025826700000000001
0.010346899999999999 0.242698 -0.025445300000000001
0.011258799999999999 0.24487200000000001 -0.025939799999999999
-0.036539500000000003 0.073782399999999998 -0.024940500000000001
-0.033405400000000002 0.113579 -0.025243999999999999
0.021487300000000001 0.115788 -0.024894099999999999
0.024597299999999999 0.134237 -0.0251043
0.030631700000000001 0.146093 -0.025051799999999999
-0.0287484 0.15210399999999999 -0.025004599999999998
-0.015797599999999998 0.16156100000000001 -0.025298600000000001
0.031339199999999998 0.16498399999999999 -0.025127199999999999
-0.012884899999999999 0.170348 -0.0250983
-0.0127793 0.176402 -0.025365200000000001
0.0178537 0.218304 -0.025409399999999999
0.033385900000000003 0.23139199999999999 -0.024956800000000001
0.0296721 0.24115700000000001 -0.025238099999999999
0.0075556900000000003 0.239928 -0.024967799999999998
0.0135637 0.245369 -0.024912299999999998
-0.0214291 0.134575 -0.024979600000000001
-0.023295199999999999 0.169964 -0.025041399999999998
-0.0282145 0.20100899999999999 -0.025359900000000001
0.016431999999999999 0.24582999999999999 -0.024864600000000001
0.0221768 0.0572036 -0.025198000000000002
-0.034042999999999997 0.11844300000000001 -0.024729000000000001
0.0310847 0.170486 -0.024960300000000001
0.0084028899999999997 0.20508499999999999 -0.024841100000000001
0.0020292299999999999 0.082495200000000005 -0.0246339
0.030577500000000001 0.15477099999999999 -0.0247082
-0.0010546399999999999 0.237645 -0.0247783
0.019483299999999999 0.096523499999999998 -0.024168200000000001
-0.0195046 0.23950099999999999 -0.0222423
0.0303673 0.062731300000000004 -0.024619800000000001
0.0079586699999999993 0.091792100000000001 -0.023529100000000001
0.020938999999999999 0.096259300000000006 -0.023862499999999998
-0.0347289 0.118864 -0.0229135
-0.0325989 0.13086400000000001 -0.024517799999999999
-0.029851099999999998 0.149425 -0.022319700000000001
0.030766600000000002 0.16175400000000001 -0.023306500000000001
-0.026969 0.190638 -0.023836
0.0100366 0.206785 -0.0237331
-0.027504500000000001 0.21529000000000001 -0.022563900000000001
-0.0297474 0.23660200000000001 -0.0234732
0.0046250099999999997 0.24621299999999999 -0.0228154
0.017864700000000001 0.056988900000000002 -0.023794900000000001
0.026340300000000001 0.057674099999999999 -0.023419300000000001
-0.0195362 0.061134399999999998 -0.0229848
0.001544 0.060977799999999999 -0.023053799999999999
-0.0413858 0.061628099999999998 -0.023101199999999999
-0.041823199999999998 0.068620100000000003 -0.023737500000000002
0.026449 0.073772400000000002 -0.0232073
0.026018800000000002 0.079243599999999997 -0.0231991
0.0232687 0.079279199999999994 -0.022824000000000001
-0.019566400000000001 0.079955100000000001 -0.022757599999999999
-0.0342294 0.088750700000000002 -0.022543299999999999
0.012093700000000001 0.096262799999999996 -0.023894100000000001
-0.030500200000000002 0.109222 -0.023666
-0.024083299999999998 0.11591799999999999 -0.023965899999999998
0.0236402 0.125081 -0.023488100000000001
-0.031357700000000002 0.12854299999999999 -0.022568999999999999
-0.022978200000000001 0.134323 -0.023108099999999999
-0.0255658 0.13945199999999999 -0.0230747
-0.029058299999999999 0.145927 -0.023340799999999998
-0.026812900000000001 0.151779 -0.024236600000000001
-0.0198044 0.15828900000000001 -0.0226752
0.023826 0.162052 -0.023687199999999999
0.0231659 0.164828 -0.022777599999999999
0.028147100000000001 0.16769400000000001 -0.0226979
-0.014454099999999999 0.170462 -0.023054000000000002
-0.019992800000000002 0.179197 -0.023182000000000001
-0.0284651 0.183869 -0.024170199999999999
0.032675500000000003 0.190054 -0.023913
-0.028644699999999999 0.19467599999999999 -0.022490400000000001
-0.028588700000000002 0.20395199999999999 -0.022479099999999998
0.032665600000000003 0.206592 -0.022713000000000001
-0.027259499999999999 0.209679 -0.0244166
0.015329300000000001 0.21310899999999999 -0.0231559
-0.013826400000000001 0.22118099999999999 -0.022669700000000001
-0.018062999999999999 0.22345400000000001 -0.0238798
-0.0207637 0.22922600000000001 -0.023114699999999998
-0.0217912 0.234315 -0.022738100000000001
-0.0208186 0.23782200000000001 -0.022429399999999999
-0.029770499999999998 0.240288 -0.022925399999999999
-0.022703600000000001 0.24196999999999999 -0.022600800000000001
-0.0107501 0.243285 -0.022807999999999998
0.0080700700000000004 0.24295700000000001 -0.022974999999999999
0.015904600000000001 0.24731300000000001 -0.022662000000000002
0.0287543 0.0590187 -0.022458700000000002
0.0047314999999999996 0.060977000000000003 -0.022793299999999999
-0.0109637 0.061081799999999999 -0.023454900000000001
-0.040864499999999998 0.070520200000000005 -0.022924699999999999
-0.037712900000000001 0.079184000000000004 -0.022452300000000001
-0.031983499999999998 0.079523099999999999 -0.022629900000000001
-0.013188500000000001 0.079835000000000003 -0.022651000000000001
-0.020205799999999999 0.086079500000000003 -0.0232055
0.000820022 0.085324700000000003 -0.022452099999999999
-0.010957400000000001 0.086812399999999998 -0.022732700000000002
0.00748287 0.089166599999999999 -0.0233504
-0.0271021 0.093409599999999995 -0.023905800000000001
0.0257112 0.097923700000000002 -0.0226261
0.023251999999999998 0.101204 -0.023116399999999999
-0.026143199999999998 0.11283600000000001 -0.022774300000000001
-0.033380800000000002 0.11362700000000001 -0.0241058
-0.0236332 0.12211900000000001 -0.022981399999999999
-0.033272599999999999 0.130414 -0.023204800000000001
-0.022987299999999999 0.137216 -0.023026700000000001
-0.030964700000000001 0.140205 -0.022426600000000001
0.0310689 0.14394100000000001 -0.022409999999999999
-0.0255949 0.14933099999999999 -0.0235333
0.030033199999999999 0.15174299999999999 -0.023895
0.030798300000000001 0.15804799999999999 -0.023034099999999998
-0.015871699999999999 0.16317899999999999 -0.024239199999999999
-0.0233248 0.16714999999999999 -0.022497900000000001
-0.029675300000000002 0.17141000000000001 -0.022474899999999999
0.020471 0.173322 -0.0237284
0.031437899999999998 0.17596700000000001 -0.022757699999999999
0.0262131 0.17676500000000001 -0.0223672
-0.0260395 0.17926900000000001 -0.022870700000000001
0.0296289 0.18207100000000001 -0.023046500000000001
0.032439700000000002 0.19480500000000001 -0.022685899999999998
0.0011903700000000001 0.206538 -0.023497899999999999
-0.0033948899999999998 0.20766899999999999 -0.023038300000000001
-0.010219199999999999 0.21534400000000001 -0.022761199999999999
-0.011124800000000001 0.217864 -0.0226365
-0.027744000000000001 0.22134799999999999 -0.022687100000000002
0.024615999999999999 0.22802 -0.022933100000000001
0.0255792 0.234177 -0.0227119
-0.021458100000000001 0.23649899999999999 -0.022422299999999999
0.0072803 0.23694999999999999 -0.022628599999999999
-0.0046789500000000003 0.23963100000000001 -0.023011400000000001
-0.025888399999999999 0.24097199999999999 -0.023288799999999998
0.019751600000000001 0.242761 -0.0228334
0.00685821 0.24513199999999999 -0.022286799999999999
0.011498599999999999 0.244835 -0.023366100000000001
-0.034112200000000002 0.056976400000000003 -0.023037599999999998
-0.028906399999999999 0.086161600000000005 -0.023101099999999999
-0.0343865 0.121804 -0.0229134
0.026536400000000002 0.14564299999999999 -0.023446100000000001
-0.0291807 0.17380000000000001 -0.023068600000000002
-0.010403300000000001 0.24679300000000001 -0.0225068
-0.0288688 0.079505199999999998 -0.022522299999999999
0.0042889699999999996 0.20657300000000001 -0.0237863
-0.0043661899999999998 0.0790661 -0.022361599999999999
0.0264281 0.14016700000000001 -0.022589700000000001
-0.028679400000000001 0.17630399999999999 -0.022109299999999998
0.00749105 0.209342 -0.023452799999999999
0.0016158699999999999 0.20967 -0.023080300000000002
-0.028074499999999999 0.060872799999999998 -0.0222071
0.0102147 0.082043900000000003 -0.022036300000000002
0.027500400000000001 0.096264299999999997 -0.021783400000000001
0.0243343 0.12556999999999999 -0.021765900000000001
-0.015621599999999999 0.16761799999999999 -0.021964299999999999
-0.016417299999999999 0.176649 -0.021956300000000002
0.0011794900000000001 0.21268300000000001 -0.022160599999999999
0.0040936999999999996 0.234571 -0.022284000000000002
-0.026081 0.2417 -0.021880799999999999
-0.039396199999999999 0.0768263 -0.021683500000000001
-0.0130616 0.089461799999999994 -0.021716699999999999
0.028994499999999999 0.161352 -0.021847499999999999
0.0103371 0.21252499999999999 -0.021987199999999998
0.0094297900000000004 0.089202900000000002 -0.021681300000000001
-0.0293479 0.11530600000000001 -0.0213619
-0.0093962400000000001 0.213202 -0.021542499999999999
0.0075267800000000003 0.21520500000000001 -0.021627299999999999
-0.029696699999999999 0.056631399999999998 -0.020290800000000001
-0.034699000000000001 0.056994000000000003 -0.019619899999999999
0.0288682 0.058234000000000001 -0.020291699999999999
-0.042932900000000003 0.062303999999999998 -0.020092499999999999
-0.042865399999999998 0.069852600000000001 -0.019443800000000001
-0.039386600000000001 0.073142200000000004 -0.019476199999999999
-0.0400808 0.078686699999999998 -0.0197822
-0.034885800000000002 0.079389000000000001 -0.020256799999999998
0.00197656 0.085710400000000006 -0.020468099999999999
-0.022838199999999999 0.086726300000000006 -0.019518299999999999
-0.031810999999999999 0.092061400000000002 -0.020023099999999999
0.0285743 0.098375099999999993 -0.019487000000000001
0.0135064 0.098579 -0.0198891
0.023609100000000001 0.104236 -0.020509400000000001
-0.0284213 0.113025 -0.019614800000000002
-0.033830499999999999 0.118253 -0.020624300000000002
-0.024538500000000001 0.12267400000000001 -0.0216475
-0.031702500000000002 0.12523899999999999 -0.020342200000000001
-0.028654900000000001 0.12850600000000001 -0.019606999999999999
-0.024362200000000001 0.13191900000000001 -0.021439099999999999
-0.0315555 0.134185 -0.020403999999999999
0.027060399999999998 0.14106299999999999 -0.021026699999999999
-0.030308700000000001 0.148733 -0.019844000000000001
-0.0298584 0.151201 -0.0210774
-0.0315632 0.15505099999999999 -0.0195754
-0.020169400000000001 0.16187799999999999 -0.020520900000000002
-0.029144400000000001 0.16442599999999999 -0.020313100000000001
0.022871699999999998 0.16781399999999999 -0.0200561
-0.023149800000000002 0.17352899999999999 -0.0200013
-0.017171800000000001 0.176033 -0.020205299999999999
-0.028809899999999999 0.17909 -0.0198167
0.031888 0.18489700000000001 -0.020084999999999999
0.032066299999999999 0.194602 -0.019605899999999999
0.031916800000000002 0.200576 -0.019577799999999999
-0.0045182800000000004 0.20990500000000001 -0.020071700000000001
-0.0073364700000000003 0.21007300000000001 -0.019749099999999999
-0.0115268 0.215062 -0.01966
-0.013030399999999999 0.21805099999999999 -0.020127300000000001
0.032047899999999997 0.218449 -0.019334299999999999
0.022411500000000001 0.222024 -0.019568599999999998
0.0243109 0.22611100000000001 -0.021163600000000001
0.025298600000000001 0.22786999999999999 -0.019531799999999998
0.0045629399999999997 0.23369599999999999 -0.019910799999999999
0.00630322 0.23491200000000001 -0.020266200000000002
-0.021734799999999999 0.23622199999999999 -0.019929100000000002
0.0097025299999999991 0.239928 -0.0195859
0.021023300000000002 0.24060100000000001 -0.020212299999999999
-0.016401200000000001 0.24065300000000001 -0.019593300000000001
0.019167400000000001 0.24285000000000001 -0.019802
0.0130259 0.24285799999999999 -0.0195509
-0.0196542 0.246279 -0.019999599999999999
-0.0031376300000000002 0.244535 -0.02121
-0.0020594400000000001 0.24604699999999999 -0.0196869
-0.010292000000000001 0.247307 -0.019612500000000001
0.0015315000000000001 0.061001699999999999 -0.019709999999999998
-0.038634500000000002 0.074269699999999994 -0.0201087
-0.0316479 0.079424900000000007 -0.020170500000000001
-0.016497899999999999 0.085685899999999995 -0.020134200000000001
-0.025633699999999999 0.086149600000000007 -0.020251700000000001
0.023120000000000002 0.107061 -0.019495599999999998
-0.025991500000000001 0.128328 -0.019607900000000001
-0.028846699999999999 0.16789699999999999 -0.0204441
0.030837300000000002 0.17690800000000001 -0.020958299999999999
-0.0272635 0.20085800000000001 -0.0201526
-0.018400400000000001 0.22309799999999999 -0.0202109
-0.0288408 0.233794 -0.0195999
0.0071247000000000003 0.246116 -0.0197745
-0.026112 0.061102299999999998 -0.019751500000000002
-0.0071691999999999997 0.079218800000000006 -0.019709399999999998
0.0114059 0.094934099999999993 -0.019860300000000001
0.0289956 0.14268600000000001 -0.019748499999999999
-0.027360700000000002 0.20369499999999999 -0.020116100000000001
0.00151862 0.21656 -0.0201421
-0.0319066 0.056310100000000002 -0.019758600000000001
-0.0104143 0.061124699999999997 -0.0197933
0.00182333 0.079488100000000006 -0.019592700000000001
-0.028742899999999998 0.118834 -0.0197133
-0.026005199999999999 0.13627300000000001 -0.0191068
0.0302346 0.15426400000000001 -0.020641
-0.015934 0.17339599999999999 -0.019537499999999999
-0.0291813 0.185611 -0.019747500000000001
0.031954099999999999 0.215559 -0.019640399999999999
-0.0159282 0.24419199999999999 -0.0199369
0.0044190000000000002 0.060963000000000003 -0.0196162
0.011885 0.080624899999999999 -0.020550499999999999
-0.019455299999999998 0.0860654 -0.019763800000000002
-0.026675999999999998 0.119149 -0.020497700000000001
0.00735814 0.21829000000000001 -0.0194737
-0.022703600000000001 0.079567200000000005 -0.019523200000000001
-0.0093676899999999997 0.090701100000000007 -0.0194713
0.0166141 0.099744799999999995 -0.0187802
0.0225115 0.23949500000000001 -0.018956799999999999
0.019251000000000001 0.060561400000000001 -0.0194264
0.0294741 0.072084499999999996 -0.0193452
0.012670600000000001 0.082447699999999999 -0.019220399999999999
-0.033839399999999999 0.090690000000000007 -0.019337900000000002
0.024400999999999999 0.122623 -0.0195017
0.031966300000000003 0.14647399999999999 -0.019122
-0.019430200000000002 0.16320899999999999 -0.0189824
0.0227949 0.17081299999999999 -0.019065200000000001
0.033478399999999998 0.19065499999999999 -0.019628199999999998
0.0014724899999999999 0.21782899999999999 -0.018606399999999999
-0.0210639 0.23777699999999999 -0.019632400000000001
0.028307100000000002 0.24196100000000001 -0.0190537
0.021179300000000002 0.24397099999999999 -0.019449299999999999
0.00347803 0.247363 -0.0191687
0.033297100000000003 0.228126 -0.019220999999999999
-0.0261126 0.17351 -0.019353599999999999
-0.025907599999999999 0.16164600000000001 -0.019043399999999999
-0.0123754 0.0799898 -0.018036900000000002
0.00111725 0.090300900000000003 -0.017539800000000001
0.0201034 0.099691799999999997 -0.018775900000000002
-0.0196987 0.224664 -0.0166239
0.033430399999999999 0.065734699999999993 -0.0182696
-0.0132613 0.085464999999999999 -0.0173191
-0.035346900000000001 0.090158500000000003 -0.017977
0.0137121 0.098029599999999995 -0.016808300000000002
0.025824300000000001 0.104203 -0.0168115
0.031697999999999997 0.14336499999999999 -0.016899000000000001
0.0235052 0.17046500000000001 -0.017979999999999999
-0.027240400000000001 0.197353 -0.0179519
-0.00923035 0.21057400000000001 -0.0166503
-0.012119599999999999 0.21598600000000001 -0.018106500000000001
-0.022689500000000001 0.23066900000000001 -0.017416999999999998
-0.022227299999999998 0.23713500000000001 -0.0166514
0.017024000000000001 0.24255399999999999 -0.0166812
-0.032082399999999997 0.056744200000000002 -0.016827100000000001
0.0297627 0.058131700000000001 -0.016636000000000001
-0.032042899999999999 0.059260300000000002 -0.016619100000000001
0.0038877500000000001 0.060988100000000003 -0.016522499999999999
0.033595899999999998 0.067847500000000005 -0.016567499999999999
0.031701600000000003 0.070990700000000004 -0.016262100000000002
-0.0403448 0.073083200000000001 -0.0164335
0.030521699999999999 0.076956300000000005 -0.016409900000000002
-0.0108174 0.079627100000000006 -0.016666500000000001
-0.0012734999999999999 0.079267000000000004 -0.016403899999999999
0.0229941 0.079349699999999995 -0.016381099999999999
0.0041181799999999999 0.082473199999999997 -0.0165135
0.012726599999999999 0.084760699999999994 -0.018322499999999999
-0.032027 0.085535799999999995 -0.0163979
-0.022438099999999999 0.086665699999999998 -0.016268600000000001
-0.00069351099999999995 0.089181300000000005 -0.016723200000000001
-0.0093403500000000007 0.090833200000000003 -0.016652900000000002
0.028516199999999998 0.099165799999999998 -0.0171714
-0.029686799999999999 0.10117900000000001 -0.016652699999999999
0.023513099999999999 0.107721 -0.017168599999999999
-0.029214400000000001 0.11252 -0.0169728
-0.031746900000000002 0.114257 -0.018361800000000001
-0.028995400000000001 0.116497 -0.016363699999999998
0.025678300000000001 0.125664 -0.016636999999999999
-0.0257801 0.134324 -0.0164662
0.0282828 0.140709 -0.016530199999999998
0.032739999999999998 0.14624899999999999 -0.0171889
-0.031897099999999998 0.152114 -0.016325900000000001
-0.031142 0.15428700000000001 -0.017152799999999999
-0.0194766 0.164466 -0.016508100000000001
0.023693200000000001 0.16844100000000001 -0.018025699999999999
0.025650699999999999 0.17641100000000001 -0.0167788
-0.028213200000000001 0.18252199999999999 -0.017099699999999999
-0.0291101 0.187696 -0.016124099999999999
0.031708 0.19131200000000001 -0.016615499999999998
-0.0272651 0.206703 -0.0179478
-0.0070788400000000003 0.21004999999999999 -0.016308099999999999
0.033426499999999998 0.21279699999999999 -0.0175032
0.016698999999999999 0.21546100000000001 -0.016675800000000001
-0.027656900000000002 0.21737400000000001 -0.016519499999999999
0.0014827099999999999 0.21892200000000001 -0.016453300000000001
0.021080999999999999 0.22015299999999999 -0.0179729
-0.016425200000000001 0.221779 -0.0162823
0.024489899999999998 0.22494600000000001 -0.0166099
0.0324792 0.230659 -0.016817100000000001
0.0049627400000000002 0.23299600000000001 -0.017638399999999999
-0.00161177 0.236258 -0.016512599999999999
0.0336271 0.23680499999999999 -0.016815699999999999
-0.0281122 0.239706 -0.017693899999999999
-0.0049324800000000004 0.24321699999999999 -0.0165761
0.0099499299999999992 0.243142 -0.0163629
0.022699299999999999 0.24288699999999999 -0.016460499999999999
0.023231100000000001 0.245285 -0.017116300000000001
0.01422 0.24518699999999999 -0.016585200000000001
0.0053567500000000004 0.24709800000000001 -0.016803100000000001
-0.0130435 0.061143000000000003 -0.016272499999999999
-0.031811499999999999 0.079388399999999998 -0.016822299999999998
0.0117851 0.089543800000000007 -0.017918400000000001
0.028078599999999999 0.1371 -0.016328200000000001
0.0291919 0.18215700000000001 -0.0163711
-0.011685299999999999 0.21454799999999999 -0.017849199999999999
-0.025813699999999998 0.242838 -0.017413999999999999
-0.037477099999999999 0.057675299999999999 -0.016260299999999998
-0.025612200000000002 0.0612013 -0.0165538
-0.033844899999999997 0.13719799999999999 -0.0165725
0.0042391399999999997 0.21973799999999999 -0.017580999999999999
-0.026207000000000001 0.23086599999999999 -0.017381899999999999
-0.001206 0.061039299999999998 -0.016616300000000001
-0.025457500000000001 0.079324199999999997 -0.016401499999999999
0.0117515 0.21698899999999999 -0.017727400000000001
0.00885501 0.238451 -0.017777500000000002
-0.016612200000000001 0.0611253 -0.016303700000000001
0.033132399999999999 0.068910399999999997 -0.0167443
0.015739400000000001 0.082350800000000002 -0.0158272
0.0131115 0.095164499999999999 -0.016265700000000001
0.0290592 0.10348599999999999 -0.016056600000000001
0.024309299999999999 0.119129 -0.015934
-0.0265309 0.12589600000000001 -0.016238699999999998
-0.026590699999999998 0.136236 -0.016131699999999999
-0.025804400000000002 0.155024 -0.016229500000000001
0.024673299999999999 0.17360500000000001 -0.016139299999999999
-0.026791200000000001 0.19395899999999999 -0.0161694
-0.0123368 0.21529200000000001 -0.015930199999999999
0.0122846 0.21760199999999999 -0.015860599999999999
0.0041549999999999998 0.23055100000000001 -0.016647599999999999
-0.021076999999999999 0.23791399999999999 -0.016631699999999999
-0.0019510599999999999 0.24627299999999999 -0.016320999999999999
-0.00066270100000000002 0.24735499999999999 -0.016014500000000001
-0.032154099999999998 0.13506199999999999 -0.015729400000000001
0.0064686199999999996 0.230577 -0.016005999999999999
0.0289512 0.24046799999999999 -0.015736199999999999
0.0304211 0.10202 -0.015982400000000001
-0.033390299999999998 0.139094 -0.016200200000000001
-0.019997899999999999 0.079699199999999998 -0.0136609
0.0022041299999999999 0.0905918 -0.015626600000000001
0.023939700000000001 0.23813300000000001 -0.015151700000000001
0.0229695 0.055557299999999997 -0.013352599999999999
-0.040664100000000002 0.074000999999999997 -0.0135798
0.029092400000000001 0.079414700000000005 -0.013348499999999999
-0.026065999999999999 0.085716100000000003 -0.0138078
-0.034812799999999998 0.092919500000000002 -0.0136624
0.0305904 0.103892 -0.0136267
-0.031883500000000002 0.109824 -0.0154424
-0.026458700000000002 0.13150100000000001 -0.0149611
-0.026636 0.153477 -0.015624600000000001
-0.017712800000000001 0.17560899999999999 -0.0143804
0.029553099999999999 0.18426799999999999 -0.015410999999999999
-0.024913000000000001 0.212698 -0.013732100000000001
-0.0024986100000000001 0.216891 -0.013951
-0.017291399999999998 0.22112999999999999 -0.014180699999999999
0.00715163 0.23075000000000001 -0.0133524
0.032308900000000002 0.23669100000000001 -0.0153189
0.0224198 0.24193899999999999 -0.013600900000000001
0.016496899999999998 0.24551000000000001 -0.013469699999999999
0.019484899999999999 0.103867 -0.0136414
-0.034005199999999999 0.13433700000000001 -0.0134824
-0.0074410300000000004 0.24531 -0.013479400000000001
0.016107400000000001 0.061045200000000001 -0.013378599999999999
-0.0117257 0.085907999999999998 -0.013714199999999999
0.0131532 0.092178899999999994 -0.013820600000000001
-0.037148100000000003 0.11516 -0.0131427
0.024480399999999999 0.11896900000000001 -0.0132902
0.028044800000000002 0.13423599999999999 -0.0136378
0.031500300000000002 0.143986 -0.014341899999999999
0.024541899999999998 0.17019799999999999 -0.0135864
-0.0252993 0.18404100000000001 -0.0150954
0.0307716 0.18778800000000001 -0.013481699999999999
-0.025087700000000001 0.20957400000000001 -0.013453700000000001
-0.014258 0.218087 -0.0142636
-0.022452799999999998 0.22101899999999999 -0.014189500000000001
-0.023800600000000002 0.221918 -0.0150773
0.026597099999999999 0.227131 -0.014155299999999999
-0.021934700000000001 0.23976600000000001 -0.014586500000000001
-0.0166006 0.24327599999999999 -0.013317000000000001
-0.0046747500000000001 0.061037300000000003 -0.01371
-0.019601799999999999 0.0611475 -0.013605799999999999
-0.0071092100000000004 0.079368499999999995 -0.0140415
-0.0095863100000000007 0.090930999999999998 -0.013615800000000001
-0.032053199999999997 0.123914 -0.014437200000000001
0.032213499999999999 0.14599500000000001 -0.013379
0.032041399999999998 0.197551 -0.013371900000000001
-0.0016435 0.061016099999999997 -0.0132225
-0.044893500000000003 0.063575000000000007 -0.014803500000000001
-0.037712900000000001 0.086006600000000002 -0.0130186
-0.0068168200000000003 0.088672899999999999 -0.013479100000000001
0.022601699999999999 0.101414 -0.013994700000000001
0.026485600000000002 0.161774 -0.0136037
-0.0128792 0.21277499999999999 -0.0130166
0.023938299999999999 0.23808599999999999 -0.013838100000000001
0.0195988 0.240814 -0.0134939
-0.010485599999999999 0.24394299999999999 -0.0133788
-0.032846899999999998 0.057080499999999999 -0.012980200000000001
-0.040822799999999999 0.058435899999999999 -0.0131187
0.021436500000000001 0.060721799999999999 -0.0133805
-0.016580999999999999 0.061138900000000003 -0.0134392
0.034590599999999999 0.065096100000000004 -0.0128913
-0.043669399999999997 0.070953500000000003 -0.013002100000000001
0.030047000000000001 0.075378200000000006 -0.013771500000000001
0.0234475 0.079080300000000006 -0.0132485
-0.0194848 0.082349400000000003 -0.0133557
-0.022348099999999999 0.086541199999999999 -0.012997399999999999
-0.038282299999999998 0.089875800000000006 -0.014070600000000001
0.0139858 0.098221900000000001 -0.0132622
0.0147618 0.10098699999999999 -0.012765800000000001
-0.0300675 0.10315199999999999 -0.0137631
-0.036003599999999997 0.108559 -0.014341100000000001
-0.032018600000000001 0.115894 -0.0129809
-0.031400299999999999 0.12261900000000001 -0.0128907
0.0275287 0.13172900000000001 -0.012934899999999999
-0.0284645 0.13716600000000001 -0.0133782
0.029925500000000001 0.142843 -0.012989799999999999
0.0318839 0.14894399999999999 -0.0131328
-0.0318074 0.15149499999999999 -0.013575800000000001
0.027797700000000002 0.15818699999999999 -0.0129347
0.0259268 0.16431599999999999 -0.0128022
-0.0184256 0.176483 -0.0127663
0.028099699999999998 0.179229 -0.012938099999999999
0.0306711 0.19154299999999999 -0.013252699999999999
-0.025217 0.200687 -0.013232799999999999
-0.0078125999999999994 0.210562 -0.013198700000000001
0.0314539 0.212455 -0.0132426
0.014261599999999999 0.216775 -0.014308299999999999
0.00056041399999999996 0.21961 -0.0133378
0.0212134 0.219776 -0.012852499999999999
0.0032310400000000001 0.22698699999999999 -0.0137383
0.028772300000000001 0.22789699999999999 -0.013576899999999999
0.0069635799999999996 0.233986 -0.013174099999999999
-0.0016944600000000001 0.236287 -0.0130589
0.0092158899999999992 0.238118 -0.013665999999999999
0.0258233 0.23986199999999999 -0.013228999999999999
0.0083899999999999999 0.24365100000000001 -0.0129321
0.0134638 0.24462200000000001 -0.013093199999999999
0.0014292599999999999 0.24750800000000001 -0.012999699999999999
-0.00161356 0.079256999999999994 -0.013325200000000001
0.0071417199999999998 0.089237399999999995 -0.013118100000000001
0.033298300000000003 0.14557500000000001 -0.0142725
-0.022780000000000002 0.21870899999999999 -0.012720800000000001
0.032957199999999999 0.0607539 -0.0137725
0.0065162299999999996 0.079805299999999996 -0.012743000000000001
0.023677 0.11278299999999999 -0.0128621
0.030116 0.20897199999999999 -0.013495500000000001
0.028530199999999999 0.224361 -0.0132879
0.031572299999999998 0.15201799999999999 -0.012557799999999999
0.017826100000000001 0.103174 -0.0123336
-0.028415200000000002 0.15021699999999999 -0.012402099999999999
-0.019739199999999998 0.218831 -0.0126868
0.030451300000000001 0.072816800000000001 -0.0122901
-0.0406433 0.089020699999999994 -0.010524199999999999
0.013172400000000001 0.098547099999999999 -0.010573000000000001
-0.033836199999999997 0.123071 -0.0121756
-0.031879400000000002 0.14612600000000001 -0.0104169
0.026285800000000002 0.175756 -0.010345699999999999
-0.0237805 0.212506 -0.012276499999999999
-0.0033011999999999998 0.21715899999999999 -0.012267999999999999
0.0022100800000000001 0.234212 -0.011722
0.010563599999999999 0.24240600000000001 -0.0115198
-0.01298 0.24535000000000001 -0.0115735
-0.023224600000000001 0.079945000000000002 -0.0108822
0.0055541799999999997 0.094453800000000004 -0.0106024
0.027370999999999999 0.13171099999999999 -0.0104072
0.034383999999999998 0.17358999999999999 -0.0123164
0.0318021 0.179338 -0.012397099999999999
-0.0242186 0.203685 -0.011935599999999999
0.011981500000000001 0.21978700000000001 -0.0120593
0.0226751 0.0795844 -0.0105711
0.0015826 0.079506999999999994 -0.010587600000000001
0.019184199999999998 0.10721799999999999 -0.0115196
0.034246899999999997 0.17082900000000001 -0.0121578
-0.0014955000000000001 0.23993999999999999 -0.011336499999999999
0.031875399999999998 0.059017800000000002 -0.010388100000000001
-0.044177300000000003 0.070733299999999999 -0.010387499999999999
-0.00742489 0.079400899999999996 -0.010851899999999999
-0.020826299999999999 0.083211300000000002 -0.0116399
0.0137448 0.089226899999999998 -0.0102109
0.016705600000000001 0.10391 -0.0103284
-0.037956200000000002 0.109737 -0.010714899999999999
-0.035073100000000003 0.124903 -0.010370000000000001
0.0338486 0.15207300000000001 -0.0108503
0.029311199999999999 0.15672700000000001 -0.011690600000000001
-0.019095500000000001 0.17055899999999999 -0.0106163
0.034664 0.18204899999999999 -0.010626500000000001
-0.0244955 0.20566300000000001 -0.011852100000000001
-0.024502699999999999 0.20922499999999999 -0.011831400000000001
-0.017204899999999999 0.21529200000000001 -0.0116585
0.022938500000000001 0.218581 -0.010539400000000001
0.0069814300000000003 0.22738800000000001 -0.010464899999999999
0.0029321400000000002 0.230633 -0.011885099999999999
-0.0040873400000000001 0.24012800000000001 -0.011475900000000001
-0.0050496300000000003 0.24241099999999999 -0.011514399999999999
0.0044815000000000002 0.061029300000000002 -0.010522500000000001
-0.034369999999999998 0.079767400000000002 -0.01074
0.0086884200000000005 0.088955300000000001 -0.011773199999999999
0.0071235600000000001 0.095366900000000004 -0.010547300000000001
0.0344999 0.16458200000000001 -0.010827099999999999
0.034523600000000002 0.185366 -0.0105162
-0.0104385 0.20946899999999999 -0.010671699999999999
0.023494000000000001 0.054054100000000001 -0.0099611600000000002
0.028922 0.054401699999999997 -0.010981899999999999
-0.038252899999999999 0.057380399999999998 -0.010138299999999999
0.023058499999999999 0.058955399999999998 -0.0103908
-0.0071018299999999999 0.0610295 -0.010470399999999999
0.0017176100000000001 0.061022100000000003 -0.010647500000000001
-0.016379600000000001 0.061142299999999997 -0.0107169
-0.045812400000000003 0.065034700000000001 -0.0101133
0.0320895 0.071787799999999999 -0.010145400000000001
0.031630100000000001 0.077052599999999999 -0.0102556
-0.0013766500000000001 0.079282000000000005 -0.0104581
-0.0226787 0.082595100000000005 -0.010249299999999999
-0.031787700000000002 0.085986000000000007 -0.0102971
0.0099858700000000009 0.086255399999999996 -0.0099539299999999997
-0.028817800000000001 0.089716699999999996 -0.010121
-0.010157299999999999 0.091053499999999996 -0.0101627
0.0044377100000000001 0.092661800000000002 -0.0108004
-0.031876000000000002 0.10108300000000001 -0.010370600000000001
0.0279505 0.103103 -0.0100961
-0.035833200000000003 0.106239 -0.011055799999999999
0.022461800000000001 0.109982 -0.0105158
0.025226200000000001 0.10874 -0.011032
-0.037115500000000003 0.11514099999999999 -0.010529999999999999
0.022317500000000001 0.118412 -0.010038
-0.031502500000000003 0.121488 -0.010508999999999999
-0.035176699999999998 0.131637 -0.0100249
-0.0339256 0.13339599999999999 -0.0102405
-0.032284100000000003 0.13847699999999999 -0.0105205
0.029888600000000001 0.14039099999999999 -0.0106926
-0.033396200000000001 0.144928 -0.0109756
-0.026348 0.15234800000000001 -0.010453199999999999
0.031870200000000001 0.16154099999999999 -0.0114404
0.027059400000000001 0.162718 -0.0110355
-0.021432199999999998 0.16584499999999999 -0.0108047
0.030785300000000002 0.17303399999999999 -0.0105665
0.030608799999999999 0.17633399999999999 -0.0116101
-0.0201859 0.18207200000000001 -0.0101312
0.031902600000000003 0.19495899999999999 -0.011254200000000001
-0.022560799999999999 0.20385300000000001 -0.01013
-0.0131342 0.20943000000000001 -0.010509299999999999
-0.0200223 0.21593799999999999 -0.011346999999999999
0.015786700000000001 0.21759100000000001 -0.0101037
-0.00059316900000000005 0.220355 -0.0101697
0.0104511 0.22142800000000001 -0.0101928
0.0317331 0.22450700000000001 -0.010355400000000001
0.0044295000000000003 0.23078099999999999 -0.0103996
0.0044160700000000002 0.234233 -0.011125100000000001
0.0070973099999999999 0.23702500000000001 -0.011108099999999999
-0.0199247 0.061166199999999997 -0.0103975
-0.0129973 0.082358000000000001 -0.0100383
-0.0011612199999999999 0.091331300000000004 -0.010372599999999999
-0.028156500000000001 0.11848499999999999 -0.0100824
-0.0282274 0.14299300000000001 -0.010201399999999999
-0.0228504 0.19520399999999999 -0.0099739100000000008
-0.036893500000000003 0.057030400000000002 -0.010259000000000001
0.033730700000000002 0.148899 -0.0101206
0.0042313100000000003 0.23716799999999999 -0.010482999999999999
0.030695500000000001 0.14115900000000001 -0.0099789400000000004
-0.016429300000000001 0.20961299999999999 -0.0100074
0.021936799999999999 0.12471400000000001 -0.0097321999999999999
-0.020160899999999999 0.20960699999999999 -0.0099745600000000004
0.0048157699999999996 0.239844 -0.0097797600000000002
-0.033383000000000003 0.060836800000000003 -0.0096099700000000007
0.010570400000000001 0.097693000000000002 -0.0096622600000000006
0.017874399999999999 0.10917399999999999 -0.0094540800000000001
-0.020950099999999999 0.1656 -0.0093642800000000009
0.028879100000000001 0.206706 -0.0097312800000000001
0.022731100000000001 0.215388 -0.0094918599999999995
-0.020538500000000001 0.20694199999999999 -0.0095077800000000004
-0.010221600000000001 0.061074000000000003 -0.0073695599999999998
0.028903100000000001 0.104242 -0.0080054600000000007
0.024935700000000002 0.12553300000000001 -0.00854743
0.024802500000000002 0.176621 -0.00852464
0.026404400000000001 0.207041 -0.0092980000000000007
0.030994799999999999 0.22065299999999999 -0.0088813799999999995
-0.026126900000000002 0.080767800000000001 -0.0079002800000000008
0.010810200000000001 0.10076 -0.0073131999999999997
0.031035500000000001 0.14322599999999999 -0.0075827799999999999
-0.017943500000000001 0.171179 -0.0091443199999999992
-0.016477700000000001 0.20664299999999999 -0.0078273300000000004
0.0044125199999999996 0.22358 -0.0075934499999999999
-0.0257311 0.061296000000000003 -0.0076717699999999996
0.0099765500000000007 0.079602300000000001 -0.0069813100000000001
-0.031401100000000001 0.087111599999999997 -0.0087001000000000005
-0.026114100000000001 0.089248999999999995 -0.0067381899999999998
-0.0104235 0.092044200000000007 -0.0070938900000000003
-0.037237800000000001 0.11300300000000001 -0.0076491700000000003
-0.0265408 0.13917499999999999 -0.0069542199999999997
0.026541100000000001 0.16530300000000001 -0.0072772499999999999
-0.016768399999999999 0.17335300000000001 -0.0075021200000000001
-0.021581599999999999 0.19995399999999999 -0.0088070100000000005
0.019673 0.21228900000000001 -0.0077297599999999996
0.031805600000000003 0.053444100000000001 -0.0073506600000000002
-0.037428999999999997 0.056725600000000001 -0.0070247499999999997
-0.040868399999999999 0.057744700000000003 -0.00729066
-0.0071670400000000004 0.0618434 -0.0070707599999999997
-0.031919500000000003 0.061203599999999997 -0.00725167
-0.045969299999999998 0.065309000000000006 -0.0072038600000000003
-0.0458509 0.068023700000000006 -0.0071616600000000002
-0.042442100000000003 0.072507799999999997 -0.0072011999999999996
-0.041722799999999997 0.075914599999999999 -0.0069385899999999997
0.031517799999999999 0.079114500000000004 -0.0070112400000000002
-0.0041604700000000003 0.079283000000000006 -0.0070195800000000001
-0.0286737 0.080081200000000005 -0.00755545
0.025220900000000001 0.081983200000000006 -0.0071393999999999997
-0.025221500000000001 0.085980899999999999 -0.0075146400000000004
0.017882599999999998 0.087115899999999996 -0.0072887300000000002
-0.028665900000000001 0.088880399999999998 -0.0070681600000000004
-0.029213599999999999 0.092785999999999993 -0.0082448799999999996
-0.026057799999999999 0.094858600000000001 -0.0069663900000000003
-0.037686499999999998 0.095589400000000005 -0.0074084800000000003
0.0077803600000000001 0.097912899999999997 -0.0069000700000000003
-0.032056099999999997 0.10131900000000001 -0.00705816
0.0305578 0.103815 -0.0084007000000000005
-0.034999599999999999 0.10484 -0.0070697299999999998
-0.038037799999999997 0.11003499999999999 -0.0070563500000000003
0.016699499999999999 0.112653 -0.0071356700000000002
-0.0345093 0.113319 -0.0070607500000000002
-0.027951500000000001 0.118066 -0.0075989100000000004
-0.034188299999999998 0.122868 -0.0073697700000000003
0.023807100000000001 0.12560399999999999 -0.0083428100000000009
0.025647199999999998 0.13062099999999999 -0.0070352100000000001
-0.025793099999999999 0.137628 -0.0075407699999999996
0.030433100000000001 0.14089299999999999 -0.0071813399999999996
-0.0266757 0.14591299999999999 -0.0071657800000000001
-0.024631299999999998 0.15490599999999999 -0.0077405699999999996
0.034149499999999999 0.16151399999999999 -0.0075165500000000003
0.034402500000000003 0.164802 -0.00784609
0.034129399999999997 0.17030100000000001 -0.0078894299999999994
0.022447399999999999 0.17338300000000001 -0.0071980500000000001
0.023404000000000001 0.175762 -0.0067698000000000003
0.034493299999999998 0.18213299999999999 -0.0083032999999999996
0.0341382 0.187835 -0.0072900200000000004
0.028948499999999999 0.19161300000000001 -0.0079088600000000002
0.034620699999999997 0.19775100000000001 -0.0073765999999999997
0.0335774 0.202877 -0.0073422899999999996
0.031718499999999997 0.206707 -0.0080721999999999999
0.022404899999999998 0.20962900000000001 -0.0086672899999999994
0.0311823 0.21243000000000001 -0.0083009399999999997
0.017767399999999999 0.21635599999999999 -0.0069245599999999997
-0.0040940999999999998 0.21801300000000001 -0.0072070399999999996
0.0010434800000000001 0.22262100000000001 -0.00720304
0.022234899999999998 0.060789999999999997 -0.0071182299999999997
-0.0071713999999999996 0.079282199999999997 -0.0071088699999999998
-0.034785499999999997 0.079692600000000002 -0.0076229499999999999
0.027266700000000001 0.132109 -0.00705903
0.033656199999999997 0.152833 -0.0084968600000000002
0.034191600000000003 0.18512200000000001 -0.0074685899999999998
0.028766300000000002 0.19745499999999999 -0.0074506299999999998
0.034263700000000001 0.20086999999999999 -0.0071716100000000001
0.030481500000000002 0.102504 -0.0083066200000000007
0.032813500000000002 0.154589 -0.0069872600000000003
0.0258233 0.19475999999999999 -0.0075520400000000003
0.0041162500000000001 0.061061799999999999 -0.0072562700000000004
0.0260576 0.19126199999999999 -0.0077477700000000002
-0.028808899999999998 0.094814499999999996 -0.0068651099999999998
0.0286024 0.18543499999999999 -0.0068494300000000001
0.022642300000000001 0.19148599999999999 -0.0067000699999999998
0.0148211 0.21989600000000001 -0.0069684100000000004
0.032792300000000003 0.15826799999999999 -0.0064640100000000001
0.0230998 0.19508300000000001 -0.0070899400000000003
0.022015699999999999 0.084821999999999995 -0.0067156999999999998
-0.0295009 0.114325 -0.0063643700000000003
0.032813299999999997 0.162019 -0.0066226799999999997
0.023617800000000001 0.17921699999999999 -0.0064804700000000003
0.031652600000000003 0.19276699999999999 -0.0064611900000000003
-0.014852000000000001 0.195079 -0.0064166099999999997
-0.0130782 0.20075999999999999 -0.0063699000000000004
-0.026889799999999998 0.128632 -0.0062250200000000004
-0.028101000000000001 0.12941 -0.0063171599999999996
0.0068877499999999998 0.061140399999999998 -0.0044912499999999996
-0.025938200000000002 0.085873099999999994 -0.0046300600000000001
-0.040547899999999998 0.089596700000000001 -0.0045434400000000002
0.0127911 0.107034 -0.0045170200000000001
0.0156089 0.109998 -0.0043155800000000003
0.017061699999999999 0.122026 -0.0044201199999999996
0.031233799999999999 0.145898 -0.0046574199999999998
0.0320246 0.17949899999999999 -0.0042403700000000003
-0.015364900000000001 0.20172100000000001 -0.0059673800000000004
-0.00122623 0.061054999999999998 -0.0045487899999999996
-0.0067152000000000002 0.092803099999999999 -0.0047828699999999998
0.0095419600000000004 0.101498 -0.0048064700000000002
0.0162822 0.11859 -0.0042949299999999998
0.019736400000000001 0.13161200000000001 -0.0048424899999999996
-0.016253699999999999 0.19084699999999999 -0.0056337000000000002
-0.011209200000000001 0.19747700000000001 -0.0045683099999999999
0.0237541 0.055918900000000001 -0.0042047999999999999
0.023262700000000001 0.059312700000000003 -0.00439142
-0.025693199999999999 0.061339499999999998 -0.0045197600000000003
0.0043252500000000001 0.061119 -0.0043975000000000004
-0.0048702800000000003 0.061584300000000002 -0.0047096999999999998
0.032177299999999999 0.071802500000000005 -0.0045055700000000004
-0.0073199099999999998 0.079410599999999998 -0.0041692700000000001
-0.031339499999999999 0.079697500000000004 -0.0046245000000000001
-0.028205999999999998 0.0825988 -0.0042199500000000001
-0.014535599999999999 0.088672699999999993 -0.0050022699999999996
-0.0221008 0.091991299999999998 -0.0043695699999999997
-0.0081158700000000007 0.093915399999999996 -0.0040894800000000004
0.0019161 0.094258300000000003 -0.0047214500000000003
-0.034234100000000003 0.097233200000000006 -0.0049686900000000004
-0.028949599999999999 0.11289299999999999 -0.0043793800000000004
0.018850499999999999 0.128581 -0.0043510199999999997
-0.034254100000000003 0.12823200000000001 -0.00528511
-0.0256218 0.13148899999999999 -0.0044346400000000001
0.028170600000000001 0.13728499999999999 -0.0043007000000000002
-0.0235269 0.158335 -0.0043904399999999998
0.031584599999999997 0.164738 -0.0044025899999999996
0.031268999999999998 0.17342399999999999 -0.0044749400000000002
0.0292409 0.176565 -0.0044572600000000002
0.029099900000000001 0.18207899999999999 -0.0044754599999999997
0.032143100000000001 0.18504100000000001 -0.00473552
0.029346199999999999 0.187609 -0.0052288999999999999
-0.020167299999999999 0.19506599999999999 -0.0056505799999999997
0.029792599999999999 0.19800000000000001 -0.0054231000000000001
-0.015742200000000001 0.20341999999999999 -0.0054435100000000004
-0.0129231 0.20633699999999999 -0.0050874099999999997
0.0047582600000000003 0.22390599999999999 -0.0044518099999999996
0.031595600000000001 0.055847300000000002 -0.0043735199999999997
-0.043018000000000001 0.059470099999999998 -0.0043521799999999998
-0.033442199999999998 0.061035699999999998 -0.00436849
-0.031888399999999997 0.061255200000000003 -0.0042094200000000002
-0.045269799999999999 0.062750500000000001 -0.0042832
-0.044176600000000003 0.070983299999999999 -0.0042689299999999998
-0.041225499999999998 0.073798799999999998 -0.0043022099999999999
0.0012852600000000001 0.079472299999999996 -0.00452624
0.013138499999999999 0.082826899999999995 -0.0039536600000000003
-0.032190200000000002 0.092208300000000007 -0.00512679
-0.039831199999999997 0.095274800000000007 -0.0043694099999999998
0.0069414999999999998 0.098598099999999994 -0.0043708000000000002
0.0082590200000000006 0.10040499999999999 -0.0044561000000000002
-0.037153499999999999 0.107347 -0.0046218400000000003
-0.027581999999999999 0.115601 -0.0043582200000000003
-0.0333928 0.122763 -0.0052725000000000003
-0.032093499999999997 0.13861100000000001 -0.0040856
-0.031375599999999997 0.13958899999999999 -0.0037995400000000001
0.031607799999999998 0.14913599999999999 -0.0045928599999999998
0.031959799999999997 0.15167 -0.0044882200000000002
0.026430599999999999 0.16477900000000001 -0.0042520199999999996
-0.018575899999999999 0.168933 -0.0044048400000000001
0.0205235 0.17092199999999999 -0.0039914800000000004
0.032696900000000001 0.17616499999999999 -0.0043122100000000003
0.0292228 0.184888 -0.0048484000000000001
0.031964100000000002 0.18784400000000001 -0.0048415300000000001
0.019047999999999999 0.19497300000000001 -0.0049068000000000002
-0.019143500000000001 0.196825 -0.0056424800000000001
0.032027699999999999 0.20055899999999999 -0.0046237099999999996
-0.0113615 0.20697399999999999 -0.0041368799999999999
-0.0072127700000000003 0.21246200000000001 -0.0045872300000000003
-0.0029743299999999999 0.21993199999999999 -0.0044585700000000002
0.010859000000000001 0.22273499999999999 -0.0045617599999999998
0.0069917699999999996 0.22390599999999999 -0.0042543800000000003
-0.0041184300000000002 0.079320600000000005 -0.0042374800000000001
0.0229182 0.13320599999999999 -0.0044016999999999997
0.0191419 0.21242800000000001 -0.0043036699999999999
0.0337743 0.18201000000000001 -0.0041481799999999996
-0.026096899999999999 0.10118099999999999 -0.0039204699999999997
0.033549900000000001 0.17949300000000001 -0.0038719100000000001
-0.0154132 0.082298499999999997 -0.0036668099999999999
-0.036692500000000003 0.092525300000000005 -0.0034700299999999998
-0.021075099999999999 0.0961143 -0.0035491699999999999
-0.026621599999999999 0.122226 -0.0036436200000000002
-0.028538500000000001 0.15490399999999999 -0.0036705800000000001
-0.017855699999999999 0.18195800000000001 -0.0035829899999999999
-0.0101105 0.19215699999999999 -0.0035864199999999999
-0.0210411 0.097436099999999998 -0.0034128600000000002
0.019787300000000001 0.179588 -0.0032558399999999999
0.0130431 0.194714 -0.0033267800000000001
-0.028164999999999999 0.14894399999999999 -0.0032385399999999998
0.0133513 0.19248799999999999 -0.0032059900000000001
-0.0070072199999999998 0.092648599999999998 -0.0012213
-0.0073038499999999998 0.094683500000000004 -0.00109252
-0.028957900000000002 0.14524400000000001 -0.0031337100000000001
0.031336900000000001 0.17349700000000001 -0.0022295399999999999
-0.037498799999999999 0.055632500000000001 -0.0014522199999999999
0.023295699999999999 0.056119000000000002 -0.00126997
-0.032101900000000003 0.061233500000000003 -0.00121082
0.0306149 0.073217900000000002 -0.0015685199999999999
-0.040975999999999999 0.0794845 -0.0012106300000000001
0.010580000000000001 0.079236600000000004 -0.00126837
-0.029629800000000001 0.083319299999999999 -0.0021154899999999998
0.015917000000000001 0.083300799999999994 -0.0010283499999999999
-0.016332200000000002 0.085556499999999994 -0.0015943699999999999
-0.040373699999999998 0.089781799999999995 -0.0023226399999999999
-0.039923 0.092039099999999999 -0.0022278300000000001
-0.016646399999999999 0.092263300000000006 -0.0019839300000000001
-0.039435400000000002 0.094725900000000002 -0.0023757499999999998
-0.0100689 0.095857200000000004 -0.0015084899999999999
0.00782973 0.098019200000000001 -0.00173321
-0.028357 0.101336 -0.0013360399999999999
-0.025811799999999999 0.104354 -0.0025003199999999999
0.015996799999999999 0.110246 -0.00194235
-0.027527699999999999 0.11262900000000001 -0.0021852799999999999
0.0195239 0.12226099999999999 -0.0030381900000000001
0.0201987 0.125305 -0.0014800499999999999
0.022298100000000001 0.128501 -0.0019128999999999999
0.025672299999999999 0.13702900000000001 -0.0013864700000000001
-0.028842799999999998 0.14011299999999999 -0.0017072400000000001
-0.024726100000000001 0.14300199999999999 -0.0020824799999999998
-0.0298403 0.144152 -0.00242143
-0.028944500000000001 0.14621100000000001 -0.0014379
-0.0294986 0.148955 -0.00189073
-0.0273347 0.15757699999999999 -0.0030615600000000001
0.030808100000000001 0.15826000000000001 -0.0024555200000000001
0.031835500000000003 0.164411 -0.0015939699999999999
0.0227738 0.167236 -0.0014334899999999999
0.031662200000000001 0.17615800000000001 -0.0023840900000000002
0.0318909 0.17830099999999999 -0.0027431600000000001
0.021446699999999999 0.18123900000000001 -0.0029090700000000001
-0.0127825 0.18771299999999999 -0.0017473300000000001
0.012803 0.190687 -0.0024061999999999998
-0.011659900000000001 0.19684499999999999 -0.00166675
0.016216600000000001 0.20344200000000001 -0.00115967
-0.0071976499999999999 0.21251999999999999 -0.0014596800000000001
-0.00158362 0.22120200000000001 -0.00138123
0.0250832 0.052224399999999997 -0.00120421
0.034072199999999997 0.062238700000000001 -0.0014237099999999999
-0.010226799999999999 0.061148000000000001 -0.00173083
-0.028663500000000001 0.061396100000000002 -0.0012814899999999999
-0.042244700000000003 0.072544499999999998 -0.0023037499999999998
0.0073044099999999999 0.079291100000000003 -0.0014891399999999999
-0.037522600000000003 0.079674599999999998 -0.0013376200000000001
-0.016312299999999998 0.0825491 -0.00156113
-0.030504199999999999 0.098135500000000001 -0.0027361500000000001
-0.023061600000000002 0.101295 -0.00243691
0.015993 0.10703500000000001 -0.0023120900000000002
0.020694899999999999 0.13104399999999999 -0.0028357299999999998
0.0314749 0.15201000000000001 -0.0020518200000000002
-0.019204100000000002 0.16764599999999999 -0.00126475
-0.017269400000000001 0.176255 -0.00137473
0.0189829 0.18493899999999999 -0.0022634700000000001
0.011396699999999999 0.19162399999999999 -0.00138491
-0.013056 0.20383499999999999 -0.00114145
0.0094919199999999992 0.22345899999999999 -0.0013628100000000001
0.0068564999999999997 0.22398399999999999 -0.0014052100000000001
-0.041822100000000001 0.058680000000000003 -0.0012936899999999999
-0.033401399999999998 0.060793899999999998 -0.0022723299999999999
0.013028400000000001 0.0612312 -0.0016162500000000001
-0.042250299999999998 0.078856200000000001 -0.0018814000000000001
0.0040836800000000001 0.092786099999999996 -0.0010023300000000001
-0.022480900000000002 0.103979 -0.0017527
-0.031313500000000001 0.13846700000000001 -0.0010438299999999999
0.016441399999999998 0.18534900000000001 -0.0010499800000000001
0.0182872 0.21471299999999999 -0.0018857800000000001
-0.016580999999999999 0.061237600000000003 -0.001335
0.0100284 0.061206999999999998 -0.001585
0.013023399999999999 0.107006 -0.0020301899999999999
-0.029065299999999999 0.096373 -0.00157358
-0.0291544 0.13841200000000001 -0.0010291600000000001
-0.0230513 0.112867 -0.00119684
-0.0199621 0.10373300000000001 -0.00115649
0.0133431 0.112495 -0.00080334299999999998
0.0238833 0.083903099999999994 -0.00080168399999999999
-0.021030500000000001 0.106947 -0.00069480500000000005
-0.0204218 0.11579399999999999 -0.00047746099999999999
0.0239072 0.13378300000000001 -0.00061368399999999997
-0.030433600000000002 0.15019099999999999 -0.00066016000000000002
-0.00454346 0.188308 -0.00053564800000000001
0.01183 0.19378899999999999 -0.00067430599999999995
-0.0206386 0.110342 -0.00055536699999999997
-0.0204137 0.11888700000000001 -0.00037949700000000002
0.014030300000000001 0.116106 -0.00016803900000000001
0.014209400000000001 0.183083 -0.00031006300000000002
-0.0012528400000000001 0.18776000000000001 0.00128984
0.013980599999999999 0.079336599999999993 0.0019019900000000001
0.028582199999999999 0.079664100000000002 0.00128483
-0.0072456899999999999 0.092860100000000001 0.00105276
-0.010320599999999999 0.097897300000000007 0.00133494
-0.022645800000000001 0.121986 0.0016870399999999999
-0.0043960700000000002 0.188941 0.00151924
0.0316209 0.050606100000000001 0.0010989999999999999
0.031359600000000001 0.055434200000000003 0.00115464
0.022865199999999999 0.055616800000000001 0.0015149499999999999
0.031391799999999997 0.059179099999999998 0.0013195500000000001
-0.032842200000000002 0.059729299999999999 0.0017897500000000001
0.021342900000000001 0.060708999999999999 0.0016295599999999999
0.0074148399999999998 0.061272399999999998 0.0012524999999999999
0.033712300000000001 0.062304699999999998 0.00131905
0.034382799999999998 0.064919099999999993 0.0013363699999999999
-0.044940300000000002 0.068100300000000002 0.0019688700000000002
-0.040843699999999997 0.0733655 0.0014519299999999999
-0.041212499999999999 0.0767515 0.0011289399999999999
-0.040673300000000003 0.079422300000000001 0.0014159000000000001
-0.0039822499999999997 0.079403199999999993 0.00134034
0.027379000000000001 0.081621899999999997 0.00066057799999999999
0.025659100000000001 0.0831702 0.0014430300000000001
0.022295700000000002 0.084745399999999999 0.0013663499999999999
-0.017842500000000001 0.0874944 0.00071640600000000005
-0.023040100000000001 0.089595900000000006 0.0014369999999999999
0.0045071099999999999 0.095305899999999999 0.00095336300000000004
-0.012648899999999999 0.098665000000000003 0.00064144799999999997
-0.015311399999999999 0.102019 0.00083568599999999998
0.0094171800000000007 0.103779 0.00117982
0.0092918199999999992 0.10698000000000001 0.00068068399999999998
-0.0258823 0.109969 0.00151323
-0.025517399999999999 0.112652 0.00134326
0.012157299999999999 0.113515 0.000141939
0.0127768 0.115735 0.00028354500000000001
-0.0246947 0.118913 0.00072943300000000003
0.013295599999999999 0.11885999999999999 0.00086197300000000004
-0.024411100000000002 0.12151099999999999 0.0018261200000000001
0.019597 0.125975 0.00047301500000000002
0.019802199999999999 0.128549 0.0011800599999999999
-0.025454299999999999 0.13427900000000001 0.00172007
0.0232512 0.13675399999999999 0.0021359999999999999
-0.031620500000000003 0.13978399999999999 0.0014929399999999999
0.027736500000000001 0.14105500000000001 0.0010760399999999999
-0.0225928 0.146427 0.00164124
-0.026241899999999999 0.147226 0.00047415800000000002
-0.023175100000000001 0.14905399999999999 0.0015606299999999999
0.026715599999999999 0.15162 0.00169494
-0.0294273 0.155006 0.00139758
-0.026873600000000001 0.15976299999999999 0.000766222
-0.025795999999999999 0.160333 0.0019275399999999999
0.0236998 0.16530700000000001 0.0013928300000000001
0.0203004 0.168353 0.0014114900000000001
0.018911000000000001 0.17360900000000001 0.00137616
0.017440899999999999 0.17680199999999999 0.0015997299999999999
0.0131883 0.18198900000000001 0.0013056299999999999
-0.0107566 0.18557199999999999 0.00108518
0.011449300000000001 0.18773699999999999 0.00129506
0.011362799999999999 0.19501099999999999 0.00110297
-0.0141274 0.200791 0.00143103
-0.0136095 0.20377600000000001 0.00142037
-0.011482600000000001 0.20746200000000001 0.00137856
-0.0072147799999999996 0.21255199999999999 0.0014666499999999999
0.016903700000000001 0.2152 0.00141979
0.013077099999999999 0.22128999999999999 0.0013227499999999999
0.010327299999999999 0.22272800000000001 0.0019198799999999999
-0.0166018 0.061290699999999997 0.0011441699999999999
-0.0072997499999999998 0.061222400000000003 0.00182125
-0.00160877 0.079413200000000003 0.00130053
-0.0171468 0.12202200000000001 0.00206083
0.0046481700000000001 0.061257699999999998 0.0012275000000000001
-0.025718499999999998 0.061459699999999999 0.0015525000000000001
0.0014570500000000001 0.18515200000000001 0.0016437699999999999
0.0045133899999999999 0.098298899999999995 0.0014918100000000001
-0.0079648700000000006 0.096818500000000002 0.00214124
0.019894200000000001 0.13138900000000001 0.0021725999999999998
-0.042114100000000002 0.072284399999999999 0.0016025
-0.0183403 0.087379100000000001 0.0017295500000000001
0.0077825500000000001 0.11002099999999999 0.0020710199999999998
-0.017808000000000001 0.119906 0.0021381299999999998
-0.019654000000000001 0.127414 0.0019600199999999998
-0.024666199999999999 0.13097 0.0024699600000000002
0.014471100000000001 0.17982500000000001 0.002398
-0.0086752600000000006 0.21104800000000001 0.0015508200000000001
0.0076932800000000003 0.11816400000000001 0.0025970400000000001
0.0109528 0.121628 0.0025324900000000001
-0.00829593 0.18318100000000001 0.0025546700000000002
0.00081348499999999997 0.11545900000000001 0.0027842499999999998
-0.0166859 0.128246 0.0042505199999999998
-0.034640600000000001 0.053621599999999998 0.0046164200000000004
-0.033353099999999997 0.0557005 0.0032776200000000002
0.030926599999999999 0.059453899999999997 0.0043293999999999997
-0.043387000000000002 0.062128900000000001 0.0044382600000000003
0.033577099999999999 0.067719799999999997 0.0043821800000000003
-0.043136800000000003 0.070578500000000002 0.0043072800000000001
-0.0013163599999999999 0.079367199999999999 0.0046293899999999997
0.0133382 0.079571600000000006 0.0044746400000000002
-0.034248199999999999 0.082904900000000004 0.0044520499999999999
0.0224742 0.084520399999999996 0.0036491499999999999
-0.022693399999999999 0.088653899999999994 0.0044781899999999999
-0.0048277600000000004 0.094714400000000004 0.0047514300000000001
-0.010304300000000001 0.098315899999999998 0.0050757099999999998
0.0078924000000000008 0.10419399999999999 0.0044165599999999999
0.0074177100000000001 0.106987 0.0042892199999999998
-0.00036029699999999998 0.11250499999999999 0.0027284900000000001
-0.023836099999999999 0.112832 0.00333454
-0.023448500000000001 0.118809 0.0039780700000000002
-0.022554500000000002 0.124838 0.00435039
-0.026002000000000001 0.12840499999999999 0.0042501300000000004
0.019476299999999998 0.134827 0.0034914899999999999
-0.028635500000000001 0.14027600000000001 0.00398731
0.025163600000000001 0.14301900000000001 0.0039384199999999998
-0.028250399999999998 0.149836 0.0034043099999999998
0.026039099999999999 0.15784699999999999 0.0045408100000000002
-0.017466099999999998 0.16831599999999999 0.0045578900000000002
0.018457600000000001 0.17319399999999999 0.0040566500000000002
-0.0133898 0.17974100000000001 0.0045399799999999999
0.00733594 0.183536 0.0028571500000000001
0.00146777 0.18718199999999999 0.0044630199999999998
-0.0065207800000000003 0.18982499999999999 0.0044792199999999999
0.0099703299999999995 0.19505600000000001 0.0041732999999999996
-0.013675 0.20376 0.0044234299999999999
-0.0119112 0.20732800000000001 0.0044389800000000004
0.0015582700000000001 0.221386 0.0045701200000000004
-0.037959699999999999 0.054491999999999999 0.0041560800000000004
-0.0046331499999999999 0.061309000000000002 0.0042306000000000002
0.0098978299999999998 0.061372500000000003 0.0047868399999999997
-0.028752900000000001 0.061413200000000001 0.0043837499999999996
0.0290464 0.073661299999999999 0.0043873000000000002
-0.010160499999999999 0.079501199999999994 0.0044936300000000002
0.028539700000000001 0.0794131 0.0044098000000000002
-0.0287373 0.086485000000000006 0.0044889700000000001
0.00097745899999999997 0.098509100000000002 0.0033518799999999998
0.0033459800000000001 0.10426199999999999 0.0044474099999999997
-0.0136413 0.10953300000000001 0.0042101899999999999
-0.0014592400000000001 0.109819 0.0035194100000000002
-0.017683299999999999 0.115924 0.0029548500000000002
-0.00124829 0.118642 0.0041324999999999999
-0.014235100000000001 0.122194 0.00412897
0.0151731 0.12936400000000001 0.0035848299999999998
-0.021184100000000001 0.13375999999999999 0.0035165499999999998
0.022357999999999999 0.13808100000000001 0.0036069100000000001
0.0261715 0.15534600000000001 0.0043781599999999999
0.023225699999999998 0.164383 0.00448314
-0.016490399999999999 0.17628199999999999 0.0042279300000000004
0.0100543 0.182 0.0042629900000000004
0.00144713 0.18365799999999999 0.0029721000000000001
0.0042960200000000002 0.187974 0.0042845499999999998
0.0110557 0.20096900000000001 0.0045527099999999997
-0.0073530499999999999 0.212197 0.0043291099999999997
0.0136464 0.218754 0.0044469699999999997
0.0072853600000000003 0.22251199999999999 0.0043064000000000002
-0.042309699999999999 0.060223699999999998 0.0037157399999999999
0.0010822099999999999 0.061319899999999997 0.0043911100000000002
-0.0071219500000000002 0.0794126 0.0046406299999999998
0.010325300000000001 0.079600699999999996 0.00452959
0.00185615 0.103655 0.004561
-0.0139714 0.11266 0.0042964099999999996
-0.014068600000000001 0.11561399999999999 0.0043654200000000001
0.0072399300000000003 0.121645 0.0042711499999999996
-0.027910600000000001 0.12895599999999999 0.00339989
-0.026196199999999999 0.13859199999999999 0.0046010399999999998
-0.027930300000000002 0.14174800000000001 0.0038817700000000001
0.024438999999999999 0.14716699999999999 0.003741
0.0044507899999999996 0.182035 0.0044848800000000001
-0.00061798199999999999 0.22068399999999999 0.0037212600000000001
0.0046464999999999996 0.061346900000000003 0.0050540200000000002
0.000325614 0.107085 0.0046365099999999999
-0.022993599999999999 0.12844700000000001 0.0041116199999999999
-0.026001099999999999 0.15804699999999999 0.00382987
-0.0012035399999999999 0.098198199999999999 0.00458334
-0.025889200000000001 0.15534200000000001 0.00442809
-0.0138621 0.118482 0.0045352400000000003
-0.014444200000000001 0.12517 0.00476999
-0.026795900000000001 0.087324799999999994 0.0049477200000000001
-0.0042701700000000002 0.107131 0.0044345499999999998
-0.022790899999999999 0.15493499999999999 0.0048736500000000002
0.011521399999999999 0.20308399999999999 0.0050925299999999996
0.00743657 0.124611 0.0054706800000000003
-0.0111799 0.18030399999999999 0.0048196599999999999
-0.042183400000000003 0.060549100000000002 0.0050438599999999998
-0.019876899999999999 0.13112399999999999 0.0052084399999999999
-0.0056366200000000002 0.213785 0.0052275000000000004
-0.00731491 0.11000600000000001 0.0055915599999999998
0.0090966699999999994 0.109053 0.0054664900000000001
-0.010356799999999999 0.104042 0.0057171899999999996
0.014957099999999999 0.21226300000000001 0.0056487400000000002
0.0190174 0.079392199999999996 0.0075207399999999997
0.025946199999999999 0.079671400000000003 0.0071176099999999999
0.0072711099999999999 0.107211 0.0068058299999999997
-0.017328400000000001 0.127937 0.0078638200000000005
0.0307551 0.050850699999999999 0.0070785199999999996
0.0226564 0.0525348 0.00726671
0.030574400000000002 0.054555300000000001 0.0068601399999999998
-0.031454999999999997 0.056117 0.0075161000000000004
-0.030720299999999999 0.059258199999999997 0.0073629699999999999
0.030775299999999998 0.059956299999999997 0.0063172300000000001
0.0188293 0.0608934 0.0076310500000000003
0.0016065000000000001 0.061433500000000002 0.0073941700000000003
0.032628900000000002 0.064717300000000005 0.0075238800000000002
0.032660300000000003 0.067886500000000002 0.0071523699999999999
0.029594599999999999 0.072087100000000001 0.0072765900000000003
-0.038314899999999999 0.073866000000000001 0.0076292900000000004
-0.039559700000000003 0.079006900000000005 0.0073895300000000001
-0.0074808000000000001 0.079476500000000005 0.0071337500000000003
0.0012079599999999999 0.079576999999999995 0.0075424200000000002
0.0165469 0.079641199999999995 0.0072698499999999996
-0.034760899999999997 0.082454299999999994 0.0069981899999999996
-0.0307833 0.0850331 0.0069851000000000002
-0.026195599999999999 0.086770200000000006 0.0076858999999999999
-0.0072989099999999996 0.0950376 0.0065346700000000002
-0.0042483199999999999 0.098225400000000004 0.0063443299999999996
-0.00138682 0.101172 0.0065438800000000002
0.0012436299999999999 0.101394 0.0063174800000000003
0.0070802599999999997 0.105227 0.0062123600000000001
0.00119086 0.10700999999999999 0.0072483499999999998
0.0017301300000000001 0.109913 0.0077924800000000001
-0.0078939600000000002 0.112696 0.0061185399999999996
-0.013412500000000001 0.11552900000000001 0.0079546300000000007
0.00280795 0.117744 0.0063168900000000004
0.0033743599999999999 0.11901399999999999 0.0073827600000000004
-0.0035624200000000002 0.120653 0.0059929800000000002
-0.0012646000000000001 0.125417 0.0071467900000000001
0.0035691099999999999 0.126967 0.0059732600000000002
0.0098293900000000003 0.128853 0.00640341
-0.018625800000000001 0.134434 0.0064382900000000002
-0.019205199999999999 0.137909 0.0066062500000000001
-0.025190000000000001 0.14018600000000001 0.00617981
0.022017200000000001 0.140375 0.0069891700000000003
-0.0226623 0.14241200000000001 0.0069697099999999996
0.0221646 0.14615500000000001 0.0070694099999999999
-0.0204558 0.15179799999999999 0.0075151000000000003
-0.021476700000000001 0.15476799999999999 0.0065200400000000004
0.022302499999999999 0.164187 0.0071296199999999997
-0.018310099999999999 0.16630800000000001 0.0066103899999999998
0.018230400000000001 0.17047899999999999 0.00651309
0.018224299999999999 0.17274200000000001 0.0064774999999999998
0.0127178 0.17821400000000001 0.0062817000000000003
-0.010535600000000001 0.179004 0.0070904699999999998
0.0098023899999999994 0.17907899999999999 0.0071934499999999997
-0.0094331999999999992 0.18102399999999999 0.0061931699999999996
0.0037145300000000002 0.181146 0.0061745200000000002
-0.0042878400000000002 0.18924299999999999 0.0074244699999999999
-0.0076064000000000001 0.19128800000000001 0.0077277200000000004
0.0092752100000000007 0.19585900000000001 0.0063263700000000004
-0.0129643 0.20072000000000001 0.0066163899999999998
0.0129265 0.20696100000000001 0.0068451700000000002
0.0133595 0.20960000000000001 0.0074515199999999997
-0.0040317199999999999 0.215145 0.0070351500000000004
0.012944600000000001 0.21742800000000001 0.0064219300000000002
0.0022287700000000001 0.22043499999999999 0.0064361499999999999
0.0308125 0.0532486 0.0072504600000000002
-0.0044143300000000002 0.061426799999999997 0.0073733399999999999
-0.0146927 0.12375800000000001 0.0067136699999999997
0.0135789 0.212427 0.0073426899999999998
0.0043565000000000001 0.061435200000000002 0.0074149999999999997
-0.0106715 0.115816 0.00725984
0.00165653 0.17904999999999999 0.00671523
-0.013476800000000001 0.061453399999999998 0.0076441699999999996
0.0071500699999999997 0.121776 0.0080638399999999992
-0.041507200000000001 0.061194900000000003 0.0081291499999999999
-0.015701699999999999 0.122957 0.0080367500000000005
-0.017100899999999999 0.13447600000000001 0.0081308200000000004
0.0235538 0.15154200000000001 0.0086258900000000006
0.023375900000000002 0.16198499999999999 0.0078515300000000007
-0.013856800000000001 0.17315700000000001 0.0085890700000000007
-0.00134133 0.17626900000000001 0.0079486999999999995
-0.0071982799999999996 0.20375299999999999 0.0075973100000000003
0.0041878999999999996 0.21937400000000001 0.0080903099999999999
0.0206561 0.143399 0.0081424300000000008
-0.0045676500000000004 0.200629 0.0083502300000000002
-0.0045083399999999996 0.176038 0.0082641899999999994
-0.0105521 0.177374 0.0084681500000000007
-0.0109354 0.122183 0.00827928
-0.0078339299999999994 0.198105 0.0086866700000000005
-0.031525600000000001 0.052770699999999997 0.0103608
0.018719599999999999 0.0589943 0.0095391799999999995
0.0278599 0.077016500000000002 0.0101814
-0.031959300000000003 0.083168400000000003 0.0105529
0.0071287199999999998 0.113112 0.00979323
-0.015491400000000001 0.119225 0.0094410399999999995
0.0076166799999999998 0.12542300000000001 0.010126599999999999
-0.017011800000000001 0.144182 0.0086017300000000001
0.020032100000000001 0.16460900000000001 0.010959699999999999
-0.0090820199999999997 0.177924 0.0090754200000000007
-0.0083660999999999996 0.19366900000000001 0.0087878499999999998
0.026059599999999999 0.050860299999999997 0.0100453
0.0192195 0.056071700000000002 0.0101336
0.0166456 0.061075699999999997 0.0104752
-0.040831300000000001 0.061807399999999998 0.010384900000000001
0.0306915 0.069725099999999998 0.0100077
0.026379199999999998 0.073714699999999994 0.0104761
-0.0043318300000000001 0.079641600000000007 0.010725800000000001
-0.0166217 0.079801399999999995 0.010138899999999999
-0.035466499999999998 0.080537499999999998 0.0103438
-0.013945300000000001 0.112626 0.0093212199999999999
-0.013878 0.12535199999999999 0.0101499
-0.0043097700000000001 0.12837100000000001 0.0095072000000000004
0.0022836100000000002 0.12979599999999999 0.0090330199999999992
0.0099133599999999995 0.134712 0.0097728099999999998
0.0187925 0.13825200000000001 0.0093235499999999999
-0.0183958 0.149308 0.0094693899999999994
0.022801800000000001 0.15479699999999999 0.0106196
0.016823899999999999 0.16783300000000001 0.010819199999999999
-0.0042014900000000004 0.17325699999999999 0.010150599999999999
0.013007700000000001 0.17548 0.0099520700000000004
-0.0098595699999999998 0.176042 0.0096241199999999999
0.0069694500000000003 0.19464400000000001 0.0101
-0.0014229799999999999 0.19747899999999999 0.0097797700000000001
0.0090951000000000001 0.204398 0.0092028300000000004
0.0118651 0.212475 0.0089523599999999995
0.028785000000000002 0.050616599999999998 0.0106429
0.019910500000000001 0.053543199999999999 0.0108494
-0.029432300000000002 0.0562357 0.0107335
-0.042511699999999999 0.065037300000000006 0.0095599799999999992
-0.039333899999999998 0.072427199999999997 0.0092659999999999999
0.0103982 0.079798499999999994 0.0102486
-0.0218858 0.082958500000000004 0.010687500000000001
0.0064744700000000004 0.110651 0.0090852899999999993
0.0078972000000000001 0.115566 0.010304199999999999
0.0076227200000000004 0.121657 0.0111246
-0.010278900000000001 0.128355 0.0095046000000000002
0.0040072399999999996 0.13136999999999999 0.010599900000000001
-0.0198376 0.140628 0.0096430700000000001
-0.019114099999999998 0.15840599999999999 0.010248
0.019038099999999999 0.166573 0.00966442
0.0044316399999999997 0.173568 0.0102267
-0.0015815 0.191272 0.010011300000000001
-0.00137779 0.20060700000000001 0.010404800000000001
0.0076634199999999998 0.203652 0.0100838
0.0103172 0.209564 0.0095448000000000009
0.0043191100000000001 0.21747 0.0093451000000000003
-0.0076174700000000003 0.061542199999999998 0.0103981
0.010637799999999999 0.061492199999999997 0.010290000000000001
-0.013072 0.12854599999999999 0.0100587
0.0014571199999999999 0.19759099999999999 0.0098581099999999998
0.0043625799999999996 0.079744099999999998 0.010356000000000001
0.0017056700000000001 0.212286 0.0099006800000000002
-0.012959099999999999 0.13142499999999999 0.0103561
0.013480000000000001 0.136577 0.0105405
0.00131744 0.20971400000000001 0.0106073
-0.0202268 0.061615799999999998 0.0105608
0.0080856599999999997 0.133933 0.0107578
0.0072488600000000002 0.20952899999999999 0.0101387
0.026856600000000001 0.058324599999999997 0.01095
-0.029072799999999999 0.083864599999999997 0.011159799999999999
0.0169477 0.1401 0.011431999999999999
-0.0043056099999999996 0.195019 0.010389300000000001
0.0042431400000000003 0.20683799999999999 0.010262800000000001
0.029781999999999999 0.061244899999999998 0.0109991
0.0048448099999999997 0.19787299999999999 0.011306099999999999
0.0071838300000000004 0.11912399999999999 0.0112897
0.0129567 0.173543 0.0110738
-0.038794200000000001 0.072160500000000002 0.0111393
0.00156521 0.203601 0.011518199999999999
-0.0106978 0.136655 0.011385599999999999
0.0261009 0.0506372 0.013068400000000001
-0.034805000000000003 0.051120899999999997 0.013565799999999999
-0.0318651 0.0516456 0.0131541
0.018424200000000002 0.054394600000000001 0.012272
0.025916100000000001 0.056210999999999997 0.0136057
-0.037328800000000002 0.059493999999999998 0.013030099999999999
0.0289284 0.061807300000000003 0.013169200000000001
0.015521200000000001 0.061051300000000003 0.0122506
-0.013112199999999999 0.061718099999999998 0.0132275
-0.0014434999999999999 0.061721400000000003 0.013452499999999999
0.0076029399999999999 0.061579399999999999 0.013687299999999999
-0.040644199999999998 0.068132899999999996 0.013220300000000001
-0.038208699999999998 0.071501300000000004 0.013612000000000001
-0.035240899999999999 0.076217300000000002 0.013720899999999999
0.025766500000000001 0.079284599999999997 0.0133563
-0.013546300000000001 0.0798016 0.0134217
0.0017262899999999999 0.079774600000000001 0.0133265
0.0071564999999999997 0.079869300000000004 0.013060799999999999
0.023189600000000001 0.079847500000000002 0.0130949
-0.031545900000000002 0.082089800000000004 0.013424500000000001
-0.023753 0.084445900000000004 0.012252000000000001
0.0050762200000000002 0.125809 0.0127761
0.0075487699999999998 0.12869900000000001 0.0135791
0.00716813 0.134435 0.0132263
0.010351000000000001 0.13710600000000001 0.0131028
-0.014889599999999999 0.140068 0.0117112
-0.013152 0.146152 0.013175600000000001
0.020008600000000001 0.15231 0.0133835
-0.016544699999999999 0.15828100000000001 0.0135478
0.0199569 0.16137699999999999 0.013358999999999999
-0.0132751 0.16692599999999999 0.0131425
0.010343 0.17054 0.0132893
-0.0044138199999999997 0.17236399999999999 0.0122591
0.0015746 0.172321 0.0131056
-0.00120929 0.204573 0.0124443
0.028135 0.050913800000000002 0.013074300000000001
-0.0046032199999999999 0.079732200000000003 0.0136136
0.00511818 0.13467499999999999 0.013503100000000001
-0.012932000000000001 0.13997899999999999 0.0132208
0.029518599999999999 0.067994100000000002 0.0139314
0.016664700000000001 0.14610300000000001 0.013743200000000001
-0.0122685 0.16894999999999999 0.012302799999999999
0.00120506 0.135078 0.0129274
0.023715699999999999 0.051200000000000002 0.0138434
-0.035676399999999997 0.058566600000000003 0.014044299999999999
0.0263363 0.072092400000000001 0.0139448
0.013596 0.14014799999999999 0.0139972
0.019951099999999999 0.15459300000000001 0.014001400000000001
0.0135914 0.16780900000000001 0.014133099999999999
0.017861999999999999 0.14870800000000001 0.014301700000000001
-0.00220367 0.17128099999999999 0.014478100000000001
0.0043168399999999997 0.17142299999999999 0.014414700000000001
0.017347600000000001 0.0539158 0.015928000000000001
-0.036666400000000002 0.060114500000000001 0.0151354
0.025889800000000001 0.070828699999999994 0.016739500000000001
0.0237098 0.075805399999999995 0.014959200000000001
-0.0230677 0.079984200000000005 0.016577600000000001
0.0069106200000000001 0.13491400000000001 0.0156921
-0.0065919400000000001 0.13748299999999999 0.015752100000000002
-0.0149763 0.15132200000000001 0.0147791
0.0093494500000000005 0.169822 0.0151576
0.0078780900000000008 0.17243600000000001 0.015738800000000001
-0.0288781 0.051829199999999999 0.016202000000000001
0.015800600000000001 0.054614299999999998 0.016927600000000001
-0.0221271 0.061133100000000003 0.015735200000000001
-0.037290200000000003 0.070500300000000002 0.016392899999999998
0.016280200000000002 0.079847100000000004 0.015774400000000001
-0.0245037 0.080943100000000004 0.0145107
0.016024799999999999 0.14894299999999999 0.0160199
0.017809700000000001 0.162634 0.014826499999999999
0.0149496 0.057216400000000001 0.0150467
0.028110199999999998 0.067704799999999996 0.016323500000000001
-0.0067988700000000003 0.13999600000000001 0.015636299999999999
-0.0064710000000000002 0.143929 0.0155993
-0.0154082 0.15226600000000001 0.015254500000000001
-0.012994800000000001 0.16191700000000001 0.015835700000000001
0.0075704500000000003 0.061451800000000001 0.016780699999999999
0.028167399999999999 0.064684900000000004 0.016204300000000001
-0.025896599999999999 0.080199400000000004 0.016913600000000001
-0.0093506400000000003 0.13774900000000001 0.015129800000000001
-0.00423895 0.14308799999999999 0.0158931
0.013259699999999999 0.166682 0.015511499999999999
-0.0261359 0.052705599999999998 0.016901800000000002
-0.0073706700000000002 0.061825199999999997 0.0167298
-0.0094410499999999994 0.139625 0.015298600000000001
0.013531899999999999 0.055934600000000001 0.016681600000000001
-0.038450600000000001 0.064815800000000007 0.016705899999999999
0.0245603 0.078792699999999993 0.015782500000000001
-0.0044259700000000004 0.14047100000000001 0.0159825
-0.0105367 0.16465099999999999 0.0166614
-0.032389899999999999 0.074028099999999999 0.016820399999999999
0.016313600000000001 0.15202599999999999 0.016586199999999999
-0.032520800000000002 0.051065300000000001 0.017291000000000001
0.023055200000000001 0.077000899999999997 0.017040900000000001
0.0073964399999999998 0.13752800000000001 0.0168589
0.016520799999999999 0.158251 0.016933699999999999
-0.023411700000000001 0.0538743 0.017560900000000001
0.0013352500000000001 0.14321900000000001 0.017226999999999999
0.0046163300000000001 0.14313000000000001 0.017237200000000001
0.0268569 0.068853800000000007 0.017527899999999999
0.0085805800000000008 0.16794200000000001 0.017571
-0.0285738 0.051567500000000002 0.0195766
-0.034139999999999997 0.055071099999999998 0.018907400000000001
-0.032720399999999997 0.057002700000000003 0.018016999999999998
0.00437492 0.061309599999999999 0.019517
0.025758 0.067908499999999997 0.019391599999999998
0.019757299999999998 0.073355900000000002 0.019755399999999999
-0.031074500000000001 0.076877000000000001 0.0193609
-0.0020469799999999999 0.145066 0.017891299999999999
0.0149973 0.15238499999999999 0.017980800000000002
0.0142626 0.16167899999999999 0.0176311
-0.0089664500000000008 0.165159 0.017757499999999999
-0.0064320499999999999 0.16688800000000001 0.018615
-0.00222755 0.168688 0.017979599999999998
0.00092524999999999997 0.16952200000000001 0.018799699999999999
0.0068647400000000003 0.061215899999999997 0.018854599999999999
-0.015971599999999999 0.079929 0.019290000000000002
-0.010309799999999999 0.158529 0.019046199999999999
0.024471400000000001 0.054615299999999999 0.018466699999999999
-0.010037300000000001 0.061584199999999999 0.0196787
0.016501700000000001 0.0798764 0.019697800000000001
0.0044273200000000002 0.146176 0.019222900000000001
-0.0095168900000000001 0.152146 0.0184637
0.012292300000000001 0.16286600000000001 0.0181248
-0.0040351600000000003 0.079878099999999994 0.019677500000000001
0.0107327 0.14904999999999999 0.019048699999999998
0.013033599999999999 0.079890600000000006 0.019727499999999999
-0.016912400000000001 0.056331800000000001 0.020247299999999999
-0.018751400000000001 0.060610700000000003 0.018753300000000001
0.025015099999999998 0.069642700000000002 0.0192493
0.021529699999999999 0.078854800000000003 0.019252700000000001
-0.0077709900000000002 0.16153899999999999 0.019514199999999999
-0.0023436899999999998 0.16861100000000001 0.019362000000000001
-0.0070229300000000001 0.061601599999999999 0.0200322
-0.0233102 0.080004000000000006 0.020102499999999999
0.00100928 0.079885899999999996 0.019970600000000002
0.0231314 0.061328399999999998 0.020386700000000001
-0.035520400000000001 0.067980100000000002 0.020422599999999999
-0.0075631500000000003 0.15468999999999999 0.019564100000000001
0.0074061600000000002 0.161217 0.019910400000000002
0.0102711 0.15823599999999999 0.020098499999999998
0.0045978599999999996 0.16454099999999999 0.020269599999999999
0.00148168 0.148808 0.020439499999999999
-0.0023263099999999998 0.16453899999999999 0.020652299999999998
0.017919999999999998 0.074325199999999994 0.020524000000000001
0.0071715399999999997 0.15509300000000001 0.0205025
0.0052565399999999997 0.057109399999999998 0.021038500000000002
0.0042041300000000004 0.14943100000000001 0.020720300000000001
-0.031828299999999997 0.052821 0.021744599999999999
-0.016389299999999999 0.056009000000000003 0.0224975
0.022689299999999999 0.0678034 0.022701599999999999
0.018809900000000001 0.078797400000000004 0.0217655
-0.0023090300000000001 0.15512699999999999 0.0208389
-0.00088775200000000001 0.16153100000000001 0.022049200000000001
-0.00060656499999999999 0.16966800000000001 0.021146999999999999
0.0242378 0.065413499999999999 0.021311199999999999
0.0133475 0.079934000000000005 0.022357700000000001
-0.0287414 0.056084000000000002 0.022819900000000001
-0.013223199999999999 0.058849100000000001 0.0217702
-0.034104099999999998 0.068105100000000002 0.021886900000000001
0.016653000000000001 0.076455700000000001 0.022580900000000001
-0.0075341200000000001 0.079972199999999993 0.0226494
0.0011014499999999999 0.15293000000000001 0.021255300000000001
0.0014818699999999999 0.15554399999999999 0.021810400000000001
0.0014711800000000001 0.058290000000000002 0.022305100000000001
-0.0105185 0.079978900000000006 0.0224567
-0.022437499999999999 0.054687300000000001 0.023208099999999999
0.0168513 0.058907000000000001 0.023191799999999999
0.022482599999999998 0.064875299999999997 0.022901399999999999
-0.020223399999999999 0.080047099999999996 0.022616399999999998
0.0017621799999999999 0.167516 0.022074799999999999
0.0043203900000000003 0.057009900000000002 0.022432400000000002
-0.0071952400000000003 0.061142799999999997 0.022215599999999999
-0.0040028700000000004 0.079991199999999998 0.023008799999999999
-0.026447499999999999 0.058614600000000003 0.023260300000000001
-0.032560600000000002 0.064880099999999996 0.023295099999999999
-0.029312299999999999 0.060914500000000003 0.0236945
0.013719200000000001 0.075711100000000003 0.023796899999999999
-0.026724999999999999 0.053921200000000002 0.024725799999999999
0.016272200000000001 0.059904199999999998 0.024825300000000002
0.016627900000000001 0.070888300000000001 0.0256183
0.0154539 0.077333200000000005 0.024215
0.01043 0.079705499999999999 0.025837499999999999
0.010862999999999999 0.0582827 0.025687399999999999
-0.022861599999999999 0.076647000000000007 0.025227200000000002
-0.025400300000000001 0.055879400000000003 0.024941499999999998
-0.0135601 0.056899100000000001 0.0251188
0.013568800000000001 0.059092899999999997 0.025633900000000001
0.018851799999999998 0.0621583 0.024927499999999998
-0.026221399999999999 0.071449200000000004 0.025923600000000002
0.0108326 0.076359399999999994 0.025949400000000001
-0.0111898 0.0572084 0.0252158
-0.0226863 0.059025300000000003 0.026026899999999999
0.00172317 0.080009300000000005 0.025964999999999998
-0.029061400000000001 0.068066600000000005 0.026127500000000001
-0.0134018 0.080053399999999997 0.0259858
0.0012172999999999999 0.0580759 0.026018699999999999
0.017987199999999998 0.064975099999999994 0.026561700000000001
0.0072686199999999999 0.075752899999999998 0.026909200000000001
-0.0187481 0.072974399999999995 0.027613200000000001
0.010295 0.059542699999999997 0.027829199999999998
0.016288299999999999 0.064879199999999998 0.0276373
0.013323700000000001 0.070443500000000006 0.0280714
0.0094243899999999995 0.077333399999999997 0.027411999999999999
0.0160602 0.067744399999999996 0.027835700000000001
0.0046719300000000004 0.073775400000000005 0.028182200000000001
0.0070932299999999998 0.079410999999999995 0.028021299999999999
-0.0072782799999999998 0.058683899999999997 0.028899299999999999
-0.0229853 0.061766000000000001 0.028343900000000002
0.0045611499999999999 0.076690700000000001 0.0285726
-0.010675499999999999 0.079724199999999995 0.028887400000000001
-0.00131325 0.059057100000000001 0.029042700000000001
-0.019101300000000002 0.077644099999999994 0.027746099999999999
-0.0102668 0.058551400000000003 0.028977599999999999
0.0014663600000000001 0.073547000000000001 0.0288933
-0.010208099999999999 0.076420100000000005 0.029235299999999999
-0.019547999999999999 0.061339299999999999 0.029575899999999999
-0.017325500000000001 0.071884400000000001 0.029765199999999999
-0.0070339499999999998 0.0762679 0.029441800000000001
0.0079778699999999998 0.0611709 0.0300939
0.00143921 0.060132499999999998 0.030895800000000001
0.0070589299999999997 0.061932300000000003 0.030835399999999999
-0.021393499999999999 0.063825000000000007 0.030239100000000001
-0.019316199999999999 0.070120000000000002 0.030459199999999999
0.0044194100000000004 0.0704766 0.031523500000000003
-0.0013555900000000001 0.072540199999999999 0.030617800000000001
-0.0043666 0.072552599999999995 0.030795300000000001
-0.012149699999999999 0.060133100000000002 0.030769299999999999
-0.019483899999999998 0.068092200000000005 0.0312114
-0.0018574900000000001 0.077897099999999997 0.030403800000000002
-0.010436000000000001 0.0711648 0.0318868
0.0072135400000000001 0.064972199999999994 0.031871200000000002
-0.0071447799999999999 0.071127800000000005 0.0322577
-0.0166363 0.068031499999999995 0.032157499999999999
0.0043978100000000003 0.067955299999999996 0.032649600000000001
0.0022147600000000001 0.064179200000000006 0.033012699999999999
-0.010329100000000001 0.065000299999999997 0.033495999999999998
0.00148748 0.067551799999999995 0.0333438
-0.00122244 0.068004700000000001 0.033578400000000001
-0.0073376099999999996 0.067984600000000006 0.033750000000000002
-0.0041434999999999996 0.069574999999999998 0.033264099999999998
