ply
format ascii 1.0
element vertex 2048
property float x
property float y
property float z
element face 0
property list uchar int vertex_indices
end_header
0.031708300000000002 0.0557939 -0.049835999999999998
0.031184699999999999 0.055427499999999998 -0.0483665
0.033879300000000001 0.056718600000000001 -0.049657199999999999
0.037584600000000003 0.060034799999999999 -0.049441800000000001
0.035992700000000002 0.062390500000000002 -0.049326700000000001
0.038727299999999999 0.063021400000000005 -0.047169900000000001
0.031130700000000001 0.063551499999999997 -0.045952399999999997
0.026261300000000001 0.067341899999999996 -0.046695399999999998
0.0256026 0.064008899999999994 -0.046104399999999997
0.027252999999999999 0.069402199999999997 -0.045757300000000001
0.0224286 0.063570799999999997 -0.043956299999999997
0.039697799999999998 0.063783599999999996 -0.044428000000000002
0.035710899999999997 0.064954700000000004 -0.0440715
0.034813400000000001 0.067282900000000007 -0.0432494
0.030431300000000001 0.071068699999999999 -0.042857199999999998
-0.021848900000000001 0.16245999999999999 -0.042909599999999999
-0.025864600000000001 0.17339099999999999 -0.042872500000000001
0.041320099999999998 0.063442600000000002 -0.042109500000000001
-0.024641799999999998 0.17555799999999999 -0.042550999999999999
-0.025914300000000001 0.14993500000000001 -0.041863699999999997
0.0268889 0.075329099999999996 -0.041613200000000003
-0.030218700000000001 0.166406 -0.041307299999999998
0.0349866 0.0623492 -0.038676799999999997
0.031059300000000001 0.0639348 -0.039425000000000002
0.0344946 0.071023900000000001 -0.039194399999999997
-0.023430200000000002 0.15017800000000001 -0.041171800000000001
-0.030059800000000001 0.15734999999999999 -0.039798
-0.0231939 0.16228999999999999 -0.039872600000000001
-0.0259361 0.16620599999999999 -0.038401400000000002
-0.026257099999999998 0.173737 -0.039545499999999997
-0.034505300000000003 0.053629599999999999 -0.039933099999999999
-0.031583699999999999 0.056276800000000002 -0.041219600000000002
-0.0335996 0.059442700000000001 -0.041114600000000001
-0.0302083 0.149287 -0.039211099999999999
-0.0306722 0.15876499999999999 -0.041135199999999997
-0.033765000000000003 0.166463 -0.041202299999999997
-0.0387891 0.056443300000000002 -0.0408542
-0.0257971 0.058944799999999999 -0.039311100000000002
-0.026780999999999999 0.060259800000000002 -0.040836799999999999
-0.0304081 0.15307200000000001 -0.039400299999999999
-0.035679099999999998 0.16511100000000001 -0.039951
-0.034783300000000003 0.063167299999999996 -0.039500399999999998
-0.026193500000000002 0.067678600000000005 -0.039871900000000002
0.0224374 0.071534600000000004 -0.0390876
-0.027580299999999999 0.056316100000000001 -0.039331100000000001
-0.039421100000000001 0.165469 -0.038921699999999997
-0.079446799999999998 0.063268400000000002 -0.039414400000000002
-0.023545199999999999 0.067234299999999997 -0.037874699999999997
0.032158399999999997 0.071971599999999997 -0.039647700000000001
-0.083167199999999997 0.063068600000000002 -0.038310999999999998
-0.030320699999999999 0.070930099999999996 -0.0383656
-0.034636800000000002 0.15368799999999999 -0.038510500000000003
-0.034628699999999998 0.161996 -0.038918899999999999
-0.082798099999999999 0.059505599999999999 -0.037830799999999998
-0.043367500000000003 0.0632688 -0.038394900000000003
-0.046886900000000002 0.056190400000000001 -0.037719900000000001
-0.047481500000000003 0.063749 -0.037889600000000002
0.043439899999999997 0.070475399999999994 -0.037951899999999997
-0.035026300000000003 0.067083699999999996 -0.037908900000000002
-0.051408799999999998 0.063105499999999995 -0.0374764
-0.031236 0.052895900000000003 -0.035685300000000003
-0.043149100000000003 0.0533707 -0.034921000000000001
-0.024234800000000001 0.059995300000000001 -0.036985700000000003
0.039086900000000001 0.063029600000000005 -0.034902200000000001
-0.082641999999999993 0.066151699999999994 -0.035534999999999997
0.045579000000000001 0.066549999999999998 -0.037605199999999998
-0.034812799999999998 0.070780999999999997 -0.034742299999999997
0.018587699999999999 0.072570599999999999 -0.035878599999999997
0.025586500000000002 0.076431200000000005 -0.035506799999999998
-0.034305299999999997 0.14833399999999999 -0.035489100000000003
-0.0434388 0.16134399999999999 -0.035689899999999997
-0.045912399999999999 0.181563 -0.037407299999999997
-0.043155699999999998 0.18285199999999999 -0.037531799999999997
-0.034589700000000001 0.052924199999999998 -0.035200000000000002
-0.086065799999999998 0.060492799999999999 -0.036899500000000002
-0.075139999999999998 0.060203 -0.035404600000000001
0.034796300000000002 0.064189200000000002 -0.035638400000000001
-0.039301299999999997 0.066077499999999997 -0.036959499999999999
-0.024420500000000001 0.070565199999999995 -0.036895799999999999
0.030312800000000001 0.076369500000000007 -0.035504500000000001
-0.038267900000000001 0.15295 -0.037115099999999998
-0.043656100000000003 0.166299 -0.036296299999999997
-0.042742799999999997 0.17058499999999999 -0.037284400000000002
-0.035168400000000002 0.173815 -0.034587800000000002
-0.039081299999999999 0.052936299999999999 -0.035506200000000002
-0.079110899999999998 0.058764799999999999 -0.034756299999999997
-0.023538799999999999 0.0603647 -0.0344292
-0.071124599999999996 0.063063300000000003 -0.035072199999999998
-0.047429100000000002 0.0673425 -0.036067599999999998
-0.021816700000000001 0.071084900000000006 -0.036070499999999998
0.042919499999999999 0.072702100000000006 -0.035044400000000003
-0.030289699999999999 0.072580400000000003 -0.035247100000000003
-0.038731500000000002 0.14539199999999999 -0.034479099999999999
-0.030626299999999999 0.14921499999999999 -0.034449899999999999
-0.040417500000000002 0.16885500000000001 -0.0363355
-0.031855599999999998 0.17342399999999999 -0.035385100000000003
-0.055099000000000002 0.058897999999999999 -0.035029499999999998
-0.027414399999999998 0.16558400000000001 -0.036003
-0.042784099999999999 0.068433300000000002 -0.036046500000000002
-0.0216895 0.079531099999999993 -0.035836
-0.0592057 0.063322400000000001 -0.035417999999999998
-0.046993699999999999 0.071619100000000005 -0.0358874
-0.051529699999999998 0.071004399999999995 -0.035557699999999998
-0.026152000000000002 0.075410500000000005 -0.034601800000000002
-0.058770599999999999 0.075107199999999999 -0.0352395
-0.051118499999999997 0.079027100000000003 -0.034857899999999997
-0.025682699999999999 0.083221299999999998 -0.035209999999999998
-0.0434282 0.15252399999999999 -0.034944500000000003
-0.042472000000000003 0.17765400000000001 -0.034527500000000003
-0.059469300000000003 0.083157099999999998 -0.0355194
-0.046813300000000002 0.165769 -0.0347359
-0.067158899999999994 0.067485100000000006 -0.033871600000000002
-0.018849000000000001 0.071487300000000004 -0.033879899999999998
0.039364400000000001 0.075209999999999999 -0.033685199999999998
-0.055098899999999999 0.083724400000000004 -0.0342318
0.0395608 0.083093200000000006 -0.035086199999999998
0.0136604 0.13627300000000001 -0.035311099999999998
0.0098312399999999998 0.136349 -0.035113999999999999
0.0179093 0.14028399999999999 -0.0353534
0.017675199999999999 0.144067 -0.034929799999999997
0.026262400000000002 0.14360300000000001 -0.035457700000000002
-0.046784199999999998 0.15817899999999999 -0.033525699999999999
-0.029699699999999999 0.16630900000000001 -0.033964800000000003
-0.063075699999999998 0.063369300000000003 -0.033725900000000003
-0.059046000000000001 0.071416800000000003 -0.033509499999999998
0.043063999999999998 0.079365400000000003 -0.033761600000000003
-0.063356700000000002 0.087726600000000002 -0.033833000000000002
0.039170700000000003 0.087658700000000006 -0.033759299999999999
0.0058078299999999999 0.124304 -0.034760300000000001
0.0057768200000000002 0.13222500000000001 -0.034826700000000002
0.013714799999999999 0.13214999999999999 -0.034829600000000002
0.034750799999999998 0.136487 -0.034523600000000002
0.0308498 0.13573299999999999 -0.034151800000000003
0.038947000000000002 0.140539 -0.034486500000000003
0.026635200000000001 0.14845900000000001 -0.0342166
0.0220647 0.14877000000000001 -0.033881300000000003
-0.063303999999999999 0.075733400000000006 -0.033607999999999999
0.043119299999999999 0.082878300000000002 -0.033609100000000003
0.025946400000000001 0.087439000000000003 -0.034319000000000002
0.029840599999999998 0.091858400000000007 -0.034589599999999998
0.030199699999999999 0.096727800000000003 -0.0339876
0.034122800000000002 0.10034 -0.034283500000000001
0.0020845099999999999 0.120353 -0.0346022
0.00193513 0.1285 -0.034441399999999997
0.0018245799999999999 0.13250200000000001 -0.034004
0.039522399999999999 0.13628799999999999 -0.034483300000000001
0.018076999999999999 0.148313 -0.033697400000000002
-0.072906899999999997 0.060921000000000003 -0.033831699999999999
0.030737199999999999 0.083059499999999994 -0.034389900000000001
0.039505400000000003 0.092532799999999998 -0.033508000000000003
0.035547200000000001 0.10417999999999999 -0.033844899999999997
0.039185999999999999 0.108516 -0.033859399999999998
-0.0020399900000000002 0.112716 -0.034412499999999999
-0.0061826700000000004 0.11644599999999999 -0.0337205
0.042680000000000003 0.12045699999999999 -0.033977800000000002
-0.0020665000000000002 0.12447999999999999 -0.033834500000000003
0.0103988 0.124361 -0.033945099999999999
0.046991499999999999 0.128465 -0.033974600000000001
0.043513799999999998 0.13222100000000001 -0.034225199999999997
0.0024675600000000002 0.136241 -0.0335103
0.0062073199999999997 0.14028399999999999 -0.033493099999999998
-0.046616499999999998 0.17367199999999999 -0.033275100000000002
-0.0659661 0.079996200000000003 -0.033576399999999999
0.031073699999999999 0.10054100000000001 -0.033398400000000002
-0.0098292099999999997 0.104298 -0.033597000000000002
-0.0096971399999999999 0.108824 -0.033464300000000002
0.0013667600000000001 0.10885599999999999 -0.033478800000000003
0.047570599999999998 0.112549 -0.0336703
0.043031100000000003 0.116498 -0.033904299999999998
0.0395555 0.128584 -0.033643399999999997
0.034846500000000002 0.13263 -0.0334046
0.0397068 0.064364299999999999 -0.030670300000000001
0.049146299999999997 0.066392999999999994 -0.033411700000000003
-0.039004499999999998 0.071654200000000001 -0.031336099999999999
0.022624499999999999 0.078840300000000002 -0.033165600000000003
0.0231092 0.087672100000000003 -0.0332509
-0.022551600000000002 0.092241400000000001 -0.0316484
-0.0062309899999999996 0.10027899999999999 -0.033533300000000002
0.045643999999999997 0.104418 -0.033396299999999997
0.0011241700000000001 0.10596999999999999 -0.033080199999999997
0.050427 0.11701 -0.033285000000000002
0.0094717599999999992 0.12105299999999999 -0.033319599999999998
0.039607799999999999 0.12504000000000001 -0.033257299999999997
0.012898400000000001 0.12438299999999999 -0.0330388
-0.00131642 0.13173000000000001 -0.033287499999999998
0.0271005 0.13381199999999999 -0.033321099999999999
0.042923299999999998 0.14360500000000001 -0.033151899999999998
-0.039684799999999999 0.143988 -0.031839100000000002
-0.029330100000000001 0.15245500000000001 -0.0312366
-0.051403499999999998 0.17028799999999999 -0.031533199999999997
-0.031732099999999999 0.052946199999999999 -0.0317857
-0.047201699999999999 0.055081400000000003 -0.030907
-0.055330999999999998 0.058439600000000001 -0.0301201
-0.023823799999999999 0.060317000000000003 -0.031832100000000002
-0.071894200000000005 0.0606989 -0.0307668
-0.067000900000000002 0.062418899999999999 -0.031096800000000001
0.043264900000000002 0.063168100000000005 -0.031109499999999998
0.051094599999999997 0.063147900000000007 -0.031353600000000002
0.0508317 0.067387000000000002 -0.030494899999999998
-0.074938199999999996 0.068618600000000002 -0.030885800000000001
0.024656500000000001 0.070044499999999996 -0.032646300000000003
-0.063691700000000004 0.071605299999999997 -0.031777300000000001
-0.067810099999999998 0.078594999999999998 -0.031773299999999997
-0.027190599999999999 0.083649899999999999 -0.032116899999999997
-0.0544158 0.085525799999999999 -0.032331800000000001
-0.0202121 0.086996500000000004 -0.032881100000000003
-0.062890399999999999 0.091536199999999998 -0.030926700000000001
0.021506000000000001 0.088265300000000005 -0.032106200000000001
-0.0098975299999999999 0.095969700000000005 -0.032986300000000003
-0.013795999999999999 0.100579 -0.033016999999999998
-0.0130753 0.10470699999999999 -0.033055899999999999
0.050302899999999998 0.112444 -0.032925200000000002
0.038558000000000002 0.120461 -0.032394600000000003
0.025700799999999999 0.131463 -0.0323506
0.046444399999999997 0.14022000000000001 -0.033162299999999999
0.0092873699999999997 0.145675 -0.032369599999999998
-0.0445213 0.1474 -0.032004299999999999
0.026161799999999999 0.153062 -0.030775799999999999
0.0305373 0.153173 -0.030698300000000001
-0.0291194 0.15909100000000001 -0.032838800000000001
-0.0518155 0.165578 -0.031689799999999997
-0.035376100000000001 0.17233599999999999 -0.031181799999999999
-0.053115799999999998 0.17494799999999999 -0.032837199999999997
-0.046171999999999998 0.18030399999999999 -0.031866199999999997
-0.040423000000000001 0.053020200000000003 -0.032598200000000001
0.020786800000000001 0.082959000000000005 -0.0323407
-0.013681 0.091691400000000006 -0.032507500000000002
0.043969099999999997 0.095714999999999995 -0.0319131
-0.0147698 0.104867 -0.032459500000000002
0.030443000000000001 0.10473200000000001 -0.0311951
-0.0131273 0.107708 -0.032766400000000001
0.033974999999999998 0.108875 -0.031518200000000003
-0.010890800000000001 0.112402 -0.032643699999999998
-0.010840000000000001 0.116658 -0.031925599999999998
-0.0102687 0.120631 -0.031443100000000002
-0.00733535 0.1249 -0.031906200000000003
0.0516357 0.13603000000000001 -0.031868500000000001
0.0401269 0.14899599999999999 -0.031637199999999997
-0.047008800000000003 0.14890300000000001 -0.031232099999999999
-0.051364 0.16111700000000001 -0.031315200000000001
-0.039528399999999998 0.053115200000000001 -0.030754299999999998
-0.069322300000000003 0.069209599999999996 -0.0321129
0.020854899999999999 0.075311900000000001 -0.032164400000000003
0.0206229 0.077900700000000003 -0.032324699999999998
-0.0709568 0.083003400000000005 -0.030538699999999998
-0.055119899999999999 0.087672700000000006 -0.030355099999999999
0.040536500000000003 0.089852299999999996 -0.032266599999999999
0.022064299999999998 0.092431899999999997 -0.031212299999999998
-0.0062287599999999999 0.092018600000000006 -0.031852499999999999
0.0524523 0.11230800000000001 -0.031867600000000003
0.054940299999999997 0.120431 -0.031440099999999999
0.018017399999999999 0.12500600000000001 -0.0300564
0.034802 0.12804499999999999 -0.031292399999999998
0.030366400000000002 0.13128500000000001 -0.031937599999999997
0.0056978799999999998 0.144813 -0.031140600000000001
0.044262500000000003 0.145204 -0.032339199999999999
-0.030365300000000001 0.14866399999999999 -0.030346499999999998
-0.048509099999999999 0.17295099999999999 -0.0322939
0.0225788 0.0672426 -0.030351300000000001
-0.046438399999999998 0.079593399999999995 -0.030616000000000001
-0.018238000000000001 0.100606 -0.0312073
-0.014357699999999999 0.11271200000000001 -0.030831299999999999
0.0134815 0.120729 -0.030353000000000002
-0.039442699999999997 0.140291 -0.030591500000000001
0.017251200000000001 0.15082000000000001 -0.031827000000000001
0.018523000000000001 0.079402600000000004 -0.031194699999999999
-0.010105100000000001 0.087660100000000005 -0.031544599999999999
-0.0099049199999999993 0.12402199999999999 -0.030301700000000001
0.051136000000000001 0.14081399999999999 -0.030636500000000001
-0.048212499999999998 0.157107 -0.0310637
-0.0059835599999999997 0.19 -0.030448699999999999
-0.027690300000000001 0.056291599999999997 -0.0306717
-0.069731500000000002 0.061493699999999998 -0.029879300000000001
-0.070894799999999994 0.069782800000000006 -0.029484199999999999
0.017981299999999999 0.0749248 -0.030129099999999999
-0.030683499999999999 0.079000399999999998 -0.0304497
0.046286500000000001 0.083246399999999998 -0.02997
0.017668699999999999 0.082831699999999994 -0.030059599999999999
-0.0057155599999999997 0.087685100000000002 -0.0300396
-0.059679299999999998 0.090849200000000005 -0.029809599999999999
-0.0219455 0.096148399999999995 -0.0302195
0.046884500000000003 0.095979099999999998 -0.0296113
0.031449100000000001 0.108101 -0.0300717
0.055468900000000002 0.112649 -0.0298334
0.034959499999999998 0.116344 -0.0298666
0.026429299999999999 0.129521 -0.0302995
0.0027406000000000002 0.14463500000000001 -0.029629099999999998
0.0382025 0.152115 -0.029885999999999999
-0.055214800000000001 0.17009199999999999 -0.029657699999999999
0.054732000000000003 0.13660800000000001 -0.029732000000000001
-0.055159300000000001 0.16170100000000001 -0.029826399999999999
-0.061948000000000003 0.061089600000000001 -0.030562499999999999
0.0515322 0.060282000000000002 -0.029596899999999999
-0.030134399999999999 0.087351899999999996 -0.029136100000000002
0.00096145099999999999 0.097145400000000007 -0.0294431
0.0048528800000000004 0.104919 -0.0295179
-0.0313359 0.14444199999999999 -0.029519699999999999
-0.013719500000000001 0.18587500000000001 -0.029824900000000001
-0.00386996 0.19140699999999999 -0.030250800000000001
0.054346100000000001 0.108783 -0.0295628
-0.051856300000000001 0.057303300000000001 -0.029297799999999999
0.0301033 0.064436099999999996 -0.029556700000000002
0.057904600000000001 0.120881 -0.029243600000000002
0.057893199999999999 0.128165 -0.029222399999999999
-0.031455999999999998 0.055886400000000003 -0.026887500000000002
-0.078745499999999996 0.058589200000000001 -0.026317799999999999
-0.067882200000000004 0.061833199999999998 -0.0273025
0.043529900000000003 0.062094700000000003 -0.026730400000000001
-0.018154099999999999 0.066750599999999993 -0.027002600000000002
-0.038740200000000002 0.075203599999999995 -0.0289979
-0.068512299999999998 0.073916899999999994 -0.026516600000000001
0.016291400000000001 0.0788161 -0.028993499999999998
-0.047304699999999998 0.083871399999999999 -0.027149400000000001
0.046721400000000003 0.0838473 -0.026109
0.045081200000000002 0.086469799999999999 -0.028686199999999999
0.045105899999999997 0.091579499999999994 -0.0290499
-0.062637999999999999 0.093470600000000001 -0.028470800000000001
-0.066084199999999996 0.094037800000000005 -0.028706499999999999
0.0064249900000000002 0.10376199999999999 -0.026732200000000001
0.0069941400000000003 0.107076 -0.028102499999999999
0.032321099999999998 0.111683 -0.028947199999999999
0.0127925 0.117463 -0.028729299999999999
0.024431600000000001 0.12750300000000001 -0.0285101
0.059000499999999997 0.132606 -0.026794700000000001
-0.039066400000000001 0.13642699999999999 -0.029188599999999999
0.0538089 0.13966200000000001 -0.0290932
-0.050396099999999999 0.14847299999999999 -0.029262900000000001
0.0099340499999999998 0.15245700000000001 -0.026236700000000002
-0.028254100000000001 0.15309800000000001 -0.028827999999999999
-0.051107899999999998 0.15798899999999999 -0.029160700000000001
-0.029979599999999999 0.165245 -0.026851799999999999
-0.043348900000000003 0.17535700000000001 -0.027697800000000002
-0.0221417 0.062929399999999996 -0.0270665
0.016918800000000001 0.070807099999999998 -0.027994399999999999
-0.063173300000000002 0.094694299999999995 -0.026531900000000001
-0.0230239 0.10063999999999999 -0.027483500000000001
0.054709500000000001 0.104532 -0.0264929
0.0576208 0.117628 -0.0290353
0.029689699999999999 0.12737000000000001 -0.027966700000000001
-0.0283786 0.14933199999999999 -0.028778000000000001
0.043037899999999997 0.15263199999999999 -0.026641100000000001
0.031764800000000003 0.15483 -0.028360400000000001
-0.038441200000000002 0.054137999999999999 -0.026627600000000001
-0.089883400000000002 0.058349999999999999 -0.027917299999999999
-0.078645599999999996 0.067958500000000005 -0.026008400000000001
-0.0090541500000000004 0.078659499999999993 -0.027845700000000001
-0.019415700000000001 0.109057 -0.027322900000000001
-0.0121441 0.12339899999999999 -0.0284009
-0.0094035200000000003 0.13193099999999999 -0.026337599999999999
-0.020592099999999999 0.184582 -0.028797
0.051083200000000002 0.058349600000000001 -0.026559300000000001
-0.061247999999999997 0.061055600000000002 -0.028462500000000002
0.021579500000000001 0.063186599999999996 -0.0274703
-0.016972000000000001 0.0699737 -0.028286200000000001
-0.0130464 0.074393000000000001 -0.0282039
-0.0100968 0.075089900000000001 -0.026399300000000001
-0.038583199999999998 0.083872799999999997 -0.027338000000000001
-0.051410699999999997 0.087020799999999995 -0.026041499999999999
0.017170700000000001 0.088608400000000004 -0.0273984
-0.00098649700000000002 0.091170299999999996 -0.027946599999999999
0.046769900000000003 0.091851600000000005 -0.026531699999999998
-0.024221400000000001 0.097858299999999995 -0.0281409
0.0052443300000000002 0.10031900000000001 -0.026196199999999999
0.030476799999999998 0.11215600000000001 -0.0262078
0.059424699999999997 0.116175 -0.0262107
-0.040477600000000002 0.13339699999999999 -0.028592800000000002
-0.039202099999999997 0.131906 -0.028347199999999999
-0.043446400000000003 0.13625599999999999 -0.028222299999999999
-0.028756299999999999 0.14416899999999999 -0.028252800000000002
0.00171795 0.14598 -0.027481800000000001
0.0091871799999999997 0.15071000000000001 -0.028234599999999999
-0.052354400000000002 0.151058 -0.028203499999999999
0.035398300000000001 0.15442900000000001 -0.028098100000000001
-0.0590235 0.16581699999999999 -0.027498399999999999
-0.017957500000000001 0.18266399999999999 -0.0267797
-0.0224215 0.186338 -0.027338899999999999
-0.0070787100000000002 0.19066900000000001 -0.027891300000000001
-0.072340199999999993 0.079299999999999995 -0.026487299999999998
0.0121163 0.11551400000000001 -0.027999799999999998
-0.044463599999999999 0.139291 -0.028023599999999999
-0.055463699999999998 0.153279 -0.027194599999999999
-0.055090199999999999 0.059658099999999999 -0.025874600000000001
0.047168500000000002 0.060051500000000001 -0.025835400000000001
0.045589499999999998 0.061374699999999997 -0.0275164
-0.063294799999999998 0.062462900000000002 -0.025632599999999998
0.052133400000000003 0.068462099999999998 -0.026517099999999998
-0.074274400000000004 0.069550500000000001 -0.027435899999999999
0.0152858 0.071407899999999996 -0.025955800000000001
0.048945799999999998 0.080081899999999998 -0.026674900000000001
0.045401900000000002 0.088177599999999995 -0.026009000000000001
-0.030278200000000002 0.091892799999999997 -0.026363399999999999
-0.027121300000000001 0.095811499999999994 -0.026363600000000001
0.0499654 0.096236199999999994 -0.0257509
0.053012499999999997 0.10218099999999999 -0.027230399999999998
0.033277800000000003 0.12044000000000001 -0.027427699999999999
0.032322400000000001 0.12060700000000001 -0.025347499999999999
0.060134100000000003 0.12402199999999999 -0.026605500000000001
-0.038953799999999997 0.128335 -0.027643899999999999
-0.0469872 0.14058699999999999 -0.027035199999999999
-0.0551472 0.14461199999999999 -0.027200700000000001
0.050523600000000002 0.14849799999999999 -0.0255505
0.046568900000000003 0.15151600000000001 -0.0255552
0.021776199999999999 0.15610099999999999 -0.026024700000000001
-0.026358599999999999 0.16151199999999999 -0.025691599999999998
-0.0337077 0.17021600000000001 -0.026673800000000001
-0.038935600000000001 0.17442099999999999 -0.026337300000000001
-0.051485000000000003 0.17666299999999999 -0.025649999999999999
-0.0295097 0.058039500000000001 -0.026676200000000001
0.039794599999999999 0.062158400000000003 -0.026309699999999998
0.049616500000000001 0.078842599999999999 -0.025383599999999999
0.0154948 0.083064299999999994 -0.026431
0.015739800000000002 0.086339600000000002 -0.025685400000000001
0.012678500000000001 0.113691 -0.0255488
-0.043172299999999997 0.12867700000000001 -0.027596200000000001
-0.0472097 0.13242200000000001 -0.0270104
-0.026767200000000001 0.14036799999999999 -0.026550500000000001
-0.0017330399999999999 0.144043 -0.025741300000000002
0.030329100000000001 0.156333 -0.026243300000000001
-0.026088900000000002 0.185945 -0.0258164
0.00394291 0.099179400000000001 -0.0273032
-0.047249199999999998 0.12438200000000001 -0.026457700000000001
0.035204100000000002 0.155835 -0.026065999999999999
0.034818399999999999 0.059927000000000001 -0.0257567
-0.071882600000000005 0.068871100000000005 -0.025672299999999999
-0.039303200000000003 0.12411800000000001 -0.026152100000000001
-0.036071100000000002 0.124879 -0.025212999999999999
-0.059397100000000001 0.15754000000000001 -0.025422899999999998
-0.030539500000000001 0.18195800000000001 -0.025713300000000001
0.055323799999999999 0.056409300000000002 -0.025219700000000001
0.057979200000000002 0.0623902 -0.025328
-0.0107487 0.072712299999999994 -0.025306599999999999
-0.051484799999999997 0.12403400000000001 -0.025650800000000001
-0.0082062899999999998 0.13492499999999999 -0.0259151
-0.063235 0.158882 -0.024750600000000001
-0.054879299999999999 0.17643600000000001 -0.025166000000000001
0.052472299999999999 0.056878400000000003 -0.0248138
-0.039729800000000003 0.086348400000000006 -0.0249477
-0.039862799999999997 0.121424 -0.025272300000000001
-0.049990199999999999 0.136658 -0.025151099999999999
-0.0578976 0.141483 -0.024686900000000001
-0.022332000000000001 0.15279000000000001 -0.025423600000000001
0.037785100000000002 0.155723 -0.025367299999999999
-0.030685500000000001 0.178809 -0.024896399999999999
-0.084786500000000001 0.063000200000000006 -0.0248151
0.0138747 0.083062899999999995 -0.022308100000000001
-0.047150999999999998 0.086083800000000002 -0.0250937
-0.032213100000000001 0.092441099999999998 -0.023425700000000001
-0.024018399999999999 0.104614 -0.023469500000000001
-0.0128389 0.127386 -0.024616800000000001
-0.028212899999999999 0.134516 -0.025169299999999999
-0.022485999999999999 0.148594 -0.025191600000000001
-0.019543499999999998 0.154026 -0.024390999999999999
-0.059260100000000003 0.17624899999999999 -0.024953400000000001
-0.033983800000000002 0.181668 -0.0248904
0.059497700000000001 0.054954999999999997 -0.022627000000000001
-0.051646900000000003 0.057792099999999999 -0.023864199999999999
-0.075744500000000006 0.058842199999999997 -0.022329999999999999
0.036494499999999999 0.0578761 -0.023799399999999998
0.040209000000000002 0.059131400000000001 -0.0232739
-0.058836800000000002 0.061380499999999998 -0.0244202
0.017593600000000001 0.062672099999999994 -0.0231249
-0.075261099999999997 0.068181699999999998 -0.022306400000000001
-0.071431900000000007 0.075323899999999999 -0.0230069
-0.0027982900000000002 0.079700300000000002 -0.022321299999999999
-0.034811599999999998 0.091033900000000001 -0.022402700000000001
-0.058345000000000001 0.092563400000000004 -0.0237015
0.018561500000000002 0.096114500000000005 -0.022077099999999999
0.052219700000000001 0.0981408 -0.0242607
0.053718299999999997 0.101151 -0.024690199999999999
-0.022818499999999999 0.108371 -0.022392599999999999
-0.019079700000000002 0.11643100000000001 -0.022535400000000001
-0.044626600000000002 0.117493 -0.024857500000000001
0.062350999999999997 0.120627 -0.022248899999999999
-0.054266599999999998 0.12456399999999999 -0.024791899999999999
-0.032654099999999998 0.12774199999999999 -0.0244698
-0.011135300000000001 0.13281899999999999 -0.023431500000000001
-0.024858999999999999 0.13634299999999999 -0.024182800000000001
0.0017877500000000001 0.14946200000000001 -0.023772100000000001
0.047052700000000003 0.153725 -0.022952899999999998
0.014252600000000001 0.15540899999999999 -0.024726499999999998
0.035338399999999999 0.15776200000000001 -0.023870599999999999
-0.040277199999999999 0.175952 -0.0249027
-0.047446500000000003 0.17822199999999999 -0.022570799999999999
-0.021651 0.18663299999999999 -0.0221301
0.0262007 0.055516099999999999 -0.0223071
-0.0059874500000000001 0.074948299999999995 -0.0221786
-0.038680199999999998 0.088237999999999997 -0.022672899999999999
-0.029918199999999999 0.095984100000000003 -0.022262000000000001
0.029189799999999998 0.112747 -0.0226179
-0.046041600000000002 0.11559700000000001 -0.024415300000000001
-0.029305399999999999 0.131635 -0.0241683
0.022905700000000001 0.15823200000000001 -0.023636500000000001
-0.022206199999999999 0.161325 -0.022577099999999999
-0.067308900000000005 0.170012 -0.022453799999999999
0.025027500000000001 0.057154700000000003 -0.024087299999999999
0.059363899999999997 0.0634821 -0.022381499999999999
-0.071891700000000003 0.069129899999999994 -0.022988600000000001
0.00159352 0.087470900000000004 -0.022289400000000001
0.0147209 0.087647799999999998 -0.021812499999999999
0.0056337799999999997 0.096110699999999993 -0.022161400000000001
0.0071283300000000004 0.0999337 -0.0224887
-0.055458399999999998 0.116245 -0.024017199999999999
-0.015911999999999999 0.12137199999999999 -0.0239417
0.029571199999999999 0.123445 -0.0224047
-0.034091099999999999 0.12407899999999999 -0.022873600000000001
-0.010021199999999999 0.136182 -0.022816599999999999
0.059273600000000003 0.14082900000000001 -0.022426499999999999
0.051547599999999999 0.14984800000000001 -0.023276600000000001
-0.063308400000000001 0.15650600000000001 -0.022100999999999999
-0.064510200000000004 0.17405399999999999 -0.022548200000000001
-0.031091500000000001 0.176982 -0.022365599999999999
-0.0363734 0.18218899999999999 -0.024376599999999998
-0.054990700000000003 0.058306799999999999 -0.023376000000000001
0.0133036 0.075122900000000006 -0.0226138
-0.051327200000000003 0.112121 -0.023844600000000001
-0.052541699999999997 0.114937 -0.0243926
0.031073099999999999 0.12072099999999999 -0.0221348
-0.0262819 0.13252800000000001 -0.023311200000000001
-0.062950099999999995 0.144118 -0.023280599999999999
-0.051966600000000002 0.140683 -0.022397299999999998
0.0137579 0.15762799999999999 -0.0232068
-0.067184900000000006 0.17341000000000001 -0.022412100000000001
-0.0389906 0.182444 -0.023670199999999999
-0.051256299999999998 0.055739700000000003 -0.021942900000000001
-0.051498700000000001 0.089029399999999995 -0.022659100000000001
-0.059186799999999998 0.124388 -0.022676200000000001
-0.0524733 0.14319599999999999 -0.0216873
0.021857000000000001 0.161327 -0.022231899999999999
-0.024413199999999999 0.168073 -0.023817399999999999
-0.043110999999999997 0.054765899999999999 -0.022278099999999999
0.051680700000000003 0.056531199999999997 -0.021682900000000001
0.0626665 0.058921800000000003 -0.021433299999999999
-0.079212599999999994 0.058545 -0.0212123
-0.084944099999999995 0.063370399999999993 -0.021910499999999999
0.015718300000000001 0.064025499999999999 -0.021658500000000001
-0.010621999999999999 0.067871299999999996 -0.021159399999999998
-0.075189800000000001 0.079066600000000001 -0.0218642
-0.042626799999999999 0.087983900000000004 -0.021806499999999999
-0.075111999999999998 0.092428200000000002 -0.0222013
0.0492007 0.093123899999999996 -0.021681800000000001
0.054175899999999999 0.10021099999999999 -0.021652299999999999
0.0079263600000000003 0.10227 -0.022710500000000002
-0.055398900000000001 0.108252 -0.022986699999999999
-0.059501999999999999 0.10813200000000001 -0.0227604
0.013261200000000001 0.112696 -0.021563800000000001
0.0148936 0.115591 -0.0224659
-0.039606200000000001 0.116565 -0.021638899999999999
0.018353399999999999 0.12010700000000001 -0.021955599999999999
0.020518000000000002 0.121992 -0.021946199999999999
-0.013391500000000001 0.13239100000000001 -0.0216166
-0.054844299999999999 0.14419799999999999 -0.021684999999999999
-0.063671900000000003 0.148368 -0.022258500000000001
0.050735799999999998 0.15211 -0.0217848
0.043539500000000002 0.156781 -0.0225437
-0.057006800000000003 0.15595400000000001 -0.023069300000000001
0.026479200000000001 0.16087000000000001 -0.0219203
-0.070833099999999996 0.158167 -0.021464899999999999
-0.059058800000000002 0.17790400000000001 -0.021930999999999999
-0.018450600000000001 0.185472 -0.022236300000000001
0.0228147 0.0565757 -0.021598599999999999
0.061718599999999998 0.11681900000000001 -0.0215833
-0.0227236 0.13223099999999999 -0.021494099999999999
-0.070027900000000004 0.17111899999999999 -0.021638399999999999
-0.051469300000000003 0.17813899999999999 -0.022036400000000001
-0.034721099999999998 0.193798 -0.0221908
-0.0674902 0.0607416 -0.0212584
-0.063474600000000006 0.100464 -0.0226061
-0.047246499999999997 0.108683 -0.021262
-0.025981000000000001 0.128362 -0.021486700000000001
0.0065835499999999996 0.15724299999999999 -0.0211953
-0.039008899999999999 0.18938099999999999 -0.022424699999999999
0.038752099999999998 0.056148700000000003 -0.021418300000000001
-0.023063 0.0562024 -0.021492500000000001
0.00037302899999999998 0.084409600000000001 -0.0213186
-0.058783099999999998 0.100465 -0.0220722
-0.063060400000000003 0.104446 -0.022497400000000001
-0.063052700000000003 0.12055399999999999 -0.021490200000000001
0.039336900000000001 0.160519 -0.0211194
0.0046565900000000004 0.092629100000000006 -0.021110799999999999
-0.066950399999999993 0.108684 -0.0217323
-0.023704800000000002 0.130166 -0.0214664
-0.065897999999999998 0.149171 -0.021530799999999999
0.061819399999999997 0.062057399999999999 -0.020629999999999999
-0.078099299999999997 0.087870000000000004 -0.021044
-0.032800299999999998 0.093970700000000004 -0.020798899999999999
-0.055200699999999998 0.100594 -0.0210049
0.027798400000000001 0.111217 -0.020728
-0.020443699999999999 0.11550299999999999 -0.020676799999999999
-0.058674900000000002 0.132026 -0.018534399999999999
0.062215800000000002 0.139293 -0.020739899999999999
-0.066293199999999997 0.151115 -0.020837700000000001
0.050380300000000003 0.15581999999999999 -0.0208045
0.043688499999999998 0.15928999999999999 -0.020784299999999999
0.022255500000000001 0.16061700000000001 -0.0198645
-0.024755800000000001 0.180229 -0.0211311
-0.058292200000000002 0.056702700000000002 -0.020495300000000001
-0.0742419 0.100619 -0.020681000000000001
-0.0586816 0.14382700000000001 -0.020654599999999999
0.055822499999999997 0.14953900000000001 -0.0186267
0.013335100000000001 0.066990099999999997 -0.018403599999999999
-0.00117179 0.079599500000000004 -0.0186949
0.016597799999999999 0.117924 -0.018473199999999999
-0.027030200000000001 0.124749 -0.018259999999999998
-0.026614700000000002 0.18156800000000001 -0.0193388
0.031534100000000002 0.053199900000000001 -0.0202863
-0.055225099999999999 0.0545555 -0.018563799999999998
0.043022299999999999 0.055164199999999997 -0.018123500000000001
-0.076650399999999994 0.075150599999999998 -0.020248499999999999
0.047011400000000002 0.079340800000000003 -0.018274800000000001
-0.040285399999999999 0.089310600000000004 -0.019668999999999999
-0.054087499999999997 0.095774999999999999 -0.020294800000000002
-0.051234799999999997 0.099940899999999999 -0.019020800000000001
0.0100222 0.104397 -0.018242299999999999
-0.072353100000000004 0.10856 -0.0199499
0.061401799999999999 0.11405700000000001 -0.020422599999999999
-0.019871699999999999 0.117607 -0.020178100000000001
-0.034044900000000003 0.120075 -0.019750400000000001
-0.018227 0.12845699999999999 -0.018530600000000001
0.064305299999999996 0.13669899999999999 -0.019964599999999999
-0.0109114 0.14091300000000001 -0.018181699999999999
-0.0232401 0.14018800000000001 -0.018415999999999998
-0.067113099999999995 0.14497699999999999 -0.018435699999999999
0.055203799999999997 0.15179100000000001 -0.018510200000000001
-0.071187500000000001 0.156555 -0.018476599999999999
-0.075696799999999995 0.16169600000000001 -0.0195252
-0.026840300000000001 0.16603699999999999 -0.018347200000000001
-0.023554599999999998 0.18479999999999999 -0.0201304
0.049046300000000001 0.078362500000000002 -0.0202828
0.0051174599999999999 0.091667600000000002 -0.018086999999999999
0.057922000000000001 0.104911 -0.0183159
0.071151099999999995 0.12449 -0.0197045
0.072452000000000003 0.127745 -0.0204663
0.070889400000000005 0.13248599999999999 -0.0197524
-0.014287599999999999 0.13636999999999999 -0.018141299999999999
-0.02239 0.14812 -0.018676000000000002
-0.0296475 0.052984000000000003 -0.018226099999999999
-0.039490900000000002 0.0534718 -0.018141600000000001
0.036569400000000002 0.053333800000000001 -0.019093800000000001
-0.051072699999999999 0.053600500000000002 -0.0176603
-0.062858300000000006 0.057686800000000003 -0.019407600000000001
-0.0174383 0.058546500000000001 -0.018285599999999999
0.047556300000000003 0.057718400000000003 -0.018593800000000001
-0.083162799999999995 0.060283999999999997 -0.019129299999999998
-0.071108299999999999 0.059390999999999999 -0.0176738
0.062975400000000001 0.063316300000000006 -0.018099500000000001
-0.0834207 0.063153899999999999 -0.018894399999999999
-0.082686899999999994 0.066171099999999997 -0.019084799999999999
-0.079311599999999996 0.066900699999999994 -0.0181499
0.0124584 0.070549100000000003 -0.018294000000000001
0.055049599999999997 0.0719249 -0.018010600000000002
0.05092 0.075365699999999994 -0.017883900000000001
0.045335100000000003 0.082597500000000004 -0.018218700000000001
0.0030770099999999998 0.087654099999999999 -0.018134999999999998
-0.047521300000000002 0.091084399999999996 -0.017584599999999999
0.015169500000000001 0.0912549 -0.017980300000000001
0.048061300000000001 0.090961700000000006 -0.017717699999999999
-0.032910300000000003 0.095370899999999995 -0.0177877
-0.031449199999999997 0.096834299999999998 -0.018327800000000002
-0.029760399999999999 0.099606299999999995 -0.017887
0.054796999999999998 0.10001699999999999 -0.018007499999999999
-0.027110200000000001 0.104243 -0.017893099999999999
0.023155599999999998 0.10432 -0.017594499999999999
0.059945100000000001 0.108303 -0.0181003
-0.023157199999999999 0.11230800000000001 -0.0182994
0.0608058 0.111371 -0.019067000000000001
-0.0710422 0.116192 -0.017991099999999999
0.029861599999999999 0.11626599999999999 -0.017973699999999999
0.063873200000000005 0.12019299999999999 -0.019076300000000001
-0.0304596 0.12065099999999999 -0.0183334
0.0204242 0.122006 -0.018985200000000001
0.0260243 0.123778 -0.018327300000000001
0.067504999999999996 0.13239100000000001 -0.0184222
-0.023799899999999999 0.13663500000000001 -0.019053299999999999
-0.052713099999999999 0.14147199999999999 -0.019005999999999999
-0.071140400000000006 0.144843 -0.0186302
-0.0059643700000000001 0.144676 -0.017640699999999999
-0.066674800000000006 0.151757 -0.018009600000000001
-0.0020320400000000001 0.14904400000000001 -0.018456199999999999
-0.0590882 0.15404799999999999 -0.017782099999999999
0.00177243 0.15281 -0.0188019
-0.058772100000000001 0.15789 -0.018268400000000001
0.0472676 0.156942 -0.018726099999999999
-0.0248518 0.15900300000000001 -0.017835899999999998
0.013835800000000001 0.157249 -0.018341199999999998
-0.079683100000000007 0.161075 -0.0182662
0.026140900000000002 0.15793299999999999 -0.0176972
0.026667900000000001 0.159858 -0.0190332
-0.071170899999999995 0.16529199999999999 -0.017938900000000001
-0.068744600000000003 0.16869100000000001 -0.019351699999999999
-0.0295541 0.17047200000000001 -0.017652500000000002
-0.0304006 0.17799200000000001 -0.018704800000000001
-0.055244399999999999 0.17927000000000001 -0.019052199999999998
-0.0464689 0.18184800000000001 -0.017728899999999999
-0.030952 0.18521699999999999 -0.018553299999999998
-0.036024500000000001 0.19014 -0.019000099999999999
-0.043325900000000001 0.053422999999999998 -0.017554199999999999
0.0120696 0.075139999999999998 -0.017818400000000002
-0.079104900000000006 0.100637 -0.017753100000000001
0.027773900000000001 0.112105 -0.0182604
-0.065903100000000006 0.123877 -0.0173267
0.067173099999999999 0.12848799999999999 -0.0187498
0.064926999999999999 0.12989999999999999 -0.019717800000000001
0.079838999999999993 0.132415 -0.018734899999999999
0.067386799999999997 0.13648099999999999 -0.017796800000000002
0.079532900000000004 0.13659399999999999 -0.018249499999999998
-0.052748799999999998 0.143036 -0.018009600000000001
0.0305583 0.15806799999999999 -0.017834599999999999
-0.052410499999999999 0.17957500000000001 -0.019413900000000001
-0.078771099999999997 0.071305400000000005 -0.017752199999999999
0.067025399999999999 0.124262 -0.018721000000000002
-0.0195228 0.056289499999999999 -0.0174909
0.074690099999999995 0.120652 -0.017750800000000001
0.035173999999999997 0.158136 -0.017786400000000001
0.067083699999999996 0.12031500000000001 -0.017857499999999998
0.0658223 0.058690699999999998 -0.017180399999999998
0.075107300000000002 0.139933 -0.017558399999999998
0.039649700000000003 0.052978999999999998 -0.016634300000000001
0.061687600000000002 0.066046900000000006 -0.016658599999999999
0.0120445 0.072071800000000005 -0.0171404
-0.082595699999999994 0.0834226 -0.016954299999999999
0.0044563500000000004 0.089744900000000002 -0.017152299999999999
0.053082900000000002 0.097422099999999998 -0.016809600000000001
-0.044519499999999997 0.105572 -0.0166812
-0.025193900000000002 0.112223 -0.0168735
0.066988000000000006 0.116567 -0.016773300000000001
0.082593899999999998 0.13250899999999999 -0.016909299999999999
-0.074682100000000001 0.14086599999999999 -0.016854899999999999
-0.0026598300000000002 0.14615300000000001 -0.0169961
0.043463500000000002 0.154691 -0.0170288
-0.0786969 0.15829599999999999 -0.016853199999999999
-0.083181400000000003 0.16197 -0.016809899999999999
-0.033432400000000001 0.17508799999999999 -0.016718799999999999
-0.0383101 0.18954399999999999 -0.017176899999999998
0.012085500000000001 0.078267400000000001 -0.017144699999999999
0.061748400000000002 0.10997899999999999 -0.016663500000000001
-0.069824899999999995 0.119625 -0.016695100000000001
0.078601599999999994 0.14025000000000001 -0.0169628
-0.030566800000000002 0.053976499999999997 -0.014238199999999999
0.015693700000000001 0.061201699999999998 -0.016648699999999999
-0.081752900000000003 0.075714600000000007 -0.016424100000000001
-0.084455000000000002 0.087870199999999996 -0.014449099999999999
0.060473399999999997 0.10673100000000001 -0.0156945
0.064256400000000005 0.112358 -0.015100300000000001
-0.0596514 0.13265099999999999 -0.014112599999999999
0.081984299999999996 0.139267 -0.0166182
0.050700599999999998 0.151002 -0.0164008
-0.067896600000000001 0.15840000000000001 -0.016067499999999998
-0.025266799999999999 0.16181499999999999 -0.0143879
0.0472278 0.054465100000000002 -0.0146783
0.065612500000000004 0.062254799999999999 -0.016369700000000001
-0.025957999999999998 0.112437 -0.014297300000000001
-0.028103199999999998 0.12945899999999999 -0.0155411
0.063320899999999999 0.136464 -0.0157127
0.071116899999999997 0.14091200000000001 -0.014282100000000001
-0.066595199999999993 0.14398900000000001 -0.0143614
0.038663099999999999 0.15543399999999999 -0.015399299999999999
-0.076867500000000005 0.0619076 -0.0144023
-0.045821399999999998 0.10313600000000001 -0.016065900000000001
-0.022330599999999999 0.120306 -0.014562500000000001
0.083718399999999998 0.140427 -0.0155639
0.074808700000000006 0.14246700000000001 -0.016263
-0.074918100000000001 0.14793600000000001 -0.014074700000000001
-0.060388900000000002 0.154029 -0.013955800000000001
-0.079228400000000004 0.16581799999999999 -0.014814600000000001
-0.036296500000000002 0.18495600000000001 -0.0159404
0.025142000000000001 0.0530792 -0.015189299999999999
-0.059110900000000001 0.053576699999999998 -0.0134243
-0.067321500000000006 0.055942100000000002 -0.0140048
-0.014547300000000001 0.0593903 -0.0141061
-0.012624 0.061737800000000002 -0.013952600000000001
0.014402699999999999 0.063567600000000002 -0.013906999999999999
-0.080228400000000005 0.067227400000000007 -0.014382300000000001
-0.0845611 0.082858000000000001 -0.0140343
0.047625300000000002 0.087579000000000004 -0.0137906
-0.045531299999999997 0.091578900000000005 -0.015666699999999999
-0.0396286 0.092382800000000001 -0.014673
0.0507086 0.0919764 -0.0137103
0.018233900000000001 0.095499799999999996 -0.0143968
-0.081220399999999998 0.10095800000000001 -0.015467
0.059863300000000001 0.104071 -0.014145700000000001
-0.080602400000000005 0.10476000000000001 -0.0142989
-0.042084099999999999 0.10732 -0.015950700000000002
0.026514900000000001 0.108644 -0.0139992
-0.076181100000000002 0.112871 -0.0143923
-0.034335699999999997 0.116115 -0.0143324
0.0672045 0.114373 -0.016049600000000001
-0.031855799999999997 0.117816 -0.015010300000000001
0.029877899999999999 0.123639 -0.013881299999999999
-0.021444499999999998 0.123068 -0.015348499999999999
-0.030770700000000002 0.124253 -0.013987100000000001
-0.018074900000000001 0.12470299999999999 -0.013961400000000001
-0.017527299999999999 0.12748699999999999 -0.015542
0.084137699999999996 0.131715 -0.015692399999999999
-0.025731500000000001 0.13644300000000001 -0.0141475
0.085460300000000003 0.13835800000000001 -0.015940099999999999
0.059421300000000003 0.14072499999999999 -0.0147149
-0.059233399999999999 0.144901 -0.0137853
0.0514084 0.14883399999999999 -0.0140926
0.0482999 0.15068200000000001 -0.013986999999999999
0.010118800000000001 0.15335599999999999 -0.0140366
-0.075441400000000006 0.15789700000000001 -0.0141476
-0.079108499999999998 0.158085 -0.014189
-0.087663400000000002 0.16547899999999999 -0.014529800000000001
-0.075433799999999995 0.16677400000000001 -0.014649799999999999
-0.033545800000000001 0.17491799999999999 -0.0137124
-0.035354700000000003 0.17752799999999999 -0.014414700000000001
-0.0471508 0.180976 -0.013886000000000001
-0.039231299999999997 0.18588499999999999 -0.015303199999999999
0.028913000000000001 0.052893000000000003 -0.0146161
0.036186200000000002 0.053002199999999999 -0.0149157
-0.0552833 0.053338700000000003 -0.013701
0.0225507 0.053956999999999998 -0.0138805
0.063205700000000004 0.066081799999999996 -0.013498400000000001
0.055094900000000002 0.070805999999999994 -0.0135532
-0.00234928 0.075342400000000004 -0.013762999999999999
0.01213 0.078284900000000004 -0.015131500000000001
0.0131667 0.083158300000000004 -0.0139393
-0.083583299999999999 0.096176800000000007 -0.014052500000000001
-0.0467155 0.099411200000000005 -0.0147125
-0.042496100000000002 0.104077 -0.014079
0.027968699999999999 0.111237 -0.0145133
0.075395000000000004 0.112409 -0.013952300000000001
0.017540300000000002 0.121131 -0.0141078
0.062942200000000004 0.13254199999999999 -0.014538000000000001
0.087526999999999994 0.14057500000000001 -0.0139869
-0.0060221900000000002 0.140983 -0.013477299999999999
0.075076299999999999 0.145094 -0.014257300000000001
0.0552268 0.14526 -0.0140024
-0.023677500000000001 0.15260599999999999 -0.0137325
0.021835500000000001 0.15615000000000001 -0.013815900000000001
-0.066960800000000001 0.16020899999999999 -0.0140903
-0.0295313 0.17033699999999999 -0.0140112
-0.055328299999999997 0.18066599999999999 -0.014024399999999999
-0.0264374 0.053044800000000003 -0.0141344
-0.039108900000000002 0.055391200000000002 -0.0140336
0.070356399999999999 0.0555328 -0.013491100000000001
0.0195024 0.0561194 -0.0135917
-0.074817499999999995 0.059879399999999999 -0.0133621
-0.0085401299999999999 0.066593700000000006 -0.0140556
-0.082794900000000005 0.071287100000000006 -0.013244499999999999
0.052026599999999999 0.072611400000000006 -0.0134352
0.0199848 0.0982045 -0.014604499999999999
0.023899500000000001 0.104131 -0.0138745
0.030495100000000001 0.11635 -0.0139992
0.087886500000000006 0.13214699999999999 -0.014025299999999999
-0.0579391 0.13486400000000001 -0.0134269
-0.0787519 0.141483 -0.0135183
-0.078767799999999999 0.14483299999999999 -0.0133483
-0.023841299999999999 0.15726299999999999 -0.0131763
-0.024898199999999999 0.15917400000000001 -0.0146324
-0.040492899999999998 0.105669 -0.013672999999999999
0.082860000000000003 0.14454700000000001 -0.0136635
0.012541999999999999 0.079319399999999998 -0.013199199999999999
-0.022497300000000001 0.116475 -0.013448699999999999
0.063188999999999995 0.12883500000000001 -0.0136098
0.0390099 0.053392299999999997 -0.013098800000000001
-0.019531300000000001 0.121069 -0.0131635
-0.0714196 0.160079 -0.013136800000000001
-0.062878100000000006 0.17986199999999999 -0.013212700000000001
-0.0344871 0.098866599999999999 -0.0129447
0.074624700000000002 0.10834299999999999 -0.0129272
0.0635569 0.12504899999999999 -0.013298600000000001
0.087308800000000006 0.143759 -0.012833000000000001
-0.090851500000000002 0.16589000000000001 -0.012998600000000001
0.017073399999999999 0.092391699999999993 -0.013192799999999999
0.067563799999999993 0.109164 -0.012782200000000001
-0.070137199999999997 0.14315 -0.012590199999999999
-0.0039057300000000001 0.072891499999999998 -0.012677300000000001
0.025148500000000001 0.10563500000000001 -0.012829
0.060584399999999997 0.133354 -0.0126053
0.072261699999999998 0.147095 -0.012523400000000001
0.016876200000000001 0.15502299999999999 -0.012572399999999999
-0.028178600000000002 0.16897200000000001 -0.0126564
-0.069650100000000006 0.123194 -0.012411699999999999
-0.022700100000000001 0.16497200000000001 -0.012535299999999999
0.039730799999999997 0.0548318 -0.0097573999999999994
0.067327600000000001 0.067127000000000006 -0.010154699999999999
0.018700100000000001 0.091938300000000001 -0.010328800000000001
0.055260700000000003 0.096509399999999995 -0.010392999999999999
0.070835499999999996 0.106237 -0.012126400000000001
-0.036096099999999999 0.11698600000000001 -0.011778500000000001
0.076899700000000001 0.12026100000000001 -0.010367400000000001
0.083889099999999994 0.12523000000000001 -0.011451100000000001
0.091703800000000002 0.132193 -0.0104622
-0.0088707500000000002 0.13539999999999999 -0.010722300000000001
0.090984899999999994 0.140263 -0.0102472
-0.081803200000000006 0.141453 -0.012307200000000001
-0.080148800000000006 0.14557300000000001 -0.012140700000000001
0.050485099999999998 0.148004 -0.0113706
0.043174700000000003 0.15179599999999999 -0.0110168
-0.075065400000000004 0.16156999999999999 -0.0101806
-0.087822300000000006 0.16994200000000001 -0.0104811
-0.068035399999999996 0.17886299999999999 -0.010773
-0.047272500000000002 0.055691200000000003 -0.010393400000000001
-0.030552900000000001 0.099852700000000003 -0.0109105
0.0275649 0.107597 -0.010344600000000001
-0.0387604 0.11225499999999999 -0.0108018
0.077336100000000005 0.11148 -0.012064699999999999
0.092194499999999999 0.12945599999999999 -0.0103447
-0.063499399999999998 0.15401200000000001 -0.0102337
-0.018800799999999999 0.162858 -0.0122574
-0.072941199999999998 0.170511 -0.0116179
0.021772 0.053802000000000003 -0.010243199999999999
0.030259299999999999 0.054346499999999999 -0.0101609
-0.043497899999999999 0.056323499999999999 -0.0101209
0.017507100000000001 0.058674299999999999 -0.0098303699999999997
-0.013929800000000001 0.058923799999999998 -0.0103082
-0.0047466399999999999 0.0709587 -0.0099721400000000009
-0.083905900000000005 0.071177099999999993 -0.0099529100000000006
0.047287200000000001 0.079123899999999997 -0.0098075899999999997
0.017471799999999999 0.088144399999999998 -0.0095389099999999994
-0.041858399999999997 0.104328 -0.0096047000000000007
-0.082559800000000003 0.104436 -0.0098569199999999999
0.0086779300000000004 0.105215 -0.010241
0.066613599999999995 0.10757799999999999 -0.011129200000000001
-0.080716300000000005 0.108377 -0.0099915100000000003
0.029837200000000001 0.11196 -0.0099165799999999995
0.078846100000000002 0.11257300000000001 -0.0100248
0.032371400000000002 0.12048200000000001 -0.010857500000000001
0.065753300000000001 0.120797 -0.0094823900000000003
-0.070099300000000003 0.12350899999999999 -0.0098780699999999992
0.022332000000000001 0.12598100000000001 -0.011421499999999999
0.061411100000000003 0.12739600000000001 -0.0116209
-0.063957600000000003 0.12895100000000001 -0.010005099999999999
-0.012352999999999999 0.130859 -0.0112701
-0.0104901 0.13267599999999999 -0.010183299999999999
0.071287400000000001 0.13655400000000001 -0.010416099999999999
-0.026336100000000001 0.1406 -0.010124899999999999
0.089750499999999997 0.14058599999999999 -0.0098763700000000006
0.091065499999999994 0.14423800000000001 -0.0102469
-0.054886699999999997 0.14442099999999999 -0.0098588900000000004
-0.078892900000000002 0.14763299999999999 -0.0099994000000000003
0.0826012 0.148226 -0.0099229599999999998
-0.067067299999999996 0.15228900000000001 -0.0099705000000000002
0.0104172 0.15173400000000001 -0.010313900000000001
0.022440399999999999 0.154253 -0.0094022199999999993
-0.058642600000000003 0.155808 -0.00998309
-0.083128800000000003 0.160247 -0.0101805
-0.055660399999999999 0.160666 -0.0097395899999999994
-0.062853900000000004 0.16225999999999999 -0.010072299999999999
-0.014327299999999999 0.16520899999999999 -0.0106293
-0.078790200000000005 0.16859299999999999 -0.0099926500000000005
-0.035963099999999998 0.17627899999999999 -0.0102556
-0.059134300000000001 0.180895 -0.0099169099999999993
0.023805699999999999 0.052920799999999997 -0.0100766
0.027256900000000001 0.053292899999999997 -0.0100156
-0.059247399999999999 0.053351500000000003 -0.0099651700000000006
-0.063440399999999994 0.053602499999999997 -0.010133400000000001
0.071767300000000006 0.055086499999999997 -0.0098097700000000006
-0.067278699999999997 0.054642400000000001 -0.010227
-0.034988999999999999 0.056083000000000001 -0.0097108200000000002
-0.075032299999999996 0.058389900000000002 -0.0098669900000000008
-0.077728199999999997 0.060493699999999997 -0.0099246899999999999
-0.081048800000000004 0.066128500000000007 -0.011039
0.0142179 0.067286100000000001 -0.010057
-0.082638500000000004 0.068026000000000003 -0.0097277300000000004
0.054829200000000002 0.070412699999999995 -0.0096323099999999998
-0.085004999999999997 0.075007099999999993 -0.0098835599999999996
0.050343499999999999 0.074948299999999995 -0.0095503299999999992
-0.086128499999999997 0.079287099999999999 -0.0096926800000000004
0.0012543999999999999 0.083813399999999996 -0.0101254
0.015659699999999999 0.086644799999999994 -0.010853099999999999
-0.086525599999999994 0.087782499999999999 -0.0098470299999999997
-0.086568000000000006 0.091317899999999994 -0.0090502099999999995
0.0060338900000000001 0.0960646 -0.0099399399999999995
-0.040428600000000002 0.0979738 -0.011167399999999999
0.058711199999999998 0.100378 -0.0108647
-0.034226300000000001 0.099081600000000006 -0.011525000000000001
-0.028749199999999999 0.103116 -0.011343900000000001
0.067509100000000002 0.10516399999999999 -0.0094601900000000003
-0.075595099999999998 0.116617 -0.010151500000000001
-0.019651100000000001 0.11694400000000001 -0.0094907700000000008
-0.071924000000000002 0.121018 -0.010187999999999999
-0.0166491 0.123238 -0.010149200000000001
0.0614928 0.124373 -0.011377
0.022633199999999999 0.12715799999999999 -0.0098035099999999997
0.083694000000000005 0.128638 -0.010658600000000001
0.059892599999999997 0.12877 -0.0097084300000000005
-0.057770200000000001 0.13480600000000001 -0.0109409
0.057746499999999999 0.13891300000000001 -0.0110227
0.071685899999999997 0.14083100000000001 -0.0100494
-0.00312313 0.14160300000000001 -0.0097073400000000001
-0.069629399999999994 0.14293900000000001 -0.0109938
-0.059190600000000003 0.144728 -0.0099441100000000008
0.0755305 0.14618700000000001 -0.0095556500000000006
-0.0751748 0.14821500000000001 -0.0099641199999999999
-0.068325200000000003 0.150251 -0.0109423
-0.018036199999999999 0.15734200000000001 -0.0101125
-0.087543300000000004 0.16081699999999999 -0.0098964299999999995
-0.067585500000000007 0.162269 -0.0099403900000000003
-0.092703099999999997 0.16458999999999999 -0.0099377500000000004
-0.0178782 0.169684 -0.0105053
-0.013407499999999999 0.17352500000000001 -0.010022400000000001
-0.034499799999999997 0.175347 -0.0098551699999999999
-0.042911999999999999 0.17883599999999999 -0.0097351099999999999
0.056621299999999999 0.068879800000000005 -0.0098660199999999997
0.071040199999999998 0.128135 -0.010045800000000001
-0.017715000000000002 0.17380499999999999 -0.010157899999999999
0.063191600000000001 0.112501 -0.0097071599999999994
0.060349600000000003 0.124239 -0.0097878099999999992
-0.087407100000000001 0.14045299999999999 -0.0093237800000000003
-0.013691 0.14984600000000001 -0.0097799500000000008
-0.095728999999999995 0.166634 -0.0095100400000000009
-0.065971100000000005 0.17976200000000001 -0.0094127700000000009
0.055231000000000002 0.100295 -0.0099301100000000007
0.082928399999999999 0.13219400000000001 -0.0095485199999999996
0.064264799999999997 0.069798499999999999 -0.00868003
0.0163634 0.0842894 -0.00883982
0.051332099999999999 0.096355099999999999 -0.0094794100000000006
-0.031422699999999998 0.096746499999999999 -0.0090520600000000007
0.0250108 0.101608 -0.0092805400000000003
0.075154899999999997 0.10065399999999999 -0.0091333300000000003
0.0642485 0.10595300000000001 -0.0088521299999999997
0.056511400000000003 0.108612 -0.0086559400000000009
0.033384999999999998 0.123348 -0.0087765800000000008
0.075228000000000003 0.13233200000000001 -0.0093585500000000002
0.056628299999999999 0.137708 -0.0087013500000000001
0.092434699999999995 0.147204 -0.0088387499999999994
-0.070092100000000004 0.151339 -0.0087846499999999998
0.0273095 0.154339 -0.0090284300000000005
0.048564900000000001 0.095017199999999996 -0.0088155400000000002
0.069581500000000004 0.066037700000000005 -0.0085824000000000004
0.053001100000000002 0.10319299999999999 -0.0083895199999999993
-0.0116557 0.13002 -0.0088786200000000003
0.087858400000000003 0.13486899999999999 -0.0082449700000000008
-0.073709899999999995 0.172705 -0.0084476199999999994
-0.041782800000000002 0.110849 -0.0084431999999999997
0.078709699999999994 0.134988 -0.0086221500000000003
-0.043650500000000002 0.055967700000000002 -0.0057173700000000003
0.045973600000000003 0.092217199999999999 -0.0079527599999999997
-0.0223976 0.14674200000000001 -0.0071889700000000003
-0.071796600000000002 0.15080099999999999 -0.0081315299999999997
-0.097723599999999994 0.17234099999999999 -0.0082063899999999992
0.025506600000000001 0.052937400000000003 -0.0060096500000000001
-0.0269293 0.053553400000000001 -0.0062426799999999996
0.067339700000000002 0.053688100000000002 -0.00590684
0.027904000000000002 0.053740200000000002 -0.0059754200000000004
-0.055520899999999998 0.054955299999999999 -0.0058436800000000004
-0.030699000000000001 0.054898799999999998 -0.0058611899999999996
0.043184899999999998 0.055335599999999999 -0.0061081299999999998
0.019822200000000002 0.056448999999999999 -0.0072073299999999996
0.039272000000000001 0.0557613 -0.0058965299999999997
0.0187779 0.059234099999999998 -0.0056968499999999998
-0.014125499999999999 0.058707000000000002 -0.0059315599999999998
-0.080716399999999994 0.062502100000000005 -0.0057051000000000003
0.017203099999999999 0.063129000000000005 -0.0057527799999999999
0.015715400000000001 0.064808500000000005 -0.0078052199999999999
0.071460800000000005 0.067020099999999999 -0.0057982099999999998
0.061675899999999999 0.068731500000000001 -0.0071695099999999996
0.067245299999999994 0.072320599999999999 -0.0058585499999999997
0.063162099999999999 0.071183999999999997 -0.0060367499999999996
-0.085681499999999994 0.074269199999999994 -0.0070039799999999999
-0.0867396 0.075705900000000007 -0.0054884799999999996
-0.086877599999999999 0.079236299999999996 -0.0064448999999999999
-0.00052057600000000002 0.082591999999999999 -0.0054599000000000002
0.046924800000000003 0.082901000000000002 -0.0067632500000000002
-0.087174500000000002 0.088028200000000001 -0.0065264700000000004
0.047131300000000001 0.086635500000000004 -0.0076319700000000001
0.022236499999999999 0.088048100000000004 -0.0053188599999999999
0.0027092499999999999 0.091919500000000001 -0.0053138400000000002
0.046731200000000001 0.096463099999999996 -0.0065461599999999997
-0.085963700000000004 0.096186199999999999 -0.0057986899999999996
-0.030115599999999999 0.096683400000000003 -0.0058042600000000003
-0.043093600000000003 0.096811300000000003 -0.0055159700000000002
0.0053522700000000001 0.10013900000000001 -0.00609218
0.070442900000000003 0.099607299999999996 -0.0070206899999999996
-0.084721500000000005 0.100503 -0.0058020800000000003
0.051095000000000002 0.10484599999999999 -0.0058027
0.0060584000000000002 0.104686 -0.00584433
0.0537242 0.10591299999999999 -0.0072814400000000001
-0.023659900000000001 0.104661 -0.00549761
0.064334100000000005 0.104214 -0.0061051899999999999
-0.022082399999999999 0.108011 -0.0060560099999999997
0.080925399999999995 0.108557 -0.0057018900000000003
0.0083239000000000004 0.109777 -0.0072273099999999998
-0.079018000000000005 0.11267199999999999 -0.0061311999999999998
-0.021049700000000001 0.110948 -0.0068837899999999999
0.0086792999999999992 0.112939 -0.00648855
0.0100652 0.11647299999999999 -0.0064439199999999997
0.078625399999999998 0.11558300000000001 -0.0060628399999999999
-0.076124499999999998 0.11641799999999999 -0.0056527000000000001
0.066617300000000004 0.116843 -0.0056410599999999998
0.013202999999999999 0.121084 -0.0075632499999999997
0.035321600000000002 0.12047099999999999 -0.00566309
-0.0716778 0.121351 -0.0058938100000000002
-0.015007700000000001 0.120727 -0.0057182600000000002
0.014031500000000001 0.12466099999999999 -0.0060796499999999998
-0.069887400000000002 0.12343899999999999 -0.0059504500000000004
0.070792099999999997 0.123741 -0.0074020300000000004
0.034329800000000001 0.128221 -0.005653
0.058099699999999997 0.12797700000000001 -0.0071220199999999997
-0.063405699999999995 0.129076 -0.0062643799999999999
0.022466400000000001 0.12962000000000001 -0.0075922200000000002
0.0276122 0.12989999999999999 -0.0078382399999999998
-0.059072399999999997 0.13220799999999999 -0.00599856
-0.054481099999999998 0.136576 -0.0063435000000000002
0.087925299999999998 0.137014 -0.0075975599999999997
0.095235700000000006 0.13644000000000001 -0.0077388500000000002
0.0548627 0.13619300000000001 -0.0064300800000000003
-0.087378999999999998 0.13996800000000001 -0.0054809799999999999
0.090921299999999997 0.14075399999999999 -0.0071147900000000002
-0.0512103 0.14061399999999999 -0.0056509400000000001
0.087360999999999994 0.14071900000000001 -0.0064987899999999999
-0.070981000000000002 0.142044 -0.00585062
0.092081200000000002 0.14472299999999999 -0.00638326
-0.030352400000000002 0.14397199999999999 -0.0051394400000000003
-0.063474000000000003 0.144284 -0.0055376899999999996
0.0022543300000000001 0.14374999999999999 -0.0066585699999999999
-0.055163200000000003 0.14513400000000001 -0.0058846899999999997
0.0057329900000000003 0.14471700000000001 -0.0059252200000000001
0.047153500000000001 0.14498800000000001 -0.0060593799999999996
0.081859100000000004 0.14843100000000001 -0.0071102800000000001
-0.083255899999999994 0.14890600000000001 -0.0059818700000000002
-0.075486499999999998 0.149565 -0.0067440199999999999
-0.0187464 0.149811 -0.0067616600000000001
-0.014619699999999999 0.149844 -0.00749688
0.039498999999999999 0.14908099999999999 -0.0060390799999999996
-0.014771100000000001 0.152 -0.0072780500000000003
0.035157899999999999 0.15168799999999999 -0.00694408
0.031031699999999999 0.15226000000000001 -0.0068175299999999996
-0.063719300000000006 0.154418 -0.0057710399999999999
-0.018458499999999999 0.15812300000000001 -0.0063120700000000004
-0.083433300000000002 0.16165499999999999 -0.0069843400000000003
-0.0113379 0.16197800000000001 -0.0078129900000000006
-0.063228099999999995 0.162527 -0.00584477
-0.067060999999999996 0.16295699999999999 -0.0058807599999999996
-0.0946713 0.16678299999999999 -0.0062564700000000001
-0.096762100000000004 0.16870199999999999 -0.0057081600000000003
-0.079327900000000007 0.17078399999999999 -0.0076073299999999998
-0.091789899999999994 0.17329600000000001 -0.0059997699999999998
-0.014344600000000001 0.173073 -0.0075989600000000001
-0.022424900000000001 0.173876 -0.0060516199999999997
-0.033544200000000003 0.175292 -0.00708386
-0.0713921 0.17799100000000001 -0.0060026300000000001
-0.067493700000000004 0.17937700000000001 -0.0056682399999999997
-0.066067100000000004 0.17974999999999999 -0.0068156199999999997
-0.048543000000000003 0.17976900000000001 -0.0076375000000000002
-0.062891600000000006 0.053406799999999997 -0.0061536899999999999
-0.051744999999999999 0.055462499999999998 -0.0062203199999999997
-0.0038697900000000001 0.072888800000000004 -0.0074041599999999999
0.0435614 0.091673599999999994 -0.0059741899999999999
0.027651999999999999 0.103475 -0.0077622999999999998
0.055483400000000002 0.112427 -0.0056163899999999998
0.058014799999999998 0.123768 -0.0065553399999999998
0.075259599999999996 0.140541 -0.0075184400000000004
0.045722699999999998 0.14818300000000001 -0.00757386
-0.059080199999999999 0.16193399999999999 -0.0061494499999999999
-0.0216066 0.16613800000000001 -0.0053657499999999999
-0.099312700000000004 0.174094 -0.0057744800000000002
-0.026046300000000001 0.17533899999999999 -0.00571522
0.059111499999999997 0.070163500000000004 -0.00539991
0.0107636 0.120125 -0.00540662
-0.096650700000000006 0.140204 -0.0060513499999999996
-0.030106600000000001 0.18199399999999999 -0.0058552400000000003
0.070191600000000007 0.070620699999999995 -0.0054492500000000001
0.067578799999999994 0.099773899999999999 -0.00553529
0.055204700000000002 0.132465 -0.0054310499999999998
-0.096691200000000005 0.138157 -0.0060945000000000001
0.078861299999999995 0.14032900000000001 -0.0067943999999999999
-0.078923400000000005 0.17354800000000001 -0.0054883800000000002
-0.030026199999999999 0.18517500000000001 -0.0055016700000000002
-0.099980200000000005 0.14042099999999999 -0.0053049899999999999
0.017637400000000001 0.14844499999999999 -0.0052593500000000003
0.073616200000000007 0.056800000000000003 -0.0050482399999999998
0.0165633 0.066291799999999998 -0.0050102699999999998
0.064419199999999996 0.100568 -0.0046819599999999998
-0.045372599999999999 0.104279 -0.0048002100000000001
0.0769011 0.117356 -0.0051124999999999999
-0.033537999999999998 0.12856100000000001 -0.0051395099999999999
-0.0026262799999999999 0.13723299999999999 -0.0050698999999999996
-0.024563999999999999 0.14744499999999999 -0.0050474700000000001
-0.087256399999999998 0.17702599999999999 -0.0052318299999999998
0.040645599999999997 0.084235599999999994 -0.0048803199999999996
0.043202200000000003 0.095221100000000003 -0.0047939799999999998
-0.045428999999999997 0.100328 -0.0044855900000000002
0.0518951 0.108353 -0.0046842300000000002
0.055500000000000001 0.12853899999999999 -0.0048119599999999997
0.051760899999999999 0.13642099999999999 -0.0045382
0.043551199999999998 0.145034 -0.0049075799999999999
-0.022148000000000001 0.15329899999999999 -0.0049196500000000002
-0.052816700000000001 0.15934799999999999 -0.00462744
-0.071105299999999996 0.16380700000000001 -0.0049807200000000001
-0.083274100000000004 0.17755299999999999 -0.004646
-0.0082375199999999999 0.065967600000000001 -0.0048681899999999997
0.056175299999999997 0.12435499999999999 -0.0049531200000000001
0.034932299999999999 0.14845700000000001 -0.0044875100000000001
-0.021257700000000001 0.157443 -0.0045356700000000003
0.00341684 0.096831100000000003 -0.0045812800000000001
0.056275899999999997 0.120514 -0.0046669299999999997
-0.060980100000000002 0.129798 -0.00453718
-0.095619700000000002 0.14697299999999999 -0.0045141199999999999
-0.055119899999999999 0.17950099999999999 -0.0045244400000000002
0.045858299999999998 0.067884399999999998 -0.0042387800000000002
0.033349900000000002 0.10853500000000001 -0.0044897599999999998
-0.025367299999999999 0.16620499999999999 -0.0043090000000000003
0.038850099999999999 0.063210500000000003 -0.0022519599999999999
-0.0049566999999999996 0.074663499999999994 -0.00195963
0.0150326 0.075533799999999998 -0.00231306
0.0038900699999999998 0.099497299999999997 -0.0044000000000000003
-0.046098100000000003 0.105132 -0.0023505599999999998
0.075162400000000004 0.116438 -0.00245547
-0.092078300000000002 0.141377 -0.0022502199999999998
0.013759499999999999 0.14524699999999999 -0.0042706100000000002
-0.091171100000000005 0.14991399999999999 -0.0022363700000000001
-0.080660599999999999 0.17643400000000001 -0.0041976299999999999
-0.060703899999999998 0.17952899999999999 -0.0042776100000000003
0.0633518 0.054244100000000003 -0.0018497400000000001
-0.034682900000000003 0.055761600000000001 -0.00199979
0.043103700000000002 0.056217000000000003 -0.0016712299999999999
0.074328699999999998 0.06336 -0.00189358
0.073929700000000001 0.066709900000000003 -0.00144932
0.045768299999999998 0.069623099999999993 -0.00408311
0.054911399999999999 0.075182799999999994 -0.0017919100000000001
-0.0030595700000000002 0.079114400000000001 -0.0025496199999999998
0.038705900000000001 0.083603700000000003 -0.0028316299999999999
-0.087115899999999996 0.088064600000000007 -0.0014912599999999999
0.074333300000000005 0.090418799999999994 -0.0035092700000000001
0.031627599999999999 0.096142900000000003 -0.0036506799999999999
-0.028011100000000001 0.0969917 -0.00155787
0.064756599999999997 0.10280499999999999 -0.0036741399999999998
0.0050818699999999996 0.108778 -0.0030222399999999998
-0.043683800000000002 0.112502 -0.0021920500000000001
0.051371300000000002 0.11276 -0.0031616600000000002
0.054396699999999999 0.116966 -0.0037682100000000001
-0.073947100000000002 0.119148 -0.0030844599999999998
-0.0130861 0.120005 -0.00339872
0.054308099999999998 0.12474 -0.0037605999999999998
-0.036418199999999998 0.12531700000000001 -0.0033303600000000001
-0.059260699999999999 0.129551 -0.00186724
-0.0053661799999999999 0.13172300000000001 -0.0036797399999999999
0.0180629 0.133023 -0.0035385899999999999
0.023160300000000002 0.13433600000000001 -0.0040545399999999997
0.030627000000000001 0.13436300000000001 -0.0039755700000000003
-0.0500156 0.13900199999999999 -0.0034786000000000001
0.0023174599999999999 0.139262 -0.0038253100000000002
-0.0341722 0.14424600000000001 -0.0015467300000000001
-0.051183399999999997 0.14596799999999999 -0.0015324900000000001
0.040777000000000001 0.14535799999999999 -0.0041324700000000001
0.020476999999999999 0.14604500000000001 -0.0041447300000000001
-0.063419500000000004 0.15412100000000001 -0.0017065100000000001
-0.0549604 0.15593199999999999 -0.0027943299999999998
-0.059482 0.161662 -0.0020258799999999999
-0.071060700000000004 0.16398799999999999 -0.0018965500000000001
-0.099275500000000003 0.17355599999999999 -0.00266673
-0.091853500000000005 0.17546200000000001 -0.0037174299999999999
-0.031991899999999997 0.177985 -0.0034102899999999998
-0.067435800000000004 0.17760000000000001 -0.0016427099999999999
-0.031837200000000003 0.18459 -0.0023850199999999998
-0.022442400000000001 0.053806699999999999 -0.00176139
0.039320000000000001 0.0553499 -0.0024107600000000001
-0.039600700000000003 0.056139599999999998 -0.0018483499999999999
-0.075887700000000002 0.058053100000000003 -0.0021405500000000002
0.042643800000000003 0.064451800000000004 -0.0036729800000000002
-0.085025900000000001 0.071169499999999997 -0.0019706599999999999
-0.0062383300000000003 0.071121000000000004 -0.0021080700000000001
-0.086868600000000004 0.079626600000000006 -0.0019375900000000001
0.023290100000000001 0.085887500000000006 -0.00377743
0.038193199999999997 0.088984199999999999 -0.00354433
0.030054899999999999 0.092456099999999999 -0.0036622999999999998
0.071251200000000001 0.091743900000000003 -0.00256376
0.082598500000000005 0.096277199999999993 -0.0018989600000000001
0.039283600000000002 0.096668000000000004 -0.0033354700000000001
0.064770499999999995 0.095727999999999994 -0.0018407199999999999
0.035051300000000001 0.10070900000000001 -0.0030386599999999999
0.046597899999999998 0.105174 -0.00334805
-0.045496399999999999 0.108469 -0.0018705600000000001
0.066503699999999999 0.108657 -0.00178622
-0.0163692 0.11520900000000001 -0.0034835299999999999
-0.040707199999999999 0.11751200000000001 -0.00274727
-0.039544200000000002 0.120466 -0.0024594700000000001
0.038651699999999997 0.12056 -0.0028360299999999998
-0.067503599999999997 0.124168 -0.00194063
0.038952399999999998 0.128465 -0.00268286
-0.0057333699999999998 0.12800700000000001 -0.002398
0.022537000000000001 0.136411 -0.0034784199999999999
0.030769600000000001 0.135765 -0.0034528599999999999
0.046590600000000003 0.13999800000000001 -0.0036176200000000002
-0.035646499999999998 0.14085800000000001 -0.0028917299999999999
0.0099259299999999995 0.14047499999999999 -0.0032088500000000001
0.042446499999999998 0.14302200000000001 -0.0035882100000000001
0.017765900000000001 0.143983 -0.0034416799999999999
0.034553 0.146951 -0.0038217500000000001
0.030065999999999999 0.14502300000000001 -0.0032718999999999999
-0.027034800000000001 0.149225 -0.0028406899999999999
-0.079830899999999996 0.150925 -0.0028645900000000002
-0.067146899999999995 0.15334300000000001 -0.0018456499999999999
-0.051262700000000001 0.16050400000000001 -0.0014421200000000001
-0.075563400000000003 0.165183 -0.00171568
-0.030996800000000001 0.166129 -0.0020907399999999998
-0.098968399999999998 0.17661399999999999 -0.00159567
-0.070595900000000003 0.17710600000000001 -0.0029009399999999999
-0.043283000000000002 0.17816199999999999 -0.0015556700000000001
-0.031641599999999999 0.18234700000000001 -0.0033387099999999999
0.0260582 0.053126300000000001 -0.0017066
0.055470199999999997 0.052902499999999998 -0.00204791
-0.059594000000000001 0.0535623 -0.0017978499999999999
-0.067005099999999998 0.054117899999999997 -0.0017274300000000001
-0.0304519 0.054443499999999999 -0.00166932
0.073817099999999997 0.059661800000000001 -0.00224413
0.021066999999999999 0.058840400000000001 -0.00138119
-0.081716700000000003 0.064152399999999998 -0.00257566
-0.083230299999999993 0.067058199999999998 -0.0015856399999999999
0.015439899999999999 0.070842799999999997 -0.0020028300000000001
-0.086702899999999999 0.075417600000000001 -0.0019827600000000001
0.047365900000000002 0.0788219 -0.0020709600000000002
0.079367099999999996 0.087906700000000004 -0.0017985900000000001
0.034445200000000002 0.092089299999999999 -0.0031389500000000002
-0.043159299999999998 0.095432600000000006 -0.0015672500000000001
-0.085163100000000005 0.097129900000000005 -0.0011002200000000001
-0.084603100000000001 0.100316 -0.00182428
0.043528999999999998 0.104868 -0.0026330199999999998
-0.082761799999999996 0.10427 -0.00192106
0.047207699999999998 0.108831 -0.0026691699999999998
-0.080743800000000004 0.108931 -0.00168239
0.051525599999999998 0.11648699999999999 -0.0026761900000000002
-0.042240399999999997 0.116187 -0.0016205799999999999
0.051489399999999998 0.12851899999999999 -0.0029685100000000002
-0.058013200000000001 0.131159 -0.0028704199999999998
0.047347500000000001 0.13619400000000001 -0.0029390800000000002
-0.079154799999999997 0.14032800000000001 -0.0015831199999999999
-0.069250199999999998 0.14239099999999999 -0.00174292
-0.063650300000000007 0.144372 -0.00176381
-0.055482999999999998 0.14582000000000001 -0.00167475
-0.074959399999999995 0.15188399999999999 -0.00173324
-0.0265829 0.15765299999999999 -0.0021976399999999998
-0.0631684 0.16220399999999999 -0.0015333899999999999
-0.030705300000000001 0.169848 -0.0020609399999999998
-0.080058599999999994 0.17757300000000001 -0.0018414099999999999
-0.083334400000000003 0.180396 -0.00168205
-0.055060400000000002 0.054995799999999997 -0.00185593
0.030432299999999999 0.087508500000000003 -0.0021197
0.0825428 0.10384599999999999 -0.0014927199999999999
-0.0100728 0.12034400000000001 -0.00160882
0.0059322300000000001 0.136152 -0.0024963099999999998
0.021783299999999998 0.140318 -0.0029611699999999999
0.0470905 0.11259 -0.0020587800000000001
-0.064004900000000003 0.12590899999999999 -0.0011892300000000001
0.01372 0.13631699999999999 -0.0024504000000000001
0.039569899999999998 0.14030999999999999 -0.00247474
-0.097294000000000005 0.173235 -0.0012741499999999999
0.065569199999999994 0.101163 -0.0012828
0.039320000000000001 0.108767 -0.0020252999999999998
-0.0062272600000000001 0.124614 -0.0014827099999999999
0.047087200000000003 0.13239000000000001 -0.0022998900000000002
-0.047527600000000003 0.136597 -0.0011536999999999999
-0.10292900000000001 0.14169300000000001 -0.0015449800000000001
-0.035241099999999997 0.17397899999999999 -0.00140565
0.078360100000000002 0.083618499999999998 -0.0013675899999999999
0.047637600000000002 0.116495 -0.0018627299999999999
-0.0386214 0.13229099999999999 -0.0010574200000000001
0.043631499999999997 0.132713 -0.00194695
-0.043207799999999998 0.14091799999999999 -0.0014521600000000001
-0.0308001 0.14884900000000001 -0.00136626
0.054404800000000003 0.053263400000000002 -0.0011363600000000001
-0.0126094 0.0620314 -0.00093381099999999999
-0.0045425600000000002 0.078719300000000006 -0.00071031700000000002
0.075247499999999995 0.083596299999999998 -0.0015254800000000001
0.026127500000000001 0.084562999999999999 -0.0011418999999999999
0.067162799999999995 0.091982700000000001 -0.00069650199999999999
0.0026506300000000002 0.10829900000000001 -0.00078729699999999995
-0.014189800000000001 0.112499 -0.00057130199999999999
-0.010021 0.116817 -0.00036813299999999998
0.047364099999999999 0.12063599999999999 -0.00170203
0.042728099999999998 0.12439500000000001 -0.00180182
0.0059117800000000002 0.12856600000000001 -0.0013290400000000001
-0.039077500000000001 0.136353 -0.0012720299999999999
-0.082004199999999999 0.151312 -0.0010891099999999999
-0.091777800000000007 0.16860600000000001 -0.00089476900000000001
0.075862799999999994 0.075221499999999997 -0.00090964699999999997
0.072357599999999994 0.078778100000000004 -0.00081291000000000002
-0.035113600000000002 0.16170399999999999 -0.000382829
0.033788100000000001 0.063431100000000004 -0.000299816
-0.0018926699999999999 0.12435499999999999 -0.00077126899999999999
-0.035444299999999998 0.15789500000000001 -0.00066703200000000002
-0.0083979899999999993 0.069616399999999995 -0.00032306899999999999
0.076012300000000005 0.11401699999999999 -0.00043335999999999998
0.069619700000000007 0.114161 -0.00031918400000000003
0.00200614 0.124419 -0.00067597200000000005
-0.048130100000000002 0.15900300000000001 -0.00028934799999999998
0.034474900000000003 0.055326699999999999 0.00219973
0.034042700000000002 0.063261399999999995 0.00057204000000000001
-0.00028384999999999999 0.096459100000000006 -0.00030622499999999998
-0.0484763 0.13398499999999999 -0.00021506300000000001
0.029496999999999999 0.052966800000000001 0.0020521599999999999
0.059397400000000003 0.052953300000000002 0.00143954
-0.063199500000000006 0.0539508 0.0020091699999999998
0.063210299999999997 0.0538608 0.0021090800000000002
-0.055527399999999998 0.053834600000000003 0.0023628099999999999
0.0515107 0.055072999999999997 0.0019761900000000001
-0.0514861 0.054752700000000001 0.0017764499999999999
-0.0435532 0.055294700000000002 0.00174464
-0.019434699999999999 0.056101499999999999 0.0010098100000000001
-0.073731400000000002 0.0570506 0.00065995599999999995
-0.0757322 0.059115500000000001 0.00214167
0.034778499999999997 0.0591256 0.000163692
-0.015435600000000001 0.060281800000000003 0.0013024
-0.0138589 0.063332799999999995 0.00208289
0.018691900000000001 0.064007499999999995 0.0019624899999999999
-0.011465299999999999 0.065006900000000006 0.00067787000000000001
-0.082694100000000006 0.067643800000000004 0.0020731299999999999
0.0150437 0.067390199999999997 0.0025437799999999998
0.0150454 0.071147100000000005 0.00190687
0.070131700000000005 0.072826299999999997 0.00015856
0.015304099999999999 0.075489100000000003 0.00198737
-0.085292499999999993 0.074410400000000002 0.0020374899999999999
0.070056800000000002 0.075228299999999998 0.00060637400000000002
-0.086093699999999995 0.076050099999999995 0.00199555
0.015824600000000001 0.077934100000000006 0.0017300499999999999
0.070713899999999996 0.079370800000000005 0.00061920200000000001
0.043420500000000001 0.078483899999999995 0.0019435800000000001
0.038991699999999997 0.079735600000000004 0.00193019
-0.0053807799999999999 0.083387600000000006 0.0022341599999999998
0.018733799999999998 0.082067000000000001 0.0020613300000000001
0.033596599999999997 0.082116499999999995 0.0010196999999999999
-0.0035097100000000001 0.084191500000000002 0.00041250400000000001
0.080586699999999997 0.083379599999999998 0.0016274
0.082706500000000002 0.088171200000000005 0.00192793
-0.0025436600000000001 0.091345200000000001 0.0011959500000000001
0.067027000000000003 0.090874999999999997 4.0888800000000001e-05
-0.039135799999999998 0.093546299999999999 0.0022016399999999999
-0.040558499999999997 0.094024899999999995 0.00095277299999999997
0.083746000000000001 0.095734399999999997 0.0019853800000000001
-0.026191800000000001 0.095760300000000007 0.00195173
0.00029127800000000001 0.100717 0.00021599999999999999
-0.021899800000000001 0.100046 0.000795914
-0.047509000000000003 0.100415 0.0020754300000000001
-0.0476566 0.104266 0.00159688
0.082570699999999997 0.10420500000000001 0.0017801200000000001
-0.016505499999999999 0.10765 0.00033171900000000001
0.080169599999999994 0.108417 0.0020345799999999998
-0.0473236 0.108794 0.0020710500000000001
0.078369099999999997 0.111637 0.00063360200000000004
-0.046329599999999999 0.11260000000000001 0.0018932700000000001
-0.076436199999999996 0.112913 0.0021413500000000002
-0.0098905399999999997 0.112605 0.00095363999999999996
-0.043934599999999997 0.116895 0.00084120400000000002
0.073852000000000001 0.114618 0.00032854599999999998
-0.071853500000000001 0.117147 0.0028432499999999999
-0.0054767499999999998 0.119186 7.2130200000000003e-05
0.00047743599999999997 0.11947000000000001 0.000120475
-0.043132200000000002 0.12406300000000001 0.00126391
-0.063090599999999997 0.124261 0.0018210500000000001
-0.054971800000000001 0.128334 0.00132657
-0.051383999999999999 0.13109699999999999 0.000549612
-0.041910500000000003 0.13331200000000001 -7.9152200000000004e-05
-0.086983699999999997 0.14080699999999999 0.0019609100000000002
-0.091364399999999998 0.14178399999999999 0.00163002
-0.10353900000000001 0.14236199999999999 0.000771469
-0.094024499999999997 0.14258499999999999 0.000961403
-0.100413 0.143927 0.0022637199999999999
-0.104459 0.14484 0.00193056
-0.035456300000000003 0.14533799999999999 0.000292059
-0.058965200000000002 0.14607200000000001 0.00161915
-0.051343100000000003 0.146089 0.00191814
-0.10088 0.149258 0.0013112600000000001
-0.039200499999999999 0.14876300000000001 0.0015498899999999999
-0.083044599999999996 0.151613 0.00184789
-0.078888399999999997 0.15185699999999999 0.00169258
-0.037622999999999997 0.153 -6.4771300000000001e-05
-0.067315100000000003 0.15220700000000001 0.0021039499999999998
-0.0548359 0.155971 0.0017891300000000001
-0.047186600000000002 0.15773100000000001 0.00165314
-0.039606200000000001 0.16206599999999999 0.0011598299999999999
-0.055175099999999998 0.160304 0.0021161499999999998
-0.063306600000000005 0.16172300000000001 0.00179923
-0.071171899999999996 0.16381000000000001 0.0019365700000000001
-0.077882300000000002 0.16639000000000001 0.00156748
-0.036212500000000002 0.168574 8.4058299999999994e-05
-0.039675799999999997 0.17010900000000001 0.00067020100000000004
-0.067568299999999998 0.17043900000000001 0.00238339
-0.071759199999999995 0.17195299999999999 0.0012485
-0.075440800000000002 0.17327699999999999 0.0021298100000000002
-0.095917699999999995 0.17759800000000001 0.0020000399999999998
-0.066597699999999996 0.176764 0.00152728
-0.0797929 0.17762600000000001 0.0019631100000000001
-0.051634800000000002 0.17737800000000001 0.00091467100000000004
-0.091870300000000002 0.17931900000000001 0.00063934799999999998
-0.035429099999999998 0.18159600000000001 0.00058064499999999997
-0.0076376899999999999 0.072237499999999996 0.00040163800000000001
0.069591200000000006 0.085852499999999998 0.000442199
-0.081149499999999999 0.10470599999999999 0.0023372599999999999
-0.0060006199999999999 0.116672 0.00053606300000000003
-0.051445900000000003 0.12850200000000001 0.0019932600000000002
-0.047086200000000002 0.17382600000000001 0.0018693399999999999
-0.0023947500000000002 0.108501 0.00155317
0.0101797 0.059049600000000001 0.0025984900000000002
0.0589347 0.0787138 0.00204872
-0.0058590200000000004 0.112639 0.00139105
0.0072536199999999997 0.058202700000000003 0.0023165899999999999
0.0670428 0.079101199999999997 0.0020140100000000001
-0.010189800000000001 0.108503 0.0018527999999999999
-0.043889499999999998 0.16980700000000001 0.0021136100000000001
0.0084539400000000001 0.057044999999999998 0.0024325599999999998
0.032243399999999998 0.081564800000000007 0.0031039399999999999
-0.0055460800000000001 0.087481500000000004 0.0030325700000000001
0.065523899999999996 0.097788299999999995 0.00268797
-0.0056171099999999998 0.10872 0.0019758699999999998
-0.042769799999999997 0.16129599999999999 0.0021820199999999998
-0.087916400000000006 0.17161000000000001 0.0029702399999999999
-0.094469600000000001 0.17963399999999999 0.0025577799999999999
-0.0091824999999999997 0.075368099999999993 0.00339113
0.059418400000000003 0.082750000000000004 0.0027525900000000001
-0.0064990500000000001 0.091703900000000005 0.00350191
-0.010407899999999999 0.10491499999999999 0.0026124400000000002
-0.055839699999999999 0.12499200000000001 0.0034812200000000001
-0.047257300000000002 0.169957 0.0029410700000000001
-0.0056128599999999999 0.096210900000000002 0.0030132900000000001
-0.054541399999999997 0.17507600000000001 0.0033621499999999999
-0.080981399999999995 0.065756499999999996 0.0033191100000000001
-0.013883700000000001 0.100202 0.00336908
-0.064795400000000003 0.17374600000000001 0.0034889000000000001
-0.0084870899999999992 0.077645400000000003 0.0035903799999999998
0.039209500000000001 0.055324100000000001 0.0063041700000000004
0.0074141900000000002 0.059835899999999997 0.0051201399999999996
0.062385400000000001 0.087398799999999999 0.0057649600000000004
-0.066241099999999997 0.151418 0.00579204
-0.0593372 0.15343899999999999 0.0061781500000000003
0.059415299999999997 0.053586099999999998 0.0060919700000000004
-0.0307348 0.054180300000000001 0.00594028
-0.055399999999999998 0.053550500000000001 0.0057990400000000001
-0.039099000000000002 0.0533847 0.0055895800000000002
-0.042946999999999999 0.053617699999999997 0.0063126800000000002
-0.063210799999999998 0.055032600000000001 0.00652639
0.0273768 0.0558098 0.0052095900000000001
-0.070506100000000002 0.056719899999999997 0.0052551100000000003
0.035826499999999997 0.0540765 0.0056026899999999996
0.043450700000000002 0.055508000000000002 0.0062163399999999999
0.069126999999999994 0.057563099999999999 0.0039125000000000002
0.0099007599999999998 0.0594031 0.0058096900000000002
-0.018344800000000001 0.059572199999999999 0.0059534000000000002
-0.078873799999999994 0.063515199999999994 0.0052289499999999996
0.018575299999999999 0.062586500000000003 0.0050358800000000004
0.074626499999999998 0.064282900000000004 0.0059898099999999999
-0.0144003 0.063228000000000006 0.0066133199999999998
-0.080327499999999996 0.066819900000000002 0.0063088800000000002
-0.0117749 0.068016599999999997 0.0063578200000000001
-0.011013500000000001 0.071093699999999996 0.00611146
0.078449500000000005 0.071623099999999995 0.00668996
0.079539499999999999 0.075329800000000002 0.0057251400000000001
-0.0101712 0.079288300000000006 0.0056289199999999999
0.048304699999999999 0.077651300000000006 0.0052296299999999999
0.043501499999999999 0.077739199999999994 0.0048983400000000002
0.039398799999999998 0.078254900000000002 0.0049509799999999998
0.034273100000000001 0.083164399999999999 0.0066595999999999999
0.019698 0.082253000000000007 0.0058226600000000003
0.022392100000000002 0.084476399999999993 0.0059906300000000003
-0.0077489799999999999 0.084034899999999996 0.0041651300000000004
-0.084254700000000002 0.087798899999999999 0.00628598
-0.084127099999999996 0.092154799999999995 0.0058859200000000002
0.064232600000000001 0.091945399999999997 0.00603537
-0.0297089 0.091545899999999999 0.0056612299999999997
-0.044290299999999998 0.094184699999999996 0.0058722399999999999
-0.017708000000000002 0.094836100000000007 0.0046230000000000004
0.083812800000000007 0.096532300000000001 0.0061314400000000002
-0.082714099999999999 0.099343500000000001 0.0046819299999999999
0.066922700000000002 0.100647 0.0062799400000000003
0.082140199999999997 0.10355399999999999 0.0047612599999999998
0.080321000000000004 0.104655 0.0062974299999999997
-0.0488117 0.108723 0.0046511499999999997
0.071503399999999995 0.107975 0.0056979099999999996
-0.074499999999999997 0.112203 0.00512139
-0.048239700000000003 0.116511 0.0043026699999999998
-0.063081700000000004 0.119951 0.0049875400000000004
-0.083108899999999999 0.140935 0.0060285699999999996
-0.087823899999999996 0.14191300000000001 0.0061921099999999998
-0.091048900000000002 0.14263100000000001 0.0051309600000000004
-0.070047200000000004 0.14335000000000001 0.00584228
-0.103396 0.145702 0.0056391000000000002
-0.051113100000000002 0.14418300000000001 0.0062254500000000004
-0.055358200000000003 0.14422699999999999 0.0060089200000000001
-0.046198500000000003 0.15004500000000001 0.0039684400000000002
-0.071227899999999997 0.14999299999999999 0.00554055
-0.084041900000000003 0.151947 0.0057661500000000003
-0.091724 0.15424499999999999 0.0058081699999999997
-0.059111400000000001 0.16025500000000001 0.0059179499999999999
-0.063317700000000005 0.16072 0.0060819400000000001
-0.067264599999999994 0.16179099999999999 0.0059655200000000002
-0.072817499999999993 0.16383300000000001 0.0048083900000000001
-0.046893999999999998 0.16586100000000001 0.0047446099999999998
-0.066946800000000001 0.16988200000000001 0.0058172500000000004
-0.087597800000000003 0.17093 0.0064514000000000004
-0.091854699999999997 0.173235 0.0058144
-0.063317799999999994 0.173731 0.0045473600000000003
-0.054802999999999998 0.17360700000000001 0.0045335200000000001
-0.080715899999999993 0.177117 0.0053383099999999998
-0.063196299999999997 0.17626 0.0044944900000000003
-0.091779700000000006 0.179872 0.0061667600000000003
-0.083487599999999995 0.180252 0.0046702200000000001
0.068978399999999995 0.057630899999999999 0.00616988
-0.0106292 0.092470700000000003 0.0052007299999999998
-0.0207619 0.095194299999999996 0.0043200199999999999
-0.015223 0.097174999999999997 0.0040195500000000002
-0.048647999999999997 0.119575 0.0042427899999999998
-0.055235300000000001 0.123348 0.0044468900000000002
-0.048284000000000001 0.152922 0.0042988799999999997
-0.051581599999999998 0.152754 0.0052305800000000003
-0.079263200000000006 0.166209 0.0066360400000000002
0.040811199999999999 0.057442699999999999 0.0049304300000000004
-0.051487600000000001 0.116581 0.0057381799999999998
-0.059576400000000002 0.120266 0.00576357
-0.025978999999999999 0.091059299999999996 0.0061230499999999997
0.038787299999999997 0.120364 0.0065059799999999997
-0.051121699999999999 0.112439 0.0062526400000000003
0.037926399999999999 0.123115 0.00636952
-0.076626200000000005 0.061929199999999997 0.0066475800000000002
-0.0123614 0.088853600000000005 0.0067541600000000004
0.069302000000000002 0.10627499999999999 0.0056881199999999996
-0.063845499999999999 0.116287 0.0069334799999999997
-0.055256199999999998 0.15295700000000001 0.0062501400000000004
0.022642900000000001 0.060272300000000001 0.0075748400000000002
0.0170866 0.071486800000000003 0.0073578699999999999
0.081927200000000006 0.080141400000000002 0.00664469
-0.0193463 0.088166099999999997 0.0073162100000000001
0.035685700000000001 0.116705 0.00679001
0.042971000000000002 0.077145699999999998 0.0071846899999999997
-0.093584200000000006 0.15540699999999999 0.00706151
-0.054759599999999999 0.16520799999999999 0.0076750799999999999
0.038141700000000001 0.10748099999999999 0.0076960500000000003
-0.058818099999999998 0.116149 0.0073814099999999997
-0.055330699999999997 0.11286499999999999 0.0076555099999999999
0.0264123 0.058119900000000002 0.0089999699999999995
0.041973499999999997 0.0638928 0.0100252
-0.026472900000000001 0.088341900000000001 0.0076147899999999998
-0.081950899999999993 0.092675900000000005 0.0087528299999999996
-0.055191900000000002 0.14918699999999999 0.0078618899999999999
0.034451900000000001 0.054424599999999997 0.010097999999999999
-0.0311653 0.056512399999999997 0.0093364399999999997
0.067035300000000006 0.055448499999999998 0.0098908299999999998
-0.017665199999999999 0.054520100000000002 0.0098115800000000003
-0.013653 0.059319200000000002 0.0087883800000000002
-0.074953199999999998 0.063423499999999994 0.0102097
0.013485 0.065698699999999999 0.0083614799999999993
0.078856399999999993 0.071195999999999995 0.00996849
-0.011528099999999999 0.078846600000000003 0.0098774699999999993
-0.082917500000000005 0.083640199999999998 0.0092584399999999997
0.034522200000000003 0.087826299999999996 0.010286099999999999
-0.039808900000000001 0.0903085 0.0087673000000000004
-0.043124000000000003 0.091269799999999998 0.00996089
-0.051694299999999999 0.100464 0.0091518699999999994
0.075545799999999996 0.104133 0.0096438099999999992
0.034758999999999998 0.108234 0.0104227
0.037651999999999998 0.122763 0.0081846200000000001
-0.052554999999999998 0.14494599999999999 0.00844315
-0.083324499999999996 0.15016499999999999 0.0098587299999999996
-0.087960700000000003 0.152028 0.0098977700000000002
-0.10030699999999999 0.15821299999999999 0.0100467
-0.079131099999999996 0.16204099999999999 0.010460199999999999
-0.055664699999999998 0.16542999999999999 0.0084784999999999999
-0.074816300000000002 0.170378 0.0101951
-0.083306400000000003 0.17440900000000001 0.010414
0.063234200000000004 0.053361800000000001 0.0098856699999999992
-0.055207600000000003 0.055660099999999997 0.0098215100000000003
-0.073657700000000007 0.060686700000000003 0.0082867099999999992
0.0094127099999999995 0.063849299999999998 0.0098098400000000002
-0.078581600000000001 0.067482700000000007 0.0095011799999999997
-0.079275200000000004 0.071258299999999997 0.0106327
0.038422999999999999 0.075948199999999993 0.010644799999999999
0.022532300000000002 0.083632100000000001 0.010141499999999999
0.062171700000000003 0.086963200000000004 0.0099293999999999997
-0.026498000000000001 0.086534299999999995 0.0085394800000000003
0.066226800000000002 0.096172800000000003 0.0097746399999999994
-0.078456799999999993 0.099824700000000002 0.0092936900000000003
0.078994099999999998 0.103519 0.0088175800000000002
0.035542999999999998 0.10524699999999999 0.0103269
0.040385200000000003 0.108678 0.0090683499999999993
-0.056298800000000003 0.11148 0.0082532500000000002
-0.0592624 0.112583 0.0085141699999999997
0.036557899999999997 0.12045400000000001 0.0087106600000000003
-0.086903499999999995 0.14216500000000001 0.0093573300000000005
-0.055370799999999998 0.14422199999999999 0.0093989099999999999
-0.066392499999999993 0.14491799999999999 0.010727
-0.101396 0.149009 0.010023900000000001
-0.071206599999999995 0.14907599999999999 0.010506400000000001
-0.063326300000000002 0.15124699999999999 0.0085348500000000001
-0.080701599999999998 0.16402 0.0090975599999999993
-0.084651000000000004 0.16800699999999999 0.0092392199999999994
-0.078795500000000004 0.17244599999999999 0.010132800000000001
0.0380886 0.053035600000000002 0.0090356900000000007
-0.051424600000000001 0.055899600000000001 0.0106499
-0.058896999999999998 0.055862200000000001 0.0097846400000000007
-0.067350900000000005 0.058810300000000003 0.010820400000000001
0.073034299999999996 0.061755499999999998 0.0088999999999999999
-0.077551400000000006 0.064647800000000005 0.0086794000000000003
-0.082246299999999994 0.074914499999999995 0.0089321299999999999
0.047334800000000003 0.076820799999999995 0.010034599999999999
-0.082251099999999994 0.078939999999999996 0.0092028500000000003
0.036313199999999997 0.083915900000000002 0.0092698399999999997
-0.082277600000000006 0.087962899999999997 0.0091849299999999991
0.0303468 0.088363700000000003 0.0102072
0.082683999999999994 0.096142099999999994 0.0097013199999999994
-0.047980500000000002 0.094724600000000006 0.0097815000000000003
0.039244599999999998 0.12010899999999999 0.0095758600000000003
-0.0712782 0.14327200000000001 0.0089584299999999999
-0.066020999999999996 0.15110599999999999 0.0089572499999999999
-0.071141499999999996 0.162524 0.010036099999999999
-0.084016300000000002 0.176817 0.0084061899999999991
0.041797099999999997 0.066497799999999996 0.0107744
-0.0121066 0.082276699999999994 0.0091975900000000003
-0.066816600000000004 0.10850799999999999 0.0094972900000000002
-0.013776999999999999 0.0557396 0.010456500000000001
0.0137386 0.064657699999999999 0.0101888
0.022069200000000001 0.066858799999999996 0.010180399999999999
-0.054993100000000003 0.10027800000000001 0.011014100000000001
-0.063597600000000004 0.10839 0.0098505299999999997
0.037560099999999999 0.083201800000000006 0.0106263
-0.038328599999999997 0.088133600000000006 0.0105749
-0.074847499999999997 0.10007199999999999 0.0109102
-0.079215499999999994 0.15227399999999999 0.011254
-0.074994400000000003 0.16304099999999999 0.010936400000000001
-0.0719857 0.062075900000000003 0.0111486
-0.076166600000000001 0.067183000000000007 0.0114056
-0.022235700000000001 0.074931600000000001 0.010563700000000001
-0.080404900000000001 0.078671699999999997 0.011468900000000001
0.038614099999999998 0.079389000000000001 0.0111349
-0.080135200000000004 0.087384400000000001 0.011278399999999999
0.069895499999999999 0.101008 0.011022000000000001
0.041693800000000003 0.108268 0.010487700000000001
0.0416715 0.112771 0.0105877
-0.059190300000000001 0.14457200000000001 0.010378
-0.071013900000000005 0.142842 0.0107873
-0.063139299999999995 0.165489 0.011354400000000001
0.026174200000000002 0.065029900000000002 0.011015799999999999
-0.075706499999999996 0.096691100000000002 0.0117961
0.00310035 0.056487700000000002 0.0115625
-0.038666800000000001 0.057981499999999998 0.011606
-0.034531300000000001 0.057820299999999998 0.011192499999999999
0.040950100000000003 0.079144500000000007 0.0114883
-0.058662199999999998 0.101298 0.011660800000000001
0.0418076 0.10148600000000001 0.0117254
-0.033743099999999998 0.084633299999999995 0.011394700000000001
0.0034908199999999999 0.056166199999999999 0.0124797
0.0037637399999999998 0.058454100000000002 0.012937799999999999
-0.0086580500000000005 0.067114099999999996 0.0136387
0.038603199999999997 0.0751888 0.013645900000000001
0.039710700000000002 0.083528199999999997 0.0135645
0.0345846 0.092457600000000001 0.0138453
0.035619100000000001 0.10455399999999999 0.014011900000000001
-0.087073999999999999 0.15174499999999999 0.013720100000000001
-0.0219548 0.053050399999999998 0.0130437
-0.026737799999999999 0.053446100000000003 0.013634
0.063543000000000002 0.0541653 0.013932
0.036075200000000002 0.056077799999999997 0.0130064
0.055058799999999998 0.053825999999999999 0.0141756
0.0057763800000000002 0.0563829 0.013037999999999999
-0.011710999999999999 0.056332800000000002 0.014007800000000001
-0.047253200000000002 0.059651000000000003 0.0134483
0.034521700000000002 0.059280899999999997 0.014536
-0.0593138 0.057991099999999997 0.014465199999999999
0.070944199999999999 0.059518300000000003 0.013865000000000001
-0.035030499999999999 0.059501999999999999 0.0135353
0.0059023499999999998 0.059053599999999998 0.0142501
-0.067021399999999995 0.060419500000000001 0.0124552
0.074474499999999999 0.063720899999999997 0.0137669
0.017767600000000001 0.064219200000000004 0.0138703
0.025528599999999999 0.064757400000000007 0.0138072
0.0098525699999999997 0.065654799999999999 0.013793
-0.0746946 0.071405499999999997 0.0135129
-0.0218075 0.072680599999999998 0.0137676
-0.0198756 0.072861599999999999 0.014630900000000001
-0.0178129 0.075128700000000007 0.0140421
-0.011413599999999999 0.075653100000000001 0.013228200000000001
-0.017667800000000001 0.079129099999999994 0.013598600000000001
0.052431499999999999 0.077868400000000004 0.0136855
0.022795200000000002 0.078526100000000001 0.013618399999999999
0.0549988 0.079489500000000005 0.0137699
-0.017871499999999998 0.082459400000000002 0.0126997
-0.014537400000000001 0.082095100000000004 0.012558400000000001
-0.032290300000000001 0.082352999999999996 0.0138082
0.082528900000000002 0.087347499999999995 0.013703699999999999
0.039247600000000001 0.087363700000000002 0.013584199999999999
-0.039073999999999998 0.087720099999999995 0.014068199999999999
0.064618400000000006 0.090919799999999995 0.013234900000000001
0.031862799999999997 0.090736499999999998 0.0142086
-0.043778900000000003 0.090951199999999996 0.014224199999999999
-0.047000199999999999 0.093014299999999994 0.0141209
0.066368800000000006 0.093176700000000001 0.0146132
0.067711999999999994 0.0959121 0.013684099999999999
-0.071200200000000005 0.095746200000000004 0.0131518
0.071235199999999999 0.099196099999999995 0.013165100000000001
-0.059216299999999999 0.099662000000000001 0.012408600000000001
0.035120600000000002 0.100813 0.01444
0.036026099999999998 0.108421 0.013327800000000001
0.036415500000000003 0.111496 0.0127289
-0.079097500000000001 0.142069 0.0141475
-0.067759399999999997 0.14446400000000001 0.0125646
-0.075609700000000002 0.14215900000000001 0.013446700000000001
-0.091552999999999995 0.14427400000000001 0.013654700000000001
-0.071229100000000004 0.144757 0.0137126
-0.079737199999999994 0.148594 0.014231499999999999
-0.079978099999999996 0.15140700000000001 0.012836500000000001
-0.10015300000000001 0.156331 0.012571799999999999
-0.10476199999999999 0.157801 0.012773899999999999
-0.071288400000000002 0.163135 0.0125965
-0.066060499999999994 0.16358800000000001 0.011898000000000001
-0.067358600000000005 0.165992 0.013190199999999999
-0.070996299999999998 0.16824600000000001 0.0135368
-0.088187500000000002 0.17335600000000001 0.0146184
-0.090903999999999999 0.17477300000000001 0.013788399999999999
-0.018053900000000001 0.053001100000000002 0.013758299999999999
-0.039617399999999997 0.060210600000000003 0.0129382
-0.077953099999999997 0.083054799999999998 0.0127864
0.038732000000000003 0.096181600000000006 0.0138192
-0.063407900000000003 0.099582500000000004 0.012803699999999999
-0.071488700000000002 0.067242399999999994 0.0140862
-0.077785499999999994 0.078703700000000001 0.0126844
-0.059265699999999998 0.096103999999999995 0.014515200000000001
0.075239299999999995 0.099079899999999999 0.013797800000000001
-0.078810000000000005 0.165662 0.0142583
0.041835900000000002 0.071507100000000004 0.0153513
0.057227 0.081227499999999994 0.013362499999999999
-0.063550599999999999 0.096199699999999999 0.013833
0.0289471 0.068237999999999993 0.014751999999999999
0.0813667 0.078055899999999998 0.0152801
0.081186599999999998 0.088350100000000001 0.015674500000000001
0.0432629 0.096435199999999999 0.0145284
0.045474300000000002 0.10037 0.0145608
-0.083606100000000003 0.169044 0.0152646
0.026090800000000001 0.074894500000000003 0.015663199999999999
0.072795100000000001 0.061597100000000002 0.014674599999999999
-0.071323899999999996 0.071162900000000001 0.015051699999999999
0.045952600000000003 0.096808400000000003 0.0153551
0.025271600000000002 0.079574199999999998 0.015906400000000001
-0.063111100000000003 0.091862700000000005 0.0155406
-0.079011999999999999 0.14563400000000001 0.015716500000000001
0.0341377 0.062939300000000004 0.017678900000000001
0.0352617 0.071311700000000006 0.015347599999999999
-0.070913699999999996 0.078706799999999993 0.015392299999999999
-0.0142328 0.053754700000000002 0.017709099999999998
0.055308599999999999 0.053680800000000001 0.017562100000000001
0.043243299999999998 0.055895 0.0170943
0.031053799999999999 0.055967700000000002 0.017686299999999999
0.037959300000000001 0.058866399999999999 0.015915200000000001
0.067587499999999995 0.058923400000000001 0.0188556
-0.050345099999999997 0.059197699999999999 0.017376599999999999
0.0322051 0.0591765 0.016777400000000001
-0.049415300000000002 0.0612708 0.0157471
0.0073016899999999996 0.062131199999999998 0.016712999999999999
-0.047119899999999999 0.063085100000000005 0.018017200000000001
0.0249617 0.064078499999999997 0.0186524
0.0094916199999999992 0.063462599999999994 0.017943299999999999
0.036053599999999998 0.066340200000000002 0.016046000000000001
0.035580899999999999 0.067120600000000002 0.017762699999999999
0.038856000000000002 0.070972099999999996 0.0181639
-0.011396 0.071729299999999996 0.017163299999999999
-0.013885 0.074124599999999999 0.017647900000000001
-0.016605700000000001 0.073948600000000003 0.017977300000000002
0.047779599999999998 0.074295100000000003 0.018173499999999999
0.042572899999999997 0.079137799999999994 0.018416499999999999
-0.030658999999999999 0.078770999999999994 0.017793099999999999
-0.0354217 0.083038899999999999 0.018056099999999999
0.043783099999999998 0.087395399999999998 0.017508300000000001
0.063895999999999994 0.0867927 0.0184046
0.079178399999999996 0.087614700000000004 0.017985399999999999
0.0674347 0.091750300000000007 0.0173554
0.033848999999999997 0.095610100000000003 0.018077599999999999
0.033495900000000002 0.099569500000000005 0.018066700000000002
0.046222300000000001 0.103183 0.0181301
0.042901099999999998 0.107764 0.017743800000000001
-0.087412400000000001 0.14197499999999999 0.018498899999999999
-0.091982999999999995 0.14449799999999999 0.018181099999999999
-0.086500099999999996 0.15081900000000001 0.0159381
-0.086112499999999995 0.17108899999999999 0.016354299999999999
0.047641200000000002 0.055241499999999999 0.018352899999999998
0.0137267 0.057994299999999999 0.017390200000000001
-0.0091865100000000002 0.063462400000000002 0.018845600000000001
0.07392 0.064177100000000001 0.017747499999999999
-0.068126599999999995 0.071220199999999997 0.018699500000000001
-0.0682841 0.080670500000000006 0.0160479
0.043583499999999997 0.083326499999999998 0.017592099999999999
-0.064138299999999995 0.089665499999999995 0.015932399999999999
-0.051274899999999998 0.091835399999999998 0.018782699999999999
-0.079744099999999998 0.14379700000000001 0.0169044
-0.087966600000000006 0.148837 0.018365900000000001
-0.017976300000000001 0.053180499999999999 0.018248799999999999
0.029639200000000001 0.074898400000000004 0.017921900000000001
-0.062853599999999996 0.087356100000000006 0.017130300000000001
-0.054957800000000001 0.094544299999999998 0.016985299999999998
-0.091690099999999997 0.15195700000000001 0.016759900000000001
-0.0552297 0.055411000000000002 0.017935199999999998
0.043559 0.071186600000000003 0.018318999999999998
0.027223000000000001 0.079393400000000003 0.017222000000000001
-0.062457699999999998 0.082883200000000004 0.017435099999999999
-0.058168600000000001 0.093950800000000001 0.0169067
-0.052451299999999999 0.094072000000000003 0.0172234
-0.045588099999999999 0.065494800000000006 0.018302599999999999
-0.083102599999999999 0.14450299999999999 0.018567799999999999
-0.025853399999999999 0.071381500000000001 0.0196151
0.030166200000000001 0.083100099999999996 0.019348400000000002
0.074912500000000007 0.091733599999999998 0.0183591
-0.062654000000000001 0.055935400000000003 0.019613200000000001
0.042800600000000001 0.067622600000000005 0.019498600000000001
0.029874299999999999 0.079009300000000005 0.018520700000000001
0.062266000000000002 0.084959400000000004 0.018851900000000001
-0.091761899999999993 0.14987500000000001 0.018737899999999998
0.053284100000000001 0.077083200000000004 0.019032500000000001
-0.089888599999999999 0.14272199999999999 0.018796500000000001
-0.0138633 0.067002000000000006 0.019841999999999999
0.045683099999999997 0.087791999999999995 0.019683099999999999
0.046072500000000002 0.057466400000000001 0.019571100000000001
0.043632299999999999 0.078965099999999996 0.022693999999999999
0.0101879 0.057512899999999999 0.021889499999999999
0.0390386 0.071428699999999998 0.022257200000000001
-0.055748499999999999 0.081143099999999996 0.0199487
-0.0262896 0.054347800000000002 0.02247
-0.0139848 0.055125199999999999 0.022245299999999999
-0.050863199999999997 0.054951399999999997 0.021655299999999999
0.026739800000000001 0.056240900000000003 0.021476700000000001
0.034336600000000002 0.055902899999999998 0.022336000000000002
0.0584106 0.056527599999999997 0.020742699999999999
0.0501273 0.056887899999999998 0.0204587
0.063399899999999995 0.059260899999999998 0.021602300000000001
0.017523500000000001 0.058195700000000003 0.022703999999999998
0.0059194499999999997 0.059359200000000001 0.022223
-0.066131300000000004 0.059321800000000001 0.022247200000000002
-0.045936100000000001 0.063649499999999998 0.022318299999999999
-0.067118399999999995 0.063324900000000003 0.0220168
0.026493800000000001 0.063111299999999995 0.021455999999999999
0.013617300000000001 0.063894599999999996 0.022802099999999999
-0.043498200000000001 0.065908499999999995 0.022711200000000001
-0.067237699999999997 0.067219200000000007 0.022394000000000001
0.027533999999999999 0.067109199999999994 0.0208138
-0.016661499999999999 0.070000999999999994 0.020576299999999999
0.028402299999999998 0.070006399999999996 0.0208051
0.029371700000000001 0.071675699999999995 0.0223088
0.077759700000000001 0.075254299999999996 0.020759300000000001
0.055221300000000001 0.075601799999999997 0.022176999999999999
-0.063498700000000005 0.077253000000000002 0.0201321
0.078024499999999997 0.078703800000000004 0.020806000000000002
0.059121699999999999 0.078883400000000006 0.022179000000000001
0.060314600000000003 0.081788799999999995 0.0206941
0.063297300000000001 0.082916000000000004 0.0216324
0.031994399999999999 0.086738899999999994 0.0216288
-0.047248100000000001 0.088551199999999997 0.020159099999999999
0.0331959 0.089154700000000003 0.022481999999999999
0.0352132 0.0962364 0.0219121
0.047247299999999999 0.100354 0.022511400000000001
0.0430081 0.104523 0.022207899999999999
0.039064099999999997 0.104878 0.0227639
-0.084150600000000006 0.14297199999999999 0.020628899999999999
-0.0927954 0.14398 0.021946400000000001
-0.092467400000000005 0.14721699999999999 0.0206503
0.066849199999999998 0.060446100000000003 0.0215447
0.044401500000000003 0.063344399999999995 0.020855700000000001
-0.031636600000000001 0.075173400000000001 0.020753400000000002
-0.039968999999999998 0.0826823 0.020825199999999999
0.067454100000000003 0.086728200000000005 0.020990700000000001
-0.047573400000000002 0.086742399999999997 0.020764299999999999
-0.021712599999999999 0.053293199999999999 0.0224771
-0.021590000000000002 0.064151700000000006 0.022971999999999999
-0.0633793 0.074992500000000004 0.0216616
0.044703699999999999 0.082066 0.021091700000000001
0.059137099999999998 0.059232 0.022619
0.051249999999999997 0.071403400000000006 0.022501500000000001
-0.046898000000000002 0.079426300000000005 0.022392499999999999
0.046951100000000003 0.063303100000000001 0.0220406
-0.0342656 0.072581900000000005 0.0226664
-0.043406399999999998 0.078843099999999999 0.021758099999999999
-0.031524400000000001 0.058831000000000001 0.023382699999999999
0.0257761 0.059308300000000001 0.021966599999999999
-0.035371600000000003 0.062322700000000002 0.023599700000000001
0.030276399999999998 0.063562499999999994 0.022551600000000002
-0.041310800000000002 0.077254100000000006 0.0220133
0.071387800000000001 0.083447400000000005 0.0225068
-0.065351300000000001 0.056570200000000001 0.0230198
0.0633127 0.0790965 0.023652400000000001
0.0036268199999999998 0.057845899999999999 0.023611699999999999
0.051654400000000003 0.067473099999999994 0.023698799999999999
0.054529300000000003 0.071633199999999994 0.023815099999999999
-0.0218747 0.055152800000000002 0.025395500000000001
-0.018200299999999999 0.055153099999999997 0.025473900000000001
0.032471699999999999 0.056101900000000003 0.024830000000000001
-0.065836900000000004 0.056310699999999998 0.025650300000000001
-0.0293023 0.059796200000000001 0.0251404
-0.067032400000000006 0.059297900000000001 0.025747800000000001
0.0066852600000000002 0.059000900000000002 0.025002300000000002
-0.0341768 0.063888899999999998 0.025300599999999999
-0.045603699999999997 0.062987399999999999 0.025199099999999999
-0.026838500000000001 0.0661611 0.024559399999999999
0.031741600000000002 0.071314199999999994 0.025217099999999999
0.035264299999999998 0.071178099999999994 0.0255569
0.038090300000000001 0.072479299999999997 0.0252946
-0.038859200000000003 0.074776400000000007 0.0258176
-0.058883400000000002 0.074883400000000003 0.025641400000000002
0.071757799999999997 0.075829400000000005 0.024198600000000001
-0.0542633 0.078186900000000004 0.024583899999999999
-0.047217299999999997 0.078921400000000003 0.0263889
0.045474399999999998 0.082965899999999995 0.025311299999999998
0.047006199999999998 0.087631600000000004 0.026169100000000001
0.036658299999999998 0.094133099999999997 0.024666299999999999
0.0375997 0.097952899999999996 0.024334700000000001
0.045955299999999998 0.099851700000000002 0.0253554
0.042130899999999999 0.10324899999999999 0.025134699999999999
-0.019016499999999999 0.062223199999999999 0.0247513
-0.067719699999999994 0.063608999999999999 0.0259098
0.060034400000000002 0.074174599999999993 0.0245334
0.0342663 0.083790500000000004 0.026040299999999999
-0.0147759 0.058097799999999998 0.024835800000000002
0.013040700000000001 0.062147599999999997 0.025153399999999999
0.055113799999999998 0.067101300000000003 0.024912900000000002
0.056101999999999999 0.070066400000000001 0.024822799999999999
0.070187299999999994 0.074240299999999995 0.024713800000000001
-0.055671100000000001 0.076259499999999994 0.026667300000000001
-0.017900699999999999 0.058692000000000001 0.025539900000000001
-0.042571100000000001 0.067259399999999997 0.026463500000000001
-0.025987 0.058873500000000002 0.025634199999999999
0.059240599999999997 0.067186099999999999 0.0254004
-0.0480036 0.055837699999999997 0.0270011
-0.030714200000000001 0.063539999999999999 0.0258087
0.03456 0.075738399999999997 0.027486900000000002
0.043995100000000002 0.082926700000000006 0.0276601
-0.061963900000000002 0.073508900000000002 0.0270473
-0.0657113 0.055647700000000001 0.0296143
-0.067187499999999997 0.063306899999999999 0.029979200000000001
-0.043453699999999998 0.070958599999999997 0.030331799999999999
-0.054731200000000001 0.076416100000000001 0.030598500000000001
0.039716099999999997 0.078742599999999996 0.028248499999999999
0.036459499999999999 0.090000700000000003 0.028764399999999999
-0.059279400000000003 0.053808000000000002 0.030264200000000002
-0.052405300000000002 0.077450400000000003 0.028450199999999998
-0.063874299999999995 0.055194500000000001 0.0312313
-0.044165000000000003 0.0777915 0.028719100000000001
-0.066226499999999994 0.067189200000000004 0.030791099999999998
-0.063476599999999994 0.071300699999999995 0.030809
0.038954900000000001 0.091450100000000006 0.030166200000000001
0.042739600000000003 0.084648799999999996 0.0294992
-0.043409200000000002 0.056238900000000001 0.030982200000000001
-0.051200900000000001 0.0548195 0.031808799999999998
-0.050849999999999999 0.076660599999999995 0.0312343
-0.061086599999999998 0.072910500000000003 0.0319587
-0.0598693 0.055784599999999997 0.033795499999999999
-0.064610000000000001 0.067024600000000004 0.034654499999999998
-0.0551935 0.075236499999999998 0.035227300000000003
-0.062399900000000001 0.056369599999999999 0.033477300000000002
-0.043787199999999998 0.056266799999999999 0.0336995
-0.0472881 0.0632379 0.033522400000000001
-0.046380299999999999 0.066075999999999996 0.032633700000000002
-0.051696800000000001 0.056190200000000003 0.033818399999999998
-0.055106000000000002 0.056275100000000002 0.0348527
-0.042746600000000003 0.059014799999999999 0.034314799999999999
-0.062222 0.073913099999999995 0.035490899999999999
-0.054571500000000002 0.070842699999999995 0.035826400000000001
-0.0545316 0.068047099999999999 0.036358300000000003
-0.052374400000000002 0.062215100000000002 0.036746500000000001
-0.055264399999999998 0.060247599999999998 0.037119600000000003
-0.055394199999999998 0.063321000000000002 0.0374747
-0.059159299999999998 0.067203799999999994 0.038189399999999998
-0.059998000000000003 0.073850899999999997 0.039019499999999999
-0.062671599999999994 0.072114200000000003 0.0408262
