{
  "backend": "optix",
  "batch_count": 1,
  "batch_phase_timings": [
    {
      "candidate_count_pass": 0.000753271,
      "candidate_write_pass": 0.0,
      "count_download_and_prefix": 0.0,
      "emitted_count": 262144,
      "exact_refine": 0.0,
      "mode": "prepared_query_uniform_cell_ranked_summary_aggregate_f32_batch_cuda_graph_replay",
      "prepare": 0.0,
      "raw_candidate_count": 1986262,
      "row_download": 2.2791e-05,
      "row_offset_upload": 0.0,
      "upload": 0.0
    }
  ],
  "claim_boundary": {
    "aggregate_requests_batched": true,
    "broad_rt_core_speedup_claim_authorized": false,
    "device_ranked_summary_aggregate": true,
    "device_ranked_summary_rows": false,
    "device_resident_query_points": true,
    "embree_ranked_summary_rows": false,
    "float32_precision": true,
    "materializes_neighbor_rows": false,
    "paper_equivalent_rtnn_row": false,
    "partitioned_or_batched_like_rtnn": true,
    "prepared_cuda_graph_replay": true,
    "rt_core_neighbor_search_claim_authorized": false,
    "rtdl_speedup_claim_authorized": false
  },
  "contract": {
    "aggregate_batch_request_mode": "heterogeneous",
    "aggregate_batch_requests": [
      {
        "k_max": 8,
        "radius": 0.01
      },
      {
        "k_max": 16,
        "radius": 0.02
      },
      {
        "k_max": 32,
        "radius": 0.03
      },
      {
        "k_max": 50,
        "radius": 0.04
      }
    ],
    "aggregate_request_count": 4,
    "approximate": false,
    "batched_queries": true,
    "bounded_k": 50,
    "exact": false,
    "family": "fixed_radius_neighbors_3d",
    "mode": "ranked-summary-aggregate-prepared-query-batch-graph-float32",
    "precision": "float32",
    "prepared_cuda_graph_replay": true,
    "prepared_query_points": true,
    "prepared_search_structure": true
  },
  "elapsed_runs_sec": [
    0.0009715561755001545,
    0.0008365239482372999,
    0.0008146178442984819,
    0.0008089230395853519,
    0.000806545140221715,
    0.0008023700211197138,
    0.0008019970264285803,
    0.0008006459102034569,
    0.0008080790285021067,
    0.0008019069209694862,
    0.0008000440429896116,
    0.000811432022601366,
    0.0007998968940228224,
    0.0008192490786314011,
    0.0008020550012588501,
    0.0008001041132956743,
    0.0007999388035386801,
    0.0008019029628485441,
    0.000801414018496871,
    0.000812336103990674,
    0.0008143780287355185,
    0.00081808608956635,
    0.0008204360492527485,
    0.0008147279731929302,
    0.0008089449256658554
  ],
  "elapsed_sec": 0.0008089449256658554,
  "error": "",
  "execution_prepare_sec": 1.6847930098883808,
  "external": "RTDL current",
  "input_load_sec": 0.07608633395284414,
  "input_pack_sec": 0.035119426203891635,
  "k_max": 50,
  "mode": "current_3d_fixed_radius_neighbors_optix_batched",
  "ok": true,
  "query_batch_size": 65536,
  "query_count": 65536,
  "radius": 0.02,
  "ranked_aggregate_batch_summaries": [
    {
      "bounded_neighbor_count": 83358,
      "cuda_graph_replay": true,
      "k_max": 8,
      "kth_id_checksum": 2148241460,
      "nearest_id_checksum": 2147450880,
      "precision": "float32",
      "query_count": 65536,
      "query_resident": true,
      "radius": 0.01,
      "request_index": 0,
      "sum_distance": 133.2278000076185
    },
    {
      "bounded_neighbor_count": 205444,
      "cuda_graph_replay": true,
      "k_max": 16,
      "kth_id_checksum": 2148135472,
      "nearest_id_checksum": 2147450880,
      "precision": "float32",
      "query_count": 65536,
      "query_resident": true,
      "radius": 0.02,
      "request_index": 1,
      "sum_distance": 2094.4356142186443
    },
    {
      "bounded_neighbor_count": 533500,
      "cuda_graph_replay": true,
      "k_max": 32,
      "kth_id_checksum": 2144795065,
      "nearest_id_checksum": 2147450880,
      "precision": "float32",
      "query_count": 65536,
      "query_resident": true,
      "radius": 0.03,
      "request_index": 2,
      "sum_distance": 10510.06517378398
    },
    {
      "bounded_neighbor_count": 1163960,
      "cuda_graph_replay": true,
      "k_max": 50,
      "kth_id_checksum": 2145448442,
      "nearest_id_checksum": 2147450880,
      "precision": "float32",
      "query_count": 65536,
      "query_resident": true,
      "radius": 0.04,
      "request_index": 3,
      "sum_distance": 32865.21237937891
    }
  ],
  "ranked_aggregate_summary": {
    "bounded_neighbor_count": 83358,
    "kth_id_checksum": 2148241460,
    "nearest_id_checksum": 2147450880,
    "row_count": 65536,
    "sum_distance": 133.2278000076185
  },
  "repeat": 25,
  "result_mode": "ranked-summary-aggregate-prepared-query-batch-graph-float32",
  "row": "goal2825_graph_replay_65536",
  "row_count": 65536,
  "runner": "goal2348_rtnn_v2_2_external_runner",
  "search_count": 65536
}
