{
  "boundary": "Measures repeated app summary phases with Python density/core conversion, but excludes full CLI JSON output and oracle work. Prepared mode reports run-only timing after one reusable Embree BVH prepare.",
  "cases": [
    {
      "copies": 512,
      "dbscan": {
        "one_shot": {
          "label": "one_shot_summary_plus_core_flags",
          "max_sec": 0.019650775007903576,
          "median_sec": 0.019335546996444464,
          "min_sec": 0.019278087886050344,
          "repeat_count": 3,
          "row_count": 4096,
          "samples_sec": [
            0.019335546996444464,
            0.019650775007903576,
            0.019278087886050344
          ]
        },
        "prepare_sec": 0.005085519980639219,
        "prepared_run_only": {
          "label": "prepared_summary_plus_core_flags",
          "max_sec": 0.014132509008049965,
          "median_sec": 0.014019821071997285,
          "min_sec": 0.013851281953975558,
          "repeat_count": 3,
          "row_count": 4096,
          "samples_sec": [
            0.013851281953975558,
            0.014019821071997285,
            0.014132509008049965
          ]
        },
        "prepared_speedup_vs_one_shot": 1.3791579006000747
      },
      "dbscan_point_count": 4096,
      "outlier": {
        "one_shot": {
          "label": "one_shot_summary_plus_density",
          "max_sec": 0.024204229936003685,
          "median_sec": 0.019642833853140473,
          "min_sec": 0.019039369886741042,
          "repeat_count": 3,
          "row_count": 4096,
          "samples_sec": [
            0.019039369886741042,
            0.024204229936003685,
            0.019642833853140473
          ]
        },
        "prepare_sec": 0.0051351189613342285,
        "prepared_run_only": {
          "label": "prepared_summary_plus_density",
          "max_sec": 0.014142829924821854,
          "median_sec": 0.014000930823385715,
          "min_sec": 0.013795411912724376,
          "repeat_count": 3,
          "row_count": 4096,
          "samples_sec": [
            0.013795411912724376,
            0.014000930823385715,
            0.014142829924821854
          ]
        },
        "prepared_speedup_vs_one_shot": 1.4029662813797426
      },
      "outlier_point_count": 4096
    }
  ],
  "copies": [
    512
  ],
  "embree_threads": {
    "auto": true,
    "effective_threads": 112,
    "requested": "auto",
    "source": "api"
  },
  "embree_version": [
    4,
    3,
    0
  ],
  "goal": 718,
  "host": "ac96d0647e50",
  "platform": "Linux-6.8.0-110-generic-x86_64-with-glibc2.39",
  "python": "3.12.3",
  "repeats": 3,
  "valid": true,
  "warmups": 1
}
