{
  "app": "rayjoin_v2_spatial_join",
  "backend": "embree",
  "counts_stable": true,
  "dataset": "tests/fixtures/rayjoin/br_county_subset.cdb",
  "hot_median_sec": 0.00017150864005088806,
  "hot_native_traversal_median_sec": 0.00015574449999999999,
  "output_contract": "native_embree_prepared_scalar_count_no_row_materialization",
  "prepared_count_required": true,
  "row_count": 6,
  "runs": [
    {
      "elapsed_sec": 0.3958965912461281,
      "is_warmup": true,
      "iteration": 0,
      "native_traversal_sec": 0.000632159,
      "row_count": 6
    },
    {
      "elapsed_sec": 0.00043392181396484375,
      "is_warmup": true,
      "iteration": 1,
      "native_traversal_sec": 0.00035072,
      "row_count": 6
    },
    {
      "elapsed_sec": 0.00028423964977264404,
      "is_warmup": true,
      "iteration": 2,
      "native_traversal_sec": 0.000239957,
      "row_count": 6
    },
    {
      "elapsed_sec": 0.0002666264772415161,
      "is_warmup": true,
      "iteration": 3,
      "native_traversal_sec": 0.000230027,
      "row_count": 6
    },
    {
      "elapsed_sec": 0.00026147812604904175,
      "is_warmup": true,
      "iteration": 4,
      "native_traversal_sec": 0.000226266,
      "row_count": 6
    },
    {
      "elapsed_sec": 0.00027855485677719116,
      "is_warmup": true,
      "iteration": 5,
      "native_traversal_sec": 0.000244858,
      "row_count": 6
    },
    {
      "elapsed_sec": 0.0002669021487236023,
      "is_warmup": true,
      "iteration": 6,
      "native_traversal_sec": 0.000234336,
      "row_count": 6
    },
    {
      "elapsed_sec": 0.00024816393852233887,
      "is_warmup": true,
      "iteration": 7,
      "native_traversal_sec": 0.000216357,
      "row_count": 6
    },
    {
      "elapsed_sec": 0.0002389848232269287,
      "is_warmup": true,
      "iteration": 8,
      "native_traversal_sec": 0.000207886,
      "row_count": 6
    },
    {
      "elapsed_sec": 0.0002585873007774353,
      "is_warmup": true,
      "iteration": 9,
      "native_traversal_sec": 0.000227086,
      "row_count": 6
    },
    {
      "elapsed_sec": 0.0002459883689880371,
      "is_warmup": false,
      "iteration": 10,
      "native_traversal_sec": 0.000212547,
      "row_count": 6
    },
    {
      "elapsed_sec": 0.00024139881134033203,
      "is_warmup": false,
      "iteration": 11,
      "native_traversal_sec": 0.000209156,
      "row_count": 6
    },
    {
      "elapsed_sec": 0.0002392306923866272,
      "is_warmup": false,
      "iteration": 12,
      "native_traversal_sec": 0.000208226,
      "row_count": 6
    },
    {
      "elapsed_sec": 0.0002589672803878784,
      "is_warmup": false,
      "iteration": 13,
      "native_traversal_sec": 0.000227087,
      "row_count": 6
    },
    {
      "elapsed_sec": 0.00023949146270751953,
      "is_warmup": false,
      "iteration": 14,
      "native_traversal_sec": 0.000207386,
      "row_count": 6
    },
    {
      "elapsed_sec": 0.00024084001779556274,
      "is_warmup": false,
      "iteration": 15,
      "native_traversal_sec": 0.000210806,
      "row_count": 6
    },
    {
      "elapsed_sec": 0.00025578588247299194,
      "is_warmup": false,
      "iteration": 16,
      "native_traversal_sec": 0.000225556,
      "row_count": 6
    },
    {
      "elapsed_sec": 0.0002591535449028015,
      "is_warmup": false,
      "iteration": 17,
      "native_traversal_sec": 0.000227557,
      "row_count": 6
    },
    {
      "elapsed_sec": 0.00023978948593139648,
      "is_warmup": false,
      "iteration": 18,
      "native_traversal_sec": 0.000209456,
      "row_count": 6
    },
    {
      "elapsed_sec": 0.00024122744798660278,
      "is_warmup": false,
      "iteration": 19,
      "native_traversal_sec": 0.000210956,
      "row_count": 6
    },
    {
      "elapsed_sec": 0.0002376660704612732,
      "is_warmup": false,
      "iteration": 20,
      "native_traversal_sec": 0.000207496,
      "row_count": 6
    },
    {
      "elapsed_sec": 0.00025524944067001343,
      "is_warmup": false,
      "iteration": 21,
      "native_traversal_sec": 0.000224707,
      "row_count": 6
    },
    {
      "elapsed_sec": 0.0002703666687011719,
      "is_warmup": false,
      "iteration": 22,
      "native_traversal_sec": 0.000238867,
      "row_count": 6
    },
    {
      "elapsed_sec": 0.0002451017498970032,
      "is_warmup": false,
      "iteration": 23,
      "native_traversal_sec": 0.000215666,
      "row_count": 6
    },
    {
      "elapsed_sec": 0.0002392977476119995,
      "is_warmup": false,
      "iteration": 24,
      "native_traversal_sec": 0.000209566,
      "row_count": 6
    },
    {
      "elapsed_sec": 0.0002580583095550537,
      "is_warmup": false,
      "iteration": 25,
      "native_traversal_sec": 0.000226767,
      "row_count": 6
    },
    {
      "elapsed_sec": 0.00024005025625228882,
      "is_warmup": false,
      "iteration": 26,
      "native_traversal_sec": 0.000207606,
      "row_count": 6
    },
    {
      "elapsed_sec": 0.00024230778217315674,
      "is_warmup": false,
      "iteration": 27,
      "native_traversal_sec": 0.000212566,
      "row_count": 6
    },
    {
      "elapsed_sec": 0.00024381279945373535,
      "is_warmup": false,
      "iteration": 28,
      "native_traversal_sec": 0.000214116,
      "row_count": 6
    },
    {
      "elapsed_sec": 0.0002569630742073059,
      "is_warmup": false,
      "iteration": 29,
      "native_traversal_sec": 0.000226597,
      "row_count": 6
    },
    {
      "elapsed_sec": 0.0002374798059463501,
      "is_warmup": false,
      "iteration": 30,
      "native_traversal_sec": 0.000206026,
      "row_count": 6
    },
    {
      "elapsed_sec": 0.0002449154853820801,
      "is_warmup": false,
      "iteration": 31,
      "native_traversal_sec": 0.000214266,
      "row_count": 6
    },
    {
      "elapsed_sec": 0.0002849400043487549,
      "is_warmup": false,
      "iteration": 32,
      "native_traversal_sec": 0.000254728,
      "row_count": 6
    },
    {
      "elapsed_sec": 0.00025819987058639526,
      "is_warmup": false,
      "iteration": 33,
      "native_traversal_sec": 0.000227537,
      "row_count": 6
    },
    {
      "elapsed_sec": 0.00028020143508911133,
      "is_warmup": false,
      "iteration": 34,
      "native_traversal_sec": 0.000249007,
      "row_count": 6
    },
    {
      "elapsed_sec": 0.0002606138586997986,
      "is_warmup": false,
      "iteration": 35,
      "native_traversal_sec": 0.000230747,
      "row_count": 6
    },
    {
      "elapsed_sec": 0.00025404244661331177,
      "is_warmup": false,
      "iteration": 36,
      "native_traversal_sec": 0.000223677,
      "row_count": 6
    },
    {
      "elapsed_sec": 0.00025385618209838867,
      "is_warmup": false,
      "iteration": 37,
      "native_traversal_sec": 0.000223507,
      "row_count": 6
    },
    {
      "elapsed_sec": 0.0002492070198059082,
      "is_warmup": false,
      "iteration": 38,
      "native_traversal_sec": 0.000219286,
      "row_count": 6
    },
    {
      "elapsed_sec": 0.00023864209651947021,
      "is_warmup": false,
      "iteration": 39,
      "native_traversal_sec": 0.000208246,
      "row_count": 6
    },
    {
      "elapsed_sec": 0.0002546161413192749,
      "is_warmup": false,
      "iteration": 40,
      "native_traversal_sec": 0.000224387,
      "row_count": 6
    },
    {
      "elapsed_sec": 0.00025275349617004395,
      "is_warmup": false,
      "iteration": 41,
      "native_traversal_sec": 0.000221687,
      "row_count": 6
    },
    {
      "elapsed_sec": 0.0002464577555656433,
      "is_warmup": false,
      "iteration": 42,
      "native_traversal_sec": 0.000216367,
      "row_count": 6
    },
    {
      "elapsed_sec": 0.00023397058248519897,
      "is_warmup": false,
      "iteration": 43,
      "native_traversal_sec": 0.000204286,
      "row_count": 6
    },
    {
      "elapsed_sec": 0.0002292245626449585,
      "is_warmup": false,
      "iteration": 44,
      "native_traversal_sec": 0.000199706,
      "row_count": 6
    },
    {
      "elapsed_sec": 0.00025213509798049927,
      "is_warmup": false,
      "iteration": 45,
      "native_traversal_sec": 0.000204256,
      "row_count": 6
    },
    {
      "elapsed_sec": 0.00022795796394348145,
      "is_warmup": false,
      "iteration": 46,
      "native_traversal_sec": 0.000198416,
      "row_count": 6
    },
    {
      "elapsed_sec": 0.0002358555793762207,
      "is_warmup": false,
      "iteration": 47,
      "native_traversal_sec": 0.000202026,
      "row_count": 6
    },
    {
      "elapsed_sec": 0.00024347007274627686,
      "is_warmup": false,
      "iteration": 48,
      "native_traversal_sec": 0.000213857,
      "row_count": 6
    },
    {
      "elapsed_sec": 0.00026047974824905396,
      "is_warmup": false,
      "iteration": 49,
      "native_traversal_sec": 0.000230496,
      "row_count": 6
    },
    {
      "elapsed_sec": 0.00023677200078964233,
      "is_warmup": false,
      "iteration": 50,
      "native_traversal_sec": 0.000206656,
      "row_count": 6
    },
    {
      "elapsed_sec": 0.0002315118908882141,
      "is_warmup": false,
      "iteration": 51,
      "native_traversal_sec": 0.000202146,
      "row_count": 6
    },
    {
      "elapsed_sec": 0.00023255497217178345,
      "is_warmup": false,
      "iteration": 52,
      "native_traversal_sec": 0.000202736,
      "row_count": 6
    },
    {
      "elapsed_sec": 0.00034096091985702515,
      "is_warmup": false,
      "iteration": 53,
      "native_traversal_sec": 0.000310269,
      "row_count": 6
    },
    {
      "elapsed_sec": 0.00023586302995681763,
      "is_warmup": false,
      "iteration": 54,
      "native_traversal_sec": 0.000205806,
      "row_count": 6
    },
    {
      "elapsed_sec": 0.0002344772219657898,
      "is_warmup": false,
      "iteration": 55,
      "native_traversal_sec": 0.000205166,
      "row_count": 6
    },
    {
      "elapsed_sec": 0.0002376362681388855,
      "is_warmup": false,
      "iteration": 56,
      "native_traversal_sec": 0.000207416,
      "row_count": 6
    },
    {
      "elapsed_sec": 0.00029218196868896484,
      "is_warmup": false,
      "iteration": 57,
      "native_traversal_sec": 0.000246377,
      "row_count": 6
    },
    {
      "elapsed_sec": 0.00024899840354919434,
      "is_warmup": false,
      "iteration": 58,
      "native_traversal_sec": 0.000216516,
      "row_count": 6
    },
    {
      "elapsed_sec": 0.00023508816957473755,
      "is_warmup": false,
      "iteration": 59,
      "native_traversal_sec": 0.000206116,
      "row_count": 6
    },
    {
      "elapsed_sec": 0.0002524629235267639,
      "is_warmup": false,
      "iteration": 60,
      "native_traversal_sec": 0.000222997,
      "row_count": 6
    },
    {
      "elapsed_sec": 0.0002466365694999695,
      "is_warmup": false,
      "iteration": 61,
      "native_traversal_sec": 0.000215886,
      "row_count": 6
    },
    {
      "elapsed_sec": 0.0002410411834716797,
      "is_warmup": false,
      "iteration": 62,
      "native_traversal_sec": 0.000210956,
      "row_count": 6
    },
    {
      "elapsed_sec": 0.0002396702766418457,
      "is_warmup": false,
      "iteration": 63,
      "native_traversal_sec": 0.000210676,
      "row_count": 6
    },
    {
      "elapsed_sec": 0.0002386346459388733,
      "is_warmup": false,
      "iteration": 64,
      "native_traversal_sec": 0.000209456,
      "row_count": 6
    },
    {
      "elapsed_sec": 0.00026322901248931885,
      "is_warmup": false,
      "iteration": 65,
      "native_traversal_sec": 0.000215386,
      "row_count": 6
    },
    {
      "elapsed_sec": 0.00024528056383132935,
      "is_warmup": false,
      "iteration": 66,
      "native_traversal_sec": 0.000210926,
      "row_count": 6
    },
    {
      "elapsed_sec": 0.00023246556520462036,
      "is_warmup": false,
      "iteration": 67,
      "native_traversal_sec": 0.000202066,
      "row_count": 6
    },
    {
      "elapsed_sec": 0.00023156404495239258,
      "is_warmup": false,
      "iteration": 68,
      "native_traversal_sec": 0.000201826,
      "row_count": 6
    },
    {
      "elapsed_sec": 0.00026654452085494995,
      "is_warmup": false,
      "iteration": 69,
      "native_traversal_sec": 0.000220167,
      "row_count": 6
    },
    {
      "elapsed_sec": 0.0002481788396835327,
      "is_warmup": false,
      "iteration": 70,
      "native_traversal_sec": 0.000216616,
      "row_count": 6
    },
    {
      "elapsed_sec": 0.00023717433214187622,
      "is_warmup": false,
      "iteration": 71,
      "native_traversal_sec": 0.000206986,
      "row_count": 6
    },
    {
      "elapsed_sec": 0.00024214386940002441,
      "is_warmup": false,
      "iteration": 72,
      "native_traversal_sec": 0.000212386,
      "row_count": 6
    },
    {
      "elapsed_sec": 0.0003001987934112549,
      "is_warmup": false,
      "iteration": 73,
      "native_traversal_sec": 0.000240377,
      "row_count": 6
    },
    {
      "elapsed_sec": 0.00023553520441055298,
      "is_warmup": false,
      "iteration": 74,
      "native_traversal_sec": 0.000204476,
      "row_count": 6
    },
    {
      "elapsed_sec": 0.0002317577600479126,
      "is_warmup": false,
      "iteration": 75,
      "native_traversal_sec": 0.000199936,
      "row_count": 6
    },
    {
      "elapsed_sec": 0.00023242086172103882,
      "is_warmup": false,
      "iteration": 76,
      "native_traversal_sec": 0.000203796,
      "row_count": 6
    },
    {
      "elapsed_sec": 0.0002548918128013611,
      "is_warmup": false,
      "iteration": 77,
      "native_traversal_sec": 0.000207006,
      "row_count": 6
    },
    {
      "elapsed_sec": 0.0002397969365119934,
      "is_warmup": false,
      "iteration": 78,
      "native_traversal_sec": 0.000208646,
      "row_count": 6
    },
    {
      "elapsed_sec": 0.0002327561378479004,
      "is_warmup": false,
      "iteration": 79,
      "native_traversal_sec": 0.000201826,
      "row_count": 6
    },
    {
      "elapsed_sec": 0.0002356022596359253,
      "is_warmup": false,
      "iteration": 80,
      "native_traversal_sec": 0.000206416,
      "row_count": 6
    },
    {
      "elapsed_sec": 0.0002612993121147156,
      "is_warmup": false,
      "iteration": 81,
      "native_traversal_sec": 0.000231237,
      "row_count": 6
    },
    {
      "elapsed_sec": 0.00023493915796279907,
      "is_warmup": false,
      "iteration": 82,
      "native_traversal_sec": 0.000203686,
      "row_count": 6
    },
    {
      "elapsed_sec": 0.0002356395125389099,
      "is_warmup": false,
      "iteration": 83,
      "native_traversal_sec": 0.000206456,
      "row_count": 6
    },
    {
      "elapsed_sec": 0.00023493915796279907,
      "is_warmup": false,
      "iteration": 84,
      "native_traversal_sec": 0.000206016,
      "row_count": 6
    },
    {
      "elapsed_sec": 0.0002774745225906372,
      "is_warmup": false,
      "iteration": 85,
      "native_traversal_sec": 0.000247127,
      "row_count": 6
    },
    {
      "elapsed_sec": 0.00023432821035385132,
      "is_warmup": false,
      "iteration": 86,
      "native_traversal_sec": 0.000203226,
      "row_count": 6
    },
    {
      "elapsed_sec": 0.00023871660232543945,
      "is_warmup": false,
      "iteration": 87,
      "native_traversal_sec": 0.000208876,
      "row_count": 6
    },
    {
      "elapsed_sec": 0.00024375319480895996,
      "is_warmup": false,
      "iteration": 88,
      "native_traversal_sec": 0.000213376,
      "row_count": 6
    },
    {
      "elapsed_sec": 0.0002522990107536316,
      "is_warmup": false,
      "iteration": 89,
      "native_traversal_sec": 0.000221207,
      "row_count": 6
    },
    {
      "elapsed_sec": 0.00023590773344039917,
      "is_warmup": false,
      "iteration": 90,
      "native_traversal_sec": 0.000204596,
      "row_count": 6
    },
    {
      "elapsed_sec": 0.00023540854454040527,
      "is_warmup": false,
      "iteration": 91,
      "native_traversal_sec": 0.000205706,
      "row_count": 6
    },
    {
      "elapsed_sec": 0.00023062527179718018,
      "is_warmup": false,
      "iteration": 92,
      "native_traversal_sec": 0.000201346,
      "row_count": 6
    },
    {
      "elapsed_sec": 0.0002716928720474243,
      "is_warmup": false,
      "iteration": 93,
      "native_traversal_sec": 0.000241697,
      "row_count": 6
    },
    {
      "elapsed_sec": 0.00023958832025527954,
      "is_warmup": false,
      "iteration": 94,
      "native_traversal_sec": 0.000208716,
      "row_count": 6
    },
    {
      "elapsed_sec": 0.0004017278552055359,
      "is_warmup": false,
      "iteration": 95,
      "native_traversal_sec": 0.000371401,
      "row_count": 6
    },
    {
      "elapsed_sec": 0.00026282668113708496,
      "is_warmup": false,
      "iteration": 96,
      "native_traversal_sec": 0.000232417,
      "row_count": 6
    },
    {
      "elapsed_sec": 0.0002612993121147156,
      "is_warmup": false,
      "iteration": 97,
      "native_traversal_sec": 0.000229987,
      "row_count": 6
    },
    {
      "elapsed_sec": 0.0002374500036239624,
      "is_warmup": false,
      "iteration": 98,
      "native_traversal_sec": 0.000206326,
      "row_count": 6
    },
    {
      "elapsed_sec": 0.00022986531257629395,
      "is_warmup": false,
      "iteration": 99,
      "native_traversal_sec": 0.000200256,
      "row_count": 6
    },
    {
      "elapsed_sec": 0.00023331493139266968,
      "is_warmup": false,
      "iteration": 100,
      "native_traversal_sec": 0.000203276,
      "row_count": 6
    },
    {
      "elapsed_sec": 0.00024040043354034424,
      "is_warmup": false,
      "iteration": 101,
      "native_traversal_sec": 0.000210917,
      "row_count": 6
    },
    {
      "elapsed_sec": 0.00023689866065979004,
      "is_warmup": false,
      "iteration": 102,
      "native_traversal_sec": 0.000205486,
      "row_count": 6
    },
    {
      "elapsed_sec": 0.0002486780285835266,
      "is_warmup": false,
      "iteration": 103,
      "native_traversal_sec": 0.000215466,
      "row_count": 6
    },
    {
      "elapsed_sec": 0.00024443119764328003,
      "is_warmup": false,
      "iteration": 104,
      "native_traversal_sec": 0.000214616,
      "row_count": 6
    },
    {
      "elapsed_sec": 0.00024322420358657837,
      "is_warmup": false,
      "iteration": 105,
      "native_traversal_sec": 0.000213216,
      "row_count": 6
    },
    {
      "elapsed_sec": 0.00023928284645080566,
      "is_warmup": false,
      "iteration": 106,
      "native_traversal_sec": 0.000209226,
      "row_count": 6
    },
    {
      "elapsed_sec": 0.0002326667308807373,
      "is_warmup": false,
      "iteration": 107,
      "native_traversal_sec": 0.000203336,
      "row_count": 6
    },
    {
      "elapsed_sec": 0.00023909658193588257,
      "is_warmup": false,
      "iteration": 108,
      "native_traversal_sec": 0.000210746,
      "row_count": 6
    },
    {
      "elapsed_sec": 0.00026541203260421753,
      "is_warmup": false,
      "iteration": 109,
      "native_traversal_sec": 0.000219456,
      "row_count": 6
    },
    {
      "elapsed_sec": 0.00025235116481781006,
      "is_warmup": false,
      "iteration": 110,
      "native_traversal_sec": 0.000220467,
      "row_count": 6
    },
    {
      "elapsed_sec": 0.00023875385522842407,
      "is_warmup": false,
      "iteration": 111,
      "native_traversal_sec": 0.000207886,
      "row_count": 6
    },
    {
      "elapsed_sec": 0.0002463236451148987,
      "is_warmup": false,
      "iteration": 112,
      "native_traversal_sec": 0.000215926,
      "row_count": 6
    },
    {
      "elapsed_sec": 0.00026517361402511597,
      "is_warmup": false,
      "iteration": 113,
      "native_traversal_sec": 0.000220787,
      "row_count": 6
    },
    {
      "elapsed_sec": 0.0002480223774909973,
      "is_warmup": false,
      "iteration": 114,
      "native_traversal_sec": 0.000217876,
      "row_count": 6
    },
    {
      "elapsed_sec": 0.00024321675300598145,
      "is_warmup": false,
      "iteration": 115,
      "native_traversal_sec": 0.000210886,
      "row_count": 6
    },
    {
      "elapsed_sec": 0.0003859102725982666,
      "is_warmup": false,
      "iteration": 116,
      "native_traversal_sec": 0.000231887,
      "row_count": 6
    },
    {
      "elapsed_sec": 0.0002560466527938843,
      "is_warmup": false,
      "iteration": 117,
      "native_traversal_sec": 0.000222046,
      "row_count": 6
    },
    {
      "elapsed_sec": 0.00025054067373275757,
      "is_warmup": false,
      "iteration": 118,
      "native_traversal_sec": 0.000218727,
      "row_count": 6
    },
    {
      "elapsed_sec": 0.00024762004613876343,
      "is_warmup": false,
      "iteration": 119,
      "native_traversal_sec": 0.000216046,
      "row_count": 6
    },
    {
      "elapsed_sec": 0.000257737934589386,
      "is_warmup": false,
      "iteration": 120,
      "native_traversal_sec": 0.000224627,
      "row_count": 6
    },
    {
      "elapsed_sec": 0.0002477020025253296,
      "is_warmup": false,
      "iteration": 121,
      "native_traversal_sec": 0.000216156,
      "row_count": 6
    },
    {
      "elapsed_sec": 0.00025168806314468384,
      "is_warmup": false,
      "iteration": 122,
      "native_traversal_sec": 0.000220856,
      "row_count": 6
    },
    {
      "elapsed_sec": 0.00024594366550445557,
      "is_warmup": false,
      "iteration": 123,
      "native_traversal_sec": 0.000215637,
      "row_count": 6
    },
    {
      "elapsed_sec": 0.00025625526905059814,
      "is_warmup": false,
      "iteration": 124,
      "native_traversal_sec": 0.000225916,
      "row_count": 6
    },
    {
      "elapsed_sec": 0.0002337917685508728,
      "is_warmup": false,
      "iteration": 125,
      "native_traversal_sec": 0.000202836,
      "row_count": 6
    },
    {
      "elapsed_sec": 0.00023324787616729736,
      "is_warmup": false,
      "iteration": 126,
      "native_traversal_sec": 0.000203406,
      "row_count": 6
    },
    {
      "elapsed_sec": 0.00025047361850738525,
      "is_warmup": false,
      "iteration": 127,
      "native_traversal_sec": 0.000220426,
      "row_count": 6
    },
    {
      "elapsed_sec": 0.00025644898414611816,
      "is_warmup": false,
      "iteration": 128,
      "native_traversal_sec": 0.000225967,
      "row_count": 6
    },
    {
      "elapsed_sec": 0.0002543628215789795,
      "is_warmup": false,
      "iteration": 129,
      "native_traversal_sec": 0.000219506,
      "row_count": 6
    },
    {
      "elapsed_sec": 0.00025388598442077637,
      "is_warmup": false,
      "iteration": 130,
      "native_traversal_sec": 0.000222707,
      "row_count": 6
    },
    {
      "elapsed_sec": 0.00023840367794036865,
      "is_warmup": false,
      "iteration": 131,
      "native_traversal_sec": 0.000207586,
      "row_count": 6
    },
    {
      "elapsed_sec": 0.00026638805866241455,
      "is_warmup": false,
      "iteration": 132,
      "native_traversal_sec": 0.000235507,
      "row_count": 6
    },
    {
      "elapsed_sec": 0.0002451390027999878,
      "is_warmup": false,
      "iteration": 133,
      "native_traversal_sec": 0.000213676,
      "row_count": 6
    },
    {
      "elapsed_sec": 0.0002509281039237976,
      "is_warmup": false,
      "iteration": 134,
      "native_traversal_sec": 0.000219796,
      "row_count": 6
    },
    {
      "elapsed_sec": 0.0002498999238014221,
      "is_warmup": false,
      "iteration": 135,
      "native_traversal_sec": 0.000219757,
      "row_count": 6
    },
    {
      "elapsed_sec": 0.00036412477493286133,
      "is_warmup": false,
      "iteration": 136,
      "native_traversal_sec": 0.00033325,
      "row_count": 6
    },
    {
      "elapsed_sec": 0.00024174898862838745,
      "is_warmup": false,
      "iteration": 137,
      "native_traversal_sec": 0.000210056,
      "row_count": 6
    },
    {
      "elapsed_sec": 0.00025478750467300415,
      "is_warmup": false,
      "iteration": 138,
      "native_traversal_sec": 0.000223116,
      "row_count": 6
    },
    {
      "elapsed_sec": 0.0002563968300819397,
      "is_warmup": false,
      "iteration": 139,
      "native_traversal_sec": 0.000225857,
      "row_count": 6
    },
    {
      "elapsed_sec": 0.00025935471057891846,
      "is_warmup": false,
      "iteration": 140,
      "native_traversal_sec": 0.000228247,
      "row_count": 6
    },
    {
      "elapsed_sec": 0.0002555921673774719,
      "is_warmup": false,
      "iteration": 141,
      "native_traversal_sec": 0.000223817,
      "row_count": 6
    },
    {
      "elapsed_sec": 0.00023745745420455933,
      "is_warmup": false,
      "iteration": 142,
      "native_traversal_sec": 0.000207016,
      "row_count": 6
    },
    {
      "elapsed_sec": 0.0003227144479751587,
      "is_warmup": false,
      "iteration": 143,
      "native_traversal_sec": 0.000290899,
      "row_count": 6
    },
    {
      "elapsed_sec": 0.000242576003074646,
      "is_warmup": false,
      "iteration": 144,
      "native_traversal_sec": 0.000212067,
      "row_count": 6
    },
    {
      "elapsed_sec": 0.00023788213729858398,
      "is_warmup": false,
      "iteration": 145,
      "native_traversal_sec": 0.000208656,
      "row_count": 6
    },
    {
      "elapsed_sec": 0.00023674964904785156,
      "is_warmup": false,
      "iteration": 146,
      "native_traversal_sec": 0.000207046,
      "row_count": 6
    },
    {
      "elapsed_sec": 0.00026735663414001465,
      "is_warmup": false,
      "iteration": 147,
      "native_traversal_sec": 0.000236887,
      "row_count": 6
    },
    {
      "elapsed_sec": 0.0002428293228149414,
      "is_warmup": false,
      "iteration": 148,
      "native_traversal_sec": 0.000211706,
      "row_count": 6
    },
    {
      "elapsed_sec": 0.00023856014013290405,
      "is_warmup": false,
      "iteration": 149,
      "native_traversal_sec": 0.000208536,
      "row_count": 6
    },
    {
      "elapsed_sec": 0.00023124366998672485,
      "is_warmup": false,
      "iteration": 150,
      "native_traversal_sec": 0.000202056,
      "row_count": 6
    },
    {
      "elapsed_sec": 0.00025247782468795776,
      "is_warmup": false,
      "iteration": 151,
      "native_traversal_sec": 0.000223436,
      "row_count": 6
    },
    {
      "elapsed_sec": 0.00023884326219558716,
      "is_warmup": false,
      "iteration": 152,
      "native_traversal_sec": 0.000208486,
      "row_count": 6
    },
    {
      "elapsed_sec": 0.0002337619662284851,
      "is_warmup": false,
      "iteration": 153,
      "native_traversal_sec": 0.000203756,
      "row_count": 6
    },
    {
      "elapsed_sec": 0.0002837851643562317,
      "is_warmup": false,
      "iteration": 154,
      "native_traversal_sec": 0.000254488,
      "row_count": 6
    },
    {
      "elapsed_sec": 0.0003107413649559021,
      "is_warmup": false,
      "iteration": 155,
      "native_traversal_sec": 0.000279978,
      "row_count": 6
    },
    {
      "elapsed_sec": 0.0002459585666656494,
      "is_warmup": false,
      "iteration": 156,
      "native_traversal_sec": 0.000214606,
      "row_count": 6
    },
    {
      "elapsed_sec": 0.00024091452360153198,
      "is_warmup": false,
      "iteration": 157,
      "native_traversal_sec": 0.000210686,
      "row_count": 6
    },
    {
      "elapsed_sec": 0.00023539364337921143,
      "is_warmup": false,
      "iteration": 158,
      "native_traversal_sec": 0.000205516,
      "row_count": 6
    },
    {
      "elapsed_sec": 0.0002655237913131714,
      "is_warmup": false,
      "iteration": 159,
      "native_traversal_sec": 0.000235307,
      "row_count": 6
    },
    {
      "elapsed_sec": 0.00023767352104187012,
      "is_warmup": false,
      "iteration": 160,
      "native_traversal_sec": 0.000205896,
      "row_count": 6
    },
    {
      "elapsed_sec": 0.0002436414361000061,
      "is_warmup": false,
      "iteration": 161,
      "native_traversal_sec": 0.000213946,
      "row_count": 6
    },
    {
      "elapsed_sec": 0.00023278594017028809,
      "is_warmup": false,
      "iteration": 162,
      "native_traversal_sec": 0.000203596,
      "row_count": 6
    },
    {
      "elapsed_sec": 0.0002479180693626404,
      "is_warmup": false,
      "iteration": 163,
      "native_traversal_sec": 0.000218016,
      "row_count": 6
    },
    {
      "elapsed_sec": 0.00023656338453292847,
      "is_warmup": false,
      "iteration": 164,
      "native_traversal_sec": 0.000205096,
      "row_count": 6
    },
    {
      "elapsed_sec": 0.00024367868900299072,
      "is_warmup": false,
      "iteration": 165,
      "native_traversal_sec": 0.000212646,
      "row_count": 6
    },
    {
      "elapsed_sec": 0.0002514198422431946,
      "is_warmup": false,
      "iteration": 166,
      "native_traversal_sec": 0.000220417,
      "row_count": 6
    },
    {
      "elapsed_sec": 0.0002692192792892456,
      "is_warmup": false,
      "iteration": 167,
      "native_traversal_sec": 0.000237797,
      "row_count": 6
    },
    {
      "elapsed_sec": 0.00025077909231185913,
      "is_warmup": false,
      "iteration": 168,
      "native_traversal_sec": 0.000218196,
      "row_count": 6
    },
    {
      "elapsed_sec": 0.0002455785870552063,
      "is_warmup": false,
      "iteration": 169,
      "native_traversal_sec": 0.000215616,
      "row_count": 6
    },
    {
      "elapsed_sec": 0.00024193525314331055,
      "is_warmup": false,
      "iteration": 170,
      "native_traversal_sec": 0.000211687,
      "row_count": 6
    },
    {
      "elapsed_sec": 0.00027035921812057495,
      "is_warmup": false,
      "iteration": 171,
      "native_traversal_sec": 0.000240057,
      "row_count": 6
    },
    {
      "elapsed_sec": 0.00024903565645217896,
      "is_warmup": false,
      "iteration": 172,
      "native_traversal_sec": 0.000216636,
      "row_count": 6
    },
    {
      "elapsed_sec": 0.0002484619617462158,
      "is_warmup": false,
      "iteration": 173,
      "native_traversal_sec": 0.000218436,
      "row_count": 6
    },
    {
      "elapsed_sec": 0.00024709850549697876,
      "is_warmup": false,
      "iteration": 174,
      "native_traversal_sec": 0.000216247,
      "row_count": 6
    },
    {
      "elapsed_sec": 0.0002638772130012512,
      "is_warmup": false,
      "iteration": 175,
      "native_traversal_sec": 0.000233236,
      "row_count": 6
    },
    {
      "elapsed_sec": 0.0002513900399208069,
      "is_warmup": false,
      "iteration": 176,
      "native_traversal_sec": 0.000219117,
      "row_count": 6
    },
    {
      "elapsed_sec": 0.00024956464767456055,
      "is_warmup": false,
      "iteration": 177,
      "native_traversal_sec": 0.000219906,
      "row_count": 6
    },
    {
      "elapsed_sec": 0.00024912506341934204,
      "is_warmup": false,
      "iteration": 178,
      "native_traversal_sec": 0.000219097,
      "row_count": 6
    },
    {
      "elapsed_sec": 0.0005968958139419556,
      "is_warmup": false,
      "iteration": 179,
      "native_traversal_sec": 0.000564866,
      "row_count": 6
    },
    {
      "elapsed_sec": 0.00024352967739105225,
      "is_warmup": false,
      "iteration": 180,
      "native_traversal_sec": 0.000210606,
      "row_count": 6
    },
    {
      "elapsed_sec": 0.0002633780241012573,
      "is_warmup": false,
      "iteration": 181,
      "native_traversal_sec": 0.000232787,
      "row_count": 6
    },
    {
      "elapsed_sec": 0.00024940818548202515,
      "is_warmup": false,
      "iteration": 182,
      "native_traversal_sec": 0.000217266,
      "row_count": 6
    },
    {
      "elapsed_sec": 0.00025510042905807495,
      "is_warmup": false,
      "iteration": 183,
      "native_traversal_sec": 0.000223187,
      "row_count": 6
    },
    {
      "elapsed_sec": 0.00024349987506866455,
      "is_warmup": false,
      "iteration": 184,
      "native_traversal_sec": 0.000213206,
      "row_count": 6
    },
    {
      "elapsed_sec": 0.00025385618209838867,
      "is_warmup": false,
      "iteration": 185,
      "native_traversal_sec": 0.000223577,
      "row_count": 6
    },
    {
      "elapsed_sec": 0.00025900453329086304,
      "is_warmup": false,
      "iteration": 186,
      "native_traversal_sec": 0.000227326,
      "row_count": 6
    },
    {
      "elapsed_sec": 0.0002437382936477661,
      "is_warmup": false,
      "iteration": 187,
      "native_traversal_sec": 0.000212977,
      "row_count": 6
    },
    {
      "elapsed_sec": 0.00023865699768066406,
      "is_warmup": false,
      "iteration": 188,
      "native_traversal_sec": 0.000208917,
      "row_count": 6
    },
    {
      "elapsed_sec": 0.00046662986278533936,
      "is_warmup": false,
      "iteration": 189,
      "native_traversal_sec": 0.000435292,
      "row_count": 6
    },
    {
      "elapsed_sec": 0.00027696043252944946,
      "is_warmup": false,
      "iteration": 190,
      "native_traversal_sec": 0.000245668,
      "row_count": 6
    },
    {
      "elapsed_sec": 0.00023962557315826416,
      "is_warmup": false,
      "iteration": 191,
      "native_traversal_sec": 0.000208376,
      "row_count": 6
    },
    {
      "elapsed_sec": 0.00024140626192092896,
      "is_warmup": false,
      "iteration": 192,
      "native_traversal_sec": 0.000211426,
      "row_count": 6
    },
    {
      "elapsed_sec": 0.00023923814296722412,
      "is_warmup": false,
      "iteration": 193,
      "native_traversal_sec": 0.000208316,
      "row_count": 6
    },
    {
      "elapsed_sec": 0.00023543089628219604,
      "is_warmup": false,
      "iteration": 194,
      "native_traversal_sec": 0.000204776,
      "row_count": 6
    },
    {
      "elapsed_sec": 0.0002356395125389099,
      "is_warmup": false,
      "iteration": 195,
      "native_traversal_sec": 0.000205496,
      "row_count": 6
    },
    {
      "elapsed_sec": 0.00023704767227172852,
      "is_warmup": false,
      "iteration": 196,
      "native_traversal_sec": 0.000207616,
      "row_count": 6
    },
    {
      "elapsed_sec": 0.0002757534384727478,
      "is_warmup": false,
      "iteration": 197,
      "native_traversal_sec": 0.000245727,
      "row_count": 6
    },
    {
      "elapsed_sec": 0.0002446100115776062,
      "is_warmup": false,
      "iteration": 198,
      "native_traversal_sec": 0.000213226,
      "row_count": 6
    },
    {
      "elapsed_sec": 0.00025375932455062866,
      "is_warmup": false,
      "iteration": 199,
      "native_traversal_sec": 0.000223617,
      "row_count": 6
    },
    {
      "elapsed_sec": 0.0002649575471878052,
      "is_warmup": false,
      "iteration": 200,
      "native_traversal_sec": 0.000233466,
      "row_count": 6
    },
    {
      "elapsed_sec": 0.00026060640811920166,
      "is_warmup": false,
      "iteration": 201,
      "native_traversal_sec": 0.000228717,
      "row_count": 6
    },
    {
      "elapsed_sec": 0.00023708492517471313,
      "is_warmup": false,
      "iteration": 202,
      "native_traversal_sec": 0.000206406,
      "row_count": 6
    },
    {
      "elapsed_sec": 0.00023602694272994995,
      "is_warmup": false,
      "iteration": 203,
      "native_traversal_sec": 0.000206676,
      "row_count": 6
    },
    {
      "elapsed_sec": 0.00027474015951156616,
      "is_warmup": false,
      "iteration": 204,
      "native_traversal_sec": 0.000242327,
      "row_count": 6
    },
    {
      "elapsed_sec": 0.00026823580265045166,
      "is_warmup": false,
      "iteration": 205,
      "native_traversal_sec": 0.000230257,
      "row_count": 6
    },
    {
      "elapsed_sec": 0.0002461150288581848,
      "is_warmup": false,
      "iteration": 206,
      "native_traversal_sec": 0.000212846,
      "row_count": 6
    },
    {
      "elapsed_sec": 0.00025672465562820435,
      "is_warmup": false,
      "iteration": 207,
      "native_traversal_sec": 0.000225067,
      "row_count": 6
    },
    {
      "elapsed_sec": 0.00023671984672546387,
      "is_warmup": false,
      "iteration": 208,
      "native_traversal_sec": 0.000205976,
      "row_count": 6
    },
    {
      "elapsed_sec": 0.00025554001331329346,
      "is_warmup": false,
      "iteration": 209,
      "native_traversal_sec": 0.000224666,
      "row_count": 6
    },
    {
      "elapsed_sec": 0.0002401098608970642,
      "is_warmup": false,
      "iteration": 210,
      "native_traversal_sec": 0.000209817,
      "row_count": 6
    },
    {
      "elapsed_sec": 0.00026544928550720215,
      "is_warmup": false,
      "iteration": 211,
      "native_traversal_sec": 0.000233656,
      "row_count": 6
    },
    {
      "elapsed_sec": 0.0002886354923248291,
      "is_warmup": false,
      "iteration": 212,
      "native_traversal_sec": 0.000252778,
      "row_count": 6
    },
    {
      "elapsed_sec": 0.0002565309405326843,
      "is_warmup": false,
      "iteration": 213,
      "native_traversal_sec": 0.000221667,
      "row_count": 6
    },
    {
      "elapsed_sec": 0.0003029555082321167,
      "is_warmup": false,
      "iteration": 214,
      "native_traversal_sec": 0.000264897,
      "row_count": 6
    },
    {
      "elapsed_sec": 0.0002932325005531311,
      "is_warmup": false,
      "iteration": 215,
      "native_traversal_sec": 0.000242707,
      "row_count": 6
    },
    {
      "elapsed_sec": 0.000275537371635437,
      "is_warmup": false,
      "iteration": 216,
      "native_traversal_sec": 0.000222536,
      "row_count": 6
    },
    {
      "elapsed_sec": 0.00025390833616256714,
      "is_warmup": false,
      "iteration": 217,
      "native_traversal_sec": 0.000221657,
      "row_count": 6
    },
    {
      "elapsed_sec": 0.0002524331212043762,
      "is_warmup": false,
      "iteration": 218,
      "native_traversal_sec": 0.000221786,
      "row_count": 6
    },
    {
      "elapsed_sec": 0.0002630576491355896,
      "is_warmup": false,
      "iteration": 219,
      "native_traversal_sec": 0.000231877,
      "row_count": 6
    },
    {
      "elapsed_sec": 0.0002594068646430969,
      "is_warmup": false,
      "iteration": 220,
      "native_traversal_sec": 0.000228397,
      "row_count": 6
    },
    {
      "elapsed_sec": 0.0002527013421058655,
      "is_warmup": false,
      "iteration": 221,
      "native_traversal_sec": 0.000221316,
      "row_count": 6
    },
    {
      "elapsed_sec": 0.0002474486827850342,
      "is_warmup": false,
      "iteration": 222,
      "native_traversal_sec": 0.000217017,
      "row_count": 6
    },
    {
      "elapsed_sec": 0.0002754777669906616,
      "is_warmup": false,
      "iteration": 223,
      "native_traversal_sec": 0.000244128,
      "row_count": 6
    },
    {
      "elapsed_sec": 0.0002580210566520691,
      "is_warmup": false,
      "iteration": 224,
      "native_traversal_sec": 0.000227216,
      "row_count": 6
    },
    {
      "elapsed_sec": 0.00025616586208343506,
      "is_warmup": false,
      "iteration": 225,
      "native_traversal_sec": 0.000224877,
      "row_count": 6
    },
    {
      "elapsed_sec": 0.0002548098564147949,
      "is_warmup": false,
      "iteration": 226,
      "native_traversal_sec": 0.000224036,
      "row_count": 6
    },
    {
      "elapsed_sec": 0.000267714262008667,
      "is_warmup": false,
      "iteration": 227,
      "native_traversal_sec": 0.000237577,
      "row_count": 6
    },
    {
      "elapsed_sec": 0.00025337934494018555,
      "is_warmup": false,
      "iteration": 228,
      "native_traversal_sec": 0.000222437,
      "row_count": 6
    },
    {
      "elapsed_sec": 0.00025169551372528076,
      "is_warmup": false,
      "iteration": 229,
      "native_traversal_sec": 0.000220616,
      "row_count": 6
    },
    {
      "elapsed_sec": 0.0002615898847579956,
      "is_warmup": false,
      "iteration": 230,
      "native_traversal_sec": 0.000231397,
      "row_count": 6
    },
    {
      "elapsed_sec": 0.0002909824252128601,
      "is_warmup": false,
      "iteration": 231,
      "native_traversal_sec": 0.000260988,
      "row_count": 6
    },
    {
      "elapsed_sec": 0.0002771243453025818,
      "is_warmup": false,
      "iteration": 232,
      "native_traversal_sec": 0.000245837,
      "row_count": 6
    },
    {
      "elapsed_sec": 0.0002671480178833008,
      "is_warmup": false,
      "iteration": 233,
      "native_traversal_sec": 0.000236927,
      "row_count": 6
    },
    {
      "elapsed_sec": 0.00025490671396255493,
      "is_warmup": false,
      "iteration": 234,
      "native_traversal_sec": 0.000223196,
      "row_count": 6
    },
    {
      "elapsed_sec": 0.00027499347925186157,
      "is_warmup": false,
      "iteration": 235,
      "native_traversal_sec": 0.000227276,
      "row_count": 6
    },
    {
      "elapsed_sec": 0.0002632513642311096,
      "is_warmup": false,
      "iteration": 236,
      "native_traversal_sec": 0.000230727,
      "row_count": 6
    },
    {
      "elapsed_sec": 0.0002753809094429016,
      "is_warmup": false,
      "iteration": 237,
      "native_traversal_sec": 0.000240787,
      "row_count": 6
    },
    {
      "elapsed_sec": 0.00025594979524612427,
      "is_warmup": false,
      "iteration": 238,
      "native_traversal_sec": 0.000225857,
      "row_count": 6
    },
    {
      "elapsed_sec": 0.00025984644889831543,
      "is_warmup": false,
      "iteration": 239,
      "native_traversal_sec": 0.000227866,
      "row_count": 6
    },
    {
      "elapsed_sec": 0.0002562776207923889,
      "is_warmup": false,
      "iteration": 240,
      "native_traversal_sec": 0.000224607,
      "row_count": 6
    },
    {
      "elapsed_sec": 0.00025228410959243774,
      "is_warmup": false,
      "iteration": 241,
      "native_traversal_sec": 0.000222176,
      "row_count": 6
    },
    {
      "elapsed_sec": 0.0002717152237892151,
      "is_warmup": false,
      "iteration": 242,
      "native_traversal_sec": 0.000240197,
      "row_count": 6
    },
    {
      "elapsed_sec": 0.0002558082342147827,
      "is_warmup": false,
      "iteration": 243,
      "native_traversal_sec": 0.000224017,
      "row_count": 6
    },
    {
      "elapsed_sec": 0.00025691092014312744,
      "is_warmup": false,
      "iteration": 244,
      "native_traversal_sec": 0.000225647,
      "row_count": 6
    },
    {
      "elapsed_sec": 0.0002558082342147827,
      "is_warmup": false,
      "iteration": 245,
      "native_traversal_sec": 0.000225616,
      "row_count": 6
    },
    {
      "elapsed_sec": 0.00029550492763519287,
      "is_warmup": false,
      "iteration": 246,
      "native_traversal_sec": 0.000262548,
      "row_count": 6
    },
    {
      "elapsed_sec": 0.0002615228295326233,
      "is_warmup": false,
      "iteration": 247,
      "native_traversal_sec": 0.000226897,
      "row_count": 6
    },
    {
      "elapsed_sec": 0.0002544298768043518,
      "is_warmup": false,
      "iteration": 248,
      "native_traversal_sec": 0.000222436,
      "row_count": 6
    },
    {
      "elapsed_sec": 0.0002530887722969055,
      "is_warmup": false,
      "iteration": 249,
      "native_traversal_sec": 0.000222367,
      "row_count": 6
    },
    {
      "elapsed_sec": 0.0002707839012145996,
      "is_warmup": false,
      "iteration": 250,
      "native_traversal_sec": 0.000240097,
      "row_count": 6
    },
    {
      "elapsed_sec": 0.00025252997875213623,
      "is_warmup": false,
      "iteration": 251,
      "native_traversal_sec": 0.000221176,
      "row_count": 6
    },
    {
      "elapsed_sec": 0.00025460124015808105,
      "is_warmup": false,
      "iteration": 252,
      "native_traversal_sec": 0.000224227,
      "row_count": 6
    },
    {
      "elapsed_sec": 0.000254213809967041,
      "is_warmup": false,
      "iteration": 253,
      "native_traversal_sec": 0.000222986,
      "row_count": 6
    },
    {
      "elapsed_sec": 0.0002750679850578308,
      "is_warmup": false,
      "iteration": 254,
      "native_traversal_sec": 0.000229897,
      "row_count": 6
    },
    {
      "elapsed_sec": 0.0002502128481864929,
      "is_warmup": false,
      "iteration": 255,
      "native_traversal_sec": 0.000219317,
      "row_count": 6
    },
    {
      "elapsed_sec": 0.00025210529565811157,
      "is_warmup": false,
      "iteration": 256,
      "native_traversal_sec": 0.000222026,
      "row_count": 6
    },
    {
      "elapsed_sec": 0.0002606213092803955,
      "is_warmup": false,
      "iteration": 257,
      "native_traversal_sec": 0.000229587,
      "row_count": 6
    },
    {
      "elapsed_sec": 0.00029997527599334717,
      "is_warmup": false,
      "iteration": 258,
      "native_traversal_sec": 0.000268338,
      "row_count": 6
    },
    {
      "elapsed_sec": 0.00026229768991470337,
      "is_warmup": false,
      "iteration": 259,
      "native_traversal_sec": 0.000230626,
      "row_count": 6
    },
    {
      "elapsed_sec": 0.00025528669357299805,
      "is_warmup": false,
      "iteration": 260,
      "native_traversal_sec": 0.000223177,
      "row_count": 6
    },
    {
      "elapsed_sec": 0.00026247650384902954,
      "is_warmup": false,
      "iteration": 261,
      "native_traversal_sec": 0.000231287,
      "row_count": 6
    },
    {
      "elapsed_sec": 0.0002577453851699829,
      "is_warmup": false,
      "iteration": 262,
      "native_traversal_sec": 0.000225536,
      "row_count": 6
    },
    {
      "elapsed_sec": 0.00024575740098953247,
      "is_warmup": false,
      "iteration": 263,
      "native_traversal_sec": 0.000214697,
      "row_count": 6
    },
    {
      "elapsed_sec": 0.00024241209030151367,
      "is_warmup": false,
      "iteration": 264,
      "native_traversal_sec": 0.000211396,
      "row_count": 6
    },
    {
      "elapsed_sec": 0.0003167465329170227,
      "is_warmup": false,
      "iteration": 265,
      "native_traversal_sec": 0.000284968,
      "row_count": 6
    },
    {
      "elapsed_sec": 0.00024634599685668945,
      "is_warmup": false,
      "iteration": 266,
      "native_traversal_sec": 0.000213686,
      "row_count": 6
    },
    {
      "elapsed_sec": 0.00024587661027908325,
      "is_warmup": false,
      "iteration": 267,
      "native_traversal_sec": 0.000214227,
      "row_count": 6
    },
    {
      "elapsed_sec": 0.00026366859674453735,
      "is_warmup": false,
      "iteration": 268,
      "native_traversal_sec": 0.000229546,
      "row_count": 6
    },
    {
      "elapsed_sec": 0.0002959892153739929,
      "is_warmup": false,
      "iteration": 269,
      "native_traversal_sec": 0.000260927,
      "row_count": 6
    },
    {
      "elapsed_sec": 0.00024987757205963135,
      "is_warmup": false,
      "iteration": 270,
      "native_traversal_sec": 0.000217317,
      "row_count": 6
    },
    {
      "elapsed_sec": 0.0002443566918373108,
      "is_warmup": false,
      "iteration": 271,
      "native_traversal_sec": 0.000213366,
      "row_count": 6
    },
    {
      "elapsed_sec": 0.00024425238370895386,
      "is_warmup": false,
      "iteration": 272,
      "native_traversal_sec": 0.000213956,
      "row_count": 6
    },
    {
      "elapsed_sec": 0.0002611428499221802,
      "is_warmup": false,
      "iteration": 273,
      "native_traversal_sec": 0.000214337,
      "row_count": 6
    },
    {
      "elapsed_sec": 0.0002453252673149109,
      "is_warmup": false,
      "iteration": 274,
      "native_traversal_sec": 0.000214456,
      "row_count": 6
    },
    {
      "elapsed_sec": 0.00023934990167617798,
      "is_warmup": false,
      "iteration": 275,
      "native_traversal_sec": 0.000209636,
      "row_count": 6
    },
    {
      "elapsed_sec": 0.00024896860122680664,
      "is_warmup": false,
      "iteration": 276,
      "native_traversal_sec": 0.000218526,
      "row_count": 6
    },
    {
      "elapsed_sec": 0.000250108540058136,
      "is_warmup": false,
      "iteration": 277,
      "native_traversal_sec": 0.000216046,
      "row_count": 6
    },
    {
      "elapsed_sec": 0.00024200975894927979,
      "is_warmup": false,
      "iteration": 278,
      "native_traversal_sec": 0.000210576,
      "row_count": 6
    },
    {
      "elapsed_sec": 0.00024356693029403687,
      "is_warmup": false,
      "iteration": 279,
      "native_traversal_sec": 0.000213707,
      "row_count": 6
    },
    {
      "elapsed_sec": 0.00024031102657318115,
      "is_warmup": false,
      "iteration": 280,
      "native_traversal_sec": 0.000210317,
      "row_count": 6
    },
    {
      "elapsed_sec": 0.0002686530351638794,
      "is_warmup": false,
      "iteration": 281,
      "native_traversal_sec": 0.000219797,
      "row_count": 6
    },
    {
      "elapsed_sec": 0.0002830922603607178,
      "is_warmup": false,
      "iteration": 282,
      "native_traversal_sec": 0.000251917,
      "row_count": 6
    },
    {
      "elapsed_sec": 0.00025337934494018555,
      "is_warmup": false,
      "iteration": 283,
      "native_traversal_sec": 0.000222556,
      "row_count": 6
    },
    {
      "elapsed_sec": 0.00027998536825180054,
      "is_warmup": false,
      "iteration": 284,
      "native_traversal_sec": 0.000248348,
      "row_count": 6
    },
    {
      "elapsed_sec": 0.0002494007349014282,
      "is_warmup": false,
      "iteration": 285,
      "native_traversal_sec": 0.000217486,
      "row_count": 6
    },
    {
      "elapsed_sec": 0.00024309754371643066,
      "is_warmup": false,
      "iteration": 286,
      "native_traversal_sec": 0.000212056,
      "row_count": 6
    },
    {
      "elapsed_sec": 0.0002428293228149414,
      "is_warmup": false,
      "iteration": 287,
      "native_traversal_sec": 0.000212166,
      "row_count": 6
    },
    {
      "elapsed_sec": 0.0002715885639190674,
      "is_warmup": false,
      "iteration": 288,
      "native_traversal_sec": 0.000240147,
      "row_count": 6
    },
    {
      "elapsed_sec": 0.0002495497465133667,
      "is_warmup": false,
      "iteration": 289,
      "native_traversal_sec": 0.000216227,
      "row_count": 6
    },
    {
      "elapsed_sec": 0.0002612397074699402,
      "is_warmup": false,
      "iteration": 290,
      "native_traversal_sec": 0.000229237,
      "row_count": 6
    },
    {
      "elapsed_sec": 0.0002470538020133972,
      "is_warmup": false,
      "iteration": 291,
      "native_traversal_sec": 0.000212766,
      "row_count": 6
    },
    {
      "elapsed_sec": 0.0002717822790145874,
      "is_warmup": false,
      "iteration": 292,
      "native_traversal_sec": 0.000240657,
      "row_count": 6
    },
    {
      "elapsed_sec": 0.0002500861883163452,
      "is_warmup": false,
      "iteration": 293,
      "native_traversal_sec": 0.000218526,
      "row_count": 6
    },
    {
      "elapsed_sec": 0.0002452656626701355,
      "is_warmup": false,
      "iteration": 294,
      "native_traversal_sec": 0.000214527,
      "row_count": 6
    },
    {
      "elapsed_sec": 0.00024181604385375977,
      "is_warmup": false,
      "iteration": 295,
      "native_traversal_sec": 0.000211597,
      "row_count": 6
    },
    {
      "elapsed_sec": 0.0002736598253250122,
      "is_warmup": false,
      "iteration": 296,
      "native_traversal_sec": 0.000242907,
      "row_count": 6
    },
    {
      "elapsed_sec": 0.0002681314945220947,
      "is_warmup": false,
      "iteration": 297,
      "native_traversal_sec": 0.000235537,
      "row_count": 6
    },
    {
      "elapsed_sec": 0.00025716423988342285,
      "is_warmup": false,
      "iteration": 298,
      "native_traversal_sec": 0.000225216,
      "row_count": 6
    },
    {
      "elapsed_sec": 0.00025196373462677,
      "is_warmup": false,
      "iteration": 299,
      "native_traversal_sec": 0.000220517,
      "row_count": 6
    },
    {
      "elapsed_sec": 0.00025844573974609375,
      "is_warmup": false,
      "iteration": 300,
      "native_traversal_sec": 0.000227646,
      "row_count": 6
    },
    {
      "elapsed_sec": 0.00026141852140426636,
      "is_warmup": false,
      "iteration": 301,
      "native_traversal_sec": 0.000228717,
      "row_count": 6
    },
    {
      "elapsed_sec": 0.00025299936532974243,
      "is_warmup": false,
      "iteration": 302,
      "native_traversal_sec": 0.000221037,
      "row_count": 6
    },
    {
      "elapsed_sec": 0.0002393275499343872,
      "is_warmup": false,
      "iteration": 303,
      "native_traversal_sec": 0.000209227,
      "row_count": 6
    },
    {
      "elapsed_sec": 0.0002712160348892212,
      "is_warmup": false,
      "iteration": 304,
      "native_traversal_sec": 0.000241587,
      "row_count": 6
    },
    {
      "elapsed_sec": 0.0002463981509208679,
      "is_warmup": false,
      "iteration": 305,
      "native_traversal_sec": 0.000214706,
      "row_count": 6
    },
    {
      "elapsed_sec": 0.00023258477449417114,
      "is_warmup": false,
      "iteration": 306,
      "native_traversal_sec": 0.000203256,
      "row_count": 6
    },
    {
      "elapsed_sec": 0.0003081187605857849,
      "is_warmup": false,
      "iteration": 307,
      "native_traversal_sec": 0.000277628,
      "row_count": 6
    },
    {
      "elapsed_sec": 0.0002508386969566345,
      "is_warmup": false,
      "iteration": 308,
      "native_traversal_sec": 0.000219416,
      "row_count": 6
    },
    {
      "elapsed_sec": 0.000249326229095459,
      "is_warmup": false,
      "iteration": 309,
      "native_traversal_sec": 0.000219047,
      "row_count": 6
    },
    {
      "elapsed_sec": 0.00023947656154632568,
      "is_warmup": false,
      "iteration": 310,
      "native_traversal_sec": 0.000208086,
      "row_count": 6
    },
    {
      "elapsed_sec": 0.00025312602519989014,
      "is_warmup": false,
      "iteration": 311,
      "native_traversal_sec": 0.000222146,
      "row_count": 6
    },
    {
      "elapsed_sec": 0.00024103373289108276,
      "is_warmup": false,
      "iteration": 312,
      "native_traversal_sec": 0.000211046,
      "row_count": 6
    },
    {
      "elapsed_sec": 0.00024184584617614746,
      "is_warmup": false,
      "iteration": 313,
      "native_traversal_sec": 0.000212706,
      "row_count": 6
    },
    {
      "elapsed_sec": 0.0002382919192314148,
      "is_warmup": false,
      "iteration": 314,
      "native_traversal_sec": 0.000208456,
      "row_count": 6
    },
    {
      "elapsed_sec": 0.0002661198377609253,
      "is_warmup": false,
      "iteration": 315,
      "native_traversal_sec": 0.000221977,
      "row_count": 6
    },
    {
      "elapsed_sec": 0.0002449154853820801,
      "is_warmup": false,
      "iteration": 316,
      "native_traversal_sec": 0.000213467,
      "row_count": 6
    },
    {
      "elapsed_sec": 0.00025612860918045044,
      "is_warmup": false,
      "iteration": 317,
      "native_traversal_sec": 0.000225176,
      "row_count": 6
    },
    {
      "elapsed_sec": 0.00024155527353286743,
      "is_warmup": false,
      "iteration": 318,
      "native_traversal_sec": 0.000210446,
      "row_count": 6
    },
    {
      "elapsed_sec": 0.0002624690532684326,
      "is_warmup": false,
      "iteration": 319,
      "native_traversal_sec": 0.000231607,
      "row_count": 6
    },
    {
      "elapsed_sec": 0.000261157751083374,
      "is_warmup": false,
      "iteration": 320,
      "native_traversal_sec": 0.000229857,
      "row_count": 6
    },
    {
      "elapsed_sec": 0.0002565905451774597,
      "is_warmup": false,
      "iteration": 321,
      "native_traversal_sec": 0.000226336,
      "row_count": 6
    },
    {
      "elapsed_sec": 0.00024131685495376587,
      "is_warmup": false,
      "iteration": 322,
      "native_traversal_sec": 0.000211567,
      "row_count": 6
    },
    {
      "elapsed_sec": 0.00025817006826400757,
      "is_warmup": false,
      "iteration": 323,
      "native_traversal_sec": 0.000228047,
      "row_count": 6
    },
    {
      "elapsed_sec": 0.00025428831577301025,
      "is_warmup": false,
      "iteration": 324,
      "native_traversal_sec": 0.000223677,
      "row_count": 6
    },
    {
      "elapsed_sec": 0.00024552643299102783,
      "is_warmup": false,
      "iteration": 325,
      "native_traversal_sec": 0.000215146,
      "row_count": 6
    },
    {
      "elapsed_sec": 0.00023496896028518677,
      "is_warmup": false,
      "iteration": 326,
      "native_traversal_sec": 0.000205536,
      "row_count": 6
    },
    {
      "elapsed_sec": 0.0002500787377357483,
      "is_warmup": false,
      "iteration": 327,
      "native_traversal_sec": 0.000220396,
      "row_count": 6
    },
    {
      "elapsed_sec": 0.0002500787377357483,
      "is_warmup": false,
      "iteration": 328,
      "native_traversal_sec": 0.000219437,
      "row_count": 6
    },
    {
      "elapsed_sec": 0.00023809820413589478,
      "is_warmup": false,
      "iteration": 329,
      "native_traversal_sec": 0.000208047,
      "row_count": 6
    },
    {
      "elapsed_sec": 0.0002456158399581909,
      "is_warmup": false,
      "iteration": 330,
      "native_traversal_sec": 0.000215626,
      "row_count": 6
    },
    {
      "elapsed_sec": 0.0002487674355506897,
      "is_warmup": false,
      "iteration": 331,
      "native_traversal_sec": 0.000217426,
      "row_count": 6
    },
    {
      "elapsed_sec": 0.00023927539587020874,
      "is_warmup": false,
      "iteration": 332,
      "native_traversal_sec": 0.000208526,
      "row_count": 6
    },
    {
      "elapsed_sec": 0.0002429559826850891,
      "is_warmup": false,
      "iteration": 333,
      "native_traversal_sec": 0.000213177,
      "row_count": 6
    },
    {
      "elapsed_sec": 0.00023694336414337158,
      "is_warmup": false,
      "iteration": 334,
      "native_traversal_sec": 0.000207187,
      "row_count": 6
    },
    {
      "elapsed_sec": 0.00025657564401626587,
      "is_warmup": false,
      "iteration": 335,
      "native_traversal_sec": 0.000210897,
      "row_count": 6
    },
    {
      "elapsed_sec": 0.00024565309286117554,
      "is_warmup": false,
      "iteration": 336,
      "native_traversal_sec": 0.000213976,
      "row_count": 6
    },
    {
      "elapsed_sec": 0.0002415478229522705,
      "is_warmup": false,
      "iteration": 337,
      "native_traversal_sec": 0.000210906,
      "row_count": 6
    },
    {
      "elapsed_sec": 0.000249713659286499,
      "is_warmup": false,
      "iteration": 338,
      "native_traversal_sec": 0.000216097,
      "row_count": 6
    },
    {
      "elapsed_sec": 0.00025422126054763794,
      "is_warmup": false,
      "iteration": 339,
      "native_traversal_sec": 0.000208256,
      "row_count": 6
    },
    {
      "elapsed_sec": 0.00024653226137161255,
      "is_warmup": false,
      "iteration": 340,
      "native_traversal_sec": 0.000215237,
      "row_count": 6
    },
    {
      "elapsed_sec": 0.0002469196915626526,
      "is_warmup": false,
      "iteration": 341,
      "native_traversal_sec": 0.000216086,
      "row_count": 6
    },
    {
      "elapsed_sec": 0.00024219602346420288,
      "is_warmup": false,
      "iteration": 342,
      "native_traversal_sec": 0.000211506,
      "row_count": 6
    },
    {
      "elapsed_sec": 0.0002546161413192749,
      "is_warmup": false,
      "iteration": 343,
      "native_traversal_sec": 0.000209236,
      "row_count": 6
    },
    {
      "elapsed_sec": 0.0002406984567642212,
      "is_warmup": false,
      "iteration": 344,
      "native_traversal_sec": 0.000209126,
      "row_count": 6
    },
    {
      "elapsed_sec": 0.0002410411834716797,
      "is_warmup": false,
      "iteration": 345,
      "native_traversal_sec": 0.000210556,
      "row_count": 6
    },
    {
      "elapsed_sec": 0.00024271011352539062,
      "is_warmup": false,
      "iteration": 346,
      "native_traversal_sec": 0.000211666,
      "row_count": 6
    },
    {
      "elapsed_sec": 0.0006056278944015503,
      "is_warmup": false,
      "iteration": 347,
      "native_traversal_sec": 0.000574517,
      "row_count": 6
    },
    {
      "elapsed_sec": 0.0002395734190940857,
      "is_warmup": false,
      "iteration": 348,
      "native_traversal_sec": 0.000207806,
      "row_count": 6
    },
    {
      "elapsed_sec": 0.00023803114891052246,
      "is_warmup": false,
      "iteration": 349,
      "native_traversal_sec": 0.000208296,
      "row_count": 6
    },
    {
      "elapsed_sec": 0.0002521425485610962,
      "is_warmup": false,
      "iteration": 350,
      "native_traversal_sec": 0.000221876,
      "row_count": 6
    },
    {
      "elapsed_sec": 0.00024165213108062744,
      "is_warmup": false,
      "iteration": 351,
      "native_traversal_sec": 0.000207356,
      "row_count": 6
    },
    {
      "elapsed_sec": 0.0002395138144493103,
      "is_warmup": false,
      "iteration": 352,
      "native_traversal_sec": 0.000210296,
      "row_count": 6
    },
    {
      "elapsed_sec": 0.00023844093084335327,
      "is_warmup": false,
      "iteration": 353,
      "native_traversal_sec": 0.000209096,
      "row_count": 6
    },
    {
      "elapsed_sec": 0.0003332570195198059,
      "is_warmup": false,
      "iteration": 354,
      "native_traversal_sec": 0.000302398,
      "row_count": 6
    },
    {
      "elapsed_sec": 0.0002590492367744446,
      "is_warmup": false,
      "iteration": 355,
      "native_traversal_sec": 0.000227867,
      "row_count": 6
    },
    {
      "elapsed_sec": 0.00024265050888061523,
      "is_warmup": false,
      "iteration": 356,
      "native_traversal_sec": 0.000211366,
      "row_count": 6
    },
    {
      "elapsed_sec": 0.00024314969778060913,
      "is_warmup": false,
      "iteration": 357,
      "native_traversal_sec": 0.000212227,
      "row_count": 6
    },
    {
      "elapsed_sec": 0.00025756657123565674,
      "is_warmup": false,
      "iteration": 358,
      "native_traversal_sec": 0.000226467,
      "row_count": 6
    },
    {
      "elapsed_sec": 0.00024753063917160034,
      "is_warmup": false,
      "iteration": 359,
      "native_traversal_sec": 0.000216886,
      "row_count": 6
    },
    {
      "elapsed_sec": 0.00023800134658813477,
      "is_warmup": false,
      "iteration": 360,
      "native_traversal_sec": 0.000207797,
      "row_count": 6
    },
    {
      "elapsed_sec": 0.00024366378784179688,
      "is_warmup": false,
      "iteration": 361,
      "native_traversal_sec": 0.000214077,
      "row_count": 6
    },
    {
      "elapsed_sec": 0.00027976930141448975,
      "is_warmup": false,
      "iteration": 362,
      "native_traversal_sec": 0.000249667,
      "row_count": 6
    },
    {
      "elapsed_sec": 0.00024094432592391968,
      "is_warmup": false,
      "iteration": 363,
      "native_traversal_sec": 0.000209776,
      "row_count": 6
    },
    {
      "elapsed_sec": 0.00024106353521347046,
      "is_warmup": false,
      "iteration": 364,
      "native_traversal_sec": 0.000211356,
      "row_count": 6
    },
    {
      "elapsed_sec": 0.00024412572383880615,
      "is_warmup": false,
      "iteration": 365,
      "native_traversal_sec": 0.000215086,
      "row_count": 6
    },
    {
      "elapsed_sec": 0.00027374178171157837,
      "is_warmup": false,
      "iteration": 366,
      "native_traversal_sec": 0.000244007,
      "row_count": 6
    },
    {
      "elapsed_sec": 0.0002429857850074768,
      "is_warmup": false,
      "iteration": 367,
      "native_traversal_sec": 0.000212157,
      "row_count": 6
    },
    {
      "elapsed_sec": 0.00023503601551055908,
      "is_warmup": false,
      "iteration": 368,
      "native_traversal_sec": 0.000206276,
      "row_count": 6
    },
    {
      "elapsed_sec": 0.00023748725652694702,
      "is_warmup": false,
      "iteration": 369,
      "native_traversal_sec": 0.000207886,
      "row_count": 6
    },
    {
      "elapsed_sec": 0.0002766326069831848,
      "is_warmup": false,
      "iteration": 370,
      "native_traversal_sec": 0.000245897,
      "row_count": 6
    },
    {
      "elapsed_sec": 0.0002437010407447815,
      "is_warmup": false,
      "iteration": 371,
      "native_traversal_sec": 0.000212736,
      "row_count": 6
    },
    {
      "elapsed_sec": 0.00024216622114181519,
      "is_warmup": false,
      "iteration": 372,
      "native_traversal_sec": 0.000212646,
      "row_count": 6
    },
    {
      "elapsed_sec": 0.00023756176233291626,
      "is_warmup": false,
      "iteration": 373,
      "native_traversal_sec": 0.000208106,
      "row_count": 6
    },
    {
      "elapsed_sec": 0.00026693195104599,
      "is_warmup": false,
      "iteration": 374,
      "native_traversal_sec": 0.000237247,
      "row_count": 6
    },
    {
      "elapsed_sec": 0.0002460107207298279,
      "is_warmup": false,
      "iteration": 375,
      "native_traversal_sec": 0.000214296,
      "row_count": 6
    },
    {
      "elapsed_sec": 0.00022234022617340088,
      "is_warmup": false,
      "iteration": 376,
      "native_traversal_sec": 0.000193986,
      "row_count": 6
    },
    {
      "elapsed_sec": 0.00018750876188278198,
      "is_warmup": false,
      "iteration": 377,
      "native_traversal_sec": 0.000166215,
      "row_count": 6
    },
    {
      "elapsed_sec": 0.00020016729831695557,
      "is_warmup": false,
      "iteration": 378,
      "native_traversal_sec": 0.000178215,
      "row_count": 6
    },
    {
      "elapsed_sec": 0.00019286572933197021,
      "is_warmup": false,
      "iteration": 379,
      "native_traversal_sec": 0.000170065,
      "row_count": 6
    },
    {
      "elapsed_sec": 0.00019427388906478882,
      "is_warmup": false,
      "iteration": 380,
      "native_traversal_sec": 0.000173015,
      "row_count": 6
    },
    {
      "elapsed_sec": 0.00018741190433502197,
      "is_warmup": false,
      "iteration": 381,
      "native_traversal_sec": 0.000166094,
      "row_count": 6
    },
    {
      "elapsed_sec": 0.0001911371946334839,
      "is_warmup": false,
      "iteration": 382,
      "native_traversal_sec": 0.000170015,
      "row_count": 6
    },
    {
      "elapsed_sec": 0.00019878894090652466,
      "is_warmup": false,
      "iteration": 383,
      "native_traversal_sec": 0.000166975,
      "row_count": 6
    },
    {
      "elapsed_sec": 0.0001946091651916504,
      "is_warmup": false,
      "iteration": 384,
      "native_traversal_sec": 0.000172335,
      "row_count": 6
    },
    {
      "elapsed_sec": 0.00019127130508422852,
      "is_warmup": false,
      "iteration": 385,
      "native_traversal_sec": 0.000169215,
      "row_count": 6
    },
    {
      "elapsed_sec": 0.0001923888921737671,
      "is_warmup": false,
      "iteration": 386,
      "native_traversal_sec": 0.000170635,
      "row_count": 6
    },
    {
      "elapsed_sec": 0.0001881718635559082,
      "is_warmup": false,
      "iteration": 387,
      "native_traversal_sec": 0.000166114,
      "row_count": 6
    },
    {
      "elapsed_sec": 0.00019375979900360107,
      "is_warmup": false,
      "iteration": 388,
      "native_traversal_sec": 0.000172065,
      "row_count": 6
    },
    {
      "elapsed_sec": 0.00025326013565063477,
      "is_warmup": false,
      "iteration": 389,
      "native_traversal_sec": 0.000229277,
      "row_count": 6
    },
    {
      "elapsed_sec": 0.00020226091146469116,
      "is_warmup": false,
      "iteration": 390,
      "native_traversal_sec": 0.000177606,
      "row_count": 6
    },
    {
      "elapsed_sec": 0.0002005845308303833,
      "is_warmup": false,
      "iteration": 391,
      "native_traversal_sec": 0.000178526,
      "row_count": 6
    },
    {
      "elapsed_sec": 0.0002034008502960205,
      "is_warmup": false,
      "iteration": 392,
      "native_traversal_sec": 0.000180976,
      "row_count": 6
    },
    {
      "elapsed_sec": 0.0001978054642677307,
      "is_warmup": false,
      "iteration": 393,
      "native_traversal_sec": 0.000175935,
      "row_count": 6
    },
    {
      "elapsed_sec": 0.00019960105419158936,
      "is_warmup": false,
      "iteration": 394,
      "native_traversal_sec": 0.000177075,
      "row_count": 6
    },
    {
      "elapsed_sec": 0.00020023435354232788,
      "is_warmup": false,
      "iteration": 395,
      "native_traversal_sec": 0.000177865,
      "row_count": 6
    },
    {
      "elapsed_sec": 0.0001928955316543579,
      "is_warmup": false,
      "iteration": 396,
      "native_traversal_sec": 0.000171265,
      "row_count": 6
    },
    {
      "elapsed_sec": 0.0001942366361618042,
      "is_warmup": false,
      "iteration": 397,
      "native_traversal_sec": 0.000172655,
      "row_count": 6
    },
    {
      "elapsed_sec": 0.00020153820514678955,
      "is_warmup": false,
      "iteration": 398,
      "native_traversal_sec": 0.000179466,
      "row_count": 6
    },
    {
      "elapsed_sec": 0.00019843131303787231,
      "is_warmup": false,
      "iteration": 399,
      "native_traversal_sec": 0.000175565,
      "row_count": 6
    },
    {
      "elapsed_sec": 0.00019595026969909668,
      "is_warmup": false,
      "iteration": 400,
      "native_traversal_sec": 0.000173225,
      "row_count": 6
    },
    {
      "elapsed_sec": 0.00019416958093643188,
      "is_warmup": false,
      "iteration": 401,
      "native_traversal_sec": 0.000172465,
      "row_count": 6
    },
    {
      "elapsed_sec": 0.00019205361604690552,
      "is_warmup": false,
      "iteration": 402,
      "native_traversal_sec": 0.000170365,
      "row_count": 6
    },
    {
      "elapsed_sec": 0.0002025216817855835,
      "is_warmup": false,
      "iteration": 403,
      "native_traversal_sec": 0.000181076,
      "row_count": 6
    },
    {
      "elapsed_sec": 0.00019905716180801392,
      "is_warmup": false,
      "iteration": 404,
      "native_traversal_sec": 0.000177126,
      "row_count": 6
    },
    {
      "elapsed_sec": 0.0001989603042602539,
      "is_warmup": false,
      "iteration": 405,
      "native_traversal_sec": 0.000177595,
      "row_count": 6
    },
    {
      "elapsed_sec": 0.00019200146198272705,
      "is_warmup": false,
      "iteration": 406,
      "native_traversal_sec": 0.000170695,
      "row_count": 6
    },
    {
      "elapsed_sec": 0.00019591301679611206,
      "is_warmup": false,
      "iteration": 407,
      "native_traversal_sec": 0.000174855,
      "row_count": 6
    },
    {
      "elapsed_sec": 0.00019915401935577393,
      "is_warmup": false,
      "iteration": 408,
      "native_traversal_sec": 0.000177955,
      "row_count": 6
    },
    {
      "elapsed_sec": 0.00019597262144088745,
      "is_warmup": false,
      "iteration": 409,
      "native_traversal_sec": 0.000173666,
      "row_count": 6
    },
    {
      "elapsed_sec": 0.00019649416208267212,
      "is_warmup": false,
      "iteration": 410,
      "native_traversal_sec": 0.000174925,
      "row_count": 6
    },
    {
      "elapsed_sec": 0.0001931414008140564,
      "is_warmup": false,
      "iteration": 411,
      "native_traversal_sec": 0.000171905,
      "row_count": 6
    },
    {
      "elapsed_sec": 0.00019256770610809326,
      "is_warmup": false,
      "iteration": 412,
      "native_traversal_sec": 0.000171265,
      "row_count": 6
    },
    {
      "elapsed_sec": 0.00019271671772003174,
      "is_warmup": false,
      "iteration": 413,
      "native_traversal_sec": 0.000171535,
      "row_count": 6
    },
    {
      "elapsed_sec": 0.00020238012075424194,
      "is_warmup": false,
      "iteration": 414,
      "native_traversal_sec": 0.000172965,
      "row_count": 6
    },
    {
      "elapsed_sec": 0.0001949593424797058,
      "is_warmup": false,
      "iteration": 415,
      "native_traversal_sec": 0.000173895,
      "row_count": 6
    },
    {
      "elapsed_sec": 0.0001924559473991394,
      "is_warmup": false,
      "iteration": 416,
      "native_traversal_sec": 0.000171335,
      "row_count": 6
    },
    {
      "elapsed_sec": 0.00019218027591705322,
      "is_warmup": false,
      "iteration": 417,
      "native_traversal_sec": 0.000171075,
      "row_count": 6
    },
    {
      "elapsed_sec": 0.00019307434558868408,
      "is_warmup": false,
      "iteration": 418,
      "native_traversal_sec": 0.000171385,
      "row_count": 6
    },
    {
      "elapsed_sec": 0.00020385533571243286,
      "is_warmup": false,
      "iteration": 419,
      "native_traversal_sec": 0.000181965,
      "row_count": 6
    },
    {
      "elapsed_sec": 0.00019463896751403809,
      "is_warmup": false,
      "iteration": 420,
      "native_traversal_sec": 0.000172645,
      "row_count": 6
    },
    {
      "elapsed_sec": 0.00019606947898864746,
      "is_warmup": false,
      "iteration": 421,
      "native_traversal_sec": 0.000175645,
      "row_count": 6
    },
    {
      "elapsed_sec": 0.00020079314708709717,
      "is_warmup": false,
      "iteration": 422,
      "native_traversal_sec": 0.000179456,
      "row_count": 6
    },
    {
      "elapsed_sec": 0.00019484758377075195,
      "is_warmup": false,
      "iteration": 423,
      "native_traversal_sec": 0.000173825,
      "row_count": 6
    },
    {
      "elapsed_sec": 0.0002200603485107422,
      "is_warmup": false,
      "iteration": 424,
      "native_traversal_sec": 0.000198336,
      "row_count": 6
    },
    {
      "elapsed_sec": 0.00019766390323638916,
      "is_warmup": false,
      "iteration": 425,
      "native_traversal_sec": 0.000174665,
      "row_count": 6
    },
    {
      "elapsed_sec": 0.00019278377294540405,
      "is_warmup": false,
      "iteration": 426,
      "native_traversal_sec": 0.000171305,
      "row_count": 6
    },
    {
      "elapsed_sec": 0.00019128620624542236,
      "is_warmup": false,
      "iteration": 427,
      "native_traversal_sec": 0.000170075,
      "row_count": 6
    },
    {
      "elapsed_sec": 0.0001893565058708191,
      "is_warmup": false,
      "iteration": 428,
      "native_traversal_sec": 0.000167915,
      "row_count": 6
    },
    {
      "elapsed_sec": 0.00022570788860321045,
      "is_warmup": false,
      "iteration": 429,
      "native_traversal_sec": 0.000203076,
      "row_count": 6
    },
    {
      "elapsed_sec": 0.00020093470811843872,
      "is_warmup": false,
      "iteration": 430,
      "native_traversal_sec": 0.000178575,
      "row_count": 6
    },
    {
      "elapsed_sec": 0.00019616633653640747,
      "is_warmup": false,
      "iteration": 431,
      "native_traversal_sec": 0.000174105,
      "row_count": 6
    },
    {
      "elapsed_sec": 0.00019538402557373047,
      "is_warmup": false,
      "iteration": 432,
      "native_traversal_sec": 0.000173195,
      "row_count": 6
    },
    {
      "elapsed_sec": 0.00019268691539764404,
      "is_warmup": false,
      "iteration": 433,
      "native_traversal_sec": 0.000171345,
      "row_count": 6
    },
    {
      "elapsed_sec": 0.0002240687608718872,
      "is_warmup": false,
      "iteration": 434,
      "native_traversal_sec": 0.000190836,
      "row_count": 6
    },
    {
      "elapsed_sec": 0.00020270049571990967,
      "is_warmup": false,
      "iteration": 435,
      "native_traversal_sec": 0.000180275,
      "row_count": 6
    },
    {
      "elapsed_sec": 0.0002108439803123474,
      "is_warmup": false,
      "iteration": 436,
      "native_traversal_sec": 0.000189585,
      "row_count": 6
    },
    {
      "elapsed_sec": 0.00020034611225128174,
      "is_warmup": false,
      "iteration": 437,
      "native_traversal_sec": 0.000178425,
      "row_count": 6
    },
    {
      "elapsed_sec": 0.0002064928412437439,
      "is_warmup": false,
      "iteration": 438,
      "native_traversal_sec": 0.000184185,
      "row_count": 6
    },
    {
      "elapsed_sec": 0.00020217150449752808,
      "is_warmup": false,
      "iteration": 439,
      "native_traversal_sec": 0.000179575,
      "row_count": 6
    },
    {
      "elapsed_sec": 0.0001989230513572693,
      "is_warmup": false,
      "iteration": 440,
      "native_traversal_sec": 0.000176975,
      "row_count": 6
    },
    {
      "elapsed_sec": 0.00019990652799606323,
      "is_warmup": false,
      "iteration": 441,
      "native_traversal_sec": 0.000178695,
      "row_count": 6
    },
    {
      "elapsed_sec": 0.00020029395818710327,
      "is_warmup": false,
      "iteration": 442,
      "native_traversal_sec": 0.000178555,
      "row_count": 6
    },
    {
      "elapsed_sec": 0.00020507723093032837,
      "is_warmup": false,
      "iteration": 443,
      "native_traversal_sec": 0.000183455,
      "row_count": 6
    },
    {
      "elapsed_sec": 0.00021867454051971436,
      "is_warmup": false,
      "iteration": 444,
      "native_traversal_sec": 0.000196325,
      "row_count": 6
    },
    {
      "elapsed_sec": 0.00019982457160949707,
      "is_warmup": false,
      "iteration": 445,
      "native_traversal_sec": 0.000177715,
      "row_count": 6
    },
    {
      "elapsed_sec": 0.0001958906650543213,
      "is_warmup": false,
      "iteration": 446,
      "native_traversal_sec": 0.000174375,
      "row_count": 6
    },
    {
      "elapsed_sec": 0.00019569694995880127,
      "is_warmup": false,
      "iteration": 447,
      "native_traversal_sec": 0.000173935,
      "row_count": 6
    },
    {
      "elapsed_sec": 0.00020026415586471558,
      "is_warmup": false,
      "iteration": 448,
      "native_traversal_sec": 0.000177936,
      "row_count": 6
    },
    {
      "elapsed_sec": 0.0002048984169960022,
      "is_warmup": false,
      "iteration": 449,
      "native_traversal_sec": 0.000182606,
      "row_count": 6
    },
    {
      "elapsed_sec": 0.00019281357526779175,
      "is_warmup": false,
      "iteration": 450,
      "native_traversal_sec": 0.000171055,
      "row_count": 6
    },
    {
      "elapsed_sec": 0.00020786374807357788,
      "is_warmup": false,
      "iteration": 451,
      "native_traversal_sec": 0.000186486,
      "row_count": 6
    },
    {
      "elapsed_sec": 0.0001972988247871399,
      "is_warmup": false,
      "iteration": 452,
      "native_traversal_sec": 0.000175655,
      "row_count": 6
    },
    {
      "elapsed_sec": 0.0002228468656539917,
      "is_warmup": false,
      "iteration": 453,
      "native_traversal_sec": 0.000200346,
      "row_count": 6
    },
    {
      "elapsed_sec": 0.00019040703773498535,
      "is_warmup": false,
      "iteration": 454,
      "native_traversal_sec": 0.000167825,
      "row_count": 6
    },
    {
      "elapsed_sec": 0.00019761919975280762,
      "is_warmup": false,
      "iteration": 455,
      "native_traversal_sec": 0.000175585,
      "row_count": 6
    },
    {
      "elapsed_sec": 0.00018864870071411133,
      "is_warmup": false,
      "iteration": 456,
      "native_traversal_sec": 0.000166485,
      "row_count": 6
    },
    {
      "elapsed_sec": 0.00018590688705444336,
      "is_warmup": false,
      "iteration": 457,
      "native_traversal_sec": 0.000163755,
      "row_count": 6
    },
    {
      "elapsed_sec": 0.000199928879737854,
      "is_warmup": false,
      "iteration": 458,
      "native_traversal_sec": 0.000177875,
      "row_count": 6
    },
    {
      "elapsed_sec": 0.00019361823797225952,
      "is_warmup": false,
      "iteration": 459,
      "native_traversal_sec": 0.000171585,
      "row_count": 6
    },
    {
      "elapsed_sec": 0.00019083917140960693,
      "is_warmup": false,
      "iteration": 460,
      "native_traversal_sec": 0.000169425,
      "row_count": 6
    },
    {
      "elapsed_sec": 0.0001886710524559021,
      "is_warmup": false,
      "iteration": 461,
      "native_traversal_sec": 0.000167154,
      "row_count": 6
    },
    {
      "elapsed_sec": 0.00018664449453353882,
      "is_warmup": false,
      "iteration": 462,
      "native_traversal_sec": 0.000165245,
      "row_count": 6
    },
    {
      "elapsed_sec": 0.00019500404596328735,
      "is_warmup": false,
      "iteration": 463,
      "native_traversal_sec": 0.000173125,
      "row_count": 6
    },
    {
      "elapsed_sec": 0.0001941472291946411,
      "is_warmup": false,
      "iteration": 464,
      "native_traversal_sec": 0.000171345,
      "row_count": 6
    },
    {
      "elapsed_sec": 0.00019197911024093628,
      "is_warmup": false,
      "iteration": 465,
      "native_traversal_sec": 0.000169785,
      "row_count": 6
    },
    {
      "elapsed_sec": 0.0001904517412185669,
      "is_warmup": false,
      "iteration": 466,
      "native_traversal_sec": 0.000169055,
      "row_count": 6
    },
    {
      "elapsed_sec": 0.0001873895525932312,
      "is_warmup": false,
      "iteration": 467,
      "native_traversal_sec": 0.000166105,
      "row_count": 6
    },
    {
      "elapsed_sec": 0.00018978118896484375,
      "is_warmup": false,
      "iteration": 468,
      "native_traversal_sec": 0.000168255,
      "row_count": 6
    },
    {
      "elapsed_sec": 0.00023149698972702026,
      "is_warmup": false,
      "iteration": 469,
      "native_traversal_sec": 0.000197016,
      "row_count": 6
    },
    {
      "elapsed_sec": 0.00019906461238861084,
      "is_warmup": false,
      "iteration": 470,
      "native_traversal_sec": 0.000176875,
      "row_count": 6
    },
    {
      "elapsed_sec": 0.00020141154527664185,
      "is_warmup": false,
      "iteration": 471,
      "native_traversal_sec": 0.000179045,
      "row_count": 6
    },
    {
      "elapsed_sec": 0.00019396841526031494,
      "is_warmup": false,
      "iteration": 472,
      "native_traversal_sec": 0.000172675,
      "row_count": 6
    },
    {
      "elapsed_sec": 0.0002040565013885498,
      "is_warmup": false,
      "iteration": 473,
      "native_traversal_sec": 0.000182575,
      "row_count": 6
    },
    {
      "elapsed_sec": 0.00019819289445877075,
      "is_warmup": false,
      "iteration": 474,
      "native_traversal_sec": 0.000175885,
      "row_count": 6
    },
    {
      "elapsed_sec": 0.00019641965627670288,
      "is_warmup": false,
      "iteration": 475,
      "native_traversal_sec": 0.000174805,
      "row_count": 6
    },
    {
      "elapsed_sec": 0.0001971125602722168,
      "is_warmup": false,
      "iteration": 476,
      "native_traversal_sec": 0.000175365,
      "row_count": 6
    },
    {
      "elapsed_sec": 0.00019447505474090576,
      "is_warmup": false,
      "iteration": 477,
      "native_traversal_sec": 0.000173395,
      "row_count": 6
    },
    {
      "elapsed_sec": 0.00020026415586471558,
      "is_warmup": false,
      "iteration": 478,
      "native_traversal_sec": 0.000179045,
      "row_count": 6
    },
    {
      "elapsed_sec": 0.00019468367099761963,
      "is_warmup": false,
      "iteration": 479,
      "native_traversal_sec": 0.000172925,
      "row_count": 6
    },
    {
      "elapsed_sec": 0.0001939833164215088,
      "is_warmup": false,
      "iteration": 480,
      "native_traversal_sec": 0.000172165,
      "row_count": 6
    },
    {
      "elapsed_sec": 0.00019003450870513916,
      "is_warmup": false,
      "iteration": 481,
      "native_traversal_sec": 0.000168575,
      "row_count": 6
    },
    {
      "elapsed_sec": 0.0001927986741065979,
      "is_warmup": false,
      "iteration": 482,
      "native_traversal_sec": 0.000171015,
      "row_count": 6
    },
    {
      "elapsed_sec": 0.00019612908363342285,
      "is_warmup": false,
      "iteration": 483,
      "native_traversal_sec": 0.000174375,
      "row_count": 6
    },
    {
      "elapsed_sec": 0.0002039000391960144,
      "is_warmup": false,
      "iteration": 484,
      "native_traversal_sec": 0.000174435,
      "row_count": 6
    },
    {
      "elapsed_sec": 0.00019590556621551514,
      "is_warmup": false,
      "iteration": 485,
      "native_traversal_sec": 0.000174126,
      "row_count": 6
    },
    {
      "elapsed_sec": 0.00019119679927825928,
      "is_warmup": false,
      "iteration": 486,
      "native_traversal_sec": 0.000170115,
      "row_count": 6
    },
    {
      "elapsed_sec": 0.00019960850477218628,
      "is_warmup": false,
      "iteration": 487,
      "native_traversal_sec": 0.000178265,
      "row_count": 6
    },
    {
      "elapsed_sec": 0.0001945793628692627,
      "is_warmup": false,
      "iteration": 488,
      "native_traversal_sec": 0.000172945,
      "row_count": 6
    },
    {
      "elapsed_sec": 0.00021048635244369507,
      "is_warmup": false,
      "iteration": 489,
      "native_traversal_sec": 0.000181625,
      "row_count": 6
    },
    {
      "elapsed_sec": 0.0001990199089050293,
      "is_warmup": false,
      "iteration": 490,
      "native_traversal_sec": 0.000176925,
      "row_count": 6
    },
    {
      "elapsed_sec": 0.0001936778426170349,
      "is_warmup": false,
      "iteration": 491,
      "native_traversal_sec": 0.000171455,
      "row_count": 6
    },
    {
      "elapsed_sec": 0.0001881048083305359,
      "is_warmup": false,
      "iteration": 492,
      "native_traversal_sec": 0.000166805,
      "row_count": 6
    },
    {
      "elapsed_sec": 0.0002070590853691101,
      "is_warmup": false,
      "iteration": 493,
      "native_traversal_sec": 0.000185695,
      "row_count": 6
    },
    {
      "elapsed_sec": 0.00024431198835372925,
      "is_warmup": false,
      "iteration": 494,
      "native_traversal_sec": 0.000211407,
      "row_count": 6
    },
    {
      "elapsed_sec": 0.00020684301853179932,
      "is_warmup": false,
      "iteration": 495,
      "native_traversal_sec": 0.000184246,
      "row_count": 6
    },
    {
      "elapsed_sec": 0.00019843131303787231,
      "is_warmup": false,
      "iteration": 496,
      "native_traversal_sec": 0.000175865,
      "row_count": 6
    },
    {
      "elapsed_sec": 0.00019934028387069702,
      "is_warmup": false,
      "iteration": 497,
      "native_traversal_sec": 0.000177575,
      "row_count": 6
    },
    {
      "elapsed_sec": 0.00024077296257019043,
      "is_warmup": false,
      "iteration": 498,
      "native_traversal_sec": 0.000218756,
      "row_count": 6
    },
    {
      "elapsed_sec": 0.00022617727518081665,
      "is_warmup": false,
      "iteration": 499,
      "native_traversal_sec": 0.000203576,
      "row_count": 6
    },
    {
      "elapsed_sec": 0.00020287185907363892,
      "is_warmup": false,
      "iteration": 500,
      "native_traversal_sec": 0.000180795,
      "row_count": 6
    },
    {
      "elapsed_sec": 0.00020235031843185425,
      "is_warmup": false,
      "iteration": 501,
      "native_traversal_sec": 0.000179425,
      "row_count": 6
    },
    {
      "elapsed_sec": 0.00020208954811096191,
      "is_warmup": false,
      "iteration": 502,
      "native_traversal_sec": 0.000178435,
      "row_count": 6
    },
    {
      "elapsed_sec": 0.0002172812819480896,
      "is_warmup": false,
      "iteration": 503,
      "native_traversal_sec": 0.000194765,
      "row_count": 6
    },
    {
      "elapsed_sec": 0.00021056830883026123,
      "is_warmup": false,
      "iteration": 504,
      "native_traversal_sec": 0.000187416,
      "row_count": 6
    },
    {
      "elapsed_sec": 0.00021179765462875366,
      "is_warmup": false,
      "iteration": 505,
      "native_traversal_sec": 0.000189076,
      "row_count": 6
    },
    {
      "elapsed_sec": 0.00019990652799606323,
      "is_warmup": false,
      "iteration": 506,
      "native_traversal_sec": 0.000177515,
      "row_count": 6
    },
    {
      "elapsed_sec": 0.00019785016775131226,
      "is_warmup": false,
      "iteration": 507,
      "native_traversal_sec": 0.000175705,
      "row_count": 6
    },
    {
      "elapsed_sec": 0.0002183467149734497,
      "is_warmup": false,
      "iteration": 508,
      "native_traversal_sec": 0.000196326,
      "row_count": 6
    },
    {
      "elapsed_sec": 0.00020978599786758423,
      "is_warmup": false,
      "iteration": 509,
      "native_traversal_sec": 0.000187335,
      "row_count": 6
    },
    {
      "elapsed_sec": 0.00019722431898117065,
      "is_warmup": false,
      "iteration": 510,
      "native_traversal_sec": 0.000175165,
      "row_count": 6
    },
    {
      "elapsed_sec": 0.00020078569650650024,
      "is_warmup": false,
      "iteration": 511,
      "native_traversal_sec": 0.000179345,
      "row_count": 6
    },
    {
      "elapsed_sec": 0.00019559264183044434,
      "is_warmup": false,
      "iteration": 512,
      "native_traversal_sec": 0.000174575,
      "row_count": 6
    },
    {
      "elapsed_sec": 0.00021798163652420044,
      "is_warmup": false,
      "iteration": 513,
      "native_traversal_sec": 0.000185325,
      "row_count": 6
    },
    {
      "elapsed_sec": 0.00019832700490951538,
      "is_warmup": false,
      "iteration": 514,
      "native_traversal_sec": 0.000176335,
      "row_count": 6
    },
    {
      "elapsed_sec": 0.0004978179931640625,
      "is_warmup": false,
      "iteration": 515,
      "native_traversal_sec": 0.000475404,
      "row_count": 6
    },
    {
      "elapsed_sec": 0.0002139061689376831,
      "is_warmup": false,
      "iteration": 516,
      "native_traversal_sec": 0.000190746,
      "row_count": 6
    },
    {
      "elapsed_sec": 0.00023627281188964844,
      "is_warmup": false,
      "iteration": 517,
      "native_traversal_sec": 0.000213906,
      "row_count": 6
    },
    {
      "elapsed_sec": 0.00020085275173187256,
      "is_warmup": false,
      "iteration": 518,
      "native_traversal_sec": 0.000178835,
      "row_count": 6
    },
    {
      "elapsed_sec": 0.00019857287406921387,
      "is_warmup": false,
      "iteration": 519,
      "native_traversal_sec": 0.000176335,
      "row_count": 6
    },
    {
      "elapsed_sec": 0.00019916146993637085,
      "is_warmup": false,
      "iteration": 520,
      "native_traversal_sec": 0.000177786,
      "row_count": 6
    },
    {
      "elapsed_sec": 0.00023104995489120483,
      "is_warmup": false,
      "iteration": 521,
      "native_traversal_sec": 0.000209307,
      "row_count": 6
    },
    {
      "elapsed_sec": 0.0001998618245124817,
      "is_warmup": false,
      "iteration": 522,
      "native_traversal_sec": 0.000177015,
      "row_count": 6
    },
    {
      "elapsed_sec": 0.00019674748182296753,
      "is_warmup": false,
      "iteration": 523,
      "native_traversal_sec": 0.000174205,
      "row_count": 6
    },
    {
      "elapsed_sec": 0.00019916146993637085,
      "is_warmup": false,
      "iteration": 524,
      "native_traversal_sec": 0.000177235,
      "row_count": 6
    },
    {
      "elapsed_sec": 0.00020050257444381714,
      "is_warmup": false,
      "iteration": 525,
      "native_traversal_sec": 0.000178005,
      "row_count": 6
    },
    {
      "elapsed_sec": 0.00022116303443908691,
      "is_warmup": false,
      "iteration": 526,
      "native_traversal_sec": 0.000197826,
      "row_count": 6
    },
    {
      "elapsed_sec": 0.00020079314708709717,
      "is_warmup": false,
      "iteration": 527,
      "native_traversal_sec": 0.000178155,
      "row_count": 6
    },
    {
      "elapsed_sec": 0.00019890815019607544,
      "is_warmup": false,
      "iteration": 528,
      "native_traversal_sec": 0.000176906,
      "row_count": 6
    },
    {
      "elapsed_sec": 0.00020229816436767578,
      "is_warmup": false,
      "iteration": 529,
      "native_traversal_sec": 0.000180216,
      "row_count": 6
    },
    {
      "elapsed_sec": 0.00020442157983779907,
      "is_warmup": false,
      "iteration": 530,
      "native_traversal_sec": 0.000182226,
      "row_count": 6
    },
    {
      "elapsed_sec": 0.00021412968635559082,
      "is_warmup": false,
      "iteration": 531,
      "native_traversal_sec": 0.000191446,
      "row_count": 6
    },
    {
      "elapsed_sec": 0.00020296871662139893,
      "is_warmup": false,
      "iteration": 532,
      "native_traversal_sec": 0.000180985,
      "row_count": 6
    },
    {
      "elapsed_sec": 0.00020261108875274658,
      "is_warmup": false,
      "iteration": 533,
      "native_traversal_sec": 0.000181665,
      "row_count": 6
    },
    {
      "elapsed_sec": 0.00020036101341247559,
      "is_warmup": false,
      "iteration": 534,
      "native_traversal_sec": 0.000178355,
      "row_count": 6
    },
    {
      "elapsed_sec": 0.0005449727177619934,
      "is_warmup": false,
      "iteration": 535,
      "native_traversal_sec": 0.000522005,
      "row_count": 6
    },
    {
      "elapsed_sec": 0.0002198442816734314,
      "is_warmup": false,
      "iteration": 536,
      "native_traversal_sec": 0.000196665,
      "row_count": 6
    },
    {
      "elapsed_sec": 0.00020312517881393433,
      "is_warmup": false,
      "iteration": 537,
      "native_traversal_sec": 0.000181255,
      "row_count": 6
    },
    {
      "elapsed_sec": 0.00020879507064819336,
      "is_warmup": false,
      "iteration": 538,
      "native_traversal_sec": 0.000186366,
      "row_count": 6
    },
    {
      "elapsed_sec": 0.00020254403352737427,
      "is_warmup": false,
      "iteration": 539,
      "native_traversal_sec": 0.000180156,
      "row_count": 6
    },
    {
      "elapsed_sec": 0.00019987672567367554,
      "is_warmup": false,
      "iteration": 540,
      "native_traversal_sec": 0.000178555,
      "row_count": 6
    },
    {
      "elapsed_sec": 0.0002006441354751587,
      "is_warmup": false,
      "iteration": 541,
      "native_traversal_sec": 0.000179445,
      "row_count": 6
    },
    {
      "elapsed_sec": 0.00019177794456481934,
      "is_warmup": false,
      "iteration": 542,
      "native_traversal_sec": 0.000170505,
      "row_count": 6
    },
    {
      "elapsed_sec": 0.00020232796669006348,
      "is_warmup": false,
      "iteration": 543,
      "native_traversal_sec": 0.000180245,
      "row_count": 6
    },
    {
      "elapsed_sec": 0.0002137795090675354,
      "is_warmup": false,
      "iteration": 544,
      "native_traversal_sec": 0.000190535,
      "row_count": 6
    },
    {
      "elapsed_sec": 0.0002076849341392517,
      "is_warmup": false,
      "iteration": 545,
      "native_traversal_sec": 0.000185835,
      "row_count": 6
    },
    {
      "elapsed_sec": 0.0002025812864303589,
      "is_warmup": false,
      "iteration": 546,
      "native_traversal_sec": 0.000180375,
      "row_count": 6
    },
    {
      "elapsed_sec": 0.00020001083612442017,
      "is_warmup": false,
      "iteration": 547,
      "native_traversal_sec": 0.000177885,
      "row_count": 6
    },
    {
      "elapsed_sec": 0.0002099350094795227,
      "is_warmup": false,
      "iteration": 548,
      "native_traversal_sec": 0.000187855,
      "row_count": 6
    },
    {
      "elapsed_sec": 0.00020141899585723877,
      "is_warmup": false,
      "iteration": 549,
      "native_traversal_sec": 0.000172225,
      "row_count": 6
    },
    {
      "elapsed_sec": 0.00019610673189163208,
      "is_warmup": false,
      "iteration": 550,
      "native_traversal_sec": 0.000174095,
      "row_count": 6
    },
    {
      "elapsed_sec": 0.00019502639770507812,
      "is_warmup": false,
      "iteration": 551,
      "native_traversal_sec": 0.000173625,
      "row_count": 6
    },
    {
      "elapsed_sec": 0.00019155442714691162,
      "is_warmup": false,
      "iteration": 552,
      "native_traversal_sec": 0.000169165,
      "row_count": 6
    },
    {
      "elapsed_sec": 0.00028767436742782593,
      "is_warmup": false,
      "iteration": 553,
      "native_traversal_sec": 0.000265748,
      "row_count": 6
    },
    {
      "elapsed_sec": 0.0002088099718093872,
      "is_warmup": false,
      "iteration": 554,
      "native_traversal_sec": 0.000185785,
      "row_count": 6
    },
    {
      "elapsed_sec": 0.0001995190978050232,
      "is_warmup": false,
      "iteration": 555,
      "native_traversal_sec": 0.000176855,
      "row_count": 6
    },
    {
      "elapsed_sec": 0.0002002418041229248,
      "is_warmup": false,
      "iteration": 556,
      "native_traversal_sec": 0.000177745,
      "row_count": 6
    },
    {
      "elapsed_sec": 0.0002006739377975464,
      "is_warmup": false,
      "iteration": 557,
      "native_traversal_sec": 0.000177365,
      "row_count": 6
    },
    {
      "elapsed_sec": 0.0002309754490852356,
      "is_warmup": false,
      "iteration": 558,
      "native_traversal_sec": 0.000196576,
      "row_count": 6
    },
    {
      "elapsed_sec": 0.00019741803407669067,
      "is_warmup": false,
      "iteration": 559,
      "native_traversal_sec": 0.000174915,
      "row_count": 6
    },
    {
      "elapsed_sec": 0.0002012103796005249,
      "is_warmup": false,
      "iteration": 560,
      "native_traversal_sec": 0.000179186,
      "row_count": 6
    },
    {
      "elapsed_sec": 0.00019463151693344116,
      "is_warmup": false,
      "iteration": 561,
      "native_traversal_sec": 0.000172525,
      "row_count": 6
    },
    {
      "elapsed_sec": 0.00020397454500198364,
      "is_warmup": false,
      "iteration": 562,
      "native_traversal_sec": 0.000181655,
      "row_count": 6
    },
    {
      "elapsed_sec": 0.00020106136798858643,
      "is_warmup": false,
      "iteration": 563,
      "native_traversal_sec": 0.000178665,
      "row_count": 6
    },
    {
      "elapsed_sec": 0.00019765645265579224,
      "is_warmup": false,
      "iteration": 564,
      "native_traversal_sec": 0.000175745,
      "row_count": 6
    },
    {
      "elapsed_sec": 0.00019800662994384766,
      "is_warmup": false,
      "iteration": 565,
      "native_traversal_sec": 0.000176115,
      "row_count": 6
    },
    {
      "elapsed_sec": 0.00019803643226623535,
      "is_warmup": false,
      "iteration": 566,
      "native_traversal_sec": 0.000176035,
      "row_count": 6
    },
    {
      "elapsed_sec": 0.00020525604486465454,
      "is_warmup": false,
      "iteration": 567,
      "native_traversal_sec": 0.000183616,
      "row_count": 6
    },
    {
      "elapsed_sec": 0.00020621716976165771,
      "is_warmup": false,
      "iteration": 568,
      "native_traversal_sec": 0.000183295,
      "row_count": 6
    },
    {
      "elapsed_sec": 0.00021126121282577515,
      "is_warmup": false,
      "iteration": 569,
      "native_traversal_sec": 0.000188675,
      "row_count": 6
    },
    {
      "elapsed_sec": 0.00020174682140350342,
      "is_warmup": false,
      "iteration": 570,
      "native_traversal_sec": 0.000178785,
      "row_count": 6
    },
    {
      "elapsed_sec": 0.00019516050815582275,
      "is_warmup": false,
      "iteration": 571,
      "native_traversal_sec": 0.000173445,
      "row_count": 6
    },
    {
      "elapsed_sec": 0.00020728260278701782,
      "is_warmup": false,
      "iteration": 572,
      "native_traversal_sec": 0.000185785,
      "row_count": 6
    },
    {
      "elapsed_sec": 0.00020836293697357178,
      "is_warmup": false,
      "iteration": 573,
      "native_traversal_sec": 0.000185715,
      "row_count": 6
    },
    {
      "elapsed_sec": 0.0002059340476989746,
      "is_warmup": false,
      "iteration": 574,
      "native_traversal_sec": 0.000183505,
      "row_count": 6
    },
    {
      "elapsed_sec": 0.00020448118448257446,
      "is_warmup": false,
      "iteration": 575,
      "native_traversal_sec": 0.000182255,
      "row_count": 6
    },
    {
      "elapsed_sec": 0.00019838660955429077,
      "is_warmup": false,
      "iteration": 576,
      "native_traversal_sec": 0.000176245,
      "row_count": 6
    },
    {
      "elapsed_sec": 0.0002453625202178955,
      "is_warmup": false,
      "iteration": 577,
      "native_traversal_sec": 0.000223836,
      "row_count": 6
    },
    {
      "elapsed_sec": 0.00020318478345870972,
      "is_warmup": false,
      "iteration": 578,
      "native_traversal_sec": 0.000180675,
      "row_count": 6
    },
    {
      "elapsed_sec": 0.00020246952772140503,
      "is_warmup": false,
      "iteration": 579,
      "native_traversal_sec": 0.000179925,
      "row_count": 6
    },
    {
      "elapsed_sec": 0.00021053850650787354,
      "is_warmup": false,
      "iteration": 580,
      "native_traversal_sec": 0.000188155,
      "row_count": 6
    },
    {
      "elapsed_sec": 0.0002092495560646057,
      "is_warmup": false,
      "iteration": 581,
      "native_traversal_sec": 0.000187076,
      "row_count": 6
    },
    {
      "elapsed_sec": 0.00022309273481369019,
      "is_warmup": false,
      "iteration": 582,
      "native_traversal_sec": 0.000200806,
      "row_count": 6
    },
    {
      "elapsed_sec": 0.00019982457160949707,
      "is_warmup": false,
      "iteration": 583,
      "native_traversal_sec": 0.000176695,
      "row_count": 6
    },
    {
      "elapsed_sec": 0.00021016597747802734,
      "is_warmup": false,
      "iteration": 584,
      "native_traversal_sec": 0.000187855,
      "row_count": 6
    },
    {
      "elapsed_sec": 0.00021031498908996582,
      "is_warmup": false,
      "iteration": 585,
      "native_traversal_sec": 0.000188216,
      "row_count": 6
    },
    {
      "elapsed_sec": 0.0002129971981048584,
      "is_warmup": false,
      "iteration": 586,
      "native_traversal_sec": 0.000190776,
      "row_count": 6
    },
    {
      "elapsed_sec": 0.00020054727792739868,
      "is_warmup": false,
      "iteration": 587,
      "native_traversal_sec": 0.000177715,
      "row_count": 6
    },
    {
      "elapsed_sec": 0.00026251375675201416,
      "is_warmup": false,
      "iteration": 588,
      "native_traversal_sec": 0.000238857,
      "row_count": 6
    },
    {
      "elapsed_sec": 0.00020315498113632202,
      "is_warmup": false,
      "iteration": 589,
      "native_traversal_sec": 0.000178276,
      "row_count": 6
    },
    {
      "elapsed_sec": 0.00023937225341796875,
      "is_warmup": false,
      "iteration": 590,
      "native_traversal_sec": 0.000216737,
      "row_count": 6
    },
    {
      "elapsed_sec": 0.00022201985120773315,
      "is_warmup": false,
      "iteration": 591,
      "native_traversal_sec": 0.000199636,
      "row_count": 6
    },
    {
      "elapsed_sec": 0.0002244114875793457,
      "is_warmup": false,
      "iteration": 592,
      "native_traversal_sec": 0.000201446,
      "row_count": 6
    },
    {
      "elapsed_sec": 0.00019737333059310913,
      "is_warmup": false,
      "iteration": 593,
      "native_traversal_sec": 0.000174166,
      "row_count": 6
    },
    {
      "elapsed_sec": 0.00019381940364837646,
      "is_warmup": false,
      "iteration": 594,
      "native_traversal_sec": 0.000171505,
      "row_count": 6
    },
    {
      "elapsed_sec": 0.00019046664237976074,
      "is_warmup": false,
      "iteration": 595,
      "native_traversal_sec": 0.000167915,
      "row_count": 6
    },
    {
      "elapsed_sec": 0.00022770464420318604,
      "is_warmup": false,
      "iteration": 596,
      "native_traversal_sec": 0.000205346,
      "row_count": 6
    },
    {
      "elapsed_sec": 0.00019424408674240112,
      "is_warmup": false,
      "iteration": 597,
      "native_traversal_sec": 0.000170615,
      "row_count": 6
    },
    {
      "elapsed_sec": 0.00019016116857528687,
      "is_warmup": false,
      "iteration": 598,
      "native_traversal_sec": 0.000168005,
      "row_count": 6
    },
    {
      "elapsed_sec": 0.0001956149935722351,
      "is_warmup": false,
      "iteration": 599,
      "native_traversal_sec": 0.000173965,
      "row_count": 6
    },
    {
      "elapsed_sec": 0.00018917769193649292,
      "is_warmup": false,
      "iteration": 600,
      "native_traversal_sec": 0.000167305,
      "row_count": 6
    },
    {
      "elapsed_sec": 0.0002253204584121704,
      "is_warmup": false,
      "iteration": 601,
      "native_traversal_sec": 0.000203526,
      "row_count": 6
    },
    {
      "elapsed_sec": 0.00020322203636169434,
      "is_warmup": false,
      "iteration": 602,
      "native_traversal_sec": 0.000179975,
      "row_count": 6
    },
    {
      "elapsed_sec": 0.0002115294337272644,
      "is_warmup": false,
      "iteration": 603,
      "native_traversal_sec": 0.000189265,
      "row_count": 6
    },
    {
      "elapsed_sec": 0.00021166354417800903,
      "is_warmup": false,
      "iteration": 604,
      "native_traversal_sec": 0.000188745,
      "row_count": 6
    },
    {
      "elapsed_sec": 0.00023223459720611572,
      "is_warmup": false,
      "iteration": 605,
      "native_traversal_sec": 0.000209746,
      "row_count": 6
    },
    {
      "elapsed_sec": 0.0002140924334526062,
      "is_warmup": false,
      "iteration": 606,
      "native_traversal_sec": 0.000190546,
      "row_count": 6
    },
    {
      "elapsed_sec": 0.00021407008171081543,
      "is_warmup": false,
      "iteration": 607,
      "native_traversal_sec": 0.000191106,
      "row_count": 6
    },
    {
      "elapsed_sec": 0.00020176172256469727,
      "is_warmup": false,
      "iteration": 608,
      "native_traversal_sec": 0.000179715,
      "row_count": 6
    },
    {
      "elapsed_sec": 0.00021214783191680908,
      "is_warmup": false,
      "iteration": 609,
      "native_traversal_sec": 0.000190125,
      "row_count": 6
    },
    {
      "elapsed_sec": 0.00024284422397613525,
      "is_warmup": false,
      "iteration": 610,
      "native_traversal_sec": 0.000217376,
      "row_count": 6
    },
    {
      "elapsed_sec": 0.00021119415760040283,
      "is_warmup": false,
      "iteration": 611,
      "native_traversal_sec": 0.000184975,
      "row_count": 6
    },
    {
      "elapsed_sec": 0.00020281970500946045,
      "is_warmup": false,
      "iteration": 612,
      "native_traversal_sec": 0.000180425,
      "row_count": 6
    },
    {
      "elapsed_sec": 0.0001988038420677185,
      "is_warmup": false,
      "iteration": 613,
      "native_traversal_sec": 0.000175975,
      "row_count": 6
    },
    {
      "elapsed_sec": 0.00021389871835708618,
      "is_warmup": false,
      "iteration": 614,
      "native_traversal_sec": 0.000191776,
      "row_count": 6
    },
    {
      "elapsed_sec": 0.0002181604504585266,
      "is_warmup": false,
      "iteration": 615,
      "native_traversal_sec": 0.000195636,
      "row_count": 6
    },
    {
      "elapsed_sec": 0.00025584548711776733,
      "is_warmup": false,
      "iteration": 616,
      "native_traversal_sec": 0.000233047,
      "row_count": 6
    },
    {
      "elapsed_sec": 0.00021830201148986816,
      "is_warmup": false,
      "iteration": 617,
      "native_traversal_sec": 0.000195686,
      "row_count": 6
    },
    {
      "elapsed_sec": 0.00021630525588989258,
      "is_warmup": false,
      "iteration": 618,
      "native_traversal_sec": 0.000194325,
      "row_count": 6
    },
    {
      "elapsed_sec": 0.00020833313465118408,
      "is_warmup": false,
      "iteration": 619,
      "native_traversal_sec": 0.000185396,
      "row_count": 6
    },
    {
      "elapsed_sec": 0.0002071782946586609,
      "is_warmup": false,
      "iteration": 620,
      "native_traversal_sec": 0.000184326,
      "row_count": 6
    },
    {
      "elapsed_sec": 0.00020569562911987305,
      "is_warmup": false,
      "iteration": 621,
      "native_traversal_sec": 0.000182506,
      "row_count": 6
    },
    {
      "elapsed_sec": 0.000199928879737854,
      "is_warmup": false,
      "iteration": 622,
      "native_traversal_sec": 0.000177195,
      "row_count": 6
    },
    {
      "elapsed_sec": 0.00020091980695724487,
      "is_warmup": false,
      "iteration": 623,
      "native_traversal_sec": 0.000178076,
      "row_count": 6
    },
    {
      "elapsed_sec": 0.00022464245557785034,
      "is_warmup": false,
      "iteration": 624,
      "native_traversal_sec": 0.000201656,
      "row_count": 6
    },
    {
      "elapsed_sec": 0.00020326673984527588,
      "is_warmup": false,
      "iteration": 625,
      "native_traversal_sec": 0.000179915,
      "row_count": 6
    },
    {
      "elapsed_sec": 0.000199243426322937,
      "is_warmup": false,
      "iteration": 626,
      "native_traversal_sec": 0.000177125,
      "row_count": 6
    },
    {
      "elapsed_sec": 0.0001968294382095337,
      "is_warmup": false,
      "iteration": 627,
      "native_traversal_sec": 0.000175005,
      "row_count": 6
    },
    {
      "elapsed_sec": 0.00019652396440505981,
      "is_warmup": false,
      "iteration": 628,
      "native_traversal_sec": 0.000174235,
      "row_count": 6
    },
    {
      "elapsed_sec": 0.00022795051336288452,
      "is_warmup": false,
      "iteration": 629,
      "native_traversal_sec": 0.000205876,
      "row_count": 6
    },
    {
      "elapsed_sec": 0.0002040565013885498,
      "is_warmup": false,
      "iteration": 630,
      "native_traversal_sec": 0.000181165,
      "row_count": 6
    },
    {
      "elapsed_sec": 0.00019638985395431519,
      "is_warmup": false,
      "iteration": 631,
      "native_traversal_sec": 0.000173965,
      "row_count": 6
    },
    {
      "elapsed_sec": 0.0001980513334274292,
      "is_warmup": false,
      "iteration": 632,
      "native_traversal_sec": 0.000175605,
      "row_count": 6
    },
    {
      "elapsed_sec": 0.00020059198141098022,
      "is_warmup": false,
      "iteration": 633,
      "native_traversal_sec": 0.000178425,
      "row_count": 6
    },
    {
      "elapsed_sec": 0.0002233758568763733,
      "is_warmup": false,
      "iteration": 634,
      "native_traversal_sec": 0.000201046,
      "row_count": 6
    },
    {
      "elapsed_sec": 0.00020369142293930054,
      "is_warmup": false,
      "iteration": 635,
      "native_traversal_sec": 0.000180366,
      "row_count": 6
    },
    {
      "elapsed_sec": 0.00019817054271697998,
      "is_warmup": false,
      "iteration": 636,
      "native_traversal_sec": 0.000175946,
      "row_count": 6
    },
    {
      "elapsed_sec": 0.00019354373216629028,
      "is_warmup": false,
      "iteration": 637,
      "native_traversal_sec": 0.000172115,
      "row_count": 6
    },
    {
      "elapsed_sec": 0.00019212812185287476,
      "is_warmup": false,
      "iteration": 638,
      "native_traversal_sec": 0.000170315,
      "row_count": 6
    },
    {
      "elapsed_sec": 0.00022445619106292725,
      "is_warmup": false,
      "iteration": 639,
      "native_traversal_sec": 0.000191026,
      "row_count": 6
    },
    {
      "elapsed_sec": 0.0001962035894393921,
      "is_warmup": false,
      "iteration": 640,
      "native_traversal_sec": 0.000172445,
      "row_count": 6
    },
    {
      "elapsed_sec": 0.0001930445432662964,
      "is_warmup": false,
      "iteration": 641,
      "native_traversal_sec": 0.000171195,
      "row_count": 6
    },
    {
      "elapsed_sec": 0.0001895502209663391,
      "is_warmup": false,
      "iteration": 642,
      "native_traversal_sec": 0.000167755,
      "row_count": 6
    },
    {
      "elapsed_sec": 0.00019124150276184082,
      "is_warmup": false,
      "iteration": 643,
      "native_traversal_sec": 0.000169195,
      "row_count": 6
    },
    {
      "elapsed_sec": 0.00020575523376464844,
      "is_warmup": false,
      "iteration": 644,
      "native_traversal_sec": 0.000172585,
      "row_count": 6
    },
    {
      "elapsed_sec": 0.00020170211791992188,
      "is_warmup": false,
      "iteration": 645,
      "native_traversal_sec": 0.000168325,
      "row_count": 6
    },
    {
      "elapsed_sec": 0.00018967688083648682,
      "is_warmup": false,
      "iteration": 646,
      "native_traversal_sec": 0.000166775,
      "row_count": 6
    },
    {
      "elapsed_sec": 0.00018658488988876343,
      "is_warmup": false,
      "iteration": 647,
      "native_traversal_sec": 0.000165375,
      "row_count": 6
    },
    {
      "elapsed_sec": 0.00018581002950668335,
      "is_warmup": false,
      "iteration": 648,
      "native_traversal_sec": 0.000164005,
      "row_count": 6
    },
    {
      "elapsed_sec": 0.00021573901176452637,
      "is_warmup": false,
      "iteration": 649,
      "native_traversal_sec": 0.000193515,
      "row_count": 6
    },
    {
      "elapsed_sec": 0.00019477307796478271,
      "is_warmup": false,
      "iteration": 650,
      "native_traversal_sec": 0.000171595,
      "row_count": 6
    },
    {
      "elapsed_sec": 0.0001914873719215393,
      "is_warmup": false,
      "iteration": 651,
      "native_traversal_sec": 0.000168635,
      "row_count": 6
    },
    {
      "elapsed_sec": 0.00019627809524536133,
      "is_warmup": false,
      "iteration": 652,
      "native_traversal_sec": 0.000173345,
      "row_count": 6
    },
    {
      "elapsed_sec": 0.00019012391567230225,
      "is_warmup": false,
      "iteration": 653,
      "native_traversal_sec": 0.000167125,
      "row_count": 6
    },
    {
      "elapsed_sec": 0.0002190321683883667,
      "is_warmup": false,
      "iteration": 654,
      "native_traversal_sec": 0.000196256,
      "row_count": 6
    },
    {
      "elapsed_sec": 0.00019897520542144775,
      "is_warmup": false,
      "iteration": 655,
      "native_traversal_sec": 0.000175805,
      "row_count": 6
    },
    {
      "elapsed_sec": 0.00019735842943191528,
      "is_warmup": false,
      "iteration": 656,
      "native_traversal_sec": 0.000174845,
      "row_count": 6
    },
    {
      "elapsed_sec": 0.0001998990774154663,
      "is_warmup": false,
      "iteration": 657,
      "native_traversal_sec": 0.000177815,
      "row_count": 6
    },
    {
      "elapsed_sec": 0.00026156753301620483,
      "is_warmup": false,
      "iteration": 658,
      "native_traversal_sec": 0.000239347,
      "row_count": 6
    },
    {
      "elapsed_sec": 0.00022474676370620728,
      "is_warmup": false,
      "iteration": 659,
      "native_traversal_sec": 0.000201885,
      "row_count": 6
    },
    {
      "elapsed_sec": 0.0002145618200302124,
      "is_warmup": false,
      "iteration": 660,
      "native_traversal_sec": 0.000191806,
      "row_count": 6
    },
    {
      "elapsed_sec": 0.0002226904034614563,
      "is_warmup": false,
      "iteration": 661,
      "native_traversal_sec": 0.000200616,
      "row_count": 6
    },
    {
      "elapsed_sec": 0.00021222233772277832,
      "is_warmup": false,
      "iteration": 662,
      "native_traversal_sec": 0.000189846,
      "row_count": 6
    },
    {
      "elapsed_sec": 0.0002123415470123291,
      "is_warmup": false,
      "iteration": 663,
      "native_traversal_sec": 0.000189616,
      "row_count": 6
    },
    {
      "elapsed_sec": 0.00020290911197662354,
      "is_warmup": false,
      "iteration": 664,
      "native_traversal_sec": 0.000179045,
      "row_count": 6
    },
    {
      "elapsed_sec": 0.00021728873252868652,
      "is_warmup": false,
      "iteration": 665,
      "native_traversal_sec": 0.000195096,
      "row_count": 6
    },
    {
      "elapsed_sec": 0.0001960471272468567,
      "is_warmup": false,
      "iteration": 666,
      "native_traversal_sec": 0.000174285,
      "row_count": 6
    },
    {
      "elapsed_sec": 0.0001979917287826538,
      "is_warmup": false,
      "iteration": 667,
      "native_traversal_sec": 0.000176975,
      "row_count": 6
    },
    {
      "elapsed_sec": 0.00021225214004516602,
      "is_warmup": false,
      "iteration": 668,
      "native_traversal_sec": 0.000190125,
      "row_count": 6
    },
    {
      "elapsed_sec": 0.00020193308591842651,
      "is_warmup": false,
      "iteration": 669,
      "native_traversal_sec": 0.000179555,
      "row_count": 6
    },
    {
      "elapsed_sec": 0.00019808858633041382,
      "is_warmup": false,
      "iteration": 670,
      "native_traversal_sec": 0.000175525,
      "row_count": 6
    },
    {
      "elapsed_sec": 0.00019982457160949707,
      "is_warmup": false,
      "iteration": 671,
      "native_traversal_sec": 0.000177845,
      "row_count": 6
    },
    {
      "elapsed_sec": 0.00019493699073791504,
      "is_warmup": false,
      "iteration": 672,
      "native_traversal_sec": 0.000172775,
      "row_count": 6
    },
    {
      "elapsed_sec": 0.00021933764219284058,
      "is_warmup": false,
      "iteration": 673,
      "native_traversal_sec": 0.000197106,
      "row_count": 6
    },
    {
      "elapsed_sec": 0.0002017393708229065,
      "is_warmup": false,
      "iteration": 674,
      "native_traversal_sec": 0.000178985,
      "row_count": 6
    },
    {
      "elapsed_sec": 0.00020053237676620483,
      "is_warmup": false,
      "iteration": 675,
      "native_traversal_sec": 0.000178185,
      "row_count": 6
    },
    {
      "elapsed_sec": 0.00019818544387817383,
      "is_warmup": false,
      "iteration": 676,
      "native_traversal_sec": 0.000175455,
      "row_count": 6
    },
    {
      "elapsed_sec": 0.00020066648721694946,
      "is_warmup": false,
      "iteration": 677,
      "native_traversal_sec": 0.000178566,
      "row_count": 6
    },
    {
      "elapsed_sec": 0.00020251423120498657,
      "is_warmup": false,
      "iteration": 678,
      "native_traversal_sec": 0.000180215,
      "row_count": 6
    },
    {
      "elapsed_sec": 0.00019825249910354614,
      "is_warmup": false,
      "iteration": 679,
      "native_traversal_sec": 0.000176255,
      "row_count": 6
    },
    {
      "elapsed_sec": 0.0001825392246246338,
      "is_warmup": false,
      "iteration": 680,
      "native_traversal_sec": 0.000162465,
      "row_count": 6
    },
    {
      "elapsed_sec": 0.0001592189073562622,
      "is_warmup": false,
      "iteration": 681,
      "native_traversal_sec": 0.000144494,
      "row_count": 6
    },
    {
      "elapsed_sec": 0.00015578418970108032,
      "is_warmup": false,
      "iteration": 682,
      "native_traversal_sec": 0.000141335,
      "row_count": 6
    },
    {
      "elapsed_sec": 0.000469990074634552,
      "is_warmup": false,
      "iteration": 683,
      "native_traversal_sec": 0.000454593,
      "row_count": 6
    },
    {
      "elapsed_sec": 0.00016447901725769043,
      "is_warmup": false,
      "iteration": 684,
      "native_traversal_sec": 0.000148584,
      "row_count": 6
    },
    {
      "elapsed_sec": 0.00015785545110702515,
      "is_warmup": false,
      "iteration": 685,
      "native_traversal_sec": 0.000142614,
      "row_count": 6
    },
    {
      "elapsed_sec": 0.00015909969806671143,
      "is_warmup": false,
      "iteration": 686,
      "native_traversal_sec": 0.000143645,
      "row_count": 6
    },
    {
      "elapsed_sec": 0.00017268210649490356,
      "is_warmup": false,
      "iteration": 687,
      "native_traversal_sec": 0.000157225,
      "row_count": 6
    },
    {
      "elapsed_sec": 0.00016028434038162231,
      "is_warmup": false,
      "iteration": 688,
      "native_traversal_sec": 0.000144604,
      "row_count": 6
    },
    {
      "elapsed_sec": 0.00016032904386520386,
      "is_warmup": false,
      "iteration": 689,
      "native_traversal_sec": 0.000144794,
      "row_count": 6
    },
    {
      "elapsed_sec": 0.00015835464000701904,
      "is_warmup": false,
      "iteration": 690,
      "native_traversal_sec": 0.000143244,
      "row_count": 6
    },
    {
      "elapsed_sec": 0.00015782564878463745,
      "is_warmup": false,
      "iteration": 691,
      "native_traversal_sec": 0.000142234,
      "row_count": 6
    },
    {
      "elapsed_sec": 0.00015822052955627441,
      "is_warmup": false,
      "iteration": 692,
      "native_traversal_sec": 0.000143294,
      "row_count": 6
    },
    {
      "elapsed_sec": 0.00015415996313095093,
      "is_warmup": false,
      "iteration": 693,
      "native_traversal_sec": 0.000139305,
      "row_count": 6
    },
    {
      "elapsed_sec": 0.00017751753330230713,
      "is_warmup": false,
      "iteration": 694,
      "native_traversal_sec": 0.000157285,
      "row_count": 6
    },
    {
      "elapsed_sec": 0.00016639381647109985,
      "is_warmup": false,
      "iteration": 695,
      "native_traversal_sec": 0.000150375,
      "row_count": 6
    },
    {
      "elapsed_sec": 0.00016224384307861328,
      "is_warmup": false,
      "iteration": 696,
      "native_traversal_sec": 0.000146505,
      "row_count": 6
    },
    {
      "elapsed_sec": 0.00015954673290252686,
      "is_warmup": false,
      "iteration": 697,
      "native_traversal_sec": 0.000144014,
      "row_count": 6
    },
    {
      "elapsed_sec": 0.0001592785120010376,
      "is_warmup": false,
      "iteration": 698,
      "native_traversal_sec": 0.000144034,
      "row_count": 6
    },
    {
      "elapsed_sec": 0.00015844404697418213,
      "is_warmup": false,
      "iteration": 699,
      "native_traversal_sec": 0.000143685,
      "row_count": 6
    },
    {
      "elapsed_sec": 0.00018922239542007446,
      "is_warmup": false,
      "iteration": 700,
      "native_traversal_sec": 0.000174025,
      "row_count": 6
    },
    {
      "elapsed_sec": 0.00017565488815307617,
      "is_warmup": false,
      "iteration": 701,
      "native_traversal_sec": 0.000159984,
      "row_count": 6
    },
    {
      "elapsed_sec": 0.00017489492893218994,
      "is_warmup": false,
      "iteration": 702,
      "native_traversal_sec": 0.000159445,
      "row_count": 6
    },
    {
      "elapsed_sec": 0.0001773536205291748,
      "is_warmup": false,
      "iteration": 703,
      "native_traversal_sec": 0.000162185,
      "row_count": 6
    },
    {
      "elapsed_sec": 0.00017001479864120483,
      "is_warmup": false,
      "iteration": 704,
      "native_traversal_sec": 0.000155175,
      "row_count": 6
    },
    {
      "elapsed_sec": 0.00018028169870376587,
      "is_warmup": false,
      "iteration": 705,
      "native_traversal_sec": 0.000165205,
      "row_count": 6
    },
    {
      "elapsed_sec": 0.00017599016427993774,
      "is_warmup": false,
      "iteration": 706,
      "native_traversal_sec": 0.000160664,
      "row_count": 6
    },
    {
      "elapsed_sec": 0.0001737847924232483,
      "is_warmup": false,
      "iteration": 707,
      "native_traversal_sec": 0.000158534,
      "row_count": 6
    },
    {
      "elapsed_sec": 0.00017493963241577148,
      "is_warmup": false,
      "iteration": 708,
      "native_traversal_sec": 0.000160165,
      "row_count": 6
    },
    {
      "elapsed_sec": 0.00015977025032043457,
      "is_warmup": false,
      "iteration": 709,
      "native_traversal_sec": 0.000144974,
      "row_count": 6
    },
    {
      "elapsed_sec": 0.00016052275896072388,
      "is_warmup": false,
      "iteration": 710,
      "native_traversal_sec": 0.000145144,
      "row_count": 6
    },
    {
      "elapsed_sec": 0.00018882006406784058,
      "is_warmup": false,
      "iteration": 711,
      "native_traversal_sec": 0.000173816,
      "row_count": 6
    },
    {
      "elapsed_sec": 0.0001658797264099121,
      "is_warmup": false,
      "iteration": 712,
      "native_traversal_sec": 0.000150014,
      "row_count": 6
    },
    {
      "elapsed_sec": 0.00017540156841278076,
      "is_warmup": false,
      "iteration": 713,
      "native_traversal_sec": 0.000159645,
      "row_count": 6
    },
    {
      "elapsed_sec": 0.00017177313566207886,
      "is_warmup": false,
      "iteration": 714,
      "native_traversal_sec": 0.000156765,
      "row_count": 6
    },
    {
      "elapsed_sec": 0.0001748800277709961,
      "is_warmup": false,
      "iteration": 715,
      "native_traversal_sec": 0.000160075,
      "row_count": 6
    },
    {
      "elapsed_sec": 0.00017640739679336548,
      "is_warmup": false,
      "iteration": 716,
      "native_traversal_sec": 0.000161585,
      "row_count": 6
    },
    {
      "elapsed_sec": 0.0002477914094924927,
      "is_warmup": false,
      "iteration": 717,
      "native_traversal_sec": 0.000232457,
      "row_count": 6
    },
    {
      "elapsed_sec": 0.00018203258514404297,
      "is_warmup": false,
      "iteration": 718,
      "native_traversal_sec": 0.000165575,
      "row_count": 6
    },
    {
      "elapsed_sec": 0.0001640915870666504,
      "is_warmup": false,
      "iteration": 719,
      "native_traversal_sec": 0.000148584,
      "row_count": 6
    },
    {
      "elapsed_sec": 0.00021188706159591675,
      "is_warmup": false,
      "iteration": 720,
      "native_traversal_sec": 0.000196006,
      "row_count": 6
    },
    {
      "elapsed_sec": 0.00016181915998458862,
      "is_warmup": false,
      "iteration": 721,
      "native_traversal_sec": 0.000146384,
      "row_count": 6
    },
    {
      "elapsed_sec": 0.00017805397510528564,
      "is_warmup": false,
      "iteration": 722,
      "native_traversal_sec": 0.000162315,
      "row_count": 6
    },
    {
      "elapsed_sec": 0.00016229599714279175,
      "is_warmup": false,
      "iteration": 723,
      "native_traversal_sec": 0.000145475,
      "row_count": 6
    },
    {
      "elapsed_sec": 0.00016079097986221313,
      "is_warmup": false,
      "iteration": 724,
      "native_traversal_sec": 0.000145384,
      "row_count": 6
    },
    {
      "elapsed_sec": 0.00016295164823532104,
      "is_warmup": false,
      "iteration": 725,
      "native_traversal_sec": 0.000147834,
      "row_count": 6
    },
    {
      "elapsed_sec": 0.00016032159328460693,
      "is_warmup": false,
      "iteration": 726,
      "native_traversal_sec": 0.000144534,
      "row_count": 6
    },
    {
      "elapsed_sec": 0.00015810877084732056,
      "is_warmup": false,
      "iteration": 727,
      "native_traversal_sec": 0.000143215,
      "row_count": 6
    },
    {
      "elapsed_sec": 0.00018341094255447388,
      "is_warmup": false,
      "iteration": 728,
      "native_traversal_sec": 0.000167915,
      "row_count": 6
    },
    {
      "elapsed_sec": 0.00016701966524124146,
      "is_warmup": false,
      "iteration": 729,
      "native_traversal_sec": 0.000151265,
      "row_count": 6
    },
    {
      "elapsed_sec": 0.0001617521047592163,
      "is_warmup": false,
      "iteration": 730,
      "native_traversal_sec": 0.000146265,
      "row_count": 6
    },
    {
      "elapsed_sec": 0.00016126036643981934,
      "is_warmup": false,
      "iteration": 731,
      "native_traversal_sec": 0.000145824,
      "row_count": 6
    },
    {
      "elapsed_sec": 0.00016026943922042847,
      "is_warmup": false,
      "iteration": 732,
      "native_traversal_sec": 0.000144674,
      "row_count": 6
    },
    {
      "elapsed_sec": 0.00015961378812789917,
      "is_warmup": false,
      "iteration": 733,
      "native_traversal_sec": 0.000144425,
      "row_count": 6
    },
    {
      "elapsed_sec": 0.00016921758651733398,
      "is_warmup": false,
      "iteration": 734,
      "native_traversal_sec": 0.000153425,
      "row_count": 6
    },
    {
      "elapsed_sec": 0.00017653405666351318,
      "is_warmup": false,
      "iteration": 735,
      "native_traversal_sec": 0.000159945,
      "row_count": 6
    },
    {
      "elapsed_sec": 0.00016096234321594238,
      "is_warmup": false,
      "iteration": 736,
      "native_traversal_sec": 0.000145325,
      "row_count": 6
    },
    {
      "elapsed_sec": 0.0001595914363861084,
      "is_warmup": false,
      "iteration": 737,
      "native_traversal_sec": 0.000144804,
      "row_count": 6
    },
    {
      "elapsed_sec": 0.0001630038022994995,
      "is_warmup": false,
      "iteration": 738,
      "native_traversal_sec": 0.000147414,
      "row_count": 6
    },
    {
      "elapsed_sec": 0.00015873461961746216,
      "is_warmup": false,
      "iteration": 739,
      "native_traversal_sec": 0.000143774,
      "row_count": 6
    },
    {
      "elapsed_sec": 0.00019569694995880127,
      "is_warmup": false,
      "iteration": 740,
      "native_traversal_sec": 0.000180236,
      "row_count": 6
    },
    {
      "elapsed_sec": 0.00017632544040679932,
      "is_warmup": false,
      "iteration": 741,
      "native_traversal_sec": 0.000160785,
      "row_count": 6
    },
    {
      "elapsed_sec": 0.00016371160745620728,
      "is_warmup": false,
      "iteration": 742,
      "native_traversal_sec": 0.000148235,
      "row_count": 6
    },
    {
      "elapsed_sec": 0.00016324222087860107,
      "is_warmup": false,
      "iteration": 743,
      "native_traversal_sec": 0.000148124,
      "row_count": 6
    },
    {
      "elapsed_sec": 0.00016376376152038574,
      "is_warmup": false,
      "iteration": 744,
      "native_traversal_sec": 0.000148694,
      "row_count": 6
    },
    {
      "elapsed_sec": 0.00017667561769485474,
      "is_warmup": false,
      "iteration": 745,
      "native_traversal_sec": 0.000161345,
      "row_count": 6
    },
    {
      "elapsed_sec": 0.00025509297847747803,
      "is_warmup": false,
      "iteration": 746,
      "native_traversal_sec": 0.000237877,
      "row_count": 6
    },
    {
      "elapsed_sec": 0.00017687678337097168,
      "is_warmup": false,
      "iteration": 747,
      "native_traversal_sec": 0.000158264,
      "row_count": 6
    },
    {
      "elapsed_sec": 0.0001757889986038208,
      "is_warmup": false,
      "iteration": 748,
      "native_traversal_sec": 0.000160604,
      "row_count": 6
    },
    {
      "elapsed_sec": 0.0001727566123008728,
      "is_warmup": false,
      "iteration": 749,
      "native_traversal_sec": 0.000157775,
      "row_count": 6
    },
    {
      "elapsed_sec": 0.00017242133617401123,
      "is_warmup": false,
      "iteration": 750,
      "native_traversal_sec": 0.000157485,
      "row_count": 6
    },
    {
      "elapsed_sec": 0.00017789006233215332,
      "is_warmup": false,
      "iteration": 751,
      "native_traversal_sec": 0.000162665,
      "row_count": 6
    },
    {
      "elapsed_sec": 0.0001652166247367859,
      "is_warmup": false,
      "iteration": 752,
      "native_traversal_sec": 0.000149195,
      "row_count": 6
    },
    {
      "elapsed_sec": 0.00017900019884109497,
      "is_warmup": false,
      "iteration": 753,
      "native_traversal_sec": 0.000162645,
      "row_count": 6
    },
    {
      "elapsed_sec": 0.0001726970076560974,
      "is_warmup": false,
      "iteration": 754,
      "native_traversal_sec": 0.000157365,
      "row_count": 6
    },
    {
      "elapsed_sec": 0.00017273426055908203,
      "is_warmup": false,
      "iteration": 755,
      "native_traversal_sec": 0.000157394,
      "row_count": 6
    },
    {
      "elapsed_sec": 0.00017313659191131592,
      "is_warmup": false,
      "iteration": 756,
      "native_traversal_sec": 0.000157664,
      "row_count": 6
    },
    {
      "elapsed_sec": 0.000202864408493042,
      "is_warmup": false,
      "iteration": 757,
      "native_traversal_sec": 0.000187215,
      "row_count": 6
    },
    {
      "elapsed_sec": 0.00017076730728149414,
      "is_warmup": false,
      "iteration": 758,
      "native_traversal_sec": 0.000154224,
      "row_count": 6
    },
    {
      "elapsed_sec": 0.0001724734902381897,
      "is_warmup": false,
      "iteration": 759,
      "native_traversal_sec": 0.000156884,
      "row_count": 6
    },
    {
      "elapsed_sec": 0.00017065554857254028,
      "is_warmup": false,
      "iteration": 760,
      "native_traversal_sec": 0.000155614,
      "row_count": 6
    },
    {
      "elapsed_sec": 0.00017490237951278687,
      "is_warmup": false,
      "iteration": 761,
      "native_traversal_sec": 0.000159485,
      "row_count": 6
    },
    {
      "elapsed_sec": 0.00019448250532150269,
      "is_warmup": false,
      "iteration": 762,
      "native_traversal_sec": 0.000179025,
      "row_count": 6
    },
    {
      "elapsed_sec": 0.00017279386520385742,
      "is_warmup": false,
      "iteration": 763,
      "native_traversal_sec": 0.000156574,
      "row_count": 6
    },
    {
      "elapsed_sec": 0.00017727911472320557,
      "is_warmup": false,
      "iteration": 764,
      "native_traversal_sec": 0.000161225,
      "row_count": 6
    },
    {
      "elapsed_sec": 0.00017543137073516846,
      "is_warmup": false,
      "iteration": 765,
      "native_traversal_sec": 0.000159975,
      "row_count": 6
    },
    {
      "elapsed_sec": 0.00017134100198745728,
      "is_warmup": false,
      "iteration": 766,
      "native_traversal_sec": 0.000156155,
      "row_count": 6
    },
    {
      "elapsed_sec": 0.00016824156045913696,
      "is_warmup": false,
      "iteration": 767,
      "native_traversal_sec": 0.000152885,
      "row_count": 6
    },
    {
      "elapsed_sec": 0.00019471347332000732,
      "is_warmup": false,
      "iteration": 768,
      "native_traversal_sec": 0.000179496,
      "row_count": 6
    },
    {
      "elapsed_sec": 0.00018211454153060913,
      "is_warmup": false,
      "iteration": 769,
      "native_traversal_sec": 0.000166225,
      "row_count": 6
    },
    {
      "elapsed_sec": 0.00016968697309494019,
      "is_warmup": false,
      "iteration": 770,
      "native_traversal_sec": 0.000154705,
      "row_count": 6
    },
    {
      "elapsed_sec": 0.00017139315605163574,
      "is_warmup": false,
      "iteration": 771,
      "native_traversal_sec": 0.000155785,
      "row_count": 6
    },
    {
      "elapsed_sec": 0.00016910582780838013,
      "is_warmup": false,
      "iteration": 772,
      "native_traversal_sec": 0.000153815,
      "row_count": 6
    },
    {
      "elapsed_sec": 0.0001742914319038391,
      "is_warmup": false,
      "iteration": 773,
      "native_traversal_sec": 0.000159165,
      "row_count": 6
    },
    {
      "elapsed_sec": 0.00017424672842025757,
      "is_warmup": false,
      "iteration": 774,
      "native_traversal_sec": 0.000158395,
      "row_count": 6
    },
    {
      "elapsed_sec": 0.0001617223024368286,
      "is_warmup": false,
      "iteration": 775,
      "native_traversal_sec": 0.000144544,
      "row_count": 6
    },
    {
      "elapsed_sec": 0.00017277151346206665,
      "is_warmup": false,
      "iteration": 776,
      "native_traversal_sec": 0.000157255,
      "row_count": 6
    },
    {
      "elapsed_sec": 0.00017455965280532837,
      "is_warmup": false,
      "iteration": 777,
      "native_traversal_sec": 0.000159045,
      "row_count": 6
    },
    {
      "elapsed_sec": 0.00017017871141433716,
      "is_warmup": false,
      "iteration": 778,
      "native_traversal_sec": 0.000155144,
      "row_count": 6
    },
    {
      "elapsed_sec": 0.00017523020505905151,
      "is_warmup": false,
      "iteration": 779,
      "native_traversal_sec": 0.000159244,
      "row_count": 6
    },
    {
      "elapsed_sec": 0.00017891079187393188,
      "is_warmup": false,
      "iteration": 780,
      "native_traversal_sec": 0.000162965,
      "row_count": 6
    },
    {
      "elapsed_sec": 0.00016539543867111206,
      "is_warmup": false,
      "iteration": 781,
      "native_traversal_sec": 0.000149024,
      "row_count": 6
    },
    {
      "elapsed_sec": 0.00016348063945770264,
      "is_warmup": false,
      "iteration": 782,
      "native_traversal_sec": 0.000147554,
      "row_count": 6
    },
    {
      "elapsed_sec": 0.0001676604151725769,
      "is_warmup": false,
      "iteration": 783,
      "native_traversal_sec": 0.000149644,
      "row_count": 6
    },
    {
      "elapsed_sec": 0.0001606196165084839,
      "is_warmup": false,
      "iteration": 784,
      "native_traversal_sec": 0.000143934,
      "row_count": 6
    },
    {
      "elapsed_sec": 0.00031983107328414917,
      "is_warmup": false,
      "iteration": 785,
      "native_traversal_sec": 0.000304409,
      "row_count": 6
    },
    {
      "elapsed_sec": 0.00017033517360687256,
      "is_warmup": false,
      "iteration": 786,
      "native_traversal_sec": 0.000154084,
      "row_count": 6
    },
    {
      "elapsed_sec": 0.0001757591962814331,
      "is_warmup": false,
      "iteration": 787,
      "native_traversal_sec": 0.000159525,
      "row_count": 6
    },
    {
      "elapsed_sec": 0.00016613304615020752,
      "is_warmup": false,
      "iteration": 788,
      "native_traversal_sec": 0.000148684,
      "row_count": 6
    },
    {
      "elapsed_sec": 0.0001595616340637207,
      "is_warmup": false,
      "iteration": 789,
      "native_traversal_sec": 0.000144194,
      "row_count": 6
    },
    {
      "elapsed_sec": 0.00017441809177398682,
      "is_warmup": false,
      "iteration": 790,
      "native_traversal_sec": 0.000158894,
      "row_count": 6
    },
    {
      "elapsed_sec": 0.0001681596040725708,
      "is_warmup": false,
      "iteration": 791,
      "native_traversal_sec": 0.000152644,
      "row_count": 6
    },
    {
      "elapsed_sec": 0.00018405914306640625,
      "is_warmup": false,
      "iteration": 792,
      "native_traversal_sec": 0.000168055,
      "row_count": 6
    },
    {
      "elapsed_sec": 0.00017417967319488525,
      "is_warmup": false,
      "iteration": 793,
      "native_traversal_sec": 0.000158765,
      "row_count": 6
    },
    {
      "elapsed_sec": 0.0001597777009010315,
      "is_warmup": false,
      "iteration": 794,
      "native_traversal_sec": 0.000143914,
      "row_count": 6
    },
    {
      "elapsed_sec": 0.00015675276517868042,
      "is_warmup": false,
      "iteration": 795,
      "native_traversal_sec": 0.000141334,
      "row_count": 6
    },
    {
      "elapsed_sec": 0.00016847997903823853,
      "is_warmup": false,
      "iteration": 796,
      "native_traversal_sec": 0.000152144,
      "row_count": 6
    },
    {
      "elapsed_sec": 0.00017937272787094116,
      "is_warmup": false,
      "iteration": 797,
      "native_traversal_sec": 0.000163734,
      "row_count": 6
    },
    {
      "elapsed_sec": 0.0001599639654159546,
      "is_warmup": false,
      "iteration": 798,
      "native_traversal_sec": 0.000144214,
      "row_count": 6
    },
    {
      "elapsed_sec": 0.00015967339277267456,
      "is_warmup": false,
      "iteration": 799,
      "native_traversal_sec": 0.000144734,
      "row_count": 6
    },
    {
      "elapsed_sec": 0.00017190724611282349,
      "is_warmup": false,
      "iteration": 800,
      "native_traversal_sec": 0.000157035,
      "row_count": 6
    },
    {
      "elapsed_sec": 0.0001751631498336792,
      "is_warmup": false,
      "iteration": 801,
      "native_traversal_sec": 0.000160275,
      "row_count": 6
    },
    {
      "elapsed_sec": 0.00018262863159179688,
      "is_warmup": false,
      "iteration": 802,
      "native_traversal_sec": 0.000167074,
      "row_count": 6
    },
    {
      "elapsed_sec": 0.00017625093460083008,
      "is_warmup": false,
      "iteration": 803,
      "native_traversal_sec": 0.000160965,
      "row_count": 6
    },
    {
      "elapsed_sec": 0.00017166882753372192,
      "is_warmup": false,
      "iteration": 804,
      "native_traversal_sec": 0.000156345,
      "row_count": 6
    },
    {
      "elapsed_sec": 0.00017249584197998047,
      "is_warmup": false,
      "iteration": 805,
      "native_traversal_sec": 0.000157505,
      "row_count": 6
    },
    {
      "elapsed_sec": 0.0001753196120262146,
      "is_warmup": false,
      "iteration": 806,
      "native_traversal_sec": 0.000159705,
      "row_count": 6
    },
    {
      "elapsed_sec": 0.00017436593770980835,
      "is_warmup": false,
      "iteration": 807,
      "native_traversal_sec": 0.000158875,
      "row_count": 6
    },
    {
      "elapsed_sec": 0.0001855418086051941,
      "is_warmup": false,
      "iteration": 808,
      "native_traversal_sec": 0.000170485,
      "row_count": 6
    },
    {
      "elapsed_sec": 0.00017058104276657104,
      "is_warmup": false,
      "iteration": 809,
      "native_traversal_sec": 0.000154585,
      "row_count": 6
    },
    {
      "elapsed_sec": 0.00017346441745758057,
      "is_warmup": false,
      "iteration": 810,
      "native_traversal_sec": 0.000157365,
      "row_count": 6
    },
    {
      "elapsed_sec": 0.00017395615577697754,
      "is_warmup": false,
      "iteration": 811,
      "native_traversal_sec": 0.000158705,
      "row_count": 6
    },
    {
      "elapsed_sec": 0.00017282366752624512,
      "is_warmup": false,
      "iteration": 812,
      "native_traversal_sec": 0.000155525,
      "row_count": 6
    },
    {
      "elapsed_sec": 0.00017607957124710083,
      "is_warmup": false,
      "iteration": 813,
      "native_traversal_sec": 0.000160925,
      "row_count": 6
    },
    {
      "elapsed_sec": 0.00017464905977249146,
      "is_warmup": false,
      "iteration": 814,
      "native_traversal_sec": 0.000158954,
      "row_count": 6
    },
    {
      "elapsed_sec": 0.00017648190259933472,
      "is_warmup": false,
      "iteration": 815,
      "native_traversal_sec": 0.000159694,
      "row_count": 6
    },
    {
      "elapsed_sec": 0.00016482174396514893,
      "is_warmup": false,
      "iteration": 816,
      "native_traversal_sec": 0.000148394,
      "row_count": 6
    },
    {
      "elapsed_sec": 0.0001745074987411499,
      "is_warmup": false,
      "iteration": 817,
      "native_traversal_sec": 0.000158504,
      "row_count": 6
    },
    {
      "elapsed_sec": 0.00017173588275909424,
      "is_warmup": false,
      "iteration": 818,
      "native_traversal_sec": 0.000156654,
      "row_count": 6
    },
    {
      "elapsed_sec": 0.00017777085304260254,
      "is_warmup": false,
      "iteration": 819,
      "native_traversal_sec": 0.000163005,
      "row_count": 6
    },
    {
      "elapsed_sec": 0.00017493218183517456,
      "is_warmup": false,
      "iteration": 820,
      "native_traversal_sec": 0.000159175,
      "row_count": 6
    },
    {
      "elapsed_sec": 0.00017259269952774048,
      "is_warmup": false,
      "iteration": 821,
      "native_traversal_sec": 0.000156825,
      "row_count": 6
    },
    {
      "elapsed_sec": 0.000172443687915802,
      "is_warmup": false,
      "iteration": 822,
      "native_traversal_sec": 0.000157055,
      "row_count": 6
    },
    {
      "elapsed_sec": 0.00017315149307250977,
      "is_warmup": false,
      "iteration": 823,
      "native_traversal_sec": 0.000156054,
      "row_count": 6
    },
    {
      "elapsed_sec": 0.000171758234500885,
      "is_warmup": false,
      "iteration": 824,
      "native_traversal_sec": 0.000156514,
      "row_count": 6
    },
    {
      "elapsed_sec": 0.00019768625497817993,
      "is_warmup": false,
      "iteration": 825,
      "native_traversal_sec": 0.000181105,
      "row_count": 6
    },
    {
      "elapsed_sec": 0.00017350167036056519,
      "is_warmup": false,
      "iteration": 826,
      "native_traversal_sec": 0.000156104,
      "row_count": 6
    },
    {
      "elapsed_sec": 0.00017035752534866333,
      "is_warmup": false,
      "iteration": 827,
      "native_traversal_sec": 0.000154584,
      "row_count": 6
    },
    {
      "elapsed_sec": 0.00016739964485168457,
      "is_warmup": false,
      "iteration": 828,
      "native_traversal_sec": 0.000151894,
      "row_count": 6
    },
    {
      "elapsed_sec": 0.00017096102237701416,
      "is_warmup": false,
      "iteration": 829,
      "native_traversal_sec": 0.000156264,
      "row_count": 6
    },
    {
      "elapsed_sec": 0.00016843527555465698,
      "is_warmup": false,
      "iteration": 830,
      "native_traversal_sec": 0.000153004,
      "row_count": 6
    },
    {
      "elapsed_sec": 0.0002136528491973877,
      "is_warmup": false,
      "iteration": 831,
      "native_traversal_sec": 0.000198186,
      "row_count": 6
    },
    {
      "elapsed_sec": 0.0001822337508201599,
      "is_warmup": false,
      "iteration": 832,
      "native_traversal_sec": 0.000164875,
      "row_count": 6
    },
    {
      "elapsed_sec": 0.00016779452562332153,
      "is_warmup": false,
      "iteration": 833,
      "native_traversal_sec": 0.000152175,
      "row_count": 6
    },
    {
      "elapsed_sec": 0.00017756223678588867,
      "is_warmup": false,
      "iteration": 834,
      "native_traversal_sec": 0.000160265,
      "row_count": 6
    },
    {
      "elapsed_sec": 0.0001710355281829834,
      "is_warmup": false,
      "iteration": 835,
      "native_traversal_sec": 0.000156235,
      "row_count": 6
    },
    {
      "elapsed_sec": 0.00017289817333221436,
      "is_warmup": false,
      "iteration": 836,
      "native_traversal_sec": 0.000157865,
      "row_count": 6
    },
    {
      "elapsed_sec": 0.0001691877841949463,
      "is_warmup": false,
      "iteration": 837,
      "native_traversal_sec": 0.000154034,
      "row_count": 6
    },
    {
      "elapsed_sec": 0.0001726970076560974,
      "is_warmup": false,
      "iteration": 838,
      "native_traversal_sec": 0.000157024,
      "row_count": 6
    },
    {
      "elapsed_sec": 0.00017718970775604248,
      "is_warmup": false,
      "iteration": 839,
      "native_traversal_sec": 0.000162074,
      "row_count": 6
    },
    {
      "elapsed_sec": 0.0001647844910621643,
      "is_warmup": false,
      "iteration": 840,
      "native_traversal_sec": 0.000149914,
      "row_count": 6
    },
    {
      "elapsed_sec": 0.000167161226272583,
      "is_warmup": false,
      "iteration": 841,
      "native_traversal_sec": 0.000151314,
      "row_count": 6
    },
    {
      "elapsed_sec": 0.00018392503261566162,
      "is_warmup": false,
      "iteration": 842,
      "native_traversal_sec": 0.000168285,
      "row_count": 6
    },
    {
      "elapsed_sec": 0.00017948448657989502,
      "is_warmup": false,
      "iteration": 843,
      "native_traversal_sec": 0.000162985,
      "row_count": 6
    },
    {
      "elapsed_sec": 0.00017540156841278076,
      "is_warmup": false,
      "iteration": 844,
      "native_traversal_sec": 0.000159955,
      "row_count": 6
    },
    {
      "elapsed_sec": 0.00018003582954406738,
      "is_warmup": false,
      "iteration": 845,
      "native_traversal_sec": 0.000163804,
      "row_count": 6
    },
    {
      "elapsed_sec": 0.00018323957920074463,
      "is_warmup": false,
      "iteration": 846,
      "native_traversal_sec": 0.000166865,
      "row_count": 6
    },
    {
      "elapsed_sec": 0.00021428614854812622,
      "is_warmup": false,
      "iteration": 847,
      "native_traversal_sec": 0.000198366,
      "row_count": 6
    },
    {
      "elapsed_sec": 0.00017654895782470703,
      "is_warmup": false,
      "iteration": 848,
      "native_traversal_sec": 0.000160294,
      "row_count": 6
    },
    {
      "elapsed_sec": 0.0001839771866798401,
      "is_warmup": false,
      "iteration": 849,
      "native_traversal_sec": 0.000168655,
      "row_count": 6
    },
    {
      "elapsed_sec": 0.00017721205949783325,
      "is_warmup": false,
      "iteration": 850,
      "native_traversal_sec": 0.000161125,
      "row_count": 6
    },
    {
      "elapsed_sec": 0.0004884600639343262,
      "is_warmup": false,
      "iteration": 851,
      "native_traversal_sec": 0.000472214,
      "row_count": 6
    },
    {
      "elapsed_sec": 0.00016734004020690918,
      "is_warmup": false,
      "iteration": 852,
      "native_traversal_sec": 0.000151294,
      "row_count": 6
    },
    {
      "elapsed_sec": 0.00016371160745620728,
      "is_warmup": false,
      "iteration": 853,
      "native_traversal_sec": 0.000148164,
      "row_count": 6
    },
    {
      "elapsed_sec": 0.00016597658395767212,
      "is_warmup": false,
      "iteration": 854,
      "native_traversal_sec": 0.000150835,
      "row_count": 6
    },
    {
      "elapsed_sec": 0.0001578405499458313,
      "is_warmup": false,
      "iteration": 855,
      "native_traversal_sec": 0.000142165,
      "row_count": 6
    },
    {
      "elapsed_sec": 0.00015740841627120972,
      "is_warmup": false,
      "iteration": 856,
      "native_traversal_sec": 0.000142384,
      "row_count": 6
    },
    {
      "elapsed_sec": 0.00022923946380615234,
      "is_warmup": false,
      "iteration": 857,
      "native_traversal_sec": 0.000213766,
      "row_count": 6
    },
    {
      "elapsed_sec": 0.00017606467008590698,
      "is_warmup": false,
      "iteration": 858,
      "native_traversal_sec": 0.000160235,
      "row_count": 6
    },
    {
      "elapsed_sec": 0.00017049908638000488,
      "is_warmup": false,
      "iteration": 859,
      "native_traversal_sec": 0.000154544,
      "row_count": 6
    },
    {
      "elapsed_sec": 0.00016610324382781982,
      "is_warmup": false,
      "iteration": 860,
      "native_traversal_sec": 0.000150504,
      "row_count": 6
    },
    {
      "elapsed_sec": 0.0001690015196800232,
      "is_warmup": false,
      "iteration": 861,
      "native_traversal_sec": 0.000153624,
      "row_count": 6
    },
    {
      "elapsed_sec": 0.0001650601625442505,
      "is_warmup": false,
      "iteration": 862,
      "native_traversal_sec": 0.000149664,
      "row_count": 6
    },
    {
      "elapsed_sec": 0.00017765164375305176,
      "is_warmup": false,
      "iteration": 863,
      "native_traversal_sec": 0.000161955,
      "row_count": 6
    },
    {
      "elapsed_sec": 0.00016868114471435547,
      "is_warmup": false,
      "iteration": 864,
      "native_traversal_sec": 0.000152904,
      "row_count": 6
    },
    {
      "elapsed_sec": 0.00016821175813674927,
      "is_warmup": false,
      "iteration": 865,
      "native_traversal_sec": 0.000152564,
      "row_count": 6
    },
    {
      "elapsed_sec": 0.00016722828149795532,
      "is_warmup": false,
      "iteration": 866,
      "native_traversal_sec": 0.000151604,
      "row_count": 6
    },
    {
      "elapsed_sec": 0.00016591697931289673,
      "is_warmup": false,
      "iteration": 867,
      "native_traversal_sec": 0.000151065,
      "row_count": 6
    },
    {
      "elapsed_sec": 0.000165499746799469,
      "is_warmup": false,
      "iteration": 868,
      "native_traversal_sec": 0.000150335,
      "row_count": 6
    },
    {
      "elapsed_sec": 0.0001779496669769287,
      "is_warmup": false,
      "iteration": 869,
      "native_traversal_sec": 0.000155655,
      "row_count": 6
    },
    {
      "elapsed_sec": 0.00016843527555465698,
      "is_warmup": false,
      "iteration": 870,
      "native_traversal_sec": 0.000152385,
      "row_count": 6
    },
    {
      "elapsed_sec": 0.0001668110489845276,
      "is_warmup": false,
      "iteration": 871,
      "native_traversal_sec": 0.000151525,
      "row_count": 6
    },
    {
      "elapsed_sec": 0.00015954673290252686,
      "is_warmup": false,
      "iteration": 872,
      "native_traversal_sec": 0.000143875,
      "row_count": 6
    },
    {
      "elapsed_sec": 0.0001587122678756714,
      "is_warmup": false,
      "iteration": 873,
      "native_traversal_sec": 0.000142864,
      "row_count": 6
    },
    {
      "elapsed_sec": 0.00016937404870986938,
      "is_warmup": false,
      "iteration": 874,
      "native_traversal_sec": 0.000153314,
      "row_count": 6
    },
    {
      "elapsed_sec": 0.0002125874161720276,
      "is_warmup": false,
      "iteration": 875,
      "native_traversal_sec": 0.000188875,
      "row_count": 6
    },
    {
      "elapsed_sec": 0.00018200278282165527,
      "is_warmup": false,
      "iteration": 876,
      "native_traversal_sec": 0.000165355,
      "row_count": 6
    },
    {
      "elapsed_sec": 0.00017663836479187012,
      "is_warmup": false,
      "iteration": 877,
      "native_traversal_sec": 0.000160545,
      "row_count": 6
    },
    {
      "elapsed_sec": 0.0001771673560142517,
      "is_warmup": false,
      "iteration": 878,
      "native_traversal_sec": 0.000161514,
      "row_count": 6
    },
    {
      "elapsed_sec": 0.00017230212688446045,
      "is_warmup": false,
      "iteration": 879,
      "native_traversal_sec": 0.000157194,
      "row_count": 6
    },
    {
      "elapsed_sec": 0.0001783519983291626,
      "is_warmup": false,
      "iteration": 880,
      "native_traversal_sec": 0.000162985,
      "row_count": 6
    },
    {
      "elapsed_sec": 0.00017734616994857788,
      "is_warmup": false,
      "iteration": 881,
      "native_traversal_sec": 0.000161065,
      "row_count": 6
    },
    {
      "elapsed_sec": 0.00016592442989349365,
      "is_warmup": false,
      "iteration": 882,
      "native_traversal_sec": 0.000149915,
      "row_count": 6
    },
    {
      "elapsed_sec": 0.00016941875219345093,
      "is_warmup": false,
      "iteration": 883,
      "native_traversal_sec": 0.000153695,
      "row_count": 6
    },
    {
      "elapsed_sec": 0.00016546249389648438,
      "is_warmup": false,
      "iteration": 884,
      "native_traversal_sec": 0.000150385,
      "row_count": 6
    },
    {
      "elapsed_sec": 0.00016845017671585083,
      "is_warmup": false,
      "iteration": 885,
      "native_traversal_sec": 0.000152975,
      "row_count": 6
    },
    {
      "elapsed_sec": 0.00019941478967666626,
      "is_warmup": false,
      "iteration": 886,
      "native_traversal_sec": 0.000183925,
      "row_count": 6
    },
    {
      "elapsed_sec": 0.00016301870346069336,
      "is_warmup": false,
      "iteration": 887,
      "native_traversal_sec": 0.000147084,
      "row_count": 6
    },
    {
      "elapsed_sec": 0.00015953928232192993,
      "is_warmup": false,
      "iteration": 888,
      "native_traversal_sec": 0.000143904,
      "row_count": 6
    },
    {
      "elapsed_sec": 0.00016663223505020142,
      "is_warmup": false,
      "iteration": 889,
      "native_traversal_sec": 0.000151445,
      "row_count": 6
    },
    {
      "elapsed_sec": 0.00015844404697418213,
      "is_warmup": false,
      "iteration": 890,
      "native_traversal_sec": 0.000143624,
      "row_count": 6
    },
    {
      "elapsed_sec": 0.00016182661056518555,
      "is_warmup": false,
      "iteration": 891,
      "native_traversal_sec": 0.000146674,
      "row_count": 6
    },
    {
      "elapsed_sec": 0.00016620010137557983,
      "is_warmup": false,
      "iteration": 892,
      "native_traversal_sec": 0.000151144,
      "row_count": 6
    },
    {
      "elapsed_sec": 0.00016020983457565308,
      "is_warmup": false,
      "iteration": 893,
      "native_traversal_sec": 0.000145044,
      "row_count": 6
    },
    {
      "elapsed_sec": 0.00015935301780700684,
      "is_warmup": false,
      "iteration": 894,
      "native_traversal_sec": 0.000144115,
      "row_count": 6
    },
    {
      "elapsed_sec": 0.00015670806169509888,
      "is_warmup": false,
      "iteration": 895,
      "native_traversal_sec": 0.000140954,
      "row_count": 6
    },
    {
      "elapsed_sec": 0.00015850365161895752,
      "is_warmup": false,
      "iteration": 896,
      "native_traversal_sec": 0.000143424,
      "row_count": 6
    },
    {
      "elapsed_sec": 0.00016463547945022583,
      "is_warmup": false,
      "iteration": 897,
      "native_traversal_sec": 0.000148985,
      "row_count": 6
    },
    {
      "elapsed_sec": 0.000171661376953125,
      "is_warmup": false,
      "iteration": 898,
      "native_traversal_sec": 0.000156045,
      "row_count": 6
    },
    {
      "elapsed_sec": 0.00015905499458312988,
      "is_warmup": false,
      "iteration": 899,
      "native_traversal_sec": 0.000143125,
      "row_count": 6
    },
    {
      "elapsed_sec": 0.00017280131578445435,
      "is_warmup": false,
      "iteration": 900,
      "native_traversal_sec": 0.000157245,
      "row_count": 6
    },
    {
      "elapsed_sec": 0.000161096453666687,
      "is_warmup": false,
      "iteration": 901,
      "native_traversal_sec": 0.000146014,
      "row_count": 6
    },
    {
      "elapsed_sec": 0.00015357136726379395,
      "is_warmup": false,
      "iteration": 902,
      "native_traversal_sec": 0.000138094,
      "row_count": 6
    },
    {
      "elapsed_sec": 0.00015501677989959717,
      "is_warmup": false,
      "iteration": 903,
      "native_traversal_sec": 0.000139595,
      "row_count": 6
    },
    {
      "elapsed_sec": 0.0001627802848815918,
      "is_warmup": false,
      "iteration": 904,
      "native_traversal_sec": 0.000147584,
      "row_count": 6
    },
    {
      "elapsed_sec": 0.00017608702182769775,
      "is_warmup": false,
      "iteration": 905,
      "native_traversal_sec": 0.000160064,
      "row_count": 6
    },
    {
      "elapsed_sec": 0.0001675039529800415,
      "is_warmup": false,
      "iteration": 906,
      "native_traversal_sec": 0.000151234,
      "row_count": 6
    },
    {
      "elapsed_sec": 0.00016021728515625,
      "is_warmup": false,
      "iteration": 907,
      "native_traversal_sec": 0.000144294,
      "row_count": 6
    },
    {
      "elapsed_sec": 0.0001601874828338623,
      "is_warmup": false,
      "iteration": 908,
      "native_traversal_sec": 0.000144314,
      "row_count": 6
    },
    {
      "elapsed_sec": 0.0001585930585861206,
      "is_warmup": false,
      "iteration": 909,
      "native_traversal_sec": 0.000142994,
      "row_count": 6
    },
    {
      "elapsed_sec": 0.00017080456018447876,
      "is_warmup": false,
      "iteration": 910,
      "native_traversal_sec": 0.000155154,
      "row_count": 6
    },
    {
      "elapsed_sec": 0.00016138702630996704,
      "is_warmup": false,
      "iteration": 911,
      "native_traversal_sec": 0.000145724,
      "row_count": 6
    },
    {
      "elapsed_sec": 0.00015886127948760986,
      "is_warmup": false,
      "iteration": 912,
      "native_traversal_sec": 0.000143784,
      "row_count": 6
    },
    {
      "elapsed_sec": 0.0001667514443397522,
      "is_warmup": false,
      "iteration": 913,
      "native_traversal_sec": 0.000151335,
      "row_count": 6
    },
    {
      "elapsed_sec": 0.00015912950038909912,
      "is_warmup": false,
      "iteration": 914,
      "native_traversal_sec": 0.000143915,
      "row_count": 6
    },
    {
      "elapsed_sec": 0.00015960633754730225,
      "is_warmup": false,
      "iteration": 915,
      "native_traversal_sec": 0.000144994,
      "row_count": 6
    },
    {
      "elapsed_sec": 0.00016628950834274292,
      "is_warmup": false,
      "iteration": 916,
      "native_traversal_sec": 0.000150664,
      "row_count": 6
    },
    {
      "elapsed_sec": 0.00017450004816055298,
      "is_warmup": false,
      "iteration": 917,
      "native_traversal_sec": 0.000158764,
      "row_count": 6
    },
    {
      "elapsed_sec": 0.00016067177057266235,
      "is_warmup": false,
      "iteration": 918,
      "native_traversal_sec": 0.000145824,
      "row_count": 6
    },
    {
      "elapsed_sec": 0.00015673041343688965,
      "is_warmup": false,
      "iteration": 919,
      "native_traversal_sec": 0.000141354,
      "row_count": 6
    },
    {
      "elapsed_sec": 0.00016031414270401,
      "is_warmup": false,
      "iteration": 920,
      "native_traversal_sec": 0.000145404,
      "row_count": 6
    },
    {
      "elapsed_sec": 0.00015985220670700073,
      "is_warmup": false,
      "iteration": 921,
      "native_traversal_sec": 0.000144274,
      "row_count": 6
    },
    {
      "elapsed_sec": 0.00030779093503952026,
      "is_warmup": false,
      "iteration": 922,
      "native_traversal_sec": 0.000292058,
      "row_count": 6
    },
    {
      "elapsed_sec": 0.00017547607421875,
      "is_warmup": false,
      "iteration": 923,
      "native_traversal_sec": 0.000159794,
      "row_count": 6
    },
    {
      "elapsed_sec": 0.00016286224126815796,
      "is_warmup": false,
      "iteration": 924,
      "native_traversal_sec": 0.000147204,
      "row_count": 6
    },
    {
      "elapsed_sec": 0.00016374140977859497,
      "is_warmup": false,
      "iteration": 925,
      "native_traversal_sec": 0.000148694,
      "row_count": 6
    },
    {
      "elapsed_sec": 0.00016862154006958008,
      "is_warmup": false,
      "iteration": 926,
      "native_traversal_sec": 0.000153315,
      "row_count": 6
    },
    {
      "elapsed_sec": 0.00017563998699188232,
      "is_warmup": false,
      "iteration": 927,
      "native_traversal_sec": 0.000159625,
      "row_count": 6
    },
    {
      "elapsed_sec": 0.00016842037439346313,
      "is_warmup": false,
      "iteration": 928,
      "native_traversal_sec": 0.000152454,
      "row_count": 6
    },
    {
      "elapsed_sec": 0.00016145408153533936,
      "is_warmup": false,
      "iteration": 929,
      "native_traversal_sec": 0.000146025,
      "row_count": 6
    },
    {
      "elapsed_sec": 0.00016498565673828125,
      "is_warmup": false,
      "iteration": 930,
      "native_traversal_sec": 0.000149695,
      "row_count": 6
    },
    {
      "elapsed_sec": 0.0001611262559890747,
      "is_warmup": false,
      "iteration": 931,
      "native_traversal_sec": 0.000145804,
      "row_count": 6
    },
    {
      "elapsed_sec": 0.0001577511429786682,
      "is_warmup": false,
      "iteration": 932,
      "native_traversal_sec": 0.000142814,
      "row_count": 6
    },
    {
      "elapsed_sec": 0.0001619383692741394,
      "is_warmup": false,
      "iteration": 933,
      "native_traversal_sec": 0.000142154,
      "row_count": 6
    },
    {
      "elapsed_sec": 0.00016130506992340088,
      "is_warmup": false,
      "iteration": 934,
      "native_traversal_sec": 0.000146255,
      "row_count": 6
    },
    {
      "elapsed_sec": 0.00015798211097717285,
      "is_warmup": false,
      "iteration": 935,
      "native_traversal_sec": 0.000142724,
      "row_count": 6
    },
    {
      "elapsed_sec": 0.00015766173601150513,
      "is_warmup": false,
      "iteration": 936,
      "native_traversal_sec": 0.000142854,
      "row_count": 6
    },
    {
      "elapsed_sec": 0.00016226619482040405,
      "is_warmup": false,
      "iteration": 937,
      "native_traversal_sec": 0.000146955,
      "row_count": 6
    },
    {
      "elapsed_sec": 0.0001599639654159546,
      "is_warmup": false,
      "iteration": 938,
      "native_traversal_sec": 0.000144474,
      "row_count": 6
    },
    {
      "elapsed_sec": 0.0001620650291442871,
      "is_warmup": false,
      "iteration": 939,
      "native_traversal_sec": 0.000147114,
      "row_count": 6
    },
    {
      "elapsed_sec": 0.0001663491129875183,
      "is_warmup": false,
      "iteration": 940,
      "native_traversal_sec": 0.000151254,
      "row_count": 6
    },
    {
      "elapsed_sec": 0.00016205012798309326,
      "is_warmup": false,
      "iteration": 941,
      "native_traversal_sec": 0.000146234,
      "row_count": 6
    },
    {
      "elapsed_sec": 0.00015830248594284058,
      "is_warmup": false,
      "iteration": 942,
      "native_traversal_sec": 0.000143705,
      "row_count": 6
    },
    {
      "elapsed_sec": 0.00016374140977859497,
      "is_warmup": false,
      "iteration": 943,
      "native_traversal_sec": 0.000148694,
      "row_count": 6
    },
    {
      "elapsed_sec": 0.0001589059829711914,
      "is_warmup": false,
      "iteration": 944,
      "native_traversal_sec": 0.000144114,
      "row_count": 6
    },
    {
      "elapsed_sec": 0.0001670941710472107,
      "is_warmup": false,
      "iteration": 945,
      "native_traversal_sec": 0.000152214,
      "row_count": 6
    },
    {
      "elapsed_sec": 0.00017564743757247925,
      "is_warmup": false,
      "iteration": 946,
      "native_traversal_sec": 0.000160185,
      "row_count": 6
    },
    {
      "elapsed_sec": 0.0001644045114517212,
      "is_warmup": false,
      "iteration": 947,
      "native_traversal_sec": 0.000147884,
      "row_count": 6
    },
    {
      "elapsed_sec": 0.00016248971223831177,
      "is_warmup": false,
      "iteration": 948,
      "native_traversal_sec": 0.000147185,
      "row_count": 6
    },
    {
      "elapsed_sec": 0.00016395747661590576,
      "is_warmup": false,
      "iteration": 949,
      "native_traversal_sec": 0.000148265,
      "row_count": 6
    },
    {
      "elapsed_sec": 0.00016257911920547485,
      "is_warmup": false,
      "iteration": 950,
      "native_traversal_sec": 0.000146494,
      "row_count": 6
    },
    {
      "elapsed_sec": 0.00016266107559204102,
      "is_warmup": false,
      "iteration": 951,
      "native_traversal_sec": 0.000147634,
      "row_count": 6
    },
    {
      "elapsed_sec": 0.00017496198415756226,
      "is_warmup": false,
      "iteration": 952,
      "native_traversal_sec": 0.000159204,
      "row_count": 6
    },
    {
      "elapsed_sec": 0.00016044080257415771,
      "is_warmup": false,
      "iteration": 953,
      "native_traversal_sec": 0.000144934,
      "row_count": 6
    },
    {
      "elapsed_sec": 0.00015737861394882202,
      "is_warmup": false,
      "iteration": 954,
      "native_traversal_sec": 0.000142134,
      "row_count": 6
    },
    {
      "elapsed_sec": 0.00015713274478912354,
      "is_warmup": false,
      "iteration": 955,
      "native_traversal_sec": 0.000141984,
      "row_count": 6
    },
    {
      "elapsed_sec": 0.00015928596258163452,
      "is_warmup": false,
      "iteration": 956,
      "native_traversal_sec": 0.000144094,
      "row_count": 6
    },
    {
      "elapsed_sec": 0.00016069412231445312,
      "is_warmup": false,
      "iteration": 957,
      "native_traversal_sec": 0.000145815,
      "row_count": 6
    },
    {
      "elapsed_sec": 0.00016902387142181396,
      "is_warmup": false,
      "iteration": 958,
      "native_traversal_sec": 0.000153405,
      "row_count": 6
    },
    {
      "elapsed_sec": 0.00015956908464431763,
      "is_warmup": false,
      "iteration": 959,
      "native_traversal_sec": 0.000143844,
      "row_count": 6
    },
    {
      "elapsed_sec": 0.00015385448932647705,
      "is_warmup": false,
      "iteration": 960,
      "native_traversal_sec": 0.000139284,
      "row_count": 6
    },
    {
      "elapsed_sec": 0.00015833228826522827,
      "is_warmup": false,
      "iteration": 961,
      "native_traversal_sec": 0.000143275,
      "row_count": 6
    },
    {
      "elapsed_sec": 0.00015882402658462524,
      "is_warmup": false,
      "iteration": 962,
      "native_traversal_sec": 0.000141844,
      "row_count": 6
    },
    {
      "elapsed_sec": 0.00015592575073242188,
      "is_warmup": false,
      "iteration": 963,
      "native_traversal_sec": 0.000140724,
      "row_count": 6
    },
    {
      "elapsed_sec": 0.00016529113054275513,
      "is_warmup": false,
      "iteration": 964,
      "native_traversal_sec": 0.000149985,
      "row_count": 6
    },
    {
      "elapsed_sec": 0.00016151368618011475,
      "is_warmup": false,
      "iteration": 965,
      "native_traversal_sec": 0.000145815,
      "row_count": 6
    },
    {
      "elapsed_sec": 0.00015615671873092651,
      "is_warmup": false,
      "iteration": 966,
      "native_traversal_sec": 0.000140534,
      "row_count": 6
    },
    {
      "elapsed_sec": 0.0001558363437652588,
      "is_warmup": false,
      "iteration": 967,
      "native_traversal_sec": 0.000140824,
      "row_count": 6
    },
    {
      "elapsed_sec": 0.00015594810247421265,
      "is_warmup": false,
      "iteration": 968,
      "native_traversal_sec": 0.000141274,
      "row_count": 6
    },
    {
      "elapsed_sec": 0.00015588104724884033,
      "is_warmup": false,
      "iteration": 969,
      "native_traversal_sec": 0.000140834,
      "row_count": 6
    },
    {
      "elapsed_sec": 0.000157281756401062,
      "is_warmup": false,
      "iteration": 970,
      "native_traversal_sec": 0.000142115,
      "row_count": 6
    },
    {
      "elapsed_sec": 0.0001799464225769043,
      "is_warmup": false,
      "iteration": 971,
      "native_traversal_sec": 0.000156235,
      "row_count": 6
    },
    {
      "elapsed_sec": 0.00023374706506729126,
      "is_warmup": false,
      "iteration": 972,
      "native_traversal_sec": 0.000218387,
      "row_count": 6
    },
    {
      "elapsed_sec": 0.00016745179891586304,
      "is_warmup": false,
      "iteration": 973,
      "native_traversal_sec": 0.000151885,
      "row_count": 6
    },
    {
      "elapsed_sec": 0.00016696006059646606,
      "is_warmup": false,
      "iteration": 974,
      "native_traversal_sec": 0.000151115,
      "row_count": 6
    },
    {
      "elapsed_sec": 0.00016622990369796753,
      "is_warmup": false,
      "iteration": 975,
      "native_traversal_sec": 0.000150455,
      "row_count": 6
    },
    {
      "elapsed_sec": 0.00023374706506729126,
      "is_warmup": false,
      "iteration": 976,
      "native_traversal_sec": 0.000217596,
      "row_count": 6
    },
    {
      "elapsed_sec": 0.0001882687211036682,
      "is_warmup": false,
      "iteration": 977,
      "native_traversal_sec": 0.000172015,
      "row_count": 6
    },
    {
      "elapsed_sec": 0.0001694709062576294,
      "is_warmup": false,
      "iteration": 978,
      "native_traversal_sec": 0.000153135,
      "row_count": 6
    },
    {
      "elapsed_sec": 0.00016120076179504395,
      "is_warmup": false,
      "iteration": 979,
      "native_traversal_sec": 0.000145825,
      "row_count": 6
    },
    {
      "elapsed_sec": 0.0001615285873413086,
      "is_warmup": false,
      "iteration": 980,
      "native_traversal_sec": 0.000146345,
      "row_count": 6
    },
    {
      "elapsed_sec": 0.00015876442193984985,
      "is_warmup": false,
      "iteration": 981,
      "native_traversal_sec": 0.000143754,
      "row_count": 6
    },
    {
      "elapsed_sec": 0.00017623603343963623,
      "is_warmup": false,
      "iteration": 982,
      "native_traversal_sec": 0.000153864,
      "row_count": 6
    },
    {
      "elapsed_sec": 0.00016848742961883545,
      "is_warmup": false,
      "iteration": 983,
      "native_traversal_sec": 0.000152974,
      "row_count": 6
    },
    {
      "elapsed_sec": 0.00016385316848754883,
      "is_warmup": false,
      "iteration": 984,
      "native_traversal_sec": 0.000148084,
      "row_count": 6
    },
    {
      "elapsed_sec": 0.000164911150932312,
      "is_warmup": false,
      "iteration": 985,
      "native_traversal_sec": 0.000149544,
      "row_count": 6
    },
    {
      "elapsed_sec": 0.00016169250011444092,
      "is_warmup": false,
      "iteration": 986,
      "native_traversal_sec": 0.000146164,
      "row_count": 6
    },
    {
      "elapsed_sec": 0.00017686188220977783,
      "is_warmup": false,
      "iteration": 987,
      "native_traversal_sec": 0.000154665,
      "row_count": 6
    },
    {
      "elapsed_sec": 0.0001808851957321167,
      "is_warmup": false,
      "iteration": 988,
      "native_traversal_sec": 0.000165254,
      "row_count": 6
    },
    {
      "elapsed_sec": 0.00017923861742019653,
      "is_warmup": false,
      "iteration": 989,
      "native_traversal_sec": 0.000163585,
      "row_count": 6
    },
    {
      "elapsed_sec": 0.00017812848091125488,
      "is_warmup": false,
      "iteration": 990,
      "native_traversal_sec": 0.000163395,
      "row_count": 6
    },
    {
      "elapsed_sec": 0.00017889589071273804,
      "is_warmup": false,
      "iteration": 991,
      "native_traversal_sec": 0.000163865,
      "row_count": 6
    },
    {
      "elapsed_sec": 0.00017645955085754395,
      "is_warmup": false,
      "iteration": 992,
      "native_traversal_sec": 0.000161814,
      "row_count": 6
    },
    {
      "elapsed_sec": 0.00018706917762756348,
      "is_warmup": false,
      "iteration": 993,
      "native_traversal_sec": 0.000171395,
      "row_count": 6
    },
    {
      "elapsed_sec": 0.0001807287335395813,
      "is_warmup": false,
      "iteration": 994,
      "native_traversal_sec": 0.000164915,
      "row_count": 6
    },
    {
      "elapsed_sec": 0.00017336755990982056,
      "is_warmup": false,
      "iteration": 995,
      "native_traversal_sec": 0.000157204,
      "row_count": 6
    },
    {
      "elapsed_sec": 0.0001731961965560913,
      "is_warmup": false,
      "iteration": 996,
      "native_traversal_sec": 0.000157764,
      "row_count": 6
    },
    {
      "elapsed_sec": 0.000170975923538208,
      "is_warmup": false,
      "iteration": 997,
      "native_traversal_sec": 0.000155724,
      "row_count": 6
    },
    {
      "elapsed_sec": 0.00017017871141433716,
      "is_warmup": false,
      "iteration": 998,
      "native_traversal_sec": 0.000154834,
      "row_count": 6
    },
    {
      "elapsed_sec": 0.0001843571662902832,
      "is_warmup": false,
      "iteration": 999,
      "native_traversal_sec": 0.000168415,
      "row_count": 6
    },
    {
      "elapsed_sec": 0.00016939640045166016,
      "is_warmup": false,
      "iteration": 1000,
      "native_traversal_sec": 0.000153195,
      "row_count": 6
    },
    {
      "elapsed_sec": 0.0001749098300933838,
      "is_warmup": false,
      "iteration": 1001,
      "native_traversal_sec": 0.000159545,
      "row_count": 6
    },
    {
      "elapsed_sec": 0.00017258524894714355,
      "is_warmup": false,
      "iteration": 1002,
      "native_traversal_sec": 0.000156965,
      "row_count": 6
    },
    {
      "elapsed_sec": 0.00017257779836654663,
      "is_warmup": false,
      "iteration": 1003,
      "native_traversal_sec": 0.000157444,
      "row_count": 6
    },
    {
      "elapsed_sec": 0.00017833709716796875,
      "is_warmup": false,
      "iteration": 1004,
      "native_traversal_sec": 0.000163104,
      "row_count": 6
    },
    {
      "elapsed_sec": 0.00017465651035308838,
      "is_warmup": false,
      "iteration": 1005,
      "native_traversal_sec": 0.000158605,
      "row_count": 6
    },
    {
      "elapsed_sec": 0.00016857683658599854,
      "is_warmup": false,
      "iteration": 1006,
      "native_traversal_sec": 0.000153065,
      "row_count": 6
    },
    {
      "elapsed_sec": 0.00017266720533370972,
      "is_warmup": false,
      "iteration": 1007,
      "native_traversal_sec": 0.000157355,
      "row_count": 6
    },
    {
      "elapsed_sec": 0.0001766607165336609,
      "is_warmup": false,
      "iteration": 1008,
      "native_traversal_sec": 0.000160995,
      "row_count": 6
    },
    {
      "elapsed_sec": 0.00017204880714416504,
      "is_warmup": false,
      "iteration": 1009,
      "native_traversal_sec": 0.000156855,
      "row_count": 6
    },
    {
      "elapsed_sec": 0.00017542392015457153,
      "is_warmup": false,
      "iteration": 1010,
      "native_traversal_sec": 0.000160175,
      "row_count": 6
    },
    {
      "elapsed_sec": 0.0001736283302307129,
      "is_warmup": false,
      "iteration": 1011,
      "native_traversal_sec": 0.000157494,
      "row_count": 6
    },
    {
      "elapsed_sec": 0.00017013400793075562,
      "is_warmup": false,
      "iteration": 1012,
      "native_traversal_sec": 0.000153604,
      "row_count": 6
    },
    {
      "elapsed_sec": 0.00017548352479934692,
      "is_warmup": false,
      "iteration": 1013,
      "native_traversal_sec": 0.000158844,
      "row_count": 6
    },
    {
      "elapsed_sec": 0.0001739785075187683,
      "is_warmup": false,
      "iteration": 1014,
      "native_traversal_sec": 0.000158034,
      "row_count": 6
    },
    {
      "elapsed_sec": 0.0001745074987411499,
      "is_warmup": false,
      "iteration": 1015,
      "native_traversal_sec": 0.000159025,
      "row_count": 6
    },
    {
      "elapsed_sec": 0.00023809075355529785,
      "is_warmup": false,
      "iteration": 1016,
      "native_traversal_sec": 0.000221787,
      "row_count": 6
    },
    {
      "elapsed_sec": 0.00019634515047073364,
      "is_warmup": false,
      "iteration": 1017,
      "native_traversal_sec": 0.000180195,
      "row_count": 6
    },
    {
      "elapsed_sec": 0.00017871707677841187,
      "is_warmup": false,
      "iteration": 1018,
      "native_traversal_sec": 0.000162535,
      "row_count": 6
    },
    {
      "elapsed_sec": 0.0004730522632598877,
      "is_warmup": false,
      "iteration": 1019,
      "native_traversal_sec": 0.000454764,
      "row_count": 6
    },
    {
      "elapsed_sec": 0.00018203258514404297,
      "is_warmup": false,
      "iteration": 1020,
      "native_traversal_sec": 0.000165545,
      "row_count": 6
    },
    {
      "elapsed_sec": 0.00017959624528884888,
      "is_warmup": false,
      "iteration": 1021,
      "native_traversal_sec": 0.000164025,
      "row_count": 6
    },
    {
      "elapsed_sec": 0.00016616284847259521,
      "is_warmup": false,
      "iteration": 1022,
      "native_traversal_sec": 0.000149924,
      "row_count": 6
    },
    {
      "elapsed_sec": 0.00017432868480682373,
      "is_warmup": false,
      "iteration": 1023,
      "native_traversal_sec": 0.000157664,
      "row_count": 6
    },
    {
      "elapsed_sec": 0.00017540901899337769,
      "is_warmup": false,
      "iteration": 1024,
      "native_traversal_sec": 0.000160654,
      "row_count": 6
    },
    {
      "elapsed_sec": 0.0001840144395828247,
      "is_warmup": false,
      "iteration": 1025,
      "native_traversal_sec": 0.000167945,
      "row_count": 6
    },
    {
      "elapsed_sec": 0.00017870217561721802,
      "is_warmup": false,
      "iteration": 1026,
      "native_traversal_sec": 0.000162755,
      "row_count": 6
    },
    {
      "elapsed_sec": 0.00017530471086502075,
      "is_warmup": false,
      "iteration": 1027,
      "native_traversal_sec": 0.000159424,
      "row_count": 6
    },
    {
      "elapsed_sec": 0.000179290771484375,
      "is_warmup": false,
      "iteration": 1028,
      "native_traversal_sec": 0.000164515,
      "row_count": 6
    },
    {
      "elapsed_sec": 0.00017405301332473755,
      "is_warmup": false,
      "iteration": 1029,
      "native_traversal_sec": 0.000158575,
      "row_count": 6
    },
    {
      "elapsed_sec": 0.00017645955085754395,
      "is_warmup": false,
      "iteration": 1030,
      "native_traversal_sec": 0.000161175,
      "row_count": 6
    },
    {
      "elapsed_sec": 0.00017108768224716187,
      "is_warmup": false,
      "iteration": 1031,
      "native_traversal_sec": 0.000155875,
      "row_count": 6
    },
    {
      "elapsed_sec": 0.0001602768898010254,
      "is_warmup": false,
      "iteration": 1032,
      "native_traversal_sec": 0.000144695,
      "row_count": 6
    },
    {
      "elapsed_sec": 0.0001610592007637024,
      "is_warmup": false,
      "iteration": 1033,
      "native_traversal_sec": 0.000145924,
      "row_count": 6
    },
    {
      "elapsed_sec": 0.0001583695411682129,
      "is_warmup": false,
      "iteration": 1034,
      "native_traversal_sec": 0.000142944,
      "row_count": 6
    },
    {
      "elapsed_sec": 0.00017467141151428223,
      "is_warmup": false,
      "iteration": 1035,
      "native_traversal_sec": 0.000159394,
      "row_count": 6
    },
    {
      "elapsed_sec": 0.00017262250185012817,
      "is_warmup": false,
      "iteration": 1036,
      "native_traversal_sec": 0.000157664,
      "row_count": 6
    },
    {
      "elapsed_sec": 0.00019257515668869019,
      "is_warmup": false,
      "iteration": 1037,
      "native_traversal_sec": 0.000170825,
      "row_count": 6
    },
    {
      "elapsed_sec": 0.00017820298671722412,
      "is_warmup": false,
      "iteration": 1038,
      "native_traversal_sec": 0.000162095,
      "row_count": 6
    },
    {
      "elapsed_sec": 0.00015978515148162842,
      "is_warmup": false,
      "iteration": 1039,
      "native_traversal_sec": 0.000144914,
      "row_count": 6
    },
    {
      "elapsed_sec": 0.00016336143016815186,
      "is_warmup": false,
      "iteration": 1040,
      "native_traversal_sec": 0.000148225,
      "row_count": 6
    },
    {
      "elapsed_sec": 0.0001759156584739685,
      "is_warmup": false,
      "iteration": 1041,
      "native_traversal_sec": 0.000160725,
      "row_count": 6
    },
    {
      "elapsed_sec": 0.00018753111362457275,
      "is_warmup": false,
      "iteration": 1042,
      "native_traversal_sec": 0.000172016,
      "row_count": 6
    },
    {
      "elapsed_sec": 0.00017251819372177124,
      "is_warmup": false,
      "iteration": 1043,
      "native_traversal_sec": 0.000156675,
      "row_count": 6
    },
    {
      "elapsed_sec": 0.00016586482524871826,
      "is_warmup": false,
      "iteration": 1044,
      "native_traversal_sec": 0.000149944,
      "row_count": 6
    },
    {
      "elapsed_sec": 0.00015939772129058838,
      "is_warmup": false,
      "iteration": 1045,
      "native_traversal_sec": 0.000144134,
      "row_count": 6
    },
    {
      "elapsed_sec": 0.00016332417726516724,
      "is_warmup": false,
      "iteration": 1046,
      "native_traversal_sec": 0.000147924,
      "row_count": 6
    },
    {
      "elapsed_sec": 0.00015766173601150513,
      "is_warmup": false,
      "iteration": 1047,
      "native_traversal_sec": 0.000141835,
      "row_count": 6
    },
    {
      "elapsed_sec": 0.00018409639596939087,
      "is_warmup": false,
      "iteration": 1048,
      "native_traversal_sec": 0.000167855,
      "row_count": 6
    },
    {
      "elapsed_sec": 0.00016536563634872437,
      "is_warmup": false,
      "iteration": 1049,
      "native_traversal_sec": 0.000149515,
      "row_count": 6
    },
    {
      "elapsed_sec": 0.00017154961824417114,
      "is_warmup": false,
      "iteration": 1050,
      "native_traversal_sec": 0.000155505,
      "row_count": 6
    },
    {
      "elapsed_sec": 0.00017119944095611572,
      "is_warmup": false,
      "iteration": 1051,
      "native_traversal_sec": 0.000155685,
      "row_count": 6
    },
    {
      "elapsed_sec": 0.00016994774341583252,
      "is_warmup": false,
      "iteration": 1052,
      "native_traversal_sec": 0.000154465,
      "row_count": 6
    },
    {
      "elapsed_sec": 0.00016921758651733398,
      "is_warmup": false,
      "iteration": 1053,
      "native_traversal_sec": 0.000153755,
      "row_count": 6
    },
    {
      "elapsed_sec": 0.0001757591962814331,
      "is_warmup": false,
      "iteration": 1054,
      "native_traversal_sec": 0.000160645,
      "row_count": 6
    },
    {
      "elapsed_sec": 0.0001790747046470642,
      "is_warmup": false,
      "iteration": 1055,
      "native_traversal_sec": 0.000162754,
      "row_count": 6
    },
    {
      "elapsed_sec": 0.00016961246728897095,
      "is_warmup": false,
      "iteration": 1056,
      "native_traversal_sec": 0.000153444,
      "row_count": 6
    },
    {
      "elapsed_sec": 0.00017193704843521118,
      "is_warmup": false,
      "iteration": 1057,
      "native_traversal_sec": 0.000156745,
      "row_count": 6
    },
    {
      "elapsed_sec": 0.00016874074935913086,
      "is_warmup": false,
      "iteration": 1058,
      "native_traversal_sec": 0.000153595,
      "row_count": 6
    },
    {
      "elapsed_sec": 0.00016845762729644775,
      "is_warmup": false,
      "iteration": 1059,
      "native_traversal_sec": 0.000152924,
      "row_count": 6
    },
    {
      "elapsed_sec": 0.00018278509378433228,
      "is_warmup": false,
      "iteration": 1060,
      "native_traversal_sec": 0.000167505,
      "row_count": 6
    },
    {
      "elapsed_sec": 0.00016247481107711792,
      "is_warmup": false,
      "iteration": 1061,
      "native_traversal_sec": 0.000146295,
      "row_count": 6
    },
    {
      "elapsed_sec": 0.00018940865993499756,
      "is_warmup": false,
      "iteration": 1062,
      "native_traversal_sec": 0.000173275,
      "row_count": 6
    },
    {
      "elapsed_sec": 0.00017487257719039917,
      "is_warmup": false,
      "iteration": 1063,
      "native_traversal_sec": 0.000159674,
      "row_count": 6
    },
    {
      "elapsed_sec": 0.00015701353549957275,
      "is_warmup": false,
      "iteration": 1064,
      "native_traversal_sec": 0.000141694,
      "row_count": 6
    },
    {
      "elapsed_sec": 0.00016191601753234863,
      "is_warmup": false,
      "iteration": 1065,
      "native_traversal_sec": 0.000146585,
      "row_count": 6
    },
    {
      "elapsed_sec": 0.00017625093460083008,
      "is_warmup": false,
      "iteration": 1066,
      "native_traversal_sec": 0.000160465,
      "row_count": 6
    },
    {
      "elapsed_sec": 0.0001735389232635498,
      "is_warmup": false,
      "iteration": 1067,
      "native_traversal_sec": 0.000157555,
      "row_count": 6
    },
    {
      "elapsed_sec": 0.0001621246337890625,
      "is_warmup": false,
      "iteration": 1068,
      "native_traversal_sec": 0.000146595,
      "row_count": 6
    },
    {
      "elapsed_sec": 0.00016349554061889648,
      "is_warmup": false,
      "iteration": 1069,
      "native_traversal_sec": 0.000148025,
      "row_count": 6
    },
    {
      "elapsed_sec": 0.00018405169248580933,
      "is_warmup": false,
      "iteration": 1070,
      "native_traversal_sec": 0.000167355,
      "row_count": 6
    },
    {
      "elapsed_sec": 0.00018591433763504028,
      "is_warmup": false,
      "iteration": 1071,
      "native_traversal_sec": 0.000162805,
      "row_count": 6
    },
    {
      "elapsed_sec": 0.00019703805446624756,
      "is_warmup": false,
      "iteration": 1072,
      "native_traversal_sec": 0.000175305,
      "row_count": 6
    },
    {
      "elapsed_sec": 0.00018236041069030762,
      "is_warmup": false,
      "iteration": 1073,
      "native_traversal_sec": 0.000162205,
      "row_count": 6
    },
    {
      "elapsed_sec": 0.00017357617616653442,
      "is_warmup": false,
      "iteration": 1074,
      "native_traversal_sec": 0.000153445,
      "row_count": 6
    },
    {
      "elapsed_sec": 0.00016820430755615234,
      "is_warmup": false,
      "iteration": 1075,
      "native_traversal_sec": 0.000150895,
      "row_count": 6
    },
    {
      "elapsed_sec": 0.00016122311353683472,
      "is_warmup": false,
      "iteration": 1076,
      "native_traversal_sec": 0.000145255,
      "row_count": 6
    },
    {
      "elapsed_sec": 0.00018962472677230835,
      "is_warmup": false,
      "iteration": 1077,
      "native_traversal_sec": 0.000174345,
      "row_count": 6
    },
    {
      "elapsed_sec": 0.00016304850578308105,
      "is_warmup": false,
      "iteration": 1078,
      "native_traversal_sec": 0.000146964,
      "row_count": 6
    },
    {
      "elapsed_sec": 0.00015735626220703125,
      "is_warmup": false,
      "iteration": 1079,
      "native_traversal_sec": 0.000142644,
      "row_count": 6
    },
    {
      "elapsed_sec": 0.0001782253384590149,
      "is_warmup": false,
      "iteration": 1080,
      "native_traversal_sec": 0.000162765,
      "row_count": 6
    },
    {
      "elapsed_sec": 0.00015857815742492676,
      "is_warmup": false,
      "iteration": 1081,
      "native_traversal_sec": 0.000143725,
      "row_count": 6
    },
    {
      "elapsed_sec": 0.00015972554683685303,
      "is_warmup": false,
      "iteration": 1082,
      "native_traversal_sec": 0.000144984,
      "row_count": 6
    },
    {
      "elapsed_sec": 0.00017263740301132202,
      "is_warmup": false,
      "iteration": 1083,
      "native_traversal_sec": 0.000158044,
      "row_count": 6
    },
    {
      "elapsed_sec": 0.000163249671459198,
      "is_warmup": false,
      "iteration": 1084,
      "native_traversal_sec": 0.000147684,
      "row_count": 6
    },
    {
      "elapsed_sec": 0.0001741945743560791,
      "is_warmup": false,
      "iteration": 1085,
      "native_traversal_sec": 0.000158554,
      "row_count": 6
    },
    {
      "elapsed_sec": 0.00016736984252929688,
      "is_warmup": false,
      "iteration": 1086,
      "native_traversal_sec": 0.000151744,
      "row_count": 6
    },
    {
      "elapsed_sec": 0.0001654103398323059,
      "is_warmup": false,
      "iteration": 1087,
      "native_traversal_sec": 0.000149894,
      "row_count": 6
    },
    {
      "elapsed_sec": 0.00016336888074874878,
      "is_warmup": false,
      "iteration": 1088,
      "native_traversal_sec": 0.000148344,
      "row_count": 6
    },
    {
      "elapsed_sec": 0.00018980354070663452,
      "is_warmup": false,
      "iteration": 1089,
      "native_traversal_sec": 0.000174295,
      "row_count": 6
    },
    {
      "elapsed_sec": 0.0001688748598098755,
      "is_warmup": false,
      "iteration": 1090,
      "native_traversal_sec": 0.000153064,
      "row_count": 6
    },
    {
      "elapsed_sec": 0.00016495585441589355,
      "is_warmup": false,
      "iteration": 1091,
      "native_traversal_sec": 0.000149984,
      "row_count": 6
    },
    {
      "elapsed_sec": 0.00016663223505020142,
      "is_warmup": false,
      "iteration": 1092,
      "native_traversal_sec": 0.000151104,
      "row_count": 6
    },
    {
      "elapsed_sec": 0.00016286969184875488,
      "is_warmup": false,
      "iteration": 1093,
      "native_traversal_sec": 0.000147384,
      "row_count": 6
    },
    {
      "elapsed_sec": 0.00016250461339950562,
      "is_warmup": false,
      "iteration": 1094,
      "native_traversal_sec": 0.000147224,
      "row_count": 6
    },
    {
      "elapsed_sec": 0.00021538883447647095,
      "is_warmup": false,
      "iteration": 1095,
      "native_traversal_sec": 0.000198156,
      "row_count": 6
    },
    {
      "elapsed_sec": 0.00019588321447372437,
      "is_warmup": false,
      "iteration": 1096,
      "native_traversal_sec": 0.000176755,
      "row_count": 6
    },
    {
      "elapsed_sec": 0.00019683688879013062,
      "is_warmup": false,
      "iteration": 1097,
      "native_traversal_sec": 0.000180135,
      "row_count": 6
    },
    {
      "elapsed_sec": 0.0001673474907875061,
      "is_warmup": false,
      "iteration": 1098,
      "native_traversal_sec": 0.000151225,
      "row_count": 6
    },
    {
      "elapsed_sec": 0.00017717480659484863,
      "is_warmup": false,
      "iteration": 1099,
      "native_traversal_sec": 0.000161965,
      "row_count": 6
    },
    {
      "elapsed_sec": 0.0001714751124382019,
      "is_warmup": false,
      "iteration": 1100,
      "native_traversal_sec": 0.000155875,
      "row_count": 6
    },
    {
      "elapsed_sec": 0.00016774982213974,
      "is_warmup": false,
      "iteration": 1101,
      "native_traversal_sec": 0.000151444,
      "row_count": 6
    },
    {
      "elapsed_sec": 0.00016485154628753662,
      "is_warmup": false,
      "iteration": 1102,
      "native_traversal_sec": 0.000148125,
      "row_count": 6
    },
    {
      "elapsed_sec": 0.00016999244689941406,
      "is_warmup": false,
      "iteration": 1103,
      "native_traversal_sec": 0.000154015,
      "row_count": 6
    },
    {
      "elapsed_sec": 0.00016169995069503784,
      "is_warmup": false,
      "iteration": 1104,
      "native_traversal_sec": 0.000146065,
      "row_count": 6
    },
    {
      "elapsed_sec": 0.00016430765390396118,
      "is_warmup": false,
      "iteration": 1105,
      "native_traversal_sec": 0.000148404,
      "row_count": 6
    },
    {
      "elapsed_sec": 0.00019294768571853638,
      "is_warmup": false,
      "iteration": 1106,
      "native_traversal_sec": 0.000176965,
      "row_count": 6
    },
    {
      "elapsed_sec": 0.00018119066953659058,
      "is_warmup": false,
      "iteration": 1107,
      "native_traversal_sec": 0.000164344,
      "row_count": 6
    },
    {
      "elapsed_sec": 0.00016677379608154297,
      "is_warmup": false,
      "iteration": 1108,
      "native_traversal_sec": 0.000151224,
      "row_count": 6
    },
    {
      "elapsed_sec": 0.00016263872385025024,
      "is_warmup": false,
      "iteration": 1109,
      "native_traversal_sec": 0.000147854,
      "row_count": 6
    },
    {
      "elapsed_sec": 0.0001744478940963745,
      "is_warmup": false,
      "iteration": 1110,
      "native_traversal_sec": 0.000159164,
      "row_count": 6
    },
    {
      "elapsed_sec": 0.00016318261623382568,
      "is_warmup": false,
      "iteration": 1111,
      "native_traversal_sec": 0.000147244,
      "row_count": 6
    },
    {
      "elapsed_sec": 0.00017215311527252197,
      "is_warmup": false,
      "iteration": 1112,
      "native_traversal_sec": 0.000156864,
      "row_count": 6
    },
    {
      "elapsed_sec": 0.00016289949417114258,
      "is_warmup": false,
      "iteration": 1113,
      "native_traversal_sec": 0.000146404,
      "row_count": 6
    },
    {
      "elapsed_sec": 0.00016130506992340088,
      "is_warmup": false,
      "iteration": 1114,
      "native_traversal_sec": 0.000145225,
      "row_count": 6
    },
    {
      "elapsed_sec": 0.00018343329429626465,
      "is_warmup": false,
      "iteration": 1115,
      "native_traversal_sec": 0.000165505,
      "row_count": 6
    },
    {
      "elapsed_sec": 0.00016297399997711182,
      "is_warmup": false,
      "iteration": 1116,
      "native_traversal_sec": 0.000145434,
      "row_count": 6
    },
    {
      "elapsed_sec": 0.00016018003225326538,
      "is_warmup": false,
      "iteration": 1117,
      "native_traversal_sec": 0.000145175,
      "row_count": 6
    },
    {
      "elapsed_sec": 0.00018374621868133545,
      "is_warmup": false,
      "iteration": 1118,
      "native_traversal_sec": 0.000167045,
      "row_count": 6
    },
    {
      "elapsed_sec": 0.0001625344157218933,
      "is_warmup": false,
      "iteration": 1119,
      "native_traversal_sec": 0.000145454,
      "row_count": 6
    },
    {
      "elapsed_sec": 0.00016552209854125977,
      "is_warmup": false,
      "iteration": 1120,
      "native_traversal_sec": 0.000149455,
      "row_count": 6
    },
    {
      "elapsed_sec": 0.00016341358423233032,
      "is_warmup": false,
      "iteration": 1121,
      "native_traversal_sec": 0.000147455,
      "row_count": 6
    },
    {
      "elapsed_sec": 0.00017973780632019043,
      "is_warmup": false,
      "iteration": 1122,
      "native_traversal_sec": 0.000164185,
      "row_count": 6
    },
    {
      "elapsed_sec": 0.00017721951007843018,
      "is_warmup": false,
      "iteration": 1123,
      "native_traversal_sec": 0.000161945,
      "row_count": 6
    },
    {
      "elapsed_sec": 0.0001637488603591919,
      "is_warmup": false,
      "iteration": 1124,
      "native_traversal_sec": 0.000148505,
      "row_count": 6
    },
    {
      "elapsed_sec": 0.00015598535537719727,
      "is_warmup": false,
      "iteration": 1125,
      "native_traversal_sec": 0.000140924,
      "row_count": 6
    },
    {
      "elapsed_sec": 0.00015700608491897583,
      "is_warmup": false,
      "iteration": 1126,
      "native_traversal_sec": 0.000141924,
      "row_count": 6
    },
    {
      "elapsed_sec": 0.00015451759099960327,
      "is_warmup": false,
      "iteration": 1127,
      "native_traversal_sec": 0.000139784,
      "row_count": 6
    },
    {
      "elapsed_sec": 0.0001574009656906128,
      "is_warmup": false,
      "iteration": 1128,
      "native_traversal_sec": 0.000142744,
      "row_count": 6
    },
    {
      "elapsed_sec": 0.00015728920698165894,
      "is_warmup": false,
      "iteration": 1129,
      "native_traversal_sec": 0.000141604,
      "row_count": 6
    },
    {
      "elapsed_sec": 0.00019101053476333618,
      "is_warmup": false,
      "iteration": 1130,
      "native_traversal_sec": 0.000175366,
      "row_count": 6
    },
    {
      "elapsed_sec": 0.0001625269651412964,
      "is_warmup": false,
      "iteration": 1131,
      "native_traversal_sec": 0.000146254,
      "row_count": 6
    },
    {
      "elapsed_sec": 0.0001581832766532898,
      "is_warmup": false,
      "iteration": 1132,
      "native_traversal_sec": 0.000142804,
      "row_count": 6
    },
    {
      "elapsed_sec": 0.0001749098300933838,
      "is_warmup": false,
      "iteration": 1133,
      "native_traversal_sec": 0.000159664,
      "row_count": 6
    },
    {
      "elapsed_sec": 0.000174693763256073,
      "is_warmup": false,
      "iteration": 1134,
      "native_traversal_sec": 0.000159754,
      "row_count": 6
    },
    {
      "elapsed_sec": 0.00016324222087860107,
      "is_warmup": false,
      "iteration": 1135,
      "native_traversal_sec": 0.000148214,
      "row_count": 6
    },
    {
      "elapsed_sec": 0.0001897364854812622,
      "is_warmup": false,
      "iteration": 1136,
      "native_traversal_sec": 0.000166725,
      "row_count": 6
    },
    {
      "elapsed_sec": 0.00016213208436965942,
      "is_warmup": false,
      "iteration": 1137,
      "native_traversal_sec": 0.000146295,
      "row_count": 6
    },
    {
      "elapsed_sec": 0.00016023963689804077,
      "is_warmup": false,
      "iteration": 1138,
      "native_traversal_sec": 0.000144324,
      "row_count": 6
    },
    {
      "elapsed_sec": 0.00016460567712783813,
      "is_warmup": false,
      "iteration": 1139,
      "native_traversal_sec": 0.000149664,
      "row_count": 6
    },
    {
      "elapsed_sec": 0.00016013532876968384,
      "is_warmup": false,
      "iteration": 1140,
      "native_traversal_sec": 0.000145164,
      "row_count": 6
    },
    {
      "elapsed_sec": 0.0001604035496711731,
      "is_warmup": false,
      "iteration": 1141,
      "native_traversal_sec": 0.000144865,
      "row_count": 6
    },
    {
      "elapsed_sec": 0.00018960237503051758,
      "is_warmup": false,
      "iteration": 1142,
      "native_traversal_sec": 0.000166045,
      "row_count": 6
    },
    {
      "elapsed_sec": 0.00016942620277404785,
      "is_warmup": false,
      "iteration": 1143,
      "native_traversal_sec": 0.000154334,
      "row_count": 6
    },
    {
      "elapsed_sec": 0.00018303096294403076,
      "is_warmup": false,
      "iteration": 1144,
      "native_traversal_sec": 0.000166955,
      "row_count": 6
    },
    {
      "elapsed_sec": 0.00016113370656967163,
      "is_warmup": false,
      "iteration": 1145,
      "native_traversal_sec": 0.000146414,
      "row_count": 6
    },
    {
      "elapsed_sec": 0.00016550719738006592,
      "is_warmup": false,
      "iteration": 1146,
      "native_traversal_sec": 0.000150474,
      "row_count": 6
    },
    {
      "elapsed_sec": 0.00016684085130691528,
      "is_warmup": false,
      "iteration": 1147,
      "native_traversal_sec": 0.000150944,
      "row_count": 6
    },
    {
      "elapsed_sec": 0.00016776472330093384,
      "is_warmup": false,
      "iteration": 1148,
      "native_traversal_sec": 0.000152174,
      "row_count": 6
    },
    {
      "elapsed_sec": 0.000164717435836792,
      "is_warmup": false,
      "iteration": 1149,
      "native_traversal_sec": 0.000149415,
      "row_count": 6
    },
    {
      "elapsed_sec": 0.0001651868224143982,
      "is_warmup": false,
      "iteration": 1150,
      "native_traversal_sec": 0.000149345,
      "row_count": 6
    },
    {
      "elapsed_sec": 0.00017752498388290405,
      "is_warmup": false,
      "iteration": 1151,
      "native_traversal_sec": 0.000162525,
      "row_count": 6
    },
    {
      "elapsed_sec": 0.00016538798809051514,
      "is_warmup": false,
      "iteration": 1152,
      "native_traversal_sec": 0.000150365,
      "row_count": 6
    },
    {
      "elapsed_sec": 0.00016811490058898926,
      "is_warmup": false,
      "iteration": 1153,
      "native_traversal_sec": 0.000152135,
      "row_count": 6
    },
    {
      "elapsed_sec": 0.00016742199659347534,
      "is_warmup": false,
      "iteration": 1154,
      "native_traversal_sec": 0.000151685,
      "row_count": 6
    },
    {
      "elapsed_sec": 0.00016057491302490234,
      "is_warmup": false,
      "iteration": 1155,
      "native_traversal_sec": 0.000145224,
      "row_count": 6
    },
    {
      "elapsed_sec": 0.00016479939222335815,
      "is_warmup": false,
      "iteration": 1156,
      "native_traversal_sec": 0.000149554,
      "row_count": 6
    },
    {
      "elapsed_sec": 0.00016213953495025635,
      "is_warmup": false,
      "iteration": 1157,
      "native_traversal_sec": 0.000146984,
      "row_count": 6
    },
    {
      "elapsed_sec": 0.00016275793313980103,
      "is_warmup": false,
      "iteration": 1158,
      "native_traversal_sec": 0.000147064,
      "row_count": 6
    },
    {
      "elapsed_sec": 0.0001728534698486328,
      "is_warmup": false,
      "iteration": 1159,
      "native_traversal_sec": 0.000153135,
      "row_count": 6
    },
    {
      "elapsed_sec": 0.00018437206745147705,
      "is_warmup": false,
      "iteration": 1160,
      "native_traversal_sec": 0.000162244,
      "row_count": 6
    },
    {
      "elapsed_sec": 0.00016349554061889648,
      "is_warmup": false,
      "iteration": 1161,
      "native_traversal_sec": 0.000148444,
      "row_count": 6
    },
    {
      "elapsed_sec": 0.00016541779041290283,
      "is_warmup": false,
      "iteration": 1162,
      "native_traversal_sec": 0.000149844,
      "row_count": 6
    },
    {
      "elapsed_sec": 0.00016183406114578247,
      "is_warmup": false,
      "iteration": 1163,
      "native_traversal_sec": 0.000146344,
      "row_count": 6
    },
    {
      "elapsed_sec": 0.00016169250011444092,
      "is_warmup": false,
      "iteration": 1164,
      "native_traversal_sec": 0.000146735,
      "row_count": 6
    },
    {
      "elapsed_sec": 0.00018089264631271362,
      "is_warmup": false,
      "iteration": 1165,
      "native_traversal_sec": 0.000166005,
      "row_count": 6
    },
    {
      "elapsed_sec": 0.0001681298017501831,
      "is_warmup": false,
      "iteration": 1166,
      "native_traversal_sec": 0.000152015,
      "row_count": 6
    },
    {
      "elapsed_sec": 0.00015870481729507446,
      "is_warmup": false,
      "iteration": 1167,
      "native_traversal_sec": 0.000143185,
      "row_count": 6
    },
    {
      "elapsed_sec": 0.0001657530665397644,
      "is_warmup": false,
      "iteration": 1168,
      "native_traversal_sec": 0.000150005,
      "row_count": 6
    },
    {
      "elapsed_sec": 0.00016324222087860107,
      "is_warmup": false,
      "iteration": 1169,
      "native_traversal_sec": 0.000147454,
      "row_count": 6
    },
    {
      "elapsed_sec": 0.00015932321548461914,
      "is_warmup": false,
      "iteration": 1170,
      "native_traversal_sec": 0.000144214,
      "row_count": 6
    },
    {
      "elapsed_sec": 0.00017108768224716187,
      "is_warmup": false,
      "iteration": 1171,
      "native_traversal_sec": 0.000155584,
      "row_count": 6
    },
    {
      "elapsed_sec": 0.0001607760787010193,
      "is_warmup": false,
      "iteration": 1172,
      "native_traversal_sec": 0.000145094,
      "row_count": 6
    },
    {
      "elapsed_sec": 0.00015914440155029297,
      "is_warmup": false,
      "iteration": 1173,
      "native_traversal_sec": 0.000143515,
      "row_count": 6
    },
    {
      "elapsed_sec": 0.00015529990196228027,
      "is_warmup": false,
      "iteration": 1174,
      "native_traversal_sec": 0.000140114,
      "row_count": 6
    },
    {
      "elapsed_sec": 0.00015529990196228027,
      "is_warmup": false,
      "iteration": 1175,
      "native_traversal_sec": 0.000140224,
      "row_count": 6
    },
    {
      "elapsed_sec": 0.000154934823513031,
      "is_warmup": false,
      "iteration": 1176,
      "native_traversal_sec": 0.000140264,
      "row_count": 6
    },
    {
      "elapsed_sec": 0.00016830116510391235,
      "is_warmup": false,
      "iteration": 1177,
      "native_traversal_sec": 0.000152794,
      "row_count": 6
    },
    {
      "elapsed_sec": 0.00016430765390396118,
      "is_warmup": false,
      "iteration": 1178,
      "native_traversal_sec": 0.000148514,
      "row_count": 6
    },
    {
      "elapsed_sec": 0.00015566498041152954,
      "is_warmup": false,
      "iteration": 1179,
      "native_traversal_sec": 0.000140404,
      "row_count": 6
    },
    {
      "elapsed_sec": 0.0001604333519935608,
      "is_warmup": false,
      "iteration": 1180,
      "native_traversal_sec": 0.000145504,
      "row_count": 6
    },
    {
      "elapsed_sec": 0.00015904009342193604,
      "is_warmup": false,
      "iteration": 1181,
      "native_traversal_sec": 0.000143324,
      "row_count": 6
    },
    {
      "elapsed_sec": 0.00015966594219207764,
      "is_warmup": false,
      "iteration": 1182,
      "native_traversal_sec": 0.000144414,
      "row_count": 6
    },
    {
      "elapsed_sec": 0.00015594065189361572,
      "is_warmup": false,
      "iteration": 1183,
      "native_traversal_sec": 0.000140844,
      "row_count": 6
    },
    {
      "elapsed_sec": 0.0001643151044845581,
      "is_warmup": false,
      "iteration": 1184,
      "native_traversal_sec": 0.000149254,
      "row_count": 6
    },
    {
      "elapsed_sec": 0.00016314536333084106,
      "is_warmup": false,
      "iteration": 1185,
      "native_traversal_sec": 0.000147344,
      "row_count": 6
    },
    {
      "elapsed_sec": 0.00015807896852493286,
      "is_warmup": false,
      "iteration": 1186,
      "native_traversal_sec": 0.000142374,
      "row_count": 6
    },
    {
      "elapsed_sec": 0.00046003609895706177,
      "is_warmup": false,
      "iteration": 1187,
      "native_traversal_sec": 0.000444683,
      "row_count": 6
    },
    {
      "elapsed_sec": 0.00040125101804733276,
      "is_warmup": false,
      "iteration": 1188,
      "native_traversal_sec": 0.000383671,
      "row_count": 6
    },
    {
      "elapsed_sec": 0.00017623603343963623,
      "is_warmup": false,
      "iteration": 1189,
      "native_traversal_sec": 0.000158804,
      "row_count": 6
    },
    {
      "elapsed_sec": 0.0001625344157218933,
      "is_warmup": false,
      "iteration": 1190,
      "native_traversal_sec": 0.000147054,
      "row_count": 6
    },
    {
      "elapsed_sec": 0.00016292929649353027,
      "is_warmup": false,
      "iteration": 1191,
      "native_traversal_sec": 0.000148165,
      "row_count": 6
    },
    {
      "elapsed_sec": 0.00015925616025924683,
      "is_warmup": false,
      "iteration": 1192,
      "native_traversal_sec": 0.000144054,
      "row_count": 6
    },
    {
      "elapsed_sec": 0.000170782208442688,
      "is_warmup": false,
      "iteration": 1193,
      "native_traversal_sec": 0.000148005,
      "row_count": 6
    },
    {
      "elapsed_sec": 0.0001622214913368225,
      "is_warmup": false,
      "iteration": 1194,
      "native_traversal_sec": 0.000146454,
      "row_count": 6
    },
    {
      "elapsed_sec": 0.0001614093780517578,
      "is_warmup": false,
      "iteration": 1195,
      "native_traversal_sec": 0.000146584,
      "row_count": 6
    },
    {
      "elapsed_sec": 0.00015979260206222534,
      "is_warmup": false,
      "iteration": 1196,
      "native_traversal_sec": 0.000144934,
      "row_count": 6
    },
    {
      "elapsed_sec": 0.00016085803508758545,
      "is_warmup": false,
      "iteration": 1197,
      "native_traversal_sec": 0.000145695,
      "row_count": 6
    },
    {
      "elapsed_sec": 0.0001614987850189209,
      "is_warmup": false,
      "iteration": 1198,
      "native_traversal_sec": 0.000146694,
      "row_count": 6
    },
    {
      "elapsed_sec": 0.000165499746799469,
      "is_warmup": false,
      "iteration": 1199,
      "native_traversal_sec": 0.000150284,
      "row_count": 6
    },
    {
      "elapsed_sec": 0.000163249671459198,
      "is_warmup": false,
      "iteration": 1200,
      "native_traversal_sec": 0.000147944,
      "row_count": 6
    },
    {
      "elapsed_sec": 0.00016029924154281616,
      "is_warmup": false,
      "iteration": 1201,
      "native_traversal_sec": 0.000144925,
      "row_count": 6
    },
    {
      "elapsed_sec": 0.00016146153211593628,
      "is_warmup": false,
      "iteration": 1202,
      "native_traversal_sec": 0.000146114,
      "row_count": 6
    },
    {
      "elapsed_sec": 0.00015907734632492065,
      "is_warmup": false,
      "iteration": 1203,
      "native_traversal_sec": 0.000143874,
      "row_count": 6
    },
    {
      "elapsed_sec": 0.00016137957572937012,
      "is_warmup": false,
      "iteration": 1204,
      "native_traversal_sec": 0.000146344,
      "row_count": 6
    },
    {
      "elapsed_sec": 0.00017192959785461426,
      "is_warmup": false,
      "iteration": 1205,
      "native_traversal_sec": 0.000156655,
      "row_count": 6
    },
    {
      "elapsed_sec": 0.0001646578311920166,
      "is_warmup": false,
      "iteration": 1206,
      "native_traversal_sec": 0.000148715,
      "row_count": 6
    },
    {
      "elapsed_sec": 0.00016231834888458252,
      "is_warmup": false,
      "iteration": 1207,
      "native_traversal_sec": 0.000147085,
      "row_count": 6
    },
    {
      "elapsed_sec": 0.0001624375581741333,
      "is_warmup": false,
      "iteration": 1208,
      "native_traversal_sec": 0.000147054,
      "row_count": 6
    },
    {
      "elapsed_sec": 0.00016375631093978882,
      "is_warmup": false,
      "iteration": 1209,
      "native_traversal_sec": 0.000148894,
      "row_count": 6
    },
    {
      "elapsed_sec": 0.0001582130789756775,
      "is_warmup": false,
      "iteration": 1210,
      "native_traversal_sec": 0.000143574,
      "row_count": 6
    },
    {
      "elapsed_sec": 0.00017198175191879272,
      "is_warmup": false,
      "iteration": 1211,
      "native_traversal_sec": 0.000156675,
      "row_count": 6
    },
    {
      "elapsed_sec": 0.00016138702630996704,
      "is_warmup": false,
      "iteration": 1212,
      "native_traversal_sec": 0.000145745,
      "row_count": 6
    },
    {
      "elapsed_sec": 0.00015908479690551758,
      "is_warmup": false,
      "iteration": 1213,
      "native_traversal_sec": 0.000144124,
      "row_count": 6
    },
    {
      "elapsed_sec": 0.0001612529158592224,
      "is_warmup": false,
      "iteration": 1214,
      "native_traversal_sec": 0.000146084,
      "row_count": 6
    },
    {
      "elapsed_sec": 0.00015748292207717896,
      "is_warmup": false,
      "iteration": 1215,
      "native_traversal_sec": 0.000142544,
      "row_count": 6
    },
    {
      "elapsed_sec": 0.0001596510410308838,
      "is_warmup": false,
      "iteration": 1216,
      "native_traversal_sec": 0.000144495,
      "row_count": 6
    },
    {
      "elapsed_sec": 0.00016850978136062622,
      "is_warmup": false,
      "iteration": 1217,
      "native_traversal_sec": 0.000153824,
      "row_count": 6
    },
    {
      "elapsed_sec": 0.0001652538776397705,
      "is_warmup": false,
      "iteration": 1218,
      "native_traversal_sec": 0.000149494,
      "row_count": 6
    },
    {
      "elapsed_sec": 0.00016277283430099487,
      "is_warmup": false,
      "iteration": 1219,
      "native_traversal_sec": 0.000148024,
      "row_count": 6
    },
    {
      "elapsed_sec": 0.0001572445034980774,
      "is_warmup": false,
      "iteration": 1220,
      "native_traversal_sec": 0.000142024,
      "row_count": 6
    },
    {
      "elapsed_sec": 0.00015975534915924072,
      "is_warmup": false,
      "iteration": 1221,
      "native_traversal_sec": 0.000145144,
      "row_count": 6
    },
    {
      "elapsed_sec": 0.0001629367470741272,
      "is_warmup": false,
      "iteration": 1222,
      "native_traversal_sec": 0.000147744,
      "row_count": 6
    },
    {
      "elapsed_sec": 0.00016620755195617676,
      "is_warmup": false,
      "iteration": 1223,
      "native_traversal_sec": 0.000150884,
      "row_count": 6
    },
    {
      "elapsed_sec": 0.0001618117094039917,
      "is_warmup": false,
      "iteration": 1224,
      "native_traversal_sec": 0.000145944,
      "row_count": 6
    },
    {
      "elapsed_sec": 0.00015679746866226196,
      "is_warmup": false,
      "iteration": 1225,
      "native_traversal_sec": 0.000141885,
      "row_count": 6
    },
    {
      "elapsed_sec": 0.00015554577112197876,
      "is_warmup": false,
      "iteration": 1226,
      "native_traversal_sec": 0.000140514,
      "row_count": 6
    },
    {
      "elapsed_sec": 0.0001571178436279297,
      "is_warmup": false,
      "iteration": 1227,
      "native_traversal_sec": 0.000141144,
      "row_count": 6
    },
    {
      "elapsed_sec": 0.00015635788440704346,
      "is_warmup": false,
      "iteration": 1228,
      "native_traversal_sec": 0.000141074,
      "row_count": 6
    },
    {
      "elapsed_sec": 0.00016799569129943848,
      "is_warmup": false,
      "iteration": 1229,
      "native_traversal_sec": 0.000152534,
      "row_count": 6
    },
    {
      "elapsed_sec": 0.0001558363437652588,
      "is_warmup": false,
      "iteration": 1230,
      "native_traversal_sec": 0.000139984,
      "row_count": 6
    },
    {
      "elapsed_sec": 0.00016391277313232422,
      "is_warmup": false,
      "iteration": 1231,
      "native_traversal_sec": 0.000148665,
      "row_count": 6
    },
    {
      "elapsed_sec": 0.00016298890113830566,
      "is_warmup": false,
      "iteration": 1232,
      "native_traversal_sec": 0.000147915,
      "row_count": 6
    },
    {
      "elapsed_sec": 0.00016113370656967163,
      "is_warmup": false,
      "iteration": 1233,
      "native_traversal_sec": 0.000146134,
      "row_count": 6
    },
    {
      "elapsed_sec": 0.0001592785120010376,
      "is_warmup": false,
      "iteration": 1234,
      "native_traversal_sec": 0.000143764,
      "row_count": 6
    },
    {
      "elapsed_sec": 0.00015641748905181885,
      "is_warmup": false,
      "iteration": 1235,
      "native_traversal_sec": 0.000140915,
      "row_count": 6
    },
    {
      "elapsed_sec": 0.00019713491201400757,
      "is_warmup": false,
      "iteration": 1236,
      "native_traversal_sec": 0.000174275,
      "row_count": 6
    },
    {
      "elapsed_sec": 0.00017783790826797485,
      "is_warmup": false,
      "iteration": 1237,
      "native_traversal_sec": 0.000161255,
      "row_count": 6
    },
    {
      "elapsed_sec": 0.0001726597547531128,
      "is_warmup": false,
      "iteration": 1238,
      "native_traversal_sec": 0.000156805,
      "row_count": 6
    },
    {
      "elapsed_sec": 0.00017884373664855957,
      "is_warmup": false,
      "iteration": 1239,
      "native_traversal_sec": 0.000162965,
      "row_count": 6
    },
    {
      "elapsed_sec": 0.00017458945512771606,
      "is_warmup": false,
      "iteration": 1240,
      "native_traversal_sec": 0.000159104,
      "row_count": 6
    },
    {
      "elapsed_sec": 0.00017161667346954346,
      "is_warmup": false,
      "iteration": 1241,
      "native_traversal_sec": 0.000156114,
      "row_count": 6
    },
    {
      "elapsed_sec": 0.00018277019262313843,
      "is_warmup": false,
      "iteration": 1242,
      "native_traversal_sec": 0.000166835,
      "row_count": 6
    },
    {
      "elapsed_sec": 0.0001731663942337036,
      "is_warmup": false,
      "iteration": 1243,
      "native_traversal_sec": 0.000157525,
      "row_count": 6
    },
    {
      "elapsed_sec": 0.00017589330673217773,
      "is_warmup": false,
      "iteration": 1244,
      "native_traversal_sec": 0.000161005,
      "row_count": 6
    },
    {
      "elapsed_sec": 0.00017564743757247925,
      "is_warmup": false,
      "iteration": 1245,
      "native_traversal_sec": 0.000160665,
      "row_count": 6
    },
    {
      "elapsed_sec": 0.00018086284399032593,
      "is_warmup": false,
      "iteration": 1246,
      "native_traversal_sec": 0.000165674,
      "row_count": 6
    },
    {
      "elapsed_sec": 0.00018700212240219116,
      "is_warmup": false,
      "iteration": 1247,
      "native_traversal_sec": 0.000171905,
      "row_count": 6
    },
    {
      "elapsed_sec": 0.00017715990543365479,
      "is_warmup": false,
      "iteration": 1248,
      "native_traversal_sec": 0.000161465,
      "row_count": 6
    },
    {
      "elapsed_sec": 0.00017429888248443604,
      "is_warmup": false,
      "iteration": 1249,
      "native_traversal_sec": 0.000159314,
      "row_count": 6
    },
    {
      "elapsed_sec": 0.0001787319779396057,
      "is_warmup": false,
      "iteration": 1250,
      "native_traversal_sec": 0.000163405,
      "row_count": 6
    },
    {
      "elapsed_sec": 0.00017333030700683594,
      "is_warmup": false,
      "iteration": 1251,
      "native_traversal_sec": 0.000157995,
      "row_count": 6
    },
    {
      "elapsed_sec": 0.0001798197627067566,
      "is_warmup": false,
      "iteration": 1252,
      "native_traversal_sec": 0.000164995,
      "row_count": 6
    },
    {
      "elapsed_sec": 0.0001804754137992859,
      "is_warmup": false,
      "iteration": 1253,
      "native_traversal_sec": 0.000164985,
      "row_count": 6
    },
    {
      "elapsed_sec": 0.0001727864146232605,
      "is_warmup": false,
      "iteration": 1254,
      "native_traversal_sec": 0.000157424,
      "row_count": 6
    },
    {
      "elapsed_sec": 0.0001619085669517517,
      "is_warmup": false,
      "iteration": 1255,
      "native_traversal_sec": 0.000146094,
      "row_count": 6
    },
    {
      "elapsed_sec": 0.00016210228204727173,
      "is_warmup": false,
      "iteration": 1256,
      "native_traversal_sec": 0.000147174,
      "row_count": 6
    },
    {
      "elapsed_sec": 0.00016085803508758545,
      "is_warmup": false,
      "iteration": 1257,
      "native_traversal_sec": 0.000145765,
      "row_count": 6
    },
    {
      "elapsed_sec": 0.00016710907220840454,
      "is_warmup": false,
      "iteration": 1258,
      "native_traversal_sec": 0.000151825,
      "row_count": 6
    },
    {
      "elapsed_sec": 0.00018130242824554443,
      "is_warmup": false,
      "iteration": 1259,
      "native_traversal_sec": 0.000165535,
      "row_count": 6
    },
    {
      "elapsed_sec": 0.00015948712825775146,
      "is_warmup": false,
      "iteration": 1260,
      "native_traversal_sec": 0.000144385,
      "row_count": 6
    },
    {
      "elapsed_sec": 0.00017780810594558716,
      "is_warmup": false,
      "iteration": 1261,
      "native_traversal_sec": 0.000162585,
      "row_count": 6
    },
    {
      "elapsed_sec": 0.00017192214727401733,
      "is_warmup": false,
      "iteration": 1262,
      "native_traversal_sec": 0.000156935,
      "row_count": 6
    },
    {
      "elapsed_sec": 0.00017139315605163574,
      "is_warmup": false,
      "iteration": 1263,
      "native_traversal_sec": 0.000156025,
      "row_count": 6
    },
    {
      "elapsed_sec": 0.00018062442541122437,
      "is_warmup": false,
      "iteration": 1264,
      "native_traversal_sec": 0.000165455,
      "row_count": 6
    },
    {
      "elapsed_sec": 0.00016208738088607788,
      "is_warmup": false,
      "iteration": 1265,
      "native_traversal_sec": 0.000146454,
      "row_count": 6
    },
    {
      "elapsed_sec": 0.0001595020294189453,
      "is_warmup": false,
      "iteration": 1266,
      "native_traversal_sec": 0.000143534,
      "row_count": 6
    },
    {
      "elapsed_sec": 0.00017249584197998047,
      "is_warmup": false,
      "iteration": 1267,
      "native_traversal_sec": 0.000157285,
      "row_count": 6
    },
    {
      "elapsed_sec": 0.00017218291759490967,
      "is_warmup": false,
      "iteration": 1268,
      "native_traversal_sec": 0.000157295,
      "row_count": 6
    },
    {
      "elapsed_sec": 0.00017199665307998657,
      "is_warmup": false,
      "iteration": 1269,
      "native_traversal_sec": 0.000156765,
      "row_count": 6
    },
    {
      "elapsed_sec": 0.000170782208442688,
      "is_warmup": false,
      "iteration": 1270,
      "native_traversal_sec": 0.000154865,
      "row_count": 6
    },
    {
      "elapsed_sec": 0.00015998631715774536,
      "is_warmup": false,
      "iteration": 1271,
      "native_traversal_sec": 0.000143504,
      "row_count": 6
    },
    {
      "elapsed_sec": 0.00017040222883224487,
      "is_warmup": false,
      "iteration": 1272,
      "native_traversal_sec": 0.000155065,
      "row_count": 6
    },
    {
      "elapsed_sec": 0.00017079710960388184,
      "is_warmup": false,
      "iteration": 1273,
      "native_traversal_sec": 0.000155915,
      "row_count": 6
    },
    {
      "elapsed_sec": 0.00017152726650238037,
      "is_warmup": false,
      "iteration": 1274,
      "native_traversal_sec": 0.000156085,
      "row_count": 6
    },
    {
      "elapsed_sec": 0.00017290562391281128,
      "is_warmup": false,
      "iteration": 1275,
      "native_traversal_sec": 0.000157535,
      "row_count": 6
    },
    {
      "elapsed_sec": 0.00016749650239944458,
      "is_warmup": false,
      "iteration": 1276,
      "native_traversal_sec": 0.000152255,
      "row_count": 6
    },
    {
      "elapsed_sec": 0.00015973299741744995,
      "is_warmup": false,
      "iteration": 1277,
      "native_traversal_sec": 0.000143085,
      "row_count": 6
    },
    {
      "elapsed_sec": 0.00015826523303985596,
      "is_warmup": false,
      "iteration": 1278,
      "native_traversal_sec": 0.000143034,
      "row_count": 6
    },
    {
      "elapsed_sec": 0.00015872716903686523,
      "is_warmup": false,
      "iteration": 1279,
      "native_traversal_sec": 0.000143514,
      "row_count": 6
    },
    {
      "elapsed_sec": 0.00015907734632492065,
      "is_warmup": false,
      "iteration": 1280,
      "native_traversal_sec": 0.000143655,
      "row_count": 6
    },
    {
      "elapsed_sec": 0.00017127394676208496,
      "is_warmup": false,
      "iteration": 1281,
      "native_traversal_sec": 0.000155745,
      "row_count": 6
    },
    {
      "elapsed_sec": 0.0002495795488357544,
      "is_warmup": false,
      "iteration": 1282,
      "native_traversal_sec": 0.000233417,
      "row_count": 6
    },
    {
      "elapsed_sec": 0.00017090141773223877,
      "is_warmup": false,
      "iteration": 1283,
      "native_traversal_sec": 0.000154634,
      "row_count": 6
    },
    {
      "elapsed_sec": 0.00017482787370681763,
      "is_warmup": false,
      "iteration": 1284,
      "native_traversal_sec": 0.000158934,
      "row_count": 6
    },
    {
      "elapsed_sec": 0.00016432255506515503,
      "is_warmup": false,
      "iteration": 1285,
      "native_traversal_sec": 0.000148294,
      "row_count": 6
    },
    {
      "elapsed_sec": 0.00016533583402633667,
      "is_warmup": false,
      "iteration": 1286,
      "native_traversal_sec": 0.000149444,
      "row_count": 6
    },
    {
      "elapsed_sec": 0.00016991794109344482,
      "is_warmup": false,
      "iteration": 1287,
      "native_traversal_sec": 0.000154605,
      "row_count": 6
    },
    {
      "elapsed_sec": 0.00015995651483535767,
      "is_warmup": false,
      "iteration": 1288,
      "native_traversal_sec": 0.000143905,
      "row_count": 6
    },
    {
      "elapsed_sec": 0.00016592442989349365,
      "is_warmup": false,
      "iteration": 1289,
      "native_traversal_sec": 0.000149835,
      "row_count": 6
    },
    {
      "elapsed_sec": 0.0001631230115890503,
      "is_warmup": false,
      "iteration": 1290,
      "native_traversal_sec": 0.000147494,
      "row_count": 6
    },
    {
      "elapsed_sec": 0.00016076117753982544,
      "is_warmup": false,
      "iteration": 1291,
      "native_traversal_sec": 0.000145374,
      "row_count": 6
    },
    {
      "elapsed_sec": 0.00015968084335327148,
      "is_warmup": false,
      "iteration": 1292,
      "native_traversal_sec": 0.000144504,
      "row_count": 6
    },
    {
      "elapsed_sec": 0.00017394870519638062,
      "is_warmup": false,
      "iteration": 1293,
      "native_traversal_sec": 0.000158685,
      "row_count": 6
    },
    {
      "elapsed_sec": 0.00015880167484283447,
      "is_warmup": false,
      "iteration": 1294,
      "native_traversal_sec": 0.000143175,
      "row_count": 6
    },
    {
      "elapsed_sec": 0.000162467360496521,
      "is_warmup": false,
      "iteration": 1295,
      "native_traversal_sec": 0.000146844,
      "row_count": 6
    },
    {
      "elapsed_sec": 0.00016389042139053345,
      "is_warmup": false,
      "iteration": 1296,
      "native_traversal_sec": 0.000148614,
      "row_count": 6
    },
    {
      "elapsed_sec": 0.00016150623559951782,
      "is_warmup": false,
      "iteration": 1297,
      "native_traversal_sec": 0.000146554,
      "row_count": 6
    },
    {
      "elapsed_sec": 0.00016107410192489624,
      "is_warmup": false,
      "iteration": 1298,
      "native_traversal_sec": 0.000145764,
      "row_count": 6
    },
    {
      "elapsed_sec": 0.00016007572412490845,
      "is_warmup": false,
      "iteration": 1299,
      "native_traversal_sec": 0.000145395,
      "row_count": 6
    },
    {
      "elapsed_sec": 0.0001762285828590393,
      "is_warmup": false,
      "iteration": 1300,
      "native_traversal_sec": 0.000151725,
      "row_count": 6
    },
    {
      "elapsed_sec": 0.00016489624977111816,
      "is_warmup": false,
      "iteration": 1301,
      "native_traversal_sec": 0.000149075,
      "row_count": 6
    },
    {
      "elapsed_sec": 0.00016359984874725342,
      "is_warmup": false,
      "iteration": 1302,
      "native_traversal_sec": 0.000148474,
      "row_count": 6
    },
    {
      "elapsed_sec": 0.00016046315431594849,
      "is_warmup": false,
      "iteration": 1303,
      "native_traversal_sec": 0.000144674,
      "row_count": 6
    },
    {
      "elapsed_sec": 0.00016230344772338867,
      "is_warmup": false,
      "iteration": 1304,
      "native_traversal_sec": 0.000146994,
      "row_count": 6
    },
    {
      "elapsed_sec": 0.00016433745622634888,
      "is_warmup": false,
      "iteration": 1305,
      "native_traversal_sec": 0.000149195,
      "row_count": 6
    },
    {
      "elapsed_sec": 0.00016695261001586914,
      "is_warmup": false,
      "iteration": 1306,
      "native_traversal_sec": 0.000144635,
      "row_count": 6
    },
    {
      "elapsed_sec": 0.00016480684280395508,
      "is_warmup": false,
      "iteration": 1307,
      "native_traversal_sec": 0.000149024,
      "row_count": 6
    },
    {
      "elapsed_sec": 0.0001607835292816162,
      "is_warmup": false,
      "iteration": 1308,
      "native_traversal_sec": 0.000145244,
      "row_count": 6
    },
    {
      "elapsed_sec": 0.00016372650861740112,
      "is_warmup": false,
      "iteration": 1309,
      "native_traversal_sec": 0.000148704,
      "row_count": 6
    },
    {
      "elapsed_sec": 0.0001599043607711792,
      "is_warmup": false,
      "iteration": 1310,
      "native_traversal_sec": 0.000144234,
      "row_count": 6
    },
    {
      "elapsed_sec": 0.00022957473993301392,
      "is_warmup": false,
      "iteration": 1311,
      "native_traversal_sec": 0.000213897,
      "row_count": 6
    },
    {
      "elapsed_sec": 0.00016497820615768433,
      "is_warmup": false,
      "iteration": 1312,
      "native_traversal_sec": 0.000149234,
      "row_count": 6
    },
    {
      "elapsed_sec": 0.00015959888696670532,
      "is_warmup": false,
      "iteration": 1313,
      "native_traversal_sec": 0.000143574,
      "row_count": 6
    },
    {
      "elapsed_sec": 0.00015947222709655762,
      "is_warmup": false,
      "iteration": 1314,
      "native_traversal_sec": 0.000143814,
      "row_count": 6
    },
    {
      "elapsed_sec": 0.00015886127948760986,
      "is_warmup": false,
      "iteration": 1315,
      "native_traversal_sec": 0.000143705,
      "row_count": 6
    },
    {
      "elapsed_sec": 0.00016036629676818848,
      "is_warmup": false,
      "iteration": 1316,
      "native_traversal_sec": 0.000145054,
      "row_count": 6
    },
    {
      "elapsed_sec": 0.00016210973262786865,
      "is_warmup": false,
      "iteration": 1317,
      "native_traversal_sec": 0.000146734,
      "row_count": 6
    },
    {
      "elapsed_sec": 0.00015351921319961548,
      "is_warmup": false,
      "iteration": 1318,
      "native_traversal_sec": 0.000137594,
      "row_count": 6
    },
    {
      "elapsed_sec": 0.00015748292207717896,
      "is_warmup": false,
      "iteration": 1319,
      "native_traversal_sec": 0.000141734,
      "row_count": 6
    },
    {
      "elapsed_sec": 0.00015787780284881592,
      "is_warmup": false,
      "iteration": 1320,
      "native_traversal_sec": 0.000142494,
      "row_count": 6
    },
    {
      "elapsed_sec": 0.00016192346811294556,
      "is_warmup": false,
      "iteration": 1321,
      "native_traversal_sec": 0.000146585,
      "row_count": 6
    },
    {
      "elapsed_sec": 0.0001641884446144104,
      "is_warmup": false,
      "iteration": 1322,
      "native_traversal_sec": 0.000148735,
      "row_count": 6
    },
    {
      "elapsed_sec": 0.0001617148518562317,
      "is_warmup": false,
      "iteration": 1323,
      "native_traversal_sec": 0.000145994,
      "row_count": 6
    },
    {
      "elapsed_sec": 0.00016305595636367798,
      "is_warmup": false,
      "iteration": 1324,
      "native_traversal_sec": 0.000146864,
      "row_count": 6
    },
    {
      "elapsed_sec": 0.00015958398580551147,
      "is_warmup": false,
      "iteration": 1325,
      "native_traversal_sec": 0.000143844,
      "row_count": 6
    },
    {
      "elapsed_sec": 0.0001583099365234375,
      "is_warmup": false,
      "iteration": 1326,
      "native_traversal_sec": 0.000142694,
      "row_count": 6
    },
    {
      "elapsed_sec": 0.0001571178436279297,
      "is_warmup": false,
      "iteration": 1327,
      "native_traversal_sec": 0.000141764,
      "row_count": 6
    },
    {
      "elapsed_sec": 0.0001569017767906189,
      "is_warmup": false,
      "iteration": 1328,
      "native_traversal_sec": 0.000141755,
      "row_count": 6
    },
    {
      "elapsed_sec": 0.00015633553266525269,
      "is_warmup": false,
      "iteration": 1329,
      "native_traversal_sec": 0.000141164,
      "row_count": 6
    },
    {
      "elapsed_sec": 0.0001883581280708313,
      "is_warmup": false,
      "iteration": 1330,
      "native_traversal_sec": 0.000172845,
      "row_count": 6
    },
    {
      "elapsed_sec": 0.00016254186630249023,
      "is_warmup": false,
      "iteration": 1331,
      "native_traversal_sec": 0.000146025,
      "row_count": 6
    },
    {
      "elapsed_sec": 0.00019755959510803223,
      "is_warmup": false,
      "iteration": 1332,
      "native_traversal_sec": 0.000182415,
      "row_count": 6
    },
    {
      "elapsed_sec": 0.00016298890113830566,
      "is_warmup": false,
      "iteration": 1333,
      "native_traversal_sec": 0.000148104,
      "row_count": 6
    },
    {
      "elapsed_sec": 0.00016089528799057007,
      "is_warmup": false,
      "iteration": 1334,
      "native_traversal_sec": 0.000145444,
      "row_count": 6
    },
    {
      "elapsed_sec": 0.0001621544361114502,
      "is_warmup": false,
      "iteration": 1335,
      "native_traversal_sec": 0.000147165,
      "row_count": 6
    },
    {
      "elapsed_sec": 0.00017702579498291016,
      "is_warmup": false,
      "iteration": 1336,
      "native_traversal_sec": 0.000161375,
      "row_count": 6
    },
    {
      "elapsed_sec": 0.00015828758478164673,
      "is_warmup": false,
      "iteration": 1337,
      "native_traversal_sec": 0.000143035,
      "row_count": 6
    },
    {
      "elapsed_sec": 0.00016365200281143188,
      "is_warmup": false,
      "iteration": 1338,
      "native_traversal_sec": 0.000147884,
      "row_count": 6
    },
    {
      "elapsed_sec": 0.0001643449068069458,
      "is_warmup": false,
      "iteration": 1339,
      "native_traversal_sec": 0.000148374,
      "row_count": 6
    },
    {
      "elapsed_sec": 0.00016540288925170898,
      "is_warmup": false,
      "iteration": 1340,
      "native_traversal_sec": 0.000150284,
      "row_count": 6
    },
    {
      "elapsed_sec": 0.00016214698553085327,
      "is_warmup": false,
      "iteration": 1341,
      "native_traversal_sec": 0.000146184,
      "row_count": 6
    },
    {
      "elapsed_sec": 0.00017589330673217773,
      "is_warmup": false,
      "iteration": 1342,
      "native_traversal_sec": 0.000160305,
      "row_count": 6
    },
    {
      "elapsed_sec": 0.00016519427299499512,
      "is_warmup": false,
      "iteration": 1343,
      "native_traversal_sec": 0.000149264,
      "row_count": 6
    },
    {
      "elapsed_sec": 0.0001620277762413025,
      "is_warmup": false,
      "iteration": 1344,
      "native_traversal_sec": 0.000146964,
      "row_count": 6
    },
    {
      "elapsed_sec": 0.0001611262559890747,
      "is_warmup": false,
      "iteration": 1345,
      "native_traversal_sec": 0.000146175,
      "row_count": 6
    },
    {
      "elapsed_sec": 0.00016631931066513062,
      "is_warmup": false,
      "iteration": 1346,
      "native_traversal_sec": 0.000151284,
      "row_count": 6
    },
    {
      "elapsed_sec": 0.00015844404697418213,
      "is_warmup": false,
      "iteration": 1347,
      "native_traversal_sec": 0.000143934,
      "row_count": 6
    },
    {
      "elapsed_sec": 0.00017073005437850952,
      "is_warmup": false,
      "iteration": 1348,
      "native_traversal_sec": 0.000155744,
      "row_count": 6
    },
    {
      "elapsed_sec": 0.0001635327935218811,
      "is_warmup": false,
      "iteration": 1349,
      "native_traversal_sec": 0.000147574,
      "row_count": 6
    },
    {
      "elapsed_sec": 0.000162467360496521,
      "is_warmup": false,
      "iteration": 1350,
      "native_traversal_sec": 0.000146685,
      "row_count": 6
    },
    {
      "elapsed_sec": 0.00015891343355178833,
      "is_warmup": false,
      "iteration": 1351,
      "native_traversal_sec": 0.000144044,
      "row_count": 6
    },
    {
      "elapsed_sec": 0.00015518814325332642,
      "is_warmup": false,
      "iteration": 1352,
      "native_traversal_sec": 0.000139834,
      "row_count": 6
    },
    {
      "elapsed_sec": 0.0001574680209159851,
      "is_warmup": false,
      "iteration": 1353,
      "native_traversal_sec": 0.000142395,
      "row_count": 6
    },
    {
      "elapsed_sec": 0.00017017126083374023,
      "is_warmup": false,
      "iteration": 1354,
      "native_traversal_sec": 0.000155105,
      "row_count": 6
    },
    {
      "elapsed_sec": 0.00047085434198379517,
      "is_warmup": false,
      "iteration": 1355,
      "native_traversal_sec": 0.000454584,
      "row_count": 6
    },
    {
      "elapsed_sec": 0.00016213208436965942,
      "is_warmup": false,
      "iteration": 1356,
      "native_traversal_sec": 0.000145874,
      "row_count": 6
    },
    {
      "elapsed_sec": 0.0001611560583114624,
      "is_warmup": false,
      "iteration": 1357,
      "native_traversal_sec": 0.000145934,
      "row_count": 6
    },
    {
      "elapsed_sec": 0.00017667561769485474,
      "is_warmup": false,
      "iteration": 1358,
      "native_traversal_sec": 0.000161094,
      "row_count": 6
    },
    {
      "elapsed_sec": 0.00016441941261291504,
      "is_warmup": false,
      "iteration": 1359,
      "native_traversal_sec": 0.000148144,
      "row_count": 6
    },
    {
      "elapsed_sec": 0.0001638457179069519,
      "is_warmup": false,
      "iteration": 1360,
      "native_traversal_sec": 0.000148244,
      "row_count": 6
    },
    {
      "elapsed_sec": 0.0001643449068069458,
      "is_warmup": false,
      "iteration": 1361,
      "native_traversal_sec": 0.000148755,
      "row_count": 6
    },
    {
      "elapsed_sec": 0.00016096234321594238,
      "is_warmup": false,
      "iteration": 1362,
      "native_traversal_sec": 0.000145355,
      "row_count": 6
    },
    {
      "elapsed_sec": 0.0001593753695487976,
      "is_warmup": false,
      "iteration": 1363,
      "native_traversal_sec": 0.000144364,
      "row_count": 6
    },
    {
      "elapsed_sec": 0.00017190724611282349,
      "is_warmup": false,
      "iteration": 1364,
      "native_traversal_sec": 0.000156404,
      "row_count": 6
    },
    {
      "elapsed_sec": 0.0001898258924484253,
      "is_warmup": false,
      "iteration": 1365,
      "native_traversal_sec": 0.000173705,
      "row_count": 6
    },
    {
      "elapsed_sec": 0.00016472488641738892,
      "is_warmup": false,
      "iteration": 1366,
      "native_traversal_sec": 0.000148885,
      "row_count": 6
    },
    {
      "elapsed_sec": 0.00016982108354568481,
      "is_warmup": false,
      "iteration": 1367,
      "native_traversal_sec": 0.000154485,
      "row_count": 6
    },
    {
      "elapsed_sec": 0.00015864521265029907,
      "is_warmup": false,
      "iteration": 1368,
      "native_traversal_sec": 0.000143524,
      "row_count": 6
    },
    {
      "elapsed_sec": 0.0001575872302055359,
      "is_warmup": false,
      "iteration": 1369,
      "native_traversal_sec": 0.000142454,
      "row_count": 6
    },
    {
      "elapsed_sec": 0.00016854703426361084,
      "is_warmup": false,
      "iteration": 1370,
      "native_traversal_sec": 0.000152574,
      "row_count": 6
    },
    {
      "elapsed_sec": 0.0001581832766532898,
      "is_warmup": false,
      "iteration": 1371,
      "native_traversal_sec": 0.000142154,
      "row_count": 6
    },
    {
      "elapsed_sec": 0.00015264004468917847,
      "is_warmup": false,
      "iteration": 1372,
      "native_traversal_sec": 0.000137524,
      "row_count": 6
    },
    {
      "elapsed_sec": 0.00015656650066375732,
      "is_warmup": false,
      "iteration": 1373,
      "native_traversal_sec": 0.000141434,
      "row_count": 6
    },
    {
      "elapsed_sec": 0.0001592189073562622,
      "is_warmup": false,
      "iteration": 1374,
      "native_traversal_sec": 0.000143405,
      "row_count": 6
    },
    {
      "elapsed_sec": 0.000158652663230896,
      "is_warmup": false,
      "iteration": 1375,
      "native_traversal_sec": 0.000143394,
      "row_count": 6
    },
    {
      "elapsed_sec": 0.00015968084335327148,
      "is_warmup": false,
      "iteration": 1376,
      "native_traversal_sec": 0.000144434,
      "row_count": 6
    },
    {
      "elapsed_sec": 0.00017299503087997437,
      "is_warmup": false,
      "iteration": 1377,
      "native_traversal_sec": 0.000157405,
      "row_count": 6
    },
    {
      "elapsed_sec": 0.0001634657382965088,
      "is_warmup": false,
      "iteration": 1378,
      "native_traversal_sec": 0.000147104,
      "row_count": 6
    },
    {
      "elapsed_sec": 0.00016545504331588745,
      "is_warmup": false,
      "iteration": 1379,
      "native_traversal_sec": 0.000150105,
      "row_count": 6
    },
    {
      "elapsed_sec": 0.00015950947999954224,
      "is_warmup": false,
      "iteration": 1380,
      "native_traversal_sec": 0.000143834,
      "row_count": 6
    },
    {
      "elapsed_sec": 0.00017149746417999268,
      "is_warmup": false,
      "iteration": 1381,
      "native_traversal_sec": 0.000155635,
      "row_count": 6
    },
    {
      "elapsed_sec": 0.00017167627811431885,
      "is_warmup": false,
      "iteration": 1382,
      "native_traversal_sec": 0.000155615,
      "row_count": 6
    },
    {
      "elapsed_sec": 0.000172346830368042,
      "is_warmup": false,
      "iteration": 1383,
      "native_traversal_sec": 0.000156235,
      "row_count": 6
    },
    {
      "elapsed_sec": 0.00016172975301742554,
      "is_warmup": false,
      "iteration": 1384,
      "native_traversal_sec": 0.000145594,
      "row_count": 6
    },
    {
      "elapsed_sec": 0.00015919655561447144,
      "is_warmup": false,
      "iteration": 1385,
      "native_traversal_sec": 0.000144044,
      "row_count": 6
    },
    {
      "elapsed_sec": 0.00016369670629501343,
      "is_warmup": false,
      "iteration": 1386,
      "native_traversal_sec": 0.000148364,
      "row_count": 6
    },
    {
      "elapsed_sec": 0.0001577809453010559,
      "is_warmup": false,
      "iteration": 1387,
      "native_traversal_sec": 0.000143005,
      "row_count": 6
    },
    {
      "elapsed_sec": 0.00016645342111587524,
      "is_warmup": false,
      "iteration": 1388,
      "native_traversal_sec": 0.000150574,
      "row_count": 6
    },
    {
      "elapsed_sec": 0.0001638457179069519,
      "is_warmup": false,
      "iteration": 1389,
      "native_traversal_sec": 0.000148904,
      "row_count": 6
    },
    {
      "elapsed_sec": 0.0001645907759666443,
      "is_warmup": false,
      "iteration": 1390,
      "native_traversal_sec": 0.000148884,
      "row_count": 6
    },
    {
      "elapsed_sec": 0.00015694648027420044,
      "is_warmup": false,
      "iteration": 1391,
      "native_traversal_sec": 0.000141994,
      "row_count": 6
    },
    {
      "elapsed_sec": 0.0001593753695487976,
      "is_warmup": false,
      "iteration": 1392,
      "native_traversal_sec": 0.000144404,
      "row_count": 6
    },
    {
      "elapsed_sec": 0.00016325712203979492,
      "is_warmup": false,
      "iteration": 1393,
      "native_traversal_sec": 0.000148454,
      "row_count": 6
    },
    {
      "elapsed_sec": 0.00017092376947402954,
      "is_warmup": false,
      "iteration": 1394,
      "native_traversal_sec": 0.000155724,
      "row_count": 6
    },
    {
      "elapsed_sec": 0.0001702532172203064,
      "is_warmup": false,
      "iteration": 1395,
      "native_traversal_sec": 0.000154724,
      "row_count": 6
    },
    {
      "elapsed_sec": 0.00016301870346069336,
      "is_warmup": false,
      "iteration": 1396,
      "native_traversal_sec": 0.000148024,
      "row_count": 6
    },
    {
      "elapsed_sec": 0.00016274303197860718,
      "is_warmup": false,
      "iteration": 1397,
      "native_traversal_sec": 0.000147004,
      "row_count": 6
    },
    {
      "elapsed_sec": 0.00016061216592788696,
      "is_warmup": false,
      "iteration": 1398,
      "native_traversal_sec": 0.000145565,
      "row_count": 6
    },
    {
      "elapsed_sec": 0.00016251951456069946,
      "is_warmup": false,
      "iteration": 1399,
      "native_traversal_sec": 0.000147675,
      "row_count": 6
    },
    {
      "elapsed_sec": 0.00016183406114578247,
      "is_warmup": false,
      "iteration": 1400,
      "native_traversal_sec": 0.000147324,
      "row_count": 6
    },
    {
      "elapsed_sec": 0.00016725808382034302,
      "is_warmup": false,
      "iteration": 1401,
      "native_traversal_sec": 0.000152144,
      "row_count": 6
    },
    {
      "elapsed_sec": 0.0001599043607711792,
      "is_warmup": false,
      "iteration": 1402,
      "native_traversal_sec": 0.000144354,
      "row_count": 6
    },
    {
      "elapsed_sec": 0.00016208738088607788,
      "is_warmup": false,
      "iteration": 1403,
      "native_traversal_sec": 0.000146864,
      "row_count": 6
    },
    {
      "elapsed_sec": 0.00015822052955627441,
      "is_warmup": false,
      "iteration": 1404,
      "native_traversal_sec": 0.000143135,
      "row_count": 6
    },
    {
      "elapsed_sec": 0.0001587793231010437,
      "is_warmup": false,
      "iteration": 1405,
      "native_traversal_sec": 0.000143804,
      "row_count": 6
    },
    {
      "elapsed_sec": 0.0001566857099533081,
      "is_warmup": false,
      "iteration": 1406,
      "native_traversal_sec": 0.000141314,
      "row_count": 6
    },
    {
      "elapsed_sec": 0.0001667216420173645,
      "is_warmup": false,
      "iteration": 1407,
      "native_traversal_sec": 0.000150905,
      "row_count": 6
    },
    {
      "elapsed_sec": 0.00015886127948760986,
      "is_warmup": false,
      "iteration": 1408,
      "native_traversal_sec": 0.000142884,
      "row_count": 6
    },
    {
      "elapsed_sec": 0.00016248226165771484,
      "is_warmup": false,
      "iteration": 1409,
      "native_traversal_sec": 0.000147364,
      "row_count": 6
    },
    {
      "elapsed_sec": 0.00016326457262039185,
      "is_warmup": false,
      "iteration": 1410,
      "native_traversal_sec": 0.000147624,
      "row_count": 6
    },
    {
      "elapsed_sec": 0.0001575276255607605,
      "is_warmup": false,
      "iteration": 1411,
      "native_traversal_sec": 0.000141774,
      "row_count": 6
    },
    {
      "elapsed_sec": 0.0001590922474861145,
      "is_warmup": false,
      "iteration": 1412,
      "native_traversal_sec": 0.000143474,
      "row_count": 6
    },
    {
      "elapsed_sec": 0.0001664385199546814,
      "is_warmup": false,
      "iteration": 1413,
      "native_traversal_sec": 0.000150824,
      "row_count": 6
    },
    {
      "elapsed_sec": 0.00015848129987716675,
      "is_warmup": false,
      "iteration": 1414,
      "native_traversal_sec": 0.000143044,
      "row_count": 6
    },
    {
      "elapsed_sec": 0.00016482174396514893,
      "is_warmup": false,
      "iteration": 1415,
      "native_traversal_sec": 0.000149374,
      "row_count": 6
    },
    {
      "elapsed_sec": 0.00015848875045776367,
      "is_warmup": false,
      "iteration": 1416,
      "native_traversal_sec": 0.000143345,
      "row_count": 6
    },
    {
      "elapsed_sec": 0.00016989558935165405,
      "is_warmup": false,
      "iteration": 1417,
      "native_traversal_sec": 0.000154815,
      "row_count": 6
    },
    {
      "elapsed_sec": 0.00015737861394882202,
      "is_warmup": false,
      "iteration": 1418,
      "native_traversal_sec": 0.000142404,
      "row_count": 6
    },
    {
      "elapsed_sec": 0.00019122660160064697,
      "is_warmup": false,
      "iteration": 1419,
      "native_traversal_sec": 0.000176455,
      "row_count": 6
    },
    {
      "elapsed_sec": 0.00016361474990844727,
      "is_warmup": false,
      "iteration": 1420,
      "native_traversal_sec": 0.000147645,
      "row_count": 6
    },
    {
      "elapsed_sec": 0.0001608729362487793,
      "is_warmup": false,
      "iteration": 1421,
      "native_traversal_sec": 0.000146244,
      "row_count": 6
    },
    {
      "elapsed_sec": 0.00015838444232940674,
      "is_warmup": false,
      "iteration": 1422,
      "native_traversal_sec": 0.000143824,
      "row_count": 6
    },
    {
      "elapsed_sec": 0.00015609711408615112,
      "is_warmup": false,
      "iteration": 1423,
      "native_traversal_sec": 0.000140814,
      "row_count": 6
    },
    {
      "elapsed_sec": 0.0001568421721458435,
      "is_warmup": false,
      "iteration": 1424,
      "native_traversal_sec": 0.000141734,
      "row_count": 6
    },
    {
      "elapsed_sec": 0.00044064968824386597,
      "is_warmup": false,
      "iteration": 1425,
      "native_traversal_sec": 0.000425612,
      "row_count": 6
    },
    {
      "elapsed_sec": 0.00016708672046661377,
      "is_warmup": false,
      "iteration": 1426,
      "native_traversal_sec": 0.000150774,
      "row_count": 6
    },
    {
      "elapsed_sec": 0.000160999596118927,
      "is_warmup": false,
      "iteration": 1427,
      "native_traversal_sec": 0.000145664,
      "row_count": 6
    },
    {
      "elapsed_sec": 0.0001612827181816101,
      "is_warmup": false,
      "iteration": 1428,
      "native_traversal_sec": 0.000146345,
      "row_count": 6
    },
    {
      "elapsed_sec": 0.00016833841800689697,
      "is_warmup": false,
      "iteration": 1429,
      "native_traversal_sec": 0.000152705,
      "row_count": 6
    },
    {
      "elapsed_sec": 0.0001606270670890808,
      "is_warmup": false,
      "iteration": 1430,
      "native_traversal_sec": 0.000145224,
      "row_count": 6
    },
    {
      "elapsed_sec": 0.00016129016876220703,
      "is_warmup": false,
      "iteration": 1431,
      "native_traversal_sec": 0.000146434,
      "row_count": 6
    },
    {
      "elapsed_sec": 0.00016245990991592407,
      "is_warmup": false,
      "iteration": 1432,
      "native_traversal_sec": 0.000147244,
      "row_count": 6
    },
    {
      "elapsed_sec": 0.00016496330499649048,
      "is_warmup": false,
      "iteration": 1433,
      "native_traversal_sec": 0.000149965,
      "row_count": 6
    },
    {
      "elapsed_sec": 0.00016083568334579468,
      "is_warmup": false,
      "iteration": 1434,
      "native_traversal_sec": 0.000145745,
      "row_count": 6
    },
    {
      "elapsed_sec": 0.0001678764820098877,
      "is_warmup": false,
      "iteration": 1435,
      "native_traversal_sec": 0.000146454,
      "row_count": 6
    },
    {
      "elapsed_sec": 0.0001620650291442871,
      "is_warmup": false,
      "iteration": 1436,
      "native_traversal_sec": 0.000146724,
      "row_count": 6
    },
    {
      "elapsed_sec": 0.00016380846500396729,
      "is_warmup": false,
      "iteration": 1437,
      "native_traversal_sec": 0.000148574,
      "row_count": 6
    },
    {
      "elapsed_sec": 0.00016403943300247192,
      "is_warmup": false,
      "iteration": 1438,
      "native_traversal_sec": 0.000149254,
      "row_count": 6
    },
    {
      "elapsed_sec": 0.00016260147094726562,
      "is_warmup": false,
      "iteration": 1439,
      "native_traversal_sec": 0.000147715,
      "row_count": 6
    },
    {
      "elapsed_sec": 0.0001612827181816101,
      "is_warmup": false,
      "iteration": 1440,
      "native_traversal_sec": 0.000145955,
      "row_count": 6
    },
    {
      "elapsed_sec": 0.0001618415117263794,
      "is_warmup": false,
      "iteration": 1441,
      "native_traversal_sec": 0.000146924,
      "row_count": 6
    },
    {
      "elapsed_sec": 0.00017535686492919922,
      "is_warmup": false,
      "iteration": 1442,
      "native_traversal_sec": 0.000153274,
      "row_count": 6
    },
    {
      "elapsed_sec": 0.00016086548566818237,
      "is_warmup": false,
      "iteration": 1443,
      "native_traversal_sec": 0.000145234,
      "row_count": 6
    },
    {
      "elapsed_sec": 0.00016386061906814575,
      "is_warmup": false,
      "iteration": 1444,
      "native_traversal_sec": 0.000148604,
      "row_count": 6
    },
    {
      "elapsed_sec": 0.0001632794737815857,
      "is_warmup": false,
      "iteration": 1445,
      "native_traversal_sec": 0.000148355,
      "row_count": 6
    },
    {
      "elapsed_sec": 0.00016351044178009033,
      "is_warmup": false,
      "iteration": 1446,
      "native_traversal_sec": 0.000148225,
      "row_count": 6
    },
    {
      "elapsed_sec": 0.00016157329082489014,
      "is_warmup": false,
      "iteration": 1447,
      "native_traversal_sec": 0.000146614,
      "row_count": 6
    },
    {
      "elapsed_sec": 0.00017018616199493408,
      "is_warmup": false,
      "iteration": 1448,
      "native_traversal_sec": 0.000154904,
      "row_count": 6
    },
    {
      "elapsed_sec": 0.0001682490110397339,
      "is_warmup": false,
      "iteration": 1449,
      "native_traversal_sec": 0.000152304,
      "row_count": 6
    },
    {
      "elapsed_sec": 0.00016794353723526,
      "is_warmup": false,
      "iteration": 1450,
      "native_traversal_sec": 0.000152554,
      "row_count": 6
    },
    {
      "elapsed_sec": 0.00016453862190246582,
      "is_warmup": false,
      "iteration": 1451,
      "native_traversal_sec": 0.000149574,
      "row_count": 6
    },
    {
      "elapsed_sec": 0.0001657232642173767,
      "is_warmup": false,
      "iteration": 1452,
      "native_traversal_sec": 0.000150854,
      "row_count": 6
    },
    {
      "elapsed_sec": 0.000162564218044281,
      "is_warmup": false,
      "iteration": 1453,
      "native_traversal_sec": 0.000147775,
      "row_count": 6
    },
    {
      "elapsed_sec": 0.00017951428890228271,
      "is_warmup": false,
      "iteration": 1454,
      "native_traversal_sec": 0.000164025,
      "row_count": 6
    },
    {
      "elapsed_sec": 0.000164128839969635,
      "is_warmup": false,
      "iteration": 1455,
      "native_traversal_sec": 0.000147904,
      "row_count": 6
    },
    {
      "elapsed_sec": 0.00015968084335327148,
      "is_warmup": false,
      "iteration": 1456,
      "native_traversal_sec": 0.000144465,
      "row_count": 6
    },
    {
      "elapsed_sec": 0.00015698373317718506,
      "is_warmup": false,
      "iteration": 1457,
      "native_traversal_sec": 0.000141874,
      "row_count": 6
    },
    {
      "elapsed_sec": 0.0001608133316040039,
      "is_warmup": false,
      "iteration": 1458,
      "native_traversal_sec": 0.000145454,
      "row_count": 6
    },
    {
      "elapsed_sec": 0.0001576542854309082,
      "is_warmup": false,
      "iteration": 1459,
      "native_traversal_sec": 0.000142414,
      "row_count": 6
    },
    {
      "elapsed_sec": 0.00017327070236206055,
      "is_warmup": false,
      "iteration": 1460,
      "native_traversal_sec": 0.000158265,
      "row_count": 6
    },
    {
      "elapsed_sec": 0.00015834718942642212,
      "is_warmup": false,
      "iteration": 1461,
      "native_traversal_sec": 0.000142374,
      "row_count": 6
    },
    {
      "elapsed_sec": 0.0001554936170578003,
      "is_warmup": false,
      "iteration": 1462,
      "native_traversal_sec": 0.000140044,
      "row_count": 6
    },
    {
      "elapsed_sec": 0.00016135722398757935,
      "is_warmup": false,
      "iteration": 1463,
      "native_traversal_sec": 0.000146084,
      "row_count": 6
    },
    {
      "elapsed_sec": 0.00015769153833389282,
      "is_warmup": false,
      "iteration": 1464,
      "native_traversal_sec": 0.000142524,
      "row_count": 6
    },
    {
      "elapsed_sec": 0.00015863776206970215,
      "is_warmup": false,
      "iteration": 1465,
      "native_traversal_sec": 0.000143834,
      "row_count": 6
    },
    {
      "elapsed_sec": 0.0001672208309173584,
      "is_warmup": false,
      "iteration": 1466,
      "native_traversal_sec": 0.000151744,
      "row_count": 6
    },
    {
      "elapsed_sec": 0.00015850365161895752,
      "is_warmup": false,
      "iteration": 1467,
      "native_traversal_sec": 0.000142445,
      "row_count": 6
    },
    {
      "elapsed_sec": 0.00015866011381149292,
      "is_warmup": false,
      "iteration": 1468,
      "native_traversal_sec": 0.000143444,
      "row_count": 6
    },
    {
      "elapsed_sec": 0.00015744566917419434,
      "is_warmup": false,
      "iteration": 1469,
      "native_traversal_sec": 0.000142434,
      "row_count": 6
    },
    {
      "elapsed_sec": 0.00015700608491897583,
      "is_warmup": false,
      "iteration": 1470,
      "native_traversal_sec": 0.000141905,
      "row_count": 6
    },
    {
      "elapsed_sec": 0.0001593753695487976,
      "is_warmup": false,
      "iteration": 1471,
      "native_traversal_sec": 0.000144414,
      "row_count": 6
    },
    {
      "elapsed_sec": 0.0002604946494102478,
      "is_warmup": false,
      "iteration": 1472,
      "native_traversal_sec": 0.000245007,
      "row_count": 6
    },
    {
      "elapsed_sec": 0.0002085268497467041,
      "is_warmup": false,
      "iteration": 1473,
      "native_traversal_sec": 0.000192985,
      "row_count": 6
    },
    {
      "elapsed_sec": 0.00016655027866363525,
      "is_warmup": false,
      "iteration": 1474,
      "native_traversal_sec": 0.000151574,
      "row_count": 6
    },
    {
      "elapsed_sec": 0.00017653405666351318,
      "is_warmup": false,
      "iteration": 1475,
      "native_traversal_sec": 0.000161144,
      "row_count": 6
    },
    {
      "elapsed_sec": 0.0001620948314666748,
      "is_warmup": false,
      "iteration": 1476,
      "native_traversal_sec": 0.000147084,
      "row_count": 6
    },
    {
      "elapsed_sec": 0.00017081201076507568,
      "is_warmup": false,
      "iteration": 1477,
      "native_traversal_sec": 0.000155404,
      "row_count": 6
    },
    {
      "elapsed_sec": 0.0001672208309173584,
      "is_warmup": false,
      "iteration": 1478,
      "native_traversal_sec": 0.000151844,
      "row_count": 6
    },
    {
      "elapsed_sec": 0.0001633092761039734,
      "is_warmup": false,
      "iteration": 1479,
      "native_traversal_sec": 0.000147474,
      "row_count": 6
    },
    {
      "elapsed_sec": 0.00016301125288009644,
      "is_warmup": false,
      "iteration": 1480,
      "native_traversal_sec": 0.000148025,
      "row_count": 6
    },
    {
      "elapsed_sec": 0.00016279518604278564,
      "is_warmup": false,
      "iteration": 1481,
      "native_traversal_sec": 0.000147455,
      "row_count": 6
    },
    {
      "elapsed_sec": 0.00016398727893829346,
      "is_warmup": false,
      "iteration": 1482,
      "native_traversal_sec": 0.000148544,
      "row_count": 6
    },
    {
      "elapsed_sec": 0.00017067790031433105,
      "is_warmup": false,
      "iteration": 1483,
      "native_traversal_sec": 0.000155554,
      "row_count": 6
    },
    {
      "elapsed_sec": 0.0001603439450263977,
      "is_warmup": false,
      "iteration": 1484,
      "native_traversal_sec": 0.000144514,
      "row_count": 6
    },
    {
      "elapsed_sec": 0.00016049295663833618,
      "is_warmup": false,
      "iteration": 1485,
      "native_traversal_sec": 0.000145294,
      "row_count": 6
    },
    {
      "elapsed_sec": 0.00016291439533233643,
      "is_warmup": false,
      "iteration": 1486,
      "native_traversal_sec": 0.000147335,
      "row_count": 6
    },
    {
      "elapsed_sec": 0.0001633092761039734,
      "is_warmup": false,
      "iteration": 1487,
      "native_traversal_sec": 0.000147974,
      "row_count": 6
    },
    {
      "elapsed_sec": 0.00016257911920547485,
      "is_warmup": false,
      "iteration": 1488,
      "native_traversal_sec": 0.000147314,
      "row_count": 6
    },
    {
      "elapsed_sec": 0.00017216801643371582,
      "is_warmup": false,
      "iteration": 1489,
      "native_traversal_sec": 0.000157364,
      "row_count": 6
    },
    {
      "elapsed_sec": 0.00016573071479797363,
      "is_warmup": false,
      "iteration": 1490,
      "native_traversal_sec": 0.000150204,
      "row_count": 6
    },
    {
      "elapsed_sec": 0.00016476958990097046,
      "is_warmup": false,
      "iteration": 1491,
      "native_traversal_sec": 0.000148814,
      "row_count": 6
    },
    {
      "elapsed_sec": 0.00016201287508010864,
      "is_warmup": false,
      "iteration": 1492,
      "native_traversal_sec": 0.000145885,
      "row_count": 6
    },
    {
      "elapsed_sec": 0.00014957040548324585,
      "is_warmup": false,
      "iteration": 1493,
      "native_traversal_sec": 0.000134684,
      "row_count": 6
    },
    {
      "elapsed_sec": 0.0001514926552772522,
      "is_warmup": false,
      "iteration": 1494,
      "native_traversal_sec": 0.000136704,
      "row_count": 6
    },
    {
      "elapsed_sec": 0.00015905499458312988,
      "is_warmup": false,
      "iteration": 1495,
      "native_traversal_sec": 0.000143794,
      "row_count": 6
    },
    {
      "elapsed_sec": 0.00021754205226898193,
      "is_warmup": false,
      "iteration": 1496,
      "native_traversal_sec": 0.000195986,
      "row_count": 6
    },
    {
      "elapsed_sec": 0.00017908960580825806,
      "is_warmup": false,
      "iteration": 1497,
      "native_traversal_sec": 0.000164145,
      "row_count": 6
    },
    {
      "elapsed_sec": 0.0001741349697113037,
      "is_warmup": false,
      "iteration": 1498,
      "native_traversal_sec": 0.000158584,
      "row_count": 6
    },
    {
      "elapsed_sec": 0.0001508966088294983,
      "is_warmup": false,
      "iteration": 1499,
      "native_traversal_sec": 0.000136234,
      "row_count": 6
    },
    {
      "elapsed_sec": 0.00015107542276382446,
      "is_warmup": false,
      "iteration": 1500,
      "native_traversal_sec": 0.000136274,
      "row_count": 6
    },
    {
      "elapsed_sec": 0.000155717134475708,
      "is_warmup": false,
      "iteration": 1501,
      "native_traversal_sec": 0.000140534,
      "row_count": 6
    },
    {
      "elapsed_sec": 0.00016704946756362915,
      "is_warmup": false,
      "iteration": 1502,
      "native_traversal_sec": 0.000151185,
      "row_count": 6
    },
    {
      "elapsed_sec": 0.0001531466841697693,
      "is_warmup": false,
      "iteration": 1503,
      "native_traversal_sec": 0.000136744,
      "row_count": 6
    },
    {
      "elapsed_sec": 0.0001540854573249817,
      "is_warmup": false,
      "iteration": 1504,
      "native_traversal_sec": 0.000138734,
      "row_count": 6
    },
    {
      "elapsed_sec": 0.00015287846326828003,
      "is_warmup": false,
      "iteration": 1505,
      "native_traversal_sec": 0.000137734,
      "row_count": 6
    },
    {
      "elapsed_sec": 0.0001507103443145752,
      "is_warmup": false,
      "iteration": 1506,
      "native_traversal_sec": 0.000135614,
      "row_count": 6
    },
    {
      "elapsed_sec": 0.0001517161726951599,
      "is_warmup": false,
      "iteration": 1507,
      "native_traversal_sec": 0.000136384,
      "row_count": 6
    },
    {
      "elapsed_sec": 0.00016342103481292725,
      "is_warmup": false,
      "iteration": 1508,
      "native_traversal_sec": 0.000144784,
      "row_count": 6
    },
    {
      "elapsed_sec": 0.0001539960503578186,
      "is_warmup": false,
      "iteration": 1509,
      "native_traversal_sec": 0.000138074,
      "row_count": 6
    },
    {
      "elapsed_sec": 0.00017298012971878052,
      "is_warmup": false,
      "iteration": 1510,
      "native_traversal_sec": 0.000157554,
      "row_count": 6
    },
    {
      "elapsed_sec": 0.00017190724611282349,
      "is_warmup": false,
      "iteration": 1511,
      "native_traversal_sec": 0.000157105,
      "row_count": 6
    },
    {
      "elapsed_sec": 0.00015401095151901245,
      "is_warmup": false,
      "iteration": 1512,
      "native_traversal_sec": 0.000138694,
      "row_count": 6
    },
    {
      "elapsed_sec": 0.00015129894018173218,
      "is_warmup": false,
      "iteration": 1513,
      "native_traversal_sec": 0.000136424,
      "row_count": 6
    },
    {
      "elapsed_sec": 0.00016419589519500732,
      "is_warmup": false,
      "iteration": 1514,
      "native_traversal_sec": 0.000148494,
      "row_count": 6
    },
    {
      "elapsed_sec": 0.00016752630472183228,
      "is_warmup": false,
      "iteration": 1515,
      "native_traversal_sec": 0.000151104,
      "row_count": 6
    },
    {
      "elapsed_sec": 0.0001496821641921997,
      "is_warmup": false,
      "iteration": 1516,
      "native_traversal_sec": 0.000134034,
      "row_count": 6
    },
    {
      "elapsed_sec": 0.000147305428981781,
      "is_warmup": false,
      "iteration": 1517,
      "native_traversal_sec": 0.000132354,
      "row_count": 6
    },
    {
      "elapsed_sec": 0.00014857947826385498,
      "is_warmup": false,
      "iteration": 1518,
      "native_traversal_sec": 0.000133114,
      "row_count": 6
    },
    {
      "elapsed_sec": 0.0001476481556892395,
      "is_warmup": false,
      "iteration": 1519,
      "native_traversal_sec": 0.000132354,
      "row_count": 6
    },
    {
      "elapsed_sec": 0.0001552104949951172,
      "is_warmup": false,
      "iteration": 1520,
      "native_traversal_sec": 0.000139664,
      "row_count": 6
    },
    {
      "elapsed_sec": 0.00017242133617401123,
      "is_warmup": false,
      "iteration": 1521,
      "native_traversal_sec": 0.000156775,
      "row_count": 6
    },
    {
      "elapsed_sec": 0.00015780329704284668,
      "is_warmup": false,
      "iteration": 1522,
      "native_traversal_sec": 0.000142524,
      "row_count": 6
    },
    {
      "elapsed_sec": 0.00048229843378067017,
      "is_warmup": false,
      "iteration": 1523,
      "native_traversal_sec": 0.000466833,
      "row_count": 6
    },
    {
      "elapsed_sec": 0.00015306472778320312,
      "is_warmup": false,
      "iteration": 1524,
      "native_traversal_sec": 0.000136324,
      "row_count": 6
    },
    {
      "elapsed_sec": 0.00016529113054275513,
      "is_warmup": false,
      "iteration": 1525,
      "native_traversal_sec": 0.000150465,
      "row_count": 6
    },
    {
      "elapsed_sec": 0.00015608221292495728,
      "is_warmup": false,
      "iteration": 1526,
      "native_traversal_sec": 0.000139794,
      "row_count": 6
    },
    {
      "elapsed_sec": 0.00017215311527252197,
      "is_warmup": false,
      "iteration": 1527,
      "native_traversal_sec": 0.000156404,
      "row_count": 6
    },
    {
      "elapsed_sec": 0.00014831870794296265,
      "is_warmup": false,
      "iteration": 1528,
      "native_traversal_sec": 0.000132804,
      "row_count": 6
    },
    {
      "elapsed_sec": 0.00015760958194732666,
      "is_warmup": false,
      "iteration": 1529,
      "native_traversal_sec": 0.000142424,
      "row_count": 6
    },
    {
      "elapsed_sec": 0.00016173720359802246,
      "is_warmup": false,
      "iteration": 1530,
      "native_traversal_sec": 0.000146554,
      "row_count": 6
    },
    {
      "elapsed_sec": 0.00016858428716659546,
      "is_warmup": false,
      "iteration": 1531,
      "native_traversal_sec": 0.000153184,
      "row_count": 6
    },
    {
      "elapsed_sec": 0.00016057491302490234,
      "is_warmup": false,
      "iteration": 1532,
      "native_traversal_sec": 0.000145144,
      "row_count": 6
    },
    {
      "elapsed_sec": 0.0001632198691368103,
      "is_warmup": false,
      "iteration": 1533,
      "native_traversal_sec": 0.000148115,
      "row_count": 6
    },
    {
      "elapsed_sec": 0.00016036629676818848,
      "is_warmup": false,
      "iteration": 1534,
      "native_traversal_sec": 0.000145244,
      "row_count": 6
    },
    {
      "elapsed_sec": 0.00015822052955627441,
      "is_warmup": false,
      "iteration": 1535,
      "native_traversal_sec": 0.000142964,
      "row_count": 6
    },
    {
      "elapsed_sec": 0.0001580566167831421,
      "is_warmup": false,
      "iteration": 1536,
      "native_traversal_sec": 0.000143094,
      "row_count": 6
    },
    {
      "elapsed_sec": 0.00017321109771728516,
      "is_warmup": false,
      "iteration": 1537,
      "native_traversal_sec": 0.000157485,
      "row_count": 6
    },
    {
      "elapsed_sec": 0.00015841424465179443,
      "is_warmup": false,
      "iteration": 1538,
      "native_traversal_sec": 0.000142785,
      "row_count": 6
    },
    {
      "elapsed_sec": 0.00016304105520248413,
      "is_warmup": false,
      "iteration": 1539,
      "native_traversal_sec": 0.000148144,
      "row_count": 6
    },
    {
      "elapsed_sec": 0.00015794485807418823,
      "is_warmup": false,
      "iteration": 1540,
      "native_traversal_sec": 0.000142564,
      "row_count": 6
    },
    {
      "elapsed_sec": 0.00016163289546966553,
      "is_warmup": false,
      "iteration": 1541,
      "native_traversal_sec": 0.000146664,
      "row_count": 6
    },
    {
      "elapsed_sec": 0.00015635788440704346,
      "is_warmup": false,
      "iteration": 1542,
      "native_traversal_sec": 0.000141144,
      "row_count": 6
    },
    {
      "elapsed_sec": 0.0001687854528427124,
      "is_warmup": false,
      "iteration": 1543,
      "native_traversal_sec": 0.000153314,
      "row_count": 6
    },
    {
      "elapsed_sec": 0.00015804916620254517,
      "is_warmup": false,
      "iteration": 1544,
      "native_traversal_sec": 0.000141924,
      "row_count": 6
    },
    {
      "elapsed_sec": 0.0001520887017250061,
      "is_warmup": false,
      "iteration": 1545,
      "native_traversal_sec": 0.000135914,
      "row_count": 6
    },
    {
      "elapsed_sec": 0.00015966594219207764,
      "is_warmup": false,
      "iteration": 1546,
      "native_traversal_sec": 0.000143994,
      "row_count": 6
    },
    {
      "elapsed_sec": 0.00015982240438461304,
      "is_warmup": false,
      "iteration": 1547,
      "native_traversal_sec": 0.000144554,
      "row_count": 6
    },
    {
      "elapsed_sec": 0.0001613423228263855,
      "is_warmup": false,
      "iteration": 1548,
      "native_traversal_sec": 0.000146005,
      "row_count": 6
    },
    {
      "elapsed_sec": 0.00016351789236068726,
      "is_warmup": false,
      "iteration": 1549,
      "native_traversal_sec": 0.000147994,
      "row_count": 6
    },
    {
      "elapsed_sec": 0.00016482174396514893,
      "is_warmup": false,
      "iteration": 1550,
      "native_traversal_sec": 0.000147944,
      "row_count": 6
    },
    {
      "elapsed_sec": 0.00016001611948013306,
      "is_warmup": false,
      "iteration": 1551,
      "native_traversal_sec": 0.000144074,
      "row_count": 6
    },
    {
      "elapsed_sec": 0.00015950947999954224,
      "is_warmup": false,
      "iteration": 1552,
      "native_traversal_sec": 0.000143874,
      "row_count": 6
    },
    {
      "elapsed_sec": 0.0001595020294189453,
      "is_warmup": false,
      "iteration": 1553,
      "native_traversal_sec": 0.000144054,
      "row_count": 6
    },
    {
      "elapsed_sec": 0.00015711039304733276,
      "is_warmup": false,
      "iteration": 1554,
      "native_traversal_sec": 0.000142284,
      "row_count": 6
    },
    {
      "elapsed_sec": 0.00015669316053390503,
      "is_warmup": false,
      "iteration": 1555,
      "native_traversal_sec": 0.000141884,
      "row_count": 6
    },
    {
      "elapsed_sec": 0.0001740679144859314,
      "is_warmup": false,
      "iteration": 1556,
      "native_traversal_sec": 0.000152395,
      "row_count": 6
    },
    {
      "elapsed_sec": 0.00016186386346817017,
      "is_warmup": false,
      "iteration": 1557,
      "native_traversal_sec": 0.000146315,
      "row_count": 6
    },
    {
      "elapsed_sec": 0.00015716999769210815,
      "is_warmup": false,
      "iteration": 1558,
      "native_traversal_sec": 0.000141764,
      "row_count": 6
    },
    {
      "elapsed_sec": 0.00015734881162643433,
      "is_warmup": false,
      "iteration": 1559,
      "native_traversal_sec": 0.000141894,
      "row_count": 6
    },
    {
      "elapsed_sec": 0.00015907734632492065,
      "is_warmup": false,
      "iteration": 1560,
      "native_traversal_sec": 0.000143635,
      "row_count": 6
    },
    {
      "elapsed_sec": 0.0001611262559890747,
      "is_warmup": false,
      "iteration": 1561,
      "native_traversal_sec": 0.000145894,
      "row_count": 6
    },
    {
      "elapsed_sec": 0.00017142295837402344,
      "is_warmup": false,
      "iteration": 1562,
      "native_traversal_sec": 0.000155654,
      "row_count": 6
    },
    {
      "elapsed_sec": 0.0001640617847442627,
      "is_warmup": false,
      "iteration": 1563,
      "native_traversal_sec": 0.000147904,
      "row_count": 6
    },
    {
      "elapsed_sec": 0.00016117841005325317,
      "is_warmup": false,
      "iteration": 1564,
      "native_traversal_sec": 0.000145964,
      "row_count": 6
    },
    {
      "elapsed_sec": 0.000163152813911438,
      "is_warmup": false,
      "iteration": 1565,
      "native_traversal_sec": 0.000148325,
      "row_count": 6
    },
    {
      "elapsed_sec": 0.00016177445650100708,
      "is_warmup": false,
      "iteration": 1566,
      "native_traversal_sec": 0.000146935,
      "row_count": 6
    },
    {
      "elapsed_sec": 0.00015954673290252686,
      "is_warmup": false,
      "iteration": 1567,
      "native_traversal_sec": 0.000144594,
      "row_count": 6
    },
    {
      "elapsed_sec": 0.00017347931861877441,
      "is_warmup": false,
      "iteration": 1568,
      "native_traversal_sec": 0.000158114,
      "row_count": 6
    },
    {
      "elapsed_sec": 0.00016376376152038574,
      "is_warmup": false,
      "iteration": 1569,
      "native_traversal_sec": 0.000148014,
      "row_count": 6
    },
    {
      "elapsed_sec": 0.00016174465417861938,
      "is_warmup": false,
      "iteration": 1570,
      "native_traversal_sec": 0.000146244,
      "row_count": 6
    },
    {
      "elapsed_sec": 0.00016314536333084106,
      "is_warmup": false,
      "iteration": 1571,
      "native_traversal_sec": 0.000147635,
      "row_count": 6
    },
    {
      "elapsed_sec": 0.00015861541032791138,
      "is_warmup": false,
      "iteration": 1572,
      "native_traversal_sec": 0.000143644,
      "row_count": 6
    },
    {
      "elapsed_sec": 0.00015764683485031128,
      "is_warmup": false,
      "iteration": 1573,
      "native_traversal_sec": 0.000141784,
      "row_count": 6
    },
    {
      "elapsed_sec": 0.00016939640045166016,
      "is_warmup": false,
      "iteration": 1574,
      "native_traversal_sec": 0.000154024,
      "row_count": 6
    },
    {
      "elapsed_sec": 0.00015648454427719116,
      "is_warmup": false,
      "iteration": 1575,
      "native_traversal_sec": 0.000138034,
      "row_count": 6
    },
    {
      "elapsed_sec": 0.00015426427125930786,
      "is_warmup": false,
      "iteration": 1576,
      "native_traversal_sec": 0.000135884,
      "row_count": 6
    },
    {
      "elapsed_sec": 0.0001543983817100525,
      "is_warmup": false,
      "iteration": 1577,
      "native_traversal_sec": 0.000139394,
      "row_count": 6
    },
    {
      "elapsed_sec": 0.00015332549810409546,
      "is_warmup": false,
      "iteration": 1578,
      "native_traversal_sec": 0.000138644,
      "row_count": 6
    },
    {
      "elapsed_sec": 0.00015158206224441528,
      "is_warmup": false,
      "iteration": 1579,
      "native_traversal_sec": 0.000136624,
      "row_count": 6
    },
    {
      "elapsed_sec": 0.00026713311672210693,
      "is_warmup": false,
      "iteration": 1580,
      "native_traversal_sec": 0.000252378,
      "row_count": 6
    },
    {
      "elapsed_sec": 0.00018139928579330444,
      "is_warmup": false,
      "iteration": 1581,
      "native_traversal_sec": 0.000165875,
      "row_count": 6
    },
    {
      "elapsed_sec": 0.00015466660261154175,
      "is_warmup": false,
      "iteration": 1582,
      "native_traversal_sec": 0.000139034,
      "row_count": 6
    },
    {
      "elapsed_sec": 0.00016911327838897705,
      "is_warmup": false,
      "iteration": 1583,
      "native_traversal_sec": 0.000154455,
      "row_count": 6
    },
    {
      "elapsed_sec": 0.00016396492719650269,
      "is_warmup": false,
      "iteration": 1584,
      "native_traversal_sec": 0.000149304,
      "row_count": 6
    },
    {
      "elapsed_sec": 0.0001569986343383789,
      "is_warmup": false,
      "iteration": 1585,
      "native_traversal_sec": 0.000141504,
      "row_count": 6
    },
    {
      "elapsed_sec": 0.00018046796321868896,
      "is_warmup": false,
      "iteration": 1586,
      "native_traversal_sec": 0.000165524,
      "row_count": 6
    },
    {
      "elapsed_sec": 0.0001590624451637268,
      "is_warmup": false,
      "iteration": 1587,
      "native_traversal_sec": 0.000143104,
      "row_count": 6
    },
    {
      "elapsed_sec": 0.0001536831259727478,
      "is_warmup": false,
      "iteration": 1588,
      "native_traversal_sec": 0.000138354,
      "row_count": 6
    },
    {
      "elapsed_sec": 0.00016611814498901367,
      "is_warmup": false,
      "iteration": 1589,
      "native_traversal_sec": 0.000151185,
      "row_count": 6
    },
    {
      "elapsed_sec": 0.0001633763313293457,
      "is_warmup": false,
      "iteration": 1590,
      "native_traversal_sec": 0.000148694,
      "row_count": 6
    },
    {
      "elapsed_sec": 0.00016375631093978882,
      "is_warmup": false,
      "iteration": 1591,
      "native_traversal_sec": 0.000149094,
      "row_count": 6
    },
    {
      "elapsed_sec": 0.00017035752534866333,
      "is_warmup": false,
      "iteration": 1592,
      "native_traversal_sec": 0.000155224,
      "row_count": 6
    },
    {
      "elapsed_sec": 0.00015469640493392944,
      "is_warmup": false,
      "iteration": 1593,
      "native_traversal_sec": 0.000139464,
      "row_count": 6
    },
    {
      "elapsed_sec": 0.0001520588994026184,
      "is_warmup": false,
      "iteration": 1594,
      "native_traversal_sec": 0.000136754,
      "row_count": 6
    },
    {
      "elapsed_sec": 0.00015839934349060059,
      "is_warmup": false,
      "iteration": 1595,
      "native_traversal_sec": 0.000143354,
      "row_count": 6
    },
    {
      "elapsed_sec": 0.0001616552472114563,
      "is_warmup": false,
      "iteration": 1596,
      "native_traversal_sec": 0.000146455,
      "row_count": 6
    },
    {
      "elapsed_sec": 0.00016251206398010254,
      "is_warmup": false,
      "iteration": 1597,
      "native_traversal_sec": 0.000147404,
      "row_count": 6
    },
    {
      "elapsed_sec": 0.00015954673290252686,
      "is_warmup": false,
      "iteration": 1598,
      "native_traversal_sec": 0.000144534,
      "row_count": 6
    },
    {
      "elapsed_sec": 0.00016801059246063232,
      "is_warmup": false,
      "iteration": 1599,
      "native_traversal_sec": 0.000152524,
      "row_count": 6
    },
    {
      "elapsed_sec": 0.00015451014041900635,
      "is_warmup": false,
      "iteration": 1600,
      "native_traversal_sec": 0.000138994,
      "row_count": 6
    },
    {
      "elapsed_sec": 0.0001673176884651184,
      "is_warmup": false,
      "iteration": 1601,
      "native_traversal_sec": 0.000152095,
      "row_count": 6
    },
    {
      "elapsed_sec": 0.0001598745584487915,
      "is_warmup": false,
      "iteration": 1602,
      "native_traversal_sec": 0.000144644,
      "row_count": 6
    },
    {
      "elapsed_sec": 0.0001653432846069336,
      "is_warmup": false,
      "iteration": 1603,
      "native_traversal_sec": 0.000150294,
      "row_count": 6
    },
    {
      "elapsed_sec": 0.00017257779836654663,
      "is_warmup": false,
      "iteration": 1604,
      "native_traversal_sec": 0.000157584,
      "row_count": 6
    },
    {
      "elapsed_sec": 0.00015691667795181274,
      "is_warmup": false,
      "iteration": 1605,
      "native_traversal_sec": 0.000141074,
      "row_count": 6
    },
    {
      "elapsed_sec": 0.00015698373317718506,
      "is_warmup": false,
      "iteration": 1606,
      "native_traversal_sec": 0.000141415,
      "row_count": 6
    },
    {
      "elapsed_sec": 0.0001627802848815918,
      "is_warmup": false,
      "iteration": 1607,
      "native_traversal_sec": 0.000147674,
      "row_count": 6
    },
    {
      "elapsed_sec": 0.0001584962010383606,
      "is_warmup": false,
      "iteration": 1608,
      "native_traversal_sec": 0.000143774,
      "row_count": 6
    },
    {
      "elapsed_sec": 0.00016210973262786865,
      "is_warmup": false,
      "iteration": 1609,
      "native_traversal_sec": 0.000146945,
      "row_count": 6
    },
    {
      "elapsed_sec": 0.0001715049147605896,
      "is_warmup": false,
      "iteration": 1610,
      "native_traversal_sec": 0.000156035,
      "row_count": 6
    },
    {
      "elapsed_sec": 0.00015307962894439697,
      "is_warmup": false,
      "iteration": 1611,
      "native_traversal_sec": 0.000137434,
      "row_count": 6
    },
    {
      "elapsed_sec": 0.00015028566122055054,
      "is_warmup": false,
      "iteration": 1612,
      "native_traversal_sec": 0.000135034,
      "row_count": 6
    },
    {
      "elapsed_sec": 0.0001538097858428955,
      "is_warmup": false,
      "iteration": 1613,
      "native_traversal_sec": 0.000138684,
      "row_count": 6
    },
    {
      "elapsed_sec": 0.00014869123697280884,
      "is_warmup": false,
      "iteration": 1614,
      "native_traversal_sec": 0.000133544,
      "row_count": 6
    },
    {
      "elapsed_sec": 0.000157281756401062,
      "is_warmup": false,
      "iteration": 1615,
      "native_traversal_sec": 0.000142714,
      "row_count": 6
    },
    {
      "elapsed_sec": 0.00015847384929656982,
      "is_warmup": false,
      "iteration": 1616,
      "native_traversal_sec": 0.000143334,
      "row_count": 6
    },
    {
      "elapsed_sec": 0.00015775859355926514,
      "is_warmup": false,
      "iteration": 1617,
      "native_traversal_sec": 0.000134694,
      "row_count": 6
    },
    {
      "elapsed_sec": 0.00014618784189224243,
      "is_warmup": false,
      "iteration": 1618,
      "native_traversal_sec": 0.000130544,
      "row_count": 6
    },
    {
      "elapsed_sec": 0.00014831125736236572,
      "is_warmup": false,
      "iteration": 1619,
      "native_traversal_sec": 0.000133254,
      "row_count": 6
    },
    {
      "elapsed_sec": 0.00014925748109817505,
      "is_warmup": false,
      "iteration": 1620,
      "native_traversal_sec": 0.000134354,
      "row_count": 6
    },
    {
      "elapsed_sec": 0.0001525580883026123,
      "is_warmup": false,
      "iteration": 1621,
      "native_traversal_sec": 0.000137054,
      "row_count": 6
    },
    {
      "elapsed_sec": 0.0001588091254234314,
      "is_warmup": false,
      "iteration": 1622,
      "native_traversal_sec": 0.000143474,
      "row_count": 6
    },
    {
      "elapsed_sec": 0.0001712515950202942,
      "is_warmup": false,
      "iteration": 1623,
      "native_traversal_sec": 0.000155555,
      "row_count": 6
    },
    {
      "elapsed_sec": 0.00015888363122940063,
      "is_warmup": false,
      "iteration": 1624,
      "native_traversal_sec": 0.000142785,
      "row_count": 6
    },
    {
      "elapsed_sec": 0.00015913695096969604,
      "is_warmup": false,
      "iteration": 1625,
      "native_traversal_sec": 0.000144004,
      "row_count": 6
    },
    {
      "elapsed_sec": 0.00016131997108459473,
      "is_warmup": false,
      "iteration": 1626,
      "native_traversal_sec": 0.000145934,
      "row_count": 6
    },
    {
      "elapsed_sec": 0.00015569478273391724,
      "is_warmup": false,
      "iteration": 1627,
      "native_traversal_sec": 0.000140474,
      "row_count": 6
    },
    {
      "elapsed_sec": 0.00015982985496520996,
      "is_warmup": false,
      "iteration": 1628,
      "native_traversal_sec": 0.000144694,
      "row_count": 6
    },
    {
      "elapsed_sec": 0.00016701966524124146,
      "is_warmup": false,
      "iteration": 1629,
      "native_traversal_sec": 0.000151744,
      "row_count": 6
    },
    {
      "elapsed_sec": 0.00018086284399032593,
      "is_warmup": false,
      "iteration": 1630,
      "native_traversal_sec": 0.000165345,
      "row_count": 6
    },
    {
      "elapsed_sec": 0.00017609447240829468,
      "is_warmup": false,
      "iteration": 1631,
      "native_traversal_sec": 0.000160335,
      "row_count": 6
    },
    {
      "elapsed_sec": 0.0001709386706352234,
      "is_warmup": false,
      "iteration": 1632,
      "native_traversal_sec": 0.000155925,
      "row_count": 6
    },
    {
      "elapsed_sec": 0.00016326457262039185,
      "is_warmup": false,
      "iteration": 1633,
      "native_traversal_sec": 0.000148355,
      "row_count": 6
    },
    {
      "elapsed_sec": 0.0001600012183189392,
      "is_warmup": false,
      "iteration": 1634,
      "native_traversal_sec": 0.000145334,
      "row_count": 6
    },
    {
      "elapsed_sec": 0.00018443912267684937,
      "is_warmup": false,
      "iteration": 1635,
      "native_traversal_sec": 0.000169605,
      "row_count": 6
    },
    {
      "elapsed_sec": 0.00018250197172164917,
      "is_warmup": false,
      "iteration": 1636,
      "native_traversal_sec": 0.000166955,
      "row_count": 6
    },
    {
      "elapsed_sec": 0.00015750527381896973,
      "is_warmup": false,
      "iteration": 1637,
      "native_traversal_sec": 0.000142534,
      "row_count": 6
    },
    {
      "elapsed_sec": 0.0001588687300682068,
      "is_warmup": false,
      "iteration": 1638,
      "native_traversal_sec": 0.000143665,
      "row_count": 6
    },
    {
      "elapsed_sec": 0.00016453862190246582,
      "is_warmup": false,
      "iteration": 1639,
      "native_traversal_sec": 0.000149884,
      "row_count": 6
    },
    {
      "elapsed_sec": 0.00015875697135925293,
      "is_warmup": false,
      "iteration": 1640,
      "native_traversal_sec": 0.000143804,
      "row_count": 6
    },
    {
      "elapsed_sec": 0.00017602741718292236,
      "is_warmup": false,
      "iteration": 1641,
      "native_traversal_sec": 0.000160474,
      "row_count": 6
    },
    {
      "elapsed_sec": 0.0001542791724205017,
      "is_warmup": false,
      "iteration": 1642,
      "native_traversal_sec": 0.000138254,
      "row_count": 6
    },
    {
      "elapsed_sec": 0.00016072392463684082,
      "is_warmup": false,
      "iteration": 1643,
      "native_traversal_sec": 0.000145335,
      "row_count": 6
    },
    {
      "elapsed_sec": 0.00016116350889205933,
      "is_warmup": false,
      "iteration": 1644,
      "native_traversal_sec": 0.000145734,
      "row_count": 6
    },
    {
      "elapsed_sec": 0.00016396492719650269,
      "is_warmup": false,
      "iteration": 1645,
      "native_traversal_sec": 0.000148974,
      "row_count": 6
    },
    {
      "elapsed_sec": 0.00016505271196365356,
      "is_warmup": false,
      "iteration": 1646,
      "native_traversal_sec": 0.000149584,
      "row_count": 6
    },
    {
      "elapsed_sec": 0.00017474591732025146,
      "is_warmup": false,
      "iteration": 1647,
      "native_traversal_sec": 0.000159434,
      "row_count": 6
    },
    {
      "elapsed_sec": 0.00015535950660705566,
      "is_warmup": false,
      "iteration": 1648,
      "native_traversal_sec": 0.000140054,
      "row_count": 6
    },
    {
      "elapsed_sec": 0.00016746670007705688,
      "is_warmup": false,
      "iteration": 1649,
      "native_traversal_sec": 0.000152315,
      "row_count": 6
    },
    {
      "elapsed_sec": 0.0001600012183189392,
      "is_warmup": false,
      "iteration": 1650,
      "native_traversal_sec": 0.000144764,
      "row_count": 6
    },
    {
      "elapsed_sec": 0.00015983730554580688,
      "is_warmup": false,
      "iteration": 1651,
      "native_traversal_sec": 0.000144864,
      "row_count": 6
    },
    {
      "elapsed_sec": 0.00016640126705169678,
      "is_warmup": false,
      "iteration": 1652,
      "native_traversal_sec": 0.000151694,
      "row_count": 6
    },
    {
      "elapsed_sec": 0.0001735985279083252,
      "is_warmup": false,
      "iteration": 1653,
      "native_traversal_sec": 0.000158445,
      "row_count": 6
    },
    {
      "elapsed_sec": 0.00016041845083236694,
      "is_warmup": false,
      "iteration": 1654,
      "native_traversal_sec": 0.000145254,
      "row_count": 6
    },
    {
      "elapsed_sec": 0.0001596584916114807,
      "is_warmup": false,
      "iteration": 1655,
      "native_traversal_sec": 0.000145115,
      "row_count": 6
    },
    {
      "elapsed_sec": 0.00016255676746368408,
      "is_warmup": false,
      "iteration": 1656,
      "native_traversal_sec": 0.000147904,
      "row_count": 6
    },
    {
      "elapsed_sec": 0.00016216933727264404,
      "is_warmup": false,
      "iteration": 1657,
      "native_traversal_sec": 0.000147594,
      "row_count": 6
    },
    {
      "elapsed_sec": 0.00016122311353683472,
      "is_warmup": false,
      "iteration": 1658,
      "native_traversal_sec": 0.000146374,
      "row_count": 6
    },
    {
      "elapsed_sec": 0.00017166882753372192,
      "is_warmup": false,
      "iteration": 1659,
      "native_traversal_sec": 0.000156305,
      "row_count": 6
    },
    {
      "elapsed_sec": 0.0001591891050338745,
      "is_warmup": false,
      "iteration": 1660,
      "native_traversal_sec": 0.000143625,
      "row_count": 6
    },
    {
      "elapsed_sec": 0.0001643151044845581,
      "is_warmup": false,
      "iteration": 1661,
      "native_traversal_sec": 0.000148855,
      "row_count": 6
    },
    {
      "elapsed_sec": 0.00016551464796066284,
      "is_warmup": false,
      "iteration": 1662,
      "native_traversal_sec": 0.000150494,
      "row_count": 6
    },
    {
      "elapsed_sec": 0.00016438215970993042,
      "is_warmup": false,
      "iteration": 1663,
      "native_traversal_sec": 0.000149624,
      "row_count": 6
    },
    {
      "elapsed_sec": 0.00016860663890838623,
      "is_warmup": false,
      "iteration": 1664,
      "native_traversal_sec": 0.000154054,
      "row_count": 6
    },
    {
      "elapsed_sec": 0.0001707524061203003,
      "is_warmup": false,
      "iteration": 1665,
      "native_traversal_sec": 0.000155724,
      "row_count": 6
    },
    {
      "elapsed_sec": 0.0001696571707725525,
      "is_warmup": false,
      "iteration": 1666,
      "native_traversal_sec": 0.000153874,
      "row_count": 6
    },
    {
      "elapsed_sec": 0.00016383081674575806,
      "is_warmup": false,
      "iteration": 1667,
      "native_traversal_sec": 0.000148604,
      "row_count": 6
    },
    {
      "elapsed_sec": 0.00016279518604278564,
      "is_warmup": false,
      "iteration": 1668,
      "native_traversal_sec": 0.000148084,
      "row_count": 6
    },
    {
      "elapsed_sec": 0.00016239285469055176,
      "is_warmup": false,
      "iteration": 1669,
      "native_traversal_sec": 0.000147555,
      "row_count": 6
    },
    {
      "elapsed_sec": 0.00016216188669204712,
      "is_warmup": false,
      "iteration": 1670,
      "native_traversal_sec": 0.000146644,
      "row_count": 6
    },
    {
      "elapsed_sec": 0.0001696571707725525,
      "is_warmup": false,
      "iteration": 1671,
      "native_traversal_sec": 0.000154154,
      "row_count": 6
    },
    {
      "elapsed_sec": 0.00016551464796066284,
      "is_warmup": false,
      "iteration": 1672,
      "native_traversal_sec": 0.000149064,
      "row_count": 6
    },
    {
      "elapsed_sec": 0.00016136467456817627,
      "is_warmup": false,
      "iteration": 1673,
      "native_traversal_sec": 0.000145854,
      "row_count": 6
    },
    {
      "elapsed_sec": 0.00016227364540100098,
      "is_warmup": false,
      "iteration": 1674,
      "native_traversal_sec": 0.000147344,
      "row_count": 6
    },
    {
      "elapsed_sec": 0.0001574978232383728,
      "is_warmup": false,
      "iteration": 1675,
      "native_traversal_sec": 0.000142514,
      "row_count": 6
    },
    {
      "elapsed_sec": 0.00015716254711151123,
      "is_warmup": false,
      "iteration": 1676,
      "native_traversal_sec": 0.000142314,
      "row_count": 6
    },
    {
      "elapsed_sec": 0.00016905367374420166,
      "is_warmup": false,
      "iteration": 1677,
      "native_traversal_sec": 0.000153684,
      "row_count": 6
    },
    {
      "elapsed_sec": 0.00016462057828903198,
      "is_warmup": false,
      "iteration": 1678,
      "native_traversal_sec": 0.000148444,
      "row_count": 6
    },
    {
      "elapsed_sec": 0.00016260147094726562,
      "is_warmup": false,
      "iteration": 1679,
      "native_traversal_sec": 0.000146795,
      "row_count": 6
    },
    {
      "elapsed_sec": 0.0001593083143234253,
      "is_warmup": false,
      "iteration": 1680,
      "native_traversal_sec": 0.000144504,
      "row_count": 6
    },
    {
      "elapsed_sec": 0.00016242265701293945,
      "is_warmup": false,
      "iteration": 1681,
      "native_traversal_sec": 0.000147064,
      "row_count": 6
    },
    {
      "elapsed_sec": 0.00016116350889205933,
      "is_warmup": false,
      "iteration": 1682,
      "native_traversal_sec": 0.000146284,
      "row_count": 6
    },
    {
      "elapsed_sec": 0.00015813112258911133,
      "is_warmup": false,
      "iteration": 1683,
      "native_traversal_sec": 0.000143455,
      "row_count": 6
    },
    {
      "elapsed_sec": 0.00019315630197525024,
      "is_warmup": false,
      "iteration": 1684,
      "native_traversal_sec": 0.000169885,
      "row_count": 6
    },
    {
      "elapsed_sec": 0.00016708672046661377,
      "is_warmup": false,
      "iteration": 1685,
      "native_traversal_sec": 0.000151354,
      "row_count": 6
    },
    {
      "elapsed_sec": 0.00016273558139801025,
      "is_warmup": false,
      "iteration": 1686,
      "native_traversal_sec": 0.000147774,
      "row_count": 6
    },
    {
      "elapsed_sec": 0.00015810132026672363,
      "is_warmup": false,
      "iteration": 1687,
      "native_traversal_sec": 0.000142844,
      "row_count": 6
    },
    {
      "elapsed_sec": 0.000170975923538208,
      "is_warmup": false,
      "iteration": 1688,
      "native_traversal_sec": 0.000156145,
      "row_count": 6
    },
    {
      "elapsed_sec": 0.00016799569129943848,
      "is_warmup": false,
      "iteration": 1689,
      "native_traversal_sec": 0.000152905,
      "row_count": 6
    },
    {
      "elapsed_sec": 0.00019293278455734253,
      "is_warmup": false,
      "iteration": 1690,
      "native_traversal_sec": 0.000176875,
      "row_count": 6
    },
    {
      "elapsed_sec": 0.0004266202449798584,
      "is_warmup": false,
      "iteration": 1691,
      "native_traversal_sec": 0.000410712,
      "row_count": 6
    },
    {
      "elapsed_sec": 0.00016545504331588745,
      "is_warmup": false,
      "iteration": 1692,
      "native_traversal_sec": 0.000149015,
      "row_count": 6
    },
    {
      "elapsed_sec": 0.00016015022993087769,
      "is_warmup": false,
      "iteration": 1693,
      "native_traversal_sec": 0.000144404,
      "row_count": 6
    },
    {
      "elapsed_sec": 0.0001694411039352417,
      "is_warmup": false,
      "iteration": 1694,
      "native_traversal_sec": 0.000153974,
      "row_count": 6
    },
    {
      "elapsed_sec": 0.00016214698553085327,
      "is_warmup": false,
      "iteration": 1695,
      "native_traversal_sec": 0.000146194,
      "row_count": 6
    },
    {
      "elapsed_sec": 0.00016369670629501343,
      "is_warmup": false,
      "iteration": 1696,
      "native_traversal_sec": 0.000148224,
      "row_count": 6
    },
    {
      "elapsed_sec": 0.0001619979739189148,
      "is_warmup": false,
      "iteration": 1697,
      "native_traversal_sec": 0.000146964,
      "row_count": 6
    },
    {
      "elapsed_sec": 0.0001663118600845337,
      "is_warmup": false,
      "iteration": 1698,
      "native_traversal_sec": 0.000150985,
      "row_count": 6
    },
    {
      "elapsed_sec": 0.0001605600118637085,
      "is_warmup": false,
      "iteration": 1699,
      "native_traversal_sec": 0.000145415,
      "row_count": 6
    },
    {
      "elapsed_sec": 0.0001703202724456787,
      "is_warmup": false,
      "iteration": 1700,
      "native_traversal_sec": 0.000155145,
      "row_count": 6
    },
    {
      "elapsed_sec": 0.00016181915998458862,
      "is_warmup": false,
      "iteration": 1701,
      "native_traversal_sec": 0.000146704,
      "row_count": 6
    },
    {
      "elapsed_sec": 0.00015947222709655762,
      "is_warmup": false,
      "iteration": 1702,
      "native_traversal_sec": 0.000144334,
      "row_count": 6
    },
    {
      "elapsed_sec": 0.00015913695096969604,
      "is_warmup": false,
      "iteration": 1703,
      "native_traversal_sec": 0.000144014,
      "row_count": 6
    },
    {
      "elapsed_sec": 0.00015959888696670532,
      "is_warmup": false,
      "iteration": 1704,
      "native_traversal_sec": 0.000144344,
      "row_count": 6
    },
    {
      "elapsed_sec": 0.00015855580568313599,
      "is_warmup": false,
      "iteration": 1705,
      "native_traversal_sec": 0.000143674,
      "row_count": 6
    },
    {
      "elapsed_sec": 0.00016808509826660156,
      "is_warmup": false,
      "iteration": 1706,
      "native_traversal_sec": 0.000152514,
      "row_count": 6
    },
    {
      "elapsed_sec": 0.00016003847122192383,
      "is_warmup": false,
      "iteration": 1707,
      "native_traversal_sec": 0.000144334,
      "row_count": 6
    },
    {
      "elapsed_sec": 0.00015961378812789917,
      "is_warmup": false,
      "iteration": 1708,
      "native_traversal_sec": 0.000144234,
      "row_count": 6
    },
    {
      "elapsed_sec": 0.00015844404697418213,
      "is_warmup": false,
      "iteration": 1709,
      "native_traversal_sec": 0.000143644,
      "row_count": 6
    },
    {
      "elapsed_sec": 0.0001596510410308838,
      "is_warmup": false,
      "iteration": 1710,
      "native_traversal_sec": 0.000144654,
      "row_count": 6
    },
    {
      "elapsed_sec": 0.00015855580568313599,
      "is_warmup": false,
      "iteration": 1711,
      "native_traversal_sec": 0.000143734,
      "row_count": 6
    },
    {
      "elapsed_sec": 0.00016480684280395508,
      "is_warmup": false,
      "iteration": 1712,
      "native_traversal_sec": 0.000149424,
      "row_count": 6
    },
    {
      "elapsed_sec": 0.00016546249389648438,
      "is_warmup": false,
      "iteration": 1713,
      "native_traversal_sec": 0.000149274,
      "row_count": 6
    },
    {
      "elapsed_sec": 0.0001612156629562378,
      "is_warmup": false,
      "iteration": 1714,
      "native_traversal_sec": 0.000144974,
      "row_count": 6
    },
    {
      "elapsed_sec": 0.00016208738088607788,
      "is_warmup": false,
      "iteration": 1715,
      "native_traversal_sec": 0.000146885,
      "row_count": 6
    },
    {
      "elapsed_sec": 0.00016050785779953003,
      "is_warmup": false,
      "iteration": 1716,
      "native_traversal_sec": 0.000145675,
      "row_count": 6
    },
    {
      "elapsed_sec": 0.00016229599714279175,
      "is_warmup": false,
      "iteration": 1717,
      "native_traversal_sec": 0.000147154,
      "row_count": 6
    },
    {
      "elapsed_sec": 0.0002650916576385498,
      "is_warmup": false,
      "iteration": 1718,
      "native_traversal_sec": 0.000249687,
      "row_count": 6
    },
    {
      "elapsed_sec": 0.00017689913511276245,
      "is_warmup": false,
      "iteration": 1719,
      "native_traversal_sec": 0.000160854,
      "row_count": 6
    },
    {
      "elapsed_sec": 0.00016053766012191772,
      "is_warmup": false,
      "iteration": 1720,
      "native_traversal_sec": 0.000144654,
      "row_count": 6
    },
    {
      "elapsed_sec": 0.00016789883375167847,
      "is_warmup": false,
      "iteration": 1721,
      "native_traversal_sec": 0.000152174,
      "row_count": 6
    },
    {
      "elapsed_sec": 0.0001598149538040161,
      "is_warmup": false,
      "iteration": 1722,
      "native_traversal_sec": 0.000144314,
      "row_count": 6
    },
    {
      "elapsed_sec": 0.00015837699174880981,
      "is_warmup": false,
      "iteration": 1723,
      "native_traversal_sec": 0.000142924,
      "row_count": 6
    },
    {
      "elapsed_sec": 0.00016379356384277344,
      "is_warmup": false,
      "iteration": 1724,
      "native_traversal_sec": 0.000148274,
      "row_count": 6
    },
    {
      "elapsed_sec": 0.00015907734632492065,
      "is_warmup": false,
      "iteration": 1725,
      "native_traversal_sec": 0.000143214,
      "row_count": 6
    },
    {
      "elapsed_sec": 0.00015173852443695068,
      "is_warmup": false,
      "iteration": 1726,
      "native_traversal_sec": 0.000136354,
      "row_count": 6
    },
    {
      "elapsed_sec": 0.00015119463205337524,
      "is_warmup": false,
      "iteration": 1727,
      "native_traversal_sec": 0.000135904,
      "row_count": 6
    },
    {
      "elapsed_sec": 0.00014701485633850098,
      "is_warmup": false,
      "iteration": 1728,
      "native_traversal_sec": 0.000132434,
      "row_count": 6
    },
    {
      "elapsed_sec": 0.0001513957977294922,
      "is_warmup": false,
      "iteration": 1729,
      "native_traversal_sec": 0.000136294,
      "row_count": 6
    },
    {
      "elapsed_sec": 0.000156499445438385,
      "is_warmup": false,
      "iteration": 1730,
      "native_traversal_sec": 0.000141694,
      "row_count": 6
    },
    {
      "elapsed_sec": 0.00016285479068756104,
      "is_warmup": false,
      "iteration": 1731,
      "native_traversal_sec": 0.000147454,
      "row_count": 6
    },
    {
      "elapsed_sec": 0.00015714019536972046,
      "is_warmup": false,
      "iteration": 1732,
      "native_traversal_sec": 0.000142344,
      "row_count": 6
    },
    {
      "elapsed_sec": 0.00015822052955627441,
      "is_warmup": false,
      "iteration": 1733,
      "native_traversal_sec": 0.000143184,
      "row_count": 6
    },
    {
      "elapsed_sec": 0.00015863031148910522,
      "is_warmup": false,
      "iteration": 1734,
      "native_traversal_sec": 0.000143204,
      "row_count": 6
    },
    {
      "elapsed_sec": 0.00015670061111450195,
      "is_warmup": false,
      "iteration": 1735,
      "native_traversal_sec": 0.000141444,
      "row_count": 6
    },
    {
      "elapsed_sec": 0.0001661926507949829,
      "is_warmup": false,
      "iteration": 1736,
      "native_traversal_sec": 0.000150515,
      "row_count": 6
    },
    {
      "elapsed_sec": 0.0001827031373977661,
      "is_warmup": false,
      "iteration": 1737,
      "native_traversal_sec": 0.000167185,
      "row_count": 6
    },
    {
      "elapsed_sec": 0.00015741586685180664,
      "is_warmup": false,
      "iteration": 1738,
      "native_traversal_sec": 0.000142145,
      "row_count": 6
    },
    {
      "elapsed_sec": 0.00015285611152648926,
      "is_warmup": false,
      "iteration": 1739,
      "native_traversal_sec": 0.000138134,
      "row_count": 6
    },
    {
      "elapsed_sec": 0.00015138089656829834,
      "is_warmup": false,
      "iteration": 1740,
      "native_traversal_sec": 0.000136464,
      "row_count": 6
    },
    {
      "elapsed_sec": 0.0001512467861175537,
      "is_warmup": false,
      "iteration": 1741,
      "native_traversal_sec": 0.000136074,
      "row_count": 6
    },
    {
      "elapsed_sec": 0.00015316903591156006,
      "is_warmup": false,
      "iteration": 1742,
      "native_traversal_sec": 0.000137965,
      "row_count": 6
    },
    {
      "elapsed_sec": 0.00016085058450698853,
      "is_warmup": false,
      "iteration": 1743,
      "native_traversal_sec": 0.000145524,
      "row_count": 6
    },
    {
      "elapsed_sec": 0.00015275180339813232,
      "is_warmup": false,
      "iteration": 1744,
      "native_traversal_sec": 0.000134584,
      "row_count": 6
    },
    {
      "elapsed_sec": 0.0001531168818473816,
      "is_warmup": false,
      "iteration": 1745,
      "native_traversal_sec": 0.000138054,
      "row_count": 6
    },
    {
      "elapsed_sec": 0.00015074759721755981,
      "is_warmup": false,
      "iteration": 1746,
      "native_traversal_sec": 0.000135034,
      "row_count": 6
    },
    {
      "elapsed_sec": 0.00015476346015930176,
      "is_warmup": false,
      "iteration": 1747,
      "native_traversal_sec": 0.000139914,
      "row_count": 6
    },
    {
      "elapsed_sec": 0.00014828890562057495,
      "is_warmup": false,
      "iteration": 1748,
      "native_traversal_sec": 0.000132784,
      "row_count": 6
    },
    {
      "elapsed_sec": 0.00015438348054885864,
      "is_warmup": false,
      "iteration": 1749,
      "native_traversal_sec": 0.000139344,
      "row_count": 6
    },
    {
      "elapsed_sec": 0.00014970451593399048,
      "is_warmup": false,
      "iteration": 1750,
      "native_traversal_sec": 0.000134154,
      "row_count": 6
    },
    {
      "elapsed_sec": 0.00014541298151016235,
      "is_warmup": false,
      "iteration": 1751,
      "native_traversal_sec": 0.000130934,
      "row_count": 6
    },
    {
      "elapsed_sec": 0.00032228976488113403,
      "is_warmup": false,
      "iteration": 1752,
      "native_traversal_sec": 0.000306989,
      "row_count": 6
    },
    {
      "elapsed_sec": 0.00015066564083099365,
      "is_warmup": false,
      "iteration": 1753,
      "native_traversal_sec": 0.000135404,
      "row_count": 6
    },
    {
      "elapsed_sec": 0.00014838576316833496,
      "is_warmup": false,
      "iteration": 1754,
      "native_traversal_sec": 0.000133664,
      "row_count": 6
    },
    {
      "elapsed_sec": 0.0001680329442024231,
      "is_warmup": false,
      "iteration": 1755,
      "native_traversal_sec": 0.000152734,
      "row_count": 6
    },
    {
      "elapsed_sec": 0.0001627504825592041,
      "is_warmup": false,
      "iteration": 1756,
      "native_traversal_sec": 0.000147084,
      "row_count": 6
    },
    {
      "elapsed_sec": 0.00015191733837127686,
      "is_warmup": false,
      "iteration": 1757,
      "native_traversal_sec": 0.000135974,
      "row_count": 6
    },
    {
      "elapsed_sec": 0.00015044957399368286,
      "is_warmup": false,
      "iteration": 1758,
      "native_traversal_sec": 0.000134634,
      "row_count": 6
    },
    {
      "elapsed_sec": 0.0001513957977294922,
      "is_warmup": false,
      "iteration": 1759,
      "native_traversal_sec": 0.000136134,
      "row_count": 6
    },
    {
      "elapsed_sec": 0.0001504644751548767,
      "is_warmup": false,
      "iteration": 1760,
      "native_traversal_sec": 0.000135334,
      "row_count": 6
    },
    {
      "elapsed_sec": 0.00036244839429855347,
      "is_warmup": false,
      "iteration": 1761,
      "native_traversal_sec": 0.00034706,
      "row_count": 6
    },
    {
      "elapsed_sec": 0.00016757845878601074,
      "is_warmup": false,
      "iteration": 1762,
      "native_traversal_sec": 0.000152344,
      "row_count": 6
    },
    {
      "elapsed_sec": 0.0001628398895263672,
      "is_warmup": false,
      "iteration": 1763,
      "native_traversal_sec": 0.000147984,
      "row_count": 6
    },
    {
      "elapsed_sec": 0.00015307962894439697,
      "is_warmup": false,
      "iteration": 1764,
      "native_traversal_sec": 0.000137734,
      "row_count": 6
    },
    {
      "elapsed_sec": 0.00016388297080993652,
      "is_warmup": false,
      "iteration": 1765,
      "native_traversal_sec": 0.000148435,
      "row_count": 6
    },
    {
      "elapsed_sec": 0.00018838047981262207,
      "is_warmup": false,
      "iteration": 1766,
      "native_traversal_sec": 0.000172505,
      "row_count": 6
    },
    {
      "elapsed_sec": 0.00017114728689193726,
      "is_warmup": false,
      "iteration": 1767,
      "native_traversal_sec": 0.000154994,
      "row_count": 6
    },
    {
      "elapsed_sec": 0.00016052275896072388,
      "is_warmup": false,
      "iteration": 1768,
      "native_traversal_sec": 0.000145744,
      "row_count": 6
    },
    {
      "elapsed_sec": 0.00014904886484146118,
      "is_warmup": false,
      "iteration": 1769,
      "native_traversal_sec": 0.000133684,
      "row_count": 6
    },
    {
      "elapsed_sec": 0.00015009194612503052,
      "is_warmup": false,
      "iteration": 1770,
      "native_traversal_sec": 0.000135094,
      "row_count": 6
    },
    {
      "elapsed_sec": 0.00015000998973846436,
      "is_warmup": false,
      "iteration": 1771,
      "native_traversal_sec": 0.000135154,
      "row_count": 6
    },
    {
      "elapsed_sec": 0.00015722215175628662,
      "is_warmup": false,
      "iteration": 1772,
      "native_traversal_sec": 0.000141804,
      "row_count": 6
    },
    {
      "elapsed_sec": 0.0001551806926727295,
      "is_warmup": false,
      "iteration": 1773,
      "native_traversal_sec": 0.000138884,
      "row_count": 6
    },
    {
      "elapsed_sec": 0.0001523047685623169,
      "is_warmup": false,
      "iteration": 1774,
      "native_traversal_sec": 0.000136864,
      "row_count": 6
    },
    {
      "elapsed_sec": 0.00014983117580413818,
      "is_warmup": false,
      "iteration": 1775,
      "native_traversal_sec": 0.000135364,
      "row_count": 6
    },
    {
      "elapsed_sec": 0.00014998763799667358,
      "is_warmup": false,
      "iteration": 1776,
      "native_traversal_sec": 0.000135214,
      "row_count": 6
    },
    {
      "elapsed_sec": 0.00014740973711013794,
      "is_warmup": false,
      "iteration": 1777,
      "native_traversal_sec": 0.000132664,
      "row_count": 6
    },
    {
      "elapsed_sec": 0.00015472620725631714,
      "is_warmup": false,
      "iteration": 1778,
      "native_traversal_sec": 0.000139795,
      "row_count": 6
    },
    {
      "elapsed_sec": 0.00017029792070388794,
      "is_warmup": false,
      "iteration": 1779,
      "native_traversal_sec": 0.000154915,
      "row_count": 6
    },
    {
      "elapsed_sec": 0.0001617148518562317,
      "is_warmup": false,
      "iteration": 1780,
      "native_traversal_sec": 0.000146374,
      "row_count": 6
    },
    {
      "elapsed_sec": 0.00016404688358306885,
      "is_warmup": false,
      "iteration": 1781,
      "native_traversal_sec": 0.000148984,
      "row_count": 6
    },
    {
      "elapsed_sec": 0.00015094876289367676,
      "is_warmup": false,
      "iteration": 1782,
      "native_traversal_sec": 0.000135724,
      "row_count": 6
    },
    {
      "elapsed_sec": 0.00015017390251159668,
      "is_warmup": false,
      "iteration": 1783,
      "native_traversal_sec": 0.000135014,
      "row_count": 6
    },
    {
      "elapsed_sec": 0.0001530572772026062,
      "is_warmup": false,
      "iteration": 1784,
      "native_traversal_sec": 0.000138154,
      "row_count": 6
    },
    {
      "elapsed_sec": 0.00016739964485168457,
      "is_warmup": false,
      "iteration": 1785,
      "native_traversal_sec": 0.000152135,
      "row_count": 6
    },
    {
      "elapsed_sec": 0.00015091896057128906,
      "is_warmup": false,
      "iteration": 1786,
      "native_traversal_sec": 0.000135394,
      "row_count": 6
    },
    {
      "elapsed_sec": 0.00014835596084594727,
      "is_warmup": false,
      "iteration": 1787,
      "native_traversal_sec": 0.000133214,
      "row_count": 6
    },
    {
      "elapsed_sec": 0.00015538930892944336,
      "is_warmup": false,
      "iteration": 1788,
      "native_traversal_sec": 0.000140844,
      "row_count": 6
    },
    {
      "elapsed_sec": 0.00015204399824142456,
      "is_warmup": false,
      "iteration": 1789,
      "native_traversal_sec": 0.000136694,
      "row_count": 6
    },
    {
      "elapsed_sec": 0.00015119463205337524,
      "is_warmup": false,
      "iteration": 1790,
      "native_traversal_sec": 0.000135904,
      "row_count": 6
    },
    {
      "elapsed_sec": 0.00015699118375778198,
      "is_warmup": false,
      "iteration": 1791,
      "native_traversal_sec": 0.000141665,
      "row_count": 6
    },
    {
      "elapsed_sec": 0.00015091150999069214,
      "is_warmup": false,
      "iteration": 1792,
      "native_traversal_sec": 0.000135074,
      "row_count": 6
    },
    {
      "elapsed_sec": 0.00014839321374893188,
      "is_warmup": false,
      "iteration": 1793,
      "native_traversal_sec": 0.000133153,
      "row_count": 6
    },
    {
      "elapsed_sec": 0.00015029311180114746,
      "is_warmup": false,
      "iteration": 1794,
      "native_traversal_sec": 0.000135304,
      "row_count": 6
    },
    {
      "elapsed_sec": 0.00015045702457427979,
      "is_warmup": false,
      "iteration": 1795,
      "native_traversal_sec": 0.000135324,
      "row_count": 6
    },
    {
      "elapsed_sec": 0.00014912337064743042,
      "is_warmup": false,
      "iteration": 1796,
      "native_traversal_sec": 0.000134124,
      "row_count": 6
    },
    {
      "elapsed_sec": 0.0001528710126876831,
      "is_warmup": false,
      "iteration": 1797,
      "native_traversal_sec": 0.000137384,
      "row_count": 6
    },
    {
      "elapsed_sec": 0.00015817582607269287,
      "is_warmup": false,
      "iteration": 1798,
      "native_traversal_sec": 0.000142624,
      "row_count": 6
    },
    {
      "elapsed_sec": 0.000154152512550354,
      "is_warmup": false,
      "iteration": 1799,
      "native_traversal_sec": 0.000137984,
      "row_count": 6
    },
    {
      "elapsed_sec": 0.000162467360496521,
      "is_warmup": false,
      "iteration": 1800,
      "native_traversal_sec": 0.000146974,
      "row_count": 6
    },
    {
      "elapsed_sec": 0.00016567856073379517,
      "is_warmup": false,
      "iteration": 1801,
      "native_traversal_sec": 0.000150494,
      "row_count": 6
    },
    {
      "elapsed_sec": 0.00015641003847122192,
      "is_warmup": false,
      "iteration": 1802,
      "native_traversal_sec": 0.000140465,
      "row_count": 6
    },
    {
      "elapsed_sec": 0.00016150623559951782,
      "is_warmup": false,
      "iteration": 1803,
      "native_traversal_sec": 0.000146084,
      "row_count": 6
    },
    {
      "elapsed_sec": 0.00016130506992340088,
      "is_warmup": false,
      "iteration": 1804,
      "native_traversal_sec": 0.000146114,
      "row_count": 6
    },
    {
      "elapsed_sec": 0.00015021860599517822,
      "is_warmup": false,
      "iteration": 1805,
      "native_traversal_sec": 0.000134604,
      "row_count": 6
    },
    {
      "elapsed_sec": 0.00015824288129806519,
      "is_warmup": false,
      "iteration": 1806,
      "native_traversal_sec": 0.000143154,
      "row_count": 6
    },
    {
      "elapsed_sec": 0.00014809519052505493,
      "is_warmup": false,
      "iteration": 1807,
      "native_traversal_sec": 0.000132634,
      "row_count": 6
    },
    {
      "elapsed_sec": 0.00015777349472045898,
      "is_warmup": false,
      "iteration": 1808,
      "native_traversal_sec": 0.000142424,
      "row_count": 6
    },
    {
      "elapsed_sec": 0.00014576315879821777,
      "is_warmup": false,
      "iteration": 1809,
      "native_traversal_sec": 0.000130994,
      "row_count": 6
    },
    {
      "elapsed_sec": 0.000150337815284729,
      "is_warmup": false,
      "iteration": 1810,
      "native_traversal_sec": 0.000135064,
      "row_count": 6
    },
    {
      "elapsed_sec": 0.00018819421529769897,
      "is_warmup": false,
      "iteration": 1811,
      "native_traversal_sec": 0.000172405,
      "row_count": 6
    },
    {
      "elapsed_sec": 0.0001671239733695984,
      "is_warmup": false,
      "iteration": 1812,
      "native_traversal_sec": 0.000151514,
      "row_count": 6
    },
    {
      "elapsed_sec": 0.0001607462763786316,
      "is_warmup": false,
      "iteration": 1813,
      "native_traversal_sec": 0.000145584,
      "row_count": 6
    },
    {
      "elapsed_sec": 0.0001617521047592163,
      "is_warmup": false,
      "iteration": 1814,
      "native_traversal_sec": 0.000146064,
      "row_count": 6
    },
    {
      "elapsed_sec": 0.0001621842384338379,
      "is_warmup": false,
      "iteration": 1815,
      "native_traversal_sec": 0.000146955,
      "row_count": 6
    },
    {
      "elapsed_sec": 0.00015791505575180054,
      "is_warmup": false,
      "iteration": 1816,
      "native_traversal_sec": 0.000143014,
      "row_count": 6
    },
    {
      "elapsed_sec": 0.00017508119344711304,
      "is_warmup": false,
      "iteration": 1817,
      "native_traversal_sec": 0.000159755,
      "row_count": 6
    },
    {
      "elapsed_sec": 0.00017273426055908203,
      "is_warmup": false,
      "iteration": 1818,
      "native_traversal_sec": 0.000156745,
      "row_count": 6
    },
    {
      "elapsed_sec": 0.00015894323587417603,
      "is_warmup": false,
      "iteration": 1819,
      "native_traversal_sec": 0.000143164,
      "row_count": 6
    },
    {
      "elapsed_sec": 0.00015770643949508667,
      "is_warmup": false,
      "iteration": 1820,
      "native_traversal_sec": 0.000142774,
      "row_count": 6
    },
    {
      "elapsed_sec": 0.00016761571168899536,
      "is_warmup": false,
      "iteration": 1821,
      "native_traversal_sec": 0.000152815,
      "row_count": 6
    },
    {
      "elapsed_sec": 0.0001627504825592041,
      "is_warmup": false,
      "iteration": 1822,
      "native_traversal_sec": 0.000147565,
      "row_count": 6
    },
    {
      "elapsed_sec": 0.00016294419765472412,
      "is_warmup": false,
      "iteration": 1823,
      "native_traversal_sec": 0.000147875,
      "row_count": 6
    },
    {
      "elapsed_sec": 0.00016222894191741943,
      "is_warmup": false,
      "iteration": 1824,
      "native_traversal_sec": 0.000146824,
      "row_count": 6
    },
    {
      "elapsed_sec": 0.00016183406114578247,
      "is_warmup": false,
      "iteration": 1825,
      "native_traversal_sec": 0.000146394,
      "row_count": 6
    },
    {
      "elapsed_sec": 0.00016372650861740112,
      "is_warmup": false,
      "iteration": 1826,
      "native_traversal_sec": 0.000148544,
      "row_count": 6
    },
    {
      "elapsed_sec": 0.000162564218044281,
      "is_warmup": false,
      "iteration": 1827,
      "native_traversal_sec": 0.000147745,
      "row_count": 6
    },
    {
      "elapsed_sec": 0.00016045570373535156,
      "is_warmup": false,
      "iteration": 1828,
      "native_traversal_sec": 0.000145084,
      "row_count": 6
    },
    {
      "elapsed_sec": 0.00017151236534118652,
      "is_warmup": false,
      "iteration": 1829,
      "native_traversal_sec": 0.000155875,
      "row_count": 6
    },
    {
      "elapsed_sec": 0.00016201287508010864,
      "is_warmup": false,
      "iteration": 1830,
      "native_traversal_sec": 0.000146494,
      "row_count": 6
    },
    {
      "elapsed_sec": 0.00015760958194732666,
      "is_warmup": false,
      "iteration": 1831,
      "native_traversal_sec": 0.000142614,
      "row_count": 6
    },
    {
      "elapsed_sec": 0.00015986710786819458,
      "is_warmup": false,
      "iteration": 1832,
      "native_traversal_sec": 0.000144695,
      "row_count": 6
    },
    {
      "elapsed_sec": 0.00015807896852493286,
      "is_warmup": false,
      "iteration": 1833,
      "native_traversal_sec": 0.000142734,
      "row_count": 6
    },
    {
      "elapsed_sec": 0.00016351044178009033,
      "is_warmup": false,
      "iteration": 1834,
      "native_traversal_sec": 0.000148474,
      "row_count": 6
    },
    {
      "elapsed_sec": 0.00017036497592926025,
      "is_warmup": false,
      "iteration": 1835,
      "native_traversal_sec": 0.000154494,
      "row_count": 6
    },
    {
      "elapsed_sec": 0.00016403943300247192,
      "is_warmup": false,
      "iteration": 1836,
      "native_traversal_sec": 0.000148774,
      "row_count": 6
    },
    {
      "elapsed_sec": 0.00016013532876968384,
      "is_warmup": false,
      "iteration": 1837,
      "native_traversal_sec": 0.000145345,
      "row_count": 6
    },
    {
      "elapsed_sec": 0.00015719234943389893,
      "is_warmup": false,
      "iteration": 1838,
      "native_traversal_sec": 0.000142034,
      "row_count": 6
    },
    {
      "elapsed_sec": 0.00015723705291748047,
      "is_warmup": false,
      "iteration": 1839,
      "native_traversal_sec": 0.000142334,
      "row_count": 6
    },
    {
      "elapsed_sec": 0.00016271322965621948,
      "is_warmup": false,
      "iteration": 1840,
      "native_traversal_sec": 0.000148175,
      "row_count": 6
    },
    {
      "elapsed_sec": 0.00017280131578445435,
      "is_warmup": false,
      "iteration": 1841,
      "native_traversal_sec": 0.000157465,
      "row_count": 6
    },
    {
      "elapsed_sec": 0.00015617161989212036,
      "is_warmup": false,
      "iteration": 1842,
      "native_traversal_sec": 0.000140034,
      "row_count": 6
    },
    {
      "elapsed_sec": 0.00014694780111312866,
      "is_warmup": false,
      "iteration": 1843,
      "native_traversal_sec": 0.000130974,
      "row_count": 6
    },
    {
      "elapsed_sec": 0.00015853345394134521,
      "is_warmup": false,
      "iteration": 1844,
      "native_traversal_sec": 0.000143514,
      "row_count": 6
    },
    {
      "elapsed_sec": 0.00015653669834136963,
      "is_warmup": false,
      "iteration": 1845,
      "native_traversal_sec": 0.000141204,
      "row_count": 6
    },
    {
      "elapsed_sec": 0.00015873461961746216,
      "is_warmup": false,
      "iteration": 1846,
      "native_traversal_sec": 0.000143864,
      "row_count": 6
    },
    {
      "elapsed_sec": 0.0003689602017402649,
      "is_warmup": false,
      "iteration": 1847,
      "native_traversal_sec": 0.000353451,
      "row_count": 6
    },
    {
      "elapsed_sec": 0.00015974044799804688,
      "is_warmup": false,
      "iteration": 1848,
      "native_traversal_sec": 0.000143794,
      "row_count": 6
    },
    {
      "elapsed_sec": 0.00015792995691299438,
      "is_warmup": false,
      "iteration": 1849,
      "native_traversal_sec": 0.000142604,
      "row_count": 6
    },
    {
      "elapsed_sec": 0.00015942007303237915,
      "is_warmup": false,
      "iteration": 1850,
      "native_traversal_sec": 0.000143825,
      "row_count": 6
    },
    {
      "elapsed_sec": 0.00015845894813537598,
      "is_warmup": false,
      "iteration": 1851,
      "native_traversal_sec": 0.000143164,
      "row_count": 6
    },
    {
      "elapsed_sec": 0.00016416609287261963,
      "is_warmup": false,
      "iteration": 1852,
      "native_traversal_sec": 0.000148424,
      "row_count": 6
    },
    {
      "elapsed_sec": 0.00016425549983978271,
      "is_warmup": false,
      "iteration": 1853,
      "native_traversal_sec": 0.000148464,
      "row_count": 6
    },
    {
      "elapsed_sec": 0.00016003847122192383,
      "is_warmup": false,
      "iteration": 1854,
      "native_traversal_sec": 0.000144724,
      "row_count": 6
    },
    {
      "elapsed_sec": 0.00015822052955627441,
      "is_warmup": false,
      "iteration": 1855,
      "native_traversal_sec": 0.000143084,
      "row_count": 6
    },
    {
      "elapsed_sec": 0.00015947967767715454,
      "is_warmup": false,
      "iteration": 1856,
      "native_traversal_sec": 0.000144864,
      "row_count": 6
    },
    {
      "elapsed_sec": 0.00015972554683685303,
      "is_warmup": false,
      "iteration": 1857,
      "native_traversal_sec": 0.000144624,
      "row_count": 6
    },
    {
      "elapsed_sec": 0.0001670047640800476,
      "is_warmup": false,
      "iteration": 1858,
      "native_traversal_sec": 0.000144424,
      "row_count": 6
    },
    {
      "elapsed_sec": 0.00047148019075393677,
      "is_warmup": false,
      "iteration": 1859,
      "native_traversal_sec": 0.000455574,
      "row_count": 6
    },
    {
      "elapsed_sec": 0.00022052228450775146,
      "is_warmup": false,
      "iteration": 1860,
      "native_traversal_sec": 0.000203846,
      "row_count": 6
    },
    {
      "elapsed_sec": 0.00016435235738754272,
      "is_warmup": false,
      "iteration": 1861,
      "native_traversal_sec": 0.000148884,
      "row_count": 6
    },
    {
      "elapsed_sec": 0.0001701638102531433,
      "is_warmup": false,
      "iteration": 1862,
      "native_traversal_sec": 0.000154665,
      "row_count": 6
    },
    {
      "elapsed_sec": 0.00016987323760986328,
      "is_warmup": false,
      "iteration": 1863,
      "native_traversal_sec": 0.000154265,
      "row_count": 6
    },
    {
      "elapsed_sec": 0.00016685575246810913,
      "is_warmup": false,
      "iteration": 1864,
      "native_traversal_sec": 0.000151315,
      "row_count": 6
    },
    {
      "elapsed_sec": 0.00016620755195617676,
      "is_warmup": false,
      "iteration": 1865,
      "native_traversal_sec": 0.000150255,
      "row_count": 6
    },
    {
      "elapsed_sec": 0.0001636222004890442,
      "is_warmup": false,
      "iteration": 1866,
      "native_traversal_sec": 0.000148465,
      "row_count": 6
    },
    {
      "elapsed_sec": 0.00016173720359802246,
      "is_warmup": false,
      "iteration": 1867,
      "native_traversal_sec": 0.000146154,
      "row_count": 6
    },
    {
      "elapsed_sec": 0.00016592442989349365,
      "is_warmup": false,
      "iteration": 1868,
      "native_traversal_sec": 0.000150804,
      "row_count": 6
    },
    {
      "elapsed_sec": 0.00016669929027557373,
      "is_warmup": false,
      "iteration": 1869,
      "native_traversal_sec": 0.000151154,
      "row_count": 6
    },
    {
      "elapsed_sec": 0.00016157329082489014,
      "is_warmup": false,
      "iteration": 1870,
      "native_traversal_sec": 0.000145684,
      "row_count": 6
    },
    {
      "elapsed_sec": 0.00016020238399505615,
      "is_warmup": false,
      "iteration": 1871,
      "native_traversal_sec": 0.000145435,
      "row_count": 6
    },
    {
      "elapsed_sec": 0.0001623407006263733,
      "is_warmup": false,
      "iteration": 1872,
      "native_traversal_sec": 0.000147185,
      "row_count": 6
    },
    {
      "elapsed_sec": 0.00016254931688308716,
      "is_warmup": false,
      "iteration": 1873,
      "native_traversal_sec": 0.000147714,
      "row_count": 6
    },
    {
      "elapsed_sec": 0.00016821175813674927,
      "is_warmup": false,
      "iteration": 1874,
      "native_traversal_sec": 0.000152254,
      "row_count": 6
    },
    {
      "elapsed_sec": 0.0001875162124633789,
      "is_warmup": false,
      "iteration": 1875,
      "native_traversal_sec": 0.000171345,
      "row_count": 6
    },
    {
      "elapsed_sec": 0.00016230344772338867,
      "is_warmup": false,
      "iteration": 1876,
      "native_traversal_sec": 0.000147005,
      "row_count": 6
    },
    {
      "elapsed_sec": 0.00016187876462936401,
      "is_warmup": false,
      "iteration": 1877,
      "native_traversal_sec": 0.000146574,
      "row_count": 6
    },
    {
      "elapsed_sec": 0.0001605898141860962,
      "is_warmup": false,
      "iteration": 1878,
      "native_traversal_sec": 0.000145374,
      "row_count": 6
    },
    {
      "elapsed_sec": 0.00016208738088607788,
      "is_warmup": false,
      "iteration": 1879,
      "native_traversal_sec": 0.000146694,
      "row_count": 6
    },
    {
      "elapsed_sec": 0.00017005205154418945,
      "is_warmup": false,
      "iteration": 1880,
      "native_traversal_sec": 0.000154625,
      "row_count": 6
    },
    {
      "elapsed_sec": 0.00016542524099349976,
      "is_warmup": false,
      "iteration": 1881,
      "native_traversal_sec": 0.000150035,
      "row_count": 6
    },
    {
      "elapsed_sec": 0.00016091018915176392,
      "is_warmup": false,
      "iteration": 1882,
      "native_traversal_sec": 0.000145674,
      "row_count": 6
    },
    {
      "elapsed_sec": 0.00016017258167266846,
      "is_warmup": false,
      "iteration": 1883,
      "native_traversal_sec": 0.000144754,
      "row_count": 6
    },
    {
      "elapsed_sec": 0.00016298145055770874,
      "is_warmup": false,
      "iteration": 1884,
      "native_traversal_sec": 0.000147834,
      "row_count": 6
    },
    {
      "elapsed_sec": 0.00016170740127563477,
      "is_warmup": false,
      "iteration": 1885,
      "native_traversal_sec": 0.000146545,
      "row_count": 6
    },
    {
      "elapsed_sec": 0.00016896426677703857,
      "is_warmup": false,
      "iteration": 1886,
      "native_traversal_sec": 0.000153375,
      "row_count": 6
    },
    {
      "elapsed_sec": 0.00016614794731140137,
      "is_warmup": false,
      "iteration": 1887,
      "native_traversal_sec": 0.000150845,
      "row_count": 6
    },
    {
      "elapsed_sec": 0.0001629963517189026,
      "is_warmup": false,
      "iteration": 1888,
      "native_traversal_sec": 0.000147904,
      "row_count": 6
    },
    {
      "elapsed_sec": 0.00016849488019943237,
      "is_warmup": false,
      "iteration": 1889,
      "native_traversal_sec": 0.000152354,
      "row_count": 6
    },
    {
      "elapsed_sec": 0.0001649707555770874,
      "is_warmup": false,
      "iteration": 1890,
      "native_traversal_sec": 0.000148604,
      "row_count": 6
    },
    {
      "elapsed_sec": 0.00015870481729507446,
      "is_warmup": false,
      "iteration": 1891,
      "native_traversal_sec": 0.000143474,
      "row_count": 6
    },
    {
      "elapsed_sec": 0.0001656264066696167,
      "is_warmup": false,
      "iteration": 1892,
      "native_traversal_sec": 0.000150505,
      "row_count": 6
    },
    {
      "elapsed_sec": 0.00016333162784576416,
      "is_warmup": false,
      "iteration": 1893,
      "native_traversal_sec": 0.000147735,
      "row_count": 6
    },
    {
      "elapsed_sec": 0.00016006827354431152,
      "is_warmup": false,
      "iteration": 1894,
      "native_traversal_sec": 0.000144824,
      "row_count": 6
    },
    {
      "elapsed_sec": 0.00015989691019058228,
      "is_warmup": false,
      "iteration": 1895,
      "native_traversal_sec": 0.000144054,
      "row_count": 6
    },
    {
      "elapsed_sec": 0.00020556896924972534,
      "is_warmup": false,
      "iteration": 1896,
      "native_traversal_sec": 0.000189765,
      "row_count": 6
    },
    {
      "elapsed_sec": 0.0001606866717338562,
      "is_warmup": false,
      "iteration": 1897,
      "native_traversal_sec": 0.000144714,
      "row_count": 6
    },
    {
      "elapsed_sec": 0.00016228854656219482,
      "is_warmup": false,
      "iteration": 1898,
      "native_traversal_sec": 0.000146805,
      "row_count": 6
    },
    {
      "elapsed_sec": 0.00017871707677841187,
      "is_warmup": false,
      "iteration": 1899,
      "native_traversal_sec": 0.000162075,
      "row_count": 6
    },
    {
      "elapsed_sec": 0.00016149133443832397,
      "is_warmup": false,
      "iteration": 1900,
      "native_traversal_sec": 0.000145625,
      "row_count": 6
    },
    {
      "elapsed_sec": 0.00015544146299362183,
      "is_warmup": false,
      "iteration": 1901,
      "native_traversal_sec": 0.000140574,
      "row_count": 6
    },
    {
      "elapsed_sec": 0.00015629827976226807,
      "is_warmup": false,
      "iteration": 1902,
      "native_traversal_sec": 0.000141154,
      "row_count": 6
    },
    {
      "elapsed_sec": 0.00015854835510253906,
      "is_warmup": false,
      "iteration": 1903,
      "native_traversal_sec": 0.000143785,
      "row_count": 6
    },
    {
      "elapsed_sec": 0.00016674399375915527,
      "is_warmup": false,
      "iteration": 1904,
      "native_traversal_sec": 0.000143764,
      "row_count": 6
    },
    {
      "elapsed_sec": 0.00016511976718902588,
      "is_warmup": false,
      "iteration": 1905,
      "native_traversal_sec": 0.000149434,
      "row_count": 6
    },
    {
      "elapsed_sec": 0.00019156187772750854,
      "is_warmup": false,
      "iteration": 1906,
      "native_traversal_sec": 0.000175895,
      "row_count": 6
    },
    {
      "elapsed_sec": 0.00016719847917556763,
      "is_warmup": false,
      "iteration": 1907,
      "native_traversal_sec": 0.000151525,
      "row_count": 6
    },
    {
      "elapsed_sec": 0.0001601874828338623,
      "is_warmup": false,
      "iteration": 1908,
      "native_traversal_sec": 0.000144615,
      "row_count": 6
    },
    {
      "elapsed_sec": 0.00015006214380264282,
      "is_warmup": false,
      "iteration": 1909,
      "native_traversal_sec": 0.000134284,
      "row_count": 6
    },
    {
      "elapsed_sec": 0.00014922767877578735,
      "is_warmup": false,
      "iteration": 1910,
      "native_traversal_sec": 0.000134293,
      "row_count": 6
    },
    {
      "elapsed_sec": 0.00018537789583206177,
      "is_warmup": false,
      "iteration": 1911,
      "native_traversal_sec": 0.000161455,
      "row_count": 6
    },
    {
      "elapsed_sec": 0.00016445666551589966,
      "is_warmup": false,
      "iteration": 1912,
      "native_traversal_sec": 0.000148945,
      "row_count": 6
    },
    {
      "elapsed_sec": 0.00016726553440093994,
      "is_warmup": false,
      "iteration": 1913,
      "native_traversal_sec": 0.000152265,
      "row_count": 6
    },
    {
      "elapsed_sec": 0.00015810877084732056,
      "is_warmup": false,
      "iteration": 1914,
      "native_traversal_sec": 0.000141984,
      "row_count": 6
    },
    {
      "elapsed_sec": 0.00016304850578308105,
      "is_warmup": false,
      "iteration": 1915,
      "native_traversal_sec": 0.000148234,
      "row_count": 6
    },
    {
      "elapsed_sec": 0.00017146766185760498,
      "is_warmup": false,
      "iteration": 1916,
      "native_traversal_sec": 0.000155624,
      "row_count": 6
    },
    {
      "elapsed_sec": 0.0001597180962562561,
      "is_warmup": false,
      "iteration": 1917,
      "native_traversal_sec": 0.000144224,
      "row_count": 6
    },
    {
      "elapsed_sec": 0.00015259534120559692,
      "is_warmup": false,
      "iteration": 1918,
      "native_traversal_sec": 0.000137024,
      "row_count": 6
    },
    {
      "elapsed_sec": 0.0001584962010383606,
      "is_warmup": false,
      "iteration": 1919,
      "native_traversal_sec": 0.000143444,
      "row_count": 6
    },
    {
      "elapsed_sec": 0.00015811622142791748,
      "is_warmup": false,
      "iteration": 1920,
      "native_traversal_sec": 0.000143004,
      "row_count": 6
    },
    {
      "elapsed_sec": 0.00016041845083236694,
      "is_warmup": false,
      "iteration": 1921,
      "native_traversal_sec": 0.000145754,
      "row_count": 6
    },
    {
      "elapsed_sec": 0.00015942752361297607,
      "is_warmup": false,
      "iteration": 1922,
      "native_traversal_sec": 0.000144194,
      "row_count": 6
    },
    {
      "elapsed_sec": 0.00017441809177398682,
      "is_warmup": false,
      "iteration": 1923,
      "native_traversal_sec": 0.000158704,
      "row_count": 6
    },
    {
      "elapsed_sec": 0.00020164251327514648,
      "is_warmup": false,
      "iteration": 1924,
      "native_traversal_sec": 0.000183845,
      "row_count": 6
    },
    {
      "elapsed_sec": 0.00016839802265167236,
      "is_warmup": false,
      "iteration": 1925,
      "native_traversal_sec": 0.000151084,
      "row_count": 6
    },
    {
      "elapsed_sec": 0.00016304850578308105,
      "is_warmup": false,
      "iteration": 1926,
      "native_traversal_sec": 0.000147924,
      "row_count": 6
    },
    {
      "elapsed_sec": 0.0001638755202293396,
      "is_warmup": false,
      "iteration": 1927,
      "native_traversal_sec": 0.000148924,
      "row_count": 6
    },
    {
      "elapsed_sec": 0.00017044693231582642,
      "is_warmup": false,
      "iteration": 1928,
      "native_traversal_sec": 0.000155305,
      "row_count": 6
    },
    {
      "elapsed_sec": 0.00017108023166656494,
      "is_warmup": false,
      "iteration": 1929,
      "native_traversal_sec": 0.000155035,
      "row_count": 6
    },
    {
      "elapsed_sec": 0.00016569346189498901,
      "is_warmup": false,
      "iteration": 1930,
      "native_traversal_sec": 0.000149825,
      "row_count": 6
    },
    {
      "elapsed_sec": 0.0001652166247367859,
      "is_warmup": false,
      "iteration": 1931,
      "native_traversal_sec": 0.000149865,
      "row_count": 6
    },
    {
      "elapsed_sec": 0.00016446411609649658,
      "is_warmup": false,
      "iteration": 1932,
      "native_traversal_sec": 0.000149095,
      "row_count": 6
    },
    {
      "elapsed_sec": 0.00016332417726516724,
      "is_warmup": false,
      "iteration": 1933,
      "native_traversal_sec": 0.000148184,
      "row_count": 6
    },
    {
      "elapsed_sec": 0.00017151981592178345,
      "is_warmup": false,
      "iteration": 1934,
      "native_traversal_sec": 0.000156394,
      "row_count": 6
    },
    {
      "elapsed_sec": 0.00016804784536361694,
      "is_warmup": false,
      "iteration": 1935,
      "native_traversal_sec": 0.000152104,
      "row_count": 6
    },
    {
      "elapsed_sec": 0.00016107410192489624,
      "is_warmup": false,
      "iteration": 1936,
      "native_traversal_sec": 0.000145754,
      "row_count": 6
    },
    {
      "elapsed_sec": 0.00016374140977859497,
      "is_warmup": false,
      "iteration": 1937,
      "native_traversal_sec": 0.000148824,
      "row_count": 6
    },
    {
      "elapsed_sec": 0.00016636401414871216,
      "is_warmup": false,
      "iteration": 1938,
      "native_traversal_sec": 0.000151125,
      "row_count": 6
    },
    {
      "elapsed_sec": 0.00016505271196365356,
      "is_warmup": false,
      "iteration": 1939,
      "native_traversal_sec": 0.000150305,
      "row_count": 6
    },
    {
      "elapsed_sec": 0.00017096847295761108,
      "is_warmup": false,
      "iteration": 1940,
      "native_traversal_sec": 0.000155665,
      "row_count": 6
    },
    {
      "elapsed_sec": 0.0001731663942337036,
      "is_warmup": false,
      "iteration": 1941,
      "native_traversal_sec": 0.000157665,
      "row_count": 6
    },
    {
      "elapsed_sec": 0.00017242133617401123,
      "is_warmup": false,
      "iteration": 1942,
      "native_traversal_sec": 0.000156575,
      "row_count": 6
    },
    {
      "elapsed_sec": 0.0001672208309173584,
      "is_warmup": false,
      "iteration": 1943,
      "native_traversal_sec": 0.000152465,
      "row_count": 6
    },
    {
      "elapsed_sec": 0.0001601874828338623,
      "is_warmup": false,
      "iteration": 1944,
      "native_traversal_sec": 0.000145805,
      "row_count": 6
    },
    {
      "elapsed_sec": 0.0001641586422920227,
      "is_warmup": false,
      "iteration": 1945,
      "native_traversal_sec": 0.000149334,
      "row_count": 6
    },
    {
      "elapsed_sec": 0.00016870349645614624,
      "is_warmup": false,
      "iteration": 1946,
      "native_traversal_sec": 0.000153544,
      "row_count": 6
    },
    {
      "elapsed_sec": 0.00018356740474700928,
      "is_warmup": false,
      "iteration": 1947,
      "native_traversal_sec": 0.000168125,
      "row_count": 6
    },
    {
      "elapsed_sec": 0.00015598535537719727,
      "is_warmup": false,
      "iteration": 1948,
      "native_traversal_sec": 0.000140574,
      "row_count": 6
    },
    {
      "elapsed_sec": 0.00015575438737869263,
      "is_warmup": false,
      "iteration": 1949,
      "native_traversal_sec": 0.000140184,
      "row_count": 6
    },
    {
      "elapsed_sec": 0.00016092509031295776,
      "is_warmup": false,
      "iteration": 1950,
      "native_traversal_sec": 0.000145674,
      "row_count": 6
    },
    {
      "elapsed_sec": 0.00015525519847869873,
      "is_warmup": false,
      "iteration": 1951,
      "native_traversal_sec": 0.000140604,
      "row_count": 6
    },
    {
      "elapsed_sec": 0.00016169250011444092,
      "is_warmup": false,
      "iteration": 1952,
      "native_traversal_sec": 0.000139484,
      "row_count": 6
    },
    {
      "elapsed_sec": 0.00022380799055099487,
      "is_warmup": false,
      "iteration": 1953,
      "native_traversal_sec": 0.000207906,
      "row_count": 6
    },
    {
      "elapsed_sec": 0.00017207860946655273,
      "is_warmup": false,
      "iteration": 1954,
      "native_traversal_sec": 0.000155375,
      "row_count": 6
    },
    {
      "elapsed_sec": 0.00016427785158157349,
      "is_warmup": false,
      "iteration": 1955,
      "native_traversal_sec": 0.000147745,
      "row_count": 6
    },
    {
      "elapsed_sec": 0.00016026198863983154,
      "is_warmup": false,
      "iteration": 1956,
      "native_traversal_sec": 0.000145264,
      "row_count": 6
    },
    {
      "elapsed_sec": 0.00016374140977859497,
      "is_warmup": false,
      "iteration": 1957,
      "native_traversal_sec": 0.000148154,
      "row_count": 6
    },
    {
      "elapsed_sec": 0.00017220526933670044,
      "is_warmup": false,
      "iteration": 1958,
      "native_traversal_sec": 0.000156614,
      "row_count": 6
    },
    {
      "elapsed_sec": 0.00016873329877853394,
      "is_warmup": false,
      "iteration": 1959,
      "native_traversal_sec": 0.000152514,
      "row_count": 6
    },
    {
      "elapsed_sec": 0.00016751885414123535,
      "is_warmup": false,
      "iteration": 1960,
      "native_traversal_sec": 0.000151644,
      "row_count": 6
    },
    {
      "elapsed_sec": 0.00016098469495773315,
      "is_warmup": false,
      "iteration": 1961,
      "native_traversal_sec": 0.000145494,
      "row_count": 6
    },
    {
      "elapsed_sec": 0.00015959888696670532,
      "is_warmup": false,
      "iteration": 1962,
      "native_traversal_sec": 0.000144545,
      "row_count": 6
    },
    {
      "elapsed_sec": 0.00015702098608016968,
      "is_warmup": false,
      "iteration": 1963,
      "native_traversal_sec": 0.000142014,
      "row_count": 6
    },
    {
      "elapsed_sec": 0.00016691535711288452,
      "is_warmup": false,
      "iteration": 1964,
      "native_traversal_sec": 0.000151394,
      "row_count": 6
    },
    {
      "elapsed_sec": 0.00016224384307861328,
      "is_warmup": false,
      "iteration": 1965,
      "native_traversal_sec": 0.000146294,
      "row_count": 6
    },
    {
      "elapsed_sec": 0.00016723573207855225,
      "is_warmup": false,
      "iteration": 1966,
      "native_traversal_sec": 0.000151805,
      "row_count": 6
    },
    {
      "elapsed_sec": 0.0001713484525680542,
      "is_warmup": false,
      "iteration": 1967,
      "native_traversal_sec": 0.000154895,
      "row_count": 6
    },
    {
      "elapsed_sec": 0.00015767663717269897,
      "is_warmup": false,
      "iteration": 1968,
      "native_traversal_sec": 0.000140875,
      "row_count": 6
    },
    {
      "elapsed_sec": 0.00016033649444580078,
      "is_warmup": false,
      "iteration": 1969,
      "native_traversal_sec": 0.000144794,
      "row_count": 6
    },
    {
      "elapsed_sec": 0.00016482174396514893,
      "is_warmup": false,
      "iteration": 1970,
      "native_traversal_sec": 0.000148834,
      "row_count": 6
    },
    {
      "elapsed_sec": 0.00016799569129943848,
      "is_warmup": false,
      "iteration": 1971,
      "native_traversal_sec": 0.000151984,
      "row_count": 6
    },
    {
      "elapsed_sec": 0.00016323477029800415,
      "is_warmup": false,
      "iteration": 1972,
      "native_traversal_sec": 0.000147994,
      "row_count": 6
    },
    {
      "elapsed_sec": 0.0001637190580368042,
      "is_warmup": false,
      "iteration": 1973,
      "native_traversal_sec": 0.000148695,
      "row_count": 6
    },
    {
      "elapsed_sec": 0.00016207993030548096,
      "is_warmup": false,
      "iteration": 1974,
      "native_traversal_sec": 0.000147105,
      "row_count": 6
    },
    {
      "elapsed_sec": 0.00015994906425476074,
      "is_warmup": false,
      "iteration": 1975,
      "native_traversal_sec": 0.000144864,
      "row_count": 6
    },
    {
      "elapsed_sec": 0.00020009279251098633,
      "is_warmup": false,
      "iteration": 1976,
      "native_traversal_sec": 0.000185075,
      "row_count": 6
    },
    {
      "elapsed_sec": 0.00016441941261291504,
      "is_warmup": false,
      "iteration": 1977,
      "native_traversal_sec": 0.000148964,
      "row_count": 6
    },
    {
      "elapsed_sec": 0.00017010420560836792,
      "is_warmup": false,
      "iteration": 1978,
      "native_traversal_sec": 0.000154694,
      "row_count": 6
    },
    {
      "elapsed_sec": 0.00015558302402496338,
      "is_warmup": false,
      "iteration": 1979,
      "native_traversal_sec": 0.000140595,
      "row_count": 6
    },
    {
      "elapsed_sec": 0.0001600906252861023,
      "is_warmup": false,
      "iteration": 1980,
      "native_traversal_sec": 0.000145214,
      "row_count": 6
    },
    {
      "elapsed_sec": 0.00016363710165023804,
      "is_warmup": false,
      "iteration": 1981,
      "native_traversal_sec": 0.000148694,
      "row_count": 6
    },
    {
      "elapsed_sec": 0.00017977505922317505,
      "is_warmup": false,
      "iteration": 1982,
      "native_traversal_sec": 0.000163914,
      "row_count": 6
    },
    {
      "elapsed_sec": 0.00015511363744735718,
      "is_warmup": false,
      "iteration": 1983,
      "native_traversal_sec": 0.000140074,
      "row_count": 6
    },
    {
      "elapsed_sec": 0.0001667514443397522,
      "is_warmup": false,
      "iteration": 1984,
      "native_traversal_sec": 0.000151745,
      "row_count": 6
    },
    {
      "elapsed_sec": 0.00016225874423980713,
      "is_warmup": false,
      "iteration": 1985,
      "native_traversal_sec": 0.000147655,
      "row_count": 6
    },
    {
      "elapsed_sec": 0.00015897303819656372,
      "is_warmup": false,
      "iteration": 1986,
      "native_traversal_sec": 0.000144134,
      "row_count": 6
    },
    {
      "elapsed_sec": 0.00015948712825775146,
      "is_warmup": false,
      "iteration": 1987,
      "native_traversal_sec": 0.000144764,
      "row_count": 6
    },
    {
      "elapsed_sec": 0.00016855448484420776,
      "is_warmup": false,
      "iteration": 1988,
      "native_traversal_sec": 0.000154244,
      "row_count": 6
    },
    {
      "elapsed_sec": 0.0001783519983291626,
      "is_warmup": false,
      "iteration": 1989,
      "native_traversal_sec": 0.000163494,
      "row_count": 6
    },
    {
      "elapsed_sec": 0.00016258656978607178,
      "is_warmup": false,
      "iteration": 1990,
      "native_traversal_sec": 0.000147284,
      "row_count": 6
    },
    {
      "elapsed_sec": 0.0001638755202293396,
      "is_warmup": false,
      "iteration": 1991,
      "native_traversal_sec": 0.000149124,
      "row_count": 6
    },
    {
      "elapsed_sec": 0.0001654401421546936,
      "is_warmup": false,
      "iteration": 1992,
      "native_traversal_sec": 0.000150315,
      "row_count": 6
    },
    {
      "elapsed_sec": 0.0001665651798248291,
      "is_warmup": false,
      "iteration": 1993,
      "native_traversal_sec": 0.000151595,
      "row_count": 6
    },
    {
      "elapsed_sec": 0.00016673654317855835,
      "is_warmup": false,
      "iteration": 1994,
      "native_traversal_sec": 0.000151825,
      "row_count": 6
    },
    {
      "elapsed_sec": 0.00015526264905929565,
      "is_warmup": false,
      "iteration": 1995,
      "native_traversal_sec": 0.000139944,
      "row_count": 6
    },
    {
      "elapsed_sec": 0.00015316158533096313,
      "is_warmup": false,
      "iteration": 1996,
      "native_traversal_sec": 0.000137584,
      "row_count": 6
    },
    {
      "elapsed_sec": 0.00015363097190856934,
      "is_warmup": false,
      "iteration": 1997,
      "native_traversal_sec": 0.000138754,
      "row_count": 6
    },
    {
      "elapsed_sec": 0.00014984607696533203,
      "is_warmup": false,
      "iteration": 1998,
      "native_traversal_sec": 0.000134634,
      "row_count": 6
    },
    {
      "elapsed_sec": 0.00015863031148910522,
      "is_warmup": false,
      "iteration": 1999,
      "native_traversal_sec": 0.000144024,
      "row_count": 6
    },
    {
      "elapsed_sec": 0.0001609325408935547,
      "is_warmup": false,
      "iteration": 2000,
      "native_traversal_sec": 0.000145994,
      "row_count": 6
    },
    {
      "elapsed_sec": 0.000202082097530365,
      "is_warmup": false,
      "iteration": 2001,
      "native_traversal_sec": 0.000186756,
      "row_count": 6
    },
    {
      "elapsed_sec": 0.0001722574234008789,
      "is_warmup": false,
      "iteration": 2002,
      "native_traversal_sec": 0.000156415,
      "row_count": 6
    },
    {
      "elapsed_sec": 0.0001691952347755432,
      "is_warmup": false,
      "iteration": 2003,
      "native_traversal_sec": 0.000153754,
      "row_count": 6
    },
    {
      "elapsed_sec": 0.0001655668020248413,
      "is_warmup": false,
      "iteration": 2004,
      "native_traversal_sec": 0.000150084,
      "row_count": 6
    },
    {
      "elapsed_sec": 0.0001629367470741272,
      "is_warmup": false,
      "iteration": 2005,
      "native_traversal_sec": 0.000147755,
      "row_count": 6
    },
    {
      "elapsed_sec": 0.00017193704843521118,
      "is_warmup": false,
      "iteration": 2006,
      "native_traversal_sec": 0.000156665,
      "row_count": 6
    },
    {
      "elapsed_sec": 0.0001977384090423584,
      "is_warmup": false,
      "iteration": 2007,
      "native_traversal_sec": 0.000181416,
      "row_count": 6
    },
    {
      "elapsed_sec": 0.00017067790031433105,
      "is_warmup": false,
      "iteration": 2008,
      "native_traversal_sec": 0.000154975,
      "row_count": 6
    },
    {
      "elapsed_sec": 0.0001618713140487671,
      "is_warmup": false,
      "iteration": 2009,
      "native_traversal_sec": 0.000146324,
      "row_count": 6
    }
  ],
  "workload": "pip"
}
