POLYGON ((-157.82567111 21.282911459, -157.825597999 21.2826591738, -157.820458561 21.2781371427, -157.81754671 21.275061486, -157.817595465 21.2749468267, -157.817766955 21.2750157265, -157.832818192 21.288122184, -157.832842809 21.2882368433, -157.832793532 21.2883057431, -157.832205952 21.2883283624, -157.826087504 21.2830722252, -157.82567111 21.282911459))
POLYGON ((-158.022943556 21.3639802351, -158.023383438 21.3652197365, -158.023358952 21.3654950317, -158.023187115 21.3657013837, -158.022843962 21.3658847692, -158.022231592 21.3658844218, -158.021913402 21.3657233518, -158.021938062 21.3653565375, -158.022551301 21.3642783232, -158.022943556 21.3639802351))
POLYGON ((-158.038057615 21.3642184538, -158.038131551 21.3636448099, -158.038425775 21.3633695147, -158.038719956 21.3633009623, -158.039233948 21.3635765614, -158.039698967 21.3640586862, -158.039674524 21.3642652119, -158.039037147 21.3647926186, -158.038767583 21.3648611711, -158.038645195 21.3648154116, -158.038057615 21.3642184538))
POLYGON ((-158.0341971 21.349209329, -158.033952196 21.3490946697, -158.033781357 21.347901058, -158.033879605 21.3475800467, -158.034541078 21.3476492938, -158.034810339 21.34781006, -158.03517763 21.348223285, -158.0341971 21.349209329))
POLYGON ((-157.730386143 21.3815067851, -157.730410629 21.3813458887, -157.731463054 21.3798540587, -157.731658683 21.3797621923, -157.732050591 21.3793719339, -157.732270532 21.3789587088, -157.732148015 21.3786373502, -157.731853964 21.3783164691, -157.731853617 21.3780410436, -157.731976178 21.3778802775, -157.732490169 21.3777651406, -157.732686449 21.3778571372, -157.733666979 21.3789119508, -157.734524601 21.3794393141, -157.735014628 21.3794849, -157.735186117 21.3793927297, -157.735528619 21.3788192161, -157.735749211 21.3788189122, -157.735773871 21.3793236563, -157.735529791 21.3804251844, -157.735456333 21.380470944, -157.735358605 21.3808384095, -157.73533464 21.3814117494, -157.735432715 21.3816873485, -157.735604205 21.3818937006, -157.736045433 21.3820769558, -157.736461827 21.3821225416, -157.737098683 21.381915495, -157.737343631 21.3817091429, -157.737759374 21.381066252, -157.738028418 21.3803549388, -157.738076695 21.3792076511, -157.737855582 21.3782440527, -157.73778182 21.3781753266, -157.737708058 21.3775329566, -157.737413703 21.3773035946, -157.737413703 21.3771200355, -157.737634122 21.3768442627, -157.73831995 21.3766146402, -157.738515579 21.3764768406, -157.738613306 21.3762243383, -157.738416983 21.3757197679, -157.738416853 21.3754213758, -157.738514754 21.3752837499, -157.738931322 21.3752602624, -157.739445964 21.375833776, -157.739912156 21.3765908053, -157.740035064 21.3771183857, -157.740402356 21.3771871118, -157.740892165 21.3770719315, -157.741088315 21.3771406576, -157.741284638 21.3777599308, -157.741310426 21.3792284469, -157.741090138 21.3796416719, -157.741017071 21.3802842156, -157.740796609 21.3804907413, -157.74013544 21.3806977879, -157.739327268 21.3810883937, -157.739303302 21.3816388973, -157.739499756 21.3821894443, -157.739402028 21.3825106293, -157.73901012 21.3827176325, -157.737687262 21.382993579, -157.737271041 21.3832923184, -157.737075413 21.3835447772, -157.73678184 21.3843251204, -157.73604743 21.384876145, -157.735410573 21.3849224255, -157.735214294 21.3848307328, -157.734920069 21.3844178551, -157.734527988 21.384096974, -157.734502156 21.3822383731, -157.734403907 21.3819862616, -157.734085414 21.3816192737, -157.734084719 21.3808391041, -157.733888613 21.3804721596, -157.733496141 21.3800133053, -157.73320196 21.379875853, -157.732565407 21.3799682404, -157.73165903 21.3803586291, -157.731218627 21.3809555869, -157.730728948 21.3813916482, -157.730386143 21.3815067851))
POLYGON ((-157.805264011 21.3589212459, -157.804235246 21.3589667015, -157.803794322 21.3593108531, -157.803377407 21.3598612264, -157.802519959 21.3601131643, -157.802152319 21.3606407448, -157.801270559 21.3609156492, -157.801442222 21.3603879386, -157.802005793 21.3599523982, -157.802373259 21.3595854537, -157.802618511 21.359034733, -157.803304817 21.3584845767, -157.803549939 21.3581863149, -157.803599041 21.3578649562, -157.803476654 21.3575897044, -157.803795364 21.3572916597, -157.804824302 21.3566953531, -157.805020452 21.3564662082, -157.805044938 21.3563056157, -157.804604709 21.3552957368, -157.804605186 21.3544927743, -157.804850308 21.3537814611, -157.805708104 21.3530705387, -157.805977668 21.3524053324, -157.806565552 21.3521072876, -157.806884263 21.3520157252, -157.808867074 21.3538978136, -157.808916177 21.3540815464, -157.808278973 21.3547237861, -157.807200759 21.3555033044, -157.806882569 21.3556181374, -157.806563902 21.3558932155, -157.806392413 21.3561914339, -157.806244888 21.3569944398, -157.805460334 21.3587148938, -157.805264011 21.3589212459))
POLYGON ((-157.931533387 21.3559270793, -157.933566647 21.3567528782, -157.933762797 21.3570510966, -157.933616097 21.3573954218, -157.933567168 21.3581065179, -157.933395983 21.3587722452, -157.933004378 21.359368682, -157.932539012 21.359368682, -157.932024716 21.3599654661, -157.931877539 21.3599656398, -157.931632765 21.359781907, -157.931559176 21.3591851229, -157.931093506 21.3586347496, -157.930554203 21.3581529721, -157.930431642 21.3578777203, -157.930529543 21.3574189094, -157.93114161 21.3564549637, -157.931337585 21.3559270793, -157.931533387 21.3559270793))
POLYGON ((-157.903362972 21.3461794318, -157.904318148 21.3466612093, -157.905053079 21.3469136682, -157.905469169 21.346752902, -157.906840956 21.3466840022, -157.907477639 21.3465232361, -157.908114322 21.3466838286, -157.908481961 21.3469131906, -157.90946197 21.3480375117, -157.909510942 21.3482209406, -157.910000925 21.3489092437, -157.909927684 21.350240134, -157.910148102 21.3511349628, -157.910075382 21.3526723787, -157.909708047 21.3534983512, -157.909830608 21.3540030953, -157.909561217 21.3547375053, -157.908753045 21.3554719587, -157.907577407 21.3561376426, -157.906622014 21.356229509, -157.90446654 21.3562526492, -157.904050276 21.3561838797, -157.903854127 21.3558626947, -157.903878613 21.3553118438, -157.904050103 21.3549219327, -157.904025486 21.3543479415, -157.903780365 21.3539353677, -157.903192654 21.3532009577, -157.902702324 21.3523062591, -157.902579763 21.3517785484, -157.902408447 21.3515031229, -157.902408447 21.3513656273, -157.902139056 21.351021302, -157.901404125 21.3507001171, -157.901404125 21.3504248653, -157.901722271 21.35008054, -157.90206512 21.3498051145, -157.902971541 21.3495526557, -157.904489985 21.3497819743, -157.904784035 21.3497130745, -157.904759375 21.3494606156, -157.904489985 21.3492081568, -157.904146832 21.3484281175, -157.904146832 21.3480152398, -157.904440708 21.3474873554, -157.904465195 21.34728096, -157.90375475 21.3468219754, -157.903289383 21.3466156234, -157.903142336 21.3464550309, -157.903166822 21.3463172314, -157.903362972 21.3461794318))
POLYGON ((-157.977414563 21.3228859658, -157.977438702 21.3224036673, -157.977951999 21.3212791291, -157.978343603 21.320888697, -157.978882559 21.3207505935, -157.979029258 21.3208652529, -157.979274858 21.3217143222, -157.979226233 21.322081614, -157.978662965 21.3224950127, -157.977953171 21.3229085851, -157.977635025 21.3229774848, -157.977414563 21.3228859658))
POLYGON ((-157.695514561 21.2964452515, -157.695244997 21.2963536891, -157.695097993 21.2960554707, -157.695097472 21.295206575, -157.695171061 21.2951376752, -157.695219686 21.2946327141, -157.695121437 21.2941740768, -157.694999094 21.2940364509, -157.694289126 21.2939449319, -157.694191225 21.2936007369, -157.693921487 21.2933253114, -157.694924984 21.2924073423, -157.695243173 21.2926364873, -157.696051346 21.2928199161, -157.696981731 21.2927734619, -157.697275435 21.2929342281, -157.697397995 21.2931635467, -157.697153568 21.2940354524, -157.696493225 21.2952290206, -157.695636775 21.296376482, -157.695514561 21.2964452515))
POLYGON ((-157.695340901 21.2919253912, -157.69595262 21.2909844121, -157.696123936 21.2908466125, -157.696961109 21.2895675599, -157.696980212 21.2895385586, -157.69942826 21.2894456937, -157.697764593 21.2917407901, -157.69759345 21.292016259, -157.697128084 21.292131092, -157.696467089 21.2921084293, -157.695340901 21.2919253912))
POLYGON ((-157.706007689 21.2781309336, -157.710269403 21.281570714, -157.710440721 21.2817998603, -157.71039192 21.2819378302, -157.708752263 21.2833380997, -157.708752785 21.2839577198, -157.70907145 21.2849211432, -157.709071796 21.2852425016, -157.708826892 21.2852884345, -157.708655532 21.2851737328, -157.70855746 21.2849444151, -157.708140891 21.2843709439, -157.708238445 21.2839578949, -157.708140545 21.2837514989, -157.706916455 21.2839127854, -157.705252308 21.2847623751, -157.704616148 21.2853132263, -157.704444963 21.2855656855, -157.704249032 21.2856347598, -157.704126641 21.2854971327, -157.704322446 21.2850611135, -157.704321925 21.2846939526, -157.70415061 21.2845792957, -157.703807976 21.2848089598, -157.703735385 21.2860478088, -157.703612998 21.2861626446, -157.703049731 21.2863235846, -157.702756375 21.2865530737, -157.7023158 21.2867369801, -157.701557249 21.2875402905, -157.701263372 21.2876780927, -157.700406577 21.2878621705, -157.699599054 21.2886425145, -157.699403428 21.2886884473, -157.699403252 21.2884559594, -157.699403077 21.2881375961, -157.699647855 21.2877934463, -157.699990485 21.2876558192, -157.703073524 21.2849697247, -157.703171425 21.2847174406, -157.703171119 21.2841437981, -157.702730197 21.2837308757, -157.70214279 21.2835706323, -157.701481793 21.2838232629, -157.701139163 21.2840986885, -157.699842311 21.285476163, -157.699573267 21.2860724702, -157.699328665 21.2862793431, -157.698961549 21.2863482423, -157.698912401 21.2860499807, -157.700013321 21.2843516693, -157.700551409 21.2837319188, -157.701726396 21.2833411396, -157.702117827 21.2829510532, -157.704613108 21.2795312442, -157.704588491 21.2791183256, -157.704979923 21.2785443328, -157.705420282 21.2784984, -157.705811888 21.2781539001, -157.706007689 21.2781309336), (-157.704858709 21.2808848843, -157.704442445 21.2809539586, -157.70427113 21.2812062427, -157.704174094 21.2827894203, -157.704321098 21.2829959877, -157.704688564 21.2832253054, -157.70530076 21.2834085189, -157.706010729 21.2834311388, -157.706206355 21.2833392732, -157.706621926 21.2820313908, -157.706621751 21.2818017267, -157.706376847 21.2815266028, -157.704858709 21.2808848843))
POLYGON ((-155.028656151 19.7296789498, -155.02885013 19.7296791235, -155.028946859 19.7300004821, -155.02952823 19.7301384554, -155.029939936 19.7305053999, -155.030133394 19.7313544692, -155.030763217 19.7316758278, -155.030932709 19.7318134538, -155.03090857 19.7320200228, -155.030617689 19.7321576487, -155.030738383 19.7328917114, -155.030617342 19.7330982371, -155.030399441 19.7330980635, -155.029066858 19.7327764009, -155.028897235 19.7326156348, -155.028800506 19.7322027136, -155.028631014 19.731996188, -155.028558424 19.7316061032, -155.028316341 19.7314227178, -155.028243925 19.7310555996, -155.027953434 19.730802967, -155.027347576 19.73082576, -155.027250674 19.7307570339, -155.027250674 19.7306192343, -155.028292723 19.7297939565, -155.028438251 19.7299315824, -155.028607873 19.729839716, -155.028656151 19.7296789498))
POLYGON ((-154.984882518 19.6422733042, -154.984737512 19.6426172821, -154.984325806 19.6427324624, -154.984132522 19.6431455137, -154.983745086 19.6431230681, -154.983478864 19.6433523868, -154.983382005 19.6433523868, -154.983091298 19.643123372, -154.983066638 19.6426417682, -154.983671844 19.642411755, -154.983647532 19.6422739554, -154.983308069 19.6419762146, -154.983138403 19.6415175773, -154.983210646 19.6411962187, -154.983501527 19.6411729048, -154.983719775 19.6418153182, -154.983816677 19.6419070109, -154.984276834 19.6417918306, -154.984833242 19.641355639, -154.985099594 19.6414473317, -154.985099594 19.6415847839, -154.984809407 19.6419750424, -154.984882518 19.6422733042))
POLYGON ((-155.857016206 19.4135551194, -155.857451052 19.4136466385, -155.858127633 19.4135319792, -155.858876804 19.4138990974, -155.859529247 19.4137385049, -155.859940301 19.4137153646, -155.859988578 19.4137844381, -155.860544465 19.4138301976, -155.860737923 19.4140138001, -155.860762062 19.41447209, -155.860520153 19.4146556491, -155.859843746 19.4148620445, -155.857499634 19.4152519556, -155.856653603 19.4154812743, -155.856122159 19.4160544406, -155.855541959 19.4163523116, -155.853705326 19.4169489655, -155.852980294 19.4170634511, -155.852206984 19.4169489655, -155.851264355 19.4172240436, -155.849742048 19.4174074291, -155.848533718 19.4173844625, -155.847760365 19.4172927698, -155.847035203 19.4168798921, -155.846406856 19.4164215587, -155.846189433 19.4161233403, -155.846068739 19.4156876263, -155.846020157 19.4147704821, -155.845609407 19.4139678669, -155.845464227 19.4128902604, -155.845754413 19.4123628971, -155.8463103 19.4121105685, -155.846987055 19.4120646353, -155.848170942 19.412500523, -155.851578507 19.4131425457, -155.852134394 19.4133947006, -155.85426104 19.4133719077, -155.855904258 19.4134862197, -155.856943443 19.4136238456, -155.857016206 19.4135551194))
POLYGON ((-155.629491937 19.2039984978, -155.630192179 19.2039983242, -155.631254156 19.2041815359, -155.632461314 19.2047548759, -155.633282424 19.2055114276, -155.6337652 19.2060847676, -155.634828045 19.2083319337, -155.6349246 19.2086759116, -155.635142327 19.2111985466, -155.634852835 19.2122534904, -155.634852835 19.2127810709, -155.634997841 19.2131020822, -155.635819082 19.2139045671, -155.635891368 19.2143861709, -155.635481312 19.2150280633, -155.634781243 19.2156934433, -155.633791856 19.2162209803, -155.632874539 19.2164965795, -155.631257022 19.2168866642, -155.63062937 19.2169785306, -155.629881023 19.216864045, -155.628987844 19.2162221525, -155.628794386 19.2159469007, -155.628722144 19.2154882201, -155.628794213 19.2151442422, -155.629035644 19.2148460238, -155.629977101 19.214203784, -155.630700961 19.2135843806, -155.631159598 19.2128963814, -155.631231841 19.2121854155, -155.631110973 19.2119329567, -155.630555955 19.211612119, -155.630121239 19.2114976333, -155.629855712 19.2113142045, -155.629880025 19.2112223381, -155.629517769 19.2108327743, -155.628382681 19.2090211052, -155.628117154 19.2084477652, -155.627899558 19.2073240953, -155.627923523 19.2065212631, -155.628116633 19.2058104709, -155.62830944 19.2054894596, -155.628502724 19.2046866273, -155.628985152 19.2042050235, -155.629491937 19.2039984978))
POLYGON ((-159.38556862 22.2194319273, -159.385487477 22.2192153293, -159.385931223 22.2190780507, -159.386325302 22.2188721763, -159.38659656 22.2185972284, -159.386670322 22.2184140166, -159.386670322 22.2180014428, -159.386128328 22.2172448911, -159.385659965 22.2163968203, -159.385610342 22.2156174757, -159.385758214 22.2152052492, -159.385832106 22.2151594897, -159.385856592 22.2147698825, -159.386262133 22.2142378303, -159.386275548 22.2142202037, -159.386448037 22.2142202037, -159.386793013 22.2140603059, -159.387483009 22.2139231576, -159.388838733 22.2139697854, -159.390810126 22.2138104953, -159.391278358 22.2136044906, -159.391943391 22.2129402829, -159.393485496 22.2107102223, -159.393495698 22.2106954611, -159.393791268 22.2106498753, -159.394234797 22.2103521344, -159.394514955 22.2102426849, -159.394703029 22.2101690963, -159.394752479 22.2103752747, -159.394629441 22.2109480937, -159.393766956 22.2118184798, -159.392732113 22.213353204, -159.392165503 22.2139945754, -159.391130486 22.2144064546, -159.389996918 22.2144515629, -159.388124077 22.2147484354, -159.38708893 22.2150228623, -159.386669975 22.2152517034, -159.386349962 22.2156181703, -159.386324998 22.2160764602, -159.386571596 22.2163286152, -159.38711372 22.2166268336, -159.387335658 22.2168791188, -159.387680678 22.2175438041, -159.387754918 22.2183228015, -159.387557466 22.218620716, -159.387040305 22.2190785283, -159.385684929 22.2197423888, -159.38556862 22.2194319273))
POLYGON ((-159.377550804 22.1999845625, -159.376811532 22.2008091892, -159.376466685 22.2009235012, -159.376244921 22.2006941825, -159.375431539 22.2014497357, -159.375111179 22.2015870143, -159.374864755 22.201563874, -159.374889371 22.2011974071, -159.374987967 22.2010140217, -159.375086519 22.2007392474, -159.375012583 22.2004413763, -159.374963481 22.2001434619, -159.374741543 22.1998682101, -159.374224208 22.1996387178, -159.374051546 22.1994323658, -159.37429797 22.1992720772, -159.374889371 22.1991809054, -159.375530265 22.1988835119, -159.375825792 22.1986086074, -159.376047599 22.1985859448, -159.376220088 22.1987919929, -159.376244921 22.1990902113, -159.376096876 22.199273423, -159.376047599 22.199617097, -159.376121709 22.1997545493, -159.376417236 22.1999381084, -159.377252759 22.1999724931, -159.377550804 22.1999845625))
POLYGON ((-159.387923412 22.1964517447, -159.387948897 22.1964162312, -159.388269257 22.1964163614, -159.388441745 22.1963018758, -159.388737315 22.1963248424, -159.389205678 22.1966460274, -159.38992016 22.1967838269, -159.390018886 22.1969674294, -159.389402999 22.1973566459, -159.389378166 22.1976086272, -159.38967391 22.1980899271, -159.389871361 22.1987316459, -159.389821912 22.1991671428, -159.389674213 22.1994420907, -159.389551001 22.1994878503, -159.389280091 22.1994876766, -159.388565305 22.1991664916, -159.388318881 22.1989140327, -159.388318881 22.1987307776, -159.388663683 22.198249825, -159.388663683 22.1978372946, -159.388441745 22.197470654, -159.388540341 22.197241509, -159.388540341 22.1969665611, -159.387948897 22.1969660835, -159.387825685 22.1968514242, -159.387850301 22.1965536834, -159.387923412 22.1964517447))
POLYGON ((-159.432296043 22.1823148295, -159.432542468 22.1823607627, -159.432567258 22.1827500226, -159.432764406 22.1829337553, -159.432789239 22.1833003959, -159.433208325 22.1834609884, -159.433208325 22.1837131, -159.432715781 22.1840795669, -159.432715954 22.1844462075, -159.433455401 22.1855006303, -159.433480408 22.1858215114, -159.432544291 22.1864861533, -159.432150342 22.1865545756, -159.431435556 22.1863941567, -159.430893388 22.1861190352, -159.430745386 22.1856837119, -159.430744691 22.1840564267, -159.431039914 22.1839189744, -159.431212402 22.1834147079, -159.431606525 22.18316277, -159.431606351 22.1827498489, -159.431778535 22.182383382, -159.432296043 22.1823148295))
POLYGON ((-159.399823538 22.1856052173, -159.398616033 22.1853066516, -159.398148148 22.1855814259, -159.397852101 22.185627359, -159.397531914 22.1852605882, -159.39728549 22.1851227886, -159.39671888 22.1852371006, -159.396447969 22.1850537152, -159.396472282 22.1847558007, -159.396570834 22.1845955555, -159.397088169 22.1843665408, -159.397186764 22.1841144293, -159.397088169 22.1837476584, -159.396718532 22.1834955034, -159.39666943 22.1832432182, -159.396743192 22.183105766, -159.397285143 22.1830143772, -159.397359079 22.1828539583, -159.397654475 22.1826709202, -159.398295326 22.1827626129, -159.398541793 22.1829921052, -159.398739072 22.1834733617, -159.398935872 22.1835880644, -159.399330342 22.1836111613, -159.399847329 22.1833362568, -159.399995201 22.1830155494, -159.400241625 22.1827636115, -159.400487702 22.1816637331, -159.400611088 22.1815261072, -159.40070951 22.1816179735, -159.400906962 22.1830160704, -159.40110411 22.1831764892, -159.40137502 22.1832681819, -159.400242146 22.1849866388, -159.399823538 22.1856052173))
POLYGON ((-159.375011758 22.1771579392, -159.374986968 22.1767224422, -159.375208559 22.1761496233, -159.37543054 22.175897642, -159.37646534 22.1754627962, -159.376810359 22.175188022, -159.377179822 22.1751196432, -159.377573771 22.1752343025, -159.378239151 22.175601247, -159.378830378 22.17580812, -159.379963773 22.1758775408, -159.379914497 22.1761754118, -159.379692732 22.1764503597, -159.379815944 22.1768627599, -159.379791284 22.1772295307, -159.379471098 22.1777334499, -159.3793234 22.1784668614, -159.378091626 22.1784890031, -159.377573944 22.1786031414, -159.376687321 22.1786484234, -159.376219089 22.1783731716, -159.375011758 22.1771579392))
POLYGON ((-159.372793593 22.1310874733, -159.373630941 22.1313859088, -159.373704877 22.1314777752, -159.373606107 22.1319132721, -159.373827915 22.1320966576, -159.37432059 22.1322802601, -159.374665436 22.1327388973, -159.374690052 22.1330596047, -159.374936476 22.1333120636, -159.37486241 22.1336101083, -159.374690052 22.1337933201, -159.374419142 22.1338159828, -159.374246827 22.1337242901, -159.374148405 22.1335178946, -159.374148275 22.1332426428, -159.374271487 22.1328532093, -159.374148275 22.1326926168, -159.373901981 22.1326696502, -159.373384647 22.1328756983, -159.371660676 22.1324619523, -159.37126638 22.1322326337, -159.370971027 22.1319114487, -159.370971027 22.1317280199, -159.37134049 22.1314303224, -159.371512674 22.1309260559, -159.371548882 22.1308927131, -159.371685336 22.1307658108, -159.372005349 22.1308117439, -159.372103901 22.130903784, -159.372103901 22.1316371954, -159.372423914 22.1315915662, -159.372793593 22.1310874733))
POLYGON ((-159.623483384 22.1376761939, -159.624370008 22.1379516194, -159.624591815 22.1382040783, -159.624690064 22.138502123, -159.624566982 22.1390982559, -159.623680532 22.1404512444, -159.623606596 22.1407264962, -159.624074307 22.140795396, -159.625823111 22.1395802071, -159.62626651 22.1395803807, -159.627251729 22.1400852985, -159.628015314 22.1406128355, -159.628138526 22.140796438, -159.628138526 22.1411405896, -159.626857954 22.1423556048, -159.626340793 22.1426766596, -159.625133636 22.1432266856, -159.624640918 22.1437082895, -159.624640918 22.1437998085, -159.624123931 22.1444878078, -159.623458768 22.1450378338, -159.622227298 22.1454046047, -159.621586578 22.1457254858, -159.620281346 22.1466882158, -159.619049529 22.1478114082, -159.619000427 22.1481324195, -159.618901657 22.1482241122, -159.618630921 22.1489576973, -159.618261285 22.1495994161, -159.618212008 22.1498975042, -159.617990374 22.1502641014, -159.617546976 22.1506310894, -159.617546976 22.1509978602, -159.617867162 22.1512042123, -159.61806431 22.1511584527, -159.618852729 22.1504480079, -159.619985472 22.1484537782, -159.620354935 22.1481557334, -159.620749361 22.1480640407, -159.621217246 22.1484311589, -159.621291182 22.1493483031, -159.620749231 22.1509530993, -159.620650635 22.1510446183, -159.620453661 22.151594818, -159.61988705 22.1525806883, -159.619837774 22.1528784292, -159.619492928 22.1535204953, -159.619049529 22.1536120143, -159.618458259 22.1534742147, -159.616807877 22.1533358942, -159.616290716 22.1534733899, -159.614467629 22.1543898394, -159.613359241 22.154779273, -159.612792761 22.1547790993, -159.612299912 22.1545725736, -159.611413289 22.1536780487, -159.611314693 22.1532423781, -159.611216141 22.1531275451, -159.611191481 22.1528984001, -159.611388803 22.15239396, -159.611635053 22.152164815, -159.612423298 22.1519130074, -159.613162397 22.1518444549, -159.613457793 22.1517069592, -159.613630281 22.1514548477, -159.613926199 22.1503774583, -159.614197066 22.1498961584, -159.615280707 22.1491397803, -159.616561626 22.1478793094, -159.616808051 22.1474895285, -159.617054301 22.1468706027, -159.617078961 22.1461368873, -159.617399147 22.1453803356, -159.618926491 22.1443942482, -159.619714736 22.1436608367, -159.619985602 22.143041607, -159.620010262 22.1423997146, -159.620256686 22.1414134969, -159.620675295 22.1410237595, -159.621118693 22.1407486379, -159.62146367 22.1403818671, -159.621882278 22.1395104824, -159.622522651 22.1383638459, -159.623064646 22.1377906796, -159.623483384 22.1376761939))
POLYGON ((-159.580085422 22.1325432688, -159.578731218 22.1316252563, -159.578361756 22.1313729711, -159.577844595 22.1313956338, -159.577721556 22.1314873265, -159.577721383 22.1317855449, -159.578189094 22.1323588414, -159.578434867 22.1338496729, -159.578459179 22.1347212313, -159.578631667 22.1350194497, -159.579469188 22.1352263227, -159.580331022 22.1351577268, -159.58205534 22.1348608543, -159.582572327 22.1346546759, -159.583262149 22.1342421021, -159.583533233 22.1342650687, -159.583631786 22.1343343158, -159.583927008 22.1358708634, -159.583902218 22.1362836109, -159.583803623 22.1364212368, -159.5834095 22.1365585153, -159.582596813 22.1365580378, -159.580946084 22.1372451687, -159.580502815 22.1377492616, -159.580527301 22.1379100277, -159.580724449 22.1380934132, -159.582349694 22.1383697069, -159.58269454 22.1385301258, -159.582965624 22.1388514844, -159.582916174 22.139080803, -159.582226308 22.13944727, -159.581979884 22.1397453147, -159.581979711 22.1402958617, -159.582250621 22.1407774656, -159.582792094 22.1420619016, -159.583112107 22.1433234145, -159.58340733 22.1440804438, -159.58338254 22.1444014985, -159.583210355 22.1445389508, -159.582397494 22.144584363, -159.58190495 22.1444004566, -159.581584763 22.1440105455, -159.581535313 22.1438041934, -159.580969354 22.142863388, -159.580501339 22.1423817842, -159.58015684 22.1416706446, -159.57902427 22.1400646763, -159.577817591 22.1394447519, -159.577743524 22.1390548408, -159.577817591 22.1389862449, -159.578014739 22.1380002009, -159.577941324 22.1374726639, -159.577596651 22.1367387315, -159.577202529 22.1362336401, -159.576685542 22.1357750028, -159.576710375 22.1353164958, -159.57722771 22.1347433295, -159.577375712 22.1342391065, -159.577301949 22.1332986483, -159.577179085 22.1328629343, -159.576760476 22.1323581902, -159.57555384 22.131669366, -159.574322674 22.131141308, -159.573583749 22.1305902835, -159.57326391 22.1302005026, -159.572943854 22.1292830545, -159.572722263 22.1291222883, -159.571589172 22.12921346, -159.57085042 22.1290295536, -159.569471426 22.1285699179, -159.568905293 22.1282486895, -159.567994184 22.1273077538, -159.567871145 22.1270552949, -159.566960209 22.1259998301, -159.566467839 22.1255641595, -159.566024614 22.1250133086, -159.56528634 22.1243477549, -159.564596821 22.1238659774, -159.563833583 22.1229709749, -159.563685885 22.122581194, -159.563538708 22.1214801434, -159.562898813 22.1202185003, -159.562184851 22.1197360716, -159.561815562 22.1192772173, -159.561569616 22.1184514185, -159.561693175 22.117740496, -159.562062638 22.1173277486, -159.562062811 22.1170984299, -159.56107846 22.1157445731, -159.560979865 22.1154002479, -159.56112791 22.114896155, -159.561447923 22.1149192953, -159.56312214 22.1162275662, -159.563540879 22.1164572322, -159.563984104 22.1164116029, -159.564082699 22.1163428768, -159.564033423 22.1159529657, -159.563639952 22.1151499598, -159.563418492 22.1141634382, -159.563517261 22.1139572164, -159.563689576 22.1137966239, -159.563960659 22.1138199378, -159.564649788 22.1142100226, -159.564945531 22.1141414701, -159.564896559 22.1135451636, -159.564625822 22.1127423748, -159.564625996 22.1121918278, -159.564774042 22.1119167496, -159.565168164 22.111802264, -159.565512967 22.1118023942, -159.566202312 22.1120322338, -159.567310048 22.1127668175, -159.567679207 22.1134551641, -159.567900798 22.1137076229, -159.568393169 22.1139372889, -159.569205856 22.1141211953, -159.570264837 22.1140988799, -159.571299159 22.1138472459, -159.572284378 22.1139624262, -159.572530629 22.1143293707, -159.572604044 22.1146047962, -159.57262853 22.1155680473, -159.57282533 22.1159581755, -159.573170003 22.1161648748, -159.573637888 22.1161650051, -159.574524685 22.1158904479, -159.575214377 22.1158907518, -159.576322287 22.1164189835, -159.578095057 22.1175209024, -159.578095057 22.1177730139, -159.577947185 22.1180941989, -159.577676274 22.1183922437, -159.575607284 22.1186891596, -159.574794596 22.1185969459, -159.574474584 22.1182757609, -159.573957727 22.118046095, -159.573144866 22.1178160817, -159.572676981 22.1177701485, -159.570682447 22.1171727132, -159.570288325 22.1169200807, -159.569992929 22.1168511809, -159.569401832 22.117034219, -159.56900771 22.1170110787, -159.567628889 22.1165056834, -159.566988342 22.1165510956, -159.566569951 22.1168260001, -159.566027783 22.1174678925, -159.565682807 22.1176970809, -159.564574549 22.1177651124, -159.563835581 22.11801692, -159.563416842 22.118475427, -159.563441154 22.1190261043, -159.56381027 22.1198520768, -159.564056216 22.1207235917, -159.564228531 22.120746732, -159.564647313 22.1204488609, -159.564869077 22.1199672136, -159.565115328 22.1198069685, -159.56582981 22.1196926131, -159.566568909 22.1193491561, -159.567553955 22.1191203151, -159.568095949 22.1191206624, -159.568218987 22.1192123551, -159.568218814 22.1198089656, -159.568021362 22.1204506843, -159.567774764 22.1209324618, -159.567700828 22.1213681758, -159.567799206 22.1215287683, -159.568414963 22.1214603895, -159.568735323 22.1211395085, -159.568907811 22.1207955305, -159.569203381 22.1205663422, -159.569425146 22.1201077049, -159.569745853 22.1198097904, -159.56996727 22.119832757, -159.570065692 22.1201999186, -159.570360915 22.1205211036, -159.570483954 22.1207505959, -159.570754864 22.1211636473, -159.571123805 22.1224940165, -159.571222227 22.1226316424, -159.571222054 22.1228150712, -159.571419028 22.1229528708, -159.572010125 22.122861482, -159.572157997 22.1226782702, -159.572354971 22.1226093705, -159.572773884 22.1228158961, -159.573241595 22.1232978473, -159.573142869 22.1239856729, -159.572920887 22.1244444838, -159.572822161 22.1251093428, -159.573166834 22.1253845946, -159.573364155 22.1254307014, -159.574423093 22.1253167368, -159.574891152 22.1250875484, -159.574915811 22.1249271296, -159.575112916 22.1246061182, -159.57516254 22.1227944491, -159.575310585 22.1221984898, -159.575458457 22.1222214564, -159.575876848 22.1224968819, -159.576073996 22.1230244189, -159.576394009 22.12343734, -159.576713892 22.1235064135, -159.577157117 22.1234376874, -159.577329952 22.1231627395, -159.577354742 22.122428807, -159.577600862 22.122314495, -159.578142987 22.1224063614, -159.578659844 22.1227964462, -159.579398769 22.1227740006, -159.580433264 22.1222011816, -159.580704175 22.1219721669, -159.581197023 22.1218576812, -159.581763286 22.122247766, -159.582157409 22.1224314987, -159.582379043 22.1224087058, -159.582625293 22.122248287, -159.582920994 22.1217208802, -159.583265666 22.1213770759, -159.583315116 22.1212392764, -159.583709065 22.1208726358, -159.584029251 22.1208729831, -159.584300161 22.1211023017, -159.584250885 22.1213775535, -159.584004635 22.1216526751, -159.584004635 22.1218821673, -159.584226225 22.122111486, -159.584866294 22.1223181853, -159.58614704 22.1222499367, -159.587748146 22.1217922981, -159.588979442 22.1215176975, -159.590013764 22.1215180448, -159.591836156 22.1223446685, -159.592599437 22.1228262723, -159.592944284 22.1228038267, -159.593363022 22.1226430606, -159.593436785 22.1224828154, -159.593683209 22.1222765936, -159.594348241 22.1220246557, -159.594717704 22.121818434, -159.595949347 22.1213831106, -159.596983669 22.1212459623, -159.597968541 22.1214526617, -159.598535325 22.1216595347, -159.599273946 22.1215681458, -159.60067773 22.1209262968, -159.601786335 22.1206974558, -159.602327982 22.1206974558, -159.604076439 22.1208818398, -159.604544324 22.1210653989, -159.605012208 22.1214555271, -159.604963062 22.1216620527, -159.604741124 22.1218913713, -159.604150375 22.1221892858, -159.603386616 22.1222578383, -159.603386616 22.1225101235, -159.603756253 22.1229686305, -159.603829841 22.1231753298, -159.603805181 22.1234963412, -159.603361783 22.1238401454, -159.602893898 22.1239546745, -159.601096165 22.1239080467, -159.59998756 22.1243432397, -159.599273425 22.1243888256, -159.597401756 22.1238834303, -159.595800998 22.1241809541, -159.59410147 22.1239737771, -159.593584309 22.1240654699, -159.592919276 22.124684222, -159.592820551 22.1248676074, -159.592549988 22.1249822668, -159.590554933 22.1250042348, -159.589545054 22.1251182429, -159.589224868 22.124980617, -159.58846163 22.1242922704, -159.586787066 22.1239015344, -159.584989159 22.1230061846, -159.584201088 22.1230288038, -159.583388401 22.1233035347, -159.582969792 22.1236014492, -159.580851004 22.1256870242, -159.578634185 22.1273598953, -159.578559902 22.1274975212, -159.578609352 22.1278874323, -159.579249421 22.1282088344, -159.581244128 22.1288977888, -159.582303283 22.1286691648, -159.58286972 22.1282795576, -159.583805793 22.1279132643, -159.584544762 22.1277530191, -159.585185135 22.127753323, -159.585850168 22.1279142629, -159.585997996 22.1280748553, -159.585997822 22.1283040437, -159.58589927 22.1283957364, -159.584445862 22.1287159229, -159.583953144 22.1291745601, -159.583682277 22.1299083189, -159.583091007 22.1308023229, -159.582869026 22.131650741, -159.582499389 22.1323383929, -159.582154587 22.132659274, -159.581711014 22.1328884189, -159.580627373 22.1328877677, -159.580479718 22.1327043823, -159.580085422 22.1325432688))
POLYGON ((-159.427833491 22.1748654911, -159.427537964 22.1755070362, -159.425912546 22.1772027002, -159.425641983 22.177729586, -159.425642157 22.1781653, -159.425715919 22.1782112332, -159.425765195 22.1785550375, -159.426554091 22.1795404302, -159.426874625 22.1797699225, -159.427318371 22.1803429152, -159.427392307 22.1805720601, -159.427367994 22.1810992932, -159.42655509 22.1816721122, -159.42655509 22.1818554976, -159.426284179 22.1824283166, -159.425865788 22.1829324094, -159.42556974 22.1828866499, -159.425347932 22.1824051763, -159.42500313 22.1820613721, -159.423351879 22.1814422726, -159.422464909 22.1807774136, -159.421700455 22.1798376501, -159.421306333 22.179654091, -159.42002511 22.1795848439, -159.419630987 22.179447218, -159.419335287 22.1792410396, -159.419187415 22.1789427778, -159.419187241 22.1787138065, -159.418817432 22.1778199762, -159.418693698 22.1772008768, -159.418669082 22.1768342361, -159.418373338 22.1764446723, -159.418052848 22.1756652843, -159.41780625 22.174565102, -159.417362504 22.1739691427, -159.417337671 22.1736484353, -159.417756106 22.1730754861, -159.417460579 22.1727773979, -159.417681692 22.1710126605, -159.418149751 22.1708524153, -159.418198679 22.1705086111, -159.418494553 22.1700045182, -159.418912988 22.1695917708, -159.419307111 22.1693855924, -159.419873374 22.1689274327, -159.421622352 22.1681944988, -159.42233666 22.1681487393, -159.423494715 22.1684241648, -159.425613633 22.1686077239, -159.426599199 22.1685623116, -159.427190296 22.1687456971, -159.42751096 22.1690665782, -159.427733246 22.170877379, -159.428029163 22.1719318452, -159.428128063 22.1723443756, -159.42810375 22.173009061, -159.42802964 22.1731237637, -159.427833491 22.1748654911))
POLYGON ((-159.611118761 22.1370986427, -159.610823364 22.1376260495, -159.610182818 22.1381990421, -159.608778513 22.1390013534, -159.607522557 22.1391154917, -159.606561998 22.1390003548, -159.605921451 22.1387938291, -159.60513338 22.1383576375, -159.604690329 22.1378530237, -159.604542283 22.137554979, -159.604419245 22.136889599, -159.604813541 22.1367980799, -159.605626228 22.1369130865, -159.606291087 22.1368904673, -159.606857568 22.1367759382, -159.607793814 22.1361342195, -159.608237387 22.1356987225, -159.608631162 22.1355383036, -159.609148496 22.1354697078, -159.609345471 22.1356532669, -159.609764209 22.1355386076, -159.610650876 22.1346447772, -159.611168384 22.1343235923, -159.611562333 22.134277963, -159.611882519 22.1344616957, -159.612276468 22.1349663096, -159.612350361 22.1354707063, -159.612301258 22.1359984604, -159.611266589 22.1370528832, -159.611118761 22.1370986427))
POLYGON ((-159.612989909 22.1460436751, -159.614812822 22.1462966115, -159.614985484 22.1464569001, -159.61500997 22.1472826555, -159.614788336 22.1477639555, -159.614295661 22.1482224624, -159.613088331 22.1490472193, -159.612497408 22.1493453075, -159.611955587 22.1495972453, -159.610723466 22.1503762861, -159.610132369 22.1509950383, -159.609886119 22.1517973495, -159.609738247 22.1529666053, -159.609738247 22.1545715751, -159.609466989 22.1555572718, -159.608974315 22.1561302644, -159.60823539 22.1566573238, -159.607422311 22.1569776839, -159.60660945 22.157069203, -159.605451743 22.1570688991, -159.6044169 22.1571830374, -159.603480827 22.1570908237, -159.602544537 22.1574802573, -159.601411316 22.1582363314, -159.600475069 22.1586714811, -159.599539126 22.1589232887, -159.598726091 22.1592436488, -159.598134821 22.1597708819, -159.597346446 22.1601602721, -159.596508751 22.1603663202, -159.596090143 22.1602742801, -159.595449596 22.1597237765, -159.595055647 22.1591045034, -159.594908123 22.1583707446, -159.594365998 22.1577972744, -159.594045985 22.1572928342, -159.593849185 22.1566048784, -159.593553441 22.1559856052, -159.591583394 22.1530499189, -159.590893875 22.1518115897, -159.590746177 22.1516739638, -159.59042599 22.1510546906, -159.590352228 22.1510318977, -159.589613476 22.1496328023, -159.588603945 22.1481649374, -159.588283758 22.147545534, -159.587791387 22.1469723677, -159.587643559 22.1466511827, -159.587323546 22.1463296504, -159.585870616 22.1438982306, -159.58582147 22.1433936167, -159.586289702 22.1426140984, -159.586388428 22.1422702942, -159.586314492 22.1419033496, -159.586019139 22.141651021, -159.585723569 22.1411233103, -159.585773062 22.1406418368, -159.586216765 22.1397706257, -159.586167315 22.1392660553, -159.586315187 22.1388533079, -159.585404425 22.1379356861, -159.585182617 22.1375226347, -159.58528169 22.1361238432, -159.585478491 22.1360323242, -159.585897577 22.1352985654, -159.586267257 22.1342667619, -159.586267387 22.133670629, -159.586390469 22.1332350886, -159.586636893 22.1329140773, -159.586735445 22.1326388255, -159.587869014 22.1312864882, -159.587942776 22.1310340293, -159.588509387 22.1301857849, -159.588682048 22.1300484629, -159.588706708 22.1299338036, -159.589100657 22.1297046586, -159.589790306 22.1297966986, -159.590307337 22.1303933091, -159.592080757 22.1310134071, -159.592647194 22.1310135808, -159.592893488 22.1309448547, -159.593460099 22.1302799957, -159.593927983 22.1299592882, -159.596169288 22.1302355386, -159.596982149 22.1301440195, -159.599371153 22.129640795, -159.599789935 22.1294343995, -159.600479584 22.1286091217, -159.600701392 22.128311077, -159.600972302 22.1282425245, -159.601144617 22.128403117, -159.601144617 22.1287928545, -159.60082443 22.1296640655, -159.600750321 22.1302375791, -159.600232986 22.131269209, -159.600060498 22.1318425489, -159.600183536 22.1320031414, -159.601488768 22.132462126, -159.60161198 22.1325769589, -159.60158719 22.1329440771, -159.601316454 22.1331274625, -159.59988801 22.1331497779, -159.598188308 22.1337680091, -159.597769569 22.1337678788, -159.597301511 22.1333777507, -159.596858286 22.1328731802, -159.596538404 22.1327125877, -159.595799478 22.1320012746, -159.595233041 22.1316569493, -159.594469587 22.1314499461, -159.593607623 22.131472739, -159.593114731 22.1317017103, -159.592893314 22.1319538653, -159.592696166 22.1328711831, -159.59230187 22.1330773615, -159.592227934 22.1335589653, -159.592301523 22.1339946794, -159.592104549 22.1344990761, -159.591168475 22.1353471903, -159.590453993 22.136126535, -159.590207569 22.1366768649, -159.590207395 22.1372729978, -159.590527278 22.1379611707, -159.590650316 22.1384427746, -159.590428508 22.1392454331, -159.58998511 22.1402998559, -159.590083532 22.1409650623, -159.591019258 22.1418141316, -159.59114247 22.1420207007, -159.591290168 22.1423189191, -159.591585391 22.1426630707, -159.591782365 22.142984082, -159.591807025 22.1433281033, -159.591880917 22.1433740365, -159.591831467 22.1439473331, -159.591683639 22.1441537285, -159.591166608 22.1444284593, -159.589417848 22.1441295897, -159.588062819 22.143716191, -159.587570101 22.1434635585, -159.587324024 22.1435322846, -159.587249914 22.1436238037, -159.587274748 22.1438531223, -159.587447062 22.1441055811, -159.587939607 22.1445185023, -159.589959147 22.1454369923, -159.593111909 22.1459202894, -159.594171195 22.1457370342, -159.595525876 22.1457379025, -159.596265019 22.1458528657, -159.596437507 22.1459906653, -159.596215699 22.1463345129, -159.595353388 22.1464716178, -159.5933335 22.1465624857, -159.593013487 22.1466998077, -159.592988524 22.147020819, -159.59306246 22.1470895451, -159.593086902 22.1474563594, -159.593259608 22.147594159, -159.593234774 22.1476628851, -159.593875147 22.1486946886, -159.594096781 22.1492683325, -159.59417037 22.1500476771, -159.594293408 22.1504376316, -159.594663218 22.1503460692, -159.594687878 22.1498416724, -159.594983405 22.1494750318, -159.595106443 22.1492229203, -159.595303765 22.1488790726, -159.596560198 22.1476417419, -159.597225578 22.1471834086, -159.598186311 22.1462895783, -159.598358625 22.1459456004, -159.598604876 22.145831245, -159.598974556 22.145831245, -159.59914687 22.1459229811, -159.599590269 22.1467261172, -159.599762627 22.1468637431, -159.600501726 22.1466805314, -159.600723186 22.1468181573, -159.600821565 22.1473684872, -159.601018713 22.1475978492, -159.601215687 22.1476897156, -159.601733022 22.1476440863, -159.601880893 22.1475066341, -159.601880893 22.1471626562, -159.602053555 22.1470021939, -159.60227532 22.1463831379, -159.602669095 22.145764212, -159.60284193 22.1455808266, -159.603950362 22.1448242749, -159.604196612 22.1447327124, -159.604837159 22.1439763344, -159.605182178 22.143334138, -159.605502191 22.1429217379, -159.605650237 22.1428300452, -159.605871827 22.1428530118, -159.60599504 22.1431280899, -159.606019526 22.143426482, -159.60619184 22.1435641079, -159.606413474 22.1446648546, -159.606216326 22.145169425, -159.605698992 22.1456277583, -159.60431952 22.146407103, -159.603358787 22.1465900109, -159.602989455 22.1467963629, -159.602866243 22.1470025412, -159.602866069 22.1472088933, -159.603087877 22.1473466928, -159.604245758 22.1474157663, -159.604540981 22.1476911917, -159.604615047 22.147851654, -159.604615047 22.1483560507, -159.604245411 22.1493188242, -159.604294513 22.1495711094, -159.604811848 22.1501901655, -159.604811848 22.1505341869, -159.604516321 22.1510384534, -159.602643957 22.1527572142, -159.602274321 22.1535137659, -159.602298981 22.1537657472, -159.60266827 22.1540871059, -159.603062566 22.1542019388, -159.603481131 22.1541793196, -159.603825977 22.1540186837, -159.604047915 22.1537897124, -159.604392761 22.1530331606, -159.604614569 22.1528958821, -159.605156346 22.1531248533, -159.605501193 22.153033508, -159.605673855 22.1528730457, -159.605796893 22.1524834819, -159.605673855 22.1519790417, -159.605673855 22.1513370191, -159.606388511 22.1498010793, -159.606462447 22.1497553198, -159.606462447 22.1495950746, -159.606708697 22.1492970299, -159.6070535 22.1493201267, -159.607866578 22.1495955956, -159.608679439 22.1497563183, -159.608974662 22.149985854, -159.60895035 22.1503524512, -159.608482118 22.1513383215, -159.607644293 22.1541350361, -159.607668909 22.1545018504, -159.60791516 22.1546166834, -159.60826018 22.1544790575, -159.608383044 22.1542041096, -159.608530916 22.1540436908, -159.608703752 22.1533558652, -159.608678918 22.1529890509, -159.608752681 22.1529432914, -159.608802174 22.1523931351, -159.608950002 22.1523014424, -159.6090977 22.151843109, -159.609270362 22.1514990877, -159.609516787 22.150971898, -159.609812357 22.1495276943, -159.609836973 22.1486335167, -159.610083571 22.1478538247, -159.610354481 22.1474640439, -159.611117892 22.1469371581, -159.612226497 22.146295613, -159.612571474 22.1460203612, -159.612989909 22.1460436751))
POLYGON ((-115.444208622 46.0802508593, -115.445429802 46.0804307461, -115.446810722 46.080914855, -115.447595596 46.0815557241, -115.448023796 46.0820288658, -115.448847771 46.0824906826, -115.451014042 46.0828797817, -115.451830864 46.0834207535, -115.452715874 46.0837677717, -115.454950809 46.0842485428, -115.459452152 46.085549593, -115.461093426 46.0859155655, -115.461718559 46.0859614611, -115.463984489 46.0862135887, -115.465762138 46.0862393379, -115.466616631 46.0861253738, -115.468188763 46.0856413841, -115.468913555 46.0852744579, -115.46973753 46.0846983194, -115.471347332 46.084061265, -115.472163677 46.0839014053, -115.473483562 46.0840843916, -115.474299908 46.084408164, -115.478274822 46.0862811804, -115.479426861 46.0865751505, -115.481892109 46.0868692398, -115.482448101 46.0867772102, -115.483662128 46.0862970352, -115.485569 46.0851519108, -115.486194134 46.0849269629, -115.488331318 46.0845609903, -115.490459442 46.0845148563, -115.493709564 46.0840537548, -115.495617867 46.0839618444, -115.496410847 46.0840537548, -115.499035835 46.084671855, -115.50098896 46.0856516361, -115.502926826 46.0868376493, -115.503422737 46.0869988203, -115.505161762 46.0873186588, -115.50581789 46.0872995853, -115.508312702 46.0869104862, -115.514554024 46.0854982138, -115.515576363 46.0853382349, -115.516560078 46.0853152275, -115.518300056 46.0857502222, -115.520009041 46.087215066, -115.520924091 46.0882871151, -115.520963192 46.0884971619, -115.521152973 46.0886801481, -115.521977425 46.0904612541, -115.522763252 46.0915070772, -115.523915291 46.0924031734, -115.524472237 46.0926702023, -115.525456429 46.0926588774, -115.525884628 46.0924299955, -115.525884628 46.0921320915, -115.525624275 46.0917429924, -115.52565527 46.0911480188, -115.526212215 46.0902129412, -115.526608467 46.089640975, -115.527730465 46.0884468555, -115.528119564 46.0881989002, -115.529530525 46.087695837, -115.530621529 46.0874857903, -115.531011581 46.0875087976, -115.532987595 46.088198781, -115.535512447 46.0885835886, -115.536565304 46.088912487, -115.53745079 46.0896445513, -115.539876461 46.0918796062, -115.540303707 46.0922465324, -115.540799618 46.0928374529, -115.542836666 46.094691515, -115.543134689 46.095259428, -115.543363571 46.0954694748, -115.543820858 46.0969076157, -115.54404974 46.0971784592, -115.544377804 46.0971405506, -115.544278622 46.0966135263, -115.544606686 46.096549511, -115.545331955 46.0971446037, -115.546483517 46.0978684425, -115.549039841 46.0991504192, -115.552069187 46.1009093523, -115.553152084 46.1014353037, -115.553967953 46.1015993357, -115.554495335 46.1015231609, -115.556204319 46.1007102728, -115.557913303 46.1007940769, -115.55946207 46.1010731459, -115.560247421 46.1014162302, -115.561460018 46.1023049355, -115.561857224 46.1026250124, -115.562185287 46.1031520367, -115.562155247 46.1038799286, -115.561758518 46.1045401096, -115.561727047 46.1049561501, -115.561460018 46.1051851511, -115.561499119 46.1056621075, -115.561659336 46.1058260202, -115.561590195 46.1067641973, -115.56152916 46.1070120335, -115.561758518 46.1079511642, -115.562155724 46.1087481976, -115.562582493 46.1090071201, -115.563498497 46.1091370583, -115.564520359 46.1095070839, -115.565573692 46.1097360849, -115.568792343 46.1106969118, -115.569380283 46.1109448671, -115.570303917 46.1112618446, -115.571127892 46.111841917, -115.572836399 46.1133029461, -115.573065281 46.1140960455, -115.573225498 46.1146038771, -115.573034763 46.1151759624, -115.572737694 46.115244031, -115.572309494 46.1155649424, -115.571585655 46.1168160439, -115.570929527 46.1176440716, -115.570829391 46.1179109812, -115.570959568 46.1185361147, -115.571714878 46.119928956, -115.572439671 46.1206610203, -115.572966576 46.12086308, -115.573660851 46.1209089756, -115.576185703 46.1208250523, -115.578291893 46.1210467815, -115.580985069 46.1212068796, -115.581480503 46.1213937998, -115.582891941 46.1213667393, -115.584800243 46.121801734, -115.585685253 46.1221635342, -115.586210728 46.1224876642, -115.586576939 46.1231286526, -115.586637974 46.1237885952, -115.586836815 46.1243386269, -115.587333202 46.124902606, -115.587629795 46.1251965761, -115.589011192 46.1272835732, -115.589437962 46.1276495457, -115.591544151 46.1284466982, -115.592826366 46.1295605898, -115.593780041 46.1302475929, -115.594634056 46.1311136484, -115.595817089 46.1326695681, -115.596053123 46.1332184076, -115.595984459 46.1335624456, -115.595168114 46.1345696449, -115.593551159 46.1363316774, -115.593359947 46.1367857456, -115.593359947 46.1379297972, -115.594314098 46.1389148235, -115.594771385 46.1391626596, -115.595824242 46.1395965815, -115.597007275 46.1396386623, -115.597631931 46.1396926641, -115.599431038 46.1395533085, -115.600203991 46.1394934654, -115.600486755 46.1393946409, -115.602462292 46.1373153925, -115.602820396 46.136724472, -115.603942394 46.1358773708, -115.604239464 46.1357403994, -115.606010437 46.1354882717, -115.606673241 46.1353281736, -115.609267712 46.1340230703, -115.610389709 46.1333860159, -115.611205578 46.1330660582, -115.612296581 46.1328830719, -115.61357832 46.1328830719, -115.614791393 46.1331839561, -115.615943432 46.1331568956, -115.617621899 46.1334319115, -115.620246887 46.1336607933, -115.623802185 46.1342787743, -115.625968933 46.1344616413, -115.628135681 46.1348276138, -115.629058838 46.1350985765, -115.629256725 46.1353045702, -115.629356384 46.1357165575, -115.629653931 46.136017561, -115.630310059 46.1362886429, -115.631591797 46.1367465258, -115.633002758 46.1370434761, -115.634124756 46.1370434761, -115.635307312 46.1368644238, -115.637901306 46.1359943151, -115.639809132 46.1356471777, -115.642241955 46.135441184, -115.643097401 46.1352580786, -115.644219398 46.1344841719, -115.644875526 46.1343880892, -115.647568226 46.1341860294, -115.64868927 46.1342549324, -115.649643421 46.1344798803, -115.65049839 46.1348229647, -115.653328419 46.1353038549, -115.654572964 46.1358988285, -115.656052589 46.1360816956, -115.656616688 46.1363296509, -115.657631397 46.1361737251, -115.662201881 46.1374516487, -115.665855885 46.1377904415, -115.666344643 46.1378135681, -115.667793751 46.1376373768, -115.669762611 46.1374053955, -115.673219204 46.1368252039, -115.674928188 46.1366882324, -115.676606178 46.1365041733, -115.680123329 46.1362529993, -115.681535244 46.1363400221, -115.682946205 46.1362990141, -115.683999062 46.1364780664, -115.685151577 46.1368479729, -115.686273098 46.1370728016, -115.686830521 46.1373246908, -115.688279152 46.1383998394, -115.688806057 46.1387317181, -115.689065456 46.1387627125, -115.690545559 46.1392657757, -115.692124367 46.1393806934, -115.695314407 46.1392846107, -115.696008205 46.1394906044, -115.697915554 46.1395784616, -115.699983597 46.1401054859, -115.701699734 46.1410396099, -115.702088833 46.141176343, -115.704003334 46.1420423985, -115.704530716 46.1420464516, -115.705346584 46.1423674822, -115.708047867 46.142752409, -115.71018362 46.1432292461, -115.710580826 46.1434812546, -115.713311672 46.1439801455, -115.71393013 46.1442360878, -115.714754105 46.1447581053, -115.71518898 46.1451672316, -115.715876102 46.1455790997, -115.716997147 46.1460360289, -115.717355728 46.1464031935, -115.718050003 46.1468831301, -115.719034195 46.1472461224, -115.719599247 46.1472001076, -115.719957829 46.1472910643, -115.719987869 46.1474971771, -115.720385075 46.1477949619, -115.72094202 46.1479779482, -115.723482132 46.1491609812, -115.724466324 46.1494810581, -115.725191116 46.1495499611, -115.726473331 46.1493899822, -115.727952957 46.1488816738, -115.732584 46.1470547915, -115.733240128 46.1465475559, -115.734194279 46.1453835964, -115.734553337 46.1444414854, -115.734911442 46.1428655386, -115.735041142 46.1415846348, -115.735300541 46.1406913996, -115.735796452 46.1402333975, -115.737696171 46.1390893459, -115.739870548 46.138040185, -115.741739273 46.136873126, -115.744929314 46.1361550093, -115.745943546 46.1359260082, -115.748743534 46.1357198954, -115.749598503 46.1356519461, -115.750979424 46.1353307962, -115.751887798 46.1350756884, -115.752482414 46.1347057819, -115.755381584 46.1321725845, -115.755839825 46.1317876577, -115.756563663 46.1312375069, -115.757288933 46.1308984756, -115.757715702 46.1306004524, -115.758967876 46.1291854382, -115.760386944 46.1279262304, -115.763415813 46.1249121428, -115.764139652 46.1241570711, -115.766115665 46.1228328943, -115.766940117 46.1224939823, -115.767763615 46.1218069792, -115.768450737 46.1215139627, -115.768877983 46.1212157011, -115.769304752 46.1212157011, -115.769793987 46.1209148169, -115.770525932 46.1204608679, -115.771410942 46.1201207638, -115.772830009 46.1197357178, -115.773844719 46.1194375753, -115.775393963 46.1191635132, -115.777202129 46.1190984249, -115.77858305 46.1190984249, -115.779109001 46.1192543507, -115.77996397 46.1191673279, -115.780459881 46.1193083525, -115.781214714 46.1193042994, -115.782100201 46.1195143461, -115.783053875 46.1202614307, -115.783244133 46.1203342676, -115.784198284 46.1208872795, -115.786334038 46.1224660873, -115.78702116 46.1233092546, -115.787547112 46.1245222092, -115.787547112 46.1249113083, -115.788036346 46.1258273125, -115.788730145 46.1264643669, -115.788989067 46.127818346, -115.789515972 46.1288903952, -115.790202141 46.1296653748, -115.790660381 46.1309503317, -115.790790081 46.1317023039, -115.790950298 46.1319572926, -115.791347027 46.1322513819, -115.791605949 46.1322972775, -115.791843414 46.1325032711, -115.792102337 46.1329153776, -115.792659283 46.1333953142, -115.794337273 46.1344714165, -115.795192242 46.1348142624, -115.797557354 46.1353871822, -115.799007416 46.1359170675, -115.799464226 46.1362330914, -115.800349236 46.1366231441, -115.801105499 46.1366910934, -115.802715302 46.1371949911, -115.805476189 46.138479948, -115.808139324 46.1393959522, -115.810535431 46.140562892, -115.812045574 46.1415017843, -115.813037395 46.1425508261, -115.813792229 46.1431498528, -115.814609528 46.1435117722, -115.815990448 46.144289732, -115.816745281 46.1444958448, -115.817569256 46.144518733, -115.819049358 46.1444996595, -115.824313641 46.1450484991, -115.827861786 46.1458494663, -115.829074383 46.1463763714, -115.830554485 46.1467692852, -115.83124876 46.147036314, -115.831577778 46.1470403671, -115.832301617 46.1472232342, -115.835292816 46.1473140717, -115.836772919 46.147154212, -115.837756634 46.1467231512, -115.839206696 46.1456699371, -115.83953476 46.1452850103, -115.840527058 46.1447809935, -115.841281891 46.14404881, -115.842205048 46.1432927847, -115.845752716 46.1412136555, -115.847034931 46.1406186819, -115.848354816 46.1402565241, -115.850093842 46.1401196718, -115.851215839 46.1402792931, -115.852626801 46.1403484344, -115.856113911 46.1402792931, -115.857464314 46.1404432058, -115.859074116 46.1404622793, -115.860713959 46.1402601004, -115.862225056 46.1401910782, -115.86381197 46.1398251057, -115.866009235 46.1395038366, -115.868771076 46.1390007734, -115.870449066 46.1389776468, -115.871403217 46.139095664, -115.874691486 46.1397557259, -115.875973225 46.1399385929, -115.87985611 46.1405113935, -115.884754181 46.1409454346, -115.886921406 46.1412161589, -115.889881134 46.1417691708, -115.891888618 46.1420171261, -115.894818306 46.1427959204, -115.895603657 46.1429290771, -115.897877216 46.1438939571, -115.898693562 46.1444629431, -115.899884224 46.1458318233, -115.900440216 46.1468389034, -115.901364326 46.1481440067, -115.90334034 46.1496510506, -115.905705452 46.1512259245, -115.906887531 46.1518019438, -115.90728426 46.1518900394, -115.90853548 46.1519618034, -115.911068439 46.1514778137, -115.912251472 46.1511378288, -115.913632393 46.1504015923, -115.916554451 46.149074316, -115.917546749 46.1487804651, -115.918659687 46.1486203671, -115.919255733 46.1485472918, -115.920407772 46.1486623287, -115.922085762 46.1485702991, -115.924084663 46.1481581926, -115.92513752 46.1481120586, -115.926457882 46.148520112, -115.928890705 46.1487259865, -115.929745674 46.1490240097, -115.930768013 46.1495280266, -115.930928707 46.1500080824, -115.931126595 46.1501231194, -115.931469917 46.1501680613, -115.932148933 46.1504850388, -115.933064938 46.1505539417, -115.933659554 46.1507829428, -115.935369015 46.1507140398, -115.935665607 46.150526762, -115.935833931 46.1503207684, -115.935795784 46.1487038136, -115.936154842 46.1481306553, -115.936551094 46.1480396986, -115.937008858 46.1473257542, -115.938260078 46.1458425522, -115.938885689 46.1446094513, -115.9390769 46.1438775063, -115.939305782 46.1428933144, -115.939343929 46.1421375275, -115.939602852 46.1405622959, -115.939930916 46.1398073435, -115.940159798 46.1392343044, -115.941243172 46.1376322508, -115.942425728 46.1368771791, -115.942494869 46.1366251707, -115.943311214 46.1360989809, -115.94567585 46.1344999075, -115.946233273 46.1342489719, -115.948568344 46.1339017153, -115.949987411 46.1338096857, -115.951398373 46.1342636347, -115.952054024 46.134377718, -115.953107357 46.1345416307, -115.953962326 46.1347476244, -115.955343246 46.1345835924, -115.958341122 46.1347866058, -115.959554195 46.1346943378, -115.961294174 46.1344463825, -115.961789131 46.1344693899, -115.963102341 46.13476336, -115.963666439 46.1350113153, -115.964216232 46.1353623867, -115.964452267 46.1354683638, -115.966100216 46.1365174055, -115.966298103 46.1368614435, -115.966665745 46.1388943195, -115.96630621 46.1415953636, -115.965847969 46.1433805227, -115.965650082 46.1439486742, -115.965688229 46.1444985867, -115.965452194 46.1449337006, -115.965520382 46.1457346678, -115.966016293 46.1465315819, -115.966672421 46.1466236115, -115.967199326 46.147103548, -115.967923164 46.147603631, -115.969441891 46.1482906342, -115.971319199 46.1487214565, -115.972005367 46.1486566067, -115.973714352 46.1481033564, -115.974500179 46.1479883194, -115.975362301 46.1476912498, -115.97801733 46.1465421915, -115.980054379 46.1452610493, -115.980170727 46.1450917721, -115.980321407 46.1448721886, -115.980451584 46.1442348957, -115.980504513 46.1386988163, -115.98079443 46.1370778084, -115.98129034 46.1357767582, -115.981412888 46.1328476667, -115.981313705 46.1323705912, -115.980726719 46.1314315796, -115.97910881 46.1303825378, -115.978284359 46.1296966076, -115.97785759 46.1290826797, -115.977689743 46.1285516024, -115.977720737 46.1258352995, -115.978017807 46.1248973608, -115.978208542 46.1242563725, -115.978704453 46.1234554052, -115.980214596 46.1219711304, -115.980833054 46.1210740805, -115.981131077 46.120552063, -115.980932713 46.1201630831, -115.980665684 46.1199570894, -115.980764866 46.1193430424, -115.980764866 46.1181489229, -115.981023788 46.1176680326, -115.982633591 46.1154748201, -115.983121872 46.1143757105, -115.983084202 46.1130747795, -115.982000828 46.1128457785, -115.980649948 46.1115217209, -115.980619907 46.1112247705, -115.980390549 46.1109267473, -115.980352879 46.1098517179, -115.97999382 46.1090726852, -115.97999382 46.1087337732, -115.980512619 46.1089167595, -115.980779648 46.1093057394, -115.981931686 46.109965682, -115.982389927 46.1103777885, -115.983449936 46.1125026941, -115.983648777 46.1126396656, -115.983847141 46.1129837036, -115.983808517 46.1140096188, -115.98335886 46.1154477596, -115.982175827 46.1173479557, -115.981717587 46.1183320284, -115.981519699 46.1207351685, -115.981458664 46.1210970879, -115.981070042 46.1218341589, -115.979787827 46.1234092712, -115.979192734 46.1238442659, -115.978635788 46.1248934269, -115.978277683 46.1258584261, -115.978315353 46.1263124943, -115.978116512 46.1271135807, -115.978216648 46.1284645796, -115.978353977 46.128872633, -115.978811741 46.1294445992, -115.97923851 46.1298105717, -115.981145859 46.1311116219, -115.981969357 46.1319584846, -115.982068539 46.1323894262, -115.982007504 46.1338965893, -115.981878281 46.1361167431, -115.981229782 46.1388138533, -115.981199741 46.1406909227, -115.981328487 46.141376853, -115.981771469 46.1420789957, -115.982091427 46.1425869465, -115.982320309 46.1441659927, -115.982518196 46.1447569132, -115.982769489 46.1451940536, -115.983083248 46.1451649666, -115.986097336 46.1450129747, -115.98923254 46.1457787752, -115.990781307 46.1463748217, -115.993444443 46.1469657421, -115.996244431 46.1481057405, -115.997526646 46.1491327286, -115.998021603 46.1497727633, -115.998121262 46.1506617069, -115.998220921 46.1507767439, -115.998128414 46.1517107487, -115.998227596 46.1517796516, -115.998227596 46.1521958113, -115.997869492 46.1529468298, -115.997014523 46.1541148424, -115.996358395 46.154640913, -115.996091366 46.1550530195, -115.995603561 46.1554880142, -115.993894577 46.1567242146, -115.992215633 46.1583492756, -115.991330624 46.1596763134, -115.991071224 46.1610692739, -115.991338253 46.162076354, -115.991666317 46.1624654531, -115.992719173 46.1632164717, -115.995122433 46.1646323204, -115.995717525 46.1651313305, -115.997175217 46.1672604084, -115.997670174 46.1683094501, -115.998327255 46.1690194607, -116.000631332 46.170892477, -116.000982285 46.170953393, -116.001569271 46.171346426, -116.002752304 46.1725783348, -116.003347397 46.17367661, -116.003507137 46.1745696068, -116.003446579 46.1749736071, -116.003263474 46.1755844355, -116.001554012 46.1788415909, -116.001485348 46.1795247793, -116.001523018 46.1799638271, -116.001485348 46.1801618338, -116.001455307 46.1803257465, -116.001355171 46.1808757782, -116.001447201 46.1822259426, -116.002240181 46.1831148863, -116.003552914 46.1840800047, -116.004995346 46.1856819391, -116.006474972 46.1871199608, -116.007581234 46.1879290342, -116.009068966 46.1890199184, -116.009824276 46.1895689964, -116.01166296 46.1903018951, -116.017521858 46.1930289268, -116.019917965 46.195229888, -116.020596981 46.1960470676, -116.021031857 46.1965769529, -116.021787167 46.1986789703, -116.021886349 46.1998001337, -116.021581173 46.2000901699, -116.020994186 46.2006472349, -116.020696163 46.2007621527, -116.020429134 46.2011932135, -116.019413948 46.2019481659, -116.017956734 46.2036383152, -116.017034054 46.2043443918, -116.016736031 46.2048014402, -116.016210079 46.2051643133, -116.013897896 46.207655549, -116.01321888 46.2083005905, -116.011892319 46.2095518112, -116.011586189 46.2104218006, -116.010900021 46.2113138437, -116.010594845 46.2121148109, -116.010266781 46.2129809856, -116.010128498 46.2145340443, -116.010197639 46.2154949903, -116.01065588 46.2170929909, -116.010906696 46.2207102776, -116.011418819 46.2217092514, -116.012876034 46.2245743275, -116.012913704 46.2251354456, -116.013142586 46.2253712416, -116.013623714 46.2262113094, -116.014057636 46.2269734144, -116.016453743 46.2292393446, -116.018460751 46.2305214405, -116.019581795 46.2314333916, -116.022381783 46.2328562737, -116.025074959 46.2340004444, -116.02606678 46.2346874475, -116.026982784 46.2353284359, -116.027050972 46.2354694605, -116.028889656 46.2370214462, -116.029583454 46.2374794483, -116.032185555 46.2388982773, -116.033390522 46.2392764091, -116.034687519 46.2396763563, -116.036068916 46.24000144, -116.036762714 46.2399092913, -116.03850317 46.2407563925, -116.038700581 46.2410954237, -116.039097786 46.2413283587, -116.03955555 46.2413743734, -116.040151119 46.241900444, -116.040577888 46.2421523333, -116.04080677 46.2424504757, -116.041035652 46.2452615499, -116.041264534 46.2459445, -116.041424751 46.2464485168, -116.041622639 46.2479125261, -116.041950703 46.2492365837, -116.04245472 46.2499005795, -116.042813778 46.250266552, -116.044522285 46.2514106035, -116.045910835 46.2520025969, -116.048840523 46.2528985739, -116.051213741 46.2533106804, -116.054310799 46.2531964779, -116.056782722 46.2535204887, -116.058857441 46.2539094687, -116.059887886 46.2542713881, -116.063267708 46.255446434, -116.064884663 46.2557862997, -116.066662788 46.2560833693, -116.071636677 46.2559500933, -116.074139595 46.2564121485, -116.074932575 46.256934166, -116.07571888 46.2577391863, -116.078190804 46.2597231865, -116.079907894 46.260482192, -116.081059933 46.2608671188, -116.084218025 46.2614662647, -116.085339546 46.2618322372, -116.087452888 46.2628130913, -116.088337898 46.2634992599, -116.089199543 46.2638230324, -116.089756966 46.2643501759, -116.090847969 46.2650332451, -116.090939999 46.2653762102, -116.091801643 46.2660403252, -116.092587471 46.2669781446, -116.092526913 46.2671381235, -116.093739986 46.2687143087, -116.093937874 46.2693552971, -116.093937874 46.2698132992, -116.094067574 46.2707973719, -116.094532967 46.2723044157, -116.09508276 46.2734863758, -116.096012592 46.2754814625, -116.097912788 46.2768775225, -116.098156929 46.2769194841, -116.101017952 46.2787815332, -116.102864742 46.2799866199, -116.103886604 46.2810856104, -116.104649544 46.2815625668, -116.106594563 46.2822525501, -116.107121944 46.2825233936, -116.10789156 46.2829246521, -116.108586788 46.2832865715, -116.11011982 46.2840805054, -116.112820625 46.2850644588, -116.113384724 46.2854075432, -116.114041805 46.2856135368, -116.114468575 46.2860405445, -116.114765644 46.2863426208, -116.115193844 46.2873725891, -116.116474628 46.2886155844, -116.117436886 46.2895466089, -116.117703915 46.2899085283, -116.118099689 46.2901645899, -116.118389606 46.2906416655, -116.121197701 46.2931368351, -116.123074532 46.2944366932, -116.124463081 46.2958067656, -116.126011848 46.296905756, -116.126736641 46.2972717285, -116.127194881 46.2976146936, -116.127491951 46.2982978821, -116.127789497 46.2994377613, -116.127690792 46.3007198572, -116.127987862 46.3013188839, -116.128056526 46.3025969267, -116.128613949 46.3046300411, -116.129506111 46.3057482243, -116.12972784 46.3060301542, -116.130726814 46.3072850704, -116.132275581 46.3087011576, -116.133419514 46.3104521036, -116.133991718 46.3113251925, -116.134518623 46.3123782873, -116.13468647 46.312515378, -116.135182858 46.3140492439, -116.135311604 46.3152164221, -116.135708809 46.3162233829, -116.136334419 46.3172264099, -116.136364937 46.3174782991, -116.137852669 46.3195616007, -116.138447762 46.3209725618, -116.139302731 46.3224375248, -116.140461445 46.324062705, -116.140980721 46.3251307011, -116.141583443 46.3263707161, -116.141682625 46.3280416727, -116.141926765 46.3285799026, -116.142506599 46.3298429251, -116.143170357 46.3303688765, -116.143597603 46.3311468363, -116.143994808 46.3316699266, -116.145611286 46.3330198526, -116.147129536 46.3339129686, -116.148022652 46.3348510265, -116.148251534 46.3352398872, -116.148480415 46.3363349438, -116.148648739 46.3377052546, -116.148815632 46.3381210566, -116.149411678 46.3388950825, -116.150296688 46.339490056, -116.151058674 46.3399021626, -116.152050972 46.3406120539, -116.152676582 46.3414131403, -116.152844429 46.3433502913, -116.153042316 46.3436710835, -116.153004646 46.3453652859, -116.153271675 46.3466234207, -116.154072285 46.3481683731, -116.154392242 46.3487906456, -116.155316353 46.3496605158, -116.157299519 46.3510755301, -116.161465168 46.3531814814, -116.162251472 46.3537495136, -116.162747383 46.3543184996, -116.16278553 46.3545925617, -116.163677216 46.355348587, -116.163807392 46.3555775881, -116.165066242 46.3568325043, -116.165493488 46.3579076529, -116.165463448 46.3589147329, -116.166256428 46.3607426882, -116.166455269 46.361795783, -116.166813374 46.362569809, -116.167347431 46.3646298647, -116.167546272 46.3676240444, -116.168362141 46.369051218, -116.169003487 46.3701610565, -116.16946125 46.370527029, -116.169522285 46.3706911802, -116.170452595 46.3713060617, -116.172566414 46.3721710443, -116.174320221 46.372652173, -116.17577076 46.3733122349, -116.176533222 46.3736552, -116.176930428 46.373953104, -116.177098274 46.3749101162, -116.176960468 46.3757572174, -116.176739216 46.3783444166, -116.177532196 46.3803083897, -116.177693367 46.3809683323, -116.177662373 46.3816366196, -116.177563667 46.3832995892, -116.177075386 46.3852676153, -116.176411152 46.386705637, -116.176312447 46.3875758648, -116.176548004 46.3886517286, -116.177075386 46.3896816969, -116.177075386 46.3900669813, -116.178265095 46.3917379379, -116.179775238 46.3932369947, -116.180210114 46.3936719894, -116.18163681 46.3950948715, -116.181965351 46.396116972, -116.182072163 46.3964720964, -116.182865143 46.3989782333, -116.182934284 46.3998942375, -116.18273592 46.4002830982, -116.182804108 46.4008783102, -116.183300495 46.4020423889, -116.184422016 46.4032322168, -116.184887409 46.4034342766, -116.185184956 46.4037582874, -116.186306 46.4046474695, -116.188457966 46.4057884216, -116.189548969 46.4067263603, -116.189517975 46.4068183899, -116.191006184 46.4081183672, -116.191432953 46.4087594748, -116.19269228 46.4098544121, -116.192790985 46.4101295471, -116.193012238 46.4103126526, -116.19318819 46.410453558, -116.193386078 46.4105834961, -116.193523884 46.4106705189, -116.193653107 46.4107544422, -116.193814278 46.4108614922, -116.194081306 46.4109915495, -116.194226265 46.4110674858, -116.194377899 46.4111405611, -116.194522858 46.4112164974, -116.194668293 46.411288619, -116.194821358 46.4113615751, -116.195003986 46.4114525318, -116.195217133 46.4116134644, -116.195339203 46.4117045403, -116.195462227 46.4118006229, -116.195590973 46.4118915796, -116.195713043 46.41198349, -116.195835114 46.4120744467, -116.195957184 46.4121705294, -116.196086884 46.4122616053, -116.196208954 46.4123536348, -116.196331024 46.4124484062, -116.196453094 46.412540555, -116.196575165 46.4126315117, -116.196705341 46.4127235413, -116.196827412 46.4128184319, -116.196987152 46.4129405022, -116.197254181 46.4130555391, -116.197323322 46.4131885767, -116.199177265 46.4144436121, -116.201420307 46.4155426025, -116.202648163 46.4165495634, -116.203839302 46.4170305729, -116.204960346 46.4177126884, -116.204998016 46.4179185629, -116.205142975 46.4180375338, -116.205257893 46.4181325436, -116.205379963 46.4182276726, -116.205494404 46.4183235168, -116.205616474 46.4184185266, -116.205731392 46.4185136557, -116.205852985 46.4186094999, -116.205967426 46.4187046289, -116.20608902 46.4188005924, -116.206203938 46.4188957214, -116.206326008 46.4189945459, -116.206439972 46.4190897942, -116.206562042 46.4191857576, -116.206745148 46.41933465, -116.206875324 46.419482708, -116.20697403 46.4195896387, -116.207066059 46.4196966887, -116.207157135 46.4198037386, -116.207257271 46.4199107885, -116.207348347 46.4200206995, -116.207447052 46.4201276302, -116.207539082 46.4202347994, -116.207630157 46.4203417301, -116.207730293 46.4204477072, -116.207820892 46.4205588102, -116.207920074 46.420665741, -116.208012104 46.4207726717, -116.20810318 46.4208797216, -116.208203316 46.4209858179, -116.208293915 46.4210927486, -116.208386421 46.4211996794, -116.208485126 46.4213066101, -116.208576202 46.4214137793, -116.208736897 46.4215966463, -116.208966255 46.4217067957, -116.209042072 46.4218137264, -116.209125996 46.4219247103, -116.209201813 46.4220386744, -116.20936203 46.4222565889, -116.20945406 46.4225047827, -116.209529877 46.422736764, -116.209529877 46.4228777885, -116.209529877 46.4231258631, -116.209431171 46.4234699011, -116.209728241 46.4241527319, -116.20973587 46.4257090092, -116.209965229 46.4262119532, -116.209904194 46.4277229309, -116.210163116 46.428276062, -116.210300922 46.4285660982, -116.210796833 46.4296191931, -116.211978912 46.4310342073, -116.212154865 46.4310301542, -116.212154865 46.431240201, -116.212360859 46.4313930273, -116.212521076 46.4315111637, -116.212680817 46.4316902161, -116.212772846 46.4317971468, -116.212872028 46.4319040775, -116.212970734 46.4320111275, -116.213069916 46.4321180582, -116.213161945 46.4322280884, -116.213261127 46.4323350191, -116.213352203 46.4324421883, -116.213452339 46.432549119, -116.213551044 46.432652235, -116.21364212 46.4327591658, -116.213779926 46.4329072237, -116.213848114 46.4331021309, -116.21389389 46.4332282543, -116.213940144 46.4333611727, -116.213940144 46.4335981607, -116.213940144 46.4337271452, -116.213940144 46.4338531494, -116.213940144 46.4339792728, -116.213947773 46.4341051579, -116.213947773 46.4342311621, -116.213947773 46.4344372749, -116.21389389 46.4346052408, -116.21385622 46.4347271919, -116.213818073 46.4348492622, -116.213779926 46.4349753857, -116.213741779 46.4350973368, -116.213702679 46.4352192879, -116.213665009 46.4353452921, -116.213626862 46.4354673624, -116.213588715 46.4355894327, -116.213551044 46.4357153177, -116.213512897 46.435837388, -116.213474751 46.4359593391, -116.213428974 46.4360853434, -116.21339798 46.4362072945, -116.213322163 46.436447382, -116.213191986 46.4366912842, -116.213124275 46.4368103743, -116.21306324 46.4369282722, -116.213002205 46.4370462894, -116.212933064 46.4371644258, -116.212872028 46.4372833967, -116.212810993 46.437405467, -116.212741852 46.4375194311, -116.212680817 46.437638402, -116.212558746 46.4378664494, -116.212543964 46.4381144047, -116.212535858 46.4382404089, -116.212527752 46.438370347, -116.212521076 46.4384963512, -116.21251297 46.4386223555, -116.212505817 46.4387485981, -116.212497711 46.4389195442, -116.212574005 46.4391185045, -116.212611675 46.4392405748, -116.212657928 46.4393626451, -116.212703705 46.439484477, -116.212749958 46.4396106005, -116.212795734 46.4397325516, -116.212841034 46.4398545027, -116.212924957 46.4400874376, -116.213016987 46.4402165413, -116.21310091 46.4403275251, -116.213177204 46.4404414892, -116.213261127 46.4405565262, -116.213336945 46.4406704903, -116.213420868 46.4407814741, -116.213527679 46.4409335852, -116.213596821 46.4411325455, -116.213657856 46.4413006306, -116.213680744 46.4415026903, -116.213702679 46.4416285753, -116.213718891 46.4417545795, -116.21373415 46.4418795109, -116.213757038 46.4420746565, -116.21385622 46.4421395063, -116.213917255 46.4423646927, -116.213947773 46.4424905777, -116.213978291 46.4426125288, -116.214008808 46.4427386522, -116.214039326 46.4428604841, -116.214069843 46.4429825544, -116.214123249 46.4431926012, -116.214130878 46.4433566332, -116.214146137 46.4434826374, -116.214160919 46.4436956644, -116.214245319 46.4438527822, -116.214360237 46.4440397024, -116.214389801 46.4442147017, -116.214413166 46.4443408251, -116.214443207 46.444462657, -116.214466095 46.4445886612, -116.214488983 46.4447107315, -116.214519978 46.4448366165, -116.214542866 46.4449627399, -116.214565754 46.4450887442, -116.214595795 46.4452106953, -116.214618683 46.4453366995, -116.214642048 46.44546175, -116.214672089 46.4455846548, -116.214694977 46.4457097054, -116.214717865 46.4458357096, -116.214748859 46.4459576607, -116.214771748 46.4460836649, -116.214794159 46.4462097883, -116.214824677 46.4463359118, -116.214848042 46.4464577436, -116.21487093 46.4465837479, -116.214893818 46.4467098713, -116.214923859 46.4468317032, -116.214946747 46.4469578266, -116.214969635 46.4470838308, -116.214999676 46.4472057819, -116.215023041 46.4473317862, -116.215045929 46.4474577904, -116.215076923 46.4475797415, -116.215099812 46.447704792, -116.215121746 46.4478307962, -116.21515274 46.4479527473, -116.215190887 46.4481518269, -116.215274811 46.4483200312, -116.215343952 46.4484378099, -116.215404987 46.4485559464, -116.215466022 46.4486738443, -116.215556622 46.4488378763, -116.215602875 46.4490408897, -116.215633869 46.449166894, -116.21566391 46.4492889643, -116.215694904 46.4494138956, -116.215724945 46.4495369196, -116.215755939 46.4496619701, -116.215816975 46.4499139786, -116.21582365 46.4504828453, -116.216022968 46.4508719444, -116.216151714 46.4519469738, -116.216518879 46.4527939558, -116.216884613 46.4536601305, -116.217815876 46.454873085, -116.219006062 46.4559451342, -116.220462799 46.456834197, -116.222514629 46.4578142166, -116.22410202 46.4583681822, -116.228008747 46.4592981339, -116.22876358 46.4595961571, -116.229663849 46.4601411819, -116.231616974 46.4617892504, -116.231822968 46.461995244, -116.231929779 46.4620982409, -116.232036591 46.4622011185, -116.232143879 46.4623042345, -116.232242584 46.4624071121, -116.232349873 46.4625102282, -116.23245573 46.462613225, -116.232555866 46.4627162218, -116.232661724 46.4628192186, -116.232769012 46.4629220963, -116.232875824 46.4630252123, -116.232975006 46.4631280899, -116.233081818 46.4632312059, -116.233241558 46.4633883238, -116.233371735 46.4635522366, -116.233539581 46.4637733698, -116.233654022 46.4640133381, -116.233715057 46.464132309, -116.233776093 46.4642503262, -116.233829975 46.4643683434, -116.23389101 46.4644904137, -116.233952045 46.4646084309, -116.234012604 46.4647272825, -116.23406601 46.4648452997, -116.234172821 46.4650553465, -116.234271526 46.4651962519, -116.234348774 46.4653103352, -116.234431744 46.4654253721, -116.234508991 46.4655393362, -116.234592915 46.465654254, -116.234668732 46.4657683372, -116.234745026 46.465883255, -116.234828949 46.4659934044, -116.234904766 46.4661084414, -116.235034943 46.4662874937, -116.235202789 46.4664133787, -116.23532486 46.4665013552, -116.235454559 46.4665924311, -116.23557663 46.4666844606, -116.235706806 46.4667754173, -116.235828876 46.4668673277, -116.235957623 46.4669584036, -116.236079693 46.4670543671, -116.236209869 46.467145443, -116.236331463 46.4672374725, -116.236462116 46.46732831, -116.23658371 46.4674203396, -116.236751556 46.4675424099, -116.236995697 46.4676604271, -116.237148762 46.4677363634, -116.237292767 46.4678094387, -116.237445831 46.4678813219, -116.23759079 46.4679545164, -116.237743855 46.4680304527, -116.237888813 46.4681032896, -116.238040924 46.4681754112, -116.238277912 46.4682934284, -116.238506794 46.4683623314, -116.238681793 46.4684123993, -116.23884964 46.4684613943, -116.239017487 46.468511343, -116.239192486 46.4685604572, -116.239352703 46.4686104059, -116.23960495 46.468683362, -116.239864826 46.4686633348, -116.240054607 46.4686484337, -116.240237713 46.4686374664, -116.240596771 46.4686104059, -116.240894794 46.4684044123, -116.240916729 46.4681903124, -116.240924835 46.4680614471, -116.240940094 46.4679312706, -116.24095583 46.4677903652, -116.241176605 46.4676332474, -116.241298676 46.4675424099, -116.241428852 46.4674472809, -116.241557598 46.4673553705, -116.241718769 46.4672412872, -116.241985798 46.4671074152, -116.242130756 46.4670312405, -116.242343903 46.4669202566, -116.242610931 46.4669053555, -116.24279356 46.4668933153, -116.243106842 46.4668713808, -116.243335724 46.4669094086, -116.243510723 46.4669353962, -116.243694782 46.4669623375, -116.243869781 46.4669933319, -116.244052887 46.4670192003, -116.24422884 46.4670461416, -116.244403839 46.4670772552, -116.244586945 46.4671031237, -116.24486208 46.4671452045, -116.245097637 46.4672211409, -116.245265961 46.4672751427, -116.245433807 46.4673281908, -116.245601654 46.4673820734, -116.245769978 46.4674352407, -116.245929718 46.4674892426, -116.246219635 46.4675762653, -116.246387959 46.467679143, -116.246524811 46.4677631855, -116.246661663 46.4678431749, -116.246799946 46.4679270983, -116.246936798 46.4680072069, -116.24707365 46.4680913687, -116.247211933 46.4681713581, -116.247348785 46.4682554007, -116.247486115 46.468339324, -116.24762392 46.4684193134, -116.247760773 46.468503356, -116.247897625 46.4685832262, -116.24804306 46.4686672688, -116.248180866 46.4687514305, -116.248317719 46.4688353539, -116.248454571 46.4689153433, -116.248592854 46.4689993858, -116.248730183 46.4690833092, -116.248866558 46.4691632986, -116.249004841 46.4692472219, -116.249149799 46.4693312645, -116.249286652 46.4694113731, -116.249423981 46.4694954157, -116.249561787 46.4695752859, -116.249698639 46.4696593285, -116.249835968 46.4697432518, -116.249973774 46.4698232412, -116.250111103 46.4699072838, -116.250247955 46.4699873924, -116.250385761 46.470071435, -116.250522614 46.4701553583, -116.250659943 46.4702353477, -116.250797749 46.4703192711, -116.250988007 46.4704302549, -116.251132965 46.4705443382, -116.251254559 46.470639348, -116.251376629 46.4707354307, -116.251492023 46.4708303213, -116.251614094 46.4709223509, -116.251735687 46.4710173607, -116.251857758 46.4711122513, -116.251971722 46.4712042809, -116.252209187 46.4713873863, -116.25223875 46.4716622829, -116.252506733 46.4718493223, -116.252536774 46.4721922874, -116.252658844 46.4724173546, -116.252719879 46.4725353718, -116.252780914 46.4726543427, -116.252850056 46.4727723598, -116.252910614 46.472890377, -116.252995014 46.4730583429, -116.253146648 46.4732303619, -116.253246784 46.4733364582, -116.25333786 46.4734433889, -116.253436565 46.4735503197, -116.253535748 46.4736573696, -116.253627777 46.4737644196, -116.253726959 46.4738714695, -116.253818989 46.4739813805, -116.253917694 46.4740883112, -116.254016876 46.4741954803, -116.254108906 46.4743024111, -116.254207611 46.4744083881, -116.254306793 46.4745154381, -116.254398823 46.4746223688, -116.254497528 46.4747294188, -116.254589081 46.4748363495, -116.254689217 46.4749424458, -116.254779816 46.4750493765, -116.254878998 46.4751563072, -116.254971027 46.4752634764, -116.25510788 46.475415349, -116.255305767 46.4755603075, -116.255428791 46.4756563902, -116.255550861 46.4757474661, -116.255672932 46.4758394957, -116.255795002 46.4759303331, -116.255917072 46.4760264158, -116.256038666 46.4761173725, -116.256160736 46.4762134552, -116.256290913 46.4763042927, -116.256412983 46.4763963223, -116.256535053 46.4764914513, -116.256657124 46.4765834808, -116.256779194 46.4766783714, -116.256908894 46.476770401, -116.257030964 46.4768654108, -116.257153034 46.4769574404, -116.257275105 46.4770482779, -116.257397175 46.4771443605, -116.257519245 46.4772354364, -116.257648945 46.477327466, -116.257771015 46.4774224758, -116.257893085 46.4775145054, -116.25808382 46.4776594639, -116.258229256 46.4778194427, -116.258319855 46.4779266119, -116.258419037 46.4780324697, -116.258517742 46.4781395197, -116.258609772 46.4782465696, -116.258708954 46.4783495665, -116.258800983 46.4784564972, -116.258900166 46.4785666466, -116.258998871 46.4786695242, -116.2590909 46.478780508, -116.259190083 46.4788874388, -116.259288788 46.4789946079, -116.259380817 46.479100585, -116.25948 46.4792075157, -116.259578705 46.4793144464, -116.259677887 46.4794216156, -116.259769917 46.4795285463, -116.259869099 46.4796354771, -116.259967804 46.4797415733, -116.26006031 46.4798485041, -116.260159016 46.4799554348, -116.260295868 46.4801086187, -116.260456085 46.4802684784, -116.260562897 46.4803715944, -116.260670185 46.480474472, -116.260776997 46.4805775881, -116.260883808 46.4806804657, -116.260990143 46.4807834625, -116.261096954 46.4808825254, -116.261203766 46.4809855223, -116.261303425 46.4810885191, -116.26140976 46.4811915159, -116.261517048 46.481294632, -116.261623859 46.4813975096, -116.261730194 46.4815005064, -116.261837006 46.4816035032, -116.261943817 46.4817065001, -116.262042999 46.481805563, -116.262149811 46.4819084406, -116.262257099 46.4820115566, -116.262363911 46.4821146727, -116.262469769 46.4822175503, -116.262577057 46.4823205471, -116.262684345 46.4824236631, -116.262791157 46.4825265408, -116.262897968 46.4826296568, -116.26299715 46.4827325344, -116.263103962 46.4828355312, -116.26321125 46.4829386473, -116.263317108 46.4830374718, -116.263432026 46.4831525087, -116.263562202 46.483373642, -116.263629913 46.4834916592, -116.263690948 46.4836066961, -116.26376009 46.4837247133, -116.263829231 46.4838424921, -116.263896942 46.4839605093, -116.264027119 46.4841825962, -116.26413393 46.4843045473, -116.264225006 46.4844115973, -116.264324188 46.4845216274, -116.264423847 46.4846285582, -116.26455307 46.4847735167, -116.264568806 46.4849675894, -116.264575958 46.4850976467, -116.264584064 46.4852545261, -116.264720917 46.4854525328, -116.26480484 46.4855636358, -116.264881134 46.4856775999, -116.264957905 46.4857918024, -116.265041828 46.4859027863, -116.265126228 46.4860178232, -116.265248299 46.4861928225, -116.265605927 46.4863528013, -116.265705109 46.4865968227, -116.265750885 46.4867186546, -116.265797138 46.4868407249, -116.265850067 46.4869637489, -116.26590395 46.4871088266, -116.266072273 46.487298727, -116.266163349 46.4874056578, -116.266254902 46.4875128269, -116.266346455 46.4876227379, -116.266438007 46.4877296686, -116.266537189 46.4878367186, -116.266629219 46.4879478216, -116.266720295 46.4880547523, -116.266812325 46.4881607294, -116.26691103 46.4882717133, -116.267002106 46.4883787632, -116.267094135 46.4884887934, -116.267185211 46.4885957241, -116.267285347 46.488706708, -116.267376423 46.4888136387, -116.267468452 46.488919735, -116.267567158 46.4890307188, -116.267658234 46.4891376495, -116.267750263 46.4892486334, -116.267842293 46.4893548489, -116.267940998 46.4894617796, -116.268116474 46.4896718264, -116.268231392 46.4897787571, -116.268345356 46.4898818731, -116.268452168 46.4899808168, -116.268558979 46.4900838137, -116.268672943 46.4901827574, -116.268780231 46.4902858734, -116.268887043 46.4903846979, -116.269108295 46.4905877113, -116.269367218 46.4907627106, -116.269496918 46.4908548594, -116.269627094 46.4909417629, -116.269749165 46.4910337925, -116.269878864 46.4911218882, -116.270008087 46.4912089109, -116.270169258 46.4913158417, -116.270428181 46.4914528131, -116.270565033 46.4915297031, -116.270709991 46.4916098118, -116.270855427 46.4916858673, -116.271008492 46.4917618036, -116.27115345 46.4918388128, -116.271290302 46.4919147491, -116.271435261 46.4919906855, -116.271717548 46.4921398163, -116.272045612 46.4922658205, -116.272206306 46.4923268557, -116.272366047 46.4923917055, -116.272526264 46.4924527407, -116.272686005 46.4925137758, -116.272846222 46.492574811, -116.273007393 46.4926358461, -116.273167133 46.4926967621, -116.273327351 46.4927579165, -116.273503304 46.4928268194, -116.273823261 46.4928947687, -116.273999214 46.4929337502, -116.274174213 46.4929677248, -116.274349213 46.4930057526, -116.274525642 46.4930398464, -116.274700165 46.4930787086, -116.274876118 46.4931167364, -116.275051117 46.4931507111, -116.275227547 46.4931886196, -116.275402546 46.4932227135, -116.275578499 46.4932618141, -116.275753498 46.4932996035, -116.275929451 46.4933336973, -116.27610445 46.4933717251, -116.276280403 46.4934097528, -116.276455402 46.4934446812, -116.276631355 46.4934827089, -116.276806355 46.4935207367, -116.276982307 46.4935548306, -116.277157307 46.4935927391, -116.277325153 46.4936277866, -116.277500153 46.4936658144, -116.277676582 46.493699789, -116.277851582 46.4937376976, -116.278019428 46.4937727451, -116.27833271 46.4938377142, -116.278546333 46.4938377142, -116.278721333 46.4938377142, -116.278904438 46.4938377142, -116.279087543 46.4938337803, -116.279270649 46.4938337803, -116.279454231 46.493829608, -116.279637337 46.493829608, -116.279820442 46.493829608, -116.280003548 46.4938255548, -116.280186653 46.4938255548, -116.280377388 46.4938255548, -116.280560493 46.4938216209, -116.280743122 46.4938216209, -116.281018257 46.4938216209, -116.28127718 46.4938716888, -116.28157568 46.4939326048, -116.281811714 46.4939405918, -116.28199482 46.493943572, -116.282177448 46.4939515591, -116.282360554 46.4939596653, -116.282543659 46.4939664602, -116.282719612 46.4939705133, -116.282902718 46.4939786196, -116.283085346 46.4939825535, -116.283268452 46.4939895868, -116.283451557 46.4939975739, -116.283634663 46.4940046072, -116.283818722 46.4940086603, -116.28400135 46.4940164089, -116.28426075 46.4940245152, -116.284535408 46.4940625429, -116.284718513 46.4940885305, -116.284893513 46.4941115379, -116.285076618 46.4941384792, -116.285252571 46.4941614866, -116.28542757 46.4941846132, -116.285610676 46.4942106009, -116.285786629 46.494233489, -116.285969734 46.4942564964, -116.286145687 46.4942835569, -116.286328316 46.4943064451, -116.286503315 46.4943335056, -116.28668642 46.4943555593, -116.28686285 46.4943826199, -116.287045479 46.494405508, -116.287220955 46.4944285154, -116.287403584 46.4944555759, -116.287579536 46.4944784641, -116.287754536 46.4945044518, -116.287937641 46.4945274591, -116.288113594 46.4945544004, -116.2882967 46.4945774078, -116.288471699 46.4946004152, -116.288655758 46.4946262836, -116.288830757 46.4946494102, -116.289013863 46.4946764708, -116.289189816 46.4946994781, -116.289372444 46.4947253466, -116.28954792 46.494748354, -116.289730549 46.4947713614, -116.289906979 46.4947983027, -116.290089607 46.4948214293, -116.290264606 46.4948484898, -116.290447712 46.4948704243, -116.290623665 46.4948973656, -116.290798664 46.494920373, -116.290982723 46.4949433804, -116.291157722 46.4949703217, -116.291340828 46.4949924946, -116.291668892 46.4950383902, -116.291874886 46.4950734377, -116.292050838 46.4951034784, -116.292225838 46.4951344728, -116.292401791 46.4951683283, -116.292584896 46.495198369, -116.292759895 46.4952293634, -116.292935848 46.4952603579, -116.293110847 46.4952903986, -116.2932868 46.495321393, -116.293469906 46.4953513145, -116.293644905 46.4953824282, -116.293820858 46.4954123497, -116.293995857 46.4954433441, -116.29417181 46.4954771996, -116.294354916 46.4955072403, -116.294529915 46.4955383539, -116.294705868 46.4955693483, -116.294880867 46.4955992699, -116.29505682 46.4956303835, -116.295231819 46.495660305, -116.295414925 46.4956912994, -116.295590878 46.4957213402, -116.295765877 46.4957523346, -116.29594183 46.4957864285, -116.296116829 46.4958164692, -116.296299934 46.4958472252, -116.296475887 46.4958772659, -116.296650887 46.4959082603, -116.296826839 46.4959392548, -116.297001839 46.4959692955, -116.297177792 46.4960002899, -116.297360897 46.4960303307, -116.297536373 46.4960613251, -116.297711849 46.4960952997, -116.297886848 46.4961253405, -116.298062801 46.4961563349, -116.298237801 46.4961862564, -116.298420906 46.4962172508, -116.298596859 46.4962482452, -116.298771858 46.496278286, -116.298947811 46.4963092804, -116.299283028 46.4963662624, -116.299619198 46.4964001179, -116.299801826 46.4964191914, -116.30000782 46.4964381456, -116.300335884 46.4965181351, -116.300504208 46.4965602159, -116.300680161 46.4966061115, -116.300847054 46.4966481924, -116.301023006 46.4966901541, -116.301190853 46.496732235, -116.301365852 46.4967740774, -116.301663876 46.4968502522, -116.302495003 46.497243166, -116.308064938 46.498311162, -116.308683395 46.4984329939, -116.310499191 46.4985970259, -116.313443184 46.4992120266, -116.320531368 46.4997417927, -116.320882797 46.4997718334, -116.321561337 46.4999017715, -116.322706699 46.5000197887, -116.329931736 46.5010687113, -116.330290318 46.5011265278, -116.330465794 46.5011565685, -116.330648899 46.5011835098, -116.330823898 46.5012135506, -116.330999851 46.501244545, -116.33117485 46.5012705326, -116.331357956 46.501301527, -116.331624985 46.5013436079, -116.331869125 46.5014154911, -116.332036972 46.5014654398, -116.332205296 46.5015156269, -116.332373142 46.5015645027, -116.332540989 46.5016144514, -116.332708836 46.5016634464, -116.332877159 46.5017136335, -116.333044052 46.5017635822, -116.333211899 46.501812458, -116.333380222 46.5018626451, -116.333548069 46.501911521, -116.333715916 46.5019614697, -116.33403635 46.5020563602, -116.334227085 46.5020945072, -116.334402084 46.5021333694, -116.334578037 46.5021713972, -116.334753036 46.502209425, -116.334929466 46.5022433996, -116.335103989 46.5022813082, -116.335425377 46.5023504496, -116.335623264 46.5024193525, -116.335799217 46.5024803877, -116.335974216 46.5025414228, -116.33621788 46.5026253462, -116.336194992 46.5027703047, -116.336172581 46.5029183626, -116.336150169 46.5030634403, -116.336119175 46.503220439, -116.336339951 46.5032923222, -116.336485386 46.5033423901, -116.336645126 46.5033915043, -116.336806297 46.5034455061, -116.336966038 46.5035024881, -116.337134361 46.5035554171, -116.337302208 46.5036132336, -116.337477207 46.503670454, -116.337645054 46.5037274361, -116.33782053 46.5037844181, -116.337996483 46.5038423538, -116.338164806 46.5038994551, -116.338339329 46.5039564371, -116.338667393 46.504067421, -116.339018345 46.5041393042, -116.339568615 46.504250288, -116.33962965 46.5044103861, -116.3404603 46.5047574043, -116.342177391 46.5052802563, -116.343108654 46.5054212809, -116.344061375 46.5053751469, -116.345122814 46.5053291321, -116.345427513 46.5052001476, -116.34558773 46.5051350594, -116.345740318 46.5050702095, -116.345900536 46.5050011873, -116.3460536 46.5049360991, -116.346213341 46.5048722029, -116.346381664 46.5047991276, -116.346663475 46.5046621561, -116.346808434 46.5045850277, -116.346960545 46.5045131445, -116.347105503 46.5044401884, -116.347250462 46.5043641329, -116.347404003 46.5042921305, -116.347548485 46.5042190552, -116.347693443 46.5041431189, -116.347845554 46.5040700436, -116.34799099 46.5039981604, -116.348143578 46.503922224, -116.348288536 46.5038489103, -116.348433495 46.503772974, -116.348585606 46.5036998987, -116.348730564 46.5036280155, -116.348875523 46.5035550594, -116.349028587 46.5034790039, -116.349173546 46.5034071207, -116.349394798 46.5032960176, -116.349562645 46.5031360388, -116.351317406 46.5027201176, -116.351599693 46.5027009249, -116.351782799 46.5026860237, -116.351965427 46.5026699305, -116.352141857 46.5026550293, -116.352324963 46.5026439428, -116.352515697 46.5026359558, -116.352698803 46.5026319027, -116.352881908 46.5026289225, -116.353064537 46.5026209354, -116.353247643 46.5026059151, -116.353430748 46.5025829077, -116.353598595 46.5025519133, -116.353766918 46.5025030375, -116.353926659 46.5024449825, -116.354079723 46.5023809671, -116.354231834 46.5023118258, -116.354384899 46.5022358894, -116.354536533 46.5021589994, -116.354689598 46.5020868778, -116.354842663 46.5020139217, -116.35500288 46.5019489527, -116.355154991 46.5018879175, -116.355322838 46.5018389225, -116.355490685 46.5018008947, -116.355666637 46.5017780066, -116.355849743 46.501762867, -116.356032848 46.5017589331, -116.35622263 46.5017588139, -116.356406689 46.5017658472, -116.356596947 46.5017777681, -116.3567729 46.5017888546, -116.356956005 46.5018047094, -116.357131004 46.5018267632, -116.357315063 46.5018498898, -116.357489586 46.5018768311, -116.357672691 46.5019078255, -116.357848644 46.5019338131, -116.35802412 46.5019648075, -116.358207226 46.5019948483, -116.358382702 46.5020219088, -116.358565807 46.5020447969, -116.358740807 46.5020678043, -116.358923912 46.5020827055, -116.359106541 46.5020978451, -116.3592906 46.5021098852, -116.359473705 46.5021136999, -116.359656811 46.5021166801, -116.359839916 46.5021136999, -116.360022545 46.5021057129, -116.360206127 46.502093792, -116.36038208 46.5020786524, -116.360565186 46.5020557642, -116.360739708 46.5020327568, -116.360916138 46.5020108223, -116.361098766 46.5019837618, -116.361273766 46.5019527674, -116.361450195 46.5019267797, -116.361632824 46.5018917322, -116.361807823 46.5018618107, -116.361983776 46.5018267632, -116.362158775 46.5017887354, -116.362335205 46.5017547607, -116.362510204 46.501716733, -116.362686157 46.5016787052, -116.36285305 46.5016406775, -116.363029003 46.501601696, -116.363204002 46.5015636683, -116.363379955 46.5015256405, -116.363554955 46.5014876127, -116.363722801 46.5014494658, -116.363898754 46.5014076233, -116.364073753 46.5013695955, -116.364242077 46.5013315678, -116.364417076 46.5012896061, -116.364593029 46.5012505054, -116.364760876 46.501208663, -116.364935875 46.5011665821, -116.365111828 46.5011285543, -116.365280151 46.5010865927, -116.365455151 46.5010485649, -116.365631104 46.5010066032, -116.365797997 46.5009645224, -116.365973949 46.5009264946, -116.366141796 46.5008846521, -116.366316795 46.5008425713, -116.366493225 46.5008006096, -116.366661072 46.5007625818, -116.366836071 46.5007206202, -116.36701107 46.5006785393, -116.367179394 46.5006405115, -116.36735487 46.5005986691, -116.367529869 46.500556469, -116.367698193 46.5005184412, -116.367874146 46.5004765987, -116.368041039 46.500438571, -116.368216991 46.5003966093, -116.368391991 46.5003585815, -116.368567944 46.5003165007, -116.368736267 46.5002785921, -116.368911266 46.5002405643, -116.369086742 46.5002014637, -116.369262218 46.5001635551, -116.369430065 46.5001255274, -116.370742321 46.4998924732, -116.371008873 46.4998055696, -116.371200085 46.4997404814, -116.371368408 46.4996863604, -116.371528149 46.4996333122, -116.371695995 46.4995763302, -116.371864319 46.4995223284, -116.372024059 46.4994693995, -116.372191906 46.4994164705, -116.372352123 46.4993624687, -116.37251997 46.4993094206, -116.372688293 46.4992524385, -116.372848034 46.4991983175, -116.373016357 46.4991453886, -116.373176098 46.4990913868, -116.373344421 46.4990384579, -116.373512268 46.4989842176, -116.373672009 46.4989272356, -116.373840332 46.4988743067, -116.374023438 46.4988173246, -116.374351025 46.4987673759, -116.374526024 46.4987403154, -116.374778271 46.4987022877, -116.375068188 46.4987143278, -116.375251293 46.4987213612, -116.375434399 46.498729229, -116.375617504 46.4987332821, -116.375801086 46.4987403154, -116.376037121 46.4987484217, -116.376350403 46.4987633228, -116.376533508 46.498775363, -116.376716137 46.4987822771, -116.377029419 46.4987981319, -116.377258301 46.4988241196, -116.3774333 46.498847127, -116.377616405 46.4988702536, -116.377792358 46.498893261, -116.377975464 46.4989162683, -116.378150463 46.4989391565, -116.378333092 46.4989621639, -116.378509521 46.4989842176, -116.378692627 46.499007225, -116.378868103 46.4990302324, -116.379051208 46.4990531206, -116.379226208 46.499076128, -116.379409313 46.4990992546, -116.379585266 46.499122262, -116.379768372 46.4991451502, -116.380042553 46.4991832972, -116.380302429 46.4992021322, -116.380485535 46.4992132187, -116.380668163 46.4992251396, -116.380844593 46.4992402792, -116.381027222 46.4992522001, -116.381210327 46.4992672205, -116.381393433 46.4992780685, -116.381576538 46.4992930889, -116.381751537 46.4993051291, -116.381935596 46.4993201494, -116.382118225 46.4993320704, -116.382301331 46.4993431568, -116.382591248 46.4993661642, -116.382842541 46.4994001389, -116.3830266 46.4994271994, -116.383201599 46.4994541407, -116.383384705 46.4994771481, -116.383560658 46.4995031357, -116.383743286 46.499530077, -116.383918762 46.4995530844, -116.384094715 46.4995801449, -116.384376526 46.4996180534, -116.38449049 46.4996751547, -116.384735584 46.499812007, -116.384948254 46.4998891354, -116.385208607 46.49995327, -116.385383606 46.4999951124, -116.385551453 46.5000371933, -116.385772705 46.5000952482, -116.386077881 46.5001440048, -116.386253357 46.5001749992, -116.386428356 46.5002009869, -116.386611462 46.5002319813, -116.386787415 46.500262022, -116.386962891 46.5002889633, -116.387298584 46.5003459454, -116.387504578 46.5003459454, -116.387687683 46.5003459454, -116.387870789 46.5003459454, -116.388229847 46.5003459454, -116.388542652 46.5003769398, -116.388717651 46.5003919601, -116.388900757 46.5004110336, -116.389083862 46.5004259348, -116.389266491 46.5004460812, -116.38945055 46.5004650354, -116.389625549 46.5004799366, -116.389808655 46.5004988909, -116.38999176 46.5005140305, -116.390174866 46.5005328655, -116.390350819 46.5005480051, -116.390533924 46.5005679131, -116.390708923 46.5005828142, -116.390891552 46.5006020069, -116.391067982 46.5006169081, -116.391303539 46.5006397963, -116.39146471 46.5006209612, -116.391647816 46.5005979538, -116.391822815 46.5005708933, -116.39200592 46.5005480051, -116.392188549 46.5005258322, -116.392364979 46.500502944, -116.392548084 46.5004799366, -116.39272356 46.5004569292, -116.393028736 46.5004148483, -116.393258095 46.5003429651, -116.393424988 46.500284791, -116.393592834 46.5002318621, -116.393753052 46.5001778603, -116.393951893 46.5001138449, -116.394187927 46.499907732, -116.394424915 46.4996707439, -116.395332813 46.4988657236, -116.396859169 46.4985647202, -116.397088051 46.4985187054, -116.397399902 46.4984886646, -116.397575855 46.4984687567, -116.397758961 46.4984496832, -116.397942066 46.4984307289, -116.398124695 46.4984117746, -116.398301125 46.4983967543, -116.398483753 46.4983775616, -116.398666859 46.4983586073, -116.398849964 46.4983395338, -116.39903307 46.4983205795, -116.399209023 46.4983016253, -116.399391651 46.4982825518, -116.399567127 46.4982626438, -116.399773121 46.4982435703, -116.400085926 46.498159647, -116.400253773 46.4981145859, -116.400422096 46.4980726242, -116.400597095 46.4980264902, -116.400764942 46.4979805946, -116.400939941 46.4979385138, -116.401107788 46.4978926182, -116.401276112 46.4978475571, -116.401452065 46.4978015423, -116.401618958 46.4977594614, -116.40179491 46.4977135658, -116.401962757 46.4976674318, -116.402131081 46.4976224899, -116.40230608 46.4975804091, -116.402474403 46.4975345135, -116.402648926 46.4974886179, -116.402817249 46.4974424839, -116.402985096 46.4974006414, -116.403161049 46.4973554611, -116.403328419 46.4973095655, -116.403611183 46.4972364902, -116.403847218 46.4971985817, -116.40402317 46.497171402, -116.404206276 46.4971454144, -116.404381275 46.4971184731, -116.404557228 46.4970915318, -116.404740334 46.4970613718, -116.404938221 46.4970303774, -116.405228138 46.4969353676, -116.405434132 46.4968703985, -116.40579319 46.496889472, -116.405976295 46.4969013929, -116.406327248 46.4969164133, -116.406670094 46.497004509, -116.406846046 46.4970463514, -116.407151222 46.4971225262, -116.407380104 46.4971333742, -116.407616138 46.4971452951, -116.407914162 46.49708426, -116.408097267 46.4970463514, -116.408272266 46.4970113039, -116.408448219 46.4969773293, -116.408745289 46.4969162941, -116.408982277 46.4969242811, -116.409165382 46.4969313145, -116.409348011 46.4969353676, -116.40952301 46.4969432354, -116.409707069 46.4969502687, -116.409890175 46.4969543219, -116.41007328 46.4969623089, -116.410256386 46.4969654083, -116.410439491 46.4969732761, -116.410790443 46.4969853163, -116.410981655 46.4970113039, -116.411164761 46.4970340729, -116.411339283 46.4970573187, -116.411522388 46.4970802069, -116.411698341 46.4971032143, -116.411881447 46.4971261024, -116.412056446 46.4971520901, -116.412240505 46.4971752167, -116.412415504 46.4971982241, -116.41259861 46.4972212315, -116.412774563 46.4972441196, -116.412957668 46.4972711802, -116.413132668 46.4972941875, -116.413315296 46.4973162413, -116.413491249 46.4973392487, -116.413674355 46.4973622561, -116.413849831 46.4973851442, -116.414032459 46.4974081516, -116.414208412 46.4974350929, -116.414437771 46.497461319, -116.414750576 46.4974771738, -116.414933205 46.4974882603, -116.41511631 46.4974961281, -116.415299416 46.4975031614, -116.415474415 46.4975112677, -116.41565752 46.4975191355, -116.415841579 46.4975302219, -116.416024685 46.497538209, -116.41620779 46.4975451231, -116.416390896 46.4975531101, -116.416573524 46.4975641966, -116.41675663 46.4975720644, -116.416939735 46.4975800514, -116.417115688 46.4975870848, -116.41734457 46.4975991249, -116.417656422 46.4975911379, -116.417839527 46.4975870848, -116.418023586 46.4975831509, -116.418206692 46.4975800514, -116.418381691 46.4975761175, -116.41856432 46.4975720644, -116.418747425 46.4975680113, -116.418930531 46.4975641966, -116.41911459 46.4975612164, -116.419480801 46.4975448847, -116.422181606 46.4973199368, -116.423172474 46.497156024, -116.423738003 46.4971139431, -116.427605629 46.4971598387, -116.428368568 46.4972938299, -116.428795815 46.4973657131, -116.429657936 46.4971096516, -116.430687904 46.4970676899, -116.43108511 46.4973576069, -116.431261063 46.4974726439, -116.431978226 46.4977316856, -116.433122158 46.497853756, -116.433664322 46.4979116917, -116.434000015 46.4980027676, -116.434183121 46.498025775, -116.43435812 46.4980486631, -116.434541225 46.4980677366, -116.434717178 46.498090744, -116.434899807 46.4981137514, -116.435082912 46.4981365204, -116.435257912 46.4981555939, -116.435441971 46.4981786013, -116.43561697 46.4982005358, -116.435883999 46.4982315302, -116.43625021 46.4983916283, -116.43646431 46.4983916283, -116.436646938 46.4983916283, -116.436975002 46.4983916283, -116.43717289 46.4984487295, -116.437349319 46.498498559, -116.437608242 46.4985744953, -116.437868118 46.4985975027, -116.438051224 46.4986126423, -116.438234329 46.4986325502, -116.438600063 46.498662591, -116.438928127 46.4987616539, -116.439096451 46.4988116026, -116.439264297 46.4988645315, -116.439432144 46.4989144802, -116.439599991 46.4989635944, -116.439767361 46.4990175962, -116.439935207 46.4990665913, -116.440126419 46.4991205931, -116.440454006 46.4991124868, -116.440637112 46.4991085529, -116.440820217 46.4991054535, -116.441003323 46.4991016388, -116.441316128 46.4990935326, -116.44154501 46.499063611, -116.441728115 46.4990365505, -116.441904545 46.4990096092, -116.44208765 46.4989825487, -116.442262173 46.498960495, -116.442445278 46.4989334345, -116.442621231 46.4989064932, -116.442804337 46.4988834858, -116.442979336 46.4988574982, -116.443162441 46.4988305569, -116.443338394 46.4988034964, -116.443513393 46.4987763166, -116.443697453 46.4987545013, -116.443872452 46.4987274408, -116.44419241 46.4986813068, -116.444391251 46.4986202717, -116.444559097 46.4985673428, -116.444719315 46.4985133409, -116.444887161 46.4984644651, -116.445055485 46.4984104633, -116.445222378 46.4983574152, -116.445390224 46.4983073473, -116.445558548 46.4982542992, -116.445726395 46.4982004166, -116.445886135 46.4981473684, -116.446054459 46.4980974197, -116.446313381 46.4980173111, -116.446512222 46.4978992939, -116.446649551 46.4978153706, -116.446786404 46.497731328, -116.447038651 46.4975823164, -116.44716835 46.4974642992, -116.447267532 46.4973613024, -116.44738245 46.4972622395, -116.447488308 46.4971593618, -116.447595596 46.4970562458, -116.447702408 46.4969574213, -116.447809219 46.4968543053, -116.447916508 46.4967511892, -116.448022366 46.4966481924, -116.448129654 46.4965491295, -116.448236465 46.4964462519, -116.448343277 46.4963431358, -116.448450565 46.496240139, -116.448556423 46.4961410761, -116.448663235 46.4960381985, -116.448778152 46.4959352016, -116.448991299 46.4957321882, -116.449106693 46.495496273, -116.449167728 46.4953781366, -116.449220657 46.4952561855, -116.449281216 46.4951370955, -116.449342251 46.4950151443, -116.44939661 46.4948970079, -116.449457645 46.494775176, -116.449518204 46.4946571589, -116.449586391 46.4945189953, -116.449632168 46.4942901134, -116.449663162 46.4941681623, -116.449686527 46.4940421581, -116.449716568 46.4939200878, -116.449739456 46.4937942028, -116.449770451 46.4936691523, -116.449792385 46.4935470819, -116.44982338 46.4934211969, -116.44985342 46.4932949543, -116.449876308 46.493172884, -116.449907303 46.493046999, -116.449930191 46.4929209948, -116.449960709 46.4927989244, -116.449991226 46.4926730394, -116.450014591 46.492546916, -116.450044632 46.4924139977, -116.450174332 46.4922801256, -116.450250626 46.4920660257, -116.450288773 46.4919409752, -116.450334549 46.4918180704, -116.450372219 46.4916930199, -116.450418472 46.4915668964, -116.450464725 46.4914450645, -116.450502396 46.4913189411, -116.450548649 46.49119699, -116.450586319 46.4910749197, -116.450624466 46.4909528494, -116.450670719 46.4908338785, -116.45073843 46.4906318188, -116.450899601 46.4905329943, -116.451028347 46.4904489517, -116.451173782 46.4903609753, -116.451311588 46.4902739525, -116.451456547 46.490185976, -116.451730728 46.490013957, -116.452066422 46.4899567366, -116.452241898 46.4899257421, -116.452417374 46.4898958206, -116.452600479 46.4898617268, -116.452783585 46.4898307323, -116.453050613 46.4897807837, -116.453317642 46.4897928238, -116.453500748 46.4897998571, -116.453783512 46.489807725, -116.454027653 46.4898687601, -116.454202652 46.489910841, -116.454370499 46.4899528027, -116.454546452 46.4899948835, -116.454721928 46.490036726, -116.454889774 46.49008286, -116.455064774 46.4901247025, -116.455247402 46.4901669025, -116.455415726 46.490208745, -116.455736637 46.4902848005, -116.455873489 46.4903837442, -116.45599556 46.4904717207, -116.456125736 46.4905627966, -116.456254482 46.490650773, -116.456377506 46.4907428026, -116.456506729 46.4908298254, -116.456636429 46.490921855, -116.456758976 46.4910097122, -116.456888676 46.4911007881, -116.457017422 46.4911928177, -116.457147598 46.4912807941, -116.457277775 46.4913717508, -116.457407951 46.4914637804, -116.457530022 46.4915548563, -116.457658768 46.4916427135, -116.457788944 46.4917347431, -116.457918644 46.491825819, -116.458047867 46.4919137955, -116.458177567 46.4920048714, -116.458299637 46.4920969009, -116.458429813 46.4921848774, -116.458559513 46.4922757149, -116.458681583 46.4923636913, -116.458848953 46.4924776554, -116.458986759 46.4926688671, -116.459070683 46.4927797318, -116.459161758 46.492893815, -116.459245682 46.493008852, -116.459375858 46.4931879044, -116.459543705 46.4933177233, -116.459665775 46.4934128523, -116.459779739 46.4935078621, -116.45990181 46.4936037064, -116.46002388 46.4936988354, -116.46014595 46.4937938452, -116.46027565 46.4938937426, -116.460519791 46.4940646887, -116.460658073 46.4941527843, -116.460786819 46.4942407608, -116.460916996 46.4943287373, -116.461046696 46.49441576, -116.461175919 46.4945038557, -116.461305618 46.4945958853, -116.461436272 46.4946827888, -116.461565971 46.4947708845, -116.461694717 46.494858861, -116.461824894 46.4949468374, -116.461961746 46.4950338602, -116.462129593 46.4951488972, -116.46238184 46.4952628613, -116.46254158 46.4953317642, -116.462694645 46.4953998327, -116.462846756 46.4954687357, -116.463151932 46.4956098795, -116.463190556 46.4957208633, -116.463380814 46.4958157539, -116.463525772 46.4958888292, -116.463678837 46.4959607124, -116.463823795 46.4960378408, -116.464015007 46.4961289167, -116.464227676 46.4962847233, -116.464357853 46.4963768721, -116.464616776 46.496563673, -116.464900017 46.4967046976, -116.465052128 46.4967808723, -116.465197086 46.4968537092, -116.465342045 46.4969258308, -116.46549511 46.4969987869, -116.465640068 46.4970709085, -116.465791702 46.4971437454, -116.465937138 46.4972198009, -116.466090202 46.497292757, -116.466234684 46.4973648787, -116.466386795 46.4974378347, -116.46653223 46.4975097179, -116.466685295 46.4975858927, -116.466829777 46.4976587296, -116.466981888 46.4977308512, -116.467126846 46.497803688, -116.467279911 46.4978758097, -116.46742487 46.4979528189, -116.467577934 46.4980248213, -116.467859745 46.4981658459, -116.468034744 46.4982306957, -116.468187809 46.4982917309, -116.468348026 46.498352766, -116.468508244 46.4984138012, -116.468668938 46.4984748363, -116.468829155 46.4985398054, -116.468988895 46.4986008406, -116.469149113 46.4986617565, -116.46930933 46.4987227917, -116.469470024 46.4987837076, -116.469630241 46.4988447428, -116.469789982 46.4989097118, -116.469950199 46.498970747, -116.47010994 46.4990316629, -116.470271111 46.4990926981, -116.470431328 46.4991537333, -116.470591068 46.4992147684, -116.470751286 46.4992758036, -116.470903873 46.4993368387, -116.471064091 46.4993976355, -116.471224308 46.4994586706, -116.471377373 46.4995197058, -116.47170496 46.49964571, -116.472071171 46.4998936653, -116.472628117 46.499981761, -116.472933292 46.5000277758, -116.473239422 46.5001796484, -116.473391056 46.5002528429, -116.473727226 46.5004208088, -116.47405529 46.5004887581, -116.474230289 46.5005266666, -116.474398136 46.5005657673, -116.474574089 46.5006037951, -116.474749088 46.5006417036, -116.474925518 46.500675559, -116.47510004 46.5007135868, -116.475520134 46.5008056164, -116.476046562 46.5008016825, -116.476382256 46.500790596, -116.476565361 46.5007827282, -116.476748466 46.500774622, -116.476931572 46.5007675886, -116.477114201 46.5007594824, -116.477290154 46.5007516146, -116.477702141 46.5007325411, -116.478007317 46.5006835461, -116.478182316 46.5006525517, -116.478358269 46.5006226301, -116.478533268 46.5005915165, -116.478716373 46.500561595, -116.478892326 46.5005306005, -116.479067326 46.5005005598, -116.479243279 46.5004695654, -116.479418278 46.5004395247, -116.479716301 46.5003855228, -116.479952335 46.5003244877, -116.480120182 46.5002785921, -116.480288506 46.500233531, -116.480647564 46.5001345873, -116.481051445 46.5000425577, -116.481631279 46.4999084473, -116.482066631 46.4997483492, -116.482218266 46.499687314, -116.48237133 46.499630332, -116.482523441 46.49957335, -116.482676506 46.4995123148, -116.482958794 46.4994094372, -116.483286858 46.4993743896, -116.483470917 46.4993594885, -116.483653545 46.4993402958, -116.483828545 46.4993253946, -116.48401165 46.4993103743, -116.484187603 46.4992903471, -116.484370708 46.4992754459, -116.484545231 46.4992563725, -116.484728336 46.4992414713, -116.484904289 46.499222517, -116.485407352 46.499176383, -116.48581934 46.4991573095, -116.485995293 46.4991494417, -116.486178398 46.4991424084, -116.486361504 46.4991343021, -116.486544609 46.4991261959, -116.486727715 46.499119401, -116.48691082 46.4991112947, -116.487094402 46.4991042614, -116.487589359 46.4990813732, -116.488001823 46.4991002083, -116.488185406 46.4991073608, -116.488368511 46.4991153479, -116.488551617 46.4991232157, -116.488734722 46.499130249, -116.488917828 46.4991381168, -116.489100456 46.4991462231, -116.489283562 46.4991532564, -116.489459515 46.4991611242, -116.48964262 46.4991681576, -116.489825726 46.4991762638, -116.490008831 46.4991842508, -116.49018383 46.499191165, -116.490359783 46.499199152, -116.490534782 46.4992072582, -116.490717888 46.4992142916, -116.490893841 46.4992221594, -116.491297722 46.4992371798, -116.491786957 46.4993171692, -116.491969585 46.4993481636, -116.492144585 46.4993782043, -116.492321014 46.4994051456, -116.492495537 46.4994351864, -116.492678642 46.4994661808, -116.492854595 46.4994932413, -116.493029594 46.4995230436, -116.493517876 46.4996031523, -116.49388504 46.4996410608, -116.494068146 46.4996601343, -116.494242668 46.4996801615, -116.494418621 46.4996991158, -116.494594097 46.4997181892, -116.494776726 46.4997371435, -116.494952679 46.4997521639, -116.495128155 46.4997711182, -116.495310783 46.4997900724, -116.495486736 46.4998092651, -116.495661736 46.4998281002, -116.495844841 46.4998470545, -116.496334076 46.4999010563, -116.496982098 46.4999010563, -116.497233868 46.5001109838, -116.501018047 46.5009160042, -116.501124859 46.5012129545, -116.501384258 46.5013048649, -116.501720428 46.5015559196, -116.501979351 46.5016778708, -116.502132416 46.5017468929, -116.502285004 46.5018160343, -116.502437115 46.5018879175, -116.502590179 46.5019569397, -116.50274229 46.5020258427, -116.502894878 46.5020979643, -116.503047943 46.5021668673, -116.503406048 46.5023350716, -116.503643036 46.5024569035, -116.503787994 46.502532959, -116.503932953 46.5026129484, -116.504078388 46.5026887655, -116.504222393 46.5027657747, -116.504367352 46.502841711, -116.50451231 46.5029177666, -116.504657269 46.502994895, -116.504802227 46.5030708313, -116.504947186 46.5031468868, -116.505092144 46.5032268763, -116.505237579 46.5033037663, -116.505382538 46.5033797026, -116.50552702 46.5034558773, -116.505672455 46.5035318136, -116.505817413 46.5036087036, -116.505962372 46.5036848783, -116.50610733 46.5037608147, -116.506244183 46.5038377047, -116.506389141 46.5039137602, -116.506609917 46.5040278435, -116.506786346 46.5041687489, -116.506900311 46.5042648315, -116.507022381 46.5043597221, -116.507137299 46.5044587851, -116.50725174 46.5045548677, -116.50737381 46.5046497583, -116.507496357 46.5047485828, -116.507610321 46.5048446655, -116.507732391 46.5049397945, -116.507846355 46.505038619, -116.507969379 46.5051347017, -116.508083344 46.5052297115, -116.508205414 46.5053247213, -116.508319378 46.5054206848, -116.508495331 46.5055617094, -116.508716583 46.5056686401, -116.508869171 46.5057367086, -116.509021759 46.5058097839, -116.509174347 46.5058777332, -116.509327412 46.5059508085, -116.509479523 46.5060226917, -116.509815693 46.5061798096, -116.510059834 46.5063247681, -116.510196209 46.5064047575, -116.510341644 46.5064888, -116.51047945 46.5065686703, -116.510616302 46.5066486597, -116.510753632 46.5067327023, -116.510898113 46.5068126917, -116.511036873 46.506896615, -116.511173248 46.5069766045, -116.511310577 46.5070565939, -116.511455536 46.5071405172, -116.511592388 46.507224679, -116.511798382 46.5073465109, -116.512058735 46.5073926449, -116.512233734 46.5074266195, -116.512409687 46.5074615479, -116.512592316 46.5074955225, -116.512889862 46.5075525045, -116.513309479 46.5075676441, -116.513485432 46.5075755119, -116.513668537 46.5075836182, -116.513851643 46.5075865984, -116.514034271 46.5075944662, -116.514217377 46.5076025724, -116.514400482 46.5076096058, -116.514583588 46.5076174736, -116.514766693 46.5076214075, -116.514949322 46.5076284409, -116.515133381 46.5076365471, -116.515316486 46.5076446533, -116.515499592 46.5076514482, -116.515682697 46.5076555014, -116.515857697 46.5076634884, -116.516040802 46.5076706409, -116.516224861 46.5076785088, -116.516407967 46.5076864958, -116.516590595 46.507689476, -116.516773701 46.5076975822, -116.516956806 46.5077054501, -116.517360687 46.5077203512, -116.517681599 46.5076973438, -116.517856598 46.5076823235, -116.518039703 46.5076704025, -116.518222809 46.5076553822, -116.518398762 46.507640481, -116.51858139 46.5076283216, -116.518764496 46.5076134205, -116.518947601 46.507602334, -116.519130707 46.5075864792, -116.519313812 46.5075753927, -116.519497871 46.5075604916, -116.519672871 46.5075443983, -116.519855499 46.5075334311, -116.520038605 46.5075184107, -116.520374775 46.5074954033, -116.520763874 46.5074954033, -116.52094698 46.5074954033, -116.521130085 46.5074954033, -116.521312714 46.5074954033, -116.521495819 46.5074954033, -116.521679878 46.5074954033, -116.522060871 46.5074954033, -116.522403717 46.507537365, -116.52257967 46.5075602531, -116.522762775 46.5075794458, -116.522945881 46.507602334, -116.523121834 46.5076212883, -116.523304939 46.5076442957, -116.523488045 46.5076674223, -116.523662567 46.5076863766, -116.523983479 46.5077244043, -116.524364948 46.5078191757, -116.524532795 46.5078612566, -116.524707794 46.5079032183, -116.524875641 46.5079492331, -116.525051594 46.5079910755, -116.525219917 46.5080331564, -116.525394917 46.5080752373, -116.525562763 46.5081201792, -116.525737762 46.5081622601, -116.525913715 46.5082042217, -116.526082039 46.5082463026, -116.526463032 46.5083421469, -116.526783943 46.5083801746, -116.526958466 46.508403182, -116.527141571 46.5084260702, -116.527324677 46.5084491968, -116.527507782 46.5084710121, -116.527691841 46.5084941387, -116.52786684 46.5085171461, -116.528049946 46.5085401535, -116.528225899 46.5085630417, -116.528514862 46.5085971355, -116.528926849 46.5085481405, -116.529103279 46.5085251331, -116.529285908 46.5085021257, -116.529461861 46.5084791183, -116.529644966 46.508456111, -116.529828072 46.5084332228, -116.530003071 46.5084072351, -116.530185699 46.5083839893, -116.530368805 46.5083611012, -116.530545235 46.5083380938, -116.530727863 46.5083152056, -116.531002998 46.5082809925, -116.531270027 46.508243084, -116.531445026 46.5082159042, -116.531620979 46.5081889629, -116.531804085 46.5081619024, -116.531979084 46.5081359148, -116.532155037 46.5081089735, -116.532338142 46.508081913, -116.532513142 46.5080560446, -116.53269577 46.5080289841, -116.5328722 46.5080020428, -116.533047199 46.5079760551, -116.533229828 46.5079489946, -116.533405781 46.5079220533, -116.533588886 46.507895112, -116.533764839 46.5078690052, -116.533939838 46.5078419447, -116.534122944 46.5078148842, -116.534298897 46.5077888966, -116.534482002 46.5077619553, -116.534657001 46.5077348948, -116.534832954 46.5077090263, -116.53501606 46.5076819658, -116.535191059 46.5076550245, -116.535367012 46.507627964, -116.535550117 46.5076018572, -116.535725117 46.5075749159, -116.535907745 46.5075478554, -116.536084175 46.5075218678, -116.536259174 46.5074949265, -116.536441803 46.5074678659, -116.536618233 46.5074409246, -116.536800861 46.507414937, -116.536975861 46.5073879957, -116.537151814 46.5073609352, -116.537334919 46.5073349476, -116.537510872 46.5073080063, -116.537685871 46.5072808266, -116.537868977 46.5072548389, -116.53804493 46.5072317123, -116.538228035 46.5072008371, -116.538403034 46.5071737766, -116.538578987 46.5071476698, -116.538762093 46.5071247816, -116.538937092 46.5070978403, -116.539113045 46.5070707798, -116.53929615 46.5070447922, -116.539471149 46.5070178509, -116.539647102 46.5069907904, -116.539830208 46.5069648027, -116.540005207 46.5069378614, -116.540187836 46.5069108009, -116.5406003 46.5068458319, -116.54088974 46.5067847967, -116.54106617 46.5067508221, -116.541241169 46.5067126751, -116.541417122 46.5066746473, -116.541584969 46.5066398382, -116.541760445 46.5066016912, -116.541936398 46.5065636635, -116.542111397 46.5065257549, -116.54228735 46.5064917803, -116.542461872 46.5064526796, -116.542636871 46.5064146519, -116.542805195 46.5063767433, -116.542981148 46.5063427687, -116.543156147 46.5063046217, -116.5433321 46.5062668324, -116.543507099 46.5062277317, -116.543683052 46.5061937571, -116.543858051 46.5061556101, -116.544034004 46.5061178207, -116.544202328 46.5060796738, -116.544377327 46.5060446262, -116.544552326 46.5060065985, -116.544728279 46.5059685707, -116.544903278 46.5059306622, -116.545079231 46.5058966875, -116.54525423 46.5058575869, -116.545430183 46.5058195591, -116.54559803 46.5057816505, -116.545773029 46.5057476759, -116.545949459 46.5057095289, -116.546123981 46.5056706667, -116.546299934 46.5056326389, -116.546474934 46.5055985451, -116.546651363 46.5055605173, -116.546826363 46.5055226088, -116.547002316 46.505484581, -116.547169209 46.5054495335, -116.547345161 46.5054116249, -116.547520161 46.5053735971, -116.547696114 46.5053355694, -116.548085213 46.5052515268, -116.548398018 46.5052515268, -116.548817158 46.5052515268, -116.549107075 46.5053274632, -116.549512386 46.5054345131, -116.549763203 46.5055524111, -116.549908161 46.5056215525, -116.550061226 46.5056934357, -116.550206184 46.505766511, -116.550358295 46.5058344603, -116.55051136 46.5059075356, -116.550664425 46.5059794188, -116.550809383 46.5060485601, -116.550961018 46.5061215162, -116.551114082 46.5061933994, -116.55139637 46.5063275099, -116.551564693 46.5063083172, -116.551663399 46.5064644814, -116.551961422 46.5065824986, -116.552121162 46.5066473484, -116.552357674 46.5067423582, -116.552510262 46.5068874359, -116.552754402 46.5071284771, -116.55286932 46.5073263645, -116.552937031 46.5074445009, -116.553082466 46.5077044964, -116.55328846 46.5078724623, -116.553403378 46.5079712868, -116.553517342 46.5080704689, -116.553631306 46.5081654787, -116.553807259 46.508318305, -116.55399847 46.5084484816, -116.554127693 46.5085353851, -116.554257393 46.5086234808, -116.554387093 46.5087152719, -116.554516792 46.5088022947, -116.554646492 46.5088902712, -116.554776192 46.5089783669, -116.554906368 46.5090693235, -116.555035591 46.5091573, -116.555165291 46.5092453957, -116.555295467 46.5093333721, -116.555424213 46.5094243288, -116.55555439 46.5095123053, -116.555684566 46.5096002817, -116.555813313 46.5096913576, -116.555943489 46.5097793341, -116.556073666 46.5098673105, -116.556203842 46.5099543333, -116.556332588 46.5100463629, -116.556462765 46.5101343393, -116.556592464 46.5102213621, -116.556721687 46.5103093386, -116.556851387 46.5103974342, -116.557088375 46.510561347, -116.557400703 46.5107293129, -116.557545662 46.5108052492, -116.55769062 46.5108853579, -116.557835579 46.5109612942, -116.558110714 46.5111101866, -116.55845356 46.5112171173, -116.558621407 46.5112671852, -116.558781624 46.5113202333, -116.558949947 46.5113731623, -116.559117794 46.511423111, -116.559285641 46.5114761591, -116.559453487 46.5115301609, -116.559621811 46.511583209, -116.559788704 46.5116332769, -116.559956551 46.5116862059, -116.560124397 46.5117402077, -116.560284615 46.5117890835, -116.560528755 46.5118662119, -116.56080389 46.5118662119, -116.560986519 46.5118662119, -116.561169624 46.5118662119, -116.561452866 46.5118660927, -116.561856747 46.5117402077, -116.562024593 46.5116862059, -116.56219244 46.5116330385, -116.562359333 46.5115790367, -116.562527657 46.5115261078, -116.562695503 46.5114730597, -116.562855721 46.5114191771, -116.563023567 46.511370182, -116.563412666 46.5112481117, -116.56361866 46.5111031532, -116.56374836 46.5110111237, -116.563885689 46.5109231472, -116.564015865 46.5108320713, -116.564305782 46.510633111, -116.564442635 46.5104391575, -116.564526558 46.5103241205, -116.564702511 46.5100841522, -116.564702511 46.5098590851, -116.564435482 46.509668231, -116.564313412 46.5095771551, -116.564183712 46.5094891787, -116.564053535 46.5093940496, -116.563924789 46.5093020201, -116.563794613 46.5092102289, -116.563580513 46.5090581179, -116.563344955 46.5087151527, -116.563275814 46.5084061623, -116.56324482 46.5082679987, -116.563183784 46.5079782009, -116.563313484 46.5078680515, -116.563939571 46.5078641176, -116.564259529 46.5077191591, -116.564412594 46.5076460838, -116.564564705 46.5075742006, -116.564725399 46.50750494, -116.565068722 46.5073450804, -116.565358639 46.5073109865, -116.565541744 46.5072879791, -116.565716743 46.5072689056, -116.565900326 46.5072499514, -116.566083431 46.5072270632, -116.566266537 46.5072040558, -116.566449642 46.5071848631, -116.566624641 46.507166028, -116.56689167 46.5071350336, -116.567158699 46.5070819855, -116.567334652 46.5070480108, -116.567517757 46.5070129633, -116.567692757 46.5069829226, -116.567952633 46.5069289207, -116.568219662 46.5068989992, -116.568402767 46.5068759918, -116.568577766 46.5068528652, -116.568761826 46.5068298578, -116.568936825 46.5068068504, -116.569119453 46.5067839622, -116.569302559 46.5067609549, -116.569478512 46.5067389011, -116.569661617 46.5067158937, -116.569836617 46.5066928864, -116.570019722 46.5066699982, -116.570195675 46.5066469908, -116.57037878 46.5066279173, -116.570660591 46.5065900087, -116.572186947 46.5065478086, -116.575413704 46.5071656704, -116.576718807 46.5074137449, -116.577450752 46.5078296661, -116.578213692 46.5082606077, -116.57886982 46.5091525316, -116.579465866 46.5104575157, -116.580496311 46.5118726492, -116.581289291 46.5127235651, -116.582479 46.5131775141, -116.584234238 46.5137035847, -116.588041306 46.514596343, -116.588339329 46.5146573782, -116.588514328 46.5146914721, -116.588690281 46.5147265196, -116.58886528 46.5147644281, -116.589040279 46.5147984028, -116.589216232 46.5148322582, -116.589391232 46.5148713589, -116.589567661 46.5149053335, -116.589742184 46.5149394274, -116.589918613 46.5149773359, -116.590093613 46.5150122643, -116.590269089 46.5150463581, -116.590444565 46.5150803328, -116.59075737 46.515145421, -116.591146469 46.5151994228, -116.591329575 46.5152213573, -116.591505527 46.5152443647, -116.591688156 46.515271306, -116.591863155 46.5152943134, -116.592046261 46.51531744, -116.592222214 46.5153443813, -116.592405319 46.5153661966, -116.592581272 46.515389204, -116.592764378 46.5154161453, -116.592939377 46.5154392719, -116.593122482 46.5154622793, -116.593298435 46.5154851675, -116.593481541 46.5155111551, -116.59365654 46.5155341625, -116.59400034 46.5155802965, -116.594328403 46.5157141685, -116.594488144 46.5157752037, -116.594640255 46.5158392191, -116.594801426 46.5159041882, -116.594961643 46.5159691572, -116.595113277 46.5160342455, -116.595274448 46.5160952806, -116.595518589 46.5161981583, -116.595861435 46.5163772106, -116.596006393 46.5164541006, -116.596151352 46.5165301561, -116.59629631 46.5166062117, -116.596441269 46.516682148, -116.596586704 46.5167630911, -116.596731663 46.5168390274, -116.596876621 46.5169152021, -116.59702158 46.5169911385, -116.597166538 46.5170680284, -116.597311497 46.5171442032, -116.597456455 46.5172201395, -116.597601414 46.5172972679, -116.597746849 46.5173732042, -116.597891808 46.5174530745, -116.598036766 46.5175290108, -116.598180771 46.5176061392, -116.598325729 46.5176820755, -116.598470688 46.5177582502, -116.598615646 46.5178351402, -116.598760605 46.5179110765, -116.598905563 46.517991066, -116.599050999 46.5180671215, -116.59919548 46.5181441307, -116.599340439 46.518220067, -116.599622726 46.5183719397, -116.599943638 46.51849401, -116.600103378 46.5185550451, -116.600263596 46.518617034, -116.600424767 46.5186780691, -116.600584507 46.5187391043, -116.600881577 46.5188530684, -116.601240635 46.5189520121, -116.601408958 46.5189980268, -116.601576805 46.5190439224, -116.601743698 46.5190929174, -116.601920128 46.5191390514, -116.602087498 46.519184947, -116.602255821 46.5192348957, -116.602422714 46.519280076, -116.602598667 46.5193259716, -116.602766514 46.5193759203, -116.602934837 46.5194209814, -116.60310173 46.519466877, -116.603269577 46.5195128918, -116.603446007 46.5195629597, -116.603613853 46.5196079016, -116.603780746 46.5196539164, -116.603948593 46.5197039843, -116.604116917 46.5197489262, -116.60429287 46.5197948217, -116.604459763 46.5198450089, -116.604627609 46.5198909044, -116.604795933 46.5199359655, -116.604971886 46.5199859142, -116.605138779 46.520031929, -116.605306625 46.5200779438, -116.605474949 46.5201228857, -116.605642796 46.5201728344, -116.605917931 46.5202490091, -116.606298923 46.5203939676, -116.606458664 46.5204550028, -116.606619835 46.5205157995, -116.606780052 46.5205768347, -116.606939793 46.5206377506, -116.60710001 46.5206987858, -116.607252598 46.5207598209, -116.607412815 46.5208207369, -116.607573032 46.520881772, -116.607732773 46.5209428072, -116.607893944 46.5210049152, -116.608053684 46.5210658312, -116.608213902 46.5211267471, -116.608374119 46.5211877823, -116.608733177 46.5213247538, -116.608801842 46.5215036869, -116.609038353 46.5215958357, -116.609198093 46.5216567516, -116.609358788 46.5217177868, -116.609519005 46.5217788219, -116.609678745 46.5218398571, -116.609838963 46.521900773, -116.609992027 46.521961689, -116.610289097 46.5220757723, -116.610533237 46.5221067667, -116.61070919 46.522125721, -116.610883713 46.5221486092, -116.611059666 46.5221717358, -116.611242771 46.5221947432, -116.611418247 46.5222136974, -116.611602306 46.5222367048, -116.611784935 46.5222598314, -116.611959934 46.5222817659, -116.61214304 46.5223046541, -116.612326145 46.5223237276, -116.612508774 46.522346735, -116.612684727 46.5223697424, -116.612867832 46.5223927498, -116.613265038 46.5224426985, -116.613593102 46.5224727392, -116.613768101 46.5224877596, -116.613951206 46.5225075483, -116.614135265 46.5225226879, -116.614310265 46.5225416422, -116.614492893 46.5225605965, -116.614675999 46.5225756168, -116.614859104 46.5225945711, -116.615035057 46.5226106644, -116.615218163 46.5226296186, -116.615401268 46.5226445198, -116.615577221 46.5226635933, -116.615882397 46.522693634, -116.616293907 46.5227476358, -116.616468906 46.5227706432, -116.616652012 46.5227965117, -116.616827965 46.522819519, -116.61701107 46.5228426456, -116.617186069 46.522865653, -116.617369175 46.5228925943, -116.617545128 46.5229156017, -116.617728233 46.5229386091, -116.617903233 46.5229644775, -116.618087292 46.5229874849, -116.618262291 46.5230104923, -116.618445396 46.5230374336, -116.618621349 46.5230605602, -116.618804455 46.5230835676, -116.618978977 46.5231055021, -116.619162083 46.5231325626, -116.619338036 46.5231554508, -116.619513035 46.5231784582, -116.61969614 46.5232056379, -116.619872093 46.5232285261, -116.620055199 46.5232505798, -116.620322227 46.5232895613, -116.62058115 46.5233504772, -116.62075758 46.523388505, -116.620925426 46.5234265327, -116.621100426 46.5234684944, -116.621276379 46.523506403, -116.621444225 46.5235483646, -116.621619225 46.5235862732, -116.621794224 46.523624301, -116.62196207 46.5236663818, -116.622138023 46.5237042904, -116.622504234 46.5237923861, -116.622817039 46.5238803625, -116.622985363 46.5239294767, -116.623160362 46.5239794254, -116.623328209 46.5240293741, -116.623488426 46.5240783691, -116.623763561 46.5241584778, -116.624076366 46.5243343115, -116.624221325 46.5244144201, -116.624366283 46.5244944096, -116.624503613 46.524574399, -116.624648094 46.5246583223, -116.624785423 46.5247342587, -116.625060558 46.5248873234, -116.625396252 46.5250014067, -116.625556469 46.5250552893, -116.625724316 46.5251122713, -116.626021385 46.5252114534, -116.62642622 46.5252994299, -116.626601219 46.5253373384, -116.626776218 46.5253753662, -116.626952171 46.525413394, -116.627127647 46.5254513025, -116.627303123 46.525490284, -116.627471447 46.5255284309, -116.627646446 46.5255662203, -116.627822399 46.5256043673, -116.627997398 46.525642395, -116.628173351 46.5256803036, -116.628348351 46.5257191658, -116.628516197 46.5257571936, -116.628691673 46.5257951021, -116.628867626 46.5258331299, -116.629264355 46.5259171724, -116.629576206 46.5259552002, -116.629752636 46.5259741545, -116.629935741 46.5259971619, -116.630111217 46.5260162354, -116.630294323 46.5260392427, -116.630469322 46.5260621309, -116.630652428 46.5260812044, -116.630835533 46.5261042118, -116.631011486 46.5261231661, -116.631385326 46.5261691809, -116.63175869 46.5261532068, -116.631942749 46.5261461735, -116.632125378 46.5261421204, -116.632308483 46.5261341333, -116.632605553 46.5261231661, -116.633025646 46.5260580778, -116.633200645 46.5260311365, -116.633376598 46.526001215, -116.633803368 46.5259361267, -116.634070396 46.525848031, -116.634230614 46.5257951021, -116.63439846 46.5257411003, -116.634566784 46.5256881714, -116.634734631 46.5256351233, -116.634993553 46.5255511999, -116.63536787 46.5253899097, -116.635520458 46.5253220797, -116.635672569 46.5252569914, -116.635825634 46.52518785, -116.635985374 46.5251230001, -116.636138916 46.5250549316, -116.63629055 46.5249859095, -116.636443615 46.5249210596, -116.636603355 46.5248529911, -116.63675642 46.5247879028, -116.637114525 46.5246350765, -116.637351513 46.5244829655, -116.637488365 46.5243990421, -116.637618542 46.5243110657, -116.637755394 46.5242270231, -116.637885571 46.5241429806, -116.638022423 46.5240550041, -116.638160706 46.5239710808, -116.638289452 46.523884058, -116.638427258 46.5237998962, -116.63855648 46.5237159729, -116.638694286 46.5236278772, -116.638831615 46.5235439539, -116.638961792 46.5234599113, -116.639098644 46.5233719349, -116.639235497 46.5232889652, -116.639365673 46.5232049227, -116.639502525 46.5231169462, -116.639640331 46.5230329037, -116.639769554 46.5229489803, -116.63990736 46.5228610039, -116.640036583 46.5227769613, -116.640174389 46.5226899385, -116.640311718 46.5226060152, -116.640441418 46.5225219727, -116.640578747 46.5224339962, -116.640708447 46.5223499537, -116.640845776 46.5222660303, -116.640975475 46.5221818686, -116.641181469 46.5220489502, -116.641341686 46.521914959, -116.64145565 46.5218157768, -116.641570568 46.5217168331, -116.641692638 46.5216177702, -116.641806602 46.5215188265, -116.642012596 46.5213427544, -116.642165661 46.5210946798, -116.642241955 46.5209807158, -116.642318726 46.5208656788, -116.642386913 46.5207517147, -116.64246273 46.5206339359, -116.642531395 46.520518899, -116.642607689 46.5204046965, -116.64268446 46.5202897787, -116.642752647 46.5201718807, -116.642829418 46.5200568438, -116.642905712 46.5199428797, -116.642974854 46.5198248625, -116.643050671 46.5197098255, -116.643126488 46.5195958614, -116.643195629 46.5194778442, -116.643271446 46.5193628073, -116.643348694 46.5192488432, -116.643416405 46.5191338062, -116.643492699 46.519015789, -116.643561363 46.518901825, -116.643637657 46.518786788, -116.643706799 46.5186728239, -116.643782616 46.5185579062, -116.64393568 46.5183258057, -116.644126415 46.5181268454, -116.644233704 46.5180237293, -116.644339561 46.5179246664, -116.644439697 46.5178217888, -116.644545555 46.5177147388, -116.644652367 46.517611742, -116.644759655 46.5175087452, -116.64485836 46.5174056292, -116.644965649 46.5173027515, -116.64507246 46.5171997547, -116.645171642 46.5170967579, -116.645278454 46.5169897079, -116.645385265 46.5168867111, -116.645621777 46.5166546106, -116.645842552 46.5165017843, -116.645972729 46.5164107084, -116.646102428 46.516322732, -116.646231651 46.5162347555, -116.646361351 46.5161436796, -116.646491528 46.5160557032, -116.646781445 46.5158576965, -116.647032261 46.5157237053, -116.647177696 46.5156476498, -116.647322655 46.5155705214, -116.647475719 46.515494585, -116.647704601 46.5153765678, -116.648108482 46.5152544975, -116.648276329 46.5152045488, -116.648444653 46.515155673, -116.648612499 46.5151056051, -116.648780346 46.5150555372, -116.648947716 46.5150065422, -116.649115562 46.5149526596, -116.649390697 46.5148726702, -116.649810791 46.5148274899, -116.64999342 46.5148075819, -116.650168419 46.5147887468, -116.650351524 46.5147665739, -116.650649548 46.5147355795, -116.651061535 46.5147274733, -116.65124464 46.5147274733, -116.651427746 46.514724493, -116.651610374 46.5147205591, -116.65179348 46.5147205591, -116.652175426 46.5147125721, -116.652510643 46.5147274733, -116.652694702 46.5147395134, -116.652877331 46.5147465467, -116.653060436 46.5147584677, -116.653243542 46.5147665739, -116.653426647 46.5147736073, -116.653601646 46.5147855282, -116.653785706 46.5147923231, -116.653968334 46.5148004293, -116.65415144 46.5148115158, -116.654334545 46.5148193836, -116.654517651 46.5148303509, -116.654700756 46.5148384571, -116.654883862 46.5148463249, -116.655059814 46.5148574114, -116.65524292 46.5148653984, -116.655426025 46.5148723125, -116.655608654 46.5148843527, -116.655791759 46.5148915052, -116.655974865 46.514903307, -116.656150818 46.5149103403, -116.656333923 46.5149184465, -116.656707764 46.5149374008, -116.65705061 46.5150023699, -116.657225609 46.5150364637, -116.657401562 46.5150712729, -116.657576561 46.5151053667, -116.657752991 46.5151393414, -116.65792799 46.5151743889, -116.658103466 46.5152082443, -116.658278465 46.5152423382, -116.658454895 46.5152772665, -116.658629894 46.5153113604, -116.658805847 46.5153454542, -116.65906477 46.5153954029, -116.659354687 46.5154223442, -116.659537792 46.5154372454, -116.659720898 46.5154523849, -116.659904003 46.5154672861, -116.660079956 46.5154833794, -116.660263062 46.5154982805, -116.66044569 46.5155134201, -116.660628796 46.5155283213, -116.660804749 46.5155441761, -116.660987854 46.5155590773, -116.661170959 46.5155742168, -116.661345959 46.515589118, -116.661529064 46.5156052113, -116.661711693 46.5156241655, -116.661895752 46.515635252, -116.662276745 46.5156700611, -116.662619591 46.5156770945, -116.662802696 46.5156811476, -116.662986755 46.5156892538, -116.663169861 46.515692234, -116.663352966 46.5156962872, -116.663535595 46.5157001019, -116.663710594 46.515704155, -116.6638937 46.5157082081, -116.664077759 46.515712142, -116.664260864 46.5157190561, -116.66444397 46.5157231092, -116.664627075 46.5157271624, -116.664809704 46.5157310963, -116.664992809 46.5157341957, -116.665175915 46.5157381296, -116.665351868 46.5157421827, -116.665534973 46.5157500505, -116.665718079 46.5157541037, -116.665901184 46.5157570839, -116.666083813 46.515761137, -116.666266918 46.5157651901, -116.666450024 46.515769124, -116.666633129 46.5157731771, -116.666817188 46.5157800913, -116.666999817 46.5157841444, -116.667182922 46.5157881975, -116.667366028 46.5157921314, -116.667549133 46.5157952309, -116.667724133 46.5157990456, -116.667908192 46.5158029795, -116.66809082 46.5158109665, -116.668273926 46.5158149004, -116.668457031 46.5158179998, -116.668640137 46.515822053, -116.668930054 46.51583004, -116.669349194 46.5159019232, -116.669525146 46.5159330368, -116.669700146 46.5159629583, -116.669876099 46.5159939528, -116.670058727 46.5160239935, -116.670233727 46.5160549879, -116.670410156 46.5160850286, -116.670753002 46.5161460638, -116.671134949 46.5162650347, -116.671302795 46.5163140297, -116.671470165 46.5163680315, -116.671638012 46.5164209604, -116.672011852 46.5165359974, -116.672362804 46.516569972, -116.672539234 46.5165889263, -116.67272234 46.5166078806, -116.672904968 46.5166269541, -116.673079967 46.5166418552, -116.673332214 46.5166689157, -116.673652172 46.5166459084, -116.673828125 46.516630888, -116.67401123 46.5166189671, -116.674187183 46.5166038275, -116.674370289 46.5165889263, -116.674552917 46.5165768862, -116.674736023 46.5165617466, -116.674919128 46.5165507793, -116.675094128 46.516535759, -116.675278187 46.5165199041, -116.675461292 46.5165088177, -116.675643921 46.5164936781, -116.676018238 46.5164667368, -116.676346302 46.5163908005, -116.676521301 46.5163488388, -116.676697254 46.5163098574, -116.676872253 46.5162677765, -116.6770401 46.5162298679, -116.677215099 46.5161877871, -116.677391052 46.5161497593, -116.677566051 46.5161077976, -116.677733898 46.5160697699, -116.677910328 46.5160278082, -116.678085327 46.5159897804, -116.678253651 46.5159476995, -116.678436279 46.5159058571, -116.678612232 46.5158678293, -116.678787231 46.5158257484, -116.678963184 46.5157878399, -116.679291248 46.5157116652, -116.679550171 46.5154787302, -116.679657459 46.5153827667, -116.679771423 46.5152796507, -116.679886341 46.5151808262, -116.679992199 46.5150777102, -116.680107117 46.5149787664, -116.680221081 46.5148756504, -116.680335999 46.5147767067, -116.680519104 46.5146126747, -116.681045055 46.514311552, -116.681083202 46.5139676332, -116.681213379 46.5138117075, -116.68141222 46.5136936903, -116.681549549 46.5136125088, -116.681685925 46.5135325193, -116.681824207 46.513448596, -116.68196106 46.5133686066, -116.682098389 46.5132886171, -116.682236195 46.5132046938, -116.682373047 46.5131245852, -116.682510376 46.5130405426, -116.682655334 46.5129566193, -116.682792187 46.5128766298, -116.682929993 46.5127925873, -116.683067322 46.5127086639, -116.68321228 46.5126286745, -116.683349133 46.512544632, -116.683487415 46.5124604702, -116.683632374 46.5123775005, -116.683769226 46.5122965574, -116.683906078 46.5122125149, -116.68418932 46.5120456219, -116.684448242 46.5118775368, -116.684578419 46.5117894411, -116.684715271 46.5117055178, -116.684845448 46.5116174221, -116.684974194 46.5115305185, -116.685112 46.511446476, -116.685242176 46.5113584995, -116.685370922 46.5112704039, -116.685509205 46.5111864805, -116.685638428 46.5110994577, -116.685776234 46.5110114813, -116.685905457 46.510923624, -116.686035156 46.5108394623, -116.686172009 46.510751605, -116.686302185 46.5106645823, -116.686432362 46.5105766058, -116.686569214 46.5104925632, -116.68669939 46.5104045868, -116.686828136 46.5103174448, -116.686966419 46.5102334023, -116.687095165 46.5101454258, -116.687225342 46.5100574493, -116.687362194 46.5099693537, -116.687491894 46.509886384, -116.68762207 46.5097984076, -116.687758923 46.5097104311, -116.687889099 46.5096263885, -116.688019276 46.5095384121, -116.688156128 46.5094513893, -116.688286304 46.5093634129, -116.688423157 46.5092793703, -116.688553333 46.5091913939, -116.688682079 46.5091034174, -116.688820362 46.5090163946, -116.688949108 46.5089324713, -116.689079285 46.5088443756, -116.689216137 46.5087563992, -116.689346313 46.5086723566, -116.689476013 46.508585453, -116.689750195 46.5084093809, -116.690018177 46.5082452297, -116.690155506 46.5081613064, -116.690292358 46.5080772638, -116.690429211 46.5079933405, -116.690567493 46.5079092979, -116.690704346 46.5078293085, -116.690841198 46.5077453852, -116.690979004 46.5076624155, -116.69110918 46.507578373, -116.691253185 46.5074943304, -116.691383362 46.507414341, -116.691520214 46.5073302984, -116.691658497 46.5072462559, -116.691795349 46.5071623325, -116.691932201 46.50707829, -116.692070007 46.5069943666, -116.692207336 46.5069143772, -116.692344189 46.5068303347, -116.692481995 46.5067464113, -116.692619324 46.5066622496, -116.692756176 46.5065783262, -116.692894459 46.5064942837, -116.693031311 46.506414175, -116.693168163 46.5063301325, -116.693305969 46.5062462091, -116.693443298 46.5061621666, -116.693580151 46.506078124, -116.693710327 46.5059982538, -116.693847179 46.5059142113, -116.693985462 46.5058302879, -116.694122314 46.5057470798, -116.694412231 46.5055712461, -116.69464922 46.5053881407, -116.69477129 46.5052931309, -116.694885254 46.5052011013, -116.695007324 46.5051062107, -116.695129395 46.505010128, -116.695251465 46.5049151182, -116.695373058 46.5048233271, -116.695487976 46.5047281981, -116.695610046 46.5046331882, -116.695732117 46.5045371056, -116.695854187 46.5044460297, -116.695976257 46.5043501854, -116.696098328 46.5042551756, -116.696213245 46.5041600466, -116.696335316 46.5040642023, -116.696457386 46.5039731264, -116.696579456 46.5038771629, -116.69670105 46.5037820339, -116.696815014 46.5036871433, -116.696937084 46.5035951138, -116.697059155 46.503500104, -116.697182178 46.5034042597, -116.697304249 46.5033091307, -116.697418213 46.5032171011, -116.697655201 46.5030339956, -116.697952271 46.5028592348, -116.698097229 46.5027791262, -116.698234081 46.5026990175, -116.698479176 46.5025539398, -116.698883057 46.5024540424, -116.69905138 46.5024129152, -116.699219227 46.5023710728, -116.699394226 46.5023289919, -116.699570179 46.5022870302, -116.699737549 46.5022410154, -116.699966431 46.5021840334, -116.700249195 46.5021339655, -116.700432301 46.5020999908, -116.7006073 46.5020649433, -116.700783253 46.5020349026, -116.700958252 46.5020010471, -116.701134205 46.5019659996, -116.701309204 46.5019360781, -116.701484203 46.5019010305, -116.701660156 46.5018669367, -116.701843262 46.5018359423, -116.702019215 46.5018019676, -116.702194214 46.5017719269, -116.702369213 46.5017368793, -116.702545643 46.5017030239, -116.702720165 46.5016689301, -116.702904224 46.5016379356, -116.703079224 46.501603961, -116.703255653 46.5015729666, -116.703430176 46.5015388727, -116.703605175 46.5015048981, -116.703781128 46.5014737844, -116.703964233 46.501439929, -116.704140186 46.5014048815, -116.704315186 46.5013749599, -116.704490185 46.5013408661, -116.704666138 46.5013058186, -116.704841137 46.501275897, -116.705017567 46.5012408495, -116.705192566 46.5012108088, -116.705368519 46.5011768341, -116.705543518 46.5011458397, -116.705864429 46.5010848045, -116.706230164 46.5010699034, -116.706405163 46.5010617971, -116.706589699 46.5010538101, -116.706772327 46.501046896, -116.706955433 46.5010387897, -116.707130432 46.5010317564, -116.707313538 46.5010237694, -116.707496166 46.5010159016, -116.707680225 46.5010088682, -116.707863331 46.501000762, -116.708046436 46.5009926558, -116.708229542 46.5009856224, -116.70841217 46.5009778738, -116.708587646 46.5009708405, -116.708771706 46.5009627342, -116.708954334 46.500954628, -116.70913744 46.5009478331, -116.709320545 46.5009397268, -116.709503651 46.5009317398, -116.709686756 46.5009247065, -116.709869385 46.5009167194, -116.71005249 46.5009096861, -116.710235596 46.5009016991, -116.710419655 46.5008935928, -116.71060276 46.5008897781, -116.710785866 46.5008827448, -116.710968494 46.5008747578, -116.7111516 46.5008677244, -116.711334705 46.5008596182, -116.711510658 46.500851512, -116.711693287 46.5008444786, -116.712013721 46.5008286238, -116.712410927 46.5007486343, -116.712677956 46.5006916523, -116.712913513 46.5006155968, -116.713074684 46.500561595, -116.713234425 46.5005125999, -116.713386536 46.5004626513, -116.7135396 46.500413537, -116.713867664 46.5003025532, -116.714271545 46.5002604723, -116.714454651 46.5002374649, -116.714630604 46.5002186298, -116.714813709 46.5001994371, -116.714989662 46.500176549, -116.715172291 46.5001574755, -116.71552372 46.5001194477, -116.715782642 46.500184536, -116.715950489 46.5002304316, -116.716217518 46.5002985001, -116.716537476 46.5004974604, -116.716675758 46.50058043, -116.716812611 46.5006644726, -116.71694994 46.5007485151, -116.717079639 46.5008324385, -116.717216492 46.500916481, -116.717354774 46.5010006428, -116.717491627 46.5010885, -116.717628479 46.5011726618, -116.717766762 46.5012565851, -116.717903614 46.5013403893, -116.718040466 46.5014244318, -116.718178749 46.5015074015, -116.718475819 46.5016914606, -116.718773365 46.5017974377, -116.718933582 46.5018583536, -116.719101906 46.5019164085, -116.719368935 46.5020114183, -116.719993591 46.5020114183, -116.720329762 46.5018583536, -116.720489979 46.5017902851, -116.720642567 46.5017213821, -116.720795155 46.50165236, -116.721123695 46.5015074015, -116.721405983 46.5014504194, -116.721580505 46.5014163256, -116.721756458 46.5013782978, -116.721931458 46.5013432503, -116.722107887 46.5013093948, -116.722282887 46.5012713671, -116.722458839 46.5012372732, -116.722633839 46.5011982918, -116.722809792 46.5011643171, -116.722984791 46.5011262894, -116.723160744 46.5010923147, -116.723335743 46.5010572672, -116.723511696 46.5010193586, -116.723678589 46.500985384, -116.723854542 46.5009503365, -116.724030018 46.5009123087, -116.724205494 46.5008784533, -116.724380493 46.5008403063, -116.724731922 46.5007712841, -116.725075722 46.5006762743, -116.725242615 46.5006263256, -116.725410938 46.5005801916, -116.725578785 46.5005352497, -116.725754738 46.5004850626, -116.725922108 46.500439167, -116.726089954 46.5003942251, -116.726257801 46.5003441572, -116.726425648 46.5002981424, -116.726777077 46.5001990795, -116.726936817 46.5001342297, -116.727089882 46.5000692606, -116.727493763 46.499882102, -116.72774601 46.4996612072, -116.727852821 46.4995621443, -116.727966785 46.4994591475, -116.728073597 46.4993600845, -116.728180885 46.4992611408, -116.728287697 46.4991611242, -116.728393555 46.4990581274, -116.728500843 46.4989590645, -116.728608131 46.49886024, -116.728859901 46.4986312389, -116.728981972 46.4984401464, -116.729057789 46.4983260632, -116.729133606 46.4982081652, -116.729210854 46.4980931282, -116.729385853 46.4978260994, -116.729401112 46.4976129532, -116.729416847 46.4973490238, -116.729332924 46.4971128702, -116.729255676 46.4968879223, -116.728851795 46.4967310429, -116.728508949 46.4967119694, -116.728317738 46.4967010021, -116.728126526 46.496688962, -116.727699757 46.4966630936, -116.727264881 46.4965751171, -116.726936817 46.4963880777, -116.726768494 46.4961711168, -116.72668457 46.4960560799, -116.726532936 46.4958652258, -116.726135731 46.4956791401, -116.725876331 46.4953812361, -116.725723743 46.4951519966, -116.725647449 46.4950380325, -116.725578785 46.4949231148, -116.725502491 46.4948052168, -116.725342751 46.4945610762, -116.725273609 46.4943281412, -116.725212574 46.4941030741, -116.725242615 46.4938321114, -116.725265503 46.4937031269, -116.725281715 46.4935771227, -116.72530365 46.4933738708, -116.725532532 46.4931229353, -116.725670338 46.4929630756, -116.725876331 46.4928369522, -116.72601366 46.4927530289, -116.726150513 46.4926689863, -116.726288795 46.492585063, -116.726417542 46.4925050735, -116.726555824 46.492421031, -116.726692677 46.4923371077, -116.726829529 46.4922529459, -116.726967335 46.4921689034, -116.727104664 46.49208498, -116.727241516 46.4920009375, -116.727379799 46.4919170141, -116.727516651 46.4918329716, -116.727653503 46.491748929, -116.727791786 46.4916658401, -116.727928638 46.4915819168, -116.728218555 46.4914059639, -116.728500366 46.4912759066, -116.728653431 46.4912078381, -116.728805542 46.4911389351, -116.728958607 46.4910669327, -116.729111671 46.4909980297, -116.729263783 46.4909288883, -116.729408741 46.4908570051, -116.729561806 46.4907879829, -116.729866982 46.490650773, -116.730758667 46.4902387857, -116.732880116 46.4895248413, -116.737968922 46.4879915714, -116.738830566 46.4877815247, -116.739510059 46.487911582, -116.742042542 46.4883953333, -116.743668079 46.4883043766, -116.744759083 46.4884644747, -116.745980263 46.4882313013, -116.749222755 46.4880021811, -116.750298023 46.4877352715, -116.750992775 46.4875642061, -116.751496315 46.4872931242, -116.752808094 46.4865831137, -116.753907204 46.4858281612, -116.754670143 46.485213995, -116.755036354 46.4847559929, -116.754936695 46.4837260246, -116.754379749 46.4823338985, -116.753816128 46.4801819324, -116.753029823 46.4791098833, -116.753059864 46.4785109758, -116.753258705 46.4781450033, -116.753822803 46.4776229858, -116.755280018 46.4765048027, -116.75740099 46.4751347303, -116.75836277 46.4747457504, -116.760048866 46.4746776819, -116.762894154 46.4742046595, -116.764145851 46.4736624956, -116.765923023 46.4728956223, -116.768998146 46.4715645313, -116.770379066 46.4709655046, -116.77210331 46.4698214531, -116.773492336 46.4690654278, -116.774453163 46.4682223797, -116.77495718 46.4664413929, -116.775383949 46.4655753374, -116.776017189 46.4646782875, -116.777969837 46.4629011154, -116.778862953 46.4621642828, -116.781213284 46.4602110386, -116.781884193 46.4596582651, -116.783173084 46.4583569765, -116.784958839 46.4571020603, -116.787614346 46.4556180239, -116.790955067 46.4532648325, -116.793038368 46.4522386789, -116.795884132 46.4514377117, -116.797967434 46.451005578, -116.801904202 46.4508036375, -116.807229519 46.4500296116, -116.8080616 46.4499834776, -116.808686733 46.4500755072, -116.811791897 46.4512653351, -116.813378811 46.4516123533, -116.815134048 46.451700449, -116.815698624 46.4516123533, -116.816933632 46.4511504173, -116.817773819 46.4508384466, -116.818574905 46.4505403042, -116.819002151 46.4506092072, -116.819299698 46.4505212307, -116.819467068 46.450471282, -116.819634914 46.4504224062, -116.819796085 46.4503723383, -116.819962978 46.4503232241, -116.820130825 46.4502732754, -116.820298672 46.4502233267, -116.820466995 46.4501742125, -116.820634842 46.4501242638, -116.820803165 46.450075388, -116.820962906 46.4500254393, -116.821130753 46.4499762058, -116.821299076 46.4499263763, -116.821465969 46.4498763084, -116.821633816 46.4498273134, -116.821801662 46.4497772455, -116.821969986 46.4497283697, -116.822137833 46.449678421, -116.822473049 46.4495793581, -116.822831631 46.4495482445, -116.823014736 46.4495294094, -116.823197842 46.4495142698, -116.823472977 46.4494911432, -116.823731899 46.4494411945, -116.823907852 46.4494111538, -116.824082851 46.4493771791, -116.824258804 46.4493422508, -116.82443428 46.4493123293, -116.824610233 46.4492772818, -116.824785233 46.449247241, -116.824961185 46.4492131472, -116.825136185 46.4491821527, -116.825318813 46.4491481781, -116.825494766 46.4491132498, -116.825669765 46.449083209, -116.825846195 46.4490492344, -116.826021194 46.44901824, -116.826197147 46.4489841461, -116.8265481 46.4489191771, -116.826882839 46.4488232136, -116.827051163 46.4487740993, -116.827219009 46.4487241507, -116.827386856 46.4486792088, -116.827561855 46.4486291409, -116.827730179 46.4485832453, -116.828065872 46.4484841824, -116.82838583 46.4483661652, -116.828546047 46.44830513, -116.828707218 46.4482440948, -116.828867435 46.4481860399, -116.829027176 46.4481250048, -116.829187393 46.448064208, -116.829348087 46.4480031729, -116.829508305 46.4479461908, -116.829668045 46.4478851557, -116.829828262 46.4478241205, -116.829981327 46.4477630854, -116.830141068 46.4477061033, -116.830301285 46.4476450682, -116.830461025 46.4475841522, -116.830622196 46.4475229979, -116.830781937 46.4474622011, -116.830942154 46.4474042654, -116.831102371 46.4473432302, -116.831262112 46.4472821951, -116.831423283 46.4472211599, -116.831583023 46.4471641779, -116.83174324 46.4471031427, -116.831902981 46.4470421076, -116.832064152 46.4469810724, -116.832224369 46.4469200373, -116.832384109 46.4468630552, -116.832544327 46.4468020201, -116.832704067 46.4467412233, -116.832865238 46.4466801882, -116.833024979 46.446622014, -116.833185196 46.4465609789, -116.833345413 46.4464999437, -116.833506584 46.4464389086, -116.833666325 46.4463779926, -116.833826065 46.4463208914, -116.833986282 46.4462600946, -116.834146023 46.4461990595, -116.834307194 46.4461380243, -116.834466934 46.4460769892, -116.834627151 46.4460200071, -116.834787369 46.445958972, -116.834947109 46.4458979368, -116.83510828 46.4458369017, -116.835268021 46.4457789659, -116.835428238 46.4457179308, -116.835588455 46.4456568956, -116.835749149 46.4455960989, -116.835909367 46.4455391169, -116.836069584 46.4454780817, -116.836229324 46.4454170465, -116.836389065 46.4453560114, -116.836550236 46.4452949762, -116.836710453 46.4452379942, -116.836870193 46.445176959, -116.837029934 46.4451159239, -116.837191105 46.4450548887, -116.837351322 46.444994092, -116.837511063 46.4449360371, -116.83767128 46.4448748827, -116.83783102 46.4448138475, -116.837999344 46.4447530508, -116.838151932 46.4446920156, -116.838312149 46.4446309805, -116.838479996 46.4445739985, -116.838640213 46.4445129633, -116.83880043 46.4444519281, -116.838961124 46.444390893, -116.839121342 46.4443298578, -116.839281082 46.4442728758, -116.839441299 46.444210887, -116.83960104 46.4441498518, -116.839762211 46.4440890551, -116.839922428 46.4440319538, -116.840074062 46.4439709187, -116.840235233 46.4439100027, -116.840394974 46.4438489676, -116.840555191 46.4437919855, -116.840714931 46.4437309504, -116.840876102 46.4436699152, -116.84103632 46.44360888, -116.841196537 46.443551898, -116.841356277 46.4434908628, -116.841516495 46.4434289932, -116.841791153 46.4433258772, -116.842188358 46.443264842, -116.842363358 46.4432387352, -116.842546463 46.4432117939, -116.842722416 46.4431847334, -116.842905521 46.4431548119, -116.843279362 46.4430977106, -116.843607426 46.4430247545, -116.843782425 46.4429867268, -116.843958378 46.442948699, -116.844133377 46.4429107904, -116.84430933 46.4428727627, -116.844484329 46.442833662, -116.844652176 46.4427918196, -116.844828129 46.4427577257, -116.845003128 46.442719698, -116.845270157 46.4426589012, -116.845529556 46.4426548481, -116.845705509 46.4426548481, -116.845888138 46.442650795, -116.846071243 46.4426467419, -116.846262455 46.4426467419, -116.84644556 46.4426437616, -116.846788406 46.4426397085, -116.847170353 46.4426697493, -116.847345352 46.4426887035, -116.847528458 46.4427047968, -116.847711563 46.442719698, -116.847895622 46.4427348375, -116.848070621 46.4427497387, -116.84825325 46.4427658319, -116.848436356 46.4427807331, -116.848619461 46.4427999258, -116.848795414 46.442814827, -116.848978519 46.4428306818, -116.849161625 46.4428458214, -116.849337578 46.4428607225, -116.849665642 46.442891717, -116.850054741 46.4429597855, -116.85022974 46.4429907799, -116.850405693 46.4430208206, -116.850580692 46.4430516958, -116.850756645 46.4430856705, -116.850931644 46.4431166649, -116.85111475 46.4431467056, -116.851290703 46.4431777, -116.851465225 46.4432117939, -116.851641655 46.4432427883, -116.851816654 46.4432727098, -116.851992607 46.4433038235, -116.852175713 46.4433377981, -116.852350712 46.4433677197, -116.852526665 46.4433987141, -116.852701664 46.4434286356, -116.852877617 46.4434636831, -116.853052616 46.4434937239, -116.853228569 46.4435247183, -116.853404045 46.443554759, -116.853662491 46.4436006546, -116.853922367 46.4436768293, -116.854090691 46.4437227249, -116.854257584 46.4437726736, -116.85442543 46.4438217878, -116.854593754 46.4438717365, -116.8547616 46.4439176321, -116.854929924 46.4439667463, -116.855097771 46.4440168142, -116.855265617 46.4440666437, -116.85543251 46.4441156387, -116.855600834 46.4441617727, -116.855776787 46.4442106485, -116.855944633 46.4442607164, -116.856111526 46.4443107843, -116.856508732 46.4444247484, -116.856791019 46.4444817305, -116.856966496 46.444516778, -116.857141495 46.4445506334, -116.857317924 46.4445847273, -116.857492924 46.4446197748, -116.857668877 46.4446537495, -116.857843876 46.4446878433, -116.858019829 46.4447226524, -116.858194828 46.4447566271, -116.858370781 46.4447907209, -116.85854578 46.4448257685, -116.858827591 46.4448827505, -116.859255791 46.4449168444, -116.859438896 46.4449315071, -116.859622002 46.4449436665, -116.85980463 46.4449585676, -116.859987736 46.444973588, -116.860163689 46.444989562, -116.860346794 46.4450045824, -116.8605299 46.4450155497, -116.860713005 46.4450316429, -116.861109734 46.4450656176, -116.861421585 46.4451305866, -116.861598015 46.4451645613, -116.862001896 46.4452445507, -116.862306595 46.4452676773, -116.862490654 46.4452825785, -116.862673759 46.4452946186, -116.862856865 46.4453095198, -116.86303997 46.4453216791, -116.863223076 46.4453365803, -116.863398075 46.4453475475, -116.863582134 46.4453635216, -116.863886833 46.4453825951, -116.864253044 46.4455156326, -116.864412785 46.4455726147, -116.864581108 46.4456305504, -116.864840031 46.4457256794, -116.865267754 46.4457975626, -116.865534782 46.4458436966, -116.865801811 46.4458515644, -116.865984917 46.4458556175, -116.866168022 46.4458585978, -116.866351128 46.4458626509, -116.866533756 46.4458665848, -116.866716862 46.4458706379, -116.866899967 46.445874691, -116.867083073 46.4458785057, -116.867487907 46.4458855391, -116.867800713 46.4458436966, -116.867975712 46.4458165169, -116.868158817 46.4457944632, -116.868335247 46.4457675219, -116.868517876 46.4457446337, -116.868692875 46.4457175732, -116.86887598 46.4456914663, -116.86906004 46.4456684589, -116.869235039 46.4456415176, -116.869418144 46.4456185102, -116.869594097 46.4455915689, -116.869777203 46.4455696344, -116.869952202 46.4455425739, -116.870128155 46.4455194473, -116.870433331 46.4454776049, -116.870760918 46.4453055859, -116.870913029 46.4452296495, -116.871226311 46.4450654984, -116.871547222 46.4450155497, -116.871722221 46.4449855089, -116.871898174 46.4449585676, -116.872073174 46.4449285269, -116.872256279 46.4449014664, -116.872432232 46.444870472, -116.872607231 46.4448405504, -116.872783184 46.4448134899, -116.87296629 46.4447835684, -116.873140812 46.4447565079, -116.873317242 46.4447255135, -116.873492241 46.4446953535, -116.873675346 46.444668293, -116.873851299 46.4446383715, -116.874026299 46.4446073771, -116.874208927 46.4445813894, -116.87438488 46.4445502758, -116.874559879 46.4445192814, -116.874742985 46.4444932938, -116.874919415 46.4444622993, -116.875094414 46.4444363117, -116.875277042 46.4444053173, -116.875452995 46.4443752766, -116.875627995 46.4443483353, -116.87598753 46.4442913532, -116.876712322 46.4441694021, -116.879031181 46.4437834024, -116.88018322 46.4435203075, -116.882007599 46.443100214, -116.884143353 46.4428603649, -116.886531353 46.4425932169, -116.888057232 46.4421352148, -116.889476299 46.4414522648, -116.89232254 46.4393011332, -116.893146515 46.4388201237, -116.894404411 46.4374740124, -116.895465374 46.4369020462, -116.899898529 46.4356769323, -116.902499676 46.4349598885, -116.9072299 46.4334259033, -116.908053875 46.4330368042, -116.909808636 46.4318008423, -116.910319805 46.4312517643, -116.912220001 46.4292186499, -116.91340971 46.4281885624, -116.914035797 46.4278225899, -116.915919781 46.4261775017, -116.917338848 46.4253505468, -116.918895721 46.4247583151, -116.920581818 46.4242324829, -116.922328949 46.4238203764, -116.924281597 46.4234733582, -116.925701141 46.4234542847, -116.927920818 46.423789382, -116.932514191 46.4242053032, -116.934352875 46.4246522188, -116.936413288 46.4252771139, -116.93777132 46.4254791737, -116.941441536 46.4263681173, -116.942204475 46.4266432524, -116.942402363 46.4270092249, -116.94210434 46.4271042347, -116.940479279 46.4267612696, -116.938862324 46.4261660576, -116.93853426 46.426120162, -116.938496113 46.4263262749, -116.941311359 46.4280161858, -116.942135334 46.4284012318, -116.944317341 46.4290192127, -116.946140766 46.4300682545, -116.946667671 46.4301601648, -116.946636677 46.4294312, -116.947063446 46.4294310808, -116.950008869 46.4310531616, -116.953648567 46.4319871664, -116.95659399 46.4321660995, -116.959928036 46.4328759909, -116.963002205 46.432872057, -116.970639229 46.431609869, -116.970929146 46.4315979481, -116.971112251 46.4315898418, -116.971295357 46.4315828085, -116.971479416 46.4315749407, -116.971662521 46.4315679073, -116.971837521 46.4315599203, -116.972028255 46.4315518141, -116.972203255 46.4315407276, -116.97238636 46.4315367937, -116.972577572 46.4315258265, -116.972753048 46.4315178394, -116.972936153 46.4315137863, -116.973119259 46.4315026999, -116.973302364 46.431494832, -116.97348547 46.4314907789, -116.973668575 46.4314837456, -116.973844051 46.4314717054, -116.974027157 46.4314678907, -116.974210262 46.4314608574, -116.974576473 46.4314419031, -116.974904537 46.4315596819, -116.975171566 46.4316517115, -116.975530148 46.4315327406, -116.975682259 46.4314798117, -116.975850582 46.4314258099, -116.976010323 46.4313727617, -116.976178646 46.4313157797, -116.976346493 46.4312617779, -116.976514339 46.431208849, -116.976682186 46.4311518669, -116.97685051 46.4310948849, -116.977017403 46.4310407639, -116.977185249 46.4309836626, -116.977353573 46.4309307337, -116.97768116 46.4308238029, -116.977979183 46.4306707382, -116.978124142 46.430598855, -116.978269577 46.4305217266, -116.978421688 46.4304457903, -116.978566647 46.4303736687, -116.978711605 46.4302967787, -116.978864193 46.4302208424, -116.979169369 46.4300677776, -116.979390621 46.4298887253, -116.979512215 46.4297937155, -116.979634285 46.429697752, -116.97974968 46.4296066761, -116.979871273 46.4295107126, -116.979993343 46.429415822, -116.980115414 46.429320693, -116.980229378 46.4292247295, -116.980351448 46.4291298389, -116.980474472 46.4290378094, -116.980596542 46.4289426804, -116.980710506 46.4288476706, -116.980832577 46.4287518263, -116.980954647 46.4286566973, -116.981076241 46.4285616875, -116.981198311 46.4284658432, -116.981313705 46.4283707142, -116.981435776 46.4282786846, -116.981557846 46.4281836748, -116.98167944 46.4280887842, -116.981793404 46.4279927015, -116.981916428 46.4278976917, -116.982038498 46.427801609, -116.982266426 46.4276186228, -116.982465267 46.4273976088, -116.982564449 46.427290678, -116.982656479 46.4271835089, -116.982862473 46.4269555807, -116.982961655 46.4267305136, -116.983007431 46.4266115427, -116.983129501 46.4263375998, -116.983426571 46.4260395765, -116.983701229 46.4259026051, -116.98385334 46.4258255959, -116.984151363 46.4256776571, -116.984334469 46.425455451, -116.984548569 46.4251927137, -116.984609604 46.4248986244, -116.984181404 46.4247575998, -116.983914375 46.424834609, -116.983747482 46.424883604, -116.983579159 46.4249296188, -116.983403683 46.4249795675, -116.983235359 46.4250285625, -116.98306036 46.4250786304, -116.982663155 46.4251927137, -116.982373238 46.4252115488, -116.982190132 46.4252237082, -116.982007504 46.4252345562, -116.981832504 46.4252465963, -116.981648445 46.4252575636, -116.98146534 46.4252696037, -116.981282234 46.4252806902, -116.981099129 46.4252915382, -116.9809165 46.4253035784, -116.980733395 46.4253145456, -116.980550289 46.4253265858, -116.980367184 46.4253376722, -116.980084419 46.4253566265, -116.979650497 46.4254255295, -116.979474545 46.4254527092, -116.979291439 46.4254826307, -116.97911644 46.4255135059, -116.978940487 46.425539732, -116.978627682 46.4255897999, -116.978284359 46.4257308245, -116.978124142 46.4257917404, -116.977971554 46.4258567095, -116.977811337 46.4259216785, -116.977658272 46.4259827137, -116.977498055 46.426047802, -116.97734642 46.4261088371, -116.977185249 46.426173687, -116.977025032 46.4262377024, -116.976871967 46.4262987375, -116.976712227 46.4263638258, -116.976552486 46.4264286757, -116.976399422 46.4264897108, -116.976239204 46.4265546799, -116.976087093 46.4266197681, -116.975925922 46.4266847372, -116.975766182 46.4267456532, -116.975614071 46.4268107414, -116.975453377 46.4268757105, -116.975293159 46.4269367456, -116.975141048 46.427000761, -116.974980354 46.4270657301, -116.974820137 46.4271306992, -116.974668026 46.4271917343, -116.974507332 46.4272568226, -116.974347115 46.4273216724, -116.974195004 46.4273827076, -116.974034309 46.4274476767, -116.973874092 46.4275127649, -116.973721981 46.4275738001, -116.973561287 46.4276378155, -116.97340107 46.4277029037, -116.973081112 46.4278327227, -116.972753048 46.4279357195, -116.972577095 46.4279927015, -116.972402573 46.4280468225, -116.972226143 46.4281038046, -116.972058296 46.4281527996, -116.971898079 46.4282068014, -116.971623421 46.4282947779, -116.971227169 46.4282947779, -116.971166134 46.428019762, -116.971425533 46.4279167652, -116.971578121 46.4278638363, -116.971730232 46.4278057814, -116.971875191 46.4277487993, -116.972028255 46.4276918173, -116.972180367 46.4276378155, -116.972341537 46.4275767803, -116.972493172 46.4275197983, -116.972646236 46.4274628162, -116.972806454 46.4274058342, -116.972959042 46.427344799, -116.973119259 46.4272867441, -116.973278999 46.4272258282, -116.973439217 46.4271688461, -116.973598957 46.4271076918, -116.973760128 46.4270467758, -116.973920345 46.4269897938, -116.974080086 46.4269287586, -116.974240303 46.4268677235, -116.97440815 46.4268066883, -116.974568367 46.4267456532, -116.974729061 46.4266847372, -116.974896431 46.4266238213, -116.975057125 46.4265627861, -116.975225449 46.4265017509, -116.975385189 46.4264367819, -116.975553036 46.4263756275, -116.975719929 46.4263147116, -116.975881577 46.4262536764, -116.976049423 46.4261927605, -116.976209164 46.4261317253, -116.976377487 46.4260706902, -116.97654438 46.4260057211, -116.976705074 46.4259446859, -116.976871967 46.4258836508, -116.977033138 46.4258226156, -116.977200985 46.4257618189, -116.977368355 46.4257007837, -116.977529526 46.4256397486, -116.977689266 46.4255787134, -116.977857113 46.4255167246, -116.97801733 46.4254556894, -116.978177547 46.4253946543, -116.978345394 46.4253336191, -116.978505611 46.4252728224, -116.978826523 46.425154686, -116.979177475 46.4250825644, -116.979352474 46.425047636, -116.979619503 46.424990654, -116.979878426 46.4249606133, -116.980062485 46.4249374866, -116.980237484 46.4249145985, -116.980420589 46.4248956442, -116.980603218 46.4248726368, -116.980779171 46.4248496294, -116.980962276 46.4248305559, -116.981137276 46.4248076677, -116.981320381 46.4247846603, -116.981496334 46.4247616529, -116.98167944 46.4247425795, -116.982068539 46.4246935844, -116.982373238 46.4246166945, -116.982549191 46.4245705605, -116.982717514 46.4245285988, -116.982892513 46.4244835377, -116.98306036 46.424441576, -116.983235359 46.4243996143, -116.9835186 46.4243266582, -116.983869553 46.4241665602, -116.984021187 46.424094677, -116.984174252 46.4240255356, -116.984326363 46.4239565134, -116.984479427 46.423884511, -116.984632492 46.4238154888, -116.984784603 46.4237464666, -116.98507452 46.4236135483, -116.985333443 46.4234185219, -116.985532284 46.4232735634, -116.985936165 46.4231555462, -116.986325264 46.423045516, -116.986569405 46.4229195118, -116.986714363 46.4228465557, -116.986867428 46.4227705002, -116.987012386 46.4226975441, -116.987157345 46.4226216078, -116.987302303 46.4225494862, -116.987454414 46.4224725962, -116.98759985 46.4224004745, -116.987744331 46.4223245382, -116.987897396 46.4222514629, -116.988042355 46.4221755266, -116.988187313 46.4221025705, -116.988339424 46.422026515, -116.988637447 46.4218735695, -116.988942623 46.4217483997, -116.989095688 46.4216833115, -116.989255428 46.4216184616, -116.989415169 46.4215574265, -116.989568233 46.4214923382, -116.989728451 46.4214273691, -116.989881516 46.4213624001, -116.990041733 46.421297431, -116.990193367 46.4212334156, -116.990354538 46.4211683273, -116.99058342 46.4210724831, -116.990834713 46.4209923744, -116.99100256 46.4209393263, -116.991170406 46.4208853245, -116.991330624 46.4208323956, -116.991574287 46.4207524061, -116.991757393 46.4206182957, -116.991887569 46.4205274582, -116.992139816 46.4203404188, -116.992337704 46.420294404, -116.992551327 46.4201344252, -116.992673397 46.4200422764, -116.992803574 46.4199473858, -116.992925644 46.4198553562, -116.993047714 46.4197643995, -116.993291378 46.4195853472, -116.993619442 46.4194823503, -116.993779659 46.4194282293, -116.993947506 46.4193753004, -116.994107723 46.4193212986, -116.99427557 46.4192683697, -116.994443417 46.419218421, -116.99461174 46.4191653728, -116.994771481 46.4191122055, -116.994939327 46.4190583229, -116.995107651 46.4190052748, -116.995275497 46.4189513922, -116.99544239 46.418898344, -116.995801449 46.41878438, -116.996114254 46.4187113047, -116.996289253 46.4186733961, -116.996465683 46.4186353683, -116.996640682 46.4185973406, -116.996808529 46.4185583591, -116.996984482 46.4185173512, -116.997159481 46.4184782505, -116.997335434 46.4184403419, -116.997502327 46.4184023142, -116.997678757 46.4183642864, -116.997853756 46.4183223248, -116.998029709 46.418284297, -116.998197556 46.4182462692, -116.998372555 46.4182083607, -116.998776436 46.4181163311, -116.99902153 46.4179983139, -116.999166489 46.4179291725, -116.9993186 46.417853117, -116.999471664 46.4177802801, -116.999768734 46.4176352024, -117.001020432 46.4174712896, -117.00330162 46.4176092148, -117.00515604 46.4181121588, -117.006970882 46.4188871384, -117.007696152 46.4190732241, -117.010305405 46.4192531109, -117.011992455 46.4192531109, -117.013846397 46.4195050001, -117.014868259 46.4198589325, -117.0176754 46.4211329222, -117.019163609 46.422025919, -117.020125389 46.4228270054, -117.021444798 46.4244450331, -117.021940708 46.4248149395, -117.022635937 46.4249329567, -117.025213718 46.4248409271, -117.029181957 46.4247947931, -117.029974937 46.4247039557, -117.032653332 46.424569726, -117.033631802 46.4240423441, -117.03380537 46.4239487648, -117.039719582 46.4246166945, -117.039780617 46.4243216515, -117.039620399 46.4251009226, -117.039645195 46.4249774218, -117.039642334 46.4249787331, -117.039496899 46.4257006645, -117.039495468 46.425706625, -117.039024353 46.4280458689, -117.038659096 46.4297648668, -117.038581371 46.430131793, -117.035125732 46.4291859865, -117.035224438 46.4296439886, -117.035720348 46.4298958778, -117.037147522 46.430120945, -117.03784132 46.4303538799, -117.038383484 46.4304258823, -117.038413048 46.4309614897, -117.038413525 46.430967927, -117.038412094 46.4309675694, -117.035323143 46.4303269386, -117.03377533 46.429571867, -117.033904552 46.4289149046, -117.02699995 46.4271990061, -117.026068687 46.4270539284, -117.02203989 46.4269200563, -117.021147728 46.426787138, -117.01936245 46.4261192083, -117.009581089 46.4223431349, -117.007727146 46.4215681553, -117.005781174 46.4209661484, -117.004621983 46.4207671881, -117.003697872 46.4205151796, -117.000997543 46.4201003313, -116.997853756 46.4200612307, -116.997029781 46.4201953411, -116.996236801 46.4204473495, -116.995809555 46.4207484722, -116.995214462 46.4213433266, -116.994519711 46.4218013287, -116.993497372 46.4221904278, -116.992337704 46.4224424362, -116.991551399 46.4227664471, -116.990521431 46.4234266281, -116.989072323 46.4239755869, -116.987981319 46.424551487, -116.987226486 46.4251664877, -116.986829281 46.4256504774, -116.985936642 46.4276376963, -116.985440254 46.4283934832, -116.984357357 46.4294695854, -116.982144356 46.4309307337, -116.980687618 46.4317576885, -116.979863644 46.4321018457, -116.978047371 46.4325367212, -116.974149227 46.4332460165, -116.973554611 46.4334558249, -116.970540047 46.4338220358, -116.961095333 46.4351991415, -116.958806038 46.4351840019, -116.958455086 46.4351341724, -116.958280087 46.4351080656, -116.958104134 46.4350851774, -116.957921028 46.4350582361, -116.957746029 46.4350311756, -116.95756197 46.4350081682, -116.957387447 46.4349820614, -116.957204342 46.434959054, -116.957027912 46.4349321127, -116.956844807 46.4349091053, -116.956670284 46.4348831177, -116.956487179 46.4348561764, -116.956310749 46.434833169, -116.95612812 46.4348062277, -116.955953121 46.4347831011, -116.955770016 46.4347571135, -116.955594063 46.4347300529, -116.955410957 46.4347071648, -116.955235958 46.4346801043, -116.955051899 46.4346572161, -116.9548769 46.4346312284, -116.954693794 46.4346041679, -116.954518318 46.4345810413, -116.954342842 46.4345541, -116.954159737 46.4345321655, -116.953983784 46.434505105, -116.953808784 46.4344820976, -116.953625679 46.4344551563, -116.953449726 46.4344322681, -116.953274727 46.4344061613, -116.953098774 46.4343832731, -116.952794075 46.4343371391, -116.952419758 46.4342112541, -116.952260017 46.4341580868, -116.9520998 46.4341011047, -116.951939583 46.4340471029, -116.951772213 46.4339901209, -116.951611996 46.4339331388, -116.951443672 46.4338750839, -116.951282978 46.4338181019, -116.951115608 46.433765173, -116.950954914 46.4337081909, -116.950788021 46.433650136, -116.95062685 46.433593154, -116.950459957 46.4335361719, -116.950291634 46.433483243, -116.950130939 46.4334251881, -116.949810982 46.4333152771, -116.949512959 46.4331661463, -116.949368954 46.43309021, -116.949223518 46.4330171347, -116.94907856 46.4329411983, -116.948933601 46.4328681231, -116.948781013 46.4327921867, -116.948635578 46.4327162504, -116.94849062 46.4326431751, -116.948345661 46.4325672388, -116.94819355 46.4324951172, -116.948049068 46.4324182272, -116.947903633 46.4323422909, -116.947697639 46.4322391748, -116.94747591 46.4321132898, -116.947339058 46.4320291281, -116.947201729 46.4319491386, -116.947056293 46.4318691492, -116.946918488 46.431789279, -116.946781635 46.4317052364, -116.946636677 46.431625247, -116.946499825 46.4315451384, -116.946362495 46.4314651489, -116.946224689 46.4313812256, -116.946079731 46.4313012362, -116.945942402 46.431220293, -116.94580555 46.4311401844, -116.945660591 46.4310561419, -116.945522785 46.4309761524, -116.945385456 46.430896163, -116.945148468 46.4307593107, -116.944775581 46.4306101799, -116.94461441 46.430549264, -116.944454193 46.4304882288, -116.944294453 46.4304271936, -116.944027424 46.4303202629, -116.943623543 46.4302402735, -116.94344759 46.4302061796, -116.943134308 46.4301412106, -116.942791462 46.4300042391, -116.942631721 46.4299391508, -116.942471504 46.4298781157, -116.942318439 46.4298132658, -116.942158699 46.4297481775, -116.942005634 46.4296872616, -116.941845417 46.4296221733, -116.9416852 46.429557085, -116.941532135 46.4294962883, -116.941372395 46.4294312, -116.941212654 46.4293671846, -116.941059589 46.4293051958, -116.940899372 46.4292411804, -116.940739632 46.4291762114, -116.940586567 46.4291151762, -116.94042635 46.4290502071, -116.940266132 46.428989172, -116.940113544 46.4289240837, -116.939953327 46.4288592339, -116.939793587 46.4287981987, -116.939640522 46.4287331104, -116.939480305 46.4286681414, -116.939159393 46.42854321, -116.938839436 46.4284322262, -116.938679218 46.4283752441, -116.938511372 46.4283211231, -116.938351154 46.4282641411, -116.93819046 46.428207159, -116.938023567 46.4281531572, -116.937862396 46.4280961752, -116.937695026 46.4280431271, -116.937534332 46.427986145, -116.937366486 46.4279282093, -116.937206268 46.4278753996, -116.937046528 46.4278184175, -116.936878681 46.4277644157, -116.936718464 46.4277074337, -116.93655014 46.4276503325, -116.9363904 46.4275962114, -116.936222076 46.4275392294, -116.936062336 46.4274863005, -116.935894012 46.4274293184, -116.935734272 46.4273712635, -116.935574055 46.4273183346, -116.935406208 46.4272613525, -116.935246468 46.4272073507, -116.935078144 46.4271503687, -116.934916973 46.4270933867, -116.934757233 46.4270403385, -116.934588909 46.4269824028, -116.934429169 46.4269293547, -116.934261322 46.4268723726, -116.934101105 46.4268182516, -116.933804035 46.426715374, -116.933422565 46.4266313314, -116.933254242 46.4265933037, -116.933079243 46.4265553951, -116.93290329 46.4265173674, -116.932728291 46.4264792204, -116.932552338 46.426441431, -116.93214798 46.4263494015, -116.931889057 46.4262422323, -116.931591034 46.4261244535, -116.931210041 46.426109314, -116.931025982 46.4261012077, -116.930842876 46.4260933399, -116.930531502 46.4260783195, -116.930119038 46.4260064363, -116.929943085 46.4259713888, -116.929768085 46.4259413481, -116.929592133 46.4259073734, -116.929417133 46.4258762598, -116.92924118 46.4258422852, -116.929066181 46.4258112907, -116.928889751 46.4257774353, -116.928715229 46.4257463217, -116.928532124 46.425712347, -116.928356171 46.4256823063, -116.928181171 46.4256513119, -116.928004742 46.4256173372, -116.927829742 46.4255862236, -116.92765379 46.425552249, -116.927479267 46.4255213737, -116.927302837 46.4254873991, -116.927029133 46.425437212, -116.926762104 46.4254263639, -116.926578999 46.4254223108, -116.926394939 46.4254143238, -116.92596817 46.4253953695, -116.925662994 46.4254114628, -116.925487995 46.4254184961, -116.925303936 46.4254263639, -116.925121307 46.425434351, -116.924938202 46.4254413843, -116.924755096 46.4254493713, -116.924571991 46.4254564047, -116.924389362 46.4254643917, -116.924212933 46.4254723787, -116.923854828 46.4254873991, -116.923489094 46.4255564213, -116.92332077 46.4255905151, -116.923145294 46.4256283045, -116.922962189 46.4256623983, -116.922564983 46.4257392883, -116.922282696 46.4258233309, -116.922114849 46.425868392, -116.921947002 46.4259183407, -116.921779633 46.4259682894, -116.92160368 46.4260134697, -116.921435833 46.4260634184, -116.921267986 46.4261094332, -116.921100616 46.4261584282, -116.92093277 46.4262083769, -116.920764923 46.4262543917, -116.920597076 46.4263033867, -116.920428753 46.4263534546, -116.920260906 46.4263993502, -116.920094013 46.4264485836, -116.919688702 46.4265636206, -116.919452667 46.4266705513, -116.919291973 46.4267385006, -116.919139862 46.4268034697, -116.918986797 46.426872611, -116.918835163 46.4269404411, -116.918681622 46.4270095825, -116.918399811 46.4271315336, -116.918124676 46.4273184538, -116.917994976 46.4274064302, -116.917858124 46.427493453, -116.917727947 46.4275815487, -116.917598724 46.4276695251, -116.917469025 46.4277575016, -116.917338848 46.4278445244, -116.917209625 46.427936554, -116.917071819 46.4280245304, -116.916943073 46.4281115532, -116.916812897 46.4281996489, -116.91668272 46.4282876253, -116.916453838 46.4284404516, -116.916202545 46.4286575317, -116.916088104 46.4287565947, -116.915973663 46.4288525581, -116.915866852 46.4289516211, -116.915751934 46.4290505648, -116.91563797 46.4291496277, -116.915524006 46.4292486906, -116.915408611 46.4293476343, -116.915295124 46.4294476509, -116.915179729 46.4295465946, -116.915065765 46.4296416044, -116.914958954 46.4297405481, -116.91484499 46.4298405647, -116.914730072 46.4299396276, -116.914616108 46.4300385714, -116.91450119 46.4301376343, -116.914271832 46.430339694, -116.914065838 46.4305416346, -116.913966656 46.4306446314, -116.913859844 46.430747509, -116.913760662 46.430850625, -116.913653851 46.4309535027, -116.913547993 46.4310566187, -116.913447857 46.4311635494, -116.913341999 46.4312665462, -116.913241863 46.4313696623, -116.913136005 46.4314725399, -116.91303587 46.4315756559, -116.912929535 46.4316785336, -116.912829876 46.4317857027, -116.912723541 46.4318888187, -116.91261673 46.4319916964, -116.912417889 46.432189703, -116.912356853 46.4323927164, -116.912143707 46.4325947762, -116.912036896 46.4326976538, -116.911929607 46.4328007698, -116.911761761 46.4329646826, -116.911540508 46.433090806, -116.911403656 46.4331706762, -116.91126585 46.4332547188, -116.911128998 46.4333347082, -116.910984039 46.4334148169, -116.91084671 46.4334948063, -116.910708904 46.4335787296, -116.910572052 46.4336587191, -116.910304546 46.433814764, -116.909991741 46.4339567423, -116.909840107 46.4340246916, -116.909687042 46.4340937138, -116.909533978 46.4341627359, -116.909381866 46.4342306852, -116.909228802 46.4342997074, -116.909076691 46.4343688488, -116.908924103 46.4344366789, -116.908771515 46.4345058203, -116.908618927 46.4345748425, -116.908465862 46.4346427917, -116.908313751 46.4347118139, -116.908160686 46.4347836971, -116.908009052 46.4348528385, -116.907855511 46.4349218607, -116.907702923 46.43498981, -116.907550812 46.4350588322, -116.907397747 46.4351277351, -116.907245636 46.4351958036, -116.907093048 46.4352648258, -116.906939507 46.4353337288, -116.906787872 46.4354017973, -116.906634808 46.4354707003, -116.906306744 46.4356197119, -116.906001568 46.4357187748, -116.905833721 46.435775876, -116.905673504 46.4358297586, -116.905506134 46.4358828068, -116.905345917 46.4359357357, -116.905177593 46.4359937906, -116.904788971 46.4361228943, -116.904506683 46.4361878633, -116.904338837 46.4362299442, -116.904162884 46.4362719059, -116.903995514 46.4363099337, -116.903820038 46.4363520145, -116.903644562 46.436393857, -116.903476715 46.4364359379, -116.903300762 46.4364738464, -116.903132439 46.4365159273, -116.902957439 46.436557889, -116.902781963 46.4365999699, -116.902614594 46.4366379976, -116.902438641 46.4366799593, -116.902270794 46.436721921, -116.902095795 46.4367638826, -116.901919842 46.4368019104, -116.901751518 46.4368439913, -116.901576519 46.4368859529, -116.901317596 46.4369469881, -116.901080608 46.4370349646, -116.900920391 46.4370919466, -116.900760651 46.4371529818, -116.90059948 46.4372109175, -116.900439739 46.4372719526, -116.900271416 46.4373290539, -116.900111675 46.4373899698, -116.899760723 46.437519908, -116.899478912 46.4376379251, -116.899325371 46.4377030134, -116.899173737 46.4377710819, -116.899013519 46.4378359318, -116.898860455 46.4379009008, -116.89870739 46.4379700422, -116.898547649 46.4380340576, -116.898395538 46.4381029606, -116.89824295 46.4381680489, -116.898082733 46.4382330179, -116.897929668 46.4383019209, -116.897778034 46.4383659363, -116.897616386 46.4384310246, -116.897464752 46.4384999275, -116.897311687 46.4385650158, -116.897082806 46.4386640787, -116.89686203 46.4387820959, -116.896716595 46.4388620853, -116.896457672 46.4390029907, -116.896205425 46.4392091036, -116.896083355 46.4393049479, -116.895968437 46.4393999577, -116.895846367 46.4394960403, -116.895732403 46.4395949841, -116.895610332 46.4396899939, -116.895495892 46.4397850037, -116.895373821 46.4398810863, -116.89525938 46.4399762154, -116.89513731 46.4400720596, -116.894931316 46.4402391911, -116.894641399 46.4404381514, -116.8945117 46.4405251741, -116.894381523 46.4406172037, -116.8942523 46.440705061, -116.894114971 46.4407930374, -116.893985271 46.4408800602, -116.893855572 46.4409680367, -116.893725872 46.4410560131, -116.893512726 46.4412010908, -116.893176556 46.4413882494, -116.893039703 46.4414640665, -116.892894745 46.4415440559, -116.892688751 46.4416620731, -116.892489433 46.441704154, -116.892268658 46.4419250488, -116.892169476 46.4420320988, -116.891925812 46.4422761202, -116.891597271 46.4424102306, -116.891231537 46.4424602985, -116.891040802 46.4425891638, -116.890902519 46.4426771402, -116.890773773 46.4427651167, -116.890643597 46.4428521395, -116.890368462 46.4430321455, -116.890201569 46.4432452917, -116.890117645 46.4433562756, -116.889941692 46.4435771704, -116.889575481 46.4438521862, -116.889255524 46.4439781904, -116.889094353 46.4440392256, -116.888934612 46.4441002607, -116.888774395 46.4441652298, -116.888614655 46.4442261457, -116.888453484 46.4442871809, -116.888286591 46.4443480968, -116.888133526 46.444409132, -116.887973309 46.4444701672, -116.887813568 46.4445312023, -116.887561798 46.4446302652, -116.88727951 46.4448513985, -116.887065411 46.4450193644, -116.886996269 46.4451793432, -116.886538506 46.445569396, -116.885051727 46.4462783337, -116.882419586 46.447091341, -116.880977631 46.4475334883, -116.879527569 46.4477853775, -116.877604485 46.448243618, -116.876018524 46.4484264851, -116.871722221 46.4489065409, -116.8659091 46.4486435652, -116.865077019 46.4486094713, -116.864115715 46.4485638142, -116.863788128 46.4485638142, -116.863420963 46.4484797716, -116.863086224 46.4483997822, -116.862825871 46.4481246471, -116.862734795 46.4478316307, -116.862696648 46.4477057457, -116.862627983 46.4474877119, -116.862390995 46.4472367764, -116.861933708 46.447052598, -116.861583233 46.446988821, -116.861406803 46.4469578266, -116.861224174 46.4469237328, -116.861048698 46.4468927383, -116.860872746 46.4468626976, -116.860697746 46.4468277693, -116.860521793 46.4467977285, -116.860346794 46.4467636347, -116.860170841 46.4467326403, -116.859995842 46.4466987848, -116.859813213 46.4466677904, -116.859636784 46.4466336966, -116.859461784 46.4466027021, -116.859285831 46.4465687275, -116.859110832 46.4465377331, -116.858934879 46.4465036392, -116.85875988 46.4464737177, -116.858583927 46.4464387894, -116.858408928 46.4464087486, -116.858232975 46.4463737011, -116.85804987 46.4463437796, -116.85787487 46.4463096857, -116.857698917 46.4462786913, -116.857431889 46.4462287426, -116.857195854 46.4461457729, -116.857035637 46.4460847378, -116.856874943 46.4460266829, -116.856707573 46.4459697008, -116.856546879 46.4459127188, -116.856386662 46.4458557367, -116.856226921 46.4457947016, -116.856066704 46.4457366467, -116.855898857 46.4456797838, -116.85573864 46.4456226826, -116.855577946 46.4455657005, -116.855417728 46.4455046654, -116.855257511 46.4454467297, -116.855089664 46.4453896284, -116.854929924 46.4453327656, -116.854769707 46.4452717304, -116.854608536 46.4452146292, -116.854441643 46.4451576471, -116.854280472 46.4450997114, -116.854120731 46.4450427294, -116.853800774 46.4449247122, -116.851381302 46.4442646503, -116.849298477 46.4440088272, -116.846819401 46.4440318346, -116.845362663 46.4443528652, -116.83977747 46.4466609955, -116.834017277 46.4479840994, -116.832231045 46.4482131004, -116.830842972 46.4486709833, -116.82737112 46.4495372772, -116.826280117 46.4499491453, -116.824357986 46.4503843784, -116.821877956 46.4511352777, -116.817780972 46.4520933628, -116.816651821 46.4525244236, -116.814240932 46.4528213739, -116.810365677 46.4528905153, -116.806435585 46.4521545172, -116.804879665 46.4519935846, -116.801576138 46.4519935846, -116.799355507 46.4521505833, -116.795449257 46.453016758, -116.794297218 46.4534056187, -116.791512489 46.4547297955, -116.789330006 46.4560989141, -116.787804127 46.4571709633, -116.787080288 46.4578579664, -116.786515236 46.458769083, -116.786393166 46.4591549635, -116.78621006 46.4597309828, -116.785981178 46.4599100351, -116.785966396 46.4600969553, -116.785951138 46.4602190256, -116.785935402 46.4603450298, -116.785920143 46.4604709148, -116.785905361 46.4605929852, -116.785882473 46.4608030319, -116.78570652 46.4610660076, -116.785630226 46.4611799717, -116.785447598 46.4614430666, -116.785256386 46.4616041183, -116.785134315 46.4616992474, -116.785020351 46.4617940187, -116.784898281 46.4618941545, -116.784776211 46.4619890451, -116.784661293 46.4620840549, -116.784493446 46.4622220993, -116.784264088 46.4623440504, -116.78402853 46.4624731541, -116.783608437 46.4625190496, -116.783433437 46.4625381231, -116.783250332 46.4625571966, -116.783074379 46.4625761509, -116.782891273 46.4625960588, -116.782708168 46.4626182318, -116.782533169 46.4626371861, -116.78234911 46.462657094, -116.782166004 46.4626761675, -116.781983376 46.4626951218, -116.78180027 46.4627181292, -116.781625271 46.4627370834, -116.781442165 46.4627561569, -116.781258106 46.4627751112, -116.78091526 46.462813139, -116.78057909 46.4629201889, -116.780412197 46.462973237, -116.78024435 46.4630302191, -116.780076504 46.4630842209, -116.77990818 46.4631371498, -116.77974844 46.4631872177, -116.779496193 46.4632711411, -116.779321194 46.4634042978, -116.779199123 46.463496089, -116.778892994 46.4637252092, -116.77874136 46.4638932943, -116.778642178 46.4639992714, -116.778542042 46.4641062021, -116.778367043 46.4642972946, -116.778222084 46.4645522833, -116.778152943 46.4646712542, -116.778085232 46.4647852182, -116.77801609 46.4649032354, -116.777947426 46.4650220871, -116.777802467 46.4652773142, -116.777749062 46.4654991627, -116.777718544 46.4656243324, -116.777688026 46.4657503366, -116.777634144 46.4659682512, -116.777612209 46.4662504196, -116.777604103 46.4663763046, -116.777589321 46.4665023088, -116.777581215 46.4666283131, -116.777573109 46.4667543173, -116.777566433 46.4668793678, -116.777551174 46.4670052528, -116.777543068 46.4671313763, -116.777535439 46.4672572613, -116.77752018 46.4673832655, -116.777497292 46.4676584005, -116.777444363 46.4678833485, -116.777413368 46.4680052996, -116.777383327 46.4681313038, -116.777337074 46.4683184624, -116.777230263 46.4684894085, -116.777070522 46.468749404, -116.77684927 46.4689053297, -116.776719093 46.4689973593, -116.776589394 46.469088316, -116.776460171 46.4691764116, -116.776330471 46.4692673683, -116.776208401 46.4693593979, -116.776078224 46.4694473743, -116.775948524 46.4695384502, -116.775819302 46.4696303606, -116.775689125 46.4697183371, -116.775567055 46.469809413, -116.775346279 46.4699623585, -116.774995327 46.4701074362, -116.774842262 46.4701724052, -116.774682045 46.4702364206, -116.774522305 46.4703013897, -116.77436924 46.470366478, -116.774209499 46.470431447, -116.774056435 46.4704962969, -116.773896217 46.4705613852, -116.773736 46.4706254005, -116.773582935 46.4706904888, -116.773423195 46.4707553387, -116.773263454 46.4708204269, -116.77311039 46.470885396, -116.772950172 46.4709503651, -116.772797585 46.4710153341, -116.772637367 46.4710795879, -116.772485256 46.471144557, -116.772134304 46.4712855816, -116.771904945 46.4714385271, -116.771775246 46.4715265036, -116.771645069 46.4716104269, -116.771516323 46.4716974497, -116.771386147 46.4717855453, -116.771104336 46.4719685316, -116.771005154 46.4721746445, -116.770668983 46.4723155499, -116.770112514 46.4731094837, -116.768898964 46.4740746021, -116.767693043 46.4750316143, -116.765809059 46.4752346277, -116.760384083 46.4752956629, -116.758491993 46.475913763, -116.757072926 46.4765768051, -116.755775928 46.477419734, -116.754616737 46.4786258936, -116.754616737 46.4792019129, -116.755074024 46.480044961, -116.755502224 46.4811660051, -116.755798817 46.4826309681, -116.756554127 46.4841610193, -116.756524086 46.4848929644, -116.755990505 46.4856719971, -116.754601002 46.4868121147, -116.753571033 46.4874031544, -116.750985146 46.4884111881, -116.7502141 46.48856318, -116.746345997 46.4893262386, -116.742646217 46.4897193909, -116.740555763 46.4901624918, -116.739181995 46.4901926517, -116.737610817 46.4902305603, -116.737243652 46.490219593, -116.73706913 46.4902156591, -116.736886024 46.490211606, -116.736702919 46.4902034998, -116.736519814 46.4902005196, -116.736336708 46.4901926517, -116.736152649 46.4901887178, -116.735969543 46.4901847839, -116.735786915 46.4901777506, -116.735603809 46.4901736975, -116.735199928 46.4901628494, -116.73487854 46.4901847839, -116.734695911 46.490200758, -116.734520912 46.4902117252, -116.734237671 46.4902306795, -116.733986855 46.4902846813, -116.733810902 46.490318656, -116.733635902 46.4903568029, -116.733208656 46.4904407263, -116.732956886 46.4905327559, -116.732788563 46.490585804, -116.732628822 46.490642786, -116.732460499 46.4906997681, -116.732300758 46.490757823, -116.732139587 46.4908146858, -116.731972694 46.490867734, -116.731812 46.490924716, -116.731643677 46.4909826517, -116.731483459 46.491039753, -116.731323719 46.491096735, -116.731155872 46.491153717, -116.730995655 46.4912078381, -116.730835915 46.4912648201, -116.730667591 46.4913219213, -116.730507851 46.4913789034, -116.73034668 46.4914368391, -116.730179787 46.4914900064, -116.730018616 46.4915469885, -116.729851723 46.4916039705, -116.729690552 46.4916620255, -116.729530334 46.4917190075, -116.729362488 46.4917759895, -116.729111671 46.491863966, -116.728889465 46.4919588566, -116.728737831 46.492027998, -116.728584766 46.492092967, -116.728432655 46.4921609163, -116.728271484 46.4922299385, -116.72811985 46.4922988415, -116.727966785 46.49236691, -116.727653503 46.4925010204, -116.727363586 46.4926609993, -116.727218628 46.4927409887, -116.727073669 46.4928179979, -116.726730824 46.4930039644, -116.72665453 46.4931839705, -116.726600647 46.4933060408, -116.726539612 46.4934281111, -116.726463795 46.4936031103, -116.726448536 46.4938169718, -116.726433754 46.494107008, -116.726570606 46.4942399263, -116.726944447 46.4943660498, -116.727119923 46.4944239855, -116.727524757 46.4945569038, -116.727692127 46.4947170019, -116.727806568 46.4948199987, -116.727913857 46.4949190617, -116.728027821 46.4950219393, -116.728187561 46.495175004, -116.728401661 46.4952889681, -116.728546619 46.4953700304, -116.728683949 46.4954459667, -116.72882843 46.4955220222, -116.728973866 46.4956020117, -116.729118824 46.4956789017, -116.729263783 46.4957590103, -116.729408741 46.4958349466, -116.729553699 46.4959108829, -116.729881763 46.4960910082, -116.730079651 46.4962579012, -116.730202675 46.4963539839, -116.730378151 46.4964990616, -116.730446815 46.4966740608, -116.730500221 46.4967999458, -116.730545521 46.4969220161, -116.730598927 46.4970439672, -116.730705738 46.497322917, -116.730659962 46.4975249767, -116.730629921 46.4976511002, -116.730598927 46.497776866, -116.730568886 46.4979029894, -116.730514526 46.4981470108, -116.730378151 46.4983869791, -116.730308533 46.4985049963, -116.730240822 46.4986200333, -116.730179787 46.4987379313, -116.730111122 46.4988559484, -116.730041981 46.4989709854, -116.729973793 46.499089241, -116.729912758 46.4992070198, -116.729843616 46.499325037, -116.729774952 46.499440074, -116.729706764 46.4995580912, -116.729645729 46.4996761084, -116.729524136 46.4999010563, -116.729469776 46.5000200272, -116.729385853 46.5002491474, -116.729111671 46.5004091263, -116.728981972 46.5004972219, -116.728851795 46.5005801916, -116.728722095 46.5006681681, -116.728592873 46.5007561445, -116.728402138 46.5008821487, -116.728126526 46.5009891987, -116.727974892 46.5010501146, -116.727815151 46.501111269, -116.72765398 46.5011723042, -116.727493763 46.501237154, -116.727334023 46.5012981892, -116.727173805 46.5013592243, -116.727012634 46.5014202595, -116.72668457 46.5015491247, -116.726356983 46.5016303062, -116.726181984 46.501671195, -116.72601366 46.5017132759, -116.725839138 46.5017521381, -116.725670815 46.501794219, -116.725494862 46.501835227, -116.725319862 46.5018771887, -116.725152016 46.5019192696, -116.724975586 46.5019612312, -116.724801064 46.5020031929, -116.724624634 46.5020452738, -116.724458218 46.5020874739, -116.724281788 46.5021293163, -116.724113941 46.5021713972, -116.723938942 46.5022132397, -116.723770618 46.5022554398, -116.723594666 46.5022972822, -116.723275185 46.502373457, -116.722946644 46.5025262833, -116.722793579 46.5025984049, -116.722641945 46.5026673079, -116.72248888 46.5027403831, -116.722336769 46.5028082132, -116.722183704 46.5028814077, -116.72203064 46.5029532909, -116.721878529 46.5030223131, -116.721725464 46.5030944347, -116.72157383 46.5031634569, -116.721428871 46.5032354593, -116.721275806 46.5033044815, -116.721123695 46.5033733845, -116.720857143 46.5034993887, -116.720428944 46.5035375357, -116.720245838 46.5035563707, -116.720062733 46.5035713911, -116.719880104 46.5035904646, -116.719696999 46.5036064386, -116.719406605 46.5036323071, -116.718971729 46.503621459, -116.718788624 46.5036174059, -116.718605518 46.503613472, -116.71842289 46.5036095381, -116.718239784 46.5036065578, -116.718056679 46.5036025047, -116.717880726 46.5035945177, -116.71769762 46.5035904646, -116.717514515 46.5035865307, -116.717331886 46.5035835505, -116.717148781 46.5035796165, -116.716965675 46.5035755634, -116.716781616 46.5035674572, -116.716598511 46.503564477, -116.716415405 46.5035606623, -116.716232777 46.5035566092, -116.716049671 46.503552556, -116.715866566 46.5035485029, -116.71568346 46.5035414696, -116.715500355 46.5035375357, -116.715317726 46.5035334826, -116.715133667 46.5035295486, -116.714958668 46.5035256147, -116.714775562 46.5035184622, -116.714592457 46.5035146475, -116.714409828 46.5035107136, -116.714073658 46.5035036802, -116.713692665 46.5035146475, -116.713508606 46.5035184622, -116.7133255 46.5035225153, -116.713142395 46.5035256147, -116.712959766 46.5035295486, -116.712776661 46.5035336018, -116.712593555 46.5035376549, -116.712417603 46.503544569, -116.712234497 46.5035485029, -116.712051392 46.503552556, -116.711868286 46.5035567284, -116.711685658 46.5035607815, -116.711502552 46.5035648346, -116.711319447 46.5035676956, -116.711136341 46.5035756826, -116.710953712 46.5035797358, -116.710769653 46.5035836697, -116.710586548 46.5035867691, -116.710403442 46.5035908222, -116.710228443 46.5035947561, -116.710045338 46.50359869, -116.709862709 46.5036066771, -116.70967865 46.5036097765, -116.709495544 46.5036137104, -116.709312439 46.5036177635, -116.709129333 46.5036218166, -116.708946705 46.5036256313, -116.708763599 46.5036326647, -116.708580494 46.5036367178, -116.708404541 46.5036407709, -116.708221912 46.503644824, -116.708038807 46.5036478043, -116.707855701 46.5036518574, -116.707672596 46.5036557913, -116.707290173 46.5036677122, -116.706947327 46.5036867857, -116.706764698 46.503697753, -116.706581593 46.5037097931, -116.706398487 46.5037168264, -116.706222534 46.5037287474, -116.706039429 46.5037398338, -116.705856323 46.5037509203, -116.705673695 46.503762722, -116.705299377 46.5037817955, -116.704971313 46.5038540363, -116.704796314 46.5038928986, -116.704620361 46.5039268732, -116.704445362 46.503964901, -116.704277515 46.5040029287, -116.704101562 46.5040408373, -116.703926563 46.5040799379, -116.703750134 46.5041140318, -116.703575134 46.5041518211, -116.703399658 46.5041899681, -116.703232288 46.5042279959, -116.703056335 46.5042659044, -116.702881336 46.5043048859, -116.702705383 46.5043389797, -116.702530384 46.5043770075, -116.702354431 46.504414916, -116.702179432 46.5044529438, -116.702003479 46.5044920444, -116.701835632 46.5045260191, -116.701660156 46.5045639277, -116.701484203 46.5046019554, -116.701309204 46.5046399832, -116.701134205 46.5046778917, -116.700966358 46.5047129393, -116.700599194 46.5047929287, -116.700279236 46.5048730373, -116.700104713 46.5049190521, -116.69993639 46.5049610138, -116.699760437 46.5050070286, -116.69959259 46.5050480366, -116.699417591 46.5050899982, -116.699249268 46.5051361322, -116.698883533 46.5052281618, -116.698601246 46.505354166, -116.698448181 46.5054219961, -116.698189259 46.5056172609, -116.697861195 46.5057271719, -116.697693348 46.5057852268, -116.697532177 46.5058422089, -116.697365284 46.5058951378, -116.69720459 46.5059531927, -116.69703722 46.5060061216, -116.696876526 46.5060631037, -116.696716309 46.5061171055, -116.696365356 46.5062351227, -116.696098328 46.5063871145, -116.695961475 46.5064681768, -116.695823193 46.5065482855, -116.695679188 46.5066281557, -116.695541382 46.5067081451, -116.69540453 46.5067881346, -116.695259094 46.5068720579, -116.695122242 46.5069522858, -116.694977283 46.5070322752, -116.694839478 46.5071121454, -116.694702625 46.5071921349, -116.69455719 46.5072721243, -116.694420338 46.5073531866, -116.694275379 46.507433176, -116.694137096 46.5075131655, -116.694000721 46.5075970888, -116.693855286 46.5076770782, -116.693718433 46.5077573061, -116.693573475 46.5078371763, -116.693435192 46.5079171658, -116.69329834 46.5079971552, -116.693153381 46.5080771446, -116.693016529 46.5081572533, -116.692879677 46.5082384348, -116.6926651 46.5083632469, -116.692467213 46.5084893703, -116.692329407 46.5085732937, -116.692200184 46.5086613894, -116.692070484 46.5087453127, -116.691932201 46.5088332891, -116.691803455 46.5089203119, -116.691665173 46.5090043545, -116.691536427 46.5090923309, -116.691398144 46.5091763735, -116.691269398 46.5092643499, -116.691131592 46.5093513727, -116.691002369 46.5094352961, -116.690864563 46.5095233917, -116.69061327 46.5096873045, -116.69061327 46.509783268, -116.690338612 46.5099583864, -116.690208435 46.5100423098, -116.690071583 46.5101302862, -116.689940929 46.5102143288, -116.689804077 46.5102972984, -116.689674377 46.5103852749, -116.689537048 46.5104694366, -116.689407349 46.5105572939, -116.689270496 46.5106414557, -116.68914032 46.5107293129, -116.689002991 46.510812521, -116.688873291 46.5109004974, -116.688735962 46.5109844208, -116.688606262 46.5110725164, -116.688468933 46.5111564398, -116.688339233 46.5112444162, -116.688202381 46.5113275051, -116.688072205 46.5114114285, -116.687935352 46.5114994049, -116.68779707 46.5115834475, -116.687668324 46.5116714239, -116.687538147 46.5117554665, -116.687332153 46.5118843317, -116.687111378 46.512003541, -116.686973095 46.5120794773, -116.686828136 46.5121555328, -116.686683178 46.5122355223, -116.686539173 46.5123125315, -116.686394215 46.512388587, -116.686249256 46.5124685764, -116.686104298 46.5125445127, -116.685959339 46.5126214027, -116.685814381 46.5126975775, -116.685676098 46.5127775669, -116.685531139 46.5128535032, -116.685286999 46.5129876137, -116.684989929 46.5131936073, -116.684868336 46.5132844448, -116.684738159 46.5133764744, -116.684616089 46.513468504, -116.684486389 46.5135555267, -116.684356213 46.5136475563, -116.684234619 46.5137386322, -116.684105396 46.5138306618, -116.683983326 46.5139186382, -116.683853149 46.5140095949, -116.683731079 46.5141015053, -116.683533192 46.5142426491, -116.683319569 46.5143566132, -116.68318224 46.5144366026, -116.683037281 46.5145175457, -116.682898998 46.5145975351, -116.68275404 46.5146775246, -116.682617188 46.5147576332, -116.682472229 46.5148376226, -116.682327271 46.514913559, -116.682190418 46.5149935484, -116.682044983 46.515073657, -116.681907177 46.5151546001, -116.681763172 46.5152345896, -116.681624889 46.515314579, -116.681479931 46.5153944492, -116.681343079 46.515470624, -116.68119812 46.5155507326, -116.681053162 46.515630722, -116.680716991 46.5158216953, -116.680480957 46.5159397125, -116.680328369 46.5160127878, -116.680183411 46.516084671, -116.6800313 46.5161577463, -116.679878235 46.5162296295, -116.679733276 46.516302824, -116.679358959 46.5164856911, -116.679115295 46.5165736675, -116.678863049 46.5166686773, -116.678673267 46.5167716742, -116.678528309 46.5168477297, -116.67838335 46.5169247389, -116.678238392 46.5170047283, -116.678092957 46.5170807838, -116.677948475 46.5171567202, -116.67780304 46.5172338486, -116.677658081 46.517313838, -116.677513123 46.5173897743, -116.677368164 46.5174658298, -116.677223206 46.5175458193, -116.677078247 46.5176227093, -116.676933289 46.517698884, -116.67678833 46.5177748203, -116.676643372 46.5178546906, -116.676498413 46.5179316998, -116.676353455 46.5180078745, -116.676208019 46.5180838108, -116.676063061 46.51816082, -116.675918102 46.5182408094, -116.675773144 46.5183167458, -116.675628185 46.5183926821, -116.67548418 46.5184698105, -116.675339222 46.5185457468, -116.675201416 46.5186216831, -116.675056458 46.5186979771, -116.674911022 46.5187749863, -116.674660206 46.5189079046, -116.674293041 46.5190149546, -116.674125195 46.5190649033, -116.673958302 46.5191098452, -116.673789978 46.5191600323, -116.673622131 46.519209981, -116.673454285 46.519258976, -116.673279285 46.5193049908, -116.673110962 46.5193549395, -116.672943115 46.5194039345, -116.672775269 46.5194538832, -116.672600269 46.5195029974, -116.672432423 46.519548893, -116.672264099 46.5195988417, -116.672096252 46.5196479559, -116.67171526 46.5197548866, -116.671394348 46.5198088884, -116.671211243 46.5198389292, -116.671036243 46.5198699236, -116.670860291 46.5198959112, -116.670685291 46.5199269056, -116.670502186 46.5199528933, -116.670326233 46.5199840069, -116.670151234 46.5200150013, -116.669967175 46.5200408697, -116.669792175 46.5200719833, -116.669617176 46.5201019049, -116.669433117 46.5201289654, -116.669258118 46.5201590061, -116.669082165 46.5201900005, -116.668907166 46.5202169418, -116.66872406 46.5202469826, -116.668548584 46.5202780962, -116.668373108 46.5203040838, -116.668197155 46.5203351974, -116.667808056 46.5203962326, -116.667472839 46.5204001665, -116.667290211 46.5204001665, -116.666945934 46.5204001665, -116.666579723 46.5203121901, -116.666404724 46.5202701092, -116.666229248 46.5202282667, -116.666060925 46.5201860666, -116.665885925 46.5201442242, -116.665709972 46.5201021433, -116.665542126 46.5200641155, -116.665367126 46.5200221539, -116.665198803 46.519980073, -116.665023804 46.5199382305, -116.664665222 46.519854188, -116.664527893 46.5196450949, -116.664268017 46.5195342302, -116.6641078 46.5194653273, -116.663954735 46.519400239, -116.663802624 46.5193362236, -116.663650036 46.5192670822, -116.66330719 46.519118309, -116.663040161 46.5189881325, -116.662894726 46.5189121962, -116.662741661 46.5188401937, -116.662596703 46.5187631845, -116.662452698 46.5186910629, -116.66230011 46.5186151266, -116.662155151 46.5185422897, -116.662010193 46.5184701681, -116.661857128 46.5183932781, -116.66171217 46.5183211565, -116.661566734 46.5182452202, -116.6614151 46.5181722641, -116.661270142 46.5180963278, -116.661125183 46.5180232525, -116.660971642 46.5179473162, -116.660826683 46.5178743601, -116.660681725 46.5178023577, -116.660529613 46.5177264214, -116.660384655 46.5176532269, -116.660239697 46.5175772905, -116.660087109 46.5175043344, -116.659759045 46.5173373222, -116.659492016 46.5172373056, -116.659331799 46.5171763897, -116.659172058 46.5171192884, -116.659011841 46.5170583725, -116.658843994 46.5169973373, -116.658683777 46.5169403553, -116.658522606 46.5168793201, -116.658362865 46.5168223381, -116.658202648 46.5167613029, -116.658042908 46.5167002678, -116.657881737 46.5166422129, -116.657721996 46.5165814161, -116.657561779 46.5165244341, -116.657401562 46.5164633989, -116.657241821 46.5164023638, -116.657073975 46.5163453817, -116.656913757 46.5162843466, -116.656752586 46.5162233114, -116.656592846 46.5161652565, -116.656432629 46.5161044598, -116.656272888 46.5160474777, -116.656111717 46.5159864426, -116.655753613 46.515853405, -116.655448914 46.5158073902, -116.655265808 46.5157804489, -116.655089855 46.5157544613, -116.65490675 46.5157274008, -116.65473175 46.5157004595, -116.654555798 46.515673399, -116.654258728 46.5156283379, -116.653838634 46.5155974627, -116.653655529 46.5155864954, -116.6534729 46.5155705214, -116.653289795 46.5155594349, -116.653105736 46.5155445337, -116.652930737 46.5155324936, -116.65264082 46.5155094862, -116.652205467 46.5155404806, -116.652030468 46.5155515671, -116.651847363 46.5155675411, -116.651664734 46.5155786276, -116.651480675 46.5155894756, -116.651297569 46.5156055689, -116.651114941 46.5156165361, -116.650939465 46.5156285763, -116.650649548 46.5156514645, -116.650397778 46.5156776905, -116.650222778 46.5157005787, -116.650038719 46.515719533, -116.64986372 46.5157425404, -116.649680614 46.515765667, -116.649497509 46.5157846212, -116.649092674 46.5158345699, -116.648803711 46.5159186125, -116.648635387 46.5159677267, -116.648467541 46.5160176754, -116.648299694 46.5160665512, -116.648001671 46.5161545277, -116.647681713 46.51633358, -116.647536755 46.5164105892, -116.647391796 46.5164904594, -116.647254467 46.5165706873, -116.647010326 46.5167037249, -116.646773338 46.5169516802, -116.646674633 46.5170586109, -116.646575451 46.5171657801, -116.646476269 46.5172686577, -116.64637661 46.5173757076, -116.646277428 46.5174827576, -116.646178722 46.5175857544, -116.64607954 46.5176916122, -116.645980358 46.5177987814, -116.645880699 46.5179057121, -116.645781517 46.518008709, -116.645682812 46.5181157589, -116.64558363 46.5182226896, -116.645484447 46.5183286667, -116.645385265 46.5184317827, -116.645278454 46.5185387135, -116.645179749 46.5186456442, -116.645079613 46.5187528133, -116.644980431 46.518855691, -116.644881725 46.5189627409, -116.644782543 46.5190688372, -116.644683838 46.5191757679, -116.644583702 46.5192826986, -116.64448452 46.5193858147, -116.644385338 46.5194927454, -116.644286633 46.5195996761, -116.64418745 46.5197027922, -116.644088745 46.519805789, -116.64393568 46.519969821, -116.643798351 46.5202518702, -116.643744469 46.5203738213, -116.64369154 46.5204917192, -116.643630505 46.5206137896, -116.643576622 46.5207327604, -116.643523693 46.5208548307, -116.643462658 46.5209769011, -116.643340588 46.5212507248, -116.643119812 46.5214378834, -116.643004417 46.5215377808, -116.642890453 46.5216368437, -116.642775536 46.5217357874, -116.642661572 46.5218348503, -116.642546654 46.5219306946, -116.64243269 46.5220297575, -116.642318726 46.5221289396, -116.642203808 46.522223711, -116.642089367 46.5223227739, -116.641845703 46.5225328207, -116.641616821 46.5226968527, -116.641486645 46.5227850676, -116.641356468 46.5228728056, -116.641227722 46.5229638815, -116.641104698 46.5230518579, -116.640975475 46.5231438875, -116.640845776 46.5232309103, -116.640715599 46.5233188868, -116.640586853 46.5234109163, -116.640456676 46.5234979391, -116.640334606 46.5235899687, -116.64020443 46.5236778259, -116.64007473 46.5237689018, -116.639945507 46.5238568783, -116.639815331 46.5239479542, -116.639685631 46.5240359306, -116.63956356 46.5241279602, -116.639434814 46.5242159367, -116.639304638 46.5243070126, -116.639174461 46.524394989, -116.639045715 46.5244858265, -116.638915539 46.5245739222, -116.638793468 46.5246618986, -116.638503551 46.5248640776, -116.638243675 46.5250051022, -116.638106823 46.5250849724, -116.637961388 46.5251649618, -116.637816429 46.5252420902, -116.637671471 46.5253220797, -116.637534618 46.5254019499, -116.63738966 46.5254780054, -116.63717556 46.5255960226, -116.636916637 46.5256880522, -116.63675642 46.5257409811, -116.636588573 46.525799036, -116.636428356 46.525851965, -116.636260986 46.525908947, -116.636100769 46.5259629488, -116.635932446 46.5260199308, -116.635772705 46.5260769129, -116.635604382 46.5261300802, -116.635443687 46.5261880159, -116.635276318 46.5262451172, -116.635115623 46.5262981653, -116.63494873 46.5263562202, -116.63478756 46.5264132023, -116.634627342 46.5264661312, -116.634459496 46.5265232325, -116.634230614 46.5266001225, -116.633963585 46.5266489983, -116.633788586 46.5266840458, -116.633612633 46.5267181396, -116.633429527 46.5267480612, -116.633254528 46.5267831087, -116.633078575 46.5268172026, -116.632903576 46.526851058, -116.632720947 46.5268820524, -116.632544518 46.5269161463, -116.632369518 46.5269471407, -116.63201046 46.5270152092, -116.631659508 46.5270351171, -116.631476402 46.5270421505, -116.631293297 46.5270502567, -116.631110668 46.5270572901, -116.630927563 46.527069211, -116.630622387 46.5270842314, -116.630355358 46.5270351171, -116.630179882 46.5270041227, -116.630004406 46.526974082, -116.629828453 46.5269392729, -116.629653454 46.5269092321, -116.629470348 46.5268741846, -116.629096508 46.5268101692, -116.628775597 46.5267262459, -116.628608227 46.5266802311, -116.628432274 46.5266340971, -116.628264427 46.5265923738, -116.628089428 46.5265462399, -116.627921581 46.5265043974, -116.627753258 46.5264593363, -116.627578259 46.5264133215, -116.627410412 46.5263712406, -116.627234459 46.526325345, -116.627066612 46.526279211, -116.626899242 46.5262373686, -116.626723289 46.5261921883, -116.626555443 46.5261462927, -116.626380444 46.5261044502, -116.626212597 46.5260583162, -116.625754356 46.525940299, -116.625457287 46.5258523226, -116.62528944 46.5258023739, -116.625121117 46.5257533789, -116.62495327 46.5257031918, -116.624785423 46.5256543159, -116.624610424 46.5256084204, -116.624442577 46.5255584717, -116.624274254 46.5255094767, -116.624106407 46.5254592896, -116.62393856 46.5254104137, -116.623770714 46.525360465, -116.623603344 46.5253105164, -116.623435497 46.525265336, -116.623267174 46.5252153873, -116.623099327 46.5251654387, -116.62293148 46.5251163244, -116.622763157 46.5250663757, -116.622596264 46.5250204802, -116.622428417 46.5249713659, -116.622260094 46.5249214172, -116.622092247 46.5248724222, -116.621917248 46.5248223543, -116.621749401 46.5247722864, -116.621581078 46.5247234106, -116.621413231 46.524677515, -116.621245384 46.5246273279, -116.621077061 46.5245785713, -116.620909214 46.5245286226, -116.620742321 46.5244795084, -116.620420933 46.5243874788, -116.620055199 46.5243265629, -116.619879246 46.5242966413, -116.619704247 46.5242656469, -116.619529247 46.5242356062, -116.619353294 46.5242046118, -116.619170189 46.5241775513, -116.618994236 46.5241475105, -116.618819237 46.5241165161, -116.618636131 46.5240865946, -116.618460178 46.5240595341, -116.618285179 46.5240294933, -116.618109226 46.5239984989, -116.617926121 46.5239685774, -116.617751122 46.5239374638, -116.617575169 46.5239075422, -116.617392063 46.5238804817, -116.617217064 46.5238497257, -116.617041111 46.523819685, -116.616866112 46.5237886906, -116.616683006 46.5237586498, -116.616507053 46.5237317085, -116.616332054 46.5237016678, -116.616156101 46.5236706734, -116.615972996 46.523639679, -116.615797997 46.5236096382, -116.615622044 46.5235825777, -116.615447521 46.5235526562, -116.615271091 46.5235215425, -116.615087986 46.523491621, -116.614912987 46.5234645605, -116.614737511 46.5234335661, -116.614424229 46.5233806372, -116.614127159 46.5233576298, -116.613944054 46.5233467817, -116.613761425 46.5233316422, -116.613584995 46.5233197212, -116.61340189 46.5233086348, -116.613219261 46.5232927799, -116.613036156 46.5232816935, -116.61285305 46.5232667923, -116.612677097 46.5232547522, -116.612493992 46.523239851, -116.612310886 46.5232287645, -116.612128258 46.5232126713, -116.611945152 46.523201704, -116.611769199 46.5231866837, -116.611586094 46.5231747627, -116.611402988 46.5231597424, -116.611219883 46.5231478214, -116.611036777 46.5231326818, -116.610854149 46.5231218338, -116.610671043 46.5231056213, -116.61049509 46.5230947733, -116.610311985 46.523083806, -116.61012888 46.523067832, -116.609954357 46.5230567455, -116.609694004 46.5230377913, -116.609412193 46.5229308605, -116.609259129 46.5228698254, -116.609098911 46.5228087902, -116.608939171 46.5227477551, -116.608778954 46.5226867199, -116.608617783 46.5226258039, -116.60845089 46.5225608349, -116.608297825 46.5224999189, -116.608138084 46.5224387646, -116.607977867 46.5223778486, -116.607817173 46.5223168135, -116.607656956 46.5222557783, -116.607496738 46.5221947432, -116.607336998 46.522133708, -116.607176781 46.5220726728, -116.607016087 46.5220118761, -116.606855869 46.5219509602, -116.606695652 46.521889925, -116.606542587 46.5218290091, -116.606382847 46.521766901, -116.60622263 46.5217059851, -116.606062889 46.5216448307, -116.605901718 46.5215839148, -116.605741978 46.5215228796, -116.60558176 46.5214620829, -116.605421543 46.5214009285, -116.605261803 46.5213400126, -116.605100632 46.5212789774, -116.604948997 46.5212179422, -116.60478878 46.5211569071, -116.604627609 46.5210958719, -116.604467869 46.5210348368, -116.604307652 46.5209739208, -116.604147911 46.5209130049, -116.60398674 46.5208519697, -116.603827 46.5207909346, -116.603666782 46.5207298994, -116.603507042 46.5206688643, -116.603346825 46.5206078291, -116.603185654 46.5205470324, -116.603033543 46.5204859972, -116.602873802 46.520424962, -116.602712631 46.5203639269, -116.602552891 46.5202989578, -116.602392673 46.5202379227, -116.602232933 46.5201771259, -116.602071762 46.5201159716, -116.601911545 46.5200550556, -116.601751804 46.5199940205, -116.601592064 46.5199329853, -116.601431847 46.5198719501, -116.601270676 46.519810915, -116.601118565 46.5197489262, -116.600958824 46.5196880102, -116.60079813 46.5196270943, -116.600637913 46.5195659399, -116.600477695 46.519505024, -116.600317478 46.5194439888, -116.600156307 46.5193829536, -116.599996567 46.5193219185, -116.599836349 46.5192608833, -116.599676609 46.5192000866, -116.599523544 46.5191390514, -116.599363804 46.5190781355, -116.599065781 46.5189641714, -116.598753452 46.5187650919, -116.598615646 46.5186810493, -116.598486423 46.5185940266, -116.598348618 46.5185101032, -116.598219872 46.5184260607, -116.598081589 46.5183380842, -116.597952843 46.5182540417, -116.59781456 46.5181660652, -116.597685814 46.5180820227, -116.597547531 46.517999053, -116.597418308 46.5179110765, -116.597280502 46.5178271532, -116.59714365 46.5177390575, -116.597013474 46.5176551342, -116.596876621 46.5175710917, -116.596746445 46.5174840689, -116.596609592 46.5174001455, -116.596479416 46.517316103, -116.596342564 46.5172281265, -116.596212387 46.5171442032, -116.595983505 46.5169991255, -116.595648766 46.5168501139, -116.595495701 46.5167821646, -116.595342636 46.5167090893, -116.595182896 46.5166412592, -116.594862461 46.5164963007, -116.594564438 46.5164692402, -116.594389439 46.5164541006, -116.59420681 46.5164382458, -116.593801498 46.5164041519, -116.593473434 46.5164312124, -116.593290806 46.5164462328, -116.5931077 46.5164612532, -116.592924595 46.5164761543, -116.592741489 46.5164922476, -116.592405319 46.5165183544, -116.592054367 46.5164192915, -116.59188652 46.5163733959, -116.591711521 46.5163244009, -116.591543674 46.5162782669, -116.591253281 46.5161943436, -116.590223312 46.5159002542, -116.589262486 46.5158324242, -116.587148666 46.5152374506, -116.58449316 46.5143675804, -116.582113266 46.5139095783, -116.580824375 46.5132684708, -116.579359055 46.5122386217, -116.578961849 46.5119646788, -116.578603268 46.5117125511, -116.578404903 46.5112315416, -116.577778816 46.5097026825, -116.577482224 46.5092217922, -116.577085018 46.5087637901, -116.576321602 46.5081688166, -116.575230598 46.507825613, -116.574185848 46.5075927973, -116.572980881 46.5073217154, -116.571324825 46.507298708, -116.569104671 46.5074789524, -116.567685604 46.5078099966, -116.566556454 46.508073926, -116.566091061 46.5084860325, -116.56576252 46.5090121031, -116.565625668 46.5107940435, -116.565327644 46.5112060308, -116.563542843 46.5123001337, -116.562314987 46.5127812624, -116.561253548 46.5130292177, -116.559964657 46.5130062103, -116.558110714 46.5126172304, -116.557080746 46.512255311, -116.556157589 46.5116792917, -116.555195332 46.5107212067, -116.554639339 46.5099394321, -116.552983284 46.5084093809, -116.551892281 46.5077193975, -116.549611092 46.5064646006, -116.548649311 46.5060985088, -116.547955036 46.5061783791, -116.542157173 46.5068727732, -116.532719135 46.5087800026, -116.529149055 46.5090321302, -116.5276227 46.5090551376, -116.523288727 46.5083422661, -116.520870686 46.5083042383, -116.518550873 46.5082694292, -116.517063618 46.5082885027, -116.514148712 46.508128643, -116.513225555 46.5079455376, -116.511837482 46.5080105066, -116.510410309 46.5076897144, -116.508892536 46.5071406364, -116.504329205 46.5041428804, -116.50359726 46.5038869381, -116.500972271 46.5020788908, -116.497402191 46.5012439489, -116.493350983 46.5003201962, -116.492351055 46.5001981258, -116.491527081 46.5000652075, -116.490283966 46.4998782873, -116.489977837 46.4998022318, -116.488978863 46.4994933605, -116.488726616 46.4995082617, -116.488551617 46.4995193481, -116.488368511 46.4995312691, -116.488185406 46.4995423555, -116.488001823 46.4995543957, -116.487826824 46.4995653629, -116.487643719 46.49957335, -116.487460613 46.4995844364, -116.487063408 46.4996113777, -116.48674345 46.499687314, -116.486567497 46.4997253418, -116.486399651 46.4997673035, -116.486224651 46.4998053312, -116.486056328 46.4998472929, -116.485804558 46.499905467, -116.485545635 46.499958396, -116.485369682 46.4999964237, -116.485194683 46.500031352, -116.48501873 46.5000693798, -116.484850407 46.5001074076, -116.484675407 46.5001415014, -116.484500408 46.5001792908, -116.484324455 46.5002143383, -116.484149456 46.5002524853, -116.483973503 46.5002903938, -116.483798504 46.5003243685, -116.483622551 46.5003623962, -116.483454227 46.5004014969, -116.483279228 46.5004353523, -116.483103752 46.5004733801, -116.482928753 46.5005114079, -116.4827528 46.5005493164, -116.482577324 46.5005913973, -116.482470512 46.5007513762, -116.482272625 46.5007973909, -116.482096672 46.5008394718, -116.481928349 46.5008776188, -116.481753826 46.5009194613, -116.481577873 46.5009615421, -116.481410503 46.5010035038, -116.48123455 46.5010455847, -116.481059551 46.5010836124, -116.480815411 46.5011446476, -116.480532169 46.5011794567, -116.480357647 46.5012054443, -116.480174541 46.5012285709, -116.479998589 46.5012556314, -116.479815483 46.5012785196, -116.479456425 46.5013284683, -116.47909832 46.5013315678, -116.478915215 46.5013355017, -116.478732586 46.5013395548, -116.47854948 46.5013436079, -116.478365421 46.501347661, -116.478182316 46.501347661, -116.47799921 46.5013506413, -116.477816582 46.5013546944, -116.477633476 46.5013585091, -116.477450371 46.5013625622, -116.477274418 46.5013666153, -116.477091312 46.5013695955, -116.476908207 46.5013695955, -116.476580143 46.5013775825, -116.476367474 46.5014005899, -116.476183414 46.5014235973, -116.476000309 46.5014426708, -116.475817204 46.5014616251, -116.475634098 46.5014845133, -116.475451469 46.5015035868, -116.475268364 46.5015267134, -116.475092411 46.5015455484, -116.474909306 46.5015685558, -116.4747262 46.5015876293, -116.474551201 46.501606822, -116.474192619 46.5016486645, -116.473879337 46.5015536547, -116.473711967 46.5014996529, -116.473536015 46.5014467239, -116.473368168 46.5013967752, -116.473200321 46.5013477802, -116.473033428 46.5012937784, -116.472865105 46.5012446642, -116.472697258 46.5011907816, -116.472537041 46.5011417866, -116.472369194 46.5010918379, -116.472201347 46.5010386705, -116.472033024 46.5009887218, -116.471865177 46.5009387732, -116.47169733 46.500885725, -116.471529961 46.5008356571, -116.471369267 46.5007866621, -116.471148014 46.5007177591, -116.470880985 46.5005998611, -116.470721245 46.5005269051, -116.47056818 46.5004588366, -116.470416069 46.5003896952, -116.470118046 46.5002567768, -116.469987869 46.4998939037, -116.468859196 46.4993827343, -116.468660831 46.4990926981, -116.466914177 46.4986656904, -116.466883183 46.4985058308, -116.466722965 46.4984288216, -116.466578007 46.4983568192, -116.466433048 46.4982808828, -116.46628809 46.4982037544, -116.466143131 46.4981278181, -116.465998173 46.4980518818, -116.465853214 46.4979747534, -116.465640068 46.4978647232, -116.46540308 46.4977618456, -116.465250969 46.4976967573, -116.465089798 46.4976277351, -116.464938164 46.4975628853, -116.464785099 46.4974948168, -116.464632988 46.4974297285, -116.464471817 46.4973608255, -116.464319706 46.4972958565, -116.464159966 46.497227788, -116.464006901 46.4971629381, -116.463853836 46.4970937967, -116.463702202 46.4970257282, -116.463549137 46.4969608784, -116.463319778 46.4968647957, -116.463113785 46.4967278242, -116.462985039 46.4966439009, -116.462854862 46.4965558052, -116.462724686 46.4964689016, -116.462587833 46.496380806, -116.462457657 46.4962928295, -116.462327957 46.4962048531, -116.462191105 46.4961208105, -116.462060928 46.4960337877, -116.461863041 46.4959037304, -116.461657047 46.4957778454, -116.461519718 46.4956977367, -116.461381912 46.4956136942, -116.461244583 46.4955297709, -116.461107731 46.4954457283, -116.460969925 46.4953658581, -116.460832596 46.4952818155, -116.460695744 46.4951978922, -116.460557938 46.4951179028, -116.460420609 46.4950338602, -116.460283756 46.4949496984, -116.46014595 46.494869709, -116.460008621 46.4947857857, -116.459871769 46.4947017431, -116.459733486 46.4946217537, -116.459512711 46.4944888353, -116.459337711 46.4943628311, -116.459215641 46.4942708015, -116.459085941 46.4941797256, -116.458963871 46.4940876961, -116.458834171 46.4939968586, -116.458711624 46.493904829, -116.458589554 46.4938137531, -116.458459854 46.4937217236, -116.458284855 46.4935958385, -116.458108902 46.4934357405, -116.457994938 46.4933367968, -116.457880974 46.4932377338, -116.457773685 46.4931377172, -116.457658768 46.4930347204, -116.457551956 46.4929358959, -116.457437515 46.492836833, -116.457323551 46.4927377701, -116.45721674 46.4926388264, -116.457101822 46.4925386906, -116.456987381 46.4924398661, -116.456881046 46.4923408031, -116.456728458 46.4922038317, -116.456514359 46.492058754, -116.456384659 46.4919707775, -116.456254482 46.4918797016, -116.45611763 46.4917917252, -116.455987453 46.4916996956, -116.455850601 46.4916118383, -116.455720901 46.4915208817, -116.455591679 46.4914288521, -116.455453873 46.4913418293, -116.45532465 46.4912537336, -116.455194473 46.4911657572, -116.455064774 46.4910777807, -116.454942703 46.4909907579, -116.45481348 46.4909067154, -116.454607487 46.49076581, -116.454401493 46.490757823, -116.454217434 46.490749836, -116.454027653 46.4907428026, -116.453836441 46.4907348156, -116.453485489 46.4907199144, -116.453157425 46.4908418655, -116.452989578 46.4908989668, -116.452722549 46.4909980297, -116.452562332 46.4911170006, -116.452440739 46.4912078381, -116.452318668 46.4913028479, -116.452196598 46.4913948774, -116.451997757 46.4915480614, -116.451730728 46.4918408394, -116.451684475 46.4919939041, -116.451646328 46.4921159744, -116.451601505 46.4922380447, -116.451562405 46.4923599958, -116.451524734 46.4924860001, -116.451486588 46.4926079512, -116.451448441 46.4927300215, -116.451410294 46.4928559065, -116.451364517 46.4929779768, -116.451326847 46.4930999279, -116.4512887 46.4932260513, -116.451250553 46.4933478832, -116.451204777 46.4934929609, -116.451181412 46.4937180281, -116.45116663 46.4938440323, -116.451158524 46.4939700365, -116.451143742 46.4940959215, -116.451135635 46.4942221642, -116.451120853 46.4943480492, -116.451112747 46.4944740534, -116.451097488 46.4945992231, -116.451089382 46.4947251081, -116.4510746 46.4948511124, -116.451059818 46.4949772358, -116.451051712 46.4951031208, -116.451036453 46.495229125, -116.451028347 46.49535501, -116.451005459 46.4955451488, -116.450868607 46.4956901073, -116.450761318 46.4957931042, -116.450662613 46.4958962202, -116.450563431 46.4959990978, -116.450456619 46.4961020947, -116.450357437 46.4962052107, -116.450250626 46.4963122606, -116.450151443 46.4964151382, -116.450044632 46.4965181351, -116.44994545 46.496625185, -116.449838638 46.4967281818, -116.449739456 46.4968310595, -116.449632168 46.4969382286, -116.449533463 46.4970411062, -116.449426651 46.4971481562, -116.449327469 46.497251153, -116.449220657 46.4973541498, -116.449121475 46.4974602461, -116.449014187 46.4975631237, -116.448915482 46.4976662397, -116.448808193 46.4977734089, -116.448709488 46.4978762865, -116.448595524 46.4979913235, -116.448358536 46.4981663227, -116.448129654 46.4983383417, -116.447954655 46.4984102249, -116.44780159 46.4984753132, -116.447641373 46.4985443354, -116.447488308 46.4986093044, -116.447206497 46.4987273216, -116.447015285 46.498799324, -116.446847439 46.4988603592, -116.446687698 46.4989213943, -116.446527481 46.4989824295, -116.446367264 46.4990444183, -116.446176529 46.4991163015, -116.445863247 46.4991663694, -116.445688248 46.499196291, -116.445512295 46.4992272854, -116.445329189 46.499253273, -116.44515419 46.4992842674, -116.444978714 46.4993143082, -116.444795609 46.4993454218, -116.444620132 46.4993753433, -116.44444418 46.499402523, -116.444261551 46.4994335175, -116.444086552 46.4994635582, -116.443910122 46.4994945526, -116.443727016 46.4995205402, -116.443552494 46.4995515347, -116.443376541 46.4995815754, -116.443132401 46.499620676, -116.442842484 46.499635458, -116.442659378 46.4996426105, -116.442476273 46.4996504784, -116.442293167 46.4996584654, -116.442110062 46.4996654987, -116.441926479 46.499673605, -116.441743374 46.4996814728, -116.441560268 46.4996925592, -116.441377163 46.4997005463, -116.441194534 46.4997075796, -116.441011429 46.4997156858, -116.440834999 46.4997235537, -116.440553188 46.4997346401, -116.440294266 46.4997156858, -116.44011116 46.4997005463, -116.439928055 46.4996846914, -116.439743996 46.4996695518, -116.439568996 46.4996587038, -116.439385891 46.4996426105, -116.439203262 46.4996277094, -116.439020157 46.4996125698, -116.438837051 46.4995976686, -116.438652992 46.4995856285, -116.438477993 46.4995706081, -116.438271999 46.4995515347, -116.437943935 46.4994945526, -116.437767982 46.4994596243, -116.437592983 46.4994297028, -116.437410355 46.4993946552, -116.437233925 46.4993605614, -116.437058926 46.4993306398, -116.436882973 46.4992957115, -116.436707973 46.4992656708, -116.436525345 46.4992306232, -116.436349392 46.4992007017, -116.436173916 46.4991666079, -116.435822964 46.499101758, -116.435518265 46.4989717007, -116.435358047 46.4989027977, -116.435204983 46.4988347292, -116.435044765 46.4987655878, -116.434862137 46.4986857176, -116.434548855 46.4986708164, -116.434366226 46.4986627102, -116.434183121 46.4986547232, -116.433931351 46.4986397028, -116.432740688 46.4985747337, -116.431481838 46.4983688593, -116.429032803 46.4981669188, -116.427506924 46.4979608059, -116.426651955 46.4979839325, -116.42406559 46.4982129335, -116.423470974 46.4980759621, -116.422852516 46.4980909824, -116.417511463 46.4982171059, -116.415329456 46.4984461069, -116.412880421 46.4980111122, -116.412529469 46.4979953766, -116.412346363 46.4979883432, -116.412163258 46.497980237, -116.411980152 46.497969389, -116.411797523 46.4979612827, -116.411614418 46.4979542494, -116.411431313 46.4979463816, -116.411248207 46.4979343414, -116.411072254 46.4979273081, -116.410889149 46.4979193211, -116.410706043 46.4979124069, -116.410393238 46.4978963137, -116.410164356 46.4979083538, -116.409981728 46.4979193211, -116.409798622 46.4979273081, -116.409615517 46.4979383945, -116.409440041 46.4979463816, -116.409255981 46.4979573488, -116.409073353 46.497969389, -116.408890247 46.4979761839, -116.408707142 46.4979883432, -116.408524513 46.4979953766, -116.408341408 46.4980074167, -116.408158302 46.498015523, -116.407982349 46.498026371, -116.407799244 46.498034358, -116.407616138 46.4980453253, -116.407433033 46.4980573654, -116.407250404 46.4980643988, -116.407067299 46.4980763197, -116.406884193 46.498083353, -116.406708241 46.4980953932, -116.406525135 46.4981023073, -116.406342506 46.4981143475, -116.406159401 46.4981213808, -116.405976295 46.4981333017, -116.405800343 46.4981403351, -116.405617237 46.4981524944, -116.405434132 46.4981595278, -116.405236244 46.4981715679, -116.404891968 46.4982434511, -116.404716969 46.4982784986, -116.404541016 46.4983165264, -116.404366493 46.4983545542, -116.404191017 46.4983884096, -116.404015064 46.4984234571, -116.403840542 46.4984616041, -116.403664112 46.4984995127, -116.403489113 46.4985334873, -116.40331316 46.4985715151, -116.403138161 46.4986065626, -116.402962208 46.4986444712, -116.402787209 46.4986784458, -116.402619362 46.4987165928, -116.402442932 46.4987515211, -116.402267933 46.4987896681, -116.401925087 46.4988615513, -116.401557922 46.4988735914, -116.401374817 46.4988806248, -116.401191711 46.4988886118, -116.401009083 46.4988925457, -116.400825977 46.4989006519, -116.400642872 46.4989076853, -116.400460243 46.4989116192, -116.400277138 46.4989196062, -116.399940968 46.4989305735, -116.399734974 46.4989615679, -116.399551868 46.4989876747, -116.399375916 46.4990106821, -116.399200916 46.4990377426, -116.399017811 46.4990646839, -116.398841858 46.4990906715, -116.398513794 46.4991368055, -116.398315907 46.4991867542, -116.39814806 46.4992287159, -116.397973061 46.499273777, -116.397797108 46.4993156195, -116.397628784 46.4993577003, -116.397453785 46.4994037151, -116.397285938 46.499445796, -116.397117615 46.4994876385, -116.396949768 46.4995337725, -116.396781921 46.4995757341, -116.396531105 46.4996407032, -116.396233082 46.4999108315, -116.395889759 46.5000638962, -116.395553589 46.5002008677, -116.39537859 46.5002737045, -116.395057678 46.5003727674, -116.394897938 46.5004258156, -116.394729614 46.5004757643, -116.394562244 46.5005288124, -116.394393921 46.5005788803, -116.394233704 46.5006318092, -116.394065857 46.5006817579, -116.39389801 46.5007346869, -116.39373064 46.5007886887, -116.393562794 46.5008378029, -116.393394947 46.5008918047, -116.39323473 46.5009409189, -116.393066883 46.5009949207, -116.39289856 46.5010478497, -116.392662048 46.5011209249, -116.39222765 46.5011209249, -116.392044544 46.5011209249, -116.391868591 46.501116991, -116.391685963 46.501116991, -116.391502857 46.501116991, -116.391319752 46.501116991, -116.391136646 46.501116991, -116.390954018 46.501116991, -116.390769482 46.501116991, -116.390586853 46.501116991, -116.390403748 46.501116991, -116.390228748 46.5011129379, -116.390045643 46.5011129379, -116.389862061 46.5011129379, -116.389678955 46.5011129379, -116.38949585 46.5011129379, -116.389312744 46.5011129379, -116.389130116 46.5011129379, -116.38894701 46.5011129379, -116.388763905 46.5011129379, -116.388580799 46.501109004, -116.388404846 46.501109004, -116.388221741 46.501109004, -116.388038635 46.501109004, -116.38785553 46.501109004, -116.387672424 46.501109004, -116.387489796 46.501109004, -116.38730669 46.501109004, -116.387123585 46.5011050701, -116.386939526 46.5011050701, -116.38675642 46.5011050701, -116.384818554 46.5011022091, -116.383781433 46.5012540817, -116.382598877 46.5014220476, -116.380508423 46.500644207, -116.37902832 46.500087142, -116.378494263 46.4998893738, -116.377967358 46.4997513294, -116.376556396 46.4997284412, -116.375984192 46.4996414185, -116.374809265 46.4996442795, -116.373664379 46.4998893738, -116.37336731 46.49999547, -116.373199463 46.5000565052, -116.372900963 46.5001634359, -116.372694969 46.5002014637, -116.37251997 46.5002323389, -116.372344494 46.5002623796, -116.372169018 46.5002974272, -116.371993065 46.5003273487, -116.371818066 46.5003583431, -116.37163496 46.500392437, -116.371459007 46.5004234314, -116.371284008 46.5004534721, -116.371108055 46.5004874468, -116.370933056 46.5005184412, -116.37074995 46.5005484819, -116.370574474 46.5005835295, -116.370398998 46.5006135702, -116.370223045 46.5006445646, -116.370048046 46.5006785393, -116.369872093 46.5007096529, -116.369688988 46.5007435083, -116.369513988 46.5007745028, -116.369338036 46.5008044243, -116.369163036 46.5008355379, -116.36898756 46.5008695126, -116.368812084 46.5008995533, -116.368628979 46.5009346008, -116.368453026 46.5009645224, -116.368278027 46.500995636, -116.368102074 46.5010255575, -116.367927074 46.5010604858, -116.367752075 46.5010905266, -116.367576122 46.501121521, -116.367401123 46.5011554956, -116.36722517 46.5011864901, -116.367050171 46.5012165308, -116.366813183 46.5012586117, -116.366546154 46.5013536215, -116.366385937 46.5014116764, -116.36621809 46.5014686584, -116.36605835 46.5015256405, -116.365898132 46.5015826225, -116.365729809 46.5016406775, -116.365570068 46.5016976595, -116.365402222 46.5017546415, -116.365241051 46.5018116236, -116.364989758 46.5019036531, -116.364746094 46.501968503, -116.364570141 46.5020136833, -116.364401817 46.5020595789, -116.364233971 46.5021057129, -116.364058971 46.5021516085, -116.363891125 46.5021965504, -116.363722801 46.5022466183, -116.363555431 46.5022926331, -116.363379955 46.5023385286, -116.363212109 46.5023838282, -116.363043785 46.5024297237, -116.362800121 46.5024946928, -116.362524986 46.5025366545, -116.362341881 46.5025635958, -116.362166882 46.5025897026, -116.361990929 46.5026168823, -116.361807823 46.5026476383, -116.361632824 46.5026737452, -116.361450195 46.5027008057, -116.361273766 46.502727747, -116.361091137 46.5027537346, -116.360916138 46.5027807951, -116.360739708 46.5028077364, -116.360557079 46.5028377771, -116.36038208 46.5028647184, -116.360206127 46.5028917789, -116.360023022 46.5029177666, -116.35979414 46.5029528141, -116.359488964 46.502948761, -116.359305859 46.5029448271, -116.359122753 46.5029408932, -116.358939648 46.5029368401, -116.358565807 46.5029298067, -116.358207226 46.5029408932, -116.35802412 46.502948761, -116.357841015 46.502956748, -116.357664585 46.5029637814, -116.357481956 46.5029718876, -116.357298851 46.5029786825, -116.357115746 46.5029867887, -116.356780052 46.5029988289, -116.356573582 46.5030326843, -116.356398582 46.503059864, -116.356223106 46.5030858517, -116.356040001 46.503112793, -116.355865002 46.5031398535, -116.355681896 46.5031700134, -116.355505466 46.5031969547, -116.355330467 46.5032240152, -116.355147839 46.5032500029, -116.354971886 46.5032809973, -116.354796886 46.5033079386, -116.354613781 46.5033339262, -116.354437828 46.5033609867, -116.354262829 46.503387928, -116.354079723 46.5034139156, -116.35390377 46.50344491, -116.353728771 46.5034719706, -116.353545666 46.503497839, -116.353369713 46.5035248995, -116.353186607 46.50355196, -116.353011608 46.5035818815, -116.352836132 46.503608942, -116.35264492 46.5036388636, -116.352286816 46.503661871, -116.351942539 46.5036849976, -116.35176754 46.5037419796, -116.3516078 46.5037959814, -116.351439476 46.5038529634, -116.351271629 46.5039099455, -116.351111412 46.5039639473, -116.350943565 46.5040209293, -116.35072279 46.504093051, -116.350500584 46.504226923, -116.350363731 46.5043109655, -116.350226402 46.5043948889, -116.350089073 46.5044789314, -116.349951744 46.5045628548, -116.349814415 46.5046430826, -116.34963131 46.5047529936, -116.349371433 46.5048599243, -116.349211693 46.5049250126, -116.349058628 46.5049901009, -116.348898411 46.5050549507, -116.34873867 46.5051199198, -116.348585606 46.5051840544, -116.348425388 46.5052490234, -116.348235607 46.5053290129, -116.34794569 46.5054318905, -116.347784519 46.5054901838, -116.347624779 46.5055471659, -116.347456455 46.5056041479, -116.347296715 46.50566113, -116.347075939 46.5057411194, -116.346800804 46.5058101416, -116.346625805 46.505851984, -116.346457481 46.5058941841, -116.346282005 46.505936265, -116.346106529 46.5059821606, -116.345938683 46.506024003, -116.345763683 46.5060660839, -116.345595837 46.5061081648, -116.345419407 46.5061491728, -116.34525156 46.5061911345, -116.345061779 46.5062410831, -116.344756603 46.5063481331, -116.344595432 46.506409049, -116.344427586 46.5064661503, -116.344267845 46.5065231323, -116.344031334 46.5066070557, -116.343764305 46.5066721439, -116.343588352 46.5067142248, -116.343268394 46.5067871809, -116.343069553 46.5067871809, -116.342886925 46.5067871809, -116.342703819 46.5067871809, -116.342512608 46.5067871809, -116.342306614 46.5067871809, -116.34197855 46.5067452192, -116.341795444 46.5067222118, -116.341620445 46.5066990852, -116.34143734 46.5066761971, -116.341254711 46.5066531897, -116.341078281 46.5066301823, -116.340895176 46.5066072941, -116.340720177 46.5065841675, -116.340536594 46.5065611601, -116.340353489 46.5065392256, -116.34017849 46.5065162182, -116.339995384 46.50649333, -116.339819431 46.5064703226, -116.339636326 46.5064473152, -116.339461327 46.5064283609, -116.339278221 46.5064052343, -116.339102745 46.5063823462, -116.33891964 46.5063593388, -116.33870554 46.506329298, -116.338415146 46.5062332153, -116.33824873 46.5061802864, -116.338087082 46.5061273575, -116.337920666 46.5060693026, -116.337752342 46.5060163736, -116.337592125 46.5059633255, -116.337424278 46.5059053898, -116.337111473 46.5058022738, -116.337012291 46.5056842566, -116.336882591 46.505531311, -116.336661339 46.5053983927, -116.336523533 46.5053144693, -116.336386204 46.5052304268, -116.336241245 46.5051465034, -116.336103916 46.5050663948, -116.335860252 46.504914403, -116.335661411 46.5048723221, -116.335493088 46.5048304796, -116.335318565 46.504791379, -116.335142136 46.5047533512, -116.334967136 46.5047113895, -116.334631443 46.504635334, -116.334448338 46.5045824051, -116.33428812 46.5045284033, -116.334120274 46.5044794083, -116.333952427 46.5044254065, -116.333784103 46.5043723583, -116.33361721 46.5043222904, -116.333456039 46.5042693615, -116.333289146 46.5042194128, -116.3331213 46.5041664839, -116.332952976 46.5041165352, -116.33278513 46.5040634871, -116.332625389 46.5040135384, -116.332350254 46.5039265156, -116.33211422 46.5038765669, -116.331938267 46.5038385391, -116.331763268 46.5037964582, -116.331587315 46.5037585497, -116.331412315 46.5037205219, -116.331235886 46.5036815405, -116.331068039 46.5036436319, -116.330793858 46.5035865307, -116.330542088 46.5035785437, -116.330358982 46.5035715103, -116.330175877 46.5035674572, -116.329993248 46.5035595894, -116.329810143 46.5035555363, -116.329805851 46.5035554171, -116.329626083 46.5035485029, -116.329442978 46.503544569, -116.329259872 46.503536582, -116.329077244 46.5035336018, -116.328894138 46.5035295486, -116.328543186 46.5035175085, -116.328168869 46.5035175085, -116.327985764 46.5035175085, -116.327802658 46.5035175085, -116.327620029 46.5035175085, -116.327436924 46.5035175085, -116.327253819 46.5035175085, -116.32707119 46.5035175085, -116.326887131 46.5035175085, -116.326704025 46.5035175085, -116.32652092 46.5035175085, -116.326155186 46.5035175085, -116.325803757 46.5035597086, -116.325620651 46.5035787821, -116.325438023 46.5035976171, -116.32526207 46.5036207438, -116.325078964 46.503639698, -116.324903965 46.5036627054, -116.32472086 46.5036817789, -116.324537754 46.5037047863, -116.324361801 46.5037237406, -116.324178696 46.503746748, -116.32399559 46.5037658215, -116.323819637 46.5037888288, -116.323636532 46.5038076639, -116.32340765 46.5038347244, -116.323111057 46.5038917065, -116.322934628 46.5039297342, -116.322759628 46.5039647818, -116.322583675 46.5039986372, -116.322408676 46.5040327311, -116.322234154 46.5040676594, -116.322057724 46.5041017532, -116.321882725 46.5041358471, -116.321698666 46.5041707754, -116.321531773 46.5042048693, -116.32135582 46.5042388439, -116.32118082 46.5042737722, -116.321004868 46.5043077469, -116.320829868 46.5043457747, -116.320501804 46.5044068098, -116.320249557 46.5044567585, -116.320005894 46.5045057535, -116.319753647 46.5045558214, -116.319501877 46.5046058893, -116.31924963 46.5046547651, -116.318998814 46.5047047138, -116.318746567 46.504753828, -116.318494797 46.5048037767, -116.318212986 46.504860878, -116.317807674 46.5050438643, -116.317595005 46.5051429272, -116.317373753 46.5052428246, -116.317159653 46.5053420067, -116.316938877 46.5054410696, -116.316556931 46.5056158304, -116.316327572 46.5057729483, -116.316144943 46.5059028864, -116.315961838 46.5060279369, -116.315778732 46.5061579943, -116.315595627 46.5062879324, -116.315412521 46.5064139366, -116.315229893 46.5065429211, -116.315046787 46.5066689253, -116.314863682 46.5067988634, -116.314679623 46.5069249868, -116.314496517 46.5070548058, -116.314313889 46.5071799755, -116.314039707 46.5073748827, -116.313695908 46.5075008869, -116.313459873 46.5075849295, -116.31303978 46.5077370405, -116.31274271 46.50778687, -116.31249094 46.5078290701, -116.312238693 46.5078709126, -116.311986446 46.5079129934, -116.311727524 46.5079550743, -116.311475754 46.5080009699, -116.311223507 46.5080429316, -116.310972691 46.5080850124, -116.310712814 46.5081260204, -116.310460567 46.5081679821, -116.310209751 46.508210063, -116.309896469 46.508264184, -116.309484482 46.5084052086, -116.3092556 46.5084891319, -116.309018612 46.5085691214, -116.308790684 46.5086491108, -116.308553696 46.5087330341, -116.308324814 46.508813262, -116.308088779 46.5088931322, -116.307859421 46.5089771748, -116.307630539 46.5090571642, -116.307393551 46.5091410875, -116.307164669 46.509221077, -116.306928635 46.5093011856, -116.306699753 46.5093852282, -116.306463718 46.5094652176, -116.30623436 46.5095461607, -116.305997372 46.5096291304, -116.30576849 46.5097101927, -116.305532455 46.5097901821, -116.305303574 46.5098742247, -116.305066586 46.5099540949, -116.304838657 46.5100340843, -116.304609299 46.5101182461, -116.304372787 46.5101982355, -116.304143429 46.5102782249, -116.30383873 46.5103851557, -116.303525448 46.5106022358, -116.303342342 46.5107281208, -116.302976608 46.5109802485, -116.302762508 46.5110912323, -116.302549362 46.5111942291, -116.302343369 46.511300087, -116.302129745 46.5114072561, -116.301923752 46.5115141869, -116.301709652 46.5116251707, -116.301503658 46.5117282867, -116.301183701 46.5118924379, -116.300969601 46.5121133327, -116.300824642 46.5122654438, -116.300680637 46.512414217, -116.300535679 46.5125632286, -116.30039072 46.5127123594, -116.300245285 46.512861371, -116.300100803 46.5130133629, -116.299955845 46.5131622553, -116.299794674 46.5133303404, -116.299627781 46.5136463642, -116.299535751 46.5138143301, -116.299444675 46.513982296, -116.299352646 46.5141502619, -116.299161434 46.5144972801, -116.298734665 46.5142912865, -116.298368454 46.5138292313, -116.298185825 46.513692379, -116.298009396 46.5135593414, -116.29800272 46.5133533478, -116.298398495 46.5131622553, -116.298665524 46.5130323172, -116.298505306 46.5127843618, -116.299001694 46.512460351, -116.299329281 46.5123463869, -116.299558163 46.5120593309, -116.299695492 46.5118883848, -116.300107479 46.5116894245, -116.300321579 46.5115863085, -116.300535202 46.5114833117, -116.300748348 46.5113801956, -116.300962448 46.511277318, -116.301175594 46.5111743212, -116.301389694 46.5110713243, -116.301603794 46.5109683275, -116.301816463 46.5108652115, -116.302030563 46.5107620955, -116.302244663 46.5106592178, -116.302457333 46.5105561018, -116.302671432 46.5104532242, -116.302884579 46.5103501081, -116.303098679 46.5102472305, -116.303312778 46.5101442337, -116.303525448 46.5100411177, -116.303808689 46.5099041462, -116.304181576 46.5097551346, -116.304410458 46.509668231, -116.304639339 46.5095801353, -116.304868698 46.5094881058, -116.305089474 46.509401083, -116.305318356 46.5093132257, -116.305547714 46.5092252493, -116.305791378 46.5091302395, -116.306257725 46.5090000629, -116.306501389 46.5089310408, -116.306737423 46.5088671446, -116.306981564 46.5087981224, -116.307226658 46.5087291002, -116.307462692 46.5086641312, -116.307706356 46.5085961819, -116.307950497 46.5085270405, -116.308339596 46.5084201097, -116.308637619 46.5082831383, -116.308858395 46.5081840754, -116.309072971 46.5080851316, -116.309293747 46.5079820156, -116.309507847 46.5078821182, -116.309728622 46.5077830553, -116.309942722 46.5076841116, -116.310163498 46.5075849295, -116.310376644 46.5074859858, -116.310628891 46.507371068, -116.311109543 46.5073369741, -116.311368465 46.507322073, -116.311628819 46.5073029995, -116.311887741 46.5072829723, -116.312253475 46.5072610378, -116.31262064 46.5071269274, -116.312848568 46.5070469379, -116.313085556 46.5069630146, -116.313405991 46.5068489313, -116.313718796 46.5066540241, -116.313909531 46.5065319538, -116.314100742 46.5064139366, -116.314290524 46.5062918663, -116.314489365 46.5061699152, -116.314679623 46.5060468912, -116.314870834 46.5059289932, -116.315061569 46.5058069229, -116.315259457 46.5056849718, -116.315450668 46.5055629015, -116.315694332 46.5054069757, -116.316083908 46.5052579641, -116.31631279 46.5051659346, -116.316541672 46.5050789118, -116.316770554 46.5049909353, -116.316991806 46.5049028397, -116.317220688 46.5048148632, -116.31744957 46.5047278404, -116.317678928 46.504639864, -116.317900181 46.5045518875, -116.318128586 46.50446105, -116.318357944 46.5043728352, -116.318586826 46.5042847395, -116.318815708 46.504196763, -116.319036961 46.5041097403, -116.319265842 46.5040217638, -116.319494724 46.5039337873, -116.319722652 46.5038458109, -116.320043564 46.5037168264, -116.321157932 46.5032858849, -116.323675632 46.5027356148, -116.328307152 46.5023046732, -116.32831049 46.5022132397, -116.328313828 46.5021215677, -116.328130722 46.5020606518, -116.327962875 46.5020035505, -116.327802658 46.5019465685, -116.327634811 46.5018886328, -116.327475071 46.5018315315, -116.327306747 46.5017745495, -116.32714653 46.5017175674, -116.32698679 46.5016635656, -116.326787949 46.5015956163, -116.326474667 46.5015496016, -116.326299667 46.5015227795, -116.326124668 46.5014966726, -116.325940609 46.5014696121, -116.32576561 46.5014467239, -116.325582981 46.5014196634, -116.325407028 46.501393795, -116.325231552 46.5013667345, -116.325048923 46.501339674, -116.324872494 46.5013127327, -116.324689865 46.5012907982, -116.324514866 46.5012637377, -116.32433176 46.5012367964, -116.324155807 46.5012096167, -116.323980808 46.501183629, -116.323797703 46.5011566877, -116.32362175 46.5011336803, -116.323438644 46.501106739, -116.323263645 46.5010807514, -116.323079586 46.5010538101, -116.322905064 46.5010267496, -116.322721958 46.501000762, -116.322385788 46.5009508133, -116.322187424 46.500931859, -116.322004795 46.5009127855, -116.321828842 46.5008897781, -116.321645737 46.5008708239, -116.321462631 46.5008517504, -116.321287632 46.5008327961, -116.321103573 46.5008138418, -116.320928574 46.5007907152, -116.320745468 46.5007717609, -116.320562363 46.5007528067, -116.32038641 46.5007337332, -116.320203781 46.5007147789, -116.320020676 46.5006948709, -116.319845676 46.5006728172, -116.319661617 46.5006527901, -116.319486618 46.5006338358, -116.319303989 46.5006148815, -116.319043636 46.5005848408, -116.318769455 46.5005389452, -116.318593502 46.5005089045, -116.318410873 46.50047791, -116.318235397 46.5004478693, -116.318059444 46.5004168749, -116.317884445 46.5003858805, -116.317708492 46.5003558397, -116.317533493 46.5003248453, -116.31735754 46.5002948046, -116.317174435 46.5002639294, -116.316999435 46.5002340078, -116.316823959 46.5002030134, -116.316648483 46.5001729727, -116.31647253 46.5001419783, -116.316297531 46.5001119375, -116.316121578 46.5000809431, -116.315893173 46.5000429153, -116.315030575 46.4999021292, -116.314740181 46.4998600483, -116.314565659 46.4998370409, -116.314382553 46.4998140335, -116.314176559 46.499784112, -116.313993454 46.4997879267, -116.313810825 46.4997909069, -116.31362772 46.49979496, -116.313443184 46.4997990131, -116.313268661 46.4997990131, -116.312917233 46.4998070002, -116.312574387 46.4997271299, -116.312398434 46.4996850491, -116.31223011 46.4996430874, -116.312055111 46.4996039867, -116.311887264 46.4995619059, -116.311712265 46.4995210171, -116.311536312 46.4994789362, -116.311368465 46.4994370937, -116.311193466 46.4993979931, -116.311017513 46.4993561506, -116.310842514 46.4993151426, -116.310666561 46.4992730618, -116.310499191 46.4992312193, -116.310323238 46.4991891384, -116.310148716 46.4991509914, -116.309980392 46.499109149, -116.30980444 46.4990670681, -116.309537411 46.4990060329, -116.309278011 46.498986125, -116.309102058 46.4989751577, -116.30891943 46.4989601374, -116.308736324 46.498947978, -116.308553219 46.49893713, -116.30837822 46.4989221096, -116.30819416 46.4989101887, -116.308011055 46.4988991022, -116.30782795 46.4988871813, -116.307645321 46.4988720417, -116.307462215 46.4988611937, -116.30727911 46.4988491535, -116.307096004 46.4988380671, -116.306890011 46.498822093, -116.306569099 46.4987580776, -116.3063941 46.4987230301, -116.306218147 46.4986891747, -116.306043148 46.4986552, -116.305867195 46.4986201525, -116.305692196 46.4985861778, -116.305517197 46.4985482693, -116.305341244 46.4985132217, -116.305166245 46.4984791279, -116.304990292 46.4984451532, -116.304815292 46.4984102249, -116.304639339 46.4983762503, -116.304471016 46.4983422756, -116.304296017 46.4983072281, -116.304120064 46.4982731342, -116.303945065 46.4982392788, -116.303747177 46.498201251, -116.30357933 46.4981741905, -116.303402901 46.4981472492, -116.303220272 46.4981172085, -116.303045273 46.4980902672, -116.30286932 46.4980632067, -116.302686214 46.498037219, -116.302510738 46.4980062246, -116.302334785 46.4979792833, -116.302152157 46.4979531765, -116.301977158 46.497926116, -116.301801205 46.4978991747, -116.301618099 46.4978691339, -116.301442146 46.4978420734, -116.301267147 46.4978151321, -116.301084042 46.4977891445, -116.300908089 46.4977623224, -116.300724983 46.497731328, -116.300549984 46.4977053404, -116.300374031 46.4976783991, -116.300199032 46.4976513386, -116.300015926 46.497625351, -116.299740791 46.4975832701, -116.299489021 46.4975253344, -116.299314022 46.4974871874, -116.299146175 46.497449398, -116.298971176 46.4974073172, -116.298794746 46.4973694086, -116.298619747 46.4973313808, -116.298443794 46.4972933531, -116.298275948 46.4972554445, -116.298100948 46.4972163439, -116.297924995 46.4971783161, -116.297749996 46.4971404076, -116.297574043 46.4970983267, -116.29740572 46.4970602989, -116.297231197 46.4970223904, -116.297055721 46.4969843626, -116.296880245 46.4969463348, -116.296705246 46.4969073534, -116.296528816 46.4968693256, -116.29636097 46.4968312979, -116.29618597 46.4967893362, -116.296010017 46.4967513084, -116.295835018 46.4967132807, -116.295659065 46.4966753721, -116.295483589 46.4966373444, -116.295315742 46.4965982437, -116.295140743 46.4965603352, -116.29496479 46.4965184927, -116.294789791 46.4964803457, -116.294613838 46.496442318, -116.294445992 46.4964045286, -116.294270515 46.4963663816, -116.294095039 46.4963283539, -116.29392004 46.4962894917, -116.293653011 46.4962284565, -116.293385983 46.4961833954, -116.293209553 46.4961563349, -116.293034554 46.4961253405, -116.292859077 46.4960993528, -116.292684078 46.4960683584, -116.292507648 46.4960383177, -116.292332649 46.4960113764, -116.292156696 46.495980382, -116.291982174 46.4959503412, -116.291806698 46.4959233999, -116.29156971 46.4958854914, -116.291439533 46.4957023859, -116.291249752 46.4956643581, -116.291081905 46.4956264496, -116.290905952 46.4955884218, -116.290730476 46.4955493212, -116.290554523 46.4955114126, -116.290379524 46.4954733849, -116.290203571 46.4954353571, -116.290029049 46.4953974485, -116.289852619 46.4953594208, -116.28967762 46.495321393, -116.289319038 46.4952443838, -116.288967609 46.4952145815, -116.28879261 46.4951984882, -116.288609982 46.4951835871, -116.288426399 46.4951684475, -116.288250446 46.4951535463, -116.288067818 46.4951374531, -116.287884712 46.4951225519, -116.287709713 46.4951074123, -116.287525654 46.4950925112, -116.287342548 46.4950764179, -116.287167549 46.4950615168, -116.286984444 46.4950466156, -116.286801815 46.495031476, -116.286625385 46.4950156212, -116.28644228 46.4950004816, -116.286259651 46.4949855804, -116.286083698 46.4949705601, -116.285748482 46.4949434996, -116.285511971 46.4949624538, -116.285336494 46.4949735403, -116.285160542 46.4949896336, -116.284977436 46.4950045347, -116.284802437 46.4950196743, -116.284626484 46.495031476, -116.284321785 46.4950546026, -116.284054756 46.4950425625, -116.283871651 46.495031476, -116.283688545 46.4950236082, -116.28350544 46.495012641, -116.283322334 46.4950045347, -116.283146381 46.4949926138, -116.282963753 46.4949815273, -116.282780647 46.4949735403, -116.282597542 46.4949625731, -116.282414436 46.494954586, -116.282231331 46.494943738, -116.282048702 46.4949356318, -116.281864643 46.4949245453, -116.281689644 46.4949165583, -116.281506538 46.494905591, -116.281323433 46.494897604, -116.281140327 46.4948865175, -116.280957222 46.4948787689, -116.28077364 46.4948678017, -116.280590534 46.4948596954, -116.280415535 46.4948487282, -116.28023243 46.4948407412, -116.280049324 46.494828701, -116.279866219 46.4948217869, -116.279682159 46.4948097467, -116.279499531 46.4947986603, -116.279316425 46.4947907925, -116.279026508 46.4947756529, -116.278767586 46.4947416782, -116.278591156 46.4947186708, -116.278416157 46.4946917295, -116.277508259 46.4945737123, -116.275822163 46.4941577911, -116.274861336 46.4940438271, -116.273007393 46.493585825, -116.271649361 46.4931278229, -116.269436359 46.4919337034, -116.267818928 46.49056077, -116.26678896 46.4898967743, -116.266629219 46.4894617796, -116.26665926 46.4890037775, -116.26543808 46.4881157875, -116.264942169 46.4876346588, -116.264088154 46.4862157106, -116.26329422 46.4853187799, -116.262469769 46.4840636253, -116.261547089 46.4830186367, -116.260670185 46.4820235968, -116.259571075 46.4807715416, -116.257656097 46.478608489, -116.257022858 46.477884531, -116.25682497 46.4777235985, -116.256710052 46.4776284695, -116.256596088 46.477529645, -116.256481171 46.4774335623, -116.25636673 46.4773344994, -116.256244659 46.4772396088, -116.256129742 46.4771444798, -116.256015778 46.4770444632, -116.255901814 46.4769495726, -116.255779743 46.4768505096, -116.255664825 46.4767546654, -116.255550861 46.4766595364, -116.255428791 46.4765604734, -116.255313873 46.4764655828, -116.255199909 46.4763655663, -116.255084991 46.4762704372, -116.254878998 46.4760985374, -116.254642963 46.4760335684, -116.254367828 46.4758626223, -116.254230976 46.4757784605, -116.254092693 46.475694418, -116.253955841 46.4756104946, -116.253787994 46.475507617, -116.253612995 46.4753204584, -116.253520966 46.4752135277, -116.253421783 46.4751065969, -116.253322601 46.4750003815, -116.253223896 46.4748934507, -116.25312376 46.4747864008, -116.253024578 46.4746794701, -116.252925873 46.4745724201, -116.252795696 46.4744274616, -116.252705097 46.4742333889, -116.252644062 46.4741153717, -116.252589703 46.4739964008, -116.252528667 46.4738744497, -116.252475739 46.4737564325, -116.252414703 46.4736384153, -116.252353668 46.473516345, -116.252300739 46.4733973742, -116.25223875 46.473275423, -116.252185822 46.4731574059, -116.252124786 46.4730393887, -116.252040863 46.4728523493, -116.251910686 46.4726884365, -116.251826763 46.4725773335, -116.251743793 46.4724674225, -116.25165987 46.4723525047, -116.251567841 46.4722424746, -116.251483917 46.4721312523, -116.251399994 46.4720203876, -116.251315594 46.4719103575, -116.251232147 46.4717953205, -116.251148224 46.4716854095, -116.251056671 46.4715741873, -116.250957966 46.471437335, -116.250751972 46.471265316, -116.250644684 46.4711703062, -116.250529766 46.4710713625, -116.250293732 46.4708653688, -116.250041962 46.4706972837, -116.249904633 46.4706133604, -116.249774933 46.4705253839, -116.249644756 46.4704372883, -116.249507904 46.4703503847, -116.249377728 46.470262289, -116.249248981 46.4701743126, -116.249118805 46.4700863361, -116.248981953 46.4700022936, -116.248852253 46.4699152708, -116.2487216 46.4698272943, -116.248592854 46.4697393179, -116.248454571 46.4696513414, -116.248325825 46.4695682526, -116.248195648 46.4694802761, -116.248065948 46.4693922997, -116.247837067 46.469243288, -116.247707844 46.4689953327, -116.247539997 46.4688692093, -116.247409821 46.4687743187, -116.247279644 46.4686752558, -116.246989727 46.4685454369, -116.246838093 46.4684773684, -116.246685028 46.468408227, -116.246532917 46.468339324, -116.246379852 46.4682712555, -116.246219635 46.4682064056, -116.24606657 46.4681373835, -116.245914936 46.4680682421, -116.245761871 46.468000412, -116.24560976 46.4679312706, -116.245387554 46.4678324461, -116.245129108 46.4677523375, -116.244792938 46.4676493406, -116.244418621 46.4676072598, -116.244197845 46.4675803185, -116.243968964 46.4677022696, -116.243816853 46.4677783251, -116.243671894 46.4678553343, -116.243518829 46.4679353237, -116.243365765 46.46801126, -116.24322176 46.4680874348, -116.243076801 46.4681643248, -116.24287796 46.4682673216, -116.242603779 46.468339324, -116.242427826 46.4683852196, -116.242183685 46.4684503078, -116.241970062 46.4685764313, -116.24183321 46.4686603546, -116.241695881 46.4687443972, -116.241420746 46.4689083099, -116.241100788 46.4690303802, -116.240855694 46.4691172838, -116.240588665 46.4691563845, -116.240413666 46.4691823721, -116.24023056 46.4692094326, -116.240047455 46.4692363739, -116.239864826 46.4692593813, -116.239688873 46.4692853689, -116.239513874 46.4693123102, -116.239337921 46.4693394899, -116.239139557 46.4693654776, -116.238826752 46.4692933559, -116.238651752 46.4692553282, -116.2384758 46.4692133665, -116.238246918 46.4691634178, -116.237979889 46.4690532684, -116.237819672 46.4689884186, -116.237514496 46.4688663483, -116.23725462 46.468683362, -116.237125874 46.4685914516, -116.236995697 46.4685034752, -116.236865997 46.4684154987, -116.236736774 46.4683244228, -116.236606598 46.4682364464, -116.236476898 46.4681483507, -116.236346722 46.468057394, -116.236217976 46.4679692984, -116.236087799 46.4678813219, -116.235957623 46.4677903652, -116.235828876 46.4677022696, -116.2356987 46.4676142931, -116.235500813 46.4674733877, -116.235279083 46.467382431, -116.234966755 46.4672442675, -116.23468399 46.4670844078, -116.234538555 46.4670003653, -116.234370708 46.4669053555, -116.23422575 46.4667104483, -116.23414278 46.4666004181, -116.234050751 46.4664894342, -116.233966827 46.4663783312, -116.233882904 46.4662643671, -116.233798981 46.4661533833, -116.233707905 46.4660393, -116.233623981 46.4659283161, -116.233539581 46.465814352, -116.233455658 46.4657033682, -116.233363628 46.4655934572, -116.233279705 46.4654824734, -116.233142853 46.4653033018, -116.233134747 46.4651392698, -116.233127594 46.4650094509, -116.233119488 46.4648792744, -116.233112812 46.4647343159, -116.232990742 46.4645214081, -116.232875824 46.4643193483, -116.232753754 46.464181304, -116.232655048 46.464074254, -116.232563019 46.4639643431, -116.232463837 46.4638574123, -116.232373238 46.4637502432, -116.232272625 46.4636433125, -116.232181549 46.4635363817, -116.232082844 46.4634304047, -116.231990814 46.4633232355, -116.231891632 46.4632163048, -116.231800079 46.4631053209, -116.231700897 46.4629994631, -116.231609821 46.4628922939, -116.231509686 46.4627853632, -116.23141861 46.4626784325, -116.231319904 46.4625712633, -116.231227875 46.462465167, -116.231129169 46.4623581171, -116.231036663 46.4622511864, -116.230937481 46.4621403217, -116.230846882 46.4620341063, -116.230746746 46.4619271755, -116.230647564 46.4618202448, -116.230556965 46.4617130756, -116.230457783 46.4616061449, -116.230365753 46.4614992142, -116.230190754 46.4613052607, -116.230061054 46.4611872435, -116.22994566 46.4610841274, -116.229839802 46.46098423, -116.229724884 46.460881114, -116.229617596 46.4607822895, -116.229465961 46.460645318, -116.229221821 46.460542202, -116.22906065 46.4604771137, -116.228801727 46.4603742361, -116.228572845 46.4603091478, -116.228404999 46.460260272, -116.22823 46.4602142572, -116.228061676 46.4601641893, -116.227893829 46.4601192474, -116.227725983 46.4600692987, -116.227557659 46.4600231647, -116.227390766 46.4599741697, -116.227222919 46.4599282742, -116.227054596 46.4598782063, -116.226886749 46.4598321915, -116.22671175 46.4597833157, -116.226543903 46.4597371817, -116.22637558 46.459687233, -116.22620821 46.4596421719, -116.226039886 46.459592104, -116.22587204 46.4595462084, -116.225703716 46.4594973326, -116.225528717 46.4594511986, -116.22536087 46.4594012499, -116.225192547 46.4593561888, -116.225025177 46.4593061209, -116.224857807 46.4592602253, -116.22468996 46.4592111111, -116.224521637 46.4591652155, -116.22435379 46.4591152668, -116.224185944 46.4590691328, -116.224010944 46.459020257, -116.223842621 46.4589742422, -116.223674774 46.458925128, -116.223506927 46.4588792324, -116.223339081 46.4588292837, -116.223170757 46.4587831497, -116.222995758 46.4587341547, -116.222827911 46.4586882591, -116.222659588 46.4586381912, -116.222491741 46.4585891962, -116.222316742 46.4585431814, -116.222148895 46.4584931135, -116.221981049 46.4584481716, -116.221813202 46.458402276, -116.221622944 46.458345294, -116.221363068 46.4582041502, -116.221225739 46.458127141, -116.22108078 46.4580472708, -116.220943928 46.4579672813, -116.220798969 46.4578911066, -116.220654011 46.4578111172, -116.220509052 46.4577312469, -116.22037077 46.4576542377, -116.220226765 46.4575741291, -116.220081806 46.4574941397, -116.219936848 46.4574182034, -116.219799042 46.4573382139, -116.219654083 46.4572571516, -116.219508648 46.4571812153, -116.219363689 46.4571012259, -116.219226837 46.4570212364, -116.219081879 46.4569411278, -116.21893692 46.4568651915, -116.218800068 46.4567842484, -116.218654633 46.4567080736, -116.21847868 46.4566092491, -116.218288898 46.4564341307, -116.21818161 46.4563341141, -116.218074799 46.4562311172, -116.217960835 46.4561320543, -116.217853546 46.4560291767, -116.217746735 46.4559262991, -116.217632771 46.4558272362, -116.217517853 46.4557162523, -116.217334747 46.4555101395, -116.217242718 46.4554040432, -116.217144012 46.4552971125, -116.217052937 46.4551861286, -116.216960907 46.4550791979, -116.216861725 46.4549720287, -116.216769695 46.4548660517, -116.216670513 46.454755187, -116.216579914 46.4546481371, -116.216457844 46.4545072317, -116.216342926 46.4543130398, -116.216266632 46.454198122, -116.216197968 46.4540799856, -116.21612978 46.4539622068, -116.216061115 46.4538471699, -116.215991974 46.4537291527, -116.215923786 46.4536142349, -116.215854645 46.4534962177, -116.21578598 46.4533821344, -116.215717793 46.4532642365, -116.215649128 46.4531491995, -116.215572834 46.4530311823, -116.215466022 46.452840209, -116.215396881 46.4526760578, -116.215350628 46.4525539875, -116.215297699 46.4524320364, -116.215251923 46.4523099661, -116.215205669 46.4521878958, -116.215160847 46.4520660639, -116.215106964 46.4519439936, -116.215060711 46.4518219233, -116.215015888 46.4516988993, -116.214969635 46.4515811205, -116.214893818 46.4514020681, -116.214877605 46.4512109756, -116.21487093 46.4510850906, -116.214862823 46.4509630203, -116.214848042 46.4508368969, -116.214839935 46.4507110119, -116.214832783 46.4505859613, -116.214817047 46.4504600763, -116.214809895 46.4503339529, -116.214801788 46.4502079487, -116.214787006 46.4500819445, -116.2147789 46.4499559402, -116.214771748 46.449829936, -116.214756012 46.4497039318, -116.214748859 46.4495790005, -116.214740753 46.449452877, -116.214725971 46.4493268728, -116.214717865 46.4492009878, -116.214710236 46.4490748644, -116.214694977 46.4489489794, -116.214687824 46.4488229752, -116.214679718 46.4486968517, -116.214664936 46.4485709667, -116.21465683 46.4484459162, -116.2146492 46.4483200312, -116.214626789 46.4480638504, -116.214557648 46.4478237629, -116.214519978 46.4476977587, -116.214488983 46.4475758076, -116.214450836 46.4474538565, -116.214420795 46.447327733, -116.214381695 46.4472057819, -116.214344025 46.4470797777, -116.214313507 46.4469578266, -116.214275837 46.4468317032, -116.214236736 46.4467098713, -116.214206696 46.446587801, -116.214168549 46.4464616776, -116.214137554 46.4463398457, -116.214099884 46.4462177753, -116.214061737 46.4460917711, -116.214030743 46.4459697008, -116.213963032 46.445732832, -116.213940144 46.4455957413, -116.213916779 46.4454696178, -116.213901997 46.4453477859, -116.213879108 46.4452216625, -116.21386385 46.4450956583, -116.213840961 46.4449697733, -116.213824749 46.4448436499, -116.213802814 46.4447216988, -116.213786602 46.4445967674, -116.213763714 46.4444707632, -116.213741779 46.444344759, -116.213726044 46.4442187548, -116.213702679 46.4440927505, -116.213687897 46.4439707994, -116.213657856 46.4438107014, -116.213596821 46.4435968399, -116.213565826 46.4434747696, -116.213527679 46.443348527, -116.213490009 46.4432266951, -116.213459015 46.4431046247, -116.213420868 46.4429786205, -116.213383198 46.4428526163, -116.213345051 46.4427266121, -116.213306904 46.4426004887, -116.213275909 46.4424786568, -116.213237762 46.4423565865, -116.213200092 46.4422345161, -116.213161945 46.4420976639, -116.212963104 46.4419186115, -116.212848663 46.4418156147, -116.212741852 46.4417155981, -116.212627888 46.4416126013, -116.21251297 46.4415094852, -116.212399006 46.4414106607, -116.212200165 46.4412316084, -116.212170124 46.4410905838, -116.21213913 46.4409645796, -116.212109089 46.4408386946, -116.212078094 46.4407125711, -116.212054729 46.4405865669, -116.212025166 46.4404604435, -116.211994171 46.4403386116, -116.21196413 46.4402124882, -116.211940765 46.4400904179, -116.211910725 46.4399646521, -116.21187973 46.4398425817, -116.211848736 46.4397175312, -116.211826801 46.4395916462, -116.211795807 46.4394695759, -116.211734772 46.4392215014, -116.211704731 46.4385074377, -116.212162018 46.4369553328, -116.213214874 46.4346432686, -116.213284016 46.433434248, -116.212650776 46.4324502945, -116.210567951 46.4305311441, -116.209873199 46.4295500517, -116.20957613 46.4289321899, -116.208805084 46.4263730049, -116.208736897 46.423309803, -116.208607197 46.4227137566, -116.208340168 46.4220997095, -116.207508087 46.4209096432, -116.205158234 46.4186707735, -116.203808308 46.4176895618, -116.198384285 46.4147905111, -116.194309235 46.4119564295, -116.192761421 46.4111595154, -116.191975117 46.4103585482, -116.191036224 46.4094004631, -116.19017458 46.4083704948, -116.187931061 46.4063373804, -116.187367439 46.4061583281, -116.186146259 46.4055634737, -116.184917927 46.4046974182, -116.183269978 46.4033043385, -116.182934284 46.4028123617, -116.18227005 46.4018362761, -116.182041168 46.4011073112, -116.181941986 46.4010384083, -116.182011127 46.3993263245, -116.181705952 46.3979980946, -116.18134737 46.3972921371, -116.181080341 46.3960561752, -116.180744171 46.3954880238, -116.180249214 46.3950719833, -116.17945528 46.3938629627, -116.17945528 46.3936760426, -116.178631306 46.3931529522, -116.177540302 46.392242074, -116.176625252 46.3908489943, -116.176152229 46.3901398182, -116.175976276 46.3896589279, -116.175518036 46.3883998394, -116.175457478 46.3869618177, -116.175656319 46.3860887289, -116.176342487 46.3847916126, -116.176609039 46.3830705881, -116.176670074 46.3810144663, -116.176342487 46.3795304298, -116.175976276 46.3789584637, -116.175747395 46.3781834841, -116.175740242 46.3769674301, -116.176007271 46.3759632111, -116.176037312 46.3748911619, -116.175740242 46.3744071722, -116.174252033 46.3735641241, -116.171894073 46.3727861643, -116.171147346 46.372538209, -116.170422554 46.3720571995, -116.169598103 46.3718972206, -116.169567585 46.3717441559, -116.168507576 46.3714162111, -116.16808033 46.3710772991, -116.167881489 46.3707302809, -116.166989326 46.369112134, -116.166256428 46.3681510687, -116.165798187 46.3671890497, -116.165646553 46.3657019138, -116.165394783 46.3631229401, -116.165615559 46.3626388311, -116.165447235 46.3623259068, -116.165165424 46.3617267609, -116.164776325 46.3604258299, -116.164234638 46.3586176634, -116.163777351 46.357862711, -116.1630826 46.3560805321, -116.162655354 46.3557186127, -116.161595345 46.3543676138, -116.160038471 46.3531545401, -116.15799427 46.3528577089, -116.156704426 46.3523805141, -116.156117439 46.3518275023, -116.155483246 46.3512356281, -116.154064655 46.3497744799, -116.15383625 46.3493404388, -116.15346241 46.3489924669, -116.153073311 46.3486305475, -116.152676582 46.347718358, -116.152645588 46.3471194506, -116.152317524 46.3461434841, -116.15208149 46.345864296, -116.151882648 46.3449722528, -116.151821613 46.3422791958, -116.151287556 46.3409742117, -116.150769711 46.3405052423, -116.15043354 46.3401961327, -116.148976803 46.3396501541, -116.148548603 46.3393490314, -116.148052692 46.3386890888, -116.147808552 46.338124156, -116.147557735 46.3375481367, -116.147290707 46.3352590799, -116.147198677 46.3351910114, -116.147129536 46.3348699808, -116.14670229 46.3343479633, -116.145916462 46.3339130878, -116.14452076 46.3331389427, -116.143231392 46.3321049213, -116.141583443 46.3300299644, -116.141087532 46.3290867805, -116.140957355 46.3283548355, -116.140591621 46.3262526989, -116.139897346 46.3249977827, -116.139736652 46.3248836994, -116.139767647 46.3246548176, -116.139469624 46.3239678144, -116.138905525 46.3233305216, -116.138104439 46.3217816353, -116.137425423 46.3204694986, -116.137295723 46.3200155497, -116.136860371 46.3196226358, -116.136463642 46.3188486099, -116.136364937 46.3184365034, -116.135113716 46.3171124458, -116.13468647 46.3158345222, -116.134457588 46.3145753145, -116.134289742 46.314507246, -116.133991718 46.3140033484, -116.13364172 46.3131103516, -116.132702827 46.310734272, -116.132092476 46.3096922636, -116.131848335 46.3092731237, -116.13082552 46.3084721565, -116.13082552 46.3083082438, -116.130627632 46.3082431555, -116.129673481 46.3075100183, -116.129574776 46.3073080778, -116.128552437 46.306641221, -116.127362728 46.3048360348, -116.126835823 46.3028949499, -116.126950741 46.3020819426, -116.126995564 46.3017729521, -116.126797676 46.3007009029, -116.126408577 46.29991889, -116.126142025 46.2991489172, -116.125912666 46.2984807491, -116.125065804 46.2976146936, -116.122113705 46.2945747375, -116.121823788 46.2942767143, -116.120434761 46.2933387756, -116.119282722 46.2922626734, -116.116612911 46.2901147604, -116.116467953 46.2899397612, -116.115735054 46.2890084982, -116.114170551 46.2870515585, -116.113842964 46.2864795923, -116.113415718 46.2861136198, -116.112850666 46.2857476473, -116.111172676 46.2851786613, -116.108769417 46.2841717005, -116.10860157 46.2840536833, -116.107350826 46.2836456299, -116.106556892 46.2830996513, -116.104908943 46.2826836109, -116.104054928 46.2822295427, -116.102963924 46.2812185287, -116.102468014 46.2805814743, -116.10125494 46.2798576355, -116.099339485 46.2787084579, -116.097492695 46.2774465084, -116.096409798 46.2769925594, -116.095944881 46.2766685486, -116.095684528 46.2763245106, -116.095059872 46.275893569, -116.095021725 46.2756645679, -116.094662666 46.2752295732, -116.094136715 46.2740626335, -116.093640804 46.2735595703, -116.093045712 46.2711594105, -116.093014717 46.2705224752, -116.092694759 46.2696493864, -116.091992855 46.2677752972, -116.091404915 46.2667911053, -116.090283871 46.2656471729, -116.089390755 46.2648950815, -116.087055683 46.2635720968, -116.085736752 46.2629542351, -116.084088802 46.2625613213, -116.080960751 46.2624462843, -116.079640865 46.2619702816, -116.078289509 46.2613064051, -116.076542854 46.2600433826, -116.075520515 46.2588341236, -116.074505806 46.2580751181, -116.07331562 46.2571861744, -116.072232723 46.2569571733, -116.069989681 46.2566592693, -116.068142891 46.2567282915, -116.066525459 46.2568854094, -116.063893795 46.2563583851, -116.0616889 46.2556943893, -116.058888912 46.2546155453, -116.057736397 46.2543215752, -116.056317329 46.2539784908, -116.055233479 46.2538635731, -116.053417683 46.2538375854, -116.050160885 46.254039526, -116.048344612 46.2538377047, -116.046925545 46.2534257174, -116.04521656 46.2527346611, -116.042843819 46.2512927055, -116.042835712 46.2511667013, -116.041104317 46.2498967648, -116.0404706 46.2494697571, -116.040005684 46.2488476038, -116.039906979 46.2483016253, -116.040043354 46.2472946644, -116.04001379 46.2445745468, -116.040112495 46.2441215515, -116.039982796 46.2437922955, -116.039753437 46.2432243824, -116.039158821 46.2424693108, -116.038403511 46.241900444, -116.037808418 46.2416723967, -116.037182808 46.2413054705, -116.031750679 46.2394936085, -116.028591633 46.2381626368, -116.027210712 46.2372965813, -116.026127815 46.2361294031, -116.025929928 46.236037612, -116.025830746 46.2356903553, -116.024746418 46.2349164486, -116.023564339 46.2342064381, -116.022274494 46.2336764336, -116.020169735 46.2332684994, -116.019154549 46.2326695919, -116.018391609 46.2318035364, -116.017834663 46.231387496, -116.015667439 46.2304036617, -116.01497364 46.2297625542, -116.014538765 46.2292554379, -116.013906002 46.2285183668, -116.012806892 46.2272444963, -116.012417793 46.226508379, -116.012020588 46.2257573605, -116.011593819 46.2253262997, -116.011418819 46.2250204086, -116.010609627 46.2235403061, -116.010609627 46.2228353024, -116.010151863 46.2219613791, -116.00968647 46.221301198, -116.009327888 46.2204502821, -116.008969784 46.2188062668, -116.008908749 46.2175931931, -116.009075642 46.2167271376, -116.009045601 46.215471983, -116.008786678 46.2140300274, -116.008786678 46.2136329412, -116.008786678 46.2126569748, -116.009350777 46.2110807896, -116.009381771 46.210714817, -116.009678841 46.2105317116, -116.010076046 46.2098037004, -116.010830879 46.2095056772, -116.011792183 46.2087275982, -116.013112068 46.2072896957, -116.013967037 46.2059425116, -116.014455318 46.2055914402, -116.015011787 46.205183506, -116.01535511 46.2049393654, -116.015553951 46.2041833401, -116.015951157 46.2037264109, -116.016477108 46.203520298, -116.017301083 46.2025854588, -116.01872015 46.2015823126, -116.019285202 46.2008491755, -116.01994133 46.2002772093, -116.020467281 46.1995720863, -116.020604134 46.1991140842, -116.020665169 46.1981298923, -116.020536423 46.1976720095, -116.019719124 46.1966459751, -116.018467903 46.1956119537, -116.018467903 46.1953639984, -116.017880917 46.194609046, -116.016988277 46.1938300133, -116.01636219 46.193436861, -116.014692307 46.1928459406, -116.014164925 46.1926590204, -116.012426376 46.1916791201, -116.011854172 46.19135499, -116.010510921 46.1905989647, -116.009557247 46.1901870966, -116.008970261 46.1899359226, -116.008344173 46.1895009279, -116.00817585 46.1892719269, -116.005880356 46.1875779629, -116.005352974 46.186964035, -116.004728317 46.1865479946, -116.004728317 46.1862050295, -116.004255295 46.1856938601, -116.003873348 46.1852887869, -116.002729416 46.1846939325, -116.002102852 46.1841448545, -116.001645088 46.1837559938, -116.001508236 46.1834349632, -116.000989437 46.182866931, -116.000654221 46.1818640232, -116.000425339 46.1813408136, -116.000432014 46.1800137758, -116.000379086 46.1796927452, -116.000226021 46.1783236265, -116.000684261 46.1771527529, -116.000974178 46.176835537, -116.001264095 46.1767175198, -116.001722336 46.1761987209, -116.00195837 46.1759386063, -116.002286434 46.1749776602, -116.002286434 46.1743175983, -116.002256393 46.1735855341, -116.001928329 46.1728944778, -116.001142502 46.1721664667, -116.000966549 46.1721395254, -116.000326157 46.1718004942, -116.000173569 46.1715745926, -115.999349117 46.1708656549, -115.999280453 46.1707094908, -115.998494148 46.1699764729, -115.996511459 46.1675584316, -115.996251106 46.1670084, -115.995130539 46.1655013561, -115.994237423 46.1648874283, -115.992688179 46.1641284227, -115.99196434 46.1636283398, -115.990911484 46.16274333, -115.989957333 46.1616914272, -115.989530563 46.1610274315, -115.989560604 46.159932375, -115.990018368 46.1589443684, -115.991460323 46.157369256, -115.994314671 46.1550530195, -115.995397568 46.1542519331, -115.996023655 46.1535189152, -115.996518612 46.1527178288, -115.996709347 46.1519858837, -115.996778488 46.1513257027, -115.996442795 46.1502767801, -115.996213436 46.1498417854, -115.995359421 46.149158597, -115.993413448 46.1481517553, -115.990979671 46.1472177505, -115.987981319 46.1463519335, -115.986997604 46.1459428072, -115.986013889 46.1457599401, -115.98528862 46.1460350752, -115.985189915 46.1461949348, -115.984632492 46.1462640762, -115.983968258 46.1461269855, -115.983938694 46.1459211111, -115.983709335 46.1457829475, -115.983213425 46.1457380056, -115.982587337 46.1458330154, -115.981832504 46.1461530924, -115.98058176 46.1464282274, -115.980418682 46.1464905739, -115.977659225 46.1475493908, -115.974012375 46.148629427, -115.973287106 46.1490185261, -115.973287106 46.1492475271, -115.973424435 46.1493813992, -115.973455429 46.1495904922, -115.972760201 46.1495455503, -115.971349239 46.1492016315, -115.968847275 46.1488585472, -115.967923164 46.1486107111, -115.967107296 46.1482027769, -115.966153145 46.1475387812, -115.965619087 46.1469477415, -115.965093136 46.1461427212, -115.964795113 46.1452035904, -115.964826107 46.1432886124, -115.964856625 46.1421445608, -115.965154171 46.140771389, -115.965642452 46.1394433975, -115.965772152 46.1378722191, -115.96554327 46.1371623278, -115.965146542 46.1366813183, -115.964094162 46.1357893944, -115.962713242 46.1351523399, -115.961858273 46.1349692345, -115.961294174 46.1349464655, -115.960637093 46.135083437, -115.95945549 46.1354494095, -115.958539009 46.1355184317, -115.954061031 46.1353166103, -115.953046322 46.1351566315, -115.95084095 46.1350187063, -115.948407173 46.1352287531, -115.946142197 46.1360989809, -115.944135189 46.1367170811, -115.943509102 46.137155056, -115.942296028 46.1378190517, -115.941601753 46.138433218, -115.94114399 46.1391662359, -115.940915108 46.139944315, -115.940815926 46.1414773464, -115.94072485 46.1420464516, -115.94072485 46.1425234079, -115.940983772 46.1433054209, -115.941021919 46.144033432, -115.941120625 46.1446284056, -115.940854073 46.1455905437, -115.940197945 46.1467074156, -115.93848896 46.1479895115, -115.938062191 46.1484706402, -115.937046528 46.1499547958, -115.936817646 46.1511256695, -115.936650753 46.1513047218, -115.936192989 46.1515609026, -115.934979916 46.1518809795, -115.933460712 46.1519041061, -115.932278633 46.1516979933, -115.931225777 46.1512440443, -115.930928707 46.1510339975, -115.929020882 46.1500959396, -115.927639961 46.1495962143, -115.924847603 46.1491382122, -115.922772884 46.1491651535, -115.921421528 46.1493903399, -115.919125557 46.1499894857, -115.917416573 46.1506534815, -115.910214424 46.1524847746, -115.908268452 46.1527369022, -115.906460285 46.1527138948, -115.905377388 46.1525988579, -115.904423237 46.1522099972, -115.902645588 46.1508370638, -115.901593685 46.1496310234, -115.899555206 46.1475260258, -115.898861408 46.146476984, -115.898106575 46.1457440853, -115.896755695 46.1448290348, -115.894718647 46.1438939571, -115.892971516 46.1433911324, -115.886990547 46.1422271729, -115.88560915 46.1420633793, -115.884259224 46.1420633793, -115.881466389 46.1420633793, -115.880215168 46.1419495344, -115.878575325 46.1415866613, -115.877552032 46.1414724588, -115.875973225 46.1411067247, -115.871075153 46.1401447058, -115.869266987 46.1400077343, -115.865185261 46.1403739452, -115.863087177 46.1407630444, -115.862492085 46.1409460306, -115.86032486 46.1414231062, -115.859631062 46.1414922476, -115.856174946 46.1418353319, -115.851147175 46.1412636042, -115.848613739 46.1412636042, -115.847499847 46.1415116787, -115.847034931 46.1417175531, -115.846347809 46.1418776512, -115.845523834 46.1422667503, -115.844569683 46.1428356171, -115.842921734 46.1435947418, -115.842761517 46.1438468695, -115.842334747 46.1440980434, -115.842236042 46.1443459988, -115.841969013 46.144528985, -115.841212749 46.1453499794, -115.84091568 46.1454639435, -115.840755939 46.145720005, -115.839305878 46.1468600035, -115.838939667 46.147337079, -115.838382721 46.1477071047, -115.837032795 46.1479822397, -115.834895611 46.1483901739, -115.832332611 46.1484363079, -115.830295563 46.1480244398, -115.826213837 46.1467654705, -115.820102692 46.1455258131, -115.817569256 46.1452738047, -115.816257477 46.1452968121, -115.81533432 46.1450448036, -115.813365459 46.1441298723, -115.812442303 46.1435118914, -115.811816216 46.1427788734, -115.81037426 46.1417717934, -115.800082207 46.1374241114, -115.79903698 46.1367832422, -115.797617912 46.1362111568, -115.79647398 46.1359552145, -115.7955513 46.1359094381, -115.795290947 46.135867238, -115.792003155 46.1340363026, -115.790622234 46.1328654289, -115.789935112 46.1319303513, -115.789149284 46.1310573816, -115.789149284 46.1307175159, -115.78891325 46.1304894686, -115.788921356 46.1300083399, -115.788691998 46.1297143698, -115.788623333 46.1291422844, -115.788393974 46.1286613941, -115.786921978 46.1261893511, -115.786525249 46.1254154444, -115.786098003 46.1249113083, -115.786067009 46.1247022152, -115.785114288 46.123603344, -115.783801079 46.1221883297, -115.782718182 46.1209293604, -115.782329082 46.120677352, -115.78084898 46.1201514006, -115.779597282 46.1199454069, -115.776507854 46.1197395325, -115.775522709 46.119758606, -115.77391386 46.1200786829, -115.772402763 46.1205786467, -115.768778801 46.1219899654, -115.767565727 46.1228140593, -115.765650749 46.1249120235, -115.764826775 46.1257822514, -115.763346672 46.1269490719, -115.762751579 46.1276971102, -115.761995792 46.1284563541, -115.761339664 46.1288192272, -115.760874748 46.1295284033, -115.758440971 46.1312835217, -115.756991863 46.1322444677, -115.756533623 46.1324015856, -115.755968571 46.1327906847, -115.755839825 46.1331605911, -115.755076885 46.1337474585, -115.754519939 46.1340228319, -115.753199577 46.1353276968, -115.752772808 46.1356247663, -115.751490593 46.136215806, -115.750979424 46.1362887621, -115.748842716 46.1364028454, -115.748049736 46.1365668774, -115.747133732 46.1367279291, -115.745554447 46.1371660233, -115.743685246 46.1379671097, -115.742960453 46.1384251118, -115.742006779 46.139272213, -115.739016533 46.1415113211, -115.738100529 46.1419693232, -115.737444401 46.1424534321, -115.73619318 46.1441204548, -115.734423161 46.1470506191, -115.733866215 46.1475776434, -115.732950211 46.1480578184, -115.732325077 46.1485346556, -115.73140192 46.1488816738, -115.728579044 46.1495918036, -115.725878239 46.1503509283, -115.723879337 46.1503740549, -115.722918034 46.15003407, -115.722628117 46.1497819424, -115.720980167 46.1490961313, -115.720087051 46.1485241652, -115.719660282 46.1484131813, -115.714067936 46.1454641819, -115.712258816 46.1448042393, -115.710313797 46.1441674232, -115.707650661 46.1435762644, -115.706140518 46.1433705091, -115.704003334 46.1427104473, -115.701997757 46.1419094801, -115.701661587 46.141680479, -115.700776577 46.1413635015, -115.700151443 46.1409745216, -115.698014259 46.140494585, -115.69015646 46.139742732, -115.68863821 46.1392467022, -115.687684536 46.1387887001, -115.686898232 46.1382628679, -115.685479164 46.137873888, -115.683412552 46.1372139454, -115.680946827 46.1369849443, -115.677522182 46.1368941069, -115.675057888 46.1372181177, -115.673515797 46.1373060942, -115.671867847 46.1375342607, -115.669801235 46.1380194426, -115.668152809 46.1386793852, -115.667793751 46.1387254, -115.665855885 46.1387065649, -115.665260792 46.1385455132, -115.664375782 46.1385455132, -115.663849831 46.1386415958, -115.662666798 46.1387065649, -115.659966469 46.1379277706, -115.659668446 46.1375427246, -115.6591115 46.1372647285, -115.658058643 46.1370427608, -115.657501698 46.1369706392, -115.656418324 46.1369017363, -115.654541492 46.1363527775, -115.648850441 46.1349608898, -115.647080421 46.135010004, -115.646515369 46.1349378824, -115.644974232 46.1350290775, -115.644051075 46.1354870796, -115.643723011 46.1355332136, -115.643135071 46.1358991861, -115.637573242 46.136834383, -115.635834217 46.1373873949, -115.635277271 46.137383461, -115.634582996 46.1377533674, -115.633430958 46.137776494, -115.631531239 46.1373604536, -115.629882812 46.1368604898, -115.629027843 46.1364716291, -115.628165722 46.1357924938, -115.627747059 46.1355335712, -115.626662731 46.1354454756, -115.625968933 46.1352626085, -115.625243664 46.1352397203, -115.624259949 46.1354416609, -115.613769531 46.1336380243, -115.612487316 46.1336569786, -115.611175537 46.1340041161, -115.609923363 46.134668231, -115.60785675 46.1356941462, -115.606078625 46.1364452839, -115.604598522 46.1372243166, -115.604102612 46.1373653412, -115.602492332 46.1382312775, -115.60101223 46.1396044493, -115.600532055 46.1399555206, -115.600214481 46.140191555, -115.599509716 46.1407145262, -115.598685741 46.141767621, -115.59786129 46.1436446905, -115.59770155 46.1446516514, -115.597533226 46.1449906826, -115.596915245 46.1457237005, -115.595962524 46.1464136839, -115.593986511 46.1472527981, -115.591064453 46.1478300095, -115.590308189 46.1481000185, -115.58954525 46.1485390663, -115.588889122 46.1491340399, -115.588561058 46.1494550705, -115.588171959 46.1496572495, -115.586951256 46.1506410837, -115.584784985 46.152998209, -115.584418297 46.1531091928, -115.583793163 46.153544426, -115.583434105 46.1542503834, -115.583236217 46.1556882858, -115.583434105 46.1567182541, -115.584090233 46.1571303606, -115.585807323 46.1577292681, -115.587974548 46.1583662033, -115.590247154 46.1592581272, -115.590476513 46.1592621803, -115.590743065 46.1595602036, -115.590964317 46.159689188, -115.591002464 46.1616542339, -115.590704918 46.1630542278, -115.589751244 46.1643553972, -115.588767529 46.1651523113, -115.587516308 46.1659114361, -115.585967064 46.1666864157, -115.582847118 46.1676895618, -115.58258009 46.1678496599, -115.58156538 46.1681696177, -115.580114841 46.1682887077, -115.577651024 46.1680407524, -115.576957226 46.167555809, -115.576072216 46.1673076153, -115.5751791 46.1674227715, -115.574820995 46.1673467159, -115.573409081 46.167391777, -115.572416782 46.1676520109, -115.571531773 46.1680369377, -115.570281029 46.1687500477, -115.569755077 46.1693190336, -115.569326878 46.1706199646, -115.569427013 46.1717450619, -115.569586754 46.1720809937, -115.570509911 46.1742969751, -115.570579052 46.1753309965, -115.570509911 46.1774550676, -115.570677757 46.1782341003, -115.571166039 46.1792640686, -115.571928978 46.1802171469, -115.572981834 46.1821211576, -115.57304287 46.1830590963, -115.5726161 46.1836731434, -115.571891308 46.184150219, -115.570281029 46.1847422123, -115.566069603 46.1856343746, -115.563993931 46.1859773397, -115.563307762 46.1860693693, -115.562712669 46.1862604618, -115.560804844 46.1867376566, -115.5596838 46.1871227026, -115.558004856 46.1884685755, -115.556356907 46.1903917789, -115.554251671 46.1920547485, -115.553465366 46.1923068762, -115.552633762 46.1922727823, -115.553823948 46.1917649508, -115.554121494 46.1913268566, -115.554945946 46.190776825, -115.555502892 46.190300703, -115.555632591 46.1898887157, -115.556425571 46.1886557341, -115.556921959 46.1875075102, -115.557150841 46.1873055696, -115.557609081 46.1870765686, -115.558699608 46.1868286133, -115.560209751 46.1862105131, -115.561956882 46.185977459, -115.56258297 46.1857985258, -115.56396389 46.1856343746, -115.565283775 46.1853183508, -115.569555759 46.1844741106, -115.571035862 46.1837881804, -115.57169199 46.1833301783, -115.571959972 46.1829180717, -115.57215786 46.1821360588, -115.57215786 46.1818691492, -115.57202816 46.1815871, -115.571760654 46.1812241077, -115.571105003 46.1804231405, -115.570937157 46.1798821688, -115.570150852 46.1787370443, -115.569816113 46.1771771908, -115.569785118 46.175899148, -115.569914818 46.1752620935, -115.569755077 46.1749871969, -115.569883823 46.1740258932, -115.569029808 46.172541976, -115.568900108 46.1721990108, -115.568830967 46.1717640162, -115.56867075 46.1713290215, -115.568663597 46.1706000566, -115.568931103 46.1701660156, -115.568931103 46.1696119308, -115.569357872 46.1687469482, -115.569685936 46.1684448719, -115.570906639 46.167719841, -115.572089195 46.1672848463, -115.573997021 46.166823864, -115.574919701 46.166708827, -115.575774193 46.1667587757, -115.576858044 46.1669147015, -115.576926231 46.1671056747, -115.577979088 46.1675597429, -115.578834057 46.1676666737, -115.580740929 46.1676285267, -115.58258009 46.1672544479, -115.583045006 46.1671894789, -115.586135387 46.1659114361, -115.586958885 46.1654723883, -115.587646484 46.1648163795, -115.588500023 46.163664341, -115.588927269 46.162779212, -115.589522362 46.1615432501, -115.589751244 46.1611962318, -115.589950085 46.160605073, -115.589910984 46.1598311663, -115.589782238 46.1596051455, -115.589492321 46.1594382524, -115.587943554 46.1589151621, -115.585708141 46.1585724354, -115.585310936 46.1583852768, -115.584357262 46.1581603289, -115.583502769 46.1576793194, -115.582938194 46.1571984291, -115.582380772 46.1559932232, -115.582313061 46.1553983688, -115.582678795 46.1540442705, -115.583303928 46.1529532671, -115.583860874 46.152716279, -115.584418297 46.1523541212, -115.58501339 46.1517431736, -115.585738182 46.1510492563, -115.586256981 46.1502251625, -115.586753368 46.1495392323, -115.588035583 46.1488820314, -115.588508129 46.1487829685, -115.589416027 46.1477650404, -115.589843273 46.1474629641, -115.590171337 46.147349, -115.592017174 46.1470738649, -115.593398094 46.1466888189, -115.594642162 46.1461617947, -115.596488476 46.1450597048, -115.596946716 46.1444647312, -115.597106457 46.1442587376, -115.597472191 46.1429307461, -115.597040653 46.142747879, -115.596618176 46.1425688267, -115.595565319 46.1413328648, -115.595496178 46.14085567, -115.595182896 46.1404287815, -115.597630501 46.1399370432, -115.597587585 46.1399365664, -115.595182896 46.1404287815, -115.594810486 46.1400817633, -115.593818188 46.1396927834, -115.592864037 46.139120698, -115.592504978 46.1386858225, -115.592208385 46.1379337311, -115.592208385 46.1371936798, -115.593123436 46.1351646185, -115.593223095 46.1341575384, -115.593253136 46.1339515448, -115.592895031 46.1328105927, -115.593650341 46.1324715614, -115.593916893 46.1321655512, -115.593780041 46.1316436529, -115.59315443 46.1308265924, -115.592956066 46.1307045221, -115.59239912 46.1307275295, -115.592002392 46.1300905943, -115.591514587 46.1295456886, -115.59013319 46.1285995245, -115.587928295 46.1275576353, -115.587333202 46.1271877289, -115.587004662 46.1268867254, -115.586379051 46.1248836517, -115.586050987 46.1241776943, -115.586050987 46.1238077879, -115.585722923 46.123056531, -115.585196972 46.1226907969, -115.584570885 46.122423768, -115.583120823 46.12207973, -115.581312656 46.1218668222, -115.57635355 46.1216448545, -115.57497263 46.1214129925, -115.57332468 46.1214170456, -115.572309494 46.1214590073, -115.571615696 46.1209089756, -115.570799351 46.1197651625, -115.570303917 46.1184909344, -115.570433617 46.1173499823, -115.570791721 46.1163659096, -115.571913719 46.1148549318, -115.571943283 46.1142109632, -115.571783543 46.1138019562, -115.571188927 46.113183856, -115.570532799 46.1122918129, -115.570005417 46.1121768951, -115.569548607 46.1119029522, -115.569120407 46.1115629673, -115.568624496 46.1113339663, -115.565107346 46.1104000807, -115.5619874 46.1093240976, -115.561429977 46.10893929, -115.560842037 46.108038187, -115.560736179 46.1078401804, -115.560636044 46.1073371172, -115.56064415 46.1056890488, -115.561033249 46.104498148, -115.561499119 46.1037931442, -115.561499119 46.103377223, -115.560804367 46.1025760174, -115.560408115 46.1020300388, -115.559523106 46.1016141176, -115.558279037 46.1013669968, -115.55685997 46.1013672352, -115.555777073 46.1015762091, -115.554791927 46.1020761728, -115.553442001 46.102240324, -115.552983761 46.1021183729, -115.551802158 46.1016412973, -115.550130844 46.1007944345, -115.548154831 46.0996274948, -115.548056126 46.0991925001, -115.54749918 46.0989254713, -115.546246529 46.0989904404, -115.544577122 46.098628521, -115.543820858 46.0986015797, -115.543721676 46.0977965593, -115.542638779 46.0966296196, -115.542081833 46.0958775282, -115.541524887 46.0948246717, -115.540402889 46.0938487053, -115.540204525 46.0933405161, -115.539914608 46.0930504799, -115.539021492 46.0924525261, -115.536984444 46.091807723, -115.535382748 46.0909688473, -115.534360409 46.0901638269, -115.533803463 46.0895267725, -115.533246517 46.0891596079, -115.532689095 46.088881731, -115.532063484 46.0884968042, -115.530950546 46.0882637501, -115.529630184 46.0885878801, -115.528577328 46.0886758566, -115.528119564 46.0890460014, -115.527760506 46.0894999504, -115.526769161 46.0902819633, -115.526769161 46.0905950069, -115.526967525 46.0906900167, -115.52703619 46.0910559893, -115.52703619 46.0919030905, -115.526708126 46.092105031, -115.526280403 46.0926049948, -115.526082516 46.0930169821, -115.525754452 46.0932000875, -115.524274349 46.0931540728, -115.522832394 46.0925171375, -115.522138119 46.0920411348, -115.521710396 46.0915290117, -115.521054268 46.0900001526, -115.520497322 46.089454174, -115.519612312 46.0880540609, -115.518659115 46.0870243311, -115.518041134 46.0864601135, -115.517575264 46.0862002373, -115.516889095 46.0860481262, -115.515775204 46.0860251188, -115.513997078 46.0862462521, -115.512883186 46.0866622925, -115.510677814 46.08718431, -115.508999825 46.0873686075, -115.50640583 46.0879557133, -115.505291939 46.088005662, -115.504635811 46.0879325867, -115.503284931 46.08748281, -115.50178194 46.0872915983, -115.50098896 46.0869756937, -115.500545502 46.0868346691, -115.499958515 46.0864487886, -115.499691486 46.0860407352, -115.499203682 46.0856747627, -115.496799469 46.0846447945, -115.495754242 46.0844238997, -115.494930267 46.0843777657, -115.494663239 46.0844618082, -115.493748188 46.0847207308, -115.489742279 46.0848548412, -115.487766266 46.0849769115, -115.485500336 46.0857740641, -115.484554291 46.0864342451, -115.484127045 46.086941123, -115.482944012 46.0873491764, -115.480906963 46.087441206, -115.478702068 46.0870331526, -115.476893902 46.0863691568, -115.474925995 46.0852022171, -115.473941803 46.0847713947, -115.472590923 46.0845192671, -115.471774578 46.0845654011, -115.47108078 46.0847523212, -115.470095634 46.0854152441, -115.467898369 46.0865104198, -115.467372417 46.0866214037, -115.465564251 46.0867586136, -115.462184429 46.0866065025, -115.458598137 46.0860335827, -115.455676079 46.0851836205, -115.452158928 46.0843178034, -115.4515028 46.0839327574, -115.450060844 46.0834976435, -115.449205875 46.0832726955, -115.448023796 46.0826969147, -115.447527885 46.0823566914, -115.446253777 46.0814677477, -115.444773674 46.0808877945, -115.442964554 46.0807737112, -115.44175148 46.0807739496, -115.440531254 46.0810709, -115.437738419 46.0810979605, -115.433244228 46.0817850828, -115.431696415 46.0824450254, -115.428774357 46.0827652216, -115.426675797 46.082632184, -115.425333023 46.0822732449, -115.430055141 46.0820821524, -115.431406021 46.0817580223, -115.434519291 46.0807279348, -115.435808182 46.0805680752, -115.439256668 46.0804989338, -115.444208622 46.0802508593), (-115.535870552 46.0891375542, -115.535344601 46.0891406536, -115.534917355 46.0893397331, -115.534955502 46.0896826982, -115.535214424 46.0899838209, -115.536794662 46.0909875631, -115.537351608 46.0911285877, -115.537549496 46.0910556316, -115.537579536 46.0908075571, -115.536626339 46.0896406174, -115.535870552 46.0891375542), (-115.593650341 46.133218646, -115.593680382 46.1338826418, -115.593749046 46.1341075897, -115.594047546 46.1339966059, -115.594871521 46.1334476471, -115.593650341 46.133218646), (-115.594733238 46.1339775324, -115.594077587 46.1343824863, -115.593780041 46.1345506907, -115.593916893 46.1347756386, -115.594244957 46.1347715855, -115.594672203 46.1344776154, -115.595038414 46.1339966059, -115.594733238 46.1339775324), (-115.661644936 46.1376345158, -115.66124773 46.1377215385, -115.661903858 46.1381565332, -115.662170887 46.1381336451, -115.662170887 46.1378827095, -115.661644936 46.1376345158), (-115.883175373 46.1412162781, -115.882381916 46.1412624121, -115.882221222 46.1413993835, -115.882221222 46.1416324377, -115.883572578 46.1415632963, -115.883831501 46.1414033175, -115.883175373 46.1412162781), (-115.904850483 46.1515238285, -115.904652596 46.1515238285, -115.904522419 46.1517790556, -115.905079365 46.1520270109, -115.905674458 46.1521419287, -115.904850483 46.1515238285), (-115.919285774 46.1489822865, -115.918728352 46.1490054131, -115.917378426 46.1492574215, -115.916950703 46.1493713856, -115.916554451 46.1497604847, -115.916790485 46.1498986483, -115.91757679 46.1498063803, -115.917805672 46.1498063803, -115.918072701 46.1496273279, -115.91895771 46.149394393, -115.919453621 46.1492995024, -115.919285774 46.1489822865), (-115.949819088 46.1343587637, -115.947286129 46.1345188618, -115.946073055 46.134863019, -115.945744991 46.1351408958, -115.945416927 46.1355950832, -115.945385933 46.1358009577, -115.945744991 46.1358468533, -115.947583199 46.1350228786, -115.948705196 46.1348398924, -115.950513363 46.1347247362, -115.950513363 46.1344966888, -115.949819088 46.1343587637), (-115.981107712 46.1102176905, -115.980947971 46.1108087301, -115.981206894 46.111430645, -115.981901646 46.1120717525, -115.982267857 46.1122276783, -115.982595921 46.1122508049, -115.982557774 46.111930728, -115.982161045 46.1110647917, -115.981771946 46.1104927063, -115.981405735 46.1102896929, -115.981107712 46.1102176905), (-115.981138229 46.142381072, -115.98103857 46.1427010298, -115.981182575 46.1441121101, -115.981206417 46.144348979, -115.981032848 46.1446287632, -115.980779171 46.1450361013, -115.980718613 46.1453056335, -115.980726242 46.1453061104, -115.980810165 46.1453750134, -115.980816841 46.1453745365, -115.98167944 46.1452947855, -115.982030392 46.1450320482, -115.981763363 46.1440019608, -115.981664658 46.1427470446, -115.981601715 46.1426632404, -115.981496334 46.1425218582, -115.981138229 46.142381072), (-116.080265999 46.2613742352, -116.080097675 46.2613743544, -116.079937935 46.26146245, -116.080097675 46.2615612745, -116.080861092 46.2620382309, -116.082936764 46.2620801926, -116.082936764 46.2619011402, -116.080265999 46.2613742352), (-116.157139301 46.3516285419, -116.156674385 46.3516744375, -116.156712532 46.3518995047, -116.157040119 46.3520824909, -116.157398701 46.3520824909, -116.157566547 46.3520144224, -116.1575284 46.3518345356, -116.157139301 46.3516285419), (-116.15829134 46.3522205353, -116.157894611 46.3523573875, -116.157933235 46.3525135517, -116.158856392 46.3526096344, -116.158787251 46.3524265289, -116.15829134 46.3522205353), (-116.243237019 46.4671953917, -116.242511749 46.4672602415, -116.242374897 46.4673553705, -116.242343903 46.4676072598, -116.243175983 46.4675573111, -116.243473053 46.4673054218, -116.243237019 46.4671953917), (-116.299809933 46.4967591763, -116.299481869 46.4967821836, -116.299383163 46.4968733788, -116.299680233 46.4972393513, -116.30064106 46.4974191189, -116.301235676 46.4973500967, -116.301235676 46.4971481562, -116.300588131 46.4969722033, -116.299809933 46.4967591763), (-116.383789539 46.5000982285, -116.382995605 46.5002781153, -116.382530689 46.5006672144, -116.382629395 46.5009871721, -116.383460522 46.5010101795, -116.385314465 46.5006672144, -116.3854146 46.5004841089, -116.384818554 46.5002551079, -116.383789539 46.5000982285), (-116.661811829 46.5159671307, -116.661468029 46.5159752369, -116.661284924 46.5159822702, -116.660979748 46.5159901381, -116.660849571 46.5161012411, -116.660919189 46.5163754225, -116.661063671 46.5165741444, -116.661147594 46.5166882277, -116.66123867 46.5167992115, -116.661383629 46.5169930458, -116.661560059 46.5171272755, -116.661681652 46.5172182322, -116.661803722 46.5173141956, -116.661925793 46.5174051523, -116.662108898 46.5175430775, -116.662368774 46.5176461935, -116.662528992 46.5177072287, -116.662689209 46.5177682638, -116.662848949 46.5178291798, -116.663169861 46.517955184, -116.663513184 46.5180650949, -116.66368103 46.5181190968, -116.66385603 46.518176198, -116.664031982 46.5182330608, -116.664206982 46.5182901621, -116.664374828 46.5183442831, -116.664543152 46.518397212, -116.664710999 46.5184512138, -116.66486311 46.5185002089, -116.665015697 46.5185501575, -116.665222168 46.5186182261, -116.66523695 46.5188701153, -116.665245056 46.519015193, -116.665245056 46.5191521645, -116.665259838 46.5193511248, -116.665558338 46.5195760727, -116.665771008 46.5196481943, -116.66594696 46.51970613, -116.66612196 46.5197631121, -116.666381836 46.5198501348, -116.666878223 46.5197820663, -116.666945934 46.5195530653, -116.667076111 46.5194880962, -116.667479992 46.5195220709, -116.667670727 46.5195419788, -116.668036938 46.5195760727, -116.668411255 46.5195342302, -116.668587208 46.5195109844, -116.668769836 46.5194919109, -116.668953419 46.5194729567, -116.669128418 46.5194499493, -116.669311047 46.5194311142, -116.669494152 46.5194119215, -116.669678211 46.5193930864, -116.66985321 46.519370079, -116.670036316 46.5193508863, -116.670219421 46.5193279982, -116.670394897 46.5193090439, -116.670578003 46.5192899704, -116.670883179 46.5192550421, -116.671280384 46.5191680193, -116.671455383 46.5191259384, -116.67162323 46.5190879107, -116.671799183 46.5190490484, -116.671974182 46.5190069675, -116.672149181 46.5189689398, -116.672317028 46.5189310312, -116.672492981 46.5188889503, -116.67266798 46.5188509226, -116.672843933 46.518813014, -116.673102856 46.5187519789, -116.673355103 46.5186488628, -116.673507214 46.518584013, -116.673668385 46.5185189247, -116.673820019 46.5184539557, -116.67398119 46.5183888674, -116.674133301 46.5183249712, -116.674293041 46.5182600021, -116.674446106 46.5181949139, -116.674759388 46.5180649757, -116.67502594 46.5178858042, -116.675163269 46.5177937746, -116.675300121 46.5177026987, -116.675437927 46.5176107883, -116.675575256 46.5175238848, -116.675751209 46.5174007416, -116.675751209 46.5172177553, -116.675521851 46.5171037912, -116.675102234 46.5171607733, -116.674919128 46.5171837807, -116.674743176 46.5172069073, -116.67456007 46.5172339678, -116.674376965 46.5172569752, -116.674193859 46.5172829628, -116.67401123 46.5173059702, -116.673828125 46.5173329115, -116.67363739 46.5173559189, -116.673454285 46.5173819065, -116.673271179 46.5174050331, -116.67309618 46.5174319744, -116.672806263 46.517469883, -116.672531128 46.5174590349, -116.672348022 46.5174509287, -116.672164917 46.5174428225, -116.671982288 46.5174360275, -116.671799183 46.5174279213, -116.671615124 46.5174208879, -116.671432018 46.5174130201, -116.671248913 46.5174050331, -116.671065807 46.5173978806, -116.67065382 46.5173820257, -116.670349121 46.5174050331, -116.670166016 46.5174170732, -116.66998291 46.5174279213, -116.669799805 46.5174430609, -116.669617176 46.5174549818, -116.669433117 46.5174660683, -116.669258118 46.5174819231, -116.669059753 46.5174930096, -116.66884613 46.5175079107, -116.66863203 46.517524004, -116.668434143 46.5175389051, -116.668067932 46.5175620317, -116.66813612 46.5173329115, -116.668365002 46.5171539783, -116.668899059 46.5170160532, -116.669319153 46.5169888735, -116.669570923 46.5169739723, -116.66982317 46.516955018, -116.670357227 46.5169210434, -116.670508862 46.5168370008, -116.670585155 46.5166499615, -116.670035839 46.5165770054, -116.669867992 46.5165550709, -116.669684887 46.5165319443, -116.669487 46.5165048838, -116.669288158 46.5164779425, -116.669075012 46.5164519548, -116.668860912 46.5164209604, -116.668647766 46.5163940191, -116.668426037 46.5163639784, -116.668220043 46.5163369179, -116.66801405 46.5163099766, -116.667639732 46.51626122, -116.667289734 46.5162761211, -116.667106152 46.5162801743, -116.666923046 46.5162881613, -116.666739941 46.5162950754, -116.666556835 46.5162991285, -116.66637373 46.5163071156, -116.666190624 46.5163141489, -116.666007996 46.5163220167, -116.66582489 46.5163260698, -116.665641785 46.5163331032, -116.665458202 46.5163412094, -116.665091991 46.5163520575, -116.664710999 46.5163071156, -116.664527893 46.5162881613, -116.66435194 46.5162650347, -116.664168835 46.5162460804, -116.663985729 46.5162231922, -116.66381073 46.5162042379, -116.663627148 46.5161812305, -116.663452148 46.5161582232, -116.663268566 46.5161391497, -116.663085938 46.5161161423, -116.662909985 46.5160973072, -116.662726879 46.5160741806, -116.66255188 46.5160511732, -116.662368774 46.5160322189, -116.662184715 46.5160092115, -116.661811829 46.5159671307), (-116.715790749 46.5008705854, -116.715263367 46.5008975267, -116.71493578 46.5009585619, -116.714752674 46.5009925365, -116.714577675 46.5010313988, -116.714401722 46.5010615587, -116.714226723 46.5010956526, -116.714050293 46.5011304617, -116.71383667 46.5011726618, -116.713569641 46.5013055801, -116.713577747 46.5015115738, -116.714004517 46.5018136501, -116.714371681 46.5019235611, -116.714538574 46.501973629, -116.714706421 46.5020265579, -116.714874744 46.5020765066, -116.715263367 46.5021985769, -116.715568542 46.5022596121, -116.715736866 46.5022975206, -116.715919495 46.5023314953, -116.716095448 46.5023704767, -116.716270447 46.5024045706, -116.7164464 46.5024424791, -116.716621399 46.5024764538, -116.717018604 46.5025604963, -116.717369556 46.5025374889, -116.717644691 46.5025185347, -116.717880726 46.5022674799, -116.71765995 46.5020954609, -116.717544556 46.5020035505, -116.71741581 46.5019044876, -116.717285633 46.5017975569, -116.717148781 46.5016944408, -116.717018604 46.5015915632, -116.716881752 46.5014885664, -116.716652393 46.5013055801, -116.716339588 46.5011495352, -116.71619463 46.5010735989, -116.716041565 46.5009965897, -116.715790749 46.5008705854), (-116.712578297 46.5018355846, -116.712379456 46.5019465685, -116.712349415 46.5022215843, -116.71261692 46.5024507046, -116.712974548 46.5025535822, -116.713142395 46.5026066303, -116.713478565 46.5027016401, -116.713730812 46.5026946068, -116.713959694 46.5026905537, -116.714310646 46.5026865005, -116.714303017 46.5025185347, -116.714134693 46.5023896694, -116.713997841 46.5022825003, -116.713737488 46.50208354, -116.71341753 46.501973629, -116.713142395 46.5018815994, -116.712822437 46.5018554926, -116.712578297 46.5018355846), (-116.70841217 46.5022257566, -116.707580566 46.5023858547, -116.707580566 46.5026377439, -116.708244324 46.5027477741, -116.708839417 46.5028506517, -116.709846497 46.5030267239, -116.71026659 46.5030037165, -116.710182667 46.502732873, -116.709732533 46.5024087429, -116.708877563 46.502289772, -116.70841217 46.5022257566), (-116.704872131 46.5022287369, -116.704574585 46.5022288561, -116.704323292 46.5022828579, -116.704147339 46.5023208857, -116.70397234 46.5023549795, -116.703796387 46.5023930073, -116.703621387 46.5024318695, -116.703445435 46.5024698973, -116.703277588 46.5025080442, -116.703102589 46.5025458336, -116.702926636 46.5025799274, -116.70275116 46.5026190281, -116.702575207 46.5026568174, -116.702400208 46.5026949644, -116.702225208 46.5027329922, -116.702057362 46.5027709007, -116.701881409 46.5028048754, -116.701706409 46.502843976, -116.701530457 46.5028820038, -116.701263428 46.5029389858, -116.701042175 46.5030189753, -116.700882435 46.5030759573, -116.700722218 46.5031369925, -116.700554371 46.5031949282, -116.7003932 46.5032560825, -116.700233459 46.5033129454, -116.700065136 46.5033700466, -116.699737549 46.5034880638, -116.699486256 46.5036640167, -116.699211597 46.5038579702, -116.699211597 46.5042440891, -116.699554443 46.5042630434, -116.699760437 46.5042779446, -116.700004101 46.5042929649, -116.700348377 46.5042090416, -116.700516224 46.5041629076, -116.700691223 46.5041210651, -116.700867176 46.5040799379, -116.701034069 46.5040379763, -116.701210499 46.5039958954, -116.701378345 46.5039499998, -116.701553345 46.5039079189, -116.701721191 46.5038660765, -116.701896191 46.5038239956, -116.702064514 46.5037819147, -116.702240467 46.503739953, -116.702408314 46.5036978722, -116.702583313 46.5036560297, -116.70275116 46.5036139488, -116.702926636 46.503567934, -116.703094482 46.5035258532, -116.703270435 46.5034840107, -116.703438759 46.5034419298, -116.703811169 46.5033508539, -116.704071522 46.5032249689, -116.704376698 46.5030719042, -116.704574585 46.5028820038, -116.704689503 46.5027669668, -116.704872131 46.5025959015, -116.704933167 46.5023436546, -116.704872131 46.5022287369), (-116.738830566 46.4882165194, -116.738518715 46.488304615, -116.738350868 46.4883464575, -116.738075733 46.488422513, -116.737640858 46.4887006283, -116.737625599 46.4888956547, -116.737831593 46.4889526367, -116.737985134 46.4889836311, -116.738144875 46.4890215397, -116.738312721 46.4890555143, -116.73848772 46.4890975952, -116.738670826 46.4891355038, -116.738862038 46.4891775846, -116.739045143 46.4892195463, -116.739235878 46.4892616272, -116.739425659 46.4892994165, -116.739601612 46.4893414974, -116.739777088 46.4893805981, -116.739961147 46.4894185066, -116.740196705 46.4894714355, -116.74047184 46.4894375801, -116.740669727 46.4894144535, -116.740867615 46.4893914461, -116.741066933 46.4893685579, -116.741348743 46.4893344641, -116.741517067 46.4892464876, -116.741517067 46.4890595675, -116.741218567 46.4888074398, -116.740921974 46.4887235165, -116.740761757 46.4886785746, -116.74059391 46.4886325598, -116.740417957 46.4885824919, -116.740242958 46.4885334969, -116.740067005 46.4884876013, -116.739891529 46.4884375334, -116.739716053 46.4883885384, -116.739548683 46.4883385897, -116.739197731 46.4882395267, -116.738830566 46.4882165194), (-116.737045765 46.4892505407, -116.736816883 46.4892777205, -116.736450672 46.4893155098, -116.736519814 46.4895216227, -116.736908913 46.489654541, -116.737099648 46.4897235632, -116.737381935 46.4898186922, -116.737678528 46.4897955656, -116.737907887 46.4896814823, -116.737946033 46.4895445108, -116.737579823 46.4893155098, -116.737045765 46.4892505407), (-116.807496548 46.4502586126, -116.807130337 46.4503495693, -116.807130337 46.4505294561, -116.807260036 46.4506245852, -116.807954788 46.450620532, -116.807954788 46.4503465891, -116.807496548 46.4502586126), (-116.843012333 46.4438869953, -116.842859268 46.4438989162, -116.842554092 46.4439218044, -116.842195511 46.4440209866, -116.842028141 46.4440668821, -116.841860294 46.4441119432, -116.841692448 46.444157958, -116.841524124 46.4442039728, -116.841349125 46.4442529678, -116.841173172 46.4442988634, -116.841005325 46.4443490505, -116.840830326 46.4443949461, -116.840654373 46.4444438219, -116.840486526 46.4444899559, -116.840311527 46.4445399046, -116.840074062 46.4446040392, -116.839823246 46.4447149038, -116.839662075 46.4447799921, -116.839502335 46.4448488951, -116.839350224 46.4449169636, -116.839189053 46.4449820518, -116.838854313 46.445130825, -116.838617325 46.4453829527, -116.838617325 46.445630908, -116.838915348 46.4459279776, -116.839228153 46.445904851, -116.839548588 46.4458818436, -116.839914322 46.4457678795, -116.840082169 46.4457179308, -116.840250492 46.4456650019, -116.840418339 46.4456150532, -116.840586662 46.4455618858, -116.840753555 46.4455119371, -116.840921402 46.445458889, -116.841082096 46.4454089403, -116.841249466 46.4453560114, -116.841631413 46.4452409744, -116.841875553 46.4451118708, -116.842020512 46.4450318813, -116.84216547 46.4449549913, -116.842310429 46.4448789358, -116.842455387 46.4448029995, -116.842600346 46.4447230101, -116.842745304 46.4446458817, -116.842951298 46.4445359707, -116.843119144 46.4443868399, -116.843378067 46.4441469908, -116.843012333 46.4438869953), (-116.964391232 46.4334629774, -116.963536263 46.4335778952, -116.963323116 46.4336689711, -116.963307381 46.4338300228, -116.964261055 46.433784008, -116.964559078 46.4336689711, -116.964589119 46.4334900379, -116.964391232 46.4334629774), (-116.959668159 46.4343830347, -116.958508968 46.434497118, -116.958310127 46.4346990585, -116.958645821 46.4348862171, -116.959087849 46.4348862171, -116.960858345 46.4348831177, -116.961185932 46.4347681999, -116.961185932 46.4346081018, -116.961057186 46.4345161915, -116.96016407 46.4345161915, -116.959668159 46.4343830347), (-116.880916119 46.4445884228, -116.879687309 46.4449282885, -116.879626274 46.4451113939, -116.879756451 46.4452024698, -116.880580425 46.4450885057, -116.881015301 46.4448362589, -116.880916119 46.4445884228), (-116.877643108 46.4446763992, -116.877185345 46.4446874857, -116.876994133 46.4446913004, -116.87661314 46.4446994066, -116.876452446 46.4447673559, -116.876513481 46.4450885057, -116.876796246 46.4451793432, -116.876964569 46.4452334642, -116.877130985 46.4452904463, -116.877307415 46.4453474283, -116.877475262 46.4454044104, -116.877772331 46.4455003738, -116.878192425 46.4454733133, -116.878497124 46.4454543591, -116.8787117 46.4453283548, -116.878932476 46.4452024698, -116.878932476 46.4449964762, -116.878703117 46.4449124336, -116.878436089 46.4448133707, -116.87816906 46.4447673559, -116.877994061 46.4447374344, -116.877643108 46.4446763992), (-116.885890484 46.4447143078, -116.885180473 46.4447793961, -116.885005474 46.4447903633, -116.884822369 46.4448063374, -116.884646416 46.4448174238, -116.884471416 46.444832325, -116.88408947 46.4448592663, -116.883815289 46.4449664354, -116.883662224 46.4450272322, -116.883502483 46.4450882673, -116.883342266 46.4451493025, -116.883182526 46.4452143908, -116.883021355 46.4452793598, -116.882861614 46.445340395, -116.882693291 46.4454042912, -116.88253355 46.44546628, -116.882274628 46.445569396, -116.881938457 46.4457592964, -116.881793499 46.445843339, -116.88164854 46.4459234476, -116.881511211 46.4460073709, -116.881366253 46.4460873604, -116.881083488 46.4462513924, -116.880710602 46.4462553263, -116.880420685 46.4462553263, -116.880046368 46.4463814497, -116.879825115 46.446457386, -116.879588604 46.4465764761, -116.879435539 46.4466524124, -116.879291534 46.4467244148, -116.879146099 46.4467973709, -116.878863335 46.4469383955, -116.87846756 46.4472852945, -116.8784132 46.4474303722, -116.878566265 46.4475224018, -116.878779411 46.4474803209, -116.878978729 46.4474533796, -116.879184246 46.4474225044, -116.879527569 46.4473774433, -116.879901409 46.4472784996, -116.880076408 46.4472323656, -116.880244255 46.44718647, -116.880420685 46.4471443892, -116.880588531 46.4470984936, -116.880763531 46.4470523596, -116.88093853 46.4470074177, -116.881106377 46.4469653368, -116.8812747 46.4469194412, -116.881640434 46.4468243122, -116.88203764 46.4465494156, -116.88231945 46.4464462996, -116.882480145 46.4463893175, -116.882640839 46.4463312626, -116.882800579 46.4462704659, -116.882968426 46.4462132454, -116.883128643 46.4461522102, -116.883288383 46.4460953474, -116.883449554 46.4460382462, -116.883609295 46.445977211, -116.883769512 46.4459192753, -116.883937359 46.4458582401, -116.884097576 46.4458012581, -116.884257317 46.4457403421, -116.884417534 46.4456833601, -116.884578228 46.4456263781, -116.884738445 46.4455653429, -116.884906292 46.4455074072, -116.885180473 46.4454042912, -116.885508537 46.445233345, -116.885653496 46.4451574087, -116.886004448 46.4449732304, -116.886020184 46.4448252916, -116.885890484 46.4447143078), (-116.877971172 46.4462094307, -116.877696514 46.4462172985, -116.877513409 46.4462254047, -116.877330303 46.4462324381, -116.877147198 46.4462404251, -116.876964569 46.4462482929, -116.87678051 46.4462513924, -116.876597404 46.4462593794, -116.876414299 46.4462674856, -116.876117229 46.4462783337, -116.875705242 46.4463516474, -116.875529289 46.4463815689, -116.875346184 46.4464124441, -116.875171185 46.446446538, -116.874995232 46.4464764595, -116.874820232 46.4465075731, -116.874567986 46.4465535879, -116.874278069 46.4465765953, -116.874103069 46.4465914965, -116.87391901 46.446606636, -116.873736382 46.4466215372, -116.873561382 46.4466376305, -116.873378277 46.4466525316, -116.873195171 46.446667552, -116.873012066 46.4466825724, -116.872836113 46.4466984272, -116.872653008 46.4467135668, -116.872470379 46.4467284679, -116.872293949 46.4467434883, -116.87211132 46.4467594624, -116.871928215 46.4467746019, -116.87174511 46.4467895031, -116.87157011 46.4468045235, -116.871386051 46.4468204975, -116.871202946 46.4468355179, -116.871027946 46.4468505383, -116.870844841 46.4468665123, -116.870662212 46.4468815327, -116.870479107 46.4468966722, -116.870303154 46.4469114542, -116.870120049 46.4469276667, -116.869936943 46.4469425678, -116.869754314 46.4469615221, -116.869578362 46.4469765425, -116.869174004 46.4470075369, -116.868861198 46.4470565319, -116.868678093 46.4470834732, -116.868494987 46.4471106529, -116.868311882 46.4471366405, -116.868128777 46.4471596479, -116.867952824 46.4471865892, -116.867618084 46.4472365379, -116.867220879 46.4473775625, -116.867122173 46.4476486444, -116.867220879 46.4478765726, -116.867517948 46.4480375051, -116.867784977 46.4480866194, -116.867961407 46.4481176138, -116.868135929 46.4481514692, -116.868311882 46.4481825829, -116.868486881 46.4482165575, -116.86887598 46.4482855797, -116.869204044 46.4483116865, -116.869379997 46.4483275414, -116.869563103 46.4483426809, -116.869746208 46.4483575821, -116.869929314 46.4483726025, -116.870334148 46.4484037161, -116.870646 46.4483766556, -116.870830059 46.448361516, -116.871013165 46.448346734, -116.87119627 46.4483305216, -116.871379375 46.4483116865, -116.871554375 46.4482965469, -116.871882439 46.4482665062, -116.872249126 46.4481364489, -116.872584343 46.4480185509, -116.872905254 46.4479916096, -116.87308836 46.44797647, -116.873270988 46.4479644299, -116.873454094 46.4479495287, -116.873637199 46.4479374886, -116.873820305 46.4479225874, -116.87400341 46.4479074478, -116.874400139 46.4478765726, -116.874712944 46.4478155375, -116.87488842 46.4477775097, -116.875064373 46.447743535, -116.875239372 46.4477053881, -116.875415325 46.447670579, -116.875590324 46.4476364851, -116.875766277 46.4475984573, -116.876086235 46.4475334883, -116.876346111 46.4474345446, -116.876506329 46.4473735094, -116.876666069 46.4473085403, -116.876826286 46.4472475052, -116.876986504 46.4471865892, -116.877147198 46.4471213818, -116.877307415 46.4470603466, -116.877459526 46.4469994307, -116.87762022 46.4469383955, -116.877971172 46.4468013048, -116.878207207 46.4466404915, -116.87846756 46.4464614391, -116.87846756 46.4462783337, -116.877971172 46.4462094307), (-116.86404705 46.4474875927, -116.863619804 46.4475106001, -116.86358881 46.4478546381, -116.863788128 46.4481287003, -116.864161015 46.448128581, -116.864406109 46.448128581, -116.864650249 46.448128581, -116.864879131 46.448128581, -116.865077019 46.448128581, -116.865221977 46.448128581, -116.865527153 46.4481636286, -116.865405083 46.4479916096, -116.86514616 46.4478925467, -116.864993095 46.4478385448, -116.864825249 46.447773695, -116.864634037 46.4477056265, -116.86443615 46.4476325512, -116.864229679 46.4475566149, -116.86404705 46.4474875927), (-116.786019325 46.4571709633, -116.785653591 46.4571939707, -116.785394192 46.4573620558, -116.785264015 46.4574460983, -116.785127163 46.4575300217, -116.784996986 46.4576140642, -116.784760475 46.4577621222, -116.784486294 46.4579759836, -116.784364223 46.4580709934, -116.784242153 46.4581670761, -116.784119129 46.4582619667, -116.783997059 46.4583569765, -116.783874989 46.4584490061, -116.783700466 46.4585819244, -116.783685207 46.4587769508, -116.783669472 46.4590439796, -116.783372402 46.4591319561, -116.783074379 46.4592270851, -116.782777309 46.4594789743, -116.782577991 46.4596539736, -116.782455921 46.459769249, -116.782327175 46.4598791599, -116.782204151 46.4599941969, -116.782075405 46.4601051807, -116.781960011 46.4602150917, -116.78171587 46.4604332447, -116.781648159 46.4607300758, -116.782090187 46.4608100653, -116.782319546 46.460848093, -116.782571316 46.460894227, -116.782868385 46.4609930515, -116.783036232 46.4610542059, -116.783303261 46.4611421824, -116.783631325 46.4611650705, -116.7838521 46.4610700607, -116.784196377 46.4609172344, -116.784493446 46.4605970383, -116.784562111 46.4603220224, -116.784722328 46.4601390362, -116.784722328 46.4598870277, -116.784722328 46.4597610235, -116.784722328 46.4596351385, -116.784730434 46.4593640566, -116.78482151 46.4591430426, -116.784875393 46.4590209723, -116.784928322 46.4588990211, -116.785027027 46.4586780071, -116.785210133 46.4584410191, -116.785302162 46.4583309889, -116.785386086 46.458220005, -116.785470486 46.4581091404, -116.785561085 46.457998991, -116.785645008 46.4578919411, -116.785737514 46.4577809572, -116.785821438 46.4576710463, -116.785912037 46.4575600624, -116.786019325 46.4574228525, -116.786019325 46.4571709633), (-116.768594265 46.4723995924, -116.76831913 46.4724154472, -116.768060207 46.4724265337, -116.767762184 46.4725376368, -116.767632008 46.4727016687, -116.767701149 46.4727886915, -116.768098354 46.4728345871, -116.768624306 46.472720623, -116.768715858 46.4725526571, -116.768594265 46.4723995924), (-116.768792152 46.4731135368, -116.7682271 46.4731135368, -116.767800331 46.4732736349, -116.767793179 46.4734526873, -116.768090248 46.473567605, -116.768425941 46.4734755754, -116.768594265 46.4734296799, -116.768754005 46.4733724594, -116.768884182 46.4731775522, -116.768792152 46.4731135368), (-116.559201717 46.5118882656, -116.558644772 46.5120491982, -116.558636665 46.5122742653, -116.559033394 46.5124381781, -116.559704781 46.5124192238, -116.559994698 46.5124152899, -116.560010433 46.5123192072, -116.559636593 46.5120261908, -116.559201717 46.5118882656), (-115.940167904 46.1450376511, -115.939770699 46.1452693939, -115.939541817 46.1458194256, -115.939640999 46.1462315321, -115.940000057 46.1461623907, -115.940167904 46.1459335089, -115.940167904 46.1450376511), (-115.939015865 46.1461164951, -115.938717842 46.1462085247, -115.938160896 46.1468914747, -115.938291073 46.1472805738, -115.93848896 46.1472156048, -115.939045906 46.1466165781, -115.939015865 46.1461164951), (-115.932775021 46.1508738995, -115.932476997 46.150965929, -115.932507992 46.1512168646, -115.932873726 46.151446104, -115.933300972 46.151515007, -115.933827877 46.1513739824, -115.933590889 46.1512138844, -115.932775021 46.1508738995), (-115.856701374 46.140897274, -115.855983734 46.1410112381, -115.855885029 46.1413093805, -115.856075764 46.141377449, -115.857227802 46.1413582563, -115.858181 46.1412171125, -115.858119965 46.1410112381, -115.856701374 46.140897274), (-115.745058537 46.1364338398, -115.744501591 46.1367081404, -115.744372845 46.1369791031, -115.74602747 46.1365289688, -115.745058537 46.1364338398), (-115.74312067 46.1369870901, -115.742067814 46.1371661425, -115.741610527 46.1375592947, -115.742006779 46.1375821829, -115.74312067 46.1372811794, -115.74312067 46.1369870901), (-115.742006779 46.1379671097, -115.740328312 46.1384251118, -115.736849308 46.1401424408, -115.73572731 46.1407865286, -115.735514164 46.1414624453, -115.73556757 46.1422255039, -115.73606348 46.1421563625, -115.736353397 46.1418133974, -115.73615551 46.1415843964, -115.73615551 46.1411304474, -115.736521244 46.1408554316, -115.737177372 46.1406685114, -115.738390446 46.1406223774, -115.73918438 46.1403253078, -115.739611149 46.1400732994, -115.740885258 46.1390661001, -115.741778374 46.1386311054, -115.742396355 46.1381961107, -115.742296219 46.1379902363, -115.742006779 46.1379671097), (-115.737047195 46.1411035061, -115.736849308 46.1412633657, -115.737177372 46.1414694786, -115.738001347 46.1413513422, -115.737047195 46.1411035061), (-115.668350697 46.1378823519, -115.667862892 46.1379014254, -115.667465687 46.1380653381, -115.667435646 46.1383624077, -115.667893887 46.1384313107, -115.668144703 46.1382974386, -115.668419838 46.138156414, -115.668350697 46.1378823519), (-115.605681419 46.1360143423, -115.60479641 46.1360373497, -115.604270458 46.1361752748, -115.604011536 46.136449337, -115.604003429 46.136903286, -115.604430199 46.1369262934, -115.605681419 46.1362173557, -115.605681419 46.1360143423), (-115.597800255 46.1402336359, -115.596778393 46.1403756142, -115.59648037 46.1405316591, -115.596351147 46.140901804, -115.595954418 46.1410127878, -115.595992088 46.1412186623, -115.596351147 46.1414057016, -115.596511364 46.1416566372, -115.596618176 46.1420006752, -115.597152233 46.1423287392, -115.597373486 46.1423436403, -115.597732544 46.1417906284, -115.598178864 46.1414213181, -115.598784447 46.140920639, -115.598801613 46.1407817602, -115.598815441 46.1406686306, -115.598655701 46.140470624, -115.597800255 46.1402336359), (-115.590346336 46.1618602276, -115.590049267 46.1619101763, -115.589690208 46.1623222828, -115.589652538 46.1627532244, -115.590178967 46.1627300978, -115.590346336 46.1618602276), (-115.558203697 46.1872825623, -115.557775497 46.1873935461, -115.557409763 46.1876485348, -115.55744791 46.1881566048, -115.557745934 46.188175559, -115.558599949 46.1872866154, -115.558203697 46.1872825623))
POLYGON ((-116.423771621 46.8604466021, -116.423771621 46.8602405974, -116.424137567 46.8601946642, -116.424335583 46.8599235802, -116.425106549 46.8596915699, -116.425404767 46.8594164917, -116.425442625 46.8590545399, -116.425472668 46.8587524576, -116.425938512 46.8584555851, -116.426220841 46.8580894654, -116.426373532 46.8580924611, -116.426502779 46.8581845011, -116.426502779 46.8585544847, -116.426502779 46.8586914594, -116.426502779 46.8588296063, -116.426502779 46.8589625433, -116.426502779 46.8590964789, -116.426502779 46.8593705585, -116.426739651 46.8595196026, -116.426670578 46.8597145365, -116.426357598 46.8599274442, -116.426220841 46.8600235218, -116.426083519 46.8601185575, -116.425945546 46.8602135932, -116.425800539 46.8603094971, -116.425663608 46.8604045328, -116.425304825 46.8606526502, -116.424908532 46.860835558, -116.424473513 46.8609046315, -116.424145642 46.8606905516, -116.423771621 46.8604466021))
POLYGON ((-116.17617355 46.4448183766, -116.177097597 46.4448183766, -116.177959735 46.4450282886, -116.179416702 46.4458523943, -116.17888274 46.4460354324, -116.176242624 46.4457563166, -116.174121839 46.4457293124, -116.172206581 46.4458525245, -116.172366653 46.4450703579, -116.17617355 46.4448183766))
POLYGON ((-116.10285906 46.6152117462, -116.102722086 46.6149976663, -116.102615154 46.6148298669, -116.102508353 46.6146657578, -116.102325315 46.6143918518, -116.102096126 46.6142007385, -116.101898327 46.6140448349, -116.101600109 46.6139298282, -116.101165263 46.6140218683, -116.100768102 46.6139527948, -116.100714962 46.6137197859, -116.100669028 46.6135447362, -116.100401982 46.6133578341, -116.100097078 46.6134797004, -116.099845096 46.6135787736, -116.09947915 46.6137237801, -116.099090238 46.6138158202, -116.098846158 46.6138768618, -116.098510038 46.6139527948, -116.098083051 46.6141817661, -116.097839145 46.6144218517, -116.097686237 46.6145747163, -116.09741919 46.6148458002, -116.097122144 46.6149598083, -116.0967552 46.6148687668, -116.096877066 46.6146357579, -116.096992072 46.6144407807, -116.09708294 46.614269812, -116.09717498 46.6140978013, -116.097274054 46.6139257906, -116.09741906 46.6136587443, -116.097350985 46.6133618718, -116.097221044 46.6132698317, -116.096786024 46.6133387315, -116.096419905 46.6136098155, -116.096092034 46.6137239538, -116.095756261 46.6140598999, -116.095497073 46.6143189145, -116.095230027 46.6143418811, -116.095129955 46.6140750084, -116.095054022 46.6138768618, -116.094978045 46.6136669497, -116.094833039 46.6132889344, -116.094619002 46.6131628569, -116.094298946 46.6129689216, -116.093954968 46.6130259256, -116.093634956 46.6130829297, -116.093276043 46.6130639573, -116.092940922 46.6129729592, -116.092697015 46.6129078799, -116.092451937 46.6128428441, -116.092208031 46.6127739443, -116.091963951 46.6127089085, -116.091719872 46.6126448712, -116.09146789 46.6125759714, -116.091223984 46.6125109356, -116.090987936 46.6124458997, -116.090552917 46.6123318917, -116.090247969 46.6123159583, -116.089987999 46.6123089251, -116.089728985 46.6122970293, -116.089469145 46.6122899961, -116.089209957 46.6122779267, -116.088950986 46.6122670295, -116.08868394 46.6122589543, -116.088423927 46.6122480571, -116.088165086 46.6122359877, -116.087897866 46.6122289544, -116.087638026 46.6122170587, -116.087371154 46.6122059878, -116.086874962 46.6121870589, -116.086578046 46.612140952, -116.086280002 46.6120950188, -116.085746083 46.6120080149, -116.085380093 46.6120720522, -116.085310889 46.612251921, -116.085249848 46.6124190692, -116.085174088 46.6126059713, -116.085104841 46.6128009485, -116.085028908 46.6129989214, -116.084952975 46.6131859971, -116.084883902 46.6133769368, -116.084486957 46.6133539702, -116.084273876 46.6131789639, -116.084105903 46.6130339574, -116.08393793 46.6128929886, -116.083754848 46.6127399069, -116.083305111 46.6125949004, -116.083022957 46.6125070716, -116.082556939 46.6125189674, -116.082297751 46.6125261743, -116.082030878 46.6125340758, -116.081763831 46.6125421076, -116.081267944 46.6125531785, -116.081000724 46.612503034, -116.080740885 46.6124581428, -116.08048174 46.612408172, -116.080222725 46.6123620652, -116.079970787 46.6123131363, -116.079718806 46.6122672031, -116.079275929 46.6121870589, -116.078978839 46.6122361613, -116.078612719 46.6123010669, -116.078383748 46.6124391704, -116.078047802 46.612828083, -116.077551741 46.6129080536, -116.077216793 46.6129611937, -116.076758807 46.6131902084, -116.076559836 46.6134081523, -116.07640797 46.6135370517, -116.076094817 46.6134880795, -116.075491998 46.6136061252, -116.075270885 46.6137321592, -116.074927732 46.6139221003, -116.07460685 46.6139911738, -116.074347836 46.6140451388, -116.074065898 46.6141061804, -116.073500764 46.6141061804, -116.073202719 46.6143762224, -116.073103819 46.6146282037, -116.073347899 46.6147732102, -116.073546871 46.6148910388, -116.073760126 46.6150171163, -116.073973858 46.6151471879, -116.074188112 46.6152730918, -116.074530917 46.6154791399, -116.074438877 46.6156851446, -116.074362944 46.6158641885, -116.073897925 46.6159560549, -116.073645944 46.6160052008, -116.073386973 46.6160551282, -116.07312696 46.6161041004, -116.072867945 46.6161580654, -116.072615964 46.6162071679, -116.072142913 46.6162990342, -116.07180714 46.6165471516, -116.071502019 46.6166192207, -116.071014033 46.6167302331, -116.070799953 46.6168451963, -116.070587045 46.6169592044, -116.070373009 46.6170732125, -116.070166961 46.6171801439, -116.070029986 46.6172792172, -116.070128886 46.6174631236, -116.070196961 46.6175882026, -116.070289001 46.6177601698, -116.0703879 46.6179432513, -116.07047994 46.6181150883, -116.070570982 46.6182830614, -116.070746987 46.6186071118, -116.070677913 46.618744043, -116.070373009 46.6187291517, -116.070129059 46.6187142169, -116.069877121 46.6187021475, -116.069602 46.6186872127, -116.06932792 46.6186721476, -116.069053016 46.6186572128, -116.068778242 46.6186411058, -116.068526955 46.6186302086, -116.068229214 46.6185341744, -116.067564876 46.6185802813, -116.067275037 46.6187212501, -116.067053924 46.6188241873, -116.066832984 46.6189311188, -116.066565938 46.6190612338, -116.066390063 46.6193361383, -116.06629099 46.6195031128, -116.066184058 46.6196751235, -116.066077952 46.6198392326, -116.065970977 46.6200072057, -116.065872077 46.6201711412, -116.065733931 46.6203882601, -116.065696073 46.6207092715, -116.065666029 46.6208921793, -116.065208043 46.6209912526, -116.064841924 46.6210712232, -116.064773024 46.6214152012, -116.064895064 46.6216891071, -116.064979072 46.6218651554, -116.065055352 46.6220361241, -116.065170185 46.6222802038, -116.065536131 46.6225361793, -116.066001151 46.6226922566, -116.066039226 46.6229711987, -116.066062192 46.6231621384, -116.066093191 46.6233832516, -116.06645931 46.6235931636, -116.066688151 46.6237300949, -116.066993056 46.6239061431, -116.067024097 46.6241381535, -116.066329065 46.6243211916, -116.066093191 46.6245461687, -116.065734278 46.6246841419, -116.065811209 46.6249850521, -116.065856144 46.625164096, -116.065933249 46.6254391741, -116.065864176 46.6258510533, -116.065566131 46.6260762041, -116.065559272 46.6263362171, -116.065559272 46.6265150874, -116.065559272 46.6267021631, -116.065566131 46.6269690358, -116.065650139 46.6272360822, -116.065704452 46.6274110885, -116.065757418 46.6275871367, -116.065597303 46.6276521726, -116.065246292 46.6276741406, -116.064987278 46.627690074, -116.064727438 46.6277091766, -116.064468293 46.627724068, -116.064132304 46.6277432141, -116.063674318 46.6278461079, -116.063568385 46.6276101033, -116.063766184 46.6273651553, -116.063896126 46.6272091214, -116.06403323 46.6270371107, -116.064056371 46.6267021631, -116.064071132 46.626519125, -116.064079164 46.6263362171, -116.06410213 46.6259851626, -116.063987167 46.6258242227, -116.063873333 46.6256601136, -116.063705186 46.6254351365, -116.063407271 46.6252371636, -116.0632172 46.6251151237, -116.063026087 46.6249892199, -116.062835321 46.6248631859, -116.062644207 46.6247371084, -116.062377161 46.6245650977, -116.062293153 46.6242341877, -116.061981345 46.6240201078, -116.061752201 46.6236311953, -116.061485154 46.6235812679, -116.061279106 46.6237262743, -116.061080135 46.6238642042, -116.060890194 46.6239971412, -116.060737155 46.6236731342, -116.060653147 46.6234902264, -116.060157129 46.6234481571, -116.059791183 46.6237111659, -116.059493095 46.6239252458, -116.059150116 46.623936143, -116.058799105 46.6239482124, -116.058402291 46.6241731895, -116.057914305 46.6241652879, -116.05763215 46.6241572561, -116.057372137 46.6241543908, -116.057205206 46.6242913654, -116.057212065 46.6246192798, -116.057220271 46.6248212469, -116.057220271 46.6250043284, -116.057228172 46.6251831986, -116.057235206 46.6253632411, -116.057235206 46.6255922124, -116.057037363 46.626004135, -116.057037363 46.6262401395, -116.057037363 46.626423221, -116.057037363 46.6266062591, -116.057037363 46.626789167, -116.057037363 46.6269732471, -116.057037363 46.627152291, -116.057037363 46.6273311612, -116.057037363 46.6276062394, -116.056838218 46.6278042123, -116.056693385 46.6279532564, -116.056541172 46.628106121, -116.056388264 46.6282581607, -116.056137151 46.6285181738, -116.05583928 46.6286241501, -116.055572407 46.6287242219, -116.055366185 46.6290212681, -116.055244145 46.6292001384, -116.055244145 46.6295701219, -116.055107214 46.6297990932, -116.054763366 46.6299672399, -116.054542253 46.6300742148, -116.053909261 46.6301851838, -116.053779319 46.6302991919, -116.053810361 46.6304592634, -116.054206307 46.6306612739, -116.054611327 46.6308711426, -116.054572253 46.6311651931, -116.054206307 46.6313021678, -116.053733386 46.631344237, -116.053474415 46.6313672036, -116.053214576 46.6313901702, -116.052955387 46.6314131368, -116.052680309 46.6314362771, -116.052413263 46.6314592436, -116.052085349 46.6314892435, -116.051818302 46.6317071873, -116.051650329 46.6318481562, -116.051475323 46.6319931627, -116.051299448 46.6321343052, -116.051132343 46.6322752741, -116.050926295 46.6324472847, -116.050956469 46.6327441573, -116.05109327 46.6329081361, -116.051292241 46.6331562101, -116.051582254 46.6333431556, -116.051849474 46.6335191604, -116.051650329 46.6337701432, -116.051238624 46.6339882173, -116.051025369 46.6341062195, -116.050620349 46.6343201258, -116.050620349 46.6344341339, -116.050857396 46.6346172154, -116.05108641 46.6347241468, -116.05142253 46.6348691533, -116.051376423 46.6351472705, -116.051353457 46.6353231017, -116.050895471 46.6354072836, -116.050628598 46.6354532168, -116.050353303 46.6355021456, -116.05007957 46.6355482525, -116.049827415 46.6355941856, -116.049560369 46.6356431579, -116.049560369 46.636013098, -116.049819384 46.636284182, -116.049903392 46.6364672635, -116.050056604 46.6367921388, -116.049621584 46.6369141787, -116.049346637 46.6369901117, -116.04902645 46.6370821517, -116.048728579 46.6372682289, -116.048705612 46.6374782712, -116.048690504 46.6376611791, -116.048675743 46.6378482548, -116.048660504 46.6380351568, -116.048644571 46.6382142008, -116.048629506 46.6384321446, -116.048126759 46.6387102618, -116.047798497 46.6387601892, -116.047531451 46.6388061224, -116.047264578 46.638848235, -116.04686746 46.6389092333, -116.04686746 46.6391831392, -116.047103465 46.6394582608, -116.04723358 46.6396181586, -116.047393651 46.6398052777, -116.047721565 46.6400421506, -116.047912679 46.6401712237, -116.048255658 46.6404191674, -116.0483856 46.6408352144, -116.048324558 46.6409921166, -116.048080652 46.6409232168, -116.047836572 46.640858181, -116.047592666 46.6407891076, -116.04732562 46.6407172121, -116.046836592 46.6407252439, -116.046569546 46.640728283, -116.046302673 46.6407321469, -116.045997595 46.6407401787, -116.045516642 46.6406181389, -116.045249552 46.6405492391, -116.044906573 46.6404652308, -116.044639527 46.6404881974, -116.044471554 46.6407442163, -116.044349514 46.6409272544, -116.044143683 46.641240234, -116.04367862 46.6412851686, -116.043350576 46.641186269, -116.043014456 46.6410833318, -116.04254961 46.6411713342, -116.042480537 46.6414683804, -116.042434604 46.6416633577, -116.042350595 46.6420182328, -116.042213664 46.6421324145, -116.041816503 46.6421283769, -116.041412829 46.641949333, -116.041091644 46.6418083641, -116.040718665 46.6418694058, -116.040222604 46.6419453388, -116.039924559 46.6419453388, -116.039649437 46.6419453388, -116.039382565 46.6419453388, -116.039115518 46.6419453388, -116.038856547 46.6419453388, -116.038497461 46.6419453388, -116.038299618 46.6421672768, -116.038154481 46.642331386, -116.038009475 46.6424953648, -116.037856567 46.6426622959, -116.037605628 46.6429493132, -116.037368581 46.6430403547, -116.037094632 46.6429452756, -116.036636515 46.6427883734, -116.036209528 46.6428572732, -116.035911613 46.6432002526, -116.035606535 46.643254261, -116.035346522 46.6432993259, -116.035087508 46.643345259, -116.034828537 46.6433913659, -116.034347584 46.6434753741, -116.034126601 46.6436243748, -116.033882521 46.6437923479, -116.033515577 46.6437923479, -116.03324853 46.6437003078, -116.033004451 46.643616343, -116.032752513 46.6435283406, -116.032325525 46.6433804687, -116.032073718 46.6432423218, -116.031791606 46.6430864182, -116.031295545 46.6431323513, -116.030898601 46.6433113953, -116.030433538 46.6432733636, -116.030174567 46.6432543912, -116.029907521 46.6432314246, -116.029647508 46.643212322, -116.029380461 46.6431893554, -116.028869509 46.6431513237, -116.028587528 46.6431623946, -116.028304548 46.6431774596, -116.027976503 46.643193393, -116.027786562 46.6434374727, -116.027648589 46.6436084849, -116.027511441 46.6437764579, -116.027381543 46.6439484252, -116.026946697 46.643998396, -116.026679477 46.6440283958, -116.026405528 46.6440593942, -116.025985617 46.6441043288, -116.025642464 46.6442074397, -116.025405591 46.6442805074, -116.025085578 46.6443795806, -116.02465859 46.6444365847, -116.024398577 46.644471447, -116.024139736 46.6445054845, -116.02372751 46.6445584509, -116.023437497 46.6446965978, -116.023216557 46.644799535, -116.023002477 46.6449024722, -116.022781538 46.6450055397, -116.022567458 46.6451084769, -116.022270586 46.6454015289, -116.022117547 46.6455545672, -116.021896608 46.6457715125, -116.021835566 46.6460315256, -116.021789459 46.6462065319, -116.021751558 46.6463865744, -116.021705494 46.6465656183, -116.021659561 46.6467444886, -116.02162166 46.6469234891, -116.021560618 46.6471416066, -116.021415612 46.6474425167, -116.021331821 46.6476185216, -116.021240605 46.6477895337, -116.021156641 46.647961501, -116.020996526 46.6482855513, -116.021018667 46.6484684592, -116.021034601 46.6486485017, -116.021057567 46.6488275456, -116.021072632 46.6490065895, -116.021087741 46.649189454, -116.021110534 46.6493693662, -116.021125599 46.6495524043, -116.021163674 46.6498613462, -116.021072806 46.6500784652, -116.021003733 46.65025447, -116.020896801 46.6505473484, -116.020690753 46.6507344241, -116.020523779 46.6508794306, -116.020362708 46.6510284746, -116.020164736 46.6512113391, -116.020126661 46.6515283562, -116.020095662 46.6517603666, -116.019767748 46.6519174424, -116.019561873 46.6520203797, -116.019348662 46.6521234906, -116.019126724 46.6522263844, -116.018913816 46.6523333592, -116.018691661 46.6524394657, -116.018470721 46.6525464406, -116.018257683 46.652653372, -116.017936802 46.6528064103, -116.017600683 46.6531304606, -116.017433708 46.6534694458, -116.017463751 46.6537294589, -116.017478816 46.6539314694, -116.017501783 46.6541294423, -116.017143869 46.6542023363, -116.016876996 46.6542553462, -116.016593843 46.6543133488, -116.016105857 46.6544085581, -116.015900026 46.654736429, -116.015708739 46.6550495822, -116.015708739 46.6553203188, -116.015808811 46.6554113603, -116.016097825 46.6554073227, -116.016364871 46.6554043271, -116.016632916 46.6554043271, -116.016906822 46.6554004631, -116.017181944 46.6553964255, -116.017501783 46.6553924313, -116.017951737 46.655484428, -116.018203849 46.6555374378, -116.01845583 46.6555873652, -116.018722876 46.6556443692, -116.019157722 46.6558463797, -116.019349009 46.6561593593, -116.019454942 46.6563234684, -116.019562047 46.6564914415, -116.019660947 46.6566594145, -116.019767921 46.656826389, -116.019882928 46.6570134647, -116.020217876 46.6571963726, -116.020523952 46.6572503376, -116.020774935 46.6572964444, -116.021034905 46.65733834, -116.021285887 46.6573834483, -116.0215459 46.6574293815, -116.022065058 46.6574412773, -116.022506937 46.6574483105, -116.022834852 46.6573832747, -116.023170972 46.6573153734, -116.02356809 46.65733834, -116.023667033 46.6574062413, -116.023697032 46.6576923903, -116.023713096 46.6578873675, -116.023728031 46.6580702754, -116.023742966 46.6582533135, -116.023765932 46.6584823282, -116.023987045 46.6587412993, -116.024116943 46.6588983752, -116.024254092 46.6590542789, -116.024384163 46.6592113982, -116.024513931 46.6593673018, -116.024651036 46.6595233357, -116.024894942 46.6598093545, -116.024849009 46.6599893969, -116.024811325 46.6601644033, -116.024765218 46.6603442721, -116.024689285 46.660656253, -116.024689285 46.6608783647, -116.024689285 46.6610574087, -116.024689285 46.6612362789, -116.024689285 46.6614153228, -116.024689285 46.6615993595, -116.024689285 46.6617782298, -116.024689285 46.6619572737, -116.024689285 46.6622742908, -116.024323295 46.6621403552, -116.024033152 46.6619802403, -116.023827104 46.6618662756, -116.023491158 46.6616793301, -116.023323185 46.6614692878, -116.023201145 46.6613123856, -116.022995097 46.6610612726, -116.022728051 46.6608892619, -116.022529904 46.6607673957, -116.022338964 46.6606453558, -116.02213296 46.6605152842, -116.021920226 46.6602062988, -116.021805045 46.6600423634, -116.021691081 46.6598822484, -116.021576248 46.659718313, -116.021438926 46.6595273733, -116.021149086 46.6592643646, -116.020943082 46.6590734249, -116.020576919 46.65891331, -116.019814028 46.6589783458, -116.019546982 46.6590433817, -116.019287967 46.6591084609, -116.019043063 46.6591694592, -116.018684975 46.6592534674, -116.01833392 46.6591763187, -116.018081982 46.6591193581, -116.017822968 46.6590623541, -116.017426197 46.6589783458, -116.017060078 46.658818448, -116.016732163 46.658818448, -116.016427042 46.6589553792, -116.016166898 46.6592754354, -116.015861951 46.6593442918, -116.015563906 46.6594093711, -116.015342923 46.6596804116, -116.015205992 46.6598403529, -116.015075877 46.6600004678, -116.014901218 46.6602103364, -116.014588065 46.6604163411, -116.014396951 46.6605424186, -116.01413798 46.6607144293, -116.013970007 46.6609842976, -116.013938965 46.6611714167, -116.013915999 46.6613623564, -116.013870934 46.6616753359, -116.013634061 46.661782441, -116.013412948 46.6618813406, -116.0129702 46.6620833512, -116.012779912 46.6622203258, -116.012597048 46.6623544351, -116.01226896 46.662587444, -116.012153953 46.6627854169, -116.012039988 46.6629954592, -116.011742074 46.6632434029, -116.011544101 46.6634073384, -116.011436996 46.6637163237, -116.011375954 46.66389133, -116.011315086 46.6640673349, -116.011254088 46.6642463788, -116.011193046 46.6644213851, -116.011132222 46.6645974334, -116.01107118 46.6647724397, -116.011002107 46.6649593418, -116.010704062 46.6652304257, -116.010544121 46.6653794698, -116.010277074 46.6656233759, -116.009964095 46.6657264434, -116.009705124 46.6658104516, -116.009377209 46.665917383, -116.009354069 46.66617236, -116.009339134 46.6663784081, -116.00930831 46.6666954252, -116.009049121 46.6667183918, -116.008545072 46.6667644987, -116.008393336 46.6669354674, -116.008255189 46.6670843378, -116.008110183 46.6672414136, -116.007966348 46.6673973173, -116.007821342 46.6675573888, -116.00754609 46.667858299, -116.007615164 46.6681563871, -116.007409115 46.6683394252, -116.007241142 46.6684884693, -116.007042171 46.66866048, -116.006920131 46.6689724175, -116.006844198 46.6691633572, -116.00666129 46.6692973362, -116.006318311 46.6695484492, -116.006363245 46.6697663931, -116.006607152 46.6698124565, -116.006875196 46.6698694606, -116.007164211 46.6699303285, -116.007538406 46.6700104728, -116.007943382 46.6701434099, -116.008194191 46.6702273747, -116.008637416 46.6703764188, -116.008606417 46.6706893983, -116.008591309 46.6708873712, -116.008568342 46.6711963132, -116.008667242 46.6714293221, -116.00875125 46.6715972951, -116.008828355 46.6717693058, -116.008904289 46.6719443121, -116.008980395 46.6721163228, -116.00905737 46.6722873349, -116.009194301 46.6725932378, -116.009392274 46.6727533527, -116.009491521 46.6729513256, -116.009575356 46.6731192987, -116.009690363 46.6733483134, -116.009621463 46.6736683262, -116.009194301 46.6735313515, -116.008973362 46.6733823074, -116.008790324 46.6732524094, -116.008599384 46.6731273305, -116.008416303 46.6730012964, -116.008233395 46.6728753926, -116.008042325 46.6727493151, -116.007859417 46.672623281, -116.007668304 46.6724973772, -116.007485396 46.6723714734, -116.007172416 46.672158392, -116.007027236 46.6719443121, -116.00687537 46.6717233726, -116.006577325 46.6715094664, -116.006394244 46.6713793947, -116.006112306 46.6711733466, -116.00575322 46.6712343882, -116.005501238 46.6712803214, -116.005211226 46.6713304224, -116.004685165 46.6711703509, -116.004219147 46.6712653866, -116.004052172 46.6715664704, -116.003884199 46.6718563097, -116.003586328 46.671990419, -116.0031062 46.6720784214, -116.002823221 46.6721273936, -116.002511413 46.6723874067, -116.0023203 46.6725394465, -116.002366233 46.6728794302, -116.002388375 46.6731114405, -116.00261739 46.6735653889, -116.002511413 46.6737293244, -116.002388375 46.6739124059, -116.002411515 46.6742563838, -116.002427275 46.6744354278, -116.002449417 46.6747784071, -116.00225127 46.6749194194, -116.001618408 46.6750764953, -116.000992275 46.6750493174, -116.000496431 46.6751713573, -116.000199342 46.6752444684, -115.999932469 46.675469402, -115.999764322 46.675816419, -115.999794366 46.6760184295, -115.999817462 46.6761974735, -115.999840429 46.6763773423, -115.999871471 46.6766133902, -116.000100442 46.6768734033, -116.000237417 46.677025443, -116.00043539 46.6772504201, -116.00043539 46.6775174665, -116.00043539 46.6776973353, -116.00043539 46.6778763792, -116.00043539 46.6780554231, -116.00043539 46.6782344236, -116.000435737 46.6784143358, -116.000435737 46.6786243782, -116.000206549 46.6791043322, -116.000275622 46.6792803371, -116.000344522 46.6794553434, -116.000443595 46.6796994231, -116.000443595 46.6799824028, -116.000443595 46.6801612731, -116.000443595 46.680340317, -116.000443595 46.6805233551, -116.000443595 46.6807032673, -116.000443595 46.6809773469, -116.000542495 46.6812063182, -116.000519702 46.6814203981, -116.000496735 46.6815992684, -116.00048167 46.6818012789, -116.000374695 46.6821293235, -116.000313697 46.6823053717, -116.000260557 46.6824803781, -116.00014555 46.682827395, -116.000161657 46.6830103029, -116.000184624 46.6832894186, -116.000260557 46.6835453941, -116.000313697 46.6837204005, -116.000412597 46.6840402396, -116.000283697 46.6842243196, -116.000168691 46.6843843912, -116.000061716 46.68454837, -115.99993985 46.6847082679, -115.999825711 46.6848683828, -115.999657738 46.6851122889, -115.999649663 46.6852313331, -115.999802745 46.6852993646, -116.000016781 46.6853983077, -116.000290731 46.6855243417, -116.000336837 46.6857463232, -116.000382771 46.6859213295, -116.00045167 46.686234309, -116.000733782 46.6863982445, -116.000985937 46.6865512828, -116.001587757 46.6871422058, -116.00175586 46.6874201494, -116.002251748 46.6877141999, -116.002655942 46.6878092356, -116.002800775 46.6879512464, -116.002945782 46.688099292, -116.00309882 46.6882442984, -116.003350801 46.6884962363, -116.003663781 46.6885802446, -116.003945718 46.6886561776, -116.004189798 46.6889272181, -116.004326947 46.6890831218, -116.004540853 46.6893201683, -116.004639926 46.6896631477, -116.004815931 46.689911265, -116.004929939 46.6900752005, -116.005136117 46.690373115, -116.00508988 46.6905712615, -116.005037044 46.6907581636, -116.004837899 46.6910862516, -116.004738999 46.6912542246, -116.004639926 46.6914221977, -116.004471953 46.6916932817, -116.00449492 46.6919331502, -116.004532951 46.6922881989, -116.004671098 46.6925210776, -116.005051979 46.6927000781, -116.005394958 46.692864057, -116.00561694 46.6930700617, -116.005777011 46.6932150681, -116.005929225 46.6933641122, -116.006226965 46.6936381918, -116.006471045 46.6937261942, -116.006822056 46.6938481039, -116.007120145 46.6942371901, -116.007303183 46.6943821966, -116.00748609 46.6945231654, -116.00766127 46.6946641343, -116.007844309 46.6948061451, -116.008012151 46.6949390822, -116.008249328 46.6951301955, -116.008226188 46.6953891666, -116.008203091 46.6955881815, -116.00818833 46.6957901486, -116.00816519 46.6959730565, -116.008150255 46.6961601322, -116.008317056 46.6963391761, -116.00870714 46.6964230107, -116.008981394 46.6964840089, -116.0092642 46.6965410129, -116.009607223 46.696616946, -116.009859334 46.6968389274, -116.010019449 46.69698007, -116.010187248 46.6971250764, -116.01034732 46.6972699092, -116.010667202 46.697552064, -116.010881239 46.6976630331, -116.011087113 46.6977730035, -116.011499166 46.6979870835, -116.011743246 46.6980559832, -116.011987326 46.6981200205, -116.012239481 46.6981850564, -116.01252932 46.698265027, -116.012994339 46.6983260252, -116.013254526 46.6983649252, -116.013513324 46.6983989626, -116.013772338 46.6984330001, -116.014223291 46.6984939983, -116.014429296 46.6986390048, -116.01461941 46.698776978, -116.014802492 46.6989058775, -116.015085472 46.6991119256, -116.015443342 46.699180999, -116.015695497 46.6992309264, -116.015955337 46.6992839362, -116.016382281 46.6993679011, -116.016611643 46.6995199408, -116.01680141 46.6996429792, -116.017000555 46.6997719221, -116.017190323 46.6998979561, -116.017381436 46.70002386, -116.017572376 46.7001499375, -116.017770522 46.7002828745, -116.017908496 46.7007829298, -116.018106469 46.7010159387, -116.018449448 46.7011839117, -116.018671386 46.701289888, -116.018884467 46.7013969931, -116.019136579 46.7015188593, -116.01956374 46.7018127362, -116.019998586 46.7019957743, -116.020402607 46.7020187409, -116.02066262 46.7020308537, -116.020929493 46.7020457451, -116.021394686 46.7020687117, -116.021379577 46.7022477556, -116.021356437 46.7025458003, -116.021257537 46.7026598084, -116.021326437 46.7029578532, -116.02189053 46.7032088359, -116.022279486 46.7032738718, -116.022554737 46.7033198049, -116.02282161 46.7033617005, -116.023279596 46.7034378072, -116.023294531 46.7036057803, -116.023302563 46.7038387892, -116.023317671 46.7040098013, -116.022920683 46.7040067622, -116.022661539 46.7040027681, -116.022386591 46.7039987304, -116.022096578 46.7039987304, -116.021806565 46.7039946928, -116.021524584 46.7039908723, -116.021020664 46.7039868347, -116.020753618 46.7041018413, -116.020525645 46.7044188151, -116.020456746 46.7047698696, -116.02041854 46.7049527775, -116.020357672 46.7052687527, -116.020486572 46.7054637299, -116.020608612 46.7056427739, -116.02081466 46.7059517158, -116.020563547 46.7062457663, -116.02041854 46.7064098755, -116.020189526 46.7066837814, -116.020174764 46.7069057629, -116.020158701 46.7070847634, -116.020151972 46.7072718825, -116.020135734 46.7074507527, -116.020128658 46.7076307952, -116.020120799 46.7078138333, -116.020105691 46.7079927036, -116.020097659 46.7081717475, -116.020082724 46.708373758, -116.019983651 46.7087058402, -116.019937718 46.708881845, -116.019884752 46.7090607153, -116.019609673 46.7093588035, -116.019464667 46.7095148808, -116.019327692 46.7096677454, -116.019052961 46.7099728668, -116.01896878 46.7103237043, -116.018922846 46.710498754, -116.018884815 46.7106777545, -116.018838881 46.7108538028, -116.018800806 46.7110326731, -116.0187547 46.7112127155, -116.018716842 46.7113917594, -116.018671733 46.7115667657, -116.018625974 46.7117536678, -116.018548869 46.7120976457, -116.018915813 46.7122807272, -116.019243727 46.7122726955, -116.019510774 46.7122686578, -116.020006791 46.7122617983, -116.020288773 46.7123147647, -116.020547787 46.7123606979, -116.02080793 46.7124098004, -116.021067119 46.7124597712, -116.021318926 46.7125057044, -116.021600864 46.7125586708, -116.02186791 46.7128027505, -116.022012917 46.7129407238, -116.022166129 46.7130857302, -116.022478978 46.7131916631, -116.022898064 46.7133326754, -116.023104069 46.7134937454, -116.02328715 46.7136307201, -116.023462982 46.7137646557, -116.023638031 46.7139018041, -116.023814036 46.7140347411, -116.023997074 46.7141686768, -116.024188014 46.7143215414, -116.02429399 46.7147255624, -116.023760071 46.7146415541, -116.022943997 46.7142218169, -116.022737949 46.7141157103, -116.022363971 46.7139287649, -116.022096925 46.7138407624, -116.021861051 46.7137646557, -116.021624004 46.7136917184, -116.021303991 46.7135847869, -116.020884037 46.7136007203, -116.020608959 46.7136077535, -116.020341913 46.7136157853, -116.019908065 46.7136266825, -116.019693986 46.7137607918, -116.019487981 46.7138866956, -116.019273901 46.7140198063, -116.019075928 46.7143327859, -116.018976985 46.7144967213, -116.018870054 46.7146646944, -116.018671907 46.7149776739, -116.018655974 46.7151837221, -116.018633007 46.715362766, -116.018617942 46.7155418099, -116.018594975 46.7157206801, -116.018572009 46.7159617208, -116.018611039 46.7162817336, -116.018641039 46.7164877817, -116.018304919 46.7166217174, -116.018069088 46.7167127588, -116.017840073 46.7168047555, -116.017610929 46.7168957969, -116.017321089 46.7171977056, -116.017183941 46.7173497453, -116.017039108 46.7175026534, -116.016870961 46.717674664, -116.016527982 46.7179066744, -116.016337042 46.7180327085, -116.016146103 46.7181587859, -116.01587923 46.7183376562, -116.015696148 46.7185976693, -116.01558201 46.7187577408, -116.015475035 46.7189217197, -116.015360029 46.7190817912, -116.015246064 46.7192457701, -116.015132056 46.7194097055, -116.015017049 46.719573641, -116.014903215 46.7197377501, -116.014788078 46.7198986899, -116.014681103 46.7200588049, -116.014544128 46.7202527402, -116.014147184 46.7204587883, -116.013690197 46.7205697573, -116.013438259 46.7206267613, -116.013186104 46.7206837654, -116.012812126 46.7207758054, -116.01249207 46.72092867, -116.01227113 46.7210317809, -116.01205705 46.7211347181, -116.011843144 46.7212377856, -116.0114162 46.7214397961, -116.01117212 46.7215076973, -116.010684134 46.7216456706, -116.010554193 46.7217977103, -116.010424121 46.7219547862, -116.01029418 46.7221106898, -116.010165107 46.7222677657, -116.010035165 46.7224236694, -116.009905094 46.7225797467, -116.009753054 46.7227627848, -116.009394141 46.7229307579, -116.009173202 46.7230336951, -116.008952089 46.723136806, -116.008730107 46.7232437374, -116.008387128 46.7233996411, -116.008158156 46.7236026501, -116.007998041 46.7237436624, -116.007838144 46.7238848049, -116.007678202 46.7240298114, -116.007517263 46.7241707802, -116.007357191 46.7243157867, -116.007197076 46.7244607932, -116.007037135 46.7246018055, -116.006793055 46.7248197059, -116.006655082 46.7251127579, -116.006655082 46.7254337692, -116.006655082 46.7256126395, -116.006655256 46.7258907567, -116.006739264 46.7261548074, -116.006793229 46.7263336777, -116.00685427 46.7265126782, -116.006915269 46.7267146887, -116.006739264 46.7269898102, -116.006632115 46.7271617775, -116.006518151 46.7273297505, -116.006053435 46.7277416297, -116.005839225 46.7278477797, -116.005633177 46.7279547111, -116.005419271 46.7280616859, -116.005198331 46.7281756506, -116.004786278 46.7283816987, -116.004855178 46.7285428122, -116.005084149 46.7286757492, -116.005381369 46.7286686726, -116.005747359 46.7286567768, -116.00595319 46.7285196719, -116.006419381 46.7284967053, -116.006747296 46.7286567768, -116.007105383 46.72870271, -116.007365396 46.7287367475, -116.007807275 46.7287937515, -116.008097288 46.7289047205, -116.008410268 46.7290267604, -116.008708313 46.7292406667, -116.008898254 46.7293736037, -116.009242275 46.7296175098, -116.009326587 46.7299685644, -116.009402347 46.7302815439, -116.00957032 46.7304035838, -116.009745326 46.7305336555, -116.009928408 46.7306706302, -116.010119347 46.7308045658, -116.010432327 46.7310375747, -116.010539432 46.7312355476, -116.010638331 46.7314035206, -116.010729373 46.7315716674, -116.010829445 46.7317426795, -116.010996593 46.7320445882, -116.011271367 46.7321545587, -116.011500338 46.7322465987, -116.011721452 46.7323346011, -116.011950466 46.7324256426, -116.012179611 46.7325176392, -116.012423517 46.7326165823, -116.012896612 46.7327156555, -116.01314855 46.7327655829, -116.013400531 46.7328185494, -116.013751542 46.7328904882, -116.014384578 46.7329134548, -116.014559584 46.7330664931, -116.014727557 46.7332155371, -116.014880769 46.7333525118, -116.015215543 46.7334094724, -116.015475556 46.7334515851, -116.015734527 46.7334975183, -116.016078549 46.7335544789, -116.016207448 46.7337184578, -116.016505493 46.7338566047, -116.016818646 46.7339285001, -116.017069629 46.7339855041, -116.017504648 46.7340845774, -116.017848626 46.7341234773, -116.018305614 46.7341766174, -116.018672558 46.7343365153, -116.018534585 46.7345234608, -116.018076773 46.7345195968, -116.017817628 46.7345195968, -116.017558613 46.7345195968, -116.017275634 46.7345195968, -116.016787648 46.7344325929, -116.016535536 46.7343824485, -116.016276522 46.7343365153, -116.015803601 46.7341955464, -116.015566554 46.7341234773, -116.015322475 46.73405054, -116.015078568 46.7339784709, -116.014842694 46.7339055335, -116.01451465 46.7338064602, -116.014102597 46.7337305272, -116.01383555 46.7336805564, -116.013575537 46.7336344495, -116.013323556 46.7335855207, -116.013018478 46.7335285167, -116.012820505 46.7336885882, -116.012751605 46.7339625375, -116.012522764 46.7340354315, -116.012385486 46.7339856778, -116.012103505 46.733699659, -116.011958498 46.7335506584, -116.011813492 46.7333985752, -116.011668659 46.7332495746, -116.011424753 46.7330016309, -116.010829445 46.7329105894, -116.010462327 46.7327726162, -116.010249419 46.7325625739, -116.010096381 46.7324175674, -116.009951374 46.7322695653, -116.009799334 46.7321205212, -116.009646426 46.7319755147, -116.00950142 46.7318266443, -116.009303447 46.7316286714, -116.008883362 46.7315366314, -116.008631381 46.7314836649, -116.008380442 46.7314295263, -116.008135363 46.7313725223, -116.007739548 46.7312885574, -116.007632269 46.7310375747, -116.007540403 46.7308045658, -116.007174283 46.7304877223, -116.006747296 46.7305106889, -116.006327385 46.730659733, -116.00609837 46.7307436978, -116.005862322 46.7308236684, -116.005480312 46.7309608168, -116.005129258 46.7309537835, -116.004862385 46.7309497459, -116.004481331 46.7309416707, -116.004130319 46.730808777, -116.003893273 46.7307247688, -116.003665257 46.7306407606, -116.003420352 46.7305487639, -116.002818532 46.7306407606, -116.002436305 46.7307507745, -116.002192399 46.7308196308, -116.001956395 46.7308927419, -116.001711273 46.7309608168, -116.001467367 46.7310297165, -116.000987413 46.7311706854, -116.000689368 46.7312276894, -116.00043756 46.7312737963, -116.000186274 46.7313197295, -115.999941369 46.7313686583, -115.999529316 46.7314457636, -115.999209304 46.7314457636, -115.998942387 46.7314457636, -115.998499336 46.7314457636, -115.998141248 46.73152174, -115.997897342 46.7315748801, -115.997645404 46.7316288451, -115.997393249 46.7316818115, -115.997004337 46.7317658197, -115.996653326 46.7318918538, -115.996371345 46.7319988286, -115.99595139 46.731937787, -115.995692419 46.7318997554, -115.995425373 46.7318608554, -115.994975245 46.7317927805, -115.994654407 46.7318157471, -115.994242354 46.7318417528, -115.9938913 46.7319297552, -115.993647394 46.731994791, -115.993403488 46.7320558327, -115.993151333 46.7321208685, -115.992907426 46.7321857307, -115.992663347 46.7322467723, -115.992281467 46.7323459759, -115.992037388 46.7325288837, -115.99185435 46.7326658584, -115.991587477 46.7328688675, -115.991229389 46.7329909073, -115.990855368 46.7331199805, -115.990679363 46.7333260286, -115.990550594 46.7334788932, -115.990420348 46.7336349705, -115.99029045 46.7337840146, -115.99029045 46.7340168498, -115.990008469 46.7343109004, -115.989863463 46.7344629401, -115.98959659 46.7347448778, -115.98957345 46.7349398551, -115.989550483 46.7351229366, -115.989527517 46.7353100123, -115.989497517 46.7355239186, -115.989207504 46.7357679983, -115.989039531 46.7359130048, -115.988764583 46.7361419761, -115.98878069 46.7363669532, -115.98878755 46.7365538987, -115.988802658 46.7369200183, -115.98866551 46.7372138518, -115.988711617 46.7374539373, -115.988741616 46.7376478726, -115.988772658 46.7378307805, -115.988802658 46.7380367852, -115.988505612 46.7382168277, -115.988307639 46.7383348733, -115.988101591 46.7384569132, -115.987895716 46.7385789531, -115.987689538 46.738700993, -115.98734556 46.7389068674, -115.987200554 46.7391128721, -115.987086719 46.7392769813, -115.986880671 46.7395748957, -115.98689578 46.7397849381, -115.986910671 46.740096919, -115.987139686 46.7402767878, -115.987315864 46.7404177567, -115.987803676 46.7404868301, -115.988062691 46.7405208676, -115.988322878 46.740558769, -115.988581719 46.740592763, -115.988841862 46.740627799, -115.989100703 46.7406658741, -115.989359717 46.7406997379, -115.98961973 46.7407377695, -115.989878702 46.7407728055, -115.990138715 46.7408107069, -115.990397729 46.7408447443, -115.990649667 46.7408787818, -115.991068797 46.7409367844, -115.99132881 46.7410658575, -115.991572716 46.7411877237, -115.991152761 46.741363772, -115.990901648 46.7414436992, -115.990656744 46.7415238435, -115.990412664 46.7416038141, -115.99017679 46.7416807457, -115.98984067 46.7417868522, -115.98952769 46.7416608182, -115.989146983 46.7415087784, -115.988802658 46.7415578809, -115.988535785 46.7415967809, -115.98801793 46.7416728876, -115.987559944 46.7415087784, -115.987246791 46.741397766, -115.986826706 46.7413178388, -115.986567692 46.7412688665, -115.986186811 46.7411959292, -115.985850865 46.7410629921, -115.98562172 46.7409709955, -115.985392748 46.7408829496, -115.985148973 46.7407879139, -115.984622781 46.7407879139, -115.983988747 46.7409709955, -115.983714841 46.7410968559, -115.983355755 46.7412648289, -115.98302771 46.7412569708, -115.982760794 46.7412529332, -115.98236385 46.7412418623, -115.98196773 46.7411770002, -115.981707891 46.7411349309, -115.981265795 46.7410629921, -115.980944783 46.7411119643, -115.980685769 46.7411538599, -115.980425799 46.7411959292, -115.980158753 46.7412380418, -115.979899912 46.7412799374, -115.979647757 46.7413220066, -115.979266746 46.7413830483, -115.979006733 46.7415699503, -115.978823825 46.7417070553, -115.978541844 46.7419090658, -115.978404913 46.7421610471, -115.978434739 46.742340091, -115.978472814 46.7426190331, -115.978571887 46.7428250378, -115.97883876 46.742946904, -115.979060872 46.7430500149, -115.979290016 46.7431569897, -115.979518858 46.7432598835, -115.979807872 46.7433929943, -115.979931084 46.7436599104, -115.980013877 46.7438278834, -115.980097885 46.7439998507, -115.980175164 46.744174857, -115.980341965 46.7445150144, -115.980083124 46.7444648699, -115.979831012 46.7444159411, -115.979510999 46.7443548995, -115.979144836 46.744190964, -115.978907964 46.7440838589, -115.978510845 46.7439879549, -115.978152931 46.7440189533, -115.97767988 46.7440570284, -115.977343934 46.744172035, -115.977015846 46.7444080395, -115.976832938 46.7445420186, -115.976482101 46.7447889203, -115.976382854 46.744975996, -115.976214881 46.7452740842, -115.976199946 46.7454990613, -115.976183882 46.7456819257, -115.976177153 46.7458690449, -115.976162088 46.7460559469, -115.976145981 46.746238985, -115.976131046 46.7464150333, -115.976123014 46.7465978977, -115.975750165 46.7467850169, -115.975359907 46.746986984, -115.975231181 46.7471850003, -115.975124076 46.7473529733, -115.974926233 46.7476729861, -115.974703948 46.747795026, -115.97449104 46.7479140268, -115.974262069 46.748035893, -115.974254168 46.7482379036, -115.974247134 46.7484209851, -115.974247134 46.7486080608, -115.974239102 46.7487949628, -115.974231071 46.7490660468, -115.974018163 46.7492449171, -115.97385019 46.7493820654, -115.973674315 46.7495270719, -115.973507167 46.7496680407, -115.973209122 46.7499129454, -115.973133189 46.7501149559, -115.97306429 46.750285968, -115.972995042 46.7504619729, -115.972927141 46.7506410168, -115.972843176 46.7508510591, -115.972683235 46.7511519692, -115.972591195 46.7513239799, -115.972499198 46.7514919529, -115.972408157 46.7516639202, -115.972316117 46.7518310684, -115.972225249 46.7519990414, -115.972049244 46.7523160586, -115.972072211 46.7525029606, -115.972095177 46.7526860422, -115.972118318 46.7529109758, -115.972278216 46.7532009888, -115.972370256 46.7533729995, -115.972553337 46.7537039094, -115.972553337 46.7540289584, -115.972408331 46.7542309689, -115.972293324 46.7543949478, -115.97217949 46.7545590569, -115.97205745 46.7547229923, -115.971943311 46.7548869278, -115.971828305 46.7550470427, -115.971691504 46.75524202, -115.971759405 46.755718935, -115.971859303 46.7559090497, -115.971950345 46.7560770228, -115.972042385 46.7562449959, -115.972194424 46.756520074, -115.97239357 46.75688602, -115.972561369 46.7570000281, -115.972591369 46.7572409385, -115.972614335 46.7574159448, -115.972644335 46.7575949887, -115.972667475 46.7577750312, -115.972690442 46.7579810359, -115.972561369 46.7582319753, -115.972660442 46.7585989632, -115.972858415 46.7588730428, -115.97320947 46.759086949, -115.973560351 46.7593080622, -115.973598382 46.7594949642, -115.973636588 46.7596740082, -115.973674663 46.7598579146, -115.973713563 46.7600409961, -115.973758497 46.7602888964, -115.9739955 46.7605630194, -115.97436149 46.7607919907, -115.974567494 46.7609219321, -115.974765467 46.761043972, -115.975124554 46.7612689057, -115.975093555 46.7616390629, -115.974994482 46.7617729985, -115.97502548 46.7619820423, -115.975063555 46.762229986, -115.975399502 46.7626160766, -115.975406535 46.7628180871, -115.97541474 46.7630009515, -115.975429675 46.7632829327, -115.975765621 46.7635769832, -115.975727546 46.7638170254, -115.97570458 46.7640039274, -115.975666548 46.7642639405, -115.975978659 46.764430915, -115.976223607 46.7645650243, -115.976444547 46.7646830266, -115.976596586 46.7647629972, -115.976429612 46.7649499427, -115.976131567 46.7650530102, -115.975872726 46.7651410126, -115.97556678 46.7652479874, -115.975330602 46.7654270313, -115.975185769 46.7657130067, -115.975093729 46.7658920506, -115.975002687 46.7660719194, -115.975002687 46.7665979803, -115.975116696 46.766769991, -115.975238735 46.7669530291, -115.975353872 46.7671280354, -115.975505955 46.7673530125, -115.975231832 46.7674559497, -115.974842746 46.7676009562, -115.9744379 46.7679451078, -115.974369869 46.7681321835, -115.974239754 46.7684711687, -115.974269754 46.7686621083, -115.974300795 46.7688411522, -115.974346902 46.7690890959, -115.974239754 46.7693682117, -115.974109856 46.7697071535, -115.973964849 46.7698710889, -115.973828048 46.7700281648, -115.973682868 46.7701840684, -115.973545763 46.7703401458, -115.973384823 46.7705270912, -115.97271393 46.7706420545, -115.972553988 46.7708021694, -115.97240095 46.7709540354, -115.97224891 46.7711030795, -115.971798956 46.7712671886, -115.97156191 46.7713511969, -115.971332938 46.7714351617, -115.971058989 46.7715380989, -115.970668904 46.7717251746, -115.970447965 46.7718281119, -115.970234883 46.7719350867, -115.970020977 46.7720381542, -115.969806897 46.7721412651, -115.969594033 46.7722442023, -115.969356986 46.772358167, -115.968990867 46.7726022467, -115.968799927 46.7727281505, -115.968564053 46.772889264, -115.968129033 46.7729231278, -115.967702046 46.7729571652, -115.967450108 46.7731251383, -115.967250919 46.7732622432, -115.967061022 46.7733961788, -115.966832007 46.7735522562, -115.966832007 46.7738272041, -115.967099053 46.7739412121, -115.967389066 46.7739802423, -115.967648081 46.7740141061, -115.967914954 46.7740481436, -115.968190032 46.7740862186, -115.968449046 46.7741212546, -115.968800101 46.7741661458, -115.969075005 46.7743842634, -115.969250185 46.774521238, -115.969464092 46.7746892111, -115.969875971 46.7748422494, -115.970333957 46.7750102224, -115.970447965 46.7751701637, -115.970631003 46.7754222752, -115.970905951 46.7756081787, -115.971097064 46.7757421144, -115.971287005 46.7758722294, -115.971532083 46.7760361649, -115.971912964 46.7760621271, -115.972171935 46.7760780605, -115.972431948 46.7760971631, -115.972699168 46.7761161355, -115.972966041 46.7761350645, -115.973232914 46.776150173, -115.97349996 46.776169102, -115.973926948 46.7762001004, -115.974278002 46.7762490726, -115.974538016 46.7762911419, -115.974788955 46.7763292169, -115.975048968 46.7763680734, -115.975422946 46.7764210399, -115.975804 46.7765350479, -115.976284953 46.7766731948, -115.976521174 46.7769932076, -115.976254085 46.776955176, -115.975995113 46.7769211385, -115.9757351 46.7768830635, -115.975476259 46.7768441635, -115.975224148 46.7768061319, -115.974957275 46.7767680568, -115.974461041 46.7768220652, -115.974202069 46.7768520651, -115.97394223 46.7768790693, -115.973675314 46.7769090691, -115.973263087 46.7769511384, -115.972890108 46.7769660732, -115.972630095 46.776974105, -115.972363222 46.7769861744, -115.971959071 46.7769970716, -115.971623125 46.776913237, -115.971379175 46.7768482011, -115.971127064 46.7767872029, -115.970883158 46.7767221237, -115.970631177 46.7766572615, -115.970379239 46.7765962633, -115.970135333 46.776532226, -115.969731138 46.7764292887, -115.969533165 46.7762492463, -115.969365192 46.7761012007, -115.96916622 46.7759251959, -115.968739059 46.7758071502, -115.968495153 46.7757382504, -115.968243345 46.7756692204, -115.967770121 46.7755401038, -115.967503074 46.7755441415, -115.967236332 46.7755511747, -115.966969155 46.7755552123, -115.966504093 46.7755632441, -115.966221156 46.7756661813, -115.965977033 46.7757531852, -115.965733127 46.7758411876, -115.965489047 46.7759291901, -115.965260076 46.7760093344, -115.964978269 46.7761122716, -115.965077168 46.7765013578, -115.965443114 46.7767722681, -115.965413114 46.7768713414, -115.965634054 46.7769972452, -115.965848134 46.7771152475, -115.966054182 46.7772371137, -115.966443094 46.7774592254, -115.966427161 46.777794173, -115.966427161 46.7779812487, -115.966420128 46.7781681942, -115.9664124 46.7783971655, -115.966580199 46.778691216, -115.966778346 46.7787822575, -115.966908114 46.7789771913, -115.967030154 46.7791411702, -115.967213235 46.779404179, -115.967160225 46.7796412255, -115.967122194 46.779827129, -115.96707626 46.7800412089, -115.967381208 46.7803392536, -115.967946126 46.7806552722, -115.967908224 46.7808842435, -115.967618385 46.7811211164, -115.967435347 46.7812691619, -115.967084292 46.7815482776, -115.967007361 46.7817273215, -115.966931428 46.7818992888, -115.96677852 46.7822352349, -115.966817246 46.7824183165, -115.966847246 46.7826082576, -115.966878288 46.7827922942, -115.966916319 46.7829943047, -115.966580373 46.7832233194, -115.966283327 46.7834293241, -115.966275469 46.7836803069, -115.966267393 46.783863345, -115.966252328 46.7841992911, -115.965985456 46.7845003749, -115.965893589 46.784703384, -115.965787439 46.7849353943, -115.965459395 46.7853472735, -115.965428353 46.7855343492, -115.965398353 46.7857172571, -115.965359497 46.7859623354, -115.965062407 46.7861713791, -115.964924434 46.7863772536, -115.964291442 46.7866483375, -115.964070502 46.7869763821, -115.963963571 46.787140361, -115.963826596 46.7873393324, -115.963544441 46.7875872761, -115.963376468 46.7877322826, -115.963215572 46.7878732515, -115.96305563 46.788014394, -115.962735618 46.7882963751, -115.962613578 46.7884603106, -115.962498571 46.7886244197, -115.962376531 46.7887883986, -115.962201699 46.7890294393, -115.96190361 46.789185343, -115.961682671 46.7892963554, -115.961270618 46.7895093933, -115.96106457 46.7898374813, -115.960957639 46.7900054544, -115.960850534 46.7901774217, -115.96075159 46.7903414005, -115.960637626 46.7905164068, -115.960698624 46.790867418, -115.960744557 46.7911343341, -115.961003745 46.7913143766, -115.961194685 46.7914434497, -115.961507665 46.791657356, -115.961804711 46.7917944609, -115.962208732 46.7919773687, -115.962506777 46.7922754135, -115.962742825 46.7923894216, -115.962948656 46.7924923588, -115.963162735 46.7925954697, -115.963368784 46.7926943693, -115.964108707 46.7930423848, -115.964162716 46.7931263496, -115.963940734 46.7933164644, -115.963437683 46.7934083308, -115.963185702 46.7934544376, -115.962926731 46.7934963332, -115.96267475 46.7935414415, -115.962422812 46.7935833371, -115.962163797 46.7936254063, -115.961911642 46.7936713395, -115.96164477 46.7937174464, -115.96123975 46.7936904422, -115.96111771 46.7934764057, -115.961018637 46.793301356, -115.960919737 46.7931293887, -115.960812806 46.7929394476, -115.960477685 46.7927783341, -115.960042665 46.7929124434, -115.959836791 46.7931483177, -115.959675721 46.7933243226, -115.959302698 46.7935414415, -115.95908076 46.7936713395, -115.958882787 46.7939764609, -115.958714814 46.794220367, -115.958569807 46.7944874134, -115.958462833 46.7946704949, -115.958363759 46.7948505374, -115.958272761 46.7950144728, -115.958165786 46.7952164833, -115.957822807 46.7951365127, -115.957562794 46.7950025771, -115.95728789 46.7948615648, -115.956784795 46.7949264704, -115.95646374 46.7951785819, -115.956288734 46.795311519, -115.956113728 46.7954454546, -115.955937723 46.795582603, -115.955762847 46.7957165386, -115.955586842 46.7958535133, -115.955411836 46.7959876225, -115.955235961 46.7961245538, -115.955060955 46.7962574909, -115.954831984 46.796574508, -115.954716977 46.7967384435, -115.954602969 46.796902596, -115.954396964 46.7971926089, -115.954297891 46.7974024776, -115.954220916 46.7975815215, -115.954091843 46.7978565996, -115.953816938 46.7979895367, -115.953595999 46.7980965115, -115.953374842 46.798203443, -115.953099938 46.7983365537, -115.952902138 46.7986805316, -115.95279499 46.7989705446, -115.952733992 46.7991415567, -115.952664918 46.7993215991, -115.952398046 46.7996226829, -115.952139205 46.7999165598, -115.952001058 46.8002095684, -115.952031926 46.8004546467, -115.952046991 46.8006375546, -115.952069958 46.8008165985, -115.952099957 46.801148507, -115.951902158 46.8014495908, -115.951376271 46.8016556389, -115.951276199 46.801823612, -115.951139094 46.8020676917, -115.95078118 46.8021826549, -115.950529199 46.8022626256, -115.950285119 46.8023425962, -115.950010214 46.8024305986, -115.949827133 46.8027166174, -115.949674095 46.8029566595, -115.949644095 46.8033645011, -115.949407222 46.8035286536, -115.949079134 46.8037576249, -115.948896226 46.8039445704, -115.948759121 46.8040976087, -115.948515215 46.804348548, -115.9482862 46.8045316295, -115.948118227 46.8046696027, -115.947912223 46.8048296743, -115.947706175 46.8051307581, -115.947515235 46.8054016683, -115.947233254 46.8055087734, -115.947004282 46.8055967759, -115.946775137 46.8056847783, -115.946539263 46.805767788, -115.946302217 46.8058557904, -115.946073202 46.8059437928, -115.945684289 46.8060887993, -115.945356418 46.8061687699, -115.945104264 46.8062298116, -115.944860357 46.8062908098, -115.944616278 46.8063478139, -115.944364296 46.8064086818, -115.94412039 46.8064696801, -115.943868279 46.8065307217, -115.943624373 46.8065887243, -115.943220352 46.8066877976, -115.942884405 46.8067866972, -115.942640326 46.8068587663, -115.942404451 46.8069317037, -115.9420603 46.807030777, -115.941724354 46.8072218903, -115.941480274 46.8073548274, -115.941244573 46.807488763, -115.940962288 46.8076448403, -115.940962288 46.8078967782, -115.941267366 46.8080798597, -115.941473414 46.8082017259, -115.941686452 46.8083317976, -115.941915467 46.8084647347, -115.942144438 46.8086028815, -115.942457418 46.8087897836, -115.942724334 46.8091557296, -115.942762366 46.8095446855, -115.942854406 46.809723686, -115.942960339 46.8099337718, -115.943296458 46.8101397765, -115.94349543 46.8102577787, -115.943693446 46.8103796884, -115.943929451 46.810528689, -115.944189464 46.8108147078, -115.94434133 46.8109826808, -115.944494411 46.8111508276, -115.944631343 46.8113066878, -115.944792456 46.8114867737, -115.945127404 46.8114827361, -115.945471382 46.811333692, -115.945722364 46.8112196839, -115.945959411 46.8111167901, -115.946218382 46.8110746775, -115.94652333 46.8110287443, -115.946882416 46.8108106702, -115.947080389 46.810688804, -115.947424367 46.8104797602, -115.947958633 46.8103377494, -115.948217474 46.810360716, -115.948522422 46.8103836826, -115.948354449 46.8106356639, -115.948065435 46.8108376744, -115.947874321 46.8109717837, -115.947691413 46.8111006831, -115.947500474 46.8112307548, -115.947317609 46.8113606962, -115.947134528 46.8114897693, -115.946958349 46.8116156732, -115.946623402 46.8118486821, -115.946623575 46.8120317636, -115.946623575 46.812374743, -115.946836483 46.8125127162, -115.947035454 46.8126387503, -115.947241503 46.8127716873, -115.947439649 46.8128977648, -115.947790487 46.8131267361, -115.947759488 46.813401684, -115.947630589 46.8136306553, -115.947660589 46.8139776723, -115.947897635 46.8142936909, -115.948095608 46.8144807666, -115.948263755 46.8146298107, -115.948423522 46.8147748171, -115.948629701 46.8149576816, -115.948599701 46.8152287655, -115.948576561 46.8154078094, -115.948560627 46.8155907173, -115.948538833 46.8157737554, -115.948515519 46.8159606575, -115.948499629 46.816143739, -115.948232583 46.8160378061, -115.948156606 46.8156367807, -115.948095608 46.8153427736, -115.947897809 46.8150716897, -115.947622687 46.8148507502, -115.947393542 46.8146636744, -115.947363542 46.8145226622, -115.947263471 46.8144537624, -115.947225569 46.8142747619, -115.947050563 46.8140576429, -115.946928523 46.8138977451, -115.946729508 46.813652797, -115.946485602 46.8134546504, -115.946264489 46.8132677484, -115.945898543 46.8131537403, -115.945615563 46.8131376333, -115.945356549 46.8131187043, -115.945089676 46.8131037695, -115.944830531 46.8130846669, -115.94433447 46.8129707022, -115.944082706 46.8129096605, -115.943838756 46.812851658, -115.943563678 46.8127867958, -115.943067487 46.8125618187, -115.942831786 46.8123068417, -115.942709747 46.8119557871, -115.942594566 46.8116428076, -115.942411485 46.8114678013, -115.942259445 46.8113227948, -115.942106407 46.8111777884, -115.941946639 46.8110287443, -115.941793427 46.8108837378, -115.941633312 46.8107308732, -115.941435339 46.8104378212, -115.941206368 46.8103037119, -115.941000494 46.8101857097, -115.940763447 46.810048735, -115.940336459 46.8099067676, -115.940069413 46.8098227593, -115.939588461 46.8097657987, -115.939329489 46.8097357554, -115.939069476 46.8097047571, -115.938604457 46.8095448158, -115.938368409 46.8094648886, -115.938070495 46.8093617777, -115.937505403 46.8094338468, -115.937284464 46.8096588239, -115.937147316 46.8098117319, -115.937002483 46.8099677658, -115.936849445 46.8101208475, -115.936704438 46.8102807453, -115.936468564 46.8106658374, -115.936460532 46.8109558503, -115.936453629 46.8111397567, -115.936445597 46.8113188006, -115.936437565 46.8115588428, -115.936231517 46.8118297531, -115.936002546 46.8121309671, -115.935766498 46.8122039045, -115.935522592 46.8122798375, -115.935110713 46.8124018774, -115.934911524 46.8126038879, -115.934644478 46.8128830037, -115.934591685 46.8130928723, -115.934545578 46.813267922, -115.934477547 46.8135279351, -115.934301672 46.8137748369, -115.934194567 46.813939988, -115.934080559 46.8141039234, -115.933881588 46.8143929378, -115.933912586 46.8146909825, -115.934171601 46.8149278554, -115.934446505 46.8151719351, -115.934377605 46.8153509791, -115.934179632 46.8154649871, -115.933889793 46.8154919479, -115.933630605 46.8155109203, -115.933363559 46.8155338869, -115.933096686 46.8155569838, -115.932829639 46.8155799504, -115.932516834 46.8156069546, -115.932104781 46.8157779667, -115.931852669 46.8158808605, -115.931371717 46.8159038271, -115.931112876 46.8159189355, -115.930845656 46.8159310049, -115.930578783 46.8159459397, -115.930319942 46.8159570106, -115.930021724 46.8159729005, -115.929548803 46.8158130027, -115.92906785 46.8158280677, -115.928800804 46.8158389649, -115.928533758 46.8158470401, -115.928266711 46.8158579373, -115.928007697 46.8158659691, -115.927557743 46.8158810341, -115.927290696 46.8157859985, -115.92704679 46.815697996, -115.926809917 46.8156099936, -115.926420657 46.8154730189, -115.926099646 46.8155149145, -115.925832947 46.815548952, -115.925390721 46.8156099936, -115.925047698 46.8156180254, -115.924780652 46.8156260572, -115.924513779 46.8156329602, -115.924246906 46.815640992, -115.923986719 46.8156480252, -115.923658675 46.8156559268, -115.923124756 46.8158389649, -115.92292674 46.8160220464, -115.92292674 46.8162470235, -115.92292674 46.8165950391, -115.923116681 46.8167430412, -115.923391976 46.816960985, -115.923514016 46.8172050648, -115.923589775 46.817377032, -115.92367374 46.8175480442, -115.92379578 46.8178040197, -115.92378892 46.818071066, -115.923780888 46.8182539739, -115.923773855 46.818437012, -115.92376578 46.8187159975, -115.923606012 46.8189409312, -115.923498734 46.8191050837, -115.923383727 46.8192691928, -115.923269936 46.8194331283, -115.923132788 46.8196351388, -115.923094756 46.8199100433, -115.922987955 46.820119087, -115.922895915 46.8202870601, -115.922804873 46.8204590708, -115.922629042 46.8207750894, -115.922629042 46.8209851317, -115.9226369 46.8211871422, -115.922293096 46.8213901512, -115.922094949 46.8215081535, -115.921888901 46.8216301934, -115.921690928 46.8217520596, -115.921484924 46.8218701053, -115.921134043 46.8220801476, -115.920973928 46.8222710872, -115.920835998 46.8224271646, -115.92069885 46.8225870624, -115.920562049 46.8227441383, -115.920302036 46.8230412279, -115.920356044 46.8234041348, -115.920386044 46.8235950745, -115.92043901 46.8239110931, -115.920241037 46.8240452023, -115.920049924 46.8241741018, -115.919669217 46.8244341149, -115.919561938 46.8246050836, -115.919463039 46.8247730567, -115.919356064 46.8249410297, -115.919248959 46.8251091765, -115.919141984 46.8252731553, -115.919043084 46.8254411284, -115.919051116 46.8257841078, -115.919051116 46.8259631517, -115.919059365 46.8261431942, -115.919059365 46.8263220644, -115.919066051 46.8265051025, -115.919066051 46.826688184, -115.919074083 46.8269250569, -115.919173199 46.8270851284, -115.919142157 46.827474041, -115.918906283 46.8278631272, -115.918891218 46.8280921419, -115.918883143 46.8282711858, -115.918868252 46.8284540937, -115.918860176 46.8286341361, -115.918845459 46.8288891131, -115.918738136 46.8291641912, -115.918677138 46.8293391975, -115.918608238 46.8295150722, -115.918509339 46.8297821185, -115.918319224 46.8300072259, -115.918189152 46.8301631295, -115.918051353 46.8303162112, -115.91792228 46.8304722451, -115.917784133 46.8306291907, -115.917655364 46.8307852681, -115.91751726 46.8309421703, -115.917380459 46.8311091448, -115.917250387 46.8314992296, -115.917006308 46.8317501689, -115.916861431 46.8319032072, -115.916716295 46.8320522512, -115.916571288 46.8322041173, -115.916434487 46.832357199, -115.916182332 46.8326161701, -115.915946458 46.8327841432, -115.91576342 46.8329182525, -115.915580512 46.8330471953, -115.915313292 46.833234271, -115.915351367 46.8335551087, -115.915663348 46.833753125, -115.915862319 46.8338751649, -115.916114474 46.8340352364, -115.916648567 46.8342412845, -115.917006438 46.8342032095, -115.917281386 46.8341732096, -115.917601399 46.8339061633, -115.917784306 46.8337611568, -115.917983278 46.8333722443, -115.918311366 46.8330052563, -115.918540511 46.8328381516, -115.918715344 46.832704216, -115.918891392 46.8325701067, -115.919074256 46.8324371696, -115.919249306 46.8323031906, -115.919425484 46.8321741175, -115.919600317 46.8320401818, -115.919776322 46.8319111087, -115.920172311 46.8316851331, -115.920378316 46.8315751626, -115.920577331 46.831460156, -115.92077513 46.8313501855, -115.921401263 46.8309910991, -115.921660234 46.8310181033, -115.92161417 46.831190114, -115.921340221 46.8314071895, -115.921164564 46.8315441642, -115.920996417 46.8316780998, -115.920821411 46.8318150311, -115.920653264 46.8319491403, -115.920478388 46.832086115, -115.920302383 46.8322200506, -115.91998237 46.8324790652, -115.919829332 46.8326472119, -115.919699564 46.832799078, -115.919562285 46.8329561538, -115.919432344 46.8331120575, -115.919295369 46.8332650958, -115.919150537 46.8334361079, -115.91895239 46.8337492611, -115.918853317 46.8339172342, -115.918753592 46.8340852072, -115.918647486 46.8342531803, -115.91854737 46.8344211533, -115.918448644 46.8345852625, -115.918280324 46.8348551742, -115.917845305 46.8350841455, -115.917525466 46.8351381539, -115.917151444 46.8351991521, -115.916724327 46.8351802231, -115.916419379 46.8351641161, -115.916114474 46.8351491813, -115.915816386 46.8351341163, -115.915320369 46.8351111497, -115.915152526 46.8351761855, -115.915244566 46.835397125, -115.915335607 46.8355991356, -115.915427647 46.8358172531, -115.91551934 46.8360232578, -115.915694346 46.8363552097, -115.915786386 46.8365261784, -115.915885633 46.8367092599, -115.916419552 46.8369841644, -115.916777467 46.8369541646, -115.917250518 46.8369152646, -115.917403599 46.8370492003, -115.917281559 46.8372131791, -115.917029578 46.8374191838, -115.916854572 46.8375561585, -115.916686599 46.8376941317, -115.916587526 46.8378501656, -115.916365587 46.8379871403, -115.916167615 46.8381091802, -115.915885633 46.838285185, -115.915717487 46.8385291346, -115.915519514 46.8388112459, -115.915488646 46.8390332274, -115.915457647 46.8392122279, -115.915427647 46.8393910982, -115.915389572 46.8396541503, -115.915396779 46.8399292285, -115.915404681 46.8401082724, -115.915412539 46.8402881412, -115.915412539 46.8404671851, -115.915419572 46.8406421914, -115.915290673 46.8407301938, -115.915221599 46.8410011041, -115.915175666 46.8411801481, -115.915091701 46.841508236, -115.915091701 46.8417142407, -115.915091701 46.8418941096, -115.915091701 46.8421722268, -115.915221599 46.8424012415, -115.915221773 46.8426112838, -115.915221773 46.8428821941, -115.915343639 46.843137171, -115.915427821 46.8433091383, -115.915503754 46.8434771113, -115.915587719 46.8436481234, -115.915671901 46.8438201341, -115.91574766 46.843992275, -115.915831668 46.8441632872, -115.915915981 46.8443352544, -115.915992738 46.8445072651, -115.916091638 46.844705238, -115.916213678 46.8450252508, -115.916289785 46.8451972614, -115.916358684 46.8453730926, -115.916496006 46.8457162457, -115.916594732 46.8458842187, -115.916693806 46.8460521918, -115.916800911 46.8462161707, -115.916899854 46.8463841437, -115.916999752 46.8465482529, -115.917159823 46.8468111314, -115.917350763 46.8470322445, -115.91747988 46.8471881482, -115.91762506 46.8473562515, -115.917968864 46.8476122704, -115.918151772 46.8477492017, -115.918425852 46.8479552498, -115.918471785 46.8481921226, -115.91850999 46.8483751607, -115.91855575 46.8486192405, -115.918723896 46.8488941884, -115.918830871 46.8490611629, -115.918959944 46.849279237, -115.919425962 46.8495761529, -115.91973091 46.8496681496, -115.919989924 46.8497481202, -115.920234004 46.8498242269, -115.920623915 46.8499432711, -115.920639024 46.850141244, -115.92066199 46.850488261, -115.920867995 46.8506411256, -115.921127009 46.850835278, -115.921721927 46.8510372451, -115.922004906 46.8510831783, -115.922286888 46.8511291115, -115.922560967 46.8511752183, -115.922576901 46.8514721342, -115.922592009 46.8518392524, -115.922789982 46.8519721895, -115.923003888 46.852117196, -115.923362975 46.8523612757, -115.923210067 46.8526551526, -115.9231182 46.8528231257, -115.923034062 46.852998132, -115.92294302 46.8531741368, -115.922843947 46.8533572184, -115.922752081 46.8535362623, -115.922630041 46.8537801684, -115.922614976 46.8540661437, -115.922607074 46.8542532194, -115.922592009 46.8545811337, -115.922759982 46.854734172, -115.922912022 46.8548862551, -115.923072962 46.8550352558, -115.923263033 46.8552181637, -115.923729094 46.8553141979, -115.924240047 46.8552721287, -115.924522158 46.8552491621, -115.924896006 46.8552181637, -115.925025904 46.8553102037, -115.925155194 46.8556271774, -115.925232125 46.8558131243, -115.925209159 46.8560350624, -115.92519405 46.8562251772, -115.925094152 46.8562940769, -115.924789074 46.856328071, -115.924515125 46.856363107, -115.92424022 46.8563971444, -115.923797126 46.8564501109, -115.923294075 46.8562481438, -115.923027159 46.8562672464, -115.922661039 46.856290213, -115.922310202 46.8564662179, -115.92196618 46.85663723, -115.921867107 46.8569312371, -115.921463129 46.8570422496, -115.92109714 46.8571411492, -115.920845202 46.8573471539, -115.920677055 46.8574841286, -115.920502223 46.8576252711, -115.920334076 46.8577672819, -115.920166277 46.8579042132, -115.919868188 46.8581481193, -115.919761431 46.8583541674, -115.919662184 46.8585372055, -115.919632184 46.8588802283, -115.919601142 46.8591742354, -115.919632184 46.8594181849, -115.91965515 46.8595982274, -115.919670215 46.8597732337, -115.919723182 46.8599982108, -115.919571142 46.8601321464, -115.919037223 46.8598421335, -115.918831175 46.8595182567, -115.918579237 46.8593611809, -115.918373189 46.859235277, -115.918167184 46.8591062039, -115.917602223 46.8591510951, -115.917229244 46.8593271434, -115.916870158 46.8594952901, -115.916656252 46.8596853615, -115.91649618 46.859830368, -115.916336239 46.8599753744, -115.916054258 46.8602773265, -115.915909251 46.8604253287, -115.915764245 46.8605783669, -115.915626272 46.8607312749, -115.915481265 46.8608792771, -115.915336259 46.8610323587, -115.915191252 46.8611813594, -115.915039386 46.8613493325, -115.914841413 46.8616583178, -115.914734308 46.8618252923, -115.914635365 46.8619894014, -115.91452826 46.8621533369, -115.914421329 46.8623173158, -115.914268247 46.8625583565, -115.914139347 46.8629702356, -115.913872475 46.8632672818, -115.913811433 46.8634892633, -115.913765326 46.8636683072, -115.913704328 46.8638823437, -115.913513388 46.8641753957, -115.913338382 46.8644354088, -115.913292449 46.8646833525, -115.913261407 46.8648623964, -115.913231407 46.8650412667, -115.913193376 46.8652202672, -115.913162334 46.8654003096, -115.913109367 46.8657132892, -115.913101509 46.8659342721, -115.913101509 46.8661173102, -115.913101509 46.8662963541, -115.913093434 46.866479262, -115.913093434 46.8666593044, -115.913093434 46.8668423425, -115.913086574 46.8670213865, -115.913086574 46.8672042943, -115.913086574 46.8673833382, -115.913078543 46.8675633807, -115.913078543 46.867738387, -115.913078543 46.8680893982, -115.912956503 46.8682533771, -115.912842668 46.8684132749, -115.912720628 46.868577384, -115.912575622 46.8687763989, -115.912140776 46.8691423449, -115.912033628 46.8693373221, -115.911926523 46.8695082908, -115.911827623 46.8696803015, -115.911674541 46.8699433102, -115.911377842 46.8700502851, -115.910911651 46.8702143942, -115.91069857 46.8703442922, -115.910499598 46.8704663321, -115.910278659 46.8706033068, -115.910095577 46.8709084282, -115.909996678 46.8710764012, -115.909897604 46.8712443743, -115.909744696 46.8714963122, -115.909698763 46.8717673961, -115.909660731 46.8719504342, -115.909614798 46.8722283778, -115.90972173 46.8724654243, -115.909797663 46.8726364364, -115.909881671 46.8728084037, -115.909958776 46.8729834534, -115.910042784 46.8731594582, -115.910148717 46.8733953325, -115.910347689 46.8736623789, -115.910461697 46.8738263143, -115.910644778 46.8740784259, -115.910644778 46.8743074406, -115.910644778 46.8744903485, -115.910644778 46.8746733866, -115.910644778 46.8749253679, -115.910644778 46.8752153808, -115.910644778 46.8753984189, -115.910644778 46.8755813268, -115.910644778 46.8757603707, -115.910644778 46.8760664472, -115.910782708 46.876260426, -115.910904748 46.8764243614, -115.911018756 46.8765923345, -115.911148828 46.8767794102, -115.911232836 46.8770994664, -115.911316974 46.8774434443, -115.911461981 46.8776073798, -115.911606987 46.8777634571, -115.911744136 46.8779203593, -115.911880937 46.8780764366, -115.91204891 46.8782633821, -115.912117983 46.8784423826, -115.912125017 46.8787634373, -115.912132875 46.8789424813, -115.912132875 46.8791253457, -115.91214108 46.8793084272, -115.912147983 46.8795644027, -115.912285956 46.8798614489, -115.912597894 46.8801212883, -115.912765867 46.8802623006, -115.91293384 46.8804032695, -115.913101987 46.8805442384, -115.913276993 46.8806813867, -115.913437933 46.8808193599, -115.913720088 46.8810513703, -115.914033241 46.8811393727, -115.914285005 46.8812122667, -115.914750068 46.8813492413, -115.915032005 46.8813913106, -115.915292019 46.8814333798, -115.915542958 46.8814712812, -115.915803145 46.8815133505, -115.916061986 46.8815552895, -115.916313923 46.8815973587, -115.916572938 46.8816353903, -115.91682505 46.8816773293, -115.917085236 46.881715361, -115.917336045 46.8817572566, -115.917596059 46.8817993692, -115.917916071 46.8818492966, -115.918374057 46.8818563298, -115.918633028 46.8818603674, -115.918899945 46.8818644051, -115.919160088 46.8818644051, -115.919618074 46.8818722632, -115.919945988 46.8819143324, -115.920318967 46.8819633047, -115.92070102 46.8818603674, -115.920953002 46.8817953316, -115.921348948 46.8816893987, -115.92163896 46.8815282853, -115.92205084 46.8812992706, -115.922539867 46.8812842055, -115.922798839 46.8812771723, -115.923066059 46.8812690971, -115.923332931 46.8812612389, -115.923599978 46.8812542057, -115.923866894 46.8812461305, -115.92413394 46.8812382723, -115.92451595 46.8812272015, -115.924873864 46.8813222371, -115.925117944 46.8813871427, -115.92536185 46.8814521786, -115.925614005 46.8815172144, -115.925987982 46.881616114, -115.926323929 46.8817651581, -115.926552943 46.881868269, -115.926849989 46.8818221621, -115.927086862 46.8815931474, -115.927421984 46.8816892251, -115.927658856 46.8817532624, -115.927902936 46.8818221621, -115.928147016 46.881887198, -115.928390922 46.8819562714, -115.928635002 46.8820281668, -115.928886983 46.8820972403, -115.929139095 46.8821651415, -115.929390902 46.882234215, -115.929634982 46.8823032884, -115.930116108 46.8824362255, -115.930588986 46.8827572368, -115.931084048 46.8828712449, -115.931458026 46.8828212741, -115.931718039 46.8827912743, -115.931984912 46.8827572368, -115.932426964 46.8825892637, -115.932663837 46.8825010877, -115.932954024 46.8823901186, -115.933281938 46.8821772109, -115.933548984 46.8820012061, -115.934083077 46.8817951579, -115.934419023 46.8818070537, -115.934685896 46.8818140869, -115.934952942 46.8818221621, -115.935219989 46.8818330593, -115.935487035 46.8818410911, -115.935753908 46.8818491229, -115.936180895 46.8818640577, -115.936455973 46.8819901352, -115.936677087 46.8820892085, -115.936897896 46.8821921457, -115.937318154 46.8823870796, -115.937576995 46.8824591921, -115.937820901 46.8825280919, -115.938064981 46.8825931277, -115.938301854 46.8826611592, -115.938545933 46.8827260648, -115.939613945 46.8830081761, -115.939644987 46.883169116, -115.939438939 46.8832412285, -115.938865946 46.8831951216, -115.938576932 46.8831531826, -115.938325168 46.8831081177, -115.938072839 46.8830661787, -115.937820901 46.8830241095, -115.937454955 46.8829590737, -115.937119009 46.8828181048, -115.936882961 46.8827151676, -115.936455973 46.8825280919, -115.935982922 46.8826611592, -115.935722909 46.8827340966, -115.935318888 46.882844067, -115.935052016 46.8830201153, -115.934853044 46.8831421552, -115.934410991 46.8833360905, -115.934022209 46.8835081011, -115.933823064 46.8836911393, -115.933662993 46.8838442209, -115.933503225 46.883996087, -115.933342936 46.8841451311, -115.933121997 46.8843551734, -115.932801159 46.884374276, -115.932541971 46.884393205, -115.932267066 46.8844081398, -115.931991945 46.8844272425, -115.931718039 46.8844472134, -115.931290053 46.8844731756, -115.930970214 46.8844012802, -115.930718059 46.8843442762, -115.930466946 46.8842901375, -115.930215008 46.8842331335, -115.9299632 46.8841761295, -115.929711089 46.8841181269, -115.929458934 46.8840611228, -115.929054956 46.883970255, -115.928712107 46.883970255, -115.928451964 46.883970255, -115.928185047 46.883970255, -115.927926076 46.883970255, -115.92765903 46.883974119, -115.927399017 46.883970255, -115.927131971 46.883974119, -115.926864924 46.883974119, -115.926606083 46.883974119, -115.926339037 46.883974119, -115.925888909 46.883974119, -115.925423065 46.8840611228, -115.925042011 46.8840572589, -115.924775138 46.8840572589, -115.924507918 46.8840542632, -115.924241045 46.8840502256, -115.923973999 46.8840502256, -115.923707126 46.884046188, -115.923188098 46.8840423675, -115.922921052 46.8840842631, -115.922623007 46.8843823078, -115.922250158 46.8845953892, -115.922051187 46.8847103958, -115.921853214 46.8848283981, -115.921647166 46.8849424062, -115.921449367 46.8850574128, -115.921250222 46.8851713775, -115.921044173 46.885290248, -115.920785202 46.8854352545, -115.920518156 46.8854352545, -115.920319141 46.8853472521, -115.920045235 46.8851144168, -115.919854122 46.8849543019, -115.919434211 46.8849202645, -115.919167121 46.8849013355, -115.918900075 46.8848813645, -115.918420164 46.8848433329, -115.91812225 46.884771394, -115.917870138 46.8847142598, -115.917550125 46.8846372848, -115.917107204 46.8846143182, -115.916688292 46.8845923501, -115.916352346 46.8844083135, -115.91591012 46.8843323804, -115.91565028 46.8842862736, -115.915398125 46.8842443346, -115.914887346 46.8841573307, -115.914651125 46.8840693283, -115.91432308 46.8839543217, -115.914063067 46.8837223113, -115.913750912 46.8834474068, -115.913621014 46.8831503606, -115.913376935 46.8829823876, -115.913185995 46.8828563101, -115.913002913 46.8827264121, -115.912812147 46.8826003346, -115.912583003 46.8824444309, -115.912186015 46.8822873551, -115.911888969 46.882173347, -115.91135505 46.8820593389, -115.910942997 46.8820893822, -115.910661016 46.8821123487, -115.910255996 46.8821463862, -115.910042958 46.8819783697, -115.90986691 46.8818414385, -115.909692077 46.8817004262, -115.909508996 46.8815554197, -115.909248982 46.881349415, -115.908981936 46.881257375, -115.908387193 46.8811893001, -115.908456092 46.8810134689, -115.908554992 46.8807774209, -115.908554992 46.8803653681, -115.90827987 46.880197395, -115.907913924 46.8799803195, -115.907783853 46.8797474842, -115.907417907 46.8794912917, -115.907234999 46.8793623922, -115.907051961 46.8792363147, -115.906868879 46.8791064167, -115.906685971 46.878976345, -115.906479967 46.8788353328, -115.906097914 46.8786184309, -115.905891866 46.8785034242, -115.905685861 46.8783934538, -115.905418988 46.8782404155, -115.905166833 46.8779924718, -115.905022 46.8778434277, -115.904869961 46.8776954256, -115.904678847 46.8775083065, -115.904579948 46.8773052974, -115.904350933 46.8770994664, -115.904014987 46.8771193939, -115.90381684 46.8774054127, -115.903686942 46.8775844132, -115.903480894 46.8778744261, -115.903396929 46.8781034408, -115.90332117 46.8782784471, -115.903251923 46.8784573174, -115.903183848 46.8786333223, -115.903045875 46.8789724811, -115.903221923 46.8793084272, -115.903381995 46.8796363416, -115.903359028 46.8798274115, -115.903343963 46.8800103193, -115.90332117 46.8802084659, -115.903084948 46.8805175815, -115.902885977 46.8807814585, -115.902581029 46.8809034984, -115.902359916 46.8809985341, -115.902131075 46.8810936132, -115.901894072 46.8811854795, -115.901672959 46.8812805152, -115.901284003 46.881441455, -115.901170038 46.881635564, -115.901055032 46.8818305413, -115.900520939 46.8821044472, -115.900268958 46.8822725939, -115.900086093 46.8824025354, -115.899896152 46.882532607, -115.899712072 46.8826575123, -115.899522131 46.8827835464, -115.899255084 46.8829704918, -115.89888814 46.8830925317, -115.898652266 46.8831724589, -115.898354221 46.8832685366, -115.898034165 46.8834816179, -115.897843095 46.8836074783, -115.897523212 46.8838215583, -115.897210059 46.8839434245, -115.896973186 46.8840354645, -115.89674504 46.884126506, -115.896417169 46.8842565777, -115.896043148 46.8842104708, -115.895783308 46.884180471, -115.895509229 46.8841494726, -115.895219216 46.8841184742, -115.894723155 46.8841156088, -115.894463142 46.8841156088, -115.894090162 46.8841156088, -115.893678283 46.8840926422, -115.893411063 46.8840775337, -115.89315105 46.8840576062, -115.892892036 46.8840424977, -115.892556089 46.8840235688, -115.892121244 46.8839355663, -115.891892099 46.8838405307, -115.891518078 46.883684627, -115.891183173 46.8836916602, -115.890717112 46.883703556, -115.890412338 46.8837716309, -115.890160053 46.8838255959, -115.889916147 46.8838785623, -115.889665207 46.8839355663, -115.889413052 46.8839895313, -115.889161288 46.8840424977, -115.888909133 46.8840995018, -115.888657195 46.8841536838, -115.888406039 46.8842066503, -115.888085201 46.8842795443, -115.887643149 46.8843176193, -115.887383136 46.8843405859, -115.887124121 46.8843635525, -115.886857248 46.8843865191, -115.886597235 46.8844086608, -115.886338264 46.8844316274, -115.886079423 46.884454594, -115.885812203 46.8844815548, -115.88555219 46.8845006574, -115.885293176 46.8845276616, -115.885033162 46.8845506282, -115.884751225 46.8845725963, -115.884286205 46.8846797013, -115.884034398 46.8847367054, -115.883782286 46.8847906704, -115.883538206 46.8848476744, -115.883286225 46.8849046784, -115.883035286 46.884962681, -115.882790164 46.8850156475, -115.882539398 46.8850726515, -115.882287287 46.8851296555, -115.882035132 46.8851876581, -115.881791226 46.8852446622, -115.881539288 46.8852978023, -115.881287133 46.8853548063, -115.881036194 46.8854128089, -115.880792288 46.8854697695, -115.880540133 46.8855227794, -115.880189469 46.8856027066, -115.879556259 46.8856256732, -115.879395189 46.8857787549, -115.879250183 46.8859237613, -115.879090415 46.8860758011, -115.878938375 46.8862286657, -115.878686394 46.8864727888, -115.878182301 46.8867247267, -115.877656458 46.886766796, -115.877725357 46.8864306762, -115.877763215 46.8862516323, -115.87780129 46.8860687678, -115.877831117 46.8858927195, -115.877885255 46.8856486398, -115.878152128 46.8854617377, -115.878335209 46.8853288007, -115.878518247 46.8851946914, -115.878693297 46.8850806833, -115.878823195 46.8848937812, -115.879334148 46.8848436802, -115.879594161 46.8848176746, -115.879853349 46.8847906704, -115.880113188 46.8847677038, -115.880372333 46.884740743, -115.880654141 46.8847147373, -115.881112127 46.8845697309, -115.881348175 46.8844927993, -115.881585221 46.8844166926, -115.881821226 46.8843447538, -115.882058272 46.8842676485, -115.882302178 46.8841917155, -115.882539398 46.8841157825, -115.882775273 46.8840386772, -115.883012146 46.8839627442, -115.883256225 46.8838867677, -115.8834921 46.8838106611, -115.883729276 46.8837377671, -115.884187262 46.8835927606, -115.884454179 46.8835235135, -115.884705118 46.8834626455, -115.88518607 46.8833406057, -115.885445085 46.8833366115, -115.885712131 46.8833335724, -115.885980176 46.8833295348, -115.886247049 46.8833255406, -115.886506237 46.8833216767, -115.886918116 46.8833176391, -115.887238129 46.8831926035, -115.887620182 46.8830435595, -115.887856187 46.8828485822, -115.888032235 46.8827035757, -115.888322074 46.8824715654, -115.888604229 46.8824715654, -115.888871102 46.8824715654, -115.88914618 46.8824715654, -115.889489159 46.8824746044, -115.889855105 46.8823835629, -115.890153193 46.8822576591, -115.890382338 46.8821626234, -115.890786186 46.8819906128, -115.891091133 46.8819596144, -115.891488078 46.8819215828, -115.891869132 46.881963652, -115.892129145 46.8819906128, -115.892396365 46.882020656, -115.892655163 46.8820476168, -115.892983077 46.8820855182, -115.893411063 46.882017617, -115.893670078 46.8819785434, -115.893929049 46.8819364741, -115.894189062 46.8818986162, -115.894441217 46.8818565035, -115.894920997 46.8817846081, -115.895219042 46.8818075747, -115.895492948 46.8818265037, -115.895852034 46.8818565035, -115.896187981 46.8817655054, -115.896424202 46.8816015266, -115.896614968 46.8814675909, -115.896851016 46.8813075194, -115.896996023 46.8810134689, -115.897088019 46.8808384626, -115.897172027 46.8806664519, -115.897286036 46.8804374806, -115.897317034 46.8800485246, -115.896920046 46.8797285118, -115.896890046 46.8795295404, -115.896851016 46.8793204966, -115.897018989 46.8789956214, -115.897415934 46.87878254, -115.897621982 46.878671571, -115.89782816 46.8785606019, -115.898042066 46.8784465939, -115.898414872 46.8782445834, -115.898681918 46.8781414725, -115.899086938 46.8779886079, -115.899261987 46.8777984931, -115.899406994 46.8776454548, -115.899612999 46.8774204777, -115.899873185 46.8772106091, -115.900047844 46.8770734607, -115.900383964 46.8768025504, -115.900520939 46.8766424789, -115.900780778 46.8763445644, -115.900780778 46.8761534511, -115.900780778 46.8759745809, -115.900780778 46.8757534677, -115.900880025 46.8754064941, -115.901146724 46.8751545128, -115.901382772 46.8749295357, -115.90156581 46.8746894936, -115.90168785 46.8745285538, -115.901810715 46.8743684823, -115.901932755 46.8742083673, -115.902115836 46.8739684554, -115.902336776 46.8737463437, -115.902511782 46.8735783706, -115.90287877 46.8734184728, -115.903106743 46.8732734663, -115.903297682 46.8731473888, -115.903488796 46.873025349, -115.903679735 46.8728994451, -115.903869677 46.8727774053, -115.90406079 46.8726523697, -115.90425173 46.8725294616, -115.904442669 46.872404426, -115.904716749 46.8722324154, -115.90506776 46.8720874089, -115.905296775 46.8719953689, -115.905678654 46.8718394652, -115.905929767 46.8716753561, -115.906120707 46.8715494523, -115.906311646 46.8714233748, -115.90650276 46.8712973407, -115.906715667 46.8711563284, -115.906875565 46.8708514241, -115.90697568 46.8706794134, -115.907112612 46.8704244365, -115.90738756 46.8702413984, -115.907577674 46.8701153209, -115.907768614 46.8699894171, -115.908043519 46.869806379, -115.908272663 46.8695773643, -115.90841767 46.8694283202, -115.908569579 46.8692794932, -115.908714586 46.8691314477, -115.908859592 46.8689824036, -115.909012631 46.8688334029, -115.909179605 46.8686654299, -115.909538518 46.868444447, -115.909736491 46.8683264447, -115.909935462 46.8682044048, -115.910133479 46.868085404, -115.910347515 46.8679562874, -115.91060653 46.8676503846, -115.910744503 46.8674943073, -115.910744503 46.8671472903, -115.910744503 46.8669682464, -115.910744503 46.8667853385, -115.910744503 46.866605296, -115.910744503 46.8664222579, -115.910744503 46.8662433877, -115.910744503 46.8659642719, -115.910675603 46.8657013934, -115.910637398 46.8655263871, -115.910591465 46.8653463446, -115.910538455 46.8651443341, -115.910599323 46.8648202837, -115.910629323 46.8646374193, -115.910675429 46.8643703729, -115.910782404 46.8641103599, -115.910850436 46.8639393477, -115.910972302 46.8636342697, -115.911102417 46.8634312607, -115.911209348 46.8632672818, -115.911323356 46.8631033464, -115.911430462 46.8629394109, -115.911537263 46.8627712642, -115.911644368 46.8626073287, -115.911751343 46.8624433498, -115.911857276 46.8622794144, -115.911964424 46.8621153053, -115.912071355 46.8619513264, -115.91217833 46.8617873909, -115.912285262 46.8616192442, -115.912391368 46.8614553087, -115.912498343 46.8612913299, -115.912605274 46.8611273944, -115.912720281 46.8609592477, -115.912826388 46.8607953122, -115.912933362 46.8606313768, -115.913040294 46.8604673979, -115.913147269 46.8603032888, -115.913254374 46.8601393533, -115.913360176 46.8599713803, -115.913467281 46.8598112653, -115.913574213 46.8596432923, -115.913681188 46.8594833944, -115.913788119 46.8593154213, -115.913894269 46.8591553064, -115.914001201 46.858991371, -115.914108175 46.8588273921, -115.914215107 46.858663283, -115.914322255 46.8584993475, -115.914429187 46.8583392326, -115.91453512 46.8581752971, -115.914665235 46.857969249, -115.914741168 46.8576603071, -115.914779199 46.8574802646, -115.914825132 46.8572973567, -115.914863208 46.8571143186, -115.914909141 46.8569312371, -115.914947172 46.8567523669, -115.915001181 46.8565272595, -115.914902107 46.8562943809, -115.914436046 46.8560422693, -115.914146207 46.8560692735, -115.913887192 46.8560923703, -115.913627396 46.8561153369, -115.913360176 46.8561383035, -115.912864289 46.8561804162, -115.912575101 46.8561643092, -115.912308055 46.8561453802, -115.912048042 46.8561302717, -115.911781169 46.8561153369, -115.911522198 46.8561002719, -115.91107207 46.8560692735, -115.91075909 46.8561302717, -115.910370178 46.8562063784, -115.909988125 46.856229345, -115.909721078 46.8562452784, -115.909202224 46.8562752782, -115.909302166 46.8560962343, -115.909866085 46.8557943256, -115.910324071 46.8556193193, -115.910553042 46.8555313169, -115.910782057 46.8554433144, -115.911011028 46.8553563106, -115.911247076 46.8552682647, -115.911476091 46.8551802623, -115.911705062 46.8550922598, -115.911934077 46.8550092936, -115.912269155 46.8548793521, -115.912597069 46.8547192806, -115.912811149 46.8546123058, -115.913025055 46.8545053744, -115.913238137 46.8543983995, -115.913597179 46.8542193556, -115.913826021 46.8540513826, -115.914008928 46.8539183152, -115.914200042 46.8537843362, -115.914565988 46.8534183902, -115.914665061 46.8531622411, -115.914733961 46.8529874084, -115.914802036 46.8528113602, -115.914870892 46.8526363539, -115.914939965 46.852460349, -115.91500804 46.8522893369, -115.915129907 46.8519762271, -115.91538992 46.8518122482, -115.915625968 46.85165921, -115.915694867 46.8514072287, -115.915442886 46.8513542622, -115.91517584 46.8512972582, -115.914886 46.8512362599, -115.914588954 46.851175392, -115.914298941 46.8511103561, -115.914130968 46.8509923539, -115.914160968 46.8505153954, -115.914260866 46.8504233554, -115.914244933 46.8500953108, -115.9142379 46.8499122293, -115.914229868 46.8496912898, -115.913825847 46.8495084254, -115.913031915 46.8494393519, -115.912894983 46.8493483104, -115.91303999 46.8490083267, -115.913115923 46.8488063596, -115.913192855 46.8486154199, -115.913230756 46.848089359, -115.913085749 46.8479362774, -115.912932841 46.8477803737, -115.912665795 46.847501258, -115.912657763 46.8473143559, -115.912757835 46.847116383, -115.912841843 46.8469373391, -115.912963883 46.8466733318, -115.912940743 46.8464062854, -115.912925808 46.8462233776, -115.912909701 46.8460402961, -115.912894983 46.8458274318, -115.912596722 46.8456012825, -115.912223742 46.8454413412, -115.911872862 46.845449373, -115.911613022 46.8454572745, -115.911353877 46.8454643078, -115.911086831 46.8454723396, -115.910826818 46.8454763772, -115.910559772 46.8454832368, -115.910300931 46.845491312, -115.910033711 46.8454983452, -115.909659863 46.8455104146, -115.909499792 46.8454413412, -115.909850803 46.8452473625, -115.910048819 46.8451363934, -115.910254824 46.8450252508, -115.910453839 46.8449152803, -115.91065967 46.8448043113, -115.910857643 46.8446943408, -115.911048756 46.8445874094, -115.911330737 46.8444383653, -115.911826755 46.844228323, -115.912093671 46.8439543736, -115.912093671 46.8436983981, -115.912093671 46.84351536, -115.912093671 46.8433322785, -115.912093671 46.8430613682, -115.912146811 46.8427943219, -115.912184669 46.842615278, -115.912223742 46.8424352355, -115.912253916 46.8422604028, -115.912291644 46.8420813589, -115.912329502 46.8419013165, -115.912368575 46.8417263101, -115.912421542 46.8414403348, -115.912543582 46.8411992507, -115.91262759 46.841028282, -115.912711728 46.8408562713, -115.912795563 46.8406842607, -115.912925635 46.8404331477, -115.912925635 46.8401622374, -115.912925635 46.8399821949, -115.912925635 46.839803151, -115.912925635 46.8396202865, -115.912925635 46.8394062066, -115.913024534 46.8390942256, -115.913092609 46.8389071499, -115.913115576 46.8385482372, -115.913131509 46.8383691933, -115.913153477 46.8381291511, -115.912825563 46.8377811356, -115.912764521 46.8375452613, -115.912719456 46.8373501104, -115.912925461 46.8369611978, -115.912909528 46.8366711849, -115.912894636 46.8364881468, -115.912886431 46.8362972071, -115.912627416 46.8360081927, -115.912490441 46.8358512905, -115.912345609 46.8356952132, -115.912154322 46.8354772693, -115.912055422 46.8352031897, -115.911994424 46.8350271415, -115.911917623 46.8348362018, -115.911666336 46.8345391556, -115.911521503 46.834379388, -115.91145243 46.8340813433, -115.911574469 46.8338831967, -115.911681444 46.8337152236, -115.911788376 46.8335512882, -115.911887623 46.8333871791, -115.911994424 46.8332191626, -115.912093323 46.8330511895, -115.912200255 46.8328872541, -115.912352338 46.8326431743, -115.912589515 46.832414203, -115.912749282 46.8322581257, -115.912917255 46.8321012235, -115.913077501 46.8319491403, -115.913230582 46.8318001397, -115.913451348 46.8315902276, -115.913451348 46.8314071895, -115.912986503 46.831224108, -115.912551309 46.8311441808, -115.912246362 46.8310871767, -115.911887449 46.831018277, -115.911887449 46.8308122288, -115.91211629 46.8306781196, -115.912322295 46.8305562533, -115.912558516 46.830419105, -115.912795216 46.8302781361, -115.913016329 46.8301482381, -115.913253202 46.8298541876, -115.913237095 46.8296521771, -115.913230409 46.829469139, -115.913214128 46.8291911954, -115.912917255 46.8288471741, -115.912612177 46.8287861759, -115.912246188 46.8287102428, -115.911834135 46.8287062052, -115.911574122 46.8287021676, -115.911315151 46.8287021676, -115.911048278 46.828699172, -115.910781232 46.8286951344, -115.910521219 46.8286951344, -115.910262204 46.8286912704, -115.909987126 46.8286872762, -115.909476304 46.8287414149, -115.909117261 46.8287792729, -115.908705165 46.8287414149, -115.908446194 46.8287182746, -115.908179147 46.828695308, -115.907920306 46.8286723414, -115.90766012 46.8286493748, -115.90731714 46.8286183765, -115.906890153 46.8285384058, -115.906638388 46.8284932975, -115.906356234 46.8284393325, -115.905822141 46.8284012575, -115.905387295 46.8283712576, -115.90534922 46.8281843556, -115.905303157 46.8279853407, -115.905257224 46.827798265, -115.904792161 46.8276423613, -115.90428021 46.8275813631, -115.903991195 46.8275473257, -115.903495351 46.8275503213, -115.903228131 46.8275503213, -115.902861144 46.8275503213, -115.902488338 46.827646399, -115.902236183 46.8277114348, -115.901992103 46.8277724764, -115.901740165 46.8278363401, -115.90135846 46.8279364119, -115.900985133 46.8279664117, -115.900725294 46.8279893783, -115.900466279 46.8280123449, -115.900206266 46.8280314476, -115.899947252 46.8280544142, -115.899680379 46.8280773808, -115.899421234 46.8281003474, -115.899161395 46.82811945, -115.898894175 46.8281424166, -115.898413222 46.8282644565, -115.898062515 46.8283484647, -115.897689362 46.8284743685, -115.897444284 46.8285504752, -115.897208583 46.8286264083, -115.896971363 46.8287023413, -115.896666241 46.8288024131, -115.896376402 46.8290304293, -115.896209297 46.8291683591, -115.896033249 46.8293053338, -115.895766376 46.8295153761, -115.895560502 46.829748385, -115.895423397 46.8299084999, -115.895285424 46.8300645772, -115.895064311 46.8303125209, -115.894774298 46.8303924915, -115.89453825 46.8304615216, -115.894286312 46.8305266008, -115.894042406 46.8305944586, -115.893790424 46.8306635321, -115.893302612 46.8307974677, -115.893080501 46.8309005786, -115.892859344 46.8309994782, -115.892501473 46.8311635873, -115.89224146 46.831335598, -115.892051345 46.8314605033, -115.891867613 46.8315865373, -115.891600393 46.8317545104, -115.891227413 46.8318914851, -115.890975432 46.8319835251, -115.890486448 46.8320334959, -115.890036493 46.8320755652, -115.889739447 46.8321744648, -115.889502401 46.8322505715, -115.889266396 46.8323265045, -115.889029523 46.8324064751, -115.888785574 46.8324835804, -115.888549396 46.8325595134, -115.888312349 46.832639484, -115.888076301 46.8327155907, -115.887839602 46.8327925657, -115.887603597 46.8328686724, -115.887313541 46.832967572, -115.886779448 46.8333115499, -115.886275529 46.8332466878, -115.885878585 46.8331965433, -115.885504564 46.8332696544, -115.885253451 46.8333185832, -115.885001686 46.833368554, -115.884749532 46.8334176565, -115.884490517 46.8334676273, -115.884238753 46.8335175981, -115.883780767 46.8336046019, -115.883475645 46.8336275685, -115.883216501 46.8336466712, -115.882949628 46.8336615626, -115.882689615 46.8336815335, -115.8824306 46.8337006362, -115.882109589 46.8337195652, -115.881667493 46.8338225024, -115.881415555 46.8338795064, -115.881163574 46.8339366841, -115.880912461 46.8339975087, -115.88040051 46.8340127908, -115.880141495 46.8340206489, -115.879874622 46.8340287242, -115.879485536 46.8340437892, -115.879088548 46.8340816906, -115.878829577 46.8341046572, -115.878318625 46.8341577973, -115.878073677 46.8342417621, -115.877837499 46.8343257703, -115.877486444 46.8344556684, -115.87711264 46.8345017752, -115.876845593 46.834531775, -115.876586579 46.8345628169, -115.876326566 46.8345966806, -115.875983586 46.8346387499, -115.875449798 46.834821788, -115.875121579 46.8351156649, -115.87499954 46.8353706418, -115.874854533 46.8356646924, -115.874823535 46.8360537786, -115.874648659 46.8361987851, -115.874480555 46.8363367583, -115.874320788 46.8364736895, -115.874152641 46.8366147018, -115.873984842 46.8367556707, -115.873755653 46.836946784, -115.873717795 46.8371487945, -115.873519822 46.837423699, -115.873290808 46.8377437552, -115.873244701 46.8379267933, -115.873191734 46.838155808, -115.872756715 46.8384538528, -115.872435704 46.8385408566, -115.872191754 46.8386097564, -115.87193999 46.8386788299, -115.871688703 46.8387467311, -115.87152073 46.8390028802, -115.870993844 46.8391817505, -115.870925769 46.8393728204, -115.870871978 46.8395488687, -115.870810936 46.8397277389, -115.870749938 46.839910777, -115.870688897 46.8400978962, -115.870635757 46.8404598045, -115.870589823 46.84071578, -115.87042185 46.8409218281, -115.870147771 46.8410128262, -115.869910724 46.8410937954, -115.869658743 46.8411768051, -115.869323839 46.8412837365, -115.869056792 46.8415058482, -115.868888819 46.8416468605, -115.868720846 46.8417837918, -115.868544798 46.841924804, -115.868323858 46.8421078421, -115.868125886 46.8423787524, -115.867995944 46.8425428616, -115.867827971 46.8427718763, -115.867827971 46.8430467807, -115.867827971 46.8432528289, -115.867957912 46.8433898035, -115.868369965 46.8435768793, -115.868598937 46.8436838107, -115.868827951 46.8437867479, -115.869056923 46.843893853, -115.869231972 46.8440457624, -115.869445879 46.8442368758, -115.869621059 46.8443967736, -115.869658917 46.8446447173, -115.869254939 46.8446137189, -115.869002958 46.8445947465, -115.868720976 46.8445758175, -115.868415898 46.8445528509, -115.868109952 46.8445307092, -115.867804831 46.8445077426, -115.867522893 46.844484776, -115.867224979 46.8444618095, -115.866729959 46.8448048322, -115.866431915 46.844812864, -115.866149934 46.844816728, -115.865874986 46.8448237612, -115.865592874 46.844831793, -115.865248853 46.8450487383, -115.865051054 46.8451677392, -115.864853081 46.8452939903, -115.864653936 46.8454188956, -115.864455963 46.8455409355, -115.864257946 46.8456669695, -115.864058975 46.8457888357, -115.863861002 46.8461138847, -115.863663029 46.8464299033, -115.863663029 46.8466248805, -115.863663029 46.8468159504, -115.863663029 46.8470099291, -115.863663029 46.8471889731, -115.863663029 46.8473879445, -115.86322801 46.8474109111, -115.862960963 46.8473339795, -115.86270095 46.8472578728, -115.862427001 46.8471819398, -115.862060056 46.8472499713, -115.861815977 46.847440911, -115.86164097 46.8475788842, -115.861458063 46.8477198965, -115.861267123 46.8478649029, -115.861030076 46.8480519786, -115.86088507 46.848337954, -115.860794072 46.8485129603, -115.860695172 46.8487149708, -115.860306086 46.8488559397, -115.860069213 46.8489439855, -115.859825133 46.8490319879, -115.859566119 46.849122986, -115.859306106 46.8494019715, -115.859161099 46.8495550098, -115.859016093 46.8497068758, -115.858764112 46.849969928, -115.858513172 46.8501149345, -115.858314201 46.8502299411, -115.85796332 46.850427914, -115.857666274 46.8505499539, -115.857406261 46.8506488535, -115.857155148 46.8507519644, -115.856911241 46.8508518626, -115.856682227 46.8509388664, -115.85644518 46.8510379397, -115.856499189 46.851247982, -115.857132181 46.8515039575, -115.857162181 46.8516598612, -115.856872168 46.8517478636, -115.856643153 46.8518199761, -115.856392214 46.8518969077, -115.856125167 46.8519810896, -115.855850263 46.8520650544, -115.855583217 46.852145025, -115.855301235 46.8522320289, -115.855011223 46.8524799726, -115.854843249 46.85262194, -115.854675276 46.852765948, -115.85450713 46.8529109544, -115.85433933 46.8530529653, -115.854172356 46.8531939341, -115.853935309 46.8533959446, -115.853828378 46.8536249159, -115.853966308 46.8538349582, -115.85421729 46.8539189665, -115.854492369 46.8540140022, -115.85477435 46.8541090812, -115.855095361 46.8542200503, -115.855064363 46.8544029147, -115.85474435 46.8545330298, -115.854469402 46.8546399612, -115.854255322 46.8547199319, -115.854133282 46.8549070076, -115.853821301 46.8548530426, -115.853561331 46.8548109733, -115.853294285 46.8547650402, -115.853027369 46.8547229709, -115.852768398 46.8546780363, -115.852485418 46.854594028, -115.852165405 46.8544949548, -115.852066332 46.8545630296, -115.852081397 46.8549370508, -115.852096332 46.8552500304, -115.851799286 46.8554790017, -115.851829459 46.8558870169, -115.851967432 46.8563259002, -115.851600445 46.8562759728, -115.851166424 46.8560969289, -115.850799479 46.856187927, -115.850700406 46.8562989394, -115.850220626 46.8564060445, -115.84996834 46.856459011, -115.849716359 46.856516015, -115.849464421 46.85656998, -115.849136333 46.8566420925, -115.848800387 46.8568289945, -115.848434441 46.857031005, -115.848312401 46.8572259389, -115.84812932 46.8575119576, -115.847885414 46.8576720292, -115.847687614 46.8577981066, -115.847465329 46.8579431131, -115.847465329 46.8582631259, -115.847763547 46.8585149335, -115.847793547 46.8587290134, -115.847832447 46.8589729195, -115.84793152 46.8590649596, -115.84793152 46.8594310792, -115.847442536 46.8594081126, -115.84717549 46.8593962169, -115.84690154 46.859385146, -115.846618604 46.8593700376, -115.846336449 46.8593581418, -115.845901603 46.8593392128, -115.845581591 46.8594231776, -115.845344544 46.8594920774, -115.845108496 46.8595571133, -115.84486459 46.8596221925, -115.84462051 46.8596900503, -115.844375606 46.8597591238, -115.844131526 46.859824203, -115.843880543 46.8598920608, -115.843635465 46.8599571401, -115.843391559 46.8600261701, -115.843147479 46.8600950699, -115.842895498 46.8601631448, -115.842651592 46.8602281806, -115.842232506 46.8603421887, -115.841949526 46.8604720867, -115.841728586 46.86057116, -115.841469572 46.8606861666, -115.841156592 46.8609300727, -115.840935653 46.8610942253, -115.840637608 46.8615560318, -115.839897641 46.8614641654, -115.83961566 46.861487132, -115.83933255 46.8615061044, -115.838859629 46.8616200691, -115.83860869 46.8616782453, -115.838165595 46.8617842216, -115.837852616 46.861834149, -115.837585569 46.8618762617, -115.837311837 46.8619181572, -115.837044617 46.8619602265, -115.836777571 46.8620021221, -115.836510698 46.8620401971, -115.836258543 46.8620822664, -115.835838632 46.8621471285, -115.835571586 46.8622842769, -115.835480718 46.8626161854, -115.835419676 46.8628181959, -115.835365538 46.8630171674, -115.83493855 46.8629942008, -115.834656786 46.8629332025, -115.834404631 46.8628751999, -115.833969611 46.8627841585, -115.833656632 46.8628452001, -115.833267719 46.8629211331, -115.832908807 46.8630282382, -115.832664727 46.863097138, -115.832237739 46.8632232155, -115.831909695 46.8632572529, -115.831436774 46.863314257, -115.831322766 46.8634902618, -115.831169728 46.8637222722, -115.831138729 46.8640201433, -115.831100654 46.864363166, -115.830971755 46.8645462041, -115.830505737 46.8644321961, -115.830139747 46.8642261914, -115.829902744 46.8639242827, -115.829666696 46.863791172, -115.829384715 46.8638143122, -115.829117669 46.863841273, -115.828636716 46.8638833857, -115.828331769 46.8639633129, -115.828087689 46.8640273502, -115.827843783 46.8640922557, -115.827598704 46.8641572916, -115.82727079 46.864245294, -115.826851704 46.8643174065, -115.826591691 46.8643633397, -115.826340752 46.8644092729, -115.825821724 46.8644243379, -115.825554678 46.8644323697, -115.825294708 46.8644432669, -115.825035693 46.8644513421, -115.824768994 46.8644593739, -115.824508808 46.8644662335, -115.824241761 46.8644743087, -115.823982747 46.8644853796, -115.823608769 46.8644972753, -115.823036775 46.8645842792, -115.822769728 46.8647453493, -115.822563854 46.8648633949, -115.822334883 46.864996332, -115.822067836 46.8653173433, -115.82170189 46.8652523075, -115.821373802 46.8650693997, -115.821014716 46.8650732636, -115.820747843 46.8650773012, -115.820480797 46.8650774749, -115.820221956 46.8650804705, -115.819954736 46.8650843344, -115.819603899 46.8650923662, -115.819176737 46.8651574021, -115.818924756 46.8651993411, -115.818664786 46.8652373727, -115.818413804 46.865279442, -115.81815379 46.865321381, -115.817901853 46.8653594126, -115.817642838 46.8654013516, -115.817383997 46.8654434208, -115.817131712 46.8654814525, -115.816871699 46.8655233915, -115.816620933 46.8655654607, -115.816360746 46.8656033187, -115.815872761 46.8656794254, -115.815597813 46.8657364294, -115.815346873 46.8657904378, -115.815094935 46.8658434042, -115.814674807 46.8659314067, -115.814407761 46.8660844449, -115.814209962 46.8662024906, -115.814041815 46.8665724742, -115.813995708 46.8669003451, -115.813980947 46.867079389, -115.81395798 46.8672594315, -115.813934884 46.8674384754, -115.813911917 46.8676823815, -115.813736867 46.8677583145, -115.813438996 46.8675754501, -115.81329399 46.8673734396, -115.813072877 46.8670723558, -115.81301991 46.8668773785, -115.812973803 46.8666864389, -115.81290473 46.8664353259, -115.812675715 46.8663623885, -115.812073895 46.8664353259, -115.811714852 46.8665223298, -115.811470772 46.8665803323, -115.811218791 46.8666445433, -115.810776912 46.8667514747, -115.810524931 46.866885584, -115.810203919 46.8670495629, -115.809830897 46.867053557, -115.809562852 46.8670565961, -115.809303881 46.8670604601, -115.809036964 46.8670604601, -115.808769918 46.8670644542, -115.808503045 46.8670684918, -115.808143959 46.8670725295, -115.807731906 46.8671525001, -115.807342994 46.8672286068, -115.806839899 46.8671405609, -115.80640488 46.8669115896, -115.806053869 46.866850548, -115.805801888 46.8668084787, -115.805543047 46.8667665832, -115.805282903 46.8667214749, -115.805031921 46.8666795793, -115.804741908 46.8666334724, -115.804252923 46.8666904765, -115.803979017 46.8667245139, -115.803642897 46.8669804894, -115.80345999 46.8671214583, -115.803207878 46.8673166092, -115.802949037 46.8673625424, -115.80281089 46.86727454, -115.802749892 46.8669234854, -115.802711991 46.8666795793, -115.802467911 46.8664236038, -115.802208896 46.8661525198, -115.801933992 46.8661035476, -115.801674977 46.8660576578, -115.801407931 46.866011551, -115.801040986 46.8659466454, -115.800575967 46.8656266326, -115.800323986 46.8655505259, -115.800079906 46.8654816261, -115.799836174 46.8654085585, -115.799476914 46.8653025822, -115.799209867 46.8651155065, -115.799026829 46.8649856085, -115.798843748 46.8648556671, -115.79866084 46.8647265939, -115.79834786 46.8645046559, -115.797883015 46.8642756412, -115.79760086 46.8642756412, -115.79734089 46.8642756412, -115.797073844 46.8642756412, -115.796783831 46.8642756412, -115.796318768 46.8643676812, -115.796081765 46.8641616331, -115.796051896 46.863997524, -115.795715776 46.8637916929, -115.795425763 46.8637916929, -115.795151857 46.8637916929, -115.794815737 46.8637916929, -115.794472758 46.8639745574, -115.794258851 46.864089564, -115.79395373 46.8642496789, -115.793350738 46.8644556836, -115.793182938 46.8647908049, -115.793098973 46.8649666361, -115.79294689 46.8652757517, -115.792763852 46.8654437247, -115.792602912 46.8655887746, -115.792442971 46.8657337811, -115.7922829 46.8658787876, -115.792114926 46.8660306536, -115.791749154 46.8662716943, -115.791557867 46.8663967733, -115.791244888 46.866602778, -115.790954875 46.866736757, -115.790611895 46.8668966548, -115.790260841 46.8669576965, -115.790002 46.8669997657, -115.789749888 46.8670416613, -115.789245969 46.8671256695, -115.789017996 46.8672247428, -115.788789155 46.8673207771, -115.78856001 46.8674116449, -115.788331169 46.8675107182, -115.788110056 46.8676067958, -115.787881041 46.8676977939, -115.78765893 46.8677936979, -115.787346949 46.867922771, -115.787278049 46.8681977189, -115.787042044 46.8685177317, -115.78674413 46.868472797, -115.786446085 46.8682897589, -115.786065031 46.8682587171, -115.785615077 46.8682206855, -115.785287032 46.868269788, -115.785035224 46.8683116835, -115.78477608 46.8683507571, -115.784523925 46.8683916542, -115.784263911 46.8684307278, -115.78400494 46.8684687594, -115.783752959 46.8685106984, -115.78340998 46.8685638385, -115.78297496 46.8685868051, -115.782547973 46.8686057341, -115.782212027 46.8685487301, -115.781953229 46.8685027969, -115.781693042 46.868453868, -115.781434201 46.8684077612, -115.781175013 46.868361828, -115.780915174 46.8683157212, -115.780656029 46.868269788, -115.780396016 46.8682248533, -115.780137001 46.8681747523, -115.779878204 46.8681288191, -115.779618017 46.8680837108, -115.779366036 46.8680377776, -115.779107065 46.8679918444, -115.77885491 46.8679457376, -115.778611004 46.867903842, -115.778366924 46.8678577351, -115.778123018 46.8678158396, -115.77777904 46.8677547979, -115.777497232 46.8679417, -115.777284151 46.8680798469, -115.777085006 46.8682127839, -115.77671906 46.8682778198, -115.776482013 46.8682127839, -115.776466905 46.867938878, -115.776452014 46.8676637564, -115.776162001 46.8674917892, -115.775963984 46.8673697493, -115.775581975 46.8671367404, -115.77535296 46.8670458726, -115.77513202 46.866911937, -115.774934221 46.8667938913, -115.774735033 46.866675889, -115.774354195 46.8664509119, -115.774186049 46.8662978736, -115.774025934 46.8661528672, -115.773720986 46.8658819569, -115.773506949 46.8657528837, -115.773308933 46.8656310175, -115.773109962 46.8655119733, -115.772911989 46.865393971, -115.772651976 46.8652419313, -115.772255856 46.8651228871, -115.77201195 46.8650549858, -115.771766828 46.8649859124, -115.771455021 46.8648938724, -115.771026905 46.8648219769, -115.77076789 46.8647799077, -115.770515952 46.8647379687, -115.770256938 46.8646958995, -115.770004956 46.8646540039, -115.769746159 46.8646119346, -115.769494004 46.8645698654, -115.769234989 46.8645279264, -115.768983051 46.8644858571, -115.768722865 46.8644439616, -115.768471925 46.8644018923, -115.768211912 46.8643599533, -115.767959974 46.8643178841, -115.767708992 46.8642759885, -115.767448979 46.8642340495, -115.767196867 46.8641929788, -115.766723946 46.8641120096, -115.7664269 46.864109014, -115.766151996 46.8641009822, -115.765725008 46.864090085, -115.765443027 46.8642119512, -115.765213882 46.8643029493, -115.764863175 46.8644519934, -115.764558227 46.8643599533, -115.764168967 46.8642000555, -115.763946855 46.864109014, -115.763717884 46.8640169739, -115.763496944 46.8639219383, -115.76326793 46.8638300719, -115.76304699 46.8637390304, -115.762817976 46.8636469904, -115.762497963 46.8635130548, -115.762092943 46.8634409857, -115.761764899 46.8636969612, -115.761589892 46.8638339358, -115.76123098 46.864109014, -115.760758059 46.8639180743, -115.760429971 46.8637160638, -115.760116991 46.863708032, -115.759858194 46.8636969612, -115.759590974 46.8636889294, -115.759331959 46.8636780322, -115.75906526 46.8636701306, -115.75879804 46.8636580612, -115.758401052 46.863647164, -115.758018999 46.86359016, -115.757760028 46.8635480907, -115.757508221 46.8635101894, -115.757249076 46.8634721577, -115.756989063 46.8634330841, -115.756730048 46.8633952261, -115.756218922 46.863342086, -115.755958909 46.8633150818, -115.755700068 46.8632921153, -115.755363948 46.8632580778, -115.754928929 46.8631700754, -115.75467799 46.8631171089, -115.754234938 46.8630250689, -115.753915056 46.8630182093, -115.753655086 46.8630141717, -115.753387996 46.8630101341, -115.75296891 46.8630021023, -115.752618073 46.8630560673, -115.75235806 46.8630941424, -115.752099045 46.863132174, -115.751839032 46.8631700754, -115.751588093 46.8632121446, -115.75132808 46.8632502197, -115.750969992 46.8633041847, -115.750557939 46.8633001471, -115.750291066 46.8632961529, -115.750030879 46.8632921153, -115.749763833 46.8632882513, -115.749504862 46.8632852557, -115.74923812 46.8632812181, -115.748977976 46.8632461821, -115.748719135 46.8632121446, -115.748459947 46.8631821448, -115.748199934 46.8631472824, -115.747940963 46.8631172826, -115.747468042 46.863056241, -115.747169997 46.8630522034, -115.746910983 46.8630482092, -115.74664411 46.8630482092, -115.746383923 46.8630441716, -115.746116703 46.863040134, -115.745857732 46.863040134, -115.745590816 46.8630371383, -115.745071832 46.8630331007, -115.744812991 46.8630602786, -115.744552804 46.8630822466, -115.744293833 46.8631092074, -115.744034819 46.8631362116, -115.743637831 46.8631742432, -115.743263853 46.8632503499, -115.743011741 46.8633003207, -115.742760759 46.8633532871, -115.742508821 46.8634032579, -115.742248808 46.8634523604, -115.741997868 46.8635063688, -115.741745713 46.8635552977, -115.741493775 46.8636052685, -115.741241794 46.8636584085, -115.740906847 46.8637232707, -115.74061666 46.863914384, -115.740433796 46.8640362503, -115.740242682 46.8641623277, -115.740043711 46.8642884052, -115.73985377 46.8644142656, -115.739517824 46.8646353788, -115.738746684 46.865123408, -115.738197657 46.8655473566, -115.737877818 46.8657833611, -115.737655706 46.8658943736, -115.737442798 46.8659972674, -115.737228718 46.8661044159, -115.737015811 46.8662103488, -115.736717766 46.8663553552, -115.736412645 46.8665583643, -115.736221705 46.8666842681, -115.735916757 46.866882241, -115.735603778 46.8670193894, -115.735184692 46.8672022538, -115.734916647 46.8672794025, -115.734672741 46.8673434397, -115.734352728 46.8674314422, -115.733909633 46.8674884462, -115.733421647 46.8675494444, -115.733131808 46.8675424112, -115.73287262 46.8675383736, -115.732605573 46.8675343794, -115.732155663 46.8675234822, -115.731819543 46.8674884462, -115.731560528 46.8674624406, -115.731293829 46.8674354364, -115.731033643 46.8674084756, -115.730774802 46.8673822963, -115.730514658 46.8673553355, -115.730255644 46.8673283313, -115.729751551 46.8672794025, -115.729492536 46.8673323689, -115.729233565 46.8673853353, -115.728973552 46.867439474, -115.728523598 46.8675303418, -115.728264583 46.867458403, -115.728020504 46.8673893729, -115.727768566 46.8673214717, -115.727455586 46.8672334693, -115.7270665 46.867073528, -115.72684556 46.8669774504, -115.726616546 46.8668866259, -115.726394608 46.8667905483, -115.726173495 46.8666995068, -115.72594448 46.8666034726, -115.725654467 46.8664816064, -115.725250489 46.8663905649, -115.72522062 46.8660925202, -115.724983443 46.8659785121, -115.724388482 46.8661154867, -115.724060394 46.8660925202, -115.723793348 46.8660735477, -115.723533335 46.8660544451, -115.723274364 46.8660314785, -115.722885451 46.8660044743, -115.722496365 46.8660395103, -115.722122344 46.8660735477, -115.721725356 46.8661615502, -115.721481276 46.8662185542, -115.721229338 46.8662755583, -115.720917357 46.8663486693, -115.720520413 46.8662336627, -115.72017739 46.8663176275, -115.719917421 46.8663825331, -115.719589333 46.866462634, -115.719353285 46.8667605485, -115.719284385 46.8671075654, -115.719246353 46.8673176078, -115.719192388 46.8676265497, -115.719055413 46.8676986622, -115.718788367 46.8676755219, -115.718536386 46.8676525553, -115.718269339 46.8676305873, -115.717979327 46.8676035831, -115.717689314 46.8675806165, -115.717399301 46.8675536557, -115.716987248 46.8675155807, -115.716598162 46.8674926141, -115.716331289 46.867477549, -115.716072101 46.8674585766, -115.715812435 46.8674436852, -115.71555329 46.8674275782, -115.715156129 46.8674015726, -115.714767216 46.8674165074, -115.71450017 46.8674245392, -115.714241155 46.86743561, -115.713974109 46.8674436852, -115.713707236 46.8674505448, -115.713447223 46.8674627879, -115.713058137 46.8674736851, -115.712715158 46.8675846541, -115.712471078 46.8676607608, -115.712234205 46.8677407314, -115.711860227 46.8678587337, -115.711464064 46.8680647818, -115.711426206 46.8681606424, -115.711059088 46.8682067492, -115.710747107 46.8683666905, -115.710396053 46.8685497286, -115.710068182 46.868625705, -115.709595087 46.8687366741, -115.709312107 46.8687137075, -115.709045061 46.8686907409, -115.708725222 46.8686677743, -115.708305094 46.8685346636, -115.707924083 46.868415793, -115.707564997 46.8683777613, -115.707305982 46.8683517557, -115.707045969 46.8683247949, -115.706779096 46.8682977907, -115.706519951 46.8682707865, -115.706260112 46.8682448243, -115.706000924 46.8682218577, -115.705741909 46.8681948535, -115.705230957 46.8681417134, -115.704979019 46.8680808454, -115.704734939 46.8680198472, -115.704482958 46.8679588055, -115.704239052 46.8678937697, -115.703994972 46.8678327715, -115.703742991 46.8677717298, -115.703498911 46.8677107316, -115.703224006 46.8676418318, -115.702736021 46.867595725, -115.702224895 46.8675497918, -115.701729007 46.8674128171, -115.701506895 46.8673137438, -115.701293988 46.8672108066, -115.701072875 46.8671077391, -115.700797796 46.8669818353, -115.700377842 46.8668708663, -115.700133762 46.866806829, -115.699881955 46.8667417497, -115.699637875 46.8666768875, -115.699393969 46.8666118517, -115.699149889 46.8665469895, -115.698897777 46.8664789146, -115.698653871 46.8664138788, -115.698409792 46.8663489732, -115.698165842 46.8662839374, -115.697921762 46.8662189015, -115.697676684 46.8661579033, -115.697432778 46.8660929977, -115.697158698 46.8660209286, -115.696692637 46.8659558928, -115.696357733 46.865905922, -115.696196793 46.8657838821, -115.696021787 46.8656549827, -115.695845739 46.8655248676, -115.695662701 46.865390932, -115.695487694 46.8652618588, -115.695159606 46.8650169542, -115.695029708 46.8648379103, -115.694915526 46.864677969, -115.69480052 46.8645138599, -115.694686512 46.8643539186, -115.694525615 46.8641289415, -115.694190668 46.8639678715, -115.694007586 46.8638268592, -115.693839787 46.8636899279, -115.693663608 46.8635559923, -115.69345756 46.863396051, -115.693206447 46.8631179338, -115.693068474 46.8629650692, -115.692931543 46.8628129861, -115.692794568 46.8626599478, -115.692656595 46.8625070832, -115.69251949 46.8623510059, -115.692374614 46.8621979242, -115.692237509 46.8620460582, -115.692099709 46.8618930199, -115.691893531 46.8616610095, -115.691619408 46.8614769295, -115.691428468 46.8613520242, -115.691237398 46.8612259901, -115.690886344 46.8609969754, -115.690627329 46.8609009412, -115.69039063 46.8608209706, -115.690161485 46.8607369623, -115.689925437 46.8606569917, -115.689688564 46.8605730269, -115.689460418 46.8604930562, -115.689223371 46.8604090914, -115.688987497 46.8603289471, -115.688620552 46.8602000476, -115.688308398 46.8600620744, -115.688086286 46.8599630011, -115.687857445 46.8598680957, -115.687636332 46.8597681975, -115.687255321 46.8596040884, -115.686942472 46.8595402248, -115.68669036 46.8594900803, -115.686431345 46.8594371139, -115.686026369 46.8593561447, -115.685706139 46.8592421366, -115.685477342 46.8591581718, -115.68524112 46.8590741636, -115.685004247 46.8589901987, -115.68477545 46.8589100545, -115.684493121 46.8588071172, -115.684142284 46.8586011125, -115.683760231 46.8583720978, -115.683501216 46.8582850939, -115.68326417 46.8582041248, -115.682959092 46.8581011875, -115.682524072 46.8580631559, -115.682257156 46.8580441835, -115.681998359 46.8580210866, -115.681739171 46.85799812, -115.681472124 46.8579791476, -115.680991345 46.8579372521, -115.680693127 46.857976152, -115.68025928 46.8580291184, -115.679938051 46.8581281917, -115.67970222 46.8582011291, -115.679465348 46.8582731982, -115.679221094 46.8583491312, -115.678984048 46.8584222423, -115.678739968 46.8584981753, -115.67850392 46.8585712429, -115.678260014 46.8586431818, -115.678022967 46.8587191148, -115.677787093 46.8587921824, -115.677359107 46.8589221239, -115.677107994 46.8590552346, -115.676902163 46.8591662036, -115.676695941 46.8592761741, -115.676489936 46.8593831055, -115.67627603 46.8594942916, -115.676069982 46.8596042621, -115.675864151 46.8597152311, -115.675626931 46.859837271, -115.675260985 46.8600662423, -115.675062968 46.860184288, -115.674864996 46.8603031151, -115.674666024 46.860425155, -115.674475084 46.8605432007, -115.67416293 46.8607302764, -115.673826984 46.8608211442, -115.673461038 46.8609171784, -115.673301096 46.8610772934, -115.673048985 46.8611573943, -115.672599204 46.8613022271, -115.672324126 46.8613632687, -115.672071971 46.8614164088, -115.671820033 46.8614742377, -115.671331874 46.8615803443, -115.671065001 46.8615962776, -115.670805987 46.8616113861, -115.670545973 46.8616303151, -115.670279101 46.8616454235, -115.670019913 46.8616613134, -115.669760073 46.8616762482, -115.669492897 46.8616953509, -115.669233882 46.8617102857, -115.668974867 46.8617253507, -115.668707995 46.8617443231, -115.668448155 46.8617603867, -115.668189011 46.8617753215, -115.667669983 46.8618063199, -115.667150955 46.8617672897, -115.666891984 46.8617483173, -115.666624764 46.8617293883, -115.666364751 46.8617102857, -115.666105736 46.8616913567, -115.665838864 46.8616723843, -115.665502744 46.8616454235, -115.665061039 46.8616004889, -115.664800852 46.8615694471, -115.664533806 46.8615424863, -115.664274791 46.8615124864, -115.66383174 46.8614663796, -115.663526792 46.8613823714, -115.663290961 46.8613173355, -115.663046838 46.8612562939, -115.66280176 46.8611914317, -115.662557854 46.8611263959, -115.662313947 46.8610623586, -115.662039868 46.860985427, -115.661665673 46.8608063831, -115.661504777 46.8605054729, -115.661604675 46.8604404371, -115.662603787 46.86063841, -115.662847693 46.8606843432, -115.663336721 46.8607793789, -115.663847673 46.8608444147, -115.664106688 46.8608794507, -115.664365832 46.8609094506, -115.664625846 46.8609433143, -115.66488486 46.8609783503, -115.66514483 46.8610083936, -115.665403844 46.8610434296, -115.665655826 46.8610774236, -115.66591497 46.8611074669, -115.66617481 46.8611423292, -115.666563722 46.861191258, -115.666944777 46.8611843985, -115.66720479 46.8611803608, -115.66747201 46.8611723291, -115.667730851 46.8611682914, -115.667997897 46.8611612582, -115.668256868 46.8611573943, -115.668516881 46.8611534001, -115.668784101 46.8611463234, -115.669042942 46.8611423292, -115.669309989 46.861134254, -115.669570002 46.8611302598, -115.670066019 46.8611193626, -115.670500865 46.8611193626, -115.670835986 46.861058321, -115.671087968 46.8610123878, -115.671347113 46.8609622867, -115.67159892 46.8609173521, -115.671858933 46.8608673813, -115.672110046 46.8608212745, -115.672599204 46.8607302764, -115.672812112 46.8606273392, -115.673017986 46.8605203643, -115.673232023 46.8604172969, -115.673444931 46.860310322, -115.673659011 46.8602033906, -115.673872917 46.8600972841, -115.674085998 46.8599901356, -115.674300078 46.8598871984, -115.674627949 46.8597232629, -115.67490993 46.8595432204, -115.675101217 46.8594211806, -115.675291983 46.8592991407, -115.675489956 46.8591772745, -115.675681243 46.8590552346, -115.675872009 46.8589291571, -115.67606195 46.8588071172, -115.676253063 46.858685251, -115.676557968 46.858491142, -115.676862916 46.8583491312, -115.677085201 46.858246194, -115.677390149 46.8581011875, -115.677763953 46.857976152, -115.678000174 46.8578921438, -115.678237047 46.8578121731, -115.678466019 46.8577312039, -115.678794106 46.8576212335, -115.679197954 46.8575561976, -115.679456968 46.8575141284, -115.679716938 46.857476227, -115.679968919 46.8574341578, -115.680228064 46.8573922622, -115.680480045 46.8573541871, -115.680960347 46.8572772555, -115.681258044 46.8572621905, -115.681525091 46.8572512933, -115.681792137 46.8572392239, -115.682051152 46.8572281531, -115.682456345 46.8572091807, -115.682791249 46.8572551138, -115.683059164 46.8573461553, -115.683295212 46.8574301636, -115.683532041 46.8575141284, -115.683890302 46.8576402059, -115.684188217 46.8578081789, -115.684592368 46.8580291184, -115.684783134 46.8581620555, -115.684973249 46.8582921272, -115.685157155 46.8584182047, -115.685523275 46.8586701426, -115.685920219 46.8587841506, -115.686148409 46.8589641931, -115.686385282 46.8590020945, -115.686644253 46.8590401261, -115.686904266 46.8590782012, -115.687155553 46.8591160592, -115.687415392 46.8591541342, -115.687667374 46.8591921658, -115.687926345 46.8592310658, -115.688178326 46.8592691408, -115.688437471 46.8593069988, -115.688689279 46.8593450739, -115.688948293 46.8593829753, -115.689200578 46.8594250445, -115.689658564 46.8594899067, -115.689963512 46.8595589801, -115.69021545 46.8596119466, -115.690467431 46.859662091, -115.690718371 46.8597150574, -115.690970482 46.8597680239, -115.691222463 46.8598219889, -115.69148951 46.8598789929, -115.691985397 46.86010397, -115.692122328 46.8602910457, -115.692191576 46.8605500603, -115.692237335 46.8607339667, -115.692321474 46.8610880169, -115.692557695 46.8613169882, -115.692847534 46.8614849613, -115.693053583 46.861603007, -115.693389529 46.8617979408, -115.693595707 46.8619850165, -115.693755475 46.862130023, -115.693991653 46.8623429307, -115.694190494 46.8625759396, -115.694319567 46.8627318867, -115.69445754 46.8628849249, -115.694587612 46.8630410023, -115.69472476 46.8631979045, -115.694854658 46.8633499442, -115.694991633 46.8635068464, -115.695121531 46.8636629237, -115.695327579 46.8638999702, -115.695533627 46.8641209097, -115.695678634 46.864273948, -115.695822772 46.8644219935, -115.695960572 46.8645748581, -115.696128718 46.8647428312, -115.696563738 46.8650368817, -115.697089799 46.8652009909, -115.697432778 46.8652429298, -115.697692791 46.8652729297, -115.697951806 46.8653039281, -115.698210777 46.8653339279, -115.698462758 46.8653649697, -115.698790803 46.8654068653, -115.699218789 46.8655059386, -115.699462869 46.8655669802, -115.699713808 46.8656239409, -115.699958756 46.8656849825, -115.700209869 46.8657458505, -115.700454774 46.8658028111, -115.70070593 46.8658638528, -115.70095001 46.8659218554, -115.701201774 46.8659828536, -115.701445854 46.8660398576, -115.701697835 46.8661007256, -115.701949773 46.8661577296, -115.702193853 46.8662187279, -115.702446008 46.8662797695, -115.702689914 46.8663367736, -115.702941852 46.8663977718, -115.703185931 46.8664557744, -115.703437913 46.866516816, -115.703681992 46.8665737767, -115.70393393 46.8666348183, -115.70417788 46.8666918223, -115.70442196 46.8667528206, -115.704894837 46.8668637896, -115.705176992 46.8668938329, -115.705437005 46.8669248312, -115.705695976 46.8669518354, -115.705955164 46.8669777977, -115.706215004 46.8670048019, -115.706474018 46.8670348017, -115.706733988 46.8670618059, -115.706993002 46.8670928043, -115.707252017 46.8671187665, -115.70751203 46.8671457707, -115.708022983 46.8672027748, -115.708290029 46.8671836721, -115.708549174 46.8671646997, -115.70881609 46.8671457707, -115.709289141 46.8671117333, -115.709587229 46.8670466975, -115.709831135 46.8669856992, -115.710090106 46.8669286952, -115.710548092 46.8667647163, -115.710777107 46.8666767139, -115.711014153 46.8665927491, -115.711242126 46.8665087408, -115.711479173 46.866424776, -115.711708144 46.8663407678, -115.712059199 46.8662147337, -115.712425145 46.8661307255, -115.712677126 46.8660737214, -115.712921206 46.8660127232, -115.713173144 46.8659557191, -115.713424126 46.8658987151, -115.713676238 46.8658407125, -115.713920318 46.8657837085, -115.714172125 46.8657227102, -115.714416205 46.8656655325, -115.714668143 46.8656085285, -115.714920124 46.8655515245, -115.715439108 46.8655205261, -115.715698123 46.8655096289, -115.715965169 46.8654935219, -115.716224184 46.8654786305, -115.716621128 46.8654556639, -115.716987248 46.8653716557, -115.717232196 46.8653185156, -115.717483135 46.8652615115, -115.717727215 46.8652035089, -115.717979153 46.8651465049, -115.718231134 46.8650895443, -115.718483246 46.8650325402, -115.718727152 46.8649716722, -115.719215181 46.8648605296, -115.719482227 46.8648145964, -115.719742241 46.8647656675, -115.719993354 46.8647195607, -115.720352266 46.864658519, -115.720764319 46.8646665943, -115.72102329 46.8646695899, -115.721290337 46.8646736275, -115.72155035 46.8646776217, -115.721809364 46.8646814856, -115.722076411 46.8646855232, -115.722343283 46.8646885189, -115.722603296 46.8646925565, -115.723114249 46.8647005883, -115.723388328 46.8647195607, -115.723648341 46.8647344521, -115.723915388 46.8647495605, -115.724174402 46.8647654939, -115.724434415 46.8647805589, -115.724701462 46.8647914561, -115.724960476 46.8648075631, -115.725418462 46.864837563, -115.725738475 46.8648305297, -115.726005348 46.8648224979, -115.726265361 46.8648184603, -115.726532407 46.8648105588, -115.726791378 46.8648075631, -115.727058468 46.8647995313, -115.727318438 46.8647914561, -115.727585354 46.8647884605, -115.728088405 46.8647195607, -115.728348592 46.8646855232, -115.728607606 46.8646504872, -115.728866577 46.8646164498, -115.72912659 46.8645824124, -115.729477471 46.8645363055, -115.729858526 46.8644184769, -115.730102606 46.8643413717, -115.730339478 46.8642694328, -115.730812529 46.8641204322, -115.731079576 46.8640823571, -115.731415696 46.8640283921, -115.731804434 46.8638954551, -115.732048514 46.8638114468, -115.732475502 46.8636624027, -115.732689582 46.8635173963, -115.732879523 46.8633883231, -115.733063733 46.8632624193, -115.733246467 46.8631323476, -115.733436582 46.8630064438, -115.733711487 46.8628193681, -115.734031499 46.8626634645, -115.734245579 46.8625563594, -115.734459486 46.8624534221, -115.734672567 46.8623503113, -115.734886473 46.862247374, -115.735100553 46.8621444802, -115.735321493 46.8620373317, -115.735534574 46.8619343945, -115.735748654 46.861831327, -115.736069665 46.8616754234, -115.736366538 46.8614883042, -115.736564511 46.861366438, -115.736801557 46.8612133997, -115.737106679 46.8611223583, -115.737472625 46.8611453249, -115.737724606 46.8612252955, -115.737968686 46.8613052661, -115.738220623 46.8613854104, -115.738601678 46.8615072766, -115.739036524 46.8613473354, -115.73930357 46.8611183641, -115.739471543 46.8608013469, -115.739570616 46.8606182654, -115.740066677 46.8602943887, -115.740379657 46.86024025, -115.740837643 46.8601602794, -115.741150753 46.8601493822, -115.741417669 46.8601413504, -115.741684541 46.8601343172, -115.741943686 46.8601224214, -115.742363814 46.8601113506, -115.742691685 46.8600122773, -115.742935765 46.8599393399, -115.743179714 46.8598672708, -115.743431652 46.8597873002, -115.744034645 46.8594932496, -115.744461806 46.8595163899, -115.744461806 46.8596952601, -115.744468666 46.8598783417, -115.744468666 46.8600613798, -115.744468666 46.8602442876, -115.744468666 46.8605423324, -115.744644671 46.8607292778, -115.744865784 46.8609542115, -115.745193872 46.8611141528, -115.745407778 46.8612211276, -115.745628717 46.8613282327, -115.745933839 46.8614800988, -115.746315892 46.861522168, -115.746582938 46.8615532098, -115.746841736 46.8615832097, -115.747108782 46.8616102139, -115.747368795 46.8616402137, -115.74762781 46.8616712121, -115.747886824 46.8616982163, -115.748170108 46.8617282161, -115.748649888 46.8616671745, -115.748909901 46.8616331805, -115.749161883 46.861599143, -115.749420854 46.8615642807, -115.749679868 46.8615342374, -115.749940055 46.8614992014, -115.750198853 46.8614652074, -115.750459039 46.8614311699, -115.75071788 46.8613961339, -115.750999992 46.8613622702, -115.751489019 46.8612702301, -115.751739959 46.8612211276, -115.751999972 46.8611751944, -115.752250911 46.86112505, -115.752502892 46.8610801154, -115.753029952 46.861064182, -115.753288923 46.8610571488, -115.753547938 46.861049117, -115.753816156 46.8610420837, -115.754074997 46.8610341822, -115.75434187 46.8610261504, -115.754707989 46.8610150795, -115.755113009 46.861064182, -115.755470923 46.861106121, -115.755638896 46.861198161, -115.755981876 46.8612321551, -115.756241889 46.8612551217, -115.756500903 46.8612780883, -115.756759874 46.8613050925, -115.757133896 46.8613350923, -115.757545948 46.8613431675, -115.757805961 46.8613471617, -115.758064933 46.8613540647, -115.758332153 46.8613580589, -115.758736 46.8613620965, -115.759117879 46.8614120673, -115.759376894 46.8614420671, -115.75983488 46.8615030654, -115.760139958 46.8614571322, -115.760399971 46.8614229645, -115.760658985 46.861388927, -115.760918 46.8613510256, -115.76117797 46.861311952, -115.761436984 46.861277958, -115.761696997 46.8612400566, -115.762101018 46.8611830526, -115.762436964 46.8612630232, -115.762764835 46.8613429939, -115.763154095 46.8614960321, -115.763382936 46.861583036, -115.763702949 46.8617089398, -115.764091862 46.8618120507, -115.764335941 46.8618730489, -115.764587923 46.8619379111, -115.764832002 46.8619989528, -115.765075909 46.8620639886, -115.765495993 46.8621709634, -115.765831939 46.8621969257, -115.766090954 46.8622170269, -115.766350967 46.8622389949, -115.766609982 46.8622579673, -115.766868953 46.8622809339, -115.767135869 46.8623000366, -115.767396012 46.8623230032, -115.767654853 46.8623419321, -115.76791504 46.8623610348, -115.768181912 46.8623840014, -115.768440927 46.8624029738, -115.768699898 46.8624259404, -115.768959911 46.8624448694, -115.769485972 46.8624299346, -115.769746159 46.8624259404, -115.770012858 46.8624148695, -115.770271872 46.862406968, -115.770538919 46.8624029738, -115.770798889 46.8623958971, -115.771263951 46.8623810057, -115.771577061 46.8624219028, -115.771828869 46.8624569388, -115.772087883 46.8624869386, -115.772346898 46.8625219746, -115.772659877 46.8625638702, -115.773132928 46.8625868368, -115.773392941 46.8625979076, -115.773652086 46.8626089785, -115.774125007 46.8626319451, -115.774437987 46.8626249118, -115.774704859 46.86261688, -115.774971906 46.8626059828, -115.77523092 46.8625979076, -115.775497966 46.8625898758, -115.775758153 46.8625830162, -115.776222999 46.8625709468, -115.77650498 46.8626478784, -115.776748886 46.8627119157, -115.777000998 46.8627809892, -115.777244904 46.8628458513, -115.777496885 46.8629147511, -115.777824973 46.8630057926, -115.778145984 46.8632007699, -115.778352163 46.8633187721, -115.778587863 46.8634637786, -115.779007991 46.8635968893, -115.779243996 46.8636738209, -115.779481042 46.8637497539, -115.779725122 46.8638258606, -115.779960996 46.8639028356, -115.78022101 46.8639898395, -115.780617954 46.8641928486, -115.781021975 46.8643988533, -115.781228023 46.8645467251, -115.781418963 46.8646917316, -115.781617109 46.8648407323, -115.781807875 46.8649857387, -115.781990913 46.8651188495, -115.782319175 46.8653597599, -115.782655121 46.8653597599, -115.782868029 46.865126751, -115.783150965 46.8648328741, -115.783340906 46.8650808178, -115.783394915 46.8652838269, -115.783447881 46.8654817998, -115.783493988 46.8656608437, -115.783546954 46.8658628542, -115.783714927 46.8659778608, -115.784141872 46.8659238524, -115.78443996 46.8658817832, -115.784920912 46.865820785, -115.785096092 46.86566067, -115.785263892 46.8655117996, -115.785446973 46.8653406573, -115.785652978 46.8650387486, -115.785759953 46.8648747697, -115.785873917 46.8647106606, -115.785980892 46.8645467251, -115.786094857 46.8643827463, -115.786202005 46.8642226747, -115.786415912 46.863902662, -115.78672099 46.8637187556, -115.786987732 46.8637187556, -115.787254778 46.8637187556, -115.787521825 46.8637187556, -115.787781968 46.8637187556, -115.788048884 46.8637187556, -115.788315757 46.8637187556, -115.788574728 46.8637227932, -115.788841774 46.8637187556, -115.789100789 46.8637187556, -115.789360802 46.8637187556, -115.78978779 46.8637227932, -115.790092868 46.8636317517, -115.790336774 46.8635586406, -115.790581895 46.8634907828, -115.790825802 46.8634176718, -115.791183846 46.8633107403, -115.791504901 46.8631467615, -115.791717808 46.8630396564, -115.792122785 46.8628337819, -115.792312726 46.8626928131, -115.792496806 46.8625637399, -115.792671812 46.8624297609, -115.792854894 46.8622996892, -115.793037758 46.8621707898, -115.793320738 46.8619647417, -115.793855004 46.861758737, -115.794136812 46.8617357704, -115.794395826 46.8617128038, -115.794662873 46.8616937011, -115.795021785 46.8616665233, -115.795433838 46.8615946278, -115.795692809 46.8615486946, -115.796051896 46.861487653, -115.796348812 46.861598622, -115.796737724 46.8615756554, -115.796997737 46.8615565528, -115.797386823 46.8615335862, -115.797775736 46.8615676236, -115.798034707 46.8615905902, -115.79829472 46.8616175944, -115.798553735 46.8616395191, -115.798813748 46.8616626593, -115.799072762 46.8616856259, -115.799331734 46.8617085925, -115.799599778 46.8617355967, -115.799858793 46.8617585633, -115.800117808 46.8617815299, -115.800377821 46.8618046701, -115.800682725 46.86183467, -115.801124821 46.8619416014, -115.801369726 46.8620066807, -115.801781778 46.8621055803, -115.802124932 46.8621706161, -115.802376739 46.8622235825, -115.802627679 46.8622695157, -115.80287979 46.8623186182, -115.803131771 46.862368589, -115.803383709 46.8624185598, -115.803634692 46.8624674886, -115.803886804 46.8625174594, -115.804138785 46.8625665619, -115.804390723 46.8626165327, -115.804848882 46.8627045351, -115.805130864 46.8627925376, -115.805580774 46.8629335499, -115.805832756 46.8630326231, -115.806061901 46.8631234476, -115.806289743 46.8632154876, -115.806518714 46.86330349, -115.806747729 46.8633945315, -115.806976874 46.8634825339, -115.807197814 46.863574574, -115.807426828 46.8636615778, -115.807777839 46.8638025901, -115.808212859 46.8638674523, -115.808540773 46.8636656155, -115.808739745 46.863539538, -115.809013868 46.8633685693, -115.809547787 46.8631425936, -115.809860766 46.8631085562, -115.810127813 46.8630785563, -115.810608939 46.8630245479, -115.810829705 46.8628954748, -115.811210759 46.8626624659, -115.811477805 46.8626435369, -115.811737949 46.8626245645, -115.812012897 46.8626054619, -115.812515817 46.8625663883, -115.81275269 46.8624753902, -115.812980663 46.8623833502, -115.813209678 46.8622923087, -115.813545754 46.8621624107, -115.813919775 46.8620673316, -115.814171756 46.8620063333, -115.814544736 46.8619104294, -115.814812781 46.8618953643, -115.815079653 46.8618844671, -115.815567639 46.8617813562, -115.815826654 46.8617273912, -115.816147665 46.8616554524, -115.816597793 46.8616323122, -115.816856807 46.8616174208, -115.817116821 46.8616013138, -115.817383867 46.861586379, -115.817779813 46.86156745, -115.81815379 46.8615024141, -115.818405772 46.8614603449, -115.818878693 46.8613843685, -115.819176737 46.8613463368, -115.819435752 46.8613193326, -115.819694723 46.8612893328, -115.819954562 46.8612583344, -115.820213577 46.8612272926, -115.82047359 46.8611974664, -115.820732605 46.861166468, -115.820991576 46.8611364682, -115.821251589 46.8611054264, -115.821510603 46.8610752529, -115.821770617 46.8610442545, -115.822029588 46.8610142546, -115.822281569 46.8609833865, -115.822540584 46.8609533866, -115.823013635 46.8608124178, -115.823250681 46.8607393067, -115.823494587 46.8606674113, -115.82390664 46.8605413338, -115.824234554 46.8604873688, -115.82474568 46.8604043592, -115.824974652 46.8603163567, -115.825409541 46.8601562852, -115.825531581 46.8599693397, -115.825653621 46.8597892973, -115.82577566 46.8596062592, -115.826042533 46.8595153913, -115.826477553 46.8595683578, -115.826752804 46.8596062592, -115.827110545 46.859652366, -115.827545564 46.8596293994, -115.827804579 46.8596183286, -115.828071625 46.8596062592, -115.828331638 46.859595362, -115.828590609 46.8595832926, -115.829071562 46.859560326, -115.829368608 46.8595153913, -115.82962059 46.8594733221, -115.829880603 46.8594314265, -115.830131542 46.8593853197, -115.830391555 46.8593432504, -115.83074261 46.8592862464, -115.831161522 46.8592592422, -115.831428568 46.8592401395, -115.831688582 46.8592211671, -115.832069593 46.8591982005, -115.832458549 46.8591142357, -115.832710486 46.8590612693, -115.833137474 46.8589692292, -115.833389586 46.8588322546, -115.83359546 46.8587211119, -115.83380954 46.8586111414, -115.834076586 46.8584661349, -115.834389566 46.8582371637, -115.834579507 46.858103228, -115.83486952 46.8578931423, -115.834884585 46.8576722028, -115.834892486 46.8574851271, -115.834907552 46.8572341878, -115.834793543 46.8569471705, -115.834671373 46.8566382285, -115.834274386 46.8564321804, -115.834045414 46.8562531365, -115.833870365 46.8561121676, -115.833671393 46.8559522264, -115.83371064 46.8556082484, -115.834076413 46.8556541816, -115.834465325 46.8557991881, -115.83469434 46.8558871905, -115.834923311 46.8559711988, -115.835151458 46.8560592012, -115.835380472 46.8561462051, -115.835609444 46.8562301699, -115.835838458 46.8563182157, -115.836204404 46.856455147, -115.836738323 46.8565201828, -115.836952403 46.8563641489, -115.837135485 46.8562231367, -115.837372358 46.8560432679, -115.83778441 46.8558642239, -115.838020415 46.8557571189, -115.838302396 46.8556352526, -115.83837147 46.8554062379, -115.838203323 46.8552161666, -115.838043382 46.8550401183, -115.837875408 46.8548572539, -115.837875408 46.8545821323, -115.838272396 46.8545371977, -115.838745447 46.8546171683, -115.839012363 46.8546661405, -115.839271335 46.8547122474, -115.839706354 46.8547881804, -115.839935369 46.8546850695, -115.840149449 46.8545861699, -115.84037842 46.8544791951, -115.840606393 46.8543761276, -115.840904307 46.8542391529, -115.841202352 46.8540220774, -115.841469398 46.8537852045, -115.841934287 46.8538041335, -115.842193258 46.8538121653, -115.84253728 46.8538271001, -115.842956366 46.8537551613, -115.843216379 46.853713092, -115.843468317 46.8536711964, -115.843727331 46.8536291272, -115.843979313 46.8535871882, -115.844238284 46.8535411248, -115.844490265 46.8534991858, -115.844841276 46.8534421817, -115.845245297 46.8533431084, -115.845497235 46.8532811117, -115.845871256 46.8531900702, -115.846168302 46.8529650931, -115.846306276 46.8525300737, -115.846168302 46.8523931424, -115.846206378 46.8520380502, -115.84622917 46.8518281816, -115.846268201 46.851477127, -115.84663419 46.8514542038, -115.847038168 46.8516302087, -115.847313289 46.8517520749, -115.84757226 46.851866083, -115.847839176 46.8519810896, -115.848167221 46.8519810896, -115.848633239 46.8516830014, -115.848846147 46.8514920618, -115.849006261 46.8513470553, -115.849174235 46.8512020488, -115.849335174 46.8510580409, -115.849502149 46.8509050026, -115.849525246 46.8505650189, -115.849533147 46.8503140796, -115.84970112 46.850061968, -115.849708154 46.8498599575, -115.849724261 46.8496649803, -115.849739152 46.8493290341, -115.849869093 46.8491880653, -115.850143173 46.8491310612, -115.850418121 46.8490700196, -115.850700059 46.8490090213, -115.851066352 46.8487800066, -115.851265193 46.8486539726, -115.851455091 46.8485319327, -115.851654106 46.8484100231, -115.851845219 46.8482879832, -115.852043192 46.8481619491, -115.852241165 46.8480400829, -115.852432104 46.847918043, -115.852623218 46.8477960031, -115.852814157 46.8476739633, -115.853004099 46.8475559176, -115.853271145 46.8473879445, -115.853401043 46.8472050801, -115.853401043 46.8468349228, -115.853538191 46.8465410459, -115.853836062 46.8462929286, -115.854102935 46.8462240288, -115.854514988 46.8460409907, -115.854735971 46.8459420911, -115.854957084 46.845847012, -115.855179022 46.8457509778, -115.855399961 46.8456520781, -115.855620901 46.845556999, -115.855850089 46.8454579258, -115.856071202 46.8453620652, -115.856292967 46.8452669861, -115.856506048 46.8451679128, -115.856864961 46.8450108369, -115.857139214 46.8448509391, -115.857345089 46.8447328934, -115.85754406 46.8446138926, -115.857742033 46.8444998845, -115.858002046 46.8443470199, -115.858406067 46.8442289742, -115.858649973 46.8441569051, -115.858893879 46.8440839677, -115.859229999 46.8439848945, -115.859572978 46.843820959, -115.859999966 46.8436189485, -115.860183872 46.8434850129, -115.860358879 46.8433519021, -115.860541917 46.8432179665, -115.860862972 46.842977881, -115.861130018 46.8428828453, -115.861365892 46.8427988805, -115.861830912 46.8426309074, -115.86205285 46.8425319644, -115.862273963 46.8424318925, -115.862532977 46.8423138903, -115.862830848 46.8420170177, -115.863189935 46.8418029378, -115.863532784 46.8416049215, -115.863600815 46.8413529836, -115.863662856 46.8411469355, -115.864074735 46.8411509731, -115.86435689 46.8411509731, -115.864646729 46.8411509731, -115.86492884 46.8411509731, -115.865248853 46.8409067197, -115.865493801 46.84071578, -115.865515769 46.8404257671, -115.865531833 46.8402118608, -115.865424728 46.8401208628, -115.865409793 46.8398797787, -115.865393859 46.8396628768, -115.865623048 46.8394107218, -115.865767707 46.8392548181, -115.86595882 46.8390488134, -115.866126793 46.8386788299, -115.866355808 46.8384578904, -115.866500815 46.8383088463, -115.866660712 46.8381517704, -115.867003692 46.8378818587, -115.867186773 46.8377397176, -115.867362778 46.8375987487, -115.867537784 46.8374617741, -115.867705758 46.8373278384, -115.86792674 46.8371487945, -115.86794263 46.83688978, -115.867949707 46.8367097375, -115.867957739 46.8365268296, -115.867965771 46.8363397539, -115.867972804 46.8361528519, -115.867980532 46.8359697704, -115.86799564 46.8356187592, -115.867896567 46.8354127111, -115.867614586 46.835149876, -115.867392778 46.8349367946, -115.867095558 46.8347337856, -115.866896587 46.8346047124, -115.866591639 46.834405741, -115.866553607 46.8341698667, -115.866492566 46.8338148179, -115.866622681 46.8336587406, -115.866751754 46.8334978008, -115.866889553 46.8333378595, -115.867018627 46.833177788, -115.867194501 46.8329677457, -115.867194501 46.8326777327, -115.867194501 46.8323498184, -115.866927585 46.8321208037, -115.866591465 46.8321248413, -115.866271452 46.8322168813, -115.866011439 46.8322887768, -115.8657605 46.8323617141, -115.865393556 46.832464825, -115.865065468 46.8323647532, -115.864699522 46.8322589506, -115.864394574 46.8319838724, -115.864272534 46.8317169997, -115.864196601 46.83154195, -115.864096703 46.8313198383, -115.864066703 46.8310148906, -115.864043563 46.8308358901, -115.864020596 46.8306570198, -115.863997456 46.8304509717, -115.864203504 46.8303629693, -115.864310783 46.8301609588, -115.864402475 46.8299929857, -115.864569624 46.8296989352, -115.864829767 46.8296190079, -115.864966568 46.8297070104, -115.864966568 46.8300348813, -115.864966568 46.8302938958, -115.864882603 46.8305379756, -115.864798769 46.8307748484, -115.864814528 46.8310799698, -115.864821561 46.8312589703, -115.864829767 46.8314579852, -115.865065468 46.8317087509, -115.865393556 46.8317778243, -115.865630602 46.8317278969, -115.86588254 46.8316707192, -115.866133479 46.8316137152, -115.866393492 46.8315567112, -115.866652507 46.8314997071, -115.866904618 46.8314417045, -115.867224501 46.8313698091, -115.867759592 46.8313887381, -115.868193613 46.831529707, -115.868460659 46.8318237575, -115.868590557 46.8322128437, -115.868560558 46.8325258233, -115.868529559 46.8327848378, -115.86843066 46.8330597423, -115.868361586 46.833234792, -115.868293511 46.8334218677, -115.868331586 46.8337648471, -115.868361586 46.8339938184, -115.868659631 46.834405741, -115.868865679 46.8345628169, -115.869048543 46.8347037857, -115.869231625 46.8348407604, -115.869406805 46.8349748697, -115.869590538 46.8351158385, -115.869590538 46.8354328557, -115.869590538 46.8356187592, -115.869590538 46.8358058349, -115.869590538 46.8361458186, -115.869857584 46.8364167289, -115.870131664 46.8363248625, -115.870459578 46.8362108545, -115.870856522 46.8359357763, -115.870940531 46.8356797574, -115.870993844 46.8355007569, -115.871047636 46.8353218867, -115.871100602 46.8351458384, -115.871154611 46.8349667945, -115.871207751 46.834787794, -115.871291542 46.8345247418, -115.871512829 46.8343148732, -115.871672596 46.8341698667, -115.871825634 46.8340208226, -115.872123549 46.8337427054, -115.87231349 46.833593835, -115.872489669 46.8334597257, -115.872664501 46.8333227945, -115.87284055 46.8331856461, -115.873015556 46.8330517105, -115.873183529 46.8329147358, -115.873358535 46.8327808002, -115.87353454 46.8326476895, -115.873824553 46.8324187182, -115.874114566 46.8322926407, -115.874343581 46.8321977787, -115.874564694 46.832101701, -115.87478546 46.8320066654, -115.875006573 46.8319077657, -115.875251521 46.8318046549, -115.875731432 46.83169768, -115.875983586 46.8316407194, -115.87647943 46.8315148156, -115.87672351 46.8314537739, -115.876975665 46.8313927757, -115.877219571 46.8313317341, -115.877616559 46.8312286666, -115.877982505 46.8312096942, -115.878241346 46.8311977984, -115.878508392 46.8311867276, -115.878775569 46.831170664, -115.879042485 46.8311597668, -115.879302455 46.8311486959, -115.879569544 46.8311368002, -115.879828342 46.8311216917, -115.880088529 46.831109796, -115.880416443 46.8310945573, -115.880782389 46.8309265842, -115.88101136 46.830823647, -115.88137735 46.8306595379, -115.881697362 46.8306945739, -115.882209313 46.8307515345, -115.882491468 46.8307326055, -115.882750439 46.8307175405, -115.883010452 46.8306975695, -115.883269467 46.8306786405, -115.883536513 46.8306595379, -115.883879319 46.8306365713, -115.884307479 46.8305755297, -115.884566493 46.8305376283, -115.884825465 46.8305036342, -115.885085304 46.8304655592, -115.885344319 46.8304276578, -115.88559643 46.8303926218, -115.885855618 46.8303545902, -115.886107426 46.8303165151, -115.886542445 46.8301185422, -115.886763385 46.830018644, -115.887107536 46.8298585291, -115.887473482 46.8298166335, -115.887732323 46.8297906713, -115.888137343 46.8297445644, -115.88847229 46.8296375896, -115.88871637 46.8295614829, -115.888953417 46.8294845513, -115.889189248 46.8294124388, -115.889502401 46.8293135392, -115.889922355 46.8292066078, -115.890166261 46.829141572, -115.890418373 46.8290805303, -115.890662322 46.8290154945, -115.890906402 46.8289504586, -115.891303346 46.828851559, -115.891585328 46.8287105467, -115.891799407 46.8286036153, -115.892012272 46.8285005044, -115.892226352 46.828393573, -115.892638231 46.8281915625, -115.892836421 46.8280425184, -115.893035392 46.8278945163, -115.893233365 46.8277495098, -115.893424305 46.8276045034, -115.893607386 46.8274705243, -115.893897226 46.8272534488, -115.893897226 46.8270665467, -115.893721177 46.8267954628, -115.893607386 46.8266355215, -115.893500238 46.8264675484, -115.893378198 46.8262955812, -115.89326419 46.8261205315, -115.8931494 46.8259445266, -115.89302736 46.8257695203, -115.892913179 46.8255975096, -115.892737174 46.8253345009, -115.892699272 46.8249685549, -115.892600373 46.8248765149, -115.892646132 46.8245375297, -115.8926681 46.8243574872, -115.892699099 46.8240985161, -115.892905277 46.8241935518, -115.893134118 46.8244876023, -115.893340166 46.8246825362, -115.893500238 46.8248275426, -115.893653146 46.8249725491, -115.893805186 46.8251175556, -115.893958224 46.825262562, -115.894118165 46.8254106076, -115.894271203 46.825555614, -115.894500218 46.8257695203, -115.894797438 46.8259445266, -115.895034137 46.8260863638, -115.895468332 46.8261543953, -115.895865276 46.8259443529, -115.896079356 46.8258303883, -115.89628523 46.8257153817, -115.896498138 46.8256054112, -115.896796183 46.8254454699, -115.897170161 46.8253264691, -115.89741424 46.8252543566, -115.897650115 46.8251814626, -115.898131067 46.8250334171, -115.89835218 46.8249333453, -115.898574162 46.8248384398, -115.898795275 46.8247393665, -115.899016215 46.8246404669, -115.899237154 46.8245413936, -115.899459092 46.8244413218, -115.899680205 46.8243464164, -115.899901188 46.8242473431, -115.900191201 46.8241174451, -115.900420172 46.8238503987, -115.900557147 46.8236864633, -115.901023338 46.8236483882, -115.901427186 46.8236173898, -115.901809065 46.823545451, -115.902060352 46.8234993441, -115.902426298 46.8234343083, -115.902854284 46.8232512702, -115.90302191 46.8229082908, -115.902892012 46.8225874097, -115.902587064 46.8223203634, -115.902289019 46.8220653864, -115.902219946 46.8218553441, -115.902654965 46.821809411, -115.903135918 46.821939309, -115.903394932 46.8220114215, -115.903753975 46.8221113196, -115.904021065 46.8223133301, -115.904219038 46.8227932842, -115.904380108 46.8229922557, -115.904502148 46.8231523706, -115.904654361 46.8233433102, -115.90518815 46.8234763776, -115.905608061 46.8234993441, -115.905867076 46.8235142789, -115.906127089 46.823530386, -115.906394309 46.8235452773, -115.906652976 46.8235563482, -115.906913119 46.8235722815, -115.907285968 46.8235913842, -115.907690988 46.8236562898, -115.907942926 46.823698359, -115.908194212 46.823739256, -115.908454052 46.8237813253, -115.90871324 46.8238233945, -115.908965004 46.8238622945, -115.909224019 46.8239033652, -115.909476174 46.8239452607, -115.909734971 46.8239871997, -115.909986953 46.824029269, -115.910246966 46.8240681689, -115.910498079 46.8241092396, -115.910758092 46.8241511352, -115.91101003 46.8241932044, -115.911383052 46.824251207, -115.91184907 46.8245021898, -115.912146116 46.8246022616, -115.912482062 46.8247122321, -115.91307737 46.8247311611, -115.913405068 46.8246592657, -115.913657223 46.8246022616, -115.913908987 46.8245482532, -115.914152936 46.8244912926, -115.914411907 46.8244341149, -115.914878142 46.8242741736, -115.915122222 46.8241902088, -115.915412061 46.824090137, -115.915655967 46.8238391542, -115.915808007 46.8236862896, -115.915953014 46.8235302123, -115.916143953 46.8233392726, -115.916143953 46.8230412279, -115.916143953 46.8227671049, -115.915992087 46.8225231988, -115.915892015 46.8223552257, -115.915708934 46.822057181, -115.915556894 46.8218632023, -115.915434854 46.8217021322, -115.915312988 46.8215421909, -115.91518995 46.8213861136, -115.914976868 46.8211001383, -115.914839894 46.8207112257, -115.915244088 46.8206882591, -115.915586894 46.8208211962, -115.915824114 46.8209091986, -115.91613692 46.8210312385, -115.916609971 46.8209851317, -115.916563908 46.8206951187, -115.916540941 46.82050114, -115.916502866 46.8202721687, -115.916303895 46.8198641101, -115.916441868 46.8196581054, -115.916731881 46.8195620277, -115.916975961 46.8194860947, -115.917228072 46.8194061241, -115.917486913 46.819330191, -115.917730819 46.8192500902, -115.917967866 46.8191771528, -115.91813484 46.8190361839, -115.918371887 46.8188341734, -115.918409745 46.8185590518, -115.918432711 46.8183801816, -115.918302813 46.8180591703, -115.918302813 46.8176930506, -115.918409745 46.8175061486, -115.918508991 46.8173351365, -115.918699757 46.8170030543, -115.918638759 46.816656211, -115.918607717 46.8164721309, -115.918569859 46.8162280511, -115.918234912 46.815816172, -115.918028734 46.8156941321, -115.917822685 46.8155680546, -115.917623888 46.8154421942, -115.917303658 46.8152441779, -115.917463773 46.8149731373, -115.917875652 46.8149241651, -115.918134666 46.8148931667, -115.918401713 46.8148591293, -115.918798657 46.8148091585, -115.919294718 46.814607148, -115.919470723 46.8144200723, -115.919615729 46.8142682062, -115.919897711 46.8139661239, -115.920072717 46.8138291492, -115.920255625 46.8136922179, -115.920431803 46.8135581086, -115.920606636 46.8134251716, -115.920797749 46.8132831607, -115.92124753 46.81315005, -115.92149161 46.813077156, -115.921735516 46.8130090811, -115.921980594 46.8129361438, -115.922292575 46.812844972, -115.922994814 46.8127990388, -115.923223655 46.8128900369, -115.923460528 46.8129780393, -115.923826648 46.8131190516, -115.924421609 46.8131160126, -115.924757555 46.8128679386, -115.92486466 46.8126580266, -115.924986526 46.8124099526, -115.925184673 46.812294946, -115.92558852 46.8122719794, -115.926023539 46.8124290553, -115.926344551 46.8124900535, -115.926786647 46.8125659865, -115.927107658 46.8125700241, -115.927374531 46.8125700241, -115.927633719 46.8125700241, -115.927892516 46.8125700241, -115.928419576 46.8125700241, -115.928709589 46.8125929907, -115.929182683 46.8126348863, -115.929380656 46.8125929907, -115.929418558 46.8123408792, -115.929441524 46.8121429063, -115.929479556 46.8118599266, -115.929609497 46.8115968744, -115.929716602 46.8113799725, -115.929685604 46.811066993, -115.929662464 46.8108839115, -115.929647703 46.8106929718, -115.929250585 46.8103268522, -115.928983538 46.8102128875, -115.928648591 46.8101739876, -115.928381544 46.8101479819, -115.928121531 46.8101169835, -115.927854485 46.8100869837, -115.927580579 46.8100559419, -115.927465572 46.8098730774, -115.927946525 46.8097590694, -115.928190605 46.8096980711, -115.928426479 46.8096329919, -115.92874749 46.8095488534, -115.92918251 46.8095299244, -115.929449556 46.8095139911, -115.929716602 46.8095029202, -115.930181448 46.8094799536, -115.930578609 46.8096860017, -115.930807754 46.8099258702, -115.931013455 46.8101479819, -115.931379575 46.8101669543, -115.931547548 46.8099798352, -115.931806562 46.8096860017, -115.9320285 46.809517855, -115.932378383 46.8092509823, -115.932584388 46.8091410118, -115.932798467 46.8090338633, -115.933042374 46.8089119971, -115.933294355 46.8086288438, -115.933439361 46.8084769777, -115.933584498 46.8083199019, -115.933721473 46.8081678621, -115.933866305 46.8080149541, -115.934004452 46.8078629144, -115.934240327 46.8076069389, -115.934538371 46.8075189365, -115.934866633 46.8074238574, -115.935270307 46.8071487792, -115.935270307 46.8068817329, -115.935270307 46.8066227183, -115.935430378 46.8061417657, -115.935728293 46.8060698703, -115.935964297 46.8063288849, -115.936170345 46.8065538186, -115.936399317 46.806572791, -115.936582398 46.8062527782, -115.936735263 46.8059818679, -115.936964278 46.8058678598, -115.937360397 46.8058447195, -115.937696343 46.805821753, -115.938017354 46.8056038091, -115.938261304 46.8054288028, -115.938200262 46.8051617564, -115.938154329 46.8049748544, -115.938093157 46.8047458397, -115.937841176 46.8044828309, -115.937689136 46.8043297927, -115.937536272 46.8041817471, -115.93726115 46.8038987674, -115.937292148 46.8037237611, -115.937330224 46.8035137188, -115.937826415 46.8035368591, -115.93826113 46.8037157293, -115.938459277 46.8040137741, -115.93869615 46.8041968556, -115.938871156 46.8043337869, -115.939047335 46.8044677659, -115.939230416 46.8046087348, -115.939382108 46.8047877787, -115.939558113 46.804997821, -115.93982516 46.80501675, -115.940138183 46.8048608463, -115.940344187 46.8047577788, -115.940557269 46.8046548416, -115.940771175 46.8045438726, -115.940992288 46.8044327299, -115.941221259 46.8043227594, -115.941442199 46.8042077528, -115.941663182 46.8040977823, -115.941885294 46.8039868133, -115.942289141 46.8037848028, -115.942465319 46.8036277269, -115.942617185 46.8034827204, -115.942777127 46.8033417082, -115.942930165 46.8031967017, -115.94309028 46.8030557328, -115.943250178 46.8029107264, -115.943411291 46.8027616823, -115.943571059 46.8026166758, -115.94373113 46.8024726679, -115.943891072 46.8023276614, -115.944051187 46.8021826549, -115.944212083 46.8020406875, -115.944364166 46.8018966796, -115.944524064 46.8017547122, -115.944685177 46.8016097057, -115.945120371 46.801434656, -115.945356071 46.8013427896, -115.945585042 46.8012517916, -115.94582109 46.8011597515, -115.946043202 46.80106871, -115.94634815 46.8009466702, -115.946775137 46.8009958161, -115.947180114 46.8010415756, -115.94744716 46.8008775967, -115.947523136 46.8006866571, -115.947606928 46.8004925481, -115.947873974 46.8001906394, -115.948339037 46.8000345621, -115.948872956 46.7996645785, -115.949011059 46.7994885737, -115.949132969 46.7993286324, -115.949255009 46.7991685609, -115.949468047 46.7988865797, -115.949650954 46.7987034982, -115.949795961 46.7985546712, -115.949940967 46.7984015895, -115.950085974 46.7982525454, -115.95023098 46.7981045433, -115.950467853 46.7978565996, -115.950574958 46.7976235907, -115.950666 46.7974215802, -115.950666 46.7970975298, -115.950666 46.7969146654, -115.950666 46.7967156505, -115.9507349 46.7963765351, -115.950772931 46.7961966663, -115.950802974 46.7960176224, -115.950864971 46.7957316036, -115.950627925 46.7953656576, -115.95061286 46.7951556153, -115.950596753 46.7949576424, -115.951031772 46.7946595977, -115.951092814 46.7944956188, -115.95099374 46.794194535, -115.950925839 46.7940185302, -115.951291785 46.7937216576, -115.951855747 46.7934235695, -115.952115717 46.7933434686, -115.952351765 46.793263498, -115.952588812 46.793187565, -115.952832718 46.79311059, -115.953068766 46.7930304891, -115.953297737 46.7929545126, -115.95355775 46.7928745854, -115.954022769 46.7924854992, -115.954137776 46.7923025913, -115.954320684 46.7920315074, -115.954343824 46.7917904667, -115.954358715 46.7916005256, -115.95437365 46.7914136235, -115.954388759 46.791230542, -115.954419757 46.7909324973, -115.954648728 46.7907955226, -115.954983676 46.790772556, -115.955319796 46.7908605584, -115.955586668 46.7910696022, -115.955952788 46.7912035378, -115.956196694 46.7910244939, -115.956517749 46.7907955226, -115.956578747 46.7905435413, -115.956814621 46.790333499, -115.95684562 46.7899254838, -115.956616648 46.7895595378, -115.956593508 46.7893764563, -115.956578573 46.7891855166, -115.956563682 46.7890024785, -115.956547575 46.7887775014, -115.956822653 46.7885593839, -115.956998528 46.788418415, -115.957341507 46.7881443354, -115.957455689 46.7879763624, -115.957570522 46.7878123835, -115.957738495 46.7875713428, -115.958005541 46.7873733699, -115.958180548 46.7872394343, -115.958356552 46.7871063235, -115.958531559 46.7869723879, -115.958768432 46.786793344, -115.959202452 46.7867244442, -115.959462466 46.7865643293, -115.959660438 46.786446327, -115.959859627 46.7863244608, -115.9600576 46.7862024209, -115.96024854 46.7860843752, -115.960446512 46.7859623354, -115.960667452 46.7858283998, -115.9608735 46.7855383868, -115.960988463 46.7853704137, -115.961163513 46.7851222964, -115.961407593 46.7849094321, -115.961568359 46.7847684198, -115.96175843 46.7845962789, -115.96175843 46.7842492619, -115.961659357 46.7841153263, -115.961346551 46.783841377, -115.96118648 46.7836994095, -115.961018333 46.7835544031, -115.96085036 46.7834093966, -115.960660419 46.7832454177, -115.960431404 46.7829483715, -115.960309364 46.7827922942, -115.960095458 46.7825173897, -115.960004286 46.7823113416, -115.959920278 46.7821393744, -115.959843346 46.7819683622, -115.959759512 46.7817844558, -115.959767413 46.7816014177, -115.959775271 46.7814183362, -115.95979038 46.7810793944, -115.95988928 46.780899352, -115.95998132 46.7807243457, -115.960057253 46.7805714376, -115.960095458 46.7802554625, -115.959958353 46.7798893428, -115.959759512 46.779671399, -115.959622233 46.7795223549, -115.959485259 46.7793743528, -115.959340252 46.7792174506, -115.959195246 46.7790613732, -115.959050239 46.778904471, -115.958905233 46.7787523879, -115.958691326 46.7785153848, -115.958729228 46.7783933015, -115.958790226 46.7782213343, -115.959157214 46.7782414355, -115.95942426 46.7783324769, -115.959752131 46.7785844148, -115.959988179 46.7787673227, -115.960255226 46.7790384067, -115.960454197 46.7791753379, -115.960644312 46.7793093169, -115.960835251 46.7794383901, -115.9610113 46.7795602563, -115.961186132 46.7796832947, -115.961148405 46.7800073451, -115.961125264 46.780186389, -115.961087406 46.7804383269, -115.961056365 46.7805263293, -115.960896293 46.7809112477, -115.960827567 46.7813083657, -115.9610113 46.781948261, -115.961110373 46.7821053369, -115.961217304 46.7822503434, -115.961301313 46.7823683457, -115.961476319 46.7824372454, -115.961720399 46.7825473896, -115.962094376 46.7827194002, -115.962277284 46.7827803985, -115.962590264 46.7828792981, -115.962956383 46.7828792981, -115.963093358 46.7827883, -115.963162432 46.7825443939, -115.963231331 46.7823343082, -115.963353371 46.7819453956, -115.963360578 46.7817393909, -115.963368263 46.7815593485, -115.963376338 46.7813803046, -115.963383371 46.7811973967, -115.963383371 46.7810022892, -115.963246396 46.7806743749, -115.963177497 46.7804993685, -115.963055283 46.780205318, -115.962903243 46.7799922366, -115.962720162 46.779728403, -115.962514157 46.7795223549, -115.962361249 46.7793743528, -115.962216243 46.7792253087, -115.962063204 46.7790762646, -115.961819125 46.7788323585, -115.961697258 46.7786112454, -115.961606217 46.7784432723, -115.961514177 46.7782752992, -115.961423179 46.7781073262, -115.961331139 46.7779353155, -115.961239272 46.7777683844, -115.961148231 46.7776004114, -115.961049158 46.7774173298, -115.960950258 46.7770813837, -115.960896119 46.7769023398, -115.960843153 46.7767263349, -115.960782111 46.776528362, -115.960454067 46.7762302739, -115.960461274 46.7759172943, -115.960469132 46.7757382504, -115.960477164 46.775555386, -115.960484067 46.7753723044, -115.960492098 46.7751892663, -115.960499132 46.7750063585, -115.960507207 46.7748303536, -115.960515065 46.7746323807, -115.960255052 46.7743423678, -115.960080046 46.7741514281, -115.960080046 46.7738313719, -115.960209987 46.7734912579, -115.960278192 46.7733123877, -115.960346918 46.7731373814, -115.960415992 46.7729613331, -115.960477033 46.7727863268, -115.960575933 46.7725263137, -115.960834904 46.7723513074, -115.961026017 46.7722214094, -115.961216957 46.7720912943, -115.961545045 46.7718663172, -115.961818951 46.7717523525, -115.962048139 46.7716603125, -115.962276937 46.771569271, -115.962506125 46.7714772309, -115.962734923 46.7713823689, -115.963214877 46.7712633247, -115.963466989 46.7712063641, -115.963710938 46.7711451488, -115.963962876 46.7710841505, -115.964206956 46.7710231089, -115.964450862 46.7709622843, -115.96470319 46.7709012427, -115.964947097 46.7708442386, -115.965267934 46.7707640943, -115.965710161 46.770714167, -115.96597 46.7706841671, -115.966465887 46.7706261645, -115.966709967 46.7705431548, -115.966946015 46.77045919, -115.967258995 46.7703522152, -115.967617907 46.7701802479, -115.967830945 46.770077137, -115.968044852 46.7699741998, -115.968357831 46.7698251557, -115.968692779 46.7696692521, -115.96891489 46.7695661846, -115.969127972 46.769467285, -115.969341878 46.7693641741, -115.969585958 46.7692532051, -115.96990584 46.7690010501, -115.970081845 46.7688641188, -115.970318023 46.7686771734, -115.970523724 46.7684250618, -115.970653969 46.7682651205, -115.970783737 46.7681052227, -115.970943852 46.7677691029, -115.971027817 46.7675980908, -115.971111955 46.7674261235, -115.971210725 46.7672160378, -115.971477945 46.7669191653, -115.971698711 46.7666211205, -115.971813891 46.7664571417, -115.972042689 46.7661401679, -115.972049722 46.765793151, -115.972057971 46.765614107, -115.972057971 46.7654350631, -115.972065655 46.7652521553, -115.972065655 46.7650681186, -115.972072688 46.7648890747, -115.972072558 46.7647021726, -115.971943615 46.7644961245, -115.971881619 46.7641680799, -115.971843717 46.7639241304, -115.971660809 46.7636611217, -115.971546671 46.7635011804, -115.971431664 46.7633370713, -115.971325731 46.7631761315, -115.971210551 46.763012196, -115.971103576 46.7628480869, -115.970989785 46.762684108, -115.970874605 46.7625242102, -115.970760597 46.7623601011, -115.970653839 46.7621961222, -115.970508659 46.7619820423, -115.97028772 46.7617151696, -115.97016568 46.7615590923, -115.970035565 46.7613991944, -115.969913525 46.7612421185, -115.969783627 46.7610821773, -115.969570545 46.7608191685, -115.969303499 46.7606701245, -115.969005758 46.7604981138, -115.968876511 46.7602471745, -115.968738538 46.7599990571, -115.968547599 46.759755151, -115.968303692 46.7594490311, -115.968090654 46.7593231706, -115.967884606 46.759205125, -115.967670526 46.7590830851, -115.967510759 46.7589002206, -115.967487488 46.7585910616, -115.967472554 46.7583741597, -115.967640353 46.7578970711, -115.967540628 46.7576180856, -115.967304407 46.7574161185, -115.967296549 46.7572181022, -115.967296549 46.7570380597, -115.967289342 46.7568551953, -115.96728144 46.7566761513, -115.96728144 46.7564930698, -115.967266505 46.7562261971, -115.967289342 46.755951119, -115.967304407 46.7557720751, -115.967319342 46.7555932048, -115.967334233 46.7554131623, -115.967342308 46.7552341184, -115.967357547 46.7550550745, -115.967373307 46.7548760306, -115.967388545 46.7546961618, -115.967395275 46.7545131237, -115.967411382 46.7543340798, -115.967426273 46.7541552095, -115.967441381 46.753975167, -115.967449413 46.7537961231, -115.967464348 46.7536170792, -115.967479413 46.7534370367, -115.967495346 46.753209064, -115.967601453 46.7529031177, -115.967655288 46.7527240738, -115.967716112 46.7525452035, -115.96783012 46.7522050896, -115.967601149 46.7518812128, -115.967395275 46.7515831247, -115.96713626 46.7514540516, -115.966732282 46.7512441829, -115.966488203 46.7511710719, -115.966243255 46.7510991764, -115.965999175 46.7510270639, -115.965664227 46.7509241701, -115.965267283 46.7506530862, -115.965084201 46.7503821759, -115.964931163 46.750149167, -115.964733364 46.7498971857, -115.964351137 46.7496801101, -115.964145263 46.7495651035, -115.963947116 46.7494471012, -115.963741285 46.7493330931, -115.963535237 46.7492182602, -115.963291157 46.7490771176, -115.962970146 46.748845281, -115.962795096 46.7487151659, -115.962612058 46.7485812303, -115.962322393 46.7483711879, -115.962024131 46.74822718, -115.961658185 46.7480511752, -115.961353107 46.7479522755, -115.961109201 46.7478791645, -115.960872154 46.7478072691, -115.960636106 46.7477311624, -115.9603922 46.747658225, -115.960155327 46.7475821183, -115.959896139 46.7475021477, -115.95946112 46.7473261428, -115.959240354 46.747235275, -115.959011209 46.7471434086, -115.958789054 46.7470523671, -115.958561081 46.7469603271, -115.95826334 46.7468382872, -115.957851114 46.74675836, -115.957599176 46.7467083892, -115.957347195 46.7466592867, -115.957096082 46.7466093159, -115.956836068 46.7465603437, -115.956585303 46.7465104163, -115.956173076 46.746430272, -115.956073178 46.7463384056, -115.956501164 46.7461402591, -115.956768341 46.7460183928, -115.957248121 46.7461593617, -115.957492071 46.7462313005, -115.957836222 46.7463384056, -115.95823334 46.7463613722, -115.958492181 46.7463803012, -115.958751369 46.7463954097, -115.959018069 46.7464153372, -115.959278082 46.746430272, -115.959545302 46.7464493746, -115.959896139 46.7464721676, -115.960292128 46.7465751048, -115.960537207 46.7466401406, -115.960788146 46.7467041779, -115.961032052 46.7467662181, -115.961277174 46.7468302554, -115.961658185 46.7469301536, -115.961956273 46.7470902685, -115.962162104 46.747200239, -115.962368152 46.7473152456, -115.962589092 46.7474332479, -115.963047078 46.7475631893, -115.963291157 46.7476312208, -115.963535063 46.7477001206, -115.963787349 46.7477732316, -115.964229097 46.7479522755, -115.964458242 46.7480431434, -115.964748082 46.7481621442, -115.965107168 46.7483452257, -115.965320076 46.7484521571, -115.965526254 46.7485621276, -115.965740334 46.7486691024, -115.965953068 46.7487762075, -115.966159116 46.7488831389, -115.966373196 46.7489931094, -115.966579201 46.7491000842, -115.966983048 46.7493020948, -115.967243061 46.749363093, -115.967495173 46.7494171014, -115.967876227 46.7495041053, -115.968258107 46.7495270719, -115.968708234 46.7495540326, -115.969242153 46.7494360304, -115.9695092 46.7492340199, -115.9695392 46.7489550778, -115.969562166 46.7487721699, -115.969608099 46.7484330545, -115.969745074 46.7482610438, -115.969936144 46.7480211753, -115.970012251 46.7477571246, -115.970104117 46.7474252161, -115.970332958 46.7471970697, -115.970477965 46.7469331926, -115.970562103 46.7467660445, -115.970653145 46.7465940772, -115.970736979 46.7464261041, -115.970829019 46.7462540935, -115.970920017 46.7460861204, -115.971065024 46.7458041393, -115.97123317 46.745594097, -115.971362938 46.7454341557, -115.971492011 46.7452780784, -115.971659984 46.7450720737, -115.971721026 46.7447781968, -115.971752024 46.7446031905, -115.971789926 46.7444191104, -115.971827957 46.7442400665, -115.971896857 46.7439041204, -115.972095004 46.7435841076, -115.972109939 46.7433740653, -115.972125872 46.7431490882, -115.972254945 46.7428441838, -115.97233891 46.7426721732, -115.972415885 46.7424971669, -115.972483916 46.7423251562, -115.972590891 46.7420961415, -115.972857764 46.7418671702, -115.973033942 46.7417301955, -115.973200743 46.741589053, -115.973521928 46.7413221803, -115.97358297 46.7410471022, -115.973918916 46.7409020957, -115.97415479 46.7408031526, -115.974383762 46.7407040794, -115.974642776 46.7404100722, -115.974780749 46.7402541686, -115.97492593 46.7400970927, -115.975077796 46.739922043, -115.975039721 46.7396511761, -115.974986928 46.7393961991, -115.974948722 46.7391971843, -115.974879823 46.7388731339, -115.975108968 46.7386671292, -115.975611715 46.7386550598, -115.975970801 46.7386441626, -115.976206675 46.738427087, -115.976374822 46.7382782166, -115.976672693 46.7380030951, -115.977168754 46.7379119233, -115.977435801 46.7379610258, -115.977999719 46.7378889567, -115.978533638 46.737567902, -115.978961625 46.7374500734, -115.979395645 46.737567902, -115.979861663 46.7375989438, -115.980120678 46.7376140088, -115.98038755 46.7376289436, -115.980647564 46.7376480463, -115.980906578 46.7376639796, -115.981173624 46.7376790447, -115.981432596 46.7376980171, -115.981692609 46.7377129085, -115.982188843 46.7377439503, -115.982585788 46.7376559478, -115.98285266 46.73747304, -115.982867595 46.7372359935, -115.98288253 46.7369240125, -115.983012775 46.7366910036, -115.983119533 46.7365119597, -115.982836597 46.7362710926, -115.982516541 46.7359889378, -115.982409609 46.7357720359, -115.982249842 46.7354360898, -115.982348568 46.735348044, -115.982661547 46.7353629788, -115.982966495 46.7353750482, -115.983347549 46.7353939772, -115.983882467 46.7352530083, -115.984156547 46.735058031, -115.984339454 46.7349279594, -115.984530568 46.7347950223, -115.984713476 46.7346649506, -115.984896514 46.7345360077, -115.985171592 46.7343410739, -115.985240665 46.7340210177, -115.985140593 46.7337690798, -115.985339565 46.7335169682, -115.985430606 46.7331810221, -115.985476366 46.7329979406, -115.985537408 46.7327850329, -115.985911385 46.732662993, -115.986369371 46.7325099547, -115.986605419 46.7323798397, -115.986811467 46.732265875, -115.987025374 46.7321508684, -115.987231378 46.7320408979, -115.987460393 46.7319149941, -115.987635399 46.7316018409, -115.987734473 46.7314229706, -115.987826339 46.7312549976, -115.988307465 46.7312129283, -115.988627478 46.7311819299, -115.989024249 46.7309079806, -115.98942827 46.7307779089, -115.989665316 46.7307019759, -115.989955329 46.7306099358, -115.990191377 46.7303469271, -115.990344242 46.7301910234, -115.99048139 46.7300339476, -115.990717264 46.7297860039, -115.991145381 46.7297408956, -115.99161027 46.7298278994, -115.991976389 46.7298089705, -115.992411409 46.7296029223, -115.99283132 46.7295918515, -115.993121333 46.7295839934, -115.993472387 46.7295759616, -115.993571287 46.7295078867, -115.993571287 46.7291908695, -115.993571113 46.7288899594, -115.993708262 46.7288438525, -115.993968231 46.728912926, -115.994135206 46.7290499007, -115.994540225 46.7291229683, -115.994807272 46.728951001, -115.995005245 46.7288287875, -115.99520426 46.72870271, -115.995402232 46.7285768062, -115.995600205 46.7284547663, -115.996028192 46.7284547663, -115.996249131 46.7286227394, -115.996432213 46.7287597141, -115.996661184 46.7289317247, -115.997126203 46.7289997562, -115.997729196 46.7287977891, -115.997981177 46.728629816, -115.998171292 46.7285006995, -115.998492129 46.7282908309, -115.998599234 46.7280807886, -115.998683243 46.7279087779, -115.998766209 46.7277378092, -115.998850217 46.7275617609, -115.998828249 46.727382717, -115.998789175 46.7271468861, -115.998889117 46.7269476976, -115.999682181 46.726943877, -115.999919054 46.7268717645, -116.000163133 46.7266768307, -116.000514188 46.7263908119, -116.000979207 46.7263447051, -116.001193114 46.7259787591, -116.00136812 46.7257008156, -116.001399162 46.7254637691, -116.001437193 46.7252007603, -116.001627134 46.7249608484, -116.001765108 46.7247997784, -116.001895179 46.7246398371, -116.002101227 46.7243768284, -116.002078087 46.7241518513, -116.00206198 46.7239687697, -116.002039014 46.7237778301, -116.002009014 46.7234417537, -116.002337058 46.7231638102, -116.002519966 46.7230188037, -116.002841021 46.7227557515, -116.002841021 46.7225497468, -116.002841021 46.7223547696, -116.002841021 46.7221607909, -116.003229934 46.7220228611, -116.003474013 46.7219358572, -116.003870958 46.7217938463, -116.004068931 46.7215958734, -116.004221144 46.7214438337, -116.00436615 46.7212947896, -116.004519058 46.7211417514, -116.004701966 46.7209548059, -116.004710172 46.7206497279, -116.004716858 46.7204668201, -116.004716858 46.7202877761, -116.004724933 46.7201077337, -116.004732965 46.7199288634, -116.004732965 46.7197377501, -116.004739998 46.7194177373, -116.004907971 46.7193528751, -116.005304959 46.7195128164, -116.00553393 46.7198177207, -116.00565597 46.7199828718, -116.005777836 46.7201498029, -116.005998949 46.720451755, -116.00646501 46.7205387589, -116.006830956 46.7204777173, -116.00699893 46.7203598886, -116.007181968 46.7202338112, -116.007365049 46.7201077337, -116.007547957 46.7199828718, -116.007730995 46.7198527567, -116.007914077 46.7197228587, -116.008105016 46.7195927436, -116.008288054 46.7194638442, -116.008478994 46.7193337725, -116.008668935 46.7192038311, -116.008853015 46.7190747579, -116.009043087 46.7189488541, -116.009226168 46.7188187825, -116.009409076 46.718688841, -116.009593113 46.718562807, -116.009776021 46.7184337338, -116.009965962 46.7183037924, -116.010149868 46.7181777149, -116.010493021 46.7179378464, -116.010644887 46.7177698734, -116.01078286 46.7176168351, -116.010919965 46.7174607578, -116.011057114 46.7173078498, -116.011194913 46.7171517724, -116.01133992 46.7169987342, -116.011476894 46.7168468681, -116.011659932 46.71664082, -116.011980944 46.7164497067, -116.012170885 46.7163278405, -116.012376933 46.7162098382, -116.012575904 46.7160917925, -116.012773877 46.7159687541, -116.013025859 46.715820752, -116.013208897 46.7155377723, -116.013322905 46.715362766, -116.013682165 46.7151257195, -116.013872931 46.7150008142, -116.01412387 46.7148397007, -116.014368949 46.7145847238, -116.014619931 46.7143327859, -116.014749829 46.7141158406, -116.014856804 46.7139207331, -116.014879771 46.7135928187, -116.014902911 46.7134137748, -116.014917802 46.7132337323, -116.014932737 46.7130508679, -116.014955877 46.7127568174, -116.014894836 46.7124597712, -116.014604823 46.7122158651, -116.014421785 46.7120587892, -116.014246778 46.7119107437, -116.014078805 46.7117687763, -116.013940658 46.7116507306, -116.013727751 46.7114718603, -116.013925897 46.7113307178, -116.014116663 46.7111897489, -116.01431481 46.7110447425, -116.014596965 46.710838868, -116.014795762 46.7104268152, -116.014833664 46.7102248047, -116.014871695 46.7100447622, -116.014902911 46.7098618978, -116.014940769 46.7096828538, -116.014993735 46.7093736948, -116.014841869 46.7091867928, -116.014665691 46.7089847823, -116.014253985 46.7088738132, -116.014001657 46.7088017442, -116.01370461 46.7086218754, -116.013803684 46.708297825, -116.014146663 46.7081417477, -116.014368645 46.7080388104, -116.014604649 46.7079356995, -116.014780697 46.7078017639, -116.015069538 46.7075917216, -116.015016572 46.7073667445, -116.01497867 46.7071838801, -116.014940595 46.7070007985, -116.014902737 46.706817717, -116.014863837 46.7066348526, -116.014818555 46.7064519447, -116.014772622 46.7062189358, -116.014940595 46.7059599213, -116.015039538 46.7057919482, -116.015146643 46.7056239751, -116.015253575 46.7054558284, -116.015359551 46.7052878553, -116.015504558 46.705055845, -116.015543588 46.7047729087, -116.015573761 46.7045289592, -116.015428625 46.7042470215, -116.015337583 46.7040750108, -116.015245543 46.7038879351, -116.014879597 46.7036748537, -116.014680756 46.7035598471, -116.014474751 46.7034379809, -116.014268529 46.7033199786, -116.01407073 46.7032019329, -116.013864552 46.7030829321, -116.013666405 46.702968924, -116.013284352 46.7027439469, -116.013032545 46.7027099529, -116.0127734 46.7026708793, -116.012514385 46.7026329779, -116.012254372 46.7025949463, -116.011987326 46.7025609088, -116.01152248 46.702492009, -116.011301541 46.7023508665, -116.010995594 46.702148856, -116.010393427 46.7020990589, -116.010286626 46.7019349497, -116.010171489 46.7017639376, -116.010057307 46.7015840688, -116.009950376 46.7014129264, -116.009798336 46.7011879493, -116.009454315 46.7011190496, -116.009202377 46.7010650846, -116.008943536 46.7010159387, -116.008676489 46.7009619737, -116.008417301 46.7009090073, -116.008150429 46.7008560408, -116.007837275 46.7007949992, -116.007608304 46.7008860407, -116.007349289 46.7011679784, -116.007143241 46.7013929555, -116.006776297 46.7014129264, -116.006578324 46.7012979198, -116.006479424 46.7010999469, -116.006395242 46.7009200781, -116.006311278 46.7007450284, -116.006219411 46.7005619903, -116.006135403 46.7003829464, -116.006044405 46.7001990399, -116.00560118 46.7001080419, -116.005327231 46.700055032, -116.005022153 46.6999940338, -116.004915352 46.6997231235, -116.004838246 46.6995362214, -116.00475528 46.6993070331, -116.004457192 46.6989441262, -116.004022172 46.6986661826, -116.003763158 46.6985551702, -116.003427385 46.6984101637, -116.003221207 46.6981890506, -116.002962366 46.6979141461, -116.002702179 46.6977850729, -116.002397101 46.6976362025, -116.002000114 46.6976021651, -116.001749174 46.6975751609, -116.001405196 46.6975441625, -116.000978209 46.6973880852, -116.000818094 46.6972471163, -116.000581221 46.6970451058, -116.000597154 46.6967661637, -116.000604188 46.6965830822, -116.000612089 46.6964040817, -116.000444116 46.6961982072, -116.000238068 46.6959311609, -116.00000927 46.6956522188, -115.999940197 46.6954391374, -115.999879155 46.6952631326, -115.999779908 46.69494325, -115.999550937 46.6947982436, -115.99936117 46.6946762037, -115.999170056 46.6945541638, -115.998849045 46.6943481591, -115.998697005 46.6941342529, -115.998581999 46.6939592465, -115.998581999 46.693684125, -115.998742938 46.6934361813, -115.999375931 46.6931612768, -115.999375931 46.6929322621, -115.999277031 46.6928642306, -115.999254064 46.6926461131, -115.999238131 46.6924521778, -115.999405931 46.6922501673, -115.999436929 46.6918111103, -115.999283891 46.6916282024, -115.99914709 46.6914711265, -115.998940911 46.6912201872, -115.998673865 46.6910481765, -115.99837595 46.6908534163, -115.998246877 46.6906133308, -115.998155011 46.6904453577, -115.998070872 46.6902773847, -115.997971973 46.6900983407, -115.997636027 46.6898393696, -115.997407186 46.6896673589, -115.997109966 46.6892782727, -115.99679716 46.6891942645, -115.9964079 46.6890953648, -115.996209753 46.6888893601, -115.996148712 46.6887103162, -115.996079812 46.6885042681, -115.995957772 46.6881832568, -115.995888699 46.6880122881, -115.995827874 46.6878362398, -115.995758974 46.6876642291, -115.995690726 46.6874893965, -115.995629901 46.6873133916, -115.995507861 46.6869933788, -115.995499786 46.6867873307, -115.995491754 46.6866042926, -115.99547682 46.6863063781, -115.995629901 46.6860894762, -115.995736659 46.6859293613, -115.995850841 46.6857654258, -115.995972881 46.685601447, -115.995972881 46.6850743875, -115.995850841 46.6849034188, -115.995736659 46.684727414, -115.995469786 46.6846164015, -115.99501866 46.6846583405, -115.994759689 46.6846814808, -115.994439633 46.6847084415, -115.994240661 46.6846164015, -115.994072688 46.6842963887, -115.994065655 46.6840984158, -115.994057753 46.6839183734, -115.994042688 46.6836134256, -115.994233975 46.6834193167, -115.994378808 46.6832743102, -115.994568879 46.6830874081, -115.994805622 46.6826984956, -115.994736549 46.6823964132, -115.994286594 46.6823893366, -115.99402758 46.6823814784, -115.993760533 46.6823734032, -115.993500694 46.6823704076, -115.993241549 46.6823623758, -115.992974677 46.6823543006, -115.99283653 46.6822634327, -115.992501582 46.6822254011, -115.992241569 46.6821985706, -115.991883828 46.6824465143, -115.991700964 46.6825725918, -115.991417811 46.6827705647, -115.991066756 46.6828815337, -115.990616672 46.6830225025, -115.990120784 46.6830225025, -115.989785663 46.6828855713, -115.989586691 46.6824545461, -115.989190746 46.6824315795, -115.988656827 46.6825185834, -115.988259665 46.6822896121, -115.988053834 46.6821754303, -115.987824819 46.6820424932, -115.988030694 46.6817105847, -115.988221937 46.6814014691, -115.988388608 46.6813096028, -115.988732586 46.6812825986, -115.988991601 46.6812604569, -115.989289819 46.6812405293, -115.989846531 46.681008519, -115.990212651 46.6806875076, -115.990296789 46.6805005622, -115.990448525 46.6801654843, -115.990685571 46.6800774385, -115.990921619 46.6799934737, -115.991150764 46.6799054712, -115.991440604 46.6797984964, -115.991570545 46.6795014502, -115.991646652 46.6793294396, -115.991768518 46.6790434642, -115.991768518 46.6788035523, -115.991768518 46.678517577, -115.991539503 46.678177463, -115.991539503 46.6779035137, -115.991639749 46.6778074794, -115.991639749 46.6774225611, -115.991272457 46.6770755441, -115.991272457 46.6767855311, -115.991265597 46.6766064872, -115.991265597 46.676392581, -115.990937509 46.6760264613, -115.990952444 46.6757704858, -115.990960302 46.6755914419, -115.990967379 46.6754125717, -115.990982444 46.6752325292, -115.990998551 46.6749046583, -115.991265424 46.6746335743, -115.991295423 46.6743135615, -115.991066452 46.6740386137, -115.990708364 46.6738215381, -115.990502316 46.6736956343, -115.990036472 46.6736035942, -115.989899497 46.6733526549, -115.989632451 46.6731345374, -115.989365405 46.6729216731, -115.989312265 46.6726656542, -115.989266331 46.6724636871, -115.98903736 46.6721426323, -115.988694337 46.6718985526, -115.988511299 46.6717696531, -115.988305251 46.6716206091, -115.987839407 46.6715406384, -115.987580566 46.6714947052, -115.987328281 46.6714528096, -115.9870763 46.6714067028, -115.986824362 46.6713648072, -115.986573553 46.671322738, -115.986313409 46.6712768048, -115.986046363 46.6712316965, -115.985978288 46.6710256484, -115.986275334 46.6709338254, -115.986779253 46.6708917128, -115.987030366 46.6708727838, -115.987282348 46.6708496435, -115.987542361 46.6708307145, -115.987938307 46.6707966771, -115.988297393 46.6708305409, -115.988556408 46.6708575451, -115.988816421 46.6708845058, -115.989296331 46.6709296141, -115.989579311 46.6710095848, -115.989823391 46.6710746206, -115.990128338 46.6711585854, -115.990471318 46.6713535627, -115.990677366 46.6714716084, -115.990876511 46.6715855731, -115.991082342 46.6717005797, -115.99128839 46.6718145878, -115.991654336 46.6720246301, -115.991974349 46.6720975675, -115.992257329 46.6721616047, -115.992386272 46.6720475967, -115.992455302 46.6717726488, -115.992279297 46.671563605, -115.992020282 46.6712466313, -115.991570371 46.6710786582, -115.991341357 46.6709906124, -115.991112385 46.6709036085, -115.990876511 46.6708116119, -115.990525283 46.6706816704, -115.990273345 46.6704756657, -115.99009734 46.6703385174, -115.989930539 46.6701975485, -115.989861118 46.6698126302, -115.989579137 46.6695526171, -115.989396273 46.6693776108, -115.989022252 46.6691826769, -115.988816247 46.6690727064, -115.988610199 46.668961694, -115.988366119 46.6688277584, -115.988038378 46.6685917104, -115.987702432 46.6683516683, -115.987442289 46.6682557643, -115.987206241 46.6681717995, -115.98690112 46.6680577914, -115.986641106 46.6678177492, -115.986474175 46.6676727428, -115.986268301 46.6674856671, -115.986168229 46.6670737879, -115.986603248 46.6671186791, -115.986977226 46.6672527884, -115.987214273 46.667332759, -115.987442289 46.6674167673, -115.987679162 46.6675007321, -115.987908133 46.6675807027, -115.988144181 46.6676606734, -115.988373152 46.6677446382, -115.98879328 46.6678936823, -115.989098185 46.6679397891, -115.989388198 46.6679847238, -115.989838152 46.6681107578, -115.990082232 46.6681796576, -115.990326138 46.6682485574, -115.990563184 46.6683166323, -115.990807264 46.6683814945, -115.99105117 46.6684505679, -115.99129525 46.6685186428, -115.991654162 46.66862158, -115.992073292 46.6686415076, -115.992547168 46.6686636493, -115.992775184 46.6688016225, -115.992852116 46.6691405643, -115.992897224 46.6693355415, -115.992943157 46.6695296505, -115.992981189 46.6697165959, -115.99347725 46.6697625291, -115.993721156 46.6696936294, -115.994141241 46.6695796213, -115.99438519 46.6694116482, -115.99457626 46.6692815765, -115.99460613 46.6689345596, -115.994637128 46.6686636493, -115.994805275 46.6684155319, -115.995072147 46.6683895697, -115.995331162 46.668488643, -115.995575242 46.668583505, -115.995903113 46.6687055448, -115.996430346 46.6687055448, -115.996720185 46.6685154735, -115.996911125 46.6683895697, -115.997109098 46.6682594546, -115.997361079 46.6680914815, -115.997605159 46.6678435812, -115.99785714 46.6675845667, -115.99810122 46.6674244518, -115.998307051 46.6672865219, -115.998528164 46.6671455097, -115.99874207 46.6670045408, -115.998955151 46.6668635719, -115.999169058 46.6667265973, -115.999367204 46.666592488, -115.99955797 46.6664665842, -115.999732977 46.6663525761, -115.999909025 46.6662375695, -115.999978055 46.6660504937, -115.999877983 46.6659824623, -115.999328999 46.6660204939, -115.998818003 46.6660545313, -115.998382984 46.66580255, -115.998475197 46.6656126523, -115.998550957 46.6654406417, -115.998641998 46.6652615978, -115.998726006 46.6650815553, -115.998809971 46.6648916142, -115.998748973 46.6645216306, -115.998374952 46.6642805899, -115.998145981 46.6641325444, -115.998115937 46.6639756422, -115.998246052 46.6637466709, -115.998550957 46.663567627, -115.998908871 46.6633575847, -115.998908871 46.6631515365, -115.998908871 46.6629605969, -115.998908871 46.6626486159, -115.999404932 46.662396678, -115.999543035 46.6622246673, -115.999702977 46.6620305584, -115.999954958 46.6619306168, -116.000167996 46.6618476505, -116.000480976 46.6616376082, -116.000657024 46.6615226016, -116.000985068 46.6613125593, -116.001496021 46.6609776117, -116.001754862 46.6608136762, -116.001960736 46.6605995963, -116.002220749 46.6603365442, -116.00247972 46.6602066462, -116.002693974 46.6600995411, -116.002906708 46.6599966038, -116.003150788 46.6598785582, -116.003417834 46.6594435387, -116.003417834 46.659104597, -116.00325086 46.6588866531, -116.003082887 46.6586695776, -116.0027238 46.6585205335, -116.002357854 46.6583686674, -116.001998768 46.6583416632, -116.00173997 46.658318523, -116.001480782 46.6582955564, -116.000991798 46.6582575248, -116.000762957 46.6581275833, -116.000556778 46.6580136187, -116.000190789 46.6577995387, -116.000053684 46.6575975282, -115.999946709 46.657437587, -115.999824669 46.6572545489, -115.999824669 46.6570255341, -116.000022686 46.6567506297, -116.000022686 46.6565675481, -116.000022686 46.6563885042, -116.000022686 46.6562056398, -116.000022686 46.6560255973, -116.000022686 46.6558356562, -115.999832744 46.6555147751, -115.999687738 46.6552626636, -115.999458723 46.6550497559, -115.999298652 46.654908787, -115.99914557 46.6547637805, -115.998985672 46.6546217697, -115.998825557 46.6544777618, -115.998588511 46.6542596877, -115.998619553 46.6540047107, -115.998641651 46.6538246683, -115.998664618 46.653649662, -115.998687584 46.6534167833, -115.998847525 46.653130808, -115.998947597 46.6529666988, -115.999053574 46.6527757592, -115.999168537 46.6524476712, -115.999236612 46.6522757039, -115.999298652 46.6521006542, -115.999359476 46.6519256479, -115.999427551 46.6517536806, -115.999488593 46.651577806, -115.999549591 46.6514027997, -115.999618491 46.6512267949, -115.999679533 46.6510557827, -115.999748563 46.6508757403, -116.00020555 46.6509297053, -116.000457705 46.6509567095, -116.000976516 46.6510137135, -116.001350537 46.6511127868, -116.001594617 46.6511816866, -116.001838523 46.6512497615, -116.002204469 46.6513526553, -116.002769603 46.6512807598, -116.003021715 46.6511357534, -116.003227589 46.6510137135, -116.003532493 46.650830632, -116.003601567 46.6504147586, -116.004119726 46.6503496794, -116.004501475 46.6503037462, -116.004997493 46.6499607668, -116.005264539 46.6499106658, -116.005447621 46.6501966411, -116.005660485 46.6505096206, -116.005912466 46.6506626589, -116.006111438 46.6507805309, -116.006423592 46.6509676067, -116.006614532 46.6511925838, -116.006851579 46.6514715258, -116.00713356 46.6515546658, -116.007385671 46.6516276032, -116.007713586 46.6517266764, -116.007942557 46.6519705825, -116.008094597 46.6521276584, -116.008277678 46.6523175995, -116.008773522 46.6524326062, -116.009040612 46.6523675703, -116.00922365 46.652115589, -116.009338657 46.6519595117, -116.009452665 46.6517955762, -116.009582563 46.6516276032, -116.009704603 46.6514555925, -116.009826643 46.6512876194, -116.01000955 46.6510395455, -116.010276597 46.6508535986, -116.010459635 46.6507235269, -116.010650748 46.6505976231, -116.010932556 46.6503996502, -116.011016694 46.6501475386, -116.011077736 46.649971664, -116.011131527 46.6497926201, -116.011238502 46.6494645755, -116.011138734 46.649166661, -116.010917447 46.6489606563, -116.010765581 46.6488166484, -116.010574468 46.6486406435, -116.009979681 46.6484345954, -116.009750536 46.6482785181, -116.009445588 46.6480686495, -116.00929255 46.6478505319, -116.009178542 46.6476906341, -116.009056502 46.6475266552, -116.008850324 46.6472445438, -116.008666417 46.647061636, -116.008514551 46.6469085977, -116.008361339 46.646756558, -116.008201398 46.6466076876, -116.00804849 46.6464547795, -116.00789645 46.6463057789, -116.007751444 46.6461607724, -116.007461431 46.6458747537, -116.007446366 46.6456846823, -116.007430432 46.645413772, -116.007697479 46.6453676652, -116.008056391 46.6455396758, -116.008300471 46.6456576781, -116.008689384 46.6458487914, -116.009040438 46.6458866494, -116.009551564 46.6459396592, -116.009948335 46.646332566, -116.010253456 46.6464435784, -116.010482428 46.6465275433, -116.010711616 46.6466145471, -116.010940414 46.6466985554, -116.01117746 46.6467865578, -116.01140565 46.6468705226, -116.01164248 46.6469585251, -116.011871668 46.6470425333, -116.012237614 46.6471796382, -116.012588495 46.647248538, -116.012840606 46.6472976839, -116.013091719 46.6473476113, -116.013343527 46.6473965835, -116.013595465 46.6474425167, -116.013999486 46.647522661, -116.014427472 46.6475266552, -116.014892491 46.647229609, -116.015022606 46.6470115349, -116.015129538 46.646847556, -116.015228611 46.646679583, -116.015335586 46.6465116099, -116.015434486 46.6463446354, -116.015594731 46.6460886599, -116.015823572 46.6459746952, -116.015830605 46.6457146821, -116.015838463 46.6455316006, -116.015846365 46.6453485625, -116.015853398 46.6451696923, -116.01586143 46.6449215749, -116.015724325 46.6446385952, -116.015632458 46.6444406223, -116.015312446 46.6442045743, -116.015136397 46.6440706387, -116.014953359 46.643937528, -116.014778353 46.6438035924, -116.014472407 46.6435705835, -116.014320367 46.6433726106, -116.014137285 46.643113596, -116.013900239 46.6429226564, -116.013732266 46.6427816875, -116.01355726 46.6426435406, -116.013389287 46.6425065659, -116.013221313 46.6423696347, -116.012977407 46.6421746574, -116.012840259 46.6419156429, -116.012748393 46.6417436756, -116.012649319 46.6415567301, -116.012374415 46.6412707548, -116.012229408 46.6411177165, -116.012084402 46.6409656334, -116.011978295 46.6406187901, -116.011924113 46.6404387476, -116.011871321 46.6402597471, -116.011825214 46.6400807032, -116.01172614 46.6397487513, -116.011810322 46.639576784, -116.011901147 46.6394057719, -116.011985155 46.6392337612, -116.012077195 46.6390547607, -116.012168193 46.6388787124, -116.012252201 46.6387037061, -116.012344241 46.6385316955, -116.012458206 46.638310756, -116.012420348 46.6381047513, -116.012168193 46.6379057364, -116.01199336 46.6377647675, -116.011741075 46.6376926984, -116.011329196 46.6375776918, -116.011131223 46.637257679, -116.01084121 46.6371317752, -116.010620097 46.6370407337, -116.010398116 46.6369446995, -116.010169144 46.6368497941, -116.009948161 46.6367537598, -116.00971919 46.6366586807, -116.009498077 46.6365638187, -116.009139164 46.636410737, -116.008804043 46.6363078432, -116.008560137 46.6362317365, -116.008315059 46.6361557601, -116.007766031 46.6362168017, -116.007446018 46.6362468016, -116.00729311 46.6360258621, -116.007178972 46.635861753, -116.007056932 46.6356897423, -116.006927164 46.635514736, -116.006812027 46.6353427253, -116.006689988 46.6351747523, -116.006308933 46.6349578504, -116.00611096 46.6348428437, -116.005904912 46.6347288357, -116.005706114 46.634613829, -116.005507968 46.6344998644, -116.005302093 46.6343858563, -116.005096219 46.634266812, -116.004897899 46.6341528474, -116.004691894 46.6340378407, -116.004492923 46.6339199687, -116.004286874 46.6338060041, -116.004088901 46.6336869598, -116.003882853 46.6335729952, -116.003638947 46.6334358468, -116.003172929 46.633294878, -116.002692975 46.633309943, -116.002250054 46.6333169762, -116.00194515 46.6332259782, -116.00170793 46.6331528671, -116.00146385 46.6330769341, -116.001227976 46.633004865, -116.000968136 46.6329359652, -116.000624983 46.632908961, -116.000366012 46.6328898584, -116.000265897 46.632546879, -116.000366012 46.6323829001, -116.00096093 46.6322449703, -116.001319017 46.632180933, -116.00146385 46.6320359266, -116.001509783 46.6318558841, -116.001524892 46.6316729762, -116.001425819 46.6315209365, -116.001196804 46.6314328907, -116.000960756 46.6313569576, -116.000578877 46.6312919218, -116.000327764 46.6312498526, -116.000075826 46.631207957, -115.999823844 46.6311658443, -115.999335859 46.6310860474, -115.999052705 46.6310059465, -115.99880194 46.6309370467, -115.998556991 46.6308679733, -115.99827488 46.6307880026, -115.997771786 46.6308530385, -115.997359733 46.6308840803, -115.99709286 46.6309030092, -115.996779881 46.6309259758, -115.996329927 46.6308530385, -115.996062707 46.6308109692, -115.995810942 46.6307690736, -115.995352956 46.6306969611, -115.995085736 46.6304490608, -115.994986967 46.6301969059, -115.994917763 46.6300220732, -115.994856722 46.6298500626, -115.99478882 46.6296740577, -115.994651021 46.6293270407, -115.994521774 46.629175001, -115.994383844 46.6290180988, -115.99424687 46.6288621951, -115.994116798 46.6287051193, -115.993979997 46.6285530361, -115.993819708 46.6283661341, -115.993468871 46.6281560918, -115.993269856 46.6280340519, -115.993071709 46.6279161799, -115.992758903 46.6277291042, -115.992644765 46.6274960953, -115.992552725 46.6273210889, -115.992461684 46.6271381811, -115.992155737 46.6268711347, -115.991995839 46.6267291673, -115.991827693 46.6265841608, -115.991667751 46.6264431486, -115.99150781 46.6263021797, -115.991263904 46.6260851041, -115.991057726 46.6258480576, -115.990828711 46.625581185, -115.990881721 46.6253751368, -115.990927958 46.6251960929, -115.990996684 46.6249171508, -115.991064759 46.6246541421, -115.991110866 46.6244752718, -115.991156799 46.6242962279, -115.991202906 46.6241202231, -115.991255525 46.6238912084, -115.991591645 46.6235901246, -115.991621645 46.6232962477, -115.991423672 46.6229992015, -115.991309664 46.6228312284, -115.9911947 46.6226671193, -115.991087552 46.6225031838, -115.990973587 46.622339205, -115.990820679 46.6221102337, -115.990813646 46.6218282525, -115.990805744 46.6216441725, -115.990797539 46.6214580953, -115.990790679 46.6211942617, -115.990950621 46.6209622513, -115.991064585 46.6207981422, -115.991186452 46.6206341633, -115.991301458 46.6204702279, -115.99141564 46.6203052504, -115.991530473 46.6201411413, -115.991713511 46.619890202, -115.991713511 46.6196382207, -115.991713511 46.619451145, -115.991713511 46.6192682371, -115.991713511 46.6190201632, -115.99148454 46.6188062569, -115.991331458 46.6186612504, -115.991171734 46.618516244, -115.991011445 46.6183681984, -115.990713574 46.6180852187, -115.990683531 46.6178141782, -115.991179418 46.6179061748, -115.991576406 46.6181041911, -115.991942352 46.6182912669, -115.992171497 46.6184711357, -115.992377545 46.6186312506, -115.992537443 46.6189512634, -115.992529585 46.6192982804, -115.992522552 46.6194821433, -115.992506445 46.6198211285, -115.992384578 46.6199931392, -115.992270744 46.6201532107, -115.992155564 46.6203171462, -115.992041599 46.6204811251, -115.991927591 46.6206452342, -115.991782758 46.6208472447, -115.991644438 46.6211491534, -115.991515538 46.621423233, -115.991553613 46.6216711767, -115.991583613 46.6219041856, -115.991766651 46.6221821291, -115.991949559 46.622453213, -115.992148704 46.6226552236, -115.992415577 46.622930128, -115.992415577 46.6231132096, -115.992552551 46.6231821093, -115.992552551 46.6234751179, -115.992552551 46.62377707, -115.992453825 46.6240291816, -115.992453999 46.6243801927, -115.992453999 46.6245631006, -115.992453999 46.6249171508, -115.992461684 46.6251010572, -115.992476792 46.6252801012, -115.992483825 46.6255131101, -115.992552725 46.6257871897, -115.992766805 46.6259321961, -115.992949669 46.6260580999, -115.993132751 46.6261841774, -115.993323691 46.6263140754, -115.993506729 46.6264431486, -115.993780678 46.626630094, -115.994284901 46.6268590653, -115.994391702 46.6270610758, -115.994551817 46.6273631582, -115.99478869 46.6275112037, -115.994971728 46.6276340685, -115.995169875 46.6277520707, -115.995360641 46.6278781482, -115.995551754 46.6280000144, -115.995840942 46.6281829223, -115.995978742 46.6283929646, -115.996344861 46.6287089398, -115.996604006 46.628774019, -115.996863846 46.6288350173, -115.997275898 46.6289379545, -115.997588748 46.6288690547, -115.997900859 46.6288009798, -115.998503851 46.6288009798, -115.998724834 46.6290140612, -115.998900839 46.6291860719, -115.999396857 46.6292970409, -115.999876811 46.6292700367, -116.000159791 46.629250934, -116.000258864 46.6291860719, -116.00059481 46.6292549716, -116.000960756 46.6294529445, -116.00155589 46.6294108753, -116.001814731 46.6295558818, -116.001997769 46.6296668508, -116.002196784 46.6297809891, -116.002417724 46.6299149682, -116.002753843 46.6301550103, -116.00292885 46.6302849083, -116.003111714 46.6304178454, -116.003294796 46.6305519547, -116.003615807 46.630783965, -116.003752955 46.6309749047, -116.003874995 46.6311388835, -116.003997035 46.6312989551, -116.004172866 46.6315360016, -116.004675961 46.6317879829, -116.00495894 46.6318328741, -116.00520988 46.6318789809, -116.005637866 46.6319478807, -116.005858979 46.6321959981, -116.005995954 46.6323519017, -116.00614096 46.632508804, -116.006278065 46.6326647076, -116.006461971 46.6328667181, -116.006850884 46.6329778608, -116.007101867 46.6330467606, -116.007346945 46.6331188297, -116.007819866 46.6332558044, -116.008018012 46.6333748486, -116.008224017 46.6334968885, -116.00858293 46.6337097528, -116.008865085 46.633774832, -116.009117023 46.633828797, -116.009360929 46.6338817634, -116.009612215 46.6339347299, -116.009864023 46.6339927324, -116.010116004 46.6340456989, -116.010367942 46.634098839, -116.010620097 46.6341568416, -116.010902035 46.6342177096, -116.011199081 46.6343778245, -116.011412987 46.6345878668, -116.011566243 46.6347397328, -116.011801943 46.6349727417, -116.01213802 46.6350527124, -116.012390175 46.635113754, -116.012763154 46.6352017565, -116.013015135 46.635403767, -116.01319114 46.6355447358, -116.013389113 46.6357046771, -116.013824306 46.6358387864, -116.014076114 46.635918757, -116.014335258 46.6359986842, -116.014579338 46.6360747909, -116.014823244 46.6361477283, -116.015243199 46.6362806654, -116.015319132 46.6365976825, -116.015357207 46.6367847582, -116.01540314 46.6369797355, -116.015479247 46.6373077801, -116.015609145 46.637505753, -116.015724151 46.6376697318, -116.015830258 46.6378336673, -116.015945264 46.638001814, -116.016059272 46.6381696134, -116.016242137 46.638428628, -116.016136204 46.6386465284, -116.016044338 46.6388255723, -116.015937233 46.6390426913, -116.015937233 46.6393556708, -116.015937233 46.6395385353, -116.015937233 46.6397336862, -116.016166378 46.6401225988, -116.016426391 46.6403435383, -116.016586332 46.6404845071, -116.016754435 46.6406255194, -116.016967343 46.6408085575, -116.017318397 46.6409846058, -116.017532304 46.6410915372, -116.017929248 46.6412895101, -116.018203371 46.6413585836, -116.018455309 46.6414236194, -116.018821255 46.6415146609, -116.019218416 46.641468554, -116.019782335 46.6411946481, -116.020095315 46.6411066457, -116.020339395 46.6410375722, -116.020584299 46.640969671, -116.020820347 46.6409005976, -116.021064253 46.6408315241, -116.02154538 46.6406985871, -116.021728287 46.6405685154, -116.021919401 46.640438574, -116.022178372 46.6402635676, -116.022567284 46.6401796028, -116.022819266 46.6401225988, -116.023071377 46.6400684601, -116.023536266 46.6399695605, -116.023773443 46.639840444, -116.023986351 46.6397216168, -116.024200431 46.6396035711, -116.024414337 46.6394924284, -116.024665276 46.6393514596, -116.025077503 46.6393554972, -116.02532931 46.6393594914, -116.025581292 46.639363529, -116.025840263 46.6393675666, -116.026100276 46.6393705622, -116.02635929 46.6393705622, -116.026626337 46.6393745998, -116.026885482 46.6393784638, -116.027145321 46.639382458, -116.027412367 46.6393864956, -116.027679414 46.6393864956, -116.027938255 46.6393895346, -116.028205301 46.6393935288, -116.028472521 46.6393975664, -116.028739567 46.639401604, -116.028999407 46.639401604, -116.029266627 46.6394055982, -116.029533326 46.6394084636, -116.02979234 46.6394125012, -116.03005956 46.6394163218, -116.0303194 46.6394163218, -116.030807386 46.639424397, -116.031082334 46.6393673929, -116.031333447 46.6393134279, -116.031585558 46.6392644557, -116.031837366 46.6392103171, -116.032089304 46.6391573506, -116.032463325 46.6390803756, -116.032928518 46.638787367, -116.033050558 46.6386073246, -116.033164392 46.6384403501, -116.033294637 46.638237341, -116.033592378 46.638218412, -116.03396653 46.638329381, -116.034210609 46.6383984545, -116.034522417 46.6384933165, -116.034889361 46.6385124191, -116.035232341 46.6384663123, -116.03555257 46.6384244167, -116.035781368 46.6385853565, -116.036247429 46.638676398, -116.036544475 46.6385623899, -116.03677362 46.6383793084, -116.03694142 46.6382413786, -116.037116426 46.6381044039, -116.037345614 46.6379213224, -116.037841502 46.6376923511, -116.038139373 46.6379023934, -116.038703465 46.6380582971, -116.039070453 46.6380812637, -116.039398498 46.6381044039, -116.039833344 46.6380282972, -116.040092358 46.6379823641, -116.04039748 46.63792536, -116.040786392 46.6377453176, -116.04109147 46.6376043487, -116.041305376 46.6373642631, -116.041435492 46.6372073609, -116.041572423 46.6370512836, -116.041709398 46.6368953799, -116.041839643 46.6367383041, -116.042060409 46.6364863662, -116.042076342 46.6362543558, -116.04209145 46.6360712743, -116.04209831 46.6358912318, -116.042114417 46.6357083674, -116.042129308 46.6355063569, -116.042266457 46.6351863441, -116.042350422 46.6350102958, -116.042427397 46.6348383286, -116.042526296 46.6346133515, -116.042739378 46.6343502993, -116.042922242 46.6341293598, -116.043052357 46.6338583193, -116.043136322 46.6336863086, -116.04322033 46.6335152965, -116.043327262 46.6332863252, -116.043548548 46.6330303497, -116.043685349 46.6328782665, -116.043891354 46.6326492953, -116.044013264 46.6323933198, -116.044097402 46.6322223076, -116.044189269 46.6320543346, -116.044273233 46.6318823673, -116.044357242 46.6317103567, -116.044441207 46.6315433821, -116.044525388 46.6313713715, -116.04460918 46.6311994042, -116.044723188 46.6309784647, -116.044715156 46.6306733433, -116.044708427 46.6304904355, -116.044708427 46.6303073973, -116.044700221 46.6301243158, -116.044700221 46.629944447, -116.044692189 46.6297003673, -116.04422717 46.6293803545, -116.04422717 46.62908244, -116.044555041 46.6290254794, -116.044815054 46.6289753349, -116.04525728 46.6288994019, -116.045600086 46.6288994019, -116.045867306 46.6288994019, -116.046127146 46.6288994019, -116.046646173 46.6288994019, -116.04691322 46.6289223685, -116.047172234 46.6289453351, -116.047431032 46.6289683017, -116.047714185 46.6289912683, -116.048110131 46.6288994019, -116.048347177 46.6287312552, -116.048530085 46.6286013571, -116.048713123 46.6284722406, -116.048942312 46.6283083051, -116.049171109 46.6280412588, -116.049308258 46.6278883508, -116.049507099 46.6276712752, -116.04966717 46.6274044025, -116.04976607 46.6272362558, -116.049873218 46.6270723204, -116.049873218 46.6267212658, -116.049873218 46.6265423955, -116.049873218 46.626362353, -116.049873218 46.6261793149, -116.049873218 46.6259964071, -116.049873218 46.6258173632, -116.049873045 46.6255193184, -116.049735245 46.6252222722, -116.049842003 46.6248784246, -116.050085952 46.6246383824, -116.050247022 46.6244893383, -116.050407137 46.6243334347, -116.05067401 46.6239443484, -116.050757975 46.6236734382, -116.050819017 46.6234974333, -116.050872157 46.623322427, -116.050933155 46.6231463787, -116.050994197 46.6229713724, -116.051047988 46.6227953675, -116.051139029 46.6225254558, -116.051329969 46.6222924469, -116.051466944 46.622116442, -116.051505149 46.6217273558, -116.051337871 46.6215863435, -116.050909884 46.6214874439, -116.050665978 46.6214264457, -116.050413997 46.621365404, -116.050154982 46.6213044058, -116.049713103 46.6212014686, -116.049582858 46.6210864619, -116.049613032 46.6209914263, -116.049948978 46.6208234532, -116.050162884 46.6207163047, -116.050368889 46.6206103718, -116.05058197 46.6205074346, -116.050795876 46.6204003295, -116.051001924 46.6202933547, -116.051215961 46.6201864233, -116.051474975 46.6200573067, -116.051779923 46.6198124021, -116.051955928 46.6196754274, -116.052122903 46.6195383225, -116.052298907 46.619393316, -116.052336983 46.6190573699, -116.052367807 46.6187564598, -116.052168836 46.6184354484, -116.052183771 46.6181873311, -116.052183771 46.6180044232, -116.052191802 46.6178253793, -116.052206737 46.6175883328, -116.052336983 46.6172723576, -116.052283842 46.6169404491, -116.052237909 46.6166773969, -116.052008721 46.6162883107, -116.052023656 46.6160784421, -116.052031861 46.6159483704, -116.052534782 46.6160134062, -116.052740656 46.6161314085, -116.052939801 46.6162534484, -116.053137774 46.6163724926, -116.053328714 46.6164864573, -116.053534762 46.6166083235, -116.05359576 46.6170433429, -116.0538167 46.6172574228, -116.053969781 46.6174054683, -116.054121821 46.6175543388, -116.054274859 46.6177033394, -116.054427767 46.6178483459, -116.054655914 46.618073323, -116.054739879 46.618325478, -116.054854712 46.6186644197, -116.055037793 46.6188134638, -116.055251873 46.6189882965, -116.055251873 46.6190762989, -116.055595026 46.6191103363, -116.05595294 46.6191453723, -116.056418958 46.6188702942, -116.056708971 46.6187603237, -116.057082992 46.6186183129, -116.057478938 46.6183482709, -116.057616738 46.6181073604, -116.057745811 46.6178902849, -116.058127864 46.6179782873, -116.058371943 46.6183023377, -116.058371943 46.6185343481, -116.058371943 46.6187603237, -116.058539916 46.6188513218, -116.059043011 46.6188702942, -116.059340882 46.6188823636, -116.059867116 46.6189012926, -116.059966016 46.6186034215, -116.060065914 46.6183023377, -116.060355927 46.6181423964, -116.060569009 46.6180233956, -116.060927921 46.6178253793, -116.061041929 46.6176193746, -116.061133969 46.6174433263, -116.061232869 46.6172723576, -116.06139294 46.6169783071, -116.061667888 46.6168943422, -116.06192 46.6168184092, -116.062353847 46.6166842999, -116.062323847 46.6163982812, -116.062308912 46.6162192373, -116.062292849 46.6160363728, -116.062270881 46.6158452595, -116.062254774 46.6156543199, -116.062224948 46.6153763763, -116.062476712 46.6152543364, -116.062697825 46.6151473616, -116.063124813 46.6149453511, -116.063322959 46.6147963504, -116.063507039 46.6146634134, -116.063719773 46.6145143693, -116.064154793 46.6143882918, -116.064406731 46.6143192618, -116.06465081 46.6142513605, -116.064947726 46.6141673523, -116.065215945 46.6138963118, -116.065276943 46.6135073558, -116.065520893 46.6132173428, -116.06565765 46.6130493698, -116.065810732 46.6128663317, -116.065611717 46.6126602836, -116.065276943 46.6125452769, -116.064940693 46.6122822682, -116.06477272 46.6121452935, -116.064520739 46.6119503597, -116.064154793 46.611832314, -116.063757675 46.6116993769, -116.063460759 46.6115193344, -116.063261787 46.6112033593, -116.063155681 46.6110394238, -116.062926666 46.6108752713, -116.062506581 46.6107453733, -116.062193602 46.6106492956, -116.061797786 46.6102573874, -116.061568641 46.6101544502, -116.061339627 46.6100513393, -116.061095547 46.6097534682, -116.060965823 46.6095973909, -116.060835534 46.6094364511, -116.060675462 46.609230403, -116.060706461 46.608960361, -116.061232522 46.6090213592, -116.061476601 46.6090514025, -116.061835514 46.6090934717, -116.06213256 46.6093683762, -116.062506581 46.6094823843, -116.062743628 46.6095554519, -116.063025566 46.6096423255, -116.06349866 46.6097232947, -116.063986646 46.6098033956, -116.064238758 46.6097003281, -116.064490565 46.6095973909, -116.064810752 46.6098033956, -116.065024658 46.6099363327, -116.065314671 46.6101232781, -116.065695552 46.610134349, -116.06614568 46.6101464184, -116.066405649 46.6102914249, -116.066641697 46.6104243619, -116.067129683 46.6104553603, -116.067633776 46.6104893978, -116.068022862 46.6107373415, -116.068220661 46.6108674131, -116.068533815 46.611065386, -116.068961801 46.6109971809, -116.069174708 46.610741162, -116.06942682 46.6104471549, -116.069685661 46.6103671842, -116.07009068 46.6102411068, -116.070296729 46.6100511656, -116.070464832 46.609902165, -116.070723499 46.6096691127, -116.071043555 46.609612152, -116.071303525 46.609570213, -116.07165458 46.6095092148, -116.072211812 46.6095092148, -116.072584792 46.6096042505, -116.07282974 46.6096691127, -116.073073819 46.6097301543, -116.073370692 46.609806261, -116.074004857 46.609806261, -116.074339804 46.6099251316, -116.074667718 46.6098751608, -116.074713825 46.6095972172, -116.07474465 46.6093942082, -116.07476779 46.6092002295, -116.074797964 46.609021229, -116.07482093 46.6088411865, -116.074850583 46.6086621426, -116.074904591 46.6083231574, -116.074828658 46.6080971817, -116.07474465 46.6078722046, -116.074667545 46.6076591667, -116.074904591 46.6075942611, -116.075194604 46.6078001356, -116.075423576 46.6079642447, -116.075598582 46.6080941861, -116.075835802 46.6081622176, -116.076178608 46.6080142155, -116.076460589 46.607888138, -116.076659604 46.6080021461, -116.076628736 46.6083261965, -116.076613671 46.6085062389, -116.076598736 46.60869618, -116.076582802 46.6088832557, -116.076559662 46.6091011562, -116.076689907 46.6092340933, -116.077155795 46.6093982458, -116.077460743 46.609154166, -116.077643781 46.609005122, -116.07795676 46.6087612159, -116.078238915 46.608677034, -116.078520853 46.6085971067, -116.078993774 46.6085440969, -116.079253961 46.6085130985, -116.079504726 46.6084830987, -116.079764913 46.6084521003, -116.080023754 46.608422057, -116.080283767 46.6083910586, -116.080542738 46.6083610588, -116.081038799 46.6083030562, -116.081297814 46.6082391926, -116.081549752 46.6081741567, -116.081793658 46.6081090775, -116.082198677 46.6080061837, -116.08241979 46.6078271398, -116.082587763 46.6076851289, -116.082754912 46.6075481543, -116.083029642 46.607319183, -116.083228657 46.6069530633, -116.083464662 46.6068231219, -116.083762576 46.6066551488, -116.083823575 46.6065451784, -116.084257769 46.6064080734, -116.084349809 46.6067621237, -116.084395742 46.6069421661, -116.084456784 46.6071820346, -116.084357711 46.6075481543, -116.084433817 46.6078231022, -116.084486784 46.6080291503, -116.084753657 46.6082810882, -116.085028735 46.6082651548, -116.085287749 46.608254084, -116.085554796 46.6082421882, -116.085821668 46.6082309871, -116.086096746 46.6082200899, -116.086356759 46.6082079771, -116.086745715 46.6081929121, -116.087065902 46.6083149519, -116.0872947 46.6084029544, -116.087530748 46.6084899583, -116.087767794 46.6085819983, -116.087996765 46.6086700007, -116.088301887 46.6087840088, -116.088866804 46.6087380756, -116.089041984 46.6085169625, -116.089171752 46.608353027, -116.089301693 46.6081890481, -116.089445831 46.6080140418, -116.089598739 46.6078269661, -116.089857711 46.6078690353, -116.09029273 46.6081199747, -116.090423019 46.6083840254, -116.090521745 46.6085819983, -116.090788965 46.608829942, -116.091063696 46.6088150072, -116.09132271 46.6087989436, -116.091597832 46.6087840088, -116.091978843 46.6087650798, -116.092376004 46.6087040382, -116.092635844 46.6086619689, -116.092886957 46.6086238939, -116.093146796 46.6085858622, -116.093397735 46.6085479608, -116.093657922 46.6085058916, -116.09390986 46.6084669917, -116.09420695 46.6084218834, -116.094504821 46.608260987, -116.094885875 46.6081969497, -116.095168855 46.6081469789, -116.095573006 46.6078988615, -116.095793946 46.6077659244, -116.096060992 46.607601989, -116.096327734 46.6075979514, -116.096358733 46.6081238386, -116.096297865 46.6083149519, -116.0962439 46.6084899583, -116.09619076 46.6086700007, -116.096098893 46.6089669167, -116.096098893 46.6092299254, -116.09609186 46.6094288969, -116.096495881 46.6095469425, -116.096754852 46.6096228756, -116.097090972 46.6097229474, -116.097510926 46.6096999808, -116.097770071 46.6096838738, -116.09825085 46.609653874, -116.09852493 46.60955797, -116.098944884 46.6094059303, -116.099235071 46.6094518635, -116.099509975 46.6094938024, -116.100020971 46.6094168275, -116.100279942 46.6093787958, -116.10070693 46.60931376, -116.100951834 46.6094627606, -116.101165089 46.6095888381, -116.101767908 46.6094967981, -116.10214206 46.609363861, -116.102386139 46.6092798962, -116.102728989 46.6091538187, -116.103080173 46.6092037895, -116.103339839 46.6092377835, -116.103598854 46.609271821, -116.1038659 46.609306857, -116.104254986 46.6093598234, -116.104651974 46.6093177542, -116.105116993 46.6092688253, -116.105194099 46.6090817496, -116.105262 46.6088907666, -116.105345965 46.6086767301, -116.105743126 46.6087538353, -116.106001924 46.6087987699, -116.10626897 46.6088527349, -116.10653606 46.6089018374, -116.106909864 46.6089707372, -116.107169877 46.6091767853, -116.107436923 46.609386654, -116.107870944 46.6094287232, -116.108343865 46.6094097942, -116.108611215 46.6093977248, -116.108894021 46.60938279, -116.109428114 46.6090847453, -116.109724856 46.6087687267, -116.109717997 46.6085697552, -116.109710095 46.6083947489, -116.109702888 46.6082116674, -116.109702888 46.6079067631, -116.109863003 46.6078986879, -116.110069008 46.6080056627, -116.110282089 46.6081127678, -116.110495995 46.6082227382, -116.110702 46.6083297131, -116.110915906 46.6084366445, -116.111151954 46.6085586844, -116.111655873 46.6086116508, -116.11204496 46.6086507244, -116.112083035 46.6090658163, -116.112213106 46.6091347161, -116.112677952 46.6091117495, -116.113128253 46.609058783, -116.113395126 46.6090277412, -116.113661999 46.6089977414, -116.113922186 46.608966743, -116.114180983 46.6089366997, -116.11447117 46.6089057014, -116.114738086 46.6086505507, -116.114967057 46.6084255736, -116.115431903 46.608241537, -116.115431903 46.6081045623, -116.114935885 46.6077617566, -116.114935885 46.6075287477, -116.114935885 46.6073146678, -116.114935885 46.6069607912, -116.11528707 46.6070026868, -116.115576909 46.6070367242, -116.116095937 46.6070975488, -116.116424155 46.6070866516, -116.116691028 46.6070745822, -116.117186915 46.6070516156, -116.117401169 46.6071696613, -116.117621935 46.6072955651, -116.117889155 46.6074405716, -116.118247069 46.6073376344, -116.118513941 46.6072655219, -116.118766227 46.6071895889, -116.119010133 46.6071205154, -116.119208974 46.6071475196, -116.119308047 46.6073265635, -116.119331014 46.6075815405, -116.119354154 46.6077915828, -116.119376947 46.6081045623, -116.119476194 46.6081736358, -116.119810968 46.6081575287, -116.120093948 46.6081426374, -116.120391167 46.6081275289, -116.120871946 46.6081045623, -116.121161959 46.607951524, -116.121535937 46.6077615829, -116.121818092 46.6080665307, -116.121986065 46.608241537, -116.122131071 46.6084026071, -116.122626959 46.6083484684, -116.122939938 46.608314431, -116.123390023 46.6082645036, -116.123397056 46.6085504789, -116.123405131 46.608753488, -116.123413163 46.6089625317, -116.123420196 46.6092265824, -116.123687243 46.6094744827, -116.124168195 46.6094354525, -116.124442318 46.6094134845, -116.124786296 46.6093824861, -116.125083169 46.6094325871, -116.125495048 46.6093975511, -116.125945349 46.6093635137, -116.126411193 46.6092265824, -116.12667824 46.6090775384, -116.126884114 46.6089625317, -116.127090162 46.6088525613, -116.127296167 46.6087375546, -116.127494314 46.6086275842, -116.127723155 46.6085015501, -116.128066134 46.6083106104, -116.12833318 46.6083106104, -116.128501154 46.6087035172, -116.128860066 46.6087685964, -116.129196186 46.608699523, -116.129455201 46.6084095101, -116.129623174 46.6082195689, -116.130073084 46.6082574703, -116.130378206 46.6082804369, -116.130752184 46.6083104368, -116.130714152 46.6081233611, -116.130660144 46.6079064157, -116.130615079 46.60771934, -116.130577177 46.6075364322, -116.13053107 46.6073493565, -116.130493039 46.6071664486, -116.130446932 46.6069835842, -116.130409031 46.6067995041, -116.130370999 46.6066244978, -116.130331925 46.6064565247, -116.130286991 46.6062774808, -116.130638045 46.6060635745, -116.130919983 46.6058925624, -116.131034165 46.6056174843, -116.131110923 46.6054495112, -116.131483945 46.6052245341, -116.13153791 46.6053995404, -116.131645015 46.6057284533, -116.13181199 46.6057963545, -116.131895998 46.6060783357, -116.131949963 46.6062543405, -116.132056938 46.6064184497, -116.132247009 46.6067084626, -116.132529989 46.6067963348, -116.132942042 46.6069183747, -116.13307919 46.6071203418, -116.133193155 46.6072883582, -116.133308161 46.6074564615, -116.133422169 46.6076204404, -116.133529101 46.6077843759, -116.133674107 46.607990424, -116.134200168 46.6082874702, -116.134483148 46.6083373976, -116.134963102 46.6084254434, -116.135230148 46.6083674408, -116.135597093 46.6082874702, -116.135917279 46.6080854597, -116.136291127 46.6078524508, -116.136856044 46.608177326, -116.136825046 46.6083634032, -116.136802253 46.6085503053, -116.136756146 46.608836324, -116.137123264 46.6091803019, -116.137344247 46.6092983042, -116.1376874 46.6094773481, -116.138023173 46.6095462479, -116.138450117 46.6096382879, -116.138801171 46.6096382879, -116.139175149 46.6096382879, -116.139511095 46.6099772297, -116.139800283 46.6100533798, -116.140243204 46.6101643488, -116.140563217 46.6101453764, -116.140830264 46.610133307, -116.14113621 46.610114378, -116.141532329 46.6099434093, -116.14176117 46.6098442926, -116.142028217 46.6097252918, -116.142486376 46.6097023252, -116.142929254 46.6096803572, -116.143234202 46.6095734258, -116.143470206 46.6094931078, -116.143722187 46.609405279, -116.14422628 46.6094161762, -116.144485251 46.6094201704, -116.144782341 46.6094282456, -116.144813166 46.6092482032, -116.144485251 46.6089471194, -116.14437832 46.6087142841, -116.144294182 46.608543272, -116.144210173 46.6083711311, -116.144119132 46.6081732884, -116.143890334 46.6079672837, -116.143783186 46.6077072706, -116.143714156 46.6075362585, -116.143623288 46.6073032496, -116.143585213 46.6069562326, -116.143554214 46.6067352931, -116.143524388 46.6064333845, -116.143852085 46.6064142818, -116.1441111 46.6065133551, -116.14437832 46.6066162923, -116.144653094 46.6067233974, -116.145080212 46.6068913705, -116.145332193 46.6070472741, -116.145523133 46.6071691403, -116.145713204 46.6072952178, -116.145912219 46.6074172577, -116.146278165 46.607646229, -116.14653731 46.6077261996, -116.146774183 46.6078031312, -116.147018132 46.6078752437, -116.147262212 46.6079511767, -116.147537117 46.608035185, -116.147804163 46.6083022313, -116.14800231 46.608493171, -116.148399124 46.6085811734, -116.148681235 46.6085541692, -116.14894025 46.6085312026, -116.149200436 46.608508236, -116.149627554 46.6084702044, -116.149955469 46.6083751253, -116.150207276 46.6083022313, -116.150451356 46.6082341564, -116.150695262 46.608161219, -116.150939168 46.6080931876, -116.151313189 46.6079862127, -116.151512161 46.6078031312, -116.151512161 46.6076011641, -116.151367154 46.60745212, -116.151222148 46.6073032496, -116.15106924 46.6071471723, -116.150916202 46.606994134, -116.150749227 46.6068221234, -116.150642122 46.6064982466, -116.150588157 46.6063232403, -116.150527115 46.6061431978, -116.150466247 46.6059681915, -116.150405249 46.6057891476, -116.150344034 46.6056092788, -116.150291067 46.6054261973, -116.150230069 46.605251191, -116.150169201 46.6050711485, -116.150115236 46.6049001798, -116.150024195 46.6046292695, -116.150138376 46.6044151896, -116.150283209 46.6041481433, -116.150520082 46.6041251767, -116.150672122 46.6042701831, -116.15082516 46.6044151896, -116.150985101 46.6045601961, -116.151245114 46.6048081398, -116.151489194 46.6049682113, -116.151679135 46.6050941151, -116.15197718 46.6052932602, -116.152412199 46.6054302349, -116.152641214 46.605655212, -116.152854252 46.6057732143, -116.153060127 46.6058841833, -116.153274207 46.6059981914, -116.153762192 46.6060980895, -116.154014174 46.6061470618, -116.154304187 46.6062040658, -116.154785139 46.606243096, -116.15504411 46.6062620684, -116.155303299 46.6062811711, -116.155563138 46.6063041377, -116.155822153 46.6063230667, -116.156082122 46.6063421693, -116.156356245 46.6063651359, -116.156921163 46.6065931521, -116.157218383 46.606590113, -116.15740129 46.6064100705, -116.157569263 46.6062501727, -116.157737236 46.6060900578, -116.157890101 46.6059411873, -116.158111388 46.6057241118, -116.158546234 46.605655212, -116.158645177 46.6057692201, -116.15900422 46.6058191475, -116.159263234 46.6058572225, -116.159606214 46.6059071499, -116.159973202 46.6057621434, -116.160209206 46.605674141, -116.160667192 46.6054950971, -116.161178188 46.605480032, -116.161437159 46.6054679626, -116.161704205 46.6054600611, -116.161971252 46.6054530278, -116.162239166 46.6054409584, -116.162757152 46.6054260236, -116.163024198 46.6050369374, -116.163619159 46.6048770396, -116.163833239 46.6047400649, -116.164024179 46.6046170265, -116.164222152 46.6044919475, -116.164543163 46.6042819052, -116.164535131 46.6040379991, -116.16452723 46.6038319944, -116.164512165 46.6036219087, -116.164871251 46.6036029797, -116.165168123 46.6035870464, -116.165512101 46.6035719813, -116.165893156 46.6033929374, -116.166137236 46.6032748917, -116.16636625 46.6029810582, -116.16648829 46.6028209433, -116.166610156 46.6026640411, -116.166740228 46.602496068, -116.166931168 46.6022489492, -116.167297114 46.6021760553, -116.167594334 46.6023359531, -116.168067254 46.6024010324, -116.168327267 46.602439064, -116.16859414 46.6024739263, -116.169052126 46.6022219884, -116.169456147 46.6021190512, -116.169700227 46.6020540154, -116.169952338 46.6019889795, -116.170196418 46.6019239003, -116.170440324 46.6018630757, -116.170814172 46.6017678664, -116.171111392 46.6015809209, -116.171180118 46.6014248436, -116.170989352 46.6010929351, -116.170890278 46.600924962, -116.170791205 46.6007489572, -116.170692132 46.600577945, -116.170547125 46.6003260071, -116.170532191 46.6000549232, -116.17050905 46.5997989477, -116.170913071 46.5997989477, -116.171249191 46.5999179485, -116.171485066 46.5999979191, -116.171905324 46.6001429256, -116.17221813 46.6001958921, -116.172470111 46.6002419989, -116.172729082 46.6002879321, -116.172981063 46.6003338653, -116.173232176 46.6003789736, -116.173561089 46.6004369762, -116.173973142 46.6003489737, -116.174423096 46.6002528961, -116.174735208 46.6002499005, -116.175002124 46.6002458628, -116.175262267 46.6002419989, -116.17552914 46.6002379613, -116.175788154 46.6002339671, -116.176116242 46.600230928, -116.176536153 46.600119959, -116.176811101 46.6000468914, -116.17724612 46.5998869501, -116.177474093 46.5998029419, -116.177810213 46.599680902, -116.178275232 46.599772942, -116.17842814 46.5999439542, -116.178573147 46.600104894, -116.178771293 46.6003219695, -116.179237137 46.6004138359, -116.179679364 46.6004138359, -116.179939203 46.6004138359, -116.180206423 46.6004138359, -116.180465264 46.6004138359, -116.180725277 46.6004138359, -116.180984292 46.6003558333, -116.181259196 46.600291796, -116.181526243 46.6002337934, -116.181854331 46.6001578604, -116.182121203 46.6002947917, -116.182250276 46.6004668023, -116.18238825 46.6006458463, -116.182517149 46.6008218511, -116.182815194 46.6010087966, -116.183181183 46.6009668576, -116.183479228 46.6009358592, -116.183845174 46.6007527777, -116.183906216 46.600928826, -116.183975289 46.6011078699, -116.184074362 46.6013938452, -116.184295475 46.6015807473, -116.184509382 46.601755797, -116.185073301 46.6018518312, -116.18535628 46.6020458099, -116.185638565 46.6022367496, -116.185668391 46.6024927251, -116.185707291 46.6028316669, -116.185867406 46.6030036775, -116.186035379 46.6031746462, -116.186599472 46.6033776553, -116.186958385 46.6034457302, -116.187217399 46.6034996952, -116.187484446 46.6035486674, -116.187744459 46.6035988119, -116.187995398 46.6036487392, -116.188239478 46.6036936739, -116.188621357 46.6037667849, -116.188728462 46.6039727896, -116.18881933 46.6041556975, -116.188919402 46.6043617022, -116.189201383 46.6046368237, -116.189453364 46.6048877631, -116.189742335 46.6049987321, -116.189971524 46.6050897736, -116.190200495 46.605177776, -116.19042951 46.6052656048, -116.190658481 46.6053536072, -116.190887669 46.6054406111, -116.191116467 46.605528657, -116.191345482 46.6056166594, -116.191574453 46.6057076575, -116.191970616 46.6059366722, -116.192169761 46.6060516788, -116.192375592 46.6061695074, -116.192573608 46.6062835155, -116.192779613 46.6064025163, -116.192977586 46.6065165244, -116.193176601 46.6066345267, -116.193374574 46.6067495333, -116.193633718 46.6068985774, -116.194053673 46.6069855812, -116.194305784 46.607035552, -116.194732772 46.6071275921, -116.194976678 46.6072796318, -116.195182553 46.6074016717, -116.195396632 46.6075356073, -116.195861652 46.6076415402, -116.19611359 46.6076995427, -116.196487611 46.6077865466, -116.19692263 46.6080574569, -116.197227578 46.6081184986, -116.197547591 46.6081765012, -116.197997502 46.608130568, -116.19826559 46.6080995262, -116.198524561 46.6080735639, -116.198875616 46.6080385279, -116.199249767 46.6081414652, -116.199493847 46.6082145328, -116.199737926 46.6082826077, -116.199981833 46.6083515075, -116.200233814 46.6084245751, -116.200637661 46.6086374828, -116.200851741 46.6087484518, -116.201057746 46.6088556003, -116.201270654 46.6089655708, -116.201499668 46.6090835731, -116.201957785 46.6092134711, -116.202201734 46.6092823709, -116.202629677 46.6094044107, -116.202934798 46.6094084483, -116.203193813 46.6094123123, -116.203460859 46.6094153079, -116.203720699 46.6094193455, -116.203987919 46.6094233831, -116.204246716 46.6094273773, -116.204513762 46.6094314149, -116.204772777 46.609434454, -116.20503279 46.6094384482, -116.205299836 46.6094423121, -116.205810789 46.6094503439, -116.206069803 46.6093814441, -116.206344708 46.6093124141, -116.206802867 46.609198406, -116.207137815 46.6094153079, -116.207336787 46.6095413854, -116.207534803 46.609675321, -116.207740808 46.6098043942, -116.20803082 46.6099953338, -116.208381875 46.6101214113, -116.208610846 46.6102094137, -116.208839861 46.6102932483, -116.209068832 46.6103773868, -116.20930488 46.610461395, -116.209533852 46.6105483989, -116.209892764 46.6106782969, -116.210388825 46.6106092669, -116.210670807 46.6104193258, -116.210853845 46.6102893844, -116.211151933 46.6100833797, -116.211578877 46.6101782417, -116.211852826 46.6101863169, -116.212119873 46.6101973443, -116.212387744 46.6102092401, -116.212654964 46.6102203109, -116.212913805 46.6102283861, -116.213241849 46.6102432775, -116.213706869 46.6105863003, -116.213966882 46.6105522629, -116.214272003 46.6105143615, -116.214652884 46.6103123509, -116.214997036 46.6101293128, -116.215064937 46.6099883006, -116.215347743 46.6097743943, -116.215690722 46.6095113856, -116.215904802 46.6094082747, -116.21611784 46.6093053375, -116.216339995 46.60920227, -116.216651802 46.609049362, -116.216621759 46.6094123123, -116.216606868 46.6095911825, -116.216598966 46.6097702265, -116.216584075 46.6099492704, -116.216560935 46.6102431038, -116.216576 46.6104912212, -116.216590934 46.6106741291, -116.216606868 46.6108461397, -116.216621933 46.6111131861, -116.217185895 46.6114071932, -116.217468831 46.6114791321, -116.217887961 46.6115862371, -116.218285079 46.6116092037, -116.218574918 46.6118571474, -116.21885004 46.6120891578, -116.219245986 46.6122041644, -116.219315059 46.6123642359, -116.219619963 46.6126311086, -116.219810903 46.6127992553, -116.220252999 46.6128641609, -116.22057401 46.6129102244, -116.221039203 46.6131382405, -116.221450909 46.6132071403, -116.22172603 46.6132492095, -116.222001109 46.6132911051, -116.222268155 46.6133332178, -116.222512061 46.6133751134, -116.222901147 46.6134361116, -116.223031262 46.6135700906, -116.223031262 46.613837137, -116.223031262 46.6141001457, -116.223267137 46.6142560494, -116.223565181 46.6143631545, -116.223931127 46.6144851943, -116.22432004 46.6145230957, -116.224625161 46.6145540941, -116.225022106 46.614733138, -116.225251294 46.6148360753, -116.225487168 46.6149431803, -116.225968251 46.6149540775, -116.226418205 46.6149621527, -116.226754325 46.6149162196, -116.227211139 46.6148511403, -116.227509357 46.6147712131, -116.227974246 46.6146449619, -116.228150251 46.6145039931, -116.228325084 46.6143670184, -116.228501132 46.6142260495, -116.228836036 46.6139590032, -116.228966151 46.6135890196, -116.229134124 46.613455084, -116.229454137 46.613527978, -116.229722182 46.6135890196, -116.23002713 46.6136570945, -116.230515116 46.6137110595, -116.23077413 46.6137370217, -116.231095142 46.6137680635, -116.231400263 46.6139970348, -116.231591203 46.6141380471, -116.232285193 46.6142709842, -116.232354267 46.6145460623, -116.232651139 46.6148669, -116.233010226 46.6149579415, -116.233254175 46.6150229773, -116.233498255 46.6150880131, -116.233742161 46.6151530924, -116.233994272 46.615216956, -116.234238178 46.6152819919, -116.234482258 46.6153470277, -116.234726164 46.6154120635, -116.234971286 46.6154769691, -116.235222399 46.615542005, -116.235466305 46.6156068671, -116.235711383 46.6156679088, -116.23595529 46.6157319461, -116.236306344 46.6158239427, -116.236710365 46.6158009761, -116.23713045 46.6157778793, -116.237297251 46.615525898, -116.237336454 46.6152018476, -116.237359291 46.6150229773, -116.237381215 46.6148399392, -116.237412257 46.6146338911, -116.237435398 46.6144318806, -116.237458364 46.6142218383, -116.237725237 46.614084907, -116.238030141 46.6140729679, -116.238305263 46.6140619404, -116.238579169 46.614049871, -116.238869182 46.6140389738, -116.239144303 46.6140269044, -116.239418209 46.6140160072, -116.239884227 46.6138788589, -116.240128133 46.6138059215, -116.240372213 46.6137368481, -116.240609433 46.6136649526, -116.240853339 46.6135958792, -116.241097419 46.6135239838, -116.241333119 46.6134549103, -116.241768139 46.6133290065, -116.24207326 46.6133409023, -116.242341305 46.6133560107, -116.242600146 46.6133669079, -116.24285916 46.6133789773, -116.24311913 46.6133898745, -116.243378318 46.6134019439, -116.243699199 46.6134168353, -116.244156144 46.6134887741, -116.244561337 46.61355381, -116.244919251 46.6135308434, -116.245285371 46.6135048377, -116.245705325 46.6135387015, -116.246117378 46.6135727389, -116.24647629 46.6135427391, -116.246743337 46.6135197725, -116.247002308 46.6134968059, -116.247445533 46.6134587743, -116.247719308 46.6133437677, -116.24794828 46.6132488622, -116.248368408 46.6130698183, -116.248604282 46.612951816, -116.248818362 46.6128448846, -116.249032399 46.6127377361, -116.249245306 46.6126308047, -116.249459386 46.6125238299, -116.249825332 46.6123367542, -116.250023175 46.6119708082, -116.250527224 46.6118987391, -116.250992287 46.6118338335, -116.251465164 46.6117577268, -116.251694353 46.6118487683, -116.251893324 46.6120507788, -116.252045537 46.6122036434, -116.252198272 46.6123556831, -116.252358343 46.612512759, -116.25250335 46.6126618031, -116.252655563 46.6128136691, -116.253144591 46.6129246816, -116.253396355 46.6129816422, -116.253647338 46.6130386463, -116.253891418 46.6130927849, -116.254380402 46.6132027554, -116.25458658 46.613317762, -116.254792629 46.6134277325, -116.254998329 46.6135427391, -116.255204334 46.6136565735, -116.255410382 46.6137675425, -116.255669353 46.6139165866, -116.255875575 46.614183633, -116.256035516 46.6143936753, -116.256165588 46.614682516, -116.256241521 46.6148585209, -116.256325529 46.6150335706, -116.256401462 46.6152095755, -116.256478741 46.6153775485, -116.256600781 46.6156516281, -116.256844687 46.6158155636, -116.257035627 46.6159456787, -116.257225568 46.6160715825, -116.257592513 46.6163156622, -116.257691586 46.6164916671, -116.257790659 46.6166626358, -116.257920601 46.6168846173, -116.258240613 46.6171055568, -116.258584765 46.6173454253, -116.259278799 46.6171625608, -116.25948463 46.6170024459, -116.25965968 46.6168644727, -116.259835858 46.6167275414, -116.260010691 46.6165946043, -116.260117666 46.6162435497, -116.260170632 46.6160675449, -116.260247564 46.6158155636, -116.260148664 46.6157245655, -116.260132557 46.6154995884, -116.260117666 46.6152665795, -116.260292672 46.6152245103, -116.260575652 46.6154264774, -116.260743625 46.6156595297, -116.260865665 46.6158196012, -116.260979803 46.6159835366, -116.261101669 46.6161475155, -116.261216676 46.616307587, -116.261330684 46.6164685268, -116.261452724 46.616639539, -116.261567904 46.6168004354, -116.26205589 46.6167774688, -116.262330794 46.616765573, -116.26262771 46.6167543719, -116.263092903 46.6166514347, -116.263344667 46.6165974263, -116.263596822 46.6165444599, -116.263840728 46.6164874558, -116.264290987 46.6163914216, -116.264573793 46.6162923483, -116.264817699 46.6162123777, -116.26522172 46.6160714088, -116.26539004 46.6158544635, -116.265557839 46.6156403836, -116.265870819 46.6157123224, -116.266114725 46.6157733207, -116.266381771 46.6158383999, -116.266648818 46.6158993982, -116.266976906 46.6159793688, -116.267579725 46.6160293396, -116.267922878 46.6159533631, -116.268174859 46.6158993982, -116.268639878 46.6158043625, -116.268898849 46.6157773583, -116.269158862 46.615751396, -116.269418051 46.6157243918, -116.26967789 46.6156973876, -116.269936861 46.6156704269, -116.270235123 46.6156403836, -116.270662067 46.6154613831, -116.271028057 46.6151592573, -116.271425001 46.6151631213, -116.271721874 46.6152362323, -116.271973855 46.6152972306, -116.272287182 46.6153691694, -116.272721854 46.615316203, -116.273186873 46.6152551613, -116.273430953 46.6151252633, -116.273644859 46.6150142509, -116.273850907 46.6149041502, -116.274057086 46.6147931377, -116.274270992 46.6146862063, -116.274476866 46.6145762358, -116.274690078 46.6144652668, -116.274895952 46.6143581183, -116.275139858 46.6142282203, -116.275406905 46.6139652115, -116.275551911 46.6138131284, -116.275705123 46.6136641278, -116.27585013 46.6135152573, -116.276010071 46.61335918, -116.27610897 46.6130232339, -116.276170012 46.6128482276, -116.276223977 46.6126681851, -116.276277117 46.6124891412, -116.276338159 46.6122871307, -116.276643063 46.6119431528, -116.276955869 46.6117600712, -116.277161917 46.6116461066, -116.27735989 46.6115280609, -116.277559035 46.6114130543, -116.27776491 46.6112990896, -116.278070031 46.6111230413, -116.278336904 46.610929106, -116.278519942 46.6107991646, -116.278832921 46.6105742309, -116.278977928 46.6103722204, -116.279091936 46.6102121055, -116.279259909 46.6099790966, -116.279503989 46.6097541195, -116.279656853 46.6096050754, -116.279892901 46.6093841359, -116.280053841 46.6091430952, -116.280190816 46.6089342251, -116.280198848 46.6085181347, -116.27997691 46.6083231574, -116.279816968 46.6081781509, -116.279534813 46.607923174, -116.279480848 46.6077090941, -116.279442817 46.607526056, -116.279396884 46.6073471857, -116.279335668 46.6070761018, -116.279633887 46.6066871892, -116.279862728 46.6065951492, -116.280091743 46.6065001135, -116.280327747 46.6064080734, -116.280762766 46.6062330671, -116.28083184 46.605821188, -116.281220926 46.605661073, -116.281472734 46.6055581358, -116.281716814 46.6054550249, -116.282090791 46.6052981227, -116.282090791 46.6050691514, -116.281693673 46.6047491386, -116.281716814 46.6044510505, -116.28173978 46.6042641484, -116.281754715 46.6040780713, -116.281769954 46.6038911692, -116.281784715 46.6037080877, -116.281800778 46.6035280452, -116.281830822 46.6031961367, -116.282029619 46.6029641264, -116.282441846 46.6028611891, -116.282753653 46.6027840839, -116.283318744 46.6024871679, -116.283440784 46.6023191949, -116.28356265 46.6021550858, -116.28368456 46.6019871127, -116.283799523 46.6018271714, -116.28402068 46.6015259574, -116.28399754 46.601342051, -116.28396767 46.6011631807, -116.283944703 46.6009841368, -116.283921563 46.6008010987, -116.28389864 46.6006181908, -116.283852533 46.6003390751, -116.283715558 46.600095169, -116.283593519 46.5998810891, -116.283333679 46.5996261121, -116.283188499 46.5994770681, -116.283036459 46.5993281976, -116.282883551 46.5991761579, -116.282738545 46.5990311515, -116.282464465 46.5987600675, -116.282219561 46.5986571737, -116.281998621 46.5985620946, -116.281777508 46.5984660604, -116.281548319 46.5983711549, -116.28132738 46.5982751207, -116.281098539 46.5981800416, -116.280747354 46.598027177, -116.280533448 46.5978292041, -116.280373376 46.5976841976, -116.280182567 46.5975011161, -116.27979335 46.5973291055, -116.279572541 46.5972302058, -116.279343396 46.5971311325, -116.279129316 46.5970322329, -116.278786337 46.5968831888, -116.278443358 46.5968981236, -116.27816841 46.596910193, -116.277794432 46.596929122, -116.277413551 46.5970390925, -116.277169471 46.597108166, -116.276932251 46.5971772394, -116.276711312 46.5972763127, -116.276497405 46.597375386, -116.276284324 46.5974783232, -116.276062386 46.5975773965, -116.275849478 46.5976772946, -116.275628365 46.5977804055, -116.275208281 46.5979743842, -116.274926299 46.598043284, -116.27464332 46.5981113155, -116.274323307 46.5980623867, -116.274308199 46.5977262669, -116.274422207 46.5975242564, -116.274514247 46.5973484252, -116.274643146 46.5971083396, -116.274720251 46.5968112934, -116.274765186 46.5966163162, -116.274811293 46.5964213823, -116.274857226 46.5962312675, -116.274903159 46.5960552627, -116.274979266 46.5957583467, -116.274781119 46.5956892733, -116.274407098 46.5956623125, -116.273850039 46.5956242375, -116.273659099 46.5954723714, -116.273491126 46.5953343982, -116.27331612 46.5951974235, -116.273148147 46.5950603186, -116.27297314 46.5949223454, -116.27278906 46.5947743433, -116.272294041 46.5945453285, -116.271882162 46.5945223619, -116.271615116 46.594503433, -116.271163989 46.5944764288, -116.270637928 46.5943394541, -116.270340057 46.5943503513, -116.270057903 46.5943624207, -116.269539092 46.5943845624, -116.269287936 46.5940985871, -116.269111931 46.5939044347, -116.269142929 46.5934234821, -116.269013031 46.593255509, -116.268882959 46.5930994317, -116.268745985 46.5929395338, -116.268586043 46.5927365248, -116.26851697 46.5924356146, -116.268470907 46.5922525331, -116.268417767 46.5920045894, -116.268485798 46.5917265156, -116.268525045 46.5915464732, -116.268569806 46.5913676029, -116.268608836 46.5911925532, -116.268646911 46.5910125107, -116.268691846 46.5908145378, -116.268752844 46.5905625999, -116.268287825 46.5905204873, -116.267860837 46.5906004579, -116.267600868 46.5906506024, -116.267349711 46.5906995312, -116.267105805 46.5907454644, -116.266731828 46.5908185754, -116.266319775 46.590673569, -116.266075695 46.5905895607, -116.265739749 46.5904715584, -116.265609807 46.5902496204, -116.265510734 46.5900745707, -116.265411834 46.5898985658, -116.265312761 46.5897235595, -116.265220721 46.5895555864, -116.265045715 46.5892355737, -116.264976641 46.5890405964, -116.2649156 46.5888575583, -116.264854602 46.588678688, -116.264747627 46.5883655348, -116.264282607 46.5882315558, -116.263954563 46.5882055936, -116.26366455 46.588182627, -116.263374537 46.588163698, -116.263107491 46.5881407314, -116.26275661 46.5881137272, -116.262763469 46.5879227875, -116.262779576 46.5877167394, -116.262794511 46.5874077975, -116.262626538 46.5871987537, -116.262130477 46.5870607805, -116.261886571 46.586915774, -116.261634459 46.5867667734, -116.261444518 46.5864926504, -116.261329338 46.5863327525, -116.26121533 46.5861687736, -116.261070323 46.5859657646, -116.261192363 46.5858056931, -116.261314403 46.5856497894, -116.261444518 46.5854896745, -116.261566558 46.5853327723, -116.261688598 46.5851686631, -116.261817324 46.5850047277, -116.261939364 46.5848447864, -116.262062402 46.5846846715, -116.262191345 46.5845237751, -116.26239735 46.5842496521, -116.262329448 46.5840547182, -116.262268277 46.5838716367, -116.262199377 46.5836996694, -116.26208437 46.5835326949, -116.261970405 46.5833687161, -116.261856397 46.5832078197, -116.261741391 46.5830406715, -116.261634286 46.5826926559, -116.261581319 46.5825137857, -116.261527485 46.5823347418, -116.261474344 46.5821587369, -116.261413173 46.5819417916, -116.260917285 46.5816437469, -116.260612164 46.5816098831, -116.260345291 46.5815788413, -116.260085148 46.5815488414, -116.259719158 46.5815067722, -116.259406179 46.5813317659, -116.259193141 46.5812167593, -116.258987093 46.5811027512, -116.258758252 46.5809807113, -116.258033089 46.5809768908, -116.257797215 46.5810759641, -116.257560342 46.5811709997, -116.257331154 46.5812669037, -116.257095149 46.5813619394, -116.256706063 46.5815218807, -116.256339249 46.5815258748, -116.256210175 46.5813389728, -116.255973303 46.5812549646, -116.255714114 46.5811558913, -116.255180022 46.5811669621, -116.254881977 46.5811748637, -116.254516031 46.5811788579, -116.254287016 46.5810229542, -116.254379056 46.5808089177, -116.254469924 46.5806069072, -116.254584931 46.5803589635, -116.254584931 46.5799930175, -116.254309983 46.5797789376, -116.254134976 46.5796419629, -116.253959145 46.5795039897, -116.253783965 46.5793670585, -116.253493952 46.5791459453, -116.253096965 46.5790079721, -116.25264688 46.5790619371, -116.252364899 46.5790959745, -116.251967911 46.5791420814, -116.25176894 46.5790578995, -116.25200616 46.5787789574, -116.251906739 46.5785739512, -116.251822905 46.5784019405, -116.251746798 46.5782299733, -116.251662833 46.5780589612, -116.25147172 46.5776539416, -116.25186098 46.5774900061, -116.252074886 46.5773949705, -116.252295826 46.5773029304, -116.252638805 46.57715406, -116.252890786 46.5769679828, -116.253073824 46.5768380414, -116.253249873 46.5767079697, -116.253432737 46.5765780283, -116.253615819 46.576444961, -116.253790825 46.5763150196, -116.253973733 46.5761859465, -116.254156771 46.5760520108, -116.254362949 46.5758989292, -116.254362949 46.5753960519, -116.254210736 46.5752470078, -116.25396683 46.5750069657, -116.25399683 46.5747700929, -116.254019796 46.5745829737, -116.254042763 46.5743999356, -116.254073805 46.5741870279, -116.254370677 46.5739499814, -116.254546856 46.5738170443, -116.254721732 46.5736788975, -116.254897737 46.5735419662, -116.255072743 46.5734049915, -116.255331757 46.5732019825, -116.255438689 46.5729389737, -116.255560729 46.5726569926, -116.255377691 46.5724620153, -116.255232684 46.5723099756, -116.255087678 46.5721569373, -116.254942671 46.5720050713, -116.254736623 46.5717869538, -116.254568824 46.5715349725, -116.254462544 46.5713680414, -116.254347537 46.5712040625, -116.254240779 46.5710389548, -116.254134629 46.5708750194, -116.254011591 46.5706889422, -116.253661578 46.5704750359, -116.253470638 46.5703529961, -116.253271493 46.5702310864, -116.25307352 46.5701130842, -116.252875504 46.5699902194, -116.252676706 46.5698681795, -116.252486592 46.5697501338, -116.252219545 46.5695861984, -116.251990574 46.5692430453, -116.251967434 46.568972135, -116.251944641 46.5687930911, -116.251929359 46.5686130487, -116.251913425 46.5684301842, -116.251891327 46.5682511403, -116.251875394 46.5680720964, -116.251860632 46.5678891885, -116.251837319 46.567709146, -116.251822601 46.5675301021, -116.251799634 46.5672822018, -116.251639519 46.5670191497, -116.251532414 46.5668511766, -116.251433515 46.5666830299, -116.251280259 46.5665271262, -116.251128567 46.5663631908, -116.250983387 46.5662101525, -116.250616269 46.56613804, -116.250319353 46.5663211215, -116.249922408 46.566412163, -116.249655362 46.5663211215, -116.249480529 46.566065146, -116.249365349 46.5658931354, -116.249190343 46.5656381584, -116.248762183 46.5652951791, -116.24883143 46.5649551953, -116.248869288 46.5647681196, -116.248923123 46.5644931717, -116.24865625 46.5642231297, -116.248579101 46.5639371544, -116.248526309 46.5637572422, -116.248473168 46.5635822359, -116.248427235 46.5633991977, -116.248152157 46.5630972457, -116.247923142 46.5628491717, -116.247618064 46.5627431954, -116.247374158 46.5626622262, -116.246931064 46.5625101865, -116.246741123 46.5623651801, -116.246466218 46.5621442406, -116.246298071 46.5619152693, -116.246168173 46.5617321877, -116.245756251 46.5615412481, -116.245535311 46.5614343167, -116.245055184 46.5614803801, -116.244795214 46.5615033467, -116.244528168 46.5615263133, -116.244261121 46.5615492799, -116.244002107 46.5615712479, -116.243712094 46.5615982521, -116.243315106 46.5614073125, -116.243094166 46.5613043752, -116.242873053 46.5611982687, -116.242644212 46.5610912939, -116.242430002 46.5609884001, -116.242215922 46.5608852892, -116.241888008 46.5607323811, -116.241690209 46.5607092409, -116.241064076 46.5608923224, -116.240836103 46.561007329, -116.240622023 46.5611102663, -116.240415975 46.5612173713, -116.240202069 46.5613233042, -116.239989031 46.5614302791, -116.239775125 46.5615333899, -116.239508078 46.5616713197, -116.23908795 46.5617853278, -116.238844044 46.5618544013, -116.238447925 46.5619684094, -116.238103903 46.5619833007, -116.237837031 46.5619953701, -116.237318046 46.5620143425, -116.237059032 46.5619873383, -116.236807224 46.5619573385, -116.236548079 46.5619262967, -116.236288066 46.5618964705, -116.236036953 46.5618654721, -116.23577694 46.5618354723, -116.235517926 46.5618044305, -116.235197262 46.5617663988, -116.234723994 46.561755328, -116.234372982 46.5617434322, -116.234105936 46.5615414217, -116.233770988 46.5612894404, -116.233519007 46.5611714382, -116.233305101 46.5610683273, -116.233092063 46.5609613959, -116.232869908 46.5608584586, -116.232657044 46.5607515272, -116.23234389 46.5606065207, -116.231963183 46.5605805151, -116.231702997 46.5605615861, -116.231443982 46.5605414415, -116.231176936 46.5605265501, -116.230909889 46.5605075777, -116.230649876 46.5604884751, -116.230390905 46.5604735837, -116.229993917 46.5604465795, -116.22964308 46.5605386195, -116.229383892 46.5606065207, -116.229033011 46.5606985174, -116.228658859 46.56064859, -116.228406878 46.5606145525, -116.228147907 46.5605805151, -116.227887894 46.5605454791, -116.227629053 46.5605114416, -116.227369908 46.5604735837, -116.227109895 46.5604385477, -116.22685088 46.5604045102, -116.226514934 46.560358577, -116.226087947 46.5603815436, -116.225821074 46.560393613, -116.225560887 46.5604085044, -116.225301916 46.5604195753, -116.22503487 46.5604356823, -116.224775855 46.5604465795, -116.224515842 46.5604586489, -116.224256871 46.5604735837, -116.223760983 46.5604965503, -116.223493937 46.5605645817, -116.223249857 46.5606296176, -116.223005951 46.5606906592, -116.22276083 46.5607516575, -116.222502032 46.560816563, -116.221998938 46.5608735671, -116.221738925 46.5609005279, -116.22147991 46.5609275321, -116.221013892 46.5609806722, -116.220723879 46.5610415402, -116.22047294 46.5610956788, -116.220220959 46.5611486452, -116.219969021 46.5612016117, -116.219724941 46.5612555766, -116.219473133 46.5613085865, -116.219221022 46.5613625515, -116.218763861 46.5614616248, -116.218503848 46.561564562, -116.218282908 46.5616527381, -116.217832954 46.561831782, -116.217618874 46.5619457467, -116.217305895 46.5621217949, -116.217131062 46.562346772, -116.217009022 46.5625026757, -116.216887156 46.5626627472, -116.21675691 46.5628196494, -116.216497896 46.5631817749, -116.216177015 46.5632887063, -116.216214916 46.5631137, -116.21625399 46.5629336575, -116.216314988 46.5626287098, -116.216245915 46.5622436612, -116.216077942 46.5621517948, -116.215734962 46.5621896528, -116.215483198 46.5622206946, -116.21522401 46.5622506944, -116.214957137 46.5622816928, -116.214690091 46.5623116926, -116.214414969 46.5623427344, -116.214140065 46.5623727343, -116.213689937 46.5624266993, -116.213300851 46.5622668014, -116.213170953 46.5621326921, -116.213231951 46.5619727509, -116.213971918 46.561774778, -116.214353971 46.5616716671, -116.214856892 46.5616327671, -116.215123938 46.5616136645, -116.215391983 46.5615947355, -116.215666062 46.5615757631, -116.215933109 46.5615526663, -116.216245915 46.5615296997, -116.216643076 46.5613697584, -116.216871874 46.5612747227, -116.217206995 46.5611407437, -116.217573939 46.5610376762, -116.217817889 46.560969775, -116.21805372 46.5609007015, -116.2182978 46.5608318017, -116.218541749 46.5607637269, -116.218778926 46.5606906592, -116.219023006 46.5606256234, -116.219266781 46.5605575485, -116.219503828 46.5604886487, -116.219747734 46.5604195753, -116.219983739 46.5603476798, -116.220418758 46.5602296342, -116.220716846 46.5601565665, -116.220968784 46.5600995625, -116.221212864 46.5600425584, -116.221456813 46.5599845559, -116.221708925 46.5599275518, -116.221953005 46.5598665536, -116.222204812 46.5598095495, -116.222448892 46.5597525455, -116.222699831 46.5596955415, -116.222944736 46.5596375389, -116.223196023 46.5595805348, -116.223440971 46.5595195366, -116.223691736 46.5594625326, -116.223935816 46.5594055285, -116.224180764 46.5593475259, -116.224431877 46.5592905219, -116.224675783 46.5592335613, -116.224927721 46.5591725196, -116.225171801 46.5591155156, -116.225416749 46.5590585115, -116.225667862 46.559000509, -116.225911768 46.5589435483, -116.226308929 46.5588526805, -116.226659767 46.5588295403, -116.226919954 46.5588136069, -116.227178795 46.5587985419, -116.227446015 46.5587836071, -116.227704812 46.5587684986, -116.227964825 46.5587526087, -116.228269773 46.5587334626, -116.228742867 46.5586724644, -116.229001839 46.5586424645, -116.22925382 46.5586115964, -116.229513833 46.5585775589, -116.229772804 46.5585465606, -116.230123859 46.5585014523, -116.230520977 46.5583785875, -116.230947964 46.558253552, -116.231047038 46.5580664328, -116.231131002 46.5578906016, -116.231229902 46.5577115577, -116.23131391 46.5575435847, -116.231687758 46.5573105758, -116.231885731 46.5571925301, -116.232076844 46.5570745278, -116.232274817 46.5569524879, -116.232473962 46.5568304481, -116.232671761 46.5567115775, -116.233000023 46.5565096104, -116.23329772 46.5563875705, -116.233518834 46.5562924914, -116.233762783 46.5561935918, -116.234189727 46.5558685429, -116.234395775 46.5556435658, -116.234533749 46.5554874884, -116.234662648 46.5553344502, -116.234922661 46.5550484748, -116.235151632 46.5549266086, -116.235448722 46.5547745255, -116.23574694 46.5545715164, -116.235929805 46.5544464809, -116.236120745 46.5543205771, -116.236303652 46.5541944996, -116.236493767 46.5540684655, -116.236738672 46.5539044867, -116.237371664 46.5537174109, -116.237638884 46.5537093791, -116.238134772 46.5536944443, -116.238492686 46.553538367, -116.238591759 46.5532904233, -116.238668691 46.5531184561, -116.238736765 46.5529394122, -116.238836664 46.552698328, -116.239225924 46.5528244055, -116.239438658 46.5530004104, -116.239614836 46.5531373851, -116.23985071 46.5533283247, -116.240232763 46.5534384689, -116.240545743 46.5535303352, -116.240850691 46.5538054134, -116.240934829 46.5541173944, -116.240987796 46.5542974368, -116.241048664 46.5544954097, -116.24128571 46.5547854227, -116.24140775 46.5549453639, -116.241536823 46.5551024398, -116.241666895 46.5552663753, -116.241796836 46.5554263165, -116.241948876 46.5556133923, -116.24234582 46.5557503669, -116.24258977 46.5558343318, -116.242826946 46.55591834, -116.243055788 46.5559983106, -116.243291835 46.5560782813, -116.243528839 46.5561622461, -116.243764887 46.5562423904, -116.243993728 46.5563263552, -116.244230904 46.5564063258, -116.244458747 46.5564862965, -116.244764867 46.5565932279, -116.245260711 46.5565472947, -116.245633733 46.5563033886, -116.246023992 46.5560444175, -116.246320864 46.5561553865, -116.246419938 46.5564252548, -116.246496869 46.5566242697, -116.246564944 46.5568073078, -116.246656984 46.5570473934, -116.247014898 46.5571432539, -116.247258978 46.5572072912, -116.247510916 46.5572723271, -116.247762897 46.5573412268, -116.248113908 46.5574322683, -116.248533863 46.5574632667, -116.248792877 46.5574782015, -116.249105987 46.5574971305, -116.24944901 46.5577031786, -116.249654841 46.5578221794, -116.249997994 46.5580282275, -116.25040284 46.5580012233, -116.250684995 46.5577722521, -116.250959899 46.5575432373, -116.251456134 46.557333195, -116.251555034 46.5571771177, -116.251569968 46.5569632115, -116.25158486 46.5567761358, -116.251592935 46.5565892337, -116.251608 46.5564061522, -116.251622935 46.5561932445, -116.251958881 46.5559751704, -116.252188026 46.5558261263, -116.252652915 46.5557501933, -116.252927993 46.5557042601, -116.253194866 46.5556621908, -116.253447151 46.5556202518, -116.253714024 46.555575187, -116.253874139 46.5553081406, -116.253972864 46.5551441617, -116.254080187 46.5549721945, -116.254186944 46.5547961462, -116.254293919 46.5546211399, -116.254476957 46.5543202298, -116.254691037 46.5541631539, -116.25486587 46.5540340808, -116.25504092 46.5539001451, -116.255224956 46.5537672081, -116.255400136 46.5536330988, -116.255636835 46.5534580925, -116.25597213 46.553110077, -116.256025922 46.5528701651, -116.256101898 46.5525421205, -116.256216036 46.5523471432, -116.256307729 46.5521832078, -116.256406802 46.5520160596, -116.256499016 46.5518480865, -116.256597742 46.5516801135, -116.256696815 46.5515121404, -116.256788855 46.5513401297, -116.256902863 46.5511461944, -116.25694897 46.550822144, -116.256971763 46.550638064, -116.257001763 46.5503911188, -116.25716991 46.5501271115, -116.257276841 46.5499560994, -116.257467781 46.5496620923, -116.257421848 46.5494641194, -116.257375915 46.5492840769, -116.257337709 46.549101169, -116.25729195 46.5489221251, -116.257253875 46.5487430812, -116.257200735 46.5485400721, -116.257139736 46.5482921284, -116.257512716 46.5483002037, -116.257856737 46.5483080618, -116.258199716 46.548315095, -116.25826892 46.5482011304, -116.257886737 46.5479531867, -116.257642831 46.5477852136, -116.257673655 46.547510092, -116.257924942 46.5475560252, -116.258230888 46.5476061697, -116.258558803 46.5476631737, -116.258893707 46.5477201778, -116.258878989 46.5474301648, -116.258863707 46.5472430457, -116.258848816 46.5470601813, -116.258832709 46.5468311665, -116.258527761 46.5466181286, -116.258306648 46.546461183, -116.258153609 46.5461601426, -116.258008603 46.545866092, -116.257947561 46.5456261801, -116.257901628 46.5454350668, -116.25784063 46.5451831289, -116.258069601 46.545004085, -116.258245649 46.5448711479, -116.258420656 46.5447331747, -116.258603564 46.5445922059, -116.2587876 46.5444510633, -116.25896278 46.5443100511, -116.259137656 46.5441761154, -116.259404529 46.5439701107, -116.259267728 46.5435620521, -116.258970508 46.5432841086, -116.259000508 46.5430820981, -116.259038583 46.5427381201, -116.259305629 46.5425091488, -116.259473602 46.542097096, -116.259420593 46.5419031173, -116.259366454 46.5417271124, -116.259321519 46.5415521061, -116.259267728 46.5413730622, -116.259221447 46.5411971876, -116.259168481 46.5410181437, -116.259076441 46.5407051642, -116.258962607 46.5405031971, -116.258863403 46.540335224, -116.258771363 46.5401672075, -116.258672463 46.5399992779, -116.25857339 46.5398311311, -116.25848135 46.5396641566, -116.258283334 46.5393322047, -116.258222336 46.5389731617, -116.25818426 46.538779183, -116.258222336 46.5384391993, -116.25823727 46.5382561612, -116.258252335 46.5380771172, -116.258268269 46.5378972484, -116.258291583 46.5377101727, -116.258519382 46.5375961646, -116.258985269 46.5377101727, -116.259313314 46.5379812133, -116.25936628 46.5382221237, -116.259397496 46.5384011676, -116.259450636 46.5386452474, -116.25958036 46.5389350867, -116.259710475 46.5392170678, -116.259954381 46.5393741437, -116.260145495 46.5394961836, -116.260335392 46.5396220874, -116.260526332 46.5397481214, -116.260732727 46.5398810585, -116.261098673 46.5402701447, -116.261182508 46.5405100566, -116.261266473 46.5407281307, -116.261640494 46.5409301413, -116.262021505 46.5411401836, -116.261953777 46.5414761297, -116.261915572 46.5416620766, -116.261876672 46.5418531465, -116.261838641 46.542040092, -116.261792534 46.5422612051, -116.261983647 46.5425280778, -116.26209861 46.5426891913, -116.26222065 46.5428559922, -116.262449665 46.5431770035, -116.262632703 46.5433179724, -116.262815785 46.5434589846, -116.263006724 46.5436039911, -116.26318173 46.54374496, -116.263509818 46.5439969413, -116.263357909 46.5443290235, -116.263265739 46.5445269964, -116.263143699 46.5447980803, -116.263242772 46.5449390492, -116.263501743 46.5450689472, -116.263707791 46.5451720581, -116.263929729 46.5452860662, -116.264158744 46.5453970352, -116.264379857 46.5455150375, -116.264608829 46.5456260065, -116.264966743 46.5458089143, -116.265294831 46.5458169461, -116.265760849 46.5458318809, -116.266057895 46.5457370189, -116.266424883 46.5456220123, -116.266631061 46.5454008991, -116.266775069 46.5452409579, -116.26692776 46.5450768487, -116.267072766 46.5449239407, -116.267286846 46.5446879362, -116.267537829 46.5445809613, -116.267714008 46.5448248674, -116.267774876 46.5450768487, -116.267820939 46.5452598869, -116.267881981 46.5455118682, -116.267851112 46.5458008825, -116.267835874 46.545980925, -116.267820939 46.5461599689, -116.267804875 46.5463390128, -116.267790114 46.5465218773, -116.267774876 46.5467019198, -116.267744007 46.5470448991, -116.267912154 46.5471019032, -116.26810292 46.5470489367, -116.268187059 46.5468499653, -116.268247927 46.5467319196, -116.26834014 46.5465639465, -116.268438866 46.5463768708, -116.268706086 46.5462898669, -116.268790225 46.5465758857, -116.268843061 46.5467587501, -116.268904059 46.5469527289, -116.269034131 46.5470447689, -116.269331047 46.5470677355, -116.26946902 46.5470107314, -116.269597919 46.546956723, -116.269759033 46.546712817, -116.269857933 46.5465637729, -116.269971897 46.5463968418, -116.270102012 46.5462018645, -116.270330984 46.5462018645, -116.270604933 46.5464878398, -116.270749939 46.5466407479, -116.270894946 46.54678875, -116.271039952 46.5469418317, -116.271254163 46.5471627712, -116.271590109 46.5471587336, -116.271819297 46.5470028299, -116.272002335 46.5468767958, -116.272215069 46.5467277518, -116.272444084 46.5464377388, -116.272566124 46.5462777975, -116.272688164 46.5461217202, -116.27281003 46.5459618224, -116.272978177 46.5457477425, -116.273268016 46.545526803, -116.273580995 46.5452857188, -116.273894149 46.5452287148, -116.27417613 46.5451757484, -116.274542076 46.5453547923, -116.274573074 46.5455497695, -116.274603074 46.545732634, -116.274634116 46.5459116779, -116.274657082 46.5460907218, -116.274687256 46.5462707643, -116.274718081 46.5464498082, -116.274748254 46.5466286785, -116.274802089 46.5469607607, -116.275130133 46.5469337565, -116.275496079 46.5465446702, -116.276030346 46.5465257412, -116.27642716 46.5466637145, -116.276595133 46.5469185177, -116.27672438 46.5471205283, -116.277151367 46.5472355349, -116.277670178 46.5472006726, -116.277937224 46.5471855641, -116.278212346 46.5471666351, -116.278654572 46.5473235373, -116.279105525 46.5474876464, -116.279242282 46.5476515819, -116.279471471 46.5479405963, -116.279700312 46.5480785695, -116.280096258 46.5483115784, -116.280615416 46.5483605507, -116.28105851 46.5484024462, -116.281325383 46.5483375841, -116.281546496 46.5481855443, -116.281729534 46.5480594669, -116.281912616 46.5479295254, -116.282095524 46.5478034914, -116.282286463 46.5476775875, -116.282469328 46.5475485144, -116.282751482 46.5473494996, -116.282950628 46.5471325977, -116.28309546 46.5469724827, -116.283247326 46.5468045097, -116.283011626 46.5465144967, -116.28288138 46.5463575945, -116.282759341 46.546197523, -116.282629269 46.5460416193, -116.282492294 46.5458696087, -116.282492294 46.5455264556, -116.282492294 46.5451824777, -116.282721309 46.5449085284, -116.283285401 46.5448394549, -116.283553273 46.544912566, -116.283804559 46.5449735642, -116.284048465 46.5450374712, -116.284293587 46.5451025071, -116.284773368 46.5452324051, -116.285040414 46.5452404803, -116.285338459 46.5452513775, -116.285735577 46.5451144028, -116.285925344 46.5449573269, -116.286101566 46.5448163147, -116.28655838 46.5446564168, -116.286795557 46.5445764462, -116.287024398 46.5444924379, -116.287260619 46.5444123371, -116.287489417 46.5443323664, -116.287855363 46.544202425, -116.288100485 46.5440113551, -116.288275317 46.5438743804, -116.288519397 46.5436794032, -116.288687544 46.5434244262, -116.288794301 46.5432603171, -116.28890145 46.5430963816, -116.289084314 46.5428103629, -116.289290363 46.542634358, -116.289450434 46.5424933892, -116.289618451 46.5423523769, -116.289847595 46.5421503664, -116.290221443 46.5420354032, -116.290457621 46.5419632907, -116.29069432 46.5418873576, -116.291045549 46.5417842467, -116.291212349 46.5416422793, -116.29128138 46.5413683734, -116.291327313 46.5411923251, -116.291380453 46.5410173188, -116.291426386 46.5408382749, -116.291472493 46.54066227, -116.291540394 46.5404143263, -116.291670336 46.5401394218, -116.291746269 46.5399722737, -116.291830407 46.539800263, -116.291907339 46.5396282523, -116.291991347 46.5394572836, -116.29206728 46.539285273, -116.292204428 46.53899526, -116.292540374 46.5388123956, -116.292975394 46.5387813538, -116.293234365 46.5387593857, -116.293730426 46.5387203555, -116.293982364 46.5386403849, -116.294226313 46.5385642782, -116.29446349 46.5384881715, -116.294699364 46.5384152341, -116.294936411 46.5383391274, -116.295172459 46.5382631944, -116.295454397 46.538175192, -116.295813309 46.5379651497, -116.296118431 46.5377862794, -116.296316577 46.5375611287, -116.296454377 46.5374082206, -116.296614448 46.5372362534, -116.296751423 46.5369392072, -116.29653031 46.5368131297, -116.296316577 46.5366912635, -116.296118257 46.5365762569, -116.295752311 46.5363672131, -116.295721313 46.536092135, -116.296019357 46.5358782287, -116.296194537 46.5357491122, -116.296378444 46.5356192142, -116.296561482 46.5354852785, -116.296736358 46.5353562054, -116.296950264 46.5352031237, -116.296873289 46.534879247, -116.296835258 46.5347032421, -116.296782421 46.5344712318, -116.296950264 46.5340861398, -116.296851191 46.5338301643, -116.296530136 46.5335482265, -116.29628623 46.533330109, -116.296118257 46.5330902405, -116.295988359 46.5329182299, -116.295554164 46.5327473914, -116.295332226 46.532659389, -116.294997105 46.5325293173, -116.294623084 46.5326213573, -116.294379178 46.5326823556, -116.294127066 46.5327433972, -116.293707112 46.532846291, -116.293570311 46.5326362487, -116.293463206 46.5324723133, -116.293280168 46.5321862945, -116.293478141 46.5320902603, -116.293616114 46.531873315, -116.29372222 46.5317093795, -116.293829152 46.5315452704, -116.294005027 46.5312703225, -116.293989918 46.5310302804, -116.293974158 46.5307672716, -116.293821945 46.5305112961, -116.293722047 46.5303433231, -116.293622974 46.5301793442, -116.293524074 46.5300113711, -116.293425174 46.529847262, -116.293326231 46.5296802875, -116.293227028 46.5295123144, -116.293126912 46.529348379, -116.293027839 46.5291804059, -116.292937145 46.5290124328, -116.292815105 46.5288213195, -116.292288046 46.5286154451, -116.292058901 46.5283943319, -116.291822853 46.5281574591, -116.291700813 46.5279214545, -116.291562883 46.5276584024, -116.291333868 46.52744836, -116.291166894 46.5272884188, -116.290685768 46.5271964222, -116.290441862 46.5271474499, -116.290136784 46.5270864517, -116.289686829 46.5271774498, -116.289441751 46.5272305898, -116.289045762 46.527311559, -116.288778715 46.5269675811, -116.288671784 46.5267575388, -116.288579744 46.5265865267, -116.288480671 46.526395587, -116.288251656 46.5262165431, -116.287870949 46.5261365725, -116.287458592 46.5260526076, -116.287145613 46.525941465, -116.286908566 46.5258614943, -116.28666466 46.5257775295, -116.286153534 46.5257775295, -116.285894519 46.5257775295, -116.285505607 46.5257775295, -116.285108619 46.5255446508, -116.284833541 46.5252395729, -116.2845747 46.5249535541, -116.28433062 46.5248425851, -116.284108682 46.5247475494, -116.283895601 46.5246486498, -116.28345255 46.5244506769, -116.282934521 46.5244277103, -116.282461643 46.5244047437, -116.282392396 46.5241986956, -116.282293323 46.5239008245, -116.282010343 46.5237787846, -116.281789577 46.5236837055, -116.281560389 46.5235876713, -116.281331418 46.5234887717, -116.280935428 46.5232716527, -116.280729424 46.5231606837, -116.280439411 46.5230088176, -116.280057358 46.5228867778, -116.279783278 46.5227987319, -116.279378259 46.5227798029, -116.279050344 46.522893811, -116.278730331 46.5231497865, -116.2785545 46.5232827236, -116.278356354 46.5234397994, -116.278119307 46.5235078743, -116.277822565 46.5232788596, -116.277845228 46.5230768491, -116.277868194 46.522893811, -116.277891161 46.5227147671, -116.277906226 46.5225357232, -116.277929192 46.5223558544, -116.277959192 46.522069879, -116.277761393 46.5218597933, -116.277463175 46.5218408643, -116.276998112 46.5219788375, -116.276601341 46.5221957394, -116.276334121 46.5223407459, -116.275899275 46.5223829888, -116.275640261 46.5224059554, -116.275388149 46.522428922, -116.275075344 46.5224549277, -116.275014302 46.5221308773, -116.274976097 46.521955871, -116.274938195 46.5217760021, -116.274900164 46.5215969582, -116.274846155 46.5213339495, -116.275022203 46.5210898697, -116.27514407 46.5209299285, -116.275312216 46.520692882, -116.275182101 46.5203988314, -116.274831264 46.5201778919, -116.274487937 46.5199639857, -116.274450036 46.5197509043, -116.274388994 46.5194379248, -116.274129024 46.5193009935, -116.273916117 46.5191900245, -116.273565062 46.5190029054, -116.273129869 46.5189799388, -116.272724893 46.5190570874, -116.272434836 46.519114048, -116.272015924 46.5189459447, -116.271794985 46.5188540784, -116.271474103 46.5187249618, -116.27174102 46.518312909, -116.271702945 46.5181179751, -116.271641773 46.5178130274, -116.271313858 46.5176529559, -116.27068104 46.5175149827, -116.270451851 46.5173739704, -116.270253053 46.5172559681, -116.270054733 46.5171379659, -116.26985676 46.5170200938, -116.269665821 46.516901093, -116.269467674 46.5167830473, -116.269161728 46.5166001829, -116.269131728 46.5163482016, -116.269352668 46.5162410965, -116.269757687 46.5160511554, -116.269886934 46.5158711129, -116.270008974 46.5157111716, -116.270123807 46.5155470625, -116.27032178 46.5152761522, -116.270588652 46.5151350097, -116.270802906 46.5150240407, -116.271153787 46.5148409592, -116.271290892 46.5146280515, -116.271389791 46.5144599482, -116.271496766 46.5142959693, -116.271618806 46.5141090672, -116.271649804 46.5138110225, -116.271519733 46.5136170438, -116.271405725 46.5134529347, -116.271290892 46.5132849616, -116.270878665 46.5130710553, -116.270672661 46.5129651225, -116.270458754 46.5128581476, -116.270252706 46.5127512162, -116.270046528 46.5126440677, -116.26983362 46.5125330987, -116.269627572 46.5124271658, -116.269413535 46.512320191, -116.269070513 46.5121411471, -116.269139586 46.5119351424, -116.269413535 46.5118511341, -116.269650539 46.5117742026, -116.269894488 46.5117021335, -116.270130666 46.511626157, -116.270397713 46.5115451879, -116.270329508 46.5111790682, -116.26993252 46.510863093, -116.26981048 46.5106071176, -116.269726645 46.5104351069, -116.269604605 46.5101760923, -116.269688614 46.5099171212, -116.269772578 46.5096500748, -116.269985486 46.5094280934, -116.270130666 46.5092800913, -116.270275499 46.5091310472, -116.270420332 46.5089781826, -116.270634412 46.5087570694, -116.270901458 46.5086691972, -116.271260545 46.5086500946, -116.271519559 46.5086391974, -116.271862712 46.5086200948, -116.272290525 46.508684132, -116.272549539 46.5087189944, -116.272801477 46.5087570694, -116.273060665 46.5087949274, -116.273312603 46.5088289649, -116.273777449 46.5088980383, -116.27405257 46.5089929003, -116.274281715 46.5090740432, -116.27451759 46.5091540138, -116.274769701 46.5092410177, -116.275303664 46.5092410177, -116.275601535 46.5090849403, -116.275494603 46.5088410343, -116.275410595 46.5086650294, -116.275334662 46.5084859855, -116.27523459 46.5082610084, -116.275502809 46.5081919349, -116.275852648 46.5083260442, -116.276165627 46.5084440899, -116.276585582 46.5085169839, -116.276837519 46.5085619185, -116.277088806 46.5086078517, -116.277355722 46.5086499209, -116.277653767 46.5089359397, -116.277813708 46.5090809462, -116.277966746 46.5092259526, -116.278118786 46.5093709591, -116.278279726 46.5095199598, -116.278675845 46.5095199598, -116.279034758 46.5094359949, -116.279278664 46.5093789909, -116.279537679 46.5093179492, -116.279591818 46.5089709757, -116.279621687 46.5087909332, -116.279644784 46.5086118893, -116.279675652 46.508433019, -116.279705652 46.5082529766, -116.27973665 46.508012891, -116.279873799 46.5079208944, -116.28017167 46.5078528195, -116.280606689 46.5079408219, -116.280865704 46.5079897942, -116.281361938 46.5079208944, -116.281758709 46.5077378129, -116.282223728 46.5076737756, -116.282467808 46.5078528195, -116.282818863 46.5081047574, -116.282833797 46.5082918765, -116.282849861 46.508474741, -116.282864796 46.5086578225, -116.282879731 46.5089287328, -116.283444822 46.5089778353, -116.283742042 46.5088406869, -116.284008914 46.508474741, -116.284306829 46.5082687363, -116.2845658 46.5082228031, -116.284817781 46.5081766962, -116.285069719 46.508130763, -116.285321874 46.5080886938, -116.285733927 46.508016755, -116.286160915 46.5082687363, -116.286206978 46.5084817742, -116.286237021 46.5086646821, -116.286289988 46.5089317284, -116.286412852 46.5091877039, -116.286495992 46.5093597146, -116.286572967 46.5095306833, -116.286656932 46.509702694, -116.286733213 46.509870667, -116.286817047 46.5100416791, -116.28689298 46.5102136464, -116.286977119 46.5103856571, -116.287053052 46.5105566692, -116.287152993 46.5107596782, -116.287450039 46.5108505027, -116.287946057 46.5107826448, -116.288076172 46.5108776805, -116.288076346 46.5110335842, -116.288244145 46.5111256242, -116.288556126 46.511117549, -116.288816096 46.5111135548, -116.28907511 46.5111066518, -116.289335124 46.51109862, -116.289594138 46.5110945824, -116.290029331 46.511083555, -116.290365104 46.5112206599, -116.290822221 46.5113195595, -116.291318282 46.5114305285, -116.291387182 46.5118156206, -116.291723128 46.5120484558, -116.291951101 46.5122085707, -116.292348436 46.5122504663, -116.292646134 46.5121364582, -116.292875148 46.5120675585, -116.293165335 46.5123074704, -116.293332266 46.5124455738, -116.293500239 46.5125865861, -116.293660354 46.5127235174, -116.293828327 46.5128613169, -116.293996474 46.5130023292, -116.294164273 46.5131394341, -116.29433242 46.5132764088, -116.294492318 46.513414382, -116.294660464 46.5135553509, -116.294828611 46.5136923256, -116.294996411 46.5138294305, -116.295163385 46.5139674037, -116.295492472 46.5142413531, -116.295621371 46.5142413531, -116.295789344 46.5144473578, -116.295987317 46.5146993391, -116.296247504 46.5150203504, -116.296483552 46.5151343585, -116.29658345 46.5153173966, -116.296979569 46.5154553698, -116.297216442 46.515737351, -116.297361449 46.5158972488, -116.297490565 46.5160573637, -116.297704602 46.5163012698, -116.297956583 46.5164883455, -116.298131589 46.5166222812, -116.298307768 46.5167553919, -116.298482644 46.5168853333, -116.298658649 46.5170192689, -116.298833655 46.5171523797, -116.29900953 46.5172863153, -116.29918471 46.5174192524, -116.299360541 46.5175533616, -116.299543796 46.5176862987, -116.299726661 46.5178232734, -116.299901667 46.5179613768, -116.300214646 46.5181972511, -116.300321969 46.5183771199, -116.300412793 46.5185372349, -116.300580766 46.518762212, -116.300451693 46.518888246, -116.300329653 46.5191172608, -116.300153822 46.5194451317, -116.300017021 46.5197081838, -116.299703694 46.5197992253, -116.299444723 46.5198721193, -116.299192742 46.5199483996, -116.298925695 46.5200253312, -116.298925695 46.5202992806, -116.299185014 46.5205783963, -116.299489961 46.5207341263, -116.299695836 46.5208412314, -116.299901841 46.5209512019, -116.300107889 46.5210621709, -116.300321969 46.5211731833, -116.300527973 46.5212801148, -116.300840779 46.5214472629, -116.301008926 46.5216992008, -116.300977927 46.5220432222, -116.300962993 46.5222222661, -116.300947928 46.5224010929, -116.300932168 46.5225801368, -116.300916886 46.5227632184, -116.300901994 46.5229432608, -116.300885887 46.5231342005, -116.300871126 46.5233172386, -116.301504119 46.5235722155, -116.301787098 46.5235951821, -116.302061048 46.5236181487, -116.302557065 46.5235450811, -116.302961911 46.5234840394, -116.303305064 46.5233811456, -116.303541937 46.5233130707, -116.303824266 46.5232331001, -116.304350109 46.5232331001, -116.304715925 46.5234232149, -116.304922277 46.5235341839, -116.305128152 46.523648192, -116.305510335 46.523851201, -116.305975224 46.5240109252, -116.306326235 46.5240719669, -116.306631356 46.5241249333, -116.306860154 46.5241829359, -116.306731255 46.5243730507, -116.30648635 46.5245339905, -116.30631117 46.5246479551, -116.30612023 46.524769995, -116.305922084 46.5249039306, -116.305716383 46.5250370414, -116.305502129 46.5251741897, -116.305296125 46.5253081253, -116.305014143 46.525495201, -116.30484617 46.5257242157, -116.304861235 46.5259371234, -116.304877169 46.5261812032, -116.30518915 46.5263991036, -116.305388295 46.5265360783, -116.305670276 46.5267310556, -116.305647136 46.5269600269, -116.305624169 46.5271429347, -116.305601203 46.5273300105, -116.305579235 46.5275239458, -116.305556094 46.527718923, -116.305533301 46.5279059987, -116.305510508 46.5280890803, -116.305472477 46.5284209888, -116.304976242 46.5284739552, -116.304610122 46.5285122039, -116.304541223 46.5286002064, -116.304739543 46.5288330416, -116.305128282 46.5289700163, -116.305357297 46.5290539811, -116.305586311 46.5291420269, -116.305823314 46.5292259918, -116.306059536 46.5293129956, -116.306425482 46.5294469313, -116.306929401 46.5295190438, -116.307303596 46.5294850063, -116.307562393 46.5294620397, -116.307822407 46.5294390731, -116.308218526 46.5294050357, -116.308569407 46.5293019248, -116.308813313 46.5292288572, -116.309210474 46.5291109851, -116.309546421 46.5291259199, -116.309805565 46.5291420269, -116.310072438 46.5291569183, -116.310171511 46.5295420104, -116.31001144 46.5296870168, -116.309851325 46.5298279857, -116.309691427 46.5299768561, -116.309531312 46.5301218626, -116.309309374 46.5303200091, -116.309134672 46.5305909194, -116.309012632 46.5307779951, -116.3089746 46.5311209745, -116.308943558 46.5313499892, -116.309218506 46.5315598579, -116.309393513 46.5317010004, -116.30973749 46.5319648774, -116.309935507 46.5322659612, -116.309691557 46.5323799259, -116.309370546 46.5325368281, -116.308936525 46.5326439766, -116.308630579 46.532715872, -116.308333533 46.5327889831, -116.308051595 46.5328608785, -116.307867515 46.5328989536, -116.307761582 46.533062889, -116.307616575 46.5332648995, -116.308203461 46.5332199649, -116.308569581 46.5331889665, -116.3089746 46.533154929, -116.308989839 46.5333869394, -116.3090046 46.5336580234, -116.308844659 46.5339329278, -116.308737554 46.5341009009, -116.308638654 46.534268874, -116.308440811 46.534596962, -116.308287599 46.5347490017, -116.308134735 46.5348940081, -116.307982695 46.5350428786, -116.307806647 46.5352110253, -116.307623609 46.5353938897, -116.307440527 46.535568896, -116.307249588 46.5357560152, -116.307181686 46.5359658838, -116.307577676 46.5359129174, -116.307913795 46.5358710218, -116.308241666 46.5358289091, -116.308440811 46.535916955, -116.308516788 46.5360879237, -116.308676686 46.5364470101, -116.308668654 46.5366568787, -116.308668654 46.5368508574, -116.308668654 46.5370459649, -116.308668654 46.537289871, -116.3089057 46.5374038791, -116.309325785 46.5374389151, -116.309798706 46.5374729526, -116.309927953 46.5375418523, -116.309859704 46.5378769736, -116.309798879 46.5381859155, -116.309943886 46.5383877524, -116.310057851 46.538559763, -116.31017976 46.5387277361, -116.310294723 46.5388997034, -116.310416763 46.5390668515, -116.31052274 46.5392277913, -116.310721885 46.5395097725, -116.310591943 46.5397617104, -116.310255867 46.5398078172, -116.309843944 46.5397878463, -116.309569865 46.5397727812, -116.309302818 46.5397578464, -116.308836801 46.5397348798, -116.308569754 46.5398379907, -116.308325848 46.5399259932, -116.308104735 46.5400100014, -116.308005792 46.5401739369, -116.307898861 46.5403529808, -116.307783854 46.5405320247, -116.307609021 46.5408298958, -116.307310803 46.5409020083, -116.30705982 46.540871965, -116.306792947 46.5408339334, -116.306502761 46.5407988974, -116.306235714 46.5407648599, -116.30596094 46.5407269585, -116.305685862 46.5406929211, -116.305319742 46.540742067, -116.305342883 46.5409519356, -116.305357818 46.5411199087, -116.305373707 46.5413069844, -116.30538899 46.5414969255, -116.305418816 46.5417909761, -116.30514491 46.5418868801, -116.304907863 46.5419740142, -116.304526809 46.5421119874, -116.304266796 46.5422950689, -116.304083758 46.5424239684, -116.30390085 46.5425540401, -116.303717812 46.5426839815, -116.303497002 46.5428400588, -116.303305759 46.5431449631, -116.303198784 46.5433210114, -116.30274883 46.5434700555, -116.302496718 46.5435540203, -116.302107806 46.5436869574, -116.302168804 46.5440299368, -116.30240585 46.5441910502, -116.302665039 46.5443739581, -116.303038843 46.5445030312, -116.303274891 46.5445840004, -116.303595902 46.5446939709, -116.303924164 46.5448730148, -116.304137896 46.5449839838, -116.304359009 46.5451019861, -116.304694956 46.5453619992, -116.304869962 46.5454949363, -116.30505287 46.5456288719, -116.305228875 46.5457660202, -116.305404055 46.5458959182, -116.305579929 46.5460288553, -116.305778076 46.5461778994, -116.306259028 46.5462349034, -116.306610213 46.546272935, -116.306769981 46.5463879417, -116.306937954 46.5466849879, -116.30704406 46.5468608625, -116.307144132 46.5470439006, -116.307243075 46.5472159113, -116.307365115 46.5474408884, -116.307739093 46.5474408884, -116.308044214 46.5474408884, -116.308311087 46.547447748, -116.308494125 46.5476658655, -116.308265154 46.5478718702, -116.308296152 46.5481047054, -116.308525167 46.5483067159, -116.308692141 46.5484587556, -116.308853212 46.5486037621, -116.308830245 46.5487447744, -116.308357194 46.5489058444, -116.307800135 46.5488788837, -116.307510122 46.5487717352, -116.307273075 46.5486837327, -116.307037374 46.5485969025, -116.306800154 46.5485129377, -116.306289202 46.5485578289, -116.305778076 46.5486039358, -116.30541213 46.5483068896, -116.304916069 46.5482109856, -116.304283076 46.5483519979, -116.304098996 46.5485509693, -116.303854917 46.5488099839, -116.303290998 46.5489439195, -116.303123025 46.5488099839, -116.303123025 46.5484400003, -116.303290998 46.5481239817, -116.303092157 46.5478450396, -116.302696037 46.5477570372, -116.302573997 46.5479330421, -116.302459164 46.5480970209, -116.302337124 46.5482720272, -116.302161944 46.5485090738, -116.301878965 46.5487189424, -116.301689024 46.5488520531, -116.301368012 46.5490810678, -116.300902993 46.549034961, -116.30068188 46.5488520531, -116.300506005 46.5487110843, -116.300307859 46.5485550069, -116.300253894 46.5481959206, -116.300223894 46.5479820143, -116.300177961 46.5476620015, -116.299910914 46.5475020603, -116.299552175 46.5475631019, -116.299277922 46.5476051711, -116.298980007 46.5476541, -116.298689821 46.5477000332, -116.298224802 46.5477761398, -116.298125902 46.5479401187, -116.29802596 46.5481050527, -116.297926757 46.548280059, -116.297819956 46.548459103, -116.297660014 46.5487342245, -116.297438901 46.5489361916, -116.297271102 46.5490810678, -116.297095922 46.5492411394, -116.296676011 46.5494020792, -116.296439963 46.5494931207, -116.296103843 46.5496270563, -116.295714757 46.5496650879, -116.295447884 46.5496950878, -116.295180838 46.5497220919, -116.294913792 46.5497522655, -116.294653779 46.5497792697, -116.294181031 46.549829197, -116.294012711 46.550176214, -116.293928746 46.5503482247, -116.293814912 46.5505842726, -116.293548039 46.5509051103, -116.293211746 46.55105715, -116.292952731 46.5511751957, -116.292479854 46.5512941965, -116.292227872 46.5513552382, -116.292029726 46.5514082046, -116.292022041 46.5516561483, -116.292181766 46.551843224, -116.292349912 46.5520452345, -116.292449159 46.5523662459, -116.292944873 46.5524881121, -116.293211919 46.5525491537, -116.29380688 46.5525261871, -116.294073926 46.5527511642, -116.294242073 46.5528961707, -116.294455979 46.5530101354, -116.29483699 46.5532121459, -116.294966932 46.5533990479, -116.294737917 46.5536701319, -116.294410046 46.5537201027, -116.294151032 46.5537581343, -116.293891018 46.5537921718, -116.293632178 46.5538302468, -116.293379892 46.5538691468, -116.293127911 46.5539071784, -116.292716032 46.5539641824, -116.292350086 46.553987149, -116.292090941 46.5540022141, -116.291830928 46.5540171489, -116.291556979 46.5540332559, -116.291046026 46.5540062517, -116.290763047 46.5539911866, -116.290366927 46.5537692052, -116.290153021 46.5536512029, -116.289931734 46.5535293367, -116.28953479 46.5535984101, -116.28953479 46.5537123748, -116.289931908 46.5541012874, -116.290198954 46.5542652662, -116.290405002 46.5543951642, -116.290602975 46.5545172041, -116.290854913 46.5546731078, -116.290854913 46.5549021225, -116.290625942 46.5550851606, -116.290099881 46.5550551608, -116.289809868 46.5550362318, -116.289526888 46.555021297, -116.289031044 46.5549902986, -116.288871103 46.5553223808, -116.288771856 46.5555203537, -116.288322075 46.5556083561, -116.288061889 46.5556613659, -116.287642976 46.5557453308, -116.287398896 46.5559213356, -116.287215989 46.5560542727, -116.286909912 46.5562683526, -116.286574964 46.556306254, -116.286314951 46.5563372524, -116.285811857 46.556245386, -116.285552018 46.5561992792, -116.2851938 46.5561314214, -116.28478878 46.5561614212, -116.284529765 46.5561763126, -116.284094746 46.5563823607, -116.283751767 46.556649407, -116.283575762 46.5567873803, -116.283331856 46.556974456, -116.282973768 46.5571154248, -116.282744927 46.5572034273, -116.282501021 46.5572944688, -116.281874714 46.5572944688, -116.281577668 46.5570463514, -116.28144777 46.5567454413, -116.281348697 46.55651647, -116.281012751 46.5562455597, -116.280592796 46.5561885556, -116.280333782 46.556150524, -116.280074811 46.556115488, -116.279692931 46.5560625216, -116.279189663 46.5558796137, -116.278883543 46.5559595843, -116.278639637 46.5560244465, -116.278387526 46.5560894824, -116.278136543 46.5561545182, -116.277884779 46.5562225931, -116.277632624 46.5562874553, -116.277129747 46.5563105955, -116.276709619 46.5563295679, -116.276343673 46.5563216664, -116.276076626 46.5563146331, -116.275816613 46.5563066013, -116.275549567 46.5562985261, -116.275290552 46.5562916665, -116.275023506 46.5562836347, -116.274763536 46.5562765581, -116.274321614 46.5562606681, -116.274046536 46.556150524, -116.273817521 46.55605462, -116.273428608 46.5558946788, -116.273108596 46.555867718, -116.272841549 46.5558417123, -116.272398498 46.5557996431, -116.27207041 46.5558377181, -116.271574523 46.5558946788, -116.271330617 46.5559867188, -116.27104043 46.5560966893, -116.270773384 46.5563718108, -116.270506337 46.5564636772, -116.27003346 46.5564857755, -116.26961433 46.5565047479, -116.269255591 46.5565887127, -116.268996447 46.5566497544, -116.268736433 46.5567107526, -116.268477419 46.5567727928, -116.268217579 46.556833791, -116.267958435 46.5568907951, -116.267714355 46.5569477991, -116.267264574 46.5570547305, -116.267027354 46.5572607786, -116.267165327 46.557527825, -116.267294401 46.5577868395, -116.267058526 46.5579437417, -116.26666944 46.5579018462, -116.266371395 46.5578708044, -116.266074349 46.5578408045, -116.265807303 46.5578138003, -116.26554729 46.5577868395, -116.265288449 46.5577610075, -116.265021402 46.5577338731, -116.264761563 46.5577068689, -116.264502375 46.5576798647, -116.264250437 46.5576539025, -116.263991249 46.5576268983, -116.263716344 46.5575998941, -116.263251325 46.5576919341, -116.262999344 46.5577409063, -116.262740329 46.5577948713, -116.262457393 46.5578518754, -116.261855225 46.5580538859, -116.261656384 46.5582409616, -116.261496312 46.5583859681, -116.261336371 46.5585309745, -116.2611763 46.558675981, -116.261015534 46.5588169499, -116.260733552 46.559080002, -116.260496332 46.5592179752, -116.260298359 46.5593319399, -116.260069388 46.5594690882, -116.259627292 46.5595879154, -116.259383212 46.5596529947, -116.259138134 46.5597210261, -116.258887195 46.5597859317, -116.258650148 46.5598509676, -116.258406242 46.5599160034, -116.258108327 46.559995974, -116.257941223 46.5601979845, -116.257933147 46.5604799223, -116.257925463 46.560666998, -116.257910355 46.5609530167, -116.258055361 46.561181988, -116.258162336 46.5613499611, -116.258261409 46.5615179342, -116.258368341 46.5616859072, -116.258475489 46.5618500598, -116.258574562 46.5620180328, -116.258704287 46.5622160057, -116.259062548 46.5623950496, -116.259314312 46.5624749769, -116.259558392 46.5625479143, -116.259795612 46.5626199833, -116.260039518 46.5626929207, -116.260489646 46.5628338896, -116.260695347 46.5629599671, -116.260893667 46.5630779693, -116.261092465 46.563199879, -116.261290438 46.5633219188, -116.261488585 46.5634409197, -116.261679524 46.5635589219, -116.261916571 46.5637039284, -116.262373558 46.5638109032, -116.262709504 46.5638870099, -116.262740503 46.5641808868, -116.262472458 46.564477933, -116.262335483 46.5646350089, -116.262198726 46.5647909125, -116.261946571 46.5650728937, -116.261999537 46.565264007, -116.262076816 46.5655079131, -116.262442805 46.5657328902, -116.262900618 46.5656718486, -116.263167664 46.5656378111, -116.263434537 46.5656037737, -116.263701757 46.5656948152, -116.263800656 46.5659427588, -116.264159743 46.5662627716, -116.264479755 46.5663888491, -116.264792735 46.5665147529, -116.264822908 46.5667207576, -116.264540797 46.5668887307, -116.264319684 46.56702284, -116.264029801 46.5671978463, -116.264029801 46.5673618252, -116.264258816 46.5675638357, -116.26463987 46.5676218383, -116.26489971 46.5676627353, -116.265189723 46.5677048045, -116.265684742 46.5676748047, -116.265952787 46.5676598699, -116.266310875 46.5676367296, -116.266432741 46.56786874, -116.266516749 46.5680218217, -116.266608746 46.5682087237, -116.266875966 46.568368665, -116.267317888 46.5683957994, -116.267599826 46.5684147284, -116.26826386 46.5683227318, -116.268546145 46.5681777253, -116.268751846 46.5680677549, -116.268965926 46.56796078, -116.269180006 46.567849811, -116.269385837 46.5677396669, -116.269629916 46.5676178007, -116.270125977 46.5674917232, -116.270522965 46.5673886123, -116.270522965 46.5677086685, -116.27039285 46.5679416774, -116.270294124 46.5681136881, -116.270187019 46.5683035857, -116.270187019 46.5686476071, -116.270483892 46.5688496176, -116.270804903 46.568788576, -116.271284857 46.5686925417, -116.271545044 46.5685865654, -116.271774015 46.5684945254, -116.272010063 46.5683956258, -116.272491189 46.5682925583, -116.272971968 46.5681896211, -116.273467161 46.5682615165, -116.273757 46.5682236585, -116.274008982 46.5681855835, -116.274298995 46.5681475518, -116.274749079 46.5680176104, -116.274993202 46.5679455413, -116.275230075 46.5678764679, -116.275473981 46.5678075681, -116.275718061 46.5677394932, -116.275954934 46.5676705934, -116.276214078 46.5676244866, -116.276617926 46.5675525912, -116.276962077 46.5676095952, -116.277221092 46.5676514908, -116.277481105 46.56769356, -116.277999091 46.5676855282, -116.278259104 46.5676823155, -116.278518118 46.5676783213, -116.278778262 46.5676744574, -116.279045178 46.5676704198, -116.279304149 46.5676664256, -116.279563164 46.567662388, -116.27983021 46.5676593489, -116.280090049 46.5676553547, -116.280532276 46.5676474532, -116.280960262 46.567537309, -116.281280448 46.5673733736, -116.281494181 46.5672664422, -116.281700229 46.5671594673, -116.281913267 46.5670523623, -116.282218388 46.5668964586, -116.282585159 46.5667583117, -116.282829239 46.5666672702, -116.283065113 46.5665792678, -116.283294302 46.5664912654, -116.283615139 46.5663732631, -116.283912185 46.5663732631, -116.284149406 46.5663693991, -116.284248132 46.5664882697, -116.284110332 46.5666523788, -116.283882186 46.5669413932, -116.283348267 46.5671473979, -116.283027255 46.5673463694, -116.282829239 46.567468279, -116.282638169 46.5675903189, -116.282440326 46.5677123588, -116.282241181 46.5678343986, -116.28205124 46.5679524009, -116.281852269 46.5680744408, -116.281654296 46.5681973056, -116.281463356 46.5683153512, -116.281272243 46.5684373911, -116.28107427 46.5685553934, -116.280731421 46.5687733372, -116.280448311 46.5688303413, -116.280197154 46.5688794438, -116.279945217 46.5689334088, -116.279685203 46.5689863752, -116.279434264 46.5690403836, -116.279182109 46.56909335, -116.27877023 46.5691773149, -116.278564225 46.5693523646, -116.278396252 46.569494332, -116.278228409 46.5696353009, -116.278053229 46.5697803073, -116.277893158 46.5699174557, -116.277725185 46.5700584245, -116.277557385 46.5701953992, -116.27739727 46.5703373666, -116.277229124 46.570474515, -116.277061151 46.5706154838, -116.276809213 46.5708255695, -116.276527232 46.5710005759, -116.27632826 46.5711226157, -116.276138145 46.5712414429, -116.275886208 46.571393526, -116.275550261 46.5716915708, -116.275627193 46.5719695143, -116.275718234 46.5722865314, -116.275878132 46.5724884985, -116.276016279 46.5726524774, -116.276145352 46.5728125489, -116.276313325 46.573018597, -116.276214426 46.5732935015, -116.276145352 46.5734844412, -116.276046279 46.5737744541, -116.276267392 46.5739343954, -116.276611414 46.5741863767, -116.276443267 46.574437316, -116.276039419 46.5745333503, -116.27561126 46.5746364611, -116.27551236 46.5747314968, -116.275482534 46.5751165889, -116.2757333 46.5753195979, -116.275916381 46.5754563989, -116.27609256 46.5755973678, -116.276267392 46.5757343425, -116.276504439 46.5759214182, -116.276504439 46.5761963227, -116.276504439 46.5764934123, -116.276733453 46.5766964213, -116.277275404 46.5767413125, -116.277564592 46.5767683167, -116.277831465 46.576791457, -116.278091478 46.5768144236, -116.277893505 46.5772264764, -116.27766449 46.5773944495, -116.277328544 46.577634318, -116.277229471 46.5778294689, -116.277137605 46.5779964434, -116.277046563 46.5781684107, -116.276954567 46.5783363837, -116.276802483 46.5786183649, -116.276580719 46.5788093045, -116.276412572 46.5789583486, -116.276245598 46.5791073927, -116.276084484 46.5792483615, -116.27587162 46.5794422968, -116.275886511 46.5797174184, -116.27590162 46.5800343921, -116.276130591 46.5801484002, -116.276527579 46.5801943334, -116.2769316 46.5802404402, -116.276969632 46.5804573421, -116.277007707 46.5806253152, -116.277038531 46.5807963273, -116.277076606 46.5809723322, -116.277114638 46.5811513761, -116.277152713 46.5813344576, -116.277191743 46.5815173221, -116.277229645 46.5817044412, -116.277267676 46.5818873056, -116.27729772 46.5820743814, -116.27733675 46.5822574629, -116.277374825 46.5824413693, -116.27741976 46.5826624824, -116.277534723 46.582978284, -116.277648731 46.5833262995, -116.278037643 46.5835623475, -116.278236832 46.5836843873, -116.278434805 46.5838062535, -116.278640809 46.583932331, -116.278846858 46.5840584085, -116.279045829 46.5841802747, -116.279228737 46.584298277, -116.279441775 46.5844283921, -116.279220835 46.5847103298, -116.279075829 46.5848903723, -116.278808783 46.5852223242, -116.278778956 46.5854732636, -116.278907856 46.5855193704, -116.279305017 46.585466404, -116.279609922 46.5854202971, -116.279922901 46.5853783581, -116.280334954 46.5853173599, -116.280502927 46.5854084014, -116.280502927 46.5856984143, -116.280494895 46.5859352872, -116.280395996 46.5862673693, -116.280343029 46.5864464133, -116.280288847 46.5866222445, -116.280235881 46.5868012884, -116.279930976 46.5870872637, -116.279769863 46.5872363078, -116.279678995 46.5875873624, -116.279602063 46.587880371, -116.279464915 46.5880632788, -116.279198042 46.5881822796, -116.278801098 46.5883532918, -116.278801098 46.5885592965, -116.278801098 46.5887502361, -116.278801098 46.5889262844, -116.278922964 46.5890903935, -116.279168043 46.5894104063, -116.279464915 46.589547381, -116.279915043 46.5895022727, -116.280175056 46.5894791324, -116.280434027 46.5894521282, -116.280693215 46.5894251674, -116.280953229 46.5894022008, -116.281319175 46.5893641258, -116.281708261 46.5894331992, -116.281960068 46.5894750948, -116.28221904 46.5895212017, -116.282647199 46.5895931405, -116.282990352 46.5896122432, -116.283249193 46.589627178, -116.283516066 46.5896432415, -116.283875152 46.5896660345, -116.284401213 46.5898261494, -116.284569186 46.5900390571, -116.284691226 46.5902001706, -116.284821298 46.5903600684, -116.284943338 46.5905201834, -116.285065378 46.5906800812, -116.285195145 46.5908440601, -116.285431324 46.5911501366, -116.285439399 46.5913360835, -116.285447257 46.5915271534, -116.285462365 46.5917902056, -116.285828311 46.5919052122, -116.286324503 46.5919660368, -116.286583344 46.5920000743, -116.286843357 46.5920310726, -116.287117263 46.5920649364, -116.287583324 46.5921990457, -116.287827404 46.5922709845, -116.288079341 46.592340058, -116.288575402 46.5922979887, -116.288842449 46.5922750221, -116.289322359 46.5921380475, -116.289803486 46.5919999006, -116.290001328 46.591882072, -116.290307405 46.5917030281, -116.290467346 46.5914659816, -116.290589386 46.5912980085, -116.290772468 46.5910389939, -116.290970441 46.5909020627, -116.291497326 46.5907409492, -116.291779611 46.5907828448, -116.29204631 46.5908209198, -116.2923134 46.5908599934, -116.29262638 46.590901889, -116.293015466 46.5907800228, -116.293251297 46.59069888, -116.293496418 46.5906229469, -116.293740325 46.5905470139, -116.294182377 46.5904060016, -116.294472564 46.5904129046, -116.294777512 46.590424974, -116.295220563 46.5905619053, -116.295456611 46.5906350163, -116.295739547 46.5907258842, -116.296196534 46.5908058114, -116.296448516 46.5908557822, -116.296708529 46.5909017154, -116.296959468 46.5909468237, -116.297364661 46.5910237552, -116.297730607 46.5910158971, -116.297997654 46.5910078219, -116.2983636 46.5910007886, -116.298653786 46.5912027992, -116.298890659 46.5913627404, -116.299317647 46.5913137682, -116.299622551 46.5912746946, -116.300034604 46.5911037259, -116.300263792 46.5910116858, -116.300484732 46.5909206443, -116.300698638 46.590828778, -116.300919578 46.5907407755, -116.301125626 46.5906537717, -116.301842583 46.5903637587, -116.30201073 46.59043166, -116.302010903 46.5906797773, -116.301735825 46.5909697903, -116.301590819 46.5911226549, -116.30145367 46.5912746946, -116.301308664 46.5914237387, -116.301163657 46.5915767769, -116.301026683 46.5917256473, -116.300881676 46.5918776871, -116.30073667 46.5920267311, -116.300599738 46.5921797694, -116.300454732 46.5923316789, -116.300309725 46.5924806795, -116.300171752 46.5926327627, -116.300026746 46.5927817633, -116.299889771 46.5929346713, -116.299614693 46.5932167827, -116.299431785 46.5933656531, -116.299256779 46.5934987639, -116.299088806 46.5936367371, -116.298912801 46.5937696742, -116.298737925 46.5939078211, -116.298569778 46.5940407581, -116.298394772 46.594177863, -116.298218767 46.5943117987, -116.298050794 46.5944487733, -116.297875788 46.5945867466, -116.297699913 46.5947198573, -116.297532808 46.5948567885, -116.29735676 46.5949907242, -116.29718896 46.5951238349, -116.297013781 46.5952618081, -116.296837776 46.5953947452, -116.296532654 46.5956388249, -116.296402756 46.5958297646, -116.296288748 46.5959937001, -116.296181773 46.5961578526, -116.296067809 46.596321788, -116.295899662 46.5965737694, -116.295884727 46.5968327405, -116.295876869 46.5970168206, -116.295861761 46.5972188311, -116.296090949 46.5975158773, -116.296212989 46.5976798127, -116.296335029 46.5978518234, -116.296463754 46.5980197965, -116.296463754 46.598221807, -116.296196708 46.5984848157, -116.295899836 46.598793801, -116.295952802 46.5991337414, -116.295991007 46.5993168229, -116.296021875 46.599499861, -116.296052049 46.5996827689, -116.296082874 46.5998618128, -116.296113047 46.6000418552, -116.29615898 46.6003008264, -116.296457069 46.6006668158, -116.296669976 46.6008347888, -116.296853839 46.6009757577, -116.297043954 46.6011167266, -116.297219959 46.6012587374, -116.297395139 46.6013916745, -116.297616122 46.6015636851, -116.297517179 46.6017887925, -116.297433214 46.6019676627, -116.297349075 46.6021547384, -116.297219959 46.602448789, -116.297036921 46.6026586576, -116.296898948 46.602814735, -116.296753941 46.6029787138, -116.29640306 46.6032346893, -116.296228054 46.6033678001, -116.296045016 46.6034976981, -116.295854076 46.6036386669, -116.295701993 46.6039588968, -116.295618028 46.604130864, -116.29553402 46.6043028747, -116.295450055 46.6044738434, -116.295290114 46.6048057954, -116.295297321 46.604996735, -116.295297321 46.6051717413, -116.295305049 46.6053547794, -116.295305049 46.6055346917, -116.295312082 46.6057136922, -116.295312082 46.6058967737, -116.295320287 46.6060758176, -116.295320287 46.6062667573, -116.295152141 46.6065946716, -116.295053241 46.6067706764, -116.295053241 46.6072016583, -116.295305222 46.6074187772, -116.295465164 46.6075637837, -116.295633137 46.6077047526, -116.295793208 46.607849759, -116.295953149 46.6079907279, -116.296152294 46.6081627386, -116.296747255 46.6083457767, -116.297090408 46.6083917099, -116.29737252 46.6084338225, -116.297761432 46.6085027223, -116.297739508 46.608689798, -116.297410247 46.609055744, -116.297090582 46.609242646, -116.296892392 46.6093606917, -116.296541554 46.6095586646, -116.296251368 46.6096657697, -116.296014321 46.6097497779, -116.295778273 46.6098297486, -116.295450402 46.6099477508, -116.295175454 46.6101577932, -116.29499259 46.6102957664, -116.294817367 46.6104327411, -116.294519322 46.6106536806, -116.294496355 46.6108787879, -116.29448129 46.6110697276, -116.294450248 46.6113867447, -116.294199483 46.6114626777, -116.293939296 46.6115387844, -116.293687358 46.6116117218, -116.293558242 46.6117716631, -116.293520384 46.6119587388, -116.293458343 46.6122976806, -116.293291369 46.612477723, -116.293146362 46.6126298062, -116.293001356 46.6127828444, -116.292726278 46.613075853, -116.292673485 46.6132597594, -116.292619303 46.6134428409, -116.292558305 46.6136488456, -116.292924424 46.6139916948, -116.293237404 46.6141248055, -116.29347445 46.6142247037, -116.29369539 46.6143197393, -116.294115301 46.6144957876, -116.294374315 46.614475643, -116.294641362 46.614456714, -116.294916483 46.6144337474, -116.295343428 46.6144037476, -116.295640474 46.6145867857, -116.295839489 46.6148806626, -116.295969734 46.6150677383, -116.296289573 46.615315682, -116.29645772 46.6154526567, -116.296632552 46.6155895879, -116.296800525 46.615723567, -116.296976574 46.6158606719, -116.297143548 46.6159946075, -116.297319553 46.6161315822, -116.297494733 46.6162685568, -116.297662533 46.6164026661, -116.297838581 46.6165395974, -116.298059694 46.6167156457, -116.2982736 46.6169786544, -116.29839564 46.6171385957, -116.298624611 46.617424571, -116.298837866 46.6175816469, -116.299051773 46.6177415881, -116.299448891 46.6179095612, -116.299882738 46.6180886051, -116.300210826 46.6183635096, -116.300210826 46.6184505135, -116.300470665 46.6186984572, -116.300622879 46.6188434637, -116.300913022 46.6191185418, -116.300981791 46.6193125205, -116.301073788 46.6195725336, -116.301341008 46.6197634733, -116.301523916 46.6198925464, -116.301706997 46.6200224444, -116.301890036 46.6201565537, -116.302202841 46.6203775366, -116.302331915 46.6205875789, -116.30243203 46.6207545534, -116.302537963 46.6209225265, -116.302644894 46.6210904995, -116.302744141 46.6212624668, -116.302850942 46.6214265759, -116.302950015 46.6215905548, -116.303065022 46.6217695987, -116.303026947 46.622097296, -116.30300398 46.6222763399, -116.302981014 46.62246042, -116.302958047 46.6226433278, -116.302942982 46.6228263659, -116.302920016 46.6230054098, -116.302897049 46.6232344246, -116.302699076 46.6235014709, -116.302584069 46.6236613688, -116.302470061 46.6238214837, -116.302348022 46.6239825537, -116.302233015 46.6241465326, -116.302110975 46.6243064305, -116.30199701 46.624470583, -116.30187497 46.6246304809, -116.301698922 46.6248785982, -116.301600023 46.6251265419, -116.301530949 46.62530958, -116.301264076 46.625427452, -116.300936032 46.6251956154, -116.300867957 46.6248975272, -116.300890099 46.6246264867, -116.300905989 46.6244435788, -116.300920923 46.6242645349, -116.300944064 46.624085491, -116.30096703 46.6237576201, -116.30087499 46.6235624691, -116.300791156 46.6233904585, -116.300706844 46.6232194898, -116.300539869 46.6228915754, -116.300371896 46.6227425748, -116.300203923 46.6225975683, -116.300044025 46.622456556, -116.299670004 46.6222084387, -116.299478891 46.6220825782, -116.299287951 46.6219565008, -116.29909788 46.6218305969, -116.298906766 46.6217045195, -116.298716 46.6215786591, -116.298532919 46.6214535801, -116.298341805 46.6213305417, -116.298151864 46.6212056364, -116.297967828 46.621082598, -116.297754746 46.6209416291, -116.297555905 46.6207396186, -116.297464733 46.6204725723, -116.297357758 46.6201905911, -116.297128961 46.6199575822, -116.296693768 46.6197285675, -116.29626678 46.6196216361, -116.2960227 46.6195605945, -116.295778794 46.6194995962, -116.295534715 46.6194355589, -116.295282603 46.6193746909, -116.295038653 46.6193126942, -116.294794574 46.6192516525, -116.294549669 46.619190828, -116.294305589 46.6191267473, -116.294061683 46.619065749, -116.293809528 46.6190037088, -116.293512656 46.6189277758, -116.293108635 46.6187716985, -116.292879663 46.618683696, -116.292650518 46.6185956936, -116.292322604 46.6184697898, -116.291925443 46.6184166497, -116.291673505 46.6183787483, -116.29141449 46.6183407167, -116.291154477 46.6183058543, -116.290857605 46.6182637851, -116.290384554 46.6182758545, -116.290117507 46.6182798487, -116.289857494 46.6182867517, -116.28959848 46.6182907459, -116.289331607 46.6182988211, -116.289072592 46.6183028153, -116.288805372 46.6183098485, -116.288316388 46.6184248552, -116.288042482 46.6184887188, -116.287576421 46.6188558804, -116.287401414 46.6190268491, -116.287256408 46.6191757195, -116.287111402 46.6193247636, -116.286966395 46.6194737642, -116.28681353 46.6196218098, -116.28666835 46.6197709841, -116.286378468 46.6200688986, -116.286211537 46.6202098674, -116.286043563 46.6203508797, -116.28587559 46.6204918486, -116.285707617 46.6206299955, -116.285478603 46.6208198932, -116.285104755 46.6209389374, -116.284860675 46.6210108328, -116.284517522 46.6211179813, -116.284227509 46.6213159542, -116.284044471 46.6214458522, -116.283754458 46.6216438686, -116.283411479 46.621731871, -116.283166357 46.6217928692, -116.282922451 46.6218579485, -116.282678371 46.6219189467, -116.282434465 46.6219839825, -116.282182354 46.6220448505, -116.281938448 46.6221098864, -116.281633326 46.6221900306, -116.281236338 46.6223459343, -116.280931434 46.6224639366, -116.280626313 46.6226739789, -116.280435373 46.622804094, -116.280199369 46.6229680294, -116.279977561 46.6232389397, -116.279848314 46.6233990112, -116.279710341 46.6235589525, -116.279581441 46.623719024, -116.279336363 46.6240129009, -116.278909375 46.6240169385, -116.278406455 46.6238569972, -116.278223417 46.6236660576, -116.27807841 46.6235099803, -116.278039337 46.6231509373, -116.278024575 46.6229599976, -116.278001435 46.6227769161, -116.277978295 46.6225289724, -116.277582349 46.6225060058, -116.276987562 46.6225941819, -116.27659027 46.6227120539, -116.276346364 46.6227891592, -116.276102285 46.6228610546, -116.275857336 46.6229341656, -116.275461564 46.6230562055, -116.275308352 46.6232391134, -116.275171378 46.6233951907, -116.275041306 46.6235550886, -116.2748274 46.6238070699, -116.274530354 46.6239861138, -116.274019531 46.624025144, -116.273599273 46.6240551438, -116.273447537 46.6242501211, -116.27330926 46.6244211332, -116.273180361 46.6245850687, -116.272935239 46.6249020858, -116.272508295 46.6250091909, -116.272333289 46.6249251826, -116.271974376 46.6249211884, -116.271707329 46.6251771639, -116.271104294 46.6251962666, -116.270769389 46.6250391907, -116.270547234 46.6249362535, -116.270326295 46.624833186, -116.270113257 46.6247302488, -116.269891102 46.6246311755, -116.269487298 46.6244402358, -116.269205143 46.6244021608, -116.268953335 46.6243681233, -116.268693192 46.6243342596, -116.268434177 46.6242952294, -116.268159403 46.624257328, -116.267900258 46.624292364, -116.267625137 46.6243264014, -116.267587453 46.6246502781, -116.267557279 46.6248983955, -116.267740143 46.6251692624, -116.267854325 46.6253372354, -116.267969158 46.6255052085, -116.268083123 46.6256691874, -116.26825127 46.6259241643, -116.268022298 46.6262681423, -116.267686352 46.6263251463, -116.267396166 46.6263712531, -116.266923245 46.6264513974, -116.266695272 46.6266112953, -116.266717414 46.6269242748, -116.266733477 46.6271153881, -116.266748412 46.6273053293, -116.26675627 46.6275003065, -116.266771379 46.6276942418, -116.266794519 46.6279123593, -116.266992318 46.6282092319, -116.266923245 46.6284841363, -116.266595374 46.6285912848, -116.266351251 46.6286714291, -116.266023553 46.6287823982, -116.265741399 46.6290073753, -116.265565394 46.6291483441, -116.265390518 46.6292853188, -116.265504352 46.6296212649, -116.265573426 46.6298083406, -116.265687434 46.63015132, -116.265314411 46.6303613623, -116.265100374 46.6304834022, -116.264757352 46.6306773809, -116.264581347 46.6308872496, -116.264429481 46.631067292, -116.264390407 46.6313373774, -116.2641086 46.6314713131, -116.26386452 46.6315893153, -116.2635973 46.6319784015, -116.263658342 46.6323902807, -116.263826662 46.6325622914, -116.263971321 46.6327153296, -116.264116328 46.6328673694, -116.264253606 46.6330162398, -116.264497686 46.6332603195, -116.264352679 46.6333523596, -116.264093535 46.633313286, -116.26383452 46.6332752543, -116.263567474 46.6332413905, -116.263299429 46.6332033589, -116.263040414 46.6331682795, -116.262796335 46.6331302479, -116.262529462 46.6330963841, -116.262239623 46.6333672944, -116.262079334 46.6335082632, -116.261919436 46.6336532697, -116.261636456 46.6339163219, -116.261392377 46.6340383617, -116.261179643 46.6341452931, -116.260965389 46.634248404, -116.260751483 46.6343553355, -116.260538401 46.6344582727, -116.260324495 46.6345653778, -116.260103382 46.634671354, -116.259843412 46.6349774306, -116.259714469 46.6351333342, -116.259576366 46.6352894116, -116.259485325 46.6356443301, -116.259408697 46.6359494081, -116.259073619 46.6361324896, -116.258630351 46.6361554562, -116.258348413 46.6361713895, -116.258073465 46.636182417, -116.257715377 46.6362013894, -116.257623381 46.6363993623, -116.257547404 46.636571373, -116.257463439 46.6367544111, -116.257371399 46.6369413131, -116.257272673 46.6371664639, -116.257181458 46.6373654353, -116.256586367 46.6372504721, -116.256380319 46.6369264217, -116.256250421 46.6367284488, -116.256250421 46.6364994341, -116.255960408 46.6362474962, -116.255693362 46.6360144439, -116.255357416 46.6360144439, -116.255258473 46.6364955702, -116.254945363 46.6366514738, -116.25472438 46.6367586223, -116.254510344 46.6368655537, -116.254289361 46.6369725286, -116.25396149 46.637136464, -116.253770376 46.6373535396, -116.253633575 46.6375134809, -116.253465429 46.6377045942, -116.253129309 46.6379224946, -116.252939541 46.6380475736, -116.252702365 46.6382085134, -116.252603422 46.6385204944, -116.252534522 46.6387535033, -116.252199444 46.6388034741, -116.251703383 46.6385975996, -116.251382372 46.6383915515, -116.251184399 46.6382695116, -116.250986556 46.6381434775, -116.25058158 46.6377085884, -116.250719336 46.6375444793, -116.250978351 46.6372275055, -116.250978351 46.6368806622, -116.250711304 46.6367016183, -116.25045229 46.6367245849, -116.250337457 46.6369265954, -116.250230352 46.6371366377, -116.250124419 46.6373265788, -116.250009586 46.6375366211, -116.249818299 46.6378916699, -116.249589328 46.6379565321, -116.249452353 46.6378876323, -116.249406246 46.6375325835, -116.24937642 46.6373076064, -116.249345378 46.6370905309, -116.249322281 46.6368846564, -116.24891826 46.6366895489, -116.248559347 46.6365185368, -116.248239508 46.6365566118, -116.24798032 46.6365906493, -116.247713274 46.6366216477, -116.247438326 46.6366556851, -116.247179355 46.6366865098, -116.246835507 46.6367285791, -116.246576362 46.6369535562, -116.246370488 46.6371406319, -116.245950403 46.6372466082, -116.245698422 46.6373076064, -116.245447309 46.6373726422, -116.245195328 46.6374375478, -116.244745417 46.6375525545, -116.24460727 46.6377166636, -116.244462263 46.637880599, -116.244318256 46.6380516112, -116.244173249 46.6382235784, -116.244035276 46.6383915515, -116.243898345 46.6385476288, -116.243715263 46.6387655727, -116.24344839 46.6387655727, -116.243249419 46.6384026223, -116.242853256 46.6381506844, -116.242479278 46.6380896428, -116.242219439 46.6380517848, -116.241960251 46.6380096722, -116.241693378 46.6379677766, -116.24127312 46.6377927703, -116.24105218 46.6377007302, -116.240839272 46.6376056946, -116.240663268 46.6375327572, -116.240663268 46.6373267091, -116.240297148 46.6371897778, -116.240037135 46.6371517027, -116.239534388 46.6370757697, -116.239259136 46.6370866669, -116.23899222 46.6370946987, -116.238733249 46.6371017754, -116.238336261 46.6373267091, -116.238039215 46.6374876489, -116.237512155 46.6374916865, -116.237237251 46.6372967092, -116.236909337 46.6370596627, -116.236475142 46.6370566671, -116.236429209 46.6373196758, -116.236383102 46.6376096887, -116.236543391 46.6378416991, -116.236665431 46.6380096722, -116.236787297 46.6381776452, -116.236978236 46.6384527668, -116.236978236 46.638749813, -116.23668119 46.638860782, -116.236269137 46.6389137484, -116.236001223 46.6389447902, -116.235734176 46.6389787843, -116.235353165 46.6390247175, -116.23498735 46.6392996654, -116.234628263 46.6393487678, -116.234361217 46.6393866692, -116.234102419 46.6394218789, -116.233827124 46.6394597369, -116.233430354 46.6393487678, -116.233102439 46.6393568431, -116.232835219 46.6393648749, -116.232576378 46.6393717344, -116.232309332 46.6393798096, -116.231935181 46.6393908371, -116.231538366 46.6394448455, -116.231287253 46.6394788829, -116.231035142 46.6395127467, -116.230783334 46.6395437451, -116.230546114 46.6395777826, -116.230348141 46.6397608207, -116.230058128 46.6398178247, -116.229799114 46.6398677955, -116.229547176 46.6399177229, -116.22918123 46.6399898354, -116.228929248 46.6401848126, -116.228754242 46.6403177497, -116.228570162 46.640451859, -116.228395156 46.6405887902, -116.228189151 46.6407448676, -116.227922278 46.6410657487, -116.227464249 46.6411037803, -116.227182485 46.6411227093, -116.226762357 46.6411567467, -116.226533559 46.6412487868, -116.226701359 46.6417067728, -116.226717292 46.6419168151, -116.226732357 46.6421867268, -116.226564384 46.6424847716, -116.226266513 46.6426217462, -116.225938251 46.6425607046, -116.225664345 46.6425117757, -116.225275259 46.6424388384, -116.224741514 46.642461805, -116.224214454 46.6426489241, -116.223970505 46.6427858553, -116.223772358 46.6429048996, -116.223573387 46.6430229018, -116.223367382 46.6431369099, -116.223169366 46.6432559107, -116.222970568 46.6433699188, -116.222688413 46.6435378919, -116.2224673 46.643777934, -116.222330369 46.6439348363, -116.222192395 46.6440869194, -116.22224636 46.644433893, -116.222291469 46.6446818367, -116.22249044 46.6449379858, -116.222719455 46.6452278685, -116.222787486 46.6454338732, -116.222856386 46.6456657099, -116.223024359 46.6459138273, -116.223299481 46.6459937979, -116.223558452 46.6460668655, -116.22398544 46.6461887317, -116.224054339 46.6463758509, -116.224123586 46.6465587153, -116.224222486 46.6468257617, -116.224069752 46.647073879, -116.223955613 46.6472607811, -116.223878508 46.6475967272, -116.223825672 46.6478597794, -116.223627525 46.6482218614, -116.223161508 46.6484546966, -116.222970742 46.6486188492, -116.22276452 46.6487978497, -116.22264248 46.6490998018, -116.222528689 46.6493898147, -116.222101528 46.649621825, -116.221765582 46.64967579, -116.22126952 46.6497597549, -116.22126952 46.6500838052, -116.22126952 46.6502858157, -116.22126952 46.6504727612, -116.22126952 46.6507398076, -116.221170621 46.6509458123, -116.221292661 46.6511707894, -116.221384701 46.6513387624, -116.221475569 46.6515107731, -116.221567782 46.6516777042, -116.221704714 46.6519258216, -116.221704714 46.6523648786, -116.222002802 46.6526357889, -116.222017693 46.6528458312, -116.22202477 46.653028739, -116.22204066 46.6532538464, -116.222108735 46.6535777231, -116.222147808 46.6537688364, -116.222208633 46.6540318452, -116.222475679 46.654100745, -116.22290284 46.6540318452, -116.223154952 46.6539017735, -116.223466759 46.6537338004, -116.223703979 46.6537537714, -116.223718741 46.6540048844, -116.223733806 46.6543027555, -116.223955787 46.654542841, -116.224092718 46.6546958793, -116.224229867 46.6548477454, -116.224375047 46.6550046476, -116.224512846 46.6551536916, -116.224733786 46.6553977714, -116.224985897 46.6555766417, -116.225168979 46.6557067567, -116.225352017 46.6558396938, -116.225694866 46.6560837736, -116.22583297 46.6562557408, -116.225962086 46.6564116445, -116.226084126 46.656572758, -116.22621385 46.6567286616, -116.22642793 46.6569997456, -116.226518972 46.6572246793, -116.226595078 46.6574307274, -116.22689295 46.6576407697, -116.227357969 46.6576407697, -116.227724957 46.6574307274, -116.22792293 46.6574307274, -116.228151901 46.6575906686, -116.228105968 46.6578997842, -116.228060035 46.6582087262, -116.228189976 46.6583457008, -116.228518064 46.6583877701, -116.228808077 46.65842667, -116.229090015 46.6584607075, -116.229037048 46.6587007496, -116.228953214 46.6590556247, -116.228654995 46.6593537129, -116.228387949 46.6596237549, -116.228343188 46.6598227697, -116.228289049 46.6600125372, -116.228442088 46.6601996129, -116.228571204 46.6603635484, -116.228724069 46.6605625198, -116.229174197 46.6605315214, -116.229472068 46.6605085548, -116.229769114 46.6604855882, -116.230250066 46.6604475566, -116.23034914 46.6605165866, -116.230181167 46.6607304929, -116.229991226 46.6609745726, -116.229586076 46.6610885807, -116.229411069 46.6612376248, -116.229235195 46.6613866689, -116.228961115 46.6616156402, -116.228991115 46.6617715438, -116.229159088 46.6619125127, -116.229533109 46.6618746547, -116.229838187 46.6618446549, -116.230143135 46.6618136131, -116.230433148 46.6617866523, -116.230822061 46.6617485772, -116.230952132 46.6618825128, -116.230799268 46.6620506596, -116.230616186 46.6622446383, -116.230456288 46.6624126114, -116.230456288 46.6625495426, -116.230853233 46.6628015239, -116.231204287 46.6628665598, -116.231585168 46.6629356332, -116.231761346 46.6631676435, -116.231951288 46.6634155872, -116.231822345 46.663713632, -116.231822518 46.6641255111, -116.232218334 46.664212515, -116.232791327 46.6642435568, -116.233080297 46.6642586219, -116.233309312 46.6643464506, -116.233248271 46.6645145974, -116.233027331 46.664613497, -116.232806392 46.6647166079, -116.232546378 46.664830616, -116.232279332 46.6649536544, -116.231989319 46.6650865914, -116.231715413 46.665345606, -116.231555472 46.6654986443, -116.231410292 46.6658305528, -116.231333534 46.6660025635, -116.231257254 46.6661775698, -116.231181321 46.6663495804, -116.231104346 46.6665205491, -116.231028586 46.6666965974, -116.230952306 46.6668675661, -116.230883406 46.6670395768, -116.230761366 46.6673066231, -116.230563393 46.6675275626, -116.23042542 46.6676846385, -116.230197447 46.6679436531, -116.23018134 46.6681686302, -116.230166449 46.6683516683, -116.23015134 46.6685355747, -116.230135407 46.6687146186, -116.230120342 46.6688974831, -116.230105407 46.669076527, -116.230090646 46.6692596085, -116.230067506 46.6695234855, -116.230174654 46.6699315007, -116.230372454 46.6700455088, -116.230631468 46.6699506034, -116.230891481 46.6698545692, -116.231303534 46.669702486, -116.231623547 46.6697325293, -116.231883734 46.6697594901, -116.232226539 46.6697935275, -116.232493759 46.6699315007, -116.233126578 46.6700185046, -116.232859705 46.6704764906, -116.232897607 46.670797502, -116.233180543 46.6710065457, -116.233393624 46.6711634479, -116.233813709 46.671312492, -116.234095516 46.6714115653, -116.234759551 46.671529611, -116.234889622 46.6716854712, -116.234622576 46.6718695513, -116.234339596 46.6719454843, -116.234088657 46.6720145578, -116.233828644 46.672082459, -116.233492524 46.6721704614, -116.233332626 46.6725134408, -116.233599672 46.6727045541, -116.233790612 46.6728374912, -116.233981682 46.6729754644, -116.234263837 46.6731734373, -116.234294662 46.6734485589, -116.234545818 46.673749469, -116.234675716 46.6739063712, -116.234805831 46.6740664427, -116.234995902 46.6742954574, -116.235064802 46.6745584662, -116.235110735 46.6747373364, -116.235156842 46.6749163804, -116.235224743 46.6752104309, -116.235346783 46.6754394022, -116.235430748 46.6756114129, -116.235514756 46.6757793859, -116.235629763 46.6760073587, -116.235659763 46.6764164159, -116.235835768 46.6766373554, -116.235957808 46.6767974269, -116.236193856 46.6771064122, -116.236437935 46.6771863829, -116.236727948 46.6772854561, -116.237293039 46.6772633144, -116.237438046 46.677518465, -116.237560086 46.6777204755, -116.237987073 46.6780413132, -116.237757928 46.6784074328, -116.237773992 46.6786213391, -116.237781069 46.6788044206, -116.237788927 46.6789834645, -116.237804165 46.6791623348, -116.237812067 46.6793453729, -116.237827002 46.67966239, -116.238071082 46.6797733591, -116.238276913 46.6798683947, -116.238926012 46.6801663092, -116.239086127 46.6803723139, -116.238856938 46.6805283913, -116.238529068 46.6805853953, -116.238269054 46.6806313285, -116.23801004 46.6806772617, -116.237757928 46.68072237, -116.237400014 46.6807843668, -116.237162968 46.6809934105, -116.236933996 46.681195421, -116.236576082 46.6813523232, -116.236353971 46.6814513965, -116.236133161 46.6815503396, -116.235736043 46.6817223068, -116.23553807 46.6819513215, -116.235180156 46.6821343596, -116.234974282 46.6822453286, -116.234760028 46.6823514786, -116.234554197 46.68245841, -116.234340117 46.6825653848, -116.234127209 46.6826723163, -116.233921205 46.6827794648, -116.233707125 46.6828894352, -116.233501077 46.6829963667, -116.233287344 46.6831033415, -116.232982266 46.6832553812, -116.232631212 46.6833854529, -116.232395164 46.6834694611, -116.232166366 46.6835534259, -116.231929146 46.6836374342, -116.231701303 46.683721399, -116.231464127 46.6838054072, -116.231235112 46.6838853345, -116.230999107 46.6839693427, -116.230762365 46.6840533075, -116.230533046 46.6841373158, -116.230304075 46.6842214543, -116.23007506 46.6843014249, -116.229732081 46.6844234648, -116.229297235 46.6844653603, -116.228992287 46.684491366, -116.228695067 46.6845223644, -116.228275156 46.6845604394, -116.22834436 46.6848123773, -116.228397196 46.6849873836, -116.228450163 46.6851783233, -116.228511161 46.6853803338, -116.2285653 46.6855823443, -116.228618136 46.6857734576, -116.228672101 46.6859563655, -116.228489193 46.6862773768, -116.228389121 46.6864483889, -116.228290221 46.6866203562, -116.228145215 46.6868684736, -116.227878169 46.6870664465, -116.227687229 46.6872003821, -116.227504147 46.6873373568, -116.227321283 46.687471466, -116.227016162 46.6876964431, -116.227047203 46.6879024478, -116.227085235 46.6881314626, -116.227352108 46.6883824019, -116.227512223 46.688531446, -116.227718227 46.6887264232, -116.22800824 46.6889513569, -116.228176387 46.6890883316, -116.228351393 46.6892224409, -116.228527442 46.6893594155, -116.228695415 46.6894963468, -116.228870421 46.6896304561, -116.229045254 46.6897633932, -116.229313299 46.6899772994, -116.229503413 46.6901913793, -116.229648246 46.6903434625, -116.229786567 46.6904963271, -116.229923368 46.6906483668, -116.230060299 46.6908014485, -116.230198446 46.6909573521, -116.230411354 46.691190361, -116.230480601 46.6914383047, -116.230671367 46.6915943386, -116.230846547 46.6917323118, -116.231014346 46.6918692865, -116.231189526 46.6920102554, -116.231510364 46.6922662309, -116.231838452 46.6923532348, -116.232311546 46.6923313101, -116.232837564 46.6923043059, -116.23308147 46.6922313685, -116.233318343 46.6921592995, -116.233554391 46.6920863621, -116.233799469 46.692014293, -116.234035343 46.6919413556, -116.23427239 46.6918692865, -116.234516469 46.6917973477, -116.234729551 46.6917353509, -116.235065323 46.6917583175, -116.235027595 46.6920102554, -116.234645542 46.6921933369, -116.234432461 46.6922962741, -116.234211522 46.6923993416, -116.233837718 46.6925822495, -116.233524564 46.6926513229, -116.233272583 46.692708327, -116.233020645 46.6927652876, -116.232769532 46.6928232902, -116.232517551 46.6928802942, -116.232273471 46.6929372983, -116.231907525 46.6930172689, -116.231540537 46.6929453735, -116.231266458 46.6928913651, -116.231006618 46.6928422626, -116.230747473 46.6927882542, -116.2305795 46.6925022788, -116.230472352 46.6923313101, -116.23036542 46.6921512677, -116.23024338 46.6919453932, -116.230022441 46.6916594179, -116.229900401 46.6914994766, -116.229778361 46.6913393617, -116.229656495 46.6911824595, -116.229412372 46.6908703482, -116.229229334 46.6907404068, -116.229045254 46.6906143293, -116.228862389 46.6904844313, -116.228679308 46.6903583538, -116.22849627 46.6902294544, -116.228313362 46.6900993393, -116.228122248 46.6899734789, -116.227939341 46.6898433638, -116.227756302 46.6897144643, -116.227573395 46.6895843927, -116.227390356 46.6894583152, -116.22705441 46.6892254799, -116.226780287 46.6891344384, -116.226543284 46.6890583318, -116.226154198 46.6889324279, -116.225933215 46.6887413146, -116.225765242 46.6886003457, -116.225589237 46.6884513017, -116.225460164 46.6881314626, -116.225467197 46.6879363116, -116.225490164 46.6876543739, -116.225620236 46.6874134634, -116.225788209 46.6871244491, -116.22600129 46.6869524384, -116.226177165 46.6868153335, -116.226345138 46.6866733226, -116.226520144 46.6865363914, -116.226696323 46.6863994167, -116.227016162 46.6861434412, -116.227031096 46.6859603597, -116.227047203 46.6857734576, -116.227077203 46.6854764114, -116.226894122 46.6852734024, -116.226711084 46.6850675279, -116.226513241 46.6849076301, -116.226131231 46.6849225215, -116.225872217 46.6849305967, -116.225605171 46.6849424924, -116.225345157 46.6849535633, -116.225078111 46.6849645907, -116.224720371 46.684980524, -116.224254179 46.6849195258, -116.223956959 46.6848844898, -116.223682185 46.6848504524, -116.22342304 46.6848165886, -116.223292925 46.6848655174, -116.22320896 46.6851895678, -116.223156298 46.6853845451, -116.223102159 46.6855865556, -116.223049193 46.685785527, -116.222995228 46.6860064665, -116.222698138 46.6861665815, -116.222362366 46.6862425145, -116.222118286 46.6863005171, -116.221698201 46.6863995904, -116.221416046 46.686536565, -116.221134109 46.6866734963, -116.220699089 46.6867125699, -116.220432173 46.6867385321, -116.220173202 46.6867614987, -116.219905114 46.6867885029, -116.219493235 46.6865975633, -116.219211123 46.6864674916, -116.218769071 46.6864295902, -116.218502024 46.68640645, -116.218180969 46.6863804877, -116.217723157 46.686368592, -116.217455937 46.6863615153, -116.217196923 46.6863575211, -116.216937951 46.6863496196, -116.216671079 46.6863425863, -116.216289026 46.6863345545, -116.215892212 46.6862805461, -116.215587134 46.6862396491, -116.215229046 46.6860406776, -116.21501514 46.6859226754, -116.214724953 46.6857625604, -116.214350932 46.6856626623, -116.214100166 46.685598625, -116.213855262 46.6855335891, -116.213611182 46.6854725475, -116.213367102 46.6854076853, -116.213123152 46.6853426495, -116.212879073 46.6852775702, -116.212635167 46.685216572, -116.212382881 46.6851515362, -116.2121309 46.6850836349, -116.211878962 46.6850185991, -116.211628023 46.6849535633, -116.211382901 46.6848886577, -116.210970848 46.6847817263, -116.210688911 46.6848427245, -116.210452863 46.6848967329, -116.210200881 46.6849536935, -116.209940912 46.6850106976, -116.209681897 46.6850677016, -116.209208976 46.6851746764, -116.208918963 46.6852097124, -116.208659992 46.6852397123, -116.20805713 46.6853087857, -116.208071891 46.6851446332, -116.208735925 46.6848656911, -116.208956865 46.6847706554, -116.20917915 46.6846747514, -116.20940009 46.6845797157, -116.209620855 46.6844846801, -116.209841969 46.6843887761, -116.210055875 46.6842937404, -116.210307856 46.6841867656, -116.210765191 46.6841867656, -116.21102503 46.6842636972, -116.211260861 46.6843358097, -116.211505983 46.6844075314, -116.211764954 46.6844846801, -116.21225294 46.6845455046, -116.212513127 46.6845755045, -116.212864008 46.6846176171, -116.213297855 46.6846365461, -116.213557868 46.6846486155, -116.213992887 46.6846675445, -116.214306041 46.6847626236, -116.21455012 46.6848395552, -116.214954098 46.6849615951, -116.215212939 46.6851136348, -116.21541191 46.6852316371, -116.2156101 46.6853506813, -116.215808073 46.6854685099, -116.216121053 46.6856475538, -116.216487997 46.6857275244, -116.216747185 46.685785527, -116.217204998 46.6856626623, -116.217449078 46.6855945874, -116.217701189 46.6855255139, -116.218012996 46.6854415491, -116.218463949 46.6854185825, -116.218730996 46.6854075117, -116.219005075 46.6853956159, -116.219463061 46.6855295515, -116.219706967 46.685601447, -116.220005055 46.6856894928, -116.220699089 46.6856894928, -116.220867062 46.6854604781, -116.221294007 46.6854075117, -116.221598954 46.6853656161, -116.221866001 46.6851404653, -116.222003974 46.6849454881, -116.222118112 46.6847855902, -116.222231947 46.6846214377, -116.222346953 46.6844615398, -116.222460961 46.6842975609, -116.222659933 46.6840184452, -116.223026052 46.6837445393, -116.223322925 46.6837286059, -116.223583112 46.6837135409, -116.223841953 46.6836986061, -116.224109173 46.6836865367, -116.224376219 46.6836714282, -116.224750023 46.6836524992, -116.225154044 46.6836986061, -116.225414231 46.6837286059, -116.225909945 46.6837864348, -116.226184024 46.6837556101, -116.226451244 46.6837286059, -116.226779983 46.6836986061, -116.227192036 46.6835685344, -116.227428214 46.6834965956, -116.227672121 46.6834194903, -116.22807714 46.6831985508, -116.228466226 46.6829854695, -116.228740002 46.6829353684, -116.228992114 46.6828853976, -116.229243921 46.6828364254, -116.229694006 46.6827524606, -116.229945987 46.6826223455, -116.230297172 46.6824354434, -116.230594088 46.6823174411, -116.230823233 46.6822294387, -116.231059932 46.6821424348, -116.231288947 46.682054389, -116.231517093 46.6819663866, -116.231783966 46.6818634493, -116.232096945 46.6816274448, -116.23227295 46.6814933355, -116.232456032 46.6813563608, -116.232783946 46.6811044229, -116.233028026 46.6810093439, -116.233256997 46.6809173038, -116.233486012 46.6808293014, -116.233706951 46.6807424712, -116.233936096 46.6806504311, -116.234164937 46.6805583911, -116.234393909 46.6804713872, -116.234622923 46.6803793906, -116.23485107 46.6802913448, -116.235080084 46.6802003467, -116.235309056 46.6801084803, -116.235569069 46.680009407, -116.235865941 46.6795973542, -116.235751977 46.6793953437, -116.235652903 46.679223333, -116.235499995 46.6789753893, -116.235271024 46.678746418, -116.235126018 46.6786014116, -116.234974108 46.678453366, -116.234828928 46.6783043654, -116.23467589 46.6781553213, -116.234530883 46.6780064509, -116.234378019 46.6778584488, -116.234233012 46.6777094047, -116.234080929 46.6775603606, -116.233927717 46.6774113165, -116.233737776 46.6772214188, -116.233637878 46.6769314059, -116.233569977 46.6767553576, -116.233508978 46.6765803513, -116.233447937 46.6764043465, -116.233386938 46.6762254762, -116.233325897 46.6760494279, -116.233256823 46.6758744216, -116.233195825 46.675699589, -116.233134783 46.6755275783, -116.233073785 46.6753485344, -116.232806739 46.6750545272, -116.232661732 46.6749014456, -116.232523759 46.6747455419, -116.232386785 46.6745925036, -116.232241778 46.6744404639, -116.231974732 46.6741385552, -116.231783792 46.6740056182, -116.231608786 46.6738715089, -116.231341739 46.6736815678, -116.231158658 46.6734364895, -116.23100562 46.6732465484, -116.230639674 46.6730475335, -116.230273728 46.6728574621, -116.230311586 46.6727424555, -116.230174828 46.6724145412, -116.230097549 46.6722395349, -116.230021573 46.67206353, -116.22994564 46.6718765845, -116.229540446 46.6715064707, -116.229243574 46.6713885987, -116.229014776 46.6713005963, -116.228785588 46.6712095548, -116.228556617 46.6711175147, -116.228327602 46.6710295123, -116.22804549 46.6709195418, -116.227679501 46.6706176332, -116.227633568 46.670339516, -116.227580601 46.670049503, -116.227603568 46.6698015593, -116.227618329 46.6696225588, -116.227633438 46.669439651, -116.227641469 46.6692596085, -116.227656404 46.6690805646, -116.227671643 46.6689015207, -116.227686404 46.6687216519, -116.227702337 46.6685426079, -116.227717403 46.668363564, -116.227732511 46.6681845201, -116.227740369 46.6680046513, -116.227755478 46.6678256074, -116.227770369 46.6676425693, -116.227786476 46.6674635254, -116.227801411 46.6672836565, -116.227816302 46.6671046126, -116.227831411 46.6669215745, -116.227847344 46.6667425306, -116.227862409 46.6665626618, -116.227870311 46.6663795803, -116.227885376 46.6662005364, -116.22790031 46.6660216661, -116.227915549 46.6658416236, -116.227931309 46.6656625797, -116.227946417 46.6654835358, -116.227969384 46.6651595288, -116.227831411 46.6649796166, -116.227702164 46.6648155075, -116.227580298 46.6646556096, -116.227458214 46.6644995323, -116.227336174 46.6643385925, -116.227213136 46.6641825152, -116.227084237 46.6640185797, -116.226870157 46.6637396376, -116.226580144 46.6636566279, -116.226344269 46.6635795227, -116.226176123 46.6634506232, -116.225977151 46.6632856458, -116.225611205 46.6632177446, -116.225344159 46.6629966314, -116.225077113 46.6627867628, -116.224719198 46.6627676601, -116.224436219 46.6627517268, -116.224162139 46.662736792, -116.223780086 46.6627176893, -116.223582287 46.6624846804, -116.223712185 46.6621227287, -116.223864094 46.6618937574, -116.223979058 46.6617217467, -116.224093066 46.6615547722, -116.224246104 46.6613217633, -116.224108174 46.6609787839, -116.223848986 46.6607727792, -116.223588973 46.6607376998, -116.223315067 46.6606996682, -116.22304802 46.6606617668, -116.222621033 46.6602497139, -116.222628066 46.6600477034, -116.222635968 46.6598608014, -116.222643001 46.6596737257, -116.222651033 46.6594946818, -116.222338053 46.6592306745, -116.222169906 46.6590866665, -116.222002975 46.6589446557, -116.221780994 46.6587617913, -116.221368941 46.6586518208, -116.221018104 46.6585597808, -116.220422969 46.6586477832, -116.220239888 46.6584947449, -116.220064881 46.6583428354, -116.219896908 46.658197829, -116.21971387 46.6580488283, -116.219454031 46.6578278454, -116.219126116 46.6578617092, -116.21876017 46.6578957466, -116.218386019 46.6577628096, -116.218150145 46.6576828389, -116.217912925 46.6575988741, -116.217599945 46.6574877314, -116.217172957 46.6574307274, -116.216920846 46.6573968636, -116.216661831 46.6573618276, -116.21640286 46.6573237525, -116.216371818 46.6571678489, -116.216333787 46.6569388776, -116.216508793 46.6567898335, -116.216768806 46.656572758, -116.216760731 46.6563167825, -116.216753871 46.6561258428, -116.216746013 46.6559387671, -116.216730731 46.6556608236, -116.217126851 46.6555238489, -116.217424765 46.65529084, -116.217592738 46.6551567307, -116.21757763 46.6548058498, -116.217569772 46.6546227683, -116.21756187 46.6544437677, -116.21756187 46.6542647238, -116.217554663 46.654084855, -116.217546805 46.6539017735, -116.217538903 46.6537187354, -116.217523665 46.6534407919, -116.217340757 46.6532268856, -116.217203652 46.6530709819, -116.217065505 46.652910867, -116.216936606 46.6527539648, -116.216791599 46.6525938499, -116.216722526 46.6522539096, -116.216692526 46.6520748656, -116.216653626 46.6518959954, -116.216615594 46.6517129139, -116.216585551 46.651536909, -116.216547693 46.6513578651, -116.216516651 46.6511789948, -116.21647862 46.65100299, -116.216440718 46.650823946, -116.216409546 46.6506449021, -116.216371471 46.6504648597, -116.216333613 46.6502898534, -116.216302571 46.6501109831, -116.21626454 46.6499309406, -116.21623454 46.6497559343, -116.216196638 46.6495758919, -116.216157738 46.6493970216, -116.216127565 46.6492179777, -116.216089533 46.6490389338, -116.21602046 46.6487108458, -116.215868594 46.6485428727, -116.215723414 46.6483900081, -116.215494399 46.6481418907, -116.215265428 46.6479479554, -116.215097628 46.6478099822, -116.214860408 46.6476158733, -116.214494462 46.6474939636, -116.214265621 46.6474138627, -116.213899502 46.6472909546, -116.213861426 46.6471580175, -116.213937577 46.6469860502, -116.214220339 46.6468950088, -116.214456387 46.6468148645, -116.214685402 46.6467348938, -116.214929482 46.646650929, -116.215425499 46.6466349957, -116.215692372 46.6466279624, -116.215959418 46.6466199306, -116.216386406 46.6466088598, -116.216653452 46.6463798451, -116.216692352 46.6460779364, -116.216714494 46.6458988925, -116.216737287 46.645716028, -116.216760427 46.6455369841, -116.216783394 46.6453499084, -116.216867532 46.6450028914, -116.21690526 46.6448230226, -116.21695154 46.6446479729, -116.2169973 46.6444689289, -116.217035332 46.6442929241, -116.217081265 46.6441138802, -116.21711934 46.6439348363, -116.217165273 46.6437590051, -116.217210338 46.6435799611, -116.217248413 46.6434039563, -116.217294346 46.6432249124, -116.217332204 46.643049906, -116.217378311 46.6428698636, -116.217416386 46.6426949875, -116.217462146 46.6425149451, -116.217508252 46.6423359445, -116.21754611 46.642152863, -116.217592217 46.6419739928, -116.21763815 46.6417939503, -116.217706225 46.641507975, -116.218133213 46.6413518976, -116.218500157 46.6410959222, -116.218935177 46.6410280209, -116.219301123 46.6408369076, -116.219507171 46.6407259386, -116.219720209 46.6406159681, -116.219934115 46.6405049991, -116.220140163 46.6403978506, -116.220346342 46.6402878801, -116.220560248 46.6401809487, -116.220735298 46.6398488665, -116.220834371 46.63968085, -116.220926064 46.6395088828, -116.221017235 46.6393338765, -116.221117177 46.6391618658, -116.221208175 46.6389938927, -116.221384353 46.6386738799, -116.222078214 46.6384218986, -116.222337055 46.6381089191, -116.222475202 46.6379490213, -116.222711076 46.6376668664, -116.223138194 46.6375720044, -116.223421347 46.6377389355, -116.223634081 46.637868877, -116.223939159 46.6380519151, -116.224237074 46.6380519151, -116.22440522 46.6378040148, -116.225030181 46.6377319023, -116.225381192 46.6376098624, -116.225694172 46.637502931, -116.226015226 46.6373009205, -116.226213199 46.6371788806, -116.226427105 46.6370409074, -116.226686077 46.6365839199, -116.226686077 46.6363809109, -116.226685946 46.6361070049, -116.226533212 46.6358629252, -116.226433965 46.6356909145, -116.226319957 46.6355118706, -116.22648793 46.6351489637, -116.226914918 46.6351108886, -116.227189996 46.635087922, -116.227616983 46.6350538846, -116.228043971 46.6351678927, -116.228708135 46.6351678927, -116.229005051 46.6350768512, -116.229173024 46.6348019467, -116.229104949 46.6345618611, -116.229005051 46.634206986, -116.229410027 46.6341838458, -116.229737942 46.6342799234, -116.230134235 46.6343897202, -116.230600122 46.6342757121, -116.230989209 46.6342948148, -116.231256081 46.634305712, -116.231530986 46.6343177814, -116.231896975 46.6340698377, -116.232522066 46.6340928043, -116.232896087 46.6339897368, -116.233285173 46.6338867996, -116.23349908 46.6336878281, -116.233681944 46.6335198551, -116.233788919 46.6331917671, -116.233849961 46.6330167608, -116.233728051 46.6326657062, -116.233652118 46.6324447667, -116.233880959 46.6322157954, -116.23431498 46.6321007887, -116.234696859 46.6321698622, -116.235207985 46.6322617286, -116.235772903 46.6319597765, -116.236200064 46.6319138867, -116.236496936 46.6317348428, -116.236642117 46.6315668697, -116.236771884 46.6314107924, -116.236901956 46.6312538902, -116.237031029 46.6310937752, -116.237160971 46.6309378716, -116.237297902 46.6307697249, -116.237633848 46.6305107537, -116.237825135 46.6303618833, -116.238290154 46.6302698433, -116.238549994 46.6303157765, -116.238809008 46.6303618833, -116.239183029 46.6304267455, -116.239747947 46.6302438376, -116.240083068 46.6304986843, -116.240266106 46.6306357892, -116.240449188 46.6307778001, -116.240633094 46.6309187689, -116.240915205 46.6311316766, -116.241182078 46.6311548169, -116.241373018 46.6309528064, -116.241525231 46.6307967291, -116.241670107 46.6306436908, -116.241837907 46.6304686411, -116.241806865 46.6299687595, -116.241929947 46.629808688, -116.24205902 46.6296477481, -116.242188918 46.6294878069, -116.242310958 46.629327692, -116.242441073 46.6291677941, -116.242600971 46.628961746, -116.242959884 46.6288046701, -116.243180997 46.6287098081, -116.243410011 46.6286107348, -116.243630951 46.6285116615, -116.244028069 46.6283396509, -116.244347951 46.6283317927, -116.244858904 46.6283207219, -116.245034909 46.6281907804, -116.24521799 46.6280536755, -116.245415963 46.6279048051, -116.245508003 46.6275727229, -116.245583763 46.6272867042, -116.245980881 46.6270577329, -116.246193788 46.6268476906, -116.246347 46.6266957811, -116.246514843 46.6265357096, -116.24644577 46.6262377951, -116.24644577 46.626146797, -116.246026814 46.625962717, -116.245789811 46.6258597797, -116.245560796 46.6257607064, -116.24524799 46.6256237318, -116.24495077 46.625596771, -116.244667791 46.6257727758, -116.244478023 46.6258986797, -116.244118763 46.6261236568, -116.243851717 46.6262037576, -116.243607811 46.6262756965, -116.243370764 46.6263487641, -116.243058783 46.6264436695, -116.242615732 46.6264897764, -116.242127746 46.6265358832, -116.241906807 46.6266617437, -116.24160086 46.6268367934, -116.24121998 46.6268867208, -116.240906826 46.62692879, -116.240456742 46.6268867208, -116.240197727 46.62685976, -116.239945746 46.6268367934, -116.239708743 46.6268138268, -116.2395109 46.6266307453, -116.239190714 46.6266007454, -116.238816736 46.6265658831, -116.238648763 46.6263257975, -116.23848079 46.6260857554, -116.238015727 46.6258797507, -116.237687683 46.6258758867, -116.237503776 46.6260398222, -116.23732877 46.6261957259, -116.237122722 46.6263828016, -116.236687702 46.6264978082, -116.236519903 46.6264287348, -116.236458905 46.6260398222, -116.236321757 46.6259477822, -116.235917735 46.6258758867, -116.235642657 46.6258257423, -116.235192703 46.6257459453, -116.234795759 46.6255629072, -116.234864659 46.6253258607, -116.234932864 46.6251049212, -116.235352644 46.6249490175, -116.235589691 46.6248610151, -116.235856564 46.6247619418, -116.235856564 46.6245329271, -116.235436653 46.6244599897, -116.235154671 46.6244149248, -116.23465861 46.6243269224, -116.234200798 46.6243959524, -116.233948687 46.6245669646, -116.233765605 46.6246968626, -116.233696532 46.6249258773, -116.233368834 46.6252919969, -116.232949575 46.6253989283, -116.232674974 46.6254708672, -116.232537652 46.6254029659, -116.23255276 46.6252118526, -116.232575727 46.6249029107, -116.232354614 46.6246469352, -116.232140534 46.6243989915, -116.231919595 46.6245218563, -116.231507542 46.6247429694, -116.231179627 46.6247198292, -116.231110728 46.6244908579, -116.231301667 46.6241518727, -116.231446674 46.6238958972, -116.231362535 46.6236018466, -116.231308527 46.6234189822, -116.231110728 46.6233279407, -116.230851583 46.6233199089, -116.230553495 46.6233118337, -116.230149517 46.6233049741, -116.230088475 46.6230679276, -116.230011717 46.6228010549, -116.22958473 46.6228699547, -116.229218784 46.623079997, -116.229020464 46.6231980427, -116.228814589 46.623316045, -116.228554576 46.623465089, -116.228188456 46.6235110222, -116.228188456 46.6232930784, -116.228188456 46.6230340638, -116.227791686 46.6229190572, -116.227623539 46.6227710551, -116.227433598 46.6226099416, -116.227257593 46.6224619395, -116.226929505 46.6224619395, -116.226731532 46.622697944, -116.22657845 46.6228769879, -116.226433444 46.6230570304, -116.226037498 46.6231249316, -116.225731552 46.6229380296, -116.225419571 46.6228999545, -116.225159601 46.6228619229, -116.224869588 46.6228280591, -116.224503469 46.6229420238, -116.224244628 46.6230989694, -116.22384764 46.6233309798, -116.223649493 46.6236670995, -116.22351152 46.623906968, -116.223191507 46.6240680815, -116.222969569 46.6241740144, -116.222687762 46.6243160252, -116.222252569 46.6243379498, -116.222184494 46.6241099771, -116.222130529 46.6239299346, -116.222077736 46.6237549283, -116.222016695 46.6235641623, -116.221703541 46.6233081868, -116.221421604 46.6230832097, -116.220925369 46.6228771616, -116.220459351 46.6228320533, -116.220124577 46.6229001282, -116.219872466 46.6229540932, -116.219468445 46.6230381014, -116.21911739 46.6229992015, -116.218850344 46.6229692016, -116.218468464 46.6229271324, -116.218209623 46.6227321551, -116.217873373 46.622492113, -116.217591392 46.6224201741, -116.217339454 46.6223551383, -116.217072538 46.6222860649, -116.216584552 46.6222250666, -116.216324366 46.6221912029, -116.2160736 46.6221561669, -116.215813413 46.622126167, -116.215485542 46.622084228, -116.214882376 46.6219432592, -116.214608427 46.6218131875, -116.214386489 46.6217102503, -116.214173234 46.6216071394, -116.213952294 46.6215082397, -116.213623381 46.6213521624, -116.213265511 46.62126416, -116.213021561 46.6212071559, -116.212769276 46.6211461577, -116.21252537 46.6210841175, -116.212273432 46.6210271135, -116.211831336 46.6209201387, -116.21152539 46.6209131054, -116.211266418 46.6209092849, -116.210999372 46.6209052473, -116.210740358 46.6209012097, -116.210434238 46.620898214, -116.210038292 46.620806174, -116.209710377 46.6208331348, -116.209443505 46.6208522808, -116.209168253 46.6208712098, -116.208893479 46.6208903125, -116.208619399 46.6209132791, -116.208352353 46.6209323817, -116.208092166 46.6209513541, -116.207840228 46.6209662455, -116.207558247 46.6209972873, -116.207421142 46.6208293142, -116.207268234 46.6204673625, -116.207184443 46.6202573202, -116.206833215 46.620016236, -116.206589135 46.6198493049, -116.206398195 46.6195783946, -116.206284187 46.6194172812, -116.206170222 46.6192573399, -116.206055216 46.6190972684, -116.205941208 46.6189333329, -116.205826071 46.6187733917, -116.205712063 46.6186092825, -116.205590197 46.6184493413, -116.205483048 46.6182854058, -116.205361182 46.6181242923, -116.205246175 46.6179603569, -116.205132211 46.617800242, -116.205018203 46.6176403007, -116.204903196 46.6174763652, -116.204789231 46.6173162937, -116.204628118 46.617087279, -116.204399971 46.6168463686, -116.204255095 46.6166943288, -116.203994952 46.6164194244, -116.203941985 46.6162133762, -116.203888151 46.6160303381, -116.203827152 46.615805361, -116.203400165 46.6156454198, -116.20292694 46.6156414256, -116.202668099 46.615637388, -116.202401226 46.6156333504, -116.202134006 46.6156293562, -116.201874167 46.6156293562, -116.201477006 46.6156224532, -116.201126993 46.6155304131, -116.200889946 46.6154653773, -116.200638009 46.6153973458, -116.200394059 46.6153324402, -116.200149979 46.6152633668, -116.1999059 46.6151983309, -116.19961606 46.6151183603, -116.199318016 46.6149163498, -116.199180867 46.6147224145, -116.199067033 46.6145504038, -116.198852996 46.6142334301, -116.19858595 46.6140964554, -116.198120887 46.6141385247, -116.197853841 46.6142984659, -116.197494928 46.6143216062, -116.197091124 46.6142075981, -116.196632965 46.6142184953, -116.196372951 46.6142225329, -116.196113937 46.6142295662, -116.195854922 46.6142335603, -116.19558805 46.6142414619, -116.195327906 46.6142454995, -116.195068892 46.6142494937, -116.194740977 46.6142565269, -116.194290893 46.6143216062, -116.194038912 46.6143594642, -116.193778899 46.6143945002, -116.193527959 46.6144325752, -116.19326812 46.6144704332, -116.193016008 46.6145085082, -116.193176774 46.6141425623, -116.193572894 46.61393252, -116.1937868 46.6138215075, -116.194137811 46.6136384694, -116.194335784 46.6132535511, -116.193940012 46.6130135089, -116.193740867 46.6128985023, -116.193542894 46.6127805, -116.193344747 46.6126624977, -116.193145906 46.6125434535, -116.19294776 46.6124256249, -116.19275682 46.6123116168, -116.192558847 46.6121925726, -116.192359876 46.6120745703, -116.192161686 46.611956568, -116.191963713 46.6118385223, -116.191764741 46.6117195215, -116.191558867 46.6116016495, -116.19136072 46.6114836472, -116.191162747 46.611365645, -116.190963776 46.6112466007, -116.190719696 46.6111015942, -116.190322708 46.6111056319, -116.190032869 46.6111785258, -116.189788963 46.6112436051, -116.189536678 46.6113046033, -116.189292728 46.6113686406, -116.189048649 46.6114296822, -116.188796711 46.6114945444, -116.188552805 46.6115555426, -116.188308725 46.6116206219, -116.188003777 46.6117005491, -116.187545791 46.6117005491, -116.187271712 46.6117005491, -116.18680565 46.6117005491, -116.186576679 46.6115825468, -116.18630998 46.6114496098, -116.1861648 46.6111136636, -116.186096725 46.6109376588, -116.186012586 46.6107396859, -116.186126725 46.6104196297, -116.186187766 46.6102437985, -116.186248765 46.6100647546, -116.186340631 46.6098047415, -116.186073585 46.6097596766, -116.18576868 46.6098357833, -116.185516699 46.6098927439, -116.185378552 46.6098047415, -116.185470592 46.6095606617, -116.185546525 46.609347754, -116.185409594 46.6088706654, -116.185157613 46.6087407673, -116.184883533 46.6085957609, -116.184448514 46.6085687567, -116.184211467 46.6086456883, -116.183975593 46.6087217949, -116.183731513 46.6087977714, -116.183486609 46.6088776986, -116.183021589 46.6090267427, -116.182693501 46.6087677281, -116.182357555 46.6085047194, -116.182327555 46.6083017103, -116.182296557 46.6080467334, -116.182060509 46.6078137245, -116.181831494 46.6075887474, -116.18152659 46.6074207743, -116.18131251 46.6073067662, -116.181106462 46.6071957972, -116.180862556 46.6070628601, -116.180770386 46.6067537446, -116.180717376 46.6065738757, -116.180664409 46.6063948318, -116.180602369 46.6061928213, -116.180297465 46.6059678442, -116.180023515 46.6058947766, -116.179771404 46.6058307393, -116.179511391 46.6057618395, -116.179267311 46.6057007979, -116.178970438 46.6056248648, -116.178878398 46.6053497867, -116.178810324 46.6051668788, -116.178710425 46.6048918007, -116.178344306 46.6047318594, -116.17804726 46.6046857526, -116.177642587 46.6046207167, -116.177345367 46.604773755, -116.177017279 46.6049377339, -116.176551262 46.6049608307, -116.176086373 46.6048458675, -116.17536134 46.6048009329, -116.17514726 46.6049229727, -116.174941256 46.6050369374, -116.174743283 46.6051549831, -116.174537408 46.6052699897, -116.174331404 46.6053839544, -116.174034314 46.6055559651, -116.173881276 46.6057958335, -116.173782376 46.6059639803, -116.17363737 46.6061968589, -116.17332439 46.6063869303, -116.173118342 46.6065100121, -116.172805362 46.6066999098, -116.172508316 46.6068149164, -116.171913356 46.6066129059, -116.171379437 46.6066129059, -116.171050524 46.6067420225, -116.170822377 46.6068338888, -116.170585331 46.6069218913, -116.170219385 46.6070658992, -116.169952512 46.6072338723, -116.169761399 46.6073559121, -116.169525524 46.6075049128, -116.169273413 46.6077719591, -116.169128406 46.6079210032, -116.168991432 46.6080738678, -116.168846425 46.608225951, -116.168708452 46.6083749516, -116.168434372 46.6086690022, -116.168228368 46.6088019392, -116.168037428 46.6089239791, -116.167846488 46.6090498829, -116.167655549 46.6091759604, -116.167304321 46.6094008941, -116.167190356 46.6095880132, -116.167076348 46.6097599805, -116.166969547 46.609926955, -116.166770575 46.6102479663, -116.166076541 46.6104079076, -116.165771463 46.6103809034, -116.165504591 46.6103589788, -116.165016561 46.6103128719, -116.164726548 46.6103509036, -116.164459676 46.610384941, -116.164184598 46.610419977, -116.16390965 46.6104540145, -116.16364243 46.6104880519, -116.163375383 46.6105229142, -116.163024372 46.6105649835, -116.16262873 46.6107289189, -116.162681566 46.6109990043, -116.1627275 46.6112050525, -116.162971579 46.6115220262, -116.163101477 46.6116860051, -116.16323055 46.6118459029, -116.163421664 46.6120980579, -116.16335259 46.6123689248, -116.163307525 46.6125409354, -116.163261592 46.6127199793, -116.163207584 46.6129028872, -116.163162519 46.6130818877, -116.162742565 46.6130669963, -116.1625897 46.6127850152, -116.162513593 46.6126239017, -116.162429585 46.6124640038, -116.162063465 46.6123040626, -116.161727519 46.6123149598, -116.161460473 46.6123270292, -116.161186567 46.6123379264, -116.160919651 46.6123499958, -116.160659508 46.612357029, -116.160308627 46.6123729624, -116.159973505 46.6127159417, -116.159950539 46.6129600215, -116.159912507 46.6132879358, -116.159675461 46.6133570093, -116.159339515 46.6133380803, -116.159065609 46.6133229718, -116.158515583 46.6132919734, -116.158256568 46.6132268942, -116.15800463 46.6131660696, -116.157752475 46.613105028, -116.157127515 46.6131279945, -116.156738602 46.6132200346, -116.156486491 46.6132810762, -116.156242584 46.6133419008, -116.155998505 46.6134029424, -116.155334471 46.6133110761, -116.155006556 46.6132081388, -116.154769553 46.6131322058, -116.15452543 46.6130560991, -116.154289599 46.6129791241, -116.153839645 46.6128341177, -116.153373627 46.6128570843, -116.153007507 46.6130171992, -116.152778493 46.6133611771, -116.152412547 46.6133611771, -116.152152707 46.6133611771, -116.151885661 46.6133611771, -116.151611581 46.6133611771, -116.151344535 46.6133611771, -116.15102348 46.6133611771, -116.150558461 46.6134220451, -116.15029962 46.6134560825, -116.149993674 46.6134981518, -116.149597554 46.6136580931, -116.149459581 46.6140242127, -116.148734723 46.6139561378, -116.148475578 46.613872173, -116.148033351 46.6137271665, -116.147567464 46.6137961965, -116.147308623 46.6139601754, -116.147109478 46.6140932861, -116.146621318 46.6140822153, -116.146179439 46.6140661083, -116.145683378 46.614253184, -116.145439472 46.6143981904, -116.145179459 46.6145512721, -116.145164524 46.6148332099, -116.145149459 46.6150161177, -116.1451337 46.6152031934, -116.145118591 46.6154211373, -116.145248533 46.6157332919, -116.145324466 46.6159131607, -116.145446505 46.6161950985, -116.145347606 46.6164122174, -116.145255739 46.6165882223, -116.145172773 46.6167632286, -116.145080559 46.616947135, -116.145179633 46.617275223, -116.145233771 46.6174540933, -116.145286564 46.6176330938, -116.145347606 46.6178621085, -116.145530644 46.6181410506, -116.145637619 46.6183051597, -116.145751627 46.6184691386, -116.145858558 46.618633074, -116.145965663 46.6187971831, -116.146072638 46.618961162, -116.14617957 46.6191291351, -116.146293751 46.6192930705, -116.146400726 46.6194571797, -116.146614936 46.6197810564, -116.146644806 46.6201361052, -116.146667773 46.6203151491, -116.146682664 46.620494193, -116.146705804 46.6206771009, -116.146720739 46.6208571433, -116.146743706 46.6210851161, -116.146690739 46.6213910624, -116.146652664 46.6215701063, -116.146621666 46.6217491502, -116.146591796 46.6219291927, -116.146552766 46.6221080629, -116.146522766 46.6222870634, -116.146491724 46.6224661073, -116.14644679 46.6227111856, -116.146484865 46.6229972044, -116.146515038 46.6231760746, -116.146537831 46.6233551186, -116.146560798 46.623535161, -116.146591796 46.6237181991, -116.146614936 46.6238970694, -116.146636904 46.6240761133, -116.146667773 46.6242561558, -116.146713836 46.6245840701, -116.146842952 46.6247701473, -116.146957916 46.6249310871, -116.147079956 46.6251059197, -116.146943024 46.6254080021, -116.146981056 46.6257509815, -116.146812909 46.6259839904, -116.146690869 46.6261439316, -116.146576036 46.6263080407, -116.146453996 46.626467982, -116.146339858 46.6266319175, -116.146217992 46.6268039281, -116.145980945 46.6272810168, -116.146058051 46.6274709579, -116.146125952 46.6276510004, -116.146247992 46.6279669755, -116.146072985 46.6281269168, -116.145913044 46.6282759609, -116.145751931 46.6284249615, -116.145417157 46.6281730237, -116.145333192 46.6279980173, -116.145218012 46.6277839374, -116.145173077 46.6274709579, -116.14515011 46.62728805, -116.14512697 46.6271091798, -116.145095972 46.6269301359, -116.14505794 46.6266171563, -116.145194871 46.6264222225, -116.14531791 46.6262510367, -116.145454885 46.6260671737, -116.14531791 46.6257741217, -116.145240978 46.625602111, -116.145157013 46.6254271047, -116.145073005 46.6252510999, -116.144996899 46.6250760936, -116.144912934 46.6249000453, -116.144836827 46.6247290766, -116.144760851 46.6245530283, -116.144653746 46.6243361264, -116.144699852 46.6240380817, -116.14472182 46.6238592114, -116.144752819 46.6236791689, -116.144775785 46.623500125, -116.144805959 46.6233170435, -116.144828752 46.6231381733, -116.144859794 46.6229591293, -116.14488276 46.6227790869, -116.14491276 46.622600043, -116.144935727 46.6224211727, -116.144966899 46.6222411302, -116.144988867 46.6220621297, -116.145019691 46.6218641134, -116.144920792 46.6215201355, -116.144691821 46.6212081545, -116.144576814 46.6210470844, -116.144462806 46.6208831056, -116.144340766 46.6207232077, -116.144226758 46.6205590552, -116.14385278 46.6203071173, -116.143592767 46.6201280734, -116.143569627 46.6198501298, -116.143554562 46.6196700874, -116.143524692 46.619327108, -116.143249614 46.6191712043, -116.143051641 46.6190602353, -116.142845593 46.6189452287, -116.142631513 46.6188231888, -116.142570688 46.6186102811, -116.142532613 46.6184421344, -116.142478648 46.6182632641, -116.14243354 46.6180721508, -116.142196667 46.6177632089, -116.141998694 46.6174961625, -116.141937696 46.6172631536, -116.141883514 46.6170842834, -116.141838623 46.6169052394, -116.141784441 46.6167291912, -116.141738508 46.6165501907, -116.141693747 46.6163741424, -116.141632748 46.6161721319, -116.141395528 46.6158901941, -116.141258554 46.6157332919, -116.141067484 46.6155081412, -116.140945444 46.6152412685, -116.140838643 46.6150092581, -116.140769396 46.6147071758, -116.140724461 46.6145242679, -116.140678397 46.614345224, -116.140640322 46.6141621859, -116.140106577 46.6139561378, -116.139541443 46.6139333449, -116.138976351 46.6140662819, -116.13869437 46.6140932861, -116.138435399 46.6141202469, -116.13817556 46.6141433872, -116.137718399 46.6141852827, -116.137420484 46.6141242845, -116.137168373 46.6140703195, -116.136726494 46.613979278, -116.136398406 46.6139563115, -116.136138566 46.6139373825, -116.135879421 46.6139182364, -116.135467499 46.6138874117, -116.135131422 46.613792376, -116.134887343 46.6137192649, -116.134643393 46.6136513637, -116.13440639 46.6135782961, -116.133972369 46.6134523923, -116.133666249 46.6134332896, -116.133407235 46.6134183548, -116.133140362 46.6133994258, -116.132881347 46.6133804534, -116.132621378 46.6133653884, -116.132354462 46.6133454174, -116.131912235 46.6133194552, -116.131599256 46.6133843174, -116.131347318 46.6134334633, -116.131088303 46.6134874283, -116.130790432 46.6135484265, -116.130287338 46.6138414785, -116.129966327 46.6138453424, -116.129707312 46.6138533742, -116.12922636 46.6138644451, -116.128906347 46.6139373825, -116.128601399 46.6140024183, -116.128356321 46.6137694094, -116.128196379 46.6136123335, -116.127799435 46.6134294257, -116.127479379 46.6134183548, -116.127204301 46.6134074576, -116.126937254 46.6134753589, -116.126876386 46.6139103783, -116.126541309 46.6140024183, -116.125945523 46.6139794517, -116.125625337 46.6139063407, -116.125373355 46.6138495103, -116.125122416 46.6137925062, -116.124870261 46.6137355456, -116.124618149 46.613677543, -116.124374243 46.6136245332, -116.123924115 46.6135214657, -116.123519096 46.6136124638, -116.123359198 46.6138575855, -116.12324519 46.6140215209, -116.123130357 46.6141854564, -116.123016523 46.6143495655, -116.122856277 46.6145745426, -116.12236039 46.6148945988, -116.122161419 46.6149175654, -116.12202427 46.6146696217, -116.121932274 46.6144984359, -116.121826124 46.6143145295, -116.121726225 46.6141244582, -116.121566111 46.6138414785, -116.121231206 46.6135675725, -116.120704147 46.613384491, -116.120307159 46.6134525659, -116.120040113 46.613384491, -116.119789173 46.6131555197, -116.119605267 46.6129985741, -116.119155183 46.612869501, -116.118911233 46.612796607, -116.118667153 46.6127246682, -116.118415215 46.6126555947, -116.118171136 46.6125865213, -116.117935088 46.6125146259, -116.117622108 46.6124266234, -116.117210055 46.6124836275, -116.116950042 46.6125216591, -116.116691201 46.6125605591, -116.116424329 46.6125675923, -116.116149077 46.6125756241, -116.115692263 46.6125865213, -116.115486085 46.6127275336, -116.115295145 46.6128576052, -116.114929156 46.6131095865, -116.114669186 46.6131786166, -116.11440214 46.6132465178, -116.114005326 46.6132015832, -116.113731072 46.6130406868, -116.113525198 46.6129146093, -116.113243086 46.6127476348, -116.112861207 46.612796607, -116.112579226 46.6128346386, -116.112266073 46.6131015113, -116.11209124 46.6132465178, -116.111900127 46.6134076313, -116.111717045 46.6135675725, -116.111343068 46.6134835643, -116.111099161 46.6134295993, -116.110855082 46.6133767631, -116.110595069 46.6133198025, -116.110336054 46.6132627985, -116.110076215 46.6132047959, -116.10981707 46.6131477918, -116.109558055 46.6130907878, -116.109229142 46.6130177202, -116.108764123 46.6130867502, -116.108497077 46.6133846647, -116.108627148 46.6138186855, -116.108833197 46.6140216946, -116.108886163 46.6142196675, -116.108932096 46.6143987114, -116.108978377 46.6145787539, -116.109031169 46.6147537602, -116.109077276 46.6149328041, -116.109123209 46.6151086353, -116.109176176 46.6152876792, -116.109222456 46.6154637275, -116.109268216 46.6156387338, -116.109329214 46.6158526401, -116.109291183 46.6161656196, -116.109260141 46.6164475573, -116.109130243 46.6165156322, -116.108825121 46.6164475573, -116.108642257 46.6162946927, -116.108474284 46.6161617557, -116.108306311 46.6160237824, -116.108100263 46.6158528137, -116.108062405 46.6156727713, -116.107833216 46.6155817298, -116.107528138 46.6153027877, -116.107368197 46.6151577812, -116.107101151 46.6149176957, -116.106834104 46.6147807644, -116.106620372 46.6146776535, -116.106407117 46.6145707221, -116.10619321 46.6144637473, -116.105979131 46.6143606364, -116.105766093 46.614253705, -116.105560218 46.6141507677, -116.105346138 46.6140446612, -116.10511009 46.6139257906, -116.104858152 46.6137997131, -116.104614073 46.6136776733, -116.104286158 46.6135177754, -116.104019112 46.6135866752, -116.103904105 46.6139187574, -116.103835032 46.6141278011, -116.103721067 46.6144597097, -116.103561126 46.6146967562, -116.103439086 46.614879664, -116.103324253 46.6150516747, -116.103156106 46.6151656394, -116.10285906 46.6152117462))
POLYGON ((-116.167806894 46.7786699426, -116.167547923 46.7786280036, -116.167105175 46.7785589302, -116.166868997 46.7784060656, -116.166662949 46.7782809866, -116.166341938 46.7780749819, -116.166311938 46.7778530439, -116.166273863 46.7776429582, -116.166288971 46.7772999788, -116.16629683 46.7771209349, -116.16629683 46.7769380704, -116.166303863 46.7767090557, -116.166708709 46.7763429361, -116.166738882 46.776139927, -116.166807782 46.77579291, -116.166952788 46.7756370064, -116.167097795 46.7754919999, -116.167249835 46.7753389616, -116.167394841 46.7751869219, -116.167539848 46.7750378778, -116.167684854 46.7748888338, -116.16782986 46.7747369677, -116.167974737 46.7745879236, -116.168127775 46.774438923, -116.168272781 46.7742898789, -116.168417788 46.7741418334, -116.168562794 46.7739889688, -116.168707801 46.7738399247, -116.168852981 46.773690924, -116.168997987 46.7735388409, -116.169141648 46.7733900139, -116.169286655 46.7732409698, -116.169431661 46.7730929243, -116.169630632 46.7728899152, -116.170065652 46.7726808715, -116.170469673 46.7726119717, -116.170728687 46.7725699025, -116.170980799 46.7725239693, -116.171240812 46.7724819, -116.171491751 46.7724400044, -116.171827871 46.7723830004, -116.172460864 46.7722227552, -116.172620805 46.7719707739, -116.172491732 46.7717228302, -116.172094744 46.7715168255, -116.17172094 46.7714867823, -116.17145372 46.7714638157, -116.170957659 46.7714217464, -116.170736719 46.7713027456, -116.170492813 46.7711699822, -116.170263668 46.7707387833, -116.170095825 46.7706467867, -116.169683773 46.7707268876, -116.169409693 46.770780896, -116.16892874 46.7708759317, -116.168363953 46.7707159904, -116.168363953 46.7703798706, -116.168363823 46.7701899729, -116.168195676 46.7698689182, -116.167989628 46.7697319869, -116.167799557 46.7696059094, -116.167608617 46.7694800056, -116.167333669 46.7693009617, -116.167494609 46.7691599928, -116.167730657 46.7689568101, -116.168043636 46.7689497768, -116.168310683 46.7689497768, -116.168569828 46.7689457392, -116.168836527 46.7689378811, -116.169096713 46.768934842, -116.16936376 46.7689308044, -116.169836681 46.7687898356, -116.170088618 46.7687167679, -116.170324666 46.7686448291, -116.170591539 46.7685677239, -116.171056558 46.7686557263, -116.17152262 46.768750762, -116.171713559 46.7688998061, -116.171880664 46.7690337417, -116.172056712 46.7691707163, -116.172224685 46.7693078213, -116.172399692 46.7694457945, -116.17257587 46.7695827692, -116.172750746 46.7697197438, -116.173055651 46.7699607845, -116.173254665 46.7703267305, -116.173269904 46.770528741, -116.173284665 46.7708038626, -116.17358271 46.7709257288, -116.173811725 46.7710207645, -116.174185876 46.7711698085, -116.174436815 46.7713637438, -116.174688797 46.7715587211, -116.174674036 46.7718177357, -116.17466583 46.7719977781, -116.174650895 46.7723137533, -116.174856944 46.7724937958, -116.174909736 46.7727228105, -116.174947811 46.7729018544, -116.174993745 46.7730808549, -116.175031776 46.7732597251, -116.175078057 46.7734357734, -116.175123816 46.7736148173, -116.175031776 46.7739658285, -116.174986842 46.7741448724, -116.174925843 46.7744159564, -116.174619897 46.7746678943, -116.174230984 46.7747939718, -116.173994763 46.7748739424, -116.173223797 46.7749430158, -116.172964956 46.7749079798, -116.17269791 46.7748739424, -116.172393006 46.7748318731, -116.171934846 46.7749049408, -116.171529826 46.7749689781, -116.171217845 46.7750989195, -116.170995734 46.7751939552, -116.170767891 46.7752859952, -116.17054578 46.7753808572, -116.17032484 46.7754769349, -116.169897852 46.7756519412, -116.169714814 46.7758049794, -116.169470735 46.7759959191, -116.168905774 46.7762208962, -116.168745833 46.7763848317, -116.168607903 46.7765328772, -116.168462896 46.7766859155, -116.168318888 46.7768349595, -116.168173882 46.7769869992, -116.167937009 46.7772309053, -116.167669789 46.777342048, -116.167295768 46.777383987, -116.167005755 46.7774149854, -116.167205074 46.7776590652, -116.167327114 46.7778109312, -116.167455883 46.7779789043, -116.16759416 46.778150915, -116.167768862 46.7783760657, -116.167806894 46.7786699426))
POLYGON ((-160.114085252 21.948197064, -160.114454193 21.9482424762, -160.114773728 21.9484713173, -160.115019632 21.9488379145, -160.114970703 21.9494114281, -160.114429577 21.9500316998, -160.112658457 21.9511122585, -160.112215754 21.951456931, -160.110469598 21.9524917736, -160.10955953 21.9528370974, -160.109190719 21.9528837252, -160.109042847 21.9527918589, -160.109436622 21.9514609686, -160.109387346 21.9511858471, -160.109215335 21.9509796687, -160.10882156 21.950842694, -160.106952583 21.951327033, -160.106854161 21.9512583069, -160.106977199 21.9509600451, -160.107345837 21.9507299016, -160.108133083 21.9504308149, -160.109141443 21.9497411658, -160.10955966 21.9496258119, -160.110567846 21.9499227278, -160.111158292 21.9497839297, -160.111625655 21.9495311235, -160.112412554 21.9490023709, -160.113175141 21.9484736617, -160.114085252 21.948197064))
POLYGON ((-160.133121041 21.9398181647, -160.133342328 21.9399096837, -160.133342328 21.9400702762, -160.132653851 21.9407824143, -160.13223559 21.9414023387, -160.131448865 21.9422294834, -160.131104539 21.94241352, -160.129579671 21.9427826787, -160.127243156 21.9428554424, -160.127120118 21.9428098132, -160.12719401 21.9422359956, -160.127415123 21.9420065034, -160.128005742 21.9416387339, -160.128497419 21.94143134, -160.128964609 21.9410863635, -160.130022244 21.9407177258, -160.131571729 21.9405088123, -160.132456877 21.940094415, -160.13270278 21.9398878894, -160.133121041 21.9398181647))
POLYGON ((-160.16287511 21.9275879543, -160.162825486 21.9264413178, -160.162382435 21.9247672745, -160.162529612 21.9238268164, -160.162726239 21.9235282507, -160.1629477 21.9233674845, -160.163193473 21.9234127665, -160.163562458 21.9238709262, -160.163759259 21.9239394786, -160.164054134 21.9238241681, -160.165775239 21.9226741452, -160.166168537 21.922467142, -160.166586798 21.9223516144, -160.167201339 21.9226027274, -160.167201512 21.9228781528, -160.166710184 21.9236588433, -160.166243124 21.9240953823, -160.165530161 21.9250371863, -160.164620397 21.9254975167, -160.163563283 21.9264168317, -160.163341996 21.9268300567, -160.163194819 21.9274954367, -160.16287511 21.9275879543))
POLYGON ((-160.179667597 21.9193685187, -160.180773988 21.9193663045, -160.182347786 21.91975322, -160.182421722 21.9198678793, -160.181905907 21.9207174696, -160.181242046 21.9213152957, -160.180824132 21.9214533991, -160.178709382 21.9214576104, -160.177676884 21.921849562, -160.176889681 21.9217821383, -160.176545356 21.9215535144, -160.176619075 21.9210027937, -160.176790912 21.9209107537, -160.177626957 21.9208403778, -160.178069661 21.9207248501, -160.178758007 21.9203565598, -160.17922485 21.9196445954, -160.179667597 21.9193685187))
POLYGON ((-160.211908397 21.8876966309, -160.212523154 21.8878560512, -160.212744615 21.8880848922, -160.212818377 21.8884518367, -160.212548292 21.8888652354, -160.212106066 21.8892102553, -160.211565417 21.8894866793, -160.210041417 21.8899714959, -160.209574574 21.8902477462, -160.208935503 21.8909142984, -160.208493277 21.8910985087, -160.207485265 21.8911236461, -160.207018249 21.8915144255, -160.206821926 21.8918131649, -160.206502434 21.8919284754, -160.206379395 21.891630257, -160.206575328 21.8907124616, -160.206771651 21.8902762699, -160.207066353 21.8894040169, -160.207778491 21.8883475971, -160.208024568 21.888163517, -160.210040244 21.8881135462, -160.210728591 21.8879744008, -160.211121671 21.8877440836, -160.211908397 21.8876966309))
POLYGON ((-160.157233273 21.8897953173, -160.157110061 21.8892218037, -160.157208613 21.8889235853, -160.157404936 21.8888085787, -160.15804431 21.8886927472, -160.158535639 21.8880952684, -160.158855348 21.8879572952, -160.159224116 21.887956644, -160.159519165 21.8880479894, -160.159691523 21.8881853114, -160.160306064 21.8890100682, -160.160552141 21.88976662, -160.160552315 21.8904318263, -160.16042945 21.8907533586, -160.160183677 21.8908226057, -160.159495374 21.890663142, -160.1586104 21.8907793208, -160.157503662 21.8901389479, -160.157233273 21.8897953173))
POLYGON ((-160.206260872 21.8584385798, -160.207121012 21.8584371037, -160.207514614 21.8586426309, -160.20795684 21.8587564219, -160.208300861 21.858732804, -160.208866473 21.8588464648, -160.20908789 21.8590523393, -160.209530638 21.8596248109, -160.20957974 21.8599000627, -160.209358801 21.8602445616, -160.209358974 21.8603593946, -160.210022835 21.8606333005, -160.210932425 21.860769103, -160.211350339 21.8612728485, -160.211817746 21.8618227009, -160.212137759 21.8623723796, -160.212310073 21.8628766461, -160.213810109 21.8636764393, -160.214178746 21.8639510399, -160.21422837 21.8642262917, -160.21405688 21.8653964158, -160.213737519 21.8658559213, -160.213492267 21.8664069459, -160.212853543 21.8670964213, -160.212141275 21.8677170403, -160.210347536 21.8689136476, -160.209610261 21.8692133855, -160.209315212 21.8692368296, -160.208749947 21.8691461355, -160.207496032 21.8684376877, -160.207077944 21.868438556, -160.20651281 21.86871498, -160.20631653 21.8689905791, -160.206390119 21.8692886239, -160.207078769 21.8700210368, -160.207324846 21.8704108177, -160.207472892 21.8709839839, -160.207374817 21.8713511021, -160.206588439 21.8720179582, -160.206121553 21.872156409, -160.205384104 21.8721351356, -160.204794006 21.8717921562, -160.204499 21.871838567, -160.204302503 21.8719767139, -160.20277885 21.8727825417, -160.202017262 21.8737015528, -160.201820809 21.873610164, -160.201377888 21.8731751446, -160.201082187 21.8718912295, -160.201081363 21.8706527266, -160.201670592 21.8691144424, -160.202161617 21.8683336217, -160.202186234 21.8679434935, -160.202087855 21.8677830746, -160.20169421 21.8675314407, -160.201325573 21.8674635828, -160.200612479 21.8675566214, -160.199555321 21.8671458711, -160.199481733 21.8669624856, -160.199555148 21.8667328197, -160.200292423 21.8665021552, -160.201103287 21.8660188582, -160.201668248 21.8651917135, -160.201766323 21.8648707022, -160.20169256 21.8646412099, -160.20152055 21.8645040616, -160.200586126 21.8643449886, -160.200193046 21.8641166685, -160.200045174 21.8638417641, -160.200118763 21.863520362, -160.200266114 21.863336499, -160.201936988 21.8623009618, -160.202993277 21.8613583329, -160.203779481 21.8603474989, -160.203877209 21.8593609339, -160.204048872 21.8588330495, -160.204368407 21.8586258726, -160.204638449 21.8585794185, -160.205597185 21.8586464514, -160.206260872 21.8584385798))
POLYGON ((-160.191958502 21.8640405618, -160.191712555 21.863857654, -160.191048217 21.8626201497, -160.190015372 21.8615209659, -160.18854017 21.8603768475, -160.187728785 21.8598965461, -160.186770092 21.8597146802, -160.18531968 21.8592127581, -160.184237906 21.8590311961, -160.182247063 21.8588742939, -160.181435851 21.8586692877, -160.180157927 21.8586716322, -160.179543386 21.8588333969, -160.178093148 21.8589737145, -160.176888813 21.8594345225, -160.175414262 21.8593225549, -160.173275721 21.8592345525, -160.172292368 21.8595344641, -160.17155544 21.8601781799, -160.170842781 21.8605005371, -160.170474143 21.8604552986, -160.170105332 21.8605476425, -160.169441819 21.8612827472, -160.169073225 21.861421198, -160.168237701 21.8620419906, -160.167918166 21.8620196753, -160.167819613 21.8616756973, -160.167770337 21.8613317194, -160.167573667 21.8611943974, -160.167205029 21.8611491589, -160.166393861 21.8610128354, -160.166344715 21.8608524166, -160.166516552 21.8603932584, -160.16686053 21.8599339265, -160.167229038 21.8592908619, -160.167376519 21.8591071291, -160.167523913 21.8586709375, -160.167769469 21.8586017338, -160.168875556 21.8584622411, -160.169317956 21.8582550208, -160.169514409 21.8573370516, -160.169243542 21.8566949856, -160.169366407 21.8562821079, -160.171824136 21.8558876382, -160.172856287 21.8554271341, -160.173470524 21.8547148658, -160.173667325 21.8544163001, -160.173912751 21.8537276496, -160.173814155 21.8534295614, -160.173642014 21.8523977579, -160.173764705 21.8523513471, -160.1741089 21.8524656591, -160.174870792 21.8530148169, -160.175608241 21.853036481, -160.176566803 21.8531724137, -160.177083139 21.8531714152, -160.17806597 21.8524815925, -160.178483754 21.8520219133, -160.178852218 21.8517461405, -160.17912226 21.8513785448, -160.179269437 21.8505525723, -160.179342896 21.8497492625, -160.1796867 21.8492438238, -160.180915304 21.848484754, -160.181210179 21.8479796626, -160.181430989 21.8471991457, -160.181799453 21.8468316802, -160.182020392 21.8466014933, -160.182167743 21.8461426824, -160.182241158 21.8453396765, -160.182585179 21.8451326732, -160.183199547 21.845154294, -160.183789471 21.8453368545, -160.184305633 21.8452900964, -160.185091838 21.8450590846, -160.185902745 21.8446446874, -160.186246723 21.8443915339, -160.18686096 21.8441841833, -160.191579271 21.8432349987, -160.193938448 21.8427944656, -160.194356362 21.8426563187, -160.195461797 21.8420119082, -160.197181904 21.8413433589, -160.197943666 21.8411812469, -160.198263331 21.8413641548, -160.198361753 21.8416850359, -160.198165604 21.8427865641, -160.198043086 21.8432916555, -160.197846589 21.8436359807, -160.197036073 21.8444864393, -160.196765987 21.8453586489, -160.196619157 21.8463912773, -160.196472154 21.8468732719, -160.195907367 21.8479296918, -160.195366892 21.8486188632, -160.194605478 21.8494000747, -160.194138765 21.8500662362, -160.193770301 21.850112864, -160.193377047 21.8499988559, -160.192639251 21.8493809287, -160.192442971 21.8494501758, -160.192221988 21.8501386526, -160.191829385 21.8521352267, -160.191829906 21.8526629808, -160.191535378 21.8536726426, -160.191535552 21.853970861, -160.191683207 21.8544751275, -160.192544215 21.8555288991, -160.193232692 21.8562616594, -160.193700229 21.8575684108, -160.193725236 21.8580729812, -160.193627335 21.8588301841, -160.19333259 21.8596565039, -160.193063069 21.8611939199, -160.193161969 21.8624324227, -160.193039582 21.8633044586, -160.192646979 21.8639704899, -160.192228891 21.8641089406, -160.191958502 21.8640405618))
POLYGON ((-160.225993518 21.8524802466, -160.227271789 21.852661114, -160.227837053 21.8528664674, -160.228353389 21.8529568143, -160.22879592 21.8531625151, -160.22982794 21.853045685, -160.229975769 21.8531370304, -160.229975769 21.8533665227, -160.229067351 21.8546757922, -160.228723373 21.8549976718, -160.228010887 21.8551828807, -160.227740498 21.855183228, -160.227273438 21.8549778745, -160.22668321 21.854566169, -160.226461923 21.85454368, -160.226339362 21.8547733459, -160.22646227 21.8550025343, -160.227076811 21.8552075405, -160.227544001 21.8554819674, -160.227986575 21.8555498686, -160.228600986 21.8555253825, -160.229485438 21.8550419118, -160.229903179 21.8548577015, -160.229977114 21.8551327796, -160.229535235 21.8558449177, -160.229338739 21.8563040759, -160.229068697 21.8564421794, -160.229142937 21.8569694125, -160.229684236 21.8579777719, -160.230176781 21.8591695166, -160.23025089 21.8596511205, -160.230031079 21.8616240768, -160.22988425 21.8625418722, -160.229147625 21.8631400022, -160.22836077 21.8630957622, -160.227721699 21.8629365156, -160.227500413 21.8627765743, -160.227057882 21.8626857065, -160.226615482 21.8627782675, -160.225829061 21.8627800909, -160.225410843 21.8625515972, -160.224402484 21.8615213132, -160.223762936 21.8612014307, -160.223811735 21.8606051675, -160.224253787 21.8601682813, -160.225015549 21.8596620177, -160.225555155 21.8582158169, -160.225481046 21.8575507842, -160.225185519 21.8568631323, -160.224472209 21.8563370714, -160.223612068 21.8561783458, -160.223218771 21.8562480704, -160.221916752 21.8573288462, -160.221254064 21.8583624732, -160.22027171 21.8597406424, -160.219583711 21.860063347, -160.219190456 21.8601330716, -160.219092208 21.859903753, -160.219140659 21.8588943951, -160.219631511 21.8582510266, -160.220122188 21.8569196154, -160.220490305 21.8561161319, -160.220932531 21.8556563225, -160.221571428 21.8553797248, -160.222381945 21.8548962541, -160.222652334 21.8545059957, -160.223389436 21.8541603246, -160.223684138 21.8540679372, -160.224642352 21.8537677217, -160.224986374 21.8535147419, -160.225993518 21.8524802466))
POLYGON ((-160.193370839 21.8381158362, -160.194698169 21.8382051845, -160.195263477 21.8383646048, -160.195755153 21.8386158914, -160.196074689 21.8389823584, -160.196197727 21.8393722695, -160.196074992 21.8397165947, -160.195706528 21.8399927148, -160.195190713 21.8402000654, -160.194600963 21.8403159403, -160.193937102 21.8402482128, -160.1932 21.8400431632, -160.192585286 21.8396772172, -160.191700312 21.8392889559, -160.191478852 21.8388075257, -160.191527998 21.8384403641, -160.191920948 21.8382561538, -160.192879336 21.8381625943, -160.193370839 21.8381158362))
POLYGON ((-160.229116149 21.788746777, -160.23036937 21.7889279917, -160.230811944 21.7892022449, -160.23105789 21.7895458755, -160.231107166 21.7900962489, -160.230960467 21.7907617591, -160.230665939 21.7912671978, -160.23000312 21.7919796832, -160.229413673 21.7922562809, -160.228701231 21.7922344865, -160.228430972 21.792143445, -160.22835708 21.7920059928, -160.228676267 21.7916152134, -160.228626948 21.7914318279, -160.228479423 21.7913862421, -160.228160105 21.791593419, -160.228037371 21.7915476595, -160.228012581 21.7914102072, -160.228184548 21.7910199488, -160.228184244 21.790721687, -160.227815433 21.7905388225, -160.227446969 21.7905624403, -160.226931154 21.7903570869, -160.226808072 21.7901279419, -160.22685687 21.7898297235, -160.227372512 21.7893239375, -160.227716186 21.7891626938, -160.228403838 21.7888401195, -160.229116149 21.788746777))
POLYGON ((-159.678391387 22.0880764269, -159.678613498 22.08876473, -159.678613498 22.0892007914, -159.677948813 22.0898664753, -159.67738255 22.0901189342, -159.676717864 22.0900961412, -159.67624998 22.0894766944, -159.676249806 22.0892931353, -159.676840729 22.0890175362, -159.676939151 22.0888110105, -159.676864868 22.0885816919, -159.676544855 22.088444066, -159.675806234 22.0885590726, -159.675732341 22.0885133131, -159.675732341 22.0883526772, -159.676027868 22.0880310147, -159.677012393 22.0876179199, -159.677972952 22.0875716828, -159.678391387 22.0880764269))
POLYGON ((-159.758357766 22.031469895, -159.758579053 22.031699561, -159.759144144 22.0328931726, -159.759143971 22.0331684244, -159.758971656 22.0333060503, -159.758676129 22.0333974391, -159.758528778 22.0330990036, -159.757791156 22.0322497607, -159.757766843 22.032043235, -159.758210068 22.031515698, -159.758357766 22.031469895))
POLYGON ((-159.607498765 21.9834416247, -159.607252689 21.983349932, -159.606662243 21.9826612381, -159.606637627 21.9824778526, -159.606834601 21.9823630197, -159.607302138 21.982271327, -159.608507602 21.9824780263, -159.608581538 21.9825467524, -159.608581538 21.9830516702, -159.60843384 21.9832580656, -159.608138487 21.9833039988, -159.607818431 21.9831663295, -159.607498765 21.9834416247))
POLYGON ((-159.525234902 21.9584694266, -159.524398075 21.9591112756, -159.524152129 21.9592030117, -159.523389542 21.9591106243, -159.52326633 21.9592024907, -159.523315129 21.9599137605, -159.523216707 21.9601662194, -159.522822932 21.9602809221, -159.522158767 21.9603033677, -159.52218308 21.9604639602, -159.522674756 21.9610607443, -159.522723685 21.9615428691, -159.522107624 21.9628962049, -159.521812402 21.9633550592, -159.521615253 21.9634697186, -159.521492215 21.9634237854, -159.521517222 21.9629648008, -159.522133283 21.9616572245, -159.522158073 21.9612670963, -159.521789261 21.9609454338, -159.521567844 21.9609226408, -159.520977399 21.9612433048, -159.520608457 21.9612201646, -159.520682219 21.9610597457, -159.520977746 21.960761701, -159.521076646 21.9599125883, -159.521273446 21.9596143699, -159.521445978 21.9594997106, -159.521913342 21.9594081915, -159.522380705 21.9595231981, -159.522380879 21.9592249363, -159.522036727 21.9588346779, -159.521815614 21.9584214529, -159.521791302 21.9581919606, -159.521987929 21.9579396754, -159.521914861 21.9572971317, -159.521718017 21.9571593322, -159.521102955 21.9572964371, -159.521004577 21.9572275373, -159.52100475 21.9570211853, -159.521521737 21.9565167451, -159.521890853 21.9564250524, -159.522210388 21.9565398854, -159.52230881 21.9564941259, -159.522309114 21.9559660679, -159.522457333 21.9552780686, -159.522801832 21.9549798502, -159.523589035 21.9549574046, -159.524081232 21.9547052496, -159.524524109 21.9546139042, -159.525114034 21.9552794145, -159.525211935 21.9557615393, -159.525507331 21.9561288311, -159.525506159 21.9576892136, -159.525234902 21.9584694266))
POLYGON ((-159.623220853 21.9489069879, -159.623245687 21.9487921549, -159.623442314 21.9485628363, -159.623958997 21.9485398697, -159.625336471 21.9487919813, -159.625459336 21.9489527474, -159.625287326 21.9496870272, -159.624819962 21.9497329604, -159.624032585 21.9495264347, -159.623220853 21.9489069879))
POLYGON ((-159.606765528 21.9358267096, -159.607429518 21.9360100951, -159.607601876 21.9361708612, -159.607675465 21.9366987456, -159.607478491 21.9373870921, -159.607158955 21.9376625176, -159.606568553 21.9378918362, -159.606027427 21.9378918362, -159.605732378 21.9377771769, -159.605510918 21.9375704776, -159.605437155 21.9374098851, -159.605437155 21.9366983982, -159.60563413 21.9364001798, -159.606076877 21.9360100951, -159.606765528 21.9358267096))
POLYGON ((-159.527051781 21.9273539468, -159.527395932 21.9274230203, -159.528404118 21.9280431183, -159.528403944 21.9282955772, -159.527911747 21.9288001476, -159.527935886 21.9291672658, -159.528083237 21.929557394, -159.528107376 21.9302001113, -159.528279386 21.9304985033, -159.528279213 21.9308196883, -159.527885611 21.9307276483, -159.527516973 21.9304062896, -159.52724641 21.9304059423, -159.526877078 21.9309107298, -159.526729423 21.9313695407, -159.526483129 21.9316446188, -159.526433028 21.9327002573, -159.526334606 21.9328378832, -159.526162639 21.9328377095, -159.526064217 21.9327230502, -159.526040426 21.9316902481, -159.525966663 21.9315526222, -159.525966837 21.9311854606, -159.526212914 21.9309102088, -159.526484302 21.9299236438, -159.526534099 21.9290977148, -159.526755733 21.9287994964, -159.526879596 21.9276062321, -159.527051781 21.9273539468))
POLYGON ((-159.530665568 21.9298342955, -159.530788432 21.9298342955, -159.531108445 21.9298344692, -159.532460782 21.9301337296, -159.532583343 21.9307990661, -159.533271646 21.9314191642, -159.533271299 21.9318781487, -159.533099158 21.9320385676, -159.532878045 21.9319006377, -159.532312607 21.9312580507, -159.532165256 21.9311891509, -159.531845069 21.9312575731, -159.531549673 21.9317852838, -159.531107099 21.9317391769, -159.531009198 21.9311194262, -159.530566798 21.9303161164, -159.530591632 21.9299259883, -159.530665568 21.9298342955))
POLYGON ((-159.524174097 21.9274898796, -159.52439521 21.9276506457, -159.524517597 21.9286605246, -159.524664774 21.9290965426, -159.524516902 21.9296242532, -159.523926153 21.9301975932, -159.523237329 21.9306102972, -159.523040355 21.9306101236, -159.522622788 21.9301965946, -159.522229317 21.9295768005, -159.522082487 21.9287506978, -159.522082661 21.9282917132, -159.5221569 21.9281083278, -159.522648924 21.9276496472, -159.523017909 21.9275351615, -159.524174097 21.9274898796))
POLYGON ((-159.53170054 21.9269666841, -159.532118454 21.9271272766, -159.53236388 21.9277929604, -159.532658755 21.9282980953, -159.532658408 21.9287798727, -159.532338091 21.9295828352, -159.53196928 21.929582705, -159.531797269 21.929467872, -159.531723507 21.9292383363, -159.531969757 21.9286189329, -159.531847066 21.9284352002, -159.531379833 21.928182394, -159.531306244 21.9279301088, -159.530863714 21.9278151022, -159.530864018 21.9275396767, -159.531110138 21.9271497656, -159.531331555 21.9269891731, -159.53170054 21.9269666841))
POLYGON ((-159.612251157 21.9270381019, -159.612915321 21.9266022576, -159.613185884 21.9265333578, -159.613702394 21.9266709837, -159.614046546 21.9268775094, -159.614292622 21.9275430197, -159.614268006 21.9279789074, -159.614071336 21.9284610322, -159.613652944 21.9288511169, -159.613382511 21.9289428097, -159.612939808 21.9289198431, -159.612300433 21.9286905244, -159.612054487 21.9284378919, -159.61178375 21.9275889528, -159.612251157 21.9270381019))
POLYGON ((-159.535345152 21.9196712522, -159.535640201 21.9199466777, -159.535762588 21.9207270209, -159.535762415 21.9213007082, -159.534802203 21.9225164181, -159.534433218 21.9225849706, -159.532884253 21.9218728325, -159.532687409 21.9220332948, -159.532662793 21.9222169841, -159.533572209 21.9230436078, -159.533572209 21.9232961101, -159.533399721 21.9233876291, -159.532588336 21.9234789745, -159.532145285 21.9237082932, -159.531653435 21.9237079892, -159.531456982 21.9235014636, -159.531751857 21.9234097709, -159.532170248 21.9231344756, -159.532736034 21.9231116827, -159.532883559 21.9230433039, -159.532908218 21.9229282973, -159.532342954 21.9225150722, -159.532121841 21.9222622661, -159.532072521 21.9219642213, -159.532884905 21.9207942709, -159.534040962 21.9209327217, -159.53440973 21.920726196, -159.534557776 21.9202673851, -159.534926891 21.9197398047, -159.535345152 21.9196712522))
POLYGON ((-159.606548582 21.8978248119, -159.606892734 21.8979852741, -159.606991156 21.8981690069, -159.606990982 21.8991558757, -159.607089231 21.8994313012, -159.607236929 21.8995459605, -159.607359794 21.8998443526, -159.607261372 21.9001885042, -159.607064571 21.9002802403, -159.605318632 21.9003948996, -159.604826782 21.899935915, -159.604482631 21.8990179025, -159.604532081 21.8986739246, -159.604826956 21.8983984991, -159.605835272 21.8980999334, -159.606228743 21.897870745, -159.606548582 21.8978248119))
POLYGON ((-159.527622602 21.8845547661, -159.528261629 21.8847616391, -159.528531845 21.8849453719, -159.528531498 21.8854043564, -159.528457735 21.885450116, -159.527817363 21.8871940576, -159.527128235 21.8880657896, -159.526636385 21.8882951082, -159.526169151 21.8883406941, -159.525776027 21.8879730549, -159.525751758 21.8875831438, -159.525948733 21.886986186, -159.527105398 21.8854494647, -159.527327553 21.8846464588, -159.527622602 21.8845547661))
POLYGON ((-159.555762627 22.1078971182, -159.555934985 22.1075761068, -159.556058371 22.1069340408, -159.556354245 22.1066131597, -159.557068554 22.1063154623, -159.557240521 22.106613507, -159.557437365 22.1073248202, -159.55751078 22.1079670165, -159.557954005 22.1085636269, -159.558544755 22.1089081259, -159.558791005 22.1091376181, -159.558791005 22.1093440136, -159.558618343 22.1095503656, -159.558002804 22.1097793369, -159.556401828 22.1097322315, -159.555884841 22.1098008274, -159.554505543 22.1105568581, -159.553815677 22.111060951, -159.553815677 22.111267303, -159.554234112 22.1116575614, -159.554553951 22.1118183276, -159.55516936 22.1123001485, -159.556154405 22.1127827508, -159.556695705 22.1133563947, -159.556670568 22.1144113819, -159.556498253 22.1147094266, -159.555956259 22.1147778054, -159.552336785 22.1133302588, -159.551549061 22.1128942408, -159.551401363 22.1125958488, -159.551179772 22.1124578756, -159.550909165 22.1119076759, -159.55081096 22.1112651322, -159.550540701 22.1103246741, -159.549925639 22.1090169241, -159.549777811 22.1088563316, -159.549753325 22.1086727725, -159.548941115 22.1077090439, -159.548547514 22.1075021709, -159.548005519 22.1073643713, -159.547094757 22.1069737656, -159.544829965 22.105366625, -159.543747018 22.1044026793, -159.543451795 22.1042877161, -159.542639412 22.103553089, -159.542344059 22.1030481713, -159.542098459 22.1021995795, -159.54160661 22.1011441582, -159.541483745 22.1005708182, -159.54128677 22.1002724261, -159.541164036 22.0998595484, -159.540893473 22.0993547609, -159.54067236 22.0986434912, -159.540500523 22.0973590551, -159.539787256 22.0959824054, -159.539664348 22.0956152872, -159.539147534 22.0951331624, -159.538310665 22.0945591712, -159.537990652 22.0944673048, -159.535898391 22.0933186278, -159.534815271 22.0927672559, -159.530434035 22.0901261411, -159.52949896 22.0893913837, -159.528686577 22.0892300966, -159.528144626 22.089229619, -159.527135441 22.0890453653, -159.526003349 22.0882645011, -159.525313874 22.087874069, -159.525068101 22.0876444465, -159.523862116 22.086955275, -159.522975319 22.086977547, -159.521793646 22.0871371409, -159.520858051 22.0868153047, -159.519799937 22.0861948594, -159.517732119 22.0852986846, -159.516427538 22.0846324798, -159.515147791 22.0842185601, -159.513892356 22.0840110359, -159.512463913 22.0841243493, -159.512316388 22.0840095163, -159.512316562 22.083688505, -159.512612609 22.0832529646, -159.512711683 22.0821978472, -159.512539846 22.0816473436, -159.512220006 22.0813719181, -159.511727636 22.0811646978, -159.511629387 22.0809813124, -159.511629561 22.0805454681, -159.512221656 22.0791238837, -159.512345563 22.0780691136, -159.512198212 22.0775641958, -159.511903337 22.0772198706, -159.510156052 22.0760485743, -159.509540469 22.0761627126, -159.509318531 22.0764376605, -159.509293698 22.076598253, -159.50934267 22.0770340973, -159.509711785 22.0774015628, -159.510597757 22.0779753803, -159.510745108 22.078273946, -159.510695658 22.0785492413, -159.51027692 22.0789156648, -159.50936581 22.0789609468, -159.509144002 22.0791213656, -159.508478319 22.0801067584, -159.507985774 22.0805652219, -159.507468613 22.0808398225, -159.506557677 22.0806326456, -159.505056643 22.0794844896, -159.504294752 22.0781534257, -159.503654683 22.0777628199, -159.502817856 22.0774181474, -159.502571736 22.0774408101, -159.502423734 22.07799114, -159.502496802 22.0786563463, -159.502939202 22.0795971084, -159.503972221 22.080813513, -159.504685835 22.0813648849, -159.506236145 22.0822836789, -159.506531021 22.0832015177, -159.506530369 22.0840501095, -159.506825418 22.0844863011, -159.507342406 22.0848078334, -159.507686731 22.085266818, -159.507882707 22.0861157136, -159.509014756 22.0872176325, -159.509014235 22.0876764434, -159.508595322 22.087859525, -159.507044013 22.0881104643, -159.506428431 22.0883620983, -159.506329878 22.0884767576, -159.506354017 22.0890500541, -159.506452092 22.089531875, -159.506623885 22.089967893, -159.506573784 22.0913210552, -159.506450225 22.0918254953, -159.506327013 22.0918940478, -159.505834338 22.0919168407, -159.505514629 22.0917099677, -159.503841802 22.0899881678, -159.503029722 22.0893452769, -159.502512735 22.0890465375, -159.501921986 22.0888395343, -159.50120785 22.088930706, -159.501158574 22.0890911248, -159.501305925 22.0896188789, -159.50192064 22.090238456, -159.502093128 22.0905140551, -159.50209265 22.0910644284, -159.502338076 22.0919592573, -159.503223874 22.0927168076, -159.503518924 22.0932448656, -159.503420154 22.0937265128, -159.503321255 22.093886758, -159.503320951 22.09418515, -159.503419503 22.094437305, -159.503739168 22.0948964632, -159.504477138 22.0956769801, -159.504501625 22.0958835058, -159.504378413 22.0959520582, -159.504230541 22.0962502766, -159.501989539 22.0965002608, -159.500856839 22.0964992189, -159.499207412 22.096084648, -159.498616837 22.0956940856, -159.498296997 22.0950287056, -159.498101022 22.0939274814, -159.498102367 22.0924826265, -159.498374754 22.090969002, -159.497686798 22.0891104011, -159.497638173 22.0885828641, -159.497515308 22.0882159196, -159.49746651 22.0874129137, -159.49754075 22.0872984281, -159.497565409 22.0869314401, -159.497246048 22.0861973774, -159.497205976 22.0861012998, -159.496910275 22.0856428362, -159.496664025 22.0855970767, -159.49599934 22.085803776, -159.495777532 22.0857122136, -159.495580427 22.0855056879, -159.495333308 22.0844510914, -159.495086884 22.0841986326, -159.494742038 22.0841071135, -159.494397409 22.0840386913, -159.494200434 22.0838321656, -159.49419822 22.081515926, -159.494049523 22.0804148754, -159.493679062 22.079016084, -159.493703201 22.0784426138, -159.493923967 22.0775021556, -159.49456269 22.0758274611, -159.494734353 22.0749788694, -159.494536381 22.0739007853, -159.494880358 22.0733273151, -159.496504084 22.0717437924, -159.496971317 22.0711242153, -159.497192734 22.0708718867, -159.497998736 22.0700737867, -159.498466968 22.0694778275, -159.498788326 22.0679640728, -159.499034924 22.0674136995, -159.499035749 22.0665191745, -159.498669152 22.0635137635, -159.498472655 22.0630318123, -159.498448343 22.0627795271, -159.498349964 22.0626418578, -159.498300861 22.0622977062, -159.498104365 22.0618846549, -159.497663137 22.0597737687, -159.497368261 22.0590393153, -159.49722091 22.0585577115, -159.497206323 22.0585305336, -159.497157047 22.0585305336, -159.496614575 22.057452493, -159.496515502 22.0567646674, -159.496539988 22.0561909801, -159.496785717 22.0560303876, -159.497204152 22.0559842808, -159.497297191 22.0559884921, -159.497912426 22.0561496055, -159.498035117 22.0564020644, -159.498059126 22.0572507864, -159.498231093 22.0577787142, -159.498993202 22.0587885496, -159.499337527 22.0590183892, -159.500346842 22.0591798066, -159.502045371 22.0592730189, -159.502488292 22.0594570989, -159.502930996 22.0601683687, -159.503988632 22.061109999, -159.504160469 22.0616606763, -159.504209224 22.0623258826, -159.504553592 22.0627620742, -159.504799669 22.0628769072, -159.505242417 22.0633132725, -159.505414558 22.0636116646, -159.505512111 22.0646439891, -159.5055857 22.0646899222, -159.505610533 22.0648733077, -159.505905409 22.0651261139, -159.507185503 22.0655399901, -159.507776079 22.0658616961, -159.508341865 22.0664128943, -159.508858201 22.0670782309, -159.5092027 22.0672852776, -159.509965937 22.0672859722, -159.511024745 22.0671491712, -159.512132482 22.0668977109, -159.513388785 22.0663024029, -159.516244978 22.0654786446, -159.517180574 22.0653192243, -159.518263694 22.0654576751, -159.518977482 22.0656876883, -159.519371257 22.0659632874, -159.519838316 22.0668812566, -159.520108358 22.0676844361, -159.520329645 22.0680746945, -159.520649658 22.0683730866, -159.521756917 22.0689931846, -159.523480063 22.0696370741, -159.524366209 22.0696377688, -159.5265331 22.0690659483, -159.527345961 22.0687682075, -159.528281383 22.0687690324, -159.529192189 22.0689990457, -159.529684343 22.0692288853, -159.531555187 22.0696201422, -159.532835281 22.0696441074, -159.533229056 22.0699426731, -159.533228752 22.0701030919, -159.533302818 22.0701490251, -159.533327305 22.0704243203, -159.53340124 22.0704933938, -159.533450169 22.0708145788, -159.53362218 22.0709981379, -159.533720428 22.071365256, -159.533966505 22.0716405078, -159.534286692 22.0712511177, -159.534706125 22.070402526, -159.535370984 22.0698065667, -159.535691171 22.0697378406, -159.535814035 22.069921226, -159.537142928 22.070885823, -159.538078177 22.0713454587, -159.53864444 22.0714604654, -159.543149713 22.0716470635, -159.544380705 22.0714643293, -159.545242669 22.0711895551, -159.545464129 22.0709832031, -159.546129162 22.0706166059, -159.546473661 22.0707545357, -159.54674405 22.0717640672, -159.546965337 22.0720394927, -159.547014787 22.0722457145, -159.547162311 22.0723378848, -159.547679472 22.0721085661, -159.548516298 22.0723387531, -159.549131534 22.0731648558, -159.550706677 22.0740375864, -159.550952928 22.0740835195, -159.551518887 22.0744508114, -159.552281995 22.0751164953, -159.552602007 22.0751168426, -159.552897534 22.0749334572, -159.553217721 22.074956554, -159.553488283 22.0752090129, -159.553734056 22.0761954042, -159.553807645 22.0762644776, -159.553906067 22.0767920581, -159.554201246 22.0773199424, -159.554200769 22.0782831935, -159.554126659 22.0786045521, -159.554323634 22.0788110778, -159.555259229 22.0788115554, -159.556047127 22.0791790209, -159.557203488 22.0800973807, -159.557228148 22.0805791582, -159.556612565 22.0805328777, -159.555849631 22.0801422719, -159.555135844 22.0794997283, -159.554840317 22.0793848953, -159.5540031 22.0794300036, -159.553215202 22.0796360083, -159.552993612 22.079773504, -159.552353369 22.0799337491, -159.551319395 22.0796351834, -159.551196356 22.0794514507, -159.551196834 22.0785337855, -159.551295603 22.0780293887, -159.551320741 22.0767673983, -159.551124114 22.0765380797, -159.551099454 22.0764004538, -159.550508878 22.075803496, -159.549992021 22.0758262889, -159.549769909 22.0761011934, -159.549449549 22.0767665734, -159.549227611 22.0776609247, -159.548882765 22.0778443101, -159.548439888 22.0778209962, -159.547848964 22.0776600564, -159.547578054 22.0774075975, -159.547283179 22.0766963277, -159.54716014 22.076627428, -159.547012442 22.076306243, -159.546742226 22.0752279853, -159.546643978 22.074447946, -159.546472141 22.0742642132, -159.545659584 22.0741718693, -159.545561032 22.0742407691, -159.545610134 22.0746077136, -159.545855907 22.0752960168, -159.545929669 22.0753419499, -159.545978945 22.0756631784, -159.545978598 22.0760758824, -159.545781146 22.076649396, -159.545780973 22.0771539664, -159.546568349 22.0783244378, -159.546666597 22.0787145226, -159.547306493 22.0789901217, -159.547798646 22.0795409726, -159.547896895 22.0798162244, -159.547945997 22.0802292758, -159.548191944 22.0805964374, -159.549250057 22.0816523797, -159.550259241 22.0822952707, -159.551145734 22.0824793073, -159.551416297 22.0827318096, -159.551736484 22.0827550801, -159.552549041 22.0826178015, -159.552992092 22.0825262825, -159.553829439 22.082641593, -159.554567713 22.0833760465, -159.55456754 22.0837200244, -159.554394704 22.0840871426, -159.553631293 22.0848436943, -159.553582017 22.084935387, -159.553901378 22.0861742372, -159.554147455 22.0862888965, -159.554763342 22.0860828918, -159.555551066 22.0861294762, -159.556018777 22.0864278683, -159.556708122 22.0866575342, -159.559342551 22.0869802387, -159.562099844 22.0879454869, -159.563527463 22.0887721106, -159.564044798 22.0888641506, -159.56470931 22.0888874645, -159.566876375 22.0886361779, -159.568107324 22.0886370028, -159.568600042 22.0887290428, -159.569658502 22.0893717601, -159.570150829 22.0897392256, -159.570692172 22.0903130431, -159.570692172 22.0905883383, -159.570495328 22.0906798574, -159.568796148 22.0907019557, -159.565496556 22.0905397134, -159.564511858 22.0905619854, -159.56345305 22.0907448932, -159.562812677 22.0909968311, -159.562615355 22.0913408525, -159.562615182 22.0917996634, -159.562713734 22.0919143227, -159.562763054 22.0920750888, -159.563378419 22.0927406425, -159.564092251 22.0927407727, -159.5647819 22.0924202824, -159.565003534 22.0924204126, -159.565348337 22.0925582122, -159.565495861 22.0927418147, -159.565446585 22.0931317258, -159.565224821 22.093636166, -159.565273749 22.0940262507, -159.565913949 22.0944166828, -159.566307767 22.0947610081, -159.566356696 22.094898634, -159.566652223 22.0951740594, -159.567883215 22.0955418722, -159.571379651 22.0958189475, -159.573103274 22.0960493081, -159.573620131 22.0963019406, -159.574038696 22.0968068583, -159.574186221 22.0971739765, -159.574185917 22.0980685015, -159.573988595 22.0989169196, -159.574013385 22.099077512, -159.574185569 22.099192345, -159.574505756 22.0991925187, -159.575786502 22.0988949515, -159.576869795 22.0989182654, -159.578568976 22.0992174824, -159.578938091 22.0993780749, -159.579085789 22.0995846005, -159.579208654 22.0999976953, -159.579553327 22.1005711655, -159.579553327 22.1009610766, -159.579380839 22.1010298028, -159.578888294 22.1009379364, -159.578248442 22.1006851736, -159.577484684 22.1005472004, -159.574628317 22.100912799, -159.571993367 22.101094882, -159.571500996 22.1008652161, -159.570984182 22.1004521213, -159.5705654 22.1002683885, -159.569457316 22.1007032777, -159.569112514 22.1007032777, -159.568792457 22.1006114113, -159.568546381 22.1003820493, -159.568374066 22.0997622986, -159.568177569 22.0985467623, -159.568029914 22.0982487176, -159.567537544 22.0977437998, -159.56667571 22.0974678534, -159.564656994 22.0971454962, -159.562834949 22.0963875986, -159.561800801 22.0960660663, -159.560373182 22.0950786764, -159.560225484 22.0949407032, -159.559954747 22.0951012957, -159.55995427 22.0959730277, -159.56017573 22.0963860791, -159.561209357 22.0973042218, -159.562218889 22.0977863467, -159.563794336 22.098750466, -159.56482818 22.0995539495, -159.565099091 22.0998753081, -159.565197295 22.1001507336, -159.565123533 22.1004486047, -159.564704621 22.1006550001, -159.563128479 22.101158572, -159.56238938 22.1017315646, -159.561995431 22.1021213021, -159.561921321 22.1023047309, -159.561921148 22.1026944684, -159.562438178 22.1033829452, -159.56310269 22.1039567627, -159.563521255 22.1042093952, -159.564037938 22.1046912161, -159.564259529 22.1050355414, -159.564382611 22.1054254525, -159.564653348 22.1057236709, -159.564726936 22.1059989661, -159.564554752 22.1062054918, -159.563126308 22.1061815266, -159.562830781 22.1063419455, -159.56283026 22.1073281631, -159.562682562 22.1075573081, -159.562312926 22.107694934, -159.562140611 22.1080619219, -159.561771105 22.1085431784, -159.560760922 22.1090472713, -159.559874646 22.1090006869, -159.55957925 22.1085418326, -159.558890078 22.1076010705, -159.558693278 22.1072339523, -159.558619515 22.1068438242, -159.558349126 22.1063620467, -159.557955004 22.1061095878, -159.557512126 22.1055817035, -159.55748764 22.1049624303, -159.558375132 22.1027380571, -159.558400269 22.1018438795, -159.558080256 22.1013159952, -159.557637335 22.1007424816, -159.557317496 22.0998935859, -159.557046933 22.0995723575, -159.556825646 22.0990216802, -159.556653115 22.0988381211, -159.555644278 22.0979431186, -159.555299779 22.0974380272, -159.555299779 22.097254772, -159.555152124 22.0969104468, -159.553995242 22.0962905224, -159.553920958 22.0964279747, -159.553920958 22.0967947889, -159.554240841 22.0974834394, -159.555446826 22.0986309008, -159.555766839 22.0991816215, -159.556603535 22.100076624, -159.557021622 22.1007879372, -159.557021622 22.1009255631, -159.557120175 22.1010402224, -159.557341288 22.1017971214, -159.557217728 22.1028292289, -159.555912323 22.1038146216, -159.555665899 22.1042045327, -159.555591659 22.1046171065, -159.555886882 22.1055347717, -159.555862222 22.1057412974, -159.555738836 22.1058328165, -159.555147913 22.1056490837, -159.554212317 22.1050060191, -159.55404035 22.1045933151, -159.553991378 22.1042263271, -159.554065487 22.103079517, -159.553499702 22.1019781624, -159.552810704 22.1013126088, -159.552367653 22.1009221767, -159.552071909 22.1009221767, -159.551949044 22.1008075174, -159.551924732 22.1004635395, -159.551727584 22.1006698915, -159.55111135 22.1016785982, -159.550815476 22.1024809094, -159.550789991 22.1037653455, -159.551011625 22.1041782232, -159.551011625 22.1043388157, -159.551429886 22.105210895, -159.551946526 22.1056926725, -159.552881948 22.1062438707, -159.553349833 22.1066339555, -159.553521974 22.1069323476, -159.553989685 22.1074142987, -159.554309567 22.107987986, -159.554481882 22.1081485785, -159.555466927 22.1081492297, -159.555762627 22.1078971182))
POLYGON ((-159.360586523 22.0415258332, -159.36065894 22.0415764987, -159.360560344 22.042218695, -159.360018567 22.0436858653, -159.359624748 22.0443736909, -159.359009556 22.045015236, -159.358492352 22.0452901839, -159.357876986 22.0454733956, -159.356843142 22.0454269415, -159.355981656 22.0451282455, -159.354480448 22.0443937921, -159.353865213 22.0442558188, -159.352782136 22.044347034, -159.351994369 22.044598668, -159.351649566 22.044896539, -159.350837183 22.0460656646, -159.350738761 22.0463407427, -159.349803208 22.0476241802, -159.349286351 22.0481053065, -159.347809152 22.0487923072, -159.347612308 22.0488151001, -159.346307771 22.049203839, -159.345397009 22.049363433, -159.344510516 22.0494313342, -159.343870794 22.0493163276, -159.339858717 22.0479141932, -159.337816079 22.0469263257, -159.336585608 22.0458016139, -159.335970372 22.045457115, -159.3356257 22.0453879113, -159.335873296 22.0450043388, -159.335878159 22.0449969582, -159.336143034 22.0445860776, -159.337890319 22.0454130486, -159.342024957 22.047686698, -159.343772415 22.0487889208, -159.344240126 22.0489498606, -159.345421625 22.0488361999, -159.346529231 22.0485391537, -159.347809282 22.0480816887, -159.349064761 22.0473484074, -159.349606538 22.0468674548, -159.351157543 22.0446442538, -159.351575978 22.0441857468, -159.351994369 22.0438878758, -159.352732817 22.043819497, -159.354751185 22.0438664287, -159.355120517 22.0439812617, -159.356548093 22.0448534713, -159.356966354 22.0450140637, -159.357532487 22.0450605179, -159.358197346 22.0448772627, -159.358615607 22.0446253248, -159.359206531 22.0440752988, -159.359624748 22.0432270544, -159.360215845 22.0410946778, -159.360307885 22.0409947796, -159.360363543 22.0409342589, -159.360560344 22.0415077291, -159.360586523 22.0415258332))
POLYGON ((-159.353438573 22.1012514369, -159.353537342 22.1008158965, -159.353832695 22.10033464, -159.354374516 22.1003580842, -159.354571664 22.1002665651, -159.354743804 22.1002895317, -159.35479295 22.100656346, -159.355113137 22.1009773573, -159.35572885 22.1008633492, -159.356048863 22.1010467346, -159.356418195 22.1008864895, -159.356615169 22.1012306411, -159.356713722 22.1016205956, -159.356615169 22.1017121146, -159.354965265 22.1018256017, -159.354768291 22.1017109424, -159.354349856 22.1011374288, -159.354177368 22.1011602652, -159.353955733 22.1013205103, -159.353438573 22.1012514369))
POLYGON ((-159.366341847 22.0947038304, -159.366194323 22.094382819, -159.366268085 22.0937866861, -159.36646506 22.0936034744, -159.366908284 22.0934889453, -159.367154578 22.0936495378, -159.367203854 22.0940852519, -159.367499251 22.0940855992, -159.367720842 22.0939939065, -159.368311765 22.0940401436, -159.368508913 22.0938109986, -159.369395232 22.0935823312, -159.369715419 22.0936054715, -159.369789355 22.0936741976, -159.369666099 22.0942701568, -159.368951964 22.0947742497, -159.36841036 22.0948426285, -159.36811479 22.0949571141, -159.3678932 22.0949340173, -159.367302233 22.0946584182, -159.366341847 22.0947038304))
POLYGON ((-159.349403529 22.0824270356, -159.350314334 22.0825653127, -159.350437373 22.0827029386, -159.350535751 22.083115686, -159.350634174 22.0832075524, -159.351446861 22.0831622705, -159.35211172 22.0829334728, -159.352727129 22.0829108101, -159.353022829 22.0831173792, -159.35233318 22.0835753652, -159.351717598 22.0836439177, -159.351594386 22.0838271295, -159.351151334 22.0841934228, -159.350683276 22.0842390086, -159.350240572 22.0839637568, -159.349920212 22.0836196052, -159.349526567 22.0829545726, -159.349403529 22.0824270356))
POLYGON ((-159.398887942 22.0638084652, -159.398908564 22.0638034291, -159.400635747 22.0633955875, -159.401571169 22.0631893658, -159.401964944 22.0635105942, -159.401964944 22.0635793203, -159.402186579 22.0636939796, -159.403343591 22.0635107678, -159.404082039 22.063212506, -159.404475814 22.0629144613, -159.404672788 22.0629372542, -159.40477121 22.063006154, -159.40477121 22.0633729683, -159.404156149 22.0640381312, -159.403638988 22.0642674498, -159.40294999 22.0643591425, -159.40292533 22.0649552754, -159.40267908 22.0652075606, -159.402679253 22.0653222633, -159.403467151 22.0657810742, -159.404501299 22.0666294923, -159.404648997 22.0669277107, -159.404575061 22.0670881296, -159.403491941 22.0668586373, -159.403221378 22.0670421964, -159.40248293 22.0678218883, -159.402187404 22.0679593406, -159.401768969 22.0680052738, -159.401448782 22.0669962632, -159.400759481 22.0669273634, -159.400291596 22.0664685525, -159.400291422 22.0657347937, -159.400217486 22.0654597156, -159.399995852 22.0653220897, -159.399479039 22.0653906421, -159.398986538 22.0648173022, -159.398887942 22.0638084652))
POLYGON ((-159.402354552 22.0421369009, -159.401936117 22.0419075823, -159.401862181 22.0412883092, -159.402674217 22.0406460694, -159.402895851 22.040462684, -159.403387875 22.0402791249, -159.403855586 22.0404854769, -159.404446335 22.0410130574, -159.405111194 22.0411277167, -159.405209746 22.0412651689, -159.40520992 22.0422285936, -159.404717376 22.0422285936, -159.404594164 22.0417469464, -159.404225048 22.0414489017, -159.403658742 22.0412653426, -159.403363736 22.0412653426, -159.403166588 22.0414489017, -159.402822089 22.0420911414, -159.402354552 22.0421369009))
POLYGON ((-159.402558559 22.019258136, -159.402743812 22.019223621, -159.40289164 22.0191089617, -159.403088441 22.0192923471, -159.403088441 22.0196135321, -159.402867154 22.019751158, -159.402128706 22.019865991, -159.401759591 22.0202789121, -159.401390606 22.0203478119, -159.401169015 22.0200036603, -159.40107042 22.0196824319, -159.400898452 22.0196826056, -159.400578222 22.0200955267, -159.399938544 22.0201414599, -159.399544595 22.019774472, -159.399520109 22.0195910865, -159.399372411 22.0195681199, -159.399027912 22.0198204051, -159.39838806 22.0197746456, -159.398117324 22.0198893049, -159.398117324 22.0205317183, -159.398019075 22.0207152774, -159.397699236 22.0208529033, -159.397551364 22.0205546849, -159.397551364 22.0198205788, -159.396763814 22.0194077011, -159.396148405 22.0192699015, -159.396074816 22.0193849082, -159.396443932 22.0198435454, -159.396419315 22.0202334565, -159.396222515 22.0202564231, -159.395730317 22.0198435454, -159.395114735 22.0194993938, -159.395016356 22.0188801207, -159.394425607 22.0183066505, -159.394400947 22.0181229177, -159.395631418 22.0170218671, -159.395917567 22.016990695, -159.396049679 22.0169759339, -159.396566493 22.0171596667, -159.396886505 22.0171826333, -159.397009544 22.0168614483, -159.396468114 22.0165403935, -159.396468114 22.0163338678, -159.396861542 22.0154621358, -159.39700924 22.0153474765, -159.397575156 22.0153015433, -159.397698368 22.0156687049, -159.39782145 22.0157831906, -159.398092186 22.0158059835, -159.399199402 22.0153703129, -159.399642323 22.0150718774, -159.400011308 22.0144754406, -159.400946383 22.0144065408, -159.401536958 22.0141770485, -159.401832355 22.0138788301, -159.402324508 22.0136494681, -159.402792219 22.0139014494, -159.402767603 22.0141311154, -159.402029155 22.0144750933, -159.401758592 22.014681619, -159.401118871 22.0147962783, -159.400725096 22.0151864065, -159.400749756 22.0154846248, -159.402374002 22.0154386917, -159.402447894 22.0155763176, -159.402349342 22.0157369101, -159.40094673 22.0161040282, -159.399962509 22.0161499614, -159.399814985 22.0163105539, -159.399814985 22.0165400896, -159.399888747 22.0166089894, -159.399913407 22.0168612746, -159.398239841 22.0168612746, -159.397034377 22.017595511, -159.39705869 22.0178477962, -159.39730494 22.0181688509, -159.397698542 22.0183294434, -159.39863379 22.0183294434, -159.398953846 22.0186274881, -159.399249373 22.018558762, -159.399593698 22.01826037, -159.399888921 22.0181685036, -159.400011959 22.0182374034, -159.399987647 22.019338454, -159.400086242 22.0194992202, -159.400381248 22.019430494, -159.400725747 22.0189026097, -159.401021317 22.0189026097, -159.401537957 22.0195216658, -159.401808867 22.0195216658, -159.402251788 22.0193154874, -159.402558559 22.019258136))
POLYGON ((-159.364403102 22.0062833131, -159.364919612 22.0067191574, -159.364870509 22.0070403424, -159.36482106 22.0077283416, -159.364697978 22.0082098152, -159.364550497 22.008485067, -159.364304203 22.0085539668, -159.364132235 22.008393027, -159.364107576 22.0076135087, -159.364009327 22.0072460432, -159.364009154 22.0068105462, -159.364107576 22.0065582176, -159.364403102 22.0062833131))
POLYGON ((-159.461142519 21.9726758928, -159.46117825 21.9726051696, -159.462297361 21.9703805793, -159.462592237 21.9701282941, -159.463010671 21.9700820136, -159.463059948 21.9705179013, -159.463429454 21.9713438304, -159.463405141 21.9719634508, -159.463061293 21.9728584534, -159.462987878 21.9734093043, -159.463210164 21.9744186622, -159.463579323 21.9748540289, -159.4635798 21.9754278464, -159.46382592 21.9756571651, -159.463801261 21.9757718244, -159.463432276 21.9759327642, -159.463432449 21.9761392899, -159.463752636 21.9765062778, -159.464121621 21.9765061041, -159.464982933 21.9766889686, -159.465057043 21.9772624822, -159.464712717 21.9774694855, -159.464516221 21.9777907139, -159.464196555 21.9780202061, -159.464122793 21.9781580057, -159.463679742 21.978135343, -159.463089296 21.9779521312, -159.462916808 21.9776996724, -159.462818082 21.9771262022, -159.462301225 21.9765986217, -159.461759274 21.9756585109, -159.460922231 21.9749016119, -159.460430207 21.974328489, -159.460429904 21.9740988231, -159.461142519 21.9726758928))
POLYGON ((-159.429889414 21.9695246504, -159.429675507 21.969340744, -159.428814716 21.9691803252, -159.428273069 21.9686529184, -159.428273069 21.9683087668, -159.428494182 21.967918682, -159.42910907 21.967482447, -159.429502672 21.9671151552, -159.430289571 21.9667247231, -159.430289397 21.9662887051, -159.43053517 21.9660592128, -159.431027367 21.9658984467, -159.43105181 21.9657606471, -159.430534996 21.9652790433, -159.430608759 21.965049551, -159.43097757 21.9646822592, -159.431543356 21.9649803039, -159.432085133 21.965485048, -159.432577156 21.9657599959, -159.432872726 21.9668613504, -159.432996242 21.9683528331, -159.432676924 21.9690414836, -159.432357042 21.9693628423, -159.432209517 21.9692480093, -159.432406014 21.9683759734, -159.43238118 21.968192588, -159.432258142 21.9681007216, -159.431741676 21.9680321691, -159.431741502 21.9676189441, -159.431864541 21.9673894084, -159.431839707 21.9671372969, -159.431691879 21.9670454305, -159.431470592 21.9671374705, -159.43088032 21.9678259474, -159.430609757 21.967848914, -159.430216156 21.9674132433, -159.429920759 21.9674362099, -159.429010822 21.9680791009, -159.428986336 21.9684002859, -159.429207796 21.9686757113, -159.429896794 21.9689736258, -159.430142871 21.969225911, -159.430118602 21.9694554033, -159.429995694 21.9696161695, -159.429889414 21.9695246504))
POLYGON ((-159.4678871 21.9413728598, -159.468994185 21.9413721652, -159.469092607 21.9414408913, -159.46985502 21.9415552467, -159.469953746 21.941669906, -159.469978406 21.9419453315, -159.470126061 21.9421976167, -159.470126234 21.9424500755, -159.469536006 21.942633982, -159.469437931 21.9427717815, -159.469437931 21.9430012738, -159.469832054 21.9436894467, -159.469832227 21.944125291, -159.469561621 21.9441254647, -159.469315718 21.9439422095, -159.469094431 21.9439650458, -159.46892229 21.944539037, -159.468725793 21.9448374291, -159.468923115 21.945709465, -159.467914756 21.9455953267, -159.467496494 21.945779016, -159.467471531 21.9449530869, -159.467815509 21.9441497771, -159.467642499 21.9434614305, -159.467690647 21.9415796894, -159.4678871 21.9413728598))
POLYGON ((-159.471253117 21.935702499, -159.471671205 21.9355646994, -159.471942289 21.9361381696, -159.472213025 21.9364362144, -159.472508552 21.9373770198, -159.472508725 21.9376294787, -159.472090812 21.937629826, -159.471721653 21.9373775408, -159.471278775 21.9372859783, -159.470983553 21.9370796263, -159.470639227 21.9370568334, -159.470540632 21.9368275148, -159.470540328 21.9363686605, -159.471253117 21.935702499))
POLYGON ((-159.455399916 21.9106974356, -159.456654178 21.9109953067, -159.456949575 21.9111786922, -159.456949705 21.9115000508, -159.455992185 21.9140248566, -159.456017843 21.9160905041, -159.455526297 21.9167104285, -159.455526471 21.9169628874, -159.455846353 21.917192206, -159.456239781 21.9171459689, -159.45722296 21.9167553631, -159.45746908 21.916892989, -159.457543146 21.9170995147, -159.45749387 21.9174206997, -159.45727293 21.9177192654, -159.45525708 21.9195103124, -159.454913276 21.9199468514, -159.454913406 21.9200615107, -159.455405429 21.920382522, -159.455651376 21.9203594252, -159.456659041 21.9193718616, -159.457789614 21.9185222713, -159.457961928 21.9185450643, -159.458183215 21.9188432827, -159.458281941 21.919279127, -159.458577337 21.9195545958, -159.459044701 21.9198067074, -159.45931509 21.9197837408, -159.45978215 21.9192097496, -159.460003741 21.9194161016, -159.460422002 21.9201961409, -159.460152134 21.9212978428, -159.459955637 21.9214814019, -159.459365408 21.9216425153, -159.458258497 21.9212530818, -159.456930602 21.9213456428, -159.455134866 21.9206810877, -159.454839687 21.9206582948, -159.454249763 21.9213469453, -159.454028953 21.9219209365, -159.453709461 21.922471961, -159.452209947 21.9234593509, -159.451570703 21.9240105492, -159.451054237 21.9240794489, -159.449184912 21.9237133293, -159.448274801 21.9231629994, -159.447660043 21.9233240694, -159.446823738 21.9231636506, -159.445888967 21.922590354, -159.445347841 21.9221088805, -159.445126381 21.9218106621, -159.444904747 21.9213057443, -159.444412593 21.9207322307, -159.444412246 21.9201354466, -159.444633185 21.9191026445, -159.445075238 21.9183450508, -159.445468362 21.917449701, -159.445566436 21.9169219903, -159.446401787 21.91533799, -159.446843839 21.9139836122, -159.447556108 21.9123538524, -159.447703632 21.9121701196, -159.448121589 21.9117107877, -159.448293383 21.9114125694, -159.448219317 21.9104715902, -159.448292732 21.9100583652, -159.448489359 21.9096451402, -159.448513671 21.9091174295, -159.44883338 21.9089794563, -159.449743144 21.9089100789, -159.450161058 21.9089788051, -159.450554659 21.9091393976, -159.452522753 21.9106989118, -159.452768656 21.9107906479, -159.455399916 21.9106974356))
POLYGON ((-159.470677606 21.9208326499, -159.471612203 21.921038698, -159.471588238 21.9219107339, -159.471416228 21.9220713264, -159.470776506 21.9218881146, -159.469915715 21.9217739329, -159.46976832 21.9216822402, -159.469816945 21.9212921554, -159.470284179 21.9209017233, -159.470677606 21.9208326499))
POLYGON ((-159.497214528 21.9219839752, -159.496870203 21.9219154227, -159.496599293 21.921617378, -159.496574503 21.9214566118, -159.497040868 21.9205154591, -159.497213052 21.9204004959, -159.497618549 21.920106619, -159.498036637 21.9200150999, -159.498430108 21.9201302368, -159.498675838 21.9203139695, -159.498773739 21.9208418539, -159.498502698 21.9212777416, -159.498330167 21.9218282452, -159.49805943 21.9219656974, -159.497214528 21.9219839752))
POLYGON ((-159.495977892 21.9137692284, -159.495854984 21.9138151616, -159.494871458 21.9137242938, -159.494576279 21.9139306458, -159.49435547 21.9144360845, -159.494355643 21.9148259956, -159.494651344 21.9151012908, -159.49536448 21.9153532287, -159.496003855 21.9154444439, -159.496176343 21.9156050364, -159.496201003 21.9159262214, -159.496102581 21.9159723282, -159.495045162 21.9158583201, -159.494257916 21.9154917229, -159.493273392 21.9145284719, -159.493027098 21.9141388647, -159.492805333 21.9135650471, -159.492780673 21.9132438621, -159.493272046 21.9128763966, -159.493837484 21.9123709579, -159.494526482 21.9129439506, -159.49568267 21.9133791436, -159.495928747 21.9135856693, -159.495977892 21.9137692284))
POLYGON ((-159.488128571 21.9079002001, -159.488595761 21.9080376957, -159.488817395 21.9082898073, -159.489063645 21.908702685, -159.489580329 21.9088629736, -159.489924784 21.9093445774, -159.48975299 21.9095742433, -159.489433282 21.9096203502, -159.488572143 21.9091849834, -159.488350856 21.9091392239, -159.488154533 21.9093918564, -159.488129917 21.9095754155, -159.487957906 21.9096674556, -159.487637719 21.9091397449, -159.487514334 21.9087496167, -159.487219111 21.9082680129, -159.487218937 21.9081530062, -159.487415608 21.9080383469, -159.488128571 21.9079002001))
POLYGON ((-159.488022768 21.8982616981, -159.48814585 21.8982385579, -159.488166602 21.8982041731, -159.488244229 21.898077618, -159.48824323 21.8967696944, -159.488857771 21.8967692168, -159.489620053 21.8965851368, -159.489743265 21.8970899243, -159.489620531 21.8973883163, -159.489719127 21.8979619602, -159.489695465 21.8989028959, -159.489597087 21.8989717957, -159.489105411 21.8990179025, -159.488982329 21.8991329091, -159.48895819 21.8995918937, -159.489056959 21.8998443526, -159.488958711 21.9002344373, -159.488196776 21.9004644506, -159.488295372 21.9010153015, -159.488148194 21.9013136936, -159.488124055 21.9018873809, -159.487780034 21.9021861202, -159.487780208 21.9023467127, -159.487977356 21.9026678977, -159.48795287 21.9030350159, -159.487534782 21.9031270559, -159.487460846 21.9029436705, -159.486993309 21.9025538896, -159.486943859 21.9022093907, -159.487410745 21.9014516668, -159.487336462 21.9011076889, -159.487090211 21.9006259114, -159.487040935 21.9002817164, -159.487310977 21.899891458, -159.487482467 21.8991798409, -159.488022768 21.8982616981))
POLYGON ((-159.388441919 21.9436262343, -159.389056981 21.943511575, -159.389745631 21.9434656418, -159.390680228 21.9436493746, -159.391246014 21.9436493746, -159.393312139 21.9432363232, -159.394541785 21.9432131829, -159.39493556 21.9432820827, -159.391614956 21.9439477666, -159.389032495 21.9441083591, -159.388122557 21.9443606443, -159.386572768 21.9449342882, -159.384900244 21.94532459, -159.383227547 21.9455311157, -159.380571324 21.9458063675, -159.375406054 21.9459206795, -159.375283016 21.9459894056, -159.375110658 21.9467469993, -159.374889371 21.947045044, -159.374274309 21.9474353025, -159.374274309 21.9476188616, -159.375159934 21.9478483538, -159.37520908 21.9480087727, -159.375110658 21.9483761079, -159.374422007 21.94931687, -159.373929984 21.9495922954, -159.372700208 21.9498905138, -159.372085146 21.950165809, -159.371421112 21.9501424951, -159.370609423 21.9498209628, -159.370240438 21.9495225708, -159.36979756 21.9487651942, -159.369010314 21.9477781082, -159.369108736 21.9474797161, -159.368666162 21.9471124243, -159.368075717 21.9468827584, -159.366796838 21.9466298219, -159.365345601 21.9465604012, -159.364533869 21.9467436129, -159.363427131 21.9467892422, -159.362984253 21.9469954206, -159.362642272 21.9466209218, -159.362418467 21.9463756699, -159.364165057 21.9456648777, -159.364730539 21.9455961516, -159.368371113 21.9460338627, -159.36979756 21.9463555253, -159.371125759 21.9469068972, -159.372503407 21.9468155518, -159.373413518 21.9466090261, -159.374151271 21.9462419079, -159.375602508 21.945117196, -159.376143634 21.9450255033, -159.376832631 21.9450714365, -159.377594914 21.9452783095, -159.379070941 21.9452095834, -159.380767777 21.9453014498, -159.384974007 21.9448424652, -159.386326648 21.9444984439, -159.388322744 21.9437717183, -159.388343671 21.9437640339, -159.388441919 21.9436262343))
POLYGON ((-159.375381395 21.9894261372, -159.374987793 21.9897473222, -159.374372731 21.9897473222, -159.37397913 21.9895176563, -159.373757496 21.9891047786, -159.373782286 21.9887835502, -159.373905368 21.9885310913, -159.374421834 21.9882330466, -159.374815609 21.9882560132, -159.37520908 21.9884393986, -159.375381395 21.9886918575, -159.375381395 21.9894261372))
POLYGON ((-159.353755763 21.9786590595, -159.354124575 21.9787970327, -159.35444424 21.9790954248, -159.354763949 21.9797379684, -159.354739637 21.9801968227, -159.35289393 21.9805860826, -159.352623541 21.9805860826, -159.352549778 21.9805171828, -159.352549778 21.9801270546, -159.352918894 21.9789571042, -159.353189804 21.978704819, -159.353755763 21.9786590595))
POLYGON ((-158.102326046 21.5969282672, -158.102056134 21.5967217415, -158.101492042 21.5956661031, -158.101467555 21.5952758447, -158.101712981 21.5949546597, -158.102154903 21.5946795381, -158.102449084 21.594633605, -158.102694336 21.5948401306, -158.103013177 21.5953221252, -158.103037837 21.5955745841, -158.102375322 21.5960563616, -158.102277117 21.5962399206, -158.102326046 21.5969282672))
POLYGON ((-158.025209174 21.5287706242, -158.025626263 21.5282430871, -158.025700199 21.5279217285, -158.02597011 21.5275319476, -158.026558819 21.5272798361, -158.02719637 21.5272343805, -158.027466412 21.5271428614, -158.027810086 21.5267071908, -158.028668577 21.5264780024, -158.028913829 21.526615802, -158.02901173 21.5268684345, -158.029060311 21.5271665226, -158.028986592 21.5273502554, -158.028422456 21.5277399928, -158.02753935 21.5279001078, -158.026582958 21.5278078941, -158.02631309 21.5279222061, -158.025772962 21.5287020717, -158.025429983 21.5288165573, -158.025209174 21.5287706242))
POLYGON ((-158.040110543 21.4888887182, -158.041385598 21.4888893738, -158.04241506 21.4890506566, -158.042905562 21.4892804548, -158.043125331 21.4901982918, -158.043297172 21.4904507548, -158.043248065 21.4906113446, -158.042781658 21.4909093902, -158.042781658 21.4911159575, -158.043124683 21.4912996963, -158.043516763 21.4919422343, -158.043712564 21.4923326671, -158.044153795 21.4926999584, -158.044570535 21.4925625101, -158.045502089 21.4928382412, -158.045575678 21.4929071367, -158.046703391 21.4930915684, -158.046972953 21.493229188, -158.047438316 21.4938947037, -158.048174076 21.4937344566, -158.048982941 21.4940107092, -158.049669072 21.4945387617, -158.049865395 21.4948141873, -158.050036542 21.4952500761, -158.049839914 21.4965351671, -158.049765497 21.4965809211, -158.049733281 21.4968494922, -158.049707972 21.497232236, -158.048505157 21.4978512973, -158.048382469 21.4978512973, -158.047869347 21.4972771257, -158.047648706 21.4971622974, -158.046643391 21.4971619919, -158.045931943 21.4974828288, -158.045613408 21.4974367246, -158.045295089 21.4971383289, -158.04527095 21.4968486652, -158.045272425 21.4958671331, -158.045075975 21.4956604391, -158.044560328 21.4957060218, -158.043359034 21.496210292, -158.043089122 21.4964625761, -158.0429416 21.4968481436, -158.042868182 21.496999532, -158.042450748 21.4973894432, -158.04213208 21.4975269362, -158.041788928 21.497480832, -158.041543849 21.4973430336, -158.041274108 21.4970446378, -158.041176386 21.4968479723, -158.041004896 21.4963926747, -158.040808916 21.4962547049, -158.03999988 21.4960936308, -158.039853044 21.4958411753, -158.039853223 21.4956575707, -158.039730661 21.4955655783, -158.039436132 21.4957033768, -158.038969941 21.4963455722, -158.038748831 21.4968473166, -158.038699858 21.496951431, -158.037619948 21.4982590079, -158.037398659 21.498694852, -158.036465585 21.4997038618, -158.035999045 21.5000708476, -158.03516452 21.500322789, -158.034943275 21.5006897748, -158.034818195 21.5015847757, -158.034498662 21.5017909557, -158.034179822 21.5018825158, -158.034031995 21.5020892173, -158.033907913 21.5024561584, -158.033565931 21.5022037029, -158.033591762 21.5019053072, -158.03369014 21.5017448515, -158.033666 21.5015840828, -158.033250131 21.5011018291, -158.03268569 21.5011933446, -158.032736309 21.5004592389, -158.032662854 21.5003903434, -158.032762103 21.4997709394, -158.032615095 21.4997020364, -158.030652389 21.4995860308, -158.03050486 21.4998155236, -158.030429929 21.5007102191, -158.029717967 21.5011458918, -158.029472232 21.5015358031, -158.029445753 21.5026833117, -158.02917549 21.5030271113, -158.028487839 21.5036004558, -158.027948536 21.5036460385, -158.027678318 21.5037836656, -158.02753149 21.5037834942, -158.027114704 21.5034620017, -158.026624374 21.5035075918, -158.026526473 21.5035763159, -158.026476376 21.5042188615, -158.026353464 21.5046775416, -158.025347844 21.5050902441, -158.024832852 21.5050898939, -158.024538971 21.504906036, -158.025372982 21.5046312585, -158.02574075 21.5044021159, -158.025887966 21.5041038543, -158.025864132 21.5035300329, -158.025962554 21.5033466518, -158.026428744 21.5030484274, -158.026894942 21.5029340759, -158.027777396 21.5031181574, -158.028243586 21.502980873, -158.028562948 21.5027515143, -158.028784059 21.5024075359, -158.028932109 21.5018798262, -158.02895759 21.5010535046, -158.029129729 21.500824362, -158.02964507 21.5007328391, -158.029890627 21.5005724207, -158.030013531 21.500343062, -158.030088641 21.4993104339, -158.030284747 21.4991959482, -158.03084936 21.4990814179, -158.032640405 21.4990136921, -158.033253476 21.499220565, -158.033523209 21.4994958118, -158.033693835 21.4998861179, -158.033716798 21.5006664619, -158.034035809 21.5007353574, -158.034404799 21.499978289, -158.0349942 21.4994737133, -158.035730302 21.4992217347, -158.036172055 21.4990155548, -158.036442272 21.498740308, -158.037326246 21.4974556938, -158.037915125 21.4968471453, -158.038037859 21.4966892451, -158.038136758 21.4961156026, -158.039314263 21.494854264, -158.039731354 21.4945330769, -158.040148094 21.4943496883, -158.040736504 21.4942812696, -158.040957265 21.4943731353, -158.041128583 21.4947863594, -158.040760465 21.4951303825, -158.040735804 21.4954056367, -158.041250452 21.4954978451, -158.041471086 21.4956126809, -158.041863166 21.4960029423, -158.042108595 21.496025905, -158.042623758 21.4957050234, -158.043138571 21.4951319024, -158.044512056 21.4946276322, -158.045029692 21.4945361167, -158.046378516 21.4960510433, -158.047066167 21.4962810576, -158.047140755 21.4962122887, -158.047119476 21.4958449975, -158.047021575 21.4956386462, -158.0462863 21.494857952, -158.046016909 21.4944448993, -158.045894563 21.4939399809, -158.045281671 21.4937332869, -158.044739202 21.4934347197, -158.044416972 21.4934112281, -158.044021681 21.4935716912, -158.043335199 21.4936172813, -158.043016359 21.4935024455, -158.042428128 21.4929975271, -158.042257287 21.4921024814, -158.042036697 21.4918956086, -158.041546367 21.4919642061, -158.041374527 21.4918036088, -158.041375183 21.4911608547, -158.041130103 21.490839839, -158.041179553 21.4905414507, -158.041767955 21.4905190021, -158.041890517 21.4904501066, -158.042062357 21.4901060835, -158.042086974 21.4898534492, -158.041106313 21.489669539, -158.041032724 21.4901511893, -158.040567011 21.4905411005, -158.04032176 21.4906098247, -158.0398807 21.4904490635, -158.038704194 21.4905858636, -158.038606293 21.4900351837, -158.038508393 21.4899205267, -158.037650943 21.4898509309, -158.037553042 21.4903329238, -158.037993446 21.4910675064, -158.037993103 21.4915033504, -158.037772462 21.4919851273, -158.037576534 21.4921686873, -158.035397053 21.4922362864, -158.034270167 21.4924189746, -158.033731557 21.4923269823, -158.033829808 21.4918681309, -158.03365849 21.4916614294, -158.033732556 21.4912944809, -158.033658966 21.4911796525, -158.032654472 21.4914542511, -158.032310843 21.4918900952, -158.031795852 21.4920734838, -158.031281382 21.4920959696, -158.030350305 21.491843164, -158.029541783 21.491521284, -158.029626273 21.4914607629, -158.029958524 21.4912232384, -158.030351132 21.4912235886, -158.031086408 21.4915680438, -158.031527638 21.4915224537, -158.031429909 21.4912012741, -158.031430215 21.490811184, -158.031699948 21.4906965271, -158.032459714 21.490834631, -158.033023804 21.4907890409, -158.034274377 21.4904457182, -158.034396768 21.4905833453, -158.034273855 21.4910882637, -158.034249067 21.4916616008, -158.034371629 21.4918455109, -158.034592047 21.4919603392, -158.03598997 21.4915940464, -158.037043914 21.4916634709, -158.037436515 21.4915489405, -158.037436865 21.4910671636, -158.036971502 21.4902636781, -158.036972024 21.4895523638, -158.037070222 21.4893917739, -158.037364453 21.4891854227, -158.038957998 21.4895076007, -158.039472684 21.489760235, -158.03976687 21.4897146523, -158.039889731 21.4890493155, -158.040110543 21.4888887182), (-158.048516579 21.4949509874, -158.048295982 21.4951345474, -158.048295461 21.4960753545, -158.048515923 21.4960755259, -158.048761174 21.4958230704, -158.04885938 21.4955935329, -158.04885973 21.4951578602, -158.048614822 21.4949511662, -158.048516579 21.4949509874))
POLYGON ((-158.026779932 21.4459932898, -158.026926111 21.4469802021, -158.027097471 21.447553846, -158.027023535 21.4480359708, -158.026827211 21.4482423228, -158.026434956 21.4484026114, -158.026141253 21.4481271859, -158.025284108 21.4466809418, -158.025235483 21.4463136499, -158.025947144 21.4450060736, -158.026118937 21.4449603141, -158.02663345 21.4453277796, -158.026779932 21.4459932898))
POLYGON ((-158.159038858 21.4405413938, -158.158891811 21.4405184273, -158.158671045 21.4403119016, -158.158646559 21.4400825395, -158.15918534 21.4387972786, -158.15955298 21.4385907529, -158.160190183 21.4384299868, -158.160386159 21.4379939688, -158.162886131 21.4366853505, -158.163351845 21.4365016612, -158.163964563 21.4365016612, -158.16472411 21.4368915723, -158.165508665 21.4367767393, -158.165827158 21.4368913986, -158.165974378 21.4370749577, -158.165974509 21.4372585168, -158.164406094 21.4385897544, -158.163989353 21.4387734871, -158.163499196 21.4388195505, -158.163156043 21.4387277276, -158.161979537 21.438888624, -158.161146227 21.4390721831, -158.16072979 21.4392788824, -158.160190531 21.4398527434, -158.159406454 21.4404035943, -158.159038858 21.4405413938))
POLYGON ((-157.84148272 21.5088361418, -157.842022543 21.50853788, -157.844376337 21.5078272615, -157.844695177 21.5078274352, -157.844915769 21.5079193015, -157.845528357 21.5093417108, -157.846606745 21.5118432027, -157.846435081 21.5120497283, -157.846116414 21.5122559501, -157.84582206 21.5126691751, -157.845601251 21.5132884049, -157.845454247 21.5134720074, -157.84457114 21.5138619185, -157.843933763 21.5141829298, -157.843222624 21.5141138564, -157.842634219 21.513585972, -157.842560456 21.513402413, -157.842536318 21.5118420305, -157.842413974 21.5114978789, -157.842046161 21.5109929611, -157.841335369 21.5101896513, -157.841114777 21.5098453261, -157.84109029 21.5093407123, -157.84148272 21.5088361418))
POLYGON ((-157.848495519 21.5074152087, -157.850113904 21.5076220817, -157.851070296 21.5078056408, -157.851388789 21.5080123401, -157.851486864 21.5083336988, -157.851388615 21.5087006867, -157.850849356 21.5097559344, -157.850432267 21.5100314033, -157.849647713 21.5101460626, -157.849329046 21.5103064814, -157.849108063 21.5105819069, -157.848151715 21.5109716443, -157.847121908 21.511613884, -157.846851997 21.5115681245, -157.845381657 21.5081028606, -157.845406143 21.5077816756, -157.846043651 21.5076212568, -157.84763755 21.507415035, -157.848495519 21.5074152087))
POLYGON ((-157.959378407 21.4401732337, -157.959378407 21.4401045076, -157.960064539 21.4395305164, -157.960162093 21.4390944984, -157.959843426 21.4387275539, -157.959279464 21.4386819246, -157.959181433 21.4384983656, -157.958887382 21.4382688733, -157.959254327 21.4374887037, -157.959548551 21.4371903117, -157.959768969 21.4371212382, -157.960283959 21.4374883564, -157.960283959 21.4376717418, -157.960798949 21.4381993223, -157.961019889 21.4387499995, -157.960995403 21.4390941511, -157.960554696 21.4395989386, -157.960407692 21.4400580968, -157.960089156 21.4404024221, -157.959795322 21.4403796291, -157.959378407 21.4401732337))
POLYGON ((-157.75434933 21.4332544714, -157.754912598 21.4333696517, -157.755427067 21.4335994913, -157.755549628 21.4337372908, -157.755475865 21.4340355092, -157.755156678 21.4344713969, -157.755033943 21.4347235085, -157.753414559 21.4371772437, -157.753242766 21.4372689364, -157.753046964 21.4371541035, -157.753022477 21.4369016446, -157.752851292 21.4366260455, -157.75187163 21.43616654, -157.751847144 21.4358912882, -157.752264059 21.4354327812, -157.752387141 21.4348361707, -157.752608384 21.4342856237, -157.752902782 21.4338957126, -157.7533688 21.433529072, -157.753809854 21.4333228936, -157.75434933 21.4332544714))
POLYGON ((-157.736961882 21.4319579659, -157.737599086 21.4322786734, -157.738113728 21.432278326, -157.738432091 21.432186286, -157.739289714 21.4321169087, -157.739558931 21.4315663616, -157.739632389 21.4312446991, -157.739828495 21.4311299964, -157.740734916 21.4310379997, -157.74102914 21.4308540933, -157.74117584 21.4306475676, -157.741371946 21.4305553539, -157.741567921 21.4306011135, -157.741788557 21.4308078128, -157.74205912 21.4321383557, -157.742084084 21.432689033, -157.741888108 21.4327805955, -157.74066302 21.4330799861, -157.739927916 21.4330803334, -157.739437238 21.4326675859, -157.739167674 21.4326907262, -157.739217123 21.4328970782, -157.739535834 21.4334018657, -157.739560971 21.4340442357, -157.739120091 21.4344344941, -157.739022363 21.4351227973, -157.738655202 21.4355132294, -157.738336882 21.4361784357, -157.738091934 21.4364081016, -157.737871516 21.436408449, -157.737626437 21.4362478565, -157.737331866 21.4357432426, -157.737257973 21.435307572, -157.736988409 21.43507821, -157.736987888 21.4344586329, -157.737551676 21.4344125261, -157.737919098 21.4340452342, -157.737918795 21.4336092163, -157.737697681 21.4330815056, -157.737574947 21.4329440099, -157.737060651 21.4331507093, -157.736986889 21.4330819832, -157.736961882 21.4319579659))
POLYGON ((-157.747253391 21.4306437037, -157.748175701 21.430863471, -157.748666075 21.4307261924, -157.748886146 21.4310477247, -157.75013559 21.4315532937, -157.750821722 21.431462122, -157.751213804 21.4315770852, -157.751581269 21.4319675173, -157.75187532 21.4319908312, -157.752267445 21.4318763455, -157.752438935 21.4320371117, -157.752683492 21.4325187155, -157.752707805 21.4328172812, -157.752805706 21.4329321142, -157.752853983 21.4335058015, -157.751823526 21.4347897165, -157.751578447 21.4349271688, -157.751137567 21.4349268649, -157.748981573 21.4343057683, -157.747256213 21.434199792, -157.746471658 21.4341545535, -157.745810186 21.4339944385, -157.745049944 21.4336508079, -157.744044797 21.4330320558, -157.743530111 21.4328026937, -157.74306444 21.4327113484, -157.743015164 21.4325049963, -157.743699777 21.4305312151, -157.743919892 21.4296133763, -157.744238255 21.4295213797, -157.744875589 21.4295897585, -157.745390231 21.4298189034, -157.74597881 21.4304839361, -157.746787677 21.4305293483, -157.747253391 21.4306437037))
POLYGON ((-157.758911086 21.4288756233, -157.759499144 21.4291286032, -157.759792543 21.4295418282, -157.76028118 21.4314463623, -157.760305015 21.4322954316, -157.759225585 21.4334875237, -157.758441552 21.4337392879, -157.757803827 21.4340831356, -157.757411745 21.4340827883, -157.755403275 21.4327963551, -157.755575416 21.4322917413, -157.755746906 21.4321083559, -157.755968019 21.4316267086, -157.756458393 21.4312140046, -157.75665502 21.4307782905, -157.756385629 21.4305947315, -157.756140377 21.4307320534, -157.755993026 21.4309613721, -157.755551972 21.4310988243, -157.755478383 21.4310527175, -157.755626559 21.4296073416, -157.75577391 21.4294698893, -157.758371957 21.4289212092, -157.758911086 21.4288756233))
POLYGON ((-157.754842699 21.4296066904, -157.754965043 21.4296987304, -157.754939559 21.4306163522, -157.75486597 21.4308918211, -157.754766419 21.4325893085, -157.754422919 21.4327958342, -157.753393633 21.4330472945, -157.753148512 21.4329094949, -157.752757602 21.4318537263, -157.752709151 21.4311883463, -157.752807573 21.430958854, -157.753519016 21.4300187432, -157.754033659 21.4297208287, -157.754842699 21.4296066904))
POLYGON ((-157.75874867 21.3894335595, -157.759238479 21.3896402588, -157.759434108 21.3898239916, -157.759556148 21.3902829761, -157.759703368 21.3904895018, -157.759751776 21.3909714964, -157.760045653 21.3911552291, -157.760339356 21.3915454875, -157.760804549 21.3918210867, -157.761147225 21.3923721112, -157.761636904 21.3927855099, -157.76163673 21.3929920356, -157.760852523 21.3930143076, -157.760754622 21.3928993009, -157.760730483 21.3924864232, -157.760632582 21.3923258307, -157.760314219 21.3921880312, -157.759701849 21.3921414033, -157.759261446 21.3913840267, -157.758722838 21.3908789353, -157.757865694 21.3904422661, -157.75776814 21.3902129041, -157.758282956 21.3898003737, -157.758478932 21.3895479149, -157.75874867 21.3894335595))
POLYGON ((-157.750590059 21.3899551052, -157.751153631 21.3897488834, -157.75203626 21.3891530978, -157.752893708 21.3887865006, -157.753384082 21.38841986, -157.753678263 21.388328341, -157.755099152 21.3883061993, -157.755613665 21.3885821457, -157.755858222 21.3889494376, -157.755833432 21.3891557896, -157.755735531 21.3892706226, -157.755343232 21.3892701016, -157.754780312 21.3888568765, -157.754339431 21.3886730135, -157.753677915 21.3886952855, -157.753285486 21.3892228659, -157.752476967 21.3894746302, -157.752035739 21.3898414444, -157.750883762 21.3902077377, -157.750590059 21.3901384906, -157.750590059 21.3899551052))
POLYGON ((-157.978303531 21.4968392877, -157.978499507 21.4963824739, -157.97869583 21.4963130531, -157.979063643 21.4964050931, -157.97935765 21.4966572047, -157.980265243 21.4968384194, -157.98041242 21.4973123387, -157.980534808 21.4974268244, -157.981049146 21.4974954202, -157.98156444 21.4977015986, -157.981687001 21.4978851577, -157.980876311 21.4982757634, -157.981021795 21.4990328361, -157.980947555 21.4994688541, -157.980211452 21.4998594599, -157.979843465 21.4999055233, -157.97977005 21.4997219642, -157.979549458 21.4995615454, -157.978470679 21.4994475373, -157.978103214 21.4992411853, -157.978179017 21.4983922896, -157.978742936 21.4983458354, -157.978695005 21.4977723652, -157.978793558 21.4974510066, -157.978229943 21.4970384328, -157.978303531 21.4968392877))
POLYGON ((-157.763066821 21.3815663084, -157.7631649 21.3816353828, -157.763262801 21.3817730099, -157.763335563 21.3823236823, -157.762966581 21.3842738494, -157.762794435 21.3853981718, -157.762622423 21.3858109191, -157.762277581 21.387829937, -157.762276582 21.3891376853, -157.762741469 21.3900558278, -157.762716293 21.3907899335, -157.762470737 21.3916847631, -157.762494698 21.3922125176, -157.762690499 21.3926257417, -157.762763567 21.3929926902, -157.762861647 21.3931075186, -157.762910269 21.3933829442, -157.763081759 21.393612437, -157.763301529 21.3943468928, -157.763227284 21.3952645138, -157.762859128 21.3961134553, -157.762907401 21.3968934491, -157.763127342 21.3974443004, -157.763714924 21.3980871886, -157.763763726 21.3982020244, -157.764106356 21.3986841887, -157.764914222 21.3997858912, -157.765011951 21.4001761526, -157.765109681 21.4002680182, -157.765083849 21.4016904235, -157.765206061 21.4022412747, -157.765205584 21.4028607234, -157.765107334 21.4032278433, -157.764616832 21.4038241059, -157.764224708 21.4040303305, -157.762901366 21.404556863, -157.76135727 21.4049917087, -157.757950179 21.4064121246, -157.757092386 21.4065950289, -157.756749749 21.4065718949, -157.756627187 21.4065029919, -157.756651849 21.4063192606, -157.756823339 21.4061128646, -157.756847955 21.4058835432, -157.756407768 21.4053095505, -157.75606592 21.403886795, -157.755870812 21.4027623013, -157.755797401 21.4027163684, -157.755675361 21.4021886587, -157.755308546 21.4014770389, -157.753815413 21.3997090906, -157.750853896 21.3962192088, -157.750535049 21.3964713663, -157.74896881 21.394634515, -157.748602167 21.3936017156, -157.74845551 21.3935096711, -157.748185776 21.393486537, -157.747377083 21.3938070685, -157.747249834 21.3938402832, -157.746686608 21.3939555883, -157.746269822 21.39381814, -157.745926671 21.39358899, -157.747248657 21.3924178705, -157.748530924 21.3913070932, -157.748898908 21.3907339275, -157.749658979 21.3899770305, -157.750492156 21.3898862079, -157.750590056 21.3899551034, -157.750590056 21.390138492, -157.750883766 21.3902077377, -157.752035737 21.3898414448, -157.752476968 21.3894746304, -157.753285483 21.3892228678, -157.753677912 21.3886952847, -157.754339434 21.3886730149, -157.754780315 21.3888568729, -157.755343229 21.3892701045, -157.755735531 21.389270626, -157.755833432 21.3891557902, -157.75585822 21.3889494389, -157.755613662 21.3885821477, -157.755099155 21.3883062005, -157.755442649 21.3877330348, -157.755810462 21.3873203322, -157.756129481 21.386724025, -157.756448843 21.3857834339, -157.757307634 21.3842698112, -157.757896043 21.3837423995, -157.758950636 21.3823895901, -157.759416349 21.3820227757, -157.760028891 21.3818395585, -157.761155777 21.3818633556, -157.763066821 21.3815663084), (-157.758748673 21.3894335628, -157.758478932 21.3895479143, -157.758282959 21.3898003772, -157.757768139 21.3902129009, -157.757865697 21.3904422671, -157.758722842 21.3908789381, -157.759261444 21.3913840279, -157.759701848 21.3921414018, -157.760314219 21.3921880275, -157.760632582 21.3923258334, -157.760730483 21.3924864233, -157.760754623 21.3928993046, -157.760852523 21.3930143043, -157.761636727 21.3929920346, -157.761636905 21.3927855119, -157.761147223 21.392372109, -157.760804549 21.3918210864, -157.760339357 21.3915454894, -157.760045655 21.391155228, -157.759751774 21.3909714967, -157.759703368 21.3904895037, -157.759556144 21.3902829736, -157.759434111 21.3898239881, -157.759238482 21.3896402568, -157.758748673 21.3894335628), (-157.755537555 21.3916338384, -157.754139937 21.3925965652, -157.753772125 21.3930320665, -157.754996739 21.3933313265, -157.755878843 21.3934008777, -157.756221995 21.3933093548, -157.756124616 21.3926208764, -157.755537555 21.3916338384))
POLYGON ((-156.979578977 21.1650533692, -156.979554708 21.1647779437, -156.979847543 21.1644109992, -156.981216813 21.164272505, -156.981559314 21.1643180909, -156.9821462 21.1645930388, -156.982220136 21.1649142238, -156.982000021 21.1651894756, -156.981779907 21.1653271449, -156.981266436 21.1653965222, -156.980679551 21.1652361034, -156.979799439 21.1652367546, -156.979578977 21.1650533692))
POLYGON ((-156.940687634 21.0651985708, -156.940247752 21.0647399335, -156.940198824 21.064579341, -156.940492006 21.064372989, -156.940418591 21.0638683752, -156.940614046 21.0635929497, -156.940882612 21.063501257, -156.942006802 21.063500736, -156.942153459 21.0637530212, -156.942129146 21.0642346685, -156.942007106 21.0644639871, -156.941811825 21.0646247532, -156.941298528 21.0647625528, -156.940907575 21.0651983971, -156.940687634 21.0651985708))
POLYGON ((-157.043786063 21.1533361518, -157.043761924 21.1531528966, -157.04273546 21.1517759429, -157.04261342 21.1515006911, -157.047750687 21.1482920973, -157.048043913 21.1483839637, -157.04809219 21.1494392114, -157.048336096 21.1504257764, -157.048531204 21.1508384804, -157.049020058 21.1513665818, -157.050755621 21.1524684574, -157.050021167 21.1537525461, -157.047550543 21.1552192388, -157.047501397 21.1553109315, -157.047232528 21.1553568647, -157.046229552 21.1559526502, -157.045813982 21.1559982361, -157.043786063 21.1533361518))
